Date,Close,Volume,Log_Return_1d,Log_Return_7d,Log_Return_14d,Log_Return_30d,Log_Return_60d,Log_Return_90d,Log_Return_120d,RSI_14,MACD_Hist,ATR_14_Pct,BB_Width,Volatility_30d,Close_to_SMA20,Close_to_SMA50,Close_to_SMA200,Volume_Change_1d,Bullish_FVG,Bearish_FVG,Swing_High,Swing_Low,Last_Swing_High_Price,Last_Swing_Low_Price,Bullish_BOS,Bearish_BOS
2022-06-07,0.006940000224858522,47610,-0.015442098159358307,-0.16512361992849967,-0.35108297041492936,-1.0667954242299318,-1.181134690857089,-1.2726543213799586,-1.9187855378388252,11.459252258806771,0.0003603518430813019,0.10532432185425418,63.24710745796214,1.2698477388026428,-0.1964151106765928,-0.591250632055613,-0.8707711974614996,-0.1621203055154694,False,True,False,False,0.009002000093460083,0.007486999966204166,False,False
2022-06-08,0.006628999952226877,52102,-0.04584785086650778,-0.16138692666960885,-0.38622352498182183,-0.9362146723081184,-1.1928384800734466,-1.2918361702036605,-1.9648872246267477,10.792001744812978,0.00035860479574169974,0.10655949633483638,62.20717277858907,1.1648737930578907,-0.21201063863511443,-0.598174240363566,-0.8731082896439835,0.09434992648603235,False,True,False,False,0.009002000093460083,0.007486999966204166,False,False
2022-06-09,0.006676000077277422,46290,0.007065061322427978,-0.13383090447440707,-0.19124405455069846,-0.9359876444398217,-1.1758395721547448,-1.2705361405511222,-1.8885981252512622,11.629459818605525,0.00036825690019213174,0.09949261206226523,60.26917240650379,1.1649673828013578,-0.1863597015337677,-0.5829152670066591,-0.8685954150907369,-0.11155042032935392,False,True,False,False,0.009002000093460083,0.007486999966204166,False,False
2022-06-10,0.0065390001982450485,24542,-0.02073473847852364,-0.1316371073914263,-0.22939407409856172,-0.8631202582461186,-1.4984029388570252,-1.284817415965327,-1.884415308343579,11.296561647001454,0.00037196601051238875,0.09674660252626753,57.852156440357035,1.1433669969243823,-0.18283948700491454,-0.5799620135919682,-0.8676686757424645,-0.4698206956146036,False,False,False,False,0.009002000093460083,0.007486999966204166,False,False
2022-06-11,0.0061690001748502254,26223,-0.05824750032560536,-0.1684745392290451,-0.27627017299579226,-0.9023505547509165,-1.510773055572536,-1.3366548140684098,-1.9016646083055997,10.428335033530843,0.00035603841889344286,0.09975150402439499,55.82842407597851,1.1473364920228029,-0.20829054213730214,-0.5926896656638622,-0.8720489846553675,0.06849482519762051,False,True,False,False,0.009002000093460083,0.007486999966204166,False,False
2022-06-12,0.0060339998453855515,22726,-0.022126663457871107,-0.17151874842532788,-0.28328064477666703,-0.9458141778113852,-1.5304635917311984,-1.353572262943576,-1.8923439116578689,10.122633176623822,0.0003428235214855643,0.09755163610284276,52.51055746710252,1.132745437768884,-0.20407856912128286,-0.5899411344942241,-0.8716755757779623,-0.13335621401060138,False,True,False,False,0.009002000093460083,0.007486999966204166,False,False
2022-06-13,0.005861000157892704,33534,-0.029089850679154167,-0.18442364064459235,-0.3103709794218849,-0.9632511201163638,-1.5724899476446934,-1.40027227727579,-1.8984413638600162,9.72903938760058,0.00032879524060680336,0.09669419301924666,49.638536174152016,1.1305255724885654,-0.20596103974749688,-0.5899913311312538,-0.8727895079273765,0.4755786324034146,False,True,False,False,0.009002000093460083,0.007486999966204166,False,False
2022-06-14,0.005799000151455402,19794,-0.010634749422035388,-0.17961629190726938,-0.3447399118357691,-0.9758374550753558,-1.5822391496063233,-1.4014827793752735,-1.8870853342290905,9.585197001080587,0.0003213268818583379,0.09295224360034834,44.671783530602085,1.126598553217186,-0.19273333739994214,-0.582243730389252,-0.871198088536491,-0.409733404902487,False,True,False,False,0.009002000093460083,0.007486999966204166,False,False
2022-06-15,0.005791000090539455,27667,-0.0013805111336426656,-0.13514895217440429,-0.29653587884401317,-0.9840833003731592,-1.5880750652183044,-1.4187025002899518,-1.8453539217060344,9.565544724500867,0.0003210754403287575,0.0889482515884247,46.900410544852754,1.123332002899131,-0.18077777324121055,-0.5700363327945375,-0.8683480027906034,0.3977467919571587,False,True,False,False,0.009002000093460083,0.007486999966204166,False,False
2022-06-16,0.005625999998301268,30211,-0.02890629411244211,-0.1711203076092744,-0.3049512120836815,-1.0184609447046535,-1.6047343829799279,-1.4534428792792928,-1.8784251685761766,9.148908813828342,0.00031460943258384286,0.08768334604017551,48.48236940309899,1.1149584802215686,-0.18921451713900705,-0.5691470732558384,-0.8689322484550135,0.09195069938916389,False,False,False,False,0.009002000093460083,0.007486999966204166,False,False
2022-06-17,0.0056409998796880245,29469,0.0026626236639880427,-0.14772294546676284,-0.2793600528581891,-0.7388853013975332,-1.696153795880271,-1.4283848472080738,-1.8693583273324135,9.534669078219935,0.0003153573332100525,0.08303979335690052,49.28302336060909,0.6958633407751845,-0.17219420199357885,-0.5538172047873386,-0.865609428435547,-0.024560590513389213,False,False,False,False,0.009002000093460083,0.007486999966204166,False,False
2022-06-18,0.005636000074446201,71448,-0.000886726184226965,-0.0903621713253844,-0.2588367105544295,-0.678130778595703,-1.6950880474447445,-1.417130548501558,-1.8772195599727401,9.520158608448497,0.0003185924692296425,0.08426134602710202,49.57947753633419,0.6874088015961933,-0.15826574961222367,-0.5394785189010745,-0.8628906765295041,1.424513895958465,False,False,False,False,0.009002000093460083,0.007486999966204166,False,False
2022-06-19,0.005667000077664852,28985,0.005485283646755105,-0.06275022422075809,-0.234268972646086,-0.6471983619350897,-1.7063669928294338,-1.3858530893575045,-1.8631727395975728,10.430344474144107,0.00032478825202391813,0.0796296914573643,48.78375336220626,0.6942323781260258,-0.1386687114566618,-0.5204885960834998,-0.8593585193773263,-0.5943203448661964,False,False,False,False,0.009002000093460083,0.007486999966204166,False,False
2022-06-20,0.005621999967843294,30491,-0.007972424127696264,-0.041632797669300184,-0.2260564383138925,-0.634072226080478,-1.622303900643527,-1.4167749008326387,-1.8653506834614157,10.268857717912113,0.0003269245098988104,0.07659194682622276,45.74028449002838,0.6958532251659075,-0.12852748401483013,-0.506714895569353,-0.8576297074997433,0.05195790926341215,False,False,False,False,0.009002000093460083,0.007486999966204166,False,False
2022-06-21,0.005553999915719032,32477,-0.012169093054757349,-0.043167141302022066,-0.2227834332092915,-0.6244950348854943,-1.5911221114759533,-1.3684002579668377,-1.7944865537600576,10.016489786978937,0.0003241914203587096,0.07416532149632261,43.82063158732352,0.6965489779949516,-0.12388495971787675,-0.49439778519248573,-0.8564737739081902,0.06513397395952913,False,False,True,False,0.0061690001748502254,0.007486999966204166,False,False
2022-06-22,0.0056409998796880245,30488,0.015542959719925304,-0.026243670448454156,-0.16139262262285847,-0.5973138885944224,-1.586703168016797,-1.3499201466048079,-1.690873303848257,12.963672747678785,0.0003277024323583284,0.06986963628679585,41.20874014615495,0.7074244356688981,-0.09596463914565793,-0.4671032518163097,-0.8517337922774628,-0.06124334144163557,False,False,False,False,0.0061690001748502254,0.007486999966204166,False,False
2022-06-23,0.0055160000920295715,35103,-0.022408356814540845,-0.019745733150552894,-0.19086604075982724,-0.5807318007188365,-1.5832830341095332,-1.351992636325564,-1.6705486599657278,12.338388492385278,0.00032066684417448297,0.06930163825636768,38.8354886609994,0.7041523626339641,-0.10201622053665081,-0.4592453696805143,-0.8524515260986754,0.1513710312254002,False,False,False,False,0.0061690001748502254,0.007486999966204166,False,False
2022-06-24,0.005795999895781279,32693,0.049515029862120856,0.027106673047580025,-0.12061627241918269,-0.5205094745571003,-1.5190328572059357,-1.2917732124430636,-1.516877606924299,21.475100919962827,0.0003325049316443931,0.06526030523804907,35.436645261411876,0.7436862861419452,-0.044730878587776406,-0.41040280441927174,-0.842519901572008,-0.06865510070364356,False,False,False,False,0.0061690001748502254,0.007486999966204166,False,False
2022-06-25,0.005830000154674053,49472,0.005849020415823005,0.03384241964763022,-0.05651975167775428,-0.3267460450325817,-1.5113692167001767,-1.2750081849224475,-1.4172011126989497,22.53098854594539,0.0003390951390123795,0.06525646742487637,31.779134850298064,0.4218206488592981,-0.028454758194237876,-0.3859085381358865,-0.8393290026346629,0.5132291316183892,False,False,False,True,0.0061690001748502254,0.005483999848365784,False,False
2022-06-26,0.005657999776303768,51136,-0.02994659355001123,-0.0015894575491363033,-0.06433968176989438,-0.3741079196519326,-1.5313140193921635,-1.3102607853360295,-1.468659258278287,20.993120168138887,0.000328131261411999,0.06704524263756903,28.0903017766767,0.4140972568006174,-0.046069589309592915,-0.3828251575318506,-0.8418542193803387,0.03363518758085382,False,False,False,False,0.0061690001748502254,0.005483999848365784,False,False
2022-06-27,0.005739999935030937,34511,0.01438876566972112,0.020771732248281136,-0.020861065421019148,-0.3483477525538366,-1.5256017271850892,-1.277734780587506,-1.6464450163524635,23.668067002509588,0.0003222014113804493,0.0641668208536994,23.683316795175486,0.4245735776924224,-0.022354708007908463,-0.3535322692112531,-0.8373039178648521,-0.325113423028786,False,False,False,False,0.0061690001748502254,0.005483999848365784,False,False
2022-06-28,0.005690999794751406,29745,-0.008573255457307543,0.02436756984573093,-0.018799571456291256,-0.34180481633414783,-1.5138501236327908,-1.288345031018632,-1.6637770500994316,23.163382992018754,0.00031064314960778557,0.06236825119274329,20.780946465402685,0.42450720275640014,-0.0228952950920683,-0.3424397575084261,-0.8365183021866489,-0.13810089536669468,False,False,True,False,0.006124999839812517,0.005483999848365784,False,False
2022-06-29,0.005557999946177006,26101,-0.023647621919081575,-0.014823011793275961,-0.041066682241730136,-0.3634529222192931,-1.5682259895085104,-1.361889563786276,-1.6654501850044048,21.8043252359396,0.0002900943278581426,0.06158677538660776,16.367947909478694,0.42519295589292516,-0.03648294674211492,-0.3403311943059774,-0.8381931681781802,-0.12250798453521605,False,False,False,False,0.006124999839812517,0.005483999848365784,False,False
2022-06-30,0.005578999873250723,22612,0.0037712045079613924,0.011356549529226365,-0.00838918362132664,-0.38341590070318043,-1.565017164128999,-1.3772013366667384,-1.6200287400539297,22.576754328034426,0.0002741543227395239,0.05848322659792197,11.170449518339751,0.40941771606997235,-0.02472709510907866,-0.32186703892612184,-0.8353917758143388,-0.13367303934715147,False,False,False,False,0.006124999839812517,0.005483999848365784,False,False
2022-07-01,0.005541000049561262,26428,-0.006834527314721084,-0.044993007647615706,-0.017886334600035594,-0.34066588389250296,-1.552094758395524,-1.4643777415219097,-1.617848536019426,22.150366030860752,0.00025754855658877227,0.05839086167085629,8.917066547239322,0.38762436824534313,-0.026023664553029967,-0.31027528726896814,-0.8344719532849824,0.16875995046877756,False,False,False,False,0.006124999839812517,0.005483999848365784,False,False
2022-07-02,0.005413999781012535,57376,-0.023186848085933704,-0.07402887614937247,-0.04018645650174236,-0.34336177110566296,-1.553994745371474,-1.4922273369605237,-1.6399968865322458,20.74052162635519,0.0002351292002955301,0.06441064434736535,8.04704440515523,0.38853703091763453,-0.043133269354989484,-0.30866104734455185,-0.8363819377900816,1.1710307249886482,False,False,False,False,0.006124999839812517,0.005483999848365784,False,True
2022-07-03,0.005491000134497881,25785,0.01412226204723638,-0.029960020552124864,-0.03154947810126119,-0.3063109734969221,-1.5063209430443505,-1.4834487778987722,-1.6244404074873047,23.90302105907398,0.00022272419413839784,0.061260629275238475,7.753547908715426,0.39617308309997296,-0.02634072570028338,-0.28070463328191875,-0.8321352048666828,-0.5505960680423871,False,False,False,False,0.006124999839812517,0.005483999848365784,False,False
2022-07-04,0.00545499986037612,23544,-0.006577819101521543,-0.05092660532336757,-0.030154873075086536,-0.29147872411045705,-1.494026065199105,-1.4647141559738543,-1.631879003601237,23.432269919469434,0.00020952721000270526,0.059145841134552145,7.821358675400542,0.3942691526840882,-0.029765151531841626,-0.2663297320211431,-0.8315399560746831,-0.0869109947643979,False,False,False,True,0.006124999839812517,0.005291000008583069,False,False
2022-07-05,0.005421000067144632,27145,-0.00625228102523104,-0.04860563089129099,-0.02423806104556016,-0.2786485508740997,-1.430629812715638,-1.3743714936226819,-1.627318048785076,22.97212471224968,0.00019617574825092545,0.05684674869791821,7.932002654570926,0.39297060504726045,-0.03262933374961446,-0.25059926424180395,-0.8309076519268145,0.15294767244308538,False,False,True,False,0.006041999906301498,0.005291000008583069,False,False
2022-07-06,0.005427999887615442,26229,0.0012904086038001397,-0.023667600368409338,-0.038490612161685346,-0.26117318381040994,-1.397834052642843,-1.3358055362883,-1.5503182818796475,23.30604054361193,0.0001855967439607539,0.05333667641221594,8.391582182694934,0.3938370587236601,-0.029665990215589723,-0.22796618949808917,-0.8289309129773005,-0.033744704365444855,False,False,False,False,0.006041999906301498,0.005291000008583069,False,False
2022-07-07,0.005415000021457672,23563,-0.002397836852434995,-0.02983664172880567,-0.018480092199579433,-0.24812892250348645,-1.3149243467334184,-1.4292636133605754,-1.5207832438834452,23.105710959017316,0.00017561068538238884,0.050305356237673675,8.814774682272168,0.39365709809158367,-0.030030530127684522,-0.21554481486770372,-0.8275535363216914,-0.10164321933737464,False,False,False,False,0.006041999906301498,0.005291000008583069,False,False
2022-07-08,0.005415000021457672,23225,0.0,-0.023002114414084694,-0.06799512206170034,-0.20228107163697873,-1.1384957439450971,-1.3951195517104253,-1.4941172418406392,23.105710959017316,0.0001669491281945291,0.04751675660337004,9.159106227766978,0.3703687732812436,-0.028106816060731198,-0.2023979607592733,-0.8257526053345174,-0.014344523193141834,False,False,False,False,0.006041999906301498,0.005291000008583069,False,False
2022-07-09,0.005462999921292067,45635,0.008825190590534682,0.009009924262383642,-0.06501895188698882,-0.20052094236887205,-1.1365085868086937,-1.3763605145236169,-1.4710570829199943,25.835587281825468,0.00016225452659613597,0.04530402090278304,9.184526073523976,0.3712445254822217,-0.017693391663493097,-0.18241329486393404,-0.8224428319841085,0.9649085037674918,False,False,False,False,0.006041999906301498,0.005291000008583069,False,False
2022-07-10,0.005462000146508217,50191,-0.00018302513142996876,-0.005295362916282574,-0.03525538346840753,-0.17996922902177837,-1.0430894872678969,-1.6783721678788037,-1.4647866449871054,25.815029888314754,0.0001567955790329782,0.042716512355528896,9.266987187392566,0.3683645319346327,-0.016458351983319276,-0.16979776469191432,-0.8207150241003112,0.0998356524597348,False,False,False,False,0.006041999906301498,0.005291000008583069,False,False
2022-07-11,0.00544800003990531,68734,-0.0025664737027199292,-0.0012840175174809684,-0.052210622840848604,-0.12428820239889288,-1.0266387571498095,-1.635061257971429,-1.4609430164673027,25.508935133520936,0.00014995670163204383,0.04044903326737698,9.422437787862622,0.31651349771862697,-0.0180421990719935,-0.15934487911235692,-0.8193967476896539,0.3694487059432967,False,False,False,False,0.006041999906301498,0.005291000008583069,False,False
2022-07-12,0.005288000218570232,60157,-0.02980843228933885,-0.02484016878158886,-0.07344579967287988,-0.13196997123036072,-1.077784149041746,-1.662433562961559,-1.4855422341739368,22.260390275616658,0.00013295227382814775,0.04312678828604592,10.156666514222183,0.3230731071957296,-0.04383906610462136,-0.17134168295963065,-0.8229469446789587,-0.12478540460325316,False,False,False,False,0.006041999906301498,0.005291000008583069,False,True
2022-07-13,0.005557000171393156,66225,0.04961828125789716,0.023487703872508245,-0.0001798964959012102,-0.053261839293309396,-1.0165129594096731,-1.625751786938003,-1.4535341165690994,36.826644178229216,0.00013754241441461161,0.04981757443627069,10.158205535567065,0.36170296356685516,0.004428411499725411,-0.1172863604623485,-0.8120861638922912,0.10086939175823262,False,False,False,False,0.006041999906301498,0.005291000008583069,False,False
2022-07-14,0.005526000168174505,66449,-0.005594168205992159,0.02029137251895092,-0.009545269209854781,-0.04822125807726608,-1.024058713152622,-1.6304604076835894,-1.4497040374525394,35.98973489375497,0.00013596820603305713,0.05282652618860369,9.193057755177461,0.360574612450416,0.0012683764665213982,-0.110259526076714,-0.8112717749462065,0.003382408456021224,False,False,False,False,0.006041999906301498,0.005291000008583069,False,False
2022-07-15,0.005520999897271395,52898,-0.0009052722395168534,0.01938610027943392,-0.00361601413465064,-0.047746019183140385,-1.0318293195562995,-1.635821084401445,-1.4664485194730923,35.84822059551398,0.00013196216887742323,0.05062426765111618,7.627676944241191,0.3605821861449956,0.0031706647035994783,-0.10366976481909725,-0.8098279476479907,-0.2039308341735767,False,False,False,False,0.006041999906301498,0.005291000008583069,False,False
2022-07-16,0.005286999978125095,46081,-0.043308011579199536,-0.03274710189030011,-0.023737177627916432,-0.062147736649897825,-1.0806086813545515,-1.6668821196298258,-1.5155906159291908,29.91925071383625,0.00011172692060388889,0.05681666184515826,7.929187598282114,0.3774192699120655,-0.0360984535477779,-0.13339234956092338,-0.8163281404503352,-0.12887065673560438,False,False,True,False,0.006118999794125557,0.005291000008583069,False,True
2022-07-17,0.005303000099956989,43831,0.0030217438883086687,-0.02954233287056152,-0.03483769578684414,-0.061788616425577134,-0.8006739178231103,-1.757942412305848,-1.4901734636336508,30.762479479039754,9.808005268284274e-05,0.05356894987662465,7.2295035558122684,0.3774780408726321,-0.029314571969087103,-0.12263284898017181,-0.8137848341812981,-0.04882706538486581,False,True,False,False,0.006118999794125557,0.005291000008583069,False,False
2022-07-18,0.00532899983227253,63880,0.00489085483603822,-0.022085004331803337,-0.02336902184928433,-0.05601103540531194,-0.7341418140010149,-1.7510990828500566,-1.4731415839068698,32.190284385984896,8.969265279593276e-05,0.050625823633343746,6.457047411298679,0.3782411674097534,-0.021312967448389876,-0.11043971949203404,-0.8104193971240431,0.4574159841208276,False,False,False,False,0.006118999794125557,0.005291000008583069,False,False
2022-07-19,0.0052720000967383385,53633,-0.010753756290507805,-0.0030303283329723477,-0.027870497114561188,-0.07225007534257492,-0.7194484372776646,-1.7786170681720088,-1.4581031647000795,30.695788235396535,7.954020710662603e-05,0.04858829545181889,6.742875622087874,0.3785093906767015,-0.029231674483472535,-0.11188376377138286,-0.8098974104620964,-0.16041014402003761,False,False,False,True,0.006118999794125557,0.005080999806523323,False,False
2022-07-20,0.005160999950021505,58058,-0.021279466066951185,-0.0739280756578207,-0.05044037178531251,-0.08555711728182988,-0.7196293433623079,-1.7078610179253568,-1.5023320181144686,27.972253959082607,6.518620457395506e-05,0.04845471786140555,7.570533183021855,0.3837806727750007,-0.045999439237025215,-0.12163060179710965,-0.8111911600588979,0.08250517405328806,False,False,False,False,0.006118999794125557,0.005080999806523323,False,False
2022-07-21,0.005156999919563532,57306,-0.0007753500114213462,-0.06910925746324995,-0.04881788494429893,-0.07416337423849395,-0.6986584091239881,-1.6652854857144472,-1.4425636322053315,27.87626680916786,5.563113304299513e-05,0.045748806557021585,8.27996504138932,0.38235429260347703,-0.043343583916936046,-0.11437404906995179,-0.8085514457922186,-0.012952564676702583,False,True,False,False,0.006118999794125557,0.005080999806523323,False,False
2022-07-22,0.0050039999186992645,66070,-0.030117423113775375,-0.09832140833750845,-0.07893530805807435,-0.1198237570721947,-0.717137645666617,-1.7065269250889916,-1.4697439036770026,24.423924147389954,3.9949206506366863e-05,0.04800510552664225,10.395732031749514,0.38839996087008566,-0.06818247118908578,-0.13282177592422534,-0.8115324895699041,0.1529333752137647,False,False,False,False,0.006118999794125557,0.005080999806523323,False,True
2022-07-23,0.004984000232070684,55174,-0.004004748309225343,-0.05901814506753421,-0.0917652469578344,-0.10142014856687913,-0.6821519492857157,-1.6847031826764123,-1.4534127848924432,24.005415012427306,2.964587547031269e-05,0.04558627467685269,11.965261706612784,0.3826808792398072,-0.06750482503477248,-0.12881445628873292,-0.8092262222007723,-0.16491599818374447,False,True,False,False,0.006118999794125557,0.005080999806523323,False,False
2022-07-24,0.004993000067770481,50463,0.0018041170432809336,-0.06023577191256201,-0.08977810478312358,-0.1491310613857193,-0.6696405359428195,-1.668163918591655,-1.440904273828783,24.63127436302142,2.5036974351548644e-05,0.04295479594170873,13.15023554776657,0.3325843384435199,-0.06176597008549984,-0.1201420922156887,-0.8054549725095645,-0.08538442019791936,False,False,False,False,0.006118999794125557,0.005080999806523323,False,False
2022-07-25,0.004889000207185745,48505,-0.02104911911712378,-0.08617574586572409,-0.1082607501975275,-0.17602920091866617,-0.5027752459512479,-1.6873984176188428,-1.4510373858411136,22.34151627641458,1.697039684000584e-05,0.04304345862254129,14.87416187605348,0.33479677809339997,-0.07669351467661677,-0.1315083241465191,-0.8061704242524924,-0.03880070546737213,False,False,False,False,0.006118999794125557,0.005080999806523323,False,False
2022-07-26,0.004898999817669392,56752,0.0020432394640665184,-0.0733787501111498,-0.07640907844412224,-0.14403936790458846,-0.5181472875565211,-1.675353387296752,-1.4543001532406181,23.081915896636843,1.4395979027210972e-05,0.042584683509409874,16.11092367033013,0.3242680744491707,-0.07016032875378206,-0.12303630897668316,-0.8021876524641286,0.17002370889599017,False,True,False,False,0.006118999794125557,0.005080999806523323,False,False
2022-07-27,0.006140999961644411,238679,0.22595652366292754,0.17385723961872881,0.0999291639609082,0.06752839008861787,-0.2808193624652187,-1.4580733370964711,-1.210206390498888,66.1937947787956,9.398948026987286e-05,0.05379638687054408,21.418866068636454,0.8671453026357138,0.15759807784796842,0.10244616187307024,-0.7474449425542984,3.2056491401184095,False,False,False,False,0.006118999794125557,0.005080999806523323,True,False
2022-07-28,0.00595200015231967,89574,-0.031260265979308054,0.14337232365084215,0.07426306618759228,0.044841379566617386,-0.2969634367675305,-1.4690087440661734,-1.2435036514520146,60.62519455093179,0.00012937452348177849,0.05529626411476045,23.759481580443254,0.8742909833644854,0.11632096249404819,0.07112009429044389,-0.7502436333624669,-0.6247093376459596,True,False,False,False,0.006118999794125557,0.005080999806523323,False,False
2022-07-29,0.0060350000858306885,64321,0.01384854564951424,0.1873382924141318,0.08901688407662334,0.08233754713521295,-0.2811153750840801,-1.4858884423732974,-1.2795520166510628,62.13181652098161,0.00015225913666197516,0.05301933576314325,26.207488863992978,0.8704938427922342,0.12584882316520166,0.08856815375894142,-0.7414381051952669,-0.2819233259651238,False,False,False,True,0.006118999794125557,0.0047160000540316105,False,False
2022-07-30,0.006128000095486641,54715,0.015292579248666872,0.20663561997202382,0.1476174749044895,0.09385892187591842,-0.289556978827262,-1.4711582422530805,-1.28334241479082,63.803089206120134,0.00016640022536019286,0.05046661549412425,28.835172681135756,0.8715918195927257,0.13614031995739848,0.10698442215553308,-0.7329171299755844,-0.1493446930240513,False,False,True,False,0.0067819999530911446,0.0047160000540316105,False,False
2022-07-31,0.005923999939113855,58107,-0.033856561892638616,0.1709749410361043,0.11073916912354231,0.06683688729800094,-0.2738289965945021,-1.485257871097523,-1.3975408542239087,57.779205257469386,0.0001549866265444101,0.05151409061791688,29.948957630452966,0.8805301361703696,0.09349328930946772,0.07108115805058465,-0.7375800147489552,0.061993968747144246,False,False,False,False,0.0067819999530911446,0.0047160000540316105,False,False
2022-08-01,0.005925000179558992,59807,0.00016883119883460108,0.1921928913520627,0.10601714548633868,0.090192566582769,-0.25316920452289376,-1.463802178788705,-1.4020347703777545,57.80024320812731,0.00014088356491556692,0.048224267668629445,30.755299570410493,0.8758015082230954,0.08728566483183639,0.07168441058177363,-0.7336071059094645,0.029256371865695963,False,True,False,False,0.0067819999530911446,0.0047160000540316105,False,False
2022-08-02,0.0059710000641644,57558,0.007733710984351445,0.19788336287234778,0.12450461276119786,0.08380401551988416,-0.222506957977038,-1.4225169275244665,-1.3996447623788881,58.81657726800899,0.0001283847759145174,0.045355817125934283,31.719219534934982,0.8750641404944608,0.0915805208258934,0.07957505019682468,-0.7276062638963697,-0.037604293811761114,False,False,False,False,0.0067819999530911446,0.0047160000540316105,False,False
2022-08-03,0.005927000194787979,61617,-0.007396212640645616,-0.03546937343122542,0.13838786618750343,0.08298562198075994,-0.20849310212969713,-1.411040443218345,-1.3817285339930945,57.39273211952539,0.00011151053217218367,0.0435254465801907,32.42265985512147,0.875179099463207,0.07957963562210175,0.07112396328691495,-0.7256725196206272,0.07052017095799012,False,False,False,False,0.0067819999530911446,0.0047160000540316105,False,False
2022-08-04,0.005898000206798315,60160,-0.0049048702146840435,-0.009113977666601474,0.1342583459842408,0.08433303279130698,-0.1943155180827928,-1.346296779924331,-1.2900384608313749,56.42322274138783,9.348151623355826e-05,0.04145084291972971,32.95119633877551,0.8750169485600579,0.0706214711113911,0.06547104242072542,-0.7230375976516019,-0.023646071700991644,False,False,False,False,0.0067819999530911446,0.0047160000540316105,False,False
2022-08-05,0.006018000189214945,63109,0.02014166419382119,-0.002820859122294315,0.18451743329183737,0.10318428838132805,-0.1579888954290818,-1.294649764261515,-1.2326212479069718,59.473911170368616,8.49695889963596e-05,0.039443596317295306,33.45386735655417,0.8770728076801341,0.08520424191019227,0.08561144041296234,-0.7134205106601096,0.049019281914893575,False,False,False,False,0.0067819999530911446,0.0047160000540316105,False,False
2022-08-06,0.006008999887853861,48733,-0.0014966829605905672,-0.019610121331551614,0.18702549864047224,0.10408544227317251,-0.14404348023031405,-1.210838904460246,-1.3251781710874027,59.1394998689736,7.444283824822199e-05,0.037501257194666446,33.74497728966674,0.8770029506055805,0.07672732118763806,0.08255053695651039,-0.7098845699346213,-0.22779635234277207,True,False,False,False,0.0067819999530911446,0.0047160000540316105,False,False
2022-08-07,0.0060339998453855515,52203,0.0041517884242341105,0.018398228985321122,0.1893731700214255,0.10823723069740654,-0.09404384093957203,-1.0302585132476905,-1.2868823210130187,59.8153976553015,6.520521163102202e-05,0.035459607074836696,33.97329170863365,0.8769157859118759,0.07442059650936325,0.0854977624393573,-0.7046544413228895,0.07120431740299171,False,False,False,True,0.0067819999530911446,0.005882000084966421,False,False
2022-08-08,0.006010000128298998,53225,-0.00398534521829326,0.01424405256819346,0.20643694392025616,0.09542669488857881,-0.10509424748029328,-1.041081891920115,-1.2809338196350382,58.80967630537625,5.3984174067408914e-05,0.03358120634193698,33.78709124419131,0.8770949418024202,0.06316172491031795,0.07984765593499746,-0.7017682696368946,0.01957741892228415,False,False,False,False,0.0067819999530911446,0.005882000084966421,False,False
2022-08-09,0.005913999862968922,58853,-0.01610237163504315,-0.009592030051201217,0.1882913328211466,0.07950734838496556,-0.10046188063681279,-0.9635821388829314,-1.5988648194938382,54.83780018567671,3.7390250643541694e-05,0.03325885102990125,32.810899283939364,0.8796174724480362,0.039257690449571045,0.06148497534094042,-0.7026975465739718,0.10573978393612027,False,False,False,False,0.0067819999530911446,0.005882000084966421,False,False
2022-08-10,0.005931000225245953,67459,0.002870472574664955,0.0006746551641094884,-0.03479471826711588,0.08494429466235054,-0.03934390773654233,-0.941694462487459,-1.5501169633090783,55.41209435284619,2.5424803457929778e-05,0.03191471968889984,31.614106469164437,0.8794160468929947,0.03520502677830753,0.06309759251534354,-0.6981659304206312,0.14622873940155978,False,True,True,False,0.006062000058591366,0.005882000084966421,False,False
2022-08-11,0.0060430001467466354,66962,0.018707730828835294,0.024287256207628925,0.015173278541027582,0.13346045778052487,0.0014904865501639874,-0.9443236912612212,-1.5289731051810342,59.10192481413953,2.2992345686775726e-05,0.030894312936091337,29.432789769189043,0.8730112238471229,0.04527568758789671,0.08161419183959742,-0.6886460587127207,-0.007367437999377446,False,False,False,False,0.006062000058591366,0.005882000084966421,False,False
2022-08-12,0.0060709998942911625,59517,0.004622717073040184,0.00876830908684785,0.005947449964553565,0.0884648935956678,0.03520305430235843,-0.9280480658140056,-1.5372868933423351,59.993265083483465,2.1249395382866448e-05,0.02926119988936081,26.584870264649624,0.8576829429304959,0.04033858289638627,0.08447119280399551,-0.6834892044843399,-0.11118246169469248,True,False,False,False,0.006062000058591366,0.005882000084966421,True,False
2022-08-13,0.006074999924749136,70230,0.0006586581034382248,0.010923650150876589,-0.008686471180675151,0.09471771990509811,0.04649646182783192,-0.9293409932475238,-1.5357426877784914,60.12695968666057,1.844994578932915e-05,0.028176150879597347,23.017644859112334,0.8571762151957697,0.031461682716545016,0.08410512762936789,-0.6795352850513138,0.1799989918846716,False,False,False,True,0.006062000058591366,0.005872999783605337,False,False
2022-08-14,0.0059009999968111515,66603,-0.029060149304998093,-0.022288287578355714,-0.003890058593034552,0.06656284283961694,0.018816823656476408,-0.9652664767166826,-1.569258241561828,51.98823601638111,3.733462019444512e-06,0.030336402228481166,16.79926735838778,0.8644505575915946,-0.006615834700536692,0.05278744784960718,-0.6850857608983758,-0.05164459632635621,False,False,False,False,0.006062000058591366,0.005872999783605337,False,False
2022-08-15,0.005795999895781279,51263,-0.017953821057350543,-0.03625676341741309,-0.022012710849219668,0.09191703336146574,0.029769296711568024,-0.9886916479930856,-1.57496508626836,47.78482026136223,-1.3286027061848118e-05,0.030331214760293483,5.613665760042578,0.8520795427667909,-0.03160324247269714,0.033545631594134866,-0.6870761024693158,-0.23031995555755747,False,True,False,False,0.006062000058591366,0.005872999783605337,False,True
2022-08-16,0.005735000129789114,64380,-0.010580233264898762,-0.03073462504726872,-0.040326655098469937,0.07831505620825838,0.016526439782681177,-0.7223588616148519,-1.6796273560975896,45.484018361104305,-2.8018525382230032e-05,0.030108311716862162,6.203504237001224,0.853407864170139,-0.03853406547640982,0.022686358368367427,-0.6867162712123464,0.2558765581413496,False,True,False,False,0.006062000058591366,0.005872999783605337,False,False
2022-08-17,0.005623000208288431,73599,-0.01972240686010216,-0.05332750448203591,-0.052652849317926444,0.05370179451211796,-0.0023092408931938866,-0.6804400194888969,-1.6973972883379385,41.530110123340215,-4.373613118577229e-05,0.03087732984583216,7.9910775735771225,0.8568913893003209,-0.054703759625777205,0.002957355563782908,-0.6891792762170764,0.14319664492078288,False,True,True,False,0.006157999858260155,0.005872999783605337,False,False
2022-08-18,0.005619000177830458,50247,-0.0007116225741667755,-0.07274685788503814,-0.04845960167740921,0.06374392822845908,-0.008506147114115957,-0.6557045090492056,-1.7148731399435497,41.39171796729258,-5.2255256177932024e-05,0.030865965971181786,9.2376023734201,0.8557563371081215,-0.05206152215431702,0.0020258330256904445,-0.6857054620528226,-0.3172869196592345,False,False,False,False,0.006157999858260155,0.005872999783605337,False,False
2022-08-19,0.0054709999822080135,55478,-0.02669233194848718,-0.10406190690656535,-0.09529359781971761,0.05833106234692312,-0.027226054934906763,-0.6612982810153849,-1.6495299555784337,36.539950067799964,-6.488658007716324e-05,0.031786644765847735,10.957691357381401,0.8578253474296649,-0.07188601177402008,-0.023990818720042904,-0.6903174834214704,0.10410571775429389,False,False,False,False,0.006157999858260155,0.005872999783605337,False,False
2022-08-20,0.004910999909043312,117235,-0.10798384329353927,-0.21270440830354276,-0.20178075815266636,-0.04887743093519489,-0.1230408051736888,-0.747535840059183,-1.7141629166496422,24.728654655781057,-0.0001055781757504535,0.04299039357769805,18.347435244925496,0.9397039772635816,-0.1596653265800642,-0.12191931912195408,-0.7187157198567684,1.1131799992789935,False,False,False,False,0.006157999858260155,0.005872999783605337,False,False
2022-08-21,0.0048859999515116215,67565,-0.0051036056244887175,-0.18874786462303347,-0.2110361522013891,-0.023863613445908052,-0.14368737051810274,-0.7410012591125251,-1.7303905385348999,24.35023935582238,-0.00012734119392837152,0.041308046205938566,23.391353571825775,0.9341939452141526,-0.15644451251241354,-0.12473668330533158,-0.7167229991554345,-0.42367893547148894,False,True,False,False,0.006157999858260155,0.005872999783605337,False,False
2022-08-22,0.004681000020354986,62466,-0.04286219624524672,-0.2136562398109295,-0.24991300322834262,-0.06272106138192951,-0.16414120994880865,-0.7448730106676451,-1.7474242440583418,21.45140695174119,-0.00014729623452965453,0.04394367087333076,28.853731354400892,0.9456362505439126,-0.18273637729870493,-0.15901921084619441,-0.7252714186402284,-0.07546806778657589,False,False,False,False,0.006157999858260155,0.005872999783605337,False,False
2022-08-23,0.004596000071614981,57460,-0.018325391097827628,-0.2214013976438583,-0.25213602269112706,-0.08285056952303793,-0.23198163090875717,-0.7524911054658574,-1.7510144881146927,20.368648178005117,-0.00015707815716033848,0.04449682923030478,33.76200917960804,0.9471981203403252,-0.18814363903917292,-0.17173369358065257,-0.7268851404699291,-0.08013959594019149,False,True,False,False,0.006157999858260155,0.005872999783605337,False,False
2022-08-24,0.004588000010699034,54088,-0.0017421739694482637,-0.20342116475320443,-0.25674866923524037,-0.0635436243753624,-0.23957282529402849,-0.5663188703266103,-1.750942041994205,20.264971460265457,-0.00015469901613597169,0.042309072404789136,37.744878617284265,0.9448977544276973,-0.1800700564918059,-0.17068550790619005,-0.723838962772986,-0.05868430212321618,False,True,False,False,0.006157999858260155,0.005872999783605337,False,False
2022-08-25,0.004550000187009573,48659,-0.008316927535221284,-0.21102646971425892,-0.2837733275992971,-0.0739037913746501,-0.21794315927923855,-0.5920510789311711,-1.749257178671402,19.750720689622156,-0.00014638419894053521,0.040651212729369786,40.921111186377544,0.9450145020228188,-0.1760529918866182,-0.17493541832462597,-0.7224838856469825,-0.10037346546368875,False,False,False,False,0.006157999858260155,0.005872999783605337,False,False
2022-08-26,0.004412999842315912,57088,-0.030572579508175397,-0.2149067172739472,-0.3189686241805126,-0.3304328945457529,-0.26290450445713515,-0.6112522570109716,-1.7885062316422242,17.97928224194115,-0.0001407692341385532,0.0414606107704529,44.24815519447355,0.46764760421235513,-0.18914452711026508,-0.19685954249784815,-0.7272745909804682,0.1732259191516472,False,True,False,False,0.006157999858260155,0.005872999783605337,False,False
2022-08-27,0.004273999948054552,51719,-0.03200454981255701,-0.1389274237929649,-0.35163183209650783,-0.33117717837900185,-0.2863357988123845,-0.6281406151465323,-1.8001859224451753,16.374592375325534,-0.00013694759526797304,0.0436451947055804,47.56932282603328,0.46806018396092897,-0.20177799052075246,-0.2189127797810444,-0.7323064889683525,-0.09404778587443952,False,True,False,False,0.006157999858260155,0.005872999783605337,False,False
2022-08-28,0.004143000114709139,60370,-0.031129953960408407,-0.1649537721288846,-0.35370163675191807,-0.37615567798892446,-0.2938181308537114,-0.6572710530730046,-1.8620441203622218,15.014493725621293,-0.0001336276385039331,0.04424009718978996,50.92546290617088,0.4642369171704104,-0.2125145940409075,-0.23918271709843492,-0.7372208254369211,0.16726928208202008,False,True,False,False,0.006157999858260155,0.005872999783605337,False,False
2022-08-29,0.004075000062584877,73561,-0.016549428731644496,-0.13864100461528248,-0.3522972444262121,-0.4079976859692358,-0.3141387640933173,-0.6975546647964977,-1.8791559282223163,14.348266271480838,-0.0001264711007078127,0.046463235720334686,54.12382771809982,0.4533697338187771,-0.21166159776223142,-0.24783856846294916,-0.7382997471331291,0.2185025675004142,False,False,False,False,0.006157999858260155,0.005872999783605337,False,False
2022-08-30,0.003932999912649393,73477,-0.03546829081106927,-0.15578390432852415,-0.3771853019723824,-0.4096094148876664,-0.34277252758966564,-0.6834384114821684,-1.8948672859851896,13.04639894390715,-0.00012171928592820641,0.04775325797712152,57.26089534197424,0.45430997656207833,-0.2241379512280432,-0.26996597931430205,-0.7443505127719917,-0.0011419094357064674,False,True,False,False,0.006157999858260155,0.005872999783605337,False,False
2022-08-31,0.003988000098615885,51381,0.013887405587738658,-0.14015432477133727,-0.3435754895245417,-0.3958908404987623,-0.3056982739159933,-0.6490600450216563,-1.8596930192874672,16.21729296404095,-0.00010587427884840416,0.046077093341572,58.47206299369171,0.46201799110502184,-0.19701193306913992,-0.25616719620421613,-0.7377024966260746,-0.30071995318262856,False,False,False,False,0.006157999858260155,0.005872999783605337,False,False
2022-09-01,0.0037539999466389418,58050,-0.06046795287788377,-0.19230535011399977,-0.40333181982825866,-0.4640925043609975,-0.3802884888411134,-0.6865994623380355,-1.8866094318854638,13.895584708908984,-0.00010210891271184713,0.050666354270064815,59.81625985984006,0.4838602208335935,-0.22607513884907887,-0.2950711456940454,-0.7501872470171167,0.1297950604308986,False,False,False,False,0.006157999858260155,0.005872999783605337,False,False
2022-09-02,0.003911000210791826,50898,0.040971225720680564,-0.12076154488514372,-0.3356682621590908,-0.4157250659996712,-0.33273944401891126,-0.6242181681293684,-1.8267655092180162,21.967451754111067,-8.092675823611408e-05,0.049815887152533884,58.656640868331245,0.5219322361071922,-0.1753120397132958,-0.26110790620581653,-0.7367294266163836,-0.12320413436692501,False,False,False,False,0.006157999858260155,0.005872999783605337,False,False
2022-09-03,0.003945999778807163,47897,0.00890920187492682,-0.07984779319765978,-0.21877521699062474,-0.40191099391006035,-0.3175779611187533,-0.596226511992853,-1.7482077738343913,23.684986561937365,-5.7539852747922574e-05,0.04794710050455283,57.039348718824115,0.527113021378456,-0.15042042795546864,-0.2500323562976526,-0.7314161893572844,-0.05896105937364926,False,False,False,False,0.006157999858260155,0.005872999783605337,False,False
2022-09-04,0.003951000049710274,56457,0.001266372465476827,-0.04745146677177472,-0.2124052389006593,-0.42078628563840487,-0.3176019972570767,-0.5787751810674866,-1.7154360498999197,23.942551677490215,-3.578037236331175e-05,0.04674386627947388,54.72662386886653,0.5159916394469861,-0.13210613674117935,-0.24524913367519224,-0.728034348227756,0.17871682986408333,False,False,False,True,0.006157999858260155,0.0037140001077204943,False,False
2022-09-05,0.0036609999369829893,48884,-0.07623240708590821,-0.10713444512603838,-0.24577544974132084,-0.49552200976372246,-0.39143656749054995,-0.6395654899940366,-1.7063609142239684,19.774192525588433,-3.492628302512635e-05,0.05412075340607806,52.96403494909113,0.5573435999479698,-0.17706298026749975,-0.2962322344669915,-0.7451087877250193,-0.13413748516570134,False,False,False,False,0.006157999858260155,0.0037140001077204943,False,True
2022-09-06,0.003656999906525016,76721,-0.0010932033183601603,-0.07275935763332925,-0.22854326196185343,-0.5007670015063168,-0.3925297708089102,-0.5948108424458888,-1.5310255147540073,19.72318648714716,-2.888859939857453e-05,0.05320069152958087,50.33637079741301,0.5551915509205051,-0.15938766514854974,-0.2924528524999349,-0.7424123711170882,0.5694501268308649,False,True,False,False,0.006157999858260155,0.0037140001077204943,False,False
2022-09-07,0.0038840000052005053,65036,0.06022243816135508,-0.02642432505971272,-0.16657864983105003,-0.43655921812666854,-0.3411325232380897,-0.5416534656069618,-1.4776411100467834,30.654852249227673,-5.110713103018106e-06,0.05190183432307651,44.262444672824486,0.6155762628415433,-0.08904342343794336,-0.24447557126117686,-0.7232422696798759,-0.15230510551218046,False,False,True,False,0.004040999803692102,0.0037140001077204943,False,False
2022-09-08,0.0038350000977516174,62275,-0.012696091459475757,0.021347536358695327,-0.17095781375530442,-0.43315293795110105,-0.35364558956613557,-0.5336148185879138,-1.3967350768340325,29.71423136513468,1.0937885194358874e-05,0.052758937128068034,37.31697823802501,0.6155829467620434,-0.08294173752564528,-0.2501388125482825,-0.7235352528321751,-0.04245341041884498,False,False,False,False,0.004040999803692102,0.0037140001077204943,False,False
2022-09-09,0.003734000027179718,65530,-0.026689407910046148,-0.046313097272031534,-0.16707464215717518,-0.4627128184358123,-0.37776852377346176,-0.5020567261723546,-1.4044072809232713,27.819384949175827,1.7957162892355723e-05,0.054007516444008564,35.27295654367662,0.6137540144527925,-0.09434877054521479,-0.26580177786285025,-0.7279053320757956,0.05226816539542356,False,False,False,True,0.004040999803692102,0.0036100000143051147,False,False
2022-09-10,0.0038840000052005053,59746,0.03938549936952182,-0.01583679977743647,-0.09568459297509632,-0.4420350498951257,-0.3085745921146009,-0.44054456334496167,-1.386358741156347,34.49984042194117,3.492638394264895e-05,0.05168884595905013,31.584152176892378,0.6321881472901113,-0.04637973088661524,-0.23292952635159067,-0.7141931013445209,-0.08826491683198534,False,False,False,False,0.004040999803692102,0.0036100000143051147,False,False
2022-09-11,0.00380500010214746,48099,-0.020549533608798385,-0.03765270585171157,-0.08510417262348635,-0.4672073005769643,-0.3787424069812966,-0.4320042462746059,-1.3952553663909697,32.77914816315207,4.2548640397419935e-05,0.0513022973227713,29.216331479074707,0.6285742094865246,-0.055620340208845966,-0.245015699501732,-0.7173531706038349,-0.19494192079804507,False,False,False,False,0.004040999803692102,0.0036100000143051147,False,False
2022-09-12,0.003855000017210841,58111,0.01305499332060687,0.0516346945548035,-0.055499750571234914,-0.4548109653597955,-0.36009324545469756,-0.40831450353196364,-1.3841519586073192,34.98918307187199,5.204831931289531e-05,0.048335524708491485,26.638646074920118,0.6340665395767879,-0.03433073117340027,-0.23162477129766193,-0.7112189733762722,0.20815401567600156,False,False,False,False,0.004040999803692102,0.0036100000143051147,False,False
2022-09-13,0.003894000081345439,71944,0.010065916360108014,0.06279381423327166,-0.009965543400057675,-0.4156848996946896,-0.34912205685507264,-0.39686807603821306,-1.3809513764113721,36.7363331839489,6.14061279521741e-05,0.04749678355209779,23.093274203104784,0.6379465837900765,-0.016008170862031754,-0.2207604972878374,-0.706078263962043,0.2380444322073274,False,False,False,False,0.004040999803692102,0.0036100000143051147,False,False
2022-09-14,0.0038870000280439854,50094,-0.0017992687550500658,0.0007721073168663613,-0.02565221774284634,-0.399530347392389,-0.30761331403092323,-0.36976105068082094,-1.3882219953854744,36.546483055067824,6.710888624200846e-05,0.046443864424036474,18.735892714779094,0.6391280503068885,-0.00947963419233747,-0.21899801855694095,-0.7042978730427076,-0.30370843989769825,False,False,False,False,0.004040999803692102,0.0036100000143051147,False,False
2022-09-15,0.003871999913826585,50322,-0.003866511926101384,0.009601686850240727,0.030949223208935932,-0.3928166260535915,-0.3145015698453331,-0.3762901862709103,-1.1151754876684434,36.11576820016006,6.955828184545626e-05,0.04475086924467778,14.959920940976785,0.6399185068809313,-0.0064534591415588375,-0.21485292931325137,-0.702507068677619,0.00455144328662116,False,False,False,False,0.004040999803692102,0.0036100000143051147,False,False
2022-09-16,0.003854000009596348,84041,-0.0046595746766539695,0.03163152008363298,-0.014681577188398675,-0.37775379387014346,-0.3240519993580254,-0.3800630347633373,-1.0581938133590403,35.57397080062306,6.94901543951365e-05,0.04378715689427177,12.12055165921088,0.6401115963976887,-0.005714434578714571,-0.2117964688656047,-0.7008805546193972,0.6700647827987758,False,False,True,False,0.003969999961555004,0.0036100000143051147,False,False
2022-09-17,0.0038509999867528677,67834,-0.000778721089293855,-0.008532700375182832,-0.024369500152619253,-0.3778208923852705,-0.31407696415681147,-0.3863270394993863,-1.0335254014344761,35.478439954398695,6.864653889012827e-05,0.041822609095199484,10.386027074959998,0.6400959651773792,-0.002732069272957368,-0.20531086679712787,-0.6981214322855895,-0.19284634880593998,False,False,False,False,0.003969999961555004,0.0036100000143051147,False,False
2022-09-18,0.0037430000957101583,58977,-0.028445396900119782,-0.016428563666504168,-0.05408126951821581,-0.3795739573369031,-0.32124289498998004,-0.40680001227180984,-1.040872238352288,32.13305055144315,6.0503780577387124e-05,0.04226489838802313,9.421841395051855,0.6406109411476449,-0.02651527706339376,-0.21991903794830084,-0.7037486054905036,-0.13056874133915142,False,False,False,False,0.003969999961555004,0.0036100000143051147,False,False
2022-09-19,0.0038739999290555716,50818,0.03440009217910643,0.004916535191995473,0.056551229746798895,-0.23719002186425728,-0.28606745279945217,-0.36023082703794607,-0.9847258619234404,39.575674595508694,6.332742151560157e-05,0.041532702395596054,9.223271108228051,0.5615672336402807,0.008328973869420553,-0.18565887087840283,-0.6904320465821776,-0.1383420655509775,False,False,False,False,0.003969999961555004,0.0036100000143051147,False,False
2022-09-20,0.0039019999094307423,49203,0.00720167231809723,0.002052291149984621,0.06484610538325633,-0.22488474392167143,-0.24874835736757953,-0.3685721144397742,-0.9658860030341966,41.06340574478199,6.615902313245107e-05,0.03975378708384823,8.68536178125544,0.5639753434360126,0.016754803007936275,-0.17273724108011418,-0.6851746964845802,-0.03178007792514459,True,False,False,False,0.003969999961555004,0.0036100000143051147,False,False
2022-09-21,0.0038479999639093876,46285,-0.013935695565532926,-0.010084135660498232,-0.009312028343631764,-0.1959582432419577,-0.2586793046238872,-0.3600994531907663,-0.9408312539096028,39.065713059000466,6.346334361244008e-05,0.03897294963696599,8.442338640332263,0.5499970720064186,0.0014574123325048803,-0.17677514344749534,-0.6864934347487862,-0.05930532691096069,False,False,False,False,0.003969999961555004,0.0036100000143051147,False,False
2022-09-22,0.0038880000356584787,50069,0.010341372345209307,0.004123748610812502,0.013725435461053242,-0.1672914797989207,-0.2501420493219586,-0.39927311070767796,-0.9197825852647781,41.34213163973791,6.329879903552526e-05,0.03798469214027249,8.359265216717171,0.5513482135378542,0.012170528273138066,-0.1608971103876704,-0.6801062337918682,0.08175434806092685,False,False,False,True,0.003969999961555004,0.003737000050023198,False,False
2022-09-23,0.0037899999879300594,56780,-0.025528879859957963,-0.016745556572491434,0.014885963511141348,-0.19107818568943039,-0.25462181006479284,-0.43065101098345887,-0.7573970560160406,37.63271092309977,5.57782305046833e-05,0.03863359144809575,8.059534514736963,0.5554935083118094,-0.011334441945984503,-0.17453652573562445,-0.6850855621450229,0.13403503165631436,False,False,True,False,0.003942999988794327,0.003737000050023198,False,False
2022-09-24,0.003640000009909272,63358,-0.04038233153867732,-0.05634916702187491,-0.06488186739705766,-0.2231435896928865,-0.2970473810675366,-0.44108674897212496,-0.8151946686240577,32.78401490315336,4.0595645358886e-05,0.04137514134287724,8.705588356746548,0.5680270771741558,-0.046596294414229814,-0.1989084021375606,-0.6947667161264662,0.11585065163790076,False,False,False,False,0.003942999988794327,0.003737000050023198,False,True
2022-09-25,0.0036120000295341015,56858,-0.0077220406395763315,-0.035625810761331436,-0.052054374427835684,-0.2002930508242873,-0.5307259453700403,-0.46319755528142253,-0.811545307835259,31.95632529697751,2.909978198621538e-05,0.04186188346221332,9.251373063190227,0.5618723472891116,-0.053322668933797425,-0.1965941956168875,-0.6944026680866342,-0.10259162221029705,False,True,False,False,0.003942999988794327,0.003737000050023198,False,False
2022-09-26,0.003727999981492758,85904,0.031610248127555245,-0.03841565481288272,-0.033499119620887335,-0.1366782528841751,-0.46785543126317714,-0.4230140516965597,-0.7648188680307075,38.84480644035992,2.964073153329853e-05,0.044387387073585256,8.701383415168145,0.5695421367180682,-0.023828234902634547,-0.1621982477738897,-0.6818429912630513,0.5108515952020825,False,False,False,False,0.003942999988794327,0.003737000050023198,False,False
2022-09-27,0.0036780000664293766,58716,-0.0135027476155496,-0.0591200747465295,-0.05706778359654482,-0.11905104653931638,-0.49520672452824077,-0.4128691773930278,-0.7763220996123209,37.10130986939622,2.7036483827274634e-05,0.04325312973740692,9.142652094172034,0.5624653320836291,-0.03431615695623038,-0.1646794179196488,-0.6833936563877152,-0.31649282920469357,False,False,False,False,0.003942999988794327,0.003737000050023198,False,False
2022-09-28,0.003768000053241849,56146,0.024175226600712862,-0.021009152580283873,-0.031093288240782096,-0.07832639120695906,-0.4863240771761948,-0.3924651553002763,-0.7758810560034568,42.135804881733804,3.1470251440522126e-05,0.04159283401042373,9.173022038116287,0.5689009711979789,-0.009815117748376075,-0.135815485120921,-0.6728493579966898,-0.04377001158117033,False,False,False,True,0.003942999988794327,0.003548000007867813,False,False
2022-09-29,0.0035780000034719706,100230,-0.05174038478722516,-0.08309090971271836,-0.07896716110190583,-0.09459848518311494,-0.5042079000707813,-0.4373710127727806,-0.7780368966652834,35.64866153879838,2.2142210009778345e-05,0.04666180954500289,10.472072159354825,0.583376784171607,-0.057813592030696116,-0.17043810684555186,-0.6866382936585702,0.7851672425462188,False,False,True,False,0.003938999958336353,0.003548000007867813,False,False
2022-09-30,0.003944000229239464,70919,0.09739150880708985,0.039829478954329554,0.02308392238183807,-0.011094381963763639,-0.40698522246252594,-0.316792655879757,-0.6601544269854199,51.22626206461559,4.01096967177154e-05,0.04635299909009733,10.822715122369644,0.6789590382205534,0.037744591368009804,-0.07659308390343643,-0.6516220925173036,-0.2924373939938142,False,False,False,False,0.003938999958336353,0.003548000007867813,True,False
2022-10-01,0.0036150000523775816,54882,-0.08710362476429812,-0.006891814271291356,-0.06324098129316626,-0.0377300538501781,-0.5018225582111755,-0.41801854269129135,-0.7243295161882135,41.50100565655862,2.979888615730914e-05,0.05458626713798393,11.65622047336456,0.7140812122080442,-0.04643831285231194,-0.14377477201937525,-0.6778145175207887,-0.22613122012436726,False,False,False,False,0.003938999958336353,0.003548000007867813,False,False
2022-10-02,0.0037700000684708357,75026,0.04198314952225911,0.042813375890544104,0.007187565129212642,-0.036718130048599515,-0.4524431960482707,-0.36945757406751073,-0.6609362981779678,46.64071640720019,3.312414035059263e-05,0.05322625247417205,11.573104720977152,0.714842720049966,-0.004436451147121153,-0.09720491539523952,-0.6610120664297677,0.3670420174191902,False,False,False,False,0.003938999958336353,0.003548000007867813,False,False
2022-10-03,0.003759999992325902,68817,-0.0026560642611249594,0.008547063501863955,-0.029868591311018787,-0.048283396184651356,-0.4501943900947117,-0.3658613573034048,-0.6445099081775044,46.357727984582,3.421648340495758e-05,0.05050567252330068,11.308295497064304,0.7139169801562381,-0.0053173262353812135,-0.09027123140131109,-0.6588178138852111,-0.08275797723455869,False,False,False,True,0.003938999958336353,0.0035620001144707203,False,False
2022-10-04,0.0037819999270141125,58983,0.005833995577220863,0.027883806694634392,-0.031236268051895298,-0.043715773072907325,-0.4645020587113123,-0.36131777032998413,-0.6224909541403939,47.117905244272286,3.581619823475214e-05,0.047928479711828106,11.02317131946678,0.7143262182821127,0.0018940924068514284,-0.07594277116764342,-0.6536338297762837,-0.14290073673656223,False,False,True,False,0.00395399983972311,0.0035620001144707203,False,False
2022-10-05,0.003759999992325902,66500,-0.005833995577220785,-0.002125415483299259,-0.02313456806358314,0.02668263843578009,-0.4688393713279425,-0.36475392905476994,-0.6128828515582564,46.409632511472616,3.47604629366467e-05,0.04676010057161972,10.78555076447631,0.6618535845804954,-0.0024540754336258453,-0.07236537576715786,-0.652502124530317,0.12744350066968457,False,False,False,False,0.00395399983972311,0.0035620001144707203,False,False
2022-10-06,0.0037700000684708357,55976,0.002656064261124885,0.05227103356505086,-0.030819876147667374,0.030431906015265246,-0.4703350954910517,-0.36209786479364503,-0.5643789364306236,46.80108935171848,3.4058626138996396e-05,0.044498554048345615,10.598845230652456,0.6618414296286402,0.0013147366723187434,-0.061315738109572984,-0.6484130499310781,-0.15825563909774432,False,False,False,False,0.00395399983972311,0.0035620001144707203,False,False
2022-10-07,0.0037430000957101583,62235,-0.007187565129212646,-0.05230804037125162,-0.012478561416922081,-0.03697809727530256,-0.4735373154019711,-0.3781106205133922,-0.5786315628822642,45.827736598174965,3.117651432932426e-05,0.042992141492572036,10.412611902617657,0.626779255455479,-0.00442858477953771,-0.05924989257607483,-0.6478248654903715,0.11181577819065325,False,False,False,False,0.00395399983972311,0.0035620001144707203,False,False
2022-10-08,0.0037360000424087048,54671,-0.001871922774769494,0.0329236616182771,0.026031847346985604,-0.02615392859059626,-0.4593068665416973,-0.3797995181567318,-0.5597687471785101,45.56316035575713,2.828422399850196e-05,0.04060788186568178,10.42117944297396,0.62542325818438,-0.006197956900430159,-0.052747936664435675,-0.6452376972382778,-0.12153932674540047,False,False,False,False,0.00395399983972311,0.0035620001144707203,False,False
2022-10-09,0.0037189999129623175,68046,-0.004560740178547582,-0.013620228082529624,0.029193147808014457,-0.004025260859097689,-0.46673807929490985,-0.38179378463255936,-0.5060819870314524,44.88542008041671,2.4834525640866892e-05,0.03907048136760751,10.090210115769441,0.6186523785566593,-0.008676442529131696,-0.05132393797882494,-0.6437903327127888,0.24464524153573186,False,False,False,False,0.00395399983972311,0.0035620001144707203,False,False
2022-10-10,0.003700000001117587,67361,-0.005121971587185594,-0.016086135408590312,-0.0075390719067263716,-0.048532731815805134,-0.4905677817109309,-0.3571073239304061,-0.4890772951607669,44.09595620837636,2.1032069270827326e-05,0.03831931564424221,9.475213811100707,0.6021259137876523,-0.011078599018488892,-0.05042500268582715,-0.6425186403108128,-0.010066719572054184,False,False,False,False,0.00395399983972311,0.0035620001144707203,False,False
2022-10-11,0.003734000027179718,65452,0.009147232446283399,-0.012772898539527774,0.015110908155106476,-0.018835965760723487,-0.4860432663376878,-0.39757837274202007,-0.4508402120353294,45.92871782801629,2.0542237938329014e-05,0.03780241698036182,9.121693118172063,0.5992771711260088,-0.0004684472114863126,-0.0370183128361258,-0.6361425240969685,-0.028339840560561713,False,False,False,False,0.00395399983972311,0.0035620001144707203,False,False
2022-10-12,0.0037579999770969152,45393,0.0064068424982732484,-0.0005320604640337514,-0.0026574759473329992,-0.025484116583057232,-0.48029508194285264,-0.38557736203775467,-0.43379862011502074,47.243502055926854,2.1469372157909803e-05,0.035790410601358624,8.364224606657949,0.5978135516932499,0.00770931178159133,-0.026621573145683076,-0.6306846269755134,-0.306468862677993,False,False,False,True,0.00395399983972311,0.0036830001045018435,False,False
2022-10-13,0.003783999942243099,68290,0.006894741029394251,0.0037066163042356317,0.055977649869286356,-0.02865529191377081,-0.44434019160846033,-0.37777734876884345,-0.4255233679519838,48.69883434362412,2.331473428410032e-05,0.03472336022664397,8.340969300321012,0.5971867896266765,0.014762846979127681,-0.015787986275778487,-0.624982105265414,0.5044169805917211,False,False,False,False,0.00395399983972311,0.0036830001045018435,False,False
2022-10-14,0.003756999969482422,55356,-0.007160877457206548,0.0037333039762415974,-0.04857473639500993,-0.03401690061592725,-0.43354724800831634,-0.3416302146468505,-0.4037779512967483,47.24141559424284,2.2203415725935275e-05,0.0334254472103941,8.054493923426724,0.5975748803586091,0.005944079394899964,-0.01876287316438396,-0.6244537899585803,-0.189398154927515,False,False,True,False,0.003829000052064657,0.0036830001045018435,False,False
2022-10-15,0.004007999785244465,76082,0.06467155173186827,0.0702767784828794,0.10320044010115653,0.03452116304204234,-0.3582954630115493,-0.2799804068032909,-0.3417690232288679,59.40438623040626,3.698785512002223e-05,0.036846524532522865,9.67170566512399,0.6399482383070052,0.06749048505665665,0.04901138969597726,-0.5960143937404677,0.37441289110484854,False,False,False,False,0.003829000052064657,0.0036830001045018435,True,False
2022-10-16,0.004004999995231628,74685,-0.0007487308711239966,0.0740887877903029,0.0604685597077732,0.0384320068475724,-0.3393217870225711,-0.2856199925104531,-0.341631027915765,59.228642258804555,4.466645864855547e-05,0.03777155920422657,11.207889762782175,0.6396466508901419,0.06277116174959374,0.04970434927721896,-0.5929038217255579,-0.01836176756657293,True,False,False,False,0.003829000052064657,0.0036830001045018435,False,False
2022-10-17,0.004031999967992306,67560,0.006718943500933265,0.0859297028784218,0.06984356746983161,0.0459296714377996,-0.331891220947471,-0.268147292719012,-0.34039736806158677,60.36521079918491,4.9301447715154455e-05,0.03623823956417095,12.455752022685216,0.6398773586974912,0.06493402598299955,0.057396256590249876,-0.5864466970070891,-0.09540068286804582,False,False,False,False,0.003829000052064657,0.0036830001045018435,False,False
2022-10-18,0.009535999968647957,1236145,0.8608115842045866,0.9375940546367252,0.9248211560971973,0.9351866525425058,0.5556126952056027,0.6139437575525257,0.5283866402706959,94.43319291387587,0.00040120276295333346,0.059245143997335194,123.54447887433302,3.059340020144337,1.3403811381435915,1.431189375555392,-0.015563516817162424,17.29699526346951,False,False,False,False,0.003829000052064657,0.0036830001045018435,False,False
2022-10-19,0.0076299998909235,866691,-0.22298627603461274,0.7082009361038393,0.7076688756398055,0.6778002843287867,0.4406102624645292,0.3917328315293344,0.3175694572908405,71.51037176978855,0.00047851331919233306,0.12749955282044126,137.52350992794314,3.1850692912253455,0.7838981329311127,0.9092660421533917,-0.20562952788552658,-0.29887594092925995,True,False,False,False,0.003829000052064657,0.0036830001045018435,False,False
2022-10-20,0.0036359999794512987,123652,-0.7412036603368507,-0.03989746526240578,-0.03619084895817028,-0.07060504832616125,-0.2954897922478327,-0.3193534056937408,-0.43917716276593555,46.20163168567409,0.0002453210602007893,0.34965191166129883,138.49091974861835,4.153228976053402,-0.14682935552368315,-0.08855276957596907,-0.6173795579038289,-0.8573286211579444,False,False,False,False,0.003829000052064657,0.0036830001045018435,False,True
2022-10-21,0.0025939999613910913,21357,-0.33768309965345017,-0.3704196874586494,-0.36668638348240773,-0.3943524524140785,-0.5903106956560361,-0.6530317570379657,-0.7544519056048447,42.02301042356975,1.7566576078171278e-05,0.49598927838743945,143.84145573497108,4.314964353179746,-0.3839504180376439,-0.3459503990173122,-0.7238908447365066,-0.8272814026461359,False,True,False,False,0.003829000052064657,0.0036830001045018435,False,False
2022-10-22,0.002317999955266714,16212,-0.11249634539098968,-0.5475875845815074,-0.47731080609862786,-0.5171901701502775,-0.684481649949198,-0.7673322194722361,-0.9164632808579553,40.96612803111631,-0.00014599605623384784,0.5318547589651622,151.51351378593384,4.327802964633806,-0.43983954698980676,-0.4108077989296196,-0.7504420877298622,-0.24090462143559488,False,True,True,False,0.011206000111997128,0.0036830001045018435,False,False
2022-10-23,0.0019970000721514225,94407,-0.149058635055751,-0.6958974887661342,-0.6218087009758313,-0.6407199253460705,-0.8317981110355008,-0.8953417354108633,-1.0713709363295294,39.71507601877323,-0.0002632892884510995,0.6045107049758742,161.42173938884233,4.352161832047472,-0.5069074720225949,-0.4873203385060913,-0.7827287216913249,4.823279052553664,False,False,False,False,0.011206000111997128,0.0036830001045018435,False,False
2022-10-24,0.0019310000352561474,4009,-0.03360806885923265,-0.7362245011263002,-0.6502947982478784,-0.6339456626666258,-0.8570892523595122,-0.9309930437341623,-1.0750324116387509,39.44832688148628,-0.0003285594680195325,0.5980876886615731,171.637345557116,4.351853251068259,-0.5120533572482776,-0.4990686895058113,-0.7877488983530407,-0.9575349285540267,False,False,False,False,0.011206000111997128,0.0036830001045018435,False,False
2022-10-25,0.0019600000232458115,3613,0.014906463398182617,-1.5821296219327041,-0.6445355672959789,-0.6113171586288668,-0.8116102094531542,-1.1420431039989072,-1.0745147139102893,39.640164597539886,-0.00035098950223572166,0.5615450147359391,181.30886257007876,4.353446322165064,-0.4931995574363487,-0.4870184198593726,-0.78208808325473,-0.09877775006235967,False,False,False,False,0.011206000111997128,0.0036830001045018435,False,False
2022-10-26,0.002068999921903014,25595,0.0541208759146243,-1.3050224699834672,-0.5968215338796279,-0.5888065308417978,-0.7254847837259729,-1.0566619621049749,-1.0118205825383575,40.40441364151417,-0.0003394869603612755,0.5000057910592131,189.97438852845897,4.357535842653566,-0.45298559496155305,-0.4539514178336276,-0.7674116744096477,6.084140603376695,False,False,False,False,0.011206000111997128,0.0036830001045018435,False,False
2022-10-27,0.002044999971985817,1383,-0.011667585221259973,-0.5754863948678766,-0.6153838601302822,-0.5869713684475081,-0.7060224149868245,-1.082178092975749,-0.9998405458405359,40.28347010698723,-0.0003150330995988734,0.47071796784748327,198.6144673177668,4.357573005989016,-0.44691612096292094,-0.4549951308756345,-0.767549980532236,-0.9459660089861301,False,False,False,False,0.011206000111997128,0.0036830001045018435,False,False
2022-10-28,0.0020540000405162573,499,0.004391355436007411,-0.2334119397784189,-0.6038316272370682,-0.6067552396122134,-0.6850816308191725,-1.0930793167884083,-0.9992203949124899,40.355571539538964,-0.0002809195066135995,0.43556255530997134,207.0572585654498,4.355619499732541,-0.431552421550672,-0.44735028430009544,-0.7628604028122875,-0.6391901663051338,False,False,False,True,0.011206000111997128,0.0019150000298395753,False,False
2022-10-29,0.0020409999415278435,687,-0.006349276052976303,-0.12726487044040566,-0.6748524550219128,-0.5613641308779647,-0.6559626160610795,-1.0655720309487462,-0.9987351436507452,40.2799190114553,-0.00024330339844037244,0.4075520413363984,215.4654609958628,4.354363266155035,-0.4217229432147333,-0.4457991133555092,-0.7607839237288606,0.376753507014028,False,False,False,False,0.011206000111997128,0.0019150000298395753,False,False
2022-10-30,0.0020349998958408833,895,-0.0029440874682131885,0.01884967714713228,-0.6770478116190021,-0.6616997271532679,-0.6727941091170313,-1.0686849496157937,-0.9784923830330247,40.24242200172862,-0.00020446261544188282,0.38285639096332275,223.80107727497284,4.334711338510053,-0.409494540118988,-0.4418234963933947,-0.7578192677907282,0.30276564774381365,False,False,False,False,0.011206000111997128,0.0019150000298395753,False,False
2022-10-31,0.002067999914288521,3385,0.01608614748890937,0.0685438934952741,-0.667680607631026,-0.5585099549000603,-0.5962400087502384,-1.0603325131112358,-0.9765284975913517,40.57010755858686,-0.00016393542337400896,0.3513216906553976,231.91782364425754,4.330163138911916,-0.3850545842610589,-0.42731499408082896,-0.749998349001064,2.782122905027933,False,False,False,False,0.011206000111997128,0.0019150000298395753,False,False
2022-11-01,0.002068999921903014,1090,0.00048344581753267794,0.0541208759146243,-1.5280087460180798,-0.6000096586047866,-0.6367277886533863,-1.0524528546530574,-0.9694672326722975,40.580740792149975,-0.00012614424909174042,0.3267945945072472,240.03389184431904,4.3252700200054095,-0.36890910381961106,-0.42131379778554556,-0.7458607275345738,-0.6779911373707533,False,False,False,False,0.011206000111997128,0.0019150000298395753,False,False
2022-11-02,0.002076999982818961,794,0.003859175604771727,0.003859175604771727,-1.3011632943786955,-0.5934944187388901,-0.6417778149235415,-1.0436888088336018,-0.9593557760422948,40.67219282762076,-9.131479824651137e-05,0.30266160097804795,248.10338943058974,4.325658531827397,-0.3495349318850228,-0.4131110516080459,-0.7406950825226568,-0.27155963302752295,False,False,True,True,0.002119000069797039,0.002025000052526593,False,False
2022-11-03,0.0020940001122653484,9488,0.008151629439283459,0.023678390265315152,-0.5518080046025614,-0.5911767848768273,-0.6348925579497348,-1.0556788435881395,-0.9524945552068115,40.88042176741272,-5.938502739564653e-05,0.2803986052792374,255.95446680877026,4.325838832143438,-0.32667723450302594,-0.4022505189911994,-0.7342759170730734,10.94962216624685,False,False,False,False,0.002119000069797039,0.002025000052526593,False,False
2022-11-04,0.002096999902278185,6813,0.0014315392577986456,0.020718574087106204,-0.21269336569131264,-0.583911250041808,-0.557228611606028,-1.0527506213697504,-0.9486651790965779,40.9198264527343,-3.170464960407243e-05,0.26166671801810587,264.1293094946549,4.326206294373965,-0.304339198102801,-0.39526597135001074,-0.7289661298267753,-0.28193507588532885,True,False,False,False,0.002119000069797039,0.002025000052526593,False,False
2022-11-05,0.002104999963194132,8128,0.0038077443303599903,0.030875594470442493,-0.09638927596996305,-0.5827595699725729,-0.5523276639573078,-1.0530946654636246,-0.944857434766218,41.03270589586967,-7.747393283997388e-06,0.24293505795048395,272.1476000636373,4.326282272771979,-0.2789614359109522,-0.3867729490655275,-0.722809858002505,0.19301335681784826,False,False,False,False,0.002119000069797039,0.002025000052526593,False,False
2022-11-06,0.002078999998047948,3438,-0.012428441712433678,0.02139124022622207,0.040240917373354286,-0.5880004465557942,-0.6249785438310966,-1.061537761957765,-0.9661110670691864,40.76013912514873,1.046825930620999e-05,0.22998412245920272,280.2738693896098,4.326134303391183,-0.26322317065567974,-0.38802903451495635,-0.7208783416913709,-0.5770177165354331,False,False,False,False,0.002119000069797039,0.002025000052526593,False,False
2022-11-07,0.002085000043734908,4139,0.0028818682898017222,0.008186961027114435,0.07673085452238872,-0.5832466554912228,-0.6094005840818191,-1.0425535220329203,-0.9630461736479546,40.857774430685296,2.614859795620851e-05,0.21362730021777737,202.89923555586284,4.32641125890544,-0.14870159079456916,-0.3802131799776936,-0.7150245564046793,0.20389761489237923,False,False,True,False,0.0021430000197142363,0.002025000052526593,False,False
2022-11-08,0.002088000066578388,14278,0.0014378256798533563,0.00914134088943522,0.06326221680405937,-0.577248089632822,-0.5812733504919196,-1.0439861689277319,-0.9590418742653813,40.91021410235366,3.916680928978296e-05,0.19951996996568322,66.68877081081828,4.3267215245277715,-0.038718253845409153,-0.37266022372842755,-0.70961805919226,2.449625513409036,False,False,False,False,0.0021430000197142363,0.002025000052526593,False,False
2022-11-09,0.0019470000406727195,7285,-0.06991695462658738,-0.06463478934192395,-0.06077561373715221,-0.6420430726722236,-0.6905758044880289,-1.1326108543831546,-0.9991503966026299,39.15306978184135,4.055499886391654e-05,0.2038583222269387,26.683442754339286,4.329961869381229,-0.06737237964347956,-0.4080699361404885,-0.7243150664452367,-0.48977447821823783,False,False,False,False,0.0021430000197142363,0.002025000052526593,False,True
2022-11-10,0.001930000027641654,1714,-0.008769730041111085,-0.08155614882231844,-0.05787775855700332,-0.6599600351596181,-0.6787960009203415,-1.146003301497306,-1.0575384079016381,38.935929213793585,4.2401903008018366e-05,0.19166758163446015,15.955183454806027,4.32882173938236,-0.06057580589731541,-0.4063145888285336,-0.7218106208803532,-0.7647220315717227,False,True,False,False,0.0021430000197142363,0.002025000052526593,False,False
2022-11-11,0.0019180000526830554,635,-0.006237013309944998,-0.08922470139006194,-0.06850612730295579,-0.6726038909678363,-0.6980880075508934,-1.1528989729106889,-1.058181253005591,38.77246813238386,4.466195102550605e-05,0.179649171658806,12.07763716129928,4.3280020677227995,-0.057239029687718115,-0.40276755442410866,-0.7185593049471591,-0.6295215869311552,False,True,False,False,0.0021430000197142363,0.002025000052526593,False,False
2022-11-12,0.0019099999917671084,647,-0.004179766180825528,-0.09721221190124753,-0.06633661743080499,-0.683678398178056,-0.7123336900918269,-1.1280185897865165,-1.0614557469468995,38.65595420012071,4.721594571637845e-05,0.1678523805929667,13.156820809425676,4.32723028137936,-0.05915964784471095,-0.39821291499098765,-0.7145995079176285,0.018897637795275646,False,True,False,False,0.0021430000197142363,0.002025000052526593,False,False
2022-11-13,0.0018759999657049775,1250,-0.017961405445020142,-0.10274517563383394,-0.08135393540761196,-0.6944789261658698,-0.7284958267817969,-1.128026174174186,-1.03610914081272,38.13149836421319,4.805342413940225e-05,0.16002035876735368,14.155673536340949,4.3269033025131085,-0.07465411697604085,-0.402281282156413,-0.714499215726557,0.9319938176197837,False,True,False,False,0.0021430000197142363,0.002025000052526593,False,False
2022-11-14,0.0018269999418407679,2072,-0.02646658674042152,-0.1320936306640573,-0.1239066696369427,-0.7856170646381595,-0.7510959015961172,-1.1439125276497086,-1.0655974714414505,37.34512611372437,4.670433312656101e-05,0.15820535223335486,16.42340172454872,4.3152838590581215,-0.09585789304212741,-0.41119599569410753,-0.7166600728162242,0.6576,False,True,False,False,0.0021430000197142363,0.002025000052526593,False,False
2022-11-15,0.0018439999548718333,8372,0.00926185509874396,-0.12426960124516667,-0.11512826035573147,-0.7756064786682916,-0.7371744718207192,-1.1149282656908626,-1.0612264711787445,37.82420091738,4.8160983876394906e-05,0.1489981170990686,18.0271909274888,4.3161677785452826,-0.08233597887339829,-0.3984118730858285,-0.708596721208152,3.0405405405405403,False,True,False,False,0.0021430000197142363,0.002025000052526593,False,False
2022-11-16,0.0018240000354126096,1403,-0.010905189594479031,-0.06525783621305829,-0.12989262555498227,-0.7932306117637039,-0.7473009403259043,-1.125121832711175,-1.0613779044827159,37.46129426946124,4.8828841290354005e-05,0.1406556479249754,19.749770366024887,4.314931384947279,-0.08726979341849372,-0.39765002962256213,-0.7059857010877194,-0.8324175824175825,False,False,False,False,0.0021430000197142363,0.002025000052526593,False,False
2022-11-17,0.0018220000201836228,7938,-0.001097101151451452,-0.05758520732339873,-0.1391413561457172,-1.6551392971197418,-0.7199526445772361,-1.0995266019141392,-1.041195539567216,37.42262649592618,5.000470916418688e-05,0.1321243054999203,21.117899555044573,2.8994771933029844,-0.08294743779927059,-0.39047643715784564,-0.700303066768039,4.657875980042766,False,False,False,True,0.0021430000197142363,0.0017330000409856439,False,False
2022-11-18,0.0018090000376105309,378,-0.007160582711552571,-0.05850877672500629,-0.1477334781150683,-1.4393136037966818,-0.7615133194678951,-0.9987033413321525,-1.0475807722673474,37.15417356804892,5.062138415042565e-05,0.12408182310577871,22.461085822772365,2.8393636708572965,-0.084143355815178,-0.38757683505253776,-0.6963600926464197,-0.9523809523809523,False,True,False,False,0.0021430000197142363,0.0017330000409856439,False,False
2022-11-19,0.0017140000127255917,4363,-0.0539443996038561,-0.10827341014803679,-0.20548562204928436,-0.7520543430636872,-0.8226593913898484,-1.04754413531152,-1.0714077487574278,35.1687358418412,4.550681323887729e-05,0.12718921324414506,25.235075419669844,1.3475195621714575,-0.12513078971584268,-0.4108426877586284,-0.7064181202345646,10.542328042328043,False,True,False,False,0.0021430000197142363,0.0017330000409856439,False,True
2022-11-20,0.001673000049777329,2526,-0.024211375842066007,-0.11452338054508275,-0.21726855617891666,-0.4385826192523031,-0.8329350716663816,-1.0288933149083392,-1.0916143762902686,34.316430519468085,4.041056125624591e-05,0.12279181775845652,27.96800449405771,0.7379489869726705,-0.13736204778404146,-0.4171543840303719,-0.7076593012216706,-0.4210405684162274,False,True,False,False,0.0021430000197142363,0.0017330000409856439,False,False
2022-11-21,0.0016599999507889152,180,-0.007800879034801556,-0.09585767283946282,-0.22795130350352008,-0.3338871528961151,-0.8510773230463925,-1.0183688028453133,-1.1012193723683512,34.03478082826288,3.72877272352604e-05,0.11551633003771024,30.230862684038158,0.6480591982744545,-0.13494361798113463,-0.41305425411335955,-0.7040768858704837,-0.9287410926365796,False,True,False,False,0.0021430000197142363,0.0017330000409856439,False,False
2022-11-22,0.001639000023715198,3025,-0.01273125849221768,-0.11785078643042443,-0.24212038767559116,-0.1975597763325817,-0.8382797016786522,-1.0293578873680826,-1.092901511743445,33.55567771056519,3.4969980868546145e-05,0.10972902682006226,32.132434614833514,0.4156566196840514,-0.13602698113234757,-0.41165489339002054,-0.7022395587797978,15.805555555555557,False,True,False,False,0.0021430000197142363,0.0017330000409856439,False,False
2022-11-23,0.0015670000575482845,2297,-0.044923314131985075,-0.1518689109679305,-0.2171267471809888,-0.2088750216053342,-0.84282068427196,-1.0659642739648463,-1.1398680653394964,31.8977511343398,2.9943940931190867e-05,0.10985487674098537,34.50203445606548,0.42664402589267203,-0.16234561831418176,-0.42841090826024353,-0.7099458667979885,-0.2406611570247934,False,True,False,False,0.0021430000197142363,0.0017330000409856439,False,False
2022-11-24,0.001563000027090311,271,-0.0025559313274246096,-0.15332774114390366,-0.21091294846730244,-0.22633741633094148,-0.8376545749598083,-1.0379476257840956,-1.3683805203298487,31.803737006495524,2.7755217109053034e-05,0.10258905375440315,35.969910311741934,0.41966917432493095,-0.15238610845772774,-0.4205831859992505,-0.7056172813745318,-0.8820200261210274,False,True,False,False,0.0021430000197142363,0.0017330000409856439,False,False
2022-11-25,0.001534000039100647,1988,-0.01872834033718838,-0.16489549876953963,-0.22340427549454592,-0.29918663258275413,-0.887993163424552,-1.024671416308727,-1.355848594687729,31.08833569472958,2.580090594012937e-05,0.09841250481852706,36.92142732806339,0.3572244134712596,-0.15503041954229674,-0.4217474066167937,-0.7068353729731445,6.3357933579335795,False,True,False,False,0.0021430000197142363,0.0017330000409856439,False,False
2022-11-26,0.0015269999857991934,607,-0.004573711497716278,-0.11552481066339976,-0.2237982208114366,-0.29209275885921043,-0.8790641273067187,-0.998115173846035,-1.3742708518349593,30.907607802496244,2.5441147254052338e-05,0.09217617645975218,37.44162384695232,0.3576575503010808,-0.14590151751572142,-0.41460609820420463,-0.7037873354873423,-0.6946680080482898,False,True,False,False,0.0021430000197142363,0.0017330000409856439,False,False
2022-11-27,0.0014949999749660492,3142,-0.021178826839155406,-0.11249226166048913,-0.22701564220557197,-0.3176629411343733,-0.924418180746587,-1.002744571953546,-1.4107422579227817,30.04766050450094,2.4446257911385407e-05,0.08928758914946122,37.38594353972673,0.3560623170670446,-0.14977111265517926,-0.4168539042467262,-0.706000929826702,4.176276771004942,False,True,False,False,0.0021430000197142363,0.0017330000409856439,False,False
2022-11-28,0.001487000030465424,353,-0.00536550213167013,-0.11005688475735774,-0.2059145575968206,-0.3166791672130671,-0.8780432980910319,-0.9726417832741469,-1.3822511981618133,29.82425310566157,2.4581344919073636e-05,0.08388434036064951,36.11819953473427,0.3562262416159827,-0.13961695250507836,-0.4096957424381682,-0.7035746412478008,-0.8876511775938892,False,True,False,False,0.0021430000197142363,0.0017330000409856439,False,False
2022-11-29,0.001484000007621944,63,-0.0020195380845923075,-0.09934516434973238,-0.21719595078015683,-0.31575461782944625,-0.9774543449827141,-0.9885487269464778,-1.38443956744524,29.734968488281055,2.5680655189785548e-05,0.07824259909718305,36.65116210924109,0.35648939344280123,-0.12969533503158906,-0.400336193932979,-0.6999701781377345,-0.821529745042493,False,False,False,False,0.0021430000197142363,0.0017330000409856439,False,False
2022-11-30,0.001484000007621944,177,0.0,-0.054421850217747265,-0.20629076118567782,-0.33184076531835566,-0.890350720218416,-0.928080774068594,-1.3921732784295915,29.734968488281055,2.745961730216801e-05,0.0730389046331206,36.69315363760636,0.3456260203677906,-0.11816264061230647,-0.3892300287646349,-0.6957027229238536,1.8095238095238093,False,False,False,False,0.0021430000197142363,0.0017330000409856439,False,False
2022-12-01,0.0014750000555068254,801,-0.006083122457741058,-0.05794904134806371,-0.2112767824919674,-0.33840733359362934,-0.9384169921984161,-0.9751351222470157,-1.390860188246687,29.42844805624965,2.8934373947539862e-05,0.06896205809352117,36.31801246948281,0.3436184745785038,-0.11182028785933126,-0.3813074916260547,-0.6931717612046949,3.5254237288135597,False,False,False,False,0.0021430000197142363,0.0017330000409856439,False,False
2022-12-02,0.0014720000326633453,213,-0.0020359849270716324,-0.04125668593794686,-0.2061521847074864,-0.34430249412547265,-0.9377969128643628,-0.9860803090490141,-1.3879913029590745,29.319949437423944,3.045810549749694e-05,0.06440932676189441,35.31073695860439,0.3409543409822049,-0.101781777406362,-0.3703535611645855,-0.6892643083794547,-0.7340823970037453,False,True,False,False,0.0021430000197142363,0.0017330000409856439,False,False
2022-12-03,0.0014720000326633453,7,0.0,-0.03668297444023052,-0.15220778510363037,-0.35245412356475614,-0.9436309084415836,-0.9873466815144909,-1.4081329671528957,29.319949437423944,3.2054691308951356e-05,0.05985718577775209,34.15252182851682,0.336200323624162,-0.09057208697424149,-0.3577997500454161,-0.6845679303819148,-0.9671361502347418,False,True,False,False,0.0021430000197142363,0.0017330000409856439,False,False
2022-12-04,0.0014720000326633453,1,0.0,-0.015504147601075064,-0.12799640926156425,-0.3538856628225547,-0.9377969128643628,-0.9111142744285826,-1.4066362841923052,29.319949437423944,3.354018596813093e-05,0.05572724814732019,33.23020883333342,0.3355303938760433,-0.08048848067731292,-0.3432675855391286,-0.6810348970918192,-0.8571428571428572,False,False,False,False,0.0021430000197142363,0.0017330000409856439,False,False
2022-12-05,0.001471000025048852,100,-0.0006795838487051782,-0.01081822931811014,-0.12087511407546785,-0.3583729910016199,-0.941132560974193,-0.9107006549589277,-1.4114676564652444,29.2750142290179,3.473791574249967e-05,0.05187902501923203,31.195325626850828,0.33326125334171874,-0.07028188304716206,-0.3285312473604261,-0.6778897906803432,99.0,False,False,False,False,0.0021430000197142363,0.0017330000409856439,False,False
2022-12-06,0.0014700000174343586,0,-0.0006800459969989145,-0.00947873723051672,-0.10882390158024909,-0.3466245952861851,-0.9346250418419793,-0.9716031391172818,-1.4081623572439503,29.22677624588613,3.5613318351339254e-05,0.04825474286554085,28.72042501988515,0.33555866925311906,-0.06040268606195755,-0.3129171492578946,-0.6747776792521281,-1.0,False,False,False,False,0.0021430000197142363,0.0017330000409856439,False,False
2022-12-07,0.0014700000174343586,30,0.0,-0.00947873723051672,-0.06390058744826402,-0.34950646357598697,-0.9327531190672097,-0.9589070476578061,-1.392059985608907,29.22677624588613,3.6223450679451165e-05,0.04490515798667405,25.123827962628255,0.3341458154598561,-0.0497123294578398,-0.25688517774777503,-0.6714599221384278,inf,False,False,False,False,0.0021430000197142363,0.0017330000409856439,False,False
2022-12-08,0.0014690000098198652,74,-0.0006805087742846803,-0.004076123547060462,-0.06202516489512407,-0.351624798030125,-0.9288728876629468,-0.9328981485220446,-1.395610966957857,29.171030316307665,3.648895386880059e-05,0.041774656285827945,20.285419167336823,0.33318181314682416,-0.039806529136386624,-0.2080606341734907,-0.6683845647367815,1.4666666666666668,False,False,False,False,0.0021430000197142363,0.0017330000409856439,False,False
2022-12-09,0.0014690000098198652,36,0.0,-0.0020401386199888384,-0.04329682455793562,-0.28170784340353755,-0.9237509160757613,-0.9722836478915665,-1.4143186977866922,29.171030316307665,3.650518451757379e-05,0.03883937657776256,17.40415242659351,0.26088595663229186,-0.03205614531442549,-0.18911459113924375,-0.6650645696158596,-0.5135135135135135,False,True,False,False,0.0021430000197142363,0.0017330000409856439,False,False
2022-12-10,0.0014680000022053719,23,-0.0006809721818473076,-0.0027211108018361605,-0.039404085242066705,-0.27361908554427383,-0.9335791207038919,-0.9524150864646154,-1.4196223870415796,29.106643974973494,3.6217304280184933e-05,0.036138360547022796,14.944930683972377,0.2626478092203367,-0.02613773009764393,-0.17946654237337137,-0.6620598932745608,-0.36111111111111116,False,False,False,False,0.0021430000197142363,0.0017330000409856439,False,False
2022-12-11,0.0014649999793618917,204,-0.0020457033130361294,-0.004766814114872313,-0.020270961715947385,-0.26942777554736497,-0.9420316665152012,-0.9675157830982584,-1.422326748458054,28.900555310586256,3.554372152672473e-05,0.033967066642181444,11.951656501915817,0.26363202052010504,-0.021800847103057183,-0.17325990953840625,-0.6595018795384074,7.869565217391305,False,False,False,False,0.0021430000197142363,0.0017330000409856439,False,False
2022-12-12,0.0014649999793618917,1,0.0,-0.004087230266167028,-0.014905459584277202,-0.2652480093665395,-0.9489264075445955,-0.9775816994583664,-1.393266599153056,28.900555310586256,3.4774141347625014e-05,0.03163836174829388,8.414435574214735,0.26498972131270776,-0.016085185256204303,-0.16826580487031106,-0.6568628662431846,-0.9950980392156863,False,True,False,False,0.0021430000197142363,0.0017330000409856439,False,False
2022-12-13,0.0014649999793618917,27,0.0,-0.003407184269168112,-0.01288592149968487,-0.2472866039215193,-0.941765530087389,-0.9757824307033163,-1.3753127780957053,28.900555310586256,3.390547720435612e-05,0.029622264146229236,7.024989846785883,0.2646154020679644,-0.01270346246748996,-0.1638414337764334,-0.6541246582535477,26.0,False,False,False,False,0.0021430000197142363,0.0017330000409856439,False,False
2022-12-14,0.0014600000577047467,22,-0.00341875313754126,-0.00682593740670934,-0.01630467463722615,-0.22423877031863898,-1.0098558349567985,-0.9753346719147562,-1.3681512979683477,28.480789861983936,3.26238852013589e-05,0.02784520116826612,5.187900762580706,0.2567322332725125,-0.01264621353323737,-0.16191172789759567,-0.6525687181529948,-0.18518518518518523,False,False,False,False,0.0021430000197142363,0.0017330000409856439,False,False
2022-12-15,0.0014619999565184116,75,0.001368856342374324,-0.0047765722900503325,-0.008852695837110689,-0.23213176907500851,-1.0077382477433001,-0.9693062408957278,-1.3470600347658712,28.925466206753327,3.1523016942236476e-05,0.026065168877575182,3.98432429145064,0.25168256674765604,-0.008880789843110063,-0.15487424071223607,-0.6493609707581419,2.409090909090909,False,False,False,False,0.0021430000197142363,0.0017330000409856439,False,False
2022-12-16,0.0014440000522881746,552,-0.012388254905136672,-0.017164827195187,-0.01920496581517581,-0.23361483438566624,-1.0268454461493701,-0.9809157747115707,-1.358736667096841,27.28134457422908,2.9244944118678466e-05,0.025444918785702066,2.882329390320998,0.2519704816028242,-0.018321466059182303,-0.15943882185043656,-0.6509362240520049,6.36,False,False,False,False,0.0021430000197142363,0.0017330000409856439,False,False
2022-12-17,0.0014430000446736813,34,-0.0006927659306556193,-0.01717662094399528,-0.019897731745831454,-0.2332104991648705,-1.8883497962846123,-0.9531631437421065,-1.3327371010790097,27.18888269137676,2.7366681165989914e-05,0.02408929659391152,2.9305460912260535,0.2521095094333222,-0.017264256855128824,-0.1540030719535905,-0.6483116791871527,-0.9384057971014492,False,True,False,False,0.0021430000197142363,0.0017330000409856439,False,False
2022-12-18,0.0014400000218302011,182,-0.0020811820028543222,-0.01721209963381353,-0.021978913748685852,-0.2281310984561723,-1.667444702252854,-0.9896444179240674,-1.2268344397883248,26.894396655494447,2.564746244081964e-05,0.022564044878106527,3.1466732971894804,0.2528863382141098,-0.01773533012607537,-0.1497703104525237,-0.6463059189863533,4.352941176470588,False,False,False,False,0.0021430000197142363,0.0017330000409856439,False,False
2022-12-19,0.0014359999913722277,278,-0.002781664129936644,-0.019993763763750186,-0.024080994029917247,-0.17696836298225277,-0.92902270604594,-0.9996277543721013,-1.2245124982937727,26.482530369015976,2.3995779938098497e-05,0.021309141204861198,3.413937142062404,0.19004851257737332,-0.01885762749903592,-0.14609201281796869,-0.6445839300921099,0.5274725274725274,False,True,False,False,0.0021430000197142363,0.0017330000409856439,False,False
2022-12-20,0.0014169999631121755,672,-0.013319529941630484,-0.03331329370538066,-0.03672047797454882,-0.1660765170818173,-0.6046591363341203,-0.9990115887481988,-1.1949698319901565,24.55866439139446,2.1461055703958214e-05,0.021161362418297133,4.177593330102208,0.1803912515135442,-0.02961824998717854,-0.15081565157884635,-0.6466444415001575,1.4172661870503598,False,True,False,False,0.0021430000197142363,0.0017330000409856439,False,False
2022-12-21,0.0014149999478831887,91,-0.0014124404126724228,-0.03130698098051185,-0.038132918387221264,-0.15968807845968808,-0.4935752313558031,-1.0107654015060805,-1.1780568813050012,24.35806855110461,1.9541719482150678e-05,0.020384329552535593,4.872387272238197,0.1807576058539617,-0.02899300707205601,-0.14531466971710932,-0.6445344484382622,-0.8645833333333334,False,True,False,False,0.0021430000197142363,0.0017330000409856439,False,False
2022-12-22,0.0014149999478831887,17,0.0,-0.03267583732288626,-0.03745240961293661,-0.14695681996747031,-0.34451659630005205,-0.9852365216461225,-1.1763147073355529,24.35806855110461,1.819180808865635e-05,0.018978780078490232,5.39881584972302,0.17964173294139427,-0.027090247143948542,-0.13842447992436663,-0.6419493785914819,-0.8131868131868132,False,True,False,False,0.0021430000197142363,0.0017330000409856439,False,False
2022-12-23,0.0014189999783411622,46,0.002822888650922482,-0.017464693766827206,-0.03462952096201416,-0.09921061718456291,-0.30808563878989703,-0.9420313014565229,-1.1651748911494093,25.764530543131784,1.748337552039521e-05,0.017825157240889355,5.683447883425648,0.10909749283396246,-0.022558995935150705,-0.1288278944889585,-0.6383617009509701,1.7058823529411766,False,False,False,False,0.0021430000197142363,0.0017330000409856439,False,False
2022-12-24,0.0014189999783411622,21,0.0,-0.01677192783617151,-0.03394854878016678,-0.09665468585713823,-0.3229921021880797,-0.9343092608169467,-1.1346023116412338,25.764530543131784,1.691902590977642e-05,0.016803619942186182,5.865892433063012,0.10968167331519803,-0.020771526941153334,-0.12151455416161482,-0.6357994575205661,-0.5434782608695652,False,False,False,False,0.0021430000197142363,0.0017330000409856439,False,False
2022-12-25,0.0014149999478831887,20,-0.002822888650922424,-0.017513634484239544,-0.03472573411805313,-0.08074923417087221,-0.37993586675362634,-0.9687423975954242,-1.1054206504795994,25.220665311034892,1.618073436334647e-05,0.018575283284942488,6.046095340986152,0.09433745886782299,-0.021641461920323072,-0.11644232789434641,-0.6343796936937578,-0.04761904761904767,False,False,False,False,0.0021430000197142363,0.0017330000409856439,False,False
2022-12-26,0.0014029999729245901,911,-0.008516712441433026,-0.02324868279573583,-0.043242446559486065,-0.08469223511458893,-0.37678499397379944,-0.9637563624213076,-1.0828074089606239,23.610480889945535,1.4824704908856986e-05,0.018159674581357584,6.395972998968418,0.09630949613624508,-0.02768635032784459,-0.11647650683305501,-0.6349937771030437,44.55,False,False,False,False,0.0021430000197142363,0.0017330000409856439,False,False
2022-12-27,0.0014090000186115503,18,0.004267464303493707,-0.005661688550611661,-0.038974982255992344,-0.05924594397193977,-0.3769088851063131,-0.9836641247185267,-1.0619905159254857,26.14930474699362,1.4267505370957096e-05,0.017145612244322032,6.479824818289889,0.07345696227874078,-0.021459805212724666,-0.10507862334583641,-0.6309702116842786,-0.9802414928649835,False,True,False,False,0.0021430000197142363,0.0017330000409856439,False,False
2022-12-28,0.0013960000360384583,576,-0.009269215969897366,-0.013518464107836588,-0.04482544508834841,-0.0631496578101669,-0.379828825023234,-0.9411929559011987,-1.0357914410843136,24.267410850671993,1.299515032258765e-05,0.0167343510927957,6.734868483025333,0.07690589670215749,-0.028024339373947778,-0.10547223488692847,-0.6320753262350536,31.0,False,False,True,False,0.001471000025048852,0.0017330000409856439,False,False
2022-12-29,0.0013960000360384583,3,0.0,-0.013518464107836588,-0.04619430143072279,-0.06113011972557456,-0.37688473755502083,-1.0385844647082885,-1.0496788466720524,24.267410850671993,1.2141258550474261e-05,0.015999537224459504,6.832670734750791,0.07725595853799098,-0.02554792592951197,-0.09911070723829042,-0.6298127895740885,-0.9947916666666666,False,False,False,False,0.001471000025048852,0.0017330000409856439,False,False
2022-12-30,0.001382000045850873,1372,-0.010079271633029926,-0.026420624391788855,-0.0438853181586161,-0.07120939135860448,-0.4030501566769601,-0.9615601115770205,-0.9992901654271986,22.266020000325653,1.067329481921796e-05,0.015885859617480444,7.116382198356836,0.08177725053858934,-0.03241612477975041,-0.10179248951648871,-0.6313359024087124,456.3333333333333,False,False,False,False,0.001471000025048852,0.0017330000409856439,False,False
2022-12-31,0.0013780000153928995,298,-0.00289857476073412,-0.02931919915252305,-0.04609112698869458,-0.0680248436615976,-0.40643217725522696,-1.0064418358600138,-1.0431599659086133,21.71497378134687,9.51124323534564e-06,0.015104986822953926,7.357167459655263,0.08070652542209471,-0.032269379700012084,-0.09806128341714516,-0.6302224669362645,-0.782798833819242,False,True,False,False,0.001471000025048852,0.0017330000409856439,False,False
2023-01-01,0.0013760000001639128,61,-0.0014524441316562907,-0.027948754633256898,-0.04546238911749652,-0.06744130286618233,-0.41174379699165503,-1.005238215730545,-1.0535216119151964,21.429405321696834,8.707806375429188e-06,0.014150267450453474,7.4386516843323145,0.08075324709183683,-0.03064459278529352,-0.09303031061202871,-0.628558857649093,-0.7953020134228188,False,True,False,False,0.001471000025048852,0.0017330000409856439,False,False
2023-01-02,0.0013749999925494194,38,-0.0007270139303440487,-0.020159056122167996,-0.04340773891790391,-0.06816831679652635,-0.42062244036128255,-1.0117992252381098,-1.0555149983110172,21.278726832626944,8.21523106239967e-06,0.013201038606510809,7.328591534485458,0.08053804591769767,-0.028268556687653136,-0.08766389775161806,-0.6266868690675552,-0.3770491803278688,False,False,False,False,0.001471000025048852,0.0017330000409856439,False,False
2023-01-03,0.001370999962091446,178,-0.0029133527700482636,-0.027339873195710115,-0.03300156174632167,-0.07108166956657466,-0.4249673323891294,-1.0088785824309374,-0.9821959439951573,20.65316194736218,7.73314073378855e-06,0.012502271590389524,7.2178503692149025,0.08014363941070761,-0.02803873207220126,-0.08477973593287307,-0.6256026720692278,3.6842105263157894,False,True,False,False,0.001471000025048852,0.0017330000409856439,False,False
2023-01-04,0.0013670000480487943,533,-0.002921780038988907,-0.020992437264801676,-0.034510901372638216,-0.07332386575685845,-0.43169685675847835,-1.0144564267310514,-0.984024520715786,20.019366525448063,7.265276199293348e-06,0.011904477690639398,6.89821049020486,0.07992993838420304,-0.0275999089595416,-0.08160109119775372,-0.6245062421541346,1.99438202247191,False,True,False,False,0.001471000025048852,0.0017330000409856439,False,False
2023-01-05,0.0013670000480487943,43,0.0,-0.020992437264801676,-0.034510901372638216,-0.07264381975985942,-0.4192684150460446,-1.0072688616018388,-1.0442469588771413,20.019366525448063,7.069560484559361e-06,0.01110641031558662,6.843128040832591,0.08015372700379823,-0.02492952802083878,-0.07592675045881553,-0.622275508083048,-0.9193245778611632,False,True,False,False,0.001471000025048852,0.0017330000409856439,False,False
2023-01-06,0.0013680000556632876,18,0.0007312669990024175,-0.010181898632769425,-0.036602523024558235,-0.07191255276085706,-0.4214190163368441,-1.0046656718280669,-1.0308196004186632,20.724745012280096,7.102387310211688e-06,0.010462193135487276,6.614371585737428,0.08047173261873478,-0.021599159441744547,-0.06953963542925017,-0.6197644505746894,-0.5813953488372092,False,False,False,False,0.001471000025048852,0.0017330000409856439,False,False
2023-01-07,0.0013680000556632876,160,0.0,-0.007283323872035266,-0.036602523024558235,-0.07123204398657249,-0.4228568420166973,-1.0001049316495194,-1.004130192508617,20.72474501228008,7.196733409026913e-06,0.009819316074237451,6.2828699777339665,0.08068915090950743,-0.019073531042488667,-0.06392409710236806,-0.6175394895017148,7.888888888888889,False,False,False,False,0.001471000025048852,0.0017330000409856439,False,False
2023-01-08,0.0013569999719038606,339,-0.008073499741761688,-0.013904379482140608,-0.041853134115397615,-0.0793055437283342,-0.3610133871318717,-1.0030564598040954,-1.0515891916199005,18.628780834944635,6.6062903595209024e-06,0.010034042190395893,6.09641995483149,0.08259074434463233,-0.024197338791703618,-0.06689223323868014,-0.6183292076767084,1.11875,False,False,False,False,0.001471000025048852,0.0017330000409856439,False,False
2023-01-09,0.0013439999893307686,494,-0.009626125985592364,-0.02280349153738903,-0.042962547659557065,-0.0882506975320792,-0.36186978307635304,-1.021829818235971,-1.0406657839966946,16.504428225064174,5.474900796528998e-06,0.010151494808660096,6.512808346781357,0.0857487473895781,-0.03100217233340283,-0.07163087543007554,-0.6197546551544837,0.45722713864306774,False,True,False,False,0.001471000025048852,0.0017330000409856439,False,False
2023-01-10,0.0013539999490603805,581,0.007412902705960932,-0.012477236061379831,-0.03981710925708992,-0.07879209151308222,-0.3482198670604473,-1.0208237580282835,-1.0463078746113406,23.711235634450944,5.519089928510093e-06,0.00998981314474453,6.565112457791714,0.0930304899539186,-0.02164099380553901,-0.06075282584952279,-0.6145031259244808,0.1761133603238867,False,True,False,False,0.001471000025048852,0.0017330000409856439,False,False
2023-01-11,0.0013389999512583017,579,-0.011140106561034683,-0.020695562583425493,-0.04168799984822719,-0.08993219807411693,-0.3551802074406563,-1.0388586056187123,-1.0675138975324832,20.80972924862148,4.6897745368814855e-06,0.010180341891996555,6.8236525531955365,0.09709827297099889,-0.029815636939906257,-0.0672759825887611,-0.6163208496922282,-0.0034423407917383297,False,False,True,False,0.0013729999773204327,0.0017330000409856439,False,False
2023-01-12,0.00133200001437217,263,-0.0052414473993529845,-0.025937009982778536,-0.04692944724758028,-0.09517364547346983,-0.34246024939498926,-1.036939175560859,-1.0709560761767862,19.60412591596473,3.856293768898122e-06,0.009985475920700782,6.976910537844638,0.09678225665556747,-0.03183601537110409,-0.06910432122513595,-0.615946298533379,-0.5457685664939551,False,True,False,False,0.0013729999773204327,0.0017330000409856439,False,False
2023-01-13,0.00133200001437217,346,0.0,-0.026668276981780894,-0.03685017561455026,-0.09175489233592873,-0.3159936626545677,-1.1016107272927271,-1.0670895642506848,19.60412591596473,3.5018250082284466e-06,0.009647605870269109,6.899196853165219,0.09740539848538085,-0.028765169500160268,-0.06608892553599827,-0.6134901201338557,0.3155893536121672,False,True,False,False,0.0013729999773204327,0.0017330000409856439,False,False
2023-01-14,0.0013500000350177288,1691,0.013423035481281388,-0.01324524150049957,-0.02052856537253477,-0.0797007131970217,-0.3118324822720302,-1.0874389609403219,-1.0490069540927494,31.448293095102287,4.6069114306335375e-06,0.01000306832019404,6.386200827626132,0.11224558634354768,-0.01330213087345369,-0.05101995690755833,-0.6057841592861783,3.88728323699422,False,False,False,False,0.0013729999773204327,0.0017330000409856439,False,False
2023-01-15,0.0013510000426322222,66,0.0007404721447142646,-0.004431269614023607,-0.01833564909616433,-0.06657198614717083,-0.3001868205328371,-1.0934174322965409,-1.0474877608587414,32.04724619348289,5.473487109630863e-06,0.00954604451453984,6.035971098069572,0.107145023837605,-0.01069125023609572,-0.047961300989625276,-0.6030539173125702,-0.960969840331165,True,False,False,False,0.0013729999773204327,0.0017330000409856439,False,False
2023-01-16,0.0013429999817162752,3894,-0.005939186607101314,-0.000744330235532517,-0.0235478217729215,-0.07181840682361641,-0.3050289059884868,-1.9601682031082286,-1.024981550565723,29.80377503928264,5.558303014232619e-06,0.00976796048379743,5.454642628613704,0.10776535540020654,-0.014167239499890105,-0.05156708577706005,-0.6029335092184749,58.0,False,False,False,True,0.0013729999773204327,0.0013269999762997031,False,False
2023-01-17,0.0013470000121742487,207,0.002974002539264475,-0.005183230402228905,-0.017660466463608793,-0.06676322228149767,-0.29489432073766986,-1.7342079245343516,-1.056407640205565,32.35370626918677,5.90183014775945e-06,0.009308455628954646,5.043862583948563,0.10938047983471877,-0.009449570753122406,-0.04685752680244023,-0.5992663606593562,-0.9468412942989214,False,False,False,False,0.0013729999773204327,0.0013269999762997031,False,False
2023-01-18,0.0013370000524446368,370,-0.007451569120860867,-0.0014946929620552152,-0.02219025554548072,-0.07143312727242192,-0.24840149025467476,-1.000455833318362,-1.0710608816445233,29.471430302349546,5.482606075549786e-06,0.009295882493357539,4.624441753678156,0.11088194530694435,-0.01466575228004559,-0.051961280436523115,-0.5998144098754485,0.78743961352657,False,False,False,False,0.0013729999773204327,0.0013269999762997031,False,False
2023-01-19,0.0013419999741017818,234,0.0037326819058522104,0.007479436343150089,-0.01845757363962856,-0.0543809154249392,-0.22045743250675642,-0.6590400517590597,-1.053392504173138,32.69975918921638,5.552042162512709e-06,0.009025531601439988,4.395678910301434,0.10553357641664032,-0.009521023041929184,-0.04649578832355582,-0.5958080994225712,-0.3675675675675676,False,False,False,False,0.0013729999773204327,0.0013269999762997031,False,False
2023-01-20,0.0013419999741017818,18,0.0,0.007479436343150089,-0.01918884063863091,-0.05296847501226677,-0.21265655347195483,-0.5465437063680699,-1.0637338765183473,32.69975918921638,5.5923834693270895e-06,0.008646980119633848,4.181604848436572,0.1057158410428085,-0.00820340853065343,-0.04469029369361829,-0.5932889742531859,-0.9230769230769231,False,False,False,False,0.0013729999773204327,0.0013269999762997031,False,False
2023-01-21,0.0013409999664872885,6,-0.0007454399425598532,-0.00668903908069125,-0.019934280581190844,-0.05371391495482674,-0.20067073492229706,-0.39823051125487874,-1.0389504366009492,32.356217132821556,5.535809650733211e-06,0.008301647907105011,3.9505533122891374,0.10559104550556166,-0.007659035801073276,-0.04361844377895178,-0.5910637947943433,-0.6666666666666667,False,False,False,False,0.0013729999773204327,0.0013269999762997031,False,False
2023-01-22,0.0013419999741017818,14,0.000745439942559918,-0.006684071282845554,-0.011115340896869226,-0.05579136366318918,-0.15500198084775216,-0.3638770024530863,-0.9978226651197121,33.11298357239552,5.536476071686626e-06,0.008128729603774849,3.6515172575935084,0.10469348219537838,-0.0057049933370837465,-0.04112723170207778,-0.5881932457061273,1.3333333333333335,False,False,False,False,0.0013729999773204327,0.0013269999762997031,False,False
2023-01-23,0.0013370000524446368,3,-0.0037326819058521297,-0.004477566581596396,-0.005221896817129017,-0.059524045569041346,-0.15617873142617958,-0.38251614775712106,-0.9938333063859879,31.231618633959172,5.177464412904273e-06,0.008003726496142257,3.438813721843728,0.10466853703560504,-0.008160204477811725,-0.042853221104671886,-0.5871443335866845,-0.7857142857142857,False,False,False,False,0.0013729999773204327,0.0013269999762997031,False,False
2023-01-24,0.0012880000285804272,1877,-0.037337687473478265,-0.04478925659433911,-0.049972486996568095,-0.09403884439159722,-0.17478807856246945,-0.47397471114522355,-1.0627812419870215,19.52412235286232,1.7920492669746407e-06,0.010820360032556882,4.985689817971291,0.16179626283036078,-0.041702301472564846,-0.0755095996724261,-0.5997246480088765,624.6666666666666,False,False,False,False,0.0013729999773204327,0.0013269999762997031,False,True
2023-01-25,0.0012870000209659338,364,-0.0007767049673979598,-0.03811439244087628,-0.039609085402931475,-0.08629883691756218,-0.17099107203215108,-0.46308383089136157,-1.0500551993388698,19.364582432515604,-2.536234399446912e-07,0.010332786515980946,5.977737855396694,0.16080513440546695,-0.039588063597124086,-0.07379419228580242,-0.5974231277868879,-0.8060735215769845,False,True,False,False,0.0013729999773204327,0.0013269999762997031,False,False
2023-01-26,0.001285000005736947,52,-0.0015552220928029326,-0.04340229643953134,-0.035922860096381334,-0.0921215233138589,-0.1513674672857986,-0.469030408420172,-1.0757856480323855,19.02966051427562,-1.4155740882404765e-06,0.009832011322036975,6.670428153089299,0.15881961068673076,-0.03810165241392322,-0.07276453051154237,-0.5954055702761099,-0.8571428571428572,False,False,False,False,0.0013729999773204327,0.0013269999762997031,False,False
2023-01-27,0.0012890000361949205,82,0.0031080292251618627,-0.04029426721436952,-0.032814830871219544,-0.07974427811879976,-0.1428939359289666,-0.45957310314203387,-1.0209372340199985,21.937642910090517,-1.5765782194864817e-06,0.009489293935545625,6.97309607330243,0.1586074392178799,-0.032245929711488784,-0.06745570017762859,-0.5914712798269024,0.5769230769230769,False,False,False,False,0.0013729999773204327,0.0013269999762997031,False,False
2023-01-28,0.0012919999426230788,134,0.0023246089141321156,-0.03722421835767739,-0.04391325743836876,-0.07741966920466753,-0.13854978893024214,-0.4543044067596885,-1.1160041339129563,24.13812815648859,-1.1620006012354108e-06,0.00906744979454838,7.231437511606035,0.15930351536625095,-0.02762102674668956,-0.06288536979884637,-0.5879110123577062,0.6341463414634145,False,False,False,False,0.0013729999773204327,0.0013269999762997031,False,False
2023-01-29,0.0012939999578520656,324,0.0015468025558614232,-0.036422855744375954,-0.043106927027221534,-0.06579359501577622,-0.13700298637438077,-0.4688437516927363,-1.0273537065927967,25.64303199651046,-4.6955462306076017e-07,0.008793156439641374,7.505635258962316,0.1575677861499626,-0.024279928726119282,-0.05905967284218332,-0.5844479632827662,1.417910447761194,False,False,False,False,0.0013729999773204327,0.0013269999762997031,False,False
2023-01-30,0.0012870000209659338,881,-0.005424218602352402,-0.03811439244087628,-0.04259195902247268,-0.0683192388573945,-0.13634408251899213,-0.4747514161126216,-1.0747610747174083,23.859075297499345,-2.125310109700862e-07,0.008819982104834622,7.686738514130644,0.1579559029978515,-0.027100564585928518,-0.06172082072063375,-0.5838634680600792,1.7191358024691357,False,False,False,False,0.0013729999773204327,0.0013269999762997031,False,False
2023-01-31,0.0012910000514239073,272,0.003103206792584249,0.002326501825186342,-0.04246275476915273,-0.06376358793315387,-0.1312048907993362,-0.4755073849248088,-1.0690018036636988,26.985016350759437,4.60581314270899e-07,0.00866255775581386,7.888602927440978,0.15905082972254192,-0.02230296968082879,-0.05641067101000697,-0.5796958094258813,-0.6912599318955732,False,False,False,False,0.0013729999773204327,0.0013269999762997031,False,False
2023-02-01,0.001285000005736947,125,-0.004658428885387373,-0.0015552220928029326,-0.039669614533679176,-0.06769500288819716,-0.1358633196847236,-0.48831744324947973,-1.079494228126307,25.30669901851813,7.199730680324693e-07,0.008803985240290017,8.19243148147266,0.15920684884064448,-0.025111904680113588,-0.05831830895918576,-0.5789059743078314,-0.5404411764705883,False,False,True,False,0.001297999988310039,0.0013269999762997031,False,False
2023-02-02,0.001285000005736947,6784,0.0,0.0,-0.04340229643953134,-0.06478165011814883,-0.1358633196847236,-0.4897489825072783,-1.0736602325490863,25.30669901851813,1.0877229726169115e-06,0.010342997275386517,8.427072717536607,0.15937978474926048,-0.023370701995225444,-0.05589678569075836,-0.5761153356777712,53.272,False,False,False,False,0.001297999988310039,0.0013269999762997031,False,False
2023-02-03,0.0012939999578520656,467,0.006979440695155437,0.003871411469993634,-0.036422855744375954,-0.05488042938400455,-0.12820429514086296,-0.48657728614248286,-1.0693368561150558,32.59912359320295,2.0759883869938925e-06,0.010034208892290283,8.206249356090103,0.16249507125560364,-0.014433181229697037,-0.04693165380558255,-0.57028670133211,-0.9311615566037736,False,False,False,False,0.001297999988310039,0.0013269999762997031,False,False
2023-02-04,0.0012989999959245324,212,0.003856571044185281,0.005403373600046661,-0.031820844757630765,-0.0510238583398193,-0.12366767809967866,-0.4702922733858638,-1.0582927199416579,36.31891464643892,3.1413776283363863e-06,0.009611541995133258,7.819279326337407,0.16359460972669201,-0.008661811673476601,-0.041201049489082736,-0.5657616998954694,-0.5460385438972163,False,False,False,True,0.001297999988310039,0.0012829999905079603,True,False
2023-02-05,0.001290000043809414,1108,-0.00695248221670785,-0.0030959111725226795,-0.0395187669168986,-0.058707607555529506,-0.13062016031638665,-0.48012662389237354,-1.0633732793835964,32.808992620406144,3.2986506234881785e-06,0.009817835046681826,7.594896341243746,0.1643505718965111,-0.013535183987084549,-0.04568855267135339,-0.5659619865685394,4.226415094339623,False,False,True,False,0.0013229999458417296,0.0012829999905079603,False,False
2023-02-06,0.0012919999426230788,70,0.0015491086166612151,0.003877416046491121,-0.03423697639438515,-0.05715849893886829,-0.12839054292544064,-0.48001534095556564,-1.0572634305883877,34.32778626270985,3.5729559349742234e-06,0.009378871545516743,7.149644668484409,0.16467123916749069,-0.0099237962048427,-0.042111549254567386,-0.5624440353138511,-0.9368231046931408,False,True,False,False,0.0013229999458417296,0.0012829999905079603,False,False
2023-02-07,0.0012420000275596976,4153,-0.039468355249968,-0.03869414599606128,-0.03636764417087483,-0.08855335444707446,-0.16785889817540872,-0.4495667415789462,-1.0916098142511699,21.340133343755056,5.795851674525075e-07,0.012280163071947,7.952842692584299,0.2097216675486568,-0.044762322500713866,-0.07652497795932114,-0.576680616123643,58.32857142857143,False,False,False,False,0.0013229999458417296,0.0012829999905079603,False,True
2023-02-08,0.0012509999796748161,896,0.00722020953656526,-0.026815507574108825,-0.028370729666911797,-0.07170701892491693,-0.1599577164569962,-0.43357680200126997,-1.093536837160888,26.714860367185224,-5.410715219917732e-07,0.012063235318320285,8.057833238441653,0.21120066896907813,-0.03446148254663065,-0.06753132197357088,-0.5708831795416293,-0.7842523477004575,False,True,False,False,0.0013229999458417296,0.0012829999905079603,False,False
2023-02-09,0.0012469999492168427,57,-0.0032025892639901397,-0.030018096838098852,-0.030018096838098852,-0.08232251089486792,-0.1611146024079501,-0.43054237795531514,-1.1031462689231515,25.86882655954004,-1.2575959383786194e-06,0.011581185147201975,8.018107598732689,0.20822391271954555,-0.03400731979035094,-0.06817913979683245,-0.5694893441538278,-0.9363839285714286,False,False,False,False,0.0013229999458417296,0.0012829999905079603,False,False
2023-02-10,0.0012469999492168427,68,0.0,-0.03699753753325433,-0.03312612606326078,-0.07118240433383334,-0.1611146024079501,-0.4263626117744896,-1.1100410099525457,25.86882655954004,-1.425117766892586e-06,0.010983074042091673,7.7334328702698505,0.20618599403786667,-0.030477412746130025,-0.06583367199283685,-0.5667657005465634,0.1929824561403508,False,False,False,True,0.0013229999458417296,0.0012379999971017241,False,False
2023-02-11,0.0012519999872893095,20,0.004001636551963513,-0.03685247202547596,-0.03144909842542939,-0.06193932038251668,-0.15711296585598658,-0.40439956977750585,-1.0988784959433755,29.122848266741144,-9.174147577612251e-07,0.010443099382493364,6.984795636749712,0.20708610715684198,-0.023172357670903927,-0.05973535468255024,-0.5622553696275241,-0.7058823529411764,False,False,False,False,0.0013229999458417296,0.0012379999971017241,False,False
2023-02-12,0.001246000058017671,21,-0.004803795597198748,-0.034703785405966935,-0.037799696578489556,-0.06674311597971551,-0.1584980083156442,-0.3827367786342832,-1.1683538432724427,27.559524964039724,-7.130097765153565e-07,0.010202466179635031,6.193294968403883,0.20716118376982245,-0.02439019721461056,-0.06180346435264989,-0.5605930040484681,0.050000000000000044,False,False,False,False,0.0013229999458417296,0.0012379999971017241,False,False
2023-02-13,0.001247999956831336,22,0.0016037684285604987,-0.03464912559406768,-0.030771709547576603,-0.07856238303243643,-0.1582630962294581,-0.3903948653044666,-1.1660013439727583,28.928999491118432,-1.9726593731421132e-07,0.009573000198714926,6.4564063456254,0.19989960563586748,-0.021291642585414244,-0.057928383157905806,-0.5562067219011482,0.04761904761904767,False,False,False,False,0.0013229999458417296,0.0012379999971017241,False,False
2023-02-14,0.0012489999644458294,110,0.0008009673203710769,0.005620196976271364,-0.03307394901978978,-0.07850188785677947,-0.1450738740039502,-0.37868870838961655,-1.1719193201533202,29.645219172328297,4.2322181071105e-07,0.00899647544085049,6.643412466363954,0.19991251163718718,-0.01904577077899336,-0.05497634682118308,-0.5520391504669041,4.0,False,False,False,False,0.0013229999458417296,0.0012379999971017241,False,False
2023-02-15,0.001247999956831336,141,-0.0008009673203711663,-0.0024009798806648363,-0.029216487454773604,-0.07336366857004932,-0.14518207539366568,-0.37839257455853614,-2.033531871678278,29.326942149144188,9.482331108721362e-07,0.00841779877957679,6.811517888426412,0.19964091993599054,-0.01840493381579674,-0.05342681122347899,-0.5484461722015488,0.28181818181818175,False,False,False,True,0.0013229999458417296,0.0012440000427886844,False,False
2023-02-16,0.0012369999894872308,7137,-0.008853150445209675,-0.008051541061884425,-0.03806963789998333,-0.08519082155452343,-0.15195404383602104,-0.38008514229219326,-1.8193987460888752,26.017945050116964,7.455443800220385e-07,0.011523869870869105,7.089182937181278,0.19986224979440295,-0.025063050118714212,-0.05950155212374467,-0.5485986354781296,49.61702127659574,False,False,False,False,0.0013229999458417296,0.0012440000427886844,False,True
2023-02-17,0.0013249999610707164,4241,0.06872334514584374,0.06067180408395928,0.023674266550704898,-0.009015907287818816,-0.08044903456024076,-0.25741739754249354,-1.0094717406061806,62.485412278711856,6.4136182198246755e-06,0.015596514033360551,7.927369376747374,0.3189045818628704,0.042937520960508034,0.008494155743324603,-0.5123935009843017,-0.40577273364158606,False,False,False,False,0.0013229999458417296,0.0012440000427886844,True,False
2023-02-18,0.0013129999861121178,4326,-0.00909784531414882,0.04757232221784678,0.010719850192370881,-0.021846434507819798,-0.07622734993275904,-0.24230386701457637,-0.6808864862668794,58.26758563910199,9.06786160313939e-06,0.015376451937154567,8.299129266075198,0.32000064137902773,0.03271983401339559,0.0004114318260225421,-0.5126324036851951,0.0200424428200896,True,False,False,False,0.0013229999458417296,0.0012440000427886844,False,False
2023-02-19,0.0012499999720603228,3245,-0.04917105578097716,0.003205062034068462,-0.03149872337189842,-0.07101749028879698,-0.12398596530106379,-0.2836740437607519,-0.6175611966568669,42.17273789901958,6.418583779472468e-06,0.018712039539387843,8.354749705700206,0.3618225229976214,-0.015399169142771327,-0.04572870103740998,-0.5319544198690368,-0.24988441978733245,False,False,False,True,0.0013229999458417296,0.001193000003695488,False,False
2023-02-20,0.001218999968841672,2270,-0.025112704023897998,-0.023511410418390003,-0.05816053601245765,-0.09538475437013512,-0.1490986693249618,-0.29605548929243214,-0.493615265625014,36.78792175625237,2.6115778135219633e-06,0.019751005671035857,8.908666106226223,0.3703307591374836,-0.03708678439813604,-0.0671584898360959,-0.539528245992549,-0.30046224961479195,False,True,True,False,0.00133200001437217,0.001193000003695488,False,False
2023-02-21,0.001193000003695488,2296,-0.02155967872514776,-0.045872056463908864,-0.04025185948763743,-0.11768987303784272,-0.17348123670103194,-0.27269185388559486,-0.481566875490929,32.98394864406636,-1.4083617448972993e-06,0.02035649326883571,10.136590363549358,0.3754920303346872,-0.054187957387404576,-0.0845048756706211,-0.5452050189076496,0.011453744493391982,False,True,False,False,0.00133200001437217,0.001193000003695488,False,False
2023-02-22,0.0011859999503940344,1046,-0.005884887464167072,-0.050955976607704755,-0.053356956488369724,-0.11984207859615766,-0.17936612416519904,-0.2760208100223372,-0.5023582263532789,32.023843270173174,-4.135292151607821e-06,0.019495840131282395,11.270206408553717,0.3755533387211878,-0.05603313496631031,-0.08728513235142413,-0.5436785630281913,-0.544425087108014,False,True,False,False,0.00133200001437217,0.001193000003695488,False,True
2023-02-23,0.0010260000126436353,27882,-0.144918499677446,-0.18702132583994094,-0.19507286690182551,-0.22742289080012526,-0.3214617351917226,-0.4022109693625947,-0.7013976019453488,18.656419725013322,-1.5663509296426052e-05,0.03241345173050782,19.46064598957667,0.6100392009385229,-0.17457761315254522,-0.20625095485826833,-0.6013993713192268,25.65583173996176,False,True,False,False,0.00133200001437217,0.001193000003695488,False,False
2023-02-24,0.001019999966956675,279,-0.005865164171046443,-0.26160983515683117,-0.2009380310728718,-0.23251135000377376,-0.318810186921336,-0.40350242203592485,-0.6955951808951354,18.347132570321477,-2.224026062147441e-05,0.030695426078157475,24.76910080142097,0.6095829126977239,-0.17009073475961745,-0.20663319124149304,-0.5998517231453229,-0.9899935442220787,False,True,False,False,0.00133200001437217,0.001193000003695488,False,False
2023-02-25,0.0010189999593421817,233,-0.000980880559899201,-0.25349287040258145,-0.2059205481847346,-0.23193700847087,-0.32405853178472893,-0.38330447575666865,-0.7009674168910419,18.292701751691894,-2.499898412301675e-05,0.028600964566463955,28.743163393343004,0.6096596654768708,-0.1616618852101232,-0.20308445796539487,-0.5963685214811003,-0.16487455197132617,False,True,False,False,0.00133200001437217,0.001193000003695488,False,False
2023-02-26,0.001019999966956675,105,0.0009808805598992092,-0.2033409340617052,-0.20013587202763675,-0.2340641571361326,-0.31380843525493246,-0.37695809306509936,-0.6936372602781665,18.55291947451795,-2.5035410866646004e-05,0.02786253526920902,31.681858130351497,0.6092286644514894,-0.1513437179922028,-0.19793667288028668,-0.5920040934924438,-0.5493562231759657,False,False,False,False,0.00133200001437217,0.001193000003695488,False,False
2023-02-27,0.0010920000495389104,6384,0.06820832778725221,-0.11001990225055482,-0.13353131266894486,-0.1681804382630126,-0.2456001074676802,-0.30673022719325466,-0.622484845022701,34.682406883650586,-1.8775525511146178e-05,0.029399346702910067,32.69235104534865,0.6639018825066934,-0.08573336541837379,-0.13772677613732065,-0.5588359860140597,59.8,False,False,False,False,0.00133200001437217,0.001193000003695488,False,False
2023-02-28,0.0010730000212788582,1545,-0.017552439208271653,-0.10601266273367878,-0.1518847191975877,-0.18727968002714568,-0.2530732750429219,-0.3242826664015265,-0.6561234317198821,32.83449474723659,-1.4662008506617912e-05,0.02911417733518689,33.78663979026222,0.6646540379979722,-0.09489663600762006,-0.14908800374851067,-0.5620908547734944,-0.7579887218045113,True,False,False,False,0.00133200001437217,0.001193000003695488,False,False
2023-03-01,0.0010400000028312206,2577,-0.03123776760413426,-0.13136554287364605,-0.18232151948135095,-0.2130932290289275,-0.281412467886322,-0.3494373115479197,-0.6878446451415491,29.858795766815476,-1.2969459945091952e-05,0.030158906933685583,35.35605922357931,0.6703285065020704,-0.11500658058877138,-0.17112980762334573,-0.5711525885396977,0.6679611650485437,False,False,False,True,0.00133200001437217,0.0010179999517276883,False,False
2023-03-02,0.0010489999549463391,489,0.008616570589397937,0.02216952739319787,-0.16485179844674325,-0.2075798652321139,-0.27134345316526776,-0.3387847560314501,-0.6830872501569226,31.677381829054227,-1.0173153669693167e-05,0.02837725676614208,36.37552218904923,0.6716596005565666,-0.09976402581481951,-0.1600743363081768,-0.5630705214389083,-0.810244470314319,False,True,True,False,0.0010989999864250422,0.0010179999517276883,False,False
2023-03-03,0.0010010000551119447,3707,-0.046837731075037,-0.01880303951079279,-0.2804128746676239,-0.2497591674217636,-0.31745417030996065,-0.38562248710648706,-0.7380766106712432,27.57150490091111,-1.044603115255287e-05,0.031038997415806333,38.08283080686121,0.685836522443834,-0.13160400308333461,-0.1942364491623058,-0.5788578871280765,6.580777096114519,False,False,False,False,0.0010989999864250422,0.0010179999517276883,False,True
2023-03-04,0.0009869999485090375,1820,-0.014084847107788205,-0.03190700605868183,-0.28539987646126336,-0.26384401452955175,-0.3286256646477006,-0.3997073342142754,-0.75359299703683,26.492901303559307,-1.0434712874229918e-05,0.03038866137884596,39.72746163440573,0.6854441338240836,-0.13402065035733357,-0.20106851738671513,-0.580558682433876,-0.5090369571081736,False,True,False,False,0.0010989999864250422,0.0010179999517276883,False,False
2023-03-05,0.0009879999561235309,127,0.0010126660741664763,-0.03187522054441451,-0.23521615460611964,-0.2698107891505408,-0.3246912185345452,-0.39801508429140364,-0.7563880752930235,26.713438771952013,-9.264804453718264e-06,0.028334066659108016,40.802820832884365,0.6840303807241742,-0.12314180466626613,-0.1955445849566637,-0.5759574945680985,-0.9302197802197802,False,True,False,False,0.0010989999864250422,0.0010179999517276883,False,False
2023-03-06,0.0009899999713525176,101,0.002022260853299261,-0.09806128747836755,-0.2080811897289225,-0.2716450993414267,-0.32266895768124615,-0.39531277744110555,-0.7419373727272907,27.183976811575263,-7.345108197104899e-06,0.026401353667073454,41.30857763272906,0.6836264700676381,-0.11115102646269354,-0.1891493611679846,-0.5708359286586029,-0.20472440944881887,False,False,False,False,0.0010989999864250422,0.0010179999517276883,False,False
2023-03-07,0.0009869999485090375,148,-0.00303492692746565,-0.08354377519756151,-0.18955643793124044,-0.26772754405218463,-0.3264351516077141,-0.39834770436857114,-0.7478541679445581,26.90492927567462,-5.358442861986949e-06,0.024879529877012595,41.37460905261954,0.6839146127857708,-0.10333866510051609,-0.18686464492791383,-0.5679371960826461,0.4653465346534653,False,False,False,False,0.0010989999864250422,0.0010179999517276883,False,False
2023-03-08,0.000986000057309866,24,-0.00101357453808855,-0.053319582131515886,-0.1846851250051619,-0.27029022720693446,-0.32744872614580267,-0.3986807701323752,-0.7503055681625,26.806162083478384,-3.2940901814930776e-06,0.023198283380493394,41.156198473498044,0.6834789500216294,-0.09391649486705447,-0.1828277268378999,-0.5646347161317626,-0.8378378378378378,False,True,False,False,0.0010989999864250422,0.0010179999517276883,False,False
2023-03-09,0.000986000057309866,1,0.0,-0.06193615272091387,-0.039766625327715945,-0.23082187195696646,-0.319375226404041,-0.3986807701323752,-0.6803886135359126,26.806162083478384,-1.2179427384114501e-06,0.02161370645664544,37.27880547863331,0.675155533260447,-0.0795798683202239,-0.17804559532400727,-0.5608535932792371,-0.9583333333333334,False,False,False,False,0.0010989999864250422,0.0010179999517276883,False,False
2023-03-10,0.0009289999725297093,2549,-0.05954770348213429,-0.07464612512801115,-0.09344916463880389,-0.29758978497566596,-0.36929680390058284,-0.4575475014326621,-0.7311665869769359,21.570872712709573,-2.8780739564929567e-06,0.02576076807306423,33.33825944525435,0.6964243519031302,-0.1169621391321402,-0.22019274449895293,-0.5827541495632592,2548.0,False,False,False,False,0.0010989999864250422,0.0010179999517276883,False,False
2023-03-11,0.0009529999806545675,4829,0.0255061741105967,-0.03505510390962616,-0.06696210996830801,-0.268881021601079,-0.35120353249594694,-0.4299956240090293,-0.6994233995563943,27.951340598484563,-1.6172090230235752e-06,0.03073847940932482,29.87076333701851,0.7070281310794855,-0.08118011027708587,-0.19478852605409472,-0.5684443707405312,0.8944684189878385,False,True,False,False,0.0010989999864250422,0.0010179999517276883,False,False
2023-03-12,0.000981000019237399,4310,0.02895759582065927,-0.007110174163133302,-0.038985394707547846,-0.23992342578041967,-0.3111058301142531,-0.4010380281883698,-0.6662860375549094,34.63273883103702,1.6673416313644292e-06,0.031805666525678754,25.769271664107734,0.7187657810894345,-0.043206840765556496,-0.16605741041318445,-0.5521069377325166,-0.10747566784013252,False,False,False,False,0.0010989999864250422,0.0010179999517276883,False,False
2023-03-13,0.000990999978967011,1319,0.01014203393063083,0.0010095989141985097,-0.09705168856416914,-0.23378302840175239,-0.29572234878426906,-0.3908959942577389,-0.6381825981792583,36.88389662100089,4.895594527758214e-06,0.03110982034474399,21.268056915344694,0.7203732836633707,-0.023837680023798904,-0.1524989005670309,-0.5438351089096286,-0.6939675174013922,True,False,False,False,0.0010989999864250422,0.0010179999517276883,False,False
2023-03-14,0.0009759999811649323,30,-0.015251945991115587,-0.011207420149451449,-0.0947511953470131,-0.24423117879566913,-0.31097429477538463,-0.4027291871113133,-0.6269679574299524,34.94011442956193,6.312733793427432e-06,0.03401549907956827,15.011148771682361,0.7207494105940521,-0.028565753057533783,-0.16014113335817404,-0.5471575640327505,-0.9772554965883244,False,False,False,True,0.0010989999864250422,0.0008629999938420951,False,False
2023-03-15,0.0009759999811649323,127,0.0,-0.010193845611362906,-0.06351342774287873,-0.2458349472242296,-0.3243973302566661,-0.40409804345368766,-0.6362298125286963,34.94011442956193,7.46329016019083e-06,0.03224448644745506,15.11329189750789,0.7204981620380005,-0.0261424970537889,-0.1556070892953277,-0.5436661557361411,3.2333333333333334,False,False,False,False,0.0010989999864250422,0.0008629999938420951,False,False
2023-03-16,0.0009970000246539712,4273,0.021288227575126554,0.011094381963763647,-0.05084177075715011,-0.22534768696947416,-0.3038495748262537,-0.3704215609734245,-0.6040363953590907,40.06832211139029,9.709606832135307e-06,0.03267788904561279,15.046992976173062,0.7272299332348857,-0.004045721735590477,-0.13308867935446705,-0.5303936898466629,32.645669291338585,False,False,True,False,0.001006999984383583,0.0008629999938420951,False,False
2023-03-17,0.0009740000241436064,7367,-0.023339466259361903,0.047302619186536034,-0.027343505941475124,-0.24788618590846506,-0.32124985447851434,-0.39306826130213074,-0.6262787604670011,36.66002532299768,9.694859029218695e-06,0.03516706360054334,15.162623512960518,0.7288597849081577,-0.024829769253420876,-0.14848227685508494,-0.5378519966887164,0.72408144161011,False,False,False,False,0.001006999984383583,0.0008629999938420951,False,False
2023-03-18,0.0009699999936856329,1598,-0.0041152634428599935,0.01768118163307919,-0.017373922276546907,-0.24314829890611525,-0.32833912046063873,-0.3951023427421364,-0.6232334411983087,36.08513536361425,9.454130078308843e-06,0.03382072324984486,15.268123236274864,0.7289988335390374,-0.026397676696977655,-0.14722275708912858,-0.5364917231595928,-0.7830867381566445,False,False,False,False,0.001006999984383583,0.0008629999938420951,False,False
2023-03-19,0.0010270000202581286,10592,0.05710116466632547,0.045824750478745443,0.03871457631561202,-0.2547704793856337,-0.26378638667345244,-0.3352195139458744,-0.5121878769281271,48.48281778066557,1.2955713188818116e-05,0.03418273313328673,12.894917604048981,0.7145669713351505,0.034187626863635336,-0.09288437282612959,-0.5057581244301181,5.62828535669587,False,False,False,False,0.001006999984383583,0.0008629999938420951,True,False
2023-03-20,0.0011269999668002129,43992,0.09291725492712757,0.12859997147524194,0.12960957038944051,-0.15275537914435727,-0.174601813652177,-0.22898272907711628,-0.3950592461589335,62.29929902742302,2.1333971971824817e-05,0.04641739807097055,16.04360277101825,0.7972894987142991,0.13181016593252,-0.0016123246842265923,-0.4541831188977443,3.153323262839879,True,False,False,False,0.001006999984383583,0.0008629999938420951,False,False
2023-03-21,0.0011210000375285745,3044,-0.00533802803130046,0.13851388943505702,0.12730646928560566,-0.10892235139468048,-0.17993984168347754,-0.23290831669574433,-0.3925963951554324,61.23809696937211,2.5516345542686787e-05,0.045116683813879954,19.041288148434745,0.7812877340002912,0.12122428631231867,-0.003998182117071313,-0.453396020558484,-0.930805601018367,True,False,False,False,0.001006999984383583,0.0008629999938420951,False,False
2023-03-22,0.0010779999429360032,2849,-0.03911375801604521,0.09940013141901198,0.08920628580764903,-0.1229234053868277,-0.21830815975696272,-0.2720220747117894,-0.41897889467925986,54.122653571113965,2.4430151592184865e-05,0.046613138980293733,19.765341509881814,0.7876335808198938,0.07665412969083737,-0.03856448822214609,-0.4706617743786548,-0.0640604467805519,False,False,False,False,0.001006999984383583,0.0008629999938420951,False,False
2023-03-23,0.0010460000485181808,1798,-0.03013400752451787,0.04797789631936751,0.05907227828313126,-0.1314977341861977,-0.24918760722404049,-0.30497897088722975,-0.4041895880717926,49.512076941747075,2.0744987489631274e-05,0.04692955291316702,20.100321786907546,0.7905884695096047,0.04235182176188868,-0.06311013583679496,-0.4826852645679154,-0.36890136890136893,False,True,True,False,0.001303000026382506,0.0008629999938420951,False,False
2023-03-24,0.0010550000006332994,1645,0.008567355501089453,0.07988471807981888,0.1271873372663548,-0.11704549122094135,-0.23688756981709894,-0.2964116153861403,-0.39306630124327857,50.78199730043607,1.819325403773786e-05,0.044153559912629085,20.45127394478201,0.7918491381804341,0.047770386877025305,-0.0511395228954213,-0.47485004569528827,-0.08509454949944384,False,True,False,False,0.001303000026382506,0.0008629999938420951,False,False
2023-03-25,0.0010290000354871154,36373,-0.024953276189409054,0.0590467053332699,0.07672788696634925,0.002919732267095491,-0.22450315853302974,-0.318542002924627,-0.3992912370954992,47.096509705559754,1.4210619984068744e-05,0.05425281876951602,20.418796065943106,0.6134153810994271,0.019872177315344085,-0.07009105399174564,-0.4844198419586076,21.1112462006079,False,False,False,False,0.001303000026382506,0.0008629999938420951,False,False
2023-03-26,0.0010489999549463391,67815,0.019249795126102205,0.021195335793046638,0.06702008627179203,0.02803469156424426,-0.20447665843952956,-0.29077549535709174,-0.3754677304716807,50.09673782001558,1.2443117706384515e-05,0.06909573838949319,20.563712924724168,0.6165899616334496,0.03666365606873561,-0.04771418377350373,-0.4706391667457911,0.8644324086547714,False,False,False,False,0.001303000026382506,0.0008629999938420951,False,False
2023-03-27,0.0010389999952167273,9373,-0.009578578951643817,-0.08130049808572476,0.04729947338951738,0.01943699317249963,-0.2125000152983704,-0.3046215386122293,-0.36386748258416907,48.612270820717754,1.0213789914828875e-05,0.06684026839189343,20.50706917623004,0.6176544985177461,0.024149819094233804,-0.05247414150889442,-0.4719602799539777,-0.8617857406178574,False,False,False,False,0.001303000026382506,0.0008629999938420951,False,False
2023-03-28,0.0010219999821856618,1622,-0.016497233162709766,-0.09245970321713401,0.046054186217923204,0.001958879449890711,-0.23210527768624192,-0.31184955580504176,-0.37499921361520855,46.11077812857241,7.341857543297253e-06,0.06498543516888601,20.31487415463243,0.6205379172932777,0.005608562712902617,-0.06336492935214072,-0.4769957538233776,-0.8269497492798463,False,False,False,True,0.001303000026382506,0.0009869999485090375,False,False
2023-03-29,0.0009960000170394778,940,-0.025769478640282784,-0.0791154238413716,0.02028470757764037,-0.09201892697764429,-0.2601993652406569,-0.33761903444532454,-0.39874915417089907,42.5080406927244,3.6266150140111526e-06,0.06392688193698493,20.20728411036661,0.575602964490587,-0.020456314802624623,-0.08305865676529742,-0.48650661212873525,-0.4204685573366215,False,True,True,False,0.0012989999959245324,0.0009869999485090375,False,False
2023-03-30,0.0009869999485090375,361,-0.009077287428188942,-0.058058703745042586,-0.010080807425675126,-0.08354377519756151,-0.2708234552247073,-0.3366170502404835,-0.407826441599088,41.304972533258976,6.541890659624853e-07,0.06098750349161109,18.76812575945137,0.5736744912855026,-0.03206830272017271,-0.08690588020598339,-0.4874231983265292,-0.6159574468085106,False,True,False,False,0.0012989999959245324,0.0009869999485090375,False,False
2023-03-31,0.0010079999919980764,23599,0.02105345342857894,-0.04557260581755298,0.034312112262265895,-0.03125255416484815,-0.24434578319377573,-0.3126650220511703,-0.38068986571276786,45.20207914767162,2.162116743237067e-07,0.06381310875944751,17.781874585768897,0.5700158485739372,-0.014132725604628088,-0.06333630614511643,-0.47261854693465627,64.37119113573407,False,False,False,False,0.0012989999959245324,0.0009869999485090375,False,False
2023-04-01,0.000977999996393919,1123,-0.030213774345279706,-0.050833103973423666,0.008213601359846221,-0.07008289909952597,-0.2776627643316397,-0.34142635226479373,-0.40886765513097595,41.01274068268149,-1.8654591036703128e-06,0.06428622258127976,17.839760922481627,0.5777736183229624,-0.04333365928408889,-0.08664711323110305,-0.4843811797617689,-0.9524132378490614,False,False,False,False,0.0012989999959245324,0.0009869999485090375,False,True
2023-04-02,0.0009970000246539712,14593,0.019241128342375673,-0.05084177075715011,-0.029646434964103435,-0.0040040396821132244,-0.2537632071038767,-0.3214582099920739,-0.3896265267886002,44.519797597016286,-1.7369216219546254e-06,0.06299863988950295,17.761152274731668,0.5593966783916601,-0.02503420084302403,-0.06444708370009024,-0.47032883940911085,11.994657168299199,False,False,False,False,0.0012989999959245324,0.0009869999485090375,False,False
2023-04-03,0.00101200002245605,21432,0.014933077347189658,-0.026330114458316786,-0.10763061254404147,0.025013884772864668,-0.2388301297566872,-0.303611779874836,-0.3746934494414107,47.189287334803005,-4.811203723997048e-07,0.06236063076676699,17.26727260929129,0.5594449583452391,-0.012104625145277662,-0.04618281765948198,-0.45824409897795004,0.468649352429247,False,False,True,False,0.0011030000168830156,0.0009869999485090375,False,False
2023-04-04,0.0009879999561235309,1370,-0.024001218698698163,-0.03383409999430517,-0.12629380321143918,0.0,-0.2698107891505408,-0.3246912185345452,-0.39801508429140364,43.576453167131675,-1.0723996196659336e-06,0.061120343266619546,17.02957421178409,0.566108337507026,-0.03609760303748351,-0.06421674181414673,-0.4670033194103512,-0.9360768943635684,False,False,False,True,0.0011030000168830156,0.000965000013820827,False,False
2023-04-05,0.0009970000246539712,23353,0.009068141351508628,0.0010035199974862113,-0.07811190384388539,0.007045880498209459,-0.26459921884321735,-0.3156230771830367,-0.3882668969428961,45.26868004526931,-6.819615749805619e-07,0.0624752624211496,17.02957421178409,0.5669579604478867,-0.02731704836685792,-0.05116293778761984,-0.4579754129881289,16.045985401459856,False,False,False,False,0.0011030000168830156,0.000965000013820827,False,False
2023-04-06,0.0010590000310912728,54959,0.06032958027049914,0.07041038769617415,0.012351683951131445,0.07041038769617415,-0.19731715635601046,-0.25602476391154,-0.3279373166723971,55.229981467500366,3.687216989878184e-06,0.06608268456731073,16.55222065527017,0.6042150259825642,0.028904572794126015,0.011480674775712515,-0.4200374417994656,1.3534021324883314,False,False,False,False,0.0011030000168830156,0.000965000013820827,False,False
2023-04-07,0.0010590000310912728,6657,0.0,0.04935693426759518,0.003784328450042105,0.07142396223426262,-0.19886626497267165,-0.25602476391154,-0.3272568078981124,55.229981467500366,6.356053990797518e-06,0.06284637588667191,15.779740590599701,0.6041544127303008,0.024475214888583726,0.014931701569750672,-0.41553225377044234,-0.8788733419458141,False,False,False,False,0.0011030000168830156,0.000965000013820827,False,False
2023-04-08,0.0010430000256747007,10107,-0.01522389534351661,0.06434681326935819,0.013513709295934484,0.056200066890745984,-0.17462180506622038,-0.26317515951329484,-0.34248070324162905,52.3768779503966,6.783675295399339e-06,0.06370401921764901,15.774363441681741,0.607235342384822,0.008216552889210856,0.005029996038044926,-0.4197851447346202,0.5182514646237044,False,False,False,False,0.0011030000168830156,0.000965000013820827,False,False
2023-04-09,0.0010209999745711684,4130,-0.02131868635812046,0.023786998568861892,-0.02705477218828813,0.09442908401475995,-0.20316070096090602,-0.27486771988582287,-0.3631184174179022,48.65503005707767,5.385759138979119e-06,0.06231725288796071,13.561430009919146,0.5721969438426335,-0.007967380001587336,-0.010601412526893155,-0.4275221268391408,-0.5913723162164837,False,True,True,False,0.0011650000233203173,0.000965000013820827,False,False
2023-04-10,0.001003999961540103,1400,-0.01679053131385227,-0.007936610092179832,-0.03426672455049659,0.052132378590311015,-0.21674864301076813,-0.29907115390563604,-0.3778632454187182,45.93854986718255,3.2237280576737306e-06,0.06055328513930926,11.012136187343282,0.5704123804538986,-0.018908522771583898,-0.022414397493311103,-0.4324653772706114,-0.6610169491525424,False,False,False,False,0.0011650000233203173,0.000965000013820827,False,False
2023-04-11,0.000999000039882958,465,-0.004992443373569821,0.011072165232948343,-0.022761934761356774,0.018182339396081743,-0.22174108638433804,-0.29292349071817125,-0.38285568879228815,45.140294560410965,1.4545720554311927e-06,0.057081464320853155,10.06870501367853,0.5622556732989566,-0.02001173551861888,-0.023097492285982284,-0.4308016408131041,-0.6678571428571429,False,True,False,False,0.0011650000233203173,0.000965000013820827,False,False
2023-04-12,0.0009929999941959977,394,-0.006024160371177708,-0.004020136489737813,-0.0030166164922516797,0.0020161450942731483,-0.23176688330747913,-0.293706203689996,-0.3888798491634658,44.148868900282636,-4.273622053546217e-08,0.05404381292380584,10.036883742871423,0.5616320571385659,-0.023358747195956497,-0.025151678809186794,-0.4299213804931761,-0.15268817204301077,False,True,False,False,0.0011650000233203173,0.000965000013820827,False,False
2023-04-13,0.0009950000094249845,403,0.002012088430683085,-0.062337628329553856,0.008072759366620354,0.01928017951607168,-0.22495099927959744,-0.2916941152593129,-0.38344900759524153,44.585767365093695,-7.805216316812726e-07,0.050872328613582686,9.603558581382691,0.5589270504143847,-0.01849567587273472,-0.019511222882719524,-0.4244496061629166,0.02284263959390853,False,False,False,False,0.0011650000233203173,0.000965000013820827,False,False
2023-04-14,0.0009929999941959977,353,-0.0020120884306830135,-0.06434971676023693,-0.014992782492641833,0.017268091085388758,-0.22856685613884087,-0.3071292391712773,-0.386829952368299,44.21330175745759,-1.2570705275210842e-06,0.04798112856272553,9.674570019720754,0.5590002282995783,-0.018726226215603194,-0.020845251988164355,-0.42102670414086285,-0.12406947890818854,False,False,False,False,0.0011650000233203173,0.000965000013820827,False,False
2023-04-15,0.0010130000300705433,3306,0.01994087573307009,-0.02918494568365024,0.03516186758570802,0.01592073924333214,-0.2094269477261421,-0.2879288355829214,-0.35450082173009223,48.81788487261557,-1.3804297267166983e-07,0.046001155272716934,9.092291328761677,0.5583913060539933,0.002821390402298719,-0.0009861629173166164,-0.4047409003581811,8.365439093484419,False,False,False,False,0.0011650000233203173,0.000965000013820827,False,False
2023-04-16,0.0009950000094249845,775,-0.017928787302386992,-0.025795046627916707,-0.002008048059054831,0.02133141820030726,-0.22655476770815786,-0.2999184362782071,-0.3717368431018235,45.20177159422182,-5.023604877077248e-07,0.04521099610342154,8.804667772049712,0.555793058078583,-0.012847853357835004,-0.01827294068170828,-0.4105153339670431,-0.7655777374470659,False,False,False,False,0.0011650000233203173,0.000965000013820827,False,False
2023-04-17,0.0009929999941959977,360,-0.0020120884306830135,-0.011016603744747529,-0.01895321383692734,0.02343459321248422,-0.2197137056936311,-0.30490452724815464,-0.3716677495296522,44.80464307849214,-7.550838813100963e-07,0.042785513116344306,8.81020701703205,0.5556115785981277,-0.013412826241070519,-0.019723989222256603,-0.4071606428282072,-0.5354838709677419,False,False,False,True,0.0011650000233203173,0.0009899999713525176,False,False
2023-04-18,0.000990999978967011,327,-0.002016145094273227,-0.008040305465450865,0.003031859767497599,-0.03568271654811444,-0.2904531959337481,-0.29946910322156695,-0.37090223049398874,44.38469697237696,-9.228930747336256e-07,0.04038620862035314,8.869925277077021,0.5171206235269603,-0.015155302319628272,-0.019743630260110386,-0.40309296607883843,-0.09166666666666667,False,False,True,False,0.0010239999974146485,0.0009899999713525176,False,False
2023-04-19,0.002171000000089407,189814,0.7842286568134914,0.7822125117192184,0.7781923752294805,0.6556286853382495,0.5028733061938923,0.48102687168607255,0.42664595626113333,92.00390042148054,7.440590155500257e-05,0.08874433914138379,95.57347203808172,2.7784249728729216,1.037636670748642,1.1018084674853246,0.3133656604593631,579.4709480122324,False,False,False,False,0.0010239999974146485,0.0009899999713525176,True,False
2023-04-20,0.0025839998852461576,146789,0.17415065057363552,0.9543510738621709,0.8920134455326171,0.8351173639431856,0.7261950125485049,0.655177522259708,0.6022090472474412,93.9548549380155,0.00014398790203383713,0.09270321699662691,145.7065475138835,2.826437615140127,1.258247661838828,1.429027912613336,0.5688416683139605,-0.2266692657022138,True,False,False,False,0.0010239999974146485,0.0009899999713525176,False,False
2023-04-21,0.002443999983370304,13512,-0.05570250700591841,0.9006606552869355,0.8363109385266986,0.8185286149533122,0.6956052095664845,0.6002204551963495,0.5465065402415228,86.27072204164133,0.0001707009877743063,0.09723773502943343,164.73825221757727,2.83197016564928,1.0073097501448762,1.2387102589060235,0.4897942320746559,-0.9079495057531559,False,False,False,False,0.0010239999974146485,0.0009899999713525176,False,False
2023-04-22,0.0024800000246614218,717,0.014622535615958226,0.8953423151698235,0.8661573694861734,0.8632851580937883,0.7317874239075904,0.6140975508697477,0.5583061872065586,86.57478043004637,0.0001799871672944212,0.09042158447605976,176.05010519541113,2.824842910464022,0.919950474144366,1.211758019593886,0.5177618089507214,-0.9469360568383659,False,False,True,True,0.0031649998854845762,0.0009879999561235309,False,False
2023-04-23,0.0019450000254437327,9886,-0.24299657996899227,0.6702745225032183,0.6444794758753016,0.6117212226237067,0.4946757314027652,0.37483365280660763,0.3153096072375663,63.91916552546593,0.0001410135869487788,0.12692588733710178,173.87660418914393,2.979541842015909,0.4532820468032565,0.7054821197435993,0.19698938955469478,12.788005578800558,False,False,False,False,0.0031649998854845762,0.0009879999561235309,False,False
2023-04-24,0.0019509999547153711,1438,0.003080048277970151,0.6753666592118716,0.664350055467124,0.6397545470910858,0.6426742793581814,0.4152513885580561,0.3212125441664589,64.03284122102355,0.00010803873662164064,0.11899835768079083,170.375745354205,2.975774394325644,0.40714025001779386,0.6823316012037739,0.2074401827997687,-0.8545417762492413,False,True,False,False,0.0031649998854845762,0.0009879999561235309,False,False
2023-04-25,0.0019150000298395753,813,-0.018624400215357512,0.6587584040907872,0.6507180986253364,0.601880351749626,0.6299150433138703,0.39740369331009656,0.3111048563925342,62.75528073582765,7.762579549077178e-05,0.11406770546382196,165.92345223419304,2.979037494109008,0.3369170841459845,0.6253607460792583,0.19190255305684825,-0.43463143254520165,False,False,False,False,0.0031649998854845762,0.0009879999561235309,False,False
2023-04-26,0.001961000030860305,382,0.023736924736600613,-0.10173332798610366,0.6804791837331147,0.6351958554378705,0.6546328486103701,0.4226958401395002,0.3305743168256412,63.750506412367855,5.546902485470856e-05,0.10522020653364847,161.9860054707586,2.97713122913275,0.32724198467409427,0.6373322000562391,0.22731257708140093,-0.5301353013530135,False,False,False,False,0.0031649998854845762,0.0009879999561235309,False,False
2023-04-27,0.0017290000105276704,5285,-0.12591135016120186,-0.40179532872094115,0.5525557451412297,0.5257817384393784,0.5277406178892691,0.2936764607531364,0.21393218263433667,55.670741285924265,2.1780819433351223e-05,0.12155576097525321,156.90175336174352,3.018727469517763,0.1442753229607384,0.42593234908387473,0.0888937961743504,12.835078534031414,False,False,False,False,0.0031649998854845762,0.0009879999561235309,False,False
2023-04-28,0.0016139999497681856,2659,-0.06882767406483663,-0.41492049577985934,0.4857401595070762,0.48272354301482456,0.39070461603718015,0.22252417777416766,0.14510450856950008,52.142930657941136,-9.952053321681274e-06,0.12618201980952,151.50940361095056,3.03021447184118,0.048358257936632836,0.317443435335857,0.02318973610942179,-0.4968779564806055,False,True,False,False,0.0031649998854845762,0.0009879999561235309,False,False
2023-04-29,0.001415999955497682,4844,-0.13087957488185803,-0.5604226062776756,0.33491970889214806,0.3609212555611553,0.2773774803635939,0.0900978003364481,0.02430420532067181,46.66042892044351,-4.407005092772623e-05,0.14359115963436866,146.68711665543603,3.0724369323912066,-0.09190023615258382,0.14670723201321118,-0.09568729737593187,0.8217374952989847,False,True,False,False,0.0031649998854845762,0.0009879999561235309,False,False
2023-04-30,0.0014019999653100967,161,-0.009936199974093802,-0.32736222628277706,0.3429122962204413,0.32993160215848244,0.2986790479936343,0.08558581896470671,0.017266580107312128,46.289819829182626,-6.605158180748047e-05,0.13548125406011108,141.57342572671752,3.073192894100478,-0.11220873146394965,0.127172716702126,-0.09784114474648269,-0.9667630057803468,False,True,True,False,0.001988000003620982,0.0009879999561235309,False,False
2023-05-01,0.0013760000001639128,732,-0.01871902423896848,-0.3491612987997158,0.3262053604121558,0.34142635226479373,0.27134345316526787,0.06376358793315386,0.0,45.56598771328741,-7.988916774608155e-05,0.12984225944440192,136.47536301177018,3.0715138883566033,-0.13895059124785666,0.09928738350667049,-0.10765818408318159,3.546583850931677,False,True,False,False,0.001988000003620982,0.0009879999561235309,False,False
2023-05-02,0.0013770000077784061,148,0.0007264857650494146,-0.3298104128193089,0.3289479912714783,0.32291170968746735,0.31890767000535414,0.06914850258359054,0.0014534996953935412,45.60122128997485,-8.599173889163394e-05,0.12110272325910004,131.12234223008957,3.07159646893274,-0.1485546361978345,0.09334308156674341,-0.10006469402004917,-0.7978142076502732,False,True,False,False,0.001988000003620982,0.0009879999561235309,False,False
2023-05-03,0.001370999962091446,180,-0.0043668524654417295,-0.3579141900213512,-0.4596475180074549,0.30361177987483595,0.3286256646477007,0.06478165011814897,0.0,45.411294511764055,-8.717698023459513e-05,0.11377826024319646,125.71025026925022,3.072004429845621,-0.16200606900923573,0.0817933351301249,-0.09619792372013584,0.21621621621621623,False,False,False,False,0.001988000003620982,0.0009879999561235309,False,False
2023-05-04,0.0013650000328198075,114,-0.004385920249144383,-0.23638876010929374,-0.638184088830235,0.3232270783243897,0.3232270783243897,0.05341628917384906,-0.001464140210155502,45.20852329584167,-8.5019300810686e-05,0.10679590841162138,120.14971340416409,3.070023521989614,-0.1750521017755213,0.0704875109262387,-0.09225421195406935,-0.3666666666666667,False,False,False,False,0.001988000003620982,0.0009879999561235309,False,False
2023-05-05,0.0013680000556632876,9473,0.0021954072091579374,-0.16536567883529932,-0.5802861746151586,0.316354344182039,0.32340022468024837,0.05175512533882159,0.0007312669990024175,45.339947568227466,-8.011132043139555e-05,0.10568574607963353,114.76291657775388,3.07016518638409,-0.18201383548492797,0.0666334438743656,-0.08212864449847114,82.09649122807018,False,False,False,False,0.001988000003620982,0.0009879999561235309,False,False
2023-05-06,0.001382000045850873,1355,0.010181898632769451,-0.024304205320671873,-0.5847268115983475,0.2662066625443093,0.3366170502404835,0.06888950618829888,0.010181898632769451,45.99100088830068,-7.285220701490316e-05,0.09921001015125404,108.64212376573138,3.06490882225387,-0.18309439915648906,0.07073684576966863,-0.04665653941127355,-0.8569618916921777,False,False,False,False,0.001988000003620982,0.0009879999561235309,False,False
2023-05-07,0.0013790000230073929,325,-0.002173143027386651,-0.016541148373964715,-0.34390337465674176,0.2640335195169227,0.33545748175118545,0.06516725454425089,0.008008755605382799,45.864931751468866,-6.541883988035624e-05,0.0940851081150767,102.2306274404288,3.0649973831633472,-0.19406211030433587,0.061683930278780545,-0.027764051920170722,-0.7601476014760148,False,False,False,False,0.001988000003620982,0.0009879999561235309,False,False
2023-05-08,0.00133500003721565,696,-0.03242729576617453,-0.03024941990117064,-0.37941071870088644,0.24683011909426486,0.3030301859850109,0.07220831402804456,-0.016345040419030024,43.9615681836288,-6.07333423624491e-05,0.09281239856672838,96.01222729843296,3.0672811783881917,-0.22754228960441417,0.022957179250400774,-0.05108837818075718,1.1415384615384614,False,False,True,True,0.0014530000044032931,0.001323999953456223,False,False
2023-05-09,0.001357999979518354,1079,0.01708169432518678,-0.013894211341033344,-0.3437046241603422,0.2852304997775721,0.37965958379233206,0.08206979881666601,0.01036277989174916,45.24082226855608,-5.3601575348201946e-05,0.08651163859127242,97.00199718460246,3.0655495852941907,-0.19530695594103617,0.03691032729701141,-0.030481310936600236,0.5502873563218391,False,False,False,False,0.0014530000044032931,0.001323999953456223,False,False
2023-05-10,0.0012779999524354935,1993,-0.060716695316872016,-0.07024405419246359,-0.4281582442138149,0.24130433577455226,0.29343671436486324,0.024555692763784272,-0.057766818131083766,41.6770051209491,-5.176144160411266e-05,0.09100584483727844,89.38892123518917,3.074109399532852,-0.21222958060151467,-0.026508261853870372,-0.08419596410504177,0.8470806302131604,False,False,False,False,0.0014530000044032931,0.001323999953456223,False,True
2023-05-11,0.001247999956831336,589,-0.023754083380458937,-0.08961221732377808,-0.32600097743307194,0.2225426957676632,0.24072503516374488,0.000801609383325321,-0.07038079495050811,40.39202534054794,-5.002560393386862e-05,0.0883110752314884,81.39997133528232,3.075806854490298,-0.201280027627945,-0.05181586542006692,-0.10328725850844668,-0.7044656297039639,False,True,False,False,0.0014530000044032931,0.001323999953456223,False,False
2023-05-12,0.0011810000287368894,1643,-0.05518067380905958,-0.14698829834199553,-0.3123539771772949,0.1733861823297812,0.17540232742405457,-0.05838070097769791,-0.12032002136021461,37.60355204341279,-5.069336328360729e-05,0.09094948330458993,66.54688784478708,3.0832807474272523,-0.2113785659402429,-0.10455680481266048,-0.14913542518307332,1.789473684210526,False,True,False,False,0.0014530000044032931,0.001323999953456223,False,False
2023-05-13,0.001171999960206449,120,-0.007649904346621595,-0.16482010132138653,-0.18912430664205837,0.16372418955247672,0.18300436906854847,-0.06122680972712076,-0.12796992570683616,37.23172567154457,-4.901568966326157e-05,0.08595487601422726,64.80559441699897,3.083613509971558,-0.19665503964414915,-0.11295452581948646,-0.15321592880580384,-0.9269628727936701,False,True,False,False,0.0014530000044032931,0.001323999953456223,False,False
2023-05-14,0.001183000043965876,492,0.009341964959700955,-0.15330499333429898,-0.16984614170826356,0.17507824294286062,0.19234633402824933,-0.05348861319598025,-0.13205099622841665,38.03816270723805,-4.4567810852522884e-05,0.08028066857546955,60.45388822465908,3.083521667123073,-0.1671946196436075,-0.10671133417226347,-0.14252368763332027,3.0999999999999996,False,False,False,False,0.0014530000044032931,0.001323999953456223,False,False
2023-05-15,0.0011919999960809946,252,0.007578943194422442,-0.11329875437370208,-0.1435481742748728,0.162716310404213,0.17863704964754523,-0.04671063732192903,-0.12521252517870843,38.731739757157825,-3.86428509260623e-05,0.07470256633295246,54.1858943395498,3.083111412313,-0.13894607843023887,-0.10185506312943153,-0.13332097526807374,-0.4878048780487805,False,False,False,False,0.0014530000044032931,0.001323999953456223,False,False
2023-05-16,0.0011759999906644225,432,-0.013513723817382924,-0.14389417251627173,-0.15778838385730512,0.1671313738892171,0.18846279208952418,-0.05942339381894078,-0.13278706238899005,37.9191091655951,-3.361004537326881e-05,0.07140372898854735,41.174867717082485,3.0827289499900847,-0.1257155656312474,-0.11573629093424265,-0.1422163120116947,0.7142857142857142,False,False,False,False,0.0014530000044032931,0.001323999953456223,False,False
2023-05-17,0.0012150000547990203,523,0.03262528035656606,-0.05055219684283359,-0.12079625103529715,0.20176874267646622,0.22520333588895033,-0.017944963017164934,-0.10313578457168836,41.15974749857959,-2.5813672840798205e-05,0.06699707025053847,33.194122560654094,3.084023820140857,-0.07912683426373086,-0.08905512542435154,-0.11109156099900382,0.21064814814814814,False,False,False,False,0.0014530000044032931,0.001323999953456223,False,False
2023-05-18,0.0011990000493824482,2927,-0.013256204662846648,-0.04005431812522117,-0.12966653544899928,0.19052868310789292,0.1548459665597784,-0.09992451282585516,-0.10894042011367407,40.2318873482828,-2.0144990162293522e-05,0.06667572531045964,27.451171506547244,3.0846739598113855,-0.07673349643281364,-0.10377918972746687,-0.1201065197909254,4.596558317399618,True,False,False,False,0.0014530000044032931,0.001323999953456223,False,False
2023-05-19,0.0011869999580085278,124,-0.010058836980343065,0.005067518703495231,-0.14192077963850022,-0.6037588106859417,0.051869874652307774,-0.10088550449204951,-0.12273193899986932,39.51245015052825,-1.5805884299947716e-05,0.06332138099842927,27.350874509443905,1.2798762109465802,-0.07784341720534789,-0.1153938194714922,-0.12608781997164067,-0.9576358045780663,False,False,False,False,0.0014530000044032931,0.001323999953456223,False,False
2023-05-20,0.001184999942779541,272,-0.0016863539516091639,0.01103106909850771,-0.15378903222287885,-0.7795958152111866,0.05552154873199899,-0.05340080266268157,-0.12441829295147856,39.38603527517931,-1.1853388222034039e-05,0.0598621006022662,27.126622732751223,1.0744057601023702,-0.07157132513913649,-0.11920799854200918,-0.12471197311026716,1.193548387096774,False,False,False,False,0.0014530000044032931,0.001323999953456223,False,False
2023-05-21,0.0011820000363513827,142,-0.002534776561749259,-0.000845672422942599,-0.15415066575724148,-0.7264280847670175,0.0921005301862949,-0.03082287520053276,-0.12620762957066797,39.183534394438105,-8.387202493671326e-06,0.05627118314758011,27.067638251265308,1.071900126219557,-0.06682980221563997,-0.12409405555360968,-0.1240323888188734,-0.4779411764705882,False,False,True,False,0.001259000040590763,0.001323999953456223,False,False
2023-05-22,0.0011780000058934093,118,-0.00338985950574779,-0.011814475123112799,-0.12511322949681486,-0.7444404798887234,0.11884467820506492,-0.01265305598113291,-0.1303429290189757,38.89636776438281,-5.452239302562603e-06,0.053096227855986604,26.690823588416567,1.0655083779758137,-0.0626243330708021,-0.12939367541853067,-0.12402353858100963,-0.16901408450704225,False,False,False,False,0.001259000040590763,0.001323999953456223,False,False
2023-05-23,0.001145999995060265,697,-0.027540476250155706,-0.025841227555885558,-0.16973540007215732,-0.5289843761698868,0.08273684645381989,-0.03430864476712157,-0.1541507233632792,36.586321782525296,-4.778558304827134e-06,0.0537967883728247,26.61007103416024,0.7188744756461597,-0.07985066572187156,-0.15471765260713807,-0.1447952699232346,4.906779661016949,False,False,False,False,0.001259000040590763,0.001323999953456223,False,False
2023-05-24,0.0010349999647587538,3526,-0.10187622131431481,-0.16034272922676657,-0.21089492606960003,-0.6339406457621717,0.005813901328913979,0.008733633596009534,-0.21868925720411572,29.943259723346543,-1.0588226031729589e-05,0.06359313757872655,29.279462523339255,0.7720640327571611,-0.1578176805342012,-0.2371195070062794,-0.2245332482733105,4.0588235294117645,False,True,False,False,0.001259000040590763,0.001323999953456223,False,False
2023-05-25,0.0010300000431016088,30,-0.004842548580052948,-0.15192907314397286,-0.19198339126919403,-0.6201587941268673,-0.018278442377241223,0.009756249187003057,-0.22275510081677075,29.681823999751714,-1.336816674662703e-05,0.059892201480427815,30.99205076533213,0.7741211270635949,-0.1502000409597903,-0.24117401212131737,-0.225234748322849,-0.9914917753828701,False,True,False,False,0.001259000040590763,0.001323999953456223,False,False
2023-05-26,0.0010349999647587538,18,0.004842548580052896,-0.1370276875835768,-0.13196016888008155,-0.639053170283415,-0.0038573148455444345,0.015579678326955108,-0.2163573301439148,30.336842687950252,-1.3434768785078113e-05,0.0557595975268425,31.123499524189324,0.7632072886610609,-0.13367375452329236,-0.2372207081134063,-0.2183871858368145,-0.4,False,False,False,False,0.001259000040590763,0.001323999953456223,False,False
2023-05-27,0.001041000010445714,68,0.005780406999320579,-0.129560926632647,-0.1185298575341393,-0.5073614131228925,0.018420325316485953,0.020379204766376495,-0.213684952369756,31.165487425465614,-1.1702765183581744e-05,0.052301724062588886,30.067949663639137,0.6683619957053655,-0.11614874195319728,-0.2325951614544115,-0.2107358048243779,2.7777777777777777,False,False,False,True,0.001259000040590763,0.0010270000202581286,False,False
2023-05-28,0.0010400000028312206,0,-0.0009610837915303633,-0.1279872338624281,-0.12883290628537067,-0.43949482284958624,0.04322872016523826,-0.048790206812405985,-0.21697064507541863,31.099090748027606,-9.354278981757054e-06,0.04881863047731746,29.454670508031498,0.6434710603192951,-0.10579940186116779,-0.23329843539904754,-0.20877348268122672,-1.0,True,False,False,False,0.001259000040590763,0.0010270000202581286,False,False
2023-05-29,0.0010369999799877405,93,-0.002888805926443936,-0.12748618028312417,-0.13930065540623693,-0.3115040538941719,0.04941720166698331,-0.03412657353057824,-0.2214062535577239,30.8864986876369,-6.848820962226449e-06,0.04594489268659962,26.94827764523199,0.4887654523808961,-0.09590236893457832,-0.23569039830503927,-0.20836674674097375,inf,False,False,False,False,0.001259000040590763,0.0010270000202581286,False,False
2023-05-30,0.0009200000204145908,12900,-0.11971349669844365,-0.21965920073141207,-0.2455004282872976,-0.4212813506185217,-0.09134974846003932,-0.12260230262488744,-0.33569553165381505,23.996821128955318,-1.1635916086966152e-05,0.06377197925910154,30.41167964315335,0.6199006948334841,-0.1851917277402468,-0.3210832994917632,-0.29499753200539125,137.70967741935485,False,False,False,False,0.001259000040590763,0.0010270000202581286,False,True
2023-05-31,0.0008619999862276018,2278,-0.06511843754642554,-0.18290141696352272,-0.3432441461902893,-0.4676807639259788,-0.1262544116611851,-0.19633731076071098,-0.40391717599282484,21.443249534639165,-1.695113679553701e-05,0.0685045511881153,35.78400869453669,0.6449282283396307,-0.22328348811542154,-0.362595767895701,-0.3367802400112277,-0.8234108527131783,False,True,False,False,0.001259000040590763,0.0010270000202581286,False,False
2023-06-01,0.0009050000226125121,2031,0.04867971399969427,-0.1293791543837756,-0.2813082275277485,-0.419727535691334,-0.0968158260038667,-0.10081986568597978,-0.3505790331077433,27.594861980888922,-1.583452011709418e-05,0.06485098433683417,39.15549907130772,0.6808851947747696,-0.1742700534280736,-0.3299274223388979,-0.3010854238466868,-0.1084284460052678,False,False,False,False,0.001259000040590763,0.0010270000202581286,False,False
2023-06-02,0.0008679999737069011,4151,-0.041743284317366,-0.17596498728119447,-0.3129926748647714,-0.4571039675432581,-0.15349218766842213,-0.12847830289555753,-0.39232231742510937,25.727930139735506,-1.5814415735387083e-05,0.06764087049697799,43.14385724810928,0.6866925099163846,-0.1968912175914623,-0.35611176437762676,-0.3271683136290909,1.0438207779419004,False,False,True,False,0.0010710000060498714,0.0010270000202581286,False,False
2023-06-03,0.001028000027872622,41311,0.16917878875979447,-0.012566605520720678,-0.1421275321533676,-0.2835392585343192,0.039687819790070425,0.039687819790070425,-0.23012296936047025,43.52221090668775,-3.874507320971186e-06,0.08013198508618835,42.74144534803194,0.940995131976943,-0.0419831073670857,-0.23781841929842054,-0.20061584654839998,8.952059744639845,False,False,False,False,0.0010710000060498714,0.0010270000202581286,False,False
2023-06-04,0.0008950000046752393,3790,-0.1385467496299691,-0.15015227135915937,-0.2781395052215876,-0.42428141537344627,-0.10792707119140721,-0.10088119069319786,-0.3725262900346247,35.83631457790294,-3.7791560424697363e-06,0.09615992835156092,44.41120096338233,1.0417347415934435,-0.15422415117806768,-0.3352644044783197,-0.3015152012498025,-0.908256880733945,False,False,False,False,0.0010710000060498714,0.0010270000202581286,False,True
2023-06-05,0.000846999988425523,18772,-0.05512304251179423,-0.20238650794450974,-0.3298726882276338,-0.48958635651800975,-0.22337969397370053,-0.15296930627752642,-0.42069685032971094,33.53460205236459,-5.679626852184849e-06,0.11416940257072015,47.13555453135075,1.0474311758562465,-0.18694505675945366,-0.3695289780213836,-0.3364513162696673,3.9530343007915567,False,False,False,False,0.0010710000060498714,0.0010270000202581286,False,False
2023-06-06,0.0008430000161752105,602,-0.004733703797261494,-0.08740671504332759,-0.3070659157747396,-0.4921469172878847,-0.22811339777096196,-0.15668943553669917,-0.42697966274363375,33.342414584201975,-5.9104894266874265e-06,0.10728005935911107,48.19636596585099,1.047033917883886,-0.176073873386854,-0.3711020133412616,-0.3370765183997882,-0.9679309610057533,False,True,True,False,0.0012529999949038029,0.0010270000202581286,False,False
2023-06-07,0.0008440000237897038,199,0.001185545593278742,-0.021102731903623266,-0.20400414886714593,-0.4585340759284314,-0.21170395683416654,-0.15550388994342043,-0.3863257619003869,33.44510807170947,-4.7502134723278615e-06,0.10051474210937225,48.631623695318524,1.047124344536454,-0.1605330961428077,-0.3689719444566423,-0.3340119280357371,-0.6694352159468439,False,False,False,False,0.0012529999949038029,0.0010270000202581286,False,False
2023-06-08,0.0008510000188834965,605,0.008259627980336831,-0.06152281792298054,-0.1909019723067561,-0.46735614227328126,-0.1821256424957091,-0.08769655848094915,-0.38528634345661505,34.20918607367287,-2.385090540465328e-06,0.09508542487631048,48.2191246229975,1.0441401578248954,-0.13918671085777828,-0.3509266881600612,-0.32630344138077133,2.040201005025126,False,False,False,True,0.0012529999949038029,0.0008200000156648457,False,False
2023-06-09,0.0009009999921545386,7257,0.057093098137687086,0.03731356453207256,-0.13865142274912204,-0.34954634881872204,-0.10824201304416987,-0.05610963445385887,-0.324990656054938,39.54777773981302,3.3608177381411935e-06,0.09155938308156289,45.81497844947508,1.0607694647445705,-0.07532841898352051,-0.29468312332502267,-0.28457144396529926,10.99504132231405,False,False,False,False,0.0012529999949038029,0.0008200000156648457,False,False
2023-06-10,0.0009030000073835254,713,0.0022173126928134146,-0.1296479115349087,-0.14221451705562935,-0.3235749527454499,-0.10103225697778655,-0.0828499175817049,-0.3227733433621246,39.75835258911282,7.8536215997245e-06,0.08625494830134105,42.39251165718864,1.0609082187742296,-0.05981570610380278,-0.27564132952464415,-0.28088204846768255,-0.9017500344494971,True,False,False,False,0.0012529999949038029,0.0008200000156648457,False,False
2023-06-11,0.000944000028539449,2417,0.04440363478432044,0.05330247287938082,-0.09684979847977852,-0.22399064415206985,-0.05060446182228845,-0.04858831672801533,-0.28237134512976775,44.06015950511735,1.3796472961835848e-05,0.08365215502639976,37.40535945156488,1.0653147488911767,-0.00500656129941998,-0.22362034150085608,-0.2463615160655119,2.3899018232819076,False,False,False,False,0.0012529999949038029,0.0008200000156648457,False,False
2023-06-12,0.000914999982342124,850,-0.031202150400671445,0.07722336499050372,-0.12516314295400605,-0.24754289020611955,-0.08381870065364293,-0.06453852113757118,-0.3087696999332403,41.78717548356229,1.583796619850848e-05,0.08271500844714887,32.642942397375016,1.068528560948362,-0.02368760194434078,-0.2345018143926373,-0.2676191759262249,-0.6483243690525444,True,False,False,False,0.0012529999949038029,0.0008200000156648457,False,False
2023-06-13,0.0008249999955296516,6187,-0.10354066506121903,-0.021583596273453864,-0.10899031131678148,-0.3604255202270396,-0.18534727728417902,-0.16807918619879028,-0.4139141334230198,35.641921143737434,1.139817366341671e-05,0.09618138945705555,33.128157461814176,1.1165996432235914,-0.10974426294395835,-0.2965432613467359,-0.33777758488060017,6.278823529411765,False,False,False,False,0.0012529999949038029,0.0008200000156648457,False,False
2023-06-14,0.000830999983008951,689,0.007246393492861947,-0.015522748373870668,-0.036625480277493974,-0.3607580699285999,-0.1980417595243869,-0.18212102028105479,-0.4074687072505289,36.314326513240296,9.229293373516997e-06,0.08986981329746638,32.98761411080219,1.116526799114366,-0.09353697119181432,-0.2780818503414302,-0.33109292386463374,-0.8886374656537902,False,True,True,False,0.000986000057309866,0.0008200000156648457,False,False
2023-06-15,0.0008559999987483025,604,0.029640600270539687,0.0058582239163320875,-0.05566459400664841,-0.3176037458406773,-0.15047237195146024,-0.12914095375115317,-0.3770271396596181,39.16630922470183,9.78897516225777e-06,0.08443454085694523,31.532180299697437,1.1259099065922777,-0.05706103134780048,-0.24180691031781018,-0.30919274085159365,-0.12336719883889691,False,False,False,False,0.000986000057309866,0.0008200000156648457,False,False
2023-06-16,0.0005750000127591193,19668,-0.39790031169235585,-0.4491351859137108,-0.41182162138163825,-0.7481293378895992,-0.5463605952131331,-0.5229260020006489,-0.7660743009067641,25.398519094314622,-7.520988936354664e-06,0.1623090112845496,43.44484969525381,1.7477092006371155,-0.3499151943339419,-0.48007087999581954,-0.5342507812523319,31.562913907284766,False,False,False,False,0.000986000057309866,0.0008200000156648457,False,True
2023-06-17,0.0004720000142697245,20189,-0.19739104716910083,-0.6487435457756249,-0.7783914573105335,-0.9322641803958535,-0.7417354972879606,-0.7774182138360751,-1.0321886932217086,22.303644684424214,-2.374719874624582e-05,0.20252116620825789,58.583888540202736,1.8473930862100658,-0.44866252525042416,-0.5642057711319953,-0.6161072179594332,0.026489729509863835,False,True,False,False,0.000986000057309866,0.0008200000156648457,False,False
2023-06-18,0.00041099998634308577,3049,-0.13838583455028974,-0.831533015110235,-0.7782305422308541,-1.0605911779658002,-1.664349988651742,-1.0087213033134925,-1.1614766824578497,20.695283738920864,-3.57090629617684e-05,0.22743655467424437,73.5662660346873,1.8829045718684467,-0.5016974002744226,-0.6133511586906549,-0.6642554709339304,-0.8489771657833474,False,True,False,False,0.000986000057309866,0.0008200000156648457,False,False
2023-06-19,0.000307999987853691,6777,-0.28849343773022684,-1.0888243024397906,-1.0116009374492867,-1.3473982617444178,-2.1269940769556044,-1.2918767130124187,-1.4007990644070993,18.29612654335544,-4.697000910865733e-05,0.3068630569993455,94.19166076794231,2.0743861952640685,-0.612188382197261,-0.7041590750658125,-0.7471907904534568,1.222695965890456,False,True,False,False,0.000986000057309866,0.0008200000156648457,False,False
2023-06-20,0.000299000006634742,12870,-0.0296561479570466,-1.0149397853356181,-1.036523381609072,-1.3745196331397151,-2.1009477179067324,-1.2824191029534204,-1.405342508340248,18.098691803370997,-5.109540033148061e-05,0.3037935047381467,112.25139878672252,2.069564028038826,-0.6096860449901336,-0.7067362335713822,-0.7533908697795122,0.8990703851261621,False,True,False,False,0.000986000057309866,0.0008200000156648457,False,False
2023-06-21,0.0002730000123847276,2906,-0.09097175503019761,-1.1131579338586777,-1.1286806822325484,-1.462101528664165,-2.2065420085528884,-1.3432568504591,-1.4747545846452979,17.51081397233601,-5.1500548505404404e-05,0.3160244181554436,129.34757213708778,2.0695127813995167,-0.6282932653794063,-0.7263102904447953,-0.7737162645430349,-0.7742035742035742,False,True,False,False,0.000986000057309866,0.0008200000156648457,False,False
2023-06-22,0.0002530000056140125,11531,-0.07608232963296863,-1.218880863762186,-1.213022639845854,-1.5106433820469778,-2.0396277582168647,-1.427906535593158,-1.5449520268140993,17.05197925776899,-4.905239652121216e-05,0.33189460022741835,146.2052611968439,2.0701815357384294,-0.640471786364585,-0.7405447488132219,-0.7892290148479362,2.9679972470750173,False,True,False,False,0.000986000057309866,0.0008200000156648457,False,False
2023-06-23,0.0002530000056140125,1432,0.0,-0.8209805520698302,-1.270115737983541,-1.4087671607326628,-2.042707806494835,-1.402953259403749,-1.4000335271366533,17.05197925776899,-4.355603340551746e-05,0.3115757523546868,158.64735186295204,2.0687680744693,-0.6195202582737671,-0.7344891228102296,-0.7881542154344646,-0.875813025756656,False,True,False,False,0.000986000057309866,0.0008200000156648457,False,False
2023-06-24,0.0002209999947808683,12998,-0.13522683301552071,-0.7588163379162501,-1.407559883691875,-1.5391514451681307,-2.159310239294998,-1.557429887545372,-1.5293951959811276,16.26131007046473,-3.8380131965994415e-05,0.34640358958636824,174.25971524714726,2.085283164291606,-0.6499010000650105,-0.7623502653791809,-0.813976199847882,8.0768156424581,False,False,False,False,0.000986000057309866,0.0008200000156648457,False,False
2023-06-25,0.00021399999968707561,2179,-0.03218666434218395,-0.6526171677081444,-1.4841501828183794,-1.5761806580903674,-2.2152338283737825,-1.580037972935912,-1.5606009797634124,16.085602831720465,-3.199350031880962e-05,0.3365211909138469,189.86644631422422,2.076716724801666,-0.6430953996107945,-0.7639480251701461,-0.8189110972196271,-0.8323588244345284,False,True,False,False,0.000986000057309866,0.0008200000156648457,False,False
2023-06-26,0.0001990000018849969,1901,-0.07267117936274953,-0.436794909340667,-1.5256192117804575,-1.6546322444524377,-2.16199365757533,-1.6362119191359517,-1.634253039686061,15.69426375769413,-2.5620426042089698e-05,0.3414220892122444,205.56585423451304,2.0669937492574766,-0.6492774041870065,-0.7746268299961228,-0.8306944910559072,-0.12758145938503895,False,False,False,False,0.000986000057309866,0.0008200000156648457,False,False
2023-06-27,0.00019700000120792538,4783,-0.010101099327249138,-0.41723986071086944,-1.4321796460464875,-1.6637722599881566,-2.1032670828377427,-1.6205435398229182,-1.7125624668005626,15.639629385162365,-1.8701912767535257e-05,0.3282302230078719,220.5282848678322,2.0642216364475345,-0.6318101101726844,-0.77098881549594,-0.8314842206900511,1.5160441872698578,False,False,False,False,0.000986000057309866,0.0008200000156648457,False,False
2023-06-28,0.000195999993593432,446,-0.005089108325644125,-0.33135721400631596,-1.4445151478649936,-1.6659725623873567,-1.9774766162815287,-1.6165553607203733,-1.700099135917935,15.610367924631461,-1.1697766130908002e-05,0.3077979720256971,234.47977247939767,2.0635305090545417,-0.6097949564168547,-0.765824758713466,-0.8314225069197819,-0.906753083838595,False,False,False,False,0.000986000057309866,0.0008200000156648457,False,False
2023-06-29,0.00018899999849963933,1055,-0.03636761942271922,-0.29164250379606654,-1.5105233675582526,-1.5826266851116324,-2.003908035730154,-1.6739764335716716,-1.7052289877365197,15.393258233671958,-5.363358711059834e-06,0.2994214724429527,246.01678515313625,2.051346229647463,-0.5950289304437271,-0.7681550562487449,-0.8365461962297981,1.3654708520179373,False,False,False,False,0.000986000057309866,0.0008200000156648457,False,False
2023-06-30,0.00019099999917671084,60,0.010526416614989233,-0.28111608718107717,-1.1020966392509075,-1.5069818309502174,-1.9746625948761962,-1.6332362426114024,-1.7033191417109286,15.753781730973486,8.05791922519277e-07,0.2762447826760929,254.79367003042964,2.062546310960722,-0.5569473463488092,-0.7594640221064817,-0.8339014892981266,-0.943127962085308,False,True,False,False,0.000986000057309866,0.0008200000156648457,False,False
2023-07-01,0.00020300000323913991,841,0.06093257126192598,-0.08495668290363054,-0.8437730208198806,-1.4947289736879856,-1.9144565093793195,-1.5915447996918521,-1.5955488393739654,18.01123557849678,7.184306025206509e-06,0.24627578164941547,255.76229002600442,2.070369980569014,-0.48483694030554536,-0.737895412845637,-0.8224919303917595,13.016666666666667,False,False,False,False,0.000986000057309866,0.0008200000156648457,False,False
2023-07-02,0.00018899999849963933,762,-0.07145898787691536,-0.12422900643836189,-0.7768461741465061,-1.5244446772475349,-1.9815486447907933,-1.6779368649159572,-1.6529229801430925,17.424607374485944,1.1684038537383657e-05,0.2516711240718862,251.75336106083765,2.0715044231536734,-0.4716981173519161,-0.7496158154819315,-0.833810360228164,-0.09393579072532698,False,False,False,False,0.000986000057309866,0.0008200000156648457,False,False
2023-07-03,0.00017800000205170363,1230,-0.05996344530271617,-0.11152127237832855,-0.5483161817189954,-1.7535869113100455,-2.037126169844365,-1.7138990915199752,-1.7138990915199752,16.957276389003383,1.4935126966269846e-05,0.252951823327663,246.92677888236233,1.9133788240849976,-0.45298094071401496,-0.7577374287256556,-0.8425941872331534,0.6141732283464567,False,True,False,False,0.000986000057309866,0.0008200000156648457,False,False
2023-07-04,0.00018099999579135329,1159,0.016713446195123712,-0.08470672685595576,-0.5019465875668252,-1.5983267154849528,-2.0226081308583987,-1.70625378667636,-1.6992079061781507,17.60631122810061,1.809256853821411e-05,0.2341478068001192,226.69643504387577,1.9082128218687526,-0.3820416687756759,-0.7466830944697919,-0.8390424393781609,-0.05772357723577237,False,True,False,False,0.000986000057309866,0.0008200000156648457,False,False
2023-07-05,0.00017800000205170363,130,-0.016713446195123674,-0.09633106472543537,-0.4276882787317513,-1.5599171191682821,-2.049503475686292,-1.7832968131419829,-1.7128864254458087,17.45935791679537,2.060165396252907e-05,0.22269252469801223,163.53382332552658,1.9124438008374596,-0.31274130773021813,-0.7437226423402625,-0.84081488259054,-0.8878343399482312,False,False,False,False,0.000986000057309866,0.0008200000156648457,False,False
2023-07-06,0.00016500000492669642,2115,-0.07583805805916363,-0.13580150336187974,-0.4274440071579463,-1.6310214734301844,-2.123168390718069,-1.8591348712011464,-1.7877109089668837,16.804794398620714,2.1887699719357138e-05,0.23173614670038625,132.4952904551891,1.9063993241009445,-0.3081760820176447,-0.7550329522563177,-0.8515946778901116,15.26923076923077,False,False,False,False,0.000986000057309866,0.0008200000156648457,False,False
2023-07-07,0.00016799999866634607,9600,0.018018467705496418,-0.12830945227137275,-0.40942553945244997,-1.614188551317967,-2.072722627246398,-1.8258925081521333,-1.7696924412613875,17.572785043964842,2.331094680615704e-05,0.22537161694987304,106.4649876502313,1.9134641242286208,-0.24764890854135288,-0.7427022411456482,-0.848029816035056,3.539007092198582,False,False,False,False,0.000986000057309866,0.0008200000156648457,False,False
2023-07-08,0.00016700000560376793,18,-0.005970125492591538,-0.19521214902589035,-0.28016883192952086,-1.6284183047908956,-2.095774447064177,-1.8105439472866045,-1.7161148632718446,17.51474566084073,2.4437179888346823e-05,0.21095448418467092,79.95424555145027,1.9082915642164657,-0.20890570866324107,-0.7359850675807608,-0.8480754656672221,-0.998125,False,False,False,False,0.000986000057309866,0.0008200000156648457,False,False
2023-07-09,0.00016599999798927456,1492,-0.0060060697285118335,-0.12975923087748675,-0.25398823731584874,-1.6915174726570943,-2.0410638214758166,-1.799759485701264,-1.747627107110953,17.452668045889908,2.526251314261609e-05,0.2009389853528693,72.37127566463626,1.8743310745429989,-0.18627452522441984,-0.72882906849233,-0.8481223454832477,81.88888888888889,False,False,False,False,0.000986000057309866,0.0008200000156648457,False,False
2023-07-10,0.0001829999964684248,4892,0.09749835729945638,0.027702571724685564,-0.08381870065364293,-1.5962364280504513,-1.9198113807959012,-1.697268685028238,-1.679086345632156,22.482584060448744,2.6947122841222828e-05,0.1782304193838813,60.52674218521624,1.9401350803335775,-0.07669023385548067,-0.690972346111741,-0.8316196290244287,2.278820375335121,False,False,True,False,0.00019799999427050352,0.0008200000156648457,False,False
2023-07-11,0.00018899999849963933,967,0.03226087357803048,0.04324999910759236,-0.041456727748363245,-1.6083791892567412,-1.832369833408811,-1.6589836510790297,-1.6569675059847566,24.23727438500542,2.831858832499519e-05,0.1640250061837947,50.76940352599472,1.9328946876511384,-0.025773204575887245,-0.6698113240164888,-0.8251093078793288,-0.8023303352412101,True,False,False,False,0.00019799999427050352,0.0008200000156648457,False,False
2023-07-12,0.00017899999511428177,1067,-0.05436122857498674,0.005602216727729492,-0.09072884799770592,-1.6315382674310566,-1.8790811576371762,-1.7153569680846994,-1.6960767885686276,23.290988110096364,2.8336259836812664e-05,0.16560632577184267,43.57721486019665,1.9312024073642955,-0.059379950461395915,-0.6763461563763216,-0.8334070171029432,0.1034126163391933,False,False,False,True,0.00019799999427050352,0.00015900000289548188,False,False
2023-07-13,0.00018000000272877514,875,0.005571087503832856,0.08701136229072591,-0.04879014107115395,-1.5224265148660048,-1.8828520350930444,-1.7077737921501837,-1.690505701064795,23.612169800086377,2.8141884080481078e-05,0.15570075345169912,32.16197292582514,1.9337474328409385,-0.03562816400367922,-0.6641540374273999,-0.8315080006845446,-0.17994376757263353,False,False,False,False,0.00019799999427050352,0.00015900000289548188,False,False
2023-07-14,0.00016500000492669642,1616,-0.08701136229072588,-0.01801846770549632,-0.1463279199768691,-1.6166842706495925,-1.9774423405781925,-1.8147260301739796,-1.7988052909306473,22.11631406502299,2.673956668975666e-05,0.1663808501710478,29.337703805407134,1.9261028601911685,-0.10252920914088554,-0.6818725088220166,-0.844648854609361,0.8468571428571428,False,False,True,False,0.00019299999985378236,0.00015900000289548188,False,False
2023-07-15,0.00016500000492669642,2,0.0,-0.01204834221290482,-0.20726049123879509,-1.6463248709201324,-1.9639286167608097,-1.7967972428715926,-1.7754658246712853,22.11631406502299,2.5549966614809064e-05,0.15666100971265795,26.838537226082327,1.912651960457505,-0.09040791256458483,-0.6708295010619223,-0.8437337174874678,-0.9987623762376238,False,True,False,False,0.00019299999985378236,0.00015900000289548188,False,False
2023-07-16,0.00016799999866634607,2790,0.018018467705496418,0.011976195221103278,-0.11778303565638351,-1.23040609152228,-1.9785354294118795,-1.7767666867354133,-1.753332093522929,23.24419578864537,2.4689273483810868e-05,0.15095147867431444,26.242911816586872,1.4736319466206276,-0.06588824829805504,-0.6527490738226345,-0.8399618968187674,1394.0,False,False,False,False,0.00019299999985378236,0.00015900000289548188,False,False
2023-07-17,0.00016599999798927456,112,-0.011976195221103337,-0.09749835729945625,-0.06979578557477069,-1.0449912395742826,-1.9772554199701362,-1.7867267368622435,-1.8224094534103576,23.00501076622625,2.3704491998275998e-05,0.14659123381328878,25.74648710914208,1.3638174313879938,-0.06898486810565978,-0.6440212784624525,-0.840935225980464,-0.9598566308243728,False,False,False,False,0.00019299999985378236,0.00015900000289548188,False,False
2023-07-18,0.00016500000492669642,141,-0.006042272484392988,-0.13580150336187974,-0.09255150425428729,-0.9126476775083859,-1.9732388554741862,-2.576997666160128,-1.9213689808218783,22.878247407991296,2.2703349026421523e-05,0.1382441028110894,25.04646387432285,1.3145791923566232,-0.06647805134221128,-0.6324184544574166,-0.8409661497552163,0.2589285714285714,False,False,False,False,0.00019299999985378236,0.00015900000289548188,False,False
2023-07-19,0.00016199999663513154,122,-0.018349189297755468,-0.09978946408464855,-0.0941872473569191,-0.6425034290759145,-1.9899016908203322,-2.769497506031519,-1.9343801420883333,22.478080955223135,2.1565050736451256e-05,0.13251041313067846,25.398686714889664,0.9279443257838416,-0.07639682881909736,-0.6264871436943003,-0.8429372700584336,-0.13475177304964536,False,True,False,False,0.00019299999985378236,0.00015900000289548188,False,False
2023-07-20,0.00016199999663513154,7,0.0,-0.1053605515884813,-0.018349189297755468,-0.612847281118868,-1.987366914258583,-2.7137949990256005,-1.895266384072288,22.478080955223135,2.0542760035346705e-05,0.12392721815336065,25.058079785474803,0.9303925366059008,-0.06869792273606457,-0.6140284095668213,-0.8420074833241019,-0.9426229508196722,False,True,False,False,0.00019299999985378236,0.00015900000289548188,False,False
2023-07-21,0.00015199999324977398,794,-0.06371583802469716,-0.08206502732245266,-0.10008349502794898,-0.5855913641133677,-2.0476928927775324,-2.792133372666256,-1.9288482145724675,21.054414805419526,1.896177285159401e-05,0.12922496849702175,22.643120214245503,0.9089933986028265,-0.11318556935977259,-0.624376037190308,-0.8508707447016827,112.42857142857143,False,False,False,False,0.00019299999985378236,0.00015900000289548188,False,True
2023-07-22,0.00015199999324977398,5,0.0,-0.08206502732245266,-0.0941133695353574,-0.509509034480399,-2.0201524165273765,-2.5491367926972637,-1.937415570073557,21.054414805419526,1.7708442635217962e-05,0.12046453517720968,22.878937910892134,0.8879012567938848,-0.1035093267542026,-0.6105959096645946,-0.8499736038012755,-0.9937027707808564,False,True,False,False,0.00019299999985378236,0.00015900000289548188,False,False
2023-07-23,0.00015500000154133886,83,0.01954465042647455,-0.08053884460147447,-0.06856264938037104,-0.4899643840539244,-1.8987315447865873,-2.5326721905487593,-1.8929176434576733,22.756581499645137,1.6877275496981627e-05,0.11107738102935664,23.72207135989243,0.8951937994476221,-0.07957243483056739,-0.5843166673203216,-0.8460919756596813,15.600000000000001,False,False,False,False,0.00019299999985378236,0.00015900000289548188,False,False
2023-07-24,0.0001429999974789098,1052,-0.08058051423346256,-0.14914316361383365,-0.24664152091328992,-0.43531806527186623,-1.974469510439997,-2.5946283045668643,-1.9927479528172383,20.8225979515541,1.5358550681842856e-05,0.11829217097902926,26.366300182266144,0.821069522215431,-0.14114115429034355,-0.6003800662247315,-0.8571392914607486,11.674698795180722,False,False,False,False,0.00019299999985378236,0.00015900000289548188,False,False
2023-07-25,0.00014800000644754618,1525,0.03436770469870967,-0.10873318643073097,-0.24453468979261073,-0.36876369623097266,-1.9449443543213403,-2.5839975246047553,-1.9488016691668848,23.731086678198707,1.4538387972203818e-05,0.10951019651634718,27.502066594903198,0.8357235823561163,-0.10303026304928341,-0.5695922588070292,-0.8512375858819482,0.44961977186311786,False,True,False,False,0.00019299999985378236,0.00015900000289548188,False,False
2023-07-26,0.0001500000071246177,161,0.013423024265090467,-0.07696097286788496,-0.17675043695253348,-0.2826694926031326,-1.9373017370555703,-2.444663150178463,-1.9188814117390844,24.91914938624498,1.3974475293785536e-05,0.1022369611585438,28.751897968383506,0.8110255189028951,-0.08675794717633513,-0.5454545254105851,-0.8482986620291819,-0.8944262295081967,False,False,False,False,0.00019299999985378236,0.00015900000289548188,False,False
2023-07-27,0.00015300000086426735,852,0.019802585447535784,-0.057158387420349184,-0.16251893900883047,-0.2527658078283478,-1.9165380678165043,-2.3560328906660906,-1.8733093476512659,26.762053971220297,1.3632702970119948e-05,0.09540713211515883,29.403633301637267,0.817392954848879,-0.06422017850536241,-0.5160984232301696,-0.844316798836417,4.291925465838509,True,False,False,False,0.00019299999985378236,0.00015900000289548188,False,False
2023-07-28,0.00015100000018719584,151,-0.013158088986609785,-0.006600638382261801,-0.08866566570471447,-0.26083478848931346,-1.92680735087667,-2.238311404770842,-1.8773901492096867,26.298606118294884,1.3097920536740313e-05,0.09071181990933523,30.211708113378734,0.8174629755314726,-0.07191149115510305,-0.5002978355868103,-0.8454135948978704,-0.8227699530516432,False,False,False,False,0.00019299999985378236,0.00015900000289548188,False,False
2023-07-29,0.0001500000071246177,1306,-0.00664449646092588,-0.013245134843187711,-0.09531016216564041,-0.23111166552752013,-1.8137383506391525,-2.235019701257674,-1.9050880990991916,26.055646102627648,1.2504162624079663e-05,0.08669870517012972,31.044911865841502,0.8113503679019425,-0.07350211919118718,-0.4776431020447155,-0.8454850662393366,7.649006622516556,False,False,False,False,0.00019299999985378236,0.00015900000289548188,False,False
2023-07-30,0.000155999994603917,69,0.039220631065554803,0.0064308457958925785,-0.07410799880558187,-0.20241745107695466,-1.709399282027172,-2.1770800459531507,-1.8356536936883572,30.221117228633787,1.2322788683470103e-05,0.0806146906115532,29.006506611445857,0.8255147597159896,-0.028340115465436504,-0.4269341179460301,-0.8383193557098361,-0.947166921898928,False,False,False,False,0.00019299999985378236,0.00015900000289548188,False,False
2023-07-31,0.000155999994603917,482,0.0,0.08701136002935507,-0.06213180358447846,-0.26335002233888066,-1.7580789960268661,-2.1778065317182,-1.8548948220307329,30.221117228633787,1.1998405637092359e-05,0.07623012864265837,24.326872776766077,0.7892009248440247,-0.018250505652725322,-0.3917180269288372,-0.8373280136074754,5.9855072463768115,True,False,False,False,0.00019299999985378236,0.00015900000289548188,False,False
2023-08-01,0.0001539999939268455,222,-0.012903409681700641,0.03974024564894481,-0.06899294078178621,-0.204794444143666,-1.729239121391201,-2.1863430889344593,-1.8827313090596232,29.57700365664556,1.144640978475528e-05,0.07263205120240665,21.652784686187935,0.7564154077751271,-0.02315259097704642,-0.3616315950951953,-0.8384211498242158,-0.5394190871369295,False,False,False,False,0.00019299999985378236,0.00015900000289548188,False,False
2023-08-02,0.0001539999939268455,50,0.0,0.026317221383854218,-0.05064375148403074,-0.14483099884094988,-1.8984179101509955,-2.1819571686853148,-1.858730090360925,29.57700365664556,1.0882233857519479e-05,0.06837169168050175,17.507036245551756,0.7319184873203187,-0.015030415946092108,-0.3240277674252992,-0.8374009552763152,-0.7747747747747747,False,True,False,False,0.00019299999985378236,0.00015900000289548188,False,False
2023-08-03,0.00015500000154133886,218,0.006472563885808035,0.012987199822126599,-0.04417118759822261,-0.1550718811502654,-1.7533985966352181,-2.1776800120086643,-1.8613256678266255,30.436757806974427,1.0379014067212608e-05,0.06492171488459192,16.81593421344511,0.7289908204488028,-0.005453947674580627,-0.2767148792419061,-0.8353052411228099,3.3600000000000003,False,False,True,False,0.00015900000289548188,0.00015900000289548188,False,False
2023-08-04,0.00015100000018719584,801,-0.026145288808736424,0.0,-0.006600638382261801,-0.16450372376387817,-1.7244208429321604,-2.21400719945017,-1.9478005369058609,28.91606833649486,9.597635251591723e-06,0.06471961147347047,16.188545020709373,0.7316084008644166,-0.026748300895060032,-0.24575424577603003,-0.8385328943567987,2.6743119266055047,False,False,False,False,0.00015900000289548188,0.00015900000289548188,False,False
2023-08-05,0.00015100000018719584,1713,0.0,0.0066444964609258745,-0.006600638382261801,-0.08866566570471447,-1.719687139134899,-2.2118340564227834,-1.9478005369058609,28.91606833649486,8.91626870597048e-06,0.06530018626145764,14.505596121374012,0.6862343059786876,-0.021386901835174697,-0.2123930722658008,-0.8374937440130849,1.1385767790262173,False,False,False,False,0.00015900000289548188,0.00015900000289548188,False,False
2023-08-06,0.00015100000018719584,6,0.0,-0.03257613460462893,-0.026145288808736424,-0.10668413341021082,-1.7208726847281777,-2.179406760656609,-1.9325766415623442,28.91606833649486,8.312984293895052e-06,0.060635887242782106,12.880341692719552,0.6821689513903629,-0.016606962273133664,-0.1851052325167451,-0.836449989356568,-0.9964973730297724,False,False,False,False,0.00015900000289548188,0.00015900000289548188,False,False
2023-08-07,0.00015100000018719584,733,0.0,-0.03257613460462893,0.05443522542472626,-0.10071400791761925,-1.7291323127085148,-2.196488454981796,-1.911257955204224,28.91606833649486,7.771318443435403e-06,0.0572508265525891,11.018391243066848,0.6822208933969113,-0.012103361592879905,-0.16157690067146108,-0.8353882541804111,121.16666666666667,False,False,False,False,0.00015900000289548188,0.00015900000289548188,False,False
2023-08-08,0.00015999999595806003,725,0.05789395191706988,0.03822122699414159,0.07796147264308635,-0.03681398627203755,-1.7283314589291319,-2.077877807747854,-1.8365734719733016,38.25252813833209,7.85331523034486e-06,0.05463543061926834,10.50323143576898,0.71473321957373,0.04746315578885195,-0.09675964878810504,-0.8244459114175119,-0.010914051841746208,False,False,False,False,0.00015900000289548188,0.00015900000289548188,True,False
2023-08-09,0.00016399999731220305,2513,0.024692621463490633,0.06291384845763237,0.08923106984148652,-0.10961972210800305,-1.7058561501584544,-2.0294311029039043,-1.806888407136241,41.90472452714263,7.984926012192263e-06,0.05559307475987308,11.142006432276863,0.628013774825634,0.07294732346126391,-0.059848673829341094,-0.8188875969230612,2.466206896551724,True,False,False,False,0.00015900000289548188,0.00015900000289548188,False,False
2023-08-10,0.00016599999798927456,821,0.012121364808546796,0.06856264938037113,0.08154984920249762,-0.12975923087748675,-1.738138420134228,-1.9621290642862979,-1.7887428819565165,43.69786572114545,7.994899997812351e-06,0.05401223950590044,13.346090206742284,0.6173562162579227,0.08108107339703667,-0.03656414223863907,-0.8154807245893954,-0.6732988460007958,False,False,False,False,0.00015900000289548188,0.00015900000289548188,False,False
2023-08-11,0.00016399999731220305,51,-0.012121364808546859,0.08258657338056061,0.08258657338056061,-0.08751936711104688,-1.7190576345421036,-1.966600524748223,-1.8028763351957464,42.29208541024181,7.654618807260158e-06,0.05163693992247823,14.50056670547044,0.5912988906918054,0.06389878633628107,-0.03823599710079292,-0.816507605194165,-0.9378806333739342,False,False,False,False,0.00015900000289548188,0.00015900000289548188,False,False
2023-08-12,0.00015900000289548188,247,-0.030962191004383258,0.051624382376177405,0.058268878837103306,-0.12405264561926298,-1.6464791604852678,-2.0069046807123074,-1.8318264377694466,38.921031968853654,6.903743543586325e-06,0.05170258150553701,14.73463341364137,0.5983868282799369,0.030126358329605,-0.057163167695570914,-0.8209711433612251,3.8431372549019605,False,False,True,False,0.00016900000628083944,0.00015900000289548188,False,False
2023-08-13,0.00015799999528098851,486,-0.006309217271004143,0.04531516510517316,0.012739030500544191,-0.04335050059954129,-1.660034771249134,-2.020792841177734,-1.8580765307735208,38.26410577920548,6.174412776493266e-06,0.048765483161996914,13.147742814661465,0.5185998671655753,0.0186975880073753,-0.05604017339894625,-0.8209591200810906,0.9676113360323886,False,True,False,False,0.00016900000628083944,0.00015900000289548188,False,True
2023-08-14,0.0001610000035725534,693,0.018809384014430438,0.06412454911960357,0.03154841451497462,-0.024541116585110944,-1.6708659875052432,-1.9884697333459207,-1.8213383594567036,41.45648764773152,5.7380173411290294e-06,0.04576943452772435,12.786398264429858,0.523387510230525,0.03370789309293184,-0.0319865079037312,-0.8163902971792988,0.4259259259259258,False,False,False,False,0.00016900000628083944,0.00015900000289548188,False,False
2023-08-15,0.00015799999528098851,106,-0.01880938401443034,-0.01257878681189666,0.025642440182244968,-0.06136896830503766,-1.2917750598273179,-2.039904397716917,-1.8381356550404508,39.26963919938608,5.1121195230183725e-06,0.04466339956352171,12.34579894602069,0.5224688671775889,0.011847560937764822,-0.04531724571589323,-0.8186420007283416,-0.847041847041847,False,False,False,False,0.00016900000628083944,0.00015900000289548188,False,True
2023-08-16,0.00015700000221841037,59,-0.006349183681494686,-0.04362059195688215,0.01929325650075025,-0.05574195676542893,-1.1007331963397116,-2.032997376735565,-1.8424686936276724,38.53985332074899,4.516240625591269e-06,0.04219227102624326,12.196575545081433,0.5214904930111497,0.004157361685533823,-0.04675165299729363,-0.8186082485425984,-0.44339622641509435,False,False,False,False,0.00016900000628083944,0.00015900000289548188,False,False
2023-08-17,0.00015500000154133886,134,-0.012820692614942059,-0.06856264938037104,0.0,-0.06252037689597809,-0.975168054404364,-2.035759232370164,-2.639518043056106,37.05657824852455,3.896302386847683e-06,0.040605726351249066,11.805391747467532,0.5227095788357318,-0.009900972612653948,-0.05418597803409172,-0.8197328534894863,1.2711864406779663,False,True,False,False,0.00016900000628083944,0.00015900000289548188,False,False
2023-08-18,0.0001539999939268455,449,-0.006472563885808119,-0.06291384845763234,0.019672724922928233,-0.05064375148403074,-0.6931471805599453,-2.040545442304363,-2.82014125751555,36.30421675524885,3.348719165755177e-06,0.03934162175140927,11.26498337436673,0.5196910353570449,-0.01754388668533483,-0.056256928601777674,-0.8197080272898827,2.3507462686567164,False,True,False,False,0.00016900000628083944,0.00015900000289548188,False,False
2023-08-19,0.00015500000154133886,75,0.006472563885808035,-0.025479093567440964,0.026145288808736403,-0.04417118759822261,-0.6570184687170905,-2.0315381018568055,-2.757966186623823,37.667114153459664,2.9951957764234484e-06,0.0367566499823003,11.303939656927135,0.5204455109676108,-0.010848736145719925,-0.045918983348416965,-0.8173225353331354,-0.8329621380846325,False,False,False,False,0.00016900000628083944,0.00015900000289548188,False,False
2023-08-20,0.00015500000154133886,0,0.0,-0.019169876296436794,0.026145288808736403,0.01954465042647455,-0.566046713686893,-2.0281482423510577,-2.772588722239781,37.66711415345966,2.71119280351705e-06,0.03413117498356456,11.341373352084991,0.46949494739833625,-0.01053301817281546,-0.040247665632661404,-0.8160979521592612,-1.0,False,False,False,False,0.00016900000628083944,0.00015900000289548188,False,False
2023-08-21,0.00015500000154133886,211,0.0,-0.03797926031086716,0.026145288808736403,0.01954465042647455,-0.4899643840539244,-2.0006077661009023,-2.529592142270789,37.667114153459664,2.479472429107039e-06,0.03169323391330995,11.275080161227383,0.46949494739833625,-0.010848740738586897,-0.036189516579819093,-0.8148568401329666,inf,False,False,False,True,0.00016900000628083944,0.00015300000086426735,False,False
2023-08-22,0.0001539999939268455,104,-0.006472563885808119,-0.025642440182244864,-0.03822122699414159,-0.006472563885808119,-0.4964369479397326,-1.9052041086723956,-2.539144754434567,36.686687672995305,2.2231995705101867e-06,0.030084358600538267,11.275080161227383,0.4650673403876908,-0.01723041029543079,-0.039541009830278855,-0.8147903229607699,-0.5071090047393365,False,False,False,False,0.00016900000628083944,0.00015300000086426735,False,False
2023-08-23,0.00015799999528098851,743,0.025642440182244968,0.006349183681494738,-0.03727140827538748,0.09975039052989947,-0.33556767474196686,-1.8747191199100974,-2.494877914036965,43.069858437437944,2.278993707121665e-06,0.030844886206680116,11.240456168382474,0.372399772025708,0.007331822732881556,-0.011758844982773516,-0.8086669099941587,6.144230769230769,False,False,False,False,0.00016900000628083944,0.00015300000086426735,False,False
2023-08-24,0.00015799999528098851,353,0.0,0.019169876296436825,-0.049392773083934305,0.06538268583118974,-0.303381010399783,-1.8795616684901506,-2.5186148387735656,43.069858437437944,2.2669955404102714e-06,0.029545839514162214,10.693080004681537,0.3552414985583549,0.005089037148406262,-0.009280185604624519,-0.807346446236462,-0.5248990578734858,True,False,False,False,0.00016900000628083944,0.00015300000086426735,False,False
2023-08-25,0.00015799999528098851,0,0.0,0.025642440182244968,-0.03727140827538748,0.05195966156609915,-0.23070983103703346,-1.8853420754894712,-2.3927034886123635,43.069858437437944,2.2079684936536746e-06,0.02743542240600777,10.043014624981042,0.35297249647508777,0.002856216329559139,-0.008409713871608925,-0.8060052480091336,-1.0,False,False,False,False,0.00016900000628083944,0.00015300000086426735,False,False
2023-08-27,0.000155999994603917,248,-0.012739030500544264,0.0064308457958925785,-0.012739030500544264,0.03257613460462892,-0.22825865388468447,-1.8942312162720412,-2.205735270166213,40.33501547449841,1.8796738173602958e-06,0.025332966054421303,8.43703220204469,0.34670573513002334,-0.01359470947379194,-0.01837405117107593,-0.8058639117516806,inf,False,False,False,False,0.00016199999663513154,0.00015300000086426735,False,False
2023-08-28,0.00015700000221841037,909,0.006389846819049417,0.01282069261494209,-0.025158567695925116,0.04561047788460448,-0.18550118764291576,-1.7681278727545482,-2.1894092233730698,42.30759903906663,1.7490648671624682e-06,0.024738510624481104,8.396520574001594,0.346028225184562,-0.006329088508912317,-0.010961299435106467,-0.803285258120547,2.6653225806451615,False,False,False,False,0.00016199999663513154,0.00015300000086426735,False,False
2023-08-29,0.00015900000289548188,3060,0.01265840095249901,0.031951657453249085,0.006309217271004262,0.019048247771548513,-0.18336920330540615,-1.6903510342556236,-2.1580317981816024,46.14266020832796,1.7523517241352739e-06,0.028522595178257913,7.68580666597635,0.32111058010935617,0.007923958396613636,0.0046758744669434344,-0.799412109360801,2.366336633663366,False,False,False,False,0.00016199999663513154,0.00015300000086426735,False,False
2023-08-30,0.00015799999528098851,128,-0.006309217271004143,0.0,0.006349183681494738,0.012739030500544191,-0.25061099183833646,-1.745339965526322,-2.165067501217656,44.54810073233104,1.6439420919310772e-06,0.027104979526356675,6.03047132637616,0.32202042481489235,0.004130898968825867,0.002283661131626628,-0.7992886234112134,-0.9581699346405229,False,False,False,False,0.00016199999663513154,0.00015300000086426735,False,False
2023-08-31,0.00015700000221841037,149,-0.006349183681494686,-0.006349183681494686,0.01282069261494209,0.01929325650075025,-0.18550118764291576,-1.7099458648904506,-2.167049832433709,42.949732210751435,1.4674603283962954e-06,0.0257841758626493,4.628260520426711,0.3194070626312298,2.3171839745132007e-08,-0.0012722447038822332,-0.7991698132479301,0.1640625,False,False,False,True,0.00016199999663513154,0.00015500000154133886,False,False
2023-09-01,0.00015700000221841037,1,0.0,-0.006349183681494686,0.01929325650075025,0.01929325650075025,-0.1255377423401997,-1.8791246536502453,-2.1626639121845646,42.949732210751435,1.3180363195491154e-06,0.024397404906330963,4.481431345021796,0.3194070626312298,0.0006373720379779629,0.0016588180774323037,-0.7977585951288654,-0.9932885906040269,False,False,True,False,0.00016999999934341758,0.00015500000154133886,False,False
2023-09-02,0.00015700000221841037,31,0.0,-0.006349183681494686,0.01282069261494209,0.01282069261494209,-0.14225118853532334,-1.7405779040202762,-2.1648593193937224,42.94973221075143,1.190400569215976e-06,0.02265473312730732,4.437292355192639,0.3187174132646985,0.000956348906723264,0.002682355350077036,-0.7963260824999888,30.0,False,False,False,False,0.00016999999934341758,0.00015500000154133886,False,False
2023-09-03,0.000155999994603917,6,-0.006389846819049477,0.0,0.0064308457958925785,0.03257613460462892,-0.13192758915924915,-1.6918447083275314,-2.1814310648455413,41.10756175575813,1.0165808407038832e-06,0.02162926749755566,3.7365916926064084,0.30514717345943515,-0.0038314421906645996,-0.0025575716942722896,-0.7961796821017393,-0.8064516129032258,False,False,False,False,0.00016999999934341758,0.00015500000154133886,False,False
2023-09-04,0.00015500000154133886,1349,-0.006430845795892619,-0.012820692614942059,0.0,0.026145288808736403,-0.06252037689597809,-1.6935418503261626,-2.1856887676140473,39.29263593145712,8.206097420937837e-07,0.02297887304291659,3.746722559270258,0.30625763689715735,-0.009268119068115128,-0.007301122955481251,-0.7960445782882154,223.83333333333334,False,False,False,False,0.00016999999934341758,0.00015500000154133886,False,False
2023-09-05,0.00015500000154133886,21,0.0,-0.025479093567440964,0.006472563885808035,0.026145288808736403,-0.08053884460147447,-1.6947273959194413,-2.153261471847873,39.29263593145712,6.829746081587144e-07,0.021798351259958996,3.8183119797701925,0.30625763689715735,-0.008634455988860505,-0.0059004451469350455,-0.7944624173884561,-0.9844329132690882,False,False,False,False,0.00016999999934341758,0.00015500000154133886,False,False
2023-09-06,0.00015500000154133886,0,0.0,-0.019169876296436794,-0.019169876296436794,0.026145288808736403,-0.07456871910888292,-1.7029870238997782,-2.1703431661730597,39.29263593145712,5.875617505950852e-07,0.020702152461498372,3.8183119797701925,0.30625763689715735,-0.008634455988860505,-0.004623666443396487,-0.7928721262210093,-1.0,False,False,False,False,0.00016999999934341758,0.00015500000154133886,False,False
2023-09-07,0.00015500000154133886,19,0.0,-0.012820692614942059,-0.019169876296436794,-0.031748663108333484,-0.06856264938037104,-1.7600801220374653,-2.1096264708561874,39.29263593145712,5.222755254543105e-07,0.019223427285677063,3.6529072855627085,0.22687514041761456,-0.008951391122630081,-0.003727969117599352,-0.7913455495943739,inf,False,False,True,True,0.00015999999595806003,0.0001539999939268455,False,False
2023-09-08,0.00015100000018719584,480,-0.026145288808736424,-0.038965981423678415,-0.04531516510517325,-0.08258657338056066,-0.19220629548856377,-1.7884427235390152,-2.1120176762844647,31.75056650931549,2.2283338841166373e-07,0.020688363636863383,4.694061555420349,0.22352454736829686,-0.03329064585182555,-0.028063844512769828,-0.7952584010280294,24.263157894736842,False,False,False,False,0.00015999999595806003,0.0001539999939268455,False,True
2023-09-09,0.00014800000644754618,114,-0.020067520726016454,-0.05903350214969503,-0.06538268583118975,-0.11477545891512397,-0.24453468979261073,-1.852913879049352,-2.0769045232014216,27.488881695058367,-1.4436561883868994e-07,0.02104790043883022,6.557322322592342,0.22476034997155753,-0.050368898755868696,-0.04688300420355246,-0.7978942678159162,-0.7625,False,True,False,False,0.00015999999595806003,0.0001539999939268455,False,False
2023-09-10,0.00014899999951012433,13,0.0067339853290874704,-0.04590967000155793,-0.04590967000155793,-0.09592010877748958,-0.18343947588853643,-1.814977743319593,-2.0625206335257125,30.822061825859734,-2.7918528947164797e-07,0.021330848109791304,7.605572000856102,0.2256222951545719,-0.04210864484290068,-0.04007215529973494,-0.7950777403046956,-0.8859649122807017,False,False,False,False,0.00015999999595806003,0.0001539999939268455,False,False
2023-09-11,0.00014800000644754618,34,-0.006733985329087547,-0.04621280953475295,-0.05903350214969503,-0.07169190310219384,-0.19574454872145686,-1.7181710635874616,-2.0785965838145013,29.36822213570933,-3.8828474636237773e-07,0.02090629895886759,8.694455919832524,0.2027659474819542,-0.046698830070536955,-0.04565381161343842,-0.7952166392292462,1.6153846153846154,False,False,False,False,0.00015999999595806003,0.0001539999939268455,False,False
2023-09-12,0.00014200000441633165,478,-0.04138522862642803,-0.08759803816118089,-0.11307713172862185,-0.10676791445761774,-0.15011841505715898,-1.7668026857067516,-2.1275607556353515,22.50808891564928,-7.937480097211085e-07,0.023251368985312604,11.332558516777194,0.24401578967855966,-0.08060858417713393,-0.08422543068085264,-0.8023178860451443,13.058823529411764,False,False,False,False,0.00015999999595806003,0.0001539999939268455,False,False
2023-09-13,0.0001449999981559813,153,0.02090664100101663,-0.06669139716016421,-0.0858612734566011,-0.10467065747103138,-0.12921177405614234,-1.7755366449762746,-2.093140390816952,31.16597190890174,-7.875434944531462e-07,0.02262168611106351,12.353019181409982,0.24653217117887083,-0.05721717963720994,-0.06451613793603135,-0.796905969971036,-0.6799163179916319,False,True,False,False,0.00015999999595806003,0.0001539999939268455,False,False
2023-09-14,0.00014200000441633165,313,-0.02090664100101668,-0.08759803816118089,-0.10041873077612298,-0.10676791445761774,-0.1681368827626553,-1.3985429742849356,-2.146672312174535,27.818797259940666,-9.047490547515713e-07,0.022958687171633473,13.83399102678093,0.2482749172652913,-0.07189540121437159,-0.08292427718412292,-0.7998773834230604,1.045751633986928,False,False,False,False,0.00015999999595806003,0.0001539999939268455,False,False
2023-09-15,0.00014200000441633165,14,0.0,-0.06145274935244448,-0.10041873077612298,-0.10041873077612298,-0.156160687541552,-1.2011519271158346,-2.133416107511688,27.818797259940666,-8.996468523809361e-07,0.021318780945088222,14.904015012918395,0.24836454784758502,-0.06701706186708933,-0.08161942273777482,-0.7985286855742678,-0.9552715654952076,False,False,False,False,0.00015999999595806003,0.0001539999939268455,False,False
2023-09-16,0.00013800000306218863,328,-0.0285733813552103,-0.0699586099816383,-0.12899211213133321,-0.11617141951639118,-0.17869179641236924,-1.0913394739207554,-2.151930651886555,23.8567618661108,-1.0713722442761939e-06,0.022957804778992726,16.868309237189678,0.2616497490268152,-0.08790481512530085,-0.10598598445799644,-0.8028965590603772,22.428571428571427,False,False,False,False,0.00015999999595806003,0.0001539999939268455,False,False
2023-09-17,0.0001320000010309741,533,-0.0444517769501965,-0.12114437226092231,-0.1670540422624802,-0.15415063258077957,-0.20479438406481024,-0.8472978131407249,-2.1946960748851425,19.394671411488815,-1.4701211145150306e-06,0.02553371447516114,19.975109197204315,0.29748258990227466,-0.12029323859352911,-0.1428571331378674,-0.8102357660910241,0.625,False,True,False,False,0.00015999999595806003,0.0001539999939268455,False,False
2023-09-18,0.0001340000017080456,60,0.01503788230073966,-0.09937250463109516,-0.14558531416584805,-0.14558531416584805,-0.1897565017640706,-0.8026037828829385,-2.1771234160226536,24.46612076431849,-1.476368641352071e-06,0.024422097267948303,21.414456312289328,0.30313680404437604,-0.09946236394833453,-0.1273769076695248,-0.8060851608256129,-0.8874296435272045,False,True,False,False,0.00015999999595806003,0.0001539999939268455,False,False
2023-09-19,0.00013600000238511711,472,0.014815090576157342,-0.04317218542850967,-0.1307702235896906,-0.1307702235896906,-0.11122557316321602,-0.6968169372765836,-2.1589184659407485,29.259286635338867,-1.2329114817068745e-06,0.02391979355250903,22.036431488112534,0.310438600662432,-0.07921462043612913,-0.11203968005153521,-0.801951357986812,6.866666666666666,False,False,False,False,0.00015999999595806003,0.0001539999939268455,False,False
2023-09-20,0.00013699999544769526,596,0.007325989325944783,-0.05675283710358136,-0.12344423426374569,-0.12344423426374569,-0.10389958383727116,-0.61340861831767,-2.1240520003646477,31.596563275932,-9.067147838584121e-07,0.02413461868342156,22.253564917224544,0.3127762269699536,-0.06612137754340032,-0.10352051013800473,-0.7992526991177622,0.2627118644067796,False,False,False,False,0.00015999999595806003,0.0001539999939268455,False,False
2023-09-21,0.00013600000238511711,379,-0.007325989325944895,-0.04317218542850967,-0.1307702235896906,-0.12429765970388243,-0.1307702235896906,-0.620734607643615,-2.029501768376278,30.510935633939937,-6.713261720843546e-07,0.02362592139445969,22.298867146033892,0.3128713485086847,-0.06625471442333772,-0.10796272841221513,-0.7994662227722643,-0.36409395973154357,False,False,False,False,0.00015999999595806003,0.0001539999939268455,False,False
2023-09-22,0.00013699999544769526,66,0.007325989325944783,-0.03584619610256475,-0.09729894545500932,-0.14261411056018253,-0.042863720030283076,-0.47818178530214933,-2.01733323047028,32.990426883223165,-3.76029239090476e-07,0.022299595537927167,21.813870927754557,0.29704719387712336,-0.05288631728039971,-0.09927682051922232,-0.796713290920995,-0.8258575197889182,False,False,False,False,0.00015999999595806003,0.0001539999939268455,False,False
2023-09-23,0.00013299999409355223,1656,-0.02963180878725148,-0.03690462353460605,-0.10686323351624435,-0.172245919347434,-0.10686323351624435,-0.47562692974721704,-2.0518075878375845,28.595149206410525,-3.768938002333594e-07,0.026163045552936498,21.815300649598658,0.3088268499799523,-0.07317078117418237,-0.12350076217454292,-0.8013902770570138,24.09090909090909,False,False,False,False,0.00015999999595806003,0.0001539999939268455,False,False
2023-09-24,0.00013000000035390258,210,-0.02281463063446115,-0.015267477218870656,-0.136411849479793,-0.1950605499818951,-0.143100888415796,-0.4257703810189286,-2.080402625471366,25.81703763460598,-4.986641596105287e-07,0.02650324030794744,22.17478067907099,0.31370289413278185,-0.08611599836369983,-0.14089346682474896,-0.8046214535643588,-0.8731884057971014,False,True,False,False,0.00015999999595806003,0.0001539999939268455,False,False
2023-09-25,0.00014000000373926014,1188,0.07410799614039507,0.04380263662078461,-0.05556986801031047,-0.12095255384150008,-0.08879547772293668,-0.34156128555128445,-2.005333545539441,44.998978699019304,1.409334751116383e-07,0.028464526122547688,20.72491992327002,0.4211391052811131,-0.010600689634281705,-0.07346125784952555,-0.7882461430169257,4.6571428571428575,False,False,False,False,0.00015999999595806003,0.0001539999939268455,False,False
2023-09-26,0.00013899999612476677,62,-0.00716854406698936,0.021819001977637923,-0.021353183450871772,-0.1153820674079453,-0.0828059328033163,-0.3436407212926297,-2.0096132836799865,43.77984743890074,5.218968336121726e-07,0.027135379246343558,18.924171057131307,0.42013655444173914,-0.012082479944614114,-0.07861595917941415,-0.7884950492082459,-0.9478114478114478,True,False,True,False,0.00014200000441633165,0.0001539999939268455,False,False
2023-09-27,0.00013600000238511711,184,-0.02181900197763786,-0.007325989325944895,-0.0640788264295263,-0.14359091620463257,-0.0979804383200282,-0.32909210384754845,-1.9117187889591807,40.256275619385704,5.91958558962964e-07,0.027328582856207602,16.76008444059647,0.42299863953740013,-0.02683362213374708,-0.09562440126847262,-0.7917655488766906,1.967741935483871,False,False,False,False,0.00014200000441633165,0.0001539999939268455,False,False
2023-09-28,0.00013600000238511711,1,0.0,0.0,-0.04317218542850967,-0.15624931715713153,-0.13720106938558307,-0.33961852046253765,-1.8466003514127551,40.256275619385704,6.535838110419059e-07,0.025901747654840164,15.25451836546097,0.4187107983865084,-0.02158272522686026,-0.09224400984036601,-0.7904096991135147,-0.9945652173913043,False,True,False,False,0.00014200000441633165,0.0001539999939268455,False,False
2023-09-29,0.0001539999939268455,2522,0.12429765970388237,0.11697167037793764,0.08112547427537288,-0.025642440182244864,-0.012903409681700641,-0.2762534320205813,-1.7709824057085668,61.704075909542034,1.8539185067898779e-06,0.03098065543797685,17.038914099293777,0.6158248080118172,0.10552758989577476,0.029549365418002054,-0.7611292168212008,2521.0,False,False,False,False,0.00014200000441633165,0.0001539999939268455,True,False
2023-09-30,0.00017800000205170363,14222,0.1448309988409499,0.291434478006139,0.2545298544715328,0.1255377423401997,0.1448309988409499,-0.05996344530271617,-1.584408122550251,74.73021640835758,4.083732279068026e-06,0.05016985064192782,28.88254716889499,0.7977501778691015,0.2646536493246298,0.18777527101903124,-0.722183199873038,4.639175257731959,True,False,False,False,0.00014200000441633165,0.0001539999939268455,False,False
2023-10-01,0.00016799999866634607,2707,-0.0578195903536673,0.2564295182869328,0.241162041068062,0.06771815198653236,0.08701140848728259,-0.0578195903536673,-1.811406501663713,64.83458754781282,4.662804113382178e-06,0.05786268859465857,33.003510097889965,0.8265411608550285,0.185185173018191,0.11970140509623597,-0.7361270381782973,-0.8096610884545071,True,False,False,False,0.00014200000441633165,0.0001539999939268455,False,False
2023-10-02,0.00016500000492669642,11138,-0.01801846770549632,0.16430305444104146,0.20810569106182605,0.049699684281035945,0.06252037689597816,-0.09255150425428729,-1.69087821973924,62.17468551916425,4.612963767268104e-06,0.08068056756836742,35.68133520103074,0.8295445802071503,0.1546536355233533,0.09868161450354145,-0.7391345514065765,3.114517916512745,False,False,False,False,0.00014200000441633165,0.0001539999939268455,False,False
2023-10-03,0.0001610000035725534,273,-0.024541116585110944,0.14693048192291983,0.16874948390055777,0.03154841451497462,0.06412454911960357,-0.10037917464427454,-1.660296293812557,58.7157837843965,4.0972141365267714e-06,0.07855360249632946,37.13859276478989,0.8341638226557768,0.12038972074383662,0.07204690047587442,-0.7438121019935003,-0.9754893158556294,False,False,False,False,0.00014200000441633165,0.0001539999939268455,False,False
2023-10-04,0.00015900000289548188,140,-0.012500166743426116,0.1562493171571315,0.14892332783118675,0.025479093567441023,0.051624382376177405,-0.037041283328537095,-1.6680627567587216,57.008067828171725,3.4347750312692174e-06,0.0747586214374205,38.02747937918878,0.8351171345855353,0.09996542573678995,0.05858856641760822,-0.7453514584250932,-0.4871794871794872,False,True,False,False,0.00014200000441633165,0.0001539999939268455,False,False
2023-10-05,0.00015900000289548188,235,0.0,0.1562493171571315,0.1562493171571315,0.025479093567441023,0.051624382376177405,-0.05505975103403338,-1.6692483023520004,57.008067828171725,2.8349267815232434e-06,0.07031719279056538,38.73390271959292,0.8351171345855353,0.09353509200100596,0.05830672698117834,-0.7435690623400258,0.6785714285714286,False,False,True,False,0.00022400000307243317,0.0001539999939268455,False,False
2023-10-06,0.00016199999663513154,1232,0.018692094030781543,0.050643751484030844,0.16761542186196832,0.04417118759822268,0.070316476406959,-0.0303975315106602,-1.6588158363015557,59.07854938711309,2.490745524229738e-06,0.07158097089776218,39.336037725805696,0.8374198319655815,0.10504772487208079,0.07727089042969869,-0.7366817073486092,4.242553191489361,False,False,False,False,0.00022400000307243317,0.0001539999939268455,False,False
2023-10-07,0.00015900000289548188,143,-0.01869209403078168,-0.11287934138770073,0.1785551366184381,0.025479093567441023,-0.006269569540892475,-0.04308355581293009,-1.7346010284700244,56.16555823219188,1.936271838212699e-06,0.06906986186850053,38.52510881934186,0.8403664250610926,0.07468741217336414,0.056618836896440476,-0.7395214683414967,-0.8839285714285714,False,False,False,False,0.00022400000307243317,0.0001539999939268455,False,False
2023-10-08,0.0001610000035725534,109,0.012500166743426078,-0.042559584290607244,0.21386993399632553,0.06412454911960357,-0.018462024260957135,-0.1280817463689602,-1.7243181744194116,57.664245855862184,1.5937321663481946e-06,0.06422688755402983,37.89012816710659,0.8355393301776141,0.07836572810907293,0.06905712620225361,-0.7342488759239981,-0.23776223776223782,False,False,False,False,0.00022400000307243317,0.0001539999939268455,False,False
2023-10-09,0.0001610000035725534,0,0.0,-0.024541116585110944,0.13976193785593052,0.08419206984561999,-0.0305833890695039,-0.16034261994699076,-1.768721809203732,57.664245855862184,1.2707173154989666e-06,0.06008290536422935,37.23938739029894,0.8317504083014275,0.06941217632832562,0.06820596578394426,-0.7322935400294578,-1.0,False,False,True,False,0.00017600000137463212,0.0001539999939268455,False,False
2023-10-10,0.00015999999595806003,241,-0.006230597202533662,-0.006230597202533662,0.1406998847203861,0.07122748731399885,-0.024692621463490678,-0.1122119885745376,-1.7437502560055942,56.54321220662129,9.101588448831906e-07,0.05792568229900308,36.38474363280208,0.8322090806062412,0.05471322024180224,0.060867230272769295,-0.731961878360379,inf,False,False,False,False,0.00017600000137463212,0.0001539999939268455,False,False
2023-10-11,0.000155999994603917,669,-0.025317817312440958,-0.019048247771548416,0.13720106938558316,0.05264365533064539,-0.019048247771548416,-0.14310089339081136,-1.665527408256816,52.17395783208804,3.514428035171069e-07,0.057914570762174405,34.949679029103045,0.8372781203612847,0.02161096639192775,0.034071286682194155,-0.7367377508793996,1.7759336099585061,False,False,False,False,0.00017600000137463212,0.0001539999939268455,False,False
2023-10-12,0.00015799999528098851,226,0.012739030500544191,-0.006309217271004143,0.1499400998861273,0.10676791445761773,0.0,-0.04335050059954129,-1.660034771249134,54.08443340092395,7.991935717223747e-08,0.054453326099513095,33.51834649290209,0.8233471356979924,0.027642245551042884,0.047328615817080345,-0.7313427840472251,-0.6621823617339313,False,False,False,False,0.00017600000137463212,0.0001539999939268455,False,False
2023-10-13,0.00015700000221841037,845,-0.006349183681494686,-0.03135049498328057,0.01929325650075025,0.07951208977510626,-0.025158567695925116,-0.04969968428103601,-1.6960245552011683,52.945604487676306,-1.8899837104293814e-07,0.05316065570223596,30.929025655328513,0.8216061728568695,0.013230085702891782,0.040837985793051215,-0.7310262083227964,2.7389380530973453,False,False,True,False,0.0001630000042496249,0.0001539999939268455,False,False
2023-10-14,0.00015900000289548188,122,0.01265840095249901,0.0,-0.11287934138770073,0.11307713172862187,0.006309217271004262,-0.05505975103403338,-1.2854658425563137,54.98706673978856,-2.503024164868981e-07,0.049641014593965783,26.962394229541935,0.8178264857468058,0.01662405579330824,0.05395732658110057,-0.7255710747597793,-0.855621301775148,False,False,False,False,0.0001630000042496249,0.0001539999939268455,False,False
2023-10-15,0.000155999994603917,0,-0.019048247771548416,-0.03154841451497454,-0.07410799880558187,0.09402888395707354,-0.006389846819049477,-0.06213180358447846,-1.1071230431587613,51.38575363427891,-4.967829699606095e-07,0.048355307224749185,25.06845832631608,0.8216215525048498,-0.007633622764786596,0.03434553787143551,-0.7287829227297415,-1.0,False,False,False,False,0.0001630000042496249,0.0001539999939268455,False,False
2023-10-16,0.000155999994603917,288,0.0,-0.03154841451497454,-0.05608953110008553,0.12260226531228378,0.0064308457958925785,-0.05608953110008553,-0.9687372086084715,51.38575363427891,-6.538218638206532e-07,0.04535923566889893,22.614978320463823,0.8137500911682444,-0.012970613242751158,0.03434553787143551,-0.7268094591761787,inf,False,False,False,True,0.0001630000042496249,0.00015500000154133886,False,False
2023-10-17,0.00016799999866634607,10767,0.07410799880558182,0.048790181493140926,0.04255958429060722,0.241162041068062,0.08701140848728259,0.0363676570032518,-0.6061357720726627,62.714234931640945,2.0734197451766643e-08,0.05654273803674737,19.069245518463934,0.8296679466847838,0.052301903121168954,0.1122881231418825,-0.7036148429465418,36.385416666666664,False,False,False,False,0.0001630000042496249,0.00015500000154133886,True,False
2023-10-18,0.0001539999939268455,838,-0.08701140848728255,-0.012903409681700641,-0.03195165745324914,0.13911275028003997,-0.006472563885808119,-0.05064375148403074,-0.6634910326028988,48.51118811093164,-4.781505558611393e-07,0.06377057006191392,13.815122843706146,0.8927898251542227,-0.040797293773381316,0.0202729137942847,-0.7263244053887986,-0.922169592272685,False,False,False,False,0.0001630000042496249,0.00015500000154133886,False,True
2023-10-19,0.0001539999939268455,1,0.0,-0.025642440182244864,-0.03195165745324914,0.12429765970388237,-0.006472563885808119,0.013072086540666432,-0.572519277572701,48.51118811093164,-7.91835517545323e-07,0.05967935478565928,13.815122843706146,0.8921594020348358,-0.040797293773381316,0.02081395754730796,-0.7242589568654956,-0.9988066825775657,False,False,False,False,0.0001630000042496249,0.00015500000154133886,False,False
2023-10-20,0.00014800000644754618,492,-0.03974024564894483,-0.05903350214969503,-0.09038399713297549,0.07723142472899278,-0.04621280953475295,-0.02666815910827837,-0.5361771935886773,43.602978768901174,-1.3540973842692905e-06,0.061524153557914074,11.565274404799972,0.9050577657186325,-0.06947496520475119,-0.01778599625549123,-0.7329363352212094,491.0,False,False,True,False,0.000195999993593432,0.00015500000154133886,False,False
2023-10-21,0.00014699999883305281,115,-0.00677973848829532,-0.07847164159048924,-0.07847164159048924,0.07777767556664242,-0.04651998413724006,-0.05299254802304816,-0.5429569320769725,42.82526661150681,-1.7205144472381557e-06,0.05849002829684291,12.220275001904115,0.9049845607154163,-0.06962025846909271,-0.02312600652680868,-0.7327126956794031,-0.766260162601626,False,True,False,False,0.000195999993593432,0.00015500000154133886,False,False
2023-10-22,0.00014899999951012433,180,0.013513723817382911,-0.04590967000155793,-0.07745808451653251,0.08396541005808036,-0.058648700502102094,0.04110169002779737,-0.39421637524406894,44.9404447386182,-1.7495966723904938e-06,0.0545419195777032,12.53293890724846,0.9056490316829711,-0.05216284922502297,-0.008781271525595276,-0.7269712138475698,0.5652173913043479,False,False,False,False,0.000195999993593432,0.00015500000154133886,False,False
2023-10-23,0.00015199999324977398,1104,0.019934173779190646,-0.025975496222367167,-0.057523910737341734,0.13353139262452257,-0.03871452672291135,0.026668159108278237,-0.34209553712269425,48.045307891000014,-1.4979145123516883e-06,0.052935948294677876,12.679177542431303,0.8997930271786165,-0.03030306631182958,0.011714543571876528,-0.7191400636396894,5.133333333333334,False,False,False,False,0.000195999993593432,0.00015500000154133886,False,False
2023-10-24,0.00016199999663513154,1015,0.06371583802469709,-0.03636765700325174,0.012422524489889179,0.22006186128368088,0.025001311301785886,0.076960972867885,-0.20570851973524765,56.7919090707887,-6.333099572385586e-07,0.05185248822953976,12.94681029100088,0.917243753275881,0.03250476823324845,0.07727089042969869,-0.6981610242094799,-0.08061594202898548,True,False,False,False,0.000195999993593432,0.00015500000154133886,False,False
2023-10-25,0.00017499999376013875,470,0.07718962380557254,0.1278333752896033,0.1149299656079025,0.2231434889488585,0.10219093510735835,0.1343480112259217,-0.11841779660242596,65.03324584636204,7.630345147868133e-07,0.05028626411249928,16.302563205524766,0.920125712849833,0.10970193963144818,0.16063134234121795,-0.6712812632577726,-0.5369458128078818,True,False,False,False,0.000195999993593432,0.00015500000154133886,False,False
2023-10-26,0.00015700000221841037,1340,-0.10854011878885313,0.01929325650075025,-0.006349183681494686,0.1217719142269948,0.006389846819049417,0.038965981423678485,-0.221868807065635,50.6327401642568,4.393786155550048e-07,0.06023714124099336,16.137105572579255,1.004455662508139,-0.002858025755642518,0.04097601272019165,-0.7026796661580654,1.851063829787234,False,False,False,False,0.000195999993593432,0.00015500000154133886,False,False
2023-10-27,0.00014899999951012433,628,-0.05229951682060744,0.0067339853290874704,-0.05229951682060744,0.09129139938402522,-0.05229951682060744,-0.006689038936002954,-0.23780070446352314,45.78067100369421,-3.0819912457151184e-07,0.06277277571853526,16.818229546822174,1.0198481152593186,-0.05065306645920954,-0.011280692970585102,-0.7155267060855275,-0.5313432835820895,False,True,False,False,0.000195999993593432,0.00015500000154133886,False,True
2023-10-28,0.0001500000071246177,157,0.006689038936002941,0.020202762753385936,-0.05826887883710335,0.09798043832002823,-0.05826887883710335,-0.039220631065554915,-0.24163808214250948,46.47119842258533,-7.07231520107174e-07,0.05932897808997301,17.126002197225137,1.0198637989346615,-0.0409206606080177,-0.004512828204743796,-0.711277486994043,-0.75,False,True,True,False,0.00017600000137463212,0.00015500000154133886,False,False
2023-10-29,0.00015100000018719584,38,0.0066444964609258745,0.013333535396928957,-0.03257613460462893,-0.019672724922928302,-0.04531516510517325,-0.03257613460462893,-0.2959261569435096,47.19542869479098,-8.65273513531622e-07,0.055199387742863724,17.209640853060666,0.9220018367283347,-0.03143039177144542,0.0017248257504204779,-0.7069781878509674,-0.7579617834394905,False,False,False,False,0.00017600000137463212,0.00015500000154133886,False,False
2023-10-30,0.000155999994603917,426,0.03257613460462892,0.025975496222367094,0.0,-0.13192758915924915,-0.006389846819049477,0.0129034096817006,-0.19189103446196526,50.78116000315561,-6.067396941722897e-07,0.0523609842987592,17.0623892367992,0.7696075229879701,0.0019267595835905037,0.03393421761191753,-0.6947909128333878,10.210526315789474,False,False,False,False,0.00017600000137463212,0.00015500000154133886,False,False
2023-10-31,0.00015799999528098851,119,0.012739030500544191,-0.02500131130178588,-0.06136896830503766,-0.06136896830503766,0.006349183681494738,0.025642440182244968,-0.11918855865870488,52.179978278918206,-2.9072670523059733e-07,0.048909618622581856,17.099690180665284,0.7469827665302762,0.014120649117981403,0.04580351910003224,-0.6883321918236831,-0.7206572769953052,True,False,False,False,0.00017600000137463212,0.00015500000154133886,False,False
2023-11-01,0.00015900000289548188,79,0.006309217271004262,-0.09588171783635414,0.031951657453249085,-0.037041283328537095,0.01265840095249901,0.025479093567441023,-0.12959278758282444,52.90075657765441,-1.840740553667899e-08,0.04557967628803192,17.145667946963723,0.7452532310010884,0.020211770098019395,0.05005945921035005,-0.6836953867001748,-0.33613445378151263,True,False,False,False,0.00017600000137463212,0.00015500000154133886,False,False
2023-11-02,0.0001610000035725534,178,0.012500166743426078,0.025158567695925033,0.044451824196675364,0.0,0.03154841451497462,0.06412454911960357,-0.10037917464427454,54.38171348289294,2.7610928383615164e-07,0.04312918553041253,17.35617434587593,0.7418654925423596,0.03172063437119045,0.061025463820529334,-0.6770375645371939,1.2531645569620253,True,False,False,False,0.00017600000137463212,0.00015500000154133886,False,False
2023-11-03,0.0001630000042496249,54,0.012345839703845021,0.0898039242203775,0.09653790954946515,0.024846006447271276,0.05032510001471225,0.07647038882344862,-0.012195276881265895,55.875847489814134,5.684705065931022e-07,0.04043356073168165,17.696895672150223,0.7416583823240908,0.043200035941601066,0.07124082915175844,-0.6702807582211736,-0.696629213483146,True,False,False,False,0.00017600000137463212,0.00015500000154133886,False,False
2023-11-04,0.00015999999595806003,156,-0.018576436906378703,0.06453844837799577,0.0847412111313818,0.006269569540892495,0.03174866310833355,0.05789395191706988,-0.04879018149314084,53.06808115641635,5.237701155125651e-07,0.03958871783748592,17.79590482563462,0.7447435504818427,0.022690937860061298,0.04904272517125344,-0.673605948439295,1.8888888888888888,False,False,False,False,0.00017600000137463212,0.00015500000154133886,False,False
2023-11-05,0.0001610000035725534,79,0.006230597202533624,0.06412454911960357,0.07745808451653242,-0.006191927287355447,0.03797926031086718,0.06412454911960357,-0.03658945879801571,53.899665775893325,5.242271955287454e-07,0.03741993337500373,17.94313786480663,0.7421148245452464,0.027440998008054596,0.052425180078667366,-0.6646916023859957,-0.4935897435897436,False,False,False,False,0.00017600000137463212,0.00015500000154133886,False,False
2023-11-06,0.0001630000042496249,281,0.012345839703845021,0.04389425421881963,0.06986975044118666,0.024846006447271276,0.05032510001471225,0.018576436906378738,-0.01823754936565881,55.59434662222458,6.155865439617094e-07,0.036073585232137675,17.1410405307008,0.7402785572757189,0.04186644158216165,0.061197947012762786,-0.6517465994456957,2.5569620253164556,False,False,False,False,0.00017600000137463212,0.00015500000154133886,False,False
2023-11-07,0.00016399999731220305,221,0.006116184557111937,0.037271408275387524,0.012270096973601692,0.018462024260957114,0.08258657338056061,0.0,-0.10961972210800305,56.45625509865708,6.939112691488382e-07,0.034163733041120824,17.518142760017252,0.7393460014134631,0.04491874910994691,0.06355381205030106,-0.6408628114240031,-0.21352313167259784,True,False,False,False,0.00017600000137463212,0.00015500000154133886,False,False
2023-11-08,0.00016799999866634607,282,0.024097560029650123,0.055059751034033336,-0.040821966802320774,0.04255958429060722,0.12675165413622727,0.011976195221103278,-0.11778303565638351,59.8161255338384,9.498321899433948e-07,0.03266882636651788,18.371539588332936,0.7438577164884489,0.06565175249965952,0.08499095365018186,-0.6225482519067282,0.2760180995475112,True,False,False,False,0.00017600000137463212,0.00015500000154133886,False,False
2023-11-09,0.00016900000628083944,35,0.005934780622960636,0.048494364913567914,0.07365293260949278,0.05472496211610147,0.12595244943010034,0.030032340652610703,-0.05748702645843621,60.633924811844196,1.1100337163530767e-06,0.030578495834214656,18.36839599873161,0.7434934303057961,0.06490237180126021,0.08695656446659153,-0.6125719121349641,-0.875886524822695,True,False,False,False,0.00017600000137463212,0.00015500000154133886,False,False
2023-11-10,0.00017499999376013875,961,0.03488718617936028,0.07103571138908298,0.16083963560946055,0.1149299656079025,0.16757362093854805,0.09588171783635409,-0.02817092778290875,65.20895634494683,1.5183991947512365e-06,0.031094267890502337,18.96016780619139,0.7454853987474596,0.09306679678133092,0.11992828828072405,-0.5904804399345169,26.457142857142856,True,False,False,False,0.00017600000137463212,0.00015500000154133886,False,False
2023-11-11,0.0003650000144261867,27380,0.7351114548391265,0.824723603134588,0.889262051512584,0.8373023899464849,0.9440703044041024,0.8373023899464849,0.7939518893469435,92.99037921675163,1.3799893358797011e-05,0.051025336064425726,105.55829440474858,2.6583010009704946,1.1357519814148287,1.269618298177962,-0.13008242967022493,27.491155046826222,True,False,False,False,0.00017600000137463212,0.00015500000154133886,True,False
2023-11-12,0.0002690000110305846,35167,-0.3051859724985609,0.5133070334334935,0.577431582553097,0.5384656011294185,0.6179776909045249,0.5133070334334935,0.4887659168483825,64.82426603692909,1.459611220818759e-05,0.10544747740317965,112.31571281815091,2.900138375757703,0.5219236724512183,0.6448575925232463,-0.3456897964232615,0.2844046749452156,True,False,False,False,0.00017600000137463212,0.00015500000154133886,False,False
2023-11-13,0.0002739999908953905,10179,0.018416652551839004,0.5193778462814874,0.5632721005003071,0.5442238527287586,0.6573009844573806,0.5505330699997628,0.4891641016947252,65.41188723976249,1.4564159374426228e-05,0.10368869781181696,118.00028504738552,2.9000757176407728,0.5026048227377029,0.6464366714167713,-0.32152189374426476,-0.7105525066113118,False,False,False,False,0.00017600000137463212,0.00015500000154133886,False,False
2023-11-14,0.0002840000088326633,5207,0.03584619610256477,0.5491078578269402,0.5863792661023276,0.5991182966028719,0.6931471805599453,0.5927284497838223,0.5369864930183933,66.61317383958806,1.430069567790559e-05,0.0971677820032285,123.79174117073622,2.897535750847935,0.5122471044430038,0.677495620926449,-0.2849859425648702,-0.48845662638766085,False,False,False,False,0.00017600000137463212,0.00015500000154133886,False,False
2023-11-15,0.0003530000103637576,21381,0.2174938170302504,0.7425041148275405,0.7975638658615738,0.8166121136331222,0.939214378945406,0.8230429594290147,0.7605225825330366,73.46206039444466,1.7638583600097823e-05,0.10112170061574277,137.2798074936852,2.976895043269208,0.7864372800769572,1.0336444839858008,-0.09921402023156395,3.1062031880161323,False,False,True,False,0.00039999998989515007,0.00015500000154133886,False,False
2023-11-16,0.0003490000090096146,1633,-0.011396138274441601,0.7251731959301383,0.7736675608437059,0.7311079765530987,0.9722700176211607,0.8181193850403812,0.7674756335563505,72.53314308562034,1.835985980388295e-05,0.09906825460999465,143.24483179056952,2.974884161775475,0.6811175559528756,0.9624381913253112,-0.09729315158758152,-0.9236237781207615,True,False,False,False,0.00039999998989515007,0.00015500000154133886,False,False
2023-11-17,0.00038899999344721437,2755,0.10850737875529753,0.7987933885060754,0.8698290998951584,0.9266267637956788,1.0657395140757187,0.9201541999098707,0.875983012311648,75.82515912123615,2.0169414451237065e-05,0.09336626421741888,150.9398954484129,2.960887241565987,0.7718059213303453,1.1268452305845722,0.019178349838086674,0.6870789957134109,False,False,False,False,0.00039999998989515007,0.00015500000154133886,False,False
2023-11-18,0.000391999987186864,97,0.007682480330651719,0.07136441399760088,0.8960880171321889,0.9343092441263305,1.0586069038302128,0.9278366802405225,0.9473813306669969,76.05694012427777,2.0158997955795738e-05,0.0869448277622281,154.1922645751993,2.95999967920572,0.6925733377410472,1.0888840813649736,0.04046392587908417,-0.9647912885662432,True,False,False,True,0.00039999998989515007,0.00023700000019744039,False,False
2023-11-19,0.0003809999907389283,699,-0.028462456284464657,0.34808793021169704,0.8613949636451905,0.9455870334908105,1.0228184582198034,0.8993742239560577,0.9189188743825322,73.28252453737466,1.8069011755324693e-05,0.08512764065973152,153.40332796939552,2.9568602254339393,0.5688696274835553,0.9872730582823606,0.024730678209920337,6.206185567010309,False,False,False,False,0.00039999998989515007,0.00023700000019744039,False,False
2023-11-20,0.0004070000140927732,1575,0.06601386924914678,0.39568514690900486,0.9150629931904923,1.0183806412282528,1.096158316794895,0.9718606570910127,0.9653880932052045,75.55255660504972,1.7105223974049532e-05,0.07926240839038377,152.76274229298542,2.9558946461582423,0.5942029410936623,1.0712468877785626,0.10894653677187417,1.2532188841201717,False,False,True,False,0.0004079999926034361,0.00023700000019744039,False,False
2023-11-21,0.00035700001171790063,2776,-0.13107740546568322,0.22876154534075693,0.7778694031676971,0.8737895119451867,0.957754922003267,0.8151408114430846,0.9148912019729839,64.24747708480847,1.2008708534358501e-05,0.09491344799675339,146.71507200630083,3.0109872665198734,0.3461538778104663,0.7819707044103184,-0.013703140859068843,0.7625396825396826,False,False,False,False,0.0004079999926034361,0.00023700000019744039,False,False
2023-11-22,0.00035700001171790063,680,0.0,0.011267728310506517,0.753771843138047,0.853855338165996,0.9873867307905185,0.8151408114430846,0.8805234972742743,64.24747708480845,7.752560290133316e-06,0.09013471984033057,139.85059397654155,3.0125556493392387,0.2981818472183006,0.7477724990312427,0.0004624302465238865,-0.7550432276657061,False,True,False,False,0.0004079999926034361,0.00023700000019744039,False,False
2023-11-23,0.00029299999005161226,4573,-0.19756323953936467,-0.17489937295441643,0.5502738229757217,0.592576260601934,0.812638121885615,0.6175775719037199,0.6695372334698191,52.57015680845685,1.4425072721645856e-07,0.11758051841834245,131.7057450665562,3.110338247124915,0.04085253214062486,0.415869283618103,-0.16620426619360396,5.725,False,False,False,False,0.0004079999926034361,0.00023700000019744039,False,False
2023-11-24,0.00032900000223889947,1954,0.11588518250701257,-0.1675215692027014,0.6312718193033741,0.6312718193033741,0.8544153082522324,0.7334627544107324,0.7656198305292957,57.274329054193586,-2.7848486830398797e-06,0.10505084419092532,122.57305206873372,3.1222378070286045,0.13467839084446,0.5641342669365413,-0.050162390005229034,-0.5727093811502296,False,True,True,False,0.00041000000783242285,0.00023700000019744039,False,False
2023-11-25,0.00032500000088475645,609,-0.01223257251847245,-0.18743662205182557,-0.11607220805422482,0.7275793655737547,0.8493512798007494,0.7339692123928042,0.766545346997433,56.60257562209378,-5.173921773203752e-06,0.10116537557296856,112.70395667255688,3.08983340509829,0.09005533566442347,0.5215355816406568,-0.047507398066223304,-0.688331627430911,False,False,False,False,0.00041000000783242285,0.00023700000019744039,False,False
2023-11-26,0.00031599999056197703,557,-0.028083001332314613,-0.18705716709967557,0.16103076311202147,0.7517958810620474,0.8430872804460726,0.69949636424144,0.7451068421260445,55.03840797285296,-7.4065741459875244e-06,0.09910120309714901,102.17209125314648,3.0834299401418006,0.03335509759892869,0.4579680276012918,-0.060642121859572115,-0.08538587848932677,False,False,False,False,0.00041000000783242285,0.00023700000019744039,False,False
2023-11-27,0.0003279999946244061,1040,0.037271408275387524,-0.21579962807343497,0.17988551883556989,0.7823782504014318,0.8803586887214602,0.7241093715643286,0.743157619335877,56.754387975352564,-8.067092777949822e-06,0.0917046507745838,90.55613725186964,3.082981836263162,0.04458596506340984,0.49036711480226775,-0.011452700230710914,0.8671454219030521,False,False,False,False,0.00041000000783242285,0.00023700000019744039,False,False
2023-11-28,0.0003150000120513141,2573,-0.0404409149113654,-0.12516313751911726,0.1035984078216398,0.7352928390291404,0.7156201141062122,0.6899776739239672,0.7027167044245116,54.33504930217469,-9.284657166620066e-06,0.09547133877338798,78.06795186454973,3.091081700439149,-0.01976035506763482,0.4115433402633124,-0.03807978872654345,1.4740384615384614,False,False,False,False,0.00041000000783242285,0.00023700000019744039,False,False
2023-11-29,0.00031900001340545714,1250,0.012618467724447918,-0.11254466979466934,-0.1012769414841627,0.7153351721489595,0.5834075829897104,0.7089453253299098,0.7282385818306601,54.97109838106118,-9.681479435691584e-06,0.09112295262994938,63.40290722132128,3.091210080074371,-0.029952832811381256,0.4093841684009295,-0.013010279342234468,-0.5141857753595025,False,False,False,False,0.00041000000783242285,0.00023700000019744039,False,False
2023-11-30,0.0003429999924264848,1668,0.0725392802775002,0.15755785002219563,-0.017341522932220858,0.7751354219259156,0.7137664536208779,0.7814846056074102,0.8007778621081604,58.68908526651703,-8.244656464451447e-06,0.08389981173840795,45.52055653334223,3.09554055904529,0.01704963646813403,0.49078577764115483,0.07521823136668057,0.33440000000000003,False,False,False,False,0.00041000000783242285,0.00023700000019744039,False,False
2023-12-01,0.0003420000139158219,2454,-0.0029196473335783985,0.03875302018160459,-0.12876854902109675,0.7659065573213328,0.7288652739927958,0.7785649582738318,0.7913856508887738,58.47244844841603,-7.310508459993506e-06,0.08252072295023245,45.072324815864796,3.0964405955935237,0.01755433327261878,0.4630390686041214,0.08655942966430545,0.47122302158273377,False,False,False,True,0.00041000000783242285,0.00030300000798888505,False,False
2023-12-02,0.00033099998836405575,364,-0.03269243752898993,0.018293155171087136,-0.1691434668807385,0.7207139530489167,0.7207139530489167,0.7522623675638914,0.7848385021685204,56.02267199286353,-7.361914480968197e-06,0.08219403382444097,40.864891173154334,3.1028400365453783,-0.024174566421783564,0.3952115476697256,0.06591951745881064,-0.8516707416462918,False,False,False,False,0.00041000000783242285,0.00030300000798888505,False,False
2023-12-03,0.0003659999929368496,3366,0.1005149738799888,0.14689113038339063,-0.040166036716285054,0.8088830872250605,0.8337290936723317,0.8592081872397727,0.885353476048509,61.543497836274526,-5.075958132809842e-06,0.07722110117404919,36.84830935866662,3.1138848836507127,0.06457240086139553,0.5162813504639345,0.19496544925588338,8.247252747252746,False,False,False,False,0.00041000000783242285,0.00030300000798888505,False,False
2023-12-04,0.0007169999880716205,18813,0.6724425098599667,0.7820622319679698,0.5662626038945349,1.499902033991406,1.5061716035322985,1.5316506970997392,1.5577959859084758,83.67589123404491,1.8733128356367593e-05,0.0723668063582118,93.64210369217093,3.8358588163324363,0.9619646663172773,1.838479760057975,1.3595227912129864,4.589126559714795,True,False,False,False,0.00041000000783242285,0.00030300000798888505,True,False
2023-12-05,0.00107999995816499,43488,0.4096404574190366,1.2321436042983718,1.1069804667792547,1.9033118942079088,1.8971199669205534,1.9412911545187759,1.9674364433275122,90.05220419780831,5.5507497968083004e-05,0.0739769205662252,176.74186081079824,4.031051218680076,1.6879043407936005,2.984063597877669,2.5603611733550142,1.3115930473608675,True,False,False,False,0.00041000000783242285,0.00030300000798888505,False,False
2023-12-06,0.0006830000202171504,24476,-0.45822139221084157,0.7613037443630825,0.6487590745684131,1.4327446622932223,1.4575906687404934,1.4830697623079343,1.451321099199601,61.67731664337031,4.985255119120936e-05,0.1578786715522358,178.95283019126077,4.421397093366402,0.6320191706688578,1.4273225544018062,1.2703853320494811,-0.4371780721118469,False,False,False,False,0.00041000000783242285,0.00030300000798888505,False,False
2023-12-07,0.0007270000060088933,8174,0.062431596627544335,0.7511960607131265,0.9087539107353221,1.4890600743636544,1.5075220986246116,1.5716466477442153,1.4890600743636544,63.06633809135334,4.593013337735159e-05,0.1445082290804531,182.55090740486622,4.41908434997024,0.669729002596454,1.4825843653620616,1.4350622349157813,-0.6660402026474914,False,False,False,False,0.00041000000783242285,0.00030300000798888505,False,False
2023-12-08,0.0006189999985508621,16205,-0.1608212154553462,0.5932944925913589,0.6320475127729634,1.3041412988786583,1.3467008831692655,1.4308929530148857,1.3161174940997615,57.55227803253671,3.349428224196006e-05,0.17871535707614825,181.1779473045653,4.479198550901989,0.38556239326736125,1.0487191301544567,1.0929131668556544,0.9825055052605822,False,False,True,False,0.0011609999928623438,0.00030300000798888505,False,False
2023-12-09,0.002004999900236726,205313,1.1752940196399235,1.8012809497602722,1.8195741049313592,2.473500537895621,2.5282255000117226,2.5994529873257215,2.503532878548232,80.7786617375418,0.00011164152759996873,0.12419389537991218,298.8094264009077,5.966156230307158,2.79770796321547,4.909572952008118,5.682107954801425,11.669731564331997,False,False,False,False,0.0011609999928623438,0.00030300000798888505,True,False
2023-12-10,0.0032909999135881662,225946,0.495547432702901,2.1963134085831846,2.343204538966575,2.934160784419162,3.0490907500270645,3.10173440535771,3.030042502255516,87.57308899687759,0.00023583168234028398,0.12829608093195835,427.3757046876142,6.133950375603002,3.896228464799701,7.1833099827486855,9.570606965744084,0.10049534125944293,True,False,False,False,0.0011609999928623438,0.00030300000798888505,False,False
2023-12-11,0.0034680000972002745,189771,0.052386643241867585,1.5762575419650853,2.358319773933055,2.251435972821903,3.088738362768388,3.1955062772260057,3.088738362768388,88.19177633740917,0.00031105910114000775,0.16596413874618637,452.6791145658745,5.6871570765046995,3.1899240319519415,6.401716201468266,9.719419211740268,-0.1601046267692281,True,False,False,True,0.0011609999928623438,0.0005840000230818987,False,False
2023-12-12,0.0020989999175071716,122892,-0.5021170854085747,0.664499999137474,1.8966436034358458,2.0545048599118894,2.592970461041308,2.6724825508164143,2.567811893345383,62.340045389875,0.0002522829819574129,0.3075045215768728,423.83530180747454,5.890713773540024,1.2944905350718612,3.1361234539028695,5.382946132576432,-0.35241949507564385,False,False,False,False,0.0011609999928623438,0.0005840000230818987,False,False
2023-12-13,0.0019539999775588512,19771,-0.07158245940161322,1.0511389319467024,1.8124426763097847,1.9645057479584371,2.5087296006871957,2.6218067324158176,2.5150388179582,60.32309977512352,0.00019013501440321378,0.3160138764732799,394.25985596079585,5.908678616517407,0.958210151069386,2.5964072556316897,4.8606519951391824,-0.8391189011489764,False,True,False,False,0.0011609999928623438,0.0005840000230818987,False,False
2023-12-14,0.0012860000133514404,48503,-0.4183419059382938,0.5703654293808642,1.3215614900939907,1.5103176459175784,2.1094359425204505,2.2034648264775236,2.103046095701401,51.979516423124466,9.532154088410892e-05,0.4830251210573615,372.209965547798,6.1450101723509,0.22979824642559177,1.2739329143982883,2.8429357394940866,1.4532395933437865,False,False,True,False,0.0055680000223219395,0.0005840000230818987,False,False
2023-12-15,0.0013780000153928995,10470,0.0690965475643567,0.8002831924005669,1.3935776849919257,1.361920376451685,2.178532490084807,2.301134755397091,2.1849633358806995,52.94483865152351,3.328840529018853e-05,0.4273384808140249,349.99539840494504,6.115937372938294,0.25460921170808526,1.3357516137139476,3.096983803376319,-0.7841370636867823,False,True,False,False,0.0055680000223219395,0.0005840000230818987,False,False
2023-12-16,0.0012000000569969416,18778,-0.1383115794705261,-0.5133224067098825,1.2879585430503897,1.2350049352556005,1.966112911808699,2.2072749528767615,2.0531243202959817,50.816375150087815,-2.2253407795360433e-05,0.47591317136002925,330.5682189779285,6.146715130409698,0.05028231919287889,0.9640578420192547,2.552976529752775,0.7935052531041069,False,False,False,False,0.0055680000223219395,0.0005840000230818987,False,False
2023-12-17,0.0010059999767690897,10440,-0.1763395557062137,-1.1852093951189973,1.011104013464187,0.9501580007940892,1.876784764589768,2.015897514869808,1.8703122007039599,48.52661864815921,-7.178536244838038e-05,0.5434000284059807,314.9733980669401,6.187603110926566,-0.14488504988196071,0.6016557561675867,1.9722422637003978,-0.4440302481627436,False,True,False,False,0.0055680000223219395,0.0005840000230818987,False,False
2023-12-18,0.0009670000290498137,1884,-0.03953880207286174,-1.2771348404337266,0.2991227015313587,0.9029367183905757,1.8372459625169062,1.9615436222207887,1.8307733986310981,48.05780916773925,-0.00010489854764578015,0.5281862297507305,299.9881555774179,6.192098006735764,-0.20019847462058776,0.5005742087941754,1.8544019775130793,-0.8195402298850575,False,True,False,False,0.0055680000223219395,0.0005840000230818987,False,False
2023-12-19,0.0009009999921545386,3504,-0.07069327659363277,-0.8457110316187846,-0.18121103248131068,0.8607058980814077,1.8062929315722183,1.883524356301211,1.7600801220374653,47.22630362834845,-0.00012746891595302897,0.5322522111724229,286.5052195294845,6.198873199780507,-0.2723014193205874,0.36655947729824057,1.6582875810789868,0.8598726114649682,False,True,False,False,0.0055680000223219395,0.0005840000230818987,False,False
2023-12-20,0.0008149999775923789,8207,-0.10031716315398495,-0.8744457353711563,0.17669319657554597,0.6943748656782759,1.7127555069065288,1.790533182473171,1.6662355227692884,46.10685112694006,-0.00014323389928674283,0.5591823204528806,275.4278706154386,6.213401613649706,-0.3540717392783195,0.21196796860091482,1.412134602210268,1.3421803652968038,False,True,False,False,0.0055680000223219395,0.0005840000230818987,False,False
2023-12-21,0.000818000000435859,8255,0.003674251388733266,-0.45242957804412914,0.11793585133673491,0.8291265225326925,1.702916034477879,1.7868814445359593,1.644267333975777,46.15480011321695,-0.00014790073918788214,0.5259811837438595,264.35018736114137,6.189034906320407,-0.36369646753695783,0.19304591772266616,1.4237755240810142,0.005848665773120487,False,True,False,False,0.0055680000223219395,0.0005840000230818987,False,False
2023-12-22,0.0012969999806955457,59031,0.46094683229693406,-0.06057929331155195,0.7397038990890151,1.2900733548296264,2.1439286929956225,2.277460085620145,2.105214166272711,53.29920075788331,-0.00011465253337158347,0.3571034244763399,246.18175231799233,6.369344264752566,-0.02762680225474104,0.8309898716902928,2.8176251919453588,6.150938824954573,False,False,False,False,0.0055680000223219395,0.0005840000230818987,False,False
2023-12-23,0.0017709999810904264,53806,0.31149045767297495,0.3892227438319491,-0.12409966287793339,1.799127052041966,2.3917033126439002,2.611765173927581,2.416704623945686,59.084597716201536,-5.944060804376883e-05,0.26877957684554565,226.42121257469873,6.374851246900873,0.26130617026104097,1.3915626701335537,4.142575018027158,-0.08851281530043531,True,False,False,False,0.0055680000223219395,0.0005840000230818987,False,False
2023-12-24,0.0025279999244958162,89031,0.35588409829409523,0.9214463978322582,-0.263762997286739,2.0391259678290488,2.6703977871324227,2.8935412760812813,2.772588722239781,66.27104063362887,2.483932319963567e-05,0.21118083894125902,217.91860987072752,6.455797390044708,0.6913658359698832,2.208610370875804,6.165532690176268,0.6546667657882022,True,False,False,True,0.0055680000223219395,0.0007210000185295939,False,False
2023-12-25,0.0052999998442828655,1881950,0.7402783447600351,1.7012635446651552,0.42412870423142845,2.791636885107556,3.519216250681311,3.640988164908306,3.5256060975003605,80.07319490611508,0.0002514564013915893,0.254248617747097,270.85877300185024,6.859133761901822,2.1073197331390046,4.950643219803382,13.131637199742071,20.13814289404814,True,False,False,False,0.0055680000223219395,0.0007210000185295939,False,False
2023-12-26,0.003642000025138259,165688,-0.37517380296974545,1.3967830182890422,0.5510719866702577,2.4445460834701254,3.196341964532173,3.287633363916198,3.1440424477115654,63.36987696032611,0.0002721226500016808,0.3934205873519864,259.60764465572856,7.040728055416235,0.9648252382792927,2.7928018545243143,8.36848885662708,-0.911959403809878,False,False,False,False,0.0055680000223219395,0.0007210000185295939,False,False
2023-12-27,0.001969000091776252,97063,-0.6150071419401614,0.8820930395028658,0.007647304131709485,1.7922675332545766,2.5746457836560084,2.672626221976037,2.5163769048189053,51.65969690580778,0.00016104205484850602,0.7375712926739355,245.33975823825872,7.448109161938518,0.027822783567937444,0.9762331156529566,3.9964476735723466,-0.41418207715706634,False,False,False,False,0.0055680000223219395,0.0007210000185295939,False,False
2023-12-28,0.0021150000393390656,42339,0.0715289848306947,0.9499477729448271,0.497518194900698,1.9042374329966367,2.639530272025777,2.619857547102849,2.594215106920604,52.48488686721413,8.892539420170465e-05,0.6554073945396172,228.4994453755146,7.439388093429986,0.06254712503076414,1.042925632399788,4.288359475695921,-0.5637987698711147,False,True,True,False,0.014440000057220459,0.0007210000185295939,False,False
2023-12-29,0.004422999918460846,27339,0.7377633493526576,1.2267642900005507,1.166184996688999,2.6293823146248463,3.344717486773806,3.212789897614557,3.3383276399547563,63.1840220239446,0.00018278215320978263,0.32993809925383005,237.6912257241531,7.798323283740725,1.0948185764184768,2.9478381444404267,9.594646235145294,-0.3542832849146177,False,False,False,False,0.014440000057220459,0.0007210000185295939,False,False
2023-12-30,0.002283999929204583,33025,-0.6608899196534085,0.2543839126741674,0.6436066565061164,1.8959531146939377,2.671088536619853,2.6097195683148158,2.677437720301348,51.589825683780354,9.153396972238738e-05,0.6705063420031534,237.97338824749653,8.224197483756672,0.10817298994391439,0.9646635334738433,4.377027427562119,0.20798127217528073,True,False,False,False,0.014440000057220459,0.0007210000185295939,False,False
2023-12-31,0.00241800001822412,20267,0.05701249893193658,-0.044487686687991336,0.8769587111442669,1.9558852609594528,2.721791818280786,2.6847505349522485,2.7344502192332847,52.18180367603126,3.389790533688398e-05,0.6336604453260911,236.32282703737891,8.220789321406953,0.20385354395413796,1.0089731085160523,4.588102815730955,-0.3863133989401968,False,False,False,True,0.014440000057220459,0.001588999992236495,False,False
2024-01-01,0.0022950000129640102,29034,-0.05220791056814315,-0.8369739420161696,0.8642896026489854,1.9363697879202995,2.6570837409692163,2.6570837409692163,2.688632155484191,51.55856490566184,-1.6127762037291995e-05,0.6835195275818168,235.47559187015437,8.223995301608845,0.13706741846157433,0.8446773838830426,4.2170948455158035,0.43257512211970206,False,False,False,False,0.014440000057220459,0.001588999992236495,False,False
2024-01-02,0.004056999925523996,27344,0.5697109167055875,0.1079107776591634,1.5046937959482056,2.405565730745898,3.214448817970959,3.23929482441823,3.264773917985671,59.09545786209785,6.157209762835166e-05,0.4044298340552977,238.88733078961968,8.410550142293685,0.9105250525664385,2.073997145479142,7.871443759552916,-0.05820761865399182,False,False,False,False,0.014440000057220459,0.001588999992236495,False,False
2024-01-03,0.0024939998984336853,18351,-0.4865559593333224,0.23636196026600229,1.1184549997688682,1.246567261552609,2.746469295544015,2.7527388650849076,2.7782179586523488,51.448543642155386,2.9206245436912918e-06,0.6798612210774284,229.96860973167043,8.354734590264341,0.141993643986708,0.8284724985793088,4.335672229787742,-0.32888385020479816,False,False,False,False,0.014440000057220459,0.001588999992236495,False,False
2024-01-04,0.0021840000990778208,9337,-0.13272970328561962,0.032103272149688056,0.9820510450945152,0.704197100847953,2.607508995055862,2.6013170677685062,2.645488255366729,50.06481217148685,-5.816172460562045e-05,0.7320270274621412,223.34651063834508,8.267719154627896,-0.018073863527995324,0.5593317960299051,3.585490010325317,-0.49119938967903654,False,False,False,False,0.014440000057220459,0.001588999992236495,False,False
2024-01-05,0.0017839999636635184,13457,-0.2023000894581256,-0.9079601666610954,0.3188041233394555,0.9601184036006688,2.392863065893891,2.4177090723411623,2.4431881659086034,48.261131539157546,-0.00012317671095692724,0.8519663944361596,217.31314326963212,8.127046950647468,-0.20830745612219095,0.2481634201044574,2.68850334952422,0.44125522116311444,False,False,True,False,0.0047160000540316105,0.001588999992236495,False,False
2024-01-06,0.0019519999623298645,10375,0.08999645490284089,-0.15707379210484587,0.09731012056932146,0.9876832618759654,2.47674333623962,2.495205360500577,2.5593299096201805,49.090710839747516,-0.00015071921885639108,0.7316234135808504,207.41537924740166,8.128914416300887,-0.15156257716888877,0.336473665410095,2.9680441785747926,-0.22902578583636768,False,True,False,False,0.0047160000540316105,0.001588999992236495,False,False
2024-01-07,0.0019150000298395753,1728,-0.01913683047804259,-0.23322312151482497,-0.27771080820281646,1.129367646853269,2.433508945731927,2.4760685300225345,2.5602605998681547,48.90473000907918,-0.0001660699765509197,0.6944675549775685,197.1586070244627,8.10138837557328,-0.18444698030311094,0.28435570455330195,2.828927979317689,-0.8334457831325301,False,False,False,False,0.0047160000540316105,0.001588999992236495,False,False
2024-01-08,0.0019020000472664833,9906,-0.006811649240497016,-0.18782686018717876,-1.0248008022033483,-0.052738022027151485,2.4207625158684696,2.4754874779845712,2.54671496529857,48.83472580249431,-0.00017106434152165613,0.6568938535301698,185.90347843942544,6.984374908746333,-0.20688861816009615,0.25013149271514235,2.7412591952964096,4.732638888888889,False,False,False,False,0.0047160000540316105,0.001588999992236495,False,False
2024-01-09,0.0018749999580904841,7383,-0.014297351903503782,-0.7718351287962701,-0.6639243511371067,-0.5625828066335563,2.3715779777856056,2.4865079433935082,2.5391515987241537,48.678870752463794,-0.0001698092711647342,0.6214231717328631,173.30329334257655,6.749939850032891,-0.23505294597869636,0.20905337251285955,2.630238370997178,-0.2546941247728649,False,False,False,False,0.0047160000540316105,0.001588999992236495,False,False
2024-01-10,0.001782999956049025,4768,-0.05031132283964305,-0.3355904923025907,-0.09922853203658837,-0.6652807727150668,1.5861552001068362,2.423457590053321,2.530225504510939,48.11538439369631,-0.0001684640815876905,0.6122582259829544,161.18956150189553,6.745821063720886,-0.28662880287094705,0.12896687720881078,2.400692279216992,-0.35419206284708116,False,False,False,False,0.0047160000540316105,0.001588999992236495,False,False
2024-01-11,0.001585999969393015,8777,-0.1170822103165581,-0.3199429993335292,-0.2878397271838412,-0.2802458976230502,1.774258962288839,2.3127245634182576,2.392236653193364,46.86440806784384,-0.00017344981409009533,0.6491412940272345,157.81277649409566,6.531318437760168,-0.36909521961132286,-0.011160308530843079,1.9858894658041137,0.8408137583892616,False,True,False,False,0.0047160000540316105,0.001588999992236495,False,True
2024-01-12,0.0016870000399649143,3621,0.06173672333933147,-0.05590618653607212,-0.9638663531971673,-0.14692671488210549,1.8175790330763315,2.36180288580509,2.474880017533712,47.616378586315825,-0.00016272929088383166,0.5713013226094747,158.60432276591928,6.531882768616543,-0.327794691845373,0.03384037751544751,2.132165591678715,-0.587444457103794,False,True,False,False,0.0047160000540316105,0.001588999992236495,False,False
2024-01-13,0.0017000000225380063,2082,0.007676437066058682,-0.13822620437285435,-0.29529999647770017,0.27909162812224697,1.7894092740398253,2.3885275706426974,2.482556454599771,47.71893562873759,-0.00014797144548256544,0.5280340074141854,163.77308131829994,6.359237427454915,-0.3112528993847425,0.024590183991417835,2.112869022732361,-0.4250207125103562,False,False,False,False,0.0047160000540316105,0.001588999992236495,False,False
2024-01-14,0.0017130000051110983,2099,0.007617958005873563,-0.11147141588893826,-0.34469453740376327,0.2176130385637637,1.5795334150154485,2.396145528648571,2.5187477939608547,47.82893352189908,-0.00013111945853171739,0.48788890363071935,137.2355339199827,6.355576426359371,-0.25160557106492565,0.015436059936133683,2.0937051553432116,0.008165225744476423,False,False,False,True,0.0047160000540316105,0.0015610000118613243,False,False
2024-01-15,0.0017190000507980585,1727,0.003496533625952752,-0.10116323302248831,-0.2889900932096671,0.35942115166024263,1.594426086915843,2.325534063468942,2.566696104537004,47.88343549141377,-0.00011398618508061793,0.45249720199027244,133.0711675696296,6.333908752586152,-0.21605287733376058,0.0023207076377687653,2.062233449145142,-0.17722725107193904,True,False,False,False,0.0047160000540316105,0.0015610000118613243,False,False
2024-01-16,0.001756999990902841,2993,0.021865048075646685,-0.06500083304333783,-0.836835961839608,0.5576257554421032,1.5077837562361924,2.434410520031871,2.5735232703119113,48.252147979824485,-9.527280512929355e-05,0.41397492816370074,134.57900256070238,6.297363281753162,-0.1948307873162136,0.007685249049111704,2.0868698193628585,0.7330631152287204,False,False,False,False,0.0047160000540316105,0.0015610000118613243,False,False
2024-01-17,0.0017219999572262168,3892,-0.020121422861350883,-0.034810933065045624,-0.3704014253676364,0.5770431346536141,1.4799798530441897,2.41428909717052,2.5385867568744027,47.91589825657178,-8.099157312570427e-05,0.3947901745511787,137.05272749981827,6.295471422910727,-0.20369943723541098,-0.028074115107347006,1.9855403531795832,0.30036752422318735,False,False,False,False,0.0047160000540316105,0.0015610000118613243,False,False
2024-01-18,0.0016039999900385737,12504,-0.07098587793198614,0.011285399319526367,-0.30865760001400294,0.5767505333152606,1.4374564313966685,2.383043464887479,2.4602748896164717,46.73347897108541,-7.534923704665647e-05,0.4025994262765166,106.41365178522955,6.295524111760296,-0.2065494314183633,-0.10761972599660562,1.7472574478637437,2.212744090441932,False,False,False,False,0.0047160000540316105,0.0015610000118613243,False,False
2024-01-19,0.0012779999524354935,13456,-0.22720418449653856,-0.2776555085163437,-0.3335616950524159,0.449863511972707,1.1442383776509828,2.162619018879236,2.240396694445878,43.537007092281854,-8.851971656567714e-05,0.490498742563461,113.14315387967137,6.341240812062214,-0.3516804274941898,-0.29630977753887217,1.1684722427804537,0.07613563659628908,False,True,False,False,0.0047160000540316105,0.0015610000118613243,False,True
2024-01-20,0.001234999974258244,3879,-0.034225369501005486,-0.31955731508340784,-0.4577835194562623,0.4119638910829682,1.2410904136156606,2.1148799255608473,2.1988453356189277,43.11808094511479,-9.452912914462334e-05,0.47450236725241346,119.17173305520737,6.3434700058253775,-0.35411328877861226,-0.32660851547165687,1.0769392145102858,-0.7117271105826397,False,True,False,False,0.0047160000540316105,0.0015610000118613243,False,False
2024-01-21,0.0019109999993816018,21995,0.43655571569812357,0.10938044260884204,-0.002090973280096069,0.38757277448415783,1.677646129313784,2.53150146747978,2.6650328601043025,51.086478412527235,-4.9634748858845275e-05,0.3102764189334087,118.94395373098172,6.3223625044869785,0.009562052863208404,0.024335340846389504,2.1676308389562706,4.670275844289765,False,False,False,False,0.0047160000540316105,0.0015610000118613243,False,False
2024-01-22,0.0019950000569224358,8104,0.04301741393983894,0.14890132292272815,0.04773808990023988,0.11909973075102176,1.9182267827929878,2.510803043394922,2.7308649046786027,51.986550334307836,-1.2855222253353455e-05,0.2812100535814845,60.19718432450528,6.23148733579428,0.11464971570770838,0.0510067898747127,2.257462062889346,-0.6315526255967265,True,False,False,True,0.0047160000540316105,0.0012229999992996454,False,False
2024-01-23,0.001832999987527728,12655,-0.0846901168211022,0.04234615802597912,-0.02265467501735876,-0.32147448436417586,1.7176514834648728,2.348923302768247,2.5720667917171056,50.07286289867686,1.2401739682141105e-06,0.29702217066572023,49.23482551934323,6.106571395771463,0.043404005612162844,-0.04556105286900241,1.9528082216874343,0.5615745310957552,False,False,False,False,0.0047160000540316105,0.0012229999992996454,False,False
2024-01-24,0.001973999897018075,6832,0.07410792678885351,0.13657550767618354,0.10176457461113786,-0.9876449023353575,1.8039919827721989,2.5315713483459534,2.6533432625729483,51.73808761786454,1.9712616950210338e-05,0.26319806104866583,45.743277928896795,5.4859880690961065,0.1304222807240653,0.01837612305122293,2.1343282112296653,-0.4601343342552351,False,False,False,False,0.0047160000540316105,0.0012229999992996454,False,False
2024-01-25,0.0016969999996945262,12834,-0.1511999027700457,0.0563614828381238,0.06764688215765016,-0.7636710021356578,1.680875081334468,2.4326709623965153,2.5239623617805402,48.32789050955097,1.3239451870195517e-05,0.2983495358889697,45.8753904008458,5.364400379444922,-0.025776446892618477,-0.13359132744611116,1.662148714054004,0.8785128805620608,False,False,False,False,0.0047160000540316105,0.0012229999992996454,False,False
2024-01-26,0.0014669999945908785,6616,-0.14564249059843581,0.1379231767362267,-0.13973233178011718,-0.2943063507939322,1.4979611824606445,2.2803394328620765,2.3783198711821045,45.63803490552505,-5.560555124179718e-06,0.3327436552471934,47.092710185379005,4.948896053577242,-0.14592612013157122,-0.2566355517193323,1.27839254849654,-0.484494311983793,False,True,True,False,0.0021619999315589666,0.0012229999992996454,False,False
2024-01-27,0.0015059999423101544,1614,0.026237595597385446,0.19838614183461747,-0.12117117324879034,-0.33959774002724136,1.5646396929693955,2.299932531998536,2.2802598070756077,46.18499466809923,-1.3921638201546085e-05,0.3031092043272588,47.58679748710768,4.9420436518416935,-0.11265616806509443,-0.24367218117724618,1.315284491983474,-0.7560459492140266,False,True,False,False,0.0021619999315589666,0.0012229999992996454,False,False
2024-01-28,0.001756999990902841,6302,0.15415071295626345,-0.08401886090724249,0.025361581701599644,-0.9232103764236355,1.706171938201211,2.4215071103501704,2.2895795211909213,49.693172692067435,-1.7404228159751371e-06,0.25446263262842006,46.62141913293464,4.190831747457254,0.039675732814892804,-0.11541404784208127,1.6687931959879592,2.9045848822800497,False,False,False,False,0.0021619999315589666,0.0012229999992996454,False,False
2024-01-29,0.0017480000387877226,1070,-0.005135504604178129,-0.13217177945125946,0.0167295434714687,-0.2674559613744051,1.6284971533195327,2.403632575245448,2.342263606940411,49.56839579642436,6.089121974580774e-06,0.23917869039126521,45.831985171221326,3.5204582996555414,0.03825139483686561,-0.1060560876280251,1.623876143183828,-0.830212630910822,True,False,False,False,0.0021619999315589666,0.0012229999992996454,False,False
2024-01-30,0.0015360000543296337,12896,-0.12929062932678104,-0.17677229195693833,-0.13442613393095912,-0.4537590896331227,1.50212617132633,2.268032728647663,2.230991445319126,46.600116472427395,-2.1881798933012916e-06,0.262746302478957,46.44451731265959,3.53648648090764,-0.08092741464438162,-0.19863932368830783,1.2821654742677504,11.052336448598131,False,False,False,False,0.0021619999315589666,0.0012229999992996454,False,False
2024-01-31,0.0015849999617785215,4748,0.03140271311841111,-0.21947750562738072,-0.0829019979511972,-0.37014846594656853,1.566221321973731,2.286935275022648,2.286935275022648,47.3843741121326,-3.465640700945228e-06,0.23977100403724655,46.45119342407442,3.537476999422653,-0.05157972342535105,-0.16861619454877588,1.330385388019325,-0.6318238213399503,False,True,False,True,0.0021619999315589666,0.0014509999891743064,False,False
2024-02-01,0.0015379999531432986,3824,-0.030101542597290133,-0.09837914545462507,-0.042017662616501125,-0.969960925249446,1.435604805496452,2.2444878927215126,2.269333899168784,46.67626223203204,-6.407361610043065e-06,0.23181690013926082,47.16383954043805,2.846542403281319,-0.07558229212495175,-0.18973312753603694,1.238735305636664,-0.19460825610783483,False,False,False,False,0.0021619999315589666,0.0014509999891743064,False,False
2024-02-02,0.0015369999455288053,526,-0.0006504115009424673,0.04661293364286844,0.18453611037909498,-0.48405537741706606,0.762511884135543,2.262413918126949,2.2686834876678414,46.66028490329656,-7.287782363699609e-06,0.21590980073298235,47.807519772437026,2.328004116173414,-0.07163568647449427,-0.19239582864660365,1.2151761247771415,-0.8624476987447699,False,False,False,False,0.0021619999315589666,0.0014509999891743064,False,False
2024-02-03,0.0014560000272467732,2873,-0.05413946062857644,-0.03376412258309357,0.1646220192515241,-0.4054651347600228,0.29873196608793,2.2020438602958388,2.195851933008483,45.30745339580177,-1.1918864077462905e-05,0.21595827437007645,49.19352485200348,2.294360482812007,-0.11368130411268454,-0.23558316403649682,1.0790941591610943,4.461977186311787,False,False,False,False,0.0021619999315589666,0.0014509999891743064,False,False
2024-02-04,0.001411000033840537,6170,-0.031394271633889095,-0.21930910717324617,-0.3033279680804886,-0.23455931693578647,0.7255590866648824,2.158303748958105,2.183149755405376,44.534933480929936,-1.6333421857352864e-05,0.21021859405901006,50.95462101341466,2.192553606873427,-0.13294617336696332,-0.2608463113298824,0.9970278692836365,1.1475809258614689,False,True,False,False,0.0021619999315589666,0.0014509999891743064,False,True
2024-02-05,0.001243000035174191,11676,-0.1267708560276538,-0.34094445859672196,-0.4731162380479814,-0.45132662786628125,0.5363566340096843,2.025416708373339,2.0438787326342958,41.67782586483073,-2.8193194029660102e-05,0.23428569709932442,55.20360608231275,2.2011919181559447,-0.22392530000931493,-0.3504660956999042,0.7458969192349737,0.8923824959481361,False,True,False,False,0.0021619999315589666,0.0014509999891743064,False,False
2024-02-06,0.0011950000189244747,151,-0.039381639606539884,-0.25103546887648076,-0.427807760833419,-0.4715714369947784,0.6577962098584906,1.961937508737149,2.004497093027756,40.87104002070495,-3.637539696266562e-05,0.22957696227553087,59.93225301821406,2.2027977743087237,-0.24141431824514245,-0.3770331003529089,0.6662716293187217,-0.98706748886605,False,True,False,False,0.0021619999315589666,0.0014509999891743064,False,False
2024-02-07,0.0013160000089555979,1595,0.0964506384884366,-0.18598754350645524,-0.4054650491338359,-0.3683091492658448,-0.42104717129299635,2.052453366602625,2.1071783287187262,43.82319325485435,-3.095555367095741e-05,0.2006338516294818,62.152267420634644,2.2372317635092536,-0.1568966530080221,-0.316910099960103,0.8202188339983095,9.562913907284768,False,False,False,False,0.0021619999315589666,0.0014509999891743064,False,False
2024-02-08,0.0013699999544769526,1630,0.04021386690324027,-0.11567213400592485,-0.21405127946054994,-0.31379793045910087,-0.8763807370926571,2.0577800473265047,2.1727100129344077,45.139600584186404,-2.1499560810053742e-05,0.18203566510139735,60.79940418551102,2.2446796122347226,-0.1248802555378418,-0.29295433510923696,0.8791190921863813,0.021943573667711602,True,False,False,True,0.0021619999315589666,0.0011899999808520079,False,False
2024-02-09,0.0012150000547990203,16620,-0.12006658471694616,-0.23508830722192858,-0.18847537357906013,-0.383553192336404,-1.0488339650514709,1.2026020077704322,2.039904397716917,42.0907071591493,-2.3298366374316918e-05,0.20347177950535175,61.20249202885045,2.273271316123025,-0.22339401947368273,-0.3755075294412177,0.6543555298623528,9.196319018404909,False,False,False,False,0.0021619999315589666,0.0011899999808520079,False,False
2024-02-10,0.0011840000515803695,425,-0.025845541868270833,-0.20679438846162293,-0.24055851104471646,-0.29231652388811663,-0.5725624215111669,1.4819424384007225,2.0204080395301407,41.48715721490797,-2.409067979432662e-05,0.196660036272038,62.611589234527266,2.2426559564564896,-0.2252069160170392,-0.3907333549598942,0.6008545862594706,-0.9744283995186522,False,True,False,False,0.0021619999315589666,0.0011899999808520079,False,True
2024-02-11,0.0011769999982789159,298,-0.0059297532104380804,-0.18132987003817183,-0.40063897721141806,-0.3599830004378861,-0.5069097153199917,1.4575960326384454,2.0018198853672042,41.342994413859735,-2.2624080790847054e-05,0.18485201134134413,60.62578214755604,2.227882162424938,-0.20860648828283007,-0.3906101131127976,0.5804173308523862,-0.2988235294117647,False,False,False,False,0.0021619999315589666,0.0011899999808520079,False,False
2024-02-12,0.0013020000187680125,753,0.1009327313852574,0.046373717374739366,-0.2945707412219826,-0.2667267061186876,0.01236492200355938,1.522682567921138,2.1218008645240096,45.017171093513994,-1.1343019596357282e-05,0.1624654676157328,58.63363872182234,2.2617378393169494,-0.10864652587553679,-0.31722357366050696,0.7348781438298677,1.5268456375838926,False,False,True,True,0.0013780000153928995,0.001158999977633357,False,False
2024-02-13,0.0013520000502467155,1083,0.0376834565843686,0.12343881356564775,-0.12759665531083303,-0.2366612075401926,-0.019048168976428786,1.3428722074752562,2.1594843211083785,46.4617756743316,7.377134439669393e-07,0.14829302665629773,50.28216915709633,2.266925266918185,-0.05428088700282756,-0.26037766051084765,0.7872014897149365,0.4382470119521913,True,False,False,False,0.0013780000153928995,0.001158999977633357,False,False
2024-02-14,0.001319000031799078,658,-0.02471111694185027,0.0022770581353608894,-0.1837104853710943,-0.26486885810799565,0.09455229355224704,1.3295572288078474,2.060665205360946,45.61002823578853,7.387822635392181e-06,0.14304117314923195,48.26503088951441,2.2672773745858517,-0.06500317284771208,-0.2596126673321263,0.7302105191854402,-0.3924284395198523,True,False,False,False,0.0013780000153928995,0.001158999977633357,False,False
2024-02-15,0.0013020000187680125,1934,-0.012972339642518262,-0.050909148410397634,-0.16658128241632247,-0.2997062458261608,0.25791950961594257,1.2080775104100316,2.1347042742057103,45.150829670314714,1.1289756918962424e-05,0.13642347187502488,48.853154508661056,2.264596178158783,-0.07162464974496434,-0.2636412874487502,0.6951690583731521,1.939209726443769,False,False,False,False,0.0013780000153928995,0.001158999977633357,False,False
2024-02-16,0.0012939999578520656,1132,-0.0061633946942448005,0.06299404161230378,-0.17209426560962485,-0.2857482176590546,0.29129491699455945,1.1942316353851352,2.128540879511466,44.921624527415695,1.3813266847255228e-05,0.12867652049424066,49.174496283277406,2.2643335805470994,-0.07030215302351278,-0.2613059235501761,0.6723639422766088,-0.41468459152016546,False,True,True,False,0.0013589999871328473,0.001158999977633357,False,False
2024-02-17,0.0012420000275596976,450,-0.04101515780582941,0.047824425674745166,-0.15896996278687786,-0.25577749753289786,0.32097303578236297,1.1816789338637705,2.1272659673545813,43.38012439306623,1.2501068432667107e-05,0.12834116838193615,44.47464267508712,2.2564943818213057,-0.09084253234299212,-0.2642702950217155,0.593952773559913,-0.6024734982332156,False,False,False,False,0.0013589999871328473,0.001158999977633357,False,False
2024-02-18,0.0011210000375285745,2258,-0.10250182813327219,-0.04874764924808897,-0.23007751928626094,-0.13107514116963148,0.31878837080307554,1.0131632364813514,2.031543877709604,39.94517969759989,4.421594868507322e-06,0.14063950917567317,39.98215442564768,2.143483788844954,-0.1601423282068117,-0.3266700876303494,0.42979227919376983,4.017777777777778,False,True,False,False,0.0013589999871328473,0.001158999977633357,False,True
2024-02-19,0.0011399999493733048,311,0.01680704042923427,-0.13287334020411212,-0.08649962282937282,-0.08004273123939185,0.33192115984357645,1.1610476823762688,2.0348371943214554,40.73868741927777,1.4484526627496405e-06,0.12985837532418532,39.98612673151086,2.141927857684564,-0.13304692688363096,-0.3045812537531212,0.44494927202575424,-0.8622674933569531,False,True,False,False,0.0013589999871328473,0.001158999977633357,False,False
2024-02-20,0.0010969999711960554,2343,-0.03844906296094272,-0.20900585974942346,-0.08556704618377575,-0.555047509898458,-0.16747473541430036,1.1225986194153261,1.976453957581322,39.46768529993702,-2.1282724010939814e-06,0.12908588780260502,38.47862262065021,1.4426392110177908,-0.14997484403420736,-0.3208860220876536,0.38216039711025274,6.533762057877814,False,False,False,False,0.0013589999871328473,0.001158999977633357,False,False
2024-02-21,0.0009869999485090375,7586,-0.10566444675389705,-0.2899591895614703,-0.28768213142610943,-0.7037293705921941,-0.5846296398411724,1.2144974122007937,1.8070736728027277,36.34390783215853,-1.0166749221923716e-05,0.14371789690077982,40.30875750902656,1.4559951308175532,-0.21852736102703268,-0.36484037351510773,0.23705132075822388,2.237729406743491,False,True,False,False,0.0013589999871328473,0.001158999977633357,False,False
2024-02-22,0.0010140000376850367,2287,0.02698823405153959,-0.24999861586741232,-0.3009077642778101,-0.5920510197195521,-0.9135255040837281,1.1256004637453207,1.7568722830486947,37.648404898444504,-1.1814176207780754e-05,0.1331392019936424,39.42500755232792,1.4489746671355184,-0.1801754229275844,-0.3347940502952773,0.26405550007825057,-0.6985235960980754,False,True,False,False,0.0013589999871328473,0.001158999977633357,False,False
2024-02-23,0.000957000011112541,2799,-0.05785481825105353,-0.3016900394242212,-0.23869599781191747,-0.7240137647594591,-1.7116586670948166,1.0799782180127397,1.8075575835864943,35.97243021315815,-1.470322037758746e-05,0.1400239583633851,41.426558715299684,1.4140970400600454,-0.21033088326824975,-0.3619149140313948,0.1870356535024782,0.2238740708351552,False,False,False,False,0.0013589999871328473,0.001158999977633357,False,False
2024-02-24,0.0010300000431016088,4018,0.07351072000509795,-0.1871641616132938,-0.13933973593854865,-0.4993031419843156,-1.262974144119973,1.1815719393501523,1.9333678204121998,39.676185990332684,-9.889226027916367e-06,0.1266323168618267,41.15531881957702,1.3766895245071384,-0.13652174761477107,-0.30626647253731687,0.2707264682665907,0.4355126831011076,False,False,False,False,0.0013589999871328473,0.001158999977633357,False,False
2024-02-25,0.0010819999733939767,2646,0.04925231174685343,-0.03541002173316802,-0.084157670981257,-0.30440833963902614,-0.5987146904329583,1.1935528428216184,1.9759310932230503,42.239323968855366,-1.8171117891643644e-06,0.11642506530402488,42.01384551827153,1.3132199740034274,-0.08676572762524581,-0.26260122331151553,0.32736303343400014,-0.3414634146341463,False,False,False,False,0.0013589999871328473,0.001158999977633357,False,False
2024-02-26,0.0010870000114664435,73,0.004610462853159287,-0.04760659930924299,-0.18047993951335511,-0.3260354723832523,-0.6656332124104936,1.2386042205861432,1.9738970596152836,42.49234932951821,4.878693553035684e-06,0.1079402647550469,42.806799778226264,1.3078338758216423,-0.07834491753709537,-0.2507375366344737,0.32600595871138843,-0.972411186696901,True,False,False,True,0.0013589999871328473,0.0009200000204145908,False,False
2024-02-27,0.0012369999894872308,6920,0.1292674662239715,0.12010992987567144,-0.08889592987375211,-0.35091871911554434,-1.27412909553918,1.3552532190856668,2.0705883912346263,49.622101004157614,1.960328785381707e-05,0.10008683832280421,41.882236662341384,1.2706690558089968,0.05236290976175737,-0.13945432196344953,0.4991758691863273,93.79452054794521,False,False,False,False,0.0013589999871328473,0.0009200000204145908,False,False
2024-02-28,0.0011889999732375145,2146,-0.039576489711503744,0.18619788691806471,-0.10376130264340562,-0.3853597042228698,-0.652815665597275,1.243137449096663,2.018272871022578,47.58885958649511,2.5907707037251454e-05,0.10071467713778484,39.37422815606624,1.274104744453238,0.019375827588709874,-0.1648756276973247,0.4320642405244342,-0.6898843930635838,True,False,False,False,0.0013589999871328473,0.0009200000204145908,False,False
2024-02-29,0.0013749999925494194,13964,0.14534113049968417,0.3045507833662093,0.05455216749879692,-0.11072794439640456,-0.5644870340295274,1.3913982269299257,2.1573047842512585,55.24201622524632,4.147832220974281e-05,0.09416866023642871,41.958951349881175,1.3175664588590108,0.17081061569844505,-0.02866670020740678,0.6440387118730413,5.506989748369059,False,False,False,False,0.0013589999871328473,0.0009200000204145908,True,False
2024-03-01,0.001370999962091446,1364,-0.0029133527700482636,0.35949224884721453,0.05780220942299353,-0.145044010284864,-0.5151924762314324,1.421177311688867,2.141891264737784,55.05582668777897,4.982067534749209e-05,0.08998983151799218,44.07958686595998,1.3114855005579362,0.15818370590034878,-0.028541492684452992,0.6274831781680533,-0.9023202520767688,True,False,False,False,0.0013589999871328473,0.0009200000204145908,False,False
2024-03-02,0.0010110000148415565,15052,-0.3046004182114723,-0.01861888936935561,-0.20578305098264946,-0.41954288589904615,-1.389503811148492,1.016061919597406,1.8249450068224666,41.499255011464015,3.036253953425945e-05,0.13938736114281133,46.207086503111974,1.6767039692086678,-0.13990385473047548,-0.27669985169914313,0.19408980843717247,10.035190615835777,False,False,False,False,0.0013589999871328473,0.0009200000204145908,False,False
2024-03-03,0.0010049999691545963,3222,-0.005952443899315314,-0.07382364501552445,-0.10923366674869259,-0.42484491829741905,-0.908900295714485,0.3376669658381241,1.83756899982953,41.31665175861215,1.7021867804017433e-05,0.1343261026862011,47.34262476041062,1.6762752028245402,-0.1340686107080886,-0.2737704895153918,0.18108844952135403,-0.7859420674993356,False,True,True,False,0.0014359999913722277,0.0009200000204145908,False,False
2024-03-04,0.0010359999723732471,1995,0.03037960635144649,-0.04805450151723738,-0.09566110082648029,-0.340325851317396,-0.745790986077419,-0.04159388522946602,1.8617180089784429,42.71904662080694,1.0537304504934259e-05,0.12444639805178996,46.30646056918313,1.6768290710542817,-0.09503845456747764,-0.243972229739664,0.2112496285754906,-0.3808193668528864,False,False,False,False,0.0014359999913722277,0.0009200000204145908,False,False
2024-03-05,0.0010049999691545963,3364,-0.030379606351446438,-0.2077015740926553,-0.08759164421698401,-0.33931118603495347,-0.5738705029707398,0.38624790062992903,1.8189925629231514,41.647216179027566,4.709236453026618e-06,0.12217797265137972,45.88701176221432,1.6766800974393894,-0.10991056885930889,-0.2588714402969093,0.16918921421526475,0.6862155388471178,False,False,False,False,0.0014359999913722277,0.0009200000204145908,False,False
2024-03-06,0.0010189999593421817,881,0.013834203521768805,-0.1542908808593829,0.03190700605868181,-0.19870612648553082,-0.6500327543518121,0.33765050752415343,1.826710581887808,42.35069221618773,2.4592250098682525e-06,0.11287363088002413,44.93616011336153,1.6257709805965879,-0.08605769782828096,-0.24027797116127883,0.17954827967951584,-0.7381093935790726,False,False,False,False,0.0014359999913722277,0.0009200000204145908,False,False
2024-03-07,0.000994000001810491,7616,-0.02483978484500681,-0.324471796204074,-0.019921012837864543,-0.18416427172399774,-0.6557357087187763,0.4736319381344928,1.777773237013151,41.39109092244765,7.532882471344515e-08,0.11197448547152405,43.92837720276725,1.6228718037409502,-0.09632255086965018,-0.2507838846232339,0.14504916647840063,7.64472190692395,False,False,False,False,0.0014359999913722277,0.0009200000204145908,False,False
2024-03-08,0.001066999975591898,13428,0.07086901994831232,-0.2506894234857132,0.10880282536150121,-0.209745890264122,-0.5780550395299668,-0.6307930615571182,1.842707476338503,45.28934668065637,3.98643903534577e-06,0.10395865120174186,42.687354193969526,1.6048714607185819,-0.022177431104235357,-0.18919742029739367,0.222719410396084,0.7631302521008403,False,False,False,False,0.0014359999913722277,0.0009200000204145908,False,False
2024-03-09,0.001196000026538968,3909,0.11413172827404339,0.16804272299980252,0.1494238336304468,-0.13582802889331877,-0.4496259593524196,-1.012208765985976,1.921952018433186,51.436430725958935,1.5202818637659026e-05,0.096094742784341,43.303976013961964,1.6522481369729347,0.09228735566256203,-0.09003756346732682,0.3624118232515515,-0.7088918677390528,False,False,False,False,0.0014359999913722277,0.0009200000204145908,False,False
2024-03-10,0.0011660000309348106,16774,-0.025403563259199752,0.14859160363991805,0.0747679586243936,-0.041165007435572436,-0.42471819977197633,-1.0899989724870431,1.16143700033486,50.028659421767394,2.0228356598461517e-05,0.10353351066936511,43.481708199483215,1.601134911171011,0.06362603401198037,-0.11193027040704595,0.32065538384643205,3.2911230493732413,True,False,False,True,0.0014359999913722277,0.0009759999811649323,False,False
2024-03-11,0.0011650000233203173,15223,-0.0008580074239092261,0.11735398986456225,0.06929948834732505,-0.01617747299121087,-0.3084939968793275,-0.5887398945023778,1.4657649654095115,49.97955501504473,2.2914754918462274e-05,0.10388479355823595,43.6889255601445,1.5986981955760207,0.05942802653127055,-0.10249297083660308,0.3120403942826014,-0.09246452843686659,False,False,False,False,0.0014359999913722277,0.0009759999811649323,False,False
2024-03-12,0.0010969999711960554,9335,-0.06014195199902482,0.08759164421698391,-0.12010992987567136,-0.07038967177979756,-0.43037267221768377,-0.5772993870997892,1.3872063608586478,46.6280528463242,1.9666186711346116e-05,0.10726235542281752,42.458609179223394,1.6121257578955923,-0.0073745864877374,-0.143022331851521,0.22895950154586628,-0.38678315706496746,False,False,False,False,0.0014359999913722277,0.0009759999811649323,False,False
2024-03-13,0.0011749999830499291,4493,0.06868897813445131,0.14244641882966655,-0.011844462029716289,-0.10263342503060363,-0.36936013114929117,-0.09026850302704413,1.4200491428905344,50.71094334361523,2.214055156060161e-05,0.09803455120334281,41.788153406753004,1.5898968165546792,0.055515622321639396,-0.07255392166415993,0.3088859289225615,-0.5186930905195501,False,False,True,False,0.0013569999719038606,0.0009759999811649323,False,False
2024-03-14,0.0011650000233203173,4995,-0.00854702613542657,0.15873917753924682,-0.16573261866482708,-0.14886390775039873,-0.3855251152905913,-0.1679120767268274,1.1940082997248573,50.1809362156736,2.2405814285802347e-05,0.09438857681026439,39.531778880647,1.5830162501930207,0.03684587955627846,-0.06855139877704,0.2904941288379557,0.11172935677720908,False,False,False,False,0.0013569999719038606,0.0009759999811649323,False,False
2024-03-15,0.0009670000290498137,20944,-0.1862778605227741,-0.09840770293183976,-0.3490971264175529,-0.31043065133132264,-0.5752995094393183,-0.21587835777907555,1.0191265774765248,41.03572497809102,9.22375870165733e-06,0.12723555856225122,40.87471507621391,1.7040705550145865,-0.1369538708193469,-0.21772612427712779,0.06638145155578336,3.192992992992993,False,False,False,False,0.0013569999719038606,0.0009759999811649323,False,True
2024-03-16,0.0009309999877586961,7754,-0.037939261365953485,-0.2504786925718366,-0.08243596957203421,-0.33539757305475787,-0.6351038188809185,-0.07747806343881523,0.872679937355274,39.62184614262042,-1.378354619042599e-06,0.13261303731857615,43.6852790424493,1.706777679892372,-0.16344685654386887,-0.24026049227382865,0.02232982582516398,-0.6297746371275783,False,True,False,False,0.0013569999719038606,0.0009759999811649323,False,False
2024-03-17,0.0008900000248104334,22512,-0.04503777352543628,-0.2701129028380731,-0.12152129919815507,-0.3742719518859492,-0.6600201695450038,-0.0829770348913897,0.819959683499186,38.015369385322884,-1.0123571581811041e-05,0.15016175807320237,47.4567978497759,1.710721352582557,-0.19314624933851818,-0.266342409194708,-0.026604295413732014,1.9032757286561774,False,False,False,False,0.0013569999719038606,0.0009759999811649323,False,False
2024-03-18,0.0007740000146441162,6914,-0.13964959809330296,-0.4089044935074668,-0.2915505036429044,-0.4729063921734229,-0.7286838897063206,-0.15193335639105998,0.7087725416903478,33.83542398769241,-2.2009737289762106e-05,0.17657544799861774,53.8134233968389,1.7651610794350934,-0.2832669524429798,-0.3514546076094503,-0.15632049246692517,-0.6928749111584933,False,True,False,False,0.0013569999719038606,0.0009759999811649323,False,False
2024-03-19,0.0007960000075399876,2585,0.028027302806955527,-0.3207352387014865,-0.23314359448450261,-0.34237726123319506,-0.4734524024028266,-0.023588890430119445,0.6707859752481564,35.288675814022184,-2.6384493927881326e-05,0.16293092068425669,58.635725192885104,1.743011378809963,-0.24923366203528488,-0.3222070790666219,-0.13535119846461324,-0.6261209140873589,False,True,False,False,0.0013569999719038606,0.0009759999811649323,False,False
2024-03-20,0.0007910000276751816,2307,-0.006301192561488505,-0.39572540939742634,-0.25327899056775977,-0.36548549422391785,-0.4455282254633096,-0.03356433438034136,0.7955621881523509,35.099984172604564,-2.7484852495324017e-05,0.15396506698727166,57.509582920128146,1.7401639238450926,-0.23282088292042596,-0.31780937745988547,-0.14373085443917138,-0.10754352030947778,False,False,False,False,0.0013569999719038606,0.0009759999811649323,False,False
2024-03-21,0.0007999999797903001,346,0.011313699650561547,-0.3758646836114384,-0.21712550607219147,-0.3157227316124135,-0.8707702415108716,-0.4831974670267139,0.8068758878029125,35.76577895735427,-2.5519112682321154e-05,0.1422520392143809,53.60661976953666,1.7393667964818431,-0.2019950323056438,-0.3005770425973005,-0.1369964431983884,-0.8500216731686172,False,False,False,True,0.0013569999719038606,0.0007140000234358013,False,False
2024-03-22,0.0008019999950192869,837,0.0024968992503467463,-0.18708992383831738,-0.285497626770157,-0.20756138560816959,-0.9112907562003637,-0.7921910254493421,1.0069360265926242,35.92309568186862,-2.2123205533035488e-05,0.13247427702190537,56.94704382661624,1.705490028630376,-0.19157300927569776,-0.28968718488152934,-0.13784763188448365,1.4190751445086707,False,False,False,False,0.0013569999719038606,0.0007140000234358013,False,False
2024-03-23,0.0008299999753944576,1334,0.03431706948926242,-0.11483359298310153,-0.3653122855549381,-0.20023255017044686,-0.7922835698899992,-1.113758054254175,0.9253679135748739,38.20486545872131,-1.62992359731048e-05,0.12187408599933637,59.19594006211513,1.707514286055839,-0.15590361404488415,-0.2555653459902844,-0.11097307966703494,0.5937873357228196,False,False,False,False,0.0013569999719038606,0.0007140000234358013,False,False
2024-03-24,0.0007750000222586095,1924,-0.06856261307127828,-0.1383584325289435,-0.4084713353670167,-0.21094034499067169,-0.9349541097501309,-1.9225990120854881,0.869037873022068,35.528551386956764,-1.4518418639468414e-05,0.12654574059850715,62.57182398786368,1.711956555326583,-0.20123677286025712,-0.29629896832962355,-0.17263169881857318,0.4422788605697152,False,False,False,False,0.0013569999719038606,0.0007140000234358013,False,False
2024-03-25,0.0007740000146441162,1727,-0.0012911655643594265,0.0,-0.4089044935074668,-0.28574223056012893,-0.7850453725444445,-1.5487163746801023,0.8958297087900232,35.47988531643006,-1.188588339738088e-05,0.1192274235635678,65.66305223884721,1.6873693925739708,-0.19265671047307698,-0.2889819647280932,-0.1764204970428082,-0.10239085239085244,False,True,False,False,0.0013569999719038606,0.0007140000234358013,False,False
2024-03-26,0.0007750000222586095,1195,0.0012911655643593964,-0.026736137242596082,-0.3474713759440826,-0.3337033767426231,-0.6381117163816493,-0.9324180671755814,0.8598494660789953,35.57492137608965,-8.702783086199305e-06,0.11158215201611417,68.3066439754389,1.674586724111099,-0.18119385455266593,-0.2818887524154046,-0.1780850714817369,-0.3080486392588303,False,False,True,False,0.0008340000058524311,0.0007140000234358013,False,False
2024-03-27,0.0007750000222586095,1386,0.0,-0.02043494468110759,-0.416160354078534,-0.33831383959578243,-0.6643493119790347,-1.003947052006276,0.9002903809903607,35.57492137608965,-5.385445380774853e-06,0.10462582014659243,70.7244632605696,1.6741186617633714,-0.17161026588264422,-0.27625556063846574,-0.1808087010516425,0.15983263598326358,False,False,False,False,0.0008340000058524311,0.0007140000234358013,False,False
2024-03-28,0.0007960000075399876,1743,0.026736137242596165,-0.005012507089072975,-0.3808771907005113,-0.44084516857715783,-0.7917638876927022,-1.7149742641163377,0.9144080505085088,37.806059290080505,-8.054260811591007e-07,0.09665337029426589,71.6669463615029,1.6024473048906362,-0.1366594366797106,-0.24935402406923282,-0.16147856859010667,0.25757575757575757,False,False,False,False,0.0008340000058524311,0.0007140000234358013,False,False
2024-03-29,0.0007880000048317015,950,-0.010101099327249138,-0.017610505666668993,-0.20470042950498626,-0.4113697781929033,-0.7967294824157732,-1.0641854437901783,0.8317676709037596,37.276442500230644,2.477049644398574e-06,0.09183911528711163,68.75424137165092,1.5999832472547777,-0.12599822812679623,-0.24865081110442155,-0.17269471921633653,-0.45496270797475613,False,False,False,True,0.0008340000058524311,0.0007639999967068434,False,False
2024-03-30,0.0008040000102482736,3010,0.020101185936095278,-0.03182638921983605,-0.1466599822029376,-0.5366097227564923,-0.6473376671528969,-1.1010967567860197,0.8547885041734332,39.113554498607186,6.300156146703346e-06,0.08571427670546483,65.09085657415972,1.4997834784138855,-0.08998301802212937,-0.22733911704854406,-0.15881982389594457,2.168421052631579,False,False,False,False,0.0008340000058524311,0.0007639999967068434,False,False
2024-03-31,0.0008069999748840928,3329,0.0037243552218115513,0.040460579073253566,-0.09789785345568981,-0.5299720147646325,-0.6750160250494964,-1.0451644909960651,0.8912052969242346,39.471523469563685,9.41771442346896e-06,0.08230533088510487,59.68117502958027,1.500795934681552,-0.06769874040229662,-0.2187954016599291,-0.15859497132285696,0.10598006644518265,False,False,False,False,0.0008340000058524311,0.0007639999967068434,False,False
2024-04-01,0.0009410000056959689,9395,0.15361950849109485,0.1953712531287078,0.1953712531287078,-0.07175208806206555,-0.49129497396111155,-1.4612558992105578,0.9443098315353406,52.815794526957156,2.0268274491954668e-05,0.07753645302839585,55.61772326922233,1.2236503280857403,0.09699230405564688,-0.08489739887947281,-0.022951798391601164,1.822168819465305,False,False,False,False,0.0008340000058524311,0.0007639999967068434,True,False
2024-04-02,0.0009360000258311629,3638,-0.005327641563493545,0.18875244600085495,0.1620163087582588,-0.07112728572624374,-0.4959722040236628,-0.9800275814407289,0.2665396801118803,52.35200972714718,2.648007453242646e-05,0.07558786912949139,45.74659845755259,1.223629385470178,0.1065791997676786,-0.08323373157537368,-0.032132949132184105,-0.6127727514635444,True,False,False,False,0.0008340000058524311,0.0007639999967068434,False,False
2024-04-03,0.0009369999752379954,369,0.0010677517365345166,0.18982019773738953,0.1693852530562819,-0.1004391403411556,-0.44076499165855165,-0.8462301264185746,-0.14203302557062167,52.44195351133226,2.978130485537951e-05,0.07087613975076618,32.336741817407585,1.2180136763599094,0.12289528202619474,-0.07473241742612075,-0.03508503223064722,-0.8985706432105552,False,False,False,False,0.0008340000058524311,0.0007639999967068434,False,False
2024-04-04,0.0009360000258311629,541,-0.0010677517365346252,0.1620163087582588,0.15700380166918576,-0.07112728572624374,-0.4104384717611972,-0.6449977886969837,0.3151206149036852,52.33556171507149,3.088968402988003e-05,0.06618911659054873,31.069558248017724,1.2141109651203723,0.12378439050920494,-0.06867522414768154,-0.040088578271864315,0.46612466124661256,False,False,False,False,0.0008340000058524311,0.0007639999967068434,False,False
2024-04-05,0.0009190000128000975,1271,-0.01832936779101216,0.15378804029449575,0.1361775346278268,-0.10329085703902464,-0.30199698352455545,-0.7533236113908367,0.2343596504851287,50.46124427648177,2.94740329996027e-05,0.06407502018328634,30.67734605775016,1.213891087818026,0.10416917525329608,-0.07856740464645982,-0.06130139469045022,1.3493530499075788,False,False,True,False,0.0009740000241436064,0.0007639999967068434,False,False
2024-04-06,0.0009330000029876828,0,0.015119067765600347,0.1488059221240009,0.11697953290416489,-0.06333200442841741,-0.24749627615241523,-0.7190677131471936,0.41029993370607537,51.98626214882844,2.846175000238535e-05,0.05967725191267172,31.83471668880588,1.2130276387717998,0.11810173871049631,-0.05770900817042876,-0.05086469451966311,-1.0,False,False,False,False,0.0009740000241436064,0.0007639999967068434,False,False
2024-04-07,0.0009130000253207982,2361,-0.021669295720984784,0.12341227118120483,0.16387285025445836,-0.15587032009771448,-0.3656162103618365,-0.7339253596276814,-0.7866633816548328,49.635499928080264,2.5520687217361494e-05,0.058819069808401035,31.847914773108577,1.1855895612751524,0.08509628931664488,-0.07173937021652099,-0.074862164169946,inf,False,False,False,False,0.0009740000241436064,0.0007639999967068434,False,False
2024-04-08,0.0008919999818317592,2637,-0.023269796116565277,-0.05347703342645525,0.14189421970225258,-0.29327184448832316,-0.42909987338164196,-0.742897803840743,-1.305480610474299,47.22098169975051,2.1402889326175008e-05,0.05894647439327378,31.674032859815327,1.1057116451474258,0.054124292024049545,-0.08884759386184811,-0.09959018838830526,0.11689961880559085,False,False,False,False,0.0009740000241436064,0.0007639999967068434,False,False
2024-04-09,0.0008870000019669533,228,-0.005621127684912051,-0.05377051954787372,0.13498192645298115,-0.2734894089140355,-0.3146544163496079,-0.6982076086860118,-1.3634883814010788,46.639250449026505,1.7735703604686218e-05,0.05560825388182421,31.170461362993684,1.1043447761130325,0.042303169743986326,-0.08924757501847584,-0.10801379304578138,-0.9135381114903299,False,True,False,False,0.0009740000241436064,0.0007639999967068434,False,False
2024-04-10,0.0008789999992586672,703,-0.00906008768531921,-0.06389835896972756,0.12592183876766194,-0.28169148917544545,-0.2978689621666562,-0.590185486054773,-0.8704313836778232,45.66980559839509,1.4311315091263539e-05,0.05291880346332999,30.64862870771808,1.1039433072274976,0.028130292770847873,-0.09340319472550944,-0.11936201204267859,2.0833333333333335,False,True,True,False,0.0009410000056959689,0.0007639999967068434,False,False
2024-04-11,0.0008900000248104334,4779,0.012436593761281636,-0.0503940134719114,0.11162229528634743,-0.20911294341513909,-0.2795026151949366,-0.6394856156328228,-0.7864123305149284,47.2921211390987,1.2398538302552102e-05,0.05118002948121442,30.141088683669278,1.0908974898419415,0.03566651279867144,-0.0802174173132303,-0.1117232301728942,5.7980085348506405,False,False,False,False,0.0009410000056959689,0.0007639999967068434,False,False
2024-04-12,0.0008970000199042261,145,0.00783439364549195,-0.024230252035407303,0.12955778825908842,-0.2699675279040985,-0.3726009529347021,-0.6393276590533895,-0.36023603093114265,48.34908661112282,1.1249950002296942e-05,0.04787011901484043,30.083355055418785,1.0579293608295701,0.039758908688482045,-0.07073593355145433,-0.10810607095357366,-0.9696589244611844,True,False,False,False,0.0009410000056959689,0.0007639999967068434,False,False
2024-04-13,0.0008650000090710819,2229,-0.03632636682988945,-0.07567568663089702,0.07313023549310384,-0.2977468685985613,-0.44661077634895996,-0.6832719838891527,-0.4656589453253888,44.00476434681944,8.126020959648215e-06,0.0489854202697553,28.45294186650739,1.062208761735999,-0.002536899525342389,-0.1021755300513663,-0.14301706453351237,14.372413793103448,False,False,False,False,0.0009410000056959689,0.0007639999967068434,False,False
2024-04-14,0.0008619999862276018,129,-0.003474262732246301,-0.0574806536421586,0.06593161753904608,-0.11494327080803346,-0.42537392213935604,-0.6902427802473516,-0.33082162858710906,43.609151382389314,5.759938769588965e-06,0.046141950040276096,26.573525933530988,0.8505031827084526,-0.011014250385273448,-0.10215816858483145,-0.14904960286610683,-0.9421265141318977,False,True,False,False,0.0009410000056959689,0.0007639999967068434,False,False
2024-04-15,0.0009190000128000975,1337,0.06403088159754304,0.02982002407194955,-0.023657009354505622,-0.012973127844537063,-0.3483707008992948,-0.6480769467254555,-0.09045119128335231,52.370688397112524,7.808829160068032e-06,0.04461889495311315,24.70827002101403,0.8731062010953365,0.04574420350177031,-0.039526753966055934,-0.09627297209306773,9.364341085271318,False,False,False,False,0.0009410000056959689,0.0007639999967068434,False,False
2024-04-16,0.0008999999845400453,171,-0.02089139013739271,0.014549761619468927,-0.03922075792840487,0.011173255543506583,-0.36309869634244274,-0.6488469140014973,-0.07180377934788315,49.60404831975364,7.649588761249295e-06,0.04516365051553913,22.101545342861158,0.8615660443974242,0.016891678302553684,-0.05569313851467597,-0.1181917184343647,-0.8721017202692596,True,False,False,False,0.0009410000056959689,0.0007639999967068434,False,False
2024-04-17,0.0008789999992586672,30,-0.023609849304788162,0.0,-0.06389835896972756,0.12721300433202137,-0.3456933878414014,-0.6014708853742994,-0.02472035205903853,46.66946381964033,5.9696148621628865e-06,0.04480860579638079,20.01450773382857,0.7050662900919492,-0.011470990621297226,-0.07074594247153854,-0.14171471427600446,-0.8245614035087719,False,False,False,False,0.0009410000056959689,0.0007639999967068434,False,False
2024-04-18,0.0008859999943524599,65,0.007932047389087258,-0.004504546372194376,-0.05489855984410578,0.10711774891415303,-0.2352595123190421,-0.36633465348867356,0.08352885848403345,47.77849138292271,5.197829049111828e-06,0.04200483325115473,17.000278983509233,0.6999993667185433,-0.009059399684038039,-0.05730641502327975,-0.13790167971442782,1.1666666666666665,False,False,False,False,0.0009410000056959689,0.0007639999967068434,False,False
2024-04-19,0.0008880000095814466,94,0.002254809551205332,-0.010084130466481149,-0.034314382501888445,0.11567375102684667,-0.24981174319707108,-0.3298544744364629,0.08210941664650537,48.1105127394412,4.7048022835735524e-06,0.039479702067315305,14.237377238160148,0.6991163269348268,-0.01146609594432281,-0.04528447118663097,-0.1389842230281983,0.4461538461538461,False,False,False,False,0.0009410000056959689,0.0007639999967068434,False,False
2024-04-20,0.0008740000193938613,664,-0.01589135593677957,0.01035088042662872,-0.06532480620426832,0.08846869543950577,-0.2272540361729078,-0.7823015460713659,-0.3947287715872081,45.91010093876756,3.3805354034501665e-06,0.038963195512010065,11.0803712083343,0.701898190739598,-0.03066598598381615,-0.05018581539086104,-0.15547801862736643,6.0638297872340425,False,False,False,False,0.0009410000056959689,0.0007639999967068434,False,False
2024-04-21,0.0008720000041648746,990,-0.002290969160095934,0.011534173998779111,-0.04594647964337962,0.08368082702906299,-0.12388055857910667,-0.8276099291713007,-0.7085101984202792,45.58931354911258,2.3627890251369906e-06,0.03847475489417995,10.710843187704876,0.7021356406868206,-0.029169451598424975,-0.04948768109285816,-0.16030313260065676,0.49096385542168686,False,False,False,False,0.0009410000056959689,0.0007639999967068434,False,False
2024-04-22,0.0008699999889358878,1,-0.002296229753952913,-0.05479293735271678,-0.024972913280767194,0.04706752778584776,-0.15316502238459925,-0.7452160421041514,-1.0666905264683273,45.24882615273187,1.5851304318356753e-06,0.035972893625999786,10.347212124263951,0.6929985033538779,-0.027824354530119,-0.04886849703912835,-0.16508721891733308,-0.998989898989899,False,True,False,False,0.0009410000056959689,0.0007639999967068434,False,False
2024-04-23,0.0008730000117793679,98,0.003442370401319001,-0.030459176814005152,-0.015909415194536234,0.1190725112584449,-0.09186783373222673,-0.815881598491686,-1.8035265008270434,45.90150436968381,1.3141982752782044e-06,0.03369771348807806,9.631557042332117,0.6451445619140841,-0.020971171740605716,-0.042175011164153134,-0.16505670203333278,97.0,False,False,False,False,0.0009410000056959689,0.0007639999967068434,False,False
2024-04-24,0.0008539999835193157,562,-0.022004394842233394,-0.0288537223514505,-0.0288537223514505,0.09835928198057091,-0.18738294857955812,-0.6866860905638738,-1.4503570926995313,42.45007849975275,-3.191204531081115e-08,0.034245181867355604,9.204150683268653,0.6512865504995359,-0.037854912087332535,-0.05990623349593809,-0.18593402132006426,4.73469387755102,False,False,True,False,0.0008989999769255519,0.0007639999967068434,False,False
2024-04-25,0.0008619999862276018,1465,0.009324080196088335,-0.027461689544449327,-0.031966235916643784,0.1063921966122997,-0.22731118013032328,-0.5317195197693495,-0.8260258705632817,44.34755518734282,-2.5820624869467727e-07,0.03506711855262309,8.956791209245276,0.6515806739028295,-0.02571349647921454,-0.047808433290829885,-0.18104432236274448,1.6067615658362988,False,False,False,False,0.0008989999769255519,0.0007639999967068434,False,False
2024-04-26,0.0008820000221021473,1994,0.02293682637948221,-0.006779672716172409,-0.01686380318265354,0.12932902299178192,-0.20898481660400062,-0.5350202889872528,-0.8746180290144943,48.88494287070009,9.956438984927047e-07,0.03603515561806807,7.449769104697294,0.6549126859078429,-0.00022668459474055203,-0.023299059989339416,-0.16490318852921665,0.36109215017064855,False,False,False,False,0.0008989999769255519,0.0007639999967068434,False,False
2024-04-27,0.0007849999819882214,3245,-0.1165083862284477,-0.10739670300784052,-0.09704582258121185,-0.013915500479261865,-0.45476066905641965,-0.805679388171964,-1.7288897645955996,34.28498915096735,-4.357449837063951e-06,0.047968981956696875,11.679674728777007,0.7731089635577275,-0.10367666017920638,-0.1252507497349699,-0.258937605732243,0.6273821464393179,False,False,False,False,0.0008989999769255519,0.0007639999967068434,False,False
2024-04-28,0.0008490000036545098,1429,0.0783754957783675,-0.026730238069377257,-0.015196064070598201,0.07456109462635467,-0.3368086835665487,-0.7221683877894184,-0.9896243491638236,45.78916156423607,-3.2864506544522137e-06,0.04724242077955981,11.869938083124614,0.8194361850593347,-0.028214958462706132,-0.04656020611967601,-0.20113289950965554,-0.5596302003081663,False,True,False,False,0.0008989999769255519,0.0007639999967068434,False,False
2024-04-29,0.0008410000009462237,344,-0.009467529517769238,-0.03390153783319359,-0.08869447518591042,0.04499237917249014,-0.49161734358400216,-0.6023452879804068,-1.0561043776135295,44.73493891386482,-2.832480897566969e-06,0.045389381888927896,12.242545653222768,0.817925029571585,-0.034831010622101526,-0.04859948783738171,-0.21119521030489324,-0.7592722183344996,False,False,True,False,0.0009139999747276306,0.0007639999967068434,False,False
2024-04-30,0.0008510000188834965,282,0.011820489665081072,-0.025523418569431383,-0.05598259538343655,0.053088513615759766,-0.4768835011488728,-0.6219275114337367,-0.9920759773803052,46.39628409761884,-1.6338760124992306e-06,0.04282710186464736,12.397873084235158,0.8186893311682119,-0.021782842871315423,-0.030398306132139518,-0.20440520126893277,-0.18023255813953487,False,False,False,False,0.0009139999747276306,0.0007639999967068434,False,False
2024-05-01,0.00076299998909235,2299,-0.10915413377443009,-0.11267315750162805,-0.14152687985307857,-0.20968512864976513,-0.28143721671183064,-0.7009801026108767,-1.6709410278603227,36.10917193429039,-6.281791269857894e-06,0.05306087401242735,16.300557072868806,0.7112854492299776,-0.11648912931324897,-0.12399542482708723,-0.288684214383078,7.152482269503546,False,False,False,False,0.0009139999747276306,0.0007639999967068434,False,True
2024-05-02,0.0007689999765716493,122,0.007832922050931314,-0.11416431564678499,-0.14162600519123436,-0.1965245650353401,-0.2676518507615839,-0.6924967690590029,-1.176552146476069,37.13267109957743,-8.337361714465836e-06,0.04953657933744211,18.602674237025045,0.7131513229074278,-0.10289316690374188,-0.10879847429659041,-0.2851333025158608,-0.9469334493257938,False,True,False,False,0.0009139999747276306,0.0007639999967068434,False,False
2024-05-03,0.0007580000092275441,210,-0.014407541223735264,-0.1515086832500024,-0.15828835596617483,-0.21199985799561,-0.31243899833676564,-0.6527648496541616,-1.0582299844141847,35.9942375406883,-9.726239121144399e-06,0.04770233035533118,21.25858630519764,0.7131134005045002,-0.11017196692740266,-0.11318060998100765,-0.2973250977036022,0.721311475409836,False,False,False,False,0.0009139999747276306,0.0007639999967068434,False,True
2024-05-04,0.0007609999738633633,1068,0.003949925700652132,-0.03105037132090257,-0.13844707432874312,-0.20698218055842327,-0.278109466284667,-0.6174206523196205,-0.8519799692554068,36.56543580859197,-9.708827980032236e-06,0.04646694216124636,23.293279012351825,0.7138590532234819,-0.10132265567820403,-0.10535847850444033,-0.2964777891711368,4.085714285714285,False,False,True,False,0.0008559999987483025,0.0007639999967068434,False,False
2024-05-05,0.0007459999760612845,291,-0.019907755402235317,-0.1293336225015053,-0.15606386057088245,-0.20856056816964635,-0.311851425208671,-0.5105575516942019,-0.961884179560483,34.88889265859781,-9.937482311020823e-06,0.045451690544589765,24.354418708991915,0.7141982862130387,-0.10994454573519663,-0.11916122719678703,-0.3122268935174699,-0.7275280898876404,False,False,False,False,0.0008559999987483025,0.0007639999967068434,False,False
2024-05-06,0.0007469999836757779,260,0.0013395951654460174,-0.11852649781828999,-0.1524280356514835,-0.22234004076980074,-0.28567204519821815,-0.4698363169222159,-0.9414077539169944,35.102525772651276,-9.264646775889537e-06,0.04281798485715168,25.348283588752,0.7104461202949723,-0.1005418583066009,-0.11499184679669759,-0.31318240632130345,-0.10652920962199308,False,True,False,False,0.0008559999987483025,0.0007639999967068434,False,False
2024-05-07,0.0007529999711550772,188,0.008000026213446934,-0.12234696126992406,-0.1478703798393555,-0.19267071883536893,-0.3485410389330835,-0.5582869291972056,-0.9265960784630504,36.44981862143851,-7.721842969840083e-06,0.04029647223004984,26.19312249021028,0.7104893307988351,-0.08638682906251037,-0.1074392275943038,-0.30958605149721874,-0.27692307692307694,False,False,False,False,0.0008559999987483025,0.0007639999967068434,False,False
2024-05-08,0.0007570000016130507,3,0.005298066075072571,-0.007894761420421292,-0.12056791892204936,-0.16410285664373114,-0.45737470113205436,-0.5932027300253732,-0.907000660484474,37.38312288924363,-5.8246691732809255e-06,0.03759786574432322,26.36901250777565,0.7089493761375998,-0.07428920126450739,-0.10186745059705071,-0.30785407023189626,-0.9840425531914894,True,False,False,False,0.0008559999987483025,0.0007639999967068434,False,False
2024-05-09,0.0007489999989047647,152,-0.01062427351333918,-0.026351956984691862,-0.14051627263147687,-0.16910600247215815,-0.4425954113861938,-0.48376041882176607,-0.8673136111581701,36.236900160550185,-4.557374600454501e-06,0.03604812138463874,26.324947751057465,0.7091775438306869,-0.07622101203459547,-0.11047243723055346,-0.317042034596879,49.666666666666664,False,False,False,True,0.0008559999987483025,0.0007430000114254653,False,False
2024-05-10,0.000742000003810972,97,-0.009389733751494751,-0.021334149512451276,-0.17284283276245374,-0.16943564853833376,-0.45112713771377927,-0.46730461070499,-0.7596211345931067,35.21932442252988,-3.6771044695543982e-06,0.0344628947501006,26.510215301223607,0.709198502978267,-0.07734393302421794,-0.11757010335917017,-0.3252398440347941,-0.36184210526315785,False,True,False,False,0.0008559999987483025,0.0007430000114254653,False,True
2024-05-11,0.0007399999885819852,136,-0.0026990775349955997,-0.027983152748099063,-0.05903352406900167,-0.184571319834611,-0.39368426324975003,-0.4640739350295475,-0.8240569354674339,34.91762074900856,-2.7580910767884616e-06,0.032763425173547446,26.410966378560058,0.7062999084422517,-0.07221665673897398,-0.11864892716345657,-0.32882254585214915,0.402061855670103,False,True,False,False,0.0008559999987483025,0.0007430000114254653,False,False
2024-05-12,0.0007350000087171793,15,-0.006779659695521151,-0.014855057041384904,-0.14418867954289022,-0.19918537317562404,-0.4691529010797225,-0.5717863261103261,-0.8385130322290136,34.130463676893584,-2.0481348458381544e-06,0.031116046780729018,26.094424606372524,0.7044946238428056,-0.07062020128810602,-0.1226185272774764,-0.3350462207413633,-0.8897058823529411,False,True,False,False,0.0008559999987483025,0.0007430000114254653,False,False
2024-05-13,0.0007329999934881926,81,-0.0027248180700685056,-0.01891947027689947,-0.1374459680951895,-0.16558382441580324,-0.4633306930143645,-0.6121946007647633,-0.8488558083049558,33.80220851440377,-1.3103098243749087e-06,0.02916720409316543,25.220616515537074,0.6963759955939823,-0.06487210630981628,-0.12412772129039103,-0.33857898688268745,4.4,False,True,False,False,0.0008559999987483025,0.0007430000114254653,False,False
2024-05-14,0.0006949999951757491,852,-0.05323385437945208,-0.08015335086979865,-0.2025003121397226,-0.21534341606300902,-0.3302866868710424,-0.640717338202365,-0.9055861963103607,28.244045957762737,-2.8881435484728353e-06,0.03277844899326121,25.92092870693637,0.7158929029430441,-0.10426601316845001,-0.1679636122804392,-0.37440929225654856,9.518518518518519,False,False,False,False,0.0008559999987483025,0.0007430000114254653,False,False
2024-05-15,0.0006939999875612557,196,-0.0014398960398822463,-0.08689131298475347,-0.09478607440517477,-0.2808141937004342,-0.2937873215449711,-0.629184894599729,-0.9288911404258897,28.113037794704752,-3.4668390304831627e-06,0.03109852588444606,25.650223608501744,0.6688031141440676,-0.0957654817495471,-0.16754631558262523,-0.37683515834324594,-0.7699530516431925,False,True,False,False,0.0008559999987483025,0.0007430000114254653,False,False
2024-05-16,0.000691999972332269,14,-0.0028860269481432188,-0.07915306641955752,-0.10550502340424937,-0.2628088305111846,-0.2516355749676781,-0.6259075268536274,-0.9116557445126819,27.83495339549573,-3.444874367798159e-06,0.0292703271760958,23.37141471990458,0.6678440685744348,-0.08707126668863757,-0.1682892559956266,-0.3801366260830832,-0.9285714285714286,False,False,False,False,0.0008559999987483025,0.0007430000114254653,False,False
2024-05-17,0.0006810000049881637,1020,-0.01602360216112292,-0.08578693482918574,-0.10712108434163713,-0.25522258336751946,-0.12800957903549817,-0.6009159712089209,-0.8566934687418187,26.294406248892116,-3.614083339998866e-06,0.030660356471230502,24.89110991899136,0.6662433285695284,-0.09537724309617936,-0.17924118267303818,-0.3914209055858749,71.85714285714286,False,False,False,False,0.0008559999987483025,0.0007430000114254653,False,False
2024-05-18,0.0006680000224150717,492,-0.019274106382133695,-0.10236196367632384,-0.1303451164244229,-0.28242873713874045,-0.1753109882245874,-0.5176882494577825,-0.648763390627414,24.564105830265575,-4.013645101497696e-06,0.031162971098760744,24.108204961083597,0.6645503393486948,-0.10184870193510673,-0.19257358332873148,-0.404395681012803,-0.5176470588235293,False,True,False,False,0.0008559999987483025,0.0007430000114254653,False,False
2024-05-19,0.0006600000197067857,384,-0.01204834221290482,-0.10763064619370749,-0.1224857032350925,-0.2967318889028504,-0.18105813787600372,-0.5465436320999214,-0.6265863633393133,23.537620498070865,-4.208406897700678e-06,0.030586495305447926,23.132673498525012,0.6632607423375251,-0.10167411952375602,-0.19945657637254682,-0.4128401001903421,-0.2195121951219512,False,True,False,False,0.0008559999987483025,0.0007430000114254653,False,False
2024-05-20,0.0006600000197067857,76,0.0,-0.10490582812363901,-0.12382529840053848,-0.28084053296607087,-0.19237183752656514,-0.5080945691389788,-1.0631420790374368,23.537620498070865,-3.7444610141344908e-06,0.028726423427992025,20.01688445378386,0.6637673266488807,-0.0898434469971002,-0.19659157704579902,-0.41414049875281245,-0.8020833333333334,False,True,False,False,0.0008559999987483025,0.0007430000114254653,False,False
2024-05-21,0.0006629999843426049,79,0.004535101690644759,-0.047136872053542174,-0.1272902229233408,-0.27401446211533026,-0.19033363508626738,-0.39789502069443694,-1.101624391286631,24.90243309586782,-2.691985609356681e-06,0.02687704060535489,20.881339274452415,0.6651081619672693,-0.0793584818181016,-0.18744027203364677,-0.4127806688564805,0.03947368421052633,False,False,False,False,0.0008559999987483025,0.0007430000114254653,False,False
2024-05-22,0.0006649999995715916,80,0.003012073441749351,-0.042684902571910675,-0.12957621555666415,-0.26870615891962807,-0.22163863113378032,-0.42187118130422724,-1.0139222010237796,25.8526498837484,-1.3834826575900326e-06,0.025419246780246985,21.07573439587192,0.6660520684057142,-0.06986502058977459,-0.17953906122283392,-0.41232353043579484,0.012658227848101333,False,False,False,False,0.0008559999987483025,0.0007430000114254653,False,False
2024-05-23,0.0006970000104047358,614,0.04699838567677761,0.007199510053010183,-0.07195355636654727,-0.22515014364416933,-0.1060776323857244,-0.317017977376396,-1.0410317421358553,39.124736134726895,1.934582384444935e-06,0.025799282163222557,20.515728033405274,0.6930380342996997,-0.020929885499259084,-0.13493520037856505,-0.3854997227901871,6.675,True,False,False,True,0.0008559999987483025,0.0006569999968633056,False,False
2024-05-24,0.000691999972332269,154,-0.007199510053010246,0.01602360216112293,-0.06976333266806284,-0.21034525885494612,-0.11198597687437517,-0.3977282074345042,-0.8970313494188197,37.980764817029744,3.972597573751619e-06,0.024852116421431356,19.725501774640584,0.6910607118638183,-0.023219738152616017,-0.13590733079874115,-0.39132731644220875,-0.749185667752443,True,False,False,False,0.0008559999987483025,0.0006569999968633056,False,False
2024-05-25,0.0006949999951757491,1802,0.004325922988025304,0.03962363153128213,-0.06273833214504179,-0.21534341606300902,-0.10895121945070928,-0.4426545961933324,-0.7470629358323585,39.13076391375186,5.60295703478131e-06,0.02595782324061845,19.23774542099578,0.6897924156901105,-0.015441282842429729,-0.1272791245630935,-0.3901128100091266,10.7012987012987,False,False,False,False,0.0008559999987483025,0.0006569999968633056,False,False
2024-05-26,0.0006980000180192292,689,0.0043072899544627724,0.055979263698649695,-0.051651382495057796,-0.23397295248802819,-0.10464392949624639,-0.44295776909202883,-0.7689932414752811,40.32246316338397,6.8795693734984085e-06,0.025739760324268578,18.55888849446208,0.6825787297290214,-0.007747502158418536,-0.11830834076048515,-0.38890127465944907,-0.6176470588235294,False,False,False,False,0.0008559999987483025,0.0006569999968633056,False,False
2024-05-27,0.0006970000104047358,63,-0.001433702889478021,0.05454556080917166,-0.05036026731446722,-0.11889826914905853,-0.13281376962832045,-0.5736589382054783,-0.9245776573210226,40.04105431591583,7.596585211649681e-06,0.024447901795776064,17.472919106470723,0.558684106937092,-0.00520943403415678,-0.11474075798646936,-0.3911839489671213,-0.9085631349782293,False,False,False,False,0.0008559999987483025,0.0006569999968633056,False,False
2024-05-28,0.0006820000126026571,412,-0.021755749365977455,0.028254709752549515,-0.018882162300992565,-0.21902951429340342,-0.14446841966704874,-0.5558381978599521,-0.941197902082822,35.984320000499935,7.014508827813303e-06,0.025086139264539075,16.043370447485177,0.4759995598095464,-0.0213803821064405,-0.12914675122027716,-0.4056023165383863,5.5396825396825395,False,False,False,False,0.0008559999987483025,0.0006569999968633056,False,False
2024-05-29,0.0006960000027902424,500,0.020319988020957292,0.04556262433175763,0.0028777217598469247,-0.18924199675467687,-0.14424961758218655,-0.680859340338679,-0.7915872847350834,41.90078803533823,7.483424012442761e-06,0.02487825838794088,14.55976128807215,0.4855373216303005,0.0025207082190022594,-0.10691371524054002,-0.394274322104549,0.21359223300970864,False,False,True,False,0.0007120000082068145,0.0006569999968633056,False,False
2024-05-30,0.0007340000011026859,843,0.05315936577342387,0.0517236044284038,0.05892311448141398,-0.14790312064633404,-0.09481460703057432,-0.6247866217952067,-0.7698306320800707,54.258254084502816,1.0101067255340491e-05,0.025992453577072486,14.161422672586543,0.5247882456495119,0.05786553300497479,-0.05463537550001087,-0.36249304932954585,0.6859999999999999,True,False,False,False,0.0007120000082068145,0.0006569999968633056,True,False
2024-05-31,0.0007379999733529985,407,0.005434758376611267,0.06435787285802534,0.0803814750191482,-0.03331422849529266,-0.2429993571450578,-0.3147514452071233,-0.7342943311061694,55.33517280534101,1.1735445824602186e-05,0.024779326786434186,14.05697078370139,0.36677852014068624,0.06378374505237504,-0.045747271725686926,-0.3603079059740028,-0.5172004744958482,True,False,False,False,0.0007120000082068145,0.0006569999968633056,False,False
2024-06-01,0.0007379999733529985,11,0.0,0.06003194986999995,0.09965558140128189,-0.04114715054622409,-0.2376717155815642,-0.30879900130780796,-0.733643919605227,55.335172805341,1.2385839980926392e-05,0.02339651892990605,14.204477732684845,0.3653896049139837,0.0635537901869417,-0.041807354074708536,-0.3615641029924607,-0.972972972972973,False,False,False,True,0.0007120000082068145,0.0006769999745301902,False,False
2024-06-02,0.0007399999885819852,234,0.0027063822750418615,0.058431042190578916,0.11441030588922865,-0.02403322704744692,-0.2360330850430569,-0.33647222538421256,-0.6767980767016087,55.936751425025896,1.2484803498566694e-05,0.02224577642390959,14.540365537170679,0.3625701790573551,0.06589843788957286,-0.03608181381944527,-0.36090372494132883,20.272727272727273,False,False,False,False,0.0007120000082068145,0.0006769999745301902,False,False
2024-06-03,0.0008200000156648457,1862,0.10265418859330334,0.16251893367336026,0.217064494482532,0.07467103584520438,-0.13231114471321903,-0.20343843043946278,-0.5427496164744161,72.11517432101269,1.71822762854174e-05,0.02630700260607936,21.277320815195154,0.5116598499428602,0.17059245764074582,0.06929559281550933,-0.293249657223499,6.957264957264957,False,False,False,False,0.0007120000082068145,0.0006769999745301902,False,False
2024-06-04,0.0008009999874047935,369,-0.023443428017762592,0.16083125502157522,0.1890859647741247,0.071135363229677,-0.1374252049399694,-0.240716061978994,-0.4394221884645249,65.92427385033376,1.8158642175512292e-05,0.026969203744379507,24.458070738162952,0.5137521224150132,0.13480199518065963,0.047743610889942764,-0.3108491874619104,-0.8018259935553169,True,False,False,False,0.0007120000082068145,0.0006769999745301902,False,False
2024-06-05,0.0007670000195503235,792,-0.043374104487410955,0.09713716251320677,0.14269978684496454,0.02642166357682008,-0.1959183771929807,-0.25925038162139813,-0.443414653345396,56.56607716109625,1.5752859318258506e-05,0.029319265599180768,25.372914889568897,0.537984518753012,0.08089066776983425,0.006773104384014699,-0.34116432549779857,1.1463414634146343,False,False,False,False,0.0007120000082068145,0.0006769999745301902,False,False
2024-06-06,0.0007670000195503235,117,0.0,0.04397779673978309,0.0957014011681868,0.01842163736337291,-0.17424908147199603,-0.3301194015697105,-0.5398652918338325,56.566077161096246,1.3487220827506734e-05,0.027597544016152616,25.867475928834565,0.5373754078306214,0.07438018921060954,0.009741997684168845,-0.3422547529889277,-0.8522727272727273,False,True,False,True,0.0007120000082068145,0.0007319999858736992,False,False
2024-06-07,0.0007379999733529985,570,-0.0385430383631717,0.0,0.06435787285802534,-0.02541946707487135,-0.18952232371860256,-0.4827941682069256,-0.6186221971002445,49.60098784301462,9.54673532073853e-06,0.029536887826385985,25.200884438016196,0.5540649484670458,0.028714766530220082,-0.02463526169797164,-0.3680208474943035,3.8717948717948714,False,False,False,False,0.0007120000082068145,0.0007319999858736992,False,False
2024-06-08,0.0007259999983943999,186,-0.01639377588019811,-0.01639377588019811,0.04363817398980176,-0.031188969441730316,-0.20029497191388856,-0.47378438082792396,-0.5149493882634966,47.0209371312529,5.826200803405731e-06,0.02906108492584505,24.006669752165045,0.5557093583598612,0.007353960899684225,-0.036368461880865864,-0.3792776192123395,-0.6736842105263158,False,True,False,False,0.0007120000082068145,0.0007319999858736992,False,True
2024-06-09,0.0007270000060088933,149,0.0013764731856213302,-0.01772368496961864,0.04070735722096032,-0.020422762504614212,-0.18985841104294798,-0.47154990021839344,-0.48772737320960424,47.26710263925763,3.254913299717402e-06,0.02743942783258174,22.62642396746484,0.5549415926308231,0.0040743151972782886,-0.031260815092568485,-0.37940423847864796,-0.19892473118279574,False,True,False,False,0.0007120000082068145,0.0007319999858736992,False,False
2024-06-10,0.0007239999831654131,52,-0.004135116665322768,-0.12451299022824465,0.03800594344511556,-0.02185880163494131,-0.20643012146955234,-0.4155430648846914,-0.4859327366644889,46.568038836027235,1.2760514945227802e-06,0.025979683422469667,21.176743939380792,0.5550299278182749,-0.004263533052042707,-0.031438145460277137,-0.3831000204667547,-0.651006711409396,False,False,False,False,0.0007120000082068145,0.0007319999858736992,False,False
2024-06-11,0.0007120000082068145,393,-0.016713446195123674,-0.11778300840560588,0.04304824661596943,-0.03179258813454387,-0.23097796131016798,-0.5009454892142664,-0.6035789142448701,43.77894221844927,-8.05018452239192e-07,0.02583474661832251,19.732121565857117,0.5574692227452397,-0.02392211981728442,-0.043447872070968646,-0.39431317073617594,6.5576923076923075,False,True,False,False,0.0007120000082068145,0.0007319999858736992,False,False
2024-06-12,0.0007120000082068145,12,0.0,-0.0744089039181949,0.022728258595011853,-0.029067770064475383,-0.1946515944802785,-0.4923984630788398,-0.6412623708292386,43.77894221844927,-2.0734121890009986e-06,0.023989407574156612,19.420554580429634,0.5574478093229643,-0.024924664742665064,-0.039291867736598936,-0.39530853706680424,-0.9694656488549618,False,True,False,False,0.0007120000082068145,0.0007319999858736992,False,False
2024-06-13,0.0007110000005923212,5,-0.001405492302077943,-0.07581439622027278,-0.03183659948048986,0.022760592012898914,-0.1925828240501102,-0.3075260948581436,-0.6179567461894663,43.52698515862507,-2.8250373498567348e-06,0.02240767194037246,18.96279212221223,0.52463580638372,-0.027559323241423357,-0.036924656561987186,-0.3971689815078868,-0.5833333333333333,False,False,False,False,0.0007120000082068145,0.0007319999858736992,False,False
2024-06-14,0.0007149999728426337,73,0.00561007407535375,-0.03166128378174729,-0.03166128378174729,0.029810562128134738,-0.2510036315722993,-0.26397675941683635,-0.5993743324715941,44.89315646138616,-2.887834680198071e-06,0.021390021492882258,18.51206996634292,0.5248402300197071,-0.023424197017306303,-0.02763426048409328,-0.3947704998279555,13.6,False,False,False,False,0.0007120000082068145,0.0007319999858736992,True,False
2024-06-15,0.0007140000234358013,23,-0.0013995095488415726,-0.0166670174503907,-0.033060793330588804,0.0312970795274364,-0.2315117509837482,-0.22033849544024164,-0.5946104473261908,44.60266675824984,-2.828097491406589e-06,0.019990014513082084,18.146546623258313,0.524727525760575,-0.025854390504321645,-0.024536824202541285,-0.3966358434028399,-0.6849315068493151,True,False,False,False,0.0007120000082068145,0.0007319999858736992,False,False
2024-06-16,0.0007200000109151006,89,0.008368232007127798,-0.00967525862888428,-0.027398943598502857,0.055688913695687264,-0.19953366967183223,-0.07232066533981084,-0.5452270575132337,46.82601165143911,-2.241524136866047e-06,0.0190027088666828,17.64022271258127,0.521630725612188,-0.01920717621406766,-0.014589531254404677,-0.3925947065725581,2.869565217391304,False,False,False,False,0.0007120000082068145,0.0007319999858736992,False,False
2024-06-17,0.0007169999880716205,33,-0.0041754032068551964,-0.009715545170416668,-0.13422853539866134,0.07078761687096596,-0.21164112026777454,-0.10452337135362154,-0.44690063258681667,45.83545699231118,-1.924739970871262e-06,0.018117691888039904,16.523029406678056,0.5165667523589375,-0.02561664702561852,-0.015136959759475689,-0.3960783078150236,-0.6292134831460674,True,False,False,False,0.0007120000082068145,0.0007319999858736992,False,False
2024-06-18,0.0007050000131130219,236,-0.016878002550808104,-0.009880101526101148,-0.12766310993170688,0.06595795653306243,-0.23077393236978794,-0.11510018134294116,-0.48058567556685894,42.007568469332185,-2.3636298377434076e-06,0.018325732003368518,16.22429122547394,0.5185331592981193,-0.04250982643622554,-0.0279883974515853,-0.4070921741707403,6.151515151515151,False,False,False,False,0.0007120000082068145,0.0007319999858736992,False,False
2024-06-19,0.0006689999718219042,778,-0.05241380340379666,-0.06229390492989776,-0.13670280884809263,0.013544153129265922,-0.26729637983680493,-0.17882768439729932,-0.4945504160097128,33.08166124393475,-4.779395190822161e-06,0.021776146360934154,18.159656477782534,0.5524507016696251,-0.08737470191501781,-0.07297068590849369,-0.4381668841723658,2.2966101694915255,False,True,False,False,0.0007120000082068145,0.0007319999858736992,False,False
2024-06-20,0.0006619999767281115,152,-0.010518497225405408,-0.07140690985322522,-0.14722130607349806,-0.0015094457867841666,-0.27552390790211434,-0.19184308087305152,-0.3994044664812211,31.672419541867967,-6.445980981211715e-06,0.021189807824954512,20.110816547274805,0.5535444375203984,-0.09221806033786606,-0.08009563126282979,-0.4447357013670304,-0.8046272493573265,False,True,True,False,0.0007210000185295939,0.0007319999858736992,False,False
2024-06-21,0.0006559999892488122,119,-0.00910474822801437,-0.0861217321565934,-0.11778301593834063,-0.01362626745654789,-0.28233242637617584,-0.23526489859032823,-0.4354974487607751,30.474116686660864,-7.477120510391935e-06,0.02050952420483812,22.00867277879136,0.5543136876344124,-0.09535959278670016,-0.08556135912917158,-0.4496274993790756,-0.2171052631578947,False,True,False,False,0.0007210000185295939,0.0007319999858736992,False,False
2024-06-22,0.0006419999990612268,293,-0.021572470327385473,-0.10629469293513728,-0.122961710385528,-0.08219712346071106,-0.30734726710488025,-0.18827475584643533,-0.3992151008371071,27.82844270282318,-8.549420208957815e-06,0.021017491101040425,24.224181067562494,0.5315667739962479,-0.1086428315083383,-0.10217324122522717,-0.46038176677975884,1.46218487394958,False,True,False,False,0.0007210000185295939,0.0007319999858736992,False,False
2024-06-23,0.0006840000278316438,968,0.0633696560843898,-0.051293268857875454,-0.060968527486759724,-0.011627957323311117,-0.22197321617825716,-0.12361393419768624,-0.40935616475781533,43.637386725707486,-5.998030340528867e-06,0.022808265430550652,21.16093993826412,0.5789916196815664,-0.04127825508436008,-0.041372309013091066,-0.4250820313272258,2.303754266211604,False,False,False,False,0.0007210000185295939,0.0007319999858736992,False,False
2024-06-24,0.0006689999718219042,372,-0.02217394030358446,-0.06929180595460471,-0.07900735112502141,-0.038127820614920996,-0.2534712366779299,-0.14707904006563016,-0.4807824168082533,40.24664691724458,-4.933071650570868e-06,0.023255516724816603,18.738834877184075,0.5836360350768092,-0.05354746604803579,-0.060366900617295084,-0.4375528305133843,-0.615702479338843,True,False,False,False,0.0007210000185295939,0.0007319999858736992,False,False
2024-06-25,0.0006699999794363976,0,0.0014936636845644788,-0.050920139719232135,-0.06080024124533329,-0.04094144688481942,-0.2749143993728477,-0.1455853763810657,-0.4838992159768481,40.57814198231195,-3.823275971027594e-06,0.021668788303796364,17.65462849291235,0.5833800281655351,-0.04558406956143866,-0.05692249619771101,-0.4368328308140833,-1.0,False,False,False,False,0.0007210000185295939,0.0007319999858736992,False,False
2024-07-05,0.0006150000263005495,383,-0.08565537112142917,-0.08565537112142917,-0.08416170743686482,-0.28768204879013093,-0.2130110129449266,-0.4199931935033498,-0.49112047922959357,26.145449058424944,-1.990280886533623e-06,0.021062323692511115,15.274426687077817,0.4677750595298196,-0.09077463765676776,-0.11949140981392331,-0.4571070178778846,inf,False,False,False,False,0.0006849999772384763,0.0007319999858736992,False,False
2024-07-06,0.0006140000186860561,66,-0.0016273519911798903,-0.08728272311260916,-0.07527056220263925,-0.2658659727635483,-0.19473060953387122,-0.40329117770351763,-0.5065820347425423,25.96462221840804,-3.7961192871796e-06,0.020055054924011113,16.445206331877472,0.4658282958019954,-0.08542485226809235,-0.1189047703401049,-0.45705036849878367,-0.8276762402088773,False,True,False,False,0.0006849999772384763,0.0007319999858736992,False,False
2024-07-07,0.0005869999877177179,549,-0.04497015967618158,-0.13225288278879074,-0.11113597365080649,-0.26746202795231894,-0.24104036437549878,-0.4633804051452996,-0.526712409573717,21.61736629565462,-6.30143777115075e-06,0.02276460065197869,18.890473534267215,0.4673473698822494,-0.11729323939410338,-0.15510393461487068,-0.48005244707423195,7.318181818181818,False,False,False,False,0.0006849999772384763,0.0007319999858736992,False,False
2024-07-08,0.000582000007852912,465,-0.008554337679863019,-0.1408072204686538,-0.09811784100328415,-0.2760163656321819,-0.25759472826880886,-0.450265447104178,-0.6061357672018924,20.918876240980325,-7.695489768769933e-06,0.022670180264133703,20.448909302409174,0.4662446756990782,-0.11563589714526622,-0.1599064487155217,-0.4837519264531662,-0.15300546448087426,False,True,False,False,0.0006849999772384763,0.0007319999858736992,False,False
2024-07-09,0.0005910000181756914,431,0.015345586935814974,-0.12546163353283865,-0.1461419101518587,-0.22212774033319505,-0.24754720740806646,-0.41165006405179766,-0.7049219085401208,25.580160718225002,-7.408956707213486e-06,0.022422355653225236,20.75544168443499,0.46142454621639484,-0.09328010853808874,-0.14501472585451333,-0.4752473754143429,-0.07311827956989247,False,False,False,False,0.0006849999772384763,0.0007319999858736992,False,False
2024-07-10,0.0005890000029467046,0,-0.00338985950574779,-0.12885149303858653,-0.12735782935402212,-0.2091238239587449,-0.24031279340047512,-0.4094187958726334,-0.6829082047866689,25.22434296128604,-6.769195447104074e-06,0.021134001714637474,21.142580860819184,0.4604643190620151,-0.08823527781928975,-0.14615406054634658,-0.47649097463571444,-1.0,True,False,False,False,0.0006849999772384763,0.0007319999858736992,False,False
2024-07-11,0.0005920000257901847,11,0.005080489794025213,-0.12377100324456136,-0.12377100324456136,-0.20541980735034104,-0.22584256985495527,-0.3952782183932891,-0.6769697075687345,26.86761708195185,-5.6070558232434606e-06,0.019886953137259664,22.202317657581837,0.46148954896273975,-0.07809696960390757,-0.1401097685935769,-0.47217080696865765,inf,False,False,False,True,0.0006849999772384763,0.0005760000203736126,False,False
2024-07-12,0.0005890000029467046,8,-0.0050804897940251266,-0.04319612191715736,-0.12885149303858653,-0.20636518047904354,-0.2282239821139848,-0.4127953019485958,-0.6219082453637349,26.246454751601433,-4.548550124690859e-06,0.01892432938087258,23.260871212649175,0.4614313970421383,-0.07752543943730324,-0.14262423135604838,-0.4720637429037975,-0.2727272727272727,False,False,False,False,0.0006849999772384763,0.0005760000203736126,False,False
2024-07-13,0.0005910000181756914,14,0.0033898595057478584,-0.038178910420229584,-0.12546163353283865,-0.18626187477817194,-0.21805446291271585,-0.41723983608833987,-0.6872073639924384,27.45066636878093,-3.2810309660190094e-06,0.017875708132597513,24.10577297235465,0.4613666826136968,-0.06965758231160024,-0.13785555001362385,-0.4656322724930973,0.75,False,False,False,False,0.0006849999772384763,0.0005760000203736126,False,False
2024-07-14,0.0005489999894052744,888,-0.07371762594892328,-0.0669263766929713,-0.19917925948176204,-0.2599795007270953,-0.2890472707915707,-0.4546310952073739,-0.7523779638059351,20.047953228525714,-4.749453551242063e-06,0.023333216502450384,27.01353808096959,0.5171606705560956,-0.1294005830707392,-0.19565154880366314,-0.49271178352540845,62.42857142857143,False,False,False,False,0.0006849999772384763,0.0005760000203736126,False,True
2024-07-15,0.0005530000198632479,43,0.007259615230102764,-0.05111242378300553,-0.19191964425165922,-0.25131439319491455,-0.22855380118201585,-0.44389721724502473,-0.5588404880530583,22.199827932385745,-4.909292998379336e-06,0.022026503138335582,28.15363301465808,0.5195693916105053,-0.11385301950388983,-0.18647754855773924,-0.4816175588589116,-0.9515765765765766,False,True,False,False,0.0006849999772384763,0.0005760000203736126,False,False
2024-07-16,0.0005510000046342611,4,-0.0036232198778563423,-0.07008123059667691,-0.1955428641295156,-0.26054768714812476,-0.23073712501998994,-0.5115513187204241,-0.5245244465649611,21.88269388736927,-4.6122784648413e-06,0.020786693107282907,29.371328499685706,0.517434668703181,-0.10863058075426184,-0.18597091624735376,-0.4800366092346034,-0.9069767441860466,False,False,False,False,0.0006849999772384763,0.0005760000203736126,False,False
2024-07-17,0.0005510000046342611,1,0.0,-0.06669137109092904,-0.1955428641295156,-0.2591481775992832,-0.22785109807184678,-0.4906599285830314,-0.47948667303952486,21.88269388736927,-3.906338084486553e-06,0.019301929313905557,30.05453563302109,0.5177056349012427,-0.0999673221316452,-0.1824197904320369,-0.4761710043465792,-0.75,False,False,False,False,0.0006849999772384763,0.0005760000203736126,False,False
2024-07-18,0.0005510000046342611,0,0.0,-0.07177186088495424,-0.1955428641295156,-0.2675164096064111,-0.21182749591072375,-0.4670500792782433,-0.33983707494622195,21.88269388736927,-2.972194132141228e-06,0.017923220077198015,30.24049288683846,0.5150618671055502,-0.09113401360270543,-0.178862021193345,-0.46634898892289084,-1.0,False,False,False,False,0.0006849999772384763,0.0005760000203736126,False,False
2024-07-19,0.0004290000069886446,3529,-0.25027788234498805,-0.31696925343591703,-0.36016537535307447,-0.513618888744544,-0.4428312718735781,-0.7252600090123185,-0.6181422600981654,10.478394956945365,-9.722966575355304e-06,0.04335398565332198,38.80636004564948,0.986308678978534,-0.2780208588161238,-0.35581715334987507,-0.5807414646056033,inf,False,False,False,False,0.0006849999772384763,0.0005760000203736126,False,False
2024-07-20,0.0004290000069886446,0,0.0,-0.32035911294166486,-0.3585380233618945,-0.49674088619373574,-0.43078292966067333,-0.7275148185635237,-0.6118410675366769,10.478394956945365,-1.3128693644055985e-05,0.04025727239237041,44.821505362742535,0.9881162756741919,-0.26307651868175946,-0.35061002011254355,-0.5766266246654583,-1.0,False,True,False,False,0.0006849999772384763,0.0005760000203736126,False,False
2024-07-21,0.00043200000072829425,139,0.0069686547114128595,-0.2396728322813287,-0.30659920897429993,-0.43735842807852626,-0.4238142749492603,-0.7046548079153312,-0.6161861124758256,11.789441983013248,-1.4037901695262538e-05,0.03778353385559133,48.87522038295288,0.9826899811629383,-0.2424375317544032,-0.34003482800777474,-0.5697103998934766,inf,False,False,False,False,0.0006849999772384763,0.0005760000203736126,False,False
2024-07-22,0.00042799999937415123,197,-0.009302395810443323,-0.25623484332187485,-0.30734726710488025,-0.4361423266635642,-0.43765177245034825,-0.7116662345656786,-0.6279854075366157,11.54662999090354,-1.3749405919556851e-05,0.03641393763168938,51.79190572999152,0.9827623728761646,-0.23318105283662313,-0.33989327156092664,-0.5658480673571226,0.4172661870503598,False,False,False,True,0.0006849999772384763,0.0004189999890513718,False,False
2024-07-23,0.0004299999854993075,135,0.004661980845533503,-0.24794964259848484,-0.31803087319516177,-0.42237559759001625,-0.43600186504656413,-0.7047080239661921,-0.6576404961803444,12.516811545514543,-1.231109315262713e-05,0.03432012091429975,53.190702657515146,0.9848911708212209,-0.21267054629986143,-0.33044753111836744,-0.559204943366591,-0.31472081218274117,False,False,False,False,0.0006849999772384763,0.0004189999890513718,False,False
2024-07-24,0.0004290000069886446,26,-0.0023282397465032175,-0.25027788234498805,-0.31696925343591703,-0.403131367009134,-0.48532849046984505,-0.7104786341140144,-0.5914061228555695,12.44332237421635,-1.0390887366217392e-05,0.032109464670383586,53.21305443195025,0.9853357306987202,-0.19677962659965828,-0.3254716858268806,-0.5562382582698991,-0.8074074074074074,False,False,False,False,0.0006849999772384763,0.0004189999890513718,False,False
2024-07-25,0.00043399998685345054,175,0.011587568590251982,-0.23869031375473596,-0.3104621746396902,-0.4549134545032716,-0.46654141182658276,-0.6768866706815287,-0.5785273887009579,15.1265874170697,-7.862714470636103e-06,0.030295337857910578,54.62049028805696,0.9504699553055637,-0.1734120888170075,-0.30922520516834,-0.5479096160758812,5.730769230769231,False,False,False,False,0.0006849999772384763,0.0004189999890513718,False,False
2024-07-26,0.0004349999944679439,13,0.0023015145624979984,0.013889083152750038,-0.3030801702831671,-0.43043799963718915,-0.4685658202521102,-0.6839092363151192,-0.5775170397028194,15.683142872302952,-5.323358737708718e-06,0.028230919674490356,55.18664490989269,0.9520307501826774,-0.15714010594594982,-0.2994717926598718,-0.543259140323208,-0.9257142857142857,True,False,False,False,0.0006849999772384763,0.0004189999890513718,False,False
2024-07-27,0.0004349999944679439,1,0.0,0.013889083152750038,-0.3064700297889149,-0.43193166332175364,-0.472873110206573,-0.7068460626946013,-0.5775170397028194,15.683142872302952,-2.9617961809756078e-06,0.026214425412026756,56.12050352475261,0.9517321384687119,-0.14454279058890998,-0.2918999934924759,-0.5396825451430215,-0.9230769230769231,True,False,False,False,0.0006849999772384763,0.0004189999890513718,False,False
2024-07-28,0.0004349999944679439,0,0.0,0.006920428441337091,-0.2327524038399916,-0.43193166332175364,-0.4714394073170951,-0.5903376764661536,-0.6042531769454155,15.683142872302952,-8.287174215695456e-07,0.02434196645402485,56.64058296025092,0.9517321384687119,-0.1319964251913091,-0.28416272318734265,-0.5360816549991468,-1.0,False,False,False,False,0.0006849999772384763,0.0004189999890513718,False,False
2024-07-29,0.000446999998530373,314,0.027212572954498915,0.043435397206279314,-0.21279944611559545,-0.4047190903672547,-0.4224710849966186,-0.641500599290022,-0.5669395046636674,23.228328233236823,1.817033646527682e-06,0.024073798453044328,55.67592282167156,0.9615957059748311,-0.09505011369363153,-0.2573023624539529,-0.519626018701097,inf,False,False,False,False,0.0006849999772384763,0.0004189999890513718,False,False
2024-07-30,0.000446999998530373,0,0.0,0.038773416360745806,-0.2091762262377391,-0.4047190903672547,-0.4427910730175761,-0.6320330697722529,-0.5870406905997626,23.228328233236823,3.87546953041818e-06,0.02235424142068402,54.095455550826834,0.9615957059748311,-0.08185273387728349,-0.25035218329236764,-0.5161526026028066,-1.0,True,False,False,False,0.0006849999772384763,0.0004189999890513718,False,False
2024-07-31,0.0004309999931138009,438,-0.0364505171993251,0.00465113890792382,-0.24562674343706425,-0.4411696075665798,-0.532400955990325,-0.6803040766366589,-0.6272155630208992,20.404778215452353,4.427965078853953e-06,0.024345461028612337,51.99359079644922,0.9635627247638403,-0.09983293106618263,-0.26993699628037204,-0.5305368943907295,inf,False,False,False,False,0.0006849999772384763,0.0004189999890513718,False,False
2024-08-01,0.0004400000034365803,575,0.020666660596229045,0.013730230913900862,-0.22496008284083516,-0.4205029469703508,-0.5171690537707071,-0.5504832822659999,-0.7601684109157649,25.863806868297843,5.5929540421248726e-06,0.024579157886918532,48.645817044130254,0.9702061421406544,-0.06651107905672861,-0.2474515889924913,-0.5174565532309449,0.31278538812785395,False,True,False,False,0.0006849999772384763,0.0004189999890513718,False,False
2024-08-02,0.00042299999040551484,435,-0.03940257835843691,-0.027973862007033966,-0.01408477885428404,-0.45990552532878765,-0.5565716321291441,-0.5977187826753682,-0.7942433477107083,22.69721636902058,5.408763142090123e-06,0.026611415200413085,44.19589608251802,0.9727727568432964,-0.08629443539067028,-0.2693038657228068,-0.5328289902064566,-0.24347826086956526,False,False,False,False,0.0006849999772384763,0.0004189999890513718,False,False
2024-08-03,0.00041199999395757914,349,-0.02634882168082351,-0.05432268368785743,-0.04043360053510744,-0.486254347009611,-0.5856268360850095,-0.6096600631324564,-0.8216599211280664,20.91301420322219,4.759167408955188e-06,0.027450793212980808,42.324622837272045,0.9718877098937637,-0.09668933463267486,-0.28085181381955765,-0.5416849814089002,-0.19770114942528738,False,True,True,False,0.00044800000614486635,0.0004189999890513718,False,True
2024-08-04,0.00041199999395757914,44,0.0,-0.05432268368785743,-0.047402255246520385,-0.4005989758881819,-0.6882810246783126,-0.6136099888331085,-0.8205921693915317,20.91301420322219,4.543064794664243e-06,0.02601013214846966,38.900704177011995,0.940261958730632,-0.08250752550816585,-0.27326607637884415,-0.5383288011993012,-0.8739255014326648,False,True,False,False,0.00044800000614486635,0.0004189999890513718,False,False
2024-08-05,0.00041000000783242285,226,-0.004866155881632588,-0.08640141252398889,-0.042966015317709674,-0.40383777977863455,-0.6697037525421826,-0.5985683893125058,-0.8071289574821521,20.572015975384616,4.472006719431388e-06,0.024792727659424953,34.030039401800245,0.9398213545817605,-0.07239816874220552,-0.268927624987309,-0.5370762318469862,4.136363636363637,False,False,False,False,0.00044800000614486635,0.0004189999890513718,False,False
2024-08-06,0.00040600000647827983,94,-0.009804003243736892,-0.09620541576772586,-0.05743199940698015,-0.3686716233461898,-0.6361336512985086,-0.6097119877216887,-0.8320520284914894,19.874041531176672,4.357755825600836e-06,0.02395236455505436,26.541839031693154,0.9329619367615808,-0.06612994137688541,-0.26802003344280206,-0.5381613967889582,-0.584070796460177,False,False,False,False,0.00044800000614486635,0.0004189999890513718,False,False
2024-08-07,0.00040600000647827983,266,0.0,-0.05975489856840077,-0.05510375966047694,-0.3601172856663268,-0.6361336512985086,-0.6177120139351356,-0.8103827327705048,19.874041531176672,4.46776026518144e-06,0.023121145146099826,11.276696366942893,0.9338696380099161,-0.050292379124183814,-0.2596374624592269,-0.5349929196896007,1.8297872340425534,False,False,False,False,0.00044800000614486635,0.0004189999890513718,False,False
2024-08-08,0.0004079999926034361,30,0.004913980717241767,-0.07550757844738812,-0.061777347533487285,-0.37054889188490014,-0.5926766322180953,-0.6180960992929667,-0.7821989559366977,21.420045668758704,4.8300085014958325e-06,0.021714529832293435,11.977023655693648,0.9307280962511316,-0.04326416989468434,-0.24751015414237848,-0.5303624233656312,-0.887218045112782,False,False,False,False,0.00044800000614486635,0.0004189999890513718,False,False
2024-08-09,0.0004079999926034361,138,0.0,-0.03610500008895125,-0.06407886209598516,-0.3671590323791524,-0.5762828563378972,-0.6074718257796274,-0.7765778282517858,21.420045668758704,5.192725603133656e-06,0.020863772348939557,12.567585094941002,0.931213892961632,-0.040902690541732546,-0.23917503681749083,-0.5281164062280854,3.5999999999999996,False,False,False,False,0.00044800000614486635,0.0004189999890513718,False,False
2024-08-10,0.0004030000127386302,130,-0.01233056271914187,-0.022086741127269605,-0.07640942481512705,-0.38457008489231925,-0.5899898922426604,-0.6104126547472747,-0.7798483032856084,20.285223402031278,5.205800044506076e-06,0.020500074927582098,13.324765887649376,0.9291162363573998,-0.049416169400426764,-0.2409688208361975,-0.5297988368063709,-0.05797101449275366,False,False,False,False,0.00044800000614486635,0.0004189999890513718,False,False
2024-08-11,0.0004030000127386302,0,0.0,-0.022086741127269605,-0.07640942481512705,-0.37948959509829416,-0.5858547755773377,-0.6077135772122789,-0.79228489704689,20.285223402031278,5.3062618190876705e-06,0.01903578386132623,14.00424267694943,0.9298175538854943,-0.04660512336824254,-0.23349053992654073,-0.5253909776511833,-1.0,False,True,False,False,0.00044800000614486635,0.0004189999890513718,False,False
2024-08-12,0.00040499999886378646,46,0.0049504707448870255,-0.01227011450075013,-0.09867152702473897,-0.37792898385915497,-0.5641908586373269,-0.5959834467718709,-0.7951688199474949,22.197407141935912,5.571770307065223e-06,0.017941527550689177,14.407872572349614,0.9301722514570898,-0.03903191399198983,-0.22226062964566282,-0.5189909509026216,inf,False,False,False,False,0.00044800000614486635,0.0004189999890513718,False,False
2024-08-13,0.00040499999886378646,50,0.0,-0.0024661112570131716,-0.09867152702473897,-0.30421135791023163,-0.5641908586373269,-0.5932586287018023,-0.7588424531176055,22.197407141935912,5.786474850083037e-06,0.017012721108491304,14.73583955662792,0.9043894302858784,-0.036287923278078185,-0.21511627959444443,-0.514467083967775,0.08695652173913038,False,False,False,False,0.00044800000614486635,0.0004189999890513718,False,False
2024-08-14,0.0004030000127386302,52,-0.004950470744886951,-0.007416582001900086,-0.06717148057030084,-0.31642144388522137,-0.5677358370801361,-0.5449752450672373,-0.7603186611302462,21.596585931370825,5.817258308866574e-06,0.016407651045446878,14.88335304233567,0.9024334368512573,-0.037496983831445826,-0.21039222961779303,-0.5130880093301381,0.040000000000000036,False,False,False,False,0.00044800000614486635,0.0004189999890513718,False,False
2024-08-15,0.0004020000051241368,19,-0.002484492190556667,-0.014815054909698476,-0.09032263335708662,-0.3152827161979217,-0.5758304033460466,-0.5460198412179118,-0.8268340349183458,21.286340763548637,5.7817074594410095e-06,0.015451260314550701,14.878613466921797,0.9025521382571764,-0.03608678877379183,-0.20402343237769924,-0.5111510991589754,-0.6346153846153846,False,False,False,False,0.00044800000614486635,0.0004189999890513718,False,False
2024-08-16,0.0004020000051241368,0,0.0,-0.014815054909698476,-0.05092005499864978,-0.3152827161979217,-0.5744308937972049,-0.5431338142697685,-0.8059426447809531,21.286340763548637,5.757083653948588e-06,0.014347598863511364,14.702859776955185,0.9025521382571764,-0.03225805434581227,-0.19548509985400866,-0.5078475001065182,-1.0,False,True,False,False,0.00044800000614486635,0.0004189999890513718,False,False
2024-08-17,0.0004039999912492931,35,0.004962754935354208,0.0024782627447976612,-0.019608478382471956,-0.3103199612625675,-0.5778363708689787,-0.5221474571732914,-0.7773700405408107,23.824553252971512,5.855112412463778e-06,0.01361042086439634,14.2715981039539,0.9034450171842499,-0.023800917000970707,-0.18278179618115153,-0.5012684433956559,inf,False,False,True,False,0.00040600000647827983,0.0004189999890513718,False,False
2024-08-18,0.0004020000051241368,42,-0.004962754935354244,-0.002484492190556667,-0.024571233317826263,-0.06500483385293372,-0.5786237225974777,-0.5078361057265118,-0.7902648428652522,23.024973662835563,5.756264722511846e-06,0.013056487921110553,12.48473002895246,0.25838634508479996,-0.02332360531674795,-0.17791410083369502,-0.49957986488202216,0.19999999999999996,False,False,False,False,0.00040600000647827983,0.0004189999890513718,False,False
2024-08-19,0.0004090000002179295,145,0.017263055210006706,0.00982809227456308,-0.0024420222261869657,-0.04774177864292702,-0.5444826648366627,-0.4785247083036004,-0.7752565972064508,31.66889514669137,6.100438532157611e-06,0.013138875619834359,9.719695483282223,0.26707850923057874,-0.0017085695937280833,-0.15457439451306082,-0.4872694903105394,2.4523809523809526,False,False,False,False,0.00040600000647827983,0.0004189999890513718,True,False
2024-08-20,0.0004090000002179295,0,0.0,0.00982809227456308,0.007361981017549846,-0.05471043335433999,-0.4920688614328662,-0.4785247083036004,-0.7593652412696712,31.668895146691384,6.2436200081490265e-06,0.012200384504131905,8.491529720883385,0.2653680168778008,0.0009789492871204889,-0.14535272680838932,-0.4834619414059857,-1.0,True,False,False,False,0.00040600000647827983,0.0004189999890513718,False,False
2024-08-21,0.00039900001138448715,311,-0.024753711153224372,-0.00997514813377435,-0.01739173013567449,-0.070161748697121,-0.5063040753606851,-0.5078135211474694,-0.7818279832627996,26.70112326443656,5.600911175200809e-06,0.013582069231332124,5.0502789733325555,0.27610453741235497,-0.01857087815687696,-0.1566977856412756,-0.4924406591976741,inf,False,False,False,False,0.00040600000647827983,0.0004189999890513718,False,False
2024-08-22,0.00039900001138448715,4,0.0,-0.00749065594321766,-0.02230571085291615,-0.07482372954265462,-0.4971993271326708,-0.5108255945892186,-0.7795317535088467,26.701123264436546,5.1247236969205535e-06,0.012611921429094116,3.722148169265464,0.27509378528782713,-0.015665453442252432,-0.1469254914540658,-0.48874009542865654,-0.9871382636655949,False,True,False,False,0.00040600000647827983,0.0004189999890513718,False,False
2024-08-23,0.0004020000051241368,148,0.0074906559432176435,0.0,-0.014815054909698476,-0.06500483385293372,-0.46813620086206775,-0.5503333243227787,-0.775483467966948,30.494600456212936,4.957643422167166e-06,0.012156721959276171,3.4689890772485015,0.27729152280162866,-0.007039640344089532,-0.1305476200646207,-0.48139403755772586,36.0,False,False,False,False,0.00040600000647827983,0.0004189999890513718,False,False
2024-08-24,0.00040499999886378646,0,0.007434962935443558,0.002472208000089313,0.0049504707448870255,-0.06915743950774215,-0.5240708940110137,-0.5356988513343248,-0.746044110189271,34.163946181067416,4.981764706085142e-06,0.011733866612924618,3.071883502787945,0.27506840958657214,0.0012360817587531102,-0.11602934222557411,-0.474111347321219,-1.0,True,False,False,True,0.00040600000647827983,0.0003980000037699938,False,False
2024-08-25,0.0004020000051241368,81,-0.007434962935443658,0.0,-0.002484492190556667,-0.07889391700568373,-0.5093319166428729,-0.5474597372577938,-0.7628031533208028,32.32610430894607,4.730203311890405e-06,0.011865461204897431,2.850019911944624,0.2751126011849562,-0.005196729792521479,-0.11438138204482888,-0.47514100038661145,inf,False,False,False,False,0.00040600000647827983,0.0003980000037699938,False,False
2024-08-26,0.00039999998989515007,20,-0.0049875795197731505,-0.022250634729779825,-0.012422542455216805,-0.08388149652545691,-0.5158131598472104,-0.5567546067320299,-0.7907275592200581,31.124023976396757,4.37207182213361e-06,0.011430163909497354,2.94856137547661,0.27506259507678754,-0.009410631256564413,-0.11146655162880692,-0.4750277384442873,-0.7530864197530864,False,False,False,False,0.00040600000647827983,0.0003980000037699938,False,False
2024-08-27,0.00039999998989515007,0,0.0,-0.022250634729779825,-0.012422542455216805,-0.08388149652545691,-0.5158131598472104,-0.5553209038425518,-0.6742191729916105,31.124023976396757,4.08358956901347e-06,0.010613723630247542,3.014998178756129,0.27506259507678754,-0.008674131552703052,-0.10422361245960542,-0.4718530828847206,-1.0,False,False,False,False,0.00040600000647827983,0.0003980000037699938,False,False
2024-08-28,0.00039599998854100704,302,-0.010050339528227637,-0.007547263104783132,-0.017522411238557467,-0.12114440900818342,-0.525863499375438,-0.543615494004802,-0.7626450082982055,28.6526361187873,3.5893067561482562e-06,0.011398154043990135,3.2460233042204316,0.25378166990528556,-0.017125870486878754,-0.10536782199825935,-0.4737506715163683,inf,False,False,False,False,0.00040600000647827983,0.0003980000037699938,False,True
2024-08-29,0.00038899999344721437,237,-0.017834855544390318,-0.02538211864917347,-0.03287277459239108,-0.1389792645525737,-0.5436983549198284,-0.5817703375701497,-0.7710123343248266,24.92299026307056,2.7923099131967185e-06,0.01205980380474852,4.239323800424599,0.25780268254848154,-0.032217958270327855,-0.113167991162542,-0.48020017838324597,-0.2152317880794702,False,True,False,False,0.00040600000647827983,0.0003980000037699938,False,False
2024-08-30,0.000375000003259629,653,-0.03665329211048407,-0.06952606670287512,-0.06952606670287512,-0.13918203946373267,-0.5803516470303125,-0.6715829954540576,-0.8194861161003917,19.465595352256756,1.3942700994754722e-06,0.01504503193684486,7.232121324912064,0.2581184465600794,-0.06378728751156673,-0.13654155517681488,-0.49618443218426556,1.7552742616033754,False,True,False,False,0.00040600000647827983,0.0003980000037699938,False,False
2024-08-31,0.0003769999893847853,2,0.005319124628187452,-0.07164190501013144,-0.069169697010042,-0.1545295754317744,-0.5750325224021251,-0.6716986292024815,-0.7050128576977742,22.09018459197557,7.106990388281415e-07,0.014275202648027972,8.85898217634346,0.24436519218622868,-0.05572951983953819,-0.12337815900251022,-0.4907607661736612,-0.996937212863706,False,True,False,False,0.00040600000647827983,0.0003980000037699938,False,False
2024-09-01,0.0003769999893847853,0,0.0,-0.0642069420746878,-0.0642069420746878,-0.11512699707333754,-0.5750325224021251,-0.6716986292024815,-0.7128457797487057,22.09018459197557,3.8152280655013223e-07,0.013255545316025975,10.02017969992903,0.21126085670392186,-0.052406711945355434,-0.1145662326911739,-0.48755939667543224,-1.0,False,False,False,False,0.00040600000647827983,0.0003980000037699938,False,False
2024-09-03,0.0003769999893847853,19,0.0,-0.05921936255491469,-0.08146999728469445,-0.08877817539251405,-0.48937715128069587,-0.7770592000708267,-0.7023881642256226,22.09018459197557,3.5378456286962884e-07,0.011808460627864736,11.613723095181614,0.19531280535104584,-0.04593194680347124,-0.09985198893362317,-0.48079493474177964,inf,False,False,False,False,0.00040600000647827983,0.000371000001905486,False,False
2024-09-04,0.0003769999893847853,64,0.0,-0.049169023026687055,-0.05671628613147008,-0.08391201951088147,-0.48774979928951595,-0.7536157720530643,-0.6824804088233872,22.09018459197557,5.088680374942593e-07,0.011533400618627706,12.193874722542853,0.19545232803956109,-0.04290431079046094,-0.09230993817892043,-0.4774666278371141,2.3684210526315788,False,False,False,False,0.00040600000647827983,0.000371000001905486,False,False
2024-09-05,0.0003800000122282654,35,0.007926125609134554,-0.023408041873162113,-0.04879016052233559,-0.06618189065801004,-0.43485351400419986,-0.7023155419565188,-0.6758938783796986,27.242236478339535,9.038803263778884e-07,0.011188950332385398,12.445311419217928,0.1972283664238829,-0.03258652111135603,-0.07749074336109142,-0.4699510922168275,-0.453125,False,False,False,False,0.00040600000647827983,0.000371000001905486,False,False
2024-09-06,0.00037900000461377203,142,-0.00263506764410951,0.010610182593212544,-0.05891588410966269,-0.06881695830211952,-0.42893424396844626,-0.7049506096006282,-0.6865289722372553,26.61054466968426,1.1712354258079542e-06,0.010982549839977136,12.555373438430331,0.19707150572432633,-0.032052084670108213,-0.07216998290000337,-0.4681448145220509,3.057142857142857,False,False,False,False,0.00040600000647827983,0.000371000001905486,False,False
2024-09-07,0.00037900000461377203,0,0.0,0.00529105796502508,-0.06635084704510633,-0.07373093901936124,-0.44427983090426143,-0.6664075712374564,-0.6918270383123278,26.61054466968426,1.4057109432286442e-06,0.010198081994264484,12.637814221267462,0.19554891482801925,-0.02920080359373867,-0.06989298755502837,-0.46536133213546044,-1.0,False,False,False,False,0.00040600000647827983,0.000371000001905486,False,False
2024-09-09,0.000375000003259629,189,-0.010610182593212496,-0.005319124628187336,-0.06453848718310205,-0.07201055889343182,-0.45658064378575125,-0.6620004511360922,-0.6824232136407065,23.847908662282606,1.5104995267440917e-06,0.009648943817139783,11.580391201100884,0.19454519371763052,-0.03150825268918326,-0.0748507325463006,-0.46541216198021257,inf,False,False,True,False,0.0003819999983534217,0.000371000001905486,False,False
2024-09-10,0.00037299998803064227,22,-0.005347647108370701,-0.010666771736558025,-0.06988613429147267,-0.07735820600180257,-0.45684780110009665,-0.6632129815791401,-0.6850717832140815,22.5853417101348,1.363022191937048e-06,0.009773765704591141,11.685329378455664,0.19460896061205957,-0.033428374045493384,-0.07728085036635302,-0.46592594792418845,-0.8835978835978836,False,True,False,False,0.0003819999983534217,0.000371000001905486,False,False
2024-09-11,0.0003659999929368496,190,-0.01894507345124316,-0.029611845187801265,-0.07878086821448833,-0.10125375019793263,-0.4791827340570878,-0.6654446088352598,-0.6972371969698036,18.828167826003167,8.673023976626223e-07,0.010615336558202402,12.121489115924934,0.2007261162206969,-0.047495130239869655,-0.0917212780348285,-0.4735062994258604,7.636363636363637,False,True,False,False,0.0003819999983534217,0.000371000001905486,False,True
2024-09-12,0.0003650000144261867,34,-0.002735920996851086,-0.04027389179378692,-0.06368193366694899,-0.10398967119478379,-0.40820102910501543,-0.6681805298321108,-0.6972482998965861,18.358332702393568,5.602277107266375e-07,0.010275490101578674,12.15101109469829,0.20037365214801206,-0.04550204692058846,-0.0913164330869317,-0.472699540106081,-0.8210526315789474,False,True,False,False,0.0003819999983534217,0.000371000001905486,False,False
2024-09-13,0.0003659999929368496,3,0.0027359209968509986,-0.034902903152826376,-0.02429272055961386,-0.0963032794530457,-0.4127247233382672,-0.6640391165331817,-0.6412785245202829,20.49490246412934,5.138451974750402e-07,0.009710613179146921,11.471560403072584,0.20144789441309355,-0.03798134820441544,-0.0857314309513322,-0.4687066876359127,-0.9117647058823529,False,False,False,False,0.0003819999983534217,0.000371000001905486,False,False
2024-09-14,0.0003659999929368496,0,0.0,-0.034902903152826376,-0.029611845187801265,-0.09381878726248903,-0.40910150346041085,-0.6696491906085354,-0.6398386284804006,20.49490246412934,5.683034866666144e-07,0.009016997952064999,10.72256101654981,0.20174671234555389,-0.03340816933960743,-0.08256882340247372,-0.4659312372759182,-1.0,False,False,False,False,0.0003819999983534217,0.000371000001905486,False,False
2024-09-15,0.000371000001905486,188,0.013568753640374949,-0.021334149512451276,-0.01604309154742626,-0.08025003362211394,-0.3955327498200358,-0.6546809274193189,-0.6233838478918826,30.970722373244925,1.000905656554783e-06,0.00922273472286854,9.547540864505178,0.2097853827527392,-0.016436889917121306,-0.06704219073389331,-0.4557922880299169,inf,False,False,False,False,0.0003819999983534217,0.000371000001905486,False,False
2024-09-16,0.000371000001905486,12,0.0,-0.01072396691923883,-0.01604309154742626,-0.08521278855746825,-0.3955327498200358,-0.6630491594264468,-0.6073602457307595,30.970722373244925,1.3264732065130253e-06,0.008949024967901264,7.886742486610306,0.2082196337112822,-0.012641371809038937,-0.06402946088289964,-0.4523136391437301,-0.9361702127659575,True,False,False,False,0.0003819999983534217,0.000371000001905486,False,False
2024-09-17,0.0004039999912492931,906,0.08521278855746832,0.0798364687466001,0.06916969701004208,0.004962754935354208,-0.06004207891757947,-0.5736609676621234,-0.5028733507911576,65.63260099958177,3.6708456665346768e-06,0.013465547849246272,9.155636775072486,0.3707730850888896,0.07403959583317327,0.02144010877674388,-0.40012176971460306,74.5,False,False,False,False,0.0003819999983534217,0.000371000001905486,True,False
2024-09-18,0.0004039999912492931,12,0.0,0.09878154219784335,0.06916969701004208,-0.012300300274652459,-0.06004207891757947,-0.5567829651113153,-0.4908250085782527,65.63260099958177,5.0433212294482205e-06,0.012503723002871538,10.827752013461854,0.3656072809633794,0.07190234567531625,0.023665919965784623,-0.395765886559721,-0.9867549668874173,True,False,False,False,0.0003819999983534217,0.000371000001905486,False,False
2024-09-19,0.00040600000647827983,1,0.004938319257102628,0.10645578245179695,0.06618189065801001,-0.0073619810175498505,-0.06207241437188982,-0.4994308424504162,-0.4858866893211502,66.80423070934465,5.850824759382683e-06,0.011905271980628976,12.676595747161452,0.3660824503614909,0.07279695902690507,0.030038580606541392,-0.38836076642108486,-0.9166666666666666,False,False,False,False,0.0003819999983534217,0.000371000001905486,False,False
2024-09-20,0.0004039999912492931,15,-0.0049383192571025615,0.09878154219784335,0.06387863904501685,0.012453410878571818,-0.05770833781854913,-0.49385066448211334,-0.49536011026889754,64.43845528956845,5.993276282843346e-06,0.011463232522938436,13.914813064414092,0.3557651230046994,0.06371772983944676,0.026840158478464562,-0.38857822990314,14.0,False,False,False,False,0.0003819999983534217,0.000371000001905486,False,False
2024-09-21,0.0004039999912492931,0,0.0,0.09878154219784335,0.06387863904501685,0.012453410878571818,-0.0623703186640827,-0.48474591625409896,-0.49837218371064673,64.43845528956845,5.82539495914481e-06,0.010644430199871404,14.901806245766828,0.3557651230046994,0.05995013429148103,0.02783288031115084,-0.38578488539025935,-1.0,False,False,False,False,0.0003819999983534217,0.000371000001905486,False,False
2024-09-22,0.0004039999912492931,8,0.0,0.08521278855746832,0.06387863904501685,0.004962754935354208,-0.06004207891757947,-0.4631734459267135,-0.5453705693874245,64.43845528956847,5.4585263819240556e-06,0.009884113757023447,15.688015481645026,0.3548483397097401,0.056209133537608265,0.028251443092583928,-0.3828197931863195,inf,False,False,False,False,0.0003819999983534217,0.000371000001905486,False,False
2024-09-23,0.0004070000140927732,79,0.007398363767588545,0.0926111523250568,0.081887185405818,0.0049261557674991924,-0.06423128374024303,-0.5191447382435146,-0.5307726955668257,66.65102683760998,5.1651816697586e-06,0.009812454149813219,16.51296238171846,0.35483892563235403,0.059895872709243375,0.03615074954937107,-0.3753836490404173,8.875,False,False,False,False,0.0003819999983534217,0.000371000001905486,False,False
2024-09-24,0.00040600000647827983,37,-0.0024600445104860035,0.004938319257102628,0.08477478800370263,0.00990107419245691,-0.0689928428132269,-0.4994308424504162,-0.5375586630653371,65.1949178679244,4.666252813495039e-06,0.009661803231478935,17.081834190971502,0.3539210882236604,0.05331432507260108,0.03381545843286323,-0.37397363824055285,-0.5316455696202531,True,False,False,False,0.0003819999983534217,0.000371000001905486,False,False
2024-09-25,0.00038899999344721437,448,-0.042773848784847954,-0.0378355295277454,0.06094601267009797,-0.02788519507261792,-0.11176669159807487,-0.5436983549198284,-0.5846398018046478,46.56909521654566,3.032904172820336e-06,0.012485312604828427,17.02858655704771,0.3843041688054284,0.008033154987211737,-0.008614113745875118,-0.3973757284688066,11.108108108108109,False,False,False,False,0.0003819999983534217,0.000371000001905486,False,False
2024-09-26,0.00039000000106170774,68,0.0025674150727807493,-0.04020643371206718,0.06624934873972974,-0.025317779999837243,-0.109199276525294,-0.5411309398470477,-0.5806386838423891,47.51891940571453,1.9159526875308287e-06,0.011930080555073254,16.94620891680411,0.3844866244550681,0.009186187875555092,-0.005254293290092056,-0.3926416179812518,-0.8482142857142857,False,True,False,False,0.0003819999983534217,0.000371000001905486,False,False
2024-09-27,0.000387999985832721,4,-0.005141438736352567,-0.040409553191317095,0.05837198900652628,-0.020408879207962128,-0.14155328821614555,-0.5462723785834002,-0.5640243732127641,45.76659706392457,9.854000844922856e-07,0.01150322645240084,16.836035501012137,0.38338690908736267,0.0028430809238367306,-0.009344873934215967,-0.39193056419042316,-0.9411764705882353,False,False,True,False,0.0004090000002179295,0.000371000001905486,False,False
2024-09-28,0.00038899999344721437,53,0.002574023663571704,-0.0378355295277454,0.06094601267009797,0.0,-0.1389792645525737,-0.5436983549198284,-0.5817703375701497,46.822514419654865,4.096683179708408e-07,0.011204975390877845,16.71414535251533,0.3784708896537756,0.004130088248201048,-0.005827043867226103,-0.38662883368176254,12.25,False,False,False,False,0.0004090000002179295,0.000371000001905486,False,False
2024-09-29,0.0003910000086762011,1055,0.005128255401899267,-0.03270727412584602,0.052505514431622234,0.041781547512383284,-0.09740049195134935,-0.5385700995179291,-0.6298014479416743,48.96276625904623,1.4939662110183657e-07,0.014005035562062089,16.433455077020138,0.3548657703499027,0.0072128056464970365,-0.00010226679974150951,-0.37968998944036497,18.90566037735849,False,False,False,False,0.0004090000002179295,0.000371000001905486,False,False
2024-09-30,0.0003760000108741224,458,-0.03911840986470583,-0.07922404775814036,0.013387104566916408,-0.0026559869805097983,-0.15718556241228418,-0.577688509382635,-0.6743546161829914,36.95102128433229,-9.847485647893524e-07,0.016562993965930455,16.293117359937952,0.38152730724614176,-0.031801178967060695,-0.03713185200872855,-0.4000558282727435,-0.5658767772511848,False,False,False,False,0.0004090000002179295,0.000371000001905486,False,False
2024-10-01,0.0003760000108741224,103,0.0,-0.0767640032476544,-0.07182568399055189,-0.0026559869805097983,-0.11778298405384735,-0.577688509382635,-0.6743546161829914,36.95102128433228,-1.6476577009543075e-06,0.016139801623086796,15.689473540997719,0.38152730724614176,-0.03304613275227463,-0.0356996010455393,-0.39620700633864214,-0.7751091703056768,False,True,False,False,0.0004090000002179295,0.000371000001905486,False,False
2024-10-02,0.0003760000108741224,15,0.0,-0.03399015446280655,-0.07182568399055189,-0.0026559869805097983,-0.09143416237302386,-0.577688509382635,-0.6770609984580334,36.95102128433229,-1.9766990729997997e-06,0.015366895212949063,14.961505628168942,0.38152730724614176,-0.03441188636312963,-0.03426308283410626,-0.3923575862682692,-0.854368932038835,False,False,True,False,0.0004090000002179295,0.000371000001905486,False,False
2024-10-03,0.0003760000108741224,75,0.0,-0.03655756953558734,-0.0767640032476544,-0.0026559869805097983,-0.09143416237302386,-0.4920331382612057,-0.7797151870513366,36.95102128433228,-2.0747244091183336e-06,0.014839167449426907,14.270393656036436,0.38152730724614176,-0.03565013956253338,-0.03292178146588516,-0.3894418735089418,4.0,False,False,False,False,0.0004090000002179295,0.000371000001905486,False,False
2024-10-04,0.0003769999893847853,20,0.002655986980509731,-0.02876014381872493,-0.069169697010042,0.0,-0.08391201951088147,-0.48774979928951595,-0.7536157720530643,38.30810449099835,-1.954269710323415e-06,0.013932139668752706,13.472606702032582,0.3816475234888647,-0.03444745994018368,-0.02910123568298599,-0.385052051114373,-0.7333333333333334,False,False,False,True,0.0004090000002179295,0.00037399999564513564,False,False
2024-10-05,0.000375000003259629,43,-0.005319124628187336,-0.03665329211048407,-0.07448882163822935,-0.013245250237321924,-0.07942714089533193,-0.4480987642415218,-0.7155607921938406,36.610804191729436,-1.8901869512747613e-06,0.013386933353942608,13.189589094737997,0.3809811319995385,-0.04006142819175005,-0.032906942201182565,-0.38573428751782696,1.15,False,False,False,False,0.0004090000002179295,0.00037399999564513564,False,False
2024-10-06,0.00037399999564513564,77,-0.0026702488922452972,-0.0444517964046286,-0.07715907053047469,-0.013280431485457803,-0.08209738978757722,-0.4422146754539041,-0.7182310410860859,35.757706652597676,-1.7966719452483529e-06,0.013036916577965926,12.965484818397288,0.3809837012366491,-0.04298875188710841,-0.03399112410446743,-0.3853587254760407,0.7906976744186047,False,True,False,False,0.0004090000002179295,0.00037399999564513564,False,False
2024-10-07,0.00038899999344721437,412,0.03932354100272934,0.03399015446280659,-0.04523389329533391,0.026043109517271578,-0.04768782950208964,-0.41823672138698986,-0.6403644617201849,53.326218655111596,-6.644336426076443e-07,0.014760461429554398,12.616162656128052,0.40546342697452004,-0.00269197933613855,0.005427744789516529,-0.3585621340780751,4.35064935064935,False,False,False,False,0.0004090000002179295,0.00037399999564513564,False,False
2024-10-08,0.0003859999997075647,13,-0.007741958066012335,0.026248196396794137,-0.05051580685086028,0.01830115145125929,-0.055429787568102046,-0.4225888199472544,-0.6317126439059991,50.35993330949021,-8.770053408108652e-08,0.014367810138849295,12.232541886873365,0.40656981510761325,-0.008094566874649123,-0.0011385966178405532,-0.36137651464365494,-0.9684466019417476,True,False,False,False,0.0004090000002179295,0.00037399999564513564,False,False
2024-10-09,0.00038499999209307134,37,-0.0025940549569195438,0.023654141439874647,-0.010336013022931934,0.026317279087552204,-0.045693279805879665,-0.430263364698199,-0.6356831720485401,49.37402102800328,2.3845370757584796e-07,0.01374724654342477,11.623656704766761,0.40474281766189696,-0.007987651636927866,-0.002487321822908614,-0.36083673531491556,1.8461538461538463,False,False,False,False,0.0004090000002179295,0.00037399999564513564,False,False
2024-10-10,0.00038499999209307134,116,0.0,0.023654141439874647,-0.012903428095712688,0.031664926195922774,-0.045693279805879665,-0.4251828749041737,-0.6315480553832175,49.37402102800328,4.5372709122936054e-07,0.013136360708701854,11.037630362611672,0.40413701932100454,-0.005553422811555961,-0.0017631361355732018,-0.3586166235016211,2.135135135135135,False,False,False,False,0.0004090000002179295,0.00037399999564513564,False,False
2024-10-11,0.0003870000073220581,4,0.005181398199521271,0.02617955265888609,-0.0025805911598387452,0.05579139784668751,-0.045462352351245204,-0.4233913362104003,-0.6096532109885722,51.57309194016099,7.148196784052247e-07,0.01250415244443821,10.313664556478912,0.3978215769740201,0.0018120807257683703,0.004047345825262622,-0.35289690222714243,-0.9655172413793104,False,False,False,False,0.0004090000002179295,0.00037399999564513564,False,False
2024-10-12,0.00039500001003034413,259,0.02046107834456939,0.05195975563164302,0.015306463521158855,0.07898839718810789,-0.025001274006675806,-0.3292126319169075,-0.5891921326440028,59.206200979475874,1.3722199150524734e-06,0.012822494221679559,9.67651934615088,0.4026479810323395,0.023713900530190582,0.025175218316534777,-0.3374150626871489,63.75,False,False,False,False,0.0004090000002179295,0.00037399999564513564,False,False
2024-10-13,0.00039599998854100704,921,0.0025283920232314627,0.05715839654711977,0.01270660014249097,0.07878086821448839,-0.017522411238557467,-0.3339438551237789,-0.5852582483186936,60.053771271617016,1.793703344208565e-06,0.01494291050230372,8.661572455943997,0.4026479637199696,0.02777053811917442,0.028250909703659143,-0.3336250311670211,2.555984555984556,True,False,False,False,0.0004090000002179295,0.00037399999564513564,False,False
2024-10-14,0.00039599998854100704,170,0.0,0.01783485554439026,0.05182501000719687,0.07878086821448839,-0.015037919048000734,-0.3303206352459224,-0.5908683223940472,60.053771271617016,1.9773193259038106e-06,0.01459706073877165,7.61465240221067,0.4026479637199696,0.02910600119548062,0.028571404381231756,-0.3314932700399442,-0.8154180238870793,True,False,False,False,0.0004090000002179295,0.00037399999564513564,False,False
2024-10-15,0.00039599998854100704,55,0.0,0.025576813610402704,0.05182501000719687,0.06521211457411324,-0.015037919048000734,-0.3303206352459224,-0.5894688128452057,60.053771271617016,1.9977124359030674e-06,0.013915161411656933,7.972396688952929,0.4007840098234371,0.02817081529686759,0.0287851779982402,-0.3293478259562328,-0.6764705882352942,False,False,False,False,0.0004090000002179295,0.00037399999564513564,False,False
2024-10-16,0.00039400000241585076,55,-0.005063266888094494,0.023107601679227714,0.046761743119102264,0.06014884768601884,-0.02506394087144947,-0.3353839021340171,-0.6029003117404281,57.09073106837638,1.7825439386392153e-06,0.013711974214048076,8.148763648633386,0.40151810454080983,0.022447134583630894,0.02390853514350247,-0.33045576063195486,0.0,False,False,True,False,0.00041199999395757914,0.00037399999564513564,False,False
2024-10-17,0.0003969999961555004,194,0.007585355573777602,0.03069295725300533,0.05434709869287994,-0.017478585297671854,-0.012515830362317685,-0.07752066421525135,-0.5911395529597954,60.25827077491153,1.7460337336048302e-06,0.013535937756778412,8.540917539270474,0.268215282367117,0.029030576791337408,0.03165115617738826,-0.323108930230732,2.5272727272727273,False,False,False,False,0.00041199999395757914,0.00037399999564513564,False,False
2024-10-18,0.00039599998854100704,25,-0.002522088685683072,0.02298947036780077,0.04916902302668696,-0.020000673983354977,-0.03230097425800742,-0.08004275290093447,-0.5767836390946703,58.7026759378773,1.5641667044775958e-06,0.01296157853437721,8.815673884418652,0.2682905891505741,0.025508194126385803,0.028678279305751626,-0.3224573082481212,-0.8711340206185567,False,False,False,False,0.00041199999395757914,0.00037399999564513564,False,False
2024-10-19,0.0003929999948013574,187,-0.007604583676466339,-0.005076191653234967,0.04688356397840809,-0.03254357691692385,-0.03990555793447381,-0.09461599128881373,-0.5319744193673399,54.18360220280075,1.1695271097333704e-06,0.013218142840655573,8.883688488330131,0.26855959451489875,0.01747571811846404,0.019931477262040902,-0.3252002583732725,6.48,False,False,False,False,0.00041199999395757914,0.00037399999564513564,False,False
2024-10-20,0.00039000000106170774,35,-0.007662856795143243,-0.015267440471609623,0.041890956075510175,-0.0352681144549646,-0.02281470357639272,-0.09297645227351367,-0.5291187789370779,50.03545582970371,6.595478637634474e-07,0.012917854290702559,8.558561555929764,0.269218977496083,0.007882162722912778,0.01146325749778439,-0.32716858429623774,-0.8128342245989305,False,True,False,False,0.00041199999395757914,0.00037399999564513564,False,False
2024-10-21,0.000391999987186864,54,0.0051150652578710945,-0.010152375213738655,0.007682480330651719,-0.030153049197093627,-0.017699638318521713,-0.0925233678611762,-0.5148989654511925,52.638621740768436,4.2159370479298943e-07,0.012480597195813537,8.20018444660712,0.27008990028115903,0.010960645244723661,0.01585982430671838,-0.3205297301840055,0.5428571428571429,False,False,False,False,0.00041199999395757914,0.00037399999564513564,False,False
2024-10-22,0.0003870000073220581,1024,-0.012837095154062271,-0.022989470367800923,0.002587343242601787,-0.04299014435115589,-0.03802738941580165,-0.1030322232687353,-0.5061635902778694,46.163282091506815,-8.106882304941129e-08,0.014322838511288622,7.709483410385308,0.27318258057208544,-0.0033478999142722977,0.0023829484950532525,-0.32598357963271274,17.962962962962962,False,False,False,False,0.00041199999395757914,0.00037399999564513564,False,False
2024-10-23,0.00038400001358240843,401,-0.007782123991246838,-0.02570832747095321,-0.0026007257917254668,-0.058170632109991266,-0.05324447634249204,-0.12240191585023427,-0.5773153703535059,42.76410198188346,-5.954758135059507e-07,0.013961717447621792,7.218917067102583,0.27213557295586377,-0.012091544732947103,-0.005747981661937204,-0.3279781341216583,-0.6083984375,False,True,False,False,0.00041199999395757914,0.00037399999564513564,False,False
2024-10-24,0.00038400001358240843,76,0.0,-0.03329368304473079,-0.0026007257917254668,-0.05571058759950532,-0.045809513407048384,-0.12470343041273216,-0.5551414300499213,42.76410198188346,-8.974681393806215e-07,0.01352248644569667,6.769185540180274,0.2722115648191515,-0.012980297222860596,-0.006108256441687614,-0.32481733253156425,-0.8104738154613467,False,False,False,False,0.00041199999395757914,0.00037399999564513564,False,False
2024-10-25,0.00038499999209307134,32,0.002600725791725431,-0.02817086856732226,-0.005181398199521396,-0.010336013022931934,-0.03822120809554983,-0.12210270462100675,-0.5540343679427604,44.34825089022918,-9.846303280630897e-07,0.012895035672949718,5.991550594021135,0.22894062254670566,-0.011680158053486796,-0.003777899513246748,-0.3197819893526526,-0.5789473684210527,False,False,False,False,0.00041199999395757914,0.00037399999564513564,False,False
2024-10-26,0.00038499999209307134,3,0.0,-0.020566284890855883,-0.02564247654409081,-0.012903428095712688,-0.03822120809554983,-0.12210270462100675,-0.5540343679427604,44.34825089022918,-9.941440834759392e-07,0.012345016643663134,4.884285426298162,0.22870464176953698,-0.01307358471609757,-0.004087140557623339,-0.3165943445006484,-0.90625,False,False,False,False,0.00041199999395757914,0.00037399999564513564,False,False
2024-10-27,0.00038300000596791506,37,-0.00520830898763741,-0.018111737083350142,-0.0333791775549597,-0.012970298346997597,-0.0333791775549597,-0.15452358656314305,-0.5592426769303978,41.67286436122019,-1.079859165150328e-06,0.01189608208948486,5.136986291117998,0.22872209791922177,-0.017444823368736307,-0.009465662221963456,-0.31705924137299696,11.333333333333334,False,False,False,False,0.00041199999395757914,0.00037399999564513564,False,False
2024-10-28,0.00036299999919719994,607,-0.05363217270938921,-0.07685897505061022,-0.0870113502643489,-0.06917649471995854,-0.06917649471995854,-0.20815575927253227,-0.6128748496397869,25.261217540613018,-2.355100484440485e-06,0.015983980071231044,7.900602274700737,0.2941027266426291,-0.06599768169062216,-0.06041310679475317,-0.34968379934794175,15.405405405405407,False,False,False,False,0.00041199999395757914,0.00037399999564513564,False,True
2024-10-29,0.00036100001307204366,16,-0.0055248375097528045,-0.06954671740630086,-0.09253618777410173,-0.07982958763161066,-0.03804804011922731,-0.17723007958296008,-0.6183996871495397,24.23344844987217,-3.1549765306607226e-06,0.015320218660615044,10.065016737014572,0.2930590732471967,-0.06826683725890634,-0.06491215353346982,-0.3502519548754463,-0.9736408566721582,False,True,False,False,0.00041199999395757914,0.00037399999564513564,False,False
2024-10-30,0.00036299999919719994,123,0.005524837509752954,-0.056239755905301184,-0.08194808337625437,-0.03518634025715203,-0.03784232723766177,-0.19237190266943618,-0.6128748496397869,27.41383430176434,-3.3525122949511384e-06,0.014737855703074213,11.502305678159809,0.2629866220709669,-0.060437427973480985,-0.059244285679803096,-0.3435389218328728,6.6875,False,False,False,False,0.00041199999395757914,0.00037399999564513564,False,False
2024-10-31,0.00018099999579135329,9022,-0.6959058240396467,-0.7521455799449479,-0.7854392629896786,-0.7310921642967987,-0.7337481512773084,-0.8488751483506459,-1.3087806736794338,5.360873081159966,-1.489696610930139e-05,0.11110811405584986,49.04223302946156,2.4373651890900994,-0.5186810362247631,-0.5263763969750114,-0.6705407022789378,72.34959349593495,False,False,False,False,0.00041199999395757914,0.00037399999564513564,False,False
2024-11-01,0.00018000000272877514,19,-0.005540141963561502,-0.7602864477002348,-0.788457316267557,-0.7366323062603602,-0.7392882932408701,-0.8280664686333841,-1.3143208156429953,5.33547618807286,-2.1363317975652968e-05,0.10453864403881725,68.50484369178217,2.436744534287189,-0.50725430205934,-0.5243883021134332,-0.6703055109775249,-0.997894036798936,False,True,False,False,0.00041199999395757914,0.00037399999564513564,False,False
2024-11-02,0.00017800000205170363,96,-0.01117330423156223,-0.7714597519317969,-0.7920260368226529,-0.7478056104919223,-0.7504615974724322,-0.8392397728649462,-1.2398387487531282,5.281583842902762,-2.4322963896943404e-05,0.09896485898622148,83.72055369183184,2.4356388680274765,-0.4977426567284695,-0.5249532895171061,-0.6719135869774543,4.052631578947368,False,False,False,False,0.00041199999395757914,0.00037399999564513564,False,False
2024-11-03,0.00017800000205170363,14,0.0,-0.7662514429441596,-0.7843631800275097,-0.7504615974724322,-0.7504615974724322,-0.8343736169833137,-1.2382113967619481,5.281583842902762,-2.474645261268077e-05,0.09189594048720566,96.39677870488299,2.4352778896340257,-0.48180494288738657,-0.5201380214207817,-0.6696576827002073,-0.8541666666666666,False,True,False,True,0.00041199999395757914,0.00015199999324977398,False,False
2024-11-04,0.00017499999376013875,32,-0.016997623551346562,-0.7296168937861169,-0.8064758688367272,-0.7621400963955913,-0.7753853466329134,-0.8415672372909234,-1.2102388606371133,5.190379671307696,-2.3693178496650737e-05,0.08842743584385632,107.69946431871074,2.434429615034874,-0.4736050723708721,-0.5231867633412569,-0.6730255521559869,1.2857142857142856,False,False,False,False,0.00041199999395757914,0.00015199999324977398,False,False
2024-11-05,0.0001740000006975606,97,-0.005730635043665349,-0.7298226913200295,-0.7993694087263302,-0.7652004825470116,-0.7784809140324692,-0.8472978723345888,-1.2074151580009156,5.158403603281187,-2.1587874570989652e-05,0.08340410888105856,117.76977591475377,2.4340932818103287,-0.4587027510584736,-0.5207667702178306,-0.6727385554114287,2.03125,False,False,False,False,0.00041199999395757914,0.00015199999324977398,False,False
2024-11-06,0.00017499999376013875,213,0.005730635043665434,-0.7296168937861169,-0.7858566496914181,-0.7987933885060754,-0.7727502789888038,-0.846481218008165,-1.2170301098930651,5.783486540463713,-1.8756704677388552e-05,0.0778204500084089,126.42092762211053,2.4256377730265632,-0.4361205290758473,-0.5118549676031015,-0.6686422012847244,1.195876288659794,False,False,False,False,0.00041199999395757914,0.00015199999324977398,False,False
2024-11-07,0.0001829999964684248,318,0.04470019527603218,0.010989125529562011,-0.7411564544153859,-0.7463512351640309,-0.7280500837127717,-0.8017810227321329,-1.1689400551112852,10.845903606977032,-1.5129516075211046e-05,0.07222541910059903,133.14415629586307,2.437644037189335,-0.38938940183189624,-0.48316765479711227,-0.651166121192656,0.49295774647887325,False,False,False,False,0.00041199999395757914,0.00015199999324977398,False,False
2024-11-08,0.00018099999579135329,511,-0.010989125529561907,0.005540141963561406,-0.7547463057366733,-0.7547463057366733,-0.7284290266491211,-0.8004395855425529,-1.1850096704348723,10.691241569435974,-1.1797235214814432e-05,0.07017532552898197,139.10963095481515,2.4368538546619782,-0.37391907451429995,-0.48223583665080416,-0.652684506364192,0.6069182389937107,True,False,False,True,0.00041199999395757914,0.00017299999308306724,False,False
2024-11-09,0.00018400000408291817,293,0.01643877178512442,0.033152217980248054,-0.7383075339515489,-0.7383075339515489,-0.706642607755626,-0.7840008137574287,-1.1634904088557227,12.702178223512377,-8.47850330585314e-06,0.06604135959778316,143.7999144630013,2.4396629077694527,-0.340028681000183,-0.4669447697111015,-0.644581795135818,-0.42661448140900193,False,False,False,False,0.00041199999395757914,0.00017299999308306724,False,False
2024-11-10,0.00018400000408291817,207,0.0,0.033152217980248054,-0.7330992249639116,-0.7434889321510703,-0.6876975343043829,-0.7889512845023157,-1.1668802683614705,12.702178223512377,-5.5143663243192555e-06,0.07995766024479398,147.12823976038882,2.438933387059436,-0.31445602405140965,-0.4600621977331,-0.6422112807767775,-0.2935153583617748,False,False,False,False,0.00041199999395757914,0.00017299999308306724,False,False
2024-11-11,0.0002119999990100041,1071,0.1416504902034624,0.191800331735057,-0.5378165620510599,-0.6222995202921774,-0.5433111231040694,-0.6473007942988531,-0.9515121522090849,29.8096746584539,-1.1284049127798532e-06,0.07387423298534816,147.16288127004108,2.5030200151995743,-0.18351627871442017,-0.37080786159364626,-0.5850987843069139,4.173913043478261,False,False,False,False,0.00041199999395757914,0.00017299999308306724,False,False
2024-11-12,0.000195999993593432,873,-0.07847164345827516,0.11905932332044734,-0.6107633679995821,-0.703299555773684,-0.6245186875591955,-0.7208219670122413,-1.0372434108974629,26.601644803247964,1.1134037946602328e-06,0.08148593266625714,147.074556801467,2.5094789364952512,-0.21678324223887704,-0.41091610383231697,-0.6139262437695723,-0.18487394957983194,True,False,False,False,0.00041199999395757914,0.00017299999308306724,False,False
2024-11-13,0.0001990000018849969,1131,0.015190207652893174,0.1285188959296751,-0.6010979978564418,-0.6881093481207906,-0.6093284799063025,-0.7031472671687914,-1.0184299833667132,28.162699702903666,3.1037786243448163e-06,0.0781141963284147,144.86308691963376,2.511823245906851,-0.17427384893693593,-0.3943636183284056,-0.6054405534376938,0.29553264604811,False,False,False,True,0.00041199999395757914,0.00013699999544769526,False,False
2024-11-14,0.000195999993593432,873,-0.015190207652893218,0.0686284930007498,0.07961761853031171,-0.703299555773684,-0.6380874411995707,-0.7183374748216846,-1.0336201910196063,27.53209700656717,4.442239652508039e-06,0.07692472486811303,140.26684314748994,2.5106359505313933,-0.15353058059068753,-0.39640307343261943,-0.6087277778781174,-0.22811671087533159,False,False,False,False,0.00041199999395757914,0.00013699999544769526,False,False
2024-11-15,0.00020199999562464654,599,0.030153049197093683,0.10977066772740515,0.11531080969096669,-0.6680832396884958,-0.607934392002477,-0.6931471805599453,-1.0034671418225127,30.86624820764962,5.866164271142331e-06,0.07319808822097863,131.86704429810976,2.5168781026472744,-0.09172663682808656,-0.3706380978572051,-0.5943897347382919,-0.3138602520045819,False,False,True,False,0.00021600000036414713,0.00013699999544769526,False,False
2024-11-16,0.00020199999562464654,220,0.0,0.09333189594228097,0.12648411392252898,-0.6756685952622734,-0.6931471805599453,-0.6881844256245911,-0.7531892594775248,30.86624820764962,6.87273504363607e-06,0.06903047667073389,118.94357693737794,2.515884516163115,-0.05319898535875434,-0.36325811375373623,-0.591737749555726,-0.6327212020033389,False,False,False,False,0.00021600000036414713,0.00013699999544769526,False,False
2024-11-17,0.00020500000391621143,2145,0.014742322500839362,0.10807421844312029,0.14122643642336843,-0.6584041840757509,-0.678404858059106,-0.6907051583337583,-0.7384469369766853,32.66278119464603,7.740739574908494e-06,0.07082718863256754,103.86819077616138,2.5183314154532153,-0.0021902916739645582,-0.34621761654135647,-0.5829942950079037,8.75,False,False,False,False,0.00021600000036414713,0.00013699999544769526,False,False
2024-11-18,0.00020799999765586108,178,0.014528070189540953,-0.01904820157080122,0.1727521301642559,-0.6362715302097437,-0.6688151071266676,-0.6761770881442174,-0.7308875214985574,34.495922656493875,8.458747598867753e-06,0.06653656334611516,80.3358188243567,2.521099666525021,0.05156723539593169,-0.32881575330334817,-0.5741064971835952,-0.917016317016317,False,False,False,False,0.00021600000036414713,0.00013699999544769526,False,False
2024-11-19,0.00019200000679120421,585,-0.08004266103278307,-0.020619219145309068,0.09844010417513818,-0.7086513344473835,-0.7439194489023481,-0.7314660380237762,-0.8016277867208971,29.831480772823383,7.81328772406544e-06,0.07325701516903883,25.203149715650447,2.5288340953488992,0.01453108511713989,-0.3729997805113836,-0.6045558309021745,2.2865168539325844,False,False,False,False,0.00021600000036414713,0.00013699999544769526,False,False
2024-11-20,0.00023200000578071922,2185,0.18924198918456656,0.1534325623863643,0.28195145831603946,-0.5245244105206879,-0.5546774597177814,-0.5422240488392095,-0.617047778381864,48.558557453358645,9.903049121408469e-06,0.07199800059732513,31.189296304709764,2.6345165893562292,0.20959336000506695,-0.23518162335438808,-0.5195145305904,2.735042735042735,False,False,False,True,0.00021600000036414713,0.0001829999964684248,True,False
2024-11-21,0.0001939999929163605,2016,-0.17887927403348106,-0.010256503994223527,0.05837198900652628,-0.6905665894001066,-0.7335567337512624,-0.7285939788159081,-0.7935988126688419,38.14359429096539,8.597295890081878e-06,0.0957827658291913,30.570890196809756,2.6938243300958575,0.007792176454907353,-0.35268604054383074,-0.5958543960522014,-0.07734553775743702,False,False,False,False,0.00021600000036414713,0.0001829999964684248,False,False
2024-11-22,0.0001900000061141327,348,-0.020834018209590358,-0.06124357140090745,0.04852709632649767,-0.7036184836184501,-0.7617891157284413,-0.7568629599609421,-0.8260203994686843,37.23819513929727,7.381956870233252e-06,0.09344515552478587,29.723187468141838,2.693279809781421,-0.016053822161533084,-0.3580647107851528,-0.6018190442410983,-0.8273809523809523,False,False,False,False,0.00021600000036414713,0.0001829999964684248,False,False
2024-11-23,0.00018600000475998968,882,-0.02127740503558818,-0.08252097643649559,0.010810919505785315,-0.7248958886540382,-0.7806064762535435,-0.7707054020610866,-0.8495993190667703,36.310017315104616,6.2701719046047945e-06,0.09286080331539759,29.0032568991296,2.6919699669988817,-0.03875966182311488,-0.36336252277725145,-0.6079009944964086,1.5344827586206895,False,False,True,False,0.00024300000222865492,0.0001829999964684248,False,False
2024-11-24,0.00018699999782256782,828,0.0053619059060208175,-0.09190139303131417,0.016172825411806285,-0.7221347085397428,-0.7324707215626747,-0.7603559166352927,-0.8442374131607495,36.734568999124456,5.58637119170245e-06,0.08844057523020056,27.762644714632174,2.692332688378987,-0.03657909167619654,-0.3515950121730051,-0.6034523012898999,-0.061224489795918324,False,False,False,False,0.00024300000222865492,0.0001829999964684248,False,False
2024-11-25,0.0001880000054370612,183,0.005333386539922739,-0.1010960766809322,-0.12014427825173342,-0.7168013219998199,-0.7297047500955327,-0.7550225300953698,-0.8389040266208266,37.18550026179547,5.1939371389900995e-06,0.08320631873166304,26.18854995785559,2.6929970367832365,-0.03490756831478977,-0.33960936494733274,-0.5989290428021766,-0.7789855072463768,False,False,False,False,0.00024300000222865492,0.0001829999964684248,False,False
2024-11-26,0.00018600000475998968,297,-0.010695292445943706,-0.03174870809409289,-0.05236792723940209,-0.7222883054581263,-0.7352586038051239,-0.755667483013086,-0.8768118920212693,36.623272174079354,4.801406551717818e-06,0.08001392185018305,24.794439632593534,2.692585847954724,-0.047862787365686846,-0.33718193584998846,-0.6007641178249484,0.6229508196721312,False,False,False,False,0.00024300000222865492,0.0001829999964684248,False,False
2024-11-27,0.00018600000475998968,70,0.0,-0.2209906972786596,-0.06755813489229526,-0.6686561327487371,-0.7378326274686956,-0.7378326274686956,-0.8768118920212693,36.623272174079354,4.546084554552806e-06,0.0746826692099249,24.496953090057687,2.6916747380919555,-0.048593329443022096,-0.327597407636321,-0.5983371913035137,-0.7643097643097643,False,True,False,True,0.00024300000222865492,0.00018000000272877514,False,False
2024-11-28,0.00018899999849963933,544,0.01600030781668273,-0.026111115428495642,-0.03636761942271922,-0.6471309874223014,-0.7269605750539121,-0.6851790275415286,-0.8243610670052615,38.247522156627014,4.571237790139776e-06,0.07164878913333428,23.705786803275082,2.6944077904652786,-0.03522206384107923,-0.3069306976130326,-0.5894071410656649,6.771428571428571,False,False,False,False,0.00024300000222865492,0.00018000000272877514,False,False
2024-11-29,0.00018699999782256782,7,-0.010638401910661937,-0.015915499129567252,-0.07715907053047469,-0.6632942268427161,-0.698480567099868,-0.7011365540803779,-0.8556661295121524,37.5564833205119,4.441362155367673e-06,0.06800652263304079,23.40989395388079,2.6929514386416336,-0.04616170709426346,-0.3041601622193839,-0.5912970348309252,-0.9871323529411765,True,False,False,False,0.00024300000222865492,0.00018000000272877514,False,False
2024-11-30,0.00018699999782256782,80,0.0,0.0053619059060208175,-0.07715907053047469,0.032611597196930575,-0.698480567099868,-0.7011365540803779,-0.8162635511537154,37.5564833205119,4.3386383315440676e-06,0.06353088219829803,23.10707387321373,1.157934243074221,-0.046890939740619204,-0.2936466036786221,-0.5888347792505684,10.428571428571429,False,False,False,False,0.00024300000222865492,0.00018000000272877514,False,False
2024-12-01,0.0001939999929163605,316,0.03674951733915751,0.03674951733915751,-0.05515187569215654,0.07490125649964963,-0.6617310497607105,-0.6643870367412205,-0.7531652121337344,41.823127999383416,4.695152388639954e-06,0.0598098552700623,22.002877514372155,1.1642662484235564,-0.006656461797705663,-0.2559067447542355,-0.5709009016933309,2.95,False,False,True,False,0.00019500000053085387,0.00018000000272877514,False,False
2024-12-02,0.00019500000053085387,204,0.005141438736352628,0.03655756953558734,-0.064538507145345,0.09121599946756431,-0.656589611024358,-0.6592455980048678,-0.7480237733973819,42.428327035479064,4.92721241070598e-06,0.05598551272687106,22.006366596224066,1.1632455838136886,-0.001280408299686489,-0.24035839130360223,-0.5662907832503479,-0.35443037974683544,True,False,False,False,0.00019500000053085387,0.00018000000272877514,False,False
2024-12-03,0.00019700000120792538,50,0.010204173583514983,0.057457035565046014,0.025708327470953123,0.10142017305107932,-0.6490414244213527,-0.6490414244213527,-0.7329534439322343,43.6899946306796,5.12168919220387e-06,0.052183928550968525,21.96415007439394,1.163454400387581,0.00947989232910048,-0.22048115921579492,-0.5594073210033934,-0.7549019607843137,True,False,False,False,0.00019500000053085387,0.00018000000272877514,True,False
2024-12-04,0.00022400000307243317,2475,0.12844233070166988,0.185899366266716,-0.03509133101194358,0.2468601273040959,-0.5152799690914956,-0.5285252193288175,-0.5947071099868274,57.295818298269914,6.866183037919035e-06,0.05345760092389922,25.291663957494915,1.2395073636739218,0.13965913143745862,-0.10141205438767109,-0.49638588657661536,48.5,True,False,False,False,0.00019500000053085387,0.00018000000272877514,False,False
2024-12-05,0.0002229999954579398,867,-0.004474314479123674,0.16542474397090948,0.13931362854241383,0.24811644786863754,-0.5170840346783739,-0.5303644661638317,-0.5991814244659511,56.74890192149828,7.688203688781453e-06,0.05114303031129002,27.669925024044105,1.2393370203432916,0.1285424832319647,-0.09297976249060703,-0.4960395126525878,-0.6496969696969697,True,False,False,False,0.00019500000053085387,0.00018000000272877514,False,False
2024-12-06,0.00022000000171829015,64,-0.01354419692936428,0.16251894895220703,0.14660344982263995,0.2288416158956078,-0.5699517726104675,-0.5439086630931961,-0.6176396021125572,55.05118074930426,7.743786917997143e-06,0.05008559827238659,29.212194423588734,1.241655648879337,0.10831234570846288,-0.09210959989463431,-0.5002895999873725,-0.9261822376009228,False,False,False,False,0.00019500000053085387,0.00018000000272877514,False,False
2024-12-07,0.0002229999954579398,71,0.013544196929364302,0.17606314588157138,0.18142505178759225,0.1976856175489401,-0.5486656176150909,-0.5303644661638317,-0.6040954051831928,56.45412560590134,7.681323782033521e-06,0.04684330842286602,30.897887441753447,1.2346838693263709,0.11835503924685832,-0.06639874669251133,-0.4909489443076693,0.109375,False,False,True,False,0.00023099999816622585,0.00018000000272877514,False,False
2024-12-08,0.00021800000104121864,261,-0.022676683526814352,0.11663694501559954,0.15338646235475697,0.1859980595516876,-0.5687482461849857,-0.5424309670974334,-0.6144415259908654,53.459248427121736,7.020098046736388e-06,0.0474438871006598,31.675907041799483,1.237448148664224,0.09054527383805265,-0.07375934384157949,-0.49983939432798596,2.676056338028169,False,False,False,False,0.00023099999816622585,0.00018000000272877514,False,False
2024-12-09,0.00021800000104121864,138,0.0,0.11149550627924695,0.14805307581483418,0.16955928776656334,-0.5687482461849857,-0.5370833199890629,-0.6144415259908654,53.459248427121736,6.321329799112363e-06,0.04503799795825389,32.189574019424,1.2370646268800989,0.0834990087321436,-0.06002069320994651,-0.49727304864912564,-0.47126436781609193,False,False,False,False,0.00023099999816622585,0.00018000000272877514,False,False
2024-12-10,0.00021699999342672527,394,-0.004597744316450821,0.09669358837928098,0.1541506239443271,0.16496154345011252,-0.5785273887009579,-0.5227359908542705,-0.6239897410522032,52.809421215883155,5.557435479238872e-06,0.04333037925114437,30.042036669780035,1.2374329170775933,0.08256419861078251,-0.04999565232705876,-0.49698073934493153,1.8550724637681157,False,False,False,False,0.00023099999816622585,0.00018000000272877514,False,False
2024-12-11,0.0002229999954579398,537,0.02727442784326518,-0.004474314479123674,0.18142505178759225,0.05058548108991504,-0.5717140392022622,-0.4927256420141542,-0.596715313208938,56.24599468950694,5.226823744183768e-06,0.042355862345773154,31.192712316168787,1.139476036658577,0.10450715951526586,-0.009505217431040798,-0.48021677981981925,0.36294416243654815,False,False,False,True,0.00023099999816622585,0.00021399999968707561,False,False
2024-12-12,0.00022699999681208283,187,0.017778252345578914,0.017778252345578914,0.1832029963164885,0.14683537689376933,-0.5564641788799146,-0.47768331066542624,-0.573986590118472,58.41994119480913,5.045567993240633e-06,0.03989604958280561,32.19197702073017,1.1031357079878819,0.1141104165834098,0.022522509194191725,-0.46801031792723846,-0.6517690875232774,True,False,False,False,0.00023099999816622585,0.00021399999968707561,False,False
2024-12-13,0.00023200000578071922,215,0.02178739314548818,0.05310984242043156,0.2156287913726386,0.1534325623863643,-0.5346767857344263,-0.45589591751993797,-0.5497147047824272,61.026658917280685,5.019745685294802e-06,0.03809520924064565,32.93010707025121,1.1041502136830614,0.12594033630701476,0.05955428472491652,-0.4533265636281203,0.14973262032085555,False,False,False,False,0.00023099999816622585,0.00021399999968707561,True,False
2024-12-14,0.00022000000171829015,221,-0.05310984242043154,-0.01354419692936428,0.16251894895220703,0.11551292761882591,-0.587786628154858,-0.5225745135807446,-0.6028245472028586,52.51713565804143,3.996357563905948e-06,0.04152439936971141,32.0300356756261,1.1207245325983473,0.059220038501551185,0.020124278538329748,-0.47866680351445323,0.027906976744185963,False,False,False,False,0.00023099999816622585,0.00021399999968707561,False,False
2024-12-15,0.00022499999613501132,713,0.02247283086392119,0.03160531746137126,0.14824226247697075,0.10783270928565365,-0.5602505304028422,-0.5001016827168234,-0.5853144712742917,55.3131426856601,3.477153893679321e-06,0.0405586606636267,31.292808178839465,1.1187743572357927,0.07372940547221314,0.059022857234214424,-0.46381975592821406,2.226244343891403,False,False,False,False,0.00023099999816622585,0.00021399999968707561,False,False
2024-12-16,0.00022400000307243317,77,-0.004454319455433229,0.02715099800593809,0.1386465042851849,0.10337838983022046,-0.572290205432053,-0.5897687907297249,-0.5848060357943706,54.6204056267382,2.9103504631581085e-06,0.03846749981685974,29.781363983841764,1.1190623257994126,0.059352111293653656,0.07033640696001862,-0.4632737814406352,-0.8920056100981767,False,False,False,False,0.00023099999816622585,0.00021399999968707561,False,False
2024-12-17,0.00021600000036414713,297,-0.036367656201228,-0.004618913878839154,0.09207467450044186,0.05226841112815298,-0.6061357729475979,-0.6261364469309529,-0.6384367472056054,49.30088349973861,1.8900676577719577e-06,0.04001896711970746,27.494147441798695,1.1267427109627015,0.014322617568046604,0.0468159373461471,-0.47944908128972274,2.857142857142857,False,False,True,False,0.00023299999884329736,0.00021399999968707561,False,False
2024-12-18,0.00021499999274965376,69,-0.004640414964909774,-0.036533756687014016,-0.04100807116613776,0.033099925973702246,-0.6031716042360414,-0.6357151811529652,-0.6430771621705151,48.662894062368245,1.0814531632791204e-06,0.037997762257678876,25.33094212075869,1.1259885361747461,0.0035005557710966707,0.056926523097650915,-0.47859829423426736,-0.7676767676767677,False,True,False,False,0.00023299999884329736,0.00021399999968707561,False,False
2024-12-19,0.00021499999274965376,33,0.0,-0.054312009032593075,-0.036533756687014016,0.11314258700648545,-0.595508747440898,-0.6307768618958626,-0.6183234510172908,48.662894062368245,5.092504725732533e-07,0.035615860002163754,22.337560735973984,1.0873369023474044,-0.0030141696348655028,0.07253314115222943,-0.4752706180199764,-0.5217391304347826,False,True,False,False,0.00023299999884329736,0.00021399999968707561,False,False
2024-12-20,0.0002010000025620684,471,-0.06733307359943694,-0.14343247577751825,-0.09032263335708662,-0.14343247577751825,-0.6679568862982059,-0.6981099354952995,-0.6856565246167277,40.21351790879698,-7.793854210894395e-07,0.04035050251931324,19.76006906488906,0.8862052440783368,-0.07094983219963472,0.00069701833951231,-0.5062031616952904,13.272727272727273,False,False,False,False,0.00023299999884329736,0.00021399999968707561,False,True
2024-12-21,0.0002010000025620684,55,0.0,-0.09032263335708662,-0.10386683028645093,0.03544679825596279,-0.6551197911441436,-0.6981099354952995,-0.6931471805599453,40.213517908796995,-1.5542922995621995e-06,0.038179056053498146,18.54249518926736,0.6250862958832646,-0.0724503767685274,-0.0013910815487191777,-0.5029120376888699,-0.8832271762208068,False,True,False,False,0.00023299999884329736,0.00021399999968707561,False,False
2024-12-22,0.00019500000053085387,37,-0.030305359519610352,-0.14310082374061817,-0.11149550627924701,0.025975456945942818,-0.6776430266725072,-0.7358136587824984,-0.7308875030149993,37.018735233136056,-2.345945450837987e-06,0.039106911920354634,18.54249518926736,0.6301374307349303,-0.1001384342436638,-0.032834038850536186,-0.5139944645312966,-0.32727272727272727,False,False,False,False,0.00023299999884329736,0.00021399999968707561,False,False
2024-12-23,0.00019299999985378236,273,-0.010309373138793166,-0.14895587742397817,-0.12180487941804011,0.03694348884273779,-0.6879523998113002,-0.7436629874108056,-0.7337619132183488,35.99227534032383,-2.8459774492355016e-06,0.03817025293125797,19.337854092656638,0.6264369340528175,-0.10854503152191868,-0.04417590904626308,-0.5153067623807469,6.378378378378378,False,True,False,False,0.00023299999884329736,0.00021399999968707561,False,False
2024-12-24,0.00020700000459328294,576,0.0700286273078603,-0.042559593914889816,-0.04717850779372904,0.10161021024457731,-0.6205244982951655,-0.6308605113180974,-0.6587457063907154,47.058497696107274,-2.1094449299852902e-06,0.03856769063782291,19.500497161805647,0.6708392084978329,-0.040111266380275866,0.021919455985268933,-0.4764662609043527,1.10989010989011,False,False,False,False,0.00023299999884329736,0.00021399999968707561,False,False
2024-12-25,0.00020900000527035445,117,0.009615461726676173,-0.028303717223303954,-0.06483747391031797,0.10589228543133061,-0.6109090365684894,-0.623812464664202,-0.6491302446640392,48.43016685132531,-1.3974723524050199e-06,0.036153675946286885,19.47707588448009,0.6711617795126047,-0.027680829887704504,0.028239720505517565,-0.4676515389081559,-0.796875,True,False,False,False,0.00023299999884329736,0.00021399999968707561,False,False
2024-12-26,0.00020900000527035445,103,0.0,-0.028303717223303954,-0.08261572625589696,0.11658757787727425,-0.6057007275808519,-0.6186710259278495,-0.6390799051358117,48.43016685132531,-8.626664981276822e-07,0.03391303164163458,19.544189216350752,0.6693430484586061,-0.02518654177521615,0.02481124523374471,-0.46404070792043767,-0.11965811965811968,True,False,False,False,0.00023299999884329736,0.00021399999968707561,False,False
2024-12-27,0.00020900000527035445,6,0.0,0.03902935637613289,-0.10440311940138523,0.11658757787727425,-0.5520685548714627,-0.6212450495914212,-0.6212450495914212,48.43016685132531,-4.649745288840899e-07,0.03969299382708684,19.36277606754494,0.6693430484586061,-0.02199342553050919,0.022204857540899285,-0.46046414093117716,-0.941747572815534,False,False,False,False,0.00023299999884329736,0.00021399999968707561,False,False
2024-12-28,0.00021100000594742596,279,0.009523884481101374,0.048553240857234344,-0.04176939249985226,0.11011115454169283,-0.5370198328806085,-0.6168494205122191,-0.5750678729998359,50.04665215871749,-4.537541477438927e-08,0.03786251359150471,19.332593223790973,0.6682480941279324,-0.01101473918370845,0.028967159076529816,-0.4516489347119238,45.5,False,False,False,False,0.00023299999884329736,0.00021399999968707561,False,False
2024-12-29,0.00021300000662449747,566,0.009434035147432709,0.08829263552427746,-0.05480818821634071,0.13018359159978757,-0.5331106352429286,-0.5682969755000806,-0.5709529624805905,51.67785119813813,3.6606201415794945e-07,0.03717534183599501,19.251462833136042,0.6665040736629255,-0.0004692360989885968,0.03579073265228884,-0.4427511687013246,1.0286738351254479,False,False,False,False,0.00023299999884329736,0.00021399999968707561,False,False
2024-12-30,0.00021399999968707561,863,0.004683816749236212,0.10328582541230674,-0.04567005201167134,0.13486740834902378,0.16747900554595435,-0.5636131587508443,-0.5662691457313541,52.51282003122787,6.861631479126447e-07,0.03869777104135298,19.196910617271833,0.6663204633059437,0.004930728015026188,0.03762606388565951,-0.43646394258614407,0.5247349823321554,False,False,False,True,0.00023299999884329736,0.00018600000475998968,False,False
2024-12-31,0.00021300000662449747,72,-0.004683816749236318,0.028573381355210332,-0.013986212559679575,0.09343407426063001,0.16833533076027962,-0.5682969755000806,-0.5709529624805905,51.55349273072596,8.030378841687624e-07,0.036437688988215845,18.747532808313714,0.656680758513853,0.0025888675506845443,0.03267723357523471,-0.43538765522771267,-0.9165701042873696,False,False,False,False,0.00023299999884329736,0.00018600000475998968,False,False
2025-01-01,0.00021399999968707561,91,0.004683816749236212,0.023641736377770384,-0.004661980845533541,0.09297645227351363,0.1841924517410781,-0.5636131587508443,-0.5662691457313541,52.48822534952051,9.122116412207807e-07,0.03434444266420056,17.742548239697435,0.6566649198373338,0.010387147380318915,0.03571773851670775,-0.428975490946287,0.26388888888888884,False,False,False,False,0.00023299999884329736,0.00018600000475998968,False,False
2025-01-02,0.0002119999990100041,89,-0.009389743557367493,0.014251992820402862,-0.014051724402901037,0.07338253513263118,0.17480270818371044,-0.5756588892887218,-0.5756588892887218,50.39400840560146,8.173037981708396e-07,0.03286598399079661,15.515741715748838,0.6575526681019334,0.005692587700381649,0.024748639404721717,-0.4304902635789368,-0.02197802197802201,False,False,True,False,0.00022600000374950469,0.00018600000475998968,False,False
2025-01-03,0.00021300000662449747,13,0.004705926808131239,0.01895791962853411,0.05798727600466717,-0.0503538687609075,0.19650625854318834,-0.5656338378524031,-0.5788790880897251,51.437334674014295,7.890475077767792e-07,0.03071048163043738,15.05598755175803,0.47561499052907696,0.012116915389516288,0.027893088819360794,-0.4239272821810918,-0.8539325842696629,False,False,False,False,0.00022600000374950469,0.00018600000475998968,False,False
2025-01-04,0.00021300000662449747,12,0.0,0.009434035147432709,0.05798727600466717,-0.04587955428178382,0.20223689358685373,-0.5629635889601577,-0.5762440204456155,51.437334674014295,7.384318121310404e-07,0.029187566817421445,13.762092553319908,0.4755400033815956,0.015010742465023083,0.026802958156863045,-0.419950417839021,-0.07692307692307687,False,False,False,False,0.00022600000374950469,0.00018600000475998968,False,False
2025-01-05,0.00021499999274965376,1305,0.00934579759476994,0.00934579759476994,0.09763843311904728,-0.022989559757649745,0.20585205613795812,-0.5929413323681173,-0.5668982228508457,53.69622650199779,8.024064395574244e-07,0.0318340119815328,12.561055534494894,0.47496327483093564,0.026743032161355002,0.035146807013659846,-0.41047438117931984,107.75,False,False,False,False,0.00022600000374950469,0.00018600000475998968,False,False
2025-01-06,0.00021800000104121864,148,0.013857073160199799,0.018519054005733223,0.12180487941804012,-0.022676683526814352,0.17500893402212567,-0.5713423011419052,-0.553041149690646,56.93234420118943,9.968406376593703e-07,0.030136326454833252,12.77239864017654,0.47508316211508783,0.04057278838414041,0.04827851585277498,-0.39823057286569774,-0.8865900383141763,True,False,False,False,0.00022600000374950469,0.00018600000475998968,False,False
2025-01-07,0.00022000000171829015,68,0.009132486597449955,0.03233535735241964,0.06090873870762973,0.009132486597449955,0.19513054614913766,-0.5596157595875356,-0.5332984804999835,58.99007821183919,1.1967616540769205e-06,0.028703362721426304,13.30658956457589,0.46953407758047216,0.04886769658287869,0.05667627637308173,-0.3889228317483682,-0.5405405405405406,False,False,False,False,0.00022600000374950469,0.00018600000475998968,False,False
2025-01-08,0.00022000000171829015,126,0.0,0.027651540603183297,0.051293276980953664,0.009132486597449955,0.1786917743640132,-0.5596157595875356,-0.5279508333916129,58.99007821183919,1.2592784791488494e-06,0.027951824255253443,13.801311764461484,0.46953407758047216,0.0476190423394412,0.05384173620625839,-0.3851485368224196,0.8529411764705883,False,False,True,True,0.00022400000307243317,0.00020900000527035445,False,False
2025-01-09,0.0002229999954579398,152,0.013544196929364302,0.05058548108991504,0.064837473910318,0.02727442784326518,0.19223597129337763,-0.5512529608576927,-0.49546156301100525,62.13717827301014,1.4209782253246615e-06,0.02688732256831617,14.140356225838108,0.4714106109535285,0.05637135472545736,0.06913412023301901,-0.37297024907951276,0.20634920634920628,False,False,False,False,0.00022400000307243317,0.00020900000527035445,False,False
2025-01-10,0.00021899999410379678,168,-0.018100048198937565,0.027779506082846413,0.046737425711380474,-0.018100048198937565,0.03248543289097763,-0.5898140874011998,-0.5108256902130917,55.96980956529954,1.186405306634396e-06,0.02672744621603003,13.723090501127391,0.4660077162904065,0.033018830754720306,0.047445922290835246,-0.380533492423242,0.10526315789473695,False,False,False,False,0.00022400000307243317,0.00020900000527035445,False,False
2025-01-11,0.00022000000171829015,33,0.004555851269573222,0.03233535735241964,0.041769392499852336,-0.03132244927494331,0.11551292761882591,-0.587786628154858,-0.5090057599403697,57.115780872242155,1.0321378924612855e-06,0.025030209201534637,11.876141767560888,0.4617057396588558,0.03165298792903114,0.04921786120836339,-0.373594139906395,-0.8035714285714286,False,False,False,False,0.00022400000307243317,0.00020900000527035445,False,False
2025-01-12,0.00022000000171829015,0,0.0,0.02298955975764977,0.03233535735241964,-0.05310984242043154,0.10032271996593274,-0.587786628154858,-0.5090057599403697,57.115780872242155,8.701207647153133e-07,0.023242337115710738,8.344089530594106,0.4543411361066051,0.0251630922327265,0.04582620842207019,-0.3695642771285288,-1.0,False,False,True,False,0.00022400000307243317,0.00020900000527035445,False,False
2025-01-13,0.00022000000171829015,59,0.0,0.009132486597449955,0.027651540603183297,0.0,0.11551292761882591,-0.587786628154858,-0.5225745135807446,57.115780872242155,7.097562909657357e-07,0.022231521042981622,7.92507102235048,0.4148588849097688,0.022067362352995657,0.04255521336388092,-0.3654730774175175,inf,False,False,False,False,0.00022400000307243317,0.00020900000527035445,False,False
2025-01-14,0.00021899999410379678,52,-0.004555851269573223,-0.004555851269573223,0.027779506082846413,-0.02702868213349443,0.0808040271521591,-0.5872792125363367,-0.527130364850318,55.317571182803015,4.933984115146408e-07,0.02139013474308211,7.57363964004516,0.40707032251567415,0.015063697391606191,0.03477600523783137,-0.36422227747039193,-0.11864406779661019,False,False,False,False,0.00022400000307243317,0.00020900000527035445,False,False
2025-01-15,0.0002099999983329326,412,-0.04196418011414568,-0.046520031383718866,-0.01886849078053563,-0.06453854279220682,0.038839847038013485,-0.6368287482242599,-0.6543073335219318,42.3841966913888,-2.583783217949969e-07,0.024455003058733625,7.42815890057517,0.431485522371054,-0.02687675006293048,-0.00999435168632103,-0.3862520503074314,6.923076923076923,False,False,False,False,0.00022400000307243317,0.00020900000527035445,False,False
2025-01-16,0.0002099999983329326,41,0.0,-0.06006422831308319,-0.009478747223168113,-0.028170886590978893,0.024097524537174106,-0.6343066595385767,-0.6543073335219318,42.38419669138881,-7.313882403786602e-07,0.02338848947050719,7.278730475697662,0.4134582085098452,-0.02710216504924447,-0.012229547282470337,-0.3820985158320065,-0.9004854368932039,False,True,False,False,0.00022400000307243317,0.00020900000527035445,False,False
2025-01-17,0.0002099999983329326,96,0.0,-0.04196418011414568,-0.014184674031299326,-0.02353047162606918,0.009569454347633092,-0.6267020758621105,-0.6592456527790344,42.38419669138881,-1.0032095768143472e-06,0.022058016777211267,7.4049984681536785,0.41325212646238757,-0.02687674678192788,-0.01417708078489516,-0.377888380284761,1.3414634146341462,False,False,True,False,0.0002209999947808683,0.00020900000527035445,False,False
2025-01-18,0.00016500000492669642,1705,-0.24116201901970605,-0.287682050403425,-0.25534669305100544,-0.26469249064577516,-0.15154990363928983,-0.8602012380866734,-0.8954693525416378,17.22887525898892,-4.004188417453034e-06,0.04554908034125258,22.08629360884342,0.9346755836135106,-0.22680410139115795,-0.22382159774172133,-0.5075141257531559,16.760416666666668,False,False,False,False,0.0002209999947808683,0.00020900000527035445,False,True
2025-01-19,0.00020399999630171806,1510,0.2121744719560369,-0.07550757844738812,-0.05251801868973835,0.014815054909698557,-0.12861742086781972,-0.6531418313885075,-0.683294880585601,46.73466842650678,-3.188624894623812e-06,0.0517166615202461,22.466588576225288,1.1884711013445974,-0.04180368125315377,-0.04189368722854838,-0.38684421277183273,-0.11436950146627567,False,True,False,False,0.0002209999947808683,0.00020900000527035445,False,False
2025-01-20,0.00014600000577047467,2328,-0.33451331448324845,-0.41002089293063654,-0.40088840633318656,-0.3196982595735498,-0.284251461317587,-0.9748180507176936,-1.0178081950688493,29.749839942976024,-6.2067244590930924e-06,0.09547581540281255,35.99325347721648,1.6667518267154,-0.30326888202926905,-0.31119076495861914,-0.5576896689293256,0.5417218543046358,False,False,False,False,0.0002209999947808683,0.00020900000527035445,False,False
2025-01-21,0.00014600000577047467,6,0.0,-0.40546504166106334,-0.41002089293063654,-0.28939290005393953,-0.2634174431079967,-0.9670359267264467,-1.0252065588364379,29.749839942976024,-7.753905732258374e-06,0.08865611430261165,45.294552890903276,1.6656069378345748,-0.29177780472786047,-0.3079912532685148,-0.554524910977613,-0.9974226804123711,False,True,False,False,0.0002209999947808683,0.00020900000527035445,False,False
2025-01-22,0.00014800000644754618,112,0.01360565609648053,-0.349895205450437,-0.39641523683415597,-0.2654778708186658,-0.22853438197592793,-0.9534302706299661,-1.0091408582294714,30.75624816879511,-8.152730027459766e-06,0.0821763054326126,52.22207737097895,1.6675748394499232,-0.27075631458561833,-0.2952380667546186,-0.545189126397087,17.666666666666668,False,False,False,False,0.0002209999947808683,0.00020900000527035445,False,False
2025-01-23,0.00014600000577047467,69,-0.013605656096480583,-0.36350086154691763,-0.4235650898600008,-0.34911215422300673,-0.24750194397842934,-0.9696366525181721,-0.9799726655411041,30.28894821741973,-8.047568408493272e-06,0.0783303389869054,58.355523998101866,1.643121467641449,-0.2685370475575543,-0.29955860070274853,-0.5482742975457,-0.3839285714285714,False,False,False,False,0.0002209999947808683,0.00020900000527035445,False,False
2025-01-24,0.0001500000071246177,165,0.027028680361571057,-0.3364721811853465,-0.3784363612994921,-0.3316989355881117,-0.22580665015678106,-0.9426079721566011,-0.9555114002523136,32.49793992462958,-7.230782779401581e-06,0.0727004682742138,62.82568309320165,1.6470740777758617,-0.2364468993522472,-0.2752922676721992,-0.5327757572494327,1.391304347826087,False,False,False,False,0.0002209999947808683,0.00020900000527035445,False,False
2025-01-25,0.0001500000071246177,33,0.0,-0.09531016216564041,-0.3829922125690654,-0.3316989355881117,-0.21511135771083736,-0.9373996631689636,-0.9503699615159611,32.49793992462958,-6.249572584660369e-06,0.06798377176272022,66.51603204125568,1.6470740777758617,-0.2236024531275056,-0.27035700771654264,-0.5295445770948279,-0.8,True,False,False,False,0.0002209999947808683,0.00020900000527035445,False,False
2025-01-26,0.00014800000644754618,364,-0.01342302426509058,-0.32090765838676777,-0.39641523683415597,-0.34512195985320226,-0.22853438197592793,-0.897190514724665,-0.9663670094446235,31.911558988170526,-5.3301322481499935e-06,0.06639399114748457,69.65730660815991,1.6466053728818026,-0.21982074242175553,-0.27479417129627753,-0.5325848173626271,10.030303030303031,False,False,False,False,0.0002209999947808683,0.00020900000527035445,False,False
2025-01-27,0.00014699999883305281,111,-0.00677973848829532,0.006825917608185188,-0.4031949753224513,-0.36142558282259896,-0.25131442828090605,-0.8984454157032076,-0.9782750033348181,31.604493720108948,-4.421640973184625e-06,0.06255687714736632,72.05564349262717,1.6449660634058902,-0.20988982721996144,-0.27464720251056596,-0.5324576228399737,-0.695054945054945,False,True,False,False,0.0002209999947808683,0.00020900000527035445,False,False
2025-01-28,0.00014800000644754618,4,0.006779738488295351,0.01360565609648053,-0.39185938556458283,-0.36407987948173637,-0.23389628788194883,-0.897190514724665,-0.932376854981817,32.30597757404455,-3.429922858023885e-06,0.058178664885409355,73.53625400369603,1.6445557990642665,-0.18881882687453425,-0.2646327861380866,-0.5259524786321178,-0.963963963963964,False,False,False,False,0.0002209999947808683,0.00020900000527035445,False,False
2025-01-29,0.0001500000071246177,179,0.013423024265090467,0.013423024265090467,-0.3364721811853465,-0.35534067196588215,-0.22047326361685832,-0.1878616664199278,-0.9189538307167263,33.769039416211584,-2.366392565050583e-06,0.05520750093497288,73.59328078614664,1.6459626755900814,-0.16107379655377768,-0.24969985037338308,-0.5161290093172199,43.75,False,False,True,False,0.00015199999324977398,0.00020900000527035445,False,False
2025-01-30,0.00014899999951012433,45,-0.006689038936002954,0.020339641425568256,-0.3431612201213495,-0.3573458941526489,-0.2639118198920189,-0.18901056339236927,-0.9256428696527295,33.38056369939086,-1.4996638388891497e-06,0.052087555085446234,73.35595438513981,1.6458677335574745,-0.1500285378991614,-0.24914332676320675,-0.5162337679456841,-0.7486033519553073,True,False,False,False,0.00015199999324977398,0.00020900000527035445,False,False
2025-01-31,0.00014899999951012433,412,0.0,-0.006689038936002954,-0.3431612201213495,-0.362029710901885,-0.2690532586283714,-0.17783725916080703,-0.9256428696527295,33.38056369939086,-7.344856871556785e-07,0.05028456163365456,71.99435251317136,1.6453543295265762,-0.13245998627942937,-0.2431938328617203,-0.513040069540368,8.155555555555555,False,False,False,False,0.00015199999324977398,0.00020900000527035445,False,False
2025-02-01,0.00014899999951012433,226,0.0,-0.006689038936002954,-0.1019992011016434,-0.3526399673445175,-0.27925743221188654,-0.17783725916080703,-0.9282988566332392,33.38056369939086,-7.139532977072985e-08,0.0481309633911322,69.43380367783763,1.6458725740465685,-0.11414983704602046,-0.2367585376977446,-0.5098200495618787,-0.45145631067961167,False,False,False,False,0.00015199999324977398,0.00020900000527035445,False,False
2025-02-02,0.00014600000577047467,180,-0.020339641425568152,-0.013605656096480583,-0.33451331448324845,-0.37768553557821694,-0.42803940433912446,-0.1811792770350287,-0.9433193734306201,32.00118863378124,3.016582161131035e-07,0.047079092817218345,65.66474345864489,1.645038218463825,-0.11246198489129067,-0.24641269492308673,-0.5164682117870932,-0.20353982300884954,False,False,False,False,0.00015199999324977398,0.00020900000527035445,False,False
2025-02-03,0.00014600000577047467,6,0.0,-0.006825917608185241,0.0,-0.37768553557821694,-0.4235650898600008,-0.17544864199136329,-0.9406491245383747,32.00118863378124,6.641312760162e-07,0.04371630047313131,60.12309744815367,1.645038218463825,-0.09232202111252621,-0.24021646373532884,-0.5132035016360177,-0.9666666666666667,False,True,True,False,0.00015300000086426735,0.00020900000527035445,False,False
2025-02-04,0.00014600000577047467,6,0.0,-0.013605656096480583,0.0,-0.3870313331729868,-0.41002089293063654,-0.1811792770350287,-0.9799726655411041,32.00118863378124,9.994575660081831e-07,0.040593707582193356,54.68543549594763,1.643792263004736,-0.07389785917240126,-0.23399787893240312,-0.5108959454870303,0.0,False,False,False,False,0.00015300000086426735,0.00020900000527035445,False,False
2025-02-05,0.0001429999974789098,100,-0.0207620486022291,-0.04779072896380026,-0.034367704698709714,-0.42165045493541564,-0.44432713846223004,-0.24664152091328992,-0.9929927560773208,30.43062432411203,1.1064589417547245e-06,0.03998345141807134,46.87858890619893,1.64113262010314,-0.07323399710216015,-0.24394630407654064,-0.5186400823920894,15.666666666666668,False,False,False,False,0.00015300000086426735,0.00020900000527035445,False,False
2025-02-06,0.0001429999974789098,0,0.0,-0.04110169002779725,-0.0207620486022291,-0.43078294153286567,-0.42165045493541564,-0.235652395383728,-0.9903987011204014,30.43062432411203,1.2536731725722572e-06,0.03712749060249481,34.24891504897798,1.6398172172213137,-0.05266648416119984,-0.23814599912670523,-0.5162872593057327,-1.0,False,True,False,False,0.00015300000086426735,0.00020900000527035445,False,False
2025-02-08,0.0001449999981559813,13,0.013889117073298292,-0.027212572954498887,-0.03390161189050191,-0.43043802138893156,-0.40316359354566655,-0.23820205009555404,-0.9816909822466243,33.161959882532344,1.7024565430418746e-06,0.03255665273813061,6.0825971897324385,1.6398915286843205,-0.012934002504147767,-0.2168089197715415,-0.5047475982542422,inf,False,False,False,False,0.00015300000086426735,0.00020900000527035445,False,False
2025-02-09,0.0001449999981559813,5,0.0,-0.006872931528930815,-0.020478587625411375,-0.41233797318999416,-0.43043802138893156,-0.3798525402990165,-1.0021520605911938,33.161959882532344,1.921245199348812e-06,0.030231177542549857,6.167930867130143,1.6405854514030782,-0.012597920279159699,-0.21204218751536089,-0.5023338886421135,-0.6153846153846154,True,False,False,False,0.00015300000086426735,0.00020900000527035445,False,False
2025-02-10,0.0001449999981559813,3,0.0,-0.006872931528930815,-0.013698849137116064,-0.41689382445956735,-0.4482162737345107,-0.3013808968407413,-1.004680452614425,33.161959882532344,2.0814703153186414e-06,0.028564415144335914,6.249243679552219,1.6400226900624704,-0.012261609113586765,-0.20773687748418768,-0.49985341159576185,-0.4,False,False,False,False,0.00015300000086426735,0.00020900000527035445,False,False
2025-02-11,0.00014400000509340316,6,-0.006920394756348769,-0.013793326285279461,-0.027398982381760095,-0.42381421921591605,-0.4769240616363476,-0.32349149924998327,-1.011600847370774,32.36836544341352,2.1280283604565213e-06,0.027700357422690662,6.422165193639996,1.6394621991784153,-0.01773531514864419,-0.20896504317921874,-0.5007973199470458,1.0,False,False,False,False,0.00015300000086426735,0.00020900000527035445,False,False
2025-02-12,0.0001449999981559813,10,0.00692039475634877,0.013889117073298292,-0.03390161189050191,-0.41689382445956735,-0.41689382445956735,-0.3013808968407413,-1.004680452614425,34.0675567573427,2.223685673120247e-06,0.026036977667088984,6.486387346139659,1.6403901906946388,-0.010576620799967103,-0.1980088678984167,-0.49479112873672315,0.6666666666666667,False,False,False,False,0.00015300000086426735,0.00020900000527035445,False,False
2025-02-13,0.0001449999981559813,0,0.0,0.013889117073298292,-0.027212572954498887,-0.41233797318999416,-0.43936665532348856,-0.3315339460378349,-0.9996171857263307,34.0675567573427,2.2762174905202155e-06,0.0241771935480112,6.18054411352155,1.6407936201912283,-0.008885873801047972,-0.1922905704746127,-0.4922258084751543,-1.0,False,False,False,False,0.00015300000086426735,0.00020900000527035445,False,False
2025-02-14,0.0001449999981559813,40,0.0,0.013889117073298292,-0.027212572954498887,-0.3703737930758484,-0.4349123358680553,-0.3315339460378349,-1.0072025413001082,34.0675567573427,2.293777318203394e-06,0.022942865746409823,5.775864591658286,1.6382367496284527,-0.0071893385446161265,-0.18649014309734793,-0.4895264983887972,inf,False,False,False,False,0.00015300000086426735,0.00020900000527035445,False,False
2025-02-15,0.00014400000509340316,5,-0.006920394756348769,-0.006920394756348769,-0.034132967710847686,-0.3772941878321971,-0.40546507442317603,-0.3531966632950231,-1.011600847370774,33.03105766571355,2.2194516614894592e-06,0.02194806194419847,5.770764440677875,1.6377581193444375,-0.012684236437142424,-0.18616477995859526,-0.49032861396501054,-0.875,False,False,False,False,0.00015300000086426735,0.00020900000527035445,False,False
2025-02-16,0.00014400000509340316,22,0.0,-0.006920394756348769,-0.013793326285279461,-0.3772941878321971,-0.4008246594582663,-0.36772473348456397,-1.0039962636943076,33.03105766571356,2.1501888788175154e-06,0.020380343233898576,5.8302769405831025,1.6377581193444375,-0.011667784452499164,-0.17995442005396706,-0.48772676975273094,3.4000000000000004,False,True,False,False,0.00015300000086426735,0.00020900000527035445,False,False
2025-02-17,0.00014400000509340316,1,0.0,-0.006920394756348769,-0.013793326285279461,-0.13613216881249104,-0.4008246594582663,-0.2876820724517809,-0.9963334068991644,33.03105766571355,2.0828295616365755e-06,0.018924604431477247,5.73379320461821,1.4149897429911507,-0.010309251749076364,-0.17345882301748528,-0.4850153600677136,-0.9545454545454546,False,False,False,False,0.00015300000086426735,0.00020900000527035445,False,False
2025-02-18,0.0001429999974789098,29,-0.00696872231694967,-0.00696872231694967,-0.0207620486022291,-0.3552753630854776,-0.34046030817577894,-0.4838927839532971,-1.008417194473985,31.821815557385193,1.951629046820879e-06,0.01819523926348794,5.175792187849447,1.1794157649286086,-0.014812285658134663,-0.17245372526365593,-0.4860182683295893,28.0,False,False,False,False,0.00015300000086426735,0.00020900000527035445,False,False
2025-02-19,0.00014400000509340316,7,0.006968722316949666,-0.006920394756348769,0.006968722316949666,-0.013793326285279461,-0.33349158585882943,-0.2980447876028665,-0.9886113770029731,34.40781005267978,1.9104799960644207e-06,0.017274283520434065,4.6109900203004575,0.1900568748300456,-0.006211152054482611,-0.15995797516934965,-0.4799190805772643,-0.7586206896551724,False,False,False,False,0.00015300000086426735,0.00020900000527035445,False,False
2025-02-20,0.00014600000577047467,95,0.013793326285279612,0.006872931528930835,0.020762048602229133,0.0,-0.28939290005393953,-0.2634174431079967,-0.9670359267264467,39.361640380021406,1.98739341035596e-06,0.01728838883999515,3.8957922541566514,0.19645873649381798,0.00863560907307034,-0.1414794517067033,-0.47015058750418776,12.571428571428571,False,False,False,False,0.00015300000086426735,0.00020900000527035445,False,False
2025-02-21,0.0001429999974789098,89,-0.0207620486022291,-0.013889117073298318,0.0,-0.034367704698709714,-0.29984557551737556,-0.2629020866746376,-0.9877979753286759,35.08162179830656,1.810655599182749e-06,0.01788879732176534,2.966336727740153,0.20296813062626454,-0.010038101436972653,-0.1522409521354281,-0.4785113967101223,-0.06315789473684208,False,False,False,False,0.00015300000086426735,0.00020900000527035445,False,False
2025-02-22,0.0001429999974789098,0,0.0,-0.00696872231694967,-0.013889117073298318,-0.0207620486022291,-0.3698742028252358,-0.2682639925806586,-0.9903987011204014,35.08162179830656,1.671525672268933e-06,0.01661102608449639,2.9204972991977183,0.19794157657371372,-0.009009032176074456,-0.1451458851063877,-0.47599854388385304,-1.0,False,False,False,False,0.00015300000086426735,0.00020900000527035445,False,False
2025-02-23,0.0001429999974789098,7,0.0,-0.00696872231694967,-0.013889117073298318,-0.04779072896380026,-0.37948966455191196,-0.27359737912058135,-0.9903987011204014,35.08162179830656,1.5594513141712271e-06,0.015424524221318077,2.8127940979903125,0.17090540493640344,-0.00797782124586882,-0.13793105565789274,-0.4734613568596146,inf,False,False,False,False,0.00015300000086426735,0.00020900000527035445,False,False
2025-02-24,0.00014400000509340316,36,0.006968722316949666,0.0,-0.006920394756348769,-0.040822006646850685,-0.37252094223496235,-0.255933364357688,-0.9782216698158143,37.8931774119353,1.5304738302668477e-06,0.01471934354503767,2.5563384273995857,0.17343285731973013,-0.00034706898592242597,-0.12440712714187849,-0.4671895917801834,4.142857142857143,False,False,False,False,0.00015300000086426735,0.00020900000527035445,False,False
2025-02-25,0.0001429999974789098,23,-0.00696872231694967,0.0,-0.00696872231694967,-0.034367704698709714,-0.37948966455191196,-0.2629020866746376,-0.9315582194233747,36.20457593400797,1.4239743458863156e-06,0.014263047057368654,2.5563384273995857,0.16919228840975445,-0.007289155843601912,-0.12248406777376936,-0.4682828982289311,-0.36111111111111116,False,False,False,False,0.00015300000086426735,0.00020900000527035445,False,False
2025-02-26,0.0001429999974789098,25,0.0,-0.00696872231694967,-0.013889117073298318,-0.027587966210414414,-0.3890135490330133,-0.2789023944913205,-0.9260333819136218,36.20457593400797,1.335041076593473e-06,0.013743762293592325,2.5563384273995857,0.16799920337772611,-0.007289155843601912,-0.11411227617643192,-0.4657002040410516,0.08695652173913038,False,False,False,False,0.00015300000086426735,0.00020900000527035445,False,False
2025-02-27,0.0001429999974789098,0,0.0,-0.0207620486022291,-0.013889117073298318,-0.034367704698709714,-0.39844758418044607,-0.2682639925806586,-0.9315582194233747,36.20457593400797,1.2587371708704266e-06,0.01276206498690716,2.5563384273995857,0.16573769677796707,-0.007289155843601912,-0.10557920662467249,-0.46309229769848126,-1.0,False,False,False,False,0.00015300000086426735,0.00020900000527035445,False,False
2025-02-28,0.0001429999974789098,13,0.0,0.0,-0.013889117073298318,-0.04779072896380026,-0.4031314009296823,-0.2682639925806586,-0.235652395383728,36.20457593400797,1.1914801657569979e-06,0.011850488916413791,2.5581150482961545,0.15728495387911567,-0.006599533629061467,-0.09653780390525038,-0.4604384506113053,inf,False,False,False,False,0.00015300000086426735,0.00020900000527035445,False,False
2025-03-01,0.00014200000441633165,4,-0.00701752392771833,-0.00701752392771833,-0.013986246244667922,-0.04811921395551553,-0.40546510810816444,-0.3120310338475345,-0.23712977734788487,34.15727461212332,1.0668864606259933e-06,0.011584532622507785,2.725450440011982,0.15742302008235845,-0.012517359078767911,-0.0940410670827058,-0.4615399034675723,-0.6923076923076923,False,False,False,False,0.00015300000086426735,0.00020900000527035445,False,False
2025-03-02,0.0001429999974789098,7,0.007017523927718336,0.0,-0.00696872231694967,-0.04110169002779725,-0.4031314009296823,-0.3101549486561687,-0.21893894918860432,37.9367990365067,1.0380894227473044e-06,0.011181339332402907,2.655374032409588,0.16020143992230362,-0.0048712814495987635,-0.07860827149156972,-0.4550616486843658,0.75,False,False,False,False,0.00015300000086426735,0.00020900000527035445,False,False
2025-03-03,0.00014200000441633165,7,-0.00701752392771833,-0.013986246244667922,-0.013986246244667922,-0.04811921395551553,-0.40075918130003313,-0.32737664616740203,-0.22595647311632258,35.72816025227584,9.408450103693673e-07,0.010958803741191164,2.840688534950261,0.1613122404893605,-0.011142034606420236,-0.07576149994594178,-0.45617829538756366,0.0,False,False,False,False,0.00015300000086426735,0.00020900000527035445,False,False
2025-03-04,0.00014200000441633165,0,0.0,-0.00701752392771833,-0.00701752392771833,-0.027779572529947453,-0.40546510810816444,-0.4558189768690719,-0.20895884956497612,35.72816025227584,8.674696674825571e-07,0.010679046648750664,2.853893776048388,0.14650044141730173,-0.010108027047389537,-0.0662808845021426,-0.453457250729449,-1.0,False,False,False,False,0.00015300000086426735,0.00020900000527035445,False,False
2025-03-23,0.00014099999680183828,192,0.0071174183778651545,0.0,-0.014084744933735622,-0.014084744933735622,-0.04845244963244538,-0.31393032045111113,-0.2769868316083733,41.96161792134477,2.4651438653627835e-07,0.006654329568543979,2.4449179058616184,0.09304251111198115,-0.003181365507787509,-0.013572156098831585,-0.4022130980432702,inf,False,False,False,False,0.0001429999974789098,0.00020900000527035445,False,False
2025-03-24,0.00014000000373926014,0,-0.007117418377865046,-0.007117418377865046,-0.014184639383882395,-0.02120216331160072,-0.04196421191382984,-0.39107636613683655,-0.2894661558922593,37.578181416310876,2.1250548100413326e-07,0.006733356394168046,2.574242797102891,0.09585994069192277,-0.009550740530849502,-0.01974511280318176,-0.40341755005856816,-1.0,False,False,True,False,0.00014200000441633165,0.00020900000527035445,False,False
2025-04-04,0.00013699999544769526,38,-0.00727281474735457,-0.021661556718682373,-0.028778975096547393,-0.042863720030283076,-0.06362576863251215,-0.44131130421072917,-0.48719085849251315,28.385043547298267,-5.9287661424250887e-08,0.006225600689096116,2.8992763351669235,0.09731536687859167,-0.020379012929285557,-0.032895704328686534,-0.38254914725640826,inf,False,True,False,False,0.00014099999680183828,0.00020900000527035445,False,False
2025-04-05,0.00013699999544769526,0,0.0,-0.021661556718682373,-0.021661556718682373,-0.03584619610256475,-0.06362576863251215,-0.450657101805499,-0.4736466615631488,28.385043547298267,-1.1498978797984482e-07,0.00578091492558925,3.3001791826893454,0.0953005629557234,-0.01897604648993548,-0.03180215847209996,-0.3788116022025,-1.0,False,True,False,False,0.00014099999680183828,0.00020900000527035445,False,False
