Date,Close,Volume,Log_Return_1d,Log_Return_7d,Log_Return_14d,Log_Return_30d,Log_Return_60d,Log_Return_90d,Log_Return_120d,RSI_14,MACD_Hist,ATR_14_Pct,BB_Width,Volatility_30d,Close_to_SMA20,Close_to_SMA50,Close_to_SMA200,Volume_Change_1d,Bullish_FVG,Bearish_FVG,Swing_High,Swing_Low,Last_Swing_High_Price,Last_Swing_Low_Price,Bullish_BOS,Bearish_BOS
2021-04-07,29.476511001586914,337039411,-0.06812233765219453,0.025687702453583358,0.12351058781942593,0.14311342682201017,0.49455501624294945,1.8847269652435021,2.248149767951629,49.839481626135004,0.14526304592862302,0.11995085684124608,35.99128056011316,1.6544856538114043,-0.00871050960101924,-0.014699993866907624,1.2212397911518622,-0.25609119165471295,False,False,False,True,30.78315544128418,27.917348861694336,False,False
2021-04-08,30.764034271240234,177272348,0.04275258025268017,0.07929712376135094,0.16833565891539662,-0.10730229488248136,0.23969708366094913,1.6689867577652346,2.2440152609774895,53.0167088204451,0.18051141967981754,0.1114790718324002,26.762066956134568,1.29704856783316,0.046912932514446525,0.03267873327187656,1.2958859269131486,-0.4740308040711595,False,False,False,False,30.78315544128418,27.917348861694336,False,False
2021-04-09,31.532609939575195,289110798,0.024675957322270094,0.07967906874935969,0.1103568693202065,0.05940230292943713,0.04068913360645552,1.4743707586707544,2.3027662108583518,54.85499120255616,0.242150698235034,0.10555689283023219,23.072103786820374,1.1997742266346314,0.07823029311826545,0.06525962884437445,1.3301625957962173,0.630884913872749,False,False,True,False,34.554840087890625,27.917348861694336,False,False
2021-04-10,31.803802490234375,377650235,0.008563611281048546,0.11842697860375934,0.14062417657017554,0.03437933105031004,0.006463975492588416,1.5745643841964403,2.285307814571452,55.51636181978587,0.28480631279293583,0.10406241226044018,21.81122540624084,1.1946412701731186,0.08938075904245826,0.07948863161330454,1.3273554758074144,0.30624742352238266,False,False,False,False,34.554840087890625,27.917348861694336,False,False
2021-04-11,31.60232162475586,211605192,-0.006355270770208863,0.07462952631853181,0.09642568583446799,0.1214077556526171,-0.5595147835556838,1.5823381889941839,2.2489885490094563,54.87317669344592,0.28251321236794646,0.10047927061792003,22.88027216551371,1.1455260047690354,0.07833876576856887,0.07603308809029304,1.2895869964575677,-0.4396794377739498,False,False,False,False,34.554840087890625,27.917348861694336,False,False
2021-04-12,33.883968353271484,485683846,0.06971140556425551,0.0810316311447826,0.1395838463589954,0.09189186095868576,-0.3350538662726793,1.4710386629694332,2.319652300032288,60.45984222671497,0.40999083355879495,0.0961855802074834,26.236974285948772,1.118977911300294,0.14584654012205978,0.15550278035180118,1.4290946824995014,1.2952359599947814,False,False,False,False,34.554840087890625,27.917348861694336,False,False
2021-04-13,33.67353057861328,380251185,-0.006229906630831,0.0649960393670199,0.12808415100763956,0.14739178157378588,-0.36806677185038084,1.3805576816902008,2.3723787813432295,59.7254345490142,0.45215017836112914,0.09637533368300474,26.16668567340737,1.0950195561946172,0.1242417918256035,0.14723537008229476,1.3892064344615502,-0.21708084769201896,False,False,False,False,34.554840087890625,27.917348861694336,False,False
2021-04-14,38.462867736816406,975987632,0.1329812155552489,0.26609959257446336,0.29178729502804684,0.28178014155901643,-0.12964703722970025,1.4238472169712943,2.455786597697928,68.96511142539073,0.7566670320055459,0.0902323453734664,32.811451344795195,1.1821252705442824,0.25796493376319585,0.30074423297281916,1.6965672597836956,1.5666918881528273,False,False,False,False,34.554840087890625,27.917348861694336,True,False
2021-04-15,37.143062591552734,578582518,-0.03491628826470661,0.18843072405707656,0.26772784781842757,0.11584324443229532,-0.03785212706582032,1.3761960179856232,2.4075608780271014,64.56899641569088,0.8180654258634553,0.0952141536847896,36.41575250216177,1.1065198420950804,0.19736275323249136,0.25001747737578345,1.5746896949844265,-0.40718253077207023,True,False,False,False,34.554840087890625,27.917348861694336,False,False
2021-04-16,35.631317138671875,441000850,-0.04155206719624656,0.12220269953856006,0.20188176828791957,0.08750787041287983,-0.06899525535872558,1.01771086551114,2.407186129286383,59.861995018377286,0.7097495552446473,0.10095789242928967,36.685328067301434,1.1163942021415922,0.13400737704740395,0.19200694943562505,1.4432856231311058,-0.23779091783758322,False,False,False,False,34.554840087890625,27.917348861694336,False,False
2021-04-17,34.341453552246094,299361049,-0.03687176323208245,0.07676732502542889,0.19519430362918838,0.030754111428376973,-0.05645786189886987,0.9559330100877488,2.311167560446973,56.103937458518,0.5132804880415152,0.10344650223315537,36.306333310474265,1.123070758184529,0.08322699488817407,0.1424339374348497,1.3307064468288705,-0.32117806802413196,False,False,False,False,34.554840087890625,27.917348861694336,False,False
2021-04-18,29.253093719482422,586258120,-0.16036784655538455,-0.07724525075974674,-0.00261572444121498,-0.2553967892624708,-0.23634096012358682,0.8342593878477865,2.1319422542205055,44.29124610490354,0.028276911663415838,0.14032345846014216,36.429473708757826,1.1657093031509744,-0.07695919179735328,-0.029061413291309065,0.9687112666504302,0.9583647303427241,False,False,True,False,40.80036926269531,27.917348861694336,False,False
2021-04-19,26.283065795898438,305510537,-0.10706049055970399,-0.25401714688370625,-0.17298551573892373,-0.26757462063914295,-0.4450152250354127,0.801645875377135,2.0715329245562617,39.114459653411274,-0.4770272714863175,0.15820563307107358,39.215384678966046,1.1777769925711186,-0.16627813805294295,-0.1290616739746528,0.7557549342100552,-0.4788805023289059,False,True,False,False,40.80036926269531,27.917348861694336,False,True
2021-04-20,27.34795379638672,351820081,0.03971686486803487,-0.20807037538484038,-0.14307433601782032,-0.18214411297217503,-0.34852665004347033,0.7900130252789648,2.178007940413351,41.74360178989525,-0.7099804517967215,0.15230649934725937,40.27024799657933,1.181875307353033,-0.13059465491159397,-0.0937411019147684,0.812710933852033,0.151580840565247,False,False,False,False,40.80036926269531,27.917348861694336,False,False
2021-04-21,25.90350341796875,255465065,-0.054263483919806385,-0.39531507485989564,-0.12921548228543223,-0.12526493734563446,-0.33561602510898425,0.8286806966020512,2.128662878595922,39.26670592614576,-0.9185394332002836,0.15634652506500588,42.52344796551944,1.133909989161246,-0.17320891455763113,-0.14090615359774838,0.7046062853767985,-0.27387582802585964,False,False,False,True,40.80036926269531,23.41156005859375,False,False
2021-04-22,24.034961700439453,293095836,-0.07486871880729004,-0.43526750540247905,-0.24683678134540232,-0.17359193424678157,-0.4081113425508163,0.6364254768745754,2.109185949994221,36.26868606122865,-1.1258465782283564,0.17063548554125568,47.197025038543664,1.1581777793379209,-0.22657567281100324,-0.20116138165604944,0.5712669424944589,0.14730300207584146,False,False,False,False,40.80036926269531,23.41156005859375,False,False
2021-04-23,23.498424530029297,381922880,-0.022576130226075426,-0.41629156843230786,-0.29408886889374797,-0.1031497434993718,-0.31748523824290165,0.6014730624587243,2.0259433075547038,35.43214139211736,-1.2339302628884081,0.17623797957703297,51.65709388144102,1.1167221536943595,-0.23801326051810673,-0.21779460434793735,0.5264514795516216,0.30306484463327554,False,True,False,False,40.80036926269531,23.41156005859375,False,False
2021-04-24,21.777528762817383,177292845,-0.0760547301588987,-0.45547453535912424,-0.37870721033369525,-0.1771319828149799,-0.23559210701288383,0.558040605762415,1.997478137901985,32.81755514401536,-1.346927301620648,0.18435740541084722,58.298106487931335,1.1450403703249161,-0.2850627377227134,-0.2738218041085856,0.40633103560820755,-0.5357888875366671,False,False,False,False,40.80036926269531,23.41156005859375,False,True
2021-04-25,21.543121337890625,138398301,-0.010822077329966645,-0.30592876613370634,-0.38317401689345304,-0.27060880706240686,-0.32900452606118885,0.5666475379621074,1.9990655571239413,32.46612620145886,-1.3591463109361503,0.18373571359597704,64.5770738542018,1.099566184715,-0.281310975114683,-0.2800150703960312,0.3831120902041825,-0.21938022371968813,False,False,False,False,40.80036926269531,23.41156005859375,False,False
2021-04-26,26.459278106689453,264631790,0.20555030573806476,0.006682030164062351,-0.2473351167196439,-0.04335480535542152,-0.01053621137744987,0.7763955517487332,2.2087738856058703,45.618923942879356,-0.9757643195927015,0.15259920462262158,65.72399198133888,1.3284690288476972,-0.10973931265359228,-0.11560112358451001,0.6865282161709406,0.9121028805115172,False,False,False,True,40.80036926269531,20.011245727539062,False,False
2021-04-27,27.820369720458984,214406079,0.050161600266516816,0.017126765562544204,-0.19094360982229613,-0.031036425054403613,0.06998962961807621,0.9112130050141336,2.244833208728217,48.60345903354895,-0.5891767912484986,0.14014013073768336,66.14314100710506,1.3337386678467014,-0.06132812309952215,-0.07151844647548974,0.760055237447326,-0.18979469926874626,True,False,False,False,40.80036926269531,20.011245727539062,False,False
2021-04-28,28.327573776245117,240501701,0.01806719252975507,0.0894574420121057,-0.3058576328477899,-0.03952247756437674,0.09290039608633996,0.8589065283184877,2.2706554072000324,49.71105523646254,-0.2739959074831948,0.13573866621340272,66.42667782208531,1.3318565399056355,-0.040269988768873964,-0.05083961452896923,0.778472428853429,0.12171120390667656,False,False,False,False,40.80036926269531,20.011245727539062,False,False
2021-04-29,27.92986488342285,218944693,-0.014139126413741482,0.15018703440565417,-0.2850804709968248,-0.05893139269864316,0.15903583635925786,0.8768227235482614,2.2572882463887325,48.82259962514786,-0.07721856614377387,0.13562392474300794,66.6815022613442,1.3323688653959305,-0.04793379288653292,-0.06304522432099599,0.7404814347001911,-0.08963349494147654,False,False,False,False,40.80036926269531,20.011245727539062,False,False
2021-04-30,32.918373107910156,386072188,0.16433441276324984,0.33709757739497953,-0.07919399103732833,0.13612494852976523,0.18335027394710027,1.010423576503647,2.3512075696496297,58.77510433144704,0.37894212524211635,0.11869172395955378,67.01826900976098,1.4480714717894052,0.11998562832761346,0.10268299508647549,1.0332886495257698,0.7633320210232271,False,False,False,False,40.80036926269531,20.011245727539062,False,False
2021-05-01,31.89084243774414,415039866,-0.03171205736143299,0.38144025019244526,-0.07403428516667891,0.11526973222341974,0.16148871785821028,0.8584211776488218,2.1635388430874625,56.34449883867138,0.5889733446858321,0.12244056935321533,67.0788732765065,1.4526818023041592,0.08449354321548398,0.0654783161242043,0.9532898204892473,0.07503176582095583,True,False,False,False,40.80036926269531,20.011245727539062,False,False
2021-05-02,31.304956436157227,241565270,-0.018542460058402307,0.3737198674640097,0.06779110133030337,0.07243325983075605,0.13791305881290214,0.8614580412067314,2.1924602172868886,54.949142915217806,0.6605675374497189,0.12081133054153337,66.20204076517365,1.4527755519305225,0.06925851246771718,0.0456271754913686,0.9015909570375251,-0.41797092330402785,False,False,False,False,40.80036926269531,20.011245727539062,False,False
2021-05-03,35.93231964111328,613797104,0.13786072144769707,0.306030283173642,0.3127123133377045,0.24047827985180434,0.3310620755661422,0.9778336374098668,2.3366345036949157,62.787536285595834,0.9728308161970376,0.10949705366976957,67.66034470652602,1.52191884740702,0.22259541569389182,0.19470153184408048,1.1617933735597556,1.540916183853747,False,False,False,False,40.80036926269531,20.011245727539062,False,False
2021-05-04,30.361431121826172,429905095,-0.16846406923371762,0.08740461367340768,0.10453137923595182,0.03457202910306786,0.21948980220860195,0.71820482245513,2.1349531734195577,51.230897841337296,0.7665255801620151,0.13480885924346822,62.45554995436664,1.6369334109407374,0.04748319538330047,0.008575876745892951,0.8122832738059322,-0.2995973878039021,False,False,False,False,40.80036926269531,20.011245727539062,False,False
2021-05-05,35.263118743896484,311207014,0.149664533153722,0.21900195429737465,0.3084593963094804,0.12092726151878518,0.3470274053638636,0.8305386531965717,2.1188849231376956,58.47342374091017,0.9125947834238823,0.1193730225746862,60.53361855707357,1.704522032337016,0.22055183337804435,0.16970851419803787,1.0855294478651207,-0.276102987334914,False,False,False,False,40.80036926269531,20.011245727539062,False,False
2021-05-06,37.98084259033203,615820256,0.07424426727397257,0.3073853479850888,0.45757238239074305,0.1853658436458263,0.3542869567684253,0.7515105645696745,2.106609907489253,61.85577330065281,1.1304128154730404,0.11146274272015048,63.132099674153565,1.721999565255941,0.3092957791078516,0.2554144519982419,1.2239895695292378,0.9788122641734547,False,False,False,False,40.80036926269531,20.011245727539062,False,False
2021-05-07,38.04991912841797,812137105,0.0018170686582759002,0.14486800388011484,0.4819655812750944,0.2553052499562966,0.3984186767783069,0.7498602661992462,2.1400322151997986,61.94062566138181,1.210176319271736,0.11783863306330071,66.551445230381,1.7011718010284296,0.3033460217349865,0.2537619553228179,1.206074390928581,0.31878920364711094,True,False,False,False,40.80036926269531,20.011245727539062,False,False
2021-05-08,38.32207489013672,350546182,0.007127139136619549,0.18370720037816743,0.5651474505706128,0.2196798088402361,0.11237751395775476,0.4593768925011853,1.888666566605471,62.29649331248848,1.2094303896486744,0.11332520494211712,70.82046739608768,1.6966788860661162,0.2925914717467062,0.2622661907384995,1.1998396706538217,-0.5683657601138665,False,False,False,True,40.80036926269531,29.83710289001465,False,False
2021-05-09,39.021636962890625,329199843,0.018090188169557916,0.22033984860612763,0.5940597160701373,0.21309403968752397,0.272496342616961,0.2537831732939796,1.6874647983582782,63.247763840743765,1.1827813455177627,0.1107205097106571,73.51046737300729,1.6959864725075486,0.28850599108815794,0.2813622236867262,1.2176837008465735,-0.06089451289473746,False,False,False,False,40.80036926269531,29.83710289001465,False,False
2021-05-10,34.70148849487305,528356770,-0.11733370407001605,-0.03485457691158552,0.27117570626205656,0.08719672433645939,0.1215760553867694,0.0936606998290479,1.6617611085328998,54.15998172148281,0.8182517202774096,0.13940329589040934,73.10686325689142,1.7505956009850159,0.13210871198710858,0.13808806776460877,0.9552769061189875,0.6049727277664589,False,False,True,False,43.743953704833984,29.83710289001465,False,False
2021-05-11,36.82477951049805,342073952,0.05938839269715405,0.19299788501928627,0.2804024986926938,0.15294038780382235,0.27434814345643954,-0.40657439575186155,1.7352785767980063,57.39979480618717,0.6703946315547684,0.13104853020672577,72.3738547901904,1.7612053924231996,0.18035156139094385,0.20184019365914166,1.0560531937368995,-0.35257013551657523,False,False,False,False,43.743953704833984,29.83710289001465,False,False
2021-05-12,32.0162467956543,635368557,-0.13992748851419848,-0.09659413664863434,0.12240781764874038,-0.056698506274631744,0.03519335468405405,-0.39175237254731105,1.4143401566948015,48.960456979698066,0.2221938425433827,0.16100025296408096,68.37535485344956,1.8153727819785228,0.013261843456616962,0.04257465477347196,0.773797082342996,0.8574011651141447,False,False,False,False,43.743953704833984,29.83710289001465,False,False
2021-05-13,34.98023986816406,539807645,0.08853984053990596,-0.08229856338270095,0.22508678460238793,0.03807124089610536,0.18546302246989133,-0.32999553095427553,1.418628922586306,53.49893488277225,0.10475687979117021,0.14932591065590764,63.563777769142426,1.842416227114458,0.08731196826764974,0.13250840639120345,0.9216016578925901,-0.15040233097339128,False,False,False,True,43.743953704833984,30.219270706176758,False,False
2021-05-14,36.951202392578125,343970663,0.05481486107437316,-0.029300770966603665,0.11556723291351113,-0.040095113584770366,0.2416850279742459,-0.16974215081447067,1.3837521033865239,56.282760606928505,0.13718086322266054,0.14014427593202827,56.062114975131706,1.7915563177326541,0.12211419220724105,0.1878944866702687,1.011755519442916,-0.36279030838846305,False,False,False,False,43.743953704833984,30.219270706176758,False,False
2021-05-15,34.41056442260742,601746075,-0.07123456539536285,-0.10766247549858625,0.07604472487958111,-0.0764133907154267,0.03942985371686854,-0.11426551778124708,1.2997826272701964,51.96425994384766,-0.026397400922826275,0.15155790113376408,45.389456337663816,1.804555720885365,0.02493668691466793,0.10184600834401351,0.858113917498131,0.7494110391617903,False,False,False,False,43.743953704833984,30.219270706176758,False,False
2021-05-16,36.5188102722168,566714442,0.059463855224502045,-0.06628880844364207,0.15405104016248558,0.024602531705321857,0.11211040211820178,-0.044392723653403764,1.0423133972164618,55.04661824716874,-0.007509964006574332,0.1460811246566283,40.9398314133418,1.8114608150982205,0.07167665398657332,0.16273560680040194,0.9548278616780352,-0.058216637308353025,False,False,False,False,43.743953704833984,30.219270706176758,False,False
2021-05-17,33.662254333496094,457823166,-0.08145031758201739,-0.03040542195564348,-0.065259998867229,-0.019976022644613022,0.010778088783763894,-0.07643388454348293,0.9359569874431357,50.33376204154568,-0.1920716059879295,0.15921251321469485,37.043710765106006,1.8297170170653065,-0.020547133484111867,0.0684068296380419,0.7876188868801479,-0.19214487567267613,False,False,False,False,43.743953704833984,30.219270706176758,False,False
2021-05-18,36.82215881347656,369926391,0.08972264544787933,-7.116920491822614e-05,0.192926715814368,0.2301144693586509,-0.025282319903819947,-0.006226490764935966,1.0643738572064374,54.93052346950411,-0.1100819444972636,0.1436134575685954,33.3725585517422,1.7616602285314553,0.0583161400182219,0.16326978300582992,0.9383843987427447,-0.19198848273221714,False,False,False,False,43.743953704833984,30.219270706176758,False,False
2021-05-19,23.383895874023438,583118261,-0.45405223070461603,-0.31419591139533576,-0.4107900480439702,-0.11687727078626124,-0.3844518914254041,-0.5618924958216739,0.684768604590874,38.57801347850646,-0.9243264928279729,0.27030799702123476,40.959635362965855,2.36018740712147,-0.32349730723295744,-0.2583413010697657,0.2246088522944292,0.5763088960041243,False,False,False,False,43.743953704833984,30.219270706176758,False,True
2021-05-20,25.196884155273438,356467352,0.07467276731447041,-0.32806298462077144,-0.4103615480034724,-0.08192136833982588,-0.26406548131200086,-0.4304480183832962,0.7080916569391388,41.12450257336928,-1.2822232859831901,0.25347398879222965,47.72724997433512,2.3714398951541864,-0.2628132278814341,-0.19904484294490143,0.3121625697656016,-0.3886877228151152,False,True,False,False,43.743953704833984,30.219270706176758,False,False
2021-05-21,21.801769256591797,262253583,-0.14472921717962117,-0.5276070628747657,-0.5569078338413694,-0.17238710159964057,-0.297652038945275,-0.5080031267086249,0.6562935950024106,37.95136079001928,-1.6647751374546977,0.29909568293996996,57.91925199025923,2.416744153820204,-0.3525892853792539,-0.3040405393834962,0.1300087289214871,-0.26429845109630123,False,False,False,False,43.743953704833984,30.219270706176758,False,False
2021-05-22,18.851139068603516,159666877,-0.14541778495017646,-0.6017902824295793,-0.7094527579281654,-0.24293616774252694,-0.4165281019893086,-0.6510475102933433,0.39348930913204844,35.39525483730901,-2.010565966513139,0.33574070769057995,70.66493380694843,2.454376056504644,-0.42966311485536357,-0.3942606602893229,-0.026839284788998635,-0.3911737060995655,False,False,False,False,43.743953704833984,30.219270706176758,False,False
2021-05-23,15.756152153015137,241105086,-0.1793424382188083,-0.8405965758728895,-0.9068853843165317,-0.3997024757352598,-0.5028522192346315,-0.7171877139781614,0.20177058672346465,32.89272067154569,-2.319818794829363,0.4070826254544037,86.14274033603951,2.525885939783743,-0.5082937359401098,-0.4896125377140871,-0.18924401020909493,0.5100507414571651,False,False,False,False,43.743953704833984,30.219270706176758,False,False
2021-05-24,19.410947799682617,248935736,0.20860632458000286,-0.5505399337108693,-0.580945355666513,-0.11504142099635822,-0.29217340381133816,-0.3506335280092421,0.4429991847660569,38.42879122976662,-2.1539160771777746,0.32653388911536685,94.32191317569972,2.6299201926602955,-0.3837071677742872,-0.3671564863130658,-0.005289365131464745,0.03247816182525498,False,False,False,False,43.743953704833984,30.219270706176758,False,False
2021-05-25,19.450809478759766,177064640,0.0020514611715235077,-0.6382111179872252,-0.6382822871921435,-0.10216788249486812,-0.37277668955727494,-0.4311724085560568,0.4644796554672393,38.48839396958124,-1.9246793934411488,0.3139621494059573,101.8102208386982,2.6298730512660664,-0.3665405674415282,-0.36094163501626186,-0.007279654923503119,-0.2887134533388167,False,False,False,False,43.743953704833984,30.219270706176758,False,False
2021-05-26,20.905675888061523,183798753,0.07213200804912893,-0.11202687923348019,-0.426222790628816,-0.23558618018380376,-0.27894098553922536,-0.24612239156125365,0.5408093715649294,40.743048772933065,-1.5730741426682324,0.27941604065005743,105.93796449320433,2.5359483727507377,-0.2996876867685978,-0.3083017859341632,0.0622287693180158,0.03803194697710399,False,False,False,True,43.743953704833984,12.147003173828125,False,False
2021-05-27,19.000335693359375,120995855,-0.09556404861088505,-0.28226369515883554,-0.6103266797796071,-0.38131182906120564,-0.41234825411560927,-0.31132219944312944,0.5299011759529278,38.740328089447466,-1.3740575542366056,0.29465338863964363,110.83873882713019,2.5449150311249595,-0.34253650087960874,-0.36695451793291695,-0.03837510513668745,-0.3416938198704754,False,False,False,False,43.743953704833984,12.147003173828125,False,False
2021-05-28,16.73341178894043,124661585,-0.12704922048122816,-0.26458369846044255,-0.7921907613352083,-0.5264282420721886,-0.5659507196365654,-0.4335278459858487,0.33247828624629894,36.44495456266611,-1.3010570341710448,0.32577378799778717,116.74070111096869,2.573009756808895,-0.39851187389396076,-0.4372213653826471,-0.15595049530510816,0.030296327093188413,False,False,False,False,43.743953704833984,12.147003173828125,False,False
2021-05-29,16.127492904663086,73317089,-0.036881977129201125,-0.15604789063946725,-0.7578381730690466,-0.5491710927876483,-0.6081024854862915,-0.3901352564283905,0.32765163076061293,35.83380814891015,-1.201900920177374,0.32444866546430573,121.05728094736057,2.573853323703033,-0.39541504401600436,-0.45192038852069766,-0.18907856687307395,-0.41187103468963593,False,True,True,False,21.447900772094727,12.147003173828125,False,False
2021-05-30,16.534385681152344,66551414,0.024916743635411822,0.04821129121475288,-0.7923852846581366,-0.6885887619154863,-0.5524638133857211,-0.5052384879683862,0.32183481458816043,36.602636215235734,-1.0241742645768266,0.3036478465336429,126.37407784082116,2.4940401398340564,-0.35831052293206955,-0.4321996279469784,-0.171337973630292,-0.09227964574534597,False,False,False,False,21.447900772094727,12.147003173828125,False,False
2021-05-31,18.161319732666016,83671863,0.09385184992937333,-0.06654318343587659,-0.6170831171467458,-0.5630248546246802,-0.44775512240126025,-0.4015361367664698,0.2953963230241417,39.71306880318578,-0.7263233563760747,0.2664440672697288,127.00980869437461,2.5267319171570506,-0.2686849843754985,-0.3705187555752289,-0.09314793600751486,0.25725146876668914,False,False,False,False,21.447900772094727,12.147003173828125,False,False
2021-06-01,17.773170471191406,80656521,-0.02160399972215396,-0.09019864432955395,-0.7284097623167791,-0.5660863942884317,-0.4936531344576757,-0.4281733354755296,0.29537164691829965,39.218694121278176,-0.49573720220576556,0.25840575335115074,130.13356189874875,2.5267510516511935,-0.26318537625404415,-0.37701460712565554,-0.11563722782185666,-0.03603770600876899,False,False,False,False,21.447900772094727,12.147003173828125,False,False
2021-06-02,18.677080154418945,101921641,0.049607068619167,-0.11272358375951604,-0.22475046299299614,-0.6543400471169619,-0.41386176726515767,-0.3232779715508197,0.3234935902929049,41.058840643830024,-0.23581293122730784,0.23674174841640308,129.01307811460248,2.4760953504691416,-0.19863120683232852,-0.338375013849578,-0.07415602648661024,0.26365035010622395,False,False,False,True,21.447900772094727,15.171512603759766,False,False
2021-06-03,20.24371337890625,118155006,0.0805471829951794,0.06338764784654848,-0.21887604731228702,-0.4053287948880648,-0.3707567657849969,-0.18583899267946274,0.31287602756706523,44.21134191981651,0.0717051767340311,0.21131138393217677,121.99484336670426,2.4425828747142124,-0.09912222050922427,-0.27350021308477585,-0.0006345764714985315,0.1592729948294298,False,False,False,False,21.447900772094727,15.171512603759766,False,False
2021-06-04,18.247404098510742,108497012,-0.10382146619468513,0.08661540213309135,-0.17796829632735112,-0.658814794236472,-0.5378875327176869,-0.3117873888726086,0.1717238589600995,41.18822560971751,0.1653914747209626,0.2297584142837039,116.89833244192995,2.3888874065158707,-0.15766725867524478,-0.3361395525057532,-0.1024051691463352,-0.08174003224205328,False,False,False,False,21.447900772094727,15.171512603759766,False,False
2021-06-05,17.250303268432617,92501652,-0.0561931046322401,0.0673042746300524,-0.0887436160094148,-0.7892521661426848,-0.6038863224968586,-0.4349652093742595,-0.03774160157301039,39.72704676278537,0.18353113461673143,0.23486986260841697,104.22652761652064,2.3659891413716028,-0.16663249829566468,-0.3639077990831405,-0.15424408780040788,-0.1474267328209924,False,False,False,False,21.447900772094727,15.171512603759766,False,False
2021-06-06,17.400110244750977,48841452,0.0086468180041089,0.05103434899874946,0.09924564021350239,-0.7824224167968518,-0.5271171668405551,-0.3840037400185449,-0.03256215059760555,40.07103588420758,0.22614338663059552,0.21975630359257461,91.23180422188979,2.3671306479528593,-0.1250249794266587,-0.3502660069947232,-0.1497446975925033,-0.4719937326092295,False,False,True,False,20.689634323120117,15.171512603759766,False,False
2021-06-07,15.522640228271484,129221032,-0.11417692401796196,-0.15699442494858581,-0.2235376083844624,-0.9037264799514333,-0.6840466711111971,-0.7913489659936785,-0.444349587450248,37.2051986581983,0.1519692724933175,0.24107285908886264,52.27123474620286,2.383471259433105,-0.17526784498283324,-0.4143670835018647,-0.2436853041526848,1.6457246193254043,False,False,False,False,20.689634323120117,15.171512603759766,False,False
2021-06-08,14.868940353393555,123776326,-0.043025120854606934,-0.17841554608103893,-0.2686141904105928,-0.9648417889755981,-0.7517477492880742,-0.692345446358637,-0.7110586156816187,36.23352242296633,0.08623583898497289,0.24494015203325684,51.49493146385517,2.3774365887830484,-0.19171583296136713,-0.43415628521864685,-0.2774997507991081,-0.04213482833042226,False,True,False,False,20.689634323120117,15.171512603759766,False,True
2021-06-09,15.38689136505127,107246374,0.03424143963990678,-0.19378117506029913,-0.3065047588198151,-0.8132666452656755,-0.7260699209292161,-0.6916905898789061,-0.7196059454366276,37.62358180527493,0.1038141892433746,0.2294312160035893,41.839834485477965,2.3678594129077886,-0.14064603825856886,-0.40906577712876935,-0.25439426279301364,-0.133546959537319,False,False,False,False,20.689634323120117,15.171512603759766,False,False
2021-06-10,14.176407814025879,90307844,-0.0819367755046087,-0.35626513356008715,-0.29287748571353867,-0.9545918134674383,-0.8016514256636159,-0.6802436700109988,-1.3611662092192998,35.666724990465426,0.06214799599304577,0.24028219947109675,41.45480728224564,2.354155249884619,-0.19102514836287118,-0.4506057302926057,-0.3147587110951266,-0.15794035143789575,False,False,False,False,20.689634323120117,15.171512603759766,False,True
2021-06-11,13.418978691101074,79178329,-0.054909136215555196,-0.3073528035809573,-0.2207374014478659,-0.8695734611687951,-0.9262719674434268,-0.8343801064847408,-1.261325833716106,34.45899645774257,0.014303908658790832,0.24342911234136616,46.248689015374566,2.3234943073781547,-0.2221922854622319,-0.4756446995760545,-0.35283288014897923,-0.12323973762456342,False,False,False,False,20.689634323120117,15.171512603759766,False,False
2021-06-12,13.55193042755127,79705597,0.009858979003393359,-0.24130071994532384,-0.17399644531527153,-0.9482543227053076,-0.9101830818092025,-0.7627913002354165,-1.2782498536595832,34.875851299799336,0.021885127967157025,0.23025091758156538,49.71678936772539,2.2893614759363574,-0.20943569194013484,-0.4663009134911511,-0.34788098874658224,0.006659246370304128,False,False,False,False,20.689634323120117,15.171512603759766,False,False
2021-06-13,14.775566101074219,97026435,0.08644587319547906,-0.1635016647539539,-0.11246731575520436,-0.9166233105842018,-0.9567184241689722,-0.6749382826099559,-1.0863654613986724,38.73780544641373,0.1333634558628698,0.20435674046129962,50.225389156986985,2.306981086636813,-0.12624014378264498,-0.4148850620132585,-0.29082977879734545,0.217310184628565,False,False,False,False,20.689634323120117,15.171512603759766,False,False
2021-06-14,14.965835571289062,99438783,0.012795097428609374,-0.03652964330738247,-0.1935240682559682,-0.8325936477602295,-0.9090070384756562,-0.7931637940433609,-0.9468591655414765,39.34018167017156,0.23786762118634197,0.1921520984843738,49.85125352315428,2.30695077523046,-0.10309456464418126,-0.4042469421878349,-0.28366386993524784,0.024862791258897676,True,False,False,False,20.689634323120117,15.171512603759766,False,False
2021-06-15,15.18004322052002,95150889,0.014211644384717094,0.02070712193194178,-0.15770842414909722,-0.8778458586000144,-0.8532433268946925,-0.7657354564818125,-0.9222385822534181,40.05480989147153,0.3335077657268153,0.1801082764231004,45.406713524980546,2.2907611884480867,-0.07437621088508592,-0.39024427430135006,-0.27542031868264405,-0.04312094205738615,False,False,False,True,20.689634323120117,12.660572052001953,False,False
2021-06-16,14.067678451538086,79021452,-0.07610176154337807,-0.08963607925134302,-0.2834172543116421,-0.8724973025613749,-0.892473325205988,-0.8617192137776112,-0.948931187104858,37.57897905302452,0.3331596150753948,0.18681673235990964,45.24727366946652,2.2893030340559326,-0.1291070028909002,-0.42861308881621013,-0.33018558082988514,-0.16951430690258706,False,False,False,False,20.689634323120117,12.660572052001953,False,False
2021-06-17,14.832069396972656,100424428,0.05291183005908587,0.045212526312351405,-0.3110526072477357,-0.9093081179501684,-0.6791936485915177,-0.9345904378539884,-0.9155346087151044,40.30937368317679,0.3916769383289278,0.17148493841148096,45.93170817962072,2.2687677468556315,-0.0763495573923747,-0.39088816546718996,-0.29565601537170527,0.27085019900672025,False,False,False,False,20.689634323120117,12.660572052001953,False,False
2021-06-18,13.627870559692383,78295122,-0.08467468604184354,0.015446976486063088,-0.2919058270948941,-0.5399305732873961,-0.6568078440736573,-0.9243824647128001,-1.10182306910907,37.524671200691024,0.3574989135133664,0.1845116429738271,48.156705314244725,1.6933159298582967,-0.1446827012281656,-0.43368888339222145,-0.3543649188717341,-0.2203577997974756,False,False,True,False,15.51841926574707,12.660572052001953,False,False
2021-06-19,13.45772933959961,37953811,-0.012563388562609556,-0.006975391079939668,-0.2482761110252636,-0.627166729164476,-0.7090880975043018,-0.8912322104764767,-1.0576147475477722,37.134330023802846,0.3321892379160265,0.17780007080548543,50.34444612210861,1.6602438906806827,-0.1471267506651916,-0.43156536868874945,-0.3639139854141239,-0.5152467991556358,False,False,False,False,15.51841926574707,12.660572052001953,False,False
2021-06-20,13.970991134643555,55939670,0.03742950503770132,-0.05599175923771749,-0.21949342399167135,-0.44500800694715364,-0.6173951085467942,-0.7426600458924285,-0.9530111336557785,39.18937356518197,0.35662090422104953,0.16571401472766314,49.9492028382811,1.610075711844562,-0.10268467765978,-0.400815394367986,-0.3412485283349398,0.473888089920667,False,False,False,False,15.51841926574707,12.660572052001953,False,False
2021-06-21,11.210616111755371,86300256,-0.22012192163427471,-0.28890877830060174,-0.32543842160798414,-0.519712143631252,-0.762648311373779,-0.9362402456205605,-1.1707596539245952,32.95077613272798,0.2012200665757935,0.21079068750833246,54.923003607367235,1.7046418419442873,-0.2644744190907207,-0.510769320359975,-0.472323190983672,0.5427380247327165,False,False,False,False,15.51841926574707,12.660572052001953,False,True
2021-06-22,10.526581764221191,109716996,-0.062957541816305,-0.3660779645016239,-0.3453708425696823,-0.4033272472287487,-0.8030297229640084,-0.9061794664633803,-1.12051496120691,31.607980579292686,0.07329865804244573,0.22453001781398746,58.6768014212208,1.6111928333386494,-0.2903802006224223,-0.5302032212402114,-0.5053323390646095,0.2713403306706297,False,True,False,False,15.51841926574707,12.660572052001953,False,False
2021-06-23,11.193946838378906,76905669,0.061469516677019824,-0.22850668628122614,-0.31814276553256915,-0.5504640551317318,-0.6655054761280901,-0.8426374589430699,-0.9010975831409739,34.4160761902245,0.055382766435299935,0.2063130963253852,53.71478452207996,1.4272046375395644,-0.22164946749663508,-0.49172303393091615,-0.4749064083828693,-0.29905418664579553,False,False,False,False,15.51841926574707,12.660572052001953,False,False
2021-06-24,11.482956886291504,51808717,0.02549075487823359,-0.2559277614620784,-0.21071523514972698,-0.5270247614250217,-0.6291926439198897,-0.8998014509822966,-0.9581971699810787,35.64833074161679,0.0830834199230206,0.19241989343476848,51.65029614716056,1.4337482647459876,-0.1823238462210866,-0.46709173787494934,-0.46234344095552526,-0.3263342264144403,False,False,False,False,15.51841926574707,12.660572052001953,False,False
2021-06-25,10.270669937133789,53164067,-0.11157167196815362,-0.2828247473883885,-0.26737777090232534,-0.7107284414423044,-0.9463146216261082,-0.9896694269815298,-0.9568508330035582,32.85938753765815,0.04192489513832642,0.21050466892380154,53.57255492684809,1.4322809902773266,-0.2500107419105057,-0.5107693866778069,-0.5198784638343005,0.026160655551458634,False,False,False,True,15.51841926574707,9.374876022338867,False,False
2021-06-26,10.2755708694458,42029114,0.00047706365861257524,-0.2697842951671663,-0.276759686247106,-0.6146873291728067,-0.9959991582340123,-1.027035583288416,-0.9260095286159362,32.882248569466526,0.03734690102291793,0.20097365014921864,53.09753502572172,1.4106358310119511,-0.22961313061704752,-0.4972327495661683,-0.5204522398355008,-0.20944509380743948,False,True,False,False,15.51841926574707,9.374876022338867,False,False
2021-06-27,10.919079780578613,34727228,0.060742379679028374,-0.24647142052583912,-0.3024631797635567,-0.42689572901255024,-0.9533239710847389,-0.9928464486491156,-0.860423574998399,35.96533849204606,0.09660620902640638,0.18142863857190897,54.038845070207756,1.3839197821907212,-0.1669922939610817,-0.4510257621166958,-0.4913293624471144,-0.1737339978187501,False,False,False,False,15.51841926574707,9.374876022338867,False,False
2021-06-28,11.286295890808105,45312867,0.03307753912428152,0.006728040232717227,-0.2821807380678846,-0.35693621275906756,-0.9061073055467159,-0.965038698245359,-0.7470714691874581,37.72336640338357,0.17491848424196954,0.1676802365558582,54.60208202173597,1.3910032998674797,-0.1270480441498248,-0.41628426708329846,-0.4752166445298525,0.30482245804358477,True,False,False,False,15.51841926574707,9.374876022338867,False,False
2021-06-29,11.851420402526855,60893173,0.04885848887761057,0.11854407092663277,-0.24753389357499114,-0.3329944675168689,-1.0215832294323552,-0.8854582809025899,-0.838232955485255,40.43367388988971,0.2732989085420221,0.15584622179371413,52.85598605020409,1.401446153838322,-0.07063077549774485,-0.37221858389877466,-0.45004140405153353,0.3438384510077457,True,False,False,True,15.51841926574707,9.791808128356934,False,False
2021-06-30,11.955547332763672,52911536,0.00874765702121606,0.06582221127082914,-0.16268447501039707,-0.4180986604250261,-0.9811235150497063,-0.8658537828262864,-0.8196347971914959,40.94366607764779,0.34905770332480257,0.14970697076887515,52.54439178788972,1.351789734644614,-0.05422971792450186,-0.3495659206142516,-0.44631700417316245,-0.1310760567527003,False,False,False,False,15.51841926574707,9.791808128356934,False,False
2021-07-01,11.22981071472168,33886419,-0.06262346932603037,-0.022292012933434767,-0.2782197743955132,-0.45911813002890256,-1.0252045243173342,-0.9527712644865782,-0.8872914655044322,38.471367134104725,0.3529107717203823,0.15471158641894442,53.55164946043286,1.3622496476349468,-0.10388128629230435,-0.37491124703301276,-0.4808766690484673,-0.35956463255952353,False,False,False,False,15.51841926574707,9.791808128356934,False,False
2021-07-02,11.132654190063477,40854419,-0.008689304723794712,0.08059035431092423,-0.20223439307746424,-0.5174145033718642,-1.171754550488826,-0.9312762706370218,-0.840692474922684,38.139346463908296,0.35080289769646766,0.1498503205702133,54.372172800139026,1.3423180644157389,-0.10297549861715598,-0.3634188868831158,-0.4863168816128783,0.20562810133463794,False,False,True,False,12.349824905395508,9.791808128356934,False,False
2021-07-03,11.503907203674316,33146235,0.03280412594475073,0.11291741659706232,-0.1568668785701039,-0.5651575604222928,-0.9704863553103577,-0.9359143262072898,-0.7509965531017556,40.260970205757246,0.3741625703643505,0.1395524558189173,52.46750289555424,1.3084420007164335,-0.06068038752116923,-0.32247253003757176,-0.47018931059759,-0.1886744246687243,False,False,False,False,12.349824905395508,9.791808128356934,False,False
2021-07-04,12.350099563598633,60403499,0.070977390365175,0.12315242728320888,-0.12331899324263017,-0.3903587038624326,-1.0491734980989047,-0.9282462365801196,-0.7021460927350411,44.89962656786283,0.441716982622649,0.13030350014245726,48.905196994413885,1.3076064549041748,0.019298220447491368,-0.25323071894219357,-0.4323951696802282,0.822333637591117,False,False,False,False,12.349824905395508,9.791808128356934,True,False
2021-07-05,12.026809692382812,64962340,-0.02652582603357635,0.06354906212535112,0.07027710235806826,-0.3606914252637688,-1.1499435914064537,-0.9645777477606274,-0.7956566346380283,43.509588502924856,0.4577901013216943,0.1291131005697969,43.6203946347669,1.2993442765312655,0.005702532242669315,-0.2505819730074057,-0.44837116165610125,0.07547312780671867,False,False,False,True,12.349824905395508,10.58177661895752,False,False
2021-07-06,13.357434272766113,115274691,0.10493480537601002,0.11962537862375071,0.2381694495503834,-0.2644034378918677,-1.0468258546887195,-0.7915206047324229,-0.6484071779104127,50.32607485773136,0.54525872334742,0.1195634486844482,42.100659466077715,1.3605869830659931,0.1202984799632243,-0.14605890615532352,-0.3887351320949557,0.7744848938631212,False,False,False,False,12.349824905395508,10.58177661895752,True,False
2021-07-07,13.089753150939941,90665563,-0.02024338230476801,0.09063433929776643,0.15645655056859561,-0.17046989617867378,-1.0741963761301072,-0.854516567289871,-0.9618188621723524,49.043984991533,0.5696485230894597,0.11927105410093744,37.208542837687254,1.3074456497554032,0.10592828796534726,-0.13698418589907563,-0.40230044594958,-0.2134824894043741,True,False,False,False,12.349824905395508,10.58177661895752,False,False
2021-07-08,12.119664192199707,66426383,-0.07700044856589516,0.07625736005790174,0.05396534712446682,-0.20444522388996203,-1.1692870128655601,-0.9561929731780362,-0.8967906702485992,44.60868192636926,0.5070988140479935,0.1270107749450577,34.85177697539797,1.3249133840095593,0.030533130295544456,-0.18889530461205398,-0.4477069475938641,-0.2673471514206557,False,False,False,False,12.349824905395508,10.58177661895752,False,False
2021-07-09,12.544168472290039,63493395,0.034426620682569915,0.11937328546426643,0.19996363977519066,-0.20426004284729868,-1.017526688112974,-0.9303299637765149,-0.8959506327262049,46.87285300789489,0.48117996601096213,0.12090068727485624,33.009021187645125,1.3249857638114497,0.07078759773256707,-0.14602289224945977,-0.4295900373050445,-0.04415396213880862,False,True,True,False,14.199019432067871,10.58177661895752,False,False
2021-07-10,12.025736808776855,36867384,-0.042206806831816344,0.044362352687699225,0.15727976928476156,-0.16453007417450644,-1.1191218876419446,-0.9661814998381223,-0.8447737441855051,44.48151357897898,0.4183066653110554,0.12282012089318968,28.297234870938208,1.3037087238558638,0.03512767983548151,-0.17027232835709266,-0.45427388172719807,-0.41935087893788003,False,False,False,False,14.199019432067871,10.58177661895752,False,False
2021-07-11,12.413664817810059,31468064,0.03174878009556515,0.00513374241808927,0.12828616970129816,-0.07787215786338611,-0.9474456190321812,-1.0041441253068129,-0.9122522643481269,46.67383627681645,0.3924553033001388,0.11371475721514496,28.560718603249573,1.2973852384211015,0.06301502805758494,-0.13583025796005266,-0.4378810996557095,-0.1464524849389911,False,False,False,False,14.199019432067871,10.58177661895752,False,False
2021-07-12,12.186532974243164,51376241,-0.018466379816624117,0.013193188635041379,0.07674225076039262,-0.1061975166834035,-1.0544518393887112,-1.016380598492606,-0.86898881691882,45.539946217536304,0.3510175784165612,0.11407543916036729,27.103343658313676,1.297724799709331,0.03620053689004554,-0.14740455737440813,-0.449299257355601,0.632647022708483,False,False,False,True,14.199019432067871,11.647981643676758,False,False
2021-07-13,11.914669036865234,43903713,-0.022561154322974113,-0.11430277106394272,0.00532260755980789,-0.21520454420185658,-1.1318278547860583,-1.1719229683708288,-0.8901428268118126,44.157154440558884,0.29832811946395865,0.11233985984391007,26.674103915656588,1.2576733092345902,0.009989700978743523,-0.15758858500880482,-0.462672399043947,-0.14544715328628266,False,False,False,False,14.199019432067871,11.647981643676758,False,False
2021-07-14,11.792096138000488,43795905,-0.010340844920573343,-0.10440023367974809,-0.013765894381981567,-0.23834048655103948,-1.070934134311269,-1.1473475250266958,-1.0315042805944004,43.515595234008785,0.2501958152596958,0.11119396742435263,26.527835747454876,1.2556373575602253,-0.0017086570351148753,-0.15712663441591077,-0.469262174524784,-0.0024555554105412103,False,False,False,False,14.199019432067871,11.647981643676758,False,False
2021-07-15,11.349885940551758,34811185,-0.03822179364293314,-0.06562157875678598,0.010635781301115624,-0.29077392457868967,-1.1686197831787042,-1.1440172514733822,-1.0565093810605022,41.19044445890629,0.18647426974917636,0.11329616941706604,23.89884417466161,1.2573110039577247,-0.04351455292954354,-0.17749904858473542,-0.49013397326401087,-0.20514977370601206,False,False,False,False,14.199019432067871,11.647981643676758,False,True
2021-07-16,10.860897064208984,47233363,-0.04403878089442815,-0.14408698033378417,-0.02471369486951775,-0.2587109439297398,-1.1312082464911148,-1.151184269135728,-1.120430157707351,38.72629497215161,0.11291175992808755,0.11633584900314183,21.942476530523763,1.2408624415536884,-0.08697480246373417,-0.20353918294264953,-0.5129662949490456,0.35684444525516734,False,False,False,False,14.199019432067871,11.647981643676758,False,False
2021-07-17,10.927745819091797,32780916,0.006136129266085072,-0.09574404423588267,-0.051381691548183485,-0.30548664472274056,-1.214794762672909,-0.9846802933142581,-1.2400770825767289,39.26124777145863,0.07225230299558705,0.11005060737844344,21.919957124172708,1.2222538187650296,-0.08138859901345913,-0.19175482554534826,-0.5108463452541712,-0.30597963138894,False,False,False,False,14.199019432067871,11.647981643676758,False,False
2021-07-18,10.70465087890625,32792037,-0.020626734348076152,-0.14811955867952387,-0.1429858162614347,-0.24143869302897317,-0.7813692663163693,-0.8982465371026304,-1.1658211577417732,38.06679570634479,0.03567907122296998,0.10842449867794124,23.267774307618875,1.193195289030318,-0.09793718016276695,-0.2018529800964675,-0.5216657869138304,0.00033925226494591065,False,False,False,False,14.199019432067871,11.647981643676758,False,False
2021-07-19,10.169768333435059,32476789,-0.05125887821547231,-0.180912057078372,-0.1677188684433306,-0.28013418268183576,-0.9073009118463118,-0.9892222801861377,-1.1713663931583125,35.29434908431094,-0.016394640935930238,0.11100581536841693,26.58838955138478,1.202634999643675,-0.13689530010716439,-0.23446856421544113,-0.5462799230299961,-0.00961355343676884,False,False,False,False,14.199019432067871,11.647981643676758,False,False
2021-07-20,9.650588035583496,35862709,-0.05240058057018393,-0.21075148332558183,-0.32505425438952457,-0.369964268289721,-0.8149722752368747,-0.9873593768365152,-1.1126243141821495,32.797447749667484,-0.07441451640489016,0.11602763090001973,31.157329938246985,1.1994819975627835,-0.17286772533358533,-0.2641211970788816,-0.5700170808097464,0.10425661231472105,False,True,False,False,14.199019432067871,11.647981643676758,False,False
2021-07-21,10.420524597167969,45013149,0.07675853045135055,-0.12365210795365798,-0.22805234163340604,-0.07308381620409576,-0.5927959598353476,-0.8357321275778746,-1.0093240618246562,39.61949000286198,-0.05068180200232075,0.10841692618384283,32.50065513545364,0.978901775401829,-0.10376980048263765,-0.19640097584365612,-0.5364277027654252,0.25515194627377413,False,False,False,False,14.199019432067871,11.647981643676758,False,False
2021-07-22,10.828587532043457,40893616,0.0384122504443323,-0.04701806386639252,-0.11263964262317853,0.028285976056541685,-0.3750412711722071,-0.7747437469074668,-0.8778934904068386,42.926388619141484,6.932844027918161e-05,0.10158979076535776,32.895451534409794,0.9637621572153056,-0.06745446004152676,-0.15470002262283178,-0.51906130511859,-0.09151843609075205,False,False,False,False,14.199019432067871,11.647981643676758,False,False
2021-07-23,11.099355697631836,35786332,0.024697430655273557,0.02171814768330911,-0.12236883265047512,-0.008486109965204595,-0.5589501650969365,-0.6739915860932946,-0.8511235689082746,45.075911626965045,0.056332631059170524,0.0960613513489952,33.17149453705846,0.9430074632116154,-0.04246821915304538,-0.12101449776665445,-0.5078561327109079,-0.12489196357690646,False,False,False,True,14.199019432067871,9.340633392333984,False,False
2021-07-24,11.17281723022461,42078775,0.0065967338913933355,0.022178752308617333,-0.07356529192726534,-0.02738013095204482,-0.5544048923770666,-0.6565727748719346,-0.9271815819343414,45.67372242845123,0.10038139928104783,0.09172232348313579,32.91488450196574,0.9388014891709209,-0.03121109507862752,-0.10517025657298346,-0.5053594054532402,0.17583369538962534,True,False,False,False,14.199019432067871,9.340633392333984,False,False
2021-07-25,11.2407865524292,34788469,0.006065024724731456,0.04887051138142478,-0.09924904729809902,0.09025656574084016,-0.6204718757014641,-0.856058055885268,-0.8994128612406894,46.25658185284626,0.13388593521020198,0.08828419564440498,32.85303899021489,0.8497246340384513,-0.021984649063668888,-0.09097631049121702,-0.5030785161272853,-0.17325376035780504,False,False,False,False,14.199019432067871,9.340633392333984,False,False
2021-07-26,11.492170333862305,94326395,0.02211714296699323,0.12224653256389026,-0.05866552451448167,0.11189664504922084,-0.5027906841235861,-0.8841025131847916,-0.9151389382391951,48.459077512417174,0.17042511664663496,0.08932664560069692,29.537770646803384,0.8522620098884817,0.008067150391495841,-0.06168140208929881,-0.492752173559978,1.711427024857001,False,False,False,False,14.199019432067871,9.340633392333984,False,False
2021-07-27,11.91977310180664,52941102,0.03653266341437674,0.21117977654845083,0.0004282932228689414,0.08768692878456896,-0.3392088002279811,-0.8656370423001699,-0.9051595198645467,52.05816470790399,0.2178083615523162,0.08646261078248887,26.767595355694695,0.8359049955641518,0.05096843603792955,-0.02100849884777741,-0.4745883547082246,-0.4387456236401275,False,False,False,False,14.199019432067871,9.340633392333984,False,False
2021-07-28,12.256926536560059,68268675,0.02789258237777133,0.16231382847487175,0.038661720521213756,0.0825019720380588,-0.27443424072100875,-0.8236053335086572,-0.8825367262073003,54.741716745805846,0.26323585290885443,0.0823317507761993,27.0188050021045,0.8337436822995478,0.08004175486361556,0.01102036130623511,-0.4603262431519488,0.2895212305931978,False,False,False,False,14.199019432067871,9.340633392333984,False,False
2021-07-29,12.41838264465332,66712426,0.013086637427703132,0.13698821545824247,0.08997015159184986,0.04673012058815134,-0.28626434692871766,-0.9748531088442041,-0.8387281603144388,56.01154688365354,0.29324357098537485,0.07914404899855622,26.7031124987852,0.8180332113464326,0.09487553034852024,0.029379232895886887,-0.4539184241019876,-0.022795945578261145,False,False,True,False,12.686219215393066,9.340633392333984,False,False
2021-07-30,13.002365112304688,71146688,0.04595342645154128,0.15824421125451021,0.17996235893781928,0.08393589001847648,-0.33416277040654974,-0.8971876250312297,-0.78191789280781,60.34537258242292,0.338309703486685,0.07588599638691425,29.071060257315157,0.8323185233674419,0.14144853097159044,0.07988831308509743,-0.4290555855819195,0.0664683068188825,False,False,False,False,12.686219215393066,9.340633392333984,True,False
2021-07-31,13.591609001159668,67970748,0.04432134448974441,0.19596882185286138,0.21814757416147856,0.19088070383425132,-0.26823742619465135,-0.834323820483083,-0.7618905606523271,64.18012059849187,0.39001641264782905,0.07269199371286453,32.61735131689452,0.8098077229750805,0.1870394002986198,0.12850331805354454,-0.4039416024873264,-0.044639323196604686,False,False,False,False,12.686219215393066,9.340633392333984,False,False
2021-08-01,12.877431869506836,90946247,-0.05397630533732769,0.13592749179080216,0.18479800317222703,0.14559370322071824,-0.3718208001511459,-1.0261608472681079,-0.7856825674163035,56.9870449014791,0.3591045446782183,0.07906326391453646,33.863489538157275,0.835404294972702,0.12128295022037149,0.07040453198069453,-0.4358074063493941,0.33802039371407244,False,False,False,False,12.686219215393066,9.340633392333984,False,False
2021-08-02,13.006891250610352,54993392,0.010003001428843836,0.12381335025265282,0.24605988281654315,0.12279257870481133,-0.4423649817174815,-0.8476937766055463,-0.8131217475024785,57.90797401328376,0.33104984380796404,0.07664267497408565,35.502797712027586,0.8295679242658742,0.12719541333998158,0.08435388406795402,-0.4306026653814775,-0.3953198310646068,False,False,False,False,12.686219215393066,9.340633392333984,False,False
2021-08-03,12.533293724060059,60826755,-0.03709071180258665,0.05018997503568969,0.26136975158414055,0.014724476537049627,-0.3756342273253829,-1.0344490215618551,-0.9135217600430698,53.40337432355755,0.26701642114676927,0.08055858874555809,36.13766844208463,0.8051870941748971,0.08267560130940357,0.04912633134100639,-0.4517135768507848,0.1060738897502449,False,False,False,False,12.686219215393066,9.340633392333984,False,False
2021-08-04,13.679924964904785,66911765,0.0875408257493933,0.1098382184073117,0.27215204688218336,0.12879112832001924,-0.23190029694374947,-1.0211524630864344,-0.8357866194406082,61.26060786209305,0.2865796008664577,0.07556408038321095,38.98861917353143,0.8538474268564741,0.1699518746479149,0.1479906458093017,-0.40165755712290546,0.10003837949270844,False,False,True,False,14.062379837036133,9.340633392333984,False,False
2021-08-05,13.834280967712402,76011395,0.011220212754543834,0.10797179373415257,0.24496000919239486,0.03507653569855303,-0.22932690219331464,-1.0117493189901663,-0.7564440690338697,62.18501556617897,0.2935361167805248,0.07463969167519023,40.97739961804443,0.7736226918062692,0.1682983698940964,0.161398826656206,-0.394989790460143,0.13599446973189244,False,False,False,False,14.062379837036133,9.340633392333984,False,False
2021-08-06,14.725431442260742,105878541,0.062426389179840475,0.12444475646245151,0.28268896771696184,0.11774630718316145,-0.05272358899551233,-0.9564500689469456,-0.7367702601067094,67.07050450064386,0.3385778217074477,0.07263518514424064,44.72435566205094,0.7981748176959099,0.22392911659779166,0.2364329930553357,-0.3563022544408867,0.3929298495311131,False,False,False,True,14.062379837036133,12.335033416748047,True,False
2021-08-07,15.761190414428711,128714036,0.06797458639547631,0.14809799836818333,0.3440668202210447,0.26272134214453285,0.0582761182545709,-0.9065656707210273,-0.6934716310335033,71.65428551103847,0.4135863138180937,0.06890494598847743,49.95259662085075,0.7729634835022167,0.28305566067849736,0.3186771629271002,-0.3116232155435285,0.2156763285961789,True,False,False,False,14.062379837036133,12.335033416748047,False,False
2021-08-08,14.814119338989258,78280305,-0.061969880104147335,0.14010442360136371,0.2760319153921659,0.16632484135781564,-0.037935201489483164,-0.8512018467551585,-0.7640051224186993,63.016514010490404,0.37596311022538764,0.07534121264912172,49.46758723678214,0.8051344181283601,0.18358402145684488,0.23663267320844256,-0.35332623876091707,-0.3918277490731469,False,False,False,False,14.062379837036133,12.335033416748047,False,False
2021-08-09,16.2318058013916,143463343,0.09139190313249693,0.2214933253050166,0.3453066755576696,0.29992355132212883,0.13539347714762243,-0.8191983363198159,-0.6662579485159936,69.03413765919467,0.4197732178886434,0.07376818230799391,49.89406834196602,0.8395314062482513,0.26362953045117604,0.34988122185854587,-0.2922009731904453,0.8326875834221648,False,False,False,False,14.062379837036133,12.335033416748047,False,False
2021-08-10,16.44843864440918,124902142,0.013257918957169074,0.2718419560647723,0.32203193110046197,0.2814326901837327,0.20356053232034654,-0.6660129288484483,-0.7227114351230801,69.84165792740751,0.4347223650014129,0.07350897752227264,51.19784926643967,0.8359716179191492,0.25113828331843363,0.3560830320843378,-0.2833373104983373,-0.12937939833173973,False,False,False,False,14.062379837036133,12.335033416748047,False,False
2021-08-11,16.74867820739746,122723375,0.018088784692924603,0.20238991500830353,0.3122281334156153,0.31798785469328145,0.21179033800987798,-0.7364639846954298,-0.6983927437993245,70.97151354315466,0.43514312751976825,0.07199490719428595,52.591968537171226,0.8303504605648698,0.245923363320298,0.366813238298213,-0.2708707439877416,-0.017443792116871748,False,False,False,False,14.062379837036133,12.335033416748047,False,False
2021-08-12,16.569053649902344,112149586,-0.0107826246155304,0.1803870776382293,0.28835887137238175,0.3297663844007251,0.1145618401988686,-0.8020614703853334,-0.8421565839701037,69.29879209446827,0.3948201366422446,0.07644675409459781,52.680032826677426,0.8254319176998971,0.20798551021898065,0.3403953521593552,-0.2793343912993659,-0.08615953562228873,False,False,False,False,14.062379837036133,12.335033416748047,False,False
2021-08-13,18.04875373840332,113858977,0.08553991988081701,0.20350060833920589,0.32794536480165737,0.4256471492021154,0.18730666265107604,-0.6452869851091536,-0.7217003758245801,74.60799400958877,0.43606789575347393,0.07254865308347692,55.16589281709944,0.86121953223588,0.2836891771172596,0.4447516302575169,-0.2159684555235963,0.015242062507480059,False,False,False,False,14.062379837036133,12.335033416748047,False,False
2021-08-14,18.067649841308594,101585490,0.0010464001260681078,0.1365724220697977,0.28467042043798113,0.46491534297111664,0.17414141839242694,-0.7037044402075874,-0.6791019085022655,74.66823920080338,0.4320613603801784,0.07190160425500451,55.89054171756589,0.841815868063488,0.25457518995955186,0.42843375223582675,-0.21615120180087313,-0.10779551444590973,False,False,False,False,14.062379837036133,12.335033416748047,False,False
2021-08-15,18.795135498046875,101215297,0.039475048692990206,0.23801735086693526,0.3781217744682989,0.5484291725585351,0.28971822862879526,-0.5827790739325798,-0.6027550965771928,76.93694928938915,0.444136113844003,0.07047148538005596,57.19340415127802,0.8175279483417655,0.2728177440775326,0.4661975636665485,-0.18593378034521463,-0.0036441523292352063,False,False,False,False,14.062379837036133,12.335033416748047,False,False
2021-08-16,19.18263053894043,252835090,0.020407123901816225,0.16703257163625462,0.3885258969412715,0.5627001671942662,0.25721352247152557,-0.6520945954786429,-0.421980126119992,78.06388646615451,0.44294764620935334,0.07386951683830875,58.498691424393776,0.8163742817793915,0.2678791364565447,0.47737843553784665,-0.1704406863962393,1.497992867619605,True,False,False,False,14.062379837036133,12.335033416748047,False,False
2021-08-17,23.529998779296875,737983102,0.20427094070843752,0.35804559338752345,0.6298875494522955,0.7875978422507799,0.5461591492218068,0.006228575934410782,-0.11064869485185043,86.20695474373319,0.6852086392978167,0.07676141616530471,70.6992720254451,1.0290220318753036,0.49936080404511674,0.7786531634217873,0.014949330853403404,1.9188318045568753,False,False,False,False,14.062379837036133,12.335033416748047,False,False
2021-08-18,29.89081382751465,1170857988,0.23927505248218964,0.5792318611767884,0.781621776185092,1.0781317729484419,0.7979975902666061,0.17083086110213,0.08890949276230413,91.29734575551336,1.1942910587991427,0.07843090067334701,97.99398049452898,1.2324746815434025,0.8042409150194015,1.1994877067371246,0.2843583883226728,0.5865647666279492,True,False,False,False,14.062379837036133,12.335033416748047,False,False
2021-08-19,30.634273529052734,1116363939,0.024568228796517492,0.6145827145888363,0.7949697922270655,1.1551005823151432,0.7851363140254223,0.34012830707826863,0.16774120547862817,91.68367006884328,1.4827165115749388,0.08249429818940043,114.51851425997268,1.1916026727406683,0.7556896116735367,1.193886458864158,0.31148044515626416,-0.046541979948468315,True,False,False,False,14.062379837036133,12.335033416748047,False,False
2021-08-20,39.185302734375,962895338,0.24618231410757233,0.7752251088155916,0.9787257171547974,1.324524365971365,1.2514405497672694,0.7317284061360173,0.4887922383934905,94.63411412193122,2.112600148580981,0.07663023343358528,145.1683506470338,1.390073709098741,1.092309340290132,1.6982324118448238,0.6682880457612214,-0.13747183659252904,False,False,False,False,14.062379837036133,12.335033416748047,False,False
2021-08-21,43.78691101074219,1931663488,0.11103319110406698,0.8852118997935905,1.0217843218633884,1.3971453066310997,1.4254312826876414,1.0221040354588926,0.622401559723633,95.54921369970072,2.6666257590408207,0.08351007274615485,169.14258121734676,1.4092477249703883,1.1597857620132437,1.8853367203036764,0.8522624191834662,1.0060991177007859,True,False,False,False,14.062379837036133,12.335033416748047,False,False
2021-08-22,43.53219985961914,1163748675,-0.005834046431109424,0.8399028046694909,1.0779201555364262,1.3666138295447168,1.3581277195795123,0.8076636644477805,0.6926222434514222,94.5876362014146,2.8280653499689246,0.08496335094458406,179.37810468300506,1.4192011522247323,0.9968904215916802,1.7523746384160361,0.8303663123233544,-0.39754067816184757,True,False,False,False,14.062379837036133,12.335033416748047,False,False
2021-08-23,46.450531005859375,1527912599,0.0648870060476602,0.8843826868153348,1.0514152584515897,1.4249041017009838,1.3975239707489389,0.8704992093239172,0.7683313268290493,95.18547232951565,2.9310271130078664,0.08860212141837774,185.54521008758945,1.4136156873062216,0.9769669439059305,1.8154836585899052,0.9403917713837909,0.31292316960103084,False,False,False,False,14.062379837036133,12.335033416748047,False,False
2021-08-24,55.34585189819336,2249385587,0.17521381625661733,0.8553255623635148,1.213371155751038,1.5940528932328697,1.68430945897371,0.9735810175314057,0.7379948373476019,96.46661580850183,3.3666957992563837,0.08798318172643678,198.01873175433445,1.4730926468839063,1.1637093652516906,2.1872763434821545,1.294043122474593,0.4721951952436254,False,False,False,False,14.062379837036133,12.335033416748047,False,False
2021-08-25,46.1151237487793,1541625994,-0.18246075305796808,0.4335897568233571,1.0128216180001455,1.3894749972079086,1.5013716422571293,0.8866843130843225,0.505372484023117,74.35528231198288,2.8236247820991256,0.11620948404466977,192.8762823180231,1.6849143728255516,0.6958332516340766,1.5591395748446053,0.900354182946369,-0.31464574019251956,False,False,False,False,14.062379837036133,12.335033416748047,False,False
2021-08-26,41.420753479003906,1202053529,-0.10735891317632382,0.3016626148505156,0.916245329439352,1.245583420617208,1.333270349401777,0.9063746203892269,0.37994637831703815,66.06218282220385,1.9786315103682206,0.13227309819749644,184.15506022727072,1.7681290320621528,0.45193530664091264,1.2285521005238256,0.7008716906871884,-0.220269031737668,False,False,False,False,14.062379837036133,12.335033416748047,False,False
2021-08-27,50.077789306640625,1672611618,0.18979553558958828,0.24527583633253158,1.0205009451481233,1.407486373829025,1.489988345867084,1.1330521331080161,0.5838810403203679,72.2163687338433,1.8362410066355546,0.11596817414433702,179.70917173685493,1.8411039361410961,0.6558039885651501,1.5885935216091216,1.0480310905025365,0.3914618422953775,False,False,True,False,58.984771728515625,12.335033416748047,False,False
2021-08-28,50.19713592529297,1165188185,0.0023803892095716323,0.1366230344380363,1.0218349342316269,1.3967801256108936,1.4435102461990448,1.110515778682176,0.4219270167666896,72.29096784450837,1.5926521072953026,0.11527985341354152,172.00382539961348,1.843956462204643,0.5680263509992262,1.4975415955231297,1.0451342351187476,-0.30337194094510944,False,False,False,False,58.984771728515625,12.335033416748047,False,False
2021-08-29,47.50910568237305,790206804,-0.055036580544020657,0.08742050032512513,0.9273233049946158,1.2957901186153316,1.3797260086338081,0.961627348208782,0.398602493584102,67.87082325884555,1.1156131376676868,0.12154788806154382,162.73673016371882,1.8777122695335968,0.41493818414018574,1.283182082900634,0.9386946436951237,-0.3218204456819136,False,False,False,False,58.984771728515625,12.335033416748047,False,False
2021-08-30,41.325077056884766,863132838,-0.1394518828842879,-0.11691838860682308,0.7674642982085119,1.1120168912412993,1.3028975950755506,0.8437794650466479,0.2776930707582163,58.94190890400559,0.2916102002288481,0.1420009976860892,151.26541998365485,1.9827969139088866,0.1867983723898897,0.9322960562418907,0.6884267799861807,0.09228727673673642,False,False,False,True,58.984771728515625,40.332149505615234,False,False
2021-08-31,39.48735046386719,863301439,-0.04548912916299968,-0.3376213340264401,0.5177042283370744,1.1205040674156272,1.2660977706363457,0.7486832672644814,0.0943432201475194,56.56055841075408,-0.4299612315189085,0.14844315786423298,139.32393499949006,1.9781074807679735,0.09816509238822589,0.8004010236547792,0.6163699878724122,0.00019533609726951617,False,True,False,False,58.984771728515625,40.332149505615234,False,True
2021-09-01,41.931602478027344,1042268891,0.06005939918993139,-0.09510118177854084,0.3384885750448163,1.1705604651767147,1.2933530438815262,0.7281954834592334,0.32286668857116846,58.93685734308466,-0.7752587732889129,0.1415622573686515,126.33825669166154,1.9771029400160733,0.12641543392284427,0.8609082607351725,0.7170747758962296,0.20730586550082197,False,False,True,False,52.41292953491211,40.332149505615234,False,False
2021-09-02,47.755916595458984,967474676,0.13006318862142066,0.14232092001920374,0.4439835348697194,1.337714365600722,1.3524388421377718,0.9620801382753392,0.3032653440388671,63.99165209669725,-0.6491394241882933,0.12522013088920497,114.68696925383011,1.9820784276996053,0.23365052464450303,1.0538283798743322,0.9519083079216185,-0.07176095885222,False,False,False,False,52.41292953491211,40.332149505615234,False,False
2021-09-03,45.91118240356445,1292097111,-0.03939425426445929,-0.08686886983484389,0.15840696649768768,1.2107792855868695,1.3395704139068887,0.97887898864312,0.18962682250043505,61.413042200372765,-0.7220977121858843,0.13131079547856617,100.99999253396095,1.9968557435021994,0.14482493033685603,0.9174902867310709,0.873547747928699,0.335535847141905,False,False,False,True,52.41292953491211,38.39210510253906,False,False
2021-09-04,47.143165588378906,920757965,0.02648033542295252,-0.06276892362146293,0.0738541108165733,1.2260394082552784,1.2611159439538313,0.9967125060619635,0.2142900892651119,62.49984573669541,-0.7180146903670162,0.12726499698164298,86.33081360824846,1.9947613408658524,0.13541531060519987,0.9110273309866649,0.9195897746379001,-0.2873925983106699,False,False,False,False,52.41292953491211,38.39210510253906,False,False
2021-09-05,48.178924560546875,870312119,0.021732627486205504,0.01400028440876314,0.10142078473388831,1.1853456465616432,1.303091953744805,1.132622057566131,0.2288955776146977,63.43234023354139,-0.6767437769607705,0.12126029983157756,69.32956024213115,1.994276062813129,0.12121059946244889,0.8957601230260271,0.9573301494758545,-0.054787303414747024,False,False,False,False,52.41292953491211,38.39210510253906,False,False
2021-09-06,47.04298782348633,1176511096,-0.023859857424788293,0.12959230986826278,0.012673921261439642,1.0935112027413787,1.3562325448859116,1.1517873209959497,0.18694553202035152,61.622530675808285,-0.7513778137613727,0.12690702954490188,54.38032728929285,2.0034838346923376,0.06562047107122919,0.7995996595932909,0.9088439798955537,0.3518266266955201,False,False,True,False,51.54990768432617,38.39210510253906,False,False
2021-09-07,37.59894943237305,1505074715,-0.22408570885189508,-0.049004269820632614,-0.3866256038470729,0.931395373993631,1.0977202153514465,0.8934601725041478,0.08019352723847234,49.083914318587986,-1.4232374846592624,0.17475934153935785,47.40671458280746,2.176084604325586,-0.15567758214250296,0.4087601180829685,0.52599393033915,0.2792694604556454,False,False,False,False,51.54990768432617,38.39210510253906,False,True
2021-09-08,37.05140686035156,932136418,-0.014669786416632306,-0.1237334554271962,-0.2188346372057371,0.825333684444502,1.1252572357666306,0.9607271615921242,0.006135348124686089,48.46815442436008,-1.8632091932252388,0.17652207978820686,40.76328770377163,2.170505972790704,-0.17392520582513632,0.36031328261936496,0.5035218846524203,-0.38067100011044963,False,True,False,False,51.54990768432617,38.39210510253906,False,False
2021-09-09,40.772613525390625,1331437306,0.09570429594634484,-0.1580923481022722,-0.015771428083068497,0.9077800614336777,1.1892127516174105,1.1113405937540242,0.24176713258522922,52.80175282025023,-1.8581057410636568,0.1636599357606929,39.92461323750185,2.182708685666655,-0.09256522080077181,0.46429952662930885,0.652974992888914,0.42837172788157285,False,False,False,False,51.54990768432617,38.39210510253906,False,False
2021-09-10,49.18913650512695,2437929731,0.18766217746958797,0.06896408363177511,-0.01790478620306887,1.077353454210341,1.3953413089036224,1.289143792220219,0.34088946951491117,60.82600295359204,-1.2704262151631696,0.13921214952589825,40.43643771117541,2.249915662500826,0.08821092850744947,0.7191989733846641,0.987379517776731,0.8310510904371491,True,False,False,True,51.54990768432617,32.80122375488281,False,False
2021-09-11,57.16424560546875,2562681437,0.15025582973988816,0.1927395779487106,0.1299706543272476,1.2383919085657595,1.5681582929664846,1.352953748764628,0.43633043818042616,66.61744555640817,-0.3736808686937714,0.12452485580710843,45.65912755930783,2.277796515612112,0.2458578191662624,0.9356085492374275,1.295867335927425,0.05117116560567503,True,False,False,False,51.54990768432617,32.80122375488281,True,False
2021-09-12,59.259429931640625,2713467627,0.03599629619951735,0.20700324666202244,0.22100353107078555,1.18884828488446,1.6144954340865754,1.376154947535536,0.5435612997753063,67.95768691823841,0.29538070542140815,0.12485102243923263,51.55125155326347,2.2722285501810204,0.27374201056506603,0.943270445546896,1.3660827166087373,0.05883922512683348,True,False,False,False,51.54990768432617,32.80122375488281,False,False
2021-09-13,53.11015319824219,2513345537,-0.10955680333960646,0.12130630074720425,0.25089861061546703,1.0782450814187854,1.543160424389902,1.2523864998112124,0.37454064121119796,60.30516713566616,0.2598457120711819,0.14642554856045506,50.413133735024964,2.327933840842022,0.144316898560329,0.6950728334817977,1.1094519252221342,-0.0737514197732494,False,False,False,False,51.54990768432617,32.80122375488281,False,False
2021-09-14,51.57811737060547,1243073204,-0.02927061840190612,0.31612139119719335,0.26711712137656074,1.0094994143238891,1.557928586882424,1.2992176429526843,0.42672034039130924,58.53659453363713,0.07861533055759029,0.150970101354061,51.02929260427149,2.3389443020175125,0.10480537110722553,0.6051050066330824,1.0382241128008316,-0.5054109410344878,False,False,False,False,51.54990768432617,32.80122375488281,False,False
2021-09-15,57.62539291381836,1139814004,0.11086581918030401,0.4416569967941296,0.31792354136693346,1.099958109602377,1.662658276796643,1.3571716320739025,0.44786351412373393,63.13265515104389,0.2990810631935581,0.1350794340497821,52.87255817835567,2.353733783242041,0.21328151362817335,0.7436925704451092,1.262971989534303,-0.08306767426707395,False,False,True,False,64.87303161621094,32.80122375488281,False,False
2021-09-16,67.84269714355469,2877776131,0.1632284283614002,0.5091811292091851,0.35108878110691294,1.0589155972553395,1.8465134395061193,1.6050747464771462,1.0651441731897502,69.32039200704963,1.0252047826100714,0.11766743918052569,63.49736249993656,2.3210767656557536,0.40217998426365503,0.9860492864242697,1.641379306553702,1.524776955626876,True,False,False,False,64.87303161621094,32.80122375488281,True,False
2021-09-17,69.93401336669922,2149572436,0.03036038315413023,0.35187933489372736,0.4208434185255024,0.85000092792728,1.9281327008757219,1.6479985181938859,1.02083178902941,70.41492951352026,1.5092823068149386,0.11607481964460671,72.95124817180316,2.201299433943932,0.41651207419177805,0.9805760020826317,1.7004444702113877,-0.25304389982098996,True,False,False,False,64.87303161621094,32.80122375488281,False,False
2021-09-18,69.01238250732422,1951788341,-0.013266186145421303,0.18835731900841785,0.3810968969571284,0.8121665129853411,1.9672670953004845,1.5973028270107634,1.1522948200636098,69.24252966771955,1.620554617669887,0.11758268568569011,78.90954253836328,2.206064582063047,0.36805181660212377,0.894376140212439,1.6434831677309958,-0.09201090025514269,False,False,False,False,64.87303161621094,32.80122375488281,False,False
2021-09-19,70.07572174072266,1827002963,0.01529045141960359,0.1676514742285042,0.3746547208905266,0.5812746502973725,1.9057990162687375,1.8327152000646418,1.3130030564333899,69.8659318009162,1.6153093471210678,0.11738075278555765,81.61850754720446,2.0595746504479737,0.35064197794499846,0.865709764958537,1.662387947513695,-0.06393386791933908,False,False,False,False,64.87303161621094,32.80122375488281,False,False
2021-09-20,56.67792892456055,2342075415,-0.21219152218196036,0.06501675538615015,0.1863230561333546,0.2580499370113451,1.6551952436424449,1.6834812196989866,1.2801539724702378,54.7959634443712,0.610750799311317,0.1530131299100914,77.63987119756342,2.1833906203524287,0.07460981628574713,0.47461183907104476,1.1408100989891694,0.28192206714007395,False,False,False,False,64.87303161621094,32.80122375488281,False,False
2021-09-21,59.017356872558594,2637731601,0.04044671056028735,0.13473408434834375,0.4508554755455372,0.30433069400274193,1.6709445235474587,1.6624584135822542,1.1119943584505223,56.55801123572027,0.03542330779796288,0.15247302924042552,74.70482401619911,2.185506098751536,0.10112995162747154,0.4995756422430098,1.2146855574171196,0.12623683426521937,False,True,False,False,64.87303161621094,32.80122375488281,False,False
2021-09-22,74.1870346069336,2640281903,0.22875781422698924,0.2526260793950289,0.6942830761891586,0.4682015021820709,1.8931056038830547,1.8657254729310098,1.3387007115059881,65.85292455802838,0.5780049752522869,0.12852885075079878,79.0999534678469,2.308456399390375,0.35085340506790064,0.8277569610335669,1.7584457387315193,0.00096685424666898,False,False,True,False,76.21391296386719,32.80122375488281,False,False
2021-09-23,76.41905975341797,2336551605,0.029642739121832528,0.11904039015546121,0.6282215193646463,0.32263042504728606,1.9166833182801557,2.006939884020996,1.2962114425786917,66.97266306641305,0.9658592647658244,0.12193396729935146,82.23977518875094,2.2365003253780817,0.353890779056905,0.8262892998933337,1.8153878997333521,-0.11503707147895414,True,False,False,False,76.21391296386719,32.80122375488281,True,False
2021-09-24,72.40190124511719,2238592113,-0.05399957893293547,0.03468042806839556,0.38655976296212297,0.4510915991723185,1.8405665963802271,1.9524632414294478,1.337775912256641,62.97041308825118,0.8353917783448184,0.13056724929646227,82.44933785856516,2.1396065002723987,0.2546473652073419,0.6831682652905017,1.6445642601235657,-0.04192481423923011,False,False,False,True,76.21391296386719,52.86892318725586,False,False
2021-09-25,68.38166046142578,1022340249,-0.05712789257012947,-0.009181278356312498,0.17917604065210532,0.5013226197785129,1.7469060403957208,1.8345929691802898,1.40769724016774,59.16016050524852,0.3847888350950859,0.13353045849401832,81.07040023127718,2.1104154423642263,0.16459514196152383,0.551013467747056,1.4822465958876125,-0.5433110645467552,False,True,False,False,76.21391296386719,52.86892318725586,False,False
2021-09-26,66.86196899414062,1282520288,-0.02247433670156069,-0.04694606647747697,0.12070540775102721,0.2890527474873639,1.696539121316389,1.7790410933544478,1.4221048805953802,57.73794122660487,-0.08414525552528929,0.13706657210717704,78.45399727727828,2.0192110737707085,0.11981482265779982,0.4821856107065403,1.4108273803823306,0.25449456700398376,False,False,True,False,79.52259063720703,52.86892318725586,False,False
2021-09-27,66.50875854492188,1210911405,-0.005296683635279994,0.15994877206920347,0.22496552745535378,0.2813756746425123,1.678155800253406,1.7248859208415572,1.3918914533246884,57.39259407846493,-0.46535277675826947,0.13547010147559174,69.50813121026269,2.0197357270805805,0.08756988970510049,0.44132179406353467,1.382721961648892,-0.05583450310300275,False,False,False,False,79.52259063720703,52.86892318725586,False,False
2021-09-28,61.51771926879883,989963988,-0.07800839492533139,0.04149366658358453,0.17622775093192838,0.2584038602612016,1.5541939788765333,1.6381298688950097,1.2200312084699836,52.60453102607756,-1.0665062234765266,0.14550362708519082,58.20701976645459,2.0305175732942033,-0.013773461689732418,0.30749669751196834,1.1907571036702833,-0.1824637344133364,False,False,False,False,79.52259063720703,52.86892318725586,False,False
2021-09-29,65.52000427246094,1366679673,0.06303025324706456,-0.12423389439633988,0.12839218499868904,0.460885996392554,1.5729028876338533,1.7637835914681046,1.304665461439202,55.789677415651845,-1.1976403292864548,0.1354216694087301,47.89396756617326,1.9665043148498227,0.029958233974009856,0.36410685349662203,1.3189942347807495,0.38053473617870637,False,False,False,False,79.52259063720703,52.86892318725586,False,False
2021-09-30,66.76588439941406,1122979274,0.0188367327475749,-0.13503990077059755,-0.01599951061513634,0.5252118583031287,1.6457159257187561,1.791309628939474,1.27389512556761,56.76375482966124,-1.2004788066864567,0.12806386406489964,42.67217342925578,1.9542130995772524,0.03524119395284235,0.36168605294794676,1.347426219723349,-0.1783156681221818,False,False,False,False,79.52259063720703,52.86892318725586,False,False
2021-10-01,67.57039642333984,1441796222,0.011977726900209248,-0.06906259493745288,-0.03438216686905726,0.4771301860134065,1.6476906511901213,1.7704832298949327,1.2053256694726397,57.4162164932654,-1.1481862192093066,0.12398264876741949,41.20558635883592,1.9482232593088828,0.03933063258472544,0.35000926419799727,1.3597194728556048,0.28390278910882194,False,False,False,True,79.52259063720703,61.25083541870117,False,False
2021-10-02,69.22048950195312,1391263335,0.024126945464904705,0.012192243097581414,0.0030109647412689174,0.37119394285689067,1.7089083084576127,1.7236327849946624,1.33327408113223,58.7898528600205,-1.0074998560519361,0.12010165519946958,40.42539511254042,1.9046495865949993,0.056616949270442196,0.35526517192998774,1.4021855905789804,-0.03504856388783073,False,False,False,False,79.52259063720703,61.25083541870117,False,False
2021-10-03,68.717041015625,1003680421,-0.007299691678965485,0.0273668881201766,-0.01957917835730035,0.4032885054423845,1.614067791029254,1.7428589193492732,1.3821674940855044,58.17328286263724,-0.9539226940406822,0.11638031970070113,36.2289436835001,1.8969448354496306,0.03658469690408328,0.31924329522352857,1.3698812142274812,-0.27858343151118836,False,False,False,False,79.52259063720703,61.25083541870117,False,False
2021-10-04,65.15984344482422,949626760,-0.05315383708308454,-0.020490265327627946,0.13945850674157545,0.32365433293634727,1.5496937411916254,1.5847702768901786,1.3203668389983108,53.87399222539166,-1.1504614447647876,0.1191331886767087,29.761284045473978,1.9103458642765525,-0.0270418992730288,0.22907112888679718,1.234924469990647,-0.05385545026986238,False,False,False,False,79.52259063720703,61.25083541870117,False,False
2021-10-05,64.65011596679688,813159957,-0.00785348212440057,0.049664647473302896,0.09115831405688749,0.2940682233257413,1.4794138698873847,1.597160177070546,1.4266902808918724,53.266498047949746,-1.2963605617410865,0.11566836660641595,26.972312386164187,1.910999887065606,-0.03968953729442468,0.19889241917040518,1.207264280031492,-0.14370572602650755,False,True,True,False,73.35771942138672,61.25083541870117,False,False
2021-10-06,60.11407470703125,963971611,-0.07274589671919056,-0.0861115024929522,-0.2103453968892921,0.245182184031339,1.3386933867727178,1.601414728917251,1.3969695050272886,48.07162004886924,-1.6568667359386415,0.12384332985257426,28.68594080889445,1.9293576512879793,-0.10191267702239923,0.09985124861362747,1.0434077281422032,0.18546369961008802,False,False,False,False,73.35771942138672,61.25083541870117,False,True
2021-10-07,61.48835372924805,906896093,0.022603784363171925,-0.08234445087735515,-0.21738435164795264,0.4918716772464061,1.4232670512400372,1.5895918925978527,1.385331849750554,49.67303740683241,-1.7520269593620803,0.11790206538665239,29.39927382819974,1.7379759756725677,-0.07554917109473215,0.11213639179440878,1.079984804376194,-0.059208712527116125,False,True,False,False,73.35771942138672,61.25083541870117,False,False
2021-10-08,60.520225524902344,812757714,-0.015870171257868774,-0.1101923490354331,-0.17925494397288594,0.4906712924051696,1.3160049768496715,1.6159285281718003,1.4513984539972937,48.53745310459166,-1.8213787583587733,0.11696238000882857,30.38427420835328,1.7382510511471267,-0.0842586548022019,0.08291857554360968,1.0365027014328103,-0.10380282782847983,False,False,False,False,73.35771942138672,61.25083541870117,False,True
2021-10-09,60.56625747680664,368977448,0.0007603153214245,-0.13355897917891338,-0.12136673608133187,0.39572731178024945,1.303507373213927,1.5849400633976598,1.5070679055342737,48.59762491124888,-1.8020461784890625,0.11099079750811881,30.90899348631813,1.7150949679367076,-0.0769210814108836,0.07551285223579174,1.0271460665651975,-0.5460179071274862,False,False,False,False,73.35771942138672,61.25083541870117,False,False
2021-10-10,56.59357452392578,450502943,-0.06784247623458824,-0.19410176373453608,-0.1667348756143595,0.1402226580760732,1.2175761122864142,1.5355639669796957,1.4293664502962922,43.83415314344323,-1.9804991628455286,0.1170368059059403,30.956468134052216,1.6166883765322708,-0.13741254538610342,0.0004172243739506987,0.8845485591677802,0.22094980449862067,False,False,False,False,73.35771942138672,61.25083541870117,False,False
2021-10-11,55.30461120605469,590939451,-0.0230391641192914,-0.1639870907707429,-0.18447735609837096,-0.033072335783106185,1.2053195727826531,1.5350859571833784,1.3198814129815217,42.38258532714251,-2.097782831142464,0.11797493784195476,32.858930251318796,1.531011406972091,-0.1546668318487726,-0.02642017546131797,0.8326838165706669,0.3117327204674887,False,True,False,False,73.35771942138672,61.25083541870117,False,False
2021-10-12,54.35797119140625,692864342,-0.01726502346479784,-0.1733986321111402,-0.12373398463783732,-0.0863336554474214,1.1025146294370385,1.528161778639154,1.2898212920881145,41.300870217868095,-2.143951008593641,0.11685764904175472,34.10669195894572,1.5260311632754107,-0.1563512708257304,-0.0457414805514851,0.7935518749985288,0.1724794153233815,False,True,False,False,73.35771942138672,61.25083541870117,False,False
2021-10-13,55.152488708496094,655950094,0.014510603986946136,-0.08614213140500365,-0.17225363389795595,0.03773375187913102,1.1159788332979164,1.580894176269033,1.2901202516903434,42.62446635396557,-2.027122057928064,0.1117685808952784,32.293470899860495,1.4774581349026412,-0.12965679580896514,-0.03172792606274346,0.8115422302473294,-0.05327774249926687,False,False,False,False,73.35771942138672,61.25083541870117,False,False
2021-10-14,56.08110427856445,521698717,0.016697062807004597,-0.09204885296117109,-0.17439330383852616,0.0837014330880417,1.0932008474119308,1.6416300199704659,1.382919076040726,44.20794905152179,-1.8010759861043677,0.10649355384384294,31.381114991368957,1.4742001515681618,-0.1034572518371204,-0.018858217351014478,0.8337965701089977,-0.2046670596254233,False,False,False,False,73.35771942138672,61.25083541870117,False,False
2021-10-15,56.2510871887207,559567841,0.003026435034868327,-0.07315224666843397,-0.18334459570386713,-0.024137951057393928,1.075820158544983,1.6385203257392489,1.3330336810165084,44.50984446069957,-1.5627335947932544,0.1017473130931266,31.63484983555404,1.4217511153556621,-0.09193494773463241,-0.02096471752673119,0.831336071059393,0.07258811027514955,False,False,False,True,73.35771942138672,51.22761535644531,False,False
2021-10-16,57.48309326171875,730039645,0.02166550563973384,-0.052247056350124776,-0.18580603552903807,-0.16570087377906043,0.893214723476279,1.680812565727059,1.4393738726980858,46.75851889591406,-1.2578407874975284,0.10006900287217475,31.58780375132396,1.2964059897762141,-0.06496822254477183,-0.002094326404862672,0.8629975781360532,0.30464903718439396,False,False,False,False,73.35771942138672,51.22761535644531,False,False
2021-10-17,56.07736587524414,388579198,-0.02475860355466045,-0.009163183670196922,-0.20326494740473303,-0.22081986048785102,0.6291810674394289,1.7073128403878708,1.4271786577060348,44.54062927049924,-1.0926855670958673,0.10159242967864622,31.80397285000759,1.291450412380237,-0.0800290771577088,-0.028481200177116816,0.809419800732397,-0.46772863547705,False,False,False,False,73.35771942138672,51.22761535644531,False,False
2021-10-18,55.474483489990234,301848293,-0.010809112687652219,0.003066867761442256,-0.1609202230093008,-0.21836278703008188,0.5938037259552591,1.7489043082704023,1.3789400399806815,43.585768473177396,-0.9700467247314326,0.09815731069770528,32.897844252181876,1.291337431083244,-0.08538577934709277,-0.041571113950168485,0.7821877100473065,-0.22320007207385306,False,False,False,False,73.35771942138672,51.22761535644531,False,False
2021-10-19,56.81697463989258,369199133,0.02391197227978346,0.0442438635060235,-0.1291547686051168,-0.20974126616990216,0.37153338412747033,1.6960577500988354,1.6229739338947398,46.344210277509134,-0.754125128237104,0.09264302301153607,32.70829409518588,1.2935821536860899,-0.05648280969499245,-0.023603683055027788,0.8172313687351171,0.22312811290272894,False,False,True,False,61.83980178833008,51.22761535644531,False,False
2021-10-20,59.55984115600586,557808885,0.04714641048022682,0.07687966999930429,-0.009262461405699397,0.04959666649228516,0.30764660350363027,1.7047919101347297,1.7330778861912717,51.556067009123886,-0.39996718747270643,0.08785433182903675,31.34006006817323,1.073339815542206,-0.0049805984263642245,0.016519457243596873,0.8954689081864412,0.5108618497216244,True,False,False,True,61.83980178833008,53.55379104614258,False,False
2021-10-21,61.309810638427734,834466444,0.028958332323219396,0.0891409395155191,-0.002907913445651981,0.03810828825521703,0.34243898225795893,1.709052811802676,1.7005667018374713,54.58693602219545,-0.04018369165235247,0.08556101255054019,29.30321367189361,1.068852400338715,0.029639298502832832,0.03951054748898617,0.9412822684943535,0.4959719474529345,True,False,False,False,61.83980178833008,53.55379104614258,False,False
2021-10-22,65.45528411865234,1235036359,0.06542735111625114,0.15154185559690195,0.0783896089284681,-0.12522217485552087,0.34297932732654995,1.7678834290275336,1.7405032980754889,60.83759092011376,0.45723240329426723,0.08241881489245528,27.005057704152996,0.7291888692806748,0.10274503224455836,0.10317611255805784,1.061378327461786,0.48003118385429056,False,False,False,False,61.83980178833008,53.55379104614258,True,False
2021-10-23,65.45916748046875,675884810,5.932670946729094e-05,0.12993567666663555,0.07768862031651078,-0.15480558726788615,0.1678248377793999,1.7618777310122695,1.8521342967531098,60.843028081393584,0.7494898403656212,0.08147528854721099,24.840770936887914,0.7191533263929015,0.10584524876578132,0.09601967872443302,1.0505531603677858,-0.4527409617743894,True,False,False,False,61.83980178833008,53.55379104614258,False,False
2021-10-24,64.51839447021484,512814089,-0.014476182274824431,0.14021809794647147,0.13105491427627453,-0.11528219060977517,0.3358094085625434,1.725284405770452,1.8371810508196729,58.716247033329815,0.8358431857522547,0.082974531390533,24.518005376977463,0.6982812942584805,0.09054302399436645,0.07401864719711096,1.0100505304541127,-0.24126998948237943,False,False,False,False,61.83980178833008,53.55379104614258,False,False
2021-10-25,69.82469177246094,559909250,0.07903732880644969,0.2300645394405736,0.2331314072020156,0.020883030766804145,0.522205650545317,1.767789071162525,1.855475999947094,65.94665980903272,1.1853814277931418,0.07676075736455029,27.96858737084756,0.7283803666249239,0.17509544720975154,0.1540343306066376,1.1622103601930345,0.09183671433801033,False,False,False,False,61.83980178833008,53.55379104614258,False,False
2021-10-26,68.87113189697266,913850539,-0.013750592844723419,0.1924019743160666,0.23664583782209017,0.029606774623641394,0.3186595221110054,1.7261458959400304,1.808647867978089,63.78472939776677,1.279364307118643,0.07751157780542735,30.99393975484489,0.7255175479013652,0.15056954379494175,0.1301200826036495,1.120423628211279,0.6321404566900797,True,False,False,False,61.83980178833008,53.55379104614258,False,False
2021-10-27,61.51663589477539,947198473,-0.11292946410312221,0.03232609973271755,0.10920576973202197,-0.07802600584420077,0.20334966879831157,1.6001297944092052,1.6468599149973564,50.13362848979035,0.7968345782932844,0.09415042027644523,30.99655576066138,0.8272538159345073,0.027680156858359162,0.0015769177257407977,0.8853676154067779,0.03649167186189084,False,False,False,False,61.83980178833008,53.55379104614258,False,False
2021-10-28,64.4300765991211,593781415,0.046272911435989286,0.04964067884548758,0.13878161836100658,0.046255300517120033,0.3046591607783215,1.6004492793936531,1.6843851694121295,54.3056929154677,0.6317125069640201,0.08725771678840606,31.59448375709214,0.7977241564412361,0.07284754923231998,0.039742235870218745,0.9647751378601709,-0.37311827254180974,False,True,False,False,61.83980178833008,53.55379104614258,True,False
2021-10-29,64.77246856689453,390478927,0.0053000932581297715,-0.010486579012634006,0.1410552765842679,-0.011474859471814983,0.44941113692073903,1.5614280281620385,1.7523087319962896,54.7844695372417,0.5086732534604086,0.08345133927174572,32.21409979040339,0.766522753224012,0.07478498905947933,0.037233221718072786,0.9659572526618504,-0.34238607484877237,False,False,True,False,72.88220977783203,53.55379104614258,False,False
2021-10-30,62.41526794433594,340551397,-0.037070721239913576,-0.04761662696201485,0.08231904970462077,-0.06738231345930353,0.45782954484382526,1.5783336122594527,1.7239273154801706,50.8354002811422,0.24501955425852806,0.08462850566718425,31.698051848582615,0.7736524295217102,0.030693111924498414,-0.0047296804886978626,0.8861849292310379,-0.12786229050460385,False,False,False,True,72.88220977783203,57.861244201660156,False,False
2021-10-31,64.28780364990234,385833917,0.029560010360018468,-0.003580434327171921,0.1366376636192995,-0.04980002999949416,0.42733015601391233,1.5978906211906272,1.7206831998954384,53.69114620091234,0.17642604912584958,0.0808448697061393,30.8542761920636,0.7801246932888487,0.05379896361579969,0.022806018971393553,0.9352213224367687,0.1329682403270247,False,False,False,False,72.88220977783203,57.861244201660156,False,False
2021-11-01,65.07251739501953,553398869,0.012132365847644077,-0.07048539728597758,0.15957914215459587,-0.06179460961675489,0.30939933324013574,1.647113698840858,1.6618381753779075,54.874076075230114,0.16386391275756162,0.07891457568794198,29.409947285202087,0.7762467629042797,0.0573764668695986,0.03337921414101029,0.9506431684875954,0.43429295512141297,False,False,False,False,72.88220977783203,57.861244201660156,False,False
2021-11-02,67.58455657958984,437288365,0.03787720373567138,-0.01885760070558281,0.17354437361048375,-0.016617714202118005,0.38667079124026643,1.597450076827136,1.7262412051471554,58.5263787270102,0.2969400759644474,0.07446844131885151,28.685039987474354,0.788309441858142,0.08721363308516021,0.06836000567903003,1.0162887317958194,-0.20981341037037793,False,False,False,False,72.88220977783203,57.861244201660156,False,False
2021-11-03,75.430419921875,1110753061,0.1098311369057597,0.20390300030329914,0.23622910003601671,0.1463672597867263,0.47002159272307364,1.6960610009783517,1.7311375366769048,67.40090546604218,0.854038841950743,0.06989706403951472,32.23827277754267,0.8537126901168233,0.1948322260490618,0.18346096844898135,1.2366500893766483,1.5400928766993376,True,False,False,True,72.88220977783203,60.341033935546875,True,False
2021-11-04,79.29322052001953,1139576690,0.049941992544688396,0.20757208141199826,0.2572127602574859,0.20416273445581531,0.49823095778155657,1.6835766043432,1.8013229115263614,70.72254706117863,1.3915664363558704,0.06790424402754808,36.94737029787311,0.8665691780254878,0.23350869671365745,0.23566470853799304,1.3338744040558221,0.025949628240547362,True,False,False,False,72.88220977783203,60.341033935546875,False,False
2021-11-05,74.36473846435547,593374945,-0.06417074931549265,0.13810123883837588,0.12761465982574197,0.21273788185951326,0.45792006589085227,1.5514312686322311,1.814152610776764,62.0370628717945,1.3244383325293572,0.07550880569883098,37.51791716895539,0.8571260534444969,0.14184642972164352,0.15651091666044792,1.1734327666408637,-0.4793023144409877,False,False,False,False,72.88220977783203,60.341033935546875,False,False
2021-11-06,78.6852035522461,487295739,0.0564732428552754,0.23164520293356478,0.18402857597154995,0.24660734035161647,0.7384790175980227,1.6698743915916536,1.8361992329494694,65.98124173779405,1.469070253913801,0.07186276822062411,38.71915008788001,0.8728387870457225,0.18757329637304102,0.22038042613749684,1.2825814104756454,-0.17877264096481194,False,False,False,False,72.88220977783203,60.341033935546875,False,False
2021-11-07,87.7054214477539,1321363546,0.10852858859670615,0.31061378117025257,0.3070333468430806,0.37100610020619146,0.861677392611361,1.687011077055863,1.9869346283779918,72.42312750175,2.035426348746764,0.06858107428629368,43.99613152422829,0.9352487377414666,0.2922812072074773,0.35243884946046566,1.5216449816510111,1.7116254878641572,False,False,False,False,72.88220977783203,60.341033935546875,False,False
2021-11-08,91.18478393554688,1954611681,0.038904324776634885,0.3373857400992432,0.2669003428132657,0.4091501096614017,0.8048774214416512,1.712657482875329,1.9940901730590614,74.43417232630725,2.478178066947086,0.07158141913180885,49.39664623753355,0.9387480688448686,0.310369607120657,0.3969968212619792,1.5966154699913004,0.47923838743467195,True,False,False,False,72.88220977783203,60.341033935546875,False,False
2021-11-09,88.45486450195312,780284087,-0.030395624059359375,0.26911291230421247,0.25025531159862974,0.44659696183663056,0.5868196199127039,1.6641730741230447,1.9821609288163262,70.1138571026445,2.4183370445015537,0.07211793560921881,51.7746929405175,0.9063679057533438,0.2452850117951838,0.34210530547087303,1.495794475698417,-0.6007984119890257,False,False,False,False,72.88220977783203,60.341033935546875,False,False
2021-11-10,85.29527282714844,1297653103,-0.036373381531732404,0.12290839386672021,0.3268113941700195,0.4332627444241895,0.4001904086410833,1.6385823172068428,1.968348701607568,65.38367141911272,2.013685036392756,0.08232294523519701,52.10817812158987,0.9145468658435809,0.1808663783291156,0.28392728657645205,1.3852709500379945,0.6630521173245456,False,False,False,False,72.88220977783203,60.341033935546875,False,False
2021-11-11,88.06133270263672,661012573,0.031914499485179944,0.10488090080721185,0.3124529822192101,0.48244226737416745,0.3961086119267459,1.584956896811206,2.0106040460133214,67.45376682295884,1.7876963525025404,0.078663461284356,53.83783151185197,0.909159066535199,0.20037696248711695,0.32005030900302134,1.4399299877152805,-0.49060918401703235,False,False,True,False,96.91317749023438,60.341033935546875,False,False
2021-11-12,84.72491455078125,676532796,-0.03862382529784665,0.13042782482485787,0.2685290636632338,0.42930783808937484,0.4670415899685057,1.545286671387291,2.010202014358408,62.59160897377771,1.2920166663820316,0.08321864431942452,53.79183474344933,0.9289892085806732,0.13992966900305484,0.26688230297609894,1.32869038959121,0.023479467159847722,False,False,False,False,96.91317749023438,60.341033935546875,False,False
2021-11-13,97.26046752929688,1144798693,0.13798290302425817,0.2119374849938407,0.44358268792740563,0.5505936783066283,0.6342951113946701,1.6437945257185593,2.192223698277094,71.03842037205214,1.6632515834557289,0.07738830449027971,57.37488557726511,1.0243450401463698,0.28038673329464026,0.4435931589238595,1.6479646321411772,0.6921555019484968,False,False,False,False,96.91317749023438,60.341033935546875,True,False
2021-11-14,95.4035415649414,1142384672,-0.019276910881564906,0.08413198551556973,0.3947457666858223,0.5282903323901952,0.5041523813328013,1.604110490935178,2.166810658129444,68.56849319109457,1.6361057616162924,0.07930355606321195,59.96860708873308,1.0314745689364677,0.2351454872560255,0.4047633769583967,1.5739068562061873,-0.0021086860203115565,True,False,False,False,96.91317749023438,60.341033935546875,False,False
2021-11-15,93.55023193359375,1202984508,-0.0196171691230046,0.025610491615930337,0.36299623171517365,0.4870076576274568,0.3213067838483964,1.3802223811037357,2.1678202233545156,66.09836414618789,1.3571874093239664,0.08222296604570152,60.81955126133833,1.0394518683534395,0.19210710491548433,0.36673274799399846,1.501760768779892,0.05304678667817431,False,False,False,False,96.91317749023438,60.341033935546875,False,False
2021-11-16,97.97557067871094,1843490926,0.0462196368423666,0.10222575251765645,0.37133866482186895,0.557985898024484,0.33716603753663293,1.187166965463913,2.265298738412355,68.97260750651338,1.3326796401880383,0.08592374950658724,59.71211267960206,1.033689642406776,0.22015514170618888,0.41834446868443526,1.5975095159648725,0.5324311441590068,False,False,False,False,96.91317749023438,60.341033935546875,True,False
2021-11-17,107.80207824707031,2393292480,0.09557876821205832,0.23417790226144714,0.3570862961281675,0.6643737789241945,0.44601099189411264,1.2581775048794537,2.413278087194597,74.2027512967036,1.8105687632885328,0.08305500061506207,62.15751703209257,1.0618209518879513,0.30722688846129936,0.5399614243523174,1.8295549767043717,0.2982393600346911,False,False,False,False,96.91317749023438,60.341033935546875,False,False
2021-11-18,100.25276947021484,1920193319,-0.07260224557569372,0.12966115720057333,0.23454205800778521,0.5678595610687173,0.35811829489881514,0.9393929451961877,2.263917311167553,65.12077086881844,1.4652881293620021,0.09571489066909145,60.293438283175014,1.1119825708160207,0.19008159180434453,0.4180473587354413,1.6078060986775191,-0.1976771184272471,False,False,False,False,96.91317749023438,60.341033935546875,False,False
2021-11-19,112.0235595703125,1562347126,0.1110145110371506,0.27929949353557054,0.40972731836042836,0.631727661625641,0.681324328117926,0.9393742651292712,2.3365195717603706,71.06694877515751,1.8517847075681697,0.08976702143901658,60.11531592674747,1.1539067541365005,0.2917747064069215,0.5645112286620401,1.885435694607305,-0.1863594615496108,False,False,False,True,96.91317749023438,84.00017547607422,False,False
2021-11-20,125.7706298828125,2291581571,0.11575064777813629,0.25706723828944855,0.4690047232832893,0.7185199770805577,0.7566282653357748,1.0609589593385167,2.4275727888832335,76.17536716198646,2.7985852704522447,0.0844785268135422,64.78262099508143,1.2001718534720371,0.40064483923823085,0.7284040045322098,2.2002021202805344,0.46675571188012666,True,False,False,False,96.91317749023438,84.00017547607422,False,False
2021-11-21,128.59982299804688,3379295976,0.02224558516813784,0.29858973433915126,0.3827217198547209,0.6753382111324443,0.5501160362769234,1.0183175384589942,2.443221640159978,77.07255823641813,3.343808707515718,0.08930995970154937,67.49947624063165,1.190804149324154,0.38322259402845776,0.738904562657616,2.2337901192211547,0.47465663835188865,True,False,False,False,96.91317749023438,84.00017547607422,False,False
2021-11-22,134.53103637695312,3211306704,0.04508949072776427,0.3632963941899201,0.3889068858058505,0.7203683751507415,0.5655627878828553,0.8881932129301412,2.4822461061630112,78.8691192317931,3.7990923383619,0.08919739673271446,70.60763930372367,1.1904769541737232,0.3967311026449893,0.7872942311771162,2.3423632451348033,-0.049711322474583985,False,False,False,False,96.91317749023438,84.00017547607422,False,False
2021-11-23,123.83104705810547,1959122592,-0.08287681335373384,0.2341999439938195,0.33642569651147597,0.651967744071832,0.5366855534620569,0.9877771526343754,2.377252149842284,68.44889034103961,3.10411331828003,0.09830483957690193,70.07879190684893,1.2411400757736748,0.25413101490234474,0.6198879113200004,2.0440890941774845,-0.38992977856655076,False,False,False,False,96.91317749023438,84.00017547607422,False,False
2021-11-24,120.22818756103516,1902624284,-0.02952661269215492,0.10909456308960631,0.3432724653510535,0.5434038025732273,0.5642868333400315,1.0656094531185443,2.3111928737357523,65.31948592399642,2.1704512444047754,0.1008562297894513,68.65506969322621,1.2358083811964973,0.19291423336310895,0.5502159253176493,1.9260638021588457,-0.028838577141986232,False,True,True,False,146.21786499023438,84.00017547607422,False,False
2021-11-25,122.64852905273438,2233964558,0.01993127747671371,0.2016280861420138,0.33128924334258714,0.5770856728946644,0.6066924475183059,0.8957451950056697,2.3032315688346947,66.42984297613938,1.51557108357132,0.10094196541407605,65.13615426422996,1.2304507262617876,0.18846091989219382,0.5563258732301336,1.9548988868937993,0.17414908281492325,False,False,False,False,146.21786499023438,84.00017547607422,False,False
2021-11-26,103.82958221435547,1712875693,-0.16657185502483504,-0.0759582799199718,0.2033412136155988,0.5234432819729515,0.4454172761287507,0.7267929507712632,2.1235730763821565,52.38575123282173,-0.28914013034495767,0.12490547338279034,60.644100628688534,1.3143374936221448,-0.006003445424514043,0.30351919333514443,1.480846284798458,-0.23325744499121104,False,False,False,False,146.21786499023438,84.00017547607422,False,False
2021-11-27,113.27664947509766,1211028703,0.08708212957387589,-0.10462679812423205,0.15244044016521638,0.5642525001108383,0.6105078006279582,0.8689116608891596,2.164701779504491,57.26951480855915,-0.9154072343397939,0.11560603048999751,58.48744280540471,1.3331751851050553,0.07132348317644456,0.40352967507844717,1.6820725661459597,-0.2929850613508589,False,False,False,False,146.21786499023438,84.00017547607422,False,False
2021-11-28,110.58901977539062,1422129303,-0.024012246677948476,-0.15088462997031826,0.14770510436883286,0.53494016017476,0.5234653007029451,0.9843512970954991,2.096368188336798,55.524654485792915,-1.5425400569396732,0.11807199635658895,56.687108346086724,1.3408121117149074,0.036395181130387505,0.3534518986021597,1.5943050548939233,0.1743151086981296,False,False,False,False,146.21786499023438,84.00017547607422,False,False
2021-11-29,120.25830078125,1227497076,0.08382113051310063,-0.11215299018498198,0.25114340400493806,0.6558320119277743,0.5884496984684708,1.1136615567715995,2.2341656241872268,60.220423755106644,-1.345235222294619,0.10726276185443132,54.619966101870844,1.3448109028268613,0.11046312650509407,0.4492066736792872,1.793197022061146,-0.1368597261792024,False,False,False,False,146.21786499023438,84.00017547607422,False,False
2021-11-30,120.34369659423828,1734884533,0.0007098512689472054,-0.028566325562300925,0.2056336184315187,0.6269818528367032,0.5771818228372089,1.0543120088506155,2.2248724740273302,60.2603298063836,-1.2500869816839444,0.10550515532014168,50.94055331838854,1.3464961482208582,0.09355593618393637,0.4278535306596901,1.7683698157645822,0.413351255103112,True,False,False,False,146.21786499023438,84.00017547607422,False,False
2021-12-01,119.75084686279297,1437422167,-0.004938479049171879,-0.0039781919193178136,0.10511637117028849,0.6099110079398871,0.5481163983231322,0.9193103411800229,2.257024706780745,59.81173141531595,-1.264391188152361,0.10431503217331799,47.325137797293905,1.3492089273126668,0.07272363335606044,0.3991088675903094,1.7279549749857215,-0.1714594604665831,False,False,False,True,146.21786499023438,101.44112396240234,False,False
2021-12-02,107.86654663085938,1117942461,-0.10451852449003315,-0.12842799388606455,0.07320009225594912,0.46751527971418255,0.4508975655120646,0.8541860709544491,2.0649653565413186,51.530346994609175,-2.0642604066401553,0.11582955809548781,41.60201155512016,1.4156860588254103,-0.043648162886241855,0.24492406892354343,1.4374196396423633,-0.22225878613433125,False,False,False,False,146.21786499023438,101.44112396240234,False,False
2021-12-03,108.13784790039062,1379333420,0.002511999006153395,0.0406558601449237,-0.03530241977504809,0.3601961418145761,0.5065634016013024,0.8302177345376498,2.056257142792928,51.69477416456481,-2.5341291324383945,0.11545779799613679,39.67051379729059,1.3746592328881126,-0.0458437089603599,0.23323656954333968,1.4231604859576656,0.23381432239919198,False,True,False,False,146.21786499023438,101.44112396240234,False,False
2021-12-04,92.88023376464844,2100725079,-0.1520959284728713,-0.19852219790182346,-0.30314899602605555,0.1581582207970165,0.3623209552528318,0.656389178578573,1.8417348251402164,42.88392638941478,-3.75777195745534,0.14923317142199197,40.466263027553616,1.4810103402441372,-0.1795562114763829,0.05045799259819261,1.0682764363416286,0.5230002032430998,False,False,True,False,127.33001708984375,101.44112396240234,False,True
2021-12-05,85.79002380371094,1220952521,-0.07940812718267985,-0.25391807840655484,-0.40480270837687315,0.14292084292982923,0.35565872478934246,0.6008409088206814,1.6943521115620603,39.513579650450225,-4.859931029669525,0.16048521715828057,43.31874530456907,1.490923205385294,-0.23958024368520062,-0.035903980831991124,0.8972076722842514,-0.4187947136894251,False,True,False,False,127.33001708984375,101.44112396240234,False,False
2021-12-06,93.31929779052734,1786165231,0.08412419532733062,-0.25361501359232497,-0.3657680037773069,0.17057179540188444,0.4171791357535009,0.9090508129999071,1.840446186993538,44.50171566738677,-4.8841113617162595,0.15055377464694739,44.548000712056144,1.506036546838697,-0.1711323295178936,0.040003686946211744,1.0482854955952279,0.46292767349959885,False,False,False,False,127.33001708984375,101.44112396240234,False,False
2021-12-07,89.95217895507812,1066934424,-0.036748738204093113,-0.29107360306536534,-0.31963992862766627,0.025294468601085113,0.39630056880727665,0.8869718612124462,1.7123055456569483,42.80178084832364,-4.915618386591708,0.15180480347402991,48.16631264971216,1.4658906143147334,-0.19465515832504587,-0.0051664934894338575,0.959722637335156,-0.40266756653712965,False,False,False,True,127.33001708984375,77.02176666259766,False,False
2021-12-08,93.22105407714844,736763695,0.03569541412189153,-0.25043970989430187,-0.25441790181361973,0.022085557946341774,0.4312356676077436,0.826962979387993,1.7347430408216706,44.99840312032805,-4.5153686701762625,0.1409742199116068,49.68714932750671,1.4648843449407076,-0.16275336024351017,0.022750428367095035,1.0146183812345069,-0.30945737767291315,False,False,False,False,127.33001708984375,77.02176666259766,False,False
2021-12-09,85.4617691040039,918578963,-0.08690446733365535,-0.23282565273792422,-0.36125364662398884,-0.03442328532795415,0.41217367650867653,0.5523963345847498,1.6297497887950907,40.975789993942094,-4.558983919272832,0.15207131969644758,54.29445779941888,1.4929906973178004,-0.2231759196210005,-0.06767741694307673,0.83312367407835,0.24677555264174633,False,False,False,False,127.33001708984375,77.02176666259766,False,False
2021-12-10,80.73967742919922,1031654019,-0.05683901072396038,-0.292176662468038,-0.2515208023231141,-0.05488891452018211,0.3783738299040074,0.3453014941209013,1.5836934026866607,38.70796814754331,-4.6743013188282,0.15921674507582953,58.49676672342265,1.5007546284169186,-0.25076462520859183,-0.12291007530914001,0.720519997636964,0.12309780710708473,False,False,False,False,127.33001708984375,77.02176666259766,False,False
2021-12-11,86.39281463623047,807032061,0.0676743881819651,-0.07240634581320152,-0.27092854371502506,-0.019129025823396872,0.4633132415507704,0.3769795861033491,1.5658278709878088,42.790148738041225,-4.155738561520116,0.14453869752222187,59.26398725887252,1.5159808792750689,-0.18229211317883232,-0.0657488842975135,0.8279475482628926,-0.21772993063869406,False,False,False,False,127.33001708984375,77.02176666259766,False,False
2021-12-12,88.10911560058594,595911581,0.01967148796254882,0.02667326933202705,-0.2272448090745278,0.03916628743699844,0.46847412552637324,0.5062078774055042,1.5844529588242895,44.00939644480952,-3.5088238418508633,0.1363575055322947,56.54014928809145,1.5112254367659723,-0.14731453360257157,-0.051833629098291645,0.8511013409047734,-0.2616011063282899,False,False,False,False,127.33001708984375,77.02176666259766,False,False
2021-12-13,79.14962768554688,1146609022,-0.10723591397547642,-0.16468683997077982,-0.41830185356310484,-0.2060525295627361,0.3445411487438922,0.4282425818319339,1.4377419961558229,39.30074699932848,-3.488679523741195,0.15378702390716273,58.22606163787092,1.4736812658756777,-0.21709415738318233,-0.15092289307627224,0.6524289640779304,0.9241260927936221,False,False,False,False,127.33001708984375,77.02176666259766,False,False
2021-12-14,87.31190490722656,1039726774,0.09814673892243599,-0.029791362844250782,-0.32086496590961616,-0.0886288797587353,0.43966145263145984,0.41552350157406587,1.5154816111764426,45.06704093025717,-2.761816291428793,0.13834657966215724,57.59576380355153,1.517503478857385,-0.12206491380258828,-0.06686313507793565,0.8095037127983177,-0.09321594889735663,False,False,False,False,127.33001708984375,77.02176666259766,False,False
2021-12-15,101.18144989013672,2397339948,0.14742861724204398,0.08194184027590175,-0.1684978696184002,0.07841690660631323,0.5654245642337702,0.3997236904547096,1.4586392877100491,53.202333624122595,-1.2595794735472445,0.124241879403341,54.117328678078714,1.60382436227932,0.02849585946632545,0.07394920278102071,1.0786243450923407,1.3057403232745837,False,False,False,False,127.33001708984375,77.02176666259766,False,False
2021-12-16,98.40188598632812,1843664083,-0.027855468168475974,0.14099083944108115,-0.09183481329684302,0.004341801595470687,0.5623276996199545,0.3415078391321035,1.1915087670593834,51.55452742516788,-0.4097396474249049,0.12709378059289905,54.02763207766813,1.5992820737807234,0.0030088557925898205,0.036332104677091276,1.0046645836746135,-0.23095425638817246,True,False,False,True,127.33001708984375,75.78592681884766,False,False
2021-12-17,111.0087661743164,2509017517,0.12054920233514316,0.3183790525001846,0.026202390032146715,0.029312235718555422,0.6936860146427498,0.47532322761266793,1.287489740598009,57.92046057113582,0.9695011712516206,0.11601967967380704,53.59563068853647,1.6202703312134,0.13281992615144508,0.15774446478385926,1.2403068879671433,0.3608864760858934,False,False,False,False,127.33001708984375,75.78592681884766,False,False
2021-12-18,116.0168685913086,1589986609,0.04412642668725395,0.29483109100547344,0.22242474519227182,0.14604090798150302,0.7139004690502203,0.5041592028803182,1.0854338531776906,60.16009644245051,2.1211122585633566,0.11030983358197494,54.709424753529625,1.6046347350418915,0.18065667601479052,0.19717900840595606,1.318393872989638,-0.3662911485364492,False,False,False,False,127.33001708984375,75.78592681884766,False,False
2021-12-19,107.67378234863281,1025197695,-0.07462947712856796,0.2005301259143567,0.22720339524638378,-0.039603080184215406,0.5921245814414257,0.6417212479337107,0.8997711849450557,54.91629894289572,2.2128039706893325,0.11683604881925139,51.89923577219383,1.5805464157937144,0.10281420235809945,0.1008046128123806,1.1327074155596188,-0.3552161450939616,False,False,False,False,127.33001708984375,75.78592681884766,False,False
2021-12-20,113.40851593017578,2014776080,0.05189036256400299,0.35965640245383595,0.19496956248305616,-0.10346336539834866,0.6150566116822092,0.6531648999374262,0.9574955939401681,57.6488825539109,2.528722266410645,0.11236829185164608,49.851456304982314,1.5360830092180853,0.16569040189644688,0.14790451190983248,1.2257597009316448,0.965256154814121,False,False,False,False,127.33001708984375,75.78592681884766,False,False
2021-12-21,123.33294677734375,1732104245,0.08389109786740627,0.3454007613988063,0.3156093985545555,-0.04181785269908019,0.6335203584333642,0.5082981835778433,0.9764996857599141,61.94736964547548,3.230233703689139,0.1035241822970402,51.20373552170878,1.5638599851485284,0.2653709973107093,0.23380655495348654,1.3958309839135368,-0.14029938006808185,False,False,False,False,127.33001708984375,75.78592681884766,False,False
2021-12-22,116.47735595703125,1353772414,-0.057190698081476025,0.14078144607528634,0.22272328635118802,-0.14409804150832053,0.5762703336424209,0.42146474637453474,0.7440951714218207,57.59841156231261,3.058428925532145,0.10874905076156706,52.98200223698348,1.5662880968002935,0.18977846897737496,0.15393593085876567,1.2410573874113293,-0.21842324565170734,True,False,False,False,127.33001708984375,75.78592681884766,False,False
2021-12-23,121.20996856689453,1261376043,0.0398274345087093,0.20846434875247158,0.3494551881935528,-0.021393793645877342,0.6305739504259547,0.5152917598161795,0.9663833589884981,59.701658547354214,3.080814045431535,0.1020526030226651,55.89452900809905,1.5476734708549493,0.22990924007537042,0.19002730843036034,1.309054465332943,-0.06825103691321044,False,False,False,False,127.33001708984375,75.78592681884766,False,False
2021-12-24,114.97645568847656,1136972581,-0.05279694489585172,0.035118201521476815,0.35349725402166154,-0.04466412584957402,0.49873967672365327,0.5196227074904574,1.0209453272689704,55.77718565246195,2.5168858581868085,0.10670195975773011,56.80699838466887,1.5552361918286228,0.15372445076312888,0.12097299596236373,1.1697517634369254,-0.09862519800528669,False,False,False,False,127.33001708984375,75.78592681884766,False,False
2021-12-25,115.03192901611328,878551694,0.00048235918689265307,-0.008525865978884375,0.286305225026589,-0.064113044139395,0.5129726287552693,0.5425794033789108,0.8316321508662746,55.80502787129851,2.010641811690423,0.10189273973007025,55.995078022216596,1.5533431746569004,0.13759114397253386,0.11269046244154678,1.1504744511852063,-0.2272885831360255,False,False,True,False,127.42166137695312,75.78592681884766,False,False
2021-12-26,115.21482849121094,963393172,0.0015887260741334216,0.067692337223817,0.2682224631381736,0.10404753695957342,0.627490818932525,0.5494648130883241,0.8308404877308365,55.9036043910336,1.5706405961739418,0.09964807808106546,56.17697788249393,1.435573127522036,0.12719616570948153,0.10663907998514231,1.1339810550246,0.09656970509466678,False,False,False,False,127.42166137695312,75.78592681884766,False,False
2021-12-27,113.59861755371094,942094550,-0.014127122728458785,0.001674851931355208,0.36133125438519126,0.0028382846572387096,0.5670907847680768,0.6133460852851967,0.8717499455463983,54.74165082596373,1.0768298634550408,0.09852765068647637,55.20562694485853,1.404448529547936,0.09867552049396365,0.08571492547316652,1.084850003333382,-0.022107922932216972,False,False,False,False,127.42166137695312,75.78592681884766,False,False
2021-12-28,107.21561431884766,1435837733,-0.05782944280214224,-0.1400456887381933,0.20535507266061315,-0.030978911466955094,0.5039612487078049,0.4924863892359899,0.9533723856285439,50.29544724959641,0.26851888100906773,0.10487098750984854,54.165803922381386,1.4166547635120699,0.029971648627679346,0.021579182012322253,0.9509123910262496,0.5240909025532523,False,False,False,False,127.42166137695312,75.78592681884766,False,False
2021-12-29,102.99812316894531,1091704197,-0.040131127586407925,-0.12298611824312511,0.017795327832161152,-0.15493116956646366,0.5009008423613106,0.43351852890200704,0.9587303872051357,47.54747279655419,-0.5569558543276152,0.1068208671281674,51.21280915213312,1.3889141665147378,-0.01880863114687441,-0.02131856527154764,0.8590415823205306,-0.23967439223161857,False,True,False,False,127.42166137695312,75.78592681884766,False,False
2021-12-30,101.92827606201172,1015886046,-0.010441376325357975,-0.17325492907719242,0.035209419675279185,-0.16608239716076892,0.46089945567593416,0.41109942567644,0.8882296116898465,46.84822774309068,-1.1477710433958839,0.10516217479964297,46.296537715029984,1.3888652099506198,-0.03870217043951591,-0.034535931636585165,0.8253746491136492,-0.06944935377948358,False,False,False,False,127.42166137695312,75.78592681884766,False,False
2021-12-31,109.2704849243164,1323734905,0.06955693134936054,-0.05090105283198026,-0.015782851310503384,-0.09158698676223655,0.5183240211776505,0.4565294115608957,0.8277233544177863,52.05896387726361,-1.0210809042488957,0.0983715166300566,42.64174655931471,1.413360156430265,0.01954413717012482,0.030867549258170212,0.9404761867301545,0.3030348336923607,False,False,False,False,127.42166137695312,75.78592681884766,False,False
2022-01-01,114.15801239013672,784319683,0.04375724085200005,-0.007626171166873025,-0.016152037145757314,0.05668877857979666,0.5242040582939792,0.5075863440918612,0.9108748495342456,55.20699278302004,-0.6056384144204388,0.09087346967062992,39.215400882219605,1.3734494419837053,0.05235833527699146,0.07102897313185985,1.0096097527266648,-0.4074948994413651,True,False,False,False,127.42166137695312,75.78592681884766,False,False
2022-01-02,113.18633270263672,777052324,-0.008548139641404474,-0.017763036882410908,0.049929300341406094,0.04562863993223875,0.40582478174681486,0.5521920415335412,0.8758463744698886,54.44160624014649,-0.40353026694455085,0.08832613759326349,30.004886952161712,1.3739280921298418,0.02728466000116881,0.058748801384154906,0.9752716727053742,-0.009265812343510982,True,False,False,True,127.42166137695312,98.32600402832031,False,False
2022-01-03,108.14521026611328,894675873,-0.045560559096061264,-0.04919647325001334,-0.04752162131865807,0.15216400930904864,0.31032223010606524,0.5144849645618805,0.8085531878876216,50.5277447651333,-0.6045133975190602,0.09075711673530296,23.10738705897859,1.270356252014094,-0.027661499541091202,0.009188348362477877,0.8720537346898185,0.15137146543042834,False,False,False,False,127.42166137695312,98.32600402832031,False,False
2022-01-04,103.23924255371094,918513472,-0.04642582547005386,-0.037792855917924965,-0.17783854465611817,0.18514631102167484,0.32806715395150404,0.5408050358110172,0.7859872198423563,46.98745684150637,-1.0376073971254671,0.09234527425428,22.55853901398499,1.247758412941644,-0.0726291753890546,-0.038332109706818676,0.7733742135734241,0.02664383797460479,False,True,False,False,127.42166137695312,98.32600402832031,False,False
2022-01-05,97.85257720947266,1168896098,-0.05358700620646616,-0.051248734537983134,-0.17423485278110828,0.0474351094878781,0.2180069048897626,0.46461424524137906,0.9564859224877853,43.39242620712571,-1.6217925723150168,0.1014863297275661,22.770442376981915,1.2318318065369223,-0.12079925439811746,-0.08848771639635539,0.6687499527738023,0.2725954856762296,False,False,True,False,117.31509399414062,98.32600402832031,False,True
2022-01-06,95.19853973388672,909261500,-0.02749742911499537,-0.06830478732762058,-0.241559716404813,0.056686418576976,0.08198088717806117,0.4529869873842526,0.9436582797894222,41.699555386557584,-2.0919684970462535,0.10180819187585265,26.21979621916112,1.2286271691054078,-0.13852686379650186,-0.11112334380667781,0.6123215616507574,-0.22211948388247593,False,True,False,False,117.31509399414062,98.32600402832031,False,False
2022-01-07,86.76771545410156,1163318424,-0.09272999204413222,-0.23059171072111323,-0.28149276355309355,-0.07173898758904788,-0.04965342964270605,0.3594966800186957,0.7552239917989452,36.78954937309284,-2.8299312522633846,0.11183863838797681,32.186680381250646,1.2652682494361749,-0.20428877094780676,-0.18779734284573346,0.46019087604295783,0.27941018507877,False,False,False,False,117.31509399414062,98.32600402832031,False,False
2022-01-08,84.05683898925781,1021954391,-0.03174138605597609,-0.3060903376290894,-0.3137165087959624,-0.016575906311368665,-0.05099919163932272,0.39559777019730785,0.5358204282733812,35.34828605515649,-3.3255686854132867,0.1155476901821186,38.309850744551824,1.2331149693291876,-0.22071012845758572,-0.2090316203995035,0.4058719758841839,-0.12151791812419532,False,True,False,False,117.31509399414062,98.32600402832031,False,False
2022-01-09,89.20655822753906,900030318,0.059461334963751514,-0.2380808630239334,-0.2558438999063444,0.09972443937634318,0.04483552485616122,0.47809826928035065,0.4450259334972445,40.145347559351606,-3.1341146703492875,0.10820146038722907,41.276116772289505,1.233026356032177,-0.16358355735152744,-0.15475678529116513,0.4823317482295581,-0.11930480858416315,False,False,False,False,117.31509399414062,98.32600402832031,False,False
2022-01-10,84.5326156616211,1138103402,-0.053817115561957694,-0.24633741948982976,-0.2955338927398432,-0.021767064367579587,-0.04089609019097647,0.44154617718319095,0.35521252173576945,37.430733555811294,-3.141821247729453,0.11446389965901226,43.20348078416934,1.2260253393937561,-0.1927229488518526,-0.19229797682516822,0.39619168730856974,0.2645167382017013,False,False,False,False,117.31509399414062,98.32600402832031,False,False
2022-01-11,89.50181579589844,719261554,0.057121469245734344,-0.1427901247740417,-0.18058298069196665,0.015682916915606058,0.05484920435260437,0.48415704244197927,0.5218907943211102,41.92683555206941,-2.651390149415499,0.10628111408281701,44.248826236770356,1.2407378178635755,-0.134114455870698,-0.13739496464979403,0.4686563605889735,-0.3680173939063579,False,False,False,True,117.31509399414062,79.60858917236328,False,False
2022-01-12,95.8235092163086,962440339,0.06824914049171636,-0.020953978075859213,-0.07220271261384233,0.19116797138279873,-0.014884558179937337,0.535709120126691,0.6194105532147327,47.131619688879006,-1.7820891987578258,0.09797405217132152,42.207115056280415,1.1992045687939414,-0.06142950709583916,-0.0714545438046949,0.5614310168754549,0.338095069377224,False,False,False,False,117.31509399414062,79.60858917236328,False,False
2022-01-13,89.40788269042969,756890649,-0.06929920222559217,-0.06275575118645599,-0.1310605385140765,0.023722030234770704,-0.0649068495239646,0.4633834828662305,0.4392455318088366,42.926811499733525,-1.5296944173718274,0.1036539649244673,42.39427354595922,1.1799962864594824,-0.11316428163116696,-0.12841698136549856,0.4476319094676265,-0.21357135779821046,False,False,False,False,117.31509399414062,79.60858917236328,False,False
2022-01-14,90.34053039550781,640737088,0.01037734974945858,0.040351590607134884,-0.1902401201139784,-0.11332923725781475,-0.034912330651501434,0.45209532697595545,0.28639445319689494,43.71296157130979,-1.2047592454158567,0.09839643356882938,41.74978641017041,1.0559501250039085,-0.09280412586964523,-0.11374261347768033,0.45343080600280455,-0.1534614823864735,False,False,False,False,117.31509399414062,79.60858917236328,False,False
2022-01-15,93.3158187866211,514349943,0.032403439721027015,0.10449641638413797,-0.20159392124495143,-0.05307032936831175,-0.048728527772841146,0.5092573702516427,0.28843750976379173,46.25626005667156,-0.7182883540156344,0.0918950906812878,39.91329142510996,1.0595691307919508,-0.052508307562160295,-0.08266216093312707,0.4915241415462555,-0.19725273808404864,False,False,False,False,117.31509399414062,79.60858917236328,False,False
2022-01-16,92.23979949951172,498172515,-0.011597938758161092,0.033437142662225375,-0.20464372036170805,-0.18521747046161602,-0.15590523474306064,0.508468544181134,0.290105757151052,45.45631740293402,-0.4129794780940701,0.08851270625490526,38.07061730605158,0.9634649302263437,-0.05316684411810805,-0.08947395804490413,0.4649262576750657,-0.03145218196320476,True,False,True,False,97.10579681396484,79.60858917236328,False,False
2022-01-17,86.75066375732422,613946950,-0.061353632096828245,0.0259006261273548,-0.2204367933624751,-0.29069752924569814,-0.14465662126419504,0.42320293980452217,0.21346167363462007,41.51234221158758,-0.5179177581084988,0.09292198705496979,38.440154043105466,0.9644037931092834,-0.10005976262376697,-0.13960956043047842,0.3695362514906403,0.23239827873683483,False,False,False,False,97.10579681396484,79.60858917236328,False,False
2022-01-18,86.01341247558594,519434644,-0.008534827067350403,-0.03975567018572993,-0.1825457949597717,-0.22460287918448069,-0.2642059593686961,0.36752170225694497,0.4171183687492301,40.997828411235986,-0.5700553652827831,0.08985086455523558,39.34028640525626,0.9355109991468731,-0.09977707446230064,-0.141087177300035,0.3499182362413834,-0.15394213783454747,False,True,False,False,97.10579681396484,79.60858917236328,False,False
2022-01-19,82.90330505371094,538783322,-0.03682831380714974,-0.144833124484596,-0.16578710256045523,-0.31332155555563335,-0.4167849209539819,0.30173505612657586,0.3398433443817929,38.812408381202495,-0.7364962580695753,0.09081019472521876,40.85670491454172,0.91560906248597,-0.12360242173069111,-0.16590720736852677,0.293858111689393,0.0372494946640487,False,False,False,False,97.10579681396484,79.60858917236328,False,False
2022-01-20,79.0684585571289,301646934,-0.04736088807297006,-0.12289481033197402,-0.18565056151843,-0.44457354149600964,-0.48639139419508987,0.18894681693735463,0.06372464208183373,36.24674124435485,-1.010427659900424,0.09615869752782921,41.29797960975169,0.8580556371270434,-0.15058190751341646,-0.197923815309042,0.22761694289233345,-0.44013312646674685,False,False,False,False,97.10579681396484,79.60858917236328,False,True
2022-01-21,65.92256164550781,1061162871,-0.1818332964716463,-0.3151054565530789,-0.2747538659459439,-0.5692161398861798,-0.7133141813945004,0.0070541937562410865,-0.1477513935116451,29.136372536387057,-1.929278609779585,0.12415608032816199,44.385910351996806,1.0286988218528703,-0.2729690762786741,-0.32553730215445403,0.019249273267822727,2.5178970889191934,False,True,False,False,97.10579681396484,79.60858917236328,False,False
2022-01-22,59.72904968261719,1333878308,-0.09866224836122627,-0.446171144635332,-0.3416747282511941,-0.7077058227561154,-0.7290996164019928,-0.07713187233016085,-0.19241406293993588,26.49893039898258,-2.7561027714919746,0.14341995526287152,49.08808863794684,1.0423925141779964,-0.32126701010505365,-0.3827901690734536,-0.07980927299300122,0.2569967763223786,False,True,False,False,97.10579681396484,79.60858917236328,False,False
2022-01-23,64.72541046142578,897015183,0.08033537083998146,-0.3542378350371896,-0.32080069237496406,-0.5745735070202823,-0.6192376328698564,-0.07583383029662909,-0.054950799529824984,31.85770749652478,-2.7615095839067685,0.13091689477522359,50.77743254952504,1.0974275760013963,-0.24588663926452128,-0.3272457083534416,-0.006785448629408135,-0.32751347883828097,False,False,False,False,97.10579681396484,79.60858917236328,False,False
2022-01-24,62.87763214111328,1159701823,-0.02896337661558913,-0.32184757955595034,-0.29594695342859556,-0.6040192428227641,-0.6681322869621592,-0.0910466140674948,-0.06143983944385341,30.958755929022743,-2.6822674104505797,0.13562758649952777,53.53530596735544,1.0956015202348142,-0.2497753171155783,-0.3433237098436426,-0.03888268818756841,0.2928452549949758,False,False,False,False,97.10579681396484,79.60858917236328,False,False
2022-01-25,67.90058898925781,994124979,0.07685421826717188,-0.23645853422142818,-0.27621420440715816,-0.5287537506297258,-0.4247062136701524,0.09873706830279906,0.020711062458598335,36.22685430691922,-2.109535201091786,0.12551443803672585,54.63007900726804,1.1447365232079607,-0.17510414594403234,-0.287080245653417,0.03352323272715405,-0.1427753589036136,False,False,False,True,97.10579681396484,53.939334869384766,False,False
2022-01-26,65.99578857421875,1166402419,-0.028453778381197396,-0.22808399879547595,-0.3729171232800719,-0.5430804062824645,-0.5402421216252259,0.024010378485612452,0.07026567900273235,35.13208183878265,-1.6948217931234897,0.1288525520029109,56.24719867550289,1.1452761439221657,-0.18376591921609517,-0.30357620902779353,0.00042087810255925646,0.1732955550249784,False,False,False,False,97.10579681396484,53.939334869384766,False,False
2022-01-27,64.69680786132812,798856523,-0.019879067756693687,-0.20060217847919953,-0.32349698881117356,-0.505130031237016,-0.536108942703971,-0.001168782529211021,-0.012643642001026,34.36929743244836,-1.3583666308814095,0.12916541011040292,59.208515934856976,1.136322656002734,-0.1887593625413472,-0.31314887469184566,-0.023141248606415272,-0.3151107113744763,False,False,False,False,97.10579681396484,53.939334869384766,False,False
2022-01-28,67.12731170654297,664566075,0.03687912831491993,0.01811024630736648,-0.29699521024571235,-0.4281197753356882,-0.5830509449021519,0.07278106702562234,0.0053987535663188565,37.12027377503934,-0.8474967724534412,0.1213241573452512,61.1864050754791,1.1481417151340072,-0.14925311677090936,-0.28456036158674997,0.009370363795494434,-0.16810333787560494,False,False,False,False,97.10579681396484,53.939334869384766,False,False
2022-01-29,72.12027740478516,697610539,0.07174425369402873,0.1885167483626215,-0.2576543962727105,-0.3459341453163015,-0.5120165424770704,0.11496531035963274,0.06516528036013845,42.4563740243569,-0.08862585792405753,0.11122942487186505,61.057787418903494,1.1867311991329947,-0.07596938231049825,-0.22993072433106856,0.07956129052823932,0.0497233687410239,False,False,False,False,97.10579681396484,53.939334869384766,False,False
2022-01-30,67.97378540039062,534098086,-0.05921312273054053,0.04896825479209961,-0.3052695802450899,-0.4747041993962024,-0.5662911861584391,0.043619821781447986,-0.01817478783530677,39.46140192278834,0.2028492037912102,0.115068349885322,62.20809212380216,1.160703282025866,-0.11975821108259271,-0.27133905924233137,0.01323233111304441,-0.23438931016493714,False,False,False,False,97.10579681396484,53.939334869384766,False,False
2022-01-31,69.99242401123047,700410198,0.02926488575055444,0.10719651715824315,-0.21465106239770732,-0.4891965544976481,-0.4325077759178514,0.03500750379633102,0.01838978959421308,41.620501476628895,0.5790718941775541,0.11004553067240859,61.706658094097875,1.1524113670835645,-0.08202143487980072,-0.24677416761676985,0.03878240680967629,0.31138870623101234,False,False,False,False,97.10579681396484,53.939334869384766,False,False
2022-02-01,73.44881439208984,843353375,0.048201753007744194,0.07854405189881553,-0.15791448232261257,-0.4324466618484993,-0.38681802191626063,-0.026621880101684373,0.11974537968504181,45.22287263295495,1.0791246784033053,0.1021371932619082,57.91654455045215,1.174018083129872,-0.022344699621527755,-0.20860707480268242,0.08504050955596135,0.20408494537653787,False,False,False,False,97.10579681396484,53.939334869384766,False,False
2022-02-02,67.87997436523438,875718764,-0.07884769807132416,0.028150132208688835,-0.19993386658678713,-0.46573380082376226,-0.3135697915147136,-0.15541157071769712,0.048751163738118254,40.84927262063624,1.0521495097497926,0.10973072093496472,56.54965319677032,1.1907548201602072,-0.08333629970280841,-0.26553439346661556,-0.0014272362428155343,0.03837701959750861,False,False,False,False,97.10579681396484,53.939334869384766,False,False
2022-02-03,68.10771942138672,695260121,0.003349498219080567,0.05137869818446303,-0.1492234802947365,-0.4159584771346279,-0.23081216611295313,-0.08789132318312388,0.12484655867638939,41.10015143784659,1.0637839699320555,0.10523253501515176,53.972506973170184,1.187148952600373,-0.0662434222741343,-0.25775780395309794,-0.0022894863329783388,-0.20606917473792985,False,False,False,False,97.10579681396484,53.939334869384766,False,False
2022-02-04,77.31163787841797,965938411,0.12675393802580215,0.1412535078953454,0.1593637542027119,-0.23561753290235965,-0.18818242341448146,-0.017610628012597107,0.2289967123390194,50.27835846753342,1.6694221374654798,0.09520883159862072,48.471154845034086,1.2746356259280713,0.07169973623275244,-0.15356196907765518,0.1269964339746552,0.389319452999376,False,False,False,False,97.10579681396484,53.939334869384766,False,False
2022-02-05,77.2494888305664,797735218,-0.0008042002866359946,0.06870505391468051,0.2572218022773021,-0.20892430407400034,-0.1522378854970245,-0.12694341689593922,0.2440626833102523,50.221449682101365,2.020478035811725,0.09348240902633342,42.28700286805051,1.272857396438963,0.08208086928329995,-0.14794383558727575,0.12056936190318802,-0.174134490444236,True,False,False,False,97.10579681396484,53.939334869384766,False,False
2022-02-06,78.75726318359375,506746738,0.01933020567959667,0.14724838232481782,0.19621663711691745,-0.0968641063502714,-0.16860309393931933,-0.1465175359929774,0.2626325736684244,51.65123287208634,2.289147535298371,0.08905144828994355,38.92185325770763,1.237343207962005,0.10941214559670064,-0.12411392541895834,0.13680642706823792,-0.3647682507104757,False,False,False,False,97.10579681396484,53.939334869384766,False,False
2022-02-07,83.16699981689453,912462594,0.05448012797429155,0.17246362454855488,0.2796601417067981,-0.010642592320003762,-0.02721849863137243,-0.06164178395932648,0.3849551778773041,55.66231826413073,2.6720737598853717,0.08477137972505706,37.3759206037582,1.248832743175937,0.17388318253137675,-0.07000237430882073,0.19422314551583578,0.8006284512086983,False,False,False,False,97.10579681396484,53.939334869384766,False,False
2022-02-08,86.62419891357422,2252177846,0.04072857738655613,0.16499044892736672,0.2435345008261824,-0.02937534989719912,0.0703490894791441,0.015460174958962047,0.44872291938315156,58.56463055320396,3.0396613439067153,0.08408125846927618,39.40489269235141,1.2392120483907225,0.21947843324076624,-0.025505549239522057,0.23715783253124142,1.4682412855161928,True,False,False,False,97.10579681396484,53.939334869384766,False,False
2022-02-09,90.02086639404297,1053167954,0.038462282563820234,0.2823004295625113,0.3104505617712002,0.06290404822857891,0.04113698386099942,0.02200795803760236,0.5044502254117699,61.24856713932208,3.3675744272195516,0.08080000941937132,44.51727958518358,1.2314684754864025,0.2576008376264075,0.020353423715496158,0.278470260831966,-0.5323779798871177,False,False,False,False,97.10579681396484,53.939334869384766,False,False
2022-02-10,91.13622283935547,1616543856,0.012313849196152594,0.2912647805395833,0.3426434787240464,0.01809642817899712,0.0337793450946032,0.07294563253160163,0.5022534706209764,62.116324828176644,3.5001672324181303,0.08165071240253642,48.92973613875388,1.2160915672448176,0.2511474330442776,0.03896406233816213,0.2870088288118652,0.5349345276413529,False,False,False,False,97.10579681396484,53.939334869384766,False,False
2022-02-11,81.73299407958984,1323311027,-0.1088975768301131,0.05561326568366815,0.1968667735790135,-0.15905028914283234,0.032117682239966354,-0.1739348473227697,0.37665883098385866,51.621216138871745,2.8241372137407055,0.0951899816424857,46.39012761861789,1.2486124101756262,0.10536164898318588,-0.059771036453215395,0.14852192243710197,-0.18139491107007744,False,False,False,False,97.10579681396484,53.939334869384766,False,False
2022-02-12,81.24567413330078,1123397419,-0.005980186290046194,0.05043727968025787,0.11914233359493842,-0.09573127320728642,-0.07200924297251575,-0.16063812273125114,0.3676522096589441,51.13898509777338,2.239272376663945,0.0938745093345869,45.16624901613421,1.2271135097533952,0.08663228372367748,-0.05806708229971346,0.13614004206428504,-0.15107076410691767,False,True,False,False,97.10579681396484,53.939334869384766,False,False
2022-02-13,78.24311828613281,676959728,-0.037656698028458405,-0.006549624027797225,0.1406987582970206,-0.1437653209852035,-0.2570945582430183,-0.17867765163670493,0.3083300059907518,48.154137712355045,1.5765874566052256,0.09552169771192136,42.43633475836202,1.2318576857606172,0.03583058464373597,-0.08507300450432145,0.08912731288972697,-0.3973996053839963,False,False,True,False,94.98809814453125,53.939334869384766,False,False
2022-02-14,82.01966857910156,865000799,0.04713819889530562,-0.013891553106783161,0.15857207144177177,-0.12903056181092487,-0.18210089117923675,-0.17775908958376602,0.3802268084407178,51.95276989885944,1.3288988096144074,0.08992533457318909,41.61162213492256,1.2385116499609383,0.07577286749786825,-0.03340842600931995,0.13619216460982211,0.27777290616023165,False,False,False,False,94.98809814453125,53.939334869384766,False,False
2022-02-15,92.67250061035156,1272958909,0.1221127000446624,0.0674925695513232,0.23248301847868988,0.0046800769918985035,-0.18053739346971737,-0.15122515775116205,0.5131486211730325,60.699829181223606,1.7901054420235192,0.08302443470715501,42.94721684880195,1.314105462328125,0.19459675437149973,0.09754723140930821,0.2767172184811525,0.4716274371903788,False,False,False,False,94.98809814453125,53.939334869384766,False,False
2022-02-16,95.34611511230469,1729554621,0.028441808501458287,0.05747209548896101,0.33977252505147243,0.09447551759018515,-0.19622201165551306,-0.05018110367400995,0.5176784573947073,62.542917124691044,2.158161653981883,0.07884173279543889,43.64914627563896,1.298438015858115,0.205252152903674,0.1323953261624083,0.3061948266874565,0.35868849243428325,True,False,False,False,94.98809814453125,53.939334869384766,True,False
2022-02-17,88.12377166748047,1798309218,-0.07877126525889473,-0.03361301896608626,0.25765176157349695,0.024239079398640707,-0.20036379978583985,-0.23996687997005528,0.3917607816555857,55.03446522893235,1.81208306784852,0.08886393593492639,41.8410377467492,1.3291421797585632,0.09936661035596352,0.050328840225825885,0.2010617784994485,0.03975277575231906,False,False,False,True,94.98809814453125,76.42424011230469,False,False
2022-02-18,83.83697509765625,1283023478,-0.04986818205337166,0.02541637581065511,0.08102964149432308,0.011199211152418677,-0.30212234440321456,-0.4055857098015631,0.3129342672789946,51.11220581383329,1.2197502764456323,0.0927761618245298,40.67250970298063,1.334556724869721,0.03829937691246846,0.0035633023461515484,0.13714712343108382,-0.286539008331992,False,True,False,False,94.98809814453125,76.42424011230469,False,False
2022-02-19,85.09931945800781,850252533,0.014944898122297219,0.046341460222998405,0.09677873990325643,0.07350499734768604,-0.3710685441483235,-0.41288639684740375,0.2624518142850406,52.19270729594874,0.8554743363740684,0.08917022672235224,37.80131768806001,1.3241627894868069,0.0428737542609196,0.02460323759337084,0.148616551248434,-0.33730555396742323,False,True,False,False,94.98809814453125,76.42424011230469,False,False
2022-02-20,77.33678436279297,984477195,-0.0956493311957106,-0.011651172944253605,-0.018200796972050896,0.15968896262362167,-0.40952717726255816,-0.5536252187708787,0.16674315637986267,45.52889908297212,0.0753394370900502,0.0992372781770757,35.69525579126648,1.2016579529599902,-0.05650035019558982,-0.06052842914018323,0.039377618541635066,0.1578644658974513,False,False,True,False,98.57368469238281,76.42424011230469,False,False
2022-02-21,69.98892974853516,1626858109,-0.0998326242900683,-0.1586219961296274,-0.17251354923641066,0.15851858669477964,-0.5491872360613357,-0.5705810297072131,0.08138671436461893,40.2856050073465,-0.8982596150605224,0.11487342287710257,36.927423946362296,1.2029389134170527,-0.14433742628055976,-0.14077101192750752,-0.06291090905467407,0.6525096947522486,False,False,False,False,98.57368469238281,76.42424011230469,False,True
2022-02-22,74.57435607910156,1344001591,0.06345961272909646,-0.21727508344519347,-0.14978251389387037,0.14164282858389463,-0.4329306784363878,-0.4775948042859618,0.06580899828726552,44.575280322225694,-1.1784791521539641,0.10709456431707523,34.38132399439582,1.1910687969887446,-0.09199316891514539,-0.07686823616799539,-0.005500735128976789,-0.17386674131886448,False,True,False,False,98.57368469238281,76.42424011230469,False,False
2022-02-23,73.6986312866211,1699396767,-0.011812468215916595,-0.25752936016256844,-0.20005726467360738,0.1587937369835672,-0.44522550583919696,-0.509338549978592,0.06774712291607238,43.92628367217502,-1.3552441850862882,0.10851278918313109,32.00550945580935,1.1864573385177464,-0.10569980678511225,-0.08098737539261881,-0.020961311828816928,0.26443062149619134,False,False,False,False,98.57368469238281,76.42424011230469,False,False
2022-02-24,76.52396392822266,3097306165,0.03761971813583347,-0.14113837676784025,-0.17475139573392656,0.11955923685222877,-0.409194513777497,-0.3051469768179236,0.21829630515502788,46.626275838793475,-1.2186179092069067,0.1105617888367983,32.1791279229479,1.1643599324674134,-0.0709716626021123,-0.04065277629422311,0.012421614720591263,0.8225915366826162,False,False,False,False,98.57368469238281,76.42424011230469,False,False
2022-02-25,80.8326187133789,1884195969,0.05477663526871329,-0.036493559445755205,-0.011077183635100189,0.20278965050213935,-0.34029075578032497,-0.33745247112308635,0.22680002898775187,50.53769459710172,-0.795286576901908,0.10506806577615883,31.6582822231278,1.1713465568621007,-0.020792848978050036,0.01702624332608302,0.0648750363428239,-0.39166621940973023,False,False,False,False,98.57368469238281,76.42424011230469,False,False
2022-02-26,81.87970733642578,1419135253,0.012870605476922346,-0.038567852091129944,0.007773608131868432,0.23553932373575562,-0.2695907075012604,-0.3005696189682154,0.23437054120654457,51.46849590233626,-0.42077871146447554,0.10187134271846818,31.33057262522915,1.1675364466281608,-0.009980796575499799,0.03146929988075445,0.0740401946050224,-0.24682184000575158,False,False,False,False,98.57368469238281,76.42424011230469,False,False
2022-02-27,74.9911880493164,1577126485,-0.08788057253031761,-0.030799093425737074,-0.04245026636999072,0.11077962289051801,-0.3173401524451701,-0.4722713220116338,0.1835606899161404,45.413735323229666,-0.6019776883439565,0.11139341020140255,32.518761020815994,1.2088644964851443,-0.08876687120013892,-0.05314527368190771,-0.020061824230514592,0.11132922789847721,False,False,False,True,98.57368469238281,64.83141326904297,False,False
2022-02-28,84.3392333984375,1906636314,0.11747654490080718,0.18651007576513823,0.02788807963551082,0.15651191409729642,-0.18942223121900506,-0.35550462837977403,0.2714772244569291,53.4216464747182,-0.08443254594393934,0.10320832643666292,32.29334770426504,1.2510554431788565,0.026247815541362296,0.0661956194552981,0.09723417959712952,0.2089305024891519,False,False,False,False,98.57368469238281,64.83141326904297,False,False
2022-03-01,86.73593139648438,2279596412,0.028021072712868952,0.15107153574891088,-0.06620354769628262,0.24374610954070594,-0.23095808985549654,-0.322545076617733,0.2873659313221541,55.23487626028241,0.4005149924504289,0.09871281435139174,31.590930624903784,1.2313584934798603,0.05752460181559063,0.09588358987543076,0.12339531801233304,0.19561155699250987,True,False,False,False,98.57368469238281,64.83141326904297,False,False
2022-03-02,83.29166412353516,1610175795,-0.040519757951790684,0.1223642460130368,-0.1351651141495316,0.1739614658383609,-0.3152350886592872,-0.25854631007949064,0.20896896963469183,52.09622419400043,0.4659396201554189,0.10153165345054971,30.100219031662352,1.240305842339053,0.0204103330603239,0.05402030387890006,0.07424801476007152,-0.29365751475836244,False,False,False,False,98.57368469238281,64.83141326904297,False,False
2022-03-03,78.55764770507812,1534290692,-0.058515752675990095,0.02622877520121334,-0.11490960156662691,0.06724396015462644,-0.36520270169387276,-0.31957406176163405,0.040622080052942086,48.0543731521221,0.18161499983496704,0.10622923900401615,30.33615711616477,1.2502045199181535,-0.03571073168733524,-0.001523460273513231,0.009301631358105817,-0.04712845841779656,False,False,False,True,98.57368469238281,72.12709045410156,False,False
2022-03-04,75.65424346923828,1871411668,-0.03765918883579349,-0.0662070489032934,-0.10270060834904864,0.10843246939015716,-0.357301331433605,-0.2051373221245563,-0.04697910132753986,45.711945475047315,-0.19060945142835764,0.10891573948749038,31.07542519346659,1.2245724209271742,-0.06815196090749165,-0.035052399106189,-0.03151443247910445,0.21972431805641168,False,True,True,False,90.67776489257812,72.12709045410156,False,False
2022-03-05,76.72742462158203,993285550,0.014085669352969824,-0.06499198502724608,-0.10355983711837602,0.11916864052404656,-0.2967898366105814,-0.11164352558890663,0.03127731734092251,46.74528152683278,-0.34420436607552996,0.10428514579612479,31.32082104561787,1.2251156737581732,-0.05405037870207164,-0.017954013881978856,-0.021109284317418747,-0.4692319349159898,False,False,False,False,90.67776489257812,72.12709045410156,False,False
2022-03-06,72.52902221679688,913541519,-0.05627241326283546,-0.03338382575976378,-0.0641829191855009,-0.06385771076459107,-0.2994752436669507,-0.2520401341790726,-0.08146833877718822,43.27496020182008,-0.6883504593602081,0.10684127592023948,32.81224659840942,1.1587897993518002,-0.10054911590937836,-0.06672398062233084,-0.07718259312145247,-0.08028308777873594,False,False,False,False,90.67776489257812,72.12709045410156,False,False
2022-03-07,71.88053894042969,1144242245,-0.008981228530664492,-0.15984159919123533,0.026668476573902845,-0.07203473900861948,-0.2809590430826199,-0.22427262450564392,-0.1989781559045587,42.7470771291577,-0.9057731974875307,0.10576679099727068,31.489224067499404,1.1590231671515512,-0.09694869520565137,-0.07019670886446416,-0.08782703294485504,0.2525344729296315,False,False,False,False,90.67776489257812,72.12709045410156,False,True
2022-03-08,72.9183578491211,1344906811,0.014334869992731545,-0.17352780191137276,-0.022456266162461987,-0.07703007469548465,-0.17389418104575607,-0.24563316863480392,-0.2235476106884621,43.92595928305274,-0.9226902261576899,0.10159515114427106,26.892462079781428,1.1579748263961769,-0.07081982424610728,-0.05338462052574411,-0.07663334066534093,0.1753689543248773,False,False,False,False,90.67776489257812,72.12709045410156,False,False
2022-03-09,77.71604919433594,1650128263,0.06372135972202769,-0.06928668423755442,0.053077561775482306,-0.06778884294774855,-0.07843143526775229,-0.09500734157912097,-0.12943062690707505,49.13967416084013,-0.5709980691664147,0.09548425110153817,24.576231614126527,1.1641372038291065,-0.003073288695382355,0.011076466756264985,-0.017989657863175457,0.22694617166304165,False,False,False,False,90.67776489257812,72.12709045410156,False,False
2022-03-10,74.00409698486328,1200529915,-0.04894133305013688,-0.05971226461170119,-0.033483489410487906,-0.15745875338444149,-0.18683410328164063,-0.08710966390529742,-0.14199857842547947,45.6064858194669,-0.5484692512429152,0.099782026405807,24.08192798030973,1.1644786531563256,-0.044664477801657665,-0.034981033561675805,-0.06669022860824056,-0.2724626673459989,False,False,False,True,90.67776489257812,70.72230529785156,False,False
2022-03-11,71.2354736328125,1603071548,-0.03812953680699306,-0.06018261258290084,-0.12638966148619418,-0.23405057275525484,-0.17114652452667606,-0.19291358889425558,-0.2120426147176525,43.11635187337747,-0.6719835188962477,0.1020539612176356,23.472125975885902,1.1589259081468424,-0.07210189307402236,-0.06918256509324643,-0.10300888474144952,0.3353032922965522,False,False,False,False,90.67776489257812,70.72230529785156,False,False
2022-03-12,71.002197265625,635273265,-0.0032800955593016976,-0.07754837749517222,-0.14254036252241828,-0.24964451751070912,-0.23154808933171198,-0.21586517241610598,-0.17669888497910755,42.90379100430662,-0.7172284333473555,0.0976027559047071,24.451468988715977,1.156793735320674,-0.07130904834369592,-0.07346070356127873,-0.10682669727066804,-0.6037149646922684,False,False,True,False,80.16046905517578,70.72230529785156,False,False
2022-03-13,68.07599639892578,660710560,-0.04208614873104708,-0.06336211296338394,-0.0967459387231477,-0.1828330894116431,-0.3418833785544755,-0.15071540717167675,-0.3567679367344128,40.22490397147337,-0.8812652620776564,0.09907612821263702,25.26025830034191,1.1060431922003937,-0.10846768492519232,-0.11357703941172369,-0.14481813951931502,0.04004150088072733,False,False,False,False,80.16046905517578,70.72230529785156,False,True
2022-03-14,68.89183807373047,1321137130,0.01191303529968789,-0.04246784913303148,-0.2023094483242668,-0.16493986782190895,-0.2606711410291953,-0.23694911079442474,-0.32557799055316006,41.324919611134376,-0.8703424849772843,0.09670936232882066,26.707474846212197,1.107825966828456,-0.0944136716814545,-0.10392616504604901,-0.13606011446253335,0.9995701748735482,False,False,False,False,80.16046905517578,70.72230529785156,False,False
2022-03-15,69.88738250732422,1034368302,0.014347414648411161,-0.04245530447735192,-0.21598310638872475,-0.11293575514503928,-0.25670107613024296,-0.3700303133880576,-0.29161340678174436,42.71037953603854,-0.7368791096747587,0.09453190925456381,27.589950255995632,1.1036685561033195,-0.0790201849401845,-0.09263174856646972,-0.124662731941311,-0.2170621213257401,False,False,False,False,80.16046905517578,70.72230529785156,False,False
2022-03-16,74.18374633789062,1185387027,0.05965994894526331,-0.04651671525411634,-0.11580339949167079,-0.1004140050950817,-0.22944456690600665,-0.28251489627431836,-0.2781730946788478,48.37564188747242,-0.3212759529510425,0.0888367362437642,27.688135591664714,1.1117718378861197,-0.020892703505255482,-0.03841964383397918,-0.07224454508250489,0.14600092124632802,False,False,False,False,80.16046905517578,70.72230529785156,False,False
2022-03-17,79.53851318359375,1764529990,0.06969627278886108,0.07212089058488161,0.012408625973180425,-0.15283043235088295,-0.1481503553589844,-0.3333678258206003,-0.3040555901020449,54.424823677375095,0.317657409272293,0.084286039553246,27.420093156208768,1.0506791086267029,0.05067897689657027,0.027382620597032125,-0.007265132005561876,0.48856866981723757,True,False,False,True,80.16046905517578,65.81455993652344,False,False
2022-03-18,85.76238250732422,1877327168,0.07533913112199916,0.1855895585138737,0.12540694593097293,-0.10593310973034213,-0.011457592140157038,-0.3021551213858551,-0.15611421340435203,60.254383839476695,1.117815959317278,0.0808998583869172,28.888324051038715,1.0817927337685669,0.12999653583775422,0.10177918530484838,0.0674559136105511,0.0639247723978893,True,False,False,False,80.16046905517578,65.81455993652344,True,False
2022-03-19,89.69412231445312,1841027125,0.04482476284171518,0.23369441691489057,0.15614603941971833,0.017662918370267778,0.04190199776890859,-0.18270088141557211,-0.2223039615997875,63.4361505285581,1.8282556206460483,0.07690803887985254,32.59022480231314,1.0592663889170997,0.1704633796312353,0.14564701896395066,0.1129156301954401,-0.019336023906089905,True,False,False,False,80.16046905517578,65.81455993652344,False,False
2022-03-20,84.72430419921875,1451610365,-0.05700273588239312,0.2187778297635444,0.1554157168001606,0.01052836454124618,0.02172757569366516,-0.2915939798619682,-0.3950573452603169,57.20260271682851,1.8729752043581027,0.08004417971296372,32.70877509471305,1.0638262783115273,0.10533202835950647,0.07869525791437755,0.04846711790515679,-0.21152146794143512,False,False,False,False,80.16046905517578,65.81455993652344,False,False
2022-03-21,86.44969940185547,2083892142,0.020160229992171857,0.22702502445602843,0.18455717532299679,0.015743696411120955,0.08924869375880702,-0.35532484773720263,-0.3971427004362828,58.71923058529356,1.9210940494400606,0.08016723929920667,32.59609288892769,1.0648817823656684,0.12805253741299813,0.09550871509194747,0.06726373347182318,0.4355726524452035,False,False,False,False,80.16046905517578,65.81455993652344,False,False
2022-03-22,83.9814453125,1746085611,-0.02896684968348236,0.18371076012413493,0.141255455646783,0.08242617792334916,0.2421151405469709,-0.32710099933920894,-0.4711990408475295,55.67944777032656,1.6968135537006586,0.08158443951115307,32.78200841075888,1.0132319598960164,0.09535218679522892,0.0604706507495722,0.03436120401072224,-0.1621036541151274,False,False,False,False,80.16046905517578,65.81455993652344,False,False
2022-03-23,86.25101470947266,1478084261,0.026665935282963862,0.15071674646183547,0.10420003120771909,0.20892473749638127,0.36744332419116094,-0.34026249856495455,-0.3616562922108319,57.84064518877317,1.612045027738163,0.07738228097903693,34.334181733144455,0.9458780343412424,0.11933781608681447,0.08561949826872715,0.059762159296129415,-0.1534869472101732,False,False,False,False,80.16046905517578,65.81455993652344,False,False
2022-03-24,87.55538940429688,1626542540,0.015009794263424973,0.09603026793639931,0.1681511585212809,0.1604749190307098,0.3021177476146044,-0.27245575940567796,-0.31711988525525187,59.075776982708696,1.5538929601184244,0.07424405040494154,35.987710371724134,0.92430693616532,0.1275580461287814,0.09660585330361654,0.07319280640584247,0.100439658899798,False,False,True,False,92.30826568603516,65.81455993652344,False,False
2022-03-25,83.66136932373047,1128008708,-0.04549428124980612,-0.024803144435405974,0.1607864140784678,0.1267931059968204,0.2855868429803875,-0.31843239984237676,-0.3825454439817717,53.99047231480962,1.1801809538741104,0.07626624583986613,36.42607415507511,0.9395192905775357,0.07262089133456438,0.043767758827388405,0.023166425108514757,-0.3064991045361777,False,False,False,False,92.30826568603516,65.81455993652344,False,False
2022-03-26,85.95565032958984,666311785,0.027054135792334667,-0.0425737714847864,0.19112064543010415,0.11622752365332163,0.23578676050555034,-0.2929669901241755,-0.18891945316460204,56.3733019107511,1.020505739625011,0.07231722272344628,36.549710515793016,0.9355070087761509,0.09263140821892633,0.0700834096733867,0.04812586507623825,-0.4093026230432256,False,False,False,True,92.30826568603516,82.52220153808594,False,False
2022-03-27,89.82484436035156,759068100,0.044030130903790446,0.0584590953013974,0.27723692506494174,0.10548101928839876,0.3082706697905382,-0.23480973649192624,-0.23197145183468756,60.124025840755515,1.101536409556106,0.06844091168899921,37.210700474982275,0.9288748989781153,0.12893937353268603,0.11476157272933202,0.09179314508519974,0.13920857635738804,False,False,False,False,92.30826568603516,82.52220153808594,False,False
2022-03-28,89.60455322265625,1758254790,-0.002455464392638777,0.035843400916586776,0.26286842537261507,0.09015494941883763,0.32569427315459326,-0.1794357580824227,-0.2104146695493777,59.80875145273049,1.065697088865626,0.06961738495158672,37.53474302048007,0.9284704884168662,0.11448444522857662,0.10904170872519035,0.08589298574649232,1.3163333961735448,True,False,False,False,92.30826568603516,82.52220153808594,False,False
2022-03-29,92.84088897705078,1642341694,0.03548102082028182,0.10029127142035085,0.2840020315444858,0.21351654276943707,0.32429616565995517,-0.10382360967573293,-0.25875477924219675,62.8876823647552,1.1766495923223657,0.06728573559411452,39.34559759515442,0.8746327698859173,0.14397713316919533,0.14635290129073944,0.12214515626680061,-0.06592508472563297,False,False,False,False,92.30826568603516,82.52220153808594,True,False
2022-03-30,95.77998352050781,1755845999,0.031166566131616086,0.10479190226900317,0.25550864873083856,0.12720656400024608,0.2837184780975425,-0.06221566721875892,-0.22829806437952785,65.47442950813704,1.3521409916478566,0.0680765658460846,40.886946059196724,0.7847591737149792,0.1645685115192972,0.1799754226685775,0.15497391754975878,0.06911126071673612,False,False,False,False,92.30826568603516,82.52220153808594,False,False
2022-03-31,96.9246597290039,2201715680,0.011880250029209782,0.10166235803478788,0.19769262597118728,0.11106574131658696,0.35481185085729283,-0.11989234853890958,-0.2114793353011462,66.45508481518289,1.4412871825604943,0.06793871173530797,41.121670525190055,0.7806115885846412,0.16036443204808823,0.1920496965157966,0.1661289035949163,0.2539343890374979,False,False,False,False,92.30826568603516,82.52220153808594,False,False
2022-04-01,96.69318389892578,1744656244,-0.0023910599976013883,0.14476557928699266,0.11996243485158667,0.1491944392707762,0.32315590510913705,-0.16604064938851112,-0.10935187080871452,66.0465460167168,1.3805328857986923,0.06979337959294457,40.26957589599071,0.7645903989302134,0.14006094201865418,0.18757957134301503,0.16030186977006808,-0.20759239721633815,False,False,False,False,92.30826568603516,82.52220153808594,False,False
2022-04-02,95.9732666015625,1575851403,-0.007473233103717856,0.1102382103909401,0.06766443890615366,0.20023695884304837,0.26748091899767484,-0.16496574285082446,-0.11933710291858576,64.71405182487666,1.1946910009919112,0.07094180777127312,36.88049123573849,0.7312470175409032,0.11326386670577729,0.1746287851287612,0.14860348153647895,-0.09675535887400866,False,False,False,False,92.30826568603516,82.52220153808594,False,False
2022-04-03,98.0777816772461,1288604372,0.02169117466223762,0.08789925414938722,0.14635834945078455,0.25958732234107945,0.36801979173123667,-0.0977140090925257,0.05445000021652302,66.82135935413189,1.1177145112449818,0.06822257898882499,33.24785257145604,0.715083628733908,0.11873828279419774,0.19546066438085913,0.17095573045409215,-0.1822805313071768,False,False,False,False,92.30826568603516,82.52220153808594,False,False
2022-04-04,95.52021789550781,1197451977,-0.026422923656589017,0.06393179488543688,0.09977519580202367,0.2190787293315207,0.338247369855567,-0.07771110727906086,0.10743520374261395,61.97721269582274,0.8129374981626123,0.07016919988820156,27.986514151970827,0.725099759700066,0.07386597040612514,0.15940361416878432,0.13853972914494359,-0.0707373007422949,False,False,False,False,92.30826568603516,82.52220153808594,False,False
2022-04-05,91.0210952758789,1070364448,-0.048246634922244534,-0.019795860857089467,0.08049541056326144,0.22710450767211152,0.16324679690752042,-0.07237073599483931,-0.024935626506961035,54.49326344305062,0.2555978467316553,0.07356704706285704,23.291038498370284,0.7167352392581686,0.013691429532971491,0.10238536881901514,0.08355135001547737,-0.1061316290264891,False,False,True,False,103.52545166015625,82.52220153808594,False,False
2022-04-06,82.9559097290039,1473087038,-0.09278203729876419,-0.14374446428746976,-0.03895256201846654,0.1433036989040117,0.07126895989539225,-0.1376553441786081,-0.08096892560163232,44.19155424316443,-0.6589868722151597,0.0819775289035404,21.95699468577734,0.7962822071745949,-0.07788435767538406,0.0070756148965125925,-0.013278754997673349,0.3762481001237441,False,True,False,False,103.52545166015625,82.52220153808594,False,False
2022-04-07,87.91970825195312,1374726630,0.058114733183169606,-0.0975099811335099,0.004152376901278095,0.18708356209444996,0.11005348739896516,0.013189381048693776,-0.0585496065403541,50.40571606903981,-0.9165605466121924,0.07720247108110985,21.62047222457818,0.8172627174202416,-0.023878486779614308,0.06926358817589336,0.044654659141171636,-0.06677162004869941,False,True,False,False,103.52545166015625,82.52220153808594,False,False
2022-04-08,83.76922607421875,1367418313,-0.04835828233003049,-0.14347720346593884,0.0012883758210538517,0.07500392004239176,0.00721507709464315,-0.0034275152253606237,-0.02000342153672919,45.81231890982455,-1.3283930638814954,0.08149962343032469,22.540294418278815,0.8115233602681524,-0.06688985119018577,0.019866400789650317,-0.006260431441960459,-0.005316196573568965,False,False,False,False,103.52545166015625,82.52220153808594,False,False
2022-04-09,84.5946273803711,620536895,0.00980504902894486,-0.12619892133327615,-0.015960710942336084,0.13375030212147332,-0.02370845126296811,-0.053083801160167254,0.04664063821617608,46.849636469888935,-1.494746158427077,0.07744702409800823,22.571095982460523,0.7902455132409698,-0.05762759755774486,0.029725458061806258,0.0020110146519771548,-0.5461981976542389,False,False,False,False,103.52545166015625,82.52220153808594,False,False
2022-04-10,81.81646728515625,488065132,-0.03339222355066473,-0.18128231954617846,-0.09338306539679128,0.13848761537780174,-0.09556295737745316,-0.03265890914887432,-0.05442597351645381,43.809741002304,-1.7250810436422626,0.0776615669582959,23.730304640707438,0.7871991038544928,-0.08621773735817918,-0.003295033983929339,-0.031333575782937745,-0.21347926943167495,False,False,False,False,103.52545166015625,82.52220153808594,False,True
2022-04-11,74.17261505126953,1152269023,-0.09808352224215977,-0.2529429181317492,-0.18901112324631228,0.0436841886949436,-0.20596032881576543,-0.1878639006367683,-0.1721809837211624,36.7450801077303,-2.290029236922078,0.08806591721946667,27.77606488201541,0.8647986746096036,-0.16702682449199902,-0.09571686781693588,-0.12171620026310538,1.360891912680212,False,True,False,False,103.52545166015625,82.52220153808594,False,False
2022-04-12,76.36006164550781,889066929,0.02906479349769921,-0.17563148971180556,-0.19542735056889504,0.1148351309236898,-0.06799795848795326,-0.22704824763078565,-0.03588027624798686,39.7398318945816,-2.4024610879749253,0.08432329832555745,30.518412668459295,0.855268348189821,-0.13767211000772708,-0.07049236309466032,-0.09602631339444297,-0.22842069755093986,False,True,False,False,103.52545166015625,82.52220153808594,False,False
2022-04-13,80.0019760131836,734210623,0.04659152837536635,-0.036257924037674985,-0.18000238832514484,0.14951362399936827,-0.015426243822540674,-0.11115751702982714,-0.08743548679505643,44.454912611097036,-2.127074168814998,0.0787983945675341,31.790253217389523,0.8678556668659253,-0.09267452428198575,-0.02744556443405858,-0.05356320306666742,-0.17417845715415203,False,False,False,False,103.52545166015625,82.52220153808594,False,False
2022-04-14,76.81785583496094,711767575,-0.040614223552389,-0.13498688077323373,-0.2324968619067436,0.09455198579856804,-0.018383769346471235,-0.16214909033167474,-0.2754783275894895,41.40455132774814,-2.053819740705795,0.08111848801324568,33.59602438651406,0.8814599048672084,-0.12539244837578958,-0.06686141434881991,-0.09176673663842279,-0.03056758823278427,False,False,False,True,103.52545166015625,72.96929168701172,False,False
2022-04-15,77.43753814697266,501963226,0.008034541024269506,-0.0785940574189336,-0.22207126088487256,0.04292657787757432,-0.05748742721750725,-0.18651798902843217,-0.23958831839674388,42.235278725101274,-1.8636673010141216,0.07786836997870845,35.28966412558614,0.8578831420768944,-0.11404093636647598,-0.059542610221915516,-0.08503123580000978,-0.29476525254750474,False,False,False,False,103.52545166015625,72.96929168701172,False,False
2022-04-16,77.89026641845703,290431497,0.005829343365442808,-0.0825697630824356,-0.2087686844157119,-0.020940351545843883,-0.17377078389672682,-0.1690907069048283,-0.35430817736644427,42.872504063846016,-1.6166204995252684,0.07330466803773142,36.672599757219245,0.8220960462154733,-0.10273553905856472,-0.053367811062394854,-0.08057131456039635,-0.42140881650959827,False,False,False,False,103.52545166015625,72.96929168701172,False,False
2022-04-17,75.70925903320312,322395973,-0.028400530211529582,-0.07757806974330055,-0.258860389289479,-0.12468001287937262,-0.23061312260971475,-0.13613760501952962,-0.4268351342652278,40.55167398084278,-1.5112582674476016,0.07323104679164305,38.48017445547165,0.7798826016081665,-0.12082345493900636,-0.07849237016048857,-0.1068533796237106,0.11005857260722651,False,False,True,False,81.74100494384766,72.96929168701172,False,False
2022-04-18,77.7936782836914,681155455,0.027159706729788815,0.0476651592286481,-0.20527775890310124,-0.14234506899129892,-0.12468215062103111,-0.10044307122239036,-0.325045950406871,43.68907326028477,-1.2245704145326384,0.07150389319451167,38.997817682241816,0.7682663293724339,-0.08865581511520872,-0.05376705874842977,-0.0828599412145269,1.112791449166147,False,False,False,False,81.74100494384766,72.96929168701172,False,False
2022-04-19,80.28591918945312,591702355,0.031534081127706344,0.05013444685865518,-0.12549704285315033,-0.05380825198119932,-0.04327988743995304,-0.03208067628753427,-0.3454022318431677,47.27217892264517,-0.8104425573432557,0.06794426616385288,37.984627052094666,0.7544126263386478,-0.05084538281157066,-0.022489158079885226,-0.05418686575727758,-0.13132552832598254,False,False,False,False,81.74100494384766,72.96929168701172,False,False
2022-04-20,78.27433013916016,622981657,-0.025374543628867548,-0.021831625145578595,-0.05808954918325359,-0.09934302560223879,-0.08359932919111783,-0.010094331843431824,-0.45466787333944136,44.79460523287755,-0.6237237844890882,0.06800547658518885,36.42567621880599,0.7544541305605736,-0.0643113661784505,-0.04501328633555661,-0.0783760113447076,0.052863237294365595,False,False,False,False,81.74100494384766,72.96929168701172,False,False
2022-04-21,75.08074188232422,569385150,-0.04165561649421449,-0.02287301808740415,-0.15785989886063792,-0.11203179241297091,-0.029605614489621773,0.13008334813399994,-0.43913279175217984,41.110764420893894,-0.6633395619860274,0.07115780121132181,34.94494955232174,0.7611533638719647,-0.09074186846512027,-0.08213770860697404,-0.11630928403433205,-0.08603223930877313,False,False,False,True,81.74100494384766,72.0877456665039,False,False
2022-04-22,74.12296295166016,532238762,-0.01283871721278873,-0.04374627632446243,-0.12234033374339609,-0.15153644490872342,0.05738829258765771,0.21590687928243746,-0.491798943473678,40.0470698883583,-0.698544713316192,0.07045802737286548,33.091536094118844,0.7537314082542013,-0.09030496496673479,-0.09286296770265579,-0.12804215433638028,-0.06523947454548118,False,True,False,False,81.74100494384766,72.0877456665039,False,False
2022-04-23,72.92001342773438,360787956,-0.0163622417272376,-0.06593786141714283,-0.1485076244995785,-0.18290848089938608,-0.02243356186867617,0.1192092667152185,-0.45536424030506384,38.692941236544335,-0.7431939472025957,0.06820581023892237,28.966017860457992,0.7511612002020257,-0.09103610836779943,-0.10698734769150793,-0.14261030469425076,-0.3221313783230242,False,True,True,False,81.23233032226562,72.0877456665039,False,False
2022-04-24,71.60303497314453,320340266,-0.018225672992474455,-0.05576300419808764,-0.13334107394138822,-0.15563987264205434,-0.02884676664523401,0.12994697033833316,-0.474072272484431,37.2095373888738,-0.7970051330775476,0.06658872783583597,24.968398561758733,0.7390852562263848,-0.09394631134854912,-0.12201371046277026,-0.15866353470669445,-0.11210931331643459,False,True,False,False,81.23233032226562,72.0877456665039,False,True
2022-04-25,72.86742401123047,735322462,0.017504219625726444,-0.06541849130215,-0.01775333207350198,-0.16518978880866253,-0.048962265155340905,0.07059697169688778,-0.458156778932838,39.60354666524605,-0.6871846029267998,0.0659946825282546,21.85317549209617,0.7345786531764643,-0.06723346437220322,-0.10658409429725767,-0.14437894996113154,1.2954418786678539,False,False,False,False,81.23233032226562,72.0877456665039,False,False
2022-04-26,68.67205810546875,561575109,-0.059299287448761784,-0.15625185987861817,-0.10611741301996296,-0.2685192071612148,-0.16303818787281604,0.03975146262932345,-0.5033289436531411,34.854900605260966,-0.82742242972467,0.07063907804111878,23.679974004197028,0.7352972674193655,-0.11282701397558177,-0.15735984201662562,-0.19402735240396785,-0.23628729160187145,False,False,False,False,81.23233032226562,72.0877456665039,False,True
2022-04-27,69.85772705078125,475421022,0.0171183099364084,-0.1137590063133421,-0.13559063145892075,-0.24894543283216758,-0.1587904834133299,0.07674884032242553,-0.4283811909145904,37.14856158039094,-0.7717495554050795,0.06793391472081704,21.875152794094816,0.7406239370384342,-0.08685561547013983,-0.1421667705853342,-0.18055849581026048,-0.15341507417131628,False,False,False,False,81.23233032226562,72.0877456665039,False,False
2022-04-28,67.31945037841797,551311115,-0.037011498098893245,-0.10911488791802086,-0.13198790600542498,-0.32143795175134265,-0.10792140898190557,0.00285821390861241,-0.4252615614270756,34.35952136431614,-0.8320966492714086,0.0695460526021843,22.673942641057256,0.7297758981057878,-0.11047120757173244,-0.1712199314204369,-0.21082930977382905,0.15962712940363,False,False,False,False,81.23233032226562,72.0877456665039,False,False
2022-04-29,63.41709518432617,536189400,-0.059715739747677354,-0.1559919104529095,-0.19973818677737198,-0.4123202576306361,-0.2851136936303901,-0.12860177953309368,-0.4745359248493951,30.56070216589366,-1.0471551050780832,0.07460861136247345,24.463290173170513,0.7329747003455781,-0.15014439634960353,-0.21722190637465452,-0.256929070319374,-0.027428641630053097,False,True,False,False,81.23233032226562,72.0877456665039,False,False
2022-04-30,57.048004150390625,643198521,-0.105840373749536,-0.2454700424752079,-0.31140790389235073,-0.5300408814093819,-0.4189751400927951,-0.17522903055208913,-0.6499332299482916,25.588184493133852,-1.5029445659231264,0.08819659302219157,30.904826248754002,0.7936791957873406,-0.222594951814889,-0.29336275992857114,-0.331662326923997,0.1995733615770845,False,True,False,False,81.23233032226562,72.0877456665039,False,False
2022-05-01,58.85614776611328,748385992,0.031203201786260078,-0.19604116769647334,-0.25180417189456106,-0.49644661962552045,-0.34725218035474414,-0.17329071451638337,-0.6624872690140314,29.11441798314611,-1.560448793787586,0.08426613432108492,35.73169834015965,0.8102941461766746,-0.1894965597239673,-0.2687655252926679,-0.3106288388980026,0.16353811080980396,False,True,False,False,81.23233032226562,72.0877456665039,False,False
2022-05-02,60.51710510253906,893459385,0.02782976077921559,-0.18571562654298426,-0.25113411784513423,-0.461143625742587,-0.26090666689953856,-0.193662706744912,-0.6261093685934115,32.288665417677336,-1.3711375930844838,0.0823931809147672,38.61236024468232,0.8245025951658973,-0.15743240715254456,-0.24671477421095164,-0.2913584513432439,0.19384835439303627,False,False,False,False,81.23233032226562,72.0877456665039,False,False
2022-05-03,59.66010665893555,592389538,-0.014262487179399139,-0.1406788262736216,-0.2969306861522398,-0.4970972875842236,-0.23750996524314427,-0.12907749585298706,-0.5948112966767493,31.504757152755474,-1.1946162248778363,0.08228285293100136,40.37891200069566,0.813626932270932,-0.157432808929161,-0.25567160026006347,-0.30153311832093666,-0.33697093796826594,False,False,False,True,81.23233032226562,55.6873664855957,False,False
2022-05-04,67.08610534667969,875723682,0.11731338185023593,-0.04048375435979412,-0.15424276067313628,-0.35336098207739874,-0.13428225274587813,-0.015113612221831574,-0.43107208935645963,44.15642734033144,-0.5040405193553301,0.07623566526516452,40.117350607356364,0.9368583515190819,-0.046001129627724215,-0.16243829027204598,-0.21503496873922123,0.47829025636843703,False,False,False,False,81.23233032226562,55.6873664855957,False,False
2022-05-05,59.12744140625,1259826490,-0.12628181047202536,-0.1297540667329262,-0.2388689546509471,-0.43139615762717953,-0.204291649955068,-0.26814936071965906,-0.5037668936220188,36.39709790490239,-0.5081310509489079,0.09520737932862607,41.812361072730106,1.0116459582481727,-0.14808639838081336,-0.25901547543430536,-0.3082816019506972,0.43861187711947713,False,False,False,False,81.23233032226562,55.6873664855957,False,False
2022-05-06,57.034324645996094,887280183,-0.0360418648781777,-0.1060801918634265,-0.26207210231633604,-0.37465598520659293,-0.23135228630258128,-0.3033870253112007,-0.5123113293852011,34.67149522588076,-0.5719268381194267,0.09652847744431714,43.62949076567628,0.9749957353913281,-0.16570923480804853,-0.2811919971135999,-0.3328293690457264,-0.29571239369637325,False,True,False,False,81.23233032226562,55.6873664855957,False,False
2022-05-07,55.15669250488281,555118325,-0.03347518407780964,-0.03371500219170018,-0.2791850446669082,-0.4662459024675723,-0.2791623403731223,-0.35619241506860716,-0.4530565214188784,33.15304950985093,-0.654745180286394,0.09762339043246557,46.23087328420773,0.9433455114106704,-0.18086169702230484,-0.29945154681616065,-0.3547306930549621,-0.3743596040620688,False,False,False,False,81.23233032226562,55.6873664855957,False,True
2022-05-08,51.52122497558594,837890770,-0.06818423107343041,-0.13310243505139066,-0.3291436027478641,-0.4860718512109722,-0.4110679311685804,-0.4788567741163289,-0.48949936643633274,30.37888054952876,-0.8558336681924708,0.10306381085057431,49.17387368162431,0.954495071656894,-0.21962835545642453,-0.33921842020591303,-0.3969778966309642,0.5093912995936496,False,True,True,False,69.34901428222656,55.6873664855957,False,False
2022-05-09,41.972042083740234,1228351362,-0.20499012625605595,-0.3659223220866623,-0.5516379486296467,-0.700867026495973,-0.5671167243744997,-0.724575477758941,-0.7539508276561403,24.56445099753067,-1.495959082228663,0.13611404329713747,56.13974139217529,1.1540251106392092,-0.3452681896965676,-0.4557220186644676,-0.5081882380063545,0.4660041690159684,False,True,False,False,69.34901428222656,55.6873664855957,False,False
2022-05-10,44.56028366088867,1624448832,0.05983922946021446,-0.29182060544704874,-0.4324994317206704,-0.6076355734850939,-0.4691479581072922,-0.703198530862547,-0.6402944826339683,28.555851369478333,-1.599716236319293,0.13460819635040458,59.830642409575695,1.1891126515164585,-0.28612168934524185,-0.41581196030734574,-0.477220263309381,0.32246267823163777,False,True,False,False,69.34901428222656,55.6873664855957,False,False
2022-05-11,30.962865829467773,2428550936,-0.3640543514287482,-0.7731883387260328,-0.813672093085827,-0.8736064026716823,-0.8299222139767387,-1.0795667314874478,-1.0614703033084507,21.976954666482953,-2.3911339286993982,0.2218435540243551,73.90379141088165,1.672046614822985,-0.4857871661987955,-0.5883524043615129,-0.6360081534805572,0.4949999582381428,False,False,False,False,69.34901428222656,55.6873664855957,False,False
2022-05-12,30.35753631591797,1839518407,-0.019743809768774625,-0.6666503380227822,-0.7964044047557084,-0.9224150059381562,-0.8075798750144663,-0.9904129644261094,-1.1494632535689417,21.73686418871783,-2.7375018986311215,0.23393250636208088,85.51191469255437,1.6592879255610924,-0.4768272314309259,-0.5903114198337364,-0.642406234150597,-0.24254485268082515,False,True,False,False,69.34901428222656,55.6873664855957,False,False
2022-05-13,32.13642883300781,1219234571,0.05694544106597833,-0.5736630320786262,-0.6797432239420527,-0.912061093247544,-0.7625474692481758,-0.9274873370700848,-1.0232186102773713,24.35230947938979,-2.628369342663653,0.22285962939112444,93.73837120062284,1.6657424000890095,-0.42599841226138896,-0.5597187061456125,-0.620609793124475,-0.33719903733477563,False,False,False,False,69.34901428222656,55.6873664855957,False,False
2022-05-14,34.08252716064453,754019978,0.05879461170055206,-0.4813932363002643,-0.5151082384919646,-0.812652257994603,-0.7181002721960349,-0.8310360273410742,-0.9748013483262776,27.217891111644747,-2.222797520888763,0.204816261683991,99.29251709747221,1.693923135571657,-0.37013249635623896,-0.5266256379851806,-0.5968069530690651,-0.381562829717367,False,False,False,False,69.34901428222656,55.6873664855957,False,False
2022-05-15,36.542335510253906,745037121,0.06968661245742427,-0.34352239276940966,-0.47662482782080035,-0.7510001865614482,-0.7080736086838737,-0.8084876137789554,-0.9375181755898804,30.78673556191987,-1.6148340767039784,0.1867113858210442,101.1752537421444,1.723406287194773,-0.3012186221375334,-0.48539772669300985,-0.5670681200581389,-0.01191328779354972,False,False,False,True,69.34901428222656,23.54939079284668,False,False
2022-05-16,32.571998596191406,867980588,-0.11501848493781153,-0.2535507514511651,-0.6194730735378273,-0.8718480148647025,-0.8927883664105464,-1.0456187987614292,-1.0409387217695307,28.3687486939739,-1.3185622481536985,0.2050260959871352,105.62129091504337,1.7475492496918663,-0.3548741605613767,-0.5337917797831435,-0.6133766859144849,0.16501656566451817,False,False,False,False,69.34901428222656,23.54939079284668,False,False
2022-05-17,34.396461486816406,676043628,0.05450071482692339,-0.2588892660844562,-0.5507098715315049,-0.7889467698262496,-0.9136267827056221,-1.0195598924359643,-0.9250843748457792,31.048689356701075,-0.860367888724193,0.18714574837198322,106.67338388429994,1.7717010896155756,-0.29394360373961287,-0.4997723304386054,-0.5909832949689909,-0.2211304753280957,False,False,False,False,69.34901428222656,23.54939079284668,False,False
2022-05-18,29.60548210144043,641522267,-0.1499941450219558,-0.044829059677663714,-0.8180173984036966,-0.9661006215779941,-1.108445690569293,-1.0907827721990253,-1.0665436928003846,28.077965846618085,-0.7449240480739334,0.21494564741984049,110.11122840989802,1.8117305003853714,-0.36781771993058976,-0.5613801535245407,-0.6472659037192672,-0.05106380649149467,False,False,False,False,69.34901428222656,23.54939079284668,False,False
2022-05-19,30.37901496887207,845803420,0.025792522659650114,0.0007072727507610358,-0.6659430652720211,-0.9718421800460504,-1.0256504320272497,-1.0151220674860035,-1.0039228563335847,29.254906165092464,-0.4935493444551575,0.2037457231023673,113.11919937685192,1.8092972629513489,-0.3275811249935678,-0.5410254351957168,-0.6373170272606038,0.31843189785959525,False,True,False,False,69.34901428222656,23.54939079284668,False,False
2022-05-20,28.953659057617188,901703535,-0.04805548462032002,-0.10429365293553734,-0.6779566850141635,-0.9945231210375027,-1.0938661466397415,-1.0781224502286206,-1.0046174528809346,28.334791950804274,-0.30935633274671304,0.20794257799835505,118.22233075280388,1.8099191572027598,-0.33856475988654944,-0.5533873557329312,-0.6535869027048389,0.0660911432587965,False,False,False,False,69.34901428222656,23.54939079284668,False,False
2022-05-21,29.86665153503418,485604462,0.03104593632261507,-0.13204232831347437,-0.6134355646137388,-0.9218215682206733,-1.0338533606336442,-0.9514271827102949,-0.7917382200866733,29.856594952238126,-0.02699418902476758,0.1919935113699681,120.87373955214711,1.8233348487811956,-0.2943415425749209,-0.5296066947020878,-0.641855394231044,-0.46145884633800394,False,False,False,False,69.34901428222656,23.54939079284668,False,False
2022-05-22,31.807361602783203,686538817,0.06295523526455034,-0.13877370550634835,-0.482296098275758,-0.8460276157433341,-0.9975640606520575,-0.7886393231556763,-0.6301207364608967,33.108223611163154,0.3677446355323486,0.1746416952404849,120.01131889808327,1.851640946088209,-0.2221052010781623,-0.4887066789278983,-0.6175832383536425,0.41378193720139245,False,False,False,True,69.34901428222656,27.724430084228516,False,False
2022-05-23,29.02623176574707,797628131,-0.09149779515786423,-0.11525301572640108,-0.36880376717756624,-0.9211631691739608,-1.1040716500733467,-0.9435967310426369,-0.8019539024587423,30.89774569020925,0.5100511690247203,0.18755952091443784,119.20679638113583,1.8640998623110865,-0.26249496073402784,-0.5228192245728436,-0.6499627533716061,0.16181068171124258,False,False,False,False,69.34901428222656,27.724430084228516,False,False
2022-05-24,29.02564811706543,690433536,-2.0107830541852824e-05,-0.16977383838386637,-0.42866310446832245,-0.9029576040120282,-1.0585974766540827,-0.9318043706572622,-0.7730106336736952,30.897279476037653,0.6629635413587387,0.18013709416065518,107.24679086894653,1.8667137034839345,-0.225038516369452,-0.5121632771698753,-0.6490102567638375,-0.13439169311344157,False,False,False,False,69.34901428222656,27.724430084228516,False,False
2022-05-25,27.22537612915039,588423056,-0.06403037264627541,-0.0838100660081861,-0.1286391256858498,-0.9844921962840302,-1.1496819850926927,-1.033454461439371,-0.9138952245871423,29.422556714083584,0.6981445953517245,0.18443081964162347,99.79934810149953,1.862203436389567,-0.24077027503889106,-0.5323930582832764,-0.6697523448171807,-0.14774844308837276,False,False,False,False,69.34901428222656,27.724430084228516,False,True
2022-05-26,23.550029754638672,1007507776,-0.14502240037479613,-0.25462498904263225,-0.25391771629187126,-1.0702153092100644,-1.3387345163712794,-1.2332534970828806,-1.030463846580741,26.628229458653266,0.5364356112690878,0.21236933233891175,92.43007355105729,1.9011454687332396,-0.3111003407093945,-0.5870926778129104,-0.7132189299423323,0.7122166878518779,False,False,True,False,32.826908111572266,27.724430084228516,False,False
2022-05-27,22.418622970581055,964035111,-0.049235087859115095,-0.2558045922814273,-0.3600982452169647,-1.1365687070055879,-1.3855141398377555,-1.295359190418918,-1.0598198666831624,25.81543362288909,0.4209224541597898,0.21423274899893247,82.12049762529008,1.892021074277656,-0.31121538699192325,-0.597689232970936,-0.7258487907075453,-0.043148714119701226,False,True,False,False,32.826908111572266,27.724430084228516,False,False
2022-05-28,24.839765548706055,708263415,0.10255382249372352,-0.18429670611031898,-0.31633903442379346,-0.9970033864129713,-1.3184413381643139,-1.1049247953948769,-0.9941451725043589,30.690895207609245,0.5661753704821333,0.18911856813616756,67.61951321984544,1.9544315995381927,-0.20421116500353026,-0.5446092826419549,-0.6950551690765304,-0.2653136727921521,False,False,False,False,32.826908111572266,27.724430084228516,False,False
2022-05-29,26.12006950378418,700836372,0.05025814678304411,-0.19699379459182517,-0.3357675000981735,-0.8870294998822498,-1.299349757512886,-1.1721431935126398,-1.0156312794153435,33.19131265352134,0.7931609279497618,0.17530100590617068,62.681772301225244,1.9732304744800713,-0.14139209704724498,-0.5106453224579393,-0.6781685526549576,-0.010486272257899998,True,False,False,False,32.826908111572266,27.724430084228516,False,False
2022-05-30,27.632150650024414,962074891,0.05627600805661262,-0.049219991377348345,-0.16447300710374937,-0.7249131180761011,-1.254953999485483,-1.1438882581688963,-0.9001421486281902,36.122327439903806,1.0724596681359966,0.16132776235635427,47.632224763439865,1.9753837831173224,-0.06569262916855248,-0.4715886028094188,-0.6582656373065022,0.37275251319290836,False,False,False,True,32.826908111572266,21.47231674194336,False,False
2022-05-31,26.38993263244629,968753831,-0.04599737565876422,-0.09519725920557058,-0.264971097589437,-0.8021136955211254,-1.2985603151466458,-1.1493658758758698,-0.9754044100375089,34.77264916146338,1.191688705685836,0.16583882563905833,48.69242994272529,1.9664835486272312,-0.10074268683605074,-0.485949328457705,-0.6724469301103981,0.006942224625629434,False,False,False,False,32.826908111572266,21.47231674194336,False,False
2022-06-01,23.800512313842773,708368730,-0.10327549150627417,-0.13444237806556933,-0.21825244407375538,-0.9332189478066152,-1.394362573549202,-1.1941256147061539,-1.1268816545515272,32.08172386963936,1.1156475683683151,0.1811846042200608,51.83521726981451,1.9738545491775887,-0.17981626749599353,-0.5266973236575747,-0.7032339964436561,-0.2687835574608427,False,False,False,False,32.826908111572266,21.47231674194336,False,False
2022-06-02,24.677284240722656,616496656,0.03617604787638889,0.04675607018561584,-0.20786891885701653,-0.8827804127508271,-1.3798777003350509,-1.1202903779939715,-1.0118579086038142,33.945672356791604,1.1398625754951235,0.1682306371165249,53.09566574692107,1.9870685735876918,-0.13853009422302542,-0.4982204703586621,-0.6909388513225301,-0.12969527042787443,False,True,False,False,32.826908111572266,21.47231674194336,False,False
2022-06-03,23.005441665649414,463049567,-0.07015237201001887,0.02583878603471195,-0.22996580624671537,-1.0702461666110819,-1.4236071486884805,-1.20452841935696,-1.0853597788329135,32.134687729277104,1.0604022001218523,0.17393656637556507,53.77756859767542,1.9192606669990055,-0.18105915871805148,-0.5217490747602328,-0.7105987541668782,-0.2489017377573578,False,False,True,False,29.005332946777344,21.47231674194336,False,False
2022-06-04,24.532329559326172,376343138,0.06426103942447696,-0.012453997034534458,-0.1967507031448534,-0.8797033167145796,-1.311099474341759,-1.0839949666696476,-1.1478526774342386,35.51817186675369,1.1218441822891911,0.15810382939584156,48.18283775948558,1.9211200616804849,-0.10762976954303251,-0.4785368464942338,-0.6899587584246432,-0.18725085861056423,False,False,False,False,29.005332946777344,21.47231674194336,False,False
2022-06-05,24.164182662963867,406213321,-0.015120339978789166,-0.07783248379636769,-0.27482627838819285,-0.8587817918151909,-1.233437777021784,-1.0901340781177722,-1.1621688171263918,35.06425163258169,1.1448865392267527,0.15230288454508323,46.84757478419262,1.9215851635631407,-0.10737128685893295,-0.47435642883845475,-0.6929888369959065,0.07936954333414725,False,False,False,False,29.005332946777344,21.47231674194336,False,False
2022-06-06,25.98859214782715,829054125,0.07278619664195922,-0.06132229521102107,-0.11054228658836941,-0.752520411095422,-1.2187663135629943,-1.0316827514685445,-1.108712826164029,39.210393261850136,1.27996723459699,0.14127237538748927,40.415229845113245,1.9536884398605772,-0.024833562638617933,-0.4221707406040619,-0.6682441918114854,1.0409328846209847,False,False,False,False,29.005332946777344,21.47231674194336,False,False
2022-06-07,24.63542938232422,923434174,-0.05347205257987777,-0.06879697213213463,-0.16399423133770527,-0.7378082326018695,-1.2238800838128416,-1.1488761637704499,-1.2166650067181985,37.30769007995973,1.272487694823342,0.14680948489563278,39.95605972661658,1.950274389300869,-0.066907456306362,-0.4389956793373166,-0.6837539716291053,0.11384063615870677,False,False,False,True,29.005332946777344,22.250558853149414,False,False
2022-06-08,24.500253677368164,502590526,-0.00550215393623549,0.028976365437904,-0.10546601262766538,-0.538320260282049,-1.2391872867780218,-1.1054369846565486,-1.26289573804099,37.11394075233257,1.2508750832564512,0.14160726691000325,38.329592505913084,1.8389861733095898,-0.061579746870103126,-0.4275289867691502,-0.6834315135736037,-0.4557375716095168,False,False,False,False,29.005332946777344,22.250558853149414,False,False
2022-06-09,24.410659790039062,649339432,-0.0036635581380828034,-0.010863240576567772,0.035892829609047945,-0.6018230478803461,-1.2094586213654401,-1.0709710059876383,-1.3050215787428932,36.97687263690938,1.2215950326768974,0.13638828586969626,37.68852359581928,1.8184046727019683,-0.0568052378395732,-0.41489445433686994,-0.6824516915954298,0.2919850224156433,False,False,True,False,27.658611297607422,22.250558853149414,False,False
2022-06-10,22.07607078552246,523963516,-0.1005256615182411,-0.04123653008478996,-0.015397744050078028,-0.33829435796983903,-1.2119007606415213,-1.1682165719465776,-1.4178610894572867,33.50455124610829,1.0429894826578474,0.1488853660239659,37.54250222367652,1.3673347858736933,-0.1339761733848057,-0.4570568335144356,-0.7107053893676745,-0.19308224608173807,False,False,False,False,27.658611297607422,22.250558853149414,False,True
2022-06-11,19.798967361450195,527494613,-0.10886446914070667,-0.21436203864997364,-0.22681603568450814,-0.42741501734177095,-1.349830023279927,-1.2349948923562373,-1.4178279817678803,30.496427428857416,0.7814438120105587,0.16552777485522233,35.894871033067005,1.4089831538195774,-0.20456933126469296,-0.4996915662394912,-0.7387648750141488,0.00673920395633032,False,True,False,False,27.658611297607422,22.250558853149414,False,False
2022-06-12,17.387441635131836,749203981,-0.12988158234861222,-0.3291232810197968,-0.40695576481616447,-0.6142420407563617,-1.5263031340039057,-1.3767895100045375,-1.5417293778264465,27.66375202146915,0.4712639509979608,0.18620830231048097,42.30689848818559,1.4405180162571856,-0.2847305128579235,-0.5479421873088501,-0.7690163331904522,0.4203064117358104,False,True,False,False,27.658611297607422,22.250558853149414,False,False
2022-06-13,16.019935607910156,1277521632,-0.0819142783788555,-0.48382375604061145,-0.5451460512516325,-0.7549509308357693,-1.567603188830372,-1.473051203031804,-1.5859869581768433,26.178776726672595,0.21241405483217157,0.19972140886960305,49.32318279824247,1.4266076047304295,-0.3228720158527275,-0.5710999524316018,-0.7856649451933008,0.7051719750538805,False,True,False,False,27.658611297607422,22.250558853149414,False,False
2022-06-14,16.54035186767578,919054943,0.03196904095936946,-0.39838266250136434,-0.4671796346334991,-0.7926685023338241,-1.5436686888952722,-1.500742111017698,-1.6011561161127796,27.767853778711654,0.11930478071880213,0.1900813997247884,55.03469953451273,1.4008788593738883,-0.2847230190620905,-0.5433953525807861,-0.77740233368815,-0.2805953966030377,False,True,False,False,27.658611297607422,22.250558853149414,False,False
2022-06-15,18.21199607849121,1022663545,0.09627753903672877,-0.29660296952840015,-0.2676266040904962,-0.5813724783592839,-1.4532204932239863,-1.4741608447698302,-1.6269912771207133,32.773733240745514,0.20815621821272678,0.1750584125421626,58.693106905738354,1.4263332284745112,-0.20323760369182256,-0.4828409891326084,-0.7533276659065481,0.11273384990651203,False,False,False,False,27.658611297607422,22.250558853149414,False,False
2022-06-16,15.73227596282959,619516632,-0.14636610623433377,-0.4393055176246512,-0.4501687582012189,-0.7822392994205412,-1.5711860692467907,-1.6958660821261633,-1.8017991918565053,29.506967808322244,0.14099456230510832,0.20212788919182403,65.6524115721876,1.4668886100359164,-0.3015074044391226,-0.5390884090663088,-0.7855365293292976,-0.39421265671497074,False,False,False,False,27.658611297607422,22.250558853149414,False,False
2022-06-17,16.00944709777832,400140809,0.01746459569504537,-0.3213152604113646,-0.36255179049615466,-0.61478055870354,-1.580881180281534,-1.7232262492728327,-1.7055633309025653,30.342740999775756,0.15518465079689303,0.1891691408836009,70.91146126303276,1.403774258842217,-0.2749891729098631,-0.5164296322119218,-0.7801962675955412,-0.35410804435029275,False,False,False,False,27.658611297607422,22.250558853149414,False,False
2022-06-18,14.841096878051758,500837078,-0.07577884298457588,-0.28822963425523374,-0.5025916729052075,-0.7163519243477657,-1.6881941043938162,-1.7420023563750155,-1.7314739918337694,28.793068510999902,0.1270170756825646,0.20113130942284585,76.2207397450029,1.4063287949482879,-0.31028480092413396,-0.5381675124062494,-0.7947507506774057,0.2516520853038011,False,False,False,False,27.658611297607422,22.250558853149414,False,False
2022-06-19,16.18973731994629,510905367,0.08697739410135491,-0.07137065780526677,-0.4004939388250635,-0.5813190456260909,-1.5758421666635938,-1.6751851922658325,-1.6594414958547117,33.043984590285035,0.23411609472357942,0.1822966115309395,76.47117591488181,1.4551377177975193,-0.22705772619174333,-0.48305448026540504,-0.7744843876425844,0.020102922571559212,False,False,True,False,18.631591796875,22.250558853149414,False,False
2022-06-20,17.137866973876953,561797222,0.05691291543591487,0.06745653600950367,-0.4163672200311077,-0.5554520665127911,-1.4772736347334643,-1.5893054271464353,-1.506879249223086,35.93937840940558,0.39429002612257413,0.17000172983714903,75.79333905776058,1.4691490059197603,-0.1633123914232224,-0.43780239785472846,-0.7597592848609596,0.09961111839328152,False,False,False,False,18.631591796875,22.250558853149414,False,False
2022-06-21,16.85599708557129,496486132,-0.016583954560063098,0.018903540490071275,-0.379479122011293,-0.6349912563374045,-1.4810188720807387,-1.632555316989462,-1.4236305794930808,35.44860298902363,0.4999393381883026,0.1678624570239973,77.06678635995233,1.4395317651284492,-0.16288282729160433,-0.4307422798733825,-0.7621890568363631,-0.11625385004128763,True,False,False,False,18.631591796875,22.250558853149414,False,False
2022-06-22,16.07598876953125,417581511,-0.047379725599614696,-0.12475372414627213,-0.42135669367467227,-0.590873186779155,-1.5120363559531156,-1.6949448368525017,-1.534469917821792,34.06241260906714,0.5329458700627789,0.16918542047390778,77.71606948084569,1.4205019570098456,-0.18419613472628316,-0.4406173052734765,-0.7719582043378798,-0.15892613290556123,False,False,False,True,18.631591796875,13.791519165039062,False,False
2022-06-23,18.290050506591797,482575281,0.1290304458302924,0.15064282791835426,-0.28866268970629694,-0.4618226331183206,-1.3647802371303488,-1.520420109772403,-1.393627003775583,41.102756926270935,0.7085509223498976,0.14693725873247634,77.3045733697982,1.5114121546016959,-0.06060026077816013,-0.34120488936411786,-0.7393031112794439,0.15564331343204518,False,False,False,False,18.631591796875,13.791519165039062,False,False
2022-06-24,20.54885482788086,671893666,0.1164479894213104,0.24962622164461923,-0.0716890387667455,-0.28134427105073473,-1.2658364673347646,-1.4310262561434273,-1.3147987324901056,47.28656154495396,0.965568893946239,0.1313319583965227,74.53903405716638,1.568345106144935,0.06632302093008655,-0.23868626236264898,-0.7055803791840713,0.3923085007746181,True,False,False,False,18.631591796875,13.791519165039062,True,False
2022-06-25,21.366357803344727,476329358,0.03901240652005236,0.3644174711492473,0.0761878368940135,-0.09730946415588629,-1.1675247733659506,-1.4360439805271656,-1.3305629612387666,49.35889382569992,1.1659603877904816,0.12244110464298039,72.12241312541694,1.4977954678638652,0.11685246889225594,-0.18690926976462055,-0.6923557866727165,-0.2910643720817574,True,False,False,False,18.631591796875,13.791519165039062,False,False
2022-06-26,19.692432403564453,413767908,-0.08158319978087275,0.19585687726701975,0.12448621946175287,-0.129657576077644,-1.2662262830832318,-1.5151717159153997,-1.4250167664965618,45.42131558962067,1.1587000511279006,0.13086073541597953,65.3975296210998,1.5144544824600363,0.04657573292740872,-0.22982164600563193,-0.7149489332480624,-0.1313407392369882,False,False,False,False,18.631591796875,13.791519165039062,False,False
2022-06-27,19.31756591796875,433026595,-0.019219586826999573,0.1197243750041051,0.18718091101360884,-0.251430985398367,-1.2484343718113382,-1.569872323562681,-1.3563557807932438,44.56393720554577,1.101930162100424,0.1315503043761522,59.88309708734108,1.465052733520722,0.041368818036513426,-0.22495959100021118,-0.7190301148223052,0.046544660974528806,False,False,False,False,18.631591796875,13.791519165039062,False,False
2022-06-28,18.120983123779297,490803290,-0.06394427774225502,0.0723640518219131,0.09126759231198442,-0.3656334099236662,-1.2526629098059159,-1.664983167436552,-1.5377766034363058,41.84847783358296,0.9621530793283579,0.13975985845647962,53.0649498688606,1.46167250582382,-0.0060457206629612485,-0.25878185142169374,-0.7352284194587637,0.13342528072669535,False,False,False,False,18.631591796875,13.791519165039062,False,False
2022-06-29,17.5980167388916,445376603,-0.0292843450178334,0.09045943240369447,-0.034294291742577546,-0.4511937629981121,-1.1761068810742132,-1.7061477624835952,-1.5950820211670083,40.68173556380084,0.8184717253428788,0.1391244967702907,43.837550206353825,1.441561267307503,-0.016352467807837105,-0.2639377103708678,-0.7415708080889397,-0.09255579154736315,False,True,True,False,21.7543888092041,13.791519165039062,False,False
2022-06-30,16.929367065429688,453151312,-0.03873640034333251,-0.07730741376993051,0.07333541414842379,-0.4439327876826804,-1.2460464832038058,-1.7424931028293262,-1.59329866355855,39.177747881735336,0.6687126340412908,0.14227245362860783,38.95114451636786,1.439820135885211,-0.03991720316392035,-0.2834935689789571,-0.7500838498108612,0.01745648277801437,False,True,False,False,21.7543888092041,13.791519165039062,False,False
2022-07-01,16.085920333862305,490786364,-0.05110543410528993,-0.24486083729653088,0.004765384348088246,-0.3917627302816962,-1.3249816780883115,-1.7861253038308984,-1.58588834498785,37.304276208295825,0.5103154825163667,0.14675524382116129,38.35612281542309,1.4106747215001936,-0.07804311762831181,-0.3108659677392149,-0.7614245248437834,0.08305184383974606,False,False,False,False,21.7543888092041,13.791519165039062,False,False
2022-07-02,16.336135864257812,224974289,0.015435202293966454,-0.2684380415226167,0.0959794296266307,-0.4125035758641186,-1.2952839886149459,-1.7923812761991695,-1.5327939538580901,38.247689864956676,0.4234394609654615,0.13669461630983037,38.8741631497931,1.4034000525741845,-0.060872773550839046,-0.29054192070244467,-0.7564315180596237,-0.5416044423760722,False,False,False,False,21.7543888092041,13.791519165039062,False,False
2022-07-03,16.660402297973633,242175995,0.019655205734846613,-0.16719963600689727,0.028657241260122337,-0.3226959981192532,-1.392942164730335,-1.746303146807734,-1.5272244174762133,39.517865462062076,0.38970633416220135,0.12826143898027756,38.334304844403164,1.392893992571492,-0.04399139779862217,-0.26534227987468234,-0.750021667983411,0.07646076392311651,False,False,False,False,21.7543888092041,13.791519165039062,False,False
2022-07-04,17.939966201782227,430020105,0.07399618868566557,-0.07398386049423208,0.045740514509872945,-0.31296084885806463,-1.1926641655726442,-1.6240603231998236,-1.3969558155277122,44.37958033933944,0.4511271237133876,0.11719393680552871,37.967854891511124,1.3998894043346206,0.025315348797311597,-0.19572377505157132,-0.7291879295596815,0.7756512366140995,False,False,False,True,21.7543888092041,15.851207733154297,False,False
2022-07-05,18.064729690551758,552533388,0.0069304286594630725,-0.003109154092513949,0.06925489772939925,-0.2909100802198123,-1.1496918720350033,-1.5243478572415963,-1.3810441583375845,44.84511983781511,0.49424389068449015,0.11514077417961632,37.918379028636565,1.4010724015351392,0.03288057395690985,-0.17945709092127823,-0.7253780486273347,0.28490129083615745,False,False,False,False,21.7543888092041,15.851207733154297,False,False
2022-07-06,19.147266387939453,618966978,0.05819855674148281,0.08437374766680224,0.1748331800704967,-0.3054977201202888,-1.0580181312157109,-1.5242640336832831,-1.3371804715888331,48.84588149068176,0.5836241655775607,0.10627366688571473,37.23490836420717,1.3911522552023239,0.08419155013155329,-0.11806822129278564,-0.706762066836033,0.12023452599030993,False,False,False,False,21.7543888092041,15.851207733154297,False,False
2022-07-07,20.23383903503418,607400823,0.05519644450809234,0.17830659251822703,0.10099917874829666,-0.19682922303231862,-0.934637455634188,-1.4207093068451602,-1.3457053868027686,52.565146473963416,0.6962434166124467,0.09904769510342246,37.803667417879,1.4002016212112587,0.13217655230501604,-0.059904116212053125,-0.6880325184033094,-0.018686223031432858,True,False,False,False,21.7543888092041,15.851207733154297,False,False
2022-07-08,19.79790687561035,593859102,-0.021780183819859803,0.20763184280365718,-0.03722899449287359,-0.21310725291594285,-0.7514275131979918,-1.4522945396939648,-1.3185442375724914,50.96416519036344,0.7187751409603069,0.09933037278456591,35.02828891992217,1.4011975500283176,0.09263172062317844,-0.0710242418370733,-0.6925349478158315,-0.02229453844516771,True,False,False,False,21.7543888092041,15.851207733154297,False,False
2022-07-09,19.91847801208496,299142386,0.0060716254621983904,0.19826826597188923,-0.07016977555072754,-0.20337206931566174,-0.8051951171960079,-1.412830690681102,-1.2743430753033,51.40501328958697,0.7175371049554824,0.09379762760348952,34.26198191643747,1.401909647356768,0.08809024203738301,-0.05737403070901575,-0.6881582969072081,-0.4962738046911336,False,False,False,False,21.7543888092041,15.851207733154297,False,False
2022-07-10,19.152053833007812,323970529,-0.03923788458039393,0.13937517565664864,-0.027824460350248697,-0.14208429237781467,-0.4803786503476537,-1.353985053019336,-1.3103008643243923,48.42475853594479,0.6432241624907589,0.09486834185363756,33.77830876212143,1.3661706984344606,0.040498384325811834,-0.08435874309908781,-0.6978554460680385,0.08299774342242494,False,False,False,False,21.7543888092041,15.851207733154297,False,False
2022-07-11,17.374582290649414,338348658,-0.09740160930529353,-0.032022622334310545,-0.10600648282854278,-0.13062143254240158,-0.5580364498841726,-1.4804514558223287,-1.3656163248986388,42.299785008574126,0.4610161728826727,0.10441354271698867,33.25528280628009,1.3557193802324272,-0.0573964481917825,-0.1577141099819841,-0.7236333962360759,0.04438097824632692,False,True,True,False,20.954734802246094,15.851207733154297,False,False
2022-07-12,16.84541130065918,393620758,-0.030930056995501373,-0.06988310798927504,-0.07299226208178897,-0.031669907189290705,-0.6459119479456522,-1.5579730411931962,-1.408459417193828,40.65128452129413,0.2993461777816864,0.10502496848777104,32.08531762935883,1.2823547440193965,-0.08800840855944346,-0.17360755323729532,-0.7299429151099914,0.16335841355694103,False,True,False,False,20.954734802246094,15.851207733154297,False,False
2022-07-13,18.80950355529785,636332384,0.11028395702973326,-0.01779770770102462,0.06657603996577749,0.16052832821929802,-0.5944226026164712,-1.4070748606110741,-1.312522874812506,48.65034513441937,0.31745597310486207,0.09591115260561897,32.06518943447538,1.3048642779126374,0.0168954462134369,-0.06791141060096219,-0.6961117110663031,0.6166128718242039,False,False,False,False,20.954734802246094,15.851207733154297,False,False
2022-07-14,19.729873657226562,678776743,0.04777166605675382,-0.02522248615236328,0.15308410636586384,0.17633095331668247,-0.6163375490171416,-1.3673377355785898,-1.3244111577010154,51.920532354221116,0.37996745691858025,0.09217947770068184,31.125148612586194,1.3100753788495574,0.0690199015632051,-0.014985934000287766,-0.6787643213962021,0.06670155419907098,False,False,False,False,20.954734802246094,15.851207733154297,False,False
2022-07-15,19.386037826538086,538489864,-0.017580809128755957,-0.021023111461259403,0.18660873134239775,0.06247260515119776,-0.5188998732080861,-1.3907478880727886,-1.4116882396186325,50.62347158066554,0.3854874116997893,0.09087876619824398,28.178945417019552,1.2707984775155179,0.05605561267446246,-0.028111072251513526,-0.6819229944869146,-0.20667602484429848,True,False,False,False,20.954734802246094,15.851207733154297,False,False
2022-07-16,21.21149253845215,592225952,0.08999002836658847,0.06289529144313069,0.26116355741501973,0.29882873975212004,-0.48341055966842095,-1.2723573294946704,-1.3970373423740432,56.79459066365885,0.49255726582518733,0.08578902127322932,30.572250900879215,1.1880205010301683,0.15073614898310483,0.06469392207790861,-0.6494988028431029,0.09979034257179631,False,False,False,True,20.954734802246094,16.618167877197266,True,False
2022-07-17,20.605005264282227,502164784,-0.029009115388337888,0.0731240606351867,0.2124992362918354,0.2523550286687367,-0.3624255300348031,-1.3285261516127973,-1.4708712206040961,54.36358068296338,0.5013403570983683,0.08684886144587543,31.909897666157537,1.195362780345753,0.11394371787016698,0.03866736909691444,-0.6571868144264578,-0.1520723090500431,True,False,False,False,20.954734802246094,16.618167877197266,False,False
2022-07-18,24.08971405029297,989322171,0.15625092622150516,0.3267765961619855,0.2947539738276749,0.4843847978748178,-0.23196712647294807,-1.2038093065189983,-1.2576175585001979,63.91966217201619,0.7080067040850997,0.07931211086585489,40.63035275955755,1.261817049551668,0.28165510882311456,0.21681706100926676,-0.5965983250058685,0.9701145968849938,False,False,False,False,20.954734802246094,16.618167877197266,True,False
2022-07-19,24.737207412719727,1150854169,0.02652353667894284,0.3842301898364297,0.31434708184715476,0.42393094045240576,-0.15738810517368523,-1.151911226211188,-1.2512542518134269,65.37065759017383,0.8451905001341452,0.08030994526100922,47.674462341264174,1.2364702146486908,0.29157506315108084,0.2531882273311147,-0.582802650207888,0.1632754250687869,True,False,False,False,20.954734802246094,16.618167877197266,False,False
2022-07-20,23.59771728515625,1068333684,-0.04715850102872959,0.22678773177796704,0.20899002407694234,0.31985952398776135,-0.2355925425250297,-1.157414110745703,-1.269445903158674,60.7411144922371,0.815665106355616,0.08607645361357898,49.60863751956281,1.2444103501578756,0.21099871079340285,0.19885324396446352,-0.5989577617260292,-0.07170368516082593,False,False,False,False,20.954734802246094,16.618167877197266,False,False
2022-07-21,25.04392433166504,759273174,0.05948127431465636,0.2384973400358695,0.21327485388350625,0.39592475286248074,-0.2390665034749238,-1.085094119218258,-1.2366305641269815,64.20586334262134,0.8463514792368919,0.08284493467812538,51.57510174245029,1.2517122000344783,0.2563382138207673,0.2707205997962959,-0.5711676279002676,-0.28929211409194877,False,False,False,False,20.954734802246094,16.618167877197266,False,False
2022-07-22,23.715850830078125,639197881,-0.05448762048067555,0.20159052868395,0.1805674172226905,0.3888168579814199,-0.20205632879773508,-1.1232194979716958,-1.306127978871082,59.051870915089815,0.7341916810167686,0.08666115477133225,50.37530322570345,1.256278937087106,0.16809311950248784,0.2045097686220825,-0.5909517001904782,-0.1581450485961723,False,False,False,False,20.954734802246094,16.618167877197266,False,False
2022-07-23,23.646005630493164,467200887,-0.002949430425129699,0.10865106989223185,0.17154636133536255,0.2568369817259976,-0.20498565139232294,-1.1079432554043511,-1.2635831280464056,58.784612198761046,0.6170020915287588,0.08588568154053539,48.65726500233794,1.1851374285878635,0.1449559239259275,0.20018145675520038,-0.5893375642816225,-0.26908254722452685,False,False,True,False,26.110578536987305,16.618167877197266,False,False
2022-07-24,23.86612319946289,424883178,0.009265808510014939,0.14692599379058455,0.22005005442577144,0.1496548008147022,-0.13168947023603247,-1.1161816665200626,-1.2813714553287252,59.40811762325718,0.519901672154843,0.0823439836309218,48.19946171911232,1.119481787792979,0.13926859143298595,0.21217356000465334,-0.5828346203103574,-0.09057711613462749,False,False,False,False,26.110578536987305,16.618167877197266,False,False
2022-07-25,20.975677490234375,586670563,-0.1290964623433784,-0.13842139477429893,0.18835520138768666,-0.01845406804872847,-0.11576353220461479,-1.1859788414146792,-1.454498048575894,48.93858993670223,0.2407890772031963,0.09684160985769057,46.196380456327375,1.2054449284560858,-0.005617949131959187,0.06882807555492663,-0.6309639782170705,0.3807808672528805,False,False,False,False,26.110578536987305,16.618167877197266,False,False
2022-07-26,20.668285369873047,443604588,-0.014763134065138064,-0.17970806551837995,0.2045221243180498,0.04836599766700627,-0.08129157841063775,-1.2178602854162257,-1.4668057182483933,47.970385422086395,0.026521958744058383,0.09601239198790186,45.30246064636236,1.1709955551443494,-0.02371013508698872,0.05890610377542955,-0.6342453679230655,-0.24386083779015177,False,True,False,False,26.110578536987305,16.618167877197266,False,False
2022-07-27,23.418182373046875,753238649,0.1249123274671136,-0.007637237022536893,0.21915049475543005,0.19249791196111934,-0.05893307343724765,-1.055936459850219,-1.3773744116015616,56.299686881669594,0.05917956566439042,0.08836310145217,45.67617373641463,1.244347306919009,0.09792707052946253,0.20129095841067085,-0.5833465117958566,0.6979956235258775,False,False,False,False,26.110578536987305,16.618167877197266,False,False
2022-07-28,24.237096786499023,1016911260,0.03437163936870214,-0.032746871968491034,0.20575046806737843,0.2908138290720764,-0.07481958085158968,-0.9618490807338395,-1.3741693383644755,58.433742183831434,0.12152716105723593,0.08510551611301669,46.17149784541814,1.2214216803336153,0.12461762321201923,0.24363486968096307,-0.5662696779324193,0.3500518877384371,True,False,False,False,26.110578536987305,16.618167877197266,False,False
2022-07-29,24.522363662719727,922618022,0.011701119265456599,0.033441867777641014,0.23503239646159096,0.33179929335536634,-0.11939446964274579,-0.844307587718847,-1.3743484691282288,59.18152488137184,0.16488237794835525,0.08318041666455853,46.61531603309764,1.2132991068839585,0.12582902745870395,0.2581280362513168,-0.5587956883099074,-0.09272513906474,True,False,False,True,26.110578536987305,19.601055145263672,False,False
2022-07-30,24.228477478027344,753147185,-0.012056807140545215,0.024334491062225353,0.1329855609544573,0.35847888655815363,-0.08545390112452683,-0.8875675966456522,-1.3840142162711726,58.02341366282012,0.15672479219563185,0.08321799531418367,45.68049391897191,1.2030429035587327,0.09952386670379729,0.24031075873918942,-0.5615084581715156,-0.18368472429427574,False,False,False,False,26.110578536987305,19.601055145263672,False,False
2022-07-31,23.74578285217285,565704851,-0.020123746023975132,-0.0050550634717646025,0.14187093031881995,0.3894605746394684,-0.0023021556422278882,-0.935521103448843,-1.39666472919143,56.08222680186837,0.1043010927119038,0.08339827968256985,41.160824012110474,1.1873563988968183,0.06226165513770551,0.2107081396800227,-0.5674229236815322,-0.2488787553524482,False,False,False,False,26.110578536987305,19.601055145263672,False,False
2022-08-01,23.658235549926758,482933106,-0.0036936700614236895,0.12034772881018994,-0.01807366596410894,0.37033170228407825,-0.04217187358004045,-0.9249522863308675,-1.4220495739150911,55.718131063595045,0.05186004343996464,0.08150857200582308,34.09961138233745,1.1887329019768735,0.042459726538870916,0.1985801308014414,-0.5664211526722006,-0.1463161308475327,False,False,False,False,26.110578536987305,19.601055145263672,False,False
2022-08-02,22.86105728149414,588025228,-0.03427637295257775,0.10083448992275035,-0.07887357559562966,0.31640012359665376,-0.006295874522599355,-1.0765420411336812,-1.42990302321108,52.38325142426285,-0.043248023849444484,0.08324043413537877,29.99794482534871,1.199395259235142,-0.001578719374957012,0.15022023953907787,-0.578424075849735,0.21761217173626535,False,False,True,False,25.74089813232422,19.601055145263672,False,False
2022-08-03,23.071916580200195,585469835,0.009181237885440134,-0.014896599658923232,-0.022533836681459984,0.2515851727964282,-0.06137567606163641,-0.9410789927762159,-1.3724751504033954,53.18147281399647,-0.09568405581900752,0.08204041392707735,26.982909853223948,1.1773444282237806,0.0003298989345713678,0.15324955697034343,-0.5717620677571233,-0.004345720010502707,False,False,False,False,25.74089813232422,19.601055145263672,False,False
2022-08-04,23.375619888305664,454557871,0.013077448642248173,-0.03619079038537716,-0.06893766235386829,0.25773219277921317,-0.03317788744059922,-0.8919596792557901,-1.266615664462383,54.367991699550686,-0.11248212820506542,0.0782464867398253,22.479319887404177,1.1774440010357097,0.0048071750548094126,0.16242961674587822,-0.5633343246984068,-0.22360155241815316,False,False,False,False,25.74089813232422,19.601055145263672,False,False
2022-08-05,24.949527740478516,559959169,0.06516129967212776,0.01726939002129412,0.05071125779893509,0.2646949357098582,-0.040802784410430636,-0.7933231955058527,-1.2595690979734249,60.022410533377034,-0.024744579138285427,0.07314549409415012,21.61484272832637,1.181380069813281,0.06391450657168456,0.22942700531286644,-0.5312271946010513,0.23187652161456018,False,False,False,True,25.74089813232422,22.302026748657227,False,False
2022-08-06,26.659427642822266,725161177,0.06628795197769778,0.09561414913953713,0.11994864020176263,0.27578644317946366,0.07895722014714501,-0.6588510124547244,-1.1449228636656965,65.084326021156,0.1326496178029518,0.06906164105066047,21.460390419300452,1.1874776005857144,0.12234108749830815,0.3000399228899443,-0.49629149010801266,0.2950250967316512,True,False,False,False,25.74089813232422,22.302026748657227,True,False
2022-08-07,27.889965057373047,789046881,0.04512410300689916,0.16086199817041139,0.1558069346986467,0.3426907300062225,0.12958347709027965,-0.40873678319176926,-1.1096038096877423,68.20446043950666,0.2945582588691402,0.06746858303405841,26.0843114822939,1.188444459540252,0.16482785119943,0.34295563960117403,-0.47028847423113646,0.08809862693462978,True,False,False,False,25.74089813232422,22.302026748657227,False,False
2022-08-08,27.94895362854004,983856352,0.002112812873130182,0.16666848110496513,0.2870162099151553,0.3387319174171543,0.1353598481014924,-0.4664631997788536,-1.0740987732639475,68.35046885651049,0.3753720794594857,0.06990403979311428,29.605678951597238,1.1887490038098139,0.15951471021279673,0.3307261396250592,-0.4665785941328193,0.24689213745209648,True,False,False,False,25.74089813232422,22.302026748657227,False,False
2022-08-09,27.420223236083984,758807732,-0.019098946178014872,0.1818459078795282,0.2826803978022785,0.3588708558195335,0.21678656344171865,-0.12150779452812024,-0.9951141971998025,65.44933342651647,0.36275844349065456,0.07045759027182934,31.59802906098178,1.1800183386616256,0.1286302145435778,0.2928925821071715,-0.47473980179157427,-0.2287413396706921,False,False,False,False,25.74089813232422,22.302026748657227,False,False
2022-08-10,29.1173095703125,942970922,0.06005201247001891,0.23271668246410718,0.2178200828051839,0.5163244775948459,0.3857030450524443,-0.041711972289326577,-0.9641269782274827,69.86993095247144,0.4334671390937552,0.06968880763289635,35.683582946777356,1.1227698693029144,0.18851962979436454,0.35721891645308823,-0.4405903349482719,0.24270072935946319,False,False,False,False,25.74089813232422,22.302026748657227,False,False
2022-08-11,28.555143356323242,759953820,-0.0194957554685399,0.20014347835331914,0.163952687967942,0.5277587791218074,0.4960888719325167,-0.11815316882384481,-1.0302142620713888,66.82009068170979,0.4075258123474965,0.06966874938989176,37.95081750653743,1.1172942992482362,0.15417365082588189,0.31570875071945087,-0.4494780005618859,-0.19408562632220805,False,False,True,False,30.497760772705078,22.302026748657227,False,False
2022-08-12,29.343828201293945,488313177,0.02724516894956407,0.1622273476307554,0.1794967376520494,0.4447199910416382,0.6052483192609363,-0.14970261157483297,-0.9623548695694358,68.87290119295515,0.40764533621689836,0.06584128711196297,40.524897663324225,1.066999635362088,0.1725496302750751,0.33841476373466495,-0.4324380778546577,-0.3574436180872148,False,False,False,False,30.497760772705078,22.302026748657227,False,False
2022-08-13,29.108469009399414,469245521,-0.008053078324901458,0.08788631732815616,0.1835004664676932,0.38889524665998304,0.5652261999766655,-0.2274423023571587,-0.9784424889186069,67.53018580946424,0.35781182647232557,0.06484984207947535,42.22470980642317,1.063063944967844,0.151088482424915,0.31739304900145004,-0.4348702350349572,-0.039048006275693825,False,False,False,False,30.497760772705078,22.302026748657227,False,False
2022-08-14,28.215635299682617,427880595,-0.03115289553855136,0.011609318782705593,0.17247131695311707,0.3753231602501875,0.4377957654013854,-0.1435767129578985,-1.015424727822601,62.54849733318878,0.23650706465888938,0.06685501179525064,39.73945860815851,1.0690094400130161,0.10003441623289132,0.2691169748154208,-0.45018785836212544,-0.08815198898829768,False,False,False,False,30.497760772705078,22.302026748657227,False,False
2022-08-15,27.92951011657715,494986915,-0.010192427430836351,-0.0006959215212607601,0.16597255958370433,0.2751407044527628,0.5739694442048828,-0.20826985521565824,-0.9972166250419077,60.9955840550281,0.1149441760835812,0.06807237937001495,35.66994364762085,1.0341674861171999,0.07368184812474653,0.24700703678978725,-0.45380671439129133,0.15683422147246473,False,False,False,False,30.497760772705078,22.302026748657227,False,False
2022-08-16,27.162704467773438,415203519,-0.027838966987658323,-0.009435942330904213,0.17240996554862387,0.27631085285344237,0.5286658815221791,-0.08611467718136079,-1.0522152987593547,56.917203216240594,-0.0313458592448157,0.06834774947433953,34.39483905681339,1.0336316680304036,0.036741977323090994,0.20433351487904383,-0.46671853019826326,-0.16118283854028748,False,False,True,False,30.264902114868164,22.302026748657227,False,False
2022-08-17,25.486738204956055,503874972,-0.06368662664287396,-0.13317458144379715,0.09954210102030986,0.05637329998906325,0.5407580978638811,-0.1755938264838848,-1.1474360065299352,49.177558900714715,-0.24341468859641702,0.07554329688180353,33.729595351474124,0.9180726950443516,-0.029540406414290236,0.12269192318096164,-0.49732139889035953,0.21356141974316944,False,False,False,False,30.264902114868164,22.302026748657227,False,False
2022-08-18,24.25769805908203,390507879,-0.04942423374338943,-0.16310305971864675,0.037040418634672535,-0.019574470433269008,0.4043564700191367,-0.17696257560695422,-1.1714856966444571,44.40853620184295,-0.4565188212375606,0.07965358778179428,33.91608037832461,0.9305485730513932,-0.07587296633197534,0.06231982449708905,-0.5194904126538166,-0.2249905220535542,False,True,False,False,30.264902114868164,22.302026748657227,False,False
2022-08-19,22.487878799438477,764994457,-0.07575756871994843,-0.2661057973881592,-0.10387844975740378,-0.04817353812448789,0.2716859858632734,-0.28376608064951764,-1.2055876488701909,38.603131623336274,-0.6925713520967931,0.08773208203746777,35.690761447000554,0.953599433396628,-0.14044656105391826,-0.019957376394893468,-0.5524421988001462,0.9589731683749203,False,True,False,False,30.264902114868164,22.302026748657227,False,False
2022-08-20,22.302879333496094,507113879,-0.008260655798603802,-0.26631337486186163,-0.17842705753370547,-0.11591546823774805,0.28000928462473273,-0.35498197171267193,-1.201009587456006,38.04328344790569,-0.8279152236386049,0.08636220193502107,37.23020716811129,0.9279100062788544,-0.14516048173351281,-0.033258420318768765,-0.5538533934718676,-0.33710123732308295,False,True,False,False,30.264902114868164,22.302026748657227,False,False
2022-08-21,22.977310180664062,480536069,0.029791426894846734,-0.2053690524284635,-0.19375973364575771,-0.031636420862225796,0.35718043711919406,-0.23369274965996087,-1.1548559188339218,41.38091505020785,-0.8363080881183518,0.08166430367458129,37.86725017971571,0.916535657529232,-0.1181596942490269,-0.009725888485205956,-0.5382884630406386,-0.052409943999974784,False,False,False,False,30.264902114868164,22.302026748657227,False,False
2022-08-22,22.581424713134766,512194711,-0.017379562147284536,-0.2125561871449116,-0.2132521086661724,-0.046066552584380596,0.21077042914161712,-0.2510522039767035,-1.1540098079887315,40.0181413732353,-0.8310895244460862,0.08124795245541501,38.1762110868766,0.9182915443423814,-0.13288799127389797,-0.03172946317866496,-0.5441584235187058,0.06588192654483138,False,False,False,False,30.264902114868164,22.302026748657227,False,False
2022-08-23,23.52440071105957,438836084,0.04091055761790685,-0.14380666253934646,-0.15324260487025074,-0.014421803476488788,0.13523299733821337,-0.14611127371252125,-1.1306034699965513,44.69052947783885,-0.7302759149971743,0.07776842260219022,37.75622475674814,0.9295413014153605,-0.09746241068628494,0.003896703436531844,-0.5225308374796754,-0.1432241009610894,False,False,False,False,30.264902114868164,22.302026748657227,False,False
2022-08-24,23.024131774902344,365514547,-0.02149533709051354,-0.10161537298698611,-0.23478995443078338,0.09317932177637613,0.07472525372764759,-0.022584210428238733,-1.0927995196383031,42.78633349774463,-0.6652700723130482,0.07600998195156236,38.09371597317934,0.8102756990946374,-0.11605973233127118,-0.021593540681498144,-0.5300988127391232,-0.1670818323134977,False,False,False,False,30.264902114868164,22.302026748657227,False,False
2022-08-25,23.02031707763672,325764518,-0.00016569629431633756,-0.052356835537913204,-0.21545989525655992,0.10777675954719766,0.1561427572142039,0.02648518113656007,-1.110083525869028,42.77136802259834,-0.5929167230323875,0.07332505233951223,39.42400295346572,0.8078200238786426,-0.11292106322751429,-0.02496516020617793,-0.5274891687260211,-0.10875088098750829,False,False,False,True,30.264902114868164,21.689481735229492,False,False
2022-08-26,20.59803009033203,530798722,-0.11118173266558223,-0.08778099948354692,-0.35388679687170616,-0.12831730058549795,0.06418061137562128,-0.18725037402274566,-1.184253760435717,34.51569839939536,-0.6727408555009412,0.08558721945734739,43.717244559188174,0.7808570768027469,-0.19688360825299753,-0.127831177280553,-0.5744761323966359,0.6293939108494315,False,False,True,False,23.645212173461914,21.689481735229492,False,True
2022-08-27,20.0777587890625,351975085,-0.025582770036402202,-0.10510311372134536,-0.37141648858320686,-0.18827170999060233,0.10254211908147422,-0.26309129084219196,-1.1501207907244417,33.04055104987998,-0.7208468623165635,0.08507108875048497,47.52371983150829,0.771454763248461,-0.20506215736237754,-0.15006211058117835,-0.5823533492327603,-0.33689537971419603,False,True,False,False,23.645212173461914,21.689481735229492,False,False
2022-08-28,18.430381774902344,368370708,-0.08561218817475139,-0.22050672879094346,-0.42587578121940695,-0.2855850174308103,0.04621427592455598,-0.4049794870735561,-1.1298926051496572,28.83784212122316,-0.816837063747119,0.09429687347365777,52.912894254239816,0.8162861344773804,-0.2562723113619246,-0.21881517568568454,-0.6137451652475818,0.046581771547835604,False,True,False,False,23.645212173461914,21.689481735229492,False,False
2022-08-29,19.349014282226562,614013678,0.04864099036228185,-0.15448617628137715,-0.36704236342628865,-0.22488721992798316,0.13359166663017052,-0.31034112105250994,-1.1124548165736354,33.88790128098789,-0.7721897158235917,0.09026544788234457,56.15031377699724,0.8409940461430973,-0.20627661135564154,-0.18001519399758265,-0.5914194107023609,0.6668363272793123,False,True,False,False,23.645212173461914,21.689481735229492,False,False
2022-08-30,19.34550666809082,576589736,-0.0001812977165347928,-0.19557803161581863,-0.33938469415516526,-0.2049447716205427,0.18451580301892553,-0.2072469272627706,-1.140465875069386,33.87801529473906,-0.6988228160252434,0.08958382688409561,57.063541774903236,0.8401015902721031,-0.19018975932529653,-0.18153109557523922,-0.5887848122484879,-0.06094968783415278,False,False,False,False,23.645212173461914,21.689481735229492,False,False
2022-08-31,19.128339767456055,397343517,-0.011289186144138132,-0.18537188066944316,-0.2869872536564293,-0.21254028770325717,0.15779141458082113,-0.2547121612832977,-1.1374925740341248,33.23162706571679,-0.623343549584696,0.08780190330083931,57.76512504705329,0.8401622795396495,-0.18316388056262511,-0.1922792749122747,-0.5906988079157404,-0.3108730659055644,False,False,False,False,23.645212173461914,21.689481735229492,False,False
2022-09-01,19.306751251220703,318893652,0.009283847675242015,-0.17592233669988477,-0.22827917223779792,-0.16898006707543745,0.14742005652121642,-0.17527594159803672,-1.2455221082091186,34.34001079440118,-0.5238314261384713,0.08454876172027401,55.94853515910098,0.8361475293766544,-0.15748966144899385,-0.18508781592457274,-0.5842597771156005,-0.19743587511458005,False,False,False,True,23.645212173461914,17.56277084350586,False,False
2022-09-02,18.860631942749023,299938092,-0.023378056823181295,-0.0881186608574839,-0.17589966034103083,-0.20153936178405882,0.050045811012369476,-0.2629150378456951,-1.1426183545602746,32.87061084054568,-0.45313474182428015,0.08375068900427297,53.312337206860796,0.8365998136678056,-0.15813348807562305,-0.20333332955211378,-0.5910855693235876,-0.05944163479303122,False,False,False,False,23.645212173461914,17.56277084350586,False,False
2022-09-03,18.875083923339844,180333777,0.0007659577122468081,-0.06176993310883496,-0.1668730468301803,-0.21385085271406012,0.04388134006515313,-0.2470287401546593,-1.1058105319698501,32.970671991182414,-0.3737796840968979,0.0790636655145752,50.371765030964646,0.834031524752925,-0.13955121148995342,-0.20237858923045746,-0.5874720344093923,-0.3987633388025953,False,False,False,False,23.645212173461914,17.56277084350586,False,False
2022-09-04,19.005001068115234,194656841,0.006859417248147509,0.030701672314063948,-0.1898050564768796,-0.2721527351380405,-0.007457799428182211,-0.3129555195484711,-1.0654759306438932,33.924168734214405,-0.2849370123702859,0.0741496982247747,45.84151124392644,0.7942746211079476,-0.11563920944322972,-0.19538809593247813,-0.5811382776274054,0.07942529812371202,False,False,False,False,23.645212173461914,17.56277084350586,False,False
2022-09-05,19.426530838012695,219675345,0.021937542125243268,0.003998224077025036,-0.15048795220435188,-0.31650314499049503,-0.04071670181103145,-0.23754592484335016,-0.9753541574452195,37.052956829741426,-0.17554550208899156,0.07081601201513732,40.29752078563896,0.7554279640041348,-0.079454890101676,-0.1767203366068701,-0.5685819939619161,0.12852619960066036,False,False,False,False,23.645212173461914,17.56277084350586,False,False
2022-09-06,18.21985626220703,459611430,-0.06412769797924993,-0.05994817618568997,-0.2555262078015086,-0.4257549459766441,-0.08306421597042157,-0.2961714688863645,-0.8344917291684134,32.33311299484481,-0.16251695548070666,0.07877720348552099,37.80806632774321,0.7501871846193559,-0.12150899808299011,-0.22399740627232323,-0.5924097162640045,1.0922303775145998,False,False,False,False,23.645212173461914,17.56277084350586,False,False
2022-09-07,19.032773971557617,298559964,0.04365043623837217,-0.0050085538031796,-0.19038043447262284,-0.38421732261140196,-0.04548540519424776,-0.24885747450990955,-0.8506805223902555,38.05756765347775,-0.0813137550654961,0.07502653639096749,35.49160764614832,0.7751264651342777,-0.07060634601104475,-0.1854162082926801,-0.5710544011866446,-0.35040787823749286,False,False,False,False,23.645212173461914,17.56277084350586,False,False
2022-09-08,19.123456954956055,314399498,0.004753255336445959,-0.009539146141975645,-0.1854614828418605,-0.36036512109694124,-0.0014942652774078836,-0.14357855765522254,-0.4818729156250615,38.68075499009032,-0.007542810796699717,0.07188481890847971,35.02803948323753,0.7771520703535559,-0.05844382644947358,-0.17838839475286467,-0.5661647747398114,0.053053107951205325,False,False,False,False,23.645212173461914,17.56277084350586,False,False
2022-09-09,20.400781631469727,425890549,0.06465752102046016,0.07849643170166576,-0.009622229155818172,-0.3557596125465,0.1605648650483458,0.029943432505944403,-0.3974715848358266,46.799781616904326,0.13344843674178453,0.06765660340348477,34.02121788061409,0.7826735795788972,0.009171606032642918,-0.11999903613517804,-0.5345694057214724,0.35461586837520964,False,False,False,False,23.645212173461914,17.56277084350586,False,False
2022-09-10,20.497501373291016,365215814,0.004729779101886257,0.08246025309130518,0.02069031998247027,-0.3315340779760741,0.19622470114573345,0.16455479395644268,-0.44968724679991884,47.36805212735411,0.2335334691182176,0.06587127075814281,31.87594684728079,0.784258275484025,0.02021352213436235,-0.11336521525270549,-0.5294602162251988,-0.14246555868042987,True,False,False,True,23.645212173461914,17.93990135192871,False,False
2022-09-11,20.658855438232422,314321780,0.007841067778747534,0.08344190362190522,0.11414357593596905,-0.3509381791468906,0.09378181189474753,0.2543101401140457,-0.5006407907217235,48.35907836963217,0.30632519702518834,0.06353448064817459,30.075733492810343,0.7752007930763649,0.03318788129553894,-0.10407043761180229,-0.5228513484712167,-0.13935331398327677,False,False,False,False,23.645212173461914,17.93990135192871,False,False
2022-09-12,21.348209381103516,729872503,0.032823804154913205,0.09432816565157526,0.09832638972860029,-0.310061296667076,0.07883394999290702,0.25516490330958946,-0.5375035990242347,52.47620183219776,0.3911916894086147,0.06299712430709783,26.35837813105476,0.7905796875098864,0.07350552678709978,-0.07214829660320729,-0.5037677195067847,1.3220551340731146,False,False,False,False,23.645212173461914,17.93990135192871,False,False
2022-09-13,19.06827163696289,677722677,-0.1129420834810647,0.04551378014976034,-0.014434396035929596,-0.39185048460958943,-0.016527324359401727,0.045945280791796134,-0.535427197567488,40.870419744416765,0.28879270482445074,0.07626090091160397,22.43396135411201,0.8656006981641916,-0.0315095744966685,-0.16986425804159255,-0.5535593840874572,-0.07145059689966149,False,False,False,False,23.645212173461914,17.93990135192871,False,False
2022-09-14,19.120759963989258,416816640,0.002748870965163599,0.004612214876551926,-0.00039633892662779575,-0.37890918621358927,-0.10376848176082652,0.1950602579912935,-0.5871790414292476,41.192872734432044,0.2225790370886036,0.07345493945804121,16.44693211022243,0.8673159212674815,-0.019130045480661998,-0.16645604229001673,-0.5490172092869927,-0.38497463026458534,False,True,False,False,23.645212173461914,17.93990135192871,False,False
2022-09-15,18.186092376708984,503156220,-0.05011750706241149,-0.05025854752230557,-0.059797693664281226,-0.4011877262883425,-0.12487687343490014,0.12747815523383654,-0.4873024034697033,37.29285664143498,0.1190113678793352,0.07627493925088631,16.67716773797129,0.8756738645504877,-0.06126985036820115,-0.20356852886793805,-0.5681694586332964,0.2071404347004957,False,False,True,False,21.881879806518555,17.93990135192871,False,False
2022-09-16,18.056598663330078,443881513,-0.007145951953793104,-0.12206202049655876,-0.04356558879489304,-0.3446470515992617,-0.28827375161019836,0.1961110462646194,-0.5202408780831466,36.773394117562276,0.04857318718968373,0.07385908217376456,17.415149042461575,0.8567904965771563,-0.06306662704706244,-0.20493557731587966,-0.5678434704110458,-0.11780577213176457,False,True,False,False,21.881879806518555,17.93990135192871,False,False
2022-09-17,18.483089447021484,250641852,0.023345035222278678,-0.1034467643761663,-0.020986511284861033,-0.2718777826335936,-0.2914522530668626,0.13247868738554314,-0.44884035824054774,39.75006488331282,0.03796333750752179,0.06896898619297501,17.35945915155157,0.8538305339389698,-0.04106770684254632,-0.1818049333547215,-0.5539932620981715,-0.4353406378517053,False,False,False,False,21.881879806518555,17.93990135192871,False,False
2022-09-18,16.732431411743164,458049291,-0.09950739322969404,-0.2107952253846077,-0.12735332176270256,-0.2956276071433392,-0.343801145267827,-0.023941621280065762,-0.5793936877928569,32.90249961609297,-0.07361816504965057,0.07956052236057291,20.951580775694687,0.8807736323629467,-0.12596200789860124,-0.2543531581115207,-0.5929688849417744,0.8275052124973925,False,False,False,False,21.881879806518555,17.93990135192871,False,True
2022-09-19,17.304716110229492,390780822,0.0336302350004597,-0.20998879453906122,-0.11566062888748593,-0.2537367163442756,-0.36965218458202365,0.026272568280456893,-0.6087186880569475,36.738955368502076,-0.09422488759851322,0.07509098766499825,22.64552876030094,0.8937523523486208,-0.09122413723548194,-0.22439798368292888,-0.5758878539821015,-0.1468585812088944,False,True,False,False,21.881879806518555,17.93990135192871,False,False
2022-09-20,16.66739845275879,349506007,-0.037524448919096655,-0.13457115997709315,-0.08905737982733279,-0.3210525921582191,-0.3526890130204449,0.036127844960975,-0.5547453418181799,34.381328834050436,-0.13370938099247853,0.07549573850557414,25.2702958959449,0.8883197873416347,-0.11900058879197828,-0.2482518088315837,-0.5885332951575909,-0.10562139356982059,False,False,False,False,21.881879806518555,17.93990135192871,False,False
2022-09-21,16.61811637878418,435313782,-0.0029611745670791887,-0.1402812055093361,-0.13566899063278426,-0.30663420457801377,-0.3527007571623944,-0.0958637754363967,-0.5576864085547173,34.198571890461736,-0.1451244451339253,0.07665629207618563,27.49827736712584,0.8883792490597596,-0.11531920678342128,-0.24622971938265711,-0.586683286261901,0.24551158858909106,False,False,False,False,21.881879806518555,17.93990135192871,False,False
2022-09-22,17.690845489501953,285215305,0.06255385340613454,-0.027609845040789976,-0.07786839256309551,-0.284990908789786,-0.2994127122662747,-0.14975791145157258,-0.43110218250230725,41.48932079269915,-0.06641283773983986,0.07232439300272189,28.04408378058166,0.9070690237741664,-0.0552698429191101,-0.19363621188271277,-0.5569817795197867,-0.34480524901001186,False,False,False,False,21.881879806518555,17.93990135192871,False,False
2022-09-23,17.959775924682617,277003761,0.015087284641520893,-0.0053766084454759935,-0.12743862894203475,-0.24840828705775153,-0.1552289652813755,-0.17368303333010393,-0.27099249748599025,43.18876010861122,0.01351704344321547,0.07010295993630267,28.325103078724982,0.9099506913357218,-0.03855862768167419,-0.17731640053219752,-0.5471900238984008,-0.028790684987960224,False,False,False,False,21.881879806518555,17.93990135192871,False,False
2022-09-24,17.623594284057617,171338755,-0.018895997857570793,-0.04761764152532543,-0.1510644059014917,-0.2671385886210058,-0.15936182907380808,-0.1109958314068019,-0.2406534074844459,41.56357750700651,0.05137281148382433,0.06870356798763684,28.799540944300063,0.9101937725390823,-0.05305407705268228,-0.18726111206568544,-0.5525469788697952,-0.38145693624715804,False,False,False,True,21.881879806518555,16.292272567749023,False,False
2022-09-25,17.33123016357422,140488260,-0.016728502750127203,0.03516124895424143,-0.1756339764303663,-0.17268535870555085,-0.30100265929104886,-0.10850474732992954,-0.3599357327282965,40.14864071497391,0.06355212134409483,0.06763144513488735,29.26471171798038,0.8329591098578529,-0.0634915041583906,-0.19380770768315722,-0.5565707502784316,-0.18005555719136634,False,False,False,False,21.881879806518555,16.292272567749023,False,False
2022-09-26,17.542062759399414,188906812,0.012091497353238423,0.013622511307020102,-0.19636628323204103,-0.13501109131591021,-0.3232828013065125,-0.0324689722344361,-0.3981023821581022,41.69021315344831,0.09096745584007193,0.0642491590745658,29.646277261551262,0.8320378895464912,-0.050359939835536056,-0.17606846328999903,-0.5479110122358531,0.34464482654991957,False,True,True,False,18.217548370361328,16.292272567749023,False,False
2022-09-27,17.30769157409668,345407005,-0.01345058083043184,0.037696379395685056,-0.09687478058140823,-0.06284948397159058,-0.3484345014024009,-0.01663520804703457,-0.4678289710451467,40.443156714664894,0.0978760798038305,0.06603088598807157,30.138214657118812,0.7799386887511317,-0.058652129780993545,-0.1788684520839685,-0.5508298502375397,0.828451824172439,False,False,False,False,18.217548370361328,16.292272567749023,False,False
2022-09-28,17.25748634338379,257684562,-0.0029049621060105667,0.03775259185675355,-0.10252861365258255,-0.11439543643988309,-0.3392826563678662,0.01919623019028744,-0.42473655749239303,40.1659907419941,0.1030992949953643,0.06404396288925447,30.510500178452578,0.7581551673114331,-0.056595517734079163,-0.17327823017725585,-0.5489874499405026,-0.2539683380190856,False,False,False,False,18.217548370361328,16.292272567749023,False,False
2022-09-29,17.3486385345459,207582338,0.005267992431180016,-0.01953326911820091,-0.04714311415899089,-0.10894614629216823,-0.31389091791271106,0.0755696567267574,-0.3161930735549388,40.95715196385366,0.115778435328179,0.060973839424179034,29.136482535881235,0.7587217776980538,-0.04363409084040021,-0.1594336939224776,-0.5435798125798753,-0.19443238512674266,False,False,False,False,18.217548370361328,16.292272567749023,False,False
2022-09-30,17.196197509765625,279674593,-0.008825748317428982,-0.043446302077150833,-0.048822910522626765,-0.10648270846545908,-0.3190229961687162,0.05130870611536205,-0.3611948697487567,40.00447665041936,0.1166567111697856,0.05978317247510435,27.121534378919304,0.7584574567883853,-0.043332468160711034,-0.1575466751048798,-0.5444927861213846,0.34729474431490415,False,False,True,False,18.434349060058594,16.292272567749023,False,False
2022-10-01,16.970863342285156,134160561,-0.013190331793989664,-0.03774063601356968,-0.08535827753889509,-0.12895688793469073,-0.2979369550101281,0.018463168586525764,-0.3042328295327275,38.57609806114391,0.10517463878070754,0.057769722657486804,24.024099256842714,0.7577221139467689,-0.0460825029033785,-0.15838285680129888,-0.5472888060653432,-0.5202976446273044,False,False,False,True,18.434349060058594,16.789417266845703,False,False
2022-10-02,16.53337860107422,171162154,-0.026116669543885588,-0.04712880280732813,-0.011967553853086722,-0.13169550065539504,-0.3332348624394538,-0.08164968964302559,-0.39461053850109024,35.896283345276515,0.07276858051875001,0.057611405359731124,16.59314052278348,0.7586496849198385,-0.057925102647503925,-0.1697229625188191,-0.5555414620170931,0.2758008219718162,False,False,False,False,18.434349060058594,16.789417266845703,False,True
2022-10-03,17.16819190979004,204748173,0.037677081141492215,-0.021543219019074206,-0.007920707712054163,-0.09478437722614946,-0.3086352299402096,-0.050903037160996346,-0.3418131173808087,42.17368326673983,0.09721225454719806,0.054928524795420916,14.727335331176397,0.7726034342048304,-0.016428916808038093,-0.12817023276214393,-0.5345742666258779,0.19622339527229826,False,False,False,False,18.434349060058594,16.789417266845703,False,False
2022-10-04,17.440378189086914,174779832,0.015729739231065226,0.00763710104242289,0.04533348043810788,-0.0859140552432316,-0.3580667903812721,-0.09337185467141393,-0.39886957479170265,44.67529873901879,0.1326432853823205,0.051990570385176134,11.90344325780656,0.7746679709148041,0.003997441721625342,-0.1048116077606163,-0.5227758006413972,-0.14636682985200555,False,False,False,False,18.434349060058594,16.789417266845703,False,False
2022-10-05,17.373703002929688,176999979,-0.0038303620485729945,0.006711701099860541,0.044464292956614054,-0.11168195941704782,-0.42818510440754287,-0.15239866122807927,-0.34922788426039797,44.17119850598199,0.1511759574585414,0.05037755591777796,11.12559637652999,0.7694815108838817,0.0025033351847004183,-0.09918153488409033,-0.5198493552828245,0.01270253538177113,False,False,False,False,18.434349060058594,16.789417266845703,False,False
2022-10-06,17.037782669067383,189856862,-0.019524353471768053,-0.01808064480308763,-0.03761391392128857,-0.067078614909566,-0.49283356088620994,-0.15014283087998748,-0.36325008379593043,41.622965195430275,0.14061839543868493,0.050230103673343976,10.54888349955769,0.7405982420828688,-0.013981749074771526,-0.10879052706887102,-0.5246873979236651,0.07263776568018687,False,False,False,True,18.434349060058594,16.432865142822266,False,False
2022-10-07,16.90461540222168,158335012,-0.007846702512449344,-0.01710159899810804,-0.06054790107525875,-0.11857575366038751,-0.5027930762717895,-0.16406115885463515,-0.367433228170297,40.622476293346274,0.12499981240700797,0.04866946915857565,8.576273688582974,0.7219891623531935,-0.017199516065222506,-0.10890146376810494,-0.523782803910964,-0.16602955335899316,False,False,False,False,18.434349060058594,16.432865142822266,False,False
2022-10-08,16.785358428955078,92577197,-0.0070797010399564885,-0.010990968244074828,-0.04873160425764449,-0.13040871003678986,-0.49077383113373113,-0.13190297531419773,-0.2739872676920123,39.7021035319615,0.10763065396629645,0.046782865064704436,8.500738882213403,0.7213728398501686,-0.024282995164562147,-0.10983625215224394,-0.5226240810990395,-0.4153081126491467,False,True,False,False,18.434349060058594,16.432865142822266,False,False
2022-10-09,16.903053283691406,89206882,0.006987288957603279,0.02211299025741404,-0.025015812549913974,-0.18807894209964668,-0.5438385546461467,-0.02751407705130078,-0.15813550959370237,41.119933121527005,0.10495118882875532,0.044256043394040934,8.623953802274704,0.6787264717092847,-0.016293111411709263,-0.09843109515656347,-0.5144890746552975,-0.0364054552224129,False,False,True,False,17.62871551513672,16.432865142822266,False,False
2022-10-10,16.238502502441406,159927573,-0.04010915324354898,-0.05567324412762717,-0.07721646314670146,-0.23291787444508186,-0.564451952421156,-0.036693173299348465,-0.06836308048863918,35.97605374024927,0.06145910684811495,0.04691362479257886,9.55611732698268,0.6875437191953373,-0.053787073906356765,-0.12760533042265826,-0.5287504797689807,0.7927716944529011,False,False,False,False,17.62871551513672,16.432865142822266,False,True
2022-10-11,15.951668739318848,198036643,-0.017821673128068056,-0.08922465648676049,-0.08158755544433756,-0.25858061535189736,-0.6095187944987879,-0.16479880345714967,-0.004270475237851625,33.999116900181534,0.018631334051343318,0.0466492007969445,11.087540483055761,0.6860381351710834,-0.06869248926805704,-0.13686659398407813,-0.5324812392395124,0.23828955373442695,False,True,False,False,17.62871551513672,16.432865142822266,False,False
2022-10-12,15.961630821228027,116523361,0.0006243216696451958,-0.08476997276854231,-0.07805827166868184,-0.2907800978371654,-0.6008413945042413,-0.21194614784425847,-0.0356151945275759,34.13449294816273,-0.002636607117562084,0.044353204350580905,12.199889716654724,0.6705755146158064,-0.06338297593274013,-0.12920065094172264,-0.5273411652309683,-0.4116070680919389,False,True,False,False,17.62871551513672,16.432865142822266,False,False
2022-10-13,15.671713829040527,369779404,-0.018330348122421587,-0.08357596741919596,-0.10165661222228353,-0.19616836247852226,-0.5880188470881117,-0.21269568683792403,-0.1502230816867262,32.072741025884596,-0.028407935461490008,0.0482714452727941,13.131186452469148,0.5591784920178375,-0.0741799817329939,-0.13810286988124398,-0.5307745299349744,2.173435788554022,False,False,True,False,17.178991317749023,16.432865142822266,False,False
2022-10-14,15.68238353729248,207908886,0.000680594216389052,-0.0750486706903577,-0.09215026968846561,-0.198236639227297,-0.5771458254408862,-0.3020051209881235,-0.0031763812360035126,32.23496393431162,-0.03640343559676673,0.048454107946701803,14.113431027241525,0.5587925158093072,-0.06820681797042268,-0.13049806965916358,-0.5252007087057596,-0.4377488747318117,False,False,False,False,17.178991317749023,16.432865142822266,False,False
2022-10-15,15.440478324890137,114054506,-0.015545490968529582,-0.08351446061893082,-0.09450542886300563,-0.16366462313341512,-0.5648523494217577,-0.28854149656831524,-0.03618646789957852,30.458895833249713,-0.04887402423855969,0.047169439626773994,15.631616362050629,0.5375185974405979,-0.07739764423574938,-0.13898610925005722,-0.5269823404480111,-0.4514207247495905,False,False,False,False,17.178991317749023,16.432865142822266,False,False
2022-10-16,15.755318641662598,127163510,0.020185476092719493,-0.07031627348381461,-0.04820328322640045,-0.1363331950869024,-0.48098024668616407,-0.42460694669710086,0.059777851177716904,35.44426212390289,-0.027854189995783374,0.044837034626205516,15.854163159232376,0.5448410695141991,-0.053532916837720164,-0.11717371227599804,-0.5113474590307026,0.11493630948697464,False,False,False,True,17.178991317749023,14.593812942504883,False,False
2022-10-17,16.18509864807129,171491982,0.02691298258947431,-0.0032941376507911527,-0.05896738177841837,-0.13276524771970677,-0.4046430303533003,-0.42421750078656945,-0.00028656033416353825,41.59908671337874,0.02045356585492386,0.04302715353948027,15.643037876166838,0.5472764719762014,-0.02442529217967302,-0.09080387637079126,-0.4916529235423753,0.3485942783428988,False,False,True,False,16.366392135620117,14.593812942504883,False,False
2022-10-18,15.871760368347168,195129666,-0.019549529722136968,-0.005021994244860154,-0.09424665073162065,-0.0528073842121497,-0.348434991355489,-0.39660852947997693,-0.07674900549221554,38.70197098566308,0.03586179915302401,0.044018801434975746,15.68549872069128,0.4311865098902789,-0.039299923638970544,-0.10490877822276208,-0.495085819440869,0.13783550533575384,False,False,False,False,16.366392135620117,14.593812942504883,False,False
2022-10-19,15.107032775878906,204882796,-0.04938107052668482,-0.05502738644119003,-0.13979735920973238,-0.13581868973929426,-0.3895554060835699,-0.505470874321318,-0.10954612145883723,32.71383684758612,0.0009531763284731376,0.046712476623004075,16.762996950140632,0.44250315014485603,-0.07934220727103572,-0.1439432914834174,-0.5131512635025719,0.04998281501696411,False,False,False,False,16.366392135620117,14.593812942504883,False,False
2022-10-20,15.187332153320312,233552043,0.005301287264992343,-0.031395751053776254,-0.11497171847297209,-0.09299295355520536,-0.41404554571342433,-0.4456819665756502,-0.05686510859423038,33.87085833417724,-0.009737634821143759,0.045516855069989176,17.454169438501005,0.4272603449439565,-0.06874815356765315,-0.13553195158854472,-0.5039378818429846,0.1399299870936943,False,True,False,False,16.366392135620117,14.593812942504883,False,False
2022-10-21,15.690286636352539,240934067,0.03258016590025422,0.0005038206300891505,-0.07454485006026855,-0.05745161308787182,-0.3640858176658856,-0.4101523702502661,-0.15331538852426854,40.74391327870782,0.022306294675194294,0.04579502225937849,17.402744798744397,0.4450215362228791,-0.03411599940985962,-0.10321152847680745,-0.4807401481313759,0.031607619035043166,False,False,True,False,16.332380294799805,14.593812942504883,False,False
2022-10-22,15.683671951293945,131362692,-0.0004216672332325342,0.015627644365386197,-0.06788681625354458,-0.12042713372723901,-0.40541804251702496,-0.41983984599351365,-0.2701850451788115,40.684024424066365,0.046885381545899496,0.04402535337283116,17.61780682712607,0.37960121134193686,-0.031991494909889374,-0.10032230394051345,-0.47440689992495705,-0.45477742672230737,True,False,False,False,16.332380294799805,14.593812942504883,False,False
2022-10-23,16.30229377746582,191269979,0.03868565238265483,0.03412782065532142,-0.03618845282849312,-0.09682876598610499,-0.34523705304385643,-0.2520577312674805,-0.270511799316209,48.3329078093899,0.10529144553986869,0.04244071711824953,16.810996312581807,0.4027646034960962,0.008886269628311252,-0.06206719486151304,-0.44750501969558093,0.45604490961558564,False,False,False,False,16.332380294799805,14.593812942504883,False,False
2022-10-24,15.759552001953125,160269142,-0.03385916270245453,-0.026644324636607465,-0.029938462287398604,-0.11179193083098882,-0.3789305194519947,-0.27115375990479695,-0.22278776223779068,43.08371848099655,0.10748236866621241,0.044331784993218534,15.338620907213937,0.4133340423905866,-0.01960289275586884,-0.08989443537720995,-0.4592871699949296,-0.16207894810298484,False,False,False,True,16.332380294799805,14.651844024658203,False,False
2022-10-25,16.668628692626953,268037581,0.05608177363532558,0.04898697872085525,0.04396498447599495,-0.03898165444553597,-0.21166701315108674,-0.33998431373658483,-0.14748640177546546,52.407279160893474,0.16673056749409998,0.04462628529702686,13.929489900660824,0.45990676162054556,0.039229660291914416,-0.03431972369180575,-0.4214366619084835,0.672421638096746,False,False,False,False,16.332380294799805,14.651844024658203,True,False
2022-10-26,17.015155792236328,314000709,0.020576032692158783,0.11894408193969878,0.06391669549850879,-0.03049711910661552,-0.1655082104225258,-0.3537799204131281,-0.06296609134105162,55.406045542820635,0.2223546594902679,0.043103637660277284,13.880491369899062,0.4639504826218774,0.060909222858843544,-0.01286612099301454,-0.4023999603876802,0.171480162701513,True,False,False,False,16.332380294799805,14.651844024658203,False,False
2022-10-27,16.913970947265625,368498288,-0.005964500396401931,0.10767829427830478,0.07628254322452858,-0.02301103867258555,-0.08586052264417617,-0.3714455400749864,-0.03964624671962018,54.32957692547926,0.2437126031049786,0.042744974779867766,13.898327619701229,0.4621566711951736,0.05456950508453007,-0.016318028291248333,-0.3991050928814246,0.1735587769007234,False,False,False,False,16.332380294799805,14.651844024658203,False,False
2022-10-28,18.340309143066406,431888975,0.08096135922102486,0.15605948759907537,0.15656330822916437,0.06085528265445002,-0.05354015378543322,-0.27842737371341625,0.08005151284473722,64.73167192310464,0.3394010516324079,0.042600645264498284,18.263763376935284,0.5428170504832986,0.1379839357709427,0.06760739601492365,-0.34190548128661546,0.17202437314986918,False,False,False,False,16.332380294799805,14.651844024658203,False,False
2022-10-29,18.307973861694336,324609848,-0.0017646278140035529,0.15471652701830435,0.17034417138369057,0.05382266240926637,-0.05512348388290198,-0.26006825550344465,0.1293923191360237,64.3737130303696,0.3827995767920816,0.042172750220708696,21.340356843034066,0.5428430776368647,0.13104775550279565,0.06832809601472792,-0.3361516058235883,-0.24839515062870032,True,False,False,False,16.332380294799805,14.651844024658203,False,False
2022-10-30,18.265605926513672,282464477,-0.002316861208449101,0.1137140134272004,0.14784183408252186,0.060331549518246125,-0.04615115894721293,-0.2586914466504701,0.1116402556336081,63.87529403900362,0.3896360304116062,0.042512545926514225,23.954167750928825,0.5417139968490524,0.12140847661896054,0.06863934537719373,-0.3301908129430458,-0.12983392604897193,False,False,False,False,16.332380294799805,14.651844024658203,False,False
2022-10-31,19.311609268188477,520744778,0.05568659767541829,0.20325977380507326,0.17661544916846564,0.1292084789876542,0.0002515910529634,-0.16872847602247407,0.14767164757417983,70.04230680482577,0.44176696064595067,0.04279169482690782,28.498914392938207,0.5699271588306611,0.17352353151217398,0.13162026500828763,-0.28428691055875066,0.8435761676325764,False,False,False,False,16.332380294799805,14.651844024658203,False,False
2022-11-01,18.66878318786621,281528846,-0.03385365085506202,0.11332434931468552,0.16231132803554077,0.12147149767647762,-0.010224002978917342,-0.21176336476297614,0.03982180803345213,62.93201736207167,0.4107707772554996,0.0443501663089504,30.38950566390652,0.5757347757122879,0.1252051790756262,0.09739801278690333,-0.30049308216816195,-0.45937269485206433,False,False,False,False,16.332380294799805,14.651844024658203,False,False
2022-11-02,17.897476196289062,365548952,-0.042193072418389634,0.050555244204136936,0.16949932614383592,0.04160134411659571,-0.05318303310955376,-0.2670338858236138,-0.009301693044400719,55.63428676223645,0.32016141934372744,0.04779399786677777,30.47636474811623,0.584358326302686,0.07152960437871957,0.053508746495985825,-0.3217705168200324,0.2984422633551378,False,False,False,False,16.332380294799805,14.651844024658203,False,False
2022-11-03,18.04765510559082,244934828,0.008356057006808339,0.06487580160734718,0.1725540958856519,0.03422766189233861,-0.05168639335089296,-0.3238391284889334,-0.0591441927790752,56.68745141274406,0.2550149356060224,0.04788648713240292,30.48919428250894,0.5826438979298043,0.07292405086647512,0.06369260827319109,-0.30852473045394047,-0.32995341209458595,False,False,True,False,19.71123504638672,14.651844024658203,False,False
2022-11-04,19.39575958251953,365593899,0.07203869866482011,0.055953141051142186,0.21201262865021755,0.1100967226057318,-0.0015852368113160552,-0.3180883818018112,-0.0423019386223475,64.77170183075408,0.28511075496070526,0.04754556850503006,31.89003679742871,0.632465367855622,0.1396691256141504,0.14151948248996804,-0.24846605264559016,0.4926170442367632,False,False,False,False,19.71123504638672,14.651844024658203,False,False
2022-11-05,19.603248596191406,395714101,0.01064083324904003,0.06835860211418573,0.22307512913249009,0.14026190932653962,0.07318329441697367,-0.3525716515596703,-0.00988092155344776,65.82886414345217,0.29988369290022676,0.048216484419498176,33.341458273695416,0.6272728762837101,0.1389847246495788,0.15163446782422202,-0.23139027884289273,0.08238704771164684,True,False,False,True,19.71123504638672,17.510086059570312,False,False
2022-11-06,18.27923011779785,236417682,-0.06992984816109193,0.000745615161542756,0.11445962858874335,0.07817876367789707,-0.040396989982490444,-0.4246143125938924,-0.08588239517673817,54.57444769129578,0.20585739794513486,0.053595268765430845,33.08695069929349,0.6781849089771073,0.05563471494511309,0.07410946455780239,-0.27477299513926295,-0.4025543153439457,False,False,False,False,19.71123504638672,17.510086059570312,False,False
2022-11-07,18.06842041015625,310371680,-0.011599763305593805,-0.06654074581946925,0.136719027985604,0.0736587014122598,-0.0567500086245302,-0.4171151297214713,-0.05824427390193796,53.02016872980216,0.11914005779586906,0.054449375701490284,32.16537514324957,0.6791799396007429,0.0368834888176886,0.060057651554238936,-0.27493653319260425,0.31281077360364273,False,True,False,False,19.71123504638672,17.510086059570312,False,False
2022-11-08,15.991604804992676,878228418,-0.12210180089052156,-0.1547888958549287,-0.04146454654024317,-0.055430388435865174,-0.24350933053551185,-0.599268943082012,-0.08294446548716598,40.71720826367174,-0.07780598615595846,0.0699425700606452,30.68125246585503,0.8057940072205857,-0.08462104527156653,-0.06033940404131157,-0.35070338625286174,1.8296022949001016,False,True,True,False,20.49410629272461,17.510086059570312,False,True
2022-11-09,12.917875289916992,752204886,-0.21345185126271926,-0.3260476746992582,-0.27549243049512134,-0.22877308645503538,-0.46169096090011724,-0.7932250388761912,-0.2654662597543838,29.723931401514363,-0.3969603902814499,0.10157611064305762,36.861399354807475,1.0871229952887564,-0.25573080045563185,-0.237591090405311,-0.46903626254113995,-0.14349744259812824,False,True,False,False,20.49410629272461,17.510086059570312,False,False
2022-11-10,15.386506080627441,507516498,0.17487886319022994,-0.1595248685158367,-0.09464906690848951,-0.036072550136737526,-0.29465316548863485,-0.6455913446355255,-0.20087135359388725,43.02803327641546,-0.42137678597521255,0.09362604639731563,37.28815296116244,1.2586380059888844,-0.11272305006943076,-0.0905711687568607,-0.36017596311565064,-0.3252948665372003,False,False,False,False,20.49410629272461,17.510086059570312,False,False
2022-11-11,14.095545768737793,300019683,-0.08763205222639771,-0.3191956194070544,-0.2632424783559122,-0.12432892403278029,-0.41510902186994564,-0.7251703185370217,-0.3362750718770387,38.88255769316261,-0.4987450783462323,0.10379873536033281,40.111233308558575,1.2941714513200153,-0.18342834532903968,-0.16331822835528045,-0.40660747785041795,-0.4088474282465592,False,False,False,False,20.49410629272461,17.510086059570312,False,False
2022-11-12,13.064070701599121,151599250,-0.07599307695521977,-0.4058295296113142,-0.33747092749712837,-0.18199165286557853,-0.3781600153441008,-0.7700104999536902,-0.3946873397035025,35.90596129951305,-0.5875503369402424,0.11025471901308544,45.62995267304872,1.3175450616225803,-0.23601698196739265,-0.22001113073524475,-0.4435168113926361,-0.49470231924750085,False,False,False,True,20.49410629272461,12.279339790344238,False,False
2022-11-13,13.052020072937012,161491789,-0.0009228509443768561,-0.33682253239459903,-0.3360769172330563,-0.18359509802634436,-0.3818317372536414,-0.7607409234672307,-0.4856002190144679,35.87141120487665,-0.6124723138234296,0.10576823948880387,50.10792833039128,1.3174535835040473,-0.23063076948326397,-0.21645330403861676,-0.4372212849885026,0.0652545378687559,False,True,False,False,20.49410629272461,12.279339790344238,False,False
2022-11-14,13.10676383972168,233088832,0.004185503950506661,-0.3210372651384985,-0.38757801095796773,-0.16386410310730803,-0.3275287262407232,-0.7287164525290657,-0.4524055996756233,36.171883454438905,-0.590388425578132,0.10572323813173329,54.46459345079607,1.3174745054155417,-0.21920709777951944,-0.20915564072492504,-0.4281775186151572,0.4433478843930574,False,False,False,False,20.49410629272461,12.279339790344238,False,False
2022-11-15,13.49658203125,164929945,0.029308049917025108,-0.16962741433095202,-0.32441631018588074,-0.15474152928300258,-0.29107472436990506,-0.6357217759691667,-0.5793484759801034,38.385723049739944,-0.5172705640015722,0.10026301422571782,57.65345425071607,1.320091377507363,-0.18746931395509145,-0.1816393220329512,-0.4046877580278196,-0.2924159275035537,False,False,False,False,20.49410629272461,12.279339790344238,False,False
2022-11-16,13.078482627868652,147528057,-0.03146813826178556,0.01235629866998168,-0.31369137602927655,-0.21312265013426243,-0.3458878978539693,-0.6177656804875629,-0.6373401509208317,36.90713699098777,-0.46637900497460105,0.10042299655585381,61.21835972751343,1.3179446792426466,-0.20344351346424233,-0.20290253759754154,-0.41748068187195136,-0.10551078520034674,False,False,False,False,20.49410629272461,12.279339790344238,False,False
2022-11-17,12.889345169067383,152325455,-0.014567318064159713,-0.17708988258440778,-0.3366147511002445,-0.20814043847628522,-0.26094782268843497,-0.5565754298317742,-0.6047489679562621,36.22731422419411,-0.4164114929118248,0.09788733008370036,64.02064372643136,1.3174670195394733,-0.20171168006732643,-0.21022476772019125,-0.4199671962588262,0.03251854662466003,False,False,False,True,20.49410629272461,12.106572151184082,False,False
2022-11-18,12.989431381225586,132691557,0.007735041954835696,-0.08172278840317436,-0.40091840781022875,-0.15102432599476467,-0.2868430157340589,-0.5405797320783345,-0.6564952003160825,36.88978450188184,-0.35023587010903967,0.09233285850771603,66.03089398104689,1.3093462255098154,-0.18204122589916832,-0.19981749896934933,-0.40914464210049767,-0.12889439916657397,False,False,False,False,20.49410629272461,12.106572151184082,False,False
2022-11-19,12.882172584533691,101179072,-0.008291670771769361,-0.014021382219723932,-0.419850911831038,-0.16461728403152617,-0.2576102375867316,-0.5786628297449508,-0.6102992506071764,36.45276032748223,-0.28980436867071047,0.08885321729314406,67.61996819675306,1.3088541193331547,-0.1748084031396927,-0.20218444712680045,-0.4077223041911712,-0.23748673775830365,False,False,False,False,20.49410629272461,12.106572151184082,False,False
2022-11-20,12.196779251098633,131091600,-0.05467246430034587,-0.06777099557569284,-0.40459352797029197,-0.25186991423212635,-0.3093215273199982,-0.615955731898012,-0.6620222844823926,33.70496218343352,-0.2723757631148773,0.09292046388713908,68.0530179448069,1.3122936000562104,-0.2004936525428651,-0.2401387347767395,-0.4320680917854264,0.2956394776975222,False,False,False,False,20.49410629272461,12.106572151184082,False,False
2022-11-21,11.834380149841309,184823170,-0.03016305380711627,-0.10211955333331584,-0.42315681847181436,-0.28161130080601005,-0.402038434533249,-0.687029343323035,-0.7014511467995237,32.3177973248805,-0.2615806391120423,0.09224164249675905,69.01989141422547,1.3141182163479106,-0.20647418488539204,-0.258374060480864,-0.4428077479193922,0.4098780547342469,False,True,False,False,20.49410629272461,12.106572151184082,False,True
2022-11-22,12.322193145751953,191009083,0.04039309007236028,-0.09103451317798074,-0.26066192750893263,-0.27990386311630466,-0.37673262910240973,-0.6251409161601612,-0.5319615943837852,36.12839419632447,-0.20065440609342478,0.08723813523960836,69.3339652100783,1.3149176159679723,-0.15802702189348333,-0.22308551038442817,-0.4136686869923012,0.033469358847161956,False,False,False,False,20.49410629272461,12.106572151184082,False,False
2022-11-23,13.031652450561523,197226438,0.055979244678678604,-0.003587130237516613,0.008769168432465122,-0.19006545573517156,-0.30185738656616046,-0.5689959751871662,-0.46121921563996854,41.30426989175793,-0.0968985373479121,0.0804853870647778,67.65136886327616,1.331064834456902,-0.09402398837024264,-0.17376069034499678,-0.37363261872958775,0.03255004894191349,True,False,False,False,20.49410629272461,12.106572151184082,False,False
2022-11-24,12.94083309173584,157045574,-0.00699353389481249,0.003986653931830608,-0.17310322865257716,-0.25314076326530965,-0.2921224177108456,-0.4648077764163964,-0.5931250770018945,40.84793701754522,-0.022588000113943574,0.07835080148014137,61.42441865341745,1.3118822643239176,-0.07968816923177417,-0.17488078651472064,-0.37217677699681123,-0.20372960343176705,True,False,False,False,20.49410629272461,12.106572151184082,False,False
2022-11-25,12.828289031982422,127884745,-0.008734855210294845,-0.012483243233299891,-0.09420603163647426,-0.28245165116776344,-0.31294877027437895,-0.4479598615902891,-0.6362315715808915,40.25442534185958,0.028036355586308792,0.07596476595616099,51.22363617675016,1.3077004552439224,-0.06517127133771143,-0.1776422627453535,-0.3732056988546928,-0.18568386397186842,False,False,False,True,20.49410629272461,11.492087364196777,False,False
2022-11-26,12.75235652923584,147386106,-0.005936732564744274,-0.010128305026274865,-0.02414968724599871,-0.2824238833361058,-0.3054349220086913,-0.368284405980282,-0.6538694234110923,39.83389078606465,0.06343342271158003,0.0740656663591379,42.28706286434894,1.3077013810142355,-0.05160605417339182,-0.17813462435755154,-0.37203604850731914,0.1524916908580456,False,False,False,False,20.49410629272461,11.492087364196777,False,False
2022-11-27,12.876786231994629,122601927,0.009710093043722818,0.05425425231779373,-0.013516743257899167,-0.353675149513408,-0.292819866858958,-0.4072153032988412,-0.6321025232268241,40.92303962122724,0.10007281788115474,0.0710846194262718,28.797797418916943,1.2687614058910899,-0.02350077481298624,-0.16591323306237815,-0.3630724824678586,-0.16815817767788777,False,False,True,False,13.36559772491455,11.492087364196777,False,False
2022-11-28,12.457791328430176,175938137,-0.03307993670632263,0.05133736941858736,-0.05078218391472842,-0.38499045840572704,-0.3311677959964608,-0.44011394228862893,-0.6450587139091718,38.40211528482545,0.10066200753130028,0.07373781936860799,21.811312500175845,1.270348205320957,-0.04244441302587155,-0.1883794473883504,-0.38105733113255413,0.4350356581263197,False,False,False,False,13.36559772491455,11.492087364196777,False,False
2022-11-29,12.47298812866211,162217202,0.001219119694214011,0.012163399040441294,-0.07887111413753949,-0.38145447750306394,-0.3211229279848177,-0.4276056364502769,-0.6401459241535339,38.54997235855949,0.10610441158366268,0.07062374686397355,22.1397642752867,1.2707764235875394,-0.03963430243355367,-0.18338269948996255,-0.37726040273457717,-0.0779872700368539,False,True,False,False,13.36559772491455,11.492087364196777,False,False
2022-11-30,13.157401084899902,195360075,0.053419064064117616,0.009603218425880362,0.006016088188363746,-0.3837220111143645,-0.2545135321267105,-0.3834704200614012,-0.5524504871368386,44.95795888160187,0.15676939483598828,0.0659758356643321,14.507004603988992,1.2692639413276003,0.021831426934807364,-0.13541017728523974,-0.3396401891719357,0.20431170425439826,False,False,False,False,13.36559772491455,11.492087364196777,False,False
2022-12-01,12.887733459472656,152241995,-0.02070845607838247,-0.0041117037576896935,-0.00012504982585901842,-0.370576816337685,-0.24910531866120728,-0.3808008193166022,-0.582340181100661,43.05294710537677,0.17187856950422276,0.06496217168331946,11.682814931852253,1.2673451246131628,0.005604821372265738,-0.14969532847907618,-0.3493120956017828,-0.22071080797854936,True,False,False,True,13.36559772491455,12.016761779785156,False,False
2022-12-02,13.58639907836914,185188563,0.052793260207595484,0.05741641166020055,0.04493316842690051,-0.2755904837116999,-0.2339891395951041,-0.32877351682125355,-0.5426243695353138,49.07379477495024,0.22531502370195255,0.0612746445188147,12.691826536899123,1.2824143336127705,0.057964409101035286,-0.10112546311698536,-0.3107336896341184,0.21640919773811418,False,False,False,False,13.36559772491455,12.016761779785156,True,False
2022-12-03,13.431282043457031,179887086,-0.01148275742876659,0.051870386796178274,0.04174208176990348,-0.29542929814727464,-0.261201636254936,-0.34711569149816773,-0.619268426636208,47.8638411090835,0.24497309406770718,0.060387636727148884,13.225777885143259,1.2808647645138407,0.04434341838341388,-0.10873321388973418,-0.31496003254055127,-0.02862745362952035,True,False,False,False,13.36559772491455,12.016761779785156,False,False
2022-12-04,13.925615310668945,150926134,0.036143505172979845,0.07830379892543524,0.13255805124322909,-0.331324491639115,-0.2212277690333832,-0.3329097284504311,-0.649412873440926,51.931328746358254,0.28331707712451437,0.05666523672868061,14.95898653323549,1.2578954390377048,0.07934402258034852,-0.07406893661181314,-0.2868959584917112,-0.16099517004794883,False,False,False,False,13.36559772491455,12.016761779785156,False,False
2022-12-05,13.60273265838623,183876782,-0.023459268996006477,0.0879244666357515,0.1392618360543389,-0.3654245938841613,-0.22516268455762167,-0.2922412994671876,-0.7179962454438317,49.229710097115664,0.2785644255528519,0.05818897215508741,15.171146869385744,1.2561188421162375,0.05388455160338298,-0.09294128505601253,-0.30042520172462783,0.21832301091075457,False,False,False,False,13.36559772491455,12.016761779785156,False,False
2022-12-06,13.666421890258789,125511203,0.004671164085117219,0.09137651102665456,0.1035399100670957,-0.29082358163795224,-0.21264481796005522,-0.3312205716204427,-0.7154378942318447,49.78463879420002,0.27108399003614847,0.054696857525137144,15.95125273157334,1.2397982288762457,0.05641289388414504,-0.08562294934802407,-0.2943758952432731,-0.3174167959933082,False,False,False,False,13.36559772491455,12.016761779785156,False,False
2022-12-07,13.264047622680664,140058713,-0.029884678649462006,0.008072768313075006,0.01767598673895512,-0.30910849698182047,-0.2354497955695607,-0.3658585056063505,-0.7262236267032918,46.33860621414473,0.23192503020569744,0.05582791595361062,16.074066961008285,1.2417908640417084,0.02382667845769048,-0.10943693996051579,-0.3122032835936372,0.11590606776352863,False,False,False,False,13.36559772491455,12.016761779785156,False,False
2022-12-08,13.40671443939209,119634853,0.010698470268523927,0.039479694659981183,0.03536799090229146,-0.17630822582277506,-0.2317386142586402,-0.4198175563582868,-0.7755771689047869,47.720370535921916,0.20921800705837196,0.053354479745749576,16.332648688437665,1.175961004861644,0.03317496795250277,-0.09779819928441107,-0.301472906733393,-0.1458235590098561,False,False,True,False,14.305390357971191,12.016761779785156,False,False
2022-12-09,13.451823234558105,116383354,0.0033589943076247283,-0.009954571239989425,0.04746184042021112,0.04050261974756893,-0.18827046670746647,-0.4211883411525483,-0.7527224191286224,48.174768333642454,0.1913103035917718,0.050564044200601316,16.58619100327889,0.906603770820788,0.03438078910086415,-0.09264319683939072,-0.2962673233907473,-0.02717852631122475,False,False,False,False,14.305390357971191,12.016761779785156,False,False
2022-12-10,13.480047225952148,90549473,0.0020959555533159014,0.0036241417420930515,0.05549452853827112,-0.1322802878893451,-0.16835283802608253,-0.42693345337798,-0.7778716325248705,48.47652077046213,0.17583588851884574,0.04794454097034628,15.765746113866596,0.6560591742725521,0.031461991778203365,-0.08802015809190297,-0.2919114527383005,-0.22197230198401052,False,False,False,True,14.305390357971191,13.02914047241211,False,False
2022-12-11,12.995100021362305,99881447,-0.03663824391180765,-0.06915760734269441,0.009146191582740795,-0.08128647957475502,-0.20561540360753536,-0.4963955014447006,-0.8064567981117766,43.76170741976619,0.1295476534547365,0.04906743251791681,13.142994511811468,0.5960064492523097,-0.01004123400007341,-0.11761882694708849,-0.3148242355300755,0.10305939604971526,False,False,False,False,14.305390357971191,13.02914047241211,False,True
2022-12-12,12.991484642028809,130384940,-0.0002782496741032491,-0.045976588020791166,0.04194787861496025,-0.005571652293638393,-0.18756330515921688,-0.38373166763773925,-0.7755821522473285,43.72756200277183,0.09679462605472822,0.04772242717904651,11.906380176758026,0.5341339341114771,-0.012833246278610298,-0.11388018788086242,-0.31310285774292135,0.30539698729034237,False,True,False,False,14.305390357971191,13.02914047241211,False,False
2022-12-13,13.728175163269043,289072313,0.05515618692531657,0.0045084348194081355,0.09588494584606279,0.05050738557605512,-0.13308771245028939,-0.33132435167758634,-0.7102335378911757,51.95399134709981,0.121266150968878,0.04965184939661954,12.407735846929898,0.5679092708761992,0.04039150657517166,-0.0610302011090345,-0.2724804760262436,1.2170682672400663,False,False,False,False,14.305390357971191,13.02914047241211,False,False
2022-12-14,13.727560043334961,213998532,-4.480811965560429e-05,0.03434830534921457,0.042421073662289414,0.04627707350589258,-0.1175870296014153,-0.2812516527348305,-0.682439379023173,51.94716266531836,0.13299256524944902,0.04889272551135682,12.7127391122928,0.567866398176285,0.037252725035849366,-0.0572795000276023,-0.27036470970827686,-0.2597058854266683,True,False,False,False,14.305390357971191,13.02914047241211,False,False
2022-12-15,13.170801162719727,152280792,-0.0414031478008227,-0.01775331272013197,0.021726381939849198,-0.024434124211955056,-0.17917565349495757,-0.31550884858186,-0.6601559001811217,46.04763403657785,0.10032096057387765,0.051386355102912944,12.393369432894957,0.5778275765692188,-0.006102019183597659,-0.09071298150571036,-0.2975396662239144,-0.2884026325937601,False,False,False,False,14.305390357971191,13.02914047241211,False,False
2022-12-16,11.846814155578613,194845681,-0.10594336250122409,-0.12705566952898079,-0.1370102407689702,-0.09890934845139351,-0.31203199858565606,-0.4447972463053627,-0.7166750289389563,35.67256356090509,-0.0076571211585591825,0.0626236166516129,15.227017189406352,0.6773735469599965,-0.10294805832770583,-0.17635586526705258,-0.3654830591596239,0.2795158105035336,False,True,False,False,14.305390357971191,13.02914047241211,False,True
2022-12-17,11.963336944580078,128236702,0.009787734546297479,-0.1193638905359991,-0.11573974879390606,-0.07455429584093622,-0.2826947343172214,-0.33550211852937123,-0.6311297256727104,37.01754154307206,-0.0652280322873327,0.0599195903900887,17.259726517492304,0.6776003525916686,-0.09098112643888777,-0.1608135068459898,-0.35675694447919004,-0.3418550447623214,False,True,True,False,14.155461311340332,13.02914047241211,False,False
2022-12-18,11.92267894744873,82546491,-0.003404338051380371,-0.08612998467557181,-0.1552875920182662,-0.08569367584715237,-0.23671800184191705,-0.3725366915812113,-0.6262734079254869,36.72897397448966,-0.09806898582627321,0.056893836526972004,18.617659222539018,0.6765989627361637,-0.09222497346600006,-0.15610581458705858,-0.3568894390704392,-0.35629589881374213,False,False,False,False,14.155461311340332,13.02914047241211,False,False
2022-12-19,11.382280349731445,145700236,-0.04638458944924777,-0.13223632445071626,-0.1782129124715075,-0.12378659452463081,-0.288403878556157,-0.38139683211136227,-0.7024494242695815,33.042083105461714,-0.14535686258340352,0.0603662783189572,21.674676310666484,0.6932911538338242,-0.12975665611854842,-0.18642800318643135,-0.38382921162990413,0.765068802258354,False,False,False,False,14.155461311340332,13.02914047241211,False,False
2022-12-20,11.967804908752441,133088275,0.050162329175454885,-0.1372301822005779,-0.13272174738116968,-0.018951801048830038,-0.27082171528095644,-0.3282733283688282,-0.634907532946842,40.062540427094426,-0.12703579909741486,0.057186624913130334,22.995280416987413,0.6935269311854294,-0.08080970733979555,-0.13550067723110215,-0.3501909511601621,-0.08656101970898655,False,False,False,False,14.155461311340332,13.02914047241211,False,False
2022-12-21,11.696436882019043,99510761,-0.022935864602149206,-0.16012123868307143,-0.12577293333385686,-0.011724611843862871,-0.29333591264987297,-0.413763046377112,-0.698753955166898,38.070272692268105,-0.12294808602817231,0.05631707636690201,24.756200052659576,0.6901033158850578,-0.0975234649930769,-0.1465058062309362,-0.3627044718405613,-0.25229505754733095,False,False,False,False,14.155461311340332,13.02914047241211,False,False
2022-12-22,11.84343147277832,100223574,0.012489152378449808,-0.10622893850379901,-0.12398225122393089,-0.03962854953777329,-0.319532412654078,-0.416361178640183,-0.6647694656979345,39.816161027813195,-0.1010166974931167,0.053768763373595846,25.596276532602673,0.6760687171496531,-0.07999531016622662,-0.1280758106411381,-0.3525219818328308,0.007163175045963088,False,False,False,True,14.155461311340332,11.277970314025879,False,False
2022-12-23,11.781726837158203,97273971,-0.005223649731296331,-0.005509225733871243,-0.13256489526285203,-0.10083144394774825,-0.2908968996829198,-0.4026888305139086,-0.6698274191349144,39.31511460752501,-0.0821393780733598,0.050970678754982686,26.457927956685616,0.6437116199547313,-0.07888706484852148,-0.12454152371781452,-0.3533842734259757,-0.029430231653882144,False,False,False,False,14.155461311340332,11.277970314025879,False,False
2022-12-24,11.680429458618164,49904792,-0.00863501262933248,-0.023931972909501255,-0.14329586344550027,-0.1024729226822682,-0.3556136859475779,-0.39459534039311395,-0.5672806990986647,38.4594824220683,-0.0685053743847624,0.04870350786264475,26.404302758317577,0.6438536529487947,-0.07872094825514708,-0.12200146176025414,-0.35665665809749986,-0.48696664187791816,False,False,False,False,14.155461311340332,11.277970314025879,False,False
2022-12-25,11.684593200683594,96667768,0.000356408137943575,-0.02017122672017732,-0.10630121139574913,-0.09338165933402987,-0.3758333105017933,-0.4063304296084087,-0.541341520924319,38.5187122971467,-0.05198607647295794,0.04628901323937806,26.55770793282622,0.6436892460751453,-0.07136786270572552,-0.11110651951497447,-0.35414788485723214,0.9370438013247304,False,True,False,False,14.155461311340332,11.277970314025879,False,False
2022-12-26,11.723855972290039,100546246,0.003354584332840475,0.02956794706191078,-0.10266837738880548,-0.08409034243644505,-0.36651422577255083,-0.3895252644451364,-0.45237474841672703,39.11379916570553,-0.032165876081311384,0.04395698914130378,26.157297142231208,0.6439919899228405,-0.060999061049015355,-0.09913453130319679,-0.34969756462106816,0.040121729095886405,False,False,False,False,14.155461311340332,11.277970314025879,False,False
2022-12-27,11.646395683288574,130725347,-0.006628989178137663,-0.027223371291681776,-0.16445355349225965,-0.10042942465830551,-0.45410457417171346,-0.39324929151726357,-0.5076447279571467,38.32564757514617,-0.018691422123832402,0.042308473948372935,26.29523061253668,0.6425163018371656,-0.06112090759019829,-0.09616629844226345,-0.3521201099113685,0.30015144473917,False,False,False,False,14.155461311340332,11.277970314025879,False,False
2022-12-28,11.202914237976074,139487054,-0.03882280445984392,-0.043110311149376496,-0.20323154983244804,-0.1061722924118269,-0.4911627508175539,-0.4373400884082876,-0.5462862347004558,34.09027791531554,-0.033216725807384495,0.04417342403342997,26.726549419848645,0.6461629947476477,-0.0887779527974757,-0.12407279192278843,-0.375296997120062,0.06702378078216165,False,False,False,False,14.155461311340332,11.277970314025879,False,True
2022-12-29,10.992694854736328,118611566,-0.018942996205565193,-0.0745424597333916,-0.18077139823719052,-0.12633440831160614,-0.50778888581467,-0.44745733629642376,-0.5539400447618829,32.26982116803934,-0.0495683472179303,0.04509111363440742,27.04886606388346,0.6481184887867748,-0.09684428507476425,-0.13791399900938767,-0.3859245070488422,-0.14965896404981072,False,True,False,False,14.155461311340332,11.277970314025879,False,False
2022-12-30,10.870248794555664,158598467,-0.011201359013892739,-0.08052016901598796,-0.08602939474985916,-0.1909548313896164,-0.5746768425039809,-0.4454683635163269,-0.5744252514510176,31.223912211687264,-0.06049302547088797,0.0445868480471691,26.976331061758902,0.6141000173313291,-0.09722576214104688,-0.1414349054475968,-0.39188992352729624,0.3371248045068387,False,True,False,False,14.155461311340332,11.277970314025879,False,False
2022-12-31,10.902632713317871,84881315,0.002974704347752267,-0.06891045203890324,-0.0928424249484045,-0.16727167096348175,-0.5378484873011667,-0.416376989624689,-0.5480724902800841,31.853002984276642,-0.05742474781723328,0.042554931577558706,27.383909591041046,0.6126924892594955,-0.08659976914195924,-0.13451184716314768,-0.3891149513666783,-0.4648036856497484,False,False,False,False,14.155461311340332,11.277970314025879,False,False
2023-01-01,10.865915298461914,95741904,-0.0033734404018803637,-0.07264030057872711,-0.09281152729890457,-0.2234383715729575,-0.49902885528465746,-0.45742751116806174,-0.5522118883942111,31.501175321519,-0.05002580373669907,0.0413528022993412,27.42899309611433,0.5755425085066117,-0.08149772551389863,-0.1344057274467398,-0.389916687730281,0.1279502915335371,False,False,False,False,14.155461311340332,11.277970314025879,False,False
2023-01-02,11.15361499786377,128530323,0.02613280741417729,-0.04986207749739018,-0.020294130435479313,-0.18582280673001356,-0.48125210487728826,-0.44702444298494964,-0.5329384982281811,37.341187538942435,-0.019482785453327822,0.040529112534109284,23.787632350174544,0.5870636327779094,-0.04680616318667843,-0.10879161743406368,-0.37295736362805626,0.3424667531157517,False,False,False,True,14.155461311340332,10.651060104370117,False,False
2023-01-03,11.38444995880127,165410541,0.020484725136342415,-0.022748363182910143,-0.04997173447459188,-0.20148158676665087,-0.5328060784057659,-0.4227093558000341,-0.5343913152170819,41.64040825191287,0.020380805123408674,0.039637486115158826,17.95022837728589,0.5752727723548665,-0.01723931697880575,-0.08783658313469483,-0.35914695711840217,0.2869378769086264,True,False,False,False,14.155461311340332,10.651060104370117,False,False
2023-01-04,12.07761287689209,203700017,0.059105177899359734,0.07517961917629358,0.03206930802691716,-0.1189171398712846,-0.48434173375544604,-0.34407982442890633,-0.41115843933847224,52.238026370022105,0.09345487272027064,0.04005797559364875,13.595042130102392,0.6156942114465749,0.04754063594144834,-0.03009242319218198,-0.31959823225476697,0.23148147493212057,True,False,False,False,14.155461311340332,10.651060104370117,False,False
2023-01-05,11.740196228027344,148011463,-0.02833503470752995,0.06578758067432895,-0.008754879059062632,-0.1519233386639317,-0.442746920301884,-0.3645681566239869,-0.4831439102843744,47.69748754333615,0.1175317776466614,0.04088497698797262,13.474819350236189,0.6206121416978279,0.018746151535875832,-0.05515818801794597,-0.33777687108746063,-0.27338512200516896,True,False,False,False,14.155461311340332,10.651060104370117,False,False
2023-01-06,11.781206130981445,135298028,0.0034870322681264036,0.08047597195634791,-4.4197059640005585e-05,-0.11855162774634337,-0.4276601247281637,-0.35400142331590395,-0.484410133352694,48.285839268860016,0.13351847887070117,0.04034694557500564,13.194981832984162,0.6147020938669104,0.023113230277681435,-0.05016357375194761,-0.3344581783103092,-0.0858949350429703,False,False,False,False,14.155461311340332,10.651060104370117,False,False
2023-01-07,11.743424415588379,99819319,-0.0032121012742766814,0.07428916633431898,0.0053787142954157905,-0.13246219928914393,-0.30877042511191893,-0.36420081354778405,-0.5522797556474308,47.752882859850374,0.13826373521977853,0.03872989811101612,12.938037768251673,0.6124402117084963,0.020626562511234705,-0.05130358880083599,-0.3356331289239438,-0.2622263570611687,False,False,True,False,12.270716667175293,10.651060104370117,False,False
2023-01-08,12.072585105895996,133385894,0.027643728570725754,0.10530633530692501,0.03266603472819797,-0.1081774650260429,-0.06767484527847399,-0.2964479317335093,-0.5293658061785912,52.65574996678875,0.15881659359223044,0.03805019215117437,13.53946971754503,0.6221019347726879,0.046096061953366976,-0.02343483221061771,-0.31623703371425516,0.3362733320190252,False,False,False,False,12.270716667175293,10.651060104370117,False,False
2023-01-09,12.209636688232422,331158364,0.011288344108818378,0.09046187200156612,0.040599794504175904,-0.09898507647054033,-0.23126536435988534,-0.26733791449662303,-0.5259185298485202,54.5674327998752,0.17557800626001036,0.03822451081283591,14.09428496972644,0.6239858034369467,0.05686433411090799,-0.012369117288168311,-0.3072819602327635,1.482709033685376,True,False,False,False,12.270716667175293,10.651060104370117,False,False
2023-01-10,12.731241226196289,230945289,0.04183337942141394,0.11181052628663771,0.08906216310372765,-0.02051345313731877,-0.1017999327120737,-0.226128856744854,-0.5169089545820196,61.0187239315305,0.2132254467139229,0.03841546018802688,16.58276039258815,0.6312079228087404,0.09710084146319979,0.0283311519034013,-0.2760831304062325,-0.3026137518906211,False,False,False,False,12.270716667175293,10.651060104370117,True,False
2023-01-11,15.913924217224121,815639199,0.22313555108684743,0.27584089947412543,0.351020518650419,0.20290034762363182,0.19732869532999353,0.015337042464415073,-0.18083132001410726,79.83456561916316,0.43132812990247565,0.04468611562782901,35.782253169319226,1.0039859412753136,0.3477279354711415,0.27798845437258063,-0.09370624616436248,2.5317420958519747,False,False,False,False,12.270716667175293,10.651060104370117,False,False
2023-01-12,15.45734977722168,821227059,-0.029109858960779576,0.2750660752208757,0.3408536558952046,0.11863430173753578,0.1691416873135909,-0.014453410712753622,-0.21269004994005053,74.29435458314745,0.5178713688515718,0.0483541261734111,44.09892732988021,0.995856672157252,0.2889990881091532,0.23650525353111032,-0.1186451832823759,0.006850896826502417,True,False,False,False,12.270716667175293,10.651060104370117,False,False
2023-01-13,15.962223052978516,594284894,0.032140267391708895,0.30371931034445815,0.3841952823008062,0.15081937724890027,0.197096450754793,0.03323234764748485,-0.1304322754859302,76.25651819709208,0.577595970788085,0.04968089174528507,51.6642146547786,1.0005466417262043,0.30775338548877973,0.2707497356659576,-0.08898660915248305,-0.27634521112388233,False,False,False,False,12.270716667175293,10.651060104370117,False,False
2023-01-14,16.958057403564453,1069929455,0.060518212563804595,0.3674496241825395,0.44173879051685844,0.25274073761352744,0.2283066134015725,0.07356508411856992,-0.06276811096833247,79.56921154532144,0.6473958390526376,0.053504037083320445,60.282046461067274,1.0041703917596885,0.35996192219319534,0.3412089424086847,-0.03182997000020877,0.8003645487243363,False,False,False,False,12.270716667175293,10.651060104370117,False,False
2023-01-15,16.797117233276367,514796096,-0.009535805491345386,0.33027009012046843,0.4355764254273935,0.34914829462340624,0.25023894617201276,0.0371162960377502,-0.09564895168195651,77.68285388720385,0.6445534710701246,0.05437757161143995,65.76423229567796,0.918635187805303,0.32019886033075323,0.32003465958354604,-0.04079907482187572,-0.5188504311249194,False,False,False,False,12.270716667175293,10.651060104370117,False,False
2023-01-16,16.740787506103516,455814602,-0.0033591710978630976,0.3156225749137869,0.4060844469153531,0.3360013889792457,0.2614470931383093,0.05330665466202426,0.00049927044987438,76.99483799641584,0.6015362846985761,0.055164022993989675,69.33113847059751,0.920111909394832,0.28994662428843004,0.30766615389292695,-0.04396431203586192,-0.11457253553065017,False,False,False,False,12.270716667175293,10.651060104370117,False,False
2023-01-17,17.1265926361084,549733348,0.022784273142478675,0.2965734686348516,0.4083839949214894,0.3621900001731046,0.2764963243259523,0.12547199833118755,-0.010346691408106687,78.40552596151963,0.5624383232748122,0.056188788531588714,71.78751815785633,0.9194143227467871,0.2902286538984838,0.3281153250113725,-0.022222239257899935,0.20604593531648208,False,False,True,False,18.337526321411133,10.651060104370117,False,False
2023-01-18,15.804330825805664,466860281,-0.08034837509998499,-0.006910457551980817,0.26893044192214455,0.32822621452236733,0.20443961999773658,0.03982233596621028,-0.05317061758899497,63.93515872275659,0.4175596833815267,0.0638107047159112,70.52198174552554,0.953590982300427,0.1694214963365682,0.21927827334895025,-0.0975747610244265,-0.15075139119993863,False,False,False,False,18.337526321411133,10.651060104370117,False,False
2023-01-19,16.196353912353516,275014984,0.02450214439557972,0.04670154580437856,0.32176762102525414,0.30256602974249214,0.2836142286936622,0.031744314461535715,-0.025707298626335997,65.94207797752671,0.3224244954924874,0.06005097124331601,68.78672767593933,0.9444641741186492,0.17527014406912078,0.2436905423512273,-0.07506775353845357,-0.41092657655321074,False,True,False,False,18.337526321411133,10.651060104370117,False,False
2023-01-20,17.52127456665039,377589626,0.07862968233192681,0.09319096074459626,0.3969102710890546,0.4041315766765681,0.3924069648327052,0.11079566402669509,-0.009631469700543863,71.67832361712948,0.32225515609141664,0.05817274228389321,68.21652428713303,0.9659681161455923,0.24159618077618142,0.33592248043775097,0.0007147055672707644,0.37297837560734504,False,False,False,False,18.337526321411133,10.651060104370117,False,False
2023-01-21,16.896469116210938,451849941,-0.03631116003451421,-0.0036384118537224155,0.363811212328817,0.3553312642636041,0.31570271472583084,0.03579885160952611,-0.06102991437657893,66.03034813002508,0.2564559980047756,0.05957943938190473,65.4496417507642,0.9814658152482746,0.17227322245689577,0.28181367872120067,-0.03464853582112747,0.19666937300867482,True,False,False,False,18.337526321411133,10.651060104370117,False,False
2023-01-22,17.362272262573242,528180733,0.027194919302317582,0.03309231293994046,0.363362403060409,0.38774983329721796,0.28691838934946984,0.09685293361429816,-0.014938997216690527,68.05149466017023,0.22198621931393125,0.05996394241633201,62.948888076906286,0.9808840127772707,0.17919335387913707,0.30934148477380335,-0.007529579379885065,0.1689295163590605,False,False,False,True,18.337526321411133,15.750173568725586,False,False
2023-01-23,18.0065860748291,447269431,0.036437992651701924,0.07288947668950542,0.3885120516032924,0.4328228385782523,0.33034991589598406,0.0772091526306744,0.038227498185138355,70.6525895587573,0.21984623360186895,0.05739797492194666,60.82385414915316,0.9810142950227627,0.19605655594972993,0.34962397781459387,0.02995663768740806,-0.1531886661984696,False,False,False,False,18.337526321411133,15.750173568725586,False,False
2023-01-24,17.01931381225586,483621029,-0.05638877824090493,-0.00628357469387823,0.29028989394097343,0.3760776521994038,0.2826959928653739,0.0002443416976105485,-0.030252777409004984,62.28478039291455,0.13345703173419277,0.06444949604238517,58.03691079426214,1.0107745260683754,0.1122246383344478,0.2691263378161203,-0.02574002696537078,0.0812744969373953,False,False,False,False,18.337526321411133,15.750173568725586,False,False
2023-01-25,17.803890228271484,373780820,0.045068179790296585,0.11913298019640355,0.11222252264442266,0.41779124765685993,0.33370090522041485,0.05127702188430911,0.028265983211723526,65.7557756022004,0.11156178580706677,0.06367662956416342,54.4713442710116,1.0164618724171783,0.14089239080066474,0.3194899750647518,0.019789778055942463,-0.22712041539450922,False,False,False,False,18.337526321411133,15.750173568725586,False,False
2023-01-26,18.108034133911133,485573315,0.01693872902114111,0.11156956482196483,0.15827111062634347,0.44135896585613893,0.3409295411978334,-0.012745608315574596,0.048109674338875426,67.02278518423947,0.10032353466886645,0.06175862850686168,50.23371993931119,1.0137839802869935,0.13732693970266044,0.3324637436619911,0.03752107075949171,0.29908569144880137,False,False,False,False,18.337526321411133,15.750173568725586,False,False
2023-01-27,21.25410270690918,680858655,0.1601942307052999,0.19313411319533805,0.2863250739399343,0.6403760010212827,0.5342037086094558,0.1492132502037287,0.20303591261299506,76.64768557815363,0.2774903444867898,0.06204943866824606,50.707886991856135,1.1142070656494485,0.29621051724265285,0.5461086318984082,0.21642681552163795,0.40217477766462517,False,False,False,False,18.337526321411133,15.750173568725586,True,False
2023-01-28,20.60495948791504,689054377,-0.03101814663552438,0.19842712659432774,0.1947887147406054,0.6283008505913235,0.5019664422797173,0.12051196477665344,0.1808435142948996,71.9794999278012,0.3206244126907054,0.06474041577555098,48.078210933925995,1.12048098068501,0.2247560189505953,0.4834491616148487,0.1780073331591213,0.012037332476885432,True,False,False,True,18.337526321411133,16.603015899658203,False,False
2023-01-29,21.07977867126465,420146185,0.022782425492420464,0.19401463278443054,0.2271069457243712,0.6622846350976366,0.4713298037080202,0.08760779259365561,0.21681627158130964,73.26226211794109,0.34848608281004667,0.06179766434073381,44.76081751561299,1.1144642462150285,0.22079656545790224,0.5012062305397812,0.20437164696136215,-0.3902568519639489,False,False,False,False,18.337526321411133,16.603015899658203,False,False
2023-01-30,19.73917007446289,665345570,-0.0657092338646006,0.09186740626812812,0.16475688295763366,0.5936006968852837,0.426329025921802,0.05575220958411693,0.1772237072605947,64.31046293120866,0.24866412486544953,0.06759707174623272,38.5812116548594,1.154318792527765,0.12042146211086524,0.3923596586403463,0.127774347550696,0.5836049302696871,False,False,False,False,18.337526321411133,16.603015899658203,False,False
2023-01-31,19.844499588012695,398085253,0.005321879605734283,0.15357806411476746,0.14729448942088932,0.6022960168928985,0.378857645319941,0.10326716160824104,0.14486850572483684,64.67566794178411,0.16575501086415168,0.06493574730003945,38.57736899082468,1.1525200385148224,0.11397347081910719,0.38638587777419847,0.13364375437662462,-0.4016864754957338,False,True,True,False,21.684043884277344,16.603015899658203,False,False
2023-02-01,20.965364456176758,578705289,0.054944894607492134,0.16345477893196314,0.2825877591283666,0.6311081040862133,0.4452852973561997,0.14985599920892498,0.18408366110126384,68.38332738844231,0.16222407720421628,0.06446715511386562,38.89898428334252,1.158790258773852,0.15897599198425885,0.4500293451200978,0.1977588737535669,0.4537219970818662,False,False,False,False,21.684043884277344,16.603015899658203,False,False
2023-02-02,21.1800594329834,923881872,0.010188381758147066,0.15670443166896908,0.2682739964909339,0.620811760708018,0.4193301739413672,0.08800568230225214,0.1981024049079838,69.05335509174644,0.15043155957354593,0.06515928079551236,39.46475287087667,1.1594083980695569,0.15419832306908748,0.44993132241275685,0.20982574328289594,0.5964635014766557,True,False,False,False,21.684043884277344,16.603015899658203,False,False
2023-02-03,21.36518669128418,449947551,0.008702660981824711,0.005212861945493919,0.19834697514083194,0.570409243790483,0.45149210391919825,0.08606751003503697,0.22632941936157666,69.65061000783648,0.131849217750998,0.06321278269803515,40.79279325558264,1.1516950786679923,0.15047162434596875,0.4463772753792856,0.22135077351833493,-0.5129815135067397,False,False,False,False,21.684043884277344,16.603015899658203,False,False
2023-02-04,21.024635314941406,270970237,-0.016067946838432892,0.020163061742585267,0.21859018833691324,0.5826763316595799,0.4307529929956482,0.1399294113576959,0.21810817503559304,67.08569465890861,0.07613716931052283,0.061774983373181235,40.887019289978824,1.1461289235348675,0.11939252381055102,0.40585302027138787,0.20315973503373774,-0.3977737262981569,False,False,False,True,21.684043884277344,18.795307159423828,False,False
2023-02-05,20.108016967773438,341651159,-0.04457627074063088,-0.04719563449046596,0.14681899829396472,0.5346130286508226,0.41606140090447935,0.10695290392265887,0.18061160533491863,60.61543206603293,-0.03686332256747926,0.06473876700916018,39.69726340759353,1.1666179253505509,0.06107858361562544,0.33007412776812994,0.1518553015511262,0.26084385791787157,False,False,True,False,22.705150604248047,18.795307159423828,False,False
2023-02-06,19.58503532409668,228201924,-0.026352818915624104,-0.007839219541489452,0.08402818672663877,0.5114723110094753,0.3790101117203313,0.20270188589755628,0.14727149746169116,57.224223674300475,-0.15464243464332883,0.06467480652987823,38.53149846186433,1.1746336282611507,0.02682095762558643,0.28248055268904604,0.12365399559737739,-0.3320616131731021,False,True,False,False,22.705150604248047,18.795307159423828,False,False
2023-02-07,20.845218658447266,316667706,0.062358830262634724,0.04919773111541087,0.20277579523017844,0.5461874127013844,0.43800994767534135,0.4785125674229103,0.24973948096787493,62.64707675135379,-0.15509263311747956,0.06104070006848395,35.45846559006498,1.1847721086414285,0.07863738136377005,0.3482911294141369,0.19694027012542525,0.3876644878769733,False,False,False,False,22.705150604248047,18.795307159423828,False,False
2023-02-08,20.08147430419922,257585287,-0.03732688735679685,-0.04307405084887818,0.12038072808308482,0.497572181235769,0.3985871047652287,0.2663068168758836,0.230234266739146,57.85962391283902,-0.2107885907762974,0.06330920071067743,31.983879553378923,1.2003774476217797,0.028776327496410414,0.28539974676621077,0.15426704097002217,-0.18657544763974132,False,False,False,False,22.705150604248047,18.795307159423828,False,False
2023-02-09,17.874452590942383,387714367,-0.11642524982397091,-0.16968768243099625,-0.012983250762027233,0.33931355199038404,0.3188000988530654,0.2375136192783103,0.11318469524553006,46.74319348251132,-0.38981800532650457,0.07621927825333369,31.5280510515082,1.2825948352777148,-0.08511732325266679,0.13515206339941144,0.029181434579527075,0.5051883262261017,False,False,False,False,22.705150604248047,18.795307159423828,False,True
2023-02-10,17.79853057861328,232811782,-0.004256561701038504,-0.18264690511385953,-0.17743404316836556,0.11192143920249815,0.31482178682613,0.30925013453249156,0.1272584816669131,46.41284393473647,-0.4998751451853771,0.07346744309407711,30.10270199994848,1.0303712002696164,-0.09110153663939939,0.12184507101532424,0.025748196156802752,-0.39952758572910974,False,True,False,False,22.705150604248047,18.795307159423828,False,False
2023-02-11,18.029085159301758,134054933,0.012870393884048661,-0.1537085643913779,-0.13354550264879253,0.15390169204732637,0.27253599378486215,0.3230433793609171,0.1394482813345728,47.62339580345366,-0.5402344855991228,0.0688151722594257,29.160165330937282,1.0239153015142495,-0.08089289828887927,0.1274974291295926,0.03982608845078826,-0.42419180056789396,False,False,False,False,22.705150604248047,18.795307159423828,False,False
2023-02-12,17.76869773864746,259289328,-0.014547940793013199,-0.12368023444376018,-0.17087586893422615,0.10721348386260426,0.2580328611115046,0.30430993461739725,0.14044583151008913,46.3498860032941,-0.5648923602010694,0.06825643817330602,29.46870588591146,1.0213615547434607,-0.09361762242914055,0.1028155420606315,0.026480573399131072,0.9342020632690928,False,False,False,False,22.705150604248047,18.795307159423828,False,False
2023-02-13,17.6209716796875,245266831,-0.008348589823883453,-0.10567600535201958,-0.11351522489350904,0.03834668147491607,0.29108741908844377,0.2666532948764887,0.1119117655934861,45.60478670197949,-0.5699389648275528,0.06759567770858078,28.431296054163607,1.0010823383495064,-0.10253033225664075,0.0856469595097185,0.019895638287778586,-0.05408050191714797,False,False,False,False,22.705150604248047,18.795307159423828,False,False
2023-02-14,18.147031784057617,249864205,0.029417243874292617,-0.13861759174036176,-0.08941986062495075,0.07729973084055408,0.4264480254639604,0.32753867701256684,0.11441602687830443,48.763484040837824,-0.518130588969188,0.06440844837839795,27.986159631437157,1.0049991079497422,-0.07654404385034891,0.10927839770477081,0.052285288653510904,0.01874437722074207,False,False,False,False,22.705150604248047,18.795307159423828,False,False
2023-02-15,19.923646926879883,256514870,0.09340030478962753,-0.007890399593937425,-0.05096445044281557,0.1740592067280447,0.5100605957072903,0.43550629986635403,0.22736586139006887,57.69765823906118,-0.35241406802997133,0.06158766367780317,26.931351258173404,1.053316022328856,0.009201248997686418,0.20567739149723674,0.15674897416759942,0.026617117886093444,True,False,False,False,22.705150604248047,18.795307159423828,False,False
2023-02-16,18.614831924438477,362001305,-0.06794863581333913,0.0405862144166945,-0.12910146801430175,0.08332629777222683,0.44551629794533154,0.3598226220981791,0.2087982961034145,50.68583414732998,-0.3200909831790105,0.06783838631549259,26.584037474216366,1.0820578766689661,-0.0507495563804736,0.11645924875575275,0.08237254052008904,0.41122931781693595,True,False,False,True,22.705150604248047,16.933635711669922,False,False
2023-02-17,19.477388381958008,249597693,0.045295544347166095,0.09013832046489902,-0.09250858464896056,0.20897021721937784,0.5371964317417453,0.4134098372171145,0.2487925531855883,54.60152203721701,-0.23376934337364896,0.06423647630320134,26.25106619284982,1.0488134523507577,-0.0039003160832296216,0.15642294732163967,0.1339047461655511,-0.31050609610371427,False,False,False,False,22.705150604248047,16.933635711669922,False,False
2023-02-18,19.578697204589844,258172528,0.005187875248094634,0.08245580182894498,-0.07125276256243299,0.1896559480718927,0.4922219778143849,0.4732701767655549,0.2214002625334284,55.05294334495411,-0.16617581647209423,0.061793036936107736,25.356828103454365,1.046910847785012,0.0051388429792691235,0.1505403350705574,0.14089263902637442,0.03435462442355197,False,False,False,False,22.705150604248047,16.933635711669922,False,False
2023-02-19,19.80207633972168,288113872,0.01134470000483174,0.1083484426267897,-0.015331791816970508,0.12237096574479761,0.5265025424213657,0.5147779305775029,0.2331666297714927,56.08972414839725,-0.10569508182310017,0.06008118979135088,25.367920350575922,1.0142162027855162,0.01644263830182889,0.15162180148192628,0.1550098011711316,0.11597416747609945,False,False,False,False,22.705150604248047,16.933635711669922,False,False
2023-02-20,20.810766220092773,483461795,0.049683661685361355,0.16638069413603457,0.060704688784015,0.2083657874646732,0.5636970517282772,0.5240685021905039,0.2441646390741992,60.51845760167096,-0.0024854100068325558,0.06027611106548318,25.9549361520055,1.0154682659158771,0.06557624206613583,0.19644430980377017,0.21475302146160363,0.6780233164198355,False,False,False,False,22.705150604248047,16.933635711669922,False,False
2023-02-21,20.94013023376465,489974940,0.006196965270198048,0.14316041553194,0.004542823791578258,0.18736783343255367,0.5751176667297717,0.4742862227820234,0.2842207670468519,61.060882951879805,0.06598465249127339,0.06102386021047806,25.92757104638309,1.0128361409456785,0.07226935609953936,0.1904853029992029,0.22373615630066823,0.013471891817222081,False,False,False,False,22.705150604248047,16.933635711669922,False,False
2023-02-22,20.314476013183594,605541357,-0.030333688793001728,0.019426421949310872,0.011536022355373503,0.12059615198785009,0.5534189905661024,0.4509460678838341,0.19780530461852444,56.98333295069935,0.06075739484914755,0.06477558159429961,25.099689654265443,1.0145610372793024,0.04254228871646041,0.14330682220745242,0.1893781665780782,0.2358618932633576,False,False,False,False,22.705150604248047,16.933635711669922,False,False
2023-02-23,19.702638626098633,309191497,-0.030581168821714244,0.056793888940935636,0.09738010335763007,0.14640376140704067,0.5224814136064446,0.4290997542724147,0.14664810310465132,53.239177520587035,0.010355385822975682,0.06604691648572955,23.630192236159324,0.9990964075441744,0.015474821710184846,0.09943614035643752,0.15632757555646926,-0.48939656486584115,False,False,False,False,22.705150604248047,16.933635711669922,False,False
2023-02-24,18.36859893798828,298510977,-0.07010993989364384,-0.0586115952998742,0.03152672516502475,0.031225641723100328,0.4490168893799602,0.36492654694351523,0.08250266360740935,46.123082081113985,-0.11183199126598153,0.07225259311543165,22.909295551868265,1.0213123629295175,-0.04675706240614809,0.017468056919268816,0.08107338760690079,-0.034543382025799985,False,False,True,False,21.600173950195312,16.933635711669922,False,False
2023-02-25,17.95964241027832,242999790,-0.022515474957191747,-0.08631494550516053,-0.003859143676215622,-0.008228562255232798,0.4331304036009061,0.3327009789426006,-0.0209741705708073,44.17382762103248,-0.21331624826774614,0.07266207388709801,23.404676527884376,1.02285331225194,-0.06275527091633468,-0.011947648210321411,0.05995538529498287,-0.1859602871488374,False,True,False,False,21.600173950195312,16.933635711669922,False,False
2023-02-26,18.44385528564453,151162317,0.026604115830593345,-0.07105552967939881,0.037292912947390976,-0.14181867712993915,0.4985573238913434,0.3923850314795166,0.007394573073789525,47.028375800104556,-0.23901804266114185,0.06842804859473617,23.601235039846802,0.8507278572172461,-0.034611433550943795,0.0072653265729929134,0.09197236830062862,-0.37793231426249385,False,False,False,False,21.600173950195312,16.933635711669922,False,False
2023-02-27,17.939739227294922,198821795,-0.027712947465834,-0.14845213883059413,0.017928555305440345,-0.1385134779602488,0.48978737263107464,0.36345296431946855,-0.018001513183595358,44.47844717685496,-0.2784016002751272,0.06862741743294647,22.782246502406693,0.8495195140242399,-0.05380306664868761,-0.02650427019187016,0.06547425497997697,0.31528676555017343,False,False,False,False,21.600173950195312,16.933635711669922,False,False
2023-02-28,17.081113815307617,200107205,-0.049044922796449175,-0.2036940268972414,-0.06053361136530132,-0.21034082624911835,0.45194380884851826,0.26098897745890187,-0.12273303365546273,40.45500139141984,-0.34628549603639497,0.0708569191198523,23.843805649772058,0.857270701026708,-0.09190438140915823,-0.07797212947551298,0.018186659024757072,0.006465136279450556,False,False,False,False,21.600173950195312,16.933635711669922,False,False
2023-03-01,17.761022567749023,159270741,0.039032915016127226,-0.13432742308811238,-0.1149010011388015,-0.10559867736839043,0.4880020195168933,0.32073034855341154,-0.04984646778427337,44.7193550541149,-0.32949935484712467,0.06634069033374214,23.95720150820618,0.8447656456048366,-0.0554731082504746,-0.046448946341963504,0.062308055438753056,-0.20407293180672825,False,False,False,False,21.600173950195312,16.933635711669922,False,False
2023-03-02,17.447031021118164,132504184,-0.017836820803058036,-0.12158307506945613,-0.0647891861285204,-0.1287573777771828,0.4735386391157156,0.2501002675427582,-0.025490216168941777,43.181355516429754,-0.32320103156129276,0.06546255659384928,24.366099617362995,0.8455766367034497,-0.07130311205429464,-0.06484591205532649,0.046899295449196084,-0.16805696282909866,False,False,False,False,21.600173950195312,16.933635711669922,False,False
2023-03-03,16.654382705688477,205495359,-0.046496084760811816,-0.09796921993662405,-0.15658081523649833,-0.23019835714548692,0.40090974694072634,0.21508694021071278,-0.08034235793656196,39.4891510837663,-0.3536165540961488,0.0702154168211596,26.203506323481957,0.8300217627894101,-0.11023999470608836,-0.108475567042544,0.00272889827434179,0.5508593977681491,False,False,False,False,21.600173950195312,16.933635711669922,False,True
2023-03-04,16.11780548095703,122435703,-0.03274881596153546,-0.10820256094096778,-0.1945175064461283,-0.27313555486516955,0.3476762058428485,0.1461946190761976,-0.18512987256291746,37.172063169900206,-0.3883013495398129,0.07203766571410972,28.71513192247398,0.8319021330423306,-0.1350924263772035,-0.1373427319975794,-0.026340019183402695,-0.40419236913277445,False,True,False,False,21.600173950195312,16.933635711669922,False,False
2023-03-05,16.159337997436523,108593997,0.0025734953546529328,-0.1322331814169082,-0.20328871109630708,-0.2792647204923413,0.2911445232981416,0.17222738342685703,-0.19319721045730448,37.47786438934499,-0.38606517780688454,0.06854191870344035,30.7738931162079,0.8305244268132994,-0.12944970307731835,-0.13437973931513472,-0.02107315896614385,-0.1130528568125263,False,False,False,False,21.600173950195312,16.933635711669922,False,False
2023-03-06,16.52437973022461,162196354,0.022338763048581248,-0.08218147090249303,-0.2306336097330871,-0.24085801060532713,0.34181832105425275,0.1898949823903211,-0.10092859924763126,40.23144700257433,-0.3392793599015337,0.06536515783058333,32.334395276532426,0.8373666605453302,-0.10587576745985632,-0.11456653233286185,0.0033912888388682775,0.4936033158444293,False,False,False,False,21.600173950195312,16.933635711669922,False,False
2023-03-07,16.169782638549805,161466099,-0.02169261856514335,-0.054829166671187195,-0.2585231935684286,-0.21797435842983962,0.31663867022098297,0.1980870424746397,-0.1110214545071807,38.45952126662724,-0.3121756590092089,0.06548920421484153,33.588578376259264,0.8285537628074273,-0.11608579923006276,-0.13303655248735732,-0.01625345551045612,-0.004502289860350395,False,False,False,True,21.600173950195312,15.818962097167969,False,False
2023-03-08,15.134352684020996,168121578,-0.06617705914641052,-0.1600391408337251,-0.2943665639218375,-0.2577985986606261,0.25367371234884917,0.12121151305970528,-0.05509671276306984,33.78086757074924,-0.341566799826304,0.07039176073276689,37.09261841003989,0.8514290941895485,-0.16474136215270346,-0.1868152148223793,-0.07723534491948629,0.04121904871189086,False,False,False,False,21.600173950195312,15.818962097167969,False,True
2023-03-09,14.403960227966309,223903610,-0.049463987482674825,-0.19166630751334188,-0.3132493825827979,-0.3696214164059356,0.17656599629544872,0.06838853126940574,0.10889115101697466,30.923139842346473,-0.3845818004136453,0.07566384461929376,41.020952049551674,0.8230115959829526,-0.19376409998301866,-0.2248935415869175,-0.11946708520070735,0.33179579125768144,False,True,False,False,21.600173950195312,15.818962097167969,False,False
2023-03-10,14.829690933227539,295964794,0.029128130684164987,-0.11604209206836504,-0.21401131200498918,-0.3031663983649738,0.19440578287079516,0.09542070640025485,-0.03685958148909026,34.40631609698163,-0.3592234360005334,0.07375843410866383,43.140133579881905,0.8302097371053483,-0.15875370177421427,-0.20080860721993032,-0.09128853881846395,0.321840206149423,False,False,False,False,21.600173950195312,15.818962097167969,False,False
2023-03-11,14.638959884643555,242350091,-0.012944855408827137,-0.09623813151565659,-0.2044406924566244,-0.19968600394982994,0.13962754804055408,0.11911409490323542,0.03782761532848039,33.58914514770147,-0.3308617044718445,0.07462647414214124,44.64406548600036,0.7366031446111493,-0.1572314533677046,-0.20862885177960572,-0.10052719493739662,-0.18115229948599898,False,False,False,False,21.600173950195312,15.818962097167969,False,False
2023-03-12,16.256580352783203,247416383,0.10481131171602778,0.005999684845718127,-0.12623349657119,-0.09061813053276373,0.021303308669734403,0.22420365629336628,0.21863200399972788,45.427436390465346,-0.18594541954291188,0.07093216620119287,41.58886901301727,0.8330093934303345,-0.051672754538755375,-0.1205730863008843,0.0009465835528047246,0.020904848762776096,False,False,False,False,21.600173950195312,15.818962097167969,False,False
2023-03-13,16.500085830688477,326292018,0.014867811158520436,-0.0014712670443426724,-0.0836527379468358,-0.08862071325829202,0.06528097878903442,0.18391528052657014,0.2344226661026252,46.96017747008251,-0.06284075096797959,0.07021498760904302,36.827775137368214,0.8335179584365799,-0.024839051550476388,-0.10656683026396094,0.017983057987381836,0.31879713882972727,True,False,False,True,21.600173950195312,13.941650390625,False,False
2023-03-14,17.180816650390625,425237957,0.04042786762051443,0.06064921914131495,0.005820052470127662,-0.03364490484476453,0.07356857901783972,0.2243879562667401,0.27066502977263274,51.09537040103355,0.06818539554816372,0.0696002289448894,32.27638908031265,0.8458601931996443,0.024882816885364027,-0.06887450395245831,0.061099712228716206,0.3032435166710086,False,False,False,False,21.600173950195312,13.941650390625,False,False
2023-03-15,15.585168838500977,314371131,-0.09747370381524753,0.02935257447247811,-0.13068656636124704,-0.12277001883612847,-0.0844233373612123,0.16831740025231515,0.1438832760403601,42.6930828299384,0.051879389320928504,0.0805403406225816,28.83723213562142,0.9101300568210906,-0.05874244284735657,-0.15403663133136597,-0.03611142562475094,-0.2607171447773652,False,False,False,False,21.600173950195312,13.941650390625,False,False
2023-03-16,15.87647819519043,199893661,0.018518908543339832,0.09733547049849255,-0.09433083701484934,-0.1336683541670813,-0.056368623326527194,0.29277967129687904,0.19387032284548553,44.487841982603584,0.06438618644341831,0.07650508407445475,27.41645788135773,0.9058636044261554,-0.03387841764319922,-0.13641739207746,-0.017318880713659706,-0.3641475272740613,False,True,False,False,21.600173950195312,13.941650390625,False,False
2023-03-17,17.64643669128418,249635546,0.10569522071645984,0.17390256053078737,0.05786046846242233,-0.12137343824024903,0.05268576848779564,0.38868715746704124,0.3141328616261049,53.92890681366459,0.18851384807698301,0.07207980263681599,26.971892047862568,0.9234250031352675,0.0748520775245709,-0.0396603083122827,0.09280923587601997,0.24884173290517708,False,False,True,False,17.89102554321289,13.941650390625,False,False
2023-03-18,16.987367630004883,260105946,-0.038063888570936226,0.14878352736867823,0.052545395853021475,-0.09148869099784626,-0.008162393225619381,0.35402760694748525,0.2683339311003329,50.48576926147868,0.22065180274405216,0.0747013207915392,24.851001909213625,0.9030545304319143,0.039318066740939184,-0.07121432247648693,0.05276308164533544,0.04194274480445981,True,False,False,False,17.89102554321289,13.941650390625,False,False
2023-03-19,17.563106536865234,188260913,0.03333049515748801,0.07730271081013838,0.08330239565585658,-0.10345374018752418,0.10551647703185368,0.433742691554221,0.3099560970295903,53.29126856844585,0.271747316230586,0.07160630755913941,24.22768479222923,0.895928709975505,0.07578228735616302,-0.036530992848299165,0.0889716823234301,-0.27621449684199073,False,False,False,True,17.89102554321289,15.379693031311035,False,False
2023-03-20,16.64081382751465,226183876,-0.053942140303896546,0.008492759347721536,0.0070214923033788635,-0.1625837557395153,0.02707219233237736,0.32963822207486954,0.3106864210260396,48.5459933912992,0.23582630389381187,0.075231397012239,23.960269868213572,0.9123445488094639,0.020665991602455826,-0.08265805962906451,0.03263989386226889,0.2014383251185019,False,False,False,False,17.89102554321289,15.379693031311035,False,False
2023-03-21,17.4854679107666,201360715,0.04951178875247441,0.01757668047968163,0.07822589962099664,-0.1244166669918726,-0.002045701247074995,0.4020858754294932,0.3903612635856302,52.69994807805491,0.25947297832925864,0.07098769704367362,23.516618097572238,0.9306999402231344,0.07338000388047637,-0.03369460631497818,0.08551777324034086,-0.10974770367804643,False,False,True,False,18.179182052612305,15.379693031311035,False,False
2023-03-22,16.77981185913086,309254853,-0.04119364208603243,0.07385674220889671,0.10320931668137465,-0.2152939707632664,-0.006928183298593241,0.34840308096501077,0.3087745314272376,49.131330963841705,0.21968736466251537,0.07526066518837277,22.83357274488806,0.9184440370634788,0.03217573451918816,-0.06953977223991373,0.04238779417998399,0.5358251633145026,False,False,False,False,18.179182052612305,15.379693031311035,False,False
2023-03-23,17.562936782836914,225499693,0.045614328214749575,0.10095216188030638,0.19828763237879893,-0.17587660781871498,0.011491225613838672,0.39924105891105666,0.2984096149633085,52.9399279012395,0.23673906115221233,0.07156555672935844,23.745046211418053,0.9357952060530966,0.07733755555606377,-0.022425826634694692,0.09152563445772022,-0.2708289269756423,False,False,False,False,18.179182052612305,15.379693031311035,False,False
2023-03-24,16.986759185791016,165076426,-0.033356647827605855,-0.038099706663759135,0.1358028538670282,-0.1788995668533191,-0.058303414865468986,0.37451942371278335,0.2720465010305151,49.9752364426764,0.20123431691610144,0.07240145850552746,23.931541589336234,0.936848966177185,0.03922424928072931,-0.050062176023637,0.056517554298584516,-0.2679527683436802,False,False,False,False,18.179182052612305,15.379693031311035,False,False
2023-03-25,16.880115509033203,160302358,-0.006297837057618011,-0.006333655150440881,0.14244987221823735,-0.1546162350892228,-0.008212473682182014,0.36786517851722167,0.2744835191831919,49.42354848368076,0.16415533534434254,0.07069288296501684,24.01893978321958,0.9326372675900343,0.030428058509034215,-0.05126679487789934,0.05032228941994758,-0.028920349899021924,False,False,False,True,18.179182052612305,16.38042449951172,False,False
2023-03-26,17.13402557373047,120192188,0.014929954016242447,-0.024734196291686467,0.05256851451845199,-0.06957634117933649,-0.0383506994562363,0.37944054820062373,0.29535020576417864,50.81572533600269,0.1506689480386676,0.06634635623006459,24.298636559910626,0.9048481424905647,0.04398511513360408,-0.032765911753614985,0.06675135351656311,-0.25021572046993845,False,False,False,False,18.179182052612305,16.38042449951172,False,False
2023-03-27,16.503171920776367,155993864,-0.03751368605878358,-0.008305742046573639,0.0001870173011480429,-0.08457455228092835,-0.09280311453616108,0.34855585131997785,0.24812642666167237,47.32982967441117,0.09586996196131567,0.06829337395250916,24.239765160176006,0.910555835280995,0.0045265963001595595,-0.06457112973165298,0.02831366638128528,0.2978702409511007,False,False,False,False,18.179182052612305,16.38042449951172,False,False
2023-03-28,16.726268768310547,157163428,0.013427863669542071,-0.04438966712950577,-0.0268129866498242,-0.09775080444197949,-0.23956948157191868,0.40080651944936385,0.2946342270375371,48.67083333406573,0.0723283116544019,0.06448190152180211,23.05655244914194,0.906347160623261,0.013197378158364638,-0.04884309932852959,0.043409335233432815,0.007497500029872928,False,True,False,False,18.179182052612305,16.38042449951172,False,False
2023-03-29,17.2939395904541,173033738,0.0333756637157914,0.030179638672318213,0.10403638088121478,-0.03666219326035414,-0.175175671220603,0.4531251793707205,0.3267907710591144,52.01838957939864,0.09143730128215807,0.06082447562739714,20.01041315343428,0.9106393240371323,0.03849416390539663,-0.012573739884100198,0.07990053138997155,0.10097966302949302,False,False,False,False,18.179182052612305,16.38042449951172,False,False
2023-03-30,17.245332717895508,201197047,-0.002814587650422898,-0.0182492771928542,0.08270288468745221,0.009568141885672175,-0.20077268436344622,0.46151195073419043,0.27055711934457405,51.70743108788834,0.09673935408405238,0.05859098517564407,17.373491996485974,0.8942115350272138,0.02811848341237608,-0.012149694717107135,0.07801424304783278,0.16276195223847045,True,False,False,True,18.179182052612305,16.14993667602539,False,False
2023-03-31,17.716890335083008,188033602,0.026976900997167538,0.0420842716319191,0.003984564968160002,-0.0024878721332875988,-0.10808654950167802,0.48551414738360565,0.31824247642012393,54.54624579279994,0.1260847379793988,0.05579737973279213,13.444698560888327,0.8886134061863059,0.046628735985911905,0.015045381067522644,0.10874994846127256,-0.06542563718641459,False,False,False,False,18.179182052612305,16.14993667602539,False,False
2023-04-01,17.662683486938477,111851369,-0.003064304326213569,0.04531780436332361,0.038984149212882596,0.012284644343556774,-0.11647273343362598,0.4858232834592725,0.26238491188631496,54.15217277516246,0.1351212499746408,0.05319953720120352,13.380074286440427,0.8863898258767839,0.039110726905818814,0.012097277394689694,0.10584397288095429,-0.40515222912126103,True,False,False,False,18.179182052612305,16.14993667602539,False,False
2023-04-02,17.263288497924805,122730984,-0.022871941842269133,0.007515908504812018,-0.017218287786874554,0.03590878726209957,-0.19428956988338736,0.436818534202826,0.25099572747281235,51.2161980682767,0.10861777623146551,0.053497382070608675,13.135201282780908,0.8744046490573514,0.01333903998865992,-0.00991971308989031,0.08146707246455973,0.09726850102299589,False,False,False,False,18.179182052612305,16.14993667602539,False,False
2023-04-03,17.101024627685547,183483019,-0.00944381315646596,0.03558578140712961,0.027280039360555994,0.05921379006716911,-0.21392176479800049,0.4068899959100175,0.2054084091433666,50.029429926539564,0.07611347597542988,0.053013373403680536,13.120366471632924,0.8667626152419858,0.004049435357681459,-0.018474138052890023,0.07166620407270614,0.49500161263271547,False,True,False,False,18.179182052612305,16.14993667602539,False,False
2023-04-04,17.64712142944336,143457849,0.031434296800958564,0.05359221453854581,0.00920254740904009,0.08807459151347466,-0.19119012897886672,0.37921911481161613,0.2603019749403315,53.90096224826644,0.08658434826593066,0.05035220194267169,10.842224667376746,0.8728386375468703,0.02987830945426764,0.012839085678966003,0.10603024110855784,-0.21814100410022141,False,False,True,False,17.877634048461914,16.14993667602539,False,False
2023-04-05,17.989526748657227,221196176,0.01921706299836699,0.03943361382112148,0.06961325249343976,0.0849528914632605,-0.1559051191420667,0.4267712125175132,0.27484787385358145,56.192728615293404,0.110245867913972,0.048552670369220445,9.333620621459064,0.8720327712510199,0.04342733936539958,0.03267780538049648,0.12766485012023746,0.541889673809343,True,False,False,False,17.877634048461914,16.14993667602539,True,False
2023-04-06,18.001949310302734,175964595,0.0006903057889851945,0.04293850726052961,0.024689230067675233,0.10733581581738894,-0.11063854261245068,0.42397448603837184,0.3054228582920286,56.27765395246182,0.119624652500111,0.04748237760048959,9.89486465937272,0.8675936663385022,0.04307244240265717,0.03567590347752518,0.12799472829461586,-0.20448627014239162,True,False,False,True,17.877634048461914,16.735944747924805,False,False
2023-04-07,17.624462127685547,128153713,-0.021192216394964696,-0.005230610131602731,0.036853661500316416,0.1523206585688348,-0.10547794009179129,0.405994370917684,0.27353217162853993,52.92035832020085,0.09440386630707866,0.04739737096121527,9.93070025388817,0.8356738619168882,0.01931861711325246,0.015115337887593417,0.10423091974776724,-0.27170739659304755,False,False,False,False,17.877634048461914,16.735944747924805,False,False
2023-04-08,17.464860916137695,87844490,-0.009096916003878108,-0.011263221809267279,0.03405458255405639,0.19268773004763148,-0.17693368635830425,0.3692537263430801,0.26107626131703726,51.520913394274295,0.06250866288738974,0.04577489350529624,9.873492560598795,0.8140976208982852,0.010375061514547512,0.008260253081288341,0.09395808451575728,-0.31453808131177596,False,False,False,False,17.877634048461914,16.735944747924805,False,False
2023-04-09,17.560928344726562,92348601,0.005485539170664165,0.01709425920366615,0.02461016770847798,0.16904513853413064,-0.13412125983084308,0.3634509214049259,0.26446584493438546,52.33792947856314,0.04427576876060263,0.04371797062324184,9.316210574800856,0.8099647909435701,0.013235997358472463,0.016173730422209712,0.09965082144056131,0.05127368830987589,False,False,True,False,18.31281089782715,16.735944747924805,False,False
2023-04-10,17.932527542114258,125916354,0.020939791072947866,0.04747786343307994,0.08306364484020953,0.2029297850159057,0.003243781066075592,0.3425573330564597,0.322043879919141,55.46448362535653,0.05304482421346965,0.04193285362521001,9.760551531438333,0.8088044577443756,0.03334391134683143,0.039926581151891384,0.1228350915685364,0.36348956710237545,False,False,False,False,18.31281089782715,16.735944747924805,False,False
2023-04-11,18.16439437866211,176916860,0.012847080210008,0.028890646842129497,0.08248286138067552,0.11096555350988586,0.020347422977122165,0.13226886217962044,0.3351692098032523,57.34472808279604,0.06924019745837373,0.041039430592556256,10.03066397461428,0.7280715926575023,0.04254601918785174,0.05661587991824304,0.1372804481036204,0.4050348058839124,True,False,False,False,18.31281089782715,16.735944747924805,False,False
2023-04-12,18.491119384765625,310077628,0.01782725847124011,0.027500842315002504,0.06693445613612403,0.11392500082260576,0.02530428756431366,0.1792059796116401,0.2978402813491758,59.912993327269106,0.09513706895577048,0.04116502638650688,11.328685398046465,0.7287158920481519,0.058478990438259555,0.0786947230751981,0.15742250605519595,0.7526742674496936,False,False,False,True,18.31281089782715,17.281646728515625,True,False
2023-04-13,18.85436248779297,250901057,0.01945373525546819,0.04626427178148557,0.08920277904201507,0.0929508684575596,0.05930596361279508,0.1665194474753994,0.31733882472429953,62.6084960741345,0.1278707578204733,0.040734362456436544,12.889902090874356,0.7190545339662266,0.07353357509619421,0.10176170308867184,0.17959683378397864,-0.1908443746222156,False,False,False,False,18.31281089782715,17.281646728515625,False,False
2023-04-14,19.248788833618164,256976337,0.02070382218928146,0.0881603103657316,0.08292970023412882,0.2111283944620884,0.08835837562595988,0.12670505710087598,0.37944579471440365,65.33426936031196,0.16487227568264484,0.03998012293725996,14.749702223323641,0.6227158747742872,0.08865029867118414,0.1254070894648536,0.2036309546341034,0.024213847771872965,False,False,False,False,18.31281089782715,17.281646728515625,False,False
2023-04-15,19.107620239257812,186898140,-0.007360920127051638,0.08989630624255811,0.07863308443329087,0.18524856579169713,0.051580211624615624,0.12887994246516973,0.47802823708857606,63.54868559903149,0.16805291026868846,0.03918406842251765,15.941043545012084,0.6232529949649707,0.07466851393996737,0.11618890849059867,0.19413165453065723,-0.2727029181679089,True,False,False,False,18.31281089782715,17.281646728515625,False,False
2023-04-16,20.20197868347168,272546344,0.05569333334401213,0.14010410041590607,0.15719835961957213,0.13524667841924948,0.013873240179000408,0.18793244690704497,0.5239338358862906,70.32046075558497,0.22833395892513986,0.03980416651517266,18.356102419562173,0.5418489287266774,0.12452162876847653,0.17703329912994895,0.26136308247883777,0.4582614037785502,False,False,False,False,18.31281089782715,17.281646728515625,False,False
2023-04-17,20.514562606811523,504173915,0.015354450777013485,0.13451876011997171,0.18199662355305163,0.1886650177671991,0.09717632676935295,0.18050262454157986,0.5426926247146844,71.92482696369575,0.27083296588784156,0.04010470452736954,20.810563784610416,0.5206464223610108,0.13000697559165947,0.1923683663743022,0.2796153476054992,0.8498648985729929,True,False,False,False,18.31281089782715,17.281646728515625,False,False
2023-04-18,21.227848052978516,289785299,0.03417890206723005,0.15585058197719362,0.1847412288193231,0.1895134246769412,0.08605968448941695,0.29502990170879484,0.6232561162311622,75.21699319577266,0.3249132174029059,0.03984038514479821,24.744277826024838,0.5212091408398108,0.15676391231968126,0.22912857804912132,0.32244437692126876,-0.4252275050762989,False,False,False,False,18.31281089782715,17.281646728515625,False,False
2023-04-19,18.993925094604492,375670294,-0.1111947109030832,0.026828612602870443,0.05432945491787295,0.1322608540777546,-0.030322901661760746,0.15933304641013196,0.46189907615262416,53.899590402103314,0.19459289438236516,0.05050460178576792,24.16286348134048,0.631176930553706,0.030123499434529473,0.09734989131865891,0.18253111359521787,0.2963745755784526,False,False,False,False,18.31281089782715,17.281646728515625,False,False
2023-04-20,18.332067489624023,294882989,-0.035467348018321854,-0.028092470670919575,0.01817180111056591,0.04728171730695837,-0.07713494968491427,0.045236016059883255,0.4493675927364514,49.42978987457483,0.05540749200642492,0.05290068344111858,23.864424246892384,0.6243107856748951,-0.007427724979384853,0.05841353827495314,0.1406862375819594,-0.21504842488291076,False,True,False,False,18.31281089782715,17.281646728515625,False,False
2023-04-21,16.953628540039062,312839997,-0.07816996408535015,-0.12696625694555122,-0.038805946579819596,0.010305395307640535,-0.20498857545562582,0.0033772120090472427,0.3587084762726513,41.67777105572544,-0.12789487380888065,0.060211797778219625,24.695678101266395,0.6679881237282573,-0.08029656314207292,-0.020613514555587294,0.05498530371349992,0.06089536755204272,False,True,True,False,21.52521324157715,17.281646728515625,False,True
2023-04-22,17.23383903503418,141967935,0.016392952733717502,-0.10321238408478217,-0.013316077842223956,-0.01891598017339145,-0.1947925879921064,-0.007424754559552803,0.38032507873766513,43.613664588391096,-0.22309725377808431,0.057025874781746415,24.73088580176584,0.6506128991694109,-0.06502096952013757,-0.005092239248301033,0.07249107894174464,-0.5461963420233635,False,True,False,False,21.52521324157715,17.281646728515625,False,False
2023-04-23,16.86546516418457,135279687,-0.021606787045506098,-0.18051250447430028,-0.0404084040583942,-0.007166119391291728,-0.18606568624461084,-0.0654695342567607,0.3673533043214916,41.65610445005856,-0.2989722585744221,0.05688515515575087,25.068492599815972,0.6444357104806334,-0.08442113595338548,-0.027198192645439326,0.04973255453963509,-0.047110976151058304,False,False,False,False,21.52521324157715,17.281646728515625,False,False
2023-04-24,16.939165115356445,162414862,0.004360353438677997,-0.19150660181263576,-0.056987841692664076,0.003492071105004301,-0.15112416398421852,-0.004720402577177862,0.371357249622226,42.2149236139267,-0.3298622091074426,0.05521867898969372,25.846456599462325,0.6442467753495834,-0.07864966075383252,-0.02382534837763427,0.054352111767940574,0.20058573169229765,False,False,False,False,21.52521324157715,17.281646728515625,False,False
2023-04-25,17.64320945739746,201291903,0.040722572856929616,-0.18496293102293612,-0.029112349045742506,0.029284689945691382,-0.04029165123364505,-0.009066009510544735,0.4087252381463152,47.398087039199986,-0.2899581677587206,0.05300596592252214,26.048012357995365,0.65784935776648,-0.03945079413543813,0.015438071657412001,0.09792189015966095,0.23936874077447423,False,False,False,False,21.52521324157715,17.281646728515625,False,False
2023-04-26,17.189762115478516,301564451,-0.02603699530063025,-0.09980521542048319,-0.07297660281761284,0.04076138070384475,-0.043813171577083455,-0.05204173383231618,0.3893172320238225,44.62195970981933,-0.2809812014337222,0.057808103193623894,26.65690017588608,0.6505756998569924,-0.06206414864052148,-0.01181985852853239,0.06956966614017074,0.4981449651255967,False,False,False,False,21.52521324157715,17.281646728515625,False,True
2023-04-27,17.724498748779297,204597089,0.030633811924975763,-0.03370405547718562,-0.0617965261481052,0.05796732895927838,-0.03978347548270103,-0.18160215261264032,0.4587738484086424,48.455981706507885,-0.22815530826978853,0.05508003080571626,26.59101187120023,0.6573263658325875,-0.03315084645686109,0.01589500022080186,0.10255991758037915,-0.3215477211536448,False,False,False,False,21.52521324157715,17.281646728515625,False,False
2023-04-28,17.56381607055664,127740732,-0.00910691199470742,0.03535899661345718,-0.091607260332094,0.015484753248779676,-0.021177440011574507,-0.1596909179718233,0.4686099326195002,47.39415030016601,-0.19447500160488082,0.05365110034529637,26.51108477456231,0.648390878178967,-0.0421743961723997,0.003052080584157499,0.09211440505315018,-0.37564736319391134,False,False,False,False,21.52521324157715,17.281646728515625,False,False
2023-04-29,17.48208236694336,98790066,-0.004664389012355837,0.014301654867383818,-0.08891072921739819,0.013634951886846665,0.02320309377251877,-0.18713773247659957,0.475146902621037,46.83198052210116,-0.1690787679880788,0.05131542791853244,26.574311502452456,0.6485425623090032,-0.04642665590749691,-0.004631128731579796,0.08651525218225577,-0.22663613670226967,False,False,True,True,18.196632385253906,16.4422664642334,False,False
2023-04-30,17.166259765625,117908615,-0.01823067592845847,0.017677765984431455,-0.16283473848986885,-0.03157262503877948,-0.034060497172066946,-0.13965917454045743,0.4539415223448263,44.629116192808205,-0.1647597852639731,0.051276338592998634,27.15079117901921,0.6444305321199548,-0.06169253189246608,-0.02541773049505918,0.06648757955386045,0.1935270394494928,False,False,False,False,18.196632385253906,16.4422664642334,False,False
2023-05-01,16.65838050842285,136356603,-0.030032392111683983,-0.016714979565930422,-0.20822158137856625,-0.058540712824249795,-0.04625606848069291,-0.1750134462578757,0.4272825706350228,41.26744838265796,-0.18575910949742683,0.05195995753057914,28.366759439824595,0.6523074640491111,-0.08568996314573629,-0.05468290587346835,0.03461748086740731,0.15646005171038602,False,True,False,False,18.196632385253906,16.4422664642334,False,False
2023-05-02,16.854707717895508,109496323,0.011716583926720075,-0.045720968496140046,-0.23068389951907617,-0.023952187055260497,0.011956600206839169,-0.21824175693864792,0.4128663471475654,43.053158071905486,-0.17616244462447928,0.04954787909430521,29.19253498548192,0.6494965358237552,-0.07074125856785714,-0.04392667567851293,0.04643000075508288,-0.19698554678719882,False,True,False,False,18.196632385253906,16.4422664642334,False,False
2023-05-03,17.222131729125977,162088946,0.02156527756897995,0.0018813043734703088,-0.09792391104701291,0.007056903670185442,0.06627069373735466,-0.2068648611278149,0.4139468995802031,46.341252213408936,-0.13657137153266924,0.048650966176814796,29.40460686713991,0.6532965622188572,-0.04619220790020145,-0.023130553308655964,0.0686505983625183,0.4803140558427701,False,False,False,False,18.196632385253906,16.4422664642334,False,False
2023-05-04,16.91795539855957,113190608,-0.017819777583589325,-0.04657228513509487,-0.08027634061228049,-0.04219717071436227,0.04587742079911234,-0.23338729969322905,0.33702194409725394,44.072511005698686,-0.12280450498149781,0.04775867943332222,29.427855749582466,0.6462432342678853,-0.05695150519097741,-0.04183267741381139,0.04939761875589974,-0.3016759575942952,False,False,False,False,18.196632385253906,16.4422664642334,False,False
2023-05-05,17.38660430908203,171744723,0.027324534878548214,-0.010140838261839195,0.02521815835161794,-0.034089698834181136,0.05086319262907945,-0.18999481797624776,0.3926815136833321,48.274266091234956,-0.07634563495199623,0.04527224168706005,29.053198513228956,0.6501069245583153,-0.026156642690156474,-0.016971744841064562,0.07806554025861365,0.5173054198984424,False,False,False,False,18.196632385253906,16.4422664642334,False,False
2023-05-06,16.63551902770996,133852669,-0.04415993249824235,-0.049636381747725646,-0.03533472688034177,-0.07893993712140858,0.02839587869598043,-0.18957847973385927,0.3450345489169634,42.7331568380168,-0.08949808068826254,0.04814455336588774,27.23405402582336,0.6671210935549136,-0.058825257250438356,-0.058361240475163306,0.0312499167067604,-0.2206300917903603,False,False,False,True,18.196632385253906,16.440670013427734,False,False
2023-05-07,16.447729110717773,95305315,-0.011352690226893756,-0.04275839604616102,-0.025080630061729472,-0.06910041095333767,0.08322024761549708,-0.17457835104512892,0.33689395996434623,41.45202310471173,-0.1031720929210056,0.046506263169239254,23.78257120158634,0.6645534131645642,-0.05861977728711334,-0.06842180646331443,0.019185133696587982,-0.28798345440538065,False,True,False,False,18.196632385253906,16.440670013427734,False,False
2023-05-08,15.423477172851562,244045721,-0.06429657939588326,-0.07702258333036033,-0.09373756289629069,-0.12430007434534272,0.06838765570228862,-0.30123376070364694,0.24495365199773741,35.24545142993502,-0.1696021005878881,0.052708672306595865,16.451620346197508,0.6986721909965453,-0.10233171794699586,-0.12431169641892352,-0.044352655968972525,1.560672728483191,False,False,False,False,18.196632385253906,16.440670013427734,False,True
2023-05-09,15.335582733154297,116223244,-0.005715043255397714,-0.09445421051247806,-0.14017517900861812,-0.1355006567714046,0.033544481762726085,-0.2696219166022477,0.22795026463352125,34.76441249535168,-0.20547346784162568,0.05071038044626708,16.168503533203772,0.697821149019564,-0.09784290214705552,-0.12800962118493103,-0.04969421756471526,-0.5237644670688572,False,True,True,False,17.482257843017578,16.440670013427734,False,False
2023-05-10,15.53670883178711,226449891,0.013029738573287491,-0.10298974950817066,-0.10110844513470037,-0.14341070927106506,0.05951907574484062,-0.14016692820498944,0.19914662378539455,36.88710442169771,-0.20139790380981226,0.050156196888560586,16.276087024827266,0.6947278902420863,-0.07843378987028722,-0.11461131532284587,-0.0371871202062145,0.94840449471536,False,False,False,False,17.482257843017578,16.440670013427734,False,False
2023-05-11,14.973287582397461,142436558,-0.03693774992012215,-0.12210772184470356,-0.16868000697979837,-0.19319553940119535,-0.08222998589130942,-0.1728481164240731,-0.06092667722157496,33.58979834465342,-0.2208306240173722,0.051578042675835475,19.065320474767685,0.7005080303361986,-0.10660623781302618,-0.14495843917578832,-0.07172018510231647,-0.3710018699015404,False,False,False,False,17.482257843017578,16.440670013427734,False,False
2023-05-12,15.192852973937988,152580777,0.014557332487867688,-0.13487492423538416,-0.1450157624972233,-0.19646546538456777,-0.08254046456196208,-0.17116117782025406,-0.0172594857729277,35.9910663675238,-0.20350749016451303,0.0496659414449348,20.646602992318726,0.6991738832264545,-0.08795235665655195,-0.13006549531975145,-0.057942583408658904,0.07121920904603729,False,False,False,False,17.482257843017578,16.440670013427734,False,False
2023-05-13,14.942066192626953,76672620,-0.016644648676135496,-0.10735964041327731,-0.15699602216100303,-0.23256384931617152,-0.1396129808586119,-0.17325788570337639,-0.06604440184077219,34.45847177260478,-0.19360754847502726,0.04816983459236317,22.593569031128567,0.6935923176105353,-0.09779882904041484,-0.1424173286823045,-0.07299680639518569,-0.4974948908537804,False,False,False,False,17.482257843017578,16.440670013427734,False,False
2023-05-14,15.03024959564209,81176240,0.005884340608661149,-0.09012260957772249,-0.1328810056238834,-0.2473833308967918,-0.036254936434703365,-0.15902495527083182,-0.12067827379591561,35.49855693837105,-0.1668057350913571,0.045830554814605844,24.000709682367916,0.6878423090546927,-0.08721392366451257,-0.13552049214390663,-0.0669514302740859,0.05873830840787764,False,False,False,False,17.482257843017578,16.440670013427734,False,False
2023-05-15,15.093147277832031,130822729,0.00417600802860207,-0.021650022153237067,-0.09867260548359738,-0.23584640274113813,-0.05059783694944101,-0.18426619111652237,-0.10696646027596828,36.27532690551644,-0.13204864293831686,0.04464937865867102,24.29648676513909,0.6892049800058639,-0.07624125154060117,-0.12986007579153097,-0.0625170314724034,0.6115889206004121,False,False,False,True,17.482257843017578,14.67658805847168,False,False
2023-05-16,14.903059005737305,115280580,-0.012674323873841717,-0.028609302771681156,-0.12306351328415924,-0.3042140599589918,-0.1689673815397425,-0.2903408197799916,-0.11628161305194686,34.90714849592108,-0.10997136738920821,0.04377003214291198,25.1270381682212,0.64999658042167,-0.08144758404571881,-0.1392308208402598,-0.07333480554417607,-0.11880312479951405,False,False,False,False,17.482257843017578,14.67658805847168,False,False
2023-05-17,15.164073944091797,130832786,0.017362579655956417,-0.024276461689012027,-0.12726621119718273,-0.3022059310800489,-0.11354091331284964,-0.20502960431069603,-0.12170330653846906,38.345804686974496,-0.06795988248111184,0.042728921552595445,24.424980507295295,0.6510248626737224,-0.05792635142383321,-0.12257175916964498,-0.056182502970200277,0.13490742326244365,False,False,False,False,17.482257843017578,14.67658805847168,False,False
2023-05-18,14.70057201385498,131860692,-0.031042668399433194,-0.01838138016832305,-0.14048910201302658,-0.367427501546712,-0.17791407686977087,-0.281367817057295,-0.07239759983791724,34.82738830772186,-0.061738412427123635,0.04422782642425613,24.24917414404418,0.6347721117452348,-0.07852598477907839,-0.14683054648629468,-0.08401479702399312,0.007856639237201701,False,False,True,False,15.343143463134766,14.67658805847168,False,False
2023-05-19,14.67898941040039,96148692,-0.001469225971437916,-0.03440793862762857,-0.16928286286301272,-0.25770201661506675,-0.1254411625373123,-0.2880249182768276,-0.09836897020493489,34.66787622598906,-0.049932596695168696,0.04214183422995139,23.729865261196988,0.5254721620028026,-0.07172366252659024,-0.14553782671711743,-0.08403760700942772,-0.270831280029988,False,False,False,False,15.343143463134766,14.67658805847168,False,False
2023-05-20,14.636693954467773,69935200,-0.002885519314216532,-0.020648809265709552,-0.128008449678987,-0.22512018791096142,-0.17783847060400323,-0.3022551375958757,-0.17988417185107813,34.33598426060742,-0.03645354101582443,0.03994593891620243,23.394388488262983,0.5167137219175226,-0.06693544071868286,-0.14493360864746488,-0.08552641422035749,-0.27263493090472823,False,False,False,False,15.343143463134766,14.67658805847168,False,True
2023-05-21,14.313434600830078,84412582,-0.022333081445259292,-0.04886623131963006,-0.13898884089735242,-0.1692833052708706,-0.15897790996322997,-0.3742718807264965,-0.16590609326182326,31.82802078581456,-0.04047969990017353,0.040105795693004556,24.03277443688564,0.4534328084283723,-0.08067132514367253,-0.16053319710285566,-0.10472068722352616,0.20701137624543864,False,False,False,False,15.343143463134766,14.67658805847168,False,False
2023-05-22,14.680551528930664,125232952,0.025325013767429592,-0.027717225580802522,-0.04936724773403965,-0.16035124423715846,-0.17926722441054996,-0.35514383222926493,-0.1677759987967113,37.418578361656785,-0.011116267359114307,0.03925491285129307,23.43016701353308,0.45992014152043154,-0.05046220797952533,-0.13638589090988043,-0.08079023436850993,0.48358158266027207,False,False,False,False,15.343143463134766,14.67658805847168,False,False
2023-05-23,14.711454391479492,105989745,0.0021028080914043223,-0.012940093615556479,-0.04154939638723754,-0.13664164910024806,-0.14380776849153967,-0.3227073353448588,-0.20211118335700873,37.880381610233066,0.0162047745846845,0.03793247895500541,21.46699784597406,0.456793722986489,-0.040674138120639976,-0.13212800478975603,-0.07750241947627902,-0.15365929408100198,False,False,False,False,15.343143463134766,14.67658805847168,False,False
2023-05-24,14.147786140441895,131193367,-0.03906824531990287,-0.06937091859141571,-0.09364738028042786,-0.18007024785882877,-0.1765781767538245,-0.3311944118430473,-0.18479065043600665,33.08471963042538,0.0028323981035058843,0.04008031997497532,20.44606519833137,0.4710216347482248,-0.06902198518953995,-0.16192025589711362,-0.1113278115852255,0.23779302422135284,False,False,False,False,15.343143463134766,14.67658805847168,False,True
2023-05-25,14.095544815063477,128871426,-0.003699378450745023,-0.042027628642727625,-0.06040900881105058,-0.22449219916650348,-0.19520750922081206,-0.26478385040014857,-0.23355820867704827,32.67187787842437,-0.0027132066111714703,0.039449420771707884,16.76940446193861,0.44002479643051085,-0.062306116194599026,-0.16114493130625326,-0.11344437434871857,-0.017698615814929153,False,True,False,False,15.343143463134766,14.67658805847168,False,False
2023-05-26,14.345760345458984,122877712,0.017595675351259974,-0.02296272732002983,-0.05737066594765835,-0.18085952851461334,-0.14009814781076846,-0.22467270009169676,-0.2329012623469296,36.74331155856918,0.016245841238269998,0.03799074096369164,14.164706549815905,0.4431775428601051,-0.038336513739173614,-0.14252256144944112,-0.09664922124615262,-0.046509254890995,False,False,True,False,14.946106910705566,14.67658805847168,False,False
2023-05-27,14.549345970153809,100317944,0.014091589859011962,-0.0059856181468013305,-0.026634427412510937,-0.19740175058057716,-0.1394344216212988,-0.23718522606327822,-0.37900390319321753,39.92642329419334,0.046557226760045256,0.03622804355457472,10.786634800193037,0.4294987229422327,-0.018443695487705438,-0.12714507724818083,-0.08341324246158795,-0.18359528048504026,True,False,False,False,14.946106910705566,14.67658805847168,False,False
2023-05-28,14.935823440551758,154009924,0.026216543000814867,0.04256400629927273,-0.006302225020357312,-0.162078295585055,-0.1465935423362754,-0.1832557355966295,-0.3217692135568782,45.52999112921122,0.09396068167400096,0.0358632291417421,10.177630896029044,0.44430085441415934,0.009289833676982799,-0.10123194934608584,-0.05966346124014291,0.5352181061445995,False,False,False,True,14.946106910705566,13.833481788635254,False,False
2023-05-29,14.484777450561523,134187210,-0.030664318130899978,-0.013425325599056775,-0.04114255117985933,-0.18807822470359917,-0.17444327281675245,-0.16487513093108033,-0.3752159571801986,40.75233420601344,0.09592920108319392,0.03720436523018747,9.790848554135916,0.4529290447305992,-0.01836778473081668,-0.12513489168659506,-0.08780169095038115,-0.12871062776448094,False,False,False,False,14.946106910705566,13.833481788635254,False,False
2023-05-30,14.4511137008667,136632953,-0.0023267826593889036,-0.01785491634985005,-0.03079500996540647,-0.1721743314345295,-0.20374695647330895,-0.20623482860659648,-0.3118335059749869,40.4114956900792,0.09573450753960733,0.036175393025379865,8.674900243903187,0.4510359862075252,-0.017033297162996563,-0.12348197279155375,-0.09002359342127436,0.018226349590247937,False,False,False,False,14.946106910705566,13.833481788635254,False,False
2023-05-31,14.119641304016113,128954994,-0.02320465596869845,-0.00199132699864559,-0.0713622455900613,-0.16534659529154397,-0.22388730811579372,-0.21160266377223685,-0.34036004154941973,37.11944012704384,0.07497050974892427,0.03658463594621279,9.175648355163975,0.4470182896005672,-0.036783629872445406,-0.13936429983000367,-0.1111915647260302,-0.056194050054674594,False,False,True,False,15.034667015075684,13.833481788635254,False,False
2023-06-01,14.10698413848877,116708033,-0.0008968246240746353,0.0008112268280248577,-0.04121640181470282,-0.17796000384233865,-0.20191219089759924,-0.16600340363549956,-0.3962017607809865,36.995507687706,0.06257772392071526,0.035986147967233796,9.128837897053693,0.4430473334975092,-0.0340694649728401,-0.1355155287277235,-0.11228307142187868,-0.09497081594218837,False,True,False,False,15.034667015075684,13.833481788635254,False,False
2023-06-02,14.490138053894043,128575136,0.026798280096066437,0.010013831572831278,-0.012948895747198427,-0.1727270013152522,-0.1656700976450667,-0.10645630757789766,-0.37959186244306714,43.18002886646213,0.08119861309175946,0.03516636035732606,8.911599532679784,0.44748883543934886,-0.006296754263041996,-0.10726050031959689,-0.08856887263873667,0.10168197248256261,False,False,False,False,15.034667015075684,13.833481788635254,False,False
2023-06-03,14.574328422546387,91435614,0.0057933700035302975,0.001715611717349671,-0.00427000642945162,-0.14911385372813252,-0.19131102444249493,-0.1032364329290203,-0.38250115342136165,44.46987249302989,0.0990179119532586,0.033323695938041194,8.467036327221585,0.44705746792926343,0.001041778923091301,-0.0968716050816731,-0.08358391092377841,-0.2888546196054578,True,False,False,False,15.034667015075684,13.833481788635254,False,False
2023-06-04,14.782492637634277,112060061,0.014181896847020578,-0.01031903443644458,0.03224497186282823,-0.16225649175966045,-0.19634619059384145,-0.11139329913058099,-0.3522513097359081,47.63509825432236,0.12308671185020548,0.032365283526027626,7.92232597696095,0.4373530600706806,0.016423987868328323,-0.07903562500818967,-0.07099249520349246,0.22556251440494512,False,False,False,True,15.034667015075684,13.893011093139648,False,False
2023-06-05,13.897244453430176,236605569,-0.06175297094274443,-0.041407687248289006,-0.05483301284734582,-0.1798495302041625,-0.25878946732557107,-0.1514536515081821,-0.3694280099380217,37.774227486288034,0.07975128723454167,0.03846384696897469,8.500896927063142,0.4606570015431314,-0.041128765610624694,-0.12733196057308807,-0.12690253917002783,1.1114174567511612,False,False,False,False,15.034667015075684,13.893011093139648,False,False
2023-06-06,14.631876945495605,170072629,0.05151192137134291,0.012431016782442857,-0.005423899567407219,-0.11698491860592566,-0.18608532955926338,-0.03376467099042851,-0.2915632696510547,47.48891745116675,0.09963514620521313,0.03787067784793369,7.451620746622186,0.5018054627726736,0.011415799284581866,-0.07436261629117381,-0.08122311932442328,-0.28119769235017456,False,False,False,False,15.034667015075684,13.893011093139648,False,False
2023-06-07,14.032129287719727,159208577,-0.041852851730831135,-0.0062171789796898426,-0.008208505978335412,-0.0945411909408735,-0.21884126528621634,-0.02615353523858491,-0.3957749516445206,41.75733513190273,0.07271717016313256,0.0401599018777388,7.751095767233022,0.4730911352805498,-0.027795175576559063,-0.1041475914059784,-0.1192009769370243,-0.06387889729158003,False,False,True,False,14.915099143981934,13.893011093139648,False,False
2023-06-08,13.931173324584961,110532058,-0.007220635070707498,-0.012540989426322799,-0.011729762598297968,-0.09604678275618347,-0.23154743952758808,-0.06250230099345738,-0.3656686993584312,40.86328143640132,0.04954177896492401,0.03900874182729767,8.1679608160608,0.47322295303081335,-0.03228286836698472,-0.10480600773165692,-0.12601374559351505,-0.30574055692991964,False,False,False,True,14.915099143981934,13.60968017578125,False,False
2023-06-09,13.767868041992188,130556047,-0.011791539829599827,-0.05113080935198912,-0.04111697777915779,-0.12086806115907067,-0.2642787704301358,-0.061348985414230145,-0.26103498936406005,39.39397111235225,0.025835156099102974,0.03918121122630426,8.872508041344522,0.4704192754946097,-0.040732031991794156,-0.11007967673565919,-0.13678240626557378,0.18116001241920232,False,False,False,False,14.915099143981934,13.60968017578125,False,False
2023-06-10,11.680257797241211,430714377,-0.16443742562601915,-0.22136160498153865,-0.21964599326418882,-0.24836773686496763,-0.44156327626616304,-0.33059772275627713,-0.4212158532890408,26.350302311524686,-0.11982522284468705,0.06333601213432456,18.678567711416857,0.7243601782892651,-0.1786505824064585,-0.23983539169231838,-0.26752395988251054,2.2990764265403962,False,True,False,False,14.915099143981934,13.60968017578125,False,True
2023-06-11,11.575257301330566,121882450,-0.009030220056243205,-0.24457372188480234,-0.2548927563212468,-0.2719552894090785,-0.4684207547936463,-0.35449575397104066,-0.44311646722933257,25.886041256597224,-0.2074894673505524,0.061167494200621425,24.730688270688546,0.7196580521496042,-0.17704907485664573,-0.24107923514805998,-0.2737769696605935,-0.7170225641202592,False,True,False,False,14.915099143981934,13.60968017578125,False,False
2023-06-12,11.520296096801758,125715031,-0.004759470997064904,-0.18758022193912274,-0.22898790918741177,-0.2600701117300079,-0.49263396104617946,-0.39968309258861984,-0.43332799743338435,25.631475586340414,-0.2505410526652928,0.058819275182777936,29.247343504250665,0.7192765311779201,-0.17155884236503696,-0.23935131345013927,-0.2769029702856694,0.03144489629146774,False,False,False,False,14.915099143981934,13.60968017578125,False,False
2023-06-13,11.787354469299316,139037459,0.022916943909736365,-0.2161751994007295,-0.20374418261828658,-0.2430375084289327,-0.49042083932572444,-0.27929244486363597,-0.4020624636997646,29.271173093613967,-0.24225188140065235,0.05692890261697458,32.323641610037335,0.7260359264403811,-0.14509865285017312,-0.21638725545973267,-0.25989867861268307,0.10597323083824395,False,False,False,True,14.915099143981934,10.423677444458008,False,False
2023-06-14,11.366084098815918,135945535,-0.03639345969021148,-0.21071580736010986,-0.2169329863397997,-0.28360697614774627,-0.5194533788888843,-0.33420481309718725,-0.4678731672642687,27.024340902710094,-0.24559324187806253,0.05914519668373923,36.021522878004866,0.7311738087400742,-0.16741117873616385,-0.23803359560701978,-0.28603857290267437,-0.022238064635516697,False,False,False,False,14.915099143981934,10.423677444458008,False,False
2023-06-15,11.40145206451416,140941560,0.003106879364917539,-0.20038829292448473,-0.21292928235080755,-0.26782577290898696,-0.5720398328679789,-0.43679315444872935,-0.5581665926889784,27.52730705327501,-0.2263478861916416,0.057970833704841566,38.83202214738197,0.7323699567555664,-0.15571578653859955,-0.22968430713112167,-0.2834849226578444,0.03675019558384163,False,False,False,False,14.915099143981934,10.423677444458008,False,False
2023-06-16,11.541641235351562,93292947,0.012220751032471633,-0.17637600206241316,-0.22750681141440215,-0.2729676015324717,-0.5751735326125205,-0.3865085148453214,-0.4779972058431676,29.59855168333398,-0.18674915068902753,0.055763516527147484,40.56596564259839,0.7302634001523267,-0.13570986183427566,-0.2136429828313967,-0.27446598499130415,-0.33807354622724484,False,False,False,False,14.915099143981934,10.423677444458008,False,False
2023-06-17,11.625213623046875,89125242,0.007214855078933856,-0.004723721357460136,-0.2260853263389987,-0.2347100780541047,-0.6021375796008167,-0.4126241549238756,-0.5160778951113998,30.867007599836043,-0.1396566539200813,0.053463920422751415,41.040305480516416,0.7279832759932513,-0.11852511319271197,-0.20148729293366782,-0.26901765181282555,-0.044673312763932715,False,False,False,False,14.915099143981934,10.423677444458008,False,False
2023-06-18,11.342635154724121,95386928,-0.024607679216594073,-0.02030118051781102,-0.2648749024026133,-0.257848531299261,-0.5155505479143278,-0.38328969383657324,-0.5458734495760884,28.966577462270592,-0.11338446573695937,0.052709805500779666,42.22821846039608,0.7299125890228898,-0.1295825628915709,-0.21427009751872472,-0.28637875718656475,0.07025715565518476,False,False,False,True,14.915099143981934,11.032645225524902,False,False
2023-06-19,11.454609870910645,89600908,0.009823609524162754,-0.005718099996583431,-0.19329832193570617,-0.2451394024608817,-0.47025959037184323,-0.4229778730648849,-0.5473945400567574,30.78511581047667,-0.07610138651638265,0.05018863278292583,42.73116203102562,0.7325053785939165,-0.11076593292916229,-0.20018427294336258,-0.27900883387296105,-0.060658416423684414,False,False,False,False,14.915099143981934,11.032645225524902,False,False
2023-06-20,12.106450080871582,123591888,0.05534611732088488,0.02671107341456522,-0.1894641259861641,-0.16746020369473744,-0.33674350896560795,-0.32643811365796743,-0.5417320844212338,40.35752472718819,0.0007550703120033919,0.049422735247746576,42.417337892282326,0.7630772982672482,-0.05276083086489606,-0.14926173534778656,-0.23762476009857575,0.37935977166659973,False,False,False,False,14.915099143981934,11.032645225524902,False,False
2023-06-21,12.917662620544434,199602351,0.06485719515628012,0.1279617282610567,-0.08275407909905307,-0.12792802230588696,-0.2882792665430455,-0.30719524671643694,-0.48307185453515183,49.68379171019287,0.10855545989643811,0.04818478196254337,41.55207378123572,0.7950202240214967,0.015435074537932188,-0.08720591381111409,-0.18640898317410756,0.6150117473729344,True,False,False,False,14.915099143981934,11.032645225524902,False,False
2023-06-22,12.667882919311523,171555239,-0.019525683871086368,0.10532916502505288,-0.09505912789943176,-0.14955651426837765,-0.2861981633686257,-0.2933642827599174,-0.4722638496132364,47.234617072813684,0.16214236650016578,0.04882663785205643,39.83070640714248,0.7964183088538652,0.002983912397603609,-0.09905723791037085,-0.20182467745527014,-0.14051493812314864,True,False,False,False,14.915099143981934,11.032645225524902,False,False
2023-06-23,13.281949996948242,171643520,0.047336083994066976,0.14044449798664815,-0.03593150407576505,-0.06315218495440786,-0.24322243281323674,-0.2397303617082325,-0.3943465967974553,53.32609300901172,0.233699326141541,0.047644276208652254,37.797246098145145,0.806835875538258,0.05701078578926229,-0.05047381855068371,-0.16304908576314853,0.0005145922707729955,False,False,False,True,14.915099143981934,11.205348014831543,False,False
2023-06-24,13.024869918823242,122944055,-0.01954536983733261,0.1136842730703818,0.10896055171292152,-0.07899817634099539,-0.30349037550749897,-0.2742056855618075,-0.343782026741144,50.68785112169502,0.2566412084635594,0.0483065255247105,34.62939786551622,0.8091199318954772,0.04385220454100074,-0.06300900979151298,-0.1790828352753937,-0.283724459857267,False,False,False,False,14.915099143981934,11.205348014831543,False,False
2023-06-25,13.442519187927246,150750404,0.031562156557283685,0.16985410884425947,0.14955292832644831,-0.06503169513497176,-0.24589122364958504,-0.20512984294574024,-0.28970439522666863,54.6161470329376,0.2903841641934847,0.04706032984723383,33.86929567257164,0.8149602554086203,0.07929050349444483,-0.028500837066741298,-0.1528073451228725,0.22617074896382738,False,False,False,False,14.915099143981934,11.205348014831543,False,False
2023-06-26,13.152833938598633,163891431,-0.021785513064518702,0.13824498625557796,0.13252688625899461,-0.10090879805850238,-0.29831054863907963,-0.2403432196798011,-0.33809402412178075,51.548764989324695,0.28332588123413105,0.04796094431643993,30.549326435637873,0.8155591592822042,0.06233958868791935,-0.04488786440453205,-0.1709979595186376,0.08717075809627683,False,False,False,False,14.915099143981934,11.205348014831543,False,False
2023-06-27,13.205107688903809,114157872,0.0039664568332526415,0.08686532576794556,0.113576399182511,-0.1231588842260645,-0.2852371798111195,-0.2697524265623398,-0.3064146198226941,52.07185853464482,0.2722414466554643,0.04617210108261905,28.81282322274527,0.8090689341493117,0.07013580600412841,-0.037992532124829885,-0.1676385123654522,-0.30345429713161753,False,False,False,False,14.915099143981934,11.205348014831543,False,False
2023-06-28,12.355886459350586,170640369,-0.06647111497344571,-0.04446298436178013,0.08349874389927674,-0.15896568106861028,-0.3470439057722094,-0.3334089538853628,-0.3238408119996906,43.798920313948,0.20106276573447734,0.051781375637054886,26.44800444292749,0.8331449756231197,0.007747791430291376,-0.09593429796503435,-0.2208916908052635,0.49477531431209587,False,False,True,False,13.674091339111328,11.205348014831543,False,False
2023-06-29,12.677756309509277,133351344,0.02571640024888439,0.000779099758190646,0.1061082647832434,-0.1309224981603371,-0.3030968295948665,-0.33466945463364595,-0.3371573267669336,47.22153194207423,0.17022751360720778,0.05042209237398598,24.28915443859203,0.8401170702447797,0.038616693447183784,-0.06848626266465666,-0.20051599229311112,-0.2185240527697171,False,True,False,False,13.674091339111328,11.205348014831543,False,False
2023-06-30,13.013050079345703,252369786,0.02610372004367473,-0.020453264192201726,0.11999123379444634,-0.08161412214796393,-0.24696071743950798,-0.3055014302637577,-0.29321678592020084,50.596724654719594,0.16676387619120925,0.05072984136802512,24.46864557669179,0.8437965271520146,0.06029682038941633,-0.041087881776015606,-0.1793772941171043,0.8925177537018301,False,False,False,False,13.674091339111328,11.205348014831543,False,False
2023-07-01,12.994583129882812,116343644,-0.0014201178875374728,-0.0023280122424065644,0.11135626082797519,-0.08213741541142686,-0.26009741925376556,-0.2840496063090259,-0.24814081904692648,50.40553061670666,0.15768153493382853,0.04844167428976603,24.255613215755112,0.843784266756165,0.05270508806980239,-0.03933637927919963,-0.180352257627888,-0.5389953534295108,False,False,False,True,13.674091339111328,12.174284934997559,False,False
2023-07-02,13.119144439697266,139911155,0.009539982692094702,-0.024350186107595515,0.14550392273666388,-0.09939571281539865,-0.27212271413065087,-0.26506581046046535,-0.20585202039329625,51.73047502182502,0.15432195155080103,0.0469701335808587,23.87761771664936,0.8383103356144823,0.055957320361820266,-0.027506649255617754,-0.17233660079193303,0.20256810075503573,False,False,False,False,13.674091339111328,12.174284934997559,False,False
2023-07-03,13.223526000976562,168312885,0.007924945029294474,0.0053602719862176715,0.14360525824179543,-0.09726413778963458,-0.24637799151776707,-0.2885751622321295,-0.20050057071865487,52.86683598863551,0.15308584149591328,0.04507574684565277,23.881322959414145,0.8386346815569978,0.058242480140302574,-0.017136405515711856,-0.16576522910016128,0.20299832418651675,False,False,False,False,13.674091339111328,12.174284934997559,False,False
2023-07-04,13.042004585266113,141670542,-0.013822245482156787,-0.012428430329191944,0.07443689543875384,-0.12526828011881183,-0.2875247718784722,-0.32161447071265337,-0.23666157924939288,50.63440639738334,0.13465090864738974,0.04432734498935813,22.49925623086147,0.8369987222660278,0.03676332028696199,-0.027663576052325518,-0.17752697782811588,-0.15829057294098425,False,False,False,False,13.674091339111328,12.174284934997559,False,False
2023-07-05,12.670045852661133,134100625,-0.028934657226799117,0.025108027417454604,-0.019354956944325354,-0.0924499664028666,-0.272299496607029,-0.3512394337284376,-0.24390361791104873,46.31824096981087,0.09394231518478391,0.0456683068195659,20.689871007489955,0.8161527301903194,0.0021416803891737067,-0.05223899229001639,-0.20116196737265604,-0.053433246553118985,False,False,False,False,13.674091339111328,12.174284934997559,False,False
2023-07-06,12.410744667053223,153672696,-0.020678010501639484,-0.02128638333306907,-0.020507283574878545,-0.16463989827584896,-0.2816248168817747,-0.3507252278351123,-0.1984045692662776,43.53238145881699,0.04838246242075617,0.04784078802975402,19.122150352825102,0.7939164277618954,-0.021730249827749983,-0.06779567189812571,-0.21763111220931014,0.1459506322211399,False,False,True,False,13.431045532226562,12.174284934997559,False,False
2023-07-07,12.739989280700684,109676681,0.026183205934967865,-0.02120689744177601,-0.041660161633977684,-0.09660384061005005,-0.19114503155092372,-0.3154451058962664,-0.12275737584863501,47.82359535771419,0.03961960161664005,0.045573485205958525,17.437185121956176,0.7901531706066678,-0.00017056197337384364,-0.04023844707224484,-0.1972191979498997,-0.28629689037276995,False,False,False,False,13.431045532226562,12.174284934997559,False,False
2023-07-08,13.66015911102295,285973788,0.06973769327231473,0.04995091371807622,0.04762290147566959,-0.019645512267027775,-0.1156922950232112,-0.25119295179461587,-0.0821478132604852,57.53616050309652,0.09200091187291898,0.04528258012075541,15.218605685650402,0.8298495358825231,0.06238278762047841,0.030664281339899038,-0.13969554895404837,1.6074256204014779,False,False,False,False,13.431045532226562,12.174284934997559,True,False
2023-07-09,13.607531547546387,216696215,-0.003860072309173899,0.03655085871680762,0.012200672609212189,-0.011714044746601848,-0.13258210590567254,-0.27599281517673757,-0.07306303016083202,56.88396230828137,0.11766894342258492,0.04530766260324285,12.23720973408043,0.8289705353050189,0.04950349034453003,0.02829046085251479,-0.14352540742220568,-0.24225147865649843,True,False,False,True,13.431045532226562,12.302614212036133,False,False
2023-07-10,13.38939094543457,173771957,-0.01616075682681247,0.012465156860700785,0.017825428846918435,0.1365626240526048,-0.11180511281236277,-0.3050006522135582,-0.19403509870367222,54.14428588423175,0.11441720199180619,0.04579650654364937,10.86607069874342,0.5851374730311462,0.027595061339340962,0.013221089575173728,-0.157665257442564,-0.19808494578458602,False,False,False,False,13.431045532226562,12.302614212036133,False,False
2023-07-11,13.260403633117676,142550257,-0.009680248692994642,0.01660715364986295,0.004178723320671095,0.1359125954158534,-0.13604269399322513,-0.33250815937779293,-0.2185831585551872,52.53312885694084,0.09863834351385087,0.04555868645102734,10.926696153604176,0.5853317415433826,0.01635894503663322,0.005621609642389214,-0.16616776181353382,-0.1796705322251737,False,False,False,False,13.431045532226562,12.302614212036133,False,False
2023-07-12,13.025257110595703,120763425,-0.01789209697610065,0.02764971390056154,0.052757741318016055,0.12277996943681772,-0.13729014229319023,-0.3698539916093618,-0.27690312315180216,49.63353798519421,0.06883523507068463,0.045357518815687725,10.585547531630825,0.5897309840031183,-0.003029550347193043,-0.009678310879617309,-0.18130026042314856,-0.15283614676331314,False,False,True,False,14.186827659606934,12.302614212036133,False,False
2023-07-13,14.092904090881348,262360528,0.07878108752085006,0.12710881192305087,0.10582242858998187,0.17864411304793137,-0.06439339538100135,-0.311776726277793,-0.10064833181570469,60.3377480582371,0.11478867499743753,0.04506486875761345,12.524558918348532,0.6420465427625287,0.07535212906460162,0.07158525144608573,-0.1148634713498583,1.1725164552098453,False,False,False,False,14.186827659606934,12.302614212036133,False,False
2023-07-14,14.644426345825195,598790026,0.03838839411965239,0.1393140001077356,0.11810710266595949,0.2534259668577952,-0.030181009289950964,-0.2660274120310891,-0.08077884623939202,64.53126953651969,0.17261639571927898,0.048956835556806036,16.049611038084937,0.632886775029564,0.1105735600681107,0.11259277991531472,-0.08106668947617879,1.2823175062370664,True,False,False,False,14.186827659606934,12.302614212036133,True,False
2023-07-15,14.834538459777832,195367689,0.01289833282120768,0.08247463965662856,0.1324255533747047,0.26321742031408535,-0.0046083525949015625,-0.3088224125538934,-0.17357573413464397,65.8708191404148,0.21139748236379582,0.048830590396027974,19.265687921007466,0.6327683499167075,0.11908407823692996,0.12619990679623655,-0.07006740029407746,-0.6737292197315257,True,False,False,True,14.186827659606934,12.914302825927734,False,False
2023-07-16,14.28956413269043,136030082,-0.03742865176794287,0.04890606019785953,0.08545691891466713,0.2135680175136708,-0.05939958401880098,-0.3616055150988497,-0.1729404973316506,58.992803940790914,0.18881422212381477,0.05044951504999365,20.318243859396297,0.652747689504211,0.07337024429836878,0.08525492842369431,-0.10509598920231827,-0.30372272561406,False,False,False,False,14.186827659606934,12.914302825927734,False,False
2023-07-17,14.422088623046875,149018011,0.009231473550370912,0.07429829057504295,0.08676344743574378,0.21558463598510783,-0.019125442068996815,-0.3865529436157089,-0.19703951893876778,60.08429125967471,0.17175887586351846,0.049586571335879355,21.45441379325795,0.6527893183916563,0.07839586823294362,0.09617520122803751,-0.09776532438625668,0.09547835897062829,False,False,True,False,15.872698783874512,12.914302825927734,False,False
2023-07-18,13.79177474975586,128799916,-0.044688581627049966,0.03928995764098768,0.05589711129085055,0.19550373357465217,-0.06234479772460886,-0.32004681433967563,-0.18778596026192113,52.875557501784584,0.10998835296597581,0.05262587635232113,20.315640461241795,0.6686638260171335,0.02575821155706491,0.04937259955336853,-0.1379850167867702,-0.1356755124050072,False,False,False,False,15.872698783874512,12.914302825927734,False,False
2023-07-19,14.006319046020508,124260704,0.015436206374103577,0.07261826099119187,0.10026797489175325,0.20111633042459295,-0.044023072036288836,-0.2691432599472503,-0.221861542640292,54.86072612464005,0.07709552544391571,0.050454705625346756,19.818428914035383,0.6692994645808049,0.036593504126310815,0.06641841414851268,-0.12542382795136847,-0.03524235217668936,False,False,False,False,15.872698783874512,12.914302825927734,False,False
2023-07-20,13.856021881103516,147745163,-0.010788657215035602,-0.016951483744693862,0.11015732817835712,0.1349815558886722,-0.03247864780606513,-0.2017619530769357,-0.1914565577692951,53.17089371335957,0.040567928287063515,0.04978411131114148,19.573097234753824,0.6482269725662799,0.022281284800105484,0.05539870165875801,-0.1356155473991393,0.1889934488058269,False,False,False,False,15.872698783874512,12.914302825927734,False,False
2023-07-21,13.983912467956543,103167756,0.009187628453341104,-0.04615224941100517,0.09316175069673031,0.07931198918573332,-0.04861603312015372,-0.2089672773573122,-0.22788325753070365,54.45642219785619,0.021337794848305003,0.047267705366646595,19.30463166845978,0.6110010458499404,0.027965264321754387,0.0653397289794626,-0.12840676673280663,-0.3017182159797678,False,False,False,True,15.872698783874512,13.708069801330566,False,False
2023-07-22,13.504372596740723,100499241,-0.03489403039487365,-0.0939446126270866,-0.011469972970458066,0.06394364266194587,-0.08561287160643173,-0.22225452070667973,-0.2294206400979715,49.02228937632306,-0.02485597398466155,0.04878990601661069,19.015957544524596,0.6203001692050139,-0.008689594279735958,0.03035439659661902,-0.1588513724476823,-0.025865785042373135,False,False,False,False,15.872698783874512,13.708069801330566,False,True
2023-07-23,13.560688972473145,94629430,0.0041615613446936315,-0.05235439951445011,-0.003448339316590573,0.020769120012572678,-0.0423830649418353,-0.22245331280066408,-0.21896124169565986,49.65763409674385,-0.05127472780159162,0.046649719901370214,18.809065678914777,0.5986006522033143,-0.005785938924789755,0.0362540607659659,-0.15573353910155704,-0.05840652070198227,False,True,False,False,15.872698783874512,13.708069801330566,False,False
2023-07-24,13.103471755981445,136591562,-0.03429787576474315,-0.09588374882956428,-0.02158545825452133,0.006016614085161915,-0.07298156225583345,-0.2974737614223369,-0.2681890714766455,44.77821181566119,-0.09656961925333499,0.04841213727247679,18.724799394856504,0.6070305066910278,-0.039523649101393395,0.0038914026757886455,-0.18454520000826843,0.44343638126109397,False,False,False,False,15.872698783874512,13.708069801330566,False,False
2023-07-25,13.345781326293945,136662247,0.018323114748740706,-0.03287205245377348,0.006417905187214034,-0.007222427723380878,-0.07225412285835268,-0.25311365137296593,-0.21235227066912107,47.710646379024546,-0.10645900801883923,0.04614635103499696,17.641431969040994,0.6001391420233333,-0.024179176537880306,0.02332006135252343,-0.169869933896083,0.0005174917027450654,False,True,False,False,15.872698783874512,13.708069801330566,False,False
2023-07-26,13.264717102050781,124083174,-0.0060926686679013695,-0.054400927495778344,0.018217333495413417,0.008470416673236442,-0.09243838138526589,-0.2898401319658431,-0.23187280300656463,46.81498044363982,-0.11403281401332727,0.04480007254138075,15.711388945437191,0.5955270432352664,-0.0331250870641341,0.019241212886332886,-0.17530245824755403,-0.0920449742056414,False,False,False,False,15.872698783874512,13.708069801330566,False,False
2023-07-27,13.14130973815918,92652961,-0.009346976968868588,-0.052959247249611346,-0.06991073099430521,-0.004843017128884813,-0.12800190135494924,-0.29008019694000425,-0.2745954436912246,45.41717289484733,-0.1222005625633496,0.04390882110157915,14.808907755038398,0.596300520207704,-0.04351931443557861,0.011143013561691744,-0.1832463200329959,-0.25329955695685213,False,False,False,True,15.872698783874512,12.924637794494629,False,False
2023-07-28,13.238449096679688,79610077,0.0073647221865199685,-0.05478215351643251,-0.1009344029274376,0.0689928200310809,-0.08997286103752937,-0.2780510857411284,-0.26441613385428187,46.76458976166548,-0.11595911953734768,0.04173453667062895,15.16560642667217,0.5464968333074119,-0.03496806916138176,0.019704312722972007,-0.17747192352318167,-0.14077136725290407,False,False,False,False,15.872698783874512,12.924637794494629,False,False
2023-07-29,13.246442794799805,55023688,0.0006036421364754473,-0.01928448098508319,-0.11322909361216978,0.04388006191867213,-0.08704243624166494,-0.2592167676761944,-0.2907893927149739,46.880797405497844,-0.10643823463753141,0.039330219234565915,15.468891153315573,0.5399341677614085,-0.0331128402031093,0.021140281948157702,-0.1771069666135267,-0.30883513653679795,False,False,False,False,15.872698783874512,12.924637794494629,False,False
2023-07-30,13.128493309020996,93192348,-0.00894411812914605,-0.032390160458922956,-0.08474455997337298,0.008832223745851383,-0.07278189840211255,-0.23812849369365655,-0.2966692065179063,45.309157423318624,-0.10315576512672917,0.038960212255368304,15.79327895094945,0.5336052412551172,-0.04080891650869143,0.009793110709712286,-0.1837279801418785,0.6936768760392797,False,False,False,False,15.872698783874512,12.924637794494629,False,False
2023-07-31,12.825377464294434,108926782,-0.023359107404500472,-0.021451392098680123,-0.11733514092824433,-0.013106765771111613,-0.09524418118253841,-0.27320418502487714,-0.2971563720801376,41.46227853436875,-0.11553725759003156,0.03975408158975337,16.547711628158993,0.5399420928956775,-0.06146358749744165,-0.015414836327898867,-0.20192138553534975,0.1688382612701207,False,False,False,False,15.872698783874512,12.924637794494629,False,True
2023-08-01,12.875663757324219,122231869,0.003913176650350347,-0.035861330197070544,-0.06873338265084408,-0.018733571812855846,-0.11812928462825449,-0.29085628594350676,-0.28379938227332124,42.33695167684891,-0.11427092806234554,0.0386256569904299,16.830063030106942,0.5389893731861706,-0.05726773114927375,-0.013607107301547215,-0.1980220816535998,0.12214706755956484,False,True,False,False,15.872698783874512,12.924637794494629,False,False
2023-08-02,12.53736400604248,114062163,-0.026625692934318868,-0.05639435446348802,-0.11079528195926643,-0.05328420977646905,-0.15054834756610366,-0.2996622012942362,-0.34185937200859845,38.201464057257574,-0.12905499817973337,0.03944164382949589,18.097078018135125,0.5455253009533073,-0.07677996244142128,-0.04062640872919036,-0.2180169431546929,-0.06683777370695365,False,False,False,False,15.872698783874512,12.924637794494629,False,False
2023-08-03,12.446003913879395,115953076,-0.007313705637716752,-0.054361083132336174,-0.10732033038194755,-0.04677566993202905,-0.172043950050841,-0.3343004418105013,-0.3683901406446824,37.14620018781892,-0.1370708878667918,0.03817160311074238,18.137459277580113,0.5441871605306707,-0.07602857406999049,-0.049188826826244425,-0.222660468492787,0.016577916377054747,False,False,False,False,15.872698783874512,12.924637794494629,False,False
2023-08-04,12.397878646850586,98780738,-0.003874219507047117,-0.06560002482590337,-0.12038217834233576,-0.02171523221227713,-0.11416519861514364,-0.29401472881930624,-0.37295466594071475,36.57308234195439,-0.13735284918286556,0.0370977609470036,17.020723631713818,0.5352675309511593,-0.0712006178060207,-0.05430511351672111,-0.22461462969969948,-0.14809730446478198,False,False,False,False,15.872698783874512,12.924637794494629,False,False
2023-08-05,12.437810897827148,81054019,0.0032157178737324383,-0.06298794908864638,-0.08227243007372961,0.0021784961630948946,-0.16246140211275417,-0.2794463207186799,-0.3485467316720175,37.43564730955362,-0.12683987314139336,0.03519829033545221,16.833395023818202,0.5305239989844754,-0.061700731607436166,-0.052554453904245596,-0.22097497075511244,-0.17945521929589148,False,False,False,False,15.872698783874512,12.924637794494629,False,False
2023-08-06,12.572416305541992,92679576,0.010764133112954365,-0.04327969784654596,-0.07566985830546888,-0.013240576658918637,-0.10984441726896872,-0.20438560820984222,-0.32868568255518504,40.378990694636244,-0.10378103365562555,0.033574759545236456,15.433821450618451,0.5236543429122679,-0.044882443506825215,-0.043680959878689966,-0.21174633070981436,0.14342974158998834,False,False,False,False,15.872698783874512,12.924637794494629,False,False
2023-08-07,12.4482421875,113926596,-0.0099258089120053,-0.02984639935405078,-0.051297791452730924,-0.09290407884323865,-0.11254959111026638,-0.2085963738664498,-0.34409703063785446,38.57603591822816,-0.09034563929470496,0.03401733314074494,15.551791161398157,0.45901550795390883,-0.049464939858336235,-0.05471617289176521,-0.21861357216393676,0.22925245147863005,False,False,False,False,15.872698783874512,12.924637794494629,False,False
2023-08-08,12.691263198852539,122703546,0.01933439644554676,-0.014425179558854475,-0.050286509755924885,-0.0697096100885179,-0.08142365483511985,-0.20229171599419046,-0.34570242526525546,43.85932559078443,-0.060006888164082006,0.03301128802209195,14.453674256707972,0.46561256188885924,-0.026017918739885734,-0.03806851342710737,-0.20214946609804121,0.07704039537879281,False,False,False,False,15.872698783874512,12.924637794494629,False,False
2023-08-09,12.621299743652344,103737727,-0.0055279770384412865,0.006672536337023001,-0.04972181812646492,-0.05907683030014684,0.07748579375245805,-0.17088194311250957,-0.36407748251370486,42.72009688445581,-0.04050101757966734,0.032304389216017644,13.520342812509856,0.46310585621148187,-0.026776183533044423,-0.04411740456674357,-0.20548010833038893,-0.15456618507178266,False,False,False,False,15.872698783874512,12.924637794494629,False,False
2023-08-10,12.480973243713379,98396829,-0.011180498418001852,0.0028057435567380258,-0.051555339575598186,-0.06057708002515409,0.07533551539069937,-0.19661977401837913,-0.393085239402947,40.4506124964927,-0.033205611744549585,0.0312638352505751,11.888166817664843,0.4634496997125491,-0.03198750733637174,-0.05411946466039206,-0.2131047715014215,-0.051484625260779016,False,False,False,True,15.872698783874512,12.285000801086426,False,False
2023-08-11,12.441793441772461,82201066,-0.0031440999075981655,0.0035358631561869408,-0.06206416166971644,-0.04582908295665161,0.076950886480166,-0.18311922524984187,-0.41568307456601333,39.81463040628141,-0.02741529761216463,0.029930614733041646,11.469289008043432,0.4599339433215126,-0.031033501623822627,-0.056765502661711535,-0.21419648040226924,-0.16459639161745754,False,False,False,False,15.872698783874512,12.285000801086426,False,False
2023-08-12,12.389760971069336,69515970,-0.004190840894816424,-0.00387069561236208,-0.06685864470100837,-0.12880101137231806,0.04984310167561327,-0.19319440675331945,-0.4405777376501111,38.93903817602469,-0.023629625920866426,0.02857953043879141,10.67331659705461,0.3571632885789427,-0.030666021543601124,-0.059437813710296,-0.2163370711273882,-0.15431790142478197,False,False,True,False,12.785125732421875,12.285000801086426,False,False
2023-08-13,12.274397850036621,84586349,-0.00935478587964129,-0.02398961460495765,-0.06726931245150358,-0.17654419137161184,0.07688177548618352,-0.2067252006615628,-0.44257160340270096,36.99638304392291,-0.025286633895678923,0.027776825936010555,10.979602380128823,0.32249501983617435,-0.036567045159497304,-0.06713260366961811,-0.22227385720307685,0.21679017066150408,False,False,False,False,12.785125732421875,12.285000801086426,False,True
2023-08-14,12.353681564331055,93500406,0.006438503534769984,-0.007625302158182405,-0.037471701512233245,-0.18300402065804952,0.08021339965603581,-0.18761237325295116,-0.491826433211943,39.239906416162896,-0.017788605293179965,0.026942514918525878,10.404945598867862,0.3185222577083797,-0.026553797239867456,-0.059550459222320676,-0.2158207304113166,0.10538410872893933,False,False,False,False,12.785125732421875,12.285000801086426,False,False
2023-08-15,11.806095123291016,109201443,-0.04533818704027916,-0.07229788564400838,-0.08672306520286287,-0.19091355593038584,0.022654461583284963,-0.25031313994918675,-0.5525190710292357,31.023090507418146,-0.044910281176535394,0.030403119117192665,11.266413030956135,0.32932530715918135,-0.06432538676278687,-0.0993899388873251,-0.24832605513919478,0.16792480024097434,False,False,False,False,12.785125732421875,12.285000801086426,False,True
2023-08-16,11.368606567382812,113468174,-0.03776018717323425,-0.10453009577880132,-0.0978575594417782,-0.23790521665399106,-0.022320580668883126,-0.25703065872298797,-0.6244581602696998,26.287043240718532,-0.08518060463464766,0.0335018361566164,13.648242545779151,0.34186877225998386,-0.09262389729391517,-0.13032635645846116,-0.2740456716698989,0.03907211189507809,False,True,False,False,12.785125732421875,12.285000801086426,False,False
2023-08-17,10.590560913085938,148177479,-0.07089262230405521,-0.16424221966485464,-0.16143647610811657,-0.26410925733099627,-0.06860552375634416,-0.3264540550556052,-0.584156071670672,20.339958800999966,-0.15312062334921434,0.042519464159587586,18.478572045482437,0.38662004976091624,-0.14569558550032044,-0.1876511048323256,-0.3214561517152953,0.3058946290966136,False,True,False,False,12.785125732421875,12.285000801086426,False,False
2023-08-18,10.799485206604004,119700967,0.019535342431209624,-0.14156277732604683,-0.1380269141698599,-0.2600101212738902,-0.05889379084929736,-0.30403319331017914,-0.5291533812211405,25.231540826164505,-0.17150683375135495,0.04142427518226193,20.724971795246063,0.39010343592154156,-0.1201588839971235,-0.16923174678674646,-0.30608296338722096,-0.19217840789422524,False,True,False,False,12.785125732421875,12.285000801086426,False,False
2023-08-19,10.80682373046875,90720064,0.000679294567925615,-0.1366926418633048,-0.1405633374756669,-0.24854216949092905,-0.11356061360225682,-0.2810208172969942,-0.45030412256786473,25.404811108786603,-0.17034367570078923,0.040380462728959884,22.36629241951218,0.3913672269255684,-0.11115484830257934,-0.16583577153540946,-0.30358935696316514,-0.2421108511178527,False,False,False,False,12.785125732421875,12.285000801086426,False,False
2023-08-20,10.873089790344238,73344406,0.006113148576771895,-0.1212247074068916,-0.14521432201184933,-0.2516166493674982,-0.17230466018176493,-0.3002326824876519,-0.4605839267248104,27.04882345446437,-0.1528394615286663,0.038305929865827926,23.75426859962336,0.38978338597434853,-0.09846647763757788,-0.1579630241630897,-0.2970331348535703,-0.1915304865746127,False,False,False,True,12.785125732421875,10.137734413146973,False,False
2023-08-21,10.361355781555176,109507461,-0.04820781486913859,-0.17587102581080016,-0.1834963279689826,-0.26493043384176307,-0.20098679117981713,-0.35054330544819484,-0.4871849545484429,22.85905237809871,-0.16254885180921552,0.041329309547330426,26.14068889852309,0.40369692517616373,-0.13184722278195304,-0.19415078201575162,-0.32776678565130135,0.49305812088791057,False,False,False,False,12.785125732421875,10.137734413146973,False,False
2023-08-22,10.130790710449219,127247028,-0.022503723687274324,-0.15303656245779526,-0.22533444810180367,-0.29159571887373104,-0.27082659886115845,-0.33397878381556634,-0.514049031674395,21.2611077633929,-0.1704921934085002,0.04299926223425012,29.094347726952165,0.4036101602158012,-0.1425205617525053,-0.20827409359450727,-0.34032147425491865,0.16199414028967407,False,True,False,False,12.785125732421875,10.137734413146973,False,True
2023-08-23,10.336661338806152,94660707,0.020117557483767798,-0.09515881780079306,-0.19968891357959437,-0.23718028562521995,-0.23116367154005796,-0.31016184788105333,-0.5346540470475569,26.220460489123226,-0.14867131387388288,0.041787948837183696,30.87091023588224,0.4065230155260667,-0.11721500679308154,-0.1887548796332897,-0.3245655853524993,-0.2560870891224273,False,False,False,False,12.785125732421875,10.137734413146973,False,False
2023-08-24,10.113130569458008,92595658,-0.021862293123367356,-0.04612848862010534,-0.2103707082849599,-0.27736569349732815,-0.284588121220709,-0.3496198163556807,-0.5304793448702941,24.421831711325154,-0.13640322576796193,0.04203316895110796,32.85884118276024,0.39796492348659607,-0.12779582914053414,-0.20309977073885688,-0.33700687573274807,-0.021815271250826385,False,False,False,False,12.785125732421875,10.137734413146973,False,True
2023-08-25,10.053031921386719,120285068,-0.005960363159838637,-0.07162419421115361,-0.2131869715372004,-0.27723338798926533,-0.2687629713160289,-0.36967176937453133,-0.5670735199551084,23.946222443535376,-0.12002500899607593,0.0407093905017826,34.44191344384127,0.3979783834846474,-0.12397016589710569,-0.20488104442286686,-0.33888115023604604,0.2990357280035745,False,False,False,True,12.785125732421875,9.839279174804688,False,False
2023-08-26,10.09171199798584,82673806,0.003840219988841451,-0.06846326879023769,-0.2051559106535424,-0.2640461910315554,-0.2688892081604401,-0.39204809238650457,-0.5541263879715596,24.959147098785635,-0.09535182767226968,0.03838324439095164,35.17729455587009,0.40058390061589483,-0.11099066210729366,-0.19846396762318672,-0.3339824416369609,-0.31268438074125704,False,False,False,False,12.785125732421875,9.839279174804688,False,False
2023-08-27,10.19877815246582,100337789,0.01055343142439954,-0.06402298594261005,-0.18524769334950164,-0.26085748179367585,-0.1918646617625949,-0.3508303428312052,-0.5389085675348043,27.82461167250817,-0.06219136637201805,0.036605383205308324,35.4164342867643,0.402354068002562,-0.09256795111071542,-0.18548165841249228,-0.32471426609844706,0.2136587615187331,False,False,False,False,12.785125732421875,9.839279174804688,False,False
2023-08-28,10.367795944213867,115644221,0.01643653396869244,0.0006213628952210428,-0.17524966291557917,-0.2450245899614589,-0.20114452804278685,-0.3320670262031238,-0.5042413576376533,32.22443588565716,-0.02135421312077912,0.036487288170665766,34.29227077860123,0.41066389477484205,-0.0678949815209487,-0.16767607258583106,-0.311812928482887,0.15254902616999066,False,False,False,False,12.785125732421875,9.839279174804688,False,False
2023-08-29,10.81059741973877,184923910,0.04182243748507687,0.06494752406757216,-0.08808903839022299,-0.19425803434723582,-0.18542581060138447,-0.26703993274934845,-0.4323865280408925,42.17061135589911,0.03967469653072386,0.037901243007436886,32.30210474035128,0.44610404868029246,-0.020109637411539216,-0.1285197250445107,-0.2807528488777099,0.5990761008282464,True,False,False,False,12.785125732421875,9.839279174804688,False,False
2023-08-30,10.411699295043945,120489599,-0.037596789493813995,0.007233177089990232,-0.08792564071080276,-0.20849571643654935,-0.2216024822076611,-0.3037398976190878,-0.4816999014614265,36.914997619098585,0.05635444284411717,0.03972044345530591,30.56488943201901,0.4555505033621492,-0.04733218761735374,-0.15680360453816275,-0.30553243724875817,-0.34843688412169094,False,False,False,False,12.785125732421875,9.839279174804688,False,False
2023-08-31,9.987269401550293,141798755,-0.0416188839809777,-0.012523413767619972,-0.0586519023877253,-0.25402777706787766,-0.2727613488807335,-0.372157061696132,-0.5448840630113845,32.30210802248163,0.04260479188708477,0.042515571568686544,28.96354514025823,0.4693603361583953,-0.07578906486391188,-0.18717663500601753,-0.33210893910390704,0.176854734158423,False,False,False,False,12.785125732421875,9.839279174804688,False,False
2023-09-01,9.92474365234375,113586569,-0.006280224359517699,-0.012843274967299057,-0.08446746917845266,-0.23368230849307645,-0.28696651826954545,-0.3842306560591802,-0.5333445097873126,31.674175244077915,0.033502135735287375,0.04165167433002908,26.753761148317118,0.46479651432628705,-0.0709791823363666,-0.18674776635061952,-0.3345779058780659,-0.19895933500967622,False,True,True,False,11.162195205688477,9.839279174804688,False,False
2023-09-02,9.91187858581543,92831091,-0.001297102720173371,-0.017980597676313877,-0.08644386646655149,-0.22766570557553306,-0.274441375507562,-0.39970965562637384,-0.5619661473860343,31.538325527761813,0.030882172785053563,0.039926119629722645,23.93666802471972,0.4653474763320185,-0.06180952528777418,-0.18145340669507473,-0.33360073705105286,-0.18272827661516922,False,False,False,False,11.162195205688477,9.839279174804688,False,False
2023-09-03,9.884934425354004,84322184,-0.002722072192480249,-0.03125610129319354,-0.09527908723580365,-0.22651355826096606,-0.24822879047324314,-0.34067875687610977,-0.5205282870802722,31.236157625540102,0.031493897527977044,0.038190116282420354,19.062037884503827,0.46548056610840216,-0.05329887065590516,-0.176950084817591,-0.3331619234790188,-0.09166009909330919,False,False,False,False,11.162195205688477,9.839279174804688,False,False
2023-09-04,9.801345825195312,92249995,-0.008492117498509647,-0.056184752760395654,-0.05556338986517475,-0.23822139363320827,-0.2360428974701134,-0.4006827957459623,-0.5176677143518881,30.267320542177274,0.030412417114159873,0.03799349308110779,15.70819571358947,0.4638609035041215,-0.05220554443178913,-0.17776449341391534,-0.3368293463142372,0.09401809374387171,False,False,False,False,11.162195205688477,9.839279174804688,False,True
2023-09-05,9.91453742980957,88563053,0.011482401959711024,-0.08652478828576167,-0.021577264218189472,-0.23750312478645152,-0.2507437014453702,-0.34734754205542023,-0.4418887329962938,33.28496928335731,0.040815098405053374,0.03677422448222684,13.265041722401879,0.4642320635335719,-0.03447176237810767,-0.16193071329650077,-0.3269933782506573,-0.03996685311473458,False,False,False,False,11.162195205688477,9.839279174804688,False,False
2023-09-06,9.938821792602539,89681184,0.002446374402662243,-0.04648162438928552,-0.03924844729929515,-0.22513094147178409,-0.3180350203150227,-0.3376805325820505,-0.433727315338234,33.94540800213085,0.05210362568957416,0.035612037239393234,13.260543834964292,0.4655621134023254,-0.029025455019500192,-0.15436974705269185,-0.3231303464711751,0.012625253558049776,False,False,False,False,11.162195205688477,9.839279174804688,False,False
2023-09-07,10.070907592773438,85608647,0.013202349336161446,0.00833960892785371,-0.004183804839766279,-0.23126298858116945,-0.30097259866968734,-0.31268664341628927,-0.4335547045753599,37.56572036705854,0.0701165020147716,0.03450993515157813,12.358376824263559,0.4615872436442853,-0.012607258665014503,-0.13735447457077277,-0.3118545611855635,-0.04541127601526762,False,False,False,False,11.162195205688477,9.839279174804688,False,False
2023-09-08,9.921845436096191,80027273,-0.014911895188310261,-0.0002920619009387925,-0.01313533686823785,-0.2406469067310384,-0.29972373703118516,-0.16316111297858027,-0.4115288498435479,35.21973618210049,0.07329778982018098,0.03432302770809522,11.331069860864316,0.4621893744152465,-0.022983284593666053,-0.1443558400225281,-0.3195084173036488,-0.06519638138890338,False,False,False,True,11.162195205688477,9.682023048400879,False,False
2023-09-09,9.84569263458252,52604053,-0.007704872298779065,-0.006699831479544548,-0.024680429155858365,-0.23717128061181553,-0.29774836063696963,-0.16183576522111612,-0.4337910546301947,34.04982885801128,0.07150200114079164,0.0326758218737357,9.627803836551559,0.46204936531008034,-0.025552950978502232,-0.14481931003787576,-0.32215245256728325,-0.34267342834485937,False,False,False,False,11.162195205688477,9.682023048400879,False,False
2023-09-10,9.474143028259277,106234454,-0.038467762249016234,-0.04244552153608045,-0.07370162282927406,-0.27249494295323357,-0.3183240259098851,-0.19554405647306752,-0.45561416820307543,28.990065933082064,0.04766631404657928,0.035071305409649395,10.794085459847688,0.4737475835839892,-0.058190954487077784,-0.171289545490514,-0.3452894350873363,1.0195108160202029,False,True,False,False,11.162195205688477,9.682023048400879,False,True
2023-09-11,9.230627059936523,108922513,-0.026039317950050277,-0.059992721987621164,-0.11617747474801683,-0.2943434200084673,-0.42314443138078534,-0.24450031833285407,-0.48753782676178675,26.23810064577492,0.019328118209481437,0.03642493366868102,12.989622242426544,0.4770261300455341,-0.0782745034164646,-0.18642719571765085,-0.35980114583232375,0.025303081051275544,False,True,True,False,10.128877639770508,9.682023048400879,False,False
2023-09-12,9.216546058654785,123809301,-0.0015266300073165638,-0.07300175395464863,-0.1595265422404103,-0.28651526413614264,-0.4630594555077543,-0.2096334886499591,-0.49324046479770545,26.083910285679465,0.004251323076421731,0.036390882948860975,14.441807031170804,0.47790112905263166,-0.07450476578980451,-0.18206398040129546,-0.35874255851284326,0.13667319629322172,False,False,False,False,10.128877639770508,9.682023048400879,False,False
2023-09-13,9.299893379211426,106423750,0.009002582138196161,-0.06644554621911478,-0.11292717060840031,-0.28395118553271653,-0.4669552061907661,-0.20373778587668065,-0.4715635587856676,28.752828376596256,0.004484825766882583,0.03563697790709309,15.521725351314512,0.47906312158441416,-0.06230657776505557,-0.16869747745893413,-0.3509883178842287,-0.14042201078253402,False,False,False,False,10.128877639770508,9.682023048400879,False,False
2023-09-14,9.395648002624512,97449125,0.010243668131577096,-0.06940422742369924,-0.06106461849584551,-0.22836933036086018,-0.41928288629124616,-0.20571486877757528,-0.478682470310047,31.79957363932894,0.015083869183958543,0.03409604795196301,16.173707579344658,0.46572234104656435,-0.049501699117866435,-0.15428834024091573,-0.34222915173265317,-0.08432915585102008,False,False,False,True,10.128877639770508,9.112984657287598,False,False
2023-09-15,9.429611206054688,90591604,0.003608262696679328,-0.05088406953870979,-0.05117613143964847,-0.1870008804909468,-0.42490609714493777,-0.20932146115982994,-0.4440315392139347,32.89567969012725,0.027646450088259167,0.03373175073199008,16.586470142941685,0.4542294633795188,-0.042860369593229156,-0.14552176260819347,-0.3378790714083548,-0.07037026756268971,False,False,False,False,10.128877639770508,9.112984657287598,False,False
2023-09-16,9.388934135437012,83336169,-0.004323090146557201,-0.04750228738648787,-0.054202118866032434,-0.12043134833344879,-0.38454060566444515,-0.18903687208979295,-0.446885403389054,32.22761373337626,0.03595480723133043,0.033061254693263535,16.8068335158932,0.389731288113149,-0.04305609962407654,-0.14323044556911857,-0.33895005902330055,-0.08008948599695842,False,False,False,False,10.128877639770508,9.112984657287598,False,False
2023-09-17,9.106959342956543,89319200,-0.030492891971392485,-0.03952741710886418,-0.08197293864494468,-0.17045958273605086,-0.43046970400994106,-0.22935337358534819,-0.47449277604622986,27.984850741917185,0.02568015635612786,0.03434108602907156,17.17997922178444,0.3907487709374937,-0.0657930460695939,-0.1626353904038599,-0.35684374951792563,0.0717939289961842,False,False,False,False,10.128877639770508,9.112984657287598,False,True
2023-09-18,9.113308906555176,130967401,0.0006969780871192919,-0.012791121071694552,-0.07278384305931568,-0.170441899216857,-0.41898406870778615,-0.2840025128191138,-0.4514627165138512,28.214031662972758,0.022638306800495278,0.03536168168650674,15.029819683792578,0.3907523991407804,-0.056931785716063804,-0.15581833999331277,-0.3544957753724572,0.46628497568271987,False,True,False,False,10.128877639770508,9.112984657287598,False,False
2023-09-19,9.218695640563965,113669978,0.01149769461592269,0.00023320355154466898,-0.07276855040310395,-0.16505735317770628,-0.4166740025452045,-0.3373620133594711,-0.46529003566535804,32.077648582804656,0.0305580193356792,0.034235424075473926,13.82522043458499,0.39324146040935937,-0.04010088167697182,-0.14031186404086282,-0.34530707654963766,-0.13207426327411043,False,False,True,False,9.591643333435059,9.112984657287598,False,False
2023-09-20,9.047985076904297,133008251,-0.018691467418801695,-0.027460846005453003,-0.09390639222456777,-0.13554100572736938,-0.4004714395691324,-0.33652779690718654,-0.48608431117556417,29.32441541150878,0.027243529779952036,0.03475892929730045,14.259671167239254,0.36538779067140054,-0.05324638620902458,-0.15016448372713181,-0.3558134123621643,0.1701264778990279,False,False,False,False,9.591643333435059,9.112984657287598,False,True
2023-09-21,8.826976776123047,124242248,-0.024729514457007808,-0.06243402859403779,-0.1318382560177371,-0.13776679649710277,-0.4293625153708339,-0.4085933953582613,-0.47174558031266917,26.19030754897561,0.013789433422167208,0.03555398733351745,15.348131372881143,0.36684632301676867,-0.07103666114066454,-0.16510355336838914,-0.36990379518068567,-0.06590570836090459,False,False,False,False,9.591643333435059,9.112984657287598,False,False
2023-09-22,8.86332893371582,96087293,0.004109845172512748,-0.06193244611820436,-0.1128165156569141,-0.1537745088083581,-0.39095479443357806,-0.3849381803484159,-0.46393635668941147,27.561691822257814,0.011078028224983882,0.03389928378490164,15.960816133032141,0.35740316049345755,-0.062035652342686744,-0.15594476452357847,-0.3655741297426979,-0.22661337389838598,False,True,False,False,9.591643333435059,9.112984657287598,False,False
2023-09-23,8.90028190612793,78036617,0.004160530879670453,-0.053448825091976716,-0.10095111247846453,-0.12775168480532023,-0.4051173783026483,-0.41233980602602904,-0.47737150116100097,29.005711296041326,0.015255163598549892,0.03237505982802312,16.222945495339115,0.3535714656714243,-0.05319217070517572,-0.1467417289831306,-0.3612672865183937,-0.18785705618743986,False,False,False,False,9.591643333435059,9.112984657287598,False,False
2023-09-24,8.787721633911133,87114579,-0.012727472765854283,-0.03568340588643843,-0.0752108229953026,-0.13451879441133577,-0.41175218240060124,-0.40328176572736457,-0.504190563785867,27.225386480998267,0.013954574824325328,0.03249158379189594,16.762069794535726,0.35476733322850773,-0.060098856048598145,-0.15159510003083854,-0.3679057286693918,0.11632951746229603,False,False,False,False,9.591643333435059,9.112984657287598,False,False
2023-09-25,8.943991661071777,101722179,0.017626505747009132,-0.018753878226548625,-0.03154499929824317,-0.12073250865316797,-0.3847786996847233,-0.389621716813608,-0.5127806010396726,33.342415405889895,0.02641315005900985,0.03161711596092869,16.286662694204633,0.36202355162733585,-0.03839379238150261,-0.13041573600336143,-0.35539956763485736,0.1676826102781257,False,False,False,False,9.591643333435059,9.112984657287598,False,False
2023-09-26,9.043546676635742,94338370,0.011069444885019512,-0.0191821279574519,-0.01894892440590715,-0.120216495192548,-0.38107397698622386,-0.31208115695514294,-0.47104683802375324,36.97681847119465,0.04316298317924594,0.03014374655714095,15.24156229544246,0.36228945286787634,-0.02298810932080304,-0.11487651764996722,-0.34686273014783453,-0.07258799479708355,False,False,False,False,9.591643333435059,9.112984657287598,False,False
2023-09-27,8.922224044799805,100920765,-0.013506181058039588,-0.0139968415966898,-0.041457687602142836,-0.15015921021928014,-0.39518380018073895,-0.3513037382620669,-0.48222623642240386,34.50758876561544,0.04753016706047419,0.030945839823852222,13.296635673663376,0.35602358499257947,-0.030076866804594513,-0.12026026055149021,-0.354291846917913,0.06977431346333418,False,False,False,False,9.591643333435059,9.112984657287598,False,False
2023-09-28,9.262673377990723,114343600,0.03744746082819713,0.04818013368851511,-0.01425389490552266,-0.15453418687616,-0.34879222122339576,-0.33995999747754435,-0.42157411962550834,45.50486287264129,0.07326808845439836,0.03103408658041645,11.252774466704748,0.3490395228340625,0.010553626734953322,-0.08060220970491083,-0.32795247024921814,0.13300369849554738,False,False,False,True,9.591643333435059,8.701299667358398,False,False
2023-09-29,9.175294876098633,112441016,-0.009478176210119286,0.034592112305883216,-0.027340333812321226,-0.12641557359246527,-0.33491129002901454,-0.34801805580012624,-0.430155471211553,43.486561884788046,0.08358158398656335,0.031108090729989026,9.004826536755482,0.3293672368985031,0.004694844505597096,-0.0832593068652792,-0.3325185125986305,-0.016639182254188256,False,False,False,False,9.591643333435059,8.701299667358398,False,False
2023-09-30,9.243800163269043,81409313,0.007438541676561355,0.0378701231027741,-0.015578701989202704,-0.07735814793492608,-0.3313859250028037,-0.35011949681565957,-0.4495152096310583,45.526502673694445,0.09344433763961646,0.029888713474413606,8.426154913605375,0.3026090082108739,0.013474293920570138,-0.0704745462791451,-0.3255878849331424,-0.27598205800630615,False,False,False,False,9.591643333435059,8.701299667358398,False,False
2023-10-01,9.739897727966309,119548757,0.052277543205452734,0.10287513907408091,0.06719173318764238,-0.018800380369955752,-0.25248268886303227,-0.30576689863950135,-0.4030310364291359,57.492718913626,0.129582514842152,0.03059489183901196,10.239867268053294,0.35754093913933643,0.06489263092778756,-0.015341173642379408,-0.28787497258323946,0.46848993800009087,False,False,False,False,9.591643333435059,8.701299667358398,True,False
2023-10-02,9.327079772949219,115234648,-0.043308644776908455,0.041939988550163246,0.0231861103236147,-0.06081192242669087,-0.2884776280022239,-0.335253297934253,-0.4605215780530648,48.03647101713984,0.12199498568253797,0.034038291768635376,10.359476553784022,0.3873219783105597,0.01914217281277305,-0.05142239949058016,-0.3164211626127824,-0.03608660690633525,False,False,False,False,9.591643333435059,8.701299667358398,False,False
2023-10-03,9.403885841369629,90799146,0.008201018621073648,0.03907156228621747,0.01988943432876576,-0.04988883161313687,-0.2764023898741029,-0.2981176220863801,-0.39056758848924655,49.69431888397225,0.11836739177454003,0.032935844508640295,10.541055825913915,0.38894584156249035,0.026951083218134077,-0.0378381678857072,-0.3087040303528897,-0.21204995566958296,False,False,False,False,9.591643333435059,8.701299667358398,False,False
2023-10-04,10.09360408782959,200728654,0.0707789733888606,0.12335671673311772,0.10935987513642789,0.029382259274233158,-0.20883913435897497,-0.2066606381958801,-0.37130053647172906,61.55577510727174,0.15625681313129647,0.03566732802186246,13.62421374927663,0.4627157350596673,0.09808692020362264,0.0363622990440961,-0.2561167470118468,1.210688787755779,False,False,False,False,9.591643333435059,8.701299667358398,True,False
2023-10-05,10.132204055786133,182074688,0.003816907047205814,0.08972616295212626,0.1379062966406415,0.02171676436172814,-0.21578636042472346,-0.2290269370836421,-0.32563077769369214,62.0944462793191,0.17627308097323893,0.03614491046545169,16.113580184825633,0.4612961254224511,0.09808958268458319,0.042973620860922886,-0.25122166008710356,-0.09293125634170796,True,False,False,False,9.591643333435059,8.701299667358398,False,False
2023-10-06,10.65694808959961,183799431,0.050493210541812356,0.14969754970405802,0.1842896620099412,0.06976360050087818,-0.15536734097090593,-0.24827141981414447,-0.2679169320811723,68.54660944191585,0.2146603331709258,0.036413237250158846,20.874001427497845,0.4929138982961799,0.14707762286741843,0.09683902641952306,-0.21069743985705958,0.009472722534611622,False,False,False,False,9.591643333435059,8.701299667358398,False,False
2023-10-07,10.363143920898438,302644508,-0.0279564241499142,0.11430258387758234,0.1521727069803564,0.02860482701480264,-0.20265816156636693,-0.2723677716548848,-0.28408181640148666,62.16615475342513,0.20982275093830227,0.04410942535524509,22.90860780180646,0.502300516540232,0.10796307831100066,0.0675588530930159,-0.2304281348906973,0.6466019854000526,False,False,False,True,9.591643333435059,9.184606552124023,False,False
2023-10-08,10.096406936645508,123132510,-0.026076046356046274,0.03594899431608341,0.13882413339016433,0.01744067584706636,-0.22320623088397185,-0.2822830611841186,-0.1457204371315138,56.98051889037158,0.17939540992876005,0.04571380768653919,23.658215559726646,0.5082134098153823,0.07380202245519499,0.04160552136552301,-0.24837093139934768,-0.5931447399666674,False,False,False,False,9.591643333435059,9.184606552124023,False,False
2023-10-09,9.538162231445312,158064218,-0.056878783016810014,0.022378856076181865,0.06431884462634509,-0.0317332348709645,-0.26890451548278,-0.3294815955079341,-0.1935690000920807,47.963116223440515,0.1155117352055209,0.0502799535127822,23.578972571440353,0.5458549926522192,0.012709547920913321,-0.013268494776284613,-0.2878022160029127,0.2836919997813738,False,True,False,False,9.591643333435059,9.184606552124023,False,False
2023-10-10,9.53337574005127,129362925,-0.0005019512848617938,0.013675886170246359,0.05274744845646391,0.006232576093189883,-0.2662623668600436,-0.31209144981669523,-0.18931148037987755,47.89313111376498,0.06906430207483952,0.049463098077662915,23.257846670995296,0.5289067478760386,0.009599802395967116,-0.012071235264023093,-0.2861732813238661,-0.18157995125753257,False,True,True,False,11.635235786437988,9.184606552124023,False,False
2023-10-11,9.304060935974121,114999357,-0.02434791277169497,-0.08145099999030914,0.04190571674280845,0.007923981271545116,-0.28641943873692216,-0.4152204501092402,-0.23657633706130887,44.54001847867921,0.021494134682634086,0.04950622949391529,22.473515185233843,0.5278822217023862,-0.017167833234068116,-0.034179879966800865,-0.30136201417838,-0.11103311091643919,False,False,False,False,11.635235786437988,9.184606552124023,False,False
2023-10-12,9.117600440979004,118916952,-0.0202443047081589,-0.1055122117456739,-0.015786048793547516,-0.010793693429297098,-0.29730895756543974,-0.47385314893705155,-0.22042718207925618,41.96711524846021,-0.021600161603664583,0.050035307697983235,21.951325078750493,0.5326969119563644,-0.03815629297622623,-0.05113414629878655,-0.31329644771017606,0.03406623395294295,False,True,False,False,11.635235786437988,9.184606552124023,False,True
2023-10-13,9.156827926635742,97829536,0.004293162567775543,-0.15171225971971072,-0.0020147100156527875,-0.015503112999717697,-0.2994542985324342,-0.48245831919048365,-0.21924089887639836,42.716816997758876,-0.045177883557053336,0.048394307743494694,21.441373245874278,0.5319078441286801,-0.035323456920089535,-0.04515118244861762,-0.3084287513590615,-0.17732893120234028,False,False,False,False,11.635235786437988,9.184606552124023,False,False
2023-10-14,9.150793075561523,53224237,-0.000659272036719218,-0.12441510760651574,-0.01011252372893324,-0.026406053168013914,-0.2547753835288742,-0.44568893945925997,-0.23212092194558923,42.625585356250504,-0.05807257872623897,0.04574776044247801,20.58672809404581,0.5304894137901393,-0.03779942880979009,-0.04398157879531127,-0.30690179104094006,-0.4559492033162663,False,False,False,False,11.635235786437988,9.184606552124023,False,False
2023-10-15,9.17321491241455,75965196,0.002447264600441024,-0.09589179665002844,-0.059942802333944896,-0.02756705126425216,-0.21456793175519903,-0.45247314840919006,-0.23688851242408215,43.11172238720782,-0.06164699994616811,0.043627996098449334,20.10697800878467,0.5303812231426012,-0.03660280897087357,-0.03979628151859601,-0.3030601541515056,0.42726697989113505,False,False,False,True,11.635235786437988,8.908488273620605,False,False
2023-10-16,9.422463417053223,132269069,0.026808748585435704,-0.012204265047782811,0.010174591028399124,0.0035647874677405484,-0.11686656086570826,-0.3809758181967045,-0.18547208462205245,48.35074808539097,-0.04457622293920872,0.04366686417483835,19.565904594776317,0.538914030283787,-0.012391110860370329,-0.01210071928836149,-0.2819896322297236,0.7411798555749136,False,False,False,False,11.635235786437988,8.908488273620605,False,False
2023-10-17,9.112850189208984,131082243,-0.0334110375028043,-0.04511335126572532,-0.03143746509547899,0.0006466419363287732,-0.16981294079972206,-0.42982306207361226,-0.2287067316490194,43.04744168720748,-0.051023965921644626,0.04469244309268093,19.08945002276758,0.5410920217730776,-0.04579627002081935,-0.04204128732881811,-0.30329883036694005,-0.008972815859163541,False,False,False,False,11.635235786437988,8.908488273620605,False,False
2023-10-18,8.915651321411133,114796730,-0.021877218444983665,-0.04264265693901392,-0.12409365692932316,-0.021927554595774123,-0.19236945381263115,-0.44091162330356026,-0.30593006741488804,40.03542381164804,-0.06458434448531769,0.045093081132338224,19.833667360434422,0.5464401461278203,-0.064745705819227,-0.05902232056575133,-0.31608842558621786,-0.12423889481354089,False,False,False,False,11.635235786437988,8.908488273620605,False,False
2023-10-19,9.065718650817871,120961089,0.016691810901224943,-0.005706541329630133,-0.11121875307530395,-0.016733438310471967,-0.18179079148817817,-0.43340744085567634,-0.3540954516699431,43.2874624613919,-0.05958300957129489,0.044093764613625366,20.043417062953537,0.5482006457882108,-0.048456722035034566,-0.04045767139722703,-0.3023834914109682,0.05369803652072669,False,False,True,False,9.730790138244629,8.908488273620605,False,False
2023-10-20,9.221672058105469,143258749,0.017056253735412294,0.007056549838006869,-0.14465570988170395,0.01901428284374204,-0.11652672288362728,-0.3814571567253903,-0.31751351406344447,46.53267245254604,-0.04269829301948683,0.04281903603654594,20.07434348343923,0.5474979562148076,-0.03197534298274547,-0.022366691375767547,-0.2882248808982504,0.1843374607846,False,False,False,False,9.730790138244629,8.908488273620605,False,False
2023-10-21,9.639253616333008,172829844,0.044287307602475734,0.05200312947720169,-0.07241197812931414,0.0880311049032255,-0.04973569159387733,-0.3413314104676084,-0.3205622904550357,54.10546148428312,-0.0024566123900991027,0.042446222134745366,20.011495893607716,0.5600388823980313,0.01239415061869685,0.02252207168301692,-0.2536873991784996,0.2064173755977723,True,False,False,False,9.730790138244629,8.908488273620605,False,False
2023-10-22,10.063459396362305,196664825,0.04306730200429126,0.09262316688105186,-0.003268629768976442,0.12698856173500414,-0.026785947073353893,-0.26396623269857383,-0.2579496186134119,60.26269647718678,0.050743566905263285,0.04127370877356108,20.431590865257327,0.5772879971978652,0.05287624246966084,0.06717818826262378,-0.21844547345429832,0.13791009960062217,True,False,False,True,9.730790138244629,8.717546463012695,True,False
2023-10-23,10.565308570861816,314309003,0.04866487560040947,0.11447929389602585,0.10227502884824306,0.1714929064557432,0.04374122165042298,-0.23362447184690507,-0.240846899570286,66.06332811426557,0.1141164060014492,0.04140657582726436,22.187926737489455,0.5977274011512664,0.09870623650348266,0.11878230898973156,-0.17709421473774578,0.5981963373470573,True,False,False,False,9.730790138244629,8.717546463012695,False,False
2023-10-24,10.314806938171387,319493521,-0.023995427799634688,0.12389490359919535,0.07878155233347026,0.16022495142196272,0.025706157010626896,-0.2515272309786385,-0.2430568143054019,61.25657687017217,0.13226979698070004,0.04379492560883853,22.658746368096132,0.6033690973146896,0.07142378822430462,0.09106971362185937,-0.19431165138887097,0.016494971351488807,True,False,False,False,9.730790138244629,8.717546463012695,False,False
2023-10-25,10.510028839111328,233131161,0.018749499115422775,0.16452162115960184,0.12187896422058783,0.16134794479037623,0.040615436137208256,-0.2234307548943471,-0.22827377202323187,63.486294013049566,0.14927244817644902,0.04271461206463614,23.57709882179837,0.6036695355553092,0.08956392850821415,0.11032094068346457,-0.1768269847088555,-0.2703102076364171,False,False,False,False,9.730790138244629,8.717546463012695,False,False
2023-10-26,11.052852630615234,412832401,0.05035862241001678,0.1981884326683935,0.19248189133876348,0.20063712231537345,0.08042062712282547,-0.1804368546708503,-0.11144403463976943,68.85379297797934,0.18650544938849575,0.04416659916811407,25.197046164603247,0.6235595013089876,0.14349129845479897,0.1649249743574413,-0.13209962976781112,0.7708160471949952,False,False,False,False,9.730790138244629,8.717546463012695,False,False
2023-10-27,10.598812103271484,221756572,-0.04194662215475633,0.13918555677822492,0.14624210661623174,0.17219668121865667,0.022037470999376568,-0.2229871189620822,-0.17910705704341015,60.802626224304824,0.17042399099822142,0.04691685984511201,25.805522469255738,0.6427478550249169,0.09518267183928501,0.1158293083065919,-0.16534891456938916,-0.4628411639618374,False,False,False,False,9.730790138244629,8.717546463012695,False,False
2023-10-28,10.973055839538574,182810994,0.03470086969904074,0.12959911887479003,0.1816022483519917,0.1694500900895004,0.014915903213340572,-0.17934213113389533,-0.17050990738804392,64.48853164194432,0.17423981475596523,0.04515154767402449,27.997902451575325,0.6411118304150907,0.12874120233094863,0.15267786856304424,-0.13342363707881036,-0.17562310622298039,False,False,False,False,9.730790138244629,8.717546463012695,False,False
2023-10-29,11.361387252807617,168871436,0.03477772435378189,0.12130954122428064,0.21393270810533258,0.2137059906534017,0.08729041706093642,-0.12120529937561299,-0.13431206514672459,67.8652497858817,0.19082875255490656,0.04430803365853735,31.244448891407515,0.6465311056540068,0.15782953944539072,0.18968223391341538,-0.10022276712168839,-0.07625120182870404,False,False,True,False,11.428677558898926,8.717546463012695,False,False
2023-10-30,11.45251178741455,191351191,0.007988552860118495,0.08063321848398967,0.19511251238001548,0.21425600183695878,0.13689785390203266,-0.1171299231658449,-0.13586349497870076,68.61931021378875,0.19515202525267583,0.04445627935138188,33.98755852371711,0.6465373248883067,0.15581340674962396,0.19427600035594278,-0.09033985952245431,0.13311756879949788,True,False,False,False,11.428677558898926,8.717546463012695,True,False
2023-10-31,11.32440185546875,272866211,-0.011249222341906444,0.09337942394171804,0.21727432754091333,0.15072923628959983,0.1319288559196439,-0.10175345257343253,-0.15503766234990157,66.26508429335291,0.1771249611673078,0.045523051716352465,35.30616232717619,0.6284373202839776,0.13135029458992004,0.17578219336545095,-0.09767575958121065,0.4259969304293487,False,False,False,False,11.428677558898926,8.717546463012695,False,False
2023-11-01,12.209151268005371,350918838,0.07522592080660717,0.1498558456329023,0.3143774667925041,0.2692638018731153,0.2084518794464245,-0.019213826129108495,-0.0659894960611376,73.12315856256433,0.210268760997476,0.04717669424441289,38.5344228084554,0.6493570712656558,0.20119025165426305,0.25981450189310845,-0.024498238545923347,0.2860472416645241,False,False,False,False,11.428677558898926,8.717546463012695,True,False
2023-11-02,11.889124870300293,309909401,-0.02656166865426232,0.07293555456862329,0.2711239872370169,0.23450111459777923,0.1846122829846424,-0.041901275276323716,-0.0636165074886008,67.75741873387754,0.19638279155793453,0.05077920790181555,39.56572162827905,0.661093813186787,0.15419141644633275,0.2202717663096394,-0.04690291002559652,-0.11686302517620895,False,False,False,False,11.428677558898926,8.717546463012695,False,False
2023-11-03,12.111170768737793,201311407,0.01850412490741332,0.13338630163079296,0.2725718584090178,0.18222626611633194,0.21160852539056527,-0.026612868242642928,-0.024434372079548114,69.43337906677114,0.18789359077565204,0.05020586056584743,40.40464021881937,0.6224478613053114,0.1590918406752636,0.23617124828843908,-0.02582116487576907,-0.3504185211858094,False,False,False,False,11.428677558898926,8.717546463012695,False,False
2023-11-04,12.2177734375,141347218,0.008763499978070848,0.10744893190982291,0.23704805078461294,0.18717285904719705,0.208889623408925,-0.0286135013775265,-0.041854078036445135,70.23334944604576,0.17543643324591518,0.048256168198283204,40.7419413059719,0.6224612193204531,0.15250350002414764,0.23999438985483226,-0.013672286027073231,-0.2978678153096411,False,False,False,False,11.428677558898926,8.717546463012695,False,False
2023-11-05,12.366694450378418,207720703,0.012115196886136777,0.08478640444217767,0.2060959456664584,0.14879484539152138,0.2185584458923995,-0.006572495579384547,-0.09947657442262314,71.3609559703895,0.1634460648207765,0.047144587277963654,41.284579719352585,0.6021839091317185,0.15057381384381996,0.24756783843902214,0.0010277425164233274,0.46957758305508346,False,False,False,False,11.428677558898926,8.717546463012695,False,False
2023-11-06,13.081212997436523,240896569,0.0561701509322508,0.13296800251431004,0.21360122099829978,0.2329214204736864,0.26152624748848896,0.03026325890731942,-0.039446351181198436,76.04901614365949,0.1880994123380928,0.046064556569756374,42.135614052736656,0.6156514021801734,0.19499119282177968,0.30915187030451924,0.061119827106202465,0.15971381533404494,False,False,False,False,11.428677558898926,8.717546463012695,False,False
2023-11-07,12.823539733886719,245856300,-0.019894554867665226,0.12432266998855124,0.21770209393026918,0.23910291196206748,0.256543587809134,0.015896681078095613,-0.043180149222051135,71.50331015493619,0.1719562351418339,0.047650000028611854,40.31930930602945,0.611740079885247,0.15090901674751642,0.2739038419237132,0.04196334004211833,0.020588632792026162,False,False,False,False,11.428677558898926,8.717546463012695,False,False
2023-11-08,13.021961212158203,209458240,0.015354732502200938,0.06445148168414506,0.21430732731704752,0.31133642748107865,0.279603192610114,0.04243191199829853,-0.018145168026855528,72.8491553069458,0.1598038164985902,0.045880331952350126,38.37151449462052,0.5655028840280134,0.14833031143418257,0.2839134655843988,0.059899526494041185,-0.14804607406847003,False,False,False,False,11.428677558898926,8.717546463012695,False,False
2023-11-09,12.972375869750977,465665899,-0.0038150926791150133,0.08719805765929246,0.1601336122279157,0.3080232860868254,0.3142558621800152,0.04176091922678173,-0.004068163729869858,71.93485395049004,0.13459833673938026,0.05133148127905351,35.67659139823369,0.5664224921912958,0.12534710004209088,0.2692027144287483,0.05753913322771987,1.2231920739905005,False,False,False,False,11.428677558898926,8.717546463012695,False,False
2023-11-10,14.748550415039062,582521599,0.12832263751807377,0.19701657026995295,0.3304028719007459,0.46069383637659417,0.46861781764813937,0.1742743976396721,0.04547338626735403,81.09011511139215,0.21874171794040098,0.0510100225553067,39.18460348505292,0.6865776875701656,0.2516900877549021,0.426453040727763,0.20341168512559807,0.25094321970095557,False,False,False,False,11.428677558898926,8.717546463012695,False,False
2023-11-11,16.78807258605957,877647789,0.12952386813930022,0.3177769384311823,0.4252258703410052,0.6104620092240532,0.599668315794756,0.3131530516586134,0.13660886028700167,86.5256182472132,0.38331958529300536,0.053959615129628324,50.316553824739486,0.781074630079619,0.3852528348840428,0.5991972916370906,0.3703050761925923,0.5066356174717566,True,False,False,False,11.428677558898926,8.717546463012695,False,False
2023-11-12,18.845966339111328,1187221783,0.11563023453128941,0.42129197607633495,0.5060783805185127,0.7217990811875672,0.7062959681878495,0.4223447826551329,0.2393407619970834,89.73256657539883,0.5899835551052277,0.05788683825089219,66.13799993436578,0.8461070742993054,0.5036868158707499,0.7618444011027963,0.5372389742676976,0.35273146913835607,True,False,False,False,11.428677558898926,8.717546463012695,False,False
2023-11-13,16.219932556152344,809097302,-0.15005801306885302,0.21506381207523123,0.34803181458954113,0.5724003401554333,0.5459942869874194,0.317624956626559,0.12671140069617323,67.61688539660346,0.5119306070993472,0.07713234543589126,67.1711245201718,1.0394322013441428,0.26437405216543075,0.4955628652518384,0.32384944057656895,-0.31849523519060974,False,False,False,False,11.428677558898926,8.717546463012695,False,False
2023-11-14,17.090946197509766,862325581,0.05230797054854674,0.287266337491443,0.41158900747999433,0.622261046103539,0.5946939948392868,0.40769311434834,0.169787897694349,70.23708860117202,0.48152087887219674,0.0774321408101403,69.13949064491547,1.0439304243330954,0.29895337639482256,0.5525496363973571,0.3952096625439906,0.06578724075389397,False,False,False,False,11.428677558898926,8.717546463012695,False,False
2023-11-15,20.73465347290039,1452314993,0.19325752021630058,0.46516912520554266,0.5296206068896878,0.788709817734404,0.7922746052021447,0.6718432568686958,0.40773399953769945,78.18797501965906,0.6584164727246651,0.07254724682295671,80.76691499020703,1.2051097938042648,0.5199615184819548,0.844370355433562,0.6904174182220623,0.6841840541432342,False,False,False,False,11.428677558898926,8.717546463012695,False,False
2023-11-16,21.760902404785156,1969218240,0.04830851055958016,0.5172927284442378,0.6044907861035302,0.8704293657967884,0.8710760077331172,0.7006164249970664,0.4406063037231761,79.82288250637117,0.7874331260014056,0.07613751589140498,89.56394560097934,1.1877412441158939,0.5324936093601526,0.8924326177816158,0.7707670868015541,0.3559167601322146,True,False,False,False,11.428677558898926,8.717546463012695,False,False
2023-11-17,21.940824508666992,1766426717,0.008234142362996247,0.3972042332891602,0.5942208035591131,0.9005407266047682,0.8786131720089941,0.7081712727921371,0.4596291033012079,80.10444176401359,0.8238716003749564,0.08434094166895192,95.05889509252485,1.17608935333927,0.487709429686593,0.8669121197252081,0.7815789494765594,-0.10298072548830339,False,False,False,False,11.428677558898926,8.717546463012695,False,False
2023-11-18,21.995351791381836,796404080,0.0024821145261795094,0.27016247967603957,0.587939418107222,0.8863310302297228,0.8695975919192508,0.7045402387415447,0.4529235893740464,80.1946419442255,0.7904935261399166,0.08581301351680841,98.13892192826602,1.1791562618761098,0.43950936767021825,0.8315922979096796,0.7822867451479445,-0.5491440022190289,False,False,False,False,11.428677558898926,8.717546463012695,False,False
2023-11-19,22.85964584350586,702412366,0.03854201701141983,0.19307426215616996,0.6143662382325049,0.9078167935057303,0.9268310763494724,0.791290070622103,0.5263596367803399,81.61727689296688,0.7649812544287791,0.08337990764520076,100.53122115713823,1.178673791973591,0.442238700674728,0.8613549361434978,0.8480994863386445,-0.11802013118767551,False,False,False,False,11.428677558898926,8.717546463012695,False,False
2023-11-20,20.86159896850586,724407341,-0.09146306682836172,0.25166920839666124,0.46673302047189236,0.7720664190748929,0.8600975239781185,0.7223307274810156,0.4307350086072846,69.23585150800272,0.5613250527564473,0.09302229507072467,97.6080910793979,1.2512192183655912,0.2777383552399299,0.6684447568973648,0.683882063211073,0.03131347918211347,False,False,True,False,24.544189453125,8.717546463012695,False,False
2023-11-21,19.04480743408203,1103057165,-0.09111561022974674,0.10824562761836788,0.3955119651098109,0.6378835068408548,0.764872068575859,0.6110975597675009,0.37391727414228093,60.28109493548843,0.26697560067388704,0.10643101288748447,93.796745898547,1.3137996114606718,0.14254526504463846,0.49983035408020526,0.5362083480321932,0.5227029083903223,False,False,False,False,24.544189453125,8.717546463012695,False,False
2023-11-22,20.7967586517334,665175025,0.08800265173412584,0.002990759136193149,0.4681598843417357,0.6772212829745713,0.8487141894303144,0.7209625046249941,0.4435968111276661,64.9842354575407,0.1583519947281209,0.09799075110207423,89.88310556764539,1.3311766006350165,0.21518009781330197,0.6089300007860722,0.6747150646157455,-0.3969713935904673,False,False,False,False,24.544189453125,8.717546463012695,False,False
2023-11-23,20.672449111938477,403440858,-0.005995287532193621,-0.051313038955580634,0.46597968948865715,0.6952214232420124,0.8554463746639751,0.7209275802526393,0.4436941922633738,64.40152345861398,0.05173248546872644,0.09481877085727544,85.28008583202245,1.3247159134649356,0.17844101950574615,0.5735560567145167,0.6618777917152411,-0.3934816509384128,False,False,False,False,24.544189453125,8.717546463012695,False,False
2023-11-24,20.88572883605957,488485749,0.010264241944668615,-0.04928293937390821,0.3479212939152519,0.6867361660712583,0.8480841108616345,0.7273516022084664,0.46330541117691115,64.98171397783273,-0.026615474603434386,0.09171390568850984,80.05064742610556,1.3254030727123463,0.161893365588858,0.5641835832933136,0.6753452000335898,0.21079890475545238,False,False,False,True,24.544189453125,19.028366088867188,False,False
2023-11-25,21.32732391357422,301827799,0.02092296853275523,-0.030842085367332482,0.2393203943087071,0.6573005121939969,0.8579376345093703,0.7377211393168224,0.47686365752314647,66.20969229571925,-0.06850503130745489,0.08594864790856128,74.35662428250116,1.321696929242013,0.15760703775253346,0.572128994128371,0.7066663290065134,-0.38211544631980654,False,False,False,False,24.544189453125,19.028366088867188,False,False
2023-11-26,21.110458374023438,375491357,-0.0102204882367812,-0.07960459061553347,0.11346967154063646,0.689026646111972,0.8612233273306287,0.7110641171113485,0.4660395271498898,65.0041351423714,-0.12721252878889588,0.08440976901442261,68.85853368604565,1.306955124361147,0.12139998641609681,0.5318709900868986,0.6855532020735939,0.24405822871206118,False,False,False,False,24.544189453125,19.028366088867188,False,False
2023-11-27,20.358753204345703,385908219,-0.03625762292140434,-0.02439914670857597,0.2272700616880852,0.6180681534915269,0.7875182435810272,0.6329840567048673,0.43872602235763153,60.867088329223016,-0.22722591433069983,0.08605701458498571,61.361141679509615,1.3222836940215743,0.06024939961193071,0.4556439856627007,0.6220463104521027,0.027741948798038596,False,False,False,False,24.544189453125,19.028366088867188,False,False
2023-11-28,20.653627395629883,409866598,0.014380012486159315,0.08109647600733019,0.1893421036256979,0.5976704416239043,0.811376432277306,0.6849608586848408,0.47646514224829134,61.89166240682114,-0.280578019708114,0.083075719250964,52.97590910820538,1.3214453408619662,0.05464776356790512,0.4536220105867836,0.641967956683297,0.062083101163491916,False,False,False,False,24.544189453125,19.028366088867188,False,False
2023-11-29,21.086414337158203,490900529,0.020737998045862245,0.01383182231906653,0.01682258145525948,0.610419886809648,0.8246758886466068,0.7473177407116807,0.4932899636438032,63.40603499036657,-0.2924461695403817,0.07879424276893975,42.401995062604044,1.320744296290528,0.05489361285328248,0.46033361783543203,0.6722902375566282,0.19770806256332207,False,False,False,False,24.544189453125,19.028366088867188,False,False
2023-11-30,21.38686180114746,389076494,0.01414783613534333,0.03397494598660349,-0.017338092968977255,0.6358169452868978,0.7865461815764976,0.7677458012065418,0.5340634927134654,64.46184715886955,-0.28546988400056117,0.07417796321921641,34.681138457799285,1.3160597565871026,0.052448456693797524,0.4567609345664828,0.6918531896474066,-0.20742294820383056,True,False,False,False,24.544189453125,19.028366088867188,False,False
2023-12-01,21.861373901367188,564612277,0.02194453182319435,0.04565523586512905,-0.0036277035087791017,0.582535556303485,0.8517993581766004,0.7909874357499094,0.5633217301743765,66.1242254572149,-0.2552889378149037,0.07200849873022416,30.950538828018324,1.3015699820828093,0.06253572416608733,0.4636717273535136,0.7247731318509021,0.4511600821611186,False,False,False,True,24.544189453125,19.595123291015625,False,False
2023-12-02,22.241073608398438,330816327,0.01721941118595351,0.04195167851832753,0.01110959315099487,0.6263166361437008,0.8608177507414801,0.8109289191283433,0.5844153608673772,67.43684579691353,-0.2176147452614403,0.06757965920058129,30.45766824579485,1.291019897739014,0.07214447905419083,0.46345320021702174,0.7496651379448062,-0.4140822995246347,True,False,False,False,24.544189453125,19.595123291015625,False,False
2023-12-03,21.968658447265625,363213096,-0.012323920381448156,0.03984824637366048,-0.03975634424187305,0.5954885908548394,0.7777148569711714,0.8070971162454047,0.5688757226121964,65.47659482926491,-0.2183393338838593,0.06693959939932763,23.010148422050648,1.2962008922390047,0.044539359948230065,0.42154941560533454,0.7236214181177872,0.09792977660380098,False,False,False,False,24.544189453125,19.595123291015625,False,False
2023-12-04,22.632719039916992,692986140,0.029779782839993475,0.10588565213505825,0.08148650542648236,0.6165048737167622,0.8036777327639592,0.8253944971256872,0.5878913723392357,67.92426116281862,-0.1828322161705711,0.06621629645966504,16.132201272840245,1.296011450795083,0.062120223100274374,0.4394461122286917,0.7702140249597896,0.9079326919423631,False,False,False,False,24.544189453125,19.595123291015625,False,False
2023-12-05,24.484773635864258,815582253,0.07865483566414508,0.17016047531304393,0.25125695132037407,0.6830445124947706,0.8318393578862918,0.9016029583871702,0.6764720169153859,73.55550813902984,-0.05024539511057413,0.06502989255317565,20.30879212143971,1.3112534558884577,0.1390118225817947,0.5279624749595222,0.9077562987705838,0.17690990616349134,False,False,False,False,24.544189453125,19.595123291015625,False,False
2023-12-06,26.217491149902344,1460209508,0.06837534906299757,0.21779782633017927,0.23162964864924565,0.6952497106255174,0.9281711310992037,0.9567759581140063,0.7255129695328368,77.5300624465448,0.12873738865624884,0.06476570880348252,27.640100200463717,1.3158496479078807,0.207103786316735,0.6018945077518512,1.0335879303652842,0.7903890167163801,True,False,False,False,24.544189453125,19.595123291015625,True,False
2023-12-07,26.30372428894043,1020594712,0.0032837479409116802,0.20693373813574759,0.24090868412235097,0.7184280134340942,0.9575309253961616,0.974971601243228,0.7343246945121898,77.70961922718016,0.22204948485402642,0.06521956035035575,32.88746503793826,1.3087656583281475,0.199031277273073,0.5737244001731016,1.0308329201411202,-0.30106282255491246,True,False,False,False,24.544189453125,19.595123291015625,False,False
2023-12-08,30.636808395385742,1198193714,0.1524916377026567,0.3374808440152099,0.38313607988033893,0.8555649186345498,1.1669013461156283,1.1351681112446639,0.8979968306328482,84.43867496363046,0.5272912911566756,0.06270712314475234,46.80121289629206,1.3827570951587498,0.3695762743661895,0.7868470724823772,1.350896789379636,0.174015208889305,False,False,False,False,24.544189453125,19.595123291015625,False,False
2023-12-09,31.817724227905273,1781367115,0.037821325367564045,0.3580827581968201,0.4000344367151476,0.8972013366812287,1.205224622768054,1.211457198861244,0.9389622559080105,85.7052199639344,0.7469994354030316,0.06418257366724248,58.40835095003176,1.3781220474971696,0.3944465859694139,0.8080659219929632,1.425593996387056,0.486710449392326,True,False,False,False,24.544189453125,19.595123291015625,False,False
2023-12-10,37.07502746582031,1655716991,0.15292012866854768,0.5233268072468159,0.5631750536204764,0.9217988278317025,1.3824926642082966,1.3904166454798417,1.0960732254713745,89.71756843434159,1.1600222315753697,0.06288677872467294,76.4929676777346,1.4026826635710314,0.5691055882162979,1.0431095622357738,1.8018932608701281,-0.07053578285012851,True,False,False,False,24.544189453125,19.595123291015625,False,False
2023-12-11,38.1399040222168,3273088459,0.028317454867606635,0.521864479274429,0.6277501314094873,0.8205924145600089,1.431054423784062,1.420260730354765,1.1337454662186224,90.31080741145657,1.4023647671291037,0.06721465888638992,87.60075596517294,1.3566288457336797,0.5514821635244985,1.03870562130084,1.856417565039143,0.9768405330086993,False,False,False,False,24.544189453125,19.595123291015625,False,False
2023-12-12,37.430912017822266,2639559669,-0.01876419613126287,0.42444544747902097,0.5946059227920649,0.6861979838974566,1.4079970650850238,1.3924939520853061,1.1085427665525895,86.7232714999956,1.4086238053446434,0.07632056758703859,94.20981719503928,1.3272339790158947,0.4728119355643493,0.9449465611591983,1.779293047295527,-0.19355687997309945,False,False,False,False,24.544189453125,19.595123291015625,False,False
2023-12-13,39.053768157958984,2490212384,0.04244247977478818,0.3985125781908116,0.616310404520991,0.8786984767410978,1.451098816896531,1.424692763728517,1.196323433367657,87.90740187355033,1.4121847343740228,0.08072983484788125,99.79243100619072,1.1723608357583464,0.4830362976064758,0.9704229207419176,1.8736493845562838,-0.056580378444932244,False,False,False,False,24.544189453125,19.595123291015625,False,False
2023-12-14,39.30565643310547,1571510677,0.00642907076124076,0.40165790101114074,0.6085916391468883,0.8328195769537917,1.4550806230573305,1.4275135717930787,1.2405126913021318,88.08503091794766,1.3231572500746949,0.07935074417800544,102.98918886540687,1.1719454378720986,0.4421631740787969,0.9271346723920509,1.8664832230504496,-0.36892504145541993,False,False,False,False,24.544189453125,19.595123291015625,False,False
2023-12-15,39.812110900878906,1987675065,0.012802721880393357,0.2619689851888774,0.5994498292040873,0.6523647786178846,1.4410745963522886,1.444639383820029,1.3242080354865804,88.45231853982408,1.193994186554776,0.07881264327445694,104.80947225704425,1.0089023534646928,0.41283450193884574,0.8984282583782423,1.8768492008173197,0.2648180467946002,False,False,True,False,42.75495529174805,19.595123291015625,False,False
2023-12-16,42.081905364990234,2062984465,0.05544668699633721,0.27959434681765083,0.637677105014471,0.6595029550546417,1.5299323208514302,1.5305789627877588,1.360119380051708,89.94787274872286,1.1562567455675241,0.0802301187904435,106.52379402886847,1.0115714869445191,0.43980691597984767,0.9481684973055508,2.0108088427851993,0.03788818470689015,False,False,False,False,42.75495529174805,19.595123291015625,False,False
2023-12-17,40.662322998046875,1267591263,-0.03431590815368236,0.09235830999542084,0.6156851172422368,0.6169529045379631,1.5174936311427314,1.4955660765469572,1.3251241773301001,82.73122410578233,0.939718619279045,0.08312266072998917,104.2772050687159,1.029578262062769,0.34453603013738504,0.8320869507908868,1.8818789141179992,-0.3855546251047508,False,False,False,False,42.75495529174805,19.595123291015625,False,False
2023-12-18,41.06120300292969,1569013140,0.009761770983422317,0.0738026261112365,0.5956671053856655,0.6242325609952057,1.5105635912249287,1.4938301529144566,1.3287727997367504,83.1405363831787,0.7363711852724037,0.08435083933950345,101.04678469620569,1.0282813365335535,0.3134112066864521,0.8018360846947234,1.8826150637094397,0.23779106546271622,False,False,False,False,42.75495529174805,19.595123291015625,False,False
2023-12-19,39.82133483886719,1162110260,-0.03066088992629896,0.06190593231620059,0.48635137979522153,0.555029654057487,1.4628464475632175,1.4818607304069595,1.3463197246795902,77.0288044011827,0.44569181153678716,0.08631404532065348,96.20638547520993,1.0415066127924721,0.23669633981539973,0.7049789083394462,1.770934650295421,-0.25933682110527134,False,False,True,False,45.20425033569336,19.595123291015625,False,False
2023-12-20,43.42633819580078,1501900736,0.08666330801161036,0.10612676055302259,0.5046393387438342,0.733156028897459,1.505222447972352,1.5932535528755776,1.4554867563784746,81.32695373200143,0.4236849231500184,0.08202665203805502,92.43279436934432,0.9887909985355026,0.3040260428936438,0.8095853829393409,1.9917539543696094,0.292390909619884,False,False,False,False,45.20425033569336,19.595123291015625,False,False
2023-12-21,45.96164321899414,1804875169,0.0567410776775591,0.1564387674693409,0.5580966684804817,0.881012716804765,1.5188962236456198,1.645884785380624,1.4921102765722658,83.64469883750414,0.5019990686913429,0.07765668648805585,89.2181181871222,0.9020024090071365,0.33196074966248396,0.8628316338973381,2.1327715714676474,0.2017273350613764,True,False,False,True,45.20425033569336,36.73610305786133,True,False
2023-12-22,45.44339370727539,1716677537,-0.011339748499763642,0.13229629708918397,0.39426528227806135,0.7816703165708755,1.4588915995454468,1.63038450600119,1.5026328211958697,81.41998136328147,0.4430722636606923,0.0805536026393173,84.18600238215326,0.8871588752115299,0.27410654381479543,0.7930572223393708,2.064500891392223,-0.048866333536444095,False,False,False,False,45.20425033569336,36.73610305786133,False,False
2023-12-23,48.06705856323242,1256731782,0.05612963225393489,0.13297924234678174,0.4125735891644325,0.8437952363570039,1.5390166595990162,1.699241611020979,1.5647228166096434,83.77301633989993,0.5007143136492376,0.07741807352505427,78.72888465588552,0.8853732513937215,0.30010089550581315,0.8442499176323852,2.2052940032459394,-0.2679278694377184,False,False,False,False,45.20425033569336,36.73610305786133,False,False
2023-12-24,47.711238861083984,1711488144,-0.007430103659750186,0.15986504684071376,0.25222335683613456,0.8261008907525851,1.5128370568238434,1.6741850016142195,1.5534524929610516,82.25165216598214,0.43711279905645917,0.07698761762120732,71.63696626691868,0.8919927551759484,0.24814503533298946,0.782060709587093,2.1462367012216643,0.36185633920731064,False,False,False,False,45.20425033569336,36.73610305786133,False,False
2023-12-25,48.3452033996582,1173301947,0.013200025502240796,0.1633033013595323,0.2371059274707689,0.8183779477220705,1.4756784599160675,1.6763155822314408,1.5560990870388929,82.84928030589981,0.3630217129923272,0.07454660210011758,65.07287577379913,0.8931195242814197,0.22645232414155173,0.7584779192578116,2.152273961267436,-0.3144551125795003,False,False,False,False,45.20425033569336,36.73610305786133,False,False
2023-12-26,44.426029205322266,1272282582,-0.08454147015212342,0.1094227211337079,0.1713286534499084,0.7440569658067284,1.4330836119187003,1.605280293137357,1.455121082918077,67.67763830131588,-0.005158132979773633,0.08428208077645975,56.83343377454547,0.9669655467588059,0.10158563424517326,0.5798989706684275,1.8680637374419984,0.08436075236479601,False,False,False,False,45.20425033569336,36.73610305786133,False,False
2023-12-27,42.41041564941406,1041221252,-0.04643155684858811,-0.023672143726490555,0.08245461682653193,0.7338830318795445,1.3519511853710713,1.5214012754605717,1.3668670885844119,61.445575130956925,-0.41687397099377144,0.08673176751228091,46.19408775993332,0.9756634778032971,0.03101814098162033,0.47713449940750724,1.711047381718989,-0.18161164293924126,False,True,True,False,49.65569305419922,36.73610305786133,False,False
2023-12-28,39.90686798095703,1132807530,-0.0608455452474731,-0.14125876665152268,0.015180000817818316,0.658657474145912,1.2563279157698164,1.470033906423218,1.343618332830753,54.707072463343756,-0.8644831758854155,0.09267857440480783,39.55024202660012,1.0197361318062157,-0.04065423364893024,0.36438523958709695,1.5281173466520521,0.08796043859465907,False,False,False,False,49.65569305419922,36.73610305786133,False,False
2023-12-29,40.21108627319336,1101215880,0.007594296613640075,-0.12232472153811902,0.00997157555106502,0.6455137727136899,1.255933659523338,1.4701896613602967,1.3928315134253706,55.34788204495924,-1.1299698374233218,0.09125618921035585,33.05217873233671,1.020963462655268,-0.04299583237565307,0.34964847006061806,1.5244478535479098,-0.027887923732286657,False,False,False,False,49.65569305419922,36.73610305786133,False,False
2023-12-30,39.39484786987305,594951004,-0.02050769251596059,-0.19896204630801456,-0.06598280396123288,0.610858244062386,1.2466751893492838,1.3974044256388836,1.3786040452689279,53.17410414258953,-1.3363178664837658,0.09017665753608495,31.719668119947602,1.0312164300228779,-0.06500299359352238,0.30073206663976954,1.451955894941169,-0.4597326329874575,False,False,False,False,49.65569305419922,36.73610305786133,False,False
2023-12-31,38.5449104309082,578258573,-0.021810976874717142,-0.21334291952298143,-0.0534778726822677,0.5671027353644745,1.1496382916679595,1.418902093541075,1.358090171114384,50.93099234176455,-1.4938866967564461,0.08964779002983393,31.485047485555455,1.041613092998854,-0.08561487466077225,0.25464318893313465,1.378934031555799,-0.02805681625507439,False,False,False,False,49.65569305419922,36.73610305786133,False,False
2024-01-01,41.864463806152344,671490413,0.08261328173194127,-0.14392966329328097,0.019373638066251364,0.6324966059104623,1.2588132420541631,1.4933143566519425,1.4434255250388055,58.32534458953162,-1.3431296187498942,0.0831428441422306,29.623968280735426,1.0649951975910668,-0.012061805805373521,0.34257653114696474,1.5597485666516127,0.1612286343050897,False,False,False,False,49.65569305419922,36.73610305786133,False,False
2024-01-02,40.64521026611328,869881311,-0.029556347467044598,-0.0889445406082021,0.02047818052550566,0.6152641788248658,1.2107527696797054,1.3929790357960372,1.4223612950702704,55.04435608760195,-1.2936175596072554,0.08465678893092411,28.94900134822778,1.0734612947139106,-0.042632078053682486,0.28337005782196945,1.463281831955543,0.2954485933963735,True,False,False,False,49.65569305419922,36.73610305786133,False,False
2024-01-03,36.7952766418457,1364836993,-0.09951151560629297,-0.14202449936590691,-0.1656966430923975,0.4859728803785793,1.1024777540953414,1.2896506131425385,1.3113673775042667,46.205689519038664,-1.4750948619384587,0.10096762578283222,30.665186409492286,1.1513153297727075,-0.13074446220220665,0.1475296258223123,1.2130792456837212,0.5689922012820436,False,False,False,False,49.65569305419922,36.73610305786133,False,False
2024-01-04,38.73783493041992,837720647,0.05144728441795792,-0.029731669700475864,-0.17099043635199865,0.4587653291323922,1.1418098416271627,1.290604687018684,1.3603682875195624,50.52272143502062,-1.4188131398370163,0.09468377900425921,31.174731071214534,1.1365556313803804,-0.0836905158974318,0.19469638991816943,1.310877637877537,-0.3862119423077507,False,True,False,False,49.65569305419922,36.73610305786133,False,False
2024-01-05,36.43484878540039,806375166,-0.06129106837422395,-0.09861703468833993,-0.22094175622645898,0.3290989116951708,1.0243486223206881,1.2572700427943744,1.285874869809177,45.82729454592903,-1.4841660134966017,0.10066083193076944,33.65042723530337,1.1502422058490287,-0.13237090332068502,0.11359183615734893,1.1574199578654722,-0.03741758199735523,False,False,True,False,43.39170455932617,36.73610305786133,False,True
2024-01-06,34.62417984008789,588059111,-0.05097342355892929,-0.12908276573130864,-0.3280448120393232,0.2748417401953299,0.993269753629424,1.2323726655914915,1.249813341438558,42.484203257400104,-1.5875299415945086,0.10418351839239474,37.178148776268344,1.1702015084842556,-0.16951802497871538,0.050109133176512895,1.0366270300926355,-0.27073757254076947,False,False,False,False,43.39170455932617,36.73610305786133,False,False
2024-01-07,33.62965393066406,626766433,-0.02914404209353807,-0.13641583095012955,-0.34975875047311106,0.09320606039913527,0.9487709790336849,1.2601074065147635,1.228374171643799,40.726820909401944,-1.6535973105535202,0.10476332269345728,41.193834408114654,1.0561404403569608,-0.1861186059954694,0.012798968467067854,0.9661512747791111,0.06582216188127377,False,False,False,False,43.39170455932617,36.73610305786133,False,False
2024-01-08,36.08260726928711,1051954159,0.07040272094015503,-0.14862639174191575,-0.2925560550351967,0.12578745597172628,1.022988792652955,1.3310120787397803,1.3372446548329702,46.594698207963184,-1.469045603717386,0.10034253860852939,42.75708982557392,1.0755553292760902,-0.12278533260611414,0.07808627823214548,1.095221586143817,0.6783830524631813,False,False,False,False,43.39170455932617,36.73610305786133,False,False
2024-01-09,34.695011138916016,964444462,-0.039215050740763174,-0.15828509501563437,-0.24722963562383643,-0.06634772343758456,0.8554511043941181,1.316144940770712,1.3240689220422572,43.94445711878946,-1.378831863699909,0.10447042140891108,44.98892259224696,0.9416171997227081,-0.1474712766832025,0.028128399855653324,1.0021998732942388,-0.08318774753758063,False,False,False,False,43.39170455932617,36.73610305786133,False,False
2024-01-10,38.472389221191406,1016992295,0.10334491551939073,0.04457133611004931,-0.09745316325585754,0.008679737214199729,0.8292721517742085,1.4397341609982617,1.4289404675689645,51.95574601822034,-1.0197172623211324,0.0984711119577629,43.99903418680813,1.0063738925674992,-0.04587399854695323,0.12708728891530482,1.2040036633800193,0.05448507930776003,False,False,False,False,43.39170455932617,36.73610305786133,False,False
2024-01-11,39.445777893066406,1199348855,0.024986196384169056,0.018110248076260483,-0.011621421624215306,0.052430129729631715,0.7386281136270884,1.4604271948146554,1.4449240818149378,53.7885415631431,-0.6875061029622903,0.09640449095816439,42.76559838220839,1.007518183814573,-0.014403682156307423,0.14311307979717544,1.2430599598742398,0.17930967707085732,True,False,False,True,43.39170455932617,31.480796813964844,False,False
2024-01-12,35.87169647216797,838949726,-0.09497843186724948,-0.015577115416765111,-0.11419415010510497,-0.08499078191240599,0.793707694828692,1.366108034984125,1.339701981816111,46.73823908616304,-0.6782145099064183,0.10734318208905712,40.03791737574632,1.0507531852231156,-0.08983908767778762,0.030460890976228398,1.0267304064943374,-0.3004956627069111,False,False,False,False,43.39170455932617,31.480796813964844,False,False
2024-01-13,36.45083999633789,508938996,0.016015917915894334,0.05141222605805836,-0.07767053967325022,-0.07540393475775238,0.7574156421960395,1.3796766882995783,1.352109637035326,47.92925675322541,-0.6052148243190005,0.10147903489901997,36.02329664579205,1.0523476768087037,-0.06174133964730018,0.0378167999034223,1.0460158002687772,-0.3933617471614741,False,True,False,False,43.39170455932617,31.480796813964844,False,False
2024-01-14,35.33799743652344,612422802,-0.031005703703338425,0.04955056444825811,-0.08686526650187146,-0.11921236034148427,0.5331524182764003,1.3218622360108043,1.3254270234785448,45.80947941609017,-0.6027100967932951,0.10215647562597686,29.480601489741844,1.0554124774696507,-0.0748996709660969,-0.0018312413439622133,0.9708390666099369,0.20333243632995268,False,False,True,False,41.62960433959961,31.480796813964844,False,False
2024-01-15,35.66428756713867,467302331,0.00919104019110688,-0.011661116300790057,-0.16028750804270586,-0.1654680071467146,0.494034947907927,1.3644643137047154,1.3651109556410443,46.555833228358104,-0.5513057607689859,0.09701329994872468,26.198405674347764,1.034765657312341,-0.05552612584795125,-0.0008297656555048697,0.9763682625596929,-0.23696124723977863,False,False,False,False,41.62960433959961,31.480796813964844,False,False
2024-01-16,35.59072494506836,480326505,-0.0020647711820287245,0.025489163257944366,-0.13279593175768994,-0.13321687017506093,0.48373603436290213,1.3842767609676705,1.3623492063718963,46.400671843315365,-0.4962079289175983,0.09356183372923528,24.270225462048,1.0295696865114228,-0.048885607603585506,-0.011328781156526704,0.9600301484915517,0.027870980168511084,False,False,False,False,41.62960433959961,31.480796813964844,False,False
2024-01-17,36.00657653808594,542915389,0.011616534723462796,-0.0662392175379836,-0.021667881427934174,-0.13136210643502036,0.49287045456018547,1.3792014847899083,1.3624680464794363,47.46655903640905,-0.40931917473858964,0.08805192372068514,23.804843890356896,1.02991197952297,-0.03273160946779611,-0.008236387609138807,0.970445916035248,0.13030487251583178,False,False,False,False,41.62960433959961,31.480796813964844,False,False
2024-01-18,33.52815246582031,565920717,-0.07131614535523319,-0.16254155927738595,-0.14443131120112548,-0.1720173618639547,0.38301229219353233,1.2908290856992626,1.3098433685430049,42.09385923685315,-0.4908323286147648,0.09453031480352277,24.326497532688915,1.0524852847647688,-0.09115297143761936,-0.08278846555739511,0.8246257266713332,0.042373689282180216,False,False,False,False,41.62960433959961,31.480796813964844,False,False
2024-01-19,32.643001556396484,541126328,-0.02675497271380394,-0.09431810012394039,-0.10989521554070537,-0.2854356425893689,0.4477203863080902,1.2197868053829832,1.3078179102862086,40.33778350742783,-0.5708258045145043,0.09536421235223026,25.682879648412143,1.0002192460913824,-0.10697456835411412,-0.112468975616385,0.7671175495933096,-0.043812478064838234,False,True,False,False,41.62960433959961,31.480796813964844,False,False
2024-01-20,32.80842590332031,335959594,0.005054884380240108,-0.1052791336595945,-0.05386690760153605,-0.3371218358866879,0.5438908809180771,1.181774387758932,1.3087629494939361,40.834558128502145,-0.5773270995106303,0.09001122075089128,26.856099244086995,0.9730048362742408,-0.09535044466087131,-0.11324988881382735,0.7666208902912267,-0.37914757309683145,False,False,False,False,41.62960433959961,31.480796813964844,False,False
2024-01-21,32.473045349121094,323246888,-0.010274998354856246,-0.08454842831111228,-0.03499786386285436,-0.3360570857417806,0.4456132308290949,1.1228345138036662,1.2943274202594093,40.10545889820269,-0.568068464246992,0.08655838766826632,24.636508978925463,0.9730105145122093,-0.09285255713313917,-0.12714238750158052,0.7392885803354968,-0.037839985007244614,False,False,False,False,41.62960433959961,31.480796813964844,False,False
2024-01-22,29.48309326171875,625350714,-0.09659338205835197,-0.1903328505605711,-0.20199396686136117,-0.48878010005406736,0.3550151363029366,1.0502365595449488,1.2104615109669117,34.23652185040376,-0.7175309737242462,0.09635526279528867,26.297977377433128,0.9857377227719389,-0.16333366978317954,-0.2106991772202405,0.5719566951548964,0.9345915992236868,False,False,False,False,41.62960433959961,31.480796813964844,False,True
2024-01-23,30.59178352355957,785003146,0.036914471317128786,-0.15135360806141376,-0.12586444480346937,-0.4444355250771885,0.38166536567539666,1.0684015317466549,1.2297494765370311,37.86735656801354,-0.6954405722801099,0.09375080030261784,28.583553245193567,1.0027446447123187,-0.12416224310416953,-0.18449336809289724,0.6233434252303616,0.2553006311910919,False,True,False,False,41.62960433959961,31.480796813964844,False,False
2024-01-24,31.217866897583008,644903093,0.020259127283339957,-0.14271101550153661,-0.2089502330395203,-0.4373764232960894,0.38100152442598134,1.038302036619978,1.2389391589353516,39.8857497091462,-0.5961959395344114,0.09068399432369892,28.477838680786764,1.0055253017954018,-0.09651173269318215,-0.17078013782106147,0.6488850598359615,-0.17847068984867487,False,False,False,False,41.62960433959961,31.480796813964844,False,False
2024-01-25,30.48063850402832,421239728,-0.023898908989892133,-0.0952937791361955,-0.2578353384135815,-0.3767338621338581,0.36732310367287024,1.0563497497848422,1.228546431003499,38.30767942944673,-0.5394396178949765,0.09015593404624055,30.032486516619635,0.9741794173351006,-0.11018132764479231,-0.19219216574267722,0.6028034557835878,-0.34681701394786146,False,False,False,False,41.62960433959961,31.480796813964844,False,False
2024-01-26,32.27981948852539,539176077,0.0573505724390702,-0.011188233983321428,-0.10550633410726169,-0.27295173284619967,0.46093129903334484,1.0789994525248716,1.248449542614372,44.11845944116396,-0.3491921936882183,0.08536131633227839,30.530489596973958,0.9957791054269869,-0.05442228506975769,-0.14721098557108306,0.689023279234309,0.27997442112107707,False,False,False,True,41.62960433959961,27.378292083740234,False,False
2024-01-27,33.261962890625,336041590,0.02997223724554885,0.013729118881987397,-0.09155001477760709,-0.18213395035317773,0.4765235237927344,1.0741939654166386,1.2878999560700402,47.050371752114316,-0.13659376700665038,0.07982678497260202,30.60335799798973,0.9867247808323842,-0.02512719792960673,-0.1224812615081429,0.7313534614531352,-0.37674981451374745,True,False,False,False,41.62960433959961,27.378292083740234,False,False
2024-01-28,34.79377365112305,966178090,0.045023964122959746,0.06902808135980339,-0.015520346951308878,-0.14470428284385803,0.5008094898698319,1.1112293766794799,1.3254853785164387,51.33863819228888,0.11425888570125364,0.07777447231054826,30.26695964129768,1.0017717051205908,0.021698247471225993,-0.08350810885325359,0.8008844817889182,1.8751741413912488,True,False,False,False,41.62960433959961,27.378292083740234,False,False
2024-01-29,36.073768615722656,693709649,0.03612751736954989,0.2017489807877052,0.011416130227134075,-0.08806907295834776,0.5227891711040383,1.158606116390936,1.3093353526805358,54.64415902366758,0.3596077206863182,0.07371889001087367,30.609252741920095,1.0100552363989095,0.05714453215620859,-0.04929068528728341,0.8565743483235877,-0.2820064373432438,True,False,False,False,41.62960433959961,27.378292083740234,False,False
2024-01-30,35.144779205322266,681955940,-0.026089891855229783,0.13874461761534676,-0.012608990446067064,-0.09234798793886032,0.4747547474256142,1.0572903037290993,1.3265541056022145,51.88917194880602,0.44685343704090186,0.07435357843958831,28.606378945617976,1.011171308988496,0.03496671052546928,-0.07230926801757286,0.799271129222325,-0.016943268724809113,False,False,False,False,41.62960433959961,27.378292083740234,False,False
2024-01-31,33.16189956665039,581078929,-0.05807446470855394,0.0604110256234529,-0.08229998987808372,-0.2330357343793556,0.39946087153110665,1.0257775076748077,1.2602786222725868,46.500255709138926,0.3621543353255574,0.07818486725316015,24.724387973400717,0.979699144278829,-0.014306220257229395,-0.12267262504559957,0.6898279603437975,-0.14792306230223617,False,False,False,False,41.62960433959961,27.378292083740234,False,False
2024-02-01,33.82854080200195,476844022,0.019903235100631057,0.10421316971397597,0.008919390577780406,-0.18357615181167994,0.43168802701318587,1.0271766178680253,1.2094028839843574,48.43902579987984,0.3423844290690352,0.07446917488429651,24.051399934355434,0.9810433648140383,0.008571344758921316,-0.1025548210065302,0.715258985534843,-0.179381667098791,False,True,False,False,41.62960433959961,27.378292083740234,False,False
2024-02-02,36.707916259765625,721421678,0.0816875850932836,0.12855018236818927,0.11736194838486791,-0.0023770511121033694,0.483595829266476,1.1001007029832381,1.2872735620304352,55.876645025515884,0.5047784211453687,0.0696112578355771,24.271453219624973,0.9674362414458851,0.09399841099105755,-0.02482309707400573,0.8507993179872908,0.5129091374034254,False,False,True,False,37.09964370727539,27.378292083740234,False,False
2024-02-03,35.91640090942383,463062303,-0.021798392686394892,0.07677955243624555,0.09050867131823306,-0.07562272821645624,0.383142600915936,1.0661871134107066,1.214981958802228,53.58826449073979,0.5374180865565915,0.07020455326986419,24.59641193884287,0.951947010367058,0.06948725012386425,-0.043871323721600554,0.8008470496360123,-0.3581253279167472,True,False,False,False,37.09964370727539,27.378292083740234,False,False
2024-02-04,34.844993591308594,374440909,-0.030284570044296483,0.001471018268989469,0.07049909962879279,-0.04461622988652873,0.28448268180864195,0.9797323924341594,1.2126538129078457,50.569255327398025,0.46793229254542423,0.07058875454586454,24.222801570474715,0.9338251753103151,0.03885101974449967,-0.06880524546602916,0.738046731202745,-0.191381145530216,False,False,False,True,37.09964370727539,32.340728759765625,False,False
2024-02-05,34.50077438354492,430466400,-0.00992770128523229,-0.04458420038579275,0.15716478040191237,-0.0035705076128318327,0.2712712325824981,0.9896992460165922,1.2288021579786597,49.60239757538105,0.38341973322005507,0.06970256991043135,23.766452969800948,0.9172770150946559,0.030262573554368802,-0.074957768974271,0.7120623305774452,0.14962438572650716,False,False,False,False,37.09964370727539,32.340728759765625,False,False
2024-02-06,34.1414680480957,371504176,-0.010469052420520193,-0.028963360951083178,0.10978125666426358,0.015104482060186117,0.10831054245932123,0.9638754610938709,1.2752118885749495,48.55874032401563,0.29208226015033156,0.06724061759238965,22.897527621248116,0.9121380402693376,0.02238008172278318,-0.08118213960682687,0.6858006561788615,-0.13697288336557745,False,True,True,False,37.528160095214844,32.340728759765625,False,False
2024-02-07,35.27924728393555,434703122,0.03278217815688921,0.06189328191435996,0.12230430753781292,-0.022516060723079736,0.10327139524864663,1.0004727319298752,1.3084960180167005,52.00263923850797,0.2961299137742809,0.06392817570430862,23.36015407478278,0.8848846151263282,0.05368871496139496,-0.04823531826830765,0.732666086723237,0.17011638114129846,False,False,False,False,37.528160095214844,32.340728759765625,False,False
2024-02-08,35.427764892578125,465036665,0.004200936300065626,0.046190983113794735,0.15040415282777073,0.02089992631774905,-0.045447797119835445,0.8763510307118672,1.3370448670884612,52.450138868942354,0.29594362627484055,0.061082853426687116,23.669990336139172,0.8740234642170541,0.053742369791667965,-0.040085889258458365,0.7306669208470702,0.06977990602055084,True,False,False,False,37.528160095214844,32.340728759765625,False,False
2024-02-09,38.01095962524414,734324526,0.07037869761281254,0.03488209563332355,0.163432278001513,-0.012066291588829173,-0.0033865543746294064,0.8172058601853793,1.4276678694094327,59.51956798605336,0.4478142428208396,0.05874947650581006,25.9225693522604,0.8318400399579078,0.12189521443223635,0.03436220473621241,0.8456291831132521,0.5790680203678134,False,False,False,False,37.528160095214844,32.340728759765625,True,False
2024-02-10,40.2883186340332,716869745,0.058187037402854684,0.11486752572257304,0.1916470781588187,0.021134549429856174,0.07356467915948804,0.7597626630569445,1.4815617442445117,64.5267674658544,0.6664914916644076,0.05694853578423908,30.03429311213744,0.8524009382165446,0.17555343316816768,0.09941872649168552,0.9434943758611991,-0.023769846140206385,True,False,False,True,37.528160095214844,33.742950439453125,False,False
2024-02-11,39.732269287109375,506846339,-0.013897880819650316,0.1312542149472191,0.1327252332162085,0.10221510047745536,0.01722431856504948,0.8959227953061474,1.4683231354615807,62.494150062628236,0.7332378498112447,0.05669809726924277,29.773686013903184,0.7818462276259419,0.14224893070123473,0.08919950778434182,0.9045124811044104,-0.2929728970497981,True,False,False,False,37.528160095214844,33.742950439453125,False,False
2024-02-12,41.08818817138672,790355103,0.03355700185567864,0.17473891808812994,0.13015471770233725,0.11975618441723987,0.04435224965948734,0.8771718266132792,1.4994328727168182,65.35966618702012,0.8216040631030114,0.055497097643244446,31.099553635053294,0.787778199335333,0.163672422960257,0.13047495335105322,0.9564026717623632,0.5593584133592804,False,False,False,False,37.528160095214844,33.742950439453125,False,False
2024-02-13,39.765350341796875,707780905,-0.0327247490976369,0.15248322141101325,0.12351986045993013,0.11803713902294127,-0.0011752213185428865,0.6511895572993416,1.4398993750337457,60.50299916894975,0.7460642825663242,0.05812718011937129,30.6733118838524,0.7887616108000798,0.1127395017990199,0.09926909887561115,0.8815335630392181,-0.10447733896645695,False,False,False,False,37.528160095214844,33.742950439453125,False,False
2024-02-14,42.26839065551758,792191831,0.06104360220719142,0.18074464546131538,0.24263792737567547,0.16988970103902581,0.0044216938923111685,0.6639246489469528,1.5343540147437413,65.69704687870461,0.8142094943479218,0.056216929373229765,30.978182899951623,0.8134606809433004,0.16359052091476473,0.16985841454012185,0.9863290495182125,0.11926137792598412,False,False,False,False,37.528160095214844,33.742950439453125,False,False
2024-02-15,41.596004486083984,822570663,-0.016035424236038005,0.1605082849252118,0.20669926803900648,0.1559190479850164,0.022702177809955662,0.6396550823479186,1.5401958089526868,63.289316611001674,0.7643373431526079,0.057230923859812904,31.26110072625099,0.8165847291900056,0.13058309193063838,0.15176806940139734,0.9417433029318256,0.038347822852013325,False,False,False,False,37.528160095214844,33.742950439453125,False,False
2024-02-16,40.312129974365234,569724888,-0.0313517010635181,0.05877788624888113,0.09365998188220477,0.11295081219803557,-0.01841129423698481,0.605821266758221,1.492152296987944,58.85398261290816,0.6023427389241505,0.058528468695684406,30.72473994154888,0.8260329467775603,0.08528888984856167,0.11596790916098698,0.8698148664969838,-0.30738486840491663,False,False,False,False,37.528160095214844,33.742950439453125,False,False
2024-02-17,39.762489318847656,449295833,-0.013728427131925607,-0.01313757828589901,0.10172994743667395,0.17053853042134326,-0.0014788314426114422,0.5535508226148756,1.461367616120606,57.01192757062645,0.4240482065996103,0.05855002432593788,30.52970124329214,0.7834794107648403,0.0633790566181947,0.10102557221770819,0.8328916225157335,-0.21138106748813823,False,True,False,False,37.528160095214844,33.742950439453125,False,False
2024-02-18,40.254661560058594,426847219,0.012301823863785973,0.013062126397537316,0.1443163413447564,0.20959532699893313,-0.07584031559043586,0.6573157133070233,1.429382132381916,58.27138549115333,0.31040326269408847,0.056645612240183156,30.87540403587934,0.7749234273588428,0.07055636676361597,0.11412334191688103,0.8438000774288564,-0.04996399332285817,False,False,True,False,43.491729736328125,33.742950439453125,False,False
2024-02-19,39.482234954833984,583708516,-0.01937498955401689,-0.039869865012158195,0.13486905307597183,0.18516545306467597,-0.15195638282201185,0.729056333982753,1.366939840823608,55.52206063827353,0.1618256682180066,0.056081115369276194,30.38332499014543,0.7803559981548351,0.04399261767292237,0.09217831476996127,0.7972919259120457,0.3674881550534361,False,False,False,False,43.491729736328125,33.742950439453125,False,False
2024-02-20,38.52740478515625,665731631,-0.02448102208446787,-0.031626137998989196,0.1208570834120241,0.1709594293350645,-0.16509765640671614,0.6165726601641593,1.2937939431387306,52.240846945820785,-0.012867754649779073,0.05818664956426553,28.02560747230403,0.7856795545624846,0.01156909143119659,0.06773658812116776,0.7434577586895544,0.1405206755626638,False,False,False,False,43.491729736328125,33.742950439453125,False,False
2024-02-21,37.63543701171875,522409643,-0.023423720414489212,-0.1160934606206697,0.06465118484064565,0.24412909097892718,-0.2446510090751402,0.5991442272818638,1.294365650523876,49.309244969065034,-0.19073129542613,0.060090651165839185,25.995962277947417,0.702867671772906,-0.016764145095611534,0.04475977743731625,0.6934393229087907,-0.2152849306329565,False,True,False,False,43.491729736328125,33.742950439453125,False,False
2024-02-22,36.75072479248047,457923442,-0.023788132553544963,-0.12384616893817667,0.03666211598703514,0.18342648710825354,-0.26100903796893493,0.5650918527836502,1.2518280188549085,46.52069436415848,-0.3603601562571703,0.0602198680232383,25.980578947213353,0.70347912128051,-0.03993117467590018,0.02022540061704818,0.6446844655412751,-0.12343991322533843,False,False,False,False,43.491729736328125,33.742950439453125,False,False
2024-02-23,35.92631912231445,474695416,-0.02268779763378146,-0.11518226550843996,-0.056404379259558914,0.14047956219113214,-0.2968968611049571,0.5214810866171135,1.17878159881111,44.02237869971897,-0.5112654972834076,0.06047240486232906,25.975327024849005,0.7085420184904979,-0.06147994752465879,-0.0011013948975149076,0.5993879099106212,0.03662615289304183,False,False,False,False,43.491729736328125,33.742950439453125,False,False
2024-02-24,36.73804473876953,348541912,0.02234270942730708,-0.07911112894920733,-0.09224870723510631,0.18672118060833154,-0.19001268152552658,0.5540442842812019,1.2430709303931737,47.038273718582644,-0.5369452375971807,0.05820023951789406,24.884552762987738,0.703404796292312,-0.04264207326854484,0.021295704837753514,0.626816997598054,-0.2657567352620064,False,False,False,False,43.491729736328125,33.742950439453125,False,False
2024-02-25,37.44997024536133,348630081,0.019193055944269455,-0.07221989686872377,-0.059157770471186436,0.14856366411353075,-0.124388068732669,0.6094949631468757,1.2275631166384025,49.602861918376114,-0.48793502603728633,0.0548233173144102,23.14904989680883,0.6807239033294608,-0.027825717750180973,0.039453717103469066,0.6492756574630075,0.0002529652732266019,False,False,False,False,43.491729736328125,33.742950439453125,False,False
2024-02-26,39.33618927001953,556405127,0.04913902627497331,-0.003705881039733429,-0.043575746051891705,0.1677304531429552,-0.014403497210222514,0.6442539769356895,1.241924418559594,55.72070651809304,-0.3186270243206266,0.05391043309371243,20.56726599375695,0.6927670701290553,0.014300189820549406,0.08835953381225471,0.7221597899681381,0.595975669695582,False,False,False,False,43.491729736328125,33.742950439453125,False,False
2024-02-27,39.268646240234375,507254829,-0.0017185468545335826,0.01905659419020069,-0.012569543808788409,0.12098794216546176,-0.023716340678396248,0.6217974320352937,1.2322173188449417,55.46107706036115,-0.2067524180375131,0.05268541662776739,18.739606079764243,0.6783148506465818,0.00737720382356778,0.08457859211821467,0.7091656931464304,-0.08833545130147591,True,False,False,True,43.491729736328125,35.2357292175293,False,False
2024-02-28,40.2947883605957,978077517,0.02579574464594989,0.06827605925063993,-0.047817401370029766,0.11065616944186203,0.022587096483514358,0.6334453405459003,1.269262285832798,58.61595087012622,-0.06647294125091552,0.05424176115514705,16.852093461337798,0.673099363608808,0.027288156610605626,0.10948814711957515,0.743242070870101,0.9281778330788448,False,False,False,False,43.491729736328125,35.2357292175293,False,False
2024-02-29,40.935386657714844,1053380461,0.015772748921669428,0.10783694072585426,-0.016009228212322344,0.1525188102187613,0.06017082227990102,0.6272735576443754,1.2098091139478604,60.49714541621044,0.05980347528002805,0.057999993998348556,16.946662558077264,0.6655858894334762,0.03974380228469188,0.1255998693515417,0.7600440485098741,0.07699077291028256,False,False,False,False,43.491729736328125,35.2357292175293,False,False
2024-03-01,42.85532760620117,649269967,0.0458350804139616,0.17635981877359747,0.061177553265157364,0.2564283553412767,0.0233926209619211,0.6558892268723834,1.2822058630160844,65.55141997270002,0.25219178152605126,0.05538353279018224,18.481975154691224,0.639663849179857,0.08497252860571597,0.1761870581279575,0.830589652183111,-0.38363203890868447,False,False,False,False,43.491729736328125,35.2357292175293,False,False
2024-03-02,44.33390808105469,696365708,0.033919834855378125,0.1879369442016685,0.10882581525246113,0.2704449550960239,0.0868688032843439,0.7021329821092097,1.2976215729640492,68.85620807075497,0.44719103611334987,0.053545935570931014,21.224460836427518,0.64464469921711,0.11590573663774355,0.21114172881561516,0.8806825413478819,0.07253645385387131,False,False,False,False,43.491729736328125,35.2357292175293,True,False
2024-03-03,42.6048583984375,618511855,-0.039781510019776874,0.1289623782376222,0.05674248136889846,0.1489758599829634,0.1465988088708601,0.6325716892494394,1.2490765629662017,61.43407394839181,0.4278818975224261,0.0573974031042073,21.922874157451187,0.610633673705374,0.0703416948842753,0.16000606680889612,0.7954393631077358,-0.11180023959479635,False,False,False,False,43.491729736328125,35.2357292175293,False,False
2024-03-04,43.08823776245117,832140642,0.01128176043641233,0.09110511239906116,0.08739923135932763,0.18205601310577066,0.10643328488931436,0.5651986140217067,1.2482431265164773,62.646302773790325,0.41547745060494257,0.05668590341933918,22.974599509848275,0.6032417709808484,0.0779859288350457,0.16823673417958984,0.8034605210380158,0.3453915802470755,False,False,False,False,43.491729736328125,35.2357292175293,False,False
2024-03-05,39.50013732910156,1599003513,-0.08694590553341276,0.005877753720181924,0.024934347910382633,0.12539467761665432,0.0807784477301255,0.40987735942529624,1.1051270700508136,50.066143246119054,0.1472717061661426,0.07489835869452384,22.451775075767408,0.6743977519903782,-0.008347618025317275,0.06873082556902908,0.6434095124964653,0.9215544011369174,False,False,False,False,43.491729736328125,35.2357292175293,False,False
2024-03-06,41.51433563232422,750303597,0.04973465592338201,0.029816664997614047,0.09809272424825387,0.1850570348252686,0.1814865272124368,0.4563282674077668,1.1747562808418608,55.471796622718706,0.08998440781642647,0.07328778661391738,22.422421523099413,0.6906036740334512,0.04232575751760158,0.11963882200478942,0.7162472445359328,-0.5307680121400709,False,False,True,False,44.88861083984375,35.2357292175293,False,False
2024-03-07,43.29000473022461,881639513,0.041882966211650954,0.055926882287595334,0.16376382301344972,0.23740905345743973,0.25251353551762573,0.34571959591676105,1.2012845145513107,59.62176605164875,0.15247233084495182,0.07018490405246432,23.571434112985514,0.6988229604385523,0.0828604365384025,0.16295961132855283,0.7777431001554618,0.17504369767802141,False,False,False,False,44.88861083984375,35.2357292175293,False,False
2024-03-08,42.74036407470703,693557709,-0.012778002507445678,-0.0026862006338119154,0.17367361813978555,0.19184887279310484,0.16933281207002512,0.29512026804175134,1.19232160472298,57.82525947796447,0.1380139706206256,0.07052998028560241,24.22792933659984,0.6964822434769344,0.0651446011848607,0.1425387298009356,0.743579655165041,-0.21333186776078628,False,False,False,True,44.88861083984375,35.19068908691406,False,False
2024-03-09,43.000335693359375,430944940,0.006064154270665166,-0.030541881218524927,0.15739506298314337,0.1937120907637043,0.2146120170814533,0.14826429364386884,1.0700631214755714,58.46277856089542,0.12743810406413925,0.06691857550573649,24.936221740115336,0.6964386904161489,0.06796959763525268,0.14315811756622082,0.7425024837584357,-0.3786458799205705,False,False,False,False,44.88861083984375,35.19068908691406,False,False
2024-03-10,42.052711486816406,496784831,-0.02228405570024803,-0.013044426898996174,0.11591795133862604,0.10104933745064372,0.0889830458618146,0.09766278307601439,0.9182551976360231,55.188011545095904,0.04249371210576025,0.06852176103272821,25.07878121651496,0.6636222265688297,0.04111082511066305,0.1124975506767893,0.6932210233700978,0.152780285574301,False,False,False,False,44.88861083984375,35.19068908691406,False,False
2024-03-11,49.007232666015625,1729844746,0.15304402586175497,0.12871783852634658,0.21982295092540766,0.19590632590954413,0.2170408753394004,0.2694710050690322,0.9556689889664888,68.93896143463357,0.4195891004737524,0.06723897428418722,30.40965457908425,0.8250838158605759,0.19774795691936142,0.2852347916897083,0.9579087883370544,2.4820804462123363,False,False,False,False,44.88861083984375,35.19068908691406,True,False
2024-03-12,55.59136962890625,2700412078,0.12606007405968386,0.3417238181194432,0.347601571839625,0.3358642807888784,0.4380793812663338,0.3530885993539279,1.2317870760950256,76.34099780075915,1.0419207247395845,0.0687914994931529,41.80745250855471,0.9203895726946202,0.3294935487749432,0.43821160864229325,1.2009334161562375,0.5610719310182533,True,False,False,False,44.88861083984375,35.19068908691406,False,False
2024-03-13,54.948246002197266,1263536738,-0.011636206253631196,0.28035295594243,0.31016962094004397,0.2906710726795685,0.4104272570968083,0.33502332233905596,1.1678428992928478,74.47409894007377,1.3217363838322296,0.06862844916824147,47.385185482753066,0.9200692994656141,0.28612668809756825,0.4038807470619969,1.156323953787599,-0.5320948427486629,True,False,False,False,44.88861083984375,35.19068908691406,False,False
2024-03-14,54.05936813354492,1860444499,-0.016308907916678692,0.2221610818141004,0.27808796410169573,0.3070869138605268,0.4251240528834681,0.3059116925419839,0.9582764711598685,71.85848683681574,1.353505306195511,0.07570743566899756,49.29235233416755,0.9122936445301174,0.2390277768457775,0.36523616335202996,1.1033403971713305,0.47241029330482354,False,False,False,True,44.88861083984375,40.650779724121094,False,False
2024-03-15,58.48988723754883,2858368931,0.0787710190239725,0.3137101033455186,0.31102390271170655,0.3248143306773079,0.49470403171633376,0.3292360245696191,0.9887389796242608,76.32228953363416,1.5645245353696304,0.07666042052498885,53.95953761932684,0.9267014530456263,0.3079699869631858,0.4565206208451737,1.2546159524972176,0.5363903263636138,False,False,False,False,44.88861083984375,40.650779724121094,False,False
2024-03-16,53.49980545043945,2266775404,-0.08917585410528887,0.21847009496956446,0.18792821375103955,0.251673900808057,0.40759294879307356,0.2743760786180126,0.8913289831559756,64.00752023401317,1.2720657989948747,0.0901191980493438,53.4223132152844,0.986569147872381,0.17528890133026634,0.318324504116301,1.0454334660467344,-0.20696891873682344,False,False,False,False,44.88861083984375,40.650779724121094,False,False
2024-03-17,58.115814208984375,1531363097,0.08275979884944362,0.3235139495192561,0.3104695226202601,0.36578540072101884,0.4787362129190544,0.34737410648403405,0.9716066674792398,68.99172762058507,1.289506959805312,0.08689197620653699,55.86241338965139,1.0087577075757304,0.2508909122695317,0.4147417649180602,1.2018361183167667,-0.32443104230894504,False,False,False,False,44.88861083984375,40.650779724121094,False,False
2024-03-18,60.689945220947266,3107201148,0.04334022093868455,0.21381014459618577,0.3425279831225323,0.42285404879162897,0.5933925792129722,0.4213752173490176,0.9764048714065047,71.37249285996319,1.3670261631529312,0.08879131430293116,58.602856413679646,1.0099403611680942,0.2768604038642498,0.4590098093152592,1.2774873475025206,1.0290427228441956,False,False,False,False,44.88861083984375,40.650779724121094,False,False
2024-03-19,53.52589416503906,3043324575,-0.12561249734800287,-0.037862426811500864,0.3038613913079423,0.28493972757984026,0.4945350545787733,0.2090994119894044,0.9422554408868635,58.02082272333585,0.8535536763744767,0.10489954700860298,57.04353736007807,1.1214364168634163,0.11067642168008689,0.2760755452723069,0.9923454555831667,-0.02055759185114714,False,False,False,False,44.88861083984375,40.650779724121094,False,False
2024-03-20,57.03071975708008,2192493076,0.06342452586845107,0.037198305310581305,0.31755126125301136,0.3677392430023081,0.5529046960669841,0.21578286018029633,1.0967955769850612,61.78705941400356,0.6754934856129653,0.1007858468181013,56.47678532586544,1.1317475322125239,0.1639652808220227,0.34559005687834987,1.1043486948890355,-0.27957303863982363,False,False,False,False,44.88861083984375,40.650779724121094,False,False
2024-03-21,53.86556625366211,1155827899,-0.05709863701256291,-0.00359142378530286,0.21856965802879746,0.3351216280742131,0.5060810574092777,0.17002397166749708,0.9516942882383725,56.828527220479096,0.2897953635322814,0.10547065621338123,55.2604520332725,1.1506353774448395,0.0871514130929654,0.2586147354663022,0.9715617922454489,-0.4728248350463662,False,False,True,False,65.25045013427734,40.650779724121094,False,False
2024-03-22,53.267066955566406,1355173584,-0.011173169304766842,-0.09353561211404211,0.22017449123147637,0.3473721791839354,0.5915012701628627,0.10272117010879515,0.9465164064657992,55.91475989089144,-0.04268988543028307,0.10674931062777289,54.25781136725504,1.1467866423597195,0.06546716994519927,0.23342590689430445,0.9342695466355613,0.1724700408879818,False,False,False,False,65.25045013427734,40.650779724121094,False,False
2024-03-23,53.412357330322266,718419189,0.002723870428808302,-0.0016358875799449238,0.21683420738961953,0.3738841821662887,0.5573106692745422,0.11287514419735378,0.9389760349499389,56.099303291867976,-0.2768286920933729,0.10298879642236226,52.23551872192578,1.1402053917894757,0.05694899630212423,0.227295823721609,0.9243476801527698,-0.46986924960603427,False,False,False,False,65.25045013427734,40.650779724121094,False,False
2024-03-24,55.6641960144043,580230389,0.04129500991389892,-0.04310067651548965,0.2804132730037665,0.4378669897139692,0.5783465519051014,0.14097012860901198,0.9593480763310827,58.96632412108469,-0.30198597046282183,0.09596730989615283,50.484592894636314,1.1372170456911062,0.08797186537749374,0.26753488103951345,0.9890930710831188,-0.19235120959443086,False,False,False,False,65.25045013427734,40.650779724121094,False,False
2024-03-25,57.823333740234375,962007743,0.038055252353258656,-0.04838564510091573,0.16542449949527013,0.4535795326399205,0.640300713248252,0.26356685111439393,1.0076238169211222,61.55862888898109,-0.20006656091739394,0.09096740778767576,46.259104808621494,1.1398818073993058,0.11029126610409763,0.30306445634048934,1.0487674272511063,0.6579754546430694,False,False,False,False,65.25045013427734,40.650779724121094,False,False
2024-03-26,55.81808853149414,907482590,-0.0352944080546791,0.04193244419240803,0.004070017380907081,0.3990920686409719,0.5476557327545027,0.2747039999083029,1.0085870317878476,57.900176975317905,-0.2891459270984589,0.09237975131276499,42.10348241379953,1.1531975076852439,0.05726858973342996,0.2459052690697602,0.9617677166905475,-0.05667849702536121,False,False,False,False,65.25045013427734,40.650779724121094,False,False
2024-03-27,54.114627838134766,860804976,-0.03099344960445523,-0.05248553128049822,-0.015287225969916872,0.31895959276154334,0.4866900459044985,0.3045560955513208,0.9632135696972329,54.91448734700551,-0.47335173326781543,0.09309596792608157,38.3572948634696,1.1557264170541084,0.014601461671378099,0.1972079187053084,0.8872170717436867,-0.05143637411269786,False,False,False,False,65.25045013427734,40.650779724121094,False,False
2024-03-28,54.621883392333984,484017125,0.009330062702453703,0.01394316843451855,0.0103517446492156,0.33000820231853084,0.45099614448399267,0.3062918616401346,0.9518056343538245,55.64791650563998,-0.5653629657391122,0.08797390569091862,33.397364589029564,1.154882602351735,0.012830741731000515,0.1981755604361391,0.8900280584058581,-0.43771569810256306,False,True,False,False,65.25045013427734,40.650779724121094,False,False
2024-03-29,53.4062385559082,454703288,-0.02250703115341073,0.0026093065858746128,-0.09092630552816754,0.2817054265191702,0.39236159596103215,0.30429252300268433,0.9151507670650704,53.40572076861639,-0.7034279460348105,0.0862645805296731,27.531304263273622,1.1593751794885918,-0.01917309274489968,0.16234148952310196,0.8339477297839974,-0.060563636049034475,False,False,True,False,59.257179260253906,40.650779724121094,False,False
2024-03-30,53.00242614746094,370817943,-0.007589877160482893,-0.007704441003416578,-0.00934032858336155,0.2583428004370178,0.4108616106557791,0.3185136227169187,0.8856163580813933,52.64687271230985,-0.8097084253059479,0.08306929589517402,18.05926685060701,1.1606196513519573,-0.0362792824444854,0.14607411265426282,0.8064998184919732,-0.1844837000606866,False,False,False,False,59.257179260253906,40.650779724121094,False,False
2024-03-31,54.11042785644531,343450748,0.020689229912106376,-0.028310221005209107,-0.07141089752069885,0.23319694993516255,0.48962530527643944,0.25658957089708373,0.889086176807546,54.55496316634015,-0.7921696623699397,0.07728310790338867,15.091218303898515,1.1537630747585501,-0.020676489869581482,0.16308015048104887,0.8302872968984413,-0.07380224047033235,False,False,False,False,59.257179260253906,40.650779724121094,False,False
2024-04-01,51.45050048828125,779113611,-0.05040672888757777,-0.11677220224604551,-0.16515784734696132,0.14887038619220663,0.4193153412882305,0.23573918947655056,0.8510033683014163,49.407886891739665,-0.9365977243646428,0.08068567719900477,16.28089428993606,1.167126620957616,-0.06531502660267331,0.10036301559571044,0.7280245168481454,1.2684871572910361,False,False,False,False,59.257179260253906,40.650779724121094,False,False
2024-04-02,46.820255279541016,805544256,-0.09430427548725275,-0.17578206967861926,-0.13384962548621118,0.09434762072473069,0.24332348070769405,0.2409464295955908,0.7269193099741702,41.98258072797073,-1.2985786826370465,0.09010746746402036,21.010784360408895,1.2082062618548122,-0.14310482852909157,-0.0011123307463644055,0.562700124125756,0.033923993403318864,False,True,False,False,59.257179260253906,40.650779724121094,False,False
2024-04-03,45.94569778442383,585412701,-0.01885569818592268,-0.16364431826008663,-0.2161298495405849,0.06421016210239558,0.24626617520816618,0.17064344699170994,0.6294087761241023,40.737266283222574,-1.535303002213189,0.09031920864395848,25.372929843412955,1.2102231505573964,-0.15282072274543426,-0.022348754180795374,0.524211626829032,-0.2732705911070391,False,True,False,False,59.257179260253906,40.650779724121094,False,False
2024-04-04,46.506927490234375,459366516,0.012141063558801785,-0.16083331740373874,-0.1468901489692202,0.16329713119461015,0.28869180881126444,0.2440755789247358,0.5731744906199064,41.92772865808442,-1.5859815562738664,0.08685209419260582,27.4579867791637,1.1670008914085666,-0.13289299528158832,-0.01218848102271672,0.5333179272229597,-0.2153116677938287,False,False,False,False,59.257179260253906,40.650779724121094,False,False
2024-04-05,45.38042449951172,447464945,-0.024520446143454427,-0.16284673239378247,-0.16023742580790787,0.08904202912777369,0.2740990639530424,0.2705285563402106,0.5453702965355404,40.182904366542,-1.6214859603322807,0.08660664303671808,30.79773808162156,1.1602530985890402,-0.14744314503322298,-0.03766259190003332,0.4872856515408881,-0.02590866026465022,False,False,False,False,59.257179260253906,40.650779724121094,False,False
2024-04-06,48.19573974609375,508811240,0.060189796501385624,-0.09506705873191389,-0.10277149973533041,0.10734885941750857,0.34475791287494834,0.3598623949351344,0.4530684553342695,46.207793857540835,-1.390364976017288,0.08103055786597935,30.926200784690344,1.169699888869617,-0.08603548359832618,0.018633092478796246,0.5695292613752828,0.13709743229159543,False,False,False,False,59.257179260253906,40.650779724121094,False,False
2024-04-07,49.387210845947266,328806120,0.024420870778296373,-0.09133541786572404,-0.11964563887093307,0.1445477327032505,0.3363966054963553,0.31388054477327554,0.4396680007450019,48.5687712420086,-1.1047051243950419,0.07557422748353616,28.376980763765857,1.1703494055838635,-0.053295047677848435,0.03958574677315643,0.5978351927570162,-0.35377583246785194,True,False,False,False,59.257179260253906,40.650779724121094,False,False
2024-04-08,49.883567810058594,488704448,0.010000145203909024,-0.030928543774237,-0.1477007460202826,0.1484837236364945,0.3421958144001988,0.3630957407179479,0.2967480172803634,49.56194692037618,-0.8416788425829473,0.07294235967195736,28.616780747479627,1.1704826606464065,-0.0404305152826063,0.04579456090680353,0.6032458773784323,0.486299731890635,False,False,False,True,59.257179260253906,44.054161071777344,False,False
2024-04-09,46.47019577026367,437892500,-0.07088049020272913,-0.00750475848971341,-0.1832868281683326,0.09988728913401351,0.20093662658465716,0.188870334995828,0.19755007221002766,43.36081709984008,-0.8542185310187365,0.07816270363993362,28.878287440511265,1.1966942361128154,-0.09691797465964719,-0.028611974050469623,0.4845691078689137,-0.10397275532879946,False,False,False,False,59.257179260253906,44.054161071777344,False,False
2024-04-10,47.31169509887695,530754231,0.017946362692614345,0.02929730238882376,-0.13434701587126288,-0.03521037403512722,0.160695951874417,0.18183050130427328,0.23426063103390513,45.18178457525602,-0.7653373924179436,0.0747503378280777,29.545772723607477,1.0700450801325978,-0.07467190716569103,-0.014640399590678208,0.5022351328941043,0.2120651324240539,False,True,False,False,59.257179260253906,44.054161071777344,False,False
2024-04-11,46.05759811401367,371204369,-0.02686477247399481,-0.009708533643972768,-0.17054185104771147,-0.18813522056880574,0.14772906022007254,0.24994416069752798,0.1649533787851221,42.964812787650544,-0.7495386427349413,0.07409675951127517,30.708200703770583,0.9694026518012878,-0.09280379289748701,-0.04411285710481674,0.4538130707886412,-0.30060968463575,False,False,True,False,50.75939178466797,44.054161071777344,False,False
2024-04-12,39.41774368286133,966043351,-0.1556766839290545,-0.1408647714295728,-0.3037115038233553,-0.332175698244229,-0.04150462556466049,0.07825155885257935,0.0028476240948269904,33.57216135697335,-1.122372823076922,0.09968424532046054,36.4305344579089,1.1007379971712012,-0.21273845839247754,-0.18282215809506858,0.23826984292742304,1.602456845005507,False,False,False,False,50.75939178466797,44.054161071777344,False,True
2024-04-13,34.07841110229492,1507323529,-0.14555198391972535,-0.34660655185068395,-0.44167361058259785,-0.46141877424727573,-0.15433186038674898,-0.03629472136380771,-0.1555070817052919,28.228114569061802,-1.6336956301300685,0.1273791415829815,45.35060267811019,1.1966157353960305,-0.3043823846461731,-0.29297130973826485,0.06634681537767345,0.5603063024445991,False,True,False,False,50.75939178466797,44.054161071777344,False,False
2024-04-14,37.316444396972656,1185559416,0.09077001975832381,-0.28025740287065637,-0.37159282073638034,-0.4494197735129244,-0.12460544283561656,0.04528425820340927,-0.12018374894330532,34.98693081132866,-1.6539050642974629,0.11778020241666924,47.69682087230253,1.209164524825486,-0.22200362902337176,-0.22597723025169403,0.16250372073541677,-0.21346718657902675,False,False,False,False,50.75939178466797,44.054161071777344,False,False
2024-04-15,35.157203674316406,931818442,-0.0596045598403476,-0.3498621079149132,-0.3807906516891501,-0.4198484792479832,-0.16817457843992611,-0.012255530454909654,-0.1454724006299705,32.77074087004563,-1.7059065734315264,0.12471159251121056,51.67690071791044,1.190583321853316,-0.2508867568324686,-0.2700702316742001,0.0908379952202878,-0.2140263664356068,False,False,False,False,50.75939178466797,44.054161071777344,False,False
2024-04-16,34.76621627807617,697719424,-0.011183419561782482,-0.2901650372739665,-0.2976697957636799,-0.5137916976592092,-0.1480062969381905,-0.03505548474015493,-0.16641759117517527,32.37088626504787,-1.65837483172267,0.12341727882947083,55.48219362206026,1.138446316614726,-0.24362634218177784,-0.2768155335807157,0.07444101527283221,-0.25122814429122453,False,False,False,True,50.75939178466797,29.727075576782227,False,False
2024-04-17,33.54623794555664,603455739,-0.0357213942851515,-0.3438327942517324,-0.31453549186290863,-0.5928533128830453,-0.1699992640914164,0.000539266329926932,-0.17147809553402785,31.095935223546334,-1.6000737622909655,0.12510242596501092,58.74262238203809,1.118826052757161,-0.25304339684045823,-0.300527519927371,0.03285919783014004,-0.1351025666729897,False,False,False,False,50.75939178466797,29.727075576782227,False,False
2024-04-18,34.85084533691406,561597710,0.03815266899173026,-0.27881535278600733,-0.28852388642998006,-0.42908814654331234,-0.144148418963472,0.06544690803546101,-0.2199887345539078,34.08566010626657,-1.373318870505532,0.11729369386133551,60.38735186207901,1.06851049420902,-0.20762537912438747,-0.2716716813920749,0.06889486502918654,-0.06936387591468407,False,False,False,False,50.75939178466797,29.727075576782227,False,False
2024-04-19,34.72248077392578,630681834,-0.0036900552502023057,-0.1268287241071551,-0.267693495536728,-0.4962027276619655,-0.1284634846596574,0.05670196840501863,-0.28041986748166914,33.92966322076583,-1.141186103426557,0.11750605729391712,61.236970265059654,1.0320863488369472,-0.1937902177540267,-0.2724650371440725,0.06082651057579348,0.12301354291490973,False,False,False,False,50.75939178466797,29.727075576782227,False,False
2024-04-20,38.301055908203125,432114532,0.09809012710977677,0.11681338692234708,-0.22979316492833696,-0.34101396353962593,-0.0058923354654128015,0.16506709386965177,-0.17098999187212888,41.911196461915644,-0.67868214617148,0.10687558480354746,58.237863471520036,1.095343694350048,-0.09407342695736964,-0.19594915523846312,0.16501492982822275,-0.3148454439231557,False,False,False,False,50.75939178466797,29.727075576782227,False,False
2024-04-21,37.11705017089844,351138122,-0.03140102782986579,-0.0053576606658427015,-0.28561506353649907,-0.36124182206472494,-0.013869642880789478,0.23025944809813775,-0.2585206519559296,40.181635912432306,-0.3984211427091262,0.10659053780156234,56.53137289170248,1.0975687839444852,-0.10693992912728069,-0.21843670611129543,0.12437957525847207,-0.1873957110981863,True,False,False,False,50.75939178466797,29.727075576782227,False,False
2024-04-22,39.22599411010742,478316447,0.05526320470505053,0.10951010387955554,-0.24035200403535756,-0.3087024877884826,0.06518169437780606,0.2486081814860598,-0.19582734359112877,44.56947427721994,-0.03602179916140402,0.09877208381890344,56.0061553542223,1.12150325869568,-0.04749516555252881,-0.17285227153936464,0.1830520920625681,0.3621888853184674,False,False,False,True,50.75939178466797,32.009090423583984,False,False
2024-04-23,38.2866096496582,352913077,-0.024239424532781412,0.09645409890855654,-0.19371093836540984,-0.374236922235163,0.06363006747880619,0.20410962966993826,-0.233266793626151,43.05452560986594,0.1644075961939735,0.097335349265425,55.794049701570295,1.1067631358826688,-0.06157930441468252,-0.19102262375688886,0.1499291250520571,-0.2621765795145238,False,False,False,False,50.75939178466797,32.009090423583984,False,False
2024-04-24,36.368186950683594,500406290,-0.05140580992984535,0.08076968326386261,-0.2630631109878697,-0.463697984518267,-0.010118451878346374,0.17660272872998498,-0.20013113340387295,40.0598143568479,0.18995587446451534,0.102494459658434,55.70157426664206,1.0993212609271024,-0.09738544133967562,-0.23053955384536617,0.08806058306177623,0.41793071045650154,False,False,False,False,50.75939178466797,32.009090423583984,False,False
2024-04-25,35.58365249633789,411675388,-0.021808074771392825,0.020808939500739466,-0.2580064132852678,-0.4502116512349807,-0.051119582594008756,0.09744408151952194,-0.17550765132667775,38.86913872952062,0.17648192453355538,0.1011656624169833,56.004207990769785,1.097262736343191,-0.10598795432364172,-0.2452442403743152,0.06054547793026176,-0.17731771916775863,False,True,False,False,50.75939178466797,32.009090423583984,False,False
2024-04-26,34.40515899658203,327221441,-0.03367980888679283,-0.009180814135850996,-0.13600953824300618,-0.4528980105173183,-0.1339384177557749,0.03379203538718032,-0.14834191496599752,37.08596377823835,0.11371214074957336,0.10023571712754752,54.60961041260869,1.0977952213261006,-0.12035787895643443,-0.2674800356665699,0.021635425988795746,-0.20514694213393203,False,True,True,False,39.83196258544922,32.009090423583984,False,False
2024-04-27,34.43024826049805,331491157,0.0007289639453523846,-0.10654197730027548,0.010271409622071553,-0.4614991092744197,-0.13149090695588905,-0.01050296479042721,-0.15520724763428523,37.15206742895532,0.09988584633199205,0.09665377956020271,50.83500395929573,1.095794596435732,-0.10255699252845489,-0.26434265430342246,0.01861515263149966,0.013048399233716479,False,False,False,False,39.83196258544922,32.009090423583984,False,False
2024-04-28,33.93898010253906,244157564,-0.01437127857008852,-0.08951222804049809,-0.09486988870634089,-0.45336335669109773,-0.17165793017192754,-0.0610017607300656,-0.1490708336884132,36.346764945082626,0.08428079564896418,0.09418931534587086,44.5188214755181,1.0954963260025743,-0.09658908995640347,-0.27202049708282156,0.00043534410262733485,-0.26345678053788923,False,False,False,False,39.83196258544922,32.009090423583984,False,False
2024-04-29,35.364253997802734,442995634,0.041137326560067994,-0.10363810618548075,0.005871997694074936,-0.4046361529705468,-0.146293352533529,0.006225457685232399,-0.08612253025362801,40.38416758922544,0.19049604100536,0.08972944161110043,39.64009736922806,1.1127563259707438,-0.04452706817146301,-0.2392660843282804,0.03843172055816464,0.8143842309960136,False,False,False,False,39.83196258544922,32.009090423583984,False,False
2024-04-30,32.706424713134766,518107123,-0.07813000288862675,-0.15752868454132596,-0.06107458563276937,-0.5034553857712799,-0.27025843583611725,-0.013830080494840467,-0.24686581487419604,35.8213140349756,0.10648962411343632,0.09809086450967659,32.224631653176,1.1278390371028242,-0.09855055383835204,-0.2914707040168454,-0.04292159502985783,0.1695535649455182,False,False,False,False,39.83196258544922,32.009090423583984,False,False
2024-05-01,33.28810119628906,620506676,0.017628478686692595,-0.08849439592478796,-0.007724712660925252,-0.43542017819700946,-0.2865497920048028,-0.01610483690877884,-0.19968098872045884,37.48603536590993,0.11415468835003262,0.09630478991972206,21.893474734631347,1.1272761456006308,-0.0660838440750967,-0.2718332099586107,-0.02932820716037312,0.1976416622243582,False,False,False,False,39.83196258544922,32.009090423583984,False,False
2024-05-02,33.61256408691406,352653461,0.009699916533360498,-0.056986404620034695,-0.036177465119295066,-0.3314159861763962,-0.23706836545166554,-0.088092505468702,-0.09046955658080542,38.44517325483636,0.16220089344983446,0.09232698708322146,20.28965269747124,1.0924572949543632,-0.04923844802824255,-0.25780789608803134,-0.023346991968485033,-0.431668546624952,False,False,False,False,39.83196258544922,32.009090423583984,False,False
2024-05-03,35.584896087646484,314837755,0.05702135239776694,0.033714756664525045,0.024533942528674007,-0.2555389355927066,-0.191328773490311,-0.009272760384540312,-0.08489548860099648,44.06340562325066,0.3378320221043789,0.08599925493581403,19.979506687820017,1.1174059774888114,0.004410721776755961,-0.2077939309857022,0.03004635282818155,-0.1072319151292832,False,False,False,False,39.83196258544922,32.009090423583984,False,False
2024-05-04,37.36183166503906,376360200,0.04872835896539213,0.08171415168456504,-0.02482782561571045,-0.2189516401861161,-0.05565450899150597,0.06974016862514826,0.025123938738619664,48.613909673543446,0.570984304360934,0.08057909283867601,20.00585142542305,1.1330973282102328,0.05449853279734052,-0.16033612116678853,0.0770781943921085,0.19540999776218082,True,False,False,True,39.83196258544922,30.680227279663086,False,False
2024-05-05,37.401939392089844,338713061,0.0010729188838708276,0.09715834913852442,0.007646121098026285,-0.1933582751587908,-0.10431624603101704,0.0807407887942516,0.07717028118141975,48.71532233149702,0.7158258188333719,0.07707301664082784,20.499817719125645,1.1317171527563836,0.0522971007655398,-0.1533084097546212,0.07382524476724914,-0.10002954350645998,True,False,False,False,39.83196258544922,30.680227279663086,False,False
2024-05-06,37.138362884521484,552983720,-0.007072083103183084,0.04894893947527329,-0.05468916671020742,-0.26062015476335965,-0.15327129534585107,0.08413775811158868,0.09924224017177477,48.04427742020257,0.7767110931652543,0.07761789247939388,20.685567431142236,1.105895520369252,0.041406252009845185,-0.15121372761544588,0.06197820193688125,0.6326022928298003,False,False,False,False,39.83196258544922,30.680227279663086,False,False
2024-05-07,35.341732025146484,369709353,-0.0495859993533618,0.07749294301053813,-0.08003574153078777,-0.33462702489501767,-0.19007929219176706,0.0017695806013377764,-0.020746480121742003,43.632321482488756,0.6821762870594461,0.08027871794257752,19.934078566970268,1.1081351957843173,-0.011462070227450572,-0.18280676918549613,0.006843122553417201,-0.33142814222451256,False,False,False,False,39.83196258544922,30.680227279663086,False,False
2024-05-08,34.04719924926758,408813425,-0.03731670087018679,0.02254776345365876,-0.0659466324711292,-0.38194387096911364,-0.23346014733261905,-0.03974805656891485,-0.01884813025116568,40.73001701055082,0.5256707652178005,0.08114331453280976,20.277874744886123,1.1090567274326744,-0.04659968140831944,-0.20558367501848243,-0.0333971974819704,0.10576976666316584,False,True,False,False,39.83196258544922,30.680227279663086,False,False
2024-05-09,35.08065414428711,314300331,0.02990203939191361,0.04274988631221185,-0.014236518307822663,-0.2811613413744708,-0.18127405224045742,-0.08022471478981363,-0.09229100637864286,43.93614438048352,0.48589610194012245,0.07633582345165982,20.176836186052334,1.098209692702852,-0.01815293504372262,-0.17299920897635482,-0.007581604877430133,-0.23118882164889765,False,False,True,False,39.76741409301758,30.680227279663086,False,False
2024-05-10,33.71251678466797,394839671,-0.039780628202278824,-0.05405209428783376,-0.020337337623308763,-0.3388883322693642,-0.3740987063044913,-0.1781923803949472,-0.15705783096509082,40.79037738678423,0.3669996702947076,0.07974876269559084,19.736577157853283,1.098595312761888,-0.05034676716314311,-0.197628014682442,-0.04939808467205407,0.25624961877625263,False,False,False,False,39.76741409301758,30.680227279663086,False,False
2024-05-11,33.479148864746094,226017886,-0.006946363244228547,-0.10972681649745462,-0.02801266481288963,-0.31896992303959804,-0.5071051436084036,-0.1712408628195254,-0.06902576234206993,40.26085570657099,0.2763258626218126,0.07637284674465197,19.96807847757997,1.0972386908459582,-0.0520634786325047,-0.19560550449336547,-0.05905143537535554,-0.4275704732820528,False,False,False,False,39.76741409301758,30.680227279663086,False,False
2024-05-12,33.167240142822266,160171039,-0.009360177012873474,-0.12015991239419892,-0.023001563255674488,-0.17265341612341686,-0.504829114367646,-0.2141580416880774,-0.09440185727083758,39.52237341237993,0.20245262668737118,0.07380585167481678,18.005591155521934,0.9644607118032584,-0.05277011934320614,-0.19527086036047098,-0.07077640221200618,-0.29133467339836994,False,False,False,False,39.76741409301758,30.680227279663086,False,False
2024-05-13,32.421722412109375,377640764,-0.02273400311656323,-0.1358218324075791,-0.08687289293230584,-0.04983543532025475,-0.5112542095675306,-0.20416729570700373,-0.08613015668406236,37.74048813311629,0.11484887629545426,0.07403619414239343,17.084727661430726,0.8255362385322348,-0.06624144592630093,-0.20438582282404422,-0.09437394284796215,1.3577343716925006,False,False,False,False,39.76741409301758,30.680227279663086,False,False
2024-05-14,31.568510055541992,414009522,-0.02666853645897213,-0.1129043695131895,-0.03541142650265125,-0.16727399153755074,-0.616693765050475,-0.29187943437316727,-0.12198973333414147,35.75374333712483,0.0160968555513763,0.07430637906036164,18.354159480579607,0.7589889798841271,-0.08448661223014436,-0.2152107613363228,-0.12078143080787651,0.09630517006368522,False,False,False,False,39.76741409301758,30.680227279663086,False,False
2024-05-15,34.67960739135742,493195941,0.09399172444336588,0.01840405580036333,0.040951819254021964,-0.013677707253837273,-0.43352618650182034,-0.1818522856937633,-0.025933237708746813,46.75945665644007,0.16849035426356096,0.06972265812327122,18.153722213529697,0.8088274524958536,0.007057987402357845,-0.12871203119575636,-0.03731195909218683,0.1912671443339411,False,False,False,False,39.76741409301758,30.680227279663086,False,False
2024-05-16,34.46154022216797,363745936,-0.00630790491000199,-0.017805888501552326,0.024943997810659587,-0.008802192602056624,-0.5225938902612659,-0.15680848954024715,-0.043857677342211604,46.16252950125404,0.2574647552793181,0.06766100381152931,18.15213955179164,0.8081921109541399,0.0006436394123179479,-0.12555537118163487,-0.04642279046201569,-0.26247175663596956,True,False,False,False,39.76741409301758,30.680227279663086,False,False
2024-05-17,36.423484802246094,503901274,0.055369827430873174,0.07734456713159966,0.023292472843765795,0.08228902911396802,-0.5105642837690775,-0.08771023497744848,0.08282829544389475,52.08866145463082,0.4405615520428423,0.06579274611387387,18.779470539478886,0.8203004777798605,0.05455998592167306,-0.06715671083037357,0.004395702442223907,0.38531107602532777,False,False,False,False,39.76741409301758,30.680227279663086,False,False
2024-05-18,37.268310546875,312377541,0.022929628881715236,0.10722055925754341,-0.0025062572399112202,0.06706598900395275,-0.36202215753935946,-0.07708242995951925,0.13251289703941382,54.415513785249985,0.6007581631891625,0.06207319901663367,19.816560289145833,0.8137219227961426,0.07384444435315292,-0.037564176001898535,0.024029157236376938,-0.3800818590508267,True,False,False,True,39.76741409301758,31.397022247314453,False,False
2024-05-19,35.621829986572266,308506373,-0.04518473055918271,0.07139600571123422,-0.04876390668296486,0.02557131369497243,-0.4706314139669932,-0.10289217096468496,0.0822732820999911,49.38197810198201,0.5778450129625641,0.06490446368836435,19.87650376845887,0.8302297481676552,0.02602221452245685,-0.0717509222856207,-0.02434978561094321,-0.01239259387088909,False,False,False,False,39.76741409301758,31.397022247314453,False,False
2024-05-20,40.13941955566406,665621114,0.11940023097042972,0.2135302397982272,0.07770840739064805,0.046881417555625284,-0.2941325459840005,0.040989082090212604,0.21194851142527704,60.24748271683919,0.8334228865256945,0.06234247283505177,23.096286457229954,0.8642728147102272,0.14389810718751314,0.053642218023217336,0.0951461224478616,1.157560336687113,False,False,False,False,39.76741409301758,31.397022247314453,True,False
2024-05-21,41.16374206542969,775228484,0.025198939164246946,0.2653977154214462,0.1524933459082567,0.10348138454973807,-0.2577604375149868,0.08961174166894867,0.33374083264787585,62.227353182239106,1.0253240419180245,0.059192486092796474,26.75291965253157,0.8596387331997282,0.16007100218570877,0.08639727930615324,0.11865971364686803,0.16466931065531076,True,False,False,False,39.76741409301758,31.397022247314453,False,False
2024-05-22,39.992427825927734,569900149,-0.028867690089425566,0.14253830088865457,0.16094235668901793,0.019350489755261813,-0.2893519980332207,0.08453218413306804,0.26795867124132156,58.63132379829828,1.0247967594929142,0.06078290482304365,28.201635023920137,0.8457921409011028,0.11701937673589256,0.05930158252675944,0.08274198509137763,-0.2648617010826966,False,False,False,False,39.76741409301758,31.397022247314453,False,False
2024-05-23,38.508544921875,738657009,-0.03780996915170821,0.1110362366469484,0.09323034814539607,0.005779945136335078,-0.3684569770988278,0.06941001261514122,0.20988957480627346,54.346578580746424,0.8814035801539994,0.06543221355097598,28.8315337885216,0.8521182803972935,0.07119968599329733,0.02403167498880033,0.0388914139776183,0.29611653953085737,False,False,False,False,39.76741409301758,31.397022247314453,False,False
2024-05-24,37.99346923828125,387867841,-0.013465879884190355,0.04220052933188503,0.11954509646348457,0.04371987518199014,-0.4199781093362768,0.03360142330364367,0.2203226039119752,52.901409549899526,0.7157998482594048,0.0652453459270582,29.037391457326358,0.8332707495285937,0.05594405829801956,0.014930069740124112,0.021562696758126845,-0.47490129210971854,False,True,False,False,39.76741409301758,31.397022247314453,False,False
2024-05-25,38.287784576416016,231452356,0.007716621944790366,0.026987522394960276,0.13420808165250359,0.07324457189817352,-0.37696707933680734,0.022124989304164795,0.1706886534176955,53.65969351376426,0.5949781850620214,0.06182673486755628,29.346492253500767,0.8292495930806382,0.06281556796660827,0.026682660032769624,0.02596392467877128,-0.4032700535232051,False,False,True,False,41.68886947631836,31.397022247314453,False,False
2024-05-26,36.752044677734375,246541312,-0.040937043150182394,0.031235209803960464,0.10263121551519458,0.0659873376347838,-0.3869106728825344,-0.06795108012099108,0.09977937302196416,49.207775578890306,0.39041280067798095,0.06325016920311616,29.286630978720368,0.8336032563621552,0.020732866915578504,-0.008412434510837787,-0.018309099067647015,0.06519249257501625,False,False,False,False,41.68886947631836,31.397022247314453,False,False
2024-05-27,38.234317779541016,369526478,0.039539621910314925,-0.048625399256154424,0.16490484054207274,0.10479799559974638,-0.35670111367467344,-0.02669291135614259,0.09429503080931925,53.240205253980285,0.33579483903465834,0.0605291948030748,29.597429209894223,0.8436728700172723,0.057652334281182424,0.03782584601560551,0.01785007461846674,0.49884201962874286,False,False,False,False,41.68886947631836,31.397022247314453,False,False
2024-05-28,36.99539566040039,499550168,-0.032940020220899015,-0.10676435864130024,0.15863335678014584,0.08622925394893591,-0.3671341027421617,-0.0854286762229916,0.025227493218870384,49.68934711595795,0.2035985146470436,0.061509481395225225,29.047416362095408,0.8510753212811227,0.019224696807359682,0.01127230991723141,-0.01803952367778428,0.3518656922874144,False,False,False,False,41.68886947631836,31.397022247314453,False,False
2024-05-29,36.136924743652344,386815665,-0.023478274617161263,-0.10137494316903592,0.04116335771961872,0.0216136527717065,-0.38302250019884015,-0.12467969976182233,0.027839110456938907,47.333596215008484,0.053522989937098225,0.06102786467861765,28.847093857342003,0.8443288485102962,-0.005872682948740508,-0.006582032494256981,-0.043282442251104225,-0.22567203500570132,False,False,False,False,41.68886947631836,31.397022247314453,False,False
2024-05-30,35.98757553100586,400927205,-0.004141433924421175,-0.06770640794174891,0.04332982870519952,0.09560222173591218,-0.40785316403536764,-0.1746562141002051,0.08177214124107175,46.916863989984066,-0.0547591633663575,0.06032715288100877,28.006057208063112,0.7953858232409328,-0.01306972717639857,-0.004489564150814849,-0.049393455404891366,0.036481304344279764,False,False,False,False,41.68886947631836,31.397022247314453,False,False
2024-05-31,36.05586242675781,304849133,0.0018957150890663646,-0.05234481296849226,-0.010144283636607361,0.0798694581382859,-0.3555507200587235,-0.20668033386651694,0.06376462122950693,47.145995384389465,-0.11715587653013268,0.05891332368393706,26.91849254298565,0.7936817461823583,-0.014678366941553321,0.0029492326775087123,-0.050078287078921306,-0.23963969219798886,False,False,False,False,41.68886947631836,31.397022247314453,False,False
2024-06-01,35.76011276245117,153306282,-0.00823636622467374,-0.06829780113795647,-0.04131027874299629,0.06193317538025171,-0.2694828107961446,-0.1751351900714139,-0.02615933008845036,46.21555663800939,-0.1704864868196796,0.05613365124913563,25.534274597348933,0.7941456930524179,-0.026210501835692773,-0.0032492580555027574,-0.06018132952168242,-0.4971076988432832,False,False,False,False,41.68886947631836,31.397022247314453,False,False
2024-06-02,34.932491302490234,242436678,-0.02341572462075537,-0.05077648260852944,-0.019541272804568924,-0.018503901638270606,-0.27404283723097717,-0.20983267512858156,-0.027776662022810858,43.62118265556804,-0.24889320301105294,0.05610712159024864,23.571175954452137,0.7733761773088882,-0.05198843012661607,-0.02678113092925964,-0.08364184657640276,0.5813877607442075,False,False,False,False,41.68886947631836,31.397022247314453,False,False
2024-06-03,35.04046630859375,367614939,0.0030861948813193127,-0.08722990963752489,-0.13585530889367925,-0.06414606572234342,-0.2830977059084595,-0.11980057471384926,0.005594102902804878,44.062371597982114,-0.2786320682572088,0.05521957454622968,20.081273572739704,0.7528363650033041,-0.05351719907634535,-0.022533349977222554,-0.082407648316448,0.5163338403770736,False,False,False,False,41.68886947631836,31.397022247314453,False,False
2024-06-04,36.07328796386719,331619265,0.029049071971424863,-0.025240817445200993,-0.13200517608650125,-0.03616991263478947,-0.22952818779358025,-0.1404861586658065,0.04457087615946222,48.23519514247317,-0.21665129554186183,0.053088342598933136,19.352294821808457,0.7606223619450783,-0.027450089869166354,0.005763552791120532,-0.05710625062519962,-0.0979167878702557,False,False,False,False,41.68886947631836,31.397022247314453,False,False
2024-06-05,36.52158737182617,338905421,0.012350874759617023,0.010588331931577401,-0.0907866112374587,-0.016746954771989345,-0.27736710953534893,-0.17001825011784039,0.06739080333959939,49.979418974413804,-0.13724061732748113,0.05044245653639791,18.25088677502487,0.7617532687389877,-0.0180905096902655,0.017266905353489438,-0.047197326778994624,0.021971449698496848,False,False,False,False,41.68886947631836,31.397022247314453,False,False
2024-06-06,35.91181564331055,288389895,-0.016837152705759383,-0.00210738684976088,-0.06981379479150984,0.016001891875613062,-0.31862513301940454,-0.174077400316154,0.017771472476950708,47.62859965729147,-0.11827887994652087,0.05034687745567112,18.427220289797646,0.7435722793782842,-0.03382009952711099,-0.0010340327763324157,-0.06469793195330369,-0.1490549364803463,False,False,False,False,41.68886947631836,31.397022247314453,False,False
2024-06-07,33.507789611816406,639619595,-0.06928843037161417,-0.07329153231044139,-0.12563634527893366,-0.01596983762581433,-0.3979137085949279,-0.2494299849584333,-0.0557178941947291,39.700325191327074,-0.2524349096137696,0.061191038928727855,20.426383845860556,0.7718797627696068,-0.09391496957518312,-0.06721031167156946,-0.1287441680898496,1.217898775544823,False,False,False,False,41.68886947631836,31.397022247314453,False,False
2024-06-08,32.29003143310547,283275581,-0.03701937929471543,-0.10207454538048302,-0.17037234651843947,-0.08289125631244326,-0.3640525976869141,-0.26416530855290077,-0.163115971102257,36.39538395913983,-0.3992493152772918,0.06272222511852484,23.167370958482703,0.7739622492243245,-0.12289324311316492,-0.09989124955868192,-0.16185109725893895,-0.5571186636331865,False,True,False,False,41.68886947631836,31.397022247314453,False,False
2024-06-09,32.96836853027344,225586790,0.020790014165513664,-0.05786880659421396,-0.10864528920274344,-0.022320613944650784,-0.36120894621401506,-0.3964193202491422,-0.20051299433959802,39.420649408707575,-0.4243871512059543,0.059002786346022656,23.544360264419247,0.7662986400857325,-0.09565947973438861,-0.07824165987993943,-0.1455932678270723,-0.203649007783696,False,False,True,False,37.143638610839844,31.397022247314453,False,False
2024-06-10,32.274227142333984,339010385,-0.02127958196775762,-0.08223458344329104,-0.16946449308081582,-0.03665383266817982,-0.35562375570777777,-0.5437589762765835,-0.20789469548770514,37.457296648606,-0.4585638099912661,0.05897593016123433,22.690397365101102,0.7693834907220587,-0.10377317067633915,-0.09519886997849066,-0.1648381496812383,0.5027936032956539,False,False,False,True,37.143638610839844,31.625736236572266,False,False
2024-06-11,31.541475296020508,431914740,-0.02296563459207777,-0.13424929000679367,-0.15949010745199466,-0.05025929024738413,-0.2229127063708011,-0.5550884046150302,-0.2644173319354616,35.45011850583664,-0.49803310047571847,0.059844599298325314,23.036398456078427,0.772651512752676,-0.1137216526164018,-0.11191494113845428,-0.1849233505675001,0.27404574936546555,False,False,False,False,37.143638610839844,31.625736236572266,False,True
2024-06-12,33.27341079711914,393798586,0.05345524763687527,-0.09314491712953546,-0.0825565851979581,0.02592996050605445,-0.023905474814200443,-0.4853242490614762,-0.17823733520094934,43.197837096039336,-0.3803249578162554,0.05928684409705666,22.571998222634047,0.7919770639349638,-0.05812878762059055,-0.06049813089921904,-0.14149279286426727,-0.08824925493397151,False,False,False,False,37.143638610839844,31.625736236572266,False,False
2024-06-13,30.98321533203125,288165399,-0.07131298652393277,-0.14762075094770885,-0.1497281377974697,-0.01871448955890632,-0.18598848109645705,-0.6354082546093813,-0.3105939239320735,36.89208232508589,-0.4260876647567833,0.06476887406067598,24.09513395870623,0.8260865900406075,-0.11416820647847839,-0.12249519052392682,-0.20160039149543652,-0.268241661487327,False,False,False,False,37.143638610839844,31.625736236572266,False,True
2024-06-14,30.291038513183594,375634359,-0.022593706821566806,-0.10092602739766147,-0.17421755970810276,-0.135299920823839,-0.1489776280776762,-0.5688261073256594,-0.3171522065176023,35.21876472990412,-0.4689588198360791,0.06800379780161793,25.420625392105784,0.755062028270081,-0.12394327105238258,-0.13951931058260464,-0.2204345635518251,0.3035373445373295,False,False,False,False,37.143638610839844,31.625736236572266,False,False
2024-06-15,29.987537384033203,160233357,-0.01007003531039055,-0.07397668341333659,-0.17605122879381951,-0.13906205122422755,-0.14786424382628424,-0.6616559414854933,-0.2958705407644747,34.48027597636468,-0.4818970029267151,0.0653767405624108,27.4744184003739,0.7552887753973995,-0.1241534600140827,-0.14599749191985564,-0.2291712484007486,-0.5734326395844955,False,True,True,False,33.94829177856445,31.625736236572266,False,False
2024-06-16,30.038869857788086,183019542,0.001710330123918827,-0.09305636745493139,-0.15092517404914538,-0.1927215485311818,-0.11043251941721388,-0.7032858323002593,-0.28043178350863035,34.72956481866579,-0.4516525458071159,0.06240683755666391,27.59391411523393,0.7241834829112206,-0.1120267234020144,-0.14239055932468764,-0.2287391714392868,0.1422062510991391,False,False,False,False,33.94829177856445,31.625736236572266,False,False
2024-06-17,28.480154037475586,322647281,-0.05328470979445835,-0.1250614952816321,-0.20729607872492317,-0.26893588720735545,-0.20186989820340262,-0.6309580447467148,-0.3460183171668747,30.88664793093257,-0.4976476240584997,0.06834858319964811,29.802030047584754,0.7340288300360509,-0.14737256394234116,-0.18434950745171005,-0.2694251402136331,0.7629116403318286,False,False,False,False,33.94829177856445,31.625736236572266,False,False
2024-06-18,26.618864059448242,449168310,-0.06758735553937877,-0.16968321622893312,-0.3039325062357268,-0.2913385121875514,-0.26576719849257907,-0.7619699261545446,-0.3942306831522364,27.039087414997326,-0.6071923643479364,0.07625269645933695,34.13247066773774,0.7518843605603769,-0.19157719885879915,-0.2338174880463552,-0.31758748435150574,0.39213418630978647,False,True,False,False,33.94829177856445,31.625736236572266,False,False
2024-06-19,26.89194107055664,214897798,0.010206513658066853,-0.21293195020774153,-0.3060768673372769,-0.4005322294999143,-0.3536508119442888,-0.6946647754839148,-0.3595431474097017,28.447389905686208,-0.6132320561442826,0.07319217486560481,37.03721065320471,0.5962479714728278,-0.1718454172360755,-0.22335780196879373,-0.31099752039369893,-0.5215650943852206,False,False,False,False,33.94829177856445,31.625736236572266,False,False
2024-06-20,27.544408798217773,295674926,0.023972914302131176,-0.11764604938167762,-0.2652668003293865,-0.4017582543620301,-0.2982768698122919,-0.6595186918770168,-0.3121465126930814,31.833011202909674,-0.5284706690425356,0.07187181822427241,38.33175331093245,0.5952648158066008,-0.14048767208310442,-0.20186659980826108,-0.2947842718130214,0.3758862526827753,False,False,False,False,33.94829177856445,31.625736236572266,False,False
2024-06-21,27.450439453125,229113421,-0.0034173905204898727,-0.09846973308060075,-0.1993957604782621,-0.3763079547930943,-0.3569574650378325,-0.665659952826315,-0.2917757706600263,31.601097234414297,-0.4376716353867933,0.06958776240302518,39.232771677886966,0.5935539561108167,-0.13216851060221543,-0.20173880431864064,-0.297623337895829,-0.2251171781810135,False,False,False,True,33.94829177856445,25.382999420166016,False,False
2024-06-22,25.6173152923584,568500434,-0.06911367559635591,-0.15751337336656615,-0.23149005677990264,-0.4076116612377422,-0.40183171610140705,-0.77606863833657,-0.33820164862260077,27.40647603727082,-0.4578394123868046,0.07704074691032545,41.927670343049044,0.6197889376822445,-0.1780183322978938,-0.25070241639631036,-0.3446225963046406,1.4813056848380786,False,False,False,False,33.94829177856445,25.382999420166016,False,False
2024-06-23,25.05120277404785,388408327,-0.02234666014210519,-0.18157036363259016,-0.2746267310875214,-0.4164924414956568,-0.3727725663136667,-0.8364705508319338,-0.38289101819201316,26.247756489631612,-0.4646005766419199,0.0782182613682706,44.31117894779552,0.6205407337283302,-0.18309117222665794,-0.2619458161518384,-0.35901003760585526,-0.3167844670458071,False,True,False,False,33.94829177856445,25.382999420166016,False,True
2024-06-24,24.831315994262695,451738262,-0.008816243022952844,-0.1371018968610846,-0.2621633921427167,-0.4330253064634001,-0.35978073456522663,-0.8099923858002075,-0.4109003171592355,25.791630334477915,-0.43945006787579866,0.07767577081492603,44.98990495108313,0.6159603813204557,-0.17514211192497442,-0.262964810683106,-0.3645166145646553,0.16304989001947945,False,False,False,False,33.94829177856445,25.382999420166016,False,False
2024-06-25,25.399450302124023,240499666,0.022621933854355483,-0.04689260746735026,-0.21657582369628336,-0.36946632945886215,-0.3034789918240782,-0.7563770023413966,-0.4374174095798533,29.214374524101558,-0.3443251114716235,0.07359283057238929,43.239915904304546,0.6214133871808133,-0.1403899859128649,-0.24081113620203262,-0.349540993556636,-0.4676128053992469,False,False,False,False,33.94829177856445,25.382999420166016,False,False
2024-06-26,25.803598403930664,341321541,0.015786423081036036,-0.041312698044381056,-0.25424464825212256,-0.39321952828814083,-0.2884215326883945,-0.7499206419628144,-0.41991243964428354,31.63017053128135,-0.2200085643093619,0.07084555730835178,40.44343222997854,0.6016757337295264,-0.11151464604054848,-0.22430825088214676,-0.33868182289518767,0.4192183576670747,True,False,False,False,33.94829177856445,25.382999420166016,False,False
2024-06-27,27.89529800415039,359682498,0.07794418908461732,0.012658576738105238,-0.10498747264357246,-0.28233531898262454,-0.1961060650336886,-0.6494694217247863,-0.36776399520561615,42.55703353750872,0.02428486580131306,0.06833362935007958,38.371698286908256,0.6754621391129092,-0.03012036447686196,-0.15831574521440442,-0.2842318546526387,0.053793724668552256,False,False,False,True,33.94829177856445,23.649463653564453,False,False
2024-06-28,27.89578628540039,328243749,1.7503916843641692e-05,0.016093471175438707,-0.08237626190516191,-0.25883954044861957,-0.23722588767691302,-0.6418620406474597,-0.38351924021044187,42.559341378219656,0.19745964547623807,0.06661757260220633,37.02381947324922,0.6742742827992793,-0.022637234191383842,-0.15463570088112483,-0.28327735583792757,-0.08740694689014306,True,False,False,False,33.94829177856445,23.649463653564453,False,False
2024-06-29,27.725507736206055,191296681,-0.006122801856713845,0.07908434491508093,-0.07842902845148528,-0.2608209083809124,-0.16521868664500014,-0.6686740724162801,-0.4354771224811173,41.926733529674564,0.30563253409641344,0.06484059205764968,34.542923541147836,0.6741437548516976,-0.01959865398687358,-0.15673597457651736,-0.2867630369149647,-0.41721150339408286,False,False,False,False,33.94829177856445,23.649463653564453,False,False
2024-06-30,29.360876083374023,255192412,0.05731019628567664,0.15874120134286276,-0.02282916228972739,-0.20540642718430194,-0.12553696904601605,-0.5609571472430256,-0.4120867610508189,49.665098829199955,0.4819284633678187,0.06181224304602131,32.43238213792725,0.7117601990477157,0.04360514293230996,-0.10475397442423467,-0.2437504373038555,0.33401379817980215,False,False,False,False,33.94829177856445,23.649463653564453,False,False
2024-07-01,28.816137313842773,296949144,-0.018727489036426993,0.1488299553293886,0.01172805846830397,-0.2158975499960552,-0.15396437461580353,-0.48538036079219976,-0.3910327400674691,47.39939493212722,0.5514531153170594,0.06148739010593074,30.734179219705567,0.7129576660886419,0.029227953701935157,-0.1190260939510318,-0.2567772850853024,0.1636284232463776,True,False,False,False,33.94829177856445,23.649463653564453,False,False
2024-07-02,28.642642974853516,250229605,-0.006038933140482231,0.12016908833455067,0.07327648086720043,-0.19852075851578213,-0.21702466015405278,-0.4725635957467592,-0.40835343364436366,46.669158454044386,0.5728460810701308,0.05935781058751556,25.783674744373165,0.7105546326657006,0.031562131904350706,-0.12230210949748752,-0.26018639856229464,-0.15733178540497827,False,False,False,False,33.94829177856445,23.649463653564453,False,False
2024-07-03,26.491296768188477,340094712,-0.07808036526888605,0.026302299984628536,-0.015010398059752529,-0.2796873186659875,-0.343833384388331,-0.5627850245744471,-0.3994878933798369,38.70610127054246,0.43542206610010137,0.06621411881940165,23.9383873710892,0.7518085649411975,-0.03813809224700177,-0.18569209357842772,-0.31437324846411874,0.3591305952786841,False,False,False,False,33.94829177856445,23.649463653564453,False,False
2024-07-04,24.446414947509766,534573189,-0.08033267795106468,-0.13197456705105348,-0.1193159903129483,-0.389069068588477,-0.4252389812232665,-0.6185972563820572,-0.5295552272542835,32.950908779068584,0.21146053178414892,0.07317136265954936,24.264866794860193,0.7779004221432633,-0.10286584256142006,-0.24379171155687043,-0.36596678101000185,0.571836227197793,False,True,True,False,30.02854347229004,23.649463653564453,False,False
2024-07-05,25.134418487548828,610525789,0.02775458405467007,-0.104237486913227,-0.0881440157377882,-0.37366535929342387,-0.39041231406541316,-0.6510324688287727,-0.5436836094112643,36.37851834736006,0.11892378843674933,0.07541216774807159,23.522953005412177,0.7860239412023564,-0.06932989681711536,-0.21799704279494514,-0.346773829803585,0.14208082553126333,False,True,False,False,30.02854347229004,23.649463653564453,False,False
2024-07-06,27.44342613220215,251584025,0.08788849279779384,-0.010226192258719367,0.0688581526563614,-0.2689397137898708,-0.25293782191425773,-0.5875648468092752,-0.4430171141060249,46.30030050337151,0.21679013056878782,0.070879460561888,21.336656942159546,0.8600698848391977,0.02107381273094672,-0.1413592746728069,-0.28561525258118914,-0.5879223621133554,False,False,False,False,30.02854347229004,23.649463653564453,False,False
2024-07-07,25.705129623413086,246740619,-0.06543608588246169,-0.13297247442685772,0.025768726916004955,-0.26508736930071836,-0.2810572069265326,-0.6630010778956463,-0.5145173542591517,41.103374247560076,0.17008351819564682,0.07564669388766239,21.030711167701334,0.8567677638402872,-0.03863914028891109,-0.1898847639295852,-0.3293182199516492,-0.019251643660602058,True,False,False,False,30.02854347229004,23.649463653564453,False,False
2024-07-08,25.222187042236328,457966073,-0.018966522883240994,-0.1332115082736718,0.015618447055716675,-0.247034512889244,-0.32992576920168726,-0.6110871105761582,-0.5111998214421448,39.767851774679556,0.11493591676406023,0.07863791219960486,21.661199952407745,0.8515919286220153,-0.054230868014773566,-0.19986008889254542,-0.3401335117148356,0.8560627547100383,False,False,False,True,30.02854347229004,22.125659942626953,False,False
2024-07-09,26.421600341796875,349286751,0.04645782503542539,-0.08071475009776416,0.03945433823678661,-0.22136670201933223,-0.24368731596398296,-0.5825756482333473,-0.6177860222684743,44.58366433176727,0.16449065512902283,0.07427597254281626,21.680296421192793,0.8671666435658923,-0.008381420324508287,-0.15445100850519547,-0.30703000260728275,-0.2373086750467649,False,False,False,False,30.02854347229004,22.125659942626953,False,False
2024-07-10,25.76766586303711,255672807,-0.02506142556194254,-0.027695810390820603,-0.001393510406192165,-0.2251485456135171,-0.261802378281697,-0.5807723013212949,-0.7689075218901007,42.58452489020831,0.15842181745651174,0.07548701574158125,21.701307177529795,0.868029561379609,-0.02968884960116401,-0.16717151495649754,-0.322198929269337,-0.2680145861014923,False,False,False,False,30.02854347229004,22.125659942626953,False,False
2024-07-11,25.22551918029785,302646280,-0.021264296814477023,0.03137257074576688,-0.1006019963052865,-0.22344720783591646,-0.27370649808330066,-0.44635991420671745,-0.7785356124509465,40.94529964838423,0.12458029904845636,0.07508451103973794,21.98154690371369,0.8676683728284312,-0.046108061963349836,-0.17683653237821792,-0.33449158515701505,0.18372494733082823,False,False,False,False,30.02854347229004,22.125659942626953,False,False
2024-07-12,25.974353790283203,245057056,0.029253510532645178,0.032871497223741865,-0.07136598968948511,-0.2476489449401465,-0.22171898443409216,-0.2715544197543469,-0.7329731940016226,44.1435603643245,0.15720889714945896,0.07099231254922257,21.84420988256551,0.8502183995705497,-0.01845381502303127,-0.1454095778140165,-0.31270738505242546,-0.19028558355318292,False,False,False,False,30.02854347229004,22.125659942626953,False,False
2024-07-13,25.873245239257812,263193767,-0.0039002260890691766,-0.058917221663120946,-0.06914341392184033,-0.18023618450528295,-0.19895067406418918,-0.3662246656017399,-0.8156444391146643,43.798649578797,0.17518953371934143,0.06817995512096164,21.367572018060866,0.8192415421600097,-0.02379086925147766,-0.14189240826318533,-0.31369818280110495,0.07401015623071872,False,False,False,False,30.02854347229004,22.125659942626953,False,False
2024-07-14,26.36935806274414,251852910,0.018993224155120638,0.025512088374461266,-0.10746038605239644,-0.13864925352859558,-0.2739491743524345,-0.28762688160627176,-0.7074753608542548,46.02704798404004,0.22076051761786553,0.06477226767577454,20.521410453728357,0.8214839331162116,-0.007950791406083684,-0.11846930786319934,-0.29904725296284174,-0.043089382888007344,False,False,False,False,30.02854347229004,22.125659942626953,False,False
2024-07-15,27.85492706298828,358080889,0.054807208415518394,0.0992858196732207,-0.03392568860045105,-0.07377200980268667,-0.21283406102691416,-0.2216362536289708,-0.7354279512881802,52.145804433448895,0.34387731420542056,0.06092890204962572,20.406963887786205,0.8468460189036129,0.04312014950870443,-0.06323408721138161,-0.2583697536684673,0.4217857915558729,True,False,False,False,30.02854347229004,22.125659942626953,False,False
2024-07-16,28.03032875061035,474045817,0.0062772286186377505,0.05910522325643317,-0.021609526841331012,-0.0692051113079677,-0.26192665983914953,-0.1796376307251816,-0.772490943608227,52.82581710245285,0.4247487548963269,0.06302893870250609,20.513735191074133,0.8472787309216385,0.04533028382961389,-0.05082085680579846,-0.2524876020315207,0.3238512067031871,False,False,False,False,30.02854347229004,22.125659942626953,False,False
2024-07-17,27.253253936767578,364404918,-0.028114169130901392,0.056052479687474344,0.02835666929665358,-0.044034570644410714,-0.312970457851766,-0.24590446884781328,-0.6749926153911255,49.47177705789086,0.41314929689007096,0.0647624365382113,20.266139718224217,0.8326402388482731,0.017569180448884204,-0.0710052154871085,-0.2720320714133956,-0.23128755716876204,False,False,False,False,30.02854347229004,22.125659942626953,False,False
2024-07-18,27.138296127319336,270954780,-0.004227052933210994,0.07308972356874048,0.1044622943145073,0.019325731961757076,-0.2720127802257944,-0.24644146653082194,-0.7426441941927875,48.97636237308547,0.3855120433706095,0.06354992994999299,19.97791237126714,0.7979204485793835,0.01471188505545574,-0.06921363861166774,-0.27399672544389475,-0.25644587486055825,False,False,False,False,30.02854347229004,22.125659942626953,False,False
2024-07-19,28.1879940032959,337996220,0.03795027115439037,0.08178648419048576,0.11465798141422759,0.04706948945808072,-0.3534627400418336,-0.3065813224862083,-0.6475952860258342,53.55043962251357,0.4227183458929452,0.06112619858521166,20.26879922651286,0.8079109051672511,0.053050017892647114,-0.02801089304556476,-0.24453320083088975,0.24742667392691864,False,False,True,False,29.207748413085938,22.125659942626953,False,False
2024-07-20,29.130952835083008,247061759,0.032905137463495486,0.11859184774305025,0.059674626079929224,0.05600171261944491,-0.3457565417425851,-0.24227515719284698,-0.603516979257572,57.25730706193522,0.4908416201994037,0.058102765074200126,19.96032353380571,0.8116207052699347,0.08874476068624748,0.009324851604849513,-0.21805443110272396,-0.2690398756530472,False,False,False,False,29.207748413085938,22.125659942626953,False,False
2024-07-21,32.60565948486328,758424815,0.11268459694678308,0.21228322053471269,0.23779530890917405,0.17210370008671805,-0.20420425470637638,-0.1848537649511145,-0.4935562527395972,67.53779198052327,0.7352234226316592,0.057675860617059045,26.742096121561744,0.8984918806708057,0.21004007692949328,0.13219081888850373,-0.12429245210751805,2.069778253299006,True,False,False,False,29.207748413085938,22.125659942626953,True,False
2024-07-22,31.858896255493164,499061368,-0.023169216835130853,0.13430679528406353,0.23359261495728434,0.21804815884794307,-0.189563502389799,-0.18378355725346393,-0.558020479488627,63.97639064265258,0.8061896894281576,0.05813583976225789,30.53690787329734,0.8639462752802443,0.17531244894736425,0.10862680077451312,-0.1435575251747265,-0.34197647791890884,True,False,False,False,29.207748413085938,22.125659942626953,False,False
2024-07-23,29.841068267822266,474364433,-0.06543108574553613,0.06259848091988961,0.12170370417632291,0.17496373324451212,-0.2415287082511448,-0.19780883306915456,-0.6615068175874215,55.46536609706692,0.6817884363203708,0.06497300646177609,31.48623586353729,0.8950454210894708,0.09411202615130514,0.04218157696615004,-0.19708990865053636,-0.049486769731292846,False,False,False,False,29.207748413085938,22.125659942626953,False,False
2024-07-24,28.39635467529297,447694427,-0.049624794129765275,0.04108785592102583,0.09714033560850016,0.1341551821376996,-0.29887012432570054,-0.22562555242752708,-0.6758372036625078,50.30526888374223,0.47647681392585334,0.06888068257533443,29.958173120916747,0.9145575147765127,0.033657249033893645,-0.0029276388248921288,-0.23532100247213386,-0.0562226089155381,False,True,True,False,32.947845458984375,22.125659942626953,False,False
2024-07-25,27.257287979125977,400103089,-0.04093984629852057,0.004375062555716257,0.07746478612445652,0.07059340198482343,-0.2988729274740386,-0.23288558983925475,-0.685783600356573,46.6224279238064,0.24963459790271014,0.07240959932421251,28.831327756337433,0.9254889427599001,-0.011624798896416336,-0.03665592327425696,-0.2653643539267362,-0.10630317272187084,False,True,False,False,32.947845458984375,22.125659942626953,False,False
2024-07-26,28.708839416503906,345076408,0.05188413482521899,0.018308926226544748,0.10009541041703038,0.10669111372900635,-0.2865284145591345,-0.18173041895938813,-0.6432295282338079,51.49566973451228,0.18594709609499008,0.06791404678894497,28.979470291305308,0.9405263918731459,0.03862696299112479,0.019838159624355627,-0.22547265124683763,-0.13753125760046303,False,False,False,False,32.947845458984375,22.125659942626953,False,False
2024-07-27,28.0848331451416,294617909,-0.02197538405164583,-0.036571595288596485,0.0820202524544537,0.006771540592743251,-0.2755637783898813,-0.1893345244409453,-0.6426978811320431,49.407373427904986,0.09497935727301707,0.06894189752764798,28.157056338662045,0.9049637780767524,0.01169670529615724,0.0015300210013754355,-0.24163131841686977,-0.1462241342213113,False,False,False,False,32.947845458984375,22.125659942626953,False,False
2024-07-28,27.40057373046875,186939609,-0.024665732657035366,-0.173921924892415,0.03836129564229769,-0.017911695981135792,-0.27675123642975547,-0.25513758365804884,-0.6597737366285955,47.149423499014816,-0.012380118428687414,0.0681956451922509,26.81748176635096,0.9091212792531174,-0.016809926068250988,-0.019451861313172957,-0.2590005451061967,-0.3654845707292017,False,False,False,True,32.947845458984375,26.349035263061523,False,False
2024-07-29,27.083110809326172,345660151,-0.011653636006058067,-0.16240634406334217,-0.028099548779278623,-0.023442530130479977,-0.28426343851139224,-0.18866121677548023,-0.6921166025467601,46.096854104239,-0.10094934401873831,0.06862643563558388,26.496544972855624,0.9097488659472992,-0.029353144039690988,-0.02671284740850998,-0.2663593850020671,0.8490471486970961,False,False,False,False,32.947845458984375,26.349035263061523,False,False
2024-07-30,26.339189529418945,233626464,-0.027852389969279804,-0.12482764828708592,-0.062229167367196254,-0.10860511638543653,-0.3140115435697385,-0.2341420854314526,-0.669562263628462,43.63840148969243,-0.20008375190420613,0.06869629229286335,26.053669328271546,0.8895785500960585,-0.056980758241754026,-0.04939212452245522,-0.2855887093955963,-0.32411513643063816,False,False,False,False,32.947845458984375,26.349035263061523,False,True
2024-07-31,25.71908950805664,274132420,-0.023824427678170404,-0.09902728183549102,-0.05793942591446522,-0.11370205502717991,-0.32959960502323504,-0.2676664296429834,-0.5990824158193796,41.6446579148315,-0.2922854071029778,0.06908493592116624,25.546601614990706,0.8908447535472175,-0.07999501605773958,-0.06785461708350227,-0.30139123419407554,0.17337914252727815,False,True,False,False,32.947845458984375,26.349035263061523,False,False
2024-08-01,25.723108291625977,296943609,0.00015624462987225076,-0.057931190907098286,-0.05355612835138212,-0.10750687725682545,-0.3060276357726075,-0.32453153741087815,-0.5800704730035847,41.66325993790466,-0.33481240246447974,0.06898534476180634,25.768769227171624,0.8909100007093219,-0.07943758699245985,-0.06257849095825524,-0.30036845914317517,0.0832122993697717,False,True,False,False,32.947845458984375,26.349035263061523,False,False
2024-08-02,23.59450340270996,325550807,-0.08637596497960899,-0.19619129071192612,-0.17788236448538147,-0.11580247696754832,-0.39548979563353587,-0.45963586135587925,-0.6785875015419954,35.25318583127317,-0.47931090341814475,0.07717452143386422,28.5984013465682,0.9000635227033876,-0.152157674643618,-0.13549514387630568,-0.3572083693150105,0.0963388237124847,False,False,False,False,32.947845458984375,26.349035263061523,False,False
2024-08-03,22.68356704711914,270795273,-0.03937303453713658,-0.21358894119741703,-0.25016053648601355,-0.07484283355362029,-0.4639119021420973,-0.5000818147768867,-0.6934400899356775,32.919006671043164,-0.6013471107635774,0.08028861097595762,32.81060556465263,0.8669942116146402,-0.17945733173943923,-0.1642126167655579,-0.38093684618230117,-0.168193513339993,False,True,False,False,32.947845458984375,26.349035263061523,False,False
2024-08-04,21.22766876220703,270824417,-0.06633528267410241,-0.255258491214484,-0.42918041610689905,-0.16893270028239282,-0.5425980595758166,-0.559345014347806,-0.8199651691111656,29.551259393772426,-0.7363146534913944,0.0872636763311855,38.99178490687408,0.8875497985825846,-0.22280632146173257,-0.21277419038170245,-0.4194994655838634,0.00010762373979833484,False,True,False,False,32.947845458984375,26.349035263061523,False,False
2024-08-05,19.549341201782227,987178111,-0.08236387328349964,-0.3259687284919256,-0.48837507255526785,-0.3391850663636862,-0.608124780153557,-0.5921228882779439,-0.9267499131729615,26.221038540858018,-0.8848287917936459,0.10205814720598402,46.7991295245964,0.8600073396670839,-0.2729662405800684,-0.26933013117795696,-0.46437192571630903,2.645085335861722,False,True,False,False,32.947845458984375,26.349035263061523,False,False
2024-08-06,20.877193450927734,352023957,0.06571575296539602,-0.23240058555724963,-0.35722823384433555,-0.20803322751582837,-0.4731205968165468,-0.48909043444236106,-0.8710343054114745,32.68456334398937,-0.84018424096143,0.09525057791258719,51.26467580915715,0.8776013461214366,-0.21426805779349592,-0.21524071896453964,-0.42706691705505373,-0.6434038061850826,False,False,False,False,32.947845458984375,26.349035263061523,False,False
2024-08-07,19.829347610473633,285635733,-0.05149429783873203,-0.26007045571781123,-0.3590977375533022,-0.24056100247131934,-0.48759551536056334,-0.5704867716730067,-0.8516481130474775,30.41978673619792,-0.8265084591890248,0.10011532002817806,56.53666683329761,0.8904544004362926,-0.24329702885591573,-0.25080442782452594,-0.4548520961027644,-0.1885900737147841,False,False,False,False,32.947845458984375,26.349035263061523,False,False
2024-08-08,22.737106323242188,296564441,0.13683518683661355,-0.12339151351106999,-0.1813227044181682,-0.15018364067013126,-0.3715503426894634,-0.3938709566341143,-0.7327592889034784,42.356361547639864,-0.5786389874400724,0.09097688550287092,57.814703641533605,1.0080784589633647,-0.12321575181234512,-0.13823745860787442,-0.37407439310981944,0.03826099726815335,False,False,False,True,32.947845458984375,17.487194061279297,False,False
2024-08-09,21.774154663085938,237335760,-0.04327452916597352,-0.08029007769743456,-0.2764813684093608,-0.16839674427416218,-0.39354528988767934,-0.43019912255585924,-0.7491690455954572,39.9143175681855,-0.44267603320936333,0.09282300180901391,59.09921568394051,1.014619525800371,-0.14826745644915418,-0.1711088787447349,-0.3999466012707921,-0.19971605766451284,False,False,False,False,32.947845458984375,17.487194061279297,False,False
2024-08-10,21.588260650634766,133818907,-0.008574021992099872,-0.04949106515239783,-0.2630800063498148,-0.15570646945178496,-0.3791536772877014,-0.4294129675350855,-0.6020663836585025,39.44156427372055,-0.3333823669464495,0.08885970798353797,56.02598699797636,1.0131201731362454,-0.13694165777470277,-0.1745010714269461,-0.4043304926976046,-0.43616205581493495,False,False,False,False,32.947845458984375,17.487194061279297,False,False
2024-08-11,20.428546905517578,189436264,-0.0552163977755645,-0.03837218025385987,-0.2936306714683439,-0.24017637775999456,-0.4878253227001411,-0.46189536219408683,-0.5117307975143416,36.534348234763506,-0.3079209027642098,0.09390107060648212,53.42287094430761,1.0197968296679436,-0.16420851559511038,-0.21573446304735833,-0.43548936866650434,0.41561658398540047,False,False,True,False,22.765228271484375,17.487194061279297,False,False
2024-08-12,21.289514541625977,241874343,0.04128139569254357,0.0852730887221834,-0.24069563976974215,-0.1949947559783819,-0.3752309404836648,-0.3939454300425711,-0.5612194215801217,40.06630158307234,-0.2066815916789384,0.08797779699890548,51.374576274787174,1.0341623835135372,-0.11347544233531423,-0.18031386294867668,-0.4109498464960617,0.2768111970366982,False,False,False,False,22.765228271484375,17.487194061279297,False,False
2024-08-13,21.40406036376953,189686139,0.0053659641876257595,0.02492329994441305,-0.20747728561283657,-0.20862201594587665,-0.3472712694744723,-0.4825711902983112,-0.4962488975521484,40.54040736754671,-0.11041715342777092,0.08443702074462603,50.06062306047197,1.031021971404398,-0.09553804603597678,-0.1737229944165138,-0.4068881429369929,-0.21576577057617063,False,False,False,False,22.765228271484375,17.487194061279297,False,False
2024-08-14,20.972698211669922,179944462,-0.020359133933887504,0.05605846384925757,-0.20401199186855382,-0.28378835829528254,-0.3575603680979692,-0.4966224193221968,-0.5054246119242534,39.28024689851199,-0.05690411856016819,0.08346838782316712,49.61856120614639,1.007416536893679,-0.10183992615534114,-0.18759857818391626,-0.4178500732944674,-0.05135682054238022,False,False,False,False,22.765228271484375,17.487194061279297,False,False
2024-08-15,20.141338348388672,241013187,-0.04044716938472479,-0.12122389237208077,-0.24461540588315075,-0.3305127562986453,-0.3997178676066129,-0.5924394161377947,-0.5101503870238268,36.89961999720736,-0.05838930027822675,0.08511505621719163,47.103245085665016,1.0114053776076362,-0.12132354334622726,-0.216364693060005,-0.4397873199249499,0.33937540684080614,False,False,False,False,22.765228271484375,17.487194061279297,False,False
2024-08-16,20.394376754760742,182512415,0.012484876239270788,-0.0654644869668365,-0.1457545646642711,-0.2899137109284731,-0.33394828157288375,-0.6028841687802392,-0.5358181797762864,38.128723004234324,-0.024931597736387312,0.08093938759475403,43.92499598590226,1.0126806699623658,-0.0951049873383779,-0.20186124725773316,-0.43150967566919096,-0.24272851095073067,False,True,False,False,22.765228271484375,17.487194061279297,False,False
2024-08-17,20.670944213867188,101104215,0.013469839474828198,-0.04342062549990857,-0.09291169065230637,-0.27221681852043395,-0.25289108655867687,-0.5442295987462284,-0.518658285051256,39.515478435890685,0.030232112981650516,0.07555505036272928,40.30333720491414,1.0157531286868704,-0.06893325856353355,-0.18643708279484744,-0.4226356917678567,-0.4460419856917679,False,False,False,False,22.765228271484375,17.487194061279297,False,False
2024-08-18,20.819700241088867,151064030,0.007170612390630447,0.018966384666286328,-0.019405795587573462,-0.30299647728419393,-0.25592698782611334,-0.6564592173260276,-0.6095777997704023,40.2906737546253,0.08788342414683559,0.07283471921305903,35.67003747646434,1.003417521053331,-0.04881561607544559,-0.17610371525772486,-0.4174766837270081,0.4941417625368043,False,False,False,False,22.765228271484375,17.487194061279297,False,False
2024-08-19,21.2274112701416,165359094,0.019393665493119102,-0.0029213455331383083,0.0823517431890452,-0.3165079492545704,-0.2605062366351254,-0.6622644909971555,-0.5587831064474175,42.46710857002772,0.1603973372340457,0.06899329514003948,30.806567655956442,0.9972167044713987,-0.01873031359607589,-0.15452683697415473,-0.4050202949775439,0.09462917148443606,False,False,False,True,22.765228271484375,19.857200622558594,False,False
2024-08-20,22.425113677978516,283519502,0.054888146250049445,0.04660083652928545,0.0715241364736985,-0.37430439995130393,-0.20220069986458597,-0.5785086546576802,-0.5591581649024185,48.41555312805043,0.28847536837544174,0.06559613850968152,25.985988110201752,0.9250900422458674,0.04458824475575256,-0.10225274291482395,-0.3701894247916767,0.714568549825267,False,False,False,False,22.765228271484375,19.857200622558594,False,False
2024-08-21,23.527414321899414,293546446,0.04798483094490011,0.11494480140807312,0.17100326525733078,-0.30315035217127295,-0.08510219332332991,-0.492713854561072,-0.48693390942473697,53.210376260192376,0.4379200388117097,0.06263264038787796,20.85293438013151,0.9477546182248349,0.10156801838189247,-0.0542508263595001,-0.33807968881083733,0.03536597634119709,True,False,False,False,22.765228271484375,19.857200622558594,True,False
2024-08-22,25.26703453063965,342253539,0.07133425500535674,0.22672622579815468,0.10550233342607383,-0.1663850114203802,0.008578721824131863,-0.407913719671525,-0.3641938444895349,59.59363771944729,0.632596905629025,0.060296129007265054,24.65512862262293,0.9671305711026306,0.17840412847697715,0.016678663731073913,-0.28817815109443895,0.1659263590607396,True,False,False,False,22.765228271484375,19.857200622558594,False,False
2024-08-23,26.519519805908203,487111253,0.04838049515314818,0.2626218447120322,0.19715735774519563,-0.06837972213746667,0.065775460000233,-0.36724984646316716,-0.2940052745649937,63.45888870749076,0.812889524070624,0.058008053268650876,31.606136305503735,0.9713184543624829,0.22585222413562656,0.06529809602808798,-0.25205231675711276,0.42324679658023934,True,False,False,False,22.765228271484375,19.857200622558594,False,False
2024-08-24,27.165842056274414,340043251,0.024079319073728706,0.2732313243109328,0.22981069881102423,-0.003360556765217402,0.06723284521960614,-0.30223348423925595,-0.23624614660447218,65.30337866367549,0.9341784895234728,0.05722144661014352,38.06730491776831,0.9652039990216023,0.23872729762595626,0.08948297881103708,-0.23306923678630043,-0.3019187117814336,True,False,False,False,22.765228271484375,19.857200622558594,False,False
2024-08-25,26.964920043945312,305158503,-0.00742361375556797,0.25863709816473424,0.27760348283102076,-0.06266830534600436,0.04402280838300198,-0.34919671990513884,-0.24439872430539253,64.21816431832656,0.9559286091134945,0.05729674026081655,40.909753607696125,0.9469888320130913,0.20912282467504203,0.08184024418704809,-0.2378470706706425,-0.10258914975495281,False,False,False,False,22.765228271484375,19.857200622558594,False,False
2024-08-26,25.95624542236328,303438100,-0.038124511568483475,0.20111892110313181,0.19819757556999354,-0.07881743286284203,-0.07204589227009879,-0.35438121125272337,-0.2681519573037873,58.9241908504793,0.8604218921655264,0.05874439699434559,42.35608389191382,0.9529139166655595,0.1507887900603589,0.041162141350841126,-0.26537353490456933,-0.005637735744168371,False,False,False,False,22.765228271484375,19.857200622558594,False,False
2024-08-27,24.101638793945312,321291989,-0.07413241410370192,0.07209836074938049,0.11869919727866604,-0.12828411430950856,-0.1461958102906443,-0.4050353507392639,-0.3834216979675573,50.65551437250292,0.6404810016751843,0.0675714743637435,40.84967549801732,0.9824756572801855,0.058538315672130956,-0.03236035035940382,-0.31651820064819924,0.058838652759821475,False,False,True,False,27.998321533203125,19.857200622558594,False,False
2024-08-28,23.46433448791504,333317595,-0.02679825099364869,-0.002684721189168334,0.11226008021890474,-0.1434287292970991,-0.1668712594275792,-0.42769216780849145,-0.33208994607257936,48.15481316801145,0.4303024514294154,0.0692382641176442,40.87050829814651,0.9853230202569941,0.02890491500738552,-0.05570472220844015,-0.3329999472291083,0.03742890084943884,False,True,False,False,27.998321533203125,19.857200622558594,False,False
2024-08-29,22.90632438659668,274417039,-0.024068540421508664,-0.09808751661603372,0.12863870918212092,-0.139644879749328,-0.24824999613476453,-0.45365642331906636,-0.3737869651807806,46.01293435436824,0.24134027839940556,0.07161414300240439,40.55911953910192,0.9842957525401251,0.0019492126304520596,-0.07603327843572977,-0.34730109326716735,-0.17671001136318654,False,False,False,False,27.998321533203125,19.857200622558594,False,False
2024-08-30,23.286901473999023,242434308,0.01647798747946049,-0.12999002428972145,0.13263182042231078,-0.0993424645916971,-0.213044519618877,-0.4289420696149321,-0.36700889423468047,47.72085972758695,0.13493020729487432,0.06947529967195118,40.10986072171148,0.9844554470210882,0.014825991120715237,-0.05921068669524362,-0.3347696892316198,-0.11654790503005175,False,False,False,False,27.998321533203125,19.857200622558594,False,False
2024-08-31,22.797574996948242,120764897,-0.021236863476982164,-0.17530620684043224,0.09792511747050059,-0.12073557269855135,-0.2282424499553767,-0.42676320847115884,-0.44526711010942943,45.71819166240838,0.030017639672799794,0.06840013005488808,38.6403900530084,0.986333308031481,-0.011600637916233413,-0.07660925473711702,-0.3471659521450781,-0.5018654826692268,False,False,False,False,27.998321533203125,19.857200622558594,False,False
2024-09-01,21.44817352294922,225766458,-0.06101467921755727,-0.2288972723024215,0.02973982586231285,-0.09537428693649974,-0.211176763904048,-0.49086408257003555,-0.555010148292379,40.651707874859,-0.12341302490936475,0.07277925035923961,38.522015130171106,0.9633822578796731,-0.07042427537923829,-0.12813996383337167,-0.38397115861414,0.8694708777833016,False,False,False,False,27.998321533203125,19.857200622558594,False,False
2024-09-02,22.36886215209961,184335608,0.04203041800120549,-0.1487423427327327,0.05237657837039919,-0.013970834398157748,-0.08881366795177799,-0.477882736540255,-0.5140526491750445,45.12044185246864,-0.15405767345857568,0.0684030039849312,37.98419432149752,0.9667276672195845,-0.03254383116875088,-0.08774733831738701,-0.35574848262388964,-0.18351198121733392,False,True,False,False,27.998321533203125,19.857200622558594,False,False
2024-09-03,21.383655548095703,173297593,-0.045043038524272765,-0.11965296715330358,-0.04755460640392315,0.0073214097516718256,-0.16161129053072093,-0.5352766498241449,-0.5520236045961342,41.51788596996432,-0.22741463546457635,0.0708258571621641,37.63315554092529,0.9511959116255576,-0.07597532244861929,-0.12329882858531871,-0.38244032217807955,-0.05987999345194339,False,False,False,False,27.998321533203125,19.857200622558594,False,False
2024-09-04,21.89966583251953,222847327,0.023844507136780307,-0.06901020902287446,-0.07169493021204293,0.11352979017195183,-0.22565527619173428,-0.49459498998160506,-0.47859309810599204,44.03814517361128,-0.2273748762467362,0.06936754914674798,35.953658388464845,0.906180062352872,-0.05725911700033119,-0.0976067879108214,-0.3659023668688683,0.2859228056329668,False,False,False,False,27.998321533203125,19.857200622558594,False,False
2024-09-05,21.366561889648438,159690610,-0.024644206431088465,-0.06958587503245436,-0.16767339164848802,0.02316983077546735,-0.1848633967403611,-0.4499507660410794,-0.46592060366689375,42.02326086004982,-0.24776734406813247,0.06908501368552047,34.9161426172652,0.8829690337511824,-0.0821289567277299,-0.11528171265150493,-0.37964185108316595,-0.28340800785104325,False,False,False,False,27.998321533203125,19.857200622558594,False,False
2024-09-06,21.147371292114258,305777164,-0.010311562507016184,-0.0963754250189311,-0.22636544930865257,0.06435256610718315,-0.17620843636413625,-0.42324294925338024,-0.5061342055658237,41.18882076359333,-0.25929940086364717,0.07017615902434018,34.397934337062644,0.8637627067731986,-0.09247370490805379,-0.11999169401015332,-0.38436722888117564,0.9148099190052565,False,False,False,False,27.998321533203125,19.857200622558594,False,False
2024-09-07,21.797344207763672,138843987,0.030272528062921803,-0.044866033479027255,-0.22017224031945948,-0.042210092666508624,-0.19239373333663987,-0.4137604353559721,-0.4360810493006229,44.695711597273885,-0.20861441353741594,0.06620684040509774,33.472002882845416,0.7231512911894933,-0.06653868889688434,-0.08809413409890421,-0.363896476446824,-0.5459308171227594,False,False,False,False,27.998321533203125,19.857200622558594,False,False
2024-09-08,23.215967178344727,236441927,0.06305214534752011,0.0792007910860502,-0.14969648121637133,0.06411658184698503,-0.10428016242717718,-0.32942870804069435,-0.3660825407088741,51.49420111354346,-0.07206105384286249,0.06300192898901678,32.29047408806562,0.7405659752964852,-0.010002169245483363,-0.02391434407800268,-0.321068883426812,0.7029324215531205,False,False,False,False,27.998321533203125,19.857200622558594,False,False
2024-09-09,23.859668731689453,284956740,0.027349250348763298,0.06451962343360804,-0.08422271929912462,0.10003985418784814,-0.055666615263936806,-0.27911382309985333,-0.3293731133472375,54.242823589129415,0.06186515257428754,0.06028605441345247,31.96959723079809,0.7446159473571995,0.014344617673788616,0.010581362967678271,-0.30092667070728774,0.20518701406117357,True,False,False,True,27.998321533203125,20.547168731689453,False,False
2024-09-10,24.359909057617188,207002559,0.020749176829704605,0.1303118387875856,0.010658871634281837,0.17600542879311734,-0.06417094896687733,-0.3118198939070239,-0.2858899334009695,56.314571258088684,0.17782771359171012,0.05756419242854648,32.06333342723156,0.7160310263781282,0.03378193361732876,0.03836528540679178,-0.2850585154504245,-0.2735649663875296,True,False,False,False,27.998321533203125,20.547168731689453,False,False
2024-09-11,23.29693603515625,239140352,-0.04461685828016404,0.061850473370641035,-0.0071597356522333806,0.09010717482040964,-0.10488758115797221,-0.28512376566325526,-0.30383825522216157,51.02755519161866,0.17628613134576998,0.060663206883979914,31.508373395387174,0.7251872969964687,-0.007178016138986906,-0.0013736550835293027,-0.3149045226841357,0.1552531193587805,False,False,False,False,27.998321533203125,20.547168731689453,False,False
2024-09-12,24.028888702392578,213390700,0.030934951132217135,0.11742963093394669,0.04784375590149242,0.11567616176500108,-0.09294585418087575,-0.23159510770947125,-0.36689502853331024,54.21510863292813,0.21532221331501164,0.056833516134253755,29.436953230902034,0.7316907602008624,0.029478349223295605,0.033872663872149746,-0.29198272850567114,-0.10767589737427496,False,False,False,False,27.998321533203125,20.547168731689453,False,False
2024-09-13,24.952272415161133,258822734,0.03770809439424786,0.16544928783521076,0.06907386281627964,0.17374339009313633,-0.1100449682021463,-0.183816978004833,-0.3228790292290606,57.93484435184269,0.28947117240213005,0.05485836146080077,26.320709634346233,0.7355270790477718,0.07413257363087579,0.0757361377740919,-0.2632136492027387,0.21290540778018907,False,False,False,False,27.998321533203125,20.547168731689453,False,False
2024-09-14,25.330501556396484,183882258,0.01504436788765489,0.15022112765994378,0.10535509418091661,0.22923492736551593,-0.10127782893312924,-0.17048294024109695,-0.36320448877227873,59.39022934962806,0.34629093712589976,0.05303451173800406,23.522388477851763,0.7168516903965129,0.09426387623216897,0.09523258424243136,-0.2505030385539245,-0.28954363800206206,True,False,False,False,27.998321533203125,20.547168731689453,False,False
2024-09-15,23.837696075439453,194956670,-0.06074106830553836,0.02642791400688539,0.10562870509293557,0.15600898282070688,-0.13390472810776619,-0.17793929875217687,-0.4468751859595323,51.77613981115847,0.26907618698452573,0.05720748706982841,21.056888573699315,0.7551067469823711,0.03450941651739021,0.034486499406111766,-0.2929517675594815,0.060225560206031314,False,False,False,False,27.998321533203125,20.547168731689453,False,False
2024-09-16,23.51923179626465,233303180,-0.013449735622619976,-0.014371071964497988,0.050148551469110084,0.1290894077232588,-0.14312741079717525,-0.1238016788354181,-0.41514019102296956,50.29475508125923,0.18622935736339202,0.05673620059190732,20.754462418600163,0.7572313020463654,0.02198023341528192,0.024116098559101108,-0.30059121354545476,0.19669247530746192,False,True,False,False,27.998321533203125,20.547168731689453,False,False
2024-09-17,23.75840187072754,225254583,0.010117770125704596,-0.025002478668497988,0.10530936011908744,0.1320365654583329,-0.170959911825861,-0.1238904223677805,-0.5244226518676948,51.41893550362105,0.13935788448036762,0.05601994516155192,20.867155932385977,0.7574415241613491,0.03171371408712351,0.037534551340843436,-0.29146695874536305,-0.03449844532766333,False,False,True,False,25.64888572692871,20.547168731689453,False,False
2024-09-18,24.63865089416504,284771341,0.03638015359518002,0.055994533206846143,0.11784500657748731,0.14902305356039405,-0.16748489569417635,-0.11148318307473146,-0.5132414374367614,55.41562052396219,0.1580866843405879,0.05528401329080034,21.646036409673812,0.7639626141735343,0.06592940238304791,0.07757569440237737,-0.26305153146145815,0.26421996483862875,False,False,False,False,25.64888572692871,20.547168731689453,False,False
2024-09-19,26.65570831298828,450224106,0.0786869387901022,0.10374652086473117,0.22117615179867797,0.1728218461004466,-0.20148255385085723,-0.029378853764139276,-0.40568680855723355,62.93949615525476,0.28913881410181774,0.053111448106765144,25.259079031468413,0.7876776092501531,0.1448496404002031,0.1648377431144161,-0.20081458849279046,0.5810021627141195,True,False,False,False,25.64888572692871,20.547168731689453,True,False
2024-09-20,27.599931716918945,526269388,0.0348099754108024,0.10084840188128588,0.2662976897164967,0.15964699056634898,-0.14350336160492402,0.07454479724301914,-0.3330668639947231,65.84520285518767,0.4145982954463473,0.05323945641121417,29.570123530122284,0.780092650189901,0.17330336249996717,0.20412456416647248,-0.17057931868698692,0.1689053984150728,True,False,False,False,25.64888572692871,20.547168731689453,False,False
2024-09-21,27.84765625,214929916,0.008935507942698038,0.09473954193632901,0.24496066959627275,0.09724824350369039,-0.06913676791668993,0.10582696532782225,-0.3106654761678347,66.58541376905387,0.48458173561765616,0.05156993716668557,32.0128758247643,0.7431209879063325,0.1679474555349352,0.21044016046232708,-0.16166699620472053,-0.5915971536615388,True,False,False,True,25.64888572692871,22.871198654174805,False,False
2024-09-22,27.337196350097656,228253627,-0.018500528146427844,0.1369800820954396,0.1634079961023248,0.030367220204114195,-0.03801250193335254,0.09614268020434724,-0.3368826262590529,63.53006783845359,0.4666352013029752,0.05225065897291196,33.5423345155067,0.7284622776513188,0.1347161407134044,0.18346450253359273,-0.17527407913725934,0.061990956158936905,False,False,False,False,25.64888572692871,22.871198654174805,False,False
2024-09-23,27.407100677490234,361459724,0.0025538501426450987,0.15298366786070455,0.13861259589620648,0.008841751273030489,0.005481194507813011,0.07607459649263654,-0.2933917329662256,63.77520790593051,0.4304905825861175,0.05221037579284162,33.50045285784487,0.7237373926115674,0.12357185531248256,0.18017643382311735,-0.1711794496762305,0.5835880846703916,False,False,True,False,28.657886505126953,22.871198654174805,False,False
2024-09-24,28.481760025024414,344591266,0.03846175463151035,0.18132765236651016,0.15632517369801222,0.05472711966010876,-0.007941185685895587,0.09874992804311082,-0.2944696002450301,67.40274467085052,0.4479744607382461,0.05069374044126089,34.665975946898904,0.735185212499533,0.15208444867899565,0.2170895180523256,-0.13681958307116673,-0.04666760050975971,False,False,False,False,28.657886505126953,22.871198654174805,False,False
2024-09-25,27.290143966674805,377318861,-0.04273827312249536,0.10220922564883472,0.15820375885568086,0.05011335810609685,-0.028704074756745118,-0.02193253416400183,-0.30426785314662635,60.20363417851692,0.3525056816048746,0.0525100861472904,33.036679094745224,0.7385092513608758,0.0908152729546055,0.1598123955799448,-0.1709595969090687,0.0949751146623663,False,False,False,False,28.657886505126953,22.871198654174805,False,False
2024-09-26,29.154499053955078,481475077,0.06608363221737097,0.08960591907610346,0.1933524399408348,0.19032940442716986,0.062045290117661266,0.04413359413652538,-0.21470594631209414,66.27314951699756,0.3854665037537557,0.05153237063902111,32.310294116180515,0.7190599195289408,0.14698073225801284,0.22930244822768484,-0.11258423631703385,0.2760429619763958,False,False,False,False,28.657886505126953,22.871198654174805,True,False
2024-09-27,30.449289321899414,429836781,0.043453412340588644,0.09824935600588981,0.1990977578871756,0.26058106776140727,0.11715233846430809,0.09370980833382811,-0.16711110004708427,69.72641472926614,0.45996979883262945,0.050100425434115255,33.32428646879631,0.7200582129840463,0.17787343942226236,0.27560128512862436,-0.07054780043387149,-0.10725019521623136,True,False,False,False,28.657886505126953,22.871198654174805,False,False
2024-09-28,29.330692291259766,278757607,-0.03742816846983749,0.05188567959335427,0.1466252215296833,0.24722143971307822,0.10757655996375036,-0.0010285564216862284,-0.2064349836059881,63.661943268520865,0.40154042179697025,0.05226352281784086,33.51449545979743,0.729157392348711,0.12134071126931978,0.22100975735413675,-0.1010897040242715,-0.35148033085609764,False,False,False,False,28.657886505126953,22.871198654174805,False,False
2024-09-29,29.069881439208984,284304343,-0.008931850127536013,0.06145435761224614,0.19843443970768582,0.2218116021060818,0.1224691375143847,0.008767082487204763,-0.20713046750885028,62.30134558349671,0.3166811038359929,0.05176533084062287,33.50232911609158,0.7309290316396757,0.10041004578787473,0.20266099394752815,-0.10553586461428915,0.01989806147245332,False,False,False,False,28.657886505126953,22.871198654174805,False,False
2024-09-30,27.738948822021484,397914811,-0.04686511587818145,0.012035391591419687,0.1650190594521242,0.19618334970488252,0.07544777700633115,-0.03205910025049434,-0.2305798587662764,55.75297867169979,0.15069002526185749,0.05412672039902937,32.76560781457662,0.7488115313665488,0.04335619364048514,0.14069859101413354,-0.14301772486014172,0.39960862645000117,False,True,True,False,30.784746170043945,22.871198654174805,False,False
2024-10-01,25.86651611328125,591569105,-0.06988820208441616,-0.0963145651245067,0.08501308724200338,0.18730982683802352,0.09193553990152394,-0.02386693706602441,-0.30355425573201206,48.094145256604406,-0.09235206630408044,0.0639491858409257,30.726305642586247,0.7594512061610387,-0.0317514601724862,0.059710091597745395,-0.19681811430085658,0.4866727466447587,False,False,False,False,30.784746170043945,22.871198654174805,False,False
2024-10-02,25.381216049194336,387669295,-0.018939943323028983,-0.0725162353250403,0.02969299032379447,0.12633946551378925,0.11236863111563143,0.037525797562011146,-0.3515432710264658,46.3181784950486,-0.282213518212197,0.06513706382223146,29.62604239875162,0.7530403942326521,-0.05231609358613114,0.03645058000851693,-0.2084315436846244,-0.3446762318664359,False,True,False,False,30.784746170043945,22.871198654174805,False,False
2024-10-03,24.65347671508789,405957042,-0.02909144106678317,-0.16769130860919446,-0.0780853895330909,0.14229106297127878,0.14961247272295086,-0.01932022755944207,-0.39298558685286594,43.71149406759661,-0.4436182105591753,0.06715005697395891,29.863698547455176,0.7418814474272835,-0.07897465866023817,0.003715810096847811,-0.2270946746903561,0.04717357612756001,False,False,False,False,30.784746170043945,22.871198654174805,False,False
2024-10-04,26.24127960205078,333503580,0.06241579445748125,-0.14872892649230196,-0.05047957048641222,0.1808623502919797,0.29439214046393164,-0.04479292589975459,-0.3137326396896255,50.285438383970515,-0.4299420659744235,0.06408069989872726,29.469593576651686,0.7661822288018183,-0.02132118880883284,0.06307970763326072,-0.17284926060255748,-0.17847568709006412,False,False,False,False,30.784746170043945,22.871198654174805,False,False
2024-10-05,25.690710067749023,203836787,-0.021204277619038977,-0.13250503564150354,-0.08061935604814918,0.18430227910402916,0.20747210987949655,-0.000561117636331871,-0.2656484869370503,48.18403356099046,-0.4427315781387483,0.06427546138015203,27.868991368645407,0.7645411474521512,-0.04515431141844063,0.03632801554527999,-0.18663555160237047,-0.38880180236745887,False,False,False,False,30.784746170043945,22.871198654174805,False,False
2024-10-06,26.928571701049805,246688545,0.0470584173613956,-0.07651476815257187,-0.015060410540325685,0.24167225897244107,0.30602482507962414,0.06546382260830487,-0.18157069028093917,52.9452265022771,-0.35629623003004895,0.06104037194548009,25.20827416641217,0.7751156019021852,-0.0054479766820921885,0.08080523039435022,-0.14336301400098125,0.21022583131669936,False,False,False,True,30.784746170043945,23.943479537963867,False,False
2024-10-07,26.556774139404297,342346769,-0.013903006314125124,-0.04355265858851561,-0.03151726699709578,0.1974967245953941,0.15528663192888553,0.005102991258754214,-0.216263710760578,51.417033137101996,-0.3141123637672354,0.0604789614229786,22.555342175646622,0.7744946760320143,-0.02422200293288495,0.06099659268661105,-0.15150485867258465,0.38776921725327784,True,False,False,False,30.784746170043945,23.943479537963867,False,False
2024-10-08,26.33306884765625,279668835,-0.008459341648603647,0.017876201847296894,-0.07843836327720986,0.12598523759927044,0.19010181944625532,0.021705075172093104,-0.20344347044142397,50.473047406026815,-0.2917089886970521,0.059547541887576966,21.002802699496435,0.7486056248180609,-0.03544420027960498,0.047784546839075744,-0.15501655292068478,-0.18308317669561536,False,False,False,False,30.784746170043945,23.943479537963867,False,False
2024-10-09,25.766281127929688,291046815,-0.021758815868803103,0.015057329301522801,-0.0574589060235176,0.07687717138170394,0.17691702556955213,0.021210556117767104,-0.2022366517181494,48.06525772100168,-0.30410791949419647,0.059146527556158575,21.51759492484366,0.7490891518196869,-0.05466520895603247,0.022513500526316604,-0.16952014979167887,0.040683760848791106,False,False,False,False,30.784746170043945,23.943479537963867,False,False
2024-10-10,25.854782104492188,277816995,0.00342887409637996,0.04757764446468604,-0.12011366414450851,0.05955686864837938,0.23556229744149668,-0.004614080318498053,-0.2522630252586445,48.47855200342632,-0.2951581717490996,0.05816633387101959,22.00777011208184,0.7462273269905961,-0.04837169216657749,0.024133815363288343,-0.16264501834106643,-0.04545598617871838,False,False,True,False,27.674049377441406,23.943479537963867,False,False
2024-10-11,27.41640853881836,275196332,0.058646107719383,0.04380795772658778,-0.1049209687657143,0.16281983464792635,0.25292700946833585,0.05793225348995418,-0.12230393101532887,55.246299405219744,-0.1786124960493385,0.0555745470796555,21.92431344956778,0.7519673307932531,0.009908072057277752,0.08414534463988821,-0.10767511648025811,-0.009433055022425862,False,False,False,False,27.674049377441406,23.943479537963867,False,False
2024-10-12,28.627531051635742,382332550,0.04322719304779491,0.1082394283934216,-0.024265607248081834,0.175112076563504,0.29078823832850503,0.08216622238262836,-0.05648303114596717,59.67086461680995,-0.02269854151141626,0.05420980289897983,22.37807150723716,0.7584101442243857,0.05202069850220158,0.13015341287510557,-0.06411540995318757,0.3893083066237961,True,False,False,False,27.674049377441406,23.943479537963867,True,False
2024-10-13,29.171485900878906,324930237,0.018822842950277783,0.0800038539823037,0.003489085829731892,0.15622682511953417,0.32997021521267045,0.04618185691738779,-0.02759015288529879,61.51135571485732,0.10719207328303992,0.05180704183833078,23.166428379962632,0.7512483870225453,0.06854610582261551,0.14980678176597723,-0.04242837548387373,-0.1501371332364979,True,False,False,True,27.674049377441406,25.065065383911133,False,False
2024-10-14,29.062816619873047,383950328,-0.003732144198140594,0.09017471609828835,0.04662205750977281,0.1374503130337386,0.3666852403992546,0.03617248410060949,-0.033032627207358244,60.91328102038449,0.1720694224593063,0.050984758141415246,23.530542967800468,0.7510088010775757,0.06343386420464768,0.14363220726801385,-0.04197664154723488,0.18163926984733036,False,False,False,False,27.674049377441406,25.065065383911133,False,False
2024-10-15,28.191293716430664,525425043,-0.03044638091929932,0.06818767682759269,0.08606387867488971,0.16774500041997767,0.3237539832406846,0.033840272312211594,-0.010194298332199214,56.19429140301747,0.14372102137520038,0.05358293848450559,23.65057099096696,0.7248212873999339,0.02984617932637911,0.1073895728387761,-0.06682723812287933,0.36847140029009173,False,False,False,False,27.674049377441406,25.065065383911133,False,False
2024-10-16,28.043020248413086,344052072,-0.005273428310056047,0.08467306438633965,0.0997303936878624,0.17592130773254167,0.3050107154558004,0.03279389693536635,0.05211962889712356,55.40782985521,0.10425511618591432,0.05236050839858828,23.060519238142174,0.7226757552623042,0.02651363236946735,0.09816479307314402,-0.06788477180522766,-0.34519285560585666,False,True,False,False,27.674049377441406,25.065065383911133,False,False
2024-10-17,27.261091232299805,246289159,-0.028279312507026373,0.05296487778293328,0.10054252224761931,0.13752422509981077,0.2695607905581436,-0.03343568672605035,0.013633802732030203,51.3281205077049,0.019213807526685223,0.05355312059261089,20.64653479541989,0.7321793316289953,0.0037482168046561034,0.06437938939133801,-0.08981369569685375,-0.2841515019273013,False,False,True,False,29.79548454284668,25.065065383911133,False,False
2024-10-18,28.100568771362305,182973906,0.03032936110950795,0.02464813117305821,0.06845608889964609,0.13147343261413846,0.2804964861745325,-0.03601146308003791,0.01999024953940715,55.14651431121891,0.013495311134860022,0.05084886189284026,19.638640014322597,0.7291701262423173,0.03700607222018832,0.09272370322176895,-0.0581139565437375,-0.25707689797259814,False,False,False,False,29.79548454284668,25.065065383911133,False,False
2024-10-19,28.108549118041992,130507026,0.0002839520360027522,-0.018295109838733916,0.08994431855468771,0.05307044586003894,0.22589229196048566,-0.1484121079908183,0.02369159209589977,55.18250975174968,0.004699622931507719,0.048922273557865936,18.846497365838978,0.6781084994622926,0.039143828929685674,0.08895056297339603,-0.0548826442960355,-0.2867451493329327,False,False,False,False,29.79548454284668,25.065065383911133,False,False
2024-10-20,28.93516731262207,170244986,0.028983948225705575,-0.008134004563306065,0.07186984941899777,0.047244418674942064,0.20689140924129118,-0.09625894292998183,0.1217892159179613,58.86491498215812,0.04666913860004063,0.04705253501854517,19.65634477927311,0.6748321848173755,0.06734299095105349,0.11566891507017243,-0.024298257765108033,0.3044890472027153,False,False,False,True,29.79548454284668,26.878782272338867,False,False
2024-10-21,27.74962615966797,307767782,-0.04183534899228792,-0.046237209357453415,0.043937506740834825,-0.0035264382600437984,0.09372180524364658,-0.07266320617673366,0.10230052706777831,52.23589343856276,-0.010260487988217104,0.05037820040991774,19.222687926076194,0.6909074459549442,0.020068611636443204,0.06478318690374628,-0.061306404440281244,0.8077935170437267,False,False,False,False,29.79548454284668,26.878782272338867,False,False
2024-10-22,27.603822708129883,287607240,-0.0052681013279506405,-0.021058929766104746,0.04712874706148805,0.009705988558433486,0.04007320876254769,-0.028306513374919056,0.10584866876278065,51.46823498151034,-0.05981681903561875,0.04938881983137644,18.164966395690463,0.6880117886005324,0.010580573595788106,0.054950369812243896,-0.06342255716160873,-0.06550569351018032,False,False,False,False,29.79548454284668,26.878782272338867,False,False
2024-10-23,26.662872314453125,283121246,-0.03468221937623496,-0.050467720832283534,0.03420534355405623,-0.027530080960446505,-0.01868832968741603,-0.022048886452633417,0.048544515532190115,46.69858669545743,-0.15276197212979614,0.05211422308315069,15.954267598547158,0.6986695087082342,-0.027445044634379554,0.014894279437951248,-0.09203153000998218,-0.015597639336200286,False,False,False,False,29.79548454284668,26.878782272338867,False,True
2024-10-24,26.833412170410156,220372770,0.006375786105963005,-0.015812622219294182,0.03715225556363912,-0.059616049485993736,-0.004888929825884966,-0.06755723517188932,0.03913387855711694,47.645574370089214,-0.1967491732691492,0.05016282893274261,15.580781025138412,0.684732616691144,-0.022280302896625862,0.01756377382940907,-0.08270141566649583,-0.22163110994503044,False,True,True,False,29.278295516967773,26.878782272338867,False,False
2024-10-25,24.892988204956055,353648637,-0.07506166815989017,-0.12120365148869242,-0.09655552031563407,-0.0919394445233886,-0.041826086417291714,-0.12064351928013382,-0.11387197868739049,39.127472684887294,-0.34201294514915503,0.05785301720140336,16.724806234573673,0.7174454283274605,-0.09166275459035299,-0.05853803827492053,-0.14538419478244102,0.6047746597730745,False,False,False,False,29.278295516967773,26.878782272338867,False,False
2024-10-26,25.386613845825195,185204600,0.01963585554003198,-0.10185174798466304,-0.12014685782339687,-0.1383872212007276,0.051942183226442264,-0.07634193108306639,-0.09425362706420211,41.96971263020443,-0.3870250663812706,0.05556359358495165,17.92303019204225,0.6783272861783533,-0.07103708087133569,-0.042937845115616505,-0.1252714566226888,-0.47630336830620956,False,True,False,False,29.278295516967773,26.878782272338867,False,False
2024-10-27,25.732751846313477,113629702,0.01354255030152193,-0.1172931459088468,-0.12542715047215292,-0.16829808323979445,0.09228298452161282,-0.05114574477548641,-0.07458827490596645,43.946141424360555,-0.37537199364820206,0.052679262933179455,18.5146312823008,0.6594106660565824,-0.056949184523530295,-0.03275867538176972,-0.1100362498547166,-0.38646393232133547,False,False,False,False,29.278295516967773,26.878782272338867,False,False
2024-10-28,26.255901336669922,252758395,0.02012620513507365,-0.055331591781485105,-0.10156880113893851,-0.11074370963488327,0.1364777300781951,-0.0031671496711328717,-0.11177226605656944,46.89030199688322,-0.31666113999770057,0.0517951137807794,18.56155061181116,0.6550014377092169,-0.03764078566880935,-0.01534479011541668,-0.08882314805581053,1.2244042759172244,False,False,False,True,29.278295516967773,24.176481246948242,False,False
2024-10-29,26.848377227783203,266070222,0.02231460408803165,-0.02774888636550282,-0.04880781613160759,-0.0794972554193155,0.14231434668676618,0.042971882095069074,-0.07073017293211065,50.087675245091866,-0.22638711716310966,0.04951370375845662,17.886902800608848,0.6608962652461072,-0.017872393291777172,0.004622357859732388,-0.0662254655345369,0.052666211146023434,True,False,False,False,29.278295516967773,24.176481246948242,False,False
2024-10-30,26.1982421875,242724462,-0.024513064248444613,-0.017579731237712504,-0.06804745206999605,-0.05714520378957866,0.1390381459153038,0.0183025732167523,-0.08920430404007296,46.76092517565172,-0.19984676945446392,0.04940211602074855,17.602623518820426,0.6465172862313074,-0.04225632340678641,-0.021051418787755287,-0.08758655099120319,-0.08774285158449635,False,False,False,False,29.278295516967773,24.176481246948242,False,False
2024-10-31,25.01712417602539,228654285,-0.046131759009762185,-0.07008727635343767,-0.08589989857273192,-0.033388760714924706,0.1539210661230989,0.058546779186599125,-0.057255697780949175,41.383318710038154,-0.24807534500698997,0.05235945546761446,19.192461569074524,0.619835912561845,-0.08140652779058594,-0.06638642429369757,-0.1268516020580631,-0.05796769260116852,False,False,False,False,29.278295516967773,24.176481246948242,False,False
2024-11-01,24.79058074951172,258046918,-0.009096784888367928,-0.004122393081915509,-0.12532604457060786,-0.023545602280263787,0.10279386323352552,0.08882302883536781,0.013980195281747437,40.42308222541035,-0.27915527767678,0.052659027650290555,20.239201265913326,0.6172181621722165,-0.08326707674630855,-0.07536645879295142,-0.13319029848359198,0.12854617178943317,False,True,True,False,27.1206111907959,24.176481246948242,False,False
2024-11-02,24.088130950927734,136177246,-0.028744545017985602,-0.05250279363993314,-0.1543545416245962,-0.02319870623146629,0.1190923567398127,0.12641376649148453,-0.04251893379090826,37.51624470005083,-0.32759249330072565,0.05327490880334728,21.208140594035253,0.6170190797058058,-0.10079146344149094,-0.10098676049688883,-0.15617639577221787,-0.47227718487999926,False,False,False,False,27.1206111907959,24.176481246948242,False,True
2024-11-03,23.538249969482422,272834544,-0.023092471294161712,-0.08913781523561667,-0.20643096114446352,-0.10870697198310907,0.07215537830887062,0.18568516848082245,-0.1534998978828637,35.37193159565973,-0.37388652369357794,0.055299699220760695,22.43120944121021,0.5776329345066173,-0.11216348462146196,-0.1203325063066069,-0.17399116215960264,1.0035251997973287,False,True,False,False,27.1206111907959,24.176481246948242,False,False
2024-11-04,22.70597267150879,257203289,-0.03599875306439348,-0.14526277343508387,-0.20059436521656895,-0.12350144742846354,0.06080083167556571,0.08397066245103285,-0.12406256506479543,32.35735777380549,-0.4335801477081105,0.05796812033711459,25.135780687494286,0.585551094378081,-0.1346035206364321,-0.1507178320369829,-0.20149602572513173,-0.05729206709250134,False,True,False,False,27.1206111907959,24.176481246948242,False,False
2024-11-05,23.99547576904297,254877588,0.05523729979311045,-0.11234007773000512,-0.14008896409550797,-0.11532256499674882,0.1263496939756923,0.19070226008287544,-0.04985874238844401,40.77874739181779,-0.36214785416526973,0.05631366828700093,25.551260024829514,0.5951638531036738,-0.0783475532230984,-0.10280557925827685,-0.1545532246974676,-0.009042267729321263,False,False,False,False,27.1206111907959,24.176481246948242,False,False
2024-11-06,27.033344268798828,622787876,0.11920577401644776,0.03137876053488725,0.013799029297174935,0.017786215333824296,0.21528293992921843,0.17307284726270963,0.022889206592578492,54.99425610573589,-0.09987097100837827,0.05507146745555965,25.444544657532358,0.7321777481901581,0.03878957894534324,0.008311410956883938,-0.04562376284969925,1.4434783806883797,True,False,False,False,27.1206111907959,24.176481246948242,False,False
2024-11-07,27.383121490478516,480668334,0.012855742617463728,0.09036626216211331,0.020278985808675546,0.039101299599891726,0.16508653719916191,0.22920311904614704,0.060806374771984806,56.29509127787446,0.09695453668670417,0.05409235727627103,24.893955795595016,0.7326356430478056,0.053682637972483155,0.019270920056262457,-0.03161144193999699,-0.22819895421342462,True,False,False,True,27.1206111907959,22.380149841308594,True,False
2024-11-08,28.776140213012695,437139762,0.049619759360835076,0.1490828064113164,0.14496041332940088,0.11047987482952971,0.18735704621123367,0.2873969003990819,0.13169043094729693,61.115471310820574,0.3087947282752467,0.0517657149455533,25.62369820874207,0.7465289466610553,0.10586459149959439,0.06943452958256621,0.01953573821820501,-0.09055843483128223,False,False,False,False,27.1206111907959,22.380149841308594,False,False
2024-11-09,30.41794776916504,441332769,0.05548624239652703,0.23331359382582892,0.1808108001858958,0.16253724312967668,0.22209411177805605,0.39809954057117336,0.15792316281117877,65.89050394765803,0.5341141364499931,0.04977218412589878,27.90875900598737,0.7680782500350617,0.1656380296692068,0.1280876946590403,0.07920915538151778,0.009591913992943901,True,False,False,False,27.1206111907959,22.380149841308594,False,False
2024-11-10,31.9826717376709,968497492,0.050161426587590166,0.30656749170758074,0.21742967647196415,0.15405256199788386,0.3168723966458102,0.4069795714662198,0.21198481548783807,69.70838272133241,0.7499337921065289,0.05165777717477166,33.54203137453419,0.7612171835051571,0.2157389400830195,0.18249069134704798,0.135608027997008,1.1944835281424568,True,False,False,False,27.1206111907959,22.380149841308594,False,False
2024-11-11,35.75919723510742,1369370972,0.11161325343723208,0.4541794982092062,0.3089167247741225,0.22243862238732118,0.3975506989508253,0.5132268607158261,0.30460484476994953,76.53501465753206,1.0879283195473282,0.05283851071215313,45.125516618501194,0.8378091928985022,0.33854599999361,0.31393680648788924,0.26966146708522126,0.413912770359554,True,False,False,False,27.1206111907959,22.380149841308594,False,False
2024-11-12,34.04673385620117,1838315195,-0.04907339536710158,0.3498688030489943,0.23752872531898916,0.15454238406994159,0.31076920918947587,0.48451259928261214,0.2007242409873294,68.9472393204755,1.1320074025491247,0.06166106619502114,50.37518591823707,0.8593680344007962,0.25707231939420955,0.24493953143733485,0.20893588794201715,0.34245228837814157,False,False,False,False,27.1206111907959,22.380149841308594,False,False
2024-11-13,33.13338851928711,1511749059,-0.02719261543848081,0.20347041359406567,0.23484917412895298,0.1310819128296015,0.26853222586334013,0.4977671532288562,0.16725439693021094,65.2325940328972,1.0379730533992757,0.06694595494360032,53.364646521882754,0.8662887044058011,0.20928537195918928,0.20743506014134447,0.17677564911118723,-0.17764425648453608,False,False,False,False,27.1206111907959,22.380149841308594,False,False
2024-11-14,31.160669326782227,852265512,-0.061384789472874506,0.1292298815037272,0.2195961436658407,0.10014350427602628,0.267888504696004,0.42389748751671086,0.13398377658823785,57.96811338422168,0.7923288015230515,0.07498733966168596,53.34082286542636,0.8883784134269136,0.12442520949073432,0.13235160958236067,0.10725824107000843,-0.4362387679845746,False,False,False,False,27.1206111907959,22.380149841308594,False,False
2024-11-15,33.146217346191406,675943240,0.061771901825067456,0.14138202396795968,0.2904648303792761,0.16718883441114987,0.3431101421436914,0.4721995498669502,0.19998273134651626,62.495272369182054,0.7153369660011744,0.0710019113334745,54.598826856237295,0.9106989940179773,0.17955919899115727,0.20102040295879203,0.1782767184069615,-0.2068865506316534,False,False,True,False,37.64361572265625,22.380149841308594,False,False
2024-11-16,35.11469268798828,833850531,0.05769103506744407,0.1435868166388768,0.3769004104647056,0.25315918198562015,0.39068340708543087,0.5227199725437638,0.2197234952595697,66.36333949336131,0.7453693009073386,0.06778886465319792,57.167005247660626,0.919802269341096,0.2290925199355459,0.26805894721448237,0.24771770424250625,0.233610282129606,False,False,False,False,37.64361572265625,22.380149841308594,False,False
2024-11-17,34.73808670043945,1172065142,-0.010782953517460612,0.08264243653382608,0.3892099282414068,0.21204686735865175,0.34352029997279016,0.4925433535331842,0.17603540427861375,64.9824902655818,0.6895515085024613,0.07176828535146651,58.737434143784014,0.9186653159709152,0.19812458718541012,0.2495788422423413,0.2340180053676548,0.40560579915251016,False,False,False,False,37.64361572265625,22.380149841308594,False,False
2024-11-18,35.448455810546875,890069195,0.020243007916065724,-0.008727808987340454,0.4454516892218659,0.23200592323871463,0.28507636909875356,0.4578982151992002,0.08359381524789626,66.40254768904168,0.650647164395366,0.06903414354012292,60.48366414544909,0.9194477600685823,0.2047576986891545,0.26930707808672766,0.25884230257288576,-0.2405975034107789,False,False,False,True,37.64361572265625,30.66400718688965,False,False
2024-11-19,34.27410888671875,664506765,-0.03368946620162076,0.006656120178140393,0.35652492322713475,0.16933250881138817,0.21657692748633037,0.37622391805267935,0.07307356588140644,61.93130820218976,0.5026221412723402,0.07041942416434534,60.40339760950958,0.9271724721216422,0.14907689441881053,0.2215401616245977,0.21742234887076323,-0.2534212297955104,False,False,False,False,37.64361572265625,30.66400718688965,False,False
2024-11-20,33.58571243286133,768090737,-0.020289474858878404,0.01355926075774275,0.21702967435180853,0.19087838294479773,0.1873519446847541,0.2846001881884444,0.118215176768064,59.406078060534014,0.32382875306750214,0.07275254248364042,58.60973529772061,0.916267240223494,0.11005333074623701,0.1904552598188619,0.19377097934964047,0.1558809894132529,False,False,True,False,37.18247604370117,30.66400718688965,False,False
2024-11-21,35.82438659667969,919488029,0.06452810003072364,0.1394721502613412,0.2687020317650684,0.26067458430347207,0.27038057286190564,0.30074779306601984,0.23236807092855308,64.4785366011043,0.32118373198076955,0.07074411309437305,57.19660335938074,0.9372199511872322,0.162841170710501,0.26047413879350967,0.2736995395441218,0.1971086028082123,False,False,False,False,37.18247604370117,30.66400718688965,False,False
2024-11-22,43.08974075317383,1853305714,0.18465608385261914,0.2623563322888928,0.40373835625685267,0.4800128875323263,0.45248280657187984,0.4613245578449103,0.4579640010796929,75.27608779749869,0.7491426824163474,0.06786235039714571,61.43171151910216,1.1064563681905408,0.3568274606848688,0.4966869151820321,0.5303926804399566,1.0155843856016098,False,False,False,False,37.18247604370117,30.66400718688965,True,False
2024-11-23,41.489986419677734,1929765400,-0.0378328281769923,0.16683246904445656,0.3104192856833333,0.43580427324937093,0.3761882237633771,0.430915343423486,0.36824703807748166,70.21498216399205,0.8571035836359204,0.07255722442161072,60.43260355273853,1.121933559406182,0.2705436242235004,0.4260149411806831,0.47196803441171553,0.04125584107490643,True,False,False,False,37.18247604370117,30.66400718688965,False,False
2024-11-24,42.04306411743164,1401619979,0.013242322085474137,0.19085774464739116,0.2735001811812173,0.5241082634947353,0.43216881897134657,0.4822821770774436,0.40346474421460155,70.94237008414605,0.8942716165453146,0.0736251608074782,56.88513953221219,1.074460877657838,0.2504570719929978,0.42896183011405964,0.48947730750531887,-0.27368374466657963,False,False,False,True,37.18247604370117,32.43586730957031,False,False
2024-11-25,41.39607620239258,2198820064,-0.015508330495053974,0.15510640623627156,0.14637859724893124,0.48896407745964915,0.3505768562589216,0.5409062606860914,0.4126221463765829,68.82494147675486,0.8064960316382637,0.08211940641975489,52.49901001860946,1.080545040677935,0.2001580549281353,0.39326993390016907,0.4649173980528057,0.5687704919622867,False,False,False,False,37.18247604370117,32.43586730957031,False,False
2024-11-26,42.77906036376953,1538218514,0.03286264041218446,0.22165851285007676,0.2283146330282171,0.5082841675703117,0.3399860843305173,0.6005671520919245,0.4571384227948253,70.82921470116989,0.7727194567855822,0.08148057137851825,51.367612329723976,1.0820251980530462,0.21257651600407537,0.4242643000522516,0.5114335275898693,-0.3004345652541762,False,False,False,False,37.18247604370117,32.43586730957031,False,False
2024-11-27,43.91240692138672,1220290175,0.026148158919705042,0.26809614662866027,0.28165540738640304,0.5143061213549431,0.40356241172005997,0.6507838514331382,0.5111389716838102,72.39546200711362,0.7568665665471555,0.07742516780421071,50.100903375143666,1.0824519863180535,0.21621013974625627,0.44508188479826993,0.5486217110192808,-0.20668606970101777,False,False,False,False,37.18247604370117,32.43586730957031,False,False
2024-11-28,42.84018325805664,709342516,-0.024720374648667044,0.17884767194926937,0.31831982221061056,0.4672711426182444,0.3877738871989288,0.6095854893050106,0.5102430247133136,68.64054550859998,0.610599538397226,0.07792296669123436,48.03396522313739,1.0920146648631797,0.16384637125342735,0.3941303673313468,0.5082360021332071,-0.41870996707811725,False,False,True,False,47.630340576171875,32.43586730957031,False,False
2024-11-29,44.924110412597656,755020169,0.047498107559128123,0.041689695655778194,0.3040460279446711,0.539282314425817,0.4821371106362383,0.6783204603411208,0.5575848876425694,71.71154661610046,0.590285506449653,0.07286140099047683,47.97082304917984,1.0876207478229252,0.19687682727806746,0.44402451776689583,0.5781298097896035,0.06439435388361803,False,False,False,True,47.630340576171875,38.65792465209961,False,False
2024-11-30,44.89286804199219,738899863,-0.0006956896658760385,0.07882683416689445,0.2456593032113511,0.5847183837697032,0.5513296230547784,0.7386394498928021,0.6432651629563023,71.59834292848977,0.513650709783871,0.07156653302007746,48.02409226947786,1.0652294541916383,0.17582289827499137,0.4269878641651919,0.5733501238599696,-0.021350828311448744,False,False,False,False,47.630340576171875,38.65792465209961,False,False
2024-12-01,45.09182357788086,737035871,0.004421993485903329,0.07000650556732382,0.2608642502147149,0.5982371621439744,0.5746915598637107,0.7010310253774998,0.6870601909793422,71.90252631428795,0.41925245032118985,0.06904746362050489,49.51902122762059,1.0617010118374006,0.16677371012102837,0.4184651060811422,0.5774447104336269,-0.002522658472870809,False,False,False,False,47.630340576171875,38.65792465209961,False,False
2024-12-02,52.31305694580078,3304021551,0.14854506002576212,0.23405989608813996,0.3891663023244115,0.7755267671877222,0.7523280609562559,0.8946191239275347,0.9019405336792068,80.19395820089915,0.7658587140381039,0.06515976220579546,55.69138420689734,1.13681643934664,0.32237570477298283,0.6220098025211936,0.8243681316594714,3.4828504025416693,False,False,False,False,47.630340576171875,38.65792465209961,True,False
2024-12-03,50.999488830566406,2337355056,-0.02543038496370522,0.17576687071225028,0.39742538356232704,0.7731888535181788,0.6644818815350696,0.8453442318270493,0.9588740219990012,75.81144779451441,0.8242917573938602,0.06936592646874186,57.67048321545646,1.138111804833849,0.26070314582810766,0.560059580807338,0.7740497295357273,-0.29257269666035546,True,False,False,False,47.630340576171875,38.65792465209961,False,False
2024-12-04,52.81734085083008,1899587373,0.03502395225355314,0.1846426640460985,0.4527388106747587,0.8442115588361253,0.7207101114076617,0.9050123905116909,0.9281822212871583,77.63314751657175,0.8970014422084223,0.06861287115978026,57.917625156135585,1.1163483372743506,0.27160260296793803,0.5916866796787745,0.8323294921512492,-0.18729190581304644,False,False,False,False,47.630340576171875,38.65792465209961,False,False
2024-12-05,50.81978225708008,1436459355,-0.03855386870584381,0.17080916998892162,0.3496568419381911,0.750420390337171,0.6350978253404223,0.8767700843128634,0.9411226504200465,71.28038477146941,0.7293128478568196,0.07129935381824498,56.71818768548338,1.1354676028190198,0.19802253141176965,0.5107495188066222,0.7583950349747113,-0.24380453596540097,False,False,False,False,47.630340576171875,38.65792465209961,False,False
2024-12-06,52.589290618896484,1051746898,0.03422680532134645,0.15753786775114,0.19922756340691827,0.6654414216420698,0.6832276369758938,0.8807243615712882,0.8385142689047793,73.36001976029641,0.6584809436645243,0.06880137350859412,56.89377601275122,1.0842782514907616,0.21471697905561124,0.5401595852698033,0.8157102935781896,-0.26781993911689894,False,False,False,False,47.630340576171875,38.65792465209961,False,False
2024-12-07,51.6760368347168,597601547,-0.017518328714042092,0.14071522870297415,0.2195420628698685,0.6350673503105638,0.6741686499104556,0.8001538875097258,0.8642704693567108,70.5217408670795,0.4793616378965533,0.06737336274719376,55.16310593243223,1.092709649743699,0.17072107488158247,0.4927996167713093,0.7809471037449882,-0.4318009892528345,False,False,True,False,55.697444915771484,38.65792465209961,False,False
2024-12-08,53.933502197265625,814725035,0.042757677027599826,0.17905091224467046,0.24905741781199425,0.6282052679773286,0.7386851428068584,0.8155623141885623,0.9156021683764105,73.27431354810197,0.44301494311401424,0.0650341952489388,54.15088287766545,1.0907212396291168,0.1968041569284262,0.5351080028392706,0.8542931216145321,0.3633248425978388,False,False,False,False,55.697444915771484,38.65792465209961,False,False
2024-12-09,45.23026657104492,1930934570,-0.17598536977649834,-0.1454795175575901,0.08858037853054973,0.39673365580430314,0.55927089893398,0.6188277675823592,0.7948331963754766,52.80319769633824,-0.20243534284270037,0.09248352988170515,48.9041236518261,1.2807273015029932,-0.008378041102785228,0.275555777537928,0.5532715023244166,1.370044477643921,False,False,False,False,55.697444915771484,38.65792465209961,False,False
2024-12-10,44.63996505737305,1441194376,-0.013136941842332125,-0.13318607443621694,0.042580796276033284,0.333435287374381,0.4874878493722649,0.6503076840201912,0.7404148588406009,51.74722029993854,-0.6776144960397197,0.0949490711062753,42.099410514608365,1.2767756420245813,-0.03303699250044803,0.24702850045885769,0.5312521688950272,-0.25362858048576964,False,True,False,False,55.697444915771484,38.65792465209961,False,False
2024-12-11,48.37092590332031,865434227,0.08026939344270373,-0.08794063324706644,0.09670203079903197,0.30209142737985273,0.5245300497671738,0.6996421263306778,0.8153182880956789,57.52849407981835,-0.7438440364781718,0.08940817562431194,36.37963664633113,1.2501261775505559,0.03373358601248264,0.3357554693618015,0.656368119423986,-0.39950207868421495,False,False,True,False,54.33829879760742,38.65792465209961,False,False
2024-12-12,53.11970138549805,1824782725,0.09364895489392196,0.04426219035269948,0.21507136034162108,0.4448137776408764,0.5993561617108181,0.7555829868303521,0.9293263769234885,63.51959315632173,-0.48363009705423643,0.08483466338396163,37.03674820210805,1.2641855059103817,0.12318182212679182,0.4457665787957601,0.8138974313593643,1.1085169364349627,True,False,False,True,54.33829879760742,41.21001052856445,False,False
2024-12-13,52.70176315307617,948118176,-0.007898972241663362,0.002136412789689744,0.1596742805408296,0.4641074208376937,0.5951893336672953,0.7326396467010339,0.9618745740665497,62.68155507863787,-0.36107386146238607,0.0834292554579368,36.087378841766125,1.257889639221954,0.10129086845480914,0.41447392858372323,0.7951915972390886,-0.4804213329014281,True,False,False,False,54.33829879760742,41.21001052856445,False,False
2024-12-14,49.83277130126953,706207493,-0.05597608553913322,-0.03632134403540154,0.10439388466757253,0.469516124771435,0.5696596290474613,0.7374046294674391,0.8934136122881459,57.11124269722546,-0.48682096365685545,0.08806115957686471,34.18032023139946,1.2538654016899493,0.03293154743260739,0.3198038520104043,0.69376124589941,-0.25514823903133355,False,False,False,False,54.33829879760742,41.21001052856445,False,False
2024-12-15,50.754615783691406,755577878,0.01832973932521729,-0.06074928173778398,0.11830163050688643,0.42607396227158495,0.5932627966827347,0.7691841044152763,0.8982735121385351,58.39074981856564,-0.518576034440982,0.08465190391217464,31.533167630254294,1.242861172797834,0.04193360876940882,0.3263954706238961,0.7208188767646627,0.06990917752836712,False,False,True,False,55.19392013549805,41.21001052856445,False,False
2024-12-16,48.99325942993164,862749862,-0.03531983919529449,0.0799162488434199,-0.06556326871417008,0.33306308800884643,0.5862222699944667,0.7237464950942774,0.8557830605526101,55.01364955783316,-0.659807736821147,0.08644265148189066,29.299128268945555,1.2442418813794565,-0.0005996928339167536,0.2649859230859515,0.657446373689969,0.14184108232983506,False,False,False,False,55.19392013549805,41.21001052856445,False,False
2024-12-17,47.83877182006836,743674965,-0.02384628933816653,0.06920690134758557,-0.06397917308863141,0.3199997521881405,0.5320466195467922,0.6635200521609307,0.8125431057213247,52.85580897965591,-0.8220208909807951,0.08698150225198907,27.702841628814863,1.2479626187615123,-0.028042119071051884,0.22156294010007638,0.6151707822692077,-0.1380178684977872,False,False,False,False,55.19392013549805,41.21001052856445,False,False
2024-12-18,42.80390930175781,1142828284,-0.11120699941266245,-0.12226949150778062,-0.21021012475484702,0.18854974485941256,0.420555668098127,0.47362611395816606,0.6464479600586127,44.6335148107761,-1.234644240557481,0.0992740699452194,27.731506755976774,1.3175554959611193,-0.13030522046421564,0.08416344154316956,0.4434633270511894,0.5367308808089297,False,True,False,False,55.19392013549805,41.21001052856445,False,False
2024-12-19,38.91089630126953,1306741716,-0.0953551152694915,-0.311273561671194,-0.2670113713184946,0.1268840957915418,0.29621660460293,0.34346102327787226,0.5031080138442211,39.514987172615854,-1.7069052789315222,0.11212251273995942,32.64937368356034,1.3580387948762398,-0.20454458387346408,-0.020747424673829725,0.31130078616500506,0.14342787476897967,False,True,False,False,55.19392013549805,41.21001052856445,False,True
2024-12-20,39.81724548339844,1322742516,0.023025800071230573,-0.2803487893583001,-0.2782123765686106,0.1701993707216507,0.3610777536664485,0.35755131540640467,0.454799558910095,41.20548702930537,-1.8816148965522017,0.1136088922744583,36.02491906706835,1.356599570656344,-0.181771078007785,-0.005347275692036259,0.3407656688164956,0.012244806914850193,False,True,False,False,55.19392013549805,41.21001052856445,False,False
2024-12-21,37.401676177978516,676474348,-0.06258460103525432,-0.2869573048544212,-0.3232786488898228,0.04308666965567261,0.30376125395914466,0.31346724251757824,0.34383446272169244,38.14550178679614,-2.068374977631255,0.12245365576217936,41.22972238216074,1.359642366157196,-0.22528872521377757,-0.0715391608430288,0.25914461744693335,-0.4885819879399719,False,False,False,False,55.19392013549805,41.21001052856445,False,False
2024-12-22,36.51603317260742,512824679,-0.02396409186645558,-0.32925113604609424,-0.3900004177838781,-0.1655335060634022,0.314479381468924,0.2869493005084776,0.2957910517815081,37.058875041775664,-2.1505472164475954,0.12208973883270113,46.321456871390744,1.1899476454647298,-0.23105300875365448,-0.09908325208412957,0.22933018798027832,-0.24191555745436777,False,False,False,False,55.19392013549805,41.21001052856445,False,False
2024-12-23,39.02850341796875,789241250,0.06654080691205447,-0.22739048993874525,-0.1474742410953252,-0.06115987097435538,0.37464440227501566,0.31502835278902175,0.3697554724491306,42.09802570824919,-1.9410970362280948,0.11314327504882048,48.89058470289608,1.2097994954297053,-0.1676549543495089,-0.044400138031481455,0.3132247831419449,0.5390079345225895,False,False,False,True,55.19392013549805,33.67742156982422,False,False
2024-12-24,41.21257781982422,650595703,0.05445126059904266,-0.14909294000153622,-0.07988603865395055,-0.019950932460786924,0.5041573310339484,0.41221788651055974,0.4623312446166566,46.13521366600593,-1.5763766007199944,0.10672536153671713,49.13867694264514,1.2247968680103845,-0.11006356488183149,1.3510456391704364e-05,0.38491896852623836,-0.175669412869639,False,False,False,False,55.19392013549805,33.67742156982422,False,False
2024-12-25,40.24849319458008,392462926,-0.023670929649537212,-0.06155687023841097,-0.18382636174619157,-0.02811353161527,0.4608505458443791,0.32246332464365157,0.5127927290708213,44.65511977162915,-1.3307702984777436,0.10490685060631316,50.119234819341116,1.226371842500392,-0.12084742171338848,-0.031022598070979797,0.35071543400623156,-0.3967637287023398,True,False,False,False,55.19392013549805,33.67742156982422,False,False
2024-12-26,37.28079605102539,504900895,-0.07659422411487139,-0.04279597908379087,-0.35406954075498503,-0.13757039614232586,0.37071377142798584,0.20241568818819147,0.46299675594959866,40.362486846503195,-1.297530290968017,0.1120875165966485,51.51778616655061,1.2476482300008966,-0.17182469977615017,-0.10687631425304403,0.25021661496903524,0.2864932240758966,False,False,False,False,55.19392013549805,33.67742156982422,False,False
2024-12-27,36.48052215576172,472646946,-0.021699864305445286,-0.08752164346046669,-0.36787043281876686,-0.1854184193674762,0.32888770198746686,0.21814399235258364,0.465365432065662,39.26632052093651,-1.2578626366914685,0.11149825928853017,53.058357886300435,1.243970859169142,-0.17568964766737102,-0.12984111892360337,0.22251708675969845,-0.06388174257445112,False,True,False,False,55.19392013549805,33.67742156982422,False,False
2024-12-28,37.66184616088867,315276472,0.03186906524083589,0.006932022815623493,-0.28002528203879784,-0.12882897947797325,0.3384421631402711,0.2589449077209554,0.48075650982703727,41.779866304634325,-1.0869178299131517,0.10355281592667283,51.505352534982265,1.2490059434850813,-0.13305903547733783,-0.10545529440659408,0.260812047846039,-0.33295565608076516,False,False,False,False,55.19392013549805,33.67742156982422,False,False
2024-12-29,35.826663970947266,338847922,-0.04995512398903931,-0.019059009306960244,-0.3483101453530544,-0.2262822110261406,0.3130001033996764,0.25585489961009755,0.45203824931498005,39.07438697387925,-1.0326813291175685,0.10539424691645628,54.124154288319424,1.2443916683426863,-0.16627978894641363,-0.1512253738260119,0.19886297243848264,0.07476438013427145,False,False,False,False,55.19392013549805,33.67742156982422,False,False
2024-12-30,35.90605545043945,608777704,0.0022135369340262425,-0.08338627928498846,-0.31077676922373376,-0.2233729844262384,0.3613453993434648,0.3279566386285401,0.5152664654665636,39.257638768919385,-0.9299011920605234,0.1020587375959819,56.404662682560655,1.2446344937377825,-0.1558537947267598,-0.15092292378280095,0.20053080779931157,0.7966104097873146,False,False,False,False,55.19392013549805,33.67742156982422,False,False
2024-12-31,35.6909294128418,342457823,-0.006009378339193378,-0.14384691822322454,-0.2929398582247607,-0.23380435625133505,0.3644328058926394,0.34088720361237557,0.4672266691261649,38.916067725483664,-0.8187587358396542,0.09972006766794782,57.44691896222022,1.2439142459015236,-0.14821531776600438,-0.1559827979914166,0.19226170061007872,-0.43746654854495126,False,False,False,False,55.19392013549805,33.67742156982422,False,False
2025-01-01,37.69343948364258,334807162,0.054589481878745356,-0.06558650669494204,-0.12714337693335287,-0.327759934398352,0.44776683278937024,0.424568126557904,0.5668591895291829,43.816475974754496,-0.5648107387687014,0.0931910845312472,53.45462192356811,1.1335657125498273,-0.0835544798360467,-0.11016228675067542,0.2575373401476139,-0.02234044745416719,False,False,False,False,55.19392013549805,33.67742156982422,False,False
2025-01-02,39.22916030883789,522067297,0.03993429537094709,0.05094201279087656,0.008146033707085583,-0.2623952540636997,0.510793599454479,0.40208662747137,0.5829489777633496,47.307677092719906,-0.26316945015825177,0.08826639679495696,47.66700473255218,1.1459002523452184,-0.03033507057019703,-0.07656589386636316,0.30676908402539255,0.5593074350064231,True,False,False,True,55.19392013549805,34.870948791503906,False,False
2025-01-03,41.88275146484375,617233780,0.06545372694244424,0.13809560403876592,0.05057396057829918,-0.23196547937480874,0.6122460794613166,0.4887446320328532,0.6730469111368823,52.76901801228556,0.1244922242030213,0.08227465345258392,43.28462415471151,1.1652815731996198,0.04552905380681088,-0.019053399617886498,0.39205584092273243,0.1822877693103233,True,False,False,False,55.19392013549805,34.870948791503906,False,False
2025-01-04,42.681068420410156,451368108,0.01888137677791821,0.12510791557584836,0.13203993839147177,-0.17453023389104666,0.5758901564461245,0.46056759144937565,0.7022398504218167,54.303496963680864,0.42706493613617114,0.0780242419074055,36.71942337893504,1.1633809100318142,0.07630364202345803,-0.004800736390382699,0.4148129259462767,-0.2687242295779728,True,False,False,False,55.19392013549805,34.870948791503906,False,False
2025-01-05,43.0792350769043,394208895,0.009285636854845979,0.1843486764197335,0.1652896671127733,-0.1994714023575472,0.4659700192845226,0.4837562346183467,0.6812529592137408,55.08724749896475,0.6339341486907262,0.07486193095049885,31.142644289640703,1.1558038151775916,0.09450586590870352,0.0007663114210816297,0.4241905572401819,-0.12663547110864992,False,False,False,False,55.19392013549805,34.870948791503906,False,False
2025-01-06,44.097415924072266,676573179,0.02336008865443799,0.20549522814014526,0.12210894885515684,-0.1585929849890671,0.47647436532149673,0.5155756649213884,0.6415609025206588,57.11290596033943,0.8080968289884416,0.07261016011608803,26.789808865678705,1.1597538203888467,0.12572493197274676,0.01998409559091033,0.4538733236732661,0.7162808540887948,False,False,False,False,55.19392013549805,34.870948791503906,False,False
2025-01-07,39.26634216308594,718791551,-0.11603346649272459,0.09547113998661426,-0.04837577823661029,-0.3173841285093913,0.31082113946793716,0.42130101429746697,0.498178185679171,46.41580958035791,0.5775022127054359,0.08528678569576739,25.526384870593905,1.2082082060112949,0.00694333985035693,-0.09336111200203345,0.2920781019103916,0.06240030392928131,False,False,False,False,55.19392013549805,34.870948791503906,False,False
2025-01-08,37.422332763671875,692004532,-0.0481000594910628,-0.007218401383193927,-0.07280490807813589,-0.1894988182239557,0.20723483758034753,0.3697720807100242,0.4293289493584035,43.09770592040622,0.29461294007174066,0.08975160660962982,25.817415957899826,1.0612619807844168,-0.038509177412083186,-0.1371926683361155,0.2290130254419282,-0.03726674160642718,False,True,False,False,55.19392013549805,34.870948791503906,False,False
2025-01-09,36.18815612792969,482489077,-0.0335357724155885,-0.08068846916972955,-0.029746456378853085,-0.20989764879721226,0.12353763857716882,0.27759020057505274,0.44041003522297906,40.985884433249296,0.032022532889599,0.09074141372870614,26.548500035946265,1.0652895567508693,-0.06586379895054446,-0.1666478324755484,0.1863110618441143,-0.30276601570002437,False,True,True,False,44.97941970825195,34.870948791503906,False,False
2025-01-10,36.68634796142578,504078948,0.013672809192542597,-0.13246938691963106,0.005626217119134928,-0.2764942330473733,0.025597194332479378,0.24803581671980038,0.42314789328330454,42.21674545011514,-0.0935967928790884,0.08682871151298267,26.81315318445047,1.0210337280755106,-0.05212869545551471,-0.1555105693804444,0.20031028658674507,0.044746859626834556,False,False,False,False,44.97941970825195,34.870948791503906,False,False
2025-01-11,37.095218658447266,264638508,0.011083388474078077,-0.1402673752234712,-0.0151594596476228,-0.3590597994672173,0.08575397817365897,0.24029636224360065,0.39652318736313485,43.26265987377501,-0.13226706599144067,0.08292527675529854,26.5716998281487,0.954807849736088,-0.04228122462767603,-0.1437356031618541,0.21137004926612915,-0.47500583182458156,False,False,False,False,44.97941970825195,34.870948791503906,False,False
2025-01-12,36.55796432495117,241246915,-0.014589019531216368,-0.1641420316095335,0.020206644810200045,-0.36574984675677025,0.09835757408092348,0.22943948691052496,0.3668897999442635,42.18221610465577,-0.17449022349450027,0.08083386689539504,27.08984368650021,0.9547341074207529,-0.0531322251711,-0.15421119828298707,0.19173300591088638,-0.0883907379042509,False,False,False,True,44.97941970825195,35.56924057006836,False,False
2025-01-13,35.28932571411133,572190127,-0.03531853413735817,-0.22282065440132956,-0.01732542626118426,-0.3450922953549952,0.12442382941643987,0.2245673336924661,0.39231233411244393,39.66326305141076,-0.2630043898340364,0.08652620211026163,27.546845776939126,0.9454846545866433,-0.0789252077523162,-0.18100246523181668,0.1489926218426862,1.3718028767331596,False,False,False,False,44.97941970825195,35.56924057006836,False,True
2025-01-14,36.50234603881836,291606376,0.03379600305037125,-0.0729911848582339,0.022479955128380375,-0.3296260316298414,0.09644793064174348,0.26363676505289335,0.43955807278543496,43.158457728804635,-0.21691968898058356,0.08083531102134828,27.565844629757898,0.9531349172139695,-0.04258391325082975,-0.15092192576690633,0.18682473048060494,-0.4903680398525996,False,False,False,False,44.97941970825195,35.56924057006836,False,False
2025-01-15,39.852821350097656,500173934,0.08781666842068928,0.06292554305351826,0.05570714167032427,-0.20648952401385753,0.1265735639949889,0.379732745980609,0.5172569710804198,51.51324995333596,0.0480149256539435,0.07526886087807005,27.665250449366784,1.008723452273825,0.04178134135094746,-0.07172309405331516,0.29321134539628746,0.7152366174599694,False,False,False,False,44.97941970825195,35.56924057006836,False,False
2025-01-16,40.04843521118164,481653335,0.004896399889521856,0.10135771535862863,0.02066924618889911,-0.17774683478616923,0.1422529174019713,0.35429978476062296,0.4857732173747615,51.95724243357946,0.23478679298836935,0.07319573885174367,27.481188969154758,1.0076214867341862,0.04203541014301085,-0.06548456720108024,0.29730936722043017,-0.03702831703341025,True,False,False,True,44.97941970825195,32.96311950683594,False,False
2025-01-17,41.39154052734375,432536419,0.03298692299447017,0.12067182916055609,-0.011797557759074921,-0.03355291237903655,0.15499683248037593,0.38700275571909043,0.44007320157912944,55.00389273906008,0.4354719719877065,0.06877867874601748,28.07086464667773,0.9413424508952642,0.07178165956644451,-0.03349027203552812,0.33809182697190143,-0.10197565848890056,True,False,False,False,44.97941970825195,32.96311950683594,False,False
2025-01-18,39.24570846557617,500077820,-0.05323442506982046,0.05635401561665771,-0.08391335960681358,0.00856777782063437,0.13545187361217614,0.30478438242356437,0.3520288010985066,49.592814842115814,0.4107091351165967,0.0732678595360125,27.17637168945226,0.8987735603235004,0.011739490903229118,-0.08115970851525883,0.2665513945007878,0.15615194012137046,False,False,False,False,44.97941970825195,32.96311950683594,False,False
2025-01-19,35.575374603271484,860313012,-0.0981884259149587,-0.027245390767084657,-0.19138742237661813,-0.11264644816555479,0.057552922556096,0.2484313055008937,0.24490486724084987,41.984716637342096,0.14771172578625102,0.08551438192592838,27.384092194064042,0.9576905693262782,-0.08248924406427709,-0.16344157840990786,0.14642063140603676,0.7203582674392557,False,False,False,False,44.97941970825195,32.96311950683594,False,False
2025-01-20,35.95790481567383,1168790460,0.010695269724343136,0.01876841309461662,-0.20405224130671304,-0.03936657740595733,0.003720092249715429,0.2643946765531875,0.27410066511162084,42.966759076427515,0.0074879127050730965,0.08803460480230667,27.22093374831883,0.9348723722027357,-0.07294271576794273,-0.15079842785057485,0.1566024513890418,0.358564201281661,False,False,True,False,41.79570770263672,32.96311950683594,False,False
2025-01-21,36.922481536865234,514450441,0.026471677663897596,0.011444087708143032,-0.06154709715009079,0.01106919212439587,-0.15446431393900614,0.3255485735933201,0.29801849263287367,45.47317845424684,-0.01130524281992984,0.08533305952249143,27.46722175707779,0.9360432272577642,-0.04712725614658833,-0.12163321661006704,0.1853812070058377,-0.5598437370886822,False,False,False,False,41.79570770263672,32.96311950683594,False,False
2025-01-22,36.75145721435547,306071928,-0.004642744303129164,-0.08101532501567536,-0.0180897819621572,-0.06011435909078776,-0.1212742300651431,0.31453004318422784,0.25491399369823414,45.094772748220926,-0.025448485127356202,0.08179458461280603,27.88905844207622,0.9051275233151959,-0.048498853066279254,-0.1197344181630087,0.17813023442757725,-0.4050507034165416,False,False,False,False,41.79570770263672,32.96311950683594,False,False
2025-01-23,35.59188461303711,459399067,-0.03206022540088954,-0.11797195030608679,-0.016614234947458274,-0.14662584509071985,-0.16657677755150677,0.3575314859432285,0.2655920414198399,42.511705888206016,-0.0989646792606722,0.08266767779265898,27.786970073338406,0.8873396622904296,-0.07095462116383755,-0.14041535648139444,0.1391529730292548,0.5009513286693839,False,False,False,True,41.79570770263672,34.549495697021484,False,False
2025-01-24,35.338050842285156,561930582,-0.007157340627138542,-0.15811621392769556,-0.03744438476713947,-0.13011225606832125,-0.15822578768359127,0.33073828977605796,0.19235106857533046,41.94529854611323,-0.1478131522587922,0.08157582412564743,26.740862175759357,0.8848059084646193,-0.06865469714410985,-0.14011548987201328,0.12920077981030778,0.22318616289222892,False,False,False,False,41.79570770263672,34.549495697021484,False,False
2025-01-25,36.62107849121094,633077814,0.03566367875629619,-0.06921811010157901,-0.012864094484921401,-0.017854353197153686,-0.15542474933947956,0.3528594182308323,0.18456133499103772,45.87103686676472,-0.08022385638084917,0.07748389363157702,24.007743843447386,0.855581334126683,-0.026555767459468468,-0.10191632370162076,0.16829512720027356,0.12661213729777043,False,False,False,False,41.79570770263672,34.549495697021484,False,False
2025-01-26,35.85732650756836,351844441,-0.02107607790392701,0.007894237909452664,-0.01935115285763202,-0.017230566795635397,-0.2026489861631116,0.3116571351918315,0.2009134255569482,43.965165090442326,-0.07363461342554989,0.07801540202773331,18.577012653966996,0.8553904153956319,-0.03630333747802515,-0.11377037969063439,0.14209161450110883,-0.4442319202801822,False,False,False,False,41.79570770263672,34.549495697021484,False,False
2025-01-27,34.199623107910156,686036211,-0.047333288017077535,-0.05013431983196805,-0.031365906737351366,-0.09643292005354874,-0.225261899531522,0.24200924308672225,0.16251198766740663,40.07336850999399,-0.16250650363654362,0.08234202466874224,19.249364475685894,0.8621667524995029,-0.07455454098677831,-0.1464148418121876,0.08773754503235183,0.9498281941024045,False,False,False,False,41.79570770263672,34.549495697021484,False,True
2025-01-28,32.12329864501953,347595465,-0.06263304242468033,-0.13923903992054593,-0.1277949522124028,-0.10911083848918982,-0.3353930495153304,0.20388926491048653,0.14674406112090788,35.79888188681156,-0.3328978044748858,0.0872086548116847,22.472024055144395,0.871896546767489,-0.12446283292256505,-0.1929573806919935,0.020700825400080572,-0.4933278164816871,False,True,False,False,41.79570770263672,34.549495697021484,False,False
2025-01-29,32.775238037109375,406122843,0.020091711041367165,-0.11450458457604962,-0.1955199095917251,-0.09123266438184884,-0.3146056488080872,0.27011273496161586,0.23672397424669112,38.0338896403715,-0.3705815321150765,0.08329787780104639,24.426233437333686,0.8756285619908639,-0.10251966732849653,-0.1716401607385026,0.04027515578577928,0.16837785268573624,False,False,True,False,38.1331901550293,34.549495697021484,False,False
2025-01-30,34.310176849365234,314772918,0.04576871892450977,-0.0366756402506504,-0.15464759055673719,-0.03945456711814572,-0.2732589233694808,0.3249782387744936,0.30143263649422974,43.059898047831034,-0.26591569015531147,0.078344211972857,25.06254461822921,0.8918940829081053,-0.05742211804616038,-0.12663884914553777,0.0876229864737151,-0.22493175790163566,False,False,False,False,38.1331901550293,34.549495697021484,False,False
2025-01-31,34.39764404296875,408161766,0.0025460635985136005,-0.026972236024998413,-0.18508844995269397,-0.09149798539837757,-0.4192579197967295,0.35626884739099274,0.3330701411595264,43.341911419980775,-0.16928283362505647,0.07728398444096413,25.535453284371933,0.8690168838639817,-0.05150462080003855,-0.11598654005348295,0.08926609055844958,0.2966864131557849,True,False,False,True,38.1331901550293,31.88039207458496,False,False
2025-02-01,32.1812629699707,298434498,-0.0666036870699638,-0.1292396018512583,-0.19845771195283723,-0.19803596783928834,-0.46043122190298813,0.31275763161519066,0.20405065963208152,38.18145767456896,-0.22939093509942454,0.08366331510734022,27.500525761652288,0.8820489123955222,-0.10723288068880259,-0.16413084639773862,0.018410879534532718,-0.2688327941035026,False,False,False,False,38.1331901550293,31.88039207458496,False,False
2025-02-02,27.576316833496094,826871839,-0.15442706922714095,-0.26259059317447225,-0.25469635526501955,-0.41791676400887356,-0.6498822433836823,0.19432931545244314,0.07082786802397968,30.149451257230425,-0.5365000803563762,0.10657105924454122,34.66618994734467,0.9835751048513561,-0.22670934729126857,-0.27536066704197326,-0.12736223028875823,1.7706979070496067,False,True,False,False,38.1331901550293,31.88039207458496,False,True
2025-02-03,28.41798210144043,1827441235,0.03006479877000712,-0.1851925063873875,-0.23532682621935555,-0.4067333420167846,-0.5812635759078312,0.1691568144293398,0.053834249432591,32.926736672423345,-0.6335127180240705,0.11256049044581524,39.26198728429101,0.9890291548160678,-0.19397115026468495,-0.24437337952888702,-0.10091022698045374,1.2100658757590121,False,True,True,False,36.104000091552734,31.88039207458496,False,False
2025-02-04,26.524229049682617,673184054,-0.06896349835120653,-0.19152296231391364,-0.3307620022344597,-0.48498247722283705,-0.6844538795803843,-0.0190124579383145,-0.0012262426044903061,30.033249032526356,-0.7668794753048234,0.12014051567791846,43.711783207758394,1.0038322372401827,-0.23318993606382973,-0.2861986224012504,-0.16060397447189934,-0.6316247871029352,False,False,False,False,36.104000091552734,31.88039207458496,False,False
2025-02-05,25.872116088867188,369790684,-0.02489282916150744,-0.2365075025167882,-0.351012087092838,-0.5332353950387824,-0.6918283800278495,-0.056761029717285694,-0.01765973011739401,29.08541483668742,-0.8350545413136565,0.11900351399461977,47.36620102092996,0.9939804740362052,-0.23639480127827783,-0.29541753222815864,-0.18081858122056912,-0.4506841304354485,False,False,False,False,36.104000091552734,31.88039207458496,False,False
2025-02-06,24.507278442382812,359084186,-0.05419563715888907,-0.336471858600187,-0.3731474988508374,-0.47139756570494706,-0.7887816942143384,-0.16057642623700974,-0.05009655140747993,27.15387065976539,-0.9023760347628014,0.12375244373758114,49.858973654848775,0.9389200665179537,-0.2581941510742468,-0.32586844444891405,-0.2230369139704196,-0.028952860261888036,False,False,False,True,36.104000091552734,22.202606201171875,False,False
2025-02-07,24.450775146484375,374747957,-0.0023082339612652634,-0.3413261561599659,-0.36829839218496424,-0.4256057401751494,-0.6151045583991052,-0.21837090259480205,-0.05583365946512533,27.07371122484544,-0.8800818822759555,0.1222403942912807,52.792042889352665,0.9326044683718263,-0.24295322020942134,-0.32202930592663137,-0.22391689488498523,0.043621444805146625,False,False,False,False,36.104000091552734,22.202606201171875,False,False
2025-02-08,24.599567413330078,191355666,0.006066939208686358,-0.2686555298813156,-0.39789513173257385,-0.3860030285508745,-0.5959006773480867,-0.26246538997370567,-0.10841282797582184,27.679160305610424,-0.7876797075342719,0.11522852980782121,56.75758785846284,0.9324935040364792,-0.22518081576224525,-0.3120983180172264,-0.2185440855229136,-0.4893750254654491,False,False,False,False,36.104000091552734,22.202606201171875,False,False
2025-02-09,24.912887573242188,277872000,0.012656384838695968,-0.10157207581547878,-0.3641626689899509,-0.3870194529047213,-0.6635136859520947,-0.36142225857224203,-0.13898363618492077,29.01559916429089,-0.6438839901956284,0.11059238252215692,59.37032324274549,0.9321360774744629,-0.2014212940239069,-0.2984364133884835,-0.20815269829746713,0.45212318928669726,False,False,False,False,36.104000091552734,22.202606201171875,False,False
2025-02-10,25.63951873779297,320056403,0.02874961910102019,-0.1028872554844658,-0.28807976187185336,-0.36935322227777917,-0.7284130217449964,-0.28359924410412013,-0.12905686003417854,32.14718189110425,-0.4475697205254665,0.10536944824823413,59.87774289053112,0.9398619965398346,-0.1629930804937689,-0.2735237463576213,-0.18484740763417404,0.15181235604882826,False,False,False,False,36.104000091552734,22.202606201171875,False,False
2025-02-11,25.39145851135254,372729241,-0.009722023510044633,-0.04364578064330394,-0.2351687429572177,-0.36448622625660754,-0.7302360730133778,-0.266128652175684,-0.1350467393460826,31.634102832971024,-0.28981138370652504,0.10449072948303324,59.805471860848144,0.9398668936339155,-0.15543065590853536,-0.27494921998071564,-0.1923080097505233,0.1645736111081646,False,False,False,False,36.104000091552734,22.202606201171875,False,False
2025-02-12,26.493667602539062,452352647,0.04249290765292483,0.023739956171128205,-0.21276754634565997,-0.2866747844663246,-0.6317670798213197,-0.16225095504988477,-0.06210745077385845,36.48486667636692,-0.07765753920362206,0.09996679851010029,59.05270149397539,0.9547948354443323,-0.10523007459530596,-0.237062531306716,-0.1570338550521345,0.21362264411125187,False,False,False,True,36.104000091552734,23.755592346191406,False,False
2025-02-13,25.416154861450195,290056934,-0.04152075602433144,0.0364148373056859,-0.3000570212945011,-0.36199154354102714,-0.6916175751708684,-0.2655436128992837,-0.09835477848813383,33.94892234411519,0.018541142735209792,0.10082377288752453,58.453802035543475,0.9478707983583997,-0.126994020714035,-0.26178541843305375,-0.19106239459894964,-0.3587813934025681,False,False,False,False,36.104000091552734,23.755592346191406,False,False
2025-02-14,26.39476776123047,338474858,0.037780809629397366,0.07650388089634866,-0.2648222752636172,-0.4120274023323191,-0.6185169263461767,-0.2854538383373301,-0.032294656351709985,38.153435700252565,0.16819335723675177,0.09513202274894307,54.86389087206397,0.8961664599317946,-0.07717263737507163,-0.22848266068906414,-0.15982336794517005,0.16692558709870386,False,False,False,False,36.104000091552734,23.755592346191406,False,False
2025-02-15,25.489839553833008,192755887,-0.03488587575414036,0.03555106593352179,-0.2331044639477939,-0.45180967797598126,-0.6295565127621506,-0.30955676057401,-0.09750989321535836,35.87904743521702,0.22291765416108467,0.09576066403801452,51.30295281585978,0.8965002080890612,-0.09236145952560564,-0.2501155414825348,-0.1885186062796739,-0.43051638121966507,False,False,False,False,36.104000091552734,23.755592346191406,False,False
2025-02-16,24.837257385253906,208197236,-0.025935084145395533,-0.0030404030505696436,-0.1046124788660484,-0.510731685115847,-0.5442845974948837,-0.35573485263547117,-0.12372892939675666,34.29151227609802,0.2308702935805922,0.0934804129810871,48.93039908139853,0.8801640630933275,-0.10060680644692861,-0.2637583539048646,-0.20918287060316762,0.08010831337151325,False,False,False,False,36.104000091552734,23.755592346191406,False,False
2025-02-17,25.0288143157959,330618844,0.007682894050280294,-0.024107128101309397,-0.12699438358577528,-0.4498143659957463,-0.44124658817511186,-0.31436249238357,-0.1450299835721819,35.197910009865396,0.2624352588378982,0.09021115451667032,47.781776925259074,0.8742496960352901,-0.08187688716081049,-0.2533000781006402,-0.20299561272802663,0.5880078446382448,False,False,True,False,27.17354393005371,23.755592346191406,False,False
2025-02-18,23.48827362060547,381480791,-0.06352643205523793,-0.0779115366465027,-0.1215573172898067,-0.4151523721360255,-0.5277988203015803,-0.3575994495799295,-0.16672106663513178,31.44159583675072,0.1960087178276959,0.0958021095314721,46.202183014894786,0.8404408077079536,-0.12345738776361852,-0.2940291889568756,-0.2520391289154677,0.15383862088635225,False,False,False,False,27.17354393005371,23.755592346191406,False,True
2025-02-19,23.72795867919922,290366057,0.010152742214858826,-0.11025170208456858,-0.08651174591344044,-0.41569489964550976,-0.45506147705146704,-0.4119748073957945,-0.1513002230923224,32.645969068831576,0.18480829330250792,0.09099923432512784,40.13952365285496,0.8402435852488065,-0.09667614471864665,-0.28165937017858056,-0.24453222029316488,-0.23884488065874854,False,True,False,False,27.17354393005371,23.755592346191406,False,False
2025-02-20,25.14973258972168,352566834,0.05819321991603209,-0.010537726144205067,0.025877111161480733,-0.38397335739337535,-0.37290416526897935,-0.5384376713323815,-0.058424783800055356,39.44187103202574,0.2838266069155777,0.08426781396829583,28.96454023915858,0.8662877282393664,-0.02539277469014421,-0.2327896240853179,-0.19976440305181983,0.2142150416706592,False,False,False,False,27.17354393005371,23.755592346191406,False,False
2025-02-21,24.5191650390625,601404830,-0.02539220562607937,-0.07371074139968187,0.0027931394966667147,-0.4047228187163255,-0.4648371778071132,-0.5259970487814686,-0.09019277553209773,37.62850196681082,0.3151146510241909,0.08800944399087154,18.581523487045384,0.86685205273108,-0.035509676698894196,-0.24525183728611413,-0.2204447093785749,0.7057895752043426,False,False,False,True,27.17354393005371,22.955333709716797,False,False
2025-02-22,25.816495895385742,393255920,0.05155860515639843,0.01273373951085693,0.048284805444378694,-0.3211039881590376,-0.4677298332497575,-0.4876807657105443,0.036427497784191014,43.394700601198124,0.42462626576814744,0.08274846169091461,17.024399522232407,0.8929818020261522,0.019049531803259235,-0.19737869700891766,-0.17984172796784834,-0.3461044867231944,False,False,False,False,27.17354393005371,22.955333709716797,False,False
2025-02-23,24.88555335998535,256055664,-0.03672621465263466,0.0019426090036176436,-0.001097794046951873,-0.35067286218453375,-0.4807851182528549,-0.508898649868125,-0.019934572408475796,40.50117172141505,0.43425510798009315,0.08408326382558554,12.97450665320855,0.8974489323643458,-0.010800939890957083,-0.21766462030321113,-0.21005107074100332,-0.34888287504991655,False,False,False,False,27.17354393005371,22.955333709716797,False,False
2025-02-24,21.88091278076172,556184604,-0.12867275448275184,-0.1344130395294145,-0.15852016763072393,-0.5150092954235818,-0.5328636486207353,-0.6704340447630612,-0.16214987719274948,32.88063359372852,0.24744628374825783,0.09982752762314902,16.485581079829924,0.968559180125201,-0.12213374446482494,-0.30283036360038595,-0.30533379921870524,1.1721238082044536,False,False,True,False,26.475788116455078,22.955333709716797,False,True
2025-02-25,21.931367874145508,955836926,0.002303240777909586,-0.06858336669626705,-0.1464949033427697,-0.49162997674174513,-0.5088605435373807,-0.6942789629048569,-0.1799728415499137,33.10824175659505,0.141712051504002,0.0985127446626489,19.274016874168666,0.9708020056757344,-0.11309836216248517,-0.2912110541307827,-0.3037493471321576,0.7185605626724612,False,True,False,False,26.475788116455078,22.955333709716797,False,False
2025-02-26,21.797014236450195,528245201,-0.006144936262405693,-0.0848810451735315,-0.19513274725810012,-0.45044162498707346,-0.546874545040622,-0.6757035245185954,-0.2084323819003511,32.789380105770505,0.08021951411213646,0.09663433653752651,21.993863750387316,0.9648897901186927,-0.11367442053241733,-0.2875079515198016,-0.30803757367019935,-0.44734798726535074,False,False,False,False,26.475788116455078,22.955333709716797,False,False
2025-02-27,22.493072509765625,413198029,0.03143437456391418,-0.11163989052564943,-0.12217761666985442,-0.35637420799847885,-0.46548504648766864,-0.6917672575138093,-0.15248494308799226,36.21669527422638,0.10249246603903206,0.09221436755521205,23.314224966262444,0.9622450948793302,-0.08171578458444126,-0.25750873877139063,-0.28617460638535946,-0.21779122987243194,False,False,False,False,26.475788116455078,22.955333709716797,False,False
2025-02-28,22.368793487548828,742484608,-0.005540533697171212,-0.0917882185967412,-0.16549895999642317,-0.38200645273701717,-0.47323911711886607,-0.6966121015451043,-0.11189371777540118,35.86503419663384,0.12351480811385152,0.09328542266776758,24.614084240512483,0.9556572924771787,-0.08261209253339108,-0.25481245692541077,-0.29024019484651414,0.7969219499834546,False,False,False,False,26.475788116455078,22.955333709716797,False,False
2025-03-01,21.871139526367188,266943722,-0.022498901776140393,-0.16584572552928006,-0.1531119860184231,-0.45027407343766723,-0.48972864055581294,-0.7235329968071481,-0.12529583466317365,34.423627810046895,0.11854183468741875,0.09307421060490115,26.25514405321221,0.932442689283963,-0.09739192453359542,-0.264127364949258,-0.30608213089975883,-0.6404723826948342,False,False,False,False,26.475788116455078,22.955333709716797,False,False
2025-03-02,24.94097328186035,815445770,0.13134402654987334,0.002224515673227916,0.004167124676845735,-0.3214761104863074,-0.412974095884685,-0.7407340302830369,0.03479273690468539,48.24219760028722,0.32493474355881524,0.0854083604672091,25.899224894507018,1.0621665874278456,0.030783969431114725,-0.15392035067115242,-0.20918163410670265,2.0547478842750233,False,False,False,False,26.475788116455078,22.955333709716797,False,False
2025-03-03,20.9365177154541,607903958,-0.17501707102274458,-0.04411980086676481,-0.17853284039617925,-0.4298894944390882,-0.6279254622783766,-0.8903207163420762,-0.11713186282389759,37.22318763153128,0.2007830255837617,0.10960696322249454,28.23983435871923,1.1931963995465138,-0.12667620079481404,-0.28215647599733273,-0.3362369812783074,-0.25451332220412404,False,False,False,True,26.475788116455078,20.294767379760742,False,False
2025-03-04,20.008602142333984,762415239,-0.045332605200811206,-0.09175564684548554,-0.1603390135417525,-0.32079503041275853,-0.738711794421632,-0.9706772737964408,-0.12646571496031542,35.21592473209526,0.07184054730575262,0.11395606465760687,30.387862013516976,1.0880206818375688,-0.15393884159545768,-0.3067069396694499,-0.3656164530592237,0.25417054613090717,False,True,False,False,26.475788116455078,20.294767379760742,False,True
2025-03-05,21.728666305541992,558367629,0.08247012846076172,-0.0031405821223181034,-0.08802162729584963,-0.268389700722004,-0.6751230427387885,-0.8496532766298353,-0.09923288629266415,41.51211024615329,0.11547883253079627,0.10623692707353188,30.59954658735743,1.127372688227694,-0.07398672053167485,-0.23931923133025565,-0.31119638633927926,-0.26763317358088645,False,False,False,False,26.475788116455078,20.294767379760742,False,False
2025-03-06,21.02910804748535,488753037,-0.032724841185547256,-0.06729979787177966,-0.17893968839742902,-0.23215104355634467,-0.7171335207791817,-0.9166049231367289,-0.25116350149465927,39.8172105310593,0.11032195598996197,0.10716534797480108,29.954532232820824,1.1100443230483572,-0.09343471362711529,-0.25397714545866407,-0.33339466615753993,-0.12467519316023956,False,False,True,False,25.076040267944336,20.294767379760742,False,False
2025-03-07,20.0969295501709,552573508,-0.04534053077808583,-0.1070997949526942,-0.19888801354943547,-0.25259874517292313,-0.7858341402117055,-0.9444271252007727,-0.30935977489020877,37.61341241257741,0.05975482308357871,0.10898112309298316,31.02482389781202,1.1162952547980194,-0.12343134310729383,-0.2768094530405221,-0.36282978756034806,0.1305781574099969,False,False,False,True,25.076040267944336,18.983314514160156,False,False
2025-03-08,20.471092224121094,308597153,0.018446710860767362,-0.06615418231578646,-0.2319999078450664,-0.17995639715326658,-0.6513539628582135,-0.9687380913676049,-0.34053282339027635,39.071119411029976,0.06660768226528191,0.10468408575799464,31.674645685821783,1.1075255618594382,-0.09852768930326751,-0.25208416765339337,-0.3507659080629259,-0.4415274193709626,False,False,False,False,25.076040267944336,18.983314514160156,False,False
2025-03-09,17.957881927490234,320273559,-0.13098463240740052,-0.3284828412730602,-0.32625832559983214,-0.30863279559940177,-0.7342385357745512,-0.9237373539985069,-0.5270036981942038,33.42218091390343,-0.0753261680584103,0.12203860545887031,35.64188884580573,1.1900044469744566,-0.19669371417550874,-0.3335379666968927,-0.4299681220588027,0.03783705029838691,False,False,False,False,25.076040267944336,18.983314514160156,False,True
2025-03-10,16.28597068786621,527953869,-0.0977250799446019,-0.2511908501949174,-0.2953106510616822,-0.41242481475269,-0.7984278433035645,-1.0083254921007767,-0.6748902047263958,30.285208952155116,-0.24921481448988336,0.13714683121123172,43.09573355885335,1.2265600659570521,-0.25955518595583665,-0.3868073613591924,-0.48230118287988605,0.6484466299636056,False,True,False,False,25.076040267944336,18.983314514160156,False,False
2025-03-11,17.47471809387207,670199827,0.07045111281545723,-0.13540713217864897,-0.22716277902413456,-0.3546300867759287,-0.7416495396806501,-1.0181437727280234,-0.7160523453481707,34.95955041006562,-0.25088801515403336,0.1288524824373802,46.63145255176167,1.258372876539705,-0.19405180793851382,-0.33276223567843005,-0.44371354522927764,0.2694287632921959,False,False,False,False,25.076040267944336,18.983314514160156,False,False
2025-03-12,18.89916229248047,418884253,0.07836244191162654,-0.1395148187277842,-0.1426554008501024,-0.3050172639653224,-0.6743704862431017,-1.0334302857103188,-0.5886165080694427,40.1389605191673,-0.12891875562601252,0.11805751727415166,46.14524287293393,1.2900067196819927,-0.11560759135696216,-0.26830175826471536,-0.39757542250327044,-0.37498603233748673,False,False,False,False,25.076040267944336,18.983314514160156,False,False
2025-03-13,18.499713897705078,357447077,-0.021362330958335122,-0.12815230850057213,-0.19545210637235166,-0.31665757141361284,-0.6811437976702204,-1.0468936444269905,-0.5827862235892969,39.19632873452842,-0.0519493599735954,0.11777563184518956,46.126736035481954,1.2905949888075259,-0.12193311924701174,-0.27349938212552266,-0.4095114600777448,-0.14666862160607408,False,False,False,False,25.076040267944336,18.983314514160156,False,False
2025-03-14,18.569934844970703,299117682,0.003788599765053915,-0.07902317795743238,-0.18612297291012656,-0.3553618793014837,-0.6420366637678082,-0.9871289591228035,-0.5176128343513684,39.4654635402606,0.02287173316332991,0.11189495557322436,43.00811938696836,1.277567051255163,-0.10317708097242817,-0.26085991950073256,-0.4065705512707983,-0.16318330391606473,False,False,False,True,25.076040267944336,15.379907608032227,False,False
2025-03-15,19.41447639465332,274731087,0.044475126965207244,-0.052994761852992525,-0.11914894416877893,-0.269365996311945,-0.6313575398529722,-0.9609835714828135,-0.5349096092112285,42.747715420563615,0.141787269150631,0.10322242761430633,39.60033945857546,1.287600349154224,-0.04983780378773993,-0.21732327075614158,-0.379116994673716,-0.08152843000434862,False,False,False,False,25.076040267944336,15.379907608032227,False,False
2025-03-16,18.291139602661133,251537677,-0.05960222582706391,0.01838764472734406,-0.31009519654571605,-0.36674903176840623,-0.7787764341007253,-0.9852659581145828,-0.6522028701057365,39.666867663472594,0.15619803846009672,0.10820136325369158,40.39919769913454,1.2878942576286234,-0.09688163405930006,-0.2515481194082971,-0.414557490344256,-0.08442222630597318,False,False,False,False,25.076040267944336,15.379907608032227,False,False
2025-03-17,18.832107543945312,264901613,0.029146493324916083,0.14525921799686198,-0.10593163219805556,-0.3027166626893499,-0.7545263406653312,-0.9322731754515005,-0.6122734232633599,41.84068399580055,0.2102078413029087,0.10066973707619181,40.3990457725696,1.293070276188642,-0.06300234231193474,-0.21852401405602004,-0.3968495252695266,0.05312896326064109,False,False,False,False,25.076040267944336,15.379907608032227,False,False
2025-03-18,19.001611709594727,265141173,0.008960541185730574,0.08376864636713542,-0.05163848581151362,-0.26782103735822377,-0.7785527224740707,-0.8121056348531075,-0.6235558899936949,42.53928869417904,0.26202121154677105,0.09587274429476077,40.1669383277615,1.2934172563787099,-0.04794774234661838,-0.2014172252927598,-0.39100276510149207,0.0009043357542710684,False,False,False,False,25.076040267944336,15.379907608032227,False,False
2025-03-19,19.74834632873535,361404418,0.038545955261323483,0.043952159716832404,-0.09556265901095191,-0.2369579761471807,-0.6867723421429269,-0.6782045643222925,-0.5513204685307508,45.637305572128966,0.34598205758752076,0.08997235150617705,38.70700193930897,1.302851400402789,-0.0036827951967076332,-0.16131035726583462,-0.366760671153443,0.36306411377308034,False,False,False,False,25.076040267944336,15.379907608032227,False,False
2025-03-20,18.730924606323242,236868273,-0.05289387742012937,0.01242061325503812,-0.11573169524553405,-0.22632542151207202,-0.6414777936480976,-0.7541242418136523,-0.5839248710920016,42.29161012958789,0.33231805294825945,0.09338419004718422,37.44930566032555,1.2976550396102717,-0.04626026651339083,-0.19491530280052283,-0.39912297055757323,-0.34458943719940915,False,False,False,False,25.076040267944336,15.379907608032227,False,False
2025-03-21,19.154340744018555,192050442,0.022353480415843428,0.03098549390582752,-0.048037684051604836,-0.21412468331108755,-0.6298195829565975,-0.6691861603625547,-0.6260994907068821,44.127373010455145,0.3493744590206942,0.08870745369886308,36.25601369581525,1.3004440866689764,-0.017907973804903433,-0.16584852068671113,-0.38522305138733565,-0.18920993695090604,False,False,False,False,25.076040267944336,15.379907608032227,False,False
2025-03-22,19.420124053955078,150619021,0.013780490144367507,0.00029085708498763444,-0.052703904768004746,-0.2585374130827521,-0.6425107704761276,-0.6314415783517315,-0.7969750844151338,45.303574049395635,0.37393564451144523,0.08345328771514346,26.075367011209256,1.2814504742764838,0.01001455898754849,-0.14309552602819306,-0.37649601042448577,-0.2157319742070679,False,False,True,False,20.058481216430664,15.379907608032227,False,False
2025-03-23,19.811660766601562,160264018,0.01996084116579411,0.07985392407784588,0.0982415688051898,-0.21318436629087859,-0.6179071850072041,-0.6780215440979918,-0.7391814150723471,47.07125362165714,0.4090861558258245,0.07768642285030741,25.027985108537106,1.2837408707486386,0.033400673074401,-0.11617120680998604,-0.36371202650043255,0.06403571697627752,False,False,False,False,20.058481216430664,15.379907608032227,False,False
2025-03-24,21.46042823791504,502855575,0.079940000215082,0.13064743096801182,0.27590664896487366,-0.18480297123219502,-0.5059069593912326,-0.6525328044819524,-0.6724837369427392,53.83692539039072,0.5283323433296454,0.07415127899874074,26.7854277065135,1.3037264553190155,0.11517984395969356,-0.0373642466697462,-0.31076921164193977,2.1376698355335133,True,False,False,False,20.058481216430664,15.379907608032227,True,False
2025-03-25,22.924375534057617,368087459,0.06599008608195961,0.18767697586424067,0.2714456222313761,-0.08208667049760075,-0.4327595326821346,-0.5628717887504557,-0.5909853203657258,58.86479181165843,0.6810380211842193,0.07101149572323184,29.491544427267986,1.3225114352015477,0.18756366593040333,0.03339608634591071,-0.2639625883169569,-0.26800561175045146,True,False,False,False,20.058481216430664,15.379907608032227,False,False
2025-03-26,22.047786712646484,287117610,-0.038988557242698986,0.11014246336021843,0.15409462307705077,0.007597526742452065,-0.5074117686811297,-0.5252661218782833,-0.6628365180206093,55.001822531748694,0.6957906048920404,0.07295094596274233,31.00491542818642,1.2500343400979959,0.13914756055996208,-0.0020918260505368752,-0.2921358568596129,-0.21997448437926814,False,False,False,False,20.058481216430664,15.379907608032227,False,False
2025-03-27,22.000259399414062,231004333,-0.0021579768399046556,0.16087836394044294,0.17329897719548104,0.0031363091246378607,-0.48849366761710733,-0.5057242344127427,-0.691142653780219,54.79187353096388,0.6746264280493799,0.0700979492372295,32.931081884139296,1.2500391133784952,0.1311302046653888,-0.0007406691528349291,-0.29352389050557043,-0.19543655646896751,False,False,False,False,20.058481216430664,15.379907608032227,False,False
2025-03-28,20.373674392700195,324964703,-0.07681064764183179,0.06171423588276776,0.09269972978859527,-0.06752940225478818,-0.5179710272418616,-0.6144039472954104,-0.7432329267733836,48.03408717292617,0.5297503995154849,0.07856092008878321,32.87826278407003,1.278464122522958,0.0477627028699087,-0.07113282736053893,-0.3453906735243462,0.40674721889307586,False,False,True,False,23.43741798400879,15.379907608032227,False,False
2025-03-29,19.654756546020508,234283284,-0.03592422409606679,0.012009521642333423,0.012300378727321242,-0.1348880009147693,-0.4912622089132481,-0.6003730474024379,-0.8266552584285786,45.37060345605988,0.37164660920980397,0.07930007615055798,31.98640868813598,1.2777154281939687,0.0063995065252484395,-0.09997344067573749,-0.3680119045222696,-0.2790500573226872,False,True,False,False,23.43741798400879,15.379907608032227,False,False
2025-03-30,18.862831115722656,222561606,-0.04112599431334069,-0.04907731383680144,0.03077661024104443,-0.1704734615309388,-0.5524799142679558,-0.6437125786498048,-0.8670855630760431,42.57034945014769,0.2080337448055981,0.08106596110775116,28.182979547242816,1.284094659585525,-0.04048033789726046,-0.1316750263804405,-0.39304315142660334,-0.05003207143024335,False,False,False,False,23.43741798400879,15.379907608032227,False,False
2025-03-31,18.768949508666992,253348453,-0.0049894955946078005,-0.1340068096464912,-0.0033593786784792946,-0.1529640553494061,-0.6032381287870733,-0.642692695905219,-0.8764970521565543,42.23753486979169,0.09361813125080198,0.07901879434342758,26.56216557716697,1.2826602136716916,-0.04838841578635636,-0.13108165248140702,-0.3955525001692733,0.13832955087500576,False,True,False,False,23.43741798400879,15.379907608032227,False,False
2025-04-01,19.79265785217285,287419415,0.053107170859163715,-0.14688972486928692,0.04078725099495379,-0.23120091104011575,-0.5526770215264231,-0.6441750069248007,-0.9719349413231526,47.094616545054265,0.08714486203747251,0.07385362890367417,26.224771702035767,1.2045652820742807,0.0012471092840054764,-0.07870092966653974,-0.36205431179097713,0.1344826131620389,False,False,False,False,23.43741798400879,15.379907608032227,False,False
2025-04-02,18.013551712036133,475338408,-0.09418670586414508,-0.20208787349073307,-0.09194541013051473,-0.15037054588151613,-0.5802600403206045,-0.7782960081598927,-1.0406912622235924,40.69083398285239,-0.030400590693165253,0.08334251583821764,26.82069233804947,1.0908910901119628,-0.0876302537863212,-0.15571496022768544,-0.4187120063057034,0.653814541373275,False,False,False,False,23.43741798400879,15.379907608032227,False,False
2025-04-03,18.1337947845459,333215974,0.006652965026731102,-0.19327693162409718,-0.03239856768365415,-0.09838497565397372,-0.41918000606673234,-0.8370967700756058,-1.0690622494504145,41.27207049986855,-0.09012069073926587,0.08217102955544561,27.30781191960581,1.0817396198373368,-0.08052448840614332,-0.1433662669589621,-0.4142927925338539,-0.2989921109004935,False,False,False,False,23.43741798400879,15.379907608032227,False,False
2025-04-04,18.181718826293945,346981298,0.0026393166337381844,-0.11382696734852707,-0.05211273146575929,-0.17821578748099712,-0.4466054882030012,-0.8533388302197858,-1.0278690641108323,41.51806808367813,-0.11487618196777616,0.08031704804308701,28.21289746767655,1.0370060053917578,-0.07520418215850144,-0.1351913500535071,-0.41223824083081834,0.04131051652403683,False,False,False,False,23.43741798400879,15.379907608032227,False,False
2025-04-05,17.891618728637695,135715781,-0.016084253437303395,-0.09398699668976375,-0.08197747504743023,-0.1615751997327533,-0.393726243289098,-0.8787087205119352,-1.0781801228694823,40.41449171187804,-0.13772889484473827,0.0782994499198119,28.695309092970362,1.033213918851344,-0.08903424934309563,-0.1420499257459069,-0.4210673379230883,-0.6088671585982712,False,False,False,False,23.43741798400879,15.379907608032227,False,False
2025-04-06,15.994715690612793,354643328,-0.11207397739144687,-0.16493497976787,-0.21401229360467136,-0.22830864634611447,-0.48090739151903755,-1.0141427865578199,-1.1727357715468871,34.04258106043747,-0.26041950400120606,0.09134269434746668,33.05883346690137,1.090335282065794,-0.17969112997117348,-0.22596277243166632,-0.48172205918706595,1.6131325729909038,False,False,False,False,23.43741798400879,15.379907608032227,False,False
2025-04-07,16.694761276245117,729973332,0.04283657582443795,-0.11710890834882412,-0.2511157179953153,-0.20391878138244388,-0.3838751785357105,-0.8552727442406576,-1.1726568727500488,37.93184371895758,-0.2729301849522303,0.09156217057966644,35.53007503271135,1.1009388259618824,-0.1386933761706504,-0.18566762107115187,-0.4581640016653184,1.058330932423463,False,True,False,False,23.43741798400879,15.379907608032227,False,False
2025-04-08,16.121753692626953,361405461,-0.0349254531501005,-0.20514153235808844,-0.3520312572273754,-0.10785960212514402,-0.41649239772454566,-0.8420981378996952,-1.0315969561236509,36.05762828218341,-0.2963476069532591,0.09569654761026342,38.7292535323509,1.0119498278193702,-0.16040116392093234,-0.2067245986895913,-0.47578479295140835,-0.5049059394953348,False,False,False,False,23.43741798400879,15.379907608032227,False,False
2025-04-09,18.44510269165039,610138171,0.13462937745855622,0.023674550964612857,-0.17841332252612008,0.12449485527801417,-0.2879299594746758,-0.6739329880255504,-0.8838306368227625,47.40507524205606,-0.13985943616069463,0.09005721185005534,38.855179664285004,1.0631773156443882,-0.0386888663222162,-0.08787668147620098,-0.3993204993692183,0.6882372759718758,False,False,False,False,23.43741798400879,15.379907608032227,False,False
2025-04-10,18.330242156982422,282886888,-0.006246625756025144,0.010774960181856651,-0.18250197144224056,0.04779711670653192,-0.3068329700693969,-0.6938524229741182,-0.9703466560214915,46.96137335589172,-0.03409536204548258,0.08731982904757243,39.13439577541152,1.0362968830554526,-0.04261913066953076,-0.08869167132430414,-0.4021842718838235,-0.5363560231998663,False,False,False,True,23.43741798400879,14.703357696533203,False,False
2025-04-11,19.161819458007812,331255925,0.04436745657905159,0.052503100127169994,-0.06132386722135718,0.013802131373957003,-0.2912151325913655,-0.6605683548691447,-1.019628154336362,50.56869592266005,0.09480866527893117,0.08211722232247108,39.13901295552318,1.0110774393287663,0.0014893651195979892,-0.041642906465534445,-0.37422213272050864,0.17098366538642829,False,False,False,False,23.43741798400879,14.703357696533203,False,False
2025-04-12,20.469505310058594,330578712,0.0660165034907251,0.13460385705519834,0.040616860365434555,0.10118096582301705,-0.2154766055905958,-0.5799628318472032,-0.9457126786039735,55.674159372721164,0.2616270521873916,0.07881561655056227,39.43347355795056,1.0330400109704043,0.06799934762164339,0.02792344378894913,-0.33064060629857156,-0.0020443800363721953,True,False,False,False,23.43741798400879,14.703357696533203,False,False
2025-04-13,19.586620330810547,270016996,-0.04408953584762915,0.20258829859901617,0.03765331883114624,0.05330283021033401,-0.30205904909114967,-0.5887338335574742,-0.9338261289124693,51.7852771145733,0.30307111580962,0.08103878146242337,38.139013146991886,1.0462123398957996,0.026954771357411055,-0.010219655096282549,-0.3587034908694105,-0.18319908028439535,False,False,False,False,23.43741798400879,14.703357696533203,False,False
2025-04-14,20.091869354248047,393253373,0.02546852653882456,0.1852202493134027,0.06811134096457853,0.03429622978395116,-0.23506976652799366,-0.5970613100690209,-0.9266873416988622,53.77518224494419,0.3516571249414946,0.07696864949913737,34.05102934000971,1.038521442667427,0.06132671501706762,0.020255308509972855,-0.34118341398211494,0.4564022962465666,False,False,False,False,23.43741798400879,14.703357696533203,False,False
2025-04-15,19.03645896911621,269573528,-0.0539591899357256,0.16618651252777744,-0.03895501983031097,0.03993926567528953,-0.32680976609311685,-0.7388371684254359,-0.9453266924392935,49.20664648426402,0.3017734730824613,0.08015975524621699,30.785562661778727,1.0345459885425914,0.01363798384526193,-0.03053733188685962,-0.37462036435118,-0.31450421914117954,False,False,True,False,20.991731643676758,14.703357696533203,False,False
2025-04-16,18.75917625427246,246924498,-0.014673000627216,0.016884134442005243,0.04055868540661799,-0.0038802282768425392,-0.3065968909661925,-0.7584065689421736,-0.9361534037283429,48.05162689044453,0.24175641612996107,0.07816780766237666,26.700784034868274,1.0310023641627768,0.007567687765949207,-0.041561710221097045,-0.38265757646050086,-0.08401800491330147,False,True,False,False,20.991731643676758,14.703357696533203,False,False
2025-04-17,19.038515090942383,192744228,0.014781004473780831,0.037911764671811156,0.048686724853667665,0.001940235011207708,-0.26588080234701605,-0.7766124874628632,-0.8101653998418997,49.34168574317693,0.21350540575400168,0.07464133676932073,25.465222687977306,1.0318477890686375,0.026250900091289043,-0.02454025677997454,-0.37242899377432614,-0.21942039141049507,False,False,False,False,20.991731643676758,14.703357696533203,False,False
2025-04-18,19.073871612548828,121725906,0.0018553827145098654,-0.004600309192730662,0.047902790934439304,-0.034750337535605975,-0.27170831368278675,-0.7215226796785329,-0.7129549018578986,49.51258634465574,0.19058869924052368,0.07087389437723389,25.0619379475415,1.0225202525449242,0.029768961249086127,-0.019292589570560244,-0.3703643176007728,-0.36845887805262834,False,False,False,False,20.991731643676758,14.703357696533203,False,False
2025-04-19,19.89363670349121,175262077,0.04208049683615235,-0.028536315847303404,0.10606754120789506,0.06022403672067556,-0.16610138479139644,-0.581253756927422,-0.6939002050929767,53.43503035352475,0.22184149484478904,0.06773260597979357,25.773986731469574,1.0156804089514082,0.07104654331256154,0.025466763518361905,-0.34265553016514055,0.43980918080001796,False,False,False,True,20.991731643676758,18.567848205566406,False,False
2025-04-20,19.500951766967773,157114043,-0.019936644010442026,-0.0043834240101162944,0.19820487458889977,0.017933912294390134,-0.19619077101669738,-0.6118856706622071,-0.6512522480681644,51.37595134355004,0.2075270118612284,0.06697085861766744,26.07752529353337,1.015729781203304,0.04784014675295339,0.007687174005740961,-0.3550043820276919,-0.10354797974920726,False,False,False,False,20.991731643676758,18.567848205566406,False,False
2025-04-21,19.92521095275879,347296926,0.021522539019647464,-0.008329411529293288,0.1768908377841093,0.025675961169670244,-0.2328614519130819,-0.6168348093064573,-0.6057656171820613,53.46246863677118,0.21706469961251373,0.06588287728884745,26.21395397237773,1.0173521382707151,0.07025562594816621,0.0349751982060842,-0.34045625087773057,1.2104766663028332,False,False,False,False,20.991731643676758,18.567848205566406,False,False
2025-04-22,22.08037757873535,456889464,0.1027035097881859,0.1483332881946184,0.3145198007223958,0.10841862979206199,-0.10476573649881656,-0.5094885552151422,-0.5696029143059299,62.31015146568575,0.3510202192940251,0.06409610488682052,30.271531815661508,1.0761482658791568,0.1732035074045804,0.14555973421009955,-0.26861448343162375,0.3155586179878829,False,False,False,False,20.991731643676758,18.567848205566406,True,False
2025-04-23,22.338470458984375,443596592,0.01162100307483905,0.1746272918966734,0.19151142633867863,0.040099632651819046,-0.14470333858037593,-0.46580732673941344,-0.6124331718301333,63.21215939306951,0.4340693953367266,0.062387586387623276,33.758679239364966,1.0409710856078491,0.1738049459082619,0.15615489659332116,-0.2596544367021048,-0.02909428438910122,True,False,False,False,20.991731643676758,18.567848205566406,False,False
2025-04-24,22.357967376708984,329239526,0.0008724148905504931,0.16071870231344332,0.1986304669852544,-0.02501803853958978,-0.10710470903719056,-0.4577775712217244,-0.5878898272900455,63.28364525165652,0.4646419174861497,0.06090428693153374,36.3298782877054,1.0145113869154145,0.16207872685852226,0.15641069179586514,-0.25844661465981705,-0.2577951861271288,False,False,False,False,20.991731643676758,18.567848205566406,False,False
2025-04-25,22.188095092773438,377519228,-0.007626851755572918,0.15123646784336062,0.14663615865062984,0.006343666947536103,0.013941193689988406,-0.5010681017335934,-0.518922454930747,62.15045865300277,0.4475763145209115,0.060249083520483894,37.6392037196088,1.0055241413655285,0.14051479974920433,0.14625021063161223,-0.26354726946475204,0.14664005439006744,False,False,False,False,20.991731643676758,18.567848205566406,False,False
2025-04-26,22.42249870300293,288849374,0.010508973207763981,0.11966494421497235,0.09112862836766901,0.019010616995204975,0.022146926119842994,-0.4694830506219023,-0.48671361741753777,63.13151001900446,0.426326490891895,0.05907320025692712,35.55455376561106,1.0061190031512997,0.13383263416200308,0.1555829992942173,-0.2552837882812184,-0.23487506707870254,False,False,True,False,23.050012588500977,18.567848205566406,False,False
2025-04-27,21.759990692138672,255674724,-0.029991866929795996,0.10960972129561833,0.10522629728550191,0.06582939770724078,-0.0017000045475474466,-0.45214162953462084,-0.5485745495881695,58.51503868445951,0.345357541062108,0.0600174360707376,33.10551756953994,0.9734851722210799,0.0864184311690169,0.11995161063812233,-0.27680645816987415,-0.11485103651289197,False,False,False,False,23.050012588500977,18.567848205566406,False,False
2025-04-28,21.84221649169922,366359713,0.0037716392056699652,0.09185882148164083,0.08352940995234757,0.10552526100897751,-0.02936273990579175,-0.3857369479042705,-0.49484778639346033,58.916581806096765,0.2779423582789441,0.059865099670948795,28.30883225298001,0.9637196440828335,0.07516991771685802,0.11970659533079177,-0.273589320614139,0.4329133019813096,False,False,False,False,23.050012588500977,18.567848205566406,False,False
2025-04-29,21.550371170043945,268553485,-0.01345159337297661,-0.024296281679521838,0.12403700651509655,0.1331996619493415,-0.03727379958159713,-0.4192802523186143,-0.5105129167004632,56.81459152304736,0.1980505974661827,0.05953549103145876,27.24779168203229,0.9523516147904657,0.052758043250894227,0.09881483932455339,-0.28259549036187853,-0.26696774926232136,False,False,False,False,23.050012588500977,18.567848205566406,False,False
2025-04-30,20.909435272216797,313894877,-0.030192534539356917,-0.06610981929371781,0.10851747260295562,0.10799662300459259,-0.04496743234481368,-0.4952415057824809,-0.5346960729006267,52.39361629913015,0.09179727496743129,0.06174382674214038,25.38083477620984,0.9595228229329068,0.015053013619623804,0.06241345446757927,-0.30303666427493864,0.16883561201970632,False,False,False,False,23.050012588500977,18.567848205566406,False,False
2025-05-01,21.64530372619629,331775588,0.034588007429787855,-0.03239422675448042,0.12832447555896273,0.08947745957521668,-0.14172345146489898,-0.4631995619512065,-0.554697547349584,56.57191201773831,0.06224622376086131,0.058756642187466145,24.751365907862183,0.9496198234276118,0.044479714980168734,0.09674249241354904,-0.27760221729630247,0.056964010279148436,False,False,False,False,23.050012588500977,18.567848205566406,False,False
2025-05-02,21.248334884643555,293075581,-0.01850997902926138,-0.04327735402816885,0.10795911381519176,0.1651541864101003,0.014783640528584127,-0.41510585391050403,-0.6131418217497925,53.827320839065365,0.009882883743892124,0.059467973536607044,24.77267005158749,0.8867647541408711,0.023401179759724933,0.07363804109684084,-0.2899248420897299,-0.11664513122647224,False,False,False,False,23.050012588500977,18.567848205566406,False,False
2025-05-03,20.548114776611328,166453714,-0.0335093355609231,-0.08729566279685604,0.03236928141811622,0.12499188582244602,0.02660691016847229,-0.2941881202442862,-0.7121048842531597,49.28522406795056,-0.07340909660957451,0.05965570875498616,24.193133491202868,0.8971155209656555,-0.01261036607384092,0.036185836056863076,-0.312446670315911,-0.4320450941970495,False,False,False,True,23.050012588500977,20.50130844116211,False,False
2025-05-04,19.901275634765625,184217043,-0.03198536644409607,-0.08928916231115602,0.020320558984462375,0.09036720274461187,-0.08784858473638536,-0.35623828545838937,-0.762971627475174,45.468338816541255,-0.168146283560362,0.06013223372473818,24.321746082696556,0.905943417662643,-0.04325452789720652,0.0030750190491243357,-0.3331820303932208,0.10671632715867196,False,True,False,False,23.050012588500977,20.50130844116211,False,True
2025-05-05,19.68511199951172,219716897,-0.010921217959424554,-0.10398201947625052,-0.012123197994609765,0.09553023822249068,-0.06604496151026266,-0.2981960050666074,-0.7831784822894443,44.23542257075011,-0.23722288030321081,0.05964212814028631,23.55591071261208,0.904751847704453,-0.05511974808412984,-0.009212429132085807,-0.3395866660208366,0.19270667589643153,False,True,False,False,23.050012588500977,20.50130844116211,False,False
2025-05-06,20.028181076049805,221967592,0.017277721605625025,-0.07325270449764881,-0.09754898617717056,0.22488193721956282,-0.003426709126551712,-0.25602545429947476,-0.7892608493382572,46.705390930910106,-0.25036520276058816,0.05727592412836639,21.97947343539558,0.8042729122844701,-0.041571506792159846,0.006842613062959395,-0.32716600205841956,0.010243613626129022,False,False,False,False,23.050012588500977,20.50130844116211,False,False
2025-05-07,19.529470443725586,269898840,-0.025215706067357062,-0.06827587602564902,-0.1343856953193668,0.1568296553277678,-0.04708912605467624,-0.22704552320794272,-0.6984430889128899,43.67683321827337,-0.2809098449908709,0.0585696989047253,21.279052503591053,0.8016610318730215,-0.06653335475396886,-0.018748988933058992,-0.342973064029521,0.21593804558640262,False,False,False,False,23.050012588500977,20.50130844116211,False,False
2025-05-08,22.110124588012695,511566880,0.12411100026602273,0.021247116810585852,-0.011147109943894595,0.3158661087438908,0.20800650661874684,-0.10062628898065476,-0.5262320291558044,58.627143604789765,-0.12360260705282083,0.056462962271835095,20.048799762859286,0.8886173330164838,0.04920300739766279,0.10828469380947973,-0.2552975481337068,0.8954022922069618,False,False,False,False,23.050012588500977,20.50130844116211,False,False
2025-05-09,23.25318145751953,645061542,0.05040632978423314,0.09016342562408018,0.04688607159591128,0.23164306106956767,0.35613791634758196,-0.05628689840510815,-0.44228992695598274,63.276852441014796,0.05173786048505313,0.0559192564850921,21.09980934574913,0.7828410540009902,0.09471894291757574,0.1603207230210727,-0.21620414526780476,0.2609525112337219,True,False,False,False,23.050012588500977,20.50130844116211,True,False
2025-05-10,25.888412475585938,641198524,0.10735351427495841,0.23102627545996174,0.1437306126631057,0.3452432011005512,0.39304031780708304,0.0384102310311544,-0.348609221873567,71.28820920879143,0.3242987170503042,0.054583192272913694,26.768331282088027,0.8543464902560494,0.20072742777178768,0.28319353574190903,-0.12712596106739152,-0.0059886037974342665,True,False,False,True,23.050012588500977,19.1164608001709,False,False
2025-05-11,24.7523250579834,459372450,-0.04487604749041825,0.21813559441363953,0.1288464321024835,0.2559996970310814,0.26980182840503836,-0.035215435560284135,-0.4045686578380634,64.73186105060358,0.4020914650474651,0.05818088429707197,28.41827657425375,0.8677502367747578,0.13532552629301217,0.22043071580916176,-0.16516228549473547,-0.28357219674448286,True,False,False,False,23.050012588500977,19.1164608001709,False,False
2025-05-12,24.832002639770508,777042215,0.0032138239668401776,0.23227063633990414,0.1282886168636536,0.19319701750719656,0.29437798333021353,-0.02227958808339933,-0.3867658143400069,64.97515405103843,0.4304001457117459,0.06189996465182362,30.700375792235175,0.8426761421263499,0.13183767230474205,0.21832778538930017,-0.16219217601374,0.6915298577439721,False,False,False,False,23.050012588500977,19.1164608001709,False,False
2025-05-13,25.768766403198242,512615888,0.0370299037207741,0.252022818455053,0.17877011395740414,0.2743164570755996,0.32761928728593365,-0.027742592015550006,-0.3144173764818747,67.78858044297701,0.4799254526288127,0.06281987638317067,33.994859148407016,0.8288452630441002,0.16542434287762195,0.2589656640127522,-0.13071509770971093,-0.3402985344882453,False,False,False,False,23.050012588500977,19.1164608001709,False,False
2025-05-14,24.986888885498047,486613592,-0.03081191130780437,0.24642661321460563,0.17815073718895671,0.21803601922897073,0.252332249012922,-0.017033747299022933,-0.3790252908400502,63.223669118593826,0.42937921273382096,0.06511754602282677,35.62575274083799,0.8380900170163231,0.12338465487030655,0.21831074628863584,-0.1570341602416258,-0.05072471729553574,False,False,False,False,23.050012588500977,19.1164608001709,False,False
2025-05-15,23.43390464782715,582877002,-0.06416735244828528,0.05814826050029765,0.07939537731088338,0.20782785671641102,0.24776712239170046,-0.11898190937670569,-0.5310093117090248,55.26342143649444,0.2685709119211227,0.07078685431159741,35.82798653713681,0.8481720806933024,0.050621808836140085,0.14104800020527897,-0.20911946106037035,0.1978231014969265,False,False,True,False,26.747081756591797,19.1164608001709,False,False
2025-05-16,23.091123580932617,365753876,-0.014735607155627292,-0.006993676439562662,0.08316974918451756,0.20776525018799982,0.2038850219111573,-0.0988316407781927,-0.550641318754174,53.65754492994881,0.12370253597712133,0.07071792967437486,35.90456398603542,0.8481921762050878,0.033704411394819486,0.12316406915239667,-0.22027170951441694,-0.37250247523061475,False,True,False,False,26.747081756591797,19.1164608001709,False,False
2025-05-17,22.1935977935791,298929781,-0.039644423505156734,-0.15399161421967777,0.07703466124028395,0.15333982220906225,0.1552800572202699,-0.1125409801379539,-0.6232726652538009,49.59388550139262,-0.03926521939303795,0.07188015138179812,35.79767044344423,0.8629640781164128,-0.007437837535360949,0.07760012900191489,-0.24998943055068618,-0.18270235637912968,False,False,False,False,26.747081756591797,19.1164608001709,False,False
2025-05-18,23.08956527709961,435356952,0.039576936255740075,-0.06953863047351957,0.14859696394011984,0.19106137575029247,0.15631103821468645,-0.08064693793249422,-0.5304613039282404,53.38883870503535,-0.09048823211889556,0.07054546893668592,35.7396638944919,0.8711644402162162,0.029760169285963922,0.11737640383461041,-0.21930102007017463,0.4563853442223611,False,False,False,False,26.747081756591797,19.1164608001709,False,False
2025-05-19,22.272796630859375,364366343,-0.03601474408554211,-0.10876719852590182,0.12350343781400233,0.11296613482859806,0.17319017154927374,-0.053135249962798434,-0.46828762209882396,49.71435358626896,-0.17808318759416464,0.07382414387596141,35.511980297265445,0.8734566395623833,-0.008264135731493568,0.07430479785288514,-0.24656785351678986,-0.1630629961779041,False,False,False,False,26.747081756591797,19.1164608001709,False,False
2025-05-20,22.583253860473633,357550193,0.013842600211998143,-0.13195450203467773,0.12006831642037524,0.1467453790510382,0.1646792913454283,-0.04944539196565914,-0.465140291611169,51.09223313783086,-0.211540690234423,0.0707853977019782,34.81409212483246,0.8698592045601196,0.0018262314780932412,0.08528597886463236,-0.2357805591788847,-0.01870685954108553,False,False,False,False,26.747081756591797,19.1164608001709,False,False
2025-05-21,23.188013076782227,546490909,0.026426815431339908,-0.07471577529553351,0.17171083791907216,0.15164965546273046,0.1773256166324008,-0.0812117964503514,-0.4651851538437268,53.7507378097451,-0.1900481794090818,0.0687033022579161,34.58116212280519,0.8712065248321414,0.025146347241064407,0.11072420186926725,-0.2151959243044411,0.5284313075451199,False,False,False,False,26.747081756591797,19.1164608001709,False,False
2025-05-22,25.24054718017578,728718314,0.08481624910238295,0.07426782625513467,0.13241608675543237,0.13376239477692742,0.24218102456898938,0.028996658278110897,-0.37572616043821466,61.41647706932754,-0.042413968363009924,0.06487934662840147,35.20625202059123,0.8478949349887863,0.10612787775861114,0.2007288741102623,-0.1459734188670255,0.33345002084929476,True,False,False,True,26.747081756591797,21.303157806396484,False,False
2025-05-23,23.029863357543945,722455405,-0.09165993594816574,-0.0026565025374037463,-0.009650178976966439,0.03048145575392257,0.07058108840574177,-0.11422188282645329,-0.4353258709854908,51.51301316505283,-0.09542775105758416,0.07527506870354805,33.81923947632977,0.9110907864776324,0.003789537384503853,0.09048373152507491,-0.22081571088410865,-0.00859441690935736,False,False,False,False,26.747081756591797,21.303157806396484,False,False
2025-05-24,22.977720260620117,331302370,-0.0022667184472270566,0.034721202520525934,-0.11927041169915184,0.02734232241614503,0.0023242838765550862,-0.07976238662104557,-0.4304352488055794,51.30287795800614,-0.13345421342354424,0.07213108108880097,31.34864449824109,0.911162808354549,-0.005153206078252751,0.08309540522259853,-0.22244602911769934,-0.5414217020080292,False,False,False,False,26.747081756591797,21.303157806396484,False,False
2025-05-25,23.441709518432617,294646906,0.019991831592753008,0.015136097857539074,-0.05440253261598057,0.0549610057644708,0.06130467271200708,0.0689021994544593,-0.44610709596912246,53.13488583003308,-0.126850973519811,0.06986714992599463,28.045474281335732,0.9129963024270265,0.006748550288073881,0.09921497222418646,-0.2062625262017292,-0.11064051247203577,False,False,False,False,26.747081756591797,21.303157806396484,False,False
2025-05-26,23.072145462036133,322936502,-0.015890827940607317,0.035260014002473694,-0.07350718452342804,0.028561204616099532,0.0475718216113045,0.05070813073594229,-0.4409218460058028,51.473856763147936,-0.1455271597538622,0.06918635234059548,24.815983618862404,0.9144810379174587,-0.015557824651053565,0.07475201573071483,-0.21820539162880612,0.096011854948852,False,False,True,False,25.952392578125,21.303157806396484,False,False
2025-05-27,23.373483657836914,413600080,0.012976137035052843,0.034393550825528474,-0.09756095120914922,0.07152920858094845,0.13735860628818916,0.06982920403340084,-0.38061242095367254,52.77032412341509,-0.13592186378445004,0.06737212450124083,19.40550236349435,0.908443217948802,-0.01081247378946315,0.08205625535773807,-0.2072689949456841,0.2807473835831664,False,False,False,False,25.952392578125,21.303157806396484,False,False
2025-05-28,23.554271697998047,350882679,0.007704989645935483,0.015671725040124058,-0.059044050255409354,0.075462559021214,0.18098782003019143,0.0460998191154221,-0.3102743888830566,53.57175900050338,-0.11647724404402326,0.06491378229758671,18.43973121942918,0.9086224057127155,-0.00619829715151533,0.08297305168621831,-0.20020651062180564,-0.1516377874008148,False,False,False,True,25.952392578125,22.068702697753906,False,False
2025-05-29,22.247188568115234,552513610,-0.057091548324161634,-0.12623607238642026,-0.051968246131285624,0.03182260407002897,0.1650222660193705,-0.005451195511568217,-0.38745764824858525,47.3198222759281,-0.1865718328145728,0.0704562959992951,19.186270659367928,0.9307553716128472,-0.059350455152478825,0.019312524867403164,-0.24333831823527116,0.5746391687804002,False,False,False,False,25.952392578125,22.068702697753906,False,False
2025-05-30,20.55556297302246,607428819,-0.0790840355476109,-0.11366017198586552,-0.1163166745232692,-0.017068896938225067,0.09092772606636747,-0.06203632928303872,-0.5123104027207058,40.69983653488652,-0.333228755469697,0.07698598801898897,20.559090588505462,0.9663604195749738,-0.1209649735736518,-0.06011028124485906,-0.2990608747840327,0.09939159507763073,False,True,False,False,25.952392578125,22.068702697753906,False,True
2025-05-31,20.80081558227539,390994869,0.011860588033088534,-0.09953286550554975,-0.06481166298502385,-0.03979631633492445,0.04968114324029232,-0.1815197677998234,-0.5029958782861308,41.96742952537145,-0.3958189296804757,0.07505252886351735,22.13039133378544,0.9591785720913374,-0.10289732812350089,-0.050319684946583385,-0.2890923054539441,-0.3563116257083614,False,True,False,False,25.952392578125,22.068702697753906,False,False
2025-06-01,20.873411178588867,244389466,0.003483960010120426,-0.11604073708818242,-0.10090463923064341,-0.017802377295542692,0.1473518091145578,-0.0030187367669584587,-0.4329082312060466,42.36019002390944,-0.41255303005325655,0.07194934645674343,22.943124107941625,0.9572854900278138,-0.09201552956190324,-0.04735661449078594,-0.2851134954441392,-0.3749548002380563,False,False,True,False,24.30491828918457,22.068702697753906,False,False
2025-06-02,21.182096481323242,323844039,0.014680162649271827,-0.08546974649830325,-0.05020973249582944,0.030387120914652236,0.15537900673709834,0.05699403108312467,-0.2638009993296339,44.092851408044254,-0.3836612172092627,0.06918045609620532,21.25675029953464,0.9511680986358301,-0.06930330509478992,-0.034674324212597675,-0.27329967595016985,0.3251145571061562,False,False,False,False,24.30491828918457,22.068702697753906,False,False
2025-06-03,21.149673461914062,342488538,-0.0015318530641598744,-0.09997773659751599,-0.06558418577198745,0.0608406342945884,0.1512078370392003,-0.027007950441796925,-0.295397651163801,43.94343189561059,-0.34858081715981987,0.0667463177158897,20.267329780937423,0.9437733977535975,-0.06282758003742077,-0.03708031878983144,-0.2729157956136481,0.05757246314482889,False,False,False,True,24.30491828918457,19.833385467529297,False,False
2025-06-04,20.1472110748291,327713101,-0.048558595603775914,-0.15624132184722744,-0.14056959680710332,0.02320325665023687,0.1187334948727277,-0.0428417048600257,-0.27499274841637045,39.48787303336636,-0.37257166314433826,0.07033972712406898,22.12717987185694,0.9592766041784969,-0.10069950738056495,-0.08364806954895812,-0.30559193478741875,-0.04314140580085635,False,False,False,False,24.30491828918457,19.833385467529297,False,False
2025-06-05,18.796627044677734,476076764,-0.06938842939391583,-0.16853820291698174,-0.2947742753034021,-0.06346289434930406,0.16141904287025877,-0.06688960347585576,-0.31948834864877895,34.423746425930275,-0.45369672575429254,0.07778717654223344,26.226350757533464,0.987719609438066,-0.15286540640754595,-0.14510556090066912,-0.3503573922679226,0.4527242351534795,False,True,False,False,24.30491828918457,19.833385467529297,False,True
2025-06-06,19.6684627532959,307730766,0.045339036283968084,-0.04411513108540274,-0.15777530307126822,0.0070918480020211744,0.1639215033297888,-0.03999727805265508,-0.21995367520592163,39.79154286328242,-0.423515996274595,0.07342672267539874,28.19310826919657,0.9975612722919868,-0.10850032761855775,-0.10596566337474035,-0.318366548530497,-0.3536110365596419,False,True,True,False,21.682941436767578,19.833385467529297,False,False
2025-06-07,20.675182342529297,260705819,0.049917582833858304,-0.0060581362846330224,-0.10559100179018283,-0.06710156943014331,0.24876453931374765,0.14090493718860356,-0.16772785841079813,45.3539963568043,-0.3155798236037325,0.07008927793921295,28.51682801313089,0.9114550381152262,-0.057713436240991005,-0.06157112715492499,-0.2817850849523589,-0.1528119778572936,False,False,False,False,21.682941436767578,19.833385467529297,False,False
2025-06-08,21.055870056152344,311045653,0.018245323438278217,0.008703227143524787,-0.10733750994465768,-0.09926257577609807,0.1323804852934695,0.2568753405714837,-0.15554947418120635,47.33539890891847,-0.20379885956499927,0.06830202748301326,28.771052266001497,0.8948275797302003,-0.037694731040125606,-0.04529929919810449,-0.2669654370467458,0.19309056542385816,True,False,False,True,21.682941436767578,18.486703872680664,False,False
2025-06-09,21.9520263671875,418466692,0.04168006889340607,0.03570313338765906,-0.049766613110644224,-0.16493602115765035,0.18030717994290074,0.22810429664943271,-0.1265257901264961,51.768846233098245,-0.06210729714363883,0.0665246117049173,28.664361672723683,0.8186873090992476,0.00471105401107674,-0.006873819564060973,-0.23391694593495638,0.3453545740438302,False,False,False,False,21.682941436767578,18.486703872680664,True,False
2025-06-10,22.543359756469727,531852889,0.026581102350362044,0.06381608880218087,-0.03616164779533503,-0.0934788713168701,0.16252082571421114,0.17632295708816814,-0.12869430687715422,54.491240780473674,0.07159241139189443,0.06332408545503598,28.314242297424208,0.8133522988446048,0.033299854782415914,0.01746822604026242,-0.2104499093469423,0.2709563250018474,True,False,False,False,21.682941436767578,18.486703872680664,False,False
2025-06-11,21.593502044677734,467715657,-0.043048116855886005,0.06932656755007084,-0.08691475429715657,-0.13974081213959616,0.05345620536760031,0.15463717119061726,-0.1620204002229955,49.64393468410951,0.09475583193565512,0.06590291529754001,24.58467339370225,0.8247481251482106,-0.0018954503175301243,-0.024973977606315746,-0.24107308650353207,-0.12059205341648527,False,False,False,False,21.682941436767578,18.486703872680664,False,False
2025-06-12,20.35604476928711,389684875,-0.059014530125708446,0.07970046681827841,-0.08883773609870342,-0.23578524598607867,0.0385312110895209,0.09183404129985485,-0.2635278380016287,44.13561345272714,0.028853083857329043,0.06980184386308069,24.502064461768992,0.8316571542056613,-0.05324325194646391,-0.07920123994983301,-0.28182785361674634,-0.1668338034704705,False,False,False,False,21.682941436767578,18.486703872680664,False,False
2025-06-13,19.417818069458008,679579060,-0.047186806306571995,-0.01282537577226172,-0.05694050685766442,-0.2521601409848463,-0.0341241217558755,0.00017210802807558252,-0.2691938882838692,40.46921158714265,-0.07038944800084634,0.0746765629235935,25.24344641123939,0.8392716117139765,-0.08934112808473359,-0.11929899981527861,-0.3122626193823856,0.7439195195861785,False,True,False,False,21.682941436767578,18.486703872680664,False,False
2025-06-14,18.96038246154785,206828236,-0.023839433088128005,-0.0865823916942479,-0.09264052797888098,-0.2118322216246889,-0.004004364908277847,0.035934900767011724,-0.3308141310013947,38.777831248250294,-0.15448285686184177,0.0735606349810282,25.542270104902627,0.8170416875763237,-0.10135072648500587,-0.1375208966379298,-0.3256194467559378,-0.695652429314111,False,True,True,False,22.72736358642578,18.486703872680664,False,False
2025-06-15,19.114946365356445,190913480,0.008118892605510072,-0.09670882252701618,-0.08800559538349141,-0.1889777218635516,0.018787528324448147,0.014907300047605715,-0.28780936264174434,39.69496546837433,-0.1852642966903275,0.06961549544266375,25.519303175450126,0.8182279208761569,-0.08544850893441336,-0.12786566956209292,-0.3171104175621661,-0.07694672791194723,False,False,False,False,22.72736358642578,18.486703872680664,False,False
2025-06-16,19.078920364379883,337682963,-0.0018864815084387735,-0.14027537292886105,-0.104572239541202,-0.15121977986683358,0.0021200423422285484,0.004060277353436247,-0.26376076000478743,39.54626159377703,-0.19275796087733,0.06862338793866177,24.39977429052913,0.8094129287188876,-0.07769676114816178,-0.12737448950702449,-0.31549213240583823,0.7687748554999887,False,False,False,True,22.72736358642578,18.526824951171875,False,False
2025-06-17,18.622413635253906,379172704,-0.02421819034137162,-0.19107466562059458,-0.12725857681841377,-0.21501490646394525,-0.023953530713652808,-0.05870386824925874,-0.2956618443964395,37.62292530005315,-0.21165723155914118,0.07024990429702342,22.595347931384726,0.7956224137780461,-0.08890410216590938,-0.1457379668841357,-0.3287032183513614,0.12286595874249073,False,False,False,False,22.72736358642578,18.526824951171875,False,False
2025-06-18,18.160785675048828,326360202,-0.02510125311986443,-0.17312780188457305,-0.10380123433450221,-0.20410141549826755,-0.09113528066966953,-0.03091124394899391,-0.257236665461066,35.730501053341015,-0.2365589997886366,0.06999800581645568,23.28556691681391,0.7915422613763703,-0.10251760523702015,-0.1643153206285103,-0.34217437389153543,-0.1392835017997498,False,True,False,False,22.72736358642578,18.526824951171875,False,True
2025-06-19,18.06515884399414,315246811,-0.005279478806727208,-0.11939275056559188,-0.03969228374731348,-0.22322349451699283,-0.07647811546595464,-0.05854420317156445,-0.272668886482652,35.33401196732429,-0.24002112252601526,0.06813185928999967,25.178196195150313,0.788067269284626,-0.10171565236489659,-0.16653396170921464,-0.34241944626873927,-0.03405253131936714,False,False,False,False,22.72736358642578,18.526824951171875,False,False
2025-06-20,17.368581771850586,326554009,-0.0393222286930341,-0.11152817295205408,-0.12435354872431577,-0.28897253864136685,-0.1373228831786363,-0.11164692200896612,-0.37018433509171833,32.50451090570964,-0.26766798439654926,0.071625717618048,27.834762869113256,0.785870709253393,-0.12891950465720112,-0.19549691031355526,-0.3637285164504991,0.03586776330625585,False,False,False,False,22.72736358642578,18.526824951171875,False,False
2025-06-21,16.790212631225586,326372168,-0.03386679361404316,-0.12155553347796925,-0.2081379251722172,-0.4076555813577928,-0.2738931865808655,-0.16547455678880343,-0.378658923079682,30.33257590945132,-0.30087025452162364,0.07358823647575431,30.975943589809994,0.7118983871427356,-0.14921492622741775,-0.21906140732202986,-0.38103775543025814,-0.0005568481629022459,False,True,False,False,22.72736358642578,18.526824951171875,False,False
2025-06-22,16.499881744384766,443647758,-0.017442921294152137,-0.14711734737763135,-0.24382616990464756,-0.33343856670377925,-0.30295711094985656,-0.2628574782980375,-0.4476604495302326,29.275090826221742,-0.31674635643391624,0.07549286510977694,33.70070963567562,0.6541870014792557,-0.15388923283509617,-0.22966421966034178,-0.38764144794703875,0.3593308544618301,False,False,False,False,22.72736358642578,18.526824951171875,False,False
2025-06-23,18.099651336669922,519115911,0.09253946104496727,-0.052691404824225234,-0.19296677775308632,-0.23863238721158483,-0.21129006479543985,-0.23630810333502975,-0.3183947738326305,41.39844926786811,-0.19958677430185978,0.07121990958507407,33.58024128997111,0.747283564648407,-0.0645378284218414,-0.15355126624616,-0.32416589122760064,0.17010827089539804,False,False,False,False,22.72736358642578,18.526824951171875,False,False
2025-06-24,18.226329803466797,355342749,0.006974566210674296,-0.021498648272179347,-0.21257331389277406,-0.2516496525936636,-0.19668864682919265,-0.1903449798816565,-0.18274745313920443,42.24273071045579,-0.09873903722099697,0.06778331973044535,33.88698535427337,0.7425207367821307,-0.05329117392795584,-0.1464624266847999,-0.31504141387476103,-0.31548476656112356,True,False,False,False,22.72736358642578,18.526824951171875,False,False
2025-06-25,17.569374084472656,278415199,-0.03670996367019918,-0.033107358822514005,-0.20623516070708725,-0.2724687883232554,-0.24390758370715585,-0.2248969667119509,-0.22176065758731303,39.09687926285837,-0.06318651041219336,0.06897579515859291,34.80027142050094,0.7486937581961021,-0.08449668001026048,-0.1753284624746085,-0.33547147551952317,-0.216488306618014,False,False,False,True,22.72736358642578,15.70966911315918,False,False
2025-06-26,17.227298736572266,235439480,-0.01966201596169618,-0.047489895977483064,-0.16688264654307491,-0.3051069413200044,-0.2335777327390561,-0.16774833503181535,-0.2352777372866036,37.529654949521365,-0.05018453412277424,0.06884072081178216,36.0537559596293,0.7452382735973999,-0.09657555274591142,-0.1896334461801786,-0.3438550605802193,-0.15435837969463728,False,False,False,False,22.72736358642578,15.70966911315918,False,False
2025-06-27,17.57777214050293,210772393,0.020139895795031212,0.011972228510582099,-0.0995559444414719,-0.2926720351709088,-0.21720947614969488,-0.1116842151407174,-0.24657221605548665,40.17562666905695,-0.0076871669777345275,0.06518998777160064,36.09074884341313,0.7502377084883673,-0.07064836757813095,-0.1696064863108738,-0.326962133890183,-0.10477039364850793,False,False,True,False,18.47254180908203,15.70966911315918,False,False
2025-06-28,17.98171615600586,142224426,0.022720315249671767,0.06855933737429706,-0.0529961961036721,-0.21286017159707551,-0.18103756752704653,-0.04783790557770493,-0.21831136710864368,43.16367800428076,0.05449944764755865,0.06139927289629067,35.05299972735341,0.7384152743828736,-0.04150212497100397,-0.14627164406860865,-0.3079635804525931,-0.3252227012481659,False,False,False,False,18.47254180908203,15.70966911315918,False,False
2025-06-29,18.741649627685547,209495241,0.04139282748481293,0.12739508615326228,-0.019722261224369077,-0.09238330856465148,-0.1094522055028766,-0.0014555824982841687,-0.1544196378476903,48.38657711272071,0.1483611762238246,0.05870091398025143,31.662786676565396,0.7096003635386713,0.007626947764627358,-0.10411215030505654,-0.2745811420192978,0.4729905888317665,True,False,False,False,18.47254180908203,15.70966911315918,True,False
2025-06-30,17.974863052368164,282289662,-0.04177401523245508,-0.006918390124160212,-0.05960979494838548,-0.14601791183019525,-0.18581422816511964,-0.09633676858990306,-0.3275376796300188,43.99360145103815,0.15938601383056883,0.06116504863659161,25.36754901153143,0.7199732263504179,-0.021582615650269952,-0.13516232821959792,-0.2994960057247573,0.34747529658680887,False,False,False,True,18.47254180908203,17.10713005065918,False,False
2025-07-01,17.105613708496094,227124257,-0.04956758811390756,-0.0634605444487421,-0.08495919272092148,-0.19906945995422332,-0.21687183724976594,-0.0517176508396655,-0.20208819672118164,39.603978059005435,0.11101014530640807,0.06408859240709476,20.536973233794058,0.735833951870455,-0.05738462109265912,-0.17082028019124046,-0.32871566876197694,-0.19542127263590692,False,False,False,False,18.47254180908203,17.10713005065918,False,True
2025-07-02,18.5111026763916,384284559,0.07896400005853538,0.05221341927999244,0.019106060457478254,-0.13478562254495982,-0.10439850163030749,0.020593384192138655,-0.07779159146183517,48.54405149829478,0.17285447820501865,0.061876305791350554,17.475717903235342,0.791341953175871,0.025277541829347827,-0.0963320581745543,-0.2690671357883191,0.6919573632331133,False,False,True,False,18.86417007446289,17.10713005065918,False,False
2025-07-03,18.539133071899414,319916417,0.0015131024291538298,0.07338853767084241,0.025898641693359238,-0.13174066705164617,-0.07090003275705774,0.019467169987554205,-0.15874861749344302,48.70712232954585,0.21224055749573045,0.060363697558743115,16.306597738671254,0.791556599749448,0.029334842907310494,-0.08923012819309106,-0.26327450293338084,-0.16750124482623308,True,False,False,False,18.86417007446289,17.10713005065918,False,False
2025-07-04,17.795116424560547,274810097,-0.04095973768426108,0.012288904191550085,0.024261132702132406,-0.12414180913213117,-0.10093855248189418,-0.0054083142594035264,-0.16698351399215686,44.661271290616206,0.18573157736065982,0.06373465767425157,15.643543880010343,0.7866485911256715,-0.00876810690358801,-0.12091091230778593,-0.2884299804248184,-0.14099407721236135,False,False,False,True,18.86417007446289,16.990581512451172,False,False
2025-07-05,17.9272518157959,113907263,0.007397941423599487,-0.003033469634522121,0.06552586773977499,-0.04735543831461582,-0.11081833266391991,0.11406360455564289,-0.11424504179047161,45.52668232623021,0.1748011515360961,0.060114742901266865,14.520260786506856,0.7512856517221215,0.0019063422150820159,-0.1098417909420116,-0.2788334918929141,-0.5855055391214392,False,True,False,False,18.86417007446289,16.990581512451172,False,False
2025-07-06,18.2985897064209,183551796,0.020501988747001716,-0.02392430837233349,0.10347077778092875,-0.07219248585158221,-0.06510063784956113,0.09172901747820661,-0.1121897639042374,47.98834596462957,0.18907499023740537,0.057888588875815855,13.41023850181754,0.7366153963184245,0.024894240319589617,-0.08787526934603446,-0.260249363249005,0.6114143309720295,False,False,True,False,19.15391731262207,16.990581512451172,False,False
2025-07-07,18.004047393798828,194097862,-0.016227403823730027,0.0016223030363915368,-0.005296087087768627,-0.13833747250917056,-0.2054390419393138,0.11042706680457706,0.0025674646794331237,46.20475736509134,0.17547225634231778,0.05756413013364547,12.87161397662619,0.7132407531671987,0.010146371446378933,-0.09798408261752259,-0.2690678247521133,0.05745553151656435,False,False,False,False,19.15391731262207,16.990581512451172,False,False
2025-07-08,18.362350463867188,243240584,0.019705810075099556,0.07089570122539882,0.007435156776656711,-0.13687698587234928,-0.23613956164844738,-0.004496500578879701,0.11999835469913443,48.70247225003319,0.1863732349818582,0.055374064524732314,13.034012080808871,0.7138477584006879,0.029667316564506024,-0.07641392763222922,-0.251260485416563,0.2531852823809053,False,False,False,False,19.15391731262207,16.990581512451172,False,False
2025-07-09,19.5084285736084,443768517,0.060544208821113714,0.052475909987977236,0.10468932926796959,-0.11801284594464159,-0.282948867102292,0.06229433399825926,0.11009145070479104,55.775569253980564,0.26191039895284174,0.05383269560707399,15.316614028221535,0.7320292279312428,0.08952472485373844,-0.01572420243085693,-0.20161568281555114,0.8244016261694225,False,False,False,False,19.15391731262207,16.990581512451172,True,False
2025-07-10,20.68787384033203,541689104,0.05870111707848604,0.1096639246373094,0.1830524623081518,-0.0858928312165176,-0.17937170253338774,0.07662799449769357,0.09043012587165056,61.637823806041204,0.37553295595258696,0.05193325582888043,19.985096753706586,0.7570280841194539,0.1447845286202306,0.046423333042861906,-0.15059568305776033,0.22065690387855974,True,False,False,False,19.15391731262207,16.990581512451172,False,False
2025-07-11,20.691051483154297,653443134,0.00015358749912757367,0.1507772498206982,0.16306615401224828,-0.04269112686150391,-0.1824319390011002,0.010765078506096351,0.11194604432911329,61.65257240030525,0.431147849924924,0.051899830758704385,22.312761374538653,0.7430332255950712,0.13273493508934509,0.051423137781522424,-0.14725505461830427,0.20630658651756817,True,False,False,False,19.15391731262207,16.990581512451172,False,False
2025-07-12,20.672183990478516,418609980,-0.000912283276116771,0.142467025120982,0.13943355548645972,0.015411119988087736,-0.22037412599799094,0.05394233107760873,0.10724516128794258,61.501381359410146,0.44509969765732477,0.05110938758579372,22.995259435364073,0.713400073213102,0.11892318121278109,0.05298747041076559,-0.1444112118826069,-0.35937810312962903,False,False,False,False,19.15391731262207,16.990581512451172,False,False
2025-07-13,21.19805335998535,543346177,0.025120326791032665,0.14708536316501275,0.1231610547926794,0.08771825308569234,-0.16444188789915395,0.05359413132981667,0.08789036111376798,64.14088797281802,0.46595593793588685,0.04984924149023428,26.011855982199684,0.6969426521974182,0.1378456646372317,0.08173511383493585,-0.11917380217157844,0.29797712180679503,False,False,False,False,19.15391731262207,16.990581512451172,False,False
2025-07-14,21.281078338623047,566212798,0.003908982177234239,0.16722174916597699,0.16884405220236856,0.11546666835105449,-0.09636555327363451,0.11146230344277654,0.15140156911806602,64.55408706130547,0.4607230968275917,0.04936350960623262,28.47380163240289,0.6902195386694997,0.13301321202597366,0.08837188155958238,-0.11277468736477138,0.04208481069334913,True,False,False,False,19.15391731262207,16.990581512451172,False,False
2025-07-15,22.51393699645996,857272986,0.05631620251555469,0.20383214160643212,0.27472784283183094,0.163663978261099,-0.02531374360245255,0.18245150658554715,0.17857127830870467,70.06933874404865,0.5117420571662583,0.05002526774552636,32.21566712325279,0.7140353588337921,0.18307879933596655,0.15208140554999827,-0.05863513482207164,0.5140473493854161,False,False,False,False,19.15391731262207,16.990581512451172,False,False
2025-07-16,22.66943359375,678757694,0.006882939857924391,0.1501708726432428,0.20264678263121993,0.17243339962746224,0.021213619760628594,0.17455344196969086,0.17649367698089855,70.68881523036967,0.525422965214664,0.05048428601934486,34.5201443899579,0.7135554829400456,0.17445655376565178,0.16087493576701334,-0.04915313648182139,-0.2082362268674124,False,False,False,False,19.15391731262207,16.990581512451172,False,False
2025-07-17,23.859947204589844,871888122,0.05118372458053128,0.14265348014528795,0.25231740478259734,0.24783531454936497,0.032820408085419826,0.22388178383571228,0.1891314463001062,74.96161873586502,0.5798387522357057,0.050843688880275455,38.5077836684763,0.7221201639449752,0.2163406974116282,0.2214573361987295,0.003299715184725885,0.2845351584331359,False,False,False,False,19.15391731262207,16.990581512451172,False,False
2025-07-18,23.524816513061523,974862546,-0.014145318167349064,0.12835457447881113,0.2791318242995093,0.2587912495018803,0.054689834003612915,0.16765596883221087,0.22788000555288648,71.78911131654604,0.558249181758052,0.05337403114727327,40.81170222406904,0.7167405327024321,0.18254817744118726,0.20272776367423487,-0.008210621491498931,0.11810508871687553,True,False,False,False,19.15391731262207,16.990581512451172,False,False
2025-07-19,24.51840591430664,638080409,0.04136821151951476,0.17063506927444275,0.3131020943954246,0.30543893982812237,0.08221544531112956,0.2289608243621677,0.2468947366565578,75.14736542827256,0.5736761360091562,0.05347955037202832,44.492460481897886,0.7237838099123423,0.21485515767212499,0.24846704310675266,0.036118586229620366,-0.3454662797148841,False,False,False,False,19.15391731262207,16.990581512451172,False,False
2025-07-20,25.073537826538086,701378743,0.022388922842099646,0.16790366532550974,0.3149890284905225,0.367150091363256,0.07817755272188913,0.22982720818461966,0.25550316935428996,76.80848121595005,0.582206767808388,0.05182035494445594,47.17363750282295,0.7023511999055086,0.22089003325547812,0.27120273883094526,0.062410727405488656,0.0992011870403624,False,False,False,False,19.15391731262207,16.990581512451172,False,False
2025-07-21,25.453935623168945,868415767,0.01505735227735064,0.17905203542562598,0.3462737845916031,0.41607423725464976,0.008418655896856846,0.14218105067378423,0.25059968046584624,77.89859979816288,0.5734896384446024,0.05201981166801909,47.958438046460145,0.6823772730427171,0.21472327816057168,0.28452247895111504,0.08168566028050611,0.2381552416110222,False,False,False,False,19.15391731262207,16.990581512451172,False,False
2025-07-22,25.86503791809082,1243077434,0.016021797031765903,0.13875762994183724,0.34258977154826925,0.44953895558056767,0.11610038887678845,0.14658184463071097,0.1866814772825301,79.04498136675927,0.5550713033127124,0.05097367418676262,49.93035926565691,0.6729689009355903,0.21305611887225018,0.29912831758219816,0.10290945979539297,0.4314312121419601,False,False,False,False,19.15391731262207,16.990581512451172,False,False
2025-07-23,23.95308494567871,906923526,-0.07679504613975299,0.05507964394415985,0.20525051658740254,0.28020444839584724,0.041572061184262335,0.06891438360040741,0.04389634506081748,62.74460047717951,0.3820208800512237,0.05945055050977769,48.9044025625146,0.6864213684520037,0.10930333417054576,0.19971769682685947,0.025476612255317346,-0.2704207306847467,False,False,False,False,19.15391731262207,16.990581512451172,False,False
2025-07-24,23.654624938964844,682806176,-0.012538469822717686,-0.008642550459089038,0.13401092968619888,0.2606914123624554,0.009041759768791794,0.06400276553326271,0.07034643248079885,60.64230959656614,0.2232202976076807,0.061307527501386454,46.14614576698462,0.6906292844238292,0.08081654163746538,0.18062092487620177,0.01692738294174817,-0.247118244895987,False,True,True,False,26.33971405029297,16.990581512451172,False,False
2025-07-25,24.0047664642334,590812697,0.014693759813471643,0.020196527521731542,0.14855110200054283,0.3120951358461261,0.03962634752287064,0.06818755213897013,0.08719816913417512,62.240698861056714,0.12255929856935266,0.05939664539980855,43.12623817279712,0.6710977101758795,0.08179481304707666,0.19190025698235036,0.03645662432972747,-0.13472853971373566,False,False,False,False,26.33971405029297,16.990581512451172,False,False
2025-07-26,24.94505500793457,540019054,0.03842319317388689,0.017251509176103713,0.18788657845054646,0.37018034498170926,0.0650734036617047,0.13660261224265322,0.2024320099498939,66.20942179601363,0.10099834655520357,0.058357926297170605,40.63849849386298,0.6689256232513408,0.10758208022291493,0.23213178318214098,0.08039589762667695,-0.08597249730399747,False,False,False,False,26.33971405029297,16.990581512451172,False,False
2025-07-27,25.98979949951172,538780547,0.04102852761995217,0.03589111395395632,0.2037947792794659,0.39106897680663016,0.0983969416357213,0.17385950065693528,0.2793847616659128,69.98434628131375,0.1365819712292553,0.056405616767963296,37.65876819879995,0.6759229954114592,0.13386762475305278,0.2770310636273449,0.12843861086774253,-0.0022934505566538643,True,False,False,True,26.33971405029297,22.639957427978516,False,False
2025-07-28,25.087413787841797,1099619833,-0.035337856441446144,-0.014504094764840433,0.1645479406607857,0.3330108051155122,0.12015063351843679,0.15197323758846568,0.28517289953780733,63.396482499433695,0.08154475843231568,0.06073573270768354,33.25685043896142,0.6955062077302949,0.07867487033952497,0.22782708090166395,0.09188969237393653,1.040941973727199,False,False,False,False,26.33971405029297,22.639957427978516,False,False
2025-07-29,24.355276107788086,780523121,-0.029617773662595413,-0.060143665459201655,0.07861396448263562,0.2620002039681038,0.16961689540345226,0.15254799846522704,0.26054462146981966,58.5784798993786,-0.01672772338654882,0.06262550455553875,29.66710524146715,0.7006649223901561,0.03639624211188442,0.18919736965336248,0.06287674487962885,-0.2901882108923366,False,False,False,False,26.33971405029297,22.639957427978516,False,False
2025-07-30,23.30423355102539,661309834,-0.044113462459664,-0.027462081779112607,0.027617562165047144,0.25966075674089484,0.11364284491069969,0.07384652857577512,0.16332398815099183,52.419523084185904,-0.15726126668384155,0.06670322597446153,27.43673664430836,0.7028316131195178,-0.013818843548544303,0.13703317111851304,0.020078357151529946,-0.15273511289103758,False,True,False,False,26.33971405029297,22.639957427978516,False,False
2025-07-31,22.499839782714844,585941325,-0.03512685311877746,-0.050050465075172315,-0.058693015534261414,0.27410149173602505,0.07503203178180175,0.05722965448625911,0.22238384089635946,48.239267411623295,-0.3008172443227566,0.06927288835190196,25.298974842454925,0.6894526336917185,-0.05148905189285503,0.09681607640959455,-0.012092182251237064,-0.11396852900874899,False,False,True,False,27.306808471679688,22.639957427978516,False,True
2025-08-01,21.558088302612305,765144788,-0.042757115017302914,-0.10750133990594689,-0.08730481238421534,0.1523803766601868,0.017594754115226968,0.047981875029879384,0.1729737608523254,43.832147882467886,-0.44682240861489975,0.07181239112658867,23.9101473040987,0.6645711674930204,-0.09288372990090946,0.049677674159167975,-0.050579936295179026,0.30583858033908085,False,False,False,False,27.306808471679688,22.639957427978516,False,False
2025-08-02,20.869081497192383,350475266,-0.032482363954854265,-0.17840689703468807,-0.1611553878585843,0.11838491027617876,-0.013355756775467355,0.047484877519120984,0.1378520802637329,40.88887094228877,-0.5695608703456518,0.07261841813639837,24.452111940557028,0.6773238208470146,-0.12126741093522593,0.014695445886548034,-0.07774905105396705,-0.5419490905556557,False,True,False,False,27.306808471679688,22.639957427978516,False,False
2025-08-03,21.37859535217285,268323585,0.024121494843973385,-0.19531392981066684,-0.15942281585671061,0.18346614280441312,0.05932433367228183,0.08252759032251888,0.17805782854500965,43.88941718873729,-0.5934971276644471,0.06864888365630907,24.309749191195777,0.6608578652681701,-0.09999813231325623,0.0370303594562698,-0.05136007622157001,-0.2344007950620972,False,False,False,False,27.306808471679688,22.639957427978516,False,False
2025-08-04,23.090251922607422,574414794,0.07702032948200233,-0.08295574388721845,-0.09745983865205887,0.25308853086281596,0.20573309254820005,0.14227019819889608,0.3671521354184587,52.59504550098928,-0.4761806595313899,0.06442104895889503,23.9537104853385,0.7056598429471723,-0.02911812285818357,0.1157560863518832,0.02846140417972453,1.140754022796766,False,False,False,False,27.306808471679688,22.639957427978516,False,False
2025-08-05,21.903446197509766,441314304,-0.05276654871115453,-0.10610451893577769,-0.16624818439497935,0.1798199934046595,0.10762750755307725,0.11471935555509855,0.27154901088286615,47.134433518789216,-0.46036742304089495,0.06836856257965514,24.65245009034013,0.7355382635114969,-0.07753453107233103,0.055526550014266235,-0.02014738394324037,-0.231714940823756,False,False,False,False,27.306808471679688,22.639957427978516,False,True
2025-08-06,22.230154037475586,372181882,0.01480567215380175,-0.04718538432231193,-0.07464746610142459,0.21085306938219125,0.0725155968730207,0.005414027442877547,0.32128013618676843,48.71301942520952,-0.4113652313279875,0.0650588804182952,25.34977293431,0.7316931108229525,-0.06055106714116876,0.06755854413981933,-0.001732712555505852,-0.15665121518472236,False,False,False,True,27.306808471679688,20.682100296020508,False,False
2025-08-07,23.346223831176758,549785933,0.048985593531296015,0.036927062327761516,-0.013123402747410955,0.24013285283838776,0.10325586696603842,0.003993291189940245,0.235636352259508,53.78939205861003,-0.2928168009536873,0.06174231131525655,25.381786339638385,0.7450833035339735,-0.013013369389957586,0.11559941943289855,0.05127211184506956,0.4771969286780058,False,False,False,False,27.306808471679688,20.682100296020508,False,False
2025-08-08,23.797428131103516,729617997,0.01914226237544737,0.09882643972051161,-0.008674900185435304,0.19873090639272128,0.08071806044807964,-0.08421796070957076,0.26102524039098046,55.698503660615714,-0.17865541397871693,0.05870401302086149,25.207344385122603,0.7219750672889482,0.007597359743596387,0.13096442242009113,0.0745316506528192,0.3270946985105929,True,False,False,False,27.306808471679688,20.682100296020508,False,False
2025-08-09,24.247360229492188,727745169,0.018730241822404493,0.15003904549777028,-0.02836785153691781,0.15876003113663964,0.07286719992012211,-0.020611671396748025,0.23538802563433336,57.58047857411917,-0.07290226646660747,0.056498643917165366,24.74584996209489,0.6987765041055761,0.02844655120776725,0.14486191625778264,0.09798957955540043,-0.002566861025496303,True,False,False,False,27.306808471679688,20.682100296020508,False,False
2025-08-10,23.863525390625,504053150,-0.01595659601752947,0.10996095463626775,-0.08535297517439931,0.14264984761998253,0.09995872075847867,-0.03978209138111765,0.15341492612607893,55.41763303774918,-0.03100589438871104,0.05693086459367232,23.765643888640707,0.7025169801202578,0.015591713130213144,0.11926272025026968,0.0837708999387701,-0.30737685185513064,False,False,False,False,27.306808471679688,20.682100296020508,False,False
2025-08-11,22.852481842041016,672266231,-0.043291432951458174,-0.010350807797192722,-0.09330655168441121,0.10027069794464118,0.11568181793272886,-0.12010342805334984,0.15421302902224987,50.08137709653715,-0.07128631497151477,0.06111451921752939,22.11932367751453,0.7220991050380544,-0.0211617983711105,0.0654927400113132,0.04086501926578454,0.3337209201053499,False,False,False,False,27.306808471679688,20.682100296020508,False,False
2025-08-12,24.666894912719727,723957827,0.07640233173819864,0.11881807265216028,0.01271355371638281,0.15155270289180706,0.2392709559774993,-0.012889185007346864,0.20514683422162389,57.91354534306169,0.019514525633236357,0.05850745943808607,22.528324557585734,0.7625854426978692,0.05494206652006681,0.14308921517752243,0.12624333153429765,0.07689155518507662,False,False,False,False,27.306808471679688,20.682100296020508,False,False
2025-08-13,25.53123664855957,830742273,0.034440611403487725,0.1384530119018465,0.0912676275795345,0.18208433211806077,0.29755100046911526,0.0857187788444262,0.29354663556083727,61.04880958084508,0.12703882057769167,0.056004938308126306,23.809256797848064,0.7694152328306471,0.08754361812309208,0.17518728333272932,0.1686662433422694,0.1475009206579101,False,False,False,False,27.306808471679688,20.682100296020508,False,False
2025-08-14,23.670026779174805,1194349911,-0.0756931142347692,0.013774304135781358,0.0507013664635426,0.05007501536773679,0.21373899362883586,0.024761271765284306,0.23252652195328416,52.055969125372464,0.06518056826933771,0.0643206766902005,23.750619595765187,0.7981555017248381,0.008981766430461006,0.08343216863574839,0.0865018513033216,0.4376900632333658,False,False,False,True,27.306808471679688,22.687213897705078,False,False
2025-08-15,23.756633758544922,1228378186,0.003652252748081676,-0.0017157054915843898,0.09711073422892721,0.046844328257894106,0.21927772788535618,0.06805794801852268,0.22139777022758483,52.407288712489574,0.024555889762553296,0.06585677098734118,23.12939911461617,0.7979694146433196,0.015245115871539473,0.0809353431882092,0.09309718966475025,0.028491043275173045,False,False,False,False,27.306808471679688,22.687213897705078,False,False
2025-08-16,24.313249588012695,447538373,0.023159644658526556,0.0027136973445377865,0.1527527428423081,0.01882024833588948,0.26665556288525444,0.051640656421309265,0.2427020321716017,54.704546719742005,0.02930851567527132,0.06196286264384585,21.22084169202774,0.7818600001359725,0.0427678170647261,0.09952222520410435,0.1207220638947764,-0.6356672740523577,False,False,False,False,27.306808471679688,22.687213897705078,False,False
2025-08-17,25.075254440307617,677983365,0.030860028680366115,0.04953032204243308,0.1594912766787008,0.06382559518360455,0.32261684468548485,0.11851542918721727,0.23148156401581543,57.71377484655093,0.07529426396487188,0.06028982674718629,21.206502301724527,0.7869006093189327,0.07547738773176953,0.12675342415184257,0.15790164571341045,0.5149167220125725,False,False,True,False,25.966611862182617,22.687213897705078,False,False
2025-08-18,23.700531005859375,845916501,-0.05638402776669691,0.036437727227194315,0.026086919430001694,-0.03392664410260716,0.2715122957255151,0.04828880120852239,0.19503418025956046,51.11597099741262,0.008180867297679972,0.06475808911146652,20.902079253937092,0.7993204379744484,0.017944811547394256,0.06025533418784457,0.09710844225687697,0.24769506844758649,False,False,False,False,25.966611862182617,22.687213897705078,False,False
2025-08-19,22.331470489501953,629987997,-0.059500536874463085,-0.09946514138546722,0.01935293126669296,-0.11581610381916987,0.25133398754408626,-0.037638551097280724,0.11401110436544978,45.53331140066055,-0.12595993882940082,0.06933181806120124,21.24688592248598,0.8197674820538334,-0.03884887541113146,-0.004869207186895747,0.03662904255169102,-0.25525983208122804,False,True,False,False,25.966611862182617,22.687213897705078,False,True
2025-08-20,23.42913055419922,533017799,0.0479832272762278,-0.08592252551272739,0.05253048638911903,-0.08289022882029265,0.333184008434357,-0.0744715729234358,0.05929082185349164,50.2269405354853,-0.13737291100134502,0.06515587013965389,21.014195267612827,0.8371907577539098,0.006382035129823307,0.038193517997484945,0.08979631415513982,-0.15392388182278338,False,False,False,False,25.966611862182617,22.687213897705078,False,False
2025-08-21,22.77045440673828,402640962,-0.028516307347361824,-0.03874571862531992,-0.024971414489538733,-0.12742833319942032,0.32211062238114724,-0.011327944322631922,0.019153511431290612,47.577419118303354,-0.18303634090961973,0.06488076411973809,19.962002504296635,0.8390246998276664,-0.02445109247286671,0.005211719553956546,0.06034342585124843,-0.2446012820671304,False,False,False,False,25.966611862182617,22.687213897705078,False,False
2025-08-22,25.23882293701172,1050508414,0.10291956550535074,0.06052159413194919,0.05880588864036477,0.05228627844568342,0.33249072684153064,0.09385833962994572,0.1212006620460908,56.778752301953475,-0.04779567890251407,0.06310604758646687,18.471218345555187,0.8767666061188784,0.07127286269968072,0.10762708098647569,0.1761576488252339,1.609045062831933,False,False,False,False,25.966611862182617,22.687213897705078,False,False
2025-08-23,26.21869468688965,1233455583,0.03808929222725868,0.07545124170068125,0.07816493904521896,0.10291404049565986,0.3636054528581152,0.11195580026445162,0.1669168060289225,59.795577237418634,0.09885917314082021,0.06235449560429323,18.71927322153161,0.8841405120007265,0.1015488303296856,0.1421848181513479,0.22190776797055656,0.1741510744339454,True,False,False,False,25.966611862182617,22.687213897705078,True,False
2025-08-24,25.72537612915039,898451908,-0.018994791221808884,0.02559642179850653,0.07512674384093972,0.06922548946037943,0.38132062530650546,0.10885183698324995,0.1374130415993495,57.61519447015266,0.1507394448457946,0.0633132026830561,19.655300441099282,0.8865444708532905,0.07487255663147334,0.11313104955713685,0.19895792614872582,-0.2715976802222638,False,False,False,False,25.966611862182617,22.687213897705078,False,False
2025-08-25,23.379615783691406,940439266,-0.09561338040305883,-0.013632930837855458,0.02280479638933885,-0.06481108411656637,0.3053692608651427,0.0002623195451383122,0.0717915281260868,48.549706998552324,0.021935123175811755,0.07318634581350349,18.152273299910096,0.9395157646955821,-0.02614264704469792,0.007201781000231388,0.08991773207576956,0.04673300554669191,False,False,False,True,25.966611862182617,22.267305374145508,False,False
2025-08-26,24.180391311645508,618664019,0.033677505970258044,0.07954511200686569,-0.01992002937860154,-0.07216210576626034,0.3189068710403698,0.026234835869460925,0.10169739489067477,51.36310887265358,-0.012612091821384341,0.06925089173943658,16.767776189447424,0.9356043647251282,0.003138435360638768,0.03618531955820336,0.12731956703415315,-0.34215420243841665,False,True,True,False,26.686969757080078,22.267305374145508,False,False
2025-08-27,24.42285919189453,776300691,0.009977517520909022,0.04153940225154714,-0.04438312326118027,-0.026846731803905143,0.30616407331160705,0.09330390171453158,0.12512650578456055,52.21515326802859,-0.021870900582606545,0.06773856413984539,16.51099880791776,0.9288560762011391,0.010939689730484144,0.041167660460210274,0.13867062152962542,0.25480174563053093,False,False,False,False,26.686969757080078,22.267305374145508,False,False
2025-08-28,24.89027976989746,632225259,0.018957810715416936,0.08901352031432602,0.05026780168900595,0.021728852574107334,0.2837290565422111,0.19134574797755943,0.1742768510393343,53.892065677844165,-0.00038826033165623164,0.0639498323916761,16.616112010305592,0.9253975342588606,0.027962634919911147,0.056247444900103104,0.16046935708228185,-0.1855923016304516,False,False,False,False,26.686969757080078,22.267305374145508,False,False
2025-08-29,23.575597763061523,845036299,-0.054265172568026966,-0.06817121775905173,-0.007649623627102583,0.011577142465744199,0.27123789920663915,0.12521998737644402,0.08542367104151947,48.713956968175374,-0.07449236962504424,0.06860903713025027,16.7958651140285,0.9322405464479685,-0.024980890820434774,-0.0019885907825883346,0.09970352383564468,0.3366063550459948,False,False,False,False,26.686969757080078,22.267305374145508,False,False
2025-08-30,23.78620147705078,319309453,0.008893458672758467,-0.09736705131355189,-0.02191580961287053,0.055597454257280285,0.3296989459933054,0.13062948603908212,0.11282710874353935,49.55020617553975,-0.10711378731322702,0.06542601923549841,16.820766299981692,0.9237409035778006,-0.016113606932990666,0.004295010820692047,0.10994286526686571,-0.6221352226195906,False,True,False,False,26.686969757080078,22.267305374145508,False,False
2025-08-31,23.406009674072266,293421664,-0.016112829605670485,-0.09448508969741351,-0.0688886678989071,0.0822417396689127,0.2346221163290996,0.09983649378413971,0.13022361469879212,48.027731737328125,-0.14948364463565367,0.06412606095005403,16.317495417819885,0.91214822125339,-0.03294684575771739,-0.014033492919458728,0.09298924904050096,-0.08107429566139401,False,False,False,False,26.686969757080078,22.267305374145508,False,False
2025-09-01,23.183116912841797,736005355,-0.009568518586400352,-0.008440227880755003,-0.022073158718610396,0.1051555850373667,0.22354049531354556,0.09179982826189942,0.15264046255648783,47.11376528206745,-0.18536337629977767,0.06500197340404275,16.6655674753599,0.9044807722699576,-0.03921095119430386,-0.025053236882081036,0.08314556781258914,1.508353831024556,False,False,False,False,26.686969757080078,22.267305374145508,False,False
2025-09-02,24.452800750732422,744153049,0.05332046501071913,0.011202731159705858,0.09074784316657176,0.13435455520411244,0.3178206980085256,0.1936788888763944,0.21688214552663138,52.642334784020484,-0.11961911585906787,0.06133110090801093,15.890244612393916,0.9184833616861487,0.015678910526433082,0.025606271807336014,0.14298538108568737,0.011070155868635023,False,False,False,False,26.686969757080078,22.267305374145508,False,False
2025-09-03,25.17866325378418,758957141,0.02925218009649781,0.030477393735294605,0.07201679598684185,0.08658640581860805,0.33967493668142396,0.2923194983668081,0.22885660401750416,55.50595530669529,-0.028058099682591542,0.059039050430112636,16.242177255587535,0.8855203839037622,0.04256204184371272,0.053695283049176985,0.176999617540263,0.019893880727753332,True,False,False,False,26.686969757080078,22.267305374145508,False,False
2025-09-04,24.23689079284668,507788490,-0.038121054236936784,-0.026601471217058987,0.062412049097266976,0.10123190029282587,0.2810518936974855,0.20885940784590326,0.21595125584792438,51.1816552767053,-0.03147603834769008,0.06003742737306328,16.158646618645825,0.8753507304575866,0.002569631292636629,0.01295437677716056,0.13313460875968897,-0.3309391761820184,False,False,False,True,26.686969757080078,22.700660705566406,False,False
2025-09-05,24.47858238220215,658900687,0.009922661391270893,0.03758636274223876,-0.03058485501681285,0.09634888953029513,0.3072019589124864,0.1688644864033158,0.10176291697317262,52.2106371207313,-0.018648120706432653,0.05859649157313155,16.183479171874104,0.8747136107351617,0.012221177772837688,0.022526860403428516,0.14458150863206506,0.2975888583059454,False,False,False,False,26.686969757080078,22.700660705566406,False,False
2025-09-06,24.382219314575195,268495515,-0.003944396703180769,0.024748507366299535,-0.0726185439472524,0.043418899295818394,0.28355175213420614,0.14667476626185688,0.0474121904857587,51.7423581634857,-0.017841431318852963,0.05608584826366927,15.872970150276425,0.8591983033684971,0.009683209913833713,0.017772508193868476,0.13983749379150073,-0.5925098876092081,False,False,True,False,25.609949111938477,22.700660705566406,False,False
2025-09-07,24.692548751831055,334443925,0.012647378115667763,0.053508715087637736,-0.040976374609775885,0.03692401503603885,0.23565492142876007,0.11764207548411841,-0.04729394567353202,53.198170906170645,0.001383126883223701,0.05325384200370851,15.860403534868375,0.857812318365068,0.020438164923220082,0.03057657755858155,0.1540847893837817,0.24562201718713994,False,False,False,False,25.609949111938477,22.700660705566406,False,False
2025-09-08,25.272720336914062,625453896,0.02322403829753678,0.08630127197157471,0.07786104409081972,0.041417811511171014,0.20017784264781072,0.1142850114312932,0.02080614011442302,55.878033026185506,0.04836140838471373,0.051689427469943906,14.53442331301983,0.8591083757885634,0.03810514142479932,0.054615471820617725,0.18116700532605612,0.8701308328444,False,False,False,False,25.609949111938477,22.700660705566406,False,False
2025-09-09,25.93682289123535,907855023,0.025938125798433475,0.058918932759289104,0.07012166391899492,0.08331253332713394,0.22596238094711654,0.18327125408561246,0.043530441946016234,58.78705281464716,0.11551855977358744,0.05046559180779846,15.084179600866007,0.8608937756178663,0.05992494860265846,0.08189205796465793,0.21180360660086886,0.4515138986359435,True,False,False,False,25.609949111938477,22.700660705566406,True,False
2025-09-10,29.427661895751953,1786690378,0.1262714205496126,0.15593817321240377,0.18641556694769856,0.25287538682820476,0.35314608477284587,0.3685572047609336,0.13277195877485487,69.98821319482303,0.3719353733454427,0.050170138837350324,21.785969732705794,0.9456818765478362,0.18644169329365226,0.22386650913968106,0.3737414694325663,0.9680349094681386,True,False,False,False,25.609949111938477,22.700660705566406,False,False
2025-09-11,29.175559997558594,1099173268,-0.008603740381042602,0.18545548706829798,0.15885401585123887,0.16786931470896344,0.31942201760077066,0.4071402706864629,0.1549801297016167,68.53943845838728,0.49382122335932943,0.049995728622719435,26.448607503291676,0.9147575862392175,0.16701630091731165,0.20813377691777912,0.36061043411176785,-0.3847992458377699,True,False,False,False,25.609949111938477,22.700660705566406,False,False
2025-09-12,28.978519439697266,882384250,-0.006776525870494576,0.16875629980653248,0.2063426625487713,0.12665217743498106,0.3087365095530419,0.4242031779040963,0.21237095627940739,67.36567968850456,0.5273845816972678,0.04939771973020754,29.472414436396004,0.9096829963437142,0.15277185643877253,0.19470685765584686,0.3491884929601036,-0.19722915786922135,False,False,False,False,25.609949111938477,22.700660705566406,False,False
2025-09-13,30.040700912475586,1504154570,0.03599831271264751,0.20869900922236084,0.23344751658866028,0.238343604382398,0.2884186197501347,0.45208259801123385,0.2631048761476822,70.3167375023205,0.582988258721373,0.04995041136937228,33.721585862129835,0.8686875055699758,0.18485578062905356,0.23236439405229392,0.39600642513478607,0.7046480260725416,False,False,False,False,25.609949111938477,22.700660705566406,False,False
2025-09-14,29.49125862121582,1011896647,-0.01845925775267725,0.17759237335401581,0.23110108844165347,0.216232093881639,0.26307642213953303,0.43550982176699526,0.2842900419001616,66.94444130100747,0.5453127321337472,0.051025321249597876,35.329310492207036,0.8734733656103105,0.14933232481121517,0.205328669696987,0.36802783787746807,-0.3272655170006896,False,False,False,False,25.609949111938477,22.700660705566406,False,False
2025-09-15,29.844894409179688,1233415310,0.011919882130758433,0.16628821718723757,0.2525894891588121,0.20499233135387093,0.2238125796897603,0.4716478942391252,0.2566329877751801,68.00791879218538,0.507536076439381,0.051620793362050575,37.20496375997227,0.8717680072147934,0.1504160966322112,0.2159503014292907,0.3820754751072305,0.21891431665155037,False,False,False,False,25.609949111938477,22.700660705566406,False,False
2025-09-16,30.081283569335938,1106072756,0.00788938638333068,0.1482394777721348,0.20715841053142386,0.1820216890568356,0.2458472842404401,0.5046385337423205,0.3005371182440528,68.73208581447741,0.4630371664351869,0.051528126961155774,38.836075414753125,0.8674711435845341,0.147019114005791,0.22061437552672525,0.39053914000276696,-0.10324385709141226,False,False,True,False,31.18433952331543,22.700660705566406,False,False
2025-09-17,31.76580047607422,1189235928,0.05448708431621264,0.07645514153873481,0.23239331475113859,0.2928928011397452,0.25896615703713793,0.5644050968652603,0.3411816023482675,73.35979729913075,0.5080183583859887,0.05090463740575507,42.07501322880936,0.853093491487631,0.19557871936773932,0.28126189448845124,0.465057194090508,0.07518779533161202,False,False,False,False,31.18433952331543,22.700660705566406,True,False
2025-09-18,35.23206329345703,2214636607,0.10356630267471263,0.18862518459449007,0.3740806716627881,0.4559596406889209,0.3401435368697511,0.707293628233007,0.4183210895916402,79.93919932360572,0.7192749412482864,0.049961684502591704,48.35745179466212,0.8757724916476062,0.2975759823220422,0.4075289580402852,0.6210761858137548,0.862234864300198,True,False,False,False,31.18433952331543,22.700660705566406,False,False
2025-09-19,33.7672233581543,1550014612,-0.04246594814328776,0.15293576232169687,0.3216920621282294,0.3655104652694053,0.2826202364491126,0.6986944737037623,0.2910388923459695,71.86198720735524,0.7073444678789822,0.05329209669152392,50.41804273655812,0.8898701601947409,0.2211817742392468,0.3369719238999817,0.5491042300687995,-0.30010431187639086,True,False,False,False,31.18433952331543,22.700660705566406,False,False
2025-09-20,33.18632888793945,860272327,-0.017352598237955815,0.0995848513710935,0.3082838605934543,0.3766741743788114,0.24924584117939097,0.6987847967599587,0.3653462300561795,68.88932620835322,0.610949240044456,0.05278653153388831,50.33410307549653,0.8842781263279303,0.1793175240393833,0.3019832999197763,0.5178670663299245,-0.4449908276090496,False,False,False,False,31.18433952331543,22.700660705566406,False,False
2025-09-21,33.04840087890625,722469169,-0.0041648304112192934,0.11387927871255149,0.29147165206656733,0.2695897784622414,0.3218760569079248,0.602080505303772,0.3634481180921872,68.16827127657453,0.4935429453958,0.051208544740426944,48.936504414529715,0.8233357218807372,0.1541846574483842,0.28429862683206614,0.5076556937225973,-0.1601855060019849,False,False,False,False,31.18433952331543,22.700660705566406,False,False
2025-09-22,33.729732513427734,2109916174,0.020406538592045997,0.12236593517383905,0.2886541523610766,0.2519070248270286,0.35482106532268837,0.6155124776851437,0.3638628250914801,69.84720942043188,0.42028030539596095,0.05452466423053117,48.56566647079059,0.8177601966828499,0.15920115549270164,0.29831268835024,0.5342929588230081,1.9204238250338403,False,False,True,False,35.746768951416016,22.700660705566406,False,False
2025-09-23,33.65406036376953,2623574371,-0.0022460054039120016,0.11223054338659649,0.26047002115873125,0.26865581064492555,0.33788130010530487,0.649976435951431,0.37750764762817557,69.40933001055701,0.3292584847374185,0.05729032075387396,48.04224365827059,0.8127707030070264,0.1399977574676774,0.2849502574634852,0.526145043974583,0.2434495755469761,False,False,False,False,35.746768951416016,22.700660705566406,False,False
2025-09-24,32.34635925292969,1422529661,-0.039632241210506146,0.018111217859877633,0.09456635939861247,0.32463694983747826,0.2598258657209119,0.6300062107026211,0.32489926938261654,62.157373007025356,0.15250141119267857,0.06083275536611542,45.149032899413484,0.7425423897423282,0.08085513147853847,0.2252500534354222,0.46290437093772635,-0.4577894658813162,False,False,False,False,35.746768951416016,22.700660705566406,False,False
2025-09-25,28.660615921020508,1693878830,-0.12097755941631753,-0.20643264423115254,-0.01780745963666235,0.16998188445090265,0.09781977868464219,0.4888887554912724,0.19621672032036355,47.19149022727411,-0.22083564059322391,0.07403569060477183,41.895093284758,0.867982382633101,-0.04894928394754609,0.08037436824748184,0.2930824925633411,0.1907511501793564,False,True,False,False,35.746768951416016,22.700660705566406,False,False
2025-09-26,29.106338500976562,1647707011,0.015432055577628646,-0.14853464051023613,0.004401121811460598,0.1754364225076221,0.14858969070371691,0.48160049581922915,0.2687403242221536,48.797058686022815,-0.43365043745588006,0.07357432107574519,37.953009029509765,0.8685317372146176,-0.041670239576379955,0.09243207844831015,0.309405268647118,-0.027258041237813946,False,True,True,False,35.910240173339844,22.700660705566406,False,False
2025-09-27,28.790525436401367,587957087,-0.010909613247477579,-0.14209165551975786,-0.04250680414866437,0.14556899854472763,0.1672978511188348,0.4292980550869386,0.336914746522287,47.690668124519874,-0.5823079401366233,0.07114289213893044,34.05003878670055,0.8691054629110146,-0.05842061848620651,0.07654388723127627,0.29190948294443975,-0.6431664834373882,False,False,False,False,35.910240173339844,22.700660705566406,False,False
2025-09-28,30.007946014404297,839460836,0.04141585862378646,-0.09651096648475203,0.017368312227799367,0.241250029736541,0.2528271722022853,0.5124879289431801,0.3664700171129848,52.19076479480849,-0.5837854350817313,0.0685264553081869,29.964839879998266,0.8510832327798846,-0.026146204629149437,0.11725287971486155,0.34319068994307333,0.4277586826672608,False,False,False,False,35.910240173339844,22.700660705566406,False,False
2025-09-29,30.452417373657227,1273919331,0.014703165564412672,-0.1022143395123855,0.020151595661453595,0.24705973662819503,0.30265719088547527,0.5767586826215004,0.377689222667277,53.754976394112376,-0.5409331480983652,0.06640962089423397,26.077017698015613,0.8513976136435306,-0.01891040014353081,0.12826573866637234,0.35944910515380907,0.5175446862657449,True,False,False,True,35.910240173339844,27.136812210083008,False,False
2025-09-30,30.00381088256836,981285193,-0.014840976288720546,-0.11480931039719404,-0.002578767010597625,0.24833158994514504,0.33057332961405766,0.4829537062742445,0.34816808372928476,51.90897257945861,-0.528303446258608,0.06690073932510711,25.8064219116842,0.8509512654952472,-0.03425951282946941,0.10578509067151529,0.3360128346524104,-0.2297116708090836,False,False,False,False,35.910240173339844,27.136812210083008,False,False
2025-10-01,30.704654693603516,1013650964,0.023089858770806902,-0.0520872104158811,-0.03397599255600345,0.28098996730235204,0.3861455523397188,0.5045304626158975,0.37278979556425146,54.535755992194424,-0.4607194017432419,0.0640290788294048,25.165223420319847,0.8499549610529766,-0.014127373157573071,0.1266007276829458,0.363791983929475,0.03298304227036275,False,False,False,False,35.910240173339844,27.136812210083008,False,False
2025-10-02,31.023582458496094,1558734326,0.010333377964210697,0.07922372696464719,-0.12720891726650535,0.2380028802558439,0.37235743545995637,0.5558235782643695,0.43168176913223827,55.72101598951948,-0.38555682430094684,0.06285203003313036,24.27162516982861,0.835071147261763,-0.007146866831054945,0.1337332184775672,0.37407223000762946,0.5377426563568088,False,False,False,False,35.910240173339844,27.136812210083008,False,False
2025-10-03,31.361156463623047,1167826177,0.010822432082497373,0.07461410346951602,-0.07392053704072,0.2195731322418435,0.3061595380604515,0.5592480689232674,0.5118926306086515,56.99888037755389,-0.30751559426697805,0.061114642025103375,23.961521751854505,0.8316165439963119,0.001540379851370581,0.13966318122913182,0.38518042470839187,-0.2507856165605479,False,False,False,False,35.910240173339844,27.136812210083008,False,False
2025-10-04,30.14284324645996,675889608,-0.03962254842833136,0.045901168288662156,-0.0961904872310957,0.2180716380504488,0.31930353834327463,0.49912353174793433,0.42693104589635195,51.25032896317123,-0.3303533282396791,0.06258915962973277,23.599082292646607,0.8326649822356416,-0.03836782250629873,0.0903289740736968,0.3281014067316671,-0.4212412589206759,False,False,False,False,35.910240173339844,27.136812210083008,False,False
2025-10-05,30.085981369018555,788787448,-0.001888195384800622,0.002597114280075062,-0.09391385220467699,0.2062607812743772,0.3026096708046723,0.5134627401868637,0.3751252676776931,50.991841364141834,-0.3403487975514434,0.061677407927441086,23.474476974067137,0.8332102016639005,-0.04055082828035871,0.0837461858758102,0.3225840125844811,0.16703591631490222,False,False,False,False,35.910240173339844,27.136812210083008,False,False
2025-10-06,30.712078094482422,805717499,0.020596672477620707,0.008490621193283178,-0.09372371831910235,0.2308018504551786,0.274220749750997,0.5143536025893847,0.3774766167170355,53.757444160882315,-0.29741045887499906,0.05842197323510843,23.236607427105344,0.8335963028375215,-0.02156856890837332,0.10182475516442054,0.3465611903605425,0.021463387941741185,False,False,True,False,31.529491424560547,27.136812210083008,False,False
2025-10-07,27.952503204345703,1112567191,-0.09414924482078264,-0.07081764733877893,-0.185626957735973,0.12400522751872833,0.16092924255476707,0.3596601489474884,0.24164730300284673,42.40016289951606,-0.4389329278811598,0.06673654951645488,25.22868410225638,0.9057218141154476,-0.10404138254747727,-0.00022777090577740035,0.22320923574128518,0.38084029747503356,False,False,False,False,31.529491424560547,27.136812210083008,False,False
2025-10-08,28.81521987915039,716426782,0.03039695990313698,-0.06351054620644882,-0.1155977566223299,0.1311781491243285,0.17259596063549965,0.33135599177213926,0.2454631605556217,46.2251145819526,-0.4564864135923514,0.06381769938272505,23.316191833727803,0.9079674943622762,-0.06679177783427721,0.02587081079051201,0.25837516358069723,-0.3560597617874568,False,True,False,False,31.529491424560547,27.136812210083008,False,False
2025-10-09,28.384201049804688,602237170,-0.015071026266806935,-0.08891495043746644,-0.009691223472819338,0.09016899705908836,0.1734815303862222,0.3161313780062047,0.27344025114470083,44.63052320768057,-0.4769411121243906,0.06315240197882731,22.861808873865613,0.9069753007595031,-0.07266743854148769,0.006973027034541624,0.2372364508123138,-0.15938769301899158,False,False,False,False,31.529491424560547,27.136812210083008,False,False
2025-10-10,20.73358154296875,2350323050,-0.3140780067799085,-0.4138153892998725,-0.33920128583035647,-0.35018043027043283,-0.09730504344222814,0.0029656545024131205,0.018376774490500732,26.895393706608886,-0.9577929692139158,0.14215827261977593,35.83408532603863,1.3473880120698727,-0.30855334101550996,-0.26337984254283064,-0.09610254359839154,2.9026535841353,False,False,False,False,31.529491424560547,27.136812210083008,False,True
2025-10-11,21.472492218017578,1589010716,0.03501800171076079,-0.33917483916078034,-0.2932736708721181,-0.30655868817862936,-0.13868937346966595,0.012863329422141249,0.10058158250783346,29.796997391550946,-1.164422576339365,0.13671144836649804,43.09121563591714,1.3571940794461355,-0.2698170996833884,-0.23508084150572298,-0.06359277361817806,-0.32391816690901276,False,True,False,False,31.529491424560547,27.136812210083008,False,False
2025-10-12,22.583330154418945,1271748794,0.05043934608600329,-0.28684729768997635,-0.2842501834099013,-0.2493428162221316,-0.12269063878715045,0.05939369333091027,0.17486036168196478,34.035817460685124,-1.1619536407908209,0.1289692893681298,46.23335700198652,1.3735948350621392,-0.21720704305794336,-0.19342012923522178,-0.01526454503904297,-0.19966002671060656,False,False,False,False,31.529491424560547,27.136812210083008,False,False
2025-10-13,23.838850021362305,1570962949,0.054104573346772496,-0.25333939682082446,-0.24484877562754137,-0.23123655558800663,0.007107048794391314,0.057182064162128184,0.22084604242322728,38.55183657248659,-1.0166736250970878,0.1197753243696155,46.737420691529415,1.3823700183783116,-0.15938807500381474,-0.1474294338032698,0.039065292439253226,0.23527771869072445,False,False,False,True,31.529491424560547,10.638627052307129,False,False
2025-10-14,22.770381927490234,1229012211,-0.04585595046393629,-0.20504610246397803,-0.27586374980275713,-0.2586332482992656,-0.042401154417626555,0.004443173840267496,0.17687657346772973,36.27576054346528,-0.9354924871213397,0.12240062858844003,48.68950797184736,1.3883419951612388,-0.18327548744279454,-0.1852870052182767,-0.008024222133054907,-0.21766951169514814,False,False,False,False,31.529491424560547,10.638627052307129,False,False
2025-10-15,21.916133880615234,728451123,-0.03823758074623297,-0.27368064311334805,-0.3371911893197968,-0.30879071117625684,-0.10379837982238609,-0.0849781314864966,0.1628571830628684,34.52094493879555,-0.8829397337446798,0.12328705170860538,52.66653196536297,1.3900242118158144,-0.20429102417550707,-0.21457897537379128,-0.04570900282058439,-0.40728731864487555,False,False,False,False,31.529491424560547,10.638627052307129,False,False
2025-10-16,20.959125518798828,808359413,-0.044648935313432545,-0.3032585521599737,-0.3921735025974402,-0.36132903287302026,-0.17930734381618468,-0.1154817486325802,0.14330950086930014,32.6173271598867,-0.85563112436124,0.12540372302573452,57.14885153250274,1.393450438017814,-0.2276134942251119,-0.24700642235465986,-0.0877962009022424,0.10969615870850946,False,False,False,False,31.529491424560547,10.638627052307129,False,False
2025-10-17,19.956615447998047,925795295,-0.04901344737943552,-0.038193992759500715,-0.45200938205937313,-0.4648295645686684,-0.1719367634289233,-0.2058634075315304,0.09957553229659183,30.70706455462161,-0.8465302741599243,0.12992800097971505,62.28179030854819,1.377933142781418,-0.252388884231559,-0.28047263297034997,-0.1316528638196194,0.1452768163658409,False,True,False,False,31.529491424560547,10.638627052307129,False,False
2025-10-18,20.20686149597168,345603953,0.0124615349763526,-0.06075045949390888,-0.3999252986546891,-0.5559343322670283,-0.09997469157810752,-0.21579079539727733,0.15135929596597864,31.781085317309206,-0.7674413937132978,0.12103365180333957,65.81659401588111,1.314016403808717,-0.2288573260109894,-0.2696760379534863,-0.12084344589645318,-0.6266950643770555,False,True,False,False,31.529491424560547,10.638627052307129,False,False
2025-10-19,20.594934463500977,448813688,0.019022920979123607,-0.09216688460078862,-0.37901418229076494,-0.494445463144617,-0.12893499787521173,-0.2118252266955044,0.20424901055914538,33.50240101535837,-0.6380863954126308,0.11394037335673696,67.84517363418477,1.317419061176217,-0.1989809409328176,-0.2539291234764351,-0.10446212673247375,0.29863586369337614,False,False,False,False,31.529491424560547,10.638627052307129,False,False
2025-10-20,20.35658073425293,588464549,-0.01164090850926293,-0.15791236645682402,-0.4112517632776484,-0.48873377341592417,-0.11205959903711275,-0.23948793223653314,0.21005102334403464,32.95243422130076,-0.5225293313920976,0.11042611742596119,69.64827633558033,1.3175221664517005,-0.1931135010717089,-0.2609308353215107,-0.11525413090969178,0.3111555300871305,False,False,False,True,31.529491424560547,19.092056274414062,False,False
2025-10-21,19.557653427124023,656925336,-0.04003754774640446,-0.15209396373929232,-0.35714006620327027,-0.5246064907511093,-0.255016712288868,-0.2027304338431846,0.07747401455266263,31.109044323916194,-0.45626178360809977,0.11160748982330347,70.84782958533256,1.3193071200025166,-0.20726802093348537,-0.2880626150671489,-0.15023151648959313,0.11633799710847148,False,False,False,False,31.529491424560547,19.092056274414062,False,False
2025-10-22,19.01815414428711,571554469,-0.027972685208466245,-0.14182906820152558,-0.4155097113148735,-0.5729857145516215,-0.3210786897245929,-0.2181646492289331,0.04252676313352214,29.892951331539535,-0.4067658007250632,0.11084291828837793,71.11581084319573,1.3125930532837198,-0.20991207852221927,-0.3049514033258544,-0.17387462452836921,-0.12995520544209915,False,True,False,False,31.529491424560547,19.092056274414062,False,True
2025-10-23,19.136430740356445,438896726,0.006199882676837616,-0.09098025021125526,-0.39423880237122894,-0.5645398264708719,-0.2958840158259464,-0.2266585263655671,0.08543660948055899,30.534079034498134,-0.32747174956618164,0.10498177242222252,69.26188787312057,1.3142874585926203,-0.18428485124637342,-0.2975263512836862,-0.1693036687703952,-0.23209991382291162,False,False,False,False,31.529491424560547,19.092056274414062,False,False
2025-10-24,19.494314193725586,431746285,0.018528956303229815,-0.023437846528589976,-0.061631839288090656,-0.5063786289571359,-0.18174167911965772,-0.2465527632362242,0.12362758174548513,32.544233474081565,-0.21762004745992192,0.09833038022743137,67.05130309387637,1.3183454595945894,-0.1497324716665223,-0.28188853615818377,-0.1542821341969179,-0.01629185313175474,False,False,False,False,31.529491424560547,19.092056274414062,False,False
2025-10-25,19.72544288635254,271459857,0.011786476283796298,-0.02411290522114624,-0.08486336471505504,-0.37361459325702207,-0.2036327088061195,-0.27579481457237986,0.1152741622342503,33.87505518367554,-0.10196720208581755,0.09223237767404799,62.988501941701614,1.266725077921532,-0.11976313590980789,-0.2708209981318311,-0.1449235303737881,-0.37125143531924076,False,False,False,True,31.529491424560547,18.55459976196289,False,False
2025-10-26,20.835847854614258,549295335,0.05476563828553547,0.011629812085265645,-0.08053707251552293,-0.3342810105491152,-0.15884458804149318,-0.1856913198453983,0.14731948527011393,39.99951478869074,0.06760473588067484,0.08632893603161779,54.40678446805547,1.2849226606385569,-0.04926139937495556,-0.22774851020260212,-0.09725646868907631,1.0234864228930909,False,False,False,False,31.529491424560547,18.55459976196289,False,False
2025-10-27,20.326379776000977,501849682,-0.024755419024579093,-0.0014846984300506032,-0.15939706488687458,-0.3481268163262168,-0.20255781778148926,-0.18082896520738195,0.08117123876072184,38.249088577511976,0.15855227690425444,0.08511497873679919,49.29997171056695,1.2857983638710373,-0.05608524627338587,-0.24418502101820397,-0.11971057877615876,-0.08637548869771483,True,False,False,False,31.529491424560547,18.55459976196289,False,False
2025-10-28,19.493608474731445,551989050,-0.041832897473243105,-0.0032800481568891547,-0.15537401189618144,-0.4313755724232465,-0.19012554268670545,-0.1785484002209612,0.0811123565199337,35.51335241340587,0.1744581196620274,0.08707068170320643,39.75480976242737,1.2753389125757462,-0.07473106538053267,-0.27202203668632874,-0.15583666469756358,0.0999091357399724,False,False,False,False,31.529491424560547,18.55459976196289,False,False
2025-10-29,19.655668258666992,478906964,0.008279116404650814,0.032971753456227895,-0.10885731474529754,-0.4377996215830081,-0.19073988495481312,-0.13514243069753284,0.13895906103849223,36.46570015771703,0.20558563959257592,0.08306484437429658,24.656291501807114,1.2736909232889713,-0.04730365961382248,-0.26251020024647076,-0.14866871016458316,-0.13239770970094422,False,True,False,False,31.529491424560547,18.55459976196289,False,False
2025-10-30,18.13192367553711,654653081,-0.08069163402867421,-0.05391976324928395,-0.14490001346053918,-0.5036502793229617,-0.2553186893778169,-0.17307694970890408,-0.02069657304871727,31.72208845710658,0.13656938823351528,0.092948753204289,26.980780434158703,1.2943946517888716,-0.11558220493547532,-0.31386583848804217,-0.21441803945647803,0.3669734002865743,False,False,True,False,21.068584442138672,18.55459976196289,False,True
2025-10-31,18.192686080932617,442323772,0.003345525938293045,-0.06910319361422078,-0.09254104014281063,-0.5233946121554754,-0.24240464485312352,-0.1372490598157568,-0.018864149539577935,32.101397222594144,0.10921117212709319,0.0887863630996798,28.534510444552463,1.2885575604593302,-0.10546307112265815,-0.30579621827792836,-0.21146103336370098,-0.32433866907898967,False,True,False,False,21.068584442138672,18.55459976196289,False,False
2025-11-01,18.695375442504883,254645635,0.027256541107501038,-0.05363312879051603,-0.07774603401166223,-0.5064714490121853,-0.26846856875634145,-0.134114013552229,0.04935212925218402,35.30355331886777,0.13735139993119994,0.0826263568519167,27.727893342073717,1.2944879975081545,-0.07187421496322584,-0.2809716302221897,-0.18961269567039107,-0.4243003629477097,False,False,False,False,21.068584442138672,18.55459976196289,False,False
2025-11-02,18.859472274780273,270439301,0.008739104888706349,-0.09965966218734519,-0.08802985010207946,-0.5085547762059764,-0.28898164396413295,-0.20239523814552493,0.05069329271729094,36.3586833972692,0.17688058412426977,0.07931533939512297,22.811648967305807,1.293947091610265,-0.05201055204694605,-0.26836791622023337,-0.1825173703768364,0.0620221351919108,False,False,False,True,21.068584442138672,17.581600189208984,False,False
2025-11-03,16.651477813720703,784853847,-0.1245163255565311,-0.1994205687192971,-0.20090526714934767,-0.5934485533341762,-0.37537691528372735,-0.2741450149909015,-0.09432502158624179,29.408698700082226,0.06969148905356826,0.09424696697795608,23.33406897079016,1.3455224209853036,-0.14992451418255648,-0.3475245616979948,-0.27785149362396516,1.9021441931622207,False,False,False,False,21.068584442138672,17.581600189208984,False,True
2025-11-04,16.02454948425293,853804280,-0.038377080964156964,-0.19596475221021092,-0.19924480036710013,-0.6299374389135325,-0.42367665763915524,-0.32732776810886016,-0.11647469872666875,27.784698821911007,-0.023097645710336234,0.09924834635940083,26.08457574961247,1.3454346545061533,-0.16943941449222455,-0.36521504482683265,-0.30458056675669953,0.08785130284262976,False,True,False,False,21.068584442138672,17.581600189208984,False,False
2025-11-05,16.648000717163086,523413640,0.03816824306496715,-0.16607562554989477,-0.13310387209366675,-0.612365868326186,-0.3815640178710073,-0.3381451185751889,-0.09801226573680123,31.81702282810656,-0.022148057793369924,0.095688631948311,27.718602267884386,1.3536428851208973,-0.1273763265829425,-0.3334239091341269,-0.27701540694998245,-0.38696297001462676,False,False,False,False,21.068584442138672,17.581600189208984,False,False
2025-11-06,16.100040435791016,418095695,-0.033468348642286844,-0.11885234016350739,-0.17277210341279134,-0.5516849721476903,-0.42767974462896197,-0.39075572959292315,-0.1920248232002019,30.219857471647188,-0.03720089979540564,0.09645863948403725,30.806375110081408,1.3283510832556038,-0.14748159096556868,-0.3471742445336258,-0.3002953584609539,-0.20121360421558754,False,False,False,False,21.068584442138672,17.581600189208984,False,False
2025-11-07,17.701526641845703,815955060,0.09482910328504061,-0.02736876281675986,-0.09647195643098068,-0.4872528287657867,-0.35607467964145806,-0.3146568681302869,-0.15589683699364731,39.74065925830854,0.07576278170356776,0.08927105341427083,30.769543773101297,1.376282638754222,-0.05642199060129733,-0.2718857472182122,-0.23032316660720523,0.9515988080192981,False,False,False,True,21.068584442138672,15.124202728271484,False,False
2025-11-08,17.475784301757812,503095108,-0.012834718339851245,-0.06746002226411214,-0.1210931510546282,-0.48501652083883096,-0.3948475237797427,-0.31153499045260885,-0.16888514283262632,38.93426367402557,0.14626086141246697,0.08933842170765405,30.1953094806029,1.3763286862550583,-0.06064603227557285,-0.2714063670722293,-0.23937720082897804,-0.38342792065043385,True,False,False,False,21.068584442138672,15.124202728271484,False,False
2025-11-09,17.776567459106445,380789064,0.01706498668250046,-0.05913414047031818,-0.1587938026576633,-0.1538735273764221,-0.504053957646855,-0.25117857081865025,-0.15090787287400909,40.661975599465364,0.21971496788201428,0.08577524787202209,29.339303757638984,0.8632144663778714,-0.037806551341957144,-0.2492193341256323,-0.2255169145886015,-0.24310720190902746,False,False,False,False,21.068584442138672,15.124202728271484,False,False
2025-11-10,18.167652130126953,481673918,0.021761502070138012,0.08714368715635099,-0.11227688156294612,-0.1671300270170448,-0.4736887151956742,-0.30581940048671075,-0.15426669759490372,42.923158177680165,0.2964333258052605,0.0804143489666944,28.9755040410266,0.8566681412801337,-0.012925072709618882,-0.22293478647492315,-0.2077551089336143,0.26493632180571236,False,False,False,False,21.068584442138672,15.124202728271484,False,False
2025-11-11,17.014080047607422,463721186,-0.06560141787403928,0.05991935024646879,-0.13604540196374218,-0.28317079097708736,-0.5325136071992189,-0.4058614297642378,-0.22377709764617698,38.288387493701215,0.271923933284302,0.08614852011896726,29.686153714493273,0.8567977400147359,-0.07054014214884846,-0.26171842783952254,-0.25722149093039526,-0.0372715468475916,False,False,False,False,21.068584442138672,15.124202728271484,False,False
2025-11-12,16.82052993774414,405573955,-0.011441078896665104,0.010310028284836542,-0.15576559726505818,-0.3487164432205249,-0.5799529988085316,-0.34160939442613364,-0.2915343790583968,37.55565526388822,0.24589836060816572,0.08548958993480353,30.37509146814666,0.8255482569523706,-0.0752639140594174,-0.2592961296345103,-0.26477219989567113,-0.12539265566356939,False,False,False,False,21.068584442138672,15.124202728271484,False,False
2025-11-13,16.161346435546875,584449657,-0.039977791800723826,0.0038005851263996143,-0.11505175503710781,-0.3428382845573125,-0.6014715328565781,-0.3852394389749392,-0.3383951107170451,35.09250885456065,0.19001069171076201,0.0908582224547559,31.39254639988554,0.822730262385485,-0.10328813769168758,-0.27803254882024986,-0.2927197868525284,0.4410433653216217,False,False,False,False,21.068584442138672,15.124202728271484,False,False
2025-11-14,15.110730171203613,699471351,-0.0672172698299881,-0.15824578798862915,-0.18561455080538902,-0.3718179736410677,-0.6806086848173247,-0.4756163534634538,-0.45679610512756447,31.541735572387694,0.09292236615693072,0.09616401331396732,33.54664097399143,0.8406308655940384,-0.1507086178516817,-0.31669398598580434,-0.33772311879804273,0.196803424593335,False,True,True,False,18.537187576293945,15.124202728271484,False,True
2025-11-15,15.524422645568848,256109519,0.027009339613318906,-0.11840173003545891,-0.18586175229957114,-0.3001596987143163,-0.6614887315873365,-0.479467042530501,-0.4156414473468964,34.35821816116918,0.06833677160002538,0.08989154816598652,31.86958345150355,0.8431802995460947,-0.11423604579284494,-0.28925645317085424,-0.31869201069761727,-0.6338527394526556,False,True,False,False,18.537187576293945,15.124202728271484,False,False
2025-11-16,15.158035278320312,443528413,-0.02388366567665438,-0.1593503823946137,-0.21848452286493192,-0.2750299170115351,-0.7398594815802035,-0.44696668044045845,-0.4808933245430655,33.06090886946025,0.04054467530449868,0.09095033347377922,30.832943351312835,0.8330430284681258,-0.12219813287934883,-0.2972585116844274,-0.33393075859274224,0.7317919877862877,False,False,False,False,18.537187576293945,15.124202728271484,False,False
2025-11-17,14.500166893005371,612990821,-0.04437061353742384,-0.22548249800217574,-0.1383388108458247,-0.33186206552531156,-0.8877963977923401,-0.4318367571034192,-0.547652860922589,30.811304290418363,-0.006494333685020948,0.09554738434971742,31.924403593474388,0.838042324178041,-0.14797629908453974,-0.31795067128181004,-0.3618367699704647,0.3820779075995746,False,False,False,False,18.537187576293945,15.124202728271484,False,True
2025-11-18,14.572903633117676,539333206,0.005003729606607072,-0.15487735052152948,-0.09495800027506067,-0.3458812568978282,-0.8403267200424452,-0.4748162547730399,-0.5577064835933325,31.36736419024095,-0.016490757918850685,0.092248447543207,31.397704566901403,0.8331201875406827,-0.13072133231078578,-0.30413406343519644,-0.35769205079546174,-0.12016104071483313,False,False,False,False,18.537187576293945,15.124202728271484,False,False
2025-11-19,14.265960693359375,481211738,-0.0212875602443988,-0.16472383186926326,-0.1544138035844266,-0.35552790863296424,-0.8442616820488884,-0.4675875076700769,-0.5950158408694973,30.262080616357053,-0.02693826298063451,0.09208567991233507,33.38476541213879,0.8338156479606109,-0.13910419597489562,-0.3083960861169203,-0.3703489956144953,-0.10776541728454225,False,False,False,False,18.537187576293945,15.124202728271484,False,False
2025-11-20,13.808121681213379,524935761,-0.032619381912085105,-0.15736542198062456,-0.1535648368542249,-0.34810974279864476,-0.8727162335497541,-0.6031264550875127,-0.5508401766418294,28.640932577084413,-0.04668925835613358,0.09326093524762319,35.575172554794136,0.8310563644806127,-0.15556145114737915,-0.3194424727123335,-0.3897358580390308,0.0908623367786594,False,False,False,False,18.537187576293945,15.124202728271484,False,False
2025-11-21,13.302087783813477,733078170,-0.03733594753804644,-0.1274840996886829,-0.285729887677312,-0.35747300512822505,-0.9304587196798467,-0.678551694852818,-0.5756376543571582,26.924142222452772,-0.07420539212795774,0.09645813932578849,37.16473023329259,0.8340140608560245,-0.17286750178253846,-0.3327268477011854,-0.4112701304844937,0.39651024842256843,False,False,False,False,18.537187576293945,15.124202728271484,False,False
2025-11-22,13.22754955291748,347444456,-0.005619257141366198,-0.1601126964433679,-0.2785144264788269,-0.36929214494642887,-0.9338319714173008,-0.6651761607723753,-0.595950671311996,26.670544038553416,-0.0774399485277002,0.09175409542354779,37.336617530903546,0.831798857830832,-0.16284387493790403,-0.32417072788993534,-0.41368671867055223,-0.5260471935755501,False,True,False,False,18.537187576293945,15.124202728271484,False,False
2025-11-23,13.277552604675293,288716790,0.003773093254404367,-0.13245593751230925,-0.29180631990692296,-0.38404800799525457,-0.8904266369523904,-0.5657896871149122,-0.6306007712314786,27.166153538703853,-0.05716128683661825,0.08613976222410462,39.87908159413571,0.8264887834090362,-0.15061065959501668,-0.30971978276927115,-0.4106537351343955,-0.1690274948580558,False,False,False,False,18.537187576293945,15.124202728271484,False,False
2025-11-24,13.890860557556152,433963981,0.04515627478689228,-0.0429290491879932,-0.26841154719016885,-0.3506782094921586,-0.7242928027491807,-0.5543109182982782,-0.6264730240645385,33.135458912919916,0.012871048414272446,0.08086310324235535,41.233553297948994,0.8469272492227037,-0.1052698738626994,-0.2654658429891925,-0.3823042847738514,0.5030784354453373,False,False,False,True,18.537187576293945,12.720542907714844,False,False
2025-11-25,14.169899940490723,427957253,0.019888882280233392,-0.028043896514366805,-0.1829212470358962,-0.38555496549746066,-0.7198359760465759,-0.5443995535389539,-0.5712462853428589,35.716881338929284,0.08905523668228921,0.07663595068399302,41.67431006289663,0.8208180379936312,-0.07995375228257758,-0.23736855400047935,-0.36862091097831146,-0.01384153584857084,True,False,False,False,18.537187576293945,12.720542907714844,False,False
2025-11-26,14.936302185058594,432999308,0.05267464571353327,0.045918309443565376,-0.1188055224256978,-0.3081249007593482,-0.656251717085565,-0.5106827185408375,-0.4889538659667302,42.30521680589154,0.19600097056534294,0.07231671515407043,41.69412581861948,0.8505793119457405,-0.02651366000531571,-0.18469736119497943,-0.33284387274050575,0.011781679045406834,False,False,False,False,18.537187576293945,12.720542907714844,False,False
2025-11-27,15.023675918579102,393345152,0.005832713290151303,0.08437040464580191,-0.07299501733482258,-0.26045928999595375,-0.6918348624192001,-0.45058483268265925,-0.4390076902169148,43.02217436396998,0.2728404341006636,0.06796452742449785,39.59683125304924,0.8445459996389957,-0.012198894995337108,-0.16739203281200105,-0.327479963324524,-0.09158018331059314,True,False,False,False,18.537187576293945,12.720542907714844,False,False
2025-11-28,14.852889060974121,409725334,-0.011432955431711155,0.11027339675213722,-0.017210702936545554,-0.2801713618323157,-0.7179709834153238,-0.47091124678712876,-0.4153137925298486,41.92546136854974,0.3096847546330128,0.06579649018997885,37.50854475973903,0.842359421084213,-0.014934120769585606,-0.16432349072125813,-0.33363672896220775,0.041643279233806396,False,False,False,False,18.537187576293945,12.720542907714844,False,False
2025-11-29,14.244832038879395,284565722,-0.04180021888904267,0.07409243500446085,-0.0860202614389071,-0.24127994669268432,-0.7449302260156461,-0.496598636070501,-0.4143568964015883,38.192501807714535,0.2909180596476264,0.06707630974371952,34.3602946033046,0.8112450081480939,-0.044065953341126125,-0.19263992396116258,-0.3592603811290755,-0.3054719872410916,False,False,False,False,18.537187576293945,12.720542907714844,False,False
2025-11-30,13.774581909179688,340165721,-0.03356917384024908,0.036750167909807376,-0.09570576960250192,-0.2781946464712263,-0.8015892586267019,-0.5205992913243498,-0.41544370628698307,35.55583294263191,0.24641069148776706,0.0672722693694169,28.83778392723688,0.8149329097240067,-0.06179371091511765,-0.2124200959405713,-0.3788461168422559,0.19538544069619168,False,True,False,False,18.537187576293945,12.720542907714844,False,False
2025-12-01,12.777645111083984,467338828,-0.07512783479533978,-0.08353394167242463,-0.12646299086041773,-0.3805790223740671,-0.8870504713862525,-0.6490475911304087,-0.514693035926296,30.71469867304272,0.15392918529513344,0.07406947960828046,27.43295575891349,0.8351687692204945,-0.11695639534530239,-0.26113635117012196,-0.42241444161351355,0.3738563269283679,False,True,True,False,15.244404792785645,12.720542907714844,False,False
2025-12-02,13.643978118896484,508212904,0.06560109247662411,-0.0378217314760338,-0.06586562799040054,-0.3237170347861493,-0.8322718109921257,-0.6126986787502824,-0.5261122729316743,38.54527087178029,0.1547851424952127,0.06962932669038731,23.674881128824424,0.8760776412060224,-0.04662083255737049,-0.2016278386953665,-0.3819340619326366,0.08746133116078258,False,True,False,False,15.244404792785645,12.720542907714844,False,False
2025-12-03,14.813850402832031,613390657,0.08226432033692417,-0.008232056852642944,0.037686252590922426,-0.11693638889269409,-0.7103849422268703,-0.49231330417642144,-0.39108140388359564,47.22007076492033,0.23311672364137648,0.06606621215437619,20.90983515616028,0.8341316198532036,0.0400207810686995,-0.12502591626879103,-0.3278158321084629,0.20695608508201113,False,False,False,False,15.244404792785645,12.720542907714844,False,False
2025-12-04,14.399070739746094,403986517,-0.028398908638259217,-0.04246367878105352,0.04190672586474824,-0.10695821656679633,-0.7368956554803289,-0.5306348742059516,-0.4342859846756565,44.80518750127704,0.2542421486133375,0.0661587593814333,20.238137283032522,0.8296545171619484,0.013432464529843554,-0.14190495760425034,-0.345345855387098,-0.3413878865129176,True,False,False,True,15.244404792785645,12.577630996704102,False,False
2025-12-05,13.234511375427246,450129031,-0.0843357566615418,-0.11536648001088431,-0.005093083258747017,-0.22946221629330538,-0.8418280846194913,-0.6110262341643127,-0.5676073348684942,38.804745906803944,0.1899757752824025,0.07418036272114867,19.342109705002237,0.8615219347525604,-0.060964186066764396,-0.20397664008182254,-0.3970537475902838,0.11421795544726066,False,False,False,False,15.244404792785645,12.577630996704102,False,False
2025-12-06,13.412447929382324,263900773,0.013355309827728177,-0.060210951294113337,0.013881483710347437,-0.18263855782329022,-0.7343235299709804,-0.6103183024522522,-0.5733942874162133,40.12420054997833,0.16079838654337975,0.06960089048026973,18.582676536853114,0.8593382672161018,-0.042408798399329574,-0.18687300380278607,-0.3876680110937953,-0.4137219445417196,False,True,True,False,14.948444366455078,12.577630996704102,False,False
2025-12-07,13.455828666687012,329002415,0.003229144589543802,-0.023412632864320475,0.013337535045486975,-0.274238516518787,-0.7614913452845736,-0.630313196160245,-0.588895384649074,40.46124942123838,0.14619009057021481,0.0687957164498803,18.657590946068364,0.7796496438152976,-0.03571669077905913,-0.17751048459016083,-0.3843197322277579,0.24668984959737128,False,False,False,False,14.948444366455078,12.577630996704102,False,False
2025-12-08,13.641190528869629,302368259,0.013681560488309716,0.06539676241932904,-0.018137179253095614,-0.247722237690626,-0.732738758529457,-0.6425697614703688,-0.5592572281432348,41.96454062585704,0.15020691761472427,0.06558578576074059,18.35397437536906,0.7835450338911747,-0.01915862618387734,-0.15903116038973908,-0.3741776458190679,-0.08095428722004971,False,False,False,False,14.948444366455078,12.577630996704102,False,False
2025-12-09,14.605245590209961,465188681,0.06828682040521276,0.0680824903479176,0.03026075887188394,-0.19650040396791352,-0.35037393134433564,-0.7005543616147685,-0.4476789747865639,49.155016727285016,0.21503907107892373,0.06269338818746639,18.724106541344508,0.8237198143810734,0.04888034183804882,-0.0931672825163315,-0.3286519274912914,0.5384838426443432,False,False,False,False,14.948444366455078,12.577630996704102,False,False
2025-12-10,14.141596794128418,438199900,-0.03226016964528313,-0.046441999634289646,-0.05467405648693265,-0.25052207568333473,-0.4176521027003796,-0.7242107908790091,-0.5563414761700455,46.190917165278876,0.22298764199462418,0.06330832615168704,18.732451737215943,0.8219009881020153,0.014368620094517396,-0.11600964259880672,-0.3486413246356784,-0.0580168480066694,True,False,False,True,14.948444366455078,13.020153999328613,False,False
2025-12-11,13.430405616760254,480138909,-0.051599369172091306,-0.06964246016812167,-0.11210613894917526,-0.23652002698138677,-0.5196908179584743,-0.7690336341806058,-0.6423814567456246,42.0066019135651,0.17856019775381626,0.06843688666635253,18.560157516625967,0.8110041408128761,-0.03708785488955755,-0.1545600888257668,-0.3799690875374752,0.09570748190494793,False,False,False,False,14.948444366455078,13.020153999328613,False,False
2025-12-12,13.111257553100586,341829709,-0.024049995998128623,-0.009356699504708497,-0.12472317951559275,-0.2491289440828503,-0.5978453873033753,-0.8290819428913819,-0.590738338508984,40.24475707386464,0.12824574276789802,0.07022381051665313,18.76670575350233,0.8128905441818207,-0.05957758290674901,-0.16834168755884935,-0.39330798761831814,-0.2880608036704645,False,True,False,False,14.948444366455078,13.020153999328613,False,False
2025-12-13,13.386377334594727,217947611,0.020766356658849693,-0.001945652673586993,-0.06215660396770029,-0.18838479562327679,-0.5312230801805893,-0.789856328479855,-0.5736242345982159,42.48425738282477,0.11451147793881067,0.0657342740595218,18.61265323561181,0.8107114315993004,-0.040218833350342084,-0.14425978657542296,-0.3791428976469425,-0.3624088098205648,False,False,True,False,14.772047996520996,13.020153999328613,False,False
2025-12-14,12.890225410461426,216500422,-0.03776826899682826,-0.042943066259958924,-0.06635569912427947,-0.15893579479011682,-0.5307537684311846,-0.8395444796074416,-0.6345521482535706,39.60177100243484,0.07494318723779281,0.06654995309014627,19.824504701894877,0.7890698115760477,-0.07246485872499467,-0.16871227835388794,-0.40067218404409555,-0.0066400773716212,False,False,False,False,14.772047996520996,13.020153999328613,False,True
2025-12-15,12.341089248657227,407488964,-0.04353501970635741,-0.10015964645462616,-0.03476288403529712,-0.22948015410979322,-0.5296398528241095,-0.8909688856971297,-0.7089471966402942,36.63878030679808,0.017704723840066272,0.0706893667384329,22.13014496629496,0.7910805591578172,-0.10609711244748776,-0.19530935116079146,-0.4248796837184873,0.8821624467780482,False,False,False,False,14.772047996520996,13.020153999328613,False,False
2025-12-16,12.34477710723877,371980854,0.00029878300042712703,-0.16814768385941198,-0.10006519351149434,-0.2052977054327117,-0.4803276224442468,-0.9451571870129153,-0.65226438587317,36.67304786540557,-0.012368941806061406,0.06793564834589735,22.833132082183,0.7893295093222782,-0.09735814980008699,-0.18660249487009758,-0.4236050641604213,-0.08713882616953528,False,True,False,False,14.772047996520996,13.020153999328613,False,False
2025-12-17,11.83875560760498,404583727,-0.041854544104087954,-0.17774205831821685,-0.22418405795250645,-0.20278163599937593,-0.5346437015246875,-1.090578033791716,-0.6346183931027951,33.95913645224434,-0.05633999639047593,0.07090611495088855,24.080057500943113,0.7878713608310536,-0.12415985404219936,-0.21199520623664664,-0.44607295982733314,0.08764664269521782,False,False,False,False,14.772047996520996,13.020153999328613,False,False
2025-12-18,11.4349365234375,458277072,-0.03470524684075519,-0.16084793598688074,-0.2304903961550023,-0.24249061244673809,-0.5883718693445662,-1.0828173324891832,-0.717306867219778,31.928510755031226,-0.1000659001444395,0.07424152744450159,26.136473618240437,0.7925702787945738,-0.14320208413177593,-0.23045231033178157,-0.46378335161263534,0.13271256705784418,False,False,False,False,14.772047996520996,13.020153999328613,False,False
2025-12-19,12.24866008758545,432721224,0.06874327402037281,-0.06805466596837931,-0.07741136547308769,-0.15245977818196638,-0.5079876868149305,-0.9967214602308546,-0.6200472858520433,39.74706068933683,-0.06341716613728299,0.07079195304199704,26.503864226591308,0.8347813029662376,-0.07531611617406415,-0.16911088553148207,-0.4244199494533635,-0.055765059090715274,False,False,False,False,14.772047996520996,13.020153999328613,False,False
2025-12-20,12.209091186523438,155014556,-0.003235696948712079,-0.09205671957594119,-0.09400237224952815,-0.12307609321859339,-0.47118583601723824,-0.9957923267683475,-0.7262025483061062,39.509418589891155,-0.032622944626076955,0.06723696179973522,27.2385485821797,0.8288523857270442,-0.07282445580121712,-0.16501668865022023,-0.42507162098620754,-0.6417680774539498,False,False,False,False,14.772047996520996,13.020153999328613,False,False
2025-12-21,12.138314247131348,189790825,-0.005813936844389199,-0.060102387423502115,-0.10304545368346109,-0.09155408252493608,-0.4490270876531611,-1.0220128022047827,-0.7701057773777541,39.05956802363204,-0.009029771912044238,0.0648060258485408,28.04816901443165,0.8201922414872074,-0.07595616181472888,-0.1623443897928395,-0.4273246250248362,0.22434195792555123,False,False,False,False,14.772047996520996,13.020153999328613,False,False
2025-12-22,12.404099464416504,362302026,0.021660103333404127,0.00509273561625951,-0.09506691083836659,-0.06427472205016566,-0.43356686699659464,-0.9981066934674665,-0.729450882822541,41.74210754647528,0.030312321069177472,0.06095218657197874,28.347558049426624,0.8246249231563997,-0.05124542373940651,-0.1363076009035682,-0.4139012844411818,0.9089543764826356,False,False,False,True,14.772047996520996,11.278799057006836,False,False
2025-12-23,12.179388999938965,333331291,-0.018281923128413393,-0.013487970512580915,-0.18163565437199278,-0.08632973843298339,-0.47037774642823793,-0.9767563753853737,-0.6521194255478956,40.133590119760996,0.0460917782087682,0.0613228734632275,26.40309587023087,0.8262204411700667,-0.058951713156646095,-0.14663954558335884,-0.42349893633985886,-0.07996293953928924,False,False,False,False,14.772047996520996,11.278799057006836,False,False
2025-12-24,12.104111671447754,222075714,-0.006199894376012718,0.02216667921549436,-0.15557537910272248,-0.1376859075958883,-0.48836411708804683,-0.861978710345069,-0.6919968258941664,39.58330341883053,0.055706867619013445,0.05901750513875397,25.056795560127142,0.8078570296479676,-0.056402054853559,-0.14722898335020365,-0.4258975455549929,-0.3337687760012905,False,False,False,False,14.772047996520996,11.278799057006836,False,False
2025-12-25,12.07955265045166,261744090,-0.0020310428652694805,0.05484088319097999,-0.10600705279590056,-0.1596058327413912,-0.5451607982388519,-0.8794418087879672,-0.704005386280345,39.393529104449634,0.06406396856256413,0.05748030536768987,25.487116370060235,0.8031016267134864,-0.05405811410987573,-0.14344541176440423,-0.42584014606250914,0.17862545744196057,False,False,False,False,14.772047996520996,11.278799057006836,False,False
2025-12-26,12.342768669128418,275491095,0.021556199144998095,0.007653808315605416,-0.06040085765277392,-0.19072427930992647,-0.4988491800692747,-0.8469759963954916,-0.7014069978507639,42.57142304825986,0.0894136096593583,0.05537958548855322,25.314725387833114,0.7818727634664483,-0.029380599794300192,-0.12009229736028006,-0.4119862252541011,0.05252078470998134,False,False,False,True,14.772047996520996,11.88480281829834,False,False
2025-12-27,12.686422348022461,177638276,0.02746195638908577,0.0383514616534032,-0.053705257922538,-0.1690950362109921,-0.42955432620694595,-0.8609298986301923,-0.6196798688936512,46.51462325408696,0.1290145275045037,0.05207302747861039,24.821098592247406,0.7897176409407607,0.000671168497067992,-0.08907995194646566,-0.3941920444893289,-0.3551941270551776,False,False,False,False,14.772047996520996,11.88480281829834,False,False
2025-12-28,12.636359214782715,215994295,-0.00395400468468448,0.040211393813107975,-0.019890993610394272,-0.16161608546396553,-0.44178744729628117,-0.8795870688792894,-0.6325273322510944,46.01890064688741,0.15005178661029528,0.050279873339055974,23.91652446587984,0.7894575555691169,0.0006879691412936268,-0.08632487217399501,-0.3952894314333364,0.21592204036026552,False,False,False,False,14.772047996520996,11.88480281829834,False,False
2025-12-29,12.357568740844727,404455132,-0.022309581557318086,-0.0037582910776144383,0.0013344445386450651,-0.14212544813224087,-0.3834053948249252,-0.8870556741478869,-0.6387240842027418,43.25435572235625,0.14341205326271533,0.05231929899344559,19.32355107207434,0.781024954139996,-0.012602121815195934,-0.09942558894926166,-0.40749694779319684,0.8725269202133326,False,False,False,False,14.772047996520996,11.88480281829834,False,False
2025-12-30,12.56164264678955,233161887,0.01637920760297284,0.03090283965377183,0.017414869141190926,-0.09217706668901895,-0.3703717131602452,-0.8937663253157208,-0.6127763580133687,45.82013650952339,0.15026139461775234,0.049380552125877386,15.329862884756695,0.7772407708649777,0.010079567794088695,-0.07701177600535286,-0.3967207233884915,-0.42351606259257457,False,False,False,False,14.772047996520996,11.88480281829834,False,False
2025-12-31,12.304884910583496,246120131,-0.020651605730427246,0.016451128299357434,0.03861780751485177,-0.03770083762410635,-0.41827985999817346,-0.924751309010359,-0.686748428754515,43.17504580732467,0.13545469794934073,0.04929178037118936,13.533531570597063,0.735799215292563,-0.00606859325476866,-0.08957706938386223,-0.4081056975541881,0.055576167128892795,False,False,False,False,14.772047996520996,11.88480281829834,False,False
2026-01-01,13.549633026123047,452484845,0.09636313327780588,0.11484530444243274,0.16968618763341273,-0.006938796822924814,-0.33065583160907414,-0.8392106078150505,-0.619637475573207,56.335137378545404,0.2033644747119301,0.04908337257719952,15.011721487300052,0.777615258304128,0.0925420315944966,0.007396265487084429,-0.34735676660849996,0.8384714942314084,False,False,False,False,14.772047996520996,11.88480281829834,False,False
2026-01-02,13.79994010925293,454881886,0.018304788228521784,0.11159389352595639,0.11924770184156172,-0.07089832893132712,-0.18783471782402122,-0.7812832711581973,-0.5632116331077485,58.42047183355197,0.25563297955612346,0.049039248890584815,16.590249418765296,0.7222450502376104,0.11087274690987818,0.029621603878764544,-0.3344541131453553,0.005297505599331176,True,False,False,False,14.772047996520996,11.88480281829834,False,False
2026-01-03,13.98840045928955,385488926,0.013564195320717303,0.09769613245758807,0.13604759411099118,-0.028935224972350602,-0.13589344153914693,-0.7658308804526794,-0.5595700991783021,59.970554062123405,0.2908282834997066,0.04815921532494314,19.607765386480715,0.7180253866540313,0.12108821560527651,0.04543358441765106,-0.3246103007767649,-0.1525516010545208,True,False,False,False,14.772047996520996,11.88480281829834,False,False
2026-01-04,14.22736930847168,329738307,0.01693907804842338,0.11858921519069598,0.15880060900380386,0.07233960973761477,-0.1571226065556906,-0.7694884748818767,-0.5386866244266979,61.90963652837571,0.31603791782324314,0.04671249609334591,22.885742472987918,0.6540703298828713,0.13168607534980073,0.06535853761281048,-0.31241947212205057,-0.14462314022478562,False,False,False,True,14.772047996520996,12.219764709472656,False,False
2026-01-05,14.457419395446777,474422003,0.016040210144988725,0.1569390068930027,0.15318071581538834,0.07502451005487527,-0.10761404776841502,-0.6592990199161053,-0.5352937923973768,63.73108566891951,0.3323777082845001,0.04630743043306356,26.045502260664243,0.6547024944999487,0.14040293519438193,0.08372200135417575,-0.3006919690276624,0.4387834016506915,False,False,False,False,14.772047996520996,12.219764709472656,False,False
2026-01-06,14.592727661132812,505830422,0.009315563458059636,0.14987536274808952,0.18077820240186124,0.08111092892339106,-0.19312758759539586,-0.6803804163611825,-0.5492022672368538,64.79734765930186,0.3354977359033324,0.04524700373111356,28.103710464604433,0.6551317816181653,0.13870778529081745,0.09371288082408483,-0.2936728957077314,0.06620354621284297,False,False,False,False,14.772047996520996,12.219764709472656,False,False
2026-01-07,14.109505653381348,366729942,-0.033674569161966074,0.1368523993165507,0.15330352761590801,0.03375479927311533,-0.21396743841751067,-0.6989839592563417,-0.6088149621972534,58.215129102726344,0.2899304910229,0.046996619519944244,27.305027103376066,0.6658800902706766,0.08963025865022586,0.058230865191656,-0.3166187799792788,-0.2749942944317414,False,False,False,False,14.772047996520996,12.219764709472656,False,False
2026-01-08,13.878828048706055,304474272,-0.016484213072158034,0.02400505296658683,0.13885035740901955,-0.05101623420425547,-0.24751663817216907,-0.40139016554859114,-0.7515705958190241,55.325868470155605,0.23169170082066967,0.04747064430364082,27.343166680939667,0.6225044751248736,0.06511131934676542,0.041534579827682584,-0.32736449241523696,-0.16975889577077397,False,True,False,False,14.772047996520996,12.219764709472656,False,False
2026-01-09,13.772605895996094,302368339,-0.007682977702345407,-0.001982712964280326,0.10961118056167608,-0.026439042261317824,-0.27696111794465256,-0.4440911449616975,-0.7506498331403268,53.99690192895074,0.17597798905801987,0.0471811422507991,26.968668402256895,0.6131514607233405,0.050656050006302474,0.033618251803679985,-0.3318119070402544,-0.006916620528121364,False,False,True,False,14.790550231933594,12.219764709472656,False,False
2026-01-10,13.719738960266113,133561469,-0.003845943383185912,-0.019392851668183556,0.07830328078940434,0.021314383527587494,-0.2152056434537993,-0.4983764344308867,-0.7477192506530183,53.31054089564384,0.12777146824193641,0.045451728100348816,26.205698769507386,0.5854338887817047,0.0403476459742749,0.029005581026633805,-0.33364832773321895,-0.5582822280873792,False,False,False,False,14.790550231933594,12.219764709472656,False,False
2026-01-11,13.677188873291016,185389702,-0.0031061965374719522,-0.03943812625407902,0.07915108893661699,0.042258182988244256,-0.20687076109460617,-0.5555872043151312,-0.7868237599031378,52.72959034094616,0.0871645549152486,0.04463827735385024,25.679022141239415,0.5788054830454361,0.03213918024163246,0.025122826274468046,-0.33508646312291224,0.3880477909388673,False,False,False,False,14.790550231933594,12.219764709472656,False,False
2026-01-12,13.501553535461426,521133495,-0.012924643835180851,-0.0684029802342485,0.08853602665875426,0.008567182494213602,-0.17981761312906308,-0.5226558976863758,-0.7812891459856413,50.293282327856645,0.04475775438002583,0.04590362979727249,24.49357570243313,0.5765491958191225,0.0138271954877795,0.011619048104125809,-0.34302996383224466,1.8110164123355674,False,False,False,False,14.790550231933594,12.219764709472656,False,False
2026-01-13,14.737810134887695,599099026,0.0876115540455727,0.009893010353264595,0.159768373101354,0.13394700553661465,-0.024988789253502276,-0.39680676289456995,-0.7055974740708268,63.186609868599625,0.09344748699294322,0.04554255008643742,24.43417858771538,0.6352700021692211,0.09582161668050337,0.10284725705713951,-0.28237930490632024,0.149607599104717,False,False,False,False,14.790550231933594,12.219764709472656,False,False
2026-01-14,14.619799613952637,464422551,-0.008039561638276207,0.035528017876954386,0.17238041719350508,0.16944246360469586,-0.060037690505097364,-0.3601973892194136,-0.7215264220924339,61.54548025418217,0.11004321597858396,0.04504649780608675,23.451695041147072,0.6131956135547483,0.07687705680921467,0.09328025565798811,-0.28754238430805645,-0.22479835412050897,True,False,False,False,14.790550231933594,12.219764709472656,False,False
2026-01-15,13.81952953338623,392082413,-0.05629397261837163,-0.004281741669259273,0.019723311297327566,0.11284970798589716,-0.09244799744681464,-0.3674779144583498,-0.8323074790270181,51.73286265270854,0.061862047756641225,0.0492528458828538,21.831128442595066,0.6500738534106814,0.012423721300421204,0.035164418632649345,-0.3257327781727676,-0.15576362053099357,False,False,False,True,14.790550231933594,13.443548202514648,False,False
2026-01-16,13.585149765014648,349728843,-0.017105508203219127,-0.013704272170133024,-0.015686985134413287,0.137598743886766,-0.06518289211260987,-0.3970449576379215,-0.9529792899049498,49.25592316607089,0.011578513336904683,0.049800505788799236,20.79258898090755,0.6337426175779686,-0.008012701616101512,0.01980575428759193,-0.3364577961157417,-0.10802211115753357,False,True,False,False,14.790550231933594,13.443548202514648,False,False
2026-01-17,13.733805656433105,201351135,0.01088309244456503,0.0010247636576179904,-0.018368088010565668,0.18318708317208615,-0.05930352927465183,-0.40518478617248005,-0.8996302493170971,50.86288380231061,-0.012968746329455133,0.04772261628071839,19.46767685580151,0.6179203285754613,-0.001159979933502626,0.03270008879522991,-0.3286441388496531,-0.4242650012140977,False,False,True,False,14.910004615783691,13.443548202514648,False,False
2026-01-18,12.995943069458008,228420639,-0.05522312237777038,-0.05109216218268057,-0.09053028843675953,0.05922068677394297,-0.09323909140802347,-0.44876700004098774,-0.9375007734569117,43.499431010769,-0.07664417948683505,0.05129630917096613,17.851519160947706,0.6110137879376305,-0.05701272240783015,-0.02094392377633514,-0.3638558884689711,0.13443929183711822,False,False,False,False,14.910004615783691,13.443548202514648,False,True
2026-01-19,12.721200942993164,421741478,-0.021367269964312825,-0.05953478831181248,-0.127937768546061,0.04108911375834231,-0.08198697946025106,-0.4300967222588959,-0.9547032130100053,41.11276493286745,-0.13177646888042244,0.051516338823438056,17.40534450603857,0.6162105852095651,-0.07748207175811432,-0.040118297004596376,-0.3764164264878629,0.8463370028485036,False,True,False,False,14.910004615783691,13.443548202514648,False,False
2026-01-20,12.084134101867676,388882564,-0.05137660627642661,-0.19852294863381176,-0.18862993828054736,-0.004473555673695167,-0.09602763819863121,-0.45350064332685636,-1.026486357878478,36.15866361464276,-0.20148632716409023,0.05423342707039587,18.248431611312004,0.6428156516082437,-0.12297899210662733,-0.08723306529679246,-0.4068146521771697,-0.07791245517473144,False,True,False,False,14.910004615783691,13.443548202514648,False,False
2026-01-21,12.402188301086426,413232612,0.02597957199884362,-0.1645038149966921,-0.12897579711973764,-0.0001540870082557987,-0.06442880905842144,-0.4337209540048504,-0.9982607804757223,40.04310144503602,-0.21526599569834534,0.05345574910215391,20.279867459835142,0.644833555016191,-0.09613223457569678,-0.061448374699966724,-0.3903753303269996,0.06261542752017024,False,False,False,False,14.910004615783691,13.443548202514648,False,False
2026-01-22,12.174766540527344,227345606,-0.01850743946624346,-0.12671728184456396,-0.1309990235138232,-0.0003796033460858749,-0.08670934177906925,-0.47075734977432365,-0.9771359787314597,38.250913374294655,-0.22758771852480472,0.053832419543121644,22.651265076712843,0.6449144795506309,-0.10742071326242586,-0.07496391866931848,-0.4006520963039839,-0.4498362438054623,False,False,False,False,14.910004615783691,13.443548202514648,False,False
2026-01-23,12.118390083312988,274474095,-0.004641353060299614,-0.11425312670164436,-0.12795739887177737,0.0011789379696273165,-0.1365069696262611,-0.4871851791184197,-0.8607997723754418,37.79927607268135,-0.22691527404225054,0.05272259459002619,24.661823692527072,0.6447491760555989,-0.10542165788717045,-0.07604522807439379,-0.4025619176384242,0.20729887781512701,False,False,False,False,14.910004615783691,13.443548202514648,False,False
2026-01-24,12.03725814819336,122580321,-0.006717455017254629,-0.13185367416346389,-0.13082891050584605,-0.0035074741823577903,-0.16311330692374906,-0.5486682724212097,-0.8829492829703249,37.12001784472515,-0.21919623883701886,0.05037365910662358,26.22813422484499,0.6451456769885383,-0.10416919126648325,-0.08055244698212762,-0.40563503413171303,-0.5533993071367992,False,False,False,True,14.910004615783691,11.920079231262207,False,False
2026-01-25,11.484868049621582,296306322,-0.046976338247670224,-0.12360689003336374,-0.17469905221604423,-0.07204001157502617,-0.2627642908849526,-0.5708891916443009,-0.9190160079705177,32.798431147146744,-0.23704018414189043,0.053938468284404524,28.440164160916133,0.6602782034339794,-0.13571900418438,-0.12015503609214688,-0.43178488043876384,1.4172421770701678,False,False,False,False,14.910004615783691,11.920079231262207,False,True
2026-01-26,11.71573257446289,289266761,0.019902255892502812,-0.08233736417654812,-0.14187215248836063,-0.07959971207160906,-0.24869474828260113,-0.5091540382785549,-0.9405296107018014,36.14445967355743,-0.21944535852609365,0.05165123469824784,29.038136403298875,0.6564904856096659,-0.10869696932826797,-0.10006937814179241,-0.4190734727883078,-0.023757714491154158,False,True,False,False,14.910004615783691,11.920079231262207,False,False
2026-01-27,12.118824005126953,280947505,0.033827343617515,0.002866585717393433,-0.19565636291641825,-0.04181836376940952,-0.20343444923337495,-0.48360581106569067,-0.9214054326486988,41.610997167603465,-0.16906926855569188,0.04969728647848689,29.197481680028677,0.668662707520734,-0.07099610695525353,-0.06692411374922093,-0.3978062897105244,-0.028759806246802078,False,False,False,False,14.910004615783691,11.920079231262207,False,False
2026-01-28,12.058091163635254,264337683,-0.005024046187396976,-0.02813703246884694,-0.19264084746553906,-0.024532828399488317,-0.1666582765317293,-0.40793822322441353,-0.9115885025473753,41.040917532222075,-0.13000215345391414,0.048199251704446534,29.494014514669946,0.6645632461945965,-0.06915568144982849,-0.06794436406536869,-0.3995390421484289,-0.05912073146903374,True,False,False,True,14.910004615783691,11.266153335571289,False,False
2026-01-29,11.025457382202148,503367040,-0.08952899407975201,-0.0991585870823555,-0.2258758689269194,-0.1304410300822132,-0.2226180967712321,-0.5008127432424584,-1.024207355397934,32.81010916844616,-0.16179939368232,0.057068177364978094,31.917804924679444,0.7295654743383279,-0.13974986497099193,-0.1436385629423941,-0.4495673068087451,0.9042575931181178,False,False,False,False,14.910004615783691,11.266153335571289,False,True
2026-01-30,10.864349365234375,475341331,-0.014720178020646664,-0.10923741204270265,-0.22349053874434693,-0.12450960237243261,-0.1622104399965391,-0.5427894623706061,-1.0492609113827915,31.74057246939745,-0.18035866329382422,0.05642274657110524,34.21569756309027,0.7281892388753151,-0.14277110142446775,-0.1527748395191176,-0.4561964254124134,-0.05567648807518266,False,True,False,False,14.910004615783691,11.266153335571289,False,False
2026-01-31,10.105733871459961,680735625,-0.07238375555940273,-0.17490371258485068,-0.3067573867483147,-0.2932564912096412,-0.300195288032566,-0.6239123228187153,-1.1324670990246917,27.238073315262056,-0.227368179210925,0.06579964231068963,38.18468762909852,0.6706369771221573,-0.19123261883652493,-0.20822180106284086,-0.4925924232921019,0.43209853762958383,False,False,True,False,12.252229690551758,11.266153335571289,False,False
2026-02-01,9.915943145751953,367689017,-0.018959092236798543,-0.14688646657397897,-0.2704933566073428,-0.33052037167496157,-0.4014187006062886,-0.5183550894989828,-1.1118036428331588,26.235388705339275,-0.25292615594369705,0.06594194514900936,42.00463969303399,0.6635577535873823,-0.19486973119366524,-0.21884376255291754,-0.500522586294002,-0.45986517599986043,False,True,False,False,12.252229690551758,11.266153335571289,False,False
2026-02-02,10.14255428314209,415599510,0.02259598756210261,-0.1441927349043791,-0.22653009908092728,-0.32148857943357606,-0.35042380440592674,-0.457382020972723,-1.0873194598862557,29.569203810530638,-0.2365486681448754,0.06500103597888893,41.373392117208816,0.6684983395255794,-0.16081431312926692,-0.19751780079056702,-0.4873367727993547,0.13030167012032345,False,False,False,False,12.252229690551758,11.266153335571289,False,False
2026-02-03,9.895763397216797,446830933,-0.024633142258515886,-0.20265322078041006,-0.1997866350630165,-0.36306079974051547,-0.29072119000290075,-0.520183406296206,-1.132549274622392,28.08075214034433,-0.2244176474865014,0.06687147218305442,40.308106811584096,0.662552994211134,-0.16491336561451433,-0.21400255933539628,-0.4980821750702294,0.07514788215221913,False,False,False,True,12.252229690551758,9.531582832336426,False,False
2026-02-04,9.711347579956055,395985187,-0.01881167050562897,-0.21644084509864214,-0.24457787756748914,-0.39791268039113326,-0.32288817033625794,-0.505526728159548,-1.0572117003072383,26.987521386456848,-0.2110920339362129,0.06742815650545773,40.91169779000628,0.65503084149678,-0.16601958246958806,-0.22540990177567,-0.5055792310119117,-0.11379191153715407,False,False,False,False,12.252229690551758,9.531582832336426,False,False
2026-02-05,8.29923152923584,840304274,-0.15713213169045906,-0.28404398270934916,-0.38320256979170475,-0.5643603755396519,-0.4832494466162609,-0.7574879631350478,-1.2447407919008344,20.428986523507362,-0.27558406270913594,0.0863710630284833,46.09550699360412,0.819473018363557,-0.27073568118279795,-0.3342833052587971,-0.5756604487785495,1.1220598688708021,False,False,False,False,12.252229690551758,9.531582832336426,False,True
2026-02-06,9.274421691894531,659540562,0.11109733159428853,-0.1582264730944139,-0.26746388513711644,-0.41958847478339717,-0.38583367551028186,-0.633555913200908,-1.118572434039739,32.60903728020028,-0.23248948621661758,0.08519704936943592,45.55977670183557,0.934009113207436,-0.16875826484629194,-0.2534716219943166,-0.5238294139862503,-0.2151169732120154,False,True,False,False,12.252229690551758,9.531582832336426,False,False
2026-02-07,9.22749137878418,385854139,-0.005073033645722977,-0.09091575118073414,-0.2658194637655849,-0.40817729535696223,-0.45919352956121773,-0.6556939335291313,-0.8095674609055534,32.35238253333715,-0.18892024908968008,0.08284994459762991,46.0787724736508,0.9344729976605886,-0.15875776076310313,-0.2536190419436352,-0.5242067881809032,-0.414965263349489,False,False,False,False,12.252229690551758,9.531582832336426,False,False
2026-02-08,9.08948802947998,212700208,-0.01506863741185543,-0.08702529635579097,-0.23391176292977,-0.4155629550664722,-0.44200199732779,-0.6925240730111247,-0.8596541000281696,31.56561498724065,-0.15271895622209541,0.0800668601837553,46.708995511970265,0.934238882237652,-0.15739002615763442,-0.26105243591078536,-0.5295197031421853,-0.4487548881780947,False,False,False,False,12.252229690551758,9.531582832336426,False,False
2026-02-09,9.0480318069458,246020295,-0.004571330049619653,-0.11419261396751344,-0.2583853488718925,-0.416288341732906,-0.39497395820531844,-0.6314939851867052,-0.9146647761637925,31.31921773650059,-0.11652399019552317,0.07827544706874166,48.02981958513573,0.9341445184167043,-0.14926099520122912,-0.2607080461112887,-0.5298883742718087,0.15665281812982523,False,False,False,True,12.252229690551758,7.700238227844238,False,False
2026-02-10,8.74378490447998,209951176,-0.034204102805666464,-0.123763574514664,-0.32641679529507406,-0.4473862480011005,-0.40512806501285625,-0.6542570090957067,-1.0029734523162315,29.49928943163026,-0.0987354951610444,0.07873512150758093,48.71139714013273,0.9359279875444824,-0.16348041564622823,-0.28126820053292645,-0.5438879309335123,-0.14661033960633207,False,False,False,False,12.252229690551758,7.700238227844238,False,False
2026-02-11,8.630200386047363,305260317,-0.013075426828517875,-0.11802733083755282,-0.33446817593619493,-0.4475370309944376,-0.4389698485002239,-0.6273546441235005,-0.9701929286808132,28.825843010105146,-0.08102365576309445,0.07797488639526264,49.34233900771004,0.9359241037660908,-0.16010627869125357,-0.28644127566707017,-0.5478891244680757,0.4539585955927201,False,False,False,False,12.252229690551758,7.700238227844238,False,False
2026-02-12,8.888179779052734,257716201,0.02945455476893478,0.06855935562184093,-0.2154846270875083,-0.5056940302710755,-0.37174702473446086,-0.5306828195245779,-0.9025007931656456,32.58998893890649,-0.040391336433913794,0.07294415167278621,48.5497250228031,0.87578893967519,-0.1211862292196509,-0.261182118756918,-0.5322791770032248,-0.1557494156700362,False,False,False,False,12.252229690551758,7.700238227844238,False,False
2026-02-13,9.146926879882812,230354164,0.028695683452778554,-0.013842292519669036,-0.17206876561408288,-0.4689587851800207,-0.2995163215753248,-0.5289964756851181,-0.8291561743994342,36.232641153698886,0.012618135697646915,0.06968073493403791,46.58059986269832,0.8897067168992584,-0.082492496262624,-0.23594905498343646,-0.5166358738392914,-0.10617119487959548,False,False,False,False,12.252229690551758,7.700238227844238,False,False
2026-02-14,9.587681770324707,222771436,0.04706116285710835,0.03829190398316212,-0.05262384719757196,-0.36560364970454073,-0.25275394171864357,-0.4580516471513554,-0.7330815641628906,41.9837223811396,0.0821930759433076,0.06597671801655872,44.94854789252403,0.9031918640332863,-0.029042593233096003,-0.19542921087892837,-0.49135975711509144,-0.03291769451148274,True,False,False,True,12.252229690551758,8.467348098754883,False,False
2026-02-15,9.28593635559082,256256263,-0.031978089836966136,0.021382451558051508,-0.06564284479773952,-0.3804762313382878,-0.24287748745152174,-0.4456591234508977,-0.7775211889762093,39.36613000316127,0.11093172783537764,0.06758100227794388,42.31060778916769,0.9056976302423028,-0.047886488629413006,-0.2162779783705404,-0.5055291162500026,0.15031023546483757,False,False,False,False,12.252229690551758,8.467348098754883,False,False
2026-02-16,9.25940990447998,209062172,-0.0028607143624271632,0.023093067245244032,-0.0910995467222694,-0.39422003814527995,-0.2110329549731937,-0.4535235674199318,-0.79940482431776,39.13513051513725,0.12987945314705984,0.06544470499264365,36.669832990558426,0.902459698092586,-0.036481923088280105,-0.21403662280050498,-0.5051973430601295,-0.1841675612041529,False,False,False,False,12.252229690551758,8.467348098754883,False,False
2026-02-17,9.138813018798828,180765143,-0.013109811028957528,0.044187359021952886,-0.079576215492711,-0.352106726796467,-0.2928860400225241,-0.4453458182044904,-0.8008737268374547,38.04219267917138,0.13539776737522802,0.06364417567704064,28.860910857953865,0.8896067233804204,-0.034364224600943724,-0.22001108996393617,-0.5100158656110462,-0.13535221953017884,False,False,False,False,12.252229690551758,8.467348098754883,False,False
2026-02-18,8.853689193725586,199230788,-0.03169628017369865,0.025566505676772062,-0.09246082516078072,-0.36243573700585285,-0.3213466232475105,-0.444422716466104,-0.7925324592647488,35.516714839053336,0.12140118394968247,0.0640443732206171,25.33873102593362,0.8917410625302367,-0.0536328854429003,-0.2395328295399132,-0.5237690143068839,0.10215268659400789,False,False,True,False,9.71755599975586,8.467348098754883,False,False
2026-02-19,8.896183013916016,211363563,0.0047880796973299245,0.0009000306051674992,0.06945938622700837,-0.3062710510320963,-0.31074460670579135,-0.4022986892307275,-0.7597716943589525,36.19654304873899,0.11653785966362151,0.06111158009397264,21.091028284993826,0.8820576202352792,-0.03898195955280666,-0.23138216293593308,-0.519871484066283,0.06089809271848079,False,True,False,False,9.71755599975586,8.467348098754883,False,False
2026-02-20,9.16845417022705,294637765,0.030146387478637876,0.002350734631026495,-0.011491557888642475,-0.302104235552302,-0.30225832256055774,-0.36653304461072345,-0.7358251895571525,40.5232715281301,0.13205226819499982,0.05858647261576295,19.443209267707754,0.8843261089924531,-0.004530036988651889,-0.20181561485819324,-0.5033109975628349,0.3939856085790907,False,False,False,False,9.71755599975586,8.467348098754883,False,False
2026-02-21,9.120891571044922,167932008,-0.0052011380916769006,-0.049911566317758504,-0.011619662334596376,-0.28879793417773536,-0.28917753752382125,-0.37550727595680466,-0.7595552839520592,40.012809889488764,0.138813737026251,0.057077431305726074,18.212374603441532,0.8839461414153117,-0.005401327244236335,-0.19943414050052097,-0.5041708849352335,-0.4300390922392451,True,False,False,False,9.71755599975586,8.467348098754883,False,False
2026-02-22,8.871542930603027,177005672,-0.027718828761805574,-0.045652305242597925,-0.02426985368454644,-0.31187540987924134,-0.31069647190961414,-0.4483823795055024,-0.799060588997661,37.3560879163374,0.12654068712712574,0.05710126307973933,15.684457999217697,0.8859708651581888,-0.025840979881459607,-0.21426233838415865,-0.5159684362849377,0.0540317721919934,False,False,False,True,9.71755599975586,8.683076858520508,False,False
2026-02-23,8.35697078704834,323517916,-0.05975271514266478,-0.10254430602283562,-0.07945123877759154,-0.36491067000465155,-0.3684181441870094,-0.5280239769284006,-0.9135789424258612,32.552600126079895,0.08576618702296523,0.061427996826148225,15.254845589182766,0.9023609490500456,-0.07452580045360381,-0.25205957580213256,-0.542171409915799,0.8277262663085734,False,True,False,False,9.71755599975586,8.683076858520508,False,True
2026-02-24,8.295060157775879,224549175,-0.00743583947680342,-0.09687033447068152,-0.052682975448728464,-0.3253701712337848,-0.39741018280881085,-0.5881344621187373,-0.8962593628780855,32.01913198730517,0.057957318619983544,0.059402698938339986,15.295550567285812,0.8936594446234489,-0.07412104592822666,-0.24932014157388985,-0.5436251687660932,-0.30591425112913995,False,True,True,False,9.420015335083008,8.683076858520508,False,False
2026-02-25,9.497387886047363,664889593,0.13535662552503688,0.07018257122805412,0.09574907690482631,-0.2099158016012505,-0.2895155136728596,-0.4586105498838518,-0.7190698398798056,49.371542905260576,0.12028148584936948,0.059692745136992124,14.472920011858879,1.0247765571173426,0.05303904626808476,-0.13251261559429042,-0.47534710320469636,1.9609977101897615,False,False,False,False,9.420015335083008,8.683076858520508,True,False
2026-02-26,9.304420471191406,427275005,-0.02052719472116819,0.04486729680955598,0.04576732741472339,-0.26427033993993393,-0.30608870370934343,-0.46770478917330877,-0.7478761510056247,47.28539112513893,0.1465135356068641,0.06042075098145611,14.525368151906731,1.0150146930752064,0.031471913392910604,-0.14261212196335868,-0.48393167774533097,-0.3573745032282375,True,False,False,False,9.420015335083008,8.683076858520508,False,False
2026-02-27,8.959959983825684,330920274,-0.037723845827652494,-0.023002936496734485,-0.020652201865707792,-0.29697013958018936,-0.3215029679796778,-0.46362841611191874,-0.704908362804603,43.733016542352345,0.13874675000237158,0.06320327549074432,14.401336325386223,1.0198768717079512,-0.005239244688174784,-0.16680039850414402,-0.5011150576398908,-0.225509870393659,False,False,False,True,9.420015335083008,8.203877449035645,False,False
2026-02-28,9.16455078125,436042792,0.022577104610868898,0.004775306205811385,-0.0451362601119472,-0.18486404088956862,-0.3153050709717818,-0.40748213766080066,-0.6856767841320272,46.312860282697955,0.14480023919782148,0.06352269550587364,14.455829968487413,0.9840439349016564,0.017051230071760473,-0.14040833802681277,-0.4875117718871493,0.3176672034303949,False,False,True,False,9.804553985595703,8.203877449035645,False,False
2026-03-01,9.030876159667969,365457588,-0.014693475126112205,0.01780065984150462,-0.027851645401093313,-0.18483733799503407,-0.3093469403674668,-0.3470477779915731,-0.7276268003656403,44.865425154975625,0.137281337161621,0.06411795670471251,14.453817027738419,0.9840410164104555,0.002311881027778348,-0.14542970281051698,-0.4926462453837252,-0.1618767820384014,False,False,False,False,9.804553985595703,8.203877449035645,False,False
2026-03-02,9.175148010253906,377731806,0.01584913534755964,0.09340251033172914,-0.009141795691106496,-0.09660444708807175,-0.38986093829771296,-0.39679973512063765,-0.720516769906787,46.79802775425477,0.13907467909503735,0.06300160377446108,14.238121981881328,0.9570643873671455,0.015892380604935103,-0.12431647285899063,-0.48243374158851704,0.033585889041658046,False,False,False,False,9.804553985595703,8.203877449035645,False,False
2026-03-03,9.17881965637207,315535996,0.00040009291002715216,0.10123844271855953,0.0043681082478782,-0.07724526194124615,-0.40776563361620755,-0.47866396254753474,-0.5956003514402288,46.849089203551245,0.13732098928596942,0.06134390187815563,13.654158270488567,0.9554382133857833,0.013221540535225304,-0.11667748524567104,-0.4800889374302013,-0.16465600463626306,False,False,False,False,9.804553985595703,8.203877449035645,False,False
2026-03-04,9.496273040771484,484398193,0.034000791506142554,-0.00011739130033486229,0.07006517992771925,-0.06584045799720628,-0.38732903743078245,-0.416264262403133,-0.5232224789699293,51.20928891079397,0.15314785518975216,0.06063334298701149,14.109734227289877,0.9600369245323325,0.04475774256514193,-0.07681395514045747,-0.4598408947889655,0.5351598522534335,False,False,False,False,9.804553985595703,8.203877449035645,False,False
2026-03-05,9.383824348449707,257825358,-0.011912017154378202,0.008497786266455169,0.05336508307601107,-0.053119332893068735,-0.4161801326335841,-0.3438405228959694,-0.5733027391892748,49.655395424047455,0.15137980121174455,0.05914919759040672,14.364744376204897,0.9573163093681096,0.031042801976903546,-0.07836311847195583,-0.46384438769935615,-0.46774087573856826,False,False,False,False,9.804553985595703,8.203877449035645,False,False
2026-03-06,9.02619743347168,291152105,-0.03885621795325608,0.007365414140851677,-0.01563752235588285,-0.07316388034069568,-0.4710765607318289,-0.3960520506769537,-0.5786906085002438,44.980642850802276,0.12268455005633577,0.06153588116778261,13.551805068885542,0.9643346261482965,-0.005182615207638145,-0.1050612447463685,-0.4821067142394438,0.1292609356136334,False,False,False,False,9.804553985595703,8.203877449035645,False,False
2026-03-07,8.906248092651367,160383639,-0.01337811171637614,-0.028589802186393374,-0.023814495980582013,0.07059013963338719,-0.4937702359062646,-0.41265930698287356,-0.6868978235016606,43.501372684105405,0.09350451047733349,0.059317065328529345,13.491629134166708,0.7884093290484427,-0.016344607919149698,-0.10868432622491254,-0.487013254772905,-0.4491414066884387,False,True,True,False,9.755741119384766,8.203877449035645,False,False
2026-03-08,8.820452690124512,195317606,-0.009679869197919574,-0.02357619625820072,-0.005775536416696144,-0.05018706115882096,-0.46977553594221816,-0.4360207366691028,-0.6837429743597289,42.426613796124684,0.06751678965746133,0.05780014561920546,13.535009752972108,0.6844382411756053,-0.02345313565649794,-0.10850324971914023,-0.4898084699040117,0.21781502912525874,False,False,False,False,9.755741119384766,8.203877449035645,False,False
2026-03-09,9.250893592834473,361782674,0.04764695737662231,0.00822162577086203,0.10162413610259101,0.0025329298635242466,-0.40564436549343785,-0.45666059969769346,-0.6531610036656069,49.20688592123208,0.07768338221557425,0.05633432429537821,13.655652041785526,0.705520679795852,0.023567596248351634,-0.057865629232957266,-0.46281055860574655,0.852278867272211,False,False,False,False,9.755741119384766,8.203877449035645,False,False
2026-03-10,9.532014846801758,382074266,0.02993596532079216,0.037757498181627054,0.13899594090018658,0.04753753259617199,-0.3680254224703002,-0.3944644647316181,-0.6449865404149528,53.09227531104547,0.10027156110553864,0.05590634954949514,14.257783993797362,0.7107991596352445,0.0507292858461688,-0.02288831537784679,-0.4439503479889023,0.05608779374547934,True,False,False,False,9.755741119384766,8.203877449035645,False,False
2026-03-11,9.549243927001953,273457129,0.0018058646011406118,0.005562571276625178,0.005445179976290311,0.05391472724693226,-0.3623736144859736,-0.3410592309583861,-0.5775792579397728,53.32791044722584,0.11239171879938856,0.05436381172687772,14.791664931197927,0.7104519981183928,0.04885323517689695,-0.01600843359235782,-0.4402236250352484,-0.2842827865303025,True,False,False,True,9.755741119384766,8.733743667602539,False,False
2026-03-12,9.677624702453613,250162453,0.013354507788375927,0.03082909621937939,0.03932688248583465,0.10147333784097473,-0.3459129101601256,-0.30365472717188147,-0.5527836712547318,55.136385522286794,0.12415264297153356,0.0518168874266865,15.731081184030494,0.6994007573459222,0.05999008159580412,0.0028514305489160965,-0.4300169796999379,-0.08518584278707908,False,False,False,False,9.755741119384766,8.733743667602539,False,False
2026-03-13,9.720892906188965,452727077,0.004460987830394077,0.07414630200302959,0.08151171614388113,0.11900975249988666,-0.3285272784945508,-0.31996009600033726,-0.5083448916236141,55.75859659047098,0.12935722497739674,0.05227470733518019,16.65606104531186,0.6968772643801928,0.06124210458017117,0.012484314883807504,-0.4251564256714656,0.8097323222202335,False,False,False,False,9.755741119384766,8.733743667602539,False,False
2026-03-14,9.720721244812012,180951387,-1.7659169205199712e-05,0.0875067545502004,0.05891695236380713,0.08953753856174664,-0.4161564917093288,-0.28220948617271413,-0.441145280962831,55.75529275826769,0.12711252395195727,0.05022236911998573,17.126537989116393,0.6908669490153777,0.05632697879943497,0.01754869144363258,-0.4226984091409012,-0.6003080085267354,False,False,False,False,9.755741119384766,8.733743667602539,False,False
2026-03-15,9.93514347076416,235048383,0.021818498981394905,0.11900512272951479,0.09542892647131401,0.0826603540903629,-0.3862984310896578,-0.2168559674849619,-0.4463361215947551,59.02150250261449,0.13372159298062306,0.0481493288702352,16.133109918766415,0.6880563831584903,0.07044882389892743,0.044591206604826995,-0.40741481516118555,0.2989587253067034,False,False,False,False,9.755741119384766,8.733743667602539,True,False
2026-03-16,10.489087104797363,530768463,0.054257076497761327,0.1256152418506539,0.1338368676215159,0.08985626773101604,-0.2757473819735247,-0.1628976739876276,-0.3681953794203393,66.00373637591285,0.16689625975404054,0.04646962435376663,16.628198731436473,0.6943177087908629,0.11693103732376524,0.10514753242601128,-0.3716761101276651,1.2581242900956267,True,False,False,False,9.755741119384766,8.733743667602539,False,False
2026-03-17,10.196188926696777,364998787,-0.028321377505973064,0.06735789902388871,0.1051153972055156,0.09351298006200914,-0.2869632512762786,-0.14936450738951265,-0.35214614338888856,60.16623526310787,0.16055880127279681,0.046631257578053996,18.15519604077484,0.6921130948177102,0.08171712851824343,0.07773824982262612,-0.38676405513090245,-0.31232013119814916,True,False,False,False,9.755741119384766,8.733743667602539,False,False
2026-03-18,9.675531387329102,419072470,-0.05241385467130451,0.013138179751443381,0.018700751028068733,0.043959839753131794,-0.3502601983921481,-0.1670731152200619,-0.40956372766679994,51.45454592365933,0.11488711187026673,0.0517872927064686,18.219855282499527,0.7185767260478639,0.024463671805684876,0.028014517023722103,-0.4155984845048984,0.14814756904931858,False,False,False,False,9.755741119384766,8.733743667602539,False,False
2026-03-19,9.470717430114746,249277705,-0.02139549863820255,-0.021611826675135067,0.00921726954424446,0.03567415214388684,-0.3164325746525802,-0.2572118878786373,-0.4096716660606036,48.48075141372111,0.06685022256192741,0.05202239459477916,17.553657266091687,0.7212681419074105,7.338340276081865e-05,0.011816339974875955,-0.42555169592841857,-0.4051680249957722,False,True,False,False,9.755741119384766,8.733743667602539,False,False
2026-03-20,9.56622314453125,246768714,0.010033809299593447,-0.016039005205935646,0.05810729679709402,0.07740424161717901,-0.28503149538867395,-0.24394238163033158,-0.36701847484892497,49.93382013065995,0.038862379551244955,0.049364038979396514,17.281342776979493,0.7119482975745306,0.008020673096610701,0.02521642436017679,-0.41735263160866404,-0.010065043723023637,False,False,True,False,10.516104698181152,8.733743667602539,False,False
2026-03-21,9.204108238220215,168966995,-0.03858853980902427,-0.05460988584575456,0.03289686870444586,0.03402762211082468,-0.27224342892127146,-0.27671698459496663,-0.36827106711990276,44.777091880487944,-0.00438479482996898,0.05099238810655386,16.926927230493092,0.7261897171597854,-0.03102081033205436,-0.010068847573375016,-0.4367924770804826,-0.3152819404813205,False,False,False,False,10.516104698181152,8.733743667602539,False,False
2026-03-22,9.018503189086914,231347138,-0.020371555270736683,-0.09679994009788613,0.022205182631628833,-0.016490320638549747,-0.3185945561908518,-0.31874864319910756,-0.3830233652492733,42.36226136413699,-0.043654693587986126,0.05184680821182615,17.26466300889321,0.7221551576920544,-0.0497772091219172,-0.02775747571621612,-0.44540775905368674,0.36918537256344064,False,True,False,False,10.516104698181152,8.733743667602539,False,False
2026-03-23,9.548535346984863,397799974,0.05710939917871246,-0.093947617416935,0.03166762443371899,0.04582021663183956,-0.24297771754589584,-0.24335732089198167,-0.32968705932496506,50.56181816022126,-0.03260332748383012,0.05145794659794822,16.97002079590503,0.7493000480143234,0.004113193930423171,0.030198897814616953,-0.4101495275320465,0.7194938197160667,False,False,False,False,10.516104698181152,8.733743667602539,False,False
2026-03-24,9.61177921295166,244191861,0.006601571749083993,-0.059024668161877944,0.008333230862010635,0.08014061714272919,-0.23173479273651212,-0.23055585476688492,-0.3682417623627733,51.44934081812799,-0.020305927031840483,0.0494926842209891,16.98480695479912,0.7419669742377512,0.010150357957492312,0.03821140643438253,-0.40350365216344475,-0.3861441001501925,True,False,False,False,10.516104698181152,8.733743667602539,False,False
2026-03-25,9.671002388000488,238616496,0.006142615986675293,-0.00046819750389821716,0.012669982247545293,0.14603594827206923,-0.21887472173258246,-0.2223821959149402,-0.38198802865633136,52.312672939246454,-0.00808249622865441,0.0472634820396552,16.966727371165664,0.7069649511187832,0.014842971925295479,0.045115822183062204,-0.3970760952231158,-0.022831903476094983,False,False,False,True,10.516104698181152,8.893341064453125,False,False
2026-03-26,9.100454330444336,266472050,-0.06080762495966244,-0.03988032382535814,-0.061492150500493135,0.09266416278921022,-0.23270600844457456,-0.30474602001960077,-0.49547029932952724,44.164799736590815,-0.036718307769866856,0.05201449126800178,16.77874828853897,0.742284821181458,-0.04540037730847797,-0.015241347930931128,-0.42987505074666327,0.11673775479462245,False,False,False,False,10.516104698181152,8.893341064453125,False,False
2026-03-27,8.787351608276367,238899610,-0.035010968387407325,-0.08492510151235892,-0.10096410671829452,-0.07770343112323409,-0.2876192327244847,-0.3672189447960936,-0.5363139810070859,40.44216015131739,-0.07294951596207247,0.05374037072611224,17.210533334535587,0.5804194389009827,-0.07766839001052314,-0.050125577312602254,-0.446632780664734,-0.10347216527962311,False,True,False,False,10.516104698181152,8.893341064453125,False,True
2026-03-28,8.749664306640625,125047824,-0.0042980356333570235,-0.05063459733669173,-0.10524448318244625,-0.061474272035422904,-0.3257446119753568,-0.3675629757447662,-0.5291790612087317,40.00505842849252,-0.09429943640439256,0.052068995254178685,17.483401452526984,0.576856538793203,-0.08128279193464835,-0.05312520014053396,-0.44600805961175555,-0.4765674837225561,False,True,True,False,9.781089782714844,8.893341064453125,False,False
2026-03-29,8.595704078674316,142000931,-0.017752781958838757,-0.0480158240247938,-0.1448157641226799,-0.04150320816660916,-0.33847334774679855,-0.3630061761462869,-0.5051316242785278,38.18918030897675,-0.1124081949081596,0.052304020266620926,19.384491706254103,0.5654039955624297,-0.09433338860496887,-0.06851279732463518,-0.4521430793230886,0.13557298685981123,False,False,False,False,9.781089782714844,8.893341064453125,False,False
2026-03-30,8.78921890258789,201407189,0.022263292980087303,-0.08286193022341909,-0.1768095476403541,-0.041817019797390775,-0.22668106068695942,-0.35712209076917256,-0.4492991574581915,41.76709995196516,-0.10510491779657828,0.05119863363924909,20.498370607672694,0.5652376513521005,-0.07030611270822619,-0.04692200749135763,-0.4361459844439997,0.4183511867256702,False,False,False,False,9.781089782714844,8.893341064453125,False,False
2026-03-31,8.909309387207031,207668535,0.013570882925905926,-0.07589261904659714,-0.13491728720847498,-0.013552661745372606,-0.19838999974040672,-0.32289960211283936,-0.3606004397369457,43.935950299364805,-0.08670293336144905,0.0496701598074838,21.144809341755654,0.5654651412825084,-0.054402968341007066,-0.033608993685007714,-0.4247385892250375,0.031087996566001364,False,False,False,False,9.781089782714844,8.893341064453125,False,False
2026-04-01,9.12394905090332,309605076,0.023805991706580702,-0.05822924332669152,-0.058697440830589864,-0.005595805386351506,-0.10220025247442324,-0.39545674368406436,-0.40239554050698917,47.68622671337613,-0.0560776353776246,0.049465300388648915,21.224294629578196,0.5690220343499144,-0.0287682941229251,-0.01114260928885363,-0.4068743386370954,0.4908617523593548,False,False,False,True,9.781089782714844,8.43107795715332,False,False
2026-04-02,8.751992225646973,286740170,-0.041621362947166646,-0.039042981314195785,-0.0789233051395538,-0.04761726124354521,-0.12486252318479132,-0.4553828948597529,-0.5262812237910799,42.39386994684463,-0.05670383524687009,0.05235763590869706,21.88274673353338,0.587068559498552,-0.06353331038000055,-0.05170579145233313,-0.4271930262494606,-0.07385184472879891,False,False,False,False,9.781089782714844,8.43107795715332,False,False
2026-04-03,8.911928176879883,183731306,0.01810926662044203,0.014077253693653627,-0.07084784781870533,-0.06350878612924574,-0.12934924412645202,-0.45083782356002816,-0.4797730485323788,45.2096484536819,-0.042811648188831375,0.05084317270375487,22.009153949320613,0.5774823452611639,-0.042275970688225306,-0.03442613341745425,-0.412702321387096,-0.35924113457838847,False,False,False,False,9.781089782714844,8.43107795715332,False,False
2026-04-04,8.98441219329834,115007066,0.00810047319970231,0.026475762526712764,-0.024158834809978946,-0.04349629577516522,-0.09661562866823387,-0.45967642840874945,-0.38733681867113473,46.486309270337,-0.026031270644064686,0.04872187465278506,21.395268959369574,0.5774289754903066,-0.029528758368628984,-0.026229843060318947,-0.40378103229099904,-0.3740475235069629,False,False,True,False,9.437272071838379,8.43107795715332,False,False
2026-04-05,9.055030822753906,132606668,0.007829398073184685,0.05205794255873614,0.004042118533942425,0.0031893202512755683,-0.0699745600894202,-0.4678872404805534,-0.3928627304256782,47.763360702724185,-0.008380000481626515,0.04741765237603116,17.75799129330753,0.5621232030045967,-0.014266084282593574,-0.01744140213210805,-0.3945321096195106,0.15303061465805934,False,False,False,False,9.437272071838379,8.43107795715332,False,False
2026-04-06,8.906012535095215,370871336,-0.016593880890793805,0.013200768687855276,-0.06966116153556383,-2.644892314221238e-05,0.0705636907102451,-0.4937966848294068,-0.41268575590601586,45.30634742981374,-0.005105795669828994,0.05107544197655606,14.874736029273317,0.563204988464162,-0.023631768396680748,-0.03281387748749802,-0.3992084011843383,1.7967774290203868,False,False,False,False,9.437272071838379,8.43107795715332,False,False
2026-04-07,9.474905967712402,606342194,0.061920212279939275,0.0615500980418884,-0.014342521004708553,0.07157363255471662,0.02138657139589567,-0.39820190338750155,-0.36444710411438613,54.85420561779618,0.034812589840079566,0.05280385817646329,14.283236497555308,0.6017709320201101,0.03987973886468064,0.02848612526098,-0.35555094625638617,0.6349125293414426,False,False,False,False,9.437272071838379,8.43107795715332,True,False
2026-04-08,9.055965423583984,355576360,-0.04522312328085644,-0.0074790169455486305,-0.06570826027224014,-0.021296448102762,-0.01876351823923766,-0.42694081359619984,-0.4779570478004554,48.18347630735135,0.03248564859565595,0.05521237875219567,13.853546714296852,0.6010441040990581,-0.0038321262384220303,-0.01681237555879794,-0.37894924582935846,-0.4135714724810987,False,False,False,False,9.437272071838379,8.43107795715332,False,False
2026-04-09,9.351433753967285,305775039,0.03210597082870926,0.06624831683032718,0.027205335516131395,-0.019126442594845073,0.028411090001326928,-0.3871518650651453,-0.41359090732646314,52.56481858843505,0.049320001092342566,0.05496347206314265,13.297026089602634,0.6024826256400402,0.02988643309188254,0.014169919363549619,-0.3534325230049432,-0.14005802016759494,False,False,False,False,9.437272071838379,8.43107795715332,False,False
2026-04-10,9.404664039611816,243563480,0.00567606643381073,0.05381511664369606,0.06789237033734954,-0.01525624076217496,0.038658486484757296,-0.3776298552481485,-0.35631547172056105,53.330424541184605,0.06171032035279796,0.05295720418759428,13.59918383789167,0.6028313156205606,0.03460616597684743,0.018819124734984417,-0.34423762680465564,-0.203455321936857,False,False,False,True,9.437272071838379,8.487540245056152,False,False
2026-04-11,9.376839637756348,188458014,-0.002962960015301541,0.042751683428692136,0.06922744595540503,-0.031573708565852544,0.06989962927512237,-0.3774866187259783,-0.3352284357377339,52.850245205992714,0.06535231356583161,0.05218593202998107,13.821253869494472,0.6007918446786528,0.029516001530086853,0.01534645013372593,-0.3405966031394568,-0.22624683306380744,False,False,False,False,9.437272071838379,8.487540245056152,False,False
2026-04-12,9.03339672088623,228800379,-0.03731432436841476,-0.0023920390129072624,0.049665903545829046,-0.07334902076466128,0.045660731735225404,-0.40187629925921214,-0.3933091167649985,47.20096968624639,0.04302911876537775,0.053624576847007374,13.13559510208277,0.6135030282270427,-0.005379065021020852,-0.021656984631729853,-0.35949810795590037,0.21406553185899546,False,False,True,False,9.629572868347168,8.487540245056152,False,False
2026-04-13,9.668937683105469,348127680,0.06798999019583689,0.08219183207372353,0.09539260076157875,-0.005341371399619164,0.08419616716212763,-0.4214978631089479,-0.28755085757233334,56.47305823471208,0.06798005791919978,0.05166626159041966,13.36425565830061,0.6609180278790067,0.06426219467447965,0.045368377775874914,-0.3097887281308472,0.5215345425629736,False,False,False,False,9.629572868347168,8.487540245056152,True,False
2026-04-14,9.307276725769043,347228433,-0.038121908620185406,-0.017850288826401228,0.04369980921548731,-0.06528177900119929,0.017378575089163503,-0.45158021009085714,-0.2821377464861613,50.98593429701624,0.057459501759996964,0.053223644531527774,12.250523545531951,0.6688320469686587,0.026508923005438438,0.004203479081036109,-0.33087717310176945,-0.002583095374662503,False,False,False,False,9.629572868347168,8.487540245056152,False,False
2026-04-15,9.432990074157715,264885681,0.013416589579697285,0.04078942403415236,0.033310407088603854,-0.10612226591926359,-0.01626599818824751,-0.38186964789278827,-0.2690199399068911,52.70611053614346,0.05622973224266884,0.05079285411879296,12.722975291860742,0.6400104311245046,0.03846964463521883,0.015274218698480578,-0.31708742175473326,-0.23714288397574856,False,False,False,False,9.629572868347168,8.487540245056152,False,False
2026-04-16,9.72756290435791,412457311,0.0307502650871713,0.039433718292614536,0.10568203512294175,-0.04705062332611912,0.046462356735889915,-0.3340138746023977,-0.19641513071563177,56.55379980109972,0.07153577305900181,0.04993574247053271,13.687633244371748,0.6443719993787195,0.06538516711433683,0.04646064357724204,-0.29055334213201567,0.5571144104237178,False,False,False,False,9.629572868347168,8.487540245056152,True,False
2026-04-17,9.741255760192871,391454512,0.001406644987420303,0.03516429684622405,0.08897941348992011,0.006769876332605575,0.0507297160857373,-0.34349032205954244,-0.1603032388874564,56.73002484894472,0.07831562321481246,0.05020800599698695,14.223120329159416,0.6177157359585659,0.061122869539618895,0.04694968414785259,-0.2841482370353243,-0.0509211461158946,False,False,False,False,9.629572868347168,8.487540245056152,False,False
2026-04-18,9.341824531555176,260832134,-0.0418684583410169,-0.003741201479491408,0.039010481949200794,-0.013703083370208834,0.021971068773677986,-0.330135658022789,-0.27091497124884617,50.31830543284812,0.052852900211245946,0.052107686303878874,12.974654643840422,0.6307256458028174,0.013493891344806738,0.0031970272536959985,-0.30824938137557506,-0.3336846913135082,False,False,False,False,9.629572868347168,8.487540245056152,False,False
2026-04-19,9.01020622253418,292178422,-0.036143619612216,-0.002570496723292634,-0.004962535736199831,-0.05988051228201832,0.017523729335160717,-0.34491200767069224,-0.3038228939123499,45.700229362927146,0.012723154664796472,0.05306781615074353,12.430531845964499,0.6415327514141298,-0.023653745990381655,-0.032093844199109746,-0.3274028502130082,0.12017801456932453,False,True,False,False,9.629572868347168,8.487540245056152,False,False
2026-04-20,9.2794771194458,330656829,0.0294472407814607,-0.04111324613766881,0.0410785859360547,0.008155268308466685,0.04218289041929124,-0.26408816061280493,-0.2685617162865001,49.73429064256256,0.0038224178014762654,0.05111018367938585,11.998774870699911,0.6365633476780811,0.0035118449414978706,-0.003700008309943003,-0.3016344164367064,0.13169489634658915,False,False,True,False,9.989710807800293,8.487540245056152,False,False
2026-04-21,9.386750221252441,277126254,0.011493943670580889,0.00850260615309744,-0.009347682673303735,0.04002076724978426,0.023530446611234435,-0.27857378894106755,-0.27872787594932336,51.28694909266737,0.004614977017875582,0.04940079653120189,11.985383413593365,0.6332521858838122,0.013672259964181059,0.00735974990192939,-0.2876709733517897,-0.16189163599581968,False,False,False,False,9.989710807800293,8.487540245056152,False,False
2026-04-22,9.348435401916504,263297721,-0.004090151389124462,-0.009004134815724124,0.031785289218428193,-0.021178783318052716,0.024641433313786907,-0.26415650086394843,-0.2645361042100343,50.684747321884146,0.0021399596893978134,0.048448681633530916,10.85664183861711,0.6005438907092205,0.006293899305669598,0.002882807541862538,-0.2849366425771359,-0.04989975796374746,False,False,False,True,9.989710807800293,8.983798027038574,False,False
2026-04-23,9.392234802246094,234090147,0.004674270407562588,-0.035080129495333005,0.004353588797281554,-0.023106084659574207,0.05703453248315494,-0.2548408773960864,-0.25366193942645915,51.38744684703388,0.002982093448463251,0.04668693032311208,10.197120420032038,0.6002862933840379,0.008401797074690538,0.007806489110111688,-0.2758552915776315,-0.11092983976112725,False,False,False,False,9.989710807800293,8.983798027038574,False,False
2026-04-24,9.396146774291992,152314648,0.00041642459585917573,-0.036070349886893935,-0.0009060530406699665,-0.0288322760503902,0.11720367222167895,-0.24770699778297256,-0.25121447196533037,51.45398247610632,0.0033068879191480716,0.04463703769688265,9.66397982215333,0.5997884145090284,0.006596922581748542,0.008199590637509177,-0.2695513393013858,-0.3493333660045077,False,False,False,False,9.989710807800293,8.983798027038574,False,False
2026-04-25,9.365880012512207,121326224,-0.003226387892849799,0.002571720561273132,-0.0011694809182181418,0.028748961016422554,0.1214131238056326,-0.2039570474281521,-0.2759970590031783,50.87381280338432,0.0011016538720737476,0.043033568913883505,9.25091542174299,0.5597685463868967,0.0016866322669671265,0.004219959573223016,-0.26660581415160356,-0.20345005819794826,False,False,True,False,9.661038398742676,8.983798027038574,False,False
2026-04-26,9.465227127075195,155677427,0.010551481179390608,0.0492668213528797,0.04669632462958713,0.07431141058322036,-0.0033920205400137906,-0.2133078221412644,-0.2929075342128734,52.75680813613371,0.005695392872117566,0.04100253267689922,8.180046430224277,0.5452928559882316,0.009293658163331327,0.013657009081456874,-0.2531684573747069,0.28313090004350583,False,False,False,False,9.661038398742676,8.983798027038574,False,False
2026-04-27,9.267021179199219,210190702,-0.021162792849961375,-0.0013432122785423733,-0.04245645841621118,0.05744665336661588,-0.0040276186688069275,-0.2682979586087408,-0.31011632237815034,48.74267602393468,-0.0046923371881381765,0.04226619742318852,8.193541588584774,0.5510725412191829,-0.010744940718078428,-0.008517744570284645,-0.2632508847873809,0.35016813966227733,False,False,False,False,9.661038398742676,8.983798027038574,False,False
2026-04-28,9.17384147644043,152669491,-0.010105871674644242,-0.022943027623767608,-0.014440421470670088,0.06509356365081048,0.023590355484201377,-0.2733797840959881,-0.2979126124954765,46.93468456622504,-0.017212395452900577,0.04075623285567337,7.846059128174986,0.5482759716806583,-0.021307637289018723,-0.018325222439809767,-0.26729199511974494,-0.27366201479264296,False,True,False,False,9.661038398742676,8.983798027038574,False,False
2026-04-29,9.12057876586914,236947527,-0.00582285312765677,-0.0246757293622999,-0.03367986417802413,0.03700741754306638,-0.004809602254324384,-0.18967364314389298,-0.3201146732261062,45.886922751946244,-0.027825993864549876,0.04188277085818174,8.201621241245242,0.5440569464735717,-0.02579020375403082,-0.02316461860048102,-0.2679349980654103,0.5520293245753993,False,False,False,False,9.661038398742676,8.983798027038574,False,False
2026-04-30,9.088105201721191,143002322,-0.003566825437114712,-0.03291682520697717,-0.06799695470231015,0.01986970918004568,0.006317047434673193,-0.17852029056036087,-0.30302989293279353,45.224051015380105,-0.03529814198151522,0.040147766579785304,8.587264277962728,0.5424472716655176,-0.027614884283386733,-0.02568019912144968,-0.2665692456227012,-0.3964810529548173,False,False,True,False,9.550851821899414,8.983798027038574,False,False
2026-05-01,9.084211349487305,144681657,-0.00042854770689335195,-0.033761797509729685,-0.06983214739662366,-0.004364830233428305,-0.009960635619779723,-0.10656508270785148,-0.39982157391749273,45.139846604964035,-0.0385052455097577,0.038747388199506155,8.933016313136143,0.5359814144604572,-0.026507512257522996,-0.024856903439443228,-0.262492616863166,0.011743410711890334,False,False,False,False,9.550851821899414,8.983798027038574,False,False
2026-05-02,9.180719375610352,105822323,0.010567674819880033,-0.019967734796999915,-0.017396014235726644,0.04782420753361848,0.00020694629007318735,-0.07703831565117286,-0.40755868732613454,47.73717525434781,-0.03237580548802055,0.036746655581127045,8.573541612402387,0.515680644999262,-0.01694141510499644,-0.013353054871152351,-0.25052311839441094,-0.26858507709792123,False,False,False,True,9.550851821899414,8.948552131652832,False,False
2026-05-03,9.08486557006836,155486086,-0.01049566009021221,-0.04101487606660269,0.008251945286277084,0.019219280822964202,-0.044289505306281576,-0.11012996330348794,-0.4316185427370639,45.43624764014697,-0.03291800791731081,0.035997053935496695,8.264339508828135,0.5137995748145462,-0.024153756008014785,-0.022318212524202793,-0.2544434098505211,0.46931272714548133,False,False,False,False,9.550851821899414,8.948552131652832,False,False
2026-05-04,9.170581817626953,282519680,0.009390827369321746,-0.010461255847319554,-0.011804468125861922,0.0205096349925835,-0.02298666078258173,-0.07610599367565041,-0.43916679341616577,47.85662909621193,-0.025951040029622875,0.03576005482942658,8.372730346255263,0.5140550223061552,-0.014222879608442752,-0.011467007061200142,-0.2437509259547819,0.8170094010855737,False,False,False,False,9.550851821899414,8.948552131652832,False,False
2026-05-05,9.40404224395752,231050172,0.025138890596715698,0.02478350642404057,0.001840478800272968,0.0378191275161146,0.04100844776739017,-0.03215543257330561,-0.43006811296443875,53.85996096899692,-0.005154853631630089,0.03493259158870814,8.336761281093782,0.5205876298515025,0.011029879085083292,0.016075437136883593,-0.22110967869256196,-0.18218025731871135,False,False,False,False,9.550851821899414,8.948552131652832,False,False
2026-05-06,9.612005233764648,322394511,0.021873239583038506,0.052479599134735676,0.027803869772435746,0.07628624798994695,0.07625979906680465,0.1468499387001919,-0.4175104368394598,58.449099338877964,0.02160361067897037,0.0346651932092933,7.851422871906517,0.5212734588118146,0.03403032886207417,0.0398578432709835,-0.20037670711337494,0.39534417226055996,True,False,False,True,9.550851821899414,8.996288299560547,True,False
2026-05-07,9.502643585205078,251065462,-0.011442830354424373,0.044603594217425914,0.011686769010448766,0.0029232053555832073,0.07449683791029983,0.024309776751478877,-0.39527869803191823,55.33238999170541,0.030396236270200244,0.03482830578687234,6.86193922522365,0.4770273246399864,0.023579256523785345,0.028411445238917577,-0.2058102433925204,-0.22124771534959542,False,False,False,False,9.550851821899414,8.996288299560547,False,False
2026-05-08,9.896980285644531,286191846,0.04065965693707238,0.08569179886139175,0.051930001351662015,0.0888059855735122,0.06750953747075002,0.07004246733427447,-0.3381348280226878,62.99483920454597,0.05954287097659179,0.03505957080048993,8.931483568048971,0.46831305979286886,0.06287738202278147,0.07010071774423417,-0.16922209386700818,0.1399092639831121,False,False,False,False,9.550851821899414,8.996288299560547,True,False
2026-05-09,9.951960563659668,207068724,0.005539884374285298,0.08066400841579706,0.06069627361879727,0.062239899119088074,0.043113456524243185,0.09065098912041512,-0.3249119659460571,63.92405592318747,0.07812644519196615,0.03450945060118389,10.20275291783156,0.4565228432376201,0.06340436429321246,0.07514856894625298,-0.16122527692870742,-0.2764688201494042,True,False,False,False,9.550851821899414,8.996288299560547,False,False
2026-05-10,10.231649398803711,316777515,0.027716225187543637,0.118875893693553,0.07786101762695044,0.08428005787282124,0.06902381711064622,0.12293854435757848,-0.29334979737532746,68.28669341664695,0.10327742524764151,0.03540316409545607,12.934519674331879,0.4651036055050908,0.08775657591060045,0.10291575290916899,-0.13444752886233854,0.5298182597580501,False,False,False,False,9.550851821899414,8.996288299560547,False,False
2026-05-11,10.136425971984863,255708282,-0.009350330736303786,0.10013473558792761,0.08967347974060798,0.07789268715181906,0.04631897858596652,0.1477923164269413,-0.29959393157415926,65.38748513632052,0.10706485727960145,0.03500800510729582,14.534609846592767,0.4666324541520026,0.07335576025558774,0.09002410132966836,-0.1392262144143988,-0.19278272638763516,False,False,False,False,9.550851821899414,8.996288299560547,False,False
2026-05-12,9.835984230041504,226226921,-0.03008794672257763,0.04490789826863413,0.0696914046926746,0.08511906479765606,0.011770044032994868,0.1307797965328815,-0.316757234461556,57.143929354076164,0.08392291193487161,0.036911820659536944,14.90077077051686,0.4594792899727256,0.038860037476925686,0.057062498450730345,-0.16129998457259528,-0.11529294541973423,False,False,False,False,9.550851821899414,8.996288299560547,False,False
2026-05-13,9.751030921936035,235692228,-0.008674506059532343,0.014360152626063431,0.0668397517607991,0.008454568542286779,0.0031131971426676852,0.09265073570441443,-0.41304329456666106,55.031247923356304,0.058675984709490814,0.03825476078937625,15.074138868871797,0.39610161878062267,0.027939701230651193,0.0476191018738836,-0.16499294682939933,0.041839878994772706,False,False,True,False,10.474573135375977,8.996288299560547,False,False
2026-05-14,9.896735191345215,230900139,0.01483190909628199,0.04063489207676993,0.08523848629419588,0.061408386258754194,-0.0038733927424450766,0.07878696134791781,-0.39017182383210275,57.90575452352781,0.0480194745660604,0.03848414982114558,15.46393553284235,0.3739276677413617,0.04055406620574365,0.06275761555317043,-0.14852783319266222,-0.02033197717491131,False,False,False,False,10.474573135375977,8.996288299560547,False,False
2026-05-15,9.536874771118164,202868172,-0.03703908443541376,-0.037063849295716406,0.04862794956567546,0.010952712243643328,-0.09516955367562031,-0.005313285944604142,-0.3709169356491449,49.49126924690157,0.014693183559850193,0.04089946370042448,15.387466623249136,0.395417518730813,0.0018173667963565722,0.023155123554047214,-0.17566257394882684,-0.12140298884791922,False,False,False,False,10.474573135375977,8.996288299560547,False,False
2026-05-16,9.290908813476562,151889414,-0.026129464553605392,-0.06873319822360702,0.011930810192189991,-0.04592701739713345,-0.09297764072325256,0.0005353393387565047,-0.3799408919995311,44.70907593203387,-0.023860077874371027,0.04173469641526456,15.538245226752654,0.3901440493613939,-0.0231261445597176,-0.004308933386064682,-0.19336628891980986,-0.25129007422613336,False,True,False,False,10.474573135375977,8.996288299560547,False,False
2026-05-17,9.180000305175781,154485208,-0.012009137234641393,-0.10845856064579217,0.010417333047760841,-0.05934279961919507,-0.052572923286589475,-0.008613083533457699,-0.4028331216787376,42.70527487412895,-0.054995044597019746,0.042216678401170826,15.686031996756029,0.3916760695770427,-0.03434562660706072,-0.01710140554467971,-0.19935441765376524,0.017090025773619733,False,True,False,False,10.474573135375977,8.996288299560547,False,False
2026-05-18,9.233905792236328,188390992,0.005854883886536111,-0.09325334602295235,0.0068813895649752965,-0.011619457391641991,-0.02532254076185085,0.010351611382035908,-0.341755115414431,44.018550372313726,-0.06920483252760795,0.04077214109279293,15.577679431458547,0.3649646222471863,-0.028982004708455182,-0.012679080559619187,-0.1915158517911826,0.2194759254879599,False,False,False,False,10.474573135375977,8.996288299560547,False,False
2026-05-19,9.09896183013916,131023139,-0.014721799347914673,-0.07788719864828944,-0.03297930037965517,0.009802362872659233,-0.050078149409359014,0.02732609220781992,-0.335109644798033,41.45677035558991,-0.08395554456911838,0.04041029300507085,15.628385583274227,0.3456894551498939,-0.043063661273317705,-0.027751745900398424,-0.20014675220681977,-0.30451484113423,False,False,False,False,10.474573135375977,8.996288299560547,False,False
2026-05-20,9.283246040344238,219835755,0.020050952051887526,-0.04916174053686958,-0.03480158791080635,0.0004060741430861144,0.008561342451552658,0.042588964562377415,-0.26368208646971886,46.07245470629375,-0.07770829281465848,0.039103427705092744,15.246460870326992,0.3371759275745013,-0.02468333859340162,-0.008852536506050357,-0.18055710248051487,0.6778391715985372,False,False,False,True,10.474573135375977,9.014841079711914,False,False
2026-05-21,9.441242218017578,359253730,0.01687628792532339,-0.047117361707828195,-0.00648246963105843,0.005788418397828545,0.045809185647612695,0.02931886500906301,-0.27278537054323904,49.73174113470351,-0.06012794331554782,0.03752635337252762,14.66208289408251,0.33999339898677655,-0.00994081482503194,0.007333794919877582,-0.1631319112925405,0.6341915354033287,False,False,False,False,10.474573135375977,9.014841079711914,False,False
2026-05-22,9.146641731262207,303929304,-0.03170077437987817,-0.04177905165229272,-0.0788429009480091,-0.02182220459292525,-0.043000987910977846,0.0028192287208617978,-0.28597870545687376,43.76805760400435,-0.06511243670963002,0.039656081561012566,14.740482418402134,0.35755781655473845,-0.04066278580975379,-0.02491977520628414,-0.18653951094594579,-0.1539981950918088,False,False,False,False,10.474573135375977,9.014841079711914,False,False
2026-05-23,9.384602546691895,375256688,0.02568353128342844,0.010033944184741125,-0.05869925403886592,-0.0008129437170592685,-0.023919028376633407,0.05622158876609576,-0.2556538211131457,49.07969691532338,-0.049843618536015336,0.04122677286802413,14.158030862130328,0.36888280402189116,-0.017249249964222186,-0.0005591259860855775,-0.16290472941628686,0.23468412904337788,False,False,False,False,10.474573135375977,9.014841079711914,False,False
2026-05-24,9.207113265991211,224585776,-0.019093952904848083,0.00294912851453438,-0.10550943213125775,-0.020323321217766564,-0.049155597268156714,0.09688035100391235,-0.26803031900073915,45.618414453291756,-0.04908028460169686,0.04161561134886903,14.073295940717417,0.37481728775170886,-0.03602022397310438,-0.019926261637142048,-0.17600204771346487,-0.401514261619236,False,False,False,False,10.474573135375977,9.014841079711914,False,False
2026-05-25,9.302559852600098,274457121,0.010313248861332279,0.007407493489330823,-0.08584585253362156,-0.006783684463584376,0.021965276552838132,0.11462943934204818,-0.21074073189173648,47.75231973516947,-0.03991872907655531,0.040754712462039294,14.203813226626671,0.3766293527242806,-0.025509312453974333,-0.010287771054719652,-0.16491989122747192,0.22205923228192326,False,False,True,False,9.581271171569824,9.014841079711914,False,False
2026-05-26,9.130167007446289,289611454,-0.018705628649445253,0.0034236641878003246,-0.07446353446048912,-0.03604079429242022,0.038270616290800065,-0.03943281483243391,-0.24934861643368453,44.36607892690279,-0.042975498793306297,0.04132227380133457,14.718194303964403,0.3799035005650463,-0.041148441615354324,-0.02909197098408568,-0.17723003368552048,0.055215667003954305,False,False,False,True,9.581271171569824,8.841368675231934,False,False
2026-05-27,9.037548065185547,286987107,-0.010196080715524173,-0.02682336857961143,-0.07598510911648107,-0.025074082157982982,0.032372571208633016,-0.0291017008267899,-0.29337204076672385,42.617533423046055,-0.04834130317270453,0.0408648889357313,15.411130929098999,0.37453893557742085,-0.048551650960708126,-0.03804634216565247,-0.18246811741228017,-0.009061613288264492,False,False,False,False,9.581271171569824,8.841368675231934,False,False
2026-05-28,8.912849426269531,320046519,-0.013893914601426338,-0.05759357110636117,-0.10471093281418938,-0.028862125084765055,0.036231438566045354,-0.005271769600563762,-0.30224190918075317,40.31383018337279,-0.05681015310122253,0.04109630842297453,15.880404559388882,0.37594938076570195,-0.05679346129318369,-0.05103010713347969,-0.19050298812455335,0.11519476378428384,False,True,False,False,9.581271171569824,8.841368675231934,False,False
2026-05-29,8.815866470336914,270031382,-0.010940885276213917,-0.036833682002697,-0.07861273365498958,-0.0339801572333222,0.003027260309744123,-0.038789759487646645,-0.2236538003772152,38.56768565122297,-0.06488174878704289,0.04116087923925842,16.214574508816266,0.3772040083204337,-0.06141453026653405,-0.060284379490079254,-0.19589645055379123,-0.15627458519553528,False,True,False,False,9.581271171569824,8.841368675231934,False,True
2026-05-30,8.923661231994629,216024239,0.012153208387661553,-0.050364004898463835,-0.04033006071372263,-0.018260123408545936,0.001609585771499827,-0.011943075973872747,-0.1967804139689069,41.5956996270643,-0.059064912657858404,0.03948190944388037,14.637570801820344,0.3799029642246145,-0.043276655351519366,-0.047817736442413404,-0.18305010932597415,-0.20000320925661896,False,False,False,False,9.581271171569824,8.841368675231934,False,False
2026-05-31,8.959918975830078,219460937,0.004054869672978233,-0.02721518232063751,-0.02426605380610295,-0.013776706028674346,-0.018141536262102683,-0.02373734164845412,-0.12034178873652586,42.620190059478055,-0.04927870916277363,0.038513587396555145,12.733659768724989,0.3802514341642832,-0.03329257812591041,-0.043097533863024236,-0.17676865308213158,0.01590885363563288,False,False,False,False,9.581271171569824,8.841368675231934,False,False
2026-06-01,8.915918350219727,296482697,-0.004922926257543061,-0.04245135743951298,-0.035043863950182205,-0.02926730710609757,0.018556900427520773,-0.02906036081602433,-0.10630562275727053,41.665027023247724,-0.042527177553919826,0.03896642332025447,11.882238870335113,0.378432118498013,-0.03324149645035163,-0.04755772203727868,-0.1780756048560881,0.3509588587968162,False,False,False,True,9.581271171569824,8.662437438964844,False,False
2026-06-02,8.167613983154297,327514289,-0.08766143771970965,-0.11140716650977733,-0.10798350232197719,-0.10643308473559494,-0.08721380391263078,-0.15072259004187655,-0.21656304803908275,29.540118511245666,-0.08288173729299902,0.04717092251781272,14.539534493204476,0.483890748346796,-0.10671212999940226,-0.12468764665636825,-0.24464154994920667,0.10466577751078665,False,False,False,False,9.581271171569824,8.662437438964844,False,True
2026-06-03,8.050355911254883,452616239,-0.01446051706122083,-0.11567160285547398,-0.14249497143508544,-0.13028442916613744,-0.1097747941735538,-0.1532710899487191,-0.20639042284178785,28.157355302203513,-0.11018522522522034,0.048294647276753866,16.134100701672192,0.4830149373383061,-0.11055597814065407,-0.13492347861321216,-0.2529037971579304,0.38197402129224356,False,True,False,False,9.581271171569824,8.662437438964844,False,False
2026-06-04,7.688270092010498,486183517,-0.04602050034540075,-0.1477981885994485,-0.20539175970580975,-0.20144382010825398,-0.16362469259213933,-0.16043537234086389,-0.23359925268155948,24.364649154677792,-0.14325046069273037,0.05210715962807987,20.254736089516083,0.49203868631614806,-0.1417969435328066,-0.1707230282524976,-0.2840247771372575,0.0741627787685275,False,False,True,False,9.050727844238281,8.662437438964844,False,False
2026-06-05,6.707765102386475,538532631,-0.13642997687145825,-0.2732872801946928,-0.31012096219738966,-0.3597470365627508,-0.28346078857280377,-0.28348723749594595,-0.21289709786255873,17.493185984031413,-0.21733328354801817,0.06724930932825156,29.94413665625375,0.6580865494492384,-0.2402929764319729,-0.2717386333962178,-0.3730601858688256,0.10767356804488304,False,True,False,False,9.050727844238281,8.662437438964844,False,False
2026-06-06,6.670938968658447,299706702,-0.005505200883526275,-0.2909456894658807,-0.3413096943643445,-0.35380940709185266,-0.35088620173626933,-0.2793125691815527,-0.3294996303403736,17.295887874708242,-0.2525228650524946,0.06994285385220445,36.992545587791355,0.6584746498994007,-0.23357402780177508,-0.2708758601194141,-0.37419115994392255,-0.4434753165402896,False,True,False,False,9.050727844238281,8.662437438964844,False,False
2026-06-07,6.796093940734863,292133817,0.01858740172825843,-0.27641315741060046,-0.303628339731238,-0.3758816623006666,-0.28707567672715456,-0.30837212482991655,-0.3058391949663922,20.57450429142122,-0.2505774139104696,0.06775236071403824,41.71549881583465,0.6406033042263597,-0.208105210750314,-0.2530398451378033,-0.360208528418482,-0.025267653173801863,False,False,False,False,9.050727844238281,8.662437438964844,False,False
2026-06-08,6.7578911781311035,294165996,-0.0056371411705001305,-0.2771273723235576,-0.3195787297630706,-0.38705868784545205,-0.324818788726364,-0.34394523132120897,-0.29640769872503697,20.309836388785513,-0.23531241987525559,0.066659567092499,45.82277557919751,0.6378155581154222,-0.2016679709583697,-0.2535429739697169,-0.36168668258787395,0.006956329194849786,False,False,False,False,9.050727844238281,8.662437438964844,False,False
2026-06-09,6.63955020904541,257328807,-0.017666663896426883,-0.2071325985002747,-0.3185397650100521,-0.4324415769294227,-0.3481615190566016,-0.36341775981877655,-0.30950303257184414,19.474127651207937,-0.21707711912505917,0.06637914474777747,49.3295276638302,0.6208583979696668,-0.20320569807473193,-0.2623123993321812,-0.3708849895638328,-0.1252258571721525,False,False,False,True,9.050727844238281,6.251862049102783,False,False
2026-06-10,6.387330055236816,312041811,-0.0387278722502024,-0.23139995368925625,-0.34707155654473026,-0.46181911844332135,-0.3839264312915023,-0.4155001398573549,-0.31402680201638006,17.793614047249278,-0.2059851064062026,0.0680045721738992,52.67803679181301,0.6262749683513543,-0.21916548335151545,-0.28557367160510383,-0.3928158506352237,0.21261904035485624,False,False,False,False,9.050727844238281,6.251862049102783,False,False
2026-06-11,6.640157222747803,274658120,0.03881929199057433,-0.14656016135328112,-0.2943583499527295,-0.3929118797301692,-0.30779281493251326,-0.3811418356971745,-0.2621320831972878,24.7990620482866,-0.16725140798432148,0.06401157867959954,54.77683920717031,0.6515386318929671,-0.17562817958376947,-0.2527677484221111,-0.36678426494730954,-0.11980346761928007,False,False,False,False,9.050727844238281,6.251862049102783,False,False
2026-06-12,6.564854145050049,208442319,-0.011405350877276014,-0.021535535359098922,-0.29482281555379164,-0.395642724547913,-0.38718815600562617,-0.3925295274052453,-0.3029919888434986,24.13923882006266,-0.13378222683476315,0.06186202132220535,55.814606117550966,0.6513749356084277,-0.17045710260869143,-0.25651063263741414,-0.37177081831050174,-0.2410844470937178,False,False,False,False,9.050727844238281,6.251862049102783,False,False
2026-06-13,6.715459823608398,170442264,0.022682014257751713,0.00665167978217903,-0.28429400968370167,-0.3877926193864435,-0.32638423312768916,-0.3916660121288885,-0.30900565803852553,28.25094286666703,-0.09064536708537119,0.05825039935015505,56.06782404177666,0.6561828937276022,-0.13785412744835818,-0.23480790673510366,-0.3550581075044415,-0.18230489462171062,False,False,False,True,9.050727844238281,6.313790798187256,False,False
2026-06-14,6.77577018737793,226638541,0.008940736385218376,-0.002994985560861047,-0.27940814297146155,-0.34181279856581126,-0.3308600863221679,-0.4369823522414315,-0.34712608451041543,29.889726421824406,-0.04926613606824959,0.05775931880403916,55.06856907969785,0.6545147217016636,-0.11576934890428682,-0.22335161117853009,-0.34670598585882734,0.32970858096557554,False,False,False,False,9.050727844238281,6.313790798187256,False,False
2026-06-15,6.837200164794922,320384478,0.009025274104283857,0.011667429713923112,-0.2654599426096345,-0.306658059907922,-0.3525850773050554,-0.3996357006311746,-0.3061227205691654,31.603341885003957,-0.010973981738469418,0.056855937313437056,53.68333084921721,0.6560378823449926,-0.09420070172583671,-0.2115604156577372,-0.33817120412239504,0.4136363417553064,False,False,False,False,9.050727844238281,6.313790798187256,False,False
2026-06-16,6.869505882263184,284793721,0.004713864465779349,0.0340479580761292,-0.1730846404241455,-0.2899350582075013,-0.34927785782669635,-0.3425079814940908,-0.29854814174095895,32.537197654840924,0.021542284419390656,0.055679723163955724,51.75460157182691,0.6580546183950327,-0.07666052322547709,-0.20343045764353118,-0.33246478802932683,-0.11108764451441366,False,False,False,False,9.050727844238281,6.313790798187256,False,False
2026-06-17,6.751519203186035,328603242,-0.017324632969144934,0.05545119735718672,-0.17594875633206963,-0.31311457506318224,-0.32473403245482435,-0.33843711582503305,-0.30276296368114636,30.87896331100353,0.039093370505229985,0.056088556096066076,49.70841333646828,0.6561383922429352,-0.07914349436058264,-0.21268898451034837,-0.3415326643287868,0.15382895678377695,False,False,False,True,9.050727844238281,6.382847785949707,False,False
2026-06-18,6.306979179382324,348578621,-0.06811072021519377,-0.05147881484858141,-0.19803897620186262,-0.3665034959304613,-0.3567011330578021,-0.4165816453398204,-0.3391774037226414,25.587697872899625,0.025415541439778422,0.06213238463707173,48.28776046314937,0.6862619266316221,-0.12480105007776363,-0.25966981743600653,-0.38263996891697,0.060788745961307455,False,False,True,False,7.060857772827148,6.382847785949707,False,True
2026-06-19,5.9057440757751465,525364010,-0.06573137702116212,-0.10580484099246744,-0.12734037635156645,-0.4522858250035109,-0.4518797508604248,-0.4437244825519583,-0.40969686044113346,21.934326093181184,-0.004413260557950993,0.06910489885943316,46.44575916931001,0.7005768220947793,-0.16295191485590924,-0.3015496936154029,-0.4199641269627044,0.5071607331879369,False,True,False,False,7.060857772827148,6.382847785949707,False,False
2026-06-20,6.2334418296813965,414758597,0.05400319140924594,-0.07448366384097314,-0.06783198405879418,-0.41515892151958833,-0.40937050312175977,-0.3693497358719756,-0.38584005651052533,30.644071705421226,0.003727346357152106,0.06538369219752918,41.082313194706956,0.7331033034862449,-0.09909877935421414,-0.2577893792397511,-0.38554301275104025,-0.21053100496929733,False,False,False,False,7.060857772827148,6.382847785949707,False,False
2026-06-21,6.105950832366943,232480606,-0.02066479893929832,-0.10408919916548999,-0.10708418472635094,-0.40412294607900856,-0.4259451506719337,-0.4471239339899865,-0.40130371735814685,29.27558170633003,0.006182121047628719,0.06472108500805096,33.32636001186871,0.7307257513460584,-0.09923388635654737,-0.26760689400256893,-0.39551597549449985,-0.43947971740294034,False,False,False,False,7.060857772827148,6.382847785949707,False,False
2026-06-22,6.232519149780273,250385169,0.020516767045996562,-0.0925977062237773,-0.08093027650985424,-0.4092897103164405,-0.41010265403349966,-0.43320873869307386,-0.3530681215503448,32.49842533166779,0.021143824539648026,0.0628716970863727,28.587330029081382,0.7274561934861077,-0.0672485477429748,-0.24727472734402203,-0.3804814707474748,0.07701529735344881,False,False,False,True,7.060857772827148,5.693565845489502,False,False
2026-06-23,6.4857401847839355,345021498,0.03982534025375069,-0.05748623043580594,-0.023438272359676778,-0.3503704171578418,-0.3706937383756083,-0.39952601442599844,-0.2534900661539294,38.533311999365715,0.05119480098459628,0.06129183330698205,21.85750592865987,0.7505626863292784,-0.017852879988860308,-0.21157920548638426,-0.3531413756089795,0.3779629974808931,False,False,False,False,7.060857772827148,5.693565845489502,False,False
2026-06-24,6.444726943969727,327698660,-0.0063436808499822625,-0.04650527831664329,0.008945919040543307,-0.36702734686915633,-0.37381103133274074,-0.3450620703163183,-0.25239790752710817,37.941640954498006,0.07023409214164977,0.06304719925659534,16.037420257839642,0.7466584087801683,-0.014787221142140237,-0.21088734371165718,-0.3549906730563765,-0.05020799602464188,False,False,False,False,7.060857772827148,5.693565845489502,False,False
2026-06-25,6.221860885620117,357528772,-0.0351932286238793,-0.013587786725328859,-0.06506660157391032,-0.3835149468435904,-0.41955574113601063,-0.34524433055279036,-0.42294776167602444,34.81343471429793,0.06960790151199969,0.06765767286374602,16.459819263991278,0.7506610509834589,-0.04531126139600271,-0.23179815461876901,-0.3750334601105291,0.09102909361911937,False,False,False,False,7.060857772827148,5.693565845489502,False,False
2026-06-26,6.580324172973633,323600308,0.05601497077426392,0.10815856107009723,0.0023537200776295934,-0.3173038953538024,-0.34237797751178534,-0.28493132414516936,-0.34640559618059213,42.9595022972706,0.09362902409332252,0.0661478054935256,16.35596256824697,0.7881259339019708,0.010394141788369695,-0.1816337937297395,-0.3366746487180338,-0.09489715697622236,False,False,False,False,7.060857772827148,5.693565845489502,False,False
2026-06-27,6.425015926361084,249601283,-0.023884900943767873,0.030270468717083276,-0.044213195123889895,-0.3272948816961439,-0.35615700678090895,-0.2910634431300985,-0.3325666512967077,40.592646525976306,0.09883827963989633,0.06631218613179793,15.936004694803094,0.7894246056926166,-0.010634480555117573,-0.19398819668762154,-0.34964899044698694,-0.2286741488515518,False,False,False,False,7.060857772827148,5.693565845489502,False,False
2026-06-28,6.4427618980407715,198183419,0.002758204745581863,0.053693472401963545,-0.05039572676352646,-0.3135957916743481,-0.34757594890767035,-0.31056853136460394,-0.3523855511619947,40.99269103418647,0.10280218708485445,0.0635451405041896,15.539687905911546,0.790862666401344,-0.005488876325323459,-0.1845826327481778,-0.34530171682950733,-0.20599999880609587,False,False,False,False,7.060857772827148,5.693565845489502,False,False
2026-06-29,6.663013935089111,322961053,0.033614610657000554,0.0667913160129675,-0.025806390210809816,-0.29213438940500924,-0.3103945128135552,-0.29052480363350935,-0.30407746537888186,45.865167371876055,0.11846689690943302,0.061517854114062416,15.58639915766889,0.8020476294370874,0.028323223430229274,-0.14901975563244288,-0.32058409843205343,0.6296068290152972,False,False,False,True,7.060857772827148,5.968776226043701,False,False
2026-06-30,6.526597023010254,243594956,-0.020686247246262477,0.0062797285129544845,-0.05120650192285154,-0.3168755063242499,-0.3306522123529243,-0.3350170425863525,-0.340612847972704,43.470884959402674,0.11761248389859091,0.06140545415089707,15.525363698825936,0.801335073377416,0.006188261001691506,-0.1586849763762017,-0.332252576812023,-0.2457451022739885,False,False,False,False,7.060857772827148,5.968776226043701,False,False
2026-07-01,6.662940979003906,251548704,0.020675297774246967,0.03329870713718353,-0.013206571179459706,-0.2912772822924598,-0.3205445893985574,-0.27272038186493897,-0.32033764310848417,46.47817729398844,0.12358789320487784,0.05916924235875882,15.568469278105223,0.8085445677776717,0.0270276770038087,-0.13402540212894373,-0.3159502484024442,0.03265152994383014,False,False,False,False,7.060857772827148,5.968776226043701,False,False
2026-07-02,6.792920112609863,243368044,0.019319934368420843,0.0878118701294838,0.07422408340415507,-0.18429591020432923,-0.2907289949399242,-0.27150971411696,-0.3350185002462057,49.24997875514027,0.1328429920908939,0.056477606506916266,16.048718096349095,0.7635891142910685,0.04522549782042515,-0.11029097768000796,-0.30041633889671854,-0.03252117729058146,False,False,False,False,7.060857772827148,5.968776226043701,False,False
2026-07-03,6.946293830871582,255688604,0.022327345708729737,0.05412424506394974,0.1622828061340469,-0.1475080474343786,-0.2777924766005161,-0.2572828416079324,-0.30077913738309764,52.38362214544102,0.14485878097877242,0.05353213912017026,16.883831992330755,0.7693061095310373,0.06693030419699544,-0.08311636089265972,-0.282627972086485,0.05062521684235577,True,False,False,False,7.060857772827148,5.968776226043701,False,False
2026-07-04,6.964107990264893,211412631,0.0025612731193467887,0.08057041912706442,0.11084088784414778,-0.09892627396963098,-0.300370094077885,-0.2625509665617704,-0.2593616463104949,52.74856712817203,0.14899377254880897,0.05241958066024078,17.58931116512558,0.7551696011699993,0.06812156856968864,-0.07447891182130366,-0.27878439296105395,-0.17316365417678137,False,False,False,False,7.060857772827148,5.968776226043701,False,False
2026-07-05,6.917265892028809,223613955,-0.006748939468218971,0.07106327491326356,0.12475674731522716,0.03075476343360835,-0.32899227312914253,-0.2527060251391955,-0.2527324740623378,51.628065267744546,0.14350667168650527,0.05133585898069124,17.88008544768279,0.5833477174263044,0.06028613073444923,-0.0748674293802415,-0.28180520353652727,0.05771331609793928,False,False,False,False,7.060857772827148,5.968776226043701,False,False
2026-07-06,6.922482967376709,242414014,0.0007539263389844879,0.03820259059524744,0.10499390660821505,0.03701389065611903,-0.31679551643573356,-0.31387231108015035,-0.24229867852543369,51.75099748259945,0.13527148669794353,0.050777592147743515,18.078018683919133,0.5828741741185002,0.060655163323938166,-0.06854507431222012,-0.279575897449766,0.0840737287616955,False,False,False,False,7.060857772827148,5.968776226043701,False,False
2026-07-07,6.689054012298584,231264598,-0.03430205468920784,0.024586783152302165,0.030866511665256568,-0.015875565761347302,-0.3917572280620139,-0.30295124248850175,-0.3242476905912638,46.10509387717061,0.11020741460143874,0.051569152892051426,17.959469054027174,0.5921758519590566,0.025380125525336927,-0.09374768938321941,-0.3018491798542685,-0.045993281560033905,False,False,True,False,7.092820167541504,5.968776226043701,False,False
2026-07-08,6.466151237487793,253606064,-0.033891392216504564,-0.02997990683844945,0.0033188002987341657,-0.044129816807351695,-0.43118850465280384,-0.36894860553371567,-0.3880750481285607,41.4542743864256,0.07632979341415075,0.05361695835050694,17.70156169484047,0.6033389114408351,-0.009996937820706072,-0.11765251913204026,-0.323085294298822,0.09660564648982728,False,True,False,False,7.092820167541504,5.968776226043701,False,False
2026-07-09,6.6829071044921875,261873572,0.032972019480422034,-0.016327821726448408,0.07148404840303539,0.006508866569497051,-0.4259327103599256,-0.3416526524871044,-0.3569088932492794,47.04802157473838,0.06658794764510251,0.052012068162340615,15.354218043262463,0.6120228346013342,0.01713821182948019,-0.08155692741870095,-0.2983905564540889,0.032599804080394534,False,False,False,False,7.092820167541504,5.968776226043701,False,False
2026-07-10,6.7373881340026855,185524717,0.008119244447919782,-0.0305359229872584,0.02358832207669128,0.05335598326761929,-0.40846313517570204,-0.33057044802388313,-0.3621441565897356,48.38295589794301,0.061976853546095195,0.04941703088362366,14.692996576795561,0.596110444928163,0.021512690230149185,-0.06713655750864125,-0.29056051842807756,-0.291548530143393,False,False,False,False,7.092820167541504,5.968776226043701,False,False
2026-07-11,6.552605152130127,170413938,-0.02780962888779856,-0.06090682499440379,0.019663594132660597,-0.013272937610753634,-0.406184817340923,-0.32106575254326697,-0.39441477330792823,44.30337225300882,0.045412808338863575,0.04963764259967327,13.006378068985022,0.5892668001282658,-0.00985650678090021,-0.08615720069708803,-0.3079678362064349,-0.0814488723893324,False,False,False,True,7.092820167541504,6.32098388671875,False,False
2026-07-12,6.401956081390381,239437321,-0.023259122336754617,-0.07741700786293938,-0.006353732949675803,-0.025126709070232293,-0.4207694336181453,-0.41231486507585846,-0.41765623647547756,41.24962808154581,0.024300041053875843,0.05009740546090854,12.243873707427182,0.5934779922271857,-0.03385742390586704,-0.09967699910861826,-0.321836148571658,0.4050336716002654,False,True,False,False,7.092820167541504,6.32098388671875,False,False
2026-07-13,6.4441938400268555,262561955,0.006575964176519828,-0.07159497002540416,-0.033392379430156584,-0.041232759151464134,-0.4290253785379076,-0.36761699227915334,-0.4328987712803527,42.44741561036035,0.013697191165246453,0.049571869739572276,12.346451190330136,0.5880788409466656,-0.027178194182407876,-0.08663915721272063,-0.3153182421078791,0.09657907089596951,False,False,False,False,7.092820167541504,6.32098388671875,False,False
2026-07-14,6.697113037109375,223443717,0.038496997991779504,0.0012040826555832558,0.025790865807885262,-0.011676497544903077,-0.3534892961107144,-0.342536583867071,-0.44865884978633463,49.13478979010421,0.02365155134330807,0.04724046045160677,12.099177934226418,0.6034398854456342,0.00908041424599833,-0.04372929191729934,-0.2863056126294065,-0.14898669534967468,False,False,False,False,7.092820167541504,6.32098388671875,False,False
2026-07-15,6.696101188659668,213106585,-0.00015109867348872424,0.034944376198599116,0.004964469360149632,-0.020852870322675673,-0.3275109302305977,-0.37343794762773114,-0.42048857095385034,49.11020418548725,0.029709755756126624,0.045426308126303376,10.625419089406597,0.6024861264604143,0.005336107528739446,-0.03718109088748973,-0.28412847618758386,-0.04626280004105021,False,False,False,True,7.092820167541504,6.2910261154174805,False,False
2026-07-16,6.506521224975586,231147672,-0.028720505531896482,-0.026748148813719404,-0.043075970540167784,-0.05428724032035154,-0.3442222985278528,-0.40356509814704783,-0.39679522181444227,44.60667208430803,0.02090665300255032,0.046023652594283655,10.774829753433798,0.6099490287625355,-0.022585443745907235,-0.057580896880937184,-0.3021094714174868,0.0846575763953985,False,False,False,False,7.092820167541504,6.2910261154174805,False,False
2026-07-17,6.579824924468994,232943531,0.011203198411595311,-0.02366419485004385,-0.05420011783730219,-0.02575940893961125,-0.3388739840027935,-0.35049344139443545,-0.36419652476464437,46.64409937349955,0.01997921476986482,0.044876372835872404,10.34401543125982,0.6089317833461337,-0.012721690157159949,-0.04047858592913617,-0.29205325468411375,0.0077693146743005315,False,False,False,False,7.092820167541504,6.2910261154174805,False,False
2026-07-18,6.5716471672058105,212736586,-0.0012436263043650129,0.0029018077333896226,-0.058005017261014,0.04110768497121758,-0.3253958109592439,-0.3155934480865845,-0.37547396036860275,46.43888891658819,0.018791215440067496,0.04311166006710072,9.967392878204452,0.5585682709839471,-0.014901261505644399,-0.03535716537579461,-0.2906472931085283,-0.0867461092963342,False,False,True,False,6.753472805023193,6.2910261154174805,False,False
2026-07-19,6.455794811248779,247317072,-0.01778636363699761,0.008374566433146645,-0.06904244142979275,0.0890526983553819,-0.3632331266481289,-0.36282705250504294,-0.3546717841965763,43.5179243656843,0.01058780802824634,0.043295686449839714,10.373764826454943,0.5089026631201216,-0.030762341690658532,-0.045447145626884206,-0.3009457865618971,0.16255072364468615,False,False,False,False,6.753472805023193,6.2910261154174805,False,False
2026-07-20,6.576214790344238,293579834,0.018481172167377664,0.02027977442400468,-0.05131519560139942,0.05353067911351371,-0.3616282424060747,-0.3558398240082461,-0.31581905675846184,47.23314042017056,0.013471531605272813,0.041427618385395146,10.274167243760864,0.4782258639346772,-0.013050751883943288,-0.02073897340621759,-0.2852076106837065,0.18705850601368912,False,False,False,True,6.753472805023193,6.379158020019531,False,False
2026-07-21,6.561357021331787,229698407,-0.0022618754150150935,-0.02047909898278981,-0.019275016327206636,0.07193360263779701,-0.3321893434412115,-0.3540115480341367,-0.3751903313521893,46.82389792000866,0.014489470341352118,0.04019547029140445,10.368091696349117,0.4716152577228233,-0.014529381798614885,-0.016051664123883983,-0.28400587852620884,-0.21759473779115224,False,False,False,False,6.753472805023193,6.379158020019531,False,False
2026-07-22,6.617033958435059,210195408,0.00844978244471229,-0.01187821786458891,0.023066158334010184,0.059866618036512706,-0.34942309227992785,-0.3502360359969871,-0.3733421206565613,48.62041326537096,0.018752944983320197,0.03902034365704817,10.223401350628492,0.46764177765104953,-0.004852654623304512,-0.0030660140130282054,-0.27501441475544847,-0.08490698413942421,False,False,False,False,6.753472805023193,6.379158020019531,False,False
2026-07-23,6.261688232421875,238868438,-0.05519739257164897,-0.03835510490434141,-0.06510325371806076,-0.03515611478888696,-0.38552653194672865,-0.4058498531644953,-0.43468212921488547,39.45799884497719,-0.0014460876223238855,0.04326171570940282,10.614141587055522,0.48791243049832417,-0.0534207774890162,-0.051490869401893034,-0.3109404690939702,0.13641130542680546,False,False,False,False,6.753472805023193,6.379158020019531,False,True
2026-07-24,6.29683780670166,251314698,0.005597737497789136,-0.043960565818147515,-0.06762476066819137,-0.0232146964411154,-0.39024204331027185,-0.3970257277738562,-0.3682767667574337,40.64943237640176,-0.010995085464066343,0.04164752367258945,10.290657409537712,0.48809718182783457,-0.043281951865869084,-0.042128633739899335,-0.30394712890545805,0.052105083887223236,False,True,True,False,6.678546905517578,6.379158020019531,False,False
2026-07-25,6.765277862548828,340634002,0.07175576238521222,0.029038822871429577,0.0319406306048194,0.0837342945679761,-0.29978065227561446,-0.33582144656803453,-0.26151003598481426,53.720717824760165,0.014308372716489978,0.04220204955757797,9.556348214876364,0.533609926680452,0.029079283234952825,0.02895015792319771,-0.2489163702701907,0.35540819821051617,False,False,False,False,6.678546905517578,6.379158020019531,True,False
2026-07-26,6.734386920928955,231831283,-0.00457655742310158,0.04224862908532584,0.050623195518472476,0.02314276637061057,-0.2941611289831918,-0.3192352111411747,-0.2617885577745589,52.89342938879636,0.02823147663194278,0.041077340425264224,8.573006981306717,0.4982254473729486,0.025847963360425347,0.02405422562919606,-0.2492724589781288,-0.3194123850266716,True,False,False,False,6.678546905517578,6.379158020019531,False,False
2026-07-27,6.396115779876709,257664558,-0.05153588017634789,-0.02776842325839984,-0.007488648834395254,-0.004508212861969464,-0.33180309455811335,-0.3606652196428783,-0.29557165599206797,44.76396110081199,0.014611091376576082,0.04411062319001164,8.685720605736384,0.5241114211671102,-0.023502094988042673,-0.026199886285674604,-0.2839955552203658,0.11143135933039727,False,False,False,True,6.678546905517578,6.159508228302002,False,False
2026-07-28,6.564201831817627,223989437,0.025940024324228574,0.00043347648084382897,-0.02004562250194609,0.018673606716677227,-0.29492218495767086,-0.32890234219099307,-0.29189492464792655,48.96163395922888,0.01672221529803017,0.0426436914250537,8.600345393004293,0.5319100764505099,0.001410152105836844,-1.9241059227982772e-05,-0.26220261926517024,-0.130693647824083,False,True,True,False,6.819269180297852,6.159508228302002,False,False
2026-07-29,6.420719146728516,247246196,-0.022100792998678464,-0.030117098962546888,-0.0419953168271358,-0.037041796939001684,-0.32917618634401086,-0.34743630975255685,-0.327566600572511,45.76445559658317,0.008661173570010644,0.043815245020990365,8.598166805326587,0.523855859690911,-0.01851614121574967,-0.021224603283526065,-0.2753572156919298,0.10382971318419809,False,False,False,False,6.819269180297852,6.159508228302002,False,False
2026-07-30,6.434084892272949,196566502,0.0020794949997430595,0.0271597886088451,-0.011195316295496192,-0.014276054692996098,-0.33115156101724597,-0.34492826704592044,-0.34929309727934865,46.11742550098393,0.004636948458077078,0.04195569639408997,8.270960422280101,0.5192144378270762,-0.014187739797030554,-0.019326918321495388,-0.27086858819489856,-0.2049766379418837,False,False,False,False,6.819269180297852,6.159508228302002,False,False
2026-07-31,6.378219127655029,213492658,-0.008720698257324062,0.012841352853731978,-0.031119212964415558,-0.04367205072456712,-0.33494933301702684,-0.3642166401231245,-0.31639243258950617,44.804874520904924,-0.0010748834595659396,0.04128058988014717,8.50468663488285,0.5142430925974273,-0.021440030094016918,-0.02706501728591182,-0.2742702901105911,0.08610905636403898,False,False,False,False,6.819269180297852,6.159508228302002,False,False
2026-08-01,6.184267044067383,197072902,-0.030880431378579064,-0.0897948409100593,-0.06075601803862967,-0.09387241647156717,-0.2781683266758964,-0.3846014114114913,-0.3653821305885272,40.49570593153182,-0.01635494736617102,0.043934972095125105,9.51947522270956,0.5185107697630296,-0.049609499939100896,-0.055553918449565476,-0.29289772935312297,-0.07691016709342768,False,False,False,False,6.819269180297852,6.159508228302002,False,False
2026-08-02,6.5414509773254395,300498951,0.05615050942105006,-0.02906777406590778,0.013180855019417917,-0.06004925275924689,-0.2075573001936255,-0.337841729359763,-0.31733209436717935,50.02762524666836,-0.0016216982427294802,0.04370842314769557,9.480120890566686,0.5517662874283421,0.004531380346831065,-0.0004744330705645962,-0.24858742824929864,0.5248111127931734,False,False,False,False,6.819269180297852,6.159508228302002,False,False
2026-08-03,6.565611839294434,230662073,0.003686697725142757,0.026154803835582923,-0.001613619422817028,-0.05892382815345096,-0.157850102123082,-0.35929392223133605,-0.32147479471522145,50.60403158359803,0.009901914540136433,0.042624137853776334,9.162631284531244,0.5518973743413398,0.009260661883726503,0.003862035592839448,-0.24265679119145248,-0.23240306752352025,False,False,False,False,6.819269180297852,6.159508228302002,False,False
2026-08-04,6.681906223297119,337674632,0.017557609046485106,0.01777238855783945,0.018205865038683107,-0.034617279638746855,-0.0038625162051386867,-0.36360955276788937,-0.2873233047779424,53.39080320447582,0.024666880291069213,0.0430599225915184,9.109582205714267,0.5557438895814897,0.027249417570156916,0.022128480159244377,-0.22616123952672298,0.46393651807681446,False,False,False,True,6.819269180297852,6.059731960296631,False,False
2026-08-05,6.655211925506592,221180921,-0.0040030137153673545,0.03587016784115059,0.00575306887860369,-0.039374219693098705,-0.0023603290369797005,-0.35616973612883224,-0.35324653077324897,52.65644850113233,0.031508034950140026,0.04184625327367423,9.319971754410476,0.5557860494230197,0.021977468659029213,0.018712941838575803,-0.2260805180270905,-0.3449880445860677,False,False,False,False,6.819269180297852,6.059731960296631,False,False
2026-08-06,6.4302167892456055,265533736,-0.03439204293357095,-0.0006013700921635634,0.026558418516681566,-0.03946420793746186,-0.055339773698809096,-0.4312214359994757,-0.34241545042596366,46.81209093521847,0.0202971642655227,0.04355081606650116,9.340784736147292,0.5558533619212552,-0.011437333355912058,-0.014757933461117739,-0.24937914609808834,0.20052730949610242,False,False,False,False,6.819269180297852,6.059731960296631,False,False
2026-08-07,6.4272589683532715,206807929,-0.00046009356739610304,0.007659234597764412,0.020500587451496348,-0.006032909288353369,-0.050162726095705025,-0.43722141394115727,-0.37498151482206904,46.73864888469147,0.012482967591819584,0.0419080792070421,9.35569609102722,0.5432834492676162,-0.010794149484717908,-0.015573979342606912,-0.24695807388984117,-0.22116137815347126,False,True,True,False,6.954121112823486,6.059731960296631,False,False
2026-08-08,6.476943016052246,182022415,0.007700482876843273,0.0462401488531867,-0.04355469205687272,-0.03130444589193209,-0.024795579322434997,-0.4572371562518576,-0.37295709837903657,48.20850552342249,0.010538403349936352,0.040258796376792166,9.34065030695317,0.5308711929094564,-0.0033095878202624436,-0.009696939077874153,-0.23863597596878472,-0.11984798706629862,False,False,False,False,6.954121112823486,6.059731960296631,False,False
2026-08-09,6.416309833526611,164035842,-0.009405482110001251,-0.019315842677864518,-0.04838361674377231,-0.04882917244985306,0.0045268108177661985,-0.45729230762555517,-0.37939962047373615,46.52120728476442,0.005310541208737148,0.03957991592159525,9.346278422456454,0.5305834147978103,-0.011423717875128029,-0.019515836150614897,-0.24310047894766562,-0.09881515416658981,False,False,False,False,6.954121112823486,6.059731960296631,False,False
2026-08-10,6.431667804718018,185406487,0.0023907231065900853,-0.020611817296417187,0.005542986539165621,-0.018628820455464424,-0.031901758066218124,-0.4248136377963873,-0.33969457299873135,47.02695195570336,0.0031362988277742476,0.03854584426475019,9.33106262160629,0.5222179087246649,-0.008066460871225844,-0.018146365895363673,-0.23870996706493008,0.1302803383665383,False,False,False,True,6.954121112823486,6.365897178649902,False,False
2026-08-11,6.318286895751953,231921296,-0.01778577265006496,-0.055955198992967255,-0.03818281043512781,-0.013155470768774767,-0.03828217983900696,-0.43392490438692,-0.4254703358446331,43.73840933650326,-0.005232979301129134,0.04069129267304617,9.406442331817216,0.5195738640682322,-0.023302748146842266,-0.035707525582408285,-0.24955436490924648,0.2508801593333678,False,False,False,False,6.954121112823486,6.365897178649902,False,True
2026-08-12,6.315254211425781,261056969,-0.0004801004498573658,-0.052432285727457284,-0.016562117886306755,-0.020211535395151883,-0.061444294546615964,-0.44923691393305937,-0.3878285276743052,43.65048326779806,-0.009992361508669258,0.04020153047266721,9.202482447244229,0.5189574700005088,-0.02417555769630992,-0.03566854426310704,-0.24735700038495276,0.12562741543148337,False,False,False,False,6.954121112823486,6.365897178649902,False,False
2026-08-13,6.447850227355957,245232301,0.020778767000633133,0.002738524206746977,0.0021371541145832826,-0.037929766386298164,-0.04960626393120123,-0.3914190624970124,-0.38046635025336917,48.52302575234536,-0.0035613547980649224,0.039066100034843815,8.862960065286774,0.5056341075075212,-0.004848058036867182,-0.015430688954744028,-0.2292409450539665,-0.06061768073312768,False,False,False,False,6.954121112823486,6.365897178649902,False,False
2026-08-14,6.401000022888184,178731216,-0.0072925454315957185,-0.004093927657452664,0.0035653069403117185,-0.04507121314440505,-0.06592408346708084,-0.37258214337500284,-0.41850916077213624,46.97734566521899,-0.0018972746246673639,0.037980240845809476,7.951150638047613,0.506049633831272,-0.00929387142766775,-0.023119021875698895,-0.232402988235044,-0.27117587988541525,False,False,False,True,6.954121112823486,6.167540073394775,False,False
