Date,Close,Volume,Log_Return_1d,Log_Return_7d,Log_Return_14d,Log_Return_30d,Log_Return_60d,Log_Return_90d,Log_Return_120d,RSI_14,MACD_Hist,ATR_14_Pct,BB_Width,Volatility_30d,Close_to_SMA20,Close_to_SMA50,Close_to_SMA200,Volume_Change_1d,Bullish_FVG,Bearish_FVG,Swing_High,Swing_Low,Last_Swing_High_Price,Last_Swing_Low_Price,Bullish_BOS,Bearish_BOS
2022-01-25,4.199999966658652e-05,18689697,0.12675165413622727,-0.2326222985373778,-0.4964369164420797,-1.137527662600326,-1.189584097002025,-0.9351592226546906,-0.30538167690440576,27.75336899123721,-4.053441779384759e-07,0.2807044669054122,92.6075631308136,1.4138389177838948,-0.3142857319346841,-0.574295565474208,-0.48749237711145776,1.546759410728367,False,False,False,False,7.899999764049426e-05,6.199999916134402e-05,False,False
2022-01-26,3.9999998989515007e-05,11777659,-0.04879018149314084,-0.24294618574368146,-0.6286087321819496,-1.1233049692857267,-1.2237754744218665,-1.6044254053450273,-0.2231435513142097,26.91683966703374,-4.113580930006322e-08,0.29154400932758207,91.72787176747335,1.4115300270867543,-0.32030589114372615,-0.585578130583423,-0.5129672589841385,-0.36983146382736976,False,False,False,False,7.899999764049426e-05,6.199999916134402e-05,False,False
2022-01-27,3.9999998989515007e-05,5048063,0.0,-0.2623642784597175,-0.5877867255350988,-1.038508406451258,-1.301553149988509,-1.9021075644056544,-0.16126820177878523,26.91683966703374,3.4598852223035085e-07,0.3171480093109653,95.33402586225586,1.4067068560795069,-0.3000875164646388,-0.5757318754376437,-0.5140323287328683,-0.5713865548323314,False,False,False,False,7.899999764049426e-05,6.199999916134402e-05,False,False
2022-01-28,3.899999865097925e-05,5178824,-0.025317817312440958,-0.16507980713949721,-0.6131045428475398,-0.9808292763321037,-1.3268709673009498,-1.817077286540496,-0.22825865388468447,26.454454763997944,6.625761749433664e-07,0.3093717293673948,99.51490144411524,1.396086391208824,-0.2985611833240445,-0.578195993286131,-0.5272154359798702,0.025903202872071818,False,False,True,False,5.6000000768108293e-05,6.199999916134402e-05,False,False
2022-01-29,4.099999932805076e-05,6417878,0.050010438775931726,-0.04762806549738315,-0.5491078578269403,-0.8915981104106644,-1.4163267017725014,-1.8471095834225535,-0.17824821510875283,29.078504964822116,1.1082996671432898e-06,0.28197118827703527,100.56084904040752,1.4252267373854968,-0.24074075957938254,-0.5492524279144941,-0.5041422341844884,0.2392539310082753,False,False,False,False,5.6000000768108293e-05,6.199999916134402e-05,False,False
2022-01-30,3.7999998312443495e-05,5406568,-0.07598593499829878,-0.05129331353480811,-0.625093792825239,-1.0068047725544709,-1.5935224898935612,-1.9114899966916619,-0.2744368648490178,27.49387569161891,1.2899829735338725e-06,0.29002001025688334,104.25187975074743,1.4116742791138606,-0.27756657674081087,-0.5741820018955223,-0.5414228160041191,-0.15757700598235114,False,False,False,True,5.6000000768108293e-05,1.5999999959603883e-05,False,False
2022-01-31,3.7999998312443495e-05,5489240,0.0,0.026668159108278237,-0.4567584216429724,-1.0719440967852485,-1.6607312259689084,-1.8262457199410738,-0.5965204114700288,27.49387569161891,1.4851597917624433e-06,0.27494338830405424,105.92293502154992,1.3720823993882598,-0.255631769330737,-0.56160592820446,-0.5424167817980281,0.01529103120500852,False,False,False,False,5.6000000768108293e-05,1.5999999959603883e-05,False,False
2022-02-01,3.7000001611886546e-05,4797490,-0.02666815910827837,-0.12675165413622733,-0.35937395267360506,-1.1252805116005784,-1.6201906490018394,-2.0961922844866567,-0.35937395267360506,26.92661346089649,1.6113601576350745e-06,0.2679961759080052,103.04822387985286,1.3540469904535413,-0.24720241003105412,-0.5625443193712574,-0.5553953178297554,-0.1260192667837442,False,False,False,False,5.6000000768108293e-05,1.5999999959603883e-05,False,False
2022-02-02,3.300000025774352e-05,5073286,-0.1144103869318347,-0.19237185957492112,-0.4353180453186025,-1.1382214042866756,-1.5404449937006701,-2.246495583942316,-0.4737843396054398,24.72877038762313,1.4925858835738102e-06,0.2898401801651971,101.50406437799123,1.3624668821637653,-0.3008474517484542,-0.5994173330500532,-0.604197897555163,0.057487561203879434,False,False,False,False,5.6000000768108293e-05,1.5999999959603883e-05,False,False
2022-02-03,3.199999991920777e-05,7267047,-0.03077166900192073,-0.22314352857684186,-0.4855078070365594,-1.139434260450997,-1.4615178070720078,-2.1618851855362915,-0.6613984712434129,24.197027542060155,1.4145437459798167e-06,0.286476428437949,97.04701387379554,1.3623795354606654,-0.2920353975178207,-0.6004993781277199,-0.6168811738776283,0.432414218319251,False,True,False,False,5.6000000768108293e-05,1.5999999959603883e-05,False,False
2022-02-04,4.099999932805076e-05,8101811,0.24783615004033266,0.050010438775931726,-0.11506936836356554,-0.7637647719733144,-1.3103084261215918,-1.8547724031899213,-0.46081522230266286,37.270674879949226,2.0010754109471587e-06,0.2250421529507252,84.69169336677973,1.6502854409956107,-0.061784905883468764,-0.47556921019982074,-0.510272343867222,0.11486976759610878,False,False,False,False,5.6000000768108293e-05,1.5999999959603883e-05,False,False
2022-02-05,4.3000000005122274e-05,6339364,0.04762806549738312,0.04762806549738312,0.0,-0.7161367064759311,-1.229232463027635,-1.7522286168255876,-0.4284546340241503,39.75717345844249,2.5221176799249213e-06,0.2042316720230535,64.42069386710335,1.6678022145836904,0.016548473421298577,-0.4379084982363892,-0.48760724439020087,-0.21753741231435786,True,False,False,False,5.6000000768108293e-05,1.5999999959603883e-05,False,False
2022-02-06,4.5000000682193786e-05,5307875,0.04546238911749643,0.16907638961317842,0.11778307607837037,-0.4974026318384885,-1.2172179715067122,-1.750165530102606,-0.35222057590473305,42.223515992709196,2.9690501511510135e-06,0.1875642924400903,53.20798332649767,1.5940717896703038,0.08303251531358165,-0.39903845441434793,-0.46511350614157543,-0.16271174837097224,False,False,False,True,5.6000000768108293e-05,2.9999999242136255e-05,False,False
2022-02-07,5.999999848427251e-05,13601462,0.287682032029794,0.45675842164297253,0.4834265807512508,-0.15415073179838407,-0.7731899162179344,-1.49664245629749,-0.016529307915110363,56.58088234187924,4.168965478511891e-06,0.15205370807757637,61.045620456954374,1.9072686959639689,0.4319808832981365,-0.18522544447383846,-0.28918376316897315,1.56250608765278,False,False,False,False,5.6000000768108293e-05,2.9999999242136255e-05,True,False
2022-02-08,5.400000009103678e-05,11339196,-0.10536048870983478,0.378066092041416,0.25131443790518865,-0.3014754324220488,-0.7646061677731169,-1.4832865971020837,-0.23052367446359173,51.10980881560911,4.428261715184342e-06,0.17143107033306457,63.132736974491706,1.9305608958945824,0.2841855052904734,-0.25331858618534137,-0.36219216735516147,-0.16632520827540453,True,False,False,False,5.6000000768108293e-05,2.9999999242136255e-05,False,False
2022-02-09,5.6000000768108293e-05,8933333,0.036367656201227935,0.5288441351744787,0.33647227559955756,-0.16430304538546658,-0.7949298476269588,-1.4170659981320086,-0.27871343231730134,52.74990461819362,4.5848517384565135e-06,0.1586028204404353,66.12833109909089,1.9085652440727858,0.3254438129669018,-0.21082299222567927,-0.3406334531050643,-0.21217227394252647,False,False,False,False,5.6000000768108293e-05,2.9999999242136255e-05,False,False
2022-02-10,4.5000000682193786e-05,9392603,-0.21868919952118712,0.34092660465521224,0.11778307607837037,-0.42744402185685015,-1.305325271313558,-1.6863989475817862,-0.5371428774874333,44.00597995013885,3.828779306293028e-06,0.20073468735413627,65.98409228673894,2.0382243580994497,0.06635073378033005,-0.35251797875770263,-0.4714587652277531,0.051410822813836576,False,False,True,False,6.199999916134402e-05,2.9999999242136255e-05,False,False
2022-02-11,4.099999932805076e-05,9029805,-0.09309045461487965,0.0,0.050010438775931726,-0.6039161107184587,-1.2422550383868856,-1.7753656535858535,-0.5768874303568876,41.32351464313043,2.978299297783693e-06,0.21503449117856333,66.16129380780822,2.024738002228738,-0.02612827506452061,-0.3958149247326365,-0.5195124883156633,-0.03862592723231251,False,True,False,False,6.199999916134402e-05,2.9999999242136255e-05,False,False
2022-02-12,3.899999865097925e-05,6488203,-0.05001043877593169,-0.09763850427331489,-0.05001043877593169,-0.6131045428475398,-1.2992830010905356,-1.778856091044007,-0.5260931382974652,40.01026136550357,2.2340772410939083e-06,0.21724063622122275,66.41561033302789,2.026172996092336,-0.07253272426848273,-0.411231906494068,-0.5439130078816728,-0.2814680937185243,False,True,False,False,6.199999916134402e-05,2.9999999242136255e-05,False,False
2022-02-13,3.899999865097925e-05,5053377,0.0,-0.14310089339081136,0.025975496222367094,-0.6131045428475398,-1.3200450496927647,-1.6496443834587713,-0.44731223333571574,40.01026136550357,1.7180124169309574e-06,0.2090494579792383,65.69840266235593,2.026172996092336,-0.07473311789334806,-0.3938452199744477,-0.544871061976253,-0.22114382056171789,False,False,False,False,6.199999916134402e-05,2.9999999242136255e-05,False,False
2022-02-14,3.7999998312443495e-05,4761013,-0.025975496222367167,-0.4567584216429724,0.0,-0.625093792825239,-1.2823947772826196,-1.6199092920816331,-0.666479021451667,39.28627323640656,1.304271713576432e-06,0.2048648002763882,66.57393278908023,2.0261241572218878,-0.09415974268016221,-0.39180540735589175,-0.5574190733391544,-0.05785517288735831,False,False,False,False,6.199999916134402e-05,2.9999999242136255e-05,False,False
2022-02-15,4.3000000005122274e-05,6166366,0.12361400049568201,-0.2277839324374556,0.15028215960396032,-0.501479792329557,-1.0829870227266367,-1.4428065899775533,-0.48729515294567455,44.67669629386989,1.3562881716119902e-06,0.1780784139910783,66.22948185384939,2.0870857497652198,0.021377684011249305,-0.2936925116811298,-0.5002905280419595,0.29517940824778255,False,False,False,False,6.199999916134402e-05,2.9999999242136255e-05,False,False
2022-02-16,4.199999966658652e-05,4799801,-0.023530505467733012,-0.2876820941064166,0.241162041068062,-0.3566749266150235,-1.0986122886681098,-1.3437347768292833,-0.5798185506888086,43.8383852501933,1.3115080388825107e-06,0.17269699815655704,65.91597766833729,2.0145414074827483,-0.004739333837193467,-0.29364279210386895,-0.5129587786569686,-0.22161594040963506,True,False,False,False,6.199999916134402e-05,2.9999999242136255e-05,False,False
2022-02-17,3.600000127335079e-05,5589377,-0.15415063651798738,-0.22314353110321689,0.11778307355199531,-0.38677293505536514,-1.2205020516080665,-1.7635885489520877,-0.6931471805599453,39.09799307688104,8.863277398211953e-07,0.20097729244824153,67.09337298939991,2.0382291869969147,-0.14387630096783477,-0.38037863737674543,-0.5832850871826797,0.1645018199712862,False,False,False,False,6.199999916134402e-05,2.9999999242136255e-05,False,False
2022-02-18,3.600000127335079e-05,4841433,0.0,-0.13005307648833725,-0.13005307648833725,-0.34830664076852785,-1.2039727436929564,-1.7247487019140741,-0.6505875529600671,39.09799307688104,6.258944000942081e-07,0.19257414709780363,68.64653167482811,2.036570105603751,-0.13875594588147916,-0.36642025487679414,-0.5839833441293806,-0.1338152713620856,False,True,False,False,6.199999916134402e-05,2.9999999242136255e-05,False,False
2022-02-19,4.199999966658652e-05,6715983,0.15415063651798736,0.07410799880558182,-0.023530505467733012,-0.21357409696657653,-1.0826119417333753,-1.438480090800686,-0.48183811236878044,45.884562056575334,8.638529492359764e-07,0.16517806723188377,67.81326838324021,2.115114995412821,-4.330927231459274e-09,-0.24433250326543945,-0.5157105826838497,0.38718908224073334,False,False,False,False,6.199999916134402e-05,2.9999999242136255e-05,False,False
2022-02-20,3.9999998989515007e-05,5906615,-0.04879018149314084,0.02531781731244086,-0.11778307607837046,-0.13976198982705626,-1.0818052258463202,-1.441019323235992,-0.4855078437661535,44.11968382345925,8.892095516901297e-07,0.16997719301781292,67.24397915573861,2.0797661342457636,-0.04988125650102383,-0.2614475844065992,-0.5397008165797246,-0.12051370588639077,False,False,False,False,6.199999916134402e-05,2.9999999242136255e-05,False,False
2022-02-21,3.7000001611886546e-05,6461035,-0.07796147264308642,-0.02666815910827837,-0.4834265807512507,-0.15028215960396038,-1.201266441928813,-1.6308290509125014,-0.4666195179294615,41.538749295290366,7.141379960523753e-07,0.18221647184875348,67.24397915573861,2.08408245164756,-0.12114010177448808,-0.2968452780866011,-0.5750057241662377,0.09386425219859418,False,False,False,True,6.199999916134402e-05,3.5000000934815034e-05,False,False
2022-02-22,3.600000127335079e-05,6494132,-0.027398982381760095,-0.17768114198572044,-0.40546507442317603,-0.10536045502484652,-1.2039727436929564,-1.5926307273186733,-0.5436153976914174,40.684398070249244,5.486269678287254e-07,0.1798534217993777,65.44710246297801,2.071674862180913,-0.14792896259555474,-0.2979718976269307,-0.5872269528011312,0.005122553894228998,False,True,False,False,6.199999916134402e-05,3.5000000934815034e-05,False,False
2022-02-23,3.400000059627928e-05,5001172,-0.05715843167317757,-0.2113090681911649,-0.49899116229758167,-0.08455741405493772,-1.3714792705437333,-1.5795849616055593,-0.49899116229758167,38.95855786689068,3.327165373057945e-07,0.18733487577766497,64.0092835755425,2.0635202088819815,-0.1971664551878516,-0.31945555693074457,-0.6108058535852178,-0.2298936948001673,False,False,False,False,6.199999916134402e-05,3.5000000934815034e-05,False,True
2022-02-24,3.199999991920777e-05,11357585,-0.06062464187881776,-0.11778307355199538,-0.34092660465521224,-0.2719337100699828,-1.4094613726703087,-1.4615178070720078,-1.2070929327246736,37.25655583460502,9.577679107327617e-08,0.2026830751438133,68.16924156081558,2.018449929759227,-0.23627685150698674,-0.34479935059486533,-0.6343692875710487,1.270984681190729,False,False,False,False,6.199999916134402e-05,3.5000000934815034e-05,False,False
2022-02-25,3.199999991920777e-05,7042190,0.0,-0.11778307355199538,-0.24783615004033255,-0.22314352857684186,-1.3464484978625684,-1.4469190029987085,-1.8275689339218693,37.25655583460502,-1.4505873654638784e-08,0.19266999987041822,72.08394173382501,2.013532427889217,-0.22611850241313464,-0.3294216319677033,-0.6349115806928878,-0.3799570947520974,False,False,False,False,6.199999916134402e-05,3.5000000934815034e-05,False,False
2022-02-26,3.300000025774352e-05,4278157,0.0307716690019207,-0.2411620410680621,-0.1670540422624802,-0.19237185957492112,-1.230880266026179,-1.49392500956343,-2.0944794239805757,38.80679871976483,2.4229613310121074e-08,0.19080242018516638,74.74799690802298,2.0178193542599727,-0.19018404217869947,-0.2963752645398164,-0.6240601470553339,-0.39249622631596137,False,False,False,False,6.199999916134402e-05,3.5000000934815034e-05,False,False
2022-02-27,3.099999958067201e-05,4367355,-0.06252037831845315,-0.2548922378933743,-0.2295744205809334,-0.2295744205809334,-1.2104036969130372,-1.5564453878818831,-2.046651707121429,36.84598540657814,-3.71720678960997e-08,0.19782083275165877,66.04805940479885,2.026360901078025,-0.2111959399415984,-0.32784042814081915,-0.6473465717145213,0.020849632213123526,False,False,False,True,6.199999916134402e-05,2.5999999706982635e-05,False,False
2022-02-28,3.899999865097925e-05,7239384,0.22957442058093344,0.05264365533064539,0.025975496222367094,-0.05001043877593169,-0.941608549186596,-1.4663371405484331,-1.897120022198485,48.134813293938,4.801423361745465e-07,0.16249413369651894,57.53611239548546,2.1815294736300856,0.011673117968573699,-0.14172538375656488,-0.5571955867746266,0.657612903004221,False,False,False,False,6.199999916134402e-05,2.5999999706982635e-05,False,False
2022-03-01,3.7000001611886546e-05,6872217,-0.05264365533064544,0.027398982381760074,-0.15028215960396038,-0.02666815910827837,-1.0334729316627493,-1.6201906490018394,-1.9381581557999403,45.92468165050232,6.93795563625567e-07,0.1667654766164044,40.84330370346293,2.1730236019194358,-0.015957403834988976,-0.1752117363265565,-0.5806414864504624,-0.050717989265385066,True,False,False,False,6.199999916134402e-05,2.5999999706982635e-05,False,False
2022-03-02,4.099999932805076e-05,15811835,0.1026540941065771,0.18721150816151488,-0.02409756002965014,0.07598593499829889,-0.9959581617869496,-1.5847452909706097,-1.7502597849427748,50.791183014526396,1.0872441410066105e-06,0.16065191582357355,37.873646059276844,2.2028479985051534,0.09625666862673321,-0.07449211619198426,-0.5362253337166749,1.300834650593833,False,False,False,False,6.199999916134402e-05,2.5999999706982635e-05,False,False
2022-03-03,3.7000001611886546e-05,10827802,-0.1026540941065771,0.14518205593375555,0.027398982381760074,0.0,-1.1252805116005784,-1.6201906490018394,-2.0961922844866567,46.30355563002933,1.0597406675723635e-06,0.1768869963941053,37.03048111822586,2.2312871180217093,-0.005376301892155352,-0.1502066702837679,-0.5822041367518624,-0.3152090190670469,False,False,False,False,6.199999916134402e-05,2.5999999706982635e-05,False,False
2022-03-04,3.400000059627928e-05,8094260,-0.08455741405493772,0.06062464187881777,-0.05715843167317757,0.029852972876897095,-1.1083684314097784,-1.510592020823773,-2.216642611065419,43.219285647139536,8.312364713183006e-07,0.18924925514078128,37.73018747615856,2.214386823522851,-0.07983760574641931,-0.20523607775657043,-0.6167070556431209,-0.2524558539212298,False,False,False,False,6.199999916134402e-05,2.5999999706982635e-05,False,False
2022-03-05,3.400000059627928e-05,6127974,0.0,0.029852972876897095,-0.2113090681911649,0.06062464187881777,-1.0788096185721792,-1.40089316519319,-2.1012605436574736,43.219285647139536,6.782859837914828e-07,0.1778322922126543,38.24044323562619,2.21143010704227,-0.07356947202494682,-0.19086147965044697,-0.6173325759398907,-0.24292350381628458,False,True,True,False,4.8000001697801054e-05,2.5999999706982635e-05,False,False
2022-03-06,3.099999958067201e-05,7057611,-0.09237335119535023,0.0,-0.2548922378933743,-0.27958485935686506,-1.0433496313301793,-1.5898932854784569,-2.134357262546786,40.11995540504287,3.87710007244292e-07,0.1880227572716488,40.77099209746674,2.0478005495021594,-0.14718021115689525,-0.24793790279064665,-0.6516071071046757,0.15170380944827766,False,False,False,False,4.8000001697801054e-05,2.5999999706982635e-05,False,False
2022-03-07,2.9999999242136255e-05,9176897,-0.03278983455840661,-0.2623642551393399,-0.2097205998086945,-0.3600027594126548,-1.0761394658885859,-1.5892352224402897,-2.1122313762382428,39.11308004051368,1.5285721458483883e-07,0.18517421661502492,40.56888869644349,2.0388451942218273,-0.1596638929490198,-0.25742575862259065,-0.6633185649360492,0.3002837645769936,False,True,False,False,4.8000001697801054e-05,2.5999999706982635e-05,False,False
2022-03-08,2.9000000722589903e-05,6594765,-0.03390150149666327,-0.24362210130535777,-0.2162231189235977,-0.4393666500268147,-0.9367692818653031,-1.6565846215335267,-2.1895321801294205,38.083786404732344,-3.510627091242386e-08,0.18033975209523095,41.06434694343445,2.0294643597216284,-0.17261054317023727,-0.2709904274141417,-0.6749789773109011,-0.2813731046561817,False,True,False,False,4.8000001697801054e-05,2.5999999706982635e-05,False,False
2022-03-10,2.9000000722589903e-05,5223479,0.0,-0.34627619541193494,-0.15906468725042014,-0.7270486820566086,-0.8811994138549927,-1.500238598274543,-2.2236911383540985,38.083786404732344,-1.199295069413056e-07,0.1748475016299736,44.0611280429693,1.7135634156081834,-0.16426511578478148,-0.2620864940441955,-0.6754155157197259,-0.20793553674770826,False,False,False,False,4.8000001697801054e-05,2.5999999706982635e-05,False,False
2022-03-11,2.9000000722589903e-05,5839360,0.0,-0.24362210130535777,-0.0984400453716023,-0.6216881933467738,-0.9231636257688225,-1.3862943611198906,-2.1049747904488574,38.083786404732344,-1.3538651496014488e-07,0.16728449980972512,46.619340516901055,1.6900296952428275,-0.15574962145361315,-0.25373132372170154,-0.6758508830647614,0.11790628429826167,False,False,False,False,4.8000001697801054e-05,2.5999999706982635e-05,False,False
2022-03-12,2.8000000384054147e-05,5332283,-0.03509133101194358,-0.19415601826236373,-0.13353137638354592,-0.6931471805599453,-0.8574502259454119,-1.488077028186904,-2.110213178691954,36.8718845607073,-1.7006494537634316e-07,0.16343433025375115,45.463196082940414,1.6779850380060348,-0.16790489932115374,-0.27045335053042635,-0.6874302254250987,-0.08683776989259095,False,False,False,False,4.8000001697801054e-05,2.5999999706982635e-05,False,False
2022-03-13,2.700000004551839e-05,5076044,-0.036367656201228,-0.23052367446359173,-0.20067070158669453,-0.5108256372399861,-0.9382696590968365,-1.8161509085535439,-2.197224584821772,35.65015948987413,-2.1458547793346268e-07,0.162672215877651,45.99676623560069,1.5239549932254322,-0.1818181890841174,-0.28947368206905677,-0.698979875500599,-0.04805427618901692,False,False,False,False,4.8000001697801054e-05,2.5999999706982635e-05,False,False
2022-03-14,2.700000004551839e-05,7104900,0.0,-0.13815032326824148,-0.13815032326824148,-0.4177351826251065,-1.0216512933435653,-1.659990221011992,-2.19310083621096,35.65015948987413,-1.9863424042335279e-07,0.1536982754230301,47.90523160607418,1.4998779875371866,-0.1692307747415537,-0.2834394882934862,-0.6993485878660521,0.3996923588526813,False,True,False,False,4.8000001697801054e-05,2.5999999706982635e-05,False,False
2022-03-15,2.700000004551839e-05,6768454,0.0,-0.10536048870983478,-0.3677247438491748,-0.3677247438491748,-0.9808292866967147,-1.6670077449397103,-2.146580834893182,35.65015948987413,-1.451639315829209e-07,0.1506563377884477,49.683517096814874,1.4948696806890556,-0.15756630672498906,-0.27846071442785364,-0.6996996989554579,-0.04735407957888216,False,False,False,False,4.8000001697801054e-05,2.5999999706982635e-05,False,False
2022-03-16,2.9000000722589903e-05,7048704,0.07145898721317147,0.0,-0.24362210130535777,-0.29626575663600335,-0.909370299483543,-1.616310806328768,-1.9459101400947745,40.56913068393209,5.6985831165421724e-08,0.13517333488304797,50.408715721263476,1.5227645207680047,-0.08805029791671373,-0.22168543320868137,-0.6778672508223291,0.04140531944222414,False,False,False,False,4.8000001697801054e-05,2.5999999706982635e-05,False,False
2022-03-17,2.9000000722589903e-05,7397616,0.0,0.0,-0.34627619541193494,-0.2702902604136362,-0.8953840532388752,-1.5526850376962558,-1.8901995524952693,40.56913068393209,2.139627175429271e-07,0.13044420211615132,51.223824862786834,1.522003197859852,-0.08372826260625085,-0.21621619615285614,-0.6782425303062348,0.049500163434299305,False,False,False,False,4.8000001697801054e-05,2.5999999706982635e-05,False,False
2022-03-18,2.8000000384054147e-05,6684031,-0.03509133101194358,-0.03509133101194358,-0.27871343231730134,-0.42899559192126174,-0.9304753842508187,-1.5119826146478983,-1.871802181898815,38.84716115263238,2.7009178264360296e-07,0.13055475866900215,52.5133446178371,1.446758144002902,-0.10969792890562398,-0.23830249232841214,-0.6896303230753134,-0.09646148164489754,False,False,False,True,4.8000001697801054e-05,2.499999936844688e-05,False,False
2022-03-19,3.099999958067201e-05,8599430,0.1017826670670135,0.1017826670670135,-0.09237335119535023,-0.3036824193865152,-0.6603573460015387,-1.4022947080546249,-1.6474171962157984,46.221814050656,5.147240405721194e-07,0.11640998315057925,52.495109600814274,1.5016822434584212,-0.011164295421074461,-0.15254238468082568,-0.6567569107752553,0.28656345250343684,False,False,False,False,4.8000001697801054e-05,2.499999936844688e-05,False,False
2022-03-20,2.9000000722589903e-05,7100751,-0.06669133605506994,0.07145898721317147,-0.15906468725042014,-0.2162231189235977,-0.6029960539789628,-1.4367251705316644,-1.9798116678756854,42.53879911832431,5.444210655049196e-07,0.12293896681782607,53.06599507330942,1.4251412846614915,-0.07199998584389708,-0.20285869494238454,-0.67909703725088,-0.17427655088767513,False,False,False,False,4.8000001697801054e-05,2.499999936844688e-05,False,False
2022-03-21,2.9000000722589903e-05,8480828,0.0,0.07145898721317147,-0.06669133605506994,-0.2162231189235977,-0.5645297596921256,-1.4201958626165538,-1.9409718208376718,42.53879911832431,5.642384922918887e-07,0.12154677244381192,48.99681071313828,1.4251412846614915,-0.05691055804435039,-0.19756500677035504,-0.6791857874458237,0.19435648426483332,False,False,False,False,4.8000001697801054e-05,2.499999936844688e-05,False,False
2022-03-22,3.300000025774352e-05,9115196,0.12921171437352308,0.20067070158669464,0.09531021287685981,-0.2411620410680621,-0.4547361380346387,-1.3237739828014374,-1.679642131868748,51.50229182403201,8.308093280493584e-07,0.1100067831814439,46.19445372656971,1.3918687139482466,0.08019639583716862,-0.08435071738741286,-0.635318816645226,0.07480024356112391,False,False,False,False,4.8000001697801054e-05,2.499999936844688e-05,False,False
2022-03-23,3.400000059627928e-05,9073117,0.029852972876897095,0.1590646872504201,0.1590646872504201,-0.16251888669802414,-0.30228087652508023,-1.2443241125443445,-1.603538209934016,53.456999586792264,1.0447198137466927e-06,0.10754813195331157,36.17616157910554,1.3899183943606503,0.1258278193561406,-0.05450499340814633,-0.6245790248074444,-0.004616357124959225,False,False,False,False,4.8000001697801054e-05,2.499999936844688e-05,False,False
2022-03-24,3.7000001611886546e-05,15459539,0.08455741405493775,0.24362210130535775,0.24362210130535775,0.0,-0.15028215960396038,-1.201266441928813,-1.6308290509125014,58.819399890654,1.3396645141600997e-06,0.10142137243826378,36.17616157910554,1.3987302014710052,0.22516560001008992,0.028921063364851677,-0.5918367166958397,0.7038840125174182,False,False,False,False,4.8000001697801054e-05,2.499999936844688e-05,False,False
2022-03-25,3.5000000934815034e-05,11499834,-0.05556986801031047,0.22314356430699092,0.18805223329504744,-0.02817088562855035,-0.1335313406533969,-1.2321436293215067,-1.6208016129472238,54.32570435225087,1.3477966083700873e-06,0.10772179300899279,37.13678679171639,1.409088729186552,0.15702480829716042,-0.027777756724659715,-0.6142187825781632,-0.2561334461525664,False,False,False,False,4.8000001697801054e-05,2.499999936844688e-05,False,False
2022-03-26,3.5000000934815034e-05,8731521,0.0,0.12136089723997749,0.22314356430699092,0.02898754604462726,-0.05556986801031047,-1.342491724499106,-1.5505974155609321,54.32570435225087,1.3002972894219252e-06,0.10206819618554788,38.05554126757889,1.394414299527512,0.1551155258163399,-0.029395431544882663,-0.6145798816208917,-0.24072634439766694,False,False,False,False,4.8000001697801054e-05,2.499999936844688e-05,False,False
2022-03-27,3.899999865097925e-05,9573829,0.10821352334095594,0.2962657566360033,0.36772474384917475,0.19782571126440104,-0.07410799880558187,-1.2116356614059078,-1.2636920958076068,61.201150302805736,1.4727261402298645e-06,0.09238283876511197,44.96529933638288,1.4245886974374014,0.27035824616646364,0.08273177253297051,-0.5711222447771641,0.09646749976321423,False,False,False,False,4.8000001697801054e-05,2.499999936844688e-05,False,False
2022-03-28,3.9999998989515007e-05,13220481,0.02531781731244086,0.32158357394844417,0.39304256116161584,0.22314352857684194,0.0,-1.1233049692857267,-1.2237754744218665,62.71234082432768,1.5791532369649156e-06,0.09078232191462582,51.21790559531589,1.4258503231669986,0.2820512342146118,0.1123470189704751,-0.5607533189166647,0.38089796673828213,True,False,False,False,4.8000001697801054e-05,2.499999936844688e-05,False,False
2022-03-29,3.7999998312443495e-05,11963369,-0.05129331353480811,0.14107854604011302,0.34174924762680764,0.14107854604011302,-0.05129331353480811,-1.0898017199860661,-1.352846463523317,57.85853412788264,1.4435803627166773e-06,0.09437369513222336,53.3619219192774,1.4376319721003277,0.20063184852198918,0.0608598041333748,-0.5832648095793963,-0.09508821955872859,False,False,False,False,4.8000001697801054e-05,2.499999936844688e-05,False,False
2022-03-30,3.7000001611886546e-05,10012898,-0.02666815910827837,0.08455741405493775,0.24362210130535775,0.17693076525028792,-0.05264365533064544,-1.0334729316627493,-1.3795146226315953,55.54371277929206,1.2239612550029017e-06,0.09386215877584302,54.0385407155787,1.4218848840122869,0.1544462173363707,0.04638013065043593,-0.5947203939624813,-0.16303693382691786,False,False,False,False,4.8000001697801054e-05,2.499999936844688e-05,False,False
2022-03-31,3.400000059627928e-05,10651554,-0.08455741405493772,-0.08455741405493772,0.1590646872504201,-0.13720106938558307,-0.18721150816151486,-1.0788096185721792,-1.603538209934016,49.1860236960167,8.327511346349574e-07,0.1032514646895961,53.13544709473717,1.205667781786393,0.052631587839283345,-0.02745994256522256,-0.6279273296641782,0.06378333225805366,False,False,True,False,4.199999966658652e-05,2.499999936844688e-05,False,False
2022-04-01,3.5000000934815034e-05,11619531,0.02898754604462726,0.0,0.22314356430699092,-0.05556986801031047,-0.08223802711858871,-1.0890427996730596,-1.67576051701215,51.19152543172546,6.07871706164307e-07,0.09721866856714201,51.58227945010905,1.1983037206414604,0.0719755157900396,0.013317913583649827,-0.6169420930756141,0.09087659885120991,False,True,False,False,4.199999966658652e-05,2.499999936844688e-05,False,False
2022-04-02,3.199999991920777e-05,13078054,-0.08961218792344504,-0.08961218792344504,0.03174870931653243,-0.24783615004033255,-0.17185021504203388,-1.243794311827282,-1.8325814410109422,45.40226225851789,2.4237747998290533e-07,0.10766628762373254,48.76880220522602,1.174690547825805,-0.02735563486379991,-0.06651109248704629,-0.6496222496806636,0.12552339677048918,False,False,False,False,4.199999966658652e-05,2.499999936844688e-05,False,False
2022-04-03,3.5000000934815034e-05,20245852,0.08961218792344498,-0.10821352334095594,0.18805223329504744,-0.05556986801031047,-0.05556986801031047,-1.180850379610889,-1.67576051701215,51.32978427862099,1.9026211927327752e-07,0.10569218956515378,45.598201969438726,1.171670391263286,0.05105106778282036,0.024590184884893437,-0.6166064086741697,0.5480783303081636,False,False,False,False,4.199999966658652e-05,2.499999936844688e-05,False,False
2022-04-04,3.400000059627928e-05,18474292,-0.02898754604462723,-0.16251888669802414,0.1590646872504201,0.0,0.029852972876897095,-1.1083684314097784,-1.510592020823773,49.40435662674446,8.15941460640064e-08,0.1094326561748102,41.73615050700047,1.1378453901622372,0.010401194811689746,-0.0017615870836449523,-0.6272542826396762,-0.08750236838637371,False,False,False,False,4.199999966658652e-05,2.499999936844688e-05,False,False
2022-04-05,3.600000127335079e-05,19813254,0.05715843167317764,-0.054067141490038405,0.08701140455007468,0.05715843167317764,0.11778307355199531,-1.0216511868990015,-1.3437347335200125,53.18654487205819,1.3444373237006453e-07,0.10787545902320864,39.72221566275985,1.1551803677498698,0.058823553958680316,0.05882355735748402,-0.6047647660680838,0.07247703998616029,False,False,False,False,4.199999966658652e-05,2.499999936844688e-05,False,False
2022-04-06,3.199999991920777e-05,16662141,-0.11778307355199538,-0.14518205593375544,-0.06062464187881776,0.03174870931653243,-0.24783615004033255,-1.011600922013647,-1.5581445761619246,45.81070218427754,-9.745360377333442e-08,0.12161990647386338,37.64149407276591,1.1843141555699805,-0.0629575528973365,-0.05548997637094133,-0.6482163477270145,-0.15904066035796038,False,False,False,True,4.199999966658652e-05,3.099999958067201e-05,False,False
2022-04-07,3.300000025774352e-05,16062488,0.0307716690019207,-0.029852972876897123,-0.1144103869318347,0.09531021287685981,-0.26469254653579516,-0.9808292530117262,-1.49392500956343,47.76112329450578,-1.7635780930368857e-07,0.11600407264590255,33.78101813441937,1.1822001775307727,-0.040697677185455694,-0.020190026062099693,-0.6368238566340403,-0.03598895244014555,False,False,False,False,4.199999966658652e-05,3.099999958067201e-05,False,False
2022-04-08,2.9999999242136255e-05,16656115,-0.09531021287685976,-0.15415073179838407,-0.15415073179838407,0.03390150149666336,-0.40546514853015136,-0.9028677803686398,-1.6226831200368634,42.785808682796535,-4.101013822663276e-07,0.12563273786277454,34.59808672184052,1.2250690939676179,-0.1266375855716681,-0.10287084501946081,-0.6695489425185883,0.03695735056735927,False,False,True,False,3.9999998989515007e-05,3.099999958067201e-05,False,True
2022-04-09,3.099999958067201e-05,12011322,0.032789834558406554,-0.0317487093165324,-0.12136089723997746,0.06669133605506988,-0.6603573460015387,-0.8145080777999227,-1.4335472622194732,44.84819113835901,-4.7243660096677166e-07,0.11519992521554634,32.73301533329304,1.2300174051772779,-0.10014515772920307,-0.07018598375381686,-0.6584022083724382,-0.2788641288799939,False,True,False,False,3.9999998989515007e-05,3.099999958067201e-05,False,False
2022-04-10,3.199999991920777e-05,17657444,0.03174870931653243,-0.08961218792344504,-0.19782571126440096,0.09844004537160243,-0.5232481479751714,-0.8247235803972203,-1.2878543157482882,46.909152195517756,-4.229918902012832e-07,0.11478922110802645,30.013305574135916,1.2342730417898256,-0.075144517787043,-0.03788335368169564,-0.6474411950591202,0.47006665877411336,False,False,False,False,3.9999998989515007e-05,3.099999958067201e-05,False,False
2022-04-11,2.9000000722589903e-05,12653500,-0.0984400453716023,-0.15906468725042014,-0.32158357394844433,0.035091331011943595,-0.6580558495480017,-0.8223588949334684,-1.4529856971749606,41.85588535254077,-5.603842001504986e-07,0.12500569899606867,33.17521412187836,1.2780634139724214,-0.15697672996750614,-0.12121210714794246,-0.6802293446665689,-0.28339005350944335,False,False,False,False,3.9999998989515007e-05,3.099999958067201e-05,False,True
2022-04-12,3.099999958067201e-05,15726222,0.06669133605506988,-0.1495317828685278,-0.20359892435856625,0.13815032326824134,-0.3726753139717448,-0.800119335828595,-1.6780005852853026,46.029964187538184,-4.873145792415129e-07,0.11550034463238078,34.422849256484405,1.2904608009386644,-0.09489052916884254,-0.05545401305022798,-0.6579687803708708,0.2428357371478247,False,False,False,False,3.9999998989515007e-05,3.099999958067201e-05,False,False
2022-04-13,3.199999991920777e-05,12368124,0.03174870931653243,0.0,-0.14518205593375544,0.16989903258477393,-0.24783615004033255,-0.8517522607587914,-1.490091188427218,48.03855373552164,-3.4886880850450086e-07,0.1083630336090772,34.29971565239826,1.2937822675718669,-0.05882353570584566,-0.022004900577558984,-0.6466821250821086,-0.21353494819035368,False,False,False,False,3.9999998989515007e-05,3.099999958067201e-05,False,False
2022-04-14,2.9999999242136255e-05,10751814,-0.06453854387493897,-0.09531021287685976,-0.12516318575375687,0.10536048870983475,-0.2623642551393399,-0.8754687979868797,-1.5616472562298755,44.4735881542579,-3.673620033577862e-07,0.11209291365226241,35.924015959466956,1.316719404869612,-0.11111113506488099,-0.07975463100833247,-0.6685449204044166,-0.1306835216076424,False,False,False,False,3.9999998989515007e-05,3.099999958067201e-05,False,True
2022-04-15,2.9999999242136255e-05,11062363,0.0,0.0,-0.15415073179838407,0.03390150149666336,-0.2623642551393399,-0.8754687979868797,-1.5824093048321046,44.4735881542579,-3.547793944375017e-07,0.10646723020995291,37.283569750534724,1.2936981924090611,-0.10447763382165914,-0.07749080401019233,-0.66832504969698,0.02888340516307286,False,False,False,False,3.9999998989515007e-05,3.099999958067201e-05,False,False
2022-04-16,2.9999999242136255e-05,9670556,0.0,-0.03278983455840661,-0.06453854387493897,0.03390150149666336,-0.23638875891697278,-0.8614825517422118,-1.5187835361995923,44.4735881542579,-3.225700608972729e-07,0.10124338129923698,35.59047896553247,1.2936981924090611,-0.09228444053003054,-0.07635470856330605,-0.667829272457245,-0.12581462025789603,False,False,False,False,3.9999998989515007e-05,3.099999958067201e-05,False,False
2022-04-17,2.9000000722589903e-05,10044145,-0.03390150149666327,-0.0984400453716023,-0.1880522332950474,0.035091331011943595,-0.39390426090931824,-0.8953840532388752,-1.4768912836359547,42.50381335206931,-3.428299100062526e-07,0.09971653995078206,31.976325584265364,1.2932854963435334,-0.10769228788792608,-0.10549042142180164,-0.678527871247377,0.03863159470872213,False,False,False,False,3.9999998989515007e-05,3.099999958067201e-05,False,False
2022-04-18,2.8000000384054147e-05,11265151,-0.03509133101194358,-0.03509133101194358,-0.19415601826236373,-0.1017826670670135,-0.40546508645352874,-0.7621400130685522,-1.5040773751216383,40.56876565265779,-3.94133108906054e-07,0.10100289957181718,30.61862732548561,1.2465419712395753,-0.12499999324984398,-0.13366336006775356,-0.689285908035891,0.12156395591660618,False,True,False,False,3.9999998989515007e-05,3.099999958067201e-05,False,False
2022-04-19,2.9000000722589903e-05,11694311,0.035091331011943595,-0.06669133605506994,-0.2162231189235977,0.0,-0.2162231189235977,-0.6029960539789628,-1.4367251705316644,43.346405490700285,-3.336705996596943e-07,0.09301737769942595,28.417654680631934,1.231962569136138,-0.0822784624322106,-0.10161088866433653,-0.6778314643934071,0.03809624922027233,False,False,False,False,3.9999998989515007e-05,3.099999958067201e-05,False,False
2022-04-20,2.8000000384054147e-05,11130771,-0.03509133101194358,-0.13353137638354592,-0.13353137638354592,-0.03509133101194358,-0.25131444993554125,-0.5996210907040691,-1.4552871936284975,41.269234363712286,-3.33199922506359e-07,0.09200906150582476,29.4484851318716,1.2380281997935894,-0.10543130154900811,-0.12663754987771308,-0.6885774620101774,-0.04818924347060716,False,False,False,False,3.9999998989515007e-05,3.099999958067201e-05,False,False
2022-04-21,2.8000000384054147e-05,13379169,0.0,-0.06899283250860688,-0.16430304538546658,-0.16430304538546658,-0.40546508645352874,-0.6190391834201052,-1.488077028186904,41.269234363712286,-3.0577852170310554e-07,0.09564106599083917,29.03604977616404,1.1453251201221573,-0.09531501502282479,-0.12170639362697146,-0.6881959867694311,0.20199840604033636,False,False,False,False,3.9999998989515007e-05,3.099999958067201e-05,False,False
2022-04-22,2.5999999706982635e-05,12458351,-0.07410799713984,-0.14310082964844692,-0.14310082964844692,-0.2682640154022037,-0.4307829021002278,-0.5705448919272841,-1.512588127946548,37.14093328679311,-3.898408443210492e-07,0.10388282950531008,32.30510856927346,1.162243274568084,-0.1517128997342332,-0.1766941259914786,-0.7097728446347012,-0.06882475286768552,False,False,False,False,3.9999998989515007e-05,3.099999958067201e-05,False,False
2022-04-23,2.499999936844688e-05,10558466,-0.03922072714550778,-0.1823215567939546,-0.2151113913523613,-0.3920421566026492,-0.3920421566026492,-0.5423243162066096,-1.5933085985314621,35.24262025534786,-4.746661075596087e-07,0.10317827779398088,33.89582007199839,1.1161943770879585,-0.17081262515959297,-0.20229740890730388,-0.720498637428989,-0.1524989141821418,False,True,False,False,3.9999998989515007e-05,3.099999958067201e-05,False,False
2022-04-24,2.4000000848900527e-05,10338960,-0.040821933887275265,-0.1892419891845667,-0.2876820345561689,-0.377294222479614,-0.40546510810816444,-0.510825563133011,-1.6094378518011205,33.40397855346683,-5.544409105746169e-07,0.10575278880113748,36.76686745667948,1.1102962410430939,-0.1905564646855723,-0.22928706849903285,-0.7312429915578256,-0.02078957303077933,False,False,True,False,3.099999958067201e-05,3.099999958067201e-05,False,False
2022-04-25,2.4000000848900527e-05,15995156,0.0,-0.15415065817262302,-0.1892419891845667,-0.377294222479614,-0.34830667643498675,-0.4328640904899244,-1.71978594697872,33.40397855346683,-5.617870036438861e-07,0.11307996965116072,35.50119668491658,1.1102962410430939,-0.17383818109976215,-0.2243050846162235,-0.7306699489212853,0.5470759147922035,False,False,False,False,3.099999958067201e-05,3.099999958067201e-05,False,False
2022-04-26,2.099999983329326e-05,13896706,-0.13353143593379352,-0.3227734251183602,-0.38946476117343004,-0.6190391817543635,-0.4212134704899625,-0.6931471805599453,-1.830674843160271,28.272079744979578,-7.13523720206458e-07,0.13020732346454744,42.45468832391888,1.0994277961032073,-0.2631579007833442,-0.3168510187758381,-0.7637529549320692,-0.13119284363341,False,False,False,False,3.099999958067201e-05,3.099999958067201e-05,False,False
2022-04-27,2.099999983329326e-05,14303044,0.0,-0.2876820941064166,-0.4212134704899625,-0.6443569990668044,-0.4212134704899625,-0.6443569990668044,-1.767661968352531,28.272079744979578,-7.547280716921301e-07,0.12770952380533945,46.65559686638784,1.0896119615526023,-0.24731183356531203,-0.31282723580432054,-0.7631534445733567,0.02923987886050128,False,False,False,False,3.099999958067201e-05,3.099999958067201e-05,False,False
2022-04-28,1.9999999494757503e-05,13293717,-0.04879018149314084,-0.33647227559955756,-0.40546510810816444,-0.6418538670251374,-0.5007753209850242,-0.6931471805599453,-1.7316555870112034,26.687080478891303,-7.865903854045628e-07,0.12808821773800527,53.11943112324868,1.0887845680325992,-0.27007301111449666,-0.3416721738596239,-0.773870772812564,-0.07056728623641229,False,False,False,False,3.099999958067201e-05,3.099999958067201e-05,False,False
2022-04-29,1.700000029813964e-05,13152744,-0.16251888669802414,-0.4248831651577415,-0.5679839948061884,-0.7777045946148831,-0.600773829364595,-0.8303482499455284,-1.8111775262776322,22.594639700717394,-9.367694718528762e-07,0.15253333752323117,62.68906562203994,1.1949999638930413,-0.36329586981595047,-0.4359654881923647,-0.8073108495326001,-0.010604483305910573,False,False,False,False,3.099999958067201e-05,3.099999958067201e-05,False,False
2022-04-30,1.5999999959603883e-05,10518634,-0.06062464187881776,-0.4462870798910517,-0.6286086366850063,-0.7537718224387631,-0.8909728918243462,-0.9409833306002778,-1.8325814410109422,21.41573676259604,-1.0234642415283184e-06,0.1549547705803343,71.09281349719197,1.183076478239773,-0.3822393846798504,-0.4645247703747787,-0.818109475786183,-0.20027075718952636,False,True,False,False,3.099999958067201e-05,3.099999958067201e-05,False,False
2022-05-01,1.4999999621068127e-05,11506327,-0.06453854387493897,-0.4700036898787153,-0.6592456790632819,-0.8472979123583294,-0.9028677803686398,-0.9295359394769181,-1.9363407120313891,20.27640980530697,-1.0634909062314508e-06,0.1630028230078544,81.18547190504894,1.1741787357722548,-0.4047619193701908,-0.4935854309340321,-0.8289038482166681,0.09389935993590037,False,True,False,False,3.099999958067201e-05,3.099999958067201e-05,False,False
2022-05-02,1.5999999959603883e-05,11346767,0.06453854387493893,-0.4054651460037763,-0.5596158041763993,-0.6931471805599453,-0.9409833306002778,-0.8649973956019792,-1.9369414923872275,24.596488027838134,-9.421093612028663e-07,0.14636406296818028,86.79626613261229,1.1956892694245589,-0.34560327365717636,-0.45578231738657216,-0.8168602991696505,-0.013867153262722365,False,False,False,False,3.099999958067201e-05,3.099999958067201e-05,False,False
2022-05-03,1.4999999621068127e-05,9537133,-0.06453854387493897,-0.33647225394492175,-0.6592456790632819,-0.8472979123583294,-0.9028677803686398,-0.9028677803686398,-2.0281482919692184,23.240266748144847,-8.514114115161247e-07,0.1497320293018551,91.33690654564252,1.1319899685804111,-0.36440679533745535,-0.48559672360636186,-0.8277347157379844,-0.15948454744862572,False,False,False,False,3.099999958067201e-05,3.099999958067201e-05,False,False
2022-05-04,1.700000029813964e-05,9786447,0.12516318575375684,-0.2113090681911649,-0.49899116229758167,-0.6931471805599453,-0.6931471805599453,-0.6632942076830483,-1.8015156119697238,31.388593803340825,-5.913062862471192e-07,0.13108296263109992,93.44957887129637,1.2520475236606599,-0.25925924751721513,-0.4129834184306108,-0.8042151295033413,0.026141399097611373,False,False,False,True,3.099999958067201e-05,1.4000000192027073e-05,False,False
2022-05-05,1.4999999621068127e-05,10729885,-0.12516318575375687,-0.2876820724517809,-0.6241543480513385,-0.8754687979868797,-0.8183103663137021,-0.7576857244348842,-1.8971199848858813,28.168401011037403,-4.925782008090497e-07,0.15223493411072553,96.79550558200924,1.2663690873727456,-0.324324343147565,-0.47698746348830684,-0.8267898426484402,0.09640250440226161,False,False,False,False,3.099999958067201e-05,1.4000000192027073e-05,False,False
2022-05-06,1.4999999621068127e-05,10297564,0.0,-0.12516318575375687,-0.5500463509114986,-0.7576857244348842,-0.725937015118352,-1.005521874475217,-1.7692866464485313,28.168401011037403,-3.7141555072088627e-07,0.1461229124090221,98.4069612231127,1.2287334849943923,-0.3006993208618643,-0.4718310014766748,-0.8261977912079842,-0.04029129855538993,False,False,False,False,3.099999958067201e-05,1.4000000192027073e-05,False,False
2022-05-07,1.4000000192027073e-05,8844071,-0.06899283250860688,-0.13353137638354592,-0.5798184562745976,-0.8574502259454119,-0.7621400130685522,-1.122142772481207,-1.8382794789571382,26.586737699871676,-3.055139926798547e-07,0.155581461986,100.79846832835817,1.2207279639383126,-0.3236714899433338,-0.5021337078752386,-0.8372566091070771,-0.14114920771553352,False,False,False,False,3.099999958067201e-05,1.4000000192027073e-05,False,False
2022-05-08,1.2999999853491317e-05,9211132,-0.07410799713984,-0.14310082964844692,-0.6131045195271623,-0.8362480102083922,-0.8023465087117289,-1.2417131587385435,-1.739115790577032,25.070721780958024,-2.7700741497176454e-07,0.16107597328989146,104.08217219383454,1.2083179796992773,-0.3483709354305719,-0.531700295501773,-0.8483345987844453,0.041503624292478,False,False,False,False,3.099999958067201e-05,1.4000000192027073e-05,False,True
2022-05-09,1.1000000085914508e-05,10797576,-0.16705406558285774,-0.3746934391062437,-0.78015858511002,-1.0360919103496564,-0.9694005742945866,-1.6964492563511953,-1.8505999881495794,22.328442836479525,-3.3661991983238545e-07,0.19624570811215522,107.16378526967493,1.2809224271050592,-0.4225721737159707,-0.5985401444347684,-0.8712094591097711,0.17223116550712758,False,False,False,False,3.099999958067201e-05,1.4000000192027073e-05,False,False
2022-05-10,1.1000000085914508e-05,10031430,0.0,-0.3101548952313047,-0.6466271491762265,-1.067840619666189,-0.9694005742945866,-1.5910887676413603,-1.8925642000634093,22.328442836479525,-3.1993623479584425e-07,0.19521517481486292,108.91878607898758,1.264931430612785,-0.3956043901129411,-0.593195264530724,-0.8707706755356263,-0.07095536998304064,False,True,False,False,3.099999958067201e-05,1.4000000192027073e-05,False,False
2022-05-11,7.999999979801942e-06,12138135,-0.31845374145370164,-0.7537718224387631,-0.9650808906299281,-1.2878543157482882,-1.2527629847363446,-1.94591016529629,-2.110213210681757,18.75889824935264,-4.470299612019825e-07,0.28496223470571014,113.83477561193828,1.5928108608026885,-0.5348837209302325,-0.6985682007268644,-0.9056826221469959,0.2100104371958933,False,False,False,False,3.099999958067201e-05,1.4000000192027073e-05,False,False
2022-05-12,7.000000096013537e-06,10599631,-0.13353137638354592,-0.7621400130685522,-1.049822085520333,-1.488077028186904,-1.3499267049186627,-1.8607523421586487,-2.288196364015499,17.740797236885626,-5.289239069884462e-07,0.3228170578389742,121.55988267708511,1.5723561823537107,-0.5692307626867127,-0.7307692279035152,-0.917189162373657,-0.12674962010226443,False,True,False,False,3.099999958067201e-05,1.4000000192027073e-05,False,False
2022-05-13,7.999999979801942e-06,10333484,0.13353137638354595,-0.6286086366850063,-0.7537718224387631,-1.3862943611198906,-1.2163953285351168,-1.6341305111602231,-2.238046621878682,22.28317525401492,-4.4935365260935073e-07,0.2801460086412588,125.21528380842277,1.6753442866891861,-0.48051948205345707,-0.6852871768317518,-0.9050726788436774,-0.02510908162746417,False,False,False,False,3.099999958067201e-05,1.4000000192027073e-05,False,False
2022-05-14,7.999999979801942e-06,10212071,0.0,-0.5596158041763993,-0.6931471805599453,-1.3217558172449517,-1.2163953285351168,-1.5841200723842916,-2.197224615231831,22.28317525401492,-3.355454583981334e-07,0.2690641498661079,127.44880503683969,1.6815703003710838,-0.4520547945205479,-0.6784565928152815,-0.904767573476655,-0.011749473846381364,False,False,False,False,3.099999958067201e-05,1.4000000192027073e-05,False,False
2022-05-15,9.000000318337698e-06,7993827,0.11778307355199531,-0.36772473348456397,-0.510825563133011,-1.2039727436929564,-1.1700712421962929,-1.466336998832296,-2.0794415416798357,26.960789582840377,-1.4166113900315564e-07,0.23795770378759695,123.30303433625025,1.7683589794815588,-0.3501804794563541,-0.6305418590928245,-0.8925629660953814,-0.21721783955477791,False,False,False,True,3.099999958067201e-05,6.000000212225132e-06,False,False
2022-05-16,7.999999979801942e-06,8238330,-0.11778307355199538,-0.31845374145370164,-0.6931471805599453,-1.3217558172449517,-1.2878543157482882,-1.5581445761619246,-2.1832383689871633,25.31962791281714,-3.5062888530228164e-08,0.25750939945770585,124.79551476690445,1.7823837568212022,-0.3939393928954377,-0.6630160081920632,-0.9039327530431174,0.030586476289767184,False,False,False,False,3.099999958067201e-05,6.000000212225132e-06,False,False
2022-05-17,9.999999747378752e-06,9049650,0.22314352857684194,-0.09531021287685976,-0.40546510810816444,-1.0647107871714465,-1.029619456159503,-1.4586150480807647,-1.9600948404103216,33.97598512784832,2.027710021597712e-07,0.20557841407593863,118.8508021256155,2.011588953006593,-0.20948618220600176,-0.5678478944462525,-0.8785375955059681,0.09848112420842581,False,False,False,False,3.099999958067201e-05,6.000000212225132e-06,False,False
2022-05-18,9.000000318337698e-06,8420850,-0.10536045502484652,0.11778307355199531,-0.6359887488867677,-1.1349799111843493,-1.2367625782513627,-1.540444997637878,-1.8971199242529015,31.979981202408027,3.184781078158468e-07,0.22797771354189716,113.50931898849919,2.02629224263649,-0.2561983196194655,-0.6010638174033973,-0.8889368750117661,-0.06948335018481377,False,False,False,False,3.099999958067201e-05,6.000000212225132e-06,False,False
2022-05-19,9.000000318337698e-06,12082318,0.0,0.2513144499355413,-0.510825563133011,-1.1700712421962929,-1.1700712421962929,-1.3862943611198906,-1.7730672961752558,31.979981202408027,4.1466470427742394e-07,0.2196300942704142,112.92406250303392,2.014057123436007,-0.23076920236620752,-0.5909090777740332,-0.8873309923629846,0.43480978761051436,False,False,False,False,3.099999958067201e-05,6.000000212225132e-06,False,False
2022-05-20,9.999999747378752e-06,18806341,0.10536045502484646,0.22314352857684194,-0.40546510810816444,-1.029619456159503,-1.0647107871714465,-1.2809339060950442,-1.629240546863572,36.3187852731473,5.564464860649697e-07,0.190690871728646,111.17880086423332,2.076117016687761,-0.12280703748891897,-0.5353159980524624,-0.8728220811242001,0.5565176317987988,False,False,False,False,3.099999958067201e-05,6.000000212225132e-06,False,False
2022-05-21,9.999999747378752e-06,16075693,0.0,0.22314352857684194,-0.33647227559955756,-1.029619456159503,-1.1939225015449695,-1.4350845426130314,-1.6486586395796081,36.3187852731473,6.542881299250255e-07,0.17707009517659986,110.14971717311641,2.076117016687761,-0.10313903430239824,-0.5242626197619712,-0.8707926898883694,-0.14519826052287366,False,False,False,False,3.099999958067201e-05,6.000000212225132e-06,False,False
2022-05-22,9.999999747378752e-06,13778112,0.0,0.10536045502484646,-0.2623642784597175,-0.9555114590196628,-1.2237754744218665,-1.3862943611198906,-1.526056350946947,36.3187852731473,7.179686709502869e-07,0.17156509097682765,105.74605889714417,2.0743333271091395,-0.07834103429812454,-0.514091363753288,-0.8688782564582682,-0.14292267213612497,False,False,False,False,3.099999958067201e-05,6.000000212225132e-06,False,False
2022-05-23,9.999999747378752e-06,15214015,0.0,0.22314352857684194,-0.09531021287685976,-0.916290731874155,-1.3083328884768042,-1.3083328884768042,-1.4586150480807647,36.31878527314731,7.55263059510365e-07,0.16645330136275344,102.23560028194201,2.0770887601751764,-0.056603795035252424,-0.5019920445492934,-0.8663280341264065,0.10421623804480618,False,False,False,False,3.099999958067201e-05,6.000000212225132e-06,False,False
2022-05-24,9.999999747378752e-06,17907247,0.0,0.0,-0.09531021287685976,-0.8754687979868797,-1.2527630204664937,-1.2809339060950442,-1.3862943611198906,36.31878527314731,7.723426881289756e-07,0.1545637798368425,88.88227578105615,2.0794254373953684,-0.024390263380017513,-0.4897959309150404,-0.8635743552494067,0.1770230935095043,False,False,False,False,3.099999958067201e-05,6.000000212225132e-06,False,False
2022-05-25,9.999999747378752e-06,12596101,0.0,0.10536045502484646,0.22314352857684194,-0.8754687979868797,-1.2527630204664937,-1.2237754744218665,-1.3083328884768042,36.31878527314731,7.740964292712102e-07,0.1435235098484966,79.99999790905579,2.0794254373953684,-2.0463630854204178e-08,-0.4758909973667215,-0.8610339111277397,-0.2965919887071419,False,False,False,False,3.099999958067201e-05,6.000000212225132e-06,False,False
2022-05-26,9.000000318337698e-06,15777015,-0.10536045502484652,0.0,0.2513144499355413,-0.8472978170779327,-1.466336998832296,-1.2685112875678952,-1.540444997637878,33.03196607231739,7.005703173201212e-07,0.15601630589429571,67.88485508705422,2.0638964106137934,-0.07216491438018041,-0.5166487467472907,-0.872692548030799,0.25253163657547684,False,False,False,False,3.099999958067201e-05,6.000000212225132e-06,False,False
2022-05-27,9.000000318337698e-06,14607752,0.0,-0.10536045502484652,0.11778307355199531,-0.8472978170779327,-1.4916548161447372,-1.2685112875678952,-1.4916548161447372,33.03196607231739,6.459354980642816e-07,0.14487228404470318,55.95472294954792,2.0638964106137934,-0.04761901324660989,-0.5038588569228202,-0.8705035925962468,-0.07411180125010974,False,True,False,False,3.099999958067201e-05,6.000000212225132e-06,False,False
2022-05-28,9.000000318337698e-06,16216396,0.0,-0.10536045502484652,0.11778307355199531,-0.7985076355847919,-1.440361502609929,-1.2992829565698159,-1.4916548161447372,33.03196607231739,6.045332049304115e-07,0.1424607740983743,45.09546384165859,2.0647992347079747,-0.02702699434102312,-0.4920993044642856,-0.8681318635937301,0.11012262530196293,False,False,False,False,3.099999958067201e-05,6.000000212225132e-06,False,False
2022-05-29,9.000000318337698e-06,12961849,0.0,-0.10536045502484652,0.0,-0.6359887488867677,-1.4136933435016508,-1.2367625782513627,-1.466336998832296,33.03196607231739,5.722173259747527e-07,0.13228500451991898,42.101329760616004,2.0071802765869178,-0.016393410848075624,-0.47916664830001415,-0.8655813559608189,-0.20069483996320758,False,False,False,False,3.099999958067201e-05,6.000000212225132e-06,False,False
2022-05-30,9.999999747378752e-06,17086008,0.10536045502484646,0.0,0.22314352857684194,-0.47000365198310334,-1.2237754744218665,-1.3609765438074497,-1.4109869825833814,40.29911414944307,6.098041155140506e-07,0.11769532801122351,39.068981076775486,2.049207098443918,0.09890106979638993,-0.40617578691670275,-0.8480589571543979,0.31817675086324493,False,False,False,False,3.099999958067201e-05,6.000000212225132e-06,False,False
2022-05-31,9.999999747378752e-06,13088504,0.0,0.0,0.0,-0.40546510810816444,-1.2527630204664937,-1.3083328884768042,-1.3350010475850826,40.29911414944307,6.240266874990369e-07,0.10928851886756469,37.90346308612755,2.0421875548593023,0.08695649433823859,-0.3924666002312282,-0.8454643836586586,-0.23396360343504463,True,False,False,True,3.099999958067201e-05,7.999999979801942e-06,False,False
2022-06-01,9.000000318337698e-06,16473148,-0.10536045502484652,-0.10536045502484652,0.0,-0.57536410700795,-1.2685112875678952,-1.5163474376082278,-1.440361502609929,35.79427399450741,5.57619539407127e-07,0.12069449194452496,30.715814309529332,2.0464383565446647,-0.03225803139197243,-0.4382022270973901,-0.8583569356795364,0.2585967044056372,False,False,False,False,3.099999958067201e-05,7.999999979801942e-06,False,False
2022-06-02,9.000000318337698e-06,17068205,0.0,0.0,0.0,-0.510825563133011,-1.3581234754913403,-1.4136933435016508,-1.4136933435016508,35.79427399450741,5.067031169191134e-07,0.11207345680563033,27.971536006297082,2.0408076371967905,-0.03743312386989508,-0.4215938099365082,-0.855711417994488,0.036122846707866696,False,True,False,False,3.099999958067201e-05,7.999999979801942e-06,False,False
2022-06-03,9.000000318337698e-06,15593167,0.0,0.0,-0.10536045502484652,-0.6359887488867677,-1.3291359294467129,-1.3291359294467129,-1.2992829565698159,35.79427399450741,4.670102252376538e-07,0.10406820989094244,24.812551619690765,1.9767402876589533,-0.042553162154143384,-0.40554819652796653,-0.8530971957769068,-0.08642021817759982,False,False,False,False,3.099999958067201e-05,7.999999979801942e-06,False,False
2022-06-04,9.000000318337698e-06,12453514,0.0,0.0,-0.10536045502484652,-0.510825563133011,-1.3862943611198906,-1.3291359294467129,-1.2685112875678952,35.79427399450741,4.3536838143138315e-07,0.0966347663273037,24.812551619690765,1.9417902130154958,-0.042553162154143384,-0.38858693675179423,-0.8507338866800831,-0.20134800069799808,False,False,False,False,3.099999958067201e-05,7.999999979801942e-06,False,False
2022-06-05,7.999999979801942e-06,14524898,-0.11778307355199538,-0.11778307355199538,-0.22314352857684186,-0.6286086366850063,-1.3862943611198906,-1.3545456518033583,-1.6341305111602231,31.11580219174823,3.45621518167083e-07,0.10987739669475881,24.812551619690765,1.972016982669051,-0.14893617638860135,-0.4397759141106224,-0.8652631583965159,0.16632927862770308,False,False,False,False,3.099999958067201e-05,7.999999979801942e-06,False,False
2022-06-06,9.000000318337698e-06,14724813,0.11778307355199531,-0.10536045502484652,-0.10536045502484652,-0.441832730624404,-1.2992829565698159,-1.2039727436929564,-1.563975503105611,39.61545077312288,3.510078627522521e-07,0.09862896132045405,24.482392866322435,2.0217385787387685,-0.0374331285514431,-0.3515849938734753,-0.8461801348528755,0.013763607840826086,False,False,False,False,3.099999958067201e-05,7.999999979801942e-06,False,False
2022-06-07,7.999999979801942e-06,16528652,-0.11778307355199538,-0.22314352857684186,-0.22314352857684186,-0.4855078070365594,-1.3217558172449517,-1.2878543157482882,-1.727220965775103,34.96873630753008,2.873041091320437e-07,0.11196061832904834,27.54031135524975,2.04350630135614,-0.13978495359748275,-0.40652819331450696,-0.8614598670956196,0.12250335539065937,False,False,False,False,3.099999958067201e-05,7.999999979801942e-06,False,False
2022-06-08,7.999999979801942e-06,13456158,0.0,-0.11778307355199538,-0.22314352857684186,-0.31845374145370164,-1.3545456518033583,-1.2878543157482882,-2.014902997804897,34.96873630753008,2.467983377264357e-07,0.1039634313055449,30.19294464362484,1.9700305408260255,-0.1351351409814122,-0.3874425756206315,-0.858993567051924,-0.1858889642059135,False,False,False,False,3.099999958067201e-05,7.999999979801942e-06,False,False
2022-06-09,7.999999979801942e-06,12124732,0.0,-0.11778307355199538,-0.11778307355199538,-0.31845374145370164,-1.3862943611198906,-1.2878543157482882,-1.909542509095062,34.96873630753008,2.2239348828918665e-07,0.09653747192657741,31.75046214993426,1.9700305408260255,-0.12568306717037292,-0.368088470224835,-0.8565408415659963,-0.09894547908845897,False,False,False,False,3.099999958067201e-05,7.999999979801942e-06,False,False
2022-06-10,7.000000096013537e-06,11889247,-0.13353137638354592,-0.25131444993554125,-0.25131444993554125,-0.13353137638354592,-1.4213856921318342,-1.3862943611198906,-2.0794415416798357,30.500445593236748,1.4503519120291453e-07,0.11265200803447453,37.184885467360075,1.6923664167930843,-0.2222222174501821,-0.42810456799999635,-0.8725302725346149,-0.019421872582420785,False,False,False,False,3.099999958067201e-05,7.999999979801942e-06,False,True
2022-06-11,7.000000096013537e-06,19301028,0.0,-0.25131444993554125,-0.25131444993554125,0.0,-1.488077028186904,-1.3499267049186627,-1.8607523421586487,30.500445593236748,1.0202904063373685e-07,0.10460543603201207,41.11503680031612,1.6270109942865492,-0.20903954482925033,-0.4097807687334936,-0.8706219372039719,0.6234020539736453,False,True,False,False,3.099999958067201e-05,7.999999979801942e-06,False,False
2022-06-12,6.000000212225132e-06,23080369,-0.15415065817262302,-0.2876820345561689,-0.40546510810816444,-0.2876820345561689,-1.6739763956760596,-1.5040773630912858,-1.9218125457163924,26.563841575879124,1.8758402243664503e-08,0.12522731334759682,49.10233340150829,1.6392382529048224,-0.3063583657009175,-0.4773518996757186,-0.8871968376780348,0.19581034751102377,False,False,False,False,3.099999958067201e-05,7.999999979801942e-06,False,False
2022-06-13,4.999999873689376e-06,9999217,-0.1823216174269344,-0.5877867255350988,-0.6931471805599453,-0.47000365198310334,-1.791759469228055,-1.68639898051822,-2.054123724367395,23.322167563834682,-8.542683581123723e-08,0.15382473424510087,60.982135113144174,1.7457164696996472,-0.40476192796329996,-0.5495495617292935,-0.9044525154969414,-0.566765288717871,False,True,False,False,3.099999958067201e-05,7.999999979801942e-06,False,False
2022-06-14,6.000000212225132e-06,6793290,0.18232161742693434,-0.2876820345561689,-0.510825563133011,-0.40546510810816444,-1.6094378518011205,-1.5755363503044573,-1.8718021069404607,32.228705506576574,-6.942930153280872e-08,0.1309358026529891,64.71463013893526,1.8207153308174453,-0.2682926694007334,-0.4413407627262556,-0.8835742659703533,-0.3206178043740825,False,False,False,False,3.099999958067201e-05,7.999999979801942e-06,False,False
2022-06-15,6.000000212225132e-06,6828920,0.0,-0.2876820345561689,-0.40546510810816444,-0.2876820345561689,-1.6094378518011205,-1.5755363503044573,-1.8458266107180934,32.228705506576574,-4.260159306453817e-08,0.1334880108345005,69.34303413607387,1.7817545873124019,-0.25465837105829736,-0.4252873367957605,-0.8820638780386917,0.005244881346151864,False,False,False,False,3.099999958067201e-05,7.999999979801942e-06,False,False
2022-06-16,6.000000212225132e-06,6046836,0.0,-0.2876820345561689,-0.40546510810816444,-0.510825563133011,-1.5755363503044573,-1.5404450192925137,-1.9694406112137754,32.228705506576574,-1.0294996389996613e-08,0.13585791301795944,73.1991496113743,1.5726377658437536,-0.24050631454102409,-0.40828400403154425,-0.8805375767848059,-0.11452528364660886,False,False,False,False,3.099999958067201e-05,7.999999979801942e-06,False,False
2022-06-17,6.000000212225132e-06,6289053,0.0,-0.15415065817262302,-0.40546510810816444,-0.40546510810816444,-1.5404450192925137,-1.642227686359527,-1.9459101057460424,32.228705506576574,2.3775560465968447e-08,0.1380585418876872,76.33651138663676,1.5407709130802743,-0.22580643647043183,-0.39148071095171055,-0.8788368294616573,0.04005681649047532,False,False,False,False,3.099999958067201e-05,7.999999979801942e-06,False,False
2022-06-18,4.999999873689376e-06,5373372,-0.1823216174269344,-0.33647227559955756,-0.5877867255350988,-0.5877867255350988,-1.7578579677313917,-1.7578579677313917,-1.9740810866549894,27.87384100518088,-6.706176233079787e-09,0.1681223897709682,82.8847026037076,1.6481444716905382,-0.33774836989941676,-0.4802494948926905,-0.8975619777279757,-0.14559918639578961,False,False,False,False,3.099999958067201e-05,7.999999979801942e-06,False,False
2022-06-19,6.000000212225132e-06,6066334,0.18232161742693434,0.0,-0.2876820345561689,-0.510825563133011,-1.5404450192925137,-1.5755363503044573,-1.791759469228055,37.036201745291535,5.160051863638288e-08,0.14199946399623034,81.22346418756689,1.7408375889686407,-0.1836734542358236,-0.3630573045469559,-0.8749869734769489,0.12896222334876506,False,False,True,False,7.000000096013537e-06,7.999999979801942e-06,False,False
2022-06-20,6.000000212225132e-06,4532149,0.0,0.18232161742693434,-0.40546510810816444,-0.510825563133011,-1.5404450192925137,-1.7047480646779805,-1.9459101057460424,37.036201745291535,9.856625556101563e-08,0.13185664513935674,77.6696150932317,1.7408375889686407,-0.16083914838581292,-0.3506493308354869,-0.8725844084440489,-0.2529015052583653,False,False,False,False,7.000000096013537e-06,7.999999979801942e-06,False,False
2022-06-21,7.000000096013537e-06,5537303,0.1541506581726231,0.1541506581726231,-0.13353137638354592,-0.35667490496038773,-1.3121863639800504,-1.5804503793822544,-1.7429692660802782,45.12133673718021,1.995546821868884e-07,0.11515120830261229,75.00314509456042,1.840026536032348,-0.007092204071191696,-0.22737306189541068,-0.8482384805391295,0.2217830878905349,False,False,False,False,7.000000096013537e-06,7.999999979801942e-06,False,False
2022-06-22,6.000000212225132e-06,5478362,-0.15415065817262302,0.0,-0.2876820345561689,-0.510825563133011,-1.4271162950071659,-1.819158451609815,-1.819158451609815,39.63968727902687,2.010193656358004e-07,0.13665189972668512,73.09866858479158,1.904907639871713,-0.1304347682814322,-0.324324304947459,-0.8673153427437716,-0.010644351591379442,False,False,False,False,7.000000096013537e-06,7.999999979801942e-06,False,False
2022-06-23,6.000000212225132e-06,4796944,0.0,0.0,-0.2876820345561689,-0.510825563133011,-1.3862943611198906,-1.7635885835995047,-1.791759469228055,39.63968727902687,2.033872064350266e-07,0.12689104974620763,69.8027789444651,1.904907639871713,-0.11111109614000518,-0.3071593334599456,-0.8651079092467904,-0.12438352923738882,False,False,False,False,7.000000096013537e-06,7.999999979801942e-06,False,False
2022-06-24,7.000000096013537e-06,4344589,0.1541506581726231,0.1541506581726231,0.0,-0.35667490496038773,-1.2321437029472675,-1.6094379254268816,-1.5804503793822544,47.09393965034377,2.6955109845384193e-07,0.11119899963880793,63.86995539934991,1.9959597337067374,0.05263157534826002,-0.17647058345179262,-0.8402738144893935,-0.09430066308883323,False,False,False,False,7.000000096013537e-06,7.999999979801942e-06,False,False
2022-06-30,6.000000212225132e-06,3841769,-0.15415065817262302,0.18232161742693434,-0.15415065817262302,-0.40546510810816444,-1.252762925186097,-1.8718021069404607,-1.6739763956760596,41.565862550093165,2.4398302461134556e-07,0.14427510594748041,62.50225705675609,2.0316535594813594,-0.0839694508094801,-0.27884613518915174,-0.8607727069631755,-0.11573476800682414,False,False,False,False,7.000000096013537e-06,7.999999979801942e-06,False,False
2022-07-01,6.000000212225132e-06,4132865,0.0,0.0,0.0,-0.40546510810816444,-1.252762925186097,-1.8971199242529015,-1.6739763956760596,41.565862550093165,2.255210221260703e-07,0.13396974123694608,53.7645302894684,2.0316535594813594,-0.062499984456877926,-0.26470586350348013,-0.8584571787654359,0.07577134387830187,False,False,False,False,7.000000096013537e-06,7.999999979801942e-06,False,False
2022-07-02,6.000000212225132e-06,2183203,0.0,0.0,0.18232161742693434,-0.40546510810816444,-1.2039727436929564,-1.8458266107180934,-1.7047480646779805,41.565862550093165,2.1196676814967494e-07,0.12440047400573565,49.588884839745994,2.0316535594813594,-0.04761903387007287,-0.2518703058074405,-0.8559769518298768,-0.4717458712055681,False,False,False,False,7.000000096013537e-06,7.999999979801942e-06,False,False
2022-07-03,6.000000212225132e-06,2572298,0.0,-0.15415065817262302,0.0,-0.40546510810816444,-1.041453856994932,-1.819158451609815,-1.642227686359527,41.56586255009316,2.0171601710946047e-07,0.11551472586246882,43.75696673037194,2.0316535594813594,-0.03225805268607335,-0.24242422415500786,-0.8538011650466301,0.17822208928807814,False,False,False,True,7.000000096013537e-06,4.999999873689376e-06,False,False
2022-07-04,7.000000096013537e-06,3014583,0.1541506581726231,0.1541506581726231,0.1541506581726231,-0.35667490496038773,-0.8266785569434912,-1.5804503793822544,-1.7176514487678374,49.53383946162841,2.574311038136117e-07,0.10214437431077794,37.22121419023864,2.074265723418762,0.13821137009062492,-0.10714285507130397,-0.8271391513027304,0.1719415868612424,False,False,False,False,7.000000096013537e-06,4.999999873689376e-06,False,False
2022-07-05,6.000000212225132e-06,3099463,-0.15415065817262302,0.0,0.0,-0.510825563133011,-0.9162906712411752,-1.7635885835995047,-1.819158451609815,43.19131005326699,2.2334957237426657e-07,0.12256116320732768,35.312557207194764,2.132030430009942,-0.016393432846066286,-0.23076921283047955,-0.8496428972200364,0.02815646475814404,False,False,False,False,7.000000096013537e-06,4.999999873689376e-06,False,False
2022-07-06,7.000000096013537e-06,2924586,0.1541506581726231,0.0,0.1541506581726231,-0.25131444993554125,-0.8266785569434912,-1.5198257375034365,-1.7676618875437693,50.07558441913948,2.6189812447547915e-07,0.10775276333935813,35.312557207194764,2.1881255752670294,0.14754097016334128,-0.1025641010692067,-0.8210176409248932,-0.056421709179945045,False,False,False,False,7.000000096013537e-06,4.999999873689376e-06,False,False
2022-07-07,7.000000096013537e-06,2812055,0.0,0.1541506581726231,0.33647227559955756,-0.25131444993554125,-0.7621400130685522,-1.6094379254268816,-1.6650077934371919,50.07558441913948,2.795344518582294e-07,0.11026021769340588,37.22121419023864,2.1881255752670294,0.13821137009062492,-0.10025706820666706,-0.8178743315522479,-0.038477582810011346,False,False,False,False,7.000000096013537e-06,4.999999873689376e-06,False,False
2022-07-08,7.000000096013537e-06,2751147,0.0,0.1541506581726231,0.1541506581726231,-0.25131444993554125,-0.887303198822309,-1.5804503793822544,-1.5804503793822544,50.07558441913948,2.825017609407208e-07,0.11258856816502165,34.31617547226853,2.1881255752670294,0.11999998661223839,-0.09793814342368871,-0.814594091806731,-0.02165960480858309,False,False,False,False,7.000000096013537e-06,4.999999873689376e-06,False,False
2022-07-09,7.000000096013537e-06,2491686,0.0,0.1541506581726231,0.1541506581726231,-0.25131444993554125,-0.7621400130685522,-1.6376088110554319,-1.5804503793822544,50.07558441913948,2.754753836359549e-07,0.10454652758180581,35.35088324343173,2.1881255752670294,0.11111109908075824,-0.09326424733122823,-0.8111171055425663,-0.09431011865232941,False,False,False,False,7.000000096013537e-06,4.999999873689376e-06,False,False
2022-07-10,6.000000212225132e-06,2638495,-0.15415065817262302,0.0,-0.15415065817262302,-0.2876820345561689,-0.9162906712411752,-1.6739763956760596,-1.642227686359527,43.05732836853958,1.9810797109883092e-07,0.12516349586125533,35.35088324343173,2.2145297282572534,-0.047619037307316536,-0.218749982421469,-0.8351874691835675,0.058919542831640914,False,False,False,False,7.000000096013537e-06,4.999999873689376e-06,False,False
2022-07-11,6.000000212225132e-06,2885505,0.0,-0.15415065817262302,0.0,-0.40546510810816444,-0.8472978387325684,-1.7047480646779805,-1.6094378518011205,43.05732836853958,1.4407401628120965e-07,0.11622324615687994,35.35088324343173,2.1668603190584466,-0.047619037307316536,-0.21052629909860857,-0.8324022293501018,0.09361776315664794,False,True,False,False,7.000000096013537e-06,4.999999873689376e-06,False,False
2022-07-12,6.000000212225132e-06,2984929,0.0,0.0,0.0,-0.2876820345561689,-0.7731898415927284,-1.6094378518011205,-1.5755363503044573,43.05732836853958,1.071691960901112e-07,0.1079215857171028,35.35088324343173,2.1342279015712404,-0.047619037307316536,-0.20424401487267957,-0.8295454492090437,0.03445636032514243,False,False,False,False,7.000000096013537e-06,4.999999873689376e-06,False,False
2022-07-13,6.000000212225132e-06,3211669,0.0,-0.15415065817262302,-0.15415065817262302,-0.2876820345561689,-0.6061357760098707,-1.642227686359527,-1.5755363503044573,43.05732836853958,8.269093701718748e-08,0.10021290102302403,30.0453248811538,2.1342279015712404,-0.05511810234179094,-0.19786094533614823,-0.8266897693469365,0.07596160578693834,False,False,False,False,7.000000096013537e-06,4.999999873689376e-06,False,False
2022-07-14,6.000000212225132e-06,2743115,0.0,-0.15415065817262302,0.0,-0.2876820345561689,-0.6061357760098707,-1.6739763956760596,-1.5755363503044573,43.05732836853958,6.709612712753044e-08,0.09305483666423661,30.0453248811538,2.1342279015712404,-0.05511810234179094,-0.18918917291262244,-0.8237885409133938,-0.1458911238985089,False,False,False,False,7.000000096013537e-06,4.999999873689376e-06,False,False
2022-07-15,6.000000212225132e-06,2333974,0.0,-0.15415065817262302,0.0,-0.15415065817262302,-0.2876820345561689,-1.5755363503044573,-1.5404450192925137,43.05732836853958,5.7733871142676706e-08,0.08640806261679114,30.0453248811538,2.0869262115712046,-0.05511810234179094,-0.1803278535760769,-0.8206814052698729,-0.14915196774469897,False,False,False,False,7.000000096013537e-06,4.999999873689376e-06,False,False
2022-07-16,7.000000096013537e-06,2378639,0.1541506581726231,0.0,0.1541506581726231,0.0,0.0,-1.488077028186904,-1.3499267049186627,53.273236588506364,1.1645491336045656e-07,0.07897784591969828,30.0453248811538,2.1597011618744695,0.10236219006332588,-0.03581267614506779,-0.7872663710352702,0.01913688841435257,False,False,False,False,7.000000096013537e-06,4.999999873689376e-06,False,False
2022-07-17,7.000000096013537e-06,2327696,0.0,0.1541506581726231,0.1541506581726231,0.1541506581726231,-0.13353137638354592,-1.5198257375034365,-1.3499267049186627,53.273236588506364,1.5068791312873157e-07,0.0733365712111484,30.618617439402325,2.0869262115712046,0.09374998667732411,-0.027777782865614567,-0.783449340570792,-0.021416869058314414,True,False,False,False,7.000000096013537e-06,4.999999873689376e-06,False,False
2022-07-18,7.000000096013537e-06,2712963,0.0,0.1541506581726231,0.0,0.33647227559955756,-0.13353137638354592,-1.4552871936284975,-1.3499267049186627,53.27323658850638,1.6743428365162047e-07,0.06809824469606637,30.85231928646853,1.9746777911574762,0.0852713058056109,-0.019607849381382696,-0.7795969753756431,0.1655143111471602,False,False,False,False,7.000000096013537e-06,4.999999873689376e-06,False,False
2022-07-19,9.000000318337698e-06,5646586,0.2513144499355413,0.4054651081081644,0.4054651081081644,0.4054651081081644,0.0,-1.2039727436929564,-1.1700712421962929,67.7334756902609,2.9959622654355155e-07,0.07299158474922401,45.18671141272531,2.0626265241089525,0.37404581424618166,0.26404496104332814,-0.7109362365239131,1.0813354255107792,False,False,False,False,7.000000096013537e-06,4.999999873689376e-06,True,False
2022-07-20,9.999999747378752e-06,7916920,0.10536045502484646,0.5108255631330109,0.3566749049603878,0.5108255631330109,0.22314352857684194,-1.0986122886681098,-1.0647107871714465,72.34220971073965,4.326697119460276e-07,0.08242868653831967,61.7974865663937,2.0865384525384596,0.4814814116163207,0.4005601605779357,-0.672453334790652,0.40207197765162883,True,False,False,False,7.000000096013537e-06,4.999999873689376e-06,False,False
2022-07-21,9.999999747378752e-06,3879849,0.0,0.5108255631330109,0.3566749049603878,0.5108255631330109,0.0,-1.0647107871714465,-1.029619456159503,72.34220971073965,4.945348333622861e-07,0.08368377645917659,71.59628207812946,2.0865384525384596,0.438848858727137,0.39664798366425597,-0.6662773336580586,-0.5099294927825467,False,False,False,False,7.000000096013537e-06,4.999999873689376e-06,False,False
2022-07-22,9.999999747378752e-06,3673997,0.0,0.5108255631330109,0.3566749049603878,0.5108255631330109,0.10536045502484646,-1.029619456159503,-1.1314021232265163,72.34220971073965,5.073977149559914e-07,0.08484922359636318,77.6696048675143,2.0865384525384596,0.3986013434508575,0.39275760159522427,-0.6604414363441082,-0.053056704010903566,False,False,False,False,7.000000096013537e-06,4.999999873689376e-06,False,False
2022-07-23,9.999999747378752e-06,3190081,0.0,0.3566749049603878,0.3566749049603878,0.6931471805599453,0.10536045502484646,-1.0647107871714465,-1.0647107871714465,72.34220971073965,4.877161864236249e-07,0.08593141801307413,81.22345532133275,1.9604002293601683,0.3605441688641843,0.3888888327472415,-0.6549344479880658,-0.13171377113263838,False,False,True,False,1.2000000424450263e-05,4.999999873689376e-06,False,False
2022-07-24,9.999999747378752e-06,2787137,0.0,0.3566749049603878,0.5108255631330109,0.5108255631330109,0.0,-1.029619456159503,-1.0647107871714465,72.34220971073965,4.475565865183842e-07,0.07979345958356884,85.16649414218982,1.8753352161171863,0.3333332888691482,0.3888888327472415,-0.6494917738334561,-0.12631152625905107,False,False,False,False,1.2000000424450263e-05,4.999999873689376e-06,False,False
2022-07-25,9.999999747378752e-06,4567699,0.0,0.3566749049603878,0.5108255631330109,0.5108255631330109,0.0,-1.029619456159503,-1.1939225015449695,72.34220971073965,3.956468887983559e-07,0.08837963974260718,85.51727698667452,1.8753352161171863,0.29870125958489674,0.3888888327472415,-0.6436208235932126,0.6388498304891363,False,False,False,False,1.2000000424450263e-05,4.999999873689376e-06,False,False
2022-07-26,9.999999747378752e-06,4192766,0.0,0.10536045502484646,0.5108255631330109,0.3566749049603878,0.0,-0.9555114590196628,-1.2237754744218665,72.34220971073964,3.381918902457234e-07,0.08920966807383444,87.18439110039718,1.8093940172529792,0.273885314896551,0.3850414975091574,-0.6370894686425673,-0.08208356111030957,False,False,False,False,1.2000000424450263e-05,4.999999873689376e-06,False,False
2022-07-27,1.1000000085914508e-05,3691078,0.09531021287685981,0.09531021287685981,0.6061357760098707,0.6061357760098707,0.09531021287685981,-0.8209805189972953,-1.2130226755999445,77.69444970523084,3.433199682207268e-07,0.08180036881021524,90.91265976633913,1.7286974267027546,0.3664596346974996,0.5151515075591061,-0.5931952652490785,-0.11965561636399458,False,False,False,False,1.2000000424450263e-05,4.999999873689376e-06,False,False
2022-07-28,1.1000000085914508e-05,4314222,0.0,0.09531021287685981,0.6061357760098707,0.6061357760098707,0.09531021287685981,-0.78015858511002,-1.157452807589634,77.69444970523082,3.2280490273009666e-07,0.08245099396484495,93.10478949922066,1.7286974267027546,0.3333333406827856,0.506849308583074,-0.5861550028836239,0.16882439222362677,False,False,False,False,1.2000000424450263e-05,4.999999873689376e-06,False,False
2022-07-29,1.1000000085914508e-05,3856723,0.0,0.09531021287685981,0.6061357760098707,0.4519851178372475,0.09531021287685981,-0.78015858511002,-1.157452807589634,77.69444970523082,2.8655690766796605e-07,0.0765616372530703,94.05119561002651,1.6606466243189977,0.30177515525309967,0.49863759677779357,-0.579108474582325,-0.10604438065542288,False,False,False,False,1.2000000424450263e-05,4.999999873689376e-06,False,False
2022-07-30,1.2999999853491317e-05,4727014,0.16705406558285782,0.2623642784597175,0.6190391834201053,0.7731898415927284,0.3677247334845639,-0.4795730835933687,-1.0986122653477322,84.96317316465186,3.6933018859159135e-07,0.07114458311100479,97.06434178483596,1.6262871672852426,0.4772727105368034,0.7473117891806952,-0.4953416237300236,0.22565556302591605,False,False,False,False,1.2000000424450263e-05,4.999999873689376e-06,True,False
2022-07-31,1.2999999853491317e-05,12095436,0.0,0.2623642784597175,0.6190391834201053,0.7731898415927284,0.3677247334845639,-0.4795730835933687,-1.123930082660173,84.96317316465186,3.9388749630518016e-07,0.0880408468461155,97.04031337726572,1.6262871672852426,0.4207650140149779,0.7287233682296127,-0.48788655608995934,1.558789967620151,True,False,False,False,1.2000000424450263e-05,4.999999873689376e-06,False,False
2022-08-01,1.700000029813964e-05,12368072,0.2682640154022038,0.5306282938619211,0.887303198822309,1.041453856994932,0.6359887488867677,-0.16251888669802414,-0.8043727537231613,91.43623203649297,6.350417595599083e-07,0.07932312211288645,110.72759902903132,1.8293031345451523,0.7525773526944346,1.2077922240523593,-0.3227091552803898,0.02254040284285752,False,False,False,False,1.2000000424450263e-05,4.999999873689376e-06,False,False
2022-08-02,1.5999999959603883e-05,6940034,-0.06062464187881776,0.47000365198310345,0.5753641070079499,0.9808292151161143,0.5753641070079499,-0.06062464187881776,-0.8383292364937007,81.93955340123573,6.787773357040765e-07,0.08718933491415506,112.70672756381039,1.8558136622564394,0.5686274509803922,1.0356233843480553,-0.35561820883087863,-0.4388750324221916,False,False,False,False,1.2000000424450263e-05,4.999999873689376e-06,False,False
2022-08-03,1.5999999959603883e-05,3831019,0.0,0.37469343910624364,0.47000365198310345,0.8266785569434912,0.47000365198310345,0.0,-0.7537718224387631,81.93955340123573,6.587526268034042e-07,0.085425812514307,110.95941749348692,1.8060624066341002,0.4953271043925141,0.9950124445070169,-0.3481360813493847,-0.44798267558919735,False,False,False,False,1.2000000424450263e-05,4.999999873689376e-06,False,False
2022-08-04,1.4999999621068127e-05,4357748,-0.06453854387493897,0.31015489523130463,0.4054651081081644,0.9162906712411752,0.4054651081081644,0.0,-0.8472979123583294,73.13064323774842,5.344948188977842e-07,0.08937414176563924,104.14406033771972,1.7174628107726666,0.3452914540331088,0.833740769722638,-0.38246193694835806,0.13749057365677375,False,False,False,False,1.2000000424450263e-05,4.999999873689376e-06,False,False
2022-08-05,1.4999999621068127e-05,4679466,0.0,0.31015489523130463,0.4054651081081644,0.7621400130685522,0.5108255631330109,-0.06453854387493897,-0.7576857244348842,73.13064323774842,4.140189870960329e-07,0.08775218099094068,98.85307715464695,1.6610682853649792,0.2987012762029757,0.7985610930226116,-0.3755204181221262,0.0738266645983201,False,False,False,False,1.2000000424450263e-05,4.999999873689376e-06,False,False
2022-08-06,1.4999999621068127e-05,3484222,0.0,0.1431008296484468,0.4054651081081644,0.7621400130685522,0.5108255631330109,0.0,-0.8472979123583294,73.13064323774842,3.012855338080344e-07,0.08148416806301635,91.95887482585819,1.6610682853649792,0.255230105938648,0.7605633261558404,-0.36762227789400187,-0.255423161531679,False,False,False,False,1.2000000424450263e-05,4.999999873689376e-06,False,False
2022-08-07,1.4000000192027073e-05,3946416,-0.06899283250860688,0.07410799713984012,0.33647227559955756,0.6931471805599453,0.4418327306244041,-0.19415601826236373,-0.887303198822309,64.47369529637102,1.3481020922646807e-07,0.08617046718505122,82.33488844011221,1.6915028850558438,0.13821140796369388,0.6091954145552197,-0.4024754524433035,0.1326534302349276,False,False,False,False,1.2000000424450263e-05,4.999999873689376e-06,False,False
2022-08-08,1.4999999621068127e-05,4937255,0.06899283250860686,-0.12516318575375687,0.4054651081081644,0.7621400130685522,0.5108255631330109,0.0,-0.8754687979868797,68.49058934045652,7.07054274978215e-08,0.07944297663467072,78.66356832826673,1.696752431448185,0.19047617414928242,0.6891891386709329,-0.3519118779799002,0.25107312559040906,False,False,False,False,1.2000000424450263e-05,4.999999873689376e-06,False,False
2022-08-09,1.4000000192027073e-05,4338243,-0.06899283250860688,-0.13353137638354592,0.33647227559955756,0.8472978387325684,0.5596158041763993,-0.06899283250860688,-0.8266785569434912,61.056055132073574,-5.3671409363556235e-08,0.0892417325514123,75.64824214832824,1.606953606074229,0.09375002553512987,0.5486725806170365,-0.3875765457865639,-0.12132490624851255,False,False,False,False,1.2000000424450263e-05,4.999999873689376e-06,False,False
2022-08-10,1.4999999621068127e-05,4628385,0.06899283250860686,-0.06453854387493897,0.31015489523130463,0.9162906712411752,0.5108255631330109,0.06899283250860686,-0.7884573934368051,65.13205277560184,-8.154798064778493e-08,0.08686664655021045,72.84128647453777,1.6097089274373892,0.14942526973278408,0.6268980015031796,-0.3356953233604373,0.06688007103336524,False,False,False,False,1.2000000424450263e-05,4.999999873689376e-06,False,False
2022-08-11,1.4999999621068127e-05,4408775,0.0,0.0,0.31015489523130463,0.9162906712411752,0.6286086366850063,0.1431008296484468,-0.6931471805599453,65.13205277560184,-1.111104820955451e-07,0.08542379257661395,69.30357144343945,1.6097089274373892,0.1278195319049548,0.5957446376202157,-0.32900918834799825,-0.04744851605905731,False,False,False,False,1.2000000424450263e-05,4.999999873689376e-06,False,False
2022-08-12,1.4999999621068127e-05,3007613,0.0,0.0,0.31015489523130463,0.9162906712411752,0.6286086366850063,0.31015489523130463,-0.725937015118352,65.13205277560184,-1.3992673346826672e-07,0.07932209310685581,64.99494890137555,1.6097089274373892,0.10701105376379651,0.5624999585516737,-0.3232574060592231,-0.31781209066010396,False,False,False,False,1.2000000424450263e-05,4.999999873689376e-06,False,False
2022-08-13,1.4999999621068127e-05,3054169,0.0,0.0,0.1431008296484468,0.9162906712411752,0.6286086366850063,0.31015489523130463,-0.7576857244348842,65.13205277560184,-1.6644573290782163e-07,0.07841813580778464,59.82541256634902,1.6097089274373892,0.0869565059791401,0.5337422924927298,-0.3177166435014778,0.01547938514695879,False,False,False,False,1.2000000424450263e-05,4.999999873689376e-06,False,False
2022-08-14,1.5999999959603883e-05,4929704,0.06453854387493893,0.13353137638354595,0.20763937352338593,0.9808292151161143,0.8266785569434912,0.6931471805599453,-0.5947071351883428,69.43492610363782,-1.2593764065361222e-07,0.07719436078995423,54.49467373306673,1.6100372050272478,0.13475178128409268,0.6032064095383344,-0.2662233466174343,0.61409011747549,False,False,False,False,1.2000000424450263e-05,4.999999873689376e-06,False,False
2022-08-15,1.5999999959603883e-05,3657286,0.0,0.06453854387493893,-0.06062464187881776,0.8266785569434912,0.8266785569434912,0.8266785569434912,-0.6613984712434129,69.43492610363782,-1.0907241505332658e-07,0.08060905235014067,47.62896608574104,1.552429344353955,0.11111111812881715,0.5748031467868598,-0.2611406173769954,-0.2581124546220219,False,False,False,False,1.2000000424450263e-05,4.999999873689376e-06,False,False
2022-08-16,1.4999999621068127e-05,3515862,-0.06453854387493897,0.06899283250860686,-0.06453854387493897,0.7621400130685522,0.9162906712411752,0.6286086366850063,-0.7576857244348842,60.74156840603318,-1.7147927055294707e-07,0.0846032553993209,41.909748735843536,1.5828710959756371,0.02739724491376921,0.450676948650301,-0.30281201045157785,-0.03866911146680896,False,False,False,False,1.2000000424450263e-05,4.999999873689376e-06,False,False
2022-08-17,1.4999999621068127e-05,3248225,0.0,0.0,-0.06453854387493897,0.7621400130685522,1.0986122886681098,0.6286086366850063,-0.6931471805599453,60.74156840603318,-2.1609233887633487e-07,0.08332207222221649,34.821888438637544,1.5828710959756371,0.013513499811301332,0.42585548150413755,-0.2987377469486523,-0.07612272609106951,False,False,False,False,1.2000000424450263e-05,4.999999873689376e-06,False,False
2022-08-18,1.2999999853491317e-05,3018687,-0.14310082964844692,-0.14310082964844692,-0.14310082964844692,0.3677247334845639,0.7731898415927284,0.3677247334845639,-0.8362480102083922,47.071595450444285,-3.743567100108298e-07,0.1002626573961861,28.027669548716084,1.468076932886403,-0.12751677749933035,0.22180450163772647,-0.3888105390597079,-0.0706656712512218,False,False,False,False,1.2000000424450263e-05,4.999999873689376e-06,False,False
2022-08-19,1.1000000085914508e-05,5089110,-0.16705406558285774,-0.3101548952313047,-0.3101548952313047,0.09531021287685981,0.6061357760098707,0.31845374145370164,-1.00330207579125,37.888761240012855,-5.947058014346704e-07,0.12950901856709493,34.821888438637544,1.5555373244898696,-0.2567567422241075,0.024208577777536464,-0.4790433308842524,0.6858687237199483,False,True,False,False,1.2000000424450263e-05,4.999999873689376e-06,False,False
2022-08-20,1.1000000085914508e-05,3171672,0.0,-0.3101548952313047,-0.3101548952313047,0.09531021287685981,0.6061357760098707,0.09531021287685981,-0.9694005742945866,37.888761240012855,-7.134265616522098e-07,0.12025837438373099,40.45188698984899,1.5555373244898696,-0.25170066617239445,0.014760159366293622,-0.47544110322450506,-0.3767727559435736,False,True,False,False,1.2000000424450263e-05,4.999999873689376e-06,False,False
2022-08-21,1.1000000085914508e-05,2752002,0.0,-0.3746934391062437,-0.2411620627226978,0.09531021287685981,0.6061357760098707,0.2006706679017062,-0.9343092432826431,37.888761240012855,-7.605990708648767e-07,0.11166849049917876,44.27049052455205,1.5555373244898696,-0.23611109597918228,0.005484472549386373,-0.47178871249250837,-0.13231822206079313,False,False,False,False,1.2000000424450263e-05,4.999999873689376e-06,False,False
2022-08-22,1.1000000085914508e-05,2643519,0.0,-0.3746934391062437,-0.3101548952313047,0.09531021287685981,0.7884573934368051,0.2006706679017062,-0.9694005742945866,37.888761240012855,-7.587201024499747e-07,0.11018567839031108,48.36731460950042,1.5555373244898696,-0.22261482577229189,-0.003623176466410632,-0.46821367858986773,-0.03941966611942871,False,False,False,False,1.2000000424450263e-05,4.999999873689376e-06,False,False
2022-08-23,1.1000000085914508e-05,2528793,0.0,-0.3101548952313047,-0.2411620627226978,0.09531021287685981,0.6061357760098707,0.09531021287685981,-0.9343092432826431,37.888761240012855,-7.244658401855226e-07,0.10231527279100316,51.397323136850204,1.5555373244898696,-0.2086330782265006,-0.010791355064708769,-0.4643291913251742,-0.04339896932838383,False,False,False,False,1.2000000424450263e-05,4.999999873689376e-06,False,False
2022-08-24,1.1000000085914508e-05,2245036,0.0,-0.3101548952313047,-0.3101548952313047,0.09531021287685981,0.6061357760098707,0.09531021287685981,-0.9343092432826431,37.888761240012855,-6.700638317860789e-07,0.09500703902021723,54.70070842778972,1.5555373244898696,-0.197080277675905,-0.019607831216646943,-0.4607843112176923,-0.1122104498074773,False,False,False,False,1.2000000424450263e-05,4.999999873689376e-06,False,False
2022-08-25,1.1000000085914508e-05,2249791,0.0,-0.16705406558285774,-0.3101548952313047,0.09531021287685981,0.4519851178372475,0.09531021287685981,-0.860201246142803,37.888761240012855,-6.04358238598664e-07,0.08822082194734457,57.37752695814464,1.5555373244898696,-0.1851851719607079,-0.026548660742726816,-0.45719220103063035,0.0021180061255141602,False,False,False,False,1.2000000424450263e-05,4.999999873689376e-06,False,False
2022-08-26,9.000000318337698e-06,3294660,-0.20067066790170623,-0.20067066790170623,-0.510825563133011,-0.20067066790170623,0.4054651081081644,-0.10536045502484652,-1.0216511868990015,28.53658620747744,-6.6127003134896e-07,0.11599664196519413,64.70956035389948,1.6730540869690471,-0.31818178999499874,-0.20634917515940168,-0.5527950167234909,0.4644293625496769,False,False,False,False,1.2000000424450263e-05,4.999999873689376e-06,False,False
2022-08-27,9.000000318337698e-06,2386510,0.0,-0.20067066790170623,-0.510825563133011,-0.20067066790170623,0.4054651081081644,-0.10536045502484652,-0.9808292530117262,28.53658620747744,-6.62910134928005e-07,0.11564767066347566,71.42752217758749,1.6730540869690471,-0.30501927654717603,-0.20913880931005577,-0.550112457479425,-0.2756430102043913,False,True,False,False,1.2000000424450263e-05,4.999999873689376e-06,False,False
2022-08-28,9.999999747378752e-06,2503549,0.10536045502484646,-0.09531021287685976,-0.47000365198310334,-0.09531021287685976,0.3566749049603878,0.0,-0.8754687979868797,37.48463177624075,-5.644925039144823e-07,0.11093412932956494,73.9319294802684,1.7181124794693823,-0.21259844098571007,-0.12587414435956468,-0.49736116038932804,0.0490419063821228,False,False,False,False,1.2000000424450263e-05,4.999999873689376e-06,False,False
2022-08-29,1.1000000085914508e-05,2887527,0.09531021287685981,0.0,-0.3746934391062437,-0.16705406558285774,0.6061357760098707,0.2006706679017062,-0.6466271491762265,44.91277701302306,-4.0723318750059096e-07,0.1066327018691297,75.06973621061597,1.6453276269090111,-0.12350596425793779,-0.04679374929004349,-0.4428969335594778,0.15337347102053922,False,False,False,False,1.2000000424450263e-05,4.999999873689376e-06,False,False
2022-08-30,9.999999747378752e-06,2923834,-0.09531021287685976,-0.09531021287685976,-0.40546510810816444,-0.2623642784597175,0.5108255631330109,0.10536045502484646,-0.7419373620530861,39.817661581985305,-3.480440398910754e-07,0.1160605516813515,76.33622031754714,1.6745941722769535,-0.18699188615001455,-0.13941481944371795,-0.48927478487022064,0.012573735241263595,False,False,False,False,1.2000000424450263e-05,4.999999873689376e-06,False,False
2022-08-31,9.999999747378752e-06,2372965,0.0,-0.09531021287685976,-0.40546510810816444,-0.5306282938619212,0.5108255631330109,0.10536045502484646,-0.6931471805599453,39.817661581985305,-2.888152188851626e-07,0.11491337201695417,76.76236005619302,1.3450808783447423,-0.17012449823960135,-0.14529916190910055,-0.4846689144894154,-0.18840638695630463,False,False,False,False,1.2000000424450263e-05,4.999999873689376e-06,False,False
2022-09-01,9.999999747378752e-06,2439653,0.0,-0.09531021287685976,-0.2623642784597175,-0.47000365198310334,0.5108255631330109,0.10536045502484646,-0.5306282938619212,39.81766158198531,-2.32008135725953e-07,0.10670527401574317,76.25234854735723,1.3373236101923682,-0.15254239051734925,-0.15110358122582085,-0.47794311090553215,0.028103237932291414,False,False,False,False,1.2000000424450263e-05,4.999999873689376e-06,False,False
2022-09-02,9.999999747378752e-06,2781255,0.0,0.10536045502484646,-0.09531021287685976,-0.47000365198310334,0.3566749049603878,0.0,-0.47000365198310334,39.81766158198531,-1.791680786289182e-07,0.09908346872890438,74.65994969544415,1.3373236101923682,-0.13419915260685297,-0.1568296947255475,-0.47187749083259933,0.14002073245662405,False,False,False,False,1.2000000424450263e-05,4.999999873689376e-06,False,False
2022-09-03,9.999999747378752e-06,2197567,0.0,0.10536045502484646,-0.09531021287685976,-0.40546510810816444,0.5108255631330109,0.0,-0.40546510810816444,39.81766158198531,-1.3117607942749865e-07,0.0920060781054112,68.2768486605469,1.3265423910630312,-0.11111112907643865,-0.1624790763943815,-0.4653836026000028,-0.2098649710292656,False,False,False,False,1.2000000424450263e-05,4.999999873689376e-06,False,False
2022-09-04,9.999999747378752e-06,2413451,0.0,0.0,-0.09531021287685976,-0.40546510810816444,0.3566749049603878,0.10536045502484646,-0.47000365198310334,39.81766158198531,-8.843959207450991e-08,0.08543421538359612,58.30461695190805,1.3265423910630312,-0.0867580083137368,-0.16666668056172473,-0.4603346079024192,0.09823773291098736,False,False,False,False,1.2000000424450263e-05,4.999999873689376e-06,False,False
2022-09-05,9.999999747378752e-06,2458709,0.0,-0.09531021287685976,-0.09531021287685976,-0.40546510810816444,0.3566749049603878,0.10536045502484646,-0.40546510810816444,39.817661581985305,-5.103590329784741e-08,0.07933177142762497,48.88484620451371,1.3265423910630312,-0.06542057901858522,-0.17081261703037243,-0.45578232848115324,0.018752400608091913,False,False,False,False,1.2000000424450263e-05,4.999999873689376e-06,False,False
2022-09-06,9.000000318337698e-06,3031365,-0.10536045502484652,-0.10536045502484652,-0.20067066790170623,-0.441832730624404,0.2513144499355413,0.0,-0.6359887488867677,33.44392946996646,-8.263677876096801e-08,0.08978673852337829,35.25058131659043,1.351515341814129,-0.13461535182110446,-0.25619831430822987,-0.5061728239189718,0.23290922187212892,False,False,False,False,1.2000000424450263e-05,4.999999873689376e-06,False,False
2022-09-07,9.000000318337698e-06,2683984,0.0,-0.10536045502484652,-0.20067066790170623,-0.510825563133011,0.2513144499355413,0.0,-0.510825563133011,33.44392946996646,-9.182583482437886e-08,0.0833734000574227,29.34633095236925,1.31875254929462,-0.11764702735312446,-0.25619831430822987,-0.502074673325515,-0.11459556998249965,False,True,False,False,1.2000000424450263e-05,4.999999873689376e-06,False,False
2022-09-08,9.000000318337698e-06,2620212,0.0,-0.10536045502484652,-0.20067066790170623,-0.441832730624404,0.4054651081081644,0.11778307355199531,-0.510825563133011,33.44392946996646,-8.627660152208565e-08,0.07741815719617823,30.420376578532053,1.306435132021099,-0.1089108603298037,-0.25496685525722074,-0.4980479490075814,-0.023760201253062663,False,False,False,False,1.2000000424450263e-05,4.999999873689376e-06,False,False
2022-09-09,9.999999747378752e-06,3367193,0.10536045502484646,0.0,0.10536045502484646,-0.40546510810816444,0.5108255631330109,0.10536045502484646,-0.33647227559955756,44.53324762008964,-7.766324745631962e-09,0.07184231711046414,29.45004409392076,1.3414571770397483,-0.004975148690732342,-0.17218544492311,-0.4370954292872343,0.2850841840278573,False,False,False,False,1.2000000424450263e-05,4.999999873689376e-06,False,False
2022-09-10,9.999999747378752e-06,2808819,0.0,0.0,0.10536045502484646,-0.40546510810816444,0.5108255631330109,0.22314352857684194,-0.2623642784597175,44.53324762008964,4.8558955794082086e-08,0.06671072303114528,28.284268034440824,1.3414571770397483,-2.273736760172954e-08,-0.17218544492311,-0.4319795684157609,-0.16582773841594467,True,False,False,False,1.2000000424450263e-05,4.999999873689376e-06,False,False
2022-09-11,9.999999747378752e-06,2980883,0.0,0.0,0.0,-0.40546510810816444,0.5108255631330109,0.22314352857684194,-0.09531021287685976,44.53324762008964,8.791577052568322e-08,0.06908853112747697,26.89263575802293,1.3414571770397483,0.005025104498999254,-0.17218544492311,-0.4277539512423663,0.06125848621787311,False,False,False,False,1.2000000424450263e-05,4.999999873689376e-06,False,False
2022-09-12,9.999999747378752e-06,2812588,0.0,0.0,-0.09531021287685976,-0.40546510810816444,0.5108255631330109,0.22314352857684194,-0.09531021287685976,44.53324762008964,1.1437355253572569e-07,0.0712964892919655,25.232310600999984,1.3414571770397483,0.010100990613826223,-0.17218544492311,-0.4234649924416999,-0.05645810318620359,False,False,False,False,1.2000000424450263e-05,4.999999873689376e-06,False,False
2022-09-13,9.000000318337698e-06,2950066,-0.10536045502484652,0.0,-0.10536045502484652,-0.57536410700795,0.4054651081081644,0.2513144499355413,0.11778307355199531,36.380184556845705,6.72812022372899e-08,0.0814963685686217,24.4897894818388,1.3479196176873691,-0.08163261612839076,-0.25373131176721886,-0.47613502449815487,0.048879537280255736,False,False,False,False,1.2000000424450263e-05,4.999999873689376e-06,False,False
2022-09-14,9.000000318337698e-06,2691012,0.0,0.0,-0.10536045502484652,-0.57536410700795,0.2513144499355413,0.2513144499355413,0.2513144499355413,36.380184556845705,4.022199264072187e-08,0.07567519938514873,22.959844400110924,1.3479196176873691,-0.07216491220528064,-0.2524916634838884,-0.4713656225989803,-0.08781295062551142,False,False,True,False,1.1000000085914508e-05,4.999999873689376e-06,False,False
2022-09-15,7.999999979801942e-06,2804448,-0.11778307355199538,-0.11778307355199538,-0.22314352857684186,-0.6286086366850063,0.13353137638354595,0.28768203455616903,0.0,30.008545791478994,-3.677170346959492e-08,0.08798213397009469,27.1019556690391,1.3828141267800111,-0.17098445351688718,-0.3322203648707223,-0.5260663539666836,0.04215365817766692,False,False,False,False,1.1000000085914508e-05,4.999999873689376e-06,False,False
2022-09-16,7.999999979801942e-06,2612212,0.0,-0.22314352857684186,-0.22314352857684186,-0.6286086366850063,0.13353137638354595,0.47000365198310345,0.0,30.00854579147901,-7.712573598623195e-08,0.08169769582937364,30.618616388656335,1.3828141267800111,-0.16666666271920705,-0.3288590578422855,-0.5221027510249344,-0.06854682276155588,False,True,False,False,1.1000000085914508e-05,4.999999873689376e-06,False,False
2022-09-17,7.999999979801942e-06,2187199,0.0,-0.22314352857684186,-0.22314352857684186,-0.4855078070365594,-0.11778307355199538,0.28768203455616903,-0.11778307355199538,30.00854579147901,-9.222352697094555e-08,0.07586214612727553,33.94634349138278,1.3119924533257377,-0.1578947338188542,-0.32546374096053327,-0.5183624353355173,-0.1627023380950704,False,False,False,False,1.1000000085914508e-05,4.999999873689376e-06,False,False
2022-09-18,7.999999979801942e-06,2225600,0.0,-0.22314352857684186,-0.22314352857684186,-0.31845374145370164,-0.22314352857684186,0.28768203455616903,0.0,30.00854579147901,-9.048954783395307e-08,0.07044342140389871,33.88872038620547,1.1943309950297367,-0.14438502309676404,-0.3197278885259189,-0.5148574924980907,0.017557158722182997,False,False,False,False,1.1000000085914508e-05,4.999999873689376e-06,False,False
2022-09-19,7.999999979801942e-06,2408540,0.0,-0.22314352857684186,-0.22314352857684186,-0.31845374145370164,-0.22314352857684186,0.28768203455616903,-0.22314352857684186,30.00854579147901,-7.809039533821097e-08,0.06541174844647737,35.85539769291089,1.1943309950297367,-0.13513513247773642,-0.3138936509742299,-0.5113011638160978,0.08219805895039545,False,False,False,False,1.1000000085914508e-05,4.999999873689376e-06,False,False
2022-09-20,7.999999979801942e-06,2216140,0.0,-0.11778307355199538,-0.11778307355199538,-0.31845374145370164,-0.22314352857684186,0.28768203455616903,-0.11778307355199538,30.00854579147901,-5.947851905536348e-08,0.06073948070030042,37.286819241218275,1.1943309950297367,-0.1256830584798088,-0.3031358854652716,-0.507540784932429,-0.07988241839454613,False,False,False,False,1.1000000085914508e-05,4.999999873689376e-06,False,False
2022-09-21,7.999999979801942e-06,2077491,0.0,-0.11778307355199538,-0.11778307355199538,-0.31845374145370164,-0.22314352857684186,0.47000365198310345,-0.11778307355199538,30.00854579147901,-3.781272959643729e-08,0.05640094636456468,38.21351244279847,1.1943309950297367,-0.11602209889228363,-0.29328621595835824,-0.5040297614654878,-0.06256328571299652,False,False,False,False,1.1000000085914508e-05,4.999999873689376e-06,False,False
2022-09-22,7.999999979801942e-06,2002586,0.0,0.0,-0.11778307355199538,-0.31845374145370164,-0.22314352857684186,0.28768203455616903,-0.22314352857684186,30.00854579147901,-1.528238014785322e-08,0.05237230733852434,38.64047960114117,1.1943309950297367,-0.10614525196435493,-0.2831541186506976,-0.4992175308969258,-0.036055511191143585,False,False,False,False,1.1000000085914508e-05,4.999999873689376e-06,False,False
2022-09-23,7.999999979801942e-06,2395885,0.0,0.0,-0.22314352857684186,-0.31845374145370164,-0.22314352857684186,0.28768203455616903,-0.22314352857684186,30.00854579147901,6.643612240869368e-09,0.04863142824291546,38.5507808766744,1.1943309950297367,-0.09604519948193951,-0.2740471840869432,-0.4946304518182576,0.19639556054022145,False,False,False,False,1.1000000085914508e-05,4.999999873689376e-06,False,False
2022-09-24,7.999999979801942e-06,2570789,0.0,0.0,-0.22314352857684186,-0.31845374145370164,-0.22314352857684186,0.13353137638354595,-0.22314352857684186,30.00854579147901,2.7026266444650374e-08,0.04515775479699293,37.90428045547298,1.1943309950297367,-0.08571428868406433,-0.26470587989431577,-0.4893073765901815,0.07300183439522345,False,False,False,False,1.1000000085914508e-05,4.999999873689376e-06,False,False
2022-09-25,7.999999979801942e-06,2206676,0.0,0.0,-0.22314352857684186,-0.11778307355199538,-0.31845374145370164,0.28768203455616903,-0.22314352857684186,30.00854579147901,4.531149543135989e-08,0.050860771296432385,36.631164507494354,0.9779175048275259,-0.07514451292489749,-0.25512104078048764,-0.4845360857214728,-0.14163472770421848,False,False,False,False,1.1000000085914508e-05,4.999999873689376e-06,False,False
2022-09-26,7.999999979801942e-06,2450195,0.0,0.0,-0.22314352857684186,-0.11778307355199538,-0.31845374145370164,0.28768203455616903,-0.22314352857684186,30.008545791479023,6.122028294383497e-08,0.0561564294744833,37.20930011471259,0.9779175048275259,-0.06976744431988832,-0.24670432903089068,-0.48018193950942634,0.11035557553533004,False,False,False,False,1.1000000085914508e-05,4.999999873689376e-06,False,False
2022-09-27,7.999999979801942e-06,3387083,0.0,0.0,-0.11778307355199538,-0.22314352857684186,-0.31845374145370164,0.13353137638354595,-0.22314352857684186,30.008545791479023,7.466606464173337e-08,0.052145255940591634,37.64555757464505,0.8952850934821963,-0.06432748600218512,-0.23664121938662952,-0.47575360731847516,0.382372831550142,False,False,False,False,1.1000000085914508e-05,4.999999873689376e-06,False,False
2022-09-28,7.999999979801942e-06,2514898,0.0,0.0,-0.11778307355199538,-0.31845374145370164,-0.4855078070365594,0.28768203455616903,-0.11778307355199538,30.008545791479023,8.569305285199198e-08,0.04842059480197795,37.940033529830075,0.8158095802790827,-0.05882352815294858,-0.2277992254265504,-0.4717728655624143,-0.2575032852752649,False,False,False,False,1.1000000085914508e-05,4.999999873689376e-06,False,False
2022-09-29,7.999999979801942e-06,2044623,0.0,0.0,0.0,-0.22314352857684186,-0.4855078070365594,0.28768203455616903,-0.11778307355199538,30.008545791479023,9.443062341942765e-08,0.044961980887550955,34.9927084039844,0.7568806170230302,-0.04761904761904766,-0.21722113311368255,-0.4679082175667175,-0.18699565548980512,False,False,False,False,1.1000000085914508e-05,4.999999873689376e-06,False,False
2022-09-30,7.999999979801942e-06,1977651,0.0,0.0,0.0,-0.22314352857684186,-0.7537718224387631,0.28768203455616903,-0.11778307355199538,30.008545791479023,1.0105996698231058e-07,0.041750410824154455,30.858428908679432,0.7568806170230302,-0.03614457963346596,-0.20634920491702144,-0.4641661118113182,-0.03275518274028999,False,False,False,False,1.1000000085914508e-05,4.999999873689376e-06,False,False
2022-10-01,7.999999979801942e-06,1597230,0.0,0.0,0.0,-0.22314352857684186,-0.6931471805599453,0.28768203455616903,-0.11778307355199538,30.008545791479023,1.0579005745076694e-07,0.03876823862242914,24.873266507859462,0.7568806170230302,-0.024390246607658202,-0.19517102523643393,-0.46037099814807786,-0.19236002712308697,False,False,False,False,1.1000000085914508e-05,4.999999873689376e-06,False,False
2022-10-02,7.999999979801942e-06,1622347,0.0,0.0,0.0,-0.22314352857684186,-0.6931471805599453,0.13353137638354595,-0.22314352857684186,30.008545791479023,1.0884065677576308e-07,0.03599907872082706,14.814819812590653,0.7568806170230302,-0.0123456831709862,-0.1836734690089568,-0.4565217422365408,0.015725349511341413,False,False,False,False,1.1000000085914508e-05,4.999999873689376e-06,False,False
2022-10-03,7.999999979801942e-06,1884568,0.0,0.0,0.0,-0.22314352857684186,-0.6286086366850063,0.28768203455616903,-0.22314352857684186,30.008545791479023,1.1043059625870319e-07,0.033427715955053706,10.829566273503726,0.7568806170230302,-0.006211182229454151,-0.170124480936324,-0.45280438062862083,0.16163064991644815,False,False,False,False,1.1000000085914508e-05,4.999999873689376e-06,False,False
2022-10-04,7.999999979801942e-06,2052415,0.0,0.0,0.0,-0.22314352857684186,-0.6286086366850063,0.13353137638354595,-0.11778307355199538,30.008545791479023,1.1076998152869426e-07,0.031040021958264153,0.0,0.7568806170230302,0.0,-0.15611814305511276,-0.449225476404152,0.08906391279062364,False,False,False,False,1.1000000085914508e-05,4.999999873689376e-06,False,False
2022-10-05,7.999999979801942e-06,1927918,0.0,0.0,0.0,-0.22314352857684186,-0.6286086366850063,0.13353137638354595,-0.11778307355199538,30.008545791479023,1.1005528531424088e-07,0.028822877532673853,0.0,0.7568806170230302,0.0,-0.14346895095797926,-0.44559944870061763,-0.06065878489486776,False,False,False,False,1.1000000085914508e-05,4.999999873689376e-06,False,False
2022-10-06,7.999999979801942e-06,1794464,0.0,0.0,0.0,-0.11778307355199538,-0.5596158041763993,0.13353137638354595,-0.11778307355199538,30.008545791479023,1.0846653854570432e-07,0.026764100566054293,0.0,0.6694930496709086,0.0,-0.13043478346833157,-0.4419253606368502,-0.06922182374976527,False,False,False,False,1.1000000085914508e-05,4.999999873689376e-06,False,False
2022-10-07,7.999999979801942e-06,1797796,0.0,0.0,0.0,-0.11778307355199538,-0.6286086366850063,0.13353137638354595,-0.11778307355199538,30.008545791479023,1.0616602137205803e-07,0.024852379097050414,0.0,0.6694930496709086,0.0,-0.12087912197741185,-0.43780745206059796,0.0018568218699288597,False,False,False,False,1.1000000085914508e-05,4.999999873689376e-06,False,False
2022-10-08,7.999999979801942e-06,1722481,0.0,0.0,0.0,-0.11778307355199538,-0.5596158041763993,0.28768203455616903,0.0,30.008545791479023,1.0329800337155395e-07,0.023077209161546815,0.0,0.6694930496709086,0.0,-0.11504424867794528,-0.433628321478727,-0.04189296227158146,False,False,False,False,1.1000000085914508e-05,4.999999873689376e-06,False,False
2022-10-09,7.999999979801942e-06,1826058,0.0,0.0,0.0,-0.22314352857684186,-0.6286086366850063,0.28768203455616903,-0.11778307355199538,30.008545791479023,9.99891960451346e-08,0.03035740749208956,0.0,0.5416952057393389,0.0,-0.10913140379474413,-0.42959002066891877,0.060132448485643586,False,False,False,False,1.1000000085914508e-05,4.999999873689376e-06,False,False
2022-10-10,7.000000096013537e-06,1736113,-0.13353137638354592,-0.13353137638354592,-0.13353137638354592,-0.35667490496038773,-0.7621400130685522,0.1541506581726231,-0.13353137638354592,14.175895180187126,3.2532011651501244e-08,0.042420104060958884,10.965782261650975,0.6966858774289847,-0.11949684167525076,-0.2134831338964224,-0.496583957041017,-0.04925637630349089,False,False,False,False,1.1000000085914508e-05,4.999999873689376e-06,False,False
2022-10-11,7.000000096013537e-06,2032418,0.0,-0.13353137638354592,-0.13353137638354592,-0.35667490496038773,-0.7621400130685522,0.1541506581726231,-0.13353137638354592,14.175895180187126,-7.852406287444707e-09,0.049594176934892306,15.189871676573938,0.6966858774289847,-0.11392403751730115,-0.20634919407333566,-0.4925697659452328,0.17067149430941408,False,False,False,False,1.1000000085914508e-05,4.999999873689376e-06,False,False
2022-10-12,7.000000096013537e-06,1794419,0.0,-0.13353137638354592,-0.13353137638354592,-0.35667490496038773,-0.7621400130685522,0.1541506581726231,-0.13353137638354592,14.175895180187126,-2.9133223556482477e-08,0.04605173572525714,18.19472000933884,0.6966858774289847,-0.10828024223180666,-0.19908465580965373,-0.4884910427292998,-0.11710140335305042,False,False,False,False,1.1000000085914508e-05,4.999999873689376e-06,False,False
2022-10-13,7.000000096013537e-06,1969485,0.0,-0.13353137638354592,-0.13353137638354592,-0.25131444993554125,-0.8266785569434912,0.1541506581726231,0.0,14.175895180187126,-3.725829790821273e-08,0.042762326030595925,20.512818126762596,0.6103514137947362,-0.10256409060493482,-0.191685899749058,-0.4835853869040247,0.0975613833781297,False,False,False,False,1.1000000085914508e-05,4.999999873689376e-06,False,False
2022-10-14,7.000000096013537e-06,1945189,0.0,-0.13353137638354592,-0.13353137638354592,-0.25131444993554125,-0.8266785569434912,0.0,0.0,14.175895180187126,-3.662675844739028e-08,0.0499119544781267,22.349040060925798,0.6103514137947362,-0.09677418219153339,-0.1841491715475818,-0.47839045591171664,-0.012336219874738874,False,False,False,False,1.1000000085914508e-05,4.999999873689376e-06,False,False
2022-10-15,7.000000096013537e-06,2479256,0.0,-0.13353137638354592,-0.13353137638354592,-0.13353137638354592,-0.7621400130685522,0.0,0.1541506581726231,14.175895180187126,-3.045636964343109e-08,0.05655089517940528,23.805585219027932,0.46576744536275894,-0.0909090801712551,-0.1803278557584169,-0.47249434171057075,0.27455789643062967,False,False,False,False,1.1000000085914508e-05,4.999999873689376e-06,False,False
2022-10-16,7.000000096013537e-06,1993792,0.0,-0.13353137638354592,-0.13353137638354592,-0.13353137638354592,-0.7621400130685522,0.0,0.33647227559955756,14.175895180187126,-2.1068383126618164e-08,0.05251154552373347,24.93958400506778,0.46576744536275894,-0.08496731015982645,-0.1764705746400792,-0.46686975722585033,-0.19581035601002883,False,False,False,False,1.1000000085914508e-05,4.999999873689376e-06,False,False
2022-10-17,7.000000096013537e-06,2159476,0.0,0.0,-0.13353137638354592,-0.13353137638354592,-0.6190391834201052,-0.25131444993554125,0.1541506581726231,14.175895180187126,-1.010778335789787e-08,0.04876072084346679,25.784099474863243,0.46576744536275894,-0.07894735897339306,-0.17061610072094344,-0.46112393458089124,0.08309994222065287,False,False,False,False,1.1000000085914508e-05,4.999999873689376e-06,False,False
2022-10-18,7.000000096013537e-06,1797179,0.0,0.0,-0.13353137638354592,-0.13353137638354592,-0.45198511783724765,-0.35667490496038773,0.1541506581726231,14.175895180187126,1.286964861996769e-09,0.04527781221179059,26.357279931890144,0.46576744536275894,-0.07284767334376417,-0.16267941269388214,-0.4544037345460143,-0.1677707925441172,False,False,False,False,1.1000000085914508e-05,4.999999873689376e-06,False,False
2022-10-19,7.000000096013537e-06,1756614,0.0,0.0,-0.13353137638354592,-0.13353137638354592,-0.45198511783724765,-0.35667490496038773,0.1541506581726231,14.175895180187126,1.2353564136369485e-08,0.04204368276809126,26.66666343771853,0.46576744536275894,-0.06666665858226936,-0.15662649348207333,-0.44729569028160987,-0.022571485645002554,False,False,False,False,1.1000000085914508e-05,4.999999873689376e-06,False,False
2022-10-20,7.000000096013537e-06,1501917,0.0,0.0,-0.13353137638354592,-0.13353137638354592,-0.45198511783724765,-0.35667490496038773,0.1541506581726231,14.175895180187126,2.2606200316804876e-08,0.03904056257037047,26.711068881075878,0.46576744536275894,-0.060402677189809205,-0.1504854249715707,-0.4404476356972816,-0.1449931515973344,False,False,False,False,1.1000000085914508e-05,4.999999873689376e-06,False,False
2022-10-21,7.000000096013537e-06,1331238,0.0,0.0,-0.13353137638354592,-0.13353137638354592,-0.45198511783724765,-0.35667490496038773,0.33647227559955756,14.175895180187126,3.1759675965502946e-08,0.03625195095820115,26.480966942593426,0.46576744536275894,-0.05405404741055733,-0.1442542674469813,-0.4336569513354399,-0.11364076709964666,False,False,False,False,1.1000000085914508e-05,4.999999873689376e-06,False,False
2022-10-22,7.000000096013537e-06,1357548,0.0,0.0,-0.13353137638354592,-0.13353137638354592,-0.45198511783724765,-0.35667490496038773,0.1541506581726231,14.175895180187126,3.967199204243414e-08,0.0336625258897582,25.957526083401167,0.46576744536275894,-0.04761904172662981,-0.13793102386143014,-0.42740285621547014,0.01976355843207611,False,False,False,False,1.1000000085914508e-05,4.999999873689376e-06,False,False
2022-10-23,7.000000096013537e-06,1503538,0.0,0.0,-0.13353137638354592,-0.13353137638354592,-0.45198511783724765,-0.35667490496038773,0.1541506581726231,14.175895180187126,4.6301176167118186e-08,0.031258059754775476,25.11000068496107,0.46576744536275894,-0.04109588529089122,-0.13151363770263294,-0.4207695419907567,0.10753947558392052,False,False,False,False,1.1000000085914508e-05,4.999999873689376e-06,False,False
2022-10-24,7.000000096013537e-06,1609515,0.0,0.0,0.0,-0.13353137638354592,-0.45198511783724765,-0.35667490496038773,0.0,14.175895180187126,5.167307551025775e-08,0.029025341200862944,23.89035297523281,0.46576744536275894,-0.03448275429491228,-0.12499999076294453,-0.4147157120058842,0.07048508251869934,False,False,False,False,1.1000000085914508e-05,4.999999873689376e-06,False,False
2022-10-25,7.000000096013537e-06,1715428,0.0,0.0,0.0,-0.13353137638354592,-0.25131444993554125,-0.45198511783724765,0.1541506581726231,14.175895180187126,5.585755587829317e-08,0.026952102543658447,22.222219421411005,0.46576744536275894,-0.027777774268924773,-0.11838790080829972,-0.4077834105959437,0.06580429508268026,False,False,False,False,1.1000000085914508e-05,4.999999873689376e-06,False,False
2022-10-26,7.000000096013537e-06,1647671,0.0,0.0,0.0,-0.13353137638354592,-0.25131444993554125,-0.45198511783724765,0.1541506581726231,14.175895180187126,5.8951116992773655e-08,0.025026952361968554,19.976021042427966,0.46576744536275894,-0.020979018310446358,-0.11392404159771335,-0.40094137029119103,-0.039498597434576066,False,False,False,False,1.1000000085914508e-05,4.999999873689376e-06,False,False
2022-10-27,7.999999979801942e-06,2130924,0.13353137638354595,0.13353137638354595,0.13353137638354595,0.0,-0.22314352857684186,-0.31845374145370164,0.13353137638354595,69.98866653339637,1.248820363493576e-07,0.029262969537860326,19.976021042427966,0.6699551912341307,0.11888110375919633,0.015228421123030507,-0.30705933519403583,0.29329459582647255,False,False,False,False,1.1000000085914508e-05,4.999999873689376e-06,False,False
2022-10-28,9.000000318337698e-06,3204918,0.11778307355199531,0.2513144499355413,0.2513144499355413,0.11778307355199531,-0.20067066790170623,-0.36772473348456397,0.4054651081081644,82.34980873046493,2.264573843508473e-07,0.040026578318971065,28.32788698291036,0.7858920595826395,0.2500000276322171,0.1421320170452002,-0.21259839794227128,0.5040038969010627,False,False,False,False,1.1000000085914508e-05,4.999999873689376e-06,False,False
2022-10-29,1.2000000424450263e-05,9384533,0.28768207245178085,0.5389965223873223,0.5389965223873223,0.40546514600377637,0.18232161742693434,-0.08004266103278307,0.6931471805599453,92.4270753790963,4.721683927081562e-07,0.045732795614997705,62.57209456809267,1.2633764500356814,0.6216216531782306,0.5151515621295469,0.05960268559755297,1.928166336861037,True,False,False,False,1.1000000085914508e-05,4.999999873689376e-06,True,False
2022-10-30,9.999999747378752e-06,4004789,-0.1823216174269344,0.3566749049603878,0.3566749049603878,0.22314352857684194,0.0,-0.5306282938619212,0.5108255631330109,65.55537290055923,4.7517572718231744e-07,0.06524512340078771,68.00263748144904,1.43616969415438,0.32450326020116643,0.2626262252178297,-0.10913142657711244,-0.5732564422758171,True,False,False,False,1.1000000085914508e-05,4.999999873689376e-06,False,False
2022-10-31,1.1000000085914508e-05,3120966,0.09531021287685981,0.4519851178372475,0.4519851178372475,0.31845374145370164,0.09531021287685981,-0.3746934391062437,0.6061357760098707,70.21775711902777,5.162734860417777e-07,0.061570559040980126,76.33651379260836,1.4680805132067707,0.41935483151700353,0.385390431818197,-0.011235948626221029,-0.22069152706921635,False,False,False,False,1.1000000085914508e-05,4.999999873689376e-06,False,False
2022-11-01,1.2000000424450263e-05,4979867,0.08701140455007468,0.5389965223873223,0.5389965223873223,0.40546514600377637,0.18232161742693434,-0.2876820345561689,0.5389965223873223,74.00681130147082,5.779144808354788e-07,0.06431303212521938,86.60254218476454,1.4913496799059949,0.5000000312638798,0.5037594413427694,0.08843541096324209,0.5956171903186385,False,False,False,False,1.1000000085914508e-05,4.999999873689376e-06,True,False
2022-11-02,1.1000000085914508e-05,3365109,-0.08701140455007465,0.4519851178372475,0.4519851178372475,0.31845374145370164,0.09531021287685981,-0.3101548952313047,0.6061357760098707,65.08886602114944,5.202477002737917e-07,0.07164177674525268,89.41611253907219,1.5316136420327422,0.34146340618033644,0.3715710744402118,0.005944222400044198,-0.3242572542600033,False,False,False,False,1.1000000085914508e-05,4.999999873689376e-06,False,False
2022-11-03,1.1000000085914508e-05,2250537,0.0,0.31845374145370164,0.4519851178372475,0.31845374145370164,0.09531021287685981,-0.3101548952313047,0.4519851178372475,65.08886602114944,4.534560410999418e-07,0.07301801561880829,90.85135365203297,1.5316136420327422,0.30952380179001104,0.3647642709300884,0.015228432787343309,-0.3312142340708726,False,False,False,False,1.1000000085914508e-05,4.999999873689376e-06,False,False
2022-11-04,1.2000000424450263e-05,2988656,0.08701140455007468,0.28768207245178085,0.5389965223873223,0.40546514600377637,0.18232161742693434,-0.22314349068123,0.5389965223873223,69.36957324203917,4.472305813119744e-07,0.06810462052904757,93.94797716388754,1.5539317304692182,0.38728326495155585,0.47420151647827113,0.11783888246655858,0.32797461228142444,False,False,True,False,1.2999999853491317e-05,4.999999873689376e-06,False,False
2022-11-05,1.1000000085914508e-05,2429794,-0.08701140455007465,-0.08701140455007465,0.4519851178372475,0.31845374145370164,0.2006706679017062,-0.2411620627226978,0.4519851178372475,61.27787054448519,3.506384910212755e-07,0.07548260666277777,92.93055619792379,1.592614298461541,0.24293784439821223,0.341463415851495,0.03383459229061551,-0.1869944215727738,False,False,False,False,1.2999999853491317e-05,4.999999873689376e-06,False,False
2022-11-06,1.1000000085914508e-05,2231851,0.0,0.09531021287685981,0.4519851178372475,0.31845374145370164,0.2006706679017062,-0.3101548952313047,0.4519851178372475,61.27787054448519,2.654883737822328e-07,0.07009099190115078,91.09155436953668,1.592614298461541,0.21546960520883185,0.33171912926241925,0.04314841700858436,-0.08146493077190908,False,False,False,False,1.2999999853491317e-05,4.999999873689376e-06,False,False
2022-11-07,9.999999747378752e-06,2426000,-0.09531021287685976,-0.09531021287685976,0.3566749049603878,0.22314352857684194,0.10536045502484646,-0.33647227559955756,0.5108255631330109,53.97589885193619,1.2755078630483185e-07,0.07873580383677761,87.60626947440588,1.6347508773511756,0.08695648090642934,0.2048192388222584,-0.042604143729163504,0.08699012613297219,False,False,False,False,1.2999999853491317e-05,4.999999873689376e-06,False,False
2022-11-08,9.000000318337698e-06,3304394,-0.10536045502484652,-0.2876820724517809,0.2513144499355413,0.11778307355199531,-0.10536045502484652,-0.510825563133011,0.4054651081081644,47.83707232481636,-3.653270458914025e-08,0.1050448720489117,83.95364117952079,1.6814272742634777,-0.03225804322202863,0.08173079958124453,-0.13001447133105756,0.3620750206100578,False,False,False,False,1.2999999853491317e-05,4.999999873689376e-06,False,False
2022-11-09,7.000000096013537e-06,2287178,-0.25131444993554125,-0.45198511783724765,0.0,0.0,-0.35667490496038773,-0.7621400130685522,0.1541506581726231,38.4244938762847,-2.7213686250609647e-07,0.1458188825587273,83.95364117952079,1.844865731112591,-0.24731182769409915,-0.15662650087526592,-0.3164062423889008,-0.30783738258815385,False,True,False,False,1.2999999853491317e-05,4.999999873689376e-06,False,False
2022-11-10,7.999999979801942e-06,2657997,0.13353137638354595,-0.31845374145370164,0.0,0.13353137638354595,-0.22314352857684186,-0.6286086366850063,0.28768203455616903,44.32339787315937,-3.4814477646994384e-07,0.13633498889042675,81.48020235171636,1.9027529737181734,-0.14438503974226727,-0.036144588082828784,-0.2106561458449584,0.16212948882859135,False,False,False,False,1.2999999853491317e-05,4.999999873689376e-06,False,False
2022-11-11,7.999999979801942e-06,2677808,0.0,-0.4054651460037763,-0.11778307355199538,0.13353137638354595,-0.22314352857684186,-0.6286086366850063,0.28768203455616903,44.323397873159365,-3.8316056020320603e-07,0.12659677539825342,78.9244145045372,1.9027529737181734,-0.14893618256443678,-0.036144588082828784,-0.20279023783817277,0.007453356794608901,False,False,False,False,1.2999999853491317e-05,4.999999873689376e-06,False,False
2022-11-12,7.999999979801942e-06,2644502,0.0,-0.31845374145370164,-0.4054651460037763,0.13353137638354595,-0.11778307355199538,-0.6931471805599453,0.28768203455616903,44.32339787315937,-3.897743851912177e-07,0.11755414858409248,76.27861074230124,1.9027529737181734,-0.1534391651512432,-0.036144588082828784,-0.1947659824101295,-0.012437784934543505,False,False,False,False,1.2999999853491317e-05,4.999999873689376e-06,False,False
2022-11-13,7.000000096013537e-06,2749411,-0.13353137638354592,-0.45198511783724765,-0.35667490496038773,0.0,-0.25131444993554125,-0.8266785569434912,0.0,39.58678763484744,-4.411689867745934e-07,0.13495541963532257,76.27861074230124,1.9627454048080617,-0.25925925747698475,-0.1545893670722619,-0.28861787791291416,0.03967060716913817,False,False,False,False,1.2999999853491317e-05,4.999999873689376e-06,False,False
2022-11-14,7.000000096013537e-06,3483093,0.0,-0.35667490496038773,-0.45198511783724765,0.0,-0.13353137638354592,-0.7621400130685522,0.0,39.58678763484745,-4.531139518780993e-07,0.13551982711108715,76.27861074230124,1.9627454048080617,-0.25925925747698475,-0.15254236821574924,-0.2820512739908031,0.2668506090940932,False,False,False,False,1.2999999853491317e-05,4.999999873689376e-06,False,False
2022-11-15,7.999999979801942e-06,3889398,0.13353137638354595,-0.11778307355199538,-0.4054651460037763,0.13353137638354595,0.0,-0.6286086366850063,0.13353137638354595,46.24861847523969,-3.748560795404696e-07,0.11903843172956036,73.53368328692926,2.017252794583495,-0.15789474792735908,-0.03147700797633004,-0.17269907307970617,0.11665063206753312,False,False,False,False,1.2999999853491317e-05,4.999999873689376e-06,False,False
2022-11-16,7.999999979801942e-06,3713612,0.0,0.13353137638354595,-0.31845374145370164,0.13353137638354595,0.0,-0.4855078070365594,-0.11778307355199538,46.24861847523969,-3.0712650676748655e-07,0.11946425701953071,73.53368328692926,2.017252794583495,-0.15789474792735908,-0.03147700797633004,-0.16579770940492566,-0.04519619745780712,False,False,False,False,1.2999999853491317e-05,4.999999873689376e-06,False,False
2022-11-17,7.000000096013537e-06,2417394,-0.13353137638354592,-0.13353137638354592,-0.45198511783724765,0.0,-0.13353137638354592,-0.45198511783724765,-0.35667490496038773,41.00460637074775,-3.1266401728422234e-07,0.13698247345225403,77.76879774636866,2.073935746920992,-0.25531914584825255,-0.15048543247282312,-0.26470587357213626,-0.3490450806384727,False,False,False,False,1.2999999853491317e-05,4.999999873689376e-06,False,False
2022-11-18,7.000000096013537e-06,2650534,0.0,-0.13353137638354592,-0.5389965223873222,0.0,-0.13353137638354592,-0.45198511783724765,-0.35667490496038773,41.00460637074775,-2.993033497939565e-07,0.13740209136966638,78.53658835353203,2.073935746920992,-0.23497267325034632,-0.1484184873114747,-0.259259250526114,0.09644269821137974,False,False,False,False,1.2999999853491317e-05,4.999999873689376e-06,False,False
2022-11-19,9.000000318337698e-06,3634310,0.2513144499355413,0.11778307355199531,-0.20067066790170623,0.2513144499355413,0.11778307355199531,-0.20067066790170623,-0.10536045502484652,53.28966793460128,-1.4648054401418763e-07,0.11510785869413812,78.50800652507763,2.2515868642888233,-0.01098898710118406,0.09223303783843394,-0.042043608626592274,0.3711614338846436,False,False,False,False,1.2999999853491317e-05,4.999999873689376e-06,False,False
2022-11-20,7.999999979801942e-06,5066088,-0.11778307355199538,0.13353137638354595,-0.31845374145370164,0.13353137638354595,0.0,-0.31845374145370164,-0.22314352857684186,47.91684825784864,-1.0537596424782922e-07,0.1381037477696801,78.0205171081289,2.2941811292412067,-0.10614526331849108,-0.029126225379915233,-0.14438503079530934,0.3939614397230835,False,False,False,False,1.2999999853491317e-05,4.999999873689376e-06,False,False
2022-11-21,7.999999979801942e-06,3435808,0.0,0.13353137638354595,-0.22314352857684186,0.13353137638354595,0.0,-0.31845374145370164,-0.22314352857684186,47.91684825784864,-7.239111563831624e-08,0.13716776883131468,73.53466604646724,2.2941811292412067,-0.08571429581153286,-0.029126225379915233,-0.14070891923728607,-0.32180254271145703,False,False,False,False,1.2999999853491317e-05,4.999999873689376e-06,False,False
2022-11-22,9.000000318337698e-06,3384588,0.11778307355199531,0.11778307355199531,0.0,0.2513144499355413,0.11778307355199531,-0.20067066790170623,-0.10536045502484652,53.369398041518785,1.775800193641215e-08,0.12115434699225196,70.54865472153463,2.3278437638570035,0.04046245418358048,0.08958840491779232,-0.030172382030956044,-0.014907701478080293,False,False,False,False,1.2999999853491317e-05,4.999999873689376e-06,False,False
2022-11-23,9.000000318337698e-06,2902912,0.0,0.11778307355199531,0.2513144499355413,0.2513144499355413,0.11778307355199531,-0.20067066790170623,-0.10536045502484652,53.369398041518785,7.515265063428017e-08,0.1204369681886008,66.94310342034088,2.3278437638570035,0.05263160414112714,0.08695654800578022,-0.026500779565462065,-0.14231451509016757,False,False,False,False,1.2999999853491317e-05,4.999999873689376e-06,False,False
2022-11-24,9.000000318337698e-06,4042116,0.0,0.2513144499355413,0.11778307355199531,0.2513144499355413,0.11778307355199531,0.0,-0.20067066790170623,53.369398041518785,1.088374223821299e-07,0.11183432760370075,57.14285727353791,2.3278437638570035,0.07142859753014098,0.0843373747456788,-0.02333149327948562,0.39243490674191994,False,False,False,False,1.2999999853491317e-05,4.999999873689376e-06,False,False
2022-11-25,9.000000318337698e-06,2308852,0.0,0.2513144499355413,0.11778307355199531,0.2513144499355413,0.11778307355199531,0.0,-0.20067066790170623,53.369398041518785,1.2564742869672756e-07,0.10384616134629356,50.77423559464086,2.3278437638570035,0.08433737415158288,0.08173079366881426,-0.019073537961368316,-0.42880115266360486,False,False,False,False,1.2999999853491317e-05,4.999999873689376e-06,False,False
2022-11-26,9.000000318337698e-06,1969758,0.0,0.0,0.11778307355199531,0.11778307355199531,0.11778307355199531,-0.10536045502484652,-0.20067066790170623,53.369398041518785,1.3071307474220708e-07,0.09642857839298688,42.525844936714684,2.2836624338242686,0.09756099894227159,0.07913671418391106,-0.01585562759127349,-0.1468669278065463,False,False,False,False,1.2999999853491317e-05,4.999999873689376e-06,False,False
2022-11-27,9.999999747378752e-06,3017002,0.10536045502484646,0.22314352857684194,0.3566749049603878,0.10536045502484646,0.22314352857684194,-0.09531021287685976,-0.2623642784597175,59.50953635320791,1.916717396033057e-07,0.087729598645376,42.525844936714684,2.276266193568696,0.2195121471043108,0.19331737684592087,0.09649119630460701,0.5316612497575843,False,False,False,False,1.2999999853491317e-05,4.999999873689376e-06,False,False
2022-11-28,9.000000318337698e-06,2647964,-0.10536045502484652,0.11778307355199531,0.2513144499355413,-0.2876820724517809,0.11778307355199531,-0.10536045502484652,-0.36772473348456397,52.11882215805636,1.5639539846232724e-07,0.09845116290523184,42.525844936714684,2.061405831657765,0.09756099894227159,0.07142859462996648,-0.010445268361919445,-0.122319441617871,False,False,False,False,1.2999999853491317e-05,4.999999873689376e-06,False,False
2022-11-29,9.999999747378752e-06,2949447,0.10536045502484646,0.10536045502484646,0.22314352857684194,0.0,0.22314352857684194,0.0,-0.5306282938619212,57.767322287547366,1.899288620472904e-07,0.08941990151881167,43.57701879225689,2.001362679997292,0.19760474606788422,0.182033051942234,0.1013215539673394,0.1138546445495483,False,False,False,False,1.2999999853491317e-05,4.999999873689376e-06,False,False
2022-11-30,1.1000000085914508e-05,2987147,0.09531021287685981,0.2006706679017062,0.31845374145370164,0.0,0.31845374145370164,0.09531021287685981,-0.3746934391062437,62.52791721063923,2.6440027034105187e-07,0.0819778385955604,50.46496560195979,2.001362679997292,0.2941176413941508,0.28805619985373493,0.21145374942991907,0.012782057111044853,False,False,False,False,1.2999999853491317e-05,4.999999873689376e-06,False,False
2022-12-01,9.999999747378752e-06,3529337,-0.09531021287685976,0.10536045502484646,0.3566749049603878,-0.1823216174269344,0.22314352857684194,0.0,-0.47000365198310334,55.759096341406384,2.3238888245434376e-07,0.0908773690761912,51.79315523102781,2.0026358019767008,0.1627906558642246,0.16279065463451306,0.10192834290557262,0.18150763922900337,False,False,False,False,1.2999999853491317e-05,4.999999873689376e-06,False,False
2022-12-02,1.1000000085914508e-05,3082393,0.09531021287685981,0.2006706679017062,0.4519851178372475,0.0,0.31845374145370164,0.09531021287685981,-0.3101548952313047,60.378202235564345,2.624199402595176e-07,0.08320816831109976,55.75456242399062,2.010855477618633,0.25714285298516715,0.26728110116218934,0.21012101719198795,-0.1266368159232173,False,False,False,False,1.2999999853491317e-05,4.999999873689376e-06,False,False
2022-12-03,9.999999747378752e-06,2838003,-0.09531021287685976,0.10536045502484646,0.10536045502484646,-0.09531021287685976,0.22314352857684194,0.0,-0.40546510810816444,54.27549664609119,2.0153024441793756e-07,0.09213406304148275,52.98798018893051,2.038151662199247,0.12359546715304612,0.14416471852955665,0.09829760717373785,-0.07928580164826482,False,False,False,False,1.2999999853491317e-05,4.999999873689376e-06,False,False
2022-12-04,9.999999747378752e-06,2808877,0.0,0.0,0.22314352857684194,-0.1823216174269344,0.22314352857684194,0.0,-0.40546510810816444,54.27549664609119,1.502034773195641e-07,0.09269591827993319,49.36642342502999,2.0121225932685562,0.10497234015588007,0.13636359643230947,0.097092673025694,-0.010262850321158923,False,False,False,False,1.2999999853491317e-05,4.999999873689376e-06,False,False
2022-12-05,9.999999747378752e-06,2882371,0.0,0.10536045502484646,0.22314352857684194,-0.09531021287685976,0.22314352857684194,0.10536045502484646,-0.33647227559955756,54.275496646091206,1.0721885852962642e-07,0.09321764100135145,48.43391955535195,1.9908496284054722,0.09289614118745196,0.12866813286039328,0.0958903798288923,0.02616490504924207,False,False,False,False,1.2999999853491317e-05,4.999999873689376e-06,False,False
2022-12-06,9.999999747378752e-06,5801033,0.0,0.0,0.10536045502484646,-0.09531021287685976,0.22314352857684194,0.10536045502484646,-0.40546510810816444,54.275496646091206,7.147188796409248e-08,0.08655923807268351,47.123227726998564,1.9908496284054722,0.08108104919229697,0.12107619569136464,0.09529022114815874,1.0125906762176,False,False,False,False,1.2999999853491317e-05,4.999999873689376e-06,False,False
2022-12-07,9.000000318337698e-06,3225865,-0.10536045502484652,-0.20067066790170623,0.0,-0.10536045502484652,0.11778307355199531,0.0,-0.441832730624404,47.77981089679034,-2.1845275915160455e-08,0.09724364810185958,41.200766158907506,1.9970027140799118,-0.0374331262106691,0.0044643125635566334,-0.01477829324384078,-0.4439154198915952,False,False,False,False,1.2999999853491317e-05,4.999999873689376e-06,False,False
2022-12-08,9.999999747378752e-06,1828389,0.10536045502484646,0.0,0.10536045502484646,0.10536045502484646,0.22314352857684194,0.0,-0.40546510810816444,53.741841772803475,-1.8669437150166623e-08,0.088410764086235,33.94634316639363,1.9970027140799116,0.052631548714857666,0.10864741344508377,0.09469071891025908,-0.43320969724399505,False,False,False,False,1.2999999853491317e-05,4.999999873689376e-06,False,False
2022-12-09,9.000000318337698e-06,1925770,-0.10536045502484652,-0.20067066790170623,0.0,0.2513144499355413,0.2513144499355413,-0.10536045502484652,-0.510825563133011,47.85758949463538,-8.277283976084149e-08,0.09915395260318843,33.94634316639363,1.8196057267934158,-0.052631548714857666,-0.006622489631642503,-0.01477829324384078,0.053260547946853753,False,False,False,False,1.2999999853491317e-05,4.999999873689376e-06,False,False
2022-12-10,9.000000318337698e-06,1918120,0.0,-0.10536045502484652,0.0,0.11778307355199531,0.2513144499355413,-0.10536045502484652,-0.510825563133011,47.85758949463538,-1.2167887773414565e-07,0.0920715274172464,30.991927814344926,1.7627315518001136,-0.05759159461571898,-0.010988984630029439,-0.01477829324384078,-0.003972436999226336,False,False,False,False,1.2999999853491317e-05,4.999999873689376e-06,False,False
2022-12-11,9.000000318337698e-06,3416675,0.0,-0.10536045502484652,-0.10536045502484652,0.11778307355199531,0.2513144499355413,-0.10536045502484652,-0.510825563133011,47.85758949463538,-1.4247484613161556e-07,0.09343149286895278,27.638531948074345,1.7627315518001136,-0.06249997335464753,-0.015317260849915129,-0.014238741688004828,0.7812623819156257,False,False,False,False,1.2999999853491317e-05,4.999999873689376e-06,False,False
2022-12-12,9.000000318337698e-06,2403922,0.0,-0.10536045502484652,0.0,0.11778307355199531,0.2513144499355413,0.0,-0.57536410700795,47.85758949463538,-1.5050488574816783e-07,0.08675781480688471,27.638531948074345,1.7627315518001136,-0.06249997335464753,-0.019607817883226502,-0.01369859884313237,-0.2964147892322214,False,False,False,False,1.2999999853491317e-05,4.999999873689376e-06,False,False
2022-12-13,9.999999747378752e-06,1748869,0.10536045502484646,0.0,0.0,0.3566749049603878,0.3566749049603878,0.10536045502484646,-0.47000365198310334,54.55092400190094,-8.59518821172427e-08,0.07964760287266945,27.10195454872823,1.7248093825711837,0.03626939977520401,0.08225104539303477,0.09589037928275167,-0.2724934502866565,False,False,False,False,1.2999999853491317e-05,4.999999873689376e-06,False,False
2022-12-14,9.000000318337698e-06,1765079,-0.10536045502484652,0.0,-0.20067066790170623,0.2513144499355413,0.2513144499355413,0.11778307355199531,-0.510825563133011,47.92564629364938,-1.0672856130030473e-07,0.09011259634374581,27.10195454872823,1.772444530929531,-0.06735748365342324,-0.030172388446751634,-0.013157863736709107,0.009268847466562757,False,False,False,False,1.2999999853491317e-05,4.999999873689376e-06,False,False
2022-12-15,9.999999747378752e-06,4819408,0.10536045502484646,0.0,0.0,0.22314352857684194,0.3566749049603878,0.22314352857684194,-0.40546510810816444,53.94884494491949,-5.202057396493202e-08,0.08959410163988125,26.40462854586695,1.7499898464910466,0.030927807986128503,0.0706637754901481,0.09649119603123708,1.7304205647452608,False,False,False,False,1.2999999853491317e-05,4.999999873689376e-06,False,False
2022-12-16,9.000000318337698e-06,2938198,-0.10536045502484652,0.0,-0.20067066790170623,0.11778307355199531,0.2513144499355413,0.11778307355199531,-0.36772473348456397,47.973176934967235,-8.038483248364092e-08,0.10831136669693046,26.40462854586695,1.7936699000815133,-0.07216491655508017,-0.038461513235169345,-0.012616535394086676,-0.3903404733527437,False,False,False,False,1.2999999853491317e-05,4.999999873689376e-06,False,False
2022-12-17,9.000000318337698e-06,1971168,0.0,0.0,-0.10536045502484652,0.2513144499355413,0.2513144499355413,0.11778307355199531,-0.20067066790170623,47.97317693496723,-9.532942335177021e-08,0.10057484050429258,27.10195454872823,1.7239936860280596,-0.06735748365342324,-0.038461513235169345,-0.012616535394086676,-0.3291234967827219,False,False,False,False,1.2999999853491317e-05,4.999999873689376e-06,False,False
2022-12-18,9.000000318337698e-06,1535556,0.0,0.0,-0.10536045502484652,0.2513144499355413,0.2513144499355413,0.11778307355199531,-0.20067066790170623,47.973176934967235,-1.0086213133163123e-07,0.09339092332541454,27.10195454872823,1.7239936860280596,-0.06735748365342324,-0.03225803896320844,-0.012616535394086676,-0.22099181804899426,False,False,False,False,1.2999999853491317e-05,4.999999873689376e-06,False,False
2022-12-19,9.000000318337698e-06,1886161,0.0,0.0,-0.10536045502484652,0.0,0.2513144499355413,0.11778307355199531,-0.20067066790170623,47.973176934967235,-9.997573456131037e-08,0.08672014308788492,27.638531948074345,1.484493282027026,-0.06249997335464753,-0.03017238939723983,-0.012616535394086676,0.22832446358192082,False,False,False,False,1.2999999853491317e-05,4.999999873689376e-06,False,False
2022-12-20,9.000000318337698e-06,1834355,0.0,-0.10536045502484652,-0.10536045502484652,0.11778307355199531,0.2513144499355413,0.11778307355199531,-0.20067066790170623,47.973176934967235,-9.488456875362476e-08,0.080525847153036,24.909800043079123,1.422425215590222,-0.05263155324973447,-0.02597400200564257,-0.012616535394086676,-0.02746637217077441,False,False,False,False,1.2999999853491317e-05,4.999999873689376e-06,False,False
2022-12-21,9.000000318337698e-06,1988733,0.0,0.0,0.0,0.11778307355199531,0.2513144499355413,0.11778307355199531,-0.20067066790170623,47.973176934967235,-8.720856137225775e-08,0.07477400092781915,24.95200349340102,1.422425215590222,-0.04761902470408941,-0.01960781885453529,-0.01207461283847753,0.08415928214549528,False,False,False,False,1.2999999853491317e-05,4.999999873689376e-06,False,False
2022-12-22,9.000000318337698e-06,1992836,0.0,-0.10536045502484652,-0.10536045502484652,0.0,0.2513144499355413,0.11778307355199531,-0.20067066790170623,47.973176934967235,-7.811604840829884e-08,0.06943300086154636,20.405104702767705,1.3618028942888198,-0.037433133232990905,-0.015317262809573308,-0.011532095090947974,0.0020631226011738057,False,False,False,False,1.2999999853491317e-05,4.999999873689376e-06,False,False
2022-12-23,9.000000318337698e-06,1709386,0.0,0.0,0.0,0.0,0.2513144499355413,0.11778307355199531,-0.20067066790170623,47.973176934967235,-6.843429946610521e-08,0.06447350080000733,19.70999142800826,1.3618028942888198,-0.03225804558803987,-0.01098898759541487,-0.011532095090947974,-0.14223448392140647,False,False,False,False,1.2999999853491317e-05,4.999999873689376e-06,False,False
2022-12-24,9.000000318337698e-06,2421358,0.0,0.0,0.0,0.0,0.2513144499355413,0.11778307355199531,0.0,47.97317693496724,-5.873478649471463e-08,0.059868250742863956,18.724862553214926,1.3618028942888198,-0.027027011082635187,-0.0044247550559009035,-0.011532095090947974,0.4165074477034445,False,False,False,False,1.2999999853491317e-05,4.999999873689376e-06,False,False
2022-12-25,9.000000318337698e-06,4843571,0.0,0.0,0.0,0.0,0.2513144499355413,0.11778307355199531,0.0,47.973176934967235,-4.939873541236706e-08,0.05559194711837367,17.391294037067397,1.3618028942888198,-0.02173911754024546,2.324264214192488e-08,-0.011532095090947974,1.0003531076362933,False,False,False,False,1.2999999853491317e-05,4.999999873689376e-06,False,False
2022-12-26,9.000000318337698e-06,4490837,0.0,0.0,0.0,0.0,0.11778307355199531,0.11778307355199531,-0.10536045502484652,47.97317693496724,-4.066731671513373e-08,0.05162109375277555,15.609670321261577,1.3618028942888198,-0.016393432846066376,0.004464308485186183,-0.011532095090947974,-0.07282519446912206,False,False,False,False,1.2999999853491317e-05,4.999999873689376e-06,False,False
2022-12-27,9.000000318337698e-06,4419711,0.0,0.0,-0.10536045502484652,-0.10536045502484652,0.0,0.11778307355199531,-0.20067066790170623,47.97317693496724,-3.2679896238362144e-08,0.04793387277043444,15.609670321261577,1.307720380573098,-0.016393432846066376,0.006711430903324719,-0.0120746133316241,-0.015838027521372977,False,False,False,False,1.2999999853491317e-05,4.999999873689376e-06,False,False
2022-12-28,7.999999979801942e-06,2669585,-0.11778307355199538,-0.11778307355199538,-0.11778307355199538,-0.11778307355199538,-0.4054651460037763,0.0,-0.22314352857684186,37.78788482263546,-8.932071454074876e-08,0.05900235417615992,16.97490308011661,1.3205525061286703,-0.11602212554332886,-0.10313902762690548,-0.12136189559959415,-0.3959819997280365,False,False,False,False,1.2999999853491317e-05,4.999999873689376e-06,False,False
2022-12-29,7.999999979801942e-06,1938979,0.0,-0.11778307355199538,-0.22314352857684186,-0.22314352857684186,-0.22314352857684186,0.0,-0.22314352857684186,37.78788482263546,-1.1947879016455125e-07,0.054787900306434205,19.876156992438197,1.2605838622662289,-0.11111113581343575,-0.10514542775329842,-0.12136189559959415,-0.2736777439189987,False,True,False,False,1.2999999853491317e-05,4.999999873689376e-06,False,False
2022-12-30,7.999999979801942e-06,1920903,0.0,-0.11778307355199538,-0.11778307355199538,-0.31845374145370164,-0.31845374145370164,0.0,-0.22314352857684186,37.78788482263546,-1.3118474324448636e-07,0.05087447885597462,22.23435456572768,1.205438321304641,-0.10614527467262695,-0.10514542775329842,-0.12136189559959415,-0.009322432063472608,False,False,False,False,1.2999999853491317e-05,4.999999873689376e-06,False,False
2022-12-31,7.999999979801942e-06,1920492,0.0,-0.11778307355199538,-0.11778307355199538,-0.22314352857684186,-0.4054651460037763,0.0,-0.22314352857684186,37.78788482263546,-1.3041262142152237e-07,0.04724058750911929,24.202987218686282,1.1663638127187335,-0.10112361732154893,-0.10514542775329842,-0.12136189559959415,-0.00021396187105748865,False,False,False,False,1.2999999853491317e-05,4.999999873689376e-06,False,False
2023-01-01,7.999999979801942e-06,1859785,0.0,-0.11778307355199538,-0.11778307355199538,-0.31845374145370164,-0.31845374145370164,0.0,-0.22314352857684186,37.78788482263546,-1.215627231477521e-07,0.04386625982989648,25.865589005309943,1.1065326096792125,-0.0960452180614216,-0.10514542775329842,-0.12184413379829966,-0.031610129071092175,False,False,False,False,1.2999999853491317e-05,4.999999873689376e-06,False,False
2023-01-02,7.999999979801942e-06,1729449,0.0,-0.11778307355199538,-0.11778307355199538,-0.22314352857684186,-0.31845374145370164,0.0,-0.22314352857684186,37.78788482263546,-1.0783669134276425e-07,0.040732955556332454,24.51155788770339,1.0638314779294316,-0.08571430769064695,-0.10714287073742466,-0.12232584293705978,-0.07008121906564468,False,False,False,False,1.2999999853491317e-05,4.999999873689376e-06,False,False
2023-01-03,7.999999979801942e-06,1815748,0.0,-0.11778307355199538,-0.11778307355199538,-0.22314352857684186,-0.4054651460037763,0.0,-0.22314352857684186,37.78788482263546,-9.152815314253245e-08,0.03782345873088014,25.59891989480323,1.0638314779294316,-0.08045979054222434,-0.10913141642655205,-0.12328767751349316,0.04989970794166232,False,False,False,False,1.2999999853491317e-05,4.999999873689376e-06,False,False
2023-01-04,7.999999979801942e-06,2023655,0.0,0.0,-0.11778307355199538,-0.22314352857684186,-0.31845374145370164,0.0,-0.11778307355199538,37.78788482263546,-7.42472593110085e-08,0.03512178310724584,22.785958329119826,1.0638314779294316,-0.06976746399527343,-0.10913141642655205,-0.12472648333852351,0.11450212254123371,False,False,False,False,1.2999999853491317e-05,4.999999873689376e-06,False,False
2023-01-05,7.999999979801942e-06,1887420,0.0,0.0,-0.11778307355199538,-0.22314352857684186,-0.31845374145370164,0.0,-0.11778307355199538,37.78788482263546,-5.709358029477589e-08,0.03261308431387114,23.274567363942555,1.0638314779294316,-0.06432750590836464,-0.10913141642655205,-0.12568306630131654,-0.06732125782309728,False,False,False,False,1.2999999853491317e-05,4.999999873689376e-06,False,False
2023-01-06,7.999999979801942e-06,1669032,0.0,0.0,-0.11778307355199538,-0.11778307355199538,-0.22314352857684186,0.0,-0.11778307355199538,37.78788482263546,-4.078873344101103e-08,0.030283578291451767,23.529419321831753,1.0035387827911832,-0.058823548294007315,-0.11111112413597331,-0.12663756065527246,-0.11570715579998092,False,False,False,False,1.2999999853491317e-05,4.999999873689376e-06,False,False
2023-01-07,7.999999979801942e-06,1616851,0.0,0.0,-0.11778307355199538,-0.22314352857684186,-0.11778307355199538,0.0,-0.22314352857684186,37.78788482263546,-2.577767938240399e-08,0.02812046555634807,23.550006119911536,0.9232024918344515,-0.05325445506554856,-0.11308205265490273,-0.12758997323335283,-0.031264229805060606,False,False,False,False,1.2999999853491317e-05,4.999999873689376e-06,False,False
2023-01-08,7.999999979801942e-06,1649570,0.0,0.0,-0.11778307355199538,-0.11778307355199538,0.13353137638354595,0.13353137638354595,-0.22314352857684186,37.78788482263546,-1.230570129560958e-08,0.026111860873751776,23.32848132270514,0.8530272657200537,-0.04761906308664445,-0.11111112323770699,-0.128540310838746,0.02023624935136259,False,False,False,False,1.2999999853491317e-05,4.999999873689376e-06,False,False
2023-01-09,7.999999979801942e-06,1898748,0.0,0.0,-0.11778307355199538,-0.11778307355199538,0.0,0.13353137638354595,-0.22314352857684186,37.78788482263546,-4.765623813515814e-10,0.024246727954198077,22.848850618418666,0.8530272657200537,-0.04191618136138865,-0.11111112323770699,-0.12996194169733258,0.15105633589359657,False,False,False,False,1.2999999853491317e-05,4.999999873689376e-06,False,False
2023-01-10,7.999999979801942e-06,2500344,0.0,0.0,-0.11778307355199538,-0.11778307355199538,0.0,0.13353137638354595,-0.22314352857684186,37.78788482263546,9.703859940100967e-09,0.0225148188146125,22.08470940906514,0.8530272657200537,-0.03614459019516941,-0.11111112323770699,-0.13090712144056108,0.31683825341751515,False,False,False,False,1.2999999853491317e-05,4.999999873689376e-06,False,False
2023-01-11,7.999999979801942e-06,3965864,0.0,0.0,0.0,-0.11778307355199538,0.0,0.13353137638354595,-0.11778307355199538,37.787884822635455,1.8295107021998435e-08,0.020906617470711607,20.994562191726384,0.8530272657200537,-0.03030304032501041,-0.10913141462200811,-0.13185024979012802,0.5861273488767946,False,False,False,False,1.2999999853491317e-05,4.999999873689376e-06,False,False
2023-01-12,9.000000318337698e-06,5225784,0.11778307355199531,0.11778307355199531,0.11778307355199531,-0.10536045502484652,0.2513144499355413,0.2513144499355413,0.0,62.18742060562779,8.921590965538855e-08,0.025192765378753302,20.994562191726384,0.8739037689420693,0.09090912097503123,0.0022271965302530818,-0.024390213363519875,0.31769117650025325,False,False,False,False,1.2999999853491317e-05,4.999999873689376e-06,False,False
2023-01-13,9.000000318337698e-06,2573621,0.0,0.11778307355199531,0.11778307355199531,0.0,0.2513144499355413,0.2513144499355413,0.11778307355199531,62.18742060562779,1.3146485799233597e-07,0.02339328213741378,20.994562191726384,0.7928731008138277,0.09090912097503123,0.0022271965302530818,-0.025973995534178753,-0.5075148532736906,True,False,False,False,1.2999999853491317e-05,4.999999873689376e-06,False,False
2023-01-14,9.999999747378752e-06,3209051,0.10536045502484646,0.22314352857684194,0.22314352857684194,0.0,0.22314352857684194,0.3566749049603878,0.22314352857684194,74.00943134861743,2.170460762139234e-07,0.026692954502384982,26.832601619158332,0.7928731008138277,0.20481924146268413,0.11111107293479061,0.07991357546273267,0.24690115599771678,False,False,False,False,1.2999999853491317e-05,4.999999873689376e-06,False,False
2023-01-15,9.999999747378752e-06,1791353,0.0,0.22314352857684194,0.22314352857684194,0.10536045502484646,0.22314352857684194,0.3566749049603878,0.22314352857684194,74.00943134861743,2.609884935462032e-07,0.031929168140094374,31.321429118752942,0.6958974240985342,0.19760475911237724,0.10864741344508377,0.07816708471447481,-0.44178107484112905,False,False,False,False,1.2999999853491317e-05,4.999999873689376e-06,False,False
2023-01-16,9.999999747378752e-06,1798178,0.0,0.22314352857684194,0.22314352857684194,0.10536045502484646,0.3566749049603878,0.3566749049603878,0.22314352857684194,74.00943134861743,2.7593413746139233e-07,0.02964851327294478,34.99270840398452,0.6958974240985342,0.19047616340789567,0.10864741344508377,0.07584719884950357,0.0038099693360269526,False,False,False,False,1.2999999853491317e-05,4.999999873689376e-06,False,False
2023-01-17,1.1000000085914508e-05,3463495,0.09531021287685981,0.31845374145370164,0.31845374145370164,0.2006706679017062,0.4519851178372475,0.4519851178372475,0.31845374145370164,81.30833317355534,3.351104659162755e-07,0.03152147356322385,43.0688940113663,0.7657477953387983,0.28654972004370166,0.21412803598489447,0.1802575160172276,0.9261135438204671,False,False,False,False,1.2999999853491317e-05,4.999999873689376e-06,False,False
2023-01-18,9.999999747378752e-06,4504535,-0.09531021287685976,0.22314352857684194,0.22314352857684194,0.10536045502484646,0.10536045502484646,0.3566749049603878,0.22314352857684194,62.42812711350679,2.905084542458825e-07,0.039339794517254945,44.534935371683524,0.8443579543376359,0.15606933863558572,0.10375272348236661,0.07066378122429866,0.3005749972210152,False,False,False,False,1.2999999853491317e-05,4.999999873689376e-06,False,False
2023-01-19,9.999999747378752e-06,5964268,0.0,0.10536045502484646,0.22314352857684194,0.10536045502484646,0.22314352857684194,0.3566749049603878,0.22314352857684194,62.42812711350679,2.463538585497878e-07,0.04367266893600738,45.42767074960787,0.8443579543376359,0.14285711909891388,0.10619465509726637,0.06837603837433703,0.3240585321237375,False,False,False,False,1.2999999853491317e-05,4.999999873689376e-06,False,False
2023-01-20,1.1000000085914508e-05,10187530,0.09531021287685981,0.2006706679017062,0.31845374145370164,0.2006706679017062,0.31845374145370164,0.4519851178372475,0.31845374145370164,70.39960065314139,2.680505465332236e-07,0.04336004613401781,49.027918228810556,0.9027938946694822,0.23595507053236195,0.21412803598489447,0.17270789499204678,0.7080939354167184,False,False,False,False,1.2999999853491317e-05,4.999999873689376e-06,False,False
2023-01-21,1.1000000085914508e-05,6571229,0.0,0.09531021287685981,0.31845374145370164,0.2006706679017062,0.2006706679017062,0.4519851178372475,0.31845374145370164,70.39960065314139,2.654555403006281e-07,0.04026289998158797,51.30690201324326,0.9027938946694822,0.2154696265851916,0.21412803598489447,0.1695906492127769,-0.35497328596823763,False,False,False,False,1.2999999853491317e-05,4.999999873689376e-06,False,False
2023-01-22,1.2000000424450263e-05,4748477,0.08701140455007468,0.18232161742693434,0.40546514600377637,0.28768207245178085,0.28768207245178085,0.5389965223873223,0.40546514600377637,76.2448485555378,3.10983663806249e-07,0.040223778820536314,56.1746220558229,0.9447219602749521,0.2972973440675142,0.31868135382662743,0.272534505794874,-0.27738372837105507,False,False,False,False,1.2999999853491317e-05,4.999999873689376e-06,False,False
2023-01-23,1.2000000424450263e-05,3819892,0.0,0.18232161742693434,0.40546514600377637,0.28768207245178085,0.28768207245178085,0.5389965223873223,0.40546514600377637,76.2448485555378,3.1976129316844556e-07,0.043303034518860445,59.06999519516023,0.9447219602749521,0.26984131261585886,0.31291031756034093,0.26916979245409606,-0.1955542798248786,False,False,False,False,1.2999999853491317e-05,4.999999873689376e-06,False,False
2023-01-24,1.2000000424450263e-05,3472162,0.0,0.08701140455007468,0.40546514600377637,0.28768207245178085,0.28768207245178085,0.5389965223873223,0.40546514600377637,76.2448485555378,3.043154862732278e-07,0.04020996062465613,60.459908891395074,0.9447219602749521,0.24352335512876902,0.3071895735655412,0.2658228254928061,-0.09103136947327306,False,False,False,False,1.2999999853491317e-05,4.999999873689376e-06,False,False
2023-01-25,1.1000000085914508e-05,3761807,-0.08701140455007465,0.09531021287685981,0.31845374145370164,0.2006706679017062,0.2006706679017062,0.31845374145370164,0.31845374145370164,61.16039182443191,2.0998531156610566e-07,0.04722567766916617,58.582452902745054,1.0028044532489064,0.12244898337981965,0.1956521685403197,0.15789474215798835,0.08341920682272308,False,False,False,False,1.2999999853491317e-05,4.999999873689376e-06,False,False
2023-01-26,1.1000000085914508e-05,2622071,0.0,0.09531021287685981,0.2006706679017062,0.2006706679017062,0.09531021287685981,0.2006706679017062,0.31845374145370164,61.16039182443191,1.3449597341151925e-07,0.04385241497851144,56.10165466112521,1.0028044532489064,0.10552764140625888,0.19047618578903988,0.15485564843288105,-0.30297567100066536,False,True,False,False,1.2999999853491317e-05,4.999999873689376e-06,False,False
2023-01-27,1.5999999959603883e-05,9548263,0.37469343910624364,0.37469343910624364,0.5753641070079499,0.6931471805599453,0.5753641070079499,0.28768203455616903,0.6931471805599453,81.91193705340096,3.9355474994500776e-07,0.0547807840808552,71.5497932990033,1.5535050235255845,0.5458937087694639,0.7094016844867769,0.6710182675365699,2.641496740553555,False,False,False,False,1.2999999853491317e-05,4.999999873689376e-06,True,False
2023-01-28,2.099999983329326e-05,20583594,0.2719337100699828,0.6466271491762264,0.7419373620530862,0.9650808906299281,0.7419373620530862,0.7419373620530862,0.9650808906299281,88.51833910799333,8.478245234676855e-07,0.06596736089560298,105.3918302283912,1.7762093008965003,0.9090908869172781,1.1874999591437931,1.1761657797909355,1.1557422538528734,True,False,False,False,1.2999999853491317e-05,4.999999873689376e-06,False,False
2023-01-29,2.4000000848900527e-05,40282010,0.1335314359337936,0.6931471805599453,0.8754687979868797,1.0986123265637218,0.78015858511002,0.78015858511002,1.0986123265637218,90.71061821119068,1.2710675775174023e-06,0.08633657274218513,134.5724317296056,1.806579041161082,1.0338983625650193,1.424242482147198,1.4640657879909054,0.956995945411671,True,False,False,False,1.2999999853491317e-05,4.999999873689376e-06,False,False
2023-01-30,2.499999936844688e-05,27394787,0.04082193388727526,0.7339691144472206,0.9162907318741551,1.139434260450997,0.9162907318741551,0.7339691144472206,1.139434260450997,91.30648499284243,1.5221440775718314e-06,0.09410575055037407,151.7374772690593,1.8017691555358215,0.9762845267239253,1.4461838685695663,1.5419419728487376,-0.31992502360234754,False,False,False,False,1.2999999853491317e-05,4.999999873689376e-06,False,False
2023-01-31,2.499999936844688e-05,22449281,0.0,0.7339691144472206,0.8209805189972954,1.139434260450997,0.8209805189972954,0.8209805189972954,1.139434260450997,91.30648499284243,1.5848612283958924e-06,0.09309819382136544,159.1472448484229,1.8017691555358215,0.8518518019481646,1.3719164315821344,1.5176232944829153,-0.1805272660086753,False,False,False,False,1.2999999853491317e-05,4.999999873689376e-06,False,False
2023-02-01,2.5999999706982635e-05,16285295,0.03922072714550763,0.8602012461428031,0.9555114590196628,1.1786549875965047,0.9555114590196628,0.8602012461428031,1.1786549875965047,91.9084409633851,1.5864361176662209e-06,0.09411239601322914,164.73725861582457,1.796549363811793,0.8118466704620588,1.394106770503291,1.5935161751781652,-0.2745738716531724,False,False,True,False,2.9999999242136255e-05,4.999999873689376e-06,False,False
2023-02-02,2.5999999706982635e-05,13353096,0.0,0.8602012461428031,0.9555114590196628,1.1786549875965047,0.9555114590196628,0.7731898415927284,1.1786549875965047,91.9084409633851,1.4821721693817647e-06,0.0928845894287988,165.51773688152298,1.796549363811793,0.7105263008306792,1.3214285322762167,1.5691699270390924,-0.1800519425653634,False,False,False,False,2.9999999242136255e-05,4.999999873689376e-06,False,False
2023-02-03,2.499999936844688e-05,12638407,-0.03922072714550778,0.4462870798910517,0.8209805189972954,1.139434260450997,0.9162907318741551,0.8209805189972954,1.139434260450997,85.07643891174318,1.2498403210052172e-06,0.09541425878521759,163.3899555753343,1.8124828120467134,0.5673980851595418,1.1739129781459388,1.4485797584853928,-0.053522344181454296,False,False,False,False,2.9999999242136255e-05,4.999999873689376e-06,False,False
2023-02-04,3.199999991920777e-05,40303607,0.24686010066889363,0.4212134704899625,1.067840619666189,1.3862943611198906,1.1631508325430489,1.067840619666189,1.3862943611198906,90.43588565032584,1.4571099417264158e-06,0.08707507658395752,169.73975608604914,1.9469237881754349,0.8768328452005021,1.6755852669864884,2.0992735963161144,2.1889784052689554,False,False,False,False,2.9999999242136255e-05,4.999999873689376e-06,True,False
2023-02-05,2.9000000722589903e-05,25981253,-0.0984400453716023,0.18924198918456656,0.8823891697445119,1.2878543157482882,1.1700712421962929,1.0647107871714463,1.2878543157482882,77.57738387527976,1.2875501604121995e-06,0.09907199581376143,166.4442941602141,2.0057216440383465,0.6111111512523896,1.346278365136305,1.7831094698248329,-0.3553615933184342,True,False,False,False,2.9999999242136255e-05,4.999999873689376e-06,False,False
2023-02-06,3.199999991920777e-05,37772971,0.09844004537160243,0.24686010066889363,0.9808292151161143,1.3862943611198906,1.1631508325430489,1.2685112875678952,1.3862943611198906,80.55484241955223,1.2706609073274436e-06,0.09676371355828414,165.7961833369262,2.0085925585435165,0.6797900227380836,1.4960998284990963,2.038936359473888,0.45385486219621507,False,False,False,False,2.9999999242136255e-05,4.999999873689376e-06,True,False
2023-02-07,3.199999991920777e-05,27781466,0.0,0.24686010066889363,0.9808292151161143,1.3862943611198906,1.2685112875678952,1.5198257375034365,1.5198257375034365,80.55484241955223,1.1559989127530537e-06,0.09654845058800836,160.5702554707122,2.0085925585435165,0.5880893259927947,1.4096385410147378,2.0075187841385222,-0.2645146710858407,False,False,False,False,2.9999999242136255e-05,4.999999873689376e-06,False,False
2023-02-08,2.9999999242136255e-05,25501964,-0.06453854387493897,0.1431008296484468,1.0033020757912499,1.3217558172449517,1.2039727436929561,1.3217558172449517,1.4552871936284975,73.05444214032269,8.557955030101303e-07,0.10515275236676376,151.45086771559764,2.0396551168101116,0.41843968215434957,1.1897809637490735,1.793296014637411,-0.08205117757284663,False,False,False,False,2.9999999242136255e-05,4.999999873689376e-06,False,False
2023-02-09,2.300000051036477e-05,31161764,-0.2657031182811081,-0.12260228863266119,0.7375989575101418,1.0560526989638435,0.938269625411848,1.0560526989638435,1.1895840753473894,54.07634643090851,1.3399676157063965e-07,0.1522036346889594,141.00782603139467,2.305171941533164,0.05747128801539937,0.6452074731698836,1.1286441895423116,0.22193584776450948,False,True,False,False,2.9999999242136255e-05,4.999999873689376e-06,False,False
2023-02-10,2.099999983329326e-05,27979209,-0.09097180833391537,-0.1743533698210688,0.2719337100699828,0.9650808906299281,0.8472978170779326,0.9650808906299281,1.0986122670134741,50.07382525806963,-4.95429094155845e-07,0.17179894515466013,130.61573962387098,2.3441669627772512,-0.05617978207828382,0.4767932359914587,0.933701638488201,-0.10213012973206526,False,True,False,False,2.9999999242136255e-05,4.999999873689376e-06,False,False
2023-02-11,2.4000000848900527e-05,18189307,0.1335314359337936,-0.2876820345561689,0.1335314359337936,0.9808292530117262,0.8754687979868797,1.2321437029472675,1.2321437029472675,55.40571811201074,-7.137442610117966e-07,0.15149140240663347,120.42885601854769,2.3520364730023378,0.050328264499782505,0.6528926178912118,1.1957914722934482,-0.3498991697728123,False,False,False,False,2.9999999242136255e-05,4.999999873689376e-06,False,False
2023-02-12,2.300000051036477e-05,19539262,-0.04255962759987817,-0.23180161678444478,-0.04255962759987817,0.938269625411848,0.938269625411848,1.1895840753473894,1.1895840753473894,53.360060877321125,-9.165827449683966e-07,0.15610346988796975,109.64182874571446,2.3641361353367136,-0.017093995667175073,0.554054085776751,1.092811688066503,0.07421695614901647,False,False,False,False,2.9999999242136255e-05,4.999999873689376e-06,False,False
2023-02-13,2.099999983329326e-05,17685636,-0.09097180833391537,-0.4212134704899625,-0.1743533698210688,0.7419373620530862,0.7419373620530862,0.9650808906299281,1.0986122670134741,49.42929335676115,-1.1608162233539599e-06,0.16556101903293416,98.83445315153774,2.385787424687098,-0.1194968615816522,0.3962765831196005,0.9021738933434906,-0.09486673549901736,False,False,False,True,2.9999999242136255e-05,1.8999999156221747e-05,False,False
2023-02-14,2.300000051036477e-05,20747170,0.09097180833391527,-0.3302416621560472,-0.08338156148715345,0.8329091703870016,0.938269625411848,1.0560526989638435,1.1895840753473894,53.146270510074594,-1.160275683108729e-06,0.14657812877933032,83.65582915237843,2.3950025738961025,-0.059304682633348975,0.501305514339509,1.0720721126712187,0.17310850455137716,False,False,False,False,2.9999999242136255e-05,1.8999999156221747e-05,False,False
2023-02-15,3.7000001611886546e-05,160209678,0.4754237180898026,0.20972059980869456,0.35282142945714134,1.3083328884768042,1.4136933435016508,1.665007793437192,1.665007793437192,69.85117188081946,-2.378873701784978e-07,0.11742636545711656,74.9625242538889,2.8554821078369295,0.436893262178942,1.3299749057927006,2.297682842055147,6.722001506711518,False,False,False,False,2.9999999242136255e-05,1.8999999156221747e-05,True,False
2023-02-16,5.500000042957254e-05,278918193,0.39641523683415597,0.8718389549239585,0.7492366662912974,1.6094379124341003,1.8101085803358068,2.061423030271348,2.061423030271348,79.81548180843285,1.4697568509312397e-06,0.11361309499076348,109.50952932615623,3.106238100187289,0.9855595750843396,2.2699167805429368,3.8118985332225703,0.7409572035966516,True,False,False,False,2.9999999242136255e-05,1.8999999156221747e-05,False,False
2023-02-17,5.400000009103678e-05,257995316,-0.018349144792739955,0.944461618465134,0.7701082486440651,1.6863989805182202,1.7917594355430666,1.7917594355430666,2.043073885478608,78.26783286979595,2.3641812986818775e-06,0.13390656465205467,127.21242017921135,3.0711890826915305,0.8398637097869167,2.043968428180408,3.649160560275671,-0.07501438602823585,True,False,False,False,2.9999999242136255e-05,1.8999999156221747e-05,False,False
2023-02-18,5.0999999075429514e-05,124373600,-0.05715843365464813,0.7537717488766923,0.4660897143205233,1.629240546863572,1.7346010018884184,1.852384075440414,1.98591545182396,73.65374274357278,2.5689843214098467e-06,0.14286051745617614,134.971387795799,3.090765684200758,0.6612377535575685,1.741935428348572,3.3256996542731394,-0.5179230308196758,False,False,False,False,2.9999999242136255e-05,1.8999999156221747e-05,False,False
2023-02-19,4.70000013592653e-05,66188109,-0.08167798396489608,0.7146533925116743,0.4828517757272295,1.452252350021816,1.6529230179235224,1.770706091475518,1.9042374678590637,67.9055531932157,2.2611371940728976e-06,0.15306461525350243,136.49972344406055,3.1227035365628146,0.4779874583483962,1.4251806603046207,2.934700811542767,-0.4678283092231792,False,False,True,False,6.70000008540228e-05,1.8999999156221747e-05,False,False
2023-02-20,4.099999932805076e-05,73483464,-0.1365755803152945,0.6690496205302952,0.24783615004033266,1.3156767697065215,1.5163474376082278,1.5163474376082278,1.767661887543769,60.30312361043025,1.5153195474092529e-06,0.17686843790726525,133.87172199331064,3.185066079756322,0.257668686325188,1.0459081445898408,2.395445067520077,0.11022153541204815,False,False,False,False,6.70000008540228e-05,1.8999999156221747e-05,False,False
2023-02-21,3.7999998312443495e-05,48450720,-0.07598593499829878,0.5020918771980809,0.17185021504203374,1.1526794301581482,1.440361502609929,1.440361502609929,1.6916759525454703,56.87450310826845,7.220867940744284e-07,0.19035879527953953,130.85468844414555,3.2079312502023085,0.14457826060952067,0.8410851877145199,2.11730912275455,-0.34065819216143645,False,True,False,False,6.70000008540228e-05,1.8999999156221747e-05,False,False
2023-02-22,5.2999999752501026e-05,139993733,0.33270579356532676,0.3593739526736051,0.5690945524822996,1.485385223723475,1.7730672961752558,1.7730672961752558,2.024381746110797,66.98273661450946,1.0877900657120623e-06,0.14695046178058677,133.5913826607356,3.3638964797299864,0.5340086734679428,1.4605385196323135,3.2810985140569078,1.889404595019434,False,False,False,False,6.70000008540228e-05,1.8999999156221747e-05,False,False
2023-02-23,4.8999998398358e-05,79522094,-0.07847164345827516,-0.11551292761882598,0.7563260273051325,1.4069135802651997,1.6945956527169805,1.6945956527169805,1.9459101026525218,62.758326907973775,9.457061312333013e-07,0.15925491302520609,131.24217767422994,3.389472400008023,0.3706293255838312,1.1914131678167517,2.90282742317822,-0.43195961493504853,True,False,False,False,6.70000008540228e-05,1.8999999156221747e-05,False,False
2023-02-24,4.70000013592653e-05,65041500,-0.04167263479345822,-0.13883641761954432,0.8056252008455898,1.452252350021816,1.6529230179235224,1.6529230179235224,1.770706091475518,60.697103758647984,6.182794355036667e-07,0.16329083824773918,130.88895770933163,3.3705644986301606,0.2876712673518351,1.031115010145378,2.6964216462518067,-0.18209523003757921,False,False,False,True,6.70000008540228e-05,3.7000001611886546e-05,False,False
2023-02-25,4.8000001697801054e-05,40119000,0.021053415648149068,-0.06062456831674691,0.6931471805599453,1.4733057656699653,1.6739764335716716,1.568615978546825,1.6739764335716716,61.380103033694816,3.8189137634585007e-07,0.15293259290968853,128.85774939759318,3.3675574370137777,0.28170898624427754,1.0050125983593348,2.7252620521217095,-0.383178432231729,False,False,False,False,6.70000008540228e-05,3.7000001611886546e-05,False,False
2023-02-26,5.0999999075429514e-05,62643019,0.06062456831674695,0.08167798396489609,0.7963313764765704,1.1592368948804685,1.852384075440414,1.7346010018884184,1.4469189294366376,63.43310418852329,3.4172115453534e-07,0.14065818098944224,128.5688438294994,3.1569818969379018,0.3281249729845731,1.0564515732725386,2.903559044959031,0.5614302200952168,False,False,True,False,5.6000000768108293e-05,3.7000001611886546e-05,False,False
2023-02-27,4.999999873689376e-05,62279839,-0.019802634429471645,0.198450929850719,0.8675005503810143,0.8675005503810143,1.8325814410109422,1.6094379124341003,1.6094379124341003,62.245289935114364,1.705929000524938e-07,0.1375091082180269,127.210175454324,3.0477547474269167,0.27226459806686787,0.950077953592539,2.7764349399949433,-0.005797613298299087,True,False,False,False,5.6000000768108293e-05,3.7000001611886546e-05,False,False
2023-02-28,4.600000102072954e-05,43354827,-0.08338156148715345,0.1910553033618644,0.6931471805599453,0.6505875529600671,1.7491998795237886,1.4307461380700872,1.4307461380700872,57.59914370506487,-2.6548812618061936e-07,0.1450014188320318,123.58212392625727,3.047957662322334,0.14713219174768333,0.7424242794846899,2.4341172734037415,-0.3038705992801298,False,False,False,False,5.6000000768108293e-05,3.7000001611886546e-05,False,False
2023-03-01,4.70000013592653e-05,33989871,0.021506211951728908,-0.12014427825173342,0.2392296744218717,0.6312718310245208,1.770706091475518,1.5475625628986758,1.3652409454717414,58.43444857543342,-5.250830326876634e-07,0.1363386704692881,114.5193968249319,3.0471759128991884,0.13801455642520968,0.7292127030737617,2.467355306842889,-0.2160072279840951,False,False,False,False,5.6000000768108293e-05,3.7000001611886546e-05,False,False
2023-03-02,4.5000000682193786e-05,46903078,-0.043485125700414885,-0.08515776049387319,-0.20067068811269906,0.5877867053241059,1.727220965775103,1.4087672243214011,1.4087672243214011,56.05592957966582,-8.507077503171729e-07,0.13857607951832254,102.4326919166461,3.0547211362897286,0.058823540489347216,0.6117478716306033,2.2846715696742486,0.37991338654977547,False,False,False,False,5.6000000768108293e-05,3.7000001611886546e-05,False,False
2023-03-03,4.099999932805076e-05,51328501,-0.09309045461487965,-0.1365755803152945,-0.2754119979348388,0.4554755235637185,1.6341305111602233,1.4109869825833812,1.3156767697065215,51.53761303535217,-1.3263453243817535e-06,0.1516846885110446,92.60723387992716,3.078788982907378,-0.05420993745924221,0.4355742038456471,1.965641893454915,0.09435250709985388,False,True,False,False,5.6000000768108293e-05,3.7000001611886546e-05,False,False
2023-03-04,4.199999966658652e-05,41699601,0.024097560029650123,-0.13353143593379352,-0.19415600425054055,0.4795730835933688,1.6582280711898734,1.4350845426130316,1.2527629251860972,52.56695758281121,-1.5489629066440964e-06,0.14259853627992608,80.36117330171871,3.0784406883839375,-0.05191874516043094,0.4373716502060472,2.008595953630202,-0.18759363340846447,False,False,False,False,5.6000000768108293e-05,3.7000001611886546e-05,False,False
2023-03-05,4.099999932805076e-05,27563247,-0.02409756002965014,-0.21825356428019074,-0.1365755803152945,0.4946962507092263,1.6341305111602233,1.4109869825833812,1.3156767697065215,51.3914338922995,-1.7254274493935327e-06,0.14086899395743332,63.43496639112629,3.075477741399726,-0.0949227532621908,0.3739946144137171,1.9098650946384519,-0.33900453867652114,False,False,False,False,5.6000000768108293e-05,3.7000001611886546e-05,False,False
2023-03-06,4.099999932805076e-05,29576445,0.0,-0.19845092985071905,0.0,0.24783615004033266,1.6341305111602233,1.4109869825833812,1.3156767697065215,51.3914338922995,-1.7959633145869972e-06,0.13429124475463675,44.871545021941536,2.961159137271258,-0.11255412704166899,0.34602755436916627,1.8812367668621195,0.07303921776705047,False,False,False,True,5.6000000768108293e-05,3.899999865097925e-05,False,False
2023-03-07,4.199999966658652e-05,61689005,0.024097560029650123,-0.09097180833391537,0.10008349502794901,0.37037375544158513,1.6582280711898734,1.540444997637878,1.4350845426130316,52.620232845398775,-1.7284964811572532e-06,0.13193407300713708,41.69870481017186,2.936328387951134,-0.09580194279425164,0.35048230375337724,1.9197079968922268,1.0857477969377318,False,False,False,False,5.6000000768108293e-05,3.899999865097925e-05,False,False
2023-03-08,3.899999865097925e-05,41972008,-0.07410799880558187,-0.18658601909122619,-0.30673029734295965,0.19782571126440104,1.5841200723842916,1.3609765438074497,1.466336998832296,48.64711835241267,-1.8294001012485424e-06,0.13926008658295702,41.031160009997436,2.934333709530167,-0.1456736295163973,0.23183823967843917,1.6850257176939527,-0.3196193065522779,False,False,False,False,5.6000000768108293e-05,3.899999865097925e-05,False,False
2023-03-09,3.300000025774352e-05,52848904,-0.1670540422624802,-0.31015493565329155,-0.3953126961471647,0.0307716690019207,1.4170660301218114,1.2992829565698159,1.5505974065053574,41.842411281414236,-2.217828776447594e-06,0.16797588653888149,45.146953943325,2.996260955493631,-0.2600896773199248,0.027397268419535034,1.2548684776623518,0.25914642921063,False,True,False,False,5.6000000768108293e-05,3.899999865097925e-05,False,True
2023-03-10,3.300000025774352e-05,77605613,0.0,-0.2170644810384119,-0.3536400613537065,0.09531021287685981,1.4170660301218114,1.2992829565698159,1.4170660301218114,41.842411281414236,-2.378149752132137e-06,0.173293628034618,49.47027754802947,2.9869284371758473,-0.2448512505801931,0.012891352094586464,1.2380468070068433,0.46844318663637763,False,True,True,False,4.70000013592653e-05,3.899999865097925e-05,False,False
2023-03-11,3.300000025774352e-05,57424530,0.0,-0.2411620410680621,-0.3746934770018557,0.36101333115796796,1.4170660301218114,1.2992829565698159,1.4170660301218114,41.842411281414236,-2.3816726661429056e-06,0.17390252902857833,54.16158828374796,2.8252983526865343,-0.23255813038582931,-0.0006056860116968492,1.2214742624074137,-0.26004669275661796,False,False,False,False,4.70000013592653e-05,3.899999865097925e-05,False,False
2023-03-12,3.600000127335079e-05,35590269,0.08701140455007468,-0.13005307648833725,-0.34830664076852785,0.538996544041958,1.504077434671886,1.3862943611198906,1.504077434671886,46.51451594515976,-2.0898515457703604e-06,0.1579448103431747,56.20853545902654,2.8118026610526825,-0.15789470548987172,0.07398571710203154,1.4032043499375606,-0.3802253322752489,False,False,False,False,4.70000013592653e-05,3.899999865097925e-05,False,False
2023-03-13,3.7999998312443495e-05,67728766,0.0540671414900384,-0.07598593499829878,-0.2744368648490178,0.4595322495982029,1.440361502609929,1.3350010475850824,1.6916759525454703,49.431149623287176,-1.6872669749358056e-06,0.1502221349577203,56.20853545902654,2.784222718851358,-0.11111114893285316,0.11633367573689211,1.514058764030237,0.90301360183594,False,False,False,True,4.70000013592653e-05,2.5999999706982635e-05,False,False
2023-03-14,3.899999865097925e-05,65506807,0.025975496222367094,-0.07410799880558187,-0.16507980713949721,0.5280673734204481,1.466336998832296,1.466336998832296,1.7176514487678374,50.87364998743236,-1.2963339981589128e-06,0.14507276953862971,53.00383731527257,2.7765435403593597,-0.07253272828049964,0.12781951129907038,1.55486397488532,-0.032806724988906466,True,False,False,False,4.70000013592653e-05,2.5999999706982635e-05,False,False
2023-03-15,3.600000127335079e-05,46608372,-0.08004263771240555,-0.08004263771240555,-0.2666286568036318,0.538996544041958,1.2809339060950442,1.2809339060950442,1.504077434671886,46.58080458924512,-1.1855132695556221e-06,0.1578410460145286,52.95532268501184,2.771421494663441,-0.13043475204386634,0.02681121794652591,1.3376624152048524,-0.28849574365607533,False,False,False,False,4.70000013592653e-05,2.5999999706982635e-05,False,False
2023-03-16,3.7999998312443495e-05,32451358,0.0540671414900384,0.14107854604011302,-0.16907638961317847,0.5020918771980809,1.3350010475850824,1.440361502609929,1.5581445761619244,49.632200030304986,-9.342808898249599e-07,0.14449175364472014,52.46385270941422,2.7621598716264377,-0.07203911000468384,0.0674156848106741,1.4453023325061147,-0.3037440140582469,False,False,False,False,4.70000013592653e-05,2.5999999706982635e-05,False,False
2023-03-17,4.099999932805076e-05,45195391,0.07598593499829889,0.21706448103841183,0.0,0.1026540941065771,1.4109869825833812,1.5163474376082278,1.767661887543769,53.88719834334649,-5.422638911576539e-07,0.1313221639061804,50.467973573497595,2.2268161353311293,0.009852206706785188,0.13259666895343775,1.6131293351289155,0.3927118550786073,False,False,True,False,4.199999966658652e-05,2.5999999706982635e-05,False,False
2023-03-18,3.7000001611886546e-05,38003570,-0.1026540941065771,0.11441038693183476,-0.12675165413622733,-0.39641523683415597,1.2130226755999445,1.4136933435016508,1.665007793437192,48.05768522287688,-5.280436363312922e-07,0.14477742664564353,45.92966811422217,1.7469900486670948,-0.07268166072857796,0.010376888505150724,1.3380727669203427,-0.15912731012770753,False,False,False,False,4.199999966658652e-05,2.5999999706982635e-05,False,False
2023-03-19,3.7999998312443495e-05,32069380,0.026668159108278237,0.0540671414900384,-0.07598593499829878,-0.3513979329331377,1.3350010475850824,1.440361502609929,1.440361502609929,49.52770520258582,-4.310730296251331e-07,0.1365374922062622,40.3418251223805,1.75237307253136,-0.03307891950770049,0.02813848456933274,1.3802065927209726,-0.15614822502201764,False,False,False,False,4.199999966658652e-05,2.5999999706982635e-05,False,False
2023-03-20,3.7999998312443495e-05,50039881,0.0,0.0,-0.07598593499829878,-0.2942394992784895,1.3350010475850824,1.440361502609929,1.5581445761619244,49.52770520258582,-3.5015441556460217e-07,0.13618330719293295,37.62709404931102,1.7450426107276962,-0.023136282848832953,0.020408121398126148,1.3595155709554578,0.5603632187463556,False,False,False,False,4.199999966658652e-05,2.5999999706982635e-05,False,False
2023-03-21,3.9999998989515007e-05,32888105,0.051293313534808,0.02531781731244086,-0.04879018149314084,-0.16126820177878523,1.2909841482430309,1.4916548161447372,1.6094378896967325,52.63686686430337,-1.5510532338981893e-07,0.12370455927282405,32.89005387129495,1.7377379320038666,0.03761347379775706,0.06553007809514624,1.460781233763301,-0.3427621260730016,False,False,True,False,4.199999966658652e-05,2.5999999706982635e-05,False,False
2023-03-22,3.7000001611886546e-05,37039542,-0.07796147264308642,0.027398982381760074,-0.05264365533064544,-0.1026540941065771,1.2130226755999445,1.4136933435016508,1.4136933435016508,47.87303295578264,-2.1748093286019119e-07,0.1338346799833575,29.521165929739723,1.6935031621692413,-0.030144116267019343,-0.02064579940121264,1.2574741646744882,0.12622913360316756,False,False,False,False,4.199999966658652e-05,2.5999999706982635e-05,False,False
2023-03-23,3.7999998312443495e-05,28152415,0.026668159108278237,0.0,0.14107854604011302,0.0,1.1526794301581482,1.440361502609929,1.440361502609929,49.51326847319,-1.821695652651443e-07,0.12476406741199175,28.827498417813658,1.6759039905253814,-3.350769986862837e-08,-0.0005260802515220306,1.2988504703627497,-0.23993620115497105,False,False,False,False,4.199999966658652e-05,2.5999999706982635e-05,False,False
2023-03-24,3.5000000934815034e-05,29101610,-0.08223802711858871,-0.15822396211688755,0.058840518921524324,-0.4149438206839155,1.0704414030395593,1.3581234754913403,1.3581234754913403,44.94423118541544,-3.4233604926125174e-07,0.13190498411378435,28.164065825726382,1.195128986294193,-0.07038509267004656,-0.0837696068320678,1.101471083049992,0.03371629041416169,False,False,False,False,4.199999966658652e-05,2.5999999706982635e-05,False,False
2023-03-25,3.5000000934815034e-05,25367164,0.0,-0.05556986801031047,0.058840518921524324,-0.33647217722564043,1.0704414030395593,1.3581234754913403,1.3581234754913403,44.94423118541544,-4.2439499464266673e-07,0.12452401649714005,27.77769085404809,1.1728461492528637,-0.06291830821127131,-0.08854164088482078,1.0851951672404703,-0.12832437792960594,False,False,False,False,4.199999966658652e-05,2.5999999706982635e-05,False,False
2023-03-26,3.600000127335079e-05,27447984,0.02817088562855035,-0.054067141490038405,0.0,-0.2666286568036318,1.1856236932181843,1.3862943611198906,1.3862943611198906,46.84063799095614,-3.8841101504069686e-07,0.11638576909079659,26.60692084791119,1.175317546807112,-0.02964955683387318,-0.0644490305436447,1.1276596459476622,0.08202808954126684,False,False,False,False,4.199999966658652e-05,2.5999999706982635e-05,False,False
2023-03-27,3.300000025774352e-05,29312986,-0.08701140455007465,-0.14107854604011305,-0.14107854604011305,-0.3746934770018557,1.0986122886681098,1.2992829565698159,1.1939225015449695,42.149997338170934,-5.34711831020218e-07,0.12439078447585725,25.659622511798354,1.200835773986521,-0.09959071249318903,-0.14419086373549583,0.9366197300559201,0.06794677525314796,False,False,False,False,4.199999966658652e-05,2.5999999706982635e-05,False,False
2023-03-28,3.300000025774352e-05,22006879,0.0,-0.19237185957492112,-0.1670540422624802,-0.4353180453186025,0.723918849561866,1.4170660301218114,1.2992829565698159,42.149997338170934,-5.949241222119513e-07,0.11983473420258323,26.56419164382104,1.1726661051867906,-0.09215955116208706,-0.14463451818172987,0.9236374348953751,-0.24924472041162915,False,True,False,False,4.199999966658652e-05,2.5999999706982635e-05,False,False
2023-03-29,3.5000000934815034e-05,20632883,0.058840518921524324,-0.05556986801031047,-0.02817088562855035,-0.35667489196760654,0.5108256584134075,1.4759065490433356,1.2527630204664937,46.307220654672705,-4.690300428184584e-07,0.11103898150373243,25.376851065726168,1.1999655089028118,-0.03978049483837671,-0.0942028739897011,1.0254630125803377,-0.0624348413966378,False,False,False,False,4.199999966658652e-05,2.5999999706982635e-05,False,False
2023-03-30,3.300000025774352e-05,29996162,-0.05884051892152432,-0.14107854604011305,-0.14107854604011305,-0.3321338494019774,0.31845370355808966,1.4170660301218114,1.0986122886681098,42.98092810046036,-4.872893988398942e-07,0.11368558052047073,25.376851065726168,1.1845166961481615,-0.094650197957448,-0.14728681514696448,0.8970968772855811,0.4538037171053604,False,False,False,False,4.199999966658652e-05,2.5999999706982635e-05,False,False
2023-03-31,3.400000059627928e-05,22869349,0.029852972876897095,-0.02898754604462723,-0.18721150816151486,-0.3237870884768094,0.30748474254771146,1.4469190029987085,1.2237754744218665,45.104199633568825,-4.023804624733483e-07,0.10666200464468706,24.627066410846222,1.1877593188792743,-0.06849313402764438,-0.12641314001153842,0.9411932919715014,-0.23759082912007212,False,False,False,False,4.199999966658652e-05,2.5999999706982635e-05,False,False
2023-04-01,3.7999998312443495e-05,25606737,0.111225573163216,0.0822380271185888,0.026668159108278237,-0.16907638961317847,0.41871031571092754,1.5581445761619244,1.2396908347082227,52.6927282396476,-6.488877532312872e-08,0.09801617904166518,24.777662239489256,1.2548578726534425,0.038251324568458346,-0.03209377647073204,1.1517552795665849,0.1196968046619955,False,False,False,False,4.199999966658652e-05,2.5999999706982635e-05,False,False
2023-04-02,3.400000059627928e-05,33839020,-0.11122557316321602,-0.05715843167317757,-0.11122557316321602,-0.18721150816151486,0.2682640154022038,1.4469190029987085,1.2237754744218665,45.86488630103957,-9.716810964029405e-08,0.11012602330487978,25.393882495358316,1.27223940743968,-0.06593404836141144,-0.13836795181479544,0.9117233920002535,0.32148895034927727,False,False,False,False,4.199999966658652e-05,2.5999999706982635e-05,False,False
2023-04-03,3.7000001611886546e-05,56353153,0.08455741405493775,0.11441038693183476,-0.02666815910827837,-0.12675165413622733,0.35282142945714134,1.5314764170536461,1.3083328884768042,50.993850801207245,8.74244110510974e-08,0.10748204529092764,24.664488227600206,1.307378677655352,0.0192837881076587,-0.06894812233248793,1.0635806759602353,0.6653305267114709,False,False,False,False,4.199999966658652e-05,2.5999999706982635e-05,False,False
2023-04-04,3.600000127335079e-05,33930101,-0.027398982381760095,0.08701140455007468,-0.10536045502484652,-0.13005307648833725,0.36464317422088904,1.504077434671886,1.2809339060950442,49.31656568180585,1.4280136439068485e-07,0.10852948706359991,24.664488227600206,1.3080608227321924,-0.008264430507667337,-0.10089906958419487,0.9922524168081409,-0.3979023498472215,False,False,False,False,4.199999966658652e-05,2.5999999706982635e-05,False,False
2023-04-05,3.600000127335079e-05,20934646,0.0,0.02817088562855035,-0.027398982381760095,-0.13005307648833725,0.11778307355199531,1.504077434671886,1.2809339060950442,49.31656568180585,1.777777642625867e-07,0.10474562879784893,24.359560176360112,1.3080608227321924,-0.005524833561717073,-0.10669972108329664,0.9769358132739219,-0.3830066700950876,False,False,False,False,4.199999966658652e-05,2.5999999706982635e-05,False,False
2023-04-06,3.400000059627928e-05,15033869,-0.05715843167317757,0.029852972876897095,-0.11122557316321602,-0.2113090681911649,0.1590646872504201,1.4469190029987085,1.329135929446713,45.82073418427795,7.009340943834378e-08,0.10718688191930978,21.828722058016588,1.316509603570227,-0.05160389681005639,-0.15506956803625102,0.8538713459108999,-0.2818665765831435,False,False,True,False,3.9999998989515007e-05,2.5999999706982635e-05,False,False
2023-04-07,3.400000059627928e-05,12093403,0.0,0.0,-0.02898754604462723,-0.13720106938558307,0.06062464187881777,1.4469190029987085,1.2237754744218665,45.82073418427795,6.112662974405224e-09,0.0995306760679305,22.15542192004198,1.2941830525385798,-0.04761903791388877,-0.14615769514750981,0.8408229820856525,-0.19558943875325774,False,True,False,False,3.9999998989515007e-05,2.5999999706982635e-05,False,False
2023-04-08,3.400000059627928e-05,13190286,0.0,-0.11122557316321602,-0.02898754604462723,0.029852972876897095,0.06062464187881777,1.4469190029987085,1.329135929446713,45.82073418427795,-2.7135463991461087e-08,0.09452218307357858,21.819618940539772,1.1537718219446664,-0.04225351448732309,-0.13749364357337338,0.8279570147476545,0.09070093835457227,False,False,False,False,3.9999998989515007e-05,2.5999999706982635e-05,False,False
2023-04-09,3.5000000934815034e-05,11760706,0.02898754604462726,0.02898754604462726,-0.02817088562855035,0.058840518921524324,0.15415073179838404,1.4759065490433356,1.3581234754913403,48.11742858985893,2.450147394337086e-08,0.08730368336159061,20.948803176645022,1.1578802558752648,-0.009900977871708678,-0.10485931266998465,0.8681612383901177,-0.1083812739162745,False,False,False,False,3.9999998989515007e-05,2.5999999706982635e-05,False,False
2023-04-10,3.5000000934815034e-05,13096549,0.0,-0.05556986801031047,0.058840518921524324,0.058840518921524324,0.41985385007949216,1.4759065490433356,1.3581234754913403,48.11742858985893,6.276230321094827e-08,0.08310852294153159,17.245292126677274,1.1578802558752648,-0.0028489933997840303,-0.09933090885544221,0.8547960144853056,0.11358527285691866,False,False,False,False,3.9999998989515007e-05,2.5999999706982635e-05,False,False
2023-04-11,3.400000059627928e-05,14341071,-0.02898754604462723,-0.05715843167317757,0.029852972876897095,-0.05715843167317757,0.4818381123687804,1.4469190029987085,1.329135929446713,45.86267619490229,2.6672817404198684e-08,0.08154281219790933,16.771786033791194,1.1207383640920203,-0.027181686487839106,-0.1219008129546561,0.7894737081194035,0.09502671276227037,False,False,False,False,3.9999998989515007e-05,2.5999999706982635e-05,False,False
2023-04-12,3.400000059627928e-05,22245743,0.0,-0.05715843167317757,-0.02898754604462723,-0.11122557316321602,0.3483066764349868,1.329135929446713,1.2237754744218665,45.86267619490229,9.63075767086339e-09,0.0799200076333449,14.95295614863591,1.1024709822854208,-0.021582735469914155,-0.1200828032595491,0.7773131442632174,0.5511911906718823,False,False,False,False,3.9999998989515007e-05,2.5999999706982635e-05,False,False
2023-04-13,3.600000127335079e-05,23595126,0.05715843167317764,0.05715843167317764,0.08701140455007468,-0.08004263771240555,0.4480247357080425,1.3862943611198906,1.3862943611198906,51.170076584527344,1.330340489218902e-07,0.07604095962992197,15.248849430032948,1.1182899939244275,0.03448277484235469,-0.06005219000681086,0.8681889521147887,0.06065803241546042,False,False,False,False,3.9999998989515007e-05,2.5999999706982635e-05,False,False
2023-04-14,3.5000000934815034e-05,22738591,-0.02817088562855035,0.02898754604462726,0.02898754604462726,-0.02817088562855035,0.5108256584134075,1.2527630204664937,1.2527630204664937,48.60432462514729,1.4624049307549076e-07,0.07670851028307721,15.248849430032948,1.087326203282162,0.005747133496209931,-0.07943185847950966,0.8036588902778118,-0.036301353084531085,False,False,False,False,3.9999998989515007e-05,2.5999999706982635e-05,False,False
2023-04-15,3.7000001611886546e-05,21872526,0.05556986801031043,0.08455741405493775,-0.02666815910827837,-0.02666815910827837,0.4754237180898026,1.3083328884768042,1.4136933435016508,53.61390235035055,2.808051293125019e-07,0.07124010073445115,15.93508599190678,1.08829521699908,0.061692994732681763,-0.021681612888564294,0.8925831927947508,-0.03808789207739394,False,False,False,True,3.9999998989515007e-05,3.300000025774352e-05,False,False
2023-04-16,3.9999998989515007e-05,49491982,0.07796147264308635,0.13353134065339686,0.16251888669802414,-0.024692621463490678,0.07796147264308635,1.3862943611198906,1.4916548161447372,59.92397797566417,5.475580702236368e-07,0.06833301540880449,19.550736376477484,1.0900719596912807,0.13636358703670354,0.06213485973469448,1.0294266257167763,1.2627465158802416,False,False,False,False,3.9999998989515007e-05,3.300000025774352e-05,False,False
2023-04-17,3.7999998312443495e-05,24805901,-0.05129331353480811,0.0822380271185888,0.026668159108278237,0.026668159108278237,-0.36974707772587756,1.2396908347082227,1.440361502609929,54.59220875595508,5.628442590951265e-07,0.07243076354097285,19.69769911250622,1.043406414116462,0.07193223503627127,0.016042731644428224,0.9133936627895521,-0.4987895008932962,False,False,False,False,3.9999998989515007e-05,3.300000025774352e-05,False,False
2023-04-18,3.7000001611886546e-05,17693144,-0.02666815910827837,0.08455741405493775,0.027398982381760074,-0.02666815910827837,-0.37806609204141595,1.3083328884768042,1.4136933435016508,52.0962890842478,4.822497139002073e-07,0.07100538744875995,19.96195907947676,1.043406414116462,0.040787651564219575,-0.0037694828065203963,0.8495376872284626,-0.2867364906438996,False,False,False,False,3.9999998989515007e-05,3.300000025774352e-05,False,False
2023-04-19,3.300000025774352e-05,24337871,-0.1144103869318347,-0.029852972876897123,-0.08701140455007465,-0.14107854604011305,-0.4353180453186025,1.1939225015449695,1.2992829565698159,43.52435971801485,1.532314482652114e-07,0.08258353659499032,19.96195907947676,1.115972794010471,-0.07172996557812049,-0.1052060713454634,0.6393442671094569,0.3755537738233521,False,False,True,False,4.099999932805076e-05,3.300000025774352e-05,False,False
2023-04-20,3.099999958067201e-05,22595074,-0.06252037831845315,-0.1495317828685278,-0.09237335119535023,-0.2548922378933743,-0.41616043967215954,1.0360919103496566,1.236762578251363,39.98201246160811,-1.8696018603459083e-07,0.09084870821068984,22.711580655695894,1.114706453066823,-0.12429381013176165,-0.15207878964111254,0.5312422540628885,-0.07160844101770447,False,True,False,False,4.099999932805076e-05,3.300000025774352e-05,False,True
2023-04-21,2.8000000384054147e-05,18300525,-0.1017826670670135,-0.22314356430699095,-0.19415601826236373,-0.27871343231730134,-0.3813675264238786,0.934309243282643,1.1349799111843495,35.336270049585494,-5.797131129957886e-07,0.10105109073203654,28.515427010703835,1.1362782509066016,-0.1977077398245298,-0.22694643097220546,0.37625953546321156,-0.19006571963428842,False,True,False,False,4.099999932805076e-05,3.300000025774352e-05,False,False
2023-04-22,2.9999999242136255e-05,17626946,0.06899283250860686,-0.2097205998086945,-0.12516318575375687,-0.23638875891697278,-0.23638875891697278,0.9162906712411752,1.2039727436929561,40.31532164269645,-6.644122040987123e-07,0.09472047079188164,31.166584836885093,1.1624259857314072,-0.1354467216819741,-0.16666669108828353,0.46663403097638456,-0.036806539703096,False,False,False,False,4.099999932805076e-05,3.300000025774352e-05,False,False
2023-04-23,2.9000000722589903e-05,11471610,-0.03390150149666327,-0.32158357394844433,-0.1880522332950474,-0.1880522332950474,-0.6029960539789628,0.8823891697445119,1.1700712421962929,38.710350349150055,-7.415275468554404e-07,0.09591374523009841,34.01971341208969,1.1354229379190957,-0.15451894208829428,-0.18858420292867997,0.4105058649872572,-0.3492003663028185,False,False,False,False,4.099999932805076e-05,3.300000025774352e-05,False,False
2023-04-24,4.5000000682193786e-05,194289706,0.4393666500268146,0.16907638961317842,0.25131441673176724,0.25131441673176724,-0.08515776049387319,1.3217558197713266,1.6094378922231074,63.64715668528719,2.767432497420736e-07,0.08914203700810466,42.89604153096936,1.925410037120074,0.2949640302833098,0.2562814192839534,1.1691974192167949,15.93656827594383,False,False,False,False,4.099999932805076e-05,3.300000025774352e-05,True,False
2023-04-25,3.7000001611886546e-05,135205303,-0.19574454872145686,0.0,0.08455741405493775,0.027398982381760074,-0.23922967442187168,1.2130226755999445,1.4136933435016508,52.20905043498573,3.9594679599979885e-07,0.11997700671858558,43.09961677138093,2.0507682409316246,0.06321842174592175,0.0352546548401669,0.771182451764365,-0.3041046497852027,True,False,False,True,4.099999932805076e-05,2.700000004551839e-05,False,False
2023-04-26,3.7000001611886546e-05,58132244,0.0,0.11441038693183476,0.08455741405493775,0.11441038693183476,-0.26028309007002076,1.2130226755999445,1.4136933435016508,52.20905043498573,4.550223690728654e-07,0.12105972600099851,43.199840944645516,2.0261252873209696,0.05865525108142692,0.0381594086111497,0.758973206767034,-0.5700446453642429,False,False,False,False,4.099999932805076e-05,2.700000004551839e-05,False,False
2023-04-27,3.7000001611886546e-05,28370816,0.0,0.17693076525028792,0.027398982381760074,0.11441038693183476,-0.32090765838676777,0.8383292364937008,1.5314764170536461,52.20905043498573,4.722769662472903e-07,0.11627360069197705,43.229805143128985,2.0261252873209696,0.054131081888134265,0.03932587811881237,0.7469311327436123,-0.5119607631179695,False,False,True,False,4.8000001697801054e-05,2.700000004551839e-05,False,False
2023-04-28,3.600000127335079e-05,23132265,-0.027398982381760095,0.2513144499355413,0.02817088562855035,0.02817088562855035,-0.3285040063390563,0.538996544041958,1.504077434671886,50.78420409749398,3.975203712795133e-07,0.11295159264733493,43.062035472549105,2.018963811913385,0.02272729034403445,0.009534518004631388,0.6881594865392908,-0.18464576415426326,False,False,False,False,4.8000001697801054e-05,2.700000004551839e-05,False,False
2023-04-29,3.5000000934815034e-05,20522216,-0.02817088562855035,0.15415073179838404,-0.05556986801031047,0.058840518921524324,-0.2732933304804532,0.37729422247961397,1.4759065490433356,49.3342461210373,2.681057785313977e-07,0.11196193151119081,43.062035472549105,2.010350127385984,-0.005681809667050015,-0.01960782715228758,0.6305614121910621,-0.11283153638435317,False,False,False,False,4.8000001697801054e-05,2.700000004551839e-05,False,False
2023-04-30,3.400000059627928e-05,22877301,-0.02898754604462723,0.1590646872504201,-0.16251888669802414,0.0,-0.3237870884768094,0.30748474254771146,1.4469190029987085,47.86258571566555,1.1060567117377908e-07,0.11122411753529932,43.22452309358093,2.0105519771374594,-0.032716927600993824,-0.04815228901776884,0.574074091569605,0.11475783122056615,False,False,False,False,4.8000001697801054e-05,2.700000004551839e-05,False,False
2023-05-01,3.199999991920777e-05,27649661,-0.06062464187881776,-0.34092660465521224,-0.17185021504203388,-0.17185021504203388,-0.34092660465521224,0.24686010066889363,1.3862943611198906,44.973062108111144,-1.2031125487002205e-07,0.11419879825672175,43.97427073756355,1.9800207788354405,-0.08701856255561029,-0.10213244657838955,0.47295740925948443,0.20860677577306874,False,True,False,False,4.8000001697801054e-05,2.700000004551839e-05,False,False
2023-05-02,3.199999991920777e-05,21887347,0.0,-0.14518205593375544,-0.14518205593375544,-0.06062464187881776,-0.24783615004033255,0.20763937352338593,1.3862943611198906,44.973062108111144,-2.572297891800753e-07,0.11050602847526178,44.6901842255063,1.9430967090733005,-0.08440631153401645,-0.09909911109430133,0.4645308795706441,-0.20840450810590405,False,True,False,False,4.8000001697801054e-05,2.700000004551839e-05,False,False
2023-05-03,3.300000025774352e-05,37360236,0.0307716690019207,-0.1144103869318347,0.0,-0.1144103869318347,-0.2411620410680621,0.2384110425253066,1.4170660301218114,46.8342963222915,-2.6365049264320187e-07,0.10816127422834936,45.04808853901407,1.9218746319320754,-0.05172414423945986,-0.06779661382732707,0.5013648794765828,0.7069330513195593,False,False,False,False,4.8000001697801054e-05,2.700000004551839e-05,False,False
2023-05-04,3.199999991920777e-05,21904738,-0.03077166900192073,-0.14518205593375544,0.03174870931653243,-0.11778307355199538,-0.24783615004033255,0.24686010066889363,1.3862943611198906,45.188272546260094,-3.1497555805002567e-07,0.11027050925604336,45.78114118154632,1.9224314961945035,-0.07647909087194274,-0.09399774724241873,0.4476362687646081,-0.4136884467218034,False,False,False,False,4.8000001697801054e-05,2.700000004551839e-05,False,False
2023-05-05,4.8000001697801054e-05,380801436,0.40546514600377637,0.28768207245178085,0.5389965223873223,0.28768207245178085,0.15762899596344362,0.40546514600377637,1.791759507123667,65.86188020496877,6.938630501784775e-07,0.10248888364431774,55.73976836235752,2.395002904285178,0.3636363941720842,0.35135138180071085,1.1515016309301649,16.384432354315308,False,False,False,True,4.8000001697801054e-05,3.099999958067201e-05,False,False
2023-05-06,3.9999998989515007e-05,156730720,-0.1823216174269344,0.13353134065339686,0.28768207245178085,0.16251888669802414,-0.04879018149314084,0.32158357394844417,1.6094378896967325,54.74374244984075,7.811010511765699e-07,0.13027334026053608,55.73976836235752,2.4772846943109665,0.1363635929089573,0.1267605206569445,0.7797552276519627,-0.5884187789669995,True,False,False,False,4.8000001697801054e-05,3.099999958067201e-05,False,False
2023-05-07,3.9999998989515007e-05,64526353,0.0,0.16251888669802414,0.32158357394844417,0.16251888669802414,0.02531781731244086,0.22314352857684194,1.6094378896967325,54.74374244984075,7.948856818487743e-07,0.12811096141191128,56.4415180684888,2.4772846943109665,0.1331444315440481,0.12485935160775044,0.7667843972199769,-0.5882979865083247,False,False,False,False,4.8000001697801054e-05,3.099999958067201e-05,False,False
2023-05-08,3.400000059627928e-05,66152228,-0.16251888669802414,0.06062464187881777,-0.2803019627763945,0.0,0.029852972876897095,0.06062464187881777,1.4469190029987085,47.73464652310942,3.771909642872957e-07,0.1546590245629855,56.58805722949953,2.5456732514091684,-0.03271692259536765,-0.041713636633017165,0.4928650007793616,0.025197069482603585,False,False,True,False,5.500000042957254e-05,3.099999958067201e-05,False,False
2023-05-09,3.600000127335079e-05,47937199,0.05715843167317764,0.11778307355199531,-0.027398982381760095,0.02817088562855035,0.08701140455007468,0.18232161742693434,1.504077434671886,50.0312686023723,2.206311544043733e-07,0.13960176238909233,56.09923747045069,2.551600217513909,0.019830050224976265,0.015801375951726124,0.5706806740823033,-0.27535019682179107,False,True,False,False,5.500000042957254e-05,3.099999958067201e-05,False,False
2023-05-10,3.7999998312443495e-05,46783093,0.0540671414900384,0.14107854604011302,0.026668159108278237,0.0822380271185888,0.14107854604011302,0.5020918771980809,1.5581445761619244,52.28902870950285,2.3544967437010924e-07,0.13032636824103225,54.76961723149808,2.5583103660763586,0.06591859346454718,0.07344626521010666,0.6468038176779504,-0.024075374116038772,False,False,False,False,5.500000042957254e-05,3.099999958067201e-05,False,False
2023-05-11,3.5000000934815034e-05,61220277,-0.08223802711858871,0.08961218792344498,-0.05556986801031047,0.02898754604462726,-0.02817088562855035,0.5108256584134075,1.4759065490433356,48.732133256670835,3.728339982098639e-08,0.1415943250072172,50.674464563901765,2.5733213104788737,-0.027777764093251226,-0.010180982323649702,0.5076459499253674,0.308598322047668,False,False,False,False,5.500000042957254e-05,3.099999958067201e-05,False,False
2023-05-12,3.600000127335079e-05,47055502,0.02817088562855035,-0.2876820724517809,0.0,0.05715843167317764,-0.054067141490038405,0.4054651081081644,1.3862943611198906,49.95419228478211,-2.8803881051054848e-08,0.13378059172566456,47.918049585473966,2.5750636539370957,-0.00826444293160993,0.019252568778135838,0.5410959354615549,-0.23137391227419635,False,False,False,False,5.500000042957254e-05,3.099999958067201e-05,False,False
2023-05-13,3.600000127335079e-05,35960886,0.0,-0.10536045502484652,0.02817088562855035,0.0,-0.08004263771240555,0.4480247357080425,1.3862943611198906,49.95419228478211,-7.239423856513424e-08,0.1281930903451206,43.82980533721194,2.56733388395561,-0.01773531514864419,0.018675742010597615,0.5315890680590967,-0.2357772317464597,False,False,False,False,5.500000042957254e-05,3.099999958067201e-05,False,False
2023-05-14,3.600000127335079e-05,18865845,0.0,-0.10536045502484652,0.05715843167317764,0.02817088562855035,0.0,0.538996544041958,1.2809339060950442,49.95419228478211,-9.943388067219654e-08,0.12102056862039948,39.004116703442946,2.5653229672756046,-0.005524843555859351,0.018099567762238193,0.5221987753560279,-0.47537874901080024,False,False,False,False,5.500000042957254e-05,3.099999958067201e-05,False,False
2023-05-15,3.5000000934815034e-05,20477431,-0.02817088562855035,0.02898754604462726,0.08961218792344498,-0.05556986801031047,-0.08223802711858871,0.41985385007949216,1.2527630204664937,48.50997661643673,-1.7827344777741116e-07,0.11762781003420521,39.15921814261015,2.559500222997154,-0.03047090379868063,-0.009620814957105627,0.47151569053906195,0.08542347294807096,False,False,False,False,5.500000042957254e-05,3.099999958067201e-05,False,False
2023-05-16,3.400000059627928e-05,18839206,-0.02898754604462723,-0.05715843167317757,0.06062464187881777,-0.16251888669802414,-0.18721150816151486,-0.08455741405493772,1.2237754744218665,47.04523691077993,-2.850409827077852e-07,0.11664003087902858,39.56976240975042,2.5446675484399788,-0.05424200010748991,-0.03846153648299967,0.42199917887406835,-0.08000149042133264,False,False,False,False,5.500000042957254e-05,3.099999958067201e-05,False,False
2023-05-17,3.400000059627928e-05,26049011,0.0,-0.11122557316321602,0.029852972876897095,-0.11122557316321602,-0.08455741405493772,-0.48097265088909363,1.1284652615450068,47.04523691077993,-3.39248944730618e-07,0.11251028212295563,39.91189073160556,2.539312789879371,-0.05027932563499083,-0.03900508581820152,0.4154871093552628,0.382702169082922,False,True,False,False,5.500000042957254e-05,3.099999958067201e-05,False,False
2023-05-18,3.300000025774352e-05,36049945,-0.029852972876897123,-0.05884051892152432,0.0307716690019207,-0.1144103869318347,-0.14107854604011305,-0.49247647897325064,1.1939225015449695,45.45351841742961,-4.2071638221366774e-07,0.11413321682738624,40.65289437631164,2.5396995085438427,-0.07433380470585053,-0.06621392889251211,0.3673088888544497,0.38392758941980554,False,False,False,False,5.500000042957254e-05,3.099999958067201e-05,False,False
2023-05-19,3.300000025774352e-05,20957701,0.0,-0.08701140455007465,-0.3746934770018557,0.0,-0.14107854604011305,-0.4353180453186025,1.1939225015449695,45.45351841742961,-4.502222899605055e-07,0.10814534707721653,41.26113451448206,2.508149742593163,-0.07172996082843452,-0.06621392889251211,0.3611053838875924,-0.41864818379057167,False,False,False,False,5.500000042957254e-05,3.099999958067201e-05,False,False
2023-05-20,3.300000025774352e-05,28638123,0.0,-0.08701140455007465,-0.19237185957492112,0.06252037831845315,-0.19237185957492112,-0.3536400613537065,1.0986122886681098,45.45351841742961,-4.4458682142107696e-07,0.1047496851895597,41.629190651826725,2.497994855228779,-0.07042253780930846,-0.06568517103684154,0.3552361410454299,0.3664725439111858,False,False,False,False,5.500000042957254e-05,3.099999958067201e-05,False,False
2023-05-21,3.099999958067201e-05,23347328,-0.06252037831845315,-0.1495317828685278,-0.2548922378933743,0.1017826670670135,-0.1769307652502879,-0.27958485935686506,1.0360919103496566,41.91137187277206,-5.43842907147786e-07,0.10815119034397536,42.290544685231765,2.481144765143865,-0.12552893466158319,-0.11881753587492745,0.2678936349684309,-0.18474657015754836,False,False,False,False,5.500000042957254e-05,3.099999958067201e-05,False,False
2023-05-22,3.099999958067201e-05,21976775,0.0,-0.12136089723997746,-0.09237335119535023,0.032789834558406554,-0.20359892435856625,-0.20359892435856625,0.9490805057995818,41.91137187277206,-5.747649201367651e-07,0.10273025359604732,42.93785403032817,2.4698307837471263,-0.12429380563204331,-0.11731209837677949,0.26272909894117774,-0.058702777465584055,False,True,False,False,5.500000042957254e-05,3.099999958067201e-05,False,False
2023-05-23,3.199999991920777e-05,18980844,0.03174870931653243,-0.06062464187881776,-0.11778307355199538,0.09844004537160243,-0.08961218792344504,-0.5045560086073605,0.9808292151161143,44.4228791125641,-4.961077862294196e-07,0.09464350911782043,43.42452733603487,2.468738711124479,-0.09476663014520184,-0.08623645180664409,0.2981744306353056,-0.13632259510323963,False,False,False,False,5.500000042957254e-05,3.099999958067201e-05,False,False
2023-05-24,3.099999958067201e-05,70144654,-0.0317487093165324,-0.09237335119535023,-0.20359892435856625,-0.3726753139717448,-0.12136089723997746,-0.45783307446561783,0.9490805057995818,42.44650161739962,-4.7939654372984e-07,0.0976306481160513,44.047121434037464,1.9035426345074837,-0.12181305072222529,-0.1122566104699379,0.25252522775611425,2.6955497869325518,False,False,False,False,5.500000042957254e-05,3.099999958067201e-05,False,False
2023-05-25,3.099999958067201e-05,52100809,0.0,-0.06252037831845315,-0.12136089723997746,-0.1769307652502879,-0.1495317828685278,-0.41616043967215954,1.0360919103496566,42.44650161739962,-4.3747748970181097e-07,0.09756947522340112,31.258264509380485,1.7850371150143787,-0.10014515535354787,-0.10970708812957786,0.24748488494546275,-0.2572376363849481,False,False,False,False,5.500000042957254e-05,3.099999958067201e-05,False,False
2023-05-26,3.099999958067201e-05,27295192,0.0,-0.06252037831845315,-0.1495317828685278,-0.1769307652502879,-0.06252037831845315,-0.4372138553203088,1.0360919103496566,42.44650161739962,-3.809590341526911e-07,0.09520852354644144,29.056681056573602,1.7850371150143787,-0.08823531268518586,-0.10817033346458525,0.24223600051006605,-0.4761080965172729,False,False,False,False,5.500000042957254e-05,3.099999958067201e-05,False,False
2023-05-27,3.300000025774352e-05,25161616,0.06252037831845315,0.0,-0.08701140455007465,-0.1144103869318347,0.0,-0.4353180453186025,0.723918849561866,48.20292202257848,-1.8974909385638436e-07,0.08737886327268815,24.4408774164297,1.8008876319228453,-0.01931649427737564,-0.05008635958397856,0.316051846820778,-0.07816673354047121,False,False,False,False,5.500000042957254e-05,3.099999958067201e-05,False,False
2023-05-28,3.5000000934815034e-05,98666993,0.058840518921524324,0.12136089723997749,-0.02817088562855035,-0.02817088562855035,0.0,-0.35667489196760654,0.5108256584134075,53.23959468891061,7.629179520919544e-08,0.08466435282217646,24.64159354319362,1.8117622685968435,0.038575685754545674,0.00690450273092054,0.38806268964536833,2.9213297349423026,False,False,False,False,5.500000042957254e-05,3.099999958067201e-05,False,False
2023-05-29,3.300000025774352e-05,33167729,-0.05884051892152432,0.06252037831845315,-0.05884051892152432,-0.05884051892152432,0.0,-0.3321338494019774,0.31845370355808966,48.19290864164682,1.1984434410799758e-07,0.08771056693410781,23.98617248186659,1.8207005740449964,-0.01639344262295078,-0.04953917412835801,0.3022888734742499,-0.6638416962803356,False,False,False,False,5.500000042957254e-05,3.099999958067201e-05,False,False
2023-05-30,3.300000025774352e-05,23371506,0.0,0.0307716690019207,-0.029852972876897123,-0.029852972876897123,-0.029852972876897123,-0.3536400613537065,0.27763176967081443,48.19290864164682,1.4902463646743903e-07,0.0814455264388144,20.840068779951366,1.8180905671873242,-0.009009011961674229,-0.048442909841218455,0.29589633037649676,-0.2953540473030276,False,False,False,False,5.500000042957254e-05,3.099999958067201e-05,False,False
2023-05-31,3.099999958067201e-05,24555518,-0.06252037831845315,0.0,-0.09237335119535023,-0.0317487093165324,-0.20359892435856625,-0.3726753139717448,0.2151113913523613,43.41952854456054,3.969196958571566e-08,0.08511551219331351,21.242781423003695,1.8188849806063396,-0.06344412968051256,-0.10456385760524886,0.21188426081530198,0.050660492310593996,False,False,True,False,3.600000127335079e-05,3.099999958067201e-05,False,False
2023-06-01,3.099999958067201e-05,26161937,0.0,0.0,-0.06252037831845315,-0.0317487093165324,-0.09237335119535023,-0.27958485935686506,0.17589066420685354,43.41952854456054,-2.318163282790516e-08,0.08364412930421723,20.47510174446206,1.8188849806063396,-0.05631660927353691,-0.1030092804585794,0.20622565741813545,0.0654198783344746,False,False,False,False,3.600000127335079e-05,3.099999958067201e-05,False,False
2023-06-02,3.199999991920777e-05,20789056,0.03174870931653243,0.03174870931653243,-0.03077166900192073,-0.03077166900192073,-0.14518205593375544,-0.2719337100699828,0.20763937352338593,46.492756859189875,1.0230865490253108e-08,0.07747451803526749,18.690537705777924,1.8191033582041087,-0.01990812304060989,-0.07192576507643189,0.23910937967988902,-0.20537015282928017,False,False,False,False,3.600000127335079e-05,3.099999958067201e-05,False,False
2023-06-03,3.199999991920777e-05,15777753,0.0,-0.03077166900192073,-0.03077166900192073,0.0,-0.11778307355199538,-0.24783615004033255,0.24686010066889363,46.49275685918988,3.8401084367797946e-08,0.07194062388989124,16.294987380919142,1.8159340474081025,-0.013867493107823899,-0.07030797098990753,0.23337828990097695,-0.24105486078829164,False,False,False,False,3.600000127335079e-05,3.099999958067201e-05,False,False
2023-06-04,3.099999958067201e-05,12516763,-0.0317487093165324,-0.12136089723997746,0.0,-0.4372138553203088,-0.1495317828685278,-0.27958485935686506,-0.0317487093165324,43.73756270203935,-2.0963946320834022e-09,0.0712610604136312,15.127212459435063,1.0774544584797,-0.03875970303940439,-0.0962099316464303,0.1895625250187277,-0.2066827893680424,False,False,False,False,3.600000127335079e-05,3.099999958067201e-05,False,False
2023-06-05,2.8000000384054147e-05,28113944,-0.1017826670670135,-0.16430304538546658,-0.1017826670670135,-0.35667490496038773,-0.19415601826236373,-0.40546508645352874,-0.03509133101194358,36.709290472899646,-2.111409882324449e-07,0.08346481133830116,18.346608328845722,0.9485474572466792,-0.12363066072028878,-0.17792131102962672,0.07013186400797361,1.246103405489103,False,True,False,False,3.600000127335079e-05,3.099999958067201e-05,False,True
2023-06-06,2.9000000722589903e-05,23814658,0.035091331011943595,-0.12921171437352302,-0.0984400453716023,-0.32158357394844433,-0.15906468725042014,-0.29626575663600335,-0.0984400453716023,40.16105842268936,-2.591173263109686e-07,0.07975662959135355,19.17815201207948,0.9618869095912548,-0.08517347876955045,-0.14403776759714976,0.10371077266429478,-0.15292361683583067,False,True,False,False,3.600000127335079e-05,3.099999958067201e-05,False,False
2023-06-07,2.700000004551839e-05,17749393,-0.07145898721317157,-0.13815032326824148,-0.13815032326824148,-0.23052367446359173,-0.23052367446359173,-0.20067070158669453,-0.16989903258477387,35.93936487695021,-3.9448667878579665e-07,0.08748214567461976,22.929937511351962,0.8235028813090037,-0.1401273867823848,-0.19833729809470294,0.024084956889986766,-0.25468621048431606,False,False,False,False,3.600000127335079e-05,3.099999958067201e-05,False,False
2023-06-08,2.700000004551839e-05,17800987,0.0,-0.13815032326824148,-0.13815032326824148,-0.2876821061367693,-0.2595112205082189,-0.20067070158669453,-0.10536048870983478,35.93936487695021,-4.4900150867435493e-07,0.0838789245202154,25.691299074683954,0.7903227575478619,-0.13183279535893103,-0.19547080444851184,0.02040815905643623,0.002906803629848076,False,False,False,False,3.600000127335079e-05,3.099999958067201e-05,False,False
2023-06-09,2.700000004551839e-05,15018345,0.0,-0.16989903258477387,-0.13815032326824148,-0.3417492476268077,-0.2595112205082189,-0.20067070158669453,0.16034262957127335,35.93936487695021,-4.4895716749206856e-07,0.08053307630541137,27.732671352243663,0.7573240739028231,-0.12337662097978504,-0.19354839323087725,0.016757668569401883,-0.15631953441682755,False,False,False,False,3.600000127335079e-05,3.099999958067201e-05,False,False
2023-06-10,2.099999983329326e-05,39100437,-0.25131443790518865,-0.4212134704899625,-0.4519851394918833,-0.5108256584134075,-0.48183811236878044,-0.538996544041958,0.0,25.78380726960505,-7.966012515576906e-07,0.11995615871285661,39.845250310992974,1.1058357844886626,-0.30693069812156,-0.37012598547460046,-0.21097126756954868,1.6035117051845593,False,False,False,False,3.600000127335079e-05,3.099999958067201e-05,False,False
2023-06-11,2.099999983329326e-05,18236732,0.0,-0.38946476117343004,-0.5108256584134075,-0.538996544041958,-0.48183811236878044,-0.5930636855319963,-0.13353143593379352,25.783807269605035,-9.592240155453736e-07,0.11478922338463957,48.693577182883296,1.0956626872059603,-0.2953020188508647,-0.36670688673813984,-0.2127460275233413,-0.533592629668052,False,True,False,False,3.600000127335079e-05,3.099999958067201e-05,False,False
2023-06-12,2.2000000171829015e-05,14508008,0.04652003138371882,-0.2411620627226978,-0.40546510810816444,-0.4924765126582391,-0.4924765126582391,-0.5725191503706446,-0.0444517769501965,29.62754986156976,-9.313500955724977e-07,0.10499174617273953,54.110365675269264,1.1170702695947652,-0.24914675195835548,-0.33373712988023935,-0.17726252619079003,-0.20446229072182454,False,False,False,False,3.600000127335079e-05,3.099999958067201e-05,False,False
2023-06-13,2.2000000171829015e-05,20948698,0.0,-0.2762533937346413,-0.40546510810816444,-0.4924765126582391,-0.4643056270296887,-0.4924765126582391,0.04652003138371882,29.62754986156976,-8.472326917332995e-07,0.10398584437290322,58.868359030888286,1.1170702695947652,-0.23743500363900336,-0.3243243250792672,-0.1792575993077501,0.4439403397075601,False,False,False,True,3.600000127335079e-05,1.9999999494757503e-05,False,False
2023-06-14,2.099999983329326e-05,14851629,-0.046520031383718866,-0.25131443790518865,-0.38946476117343004,-0.5108256584134075,-0.566395526423718,-0.5930636855319963,-0.09097180833391537,27.948792096365764,-7.941592058709206e-07,0.10455766090304021,64.08114041338719,1.1213259744312427,-0.25925926638835745,-0.3486352460570586,-0.21831380161225658,-0.2910476345594366,False,False,False,False,3.600000127335079e-05,1.9999999494757503e-05,False,False
2023-06-15,2.099999983329326e-05,14182628,0.0,-0.25131443790518865,-0.38946476117343004,-0.48183811236878044,-0.6443569990668044,-0.6690496205302952,-0.566395526423718,27.948792096365764,-6.976979113101681e-07,0.10049061827552433,68.47162471231304,1.12199298258798,-0.24596051031489613,-0.34210527290548,-0.21991085737058952,-0.045045631021351284,False,False,False,False,3.600000127335079e-05,1.9999999494757503e-05,False,False
2023-06-16,2.2000000171829015e-05,20936209,0.04652003138371882,-0.2047944065214698,-0.3746934391062437,-0.43531808098506153,-0.5465436541482775,-0.5198754950399992,-0.916290731874155,32.391645941477435,-5.136907591825384e-07,0.09231798275289338,69.97775303671418,1.1419309922288252,-0.19413918950196588,-0.30423782292479284,-0.18473225667634224,0.4761868533814748,False,False,False,False,3.600000127335079e-05,1.9999999494757503e-05,False,False
2023-06-17,2.2000000171829015e-05,14959788,0.0,0.04652003138371882,-0.3746934391062437,-0.40546510810816444,-0.5198754950399992,-0.5465436541482775,-0.8979415870814151,32.391645941477435,-3.471043988221184e-07,0.08897059544822353,68.49854537976829,1.141630400801588,-0.17448404664217812,-0.2980216958073624,-0.18654094834073373,-0.2854586042774029,False,False,False,False,3.600000127335079e-05,1.9999999494757503e-05,False,False
2023-06-18,2.2000000171829015e-05,12306226,0.0,0.04652003138371882,-0.3429447297897112,-0.40546510810816444,-0.40546510810816444,-0.5465436541482775,-0.840783153426767,32.391645941477435,-1.9937866438865456e-07,0.08586230723674439,67.83232436123721,1.141630400801588,-0.15708811646382814,-0.2921492901155687,-0.1881918799992963,-0.1773796527063084,False,False,False,False,3.600000127335079e-05,1.9999999494757503e-05,False,False
2023-06-19,2.2000000171829015e-05,10951383,0.0,0.0,-0.2411620627226978,-0.40546510810816444,-0.3429447297897112,-0.5978369676830855,-0.7591051694618709,32.391645941477435,-7.07640076930646e-08,0.08297603961179947,65.95347352052067,1.141630400801588,-0.13894324212349737,-0.2866407241109423,-0.1899852705977655,-0.11009411008704051,False,False,False,False,3.600000127335079e-05,1.9999999494757503e-05,False,False
2023-06-20,2.300000051036477e-05,18158738,0.044451776950196496,0.044451776950196496,-0.23180161678444478,-0.29849295283951466,-0.19671028577250127,-0.4754237180898026,-0.5780778121963798,37.569571583139776,1.0310897379974496e-07,0.07991039633673239,64.46258756113508,1.144808238474237,-0.08548705927365005,-0.24983690825995336,-0.15503304988704464,0.6581228142600801,False,False,False,False,3.600000127335079e-05,1.9999999494757503e-05,False,False
2023-06-21,2.5999999706982635e-05,73103427,0.12260228863266127,0.21357409696657662,-0.03774034093861205,-0.17589066420685354,-0.14310082964844692,-0.3794895885654197,-0.3794895885654197,49.95296051214027,4.2363453602736973e-07,0.08212420215380885,61.57033827211975,1.2345743792432775,0.04417669245165708,-0.14865751220963577,-0.047619063641891585,3.0257988743490873,True,False,False,False,3.600000127335079e-05,1.9999999494757503e-05,False,False
2023-06-22,2.5999999706982635e-05,123330518,0.0,0.21357409696657662,-0.03774034093861205,-0.2076393735233859,-0.10919932815178356,-0.29725156144683096,-0.7121953821307465,49.952960512140265,6.268581261285235e-07,0.08449994883902298,56.65447585706714,1.2273461938269492,0.0569105549784351,-0.1447368557256391,-0.0504017690580682,0.6870688976044859,True,False,False,False,3.600000127335079e-05,1.9999999494757503e-05,False,False
2023-06-23,2.700000004551839e-05,49673657,0.03774034093861201,0.20479440652146988,0.0,-0.13815032326824148,-0.5108256372399861,-0.2595112205082189,-0.5959833977338593,53.51732940770511,8.082947451659018e-07,0.08084916140545018,50.97037041973426,1.2335720267735417,0.10882956802154188,-0.10891089382326936,-0.01693064281114007,-0.5972314249097697,False,False,False,False,3.600000127335079e-05,1.9999999494757503e-05,False,False
2023-06-24,2.700000004551839e-05,28142822,0.0,0.20479440652146988,0.25131443790518865,-0.13815032326824148,-0.31508108851852934,-0.2876821061367693,-0.5543107629404009,53.51732940770511,9.009045527968548e-07,0.0803652283783407,46.04286848217761,1.2335720267735417,0.11801242048893244,-0.09638554400230376,-0.019963706199822157,-0.4334457396603596,False,False,False,False,3.600000127335079e-05,1.9999999494757503e-05,False,False
2023-06-25,2.700000004551839e-05,22062731,0.0,0.20479440652146988,0.25131443790518865,-0.13815032326824148,-0.31508108851852934,-0.20067070158669453,-0.5753641785885503,53.51732940770511,9.309313330430258e-07,0.07727035845938486,45.119593089979496,1.2335720267735417,0.12033194911133364,-0.08845374999734087,-0.02315485180824369,-0.21604411242056676,False,False,False,False,3.600000127335079e-05,1.9999999494757503e-05,False,False
2023-06-26,2.5999999706982635e-05,19803727,-0.03774034093861205,0.16705406558285782,0.16705406558285782,-0.2384110425253066,-0.3528214294571414,-0.2384110425253066,-0.6737290878439092,49.145695473459895,8.542187644834526e-07,0.07725795747372158,42.07807108743616,1.2143271838036676,0.0855949767183597,-0.1138377785555194,-0.06204907779125962,-0.10239004409744201,False,False,False,False,3.600000127335079e-05,1.9999999494757503e-05,False,False
2023-06-27,2.5999999706982635e-05,17989790,0.0,0.12260228863266127,0.16705406558285782,-0.29725156144683096,-0.32542244707538137,-0.29725156144683096,-0.6539264534144377,49.145695473459895,7.764961876499351e-07,0.07173953193988433,41.301966373896406,1.1907103391214071,0.0878660966857028,-0.10897876654157043,-0.06491639752120619,-0.09159573851932012,False,True,False,False,3.600000127335079e-05,1.9999999494757503e-05,False,False
2023-06-28,2.4000000848900527e-05,19613164,-0.08004266103278307,-0.08004266103278307,0.1335314359337936,-0.3184537035580898,-0.377294222479614,-0.3184537035580898,-0.6505875529600671,41.31718635932432,5.728098564640239e-07,0.07811892694070882,39.811187887745966,1.2039002982563325,0.010526349972365942,-0.17069796996484207,-0.13916783652515277,0.09023862980057018,False,False,False,False,3.600000127335079e-05,1.9999999494757503e-05,False,False
2023-06-29,2.4000000848900527e-05,15095873,0.0,-0.08004266103278307,0.1335314359337936,-0.3184537035580898,-0.34830667643498675,-0.34830667643498675,-0.6720937649117963,41.31718635932432,4.2717916366034225e-07,0.07551518955260923,38.050752248214195,1.2039002982563325,0.016949185201619463,-0.16259592792174438,-0.14147734874787005,-0.2303193406224513,False,True,False,False,3.600000127335079e-05,1.9999999494757503e-05,False,False
2023-06-30,2.9000000722589903e-05,94785263,0.18924198918456656,0.07145898721317147,0.27625339373464125,-0.06669133605506994,-0.0984400453716023,-0.2702902604136362,-0.4393666500268147,59.857223391766745,6.436855051341299e-07,0.07280969859717133,40.82482904667285,1.3753558227674887,0.2083333573338879,0.016117748886388145,0.033683855290956556,5.278885825284831,False,False,False,False,3.600000127335079e-05,1.9999999494757503e-05,False,False
2023-07-01,2.8000000384054147e-05,77910965,-0.03509133101194358,0.036367656201227935,0.24116206272269766,-0.1017826670670135,-0.13353137638354592,-0.19415601826236373,-0.3813675264238786,56.04357757395498,6.914496178329172e-07,0.0776766730460535,40.99377313334594,1.3800804328848144,0.14989733933881705,-0.013389702707962716,-0.005151884008294978,-0.1780265989239277,True,False,False,False,3.600000127335079e-05,1.9999999494757503e-05,False,False
2023-07-02,2.700000004551839e-05,22347441,-0.036367656201228,0.0,0.20479440652146988,-0.16989903258477387,-0.20067070158669453,-0.31508108851852934,-0.4418327426547567,52.44514194685072,6.293695433567129e-07,0.08009076720268035,40.61787305951256,1.3787015444577326,0.09756097110105745,-0.042553194096936635,-0.04374004272921401,-0.7131669335632025,False,False,False,False,3.600000127335079e-05,1.9999999494757503e-05,False,False
2023-07-03,2.8000000384054147e-05,41859558,0.036367656201227935,0.07410799713984012,0.24116206272269766,-0.13353137638354592,-0.13353137638354592,-0.25131444993554125,-0.3813675264238786,55.52074361887552,6.278965108280228e-07,0.07681596836628643,40.607950860604724,1.3863961177421582,0.12449800047591048,-0.0014265236216519021,-0.011473955029072579,0.8731253390488871,False,False,False,False,3.600000127335079e-05,1.9999999494757503e-05,False,False
2023-07-04,2.700000004551839e-05,23221402,-0.036367656201228,0.03774034093861201,0.16034262957127335,-0.13815032326824148,-0.5753641785885503,-0.2876821061367693,-0.4177351826251065,51.9055335208409,5.354215428347114e-07,0.07661643692740476,38.09523775179096,1.3876338377232296,0.07142856627270583,-0.03156384650111136,-0.049797645863991206,-0.445254486442499,False,False,False,False,3.600000127335079e-05,1.9999999494757503e-05,False,False
2023-07-05,2.499999936844688e-05,21189354,-0.07696106808411976,0.04082193388727526,-0.03922072714550778,-0.11332872428534778,-0.4700036292457356,-0.30748474254771146,-0.5187938107388764,45.52131497757642,3.2571799589949765e-07,0.08254963089660058,34.645668589341845,1.3683220358156958,-0.01574806180503438,-0.09747294907973347,-0.12265312400135067,-0.08750755014705835,False,False,False,False,3.600000127335079e-05,1.9999999494757503e-05,False,False
2023-07-06,2.499999936844688e-05,20137952,0.0,0.04082193388727526,-0.03922072714550778,-0.14842005529729133,-0.4700036292457356,-0.30748474254771146,-0.4446858119332947,45.52131497757642,1.804238468733169e-07,0.08236751648283135,32.265304968532064,1.3612321605980018,-0.021526447347614778,-0.09156979169984321,-0.12510938806229432,-0.04961935130254558,False,False,False,False,3.600000127335079e-05,1.9999999494757503e-05,False,False
2023-07-07,2.499999936844688e-05,14649241,0.0,-0.14842005529729133,-0.07696106808411976,-0.07696106808411976,-0.30748474254771146,-0.30748474254771146,-0.2776317696708143,45.52131497757642,8.270559757525766e-08,0.07934126114779606,29.57198432018285,1.3399402455501492,-0.027237380937102165,-0.08625733375506585,-0.12755193716164628,-0.27255557069557024,False,False,False,False,3.600000127335079e-05,1.9999999494757503e-05,False,False
2023-07-08,2.499999936844688e-05,12143294,0.0,-0.11332872428534778,-0.07696106808411976,-0.07696106808411976,-0.3646431742208891,-0.3364722885923387,-0.2776317696708143,45.52131497757642,1.9741049841903776e-08,0.07367402820866778,26.475727479125222,1.3399402455501492,-0.03288203678513071,-0.08088237629811765,-0.12998088584927847,-0.17106326532548688,False,False,False,False,3.600000127335079e-05,1.9999999494757503e-05,False,False
2023-07-09,2.499999936844688e-05,9587978,0.0,-0.07696106808411976,-0.07696106808411976,-0.07696106808411976,-0.41871031571092754,-0.3364722885923387,-0.2776317696708143,45.52131497757642,-1.8184839251409277e-08,0.06841159762233437,22.819073407704135,1.3399402455501492,-0.03846156200614987,-0.07544380987007863,-0.13239634740294906,-0.21043021769875625,False,False,False,False,3.600000127335079e-05,1.9999999494757503e-05,False,False
2023-07-10,2.499999936844688e-05,16566720,0.0,-0.11332872428534778,-0.03922072714550778,0.17435336982106892,-0.3364722885923387,-0.30748474254771146,-0.3646431742208891,45.52131497757642,-3.838739748566836e-08,0.06638219363447746,20.504352297881898,0.9951078263347622,-0.0421456152315956,-0.07132245969125899,-0.13479843384591292,0.7278637894246316,False,False,False,False,3.600000127335079e-05,1.9999999494757503e-05,False,False
2023-07-11,2.499999936844688e-05,13930403,0.0,-0.07696106808411976,-0.03922072714550778,0.17435336982106892,-0.3646431742208891,-0.30748474254771146,-0.41871031571092754,45.52131497757642,-4.633477116582704e-08,0.061640608374871925,20.871061998584107,0.9951078263347622,-0.04030712250126981,-0.06716420189756166,-0.13718725596423947,-0.15913331063722935,False,False,False,False,3.600000127335079e-05,1.9999999494757503e-05,False,False
2023-07-12,2.499999936844688e-05,11504279,0.0,0.0,0.04082193388727526,0.1278333384373501,-0.3646431742208891,-0.3646431742208891,-0.4446858119332947,45.52131497757642,-4.607861181307618e-08,0.05723770777666678,21.206232059123074,0.9843268732883508,-0.038461558642633974,-0.06226558891285104,-0.13956292332384546,-0.17416035989770007,False,False,False,False,3.600000127335079e-05,1.9999999494757503e-05,False,False
2023-07-13,2.700000004551839e-05,21376422,0.0769610680841198,0.0769610680841198,0.11778300197139505,0.20479440652146988,-0.2876821061367693,-0.2595112205082189,-0.2876821061367693,55.43743423069901,8.704632814082277e-08,0.05714881935895124,21.206232059123074,1.0162222197644963,0.03846154465040779,0.015801357027961097,-0.07359753189008618,0.8581279191855482,False,False,False,False,3.600000127335079e-05,1.9999999494757503e-05,False,False
2023-07-14,2.5999999706982635e-05,24400126,-0.03774034093861205,0.03922072714550763,-0.10919932815178356,0.21357409696657662,-0.29725156144683096,-0.3528214294571414,-0.3794895885654197,50.48901267008799,1.048207638923936e-07,0.060602298226609744,20.951490217070866,1.0108687073437246,0.0019267759258019465,-0.01812689849033589,-0.1105029215967644,0.14145042608159586,False,False,False,False,3.600000127335079e-05,1.9999999494757503e-05,False,False
2023-07-15,2.5999999706982635e-05,20787198,0.0,0.03922072714550763,-0.07410799713984,0.21357409696657662,-0.2682640154022037,-0.4307829021002278,-0.4554755235637185,50.48901267008799,1.1294275072586613e-07,0.06176807005550937,20.662687539095998,1.0108687073437246,0.003860998166578064,-0.014404862563849005,-0.1130820533944097,-0.14807005504807635,False,False,False,False,3.600000127335079e-05,1.9999999494757503e-05,False,False
2023-07-16,2.499999936844688e-05,11564535,-0.03922072714550778,0.0,-0.07696106808411976,0.1278333384373501,-0.30748474254771146,-0.41871031571092754,-0.3920421566026492,45.75260810395938,5.0513896808626744e-08,0.0625074523848122,20.91838763140079,1.013044667111092,-0.03288202997980241,-0.04652938964978738,-0.14965988867268895,-0.4436703301714834,False,False,False,False,3.600000127335079e-05,1.9999999494757503e-05,False,False
2023-07-17,2.499999936844688e-05,12972368,0.0,0.0,-0.11332872428534778,0.1278333384373501,-0.2776317696708143,-0.3920421566026492,-0.41871031571092754,45.75260810395938,1.0840320420374675e-08,0.06089977305677831,21.144471330369722,1.013044667111092,-0.03100776970048558,-0.0392006366736966,-0.15211126756351226,0.12173710399942572,False,False,False,False,3.600000127335079e-05,1.9999999494757503e-05,False,False
2023-07-18,2.4000000848900527e-05,11170637,-0.040821933887275265,-0.040821933887275265,-0.11778300197139516,0.08701140455007468,-0.3184537035580898,-0.3184537035580898,-0.45953224959820277,41.26325306025026,-7.633321104552029e-08,0.06188221287962726,21.144471330369722,1.0251405075803879,-0.06976740250969356,-0.07120739547030241,-0.18822929961918977,-0.1388899081493834,False,False,False,False,3.600000127335079e-05,1.9999999494757503e-05,False,False
2023-07-19,2.4000000848900527e-05,10420525,0.0,-0.040821933887275265,-0.040821933887275265,0.08701140455007468,-0.3184537035580898,-0.25593332523963647,-0.510825563133011,41.26325306025026,-1.247174653929967e-07,0.05746205481679675,21.144471330369722,1.0251405075803879,-0.06976740250969356,-0.06469209312724443,-0.1904199442236707,-0.06715033350381006,False,False,False,False,3.600000127335079e-05,1.9999999494757503e-05,False,False
2023-07-20,2.4000000848900527e-05,12149150,0.0,-0.11778300197139516,-0.040821933887275265,0.042559627599878185,-0.25593332523963647,-0.15415065817262302,-0.4328640904899244,41.26325306025025,-1.4596871342035923e-07,0.05633380829469088,18.835553902062525,1.0141299833435662,-0.06066532246789843,-0.05956109456393045,-0.19259879730067248,0.16588655561979837,False,False,False,False,3.600000127335079e-05,1.9999999494757503e-05,False,False
2023-07-21,2.4000000848900527e-05,11991120,0.0,-0.08004266103278307,-0.040821933887275265,-0.08004266103278307,-0.25593332523963647,-0.22314349068123,-0.45953224959820277,41.26325306025025,-1.4876680097801983e-07,0.05230996484507011,17.48206593541786,0.9150651918475594,-0.05325439880792552,-0.05437348924974686,-0.19476595379959083,-0.01300749435145665,False,False,False,False,3.600000127335079e-05,1.9999999494757503e-05,False,False
2023-07-22,2.4000000848900527e-05,9432889,0.0,-0.08004266103278307,-0.040821933887275265,-0.08004266103278307,-0.2876820345561689,-0.1892419891845667,-0.377294222479614,41.26325306025026,-1.3951305504514604e-07,0.04857353878470796,17.095759112319534,0.9150651918475594,-0.047619009809365925,-0.04837427338982579,-0.19692150765313055,-0.21334379107206003,False,False,False,False,3.600000127335079e-05,1.9999999494757503e-05,False,False
2023-07-23,2.4000000848900527e-05,8058913,0.0,-0.040821933887275265,-0.040821933887275265,-0.11778300197139516,-0.25593332523963647,-0.6286086392113812,-0.377294222479614,41.26325306025026,-1.2287257154307538e-07,0.045104000300085954,14.310830188905733,0.9034849531665086,-0.03999996274709694,-0.04229845143059355,-0.19906555179087695,-0.14565802693109187,False,False,False,False,3.600000127335079e-05,1.9999999494757503e-05,False,False
2023-07-24,2.2000000171829015e-05,14853759,-0.08701140455007465,-0.12783333843734995,-0.12783333843734995,-0.2047944065214698,-0.3429447297897112,-0.5198754950399992,-0.4924765126582391,31.591976868845506,-2.298298650791265e-07,0.052183276438053386,16.060283180977187,0.9485775768825181,-0.11111110131184154,-0.11575562207292399,-0.2675212228377172,0.8431467122178884,False,False,False,False,3.600000127335079e-05,1.9999999494757503e-05,False,False
2023-07-25,2.300000051036477e-05,14471829,0.044451776950196496,-0.04255962759987817,-0.08338156148715345,-0.16034262957127332,-0.29849295283951466,-0.4754237180898026,-0.36101333115796796,39.25790552787265,-2.166720876911298e-07,0.04945471168641503,17.230631841020656,0.9651315040041104,-0.06693709812140979,-0.07183210425413684,-0.23613416126523515,-0.02571268323392084,False,True,False,False,3.600000127335079e-05,1.9999999494757503e-05,False,False
2023-07-26,2.2000000171829015e-05,11779078,-0.0444517769501965,-0.08701140455007465,-0.12783333843734995,-0.16705406558285774,-0.40546510810816444,-0.5198754950399992,-0.40546510810816444,35.03037108751769,-2.5605979462477206e-07,0.05125636148568339,19.659741178197205,0.9682457625829136,-0.10204080996271925,-0.10714285186981269,-0.2710404218053423,-0.18606846446292313,False,False,False,False,3.600000127335079e-05,1.9999999494757503e-05,False,False
2023-07-27,2.2000000171829015e-05,10917895,0.0,-0.08701140455007465,-0.2047944065214698,-0.16705406558285774,-0.4643056270296887,-0.4924765126582391,-0.4643056270296887,35.03037108751769,-2.619159269837204e-07,0.050841947128671405,21.59086091324957,0.9682457625829136,-0.09650923533786784,-0.10350447728230111,-0.27272727043132816,-0.07311124011573744,False,False,False,False,3.600000127335079e-05,1.9999999494757503e-05,False,False
2023-07-28,2.2000000171829015e-05,11208631,0.0,-0.08701140455007465,-0.16705406558285774,-0.08701140455007465,-0.40546510810816444,-0.4643056270296887,-0.40546510810816444,35.03037108751769,-2.4585117050100226e-07,0.05045713379716027,23.140491582006266,0.9302655542102832,-0.09090908749250677,-0.09983632876281032,-0.27440633017836374,0.02662930903805183,False,False,False,False,3.600000127335079e-05,1.9999999494757503e-05,False,False
2023-07-29,2.300000051036477e-05,16529745,0.044451776950196496,-0.04255962759987817,-0.12260228863266119,-0.04255962759987817,-0.36101333115796796,-0.39086630403486494,-0.39086630403486494,42.73268008858508,-1.5251093668072109e-07,0.04792155395909617,23.413665467009583,0.9448175796816611,-0.04564313849425955,-0.055829209667191515,-0.24329658163805729,0.47473362268773056,False,False,False,False,3.600000127335079e-05,1.9999999494757503e-05,False,False
2023-07-30,2.2000000171829015e-05,11427517,-0.0444517769501965,-0.08701140455007465,-0.12783333843734995,-0.2762533937346413,-0.3429447297897112,-0.3746934391062437,-0.5465436541482775,37.89460485349356,-1.429167476042713e-07,0.0497680038004235,24.47490386201774,0.6599609872206337,-0.08141962453423568,-0.0976209962911134,-0.2778598369646343,-0.30866949248158393,False,False,False,False,3.600000127335079e-05,1.9999999494757503e-05,False,False
2023-07-31,2.2000000171829015e-05,10404118,0.0,0.0,-0.12783333843734995,-0.2411620627226978,-0.3429447297897112,-0.3746934391062437,-0.43531808098506153,37.894604853493554,-1.2217247858869402e-07,0.04945990070664437,25.26604124934001,0.6539627950103727,-0.0756302540275998,-0.09836065146031789,-0.2793973119022684,-0.08955567513047669,False,False,False,False,3.600000127335079e-05,1.9999999494757503e-05,False,False
2023-08-01,2.300000051036477e-05,13783984,0.044451776950196496,0.0,-0.04255962759987817,-0.16034262957127332,-0.3302416621560472,-0.36101333115796796,-0.4754237180898026,45.10288085535814,-3.143086312640936e-08,0.04703581277963521,25.090408730712245,0.6704508987401403,-0.029535855425557325,-0.05814904039646362,-0.24836599996893985,0.3248584839195403,False,False,False,False,3.600000127335079e-05,1.9999999494757503e-05,False,False
2023-08-02,2.2000000171829015e-05,11334438,-0.0444517769501965,0.0,-0.08701140455007465,-0.2411620627226978,-0.3746934391062437,-0.3746934391062437,-0.4924765126582391,40.09168813971456,-2.9136825960794057e-08,0.0489081446560501,22.548917239721643,0.6664186641446764,-0.06183369333033607,-0.09909909507273743,-0.2824527049623672,-0.17770957946555943,False,False,False,False,3.600000127335079e-05,1.9999999494757503e-05,False,False
2023-08-03,2.2000000171829015e-05,8483069,0.0,0.0,-0.08701140455007465,-0.2047944065214698,-0.3429447297897112,-0.78015858511002,-0.4924765126582391,40.09168813971456,-1.8516180433767527e-08,0.04541470575204652,20.982899298386677,0.6589927963393314,-0.05376344658070423,-0.09983633010273527,-0.28385416456572377,-0.2515668619829232,False,False,False,False,3.600000127335079e-05,1.9999999494757503e-05,False,False
2023-08-04,2.2000000171829015e-05,9305595,0.0,0.0,-0.08701140455007465,-0.12783333843734995,-0.2411620627226978,-0.5978369676830855,-0.43531808098506153,40.09168813971456,-3.1911277666862898e-09,0.04217079819832891,18.589401818504708,0.6086569634545163,-0.045553152183508874,-0.10057235951494604,-0.28525016038878415,0.09696089941034303,False,False,False,False,3.600000127335079e-05,1.9999999494757503e-05,False,False
2023-08-05,2.300000051036477e-05,29523152,0.044451776950196496,0.0,-0.04255962759987817,-0.08338156148715345,-0.23180161678444478,-0.5533851907328889,-0.39086630403486494,47.39201846476543,7.810415021991269e-08,0.04366723212418233,16.965511767427838,0.6318798607190143,0.002178653899754864,-0.060457499402672324,-0.2542152919756504,2.1726237817141194,False,False,False,False,3.600000127335079e-05,1.9999999494757503e-05,False,False
2023-08-06,2.300000051036477e-05,20675598,0.0,0.044451776950196496,-0.04255962759987817,-0.08338156148715345,-0.16034262957127332,-0.39086630403486494,-0.39086630403486494,47.39201846476543,1.3249095399558792e-07,0.046759326204417605,14.931052553265356,0.6318798607190143,0.00656455351262134,-0.06122447312879355,-0.2557838410330543,-0.2996818903347448,False,False,False,False,3.600000127335079e-05,1.9999999494757503e-05,False,False
2023-08-07,2.2000000171829015e-05,15783652,-0.0444517769501965,0.0,0.0,-0.12783333843734995,-0.2047944065214698,-0.4924765126582391,-0.4643056270296887,41.523615151564115,1.0304134220923265e-07,0.04863973723014491,14.578575170504623,0.6482306640793636,-0.032967043510625495,-0.10204081329614428,-0.2895204244096248,-0.23660481307481407,False,False,False,False,3.600000127335079e-05,1.9999999494757503e-05,False,False
2023-08-08,2.2000000171829015e-05,13060827,0.0,-0.0444517769501965,-0.0444517769501965,-0.12783333843734995,-0.2047944065214698,-0.5465436541482775,-0.4643056270296887,41.523615151564115,8.617132000308802e-08,0.04516547028513457,13.989390382455408,0.6482306640793636,-0.02869758096257451,-0.10204081329614428,-0.2907801399725063,-0.1725091886212392,False,False,False,True,3.600000127335079e-05,2.099999983329326e-05,False,False
2023-08-09,2.2000000171829015e-05,15755404,0.0,0.0,0.0,-0.12783333843734995,0.04652003138371882,-0.4643056270296887,-0.43531808098506153,41.523615151564115,7.787389341015705e-08,0.04518611958530464,13.125191452777585,0.6482306640793636,-0.0243902517721676,-0.10130718626431655,-0.29203539636524195,0.2063098301508779,False,False,True,False,2.4000000848900527e-05,2.099999983329326e-05,False,False
2023-08-10,2.2000000171829015e-05,9843317,0.0,0.0,0.0,-0.12783333843734995,0.04652003138371882,-0.4924765126582391,-0.43531808098506153,41.523615151564115,7.520707812631176e-08,0.04195853961492574,11.919013360921568,0.6482306640793636,-0.020044549926202446,-0.09836065280463951,-0.2931726888666397,-0.3752418535253047,False,False,False,False,2.4000000848900527e-05,2.099999983329326e-05,False,False
2023-08-11,2.300000051036477e-05,11965504,0.044451776950196496,0.044451776950196496,0.044451776950196496,-0.08338156148715345,0.044451776950196496,-0.44802473570804263,-0.44802473570804263,49.87251739564301,1.3985549307015957e-07,0.04037311327223708,10.412417481388987,0.6700834672437318,0.02678572298623743,-0.05505339399738194,-0.26234764617301704,0.21559673431222426,False,False,False,False,2.4000000848900527e-05,2.099999983329326e-05,False,False
2023-08-12,2.300000051036477e-05,17050269,0.0,0.0,0.0,-0.16034262957127332,0.044451776950196496,-0.44802473570804263,-0.4198538500794922,49.87251739564301,1.7917036908941692e-07,0.03748931946707729,8.536371473339013,0.6054702660146074,0.029082783517003545,-0.051937329724110415,-0.2636465377871983,0.4249520120506416,True,False,False,False,2.4000000848900527e-05,2.099999983329326e-05,False,False
2023-08-13,2.300000051036477e-05,14231202,0.0,0.0,0.044451776950196496,-0.12260228863266119,0.09097180833391527,-0.4198538500794922,-0.4754237180898026,49.87251739564301,2.001373574236738e-07,0.03481151093371462,8.74818049591797,0.5942619987794913,0.02678572298623743,-0.048800646334926034,-0.2650583035346335,-0.16533856445314732,False,False,False,False,2.4000000848900527e-05,2.099999983329326e-05,False,False
2023-08-14,2.4000000848900527e-05,23019241,0.042559627599878185,0.08701140455007468,0.08701140455007468,-0.08004266103278307,0.1335314359337936,-0.34830667643498675,-0.510825563133011,57.458557323286634,2.718666529408723e-07,0.03395429147365595,10.503189260599775,0.6160871021419998,0.0690423386346976,-0.004975095863305027,-0.23469385454198355,0.6175190964192625,False,False,False,False,2.4000000848900527e-05,2.099999983329326e-05,False,False
2023-08-15,2.300000051036477e-05,40510311,-0.04255962759987817,0.044451776950196496,0.0,-0.08338156148715345,0.044451776950196496,-0.39086630403486494,-0.5020918771980809,49.40648176532874,2.4339760103349687e-07,0.039110987245714886,10.517478572323464,0.6186850066225901,0.02222222940835309,-0.04405651121321758,-0.26739925508992013,0.7598456439115433,False,False,False,False,2.4000000848900527e-05,2.099999983329326e-05,False,False
2023-08-16,2.099999983329326e-05,17051608,-0.09097180833391537,-0.046520031383718866,-0.046520031383718866,-0.1743533698210688,-0.046520031383718866,-0.4519851394918833,-0.566395526423718,37.95145245687521,8.924612307957615e-08,0.04657886473381539,11.919013360921568,0.6907214714071492,-0.06458799420665247,-0.12353924561469067,-0.33110368784343125,-0.5790798051389929,False,False,False,False,2.4000000848900527e-05,2.099999983329326e-05,False,False
2023-08-17,1.8000000636675395e-05,22621160,-0.15415063651798738,-0.20067066790170623,-0.20067066790170623,-0.2876820724517809,-0.20067066790170623,-0.6061357760098707,-0.6061357760098707,27.6104708134706,-1.996207687552292e-07,0.06633344807650732,21.17612496541724,0.8562902074038583,-0.19101121997201614,-0.24496642182972825,-0.42611189095436436,0.3266291366773151,False,True,False,False,2.4000000848900527e-05,2.099999983329326e-05,False,True
2023-08-18,1.8000000636675395e-05,18805293,0.0,-0.24512244485190282,-0.20067066790170623,-0.2876820724517809,-0.20067066790170623,-0.6061357760098707,-0.5436153976914174,27.6104708134706,-3.6587387604527366e-07,0.06556359259554866,26.967994276074354,0.8562902074038583,-0.18181816603356327,-0.24114669029819155,-0.4254707776423418,-0.1686857349490477,False,True,True,False,2.499999936844688e-05,2.099999983329326e-05,False,False
2023-08-19,1.8999999156221747e-05,10713905,0.0540671414900384,-0.19105530336186435,-0.19105530336186435,-0.23361493096174246,-0.19105530336186435,-0.48954825620137904,-0.38776558913436565,34.50908718357901,-3.8190830609128067e-07,0.06143564080937213,29.674262737074297,0.8842230369886748,-0.1304348332819645,-0.19217691145596288,-0.39297127632628365,-0.43027183889131637,False,False,False,False,2.499999936844688e-05,2.099999983329326e-05,False,False
2023-08-20,1.8999999156221747e-05,8726129,0.0,-0.19105530336186435,-0.19105530336186435,-0.23361493096174246,-0.31365759199452564,-0.48954825620137904,-0.4567584216429724,34.50908718357901,-3.658951511983394e-07,0.057047380751559844,31.980374867558137,0.8842230369886748,-0.12442401219215779,-0.18594691252486859,-0.39229173028808484,-0.18553235258292844,False,False,False,False,2.499999936844688e-05,2.099999983329326e-05,False,False
2023-08-21,1.8000000636675395e-05,9579337,-0.054067141490038405,-0.2876820724517809,-0.20067066790170623,-0.2876820724517809,-0.36772473348456397,-0.57536410700795,-0.4769240616363476,31.07460529610634,-3.9361824724654095e-07,0.059883731768457314,35.123187605679405,0.8982306628239292,-0.16083914126961393,-0.22279790426535048,-0.4235388139103937,0.0977762304453671,False,False,False,False,2.499999936844688e-05,2.099999983329326e-05,False,False
2023-08-22,1.8000000636675395e-05,9659658,0.0,-0.24512244485190282,-0.20067066790170623,-0.2876820724517809,-0.40546507442317603,-0.5436153976914174,-0.9162907116631622,31.07460529610634,-3.825863826227455e-07,0.05560632235642465,38.05659736018826,0.8982306628239292,-0.15294115773940342,-0.21602785137686678,-0.4228919354961505,0.008384818281265138,False,True,False,False,2.499999936844688e-05,2.099999983329326e-05,False,False
2023-08-23,1.8999999156221747e-05,9600757,0.0540671414900384,-0.10008349502794898,-0.14660352641166785,-0.14660352641166785,-0.3513979329331377,-0.48954825620137904,-0.666479021451667,38.20701526705418,-2.8315240693713463e-07,0.0526762369678568,39.26505500972542,0.8797872463239184,-0.09952611619611083,-0.16666670788645552,-0.38955826352780853,-0.00609762788703283,False,False,False,False,2.499999936844688e-05,2.099999983329326e-05,False,False
2023-08-24,1.8000000636675395e-05,9357798,-0.054067141490038405,0.0,-0.20067066790170623,-0.24512244485190282,-0.40546507442317603,-0.5436153976914174,-0.7205461629417054,34.37613350946255,-2.605119710496484e-07,0.05559931736989333,41.447672356908846,0.8773581829985249,-0.13875596087280737,-0.20564869704385055,-0.42066300180465727,-0.02530623366469953,False,False,False,False,2.499999936844688e-05,2.099999983329326e-05,False,False
2023-08-25,1.8000000636675395e-05,9666844,0.0,0.0,-0.24512244485190282,-0.20067066790170623,-0.36772473348456397,-0.6061357760098707,-0.7205461629417054,34.37613350946255,-2.2277975841355797e-07,0.05559619272904733,42.55994793652666,0.8678716882777837,-0.12832927798532995,-0.20071045719278974,-0.4193548215608284,0.033025504504371694,False,False,False,False,2.499999936844688e-05,2.099999983329326e-05,False,False
2023-08-26,1.8000000636675395e-05,7936696,0.0,-0.054067141490038405,-0.24512244485190282,-0.20067066790170623,-0.36772473348456397,-0.664976294931395,-0.6931471805599453,34.37613350946255,-1.7705853729051262e-07,0.05162503610554395,43.137255323536536,0.8678716882777837,-0.11764703915452661,-0.19571043419177536,-0.4180407200359243,-0.17897754427401535,False,False,False,False,2.499999936844688e-05,2.099999983329326e-05,False,False
2023-08-27,1.8000000636675395e-05,6932538,0.0,-0.054067141490038405,-0.24512244485190282,-0.20067066790170623,-0.2876820724517809,-0.6061357760098707,-0.664976294931395,34.37613350946255,-1.283231901609254e-07,0.04793753352657652,44.101103928433105,0.8678716882777837,-0.10891087236605382,-0.19064746127291035,-0.4169096039839834,-0.12652090996051757,False,False,False,False,2.499999936844688e-05,2.099999983329326e-05,False,False
2023-08-28,1.8000000636675395e-05,7383771,0.0,0.0,-0.2876820724517809,-0.24512244485190282,-0.2876820724517809,-0.6061357760098707,-0.6359887488867677,34.37613350946255,-7.996096016414368e-08,0.04848167916025316,44.721359347009525,0.8485385592790539,-0.09999998226485353,-0.18552034210314422,-0.4164370068226494,0.06508914916874597,False,False,False,False,2.499999936844688e-05,2.099999983329326e-05,False,False
2023-08-29,1.8999999156221747e-05,11626580,0.0540671414900384,0.0540671414900384,-0.19105530336186435,-0.14660352641166785,-0.4228569201463091,-0.48954825620137904,-0.5212969655179116,42.69846998712948,2.963199577227066e-08,0.050168093140917254,44.27520966925952,0.864946017826196,-0.04282121385688155,-0.1355778457394583,-0.3838171221040873,0.5746127554605904,False,False,False,False,2.499999936844688e-05,2.099999983329326e-05,False,False
2023-08-30,1.8000000636675395e-05,11366492,-0.054067141490038405,-0.054067141490038405,-0.15415063651798738,-0.20067066790170623,-0.441832730624404,-0.5436153976914174,-0.57536410700795,37.567697915570086,4.415546465795693e-08,0.05314093849755485,44.26018330377917,0.8815026812009152,-0.08396944656965868,-0.1758241566040851,-0.41567925573744635,-0.022370120878194566,False,False,False,False,2.499999936844688e-05,2.099999983329326e-05,False,False
2023-08-31,1.700000029813964e-05,8036642,-0.05715843167317757,-0.05715843167317757,-0.05715843167317757,-0.30228087652508023,-0.4626235060963536,-0.6325225386811275,-0.6632942076830483,33.26322275219208,-1.770878694948556e-09,0.05644949643353698,43.49690002253141,0.878553780749583,-0.12144702550890073,-0.2158671551111814,-0.4476035679918752,-0.2929531820371668,False,False,False,False,2.499999936844688e-05,2.099999983329326e-05,False,False
2023-09-01,1.700000029813964e-05,8231488,0.0,-0.05715843167317757,-0.05715843167317757,-0.2578290995748838,-0.49899116229758167,-0.6325225386811275,-0.6325225386811275,33.26322275219208,-1.9356736830302724e-08,0.05241738954542719,41.718249351046865,0.8703060164020169,-0.10761154529841188,-0.20856610469582568,-0.4472443442140052,0.02424470319817651,False,True,False,False,2.499999936844688e-05,2.099999983329326e-05,False,False
2023-09-02,1.700000029813964e-05,7188458,0.0,-0.05715843167317757,-0.11122557316321602,-0.2578290995748838,-0.4626235060963536,-0.600773829364595,-1.0379876846849039,33.26322275219208,-1.8213330216324127e-08,0.04867329029218239,38.680456238415324,0.8703060164020169,-0.0933333297115234,-0.20187793146577496,-0.44670463159695983,-0.12671220561823082,False,False,False,False,2.499999936844688e-05,2.099999983329326e-05,False,False
2023-09-03,1.700000029813964e-05,7245329,0.0,-0.05715843167317757,-0.11122557316321602,-0.2578290995748838,-0.3856624380122339,-0.49899116229758167,-0.8556660672579695,33.26322275219208,-5.349210703970536e-09,0.045196626699883655,30.279101201688462,0.8703060164020169,-0.07608695168628765,-0.19507575529210333,-0.4448979527350113,0.007911432465766755,False,False,False,False,2.499999936844688e-05,2.099999983329326e-05,False,False
2023-09-04,1.700000029813964e-05,8640432,0.0,-0.05715843167317757,-0.05715843167317757,-0.30228087652508023,-0.3856624380122339,-0.5340824933095252,-0.8556660672579695,33.26322275219208,1.4199058116581359e-08,0.041968296221320534,20.848570049455706,0.849774706012297,-0.06077347538829729,-0.1889312962193614,-0.4414325547156559,0.19255205664228625,False,False,False,False,2.499999936844688e-05,2.099999983329326e-05,False,False
2023-09-05,1.700000029813964e-05,7453616,0.0,-0.11122557316321602,-0.05715843167317757,-0.30228087652508023,-0.3856624380122339,-0.4626235060963536,-0.6931471805599453,33.26322275219209,3.6879707150845126e-08,0.0389705607769405,15.64245041356211,0.849774706012297,-0.05027932563499083,-0.18269230701960446,-0.43801652244529155,-0.13735609515820502,False,False,False,False,2.499999936844688e-05,2.099999983329326e-05,False,False
2023-09-06,1.700000029813964e-05,8251501,0.0,-0.05715843167317757,-0.11122557316321602,-0.2578290995748838,-0.3856624380122339,-0.4626235060963536,-0.7503056122331229,33.26322275219208,6.02506580058056e-08,0.03618694929287332,16.275442312219397,0.8412448320759226,-0.04761904276646827,-0.17715391959677818,-0.43484041914901206,0.10704670055446908,False,False,False,False,2.499999936844688e-05,2.099999983329326e-05,False,False
2023-09-07,1.700000029813964e-05,7420060,0.0,0.0,-0.05715843167317757,-0.2578290995748838,-0.3856624380122339,-0.4626235060963536,-0.8043727537231613,33.26322275219208,8.269180936908053e-08,0.03360216720052523,16.816430084254453,0.8412448320759226,-0.04494381448368453,-0.17153995963127167,-0.4320080122125185,-0.1007623946237175,False,False,False,False,2.499999936844688e-05,2.099999983329326e-05,False,False
2023-09-08,1.8999999156221747e-05,46550383,0.111225573163216,0.111225573163216,0.0540671414900384,-0.14660352641166785,-0.2744368648490178,-0.10008349502794898,-0.6109091534413565,52.82233481024733,2.3082056158787953e-07,0.039195784741298666,16.816430084254453,0.9392926748018309,0.06741567063031952,-0.06953972160953723,-0.36284376121776846,5.273585793106794,False,False,False,False,2.499999936844688e-05,2.099999983329326e-05,False,False
2023-09-09,1.8000000636675395e-05,25140567,-0.054067141490038405,0.05715843167317764,0.0,-0.20067066790170623,-0.3285040063390563,-0.15415063651798738,-0.6931471805599453,45.622575249324456,2.579838022375631e-07,0.0463545906589688,15.734349051506383,0.9545606801808811,0.014084526960566097,-0.11330047380694809,-0.3943472234312308,-0.45992781627596924,False,False,False,False,2.499999936844688e-05,2.099999983329326e-05,False,False
2023-09-10,1.700000029813964e-05,10934453,-0.05715843167317757,0.0,-0.05715843167317757,-0.30228087652508023,-0.3856624380122339,-0.2578290995748838,-0.7503056122331229,39.78297486674923,2.0731614841342348e-07,0.04977720474215714,16.13881530875515,0.9518381484540167,-0.03954801998613043,-0.15674602852361572,-0.4245091338745003,-0.5650673670168218,False,False,False,False,2.499999936844688e-05,2.099999983329326e-05,False,False
2023-09-11,1.5999999959603883e-05,10307646,-0.06062464187881776,-0.06062464187881776,-0.11778307355199538,-0.36290551840389806,-0.5232481479751714,-0.31845374145370164,-0.8109302541119406,34.9634688231223,1.1004916446789533e-07,0.05803912120910385,18.181813250350245,0.9671276408215623,-0.0909091050025003,-0.2000000123691278,-0.4553191540902754,-0.05732403806573594,False,False,True,False,1.9999999494757503e-05,2.099999983329326e-05,False,False
2023-09-12,1.5999999959603883e-05,10188999,0.0,-0.06062464187881776,-0.17185021504203388,-0.36290551840389806,-0.4855078070365594,-0.2719337100699828,-0.7827593684833903,34.9634688231223,5.224038032156806e-08,0.05389346969416786,18.445243705873818,0.9671276408215623,-0.08309457230144505,-0.19517103849174414,-0.45242984764403205,-0.011510581562463429,False,True,False,False,1.9999999494757503e-05,2.099999983329326e-05,False,False
2023-09-13,1.5999999959603883e-05,9006953,0.0,-0.06062464187881776,-0.11778307355199538,-0.4054651460037763,-0.4855078070365594,-0.2719337100699828,-0.7537718224387631,34.9634688231223,2.2074596972558923e-08,0.05004393614458444,19.66423125855309,0.9480604292536041,-0.07780981307551421,-0.18946303129383252,-0.4494150083952792,-0.11601198508312738,False,False,False,False,1.9999999494757503e-05,2.099999983329326e-05,False,False
2023-09-14,1.5999999959603883e-05,6823990,0.0,-0.06062464187881776,-0.06062464187881776,-0.36290551840389806,-0.4462870798910517,-0.31845374145370164,-0.7537718224387631,34.9634688231223,1.0765938727406767e-08,0.04646936927711412,20.577667220658498,0.9432605839456637,-0.07246378125881851,-0.18450561852629369,-0.4460792849937029,-0.2423642046316884,False,False,False,True,1.9999999494757503e-05,1.4999999621068127e-05,False,False
2023-09-15,1.5999999959603883e-05,6981069,0.0,-0.17185021504203388,-0.06062464187881776,-0.2719337100699828,-0.4462870798910517,-0.31845374145370164,-0.723918849561866,34.9634688231223,1.1844841973924587e-08,0.043150128614463115,21.216797647782595,0.8998934403069403,-0.06705540502726036,-0.17948719144634703,-0.4427999356113863,0.023018644517357245,False,False,False,False,1.9999999494757503e-05,1.4999999621068127e-05,False,False
2023-09-16,1.5999999959603883e-05,8648158,0.0,-0.11778307355199538,-0.06062464187881776,-0.11778307355199538,-0.4054651460037763,-0.31845374145370164,-0.723918849561866,34.9634688231223,2.060447409467064e-08,0.04453226380745019,21.5975965088941,0.7320747246517778,-0.06158358741130032,-0.17440661666116564,-0.43987397684895374,0.23880139273798906,False,False,False,False,1.9999999494757503e-05,1.4999999621068127e-05,False,False
2023-09-17,1.5999999959603883e-05,7269796,0.0,-0.06062464187881776,-0.06062464187881776,-0.11778307355199538,-0.4054651460037763,-0.31845374145370164,-0.723918849561866,34.9634688231223,3.367208211864437e-08,0.04135138782120375,21.725015533429715,0.7320747246517778,-0.05604720555420412,-0.1683991799958046,-0.43681802693910166,-0.15938214819849494,False,False,False,False,1.9999999494757503e-05,1.4999999621068127e-05,False,False
2023-09-18,1.5999999959603883e-05,7142383,0.0,0.0,-0.06062464187881776,-0.17185021504203388,-0.4054651460037763,-0.36290551840389806,-0.6613984712434129,34.9634688231223,4.8678074887270756e-08,0.04286200449942363,19.342949107313462,0.7018339188596269,-0.04761905793077885,-0.16317992786162092,-0.4339288924052027,-0.017526351495970482,False,False,False,False,1.9999999494757503e-05,1.4999999621068127e-05,False,False
2023-09-19,1.5999999959603883e-05,5532693,0.0,0.0,-0.06062464187881776,-0.17185021504203388,-0.4054651460037763,-0.4855078070365594,-0.6613984712434129,34.9634688231223,6.40014235447034e-08,0.039800432749464806,18.707184653375204,0.7018339188596269,-0.04191617614359145,-0.15789474833045927,-0.43141436197896194,-0.2253715601641637,False,False,True,False,1.700000029813964e-05,1.4999999621068127e-05,False,False
2023-09-20,1.5999999959603883e-05,5680504,0.0,0.0,-0.06062464187881776,-0.11778307355199538,-0.4054651460037763,-0.4855078070365594,-0.6931471805599453,34.9634688231223,7.857453727736416e-08,0.036957544695931606,19.0306058878307,0.6799617622577051,-0.039039046584738946,-0.1516437014981092,-0.42877544260676254,0.026715922969158035,False,False,False,False,1.700000029813964e-05,1.4999999621068127e-05,False,False
2023-09-21,1.4999999621068127e-05,6259890,-0.06453854387493897,-0.06453854387493897,-0.12516318575375687,-0.1823216174269344,-0.4700036898787153,-0.5877866918501106,-0.725937015118352,27.877412904705878,2.791669890417367e-08,0.04136747540636982,20.89621402871977,0.7117911037503947,-0.09365561502380829,-0.1987179770586843,-0.46197993115202796,0.1019955271574493,False,False,False,False,1.700000029813964e-05,1.4999999621068127e-05,False,False
2023-09-22,1.5999999959603883e-05,13638918,0.06453854387493893,0.0,-0.17185021504203388,-0.17185021504203388,-0.31845374145370164,-0.5232481479751714,-0.6613984712434129,40.7987051844036,6.660067412089504e-08,0.04047615116914316,20.994555938812894,0.7237638969068358,-0.030303034979954298,-0.13978495696247645,-0.4235272978225045,1.1787791798258436,False,False,False,False,1.700000029813964e-05,1.4999999621068127e-05,False,False
2023-09-23,1.5999999959603883e-05,7696072,0.0,0.0,-0.11778307355199538,-0.11778307355199538,-0.36290551840389806,-0.5232481479751714,-0.6613984712434129,40.7987051844036,9.528500752364106e-08,0.03758499751420436,21.02324247247827,0.7025747838746501,-0.027355626797402763,-0.13419914485174902,-0.42081448515594416,-0.4357270862688668,False,False,False,False,1.700000029813964e-05,1.4999999621068127e-05,False,False
2023-09-24,1.5999999959603883e-05,5337705,0.0,0.0,-0.06062464187881776,-0.11778307355199538,-0.31845374145370164,-0.4855078070365594,-0.723918849561866,40.7987051844036,1.1598090520073507e-07,0.034900354834618334,20.9812815334491,0.7025747838746501,-0.024390246607658202,-0.12758997755970125,-0.4183933172194413,-0.30643775162186637,False,False,False,False,1.700000029813964e-05,1.4999999621068127e-05,False,False
2023-09-25,1.5999999959603883e-05,5399686,0.0,0.0,0.0,-0.11778307355199538,-0.31845374145370164,-0.4855078070365594,-0.7827593684833903,40.7987051844036,1.3032054902864353e-07,0.03687175958330861,20.86693852868964,0.7025747838746501,-0.021406729529865137,-0.120879130763739,-0.41659070760975864,0.011611919354853839,False,False,False,False,1.700000029813964e-05,1.4999999621068127e-05,False,False
2023-09-26,1.5999999959603883e-05,5853908,0.0,0.0,0.0,-0.11778307355199538,-0.31845374145370164,-0.4054651460037763,-0.723918849561866,40.7987051844036,1.3962748136801735e-07,0.03423806247021514,20.67766804254356,0.7025747838746501,-0.018404908660088603,-0.11504425758129216,-0.4147768893813192,0.08412007661186216,False,False,False,False,1.700000029813964e-05,1.4999999621068127e-05,False,False
2023-09-27,1.5999999959603883e-05,7215195,0.0,0.0,0.0,-0.11778307355199538,-0.36290551840389806,-0.4054651460037763,-0.723918849561866,40.7987051844036,1.4497388360022037e-07,0.031792486579485475,20.409998254233994,0.7025747838746501,-0.015384615040191273,-0.10913141281746416,-0.4129517576653717,0.23254328561364468,False,False,False,False,1.700000029813964e-05,1.4999999621068127e-05,False,False
2023-09-28,1.5999999959603883e-05,7192108,0.0,0.06453854387493893,0.0,-0.17185021504203388,-0.31845374145370164,-0.5947071351883428,-0.6613984712434129,40.7987051844036,1.4722721024401745e-07,0.0295215946809508,13.37929598309842,0.6710057929141868,-0.006211182229454151,-0.10313902305465056,-0.41078991536446335,-0.0031997749194582203,False,False,False,False,1.700000029813964e-05,1.4999999621068127e-05,False,False
2023-09-29,1.5999999959603883e-05,16722529,0.0,0.0,0.0,-0.11778307355199538,-0.31845374145370164,-0.5596158041763993,-0.6613984712434129,40.7987051844036,1.4708817333257247e-07,0.03187719658347447,7.9056968501626175,0.6480940692485458,0.0,-0.09706547225445285,-0.40839342418366253,1.3251220643516475,False,False,False,False,1.700000029813964e-05,1.4999999621068127e-05,False,False
2023-09-30,1.8999999156221747e-05,78165210,0.17185021504203374,0.17185021504203374,0.17185021504203374,0.111225573163216,-0.19105530336186435,-0.3513979329331377,-0.5212969655179116,69.98474427135275,3.365746343202465e-07,0.03996412360852644,17.391300980992956,0.8667397775995958,0.18012417834002642,0.07709745083671263,-0.2948599363368633,3.6742457435714417,False,False,False,False,1.700000029813964e-05,1.4999999621068127e-05,True,False
2023-10-01,1.8999999156221747e-05,43575645,0.0,0.17185021504203374,0.17185021504203374,0.111225573163216,-0.14660352641166785,-0.38776558913436565,-0.5212969655179116,69.98474427135275,4.427614284815292e-07,0.0446283363842363,23.189464124109566,0.8667397775995958,0.16923072721103727,0.08200450236337783,-0.29262848017700765,-0.44251867294925706,True,False,False,False,1.700000029813964e-05,1.4999999621068127e-05,False,False
2023-10-02,1.8999999156221747e-05,36244928,0.0,0.17185021504203374,0.17185021504203374,0.111225573163216,-0.14660352641166785,-0.3513979329331377,-0.48954825620137904,69.98474427135275,4.901619751865229e-07,0.04895939794284464,27.159820111990346,0.8667397775995958,0.15853654647832696,0.08695646970854125,-0.2901177276676319,-0.16822968426514395,False,False,False,False,1.700000029813964e-05,1.4999999621068127e-05,False,False
2023-10-03,1.8000000636675395e-05,14619621,-0.054067141490038405,0.11778307355199531,0.11778307355199531,0.05715843167317764,-0.20067066790170623,-0.3285040063390563,-0.441832730624404,58.06673702334996,4.3329687825121817e-07,0.05195622544157975,28.167147158901084,0.8898595709659328,0.09090913901459625,0.036866392764304846,-0.32457784233874315,-0.5966436738403784,False,False,False,False,1.700000029813964e-05,1.4999999621068127e-05,False,False
2023-10-04,1.8000000636675395e-05,12941010,0.0,0.11778307355199531,0.11778307355199531,0.05715843167317764,-0.24512244485190282,-0.3285040063390563,-0.4769240616363476,58.06673702334996,3.768910562959206e-07,0.052213321652756155,28.915659482959832,0.8898595709659328,0.08433739494493755,0.042873729746008775,-0.32216153249878726,-0.11481905037073126,False,True,False,False,1.700000029813964e-05,1.4999999621068127e-05,False,False
2023-10-05,1.8000000636675395e-05,36001834,0.0,0.11778307355199531,0.18232161742693434,0.05715843167317764,-0.24512244485190282,-0.3285040063390563,-0.40546507442317603,58.06673702334996,3.228709744390338e-07,0.052452046630636864,29.432825956823468,0.8898595709659328,0.07784435442407435,0.04651166037136303,-0.31959930084717386,1.7819956865808773,False,False,True,False,2.099999983329326e-05,1.4999999621068127e-05,False,False
2023-10-06,1.8000000636675395e-05,16586873,0.0,0.11778307355199531,0.11778307355199531,0.05715843167317764,-0.20067066790170623,-0.3285040063390563,-0.40546507442317603,58.06673702334996,2.7244216195042446e-07,0.05267371982438324,29.7380844071648,0.8898595709659328,0.07142861203101353,0.04651166037136303,-0.3170176252089725,-0.5392769990551036,False,False,False,False,2.099999983329326e-05,1.4999999621068127e-05,False,False
2023-10-07,1.8000000636675395e-05,7492536,0.0,-0.054067141490038405,0.11778307355199531,0.05715843167317764,-0.20067066790170623,-0.3285040063390563,-0.40546507442317603,58.06673702334996,2.2628689841124712e-07,0.0528795592185763,29.845017619842373,0.8898595709659328,0.06508879560917484,0.04651166037136303,-0.3141550588171345,-0.548285201194945,False,False,False,True,2.099999983329326e-05,1.700000029813964e-05,False,False
2023-10-08,1.8000000636675395e-05,7646622,0.0,-0.054067141490038405,0.11778307355199531,-0.054067141490038405,-0.20067066790170623,-0.3285040063390563,-0.15415063651798738,58.06673702334996,1.847139941292428e-07,0.04910244784582086,29.762613153555694,0.7976770829383164,0.058823565288026285,0.0477299492010473,-0.3116634614096989,0.020565266553273842,False,False,False,False,2.099999983329326e-05,1.700000029813964e-05,False,False
2023-10-09,1.700000029813964e-05,9309276,-0.05715843167317757,-0.11122557316321602,0.06062464187881777,-0.05715843167317757,-0.2578290995748838,-0.3856624380122339,-0.2113090681911649,45.87899947127255,8.395385821436633e-08,0.052478879503460175,29.184411046313407,0.8002949456302069,-0.0029325363023209425,-0.008168017974145275,-0.34728354206128886,0.2174364052518878,False,False,False,False,2.099999983329326e-05,1.700000029813964e-05,False,False
2023-10-10,1.700000029813964e-05,9809028,0.0,-0.05715843167317757,0.06062464187881777,0.0,-0.30228087652508023,-0.3856624380122339,-0.2578290995748838,45.87899947127255,1.5004662579349717e-08,0.04873038811035588,28.55334610345609,0.7750628683403592,-0.005847939219841432,-0.007009335368051426,-0.34502022159218865,0.053683229501413354,False,True,False,False,2.099999983329326e-05,1.700000029813964e-05,False,False
2023-10-11,1.700000029813964e-05,7855389,0.0,-0.05715843167317757,0.06062464187881777,0.06062464187881777,-0.30228087652508023,-0.4626235060963536,-0.2578290995748838,45.87899947127255,-3.042581986138702e-08,0.04945132812347384,26.104584941304328,0.7435871257336001,-0.011627894987056197,-0.005847942392389018,-0.34274115019730833,-0.19916744044364032,False,False,False,False,2.099999983329326e-05,1.700000029813964e-05,False,False
2023-10-12,1.700000029813964e-05,9237851,0.0,-0.05715843167317757,0.06062464187881777,0.06062464187881777,-0.30228087652508023,-0.4248831651577415,-0.2113090681911649,45.87899947127255,-5.8664340947313725e-08,0.04591909040036856,25.268977616726684,0.7435871257336001,-0.01449274261984989,-0.0035169893278399586,-0.3403181935266707,0.1759889930339542,False,False,False,False,2.099999983329326e-05,1.700000029813964e-05,False,False
2023-10-13,1.8000000636675395e-05,29033288,0.05715843167317764,0.0,0.11778307355199531,0.11778307355199531,-0.2876820724517809,-0.36772473348456397,-0.15415063651798738,57.79431095395026,-1.0695570460593654e-08,0.044238567859811964,24.480413966789552,0.767960789454167,0.03746400504381128,0.05509967717459166,-0.299474587233753,2.142861689369097,False,False,False,False,2.099999983329326e-05,1.700000029813964e-05,False,False
2023-10-14,1.8000000636675395e-05,15366635,0.0,0.0,-0.054067141490038405,0.11778307355199531,-0.24512244485190282,-0.3285040063390563,-0.20067066790170623,57.79431095395026,1.8730543736082134e-08,0.045046918108617266,23.460731172821774,0.767960789454167,0.03151865062718303,0.05509967717459166,-0.2974238688820478,-0.4707235708198121,True,False,False,True,2.099999983329326e-05,1.5999999959603883e-05,False,False
2023-10-15,1.8000000636675395e-05,9968845,0.0,0.0,-0.054067141490038405,0.11778307355199531,-0.15415063651798738,-0.3285040063390563,-0.20067066790170623,57.79431095395026,3.49492239725912e-08,0.04579752905393647,22.18566445805786,0.767960789454167,0.025641049559360665,0.05509967717459166,-0.29508515841908395,-0.3512668843894581,False,False,False,False,2.099999983329326e-05,1.5999999959603883e-05,False,False
2023-10-16,1.8000000636675395e-05,12849131,0.0,0.05715843167317764,-0.054067141490038405,0.11778307355199531,0.0,-0.2876820724517809,-0.20067066790170623,57.79431095395026,4.195987410435261e-08,0.046494524931732874,20.6157543426605,0.767960789454167,0.019830050224976265,0.05509967717459166,-0.2930086222322479,0.28892875754412883,False,False,False,False,2.099999983329326e-05,1.5999999959603883e-05,False,False
2023-10-17,1.8000000636675395e-05,15032396,0.0,0.05715843167317764,0.0,0.11778307355199531,0.0,-0.2876820724517809,-0.20067066790170623,57.79431095395026,4.273596445049616e-08,0.04714174260789835,18.685206849881727,0.767960789454167,0.014084526960566097,0.05509967717459166,-0.2907801230369008,0.1699153818262107,False,False,False,False,2.099999983329326e-05,1.5999999959603883e-05,False,False
2023-10-18,1.8000000636675395e-05,36057806,0.0,0.05715843167317764,0.0,0.11778307355199531,-0.054067141490038405,-0.2876820724517809,-0.24512244485190282,57.79431095395026,3.946626566055618e-08,0.051710978403129576,16.27544545636465,0.767960789454167,0.008403379327626094,0.05633805523193887,-0.28797466501508906,1.3986732387837573,False,False,False,False,2.099999983329326e-05,1.5999999959603883e-05,False,False
2023-10-19,1.8000000636675395e-05,20676085,0.0,0.05715843167317764,0.0,0.11778307355199531,-0.054067141490038405,-0.2876820724517809,-0.36772473348456397,57.79431095395026,3.374219603092158e-08,0.0519855850416979,13.136289880231638,0.767960789454167,0.0027855314099663273,0.05633805523193887,-0.28571426715316955,-0.4265850506822295,False,False,False,False,2.099999983329326e-05,1.5999999959603883e-05,False,False
2023-10-20,1.9999999494757503e-05,30558773,0.10536045502484646,0.10536045502484646,0.10536045502484646,0.22314352857684194,0.10536045502484646,-0.1823216174269344,-0.2623642784597175,75.73982484767274,1.5433818896729308e-07,0.05415938182049689,15.713477596622463,0.8452284300747203,0.11111106058362874,0.16959060346249416,-0.2036631767929077,0.4779767543033413,False,False,False,True,2.099999983329326e-05,1.700000029813964e-05,False,False
2023-10-21,2.4000000848900527e-05,162753991,0.18232161742693434,0.28768207245178085,0.28768207245178085,0.4700036898787153,0.28768207245178085,0.0,-0.11778300197139516,87.33678213112063,4.7507102764463797e-07,0.05976618577240951,32.41687458286223,1.004280484779741,0.3150685073503392,0.39211140514026477,-0.042107338474446566,4.325933439801395,True,False,False,False,2.099999983329326e-05,1.700000029813964e-05,True,False
2023-10-22,2.499999936844688e-05,141004323,0.04082193388727526,0.3285040063390562,0.3285040063390562,0.4462870798910517,0.27443686484901775,0.1278333384373501,-0.07696106808411976,88.78069203974997,7.118964632287354e-07,0.06470585922234319,44.96098623876971,0.9930992503454733,0.34770882747985177,0.43678156113120914,-3.3833202605123885e-08,-0.13363523601703875,True,False,False,False,2.099999983329326e-05,1.700000029813964e-05,False,False
2023-10-23,2.8000000384054147e-05,97693177,0.11332872428534767,0.4418327306244041,0.49899116229758156,0.5596158041763993,0.4418327306244041,0.1967102857725013,0.036367656201227935,91.80106304651254,1.009728514328273e-06,0.06129950102558363,61.38814891080958,1.0488418327844606,0.4698162586807209,0.5891033005023575,0.12134562054327255,-0.30716183077592596,False,False,False,False,2.099999983329326e-05,1.700000029813964e-05,False,False
2023-10-24,2.5999999706982635e-05,70283610,-0.07410799713984,0.3677247334845639,0.4248831651577416,0.4855078070365594,0.3677247334845639,0.16705406558285782,0.0,76.9316824397931,1.008795679233225e-06,0.06954126368199214,67.42082773751731,1.0962147672012874,0.3367608828964759,0.4606741299760462,0.042920156006934614,-0.28056787425390006,False,False,False,False,2.099999983329326e-05,1.700000029813964e-05,False,False
2023-10-25,2.9999999242136255e-05,140459386,0.1431008296484468,0.5108255631330109,0.5679839948061884,0.6286086366850063,0.5108255631330109,0.31015489523130463,0.1431008296484468,82.89800189679487,1.201258449304542e-06,0.07263082900237064,79.41928198719684,1.1800582729123374,0.49625928917841716,0.6611295159063098,0.2043355679992823,0.9984657304882318,False,False,False,False,2.099999983329326e-05,1.700000029813964e-05,False,False
2023-10-26,3.899999865097925e-05,261296729,0.26236425513934,0.7731898182723509,0.8303482499455285,0.8909728918243464,0.7731898182723509,0.5725191503706446,0.48550774582056994,89.48667439213148,1.8211990215937705e-06,0.06836268002803927,108.0568622453061,1.4462521163880926,0.8483411480623047,1.108108026260229,0.5643801986698971,0.8603009484891242,True,False,False,False,2.099999983329326e-05,1.700000029813964e-05,False,False
2023-10-27,3.5000000934815034e-05,296757988,-0.10821352334095594,0.5596158399065484,0.664976294931395,0.7827593684833903,0.664976294931395,0.41985385007949216,0.37729422247961397,75.55465042414303,1.8427957623741167e-06,0.08706097042086884,116.61089696668306,1.521518677418781,0.5945330543415206,0.8557794679633484,0.4039310335842211,0.1357126020509809,True,False,False,False,2.099999983329326e-05,1.700000029813964e-05,False,False
2023-10-28,3.600000127335079e-05,122577013,0.02817088562855035,0.4054651081081644,0.6931471805599453,0.8109302541119406,0.639080039069907,0.49247651265823905,0.21622311892359775,76.53808264219282,1.803118135214481e-06,0.09050146702259167,122.82242301081425,1.5186085584734026,0.5754923779369564,0.875000053290705,0.4434643541848238,-0.5869462054716451,False,False,False,False,2.099999983329326e-05,1.700000029813964e-05,False,False
2023-10-29,3.5000000934815034e-05,63857399,-0.02817088562855035,0.33647228859233874,0.664976294931395,0.7827593684833903,0.664976294931395,0.4643056270296887,0.22314356430699092,73.35981062106576,1.5953698462838188e-06,0.08847895356177503,123.86391950952557,1.5280693318826957,0.47368423068132276,0.7911975785643022,0.4030868174099257,-0.47904262441115286,False,False,False,False,2.099999983329326e-05,1.700000029813964e-05,False,False
2023-10-30,3.600000127335079e-05,81859324,0.02817088562855035,0.2513144499355413,0.6931471805599453,0.639080039069907,0.750305612233123,0.4480247357080425,0.28768210613676926,74.50015420594926,1.4171678314730176e-06,0.08582920792344319,123.76750386155537,1.4349179758635187,0.45748990895391106,0.8072289651706358,0.4431750246936378,0.2819082092585701,False,False,True,False,4.199999966658652e-05,1.700000029813964e-05,False,False
2023-10-31,3.300000025774352e-05,66203634,-0.08701140455007465,0.2384110425253066,0.6061357760098707,0.5520686345198322,0.6632942076830481,0.4054651081081644,0.16430304538546672,65.4489376531584,1.008325739114945e-06,0.09560188687905338,119.72029174666,1.4824851435661586,0.29411763908632116,0.6288252709390978,0.3234409465924491,-0.19125115179304442,False,False,False,False,4.199999966658652e-05,1.700000029813964e-05,False,False
2023-11-01,3.300000025774352e-05,71141454,0.0,0.09531021287685981,0.6061357760098707,0.5520686345198322,0.6632942076830481,0.4054651081081644,0.20067070158669464,65.4489376531584,6.655099703959017e-07,0.09526668931448037,114.63483967359443,1.4824851435661586,0.25475284461063297,0.6019417468012582,0.3245033117417735,0.07458533167529757,False,True,False,False,4.199999966658652e-05,1.700000029813964e-05,False,False
2023-11-02,3.099999958067201e-05,42366065,-0.06252037831845315,-0.2295744205809334,0.5436153976914175,0.5436153976914175,0.6007738293645951,0.34294472978971124,0.2151113913523613,59.828903732809714,2.528969885779901e-07,0.10108159365008056,109.11614591710517,1.4879691694078272,0.15027826470991154,0.4832535568683882,0.2464816785590497,-0.40448131689858347,False,False,False,False,4.199999966658652e-05,1.700000029813964e-05,False,False
2023-11-03,3.099999958067201e-05,43431441,0.0,-0.12136089723997746,0.438254942666571,0.5436153976914175,0.6007738293645951,0.2984929528395148,0.2151113913523613,59.828903732809714,-5.477471244436751e-08,0.09846977217999534,102.92916276256432,1.4879691694078272,0.12318838048560245,0.4622641204272428,0.24823834658817212,0.025146918884253244,False,False,False,False,4.199999966658652e-05,1.700000029813964e-05,False,False
2023-11-04,3.199999991920777e-05,34379227,0.03174870931653243,-0.11778307355199538,0.28768203455616903,0.5753641070079499,0.6325225386811275,0.3302416621560472,0.24686010066889363,61.73430024473818,-2.1660006467187838e-07,0.09304312150460979,96.18579521448663,1.4872236716536549,0.13074203811391455,0.4869888331294635,0.28980248604887093,-0.20842536631469355,False,False,False,False,4.199999966658652e-05,1.700000029813964e-05,False,False
2023-11-05,3.099999958067201e-05,32921156,-0.0317487093165324,-0.12136089723997746,0.2151113913523613,0.5436153976914175,0.6007738293645951,0.34294472978971124,0.2151113913523613,58.73412338729447,-4.056702941039968e-07,0.09379248773245046,88.41482971826629,1.4964710329434043,0.070811723985431,0.42071491161503044,0.2499999738703641,-0.04241139569542973,False,False,False,False,4.199999966658652e-05,1.700000029813964e-05,False,False
2023-11-06,3.099999958067201e-05,29062257,0.0,-0.1495317828685278,0.1017826670670135,0.5436153976914175,0.6007738293645951,0.34294472978971124,0.2151113913523613,58.734123387294474,-5.371634208152429e-07,0.08939717259963133,79.64952433715676,1.4964710329434043,0.04729727933909525,0.40144662680373894,0.2499999738703641,-0.11721638814870294,False,False,False,True,4.199999966658652e-05,2.9000000722589903e-05,False,False
2023-11-07,3.099999958067201e-05,28570437,0.0,-0.06252037831845315,0.17589066420685354,0.5436153976914175,0.4895482562013791,0.34294472978971124,0.2151113913523613,58.734123387294474,-6.244509439175748e-07,0.08761995263314963,69.57872867015423,1.4964710329434043,0.024793372725888906,0.38269399634242934,0.24924438271776625,-0.016922980207628058,False,False,False,False,4.199999966658652e-05,2.9000000722589903e-05,False,False
2023-11-08,3.099999958067201e-05,26423371,0.0,-0.06252037831845315,0.032789834558406554,0.6007738293645951,0.5436153976914175,0.34294472978971124,0.2151113913523613,58.734123387294474,-6.780322448712435e-07,0.0836655328645663,57.58699612404317,1.4733847342698545,0.0032362323333708794,0.3644365937830068,0.24899272179984908,-0.07514991807790694,False,False,False,False,4.199999966658652e-05,2.9000000722589903e-05,False,False
2023-11-09,2.9999999242136255e-05,86531433,-0.03278983455840661,-0.03278983455840661,-0.2623642551393399,0.5679839948061884,0.5679839948061884,0.2657031182811082,0.1823215567939546,55.13040969174734,-7.69950631229626e-07,0.0921838336669183,47.0476076565151,1.483399179589431,-0.04458601106024925,0.3043477868875632,0.2084591755409153,2.274806723184563,False,False,False,False,4.199999966658652e-05,2.9000000722589903e-05,False,False
2023-11-10,3.099999958067201e-05,37980406,0.032789834558406554,0.0,-0.12136089723997746,0.6007738293645951,0.6613984712434129,0.2984929528395148,0.13815032326824134,57.911456925001495,-7.516892022280492e-07,0.08514215451671088,41.37868659020434,1.4825408193830552,-0.023622058160963192,0.3293310220956635,0.25227224280535526,-0.5610796599196503,False,False,False,False,4.199999966658652e-05,2.9000000722589903e-05,False,False
2023-11-11,3.099999958067201e-05,67539631,0.0,-0.0317487093165324,-0.1495317828685278,0.6007738293645951,0.6613984712434129,0.2984929528395148,0.17589066420685354,57.911456925001495,-7.274309274596874e-07,0.08597301688115644,36.2740538483602,1.4825408193830552,-0.03276132160857602,0.3124470553371798,0.2537916838473341,0.7782756456052629,False,False,False,False,4.199999966658652e-05,2.9000000722589903e-05,False,False
2023-11-12,2.9999999242136255e-05,30411479,-0.03278983455840661,-0.03278983455840661,-0.15415073179838407,0.5108255631330109,0.6286086366850063,0.22314349068123,0.1431008296484468,54.027782872734406,-7.628453279855643e-07,0.08725506413642917,34.808924156906635,1.487376126969203,-0.06687404805572572,0.2552300892202883,0.21506679080956162,-0.5497239391195371,False,False,True,False,3.400000059627928e-05,2.9000000722589903e-05,False,False
2023-11-13,3.400000059627928e-05,185979682,0.12516318575375684,0.09237335119535026,-0.05715843167317757,0.6359887488867677,0.7537718224387631,0.39086630403486505,0.30748474254771146,64.33175542391501,-5.129778180175977e-07,0.09039805211714019,29.969278401446413,1.5327232876710475,0.044546871772149554,0.4014839429460855,0.37791288358661723,5.115443513944192,False,False,False,False,3.400000059627928e-05,2.9000000722589903e-05,False,False
2023-11-14,3.300000025774352e-05,148531857,-0.029852972876897123,0.06252037831845315,0.0,0.6061357760098707,0.723918849561866,0.4519851394918832,0.27763176967081443,60.67064722621424,-4.1531884803926066e-07,0.0994717267766435,28.973017447781462,1.5414326197838937,0.009174320602311698,0.34146341932319296,0.33819951647787694,-0.20135438773360204,False,False,False,False,3.400000059627928e-05,2.9000000722589903e-05,False,False
2023-11-15,3.600000127335079e-05,66978030,0.08701140455007468,0.14953178286852783,0.08701140455007468,0.6931471805599453,0.8109302541119406,0.6931471805599453,0.4054651081081644,66.7787824733818,-1.6196334938308868e-07,0.09062176690590808,25.026628181985526,1.5568797173782238,0.1059908189485919,0.4400000433064995,0.45955812175270366,-0.5490662316300267,False,False,False,False,3.400000059627928e-05,2.9000000722589903e-05,True,False
2023-11-16,3.300000025774352e-05,53856674,-0.08701140455007465,0.09531021287685981,0.06252037831845315,0.6061357760098707,0.723918849561866,0.6061357760098707,0.31845370355808966,57.21015488518773,-2.068385620826219e-07,0.10045668702106503,24.178800423157863,1.6020594485028274,0.01694915824289597,0.3022888744090761,0.33819951647787694,-0.19590537374718242,False,False,True,False,3.899999865097925e-05,2.9000000722589903e-05,False,False
2023-11-17,3.300000025774352e-05,33964191,0.0,0.06252037831845315,0.06252037831845315,0.6061357760098707,0.723918849561866,0.5520686345198322,0.31845370355808966,57.21015488518773,-2.443620909796305e-07,0.10193922089813477,22.187589995348848,1.6020594485028274,0.021671833948140446,0.28504673178541967,0.3379282413994136,-0.36935966376237794,False,False,False,False,3.899999865097925e-05,2.9000000722589903e-05,False,False
2023-11-18,3.199999991920777e-05,29537438,-0.03077166900192073,0.03174870931653243,0.0,0.5753641070079499,0.6931471805599453,0.5212969655179115,0.28768203455616903,54.20741334714633,-3.3857141629303665e-07,0.10431233759030831,20.920905044202502,1.6105171246205272,-0.0046656314438688964,0.23076922086703996,0.2973849479483169,-0.13033588817116237,False,False,False,False,3.899999865097925e-05,2.9000000722589903e-05,False,False
2023-11-19,3.300000025774352e-05,22865795,0.0307716690019207,0.09531021287685981,0.06252037831845315,0.5007753209850242,0.723918849561866,0.6061357760098707,0.31845370355808966,56.65729723336519,-3.349646485192793e-07,0.09825526547734936,18.114227111136074,1.5810254817125002,0.031250010658141064,0.25570776445339893,0.3379282413994136,-0.22587074071894797,False,False,False,False,3.899999865097925e-05,2.9000000722589903e-05,False,False
2023-11-20,3.099999958067201e-05,23638125,-0.06252037831845315,-0.09237335119535023,0.0,0.2559333252396365,0.7259370151183518,0.5436153976914175,0.2559333252396365,50.8032466387392,-4.6092732541403693e-07,0.10173159099838616,18.127695600245772,1.4859973619041076,-0.028213175796761757,0.1689290866217482,0.25709648865639984,0.03377665198170465,False,False,False,False,3.899999865097925e-05,2.9000000722589903e-05,False,False
2023-11-21,2.9000000722589903e-05,26294571,-0.06669133605506994,-0.12921171437352302,-0.06669133605506994,0.14842005529729133,0.5947071351883431,0.42285692014630916,0.27625339373464125,45.716312661240856,-6.604477856891838e-07,0.10836903625150873,19.588868662411855,1.5038061871134627,-0.08517347614485049,0.08532936001786949,0.18054144385583082,0.11237972554929798,False,False,False,False,3.899999865097925e-05,2.9000000722589903e-05,False,False
2023-11-22,3.300000025774352e-05,49473427,0.12921171437352308,-0.08701140455007465,0.06252037831845315,0.16430304538546672,0.723918849561866,0.6061357760098707,0.36101333115796796,55.34650510333737,-5.112024728520456e-07,0.09708901919830804,19.728793529669716,1.519155895770072,0.037735859039783944,0.221317543159024,0.3452914828133766,0.881507289090208,False,False,False,False,3.899999865097925e-05,2.9000000722589903e-05,False,False
2023-11-23,3.199999991920777e-05,18190366,-0.03077166900192073,-0.03077166900192073,0.06453854387493893,0.20763937352338593,0.6931471805599453,0.5753641070079499,0.37469343910624364,52.823502442682695,-4.691043932452925e-07,0.09520354912412202,19.56727168840235,1.4979541589722885,0.00470957488295804,0.1721611613247019,0.30665576701087305,-0.6323204778193352,True,False,False,False,3.899999865097925e-05,2.9000000722589903e-05,False,False
2023-11-24,3.300000025774352e-05,20003626,0.0307716690019207,0.0,0.06252037831845315,0.09531021287685981,0.723918849561866,0.6061357760098707,0.4054651081081644,55.03112204177172,-3.6766641989052633e-07,0.08788890986372112,19.786504727995066,1.4185637265470001,0.03448276746887079,0.19565217563231507,0.347763939926063,0.09968243629622409,False,False,False,True,3.899999865097925e-05,2.8000000384054147e-05,False,False
2023-11-25,3.400000059627928e-05,35828627,0.029852972876897095,0.06062464187881777,0.09237335119535026,-0.13720106938558307,0.7537718224387631,0.6359887488867677,0.4353180809850615,57.18858246311706,-2.3351491077865457e-07,0.08551332547851356,20.307199856854098,1.0738165251482035,0.06084245140553487,0.2177650567006552,0.38917264173777544,0.7911066223693644,False,False,False,False,3.899999865097925e-05,2.8000000384054147e-05,False,False
2023-11-26,3.199999991920777e-05,21706881,-0.06062464187881776,-0.03077166900192073,0.06453854387493893,-0.08961218792344504,0.6931471805599453,0.5753641070079499,0.3302416621560472,51.83249590379916,-2.768124635530285e-07,0.08883234665607077,20.054181450377325,1.0278533255072544,-0.0031152686811818553,0.13475176371727193,0.3090611466511031,-0.394147004293522,False,False,False,False,3.899999865097925e-05,2.8000000384054147e-05,False,False
2023-11-27,3.099999958067201e-05,21081373,-0.0317487093165324,0.0,-0.09237335119535023,-0.1495317828685278,0.6613984712434129,0.4895482562013791,0.34294472978971124,49.34405255864171,-3.646133242757873e-07,0.08745220499437067,20.054181450377325,1.026240199885111,-0.03426792715983301,0.08924804738614893,0.26919137792056963,-0.028816115958805844,False,False,False,False,3.899999865097925e-05,2.8000000384054147e-05,False,False
2023-11-28,3.199999991920777e-05,35025544,0.03174870931653243,0.09844004537160243,-0.03077166900192073,-0.08961218792344504,0.6931471805599453,0.5753641070079499,0.37469343910624364,51.834331037239544,-3.4723893168095193e-07,0.08313222970336605,19.779927397506814,1.0304751160414165,-0.004665634259580704,0.11265645939882096,0.3112067095812959,0.6614451060659094,False,False,True,False,3.5000000934815034e-05,2.8000000384054147e-05,False,False
2023-11-29,3.199999991920777e-05,17152359,0.0,-0.03077166900192073,-0.11778307355199538,-0.11778307355199538,0.5212969655179115,0.6325225386811275,0.3302416621560472,51.834331037239544,-3.278797799172525e-07,0.07942635691442142,18.759053127313173,1.0244214947461459,-0.007751943406157974,0.1011699856218841,0.3122821306571929,-0.510290004346542,False,False,False,False,3.5000000934815034e-05,2.8000000384054147e-05,False,False
2023-11-30,3.199999991920777e-05,15752083,0.0,0.0,-0.03077166900192073,-0.03077166900192073,0.5212969655179115,0.6325225386811275,0.37469343910624364,51.83433103723954,-3.075441539409326e-07,0.0759851893246871,18.409995925643827,0.9795776539838639,-0.009287931624537796,0.08991824904060888,0.31335931725155436,-0.0816375170319138,False,False,False,False,3.5000000934815034e-05,2.8000000384054147e-05,False,False
2023-12-01,3.300000025774352e-05,16036214,0.0307716690019207,0.0,0.0,0.0,0.5520686345198322,0.6632942076830481,0.4054651081081644,54.62064373272096,-2.2314387920344626e-07,0.07058406658680133,18.060174828879827,0.9858435297167959,0.018518521897414042,0.11185984261125612,0.3549579184178753,0.018037677937578156,False,False,False,False,3.5000000934815034e-05,2.8000000384054147e-05,False,False
2023-12-02,3.400000059627928e-05,24107286,0.029852972876897095,0.0,0.06062464187881777,0.09237335119535026,0.6359887488867677,0.6931471805599453,0.4353180809850615,57.2819125260644,-1.0250493558947827e-07,0.06571547183233259,17.09004975568991,0.9645348557336085,0.04294479674360064,0.13333334885537615,0.3960172628583843,0.5033028369414376,False,False,False,False,3.5000000934815034e-05,2.8000000384054147e-05,False,False
2023-12-03,3.400000059627928e-05,33939634,0.0,0.06062464187881777,0.029852972876897095,0.09237335119535026,0.6359887488867677,0.6931471805599453,0.39086630403486505,57.2819125260644,-2.9060445093449383e-08,0.06522319157959507,17.09004975568991,0.9645348557336085,0.04294479674360064,0.12137204709583843,0.3960172628583843,0.4078579397116706,False,False,False,False,3.5000000934815034e-05,2.8000000384054147e-05,False,False
2023-12-04,3.7000001611886546e-05,137744765,0.08455741405493775,0.17693076525028792,0.17693076525028792,0.14518205593375555,0.7205461629417054,0.7777045946148831,0.4754237180898026,64.5211187526661,2.0247268584303928e-07,0.06723677231604278,20.623826905111095,1.001183567484264,0.12804881996709744,0.20521177363034143,0.5179487765467259,3.0585224048084907,False,False,False,False,3.5000000934815034e-05,2.8000000384054147e-05,True,False
2023-12-05,4.199999966658652e-05,206828037,0.12675165413622727,0.2719337100699828,0.37037375544158513,0.3036824193865153,0.8472978170779326,0.9044562487511102,0.6466271491762264,72.79575545524051,6.481290270777385e-07,0.07200831458576455,30.78607741067466,1.0779811636500753,0.2688821574618828,0.34701730315238905,0.7199016979397475,0.5015310164418953,True,False,False,False,3.5000000934815034e-05,2.8000000384054147e-05,False,False
2023-12-06,3.899999865097925e-05,73644888,-0.07410799880558187,0.19782571126440104,0.16705404226248016,0.22957442058093344,0.7731898182723509,0.8303482499455285,0.5725191503706446,63.262111066287595,6.926131380855028e-07,0.07933432656445155,34.168484234126545,1.1170257033914723,0.16766462606282045,0.23417716957669577,0.595091962193044,-0.6439317944114125,False,False,False,False,3.5000000934815034e-05,2.8000000384054147e-05,False,False
2023-12-07,4.199999966658652e-05,53951478,0.07410799880558182,0.2719337100699828,0.2719337100699828,0.3036824193865153,0.8472978170779326,0.7932306755878943,0.6466271491762264,67.80311090103308,8.646458436695356e-07,0.07350765907414107,40.29437984024277,1.1403026668969027,0.24076808135848954,0.3092269200129702,0.7139359101173481,-0.2674104141485014,False,False,False,False,3.5000000934815034e-05,2.8000000384054147e-05,False,False
2023-12-08,4.099999932805076e-05,37222398,-0.02409756002965014,0.21706448103841183,0.21706448103841183,0.2795848593568651,0.8803586887214602,0.8232002570482825,0.6225295891465763,64.9224278950211,8.503638541432755e-07,0.0734062419921542,43.33738361679687,1.1460783822536644,0.19533525524500758,0.2599876856541695,0.6697209996285373,-0.31007639864842995,False,False,True,False,4.600000102072954e-05,2.8000000384054147e-05,False,False
2023-12-09,3.9999998989515007e-05,38262493,-0.024692621463490678,0.16251888669802414,0.16251888669802414,0.28768207245178085,0.8556660672579695,0.8556660672579695,0.553385190732889,62.08192204685935,7.181139574936782e-07,0.07522415789353094,45.04753478804996,1.1426768445233848,0.15440112531241376,0.2143290517989493,0.6263467704669754,0.02794271878990706,False,False,False,False,4.600000102072954e-05,2.8000000384054147e-05,False,False
2023-12-10,4.099999932805076e-05,21849393,0.024692621463490633,0.18721150816151488,0.24783615004033266,0.2795848593568651,0.8803586887214602,0.940983330600278,0.5780778121963798,63.788147292683256,6.448554640680758e-07,0.07163164192926778,45.98270074775152,1.1409553962691843,0.16642956885834448,0.23197113407235911,0.6636234188021354,-0.42896054891143653,False,False,False,False,4.600000102072954e-05,2.8000000384054147e-05,False,False
2023-12-11,3.7000001611886546e-05,32231743,-0.1026540941065771,0.0,0.17693076525028792,0.17693076525028792,0.7777045946148831,0.8383292364937008,0.4754237180898026,53.431250135245065,2.9185401962189993e-07,0.08335841833237946,42.7677803722904,1.2058490525437746,0.040787667540436556,0.10381866273249801,0.4994934728235985,0.47517796032136905,False,False,False,False,4.600000102072954e-05,2.8000000384054147e-05,False,False
2023-12-12,3.7999998312443495e-05,26857567,0.026668159108278237,-0.10008349502794898,0.17185021504203374,0.23638875891697286,0.7472143220499837,0.8649973956019791,0.4595322495982029,55.38166303869246,1.0044280045248517e-07,0.07912669149085334,42.34032177761101,1.199658498919595,0.06145246883378855,0.1269275895986009,0.5378388566525508,-0.16673550667117198,False,False,False,False,4.600000102072954e-05,2.8000000384054147e-05,False,False
2023-12-13,3.899999865097925e-05,23285880,0.025975496222367094,0.0,0.19782571126440104,0.13720106938558316,0.7731898182723509,0.8909728918243464,0.5280673734204481,57.30728919667176,2.0118599072134435e-08,0.07708531628949773,41.442103618646364,1.1251869834796726,0.07883814086783328,0.1477339224309495,0.5763944419951114,-0.1329862455523242,False,False,False,False,4.600000102072954e-05,2.8000000384054147e-05,False,False
2023-12-14,3.9999998989515007e-05,24686698,0.02531781731244086,-0.04879018149314084,0.22314352857684194,0.19237185957492112,0.7985076355847918,0.9162907091367872,0.6443569990668044,59.20341476452952,1.3586461337758707e-08,0.07336117093179635,41.223542447499376,1.1203875048563756,0.0958903891132815,0.17027498622892512,0.6151826709212965,0.06015740010684589,False,False,False,False,4.600000102072954e-05,2.8000000384054147e-05,False,False
2023-12-15,3.600000127335079e-05,21571797,-0.10536045502484652,-0.13005307648833725,0.08701140455007468,0.0,0.6931471805599453,0.8109302541119406,0.6931471805599453,49.69569429025666,-2.654709762767333e-07,0.08362659552817404,40.65808447368339,1.1468310104792336,-0.0163934035154117,0.05509968504944862,0.45278454948820956,-0.12617730406877425,False,False,False,False,4.600000102072954e-05,2.8000000384054147e-05,False,False
2023-12-16,3.899999865097925e-05,30586975,0.08004263771240554,-0.025317817312440958,0.13720106938558316,0.16705404226248016,0.7731898182723509,0.8909728918243464,0.7731898182723509,55.47151122039222,-2.533849444882137e-07,0.07717444492064247,38.95278070526842,1.1352800835474188,0.05548034878046388,0.1403508386558621,0.5719467358055276,0.41791502117324764,False,False,False,False,4.600000102072954e-05,2.8000000384054147e-05,False,False
2023-12-17,3.600000127335079e-05,22121526,-0.08004263771240555,-0.13005307648833725,0.05715843167317764,0.08701140455007468,0.6931471805599453,0.8109302541119406,0.639080039069907,49.36726540041944,-4.4177752887749856e-07,0.0855703143096161,35.92105572161295,1.173895343507875,-0.0322580266599498,0.05263161701793767,0.4495671888865961,-0.2767664667722127,False,False,False,False,4.600000102072954e-05,2.8000000384054147e-05,False,False
2023-12-18,3.5000000934815034e-05,22784977,-0.02817088562855035,-0.05556986801031047,-0.05556986801031047,0.08961218792344498,0.664976294931395,0.7827593684833903,0.6109091534413565,47.491236811998036,-6.173083363652914e-07,0.08989165038997507,33.91295642928132,1.1729911049068622,-0.06291831277497063,0.023391841014079727,0.40816740260918716,0.02999119500164671,False,False,False,False,4.600000102072954e-05,2.8000000384054147e-05,False,False
2023-12-19,3.400000059627928e-05,15981390,-0.02898754604462723,-0.11122557316321602,-0.2113090681911649,0.029852972876897095,0.5306282938619211,0.7537718224387631,0.6359887488867677,45.62408664461572,-7.741690457186265e-07,0.09012752509359365,32.30422282010274,1.1736956065658943,-0.09212281319102165,-0.004683822105992633,0.36738389112515757,-0.29859968697795924,False,False,False,False,4.600000102072954e-05,2.8000000384054147e-05,False,False
2023-12-20,3.400000059627928e-05,18290789,0.0,-0.13720106938558307,-0.13720106938558307,0.09237335119535026,0.3483066764349868,0.8183103663137021,0.6359887488867677,45.62408664461572,-8.455226284011405e-07,0.08789152675076604,30.59222854705016,1.1511552747157967,-0.09454059613286828,-0.005266219131056588,0.3668341888746729,0.14450551547768997,False,False,False,False,4.600000102072954e-05,2.8000000384054147e-05,False,False
2023-12-21,3.600000127335079e-05,19378520,0.05715843167317764,-0.10536045502484652,-0.15415063651798738,0.21622311892359775,0.36464317422088904,0.8109302541119406,0.639080039069907,50.16841621858111,-7.299790399780646e-07,0.08104772765353596,28.686477086740357,1.137657209504361,-0.04509280517703873,0.05140190676818053,0.44578317688927543,0.059468785080840414,False,False,False,True,4.600000102072954e-05,3.300000025774352e-05,False,False
2023-12-22,3.7999998312443495e-05,40285625,0.0540671414900384,0.0540671414900384,-0.07598593499829878,0.14107854604011302,0.30538159142557963,0.8649973956019791,0.7472143220499837,54.2829909874434,-5.016853736133833e-07,0.0769367238323359,27.093391445109187,1.064042227189149,0.0026384801315458223,0.10529372762094771,0.5230460180517171,1.0788803788937442,False,False,False,False,4.600000102072954e-05,3.300000025774352e-05,False,False
2023-12-23,3.7000001611886546e-05,17131065,-0.02666815910827837,-0.05264365533064544,-0.07796147264308642,0.14518205593375555,0.35282142945714134,0.8383292364937008,0.7205461629417054,51.97227844110869,-4.049988234402165e-07,0.07723307950103722,25.42086455043673,1.0624153650513366,-0.027595226162936182,0.07246381478843647,0.48059229482861426,-0.574759855407481,False,False,False,False,4.600000102072954e-05,3.300000025774352e-05,False,False
2023-12-24,3.5000000934815034e-05,20133077,-0.05556986801031047,-0.02817088562855035,-0.15822396211688755,0.058840518921524324,0.15415073179838404,0.7827593684833903,0.664976294931395,47.60739334732566,-4.587643761174496e-07,0.07989614793840659,26.345182949485967,1.0784550903300831,-0.07773383407195893,0.012731507889255395,0.398322044490506,0.17523790844293696,False,False,False,False,4.600000102072954e-05,3.300000025774352e-05,False,False
2023-12-25,3.7000001611886546e-05,23484641,0.05556986801031043,0.05556986801031043,0.0,0.08455741405493775,-0.05264365533064544,0.8383292364937008,0.7205461629417054,51.95301472835422,-3.476955545044597e-07,0.07597054815862232,24.678407336041523,1.090489674755718,-0.01856759727933607,0.06689739173001377,0.4752791638852495,0.16647053006353674,False,False,False,False,4.600000102072954e-05,3.300000025774352e-05,False,False
2023-12-26,3.600000127335079e-05,23576088,-0.027398982381760095,0.05715843167317764,-0.054067141490038405,0.11778307355199531,0.02817088562855035,0.8109302541119406,0.6931471805599453,49.73189693347526,-3.297947393866971e-07,0.07845602157381518,24.862713405621502,1.0721646533388591,-0.04127826580544706,0.035077664566102014,0.4328358642044078,0.003893906660101809,False,False,False,False,4.600000102072954e-05,3.300000025774352e-05,False,False
2023-12-27,3.7000001611886546e-05,23391242,0.027398982381760074,0.08455741405493775,-0.05264365533064544,0.17693076525028792,0.027398982381760074,0.8383292364937008,0.6664790214516669,51.94442748682933,-2.4284117631796696e-07,0.0766745534374705,22.520098358372657,1.0672326997441755,-0.008042859096302663,0.06017196179535602,0.46796276171697243,-0.007840401681568188,False,False,False,False,4.600000102072954e-05,3.300000025774352e-05,False,False
2023-12-28,3.600000127335079e-05,22371910,-0.027398982381760095,0.0,-0.10536045502484652,0.11778307355199531,0.02817088562855035,0.8109302541119406,0.6931471805599453,49.5936706040215,-2.4424682474950954e-07,0.07912789241493001,20.899813598160616,1.0691402051145613,-0.028340055926976675,0.02857145993229072,0.42405067509310723,-0.04357750648725711,False,False,False,False,4.600000102072954e-05,3.300000025774352e-05,False,False
2023-12-29,3.5000000934815034e-05,15274962,-0.02817088562855035,-0.08223802711858871,-0.02817088562855035,0.08961218792344498,-0.02817088562855035,0.6109091534413565,0.7221347266045726,47.28897619939809,-3.0040394081387877e-07,0.07965684611143928,20.218551543602274,1.0749420189363932,-0.04891302977781506,-0.002848982031192556,0.38094301553820603,-0.31722584258563524,False,False,False,False,4.600000102072954e-05,3.300000025774352e-05,False,False
2023-12-30,3.5000000934815034e-05,10029610,0.0,-0.05556986801031047,-0.10821352334095594,0.08961218792344498,0.058840518921524324,0.6109091534413565,0.7221347266045726,47.28897619939809,-3.234320004901734e-07,0.07600788835210534,17.83979508984663,1.0749420189363932,-0.04109587880547217,-0.005116523472853891,0.3774104968157444,-0.34339542055816574,False,False,False,False,4.600000102072954e-05,3.300000025774352e-05,False,False
2023-12-31,3.5000000934815034e-05,16241771,0.0,0.0,-0.02817088562855035,0.058840518921524324,0.058840518921524324,0.6109091534413565,0.7221347266045726,47.28897619939809,-3.237510735459146e-07,0.07261957043272382,18.19004126100335,1.0702798874403563,-0.038461525968479474,-0.007373775443419784,0.37362640177007805,0.6193821095735528,False,False,False,False,4.600000102072954e-05,3.300000025774352e-05,False,False
2024-01-01,3.7000001611886546e-05,15584681,0.05556986801031043,0.0,0.05556986801031043,0.08455741405493775,0.17693076525028792,0.7205461629417054,0.7777045946148831,52.7714408071759,-1.8144660236808278e-07,0.06957896693989432,17.837203162590605,1.082405370621056,0.01788173138283899,0.04519777660425898,0.44757438848119924,-0.04045679501330246,False,False,False,False,4.600000102072954e-05,3.300000025774352e-05,False,False
2024-01-02,3.600000127335079e-05,16464885,-0.027398982381760095,0.0,0.05715843167317764,0.05715843167317764,0.14953178286852783,0.6931471805599453,0.750305612233123,49.972704835611985,-1.4824779502499485e-07,0.07235611238854338,16.611371241847316,1.0875104253899812,-0.005524848552930323,0.01580138116541673,0.4046040199180814,0.056478794785725706,False,False,False,False,4.600000102072954e-05,3.300000025774352e-05,False,False
2024-01-03,3.099999958067201e-05,31976980,-0.1495317828685278,-0.1769307652502879,-0.09237335119535023,-0.1769307652502879,-0.0317487093165324,0.5436153976914175,0.6007738293645951,38.871920536443554,-4.4010749536150335e-07,0.09184945706455017,18.342484341140324,1.1671973981825536,-0.13286716460537948,-0.12429380473209968,0.20740017041815823,0.9421319978851963,False,False,False,False,4.600000102072954e-05,3.300000025774352e-05,False,True
2024-01-04,3.300000025774352e-05,18908051,0.06252037831845315,-0.08701140455007465,-0.08701140455007465,-0.2411620410680621,0.06252037831845315,0.6061357760098707,0.6632942076830481,44.210412935459814,-4.726809111527798e-07,0.08444876854689151,19.590556457197053,1.0945639918353278,-0.07303372078249605,-0.06621392216368997,0.28254955457582104,-0.408698038401375,False,True,False,False,4.600000102072954e-05,3.300000025774352e-05,False,False
2024-01-05,3.199999991920777e-05,16108154,-0.03077166900192073,-0.08961218792344504,-0.17185021504203388,-0.19782571126440096,0.03174870931653243,0.5753641070079499,0.6325225386811275,42.22477566445156,-5.314068755770219e-07,0.08533152402492257,19.613490569431296,1.0718424080482187,-0.09219860542188138,-0.09399774444285738,0.24127229283554605,-0.14807961962869676,False,False,True,False,3.7999998312443495e-05,3.300000025774352e-05,False,True
2024-01-06,3.099999958067201e-05,17126248,-0.0317487093165324,-0.12136089723997746,-0.1769307652502879,-0.3036824193865152,0.0,0.5436153976914175,0.4895482562013791,40.27666539746968,-6.022350549681708e-07,0.08640072601161079,22.278390937594,1.0344741931235852,-0.11428574531990011,-0.12131521124525481,0.20061965078312508,0.06320364208089901,False,False,False,False,3.7999998312443495e-05,3.300000025774352e-05,False,False
2024-01-07,2.9000000722589903e-05,11263475,-0.06669133605506994,-0.1880522332950474,-0.1880522332950474,-0.34627619541193494,-0.06669133605506994,0.5340824933095252,0.4769240616363476,36.636093387673114,-7.393806918686778e-07,0.09315145410334891,27.05866497693591,1.0522326803530329,-0.16426512673717966,-0.17660418822709667,0.12250824587900534,-0.34232676065417245,False,False,False,False,3.7999998312443495e-05,3.300000025774352e-05,False,False
2024-01-08,3.099999958067201e-05,23615968,0.06669133605506988,-0.1769307652502879,-0.1769307652502879,-0.2548922378933743,0.032789834558406554,0.6007738293645951,0.6007738293645951,42.25692658919701,-6.539477177649642e-07,0.09013386897762493,28.705245577031363,1.0856094742501776,-0.10274966830097114,-0.11881752858505114,0.19876254362704676,1.096685791907027,False,False,False,False,3.7999998312443495e-05,3.300000025774352e-05,False,False
2024-01-09,2.9000000722589903e-05,18194152,-0.06669133605506994,-0.2162231189235977,-0.2162231189235977,-0.34627619541193494,-0.06669133605506994,0.5340824933095252,0.5947071351883431,38.572102590573266,-6.87265350414657e-07,0.09685701212666654,32.170532118536904,1.0971807316943127,-0.1545189465720292,-0.17472963908818662,0.1209895836665862,-0.22958262816074282,False,False,False,False,3.7999998312443495e-05,3.300000025774352e-05,False,False
2024-01-10,3.199999991920777e-05,19872161,0.09844004537160243,0.03174870931653243,-0.14518205593375544,-0.14518205593375544,0.03174870931653243,0.6325225386811275,0.6931471805599453,46.15660895480405,-4.726123857406567e-07,0.09043547794428654,32.52885890887898,1.1111267463958567,-0.06158359742285167,-0.09090910030469729,0.23575978787716306,0.09222793126055007,False,False,False,False,3.7999998312443495e-05,3.300000025774352e-05,False,False
2024-01-11,3.199999991920777e-05,21471372,0.0,-0.03077166900192073,-0.11778307355199538,-0.17185021504203388,0.06453854387493893,0.5753641070079499,0.6931471805599453,46.15660895480405,-3.041644787146189e-07,0.08844008818514337,31.444574747837162,1.105488299431006,-0.05325446016057826,-0.09039227756420513,0.23456788997158307,0.08047494180426584,False,False,False,True,3.7999998312443495e-05,2.700000004551839e-05,False,False
2024-01-12,2.9999999242136255e-05,20701985,-0.06453854387493897,-0.06453854387493897,-0.15415073179838407,-0.2623642551393399,-0.12516318575375687,0.5108255631330109,0.6286086366850063,42.13429663396876,-3.004494427862004e-07,0.09474066336415611,31.96988259562154,1.1178316144414002,-0.10313905198178407,-0.1462720823914361,0.1565149979579443,-0.03583315495628314,False,False,False,False,3.7999998312443495e-05,2.700000004551839e-05,False,False
2024-01-13,3.099999958067201e-05,11034349,0.032789834558406554,0.0,-0.12136089723997746,-0.2548922378933743,-0.06252037831845315,0.5436153976914175,0.6613984712434129,44.727894220322284,-2.08042686056434e-07,0.0874397664296616,32.47564008789823,1.1209967514047823,-0.06766920024442191,-0.11680913482169018,0.19391486154474835,-0.4669907740731143,False,False,False,False,3.7999998312443495e-05,2.700000004551839e-05,False,False
2024-01-14,2.9999999242136255e-05,12162176,-0.03278983455840661,0.03390150149666336,-0.15415073179838407,-0.1823216174269344,-0.1823216174269344,0.5108255631330109,0.6286086366850063,42.66834652528046,-1.9205099133546382e-07,0.08628149202020653,32.144211640194925,1.069467309137399,-0.0881459309387232,-0.14334668592744076,0.15406805375811924,0.10221056085864233,False,False,False,False,3.7999998312443495e-05,2.700000004551839e-05,False,False
2024-01-15,3.099999958067201e-05,10299175,0.032789834558406554,0.0,-0.1769307652502879,-0.2295744205809334,-0.06252037831845315,0.5436153976914175,0.6613984712434129,45.37700110305412,-9.671999423651231e-08,0.07983820701624156,31.539279885949934,1.0336776357014748,-0.05053600993118064,-0.11428573151043024,0.19093351508375325,-0.153179907937527,False,False,False,False,3.7999998312443495e-05,2.700000004551839e-05,False,False
2024-01-16,3.099999958067201e-05,14704446,0.0,0.06669133605506988,-0.1495317828685278,-0.1495317828685278,-0.06252037831845315,0.5436153976914175,0.6613984712434129,45.37700110305412,-2.0255308850606497e-08,0.0764396262202945,29.591593546796013,1.000291282497083,-0.04173108592761373,-0.11428573151043024,0.1904761676074317,0.42773047355734795,False,False,False,False,3.7999998312443495e-05,2.700000004551839e-05,False,False
2024-01-17,3.099999958067201e-05,8833589,0.0,-0.0317487093165324,0.0,-0.12136089723997746,-0.0317487093165324,0.5436153976914175,0.6613984712434129,45.37700110305411,4.042209864102519e-08,0.07558794947212817,28.113437244878682,0.9968931151165276,-0.03426792989605797,-0.11377931952457539,0.18979080442825663,-0.3992572722562958,False,False,False,False,3.7999998312443495e-05,2.700000004551839e-05,False,False
2024-01-18,2.9000000722589903e-05,10676613,-0.06669133605506994,-0.0984400453716023,-0.12921171437352302,-0.15906468725042014,-0.12921171437352302,0.371563606611501,0.5947071351883431,40.58705774398136,-3.970384866659185e-08,0.07995552038041671,28.294903005677973,1.0172336175601657,-0.0880502953084954,-0.16953033955384403,0.11260312904823502,0.2086381877173593,False,False,False,False,3.7999998312443495e-05,2.700000004551839e-05,False,False
2024-01-19,2.9000000722589903e-05,12588120,0.0,-0.03390150149666327,-0.0984400453716023,-0.15906468725042014,-0.06669133605506994,0.18924198918456656,0.659245679063282,40.58705774398136,-7.615652852521111e-08,0.07670746674146788,27.965357196049062,1.0172336175601657,-0.07936505974987494,-0.1681009601519327,0.11238974134218521,0.179036834996267,False,True,False,False,3.7999998312443495e-05,2.700000004551839e-05,False,False
2024-01-20,3.400000059627928e-05,59229536,0.1590646872504201,0.09237335119535026,0.09237335119535026,-0.05715843167317757,0.1590646872504201,0.30748474254771146,0.7537718224387631,54.50973280768794,2.3593714643565255e-07,0.07335864555027666,27.122252573948373,1.1494952010030448,0.08108109671283813,-0.025229347392102173,0.30243249946631157,3.7051931503671716,False,False,False,False,3.7999998312443495e-05,2.700000004551839e-05,False,False
2024-01-21,3.099999958067201e-05,44206139,-0.09237335119535023,0.032789834558406554,0.06669133605506988,-0.20359892435856625,-0.06252037831845315,0.1017826670670135,0.6613984712434129,47.341390600986614,2.3905334220452893e-07,0.08162332579874633,21.971030312725485,1.1729971133557058,-0.004815422619618582,-0.10970708254853234,0.18614881956587653,-0.25364704866166776,True,False,False,False,3.7999998312443495e-05,2.700000004551839e-05,False,False
2024-01-22,2.9000000722589903e-05,17520313,-0.06669133605506994,-0.06669133605506994,-0.06669133605506994,-0.24362210130535777,-0.0984400453716023,0.10919932815178361,0.5947071351883431,43.25728499287596,1.1161803435635407e-07,0.08594630009993003,17.711922502250754,1.1897233718800746,-0.05844153399380705,-0.16474652829712158,0.10877463374469498,-0.6036678751790561,False,False,False,True,3.7999998312443495e-05,2.8000000384054147e-05,False,False
2024-01-23,2.8000000384054147e-05,16028543,-0.03509133101194358,-0.1017826670670135,-0.03509133101194358,-0.22314356430699095,-0.16430304538546658,-0.06899283250860688,0.5596158041763993,41.33706632548772,-2.7400888081530507e-08,0.09031059861240898,19.47772915279755,1.1815601085372307,-0.08646002033101959,-0.1893456796657344,0.06992740572506398,-0.08514516835401287,False,True,True,False,3.5000000934815034e-05,2.8000000384054147e-05,False,False
2024-01-24,2.9000000722589903e-05,11056406,0.035091331011943595,-0.06669133605506994,-0.0984400453716023,-0.24362210130535777,-0.15906468725042014,-0.29626575663600335,0.5947071351883431,44.01351732607834,-3.8694771089256024e-08,0.08343117694663876,18.796828589878306,1.1699172529217148,-0.04761902486212341,-0.15402565524924777,0.1072928802103474,-0.3102051758540998,False,False,False,False,3.5000000934815034e-05,2.8000000384054147e-05,False,False
2024-01-25,2.8000000384054147e-05,9354779,-0.03509133101194358,-0.03509133101194358,-0.13353137638354592,-0.25131444993554125,-0.13353137638354592,-0.22314356430699095,0.5596158041763993,41.952244836575716,-9.688820745183741e-08,0.08278967955613094,19.557285367657645,1.171818778745005,-0.07438015425679541,-0.1779213101515572,0.06849838562869416,-0.15390417102989884,False,False,False,False,3.5000000934815034e-05,2.8000000384054147e-05,False,False
2024-01-26,2.9000000722589903e-05,12169678,0.035091331011943595,0.0,-0.03390150149666327,-0.24362210130535777,-0.06669133605506994,-0.2162231189235977,0.5947071351883431,44.739329515550445,-5.3570580499981746e-08,0.07668828407515582,19.800741662867395,1.1750773121120737,-0.03814259982157552,-0.142011819894223,0.10581508178684021,0.3009049171551781,False,False,False,True,3.5000000934815034e-05,2.700000004551839e-05,False,False
2024-01-27,2.9000000722589903e-05,9091824,0.0,-0.15906468725042014,-0.06669133605506994,-0.2162231189235977,-0.0984400453716023,-0.1880522332950474,0.5947071351883431,44.73932951555045,-1.2594154475584717e-08,0.07121054949835898,19.800741662867395,1.17330476863128,-0.03814259982157552,-0.135876029147989,0.10497239521939124,-0.2529117039908534,False,False,False,False,3.5000000934815034e-05,2.700000004551839e-05,False,False
2024-01-28,2.8000000384054147e-05,9609006,-0.03509133101194358,-0.1017826670670135,-0.06899283250860688,-0.22314356430699095,-0.13353137638354592,-0.25131444993554125,0.38776558913436565,42.37945212545563,-3.9022180595095234e-08,0.07358769462303195,20.65590789250206,1.1751079508332247,-0.06666665858226936,-0.15966386233495264,0.0662604789010607,0.05688429516453475,False,False,False,False,3.5000000934815034e-05,2.700000004551839e-05,False,False
2024-01-29,2.9000000722589903e-05,9619518,0.035091331011943595,0.0,-0.06669133605506994,-0.1880522332950474,-0.0984400453716023,-0.12921171437352302,0.42285692014630916,45.47663805964803,2.1411699609663716e-08,0.06843822871030084,20.65590789250206,1.184242832953082,-0.03333331413288972,-0.12333735159892233,0.10392084139284002,0.0010939737159076923,False,False,False,False,3.5000000934815034e-05,2.700000004551839e-05,False,False
2024-01-30,2.9000000722589903e-05,9451446,0.0,0.035091331011943595,-0.06669133605506994,-0.1880522332950474,-0.12921171437352302,-0.12921171437352302,0.42285692014630916,45.47663805964803,6.925440902434227e-08,0.0635497838024222,19.999744037069945,1.184242832953082,-0.028475693927923672,-0.11907653635321722,0.10329086923768108,-0.017471977286179996,False,False,False,False,3.5000000934815034e-05,2.700000004551839e-05,False,False
2024-01-31,2.8000000384054147e-05,9877151,-0.03509133101194358,-0.03509133101194358,-0.1017826670670135,-0.27871343231730134,-0.19415601826236373,-0.1017826670670135,0.4418327306244041,42.80803167385307,4.2721692406347696e-08,0.06622007502933923,19.677503703727332,1.1667516949294983,-0.05564923504287662,-0.14425427696160495,0.06484123078919267,0.04504125612102117,False,False,True,False,2.9999999242136255e-05,2.700000004551839e-05,False,False
2024-02-01,2.8000000384054147e-05,7272058,0.0,0.0,-0.03509133101194358,-0.25131444993554125,-0.19415601826236373,-0.1017826670670135,0.4418327306244041,42.80803167385307,3.468310253439496e-08,0.06404109090688523,20.293281782725206,1.1653126860394094,-0.05245346442671857,-0.1384615376693632,0.06423413752654077,-0.26374943543942986,False,True,False,False,2.9999999242136255e-05,2.700000004551839e-05,False,False
2024-02-02,2.8000000384054147e-05,7153765,0.0,-0.03509133101194358,-0.03509133101194358,-0.1017826670670135,-0.27871343231730134,-0.13353137638354592,0.4418327306244041,42.80803167385308,3.8578619373964184e-08,0.062017748507463666,20.362758375535133,1.048179646351987,-0.04761904467283868,-0.1320520769103443,0.06362773610829132,-0.016266784450839067,False,False,False,False,2.9999999242136255e-05,2.700000004551839e-05,False,False
2024-02-03,2.8000000384054147e-05,6050245,0.0,-0.03509133101194358,-0.19415601826236373,-0.16430304538546658,-0.40546508645352874,-0.1017826670670135,0.4418327306244041,42.80803167385308,4.9662065191273866e-08,0.05758790932835912,20.749054233284774,1.0210309768447932,-0.044368599623181806,-0.12772585630945188,0.06282027541075641,-0.15425723377829714,False,False,False,False,2.9999999242136255e-05,2.700000004551839e-05,False,False
2024-02-04,2.700000004551839e-05,7945594,-0.036367656201228,-0.036367656201228,-0.13815032326824148,-0.16989903258477387,-0.3677247438491748,-0.13815032326824148,0.405465074423176,39.676423483643,7.388777798422123e-10,0.058100528001462586,21.25034174987493,1.0229606099067379,-0.0721649594086582,-0.152542383525851,0.02427920445963594,0.31326814038109196,False,False,False,False,2.9999999242136255e-05,2.700000004551839e-05,False,False
2024-02-05,2.700000004551839e-05,10854482,0.0,-0.07145898721317157,-0.07145898721317157,-0.13815032326824148,-0.4418327426547567,-0.13815032326824148,0.405465074423176,39.67642348364299,-1.9414669121550852e-08,0.056595993823712325,21.397403977787686,1.0187565618422403,-0.0657439565061387,-0.14772728284059902,0.023696676162688987,0.3661007597418142,False,False,False,False,2.9999999242136255e-05,2.700000004551839e-05,False,False
2024-02-06,2.8000000384054147e-05,9715654,0.036367656201227935,-0.03509133101194358,0.0,-0.03509133101194358,-0.3813675264238786,-0.1017826670670135,0.49899116229758156,44.394142489862254,4.3382454899257574e-08,0.05322753550499302,20.577669034360166,1.0030064524579114,-0.026086958612373444,-0.1122384269915048,0.06080697734862095,-0.10491776576717338,False,False,False,False,2.9999999242136255e-05,2.700000004551839e-05,False,False
2024-02-07,2.9000000722589903e-05,10488299,0.035091331011943595,0.035091331011943595,0.0,-0.06669133605506994,-0.32158357394844433,-0.03390150149666327,0.5340824933095252,48.71362458496966,1.5478064603397605e-07,0.05018429315375678,20.577669034360166,0.981932346293224,0.00869566130668387,-0.07760813185728113,0.09765331183991971,0.07952578385356257,False,False,False,False,2.9999999242136255e-05,2.700000004551839e-05,False,False
2024-02-08,2.9000000722589903e-05,13694957,0.0,0.035091331011943595,0.035091331011943595,0.0,-0.34627619541193494,-0.06669133605506994,0.5340824933095252,48.71362458496965,2.266309053970491e-07,0.04906275574528365,20.577669034360166,0.9539795762952116,0.00869566130668387,-0.07466495434489893,0.09661563621534515,0.305736707162906,False,False,False,False,2.9999999242136255e-05,2.700000004551839e-05,False,False
2024-02-09,3.099999958067201e-05,51581507,0.06669133605506988,0.1017826670670135,0.06669133605506988,-0.0317487093165324,-0.1769307652502879,0.0,0.6007738293645951,56.543652711012484,3.9704549505835627e-07,0.051835620314079726,14.262990286271746,0.9185141986623184,0.08391605389462004,-0.007682484182198762,0.1702529009546984,2.766459945803408,False,False,False,False,2.9999999242136255e-05,2.700000004551839e-05,True,False
2024-02-10,3.099999958067201e-05,14777983,0.0,0.1017826670670135,0.06669133605506988,-0.0317487093165324,-0.20359892435856625,0.032789834558406554,0.5436153976914175,56.543652711012484,4.917646812973169e-07,0.0504372242825728,14.262990286271746,0.9185141986623184,0.08391605389462004,-0.003215460864143992,0.16848847915850057,-0.7135023022882988,True,False,False,False,2.9999999242136255e-05,2.700000004551839e-05,False,False
2024-02-11,3.099999958067201e-05,13268133,0.0,0.13815032326824134,0.1017826670670135,0.032789834558406554,-0.2295744205809334,-0.09237335119535023,0.5436153976914175,56.5436527110125,5.329532876936825e-07,0.04683456540524617,15.951946195882543,0.889503106530751,0.08013934510760506,0.0006455521682948623,0.16650985346792327,-0.10216888191033924,False,False,False,False,2.9999999242136255e-05,2.700000004551839e-05,False,False
2024-02-12,3.199999991920777e-05,16398993,0.03174870931653243,0.16989903258477393,0.09844004537160243,0.03174870931653243,-0.22314352857684186,-0.03077166900192073,0.5753641070079499,60.326241331394414,6.010337659703407e-07,0.04659448734995706,18.51776629679117,0.8890434552135882,0.10726642074098054,0.0349288341817726,0.20187792259715417,0.2359683913328272,False,False,True,False,3.300000025774352e-05,2.700000004551839e-05,False,False
2024-02-13,3.199999991920777e-05,18233254,0.0,0.13353137638354595,0.09844004537160243,0.06453854387493893,-0.11778307355199538,-0.11778307355199538,0.5753641070079499,60.326241331394414,6.172130944390117e-07,0.04549845330054163,20.642564063009132,0.8806482395272454,0.10154903977694915,0.03828681333100566,0.19962510557059834,0.11185205091556538,True,False,False,False,3.300000025774352e-05,2.700000004551839e-05,False,False
2024-02-14,3.400000059627928e-05,22127588,0.06062464187881777,0.1590646872504201,0.19415601826236364,0.09237335119535026,-0.13720106938558307,0.029852972876897095,0.6359887488867677,66.9907854276842,7.262422579198437e-07,0.04396503536826406,24.860558650804318,0.8980174051879929,0.15843271734585113,0.10461339368617975,0.2719790629952304,0.21358414685606864,False,False,False,False,3.300000025774352e-05,2.700000004551839e-05,True,False
2024-02-15,3.400000059627928e-05,20842269,0.0,0.1590646872504201,0.19415601826236364,0.09237335119535026,-0.05715843167317757,0.029852972876897095,0.6359887488867677,66.9907854276842,7.58461786420315e-07,0.0429255167096026,28.152250992410593,0.8980174051879929,0.14864865757584728,0.10677084243099404,0.2691302856182166,-0.058086719618966165,False,False,False,False,3.300000025774352e-05,2.700000004551839e-05,False,False
2024-02-16,3.400000059627928e-05,18314803,0.0,0.09237335119535026,0.19415601826236364,0.09237335119535026,-0.02898754604462723,0.06062464187881777,0.6359887488867677,66.9907854276842,7.391208350084611e-07,0.044061090394202945,30.638159087168347,0.8980174051879929,0.13902848489847594,0.10821382966342583,0.2662942402074914,-0.12126635540497055,False,False,False,False,3.300000025774352e-05,2.700000004551839e-05,False,False
2024-02-17,3.300000025774352e-05,13767801,-0.029852972876897123,0.06252037831845315,0.16430304538546672,0.12921171437352308,-0.029852972876897123,0.0,0.5007753209850242,60.6304244869114,6.229743669984799e-07,0.04648269005438515,31.137207381556774,0.8707739932093712,0.09634551344439679,0.07702349799699934,0.2267658000106367,-0.24826922790269712,False,False,False,False,3.300000025774352e-05,2.700000004551839e-05,False,False
2024-02-18,3.400000059627928e-05,13141907,0.029852972876897095,0.09237335119535026,0.2305236744635917,0.1590646872504201,0.0,0.09237335119535026,0.3483066764349868,64.2824441569125,5.784561526426339e-07,0.043993853278063495,32.62443160725162,0.8751306475336255,0.12026360110956796,0.1103853793610725,0.2611276094026058,-0.04546070937544788,False,False,False,False,3.300000025774352e-05,2.700000004551839e-05,True,False
2024-02-19,3.5000000934815034e-05,23401965,0.02898754604462726,0.08961218792344498,0.25951122050821895,0.02898754604462726,-0.02817088562855035,0.18805223329504744,0.33647228859233874,67.52648531134065,5.798484397851945e-07,0.04376588488615832,34.596323435986,0.6842815243615821,0.141924979257512,0.14304378335497533,0.2950971573151503,0.7807130274167973,False,False,False,False,3.300000025774352e-05,2.700000004551839e-05,False,False
2024-02-20,3.400000059627928e-05,30003668,-0.02898754604462723,0.06062464187881777,0.19415601826236364,0.09237335119535026,-0.11122557316321602,0.029852972876897095,0.19415601826236364,61.510098777673754,4.809865911100791e-07,0.048137560438719286,34.55225788854,0.6067896983867517,0.09854605092819992,0.11256545608914967,0.25530737837106154,0.2821003706312697,False,False,False,False,3.300000025774352e-05,2.700000004551839e-05,False,False
2024-02-21,3.300000025774352e-05,18371385,-0.029852972876897123,-0.029852972876897123,0.12921171437352308,0.12921171437352308,-0.1144103869318347,0.0307716690019207,0.2384110425253066,56.12489875704167,3.2337362808410867e-07,0.05254719245249784,33.57897763688609,0.5656905738100146,0.057692306290842696,0.08196721405333506,0.21614151516776528,-0.38769536444677366,False,False,False,False,3.300000025774352e-05,2.700000004551839e-05,False,False
2024-02-22,3.400000059627928e-05,16973943,0.029852972876897095,0.0,0.1590646872504201,0.19415601826236364,-0.02898754604462723,0.029852972876897095,0.12516318575375684,59.905213841667994,2.6409727368041743e-07,0.049459549713952826,32.74615237865156,0.5539975264979138,0.0793650881644233,0.11256545608914967,0.25045974053695846,-0.07606623017262992,False,False,False,False,3.300000025774352e-05,2.700000004551839e-05,True,False
2024-02-23,3.400000059627928e-05,37311872,0.0,0.0,0.09237335119535026,0.1590646872504201,-0.08455741405493772,0.0,-0.13720106938558307,59.905213841667994,2.0514414838152938e-07,0.05222924776588555,31.47168972217576,0.5446235212420019,0.0691823983913315,0.11183781330037083,0.24770643460935007,1.1981853008461263,False,False,False,False,3.300000025774352e-05,2.700000004551839e-05,False,False
2024-02-24,3.5000000934815034e-05,19455016,0.02898754604462726,0.058840518921524324,0.12136089723997749,0.22314356430699092,-0.02817088562855035,0.08961218792344498,0.0,63.547747734813555,2.1283415747880086e-07,0.053235363747505024,29.026887450203688,0.5304873768170947,0.08695653893184682,0.14229767097857302,0.2813472696293673,-0.4785837601501206,False,False,False,True,3.300000025774352e-05,3.199999991920777e-05,False,False
2024-02-25,3.7000001611886546e-05,23633492,0.05556986801031043,0.08455741405493775,0.17693076525028792,0.24362210130535775,0.0,0.17693076525028792,0.027398982381760074,69.51318674051919,3.252242624649148e-07,0.05062179669262902,27.379855232963486,0.5484289092247641,0.13149850539566893,0.20286089893674866,0.3508580256627008,0.21477628185964992,False,False,False,False,3.300000025774352e-05,3.199999991920777e-05,False,False
2024-02-26,4.3000000005122274e-05,86692306,0.15028215960396032,0.2058520276142708,0.29546421553771585,0.39390426090931824,0.17768114198572038,0.29546421553771585,0.2058520276142708,80.05726206090378,7.518759417983381e-07,0.05705828075281937,35.16488231986315,0.738129161660598,0.28550073177752483,0.3853092657768769,0.5639207009223784,2.6681970654188554,False,False,False,False,3.300000025774352e-05,3.199999991920777e-05,False,False
2024-02-27,5.0999999075429514e-05,348882383,0.17062549878280744,0.4054650724417055,0.4660897143205233,0.5996210907040692,0.37647752639707827,0.4660897143205233,0.34830664076852785,86.67477201293153,1.4790565951193352e-06,0.06568008576308854,54.1143937033214,0.9000062834423871,0.47612152219002124,0.6221373609674061,0.8454857497886411,3.024375392667488,True,False,False,False,3.300000025774352e-05,3.199999991920777e-05,False,False
2024-02-28,5.700000110664405e-05,309128041,0.11122567265386528,0.5465437179724679,0.5166907450955708,0.675755432345991,0.48770319905094356,0.5773153869743886,0.5465437179724679,89.49125339689589,2.2254767678260403e-06,0.06960638523499847,73.42478940992841,0.9536672147891555,0.5855354814068243,0.7812500188293824,1.0499910332098648,-0.1139476910761642,True,False,False,False,3.300000025774352e-05,3.199999991920777e-05,False,False
2024-02-29,5.400000009103678e-05,166994308,-0.05406723899921709,0.4626235060963536,0.4626235060963536,0.6216881933467737,0.43363596005172644,0.49247647897325075,0.49247647897325075,80.3468423806927,2.365395839176592e-06,0.08145282024349627,81.6066382299758,0.9877775056522536,0.4555255943107779,0.664611578736798,0.9313304610740542,-0.45978919460108114,False,False,False,False,3.300000025774352e-05,3.199999991920777e-05,False,False
2024-03-01,8.70000003487803e-05,622452331,0.47692407441341206,0.9395475805097657,0.9395475805097657,1.1337035987721293,0.8549901664548281,0.9395475805097657,1.031920931705116,91.10904074246824,4.409881744260788e-06,0.08224948758034276,131.51185606154195,1.8563253050014954,1.1804511141086598,1.5939176977783907,2.076923067025835,2.7273865106827473,False,False,False,False,3.300000025774352e-05,3.199999991920777e-05,False,False
2024-03-02,0.0001340000017080456,1428181664,0.4319316900339676,1.342491724499106,1.4013322434206303,1.565635288806097,1.3143208388705556,1.371479270543733,1.4638526217390833,95.16774349054397,8.424334264862162e-06,0.07890414339394657,214.63512203461673,2.3032443625414576,1.9744728117554697,2.761931510741647,3.647936202935284,1.29444343425553,True,False,False,False,3.300000025774352e-05,3.199999991920777e-05,False,False
2024-03-03,0.00014699999883305281,1106562218,0.09259276614279971,1.3795146226315953,1.464072036686533,1.6582280549488968,1.5564453878818831,1.3795146226315953,1.5246966785653508,95.74617074540417,1.127407785889785e-05,0.08622498185934242,256.6566773878753,2.2994795023631407,1.8937007380613888,2.874538680990558,3.9898166262285133,-0.2251950533374163,True,False,False,False,3.300000025774352e-05,3.199999991920777e-05,False,False
2024-03-04,0.00014400000509340316,1167775937,-0.020619243893464766,1.2086132191341703,1.4144652467484409,1.6376088110554319,1.4733057656699653,1.2321437246019031,1.5358261439884184,92.98017873866074,1.219763825170807e-05,0.09810313560190823,269.85233068646625,2.3068307311572935,1.5531915470028324,2.580308391224879,3.785643203865591,0.05531882256981224,False,False,False,False,3.300000025774352e-05,3.199999991920777e-05,False,False
2024-03-05,0.00011600000289035961,813387922,-0.2162231189235977,0.8217646014277651,1.2272296738694706,1.457753348333062,1.2878543157482882,1.0900286044838872,1.3196030250648207,72.05698435321186,1.0242246747997781e-05,0.15680361589020872,263.09148587547435,2.4752419643799763,0.9173553931706155,1.767175607630105,2.7933290380756066,-0.3034726130000742,False,False,False,False,3.300000025774352e-05,3.199999991920777e-05,False,False
2024-03-06,0.00013099999341648072,658637930,0.12160705692202028,0.8321459856959201,1.3786897036683878,1.5793604052550825,1.441210081986841,1.137527662600326,1.441210081986841,75.26781698011715,9.305703751890456e-06,0.15619403933995923,257.75605129017225,2.4815318698135695,1.004590550261882,1.9826956342261766,3.206807724227582,-0.19025361431417964,False,False,False,False,3.300000025774352e-05,3.199999991920777e-05,False,False
2024-03-07,0.00014000000373926014,402428501,0.06644517637302703,0.9526584010681642,1.415281907164518,1.6094379254268816,1.574346594414938,1.228070399003003,1.5076552583598681,76.97719946815708,8.652736092662526e-06,0.1489787904872205,251.59465479440502,2.481266381711822,0.9815994689591147,2.0368764057335413,3.4101434150712655,-0.38899889807439425,False,False,True,False,0.00017299999308306724,3.199999991920777e-05,False,False
2024-03-08,0.00023400000645779073,2455189649,0.5136786936367925,0.9894130202915447,1.9289606008013103,2.0880252880517305,2.0213339519966604,1.7664417141032862,2.054123786555067,87.04694571160455,1.3616517207890323e-05,0.11420677475357864,277.6159474796237,2.9529396333541116,1.8996282988738942,3.6613546557887293,6.128713011085941,5.100933812836482,False,False,False,False,0.00017299999308306724,3.199999991920777e-05,True,False
2024-03-09,0.00023999999393709004,1755554700,0.02531775512476878,0.5827990853823458,1.9252908098814518,2.1133430431764992,2.1133430431764992,1.7670668477645644,2.046651707121429,87.42501805332185,1.619356784657955e-05,0.11708840592243641,284.55215696434084,2.946742935885925,1.637362553013896,3.4101431816594645,6.072343961098633,-0.2849616726288178,True,False,False,False,0.00017299999308306724,3.199999991920777e-05,False,False
2024-03-10,0.0002730000123847276,1650538775,0.12883294247039517,0.6190392617099413,1.9985538843415365,2.1754846495918243,2.1437359402752922,1.9985538843415365,2.1754846495918243,89.27856707447215,1.8825739291032753e-05,0.11468231299064784,289.5556364185105,2.953710404854415,1.6530613143191044,3.6114866421519176,6.754580602147635,-0.059819226937218195,False,False,False,False,0.00017299999308306724,3.199999991920777e-05,False,False
2024-03-11,0.00029600001289509237,1816200169,0.08088765733829938,0.7205461629417054,1.9291593820758755,2.256372306930124,2.2246235976135913,2.0527733825715577,2.2891621414885304,90.34657943676427,2.067339116130478e-05,0.11052305436880426,288.5838189442397,2.9421686752284724,1.5517242095226496,3.5891474189003807,7.088536959004117,0.10036807163164041,False,False,False,False,0.00017299999308306724,3.199999991920777e-05,False,False
2024-03-12,0.0002699999895412475,1169278024,-0.09193757762630712,0.8448317042389961,1.666596305666761,2.164434729303817,2.1972245638622234,1.9348603087228835,2.0720613781084665,80.57520929412586,1.8758278506732873e-05,0.12468062196180053,274.62541155370604,2.9888557793495547,1.1118497213428484,2.894979611918363,6.132478864008812,-0.35619539962723124,False,False,False,False,0.00017299999308306724,3.199999991920777e-05,False,False
2024-03-13,0.0002699999895412475,735434146,0.0,0.7232246473169757,1.5553706330128958,2.1326860199872844,2.164434729303817,1.9095424914104424,2.1019143509853637,80.57520929412586,1.6201638153298315e-05,0.12212406429540044,258.35204842150597,2.9962992621448445,0.933404856196039,2.6407765328109005,5.902722429990212,-0.37103568962654176,False,False,False,False,0.00017299999308306724,3.199999991920777e-05,False,False
2024-03-14,0.00027799999224953353,1449466639,0.029199165549007363,0.685978636492956,1.6386370375611201,2.1618851855362915,2.2264237294112306,2.044102111984296,2.044102111984296,81.29704721008994,1.3850538651420388e-05,0.12298444624663259,241.21981287182797,2.9893027107492345,0.8307539790123601,2.512762080395502,5.878633944122698,0.9708992938165806,False,False,False,False,0.00017299999308306724,3.199999991920777e-05,False,False
2024-03-15,0.00026699999580159783,924335774,-0.04037244313536415,0.13192749972079945,1.1213405200123439,2.0608881005221096,2.15326145171746,1.9236870311365266,2.090741073399007,77.05689042000499,1.0507412956256138e-05,0.13335093309549728,222.02942398670035,3.014815996266078,0.6335270464493818,2.1816014656809664,5.409025315750203,-0.36229248115865054,False,False,False,False,0.00017299999308306724,3.199999991920777e-05,False,False
2024-03-16,0.00021399999968707561,742878209,-0.22127262911630874,-0.11466288452027815,0.4681362008620677,1.8396154714058008,1.9319888226011512,1.7824570397326234,1.869468444282698,60.644657613154585,4.013466256452274e-06,0.17652238835418682,200.79992091379881,3.172924608558923,0.24201973163905624,1.4423647468873326,4.019350270320394,-0.19631130818918197,False,False,False,False,0.00017299999308306724,3.199999991920777e-05,False,False
2024-03-17,0.00022499999613501132,656868212,0.0501243714671044,-0.19337145552356882,0.4256678061863724,1.8897398428729055,1.9821131940682557,1.8607522968282781,1.9503644847517232,62.43305276871077,-3.974808252661346e-08,0.16574136376829884,180.51228895758217,3.16554063270768,0.2403527918922849,1.457941837362044,4.152278344741541,-0.11577940496569339,False,False,True,False,0.0003110000106971711,3.199999991920777e-05,False,False
2024-03-18,0.00019299999985378236,495462575,-0.15341019687941132,-0.42766930974127954,0.2928768532004259,1.7661826188703913,1.8953943332439143,1.736329645993494,1.7661826188703913,54.65247747281514,-5.094750955546949e-06,0.19496427859374954,161.71306649613726,3.239622818807448,0.02387267943415687,1.0350063221370243,3.332210980332191,-0.24571996947235442,False,False,False,False,0.0003110000106971711,3.199999991920777e-05,False,False
2024-03-19,0.00017699999443721026,647331759,-0.08654048700164309,-0.4222722191166156,0.4225594851223805,1.649789158991851,1.8088538462422712,1.649789158991851,1.7421625101872011,51.215672383286226,-9.479969864159289e-06,0.2119311496212646,144.1577760806731,3.2779579537903833,-0.08997431909603465,0.809815893981977,2.9029767130975723,0.3065199909397798,False,True,False,False,0.0003110000106971711,3.199999991920777e-05,False,False
2024-03-20,0.00023299999884329736,832922339,0.27488874745567354,-0.1473834716609421,0.5758411756560335,1.8956903604028974,1.9246779064475243,1.8675194747743469,2.0837425936979446,60.56324480050419,-8.599021547680182e-06,0.17003481408951537,123.10498942740331,3.364479658805917,0.14524452957598996,1.2870043082249836,4.0183070910874115,0.2867008723420288,False,False,False,False,0.0003110000106971711,3.199999991920777e-05,False,False
2024-03-21,0.00021399999968707561,982513654,-0.08506243504172355,-0.2616450722516729,0.42433356424128305,1.8396154714058008,1.9319888226011512,1.728389898242585,1.869468444282698,56.60056070228899,-9.23024850772715e-06,0.1889303939043273,107.98301254690594,3.389408801908251,0.020019067413424248,1.0265151494794367,3.5133396426773156,0.17959815458857564,True,False,False,False,0.0003110000106971711,3.199999991920777e-05,False,False
2024-03-22,0.00022600000374950469,900414611,0.05455900230342647,-0.1667136268128823,-0.034786127092082945,1.9240274465861245,2.0532391609596474,1.8096170596542898,1.954799115588045,58.449689185800395,-8.776802287907765e-06,0.17876243510714074,100.68475166933442,3.373581760176013,0.054104497761659695,1.062796674975963,3.6636401799806078,-0.08356020566814437,False,False,False,True,0.0003110000106971711,0.0001610000035725534,False,False
2024-03-23,0.00022899999748915434,647084143,0.013186976726833631,0.06774597903026011,-0.04691690549001805,1.907361450436061,2.101517468698425,1.8783739043914338,1.937214423312958,58.920913172622996,-8.22162985804286e-06,0.1709931487920993,94.75607513075072,3.3762131220964737,0.048054911335921185,1.0162000138020264,3.6243941222080176,-0.28134868637754706,False,False,False,False,0.0003110000106971711,0.0001610000035725534,False,False
2024-03-24,0.00023999999393709004,438019903,0.046916905490018174,0.0645385130531736,-0.1288329424703951,1.954278355926079,2.1133430431764992,1.8697209418711414,1.954278355926079,60.68169202084378,-7.102520225749049e-06,0.15745435074650305,87.78727216653483,3.36905165499461,0.07478726014614583,1.0370055532085363,3.7398043550215485,-0.3230866375904996,False,False,True,False,0.0002570000069681555,0.0001610000035725534,False,False
2024-03-25,0.0002410000015515834,719445272,0.0041580418488943284,0.2221067517814793,-0.20556255795980025,1.929448851730346,2.152592416037337,1.9012779661017958,2.019061039653791,60.845998854414155,-6.310599101684168e-06,0.15597437716409496,73.98405119545781,3.37351559104634,0.04988021279179216,0.9737919887261153,3.656554943661728,0.6424944781561672,False,False,False,False,0.0002570000069681555,0.0001610000035725534,False,False
2024-03-26,0.00024199999461416155,525447415,0.004140763972395033,0.31278800275551727,-0.10948421636109826,1.8780197476924305,2.1216418489977884,1.8780197476924305,2.054950512942719,61.021413260887776,-5.750885006607099e-06,0.1495477403102146,61.203015981684175,3.3799569602677515,0.029349195329529645,0.9145569231475512,3.5772648814691594,-0.2696492207957689,False,False,False,False,0.0002570000069681555,0.0001610000035725534,False,False
2024-03-27,0.00022499999613501132,369096053,-0.07283731887446289,-0.03493806357461908,-0.18232153523556108,1.6549002692140073,2.0488045301233258,1.8325814111997278,1.9503644847517232,56.39576918733599,-6.501664895165785e-06,0.15634196712782258,48.11258059061198,3.3966651945062467,-0.059954052243771455,0.7262543862744113,3.174009756557373,-0.2975585330455951,False,False,False,False,0.0002570000069681555,0.0001610000035725534,False,False
2024-03-28,0.0002519999979995191,1015379295,0.11332869454631453,0.16345306601341902,-0.0981920062382539,1.5976034649775144,2.1972245556815837,1.9740809913745927,2.063693179298038,61.40040310460075,-5.211684062460466e-06,0.14350914379960844,48.098612740008626,3.3779795359912446,0.04890738843989119,0.8694361922905791,3.5751633591929197,1.7509893068404065,False,False,False,False,0.0002570000069681555,0.0001610000035725534,False,False
2024-03-29,0.00023999999393709004,378038337,-0.04879018149314084,0.06010388221685175,-0.10660974459603054,1.4375876108305083,2.1133430431764992,1.9252908098814518,2.014902997804897,58.203042254274486,-5.187227657553131e-06,0.14498094544420764,48.098612740008626,3.38950776304823,-0.0010405997438808611,0.7263702692952824,3.270462524949784,-0.6276875657583701,False,False,False,False,0.0002570000069681555,0.0001610000035725534,False,False
2024-03-30,0.00024300000222865492,548546144,0.012422554432101586,0.05933945992211988,0.1270854389523798,1.5040774042618272,2.1257655976086007,1.9377133643135536,1.996553883235078,58.780931154221975,-4.988171005096951e-06,0.1400177917586915,46.76379368154051,3.3722179905289993,0.017801067045784824,0.6962166900979911,3.2382489255415035,0.45103311043292416,False,False,False,False,0.0002570000069681555,0.0001610000035725534,False,False
2024-03-31,0.0002479999966453761,412030294,0.02036728012630493,0.032789834558406554,0.09732834761158023,1.04752060997472,2.1812242087468494,1.9025107764295481,1.9870681904844858,59.77905335652111,-4.551109685794231e-06,0.132003515347506,41.92684204030253,3.000500445131484,0.04929130571046286,0.6802167854424193,3.2396785474463052,-0.24886848899260516,False,False,True,True,0.00026500000967644155,0.00021600000036414713,False,False
2024-04-01,0.00023299999884329736,356948139,-0.06239028403696119,-0.0337584913274488,0.18834826045403028,0.5531986359037913,2.118833924709888,1.8675194747743469,1.9246779064475243,55.44166635274066,-5.2537630090026855e-06,0.13751665556743056,40.15780593949139,2.6525119643961124,-0.0063965814205946955,0.5365338939338102,2.9107082721314357,-0.1336847212501322,False,False,False,False,0.00026500000967644155,0.00021600000036414713,False,False
2024-04-02,0.00020900000527035445,327834679,-0.10870417141949393,-0.14660342671933776,0.16618457603617967,0.3519016983414976,2.010129753290394,1.9083470862233807,1.7314163209730928,49.280551394046455,-7.1963174577541085e-06,0.15192683915347252,39.19884943152955,2.674523638631728,-0.0969971608675576,0.3468230819449211,2.451977953386367,-0.08156215656863253,False,True,False,False,0.00026500000967644155,0.00021600000036414713,False,True
2024-04-03,0.0001990000018849969,251358043,-0.049029442984979084,-0.12279555082985395,-0.15773361440447298,0.3234914992499833,1.9611003103054152,1.7967972649199484,1.5556352238518865,46.939888882292536,-8.904337466603227e-06,0.1553428645041282,37.012971651172016,2.6806774513894664,-0.12527471097761342,0.2553621144443279,2.237878323728778,-0.23327805414996994,False,True,False,False,0.00026500000967644155,0.00021600000036414713,False,False
2024-04-04,0.0002010000025620684,221153823,0.010000086608846102,-0.22612415876732248,-0.06267109275390334,0.549714704782427,2.007468053115489,1.8375690205307154,1.6397433092663145,47.47719995544274,-9.589711589660283e-06,0.1484975104367347,35.204650351310725,2.552641499291677,-0.10347902024667299,0.24181393182134428,2.2219283868245983,-0.12016412778961683,False,False,False,False,0.00026500000967644155,0.00021600000036414713,False,False
2024-04-05,0.0001880000054370612,176919582,-0.06686292905519763,-0.24419690632937913,-0.18409302411252737,0.3612447188052091,1.9406051240602915,1.8024548007920502,1.4987723814055351,44.33453832657741,-1.0533590563874986e-05,0.1535045512527522,37.982544834263706,2.541288865457302,-0.15657242607383853,0.1398084499387262,1.9725670838365919,-0.20001571937555884,False,False,False,False,0.00026500000967644155,0.00021600000036414713,False,False
2024-04-06,0.00019500000053085387,150660065,0.03655756953558734,-0.2200618912258935,-0.1607224313037737,0.33135711196776935,1.940795037394651,1.9057037063827074,1.5594275109707725,46.392226027114475,-1.0289654711813097e-05,0.14145242839134484,39.76512473987612,2.535367224091142,-0.11924118715734189,0.1596099002934284,2.040224513522781,-0.1484262889565271,False,False,False,False,0.00026500000967644155,0.00021600000036414713,False,False
2024-04-07,0.00020599999697878957,249158943,0.05487659283743668,-0.1855525785147618,-0.15276274395635517,-0.12744498883158642,1.960580299220144,1.8938889631650742,1.6389967252716997,49.548312104648815,-9.035284112727923e-06,0.13057625470348713,38.4482011443795,1.7844243425980673,-0.07228102779381414,0.20032628697480453,2.1648486216451728,0.6537822614108124,False,False,False,False,0.00026500000967644155,0.00021600000036414713,False,False
2024-04-08,0.00021499999274965376,223658844,0.04276184028161069,-0.08040045419618999,-0.1141589455236389,-0.11000090367474462,2.0033421395017545,2.0033421395017545,1.6570659440898197,52.03640851569468,-7.32039089983726e-06,0.12348279898649482,33.55551747201432,1.7890933982114614,-0.03996430605891037,0.22688880017512983,2.25313954698217,-0.10234470692870135,True,False,False,True,0.00026500000967644155,0.00018600000475998968,False,False
2024-04-09,0.0001990000018849969,175769367,-0.07733316020828301,-0.049029442984979084,-0.1956328697043169,-0.3161670063534227,1.8593176432384018,1.8275689339218693,1.682386877988114,47.547117016193006,-6.985504661293518e-06,0.1310604504093607,34.94936179378216,1.7407928179918206,-0.10461191182856708,0.1147210531180321,1.969927643826639,-0.21411841420409028,False,False,False,False,0.00026500000967644155,0.00018600000475998968,False,False
2024-04-10,0.00019799999427050352,188404331,-0.005037832439154618,-0.005037832439154618,-0.12783338326900856,-0.4020924961308767,1.854279810799247,1.8225311014827148,1.6506808864406808,47.27261321813031,-6.559950082615401e-06,0.12736413738257063,36.235886693503666,1.7095137291867537,-0.10589299967152892,0.08910888291547618,1.9154088823539328,0.0718837657303506,False,False,False,False,0.00026500000967644155,0.00018600000475998968,False,False
2024-04-11,0.00019200000679120421,162933887,-0.030771594359047662,-0.045809513407048384,-0.27193367217437087,-0.3409265128636174,1.8235082164401994,1.856298050998606,1.5939337958592659,45.572572083067705,-6.4040102000161865e-06,0.12642680715270313,38.26369671850526,1.6873164681309707,-0.12627982894721881,0.037950087949386695,1.7909005984667883,-0.13519033169147265,False,False,True,False,0.00022200000239536166,0.00018600000475998968,False,False
2024-04-12,0.00015900000289548188,303719242,-0.1885911869678269,-0.16753777131967784,-0.4117346776490569,-0.5295176998314443,1.60316832015584,1.6349170294723725,1.380024791578998,37.56985188780306,-8.133716148029589e-06,0.16871577097212354,45.68027451767005,1.7960553917920952,-0.26473986881863915,-0.15190951969926608,1.2874406957820732,0.8640642998960677,False,False,False,False,0.00022200000239536166,0.00018600000475998968,False,True
2024-04-13,0.0001340000017080456,360526346,-0.17106440773328901,-0.37515974858855405,-0.5952216398144476,-0.7297812731137406,1.432103912422551,1.49664245629749,1.3143208388705556,32.861848158221534,-1.0425554459881455e-05,0.21094642924575366,56.627284440948024,1.8648297727778291,-0.3647783746412275,-0.2928013405886653,0.9115549440984477,0.18703821208667448,False,True,False,False,0.00022200000239536166,0.00018600000475998968,False,False
2024-04-14,0.00015100000018719584,304664350,0.11944002535711155,-0.31059631606887905,-0.4961488945836409,-0.569968804621265,1.4909192959008448,1.583292647096195,1.3537182265152616,38.50510618293197,-1.0245480689132009e-05,0.1851791353214919,61.45764378707796,1.9297084080666076,-0.2685880337955033,-0.2127215823379978,1.1335217243844042,-0.15494566935199794,False,False,False,False,0.00022200000239536166,0.00018600000475998968,False,False
2024-04-15,0.0001429999974789098,225436362,-0.05443522542472622,-0.4077933817752159,-0.4881938359714058,-0.4031314009296823,1.4364840704761186,1.5288574216714688,1.379325638802941,36.93189142818143,-1.009759022680642e-05,0.19256076789760246,66.42712566511138,1.7924679999935096,-0.29032259252617754,-0.26258251938969634,1.002520618522523,-0.26005007806131564,False,False,False,False,0.00022200000239536166,0.00018600000475998968,False,False
2024-04-16,0.00014200000441633165,192709387,-0.00701752392771833,-0.3374777454946512,-0.3865071884796303,-0.4602732963245051,1.4294665465484002,1.5218398977437504,1.400479000503773,36.729877782989504,-9.507885588169546e-06,0.1855988159875432,71.71540125821237,1.777987744029993,-0.2804661553218782,-0.27514035371478585,0.9711272107706721,-0.14517167820513355,False,False,False,True,0.00022200000239536166,0.0001140000022132881,False,False
2024-04-17,0.00013299999409355223,153806753,-0.06547800488981631,-0.3979179179453128,-0.40295575038446746,-0.3723411043349102,1.393841514535481,1.5230532289090042,1.363988541658584,34.88063375012982,-9.161045692325858e-06,0.1920598489002261,74.60083121639362,1.7174707358386105,-0.3051201981925236,-0.32671866745532147,0.8317035394337824,-0.2018720240130285,False,False,False,False,0.00022200000239536166,0.0001140000022132881,False,False
2024-04-18,0.00013800000306218863,135478159,0.03690462353460602,-0.33024170005165904,-0.3760512134587075,-0.24889599379866092,1.40089316519319,1.5599578524436102,1.40089316519319,36.7848164076216,-8.070282231856672e-06,0.17860841276881573,76.59701726986991,1.7043357039534877,-0.2592592447944224,-0.30708976008110955,0.885117176795701,-0.1191663801653754,False,False,False,False,0.00022200000239536166,0.0001140000022132881,False,False
2024-04-19,0.00013899999612476677,163421889,0.007220197904338484,-0.1344303151794936,-0.30196808649917145,-0.5165645433499959,1.3791258170529013,1.4081133630975284,1.350954931424351,37.18045994812954,-6.807299380975085e-06,0.17390725341524144,76.41005499313529,1.3668924367434145,-0.23246827179273347,-0.3079757218992819,0.8833411830984461,0.2062600363502134,False,False,False,False,0.00022200000239536166,0.0001140000022132881,False,False
2024-04-20,0.00016599999798927456,247615220,0.17751387099242366,0.21414796354621904,-0.16101178504233507,-0.25398823731584874,1.5856272340899522,1.6780005852853024,1.4744016609267363,46.852479665438686,-3.827805367408255e-06,0.15114044454079748,70.29665422409028,1.502936201285359,-0.062146905382312795,-0.18000395933720736,1.2268428183405746,0.5151900489903161,False,False,False,False,0.00022200000239536166,0.0001140000022132881,False,False
2024-04-21,0.00017100000695791095,279138297,0.029675820948457436,0.12438375913756494,-0.1862125569313142,-0.27887141867081766,1.6451560279153068,1.7743677422888298,1.530745640983472,48.43577732105231,-1.323889218891192e-06,0.14334213027752762,65.18016853656745,1.492271210946412,-0.01667621446077037,-0.15838169423778212,1.2706148823287817,0.12730670190628834,True,False,False,False,0.00022200000239536166,0.0001140000022132881,False,False
2024-04-22,0.00017600000137463212,223079261,0.028820405656364696,0.20763939021865582,-0.20015399155656005,-0.2632379897412865,1.6441234606947743,1.8382794789571382,1.6151359146501472,50.038643276513575,7.537009979123148e-07,0.1341921897324076,63.12333234954033,1.4962267840061043,0.02177068734689386,-0.1362387036303169,1.3127464020133879,-0.2008288959361244,False,False,False,True,0.00022200000239536166,0.00012599999899975955,False,False
2024-04-23,0.00019299999985378236,421969947,0.09220618529871957,0.30686309944509377,-0.030614646049557357,-0.21794870993258492,1.736329645993494,1.8953943332439143,1.6517722319385564,55.14407626966662,3.219262055838083e-06,0.12621455578181343,62.61685316362253,1.5254967845338558,0.1224193046900272,-0.05734101611629028,1.5073075630649213,0.891569593284604,False,False,False,False,0.00022200000239536166,0.00012599999899975955,False,False
2024-04-24,0.0001849999971454963,334481581,-0.04233437849870613,0.3300067258362039,-0.06791119210910887,-0.2644411302801854,1.6650077214501608,1.8881512857571516,1.6368368358216103,52.428917779843296,4.195967915296122e-06,0.13191981724942559,61.40153240210623,1.5297289306717659,0.08092314952470403,-0.10246459474606813,1.3775863900502094,-0.20733316820782977,False,False,False,False,0.00022200000239536166,0.00012599999899975955,False,False
2024-04-25,0.00018600000475998968,280719443,0.005390889655968159,0.29849299195756623,-0.03174870809409289,-0.2631910045966121,1.6148287430958186,1.8584508444011762,1.6148287430958186,52.742151222534595,4.753083818688896e-06,0.12951887065176526,61.29573921989664,1.5298683953443628,0.08740137206567393,-0.10240321811680385,1.3649078776384924,-0.1607327310498452,False,False,False,False,0.00022200000239536166,0.00012599999899975955,False,False
2024-04-26,0.0001829999964684248,196992342,-0.016260565761347677,0.27501222829187993,0.1405819131123864,-0.20661425148349694,1.4482860177305106,1.8421902786398288,1.625967159716231,51.64353777884472,4.751899020351071e-06,0.12809392716076665,60.523210584497825,1.5126808286691071,0.07362861026229912,-0.1205305797267925,1.3024659830604228,-0.298259002316416,False,False,False,False,0.00022200000239536166,0.00012599999899975955,False,False
2024-04-27,0.00017299999308306724,141873935,-0.05619457902768781,0.04130377827176856,0.2554517418179876,-0.37613752505749926,1.2214659399200152,1.8210870306240845,1.5979434663170937,48.05061105683454,3.943290394638431e-06,0.13242586726795988,58.02349271562598,1.4576873546252624,0.024881477645958532,-0.1636856145017553,1.1554945556273182,-0.27979974470276614,False,False,True,False,0.00020500000391621143,0.00012599999899975955,False,False
2024-04-28,0.00016999999934341758,119039062,-0.017493121327495552,-0.005865164004184552,0.1185185951333804,-0.34484046489185394,1.0927471459386544,1.7685025782846453,1.580450344989598,46.994322316472804,3.108729462483676e-06,0.13059905962327095,53.04658146447262,1.4519674223294015,0.020714496241811747,-0.17258833861779066,1.0981178562950118,-0.1609518548985055,False,False,False,False,0.00020500000391621143,0.00012599999899975955,False,False
2024-04-29,0.00016999999934341758,130507009,0.0,-0.03468556966054921,0.17295382055810665,-0.35726301932395554,1.1468143849378716,1.7685025782846453,1.580450344989598,46.9943223164728,2.486018359196546e-06,0.1254722374753819,50.45481581438852,1.4500372057432889,0.029678979285123933,-0.16420845539968526,1.07849369503084,0.09633767947533056,False,False,False,False,0.00020500000391621143,0.00012599999899975955,False,False
2024-04-30,0.000155999994603917,150275845,-0.08594246052875147,-0.2128342154880203,0.09402888395707354,-0.4635727599790119,0.583947849995708,1.7176514487678374,1.438938016450536,41.997598001974424,1.1296204348244557e-06,0.1374970879557262,47.79294854944154,1.4675624703251038,-0.042944817700078304,-0.22233302263664173,0.8913675392402943,0.15147719767296186,False,False,False,False,0.00020500000391621143,0.00012599999899975955,False,False
2024-05-01,0.00015900000289548188,204249343,0.019048247771548513,-0.1514515892177658,0.1785551366184381,-0.38213422817050235,0.17106440773328901,1.736699696539386,1.4853852466038444,43.386710264626586,4.6679292845171515e-07,0.13515007733434217,45.396838828293134,1.4622615950644595,-0.014564591250747374,-0.19850789510578057,0.9114023310315861,0.35916283152492,False,False,False,False,0.00020500000391621143,0.00012599999899975955,False,False
2024-05-02,0.00016399999731220305,201033668,0.0309621910043833,-0.1258802878693508,0.17261270408821539,-0.24246786574662513,0.10943383259487237,1.767661887543769,1.6658792204767556,45.719970547783525,3.99998963212458e-07,0.1303811962605204,45.32745347804295,1.4276370927257274,0.014851472220690855,-0.16437379958747533,0.9543585456274263,-0.015743869491908202,False,False,False,False,0.00020500000391621143,0.00012599999899975955,False,False
2024-05-03,0.00017499999376013875,194530782,0.06491952683197098,-0.04470019527603213,0.23031203301584785,-0.1285188959296751,0.19497260332030805,1.83258141437574,1.6682783689902736,50.548673110276994,1.0922831584814864e-06,0.11958069964087734,42.47831032729296,1.4417601923139323,0.06935529982223003,-0.0988671752066008,1.0661156301986168,-0.032347248422090136,False,False,False,False,0.00020500000391621143,0.00012599999899975955,False,False
2024-05-04,0.00019200000679120421,373989664,0.09270946913147286,0.10420385288312832,0.14550763115489684,-0.045809513407048384,0.5039051913753786,1.9616585397084407,1.791759507123667,56.92610613447512,2.604469664446224e-06,0.11125225940097384,43.853176203781246,1.4804195396559507,0.15872062494021322,-0.0036325507366156244,1.2437771047091366,0.9225217734435469,True,False,False,True,0.00020500000391621143,0.00014400000509340316,False,False
2024-05-05,0.0001880000054370612,178231182,-0.02105341564814922,0.1006435585624748,0.09477839455829036,0.0,0.3612447188052091,1.9406051240602915,1.8024548007920502,55.12470752626715,3.2051757677986793e-06,0.10930305083595303,42.8730466172197,1.4635001438927122,0.11938080218630681,-0.021750411104100257,1.1754224189055018,-0.5234328668505662,True,False,False,False,0.00020500000391621143,0.00014400000509340316,False,False
2024-05-06,0.00017899999511428177,234555732,-0.04905621320424763,0.05158734535822713,0.016901775697677944,-0.08561378273983498,0.24574332922793446,1.855181254654816,1.8200899236428725,51.198920785054646,2.8766994711850274e-06,0.11457968019823489,40.327436285752135,1.4670465252036429,0.05418136559372405,-0.06410124612449689,1.0521638885116547,0.3160196177120118,False,False,False,False,0.00020500000391621143,0.00014400000509340316,False,False
2024-05-07,0.0001720000000204891,131147481,-0.03989130161366371,0.09763850427331477,-0.11519571121470551,-0.1803816771909352,-0.30782666602252173,1.7801986220292088,1.713507285974139,48.31676365651712,2.104128637299345e-06,0.11570885073632826,34.684209795193915,1.4573180255931286,0.001455606690275059,-0.09872143916886514,0.9548786733374884,-0.44086857361473475,False,True,True,False,0.00020199999562464654,0.00014400000509340316,False,False
2024-05-08,0.00016999999934341758,151118057,-0.011696043744563485,0.06689421275720307,-0.08455737646056277,-0.23483956121710936,-0.34484046489185394,1.7685025782846453,1.7685025782846453,47.494116220790595,1.4079996187081246e-06,0.11206931910242825,29.40803303816545,1.4467190786220203,-0.019325065212370554,-0.10854745789875661,0.9162486547923387,0.15227571164710363,False,True,False,False,0.00020199999562464654,0.00014400000509340316,False,False
2024-05-09,0.00017899999511428177,185809837,0.05158734535822713,0.08751936711104691,-0.038360920758303885,-0.10591905565059914,-0.4220860620040218,1.7533985875878026,1.7216498782712701,51.49621997249133,1.495060041842426e-06,0.10521676251923193,22.92841736920402,1.4386282150039387,0.020815487838706785,-0.05600677330645598,1.000335198371042,0.22956740371536144,False,False,False,False,0.00020199999562464654,0.00014400000509340316,False,False
2024-05-10,0.00016900000628083944,152345053,-0.05748702645843621,-0.03488718617936024,-0.07958738145539242,-0.15836824966988067,-0.5604607458007574,1.6959115611293663,1.664162851812834,47.19203462101839,8.525024086348361e-07,0.10982222647704891,22.63765605880073,1.450899911891671,-0.03703699987798367,-0.10449339409283315,0.8738220016682812,-0.18010232687519123,False,False,False,False,0.00020199999562464654,0.00014400000509340316,False,False
2024-05-11,0.00016999999934341758,96473089,0.005899681100209043,-0.12169697421062389,-0.017493121327495552,-0.12169697421062389,-0.46262348707424134,1.7018112422295755,1.734601076787982,47.66312642136805,4.863683668795877e-07,0.10389891973593093,22.701134036511085,1.4484266260733947,-0.031062981166242773,-0.09381663212241598,0.8699812935467829,-0.36674616536449,False,False,False,True,0.00020199999562464654,0.00016500000492669642,False,False
2024-05-12,0.00016900000628083944,69729565,-0.005899681100209075,-0.1065432396626838,-0.005899681100209075,0.06099453165699405,-0.46852316817445044,1.664162851812834,1.6959115611293663,47.20958084233647,1.8394165444282243e-07,0.0991617064356844,22.96825402388866,1.2866162437583406,-0.03483719787172876,-0.0933476041197421,0.8448775314461189,-0.27721227004558757,False,False,False,False,0.00020199999562464654,0.00016500000492669642,False,False
2024-05-13,0.0001829999964684248,366932805,0.07958738145539239,0.02210035499695631,0.07368770035518332,0.3116463208456753,-0.41813495226806535,1.7437502332682264,1.8082887771431653,53.833043399070995,8.941438179006894e-07,0.09908597957464038,21.4836970866589,1.1522184561640096,0.04810994873775307,-0.012199089077440198,0.9821283127689298,4.262227076850401,False,False,False,False,0.00020199999562464654,0.00016500000492669642,False,False
2024-05-14,0.00018899999849963933,775454781,0.03226087357803048,0.09425253018865033,0.19189103446196534,0.22446716906659425,-0.3455016355546706,1.715386464967439,1.8077598161627892,56.36013906366473,1.6892336825898274e-06,0.0981577991283965,22.051236174043414,1.0866283920185849,0.08123569236834877,0.025947230824636243,1.0301842046567313,1.1133427440481918,True,False,False,False,0.00020199999562464654,0.00016500000492669642,False,False
2024-05-15,0.00021100000594742596,1062963100,0.11011115454169283,0.2160597284749068,0.2829539412321097,0.3890135490330134,-0.014117851896669024,1.825497619509132,1.9178709707044823,64.11625529380983,3.513082450828083e-06,0.09484553438512344,27.87794677273415,1.1196946071885003,0.19852318352576726,0.14923750595542679,1.245397530396027,0.3707609083655905,False,False,False,False,0.00020199999562464654,0.00016500000492669642,True,False
2024-05-16,0.00020599999697878957,487345716,-0.02398200753940805,0.14049037557727148,0.2280097426883185,0.37204906542132354,-0.08822423090318153,1.8015156119697238,1.8938889631650742,61.44343903187668,4.155043206977101e-06,0.09853027754643202,31.25086534817072,1.1250563030904535,0.16252820229133128,0.12433138905491956,1.1724228526883487,-0.5415215109536728,False,False,False,True,0.00020199999562464654,0.00015900000289548188,False,False
2024-05-17,0.0002099999983329326,385049013,0.01923136865554145,0.21720877069124925,0.182321584511889,0.45675843896668133,0.08441733463177127,1.8505999535021624,1.9798116678756854,62.78018595426531,4.587456259684258e-06,0.09553200003682383,34.69181851669027,1.089490679685263,0.17285673552890857,0.15144203559652195,1.1944720036873082,-0.20990582176370254,False,False,False,False,0.00020199999562464654,0.00015900000289548188,False,False
2024-05-18,0.00020399999630171806,242075699,-0.028987547063669197,0.18232154252737084,0.06062456831674695,0.390866268368406,0.14197027456974506,1.791759433561596,1.9508241208120163,59.45065186349117,4.217228469751034e-06,0.09656945407290793,36.044589869694946,1.0972037835893653,0.1286306867536286,0.12297696997041102,1.112894835848867,-0.37131198671583143,False,False,True,False,0.0002280000044265762,0.00015900000289548188,False,False
2024-05-19,0.00019299999985378236,177899237,-0.055429787568102046,0.13279143605947794,0.026248196396794137,0.32821628289596566,-0.18834826045403044,1.7073420999488669,1.736329645993494,53.81563560905597,3.0346290223919477e-06,0.10070399451563133,35.84387100971676,1.1228406583583175,0.06102254060472345,0.06830510331317724,0.9825372362726102,-0.26510906408660206,False,False,False,False,0.0002280000044265762,0.00015900000289548188,False,False
2024-05-20,0.00021499999274965376,314588565,0.1079478062578404,0.1611518608619259,0.18325221585888218,0.25865021816138223,0.004661980845533503,1.8442774522513343,1.9366508034466847,61.64572932576445,3.503910268141374e-06,0.09258017464971724,36.09445960525709,1.0138820378172202,0.16310518348313927,0.19444440536985716,1.1878497296409736,0.7683525253118426,False,False,False,False,0.0002280000044265762,0.00015900000289548188,False,False
2024-05-21,0.0002300000051036477,625441037,0.06744133670784613,0.19633232399174172,0.29058485418039215,0.2964157339207709,0.017544315249953344,1.941571761836078,2.0707834762096007,65.8917767931615,4.529249306510494e-06,0.08812471251884875,38.809972230826055,1.0321455373487252,0.22080682275351676,0.2782038744900497,1.317030224475734,0.9881238753862525,True,False,False,False,0.0002280000044265762,0.00015900000289548188,True,False
2024-05-22,0.0002229999954579398,648133022,-0.030907580020832204,0.05531358942921659,0.27137331790412333,0.23668774824357414,-0.026550241497712405,1.8808112089383484,2.0749672272007125,62.418979114653204,4.435051546679672e-06,0.09304705447132204,39.415597717628515,1.0393517711693758,0.16540368881811784,0.23737651631651302,1.2251047259169265,0.036281573573817116,True,False,False,False,0.0002280000044265762,0.00015900000289548188,False,False
2024-05-23,0.00022600000374950469,594528843,0.01336326477087888,0.09265886173950348,0.23314923731677506,0.15784482771573324,-0.06010388221685169,1.8941744737092274,2.0532391609596474,63.31143646758282,4.272157216291747e-06,0.09094291788435184,41.03549844068683,0.994254636885747,0.1655492705766191,0.25027663210203066,1.2333119608384555,-0.0827055205960483,False,False,False,True,0.0002280000044265762,0.0001900000061141327,False,False
2024-05-24,0.00022000000171829015,325257191,-0.026907461700243166,0.04652003138371882,0.26372880207496807,0.17327174451419625,-0.09116938576598918,1.838279465964357,2.061423030271348,60.23072776750209,3.4906476527223088e-06,0.09259425358548631,42.35275558638557,0.9863847067526655,0.12647210356123434,0.21453020868028091,1.153906420778119,-0.4529160446468028,False,False,False,False,0.0002280000044265762,0.0001900000061141327,False,False
2024-05-25,0.00022499999613501132,306257802,0.02247283086392119,0.09798040931130943,0.2803019518386803,0.19035368572214914,-0.07283731887446289,1.8051824288179676,2.0488045301233258,61.89473885379894,3.0564082514927864e-06,0.08851415138153253,43.780681439694376,0.9880989109031634,0.14126298135654225,0.23707937460111844,1.1821355472204746,-0.05841343258725984,False,False,True,False,0.00024399999529123306,0.0001900000061141327,False,False
2024-05-26,0.00022499999613501132,266941946,0.0,0.15341019687941124,0.28620163293888917,0.20661425148349696,0.0,1.6549002692140073,2.0488045301233258,61.89473885379894,2.5365404718064907e-06,0.0853663163009897,44.0596425657714,0.985039841396299,0.12810226477560402,0.23301181915362001,1.1617985809939742,-0.12837503483421464,False,False,False,False,0.00024399999529123306,0.0001900000061141327,False,False
2024-05-27,0.00027799999224953353,1288867401,0.21152070078456847,0.2569830914061393,0.41813495226806535,0.47432953129575306,0.09819200623825379,1.6957954712157683,2.2954165619198377,74.83771860621007,5.366809457002229e-06,0.08060032687546162,52.61639543134006,1.1904604823217584,0.3577533258535659,0.5115267135582041,1.6395745590135207,3.8282685442024915,False,False,False,False,0.00024399999529123306,0.0001900000061141327,True,False
2024-05-28,0.000295000005280599,1246378917,0.059354288428894286,0.24889604312718744,0.4452283671189291,0.551176941052143,0.2063364761602891,1.6439240869907974,2.3196795193367885,77.47998229737334,7.838845024281772e-06,0.08312095776319059,60.935408993889276,1.1935753372544107,0.3981042944112324,0.5901250853675887,1.766316630928473,-0.03296575269654134,True,False,False,False,0.00024399999529123306,0.0001900000061141327,False,False
2024-05-29,0.0002680000034160912,661550566,-0.0959883809826897,0.18381524216532993,0.23912883159454654,0.4551885600694533,0.09792554074549771,1.602002945007325,2.223691138354099,65.68282917695444,7.1309141640405355e-06,0.0966867963474349,62.261804048120126,1.2574242818726027,0.2439081162555852,0.43392190408925624,1.485508959754358,-0.4692219541130124,False,False,False,False,0.00024399999529123306,0.0001900000061141327,False,False
2024-05-30,0.00024900000425986946,698033869,-0.07353407968484868,0.09691789770960253,0.18957675944910596,0.46759694091335613,0.004024180934344196,1.0515447909090643,2.1852483896811936,58.88785360900129,4.961241546272952e-06,0.1092532363867827,59.26136675784517,1.2455544200714892,0.1346548397602872,0.3250319519930891,1.2860815677409418,0.055148169883056264,False,False,False,False,0.00024399999529123306,0.0001900000061141327,False,False
2024-05-31,0.00025499999173916876,517413751,0.023810599190392006,0.14763595860023768,0.19415598998395667,0.47235929233219975,0.0902250641616974,0.6434237000654888,2.2090589888715857,60.28509369443722,3.573248406880824e-06,0.10578508476004225,55.97409787508353,1.2458317460251247,0.13991950156288022,0.34792257271572746,1.3176550051501146,-0.2587555217897314,False,False,True,False,0.000311999989207834,0.0001900000061141327,False,False
2024-06-01,0.0002519999979995191,291068615,-0.011834433190001976,0.11332869454631453,0.21130910385762383,0.4295626681378145,0.18709480239118942,0.5389965007326869,2.1972245556815837,59.20169155440361,2.165455783093969e-06,0.1027997595126726,51.27644881152326,1.248193715122148,0.10599077987836648,0.3190954704969972,1.2678185585245154,-0.43745481360428706,False,False,False,False,0.000311999989207834,0.0001900000061141327,False,False
2024-06-02,0.00024399999529123306,296444019,-0.03226087357803048,0.081067820968284,0.23447801784769526,0.33238226772781304,0.203863371798138,0.5273548710481213,2.1649636821035534,56.296240197660886,4.950276384721091e-07,0.10502693906953424,47.64093155908728,1.244631274647701,0.05673450193133035,0.2626785143254177,1.175463583906174,0.018467824158918678,False,False,False,False,0.000311999989207834,0.0001900000061141327,False,False
2024-06-03,0.0002690000110305846,834729260,0.09754321461275244,-0.03290966520353202,0.22407342620260726,0.33721601320909267,0.2914064998020443,0.8411212045844713,2.2988745529175336,62.49131020666551,8.524070562252759e-07,0.09987929410632856,45.853548559442764,1.2487288694410976,0.1451682061243547,0.3752556831400265,1.3733898994871463,1.8158073919514632,False,False,False,False,0.000311999989207834,0.0001900000061141327,False,False
2024-06-04,0.000295000005280599,740368099,0.0922639536324263,0.0,0.24889604312718744,0.45053338248966823,0.45053338248966823,0.8117781012948774,2.39113850654996,67.63036117356985,2.523916033607291e-06,0.0957089345659575,49.045691026103064,1.2741413830998323,0.23379341679326385,0.48509869959590246,1.5730484553700965,-0.11304403178582723,True,False,False,False,0.000311999989207834,0.0001900000061141327,False,False
2024-06-05,0.00030899999546818435,1465443716,0.04636588799152005,0.14235426897420966,0.32616951113953974,0.5459554836854359,0.4603417009456009,0.7916988129133704,2.4011367383402518,70.01282211431072,4.159907957169399e-06,0.09709749720424576,52.36660748130168,1.2571047409530072,0.2650972211075767,0.529854422028776,1.6629895777954211,0.9793447583429713,True,False,False,True,0.000311999989207834,0.00023499999952036887,False,False
2024-06-06,0.00031999999191612005,761695970,0.03497970829997172,0.2508680569590302,0.3477859546686326,0.6208264935990714,0.4404448164081361,0.3129998275765498,2.40102511562828,71.77088610494656,5.486943215865982e-06,0.09241978998515554,55.95271530741543,1.2405779591483301,0.2812812537522347,0.555512311339073,1.7240997039706696,-0.48022843751441624,False,False,False,False,0.000311999989207834,0.00023499999952036887,True,False
2024-06-07,0.00028300000121816993,759932903,-0.12287406858392205,0.10418338918471606,0.2518193477849537,0.5096484687597128,0.2748089075426034,0.16480800386785882,2.278151047044358,59.198838380223,3.4750121450156245e-06,0.11445389101589223,53.59525990663173,1.334192043516706,0.11549074495894586,0.3565334193362547,1.3835593486844235,-0.002314659745410008,False,False,False,False,0.000311999989207834,0.00023499999952036887,False,False
2024-06-08,0.0002800000074785203,495664861,-0.010657272069474772,0.10536055030524329,0.21868924485155777,0.44740385133201077,0.3414847956814117,0.025317789327988893,2.2008024389198133,58.30700876141942,1.6376305367101059e-06,0.1137948649706872,48.69710696190344,1.3315387348677037,0.08506106499340718,0.3242527803838068,1.3336251001838717,-0.34775180934625227,False,True,True,False,0.0003459999861661345,0.00023499999952036887,False,False
2024-06-09,0.0002800000074785203,395677263,0.0,0.13762142388327375,0.21868924485155777,0.5048908777904471,0.3465226281205662,-0.05556986801031047,2.2008024389198133,58.30700876141942,1.9369183065949197e-07,0.10898298232632063,46.12305500405947,1.3070705692623992,0.07156527756653303,0.31012543342401544,1.3098499221289013,-0.20172420090114074,False,False,False,False,0.0003459999861661345,0.00023499999952036887,False,False
2024-06-10,0.00026500000967644155,418087138,-0.055059767377154886,-0.014981558106633517,-0.04789122331016555,0.4439314293130831,0.32223445510245907,-0.01869205776115822,2.1457426715426586,53.62258012351985,-1.885657113407307e-06,0.11258707962162594,44.50123513989626,1.3305703802526736,0.007413073646399242,0.22912806007895625,1.1652981137199976,0.05663675195812301,False,False,False,True,0.0003459999861661345,0.0002570000069681555,False,False
2024-06-11,0.00023700000019744039,426392420,-0.11166972053288232,-0.21891523227194232,-0.21891523227194232,0.33816138988040967,0.3991559215374037,-0.13036177829404064,2.002324241693244,46.16644211519038,-5.0795985579443555e-06,0.12714360624297483,43.15451518759671,1.400584253894006,-0.10142180321754904,0.09307259612249759,0.9205056535185606,0.019864954563610704,False,True,False,False,0.0003459999861661345,0.0002570000069681555,False,True
2024-06-12,0.00021899999410379678,658406878,-0.07898843907501489,-0.3442695593384772,-0.2019152903642675,0.1795855693500024,0.4912318901956778,-0.23854938291806285,1.9233358026182288,42.11250963055814,-8.154959013437632e-06,0.1391811652546617,43.972405902482,1.4124043318722987,-0.1685649439324209,0.007637776323639637,0.7614412783565041,0.5441336363343419,False,True,False,False,0.0003459999861661345,0.0002570000069681555,False,False
2024-06-13,0.00020599999697878957,333478839,-0.061195548769687226,-0.4404448164081362,-0.18957675944910607,0.0861291470022848,0.31059631606887905,-0.25937248855238576,1.8015156119697238,39.42020457609814,-1.065710403280861e-05,0.14433036743659677,45.894938551752475,1.4280543015060547,-0.21583556586181737,-0.05400442151016747,0.6453673884583799,-0.4935064469359933,False,True,False,False,0.0003459999861661345,0.0002570000069681555,False,False
2024-06-14,0.0002010000025620684,296881232,-0.024571233317826263,-0.3421419811420404,-0.23795859195732433,-0.04855324085723433,0.340460308175779,-0.06267109275390334,1.7769443786518977,38.40327163864945,-1.2133970966153395e-05,0.14623905979691487,49.00450997792994,1.3771202294694131,-0.23135754421812285,-0.07823533527104215,0.594605335920376,-0.10974491547873,False,False,False,False,0.0003459999861661345,0.0002570000069681555,False,False
2024-06-15,0.00020199999562464654,188087888,0.004962754935354208,-0.32652195413721136,-0.2211614038319682,-0.019608478382471956,0.35244058703885156,-0.10783270928565356,1.7819071335872518,38.743630330829205,-1.2480232694915503e-05,0.13865724186665718,51.77047199922272,1.3749032850709308,-0.22412139325597571,-0.07526096012764033,0.5918045365600325,-0.3664540977113703,False,False,False,False,0.0003459999861661345,0.0002570000069681555,False,False
2024-06-16,0.00020700000459328294,172662917,0.024451139714102517,-0.3020708144231088,-0.16444939053983504,-0.014388707323910968,0.4423697316427705,0.0700286273078603,1.8362112461782514,40.513558614195475,-1.1815984727754343e-05,0.12978395616688096,55.060929349633604,1.3759735857924922,-0.19392521914728075,-0.05531213660929993,0.6200352543251286,-0.08200937957259635,False,False,False,False,0.0003459999861661345,0.0002570000069681555,False,False
2024-06-17,0.00018200000340584666,279710547,-0.1287121096649031,-0.37572315671085704,-0.3907047148174906,-0.11411326992514483,0.27675299844326123,0.027857004644600242,1.6776461636364512,35.05901896487984,-1.2440789379415111e-05,0.14884169421265664,60.11003564199934,1.4442521714045855,-0.27533345533997383,-0.17031362432841196,0.41606693955052515,0.6199804327410963,False,False,False,False,0.0003459999861661345,0.0002570000069681555,False,False
2024-06-18,0.00016799999866634607,320536996,-0.08004273432539573,-0.3440961705033703,-0.5630114027753126,-0.13872621668243854,0.1894900662135271,-0.3270744771364689,1.5686158832664283,32.426168561549005,-1.3110444796354942e-05,0.1595065725279754,67.60823423381035,1.4578136555714283,-0.317489343264205,-0.23399599379377672,0.3003095872800824,0.14595963376382803,False,True,False,False,0.0003459999861661345,0.0002570000069681555,False,False
2024-06-19,0.00017100000695791095,251906414,0.01769962572735417,-0.24740810570100127,-0.5916776650394785,-0.22897439721292484,0.029675820948457436,-0.22431241636739122,1.6153030550384098,33.57729215764944,-1.2658324888385265e-05,0.1517804238315314,73.80061466563883,1.40306015915399,-0.294117620910782,-0.22138235707167786,0.31654930843748247,-0.21411126595820473,False,False,False,False,0.0003459999861661345,0.0002570000069681555,False,False
2024-06-20,0.00017600000137463212,311772848,0.028820405656364696,-0.15739215127494943,-0.5978369676830855,-0.2675953282644063,0.028820405656364696,-0.25005101301445287,1.6739764335716716,35.5479529467365,-1.137031348671855e-05,0.14505190742113558,78.61326903395917,1.3833798843917973,-0.2614351642199196,-0.19985451366180185,0.34767794584121714,0.2376534723724819,False,False,False,False,0.0003459999861661345,0.0002570000069681555,False,False
2024-06-21,0.00016999999934341758,223470139,-0.03468556966054921,-0.1675064876176724,-0.5096484687597128,-0.27137331790412333,-0.03468556966054921,-0.29792355940183585,1.6094378910342253,34.235340517760335,-1.0301980007620761e-05,0.14364654263758236,83.67974278151628,1.3841981867272963,-0.27412468700373027,-0.2275536208684663,0.29513941278432876,-0.2832277075006865,False,False,False,True,0.0003459999861661345,0.00015900000289548188,False,False
2024-06-22,0.00016999999934341758,147624080,0.0,-0.17246924255302667,-0.49899119669023806,-0.2847365826750022,-0.12689175495926888,-0.34484046489185394,1.6094378910342253,34.235340517760335,-9.020953791985274e-06,0.13632724972684263,88.28265655603808,1.3822587403805637,-0.26247289311233235,-0.22720247734852636,0.2888551882051339,-0.3394013148217534,False,False,False,False,0.0003459999861661345,0.00015900000289548188,False,False
2024-06-23,0.00015900000289548188,155013828,-0.06689421275720299,-0.26381459502433224,-0.565885409447441,-0.3247233337319621,-0.1514515892177658,-0.41589271949795115,1.513556132232395,31.743143551857386,-8.355202897516666e-06,0.1425351394300775,93.04590598796251,1.3955728373547474,-0.2933333243219251,-0.27503190470253025,0.20000002152585197,0.05005787673664086,False,False,False,False,0.0003459999861661345,0.00015900000289548188,False,False
2024-06-24,0.00016799999866634607,274658131,0.055059751034033336,-0.08004273432539573,-0.45576589103625265,-0.29213641356184983,-0.10178272783970062,-0.36497373243631276,1.5130460152561178,35.85737646531312,-6.81459843921844e-06,0.13291672922726425,93.57608217601417,1.4099136901837495,-0.23164876296924466,-0.23259638899289034,0.26192442445065683,0.7718298718485941,False,False,False,False,0.0003459999861661345,0.00015900000289548188,False,False
2024-06-25,0.00017800000205170363,267973959,0.05781959035366726,0.05781959035366726,-0.286276580149703,-0.23431682320818245,-0.027702571724685647,-0.23431682320818245,1.4205834460058249,40.172432701896284,-4.727063749222624e-06,0.12170550881101827,89.41626190315053,1.4292320107861904,-0.1607732153594044,-0.18684329928924406,0.33019468663629775,-0.02433633395692192,False,False,False,False,0.0003459999861661345,0.00015900000289548188,False,False
2024-06-26,0.00016799999866634607,203829103,-0.0578195903536673,-0.0176996257273541,-0.26510773142835536,-0.5036571143464182,-0.0293275830506652,-0.40546510810816444,1.19213835686935,37.4586414012995,-3.671735577708552e-06,0.12739223833126367,80.77434708470619,1.1992794509442175,-0.17848412038451408,-0.23224568852993968,0.24948866618947335,-0.2393697366690769,False,False,False,False,0.0003459999861661345,0.00015900000289548188,False,False
2024-06-27,0.0001740000006975606,181903723,0.035091331758655336,-0.011428699625063436,-0.1688208509000129,-0.5279200710166573,0.02325687003548576,-0.32158359485636806,1.1160040159741402,40.07439409759927,-2.2892449065604733e-06,0.1187293274200574,75.56659046006327,1.1827632101381056,-0.12584778019088402,-0.20511648955038073,0.28774423204006716,-0.10756746547621321,False,False,False,True,0.0003459999861661345,0.00015100000018719584,False,False
2024-06-28,0.00016399999731220305,164362500,-0.059188891788305525,-0.03593202175281973,-0.2034385093704922,-0.49112058182227303,-0.03593202175281973,-0.39319504107677533,1.1108823631850517,37.27610050892189,-1.7900328788186606e-06,0.12306870604151299,69.09070876573242,1.1587876462747617,-0.15135836254456161,-0.24977128529872253,0.20805861498911235,-0.09643135781228618,False,False,False,False,0.0003459999861661345,0.00015100000018719584,False,False
2024-06-29,0.00016399999731220305,121770531,0.0,-0.03593202175281973,-0.20840126430584646,-0.4175865021374245,0.050010438775931726,-0.41356232120308023,0.6339582887716397,37.27610050892189,-1.2283556109765033e-06,0.11776240597556786,58.324183757177764,1.1413877418308847,-0.1251000434465302,-0.24942793058030224,0.20247825848897968,-0.2591343463381246,False,False,True,False,0.0001849999971454963,0.00015100000018719584,False,False
2024-06-30,0.00017100000695791095,150632290,0.04179718575700423,0.07275937676138754,-0.19105521826294466,-0.3995999155708122,0.07275937676138754,-0.30937485140911475,0.24382378449467643,40.641063427260754,-2.0744645810177406e-07,0.11030469164798501,45.796708901365555,1.1505585710920088,-0.06429544953688841,-0.21746290184602404,0.24776538273443363,0.23701759993146454,False,False,False,False,0.0001849999971454963,0.00015100000018719584,False,False
2024-07-01,0.00016999999934341758,190695298,-0.005865164004184552,0.011834461723169582,-0.06820827260222612,-0.39363064638499484,0.0359320217528197,-0.20653584399380537,0.14536585434769217,40.308379421395706,5.377129991383325e-07,0.10807031284313932,37.80825785308355,1.1508439392498824,-0.05239688395475861,-0.2221103725467017,0.2346127256691745,0.26596560405474823,False,False,False,False,0.0001849999971454963,0.00015100000018719584,False,False
2024-07-02,0.0001829999964684248,303414226,0.07368770035518332,0.027702571724685564,0.08552216207835298,-0.2876820724517809,0.04470019527603218,-0.08381870065364293,0.23967279859634041,46.44578912879603,1.9631974384657414e-06,0.09907704651114259,32.36824200535446,1.187420817608603,0.030405382845197865,-0.16262470807891907,0.3219677556306705,0.591094427509167,False,False,False,False,0.0001849999971454963,0.00015100000018719584,False,False
2024-07-03,0.00016199999663513154,267699232,-0.12188981908160477,-0.03636765700325174,-0.054067282730605855,-0.5071151061461379,-0.1698990929370454,-0.21570860634409378,0.33400609843833334,39.39863678937568,1.566095246906836e-06,0.1153899044704891,30.042094950493652,1.1849217520966453,-0.07639682881909736,-0.2568807499531632,0.16509041387396234,-0.11771034756953025,False,False,False,False,0.0001849999971454963,0.00015100000018719584,False,False
2024-07-04,0.00014200000441633165,276649462,-0.13176922575940353,-0.20322821452131073,-0.21465691414637425,-0.731148285537968,-0.28061490304829967,-0.28061490304829967,0.08062981575690947,34.09310322950816,1.0769651944139778e-07,0.13431143540637844,31.79065642382409,1.182813657662041,-0.17657289663985187,-0.34447417447046097,0.017374202881163876,0.03343390241777011,False,True,False,False,0.0001849999971454963,0.00015100000018719584,False,True
2024-07-05,0.00013899999612476677,350055733,-0.021353183450871772,-0.1653925061838769,-0.20132452793669667,-0.7988673569803597,-0.2529118732949238,-0.3385256560347587,-0.00716854406698936,33.36725526024112,-8.547968477948802e-07,0.13871475739614822,32.585150608198795,1.1551017623463198,-0.1789722642430619,-0.35432926399560055,-0.007816152606061246,0.2653403714191933,False,True,False,False,0.0001849999971454963,0.00015100000018719584,False,False
2024-07-06,0.00015199999324977398,186153565,0.08940657118557813,-0.07598593499829878,-0.1119179567511186,-0.7444404940947534,-0.123614000495682,-0.3039956776866173,-0.4314406665182036,39.38917310464583,-4.3297962808807293e-07,0.12577893326706804,27.0173140921223,1.206112940787074,-0.08736119330632691,-0.2901177226019426,0.08042785842984917,-0.4682173509782227,False,False,True,False,0.00018600000475998968,0.00015100000018719584,False,False
2024-07-07,0.00013600000238511711,179269672,-0.11122557316321602,-0.2290086939185191,-0.15624931715713153,-0.7327919986740473,-0.2231435299143346,-0.45798309113144386,-0.5679839948061884,35.17560636188914,-1.015340342800454e-06,0.13893862779596838,30.41581938615644,1.1948247752803511,-0.17199389691346176,-0.3607820911103264,-0.03679307065778288,-0.0369796463473584,False,False,False,False,0.00018600000475998968,0.00015100000018719584,False,True
2024-07-08,0.00014200000441633165,275744618,0.0431721854285096,-0.17997134448582497,-0.1681368827626553,-0.6789625411760628,-0.23155868984405203,-0.3374777454946512,-0.6536447518480739,37.860085369129386,-7.90269705033515e-07,0.1321144308661821,32.78227851659787,1.2171762042579706,-0.12856701923842223,-0.3293661837112755,0.0019404085664383953,0.5381554220727307,False,False,False,True,0.00018600000475998968,0.0001230000052601099,False,False
2024-07-09,0.00014400000509340316,177190427,0.013986246244667891,-0.2396727985963404,-0.21197022687165476,-0.664976294931395,-0.16008541714094796,-0.3184536668108287,-0.7205461629417054,38.770306809058155,-3.243848699965621e-07,0.12494208371176956,34.23008536202151,1.221419632631996,-0.1089108603298037,-0.315328999782398,0.01226673963448047,-0.3574111136413912,False,False,False,False,0.00018600000475998968,0.0001230000052601099,False,False
2024-07-10,0.00014899999951012433,193982722,0.0341329677108477,-0.08365001180388797,-0.12001766880713974,-0.5757835598433922,-0.13185213053030936,-0.25354910474093323,-0.5944756176045506,41.09338864487486,4.60207116319208e-07,0.11883584850621777,34.13250942776791,1.2307732086046945,-0.07020281142729715,-0.2860565440903277,0.043307772103462906,0.09476976428303319,False,False,False,False,0.00018600000475998968,0.0001230000052601099,False,False
2024-07-11,0.0001429999974789098,176400479,-0.04110169002779725,0.007017523927718336,-0.19621069059359236,-0.5052155293383074,-0.16705413945789763,-0.10605960780090358,-0.6355773076323479,39.17271886610363,7.003859818552661e-07,0.12147104855749817,35.17839989814328,1.1879047904843258,-0.10006294825181881,-0.30951232642286186,-0.002476387565070326,-0.09063819096218273,False,False,False,False,0.00018600000475998968,0.0001230000052601099,False,False
2024-07-12,0.00014099999680183828,143364684,-0.014084744933735622,0.014285962444854488,-0.15110654373902252,-0.44031183519702805,-0.2607262658470256,0.05092005499864971,-0.6788612181150908,38.526318363943254,8.404210976759706e-07,0.1184471546600538,36.200631088136674,1.1665477064846845,-0.10447763125245287,-0.31353458316563854,-0.019982645995283103,-0.1872772408968345,False,False,False,False,0.00018600000475998968,0.0001230000052601099,False,False
2024-07-13,0.00014200000441633165,121118090,0.007067221006017371,-0.0680533877347063,-0.14403932273300515,-0.3720490654213236,-0.28591991841903885,-0.06145274935244448,-0.6314215539737094,39.06772455004912,1.0998852100335169e-06,0.11223019349068487,37.378091038284744,1.1565437033353607,-0.09323113341750189,-0.3033751756674022,-0.016654517457928657,-0.15517485463853842,False,False,True,False,0.000155999994603917,0.0001230000052601099,False,False
2024-07-14,0.00015199999324977398,157098375,0.06805338773470626,0.111225573163216,-0.11778312075530305,-0.279424444368791,-0.32797768522602533,0.061035863806988,-0.34209553712269425,44.346213305433835,1.99245448110092e-06,0.10299668368008714,37.032823411498725,1.1889493741773274,-0.02439028490786723,-0.24893767639487488,0.04842042545946867,0.2970678038268273,False,False,False,False,0.000155999994603917,0.0001230000052601099,False,False
2024-07-15,0.00018400000408291817,365901945,0.1910553033618644,0.2591086910965707,0.0791373466107458,-0.0933318959422809,-0.11294037432475293,0.2591086910965707,-0.20116460522793453,57.14114705053937,4.634500645436041e-06,0.09181732785751398,38.27340813943357,1.3790635583679065,0.17873161050651257,-0.08712044206956776,0.26269560873822234,1.3291262242527968,True,False,False,True,0.000155999994603917,0.00013699999544769526,True,False
2024-07-16,0.00018899999849963933,511714216,0.02681122732246803,0.2719336721743708,0.03226087357803048,-0.09097180833391537,-0.10536051565782628,0.3513979233088551,-0.02094318102605505,58.73740805647572,6.500943672594289e-06,0.0909399300272633,41.748794435048936,1.3796816706170387,0.20267259836623616,-0.05395936539751961,0.2901904467079816,0.3985009453830588,True,False,False,False,0.000155999994603917,0.00013699999544769526,False,False
2024-07-17,0.00018000000272877514,254804605,-0.04879014107115395,0.1890105633923693,0.10536055158848136,-0.011049839740166174,-0.12516310966531105,0.26570315870309513,0.016807164904434072,54.78227673545137,6.8751480187878016e-06,0.09501563235635699,42.57479902858191,1.3146825743865087,0.14322008847120846,-0.08851528116524797,0.22270150972659605,-0.5020568179798233,False,False,False,False,0.000155999994603917,0.00013699999544769526,False,False
2024-07-18,0.0001740000006975606,256651211,-0.03390156282657414,0.19621069059359236,0.20322821452131065,0.035091331758655336,-0.10363488492378312,0.2245813979721825,-0.29198314537781356,52.256026936591546,6.470212397946903e-06,0.09824982783420545,43.285401382498954,1.2890898330219136,0.10161443940989946,-0.11042944630093617,0.17639105350288165,0.007247145317487602,False,False,False,False,0.000155999994603917,0.00013699999544769526,False,False
2024-07-19,0.00019099999917671084,303959002,0.0932181205127173,0.3035135560400455,0.31779951848489985,0.11060982654401874,-0.11836457066890611,0.14028564749247616,-0.11370258982337261,58.14531099634135,7.0512137121194e-06,0.0928351184637124,46.511559683564855,1.3276154205563144,0.19899559995484242,-0.01769183891444785,0.28463814380414404,0.18432716843872599,False,False,True,False,0.00019700000120792538,0.00013699999544769526,False,False
2024-07-20,0.00019999999494757503,352656840,0.046043917549696195,0.34249025258372423,0.27443686484901775,0.1278333384373501,-0.13976198982705626,0.1566537440937147,-0.12221767457710296,60.89541863858028,7.693111521696135e-06,0.09125343064069923,50.81249439218875,1.3330674080943252,0.24416793522177124,0.03444705972983747,0.337792608935127,0.16021186304592483,False,False,False,False,0.00019700000120792538,0.00013699999544769526,True,False
2024-07-21,0.00020599999697878957,321454478,0.029558812837599365,0.3039956776866173,0.4152212508498332,0.19207772093549866,-0.07929559696862473,0.15739215127494935,-0.10584583846633715,62.657022648799106,8.130541981720767e-06,0.08850863694782488,55.67282973680715,1.3282697988914247,0.2673023548436602,0.07057476648263677,0.3699085425566468,-0.08847797195710139,False,False,False,False,0.00019700000120792538,0.00013699999544769526,False,False
2024-07-22,0.00019299999985378236,475149641,-0.06518596597622972,0.0477544083485232,0.30686309944509377,0.12689175495926894,-0.1578448277157332,0.0,-0.21794870993258492,56.6973804628184,7.18581873219935e-06,0.09475430259815744,56.85197108888834,1.3514826366649153,0.1836859883570487,0.008359453362186794,0.2766661151457903,0.478124193373346,False,False,False,False,0.00019700000120792538,0.00013699999544769526,False,False
2024-07-23,0.0001849999971454963,237940627,-0.04233437849870613,-0.02139119747265115,0.25054247470171975,0.15145158921776578,-0.17327174451419625,0.0,-0.2644411302801854,53.33538278568224,5.727022296466677e-06,0.09796854819244954,57.635193551426426,1.3378613901993304,0.12667477246159567,-0.02487878477830463,0.21758587113979688,-0.4992301235896335,False,False,False,False,0.00019700000120792538,0.00013699999544769526,False,False
2024-07-24,0.00017899999511428177,223228637,-0.032970031102335644,-0.005571087503832812,0.18343947588853637,0.06342180708139679,-0.22871460648045316,-0.038360920758303885,-0.301551925354916,50.897692881901065,4.137069595150655e-06,0.1016018997897717,56.115134053344605,1.3316659723345485,0.07798853409854872,-0.0448239321301034,0.17238666001873781,-0.06183050866718953,False,False,False,False,0.00019700000120792538,0.00013699999544769526,False,False
2024-07-25,0.00017499999376013875,233701093,-0.022599840279075963,0.005730635043665434,0.20194132563725767,-0.016997623551346562,-0.251314446759529,-0.04470019527603213,-0.251314446759529,49.28060905648588,2.6664647877553205e-06,0.10303167927466356,53.64987513975809,1.3188070384474098,0.04259752650730862,-0.05262021547746905,0.14073394129144343,0.046913586629120596,False,False,False,False,0.00019700000120792538,0.00013699999544769526,False,False
2024-07-26,0.00018099999579135329,179051413,0.03371106974647031,-0.05377641572258179,0.2497371403174636,0.07453303654879107,-0.4291240777976272,0.045205453498125825,-0.3309320715593733,51.7565958486567,1.9798559037800184e-06,0.0952632506909371,52.87367618853423,1.307390151779972,0.06910807292771866,-0.005166561762346479,0.17410480015602134,-0.23384434920036934,False,False,False,False,0.00019700000120792538,0.00013699999544769526,False,False
2024-07-27,0.00017800000205170363,198983543,-0.016713446195123674,-0.11653377946740158,0.22595647311632255,0.022728258595011853,-0.5051918124216453,0.04598512863049768,-0.2988553362613562,50.43095725261348,1.2417624517909168e-06,0.09556758654017847,49.215539571951375,1.30361039096942,0.03850643522159504,-0.010231305621639285,0.14909139305051788,0.111320707645016,False,False,False,False,0.00019700000120792538,0.00013699999544769526,False,False
2024-07-28,0.00017299999308306724,123290862,-0.028492007303002175,-0.17458459960800313,0.12941107807861416,0.05342514308031543,-0.43769543874195777,0.017493121327495507,-0.33976989799646007,48.21443724227629,3.796250210634743e-07,0.09419628489613938,46.21261207485809,1.2901717502136714,0.0002890694442642145,-0.02644910911897366,0.11175370030023977,-0.380396689388529,False,False,False,True,0.00019700000120792538,0.00016500000492669642,False,False
2024-07-29,0.0001720000000204891,174036115,-0.005797077582932167,-0.11519571121470551,-0.06744130286618233,0.04762806549738312,-0.3699584366400413,0.09763850427331477,-0.365934255705697,47.762299708350284,-2.606596755278051e-07,0.092959894412427,43.25273286633934,1.2904308934330497,-0.013478625020356332,-0.020166341605363507,0.10037745658196577,0.4115897332277554,False,False,False,False,0.00019700000120792538,0.00016500000492669642,False,False
2024-07-30,0.00016700000560376793,148008313,-0.029500630960324528,-0.10236196367632384,-0.12375316114897492,-0.023669751219945644,-0.42326966679075784,0.049089625541441834,-0.3330446026290604,45.46645872547224,-9.830032401109351e-07,0.09360920146919749,41.15938559384863,1.286426830836447,-0.04707556654778957,-0.03790755818950682,0.06372818102815592,-0.14955402790966688,False,False,False,False,0.00019700000120792538,0.00016500000492669642,False,False
2024-07-31,0.0001610000035725534,170401142,-0.03658945879801571,-0.105981391372004,-0.11155247887583679,-0.05439404601377685,-0.4480246923987717,-0.018462024260957135,-0.2609298900075822,42.807318959364935,-1.7804909566668326e-06,0.09592971407984638,38.16872857940153,1.292402818119943,-0.08600621857906185,-0.06427987944397047,0.021282017963549865,0.15129440060572819,False,False,False,False,0.00019700000120792538,0.00016500000492669642,False,True
2024-08-01,0.00015799999528098851,203806283,-0.01880938401443034,-0.10219093510735831,-0.09646030006369292,-0.14689113038339058,-0.4345732028351715,-0.10219093510735831,-0.23070983103703346,41.50037257377076,-2.387761257028702e-06,0.0993584546766972,34.75379863366609,1.2643596304548756,-0.10734465339158741,-0.07515806822040436,-0.001800578407970605,0.1960382460347596,False,False,False,False,0.00019700000120792538,0.00016500000492669642,False,False
2024-08-02,0.00014099999680183828,206171387,-0.11383513546363504,-0.24973714031746364,-0.30351355604004543,-0.1388364467654209,-0.6459515529115589,-0.30873553970246614,-0.35454505310951456,34.98255273599058,-3.731977329775033e-06,0.11250368335435222,35.02337759987067,1.255258347791007,-0.2031647467691644,-0.16833787239391007,-0.11228635400549615,0.011604666770749228,False,True,False,False,0.00019700000120792538,0.00016500000492669642,False,False
2024-08-03,0.00013099999341648072,183980854,-0.07356259475089214,-0.3065862888732321,-0.4231200683406336,-0.08062981575690942,-0.8117781012948774,-0.36124471880520914,-0.36124471880520914,31.81702665697118,-5.012401443037802e-06,0.12171169935021355,40.25656672965976,1.1960797027744146,-0.2552587004807844,-0.2208873923412499,-0.1778329080884446,-0.10763148719565052,False,False,False,False,0.00019700000120792538,0.00016500000492669642,False,False
2024-08-04,0.00012199999764561653,194939682,-0.07117624751024668,-0.3492705290804766,-0.5238551286884796,-0.13045287981628434,-0.9293202367966441,-0.3833647531112082,-0.4689785358510431,29.251538832430185,-6.110477617584049e-06,0.1313085576018071,48.87275390535821,1.2182849050058366,-0.29398148737830393,-0.2674432687326799,-0.2364979171794937,0.05956504582808386,False,True,False,False,0.00019700000120792538,0.00016500000492669642,False,False
2024-08-05,0.00011000000085914508,491360956,-0.10354065183220529,-0.44701410332974967,-0.5622098145444553,-0.3234001028340678,-1.0678405969288212,-0.44701410332974967,-0.627395780520685,26.216222316056047,-7.214224711008504e-06,0.15211387534665494,58.71155158842626,1.2172934534663926,-0.3485341900235951,-0.33171323660151875,-0.31333686438394787,1.5205794477493813,False,True,False,False,0.00019700000120792538,0.00016500000492669642,False,False
2024-08-06,0.00012099999730708078,240047623,0.09531014973838405,-0.322203322631041,-0.4245652863073649,-0.11686437993246769,-0.8496563786065149,-0.3400079098468022,-0.5748474710639115,33.072035610864845,-6.779417466583017e-06,0.13726260548855665,64.41675425274275,1.2159688007632123,-0.2706449740909901,-0.2593952880613267,-0.2468332919272786,-0.5114637822383267,False,False,False,False,0.00019700000120792538,0.00016500000492669642,False,False
2024-08-07,0.00011800000356743112,332659040,-0.02510586864307857,-0.310719732476104,-0.41670112384810803,-0.18514243400405586,-0.8641049751801188,-0.41670112384810803,-0.5226201794987071,32.193461784805876,-6.281062487681963e-06,0.1428051202873808,70.11657377081322,1.2059865340596034,-0.2765174436368283,-0.2733094961466187,-0.26742198522417987,0.3858043493311325,False,False,False,False,0.00019700000120792538,0.00016500000492669642,False,False
2024-08-08,0.0001320000010309741,242840174,0.11211727569864909,-0.17979307276302442,-0.2819840078703828,-0.08701140455007465,-0.7519876994814696,-0.24709682169102265,-0.4054650713609034,40.17995880020698,-4.66978607597611e-06,0.129363127040712,71.44034389272086,1.2733256487350022,-0.17577269733697193,-0.1831683067346069,-0.18306720382253133,-0.2700027812260867,False,False,False,True,0.00019700000120792538,9.7999996796716e-05,False,False
2024-08-09,0.0001289999927394092,183623796,-0.02298958231875966,-0.08894751961814905,-0.33868465993561264,-0.1441339545796819,-0.7199175144230743,-0.27598608510999134,-0.3976830593206152,39.11673058890496,-3.5196751081789428e-06,0.12734613999809413,71.09158443275703,1.267993357547165,-0.1762452469986344,-0.1970621594138193,-0.2040967858955761,-0.24384918287861213,False,False,False,False,0.00019700000120792538,9.7999996796716e-05,False,False
2024-08-10,0.00012700000661425292,124728941,-0.01562520953869934,-0.031010134405956288,-0.3375964232791884,-0.11865747409058404,-0.6238730034288913,-0.28571161354848157,-0.22471708189148765,38.387448640336174,-2.6470632938099263e-06,0.12292432384189107,68.37254109519256,1.2619137722862686,-0.16803139331937106,-0.20525652552935522,-0.21882204035795633,-0.3207365073751116,False,False,True,False,0.00013699999544769526,9.7999996796716e-05,False,False
2024-08-11,0.00011700000322889537,158097696,-0.08201317614416957,-0.04184706303987917,-0.39111759212035585,-0.18658590530101798,-0.626897740498046,-0.4473121711480435,-0.13566585030236816,34.885309893420256,-2.498635545344205e-06,0.13244691906778358,68.43453747029433,1.2906925771677744,-0.21397377073715457,-0.26294567384543643,-0.2822746165673395,0.2675301716864573,False,False,False,False,0.00013699999544769526,9.7999996796716e-05,False,False
2024-08-12,0.00012399999832268804,183835068,0.05810758968317532,0.11980117847550142,-0.32721292485424824,-0.13554553662385993,-0.5075946020451835,-0.4214654550428986,-0.19699828597630442,39.07536114274209,-1.7212980837766317e-06,0.12180401407332346,67.46740145814253,1.309447932274774,-0.14951989471020535,-0.2153885159965709,-0.2415670296310544,0.16279409916258358,False,False,False,False,0.00013699999544769526,9.7999996796716e-05,False,False
2024-08-13,0.0001230000052601099,131863930,-0.008097153940789678,0.016393874796327645,-0.3058094478347134,-0.21169607829935594,-0.4911205226681469,-0.5396737635253813,-0.15066021449236794,38.69231682251551,-1.097138880460124e-06,0.11750758502208439,66.65329634958697,1.283002453817308,-0.13986009885304324,-0.21725845892422282,-0.24983987186873335,-0.2827052453343668,False,False,False,False,0.00013699999544769526,9.7999996796716e-05,False,False
2024-08-14,0.00011899999663000926,146104030,-0.03306093334525868,0.008438810094147752,-0.30228092238195625,-0.4358123150064789,-0.5291442109487599,-0.5487526893312318,-0.1767036239099083,37.12463873755423,-7.906616821703583e-07,0.11758381600574255,66.14932903702329,1.067495438915984,-0.15121257415015618,-0.23698385993479582,-0.27622177545530896,0.10799086603895391,False,False,False,False,0.00013699999544769526,9.7999996796716e-05,False,False
2024-08-15,0.00011600000289035961,139253794,-0.02553324876902156,-0.12921171437352302,-0.3090047871365476,-0.4881567910979686,-0.5791285994318839,-0.5935173067557948,-0.13675886778911356,35.948241735782275,-6.337467592725424e-07,0.11755058449736862,63.52582669386637,1.0575507684540335,-0.15297551615288751,-0.251226417564303,-0.29635132064153585,-0.04688601676490378,False,False,False,False,0.00013699999544769526,9.7999996796716e-05,False,False
2024-08-16,0.00011300000187475234,139834516,-0.026202380720188392,-0.13242451277495185,-0.22137203239310085,-0.46556903074700307,-0.4766188704871692,-0.5907321404123141,-0.19986587204390796,34.76197632101942,-5.773563399119994e-07,0.11647679213122326,60.35006635415593,1.0517279330237583,-0.1548242179928495,-0.26480154620074087,-0.3162910179278371,0.0041702418535181085,False,False,False,False,0.00013699999544769526,9.7999996796716e-05,False,False
2024-08-17,0.00011500000255182385,101616853,0.017544315249953344,-0.09925498798629909,-0.1302651223922554,-0.4141231526704756,-0.37903182091182014,-0.5177580375942586,-0.18954175469829312,36.27181039015432,-2.665244718520536e-07,0.10876050183113653,56.285730474485305,1.0557116683467531,-0.12079508927821084,-0.24698793243453876,-0.3059955783786421,-0.27330636307276235,False,False,False,False,0.00013699999544769526,9.7999996796716e-05,False,False
2024-08-18,0.00011500000255182385,109318564,0.0,-0.01724181184212953,-0.059088874882008716,-0.507341273183193,-0.39673144663917437,-0.6257058438520992,-0.3670556256907168,36.27181039015432,6.046413909295269e-08,0.10409748560203663,50.23862664519624,0.9844391669094743,-0.10121139348539865,-0.24212466797281687,-0.3078126719819639,0.07579167010810695,False,False,False,False,0.00013699999544769526,9.7999996796716e-05,False,False
2024-08-19,0.00011600000289035961,130577675,0.008658065470235106,-0.06669133605506994,0.05310984242043156,-0.544727125262654,-0.4168937868253041,-0.6844891150897102,-0.3880733811689392,37.115746760969735,4.441180755799814e-07,0.10013900415392032,43.10824762659769,0.9627456129583337,-0.0749601064002619,-0.2299521821011376,-0.3036378736494162,0.1944693583790582,False,False,False,False,0.00013699999544769526,9.7999996796716e-05,False,False
2024-08-20,0.0001250000059371814,279566327,0.07472356877649386,0.01612938666221356,0.03252326145854127,-0.4995623693237595,-0.30748464838826095,-0.5788579662923843,-0.3421702180488102,44.26897885055499,1.3527062154659333e-06,0.09600548871426683,34.86143850169632,1.0029687894566,0.011326905848938085,-0.1652196723756491,-0.2517881899724775,1.1409963609782454,False,False,False,False,0.00013699999544769526,9.7999996796716e-05,False,False
2024-08-21,0.00012799999967683107,189213163,0.023716476595108598,0.07290679660258073,0.08134560669672852,-0.41065992675242136,-0.28376817179315234,-0.5685047544681545,-0.41065992675242136,46.45542245501993,2.156693584755973e-06,0.09208087207487796,24.425450019680444,0.9967416630687604,0.04832104060995569,-0.13885898847545877,-0.2361173288765587,-0.32319043916902057,True,False,False,False,0.00013699999544769526,9.7999996796716e-05,False,False
2024-08-22,0.00013899999612476677,319596834,0.08244364385645578,0.18088368922805803,0.05167197485453495,-0.28588190439725947,-0.1344303151794936,-0.45915364891145577,-0.28588190439725947,53.637713581467516,3.358598813509731e-06,0.08798693813616106,23.64295384691724,1.0454417102157478,0.13934422533845783,-0.06195170444605608,-0.17323422298887442,0.6890835126518127,False,False,False,False,0.00013699999544769526,9.7999996796716e-05,True,False
2024-08-23,0.00014800000644754618,262265440,0.06273841207729974,0.26982448202554615,0.1373999692505943,-0.19017346121762396,-0.12675165413622733,-0.41888806769807707,-0.22853438197592793,58.538115405820314,4.6116160212339645e-06,0.08445577993273916,29.30900261567697,1.0714116188449612,0.20472124536248756,-0.002022881070450506,-0.1228589666156756,-0.17938661432422076,True,False,False,False,0.00013699999544769526,9.7999996796716e-05,False,False
2024-08-24,0.0001539999939268455,251202318,0.03974024564894481,0.29202041242453775,0.1927654244382385,-0.12783337528960323,-0.14483099884094988,-0.3791478220491324,-0.17253357056563545,61.46254955391269,5.629018739614737e-06,0.08139746368982913,36.214051995501606,1.0815215473812052,0.23744469797231263,0.03633912700702266,-0.09069441381775149,-0.04218291971675714,True,False,False,False,0.00013699999544769526,9.7999996796716e-05,False,False
2024-08-25,0.0001500000071246177,218797434,-0.02631722138385423,0.2657031910406835,0.2484613791985539,-0.1878616664199278,-0.11332862987113677,-0.6169857442175549,-0.14265621292180194,58.5001561571454,5.794404259785618e-06,0.08378938316575751,38.110611489671015,1.075245107432046,0.18623966422396737,0.009693101655375676,-0.11746531791273716,-0.12899914402859924,False,False,False,False,0.00013699999544769526,9.7999996796716e-05,False,False
2024-08-26,0.00014800000644754618,289809917,-0.01342302426509058,0.24362210130535775,0.17693076525028792,-0.18457124448989456,-0.16184298589488263,-0.68976305691154,-0.13858611585939687,57.02030524312998,5.531519946960349e-06,0.0831994658275159,40.21147907387559,1.0749037639284162,0.1580595021315054,-0.005376300919461844,-0.13227013052826092,0.3245581161614537,False,False,False,False,0.00013699999544769526,9.7999996796716e-05,False,False
2024-08-27,0.00014699999883305281,493036135,-0.00677973848829532,0.1621187940405687,0.17824818070278226,-0.1628589756751878,-0.10943383259487244,-0.6005544144171456,-0.14536585434769225,56.25405152663488,5.0651949980695965e-06,0.08555674027608426,41.12533092800658,1.0718880597386247,0.13733073163856743,-0.012760249032153982,-0.14105411402997128,0.7012396956726639,False,False,False,False,0.00013699999544769526,9.7999996796716e-05,False,False
2024-08-28,0.00015500000154133886,626314057,0.05299254802304828,0.19139486546850834,0.26430166207108907,-0.10406935006920745,-0.05644128457182421,-0.47402778670924867,-0.006430845795892619,60.79321475636022,5.058617953329825e-06,0.08364006159376523,44.24414537966249,1.0910771911034505,0.18865030415971484,0.03943134191114876,-0.09757800635188946,0.270320799103295,False,False,False,False,0.00013699999544769526,9.7999996796716e-05,False,False
2024-08-29,0.00013699999544769526,436354019,-0.12344423426374569,-0.014493012651692986,0.16639067657636514,-0.19801295337262861,-0.2216827045925742,-0.6212826201633864,-0.14892332783118667,48.579265554319925,3.6697573331214862e-06,0.09934032302728744,44.311914241689145,1.165926440490258,0.04740056307511572,-0.07979583780192856,-0.20482909314893671,-0.3032983786279605,False,False,False,False,0.00013699999544769526,9.7999996796716e-05,False,False
2024-08-30,0.00012700000661425292,436929923,-0.07579375406030091,-0.15302517878929373,0.11679930323625252,-0.23721724863491372,-0.2916112946486907,-0.6852419410336855,-0.2556792728958709,43.366513650027166,1.989492808556336e-06,0.10794437415023714,44.311914241689145,1.186456708880321,-0.029051949938953655,-0.14512650334699054,-0.2648973653445817,0.001319809088317303,False,True,True,False,0.00016199999663513154,9.7999996796716e-05,False,False
2024-08-31,0.0001250000059371814,146048615,-0.015873353739570262,-0.20863877817780885,0.08338163424672884,-0.23428121836005378,-0.3811723487434443,-0.6688544211952253,-0.3364721534674121,42.38688181279642,7.206703032201241e-07,0.10583780417152393,43.32701985259695,1.1861613118564258,-0.04725606575351566,-0.15677276152876957,-0.2784159442572334,-0.665739041178006,False,True,False,False,0.00016199999663513154,9.7999996796716e-05,False,False
2024-09-01,0.00011700000322889537,142241083,-0.06613982240459933,-0.2484613791985539,0.017241811842129653,-0.18658590530101798,-0.32542235206643894,-0.8325374582125767,-0.49532144500348413,38.628026754029584,-6.08303208991376e-07,0.11110282724950661,44.228212105624586,1.1433987628439761,-0.10584637864738412,-0.20806820666063833,-0.32621150475641747,-0.02607030542535438,False,False,False,False,0.00016199999663513154,9.7999996796716e-05,False,False
2024-09-02,0.00012199999764561653,146713507,0.041847063039879236,-0.1931912918935841,0.05043080941177359,-0.07117624751024668,-0.15180606326715612,-0.8829543488051241,-0.43242096631545585,42.08487397010924,-1.0742953272442175e-06,0.1036226059917686,44.333014318610445,1.1286152092563626,-0.06727831769916141,-0.17085770362933372,-0.2991929362969693,0.03144256149961966,False,True,False,False,0.00016199999663513154,9.7999996796716e-05,False,False
2024-09-03,0.00011899999663000926,159406448,-0.024897560642752094,-0.21130911404804092,-0.049190320007472234,-0.024897560642752094,-0.15535044045903648,-0.9542177974393962,-0.4082623137539602,40.6069666088628,-1.4830518323221605e-06,0.10464913023895665,44.333014318610445,1.1043899791649712,-0.09021410497933414,-0.18403732448913745,-0.31809067284623826,0.08651514955606654,False,False,False,False,0.00016199999663513154,9.7999996796716e-05,False,False
2024-09-04,0.00012199999764561653,179922778,0.024897560642752035,-0.23940410142833704,-0.04800923595982861,0.1035406518322052,-0.21985945100186244,-0.9642999450966159,-0.34347345149754455,42.771278802393574,-1.4482201848161098e-06,0.10063946522106101,43.47049761781812,1.0432205236214387,-0.06941269036882444,-0.15570935899398533,-0.3026778445458327,0.12870451764912305,False,False,False,False,0.00016199999663513154,9.7999996796716e-05,False,False
2024-09-05,0.00011899999663000926,140608006,-0.024897560642752094,-0.14085742780734342,-0.15535044045903648,-0.016667058548930906,-0.13353143848139853,-0.8663234371554459,-0.35667496839573315,41.156161943544475,-1.5167873353071946e-06,0.09940827623388876,42.38247603886175,0.9930553353275549,-0.09436837480355495,-0.16945842607902592,-0.32147339090167,-0.2185091428501621,False,False,False,False,0.00016199999663513154,9.7999996796716e-05,False,False
2024-09-06,0.00011500000255182385,175923232,-0.034191314239256664,-0.09925498798629909,-0.2522801667755929,-0.02575250414510901,-0.2108949381491649,-0.8898574793252279,-0.442453627993217,39.039374753761564,-1.7069286018205924e-06,0.10235068263734275,42.38247603886175,0.9963824154337428,-0.12480972976481791,-0.1907107487606162,-0.34577311060671034,0.25116084783963144,False,False,False,False,0.00016199999663513154,9.7999996796716e-05,False,False
2024-09-07,0.00011800000356743112,114680334,0.02575250414510889,-0.057629130101619915,-0.26626790827942876,-0.11211727569864911,-0.1991286802487238,-0.8641049751801188,-0.35921409738967186,41.47080394636196,-1.5126888804099117e-06,0.09625560767920259,41.84069828145577,0.9153782222107263,-0.10300264193862482,-0.1609783593226929,-0.3303064493486674,-0.34812285622401484,False,False,False,False,0.00016199999663513154,9.7999996796716e-05,False,False
2024-09-08,0.0001230000052601099,146870966,0.041499743439406246,0.05001043574238571,-0.19845094345616818,-0.04762794994048322,-0.19176190452016514,-0.7675454643635575,-0.32361403505047454,45.380923192633304,-9.56625874839518e-07,0.08981190615549847,40.77579094411751,0.925885299959014,-0.06747532986338185,-0.11574403268195704,-0.30370786695553237,0.2806987988018941,False,False,False,False,0.00016199999663513154,9.7999996796716e-05,False,False
2024-09-09,0.00012799999967683107,162885575,0.03984586325732215,0.0480092359598286,-0.14518205593375544,0.007843122855538205,-0.11081435123504575,-0.6160298805733532,-0.27786849069294334,49.04676135709238,-2.007489065025546e-07,0.08516140638408147,40.54403455625491,0.9354675934725024,-0.030670210821131885,-0.06936164454247075,-0.27732610815296177,0.10903863054866814,True,False,False,True,0.00016199999663513154,0.00011200000153621659,False,False
2024-09-10,0.00012700000661425292,131517895,-0.007843122855538287,0.06506367374704257,-0.14624544030099845,0.08201317614416953,-0.10457272915684836,-0.5448845643538764,-0.365298995003874,48.34785610357779,2.582956264502511e-07,0.08138839486414705,40.610582858283266,0.8879306907436924,-0.03787874793702148,-0.06768458214277574,-0.28484947129904,-0.19257494102838757,True,False,False,False,0.00016199999663513154,0.00011200000153621659,False,False
2024-09-11,0.0001230000052601099,134661274,-0.0320027404017839,0.008163372702506477,-0.23124072872583054,-0.008097153940789678,-0.14364269056464968,-0.5156917559859733,-0.4295626089836883,45.551706185948696,3.151852379698041e-07,0.08325914276097664,40.967260676019556,0.8727018716582763,-0.06249997313801887,-0.08875385444230267,-0.3090857729564722,0.02390077030962212,False,False,False,False,0.00016199999663513154,0.00011200000153621659,False,False
2024-09-12,0.0001250000059371814,117784318,0.01612938666221356,0.04919032000747217,-0.09166710779987126,0.01612938666221356,-0.19556669163714238,-0.47499113600593335,-0.5235443768631677,47.196092968558574,4.992174299496042e-07,0.07893221148569803,39.75297245847793,0.8740572678856833,-0.03883118660463597,-0.0664674743140413,-0.2995825179644406,-0.12532894943500983,False,False,True,False,0.00013099999341648072,0.00011200000153621659,False,False
2024-09-13,0.00013099999341648072,145331598,0.046883488145526675,0.13026512239225554,0.03101013440595626,0.09607380815299876,-0.33973850685348006,-0.43307040279576103,-0.4526788811782331,51.890250720505776,1.0074248521139486e-06,0.0753897819468327,36.3337288798843,0.8798414840616742,0.016291633721062286,-0.015185741735548418,-0.2677678464288962,0.2338790126542991,False,False,False,False,0.00013099999341648072,0.00011200000153621659,False,False
2024-09-14,0.0001250000059371814,108539755,-0.04688348814552661,0.05762913010161984,0.0,0.07472356877649386,-0.4134332223214749,-0.5044050306553901,-0.5187937379793011,47.35651652290894,9.240714626500196e-07,0.07679358474248005,33.46138870665443,0.891689764908176,-0.02075985717041743,-0.05231231999831254,-0.30274714304532285,-0.25315790582582043,False,False,False,False,0.00013099999341648072,0.00011200000153621659,False,False
2024-09-15,0.00012099999730708078,102234614,-0.03252326145854126,-0.01639387479632762,0.033616560946058034,0.06840268803814097,-0.3971663427088622,-0.40821618244902835,-0.522329452374173,44.56125184772007,5.998365713622853e-07,0.07779787114077456,30.65840655407122,0.8945178367367078,-0.041963609842763275,-0.07464058984249347,-0.3262618819372905,-0.05809061389534187,False,False,False,False,0.00013099999341648072,0.00011200000153621659,False,False
2024-09-16,0.00011899999663000926,112390248,-0.016667058548930906,-0.07290679660258083,-0.024897560642752094,0.034191314239256615,-0.37993183843121886,-0.3448405066725635,-0.483566723355002,43.188582195088166,2.678874364540937e-07,0.07645621044706462,27.36082707061294,0.8951295758854254,-0.04723782616886324,-0.08235660289181772,-0.338594949712486,0.0993365515127782,False,True,True,False,0.0001320000010309741,0.00011200000153621659,False,False
2024-09-17,0.00012199999764561653,113596916,0.024897560642752035,-0.04016611310429043,0.024897560642752035,0.05908887488200865,-0.4482523983011843,-0.3376425717571656,-0.5666169689700904,45.88154279383452,2.6698234272157154e-07,0.07276214951151555,16.3524562050139,0.8989352824361676,-0.010142014796121547,-0.051911744109417166,-0.32257976249800524,0.010736411934957113,False,False,False,False,0.0001320000010309741,0.00011200000153621659,False,False
2024-09-18,0.00012799999967683107,158466453,0.0480092359598286,0.03984586325732215,0.0480092359598286,0.09844004537160243,-0.4462870798910517,-0.31845374145370164,-0.586049069718108,50.89497332741699,6.644612366207855e-07,0.06997810453361612,13.374897040623997,0.9129897190395673,0.042345264135078504,0.0007818519864682458,-0.28914558791156847,0.3949890417799722,False,False,False,False,0.0001320000010309741,0.00011200000153621659,False,False
2024-09-19,0.00013099999341648072,236495246,0.02316701155041795,0.046883488145526675,0.09607380815299876,0.046883488145526675,-0.4526788811782331,-0.2606011602427343,-0.5319744781468576,53.2280484348548,1.0978350334000425e-06,0.06894415233905955,14.286750976757784,0.8793021314195684,0.06504059228637218,0.02906514371497135,-0.2721616052842065,0.4923994417922637,True,False,False,True,0.0001320000010309741,0.00011700000322889537,False,False
2024-09-20,0.0001340000017080456,183793222,0.022642539752242327,0.022642539752242327,0.15290766214449777,0.045809551302660345,-0.3648503754497609,-0.23795862049049202,-0.5226952031654941,55.50473555660084,1.5284876299201545e-06,0.06738373117927654,16.183869601003416,0.8789694971494793,0.08545971131210446,0.05661568312585843,-0.2552866213999434,-0.22284601864681886,False,False,False,False,0.0001320000010309741,0.00011700000322889537,True,False
2024-09-21,0.00013600000238511711,115743081,0.014815090576157342,0.08434111847392646,0.14197024857554622,-0.02181900197763786,-0.30770090637489733,-0.15624931715713153,-0.48097265088909363,57.00720587685842,1.8675572278603298e-06,0.06480171275100165,17.56463050122577,0.8309528816317406,0.09324760516227662,0.07323233490433417,-0.2445913158086404,-0.3702538116449148,False,False,False,False,0.0001320000010309741,0.00011700000322889537,False,False
2024-09-22,0.00013000000035390258,134180175,-0.045120450095767796,0.07174392983669982,0.055350055040372215,-0.12967786415070537,-0.3198513253683294,-0.2564295182869328,-0.5485659318487826,51.3998292867696,1.616651763870074e-06,0.0689941902522754,17.83388141383436,0.8122255260850799,0.04166666605936523,0.026045772259953484,-0.2778981258740292,0.15929327127554171,False,False,True,False,0.00013800000306218863,0.00011700000322889537,False,False
2024-09-23,0.0001340000017080456,153686300,0.030305359519610265,0.11871634790524116,0.045809551302660345,-0.1391127502800399,-0.2669461255696432,-0.28394374912098974,-0.5182605723291722,54.605553230016554,1.6436064176394717e-06,0.06588495488383737,18.287506373123506,0.806429458715383,0.06730387094214185,0.05561683145300509,-0.2555555457666977,0.14537263049478066,False,False,False,False,0.00013800000306218863,0.00011700000322889537,False,False
2024-09-24,0.00014200000441633165,224346556,0.05798727600466717,0.15180606326715618,0.11163995016286571,-0.054808252891518625,-0.2426699193114463,-0.1681368827626553,-0.6717939971090736,60.25249008647393,2.0948300328802387e-06,0.0642714288600103,21.167373262892013,0.831138710073243,0.12208615795099427,0.11302714494943406,-0.20908987143967472,0.45976938738195927,False,False,False,False,0.00013800000306218863,0.00011700000322889537,True,False
2024-09-25,0.00013800000306218863,176857583,-0.0285733813552103,0.07522344595211716,0.11506930920943932,-0.0699586099816383,-0.2545298544715329,-0.23180159587652088,-0.7597216668931782,56.46996015852329,2.017736559740852e-06,0.06555127394596855,21.65615032058333,0.8354679054428198,0.08235295393247458,0.07879926292365927,-0.2291794498645602,-0.21167685319849527,True,False,False,True,0.00013800000306218863,0.00012599999899975955,False,False
2024-09-26,0.0001500000071246177,285696397,0.08338163424672884,0.13543806864842808,0.1823215567939546,0.020202762753385936,-0.14265621292180194,-0.08923106984148654,-0.5803516516637597,63.810048855039796,2.63002967505033e-06,0.06409475245457336,24.385494743001725,0.8870263487731614,0.16054162723212625,0.16677042301346348,-0.15926347460763332,0.6154037172384064,False,False,False,False,0.00013800000306218863,0.00012599999899975955,True,False
2024-09-27,0.00016799999866634607,433151391,0.1133286298711367,0.22612415876732234,0.2487666985195648,0.0805388446014745,-0.023530505467733012,0.024097560029650123,-0.39348894210777424,71.55745450521853,4.0192303457253955e-06,0.0646193776759788,33.88805243474512,0.9542380901418174,0.27514229218773173,0.29950492736984763,-0.0549852409312587,0.5161247938314042,True,False,False,False,0.00013800000306218863,0.00012599999899975955,False,False
2024-09-28,0.00016999999934341758,256975387,0.011834461723169582,0.2231435299143346,0.30748464838826106,0.21581754058838964,0.01780458721576116,-0.005865164004184552,-0.40546507957499667,72.26784069583984,4.7923147491500645e-06,0.06475996531272687,40.9411594678848,0.8388794755613447,0.26771064919891374,0.3066871445480828,-0.04103793865241417,-0.40673078203274204,True,False,False,False,0.00013800000306218863,0.00012599999899975955,False,False
2024-09-29,0.00016199999663513154,238261650,-0.04820211872642133,0.22006186128368088,0.2918057911203808,0.24340917592226927,0.006191927287355536,-0.04820211872642133,-0.44183276511141617,65.24784426563603,4.48960354160769e-06,0.06883576858734416,43.9423993498628,0.8095321555434353,0.192930748207398,0.23853207293930712,-0.08337343095042844,-0.0728230715729985,False,False,False,False,0.00013800000306218863,0.00012599999899975955,False,False
2024-09-30,0.00015300000086426735,251091738,-0.057158387420349184,0.13259811434372146,0.2513144622489626,0.20212414224149033,-0.03215707611856343,-0.17904820650195402,-0.46673027895373487,58.37756142269122,3.454423172729109e-06,0.07374796284707509,44.41911279638692,0.8372623077135232,0.11597374342010097,0.1633211641984393,-0.131224797738361,0.05384873310497085,False,False,True,False,0.00017600000137463212,0.00012599999899975955,False,False
2024-10-01,0.00013699999544769526,362543939,-0.11045703444161903,-0.03584619610256475,0.11595986716459127,0.15780693020447056,-0.028778975096547393,-0.16761542186196823,-0.6747305280081063,48.583557574557396,1.5598135978430307e-06,0.0915978661682715,43.187727366782305,0.8978883567959668,-0.005805548881821053,0.03961143042971212,-0.21919528408471317,0.4438704430808471,False,False,False,False,0.00017600000137463212,0.00012599999899975955,False,False
2024-10-02,0.0001340000017080456,247515764,-0.022141079902102366,-0.0294138946494568,0.045809551302660345,0.09381878726248895,0.022642539752242327,-0.05798727600466706,-0.789135561542635,46.991642667005166,5.192425526759029e-08,0.09442206647470851,42.29455137842229,0.8927978362065206,-0.030741397240587453,0.015151520162505205,-0.23454814516749653,-0.3172806455330095,False,True,False,False,0.00017600000137463212,0.00012599999899975955,False,False
2024-10-03,0.00012799999967683107,200150631,-0.04580955130266033,-0.15860508019884606,-0.023167011550418098,0.07290679660258073,0.0480092359598286,-0.08244364385645567,-0.8813110008368155,43.8938660129379,-1.3261021531868737e-06,0.09792591450141408,42.59754200468578,0.9039695950314485,-0.07313541270999152,-0.0316235540970598,-0.26679077953415997,-0.19136208633564045,False,False,False,False,0.00017600000137463212,0.00012599999899975955,False,False
2024-10-04,0.00013600000238511711,195232505,0.06062464187881777,-0.2113090681911649,0.014815090576157342,0.10863387783864656,0.21217452967085168,-0.11122557316321602,-0.8556660672579695,48.745468028662884,-1.654024518024414e-06,0.09135961907365299,41.57024365378882,0.9235239900009222,-0.01911285699808759,0.02579575558459369,-0.21969130552335656,-0.02457212338241388,False,False,False,False,0.00017600000137463212,0.00012599999899975955,False,False
2024-10-05,0.00013299999409355223,131366677,-0.02230581946130665,-0.24544934937564114,-0.02230581946130665,0.111225619020092,0.094558560471161,-0.02230581946130665,-0.7550978181353539,47.10064681384724,-2.004796927515807e-06,0.09158100281987096,39.93619529221328,0.9225604125951007,-0.04488334478044811,0.00015034717424656266,-0.23593959860631805,-0.32712702221384704,False,False,False,False,0.00017600000137463212,0.00012599999899975955,False,False
2024-10-06,0.00014000000373926014,150527433,0.051293365505933816,-0.14595386514328593,0.07410799614039507,0.19671029876528248,0.1709577946201735,-0.014184639383882395,-0.6931471805599453,51.235403481484106,-1.7087561123698265e-06,0.0853793561963791,37.35941970925431,0.9265389327563722,-0.002138249915525212,0.04884628965334999,-0.19357159243517125,0.145857050186327,False,False,False,True,0.00017600000137463212,0.0001250000059371814,False,False
2024-10-07,0.00013699999544769526,245061690,-0.021661556718682373,-0.11045703444161903,0.02214107990210225,0.14929623790149119,0.03717896220284194,-0.04983244234723275,-0.7148087372786277,49.45143573023366,-1.6571074296554349e-06,0.08570930563762293,35.30036469040034,0.9289326486999842,-0.028713255176050657,0.02299876509309971,-0.20909828298499927,0.6280201230828137,False,False,False,False,0.00017600000137463212,0.0001250000059371814,False,False
2024-10-08,0.00013499999477062374,195486951,-0.014706152897314336,-0.014706152897314336,-0.05055234899987913,0.09309034156477056,0.045462391624287196,-0.09867156295539463,-0.674455122798787,48.24538659788642,-1.6937514773926665e-06,0.08499908846534923,34.430772098499894,0.9217793657366994,-0.04526170497813405,0.005212167697739612,-0.2185917588651398,-0.20229493643008822,False,False,False,False,0.00017600000137463212,0.0001250000059371814,False,False
2024-10-09,0.00013000000035390258,178186636,-0.03774028652439831,-0.030305359519610352,-0.0597192541690672,0.015504191783050058,0.023347314638588343,-0.09531015945199572,-0.600525688790303,45.27271653043409,-1.9714069462330944e-06,0.08910625888011388,34.56914260882304,0.9225810960003878,-0.08029713353368106,-0.03273809644650134,-0.24537063707073759,-0.08849856684296031,False,False,False,False,0.00017600000137463212,0.0001250000059371814,False,False
2024-10-10,0.00013099999341648072,165375663,0.007662819767368021,0.02316701155041795,-0.13543806864842795,0.03101013440595626,0.1130233105501259,-0.07356259475089214,-0.5138744299479202,45.98948906583391,-1.9981701271041397e-06,0.08647196760942791,34.90977125842803,0.9223980148589603,-0.07223800551944248,-0.02573261179225012,-0.23715246227185752,-0.07189637386722991,False,False,True,False,0.00014600000577047467,0.0001250000059371814,False,False
2024-10-11,0.00013699999544769526,143471764,0.0447836196543447,0.007325989325944783,-0.20398307886522016,0.10779649446208485,0.09969934052129521,-0.03584619610256475,-0.4078952615238884,50.20367641309312,-1.5426327869483213e-06,0.08199257666789246,34.843081750966455,0.9266598701706261,-0.03008852391094233,0.019193535523537898,-0.19978975221520323,-0.1324493495756991,False,False,False,False,0.00014600000577047467,0.0001250000059371814,False,False
2024-10-12,0.00014000000373926014,119024562,0.02166155671868241,0.051293365505933816,-0.19415598386970737,0.11332866451855372,0.12945805118076714,-0.08223802711858871,-0.36166247148737973,52.211451823068984,-9.966154638054671e-07,0.07705549955510589,33.96662529368876,0.9278020465493665,-0.01234564986225529,0.042752892773822646,-0.17982364025456873,-0.17039730549350462,True,False,False,False,0.00014600000577047467,0.0001250000059371814,False,False
2024-10-13,0.00013699999544769526,110201187,-0.021661556718682373,-0.021661556718682373,-0.16761542186196823,0.0447836196543447,0.14085742780734348,-0.2949548871991355,-0.38828678314141635,50.03870753177741,-8.031457235109203e-07,0.07676800181141638,33.70780344700653,0.9184791877529899,-0.0345313873583768,0.022998768427909714,-0.195324686862745,-0.07413070757613882,False,False,False,True,0.00014600000577047467,0.00012599999899975955,False,False
2024-10-14,0.00015300000086426735,250455892,0.11045703444161915,0.11045703444161915,0.0,0.20212414224149033,0.2768477110179841,-0.2113090800799845,-0.3022808884138998,59.67660489614283,3.7357903727662e-07,0.07270018905675692,34.25849943999893,0.9763203665154555,0.07406108682591045,0.1419614911423319,-0.09872761050480691,1.272715011681317,False,False,False,False,0.00014600000577047467,0.00012599999899975955,True,False
2024-10-15,0.00014800000644754618,264405352,-0.03322560971262627,0.09193757762630701,0.07723142472899278,0.2014217939874053,0.26982448202554615,-0.19574454872145686,-0.20679438846162293,56.03854727244212,7.638807479626529e-07,0.07654472716257335,34.173058867967214,0.9766788529218077,0.03532708773679554,0.1046425300471118,-0.12581213012399006,0.05569627405691069,True,False,False,False,0.00014600000577047467,0.00012599999899975955,False,False
2024-10-16,0.00014899999951012433,227053646,0.0067339853290874704,0.136411849479793,0.10610648996018271,0.2248228378654239,0.2590141521046805,-0.15510900056579513,-0.12001766880713974,56.60829724138561,1.0219716108965376e-06,0.07635285307324366,34.10958170172707,0.9730319916659109,0.04268719843822201,0.11177435622653449,-0.11745543183177427,-0.14126683033254184,False,False,False,False,0.00014600000577047467,0.00012599999899975955,False,False
2024-10-17,0.00014200000441633165,165386219,-0.04811921395551553,0.08062981575690947,0.1037968273073274,0.15180606326715618,0.21089493814916482,-0.29644633503402806,-0.1858365084900095,51.569883191837285,6.707958915657539e-07,0.08093333402295658,30.33798599474233,0.9897825550470135,0.0028248956982992067,0.06160290131333129,-0.15626854236374996,-0.2715984882268748,False,False,False,False,0.00014600000577047467,0.00012599999899975955,False,False
2024-10-18,0.00015199999324977398,251388919,0.06805338773470626,0.10389958383727106,0.111225573163216,0.17185021504203374,0.27029026041363624,-0.2744368648490178,-0.14660352641166785,57.40274679466917,1.0395232730733744e-06,0.07772694429654449,25.365868509799583,1.0031091838602617,0.08031268270371848,0.13382062464607247,-0.09467230607270238,0.520011283406872,False,False,False,False,0.00014600000577047467,0.00012599999899975955,True,False
2024-10-19,0.00015799999528098851,246175076,0.038714526722911306,0.12095255384150007,0.17224591934743405,0.18739773021452713,0.23428121836005378,-0.26528115096370586,-0.07320343002820726,60.47840015339047,1.582503575881137e-06,0.0748591519517586,24.13220928578987,1.007965262940498,0.12455513603689757,0.17315113770742407,-0.057504203966733954,-0.020740146466042164,False,False,False,False,0.00014600000577047467,0.00012599999899975955,False,False
2024-10-20,0.00015799999528098851,148767928,0.0,0.14261411056018244,0.12095255384150007,0.16475519046228473,0.21056474176494525,-0.20009518498747617,-0.07320343002820726,60.47840015339047,1.81972535092381e-06,0.07222454806479645,25.30544358657926,1.0064226140433894,0.12255770461240147,0.16743014242285448,-0.05635025366181223,-0.3956824126257201,False,False,False,False,0.00014600000577047467,0.00012599999899975955,False,False
2024-10-21,0.00015100000018719584,196543035,-0.04531516510517325,-0.013158088986609785,0.09729894545500922,0.10462493478095428,0.08280593280331632,-0.20307597159394314,-0.05162438237617744,55.0958240458016,1.4019971910639014e-06,0.07585109110976797,25.81685483379477,1.021158638250897,0.06751503355854797,0.11013086634099957,-0.09680892307809319,0.32113848490247165,False,False,False,False,0.00014600000577047467,0.00012599999899975955,False,False
2024-10-22,0.00014899999951012433,141502098,-0.013333535396928935,0.0067339853290874704,0.09867156295539471,0.136411849479793,0.0067339853290874704,-0.18343947588853643,-0.12001766880713974,53.627261013274186,9.115496284819724e-07,0.0752136602383425,25.605477062877295,1.0080498240726787,0.04781997827548444,0.09109548709442303,-0.10773100458432891,-0.28004521757792133,False,False,True,False,0.00016399999731220305,0.00012599999899975955,False,False
2024-10-23,0.00014200000441633165,137937575,-0.04811921395551553,-0.04811921395551553,0.08829263552427746,0.05798727600466717,-0.0811254742753728,-0.20895884956497612,-0.22595647311632258,48.73133860679069,8.00674559721453e-08,0.07881732946551667,23.799448351721814,1.019874552630542,-0.006298072014292605,0.036345091607237666,-0.1482980690804457,-0.025190601767614784,False,False,False,False,0.00016399999731220305,0.00012599999899975955,False,False
2024-10-24,0.00014699999883305281,123193690,0.03460549013813265,0.03460549013813265,0.11523530589504222,0.03460549013813265,-0.02020276275338586,-0.20806442917331366,-0.13353139262452263,52.095535221801256,-1.5595212719072297e-07,0.0736136044471759,23.40411676227786,1.006878076844129,0.024747299700379196,0.06893541917162183,-0.11674578596589415,-0.10688809775001484,False,False,False,False,0.00016399999731220305,0.00012599999899975955,False,False
2024-10-25,0.00013099999341648072,158385103,-0.11523530589504215,-0.14868320349161573,-0.044783619654344665,-0.052056434401699124,-0.12201504438333738,-0.3065862888732321,-0.2838580302782202,42.48765740707959,-1.3461902419133488e-06,0.08760938485682654,23.79642149501741,1.0816781274042424,-0.08615281050069465,-0.04907089512366128,-0.21089094981283146,0.28565921679917206,False,False,False,False,0.00016399999731220305,0.00012599999899975955,False,False
2024-10-26,0.00013299999409355223,120401071,0.015151810867093161,-0.172245919347434,-0.051293365505933886,-0.12028625778133492,-0.10008349502794898,-0.26294247070313687,-0.2095173276228215,43.88091758697392,-1.9203332197160897e-06,0.08281352885583779,24.609029140106138,1.0394605227703007,-0.06993009956903899,-0.03706925623638721,-0.197247741851736,-0.23982073617112842,False,True,False,False,0.00016399999731220305,0.00012599999899975955,False,False
2024-10-27,0.00013499999477062374,82869305,0.014925655889937193,-0.15732026345749675,-0.014706152897314336,-0.21868923176253444,-0.13815038716106,-0.24221973723026743,-0.19459167173288416,45.307777774617975,-2.073845349969755e-06,0.07840455012790332,24.84639364218552,0.9527005772038954,-0.05528343948950533,-0.02498920135641766,-0.18362413566563002,-0.3117228583456704,False,False,False,False,0.00016399999731220305,0.00012599999899975955,False,False
2024-10-28,0.00014200000441633165,174980015,0.05055234899987904,-0.06145274935244448,-0.07461083833905426,-0.17997134448582497,0.03584619610256477,-0.16216675727006377,-0.1858365084900095,50.090822590825134,-1.6318512499246007e-06,0.07726357182286268,24.276741292805514,0.9718620876680644,-0.008725963353177517,0.022760046551539317,-0.13999331094421982,1.111517829188986,False,False,False,True,0.00016399999731220305,0.00012799999967683107,False,False
2024-10-29,0.00014699999883305281,216665368,0.03460549013813265,-0.013513723817382924,-0.00677973848829532,-0.09716373562127083,0.14624544030099845,-0.09097180833391537,-0.14536585434769225,53.236685074618876,-9.636924231114601e-07,0.07367762633403281,22.68567906056414,0.9695220662435228,0.020124915216915687,0.055882770523115334,-0.10938778649581514,0.2382292229201146,True,False,False,False,0.00016399999731220305,0.00012799999967683107,False,False
2024-10-30,0.0001449999981559813,174155831,-0.013698849137116064,0.02090664100101663,-0.027212572954498887,-0.05370419733803764,0.14841994490345264,-0.0858612734566011,-0.2327524038399916,51.82940401106183,-6.333308005344666e-07,0.07379208890764734,20.994476651865135,0.9507710362578736,0.001381210923666559,0.03883076947379575,-0.12179760016033578,-0.19619903906377878,False,False,False,False,0.00016399999731220305,0.00012799999967683107,False,False
2024-10-31,0.00013899999612476677,140756429,-0.042259824451888355,-0.0559586735890044,-0.021353183450871772,0.014493012651692942,0.17229994285616365,-0.014285962444854392,-0.15312240921027526,47.751276830789976,-7.858392761903379e-07,0.07661772526416889,20.72968395581258,0.8797748711353129,-0.04071775549891921,-0.00643318852558409,-0.15783098321676586,-0.191778832831615,False,False,False,False,0.00016399999731220305,0.00012799999967683107,False,False
2024-11-01,0.00013499999477062374,137360849,-0.029199165549007366,0.03007746675703039,-0.11860573673458544,0.007434927004788048,0.10125371426727699,0.03007746675703039,-0.05055234899987913,45.198003959645476,-1.1035801708542092e-06,0.07801493501319548,21.42479778811438,0.882399876587045,-0.06671278076268367,-0.0364025998416622,-0.18186779665300126,-0.02412380041269735,False,False,False,False,0.00016399999731220305,0.00012799999967683107,False,False
2024-11-02,0.00013099999341648072,73784347,-0.030077466757030418,-0.015151810867093123,-0.1873977302145272,0.02316701155041795,0.09607380815299876,0.07117624751024665,-0.05927663230603767,42.73706083654251,-1.505713759487502e-06,0.07792596229997209,22.56784436066224,0.8737284364370547,-0.09248358185311527,-0.06495364469193038,-0.20584405710172343,-0.46284296044209805,False,True,False,False,0.00016399999731220305,0.00012799999967683107,False,False
2024-11-03,0.00012199999764561653,141087002,-0.07117624751024668,-0.10125371426727703,-0.25857397772477386,-0.10863387783864646,0.0,0.1035406518322052,-0.21985945100186244,37.75586521151894,-2.255318683076291e-06,0.08530907481759599,25.849351735806756,0.8810103293703062,-0.14565826865743192,-0.1288203464256983,-0.2601576848580232,0.9121535628688291,False,True,False,False,0.00016399999731220305,0.00012799999967683107,False,True
2024-11-04,0.00011700000322889537,111368392,-0.04184706303987917,-0.19365312630703538,-0.2551058756594798,-0.12817512141721907,-0.016949502397127125,-0.03361656094605801,-0.1504809408785257,35.29464929372536,-2.92300530984719e-06,0.08870585434988053,30.32700897928371,0.8888285382310783,-0.17168138121156296,-0.16404684103510667,-0.29002698295032003,-0.21064031114645132,False,True,False,False,0.00016399999731220305,0.00012799999967683107,False,False
2024-11-05,0.0001250000059371814,125834510,0.06613982240459935,-0.16211879404056878,-0.1756325178579517,-0.11332866451855357,0.08338163424672884,0.05762913010161984,-0.127513303902436,41.82865746434617,-2.668054332399944e-06,0.08338377011810572,31.73350227133243,0.9019224218322013,-0.10746156761732181,-0.10765272179032474,-0.24115947170296695,0.12989428813877457,False,False,False,False,0.00016399999731220305,0.00012799999967683107,False,False
2024-11-06,0.00014400000509340316,300500346,0.14149955014710391,-0.006920394756348769,0.013986246244667891,0.04983244234723263,0.1991286802487239,0.08701140455007468,0.0,53.76908981904695,-1.1401018197884795e-06,0.07663622349664403,31.785267055345294,1.031458860071166,0.027470615812503676,0.024765199637603843,-0.12523156964978902,1.3880598891353415,False,False,False,False,0.00016399999731220305,0.00012799999967683107,False,False
2024-11-07,0.0001429999974789098,256055063,-0.00696872231694967,0.028370707378590012,-0.027587966210414414,0.05756987292759748,0.1506602144923679,0.10303226455188459,-0.04110169002779725,53.150711215134535,-1.6810958838531082e-07,0.07665485591959934,30.998873204695254,1.0302659505935579,0.023622039862289845,0.015480743334320124,-0.130566970126801,-0.1479042656410119,True,False,False,True,0.00016399999731220305,0.00011500000255182385,False,False
2024-11-08,0.00014000000373926014,209505826,-0.02120216331160072,0.03636770961599669,0.06644517637302703,0.07410799614039507,0.08961218792344498,0.09745531077898321,-0.02120216331160072,51.24661589300025,2.772127841676332e-07,0.0788272319275956,28.769410775629435,1.0238482754686655,0.008645567584614617,-0.0070921679860138,-0.14787422723460533,-0.18179385501937917,False,False,False,False,0.00016399999731220305,0.00011500000255182385,False,False
2024-11-09,0.0001449999981559813,197406223,0.03509128038489914,0.10153645675792616,0.08638464589083299,0.10153645675792616,0.13254659116388237,0.21455976730805187,0.02797386200703397,54.19208189593154,8.78992888553453e-07,0.07510618899008425,26.335045290550703,1.03005032532675,0.04958377914483851,0.026766738586844224,-0.11615008220209987,-0.05775306219885268,False,False,False,False,0.00016399999731220305,0.00011500000255182385,False,False
2024-11-10,0.00018000000272877514,925339841,0.21622313634686813,0.38893584061504094,0.2876821263477639,0.2729759734504496,0.3807724679125345,0.3726753139717448,0.2371297773478849,68.52644299368949,3.459818520767531e-06,0.07562506780517704,36.237076011288195,1.263827506605341,0.28939830738500627,0.266713606919445,0.0973602562498857,3.6874907332581914,False,False,False,False,0.00016399999731220305,0.00011500000255182385,True,False
2024-11-11,0.0001829999964684248,824503343,0.016529267493123473,0.44731217114804356,0.2536590448410083,0.26784368422489063,0.3811723487434443,0.39730173540565794,0.185605657106302,69.4100387945559,5.09572884531905e-06,0.07687847672391622,44.473285513257885,1.2633121086131647,0.29511675620608807,0.27829000691311523,0.11575158747868337,-0.10897239428384231,True,False,False,False,0.00016399999731220305,0.00011500000255182385,False,False
2024-11-12,0.0002119999990100041,1398184763,0.14710013645902487,0.5282724852024692,0.3661536911619005,0.43660537740259797,0.48138899705694255,0.5774628052099414,0.1416504902034624,76.3283330299051,7.701273062831957e-06,0.07644672978432428,60.80235477356272,1.3462990486536053,0.46408840292593384,0.4648977345549696,0.29142299688961426,0.695790289839977,False,False,False,False,0.00016399999731220305,0.00011500000255182385,False,False
2024-11-13,0.00023600000713486224,1618492451,0.10724556525585627,0.4940185003112215,0.4870981055548727,0.4333939082168351,0.6355180504583254,0.7102416192348193,0.22208482813685068,80.29932679792515,1.0441337364289157e-05,0.08253243642346031,79.51662544954344,1.343463333208767,0.581239586940691,0.6098227032359699,0.43486856489527126,0.15756693523629828,False,False,False,False,0.00016399999731220305,0.00011500000255182385,False,False
2024-11-14,0.00021600000036414713,1293815568,-0.08855342588804543,0.4124337967401256,0.4408045041187158,0.378066092041416,0.5794878860288213,0.6478905740669622,0.18232154331995926,69.79226906041222,1.0290301471355129e-05,0.0953073831644298,85.17426704368536,1.381496463641719,0.4071661300162057,0.4578833794067704,0.3114355995700128,-0.20060450872007185,False,False,False,False,0.00016399999731220305,0.00011500000255182385,False,False
2024-11-15,0.00026000000070780516,1367164734,0.185403224367824,0.6190391844195503,0.655406894035547,0.5567353310801523,0.7815581689455762,0.8157494831848329,0.40162633051435725,76.94084862529186,1.239597479736349e-05,0.09467668162807247,99.28126767027808,1.506828713443422,0.6265248724161856,0.7291833085164591,0.5742787125592954,0.05669213434599829,False,False,False,False,0.00016399999731220305,0.00011500000255182385,False,False
2024-11-16,0.0002469999890308827,915996436,-0.05129334151926075,0.5326545625153905,0.6341910192733167,0.5535612035164071,0.7053672667835633,0.764456141665572,0.2571148684823791,71.55311700388702,1.2139866328129311e-05,0.10439768445871854,105.15097945294944,1.5086360989308585,0.49289809365424436,0.625641640196352,0.4914557643496888,-0.33000287878987966,False,False,False,False,0.00016399999731220305,0.00011500000255182385,False,False
2024-11-17,0.00025599999935366213,1197952718,0.03578914973621068,0.35222057590473305,0.7411564165197739,0.5212969655179115,0.6931471805599453,0.7915872259315477,0.24686010066889363,72.96456935774592,1.1793185211064327e-05,0.10580941719059384,110.65341208230303,1.4994543954416353,0.49576395149041874,0.6660158868807324,0.5412866099971089,0.307813732585309,False,False,False,False,0.00016399999731220305,0.00011500000255182385,False,False
2024-11-18,0.00024900000425986946,750169322,-0.027724528382188297,0.3079667800294213,0.755278951177465,0.4548579104128118,0.6422556406273391,0.6891391287728657,0.18957675944910596,70.05318957975838,1.0359946488674952e-05,0.10961954348476544,113.23634491733179,1.505450987515446,0.4127659844997127,0.6023166394478742,0.49531590402198766,-0.3737905422073595,False,False,True,False,0.0002809999859891832,0.00011500000255182385,False,False
2024-11-19,0.0002479999966453761,559530563,-0.004024180934344145,0.15684246263605237,0.6851149478385214,0.4508337294784677,0.6155889199407525,0.6613984712434129,0.2507385444909916,69.62577714996178,8.680100021744168e-06,0.1070963340551933,113.97341180970403,1.506026421313506,0.36714441698142564,0.5766052019358004,0.48605325044987585,-0.25412763946644035,False,False,False,False,0.0002809999859891832,0.00011500000255182385,False,False
2024-11-20,0.00026500000967644155,937472283,0.06630112986282259,0.11589802724301847,0.6099165275542401,0.5624500244464635,0.6670749592274176,0.6452559572497798,0.3593740528525203,72.67765935212526,8.06268048824799e-06,0.10519638006216682,114.59101364982749,1.5000492107436612,0.41182743385355997,0.6577005561560696,0.5844544676426923,0.6754621552281497,False,False,False,False,0.0002809999859891832,0.00011500000255182385,False,False
2024-11-21,0.00026000000070780516,1268916822,-0.01904822876324002,0.185403224367824,0.5978370211079496,0.5567353310801523,0.6931471805599453,0.5634693164092399,0.3732958551916159,70.43603065490134,6.721169238478346e-06,0.11027515037950582,112.4870587553667,1.5017190254618666,0.3405516885021611,0.6011824235037905,0.5512200989231706,0.353551294273305,False,False,False,False,0.0002809999859891832,0.00011500000255182385,False,False
2024-11-22,0.00024900000425986946,583469858,-0.04322872016523828,-0.04322872016523828,0.575810464254312,0.5616258248704296,0.6196131008750966,0.48050035059505686,0.35266697530545343,65.6394255806812,4.597911477279951e-06,0.11294607485563221,107.66192429676391,1.4990806202191027,0.2459344654118962,0.5109223620952869,0.4824958577135285,-0.5401827386287106,False,False,False,False,0.0002809999859891832,0.00011500000255182385,False,False
2024-11-23,0.0002469999890308827,746648176,-0.008064621354022482,0.0,0.5326545625153905,0.5189557133782745,0.5535612035164071,0.49875295062488856,0.31089128420496076,64.77569830715952,2.659853033501406e-06,0.11237896292037747,100.1442419565288,1.5007775280917743,0.19844729864699956,0.47886474923839306,0.4673121401561532,0.2796688051021823,False,False,False,True,0.0002809999859891832,0.00022699999681208283,False,False
2024-11-24,0.00023700000019744039,494086730,-0.04132815025038146,-0.07711729998659221,0.27510327591814077,0.5928628690229351,0.5408064346212359,0.4708478246395976,0.28627658014970303,60.48977194986882,4.22868190951599e-07,0.11628958251303508,89.9970937251546,1.439521445439087,0.11739745233288103,0.40153755967320076,0.40511057253960275,-0.3382603133821892,False,False,True,False,0.0002880000101868063,0.00022699999681208283,False,False
2024-11-25,0.00022200000239536166,485860907,-0.06538274930601622,-0.11477552091042015,0.19319125911900115,0.5123283088498257,0.3920420510684908,0.41224481382187667,0.249385838146689,54.64874563679845,-2.204264178883045e-06,0.12396660287272342,79.92890801921155,1.4698567760637273,0.023277262345743913,0.3002225810645405,0.31450396669701675,-0.01664854063172272,False,False,False,False,0.0002880000101868063,0.00022699999681208283,False,True
2024-11-26,0.00021399999968707561,431256328,-0.03670137910260881,-0.14745271907868474,0.009389743557367469,0.46070127385727977,0.2420120420947453,0.32255088669621973,0.21848153662701228,51.77711432691789,-4.486467542887643e-06,0.12709199626772702,72.61163967937323,1.4817908107449853,-0.029258336870289284,0.2421639228490359,0.26544852314058165,-0.11238726601232807,False,False,False,False,0.0002880000101868063,0.00022699999681208283,False,False
2024-11-27,0.00022600000374950469,389065701,0.05455900230342647,-0.1591948466380808,-0.04329681939506226,0.4647079271608271,0.2847365826750021,0.5005541232633919,0.3025411698907633,55.55018053238855,-5.146259941426031e-06,0.11743676770822752,63.86217487898676,1.4830539615939495,0.006233318709068892,0.2981045634700993,0.33419920765491656,-0.09783190242254258,False,False,False,False,0.0002880000101868063,0.00022699999681208283,False,False
2024-11-28,0.00022200000239536166,314460010,-0.01785762320081766,-0.1580042410756585,0.02739898329216544,0.41224481382187667,0.31508107820060594,0.5584902541228752,0.32127300548796134,54.032570162771755,-5.76392276971491e-06,0.11648302393045643,52.804939817155685,1.4858305122353281,-0.029296011779123145,0.2617938108075836,0.3085379296529338,-0.19175602169053707,False,False,False,False,0.0002880000101868063,0.00022699999681208283,False,False
2024-11-29,0.00023099999816622585,414818542,0.0397403099211805,-0.07503521098923968,-0.11826393115447792,0.4656839728801734,0.4119797755421356,0.614103917783626,0.3798226994235723,56.88657180400696,-5.480034101390252e-06,0.10889610974112186,40.00405253971323,1.485100887515688,-0.008583700127471632,0.2981903941811259,0.35966331096813364,0.3191456109156774,False,False,False,True,0.0002880000101868063,0.00020500000391621143,False,False
2024-11-30,0.0002300000051036477,368641648,-0.004338371470409472,-0.07130896110562678,-0.07130896110562678,0.5036054258616522,0.5180984385133452,0.6759053687178158,0.4893194634167978,56.46706541457168,-5.271638153379536e-06,0.1049736036969153,33.831991173380295,1.4723664417145224,-0.02335454481460951,0.2791991402812642,0.352145826628011,-0.11131829782093006,False,False,False,False,0.0002880000101868063,0.00020500000391621143,False,False
2024-12-01,0.0002410000015515834,702233811,0.04671760881579267,0.016736797960547473,-0.060380502026044794,0.5795222002264522,0.5869571272312402,0.6807759144937292,0.6095996669834824,59.96453492075566,-4.3436576137854705e-06,0.10013962298995643,26.637194069798976,1.4663233332852674,0.010906043929826931,0.3254867558026726,0.4155653544125953,0.9049226119996079,False,False,False,False,0.0002880000101868063,0.00020500000391621143,False,False
2024-12-02,0.00022699999681208283,609796163,-0.05984693649104583,0.02227261077551791,-0.09250291013490229,0.5497527304924368,0.5729197420428548,0.6458265386454355,0.6209289780026833,54.01638594512397,-4.598843263045389e-06,0.10721756857936154,24.984240707185286,1.4825321191858274,-0.05080494970054303,0.23624875907120163,0.3325115015595325,-0.13163371878714625,False,False,False,False,0.0002880000101868063,0.00020500000391621143,False,False
2024-12-03,0.00022499999613501132,531877239,-0.008849618411022083,0.0501243714671044,-0.09732834761158024,0.6120793595916613,0.5034454817530148,0.6120793595916613,0.7156200114238666,53.20444963082179,-4.805943385218819e-06,0.10774572913484304,25.553568221020367,1.4507737682133943,-0.056999178021101965,0.21582187708393025,0.32019008499253226,-0.1277786393680539,False,False,False,False,0.0002880000101868063,0.00020500000391621143,False,False
2024-12-04,0.00023600000713486224,561604191,0.047731450231384163,0.04329681939506233,-0.11589802724301852,0.7016578728629248,0.5734827514457056,0.6847083704657977,0.6680413119168668,57.03012562986404,-4.131463808023985e-06,0.09901823440600369,23.969243079918005,1.4359687683945528,-0.015025013396978428,0.26324808678261885,0.38343400617035883,0.05589062629544106,False,False,True,False,0.00024900000425986946,0.00020500000391621143,False,False
2024-12-05,0.00023099999816622585,599026130,-0.021414132674699462,0.0397403099211805,-0.11826393115447792,0.614103917783626,0.5007752532650723,0.6974855520303549,0.6717330478852458,54.83565870800006,-3.951451941960391e-06,0.10042917586687494,22.96391932400707,1.43563607306056,-0.030023103296405076,0.22572428432575042,0.3526173917078936,0.06663400950296694,False,False,False,False,0.00024900000425986946,0.00020500000391621143,False,False
2024-12-06,0.00023700000019744039,423111659,0.025642439384835777,0.025642439384835777,-0.049392771604403966,0.49824680702135765,0.5480792493685904,0.6973754872700815,0.5852582115714324,56.97514460207455,-3.3797982150256416e-06,0.09541555463303865,22.758464272760207,1.3679882829508565,-0.0027351171121784185,0.24500945979985092,0.38685704333302995,-0.29366744151878654,False,False,False,True,0.00024900000425986946,0.0002099999983329326,False,False
2024-12-07,0.0002579999854788184,1114214218,0.0848993866697534,0.11488019752499853,0.0435712364193717,0.5901149160080605,0.6476847889356581,0.7407751305004286,0.6931471805599453,63.493476888739806,-1.6276708579149482e-06,0.0921858662063406,22.98778217479112,1.38547929396951,0.08517344010017938,0.3403989313220998,0.5085071949898813,1.6333810338230363,False,False,False,False,0.00024900000425986946,0.0002099999983329326,True,False
2024-12-08,0.0002589999930933118,573889990,0.0038685063948212524,0.07203109510402717,0.08876789306457449,0.6151855857144826,0.6892935818548777,0.7047977736379277,0.712640896493466,63.77492309085477,-5.001369702743749e-07,0.0905105862552856,23.90234629947598,1.378914716225035,0.08709336245581305,0.33161950626349523,0.5127620652515907,-0.48493747366630713,True,False,False,False,0.00024900000425986946,0.0002099999983329326,False,False
2024-12-09,0.00023799999326001853,1656874581,-0.08455738968056314,0.047320641914509805,0.06959325269002768,0.4955369156490204,0.5970733724069465,0.6280835068129028,0.7100966829570723,54.3065047216746,-1.2260425244293342e-06,0.10886828829498928,23.65533169560304,1.4253607816301044,0.0010514990567527635,0.21366646663187872,0.389618692259604,1.887094408111213,False,False,False,False,0.00024900000425986946,0.0002099999983329326,False,False
2024-12-10,0.00022200000239536166,967665725,-0.06959325269002761,-0.013422992364495736,0.03670137910260888,0.2097205266121247,0.48269650006257414,0.590492994524659,0.5823958405838694,48.4093578494091,-2.753711554600127e-06,0.12028264982685415,22.028163409361174,1.260453749420343,-0.05772494337221918,0.12393683236955381,0.2961233217145712,-0.41596923744465364,False,True,False,False,0.00024900000425986946,0.0002099999983329326,False,False
2024-12-11,0.00024300000222865492,472988947,0.090384059849771,0.029229617253891175,0.07252643664895345,0.28357531896877225,0.5514190031936629,0.6647476677122165,0.6808770543744301,55.27422596174594,-2.3362982306130356e-06,0.11115100421650828,20.20354824544702,1.2933832841053228,0.03514378355413638,0.21865598274096734,0.41798449172707003,-0.5112062618524594,False,False,False,False,0.00024900000425986946,0.0002099999983329326,False,False
2024-12-12,0.0002390000008745119,503577448,-0.016597896921411535,0.034045853007179,0.0737861629283595,0.1198772855883357,0.5564826629909337,0.6012662826452784,0.6973400907982772,53.805589886529035,-2.3117432407020213e-06,0.11061746500122614,19.550637302311706,1.196524119047422,0.02027748983604628,0.1870467948224901,0.3940737340065842,0.06467064652147148,False,False,True,False,0.0002809999859891832,0.0002099999983329326,False,False
2024-12-13,0.00024399999529123306,400155451,0.02070465040442022,0.029108064026763577,0.05475050341159915,0.033336370736899795,0.46673027895373487,0.6688544211952252,0.7435779899717189,55.40078142102398,-1.9550838218769965e-06,0.10441700338898083,19.307983528448066,1.1392394763373623,0.0422896031982686,0.2003148178876123,0.4246511085127362,-0.20537456037943935,False,False,False,True,0.0002809999859891832,0.00020799999765586108,False,False
2024-12-14,0.0002469999890308827,901553239,0.012220086223617966,-0.043571236419371794,0.07130896110562669,0.13410988284856315,0.5121759748899791,0.7135977688773844,0.7820004569155254,56.374205910728094,-1.532143796368784e-06,0.10358899541078467,19.835582303417095,1.092689036594988,0.05285588424761461,0.2013618191925715,0.44419101451697784,1.2530075168212567,False,False,False,False,0.0002809999859891832,0.00020799999765586108,False,False
2024-12-15,0.00023200000578071922,766284203,-0.0626508956353917,-0.11009063844958472,-0.03805954334555759,-0.1139442371546524,0.4427910939255,0.6676139317909238,0.7018052460301805,50.445589776873945,-2.235056000301518e-06,0.1101059812860308,19.210793535178635,0.9015696029781027,-0.013185848836152259,0.11764142232026607,0.35791633559116487,-0.15003998671231,False,False,False,False,0.0002809999859891832,0.00020799999765586108,False,False
2024-12-16,0.00022699999681208283,462664153,-0.02178739314548827,-0.04732064191450977,0.0,-0.08443828878087992,0.4691229147355273,0.6209289780026833,0.6800178528846921,48.610457819993854,-2.9635136094142984e-06,0.11047188543729913,17.639890853353855,0.8877745596375459,-0.037115596690053175,0.08394612459322617,0.32950683503209593,-0.3962238146256031,False,False,False,False,0.0002809999859891832,0.00020799999765586108,False,False
2024-12-17,0.00021899999410379678,357993385,-0.03587830054451646,-0.013605689768998735,-0.02702868213349443,-0.15610573906160705,0.3651912264563043,0.5370414414983383,0.6354814868699405,45.7431507636492,-3.854493776967406e-06,0.11122065764193902,18.398877994326305,0.8837372665706587,-0.06966866704399849,0.03811146612039172,0.2840055949989668,-0.2262348775484233,False,False,True,False,0.00025599999935366213,0.00020799999765586108,False,False
2024-12-18,0.0001900000061141327,500422083,-0.14204759855306667,-0.24603734817183642,-0.21680773091794536,-0.2704288092324855,0.1844291011803264,0.3718268313948535,0.4187103195403801,37.18139973234795,-6.132018112768908e-06,0.13182149979553687,24.719463665447915,1.002405950117079,-0.18733957474193438,-0.10301195984694729,0.11600591027682708,0.3978528765273135,False,False,False,False,0.00025599999935366213,0.00020799999765586108,False,True
2024-12-19,0.00016900000628083944,610705401,-0.11712535225232826,-0.34656480350275304,-0.31251895049557404,-0.3835299805504696,0.06730374892799816,0.23205893939028296,0.2778684906929434,32.44555092544175,-8.634693217923652e-06,0.14860486504965484,35.05257766396426,1.0706283993160166,-0.26744686967675546,-0.2039566338174579,-0.005150808979098263,0.22038059819194666,False,True,False,False,0.00025599999935366213,0.00020799999765586108,False,False
2024-12-20,0.00017699999443721026,631339059,0.04625094905783472,-0.32101850484933847,-0.291910440822575,-0.40358016135545727,0.15886986309100615,0.2634947978719604,0.24167579589432236,35.800298434804446,-9.276902402223798e-06,0.14547413597074393,40.97939441637205,1.0541446531403547,-0.22385443635813632,-0.16924812334249817,0.04477168237716661,0.03378659819646823,False,True,False,False,0.00025599999935366213,0.00020799999765586108,False,False
2024-12-21,0.00016700000560376793,384042141,-0.05815585517338684,-0.3913944462463434,-0.4349656826657152,-0.4426877877656041,0.11404754331454825,0.2504593927943412,0.12078152864363585,33.55701543749768,-9.846914467067844e-06,0.1538648269738463,47.51186050500172,1.0655220226769477,-0.2556273378696262,-0.2185306232383875,-0.010516926512438558,-0.3917022311144541,False,False,False,False,0.00025599999935366213,0.00020799999765586108,False,False
2024-12-22,0.00016700000560376793,298590913,0.0,-0.3287435506109517,-0.4388341890605364,-0.39945906760036576,0.16216675727006383,0.22015403327473096,0.08104128299469107,33.55701543749768,-9.681174766338548e-06,0.14800706949019185,53.15517774943832,1.0616451332673809,-0.24553871049098291,-0.22115471680155496,-0.0063368001783199145,-0.22250482141750172,False,False,False,False,0.00025599999935366213,0.00020799999765586108,False,False
2024-12-23,0.00017800000205170363,303194074,0.06378971584625877,-0.24316644161920456,-0.2904870835337145,-0.32760473040008453,0.19135098297818995,0.22595647311632255,0.17114822022480397,38.4752545565922,-8.338909030909737e-06,0.13576378540323536,56.3848307028581,1.0951733195295443,-0.18721459952330116,-0.1741671986649462,0.06360731425587711,0.015416279597229465,False,False,False,True,0.00025599999935366213,0.0001449999981559813,False,False
2024-12-24,0.00018099999579135329,238347596,0.016713446195123712,-0.1905746948795644,-0.2041803846485631,-0.2695631339545793,0.32329973506835574,0.27124330066665664,0.20128469068501825,39.7843826347373,-6.821118780776824e-06,0.1283178459371239,58.58614039016384,1.093601611709994,-0.16300579450538855,-0.16520618087344446,0.08483919714039316,-0.2138777883897559,False,False,False,False,0.00025599999935366213,0.0001449999981559813,False,False
2024-12-25,0.00017800000205170363,218194884,-0.016713446195123674,-0.06524054252162143,-0.3112778906934578,-0.22089383084368688,0.291434478006139,0.17114822022480397,0.19135098297818995,38.89315193950472,-5.6402367126360565e-06,0.12396945848888523,60.92447864826782,1.075030227836675,-0.16666665247355328,-0.18303652384190722,0.07012957065875003,-0.08455177370448497,False,False,False,False,0.00025599999935366213,0.0001449999981559813,False,False
2024-12-26,0.0001720000000204891,333551642,-0.034289084885934296,0.01759572484477252,-0.3289690786579806,-0.21848153662701233,0.24221973723026738,0.023530505467733012,0.10406935006920735,37.10295132615892,-4.911024235529456e-06,0.12452879042321367,63.269825489377006,1.0742342742971194,-0.1823151842678043,-0.21259842414775676,0.03742573744945783,0.5286868137568248,False,False,False,False,0.00025599999935366213,0.0001449999981559813,False,False
2024-12-27,0.00017499999376013875,267670675,0.01729146133458776,-0.011363762878474624,-0.33238226772781304,-0.25574907759585097,0.20895884956497607,0.028987505079151175,0.24480504566754088,38.6241287314307,-3.91758410870919e-06,0.11773321409708662,62.52143105564693,1.0549230343946139,-0.1513094354304649,-0.20120506649970868,0.058393020452600294,-0.19751354424452217,False,False,False,False,0.00025599999935366213,0.0001449999981559813,False,False
2024-12-28,0.00018099999579135329,207870377,0.03371106974647031,0.08050316204138251,-0.31089128420496076,-0.2041803846485631,0.20806442917331366,0.11090069355204282,0.35430986947431214,41.662980842030336,-2.610226495787644e-06,0.1096460388186203,59.839848498835565,1.0644731063195592,-0.1052891924853046,-0.17689860754185338,0.09653770350802841,-0.2234099719739564,False,False,False,False,0.00025599999935366213,0.0001449999981559813,False,False
2024-12-29,0.00017100000695791095,155986847,-0.05683341082143694,0.023669751219945672,-0.3050737993910061,-0.3007541053911806,0.1649298674889928,0.11122567015095508,0.3133498123924455,38.26266030842321,-2.1897781344534907e-06,0.11236303627559839,59.97886129643294,1.0646226537933776,-0.14048752492724062,-0.2242082968516558,0.03746402012194434,-0.2495955929304925,False,False,False,False,0.00025599999935366213,0.0001449999981559813,False,False
2024-12-30,0.0001740000006975606,258651405,0.017391706031301246,-0.022728258595011916,-0.26589470021421646,-0.2790240278894697,0.2245813979721825,0.2390744106238755,0.396881340828346,39.848721356483836,-1.5126484427858644e-06,0.10664327898037418,60.67029580430107,1.068773643814401,-0.11472907286053634,-0.21016794832401534,0.05669086229339615,0.6581616333330977,False,False,False,False,0.00025599999935366213,0.0001449999981559813,False,False
2024-12-31,0.00017699999443721026,274194512,0.017094397922140004,-0.022347306867995607,-0.2129220017475601,-0.30864723878312245,0.2708749614433297,0.27830988844811777,0.37212867571060687,41.4681032141179,-7.066844915714704e-07,0.10340076831134434,58.14375031292373,1.0541259566986416,-0.0840879957214884,-0.1961122955689538,0.07569354660089518,0.060092876742734,False,False,False,False,0.00025599999935366213,0.0001449999981559813,False,False
2025-01-01,0.00017800000205170363,169790285,0.005633860672871875,0.0,-0.06524054252162143,-0.24316644161920456,0.30658628887323197,0.3297533004236501,0.4026600970262308,42.02836065011858,1.175655020616504e-08,0.09908714018119816,55.11273162207122,1.0400292753225733,-0.06414299477015867,-0.18906604861215323,0.08256045130820065,-0.380767019144424,False,False,False,False,0.00025599999935366213,0.0001449999981559813,False,False
2025-01-02,0.00018400000408291817,255004432,0.033152217980248054,0.06744130286618236,0.08503702771095485,-0.20116460522793453,0.41091475436372676,0.30228087652508034,0.41091475436372676,45.404970698788006,9.567392285922904e-07,0.09289116579882706,49.42136791099466,1.0499228895469515,-0.017093995667175073,-0.15774052722240425,0.11983448509371168,0.5018788147979139,False,False,False,False,0.00025599999935366213,0.0001449999981559813,False,False
2025-01-03,0.0002010000025620684,332367142,0.08836914100692667,0.13851898253852116,0.12715521966004667,-0.16052691445239214,0.5411309584105326,0.41295583699331356,0.5241814560134055,53.64363599792429,2.693989735532464e-06,0.08642347912389439,41.06855559023669,1.0854107847352241,0.08707410355421431,-0.07865785252303853,0.22259057051182896,0.30337790364365125,False,False,False,False,0.00025599999935366213,0.0001449999981559813,False,False
2025-01-04,0.0001990000018849969,261465549,-0.010000086608846078,0.09480782618320481,0.17531098822458746,-0.1491128683865387,0.4649910493970873,0.3516623848785336,0.548372683643816,52.63725385204962,3.618073120154654e-06,0.08500522183556529,34.97182734561714,1.0840140110601473,0.0859481652522476,-0.0826956661129681,0.20928537947541095,-0.21332311182553654,True,False,False,False,0.00025599999935366213,0.0001449999981559813,False,False
2025-01-05,0.0001990000018849969,211755888,0.0,0.1516412370046417,0.17531098822458746,-0.17475530777137446,0.3234914992499833,0.373323941597216,0.522620179498707,52.637253852049604,4.10342617851838e-06,0.08252279690568608,28.799628955692107,1.0785760628171963,0.09430850151371523,-0.07861838152628554,0.20825745037634064,-0.19011935297066618,False,False,False,False,0.00025599999935366213,0.0001449999981559813,False,False
2025-01-06,0.00020199999562464654,306903529,0.014962841544200372,0.1492123725175408,0.12648411392252898,-0.24469185289692738,0.3454230631111332,0.4029929360387306,0.4960832776035012,54.13415689114637,4.470448612308237e-06,0.08008716202259021,24.40963599766216,1.0310756187982872,0.11602206982043467,-0.06002793965017247,0.22550504067588836,0.4493270146991144,False,False,False,False,0.00025599999935366213,0.0001449999981559813,False,False
2025-01-07,0.00017699999443721026,291800173,-0.13211797459540087,0.0,-0.022347306867995607,-0.38067833388714956,0.23450725182733317,0.3086152479677281,0.3241194397507782,42.17251791706067,2.946980460786004e-06,0.0949591975378392,24.126074011897966,1.1166666134214829,-0.018575025549665343,-0.1708048593291181,0.07360564501260951,-0.04921206363840802,False,False,False,False,0.00025599999935366213,0.0001449999981559813,False,False
2025-01-08,0.00016700000560376793,315301499,-0.05815585517338684,-0.06378971584625878,-0.06378971584625878,-0.35427679937997325,0.14126011626904722,0.24279657302697324,0.27380670743292956,38.5072479857932,1.2690011342785342e-06,0.1011552995180882,24.389094758838286,1.0989368214758752,-0.07350898553920678,-0.21166915720067347,0.013042194643624085,0.08053910920745078,False,True,False,False,0.00025599999935366213,0.0001449999981559813,False,False
2025-01-09,0.00016199999663513154,248315906,-0.0303975315106602,-0.12733946533716708,-0.05989816247098481,-0.3150810782006059,-0.1053605515884813,0.16761542186196832,0.2754119163240531,36.78572924722048,-1.016656304761895e-07,0.10167908459465623,26.020946372446563,1.081360800583871,-0.09749305685159251,-0.22776243222118406,-0.017377873753552285,-0.2124493325038077,False,True,True,False,0.00020700000459328294,0.0001449999981559813,False,False
2025-01-10,0.00016500000492669642,214112284,0.018349189297755444,-0.19735941704633833,-0.05884043450781711,-0.3871159487526215,-0.10354062978384926,0.16430305444104146,0.2776317189595951,38.56054383804818,-6.970880898463612e-07,0.09572992909069646,26.291018492478756,1.0244692153733987,-0.08026753282413016,-0.20627282469447422,0.0009099490915104934,-0.13774237241169718,False,False,False,False,0.00020700000459328294,0.0001449999981559813,False,False
2025-01-11,0.00016599999798927456,117159279,0.00604227248439307,-0.18131705795309921,-0.08650923176989433,-0.36447577934681696,-0.2445984937584812,0.19200688364411683,0.23679050329846144,39.17358452287471,-9.014369031208649e-07,0.09050805316145268,26.419828788318746,1.0264834498106554,-0.07443547240415488,-0.1950344371547455,0.007342667588679234,-0.4528138376217592,False,False,False,False,0.00020700000459328294,0.0001449999981559813,False,False
2025-01-12,0.0001630000042496249,106133289,-0.01823754936565881,-0.1995546073187581,-0.04791337031411636,-0.40341797911689614,-0.3700816083799963,0.06331229983683878,0.26543644207832917,37.950197089107675,-1.1031712848913856e-06,0.0877810541414528,27.706457467055905,1.0197614189690558,-0.08734600121008225,-0.20308983874093145,-0.010712199672023533,-0.09411111176264575,False,False,False,True,0.00020700000459328294,0.00015900000289548188,False,False
2025-01-13,0.00015500000154133886,252754175,-0.05032510001471224,-0.26484254887767067,-0.11563017636012973,-0.46596316535522625,-0.3318532825066631,0.04621280953475292,0.2476346035221582,34.82672382207417,-1.6092662829413292e-06,0.09539541767280812,30.1764778536531,1.0232776348424046,-0.12577551479400598,-0.23607687703523042,-0.05872349729481437,1.3814787742986088,False,False,False,False,0.00020700000459328294,0.00015900000289548188,False,True
2025-01-14,0.00016199999663513154,142284588,0.04417118759822268,-0.08855338668404715,-0.08855338668404715,-0.35914108212161194,-0.4730853192762644,0.08365001180388798,0.3084728496693118,39.517510682750995,-1.3186656223714381e-06,0.08872212655401253,31.23452621257424,1.0291887269801947,-0.08215299402996756,-0.19682698640836108,-0.01615451958713342,-0.43706335216816894,False,False,False,False,0.00020700000459328294,0.00015900000289548188,False,False
2025-01-15,0.0001720000000204891,218114227,0.059898162470984784,0.029500630960324514,-0.034289084885934296,-0.27745552650513894,-0.3618938152860187,0.19166738823038834,0.34347345149754455,45.54705653800209,-3.4948629806703065e-07,0.08507009391988327,31.23452621257424,1.0584082171380405,-0.025495751081913286,-0.1436821655146287,0.04432301266804553,0.5329434485202291,False,False,False,False,0.00020700000459328294,0.00015900000289548188,False,False
2025-01-16,0.00016900000628083944,220642250,-0.017595724844772523,0.042302437626212254,-0.0850370277109548,-0.25917295080539493,-0.4152786898670019,0.10601827565090957,0.2778684906929434,44.12586357736693,1.6537410855273964e-07,0.08419979644739928,31.501926266566173,1.0545327053325475,-0.04086262431724044,-0.1538153091843217,0.026170419863786598,0.011590362695597989,True,False,False,True,0.00020700000459328294,0.00014600000577047467,False,False
2025-01-17,0.0001849999971454963,291469978,0.09045705756077185,0.11441030588922865,-0.08294911115710965,-0.026668294691556398,-0.297097103924042,0.1577608064887699,0.3451585367032971,52.61755606666252,1.580644094879596e-06,0.0787594447774579,31.68442236213902,0.9944594307992676,0.048752813633214154,-0.07025833034144412,0.12281126052284214,0.32100709632901214,False,False,False,False,0.00020700000459328294,0.00014600000577047467,False,False
2025-01-18,0.00016799999866634607,294749590,-0.09639183818373241,0.011976195221103278,-0.16934086273199586,-0.00593478062296059,-0.38946476117343004,0.06136896830503754,0.22612415876732234,44.82289601699751,1.376497737075353e-06,0.09116346286424364,31.877234772476378,0.9661855428654991,-0.046808520194648456,-0.15031358023149602,0.020098359535419677,0.011251971892624946,False,False,False,False,0.00020700000459328294,0.00014600000577047467,False,False
2025-01-19,0.00014400000509340316,488625520,-0.15415063651798738,-0.12393689193122523,-0.32349149924998327,-0.20633636619878273,-0.60991652755424,-0.047466503107776545,0.05715843167317764,36.583448773446534,-2.818263729108619e-07,0.11314533521250668,35.95873168243448,1.0898726590151118,-0.1759656388603869,-0.26530609535732563,-0.125151851771716,0.65776488442274,False,False,False,False,0.00020700000459328294,0.00014600000577047467,False,True
2025-01-20,0.00014099999680183828,507504489,-0.02105346725068533,-0.09466525916719824,-0.3595078080448689,-0.16923397827608114,-0.6119217660416854,-0.05518643496153294,0.08122541451825999,35.70003767353815,-1.42385649558967e-06,0.11692405238148688,40.07551551321085,1.0754903452787903,-0.1847354944992983,-0.27319589131383326,-0.14335188227320647,0.038636886996815,False,True,False,False,0.00020700000459328294,0.00014600000577047467,False,False
2025-01-21,0.00014600000577047467,342504438,0.03484679353596477,-0.10398965322945616,-0.19254303991350322,-0.1343871847401164,-0.5338462523404821,0.027779572529947363,0.08576684853461443,38.37116845820405,-1.6686287741376674e-06,0.11463883594102114,42.58142731705147,1.0846205470512373,-0.1479427778781404,-0.2410853210817392,-0.11316281438450561,-0.3251203774081297,False,False,True,False,0.00019099999917671084,0.00014600000577047467,False,False
2025-01-22,0.00014200000441633165,182761090,-0.027779572529947453,-0.1916673882303884,-0.16216675727006377,-0.22595647311632258,-0.5535612035164071,-0.03460549013813271,0.0,37.04532608582161,-1.908742342078517e-06,0.11297008142693446,45.05222893758609,1.0587994890829329,-0.16100440972466873,-0.255452996802592,-0.1371976882797221,-0.4663978923391352,False,False,False,False,0.00019099999917671084,0.00014600000577047467,False,True
2025-01-23,0.00014099999680183828,251723140,-0.007067221006017402,-0.1811388843916332,-0.1388364467654209,-0.24973714031746364,-0.5193002742720431,0.07356259475089215,0.02150616034919282,36.703876447998965,-1.9375457686361917e-06,0.10969745917928246,44.617631370893406,1.0551886997627187,-0.15187972165061647,-0.2532570861681111,-0.1434039253242132,0.3773344205815363,False,False,False,False,0.00019099999917671084,0.00014600000577047467,False,False
2025-01-24,0.00013699999544769526,195465554,-0.028778975096547393,-0.30037491704895236,-0.18596461115972376,-0.2618026692188874,-0.48269650006257414,0.029631808787251464,-0.09065444899408338,35.30223493999051,-2.0194307023171803e-06,0.11004976460579272,44.092159469344224,1.0572332926844903,-0.16028197856615722,-0.26714456150665666,-0.16757810454968378,-0.22348992627376252,False,False,False,True,0.00019099999917671084,0.00013299999409355223,False,False
2025-01-25,0.00013699999544769526,135817874,0.0,-0.20398307886522016,-0.19200688364411675,-0.22751358433295307,-0.4459951209599654,0.014706152897314213,-0.20398307886522016,35.30223493999051,-1.8704201200230351e-06,0.10531732689963633,42.09885864673824,1.0535574232114993,-0.14401752285170077,-0.25921922923790897,-0.16740104170050427,-0.3051569894509393,False,False,False,False,0.00019099999917671084,0.00013299999409355223,False,False
2025-01-26,0.00013000000035390258,146333404,-0.05244643942171265,-0.10227888176894531,-0.22621577370017046,-0.29725148508925353,-0.5530005626851044,-0.08829263552427742,-0.2682639800101023,32.76293078014493,-2.0269603502777105e-06,0.10800557594028175,38.60129206325272,1.0608894952778223,-0.16906359746420532,-0.28720254179367827,-0.20948616303497514,0.07742375646374788,False,False,False,False,0.00019099999917671084,0.00013299999409355223,False,True
2025-01-27,0.00012799999967683107,335128968,-0.015504191783050045,-0.09672960630131013,-0.19139486546850834,-0.34646674661877375,-0.5506471312673369,-0.1384023174454602,-0.23556605306673103,32.05350791966542,-2.0430999973679086e-06,0.10967043626992917,40.347622131469386,1.049246023532447,-0.1688311734944575,-0.2879394767647758,-0.22129277687450682,1.2901740739933856,False,True,False,False,0.00019099999917671084,0.00013299999409355223,False,False
2025-01-28,0.0001140000022132881,342809452,-0.11583179358555677,-0.24740819342283166,-0.3513978466522877,-0.40546512938289364,-0.7062192347740741,-0.24053526189390087,-0.2942394592319385,27.555562213751756,-2.731548334533398e-06,0.12687443675177765,46.21849864214248,1.1002365827642926,-0.24677897599576493,-0.35694944675080287,-0.3058937998939856,0.022917994961271226,False,False,False,False,0.00019099999917671084,0.00013299999409355223,False,False
2025-01-29,0.0001230000052601099,276020860,0.07598593032823467,-0.14364269056464968,-0.33531007879503794,-0.3468709050859603,-0.6258949329754301,-0.12228950711377785,-0.10779649446208488,33.97027902287026,-2.3312650828468155e-06,0.11790238561917885,49.11653629031312,1.1392449202710955,-0.1767067961619908,-0.2983456641500699,-0.2506624913557971,-0.19482716013326262,False,False,False,False,0.00019099999917671084,0.00013299999409355223,False,False
2025-01-30,0.0001250000059371814,168165444,0.01612938666221356,-0.12044608289641864,-0.30158496728805195,-0.34783591634588673,-0.6564831551290091,-0.07696095490255704,-0.06952602789776895,35.3404578016864,-1.7109798462591135e-06,0.11172909055669195,50.778907553206366,1.1389443349646307,-0.15196739980059293,-0.2772059344722917,-0.23785131402492513,-0.3907509599093344,False,False,False,False,0.00019099999917671084,0.00013299999409355223,False,False
2025-01-31,0.00013499999477062374,309134402,0.07696095490255705,-0.014706152897314336,-0.3150810699462667,-0.27650882211620176,-0.5196752637354063,0.03007746675703039,0.0532444783074485,41.839104342350396,-4.7087778088293644e-07,0.10823269270500967,50.43056039143319,1.1789936065574835,-0.07439153794509529,-0.2098794650622965,-0.17564806361160948,0.8382754188191006,False,False,False,False,0.00019099999917671084,0.00013299999409355223,False,False
2025-02-01,0.00011999999696854502,199168137,-0.11778302218238743,-0.13248917507970173,-0.33647225394492175,-0.42744406227883713,-0.6286086675067717,-0.016529307915110363,-0.12516318575375687,35.99510568077082,-5.0166225134845e-07,0.12377879310138841,52.24010682351508,1.2272825885082395,-0.16492695372746402,-0.2873263048447115,-0.26569577128787414,-0.35572315565189017,False,False,False,True,0.00019099999917671084,0.00011300000187475234,False,False
2025-02-02,9.999999747378752e-05,284120425,-0.1823215567939546,-0.26236429245194376,-0.3646431742208891,-0.6981347600797184,-0.8586616745321105,-0.15700380166918582,-0.2851789230864049,29.98185048068767,-1.645345045869591e-06,0.15649636581785392,59.10352755045815,1.3032607012735935,-0.2905285744458096,-0.39555127405403917,-0.3865783488953724,0.4265355356514682,False,False,False,False,0.00019099999917671084,0.00011300000187475234,False,True
2025-02-03,0.00010599999950500205,499949907,0.058268928716308906,-0.1885911719525847,-0.2853207782538949,-0.6298657447545634,-0.7789786131411021,-0.16487469535747615,-0.27820335987602973,33.567382796062205,-1.7636077767285472e-06,0.15798199106281105,62.42449130260167,1.3334164451885089,-0.2327180647878283,-0.3493739300636688,-0.34841406685682724,0.7596408529939374,False,True,True,False,0.0001449999981559813,0.00011300000187475234,False,False
2025-02-04,9.7999996796716e-05,283299036,-0.07847164345827516,-0.15123102182530318,-0.3986392152481348,-0.7083373882128385,-0.8830926959842129,-0.3848458889628553,-0.3350134466156226,31.268220651644924,-2.1223855266471963e-06,0.1681480957242831,64.80272602141228,1.3458998505276367,-0.27110452386357975,-0.38879882364038254,-0.3958635336100553,-0.433345157117911,False,False,False,False,0.0001449999981559813,0.00011300000187475234,False,False
2025-02-05,9.40000027185306e-05,172196185,-0.04167263479345822,-0.268889586946996,-0.4125322775116457,-0.7649728645504972,-1.0096647174474245,-0.419549801439364,-0.3619799285117666,30.156027670792994,-2.352997156506194e-06,0.1688606808177696,67.22604435379452,1.3399547448426254,-0.2807956938266344,-0.40446019740687084,-0.41862261316169797,-0.39217518198685297,False,False,False,False,0.0001449999981559813,0.00011300000187475234,False,False
2025-02-06,8.70000003487803e-05,190268020,-0.07738668852698898,-0.3624056621361986,-0.4828517450326173,-0.7102415784820852,-1.0909199123692348,-0.4757343266547523,-0.4016263305143572,28.261521423420263,-2.677278266716525e-06,0.17680440074753842,64.11234686436819,1.298088334373325,-0.3084260704883496,-0.44152009145463006,-0.4599292295800175,0.10494910209538033,False,False,False,True,0.0001449999981559813,7.79999973019585e-05,False,False
2025-02-07,8.70000003487803e-05,160873143,0.0,-0.4393666170387555,-0.4540727699360698,-0.6520857233086983,-1.0063625226886717,-0.5108256070396513,-0.40928915028172513,28.261521423420263,-2.59044438420219e-06,0.1732067166874061,63.73949536456174,1.2944900590944368,-0.28542094232513643,-0.4355780445174486,-0.45814648476702835,-0.1544919477272113,False,False,False,False,0.0001449999981559813,7.79999973019585e-05,False,False
2025-02-08,9.200000204145908e-05,114656843,0.05588047657525997,-0.2657031182811081,-0.39819229336080997,-0.5658077152227782,-0.880888793423384,-0.6711682668112594,-0.39819229336080997,31.810324208237148,-1.92549099062081e-06,0.15830496548343398,66.22346500426112,1.32191564624105,-0.22786401950291285,-0.3964838506302762,-0.4253411906188847,-0.28728412423694616,False,False,False,False,0.0001449999981559813,7.79999973019585e-05,False,False
2025-02-09,9.40000027185306e-05,171100740,0.021506211951728908,-0.06187534953542449,-0.3242396419873682,-0.5626506925688045,-0.9497666413214261,-0.6661913223526539,-0.3983476381277632,33.23309718745311,-1.1201059160258916e-06,0.15298839960733882,67.74938541442333,1.3230794642354864,-0.19520545790510307,-0.3774009636004901,-0.4112857597313668,0.4922854626304336,False,False,False,False,0.0001449999981559813,7.79999973019585e-05,False,False
2025-02-10,9.500000305706635e-05,154509278,0.010582112589644452,-0.10956216566208908,-0.29815333761467366,-0.5581108524635532,-0.9225866318103702,-0.8027093462220344,-0.3661039688194365,33.974886931261295,-3.3018533829696107e-07,0.14582843502211074,66.97872700417577,1.3242446258229865,-0.16849012725312323,-0.36471845069976316,-0.4035285800537879,-0.09696896693725576,False,False,False,True,0.0001449999981559813,8.399999933317304e-05,False,False
2025-02-11,9.200000204145908e-05,143601934,-0.0320883245413734,-0.06317884674518735,-0.21440986857049038,-0.5719616276392678,-0.9753796067561639,-0.942043236019264,-0.508649327802429,32.797638536272146,1.541152679137634e-07,0.14681530638402204,66.57982246987964,1.3250774585896907,-0.1767337624659495,-0.37762141881730404,-0.42074609147685554,-0.0705934565301638,False,False,False,False,0.0001449999981559813,8.399999933317304e-05,False,False
2025-02-12,0.00010099999781232327,196110154,0.09333189594228097,0.07182568399055177,-0.19706390295644413,-0.42830463168227473,-0.8942677970375009,-0.7601579141889377,-0.3820918221475217,39.56338621365074,1.186931859635451e-06,0.13337419486671784,63.64971383941509,1.3761819110984372,-0.07972667180730476,-0.3092600355998842,-0.3625347273193144,0.3656512035555175,False,False,False,False,0.0001449999981559813,8.399999933317304e-05,False,False
2025-02-13,9.699999645818025e-05,158639423,-0.040409553191317095,0.10880281932622365,-0.2536028428099748,-0.5128853724718144,-0.8720264545934263,-0.9859706917480787,-0.4292353606679265,37.744572220273376,1.677070988214294e-06,0.13484559365653673,61.223361135442254,1.3625248814345328,-0.09976801512332267,-0.3291839811772687,-0.38630901911073995,-0.19106981579342397,False,False,False,False,0.0001449999981559813,8.399999933317304e-05,False,False
2025-02-14,9.999999747378752e-05,159345281,0.030459218736189803,0.13926203806241347,-0.3001045789763421,-0.5423243162066096,-0.8197798427117484,-0.9042181314926283,-0.3506569279762211,39.97343964085419,2.244277907204984e-06,0.1278859197756506,57.132410173523894,1.3453481744403564,-0.05571296235962309,-0.3014808789653601,-0.3658846070867994,0.004449448861144623,False,False,False,False,0.0001449999981559813,8.399999933317304e-05,False,False
2025-02-15,9.699999645818025e-05,97839305,-0.030459218736189713,0.05292234275096385,-0.21278077553014435,-0.5551878100980268,-0.8143607609034216,-0.9704664999650288,-0.44916953444711727,38.4894416634,2.4420342243615155e-06,0.12684218891992785,54.39618593988841,1.3460382344128732,-0.06954439851801064,-0.3149717774237049,-0.38353990165039303,-0.3859918261401164,False,False,False,False,0.0001449999981559813,8.399999933317304e-05,False,False
2025-02-16,9.40000027185306e-05,80557262,-0.031416130799234776,0.0,-0.06187534953542449,-0.6770609984580334,-0.7037292931495897,-0.9741581023820752,-0.5193001919692634,37.00978163576541,2.392293923178348e-06,0.12458053474503973,51.620985688754885,1.2877301932173413,-0.08337393880548581,-0.32789931011935847,-0.40133106558148585,-0.1766370171987628,False,False,False,False,0.0001449999981559813,8.399999933317304e-05,False,False
2025-02-17,9.600000339560211e-05,123812578,0.021053415648149068,0.010471303058504846,-0.09909086260358425,-0.5596157446261517,-0.5655505252491123,-0.9490805057995818,-0.4982467763211141,38.70163871388413,2.503670446220388e-06,0.11848021378173801,51.29610993649738,1.2679981513707967,-0.05558285103391593,-0.3061578259199736,-0.3873839163371563,0.5369511689709614,False,False,True,False,0.0001049999991664663,8.399999933317304e-05,False,False
2025-02-18,9.300000237999484e-05,158771411,-0.03174870809409289,0.010810919505785315,-0.05236792723940209,-0.43721381620225724,-0.6435501824010401,-1.0471303437564974,-0.48468031931003386,37.092290033789865,2.3853985334578456e-06,0.11894263474366432,48.69210986130575,1.17158737064902,-0.07139288752948955,-0.31987712321943373,-0.4056178547384008,0.2823528397898314,False,False,False,False,0.0001049999991664663,8.399999933317304e-05,False,False
2025-02-19,9.600000339560211e-05,294987952,0.03174870809409293,-0.05077226834240274,0.021053415648149068,-0.38441164085747903,-0.5536456191335603,-0.9963334068991644,-0.439598075819012,39.7886854850151,2.506856746023683e-06,0.11964407877725143,43.74459203534006,1.1823391945448802,-0.027355588145915436,-0.2895204037155317,-0.38575722475787105,0.8579412385520715,False,False,False,False,0.0001049999991664663,8.399999933317304e-05,False,False
2025-02-20,9.699999645818025e-05,295895718,0.01036271515108555,0.0,0.10880281932622365,-0.40889571924235824,-0.5432829039824747,-0.9427419715828405,-0.38111614671241095,40.70108847617366,2.638856647809913e-06,0.11289824394089568,28.377324817579265,1.1729642941924967,0.0020660788189004716,-0.2734082682698039,-0.3788621239825618,0.0030772985603153558,False,False,False,False,0.0001049999991664663,8.399999933317304e-05,False,False
2025-02-21,9.300000237999484e-05,182248418,-0.04211142324517855,-0.07257064198136828,0.06669139608104518,-0.42322756995758937,-0.6491840430739121,-0.9767887734739965,-0.457833060095722,38.20707159631398,2.4454422366738433e-06,0.11471940989444832,18.337493631027424,1.1762011080902293,-0.0256678670649999,-0.293742389584846,-0.40415170215543816,-0.38407889363238434,False,False,False,True,0.0001049999991664663,8.900000102585182e-05,False,False
2025-02-22,9.7999996796716e-05,129863329,0.052367927239402035,0.010256503994223553,0.06317884674518723,-0.36379242171216997,-0.6135295620296336,-0.8830926959842129,-0.29022982696127786,42.9158049761334,2.6269881241661677e-06,0.10619225216318273,18.00828611878207,1.1987332975344245,0.02779230754248008,-0.2439438618545937,-0.3716539175901963,-0.2874378256605772,False,False,True,False,0.00010800000018207356,8.900000102585182e-05,False,False
2025-02-23,9.40000027185306e-05,96386572,-0.04167263479345822,0.0,0.0,-0.3766860814090809,-0.6384887506279682,-0.859382581471655,-0.34705427262182936,40.27192220507241,2.4536892497871157e-06,0.10660251914380986,14.918266297669797,1.201827364746139,-0.007915543049560343,-0.2628607078090124,-0.39683658333876115,-0.25778452822505415,False,False,False,False,0.00010800000018207356,8.900000102585182e-05,False,False
2025-02-24,8.199999865610152e-05,143050829,-0.1365755803152945,-0.15762899596344374,-0.14715769290493896,-0.5132616617243755,-0.7407752460573285,-0.9592567826843409,-0.49855550882706107,33.58691634424453,1.5509307646672528e-06,0.12392708062302202,18.77565203285608,1.2759957151217312,-0.12719533578205383,-0.34494329333818446,-0.4729907862104749,0.48413649361863387,False,False,False,False,0.00010800000018207356,8.900000102585182e-05,False,True
2025-02-25,8.299999899463728e-05,189052247,0.012121364808546796,-0.11375892306080397,-0.10294800355501865,-0.4486938574941159,-0.7459453425833694,-1.0016944201792204,-0.5369864930183934,34.56175891839999,1.0643802445989932e-06,0.11971279675883678,21.47314769410081,1.2733626943515441,-0.1113490503313432,-0.3241042440618018,-0.4657741515726946,0.3215739350940776,False,True,False,False,0.00010800000018207356,8.900000102585182e-05,False,False
2025-02-26,8.299999899463728e-05,123628353,0.0,-0.1455076311548969,-0.1962798994972996,-0.4331896657110658,-0.7796564123298396,-0.9838367969784028,-0.5715919831565262,34.56175891839999,7.979629726838145e-07,0.11546481020312196,22.89609938987678,1.2744266975265337,-0.10944207340434133,-0.31359577601658933,-0.4650166040722295,-0.34606250408650263,False,False,False,False,0.00010800000018207356,8.900000102585182e-05,False,False
2025-02-27,8.299999899463728e-05,103213666,0.0,-0.1558703463059825,-0.1558703463059825,-0.3173578721255092,-0.7228230015084027,-1.0235771068995834,-0.55789313401941,34.56175891839999,6.816682706226743e-07,0.11152025125852962,24.216237120660274,1.2213795049760952,-0.10752689442328123,-0.30392486705103494,-0.46442975336334247,-0.16512949096717322,False,False,False,False,0.00010800000018207356,8.900000102585182e-05,False,False
2025-02-28,8.199999865610152e-05,160831796,-0.012121364808546859,-0.1258802878693508,-0.19845092985071905,-0.4054651672622906,-0.7523360723482508,-1.0313601002377206,-0.5277546743760684,33.93954333085061,6.00192502140216e-07,0.1126570971610414,26.46331027687021,1.180774028431852,-0.11351352830990936,-0.3029581903610345,-0.4701644516955782,0.5582412894819568,False,False,False,False,0.00010800000018207356,8.900000102585182e-05,False,False
2025-03-01,7.999999797903001e-05,77754323,-0.024692621463490678,-0.20294083657224354,-0.19268433257802,-0.4462871753879948,-0.7941230917338816,-1.102770330517004,-0.5232481302905518,32.67263865525966,4.796260155451373e-07,0.11168970398058424,29.119014911861584,1.1764520950778878,-0.1285403250414391,-0.3099879428458506,-0.48236817874065785,-0.5165488110323657,False,False,False,False,0.00010800000018207356,8.900000102585182e-05,False,False
2025-03-02,8.800000068731606e-05,152623784,0.09531021287685981,-0.06595798890192554,-0.06595798890192554,-0.4279379174136921,-0.7044467395298938,-0.9476131811490983,-0.39786045065666176,41.999108458637544,9.77962208118549e-07,0.10321208761052787,29.25908042083249,1.1960581684800953,-0.03772552211609671,-0.23063472141217095,-0.43003335164991674,0.9628977285288691,False,False,False,False,0.00010800000018207356,8.900000102585182e-05,False,False
2025-03-03,7.400000322377309e-05,155440995,-0.17327168551994615,-0.1026540941065771,-0.26028309007002076,-0.4834265807512507,-0.910870643030088,-1.1120352482580225,-0.49995588866636115,33.30448270758748,4.318734145331568e-07,0.12845040651873005,33.97345475914943,1.2698854461928752,-0.18277191117478772,-0.34280636649495494,-0.5200570534741681,0.018458531993938765,False,False,False,False,0.00010800000018207356,8.900000102585182e-05,False,False
2025-03-04,7.300000288523734e-05,181406647,-0.013605656096480583,-0.1283811150116046,-0.2421400380724085,-0.3147106800537767,-1.0128454401334952,-1.1733723545858872,-0.4717144817229625,32.782436525417424,8.843126971007842e-08,0.128737078241116,36.76112994737465,1.1193987544558837,-0.1811553236418992,-0.34210523813669574,-0.5259278314814959,0.1670450707035167,False,True,False,False,0.00010800000018207356,8.900000102585182e-05,False,False
2025-03-05,7.500000356230885e-05,100851961,0.027028680361571057,-0.10135243465003337,-0.24686006580493033,-0.34595092840851455,-0.975816673163078,-1.1249295415496166,-0.5108256237659907,34.97768330924045,8.12594266712867e-08,0.12016331444272578,38.77376061565649,1.1003889697636244,-0.1482112064472273,-0.31331254940924463,-0.5123061186495951,-0.4440558674787699,False,False,True,False,9.000000136438757e-05,8.900000102585182e-05,False,False
2025-03-06,7.300000288523734e-05,92527232,-0.027028680361571168,-0.1283811150116046,-0.284251461317587,-0.29450796531181056,-1.002845353524649,-1.1776006612960235,-0.6793538542746657,33.789279069020836,2.977530565619368e-08,0.11952957606159194,40.01093094332154,1.0753464734282938,-0.15801612029099782,-0.31928382469913524,-0.5246621984952933,-0.08254404691248396,False,False,False,False,9.000000136438757e-05,8.900000102585182e-05,False,False
2025-03-07,7.100000220816582e-05,129578469,-0.027779572529947453,-0.14403932273300515,-0.2699196106023559,-0.28061490304829967,-1.045587767598797,-1.2902796204957243,-0.7001647044876637,32.596582672574584,-4.685187397040641e-08,0.11914846094070548,42.034695777233004,1.0712505665628849,-0.16861824986937463,-0.3256078835542367,-0.5370068327936716,0.40043602514770993,False,False,False,True,9.000000136438757e-05,6.70000008540228e-05,False,False
2025-03-08,6.900000153109431e-05,63760099,-0.0285733813552103,-0.14792008262472467,-0.3508609191969682,-0.23180159587652088,-0.9420431743586062,-1.3227215082457557,-0.7075359225312732,31.4028562260784,-1.3511452735832337e-07,0.11695034304068802,44.77493501161856,1.0454532395652758,-0.18003564060575902,-0.3298368173587727,-0.5492258344260773,-0.5079421798076654,False,True,False,False,9.000000136438757e-05,6.70000008540228e-05,False,False
2025-03-09,5.900000178371556e-05,100018236,-0.1565690526488456,-0.39979934815043006,-0.46575733705235556,-0.38837064852536657,-1.040456371834065,-1.3947331712140383,-0.8991962555650179,26.230446136000822,-7.362764940173054e-07,0.13910951126977816,50.954051841857776,1.1665212511399865,-0.2831105560155693,-0.41456636701718064,-0.6136847158362468,0.5686650047390924,False,False,False,False,9.000000136438757e-05,6.70000008540228e-05,False,True
2025-03-10,5.700000110664405e-05,149790554,-0.03448618688882834,-0.26101384951931217,-0.3636679436258893,-0.4787373119894549,-1.044545027212233,-1.359626105412839,-1.1499055788007144,25.33176807495076,-1.115180535784605e-06,0.14373057044250673,57.293881753974375,1.1417374229088668,-0.29192545820353977,-0.4244749504736792,-0.6257755238300698,0.49763243174974603,False,True,False,False,9.000000136438757e-05,6.70000008540228e-05,False,False
2025-03-11,6.0999998822808266e-05,149949124,0.06782255762572806,-0.17958563579710357,-0.30796675080870806,-0.43242096631545585,-0.9950716588842604,-1.3821876076368818,-1.0986122886681098,30.463077594215008,-9.494672377177093e-07,0.1364219634208022,59.42802404511577,1.1718974046506423,-0.2253968449313691,-0.3739737420129191,-0.5983671397292575,0.0010586114795996249,False,False,False,False,9.000000136438757e-05,6.70000008540228e-05,False,False
2025-03-12,6.199999916134402e-05,125907786,0.01626052664329621,-0.1903537895153785,-0.2917062241654119,-0.4267425522618041,-0.9848534047253572,-1.349329184072174,-1.2294518984838383,31.72627444217936,-6.403741031540054e-07,0.12924264301680816,59.50263023039171,1.1735879887641656,-0.19480521198573214,-0.3525480472638972,-0.5905428665589461,-0.16032996631577523,False,False,False,False,9.000000136438757e-05,6.70000008540228e-05,False,False
2025-03-13,5.999999848427251e-05,131860354,-0.03278983455840661,-0.1961149437122139,-0.3244960587238185,-0.42744406227883713,-0.9994056899181049,-1.4028236690350009,-1.3694872982981012,30.53167878546286,-4.4760995182034543e-07,0.12877329679908722,60.556568680926674,1.1737249261505873,-0.20371601645001786,-0.36251595415272236,-0.6025700570563444,0.047277203333557116,False,False,False,False,9.000000136438757e-05,6.70000008540228e-05,False,False
2025-03-14,6.199999916134402e-05,86239283,0.032789834558406554,-0.13554553662385993,-0.27958485935686506,-0.48798612366271155,-0.9162907553449862,-1.3822539207002125,-1.2481440378516493,33.23881779263441,-8.157263353765875e-08,0.11917416057688142,57.077459414457756,1.1217282710615455,-0.15703604732947574,-0.3300194614646911,-0.5881493345399933,-0.3459801950781961,False,False,False,True,9.000000136438757e-05,5.2999999752501026e-05,False,False
2025-03-15,6.299999949987978e-05,57750004,0.016000346934734185,-0.09097180833391537,-0.23889189095864008,-0.43157622353666003,-0.9444615960084745,-1.3036026781300865,-1.4175469152847389,34.61091134995834,3.102489029672851e-07,0.11230654640318474,53.40273130072221,1.1237022158981556,-0.12500001136868366,-0.3081484810626712,-0.5803357346402307,-0.33035152901259623,False,False,False,False,9.000000136438757e-05,5.2999999752501026e-05,False,False
2025-03-16,5.900000178371556e-05,67688995,-0.06559724431493025,0.0,-0.39979934815043006,-0.5276326865877801,-1.0699570027943897,-1.3474125292995285,-1.4318508180804084,31.79593002039846,3.778962405820761e-07,0.11619740386019468,54.890755931737736,1.1254032082759584,-0.16725474452445496,-0.3407821058829069,-0.6057203835992847,0.1721037283391358,False,False,False,False,9.000000136438757e-05,5.2999999752501026e-05,False,False
2025-03-17,6.199999916134402e-05,100104876,0.04959689738019605,0.08408308426902424,-0.1769307652502879,-0.4475765704713944,-1.002764380569421,-1.261937331374816,-1.418043070436423,36.000166561565024,6.846733170587977e-07,0.10728503505876424,54.35372189456812,1.1482898942155102,-0.11174786974517195,-0.29657364533204095,-0.5846313659002865,0.478894405213137,False,False,False,False,9.000000136438757e-05,5.2999999752501026e-05,False,False
2025-03-18,6.199999916134402e-05,69727684,0.0,0.01626052664329621,-0.16332510915380727,-0.41616043967215954,-1.093221438130193,-1.1198897328217494,-1.3903185420542348,36.000166561565024,9.322371867831948e-07,0.10307803649259509,53.06599710984923,1.1478378678143424,-0.09818183742401998,-0.285878842388511,-0.5837249954047099,-0.30345366992912515,False,False,True,False,6.399999983841553e-05,5.2999999752501026e-05,False,False
2025-03-19,6.399999983841553e-05,100504645,0.03174870931653243,0.03174870931653243,-0.15860508019884606,-0.4054651460037763,-0.9650808906299281,-0.9710156712528887,-1.3545456518033583,38.911647162206854,1.255220272258396e-06,0.09718850207948844,50.49678944469203,1.1525304133732168,-0.05604720808671171,-0.2542530924619237,-0.5694150107618154,0.44138797152648857,False,False,False,False,6.399999983841553e-05,5.2999999752501026e-05,False,False
2025-03-20,6.299999949987978e-05,78611618,-0.015748362381798123,0.048790181493140926,-0.14732476221907304,-0.38946480029148156,-0.8266786164937389,-1.0330149826925217,-1.436595144047979,37.98126961151158,1.4142293968362386e-06,0.09508031202642844,47.65378515027186,1.1506943193395167,-0.05759163927718069,-0.2554951624611057,-0.5753715529654085,-0.2178309967663684,False,False,False,False,6.399999983841553e-05,5.2999999752501026e-05,False,False
2025-03-21,6.199999916134402e-05,75105936,-0.016000346934734275,0.0,-0.13554553662385993,-0.4372138553203088,-0.8216254961777878,-0.990859474453869,-1.4335472622194732,37.02783136802342,1.4589039835020426e-06,0.0943211721118197,45.041013338506936,1.139329807734987,-0.05989388140045229,-0.2562380144560377,-0.5812649903626,-0.044594960505710546,False,False,False,False,6.399999983841553e-05,5.2999999752501026e-05,False,False
2025-03-22,6.199999916134402e-05,61013117,0.0,-0.016000346934734275,-0.1069721552686497,-0.4475765704713944,-0.8564722897137526,-0.990859474453869,-1.3903185420542348,37.02783136802342,1.490066529316291e-06,0.08988809380904565,33.8475138635561,1.1370462332491844,-0.04098996779662886,-0.24297925460756747,-0.580457442165855,-0.18763921669253947,False,False,False,False,6.399999983841553e-05,5.2999999752501026e-05,False,False
2025-03-23,6.299999949987978e-05,74483760,0.016000346934734185,0.06559724431493036,0.06559724431493036,-0.38946480029148156,-0.812692370249071,-1.0386488433653935,-1.3662535737654782,38.80929879813504,1.571547919943709e-06,0.08441020850132473,31.44368251732667,1.1376218950332382,-0.017160700638277092,-0.21991085508645625,-0.5728379188937993,0.22078273758739453,False,False,False,False,6.399999983841553e-05,5.2999999752501026e-05,False,False
2025-03-24,6.800000119255856e-05,105642548,0.07637300426061588,0.09237335119535026,0.1764564354643746,-0.36545972327026766,-0.7292521449824376,-0.9789892852999014,-1.2485524192544806,46.89825877590411,1.931985664611584e-06,0.07997054752979318,29.468996698492074,1.1578788190718414,0.06499609769085811,-0.15127307839505844,-0.5381375995605822,0.41832995541578466,False,False,False,False,6.399999983841553e-05,5.2999999752501026e-05,True,False
2025-03-25,6.800000119255856e-05,78458362,0.0,0.09237335119535026,0.10863387783864656,-0.3237870884768094,-0.7004731698858903,-0.9622758391047775,-1.1831696699484644,46.89825877590411,2.1248812922974586e-06,0.07740962707912978,25.70357057786624,1.1536361588132642,0.07086615688958872,-0.14314514959890018,-0.5373992229675971,-0.2573223243346989,True,False,False,False,6.399999983841553e-05,5.2999999752501026e-05,False,False
2025-03-26,7.000000186963007e-05,160643642,0.02898754604462726,0.08961218792344498,0.12136089723997749,-0.15822396211688755,-0.6714856238412629,-0.8989992081742161,-1.1174807448012285,49.966553242353726,2.325445195901023e-06,0.07901031147024062,23.81648861189686,1.06778455324035,0.10497240234165359,-0.11167510780390687,-0.5230145350969425,1.0475018583742548,False,False,False,False,6.399999983841553e-05,5.2999999752501026e-05,False,False
2025-03-27,7.000000186963007e-05,99553446,0.0,0.10536055030524329,0.15415073179838404,-0.17034532692543433,-0.6190391844195502,-0.9162906695088038,-1.1720397471046546,49.96655324235371,2.3873660042124496e-06,0.07744835171961834,23.226513038286896,1.0661349286534312,0.10584520864010995,-0.10623082842195905,-0.5221516696702357,-0.38028393305475483,False,False,False,False,6.399999983841553e-05,5.2999999752501026e-05,False,False
2025-03-28,6.199999916134402e-05,87696207,-0.12136089723997746,0.0,0.0,-0.2917062241654119,-0.7248958898764777,-1.0713626364952515,-1.2755430211438146,39.40421035888152,1.8431592418509897e-06,0.09041244898281668,21.871454727021877,1.1395145937015667,-0.015091356106011512,-0.20328965732699714,-0.5758073399132412,-0.1191042548140423,False,False,False,False,6.399999983841553e-05,5.2999999752501026e-05,False,False
2025-03-29,5.8000001445179805e-05,74845660,-0.06669133605506994,-0.06669133605506994,-0.08269168298980427,-0.3583975602204818,-0.675755432345991,-1.0812205617288846,-1.381974667120065,35.377400856369675,1.1986417196874554e-06,0.09713353364828306,22.293863605885633,1.1559774675941272,-0.07790140803863248,-0.24909371891356782,-0.6022356994129852,-0.1465348096525999,False,True,True,False,7.599999662488699e-05,5.2999999752501026e-05,False,False
2025-03-30,5.8000001445179805e-05,63306168,0.0,-0.08269168298980427,-0.017094438674873938,-0.34627619541193494,-0.7517413626742254,-1.0986122677601857,-1.3776362956496555,35.377400856369675,7.775765927309807e-07,0.09389000206118629,21.778954993223973,1.1567273636882238,-0.07863381383982783,-0.24242422730487584,-0.6013471613320499,-0.15417716939098403,False,True,False,False,7.599999662488699e-05,5.2999999752501026e-05,False,False
2025-03-31,5.900000178371556e-05,78626027,0.01709443867487398,-0.14197024857554622,-0.04959689738019603,-0.3044891352735703,-0.7507763106615652,-1.0986122270074519,-1.4072594657905744,37.23705232923037,5.806854589100342e-07,0.0881271934557328,22.345611774819552,1.159927065733544,-0.06125693527694208,-0.22225149613819972,-0.5935519299682723,0.24199630911161774,False,False,False,False,7.599999662488699e-05,5.2999999752501026e-05,False,False
2025-04-01,5.999999848427251e-05,71240232,0.016807062821789395,-0.12516318575375687,-0.03278983455840661,-0.3829922853286407,-0.8109302027423327,-1.0874390248585344,-1.330605466477739,39.12364811106474,5.332998678077875e-07,0.08403995069647477,22.705670385984224,1.1009133448123123,-0.04382472752683814,-0.20170305655795248,-0.5856496768960292,-0.09393575234317764,False,False,False,False,7.599999662488699e-05,5.2999999752501026e-05,False,False
2025-04-02,5.500000042957254e-05,118264372,-0.08701134391709485,-0.24116207571547893,-0.15154988779203393,-0.29673194372578937,-0.7801585244770401,-1.2076025867558775,-1.4087671919838118,33.67337650839286,1.9798433899157424e-07,0.092923581456728,24.992800322339384,0.9767406940954546,-0.11999999650754035,-0.2609513537463181,-0.6192585892591268,0.6600784231022718,False,False,False,False,7.599999662488699e-05,5.2999999752501026e-05,False,False
2025-04-03,5.500000042957254e-05,97164724,0.0,-0.24116207571547893,-0.13580152541023577,-0.28312628762930886,-0.5978369676830855,-1.295971727762804,-1.456498642215196,33.67337650839286,1.8414646036415306e-08,0.09148098969410635,27.250767693823434,0.9772422434351439,-0.11504424519754605,-0.2517006773764063,-0.6183868136496097,-0.1784108573290356,False,True,False,False,7.599999662488699e-05,5.2999999752501026e-05,False,False
2025-04-04,5.700000110664405e-05,93185807,0.03571809420647719,-0.08408308426902432,-0.08408308426902432,-0.27443687378440274,-0.6203878021929173,-1.2502535469474807,-1.3993664153340195,37.69961246562192,7.34701658715176e-08,0.08572544840804244,28.284558560276846,0.9817827881165835,-0.07841550924999036,-0.21595597239806752,-0.6036574686020051,-0.04095022181095276,False,False,False,False,7.599999662488699e-05,5.2999999752501026e-05,False,False
2025-04-05,5.6000000768108293e-05,47022558,-0.017699582797989128,-0.03509133101194358,-0.1017826670670135,-0.26510777622082077,-0.5596157415326314,-1.2679531297454698,-1.4427084375168444,36.50635411085916,8.107761267696954e-08,0.08357469168620844,29.28844693254093,0.9801822702487372,-0.09238248839865808,-0.2202728986577134,-0.6097152956220858,-0.4953892710292245,False,False,False,False,7.599999662488699e-05,5.2999999752501026e-05,False,False
2025-04-06,4.8999998398358e-05,84575865,-0.13353143902731401,-0.16862277003925746,-0.25131445302906175,-0.37085964271818744,-0.6514745457664871,-1.4164474103169842,-1.6611392632139117,29.473755927744847,-3.245441732158622e-07,0.10035332026620358,34.699357206776426,1.0710968996656371,-0.197379227491502,-0.3084956525347511,-0.6575581911017213,0.7986232267500206,False,False,False,False,7.599999662488699e-05,5.2999999752501026e-05,False,True
2025-04-07,5.0999999075429514e-05,190769531,0.04000534917143783,-0.14571185954269356,-0.2876821081182398,-0.3022809121915393,-0.5340825080680601,-1.2443240865501455,-1.625002420437295,33.42020441584492,-3.928078016893354e-07,0.09793426131789354,37.8364429950037,1.084658155718006,-0.15702481272008395,-0.2714285889502652,-0.6425818270108151,1.2556024818664286,False,True,False,False,7.599999662488699e-05,5.2999999752501026e-05,False,False
2025-04-08,4.70000013592653e-05,81481898,-0.08167798396489608,-0.24419690632937913,-0.3693600920831359,-0.22738984350758978,-0.6157604920329565,-1.2678462153416548,-1.6221230147216281,29.825540519874707,-6.28053972530226e-07,0.10627721901052527,42.689834374952746,0.9841519850731896,-0.2120703927853727,-0.31903794400490093,-0.6696073854269338,-0.572877819781399,False,False,False,False,7.599999662488699e-05,5.2999999752501026e-05,False,False
2025-04-09,5.400000009103678e-05,128908424,0.13883641761954438,-0.018349144792739955,-0.2595112205082189,-0.05406723899921709,-0.532804550988672,-1.0986122662114501,-1.413693344412056,41.6529807822701,-2.5220403558072856e-07,0.097798124308988,43.453881006645034,1.103022592740347,-0.08783784240524177,-0.20867526624361718,-0.6193027591644806,0.5820498437579351,False,False,False,False,7.599999662488699e-05,5.2999999752501026e-05,False,False
2025-04-10,5.199999941396527e-05,78246767,-0.03774034093861205,-0.05608948573135203,-0.29725156144683096,-0.15963013756355726,-0.592051103879013,-1.1547017964478177,-1.5418177452004391,39.59937587769813,-8.681768454463027e-08,0.0984262159392793,44.84520433550488,1.0803824809735942,-0.1141397095098733,-0.22802851510859826,-0.6323919306510376,-0.39300501416416356,False,False,False,False,7.599999662488699e-05,5.2999999752501026e-05,False,True
2025-04-11,5.500000042957254e-05,79482711,0.05608948573135204,-0.03571809420647719,-0.11980117847550151,-0.11980117847550151,-0.5465437307373053,-1.1046545832008587,-1.4691303625476755,44.05499506837628,2.572706445644779e-07,0.09160535328353826,45.12331247247176,1.0991652731943475,-0.057412168219141115,-0.17318099581177093,-0.6100949917054579,0.01579546411163535,False,False,False,False,7.599999662488699e-05,5.2999999752501026e-05,False,False
2025-04-12,5.999999848427251e-05,88774893,0.08701134391709482,0.06899283250860686,0.03390150149666336,0.0,-0.42744406227883713,-0.9994056899181049,-1.4028236690350009,50.59623133620008,8.223769995439053e-07,0.08511646227228277,44.73165956792199,1.138394995702174,0.030927801541981638,-0.08897664353649028,-0.5734091820747437,0.11690821668123519,False,False,False,False,7.599999662488699e-05,5.2999999752501026e-05,False,False
2025-04-13,5.700000110664405e-05,107564211,-0.05129324971061773,0.15123102182530307,-0.017391748213954332,-0.08408308426902432,-0.5720692079317358,-1.0003738396140103,-1.4663370049692366,47.04219532878013,9.83973979811239e-07,0.08820906672274001,42.39114622999132,1.1456696543699545,-0.011274922911529336,-0.12361622367514305,-0.5935683898545886,0.2116512604526597,False,False,False,False,7.599999662488699e-05,5.2999999752501026e-05,False,False
2025-04-14,5.6000000768108293e-05,88998438,-0.017699582797989128,0.09352608985587621,-0.05218576968681743,-0.11778301400174779,-0.5493592375384078,-1.0622446100102223,-1.4213856921318342,45.88517756726762,1.0095803834923872e-06,0.0884731077491404,39.505643111823666,1.1447382303751241,-0.01840490132478348,-0.1288114419825404,-0.5993561020338961,-0.1726017680732116,False,False,False,False,7.599999662488699e-05,5.2999999752501026e-05,False,False
2025-04-15,5.2999999752501026e-05,76849302,-0.055059795569038755,0.12014427825173342,-0.12405262807764572,-0.10724556525585632,-0.6348782518436364,-1.1772025680502458,-1.4546580945553846,42.50745852037918,8.186717895955009e-07,0.09219464285500055,34.473684434504705,1.1381643638497128,-0.05693951105157265,-0.16797489031174137,-0.6192528748774737,-0.1365095418865666,False,False,False,False,7.599999662488699e-05,5.2999999752501026e-05,False,False
2025-04-16,5.400000009103678e-05,67147628,0.018692139367810962,0.0,-0.018349144792739955,-0.13815032326824148,-0.5857268937396357,-1.1409147038376626,-1.4000876546430574,43.98758501462908,7.554683568429568e-07,0.08799220837820136,26.568042849488805,1.1250216575408436,-0.025270760019277586,-0.1444866951928544,-0.6104458219908495,-0.12624283822382665,False,True,False,False,7.599999662488699e-05,5.2999999752501026e-05,False,False
2025-04-17,5.400000009103678e-05,55196433,0.0,0.03774034093861201,-0.018349144792739955,-0.13815032326824148,-0.5543107629404009,-1.2313717613984343,-1.2580400560899907,43.98758501462908,7.100817227961811e-07,0.08435255417354118,24.447617539360394,1.1250216575408436,-0.01818182094788465,-0.13655260988505027,-0.6089223627670669,-0.1779838745755844,False,False,False,False,7.599999662488699e-05,5.2999999752501026e-05,False,False
2025-04-18,5.700000110664405e-05,56859159,0.05406723899921711,0.03571809420647719,0.0,-0.11583179358555677,-0.521296939589333,-1.0809126842154848,-1.0868474648384454,48.59233275932142,8.680761917496787e-07,0.0792174100958417,24.194926983669646,1.1367313139238624,0.03730665818542029,-0.08094161989035621,-0.5857558054675176,0.030123794412584504,False,False,False,False,7.599999662488699e-05,5.2999999752501026e-05,False,False
2025-04-19,5.8000001445179805e-05,45548615,0.01739174821395432,-0.03390150149666327,0.035091331011943595,-0.08269168298980427,-0.47215648328128573,-0.909370299483543,-1.1157066656823258,50.06594035173451,1.0156497727017954e-06,0.07475381919369882,24.194926983669646,1.1382459061315284,0.055505026417204464,-0.057523545484594034,-0.5772748697585489,-0.19892211209103527,True,False,False,True,7.599999662488699e-05,5.199999941396527e-05,False,False
2025-04-20,5.8000001445179805e-05,61648687,0.0,0.01739174821395432,0.16862277003925744,-0.06669133605506994,-0.5039051913753788,-0.8883168322328577,-1.057550810508939,50.06594035173451,1.08282313527446e-06,0.07310884311934172,23.821906244197688,1.137270553056207,0.05646632457716123,-0.05073648212856392,-0.5761008478313672,0.353470067092051,False,False,False,False,7.599999662488699e-05,5.199999941396527e-05,False,False
2025-04-21,5.8000001445179805e-05,66815364,0.0,0.035091331011943595,0.12861742086781974,-0.06669133605506994,-0.5142679065264643,-0.9231636257688225,-1.057550810508939,50.06594035173451,1.093613886955286e-06,0.07281288833556694,22.92017505732136,1.137270553056207,0.05839417996685374,-0.0413222988029248,-0.5750137278487302,0.08380838670578661,False,False,False,False,7.599999662488699e-05,5.199999941396527e-05,False,False
2025-04-22,6.500000017695129e-05,101886758,0.11394423715465236,0.20409536373563475,0.3242396419873682,0.03125255416484817,-0.3582122461266333,-0.7814398160842227,-1.0073962892005452,60.0723737557195,1.5127304399323714e-06,0.07022078945918851,27.836357949733138,1.2062457026735176,0.17540686738623631,0.07758620117737487,-0.5224801628367868,0.5249001412309899,False,False,False,False,7.599999662488699e-05,5.199999941396527e-05,False,False
2025-04-23,7.000000186963007e-05,164246644,0.07410799614039507,0.25951122050821895,0.25951122050821895,0.02898754604462726,-0.33647217722564043,-0.7002645989378103,-0.950001739255274,65.40512230886452,2.034723954968645e-06,0.06871078384116473,35.716311134890695,1.204489953333808,0.24888494814546416,0.16163294607675074,-0.4845550464866708,0.6120509399268548,True,False,False,False,7.599999662488699e-05,5.199999941396527e-05,False,False
2025-04-24,7.200000254670158e-05,99915541,0.02817088562855035,0.28768210613676926,0.3254224470753813,0.05715843167317764,-0.2666286568036318,-0.6433147382127127,-0.9051174074316001,67.28721008608912,2.3977443904116904e-06,0.06798295096513007,42.92887881943841,1.20820788879449,0.2676056676314729,0.19601332252485412,-0.46849737870716,-0.391673774472981,False,False,False,False,7.599999662488699e-05,5.199999941396527e-05,False,False
2025-04-25,8.099999831756577e-05,199681492,0.11778297951473568,0.35139784665228774,0.387115940858765,0.1459538651432859,-0.012270096973601586,-0.525531758697977,-0.7530453430309301,74.11242450061462,3.083351837438675e-06,0.06581308849398933,55.48867962001186,1.2713103906639176,0.3953487993159673,0.34194827443168424,-0.4008211091345087,0.9985028355098433,False,False,False,False,7.599999662488699e-05,5.199999941396527e-05,True,False
2025-04-26,7.999999797903001e-05,137388458,-0.012422524489889088,0.32158357394844417,0.28768207245178085,0.13353134065339686,-0.03681398627203755,-0.4855078437661535,-0.782759328855407,72.30723420721375,3.2900059260686875e-06,0.06634034313787039,60.937229886888986,1.2726464585249824,0.342281837408919,0.3214403307756559,-0.4070120968560711,-0.31196198193471025,True,False,False,False,7.599999662488699e-05,5.199999941396527e-05,False,False
2025-04-27,7.699999696342275e-05,89909654,-0.03822122699414159,0.28336234695430257,0.30075409516825696,0.21667101089923266,-0.07503521326617918,-0.5082248789772451,-0.8546916255960189,67.0322439174259,3.050494219868554e-06,0.06864003685636445,63.06444489510737,1.2001770592978809,0.2643677611614474,0.2685337189391078,-0.42812583455739134,-0.34558073284438495,False,False,False,False,7.599999662488699e-05,5.199999941396527e-05,False,False
2025-04-28,8.70000003487803e-05,201256012,0.12210274024593792,0.4054650872002405,0.440556418212184,0.4054650872002405,0.047067526979758655,-0.2702903451457505,-0.675755474528644,73.87410835099661,3.366567253660344e-06,0.06790531306698458,67.47753914758205,1.2340244207529145,0.3831478550234103,0.420176300015719,-0.3527989557407066,1.2384249415529949,False,False,False,False,7.599999662488699e-05,5.199999941396527e-05,False,False
2025-04-29,8.399999933317304e-05,133373252,-0.035091331758655336,0.2564295182869328,0.4605248820225675,0.37037375544158513,0.024097560029650123,-0.3813676072326403,-0.7282385123186006,69.23217410292065,3.176997970050171e-06,0.07210961970078487,70.4469377555674,1.2448843400851848,0.3043478125783936,0.35922328771151724,-0.37388193689665494,-0.3372955636227155,True,False,False,False,7.599999662488699e-05,5.199999941396527e-05,False,False
2025-04-30,8.900000102585182e-05,195543295,0.05781959035366726,0.24014111250020498,0.499652333008424,0.41109890712037855,0.10660977184680812,-0.3396774035411867,-0.6875133198870734,72.35053836739908,3.183739875270669e-06,0.07202544685202729,73.39947325652095,1.254903970823178,0.3433962371075661,0.42719693397587455,-0.3353496803821598,0.46613576611298346,False,False,False,False,7.599999662488699e-05,5.199999941396527e-05,False,False
2025-05-01,8.600000001024455e-05,94605374,-0.034289084885934296,0.17768114198572038,0.4653632481224897,0.36000275941265486,-0.02298952591598583,-0.45092744332967793,-0.7274362654458796,67.90362250196657,2.7953745381004794e-06,0.07253608331567432,74.28944267537673,1.2659213255709207,0.2684365742931893,0.3685550568596519,-0.3565282452867869,-0.5161921864925105,False,False,False,False,7.599999662488699e-05,5.199999941396527e-05,False,False
2025-05-02,8.600000001024455e-05,69329543,0.0,0.059898162470984784,0.4112960091232725,0.4470141033297498,0.15028215960396032,-0.3331444211472905,-0.7605884834261276,67.90362250196657,2.3648042208650378e-06,0.07067719476793224,75.56209278418049,1.2156508550848484,0.24457307738434458,0.3573232281184086,-0.3549113001523192,-0.26717119684976876,False,False,False,False,7.599999662488699e-05,5.199999941396527e-05,False,False
2025-05-03,7.899999764049426e-05,59014262,-0.08489947377277061,-0.01257878681189666,0.30900478713654755,0.36211462955697915,0.07898834192767035,-0.23572233812610643,-0.9338570982058249,58.22004496655018,1.4782381821586123e-06,0.07777315433887715,73.58152828450694,1.2638621490596889,0.12535608984773242,0.24018834262842065,-0.40588104327427726,-0.1487862252315726,False,False,True,False,9.40000027185306e-05,5.199999941396527e-05,False,False
2025-05-04,7.500000356230885e-05,68082352,-0.051959661566099144,-0.02631722138385423,0.2570451255704484,0.27443687378440274,0.0,-0.34595092840851455,-0.975816673163078,53.52295560000024,5.404224328365348e-07,0.08083144524372887,70.42625544540499,1.2801116066035418,0.05411107927318653,0.172974714788835,-0.43438911323922236,0.1536592967984587,False,True,False,False,9.40000027185306e-05,5.199999941396527e-05,False,False
2025-05-05,7.699999696342275e-05,72748248,0.026317221383854218,-0.12210274024593785,0.28336234695430257,0.31845367796624613,0.05334590174542531,-0.24116206356638514,-0.9494994517792237,55.45795287342633,1.3196608424209045e-09,0.07681879424847249,65.58596606963508,1.2776975908372685,0.06427086160602671,0.1975116139021859,-0.41787944049946996,0.06853312000737,False,True,False,False,9.40000027185306e-05,5.199999941396527e-05,False,False
2025-05-06,7.599999662488699e-05,79247572,-0.01307208654066648,-0.10008349502794898,0.15634602325898378,0.4389130304528937,0.06805338773470626,-0.21256151531359332,-0.9775343798640905,54.24195324350207,-4.5107248288952576e-07,0.07790940643501876,60.48300235223885,1.1713096150567255,0.03471744971395122,0.1768348791939736,-0.4237840959913462,0.08933993846834642,False,False,False,False,9.40000027185306e-05,5.199999941396527e-05,False,False
2025-05-07,7.599999662488699e-05,71146810,0.0,-0.15790308538161626,0.0822380271185888,0.39890768128145576,0.09662676908991658,-0.1351748267866044,-0.8454164052686897,54.24195324350207,-7.605551701204648e-07,0.07610384193009513,54.59867738517489,1.168710724199377,0.01944999137938105,0.17175449519480726,-0.4219873243682206,-0.10222094880080368,False,False,False,False,9.40000027185306e-05,5.199999941396527e-05,False,False
2025-05-08,9.100000170292333e-05,172083246,0.18012622935334455,0.05651222885766263,0.2341933708433831,0.6607118945996967,0.4333220510921069,0.04495140256674034,-0.6071343207419582,66.87664294244004,-5.242644361717448e-09,0.07314803519426435,52.14001128202925,1.2545508664830556,0.19344264838636296,0.3914373329053112,-0.3061379968179511,1.418706418460645,False,False,False,False,9.40000027185306e-05,5.199999941396527e-05,False,False
2025-05-09,9.999999747378752e-05,288817689,0.0943106354956731,0.15082286435333572,0.2107210268243207,0.6161861124758256,0.5621188734766084,0.08338156148715353,-0.48242615373562464,71.89161559908307,9.949735338716945e-07,0.07109580492401209,52.544266142867905,1.2112360143266057,0.2763241605640134,0.5119443210281249,-0.23602889720760925,0.6783603035939942,True,False,False,True,9.40000027185306e-05,7.200000254670158e-05,True,False
2025-05-10,0.00011000000085914508,224633643,0.09531021287685981,0.3310325510029662,0.31845376419106947,0.7492366662912974,0.58960652872774,0.15718556241228424,-0.4054651301565203,76.2028505076939,2.1578079958728846e-06,0.06715879674187046,56.02410821052221,1.2195414351777354,0.35886351375063535,0.6393442729607746,-0.15837795805389446,-0.22223031498600487,True,False,False,False,9.40000027185306e-05,7.200000254670158e-05,False,False
2025-05-11,0.00010399999882793054,156771926,-0.05608948573135203,0.3269027268377133,0.30058550545385915,0.6370576948285933,0.5172565163530918,0.09051396409128773,-0.46759688837226543,69.33164063113566,2.335609696051196e-06,0.0714540411893799,53.39335991794627,1.2460037333781262,0.2492492435276401,0.5307624183715656,-0.20312620586795177,-0.302099525670783,False,False,False,False,9.40000027185306e-05,7.200000254670158e-05,False,False
2025-05-12,0.00011200000153621659,375842887,0.07410799713984012,0.37469350259369916,0.2525907623477613,0.6241543480513384,0.6241543480513384,0.1967102857725013,-0.3752513418667665,72.84724014229685,2.774815554416571e-06,0.07372823178941787,55.80934230862081,1.2382190374059001,0.3084112403736839,0.6250725673047167,-0.14067593837179218,1.3973864236381202,False,False,False,False,9.40000027185306e-05,7.200000254670158e-05,False,False
2025-05-13,0.00011500000255182385,243646194,0.026433265541708415,0.4141988546760741,0.3141153596481252,0.7018808633036647,0.6177977790346404,0.12981165537192887,-0.2984929763103457,74.04863299098315,3.0294277849976017e-06,0.0759927341894429,59.1265383372367,1.2106300412515436,0.3090495520461633,0.6461494747628791,-0.11711640590701221,-0.3517339227973736,False,False,False,False,9.40000027185306e-05,7.200000254670158e-05,False,False
2025-05-14,0.00010800000018207356,155926042,-0.06280092174293643,0.3513979329331376,0.19349484755152135,0.6567795243587173,0.5389965103569696,0.10742028682030956,-0.4054650856515048,66.6395480234714,2.5099115790679143e-06,0.08042932714116888,58.70738842019626,1.239770111285105,0.2046848953983898,0.5284460796148316,-0.17006070734065373,-0.3600308732916222,False,False,False,False,9.40000027185306e-05,7.200000254670158e-05,False,False
2025-05-15,9.999999747378752e-05,167164042,-0.07696106808411976,0.0943106354956731,0.15082286435333572,0.6348782518436363,0.5276326865877801,0.0,-0.5423243162066096,59.33287679659099,1.4628822828541894e-06,0.08851627310787137,58.21121736930478,1.2590831398910416,0.10375273899450975,0.4033117796345687,-0.23050288609798583,0.07207263043334344,False,False,True,False,0.0001230000052601099,7.200000254670158e-05,False,False
2025-05-16,9.699999645818025e-05,110917232,-0.030459218736189713,-0.030459218736189713,0.12036364561714608,0.5857268937396357,0.4475765704713944,0.0,-0.5551878100980268,56.81704214073724,4.558592295964742e-07,0.08989039687798184,56.95370810581045,1.2719040357811,0.06068887032757219,0.35097488230492535,-0.25229325173576905,-0.336476728649574,False,True,False,False,0.0001230000052601099,7.200000254670158e-05,False,False
2025-05-17,9.000000136438757e-05,102744676,-0.07490125649964961,-0.20067068811269906,0.13036186289026702,0.5108256372399862,0.3726753139717448,-0.043485125700414885,-0.7205461241584482,51.34617915373068,-7.296081458970248e-07,0.09631093644198789,54.72830012636738,1.3125582492442633,-0.0228012831171069,0.24378111378736284,-0.3047240036298263,-0.07368157185891544,False,True,False,False,0.0001230000052601099,7.200000254670158e-05,False,False
2025-05-18,0.00010099999781232327,162422393,0.11531080969096669,-0.02927039269038036,0.297632334147333,0.5720692079317358,0.4562374143461791,0.05077226834240277,-0.508843476283749,58.16347733772702,-8.143964733317341e-07,0.0895925018054679,54.685352940671706,1.3511276074770024,0.0883620524059004,0.3794045062142044,-0.21841750591877054,0.5808351276517725,False,False,False,False,0.0001230000052601099,7.200000254670158e-05,False,False
2025-05-19,9.899999713525176e-05,129544225,-0.020000673983354977,-0.1233790638135754,0.25131443878012377,0.5346767857344263,0.45198510274462217,0.06252030245314064,-0.37469351374911664,56.61032773885038,-1.0326290247657511e-06,0.09208871004714307,53.821886584160026,1.3579896405196137,0.058257593634303134,0.33711503753541644,-0.2327068621044992,-0.2024238615915479,False,False,False,False,0.0001230000052601099,7.200000254670158e-05,False,False
2025-05-20,9.899999713525176e-05,109938889,0.0,-0.1498123293552838,0.26438652532079016,0.5346767857344263,0.4679854496793565,0.030771594359047732,-0.3536400464984314,56.61032773885038,-1.1930727783286858e-06,0.09128294768722672,53.56952926183835,1.3579896405196137,0.052631558588775114,0.32282198689867964,-0.23163493261005885,-0.1513408722002081,False,False,False,True,0.0001230000052601099,8.900000102585182e-05,False,False
2025-05-21,0.00010199999815085903,164010454,0.029852973957699196,-0.05715843365464813,0.2942394992784895,0.5645297596921256,0.49783842363705566,0.05026185316566149,-0.3586338660766969,58.53647620630514,-1.1147125957962963e-06,0.08927251309132395,52.99703331955419,1.357050350485856,0.07538217418441734,0.347780107438744,-0.20745922219237492,0.4918329218335107,False,False,False,False,0.0001230000052601099,8.900000102585182e-05,False,False
2025-05-22,0.00011200000153621659,216384420,0.09352608985587621,0.11332872428534767,0.20763935978102094,0.5441116123933493,0.5753641665581976,0.185899366266716,-0.23732820369087332,64.2357094702775,-4.415180493282427e-07,0.08250979091992419,53.76562779074345,1.3408077241014398,0.1648466209769568,0.45795368283161286,-0.1294208980362698,0.31933309568181545,False,False,False,False,0.0001230000052601099,8.900000102585182e-05,False,False
2025-05-23,0.00010099999781232327,235780392,-0.10337838983022038,0.040409553191317206,0.0099503344551273,0.36662522642273393,0.39561277246736115,0.030153049197093683,-0.3336393725150764,55.24096465007079,-7.699479028514167e-07,0.09769042879268183,50.757770265961,1.3895926799192355,0.0385603985402267,0.2992024468482123,-0.21443573328371138,0.08963663834947089,False,False,False,False,0.0001230000052601099,8.900000102585182e-05,False,False
2025-05-24,9.899999713525176e-05,111046661,-0.020000673983354977,0.09531013570761183,-0.10536055240508738,0.31845366681082865,0.3756120984840062,0.05182501000719687,-0.324861071401884,53.766791698956276,-1.132845654158492e-06,0.0968741242012911,45.65156956561753,1.3927884334544782,0.005586575663663364,0.2598625302709769,-0.22921210581339385,-0.529025038689392,False,False,False,False,0.0001230000052601099,8.900000102585182e-05,False,False
2025-05-25,9.7999996796716e-05,110271697,-0.010152375213738655,-0.030153049197093627,-0.05942344188747396,0.19051831208235434,0.33647217722564043,0.17824821510875283,-0.3350134466156226,53.00513404751786,-1.4319238464396085e-06,0.09670334840261399,40.63087246082348,1.3393540062960665,-0.01507539680093465,0.23394607627822686,-0.23562907087941667,-0.0069787240158440955,False,False,False,False,0.0001230000052601099,8.900000102585182e-05,False,False
2025-05-26,9.7999996796716e-05,107115157,0.0,-0.010152375213738655,-0.13353143902731401,0.20294083657224363,0.33647217722564043,0.16612685030020594,-0.2825670071939099,53.00513404751786,-1.6082416729542306e-06,0.09489800908417391,34.07441438768285,1.3378625682922434,-0.025844950332204478,0.21890544042259047,-0.23428529261079628,-0.028625114928629403,False,False,True,False,0.00011800000356743112,8.900000102585182e-05,False,False
2025-05-27,0.00010099999781232327,106126634,0.030153049197093683,0.020000673983355095,-0.12981165537192885,0.2713151127634788,0.4879861236627115,0.19627989949729951,-0.23690976621376622,55.21259101800165,-1.5032542442994474e-06,0.09115987117804387,25.338983493211853,1.3301611200376675,-0.008345616348894781,0.24078622196483007,-0.20964083367122996,-0.009228600579841428,False,False,False,False,0.00011800000356743112,8.900000102585182e-05,False,False
2025-05-28,0.00010199999815085903,109785945,0.009852299974344312,0.0,-0.05715843365464813,0.15906467249188522,0.5645297596921256,0.2061321994716439,-0.11122567265386532,55.955266769088766,-1.3516628963310918e-06,0.0873199665388089,23.254499072374703,1.266163373596222,-0.003906254926614763,0.2363636228299542,-0.2004703256568862,0.03448060926911145,False,False,False,True,0.00011800000356743112,9.200000204145908e-05,False,False
2025-05-29,9.699999645818025e-05,149243038,-0.05026185316566144,-0.14378794302153755,-0.030459218736189713,0.1438941510848792,0.5142679065264643,0.1679917111145293,-0.23747345614776122,51.36861421384556,-1.5586331829375944e-06,0.09262612776852636,23.662637055713628,1.2733401717117963,-0.05134476491960573,0.16362760595295428,-0.23718153088152122,0.3594002219500867,False,False,False,False,0.00011800000356743112,9.200000204145908e-05,False,False
2025-05-30,8.299999899463728e-05,150604461,-0.1558703463059825,-0.1962798994972996,-0.1558703463059825,-0.06979578557477069,0.34130312154560793,0.03681398627203751,-0.40947318911595726,41.188111177554674,-2.5502994953387365e-06,0.1134264563251558,28.11316269135086,1.3754091096005356,-0.17740336745745483,-0.011669449150101922,-0.3447023602500807,0.009122187662784054,False,False,False,False,0.00011800000356743112,9.200000204145908e-05,False,True
2025-05-31,8.499999967170879e-05,114110772,0.02381065694427302,-0.15246856856967164,-0.057158432862059884,-0.011696043744563485,0.34830671566809135,-0.03468556966054921,-0.46262348707424134,42.9282326989258,-2.95491813702935e-06,0.10956903202039105,31.396587512554653,1.3733441629785152,-0.14957477832606408,0.004965717236745204,-0.3255306508454219,-0.2423147943804932,False,True,False,False,0.00011800000356743112,9.200000204145908e-05,False,False
2025-06-01,8.600000001024455e-05,90460226,0.01169604374456354,-0.13062014961136964,-0.16077319880846316,0.0,0.4470141033297498,0.15028215960396032,-0.3331444211472905,43.823238474409195,-3.027458723193318e-06,0.10388187811807213,32.011260892243314,1.3739917550298149,-0.12823110651448583,0.010575801121520935,-0.3135102766618605,-0.20725953900303118,False,False,True,False,0.00010699999984353781,9.200000204145908e-05,False,False
2025-06-02,8.800000068731606e-05,88478500,0.022989525915985912,-0.10763062369538381,-0.11778299890912233,0.10788899968875652,0.47000362924573563,0.18687734161642666,-0.12783333843734995,45.65871608319741,-2.817338643935544e-06,0.09913956235965186,29.874815097705593,1.3412313519836807,-0.09558065618064057,0.02659824278662049,-0.2939382936621038,-0.021907152874015567,False,False,False,False,0.00010699999984353781,9.200000204145908e-05,False,False
2025-06-03,8.70000003487803e-05,96070078,-0.011428699625063436,-0.1492123725175409,-0.12921169853418588,0.148419961629792,0.42285683541419483,0.148419961629792,-0.19753096677872248,44.869317142452545,-2.62609894900831e-06,0.0972213969156146,29.762197357004087,1.3274813726275227,-0.09610387733293148,0.007644209276683356,-0.29708329618014034,0.08580138677757865,False,False,False,True,0.00010699999984353781,7.899999764049426e-05,False,False
2025-06-04,8.199999865610152e-05,66318677,-0.059188891788305525,-0.21825356428019074,-0.21825356428019074,0.06291384845763237,0.38136752642387856,0.11625975020305766,-0.17824821510875283,41.04794807159102,-2.7060035450012228e-06,0.10187927233357298,32.475238792028165,1.3435640811018443,-0.1400104877570088,-0.056603781481950104,-0.3330351075459639,-0.3096843639494078,False,False,False,False,0.00010699999984353781,7.899999764049426e-05,False,False
2025-06-05,7.699999696342275e-05,95816654,-0.06291384845763234,-0.23090555957216158,-0.3746935025936992,0.013072086540666432,0.4519851169935602,0.08112547427537288,-0.19948942877292694,37.59940845314696,-2.945499869199724e-06,0.10909397303929934,36.8687108694137,1.3617711824748844,-0.1838897910875117,-0.11879151255789872,-0.3691110445301209,0.4447913971504589,False,True,False,False,0.00010699999984353781,7.899999764049426e-05,False,True
2025-06-06,8.199999865610152e-05,125344457,0.06291384845763237,-0.012121364808546859,-0.20840126430584646,0.07598593499829889,0.47489361627975457,0.17261270408821539,-0.059188891788305525,42.77668609855015,-2.6275801595310187e-06,0.10470650557465255,38.5887206282238,1.3790896275523268,-0.12719531550374663,-0.06754606105242031,-0.32351607696682344,0.3081698407043101,False,False,True,False,9.100000170292333e-05,7.899999764049426e-05,False,False
2025-06-07,8.399999933317304e-05,61427257,0.024097560029650123,-0.011834461723169584,-0.16430303029284132,-0.08004273432539573,0.5806691602743009,0.3532793167667113,-0.035091331758655336,44.751288135038486,-2.162413024873983e-06,0.09916423106438767,39.35187263793237,1.2249759600254044,-0.0977443526757219,-0.050632910091253265,-0.30229661198144264,-0.5099324017176124,False,False,False,False,9.100000170292333e-05,7.899999764049426e-05,False,False
2025-06-08,8.299999899463728e-05,54540034,-0.011976195221103337,-0.03550670068883641,-0.166126850300206,-0.18632956504217218,0.42985654743365337,0.3757893084344361,-0.10294800355501865,43.934947573477224,-1.8158633663137039e-06,0.09577223909319309,40.33130797886969,1.1741147299120072,-0.10075839286060004,-0.06720611588383306,-0.3053521437940822,-0.11211998282781865,False,False,False,True,9.100000170292333e-05,7.500000356230885e-05,False,False
2025-06-09,9.100000170292333e-05,91600479,0.09201892954649911,0.03352270294167687,-0.07410792075370702,-0.1896208483725329,0.5596158179187644,0.3999856803552071,-0.03243528596024866,51.54941496212133,-9.833296607931288e-07,0.0889625164790017,39.96064637782031,1.170583704733291,-0.009793221359141567,0.015171827126261648,-0.23297368666484183,0.6795090190079456,False,False,False,False,9.100000170292333e-05,7.500000356230885e-05,False,False
2025-06-10,9.600000339560211e-05,142293540,0.053488701608397894,0.09844010417513818,-0.05077226834240274,-0.08004266103278307,0.5570150337958103,0.4372138553203088,0.010471303058504846,55.607503929573106,-7.904521131607776e-08,0.08500197224264541,39.04330674208666,1.1743408240216113,0.04803498305877449,0.06194694994944696,-0.18557791289798445,0.5534148025579648,True,False,False,False,9.100000170292333e-05,7.500000356230885e-05,True,False
2025-06-11,9.100000170292333e-05,112775802,-0.05348870160839789,0.10414029435504585,-0.11411326992514483,-0.20763935978102097,0.41651498827031747,0.41651498827031747,-0.010929074008519628,51.0066929732205,1.8481043513272177e-07,0.08954667065031531,33.65606047867667,1.1535000910292714,0.0049696598992385824,0.0008799219270855742,-0.22285322371008162,-0.20744257258621857,False,False,False,False,9.100000170292333e-05,7.500000356230885e-05,False,False
2025-06-12,8.299999899463728e-05,85379784,-0.09201892954649908,0.07503521326617911,-0.1558703463059825,-0.32609155486922853,0.3757893084344361,0.29170622416541186,-0.1962798994972996,44.64236120939331,-1.5844831060816325e-07,0.09804967078317584,32.977319103027064,1.183983847275134,-0.07417735792494497,-0.08971265876974747,-0.286481847752346,-0.24292461249798958,False,False,False,False,9.100000170292333e-05,7.500000356230885e-05,False,False
2025-06-13,7.999999797903001e-05,127263092,-0.03681398627203755,-0.024692621463490678,-0.03681398627203755,-0.3001046193983295,0.3566749049603878,0.23889189095864002,-0.19268433257802,42.50076146615149,-5.447908420915175e-07,0.10160320696483242,33.141598980364684,1.173057183215321,-0.09808344096986209,-0.12415153483340295,-0.3080482804316169,0.49055298617293297,False,True,False,False,9.100000170292333e-05,7.500000356230885e-05,False,False
2025-06-14,7.79999973019585e-05,44932250,-0.025317817312440958,-0.07410799880558187,-0.08594246052875147,-0.24846136862665072,0.3864168832169857,0.2791713179611293,-0.24846136862665072,41.08570012833096,-8.728253679542787e-07,0.10042796494653002,33.64339194868556,1.1495512577809022,-0.11060435490044168,-0.14548643592899022,-0.3213555715195235,-0.6469341637558201,False,True,True,False,9.7999996796716e-05,7.500000356230885e-05,False,False
2025-06-15,7.79999973019585e-05,41910483,0.0,-0.06213180358447846,-0.09763850427331489,-0.218002149890461,0.36772474384917475,0.22957442058093344,-0.218002149890461,41.08570012833095,-1.017492737198338e-06,0.09600179265124503,33.52733311687003,1.1470623087227676,-0.10034604312084157,-0.1451118134552774,-0.316957857962459,-0.06725162884119984,False,False,False,False,9.7999996796716e-05,7.500000356230885e-05,False,False
2025-06-16,7.699999696342275e-05,64753566,-0.012903409681700641,-0.16705414281267816,-0.13353143987100133,-0.1560043030725121,0.3548213341674741,0.21667101089923266,-0.19948942877292694,40.307478043382346,-1.1011440361951966e-06,0.09494046392387694,31.678426503295583,1.1211442955237025,-0.09941523085498956,-0.15607192250047958,-0.32140656482622637,0.5450446133011637,False,False,False,True,9.7999996796716e-05,7.500000356230885e-05,False,False
2025-06-17,7.400000322377309e-05,70352846,-0.03974024564894483,-0.26028309007002076,-0.16184298589488263,-0.31105535841242354,0.26101384951931217,0.14518205593375555,-0.26028309007002076,37.98309300642332,-1.267291681631012e-06,0.09848975993112921,28.888059832955292,1.038800230931502,-0.12009507989620109,-0.18663438146113617,-0.34330209585255594,0.08647060456871203,False,False,False,False,9.7999996796716e-05,7.500000356230885e-05,False,True
2025-06-18,7.500000356230885e-05,56924907,0.013423024265090467,-0.19337136419653236,-0.08923106984148654,-0.277631660163978,0.2570451255704484,0.1743534425806442,-0.21511135771083736,39.24085532197146,-1.2182780132317495e-06,0.09404490461453684,27.04812962432423,1.0414383152069768,-0.09638549622526382,-0.1740087637115322,-0.3298185713992231,-0.19086561189010032,False,True,False,False,9.7999996796716e-05,7.500000356230885e-05,False,False
2025-06-19,7.400000322377309e-05,38845801,-0.01342302426509058,-0.11477545891512397,-0.03974024564894483,-0.2910546844290686,0.24362210130535775,0.17693076525028792,-0.26028309007002076,38.40211352376092,-1.1618334479967366e-06,0.09140325865710125,28.8086098798359,1.0409894141076395,-0.10357355199012377,-0.18232039918737022,-0.3337834496516589,-0.31759570551428395,False,False,False,False,9.7999996796716e-05,7.500000356230885e-05,False,True
2025-06-20,7.100000220816582e-05,56816205,-0.04138522862642803,-0.11934670126951438,-0.14403932273300515,-0.3622928870131959,0.20223687267892976,0.13554553662385982,-0.3120310338475345,35.92154746596634,-1.2286775753670239e-06,0.09449691196449111,31.378691285693815,1.0365675118168902,-0.13255953383415178,-0.21286027938951488,-0.35627179569896283,0.4626086613582765,False,False,False,False,9.7999996796716e-05,7.500000356230885e-05,False,False
2025-06-21,6.70000008540228e-05,47932694,-0.05798727600466706,-0.1520161599617406,-0.22612415876732248,-0.5138062528737392,0.030305359519610265,0.06155791368445846,-0.327906886607023,32.87257941921199,-1.43030986784402e-06,0.1004484580219881,35.13291341782413,0.9751976076422382,-0.17181704859125968,-0.25406366731904295,-0.38815578356620656,-0.15635523351128433,False,True,False,False,9.7999996796716e-05,7.500000356230885e-05,False,False
2025-06-22,6.399999983841553e-05,79159518,-0.04580955130266033,-0.19782571126440096,-0.2599575148488794,-0.4562374143461789,-0.08961218792344504,-0.06062464187881776,-0.42608436514908543,30.763560932062745,-1.6387772220430463e-06,0.10657434263586701,39.1371484973112,0.9307747839121834,-0.19698871028822046,-0.28507595697484345,-0.41092549197856293,0.6514723332679777,False,True,False,False,9.7999996796716e-05,7.500000356230885e-05,False,False
2025-06-23,7.200000254670158e-05,83448412,0.11778307355199531,-0.06713922803070485,-0.23419337084338304,-0.3184536668108287,0.0,0.05715843167317764,-0.2666286568036318,41.53546587656906,-1.134870812905128e-06,0.09788675867509125,39.42357150218653,1.0395648725247906,-0.08803036869502796,-0.19517099130038482,-0.3324060952335697,0.05418039559058463,False,False,False,False,9.7999996796716e-05,7.500000356230885e-05,False,False
2025-06-24,7.400000322377309e-05,70463597,0.027398982381760074,0.0,-0.26028309007002076,-0.28090230921533,-0.09038399713297549,0.05556986801031043,-0.1026540941065771,43.885933241170555,-5.911974489036762e-07,0.09133398287073445,39.82017380840433,1.0479927530974729,-0.05792485234472269,-0.17225946635378894,-0.3086373307927145,-0.1556029011073332,True,False,False,False,9.7999996796716e-05,7.500000356230885e-05,False,False
2025-06-25,7.100000220816582e-05,55214696,-0.04138522862642803,-0.054808252891518625,-0.24817961708805097,-0.322287537841758,-0.11934670126951438,0.014184639383882537,-0.156160687541552,41.20962380937584,-3.6884015266440643e-07,0.0924178006503787,40.82661984929641,1.0532675961408087,-0.09265173663112763,-0.20492718270467747,-0.3308199601826683,-0.2164082114627217,False,False,False,True,9.7999996796716e-05,5.999999848427251e-05,False,False
2025-06-26,6.900000153109431e-05,51939219,-0.0285733813552103,-0.0699586099816383,-0.1847340688967622,-0.3810139683940619,-0.109698855630583,0.10697215526864956,-0.1847340688967622,39.48103026040377,-2.9487553292983645e-07,0.09347995066476751,42.173642589630795,1.0444505807748843,-0.11082473175602642,-0.22611034296279064,-0.34379456472140957,-0.0593225578929204,False,False,False,False,9.7999996796716e-05,5.999999848427251e-05,False,False
2025-06-27,7.000000186963007e-05,55462451,0.014388741971327756,-0.014184639383882395,-0.1335313406533969,-0.3764775263970782,-0.2174128539051931,0.18805223329504744,-0.17034532692543433,40.8177501096158,-1.2567277831834342e-07,0.08862399622738015,42.668650264501586,1.0458024524727054,-0.08972690478737334,-0.21117869998934793,-0.32892338386607956,0.06783375006081638,False,False,False,False,9.7999996796716e-05,5.999999848427251e-05,False,False
2025-06-28,7.400000322377309e-05,37720467,0.05556986801031043,0.09937250463109512,-0.05264365533064544,-0.2706458052211064,-0.12675165413622733,0.24362210130535775,-0.1026540941065771,45.95952115396002,2.8609299612312143e-07,0.08267165702935576,42.3927497928924,1.0627821306502332,-0.03204706190197634,-0.16118790025828936,-0.28550735562924007,-0.3198918129312388,False,False,False,False,9.7999996796716e-05,5.999999848427251e-05,False,False
2025-06-29,7.899999764049426e-05,56424370,0.06538268583118974,0.21056474176494525,0.012739030500544191,-0.049392773083934305,-0.11918855865870488,0.2919103484616736,-0.01257878681189666,51.6179935575836,8.914722871393223e-07,0.07733285247443952,39.11958875289972,0.9524856997304787,0.041529290201565844,-0.09817353960989972,-0.23114357558815948,0.4958555523716077,True,False,False,False,9.7999996796716e-05,5.999999848427251e-05,False,False
2025-06-30,7.500000356230885e-05,62105296,-0.051959661566099144,0.04082200664685075,-0.02631722138385423,-0.1251630915943063,-0.13685913533886976,0.22314362407378502,-0.15984866125485567,47.34683694004523,1.0100797108510184e-06,0.08040078812011561,31.025257292045122,0.9635998702571067,0.00267383170798773,-0.13812912252879037,-0.2642008876520524,0.10068213433309037,False,False,False,False,9.7999996796716e-05,5.999999848427251e-05,False,False
2025-07-01,7.100000220816582e-05,45716683,-0.054808252891518625,-0.04138522862642803,-0.04138522862642803,-0.1916673882303884,-0.1916673882303884,0.25534671509936135,-0.04138522862642803,43.47293344747194,8.150677210202163e-07,0.08389413605595866,24.39625927301593,0.9776355444212202,-0.03794036217054594,-0.17633407907566126,-0.29748179740734154,-0.2638843070645698,False,False,False,False,9.7999996796716e-05,5.999999848427251e-05,False,False
2025-07-02,7.79999973019585e-05,75123652,0.09402888395707354,0.09402888395707354,0.039220631065554803,-0.12062803018930071,-0.012739030500544264,0.3493755990564349,0.06624931142712595,51.024830407724856,1.1338443804500427e-06,0.08006803033123085,22.322607310995238,1.034266362545469,0.06050300964715297,-0.08729232866515178,-0.22171226102750413,0.64324371477257,False,False,False,False,9.7999996796716e-05,5.999999848427251e-05,False,False
2025-07-03,7.899999764049426e-05,88979178,0.012739030500544191,0.13534129581282794,0.06538268583118974,-0.09646030006369292,0.05195966156609915,0.32639653535050184,0.05195966156609915,52.01117088419491,1.3724531033605534e-06,0.07792855715589317,21.93810973665195,1.0355223882286626,0.07482988712307183,-0.06927429330992704,-0.20567093088749416,0.1844362678214846,True,False,False,False,9.7999996796716e-05,5.999999848427251e-05,False,False
2025-07-04,7.400000322377309e-05,72446204,-0.06538268583118975,0.05556986801031043,0.041385228626427906,-0.1026540941065771,-0.03974024564894483,0.27871343231730145,0.01360565609648053,46.92269299141112,1.1622721067945488e-06,0.08497356892469714,21.28239548577022,1.0399520936379865,0.009549823258009165,-0.12280697668911512,-0.2501772911961285,-0.18580722334836586,False,False,False,False,9.7999996796716e-05,5.999999848427251e-05,False,False
2025-07-05,7.500000356230885e-05,41632730,0.013423024265090467,0.013423024265090467,0.1127955288961856,-0.02631722138385423,-0.013245134843187711,0.42566789560970586,0.05480825289151865,48.018058517006395,1.0620730386738649e-06,0.08070911102973233,20.625755710426024,1.018862341427345,0.025290526917727877,-0.1062916627471983,-0.23445949339329736,-0.4253290344929598,False,False,False,False,9.7999996796716e-05,5.999999848427251e-05,False,False
2025-07-06,8.600000001024455e-05,214025611,0.13685913533886976,0.08489947377277063,0.29546421553771585,0.04762806549738312,0.12361400049568201,0.5225216817771378,0.22024076958559854,58.229686872092365,1.6718168239178893e-06,0.07698619970442731,25.223477495156505,1.106049817167709,0.16847823508049115,0.025763360600424254,-0.11749615302967552,4.140801744204619,False,False,False,False,9.7999996796716e-05,5.999999848427251e-05,False,False
2025-07-07,8.199999865610152e-05,150342555,-0.04762806549738315,0.08923106984148652,0.1300530764883372,-0.02409756002965014,-0.10414029435504578,0.5565716002446508,0.32918175673706107,54.07008438915508,1.733500033281683e-06,0.08281409049193093,26.972914030979076,1.1159285463776367,0.10810806891147817,-0.017493424682397136,-0.15476989568074132,-0.29754876391872565,True,False,False,False,9.7999996796716e-05,5.999999848427251e-05,False,False
2025-07-08,9.100000170292333e-05,232129967,0.10414029435504585,0.24817961708805103,0.2067943884616229,0.09201892954649911,-0.09431063549567316,0.5218754769801524,0.4678082379809351,60.84710032814707,2.274114868882095e-06,0.07792764590549915,33.24981772945668,1.1733211012932776,0.21657754153742476,0.09243699563561855,-0.057824697693095575,0.5440070644003623,False,False,False,False,9.7999996796716e-05,5.999999848427251e-05,False,False
2025-07-09,9.200000204145908e-05,169598886,0.010929074008519689,0.16507980713949727,0.2591086910965707,0.010929074008519689,-0.1786917743640132,0.5705448919272841,0.41091475436372676,61.526379180255155,2.5708501951841815e-06,0.07623323500295348,38.32641793319137,1.129209724593401,0.21532365282727498,0.10630112995254176,-0.04375842503954663,-0.26937961439506863,False,False,False,False,9.7999996796716e-05,5.999999848427251e-05,False,False
2025-07-10,0.00010299999848939478,185086057,0.11294037432475289,0.2652811509637058,0.40062244677653386,0.07038074672487461,-0.009661914307908382,0.6273957805206849,0.5075946020451835,68.08554582518978,3.331488115915968e-06,0.07224337707318175,48.04622631793961,1.1822100500900306,0.3324708546955752,0.23827841305007078,0.07414744393545354,0.09131646654801728,False,False,False,False,9.7999996796716e-05,5.999999848427251e-05,True,False
2025-07-11,9.600000339560211e-05,209284457,-0.07038074672487475,0.2602830900700209,0.31585295808033126,0.053488701608397894,-0.15415065817262302,0.4700036898787153,0.4700036898787153,60.96290371224253,3.1867067546124896e-06,0.07867103609616902,49.841873453369104,1.193664080005916,0.21904764368578203,0.15858077801763742,0.005446201342745125,0.13074134482210087,False,False,False,False,9.7999996796716e-05,5.999999848427251e-05,False,False
2025-07-12,9.699999645818025e-05,137978127,0.01036271515108555,0.25722278095601586,0.2706458052211065,0.15587034630598245,-0.17022120856324605,0.5316596547404187,0.4475765704713944,61.58122422775155,2.9852932118253545e-06,0.07671682995587512,49.586787573853734,1.14482285692191,0.20646760226068706,0.1717805793595596,0.020408124994963167,-0.34071488643803105,False,False,False,False,9.7999996796716e-05,5.999999848427251e-05,False,False
2025-07-13,9.699999645818025e-05,129389411,0.0,0.12036364561714608,0.20526311938991673,0.19268433257802003,-0.1074202868203096,0.5493592375384078,0.43157622353666003,61.58122422775155,2.6883208373848548e-06,0.07491893753582292,50.91795025455672,1.134979410098727,0.18799749666068966,0.17234706762402516,0.02477414178089112,-0.062246938603536806,False,False,False,False,9.7999996796716e-05,5.999999848427251e-05,False,False
2025-07-14,9.600000339560211e-05,151365127,-0.01036271515108556,0.15762899596344362,0.24686006580493036,0.20763943473937532,-0.040821933887275265,0.594056317956361,0.4868107527005047,60.470392426900936,2.2770773730706093e-06,0.07624461948728409,51.65367576839772,1.13090691373162,0.16012087673573902,0.1608222873064889,0.018297568930649242,0.1698416882042999,False,False,False,False,9.7999996796716e-05,5.999999848427251e-05,False,False
2025-07-15,9.999999747378752e-05,149581318,0.04082193388727526,0.0943106354956731,0.34249025258372423,0.2484613686266506,0.030459218736189803,0.6161861124758256,0.47803578920758405,63.32055593375711,2.129666643872584e-06,0.07296663297156099,52.05315137588751,1.1367115285930434,0.1876484191109179,0.20860523582762713,0.06496269824779516,-0.011784808266966262,False,False,False,False,9.7999996796716e-05,5.999999848427251e-05,True,False
2025-07-16,0.00013099999341648072,591235500,0.2700271122193117,0.3534086737064653,0.5184884808459624,0.5313918905276631,0.375387587455151,0.8862132246951373,0.7480629014268958,77.10075334554678,3.87357177676201e-06,0.07407667754765183,66.14621087916042,1.4543614154728646,0.5005726607859843,0.5718741686428332,0.39882534213361936,2.9526025569583494,False,False,False,False,9.7999996796716e-05,5.999999848427251e-05,False,False
2025-07-17,0.00013099999341648072,682045953,0.0,0.24046829938171224,0.5057494503454182,0.571132136176608,0.26007677776418425,0.8321459856959201,0.7163141921103633,77.10075334554678,4.724322689356096e-06,0.08078112097336498,74.03238119385637,1.4411481239549442,0.4499169220123802,0.56101040710077,0.4018190838465242,0.15359438497857458,True,False,False,False,9.7999996796716e-05,5.999999848427251e-05,False,False
2025-07-18,0.0001340000017080456,507836874,0.022642539752242327,0.3334915858588293,0.5937746759288501,0.5803516516637597,0.3027199914997817,0.8373967772342081,0.7547050942444038,78.02725703848499,5.1513499048643386e-06,0.08345962356946952,80.45298000724617,1.441054831323331,0.4354579785678815,0.5828018129994981,0.43699733693280157,-0.2554213220293091,False,False,False,False,9.7999996796716e-05,5.999999848427251e-05,False,False
2025-07-19,0.00013800000306218863,336685590,0.029413894649456873,0.35254276535720064,0.6097655463132166,0.623188570578307,0.3321338861492385,0.8668106718836649,0.8001193358285948,79.23370172237775,5.342486096308798e-06,0.08249827500722028,86.45356715295992,1.4365342935766439,0.43302184074746625,0.6091418226226945,0.4829939601087796,-0.33702019834030406,False,False,False,False,9.7999996796716e-05,5.999999848427251e-05,False,False
2025-07-20,0.00013699999544769526,354587321,-0.00727281474735457,0.34526995060984605,0.46563359622699224,0.6573009844573806,0.29500809744418477,0.8595378571363105,0.7928465210812405,78.07948351060277,5.044485190912491e-06,0.08237847616402834,88.50740030177998,1.4228189908147613,0.3782695794867593,0.5783409589141109,0.47549806561849356,0.05317046981428586,False,False,False,False,9.7999996796716e-05,5.999999848427251e-05,False,False
2025-07-21,0.00014800000644754618,449139266,0.07723142472899278,0.4328640904899245,0.5904930864533682,0.7925196851910404,0.27871343231730145,0.8228250447106508,0.854077598875499,81.3054983742667,5.209840080852095e-06,0.07997879011093821,90.58149793189017,1.4053175604705699,0.433414110674426,0.6810541345211667,0.5970649225111988,0.26665348533429367,False,False,False,False,9.7999996796716e-05,5.999999848427251e-05,False,False
2025-07-22,0.00015100000018719584,346396728,0.020067520726016516,0.4121096773286657,0.5064203128243387,0.8583967572197173,0.4021593428735383,0.7687845692962723,0.7977721153408995,82.08007379322402,5.134532538614555e-06,0.07988609104533267,92.83094692731481,1.3812839937307264,0.41253508377945314,0.6909294485688297,0.6338454893568164,-0.22875429911754808,False,False,False,False,9.7999996796716e-05,5.999999848427251e-05,False,False
2025-07-23,0.0001320000010309741,379474081,-0.13447790765785125,0.0076046574515026555,0.36101333115796796,0.6061357760098707,0.2876821091990419,0.6061357760098707,0.6632942076830481,63.9952112441255,3.4966394032140084e-06,0.10109112070424209,89.51627431817349,1.454630026001652,0.2049292656871448,0.46341464122909715,0.4334582286335234,0.09548979631239463,False,False,False,False,9.7999996796716e-05,5.999999848427251e-05,False,False
2025-07-24,0.00012399999832268804,258980821,-0.06252037831845315,-0.054915720866950436,0.18555257851476184,0.5162164153096575,0.23531410609432749,0.42583241817668194,0.5717862833199678,58.182349852640186,1.6592334817926601e-06,0.10856703043482677,83.11258670155841,1.4825779676778899,0.10664880514847157,0.36203864199059543,0.3520880852927403,-0.31752698282442116,False,True,False,False,9.7999996796716e-05,5.999999848427251e-05,False,False
2025-07-25,0.00013000000035390258,189790525,0.0472529010995824,-0.030305359519610352,0.3031862263392191,0.6048545450356679,0.28256700719391,0.48550784376615347,0.6190391844195503,61.04060283480874,6.827625330464182e-07,0.10165387559084078,76.49333641876879,1.4706780584375112,0.1324041884721983,0.4115092278979275,0.42309797809178584,-0.26716378352974635,False,False,False,False,9.7999996796716e-05,5.999999848427251e-05,False,False
2025-07-26,0.0001289999927394092,107211727,-0.007722105099888996,-0.0674413592689561,0.28510140608824447,0.6257058212909892,0.24469185289692744,0.5160069656604062,0.732677976559639,60.30082571967793,-1.511832494458443e-07,0.09844687832468042,72.22734200431753,1.4637635532313906,0.10303543061646461,0.3865003487446869,0.41587084509374406,-0.43510495584539854,False,False,True,False,0.00015700000221841037,5.999999848427251e-05,False,False
2025-07-27,0.00013000000035390258,124965801,0.007722105099888977,-0.05244643942171265,0.2928235111881334,0.6190391844195503,0.24256165802247204,0.40162633051435725,0.8070914177145977,60.81229155587243,-7.24099326232684e-07,0.09345901877137229,65.98494483008362,1.464318928797157,0.08923335669646283,0.38356747588412277,0.4297497976144476,0.1655982465425634,False,False,False,False,0.00015700000221841037,5.999999848427251e-05,False,False
2025-07-28,0.00011899999663000926,172870147,-0.0884109883856308,-0.2180888525363363,0.21477523795358813,0.475058328023609,0.20441252280250272,0.3483066738873818,0.7186804293289669,52.76008589401159,-1.8675361535916276e-06,0.10380897486754473,61.57281745149083,1.5065966631323802,-0.014492773708647818,0.25686519221491527,0.3118729646644566,0.38333964666060916,False,False,False,False,0.00015700000221841037,5.999999848427251e-05,False,False
2025-07-29,0.00011600000289035961,133583185,-0.02553324876902156,-0.2636896220313743,0.14842005529729133,0.38414239342339773,0.3347496203394635,0.2649538347646929,0.6760527418850714,50.785064967054296,-2.7938250462854025e-06,0.10566039348557565,57.174981186822606,1.502333758666154,-0.04879045705797054,0.21874346120324034,0.2822638909880987,-0.22726284833899058,False,True,False,False,0.00015700000221841037,5.999999848427251e-05,False,False
2025-07-30,0.00011200000153621659,154863535,-0.03509133101194358,-0.16430304538546658,-0.1566983879339639,0.4010107239775534,0.27584763238324705,0.26415158863868354,0.6241543480513384,48.19453582131857,-3.5929026833544516e-06,0.10799482041397482,55.712965133881376,1.4943120792682305,-0.08496730200083252,0.1727748831030176,0.24175399436581044,0.15930410702514686,False,True,False,False,0.00015700000221841037,5.999999848427251e-05,False,False
2025-07-31,0.00011000000085914508,161388810,-0.018018511408488026,-0.11980117847550151,-0.17471689934245194,0.4378004654605839,0.24613307723019567,0.24613307723019567,0.6931471805599453,46.90617595819913,-4.1345334769118325e-06,0.10989640009358839,52.69526238726283,1.478614142299015,-0.10641753326588094,0.14726742472856422,0.22317358907710255,0.04213564542485737,False,False,False,False,0.00015700000221841037,5.999999848427251e-05,False,False
2025-08-01,0.00010399999882793054,163179613,-0.05608948573135203,-0.22314356530643606,-0.2534489248260463,0.2876820957721584,0.16705406558285782,0.2749430652716142,0.6370576948285933,43.17711926406453,-4.732255698894419e-06,0.11411528728062376,50.928295227656484,1.4697985193704404,-0.15755366967683845,0.07995844928033917,0.15974350543499832,0.011096203014322903,False,False,False,False,0.00015700000221841037,5.999999848427251e-05,False,False
2025-08-02,0.00010199999815085903,113124138,-0.019418092716036055,-0.23483955292258318,-0.3022809121915393,0.25552497255557804,0.15906467249188522,0.3074846341216772,0.58192150790608,41.97909541839771,-5.067744845313336e-06,0.11434444864958516,49.57166069998495,1.4732072036120936,-0.17542442427051366,0.05437252417661037,0.14125872071399026,-0.3067507887765367,False,True,False,False,0.00015700000221841037,5.999999848427251e-05,False,False
2025-08-03,0.00010699999984353781,85569276,0.04785603784420488,-0.19470562017826723,-0.24715205959997988,0.3687636962309726,0.2661096021243955,0.32902345058202787,0.647477128548274,46.0121363833493,-4.763010271285598e-06,0.10588834363306976,46.684245080284136,1.4545448940188066,-0.13883299325136342,0.09946567631224333,0.20157214888533798,-0.2435807466661094,False,False,False,False,0.00015700000221841037,5.999999848427251e-05,False,False
2025-08-04,0.00011100000119768083,111678845,0.03670137910260888,-0.06959325269002761,-0.2876821052263639,0.3920420510684908,0.3657248296846367,0.37879691622530315,0.8177099466781969,49.062558463383255,-4.125932383953095e-06,0.09864265518368272,44.10517390499366,1.4570368632200275,-0.11057690864183393,0.13288427105275277,0.250563330833324,0.3051278475232162,False,False,False,False,0.00015700000221841037,5.999999848427251e-05,False,False
2025-08-05,0.00010399999882793054,121568427,-0.06513932423077752,-0.10919932815178356,-0.37288895018315793,0.19004359149884362,0.23767165699622683,0.3136575919945256,0.7125652732759815,44.34093478228445,-4.00653552712745e-06,0.10394324019116014,46.645909108711066,1.4106544876971365,-0.1575536721594646,0.055623208388682205,0.17706976246218922,0.08855376324853648,False,False,False,True,0.00015700000221841037,9.899999713525176e-05,False,False
2025-08-06,0.00010699999984353781,79207934,0.028437945128168756,-0.04567005201167134,-0.20997309739713788,0.2661096021243955,0.2420120420947453,0.16196930776934962,0.8226812023690463,46.708004551692596,-3.5705615324766995e-06,0.09781793150878325,48.14237971008822,1.3989341277491008,-0.12474437693536199,0.07884653732174796,0.2152186243261409,-0.34844979116164754,False,False,False,False,0.00015700000221841037,9.899999713525176e-05,False,False
2025-08-07,0.00011700000322889537,155451255,0.08934512939550926,0.06169358879232606,-0.05810758968317538,0.251314437164859,0.3433333667113581,0.15700380166918576,0.7731899141450113,53.76626329595614,-2.5041557682295524e-06,0.08978311489318946,47.77481266010114,1.3871548369122415,-0.03624379539193282,0.1697660762028483,0.33083095344799945,0.9625717671161578,False,False,False,False,0.00015700000221841037,9.899999713525176e-05,False,False
2025-08-08,0.00011899999663000926,136785680,0.016949502397127,0.13473257692080512,-0.0884109883856308,0.2573348655534664,0.26826393956198613,0.07864309118945308,0.8278797574807505,55.04857083565547,-1.60334480678417e-06,0.08557030030834181,46.474231182171465,1.3874531596820985,-0.012038215371233426,0.17915176868926183,0.3552758575873572,-0.12007349184797511,True,False,False,False,0.00015700000221841037,9.899999713525176e-05,False,False
2025-08-09,0.00012099999730708078,125014316,0.01666705854893105,0.1708177281857723,-0.06402182473681098,0.16106154977764442,0.23144229650251913,0.15139963546973614,0.7884573302983293,56.35228089781906,-8.498926472764023e-07,0.08109637283250457,45.04208869498926,1.3359933156507156,0.011282888001196383,0.18720562488863057,0.3800182186559914,-0.08605699076102113,True,False,False,False,0.00015700000221841037,9.899999713525176e-05,False,False
2025-08-10,0.00011899999663000926,122161173,-0.016667058548930906,0.1062946317926365,-0.0884109883856308,0.21477523795358813,0.26826393956198613,0.06062457978096521,0.6847789278323035,54.64550446936053,-4.816330016609482e-07,0.08197154337622023,39.93518549861859,1.3105570686224657,0.006768167219875461,0.15578862383165118,0.3589904275223948,-0.022822530181263345,False,False,False,False,0.00015700000221841037,9.899999713525176e-05,False,False
2025-08-11,0.00010900000052060932,136824686,-0.08777557778690309,-0.018182325096875514,-0.08777557778690309,0.11663694501559954,0.27250729132158197,-0.053584263547646546,0.6482965997560182,46.98315909040591,-8.835526204855646e-07,0.09292921259014954,31.818288104292634,1.3516007386897653,-0.06115416717721623,0.049489703241458786,0.24706825285239944,0.12003415356858116,False,False,False,False,0.00015700000221841037,9.899999713525176e-05,False,False
2025-08-12,0.00011500000255182385,216348136,0.05358426354764646,0.10054126268154862,-0.008658065470235097,0.17022120856324593,0.36290554114126605,0.06280092174293642,0.7195804461016537,51.387598223467585,-7.240400932825023e-07,0.08862154995467118,29.447441713997254,1.3625396173990685,-0.002169169733937941,0.09816656429003362,0.31737215913565586,0.5812068883534658,False,False,False,False,0.00015700000221841037,9.899999713525176e-05,False,False
2025-08-13,0.00011899999663000926,240839700,0.034191314239256615,0.1062946317926365,0.06062457978096521,0.21477523795358813,0.4224146726929635,0.17395330406631293,0.8088315559099492,54.12385183401487,-3.4698028530357065e-07,0.0825265416761415,28.850698757106635,1.3648003697066562,0.03478258589123284,0.12668052301451665,0.3646006158446288,0.1132044142039661,False,False,True,False,0.00012399999832268804,9.899999713525176e-05,False,False
2025-08-14,0.0001049999991664663,178242205,-0.12516312257317203,-0.10821362017604494,-0.046520031383718866,0.048790181493140926,0.29725155011979154,0.0792494002293306,0.6649762939689664,44.6507659575459,-1.0012587251952986e-06,0.10045480564658688,27.46179730297749,1.4343057961651604,-0.07692307790714556,-0.012229544578057994,0.20578777261886458,-0.2599135233933608,False,False,False,False,0.00012399999832268804,9.899999713525176e-05,False,False
2025-08-15,0.00010399999882793054,112235157,-0.009569454347633108,-0.13473257692080512,0.0,-0.230806385073804,0.30058550545385915,0.14458120238134703,0.6554068396213333,44.05759424747456,-1.4357501242243936e-06,0.09967088802393675,25.774712017808234,1.057977345798733,-0.07555556205181795,-0.028037391388363437,0.19595214932836055,-0.3703222140906527,False,True,False,False,0.00012399999832268804,9.899999713525176e-05,False,False
2025-08-16,0.00010800000018207356,66132921,0.03774034093861201,-0.11365929453112407,0.05715843365464826,-0.1930660441351919,0.378066092041416,0.06701073362899232,0.6390799415607282,47.08568818526404,-1.3873457148566403e-06,0.09176920648803401,21.852959848289743,1.0695580587653202,-0.03052064045657063,0.0022271763043223195,0.24237892874001893,-0.4107646590631133,False,False,False,False,0.00012399999832268804,9.899999713525176e-05,False,False
2025-08-17,0.00010599999950500205,71262166,-0.01869213936781084,-0.11568437535000392,-0.009389743557367493,-0.23440072325524508,0.34595092840851455,0.0683192682445365,0.6029960539789629,45.75218298668209,-1.4185530781737062e-06,0.09019135339899981,21.424488086065367,1.0651226769205566,-0.042889392031852804,-0.02214022226909532,0.22056537085362046,0.0775596317604057,False,False,False,False,0.00012399999832268804,9.899999713525176e-05,False,False
2025-08-18,0.00010299999848939478,105772766,-0.02871011587870962,-0.05661891344181034,-0.07480123853868581,-0.29252473378341143,0.33066383679489564,0.039609152365826995,0.5742859381002534,43.750634615015784,-1.5586081327337822e-06,0.09034929843648197,21.916120829014687,1.058830577836654,-0.06448683909778728,-0.05400441898150327,0.18752520501488082,0.48427660759006397,False,False,False,False,0.00012399999832268804,9.899999713525176e-05,False,False
2025-08-19,9.7999996796716e-05,110568823,-0.049761527579565576,-0.15996470456902245,-0.05942344188747396,-0.3350134466156226,0.3222875378417579,-0.04000534917143785,0.5245244105206879,40.56538613593373,-1.8836278816806563e-06,0.09400708145503435,23.987158374168366,1.0679120862141136,-0.10420477593595255,-0.10371321318500679,0.13229343668425805,0.04534302336387808,False,True,False,False,0.00012399999832268804,9.899999713525176e-05,False,True
2025-08-20,0.00010299999848939478,108587757,0.04976152757956568,-0.1443944912287135,-0.03809985943607707,-0.36248334376504965,0.4300363414259907,-0.08376991144774835,0.4603417009456009,44.88655466581168,-1.6650718222147756e-06,0.08790916927038891,24.591617531027712,1.0433077162367124,-0.05547914391435614,-0.06346609334466721,0.19123343128853018,-0.01791703977892578,False,False,False,False,0.00012399999832268804,9.899999713525176e-05,False,False
2025-08-21,9.999999747378752e-05,69408027,-0.029558812837599424,-0.04879018149314084,-0.15700380166918582,-0.41210967732866566,0.4462870798910517,-0.00995033445512743,0.3566748919676066,42.872476755274924,-1.6240164945186865e-06,0.08836455791650269,25.387264690421453,1.0384084484856433,-0.08130456243421574,-0.0943669804690603,0.15653729967587893,-0.3608116705090427,False,False,False,False,0.00012399999832268804,9.899999713525176e-05,False,False
2025-08-22,0.00011100000119768083,154568327,0.10436005137628523,0.06513932423077748,-0.06959325269002761,-0.1732717182945291,0.4328640577153415,0.11441039090451285,0.4328640577153415,51.47089204025004,-7.992183168469237e-07,0.08421745116987757,24.661278556408927,1.0229429932135017,0.015553541113071744,-0.0005402329764783559,0.2833853780223867,1.226951747238111,False,False,False,False,0.00012399999832268804,9.899999713525176e-05,False,False
2025-08-23,0.00010599999950500205,85692670,-0.04609112265997629,-0.01869213936781084,-0.13235143389893486,-0.1568424626360523,0.3593739526736051,0.07847164345827512,0.2689899555406295,47.9388744582289,-5.456839743667483e-07,0.08593381804320747,24.747837259227236,1.0130295414876127,-0.02974828073532438,-0.05102954273175203,0.2250086632287176,-0.4456000678586629,True,False,False,False,0.00012399999832268804,9.899999713525176e-05,False,False
2025-08-24,0.00010299999848939478,118290922,-0.02871011587870962,-0.02871011587870962,-0.1443944912287135,-0.2328054796143444,0.37204906542132354,0.04976152757956568,0.25270236415180913,45.90350639214686,-5.346183307409585e-07,0.08697420590823855,25.28065656122294,0.9980393021654438,-0.05374368928065837,-0.08248709125789593,0.18971988027899375,0.3804088727775665,False,False,False,False,0.00012399999832268804,9.899999713525176e-05,False,False
2025-08-25,9.300000237999484e-05,141232982,-0.10212945481896758,-0.10212945481896758,-0.15874836826077807,-0.32721282933342305,0.29849299195756623,-0.08252097643649559,0.1887941363269831,39.832559309817974,-1.1216122797848054e-06,0.09943045607921282,28.227676104175796,1.0509188308182862,-0.14127420984636543,-0.1725978387604127,0.07384103112581238,0.19394607474612457,False,False,False,False,0.00012399999832268804,9.899999713525176e-05,False,True
2025-08-26,9.699999645818025e-05,92009953,0.042111423245178504,-0.010256503994223527,-0.17022120856324605,-0.29282351118813343,0.3262156732314168,-0.05026185316566144,0.10880281932622365,43.075606013069866,-1.1566841538975278e-06,0.09293919281283582,29.791089143631822,1.0653382506729983,-0.10018555345711076,-0.13930792314808915,0.11938141602594911,-0.3485236118571794,False,True,False,False,0.00012399999832268804,9.899999713525176e-05,False,False
2025-08-27,9.600000339560211e-05,83417771,-0.01036271515108556,-0.07038074672487475,-0.21477523795358816,-0.21477523795358816,0.2602830900700209,-0.01036271515108556,0.1335314359337936,42.45945327283676,-1.1604346196383417e-06,0.08943177629905442,30.46153188141856,1.026907034948384,-0.10070253614291085,-0.148936135079124,0.10758584983093762,-0.09338317996967127,False,False,False,False,0.00012399999832268804,9.899999713525176e-05,False,False
2025-08-28,9.899999713525176e-05,75426438,0.030771594359047732,-0.010050339528227637,-0.05884052102136851,-0.15847039482551897,0.2256719985978789,0.17627922551394465,0.1064834399391739,45.001121537515836,-8.864421495470706e-07,0.0826918166126395,29.442258063196086,1.0329894242574056,-0.06382980597198493,-0.12342838847400953,0.14186848108315792,-0.09579892754506714,False,False,False,True,0.00012399999832268804,9.200000204145908e-05,False,False
2025-08-29,9.300000237999484e-05,101558233,-0.06252030245314064,-0.17693069335765355,-0.11179136912687601,-0.185899366266716,0.2151113577108373,0.08994826611653095,0.07825222237196766,41.09168606309564,-1.025066785247511e-06,0.08788353103297733,28.461098859356614,1.047283361373705,-0.10876853862240436,-0.17509310850822943,0.07278812490158301,0.3464540510318146,False,False,False,False,0.00012399999832268804,9.200000204145908e-05,False,False
2025-08-30,9.40000027185306e-05,46754011,0.010695292445943756,-0.12014427825173342,-0.13883641761954432,-0.15718556241228418,0.28061490304829967,0.08894751481791126,0.08894751481791126,41.9961299800892,-9.659852284924907e-07,0.08301762127202449,26.93269211219499,1.0479927713089467,-0.08826379175678535,-0.16592721115430062,0.08419841850481571,-0.5396334731424483,False,True,False,False,0.00012399999832268804,9.200000204145908e-05,False,False
2025-08-31,9.200000204145908e-05,54954907,-0.021506211951729026,-0.11294037432475293,-0.14165049020346243,-0.12260228863266119,0.16507980713949727,0.044451776950196496,0.15234077663895293,40.651819102020006,-9.753337938768073e-07,0.08186920430327436,28.179158086850098,1.0337180749431734,-0.1002444760902941,-0.1829484678270283,0.061681405359204626,0.17540518609194833,False,False,False,False,0.00012399999832268804,9.200000204145908e-05,False,False
2025-09-01,8.800000068731606e-05,94699492,-0.0444517769501965,-0.05526269645598175,-0.15739215127494943,-0.1476359728668217,0.10788899968875652,0.011428699625063444,0.1598486612548556,38.029837779890045,-1.1524953546995072e-06,0.08597043214324866,28.611850545177003,1.0420455397156416,-0.12784934550651764,-0.21722112540350014,0.016048964320042557,0.7232217679851591,False,False,False,False,0.00012399999832268804,9.200000204145908e-05,False,True
2025-09-02,9.200000204145908e-05,79609393,0.044451776950196496,-0.05292234275096372,-0.06317884674518735,-0.15104023376082998,0.21772346247014268,0.11506936836356552,0.17798321682119794,42.05471291408594,-9.123834948041108e-07,0.07946442098062699,24.719362678813326,1.0399409800556976,-0.07584126405405488,-0.18105748195921967,0.06272383198332442,-0.159347201144437,False,False,False,False,0.00012399999832268804,9.200000204145908e-05,False,False
2025-09-03,9.300000237999484e-05,50279917,0.010810919505785315,-0.03174870809409289,-0.10212945481896758,-0.17693069335765355,0.2151113577108373,0.1887941363269831,0.20186622286764966,43.05054032983447,-6.126933489196661e-07,0.07529911529061428,24.967621442464548,1.030743570179524,-0.060131355704769296,-0.17112297023900128,0.07452342510170827,-0.36841727960417936,False,False,False,False,0.00012399999832268804,9.200000204145908e-05,False,False
2025-09-04,8.900000102585182e-05,50468204,-0.043963137486033296,-0.10648343993917393,-0.11653377946740158,-0.15575450661290924,0.03428908488593419,0.08191715038331754,0.15790308538161624,40.083163988172096,-6.09062915296083e-07,0.07707594968043496,26.164537106110174,1.0179926932717354,-0.09368634521147613,-0.20079021865521537,0.028604462229898167,0.0037447754736747996,False,False,False,True,0.00012399999832268804,8.600000001024455e-05,False,False
2025-09-05,9.100000170292333e-05,73590531,0.022223143971728438,-0.02173999351430494,-0.1986706868719585,-0.16196930776934962,0.10414029435504585,0.08004273432539559,0.0,42.227390660874335,-4.068929968993295e-07,0.0739221936722598,25.437780251544655,1.0156367233980543,-0.06522854132226155,-0.1769174945918036,0.052023141988193695,0.4581563274968137,False,False,False,False,0.00012399999832268804,8.600000001024455e-05,False,False
2025-09-06,9.000000136438757e-05,32355486,-0.011049839740166174,-0.043485125700414885,-0.16362940395214828,-0.2623642769050252,-0.011049839740166174,0.0809690898063328,-0.10536047523583936,41.429062199747094,-2.814061218087903e-07,0.07099202862840924,25.080131861944192,0.9564056923890836,-0.06784048599025858,-0.1794310588553592,0.04064290279091442,-0.5603308528919297,False,False,False,False,0.00012399999832268804,8.600000001024455e-05,False,False
2025-09-07,9.200000204145908e-05,42421786,0.021978913748685925,0.0,-0.11294037432475293,-0.2573348655534664,0.0,0.010929074008519689,-0.1786917743640132,43.72072411052458,-1.8466484273775326e-08,0.06681729336985064,24.755747050086725,0.9582654384537019,-0.04166665024523461,-0.1541007524624648,0.0640143657436286,0.3111157100220965,False,False,False,False,0.00012399999832268804,8.600000001024455e-05,False,False
2025-09-08,9.7999996796716e-05,109825675,0.06317884674518723,0.10763062369538379,0.052367927239402035,-0.21082307735721004,-0.049761527579565576,0.020619219145309217,-0.05942344188747396,50.0364990032284,5.721545177795247e-07,0.06261915612760749,24.755747050086725,0.9869905939926342,0.02083329480612744,-0.09242455175259617,0.1333410072093494,1.5888979544614177,True,False,False,False,0.00012399999832268804,8.600000001024455e-05,False,False
2025-09-09,9.600000339560211e-05,112516443,-0.020619219145309068,0.042559627599878185,-0.01036271515108556,-0.21477523795358816,0.0,0.053488701608397894,-0.15415065817262302,48.09884956919364,8.253539113977954e-07,0.0638220193602679,23.923866034821238,0.9875725151591674,0.0036592019069474633,-0.10230032210311976,0.11001911874489698,0.02450035476677015,True,False,False,False,0.00012399999832268804,8.600000001024455e-05,False,False
2025-09-10,9.699999645818025e-05,86843392,0.01036271515108555,0.042111423245178504,0.01036271515108555,-0.11663694501559956,0.0,0.15587034630598245,-0.17022120856324605,49.15897127839465,1.0433618262676542e-06,0.060861472559936305,23.638029547864612,0.9451588164988012,0.015706761966015968,-0.08369547809845408,0.12164658360386157,-0.2281715482242893,False,False,False,False,0.00012399999832268804,8.600000001024455e-05,False,False
2025-09-11,9.999999747378752e-05,83682134,0.030459218736189803,0.11653377946740145,0.010050339528227661,-0.13976198982705626,0.030459218736189803,0.22314355131420976,-0.07696106808411976,52.306345904602146,1.3531418714183502e-06,0.058390221841144,19.09608722677855,0.930793330945342,0.053185855228889,-0.04961036133542452,0.1559357022169808,-0.036401825483739714,False,False,False,False,0.00012399999832268804,8.600000001024455e-05,False,False
2025-09-12,0.0001049999991664663,132087271,0.048790181493140926,0.14310081698881402,0.12136082347450913,-0.12516312257317203,0.08961211538041618,0.29725155011979154,0.048790181493140926,57.07581066750216,1.828755014860468e-06,0.0557192443247187,18.60799419959906,0.939811802227402,0.10642780441635674,0.001526130032006229,0.21212120397636472,0.5784405187372492,True,False,False,False,0.00012399999832268804,8.600000001024455e-05,False,False
2025-09-13,0.00010699999984353781,161692447,0.018868490780535475,0.1730191475095158,0.12953402180910098,0.018868490780535475,0.06765867227367656,0.3161200409003272,0.09811789100986622,58.84852645555848,2.1877555458333077e-06,0.05544510706987444,20.38547692806116,0.834851570455939,0.1251314325035715,0.025100595586275566,0.23350048957917935,0.22413345189030354,True,False,False,False,0.00012399999832268804,8.600000001024455e-05,False,False
2025-09-14,0.00010199999815085903,94042042,-0.047856037844204787,0.10318419591662509,0.10318419591662509,-0.019418092716036055,-0.2502244777898401,0.281167412737823,0.12516310966531108,52.95996279928124,2.0031360140363067e-06,0.05891046758840507,21.11794988375881,0.8512582904464016,0.06750390157520135,-0.017719584410809563,0.17457390919910956,-0.4183893945275007,False,False,False,False,0.00012399999832268804,8.600000001024455e-05,False,False
2025-09-15,9.500000305706635e-05,119607822,-0.07109587137525174,-0.03109052220381384,0.07654010149156996,-0.12825430502989993,-0.32132034916509183,0.24981178701151602,-0.06124357140090745,46.01756238303026,1.355263560813424e-06,0.06625208412027665,21.09849707996398,0.8738360021020296,-0.004714485098282389,-0.07892182277984583,0.09321062313306773,0.27185479447585803,False,True,False,False,0.00012399999832268804,8.600000001024455e-05,False,False
2025-09-16,9.7999996796716e-05,77306882,0.03109052220381381,0.020619219145309217,0.06317884674518723,-0.07847164345827516,-0.3128723667135202,0.2674792849502395,-0.010152375213738655,49.0972758267884,1.0860827014539782e-06,0.06255198498900372,21.200773606565924,0.8807244271935362,0.02564098854319945,-0.04595018555278596,0.12669575653302695,-0.3536636592212171,False,True,True,False,0.00011100000119768083,8.600000001024455e-05,False,False
2025-09-17,0.00010199999815085903,112685533,0.04000534917143783,0.05026185316566149,0.0923732764108399,-0.009756178408127718,-0.3022809121915393,0.3209076583867678,0.029852973957699196,52.95142700850893,1.1297120496890043e-06,0.061408419673127226,21.76269646053275,0.8876868271508597,0.06583069740798532,-0.004295212858254112,0.17120218464332831,0.45763908832851397,False,False,False,False,0.00011100000119768083,8.600000001024455e-05,False,False
2025-09-18,0.00010199999815085903,96886821,0.0,0.0198026344294717,0.13633641389687318,0.04000534917143783,-0.29500809744418477,0.3622928870131958,0.0,52.95142700850893,1.1092720694075214e-06,0.05912294506761939,22.219918066516737,0.8695920340030205,0.06084241256557799,-0.002347432875334041,0.17026156809707355,-0.1402017772769465,True,False,False,True,0.00011100000119768083,9.300000237999484e-05,False,False
2025-09-19,9.600000339560211e-05,84487585,-0.06062456831674691,-0.08961211538041627,0.053488701608397894,-0.07038074672487475,-0.4328640904899244,0.35965559470111585,-0.15415065817262302,46.78850102487993,6.643122691552733e-07,0.06428349413304227,22.103265113391117,0.8774258142644177,-0.002597369453691602,-0.05845426007983062,0.10003441631338131,-0.1279764974433416,False,False,False,False,0.00011100000119768083,9.300000237999484e-05,False,False
2025-09-20,9.699999645818025e-05,50624016,0.01036271515108555,-0.09811789100986625,0.07490125649964963,-0.030459218736189713,-0.44256889606485544,0.41582786115486187,-0.040409553191317095,47.87734735803024,4.218059652997591e-07,0.06202194452817748,21.67760219350053,0.8728801255549719,0.005181311208993475,-0.04733847227556435,0.10996677664451322,-0.4008111842704464,False,True,False,False,0.00011100000119768083,9.300000237999484e-05,False,False
2025-09-21,9.500000305706635e-05,55873919,-0.020834018209590358,-0.07109587137525174,0.03208832454137336,-0.15565328832206538,-0.3289250066165945,0.27721076939327616,-0.04124289741755249,45.85630054186133,1.264926632655724e-07,0.06256365483712664,20.118066580539477,0.7877377972958419,-0.01910167256009845,-0.06569627011771155,0.08583841821090382,0.10370380334898766,False,False,False,False,0.00011100000119768083,9.300000237999484e-05,False,False
2025-09-22,8.499999967170879e-05,138146652,-0.11122567115211922,-0.11122567115211922,-0.14231619335593307,-0.22078783681420827,-0.3776302994502605,0.13858611585939698,-0.14231619335593307,37.36351293437675,-6.972684809895505e-07,0.07417321031516527,22.49444302239702,0.8597742816714504,-0.11917098719062007,-0.16041090624307502,-0.029126215609376543,1.4724711363095904,False,False,False,False,0.00011100000119768083,9.300000237999484e-05,False,True
2025-09-23,8.499999967170879e-05,72167458,0.0,-0.14231619335593307,-0.12169697421062389,-0.1920777209354986,-0.42488320054984297,0.17997134448582494,-0.14231619335593307,37.36351293437675,-1.1693015044968517e-06,0.07223646955281483,24.726484253141233,0.8566273162191496,-0.11550468411918297,-0.1560762521977986,-0.029901850769448055,-0.47760255529030116,False,True,False,False,0.00011100000119768083,9.300000237999484e-05,False,False
2025-09-24,8.499999967170879e-05,65197043,0.0,-0.1823215425273709,-0.13205968936170953,-0.08994826611653102,-0.4171610954499541,0.20854472584103514,-0.17246924255302667,37.363512934376736,-1.3934683302814762e-06,0.07043806741634658,26.011195001929728,0.7839738193980772,-0.11366006343542524,-0.15288020863936858,-0.03078677486382918,-0.09658667761305939,False,False,False,False,0.00011100000119768083,9.300000237999484e-05,False,False
2025-09-25,7.999999797903001e-05,115829435,-0.060624643216310434,-0.24294618574368146,-0.2231435513142097,-0.19268433257802,-0.4855078437661535,0.13353134065339686,-0.24294618574368146,33.49011640120111,-1.766438660790783e-06,0.07574470420293528,29.67178485075378,0.7914364154509926,-0.16098585876233795,-0.19839681170394385,-0.08889017528909936,0.7766056506581134,False,False,False,False,0.00011100000119768083,9.300000237999484e-05,False,False
2025-09-26,8.299999899463728e-05,76956371,0.03681398627203751,-0.1455076311548969,-0.23511974653531312,-0.1455076311548969,-0.36028286910848506,0.11477545891512402,-0.1558703463059825,37.665610746569406,-1.6985568698294823e-06,0.07209508871640655,31.536813005202347,0.8054634659603466,-0.12631579471398613,-0.162631161340131,-0.056121007667267846,-0.33560609183667345,False,False,False,False,0.00011100000119768083,9.300000237999484e-05,False,False
2025-09-27,8.199999865610152e-05,37597104,-0.012121364808546859,-0.16799171111452924,-0.26610960212439555,-0.18840059032249148,-0.3468709851480103,0.037271408275387524,-0.012121364808546859,36.83547070083611,-1.609315372506617e-06,0.06950400850827572,33.8227276218612,0.7954207078608614,-0.13227513960791903,-0.16649726657551228,-0.06860519252129559,-0.5114491040644316,False,False,False,False,0.00011100000119768083,9.300000237999484e-05,False,False
2025-09-28,8.299999899463728e-05,52950671,0.012121364808546796,-0.13503632809639207,-0.20613219947164385,-0.11375892306080397,-0.2996582893275199,0.10135243465003345,-0.023810656944272923,38.29992797342168,-1.3800608856874265e-06,0.06720419462615053,35.515354963445695,0.7712384360282815,-0.11466667134397568,-0.14976440043716563,-0.05836974086015917,0.40837100112817204,False,False,False,False,0.00011100000119768083,9.300000237999484e-05,False,False
2025-09-29,8.199999865610152e-05,65218989,-0.012121364808546859,-0.03593202175281973,-0.14715769290493896,-0.1365755803152945,-0.29376114272757875,0.14403932273300507,-0.04762806549738315,37.36694081015125,-1.1995568015067872e-06,0.06664924018414384,37.33928864665408,0.7699493030947188,-0.1187533645439728,-0.15359208448148648,-0.07087418446628582,0.23169334341391057,False,False,False,False,0.00011100000119768083,9.300000237999484e-05,False,False
2025-09-30,8.099999831756577e-05,78162141,-0.012270096973601586,-0.04820211872642133,-0.19051831208235442,-0.12733946533716708,-0.24994175396982832,0.03774034180233015,-0.08288768838697058,36.41172039928932,-1.0563368150133342e-06,0.06794364418294029,39.0935855914705,0.7680613014763635,-0.12195123028497928,-0.15905317117250242,-0.08319186742851731,0.19845680220525952,False,False,False,False,0.00011100000119768083,9.300000237999484e-05,False,False
2025-10-01,8.499999967170879e-05,84265468,0.048202118726421474,0.0,-0.1823215425273709,-0.03468556966054921,-0.1823215425273709,0.07320343002820716,-0.023256870035485794,42.7193824374246,-6.224975746014868e-07,0.0651635782935363,39.18608222879325,0.7749773600725277,-0.07103824810715864,-0.1119933141337747,-0.03911372512560309,0.0780854633958914,False,False,False,False,0.00011100000119768083,9.300000237999484e-05,False,False
2025-10-02,8.800000068731606e-05,97585499,0.034685569660549344,0.09531021287685981,-0.1476359728668217,-0.0444517769501965,-0.19549201071102645,0.17327168551994615,0.07061759141336911,46.968250470202605,-9.164527346330024e-08,0.06331635970634014,37.2143949628829,0.7684647905570126,-0.02923330095779661,-0.07465824475055108,-0.006828046912876065,0.158072236660455,False,False,False,False,0.00011100000119768083,9.300000237999484e-05,False,False
2025-10-03,9.699999645818025e-05,161930473,0.0973741197011603,0.15587034630598245,0.01036271515108555,0.042111423245178504,-0.134819270112475,0.25722278095601586,0.23090555957216158,57.22026528065317,8.552993061802434e-07,0.06291157313276821,34.233640154605254,0.8417190638874698,0.07598444020107287,0.021697880504496905,0.09258838376362323,0.6593702410641975,False,False,False,True,0.00011100000119768083,7.699999696342275e-05,False,False
2025-10-04,0.00010399999882793054,579657519,0.0696799458816974,0.23767165699622683,0.0696799458816974,0.15575450661290932,0.0,0.19004359149884362,0.23767165699622683,63.18201631904879,1.8838177586894403e-06,0.06753536975556815,34.9232673738505,0.8578116469823924,0.15235456701926745,0.09542868303894578,0.16867062703456195,2.579669152204601,True,False,False,False,0.00011100000119768083,7.699999696342275e-05,False,False
2025-10-05,9.999999747378752e-05,222515498,-0.03922072714550778,0.1863295650421722,0.051293236945780155,0.0943106354956731,-0.06765867227367649,0.198450929850719,0.17435336982106892,58.19153751173648,2.203260356161904e-06,0.07236273201793339,35.81201594441056,0.8691559385521886,0.1049723601441641,0.05507488772110333,0.12145337835524621,-0.6161259179663984,True,False,False,False,0.00011100000119768083,7.699999696342275e-05,False,False
2025-10-06,0.00010199999815085903,226108026,0.0198026344294717,0.2182535642801906,0.18232154252737084,0.12516310966531108,-0.1372011672397142,0.11411326992514477,0.2061321994716439,59.89714356812479,2.4394066724739966e-06,0.07147867913556746,36.74207850158642,0.8694768865860693,0.12458654039518861,0.07708551818867865,0.14138643134986184,0.01614506869090082,False,False,False,False,0.00011100000119768083,7.699999696342275e-05,False,False
2025-10-07,9.7999996796716e-05,290914990,-0.04000534917143785,0.19051831208235434,0.142316193355933,0.06317884674518723,-0.19415601880827912,0.06317884674518723,0.07410792075370688,55.05921730015526,2.222499299576357e-06,0.07709966034766856,35.81201594441056,0.8803130884351255,0.08287290490154856,0.03594077417853762,0.09442176653726225,0.28661947630288886,False,False,True,False,0.00011600000289035961,7.699999696342275e-05,False,False
2025-10-08,9.999999747378752e-05,136199362,0.020202714741966197,0.1625189080978992,0.1625189080978992,0.020202714741966197,-0.1906203626152439,-0.029558812837599424,0.04082193388727526,56.93231052994494,2.1108378813645336e-06,0.07444640104320946,35.27078747136076,0.855191729138789,0.10619467512979666,0.056635649924493874,0.11439235277546636,-0.531824186852661,False,False,False,False,0.00011600000289035961,7.699999696342275e-05,False,False
2025-10-09,9.300000237999484e-05,118437427,-0.07257064198136828,0.055262696455981704,0.15057290933284145,-0.03174870809409289,-0.2465239460476811,-0.03174870809409289,0.021739993514304955,49.20266366729057,1.4918263336755918e-06,0.0812444792435482,34.979469212768784,0.8899637191139568,0.030470953030496413,-0.01524774768278166,0.03465542243943211,-0.13041129370341686,False,False,False,False,0.00011600000289035961,7.699999696342275e-05,False,False
2025-10-10,6.70000008540228e-05,258459880,-0.327906886607023,-0.3700183098522015,-0.214147963546219,-0.3700183098522015,-0.48665525486780103,-0.3700183098522015,-0.214147963546219,31.88607791554783,-6.286690349684709e-07,0.1846743915495004,41.50090121725114,1.4446355191637632,-0.24507040544587602,-0.28556194237258137,-0.2545616260913376,1.1822483529636285,False,True,False,False,0.00011600000289035961,7.699999696342275e-05,False,True
2025-10-11,6.70000008540228e-05,217363855,0.0,-0.439698255733899,-0.20202659873767226,-0.40047752858839136,-0.5402395184154475,-0.3700183098522015,-0.17733397727418151,31.88607791554783,-1.918413282294387e-06,0.18107824943679865,46.81794400830751,1.4371668967691917,-0.2329707886458026,-0.27879439126955136,-0.2545201552357924,-0.15900349795101665,False,True,False,False,0.00011600000289035961,7.699999696342275e-05,False,False
2025-10-12,7.400000322377309e-05,150555000,0.09937250463109512,-0.3011050239572961,-0.11477545891512397,-0.349895205450437,-0.4750583280236091,-0.26028309007002076,-0.05264365533064544,38.630159677558446,-2.1687520465746363e-06,0.1618910746608034,48.95648792901069,1.4750250233781164,-0.14746539268894762,-0.19791888810698766,-0.17681735989101038,-0.3073595423673361,False,False,False,False,0.00011600000289035961,7.699999696342275e-05,False,False
2025-10-13,7.79999973019585e-05,147956110,0.05264365533064539,-0.2682640030561224,-0.05001043877593169,-0.3161200409003272,-0.29725155011979154,-0.24846136862665072,0.0,42.1546875896562,-1.940998915017249e-06,0.14902859096280335,49.929825546605514,1.488467729661005,-0.09774438241780523,-0.14995643536226608,-0.13270698235636316,-0.01726206369765204,False,False,False,True,0.00011600000289035961,1.9999999494757503e-05,False,False
2025-10-14,7.500000356230885e-05,147557164,-0.039220631065554915,-0.2674792849502394,-0.07696097286788496,-0.3074846341216773,-0.3269027268377133,-0.5577091119115172,-0.02631722138385423,40.28596261501279,-1.8678251809637477e-06,0.15249045159522326,51.539882355826606,1.4860455365235479,-0.12739960205886994,-0.17943103144917896,-0.1666666247288553,-0.002696380703710033,False,False,False,False,0.00011600000289035961,1.9999999494757503e-05,False,False
2025-10-15,7.100000220816582e-05,86568767,-0.054808252891518625,-0.34249025258372423,-0.17997134448582497,-0.29119701563794403,-0.41945132066784396,-0.6125173648030359,-0.04138522862642803,37.87507226762513,-1.954935704965296e-06,0.1556118584625751,53.71973972471409,1.4787197343514369,-0.16959061237050913,-0.21874997498088958,-0.21168042629438721,-0.4133204742265174,False,False,False,False,0.00011600000289035961,1.9999999494757503e-05,False,False
2025-10-16,6.70000008540228e-05,97634838,-0.05798727600466706,-0.327906886607023,-0.27264419015104135,-0.38027481384642503,-0.45874645730470026,-0.6931471805599453,-0.11279552889618565,35.581895783879375,-2.1334871251677284e-06,0.15951998928775873,57.45423777536165,1.4804301179425015,-0.20897283123911034,-0.25802878234759025,-0.25646430981441026,0.12782983266932746,False,False,False,False,0.00011600000289035961,1.9999999494757503e-05,False,False
2025-10-17,6.500000017695129e-05,117560877,-0.030305359519610352,-0.030305359519610352,-0.4003236693718119,-0.4505855225374733,-0.46034170094560095,-0.7528664347290125,-0.12967786415070537,34.458494298975296,-2.2274939475523134e-06,0.1603757301243128,61.52319971555873,1.469210847820732,-0.22480619616908545,-0.27471546272516845,-0.2788994856261992,0.20408738733196863,False,True,False,False,0.00011600000289035961,1.9999999494757503e-05,False,False
2025-10-18,6.500000017695129e-05,47230735,0.0,-0.030305359519610352,-0.47000361525350925,-0.4505855225374733,-0.41058017336603536,-0.745593619981658,-0.08829263552427742,34.458494298975296,-2.130869580830773e-06,0.15221702523349953,65.27736158824129,1.469210847820732,-0.21639541400994988,-0.2701549487641459,-0.2790994248377883,-0.5982444482784863,False,False,False,False,0.00011600000289035961,1.9999999494757503e-05,False,False
2025-10-19,6.70000008540228e-05,62146868,0.030305359519610265,-0.09937250463109516,-0.40047752858839136,-0.35965559470111597,-0.4300363414259907,-0.7925196851910404,0.0,36.7736149496744,-1.7873344332353385e-06,0.14245563610010215,68.01519686061297,1.4679206390003225,-0.1849148296271453,-0.24310889096755078,-0.25741201395967694,0.31581411976756235,False,False,False,False,0.00011600000289035961,1.9999999494757503e-05,False,False
2025-10-20,7.999999797903001e-05,611597069,0.17733397727418154,0.02531781731244086,-0.24294618574368146,-0.19268433257802,-0.2231435513142097,-0.6352532286428755,0.22314352857684194,49.30780113302802,-6.009812997229501e-07,0.1313204150452349,68.08576319443732,1.608705751989006,-0.02617165945861207,-0.09379249894230335,-0.11455453002527644,8.841156741800729,False,False,False,True,0.00011600000289035961,6.199999916134402e-05,False,False
2025-10-21,7.400000322377309e-05,260855770,-0.07796147264308642,-0.01342302426509058,-0.28090230921533,-0.24981178701151605,-0.40546507533358145,-0.5787367936281106,0.027398982381760074,44.88505650479524,-1.5972210875483646e-07,0.14051468882814078,69.00107730092192,1.6273796443814923,-0.09313721512686565,-0.15909087068167002,-0.18173269828489216,-0.5734842705729186,True,False,False,False,0.00011600000289035961,6.199999916134402e-05,False,False
2025-10-22,7.100000220816582e-05,135684791,-0.04138522862642803,0.0,-0.34249025258372423,-0.17997134448582497,-0.40075918130003313,-0.5576016439360855,-0.04138522862642803,42.81706687981548,-1.6788271115480986e-08,0.14102126144327037,70.22664826069382,1.5895938287884903,-0.12074300727537193,-0.18931260155186486,-0.2155562655971634,-0.479847461300166,False,False,False,False,0.00011600000289035961,6.199999916134402e-05,False,False
2025-10-23,7.300000288523734e-05,106423286,0.027779572529947363,0.08576684853461443,-0.2421400380724085,-0.1521917719558774,-0.3442694928913761,-0.5770749725057205,0.027779572529947363,44.64800342980401,2.50794877600804e-07,0.13127458357323213,69.19099124007094,1.5938609158869255,-0.08233812014207505,-0.16265194964943175,-0.194527164680944,-0.21565795830425827,False,False,True,False,8.800000068731606e-05,6.199999916134402e-05,False,False
2025-10-24,7.400000322377309e-05,86546358,0.01360565609648053,0.1296778641507054,0.09937250463109512,-0.13858611585939687,-0.22853438197592793,-0.555747211309351,0.06995860998163834,45.58615066647958,5.180893511468986e-07,0.12314631292714485,64.57144174933346,1.5951120010393176,-0.05188978012196093,-0.1482504220402973,-0.18452803582766367,-0.18677235732037067,False,False,False,False,8.800000068731606e-05,6.199999916134402e-05,False,False
2025-10-25,7.300000288523734e-05,49036483,-0.013605656096480583,0.11607220805422486,0.08576684853461443,-0.09156712873956695,-0.284251461317587,-0.5770749725057205,0.041964211913829964,44.769004340879434,6.423746694280205e-07,0.11689506243993554,60.39419007145056,1.5827171509976052,-0.048239868797125815,-0.15626441315738565,-0.19669872856461543,-0.4334078968406735,False,False,False,False,8.800000068731606e-05,6.199999916134402e-05,False,False
2025-10-26,7.500000356230885e-05,80580111,0.027028680361571057,0.1127955288961856,0.013423024265090467,-0.10135243465003337,-0.24686006580493033,-0.4616353037585184,0.013423024265090467,46.82211633115362,8.604983324367615e-07,0.10946038786585745,53.19894415911869,1.5799806094459472,-0.004644957752275938,-0.1301321779726981,-0.17564295769888855,0.6432685639384048,False,False,False,False,8.800000068731606e-05,6.199999916134402e-05,False,False
2025-10-27,7.300000288523734e-05,89420437,-0.027028680361571168,-0.09156712873956695,-0.06624931142712609,-0.11625975020305776,-0.30466034052554913,-0.463130735351068,-0.07898834192767024,45.0198518977899,8.68771657673304e-07,0.10834038448168347,46.27600641068619,1.5818733578470323,-0.014844784508011747,-0.14958058105092317,-0.19855077110930036,0.10970853589417362,False,False,False,False,8.800000068731606e-05,6.199999916134402e-05,False,False
2025-10-28,7.100000220816582e-05,607445893,-0.027779572529947453,-0.04138522862642803,-0.054808252891518625,-0.156160687541552,-0.2699196106023559,-0.4558189768690719,-0.054808252891518625,43.22793983007509,7.431010489486728e-07,0.10745978568295238,34.08628097754458,1.5829171057295823,-0.022711623250382538,-0.1676435855259227,-0.22119231803994763,5.793143864863913,False,False,False,False,8.800000068731606e-05,6.199999916134402e-05,False,False
2025-10-29,7.200000254670158e-05,164689543,0.013986246244667891,0.013986246244667891,0.013986246244667891,-0.13005307648833725,-0.2666286568036318,-0.42381421921591605,0.013986246244667891,44.41916104106177,7.29824216974801e-07,0.10236645136360134,22.72033429504426,1.5841004735955628,0.005586604100613693,-0.15114356865685724,-0.21074264017569783,-0.7288819549233498,False,False,False,False,8.800000068731606e-05,6.199999916134402e-05,False,False
2025-10-30,6.600000051548705e-05,95136787,-0.08701140455007465,-0.10080473083535421,-0.015037882300739679,-0.20479438406481024,-0.3321338494019774,-0.4547361380346387,-0.1670540422624802,39.1158567754661,3.3930240533568807e-07,0.11343615161641014,23.08238612092051,1.6100526579052978,-0.07756814845548327,-0.21615201407623005,-0.2768708161253172,-0.42232648614490353,False,False,True,False,7.699999696342275e-05,6.199999916134402e-05,False,False
2025-10-31,7.000000186963007e-05,72399092,0.058840518921524324,-0.05556986801031047,0.07410799614039507,-0.19415598386970737,-0.2288415535302566,-0.3764775263970782,-0.12095255384150008,43.92266691473024,3.702060629716489e-07,0.10339614030083748,22.391779009245326,1.6150488756090784,-0.023709899681899533,-0.16267940564067074,-0.23363256001806673,-0.2390000305560035,False,True,False,False,7.699999696342275e-05,6.199999916134402e-05,False,False
2025-11-01,7.100000220816582e-05,50619396,0.014184639383882537,-0.027779572529947453,0.08829263552427746,-0.21465691414637425,-0.25910869109657064,-0.4101489248574007,-0.04138522862642803,45.08982659640896,4.713341888128255e-07,0.09667051094103953,22.25516004566107,1.6100486813915376,-0.007686924469414494,-0.14375299118679197,-0.2234496084626796,-0.30082830320579157,False,False,False,False,7.699999696342275e-05,6.199999916134402e-05,False,False
2025-11-02,7.000000186963007e-05,53124515,-0.014184639383882395,-0.06899289227540095,0.04380263662078461,-0.3262156732314168,-0.28410424998623834,-0.4610349433438919,-0.06899289227540095,44.10132083323793,4.824667105862558e-07,0.09410906421014041,20.8295960008474,1.5652909003967437,-0.01616303576791137,-0.14821122415459545,-0.235056256676076,0.049489310382131,False,False,False,True,7.699999696342275e-05,6.399999983841553e-05,False,False
2025-11-03,5.999999848427251e-05,108931115,-0.15415073179838407,-0.1961149437122139,-0.2876820724517809,-0.5500463509114986,-0.3942918442985891,-0.5500463509114986,-0.3600027594126548,35.6779610493836,-1.3885066197882123e-07,0.11504673005451657,24.53072261937767,1.6142548456606975,-0.14772731412666262,-0.262355566203981,-0.3445488468456254,1.0504867667968356,False,False,False,False,7.699999696342275e-05,6.399999983841553e-05,False,True
2025-11-04,5.700000110664405e-05,135199371,-0.05129324971061773,-0.2196286208928842,-0.26101384951931217,-0.5621188734766084,-0.4678082379809352,-0.629777545750285,-0.3636679436258893,33.60431687084011,-6.769643935084497e-07,0.12247674730371239,29.880785650553126,1.6167680855929667,-0.1822094718868161,-0.2926284325545518,-0.3773213766839737,0.24114557167619188,False,True,False,False,7.699999696342275e-05,6.399999983841553e-05,False,False
2025-11-05,5.999999848427251e-05,75582704,0.051293249710617723,-0.1823216174269344,-0.16833537118226646,-0.5306282581954623,-0.40546514853015136,-0.6678294254351765,-0.4165149882703176,37.51535627115918,-7.502702967745422e-07,0.11518484803753157,32.28319045342687,1.6298940540686826,-0.13482339993557865,-0.24830871655771705,-0.3446204416226565,-0.440953730472607,False,False,False,False,7.699999696342275e-05,6.399999983841553e-05,False,False
2025-11-06,5.8000001445179805e-05,61329061,-0.03390150149666327,-0.12921171437352302,-0.23001644520887718,-0.5245244105206879,-0.46134556377550046,-0.7186804293289669,-0.46134556377550046,35.9931773796238,-8.457787865336726e-07,0.11557164356832343,35.119148160122535,1.628980918035942,-0.15942028756271032,-0.2652647433205861,-0.36646639511180784,-0.1885833960108122,False,False,False,False,7.699999696342275e-05,6.399999983841553e-05,False,False
2025-11-07,6.500000017695129e-05,113902613,0.11394423715465236,-0.07410799614039497,-0.12967786415070537,-0.4307828881080016,-0.41058017336603536,-0.6214032507232455,-0.46034170094560095,44.48363221681922,-3.7391030911421895e-07,0.10564947315265383,35.119148160122535,1.6880233377864,-0.057971032831650796,-0.1687979562248284,-0.2902767890627554,0.8572371913537042,False,False,False,True,7.699999696342275e-05,5.400000009103678e-05,False,False
2025-11-08,6.299999949987978e-05,69407850,-0.03125255416484815,-0.11954518968912567,-0.14732476221907304,-0.38946480029148156,-0.4212135083855745,-0.6359887463391626,-0.4212135083855745,42.73922376455426,-1.4466378530165458e-07,0.10575261581815687,35.962020213845626,1.6762008969910278,-0.08430235232762208,-0.18751613080452675,-0.3120393164512283,-0.39063865023008737,True,False,False,False,7.699999696342275e-05,5.400000009103678e-05,False,False
2025-11-09,6.299999949987978e-05,63902304,0.0,-0.10536055030524318,-0.17435344258064422,-0.06155791368445848,-0.43157622353666003,-0.5482131685522597,-0.43157622353666003,42.73922376455426,4.845960564189125e-08,0.1027340065090331,33.78950663742287,1.2322300533570563,-0.07284771048426703,-0.18032787971566416,-0.3117762769918057,-0.07932166174287203,False,False,False,False,7.699999696342275e-05,5.400000009103678e-05,False,False
2025-11-10,6.500000017695129e-05,69339958,0.03125255416484817,0.08004273565798908,-0.11607220805422482,-0.030305359519610352,-0.4307828881080016,-0.5705448779350578,-0.4003236693718119,45.23013898575996,3.363427910508012e-07,0.09685621074413833,33.1799004584879,1.237694879757679,-0.037037054203905205,-0.1476527684516739,-0.2896562997321429,0.08509323857869044,False,False,True,False,6.70000008540228e-05,5.400000009103678e-05,False,False
2025-11-11,5.999999848427251e-05,68937173,-0.08004273565798908,0.051293249710617723,-0.16833537118226646,-0.2097205998086945,-0.5596158052591316,-0.6847789278323035,-0.4700036898787153,40.488210600814554,2.2103787633323446e-07,0.10576607056874852,34.44998218453969,1.2125063888939245,-0.10380885126150809,-0.20802536661577609,-0.3435448731840289,-0.005808844014586811,False,False,False,False,6.70000008540228e-05,5.400000009103678e-05,False,False
2025-11-12,5.900000178371556e-05,64688629,-0.016807062821789388,-0.016807062821789388,-0.1991286802487238,-0.2791713179611294,-0.5952913588614566,-0.576422868080921,-0.5276326865877801,39.59414147478422,1.1383412949443526e-07,0.10592921110047777,35.251026362354715,1.1935665864713183,-0.10943395074280558,-0.21584261703792865,-0.3537433388852509,-0.0616292170843733,False,False,False,False,6.70000008540228e-05,5.400000009103678e-05,False,False
2025-11-13,5.700000110664405e-05,86006967,-0.03448618688882834,-0.017391748213954332,-0.1466034625874774,-0.27443687378440274,-0.58192150790608,-0.6013396006221161,-0.83214598569592,37.79647123501447,-4.67495333055103e-08,0.11058609572536877,35.997410036684634,1.1921865330674166,-0.12844036391046307,-0.23674342792165864,-0.37496571979379084,0.32955309657281506,False,False,False,False,6.70000008540228e-05,5.400000009103678e-05,False,False
2025-11-14,5.400000009103678e-05,92693686,-0.05406723899921709,-0.18540322436782392,-0.2595112205082189,-0.2736958598921013,-0.5648928755300454,-0.6931471805599453,-0.8862132246951372,35.21380660180738,-2.960837661125607e-07,0.11236018438602326,37.928694951038,1.191832078262811,-0.16214120501546492,-0.2718446632899297,-0.40678896886021965,0.07774624816150077,False,True,False,False,6.70000008540228e-05,5.400000009103678e-05,False,False
2025-11-15,5.500000042957254e-05,41631020,0.01834914479273994,-0.13580152541023577,-0.2553467150993614,-0.19735943909469425,-0.5776342529411194,-0.6561058963993945,-0.8905066196546395,36.7649015663719,-3.32029047843303e-07,0.10633357136114244,37.42765134828837,1.18214468352889,-0.1331757323090711,-0.252717390229803,-0.39483962698624203,-0.5508753422536246,False,False,False,False,6.70000008540228e-05,5.400000009103678e-05,False,False
2025-11-16,5.400000009103678e-05,63428119,-0.018349144792739955,-0.1541506702029757,-0.2595112205082189,-0.18540322436782392,-0.635988746905297,-0.6457449253134249,-0.9382696590968365,35.84080291074572,-3.5922056748712997e-07,0.10718056305966422,37.45504337925084,1.1798577620794803,-0.13600000689178707,-0.26067908374770904,-0.4046962830511195,0.5235783077138154,False,False,False,False,6.70000008540228e-05,5.400000009103678e-05,False,False
2025-11-17,5.0999999075429514e-05,77294280,-0.05715843365464813,-0.24256165802247212,-0.16251892236448298,-0.24256165802247212,-0.6931471805599453,-0.6531418313885075,-0.98815527800413,33.14889656926371,-5.063166087601458e-07,0.11098145404119839,39.15966090352011,1.1928628821779321,-0.17073172838171327,-0.2955801281257939,-0.43668195562472967,0.21861220573165663,False,False,False,False,6.70000008540228e-05,5.400000009103678e-05,False,True
2025-11-18,5.400000009103678e-05,73360657,0.05715843365464826,-0.10536048870983478,-0.05406723899921709,-0.21570858388743422,-0.5753641785885503,-0.6457449253134249,-1.0082282690784745,38.1514999289833,-3.367953532034932e-07,0.10261997872848486,37.7682391534128,1.2073299346900779,-0.10891089435821379,-0.24832962563844238,-0.4024896247053228,-0.05089151487018184,False,False,False,False,6.70000008540228e-05,5.400000009103678e-05,False,False
2025-11-19,5.199999941396527e-05,69231755,-0.03774034093861205,-0.12629376682665744,-0.14310082964844692,-0.4307829021002278,-0.6234672346782479,-0.6539264534144377,-1.0660361307431032,36.206296534571585,-2.9603189660169735e-07,0.10582311504086256,39.21749061139282,1.010660858840773,-0.13188649115044648,-0.27027786959513445,-0.423758870984463,-0.056282238584640765,False,False,False,False,6.70000008540228e-05,5.400000009103678e-05,False,True
2025-11-20,4.8000001697801054e-05,83093994,-0.08004266103278307,-0.1718502409706122,-0.1892419891845667,-0.4328640904899244,-0.6826758775014404,-0.8383291658235058,-1.011600884118035,32.62367770729139,-4.650686437888967e-07,0.1138934826026133,40.394648466162046,1.012333980205733,-0.18367344413453568,-0.3193420122534306,-0.4672881442095625,0.20022949006564983,False,False,False,False,6.70000008540228e-05,5.400000009103678e-05,False,False
2025-11-21,4.600000102072954e-05,103112958,-0.04255962759987817,-0.16034262957127332,-0.3457458539390972,-0.43403848946337464,-0.6140098339491995,-0.8347976707634077,-0.99164013339946,30.973387623239944,-6.280477844080864e-07,0.11812039134247705,40.79373875360265,1.012735782953358,-0.20069503284598617,-0.33983925622104494,-0.488604768473346,0.2409195061679188,False,False,False,False,6.70000008540228e-05,5.400000009103678e-05,False,False
2025-11-22,4.5000000682193786e-05,40403289,-0.021978913748685852,-0.20067068811269906,-0.3364722135229348,-0.4837969757420079,-0.6359887476978854,-0.8280664686333841,-1.0608719482477285,30.152091998181618,-7.134373653603623e-07,0.11688253252300584,40.82012523098422,1.0014192620079505,-0.20071046947360355,-0.3444055909772173,-0.49885850296769635,-0.6081647759537652,False,True,False,False,6.70000008540228e-05,5.400000009103678e-05,False,False
2025-11-23,4.5000000682193786e-05,38258389,0.0,-0.18232154331995915,-0.3364722135229348,-0.4974026318384885,-0.6359887476978854,-0.7259370138144164,-1.0531498431478394,30.152091998181618,-6.802752970484534e-07,0.11170838440112728,44.47428209510652,0.9974516788126055,-0.18991898329292137,-0.3329380343497028,-0.4979919598850125,-0.053087262277088376,False,False,False,False,6.70000008540228e-05,5.400000009103678e-05,False,False
2025-11-24,4.8999998398358e-05,65228273,0.0851577604938731,-0.04000534917143785,-0.2825670071939099,-0.3986392152481348,-0.4902063439877017,-0.6828906765657218,-0.9757141877538552,37.80294074222808,-3.1772476759438345e-07,0.10255015483896249,45.88742551007192,1.0587638443123195,-0.11151408350316393,-0.2624925067028034,-0.4520854473419684,0.7049403988233796,False,False,False,False,6.70000008540228e-05,5.400000009103678e-05,False,False
2025-11-25,4.8999998398358e-05,50085688,0.0,-0.09716378282608595,-0.2025242715359209,-0.42566789560970586,-0.5270203302597394,-0.6725279614146361,-0.8873031993682244,37.80294074222808,-2.2271780358783144e-08,0.09959831794184723,46.587876659761584,1.049970809926583,-0.10256413374336108,-0.2505353649106597,-0.45051866059098733,-0.2321475688924034,False,False,False,False,6.70000008540228e-05,5.400000009103678e-05,False,False
2025-11-26,4.999999873689376e-05,48651268,0.020202714741966197,-0.03922072714550778,-0.16551449397216522,-0.3784365005061686,-0.49469625070922635,-0.6830968410317176,-0.8415672358572366,39.71745054522962,2.795060808206619e-07,0.09492017930190556,47.11701717522425,1.0556110159252663,-0.07749079781818334,-0.22384355587162663,-0.4374121092844962,-0.02863931908053252,False,False,False,False,6.70000008540228e-05,5.400000009103678e-05,False,False
2025-11-27,4.999999873689376e-05,39856850,0.0,0.04082193388727526,-0.1310283070833369,-0.3506569279762211,-0.5068176155177732,-0.6205765385785771,-0.8064759048452931,39.71745054522962,5.049738199889629e-07,0.09099731039119198,44.43001286796368,1.0550351226392667,-0.06454632692404955,-0.21160520180896128,-0.4356977734016029,-0.18076441501997442,False,False,False,False,6.70000008540228e-05,5.400000009103678e-05,False,False
2025-11-28,4.8999998398358e-05,53084455,-0.020202714741966152,0.06317884674518723,-0.09716378282608595,-0.3848458889628553,-0.5148989654511925,-0.6514745457664871,-0.8086601081787713,38.34844603187748,6.058238386947581e-07,0.0905951214388992,42.347503575130474,1.0512964964576723,-0.07109007511067625,-0.21650147379150128,-0.445010777471024,0.33187783279411187,False,False,False,False,6.70000008540228e-05,5.400000009103678e-05,False,False
2025-11-29,4.8000001697801054e-05,26516355,-0.020619219145309068,0.06453854134856404,-0.13613214676413501,-0.3184537035580898,-0.5232480876229001,-0.6505875529600671,-0.7731898415927284,36.97590470823297,6.218985969271346e-07,0.08736470996165598,39.598577582992725,1.017288180303988,-0.07692304355699911,-0.22779920972168582,-0.4542663662341274,-0.5004873837359731,False,False,False,False,6.70000008540228e-05,5.400000009103678e-05,False,False
2025-11-30,4.70000013592653e-05,31971529,-0.02105341564814922,0.0434851257004148,-0.13883641761954432,-0.3983476381277632,-0.5925036219974705,-0.6271891916580199,-0.7748251645248414,35.60357784405939,5.825775340088153e-07,0.0858899336610453,33.65949049006108,0.9863324586018665,-0.08023480739737503,-0.23898962458235115,-0.4637763671975074,0.20572865312747557,False,False,False,False,6.70000008540228e-05,5.400000009103678e-05,False,False
2025-12-01,4.3000000005122274e-05,70605615,-0.08894751481791138,-0.13062014961136964,-0.17062549878280753,-0.501479792329557,-0.7161367064759311,-0.7605884834261276,-0.9116287171869577,30.696019291206454,3.1781585037178336e-07,0.0954796555987444,32.905098690249865,1.015363632508833,-0.14427860847795954,-0.29669611513885535,-0.5078120523072446,1.2083903150205924,False,True,True,False,5.199999941396527e-05,5.400000009103678e-05,False,False
2025-12-02,4.8000001697801054e-05,60803492,0.1100009304660605,-0.020619219145309068,-0.11778300197139516,-0.377294222479614,-0.7035098957110308,-0.6613984724658524,-0.8383291658235058,41.542877797865714,4.992664003225515e-07,0.08835286276668694,29.25196146152112,1.1074797774973906,-0.03420519898646057,-0.2071357601311744,-0.4490357927708612,-0.1388292276754476,False,False,False,False,5.199999941396527e-05,5.400000009103678e-05,False,False
2025-12-03,4.999999873689376e-05,52310095,0.04082193388727526,0.0,-0.03922072714550778,-0.1823215567939546,-0.7323679077054531,-0.5766134010925439,-0.7323679077054531,45.235133043309624,7.582909785058965e-07,0.08304598166093752,26.17356576726063,0.9970869309559578,0.013171200916413921,-0.1672218825765498,-0.42475841253981994,-0.1396860068497382,False,False,False,False,5.199999941396527e-05,5.400000009103678e-05,False,False
2025-12-04,4.8000001697801054e-05,46347884,-0.040821933887275265,-0.040821933887275265,0.0,-0.1718502409706122,-0.7339691144472206,-0.6396584789515474,-0.8016277867208971,42.35418580020811,7.953603824397733e-07,0.08627958687697752,24.932662881570128,0.9917651090184583,-0.021406694260000355,-0.1943605042345548,-0.44607925993293357,-0.11397821013324483,False,False,False,True,5.199999941396527e-05,4.199999966658652e-05,False,False
2025-12-05,4.5000000682193786e-05,51367017,-0.06453854134856407,-0.08515776049387319,-0.021978913748685852,-0.2876820320297939,-0.8183102902252564,-0.6931471805599453,-0.9555114574649705,38.403215581522744,6.257386389458914e-07,0.09180708665534337,23.517051484236365,0.9902406984752032,-0.073120481525422,-0.23909367306895973,-0.47907622036560304,0.10829260295896148,False,False,False,False,5.199999941396527e-05,4.199999966658652e-05,False,False
2025-12-06,4.70000013592653e-05,34764909,0.0434851257004148,-0.02105341564814922,0.0434851257004148,-0.2102954048327158,-0.7348198153534036,-0.6716409686082164,-0.9289758341616827,42.269603151190125,6.531209827768688e-07,0.08466131546133686,21.41657280600155,1.0030348277678804,-0.024896239957579384,-0.20040828841333178,-0.45428155157866185,-0.32320560876641913,False,False,False,False,5.199999941396527e-05,4.199999966658652e-05,False,False
2025-12-07,4.5000000682193786e-05,46627502,-0.043485125700414885,-0.043485125700414885,0.0,-0.36772476768778317,-0.7985076557957846,-0.7783049410538185,-0.9891280184110285,39.59319365348552,5.457869077074385e-07,0.08686994512510733,21.599189170614306,0.9101051693269457,-0.06054278734704602,-0.22918807567524266,-0.47576886432726917,0.34122318571292687,False,False,True,False,5.0999999075429514e-05,4.199999966658652e-05,False,False
2025-12-08,4.8999998398358e-05,88706539,0.0851577604938731,0.13062014961136964,0.0,-0.25131445302906175,-0.6407792533205433,-0.6725279614146361,-0.8873031993682244,46.84259945863251,7.413037423402851e-07,0.08282641241843577,18.444126770503846,0.9682481822357595,0.02833154817879149,-0.15546367031950709,-0.4270681273116913,0.902451025577137,False,False,False,False,5.0999999075429514e-05,4.199999966658652e-05,False,False
2025-12-09,5.0999999075429514e-05,102399161,0.04000534917143783,0.06062456831674695,0.04000534917143783,-0.21130910385762394,-0.2728670175420824,-0.6428853273942838,-0.7595222724098835,50.06916469201536,9.870676245734419e-07,0.08089694970282243,17.706975300069054,0.982554052361689,0.07142854959196396,-0.11211701815077035,-0.4019349271703797,0.15435865443921792,False,False,False,False,5.0999999075429514e-05,4.199999966658652e-05,False,False
2025-12-10,4.8999998398358e-05,61907671,-0.04000534917143785,-0.020202714741966152,-0.020202714741966152,-0.2825670071939099,-0.3128723667135202,-0.7133498953019115,-0.8531118851289677,46.997086047850146,9.939215655146218e-07,0.08255784190588618,17.861838740143003,0.9790290367554992,0.028331552104340744,-0.13944506670521586,-0.4236989308501432,-0.395427946914526,False,False,False,False,5.0999999075429514e-05,4.199999966658652e-05,False,False
2025-12-11,4.8000001697801054e-05,60925109,-0.020619219145309068,0.0,-0.040821933887275265,-0.22314349068123,-0.4328640904899244,-0.7827592959403615,-0.9079224185135335,45.49404901172482,9.12224658091022e-07,0.08272223063462814,17.546683188136782,0.9464770172677399,0.005235638153919444,-0.15014162152806504,-0.4337953206732231,-0.015871409538246062,False,False,False,False,5.0999999075429514e-05,4.199999966658652e-05,False,False
2025-12-12,4.600000102072954e-05,43511183,-0.04255962759987817,0.021978913748685925,-0.06317884674518735,-0.24889605545931867,-0.5280673734204481,-0.8441874143207753,-0.8253189235402396,42.562215932854,7.134114192028685e-07,0.08636439475745823,17.067841733354783,0.9539187967608127,-0.03765688227065614,-0.17769037208969843,-0.4557179080439498,-0.28582511030058233,False,False,True,False,5.2999999752501026e-05,4.199999966658652e-05,False,False
2025-12-13,4.600000102072954e-05,22314423,0.0,-0.021506211951729026,-0.04255962759987817,-0.21440986857049038,-0.48884674235489317,-0.7963313764765705,-0.8157494691926065,42.562215932854,5.776234130907294e-07,0.08174830493991614,16.566699100292634,0.9495765374864348,-0.03866246580599283,-0.16937521456306784,-0.4539411088218963,-0.4871566006375878,False,False,False,False,5.2999999752501026e-05,4.199999966658652e-05,False,False
2025-12-14,4.5000000682193786e-05,30454972,-0.021978913748685852,0.0,-0.043485125700414885,-0.18232154331995915,-0.4560174032120604,-0.7472144188500046,-0.8754687238799045,41.028960424579616,4.233224275185167e-07,0.08077061483251148,17.25991867713316,0.9361216547345493,-0.05561383914009089,-0.17913169792291017,-0.46399856294399,0.36481109101499065,False,False,False,False,5.2999999752501026e-05,4.199999966658652e-05,False,False
2025-12-15,4.3000000005122274e-05,47221425,-0.04546238911749652,-0.13062014961136964,0.0,-0.24613307723019553,-0.4434925163248899,-0.823767330171315,-0.90223897362959,38.07474611137072,2.007240548468583e-07,0.08513423877304462,19.129020504339547,0.9416099236733304,-0.09186906400326046,-0.2063492116782664,-0.4861683699197477,0.5505325370189142,False,False,False,False,5.2999999752501026e-05,4.199999966658652e-05,False,False
2025-12-16,4.3000000005122274e-05,41974671,0.0,-0.17062549878280753,-0.11000093046606055,-0.2277839324374556,-0.41318715680527957,-0.8637726793427528,-0.8735288577508805,38.07474611137072,7.416505772450227e-08,0.08237548197834751,20.139842306613062,0.9412969214609614,-0.08510638808408064,-0.1974617440423857,-0.48493741437907023,-0.11110960755631583,False,False,False,False,5.2999999752501026e-05,4.199999966658652e-05,False,False
2025-12-17,3.9999998989515007e-05,47525778,-0.07232068696087397,-0.20294083657224354,-0.2231435513142097,-0.24294618574368146,-0.4855078437661535,-0.9360933663036267,-0.8960880171321889,33.83640137133685,-1.7718598107273392e-07,0.08937124473185867,23.32118885023516,0.9527616065187159,-0.13978497315650854,-0.24471301355749808,-0.5195772405766093,0.1322489698608953,False,False,False,False,5.2999999752501026e-05,4.199999966658652e-05,False,True
2025-12-18,3.7999998312443495e-05,54836543,-0.05129331353480811,-0.23361493096174246,-0.23361493096174246,-0.3513979329331377,-0.5671065168205719,-0.9267621115216877,-0.9971428582465626,31.332337069935818,-4.293564890624065e-07,0.09299445356998756,28.00220440856107,0.9341874714968875,-0.17301418750763375,-0.2731446405214965,-0.5422789896616221,0.15382736080617132,False,True,False,False,5.2999999752501026e-05,4.199999966658652e-05,False,False
2025-12-19,4.199999966658652e-05,43667002,0.10008349502794901,-0.09097180833391537,-0.06899289458522952,-0.21357409696657653,-0.6443569990668044,-0.8370413316448244,-0.8675005503810141,40.772873089207266,-2.849367269235099e-07,0.08493071390139689,28.83256842537156,1.0067371991601861,-0.07995619921348732,-0.18918919792064195,-0.4926923586021919,-0.20368791300356037,False,False,False,False,5.2999999752501026e-05,4.199999966658652e-05,False,False
2025-12-20,4.099999932805076e-05,20646772,-0.02409756002965014,-0.11506936836356554,-0.1365755803152945,-0.15762899596344374,-0.5904930864533682,-0.8403048734648842,-0.9959581617869496,39.31756257948165,-2.179515879456802e-07,0.08252991382745584,30.205459618158155,0.9741167460702723,-0.09592063369403228,-0.19953144764973862,-0.5033914813945377,-0.5271767912988393,False,False,False,False,5.2999999752501026e-05,4.199999966658652e-05,False,True
2025-12-21,4.099999932805076e-05,25556619,0.0,-0.09309045461487965,-0.09309045461487965,-0.11506936836356554,-0.5491078578269403,-0.729079202312765,-0.9498670391269732,39.31756257948166,-1.386980011019547e-07,0.07837708087971904,31.11238278246195,0.9648704171295749,-0.09392266756898195,-0.19004347496785912,-0.502155311829097,0.23780216103514884,False,False,False,False,5.2999999752501026e-05,4.199999966658652e-05,False,False
2025-12-22,3.9999998989515007e-05,36581032,-0.024692621463490678,-0.07232068696087397,-0.20294083657224354,-0.11778307607837046,-0.6015800518203783,-0.7537718237762557,-0.9458495447117545,37.75468635736811,-1.1941095741990802e-07,0.07638390150600456,32.436684749705,0.965558852057482,-0.1081382591907167,-0.20031989194228353,-0.5132043452404014,0.43137212320612517,False,False,False,False,5.2999999752501026e-05,4.199999966658652e-05,False,False
2025-12-23,3.9999998989515007e-05,27419542,0.0,-0.07232068696087397,-0.24294618574368146,-0.11778307607837046,-0.615185707916859,-0.7537718237762557,-0.8437200898927868,37.75468635736811,-7.463099279819882e-08,0.0744993384119967,32.302596193763705,0.965558852057482,-0.09808344836817848,-0.19387345834287792,-0.5119570650233592,-0.25044372723000274,False,False,False,False,5.2999999752501026e-05,4.199999966658652e-05,False,False
2025-12-24,3.9999998989515007e-05,23926458,0.0,0.0,-0.20294083657224354,-0.20294083657224354,-0.6015800518203783,-0.6931471805599453,-0.8858315131379653,37.75468635736811,-1.604989982342973e-08,0.07096367203220745,32.74870388329478,0.9108085135170988,-0.08987487625025976,-0.18831170796576302,-0.5106435166207265,-0.12739395865911984,False,False,False,False,5.2999999752501026e-05,4.199999966658652e-05,False,False
2025-12-25,3.899999865097925e-05,23433263,-0.025317817312440958,0.025975496222367094,-0.2076394347393754,-0.22825865388468447,-0.6539265494943906,-0.7552789841444237,-0.9007866152993207,35.96894033806787,-1.5670549117622714e-08,0.07124745521468698,34.32147395022327,0.9127210260476356,-0.10652923396654909,-0.2018010910856882,-0.5215898109106942,-0.02061295491376114,False,False,False,False,5.2999999752501026e-05,4.199999966658652e-05,False,False
2025-12-26,3.9999998989515007e-05,29461037,0.02531781731244086,-0.04879018149314084,-0.13976198982705626,-0.2231435513142097,-0.6015800518203783,-0.717839802023436,-0.9062403923459275,39.07241001965193,7.588027809399209e-08,0.06807582175801127,34.57731022015821,0.9148546204629981,-0.0762124851022981,-0.17525775113654476,-0.507783191303478,0.25723152597228993,False,False,False,False,5.2999999752501026e-05,4.199999966658652e-05,False,False
2025-12-27,4.099999932805076e-05,19412990,0.024692621463490633,0.0,-0.11506936836356554,-0.19845092985071905,-0.5491078578269403,-0.7052685453684922,-0.8190274684292961,42.094856659655,2.196034283486482e-07,0.06341363650694651,34.83680033477339,0.9214123055747989,-0.048723902318275884,-0.14618909983878,-0.49376467086458414,-0.34106223076940567,False,False,False,False,5.2999999752501026e-05,4.199999966658652e-05,False,False
2025-12-28,4.099999932805076e-05,25543590,0.0,0.0,-0.09309045461487965,-0.17824821510875283,-0.5630941040716081,-0.6931471805599453,-0.8297227608752398,42.094856659655,3.2417476885659654e-07,0.06062625193924608,33.00031351248511,0.9203566844197075,-0.03981265175728649,-0.1382934125765759,-0.49219718463412204,0.3157988542723198,False,False,False,False,5.2999999752501026e-05,4.199999966658652e-05,False,False
2025-12-29,3.899999865097925e-05,38122264,-0.05001043877593169,-0.025317817312440958,-0.09763850427331489,-0.2076394347393754,-0.5260931382974652,-0.7308875223622754,-0.8582269876994425,37.75102709373964,2.703504803300442e-07,0.06467727837206662,28.959152358644612,0.9318936243140717,-0.07363422572479221,-0.17197454856425132,-0.5156483030661527,0.4924395513708135,False,False,False,False,5.2999999752501026e-05,4.199999966658652e-05,False,False
2025-12-30,3.9999998989515007e-05,27244793,0.02531781731244086,0.0,-0.07232068696087397,-0.16126820177878523,-0.5596158399065484,-0.7537718237762557,-0.7884573934368051,41.02779582118751,3.1090531113863955e-07,0.06034175034384414,25.27745841297604,0.9370653890078802,-0.03961586017974649,-0.14163092005072977,-0.5019920446620763,-0.28533119124299644,False,False,False,False,5.2999999752501026e-05,4.199999966658652e-05,False,False
2025-12-31,3.899999865097925e-05,30223124,-0.025317817312440958,-0.025317817312440958,-0.025317817312440958,-0.09763850427331489,-0.5991182966028717,-0.813775210749246,-0.8582269876994425,38.826748853146974,2.8014520733623466e-07,0.059299836711760104,21.839273498668987,0.8907822270123952,-0.05339807711271911,-0.15547858852125349,-0.5132605475032425,0.10931743911579739,False,False,False,False,5.2999999752501026e-05,4.199999966658652e-05,False,False
2026-01-01,4.400000034365803e-05,49108076,0.12062803018930073,0.12062803018930073,0.1466035264116678,-0.08701140455007465,-0.4643056270296887,-0.7905213002611056,-0.7484098770159271,52.5373817902693,5.885663845278004e-07,0.058547107016943364,20.157978112695076,0.9083853724108135,0.07055963568801671,-0.040976448993802005,-0.44969044696338867,0.6248510908402454,False,False,False,False,5.2999999752501026e-05,4.199999966658652e-05,False,False
2026-01-02,4.8999998398358e-05,139804190,0.10763062369538379,0.20294083657224363,0.15415065507910272,-0.020202714741966152,-0.2025242715359209,-0.7525706224474192,-0.5968161158345099,61.76588642938599,1.0920701758504257e-06,0.0575640599989037,24.12091068639806,0.9762162087610825,0.1878787712022126,0.07174100292347725,-0.38608033126857494,1.8468675905771588,True,False,False,False,5.2999999752501026e-05,4.199999966658652e-05,False,False
2026-01-03,5.0999999075429514e-05,108822385,0.04000534917143783,0.2182535642801906,0.2182535642801906,0.06062456831674695,-0.11122567265386532,-0.6733445461304736,-0.5790339106348006,64.72079108264728,1.4975115966572054e-06,0.0583589689507537,30.666804002603463,0.9750880218145171,0.22743682594949402,0.11695136583859607,-0.3601003883499239,-0.22160855837010318,True,False,False,False,5.2999999752501026e-05,4.199999966658652e-05,False,False
2026-01-04,5.700000110664405e-05,190370302,0.11122567265386528,0.329479236934056,0.329479236934056,0.2363887823191762,-0.05129324971061773,-0.58192150790608,-0.4567583982407691,71.7695958217736,2.0720931240142514e-06,0.05851127508105119,43.886027091301564,1.0159607929828738,0.34911247759720776,0.24726480114232988,-0.28400953290647063,0.7493671178039334,True,False,False,False,5.2999999752501026e-05,4.199999966658652e-05,True,False
2026-01-05,5.8000001445179805e-05,131246691,0.01739174821395432,0.39688142392394193,0.371563606611501,0.21029540483271572,0.0,-0.5245244105206879,-0.46134556377550046,72.74693525755497,2.3987567337715253e-06,0.06078430152738945,53.68014803343926,1.0085005229565598,0.3488372655739294,0.26692882746276875,-0.2707154353081715,-0.31057160901073744,True,False,False,False,5.2999999752501026e-05,4.199999966658652e-05,False,False
2026-01-06,5.700000110664405e-05,119213324,-0.017391748213954332,0.35417185839754667,0.35417185839754667,0.2363887823191762,-0.13133598536860674,-0.5621188734766084,-0.5419161587346423,70.13218403880572,2.4198033268766343e-06,0.0649515813039682,59.06632234714808,0.9960875338918157,0.2998860184304654,0.24183009426562685,-0.2826579273142996,-0.09168510770302007,False,False,False,False,5.2999999752501026e-05,4.199999966658652e-05,False,False
2026-01-07,5.500000042957254e-05,77400288,-0.03571809420647719,0.3437715815035104,0.31845376419106947,0.11551292761882591,-0.13580152541023577,-0.5252663257017173,-0.5570150337958103,65.092952405625,2.1788588908612086e-06,0.0677001605553913,60.50038372833044,0.9668609842417436,0.23042507959787842,0.19773520543976963,-0.3073047805997032,-0.35074129801128606,False,False,False,False,5.2999999752501026e-05,4.199999966658652e-05,False,False
2026-01-08,5.2999999752501026e-05,68932603,-0.0370412841605508,0.18610226715365896,0.3067302973429597,0.0384662942868373,-0.17284280957078654,-0.23440072325524508,-0.6044190331074466,60.41779225305765,1.7813681987303258e-06,0.07062751586797683,61.55401030787064,0.9679478728999952,0.17127072587201073,0.15367871008706047,-0.3320310070713088,-0.10940120791281815,False,True,False,False,5.2999999752501026e-05,4.199999966658652e-05,False,False
2026-01-09,5.2999999752501026e-05,53708919,0.0,0.07847164345827512,0.28141248003051866,0.07847164345827512,-0.20409536373563475,-0.23440072325524508,-0.6348782518436364,60.41779225305765,1.4301697373607756e-06,0.06827811202081825,61.82889430068329,0.9564607142962638,0.15594330018350405,0.1511728928274718,-0.331230287025109,-0.2208488195346402,False,True,True,False,6.199999916134402e-05,4.199999966658652e-05,False,False
2026-01-10,5.0999999075429514e-05,27266475,-0.03846629428683731,0.0,0.2182535642801906,0.06062456831674695,-0.16251892236448298,-0.3722395221731775,-0.7221347276236145,55.77211531141655,9.955017361063297e-07,0.06868854415803219,61.10100054902008,0.9639143066252188,0.10032361646712801,0.10533158522800065,-0.3555316978640501,-0.4923287322167106,False,False,False,False,6.199999916134402e-05,4.199999966658652e-05,False,False
2026-01-11,5.0999999075429514e-05,32050635,0.0,-0.11122567265386532,0.2182535642801906,0.10318419591662509,-0.14571185954269356,-0.42488317750382293,-0.7410032184041501,55.77211531141655,6.566690802248797e-07,0.06798390174617525,59.634449179266404,0.9504778981435096,0.0874200343743236,0.10246431857231678,-0.35471627633765096,0.17545942407296877,False,False,False,False,6.199999916134402e-05,4.199999966658652e-05,False,False
2026-01-12,4.999999873689376e-05,53059373,-0.019802634429471645,-0.14842005529729133,0.2484613686266506,0.08338156148715353,-0.1310283070833369,-0.4054651808677398,-0.712949814989417,53.39146628323399,3.303519628132144e-07,0.06867618324375578,57.69338860220971,0.9538835532615373,0.05485230529259952,0.07851594206268543,-0.36660756562552926,0.6554858585485124,False,False,False,False,6.199999916134402e-05,4.199999966658652e-05,False,False
2026-01-13,5.500000042957254e-05,73379423,0.09531021287685981,-0.03571809420647719,0.31845376419106947,0.20067068811269909,0.01834914479273994,-0.2553467150993614,-0.5465437307373053,62.10207289533218,4.1113859854309996e-07,0.06576560989149519,56.543563747111726,1.002082752500989,0.14226377830841483,0.1833046633259419,-0.30260571266699077,0.38296815154600483,False,False,False,False,6.199999916134402e-05,4.199999966658652e-05,False,False
2026-01-14,5.2999999752501026e-05,78834421,-0.0370412841605508,-0.0370412841605508,0.3067302973429597,0.20909179306964473,-0.0370412841605508,-0.23440072325524508,-0.6146755371016702,57.474997304842425,2.951941449068039e-07,0.06741565052410362,53.58667726006696,0.9969842575834621,0.0849539439885235,0.13831615187401453,-0.32706958095874095,0.07433961425398516,False,False,False,False,6.199999916134402e-05,4.199999966658652e-05,False,False
2026-01-15,4.999999873689376e-05,52430807,-0.058268928716308954,-0.058268928716308954,0.1278333384373501,0.15082286435333572,-0.07696106808411976,-0.26236429245194376,-0.712949814989417,51.30054526766107,-2.4700369710264143e-09,0.07207055088971448,50.44087478335144,1.0225016808173206,0.013171208385300188,0.07388314003153708,-0.36398907610777476,-0.3349249435091304,False,False,False,False,6.199999916134402e-05,4.199999966658652e-05,False,False
2026-01-16,5.199999941396527e-05,45626285,0.03922072714550763,-0.01904820157080122,0.059423441887473914,0.2623642784597175,0.019418092716036194,-0.22314356530643606,-0.6737290878439092,54.78768709194601,-7.933451890869132e-08,0.06846958581353509,47.61955374350219,0.9898008156935777,0.04208416468409888,0.11587982128998917,-0.3375796245291379,-0.1297809892569458,False,True,False,False,6.199999916134402e-05,4.199999966658652e-05,False,False
2026-01-17,4.999999873689376e-05,29858852,-0.03922072714550778,-0.019802634429471645,-0.019802634429471645,0.27443686484901775,-0.07696106808411976,-0.2926696519715541,-0.65232524667267,50.86528864028371,-2.6886658564177325e-07,0.06897920197883123,44.32336129000353,0.9814445260400173,-0.00695135747730192,0.07250105057368328,-0.362204237435907,-0.3455778396159144,False,False,False,False,6.199999916134402e-05,4.199999966658652e-05,False,False
2026-01-18,4.70000013592653e-05,38207151,-0.06187534953542449,-0.08167798396489608,-0.19290365661876144,0.11247802028564446,-0.1010960766809322,-0.5318789787811601,-0.7245633113591801,45.59253045290198,-5.822855795858616e-07,0.0742195690841376,39.477776410795244,0.9547974904191229,-0.07389159369329161,0.0085837251629096,-0.3992842355270046,0.27959209550320296,False,False,False,False,6.199999916134402e-05,4.199999966658652e-05,False,False
2026-01-19,4.5000000682193786e-05,45533139,-0.043485125700414885,-0.10536047523583936,-0.2537805305331307,0.0930904546148797,-0.06453854134856407,-0.4974026318384885,-0.7472144188500046,42.43441155448029,-8.917799579792519e-07,0.07674310841993182,35.8560956214229,0.964262186556761,-0.11764704203931335,-0.03350513490397459,-0.42359420104546647,0.1917438963193041,False,True,False,False,6.199999916134402e-05,4.199999966658652e-05,False,False
2026-01-20,4.199999966658652e-05,49601945,-0.06899289458522952,-0.26966358269792856,-0.30538167690440576,0.024097560029650123,-0.09097180833391537,-0.5250102977972899,-0.7049816422831149,38.16404529815864,-1.2443753951567618e-06,0.08315428715739372,32.92593602616287,0.9965461335834179,-0.17888563467001353,-0.09755049648280306,-0.4609164456985022,0.08935922471762825,False,True,False,False,6.199999916134402e-05,4.199999966658652e-05,False,False
2026-01-21,4.400000034365803e-05,51093386,0.04652003138371882,-0.18610226715365893,-0.2231435513142097,0.09531021287685981,-0.02247286320151061,-0.5062698389435186,-0.6584616108993959,42.33067793217265,-1.2835774951727666e-06,0.07857506666409256,32.92593602616287,1.0045399680235048,-0.13978493705930362,-0.052948760059516556,-0.43411998708448507,0.030068195914494833,False,False,False,False,6.199999916134402e-05,4.199999966658652e-05,False,False
2026-01-22,4.3000000005122274e-05,34146577,-0.02298952591598583,-0.15082286435333583,-0.20909179306964476,0.07232068696087386,-0.04546238911749652,-0.542865020955985,-0.6814511368153817,40.84858365219238,-1.3128232075467106e-06,0.0779816265022901,35.813149597439455,1.0086473086642809,-0.1543756133566994,-0.07167529705671853,-0.4454475101301072,-0.3316830284060641,False,False,False,False,6.199999916134402e-05,4.199999966658652e-05,False,False
2026-01-23,4.3000000005122274e-05,37390486,0.0,-0.19004359149884353,-0.20909179306964476,0.07232068696087386,-0.13062014961136964,-0.5292593648595044,-0.6208264935990715,40.84858365219238,-1.2674854653959492e-06,0.07573377058407546,38.55595420228696,1.0086473086642809,-0.14767096091906495,-0.06966680501218522,-0.4440493883132552,0.09499953684962326,False,False,False,False,6.199999916134402e-05,4.199999966658652e-05,False,False
2026-01-24,4.3000000005122274e-05,20472799,0.0,-0.15082286435333583,-0.17062549878280753,0.09763850427331477,-0.13062014961136964,-0.5562880452210756,-0.657640479871109,40.84858365219238,-1.174888082469752e-06,0.07198534567261597,39.21401562768962,1.003741230153129,-0.13567839056343833,-0.06886097260335199,-0.44231891491058833,-0.45245967115805874,False,False,False,False,6.199999916134402e-05,4.199999966658652e-05,False,False
2026-01-25,3.9999998989515007e-05,35454840,-0.07232068696087397,-0.16126820177878523,-0.24294618574368146,0.0,-0.2231435513142097,-0.6015800518203783,-0.717839802023436,36.111206984627465,-1.24629862877112e-06,0.0772139470423617,40.387239558150185,1.0340492263919474,-0.181166854636353,-0.13119028470893476,-0.4794716760477415,0.731802280674958,False,False,False,False,6.199999916134402e-05,4.199999966658652e-05,False,True
2026-01-26,4.199999966658652e-05,35121175,0.048790181493140926,-0.06899289458522952,-0.1743533698210688,0.024097560029650123,-0.1743533698210688,-0.5250102977972899,-0.681170985338842,41.02192432156308,-1.0948337151268916e-06,0.07168580350239427,39.69968627903829,1.0446536667110362,-0.12681912886327967,-0.08655937357188269,-0.4512673147184075,-0.009410985918988812,False,True,False,False,6.199999916134402e-05,4.199999966658652e-05,False,False
2026-01-27,4.199999966658652e-05,33015567,0.0,0.0,-0.26966358269792856,0.024097560029650123,-0.15415065507910267,-0.538996544041958,-0.6690496205302952,41.02192432156308,-9.367548454066603e-07,0.06826606982785961,39.40257833560526,1.0446536667110362,-0.11485774628737166,-0.08376963392336409,-0.44932477065753107,-0.059952663884394575,False,False,False,False,6.199999916134402e-05,4.199999966658652e-05,False,False
2026-01-28,4.199999966658652e-05,35268761,0.0,-0.046520031383718866,-0.2326222985373778,0.07410799880558182,-0.13353143593379352,-0.4519851394918833,-0.6567795235566936,41.02192432156308,-7.806821779365932e-07,0.06509060284436312,39.53714892490065,1.0284756375695907,-0.10447761309804246,-0.08015768788180347,-0.44733206482851623,0.06824641236662687,False,False,False,False,6.199999916134402e-05,4.199999966658652e-05,False,False
2026-01-29,3.899999865097925e-05,49423503,-0.07410799880558187,-0.09763850427331489,-0.24846136862665072,-0.025317817312440958,-0.18658601909122619,-0.5849336572189894,-0.7790896410886968,35.85829354706462,-8.237222699643585e-07,0.07241661463868024,40.848921600355744,1.0587034822748123,-0.15584417834247885,-0.14210297116468198,-0.4848424977535216,0.4013393609148901,False,False,False,False,6.199999916134402e-05,4.199999966658652e-05,False,True
2026-01-30,3.899999865097925e-05,66440613,0.0,-0.09763850427331489,-0.28768209577215836,0.0,-0.09763850427331489,-0.5991182966028717,-0.813775210749246,35.85829354706462,-7.95975663503905e-07,0.07090700433711167,42.378500302430986,1.0550138998706649,-0.14473686441223746,-0.13869260193349958,-0.48289580058272585,0.3443120978292453,False,True,False,False,6.199999916134402e-05,4.199999966658652e-05,False,False
2026-01-31,3.5000000934815034e-05,86261406,-0.10821352334095594,-0.20585202761427077,-0.35667489196760654,-0.2288415535302566,-0.31585295808033137,-0.6931471805599453,-1.0193628537913622,30.015816426407596,-9.787721687321724e-07,0.08561193311877055,46.27378041620069,1.0272910039297822,-0.21874997398906043,-0.22325785093474237,-0.5339236834808564,0.298323451651477,False,False,False,False,6.199999916134402e-05,4.199999966658652e-05,False,False
2026-02-01,3.400000059627928e-05,51682551,-0.02898754604462723,-0.16251888669802414,-0.3237870884768094,-0.36545972327026766,-0.3856624380122339,-0.5679839948061884,-1.1180303457176868,28.7544603307895,-1.0902668787509086e-06,0.08603661884095243,50.37052759222584,0.9412949689516084,-0.2272727101727235,-0.24141006475401033,-0.5442970026416838,-0.40086124958362024,False,True,False,False,6.199999916134402e-05,4.199999966658652e-05,False,False
2026-02-02,3.400000059627928e-05,51682551,0.0,-0.2113090681911649,-0.2803019627763945,-0.40546507244170543,-0.3448405041249585,-0.5166907450955707,-1.0788096185721792,28.7544603307895,-1.084923643764963e-06,0.0840928280875992,49.76005475273772,0.9235549861119787,-0.2083818218947974,-0.23766814124389868,-0.5413153373804076,0.0,False,False,False,False,6.199999916134402e-05,4.199999966658652e-05,False,False
2026-02-03,3.400000059627928e-05,63259098,0.0,-0.2113090681911649,-0.2113090681911649,-0.5166907450955707,-0.2803019627763945,-0.5679839948061884,-1.0986122530016507,28.7544603307895,-1.004155989142841e-06,0.08438872054141433,49.11922416754514,0.8088366983826051,-0.1904761733587165,-0.23457899836323054,-0.5382003311459033,0.22399333577787206,False,False,False,False,6.199999916134402e-05,4.199999966658652e-05,False,False
2026-02-04,3.400000059627928e-05,59673236,0.0,-0.2113090681911649,-0.2578290995748838,-0.5340824933095252,-0.3237870884768094,-0.5340824933095252,-1.0586069038302128,28.7544603307895,-8.780590688049653e-07,0.08256263680945669,49.46694625241147,0.8017124242309878,-0.1747572659079288,-0.23146471779328953,-0.5349155239001232,-0.056685316632241634,False,False,False,False,6.199999916134402e-05,4.199999966658652e-05,False,False
2026-02-05,2.8000000384054147e-05,96811001,-0.19415601826236373,-0.3313570876479468,-0.42899559192126174,-0.7108467633579344,-0.4744579810387582,-0.8421827487265413,-1.272965636834543,21.472353445191246,-1.1110655740384639e-06,0.10839970851826798,52.345007239566485,1.0104795458781481,-0.299999990222932,-0.36363634988119575,-0.6141124531616136,0.6223521211418801,False,False,False,False,6.199999916134402e-05,4.199999966658652e-05,False,False
2026-02-06,3.199999991920777e-05,88713168,0.13353137638354595,-0.19782571126440096,-0.29546421553771585,-0.5415972927679115,-0.42608436514908543,-0.6773988181781472,-1.0668636184696287,33.553715227627194,-9.162275981576889e-07,0.10369976587033924,50.93560747181595,1.1482002785304393,-0.18158568084285984,-0.2707383739919461,-0.5554320651504681,-0.08364579351885848,False,False,False,False,6.199999916134402e-05,4.199999966658652e-05,False,False
2026-02-07,3.199999991920777e-05,50003960,0.0,-0.08961218792344504,-0.29546421553771585,-0.5045560086073605,-0.46608971432052326,-0.6773988181781472,-0.7389567318626057,33.55371522762718,-7.16621076464896e-07,0.10075692697362088,50.69947853982993,1.1477597462631721,-0.16558018413717487,-0.26739926404337855,-0.5517265538792389,-0.4363411754160329,False,False,False,False,6.199999916134402e-05,4.199999966658652e-05,False,False
2026-02-08,3.099999958067201e-05,32174159,-0.0317487093165324,-0.09237335119535023,-0.2548922378933743,-0.536304717923893,-0.45783307446561783,-0.7404000816595279,-0.7707054411791381,32.120898744617364,-5.866737873719111e-07,0.09888221759040156,51.642098124576854,1.1472466896061777,-0.17662683546086375,-0.2870285234968975,-0.562641088950562,-0.3565677798318373,False,False,False,False,6.199999916134402e-05,4.199999966658652e-05,False,False
2026-02-09,3.099999958067201e-05,35465912,0.0,-0.09237335119535023,-0.3036824193865152,-0.4978384236370557,-0.4372138553203088,-0.6603573460015387,-0.8700779458102332,32.120898744617364,-4.420447737153073e-07,0.09412335032487165,53.46447808915713,1.1464034534950762,-0.16442049462425745,-0.28373383096714544,-0.5597528990606695,0.10231045976990427,False,False,False,True,6.199999916134402e-05,2.5999999706982635e-05,False,False
2026-02-10,2.9999999242136255e-05,31510487,-0.03278983455840661,-0.12516318575375687,-0.33647225394492175,-0.5306282581954623,-0.42744406227883713,-0.6763401177381559,-0.9555114356992852,30.605194505337778,-3.586054073849537e-07,0.09269454997587037,54.10344288867572,1.1461347957908088,-0.17582419353411682,-0.3036211827363903,-0.5709075409328127,-0.11152751408169059,False,False,False,False,6.199999916134402e-05,2.5999999706982635e-05,False,False
2026-02-11,2.9000000722589903e-05,36445739,-0.03390150149666327,-0.15906468725042014,-0.3703737554415851,-0.544727125262654,-0.46134556377550046,-0.675755432345991,-0.9501923061303936,29.125136813014137,-3.170751056727844e-07,0.09396766375572034,55.243887885477186,1.1475164767507349,-0.18767504747778904,-0.32337842046466064,-0.5822228518536992,0.15662252379660146,False,False,False,False,6.199999916134402e-05,2.5999999706982635e-05,False,False
2026-02-12,2.9999999242136255e-05,33837250,0.03390150149666336,0.06899283250860686,-0.2623642551393399,-0.6061358366428505,-0.40546514853015136,-0.5877866918501106,-0.8614825517422118,32.63355853218273,-1.7563186381044083e-07,0.08910907124320301,54.54956530427697,1.0896218628472103,-0.144079904089385,-0.29676513310332664,-0.5646811396472047,-0.07157185096452567,False,False,False,False,6.199999916134402e-05,2.5999999706982635e-05,False,False
2026-02-13,2.9999999242136255e-05,31387197,0.0,-0.06453854387493897,-0.2623642551393399,-0.5690945524822996,-0.3600027594126548,-0.6061358366428505,-0.8034952757375448,32.63355853218273,-4.2397083953855147e-08,0.08750603974632262,52.69892429375912,1.0900780968954809,-0.1279069942675764,-0.2937853245239231,-0.5618519168159138,-0.07240697751738101,False,False,False,False,6.199999916134402e-05,2.5999999706982635e-05,False,False
2026-02-14,3.5000000934815034e-05,57314199,0.15415073179838404,0.08961218792344498,0.0,-0.35667489196760654,-0.20585202761427077,-0.4336359600517264,-0.6190391844195502,47.658314367669405,3.978934622632471e-07,0.08189256244569237,50.95841325159605,1.2357665920349585,0.02489022012754658,-0.17413871864260122,-0.48578563203319,0.8260375082234963,False,False,False,True,6.199999916134402e-05,2.8000000384054147e-05,False,False
2026-02-15,3.199999991920777e-05,54694670,-0.08961218792344504,0.03174870931653243,-0.06062464187881776,-0.4855078070365594,-0.22314352857684186,-0.46608971432052326,-0.7086513723429954,41.65529234475147,4.961114931341923e-07,0.09210071063909497,47.29128004184201,1.2503236558347066,-0.04903417581625103,-0.24170615958487904,-0.5270819486853897,-0.04570471271874532,False,False,False,False,6.199999916134402e-05,2.8000000384054147e-05,False,False
2026-02-16,3.199999991920777e-05,32859529,0.0,0.03174870931653243,-0.06062464187881776,-0.4462870798910517,-0.17185021504203388,-0.5232481479751714,-0.7389567318626057,41.65529234475147,5.650986647769885e-07,0.0899863756874655,42.193473492984666,1.2487116149599786,-0.03469080022430577,-0.23845787584147954,-0.5243403947295153,-0.39921880870658877,False,False,False,False,6.199999916134402e-05,2.8000000384054147e-05,False,False
2026-02-17,3.199999991920777e-05,26085371,0.0,0.06453854387493893,-0.06062464187881776,-0.3844117303556271,-0.2719337100699828,-0.4855078070365594,-0.9162907091367871,41.65529234475147,6.108601044532711e-07,0.08579092104251376,34.92651702030179,1.2380056293710915,-0.01990811758034434,-0.23591212898229788,-0.5217813652828368,-0.20615505474835016,False,False,True,False,3.600000127335079e-05,2.8000000384054147e-05,False,False
2026-02-18,2.9999999242136255e-05,27441825,-0.06453854387493897,0.03390150149666336,-0.12516318575375687,-0.40546514853015136,-0.3123746939152716,-0.4700036898787153,-0.9028677803686398,37.701180091248325,5.106375704183309e-07,0.08973577307799038,31.080736463612507,1.2467179110920308,-0.06832300452399608,-0.2802303418759523,-0.549244996450254,0.05200056384093599,False,False,False,False,3.600000127335079e-05,2.8000000384054147e-05,False,False
2026-02-19,2.9999999242136255e-05,29099462,0.0,0.0,0.06899283250860686,-0.33647225394492175,-0.3123746939152716,-0.42744406227883713,-0.8614825517422118,37.701180091248325,4.506404652148492e-07,0.0857070282481289,25.157454283044295,1.2312069510917152,-0.05511813459617535,-0.2771084495774952,-0.5466223475483166,0.06040549416811736,False,False,False,False,3.600000127335079e-05,2.8000000384054147e-05,False,False
2026-02-20,3.099999958067201e-05,37363415,0.032789834558406554,0.032789834558406554,-0.0317487093165324,-0.3502024507702341,-0.2548922378933743,-0.3726753139717448,-0.8564722897137526,40.951506671259686,4.817916115489514e-07,0.08162612790239819,23.540346061141157,1.224013656410959,-0.01743265828801125,-0.2483026261750473,-0.528660489495359,0.2839898895725288,False,False,False,False,3.600000127335079e-05,2.8000000384054147e-05,False,False
2026-02-21,2.9999999242136255e-05,21155827,-0.03278983455840661,-0.15415073179838407,-0.06453854387493897,-0.3600027594126548,-0.2876820724517809,-0.40546514853015136,-0.9028677803686398,38.77298872719236,4.397062501624857e-07,0.08070316736786841,22.922165853665756,1.2256303059082208,-0.04306222150060913,-0.2657856254791942,-0.5412844148971094,-0.4337822974693293,False,False,False,False,3.600000127335079e-05,2.8000000384054147e-05,False,False
2026-02-22,2.9000000722589903e-05,19075598,-0.03390150149666327,-0.0984400453716023,-0.06669133605506994,-0.39390426090931824,-0.32158357394844433,-0.5245244105206879,-0.9231636257688225,36.67206394788149,3.5292178534644937e-07,0.07998579356835465,22.608872114524985,1.2271561719649353,-0.06752408914434285,-0.28253337957844643,-0.5539147709033622,-0.09832889066449635,False,False,False,False,3.600000127335079e-05,2.8000000384054147e-05,False,False
2026-02-23,2.8000000384054147e-05,37700560,-0.03509133101194358,-0.13353137638354592,-0.1017826670670135,-0.42899559192126174,-0.3313570876479468,-0.5596157415326314,-0.9852836371423372,34.650109755278166,2.418656772952817e-07,0.07947613479041214,22.717995965434774,1.2285340971032663,-0.09090907480233698,-0.297188743284854,-0.5663284997967724,0.9763763107190664,False,True,False,False,3.600000127335079e-05,2.8000000384054147e-05,False,False
2026-02-24,2.8000000384054147e-05,26676556,0.0,-0.13353137638354592,-0.06899283250860688,-0.35667490496038773,-0.35667490496038773,-0.5798184562745976,-0.9582549567807661,34.650109755278166,1.8468474279903078e-07,0.07635028925645294,22.140253309919373,1.2113236527603075,-0.08196719649404999,-0.2864423933753488,-0.5632506566430812,-0.2924095557201273,False,True,False,False,3.600000127335079e-05,2.8000000384054147e-05,False,False
2026-02-25,2.9999999242136255e-05,52056222,0.06899283250860686,0.0,0.03390150149666336,-0.33647225394492175,-0.3123746939152716,-0.5108256237659907,-0.8614825517422118,42.06002484181503,2.9148356329883224e-07,0.07569406192575684,20.833174054819107,1.2260217092555135,-0.019607861786383896,-0.22480621758218333,-0.5287094610383788,0.9513846540010638,False,False,False,False,3.600000127335079e-05,2.8000000384054147e-05,False,False
2026-02-26,2.9000000722589903e-05,38188771,-0.03390150149666327,-0.03390150149666327,-0.03390150149666327,-0.3703737554415851,-0.34627619541193494,-0.5245244105206879,-0.909370299483543,39.639808394349984,3.0334597266591785e-07,0.08010020145712678,20.966686254436716,1.227819696052048,-0.04761901917289209,-0.24043999861707252,-0.5411755283876643,-0.26639372715138643,False,False,False,False,3.600000127335079e-05,2.8000000384054147e-05,False,False
2026-02-27,2.9000000722589903e-05,37065810,0.0,-0.06669133605506994,-0.03390150149666327,-0.3703737554415851,-0.29626575663600335,-0.5039051913753788,-0.8223588949334684,39.639808394349984,3.1820841416449677e-07,0.07930486393493878,20.914824176043663,1.227819696052048,-0.04290426308743818,-0.23076920850043575,-0.5382533121912672,-0.029405528656578084,False,False,False,True,3.600000127335079e-05,2.700000004551839e-05,False,False
2026-02-28,2.8000000384054147e-05,51186218,-0.03509133101194358,-0.06899283250860688,-0.22314356430699095,-0.3313570876479468,-0.35667490496038773,-0.5179431067391732,-0.9162907448669363,37.15993352098481,2.6962915717539186e-07,0.0839233036041008,21.910638951109068,1.210538377857093,-0.07131010117849548,-0.24731181481248254,-0.5510662114155477,0.3809550634398655,False,False,True,False,3.199999991920777e-05,2.700000004551839e-05,False,False
2026-03-01,2.700000004551839e-05,38965268,-0.036367656201228,-0.07145898721317157,-0.16989903258477387,-0.3677247438491748,-0.3677247438491748,-0.46536324812248964,-0.9668430404520466,34.8143991101101,1.8321793817935865e-07,0.08610604114575844,23.6944167933934,1.2130059295089348,-0.0984974928859901,-0.26470587871053325,-0.5638830552779126,-0.23875469760238976,False,False,False,False,3.199999991920777e-05,2.700000004551839e-05,False,False
2026-03-02,2.8000000384054147e-05,42453922,0.036367656201227935,0.0,-0.13353137638354592,-0.22314356430699095,-0.45198511783724765,-0.5389965223873222,-0.9162907448669363,38.96338541336098,2.048419773139903e-07,0.08475311029090414,24.444134955785948,1.1732365784728924,-0.06197653685873837,-0.227799215209511,-0.5449004407378064,0.08953240100902171,False,False,False,False,3.199999991920777e-05,2.700000004551839e-05,False,False
2026-03-03,2.8000000384054147e-05,34656163,0.0,0.0,-0.13353137638354592,-0.19415601826236373,-0.5596157415326314,-0.5798184562745976,-0.7621400130685522,38.96338541336098,2.2876229366689715e-07,0.08380135917226575,24.967885364274544,1.170889885113032,-0.060402671454515354,-0.2183137791278107,-0.5420721174251252,-0.18367582151773865,False,False,False,True,3.199999991920777e-05,2.5999999706982635e-05,False,False
2026-03-04,2.9000000722589903e-05,48203860,0.035091331011943595,-0.03390150149666327,-0.03390150149666327,-0.15906468725042014,-0.5645297596921256,-0.5039051913753788,-0.675755432345991,43.15923228068947,3.1616421946537043e-07,0.08252141260815275,25.109040155275476,1.1796957200882499,-0.025210061940104746,-0.1784702332071181,-0.5226337330515887,0.39091739613528476,False,False,False,False,3.199999991920777e-05,2.5999999706982635e-05,False,False
2026-03-05,2.9000000722589903e-05,33256623,0.0,0.0,-0.03390150149666327,-0.15906468725042014,-0.675755432345991,-0.4393666500268147,-0.7270486820566086,43.159232280689466,3.7423514721415944e-07,0.08155313143232006,25.232313956549273,1.1796957200882499,-0.023569003875626385,-0.16714529717826138,-0.5195891540767603,-0.310083819013664,False,False,False,False,3.199999991920777e-05,2.5999999706982635e-05,False,False
2026-03-06,2.8000000384054147e-05,27327695,-0.03509133101194358,-0.03509133101194358,-0.1017826670670135,-0.19415601826236373,-0.7282385115718889,-0.5179431067391732,-0.7282385115718889,39.972402880642534,3.4620715660830294e-07,0.0835345192448836,19.878636347956768,1.1840525627987568,-0.045996583448304575,-0.18557299632835872,-0.5332555363987513,-0.1782781132046991,False,False,False,False,3.199999991920777e-05,2.5999999706982635e-05,False,False
2026-03-07,2.8000000384054147e-05,18521501,0.0,0.0,-0.06899283250860688,0.0,-0.7108467633579344,-0.4744579810387582,-0.8421827487265413,39.972402880642534,3.2871191485440906e-07,0.07756776787024906,18.550261380482837,0.9712564020050409,-0.039451106253033184,-0.17404128701366434,-0.5305164258393043,-0.32224430198009746,False,False,True,False,3.099999958067201e-05,2.5999999706982635e-05,False,False
2026-03-08,2.700000004551839e-05,22860928,-0.036367656201228,0.0,-0.07145898721317157,-0.16989903258477387,-0.7114963253526853,-0.5959833977338593,-0.847297850762921,36.81935445489458,2.5416863914217204e-07,0.07734039201400415,17.452619370661125,0.8505617571711539,-0.06574394768571393,-0.1925837317320837,-0.5443806948787285,0.23429132444503287,False,False,False,False,3.099999958067201e-05,2.5999999706982635e-05,False,False
2026-03-09,2.8000000384054147e-05,30744178,0.036367656201227935,0.0,0.0,-0.13353137638354592,-0.6380873849909064,-0.5996210907040691,-0.8109301945616931,41.76621940333832,2.74832511741485e-07,0.07435325999993066,14.683833845891591,0.8629783017912278,-0.02439023617324125,-0.15305504040417275,-0.5246179906271229,0.34483508281028663,False,False,False,False,3.099999958067201e-05,2.5999999706982635e-05,False,False
2026-03-10,2.9000000722589903e-05,39099631,0.035091331011943595,0.035091331011943595,0.035091331011943595,-0.06669133605506994,-0.6029960539789628,-0.5245244105206879,-0.8070914177145977,46.294654939545936,3.534607471992714e-07,0.07405070310024721,14.152272350325953,0.867846895714156,0.012216421617791814,-0.11423333228008992,-0.5041887384099645,0.2717735045640186,False,False,False,False,3.099999958067201e-05,2.5999999706982635e-05,False,False
2026-03-11,2.9000000722589903e-05,28611353,0.0,0.0,-0.03390150149666327,-0.06669133605506994,-0.5645297596921256,-0.5039051913753788,-0.7270486820566086,46.294654939545936,3.9967480634788114e-07,0.07122441764389827,13.559941276757842,0.867846895714156,0.013986028107221165,-0.10714283614159402,-0.5009035248748055,-0.26824493561077345,False,False,False,False,3.099999958067201e-05,2.5999999706982635e-05,False,False
2026-03-12,2.9999999242136255e-05,26809855,0.03390150149666336,0.03390150149666336,0.03390150149666336,0.0,-0.5306282581954623,-0.42744406227883713,-0.6763401177381559,50.73747241777747,4.860563000161675e-07,0.06631334605701265,12.113214002339651,0.869458084697021,0.05078805357728423,-0.06832300557661132,-0.4804295254020363,-0.06296444631611797,False,False,False,False,3.099999958067201e-05,2.5999999706982635e-05,False,False
2026-03-13,2.9999999242136255e-05,44924289,0.0,0.06899283250860686,0.03390150149666336,0.03390150149666336,-0.5108256237659907,-0.42744406227883713,-0.6418539308493276,50.73747241777746,5.281603128667389e-07,0.06395763172864957,12.113214002339651,0.8608192042213588,0.05078805357728423,-0.06073890937416071,-0.47757946519338745,0.6756632589023701,False,False,False,False,3.099999958067201e-05,2.5999999706982635e-05,False,False
2026-03-14,2.9999999242136255e-05,18462884,0.0,0.06899283250860686,0.06899283250860686,0.0,-0.6061358366428505,-0.40546514853015136,-0.5877866918501106,50.73747241777746,5.391011124220311e-07,0.06177017837852804,12.818390020043099,0.8526584361538132,0.048951014259579324,-0.05303032673680997,-0.4745139393278341,-0.5890222324943195,False,False,False,False,3.099999958067201e-05,2.5999999706982635e-05,False,False
2026-03-15,2.9999999242136255e-05,20735455,0.0,0.10536048870983475,0.10536048870983475,0.0,-0.5690945524822996,-0.3600027594126548,-0.6061358366428505,50.73747241777747,5.287071583399595e-07,0.059738971696272326,13.295315667630137,0.8526584361538132,0.04529613478475636,-0.04519416729457213,-0.4714587876228452,0.12308862472406812,False,False,False,False,3.099999958067201e-05,2.5999999706982635e-05,False,False
2026-03-16,3.199999991920777e-05,59982297,0.06453854387493893,0.13353137638354595,0.13353137638354595,-0.08961218792344504,-0.4462870798910517,-0.29546421553771585,-0.5232481479751714,59.70481283821915,6.319162025331577e-07,0.058701338069169724,16.318094701075644,0.6906537732640285,0.107266427710205,0.02367242236693761,-0.43287550054605006,1.8927408151882852,False,False,False,False,3.099999958067201e-05,2.5999999706982635e-05,True,False
2026-03-17,3.099999958067201e-05,35002705,-0.0317487093165324,0.06669133605506988,0.1017826670670135,-0.0317487093165324,-0.5172565163530918,-0.2548922378933743,-0.4978384236370557,54.375123335856195,6.080256954322675e-07,0.060875017533558846,17.188052018159716,0.6257506503416885,0.070811723985431,-0.001288673122626568,-0.447563048171482,-0.41644940673078923,True,False,False,False,3.099999958067201e-05,2.5999999706982635e-05,False,False
2026-03-18,2.9999999242136255e-05,34145435,-0.03278983455840661,0.03390150149666336,0.03390150149666336,-0.06453854387493897,-0.5108256237659907,-0.23638875891697278,-0.5877866918501106,49.60627142895923,5.043382182163044e-07,0.06555388482459304,17.447045097169827,0.6354302785395879,0.03448272942169216,-0.025974050134156712,-0.4623174258726214,-0.024491535725596036,False,False,False,False,3.099999958067201e-05,2.5999999706982635e-05,False,False
2026-03-19,2.9999999242136255e-05,25614876,0.0,0.0,0.03390150149666336,-0.06453854387493897,-0.44895027423056616,-0.33647225394492175,-0.5500463509114986,49.60627142895923,4.18739211553299e-07,0.06325241339618982,17.673658495484652,0.6354302785395879,0.03270221100948312,-0.01832463140349284,-0.45931334178786337,-0.24983014566954553,False,True,False,False,3.099999958067201e-05,2.5999999706982635e-05,False,False
2026-03-20,2.9999999242136255e-05,25021848,0.0,0.0,0.06899283250860686,0.0,-0.40546514853015136,-0.3123746939152716,-0.4700036898787153,49.60627142895923,3.480105578105384e-07,0.06349628603123895,17.5057942620297,0.5942177641218856,0.029159495321732457,-0.01250825369435875,-0.45647252043176306,-0.02315170294011959,False,False,False,False,3.099999958067201e-05,2.5999999706982635e-05,False,False
2026-03-21,2.9000000722589903e-05,17259308,-0.03390150149666327,-0.03390150149666327,0.035091331011943595,-0.03390150149666327,-0.3703737554415851,-0.34627619541193494,-0.46134556377550046,44.708922536308854,2.2569931029921476e-07,0.06345701675911827,16.108328825677955,0.6058696599187322,-0.008546983459332391,-0.03909871792178441,-0.4715743309236186,-0.31023048337596804,False,False,False,False,3.099999958067201e-05,2.5999999706982635e-05,False,False
2026-03-22,2.8000000384054147e-05,23074820,-0.03509133101194358,-0.06899283250860688,0.036367656201227935,-0.1017826670670135,-0.45198511783724765,-0.35667490496038773,-0.4744579810387582,40.41233309540323,7.695431957285416e-08,0.06357983650756159,16.108328825677955,0.6043014420866583,-0.04273502923447126,-0.06790944188629987,-0.48675647721375226,0.3369493145379874,False,False,False,False,3.099999958067201e-05,2.5999999706982635e-05,False,False
2026-03-23,2.9000000722589903e-05,33076055,0.035091331011943595,-0.0984400453716023,0.035091331011943595,-0.03390150149666327,-0.39390426090931824,-0.32158357394844433,-0.4393666500268147,46.000904704866464,4.6898605293221047e-08,0.061928716841829816,15.625282764556186,0.6091064662789287,-0.010238883377409608,-0.03139610216744143,-0.46548703852153334,0.4334263495879924,False,False,False,False,3.099999958067201e-05,2.5999999706982635e-05,False,False
2026-03-24,2.9999999242136255e-05,28086936,0.03390150149666336,-0.03278983455840661,0.03390150149666336,0.03390150149666336,-0.3600027594126548,-0.2876820724517809,-0.4906229090240244,50.95457227353568,9.270359281252481e-08,0.05796934753741471,15.702507734812068,0.609106466278929,0.022146484227214398,0.004688521334985221,-0.44392957828544594,-0.1508377888475515,False,False,False,False,3.099999958067201e-05,2.5999999706982635e-05,False,False
2026-03-25,2.9999999242136255e-05,27872554,0.0,0.0,0.03390150149666336,0.06899283250860686,-0.3600027594126548,-0.2623642551393399,-0.4906229090240244,50.95457227353567,1.1962656583987393e-07,0.05620963310330863,15.749433109443919,0.5949766209801883,0.020408142431399923,0.007387484028167505,-0.44082014431526273,-0.007632801242542064,False,False,False,False,3.099999958067201e-05,2.5999999706982635e-05,False,False
2026-03-26,2.9000000722589903e-05,26770988,-0.03390150149666327,-0.03390150149666327,-0.03390150149666327,0.035091331011943595,-0.32158357394844433,-0.32158357394844433,-0.544727125262654,46.05471080958568,6.921308877479247e-08,0.058920577878144115,15.170323139658759,0.6082294380189686,-0.015280107090484675,-0.022911025897068556,-0.45626697776129493,-0.03952153075028575,False,False,False,False,3.099999958067201e-05,2.5999999706982635e-05,False,False
2026-03-27,2.8000000384054147e-05,22684060,-0.03509133101194358,-0.06899283250860688,-0.06899283250860688,-0.06899283250860688,-0.40546508645352874,-0.3813675264238786,-0.5798184562745976,41.73290967157757,-2.7188485893481776e-08,0.05921698580020682,15.170323139658759,0.569254641947288,-0.04923597611587228,-0.05660375970867051,-0.47154854406781826,-0.15266257636811909,False,True,False,False,3.099999958067201e-05,2.5999999706982635e-05,False,False
2026-03-28,2.8000000384054147e-05,19263247,0.0,-0.03509133101194358,-0.06899283250860688,-0.03509133101194358,-0.40546508645352874,-0.3813675264238786,-0.5596157415326314,41.73290967157757,-8.348132588053235e-08,0.06008924357376109,13.894165055696625,0.5577327001688684,-0.05084744111460342,-0.054054040434885764,-0.4681356178054839,-0.15080250184490784,False,False,True,False,3.099999958067201e-05,2.5999999706982635e-05,False,False
2026-03-29,2.700000004551839e-05,18801931,-0.036367656201228,-0.036367656201228,-0.10536048870983478,-0.07145898721317157,-0.4418327426547567,-0.3677247438491748,-0.5753641785885503,37.6367897781791,-1.7531123890708773e-07,0.06050922026675302,15.170323139658759,0.5710399728661743,-0.08319184514125988,-0.08474576062167262,-0.48369824930970895,-0.02394798758485528,False,False,False,False,3.099999958067201e-05,2.5999999706982635e-05,False,False
2026-03-30,2.700000004551839e-05,23893619,0.0,-0.07145898721317157,-0.16989903258477387,-0.036367656201228,-0.3677247438491748,-0.3930425611616157,-0.5543107629404009,37.6367897781791,-2.203839698671861e-07,0.061478140178121914,16.84388943986722,0.5587266098189627,-0.08006813655451635,-0.082256966241592,-0.48006932320987533,0.27080665278475924,False,False,False,False,3.099999958067201e-05,2.5999999706982635e-05,False,False
2026-03-31,2.8000000384054147e-05,23284854,0.036367656201227935,-0.06899283250860688,-0.1017826670670135,0.036367656201227935,-0.3313570876479468,-0.3313570876479468,-0.42899559192126174,44.01020533565615,-1.6946743284045473e-07,0.05759904915239646,17.322285656017236,0.5587266098189626,-0.0443685818250582,-0.04632151305570656,-0.456785325813396,-0.025478141256039977,False,False,False,False,3.099999958067201e-05,2.5999999706982635e-05,False,False
2026-04-01,2.8000000384054147e-05,21711509,0.0,-0.06899283250860688,-0.06899283250860688,0.0,-0.22314356430699095,-0.45198511783724765,-0.5389965223873222,44.01020533565615,-1.2448724613028694e-07,0.05603585259258123,17.649445721043143,0.5441357487851854,-0.04109587334406628,-0.045020451744057485,-0.4525904129140743,-0.06756945952935756,False,False,False,False,3.099999958067201e-05,2.5999999706982635e-05,False,False
2026-04-02,2.700000004551839e-05,25633587,-0.036367656201228,-0.07145898721317157,-0.10536048870983478,-0.036367656201228,-0.23052367446359173,-0.5959833977338593,-0.6161861124758256,39.34661382739516,-1.491197383130261e-07,0.05925145836715097,18.71569587519958,0.5587266098189627,-0.07056798213528234,-0.07786885144059091,-0.4682422444903273,0.18064511315173903,False,False,False,False,3.099999958067201e-05,2.5999999706982635e-05,False,False
2026-04-03,2.700000004551839e-05,21061920,0.0,-0.036367656201228,-0.10536048870983478,-0.07145898721317157,-0.23052367446359173,-0.635988746905297,-0.5753641785885503,39.34661382739516,-1.519352735909907e-07,0.05766471487756582,19.524890196225194,0.543221227678656,-0.0657439418054307,-0.07597535883160972,-0.46465747905223487,-0.17834675264136857,False,True,False,False,3.099999958067201e-05,2.5999999706982635e-05,False,False
2026-04-04,2.700000004551839e-05,17452982,0.0,-0.036367656201228,-0.07145898721317157,-0.07145898721317157,-0.23052367446359173,-0.7472144195591623,-0.5108256372399861,39.34661382739516,-1.405824767121594e-07,0.05619131020866532,20.10181672505242,0.543221227678656,-0.06086956367692393,-0.0740740740740741,-0.4608626191047919,-0.1713489558406831,False,False,False,False,3.099999958067201e-05,2.5999999706982635e-05,False,False
2026-04-05,2.700000004551839e-05,17168041,0.0,0.0,-0.036367656201228,-0.036367656201228,-0.23052367446359173,-0.7646061677731169,-0.5543107629404009,39.34661382739516,-1.206239601943037e-07,0.054823148730400575,18.02839276303198,0.5302622710597998,-0.05263157760370123,-0.0689655166790282,-0.4567950904333875,-0.016326207177661645,False,False,False,False,3.099999958067201e-05,2.5999999706982635e-05,False,False
2026-04-06,2.700000004551839e-05,26233370,0.0,0.0,-0.07145898721317157,-0.036367656201228,-0.036367656201228,-0.7472144195591623,-0.5108256372399861,39.34661382739516,-9.60428773379596e-08,0.05355271307201188,16.783518846413827,0.5302622710597998,-0.04593639519191485,-0.06574394415754396,-0.4526657201559799,0.5280351439048869,False,False,False,False,3.099999958067201e-05,2.5999999706982635e-05,False,False
2026-04-07,2.9000000722589903e-05,25368390,0.07145898721317147,0.035091331011943595,-0.03390150149666327,0.07145898721317147,-0.0984400453716023,-0.6400373381395138,-0.5245244105206879,53.59298248747889,5.800123155310175e-08,0.05122414403655228,16.066271018175033,0.5720262855968199,0.026548694333274274,0.0055478735209745,-0.4081028531892392,-0.032972507916443794,False,False,False,False,3.099999958067201e-05,2.5999999706982635e-05,False,False
2026-04-08,2.8000000384054147e-05,21856749,-0.03509133101194358,0.0,-0.06899283250860688,0.0,-0.13353137638354592,-0.6380873849909064,-0.5996210907040691,47.5758402011445,9.352975750739485e-08,0.05436607950949262,15.088282871740482,0.5728948265772723,-0.005328588883438562,-0.02642557975119824,-0.42446042428441155,-0.1384258520150471,False,False,False,False,3.099999958067201e-05,2.5999999706982635e-05,False,False
2026-04-09,2.8000000384054147e-05,22390074,0.0,0.036367656201227935,-0.03509133101194358,-0.03509133101194358,-0.1017826670670135,-0.6380873849909064,-0.5596157415326314,47.5758402011445,1.1651706025242462e-07,0.05558483058952647,13.880870934209689,0.5587425038784418,-0.0017825252990134363,-0.02506962729772385,-0.42046982580705594,0.024400929891266188,False,False,False,False,3.099999958067201e-05,2.5999999706982635e-05,False,False
2026-04-10,2.9000000722589903e-05,35150491,0.035091331011943595,0.07145898721317147,0.035091331011943595,0.0,-0.06669133605506994,-0.5645297596921256,-0.5039051913753788,53.61564919066164,1.9399085433207337e-07,0.054760780581808194,13.880870934209689,0.5728948265772723,0.0338681103774694,0.01045298291672595,-0.3962735359478016,0.5699140163627865,False,False,False,False,3.099999958067201e-05,2.5999999706982635e-05,False,False
2026-04-11,2.9000000722589903e-05,25126187,0.0,0.07145898721317147,0.035091331011943595,-0.03390150149666327,-0.03390150149666327,-0.5645297596921256,-0.46134556377550046,53.61564919066164,2.3729459147692106e-07,0.05331234673391918,14.163521968316067,0.5596970820276662,0.03202848679794009,0.011863244467662171,-0.3927337305532728,-0.285182474406972,False,False,False,False,3.099999958067201e-05,2.5999999706982635e-05,False,False
2026-04-12,2.8000000384054147e-05,23813865,-0.03509133101194358,0.036367656201227935,0.036367656201227935,-0.06899283250860688,-0.03509133101194358,-0.5798184562745976,-0.496436894787444,47.29609584009992,1.92552617665915e-07,0.053823355277108804,13.880870934209689,0.5720530257683965,-0.0017825252990134363,-0.021663164567616067,-0.4101537738042214,-0.052229253885597515,False,False,False,False,3.099999958067201e-05,2.5999999706982635e-05,False,False
2026-04-13,2.9999999242136255e-05,26276523,0.06899283250860686,0.10536048870983475,0.10536048870983475,0.0,0.0,-0.6061358366428505,-0.40546514853015136,57.966966063618514,2.859848199744042e-07,0.05378976513553315,13.880870934209689,0.6238206175366162,0.06951868120584566,0.047486002384382615,-0.3646760014922277,0.10341278074768634,False,False,False,False,3.099999958067201e-05,2.5999999706982635e-05,False,False
2026-04-14,2.8000000384054147e-05,37170715,-0.06899283250860688,-0.03509133101194358,0.0,-0.06899283250860688,-0.06899283250860688,-0.6380873849909064,-0.42899559192126174,47.59025418514298,2.0520172178646867e-07,0.058617363305662216,12.373250688062537,0.6686296652637792,0.0017889126075920996,-0.022346359667256493,-0.4035573469100775,0.4145979283484349,False,False,False,False,3.099999958067201e-05,2.5999999706982635e-05,False,False
2026-04-15,2.9000000722589903e-05,27716475,0.035091331011943595,0.035091331011943595,0.035091331011943595,-0.0984400453716023,-0.1880522332950474,-0.544727125262654,-0.39390426090931824,52.19792088890624,2.104438758043916e-07,0.05501655250712873,12.373250688062537,0.6388046825895825,0.037567099679313445,0.011863244467662171,-0.37874891431067204,-0.25434646602843125,False,False,False,False,3.099999958067201e-05,2.5999999706982635e-05,False,False
2026-04-16,3.199999991920777e-05,84093762,0.09844004537160243,0.13353137638354595,0.16989903258477393,0.03174870931653243,0.0,-0.4855078070365594,-0.22314352857684186,62.77203466432779,3.964857995424105e-07,0.055225983057174216,17.56192820323802,0.7217986752333926,0.13676730485537758,0.1149825698288448,-0.3107162117664443,2.0340713240049464,False,False,False,True,3.099999958067201e-05,2.700000004551839e-05,True,False
2026-04-17,3.199999991920777e-05,61260694,0.0,0.09844004537160243,0.16989903258477393,0.06453854387493893,0.0,-0.4462870798910517,-0.17185021504203388,62.77203466432779,4.937402796843274e-07,0.05574555721853907,21.05793444021224,0.711432627936758,0.12874778341947163,0.11265645939882096,-0.3069843018063274,-0.2715191645249502,True,False,False,False,3.099999958067201e-05,2.700000004551839e-05,False,False
2026-04-18,3.099999958067201e-05,39550627,-0.0317487093165324,0.06669133605506988,0.13815032326824134,0.032789834558406554,-0.0317487093165324,-0.41616043967215954,-0.3036824193865152,57.82692772844314,4.6530325033136236e-07,0.055737678364312586,21.918720492995185,0.7211930644504085,0.08581433823133554,0.07638887024810731,-0.32498640124712685,-0.35438819873637084,False,False,False,False,3.099999958067201e-05,2.700000004551839e-05,False,False
2026-04-19,2.9999999242136255e-05,62537524,-0.03278983455840661,0.06899283250860686,0.10536048870983475,0.0,0.0,-0.40546514853015136,-0.3123746939152716,53.304630507925815,3.5851541371616423e-07,0.06062448984718069,21.636478222536596,0.7308234175385748,0.04529613478475636,0.04022188461565947,-0.34282586665645376,0.5812018353084516,False,False,False,False,3.099999958067201e-05,2.700000004551839e-05,False,False
2026-04-20,3.099999958067201e-05,42313796,0.032789834558406554,0.032789834558406554,0.13815032326824134,0.06669133605506988,0.032789834558406554,-0.3036824193865152,-0.27958485935686506,56.93181954591479,3.3503504556665725e-07,0.05908652411764634,22.474264480167033,0.7289058519304444,0.07452337764855964,0.0719225275961165,-0.31665381842258944,-0.32338549252445614,False,False,False,False,3.099999958067201e-05,2.700000004551839e-05,False,False
2026-04-21,3.099999958067201e-05,29864867,0.0,0.1017826670670135,0.06669133605506988,0.1017826670670135,0.0,-0.3502024507702341,-0.2548922378933743,56.93181954591479,3.0041976635375535e-07,0.05717020638588466,23.08027384373087,0.7164668551853981,0.06896549961383637,0.06970322689573145,-0.31164650791337956,-0.2942049680439921,False,False,False,False,3.099999958067201e-05,2.700000004551839e-05,False,False
2026-04-22,3.199999991920777e-05,58463168,0.03174870931653243,0.09844004537160243,0.13353137638354595,0.09844004537160243,0.06453854387493893,-0.29546421553771585,-0.22314352857684186,60.49108849264514,3.2377289874680436e-07,0.05812409362324233,23.63676434742598,0.7146982000944293,0.09401708827669357,0.10116998837896117,-0.2837157280776912,0.9575901007695764,False,False,False,False,3.099999958067201e-05,2.700000004551839e-05,True,False
2026-04-23,3.400000059627928e-05,57855387,0.06062464187881777,0.06062464187881777,0.19415601826236364,0.12516318575375684,0.1590646872504201,-0.23483957365889796,-0.16251888669802414,66.46101372839311,4.453150402039015e-07,0.05499920820202565,26.133889562371653,0.7349012238778957,0.14864866463456256,0.16598081409327234,-0.23328446254987198,-0.010395964173545935,False,False,False,False,3.099999958067201e-05,2.700000004551839e-05,False,False
2026-04-24,3.300000025774352e-05,32184371,-0.029852972876897123,0.0307716690019207,0.12921171437352308,0.09531021287685981,0.16430304538546672,-0.26469254653579516,-0.1670540422624802,61.46039373051378,4.295606910898104e-07,0.054782793490229215,26.385393556551822,0.7443506972437521,0.10367893403863235,0.1285909785483781,-0.24999999627933983,-0.4437100386174929,False,False,False,False,3.099999958067201e-05,2.700000004551839e-05,False,False
2026-04-25,3.199999991920777e-05,22514727,-0.03077166900192073,0.03174870931653243,0.09844004537160243,0.09844004537160243,0.13353137638354595,-0.22314352857684186,-0.22314352857684186,56.85359236641575,3.275983748679361e-07,0.0546915602483573,25.268319104106535,0.7424660913349226,0.06135986072658819,0.09140518028130516,-0.2672315132609698,-0.30044533105835747,False,False,False,False,3.099999958067201e-05,2.700000004551839e-05,False,False
2026-04-26,3.300000025774352e-05,23242848,0.0307716690019207,0.09531021287685981,0.16430304538546672,0.16430304538546672,0.09531021287685981,-0.2411620410680621,-0.2170644810384119,60.07629112681394,3.0383631597163136e-07,0.05141058259502051,24.390729980590145,0.7351291606091056,0.08374384648432004,0.12168593563194012,-0.2384908240503759,0.03233976587857357,False,False,False,False,3.099999958067201e-05,2.700000004551839e-05,False,False
2026-04-27,3.199999991920777e-05,36653100,-0.03077166900192073,0.03174870931653243,0.06453854387493893,0.13353137638354595,0.09844004537160243,-0.2719337100699828,-0.24783615004033255,55.60365952001636,2.020064345002263e-07,0.0559266544294395,24.244752636420294,0.7457732465617819,0.04575162854759892,0.08401083643464655,-0.2563327954181927,0.5769625133718552,False,False,False,False,3.099999958067201e-05,2.700000004551839e-05,False,False
2026-04-28,3.199999991920777e-05,24763591,0.0,0.03174870931653243,0.13353137638354595,0.16989903258477393,0.09844004537160243,-0.2719337100699828,-0.19782571126440096,55.60365952001636,1.1994051681273586e-07,0.05416403701720389,23.086217868058966,0.7313695978688952,0.0389610343591092,0.08108107775933275,-0.2532960024218353,-0.3243793567256248,False,False,False,False,3.099999958067201e-05,2.700000004551839e-05,False,False
2026-04-29,3.199999991920777e-05,51048937,0.0,0.0,0.09844004537160243,0.16989903258477393,0.13353137638354595,-0.19782571126440096,-0.22314352857684186,55.60365952001636,5.429093104678182e-08,0.0569916080855767,21.59122536029547,0.7313695978688952,0.03225806073051113,0.07889413078378286,-0.25023430601465796,1.061451305668875,False,False,False,False,3.099999958067201e-05,2.700000004551839e-05,False,False
2026-04-30,3.199999991920777e-05,26973112,0.0,-0.06062464187881776,0.0,0.13353137638354595,0.16989903258477393,-0.19782571126440096,-0.19782571126440096,55.60365952001635,2.2485038449051272e-09,0.05515292255504558,20.814850234534365,0.7231075571855102,0.027287316985140187,0.07671601400900448,-0.24652696418060127,-0.4716224551355497,False,False,False,False,3.099999958067201e-05,2.700000004551839e-05,False,False
2026-05-01,3.199999991920777e-05,27951014,0.0,-0.03077166900192073,0.0,0.13353137638354595,0.13353137638354595,-0.08961218792344504,-0.31845374145370164,55.60365952001635,-3.8542194748596275e-08,0.05344557170526669,19.839200971398014,0.7231075571855102,0.022364216138376834,0.07526881457539979,-0.2424242466653147,0.03625469689963845,False,False,False,False,3.099999958067201e-05,2.700000004551839e-05,False,False
2026-05-02,3.199999991920777e-05,20443890,0.0,0.0,0.03174870931653243,0.16989903258477393,0.13353137638354595,-0.06062464187881776,-0.42608436514908543,55.60365952001636,-7.005436655075642e-08,0.05186017448761485,17.27170937264575,0.7082431027962117,0.01587301550637645,0.07382550024225949,-0.2385484869905017,-0.26858145468354033,False,False,False,False,3.099999958067201e-05,2.700000004551839e-05,False,False
2026-05-03,3.199999991920777e-05,19861417,0.0,-0.03077166900192073,0.06453854387493893,0.16989903258477393,0.09844004537160243,-0.06062464187881776,-0.46608971432052326,55.60365952001636,-9.393934932586414e-08,0.048155876309928076,16.697349574216645,0.7082431027962117,0.012658226390811288,0.07238605538584993,-0.2349988084488818,-0.0284912998455773,False,False,False,False,3.099999958067201e-05,2.700000004551839e-05,False,False
2026-05-04,3.199999991920777e-05,36346655,0.0,0.0,0.03174870931653243,0.16989903258477393,0.09844004537160243,-0.06062464187881776,-0.5773153869743886,55.60365952001636,-1.1157756073779644e-07,0.04694831447765757,12.950479461542603,0.7082431027962117,0.006289307456592056,0.07095046446609865,-0.23178490347252295,0.8300131858668494,False,False,False,False,3.099999958067201e-05,2.700000004551839e-05,False,False
2026-05-05,3.300000025774352e-05,41279875,0.0307716690019207,0.0307716690019207,0.06252037831845315,0.20067070158669464,0.16430304538546672,-0.029852972876897123,-0.5639354661864222,60.873617779989246,-6.030379943842488e-08,0.04660281229936205,10.4582538990789,0.7132615781545375,0.031250010658141064,0.10367893672435854,-0.20472345628431152,0.135726932781022,False,False,False,False,3.099999958067201e-05,2.700000004551839e-05,False,False
2026-05-06,3.400000059627928e-05,42871765,0.029852972876897095,0.06062464187881777,0.06062464187881777,0.2305236744635917,0.19415601826236364,0.19415601826236364,-0.5166907450955707,65.30837028487534,3.1612240573568336e-08,0.04410211471208413,11.755743725795497,0.7173272631105818,0.059190051277141276,0.13484647937716332,-0.17755199526636825,0.03856334351787649,False,False,False,False,3.099999958067201e-05,2.700000004551839e-05,False,False
2026-05-07,3.5000000934815034e-05,73767945,0.02898754604462726,0.08961218792344498,0.02898754604462726,0.18805223329504744,0.25951122050821895,0.08961218792344498,-0.4519851048444664,69.08228256742292,1.4411163211860682e-07,0.04590435808049507,14.0735622426749,0.6843410386772695,0.08527134668668965,0.16433801794184577,-0.15007283022855522,0.720664987783918,False,False,False,False,3.099999958067201e-05,2.700000004551839e-05,False,False
2026-05-08,3.7000001611886546e-05,53878210,0.05556986801031043,0.14518205593375555,0.11441038693183476,0.27871343231730145,0.27871343231730145,0.14518205593375555,-0.35937395267360506,74.95131719226413,3.271040914993845e-07,0.04418239993149737,18.42294239933588,0.6884303961562147,0.13671279545543014,0.2251656103411778,-0.09678990585595577,-0.26962571615625186,True,False,False,False,3.099999958067201e-05,2.700000004551839e-05,False,False
2026-05-09,3.600000127335079e-05,30931893,-0.027398982381760095,0.11778307355199531,0.11778307355199531,0.2513144499355413,0.21622311892359775,0.14953178286852783,-0.38677293505536514,68.0006426623151,3.5248888036294294e-07,0.044150267548302195,18.97161842005975,0.6996267480799885,0.09589044281710317,0.18733512701445584,-0.11710604097969124,-0.4258923412637502,False,False,False,False,3.099999958067201e-05,2.700000004551839e-05,False,False
2026-05-10,3.7000001611886546e-05,46081650,0.027398982381760074,0.14518205593375555,0.11441038693183476,0.24362210130535775,0.24362210130535775,0.17693076525028792,-0.32090765838676777,70.90622047228614,4.0458949952061444e-07,0.04374965636152412,20.995135288068543,0.6964371580361265,0.11613880143381806,0.21391080587429398,-0.0887821323166997,0.4897778807136053,False,False,False,False,3.099999958067201e-05,2.700000004551839e-05,False,False
2026-05-11,3.7000001611886546e-05,37371742,0.0,0.14518205593375555,0.14518205593375555,0.24362210130535775,0.20972059980869456,0.20972059980869456,-0.32090765838676777,70.90622047228614,4.059640562548803e-07,0.042555183407074024,22.20322951978799,0.6964371580361265,0.10612858470195023,0.2067841270344031,-0.08472476134356238,-0.18901033274633183,False,False,False,False,3.099999958067201e-05,2.700000004551839e-05,False,False
2026-05-12,3.5000000934815034e-05,35708714,-0.05556986801031047,0.058840518921524324,0.08961218792344498,0.22314356430699092,0.15415073179838404,0.18805223329504744,-0.35667489196760654,58.570382027089245,2.46911798207195e-07,0.045855192219330716,22.080051209140574,0.7158230413279927,0.041666680200813745,0.1371020360289818,-0.13000246433048604,-0.0444996114979066,False,False,False,False,3.099999958067201e-05,2.700000004551839e-05,False,False
2026-05-13,3.400000059627928e-05,37318082,-0.02898754604462723,0.0,0.06062464187881777,0.12516318575375684,0.12516318575375684,0.12516318575375684,-0.48097265088909363,53.553573989365226,5.8899826315302915e-08,0.050134692466685817,22.080051209140574,0.6909311104050161,0.011904765771661012,0.10174984798647928,-0.15074308647552623,0.04506933517684231,False,False,True,False,3.7999998312443495e-05,2.700000004551839e-05,False,False
2026-05-14,3.5000000934815034e-05,32815330,0.02898754604462726,0.0,0.08961218792344498,0.22314356430699092,0.15415073179838404,0.15415073179838404,-0.4149438206839155,57.47611129803297,-9.906508703548318e-09,0.04930517242999026,22.23738879858669,0.6432211770810283,0.038575680148735296,0.13049097550483088,-0.12137565254572337,-0.12065871981309217,False,False,False,False,3.7999998312443495e-05,2.700000004551839e-05,False,False
2026-05-15,3.300000025774352e-05,35603704,-0.05884051892152432,-0.1144103869318347,0.0307716690019207,0.12921171437352308,0.0307716690019207,-0.05884051892152432,-0.41551541088913085,48.630321732646195,-1.9182059547803434e-07,0.05505163392162299,21.81353276595537,0.6750529917042974,-0.02222222940835309,0.06314432842431886,-0.16740254276434333,0.0849716885370344,False,False,False,False,3.7999998312443495e-05,2.700000004551839e-05,False,False
2026-05-16,3.199999991920777e-05,25041317,-0.03077166900192073,-0.11778307355199538,0.0,0.0,0.03174870931653243,0.0,-0.4855078070365594,44.908682839052446,-3.708373094035318e-07,0.05718114258612609,22.23738879858669,0.5938459018091358,-0.050445120194499905,0.028277623241224705,-0.18864097643734815,-0.2966653975103265,False,True,False,False,3.7999998312443495e-05,2.700000004551839e-05,False,False
2026-05-17,3.099999958067201e-05,21370471,-0.0317487093165324,-0.1769307652502879,-0.0317487093165324,-0.0317487093165324,0.032789834558406554,-0.0317487093165324,-0.47803578920758405,41.48929889375688,-5.378084409628485e-07,0.05941787161672981,22.9500634037072,0.6040833703818579,-0.07875188289725853,-0.0057729531074885935,-0.20988914073465934,-0.14659157104236975,False,False,False,False,3.7999998312443495e-05,2.700000004551839e-05,False,False
2026-05-18,2.9999999242136255e-05,29362647,-0.03278983455840661,-0.2097205998086945,-0.06453854387493897,-0.03278983455840661,0.0,-0.06453854387493897,-0.44895027423056616,38.345085960143294,-6.872509580092758e-07,0.0593938164436887,24.571648941903675,0.604759646174946,-0.10581225498741681,-0.03969273342432886,-0.23185253539587572,0.373982211248409,False,False,False,False,3.7999998312443495e-05,2.700000004551839e-05,False,False
2026-05-19,2.9999999242136255e-05,23871591,0.0,-0.15415073179838407,-0.09531021287685976,0.0,0.0,0.0,-0.40546514853015136,38.345085960143294,-7.524887860069965e-07,0.05753235423056306,26.055325176451348,0.5938459018091358,-0.10313904710471211,-0.04153357751842097,-0.22789861690398527,-0.18700820808151253,False,False,False,False,3.7999998312443495e-05,2.700000004551839e-05,False,False
2026-05-20,2.9999999242136255e-05,24404635,0.0,-0.12516318575375687,-0.12516318575375687,-0.03278983455840661,0.03390150149666336,0.0,-0.33647225394492175,38.345085960143294,-7.598137973247165e-07,0.05818480252029982,27.422769670466646,0.5819531971594578,-0.10044980798508094,-0.042756890688764655,-0.22380338287978088,0.022329638606827684,False,False,False,False,3.7999998312443495e-05,2.700000004551839e-05,False,False
2026-05-21,3.099999958067201e-05,25806125,0.032789834558406554,-0.12136089723997746,-0.12136089723997746,0.0,0.1017826670670135,0.0,-0.3502024507702341,43.67624349754331,-6.649067331469823e-07,0.05459003011216242,27.939236423477265,0.5938459018091358,-0.06906909170616882,-0.012738872800751607,-0.19386296710890488,0.05742720593854411,False,False,False,False,3.7999998312443495e-05,2.700000004551839e-05,False,False
2026-05-22,2.9000000722589903e-05,27011129,-0.06669133605506994,-0.12921171437352302,-0.24362210130535777,-0.0984400453716023,0.0,-0.03390150149666327,-0.39390426090931824,36.819126164413426,-7.008352529851765e-07,0.05911275886132746,30.111572925504472,0.6260038954540257,-0.1251885256975557,-0.07760812545338404,-0.2428198242269552,0.046694495977214645,False,False,False,False,3.7999998312443495e-05,2.700000004551839e-05,False,False
2026-05-23,2.9999999242136255e-05,25015471,0.03390150149666336,-0.06453854387493897,-0.1823216174269344,-0.12516318575375687,0.0,0.03390150149666336,-0.3600027594126548,41.743959715905945,-6.238353803937869e-07,0.057822643137123396,31.204542430674394,0.5979805686122001,-0.09228445052170976,-0.047619077316833534,-0.21393949274610058,-0.0738828058612433,False,False,False,False,3.7999998312443495e-05,2.700000004551839e-05,False,False
2026-05-24,2.9000000722589903e-05,17567188,-0.03390150149666327,-0.06669133605506994,-0.24362210130535777,-0.12921171437352302,-0.03390150149666327,0.035091331011943595,-0.39390426090931824,38.51117089810725,-6.063039314278527e-07,0.05800696597667267,33.0511376247034,0.6003310321130376,-0.11854102234335426,-0.08053263986490879,-0.23704286422640813,-0.29774706220802316,False,False,False,False,3.7999998312443495e-05,2.700000004551839e-05,False,False
2026-05-25,2.9999999242136255e-05,26167392,0.03390150149666336,0.0,-0.2097205998086945,-0.06453854387493897,0.03390150149666336,0.06899283250860686,-0.2876820724517809,43.244596863333584,-4.97948137840136e-07,0.05444910908419107,34.083785313267896,0.6067965271095213,-0.08396949871946209,-0.050632940902527825,-0.20781623291947696,0.48956065136890436,False,False,False,False,3.7999998312443495e-05,2.700000004551839e-05,False,False
2026-05-26,2.9000000722589903e-05,33769541,-0.03390150149666327,-0.03390150149666327,-0.1880522332950474,-0.12921171437352302,0.035091331011943595,-0.03390150149666327,-0.3703737554415851,39.9339960339273,-4.648458084992188e-07,0.05476637924114516,35.56476641243398,0.6045598830762908,-0.10769229537914872,-0.08343866809236641,-0.23056511708145733,0.29051993412259036,False,False,False,True,3.7999998312443495e-05,2.8000000384054147e-05,False,False
2026-05-27,2.8000000384054147e-05,33635013,-0.03509133101194358,-0.06899283250860688,-0.19415601826236373,-0.13353137638354592,0.0,-0.03509133101194358,-0.40546508645352874,36.89242707378435,-4.795868099068227e-07,0.05522174880099674,37.1744049790322,0.6071221791278854,-0.12908242322382454,-0.1144844966745958,-0.2536318700539377,-0.003983708277231268,False,False,False,False,3.7999998312443495e-05,2.8000000384054147e-05,False,False
2026-05-28,2.700000004551839e-05,35950510,-0.036367656201228,-0.13815032326824148,-0.2595112205082189,-0.16989903258477387,0.0,-0.07145898721317157,-0.4418327426547567,34.09576484185648,-5.224492611459106e-07,0.05582200302177625,37.5495909987112,0.6169394539313445,-0.14691943672720548,-0.14556962378709284,-0.2768179977479566,0.06884186427993955,False,True,False,False,3.7999998312443495e-05,2.8000000384054147e-05,False,True
2026-05-29,2.8000000384054147e-05,30815660,0.036367656201227935,-0.03509133101194358,-0.16430304538546658,-0.13353137638354592,0.036367656201227935,0.0,-0.3313570876479468,39.069918873859784,-4.5186463342433597e-07,0.05253449783098469,37.07031683638707,0.6339483704667882,-0.10399999376013883,-0.11392404363791934,-0.24629877813737178,-0.14283107527542727,False,False,False,False,3.7999998312443495e-05,2.8000000384054147e-05,False,False
2026-05-30,2.8000000384054147e-05,24191191,0.0,-0.06899283250860688,-0.13353137638354592,-0.13353137638354592,0.0,0.036367656201227935,-0.3313570876479468,39.06991887385978,-3.766615317859344e-07,0.05133305493698458,34.507355003894865,0.6339483704667882,-0.09090908285571393,-0.11336288071748955,-0.24303864868771147,-0.21497086221745698,False,False,False,False,3.7999998312443495e-05,2.8000000384054147e-05,False,False
2026-05-31,2.9000000722589903e-05,31346224,0.035091331011943595,0.0,-0.06669133605506994,-0.0984400453716023,0.035091331011943595,0.035091331011943595,-0.1880522332950474,43.97407520825521,-2.3782975778233067e-07,0.050948843832570354,29.83101209944002,0.6486943395049678,-0.04605261110901825,-0.08169725902893368,-0.2128121409393794,0.2957701834523154,False,False,False,False,3.7999998312443495e-05,2.8000000384054147e-05,False,False
2026-06-01,2.9000000722589903e-05,35646779,0.0,-0.03390150149666327,-0.03390150149666327,-0.0984400453716023,0.07145898721317147,0.035091331011943595,-0.15906468725042014,43.97407520825521,-1.296701789305695e-07,0.04977269566132482,26.875413287043493,0.6486943395049678,-0.03654482951795326,-0.08227846348874585,-0.20980924443241158,0.13719531258374218,False,False,False,False,3.7999998312443495e-05,2.8000000384054147e-05,False,False
2026-06-02,2.5999999706982635e-05,41286241,-0.10919932815178356,-0.10919932815178356,-0.14310082964844692,-0.2076393735233859,-0.03774034093861205,-0.10919932815178356,-0.2682640154022037,34.35361901784829,-2.375627533287705e-07,0.059792054925155186,26.969675861799615,0.7462344890359669,-0.12457913592087164,-0.1751269179073282,-0.2888402703934715,0.15820397124800523,False,False,False,False,3.7999998312443495e-05,2.8000000384054147e-05,False,True
2026-06-03,2.5999999706982635e-05,37119079,0.0,-0.07410799713984,-0.14310082964844692,-0.2076393735233859,-0.03774034093861205,-0.10919932815178356,-0.2682640154022037,34.35361901784829,-2.832222148887936e-07,0.06101570127558728,24.02910390327527,0.7462344890359669,-0.11111112078474901,-0.1740787942013152,-0.2860085207462888,-0.10093343203611105,False,False,True,False,2.9999999242136255e-05,2.8000000384054147e-05,False,False
2026-06-04,2.499999936844688e-05,49348346,-0.03922072714550778,-0.07696106808411976,-0.2151113913523613,-0.2776317696708143,-0.07696106808411976,-0.11332872428534778,-0.30748474254771146,31.67470006634848,-3.50653787258462e-07,0.06749516169176772,24.5195679952989,0.7416597669945558,-0.13344889369883908,-0.2038216800345472,-0.3107251342533541,0.3294604103727896,False,False,False,False,2.9999999242136255e-05,2.8000000384054147e-05,False,False
2026-06-05,2.300000051036477e-05,42803058,-0.08338156148715345,-0.19671028577250127,-0.23180161678444478,-0.39086630403486494,-0.16034262957127332,-0.19671028577250127,-0.19671028577250127,27.119719244024637,-4.912151808661694e-07,0.07744076285394942,28.6577303414982,0.7710965109889112,-0.19014082635189933,-0.26329274858421514,-0.3634098943523352,-0.13263439467657134,False,True,False,False,2.9999999242136255e-05,2.8000000384054147e-05,False,False
2026-06-06,2.300000051036477e-05,21764315,0.0,-0.19671028577250127,-0.2657031182811081,-0.4198538500794922,-0.23180161678444478,-0.16034262957127332,-0.3302416621560472,27.119719244024637,-5.414896356256003e-07,0.07812046188205847,32.261682782125334,0.7577297623690484,-0.1785714109383681,-0.25902060632289053,-0.3606671156153305,-0.49152429716587076,False,False,False,False,2.9999999242136255e-05,2.8000000384054147e-05,False,False
2026-06-07,2.499999936844688e-05,25678294,0.08338156148715353,-0.14842005529729133,-0.14842005529729133,-0.3920421566026492,-0.11332872428534778,-0.11332872428534778,-0.2468601006688936,37.53724419753152,-4.0366909709803694e-07,0.07245148034206891,33.14531709557972,0.7951520437689885,-0.09909912272042075,-0.19146186192297887,-0.3024553745962994,0.17983469730152324,False,False,False,False,2.9999999242136255e-05,2.8000000384054147e-05,False,False
2026-06-08,2.4000000848900527e-05,21779571,-0.040821933887275265,-0.1892419891845667,-0.22314349068123,-0.40546510810816444,-0.15415065817262302,-0.1892419891845667,-0.25593332523963647,34.8545665459756,-3.457118217242296e-07,0.07305573859416524,34.629461881933885,0.7995631016225762,-0.12568303258916977,-0.22077919838316315,-0.32810747879191837,-0.15182951795785182,False,False,False,False,2.9999999242136255e-05,2.8000000384054147e-05,False,False
2026-06-09,2.4000000848900527e-05,21049360,0.0,-0.08004266103278307,-0.1892419891845667,-0.4328640904899244,-0.1892419891845667,-0.1892419891845667,-0.25593332523963647,34.8545665459756,-2.762439921210401e-07,0.07081365751653305,35.56569328396615,0.7875379744254344,-0.11602207427708174,-0.2172211132023081,-0.3260319893805549,-0.033527336236328975,False,False,False,False,2.9999999242136255e-05,2.8000000384054147e-05,False,False
2026-06-10,2.4000000848900527e-05,21495336,0.0,-0.08004266103278307,-0.15415065817262302,-0.4328640904899244,-0.1892419891845667,-0.22314349068123,-0.22314349068123,34.8545665459756,-2.0257357260485229e-07,0.06873172508730317,34.875584872294986,0.7875379744254344,-0.10447758864070174,-0.21363038504432924,-0.3240388436101287,0.021187152483495897,False,False,False,False,2.9999999242136255e-05,2.8000000384054147e-05,False,False
2026-06-11,2.499999936844688e-05,21374575,0.04082193388727526,0.0,-0.07696106808411976,-0.3364722885923387,-0.11332872428534778,-0.1823215567939546,-0.14842005529729133,40.192981272958335,-6.585170078756911e-08,0.06412656592079648,34.74953248248492,0.7958868692808347,-0.06015040614665236,-0.17709021830995725,-0.29388506193486547,-0.005618009413763114,False,False,False,False,2.9999999242136255e-05,2.8000000384054147e-05,False,False
2026-06-12,2.499999936844688e-05,19297453,0.0,0.08338156148715353,-0.11332872428534778,-0.30748474254771146,-0.1823215567939546,-0.1823215567939546,-0.1823215567939546,40.192981272958335,3.9554933387534416e-08,0.06526037952247196,33.35343092317074,0.7941608426765016,-0.05123342736714621,-0.172185457388225,-0.29148365087696687,-0.09717723042446458,False,False,False,False,2.9999999242136255e-05,2.8000000384054147e-05,False,False
2026-06-13,2.499999936844688e-05,14085273,0.0,0.08338156148715353,-0.11332872428534778,-0.3364722885923387,-0.11332872428534778,-0.1823215567939546,-0.1823215567939546,40.19298127295833,1.1971803965148925e-07,0.0605989238422954,32.54749191603229,0.7824858385710416,-0.043977084044669455,-0.1677763248764851,-0.28906585026608195,-0.2700967842751062,False,False,False,False,2.9999999242136255e-05,2.8000000384054147e-05,False,False
2026-06-14,2.499999936844688e-05,15651336,0.0,0.0,-0.14842005529729133,-0.2776317696708143,-0.14842005529729133,-0.2468601006688936,-0.3364722885923387,40.19298127295833,1.7958384754669952e-07,0.059127567981584125,30.06629105182061,0.7641124192961191,-0.034749063899071286,-0.1638796251125402,-0.2865296982544224,0.11118442645733606,False,False,False,False,2.9999999242136255e-05,2.8000000384054147e-05,False,False
2026-06-15,2.5999999706982635e-05,30144884,0.03922072714550763,0.08004266103278308,-0.10919932815178356,-0.2076393735233859,-0.2076393735233859,-0.17589066420685354,-0.2076393735233859,46.130571515874415,2.869978149825602e-07,0.0610342317982164,28.165382611575534,0.7781778060970264,0.00970872346167316,-0.12634410113768785,-0.2554410163718516,0.9260262510497506,False,False,False,False,2.9999999242136255e-05,2.8000000384054147e-05,False,False
2026-06-16,2.5999999706982635e-05,21433700,0.0,0.08004266103278308,0.0,-0.17589066420685354,-0.2076393735233859,-0.14310082964844692,-0.2076393735233859,46.13057151587442,3.5411141849516174e-07,0.05942189752088681,27.134055586513682,0.773293355043172,0.013645211038990657,-0.12280703261704873,-0.2529809020712128,-0.2889771942728325,True,False,False,False,2.9999999242136255e-05,2.8000000384054147e-05,False,False
2026-06-17,2.5999999706982635e-05,24423029,0.0,0.08004266103278308,0.0,-0.14310082964844692,-0.17589066420685354,-0.14310082964844692,-0.2076393735233859,46.130571515874415,3.916402371002266e-07,0.05792472997765219,26.791294816339107,0.7673581405168411,0.015624987509991013,-0.11924120744091973,-0.2506124885182422,0.13946864050537244,False,False,False,False,2.9999999242136255e-05,2.8000000384054147e-05,False,False
2026-06-18,2.700000004551839e-05,46375575,0.03774034093861201,0.0769610680841198,0.0769610680841198,-0.10536048870983478,-0.10536048870983478,-0.10536048870983478,-0.10536048870983478,52.07334574530377,4.715836210942636e-07,0.05973163886069022,25.950034771063585,0.7814726513595635,0.05675146910358748,-0.08225697191584376,-0.21954039443033016,0.8988461668698013,False,False,False,False,2.9999999242136255e-05,2.8000000384054147e-05,False,False
2026-06-19,2.5999999706982635e-05,25788082,-0.03774034093861205,0.03922072714550763,0.12260228863266127,-0.14310082964844692,-0.17589066420685354,-0.10919932815178356,-0.14310082964844692,46.54375528467068,4.452106633698038e-07,0.06309287420698251,24.58858590355908,0.7903748628874261,0.021610991433242525,-0.11262800147652767,-0.24659519800195917,-0.4439296547805607,False,False,False,False,2.9999999242136255e-05,2.8000000384054147e-05,False,False
2026-06-20,2.5999999706982635e-05,15569714,0.0,0.03922072714550763,0.12260228863266127,-0.17589066420685354,-0.17589066420685354,-0.07410799713984,-0.17589066420685354,46.54375528467068,4.1638615663270684e-07,0.06133349404331249,21.27055003271025,0.778955592484737,0.027667975664409282,-0.10897876765243962,-0.2441860545201247,-0.3962438152631902,False,False,False,False,2.9999999242136255e-05,2.8000000384054147e-05,False,False
2026-06-21,2.499999936844688e-05,13043617,-0.03922072714550778,0.0,0.0,-0.14842005529729133,-0.2468601006688936,-0.14842005529729133,-0.1823215567939546,41.44024320290356,3.22769381042835e-07,0.062087776115732726,16.637933975435708,0.7575554945226408,-0.003984083233882838,-0.13911848361487553,-0.27060541551988015,-0.16224427757632542,False,False,False,False,2.9999999242136255e-05,2.8000000384054147e-05,False,False
2026-06-22,2.499999936844688e-05,18907423,0.0,-0.03922072714550778,0.04082193388727526,-0.1823215567939546,-0.30748474254771146,-0.1823215567939546,-0.14842005529729133,41.44024320290356,2.565316413549823e-07,0.060510078861174356,16.342901130726485,0.7447957429513918,-0.0019960268260783543,-0.13494812302040532,-0.2681499007134373,0.4495536782473757,False,False,False,False,2.9999999242136255e-05,2.8000000384054147e-05,False,False
2026-06-23,2.4000000848900527e-05,21022447,-0.040821933887275265,-0.08004266103278307,0.0,-0.1892419891845667,-0.3184537035580898,-0.22314349068123,-0.15415065817262302,36.76493633210096,1.4652458587733113e-07,0.06150527655256749,16.408403062240705,0.748432001858913,-0.038076114317834316,-0.16492690626566262,-0.29525764584828845,0.11186209775917111,False,False,False,False,2.9999999242136255e-05,2.8000000384054147e-05,False,False
2026-06-24,2.300000051036477e-05,19855798,-0.04255962759987817,-0.12260228863266119,-0.04255962759987817,-0.2657031182811081,-0.3302416621560472,-0.23180161678444478,-0.19671028577250127,32.78195599412565,1.4516447587616166e-08,0.06580635767091092,17.83381300192758,0.7442369863702725,-0.07444665784101785,-0.19411351170164862,-0.32223366629893746,-0.055495394993741676,False,True,False,False,2.9999999242136255e-05,2.8000000384054147e-05,False,False
2026-06-25,2.2000000171829015e-05,24614065,-0.0444517769501965,-0.2047944065214698,-0.12783333843734995,-0.2762533937346413,-0.40546510810816444,-0.2411620627226978,-0.3101548952313047,29.356889086645083,-1.2439454435506587e-07,0.07362370850229932,19.488778820937554,0.7495960378376598,-0.11290321663815825,-0.22261483926327963,-0.3494973330481027,0.23964118692182512,False,False,False,False,2.9999999242136255e-05,2.8000000384054147e-05,False,False
2026-06-26,2.2000000171829015e-05,18965135,0.0,-0.16705406558285774,-0.12783333843734995,-0.2411620627226978,-0.3746934391062437,-0.2411620627226978,-0.2762533937346413,29.356889086645097,-1.9624896174852129e-07,0.07161162650124334,20.994550820468028,0.7443205307839249,-0.11111110131184154,-0.2154065599257655,-0.34689030159952683,-0.22950008460609816,False,False,False,False,2.9999999242136255e-05,2.8000000384054147e-05,False,False
2026-06-27,2.2000000171829015e-05,13405658,0.0,-0.16705406558285774,-0.12783333843734995,-0.2047944065214698,-0.3746934391062437,-0.2047944065214698,-0.2762533937346413,29.356889086645097,-2.218595989417877e-07,0.06649651032258311,23.224153173198015,0.73767928143145,-0.10569104849433152,-0.20692141019068966,-0.34406678034867766,-0.29314196814312155,False,False,False,False,2.9999999242136255e-05,2.8000000384054147e-05,False,False
2026-06-28,2.099999983329326e-05,11750451,-0.046520031383718866,-0.1743533698210688,-0.1743533698210688,-0.2876820941064166,-0.4212134704899625,-0.25131443790518865,-0.2876820941064166,25.96821124924095,-2.8045500119388207e-07,0.0680884442117148,26.619448772126937,0.7332369126412579,-0.14110429812987949,-0.23469388600633942,-0.37125748971780503,-0.12347077629460634,False,False,False,False,2.9999999242136255e-05,2.8000000384054147e-05,False,False
2026-06-29,2.2000000171829015e-05,16275918,0.04652003138371882,-0.12783333843734995,-0.16705406558285774,-0.2411620627226978,-0.3746934391062437,-0.2411620627226978,-0.2047944065214698,34.15356076034449,-2.2837836283101457e-07,0.06684462869645248,28.10667210653736,0.7584166483554479,-0.09650922858862707,-0.18938835202644758,-0.3387436072278233,0.38513134517134695,False,False,False,False,2.9999999242136255e-05,2.8000000384054147e-05,False,False
2026-06-30,2.099999983329326e-05,15023007,-0.046520031383718866,-0.13353143593379352,-0.21357409696657653,-0.3227734251183602,-0.4212134704899625,-0.2876820941064166,-0.2876820941064166,30.51958300686185,-2.3677942727931549e-07,0.06842708998210466,30.74557612045435,0.7534098408463358,-0.13223140557987478,-0.21700224396419604,-0.366420279013454,-0.07697943673591867,False,False,False,False,2.9999999242136255e-05,2.8000000384054147e-05,False,False
2026-07-01,2.2000000171829015e-05,17205182,0.04652003138371882,-0.0444517769501965,-0.16705406558285774,-0.2762533937346413,-0.3746934391062437,-0.2047944065214698,-0.2411620627226978,37.66256989889005,-1.544713074666014e-07,0.06389803766767035,31.764536411521192,0.7788167868456757,-0.08523907297416813,-0.17168674069631196,-0.3338379956266631,0.14525554038549005,False,False,False,False,2.9999999242136255e-05,2.8000000384054147e-05,False,False
2026-07-02,2.2000000171829015e-05,19686335,0.0,0.0,-0.2047944065214698,-0.16705406558285774,-0.3746934391062437,-0.2047944065214698,-0.2762533937346413,37.66256989889005,-8.308877000248755e-08,0.06258064644051643,32.58229387859798,0.6904932435031078,-0.07949789712266245,-0.16413373198485712,-0.33151017331466753,0.14420963405095044,False,False,False,False,2.9999999242136255e-05,2.8000000384054147e-05,False,False
2026-07-03,2.4000000848900527e-05,23094112,0.08701140455007468,0.08701140455007468,-0.08004266103278307,-0.08004266103278307,-0.2876820345561689,-0.11778300197139516,-0.1892419891845667,49.665394695019785,1.055285804997253e-07,0.05922043153285374,32.38026491549946,0.7622933226273715,0.006289344631197257,-0.08045973743129095,-0.26862712562870394,0.17310367826210404,False,False,False,False,2.9999999242136255e-05,2.8000000384054147e-05,False,False
2026-07-04,2.4000000848900527e-05,22131614,0.0,0.08701140455007468,-0.08004266103278307,-0.040821933887275265,-0.3184537035580898,-0.11778300197139516,-0.15415065817262302,49.665394695019785,2.2986291558409926e-07,0.05499040070907847,32.15315128021781,0.7508122069016745,0.0084033947417021,-0.07407404158469426,-0.26650364090867845,-0.04167720326289226,True,False,False,False,2.9999999242136255e-05,2.8000000384054147e-05,False,False
2026-07-05,2.4000000848900527e-05,19350443,0.0,0.1335314359337936,-0.040821933887275265,0.042559627599878185,-0.34830667643498675,-0.11778300197139516,-0.15415065817262302,49.665394695019785,3.068641865945609e-07,0.05403870632261122,31.16655534343741,0.6900382381310464,0.01265825893695492,-0.06832294934941106,-0.2647058559227182,-0.12566507801916305,False,False,False,False,2.9999999242136255e-05,2.8000000384054147e-05,False,False
2026-07-06,2.300000051036477e-05,18848989,-0.04255962759987817,0.044451776950196496,-0.08338156148715345,0.0,-0.4198538500794922,-0.23180161678444478,-0.16034262957127332,44.33449629407931,2.8564438519667304e-07,0.055466077364083016,30.133662621721214,0.7069019484325305,-0.02335454934074379,-0.10156248162580894,-0.29372023596372937,-0.025914342116095224,False,False,False,False,2.9999999242136255e-05,2.8000000384054147e-05,False,False
2026-07-07,2.300000051036477e-05,19054410,0.0,0.09097180833391527,-0.04255962759987817,-0.08338156148715345,-0.4754237180898026,-0.19671028577250127,-0.19671028577250127,44.33449629407931,2.6714053961339473e-07,0.05460980573977267,28.807348098901965,0.6397562860496706,-0.0170940033077545,-0.09662213482931559,-0.29165381851343575,0.010898250298729595,False,False,False,False,2.9999999242136255e-05,2.8000000384054147e-05,False,False
2026-07-08,2.2000000171829015e-05,14819563,-0.0444517769501965,0.0,-0.0444517769501965,-0.08701140455007465,-0.4924765126582391,-0.2411620627226978,-0.2762533937346413,39.42650120332906,1.8688245193055467e-07,0.05626081974580642,25.78800994206864,0.642591963073366,-0.04967602659675204,-0.13043477885755755,-0.3204633151702162,-0.22225022973684305,False,False,False,False,2.9999999242136255e-05,2.8000000384054147e-05,False,False
2026-07-09,2.300000051036477e-05,14171076,0.044451776950196496,0.044451776950196496,0.044451776950196496,-0.04255962759987817,-0.4754237180898026,-0.23180161678444478,-0.23180161678444478,45.87879961634022,1.9933469118879707e-07,0.0530763805350128,23.33288264932623,0.6634837515205845,1.186297427790671e-08,-0.08585054028980754,-0.2875948426307543,-0.04375884767992144,False,False,False,False,2.9999999242136255e-05,2.8000000384054147e-05,False,False
2026-07-10,2.300000051036477e-05,19058543,0.0,-0.04255962759987817,0.044451776950196496,-0.04255962759987817,-0.4754237180898026,-0.23180161678444478,-0.2657031182811081,45.87879961634022,2.0497119081323235e-07,0.05549639258590304,20.16931113924252,0.6634837515205845,0.0065645615254450946,-0.07999998445855461,-0.28571427017943835,0.34489032448912127,False,False,False,False,2.9999999242136255e-05,2.8000000384054147e-05,False,False
2026-07-11,2.300000051036477e-05,11397533,0.0,-0.04255962759987817,0.044451776950196496,-0.08338156148715345,-0.4198538500794922,-0.19671028577250127,-0.2657031182811081,45.87879961634022,2.0557307144855744e-07,0.05153236454405282,18.33552214897764,0.645817100661742,0.010989018545252392,-0.07556268521413537,-0.28382374296281315,-0.40197249076175445,False,False,False,False,2.9999999242136255e-05,2.8000000384054147e-05,False,False
2026-07-12,2.2000000171829015e-05,11523616,-0.0444517769501965,-0.08701140455007465,0.04652003138371882,-0.12783333843734995,-0.43531808098506153,-0.3101548952313047,-0.3101548952313047,40.4917346016794,1.3870157082561172e-07,0.05327330373687306,16.221512107904992,0.6618236645645353,-0.026548681113584622,-0.11003236079260201,-0.31303668531492795,0.011062306202579197,False,False,False,False,2.9999999242136255e-05,2.8000000384054147e-05,False,False
2026-07-13,2.2000000171829015e-05,14169948,0.0,-0.0444517769501965,0.0,-0.12783333843734995,-0.4643056270296887,-0.2411620627226978,-0.3101548952313047,40.4917346016794,9.654613305503544e-08,0.052714822076204676,15.396012157802245,0.6618236645645353,-0.02222222940835309,-0.10496338281847359,-0.3112085113493732,0.22964423667015632,False,False,False,False,2.9999999242136255e-05,2.8000000384054147e-05,False,False
2026-07-14,2.2000000171829015e-05,13491602,0.0,-0.0444517769501965,0.04652003138371882,-0.12783333843734995,-0.40546510810816444,-0.2762533937346413,-0.3746934391062437,40.4917346016794,7.187205419060047e-08,0.052196231962726894,15.404563091974687,0.6618236645645353,-0.020044549926202446,-0.09909909775697859,-0.30926216190427225,-0.04787215874045547,False,False,False,False,2.9999999242136255e-05,2.8000000384054147e-05,False,False
2026-07-15,2.2000000171829015e-05,13228745,0.0,0.0,0.0,-0.16705406558285774,-0.3746934391062437,-0.3746934391062437,-0.3429447297897112,40.4917346016794,5.9284597454666995e-08,0.05171468400021181,15.404563091974687,0.6432708295461158,-0.020044549926202446,-0.09390444637752773,-0.3071957127903996,-0.0194830087635256,False,False,False,False,2.9999999242136255e-05,2.8000000384054147e-05,False,False
2026-07-16,2.2000000171829015e-05,15845329,0.0,-0.0444517769501965,0.0,-0.16705406558285774,-0.3429447297897112,-0.3746934391062437,-0.3101548952313047,40.4917346016794,5.479753500434861e-08,0.048020778000196676,15.404563091974687,0.6432708295461158,-0.020044549926202446,-0.08940397164016643,-0.30511686237161273,0.1977953313031584,False,False,False,False,2.9999999242136255e-05,2.8000000384054147e-05,False,False
2026-07-17,2.2000000171829015e-05,13986223,0.0,-0.0444517769501965,-0.08701140455007465,-0.16705406558285774,-0.3101548952313047,-0.3429447297897112,-0.3101548952313047,40.4917346016794,5.549796732301694e-08,0.04783747674929088,15.404563091974687,0.6432708295461158,-0.020044549926202446,-0.08561928336087941,-0.30324623493512154,-0.11732833063926917,False,False,False,False,2.9999999242136255e-05,2.8000000384054147e-05,False,False
2026-07-18,2.099999983329326e-05,16402237,-0.046520031383718866,-0.09097180833391537,-0.13353143593379352,-0.25131443790518865,-0.3566749266150235,-0.3566749266150235,-0.3566749266150235,34.22316512699875,-4.531073470975918e-09,0.04993713915727627,15.404563091974687,0.6389982784024882,-0.06458799420665247,-0.122073590358086,-0.3329097905885535,0.17274241945091262,False,False,False,False,2.9999999242136255e-05,2.8000000384054147e-05,False,False
2026-07-19,2.099999983329326e-05,13052362,0.0,-0.046520031383718866,-0.13353143593379352,-0.21357409696657653,-0.3566749266150235,-0.38946476117343004,-0.3227734251183602,34.22316512699875,-3.5649337319668284e-08,0.046370200646042255,16.366347084485433,0.6306763836036096,-0.06250002030122077,-0.11690497360441392,-0.33099713959223115,-0.20423281287790196,False,False,False,False,2.9999999242136255e-05,2.8000000384054147e-05,False,False
2026-07-20,2.099999983329326e-05,14128238,0.0,-0.046520031383718866,-0.09097180833391537,-0.21357409696657653,-0.38946476117343004,-0.38946476117343004,-0.2876820941064166,34.22316512699875,-4.6934363411556536e-08,0.046459405179740516,16.366347084485433,0.6306763836036096,-0.06250002030122077,-0.11092295754510022,-0.3285371769864905,0.08242768626858488,False,False,False,False,2.9999999242136255e-05,2.8000000384054147e-05,False,False
2026-07-21,2.099999983329326e-05,18770327,0.0,-0.046520031383718866,-0.09097180833391537,-0.1743533698210688,-0.3227734251183602,-0.4212134704899625,-0.3227734251183602,34.22316512699875,-4.5089747687723173e-08,0.046542237961031754,17.236122197265466,0.6203023402675161,-0.06040270422762265,-0.10485934535002696,-0.32551791280833425,0.3285681484131284,False,False,False,False,2.9999999242136255e-05,2.8000000384054147e-05,False,False
2026-07-22,2.2000000171829015e-05,15347701,0.04652003138371882,0.0,0.0,-0.12783333843734995,-0.3101548952313047,-0.43531808098506153,-0.3101548952313047,45.55928901983823,2.8808029436366653e-08,0.04450010095448683,17.236122197265466,0.6464601741569506,-0.015659960355309553,-0.059024803933910505,-0.29009357480461234,-0.18234237474925186,False,False,False,False,2.9999999242136255e-05,2.8000000384054147e-05,False,False
2026-07-23,2.099999983329326e-05,12500888,-0.046520031383718866,-0.046520031383718866,-0.09097180833391537,-0.13353143593379352,-0.3227734251183602,-0.4519851394918833,-0.3566749266150235,38.42722381334448,1.6292458466501085e-08,0.04669057625814005,16.709227991461795,0.650807102529471,-0.05405407177004507,-0.09793815520439512,-0.3184031228561147,-0.18548791118617702,False,False,False,False,2.9999999242136255e-05,2.8000000384054147e-05,False,False
2026-07-24,2.099999983329326e-05,16025270,0.0,-0.046520031383718866,-0.09097180833391537,-0.09097180833391537,-0.3566749266150235,-0.4212134704899625,-0.3227734251183602,38.42722381334448,1.4051313541091842e-08,0.04335553509684433,15.684011040730192,0.6362081615109041,-0.047619063332161926,-0.09482759749447191,-0.31428572114166037,0.2819305316550311,False,False,False,False,2.9999999242136255e-05,2.8000000384054147e-05,False,False
2026-07-25,2.2000000171829015e-05,27959484,0.04652003138371882,0.04652003138371882,-0.0444517769501965,0.0,-0.2762533937346413,-0.40546510810816444,-0.2411620627226978,47.88834489923153,8.215312396831963e-08,0.044922277780795855,13.483966736517633,0.640781566358691,0.0022779050830950606,-0.05090595002276258,-0.2775041008331977,0.7447121951767428,False,False,False,False,2.9999999242136255e-05,2.8000000384054147e-05,False,False
2026-07-26,2.2000000171829015e-05,29579345,0.0,0.04652003138371882,0.0,0.0,-0.2411620627226978,-0.3746934391062437,-0.2411620627226978,47.88834489923153,1.267695975959541e-07,0.044960297974132986,12.785392376523742,0.640781566358691,0.004566211562719171,-0.050086352123344516,-0.27356776852120257,0.05793601198076481,True,False,False,False,2.9999999242136255e-05,2.8000000384054147e-05,False,False
2026-07-27,2.099999983329326e-05,18448197,-0.046520031383718866,0.0,-0.046520031383718866,-0.046520031383718866,-0.25131443790518865,-0.4212134704899625,-0.25131443790518865,40.64512464251861,9.022042885340156e-08,0.047138250916955025,12.444646325333615,0.6610076105293551,-0.03669725995447793,-0.09012132835808315,-0.30290457118029096,-0.37631489135408513,False,False,False,False,2.9999999242136255e-05,2.8000000384054147e-05,False,False
2026-07-28,2.099999983329326e-05,13836695,0.0,0.0,-0.046520031383718866,0.0,-0.2876820941064166,-0.4212134704899625,-0.25131443790518865,40.64512464251861,6.832623054828656e-08,0.04717259471701665,12.84068479648795,0.640781566358691,-0.034482770156096056,-0.08774979323258324,-0.29918238636087036,-0.24997033585450112,False,True,False,False,2.9999999242136255e-05,2.8000000384054147e-05,False,False
2026-07-29,1.9999999494757503e-05,13593753,-0.04879018149314084,-0.09531021287685976,-0.09531021287685976,-0.09531021287685976,-0.33647227559955756,-0.47000365198310334,-0.33647227559955756,34.57932878607161,-7.208200869623427e-09,0.049564710516572186,13.60828093362138,0.6399321491627873,-0.07407409902591768,-0.1281604425406147,-0.32908421823259854,-0.017557805530872828,False,False,False,False,2.9999999242136255e-05,2.8000000384054147e-05,False,False
2026-07-30,2.099999983329326e-05,15959046,0.048790181493140926,0.0,-0.046520031383718866,0.0,-0.3227734251183602,-0.4212134704899625,-0.2876820941064166,43.63774684364212,1.5248148283331078e-08,0.04723409815488212,12.480383633837409,0.6450174671681268,-0.023255821823642633,-0.08216784078510425,-0.29197573202590515,0.17399852711756636,False,False,False,False,2.9999999242136255e-05,2.8000000384054147e-05,False,False
2026-07-31,1.9999999494757503e-05,12773921,-0.04879018149314084,-0.04879018149314084,-0.09531021287685976,-0.09531021287685976,-0.3715636066115011,-0.47000365198310334,-0.3001046193983295,37.97508301784502,-2.9724103087511512e-08,0.04962467636952986,12.249837272275144,0.6441736355199519,-0.06323187166614809,-0.12203689800675548,-0.32226365811790847,-0.1995811654405909,False,False,False,False,2.9999999242136255e-05,2.8000000384054147e-05,False,False
2026-08-01,1.9999999494757503e-05,16524412,0.0,-0.09531021287685976,-0.04879018149314084,-0.09531021287685976,-0.2623642784597175,-0.47000365198310334,-0.3001046193983295,37.97508301784502,-5.071634256188935e-08,0.0496514864995559,13.142818659856617,0.6441736355199519,-0.05882354955282392,-0.11816580859611216,-0.3182205743359849,0.2936053072506084,False,False,False,False,2.9999999242136255e-05,2.8000000384054147e-05,False,False
2026-08-02,2.099999983329326e-05,10116082,0.048790181493140926,-0.046520031383718866,0.0,-0.13353143593379352,-0.21357409696657653,-0.4212134704899625,-0.25131443790518865,46.08858844549923,8.355350957468491e-09,0.04731083881877639,12.796853417686307,0.5881848160793736,-0.009433965501939083,-0.07079646950769877,-0.28020566280354287,-0.38780986579129106,False,False,False,False,2.9999999242136255e-05,2.8000000384054147e-05,False,False
2026-08-03,2.099999983329326e-05,12017569,0.0,0.0,0.0,-0.13353143593379352,-0.1743533698210688,-0.4519851394918833,-0.25131443790518865,46.08858844549923,5.067620183836162e-08,0.04733285491156505,12.365675016828215,0.5881848160793736,-0.007092201021396559,-0.06749556925845114,-0.27661041048869034,0.18796674443722372,False,False,False,False,2.9999999242136255e-05,2.8000000384054147e-05,False,False
2026-08-04,2.099999983329326e-05,10396679,0.0,0.0,0.0,-0.13353143593379352,-0.09097180833391537,-0.48183811236878044,-0.25131443790518865,46.088588445499234,8.01639188214126e-08,0.047353298426297395,11.838862848216023,0.5881848160793736,-0.004739338127166397,-0.0633363167842506,-0.2727272802867092,-0.13487669594407992,False,False,False,False,2.9999999242136255e-05,2.8000000384054147e-05,False,False
2026-08-05,2.099999983329326e-05,12286624,0.0,0.048790181493140926,-0.046520031383718866,-0.09097180833391537,-0.09097180833391537,-0.5108256584134075,-0.3227734251183602,46.088588445499234,9.987957145953803e-08,0.04737228168997743,11.201738906323119,0.5719897883149714,-0.002375297733138296,-0.05913979502369166,-0.26905674286620396,0.18178352914425844,False,False,False,False,2.9999999242136255e-05,2.8000000384054147e-05,False,False
2026-08-06,2.099999983329326e-05,16382966,0.0,0.0,0.0,-0.09097180833391537,-0.1743533698210688,-0.566395526423718,-0.2876820941064166,46.088588445499234,1.1220911064583125e-07,0.04738990900625175,10.432814235061285,0.5719897883149714,0.0,-0.05490550079110408,-0.26573427332858424,0.33339849905067487,False,False,False,False,2.9999999242136255e-05,2.8000000384054147e-05,False,False
2026-08-07,2.099999983329326e-05,14114117,0.0,0.048790181493140926,0.0,-0.046520031383718866,-0.13353143593379352,-0.538996544041958,-0.2876820941064166,46.088588445499234,1.1900709493483548e-07,0.044004915505805195,10.432814235061285,0.5521472614769515,0.0,-0.04977376578622704,-0.2626404569620972,-0.13848829326753165,False,False,False,False,2.9999999242136255e-05,2.8000000384054147e-05,False,False
2026-08-08,2.099999983329326e-05,8924384,0.0,0.048790181493140926,-0.046520031383718866,-0.09097180833391537,-0.13353143593379352,-0.566395526423718,-0.3227734251183602,46.088588445499234,1.21710404966667e-07,0.04086170725539054,10.432814235061285,0.5267187325750864,0.0,-0.045454555752130026,-0.2599119018528092,-0.3676980288600413,False,False,False,False,2.9999999242136255e-05,2.8000000384054147e-05,False,False
2026-08-09,2.099999983329326e-05,15659500,0.0,0.0,-0.046520031383718866,-0.09097180833391537,-0.13353143593379352,-0.566395526423718,-0.3227734251183602,46.08858844549923,1.2142813788984174e-07,0.04134437560270678,10.432814235061285,0.5267187325750864,0.0,-0.0410959008786529,-0.2569002198646151,0.7546869341346136,False,False,False,False,2.9999999242136255e-05,2.8000000384054147e-05,False,False
2026-08-10,2.099999983329326e-05,15704844,0.0,0.0,0.0,-0.09097180833391537,-0.1743533698210688,-0.5108256584134075,-0.2876820941064166,46.088588445499234,1.190126065395066e-07,0.041792567639500434,10.432814235061285,0.5267187325750864,0.0,-0.037580212576504395,-0.25399645516573555,0.0028956224655960483,False,False,False,False,2.9999999242136255e-05,2.8000000384054147e-05,False,False
2026-08-11,2.099999983329326e-05,12022592,0.0,0.0,0.0,-0.046520031383718866,-0.1743533698210688,-0.48183811236878044,-0.3566749266150235,46.088588445499234,1.1511535881151139e-07,0.04220874595938025,9.498690050667333,0.505100884641273,0.0023866356737496652,-0.034038649846535825,-0.25106990771944687,-0.23446600297335018,False,False,False,False,2.9999999242136255e-05,2.8000000384054147e-05,False,False
2026-08-12,1.9999999494757503e-05,11884508,-0.04879018149314084,-0.04879018149314084,0.0,-0.09531021287685976,-0.2231435513142097,-0.5596158399065484,-0.33647227559955756,36.16304732750386,4.6413643519017675e-08,0.044724957894034224,10.306539105324038,0.531210837619607,-0.043062215948265675,-0.07663899157995693,-0.2837959014203199,-0.011485376863824337,False,False,False,False,2.9999999242136255e-05,2.8000000384054147e-05,False,False
2026-08-13,1.9999999494757503e-05,9570463,0.0,-0.04879018149314084,-0.04879018149314084,-0.09531021287685976,-0.2231435513142097,-0.5007753209850242,-0.3715636066115011,36.16304732750386,4.407100208224878e-09,0.0451017479151671,10.978922913754923,0.531210837619607,-0.04076740031759116,-0.07407409902591768,-0.28122194246644655,-0.19471104735677747,False,False,False,False,2.9999999242136255e-05,2.8000000384054147e-05,False,False
2026-08-14,2.029999996011611e-05,9271555,0.01488863579115217,-0.03390154570198867,0.01488863579115217,-0.0804215770857076,-0.24747564266856528,-0.45511501619195116,-0.45511501619195116,40.61288493558509,4.69910107570585e-10,0.04297084922708033,9.995999169509165,0.5348575930982699,-0.022393441700865543,-0.058703518045777545,-0.26758429403704903,-0.03123234476743708,False,False,False,False,2.9999999242136255e-05,2.8000000384054147e-05,False,False
