Date,Close,Volume,Log_Return_1d,Log_Return_7d,Log_Return_14d,Log_Return_30d,Log_Return_60d,Log_Return_90d,Log_Return_120d,RSI_14,MACD_Hist,ATR_14_Pct,BB_Width,Volatility_30d,Close_to_SMA20,Close_to_SMA50,Close_to_SMA200,Volume_Change_1d,Bullish_FVG,Bearish_FVG,Swing_High,Swing_Low,Last_Swing_High_Price,Last_Swing_Low_Price,Bullish_BOS,Bearish_BOS
2021-11-18,0.5036929845809937,1030414,-2.3723382240726854,0.07628885533854761,-0.33351231870687326,0.29580118681463724,1.3324828763789989,1.2736681070405853,1.3998161267147704,48.43379431898865,0.16126468736927738,3.697038317011324,520.1804582438793,12.599533251900672,-0.3833230397747221,0.017648302150266804,0.7115620501788176,1.971231008342056,False,False,False,False,1.0671080350875854,0.4665910005569458,False,False
2021-11-19,0.39288198947906494,375311,-0.24845763933004236,-0.3742038520017944,-0.3776852491255241,-0.11636744412875083,1.195891105166617,1.0019058710827657,1.1647290634101097,47.8785359045507,0.06383244051791925,5.214822446517864,537.125679361714,12.618197222938678,-0.5051619498468933,-0.2150593283821961,0.37105697264519716,-0.635766788882915,False,False,True,False,5.563815116882324,0.4665910005569458,False,True
2021-11-20,2.31923508644104,410253,1.7754834206236871,1.9069073379352746,1.578428473278738,1.669409683792717,3.021074076522516,2.966421389533056,2.941559433029849,57.08850241086475,0.12085143100144913,0.9118035996663535,512.4034777704385,14.061651423142358,1.6606130074275267,3.2639683795769288,6.933097848819745,0.09310145452704566,False,False,False,False,5.563815116882324,0.4665910005569458,False,False
2021-11-21,0.5048760175704956,527957,-1.524679816804251,0.2966084913319056,-0.059998537992687506,0.29772825760188204,1.3684307217360743,1.2851378367108488,1.4125432807857232,48.41163057645725,0.032689478833494046,4.170784477264416,524.498064967246,15.09390485366533,-0.40865455705544357,-0.08395550816329456,0.7413012153660422,0.2869058849051682,False,False,False,False,5.563815116882324,0.4665910005569458,False,False
2021-11-22,0.3345879912376404,162510,-0.4114129913682826,-0.2870625204780191,-0.4690696103924151,-0.11737514263277343,1.0282120952176115,1.0128704155349926,0.9372293967691174,47.679162492405275,-0.03700121320243499,7.0243861967571215,543.1953024855724,15.165340445623226,-0.5961992982019183,-0.39703032999939564,0.1608060729180944,-0.6921908412995755,False,False,False,False,5.563815116882324,0.4665910005569458,False,True
2021-11-23,0.3516870141029358,98410,0.04984171757335226,-0.2978579207594192,-0.34462032249688046,-0.011436005674341084,1.1211105950812512,1.0549571677550833,1.0277621449473504,47.7646249892174,-0.07941823904147682,7.445697043038064,554.4048062896906,15.165254193720962,-0.568364725983085,-0.3709983490602757,0.227968020485277,-0.39443726539905233,False,False,False,False,5.563815116882324,0.4665910005569458,False,False
2021-11-24,0.33682599663734436,96699,-0.04317514902167228,-2.774738682399894,-0.37181393838829757,-0.18260553686948552,1.0915770635019137,0.9107129507023898,0.8943801565549616,47.691711860244205,-0.1043756935797358,7.226699042050789,569.4739050399533,15.158768673749284,-0.5770989182348903,-0.40169805924557145,0.18708625532417092,-0.017386444467025752,False,False,False,False,5.563815116882324,0.4665910005569458,False,False
2021-11-25,0.373416006565094,118367,0.10312663070704398,-0.2992738276201649,-0.22298497228161726,-0.05990474908280408,1.175719568333939,0.9466699589744728,1.1163877515440488,47.902581585792745,-0.1135601383796732,6.067173617662103,578.1297225382494,15.163435786354867,-0.5252042558080952,-0.34073734643723125,0.32245421130430324,0.2240767743203136,False,False,False,True,5.563815116882324,0.2892589867115021,False,False
2021-11-26,0.36401399970054626,24245,-0.025500769649018644,-0.0763169579391411,-0.45052080994093546,-0.03734730763654321,1.1572552600445052,0.9936375884488818,0.9121826281528359,47.849203725538935,-0.11505317901634612,5.789150513061558,583.3006226166998,15.162777479510211,-0.5337667086525835,-0.3585708405518065,0.2971910366325942,-0.7951709513631333,False,False,True,False,6.430459976196289,0.2892589867115021,False,False
2021-11-27,0.3748199939727783,39772,0.029253567040291032,-1.8225468115225374,0.08436052641273728,-0.09456776281835894,1.206804845702655,1.0415326137217513,0.9543227304844083,47.92103167458638,-0.11009527198262041,5.224540779806422,590.5646310306381,15.159924420166176,-0.5149162523814718,-0.3419726367170153,0.34824532892418486,0.6404207053000619,False,False,False,False,6.430459976196289,0.2892589867115021,False,False
2021-11-28,0.37808701395988464,90144,0.008678470136478674,-0.2891885245818075,0.007419966750097855,-0.1577114892073818,1.216473735087185,1.0261010470386247,0.8585203386143746,47.94437549453305,-0.1015841279356,4.816459952117093,597.7374054758405,15.157593744099513,-0.5056740124151716,-0.33985979217982976,0.37131748721765395,1.2665191592074825,False,False,False,False,6.430459976196289,0.2892589867115021,False,False
2021-11-29,0.38857999444007874,103035,0.027374689716959215,0.1495991565034341,-0.13746336397458492,-0.7820111449935969,1.2214789132396138,0.9550554717618088,0.915949763636473,48.02495714631811,-0.09059937730780082,4.358022035324235,602.7735626657267,14.972336002885909,-0.48834908228776225,-0.3261371739114007,0.41835434571739666,0.14300452609158687,False,False,False,False,6.430459976196289,0.2892589867115021,False,False
2021-11-30,0.4019570052623749,160072,0.03384607630893307,0.13360351523901495,-0.16425440552040435,-0.6430207592916365,0.9875649230212881,0.9411317064649463,0.9172664855791967,48.135183704096775,-0.07824951039017525,3.9212218547286777,606.8532496534375,14.970945712446413,-0.467701763009334,-0.30814145073977445,0.47619364750318227,0.5535691755228807,True,False,False,False,6.430459976196289,0.2892589867115021,False,False
2021-12-01,0.3665260076522827,243695,-0.09227564979026338,0.0845030144704236,-2.6902356679294703,-0.856593169997955,0.9397224789862199,0.8844876943775635,0.9782661721018934,47.84575355142161,-0.06862788207111317,4.006612134810441,611.6879690981315,14.963850978687391,-0.5113810413493474,-0.37290683994042145,0.3513262181751962,0.5224086661002549,False,False,False,False,6.430459976196289,0.2892589867115021,False,False
2021-12-02,0.3301210105419159,186656,-0.10461019517044298,-0.12323381140706323,-0.42250763902722815,-0.9317413810710722,0.8092036034676584,0.7487062475447914,0.6665296537875035,47.529520776352,-0.06112638405377201,4.141847456980601,623.3460213629817,14.966204049641268,-0.5527259556085814,-0.4375907374277778,0.2213728120474165,-0.23405896715156238,False,True,False,False,6.430459976196289,0.2892589867115021,False,False
2021-12-03,0.3210360109806061,90365,-0.027905985276791632,-0.12563902703483626,-0.20195598497397735,-0.6710823760636995,0.824724373834418,0.7110363562219254,0.6397333903968448,47.44524461160919,-0.05346416574456677,3.96591585615003,624.5623214623329,14.937345635727008,-0.5643426236597557,-0.45386177040088904,0.19087088928833232,-0.5158741213783644,False,False,True,False,0.4399699866771698,0.2892589867115021,False,False
2021-12-04,0.3016990125179291,152825,-0.06212342747800313,-0.21701602155313027,-2.0395628330756677,-0.8460493704888961,0.7375423338748688,0.6095329797707479,0.6524455132640532,47.253191516871915,-0.04663528018600058,3.9309062569730844,628.3881567671314,14.929877230712519,-0.5885289776994422,-0.4871497683558965,0.12216256890449696,0.6911968129253583,False,False,False,False,0.4399699866771698,0.2892589867115021,False,False
2021-12-05,0.2724510133266449,50239,-0.1019710427655705,-0.3276655344551794,-0.616854059036987,-0.743735704343075,0.30325385725328086,0.5715521837030367,0.411107758320195,46.94366532938325,-0.04121289859207879,4.050884438155028,637.4414927650573,14.918950938022148,-0.6239726512192844,-0.5367173839007132,0.015147807246797687,-0.6712645182398168,False,True,False,False,0.4399699866771698,0.2892589867115021,False,True
2021-12-06,0.2517920136451721,571723,-0.0788554262837772,-0.4338956504559159,-0.28429649395248163,-0.6419608288462776,-0.20640315019409985,0.6582728601774266,0.47837568039620165,46.71091919540889,-0.03631427422224959,4.094185622630546,649.2718599319596,14.909791203235406,-0.6470807647966494,-0.5716404817889079,-0.059086819801170996,10.380063297438245,False,False,False,False,0.4399699866771698,0.2892589867115021,False,False
2021-12-07,0.24328100681304932,96953,-0.03438622219525866,-0.5021279489601075,-0.36852443372109284,-0.7900942455087105,-0.1022473180622365,0.6437115594305568,0.27999361121768335,46.60839509619705,-0.031142700617383307,3.9420208306045272,379.78338665542657,14.901842532717865,-0.4659952513342987,-0.5853639579920062,-0.08958245819857892,-0.8304196262875554,False,True,False,False,0.4399699866771698,0.2892589867115021,False,False
2021-12-08,0.2456579953432083,76083,0.009723123932368492,-0.4001291752374758,-0.31562616076705213,-0.7780292026077871,0.10219580968526164,0.6760426358454625,0.28904803589582306,46.64361796721293,-0.025305323211982436,3.6316096772841893,392.85359019400954,14.902146463196553,-0.4450621732806894,-0.5794627234205193,-0.07976644475718235,-0.2152589398987138,False,False,False,False,0.4399699866771698,0.2892589867115021,False,False
2021-12-09,0.23414599895477295,15369,-0.04799545783462932,-0.3435144379016621,-0.46674824930872527,-0.751417090120234,0.19234831895279156,0.6719007353061404,0.2848984976499771,46.48367671535951,-0.02018532447253235,3.543893075810964,402.12302260744053,14.90134154741068,-0.46141118469673315,-0.596305781050301,-0.12343435100414914,-0.7979969244114979,False,False,False,True,0.4399699866771698,0.1991250067949295,False,False
2021-12-10,0.22085200250148773,2419,-0.05845204270485319,-0.3740604953297236,-0.4996995223645598,-0.7938875996948321,0.17627250986773954,0.6628745390443707,0.281302971397117,46.286293480046936,-0.015851080220801964,3.4940939372209585,83.35178067634351,14.901752697495771,-0.3303875941008922,-0.6163688529156539,-0.17296824869202054,-0.8426052443229879,False,True,False,False,0.4399699866771698,0.1991250067949295,False,False
2021-12-11,0.21508899331092834,22662,-0.02644094038653402,-0.33837800823825454,-0.5553940297913849,-0.7746262046817298,0.11672294415125958,0.6085617555060125,0.17856182065476958,46.194717717077346,-0.011719802073540245,3.334673646659306,76.52709419815807,14.901591155466491,-0.3178952088407086,-0.6242939392851021,-0.1941460429215106,8.368334022323275,False,True,False,False,0.4399699866771698,0.1991250067949295,False,False
2021-12-12,0.2149209976196289,107584,-0.0007813571935058848,-0.23718832266618983,-0.5648538571213694,-0.9774426298855352,0.04480500829171476,0.559168013042376,0.15559020608098872,46.191848740518424,-0.007548535085396643,3.1106874725477427,82.68694242724087,14.879334588919674,-0.30524513070810855,-0.6224594541967908,-0.19376275214004213,3.747330332715559,False,False,False,False,0.4399699866771698,0.1991250067949295,False,False
2021-12-13,0.18765999376773834,30330,-0.13563872601681934,-0.29397162239923186,-0.7278672728551477,-0.6074535865889726,-0.39442352119550994,0.48005933177572147,0.09593750215483939,45.69589603450497,-0.005282676422941779,3.3189952222555767,90.79682033463223,14.78696691289551,-0.37684837994457826,-0.6683893258412981,-0.29527338785948115,-0.7180807555026769,False,False,False,False,0.4399699866771698,0.1991250067949295,False,True
2021-12-14,0.18842099606990814,43246,0.0040470183891083466,-0.2555383818148648,-0.7576663307749724,-0.6890255979989821,-0.39328902031730945,0.10065930463733884,0.09568867818245581,45.71341854076053,-0.002529531583995173,3.0774622772384745,98.10190270289198,14.78235308994231,-0.3585151828473507,-0.6644846801977491,-0.2921320082066155,0.42584899439498836,False,False,False,False,0.4399699866771698,0.1991250067949295,False,False
2021-12-15,0.21042099595069885,14007,0.11043146648438162,-0.15483003926285158,-0.5549592145003275,-0.7508521519562427,-0.29277198743654587,0.16427519825142425,0.3343900377713058,46.25334720648524,0.0017458989097089012,2.5665990479330043,100.54164728208693,14.773646676444306,-0.26317144375498197,-0.6228107961488059,-0.20973496010019502,-0.676108773065717,False,False,False,False,0.4399699866771698,0.1991250067949295,False,False
2021-12-16,0.20749600231647491,17062,-0.013998192984540624,-0.12083277441276301,-0.4643472123144251,-0.8254874627955358,-0.2481285398581518,0.2014865583199689,0.32920790633825436,46.18757294761676,0.005156709315374194,2.4195158965520966,102.73011159913243,14.77049306895862,-0.2529415763322604,-0.6257682026072544,-0.22068982563573972,0.21810523309773688,True,False,False,False,0.4399699866771698,0.1991250067949295,False,False
2021-12-17,0.20614899694919586,4974,-0.006512880035113519,-0.06889361174302337,-0.442954107072747,-3.265705955449452,-0.3646446194920322,0.3087135184869175,0.26451162321082733,46.1550222091911,0.007935742623872838,2.265808945850927,102.92758943473328,11.808150768646788,-0.23454932380203702,-0.6254162674153828,-0.22525645200482805,-0.7084749736256007,False,False,False,True,0.4399699866771698,0.18525299429893494,False,False
2021-12-18,0.20391400158405304,5525,-0.010900849405378913,-0.05335352076186822,-0.3917315290001227,-0.9042685807821457,-0.6084673939675084,0.42821429559685315,0.36939952625843964,46.09697249434683,0.010098352159424812,2.1294891417483353,101.22042831978581,8.528197896847034,-0.21754662781299453,-0.6262342718475877,-0.23361103379203024,0.11077603538399683,False,False,False,False,0.4399699866771698,0.18525299429893494,False,False
2021-12-19,0.2025340050458908,303,-0.006790545498847753,-0.059362709067210036,-0.2965510317333999,-0.6626014869509509,-0.7789689310797017,0.533289618215666,0.33930438413181474,46.05845335896608,0.011792779491257094,1.9924020990792541,95.66410813182254,8.49191624993777,-0.1940747875623001,-0.6197468278860967,-0.23835722816353602,-0.945158371040724,False,False,False,False,0.4399699866771698,0.18525299429893494,False,False
2021-12-20,0.19777899980545044,33402,-0.023757553878696817,0.052518463070912326,-0.24145315932831954,-2.461842461453335,-0.792432777660618,0.5592316150691808,0.5045789280797214,45.91608069092559,0.012862671306713064,1.9003589530495937,83.22833086702778,5.485000074454824,-0.1796714539649618,-0.6205989778254555,-0.2557861454412565,109.23762376237623,False,False,False,False,0.4399699866771698,0.18525299429893494,False,False
2021-12-21,0.20093199610710144,21757,0.0158162782655127,0.06428772294731669,-0.1912506588675481,-0.921346366383571,-0.6236181087816891,0.44708435535250335,0.3637914703272777,46.03520077297232,0.013960384417013236,1.7417546044535945,71.70913557387638,1.7367849640395112,-0.13695530645018916,-0.604501246424641,-0.24335460938870593,-0.34863181845398483,False,False,False,False,0.4399699866771698,0.18525299429893494,False,False
2021-12-22,0.1992100030183792,15119,-0.008606963142500892,-0.05475070667956582,-0.20958074594241738,-0.5185403381577895,-0.6359154807905628,0.509671757059822,0.4943300773772031,45.97564316219707,0.014675062466795522,1.6344399351488716,63.302489338452006,1.0631726557235694,-0.1195996083032795,-0.5977735182255104,-0.24933103982886737,-0.30509721009330326,False,False,False,False,0.4399699866771698,0.18525299429893494,False,False
2021-12-23,0.20239600539207458,62064,0.015866641167945925,-0.02488587252707917,-0.14571864693984216,-0.5525154145631958,-0.5639514202375369,0.5685951805180556,0.5024417531918876,46.11454824194375,0.015391966325565803,1.5020868148883613,52.19279326726398,1.042579171318623,-0.08143796821138884,-0.5841932378968433,-0.2369545637630272,3.1050334016800054,False,False,False,True,0.4399699866771698,0.19029299914836884,False,False
2021-12-24,0.1815209984779358,82027,-0.10885485990721373,-0.12722785239917936,-0.19612146414220274,-0.6181951254487372,-0.8008006623182229,0.47338193805317647,0.2925178252536525,45.29282950173001,0.014502085186809163,1.564376199855403,43.16136106060678,1.0864570672945768,-0.15308158519930598,-0.6189124906738553,-0.3153838252678755,0.32165184325857177,False,False,False,False,0.4399699866771698,0.19029299914836884,False,True
2021-12-25,0.18232400715351105,430587,0.004414022272876165,-0.11191298072092425,-0.16526650148279248,-0.716907733882905,-0.7768124829657089,0.458811834451034,0.22976222509156788,45.333183568573695,0.014002138505480835,1.4699050446557531,37.978092523860276,0.9957342816823138,-0.1310655045229408,-0.6108400486560933,-0.3123089382366638,4.249332536847623,False,True,False,False,0.4399699866771698,0.19029299914836884,False,False
2021-12-26,0.18425899744033813,96318,0.010556999281500022,-0.09456543594057648,-0.1539281450077866,-0.6808499649523864,-0.7181972725889294,0.47640529509211893,0.31278762349649547,45.437626618209784,0.013813129934860058,1.3594465840924967,35.202201963396966,1.0029205641773724,-0.10748050914977757,-0.6017078025161555,-0.30493210015739175,-0.7763100140041386,False,False,True,False,0.21942700445652008,0.19029299914836884,False,False
2021-12-27,0.19384099543094635,53511,0.050695849157208026,-0.020112032904671607,0.032406430166240834,-0.6594076828354691,-0.753975445653828,0.5473971628671856,0.38212493088628224,45.98793799126425,0.014285450739372804,1.2115458101546859,31.86875336157527,1.0195503863474813,-0.049687935207931855,-0.5747026565538573,-0.2691962933673823,-0.444434062169065,False,False,False,False,0.21942700445652008,0.19029299914836884,False,False
2021-12-28,0.19275300204753876,111317,-0.005628624670498235,-0.041556935840682485,0.022730787106634277,-0.6737147776424459,-0.8314262668498278,0.5427589574447391,0.3523862693961785,45.93129075224303,0.01443402679276562,1.146416532092393,26.397416630085125,1.0153481479986775,-0.04260596571721667,-0.5706446400950599,-0.27375094908182834,1.0802638709797985,False,False,False,True,0.21942700445652008,0.1316860020160675,False,False
2021-12-29,0.18173100054264069,2393,-0.058882012414476166,-0.09183198511265772,-0.1465826917922236,-0.7599714797738812,-1.5419826247674782,0.46150743346573253,0.19508399198792756,45.32222396493163,0.013705034048482043,1.1339255555357386,23.39134330860674,1.006605760295574,-0.08544681298064666,-0.5894408201435959,-0.31580372798365175,-0.9785028342481382,False,False,False,False,0.21942700445652008,0.1316860020160675,False,False
2021-12-30,0.1845570057630539,2325,0.015430815350559828,-0.09226781093004381,-0.11715368345712292,-0.7783867407322544,-1.4214075000238908,0.20917818228903373,0.16274496573269184,45.521693714312356,0.013316724080307249,1.0396278842697568,21.99687054504804,0.9949615950402945,-0.06266471408710891,-0.5772503769081206,-0.3054306490688796,-0.028416213957375702,False,True,False,False,0.21942700445652008,0.1316860020160675,False,False
2021-12-31,0.17110100388526917,58828,-0.0757043419594521,-0.05911729298228205,-0.18634514538146144,-0.7618154329014432,-1.618408602899398,0.1779070460847768,0.12267226147612044,44.685776494235306,0.012092872163113909,1.049456947732564,23.345230083741043,0.982660164178351,-0.12118891146533899,-0.6026926402749548,-0.35623189074839307,24.302365591397848,False,False,True,False,0.2328999936580658,0.1316860020160675,False,False
2022-01-01,0.17791999876499176,39949,0.039079955996961305,-0.024451359258197133,-0.13636433997912137,-0.6181252817340389,-1.549866662805111,0.1910783217336194,0.13058096581075251,45.234609294499556,0.011675815904410428,0.9429481949465339,22.656771852291236,0.9645189028226931,-0.07739831450612378,-0.579172627575581,-0.3307008706657767,-0.32091861018562584,False,True,False,False,0.2328999936580658,0.1316860020160675,False,False
2022-01-02,0.1850229948759079,8387,0.03914610985981902,0.0041377513201219795,-0.09042768462045456,-0.5510731865974281,-1.2221555626611276,0.2736511872369899,0.15996316962449725,45.83745778083146,0.011777819061328368,0.8467389349390413,22.833014469704388,0.9862420553774996,-0.03990940695023045,-0.5590456424775117,-0.3043399150841683,-0.7900573230869359,False,False,False,False,0.2328999936580658,0.1316860020160675,False,False
2022-01-03,0.17785100638866425,215945,-0.0395339569647993,-0.08609205480188548,-0.106204087706557,-0.5284837160842242,-1.3745330865731202,0.20905861779064447,0.08104926368652365,45.29528504841475,0.01126197122993175,0.8292487953290807,23.808910273656554,0.9767301387818665,-0.07458724480484366,-0.5721113631090606,-0.33125925471592194,24.747585549064027,False,False,False,False,0.2328999936580658,0.1316860020160675,False,False
2022-01-04,0.20022399723529816,73928,0.11849056899203955,0.038027138860652406,-0.0035297969800301403,-0.3080221043266142,-1.0517578086696893,-0.004768247073333238,0.26353007937642253,47.38596661174805,0.012245731212675873,0.6934142855500146,22.59234239104938,1.0378874059046248,0.04459743229607065,-0.5125233243941311,-0.24757742263706295,-0.65765356919586,False,False,False,True,0.2328999936580658,0.16363100707530975,False,False
2022-01-05,0.19381000101566315,29767,-0.03255842305474299,0.06435072822038562,-0.02748125689227216,-0.2617251010975799,-0.9036859299438575,-0.46812825129167973,0.39654775907984663,46.83337042770311,0.012252817235801461,0.6731376594308099,21.404055330491502,1.0116103344786598,0.014757467713765281,-0.5216192049179099,-0.2719124336114699,-0.5973514771128665,False,False,False,False,0.2328999936580658,0.16363100707530975,False,False
2022-01-06,0.18242500722408295,8279,-0.06053913370119251,-0.011619220831366907,-0.10388703176141072,-0.28787801260351364,-1.0779722581122242,-0.3901253306657501,0.3558335468270431,45.8121313687237,0.011302207380460443,0.6718022934501745,20.564665238807375,1.0239977098626614,-0.03888324523677704,-0.39347279606609675,-0.3148261334028607,-0.7218732153055397,False,False,False,False,0.2328999936580658,0.16363100707530975,False,False
2022-01-07,0.1703210026025772,0,-0.06865426210248038,-0.004569140974395194,-0.06368643395667732,-0.3662553986383625,-1.1442846012461496,-0.2640595889531007,0.30978723720710005,44.69623488277066,0.009729519233327141,0.6751323231573289,21.413905461475643,1.0417273276553431,-0.09464208313361554,-0.4208783012015783,-0.36099930594661334,-1.0,False,True,False,False,0.2328999936580658,0.16363100707530975,False,False
2022-01-08,0.16697700321674347,12379,-0.019828809503942838,-0.06347790647529923,-0.08792926573349634,-0.33808875030767593,-1.08950584042791,-0.14574043135488438,0.33381198499846443,44.374646677332834,0.008386234902733283,0.6447867326394828,22.538769646277103,1.0341540615148834,-0.10394945989695695,-0.42339041991518855,-0.37407680110160335,inf,False,True,True,False,0.20973800122737885,0.16363100707530975,False,False
2022-01-09,0.1642169952392578,4011,-0.016667402699165237,-0.11929141903428357,-0.11515366771416165,-0.296304110301988,-1.0901917099968204,-0.12003160043424864,0.36657042874238266,44.09266276611993,0.0072753086660038435,0.6124410619141732,24.254835811086437,1.02033801606238,-0.11075266418168267,-0.3337615138440861,-0.38493949140833184,-0.6759835204782292,False,False,False,False,0.20973800122737885,0.16363100707530975,False,False
2022-01-10,0.16443699598312378,53008,0.0013387987525004285,-0.07841866331698373,-0.16451071811886928,-0.2685243711629535,-1.0431505758446833,-0.15180142701169388,0.34003738434305897,44.123143111654876,0.006541851864691674,0.5835543792740729,24.87638872530798,1.0192623961505336,-0.10067497093194205,-0.3139168413529619,-0.3846051062233464,12.215656943405634,False,False,False,False,0.20973800122737885,0.16363100707530975,False,False
2022-01-11,0.17933699488639832,5497,0.0867391951685001,-0.11017003714052317,-0.07214289827987093,-0.18100381880094749,-1.1584464486864827,-0.13619881050923274,0.37816419424142844,46.26009499209367,0.00700536759390645,0.5038336133990724,23.643766929046798,1.0724219291861194,-0.013825892219736857,-0.24192842080103874,-0.3293935212504385,-0.8962986718985814,False,False,False,False,0.20973800122737885,0.16363100707530975,False,False
2022-01-12,0.1836470067501068,51388,0.02374878460010707,-0.053862829485673114,0.01048789873471246,-0.021616308184021164,-0.6290698947729938,-0.41603982937953105,0.45844302359170036,46.892788222150905,0.007503029373084082,0.46502803190932007,21.404660724282984,0.9691115793873499,0.015107780570807057,-0.21252246731052563,-0.3141036979717676,8.34837183918501,False,False,False,False,0.20973800122737885,0.16363100707530975,False,False
2022-01-13,0.18421100080013275,58783,0.003066370612403856,0.009742674827923297,-0.0018765460034436267,-0.022596955960725574,-0.7116225539597079,-0.4158859762780351,0.07806234867661328,46.980753359592015,0.007739841954911286,0.441333605500871,21.44653980696098,0.9690568946449485,0.017468818667487326,-0.19962860388699902,-0.3127660430705851,0.1439051918735892,False,False,False,True,0.20973800122737885,0.15671199560165405,False,False
2022-01-14,0.17849400639533997,14663,-0.03152682104108656,0.04687011588931699,0.042300974914921886,-0.1645552434861938,-0.9154073954424365,-0.4573272309227396,-0.00028004523476963237,46.14635693592149,0.00738226653139782,0.42863166871397307,21.49295113107867,0.8870990809705043,-0.013064448880514336,-0.21110571955489146,-0.33468206930370353,-0.7505571338652332,False,False,False,False,0.20973800122737885,0.15671199560165405,False,False
2022-01-15,0.1778630018234253,1642,-0.003541421758792276,0.0631575036344676,-0.0003204028408316751,-0.15409847226044548,-0.9795859350559812,-0.40222701211859724,0.04738808605952336,46.04914413812615,0.006978635226542594,0.40138492176588575,21.504459658787532,0.8865857640971663,-0.014811363901451335,-0.20074303503256807,-0.3375916117548708,-0.8880174589101821,False,False,False,False,0.20973800122737885,0.15671199560165405,False,False
2022-01-16,0.17122100293636322,19652,-0.03805846439398171,0.04176644193965106,-0.07752497709463249,-0.18564405661931366,-3.4513500120687657,-0.550288676111346,0.12306946186760397,44.97513138565732,0.0061677826717546555,0.39139175881931576,20.964507829743333,0.8939991720811121,-0.045622768568135,-0.21624878882408194,-0.3626947760127568,10.968331303288672,False,False,True,False,0.19865299761295319,0.15671199560165405,False,False
2022-01-17,0.16687700152397156,20000,-0.025698113652310797,0.014729529534839783,-0.06368913378214391,-0.20044132086624547,-1.1047099016483912,-0.8089087148337538,0.22777297473060762,44.24825614252365,0.00527679316345708,0.3771247949028562,20.787949464860656,0.896467470940805,-0.06307933864626661,-0.22107180465594287,-0.37919908236204075,0.017708121310808123,False,True,False,False,0.19865299761295319,0.15671199560165405,False,False
2022-01-18,0.1596989929676056,3869,-0.043966273808434604,-0.11597593944209483,-0.2261459765826181,-0.23761704917583235,-0.9002185361267833,-1.0165859802555341,0.2956725690398337,43.01126012785359,0.004189395913349703,0.3697925266577672,22.683924151314788,0.9058536541506573,-0.09779983767714538,-0.23830133323481745,-0.4061484269645011,-0.80655,False,False,False,False,0.19865299761295319,0.15671199560165405,False,False
2022-01-19,0.14670300483703613,68360,-0.08488058161607707,-0.224605305658279,-0.27846813514395213,-0.2987400769132126,-2.7605825383665477,-1.0911728545738306,0.2604915381559682,40.787979174051095,0.0026550589111368796,0.38166343961227744,27.05219892720337,0.9436062832394536,-0.16226151623310878,-0.2828242535376182,-0.45453809629073644,16.66864822951667,False,True,False,False,0.19865299761295319,0.15671199560165405,False,True
2022-01-20,0.1375029981136322,7682,-0.06476444647752179,-0.2924361227482047,-0.2826934479202815,-0.3793208016562471,-1.3006671680398183,-1.002938910437936,0.06776355369625628,39.241578015665944,0.001157220460972802,0.38815270931074547,33.21225378384017,0.9576602849354485,-0.20719220946215394,-0.31240284678978336,-0.4886674716310961,-0.8876243417203042,False,True,False,False,0.19865299761295319,0.15671199560165405,False,False
2022-01-21,0.11701799929141998,0,-0.16131795826850326,-0.4222272599756215,-0.37535714408630444,-0.5320317967822493,-1.0505721349400388,-1.1679472775728121,-0.022360039722427442,35.97134198077332,-0.0009620416087022104,0.4383141924520157,44.309194257244464,1.0887281013622496,-0.3132460401400138,-0.4020970671366737,-0.564736455022857,-1.0,False,True,False,False,0.19865299761295319,0.15671199560165405,False,False
2022-01-22,0.10057699680328369,11065,-0.15140419155135526,-0.5700900297681843,-0.5069325261337169,-0.6993026295015508,-1.2518180440647466,-1.2632540497390876,-0.1307074489834952,33.55443673427155,-0.0030994336585485095,0.48998100226800706,57.54313019337967,1.1765481883599598,-0.39473651585755765,-0.4742580179471319,-0.6255971283387032,inf,False,True,False,False,0.19865299761295319,0.15671199560165405,False,False
2022-01-23,0.10959800332784653,3836,0.08589558502451634,-0.44613598034968627,-0.4043695384100353,-0.5045521845698206,-1.1227473100185579,-1.3053528468880435,-0.031170246516644073,36.09173429257922,-0.0035041534380506854,0.42381287597631084,65.62404018415465,1.1942990845900234,-0.3266196650237486,-0.41536145059291185,-0.5915560155625486,-0.6533212833258021,False,True,False,False,0.19865299761295319,0.15671199560165405,False,False
2022-01-24,0.0910239964723587,16914,-0.18569598728312658,-0.6061338539805021,-0.5914043244456624,-0.6946621941258234,-1.4115699280087284,-1.4714746770915326,-0.23585035967478948,33.27432491843075,-0.004554714338761243,0.4899646657580892,75.01870485584115,1.3283325453930381,-0.42132751177578304,-0.504858471837878,-0.6603782580568118,3.409280500521376,False,False,False,False,0.19865299761295319,0.15671199560165405,False,False
2022-01-25,0.10879900306463242,91749,0.17837900211774532,-0.38378857805432215,-0.49976451749641704,-0.526840191289578,-1.2076901562419642,-1.2450374638785073,-0.050434896197459105,38.24275274904344,-0.003624913568223684,0.4035344492223153,78.54531702608756,1.4998498702305112,-0.2891156428806017,-0.39881563994157887,-0.5937600872499907,4.424441291238027,False,False,False,False,0.19865299761295319,0.15671199560165405,False,False
2022-01-26,0.11020000278949738,42339,0.012794750660888657,-0.2861132457773564,-0.5107185514356354,-0.5647412897858974,-1.2241489726213666,-1.3187167354397256,-0.01734412691871165,38.63062674142499,-0.002539291115289173,0.37980417340627237,82.01357805153992,1.4838818580575062,-0.26256128502213344,-0.38198497074819043,-0.5883036757964294,-0.5385344799398358,False,False,False,False,0.19865299761295319,0.15671199560165405,False,False
2022-01-27,0.10468599945306778,7533,-0.051331533697834476,-0.2726803329976692,-0.5651164557458739,-0.6104441988132338,-1.2841589764556796,-1.4418704656630614,-0.06768524136849458,37.62892551390398,-0.0018484245560510815,0.3785664296374235,86.81961925639202,1.4873254841881027,-0.28373008808490213,-0.4034760782029158,-0.6087009367967621,-0.822078934315879,False,False,False,False,0.19865299761295319,0.15671199560165405,False,False
2022-01-28,0.10753700137138367,1877,0.02686959881444484,-0.08449277591472103,-0.5067200358903424,-0.5246925875843127,-1.284664067358194,-2.066675212351791,-0.06318515411858024,38.51665190118234,-0.0009031516832860957,0.3458018135776194,90.54070184019292,1.4894376331367158,-0.24895098007848937,-0.37825939477598014,-0.5978868723867273,-0.7508296827293243,False,False,False,True,0.19865299761295319,0.0810220018029213,False,False
2022-01-29,0.10775899887084961,7505,0.002062254550886275,0.06897367018752079,-0.5011163595806637,-0.5380611483839862,-1.3164478891162406,-1.9594686484078772,-0.3288829660949526,38.58994627473738,-1.369308265374014e-05,0.32256462354841925,93.78612085213923,1.4864455844538034,-0.23226430312133647,-0.3687204724373191,-0.5969669136148095,2.998401704848162,False,False,True,False,0.12034299969673157,0.0810220018029213,False,False
2022-01-30,0.10794399678707123,500,0.0017153026643577703,-0.015206612172637898,-0.4613425925223241,-0.4606415037601764,-1.2224569366616196,-2.0790501066595746,-0.2827344576753995,38.65557465230521,0.000791825306242503,0.301432189576543,96.3979576358987,1.4730453548503066,-0.21515167665887114,-0.3595973160097441,-0.5961651076838188,-0.9333777481678881,False,False,False,False,0.12034299969673157,0.0810220018029213,False,False
2022-01-31,0.10659799724817276,3717,-0.012547820349048769,0.15794155476143987,-0.44819229921906234,-0.5122692801061864,-1.1303945618402251,-2.0621359429112975,-0.3211909583725669,38.3345742382161,0.001402995580673444,0.2895218788950346,96.61021079925666,1.4599825044967185,-0.20388596994169425,-0.35934845929049924,-0.6011304944122519,6.434,False,False,False,False,0.12034299969673157,0.0810220018029213,False,False
2022-02-01,0.10677199810743332,3365,0.001630978128317078,-0.018806469227988478,-0.4025950472823107,-0.5497844118376886,-1.1008575984351165,-1.771939974498816,-0.2761332246006985,38.4057815471086,0.0019541188300968085,0.2723138301988221,94.50421152009497,1.4476115805803953,-0.1790189087782171,-0.3520024319250004,-0.6004224586731001,-0.09470002690341672,False,False,False,False,0.12034299969673157,0.0810220018029213,False,False
2022-02-02,0.10005100071430206,2420,-0.06501563902130893,-0.09661685891018613,-0.3827301046875425,-0.5752660938941981,-1.1037498099784224,-1.9497991804673185,-0.36620747610355364,36.64554497244546,0.0019942384635409267,0.27605591912093164,91.28293068116989,1.4550198424795577,-0.20497368732317048,-0.38620833169254004,-0.6254699224663104,-0.28083209509658247,False,False,False,False,0.12034299969673157,0.0810220018029213,False,False
2022-02-03,0.08928000181913376,15497,-0.11390254411306822,-0.1591878693254199,-0.43186820232308903,-0.807659206999306,-1.11568131132592,-1.8594170156689953,-0.8124274540726392,33.95933161126766,0.0014489608856252875,0.2989685084024055,89.22555309064693,1.403150098186345,-0.26449173372241075,-0.44402235942881974,-0.6656351843740221,5.403719008264463,False,True,False,False,0.12034299969673157,0.0810220018029213,False,False
2022-02-04,0.1048400029540062,13878,0.16065788762293015,-0.025399580516934642,-0.10989235643165564,-0.614442896321633,-0.8761679974192127,-1.5181288262654904,-1.0825711476133126,40.71966754269996,0.0022424324612678147,0.24754374106934343,81.39921186109386,1.547781859217551,-0.10952030989815376,-0.33866937973675487,-0.6074615965432664,-0.10447183325804998,False,False,True,False,0.11075600236654282,0.0810220018029213,False,False
2022-02-05,0.10434799641370773,2795,-0.004703973927945335,-0.03216580899576632,0.036807861191754464,-0.5586077365483858,-0.8464857491518993,-1.6365799946606099,-0.948733067214136,40.57821989046357,0.002803898392745474,0.23337933551351106,72.40612919724869,1.5418358297195687,-0.08779260598524229,-0.33320922115256624,-0.6093987751924402,-0.7986021040495749,True,False,False,False,0.11075600236654282,0.0810220018029213,False,False
2022-02-06,0.10073500126600266,37479,-0.03523811376806059,-0.06911922542818473,-0.08432583760082266,-0.5251915882139658,-0.8914469868523284,-1.6694761894601156,-0.7892511771670667,39.49330374813818,0.0029849498559167097,0.24101755771448938,61.25791141761181,1.53256537906618,-0.09316004396466707,-0.34769493927046063,-0.6227572371498878,12.409302325581395,False,False,False,True,0.11075600236654282,0.0867059975862503,False,False
2022-02-07,0.10114099830389023,52810,0.00402224718262767,-0.052549157896508165,0.10539239686493163,-0.5013405315273953,-0.8394292818350713,-1.5908463719553054,-0.6470809628822797,39.68844266616643,0.003167753271004655,0.2343318134927997,47.879388624126484,1.5343674825586882,-0.06485700564883635,-0.3363513411536062,-0.6210846937807937,0.40905573787987937,False,False,False,False,0.11075600236654282,0.0867059975862503,False,False
2022-02-08,0.09681300073862076,7253,-0.043734275702711836,-0.09791441172753698,-0.11672088095552555,-0.5284074045309419,-0.82471151483293,-1.618599114527762,-0.6484390049651907,38.271460720695494,0.003032739491951684,0.23402641903802152,36.60896933809381,1.5372596130129987,-0.0837407976573474,-0.35621991964854777,-0.6371250922821389,-0.8626585873887521,False,False,False,False,0.11075600236654282,0.0867059975862503,False,False
2022-02-09,0.10045900195837021,40,0.03696841314050458,0.004069640434276477,-0.09254721847590959,-0.4927777901429379,-0.7613021613058915,-1.535928365987621,-0.6445792171546317,40.20813611909124,0.003207571445133575,0.21356501557506502,24.595353122681885,1.5477759537674984,-0.032270319013963523,-0.322927720733881,-0.6233003613279428,-0.9944850406728251,False,False,True,False,0.11967399716377258,0.0867059975862503,False,False
2022-02-10,0.09227900207042694,3795,-0.08493308445682037,0.03303910009052437,-0.12614876923489554,-0.6644500697682585,-0.8454538885692059,-1.8228965184547412,-0.800648880277491,37.37496502586617,0.0028054252535425483,0.2229247810553016,23.764581651568548,1.5193289365644669,-0.10034900317431987,-0.368963516850444,-0.6537218080291601,93.875,False,False,False,False,0.11967399716377258,0.0867059975862503,False,False
2022-02-11,0.09691499918699265,60417,0.049017678190241096,-0.0786011093421646,-0.1040006898590993,-0.6391811761781243,-0.6607974843621454,-1.268251070951118,-1.0552210055576554,39.95719191126869,0.002874214363300223,0.21846802270041601,24.24146843610782,1.531444820170217,-0.053461859157547614,-0.327560087860362,-0.6361277178970732,14.920158102766798,False,False,False,False,0.11967399716377258,0.0867059975862503,False,False
2022-02-12,0.09647399932146072,601,-0.004560762332428903,-0.07845789774664813,-0.11062370674241447,-0.6468083091229571,-0.6694052650836827,-1.358430863082665,-1.0626942854009922,39.789121697269,0.0029040175550737006,0.2064484966847337,23.988916715657684,1.5301475974923209,-0.05169135024354924,-0.3226256475308516,-0.6375028263871526,-0.9900524686760349,False,False,False,False,0.11967399716377258,0.0867059975862503,False,False
2022-02-13,0.09711600095033646,1173,0.006632615130206331,-0.036587168848381105,-0.10570639427656586,-0.6086488729516641,-0.7732041164378579,-1.5240562683941006,-1.0659761038744038,40.18357771273521,0.002970318578030994,0.1928980761129517,22.33549919326668,1.5328061054130337,-0.048230394286775155,-0.3098601208061739,-0.6349179404164432,0.9517470881863561,False,False,False,False,0.11967399716377258,0.0867059975862503,False,False
2022-02-14,0.11248700320720673,47469,0.14693153783651441,0.10632212180550545,0.05377296390899736,-0.45817591335635743,-0.6122743856168029,-1.4377618484123387,-0.8604029254749546,48.827502414256976,0.003989220578887641,0.18324869884017014,23.34850752326393,1.6396361937052006,0.10042195554247198,-0.19239025380447167,-0.576866531598824,39.468030690537084,False,False,False,True,0.11967399716377258,0.09063699841499329,False,False
2022-02-15,0.11288599669933319,15866,0.0035407427609838,0.1535971402692012,0.05568272854166425,-0.41657670620139187,-0.6022207628207055,-3.8679267182701573,-0.9668653823127378,49.03338737348281,0.004587211028544086,0.17598555253763634,24.118124531543575,1.638780291898756,0.10287620501391043,-0.1799935125796029,-0.5751143670453464,-0.6657608123196191,True,False,False,False,0.11967399716377258,0.09063699841499329,False,False
2022-02-16,0.1286199986934662,75866,0.13048387986398088,0.24711260699267734,0.25118224742695394,-0.2603947126851003,-0.4608360335513458,-1.3651046143334915,-1.0693034275188542,56.47087148611611,0.005858223860207332,0.18332682910352735,32.51955409391682,1.7134586664459206,0.24207286627500493,-0.05691437303718563,-0.51560584369004,3.7816714988024707,False,False,False,False,0.11967399716377258,0.09063699841499329,True,False
2022-02-17,0.11333800107240677,32885,-0.1264877965216438,0.20555789492785395,0.2385969950183783,-0.3429162353983095,-0.5805332845741419,-1.2431347715250929,-1.3595022156538437,48.9926724336492,0.005491724775831864,0.2065323263988559,33.3111652867645,1.7584346815027814,0.09143875012731362,-0.1605478007361568,-0.5728201525737602,-0.5665383702844489,False,False,False,False,0.11967399716377258,0.09063699841499329,False,False
2022-02-18,0.11239799857139587,29924,-0.00832838303023164,0.14821183370738114,0.06961072436521652,-0.2663640368124641,-0.5651041137256768,-3.0269465751790117,-1.3575368913862949,48.56663854989861,0.005020833305394903,0.19967024015616938,33.86191694613909,1.7383479545681941,0.07997427600434179,-0.15851533768574527,-0.5759777124986402,-0.09004105215143687,False,False,False,False,0.11967399716377258,0.09063699841499329,False,False
2022-02-19,0.0945810005068779,15499,-0.17258951541787684,-0.019816919378066844,-0.09827481712471502,-0.3741891057528192,-0.7535099074090663,-1.6748562737926374,-1.3771280161907555,41.24548331575518,0.0034207016949455143,0.23551842560528183,34.80008305981082,1.8207119616102923,-0.08534807015742824,-0.2836979128968535,-0.6429013566110047,-0.4820545381633472,False,False,True,False,0.1813579946756363,0.09063699841499329,False,False
2022-02-20,0.09284999966621399,30899,-0.01847133137505281,-0.04492086588332609,-0.0815080347317073,-0.23134247885936882,-0.7633742756416182,-1.2819146137994075,-1.3992897564321811,40.605057066048275,0.0022154400767693816,0.2330882264514195,36.01271800433295,1.7401260982961912,-0.0960789729489861,-0.2876283056395593,-0.6489288143334011,0.9936124911284598,False,True,False,False,0.1813579946756363,0.09063699841499329,False,False
2022-02-21,0.08689100295305252,16993,-0.06633079062898392,-0.2581831943488245,-0.15186107254331893,-0.1462690779369975,-0.8455717074385483,-1.398087122001744,-1.409523127676085,38.394882289242844,0.0010459868701863783,0.24160741227830043,38.575814407153864,1.675821111932375,-0.14582534053816398,-0.32315555064248724,-0.670947315118556,-0.4500469270850189,False,False,False,False,0.1813579946756363,0.09063699841499329,False,True
2022-02-22,0.0859609991312027,16849,-0.010760798657247899,-0.27248473576705623,-0.11888759549785508,-0.24292546161876175,-0.7474776461885824,-1.3656727716373196,-1.5482783085068053,38.04681669986004,0.00027883691380524607,0.2339330270673169,41.15521262334116,1.6435296807813233,-0.1490745561016811,-0.3206748810364232,-0.674030020568547,-0.00847407756134877,False,True,False,False,0.1813579946756363,0.09063699841499329,False,False
2022-02-23,0.08848100155591965,10689,0.028894162366507995,-0.37407445326452915,-0.12696184627185159,-0.028335311969127114,-0.7229975060949506,-1.4399052399778556,-1.4998099890606595,39.643478233483584,2.359392219296666e-05,0.21952615780848828,41.355614480751726,1.517270217595855,-0.12378261253826431,-0.28818839476591657,-0.6638868650312976,-0.3656003323639385,False,False,False,False,0.1813579946756363,0.09063699841499329,False,False
2022-02-24,0.08829999715089798,235,-0.0020477819403431213,-0.24963443868322827,-0.04407654375537436,-0.20876209602721565,-0.7356022873167937,-1.41645225226918,-1.4537995599057232,39.56460512799762,-6.984116294946573e-05,0.21445529318615641,42.943038069546816,1.3724915005326699,-0.1183546762742698,-0.27737720034501634,-0.664142210656133,-0.9780147815511273,False,False,False,False,0.1813579946756363,0.09063699841499329,False,False
2022-02-25,0.09522300213575363,22949,0.07548145634142206,-0.1658245993115746,-0.017612765604193482,-0.14607539034668227,-0.7108166801325798,-1.370224362968049,-1.4647921257864078,44.14214004254669,0.00039656029963916657,0.1914605087449887,43.16339261509044,1.4009688989129445,-0.04487978733351162,-0.20943774715178112,-0.6371982388144337,96.65531914893617,False,False,False,False,0.1813579946756363,0.09063699841499329,False,False
2022-02-26,0.11797799915075302,178752,0.21427662752194976,0.22104154362825207,0.20122462425018517,0.11953277087310185,-0.49091142794013176,-1.1646262055825778,-1.3223376947899597,55.951754892573526,0.0021988638329534585,0.1659811725601713,45.64026542915301,1.5844232128534679,0.17321526372511575,-0.0119332229816876,-0.5499352030449027,6.789097564164016,False,False,False,False,0.1813579946756363,0.09063699841499329,False,False
2022-02-27,0.11552000045776367,43698,-0.021054480099972822,0.218458394903332,0.17353752902000597,0.07160869195868415,-0.45308389562562845,-1.2130553753995097,-1.9950665203931066,54.60867264206009,0.003129959034704661,0.16681381328301662,47.114738139090896,1.5845290927257112,0.14061721058696694,-0.024107712344365415,-0.5588022253634276,-0.7555383995703544,True,False,False,True,0.1813579946756363,0.07882899791002274,False,False
2022-02-28,0.15865500271320343,104084,0.3172883714422531,0.6020775569745691,0.3438943626257446,0.386834808850051,-0.15122633953393533,-0.9296130802661898,-1.572633839557826,68.7742579953604,0.006368693180504129,0.1344914218919226,65.97603441757222,1.927985281022881,0.5201120063459708,0.34154976663590103,-0.3939665174062228,1.381893908188018,False,False,False,False,0.1813579946756363,0.07882899791002274,False,False
2022-03-01,0.18392500281333923,72879,0.1477960305650452,0.7606343861968621,0.48814965042980596,0.5329155367507383,0.07227403299056188,-0.6895413999108811,-1.546134569908836,73.91091524703057,0.00972941267269875,0.11796600731197084,89.8613587249805,1.9838474279707021,0.6944757110705521,0.550118247178397,-0.2974934665843101,-0.29980592598286004,True,False,False,False,0.1813579946756363,0.07882899791002274,True,False
2022-03-02,0.2944529950618744,479058,0.4705912999407317,1.2023315237710859,0.8282570705065568,1.016054657040519,0.5037853769343325,-0.11433990479970652,-1.0460812858707786,85.30071002561857,0.018409206328815143,0.11614700448446301,158.38522540062593,2.5312035907046426,1.4816396348487988,1.434410031630985,0.12230281277857856,5.573333882188285,True,False,False,False,0.1813579946756363,0.07882899791002274,False,False
2022-03-03,0.2394839972257614,152985,-0.2066327838655667,0.9977465218458621,0.7481120831626339,0.807790895046635,0.25800648320894665,-0.29306670338848156,-0.964149079452181,69.13528781385679,0.019364293916074207,0.15821242905957097,170.15573194491324,2.6652788443188724,0.9039751800237137,0.9618370324025258,-0.08840918120614888,-0.6806545345240034,True,False,False,False,0.1813579946756363,0.07882899791002274,False,False
2022-03-04,0.20947200059890747,93445,-0.13389651545177061,0.7883685500526696,0.6225439507410948,0.7389100186161732,0.16364392472197523,-0.3648397913622491,-1.2108891618511453,62.20399226106764,0.016976180492508097,0.18416150136039955,170.49215739026224,2.7057078609616925,0.5937798560670249,0.7089080384336196,-0.20322918245825136,-0.38918848253096705,False,False,False,False,0.1813579946756363,0.07882899791002274,False,False
2022-03-05,0.19474700093269348,56581,-0.07288879668094778,0.5012031258497719,0.722244669478024,0.7799237660482938,-0.027735440951012144,-0.33575754527762636,-1.0794932496207015,59.07459646900234,0.013554690579302097,0.19252664293608687,167.44194027192938,2.682964310029767,0.42868042851099114,0.5845768693628307,-0.259860049574842,-0.3944994381721868,False,True,True,False,0.37771499156951904,0.07882899791002274,False,False
2022-03-06,0.15481600165367126,58401,-0.22946395938780761,0.2927936465619372,0.5112520414652691,0.38980191903755596,-0.22464097728407686,-0.48636607838165674,-1.1283269072279343,51.507150508006184,0.008025378566072959,0.24513376511870769,164.482811015363,2.7798555782821066,0.1183787908806517,0.2644167950513936,-0.411680383107385,0.03216627489793389,False,True,False,False,0.37771499156951904,0.07882899791002274,False,False
2022-03-07,0.1372780054807663,36505,-0.12022921887555323,-0.1447239437558692,0.45735361321869994,0.2742766740899481,-0.2843310624584376,-0.5722090750619514,-1.3623033205706618,48.564606833657734,0.0028755578513124554,0.2669797074044894,162.1875416297738,2.818055925147362,-0.01697507699966868,0.12743099999841637,-0.47811907889676186,-0.3749250868991969,False,True,False,False,0.37771499156951904,0.07882899791002274,False,False
2022-03-08,0.13949500024318695,20162,0.01602065327496562,-0.27649932104594876,0.4841350651509135,0.3255354411329744,-0.1996561470809916,-0.565911545719354,-1.343940748327141,48.96154448555685,-0.0005122795657701885,0.2517600415207172,161.39776011303488,2.8135639246179833,-0.0049738837891815536,0.15081458464286185,-0.46967635725906276,-0.4476920969730174,False,False,False,False,0.37771499156951904,0.07882899791002274,False,False
2022-03-09,0.14899499714374542,12358,0.06588396909679034,-0.6812066518898899,0.5211248718811959,0.387397163047137,-0.11394336848025834,-0.4520321187879343,-1.2034492089081685,50.71665274143833,-0.0021521921808289844,0.22411945013190465,158.4879398810853,2.819941163364972,0.04944419409785432,0.23136300072922797,-0.4336108444023884,-0.3870647753199088,False,False,False,False,0.37771499156951904,0.07882899791002274,False,False
2022-03-10,0.15458199381828308,16297,0.03681193072422866,-0.43776193730009444,0.5599845845457677,0.46794336947407755,-0.06046403505686448,-0.35676814535885243,-1.1506557450536847,51.767135841643814,-0.0028553857154202077,0.21002760537683868,155.1717132377022,2.813564732433843,0.07285762678011097,0.2758749173345178,-0.41276501465073184,0.3187408965852079,False,False,False,True,0.37771499156951904,0.13506799936294556,False,False
2022-03-11,0.14895999431610107,45111,-0.03704688451798041,-0.34091230636630426,0.44745624368636516,0.39392807181559253,-0.09884971832734529,-0.3673740894902989,-1.1420002941720286,50.59838325049278,-0.0036434232586918906,0.20805313326573738,149.12703771448602,2.818329785130075,0.014691049930108273,0.22715170883190905,-0.4342221869282806,1.768055470331963,False,False,False,False,0.37771499156951904,0.13506799936294556,False,False
2022-03-12,0.15726600587368011,25244,0.054260901189278024,-0.21376260849607837,0.28744051735369364,0.5331220574616911,-0.1313280123065673,-0.312331831107515,-1.2897744609930502,52.311429793939126,-0.0035461719266585007,0.1893664716850283,142.21371638005357,2.799126657750311,0.04827161670799126,0.2870428549756839,-0.4030796947700027,-0.4404025625678881,False,False,False,False,0.37771499156951904,0.13506799936294556,False,False
2022-03-13,0.166485995054245,26193,0.05697251553359891,0.07267386642532822,0.3654675129872653,0.5410768948050488,-0.09810428137307543,-0.1197205895570966,-0.7271741761460694,54.20955740106573,-0.002832726394186559,0.1741698672712934,133.54054701483292,2.800381565177108,0.08105086631927699,0.3479564648183815,-0.3686117607833075,0.03759309142766587,False,False,False,False,0.37771499156951904,0.13506799936294556,False,False
2022-03-14,0.16875900328159332,6716,0.01356048901482543,0.20646357431570692,0.061739630559837735,0.5591981461523031,-0.08761016297065394,-0.11020711893137962,-0.7992327169303618,54.688381455111696,-0.0022073460068362805,0.16329582281960273,124.05900499579712,2.7992542943144483,0.06712407831285688,0.35339444785911994,-0.3603950820894216,-0.7435956171496201,False,False,False,False,0.37771499156951904,0.13506799936294556,False,False
2022-03-15,0.1751530021429062,3521,0.03718820879789876,0.22763112983864,-0.048868191207308724,0.5897537398199955,-0.018895133131668632,-0.18345037661786248,-0.9343025285741051,56.07968780364759,-0.00140192363671603,0.1513657548520661,114.3844428607518,2.7996336214052424,0.07801488817475373,0.38597035940279395,-0.3365419115676219,-0.47572960095294814,False,False,False,False,0.37771499156951904,0.13506799936294556,False,False
2022-03-16,0.18233099579811096,33122,0.040163803644502255,0.20191096438635175,-0.4792956875035382,0.4829860056279834,0.024810092271625946,-0.12928837998881962,-0.9547758427843553,57.6517295267095,-0.00047264802758801086,0.14208937366412205,103.77650169241457,2.7630745851851275,0.09063402152957425,0.4261727586807364,-0.30997413704281723,8.406986651519455,True,False,False,False,0.37771499156951904,0.13506799936294556,False,False
2022-03-17,0.18734100461006165,7574,0.027106816711288444,0.1922058503734116,-0.24555608692668296,0.506552079578288,0.0899753733768962,-0.09566868324241752,-3.3613746386918697,58.76122244803199,0.00034826376190168727,0.1315396792178746,93.76217530325135,2.762949145161046,0.09055635131226208,0.4478877189708362,-0.29175184308926333,-0.771330233681541,True,False,False,False,0.37771499156951904,0.13506799936294556,False,False
2022-03-18,0.189083993434906,5884,0.00926081578446053,0.23851355067585245,-0.10239875569045186,0.3853290154987677,0.12493430281366733,-0.0755070180525782,-0.9797755988347239,59.16208292303622,0.0008489343093179974,0.12471633292281988,87.73353625795998,2.7324043173362282,0.07838420207900737,0.4425398180635153,-0.2858856398874934,-0.22313176656984424,False,False,False,False,0.37771499156951904,0.13506799936294556,False,False
2022-03-19,0.19179999828338623,6429,0.014261827451925755,0.19851447693850005,-0.015248131557578374,0.5260786394723371,0.1831624040740275,-0.054454645101804734,-0.7170561320527558,59.81754050431049,0.0011827985893650417,0.11685953223806837,80.4737024293804,2.6857784481821483,0.07058671162403132,0.44468613572793403,-0.2762059386245061,0.09262406526172673,False,False,False,False,0.37771499156951904,0.13506799936294556,False,False
2022-03-20,0.15976500511169434,62970,-0.18274913594099756,-0.041207174536096514,0.03146669188923164,0.3516578865615712,0.08529384974910702,-0.21344622716410558,-2.6752886886174405,49.687582335012706,-0.0008258131308655388,0.1455729881141372,80.3801088780606,2.7743660955535963,-0.10850196959807933,0.1940358466029007,-0.39712942181480376,8.794680354643024,False,False,False,False,0.37771499156951904,0.13506799936294556,False,False
2022-03-21,0.16370999813079834,17273,0.02439254089016866,-0.030375122660753418,0.17608845165495352,0.5486399428696166,0.17445083711679743,-0.20486996453944967,-1.1262163309230209,50.79271593112673,-0.001899307823262279,0.13629723791346027,81.14331333647871,2.6935639100513344,-0.08130721004656485,0.21340512295832245,-0.382387108005305,-0.7256947752898206,False,True,False,False,0.37771499156951904,0.13506799936294556,False,False
2022-03-22,0.1620440036058426,23530,-0.010228632903533826,-0.07779196436218594,0.14983916547645398,0.5568826413411356,0.32554016248176676,-0.20649163430048262,-0.725031972458272,50.290331574380616,-0.0026841661232510187,0.13349101873478342,57.11558713482812,2.6923012505522568,-0.05556874431881418,0.19126562711741776,-0.3887403189348642,0.36224164881607135,False,False,True,False,0.19279299676418304,0.13506799936294556,False,False
2022-03-23,0.16367000341415405,16438,0.009984300832823837,-0.10797146717386431,0.0939394972124876,0.6331977328029434,0.486928654865946,-0.21237397463560473,-0.7648893891988005,50.8017961080311,-0.0030307640100963075,0.12741773368283868,45.133491134667864,2.675118900241263,-0.024541111944969198,0.19323688509506087,-0.38267658607537436,-0.3014024649383765,False,False,False,False,0.19279299676418304,0.13506799936294556,False,False
2022-03-24,0.15414799749851227,15970,-0.05993906273322733,-0.1950173466183801,-0.0028114962449685478,0.584019468726964,0.3410940071082023,-0.16345817746161825,-0.7816533029103556,47.70621452187188,-0.0037890314838332304,0.13122638964764016,40.0642155953182,2.687961311215614,-0.06589142925903727,0.1150214942290245,-0.4184831758897099,-0.028470616863365383,False,False,False,False,0.19279299676418304,0.13506799936294556,False,False
2022-03-25,0.14812399446964264,3727,-0.03986344016879569,-0.2441416025716363,-0.005628051895783789,0.5152618661916604,0.48692655422253317,-0.20773563990329014,-0.9246433737861952,45.80463693210003,-0.004533705503862591,0.1316255834774865,37.91899965231656,2.6956148283065957,-0.08953423007771176,0.06240305286367034,-0.44114823021298544,-0.7666249217282405,False,False,False,False,0.19279299676418304,0.13506799936294556,False,False
2022-03-26,0.16176700592041016,62357,0.08810734144464495,-0.17029608857891707,0.02821838835958304,0.6054169895766484,0.39665489354943273,-0.1301852977401453,-0.8110352626925316,50.606589374643136,-0.003965386217535307,0.12218931477899124,37.5845061947325,2.705846228504725,-0.007795082996739438,0.15085808295638856,-0.3900363360610881,15.731151059833646,False,False,False,False,0.19279299676418304,0.13506799936294556,False,False
2022-03-27,0.14375999569892883,96285,-0.1180118523635118,-0.10555880500143124,-0.14676597953752768,0.4119236808717146,0.26584829052503217,-0.2988929992608652,-0.9583006820963345,44.94598644489269,-0.004614692925379857,0.1400824812889928,36.316012180446414,2.7400302897904942,-0.11999120827655232,0.017047543420261914,-0.4580971299389967,0.5440928845197812,False,False,False,False,0.19279299676418304,0.13506799936294556,False,False
2022-03-28,0.13004299998283386,70503,-0.1002800476946233,-0.2302313935862231,-0.26060651624697645,0.09736700565514146,0.21689977652824335,-0.39354442228499037,-1.0672591999274361,41.16834203664434,-0.00570884976437118,0.1525892787132213,38.57646561937738,2.669017723594533,-0.20164847756687965,-0.08379438447939619,-0.5098503719410569,-0.26776756504128374,False,False,False,False,0.19279299676418304,0.13506799936294556,False,True
2022-03-29,0.12564699351787567,6882,-0.03438882859326661,-0.2543915892759558,-0.33218355363814184,0.08403265716184775,0.15564134912053193,-0.36905123846378074,-1.129022718237662,40.007805307927725,-0.006416617156006,0.15183649230993548,43.203844995420404,2.6709502803296292,-0.22306801708598065,-0.11781230724307719,-0.5264735929041535,-0.9023871324624484,False,True,False,False,0.19279299676418304,0.13506799936294556,False,False
2022-03-30,0.12016399949789047,4607,-0.044618864037705756,-0.30899475414648553,-0.41696622132034983,-0.2778745783181111,0.10896023053193979,-0.4291009178520464,-1.2074876585843008,38.54817307316851,-0.006899845029359631,0.15127028016645486,49.11416569064359,2.4212647824759843,-0.2489801639689693,-0.15906672644777528,-0.5471915081013832,-0.3305725079918629,False,True,False,False,0.19279299676418304,0.13506799936294556,False,False
2022-03-31,0.12245599925518036,20580,0.0188943034757673,-0.2301613879374908,-0.42517873455587096,-0.40677630540738896,0.1261392313433493,-0.33450227241682706,-1.09631770531827,39.54115207198276,-0.006705096197510932,0.14700507576940897,53.39157613649947,2.3569178810446108,-0.22826340065366824,-0.14565716890019276,-0.5386017796214291,3.467115259387888,False,False,False,False,0.19279299676418304,0.13506799936294556,False,False
2022-04-01,0.1300860047340393,24147,0.06044403088155948,-0.1298539168871356,-0.3739955194587719,-0.8169235744665612,0.1991310825739577,-0.31313819753222866,-0.9312634792662676,42.85172642042651,-0.005739672431874021,0.13483689360565854,56.140548356836796,1.6134392205983925,-0.1730958021348035,-0.09718734313849021,-0.5099195665271451,0.1733236151603499,False,False,False,False,0.19279299676418304,0.13506799936294556,False,False
2022-04-02,0.1229420006275177,6511,-0.056483102039645176,-0.2744443603714258,-0.44474044895034276,-0.6667738926406395,0.14101700240599543,-0.40876740943169304,-0.9598405960291211,40.60953334778841,-0.005271574559745216,0.1369153788955294,59.7841772900811,1.4830406501356077,-0.20754003864584347,-0.14983889976495876,-0.5368931448182512,-0.7303598790740051,False,False,False,True,0.19279299676418304,0.1192839965224266,False,False
2022-04-03,0.12520399689674377,412,0.018231677702857246,-0.13820083030505673,-0.24375963530648792,-0.5146456994860116,0.22426431913016165,-0.35100177476403654,-0.8794854908482607,41.65059391062156,-0.004527445432215876,0.12753783698483864,62.34742028092145,1.4329504357419098,-0.18146965831493747,-0.1376234801349197,-0.5279708795204117,-0.9367224696667179,False,False,False,False,0.19279299676418304,0.1192839965224266,False,False
2022-04-04,0.12288500368595123,2111,-0.018695393580996738,-0.05661617619143025,-0.2868475697776533,-0.4604522963860606,0.3194714696622331,-0.4881877373370728,-0.7962098416636871,40.85982777003112,-0.003931342822535697,0.12413534493664868,64.19535238239119,1.4188193966911453,-0.182665852620321,-0.15659012871826572,-0.5362270821512274,4.12378640776699,False,False,False,False,0.19279299676418304,0.1192839965224266,False,False
2022-04-05,0.09906099736690521,58344,-0.21551319325025214,-0.23774054084841567,-0.4921321301243716,-0.4465015302485052,-0.05669961121094913,-0.671142507532582,-0.9328676086301618,33.76700091823912,-0.004822708421721022,0.16240487009892465,69.5063449844809,1.3929194133952325,-0.32235890392942496,-0.3188486586123889,-0.6256413123896755,26.63808621506395,False,False,False,False,0.19279299676418304,0.1192839965224266,False,True
2022-04-06,0.09338200092315674,7596,-0.05903717835884426,-0.2521588551695543,-0.5611536093160397,-0.38530948973179624,-0.11103281564184808,-0.6696405521902339,-0.9575185647937476,32.32646996885029,-0.005430699351337559,0.16757117987219539,73.60853371999238,1.350374970046665,-0.3399963587825464,-0.356171000931195,-0.6467153958666136,-0.8698066639243109,False,True,False,False,0.19279299676418304,0.1192839965224266,False,False
2022-04-07,0.09571900218725204,352,0.024718221637138344,-0.24633493700818326,-0.47649632494567407,-0.3766119213696234,-0.05107648023664909,-0.5762680684506151,-0.9425234670889776,33.58217259633406,-0.0053052647295385655,0.15417353645795245,74.39774593707418,1.3530530128474023,-0.300396091920353,-0.33705072980033474,-0.6376192406341245,-0.9536598209583992,False,True,False,False,0.19279299676418304,0.1192839965224266,False,False
2022-04-08,0.0916839987039566,2381,-0.04306897080274025,-0.349847938692483,-0.4797018555796186,-0.4855648612691541,-0.09816769822201708,-0.5995082297494125,-0.9375969800570885,32.46217962170259,-0.005121263356422217,0.15263637710170977,72.65511515331238,1.326670994974557,-0.30443913814903434,-0.36308671345363874,-0.652716889038864,5.764204545454546,False,False,False,False,0.19279299676418304,0.1192839965224266,False,False
2022-04-09,0.0909779965877533,2395,-0.0077301863555650436,-0.30109502300840285,-0.5755393833798286,-0.5301069783489479,-0.06216360887487033,-0.5905710134058123,-0.8868751237078004,32.25945323322634,-0.004686077649025315,0.1450045132174418,76.68608804368264,1.313305812044242,-0.29130346133017804,-0.366104704265937,-0.6552469222460887,0.0058798824023520435,False,False,False,False,0.19279299676418304,0.1192839965224266,False,False
2022-04-10,0.08993200212717056,0,-0.011563828688717052,-0.3308905293999772,-0.4690913597050339,-0.5046239225196845,-0.11069585070409202,-0.6034736408470298,-0.8719980120099834,31.94118615869627,-0.0041272846193186035,0.1380962882781008,78.81449408338706,1.3115805271432193,-0.2787252155345402,-0.3729865338407515,-0.6589614506658567,-1.0,False,False,False,False,0.19279299676418304,0.1192839965224266,False,False
2022-04-11,0.09304799884557724,15225,0.03406162377813765,-0.2781335120408427,-0.33474968823227286,-0.5248231999308249,0.008298857530866097,-0.6561512122373924,-0.8371550310383399,34.02922506204206,-0.003245294298254705,0.13272918312819648,78.90383487756444,1.2996403677208614,-0.2324988728104551,-0.3512794539621932,-0.6469668599895922,inf,False,False,False,False,0.19279299676418304,0.1192839965224266,False,False
2022-04-12,0.09792499989271164,3749,0.05108640182628413,-0.011533916964306373,-0.24927445781272223,-0.5307093136381398,0.01036758116690904,-0.6288135950112153,-0.6504299031952364,37.27298973154634,-0.0020871857019967473,0.12251460849116506,75.69901254425847,1.2955512604408368,-0.16975948779505753,-0.31832632565496377,-0.6283453299660966,-0.75376026272578,True,False,False,False,0.19279299676418304,0.1192839965224266,False,False
2022-04-13,0.10236400365829468,1567,0.044333245574644055,0.09183650696918202,-0.16032234820037228,-0.4999365570783212,0.05926158907398209,-0.587546720048975,-0.6101436760097008,40.15720056082846,-0.0008399163313046257,0.11239173888804363,72.58136883900468,1.3092677659353982,-0.11264484601464601,-0.2890492040249251,-0.6114190524490012,-0.5820218724993331,True,False,False,False,0.19279299676418304,0.1192839965224266,False,False
2022-04-14,0.10383699834346771,17083,0.014287221953393716,0.08140550728543726,-0.1649294297227459,-0.5228375439228261,0.06691619589716934,-0.5417326770544948,-0.7062879205406886,41.124601761880264,0.00021048393288787895,0.11086213984293448,69.47695846418324,1.299814712054022,-0.0822596437605585,-0.280353822728118,-0.6057421681800284,9.901723037651564,False,False,False,True,0.19279299676418304,0.08168499916791916,False,False
2022-04-15,0.10050699859857559,3376,-0.03259498311301149,0.09187949497516613,-0.2579684437173168,-0.5955963306803398,-0.1126103250523565,-0.570786238408714,-0.7248847106691594,39.56734807442314,0.0007754311182461317,0.10974125345671117,59.33107333727439,1.283918464644375,-0.08697398826119943,-0.30460912609853863,-0.6182849429712748,-0.8023766317391559,False,False,False,False,0.19279299676418304,0.08168499916791916,False,False
2022-04-16,0.1014069989323616,41,0.008914748905394966,0.1085244302361263,-0.19257059277227667,-0.6137883984862333,-0.10723631890794535,-0.5238130251093371,-0.7094570817286509,40.226145777386456,0.0012746716121903277,0.10231467123268886,53.583818306979104,1.2770937338582762,-0.060729299870270904,-0.29898205188625254,-0.6147884121983364,-0.9878554502369669,False,False,False,False,0.19279299676418304,0.08168499916791916,False,False
2022-04-17,0.09869799762964249,1736,-0.027077452983354764,0.0930108059414885,-0.2378797234584886,-0.6501266672540486,-0.26479765175528086,-0.5251923644403812,-0.7256336853066266,38.85318455439799,0.0014733341256583515,0.09960363620716581,51.36020934071268,1.2727325690056095,-0.07235497850824887,-0.3158855579438602,-0.6249841418785681,41.34146341463415,False,False,True,False,0.10946899652481079,0.08168499916791916,False,False
2022-04-18,0.09513899683952332,6085,-0.03672571189016933,0.022223470273181455,-0.25591004176766124,-0.7011142065961434,-0.1750355671238063,-0.5179518025221158,-0.7555688516979483,37.06340824353583,0.0014155829588675343,0.10260988982015246,50.0392630716771,1.2670277533654235,-0.09279888843150741,-0.33868592531569097,-0.6383736625732832,2.505184331797235,False,True,False,False,0.10946899652481079,0.08168499916791916,False,False
2022-04-19,0.09985099732875824,22299,0.04834010117875443,0.01947716962565183,0.007943252661345454,-0.47002496947639144,-0.11836708291482022,-0.3847311197272844,-0.6834711966404969,40.94232455045346,0.0017247536556164351,0.0946614946871365,48.816597009722535,1.152375402963798,-0.03855608977539567,-0.3002119202067394,-0.6201031310058962,2.664585045193098,False,False,False,False,0.10946899652481079,0.08168499916791916,False,False
2022-04-20,0.09510599821805954,6532,-0.04868700777448095,-0.07354308372347323,0.0182934232457088,-0.5431045181410409,0.005535424728575658,-0.3686536810242435,-0.7479744826804906,38.377269155998334,0.001640241945515068,0.09715368760217338,47.04656940329606,1.1485872294859079,-0.07202569494073971,-0.3250638269091153,-0.6378246755054824,-0.7070720660119287,False,False,False,False,0.10946899652481079,0.08168499916791916,False,False
2022-04-21,0.0921970009803772,0,-0.031064437601721267,-0.11889474327858808,-0.03748923599315083,-0.5639403228392283,-0.007057681498092714,-0.23840016035746142,-0.7704319571397109,36.852908006003716,0.001426838880308156,0.09802664874639908,41.50113098546683,1.1490884591886479,-0.08346777058543116,-0.32637021075722095,-0.6485359216464851,-1.0,False,False,False,True,0.10946899652481079,0.09007400274276733,False,False
2022-04-23,0.08723899722099304,3111,-0.04801536960744934,-0.1504906649958864,-0.04196623475976023,-0.5692617168637395,0.014757751863224564,-0.2281677097555372,-0.7327198943253578,34.19400067609115,0.0009578088727610554,0.09473009557714401,30.448853815528988,1.1406498450800702,-0.10178129567186238,-0.33639501752650935,-0.666761403808206,inf,False,False,False,False,0.10946899652481079,0.09007400274276733,False,True
2022-04-24,0.08488199859857559,1844,-0.027389406586226312,-0.15080261859875793,-0.0577918126572694,-0.5567876832811701,-0.041525817089509844,-0.0698611290586369,-0.7645233231844604,32.9645552725964,0.0006557776202930025,0.09278600618577601,21.155470663478855,1.1386028022066361,-0.10860989013581326,-0.3433486382561166,-0.6750429507373321,-0.40726454516232724,False,True,False,False,0.10946899652481079,0.09007400274276733,False,False
2022-04-25,0.08689100295305252,472,0.02339245338024979,-0.090684453328339,-0.06846098305515742,-0.6215025713455655,-0.016085581768916994,-0.22484767779613263,-0.7516878690857107,35.106301884434544,0.0006616446663247205,0.08901480552898702,22.262401409764134,1.0833313992984024,-0.08164383373517296,-0.3206674877107666,-0.6659281876402694,-0.7440347071583514,False,False,False,False,0.10946899652481079,0.09007400274276733,False,False
2022-04-26,0.07680100202560425,24791,-0.12343680629793463,-0.26246136080502813,-0.24298419117937625,-0.6269275252799882,-0.21500384440827378,-0.36107923475495607,-0.9258205245408535,29.93359892027989,8.655056698545459e-05,0.10346462312217124,27.913734198699057,1.0896107226029825,-0.1811103131322853,-0.3938209829244039,-0.7036237151270134,51.523305084745765,False,False,False,False,0.10946899652481079,0.09007400274276733,False,False
2022-04-27,0.07946600019931793,19077,0.03411157245746551,-0.17966278057308177,-0.253205864296555,-0.4925359051278995,-0.3951688994727581,-0.2756361285996562,-0.8860803274128899,32.75199642679215,-8.734361816305908e-06,0.0958733733681442,31.096278400371922,1.0669804058707801,-0.14528884267494135,-0.36678620938516565,-0.692494971317486,-0.230486870235166,False,True,False,False,0.10946899652481079,0.09007400274276733,False,False
2022-04-28,0.08302699774503708,3664,0.04383656920869211,-0.10476177376266833,-0.22365651704125644,-0.4143105073259407,-0.33027785016409306,-0.2586691582054088,-0.7833617457897215,36.4315369352679,0.00025891128952604606,0.0894096080506336,32.61012393342605,1.0851315982199001,-0.10281092786715217,-0.3313816182193051,-0.678029009117943,-0.807936258321539,False,False,False,False,0.10946899652481079,0.09007400274276733,False,False
2022-04-29,0.07629899680614471,3686,-0.08450603875815653,-0.1820070262033596,-0.2755675726864015,-0.4541976820463915,-0.7320722603645026,-0.3452374515144518,-0.883298599898438,32.78191736784835,8.279441254953855e-05,0.09735415836177665,36.308981933569775,1.108061856535442,-0.1689223271086694,-0.3777164335386823,-0.7034937174185301,0.006004366812227158,False,False,False,False,0.10946899652481079,0.09007400274276733,False,False
2022-04-30,0.07074599713087082,3056,-0.07556383291766722,-0.20955548951357744,-0.36004615450946376,-0.5486558184398261,-0.955432123847215,-0.4225165870964767,-0.8831580908566531,30.10160141011474,-0.0002874347519448324,0.10392442395983752,41.89324128717036,1.1204604820420954,-0.2212707188879097,-0.41554945070677796,-0.7244272761846725,-0.17091698317959847,False,True,False,False,0.10946899652481079,0.09007400274276733,False,False
2022-05-01,0.07074599713087082,16435,0.0,-0.182166082927351,-0.3329687015261091,-0.6090998493213856,-1.4260234237879468,-0.40996876674742794,-0.9222380468536142,30.10160141011474,-0.00040488712469999646,0.10387975897621031,46.592898677627474,1.0863190341839275,-0.21159354255221183,-0.4070734032202524,-0.7237021117547265,4.37794502617801,False,True,False,False,0.10946899652481079,0.09007400274276733,False,False
2022-05-02,0.07420700043439865,33793,0.047762533932915976,-0.1577960023746848,-0.24848045570302377,-0.5048542133488244,-1.171628105989464,-0.3638372109428289,-0.9136216227805175,34.002145494889234,-0.00013595088907878555,0.10309000431630048,48.76697270851953,1.1033431952486603,-0.16194787933155774,-0.368295362913586,-0.7090249734972931,1.0561606327958626,False,False,False,False,0.10946899652481079,0.09007400274276733,False,False
2022-05-03,0.07446499913930893,7504,0.003470713579349509,-0.03088848249740053,-0.29334984330242864,-0.5196151774723321,-1.034260876958344,-0.29535085834217045,-0.8706169522363687,34.29648379155408,0.00015696974770938558,0.10070215486320926,49.211325497451924,1.0986309138033254,-0.14557374106100954,-0.3557564011266905,-0.7068365184515089,-0.7779421773740124,True,False,False,False,0.10946899652481079,0.09007400274276733,False,False
2022-05-04,0.0791499987244606,12511,0.06101556543205126,-0.003984489522814839,-0.18364727009589654,-0.43990421845928407,-0.9003565148453448,-0.12043274879705106,-0.9280919557963571,39.56716375003736,0.0007317310467740857,0.0942597369534777,47.185916596313845,1.1320495420376968,-0.07876957043291098,-0.3036560992510726,-0.6871427980455337,0.6672441364605544,False,False,False,True,0.10946899652481079,0.0650549978017807,False,False
2022-05-05,0.07579000294208527,3159,-0.04337837356870364,-0.09119943230021069,-0.19596120606287903,-0.26776939877773576,-0.7142709290262409,-0.32446900998868483,-0.9389119063103177,37.25871736036464,0.0009379341028986875,0.0982814825949792,46.204642779742834,0.8784916969494513,-0.10500297673581499,-0.320477944322003,-0.6992938774028867,-0.7475021980657022,False,False,False,False,0.10946899652481079,0.0650549978017807,False,False
2022-05-06,0.07198499888181686,2350,-0.051508648198087065,-0.05820204174014121,-0.24020906794350083,-0.2602408686169784,-0.6455503583487747,-0.37127368425882656,-0.9298814208072123,34.78378791388545,0.0008717853573519604,0.10039969047244293,44.98971906852015,0.8734646832715527,-0.13490745376108426,-0.3409606252611804,-0.7131108858861952,-0.25609370053814495,False,False,False,False,0.10946899652481079,0.0650549978017807,False,False
2022-05-07,0.06710100173950195,3767,-0.07025877552488169,-0.05289698434735571,-0.26245247386093307,-0.35521786577899855,-0.731829787148622,-0.40629434601564773,-0.9314859342296136,31.858521037736395,0.0005675536124509287,0.10634025957674566,45.46276669473664,0.8904244804722803,-0.17799506993859981,-0.3716399207026445,-0.7309261991977197,0.6029787234042554,False,True,False,False,0.10946899652481079,0.0650549978017807,False,False
2022-05-08,0.06394299864768982,185,-0.048206932550977605,-0.10110391689833323,-0.28326999982568435,-0.3603558275272359,-0.8459206887963899,-0.45852352574925304,-0.9598640572766483,30.09605780991201,0.00023889972535484118,0.1076349254521803,47.43583991131627,0.8928694516997265,-0.20142224764088082,-0.3865223254887223,-0.7416346014782018,-0.9508893018316963,False,True,False,False,0.10946899652481079,0.0650549978017807,False,True
2022-05-09,0.049922000616788864,7005,-0.247530240652659,-0.39639669148390827,-0.554192693858593,-0.6001558818243299,-1.1302628601732778,-0.6623194906992002,-1.1907268952301422,23.80053004412561,-0.0007816283673714834,0.14842081515435115,54.035797099112514,1.212849121419526,-0.3564650198379267,-0.5107293111076104,-0.7966980539459102,36.86486486486486,False,True,False,False,0.10946899652481079,0.0650549978017807,False,False
2022-05-10,0.050505999475717545,9014,0.011630331008089526,-0.3882370740551683,-0.4191255565525689,-0.5769617221275233,-1.0815856446472079,-0.6876575728316152,-1.180435362974553,24.508861066040282,-0.001248473768663069,0.14264788284676447,59.62000639136469,1.2175700386037782,-0.32966707423461944,-0.49377274431404294,-0.7929522881287633,0.28679514632405434,False,True,False,False,0.10946899652481079,0.0650549978017807,False,False
2022-05-11,0.041099999099969864,5341,-0.20608403112068702,-0.6553366706079065,-0.6593211601307213,-0.817107377026348,-1.3419305769571728,-0.8088085194954818,-1.4732585892637402,21.10584004984804,-0.001978501666656699,0.1827519342130118,70.3788151633357,1.3645383608621295,-0.43536045818033975,-0.5778143673877985,-0.830346388254273,-0.40747725759929,False,False,False,False,0.10946899652481079,0.0650549978017807,False,False
2022-05-12,0.03901100158691406,0,-0.05216440128230273,-0.6641226983215055,-0.7553221306217162,-0.9203581801349348,-1.4510674937730745,-0.9099905989680258,-1.54917177514615,20.42745936939879,-0.0023637545518119946,0.19429199905871686,79.93892322273093,1.3371995130564431,-0.44400140764285423,-0.5887403801724282,-0.8379098466980061,-1.0,False,True,False,False,0.10946899652481079,0.0650549978017807,False,False
2022-05-13,0.03665100038051605,14577,-0.062402974849163524,-0.6750170249725819,-0.7332190667127232,-1.0270944005587426,-1.5270309576370635,-0.9678328114847605,-1.6146411206077176,19.658709901798744,-0.002524620893315205,0.20238549675469542,90.04230696394542,1.3134573806884537,-0.4581015956206093,-0.6038047480516939,-0.8465435163635815,inf,False,False,False,False,0.10946899652481079,0.0650549978017807,False,False
2022-05-14,0.03641299903392792,1427,-0.0065148962636375546,-0.611273145711338,-0.6641701300586935,-1.0478965187757738,-1.5707340626986,-0.9809803228786044,-1.5896291958302684,19.578688539073994,-0.002395238021537776,0.19504651731399678,98.86670682412483,1.3057665263483123,-0.441612623912097,-0.5966355552469712,-0.846382092511326,-0.9021060574878232,False,False,False,False,0.10946899652481079,0.0650549978017807,False,False
2022-05-15,0.038607001304626465,3135,0.05850781376358046,-0.5045583993967799,-0.605662316295113,-0.9567937218991818,-1.5523900525795216,-1.0694040469515382,-1.5275799603078957,22.702319597078002,-0.0019300510086620783,0.17674990180844935,103.85797321158326,1.3458680166443806,-0.38520750231854045,-0.5603347964949499,-0.8359521402856152,1.1969166082690958,False,False,False,True,0.10946899652481079,0.03435000032186508,False,False
2022-05-16,0.03754900023341179,6184,-0.027786888058857217,-0.2848150468029781,-0.6812117382868863,-0.9934953588634341,-1.6072837573496674,-1.1007316777713794,-1.5173083839727712,22.253450548266315,-0.0014819106170035328,0.17655251707928132,110.82048892864633,1.3379268371114794,-0.3827649495949986,-0.5617825920693783,-0.8391682817194752,0.9725677830940989,False,False,False,False,0.10946899652481079,0.03435000032186508,False,False
2022-05-17,0.03773900121450424,1287,0.00504732177243977,-0.2913980560386279,-0.6796351300937963,-0.9613705841076396,-1.611497251361688,-1.2261682358629205,-1.486562948548021,22.549611262179468,-0.00098492482764986,0.16760762111371935,115.75353378755571,1.3444284174295311,-0.35761050893208934,-0.5498671705305732,-0.8369403731266479,-0.791882276843467,False,False,False,False,0.10946899652481079,0.03435000032186508,False,False
2022-05-18,0.034547001123428345,38,-0.08837332640336189,-0.17368735132130292,-0.8290240219292093,-1.0130181986208324,-1.7141324052169757,-1.1880537657446386,-1.5309700011429483,21.095718477821833,-0.0006969630701640812,0.17691937708398595,119.4615782825835,1.3586855929979418,-0.3866363670642479,-0.5787860276878752,-0.8480574047842512,-0.9704739704739704,False,False,False,False,0.10946899652481079,0.03435000032186508,False,False
2022-05-19,0.03506600111722946,1657,0.014911283626355241,-0.10661166641264493,-0.7707343647341505,-1.0464470161732315,-1.516471985649623,-1.1648140990880518,-1.431178135900516,21.976579610968187,-0.00031669308188428044,0.16628936224567667,123.648045977482,1.3381070862148088,-0.3537674270747351,-0.5633981433778731,-0.8432601627451362,42.60526315789474,False,True,False,False,0.10946899652481079,0.03435000032186508,False,False
2022-05-20,0.03406500071287155,0,-0.028961546756263095,-0.0731702383197445,-0.7481872632923265,-1.0267215551550137,-1.5698260732960547,-1.021186130426438,-1.3953752361792573,21.478540747066262,5.218469179234936e-06,0.1635074501793259,128.75503418628278,1.3373143349282708,-0.35025362142541416,-0.5663156862406339,-0.8448596003248856,-1.0,False,False,False,False,0.10946899652481079,0.03435000032186508,False,True
2022-05-21,0.0354590006172657,2522,0.04010663171422643,-0.0265487103418804,-0.6378218560532184,-0.9555504858390661,-1.5194908086782943,-0.9626081673371587,-1.1939506461965275,24.059549496222417,0.00042650837754630577,0.15020054443809094,131.94783490769754,1.362240178237609,-0.300111709516859,-0.5374231954816482,-0.8355042743258858,inf,False,False,False,False,0.10946899652481079,0.03435000032186508,False,False
2022-05-22,0.04159900173544884,73767,0.1596990533686118,0.07464252926315099,-0.4299158701336289,-0.7885906461529889,-1.3697760561425065,-0.736578323339563,-0.8828474012765605,34.30281165208224,0.0011899086129209778,0.15631469766624115,129.7670299251807,1.5159820160341235,-0.15161907226084864,-0.44555747790660666,-0.8043592461060325,28.249405233941317,False,False,False,False,0.10946899652481079,0.03435000032186508,False,False
2022-05-23,0.03912400081753731,2616,-0.061340059910970156,0.04108935741103801,-0.24372568939194017,-0.8019153364565097,-1.3711770533202492,-0.7871575845932853,-1.030083046212047,32.40534824575346,0.0015752169255375797,0.15908751750120653,126.23049001033371,1.5190950799092469,-0.17226524994137454,-0.4662986673918667,-0.8130808227334584,-0.9645369880841026,True,False,False,True,0.10946899652481079,0.03345499932765961,False,False
2022-05-24,0.0393190011382103,3580,0.004971781229404825,0.04101381686800304,-0.2503842391706248,-0.7695541486408787,-1.3263418319220488,-0.8110799657303884,-0.8394152776995156,32.72111551903653,0.0018701490508178428,0.1490352110015475,115.48263503960754,1.5231068965663623,-0.1315477793623645,-0.4511248423382304,-0.8097226135564405,0.36850152905198774,False,False,False,False,0.10946899652481079,0.03345499932765961,False,False
2022-05-25,0.037797000259160995,978,-0.039478150300449835,0.08990899297091512,-0.08377835835038766,-0.8324247523215783,-1.4539273236671437,-0.8485103340904953,-1.0572724301177108,31.48482558039248,0.0019791368500764947,0.14778932458328833,102.47603573904232,1.5133830567156568,-0.12860244091510406,-0.46318948228378076,-0.8151167591388214,-0.7268156424581005,False,False,True,False,0.05716000124812126,0.03345499932765961,False,False
2022-05-26,0.035969000309705734,26114,-0.049572276267059026,0.025425433077501006,-0.08118623333514398,-0.7585602222907026,-1.3854877475706908,-0.9735640666989762,-1.1196394570456585,30.017866450724554,0.0019418260285708425,0.15441453401656863,87.15466037939437,1.476072303503788,-0.1348271271409469,-0.4806824921708221,-0.8218796539588437,25.701431492842534,False,False,False,False,0.05716000124812126,0.03345499932765961,False,False
2022-05-27,0.03429099917411804,26,-0.047774559999824225,0.006612419833939907,-0.06655781848580462,-0.8404463547479921,-1.3329822598758916,-1.2356152542207504,-1.1160824833476484,28.696141809257213,0.0018199207203282632,0.15450488015542696,70.42790060759081,1.4621689009739052,-0.1413049629594875,-0.495968908275386,-0.8280581989717374,-0.9990043654744581,False,True,False,False,0.05716000124812126,0.03345499932765961,False,False
2022-05-28,0.036435000598430634,1560,0.06064696256048017,0.027152750680193592,0.0006040403383130281,-0.8236359613962041,-1.237946468722145,-1.1539138115602974,-1.0823051196016131,32.769432860377165,0.0018911470113877893,0.13970602157701636,45.61596268245781,1.473696234896997,-0.055070935164904945,-0.45561323198364817,-0.8151764579270439,59.0,False,False,False,False,0.05716000124812126,0.03345499932765961,False,False
2022-05-29,0.03722099959850311,510,0.021343239795151785,-0.11120306289326644,-0.03656053363011541,-0.7177866828428957,-1.1719843648892874,-1.4498589432073985,-1.0630241343573474,34.25227443661376,0.0019887157986834443,0.12991793742743404,37.38818323220583,1.4683610153529234,-0.018521568984976897,-0.43478983674803257,-0.8090030798658536,-0.6730769230769231,False,False,False,False,0.05716000124812126,0.03345499932765961,False,False
2022-05-30,0.045607998967170715,9899,0.203210009741482,0.15334700675918586,0.1944363641702237,-0.4390128401837466,-0.9876686586235726,-1.3944449640309615,-0.8615294272802232,47.546712678580356,0.0025782262358460296,0.11219488515024098,29.15401744434929,1.655068730495654,0.21045154188936566,-0.2979809858784415,-0.7634096854487044,18.409803921568628,True,False,False,False,0.05716000124812126,0.03345499932765961,False,False
2022-05-31,0.04456700012087822,53,-0.02308943952782738,0.12528578600195361,0.16629960286995676,-0.46210227971157397,-1.0712021290329596,-1.8881257034995207,-0.8720710464590018,46.29542924820644,0.002837623937746928,0.10909865187728235,32.22450745469613,1.6544586526105018,0.17740611171166384,-0.30361102497628084,-0.7656082631238937,-0.99464592383069,True,False,False,True,0.05716000124812126,0.03408600017428398,False,False
2022-06-01,0.04426699876785278,51254,-0.0067542269237482735,0.1580097093786552,0.2479187023495704,-0.5166190405682382,-1.0214732539170626,-1.6882471465577022,-0.8804562515110671,45.92037141644849,0.0029173365263328328,0.10849680974223558,35.153574993581465,1.6391186399438706,0.16141689214783939,-0.2965018996315733,-0.7653333670161633,966.0566037735849,False,False,False,False,0.05716000124812126,0.03408600017428398,False,False
2022-06-02,0.0441569983959198,399,-0.002488022080101772,0.20509396356561235,0.23051939664311344,-0.5225777762276896,-1.0421929537000216,-1.5568386531860334,-0.8179286345698601,45.773940074083285,0.0028857235200359117,0.10337426784210382,37.177501731958245,1.6383034814808197,0.14723448836209924,-0.28502245964746853,-0.763843752420979,-0.9922152417372303,False,False,True,False,0.04586299881339073,0.03408600017428398,False,False
2022-06-03,0.04264499992132187,0,-0.034841396625693716,0.21802712693974288,0.2246395467736828,-0.6184347382854345,-1.0583389567447186,-1.5187912531307792,-0.7388674870824855,43.710661295720485,0.00268994160241682,0.10316745513202806,37.66368753157767,1.6144884676723656,0.09905402192937975,-0.2955447755192485,-0.7694443024726019,-1.0,False,False,False,False,0.04586299881339073,0.03408600017428398,False,False
2022-06-04,0.04210299998521805,1193,-0.012791035220303625,0.14458912915895908,0.17174187983915268,-0.5878473999370345,-0.85561679871477,-1.3021183289632752,-0.9123164099257193,42.963064499204215,0.002457297122899272,0.09952716498537316,38.20783600782473,1.6125844947406973,0.08021915149887661,-0.29081394712444936,-0.769687455634547,inf,False,True,False,False,0.04586299881339073,0.03408600017428398,False,False
2022-06-05,0.0432329997420311,2734,0.02648508985157626,0.1497309792153836,0.03852791632211718,-0.5098536618873709,-0.7700945305043495,-1.1554040202361457,-0.8811273461461977,45.07234768136155,0.0023148459488759937,0.09418748073532825,38.90838274906175,1.616101151161008,0.10118170795752139,-0.25722340251723225,-0.722901259511381,1.291701592623638,False,False,False,False,0.04586299881339073,0.03408600017428398,False,False
2022-06-06,0.04908699914813042,34275,0.12699013004804172,0.07351109952194324,0.2268581062811291,-0.31260475631444756,-0.6678226220934461,-1.0444345434630695,-0.7188991023300952,54.4666999436604,0.002532592336663758,0.1034272883793309,43.74771534675393,1.6794900042664263,0.23247616333379376,-0.14202107213625859,-0.6807290796214207,11.536576444769569,True,False,False,False,0.04586299881339073,0.03408600017428398,True,False
2022-06-07,0.04539699852466583,10198,-0.07814822553511161,0.01845231351465891,0.1437380995166126,-0.34254604929858173,-0.7029018768258176,-1.1884667380949718,-0.8010695750478347,48.800890082129634,0.002349840876963126,0.11589998096699984,43.00258098345355,1.6911751974251028,0.12451058990550871,-0.1924759641810272,-0.7013546746688015,-0.7024653537563822,False,False,False,False,0.04586299881339073,0.03408600017428398,False,False
2022-06-08,0.04754199832677841,8516,0.04616750461814594,0.07137404505655312,0.22938375443520834,-0.0488483040277767,-0.6490041858521066,-1.1791111642010546,-0.7111677947269769,51.93114841245939,0.0022926655917422717,0.11045669192090611,43.21125314651691,1.4710387007165588,0.15972358339972811,-0.13828450738386255,-0.6619867244616056,-0.16493430084330263,False,False,False,True,0.04586299881339073,0.040824998170137405,True,False
2022-06-09,0.048280999064445496,6175,0.015424593459438694,0.08928666059609383,0.29438062416170624,-0.04505404157642744,-0.6220157637039506,-1.1266396862236352,-0.7327116144080428,52.99735741073239,0.0022222432185346414,0.1055891801254786,42.20196658422509,1.4715285777189167,0.15767753165498113,-0.10977889577464756,-0.6510689302655551,-0.2748943165805543,False,False,True,False,0.0613659992814064,0.040824998170137405,False,False
2022-06-10,0.044047001749277115,24812,-0.09178080379784011,0.03234725342394737,0.25037438036369025,0.0692491857464194,-0.7478581912799285,-1.2726813912107535,-0.7395593337490625,46.61740962763269,0.0018247794246762658,0.12151040345255193,39.71378670182469,1.317465219221742,0.04539164366290868,-0.17316537558778886,-0.6782908359398051,3.0181376518218626,False,False,False,False,0.0613659992814064,0.040824998170137405,False,False
2022-06-11,0.03791499882936478,2660,-0.14991050407241938,-0.10477221542816836,0.03981691373079065,-0.028496917043697254,-0.9488550971786321,-1.4795644108167718,-0.9384875160117231,39.24822570960032,0.0011178827880196705,0.1434170409093401,40.83640550227438,1.4092512134384372,-0.09619134270065549,-0.27365262327178475,-0.7198676515308259,-0.8927938094470418,False,True,False,False,0.0613659992814064,0.040824998170137405,False,True
2022-06-12,0.03544599935412407,1134,-0.06733638786610269,-0.19859369314584735,-0.0488627139304639,-0.033430330060636414,-1.060524730619379,-1.5604612876977,-1.0012631415453968,36.73053791399611,0.0004853127713890012,0.1484179929253447,42.855678237511455,1.41206115603289,-0.15132637411118482,-0.30720387127623416,-0.7351610657649309,-0.5736842105263158,False,True,False,False,0.0613659992814064,0.040824998170137405,False,False
2022-06-13,0.029159000143408775,309,-0.19524677549376943,-0.5208305986876587,-0.44731949916571534,-0.2221622092907683,-1.270058728066542,-1.7928962719893682,-1.2031425321693727,31.235858220855107,-0.0003122723437602791,0.18606290072183365,50.76118760455519,1.5661887297856716,-0.2932582019850176,-0.4173935139520515,-0.7792966992771145,-0.7275132275132274,False,True,False,False,0.0613659992814064,0.040824998170137405,False,False
2022-06-14,0.02854900062084198,20636,-0.021141686952350112,-0.463824060104897,-0.4453717465902381,-0.30181171000669893,-1.2586054319058808,-1.8542017625862206,-1.3712157569582373,30.755125843141172,-0.0008084704066754094,0.19166622023222346,57.73842177679144,1.5485409102229415,-0.30020011977221245,-0.41596541129055353,-0.781135139226538,65.7831715210356,False,True,False,False,0.0613659992814064,0.040824998170137405,False,False
2022-06-15,0.027319999411702156,4982,-0.04400291779642984,-0.5539944825194728,-0.4826204374629196,-0.31802773974427156,-1.3115230986077058,-1.925311497093939,-1.418759417515651,29.761302124581476,-0.0011274139556439484,0.20170317289920803,64.53288629698235,1.5519066302367575,-0.3231508730636723,-0.4295588828600708,-0.7877295366858676,-0.7585772436518705,False,False,False,False,0.0613659992814064,0.040824998170137405,False,False
2022-06-16,0.024442000314593315,837,-0.11131603628217066,-0.6807351122610824,-0.5914484516649886,-0.4343910977988819,-1.3957616819065215,-2.04588834916057,-1.6605593336618025,27.518745072478524,-0.0014212038497883172,0.2219244895619543,73.03221428818377,1.5897547272597765,-0.3869737422883376,-0.4776488683582434,-0.8074455116254788,-0.8319951826575672,False,False,False,False,0.0613659992814064,0.040824998170137405,False,False
2022-06-17,0.024126000702381134,863,-0.013012850630593684,-0.601967159093836,-0.5696199056698885,-0.35903062202611363,-1.3720488206469459,-2.0731630272430897,-1.5470843877707523,27.275721500965375,-0.0015170869357985272,0.21405661482353033,81.7840311242379,1.5672397594602363,-0.3854125027312032,-0.47108643727198435,-0.8071666710168578,0.031063321385901954,False,False,False,False,0.0613659992814064,0.040824998170137405,False,False
2022-06-18,0.021953999996185303,116,-0.09434077116486261,-0.5463974261862791,-0.6511696416144476,-0.4682826768173314,-1.5147296929905631,-1.9847546624669545,-1.6330967759053834,25.602113698970086,-0.0015988874246135633,0.23338178146468178,92.12788777648358,1.5898242226187522,-0.42965141757460446,-0.5069548245008694,-0.8218210608016824,-0.86558516801854,False,False,False,False,0.0613659992814064,0.040824998170137405,False,False
2022-06-19,0.024563999846577644,8845,0.11233259512996523,-0.3667284431902112,-0.5653221363360585,-0.3269885349311031,-1.3537100900861168,-1.8968146082271578,-1.348174665357541,31.07503498979777,-0.001358752805780735,0.20878587796836817,98.30121263347328,1.6501354844802867,-0.3439111305317702,-0.43665357337131183,-0.7978328278523584,75.25,False,False,False,False,0.0613659992814064,0.040824998170137405,False,False
2022-06-20,0.02504199929535389,335,0.019272436886852574,-0.1522092308095892,-0.6730398294972477,-0.34782272975847706,-1.303373215597543,-1.8673135384367714,-1.3104308970956358,32.060749061069714,-0.0010623861643142022,0.19758809396619476,103.40227493136025,1.6436173982972915,-0.3132367014615621,-0.41339399270572935,-0.7912784246546025,-0.9621254946297343,False,False,False,False,0.0613659992814064,0.040824998170137405,False,False
2022-06-21,0.025093000382184982,2472,0.0020345509026402737,-0.12903299295459864,-0.5928570530594958,-0.5054872322244485,-1.2940778783774376,-1.8752632883669549,-1.2420655555640114,32.17220899821562,-0.0007711390544707115,0.18854151196642685,107.67862145263567,1.5244968839666744,-0.2932564447675655,-0.398355581362091,-0.7882416759544356,6.37910447761194,False,False,False,True,0.0613659992814064,0.019711999222636223,False,False
2022-06-22,0.023493999615311623,0,-0.06584388498302896,-0.15087396014119775,-0.7048684426606706,-0.5099910572965072,-1.311906393753017,-1.8811681106167564,-1.2971486418897924,30.4836400860586,-0.0006019101043354576,0.19210965949985098,112.35512930185705,1.5262311506357293,-0.3184603775943628,-0.4225807551662747,-0.7993805201065446,-1.0,False,False,False,False,0.0613659992814064,0.019711999222636223,False,False
2022-06-23,0.02269200049340725,9341,-0.03473259181980965,-0.0742905156788367,-0.755025627939919,-0.5496954303457217,-1.3192495789866003,-1.8760372622677706,-1.3607753960761102,29.643263720730502,-0.0004657963761020012,0.1957125040729477,117.29895498035678,1.5253202958482224,-0.3221067910494131,-0.42637259170741926,-0.8041403489024928,inf,False,False,False,False,0.0613659992814064,0.019711999222636223,False,False
2022-06-24,0.02411700040102005,2419,0.06090454143405449,-0.0003731236141886195,-0.6023402827080245,-0.4493127386112174,-1.2817374909327957,-1.903240062278361,-1.2978230727017128,33.16869746272312,-0.00021439041440935065,0.1785444949586899,120.44118079438616,1.5478196646538174,-0.2596469516345272,-0.37399610485334955,-0.789775284265902,-0.7410341505192164,False,False,True,False,0.02613000012934208,0.019711999222636223,False,False
2022-06-25,0.024963999167084694,607,0.034517751065098655,0.12848539861577263,-0.4179120275705066,-0.36522271127905986,-1.1237829335697624,-1.7507104588497506,-1.338786777978036,35.245658677789635,5.970132627682208e-05,0.1640403639738396,121.56379053390754,1.5519499047341105,-0.21153577923537178,-0.33579711152958475,-0.7803016330326709,-0.7490698635799917,False,False,False,False,0.02613000012934208,0.019711999222636223,False,False
2022-06-26,0.02371099963784218,433,-0.05149569349613018,-0.03534289001032294,-0.40207133320053406,-0.36894384477536585,-1.209390199523358,-1.7019261046512575,-1.604559098996116,33.582935575752686,0.00019949067515116336,0.16594873493947487,116.94523972408923,1.5530781272962544,-0.21984684509666688,-0.3542246081132509,-0.7892707363884885,-0.28665568369028005,False,False,False,True,0.02613000012934208,0.021599000319838524,False,False
2022-06-27,0.023574000224471092,0,-0.005794640884653578,-0.060409967781829006,-0.21261919859141817,-0.4353854482204995,-1.2590214096167038,-1.6733319169426446,-1.589299259780797,33.39742028778555,0.0003185397386622846,0.15807831761673646,113.25815011321873,1.5309346552860306,-0.19547054352097687,-0.34352035584150775,-0.7885093467384238,-1.0,False,False,False,False,0.02613000012934208,0.021599000319838524,False,False
2022-06-29,0.0216279998421669,11,-0.041568936937380584,-0.08275628880566503,-0.23363024894686263,-0.7460943528613581,-1.1851071930451047,-1.7337630114849305,-2.1405393168923195,30.70832423206501,0.00035881208617156643,0.1578657874964053,85.66542881440952,1.3080698935229935,-0.19054311946499639,-0.3782313164817049,-0.802496798729434,inf,False,True,True,False,0.025558000430464745,0.021599000319838524,False,False
2022-06-30,0.02111000008881092,0,-0.0242418981548466,-0.07226559514070185,-0.14655611081953862,-0.7472468114883772,-1.2093490911999514,-1.8184489405213369,-2.635372514987898,29.98898959451961,0.00035398991098402593,0.1563821295439969,66.34370701141201,1.3080563278158133,-0.1744974005435492,-0.3860666487252414,-0.8055059586631341,-1.0,False,True,False,False,0.025558000430464745,0.021599000319838524,False,True
2022-07-01,0.021469000726938248,555,0.016863201980045907,-0.11630693459471027,-0.11668005820889896,-0.723629382584583,-1.2402484231528212,-1.7451026365016455,-2.411876529142285,31.191985727494412,0.0004027808486319149,0.14759136921833038,52.464460053315996,1.3147586883817326,-0.1325656290223022,-0.369189613261058,-0.8006723260774782,inf,False,False,False,False,0.025558000430464745,0.021599000319838524,False,False
2022-07-02,0.022074999287724495,498,0.02783564617653239,-0.12298903948327655,0.005496359132495928,-0.6933057143279487,-1.2158834905556384,-1.7354986680279705,-2.250144367513982,33.27618765718894,0.0004974625565354373,0.13723123056230294,36.11991342112827,1.3252512322092163,-0.08331934983320222,-0.34578017749606443,-0.7934509658693281,-0.10270270270270265,False,False,False,False,0.025558000430464745,0.021599000319838524,False,False
2022-07-03,0.021532999351620674,1098,-0.024859102210352736,-0.09635244819749916,-0.13169533820782203,-0.6833234199126078,-1.3017581581980424,-1.7416623766573265,-2.202114673043387,32.33287129314651,0.0005415479386704398,0.13370153734167936,32.10695013376747,1.3245963125977853,-0.09144037724565751,-0.356164550854211,-0.796725994716456,1.2048192771084336,False,False,False,True,0.025558000430464745,0.019910000264644623,False,False
2022-07-04,0.023037999868392944,71,0.06755840877819748,-0.022999398534647993,-0.08340936631647693,-0.6029739759141066,-1.190821375851141,-1.4585907746288767,-1.9050923048773818,37.620801236181855,0.000681009984888431,0.12232255322386837,26.395409420494826,1.3613604249001128,-0.016504021571238398,-0.30469163016412104,-0.7806084780624155,-0.9353369763205829,False,False,False,False,0.025558000430464745,0.019910000264644623,False,False
2022-07-05,0.02751999907195568,5451,0.17776795855089475,0.1993552781830907,0.09232404133177734,-0.4516911072147882,-0.9615447691021592,-1.2217856377191378,-1.607095127450934,50.12165761340134,0.001061374387357256,0.11085670841238394,26.821160214203083,1.519590286417576,0.17433193334767222,-0.16436200933138342,-0.7356780979739646,75.77464788732394,False,False,False,False,0.025558000430464745,0.019910000264644623,True,False
2022-07-06,0.027907000854611397,1104,0.01396460469646285,0.2548888198169342,0.1721325310112691,-0.5647166325663672,-0.8773213888808149,-1.2325392546598133,-1.6091511760294368,51.034129158316794,0.001309040133505716,0.10647121779235406,31.189538774614146,1.4354235990036184,0.1821068363412947,-0.14752070531778277,-0.7296761442026037,-0.7974683544303798,True,False,False,False,0.025558000430464745,0.019910000264644623,False,False
2022-07-07,0.028565000742673874,880,0.02330463413679665,0.30243535210857725,0.2301697569678753,-0.46326377289445897,-0.8058098221930408,-1.1661656497202766,-1.6517305109894307,52.62117383316834,0.0014748607837416373,0.10044710073032741,35.82286274450887,1.426241656198832,0.19870921125113247,-0.12422000609260773,-0.720951144443661,-0.2028985507246377,False,False,False,False,0.025558000430464745,0.019910000264644623,False,False
2022-07-08,0.027798999100923538,684,-0.027182201691314935,0.25838994843721624,0.14208301384250588,-0.5366134792039199,-0.5854617832316967,-1.1856176650560264,-1.7157246434049744,50.56648073204287,0.001486451964006326,0.09981739360908914,37.37797770834947,1.4092085572473223,0.1524310401210364,-0.14389016847481517,-0.7261605659464682,-0.22272727272727277,False,False,False,False,0.025558000430464745,0.019910000264644623,False,False
2022-07-09,0.0280349999666214,689,0.008453711900485168,0.2390080141611691,0.1160189746778926,-0.5435843607628736,-0.5886384023393009,-1.1656001244668242,-1.6702240469865088,51.198726836704,0.0014613250060519088,0.0939022839889057,39.67272718058182,1.4073431134188696,0.15391264386201817,-0.13340360326326445,-0.721463841814791,0.007309941520467822,False,False,False,False,0.025558000430464745,0.019910000264644623,False,False
2022-07-10,0.026477999985218048,521,-0.05713952942783908,0.20672758694368276,0.11037513874618361,-0.5089430863928724,-0.4396939006464531,-1.2568012776728008,-1.7816244776036259,46.93381386267037,0.0012967452464970612,0.09663860033424737,40.248473084253796,1.3895977296015902,0.08661572460012444,-0.17696266097921823,-0.7346562641613349,-0.24383164005805513,False,False,False,False,0.025558000430464745,0.019910000264644623,False,False
2022-07-11,0.0249439999461174,11,-0.059680888801914155,0.07948828936357102,0.056488890828923145,-0.41871347112236723,-0.44721038816606445,-1.3675685683009993,-1.898277881939139,43.12248649143467,0.0010518989733641466,0.0998962238298655,40.22809762512679,1.3145630729819802,0.023975828749857656,-0.21653320778620477,-0.7477863693873988,-0.9788867562380038,False,True,True,False,0.029191000387072563,0.019910000264644623,False,False
2022-07-12,0.02390800043940544,1138,-0.04242016081425753,-0.1406998300015812,0.05865544818150955,-0.393797244070522,-0.42722757413115847,-1.454321974689901,-1.954258531768222,40.71761643215431,0.0007989621907875982,0.10083160354037134,40.101053824274665,1.3046646309744778,-0.019386257519885555,-0.2418260184046305,-0.7563198504805055,102.45454545454545,False,True,False,False,0.029191000387072563,0.019910000264644623,False,False
2022-07-13,0.025596000254154205,4789,0.06822294986564341,-0.08644148483240048,0.16844733498453354,-0.13032751871110915,-0.3524897280018774,-1.4003862467776513,-1.9232237907004772,46.00165300986915,0.0007262320742221608,0.09381171741480326,39.56288981487435,1.1570923888035407,0.043633564908364945,-0.18116905118917773,-0.737014551500687,3.2082601054481543,False,False,False,False,0.029191000387072563,0.019910000264644623,False,False
2022-07-14,0.027434000745415688,0,0.06934704802078691,-0.04039907094841017,0.2620362811601672,-0.03983878373797205,-0.34165049374467105,-1.298444215643853,-1.8940405463241925,51.111466836762084,0.000778182100567707,0.088869551215794,40.56881100603089,1.1833108203522058,0.1110616418037507,-0.116512498450547,-0.7158407414450962,-1.0,False,False,False,False,0.029191000387072563,0.019910000264644623,False,False
2022-07-15,0.026458999142050743,12735,-0.036186814575358515,-0.04940368383245375,0.20898626460476252,-0.03202268051690075,-0.3500504202611724,-1.3435457791246064,-1.9573341776108397,48.490132749302596,0.0007242630623992203,0.09650137038240603,40.91723798784297,1.1800726550433351,0.06834040159452046,-0.1426601578111071,-0.723543225962407,inf,True,False,False,True,0.029191000387072563,0.023590000346302986,False,False
2022-07-16,0.0041149999015033245,169435,-1.8609575224590682,-1.9188149181920071,-1.6798069040308379,-1.781664166693798,-2.21605526449268,-3.1774258486003197,-3.8275525158543684,21.40146091544129,-0.0007585563786570077,1.0651846722296725,86.93596900923495,6.594950306467517,-0.8270038068101169,-0.864003899608705,-0.9565765007114411,12.304672163329407,False,False,False,False,0.029191000387072563,0.023590000346302986,False,True
2022-07-17,0.004143000114709139,0,0.006781380589698291,-1.8548940081744698,-1.648166421230787,-1.7618699354735061,-2.12090055749962,-3.133918756120452,-3.8350329627165958,21.46067249284573,-0.0016297934210034604,0.9828980261326473,117.70681196468185,6.597063306270692,-0.8184097324664251,-0.8600922945061902,-0.9558675081996862,-1.0,False,True,False,False,0.029191000387072563,0.023590000346302986,False,False
