Date,Close,Volume,Log_Return_1d,Log_Return_7d,Log_Return_14d,Log_Return_30d,Log_Return_60d,Log_Return_90d,Log_Return_120d,RSI_14,MACD_Hist,ATR_14_Pct,BB_Width,Volatility_30d,Close_to_SMA20,Close_to_SMA50,Close_to_SMA200,Volume_Change_1d,Bullish_FVG,Bearish_FVG,Swing_High,Swing_Low,Last_Swing_High_Price,Last_Swing_Low_Price,Bullish_BOS,Bearish_BOS
2021-07-23,1.8769559860229492,59001009,0.013628706319289191,0.2349303482861252,-0.06969019365647611,0.10091013850363537,-0.2322191163146229,0.7514935712842851,1.2207040684700818,54.93822691820091,0.035055905424023856,0.10292849857846512,54.44984940564051,1.6705282294094819,0.08971282839355398,0.001304178022271457,0.0946882478069011,0.04614192470438927,False,False,False,True,2.342741012573242,1.3377280235290527,False,False
2021-07-24,1.8420369625091553,55593631,-0.01877930408017007,0.23304875994475407,-0.07100136394472127,0.07183683067531689,-0.3544583601496373,0.6244091932156806,1.219347252771201,53.680019932438775,0.041536180444622636,0.10029814001422496,54.18559744505335,1.672087496727194,0.06281699679646033,-0.01396601230074384,0.07407406365404139,-0.05775118184843242,False,False,False,False,2.342741012573242,1.3377280235290527,False,False
2021-07-25,1.8263250589370728,54659360,-0.00856622086837781,0.2075404010979975,-0.0769827984883464,0.2177320945947652,-0.3689529661850537,0.6241854359641267,1.0112534190554694,53.09083932676667,0.04308584965296326,0.0966617710312971,52.90826838357167,1.5744173006687854,0.04504405159458575,-0.01762241430511277,0.0646989309196514,-0.016805360311867412,False,False,False,False,2.342741012573242,1.3377280235290527,False,False
2021-07-26,1.8928040266036987,57209614,0.03575355829409698,0.30889300500578504,0.08595456003384179,0.25408415551376157,-0.20948521755786564,0.31968268764240976,1.0841464384598893,55.32512776579518,0.04661090246214307,0.09434757257287658,52.64935829927846,1.5772376955370528,0.08428111726812515,0.02054802300389302,0.10193048265274587,0.04665722394115113,False,False,False,False,2.342741012573242,1.3377280235290527,False,False
2021-07-27,1.8805220127105713,56739105,-0.006509936931169564,0.2865160513458643,0.14621700695291587,0.14631056118044466,0.023987921052331718,0.005411012847853911,1.0665627691906214,54.80575669539232,0.04605672083140108,0.09180300496078966,47.25834908793757,1.5418343087270545,0.08812497043647005,0.01865414591531338,0.09357703235700063,-0.008224299503226895,False,False,False,False,2.342741012573242,1.3377280235290527,False,False
2021-07-28,1.9163529872894287,57885109,0.01887448930696462,0.08401633384983243,0.1936480155172122,0.12725868796102172,0.11719434827950143,0.03680323403479445,0.667319800854304,56.100514333213695,0.04594029113892188,0.08666739376233602,46.91337076705184,1.538122023542426,0.10992855767020512,0.04466513780339709,0.11095497250761303,0.020197780701687096,False,False,False,False,2.342741012573242,1.3377280235290527,False,False
2021-07-29,2.022408962249756,62056256,0.053865462510677614,0.08826675455131093,0.26564675515662173,0.15449592650969518,0.03786504809648451,-0.3401697661844925,0.5830500390018198,59.77396175175891,0.0504812275672211,0.08155787319156092,47.06541644809162,1.5460252391992482,0.17101639587274264,0.11303927510891679,0.16895740594479491,0.07205906790293848,False,False,False,False,2.342741012573242,1.3377280235290527,False,False
2021-07-30,2.655121088027954,88868521,0.27220090474464737,0.34683895297666933,0.5817693012627945,0.43615401079172533,0.14421783558902299,0.00025577099152165314,0.7883133922288729,73.83865288367281,0.09119817571220692,0.07943820751429306,64.27832075880038,1.8032823113648997,0.5077935480378691,0.46135848368911964,0.5268009374774524,0.4320638518701483,True,False,False,False,2.342741012573242,1.3377280235290527,True,False
2021-07-31,3.529473066329956,119096442,0.2846583256111411,0.6502765826679805,0.8833253426127345,0.7741888660503342,0.5174266714978447,0.4167930489003012,1.0160384333231387,82.79244390318422,0.16766812923544577,0.07537279749745764,103.90890687709549,2.0159819775816357,0.9194630999968886,0.916794067015689,1.013924078338358,0.34014205097438266,True,False,False,False,2.342741012573242,1.3377280235290527,False,False
2021-08-01,3.985153913497925,141139646,0.12142734789930927,0.7802701514356677,0.9878105525336651,0.9638478095899861,0.5684800851894525,0.44389652817776437,0.9611797198639654,85.56522738939546,0.2354379294754863,0.0808807915312574,136.80816775077108,2.0131744581336464,1.042418234767819,1.1251846863183892,1.2549599879512983,0.18508700704929537,True,False,False,False,2.342741012573242,1.3377280235290527,False,False
2021-08-02,3.706521987915039,121359968,-0.07248196735259854,0.6720346257889721,0.9809276307947571,0.8646898227789611,0.41473273150998563,0.5551585741684387,0.8817427875244946,77.3569694248781,0.24680330094082648,0.09236002287051129,148.6328463167243,2.0459977605310495,0.8034109216529712,0.9485168798621505,1.081833377748176,-0.14014260741450346,False,False,False,False,2.342741012573242,1.3377280235290527,False,False
2021-08-03,3.6029629707336426,122089346,-0.028337412984972398,0.6502071497351692,0.9367232010810335,0.7947870177409665,0.5110749282280217,0.18369739080545067,1.0192453431558057,74.49653822037376,0.23282990699888523,0.10046051291049657,153.11723229198017,2.0550270689815107,0.6707583385092662,0.870758274805049,1.0090295653104309,0.0060100378404845944,False,False,False,False,2.342741012573242,1.3377280235290527,False,False
2021-08-04,4.520403861999512,155512976,0.22684478548228346,0.858177445910488,0.9421937797603205,1.078441045012026,0.6851476997820392,0.2636427589481894,1.3628513076705722,81.1474027969221,0.2683343366539508,0.09449157793570358,166.4905403826835,2.146453541865088,0.9611519911830667,1.2988560155430058,1.49536709471757,0.2737636910594967,False,False,False,False,2.342741012573242,1.3377280235290527,False,False
2021-08-05,5.1238532066345215,176781618,0.12530539557377146,0.9296173789735819,1.017884133524893,0.9756662663316322,0.8860583788125422,0.31183388077740903,1.4829099201590992,84.08694639757205,0.3123395115279166,0.08853023768132903,179.8883100567607,2.058813279000797,1.0602811911643697,1.524467805346667,1.795442168933871,0.136764420224329,True,False,False,False,2.342741012573242,1.3377280235290527,False,False
2021-08-06,4.941557884216309,178648623,-0.03622609276499241,0.6211903814639422,0.9680293344406115,0.7958575042916769,0.7600154299655323,-0.05308151851334186,1.3806711118623214,80.0274951524831,0.30850969090120584,0.09882495143024579,182.18549784157375,2.032090254157643,0.856967204293019,1.3677186972714717,1.665832144840282,0.010561081073485745,False,False,False,False,2.342741012573242,1.3377280235290527,False,False
2021-08-07,5.03230619430542,177957279,0.01819772431031629,0.3547297801631174,1.005006362831098,0.9482043820220416,0.6997176293557122,0.06455424430665078,1.4392479921084838,80.531369055379,0.29162043809451166,0.1019351014839399,180.98131752760557,1.9482260274221366,0.7728726401985858,1.3413372559700611,1.6844918225957362,-0.0038698535056718164,False,False,False,False,2.342741012573242,1.3377280235290527,False,False
2021-08-08,4.367837905883789,149411286,-0.14161023867646227,0.09169219358734576,0.8719623450230133,0.7749266264179893,0.41211754876654144,-0.07063980788670514,1.1241466127314959,67.16912454640766,0.21857032778049668,0.12320666168507578,171.42998320607137,2.0397613186372685,0.4620840368275579,0.9864863208925934,1.308867437556857,-0.1604092463113015,False,False,False,False,2.342741012573242,1.3377280235290527,False,False
2021-08-09,4.926313877105713,168644057,0.12032288782748596,0.28449704876743015,0.9565316745564022,0.9127176480374003,0.6156672902245998,0.06649574311392571,1.3366171701249034,71.45602759070704,0.19169636713018223,0.11754612645926568,163.52866490135622,2.059476377945464,0.5574226986417358,1.1810206669061867,1.5748404329977115,0.12872368289501246,False,False,True,False,5.521308898925781,1.3377280235290527,False,False
2021-08-10,4.899200916290283,166172999,-0.005518902612915104,0.30731555913948744,0.9575227088746568,0.9097835317492377,0.7532719635232387,0.21045411834255914,1.4748634719044553,70.97151794277836,0.1573656675358187,0.11665968667604673,157.09772748113016,2.060093608994584,0.4756704405425964,1.1047362434005426,1.5324449081296934,-0.014652505661672977,False,False,False,False,5.521308898925781,1.3377280235290527,False,False
2021-08-11,4.989871978759766,170155854,0.018338140365390204,0.09880891402259422,0.9569863599330823,1.0553054723427193,0.7779566171926092,0.19063326807189884,1.4340891080255014,71.66348658610387,0.12731893344686518,0.11087148143265557,150.31574101873778,1.9810739749032735,0.43515000892398414,1.0803646788715944,1.5514941866074947,0.023968123726286095,False,False,False,False,5.521308898925781,1.3377280235290527,False,False
2021-08-12,4.484137058258057,149542658,-0.10686418306233249,-0.1333606646135098,0.7962567143600722,1.0152136731306305,0.6438626992292356,0.02830597569664975,1.5163391152331116,62.687504255451564,0.06318098326991917,0.1261987717721508,140.82707917252262,2.011740075316084,0.24308732291624274,0.8270509585980721,1.272141500639123,-0.12114303161147777,False,False,False,True,5.521308898925781,3.9558138847351074,False,False
2021-08-13,4.973808765411377,167974698,0.10363982698799479,0.006505255139477294,0.6276956366034195,1.1474100193759567,0.721465551488208,0.27787539783015625,1.521175618439064,66.99768263649469,0.04441805992133285,0.11634881672588399,131.27990793558496,2.0129785839728362,0.32146947414443744,0.9741313155110852,1.495300099396411,0.12325606784386567,False,False,False,False,5.521308898925781,3.9558138847351074,False,False
2021-08-14,5.005580902099609,166117205,0.0063675725869891805,-0.005324896583849665,0.3494048835792677,1.1719108690916777,0.6947776644612584,0.38555581087677726,1.4694203385020006,67.26193570358353,0.02575558918100329,0.10956855866194332,120.22150828763311,2.006144073498711,0.2760193107936548,0.9324894218047297,1.4917133206018602,-0.01105817139197951,False,False,False,False,5.521308898925781,3.9558138847351074,False,False
2021-08-15,4.833902835845947,163598308,-0.03489928846451305,0.10138605362809966,0.1930782472154453,1.18093322198869,0.9034370086607743,0.4550289554548094,1.4760043304566774,64.26746647898658,-0.004908021108627425,0.11335146501651944,107.83930252231544,2.001688607135001,0.18773062217904501,0.8189388168438286,1.3871510659243038,-0.015163372150404308,False,False,False,False,5.521308898925781,3.9558138847351074,False,False
2021-08-16,4.352672100067139,158131371,-0.10486424953539497,-0.1238010837347814,0.16069596503264874,1.092966688192094,0.7419551851782124,0.07055522426721615,1.520146146210939,56.65366218968384,-0.061230017871173326,0.1308981514416122,93.1162950699861,2.055599007159023,0.0379637618293372,0.604907062883429,1.1339188851491866,-0.03341683093690673,False,False,True,False,5.2246928215026855,3.9558138847351074,False,False
2021-08-17,3.7903270721435547,130955542,-0.1383376182984652,-0.2566197994203316,0.050695759719155985,0.9376869319152502,0.6808909402784575,0.4421130262761054,1.4488883727909343,49.30312377873951,-0.13571867108202929,0.15349746321338828,77.67339618691858,2.1436020459489744,-0.11589082293411367,0.3762181012572311,0.8473912136428373,-0.1718560259621097,False,True,False,False,5.2246928215026855,3.9558138847351074,False,True
2021-08-18,5.308128833770752,198155340,0.3367870737082007,0.06182913392247899,0.16063804794507322,1.3400730512371415,1.0297319194927153,0.5184398804266128,1.6830898881479535,63.18650129688074,-0.08462957550868389,0.13002920412748234,61.058853602386655,2.363036303371751,0.19244756205907962,0.8785405923049321,1.5625531461054616,0.5131497069440558,False,False,False,False,5.2246928215026855,3.9558138847351074,True,False
2021-08-19,6.2481489181518555,226093239,0.16304585898706223,0.33173917597187375,0.19837851135836393,1.4872518934954526,1.1752181836077447,1.0362250608907102,1.85314325300384,68.8720370771563,0.005811256429531397,0.11840292150577551,56.60606754303785,2.395993086159317,0.3491692768755337,1.1424935962979748,1.985665094813598,0.1409898870249977,True,False,False,False,5.2246928215026855,3.9558138847351074,False,False
2021-08-20,6.485926151275635,236585696,0.03734937516999998,0.2654487241538791,0.27195397929335646,1.3032270618624562,1.498054507900037,1.1889315593695746,1.9654343352992631,70.12874843978264,0.071347193266039,0.11688510569149363,60.299302213938525,2.3145140083920475,0.35719187662774066,1.152312294355029,2.073314748818644,0.04640765485251852,True,False,False,False,5.2246928215026855,3.9558138847351074,False,False
2021-08-21,6.164277076721191,218227434,-0.050863754708705085,0.20821739685818466,0.20289250027433492,1.2027482653445518,1.4491374524788594,1.3050267093439791,1.966281816553074,66.23329580519894,0.08197382751914817,0.12109877133828252,61.86972142934619,2.337561423523878,0.26113329652360645,0.9844091445360307,1.8980665781003545,-0.07759666924242115,False,False,False,True,5.2246928215026855,3.7750439643859863,False,False
2021-08-22,5.506762981414795,195391008,-0.11279389740253076,0.13032278792016702,0.23170884154826657,1.0763256616227321,1.1772358001263674,0.8441065453081091,1.8278192329070173,59.016524922088074,0.03600635303874378,0.1402099405075564,57.545151681494865,2.396427303828927,0.1062423924108362,0.7288231845542674,1.5736636395934904,-0.1046450740927467,False,False,False,False,5.2246928215026855,3.7750439643859863,False,False
2021-08-23,5.892319202423096,211174354,0.06767270285348417,0.3028597403090462,0.17905865657426484,1.1627776685563864,1.2346144992317032,0.8083193084067491,1.787186861772067,61.65494104417642,0.02346072360701268,0.12990045693739613,52.51817622998958,2.390575742095119,0.15708850799057633,0.8016208696042302,1.7329492857396525,0.08077826181233472,False,False,True,False,7.244275093078613,3.7750439643859863,False,False
2021-08-24,5.614002227783203,202768161,-0.04838579793096705,0.39281156067654444,0.13619176125621293,1.122958091493797,1.3406901860885625,0.7540051253087433,1.747143527457924,58.716407511407134,-0.009899386363616647,0.13347809285954615,51.62547209831161,2.4044917865589643,0.09072297981696456,0.6747739297781634,1.5878939697573706,-0.03980688393629461,False,False,False,False,7.244275093078613,3.7750439643859863,False,False
2021-08-25,6.081715106964111,220992146,0.0800228713934107,0.13604735836175433,0.19787649228423318,1.1672274045931108,1.4213115601068722,0.9577421870352452,1.4869100922355205,61.99458567548082,-0.00692437228986198,0.12476791956916193,53.49282653387439,2.409056727998162,0.1706998010918936,0.7704612730897605,1.781727090930141,0.08987596923562369,False,False,False,False,7.244275093078613,3.7750439643859863,False,False
2021-08-26,5.958621978759766,212760653,-0.020447503433143333,-0.047446004058451265,0.28429317191342246,1.153289838091137,1.2996003992715817,1.1772777591434687,1.158700850938991,60.630058402879584,-0.019019238662802973,0.12284814840601453,54.241311110053715,2.4128514552306055,0.13588581563026775,0.6977667090039689,1.704038924504486,-0.03724789839363796,False,False,False,False,7.244275093078613,3.7750439643859863,False,False
2021-08-27,6.082600116729736,219017375,0.02059301261321819,-0.06420236661523304,0.20124635753864598,1.1550083613973905,1.2822670493584123,1.272202709676892,1.191811595432185,61.54805847574837,-0.024114721570718367,0.12084778827738607,55.27147976956319,2.41268347606867,0.1480269448281959,0.6932136974072075,1.7389586823710095,0.02940732655111744,False,False,False,False,7.244275093078613,3.7750439643859863,False,False
2021-08-28,6.082629203796387,217056846,4.782000549945441e-06,-0.013333829905977968,0.1948835669522068,1.101147680887263,1.2556436073969581,1.1390127289837473,0.7609779147027704,61.54828500962642,-0.03241118942212873,0.11896345975934487,53.37296903509068,2.4156789022080902,0.12975031444273294,0.6557028277144961,1.716781216628517,-0.008951477023227072,False,False,False,True,7.244275093078613,5.260004997253418,False,False
2021-08-29,5.9539690017700195,209089301,-0.02137898104650565,0.0780810864500471,0.20840387437021413,0.8075677950961098,1.243721805887835,0.9517856306851329,0.8078235660876315,59.868166822445794,-0.05041783620017415,0.11674107013097486,53.02820092358298,2.2679940407129386,0.09539978782995827,0.5863407930074223,1.6369792874394642,-0.036707181306780856,False,False,False,False,7.244275093078613,5.260004997253418,False,False
2021-08-30,5.173770904541016,186384628,-0.14045625172006249,-0.13004786812349967,0.17281187218554658,0.3824532177649062,1.1566420838152405,0.8998798892627511,0.7992462666652075,50.81038768697757,-0.11503141074665901,0.1364849644626053,52.32398830562997,2.141138868594429,-0.050537658280017,0.3553488731597899,1.2768251704925615,-0.10858840166097261,False,False,False,False,7.244275093078613,5.260004997253418,False,True
2021-08-31,5.293476104736328,193646248,0.02287333414121934,-0.05878873605131323,0.33402282462523114,0.28389920400681623,1.2477470135968023,0.8523792891962686,0.7277957321845806,52.01007657784061,-0.147778248388584,0.1323693399515834,51.68511284174089,2.105477131400269,-0.03126869101682191,0.3613403166724428,1.3141741893183072,0.038960401820261614,False,True,True,False,6.4983367919921875,5.260004997253418,False,False
2021-09-01,5.426922798156738,198609882,0.02489713075533175,-0.11391447668939224,0.02213288167236214,0.38127830211474634,1.2459681248937076,0.7960110336247321,0.9364368762831853,53.37526042147746,-0.1576212228437064,0.12822991833509828,48.595034670164345,2.0850747999820305,-0.015341676809824463,0.368888535786108,1.356983486955283,0.02563248217440295,False,False,False,False,6.4983367919921875,5.260004997253418,False,False
2021-09-02,5.1056108474731445,185085006,-0.061032168307809054,-0.154499141564058,-0.20194514562250923,0.3485835467919098,1.1433705645328762,0.8596584750199315,0.5322809375973605,49.708555425508955,-0.1812548982064759,0.13410832994105257,48.19687173039494,2.096264323000864,-0.07474669656952317,0.2653290067606812,1.2048556988930492,-0.06809769918699216,False,False,False,False,6.4983367919921875,5.260004997253418,False,True
2021-09-03,5.401677131652832,195983256,0.05636938412378943,-0.11872277005348693,-0.18292513666871998,0.17810814543341555,1.2565491904454418,0.8632558452154547,0.441750904381605,52.918053576191326,-0.17248064819461428,0.12290307208999045,47.321541168332345,1.9555864864070471,-0.024593539311100886,0.3136284622665907,1.318004978857451,0.05888240347248885,False,False,False,True,6.4983367919921875,4.914872169494629,False,False
2021-09-04,5.011268138885498,181425868,-0.07502048068501965,-0.19374803273905644,-0.20708186264503442,-0.022217730825375495,0.9534485355062567,0.8638406479871668,0.28961614995203344,48.52075354074151,-0.18726982924502356,0.13166918654245033,46.637014501000365,1.926300798044207,-0.0965383326010657,0.19813016609498665,1.1394329995047787,-0.07427873328117374,False,False,False,False,6.4983367919921875,4.914872169494629,False,False
2021-09-05,4.81841516494751,172917299,-0.03924393455911608,-0.21161298625166675,-0.13353189980161972,-0.025235572619499196,0.7706219316721777,0.734779857346033,-0.07831709113284102,46.466684058326805,-0.20301844966067162,0.13285605705499307,43.85427753652487,1.927029131942431,-0.13493885895916333,0.13380870456455085,1.0454594527107592,-0.04689832323139276,False,False,False,False,6.4983367919921875,4.914872169494629,False,True
2021-09-06,4.601753234863281,178707670,-0.046007701147674766,-0.11716443567927907,-0.24721230380277864,-0.08944099807749019,0.8587633839445514,0.6102766312782221,-0.024886753770839515,44.20268027649092,-0.21959957122347556,0.14212497968635932,36.337908423322446,1.9320521679011673,-0.17981081617083666,0.06716858562627957,0.9430570463403982,0.0334863604363842,False,False,False,False,6.4983367919921875,4.914872169494629,False,False
2021-09-07,4.078744888305664,156357010,-0.12064805321977579,-0.2606858230402742,-0.31947455909158756,-0.06847881262080362,0.7064478137971856,0.34363873614573776,-0.13911862050750887,39.23331250176377,-0.2548830793607645,0.16571148471575323,43.77328338244703,1.914424624321462,-0.26497586514444704,-0.06577082968698761,0.7137243914058855,-0.12506827490952122,False,True,False,False,6.4983367919921875,4.914872169494629,False,False
2021-09-08,4.778773784637451,182195368,0.15839466750884765,-0.12718828628675816,-0.24110276297615046,-0.03040703293944195,0.8823106150979584,0.5852602572851578,0.03608871017448376,47.70726328848495,-0.22140695157910378,0.14482255639705743,44.35118899844952,1.9493990849702871,-0.12727009863222968,0.07794449812150933,0.9944901662240333,0.16525231583796596,False,False,False,False,6.4983367919921875,4.914872169494629,False,False
2021-09-09,5.161872863769531,198984798,0.07711548855175114,0.010959370572802055,-0.1435397709912559,0.052227358225224306,0.962010889974462,0.8054993217484628,0.2626814765677834,51.67862532051502,-0.16630957933312468,0.14251979795575803,41.706025467093404,1.9682135551145437,-0.045769136587357796,0.14677017632076952,1.1382292449252318,0.09215069616918026,False,False,False,False,6.4983367919921875,4.914872169494629,False,False
2021-09-10,5.640703201293945,218588710,0.08870926708342773,0.04329925353244047,-0.07542351652104647,0.12259848494326173,1.1779039572859813,0.9005551021358709,0.31323175301516065,56.160118256576716,-0.09406032679005427,0.14382070606863326,40.12538322739187,1.9908580081200191,0.04781893862295676,0.23239912440430305,1.316286778880194,0.09851964671190605,True,False,False,True,6.4983367919921875,3.670001983642578,False,False
2021-09-11,5.838072776794434,215921436,0.034391999584871755,0.15271173380233177,-0.04103629893672463,0.263854667590466,1.2790683407210965,0.9077173668197016,0.2921606432871158,57.893582775323864,-0.03259581894594765,0.13345674452011022,40.63547871638322,1.952374594645786,0.08115543447784852,0.25381902563333664,1.374088370652649,-0.012202249603833648,True,False,False,False,6.4983367919921875,3.670001983642578,False,False
2021-09-12,5.614613056182861,208755676,-0.0390280651105446,0.15292760325090324,-0.05868538300076354,0.12118677549192669,1.2685967948678833,0.8426523269801349,0.399062173322083,55.23082979926201,-0.007895101289468798,0.1373259152398662,40.05669724453519,1.9284172855111192,0.04245341647158272,0.1865993467231144,1.2622262977109595,-0.03318688562260208,False,False,False,False,6.4983367919921875,3.670001983642578,False,False
2021-09-13,5.373198986053467,199386015,-0.04394922779044781,0.15498607660813013,0.03782164092885123,0.07086997511448985,1.2427808442061676,0.7656476395757482,0.4564257859912671,52.425456355989084,-0.008659877633914459,0.14114393162888347,39.95714122860073,1.935625972231938,-0.00013425551550000757,0.1188054466087966,1.1459242963813008,-0.04488338319481189,False,False,True,False,6.955504894256592,3.670001983642578,False,False
2021-09-14,5.596192836761475,215209290,0.04066307045730222,0.3162972002852083,0.05561137724493402,0.14643233403630496,1.3273655560249953,1.0498693426970793,0.6014612894911144,54.71364322641233,0.004311324749272816,0.13202156561013706,38.49118195000143,1.9352624404755154,0.04608689280616902,0.14753937121695926,1.2143828218504946,0.07936000426108114,False,False,False,False,6.955504894256592,3.670001983642578,False,False
2021-09-15,5.273004055023193,204291615,-0.05948628639521277,0.09841624638114772,-0.02877203990561039,0.19181029717648712,1.2847769853685813,0.9337654823546995,0.2623655214437034,50.89311047629284,-0.009653925375710387,0.14397691167902266,37.292655655784735,1.909171210691129,-0.007969238633555807,0.06642990269913533,1.0686533205238475,-0.05073050052811379,False,False,False,False,6.955504894256592,3.670001983642578,False,False
2021-09-16,5.752950191497803,226838042,0.08711257044821506,0.10841332827761166,0.1193726988504135,0.4172604859231674,1.3549474178384175,1.098151426201625,0.8593735121992727,55.82614852472457,0.011505856860480196,0.13714284237833188,35.84268652938928,1.8552550248753743,0.08569153307877203,0.14571598690838924,1.2353345121384247,0.11036393735494232,False,False,False,False,6.955504894256592,3.670001983642578,False,False
2021-09-17,5.45717191696167,211365551,-0.05278210837187206,-0.033078047177688294,0.010221206354752124,0.027691303843094657,1.367764355080236,1.0574232233358096,0.5461311842697074,52.33685040194362,0.004040954293772492,0.14676447896690445,33.53331296625147,1.4567640276843492,0.03598669820453157,0.07214309285763125,1.101593606547117,-0.06820941877112485,False,False,False,False,6.955504894256592,3.670001983642578,False,False
2021-09-18,5.71149206161499,215786700,0.045549604655222245,-0.02192044210733778,0.13079129169499404,-0.08980495048874552,1.397446943006707,1.0854132331189994,0.9464201104019646,54.94448958544204,0.014122762202845779,0.13653657607941083,32.39515959842021,1.345593510547651,0.08676799186480971,0.10879216671051774,1.1792403766964705,0.020917074608813646,False,False,False,True,6.955504894256592,4.798570156097412,False,False
2021-09-19,5.693304061889648,215826112,-0.0031895379711282716,0.013918085032078482,0.16684568828298177,-0.13034386362987374,1.1728831982325822,1.3677106442701632,1.058587695739701,54.713946731700254,0.017250981494539686,0.13054430939878472,32.989979935122534,1.3377026039445647,0.0779790221335967,0.09605284008189933,1.1522594172959966,0.0001826433232445801,False,False,False,False,6.955504894256592,4.798570156097412,False,False
2021-09-20,5.107686996459961,197415682,-0.10854409915421573,-0.05067678633168945,0.10430929027644084,-0.18802420807538436,1.0147240572691676,1.2611132444034752,1.1170025012685947,47.76455594198805,-0.020394476101980502,0.1462273309884863,33.17122759805579,1.377486984160434,-0.031198616124644904,-0.020919586019609023,0.9148558300269808,-0.0853021436071646,False,False,True,False,6.353612899780273,4.798570156097412,False,False
2021-09-21,4.646946907043457,182813285,-0.09453623434425207,-0.1858760911332437,0.13042110915196456,-0.16976654501710575,0.9065591166056262,1.0074692551092614,0.6743400002910034,43.12376192596906,-0.0736068073510779,0.16331862355121293,34.85829750575865,1.3610906050805,-0.11202109823191098,-0.11243774004237546,0.7295582499694669,-0.07396776614737222,False,True,False,False,6.353612899780273,4.798570156097412,False,True
2021-09-22,5.38783597946167,204825756,0.14793339143614487,0.021543586698113983,0.1199598330792617,-0.0895058564344451,1.0732718121219413,1.145108642797258,0.718813451972304,51.315226738843485,-0.056933744405315845,0.14080968352852205,34.779871782042335,1.441907924152405,0.026785680005445553,0.022102461386521534,0.9883160733860666,0.12040958073697983,False,False,False,False,6.353612899780273,4.798570156097412,False,False
2021-09-23,5.10400915145874,195018124,-0.05411747722421366,-0.11968646097431478,-0.011273132696703197,-0.09523753572769184,1.0277205557661053,1.2454526503608705,0.6587675895810515,48.437200939353254,-0.06259711111551658,0.14379201836532027,34.846365461618184,1.444316035880077,-0.02453775488421757,-0.03388031047743673,0.868400159319249,-0.04788280630098096,False,False,False,False,6.353612899780273,4.798570156097412,False,False
2021-09-24,4.588893890380859,177314116,-0.10638732649460521,-0.17329167909704798,-0.20636972627473624,-0.28164773361570766,0.885579670977403,1.1396638264911645,0.6760944534195374,43.65211861792622,-0.09658125215286938,0.1615502673359626,36.456597872618765,1.4554827784673758,-0.11943086820923128,-0.12962194209574843,0.6681499751982045,-0.09078134707110608,False,False,False,False,6.353612899780273,4.798570156097412,False,True
2021-09-25,4.849818229675293,184199937,0.05530221328591483,-0.1635390704663553,-0.18545951257369309,-0.2058980168966495,0.9473918211944875,1.0937023823749321,0.9713797422468191,46.533413402888975,-0.09678963850880934,0.14806278301960257,36.34961649291368,1.4721259745235082,-0.06964205526438923,-0.07981204632007088,0.7499755005101478,0.038834026051259185,False,True,False,False,6.353612899780273,4.798570156097412,False,False
2021-09-26,5.263495922088623,203984045,0.08185420412654656,-0.07849532836868045,-0.06457724333660189,-0.14463682538332118,1.0103715360140695,1.137630223975091,1.1275658842935707,50.826534245135484,-0.06584814691736846,0.14031945755602532,34.5036440206279,1.5017175793170288,0.0033467476321807996,-0.002197628259587942,0.8836876467173759,0.10740561762515699,False,False,False,False,6.353612899780273,4.798570156097412,False,False
2021-09-27,4.615696907043457,184061378,-0.13133256429187717,-0.10128379350634194,-0.15196057983803132,-0.2759741716757484,0.8251735092115147,0.9796694357212098,0.8630385573079989,44.764882670937666,-0.08459540183987468,0.16217496120152203,29.942382326080256,1.5649502940392221,-0.12461907157297424,-0.1258225602198521,0.6402285337122886,-0.09766777102591528,False,False,False,True,6.353612899780273,4.279669761657715,False,False
2021-09-28,4.648922920227051,183557387,0.007172697045918554,0.0004251378838286025,-0.18545095324941507,-0.24742249358332416,0.5601453015127855,0.996299312304511,0.7043631371018086,45.12636480460699,-0.08984960202932672,0.1558406275426498,30.665722643667582,1.565322279316196,-0.1172306765042234,-0.1186037136578572,0.6402925448305474,-0.002738168134327479,False,False,False,False,6.353612899780273,4.279669761657715,False,False
2021-09-29,4.597408771514893,182066834,-0.01114272847436286,-0.15865098202667913,-0.13710739532856525,-0.1181089703376246,0.2643442474272816,1.038533113477616,0.7817709189251264,44.63859484579541,-0.09157431680591216,0.15448049888902862,32.7593542706248,1.491082584138891,-0.12230879968526619,-0.12737177122627208,0.6108695914991443,-0.008120365104129501,False,False,True,False,5.526618003845215,4.279669761657715,False,False
2021-09-30,4.930074214935303,196399049,0.0698612074448866,-0.03467229735757874,-0.1543587583318935,-0.07112109703395737,0.21277810697285887,1.1766259165628452,0.7812581921623112,48.50921088885282,-0.06627024565675826,0.14101169754633192,32.565992396724155,1.5105961559532661,-0.05237159221093122,-0.06401650170434456,0.714438163874507,0.07871952669864068,False,False,False,False,5.526618003845215,4.279669761657715,False,False
2021-10-01,5.366024017333984,206114569,0.08473318614833997,0.15644821528536654,-0.016843463811681354,-0.011285041640948935,0.36999326047379744,1.2346830832527587,0.7847259919837832,53.13353886090412,-0.018609126552742286,0.12843169037163976,30.89351821922179,1.5383539954038308,0.03612458728777388,0.015349401043744623,0.8506803865847914,0.049468263973111215,False,False,False,True,5.526618003845215,4.319005012512207,False,False
2021-10-02,5.150601863861084,196316821,-0.040973653212646274,0.060172348786805406,-0.10336672167954992,0.008773473454213919,0.35735702024612354,1.15214403798709,0.8684319484741454,50.70999326629228,-0.0009601400747244332,0.12972572218655504,30.048191720295627,1.5299678747807581,-0.0009959062510580714,-0.026064002217129963,0.7626472657463658,-0.04753544617217231,True,False,False,False,5.526618003845215,4.319005012512207,False,False
2021-10-03,4.790284156799316,184081816,-0.07252384203049651,-0.09420569737023775,-0.17270102573891813,-0.1201197527000721,0.0579883927333437,1.1364294377453699,0.7431360925153828,46.859961561901756,-0.01229207330396001,0.13617918970763088,30.565933981249266,1.5365505363536878,-0.06560043741186866,-0.09345896479448462,0.6279792776164158,-0.062322754299286465,False,False,False,False,5.526618003845215,4.319005012512207,False,False
2021-10-04,4.314839839935303,170666281,-0.10452952578796264,-0.06740265886632314,-0.1686864523726651,-0.14962879780301502,-0.1718465286283906,0.8038197377032417,0.7142118501841516,42.29669417859848,-0.048513742046314895,0.15092784921789199,32.70009864048104,1.557027334693987,-0.14768984706802452,-0.18182740304227843,0.45725444935637,-0.07287811089390817,False,True,False,False,5.526618003845215,4.319005012512207,False,True
2021-10-05,4.419338226318359,168193412,0.02392975552971975,-0.050645600382521735,-0.050220462498693094,-0.08645510771417922,-0.1116906803336783,0.6841668239579985,0.648324749631854,43.596781381699216,-0.061315853984270086,0.14030860408316792,34.54360523418531,1.555125300457718,-0.11962564694832382,-0.16222440501711874,0.4829930572481907,-0.014489499539747985,False,True,True,False,5.474310874938965,4.319005012512207,False,False
2021-10-06,4.213109970092773,166389029,-0.04778887710966695,-0.08729174901782578,-0.24594273104450495,-0.08823628367617131,-0.17767728175366154,0.7705271002683801,0.5220403476020508,41.6045670303206,-0.07845803075020158,0.1457562659711531,35.05742761507848,1.5557592720862388,-0.14763510017937997,-0.20259736278915405,0.4052930592062746,-0.01072802423438557,False,False,False,False,5.474310874938965,4.319005012512207,False,True
2021-10-07,4.214917182922363,162817009,0.00042885786305087967,-0.1567240985996616,-0.19139639595724042,0.03284062740665532,-0.0356381852141484,0.7392884412038409,0.37647936355239303,41.629739109301916,-0.08396669548828561,0.13844844966981665,36.38275376481842,1.4966625897742671,-0.13641754202200468,-0.19894039017016776,0.3973730808632474,-0.021467881755593443,False,False,False,False,5.474310874938965,4.319005012512207,False,False
2021-10-08,3.9490110874176025,152628797,-0.0651647531285089,-0.3066220378765106,-0.15017382259114417,-0.1907187932307014,-0.2211258261701433,0.6915918218672569,0.3945414640544565,38.96807739679945,-0.09878838778475066,0.14728449911094985,37.15797740076513,1.4010225160052066,-0.1760209465806234,-0.24285998008161241,0.3018508889540905,-0.06257461712737888,False,False,False,False,5.474310874938965,4.319005012512207,False,False
2021-10-09,3.968266010284424,153330492,0.004864036105250093,-0.2607843485586143,-0.20061199977180885,-0.2629702456772024,-0.21074288745197808,0.6990406442972597,0.5425290760712604,39.27086940306075,-0.10024685900667887,0.14100283204637057,36.47574503738555,1.3691463868930709,-0.15682889562234054,-0.23175145039869297,0.3009272235385728,0.004597395863638942,False,True,False,False,5.474310874938965,4.319005012512207,False,False
2021-10-10,3.858293056488037,149249856,-0.028104353731268916,-0.21636486025938664,-0.3105705576296245,-0.3797838664918991,-0.25718538154863746,0.7981200907940821,0.5207712356439718,38.10799647284282,-0.10127160499547003,0.14320982540151264,39.301584964850896,1.3243707693096085,-0.1691677575684498,-0.2463125655134264,0.25809783876054415,-0.026613336634959683,False,False,False,False,5.474310874938965,4.319005012512207,False,False
2021-10-11,3.8744699954986572,151099515,0.004184005769008018,-0.10765132870241603,-0.17505398756873916,-0.4099918603077629,-0.14613719271729692,0.8690764804133335,0.4977255065119387,38.396970596931304,-0.09368937161002483,0.13970500728560137,42.221839050866514,1.3150216662907357,-0.15868695586168316,-0.23829504750351294,0.25656962425649027,0.012393037082729208,False,False,False,False,5.474310874938965,4.319005012512207,False,False
2021-10-12,3.522455930709839,139648330,-0.09525042418227969,-0.22683150841441563,-0.27747710879693743,-0.4662142193794981,-0.34502744388757134,0.8023825754883853,0.37643810760063673,34.61013807967697,-0.10439347617266881,0.15411812554092086,44.82031966209302,1.34299419900113,-0.21931325119396636,-0.3009860852142306,0.13691347266736076,-0.07578571645316001,False,False,False,False,5.474310874938965,4.319005012512207,False,False
2021-10-13,3.7485170364379883,144627147,0.06220185090548582,-0.11684078039926289,-0.20413252941708868,-0.3600631406835645,-0.28919316556907465,0.8827177035226031,0.4055844988921836,38.785408483756164,-0.0888686355048538,0.14288795561226753,46.125143205011135,1.3655832505709005,-0.15654144439395468,-0.25057670519224556,0.20388527052056546,0.0356525351932242,False,False,False,False,5.474310874938965,4.319005012512207,False,False
2021-10-14,4.164813995361328,165249944,0.10531131082596294,-0.011958327436350766,-0.1686824260360125,-0.29541490031490375,-0.14898256627859888,1.0319506557100915,0.7544544423821754,45.66574918430154,-0.04537488058521716,0.13220975007156782,46.55819260743231,1.4146984525096036,-0.05837732817889513,-0.16091706954512955,0.33005637093660345,0.14259284945999795,False,False,False,False,5.474310874938965,4.319005012512207,False,False
2021-10-15,4.066014766693115,156927956,-0.024008268695718576,0.029198156996439448,-0.2774238808800711,-0.25993688261540954,-0.06812658543892246,1.0248401027531717,0.67382859973929,44.39054290103726,-0.019399583365589168,0.129895340360763,46.594364717355106,1.4044054579599854,-0.07249669509581805,-0.17452699922442885,0.2914542456100025,-0.05036000496314841,True,False,False,True,5.474310874938965,3.3109068870544434,False,False
2021-10-16,3.7330451011657715,144635273,-0.08543906534137996,-0.0611049444501905,-0.3218892930088048,-0.4324885184050045,-0.015228032481837172,0.922458899433413,0.6656629077966204,40.3055568170521,-0.02066617868668852,0.14046077809429516,45.24723451388485,1.3851331766865116,-0.13332237157931115,-0.23482595785021484,0.18054048234375256,-0.07833328944907691,False,False,False,False,5.474310874938965,3.3109068870544434,False,False
2021-10-17,3.5792629718780518,137832382,-0.042067376166980266,-0.07506796688590188,-0.29143282714528856,-0.42177378620011285,-0.39408248235701815,0.9459905688801233,0.635649437135697,38.54149202812667,-0.02745863511985297,0.14532783688291356,47.60139936210578,1.3818982788522716,-0.1589056978013811,-0.25874001732177826,0.12753964165373882,-0.04703479904241614,False,True,True,False,4.409780979156494,3.3109068870544434,False,False
2021-10-18,3.439276933670044,133530499,-0.03989564984966688,-0.11914762250457676,-0.2267989512069928,-0.5072190407050019,-0.5970239911937474,0.8902279023017051,0.5781941924139974,36.95588084418518,-0.0364155043678398,0.14734016673811767,50.30827833386417,1.3675745445145435,-0.18014877150061445,-0.28023399181972386,0.07964521374263302,-0.03121097479110535,False,True,False,False,4.409780979156494,3.3109068870544434,False,False
2021-10-19,3.454685926437378,135264661,0.004470293426437974,-0.019426904895859052,-0.24625841331027473,-0.4995592093074358,-0.6299030729373096,0.6733239889251467,0.8681514349627274,37.261847510608824,-0.03625950560373564,0.14385935215390538,52.451981110911916,1.3688020310553999,-0.1651042672773915,-0.271769354524111,0.08078944226740677,0.012987010555543632,False,False,False,False,4.409780979156494,3.3109068870544434,False,False
2021-10-20,3.830461025238037,149711600,0.10325361905584116,0.021624863254496366,-0.09521591714476661,-0.2877614910973788,-0.4757856991727632,0.7269625661717887,0.9733517533060962,44.35434545475049,-0.007319549674303316,0.1360710550513193,50.407885927807946,1.3890556097591817,-0.06182477909627829,-0.1875466766581475,0.19404193603618528,0.10680497694811808,False,False,False,False,4.409780979156494,3.3109068870544434,False,False
2021-10-21,3.508939027786255,137642717,-0.08767144757459158,-0.1713578951460582,-0.18331622258240907,-0.2808967043277184,-0.45066324934482405,0.625662412277908,0.7265725507815433,40.16991998645607,-0.006338636277762433,0.1462525391995953,43.72793947863538,1.3839690073642503,-0.12057331717202226,-0.2496374354411682,0.09046081835957322,-0.08061421426262227,False,False,False,False,4.409780979156494,3.3109068870544434,False,False
2021-10-22,3.49739408493042,136655371,-0.0032955764788988274,-0.15064520292923841,-0.12144704593279895,-0.43212567224276194,-0.5216315286772071,0.6411461398791792,0.7129829705544962,40.023909197908125,-0.0031368716896572613,0.1436942556042315,36.6562317424146,1.2628649406868122,-0.10492370843994223,-0.24692651051144374,0.08317498408789996,-0.007173252762803228,False,False,False,True,4.409780979156494,3.1280879974365234,False,False
2021-10-23,3.6466469764709473,140497297,0.041789964786188315,-0.02341617280167028,-0.08452111725186078,-0.33621823023235997,-0.4314557659600519,0.6915023255337452,0.9092344201285104,42.91284587443946,0.01155792931313021,0.13243012230506424,31.057840503778923,1.2691978019770533,-0.05286520634159364,-0.20880892631798548,0.12506232047663016,0.028113977313046767,False,False,True,False,4.1055378913879395,3.1280879974365234,False,False
2021-10-24,3.4842569828033447,135300739,-0.04555329168530655,-0.026902088319996565,-0.10197005520589841,-0.2753841954230615,-0.5570319290387692,0.6101954755543416,0.8642796310681032,40.620269251997165,0.012771353394737839,0.13575375863977346,30.35614891859802,1.2288760073691074,-0.08517482070008459,-0.23899921801540047,0.07112634755663577,-0.03698688950578177,False,False,False,False,4.1055378913879395,3.1280879974365234,False,False
2021-10-25,3.302712917327881,6735515,-0.05351059022417813,-0.04051702869450782,-0.15966465119908457,-0.38419699893315434,-0.5900950158298041,0.563194822261333,0.7095053834417777,38.165477165808404,0.0042198252912375445,0.14171260538939806,29.10799359195506,1.215554100065486,-0.11994013201461533,-0.27384264192063823,0.012110957900421307,-0.9502181950388312,False,False,False,False,4.1055378913879395,3.1280879974365234,False,False
2021-10-26,3.5455820560455322,5394564,0.07095811031379212,0.025970788192846466,0.006543883296987338,-0.39509309274590887,-0.5397299181292301,0.6152784432681605,0.7425371312291822,43.117950144760385,0.017071540920140293,0.13187670923977257,27.42244178302346,1.2054263174535549,-0.046745901496668144,-0.21680632986338375,0.0826355195097347,-0.1990866325737527,False,False,False,False,4.1055378913879395,3.1280879974365234,False,False
2021-10-27,3.1426260471343994,3774117,-0.1206435660679614,-0.19792639693095623,-0.17630153367645984,-0.38440409452199303,-0.6603782661977413,0.44076941468952147,0.5952653411992168,37.719957562403565,0.001410725249715139,0.14985295019259495,28.1399750822812,1.1927484613637578,-0.14272609691759616,-0.3029336099631232,-0.04292441230024164,-0.30038516551105887,False,False,False,False,4.1055378913879395,3.1280879974365234,False,False
2021-10-28,3.569758892059326,3741576,0.12743928513025246,0.01718433577388778,-0.1541735593721705,-0.2641375064376592,-0.5115600000209835,0.29600779507512653,0.7321618058668518,45.507507833195476,0.02167088926080457,0.13299728614650794,27.442790303263653,1.2880738806216279,-0.02114553311754216,-0.2039214888283333,0.08340348444213874,-0.008622149233847298,False,False,False,False,4.1055378913879395,3.1280879974365234,False,False
2021-10-29,3.5599000453948975,3346564,-0.002765588939017537,0.01771432331376901,-0.1329308796154694,-0.25576036690231385,-0.3738693372399384,0.008583880524967743,0.7827727465753022,45.366502645587055,0.03544637495029562,0.13187447552940357,26.425488102531467,1.2882139125154146,-0.018352807478980753,-0.2004069820701274,0.07642752821513908,-0.10557369407971395,False,False,False,False,4.1055378913879395,3.1280879974365234,False,False
2021-10-30,3.4389169216156006,3789594,-0.03457589389090846,-0.05865153536332763,-0.08206770816499794,-0.36019746823810894,-0.4313185652720663,-0.1474193612652501,0.8164284483247362,43.58189987876419,0.03726277495667679,0.1327422964551518,26.260384780940864,1.259414611836043,-0.04619901987752625,-0.21986488506950494,0.03632040175875292,0.1323835432401712,False,False,False,False,4.1055378913879395,3.1280879974365234,False,False
2021-10-31,3.2351748943328857,3681512,-0.06107358378791244,-0.07417182746593351,-0.10107391578593013,-0.5060042381743614,-0.5172892798153105,-0.136010977700564,0.7286788450783972,40.679717488306984,0.02612182376977157,0.13892928713976346,27.014440230424686,1.220540463870749,-0.09468172305864973,-0.2573139329621875,-0.02837266645474517,-0.0285207333556049,False,False,False,True,4.1055378913879395,3.051987886428833,False,False
2021-11-01,3.185288906097412,3486288,-0.015539996393474418,-0.0362012336352298,-0.07671826232973761,-0.48057058135518965,-0.47179710790097584,-0.12321356110906596,0.6715734566319004,39.97774597530162,0.017202679007249533,0.13898642923266244,28.753990011558272,1.2174380660075594,-0.10441663671181693,-0.26051802188008777,-0.04636051819779493,-0.05302821232145927,False,True,False,False,4.1055378913879395,3.051987886428833,False,False
2021-11-02,3.031445026397705,4385346,-0.04950358102176334,-0.15666292497078535,-0.13069213677793892,-0.4575503203464564,-0.5776700730465286,-0.3995619276131128,0.6788791173989134,37.810820436878664,0.0034701176207678763,0.1423930802786245,31.32725653194468,1.206590151318435,-0.13899219901918472,-0.28849752958858055,-0.09496645018236968,0.2578840302350236,False,False,True,False,3.6685988903045654,3.051987886428833,False,True
2021-11-03,2.816894054412842,3651749,-0.0734045334195732,-0.1094238923223972,-0.30735028925335334,-0.4264253279780671,-0.5760541257810822,-0.5982718566064575,0.37739440972517463,34.964474781414026,-0.016441610401166762,0.15386027174178704,31.83252357536961,1.1822427958961899,-0.18431618412761927,-0.3301146044582366,-0.16116418030207463,-0.1672837217405423,False,False,False,False,3.6685988903045654,3.051987886428833,False,False
2021-11-04,2.740190029144287,5482090,-0.02760760712245562,-0.2644707845751052,-0.2472864488012173,-0.47796269063024255,-0.5644177983444216,-0.5896533709639209,0.20620413332775606,33.9796415743855,-0.030347970814639302,0.1595402670231045,32.94089459315145,1.1749591602802336,-0.19099776510580108,-0.3404097862204,-0.18617268892980787,0.501223112541415,False,False,False,False,3.6685988903045654,3.051987886428833,False,False
2021-11-05,3.143886089324951,14154883,0.1374323710824396,-0.12427282455364808,-0.10655850123987909,-0.292741442438136,-0.3809777261143074,-0.4704187241917977,0.4777856578302439,43.06850003384756,-0.009034108446961453,0.14698606687217491,32.38797673839092,1.2842891384129376,-0.0636689192369642,-0.2336099726936936,-0.06939091659401317,1.582023097030512,False,False,False,False,3.6685988903045654,3.051987886428833,False,False
2021-11-06,3.9309539794921875,6577030,0.22342249651735951,0.13372556585461995,0.07507403049129235,-0.06974780378382739,-0.036907176377172085,-0.10538598899797569,0.6695406374200136,55.83454885151431,0.05772428446984568,0.12451148481947379,35.07203626551034,1.520388857430303,0.16464099378966224,-0.034561402290203734,0.15853668464488732,-0.5353525705581601,False,False,False,False,3.6685988903045654,3.051987886428833,True,False
2021-11-07,4.067110061645508,5825721,0.03405054938255193,0.22884969902508429,0.1546778715591509,0.02946749872723347,-0.16125129450346792,-0.1916583274429098,0.7210593205944905,57.60556398134439,0.10779560719876596,0.11909181159322357,39.00052001260881,1.5081131431462766,0.19387685001369767,0.007012215655435327,0.19323542857674061,-0.11423225984981067,True,False,False,False,3.6685988903045654,3.051987886428833,False,False
2021-11-08,4.162507057189941,16338452,0.023184862046364448,0.26757455746492315,0.2313733238296934,0.04778832466834783,-0.21518192100885464,-0.16295456278363038,0.7468289689656074,58.85060981164665,0.14193613845946637,0.12501860349404645,43.09567866032368,1.510059345340662,0.20931669151688354,0.038504771740989596,0.21542217720203513,1.8045373267961167,False,False,False,True,3.6685988903045654,2.5274291038513184,False,False
2021-11-09,4.096864223480225,24547250,-0.015895693184017904,0.3011824453026685,0.14451952033188323,0.059996985215598826,-0.31978688127630034,-0.19718839633303856,0.8581170760096809,57.597137675398685,0.15370116834049163,0.12607967537959505,45.01992009463456,1.5076359203259007,0.18565741870232114,0.027309076695172175,0.19063331781562007,0.5024220164798967,False,False,False,False,3.6685988903045654,2.5274291038513184,False,False
2021-11-10,4.278822898864746,47956756,0.04345609059592519,0.418043069318167,0.30861917699576985,0.09926907004251605,-0.3107227902652468,-0.04686812267478083,0.9683455504558496,60.13202150851692,0.16627595895000447,0.1278630019988008,49.045674128803135,1.5145592845142284,0.224673942478467,0.07492061472358597,0.23741239104923753,0.9536508570206439,False,False,False,False,3.6685988903045654,2.5274291038513184,False,False
2021-11-11,4.24256706237793,40542554,-0.008509422858489466,0.4371412535821331,0.17267046900702795,0.18601007136630632,-0.2802041480131918,-0.15901737252126497,0.9883926468546916,59.37042855377623,0.1643941836904986,0.14284882010752178,51.931053893338905,1.4731698276694063,0.2014841684688249,0.0719809261134091,0.2211779636003819,-0.15460182502753106,False,False,False,False,3.6685988903045654,2.5274291038513184,False,False
2021-11-12,4.366583824157715,12997766,0.028812444512548288,0.3285213270122421,0.20424850245859397,0.15262066497336882,-0.20744247571019567,-0.13657250059570583,1.035338368495972,61.18152956750712,0.1634034939803091,0.14050040341447714,55.28884351080004,1.4617539315755599,0.22412639269192514,0.10744351592606899,0.25077568594330196,-0.679404361155935,False,False,False,False,3.6685988903045654,2.5274291038513184,False,False
2021-11-13,5.50731897354126,9549036,0.2320969602819467,0.3371957907768292,0.47092135663144913,0.2794063144293527,-0.016008585885551117,0.13042374815075383,1.311356970139444,73.07189769324884,0.2275354156623051,0.12039275072318352,70.7312406495258,1.6285465004870945,0.5013456469825645,0.3902775709742004,0.5682491413245347,-0.2653325194498809,False,False,False,True,3.6685988903045654,3.437122106552124,False,False
2021-11-14,5.253738880157471,36474907,-0.0471379392925151,0.2560073021017621,0.48485700112684643,0.2562766438325561,-0.003660238782853523,0.18815005839363372,1.2811167465857278,68.07972402209212,0.2396224865659935,0.12651200705618573,77.3459368040304,1.6364820789351693,0.3951165269744899,0.3235641701073005,0.48886820569882666,2.8197475640473026,True,False,False,False,3.6685988903045654,3.437122106552124,False,False
2021-11-15,4.2651591300964355,10700656,-0.2084604998430731,0.024361940212324733,0.2919364976772478,0.13325520933086304,-0.29923330907414153,0.11802717684902579,1.055714108764276,52.90509632037081,0.17100311993498565,0.16457402719194025,77.24338946151799,1.7757377347715673,0.12188320423438245,0.079945526583234,0.20458524152536747,-0.7066296563826743,False,False,False,False,3.6685988903045654,3.437122106552124,False,False
2021-11-16,3.7846601009368896,5756372,-0.1195234096833283,-0.07926577628698574,0.22191666901568288,0.05579917581451494,-0.3659746103855978,-0.3382833065425033,1.0017897446946382,47.377482137551574,0.08743043632569353,0.45341116643681184,74.96336033845567,1.8212411281797716,-0.012839958748017627,-0.037667765043536805,0.06745940571723347,-0.46205428900807577,False,False,False,False,3.6685988903045654,3.437122106552124,False,False
2021-11-17,3.7958528995513916,5655422,0.0029530473063417106,-0.11976881957656925,0.2982742497415977,0.09864787297052344,-0.4085711677344784,-0.498376118223224,0.9888757752722287,47.51504648381506,0.030045673617446284,0.4513626252272569,74.48600165440257,1.8149984986863155,-0.012831311552115835,-0.03061634056013494,0.06889575484911342,-0.017537087596145584,False,False,False,False,3.6685988903045654,3.437122106552124,False,False
2021-11-18,3.808126926422119,4985834,0.003228319330579883,-0.10803107738750001,0.3291101761946333,0.09740589887466541,-0.4021533104327703,-0.5324971740626441,0.770729887799812,47.67658029809287,-0.00791628223579463,0.4254681585334382,73.94489578336625,1.8149934883914711,-0.012825624953178941,-0.0235453921591723,0.07011965938411413,-0.11839753072361359,False,False,False,False,3.6685988903045654,3.437122106552124,False,False
2021-11-19,4.965581893920898,12006452,0.2653930419162277,0.12854952001617928,0.4570708470284214,0.25954532173505185,-0.028216169362326952,-0.21624037743771135,0.9865078879068405,60.13629303753603,0.04138644450828005,0.3207411699273171,75.77236339083774,2.0055485139978213,0.2622425625934427,0.2730097152712149,0.39066840905745626,1.4081130659384167,False,False,True,False,18.619754791259766,3.437122106552124,False,False
2021-11-20,4.766180038452148,5261908,-0.04098533625726107,-0.14453277652302846,0.19266301425380067,0.3062314330523825,0.025334728724664204,-0.14443181629244164,0.9318938453302903,57.59190621311382,0.05611469264620006,0.3157618585810056,74.61713381054511,1.9838206267966563,0.18842936294675766,0.22565936284919222,0.3299096064661403,-0.5617433026842568,True,False,False,False,18.619754791259766,3.437122106552124,False,False
2021-11-21,4.303886890411377,2722790,-0.10202661114574195,-0.19942144837625536,0.056585853725506875,0.20750039838553916,-0.2246252738572228,-0.314131130291668,0.8486465382647184,52.08930554393048,0.03149524344274546,0.33240834081777654,71.39710678195979,2.0218067242146436,0.05839795020892322,0.11161802789661776,0.19873230393794913,-0.4825470152651852,False,False,False,True,18.619754791259766,3.6564910411834717,False,False
2021-11-22,3.7558488845825195,4377469,-0.13620421494037632,-0.12716516347355858,-0.10280322326123383,0.029506218658974716,-0.3067120115733854,-0.4019495473010771,0.72100854419272,46.42628216977224,-0.022039808492806484,0.3648350936250023,67.32153133477487,2.0777186119121276,-0.084528033095406,-0.024719076687875905,0.04567881342951613,0.6077145134218944,False,True,False,False,18.619754791259766,3.6564910411834717,False,False
2021-11-23,3.650377035140991,4737489,-0.02848386790639479,-0.036125621696625,-0.11539139798361082,0.046575642437886484,-0.22880855298517497,-0.5104562866008827,0.6567711179922282,45.40323155930573,-0.06259843278042829,0.35273164882598135,61.24202100262829,2.0737559386310016,-0.11918358139695742,-0.048824606874421445,0.01645667935563679,0.0822438719725942,False,True,False,False,18.619754791259766,3.6564910411834717,False,True
2021-11-24,3.608599901199341,4662147,-0.011510601445664232,-0.05058927044863096,-0.17035809002520028,0.08857563121640027,-0.29562136771675407,-0.5015193846134036,0.6517704534777333,44.98042324937,-0.08869001107700106,0.3373516671560373,53.735944069687505,2.064875467672245,-0.1382924045665143,-0.05572079356894933,0.007070396440641361,-0.015903361464269405,False,True,False,False,18.619754791259766,3.6564910411834717,False,False
2021-11-25,3.8615970611572266,4806050,0.06776098620824426,0.013943396429033448,-0.09408768095846659,0.08537850711085235,-0.3097145856350565,-0.4543514110183776,0.7006569503790129,48.13056402345203,-0.08533221230548506,0.3013999566229482,48.848716679254345,2.0635799028632875,-0.08571322511986527,0.012344506022305595,0.0789645397682728,0.03086625110705432,False,False,False,False,18.619754791259766,3.6564910411834717,False,False
2021-11-26,3.6279759407043457,4295456,-0.06240594364907223,-0.3138555891362665,-0.18530606912008732,0.1436161295297415,-0.2407879649922515,-0.516762136668,0.5843855442192631,45.53778356172554,-0.09455248833104381,0.30921039640819126,50.22848193340133,2.0294317883482393,-0.13793429002539784,-0.04596493290967525,0.01519146779577911,-0.10623984353055005,False,False,False,False,18.619754791259766,3.6564910411834717,False,True
2021-11-27,3.4285171031951904,2040366,-0.05654706440631313,-0.3294173172853186,-0.4739500938083472,-0.04037022000682401,-0.3045077264444831,-0.5519302200278074,0.2556375750683025,43.388728314838964,-0.10877745452150835,0.31090318328630945,53.123434125835104,1.9905774229249915,-0.17910077026818536,-0.09594105352619636,-0.039034037245695936,-0.5249943195786431,False,False,False,False,18.619754791259766,3.6564910411834717,False,False
2021-11-28,3.829055070877075,13222762,0.11049021870035257,-0.11690048743922407,-0.31632193581547946,0.07288558763254602,-0.1828747792697678,-0.3009837496073924,0.08146946815751382,48.63135453688866,-0.08685524708940415,0.27923934469029627,53.83239094152255,2.0284010349058033,-0.07952436136218548,0.0104178307125976,0.07344236658202283,5.480583385529851,False,False,False,False,18.619754791259766,3.6564910411834717,False,False
2021-11-29,4.232036113739014,9153504,0.10006517304574349,0.11936890054689564,-0.007796262926662853,0.20752665456919797,-0.15267081366891094,-0.22379191070286833,0.060107293303948005,53.315636574814114,-0.04307201782847032,0.24848156990001968,53.74646722815093,2.0517189084062744,0.01569898725224504,0.11455873734063562,0.1862346487398364,-0.3077464451073081,False,False,False,False,18.619754791259766,3.6564910411834717,False,False
2021-11-30,4.217350959777832,14851150,-0.0034760317215633487,0.14437673673172713,0.10825111503510208,0.26512420663554703,-0.24088003153881438,-0.2521650731797633,0.12911322893498317,53.12551707503791,-0.014438223925466837,0.23932768079244734,53.74234909542736,2.0374824797732076,0.01292171722847434,0.10868888687154449,0.18235312014220093,0.6224551821903392,True,False,False,False,18.619754791259766,3.6564910411834717,False,False
2021-12-01,3.802316904067993,5506007,-0.10359660375964705,0.052290734417744233,0.0017014639691133285,0.17706759926937438,-0.3035029820858152,-0.2947295086316013,0.053854038160308544,47.924161968840416,-0.02231725739166461,0.2550642729488875,54.52021256377046,2.073574163552834,-0.08190708475352827,-0.0018870444443657584,0.06594388142119036,-0.6292538288280706,False,False,False,True,18.619754791259766,2.7572789192199707,False,False
2021-12-02,3.436352014541626,3516278,-0.10120014472082701,-0.11667039651132691,-0.10272700008229348,0.1253710355703108,-0.33217928477614556,-0.4522990374762176,-0.27419089204280206,43.84755290253159,-0.04948644663285687,0.27008644653028413,56.857678305707225,2.0986487974397754,-0.16084745719884533,-0.096472519005333,-0.036694413310767,-0.3613742227352781,False,True,False,False,18.619754791259766,2.7572789192199707,False,False
2021-12-03,3.2019729614257812,7719523,-0.07064327754765683,-0.12490773040991139,-0.43876331954617803,0.12813229144222726,-0.29829303653583983,-0.4479218343388549,-0.4701395651642305,41.41762288752764,-0.07881178771324822,0.2807677448782457,51.80672408238286,2.097385730431886,-0.19543552976951287,-0.15381386986932213,-0.10256748505803971,1.1953676586435997,False,True,True,False,4.676240921020508,2.7572789192199707,False,False
2021-12-04,3.101128101348877,9364390,-0.03200122130694903,-0.10036188731054731,-0.4297792045958659,0.12373867725773388,-0.35422401337250875,-0.44067912108668794,-0.46591469370618693,40.380710607564176,-0.09924981191187841,0.2807748404410319,47.513288548181634,2.0982820306872743,-0.1991154570865666,-0.1762632580519793,-0.1296669573014591,0.21307883919770698,False,True,False,False,4.676240921020508,2.7572789192199707,False,False
2021-12-05,4.084169864654541,12428549,0.2753525431989025,0.06450043718800272,-0.05240005025122134,0.26165884937419687,-0.031082593063939214,-0.11931887674011057,-0.2087598748176008,52.78879679474697,-0.043648720519222445,0.21627795295461463,46.99486877910536,2.2576618782597735,0.05723168288133782,0.08283721064982887,0.14357923179157775,0.32721394559602923,False,False,False,False,4.676240921020508,2.7572789192199707,False,False
2021-12-06,3.717750072479248,13570749,-0.09399982607193687,-0.1295645619296776,-0.010195661382781914,-0.05576347321509951,-0.1255112769989269,-0.09267064959227152,-0.1611494622130753,48.718694825169834,-0.029322485302919976,0.24014904502208181,47.11971087590897,2.1464842090933303,-0.03678589394698762,-0.015035083042893556,0.04016946521694241,0.09190131527018952,False,False,False,False,4.676240921020508,2.7572789192199707,False,False
2021-12-07,3.545854091644287,5564350,-0.04733960658510938,-0.17342813679322364,-0.029051400061496518,-0.13715362918276075,-0.10768613045552732,-0.2984049236862287,-0.3288119566256707,46.89213049155874,-0.02913664816215039,0.23925917360019894,47.791981544719256,2.148120166199751,-0.07833675007638753,-0.06110668795991228,-0.00976549674141224,-0.5899747316820907,False,False,False,True,4.676240921020508,2.699049949645996,False,False
2021-12-08,3.674501895904541,7151424,0.03563852545224007,-0.03419300758133638,0.018097726836407875,-0.12469996577688505,-0.07691164110853727,-0.3398818867857398,-0.2876545285605154,48.44985467104575,-0.01857706992549696,0.2191964477757783,48.03016040099575,2.150583320893106,-0.04323615886133969,-0.02817380988164343,0.023732390008997913,0.285221813868646,False,False,False,False,4.676240921020508,2.699049949645996,False,False
2021-12-09,3.2297511100769043,12880037,-0.12901250638736975,-0.062005369247879166,-0.17867576575920607,-0.23781677898023684,-0.17781979376463808,-0.5576036602565373,-0.4350051753132754,43.679918867561476,-0.03861959983838292,0.2485364168330739,42.69064743868664,2.194108504654786,-0.1395959882968533,-0.14307789689482758,-0.10212608279438136,0.8010450785745609,False,False,True,False,4.118994235992432,2.699049949645996,False,False
2021-12-10,3.216749906539917,14460506,-0.004033574533110418,0.004604333766667316,-0.12030339664324426,-0.28530644410927253,-0.1860373740667565,-0.5960292343745196,-0.3321745667840534,43.544957508454615,-0.04915100416528642,0.24083119510210604,37.32340728318965,2.1863499480348527,-0.12500094888113306,-0.14520204687384552,-0.10679471883609912,0.12270686800045683,False,True,False,False,4.118994235992432,2.699049949645996,False,False
2021-12-11,2.979001998901367,7020653,-0.07678315930040876,-0.04017760422679256,-0.1405394915373398,-0.3535801805511919,-0.1675701091848856,-0.6337843285643837,-0.5125975530724568,41.04731539807476,-0.06739973014464581,0.2495831412228595,38.045141634695675,2.198890320225025,-0.1748020563694155,-0.2061926069190836,-0.17321654352774235,-0.5144946518468994,False,False,False,False,4.118994235992432,2.699049949645996,False,False
2021-12-12,3.0654990673065186,2984964,0.028622039237273595,-0.28690810818842155,-0.2224076710004188,-0.35377058582646675,-0.20114992085309782,-0.5612130615366624,-0.4903430864221726,42.343042161042916,-0.06868272096168349,0.2290271356368717,40.408634508846085,2.198846173498027,-0.14264433436918642,-0.18060616568882848,-0.14971096705967454,-0.5748310021874034,False,False,False,False,4.118994235992432,2.699049949645996,False,False
2021-12-13,2.510516881942749,6296038,-0.1997217229615613,-0.392630005078046,-0.5221945670077235,-0.7855892690699747,-0.5061829546406221,-0.8015978549555258,-0.6551655209192208,36.76025919398143,-0.10004582671008952,0.27700749811442577,48.71893058609627,2.1101075605276183,-0.2864879876985499,-0.3254389124883243,-0.30381898499834875,1.1092508988383107,False,False,False,False,4.118994235992432,2.699049949645996,False,True
2021-12-14,2.606998920440674,6312897,0.03771105984696862,-0.30757933864596804,-0.48100747543919165,-0.700740269930491,-0.4444636260979348,-0.7044005087133445,-0.5125902115368572,38.28368321393241,-0.10681551041650228,0.25833979282142905,54.372441194798895,2.120234990536568,-0.2483687782495715,-0.2968860358431067,-0.27783600491042904,0.0026777157317030564,False,True,False,False,4.118994235992432,2.699049949645996,False,False
2021-12-15,3.0063068866729736,13599503,0.14251265664368234,-0.2007052074545258,-0.23489821503586228,-0.34976711344373557,-0.2165119041128726,-0.6490004225178772,-0.23173993659470968,44.26758885961077,-0.07824653822827213,0.22331664672064325,55.18998422439727,2.0877647091682134,-0.12242303615649537,-0.18682628195689238,-0.16872275444948595,1.1542412302941107,False,False,False,False,4.118994235992432,2.699049949645996,False,False
2021-12-16,3.4313430786132812,9964027,0.13223937514917045,0.06054667408201451,-0.0014586951658647773,-0.09800432861123674,-0.042205152796721754,-0.46397893899683457,-0.4362876351537401,49.842330068641616,-0.02720535893177989,0.19597132847877238,55.08297559683123,2.1086371753033784,0.004533099870751707,-0.07330595867003312,-0.05313832039211266,-0.2673241808910223,True,False,False,True,4.118994235992432,2.4948060512542725,False,False
2021-12-17,3.1639199256896973,4970807,-0.08114001099498776,-0.016559762379862945,-0.01195542861319569,-0.18209738691256616,-0.08344951394204263,-0.5906685546470445,-0.6804735051357902,46.678647378841255,-0.008883829700938567,0.20573290542611455,55.669587217289696,2.125846349226122,-0.07015424845949332,-0.14365106149252913,-0.12797357206580232,-0.5011246958684475,False,False,False,False,4.118994235992432,2.4948060512542725,False,False
2021-12-18,3.030787944793701,5012569,-0.04298910814749082,0.01723428877305496,-0.022943315453737574,-0.22831481439063692,-0.1309089155159715,-0.6304681248234071,-0.760811988453281,45.14244740064781,-0.0034403911684222355,0.20399812484009036,55.85463293019104,2.129411588602546,-0.09870817101465613,-0.17732836915359407,-0.16573265584271046,0.00840145272186188,False,False,False,False,4.118994235992432,2.4948060512542725,False,False
2021-12-19,2.856734037399292,4760554,-0.05914360615089163,-0.0705313566151101,-0.3574394648035317,-0.5528514624577562,-0.2933061407227042,-0.581067631820083,-0.7690918398954674,43.14336993634771,-0.008957744838924087,0.20578538890778272,53.03947715992463,1.8935598852135564,-0.13273311672888718,-0.22211471635008534,-0.2142918605581989,-0.05027661464610267,False,True,True,False,3.692876100540161,2.4948060512542725,False,False
2021-12-20,2.814487934112549,7971942,-0.01489868848251733,0.11429167786393389,-0.27833832721411217,-0.5267648146830123,-0.22053338163063,-0.5014300859583483,-0.671196630975454,42.64968720568298,-0.012623799276502812,0.20269877650149948,48.80369067725052,1.8918341044432225,-0.1269676574839196,-0.23185842841344986,-0.22630081249688389,0.6745828321661722,False,True,False,False,3.692876100540161,2.4948060512542725,False,False
2021-12-21,2.9364309310913086,5515972,0.04241453600874399,0.1189951540257092,-0.18858418462025875,-0.3823236675285264,-0.1748232691429871,-0.6069489413857491,-0.6964547978201943,44.61959057980473,-0.004430377593673984,0.18738905889898874,47.096424243464476,1.8776989321789885,-0.0767429528817156,-0.19748712349368125,-0.19363801216417392,-0.30807675218911523,False,False,False,False,3.692876100540161,2.4948060512542725,False,False
2021-12-22,3.008392095565796,6937878,0.024210873635382515,0.0006933710174095372,-0.20001183643711634,-0.2219085789527675,-0.19240236029379285,-0.528620590526153,-0.6238581262538447,45.80266767142721,0.007587195204553032,0.17940561944541883,47.03362879823311,1.8276492954401353,-0.047710449045176184,-0.17771686097897396,-0.174704280293354,0.2577797711808545,False,False,False,False,3.692876100540161,2.4948060512542725,False,False
2021-12-23,3.036756992340088,4755770,0.009384418656965543,-0.12216158547479547,-0.06161491139278103,-0.1840402923894072,-0.13746464995152063,-0.41284884537458205,-0.6944965789902898,46.28972709483017,0.018572186103213956,0.16925209996191037,47.25739349291987,1.8269231574683593,-0.036211481518953946,-0.1709603143359788,-0.16797776879130166,-0.3145209529484375,False,False,False,True,3.692876100540161,2.5149059295654297,False,False
2021-12-24,2.8483240604400635,4000875,-0.064059394825543,-0.10508096930535064,-0.12164073168521355,-0.2365890857692859,-0.1480134545528855,-0.5322104534860399,-0.7381084703826895,43.49340175725118,0.014456262581284185,0.17278394801461355,48.177072007896534,1.8380305021309231,-0.09237414498472633,-0.22286165110036707,-0.22017939601016306,-0.15873244500890493,False,False,False,False,3.692876100540161,2.5149059295654297,False,False
2021-12-25,2.856658935546875,3185949,0.0029219652513791557,-0.05916989590648056,-0.041935607133425576,-0.3014281067261509,-0.21604959961529846,-0.6111426923612074,-0.7557795177445285,43.65553844061609,0.013615454977194408,0.16293368891169727,40.76396626233864,1.8182513351439946,-0.07156027669120094,-0.21936403366033932,-0.21827946569255444,-0.2036869434811135,False,False,True,False,3.0674309730529785,2.5149059295654297,False,False
2021-12-26,2.687351942062378,3505967,-0.06109643698436083,-0.061122726739949805,-0.13165408335505988,-0.30011860006143926,-0.1565024705316978,-0.5409065650536908,-0.8168807367294393,41.07718036287835,0.003503781679124268,0.16650304224343868,38.025430481230146,1.8177824044848025,-0.11171269980486877,-0.26060487772285007,-0.2644035146399211,0.10044668009437685,False,False,False,False,3.0674309730529785,2.5149059295654297,False,False
2021-12-27,2.877458095550537,5220471,0.06835099809990984,0.022126959842477416,0.13641863770641127,-0.1752205375552163,-0.21559075756204032,-0.47972826399969953,-0.7271507575830237,45.00484393923703,0.011040301551575676,0.15230671225051226,35.15443941847323,1.829698397851898,-0.038250138314554975,-0.20308234038108913,-0.21259926358153816,0.48902456868532984,False,False,False,False,3.0674309730529785,2.5149059295654297,False,False
2021-12-28,2.9700798988342285,9696436,0.0316815557066621,0.011393979540395522,0.13038913356610482,-0.2540292005489067,-0.18114361291636052,-0.4369039798186745,-0.555012950156299,46.863278430001344,0.022996903606478047,0.14864665691449014,28.579411379102755,1.7867801438310893,0.004532914561105018,-0.1719614378743427,-0.1879908784092833,0.8573871974386986,False,False,False,False,3.0674309730529785,2.5149059295654297,False,False
2021-12-29,2.6533501148223877,3920025,-0.112765818567158,-0.12558271266214485,-0.12488934164473536,-0.46686019216180813,-0.25933353759261,-0.619531005830719,-0.6906521028646764,41.67674728097762,0.010920866128684953,0.16335439811477598,28.87408838466305,1.778267666115818,-0.09375707979569771,-0.25426126535987337,-0.2749417414839034,-0.5957251715991319,False,False,False,False,3.0674309730529785,2.5149059295654297,False,False
2021-12-30,2.983912944793701,5675270,0.11741247206921053,-0.017554659249899907,-0.13971624472469543,-0.34597168837103415,-0.08084748173548716,-0.5868517199098485,-0.5981367615507975,48.12909739665871,0.025698493188550275,0.14543777818895637,27.60940301315221,1.8376120970638545,0.023214096258994444,-0.15520563610333724,-0.18531134683410627,0.4477637259966454,False,False,False,True,3.0674309730529785,2.5810658931732178,False,False
2021-12-31,3.1009960174560547,6513364,0.03848784792097886,0.08499258349662193,-0.020088385808728838,-0.2038872366904083,-0.026819637421033826,-0.5073902187762234,-0.49861674532200967,50.2293627411383,0.04285045786127001,0.14113388321044953,28.04809061891456,1.814706896530091,0.06114353233052939,-0.11634561562416981,-0.1541337979137833,0.14767473617995264,False,False,False,False,3.0674309730529785,2.5810658931732178,True,False
2022-01-01,3.703047037124634,7530903,0.1774326484477396,0.25950326669298224,0.20033337078650165,0.07474555647815821,0.20011659204846904,-0.25743372829798744,-0.3775534809980594,59.3450198892714,0.09144333356390513,0.12190391373418294,35.93235652612369,1.8909255760935366,0.2534886416857744,0.05921933637559743,0.008432721718460153,0.15622326650253227,True,False,False,False,3.0674309730529785,2.5810658931732178,False,False
2022-01-02,3.665898084640503,5401422,-0.010082655409450577,0.3105170482678924,0.24939432152794275,0.13530617861636457,0.2634384700585918,-0.16298685791947534,-0.3126156557224902,58.631438865251546,0.11619477755879351,0.12032991474418393,38.16161006794602,1.8731607010116158,0.21711307628983115,0.05975715633214042,-0.003999308611528279,-0.28276569224168735,True,False,False,False,3.0674309730529785,2.5810658931732178,False,False
2022-01-03,3.3306760787963867,8732342,-0.09589803882765424,0.14626801134032832,0.16839497118280583,0.07140936109565921,0.19514803835339314,-0.2828146522768494,-0.3692697599910285,52.49713548120972,0.10541820513624355,0.132372881255654,36.68310263206136,1.901875772441889,0.09268928038613204,-0.026324700027634707,-0.09662079619496448,0.6166746460469112,False,False,False,False,3.0674309730529785,2.5810658931732178,False,False
2022-01-04,3.305219888687134,4291350,-0.007672306831085363,0.10691414880258068,0.1183081283429763,-0.21161548893432874,0.050043360439868116,-0.24269808199826792,-0.3309343656744392,52.05177079691248,0.09246654732648682,0.1271978806806047,37.19674574389475,1.6269450826731082,0.07904713340326791,-0.028312868220795945,-0.1052079827009714,-0.5085682626722591,False,True,False,False,3.0674309730529785,2.5810658931732178,False,False
2022-01-05,3.2713301181793213,8628011,-0.01030633704738708,0.2093736303223515,0.08379091766020674,-0.12792199990977896,-0.18368547312487843,-0.25343327690870576,-0.22059264950205054,51.42627393668656,0.07808157407435211,0.12958461233344273,36.2034654589839,1.5965581764350814,0.07078004837833769,-0.03536447907466031,-0.11602884042871259,1.0105586819998367,False,False,True,False,3.7431418895721436,2.5810658931732178,False,False
2022-01-06,2.893528938293457,13730595,-0.12271982305236588,-0.030758664799224816,-0.04831332404912467,-0.20330221637703536,-0.3404558455597962,-0.3109883468325627,-0.5017071400632641,44.94252148354001,0.041426724130445784,0.16246598986158833,36.49023846677687,1.6431272281374505,-0.04867292630862507,-0.14220410657430888,-0.219134852237363,0.5913974843101151,False,False,False,False,3.7431418895721436,2.5810658931732178,False,False
2022-01-07,2.706878900527954,6719877,-0.06668056916341124,-0.13592708188361483,-0.050934498386992995,-0.30562131099268675,-0.4303212767695717,-0.382532952101224,-0.6455031977784264,42.11730704609396,0.00483945416081219,0.1692371223461016,37.93486412214494,1.6486348206816932,-0.105275109073398,-0.19226309325750754,-0.27074211298670103,-0.5105909831292818,False,True,False,False,3.7431418895721436,2.5810658931732178,False,False
2022-01-08,2.662040948867798,7151906,-0.01670317135672511,-0.3300629016880795,-0.07055963499509736,-0.19331197596204208,-0.4311287549422789,-0.3711317697266802,-0.7509156362185794,41.44332101163052,-0.020748406899384904,0.1699068543430115,39.21484310672058,1.5923345976088732,-0.11725535276468932,-0.19457007620977937,-0.2839935686502695,0.06429120652059561,False,False,False,False,3.7431418895721436,2.5810658931732178,False,False
2022-01-09,2.963649034500122,6918204,0.1073281884101432,-0.21265205786848582,0.09786499039940665,-0.08195021301878846,-0.36725665712806105,-0.267987587085545,-0.677979447393308,47.52626954435609,-0.015944027035208433,0.15334992183856966,38.680730895176374,1.641088037429038,-0.019665256534934304,-0.09342675484877012,-0.20422612793692466,-0.03267688361675891,False,False,True,False,3.7375190258026123,2.5810658931732178,False,False
2022-01-10,2.712630033493042,7789169,-0.08850263467747263,-0.20525665371830412,-0.05898864237797585,-0.09366968839585228,-0.4472498689470442,-0.26123979758073784,-0.7274540169602359,43.47811818018824,-0.02757326285545747,0.17068381197050814,39.7933316611222,1.648237462641046,-0.09936521114534458,-0.1620552866790814,-0.27260250983545714,0.1258946686163056,False,False,False,False,3.7375190258026123,2.5810658931732178,False,False
2022-01-11,2.934659957885742,3890841,0.07867293261569225,-0.11891141427152635,-0.011997265468945655,-0.043618795017433376,-0.3973893808439003,-0.24476871587053126,-0.6048318565540958,47.719906295055814,-0.018641424522548355,0.1539465145695315,39.90510009869348,1.6694789997866797,-0.02445379145785531,-0.08884652173457507,-0.2146081008634116,-0.500480603258191,False,False,False,False,3.7375190258026123,2.5810658931732178,False,False
2022-01-12,2.9510419368743896,5204612,0.005566717983938956,-0.1030383592402002,0.10633527108215142,0.1616696459280668,-0.6239196231419077,-0.3445133087125552,-0.6399282090274591,48.029809596671306,-0.010372008836544211,0.14813733030084328,39.9851880189085,1.5084212109588135,-0.017608464387279307,-0.07976403372771945,-0.21178794935234435,0.33765733423699396,False,False,False,False,3.7375190258026123,2.5810658931732178,False,False
2022-01-13,2.646312952041626,3636510,-0.10899097459685715,-0.08930951078469149,-0.12006817558391632,0.014967611484241137,-0.6857726584462498,-0.42949601461369374,-0.6894328972291034,42.931796030707105,-0.02342019489832267,0.16289789151799647,41.23517623396259,1.5549337376639325,-0.11607954815087385,-0.16980658015812022,-0.2941430607221372,-0.3012908551108132,False,False,False,True,3.7375190258026123,2.3898000717163086,False,False
2022-01-14,2.6073598861694336,5176647,-0.014829160816489247,-0.03745810243776962,-0.17338518432138436,-0.14237420597593053,-0.492141319419666,-0.3588861100888031,-0.7913746284938076,42.313520798858285,-0.032131255661924804,0.1586294918375489,42.77015911996882,1.4685204645523,-0.1254494112565895,-0.17553871279781907,-0.30538536855167814,0.42352062829471104,False,False,False,False,3.7375190258026123,2.3898000717163086,False,False
2022-01-15,2.513401985168457,5119198,-0.03670096348632208,-0.05745589456736655,-0.38751879625544616,-0.31131454461142305,-0.4093188732226598,-0.3535196974081449,-0.7752934836082577,40.787683670794905,-0.0411042885585933,0.15739862337605123,44.25644822919712,1.386092019213305,-0.15449784022027158,-0.19960698974032984,-0.3311116702369136,-0.011097724067335446,False,False,False,False,3.7375190258026123,2.3898000717163086,False,False
2022-01-16,2.511075019836426,4812289,-0.0009262518252468197,-0.16571033480275646,-0.3783623926712424,-0.23110078544168203,-0.41319817235424827,-0.3145502993837247,-0.8217693400887266,40.748493075718706,-0.043829782065359896,0.14993374235491902,46.51702021476791,1.3625901454575955,-0.1500427489951679,-0.19564803083800775,-0.3324366798488405,-0.05995255506819619,False,True,False,False,3.7375190258026123,2.3898000717163086,False,False
2022-01-17,2.1732089519500732,4906520,-0.1445061012723278,-0.22171380139761163,-0.4269704551159158,-0.332617778566519,-0.5609325929571558,-0.46352669408249036,-0.9630859033899262,35.42600877492529,-0.06380998874950997,0.17239721450607878,52.61121642366001,1.439516620738097,-0.2543486727047435,-0.2964101533104312,-0.4226764541315447,0.01958132605917884,False,False,False,False,3.7375190258026123,2.3898000717163086,False,True
2022-01-18,2.282304048538208,5361377,0.048980625376434245,-0.2514061086368698,-0.3703175229083961,-0.22449354703919316,-0.7773450094969492,-0.5177996877618973,-0.8055611788592761,38.23153901433501,-0.06488826671801368,0.15993490646132644,55.79563326090794,1.4434851951396952,-0.2119003295006643,-0.25164210452020186,-0.39430808116016547,0.0927046053007019,False,True,False,False,3.7375190258026123,2.3898000717163086,False,False
2022-01-19,2.2060511112213135,5195879,-0.03398139056377993,-0.2909542171845887,-0.393992576424789,-0.2435762491204557,-0.7703410638034681,-0.4641096307510858,-0.7450063350788041,37.02083073147879,-0.06574324187750125,0.15937996585494435,60.23067770873032,1.446251057205296,-0.22786121798498202,-0.26697659061007056,-0.41504514706220963,-0.030868562311510694,False,False,False,False,3.7375190258026123,2.3898000717163086,False,False
2022-01-20,2.13407301902771,6307317,-0.03317172047694013,-0.2151349630646717,-0.30444447384936324,-0.3191625056061399,-0.7014861731346662,-0.493985774749127,-0.926111446991889,35.86622981833989,-0.0659907831760721,0.16145017799028463,64.6222169774493,1.43701208928484,-0.2401971440729408,-0.28294376952847367,-0.43451068577723995,0.21390759869504272,False,False,False,False,3.7375190258026123,2.3898000717163086,False,False
2022-01-21,1.9403610229492188,4277011,-0.0951583192050474,-0.2954641214532298,-0.3329222238909994,-0.43853169844656986,-0.6604402773993374,-0.6309340587403626,-0.9671522889727228,32.892989888858736,-0.07346298718457253,0.17462454232957497,65.06605458574755,1.4607019223836903,-0.2867853955805536,-0.34141079125279805,-0.48611501563723136,-0.32189693335533953,False,False,False,False,3.7375190258026123,2.3898000717163086,False,False
2022-01-22,1.7066819667816162,4478620,-0.1283229348113354,-0.3870860927782431,-0.44454198734560957,-0.5762390519148706,-0.7602793443042779,-0.7137037018663914,-0.9890878972894528,29.695010437728072,-0.08745493193004283,0.20108494049185874,66.99878462548303,1.510353859363613,-0.3492464882232645,-0.41478492710462983,-0.5478680130997362,0.047137825925628984,False,True,False,False,3.7375190258026123,2.3898000717163086,False,False
2022-01-23,1.652891993522644,5425669,-0.03202463822178929,-0.41818447917478563,-0.5838948139775421,-0.5442042953111169,-0.7807933810804029,-0.6922177498640026,-1.076414748797157,28.996168193967748,-0.09312041449921526,0.2078832820623555,71.83766261817873,1.5024934900107607,-0.3489308897111223,-0.4275437368878812,-0.56178322684936,0.21146000330458925,False,True,False,False,3.7375190258026123,2.3898000717163086,False,False
2022-01-24,1.6740399599075317,6492697,0.012713365662445802,-0.26096501224001206,-0.4826788136376237,-0.5344128949000505,-0.8358410016262013,-0.7504624945153489,-1.1455555872612577,29.696692791295916,-0.08827543342827332,0.20196607939234623,74.46415588024328,1.5046077127530124,-0.3187138816764971,-0.41037607113986097,-0.5560142137540017,0.19666293686548153,False,False,False,False,3.7375190258026123,2.3898000717163086,False,False
2022-01-25,1.6770009994506836,5254867,0.0017672361213752596,-0.30817840149507114,-0.5595845101319409,-0.4715492217943144,-0.7716678218557538,-0.6280516923260123,-1.0124557868480053,29.801124416709925,-0.07805612889691083,0.19505541627890582,75.27569243579855,1.4978094964862898,-0.29462482730467465,-0.4007180499652305,-0.5550309676677292,-0.19064958675878452,False,False,False,False,3.7375190258026123,2.3898000717163086,False,False
2022-01-26,1.6664400100708008,4634498,-0.006317458255802623,-0.2805144691870937,-0.5714686863716825,-0.5462176781500271,-0.7214382157052432,-0.7618084357120672,-1.0259459421497266,29.632055742893115,-0.06568905395769381,0.19102421822292318,78.83588792142649,1.4673962071732887,-0.28049899483493623,-0.39638410593418544,-0.5576505862643119,-0.11805608020145897,False,False,False,False,3.7375190258026123,2.3898000717163086,False,False
2022-01-27,1.778709053993225,7657833,0.06519823005651698,-0.1821445186536367,-0.39727948171830846,-0.5127010038001721,-0.7667302043490788,-0.6938446167165326,-0.9496049836188466,33.92363131756581,-0.04463565622649884,0.1801133782976035,81.34066195434993,1.4862739440997776,-0.21632301874727036,-0.3467464711756168,-0.527727791584588,0.6523543650250794,False,False,False,True,3.7375190258026123,1.4136849641799927,False,False
2022-01-28,1.6645309925079346,8808575,-0.06634445304698934,-0.15333065249557853,-0.44879477394880835,-0.4662796382800034,-0.9331398304418116,-0.7256131758726135,-1.0858106441107225,31.79955430591977,-0.03359108510547604,0.1964416021574041,84.73984848742465,1.45719866137297,-0.2501508702991176,-0.38156976147209026,-0.5580012008547949,0.15026992623108915,False,False,False,False,3.7375190258026123,1.4136849641799927,False,False
2022-01-29,1.664654016494751,5017353,7.390636839937444e-05,-0.024933811315843896,-0.41201990409408695,-0.5836182039808147,-0.9295898923518489,-0.6644656857163019,-1.1704699238906633,31.80450898351515,-0.022027838144582035,0.18762872367891867,83.98015478952411,1.3777640749900795,-0.22749265638723853,-0.37430786196046184,-0.5579919714724394,-0.430401285111383,False,False,False,False,3.7375190258026123,1.4136849641799927,False,False
2022-01-30,1.8191490173339844,7255432,0.08875151491061568,0.09584234181656114,-0.3223421373582245,-0.5333545369911776,-0.737241773681586,-0.5601741744122116,-1.0407447557674012,37.90537532918,-0.0008437949081860907,0.1688315250577213,83.2245267339228,1.4150206550972089,-0.13792471663078837,-0.31022375256081014,-0.5171235856010281,0.4460676775184047,False,False,True,False,1.9241399765014648,1.4136849641799927,False,False
2022-01-31,1.9704920053482056,7482256,0.07991444162655177,0.163043417780667,-0.09792159445934498,-0.6308727438123656,-0.5561271873342074,-0.43075615176389653,-0.888306472110353,43.26032338898697,0.02506064358093596,0.15124899699544203,76.96932405031767,1.2801514983557964,-0.044373171837453956,-0.24658186273596158,-0.477242301101631,0.03126264569773385,True,False,False,True,1.9241399765014648,1.3855619430541992,True,False
2022-02-01,2.093571901321411,6063996,0.06058839044226342,0.22186457210155522,-0.08631382939351599,-0.5602016979606517,-0.42489551934428715,-0.29676322790206006,-0.723188555880127,47.24484050334899,0.05070497811227015,0.14132314049415515,67.50789281354646,1.311116432508747,0.03687575366485319,-0.1969618409142223,-0.44503881874550816,-0.18954978284624313,True,False,False,False,1.9241399765014648,1.3855619430541992,False,False
2022-02-02,2.052694082260132,6326509,-0.019718534086349195,0.20846349627100857,-0.07205097291608516,-0.48402219321934653,-0.4126128321236873,-0.28887415486595347,-0.766836845496196,46.08725010465409,0.0642630008904641,0.14080199580410468,62.175937321782996,1.2812281746449052,0.03179774373463121,-0.2092790720755263,-0.45630240325994237,0.043290430930363444,False,False,False,False,1.9241399765014648,1.3855619430541992,False,False
2022-02-03,1.9400689601898193,5999465,-0.0564295978983903,0.08683566831610133,-0.09530885033753522,-0.5327794842866516,-0.7443949732209801,-0.48273612384678316,-0.7754775662849193,42.963794077058274,0.06480961001360319,0.1481897459302491,56.2053929122308,1.2884423447154503,-0.00818020094151857,-0.24647366980376656,-0.48644360889430166,-0.05169422820705705,False,False,False,False,1.9241399765014648,1.3855619430541992,False,False
2022-02-04,2.031022071838379,7535672,0.04581563107947663,0.19899575244256734,0.045665099946988766,-0.4766575161597876,-0.6045795160695665,-0.6603429892846662,-0.7300907930684934,46.13847592517172,0.07001643604646873,0.14233394192930005,50.59394242527241,1.3072619240708456,0.05128031771340028,-0.2024720090623835,-0.46282326665957507,0.25605733177875023,False,False,True,False,2.140177011489868,1.3855619430541992,False,False
2022-02-05,2.034759998321533,6235328,0.001838724984165065,0.2007605710583332,0.17582675974248932,-0.35209896812325664,-0.5554011845002921,-0.6925548136830528,-0.6630873149558193,46.270836163270246,0.07214579434313179,0.14016124196651011,43.42155582436228,1.250093860061427,0.06636046295082045,-0.19385548299446367,-0.4622774561861041,-0.17255846592049118,False,False,False,False,2.140177011489868,1.3855619430541992,False,False
2022-02-06,2.0544559955596924,5391633,0.009633215550954775,0.1216422716986722,0.21748461351523332,-0.27578518340889074,-0.5814064944015774,-0.7061064601784626,-0.6583181355101149,47.009771769996924,0.07308860293841143,0.13408542155334438,42.28057665039581,1.2361405236746426,0.08004341048517022,-0.17970624450092493,-0.45728220644947454,-0.13530884020856637,False,False,False,False,2.140177011489868,1.3855619430541992,False,False
2022-02-07,2.1980950832366943,5529683,0.0675800234775054,0.10930785354962576,0.27235127133029285,-0.19150198857466025,-0.3848139645367023,-0.6226307435169393,-0.5626337583013405,52.17544356788128,0.08098145635141679,0.12509252861145898,40.8458236802478,1.2643327149333368,0.15811904632953397,-0.11771424839315729,-0.41960328153054555,0.025604487545795473,False,False,False,True,2.140177011489868,1.7890019416809082,True,False
2022-02-08,2.092535972595215,6267147,-0.049214399587044655,-0.0004949364796822954,0.221369635621873,-0.34804457657184823,-0.4299947895906367,-0.7153012336999093,-0.6160321636573932,48.43839667879737,0.07672888682905296,0.1322922621481532,39.36368635459757,1.2035787119264494,0.105809522581989,-0.15518803071046589,-0.4476328822759369,0.13336460697656638,False,False,False,False,2.140177011489868,1.7890019416809082,False,False
2022-02-09,1.9948769807815552,6104936,-0.047794329766235655,-0.028570732159568693,0.17989276411143992,-0.3073362716606112,-0.4010059600564635,-0.7545861406076554,-0.5685760692413491,45.21200311028328,0.06541601470187464,0.13692430727704696,38.09081073780635,1.1789661885961407,0.05809281213804533,-0.188445615706731,-0.47351814997519914,-0.02588275015728847,False,False,False,False,2.140177011489868,1.7890019416809082,False,False
2022-02-10,1.7449159622192383,5083482,-0.13387598936387776,-0.10601712362505619,-0.019181455308954765,-0.5198851936401814,-0.5635039886576146,-0.9172745744840815,-0.7646539095107125,38.19872332874417,0.040402265261732045,0.1560832850626389,38.725889341146555,1.2099065969272595,-0.06966561499242255,-0.28276126679049335,-0.539437623350207,-0.1673160865240848,False,True,False,False,2.140177011489868,1.7890019416809082,False,True
2022-02-11,1.6768759489059448,4612752,-0.039773887232858435,-0.19160664193739133,0.0073891105051760424,-0.5652257988569788,-0.4035561529289119,-1.1891454219988866,-0.909739107569534,36.53729871852175,0.019630022050122403,0.1574399968446637,39.07603215756938,1.2094435261498742,-0.10523144636920771,-0.3029359774258265,-0.5572703025313415,-0.09259991478282015,False,True,True,False,2.308379888534546,1.7890019416809082,False,False
2022-02-12,1.650076985359192,4401481,-0.016110563457660324,-0.20955593037921685,-0.008795359320883576,-0.47234538771778206,-0.45737777623354087,-1.158118046164032,-0.9018414023314757,35.87543697044656,0.005192354743074806,0.15724238319706443,39.11546816665843,1.1648774797773607,-0.11946504316013788,-0.30717413770586677,-0.5642132082394447,-0.04580150851378961,False,False,False,False,2.308379888534546,1.7890019416809082,False,False
2022-02-13,1.4925949573516846,5038025,-0.10030575734053192,-0.3194949032707035,-0.19785263157203128,-0.5578219842418246,-0.7001961902177551,-1.0499633036614908,-0.9167080943306278,32.185729866722596,-0.012869799031955287,0.17177502720663118,42.234640391930476,1.2016080879301074,-0.19962779427288374,-0.36603498992937034,-0.6055836458942867,0.1446204129928086,False,False,False,False,2.308379888534546,1.7890019416809082,False,False
2022-02-14,1.5298609733581543,4260965,0.02466067691254084,-0.3624142498356681,-0.25310639628604226,-0.4964603438429618,-0.8077748884543849,-0.9057792170656217,-0.8499800412511066,33.91772368658452,-0.01979916468264642,0.16311995794046602,44.427472668875865,1.2090096207429764,-0.1763955397212302,-0.34375397398459195,-0.5954728911720465,-0.15423901231137205,False,False,False,False,2.308379888534546,1.7890019416809082,False,False
2022-02-15,1.7829090356826782,6666530,0.15306945582565837,-0.16013039442296498,-0.16062533090264716,-0.3424646361920566,-0.5735654216337387,-0.7556628085463049,-0.6570149355757815,44.317393197656486,-0.0055716332262213675,0.14132830037034091,43.45825175881787,1.3456568287317463,-0.04316622631739451,-0.22795727523601053,-0.5280174432969271,0.5645587325875712,False,False,False,False,2.308379888534546,1.7890019416809082,False,False
2022-02-16,1.8501800298690796,4029553,0.03703662778316811,-0.0752994368735611,-0.1038701690331298,-0.1609219071365607,-0.4935396857030796,-0.7218545000937165,-0.6244486012190511,46.71801873884019,0.009327641150586596,0.13347749707720705,43.18294749020215,1.2663221481017988,-0.008964526643225995,-0.1909807317559548,-0.50911794060617,-0.3955546588705069,True,False,False,False,2.308379888534546,1.7890019416809082,False,False
2022-02-17,1.687417984008789,3590619,-0.09208340728376999,-0.033506854793453424,-0.13952397841850958,-0.3019859397967649,-0.5264794868359581,-1.0793309492937142,-0.8197856275586622,41.99995634319347,0.009165475595726946,0.1453773604513054,42.92302639835811,1.2855750721762347,-0.0967005211804575,-0.25586492002740385,-0.5509324731115467,-0.10892870747698313,False,False,False,True,2.308379888534546,1.4721930027008057,False,False
2022-02-18,1.5520440340042114,3355102,-0.08362674673063196,-0.07735971429122691,-0.2689663562286183,-0.35163129596361686,-0.5952075450840726,-1.121972359767085,-0.8157409267147027,38.51589419770726,0.0012985465876874103,0.15697404151547248,44.575615062245056,1.3086545148500628,-0.1666564014804053,-0.3068093566980305,-0.5857716197220489,-0.06559231152065981,False,False,False,False,2.308379888534546,1.4721930027008057,False,False
2022-02-19,1.5513759851455688,2853768,-0.0004305243021176787,-0.061679675135684245,-0.271235605514901,-0.3188900997887945,-0.6380526053949344,-1.0203762729234607,-0.8128758745379215,38.4989217910341,-0.0023915252054029223,0.15070437398402378,47.21745754200176,1.3068817942194215,-0.16098357061856863,-0.29738197665140703,-0.5848132340139642,-0.14942436921440838,False,True,False,False,2.308379888534546,1.4721930027008057,False,False
2022-02-20,1.3619379997253418,3222001,-0.13023358428450296,-0.09160750207965526,-0.41110240535035875,-0.35396536486825014,-0.7924970633148198,-1.0144056422675873,-0.9848994236086127,33.93262231284628,-0.01531158973505592,0.1731733370492755,52.897713815236045,1.340724119064306,-0.25111192429690976,-0.36981486543394027,-0.6339645269681977,0.1290339649193628,False,False,True,False,1.8634530305862427,1.4721930027008057,False,True
2022-02-21,1.3569799661636353,7433887,-0.0036470677817556085,-0.11991524677395157,-0.48232949660961977,-0.2292894978386703,-0.805528549753541,-0.9895688421429482,-0.9429931997050617,33.81956181857336,-0.02153156600624545,0.16842255788713983,56.508161305558225,1.2731702062961983,-0.23841497959771968,-0.35839975193742973,-0.6334415555333612,1.3072267823628856,False,True,False,False,1.8634530305862427,1.4721930027008057,False,False
2022-02-22,1.6925679445266724,10722095,0.22098525205958583,-0.05199945054002414,-0.21212984496298912,0.023720392442704828,-0.5204839028684122,-0.757072988637698,-0.6684973574212976,46.751951164417484,-0.0014440696273747,0.15032882018346294,55.44150745516946,1.4981708339120436,-0.04037339920950019,-0.18713718025738857,-0.5407746255925867,0.4423268742180235,False,False,False,False,1.8634530305862427,1.4721930027008057,False,False
2022-02-23,1.5435980558395386,4662695,-0.09213077829218545,-0.1811668566153778,-0.2564662934889389,-0.08112375151192647,-0.6155366464119768,-0.9169647531381276,-0.8315862460272754,42.75765895312507,0.0031593614620947508,0.16019346810954924,56.29505564640428,1.5319234036425542,-0.11488607560776144,-0.24592118175245317,-0.5792014072443205,-0.5651320940543803,True,False,False,False,1.8634530305862427,1.4721930027008057,False,False
2022-02-24,1.4799139499664307,8775771,-0.0421321470118123,-0.13121559634342006,-0.16472245113687345,-0.12502313464511394,-0.5965723564394284,-0.8966909565008676,-0.7530748269711263,41.13951732501792,0.0032518995320484634,0.16462010458445145,56.53322640925167,1.5379516521361338,-0.1377796098591742,-0.26415272191744565,-0.5949679064977512,0.8821241792568462,False,False,False,False,1.8634530305862427,1.4721930027008057,False,False
2022-02-25,1.640172004699707,6022231,0.10281717307980077,0.05522832346701256,-0.022131390824214198,-0.015888503309510412,-0.5621061814595375,-0.7373267190147538,-0.7776969390215778,46.61469062617949,0.014796300032705267,0.1453888300134203,54.622448444327674,1.5824974758375658,-0.033298939281598786,-0.17417568877607909,-0.5490797562610046,-0.3137661636795217,False,False,True,True,1.8674249649047852,1.276339054107666,False,False
2022-02-26,1.6045629978179932,4912651,-0.021949673245477124,0.03370917452365309,-0.027970500612031112,-0.1030364066115046,-0.6157374104116768,-0.8697666109605834,-0.7968810233280373,45.59970301060287,0.02037982744316419,0.1426197379061997,51.90648400897108,1.566049949289855,-0.04157967930891008,-0.18303623903037514,-0.5568625712676579,-0.18424733292362916,True,False,False,False,1.8674249649047852,1.276339054107666,False,False
2022-02-27,1.6331989765167236,4200303,0.017689209784049274,0.18163196859220543,0.0900244665125503,-0.019002743780466055,-0.4852823820604695,-0.9521425742222775,-0.7446159196530796,46.60654840087365,0.02598801249137661,0.13637550354161249,43.986405640315105,1.5509203861253567,-0.0077347529780451936,-0.1596521453361174,-0.546853692908941,-0.14500276938052392,False,False,False,False,1.8674249649047852,1.276339054107666,False,False
2022-02-28,1.95769202709198,8741559,0.18122558841327754,0.3665046247872387,0.24658937801328706,0.16214893826441235,-0.4214692657164024,-0.7674409540874366,-0.5023167474518896,56.444091445888446,0.05013933735571402,0.13174976133406224,40.54104248137178,1.6756610626330346,0.19430624010174807,0.01784974285847669,-0.45490956267281907,1.0811734296311482,False,False,False,False,1.8674249649047852,1.276339054107666,True,False
2022-03-01,2.10788893699646,7091587,0.07392070065402637,0.21944007338167903,0.16744062284165492,0.14731812400782285,-0.38603641298335495,-0.5899236496737633,-0.4128560504043887,60.107846352202344,0.07340964045689914,0.12122579109318418,43.6566340185111,1.6671534248278423,0.2815174699877588,0.10287592215478411,-0.4107383764460305,-0.18875031330223824,True,False,False,False,1.8674249649047852,1.276339054107666,False,False
2022-03-02,2.057655096054077,7166822,-0.02411991130049706,0.28745094037336755,0.1062840837579898,0.04328377108077415,-0.5875889727315916,-0.5128434162534332,-0.38747238068312245,58.34031084765559,0.08194953074813986,0.12096837500678066,48.180856417848005,1.6476232656750611,0.23919652815436315,0.08656453588442727,-0.4224012975891886,0.01060904985019584,False,False,False,False,1.8674249649047852,1.276339054107666,False,False
2022-03-03,2.1468300819396973,9673115,0.042425342121647294,0.37200842950682705,0.2407928331634069,0.02512072276015799,-0.5350809752004937,-0.3997747965841292,-0.27164250514190197,60.557645080023995,0.08951897459152332,0.12275385685794975,53.78158435761464,1.6406201075568698,0.27486023114140007,0.14336534388179392,-0.39508786452479,0.3497077226140122,False,False,False,True,1.8674249649047852,1.4731899499893188,False,False
2022-03-04,2.2177109718322754,9590045,0.032483196494105256,0.3016744529211315,0.35690277638814427,0.07732245334061233,-0.4066997398787342,-0.33529037878307494,-0.21155170152534103,62.276343637125024,0.09471184032902619,0.12948038255857416,59.39299075580134,1.6424912233005398,0.2951236684714571,0.1865322083559076,-0.3732305403224198,-0.008587719674582606,False,False,False,False,1.8674249649047852,1.4731899499893188,False,False
2022-03-05,2.289046049118042,3471829,0.03165958816613478,0.3552837143327435,0.3889928888563966,0.16541163940513748,-0.3673678448815141,-0.5789833338158427,-0.3173244844416457,63.977594073359576,0.09795601208499147,0.12297053234372977,63.45960288915889,1.6313626142852784,0.3064010351708523,0.2288840309478454,-0.35169446690682665,-0.6379757342118832,False,False,False,False,1.8674249649047852,1.4731899499893188,False,False
2022-03-06,2.089198112487793,5640463,-0.091354844220323,0.24623966032837108,0.42787162892057673,0.028241164105337824,-0.44841635205445,-0.5763383519642288,-0.6321018251793284,56.315249192308634,0.08227918738045889,0.13351020562061272,63.435468229414404,1.65864699708634,0.17361185299311274,0.1267267395184794,-0.40558602463439763,0.624637330928453,False,False,False,False,1.8674249649047852,1.4731899499893188,False,False
2022-03-07,2.0198349952697754,6719458,-0.03376449155122904,0.031249580363864514,0.3977542051511032,-0.007362052430056429,-0.3594610205533132,-0.5627632369303485,-0.6999168661131093,53.90226528382384,0.06370455913798752,0.1341876427617356,64.08702496145217,1.663047795324186,0.12714615924567918,0.09512110323372037,-0.42184336353100654,0.19129546634735473,False,True,True,False,2.6179580688476562,1.4731899499893188,False,False
2022-03-08,1.953268051147461,7583128,-0.03351192911860705,-0.07618304940876885,0.14325702397291032,-0.0505071970996182,-0.3262923805085089,-0.6319136915011957,-0.7566136572780807,51.61649981258692,0.04432060614152272,0.1354214545898044,64.32997323435524,1.6666275581758931,0.08687299312777633,0.06156139608802048,-0.43724680183503434,0.1285326882019353,False,True,False,False,2.6179580688476562,1.4731899499893188,False,False
2022-03-09,2.317689895629883,7306757,0.17106706151480439,0.11900392340653271,0.4064548637799002,0.05297984093768085,-0.1385221476369794,-0.3318341235990215,-0.5696509025792584,61.29346914002783,0.05284920490884493,0.11781097019264385,67.59340647918435,1.757378759361795,0.2674264444410213,0.2591329450065446,-0.3285330432493027,-0.03644551430491483,False,False,False,False,2.6179580688476562,1.4731899499893188,False,False
2022-03-10,2.2846341133117676,6796480,-0.014365068903448313,0.06221351238143722,0.4342219418882642,0.0878291716212774,-0.26021540495057083,-0.34216561796935924,-0.6274720620786318,60.11889405231239,0.05293921953501446,0.11764202686194761,68.05596390113989,1.7488379270954382,0.22481587043713167,0.24011585140554997,-0.3350059176654011,-0.0698363172608587,True,False,False,False,2.6179580688476562,1.4731899499893188,False,False
2022-03-11,2.2337169647216797,6566957,-0.022538887833762084,0.007191428053569695,0.3088658809747013,0.11308461355375095,-0.19425165810686035,-0.2879213465027126,-0.6415015270539044,58.266692403772886,0.04647484453071318,0.11636021054810429,67.06407071702274,1.7418233099611762,0.1760088711467738,0.21116747718750287,-0.3463460571425181,-0.03377086374123073,False,False,False,True,2.6179580688476562,1.9035619497299194,False,False
2022-03-12,2.3600680828094482,5419973,0.05502346904383045,0.030555308931265433,0.385839023264009,0.30198407196145904,-0.21790112167872222,-0.2615199166961556,-0.6152905025226224,61.441362904419506,0.047448099382066566,0.10685204136383054,63.27692784152277,1.6773728918790125,0.2107188860446376,0.27387962977220115,-0.3060680407085205,-0.1746598919408182,False,False,False,False,2.6179580688476562,1.9035619497299194,False,False
2022-03-13,2.425601005554199,7594251,0.02738886375530792,0.14929901690689637,0.39553867723526753,0.36914682294962553,-0.19607897590735335,-0.03440932997928648,-0.8199985990492611,63.012923001795535,0.049042677947920985,0.10343186688367166,58.582958174338515,1.6685921259204033,0.211139778425713,0.2991691750892625,-0.28294516174280887,0.4011603009830491,True,False,False,False,2.6179580688476562,1.9035619497299194,False,False
2022-03-14,2.2793169021606445,8220083,-0.062203537264280476,0.12085997119384508,0.15210955155770955,0.32305384914300533,-0.14929153857477662,-0.13432392709053556,-0.8350641970210264,57.389932944029816,0.03731365378933697,0.10915092490798775,57.11426557566127,1.686125192918568,0.12166698910182473,0.21268085098048825,-0.3225051197848948,0.08240865359862348,False,False,False,False,2.6179580688476562,1.9035619497299194,False,False
2022-03-15,2.6860780715942383,7860016,0.16420637003661157,0.3185782703490635,0.24239522094029475,0.5875659765201489,0.0297439922783243,-0.11263021369760631,-0.46239732714134185,66.37509300498178,0.05305752032430952,0.09882531829986703,57.55925167386056,1.7189245809090572,0.28569457363507306,0.41386712971764705,-0.197550446595388,-0.04380332899315009,False,False,False,False,2.6179580688476562,1.9035619497299194,True,False
2022-03-16,3.1046369075775146,12188075,0.14481460677229266,0.29232581560655174,0.4113297390130845,0.7077199063799009,0.21125956253693903,-0.10005498207448403,-0.19805931068572083,72.74414888462752,0.0858275137048446,0.09156653745032553,62.977509756945004,1.773612578749119,0.4304182055724708,0.6099864589706622,-0.06836434805762238,0.5506425177760452,True,False,False,False,2.6179580688476562,1.9035619497299194,False,False
2022-03-17,2.817270040512085,10045617,-0.09712842524289227,0.20956245926710784,0.2717759716485449,0.45752202531135017,0.11505738911929346,-0.11604339632238864,-0.2981407832349548,63.80793564018572,0.08230514887616816,0.1051676421773696,62.20013379766651,1.758366887874145,0.26374936882980876,0.44373309241936615,-0.15059952677271657,-0.1757831322829897,True,False,False,False,2.6179580688476562,1.9035619497299194,False,False
2022-03-18,3.1704471111297607,20486545,0.1181042771372601,0.35020562423813,0.3573970522916998,0.538589674665442,0.37766776752888137,0.045049988962362404,-0.18326482542827446,68.86947272961375,0.09691051279912097,0.10920995495536316,64.5830700276195,1.7933964396916693,0.37392184947524015,0.6018722255118323,-0.041221949883615355,1.0393515898525694,False,False,False,False,2.6179580688476562,1.9035619497299194,False,False
2022-03-19,3.5509729385375977,13823959,0.1133490106676859,0.40853116586198535,0.43908647479325086,0.7440220926168979,0.4420361528201329,0.21754260578093973,-0.33530885667681626,73.21581416239152,0.12363680370508356,0.10144038637364391,71.42345143068084,1.7778387948997383,0.47743112596172277,0.7605723749062975,0.07669006285357138,-0.32521764894959104,False,False,False,False,2.6179580688476562,1.9035619497299194,False,False
2022-03-20,3.0609099864959717,10048150,-0.14850938016836487,0.2326329219383126,0.38193193884520904,0.679139459179165,0.32750816321554804,0.0839319140950924,-0.44283290058792,61.338392612935834,0.10071848515509307,0.12419580807005073,71.43843095220274,1.8409288247294722,0.24496127344586194,0.4968745262289506,-0.06856079865982018,-0.2731351416768525,False,False,False,False,2.6179580688476562,1.9035619497299194,False,False
2022-03-21,3.4436240196228027,16061570,0.11781215796315471,0.4126486171657478,0.5335085883595928,0.7973821414444373,0.4784920416556429,0.15932953604950295,-0.22299413147902342,65.97990952558396,0.10335433372948799,0.12057303132291323,76.0778744555919,1.8682780310118934,0.3635817254162692,0.6576949038197063,0.050556185600267166,0.5984604131108711,False,False,False,False,2.6179580688476562,1.9035619497299194,False,False
2022-03-22,3.623250961303711,19401523,0.0508472675095163,0.2992895146386525,0.6178677849877161,0.9784629932384566,0.6244976283702066,0.1859659299236368,-0.035942649029130774,67.92621927849055,0.10867275449255481,0.12099361509287476,80.40188326081574,1.7817462143670248,0.39157492693209167,0.71684521779764,0.10836219517114071,0.20794685700090332,False,False,False,False,2.6179580688476562,1.9035619497299194,False,False
2022-03-23,3.506359100341797,12802295,-0.03279347266897969,0.12168143519738017,0.4140072508039321,0.9493165883512327,0.7200270905125622,0.14378803859769151,-0.04025225379171558,65.30780093120147,0.09622293467634563,0.12272614281760494,81.94731720784246,1.7920827489519404,0.3124164760689672,0.6395061403148878,0.07507925551777522,-0.34013968903369085,False,False,False,False,2.6179580688476562,1.9035619497299194,False,False
2022-03-24,3.63177490234375,12164451,0.03514327682471241,0.25395313726498486,0.4635155965320927,0.7634746131163592,0.7871950055590639,0.24299071024794702,0.006401624478661012,66.7871165557651,0.08853316346363221,0.11783595064515127,83.83622600084429,1.6571081752755434,0.32431260408700935,0.6734365932638682,0.1155621943074999,-0.0498226294582339,False,False,False,False,2.6179580688476562,1.9035619497299194,False,False
2022-03-25,3.4252560138702393,10229205,-0.0585452650955947,0.07730359503213007,0.42750921927026014,0.79706012631295,0.7159363748010236,0.18152347990097314,-0.11990462682517782,62.091894586163626,0.06284492753770421,0.12261445275929372,83.34557400309795,1.6310505585915196,0.22365734206201832,0.5569676552560422,0.05403089749992685,-0.1590902869352674,False,False,True,False,3.9121649265289307,1.9035619497299194,False,False
2022-03-26,3.2161951065063477,6634616,-0.06297720057337688,-0.09902261620893264,0.3095085496530528,0.7762150727513853,0.6511919381062714,0.179642716311957,-0.12047588374948241,57.67186509630073,0.026916760383728255,0.12626925183963475,79.30171483412812,1.6436730982388885,0.1262980675610017,0.44635416415315926,-0.008986797020223309,-0.35140453241478686,False,True,False,False,3.9121649265289307,1.9035619497299194,False,False
2022-03-27,3.5851919651031494,7228827,0.10861300244670631,0.15809976640613838,0.39073268834445113,0.7820109021182907,0.7661223988087802,0.21990472065875336,0.044684183103536904,62.71661982417216,0.023282764040792492,0.11274387252188259,75.42883588079067,1.6472084268535567,0.2220246601708309,0.5901215696388709,0.10674821332051397,0.0895622293739382,False,False,False,False,3.9121649265289307,1.9035619497299194,False,False
2022-03-28,3.81353497505188,9775899,0.061744554589356786,0.10203216303234056,0.5146807801980884,0.8657051299531248,0.7626687233416202,0.24996771954144792,-0.004061481007458713,65.45998242377294,0.031051362256801385,0.10371338243697958,70.9249076965619,1.642363795003577,0.25991200156484645,0.665410455138981,0.17969279338607924,0.3523492815639384,True,False,False,False,3.9121649265289307,1.9035619497299194,False,False
2022-03-29,3.8482930660247803,16680118,0.009073116554147003,0.06025801207697119,0.35954752671562373,0.8570890367232223,0.8380862929427563,0.37180665466275276,-0.09505353749905526,65.87164011075659,0.033134733466910926,0.10087236318445635,69.50408200056043,1.643375847361351,0.2400421696561513,0.6567112102530775,0.19375449711476714,0.7062490109605264,True,False,False,False,3.9121649265289307,1.9035619497299194,False,False
2022-03-30,3.829814910888672,8150226,-0.004813214626657312,0.08823827011929357,0.20991970531667378,0.6710502336832874,0.8331991719476998,0.249580967966885,-0.0963907204041492,65.42521745490265,0.02807256715229245,0.09950080720621954,66.27092205732997,1.5514132278171566,0.2041111943070038,0.6244573674803985,0.19173457404829222,-0.5113807947881424,False,False,False,True,3.9121649265289307,3.2103021144866943,False,False
2022-03-31,3.6001009941101074,11154910,-0.0618545768980464,-0.008759583603465288,0.2451935536615196,0.5352749561312147,0.6825930801390375,0.14923854314785986,-0.05464869354254851,59.98284578192889,0.005252527590483669,0.1065273609540556,59.93452993435575,1.5668373841626952,0.1080865443333213,0.5065069270851695,0.12377609074350387,0.3686626603973926,False,False,False,False,3.9121649265289307,3.2103021144866943,False,False
2022-04-01,4.2022199630737305,13105315,0.15465104929786347,0.20443673078999272,0.2817403258221229,0.7140459167295752,0.7573296878103494,0.12645694399798374,0.20120250047614194,67.59254704350187,0.025572121168583317,0.09860338311463934,57.967760501896926,1.629410837215884,0.25775713108153314,0.7230354991246908,0.314130011483825,0.17484721974448925,False,False,False,False,3.9121649265289307,3.2103021144866943,True,False
2022-04-02,4.408196926116943,16757698,0.04785279727575545,0.3152667286391253,0.21624411243019254,0.7194733718836834,0.7445940946438414,0.18439239668318963,0.3196985752995542,69.71423257299172,0.04652647297856605,0.09751592595869281,56.919840315921654,1.6303013520008345,0.2813884348189519,0.7678940895423385,0.3811092079811901,0.27869478909892664,True,False,False,False,3.9121649265289307,3.2103021144866943,False,False
2022-04-03,4.79070520401001,11847851,0.083211879243957,0.289865605436376,0.44796537184251445,0.7702020546335353,0.8475245079741478,0.36350231475480105,0.4349116758504604,73.22050294837155,0.07793999006480079,0.09513093007172109,55.830106446170355,1.643182076580766,0.343536818764915,0.874088121814205,0.5020857581991015,-0.2929905408248794,False,False,False,False,3.9121649265289307,3.2103021144866943,False,False
2022-04-04,4.861120223999023,20450970,0.014591285311263776,0.242712336158283,0.3447444991906236,0.7531337517786643,0.9185453911838017,0.3857659068971502,0.1741504179628216,73.82134903140829,0.09416765722877307,0.09509774650343066,57.713252183437724,1.6434779729546245,0.3229360379387314,0.8528036114442714,0.5262977635377755,0.7261332878004627,False,False,False,False,3.9121649265289307,3.2103021144866943,False,False
2022-04-05,4.2692108154296875,17713192,-0.12983992070026143,0.1037992989038747,0.16405731098084567,0.7146486752987259,0.7428898394040635,0.2662323232442759,0.138310323334497,61.35867083505749,0.057543821873643486,0.11435072058998025,56.616246936958824,1.6828135040686116,0.14372575506999308,0.5939148363008867,0.34295424174506944,-0.1338703249772505,False,False,False,False,3.9121649265289307,3.2103021144866943,False,False
2022-04-06,3.6004810333251953,18711098,-0.17036153251284525,-0.061749018982313296,0.026489251136980245,0.5780516343371096,0.5706895819070532,0.21859061378379643,0.015288397406761101,50.90298032534876,-0.015320080171954076,0.144727060117943,51.58032901178906,1.8046840839955283,-0.04544201849457385,0.326244201662367,0.13636675126845754,0.05633688157391403,False,False,False,False,3.9121649265289307,3.2103021144866943,False,False
2022-04-07,3.6762170791625977,13335524,0.020816798937129687,0.020922356852862853,0.01216277324939758,0.6323803623928466,0.5818731652932283,0.30608798188433756,0.0004666708916509342,51.9026005108011,-0.05953392029227561,0.13954662442429228,49.218817330616446,1.7946070112769994,-0.03185382324926534,0.33616695431558963,0.16397527258328592,-0.28729334857847466,False,True,True,False,4.935058116912842,3.2103021144866943,False,False
2022-04-08,3.3095099925994873,7126516,-0.1050841159002858,-0.23881280834528631,-0.03437607755529354,0.35622918497775624,0.4092090259154371,0.21770703734077695,0.024395061378734872,46.92121144739275,-0.11157269131790482,0.1570455359135075,50.35165225202548,1.7623321323166208,-0.12564755889781087,0.18886432474474407,0.05085883849799232,-0.4655991020675303,False,False,False,False,4.935058116912842,3.2103021144866943,False,False
2022-04-09,3.4238579273223877,4218185,0.03396782428946272,-0.25269778133157916,0.06256894730754596,0.40456207817066714,0.49239124979194454,0.14434667322009628,0.062396460201307825,48.57850614094331,-0.13483391471514455,0.14488107348892726,47.85002037615858,1.761338249696669,-0.09975369874247939,0.2136202560147415,0.08928258681124063,-0.4080999747983447,False,True,False,False,4.935058116912842,3.2103021144866943,False,False
2022-04-10,3.4286270141601562,3868796,0.0013919293945161995,-0.3345177311810201,-0.044652125744644035,0.4284928953989455,0.5415775089526962,0.234241237292085,0.14057154889623277,48.650518392493886,-0.14552428931494787,0.13698088126649058,47.922999071273104,1.757150870372871,-0.09832197155504349,0.19934951867847983,0.0942100189167533,-0.08282922631416123,False,False,False,False,4.935058116912842,3.2103021144866943,False,False
2022-04-11,2.9915521144866943,6475999,-0.1363675390737296,-0.48547655556601355,-0.24276421940773052,0.23710188728138534,0.5390859592428443,0.019200765602663074,-0.024418029414770347,42.74267805576759,-0.17564086402394558,0.1563408109593916,51.729368841989164,1.8267382379715191,-0.2066765454964934,0.03466258979265971,-0.0420487068086817,0.6739055251297821,False,False,False,False,4.935058116912842,3.2103021144866943,False,True
2022-04-12,2.941720962524414,6305631,-0.016797583054566637,-0.37243421792031856,-0.26863491901644404,0.1929154404715107,0.5620622634211363,-0.0031635354358424865,0.15850611049222435,42.114756609378745,-0.19124133163729506,0.1538222511937063,55.317715721568185,1.8273078600903345,-0.21400662045729427,0.006395787187740117,-0.05551470847168732,-0.026307601344595644,False,True,False,False,4.935058116912842,3.2103021144866943,False,False
2022-04-13,3.324475049972534,7394568,0.12231701043970157,-0.07975567496777185,-0.14150469395008514,0.3774359881754928,0.7004898373184982,0.22814444960071617,0.24311206108495723,48.38678599431598,-0.16888312519585533,0.13509421710966943,56.358134066384956,1.853242916399128,-0.10807756193478589,0.12478109500960326,0.0699945170916826,0.17269278839817925,False,False,False,False,4.935058116912842,3.2103021144866943,False,False
2022-04-14,2.905524969100952,6142603,-0.13469769570355314,-0.23527016960845484,-0.21434781275559195,0.07853192243532801,0.666097898955477,0.10827591471365225,-0.0340982912622782,42.90664309560956,-0.17468317965662,0.1554689201085944,59.61704942949191,1.8386612171228558,-0.21500462804169684,-0.025940378460587103,-0.061284047527141436,-0.16930874122734418,False,False,False,False,4.935058116912842,3.2103021144866943,False,True
2022-04-15,3.014462947845459,4757222,0.0368076013291605,-0.09337845237900864,-0.3321912607242949,-0.029475083007804204,0.6782448233720966,0.18178447952913482,-0.1295300650822882,44.66170562621077,-0.16374151707260107,0.1431884698538677,60.920168781416336,1.7708757826384576,-0.1833470033447795,0.0002884850391591051,-0.023562722516030348,-0.22553647045071934,False,False,False,True,4.935058116912842,2.783247947692871,False,False
2022-04-16,3.0285990238189697,3447586,0.004678456657878457,-0.12266782001059273,-0.37536560134217184,0.07233179889296654,0.5298538242043167,0.18738918801226,-0.043711597429421926,44.89840951406944,-0.14855688654016566,0.13389395783141322,63.35356270346303,1.7365795740496661,-0.17328445834734338,-0.004196503829956336,-0.016402588574282586,-0.27529427888797287,False,False,False,False,4.935058116912842,2.783247947692871,False,False
2022-04-17,2.7846291065216064,3838558,-0.08398545510505645,-0.20804520451016534,-0.5425629356911854,-0.12975793334934999,0.40883174131609196,0.2479098341795313,-0.08470794438698759,41.59182455282139,-0.14764197963502587,0.14192204521246926,67.49883760260848,1.7099874438432787,-0.22905444498631866,-0.09146416695699698,-0.09296662657956302,0.1134045677178177,False,False,False,False,4.935058116912842,2.783247947692871,False,False
2022-04-18,2.9255499839782715,5835605,0.04936780260473231,-0.022309862831703484,-0.5077864183977171,-0.1937391414123036,0.5502829512045944,0.24829701140782937,0.023803464368636174,44.150367955606455,-0.13081968269815203,0.13223860944054766,70.0662203627714,1.6686344157026638,-0.17955960924635253,-0.05346832889910708,-0.043943470554956086,0.5202596912694819,False,True,False,False,4.935058116912842,2.783247947692871,False,False
2022-04-19,2.9537770748138428,5772638,0.009602224008796833,0.0040899442316598405,-0.36834427368865885,-0.035627537235142,0.643511921944023,0.29188062598040604,0.048304376859950204,44.67316180102281,-0.11180248413965685,0.12388439912607911,72.13906184461592,1.5884353621355567,-0.1613417098621599,-0.05045599306511469,-0.030899218652360765,-0.01079014086799912,False,False,False,False,4.935058116912842,2.783247947692871,False,False
2022-04-20,2.8679909706115723,5223900,-0.029472941317861216,-0.14770000752590298,-0.22745568249367484,-0.1829126365161579,0.6144695049282795,0.2955794051394849,-0.023583100466654974,43.34519677573549,-0.09942771201493811,0.1214238168146199,74.65898239986856,1.5316210657305718,-0.17714656974931864,-0.08251716407745331,-0.05550802280541274,-0.09505844641565953,False,False,False,False,4.935058116912842,2.783247947692871,False,False
2022-04-21,2.7505550384521484,5502940,-0.04180905093256668,-0.05481136275491644,-0.2900815323633713,-0.2755689549582409,0.7028940382802159,0.34892867341196576,-0.08960302503460403,41.5254015406126,-0.09365819230946149,0.12599304484005835,75.8895257045832,1.5223338062075373,-0.19405641313934352,-0.12396908197067698,-0.0911296715399548,0.05341603016903074,False,False,False,True,4.935058116912842,2.648621082305908,False,False
2022-04-22,2.744968891143799,5431454,-0.0020329814968993937,-0.09365194558097621,-0.1870303979599848,-0.2448084637861606,0.704508124565072,0.4752186267264017,-0.10102042518846897,41.43628497855411,-0.08497970667891987,0.12066742076699942,74.54964857719033,1.5201093671764074,-0.17560499718287903,-0.1290665306179187,-0.09061686695963156,-0.012990510527100096,False,True,False,False,4.935058116912842,2.648621082305908,False,False
2022-04-23,2.7867929935455322,3361730,0.01512172803241476,-0.08320867420643992,-0.2058764942170327,-0.26483001257845823,0.4986446005379009,0.5223649929806057,-0.021839302330511227,42.43242738639538,-0.0717135808011956,0.11317233371189332,65.89810786141601,1.5145246964341867,-0.1370771789878956,-0.11897798410992437,-0.07425749686286871,-0.381062603126161,False,False,False,False,4.935058116912842,2.648621082305908,False,False
2022-04-24,3.02447509765625,8122949,0.08184608497722633,0.0826228658758429,-0.12542233863432242,-0.12443866250563718,0.6726214638073128,0.5914977122953864,0.057084817395335934,47.860144124936724,-0.04360479326776712,0.10418916136162513,48.3136278646966,1.5355407298830366,-0.03606962095452362,-0.04826229253947278,0.006685385376686118,1.4163002382701761,False,False,False,False,4.935058116912842,2.648621082305908,False,False
2022-04-25,3.230854034423828,7325377,0.06600895423730348,0.09926401750841407,0.07695415467671053,0.0045474923050432626,0.7807625650564284,0.6557394304113146,0.18419020861700003,52.084574681169755,-0.009564732914487006,0.10117697879549695,36.050269449210866,1.539251480171166,0.0470303361118382,0.009427915305185339,0.07714189851752552,-0.09818749323675424,True,False,False,False,4.935058116912842,2.648621082305908,False,False
2022-04-26,2.9365758895874023,6857348,-0.09550227003011058,-0.005840476530493149,-0.001750532298833352,-0.19956778017177354,0.5824431219465172,0.5665546186370067,0.02033694048697976,46.321452343092425,-0.005520467238503454,0.11267663448866118,33.177271577169755,1.5227976502831277,-0.03798806166067128,-0.08774031898530797,-0.019313076702121915,-0.06389145568890175,False,False,False,True,4.935058116912842,2.6984899044036865,False,False
2022-04-27,3.2172510623931885,5183377,0.09128304841191268,0.11491551319928078,-0.03278449432662222,-0.17002928634921782,0.6956758436039071,0.5926394369924023,0.07993843319223012,51.79955806432451,0.01621576815694696,0.10190255011200001,28.15847172893214,1.5428496950388786,0.0619435994822071,-0.008335168209285555,0.07576910696524067,-0.2441134677720892,False,False,False,False,4.935058116912842,2.6984899044036865,False,False
2022-04-28,3.592773914337158,8035246,0.1103972946171264,0.26712185874897393,0.21231049599405738,-0.06870510828623824,0.7883839284369841,0.7693811846565182,0.3031015463765146,57.97855140739624,0.05391753633067728,0.09339341808567783,31.437252861270803,1.594645022616213,0.18037719396691276,0.09877668108237951,0.20186817945422927,0.5501951719892264,False,False,False,False,4.935058116912842,2.6984899044036865,False,False
2022-04-29,3.1476199626922607,5392877,-0.13227798237314983,0.13687685787272333,0.04322491229174725,-0.19616987603273076,0.47488035765055664,0.637029295914969,0.053411091934154345,49.82458459543065,0.047153236833096815,0.10970871325700675,29.62272567935661,1.6579093038803507,0.038839450285513846,-0.04241920433637699,0.05423529225115944,-0.3288473059816712,False,False,False,False,4.935058116912842,2.6984899044036865,False,False
2022-04-30,2.9066359996795654,5638191,-0.07965020122518644,0.04210492861512213,-0.04110374559131778,-0.21396550035987066,0.32130945577134395,0.46862757977916686,-0.06472695721201084,46.048998636521354,0.025795243258484674,0.11772574274298937,27.446159860619467,1.6665219332215229,-0.03235967256170423,-0.11933799946008171,-0.025472675311879203,0.045488521247564195,False,True,False,False,4.935058116912842,2.6984899044036865,False,False
2022-05-01,2.8876590728759766,7060525,-0.006550234124161699,-0.04629139048626581,0.03633147538957719,-0.3751667837818958,0.33887913294767946,0.38216290402845343,-0.24870983978391217,45.754962099375724,0.010519004103539037,0.11612598596385343,27.700149880973115,1.561079262076154,-0.03701189842160007,-0.1278758924879417,-0.03043599164808327,0.2522677929853743,False,True,True,False,3.651057004928589,2.6984899044036865,False,False
2022-05-02,2.7699968814849854,4830470,-0.04159997012308387,-0.15390031484665306,-0.054636297338238986,-0.46461955118073517,0.2548538207029483,0.2799745434631063,-0.2802271544975455,43.883925381835496,-0.006466341482355073,0.11738603322309216,28.535469028128745,1.5486807983143838,-0.07359773203453618,-0.16514867370443873,-0.06775943534495442,-0.31584832572648636,False,False,False,False,3.651057004928589,2.6984899044036865,False,False
2022-05-03,2.747282028198242,5741284,-0.00823412482816098,-0.0666321696447035,-0.07247264617519669,-0.5560655552528532,0.21413649938068205,0.2914589527212946,-0.1925632404980521,43.51398591696511,-0.017558466581945112,0.11126285795607231,27.690566830104522,1.5076329383686464,-0.0722399059384685,-0.17432379254530958,-0.07334777626647009,0.18855597902481547,False,False,False,False,3.651057004928589,2.6984899044036865,False,False
2022-05-04,3.084078073501587,7307667,0.11564070148988263,-0.042274516566733485,0.07264099663254728,-0.4550161390742344,0.2981176127044299,0.4635292521095674,-0.06925023217708406,50.21533872953055,-0.001392202762722991,0.10061769858556058,27.77771415036342,1.5752631437069808,0.038365933191350746,-0.07531426599809785,0.04139257269241362,0.27282799457403595,False,False,False,True,3.651057004928589,2.685947895050049,False,False
2022-05-05,2.820383071899414,7338350,-0.08938005421910167,-0.2420518654029617,0.025069993346012138,-0.4145562725930746,0.30009240270565124,0.328333566810989,-0.14832394934879872,45.64895894636507,-0.007307133760049822,0.11353292902276056,28.171311272238402,1.544208472648727,-0.04730383619427495,-0.1529329402571077,-0.04642686770376954,0.004198740856691918,True,False,False,False,3.651057004928589,2.685947895050049,False,False
2022-05-06,2.789401054382324,6226341,-0.011045819885051959,-0.12081970291486385,0.016057154957859417,-0.25524055996528133,0.3228110743718284,0.31544902194177193,-0.03664994618148478,45.129692231982354,-0.011884206007450035,0.11208344368232338,28.637032481403356,1.4372174863234835,-0.053947253926842714,-0.1620977382025468,-0.05586466240910263,-0.1515339279265775,False,False,False,False,3.651057004928589,2.685947895050049,False,False
2022-05-07,2.7516729831695557,8467265,-0.013617812718221827,-0.05478731440789928,-0.01268238579277705,-0.28967517162063294,0.3427051907722136,0.29219799367259547,0.016412810263704756,44.46636048527092,-0.015786227495993566,0.1129011299123073,28.84260714933439,1.4333882298064207,-0.06622123899096492,-0.17134598824855357,-0.06752515989128016,0.3599102586896541,False,False,False,False,3.651057004928589,2.685947895050049,False,False
2022-05-08,2.814857006072998,17153142,0.02270237894902109,-0.025534701334716577,-0.07182609182098244,-0.16188867677132607,0.19434050820643017,0.24732034914411102,0.05581836056945085,45.90049232553882,-0.012584635729444293,0.11845102601801175,29.157285171789617,1.3951030161024391,-0.04298232286864048,-0.14854341815229022,-0.044469342546629494,1.0258184903862109,False,False,True,False,3.2532260417938232,2.685947895050049,False,False
2022-05-09,2.026017904281616,108675947,-0.32883922012536854,-0.31277395133700125,-0.46667426618365443,-0.5246957211861574,-0.12013364301549012,-0.032304471394212726,-0.38034904796606095,34.07064507402514,-0.0594439119314559,0.21193890120782774,40.448223484648196,1.7855800790923075,-0.3001404416014337,-0.3832956166226083,-0.3105130561812635,5.335629180939562,False,False,False,False,3.2532260417938232,2.685947895050049,False,True
2022-05-10,1.9710960388183594,42579801,-0.027482490125163243,-0.3320223166340037,-0.39865448627870714,-0.5535701407058367,-0.12507724530689127,-0.011992631753140427,-0.31932890341375153,33.4247361070524,-0.0882515614886549,0.21843851787797258,49.88110403753004,1.7845772450397892,-0.30839884506939746,-0.39458616542374053,-0.32745718814948555,-0.6081948013758739,False,False,False,False,3.2532260417938232,2.685947895050049,False,False
2022-05-11,1.5223619937896729,28180255,-0.25832668089841876,-0.705989699022305,-0.7482642155890386,-0.6755292825305259,-0.43842739524914054,-0.13644332328768144,-0.6563285169278628,28.646279881049423,-0.12916568671355694,0.28888510603937045,65.76132386792287,1.9307210334485905,-0.45408397977009024,-0.526299553913247,-0.47867704321383137,-0.3381778604366892,False,False,False,False,3.2532260417938232,2.685947895050049,False,False
2022-05-12,1.412039041519165,21888533,-0.07522828353042522,-0.6918379283336286,-0.9338897937365902,-0.7339599830063845,-0.5410445425348737,-0.17189771958524816,-0.737123518442227,27.601525389543227,-0.1536321302165286,0.3107634201705441,80.542263928157,1.9392805861519398,-0.48124775759244315,-0.5548256584697101,-0.5147346561885855,-0.22326703573122386,False,True,True,False,3.510071039199829,2.685947895050049,False,False
2022-05-13,1.4853589534759521,20458919,0.05062167406772427,-0.6301704343808525,-0.7509901372957163,-0.8056553193783618,-0.42821933120286904,-0.10516548205986373,-0.5775108697776458,29.44325262705611,-0.15443709679031445,0.29331298974945047,91.87509487705834,1.886383815211327,-0.44094694939749296,-0.5252852424019051,-0.48793826844694616,-0.06531337664337766,False,False,False,False,3.510071039199829,2.685947895050049,False,False
2022-05-14,1.4755580425262451,11844925,-0.006620210399982637,-0.6231728320626133,-0.6779601464705125,-0.6775778340747912,-0.5990459116394632,-0.011479935119314394,-0.569301919361139,29.33582317366718,-0.14532189369542425,0.28397789016414987,101.62111350760672,1.8467099396616025,-0.42796157570142423,-0.5224664010753289,-0.4894955004027902,-0.42103857002415424,False,False,False,False,3.510071039199829,2.685947895050049,False,False
2022-05-15,1.4669489860534668,13089571,-0.0058515279344631506,-0.6517267389460973,-0.677261440280814,-0.7202369633384149,-0.7497120463462191,-0.04199213996631825,-0.53845248380928,29.23491804090223,-0.1300594750865678,0.273344848914705,109.17379289135486,1.835401800841133,-0.411166175884087,-0.5198158299463181,-0.49099856523417656,0.10507841966074083,False,False,False,True,3.510071039199829,1.2294189929962158,False,False
2022-05-16,1.4262959957122803,9561848,-0.02810385314516336,-0.3509913719658923,-0.6637653233028935,-0.7530192731414569,-0.6806874742484902,-0.2231654489371401,-0.5656300851291968,28.732335347859703,-0.11349271923529947,0.2682007599360983,117.483259492934,1.8325126952635717,-0.4095881230229178,-0.5264297083494367,-0.5032570924329531,-0.2695063879480848,False,False,False,False,3.510071039199829,1.2294189929962158,False,False
2022-05-17,1.514564037322998,13087346,0.060046762328026,-0.26346211951270304,-0.5954844361467068,-0.6089870557083744,-0.7387449890577243,-0.2001553143922822,-0.361077221528843,31.486424280625883,-0.0884907748462016,0.2405504872328733,121.9247676464423,1.8430975645432381,-0.35014824168897646,-0.4893260599417929,-0.4706301067824659,0.3687046688046076,False,False,False,False,3.510071039199829,1.2294189929962158,False,False
2022-05-18,1.3743760585784912,9524071,-0.09712778085409031,-0.10226321946837444,-0.8082529184906796,-0.7554826391671968,-0.9492217805795005,-0.2051996879626026,-0.5071856277593675,29.534314262109262,-0.07389030206541436,0.25847648043155474,122.01282727594065,1.8442364888773852,-0.38083084729818,-0.5287319048959264,-0.5178891098297533,-0.27226872430819815,False,False,False,False,3.510071039199829,1.2294189929962158,False,False
2022-05-19,1.419998049736023,14387708,0.03265564563492951,0.005620709696980206,-0.6862172186366483,-0.732429217541064,-0.768056754776206,-0.08891729559704102,-0.44054859156065806,31.03286441103245,-0.054548281949973965,0.2365629760542459,124.36032759494664,1.851448191794324,-0.3343745819953985,-0.5049062206905355,-0.5002946817808972,0.510667864613777,False,False,False,False,3.510071039199829,1.2294189929962158,False,False
2022-05-20,1.3135789632797241,6217494,-0.07790005315472817,-0.12290101752547203,-0.7530714519063245,-0.780856329377931,-0.9637689658940888,-0.16638682444965153,-0.485276924238446,29.459088555132325,-0.04282687228892168,0.24568279573590096,128.79471435727058,1.8607955572925605,-0.36037679371730913,-0.5345894545927529,-0.536216768629326,-0.5678607044290862,False,False,False,False,3.510071039199829,1.2294189929962158,False,False
2022-05-21,1.3325879573822021,5556746,0.014367439139642304,-0.1019133679858471,-0.7250862000484604,-0.724679839305722,-1.0002487942639628,-0.02178580102550618,-0.37575116589375634,30.140595345652343,-0.028394231104738377,0.22816112158996532,131.57424373502923,1.8651113822724097,-0.32558698423961335,-0.5180542424025143,-0.5280900051944087,-0.10627239849366965,False,True,True,False,1.6115119457244873,1.2294189929962158,False,False
2022-05-22,1.3221490383148193,6977100,-0.007864412096028237,-0.10392625214741213,-0.7556529910935096,-0.7305112699048508,-0.9753197336910114,-0.026003145339778846,-0.2552926431784492,29.969362253255213,-0.014833406253379255,0.2212998266643222,134.06592608535274,1.8643515600816134,-0.30542263320497887,-0.5109121321186529,-0.5305442482579169,0.255608948114598,False,False,False,False,1.6115119457244873,1.2294189929962158,False,False
2022-05-23,1.180184006690979,9761489,-0.11358810788153825,-0.18941050688378694,-0.5404018788496793,-0.8592211058188038,-1.1240511183972621,-0.3605765052809029,-0.3368561128381981,27.66731896075376,-0.0108897807374852,0.2405164577827792,137.12042434249793,1.8840051220291207,-0.3533859645880603,-0.5514458988954274,-0.5797880017885925,0.39907540382107176,False,False,False,False,1.6115119457244873,1.2294189929962158,False,True
2022-05-24,1.0993160009384155,7940269,-0.07098219512720214,-0.32043946433901516,-0.5839015838517181,-1.0120493859232325,-1.1364880484288695,-0.33942792211591966,-0.4205516736278461,26.422270781132752,-0.009256871344634487,0.24738056936810263,132.87627915538732,1.8462385828431862,-0.36306143512439876,-0.5698822585733777,-0.6071516349847473,-0.18657194614469164,False,True,False,False,1.6115119457244873,1.2294189929962158,False,False
2022-05-25,1.0836390256881714,6617025,-0.014363323639786815,-0.23767500712471162,-0.3399382265930862,-1.0924216638003226,-1.0878741714952793,-0.3116590987438941,-0.43668223338900813,26.17634822569063,-0.004976436309534038,0.23683667645221898,129.57277222674932,1.8125649226962113,-0.3388817106464819,-0.5651768828479515,-0.6107737085318109,-0.1666497696740501,False,True,False,False,1.6115119457244873,1.2294189929962158,False,False
2022-05-26,1.0076760053634644,23966817,-0.07267815069612832,-0.3430088034557694,-0.3373880937587892,-1.0695975444663404,-1.2691653246381138,-0.4871544225198233,-0.5030429258293337,24.963894433357552,-0.003096943223069526,0.2636461090477538,123.15652905700651,1.8049324841752106,-0.34989223806925984,-0.5870656648384468,-0.6360587672937212,2.6219928139911817,False,False,False,False,1.6115119457244873,1.2294189929962158,False,False
2022-05-27,1.0737839937210083,29683570,0.0635421579627795,-0.2015665923382619,-0.3244676098637339,-1.0973384349154736,-1.2673677212646914,-0.4016625913115666,-0.5046989979230713,28.08571339739086,0.006252858261030503,0.24798850039476553,109.08259264196577,1.7828359265678932,-0.26760124263697116,-0.5503855440117871,-0.6100073350055607,0.2385278362162151,False,False,False,False,1.6115119457244873,1.2294189929962158,False,False
2022-05-28,1.0320199728012085,9707312,-0.03967083233226246,-0.25560486381016667,-0.35751823179601366,-1.2474065618648627,-1.3161116701511009,-0.45902263342787836,-0.4780253772083444,27.31261675752293,0.012896381129036683,0.2479970024745253,77.06368996544703,1.7021434625532452,-0.2505179130899869,-0.5594709269449215,-0.6230779805585387,-0.6729735675324767,False,False,False,False,1.6115119457244873,1.2294189929962158,False,False
2022-05-29,1.167747974395752,17022234,0.12355906541544542,-0.12418138629869302,-0.22810763844610515,-0.9915695140762671,-1.1877393901089979,-0.5166891564257106,-0.3545402181612982,33.69987541896218,0.028793129305037135,0.21605256047037846,66.81831686779853,1.7633874808007879,-0.12466870522047299,-0.4917444747461106,-0.5710695279742252,0.7535476350198695,False,False,False,True,1.6115119457244873,0.940280020236969,False,False
2022-05-30,1.2151999473571777,10211321,0.03983154320204707,0.029238264784892297,-0.16017224209889466,-0.8720877696490338,-1.0860532700089045,-0.5507783138776897,-0.4034601898698669,35.82313678932461,0.04395709074740384,0.1982495217169811,52.23041289389193,1.7728721123182987,-0.06254044664146165,-0.46070025346205007,-0.5511441144009466,-0.400118633077186,True,False,False,False,1.6115119457244873,0.940280020236969,False,False
2022-05-31,1.0548959970474243,11001189,-0.14146644790822843,-0.041245987996134055,-0.36168545233514926,-1.0070039834331006,-1.3821707672149963,-0.6681248504854213,-0.6248410794046471,32.084918266692526,0.04450815097663274,0.2239886721847805,53.01360189252122,1.8133004104516235,-0.17126294847646756,-0.5236541771406954,-0.6079574587628692,0.07735218587291492,False,False,False,False,1.6115119457244873,0.940280020236969,False,False
2022-06-01,1.0263899564743042,9233540,-0.027394431995995512,-0.054277096352342735,-0.2919521034770544,-0.9927984453060122,-1.4574179964867473,-0.737944624603064,-0.712823901842906,31.45630131609002,0.04418083195290223,0.21993525899005076,55.4119128204929,1.8131853232075588,-0.1812548293936145,-0.5283681714886426,-0.6153486776667398,-0.16067799580572606,False,True,False,False,1.6115119457244873,0.940280020236969,False,False
2022-06-02,1.0256110429763794,7643859,-0.0007591746159418319,0.01764187972784366,-0.32536692372792586,-0.9853234950937932,-1.5413890503466463,-0.7711869957131111,-0.6938645423724987,31.43817625374986,0.04498890385597398,0.20646551112453476,55.86898219448455,1.8146620592834108,-0.16659407559713177,-0.518554681293078,-0.6125711032945573,-0.17216376384355292,False,True,False,False,1.6115119457244873,0.940280020236969,False,False
2022-06-03,1.0060670375823975,8135863,-0.019239867245751274,-0.06514014548068711,-0.26670673781894905,-1.120204063829427,-1.5752202029036615,-0.8220864511249971,-0.6566748117198598,30.956196850367974,0.04516617319301586,0.1984950096906977,55.954486513265564,1.734992149593631,-0.16657765358657042,-0.5191541704449429,-0.617600002150991,0.06436591779100054,False,False,False,False,1.6115119457244873,0.940280020236969,False,False
2022-06-04,1.0175620317459106,8916352,0.011360894123964066,-0.014108419024460521,-0.26971328283462725,-1.0194631154863614,-1.4340193880794359,-0.7193707127807101,-0.6911295486753722,31.620213153824622,0.046816668544887585,0.183938296971129,54.894407729256265,1.732543339263318,-0.14106747725777105,-0.504196169785972,-0.6111861353780582,0.09593192510739179,False,False,False,True,1.6115119457244873,0.9858660101890564,False,False
2022-06-05,1.0369999408721924,5373812,0.01892227089207483,-0.1187452135478312,-0.24292659984652415,-0.9894950247092344,-1.2447355846745158,-0.6666839503374062,-0.6740460027674625,32.7971874064059,0.04970422534723862,0.1703358805534029,53.43037152355885,1.740671010514344,-0.1100373340911106,-0.4847246443085635,-0.6016592568525597,-0.39730822650339515,False,False,False,False,1.6115119457244873,0.9858660101890564,False,False
2022-06-06,1.0614609718322754,8193168,0.02331436225861358,-0.13526239449126462,-0.10602412970637233,-0.9525628497323991,-1.242238021353032,-0.6098576589601855,-0.6603648560598037,34.329058963476214,0.05342305571865413,0.15883720361041037,47.16253807986824,1.7505810898885703,-0.07098189219217385,-0.4633808489780729,-0.5901007242773555,0.5246473080933982,True,False,False,False,1.6115119457244873,0.9858660101890564,False,False
2022-06-07,1.0559509992599487,6947718,-0.005204452496369801,0.000999600920594037,-0.04024638707553988,-0.9804696811777899,-1.1423583579491159,-0.7861291729713596,-0.7331493320336788,34.140276650867975,0.0554335236475032,0.15283578523940747,44.31992019332785,1.7423421423858525,-0.06274398838825634,-0.4558806818873921,-0.5891268779670779,-0.15201079728866784,False,False,False,False,1.6115119457244873,0.9858660101890564,False,False
2022-06-08,1.0089069604873657,5818524,-0.04557425449759328,-0.017180221581003543,-0.07145731793334636,-0.6972047155500145,-1.2219004367361717,-0.8173383585655047,-0.7295091869442274,32.49710143813441,0.053490879755670684,0.1538465720538339,38.86627062243243,1.378499918656096,-0.08785880695705182,-0.4694886899043687,-0.604541095025146,-0.1625273219206652,False,False,False,False,1.6115119457244873,0.9858660101890564,False,False
2022-06-09,1.0215309858322144,7637114,0.01243494098013624,-0.003986105984925483,0.013655773742918285,-0.657287284444715,-1.2108574251505517,-0.7823645297516063,-0.6692799161978554,33.423116903670405,0.0528582984834558,0.14341669527728707,35.79862025692046,1.3839745790279212,-0.0640898144150631,-0.4522134895117927,-0.5970004346742058,0.312551774298774,False,False,True,False,1.0985699892044067,0.9858660101890564,False,False
2022-06-10,0.9969620108604431,13590961,-0.024345081670199244,-0.009091320409373344,-0.07423146589006051,-0.42330568521649553,-1.0988349677470213,-0.8617330804656359,-0.5597490085041769,32.4889899752734,0.05058595489171264,0.13909763130967207,30.693704087626582,1.0904173980068168,-0.07233692118988753,-0.45514123751809665,-0.6045409495914035,0.7795938361009145,False,False,False,False,1.0985699892044067,0.9858660101890564,False,False
2022-06-11,0.8467659950256348,7402530,-0.16328828436318943,-0.18374049889652694,-0.19784891792098733,-0.5113656860492597,-1.245325669055644,-1.0524102285841332,-0.6832634056345079,27.440053017910373,0.0392724401676231,0.16553803225500702,28.91670989779893,1.1911493276114753,-0.19427255815699024,-0.5274211207704345,-0.6622402192367292,-0.4553343210976766,False,False,False,False,1.0985699892044067,0.9858660101890564,False,True
2022-06-12,0.8016059994697571,6768191,-0.05480716675173543,-0.25746993654033706,-0.3762151500881683,-0.6167945268687193,-1.422449846247081,-1.0450138580715882,-0.7219600089285828,26.12541237826811,0.029498811266670366,0.1680311314172829,33.981839860318274,1.1723865746090774,-0.22325349473397646,-0.5424870016049618,-0.6784536197649416,-0.08569218902186149,False,True,False,False,1.0985699892044067,0.9858660101890564,False,False
2022-06-13,0.5938609838485718,17151282,-0.29997195662358306,-0.5807562554225337,-0.7160186499137983,-0.9101462730923195,-1.5877241071671109,-1.5091921847317828,-0.921626208211634,21.114056991569555,0.010759672834069062,0.23995814293453377,50.91330495430716,1.5226820243220314,-0.41011009109304736,-0.6513840976462977,-0.7602143720721919,1.5341013573641762,False,True,False,False,1.0985699892044067,0.9858660101890564,False,False
2022-06-14,0.6217700242996216,7894228,0.04592503046985872,-0.5296267724563052,-0.5286271715357111,-0.8583697146879976,-1.5786066780264125,-1.6080817610342168,-0.900361854654316,23.24416881473998,0.0023978311762486437,0.2199282535952642,61.67289829738812,1.5437265261581719,-0.3678876322565743,-0.6234664633548167,-0.7474124380031725,-0.5397295665711752,False,True,False,False,1.0985699892044067,0.9858660101890564,False,False
2022-06-15,0.6164190173149109,9038694,-0.008643333316737575,-0.4926958512754495,-0.5098760728564531,-0.8389091948595719,-1.5919284680010286,-1.519596669108062,-1.062074643796712,23.115291212725822,-0.001149424015892131,0.21893750166635034,71.05854843252564,1.5452987840000358,-0.3606113230875521,-0.6159137496348926,-0.7481476664142115,0.14497503745774765,False,False,False,False,1.0985699892044067,0.9858660101890564,False,False
2022-06-16,0.5316399931907654,23785865,-0.14796039945543854,-0.6530911917110244,-0.6570772976959499,-1.0469163566430364,-1.6559034123514107,-1.7856613457007606,-1.2470716710353187,21.117527699539252,-0.006559327432322681,0.2953053828400787,82.4994601905969,1.5663770473640952,-0.4325955948416922,-0.6572685150628096,-0.7813129948674886,1.63155993553936,False,False,False,False,1.0985699892044067,0.9858660101890564,False,False
2022-06-17,0.5796599984169006,11489090,0.08647516628123891,-0.5422709437595862,-0.5513622641689596,-0.8633134095077072,-1.618796048674904,-1.8125351900872075,-1.0685130974703099,25.06784001477439,-0.0043632327492922895,0.26150982724814076,90.4674155323977,1.605011854667712,-0.36604172471315755,-0.6112072558130789,-0.7597555496887403,-0.5169782557834244,False,False,False,False,1.0985699892044067,0.9858660101890564,False,False
2022-06-18,0.46376800537109375,17661638,-0.2230572832603939,-0.6020399426567906,-0.7857804415533176,-1.1190263384030306,-1.8514555559440946,-1.8870830931792366,-1.2079436340000715,22.18085156321004,-0.00796550483372202,0.3404502780024766,100.1656368715188,1.7251646926863209,-0.4724822049671292,-0.6773217276069733,-0.806281014881262,0.5372529939272823,False,False,False,False,1.0985699892044067,0.9858660101890564,False,False
2022-06-19,0.5152760148048401,18182317,0.10531826940461564,-0.44191450650043956,-0.6993844430407767,-0.9358080158436868,-1.7166643452216177,-1.8995769817377754,-1.1021948402933381,26.246384336586004,-0.004312011741737759,0.3061286167305275,104.04784533018665,1.7881191698244288,-0.38959563854991586,-0.6291427226930364,-0.7832779589678913,0.02948078768232021,False,False,True,False,0.9727950096130371,0.9858660101890564,False,False
2022-06-20,0.5146390199661255,11303187,-0.001236985379245616,-0.1431795352561022,-0.723935790678636,-0.9514124403625747,-1.6760922796682967,-1.9516612346265376,-0.9731982413880809,26.22813511960483,0.00037978784485850903,0.2942150360107603,110.21574958415738,1.7839384243646295,-0.370196612263914,-0.6165014647511093,-0.7822076992332442,-0.37834177019353477,False,False,False,False,0.9727950096130371,0.9858660101890564,False,False
2022-06-21,0.5440549850463867,51420515,0.05558459440971319,-0.13351997131624774,-0.6631467437725531,-0.8879634338568333,-1.6184747037616842,-1.8632831675478447,-0.9139665791966122,28.693799262758844,0.007393470019290804,0.2868538845824508,114.63556094687277,1.8081780603550366,-0.3139502880840753,-0.5806702158385955,-0.7684568133202897,3.5492050162489575,False,False,False,True,0.9727950096130371,0.40602999925613403,False,False
2022-06-22,0.5111899971961975,13888744,-0.062308981629280114,-0.1871856196287904,-0.6798814709042399,-0.8366843076045752,-1.695905413423379,-1.9607354260018373,-1.1972608128854783,27.584513241447226,0.011503318278215519,0.293739499624974,119.17035421854108,1.7869207286412567,-0.3337847428184937,-0.5919351557527943,-0.7812381052566386,-0.7298987767819907,False,False,False,False,0.9727950096130371,0.40602999925613403,False,False
2022-06-23,0.5474810004234314,10537339,0.06858642309375668,0.02936120292040488,-0.6237299887906195,-0.6971156893836163,-1.7091650753068486,-1.833603737812486,-1.036543611499536,30.767365807348384,0.01796481005889483,0.2616170432355053,121.7076443821041,1.8107148601885517,-0.2645093952223079,-0.5445195095080066,-0.7639209591925344,-0.24130367727996138,False,False,False,False,0.9727950096130371,0.40602999925613403,False,False
2022-06-24,0.6419749855995178,21576335,0.1592215810246914,0.10210761766385743,-0.4401633260957289,-0.5235307847191382,-1.6159524485194607,-1.6114049562144175,-0.8351898834630322,38.36381585476392,0.029234977263017575,0.21914213065806673,120.44732754596643,1.9193920126268738,-0.1152444625104933,-0.4458172395371363,-0.7213262192877469,1.0476075601249994,False,False,True,False,0.7245990037918091,0.40602999925613403,False,False
2022-06-25,0.6439639925956726,23198503,0.0030934727324440922,0.3282583736566953,-0.2737815690000953,-0.4477591612905658,-1.5173567057569062,-1.7169244859286799,-0.9349135838103889,38.51673911633289,0.036958244249364836,0.2152064587108988,117.27242006911915,1.9101258968148056,-0.08779746825011878,-0.4227172034414729,-0.7186910234987247,0.07518274072033093,True,False,False,False,0.7245990037918091,0.40602999925613403,False,False
2022-06-26,0.6187340021133423,12340966,-0.03996735404439852,0.182972750207681,-0.2589417562927586,-0.5512686732977438,-1.6486071082132172,-1.818636394562435,-0.9529312646093104,37.25410533184969,0.04023222833150428,0.21483195890951495,111.61392812570953,1.890630499533276,-0.09516380383258062,-0.4232800136379391,-0.7278963534093381,-0.4680274843596589,False,False,False,False,0.7245990037918091,0.40602999925613403,False,False
2022-06-27,0.5732709765434265,8885439,-0.0763169449967633,0.10789279059016343,-0.03528674466593886,-0.5879147859622447,-1.835321347827107,-1.9040264561133453,-1.046937419390123,35.02595827364624,0.03916293801289095,0.22347582809292807,104.16510833311709,1.9001228843208595,-0.1309780345432375,-0.4423532906807812,-0.7464085531903338,-0.2800045798683831,False,False,False,False,0.7245990037918091,0.40602999925613403,False,False
2022-06-28,0.5201730132102966,9062240,-0.09719703943221188,-0.04488884325176169,-0.1784088145680094,-0.808670890809902,-1.8002404048861693,-1.9964102809189,-1.3253600472356126,32.57540709722953,0.03485091725949305,0.23907343333479916,97.12001296903662,1.8460428727467015,-0.18113558841685065,-0.47873301443088717,-0.7685162712138146,0.019897835098524608,False,True,True,False,0.720212996006012,0.40602999925613403,False,False
2022-06-29,0.4992009997367859,8490454,-0.04115265421824943,-0.023732515840730876,-0.21091813546952135,-0.8896550882301985,-1.7617428578792322,-1.9757083582391028,-1.4404334021078882,31.63400559731835,0.030703229922784014,0.23730194550654163,84.53312521356324,1.830715251738352,-0.18045615252884484,-0.4845432572932047,-0.7766165218640773,-0.06309543777255955,False,True,False,False,0.720212996006012,0.40602999925613403,False,False
2022-06-30,0.4514229893684387,12068340,-0.10060402760495438,-0.1929229665394421,-0.16356176361903715,-0.8487926679269244,-1.855796651360025,-2.2309634351419207,-1.5169175184123456,29.539593379870453,0.02509529724215595,0.25425991795223857,67.17895750180938,1.8046672123079568,-0.22415063151167866,-0.5233350462074211,-0.7968079011682102,0.4214010228428302,False,True,False,False,0.720212996006012,0.40602999925613403,False,False
2022-07-01,0.454925000667572,7437211,0.007727779540625089,-0.34441676802350846,-0.242309150359651,-0.8136704563903038,-1.806468901696316,-2.271088452877051,-1.5516150809933678,29.905915806452427,0.022081462092066823,0.2402276748980266,57.186385020393175,1.809040268041249,-0.1908870670065777,-0.5097275091848829,-0.7942798798193105,-0.38374200594282226,False,True,False,False,0.720212996006012,0.40602999925613403,False,False
2022-07-02,0.4648289978504181,17408753,0.021537019727028383,-0.3259732210289242,0.0022851526277712104,-0.7913742620473337,-1.7766977571411269,-2.33276331239398,-1.5625612577604449,30.99849908199245,0.021209778900957155,0.23836315407748745,45.1370357124966,1.8147923556037382,-0.14774812182736324,-0.48778708687595496,-0.7887781695584931,1.340763627655582,False,False,False,False,0.720212996006012,0.40602999925613403,False,False
2022-07-03,0.5067740082740784,18243970,0.08639556977529635,-0.19961029720922926,-0.01663754700154821,-0.685738825026286,-1.8059428888557132,-2.2609590279299474,-1.5078252761512834,35.57843041088006,0.02372289136558911,0.21580137355855145,45.128350530101144,1.8569386867263098,-0.06336533343537362,-0.4293831400280393,-0.7684027895734025,0.04797684245390821,False,False,False,True,0.720212996006012,0.43327099084854126,False,False
2022-07-04,0.5416669845581055,16009859,0.06658623180299429,-0.05670712040947185,0.051185670180691686,-0.6305134873472559,-1.6499766028336171,-2.064532875426692,-1.349884200127966,39.19409846868314,0.027721673052710283,0.19896408555536318,43.32991397929709,1.8796002664751137,0.008590928148859943,-0.3771153607395156,-0.7508112152500921,-0.1224575023966823,False,False,False,False,0.720212996006012,0.43327099084854126,False,False
2022-07-05,0.5679469704627991,40958740,0.047376659529333884,0.08786657855207398,0.042977735300312236,-0.6020590987099969,-1.5915541234192314,-1.8467946833845128,-1.268743049047403,41.84163076753086,0.031829176457681435,0.19206315126592402,41.733294368474894,1.8898029372010188,0.06231861066856445,-0.3337423557645136,-0.7371518197723406,1.558344829895129,False,False,False,False,0.720212996006012,0.43327099084854126,False,False
2022-07-06,0.6193490028381348,16506566,0.0866408784840141,0.21566011125433754,0.19192759541360663,-0.5387325824845964,-1.4912954322169956,-1.7809706038376283,-1.148590241444782,46.72746517245942,0.03732018759784281,0.17601256678153623,43.59169366301177,1.9207557142766798,0.1490384285104611,-0.2578550723619967,-0.7117543037193755,-0.5969952688974319,False,False,False,False,0.720212996006012,0.43327099084854126,False,False
2022-07-07,0.6662070155143738,21092084,0.07293152536173687,0.38919566422102875,0.19627269768158667,-0.4605966046264898,-1.4410662858042795,-1.6029549625756057,-1.2467257775978495,50.78629499568063,0.04301545772781851,0.16393743215932985,47.47171820195893,1.9464498255572007,0.2261274250553047,-0.18792456544437067,-0.6883579797680169,0.2777996344000322,False,False,False,False,0.720212996006012,0.43327099084854126,False,False
2022-07-08,0.7422379851341248,47864281,0.10806947007797339,0.48953735475837706,0.1451205867348687,-0.3069528800509232,-1.0041575956009376,-1.528853316787095,-1.1242912386164279,56.56850201382886,0.050303906993748676,0.15426217890425675,53.837258505136944,1.9897225134511185,0.3319278803944479,-0.08004579012273937,-0.6511007302697868,1.2693007006799326,True,False,False,False,0.720212996006012,0.43327099084854126,True,False
2022-07-09,0.6824899911880493,13526450,-0.08392206439946794,0.38407827063188077,0.058105049602956566,-0.40330988543052737,-1.0605971698752423,-1.6141673105810792,-1.1856744151821337,51.45249108536389,0.04942910849314716,0.16517115466067786,55.914760834858555,2.0042405632609808,0.20660873466313928,-0.1406559736757511,-0.6774775477184959,-0.7173999124733536,False,False,False,False,0.720212996006012,0.43327099084854126,False,False
2022-07-10,0.6405450105667114,10068658,-0.06342846904913015,0.23425423180745425,0.03464393459822511,-0.4423932728094584,-0.8656989580259539,-1.5412282405564797,-1.3041263532750944,48.15957414541736,0.0445070906063738,0.16989388851386603,55.78815435160488,2.011539217462375,0.11998686476061014,-0.1791651240822988,-0.69559628523647,-0.25563189159018074,False,False,False,False,0.720212996006012,0.43327099084854126,False,False
2022-07-11,0.6239079833030701,9449321,-0.026316498136113656,0.14135150186834658,0.08464438145887465,-0.30542148658238255,-0.8167871726316421,-1.5507471556380268,-1.3578317151665158,46.87805709894975,0.03882002812383431,0.16647714936603158,55.75014456544006,1.939688936598861,0.0833343042518113,-0.1859165091871597,-0.70179294110396,-0.06151137520015082,False,True,True,False,0.8449640274047852,0.43327099084854126,False,False
2022-07-12,0.6379240155220032,10553239,0.022216283483768817,0.11619112582278161,0.2040577043748554,-0.22839803634687825,-0.8451925632155975,-1.6508478825939592,-1.2734118944184665,48.13030267319923,0.03481930367126862,0.1586675181149207,54.89740576572404,1.935987749759471,0.09561640203399882,-0.15568026624734185,-0.6934745323580366,0.11682511367748005,False,False,False,False,0.8449640274047852,0.43327099084854126,False,False
2022-07-13,0.9446809887886047,140407934,0.39262811417581234,0.4221783615145797,0.6378384727689173,0.46420203445251723,-0.44594423863980237,-1.1235220727145938,-1.0449901502792658,66.65634902475568,0.05068795053794011,0.1305309628941233,74.26990676596998,2.118309026193228,0.568947591575447,0.25546473549283727,-0.5439816214970536,12.30472417046558,False,False,False,False,0.8449640274047852,0.43327099084854126,True,False
2022-07-14,0.9065830111503601,36917380,-0.04116469324849826,0.3080821429043447,0.6972778071253736,0.3771123107341601,-0.4812574039538376,-1.2014943672922525,-1.2309694503000566,63.61730853789746,0.0560551083082768,0.14206803261722034,84.45386200962376,2.124324558156153,0.4733002643579614,0.21053004114055762,-0.5604832776533837,-0.7370705561410795,True,False,False,False,0.8449640274047852,0.43327099084854126,False,False
2022-07-15,1.136705994606018,136276264,0.22620728111955393,0.4262199539459254,0.9157573087043025,0.6119629251704517,-0.22694626968912007,-0.9799655428305769,-0.9076337439376102,71.93943234795941,0.07154825507487828,0.13202252233569867,107.93564295786877,2.2490874895643507,0.7761620988360393,0.5125935037808881,-0.4465830987474288,2.691385033282427,False,False,False,True,0.8449640274047852,0.5849239826202393,False,False
2022-07-16,1.3637839555740356,76912015,0.18212855514567447,0.6922705734910678,1.0763488441229487,0.9420518797715649,-0.10486447687147162,-0.7138515325798459,-0.843609465929196,77.42647569768282,0.09221860004914281,0.12416044480746792,138.0212121777941,2.2327426612720576,1.013764081560995,0.8008629467130735,-0.3334214178237878,-0.4356169391318212,True,False,False,False,0.8449640274047852,0.5849239826202393,False,False
2022-07-17,1.6254069805145264,203756127,0.17549507743726994,0.9311941199774679,1.1654483517849221,1.0310717909275957,0.16775838141988855,-0.5877242577473084,-0.7814633991596119,81.83393624332527,0.11704473935703558,0.1177478013992875,170.03384009874847,2.281439496669094,1.2270789961969943,1.1132168014038302,-0.2035467609735782,1.6492106207333146,True,False,False,False,0.8449640274047852,0.5849239826202393,False,False
2022-07-18,1.5153290033340454,101777325,-0.07012565467032524,0.8873849634432561,1.0287364653116027,1.1840034195176643,0.06497708111463375,-0.6674521364264302,-0.7030796736615723,75.18250625038465,0.11918636456560514,0.1349332754775814,179.526462213476,2.1209709440509683,0.9437366349839137,0.9524565913573455,-0.25480397740896144,-0.5004944072184883,False,False,False,False,0.8449640274047852,0.5849239826202393,False,False
2022-07-19,1.5153820514678955,84022871,3.500705471169065e-05,0.8652036870141991,0.9813948128369806,1.0787201571677603,0.14291214132407365,-0.6379441880538574,-0.8208568245700152,75.18355307888656,0.11375416319212277,0.1400934773152141,182.14298374137923,2.111600841251218,0.8248712849360075,0.9375370946401916,-0.25186104499238543,-0.1744441013752327,False,False,False,False,0.8449640274047852,0.5849239826202393,False,False
2022-07-20,1.5814579725265503,131663191,0.042679602616380485,0.5152551754547672,0.937433536969347,1.1226367451633865,0.17122430480081174,-0.5534555345049103,-0.8290244894631511,76.51251324574908,0.10781375577927456,0.1453702817842102,180.86023834270236,2.107416839091679,0.7831166102052868,0.9951556086106244,-0.2151291356527341,0.5669922895160295,False,False,False,False,0.8449640274047852,0.5849239826202393,False,False
2022-07-21,1.6081819534301758,69066206,0.016757130500869473,0.5731769992041348,0.8812591421084794,1.0838092812545428,0.19584584739770947,-0.5346654225071413,-0.7794738862933019,77.0478635932847,0.09910914239389007,0.1435272888648921,176.7309146881267,2.1075567197646135,0.7025554646159924,0.9995180803225594,-0.1977698067969057,-0.47543268945988104,False,False,False,False,0.8449640274047852,0.5849239826202393,False,False
2022-07-22,1.5299049615859985,64177355,-0.049898702608916545,0.2970710154756643,0.7232909694215895,1.0962195602749063,0.2595352526703311,-0.5996858531484728,-0.864515865726931,71.87981987285195,0.08220148191126148,0.15096348248471475,168.6321797508143,2.10069467325702,0.5332423825199296,0.8786346872994544,-0.23337442435321226,-0.07078499432848528,False,False,False,False,0.8449640274047852,0.5849239826202393,False,False
2022-07-23,1.5852199792861938,65424365,0.035517569027666916,0.15046002935765646,0.8427306028487244,1.0631507062088164,0.36603501682520007,-0.6460143690980323,-0.7704530316036695,73.24552105974357,0.06937681407749757,0.14668100545285045,161.01733225343025,2.0975097913348004,0.5072275971518059,0.9192600649816377,-0.2022184598290268,0.019430685480883447,False,False,True,False,1.8881230354309082,0.5849239826202393,False,False
2022-07-24,1.6484689712524414,68816632,0.03912377504743382,0.014088726967820445,0.9452828469452883,0.943052900231559,0.4195221155124208,-0.6728995482879018,-0.6683520559828586,74.75526613355422,0.060131781124614425,0.13965207727689488,153.70597265155692,2.0495896111318004,0.48901660123337876,0.9658052738988938,-0.16698590631566695,0.05185020901616699,False,False,False,False,1.8881230354309082,0.5849239826202393,False,False
2022-07-25,1.4585679769515991,61010381,-0.12239184425987756,-0.03817746262173169,0.8492075008215245,0.8175675832392373,0.3698084219486715,-0.6997891225176689,-0.8993569026894425,63.220172723966876,0.03732254065846691,0.15692316938042833,143.479386168182,2.1170558336655976,0.26653940152382366,0.7220335805707025,-0.26026580905942887,-0.11343552820196146,False,False,False,False,1.8881230354309082,0.5849239826202393,False,False
2022-07-26,1.4397300481796265,50075693,-0.012999487207857647,-0.05121195688430117,0.8139917301298979,0.8445354500757781,0.29326677677803437,-0.8040716581374392,-0.974100944486657,62.194934165307174,0.018038995368897442,0.15577991827493481,133.71156143161772,2.1083505454134,0.20718333060349317,0.6847448597040245,-0.2674659148074018,-0.17922667947279336,False,True,False,False,1.8881230354309082,0.5849239826202393,False,False
2022-07-27,1.9227559566497803,136533028,0.2893039214628359,0.1954123619621542,0.7106675374169215,1.2101563165353775,0.6222415305731328,-0.6251650312917296,-0.693870139577968,73.88805494333326,0.033962825948569725,0.12912255906387768,130.50867421038689,2.2605500576191933,0.5315111554664523,1.2052363852555763,-0.019859131851940243,1.7265329707968293,False,False,False,False,1.8881230354309082,0.5849239826202393,True,False
2022-07-28,2.2647149562835693,405274052,0.16368935296539225,0.34234458442667715,0.9155215836308119,1.4710427089329816,0.6623718181230795,-0.3291976959531877,-0.5253675719859183,78.87064328260874,0.06203923541677103,0.12430451837731973,134.25767071248117,2.2438705927341465,0.7007636800543835,1.5247071406325001,0.15651758081936773,1.9683224486898512,True,False,False,False,1.8881230354309082,0.5849239826202393,False,False
2022-07-29,2.4138660430908203,272288199,0.06378072555808342,0.4560240125936771,0.7530950280693411,1.5759760887093142,0.6863210004791159,-0.18576676916991797,-0.39973226952978863,80.60868469370827,0.0838148835904245,0.1229055964739184,135.19914310564494,2.220517768973877,0.7021161488063841,1.6099586137911934,0.23362534246898115,-0.32813808913678,True,False,False,True,1.8881230354309082,1.2941139936447144,False,False
2022-07-30,2.334688901901245,146160170,-0.033350979804108685,0.38715546376190146,0.537615493119558,1.64322913651016,0.7944364685832357,-0.21256751484986502,-0.5877342986317609,76.98828461368423,0.08573741602277585,0.12836930434448204,128.84749166790996,2.1740470260580187,0.5534940772611455,1.4533782036903875,0.19499328186419654,-0.46321518693507535,False,False,False,False,1.8881230354309082,1.2941139936447144,False,False
2022-07-31,2.155564069747925,72282920,-0.07982621104581725,0.2682054776686504,0.282294204636471,1.5556751459237177,0.7420046895334139,-0.2507937557725984,-0.7154133069533336,69.39478100583234,0.06854177674501927,0.13798891039503494,116.3756557259484,2.218881355627129,0.36475968183026114,1.2045084454143413,0.10556025532947214,-0.5054540508539365,False,False,True,False,2.626697063446045,1.2941139936447144,False,False
2022-08-01,2.0801210403442383,80805950,-0.03562635411501836,0.35497096781350945,0.3167935051917779,1.4985117720816712,0.7071375100343373,-0.2781859850594558,-0.834251540312309,66.42321449296844,0.04672517150339611,0.14187320640853984,101.07778219650288,2.2375919776169835,0.25949187721313355,1.073137974372703,0.06841782670214334,0.11791208766884353,False,False,False,False,2.626697063446045,1.2941139936447144,False,False
2022-08-02,2.297667980194092,174474586,0.09946860242078447,0.46743905744215153,0.41622710055785034,1.511584804727159,0.8258459797008729,-0.2943580841285541,-0.7493742232027883,70.3641119487879,0.04174733605798858,0.1375007427184611,94.64799437924746,2.2407343804507858,0.33647113600318035,1.2147382245800358,0.18109638341893028,1.159179936625954,False,False,False,False,2.626697063446045,1.2941139936447144,False,False
2022-08-03,2.5969760417938232,241938018,0.12245302038466575,0.3005881563639816,0.4960005183261358,1.5674515933088307,0.9369381059615747,-0.08252500952478659,-0.49708128211786107,74.7543898240987,0.05270731481689406,0.12938685068192066,89.76557437554285,2.254250677141495,0.43978511876861426,1.411420566804621,0.33466641794130914,0.3866662391736524,False,False,False,False,2.626697063446045,1.2941139936447144,False,False
2022-08-04,2.4371790885925293,185042816,-0.06350644803833307,0.07339235536025628,0.4157369397869334,1.4565684857411638,0.854509387031167,-0.13498563767806762,-0.39022619764334887,68.88698561398702,0.04366312643160741,0.14167070172623164,84.93030176844763,2.29016025580156,0.30417721988739266,1.189023076417268,0.25277970130116645,-0.23516437172763816,False,False,False,False,2.626697063446045,1.2941139936447144,False,False
2022-08-05,2.6419639587402344,150484423,0.08068130508892007,0.09029293489109286,0.5463169474847699,1.4506089123460697,0.9118763298614733,-0.0406865198709257,-0.33036169149155864,71.92786255093975,0.04572206806466639,0.1302192073947321,85.45996216755262,2.289006811656563,0.3670110197098249,1.2862857988045793,0.35641081744099157,-0.18675890124802252,False,False,False,True,2.626697063446045,1.8605320453643799,True,False
2022-08-06,2.59529709815979,101858977,-0.017821565591256645,0.10582234910394483,0.49297781286584647,1.3598558213930763,0.8992592167665864,-0.08121046441120348,-0.24309914118252954,70.24303511694444,0.038481031507484276,0.1276895123961341,86.93058182814976,2.2986106200212295,0.3099939962477045,1.1701930826874207,0.331381858884418,-0.3231261085408156,False,False,False,False,2.626697063446045,1.8605320453643799,False,False
2022-08-07,2.462570905685425,72213851,-0.05249511092154564,0.1331534492282167,0.401358926896867,1.1992912403935572,0.892338360342634,0.1951336447926196,-0.32956207639353763,65.54081614291078,0.020210724326852947,0.1311324616225423,84.55568932945906,2.3116429672396244,0.21397777307153604,0.9925984380970163,0.2624629426942907,-0.2910408770353152,False,False,True,False,2.8330819606781006,1.8605320453643799,False,False
2022-08-08,2.376391887664795,96446649,-0.035622564050709654,0.1331572392925254,0.48812820710603483,1.2475907407423155,0.8442808553117882,0.1869935708670732,-0.3665765698387634,62.610101221866174,-0.0010902887134165429,0.13483877486898857,80.75419515588138,2.285046724676432,0.1471483989958546,0.8666456530890664,0.21752611029686134,0.33556994488495007,False,False,False,False,2.8330819606781006,1.8605320453643799,False,False
2022-08-09,2.2688519954681396,91499945,-0.04630934908515278,-0.012620712213411826,0.4548183452287397,1.2647098607062928,0.8223165878968345,0.3990109026803392,-0.27651837985018674,59.06102405495282,-0.024534971268648342,0.1409282575581949,76.84021697834916,2.2759064468440875,0.0773612990536933,0.734376647570094,0.161451513036512,-0.051289537286049236,False,False,False,False,2.8330819606781006,1.8605320453643799,False,False
2022-08-10,2.7206780910491943,175118767,0.18160717271745488,0.04653344011937717,0.3471215964833587,1.4726335315598613,1.1672120449774788,0.6558463589282192,-0.07811362407816526,67.41778591173983,-0.012340904624562943,0.1247702276142349,75.63952250461573,2.312435158438542,0.2586647387514655,1.0127852655301668,0.389141152891369,0.9138674564230613,False,False,False,False,2.8330819606781006,1.8605320453643799,False,False
2022-08-11,2.652470111846924,180661899,-0.025389823893830623,0.08465006426387954,0.15804241962413584,1.425027424182262,1.1966293878353835,0.5798348609666644,-0.22582045841169743,65.25234792817474,-0.011607625883179373,0.12558534524366846,71.24541035536271,2.325324048800868,0.1960523764991153,0.9020616426368019,0.35086786964076266,0.031653557725197956,True,False,False,False,2.8330819606781006,1.8605320453643799,False,False
2022-08-12,2.811048984527588,110111936,0.058066394263059644,0.062035153438019235,0.1523280883291122,1.0904657042695092,1.5546677387220262,0.6445214656297068,-0.033056368445084625,67.83876638165917,-0.0035967234510591584,0.11815055199045574,67.94842491148903,1.9652987025821982,0.23346873661400294,0.9523951630347309,0.4274969298080522,-0.39050825542357437,False,False,False,True,2.8330819606781006,2.10007905960083,False,False
2022-08-13,2.9346389770507812,155455255,0.043026721811251785,0.1228834408405277,0.2287057899444725,1.1746571193292592,1.5517694300634193,0.6933997153754217,-0.026837247962993326,69.72984930167337,0.0063309968455749766,0.11284247172830923,65.52613668739461,1.9453442198520774,0.25235991982425643,0.9753254009636997,0.48551434847774083,0.4117929504027611,False,False,False,False,2.8330819606781006,2.10007905960083,True,False
2022-08-14,2.676568031311035,106012206,-0.09204905105762698,0.08332950070444625,0.21648294993266282,0.8564007871520781,1.46836371232253,0.629454517462958,-0.12356475567849878,61.586486356074886,-0.007431425130814295,0.12530422372521186,55.19635582492847,1.8756769759062841,0.11329434827025527,0.7536311521986333,0.3514237309832279,-0.31805324947040226,False,False,False,False,2.8330819606781006,2.10007905960083,False,False
2022-08-15,2.7471530437469482,142268185,0.026029730069729137,0.14498179482488496,0.2781390341174104,0.7003019620761328,1.6423538418476977,0.5954374852046613,-0.013549570503713027,62.86392238610414,-0.014329927256662822,0.1197268489920147,41.346104338162405,1.791966861073644,0.11240661093657477,0.7510406065841689,0.3836798178865026,0.34199815632550834,False,False,False,False,2.8330819606781006,2.10007905960083,False,False
2022-08-16,2.575788974761963,77846721,-0.06440923345947266,0.12688191045056513,0.11426119823715339,0.46039765117939024,1.491469442106986,0.6281560325992789,-0.12732660656791805,57.83539534357697,-0.03197259085199333,0.12532389276351363,35.64149012893991,1.7298979756460657,0.02940559161556243,0.600943649742187,0.29439703800525757,-0.4528170792366544,False,False,True,False,3.0900609493255615,2.10007905960083,False,False
2022-08-17,2.471914052963257,95999232,-0.04116311437897094,-0.09588837664586063,-0.04935493652648349,0.4893601914707445,1.673363610988409,0.5543372725853783,-0.17809194495568573,54.96525464828286,-0.05104475742019482,0.13114640106273634,34.45037387338066,1.7147707177801041,-0.01618100652017514,0.4999896981998629,0.23968284810192161,0.23318273097205977,False,False,False,False,3.0900609493255615,2.10007905960083,False,False
2022-08-18,2.2365241050720215,68980245,-0.10006984890604127,-0.17056840165807124,-0.08591833739419173,0.38925533550999153,1.467975492677752,0.5321674768340652,-0.24868885254386572,49.02763580159845,-0.07828975466564198,0.1444502730328786,35.749946936519194,1.761640333187,-0.10671344650249875,0.32912786855528575,0.12046042483788164,-0.2814500328502628,False,True,False,False,3.0900609493255615,2.10007905960083,False,False
2022-08-19,1.848315954208374,156351793,-0.19064799236861482,-0.4192827882897459,-0.3572476348517266,0.15592774052499617,1.2785644856883827,0.32715204532580794,-0.397527793979914,41.135382257297856,-0.11880315858495627,0.17874547545751357,42.54018918117278,1.8950685909144147,-0.25452620874067944,0.08048317962725597,-0.07374176387155443,1.2666169567823369,False,True,False,False,3.0900609493255615,2.10007905960083,False,True
2022-08-20,1.858983039855957,102172756,0.005754655938085492,-0.4565548541629121,-0.33367141332238454,0.14492526596221214,1.228734547216755,0.34077111335992166,-0.38974015654492933,41.414454326633525,-0.13978310099833263,0.17361295009165983,46.84603721382112,1.8946124344538977,-0.24571254728698594,0.06916787763632438,-0.06784817645138397,-0.346520087556655,False,True,False,False,3.0900609493255615,2.10007905960083,False,False
2022-08-21,2.1557400226593018,214264887,0.14810447715817435,-0.2164013259471107,-0.13307182524266456,0.3429284457293032,1.4391480060042094,0.6024636983996343,-0.2567574074191695,48.70083987481548,-0.1288438620760966,0.15458539740932237,46.02851301647675,1.947760153642964,-0.1266424343190115,0.2161885161531627,0.08067579503999212,1.097084344088751,False,False,False,False,3.0900609493255615,2.10007905960083,False,False
2022-08-22,2.1834099292755127,257243332,0.01275377988073758,-0.22967727613610234,-0.08469548131121735,0.320164656582374,1.3833153627911905,0.6861996734075739,-0.3258497125156585,49.333591426864636,-0.11535059899222275,0.15204899915317133,46.864409240593574,1.9458345660367025,-0.11338043261227161,0.20892844470527927,0.09387956532036351,0.20058557238078856,False,False,False,False,3.0900609493255615,2.10007905960083,False,False
2022-08-23,2.134680986404419,209522796,-0.02257062784629499,-0.1878386705229247,-0.06095676007235945,0.25847025368864507,1.201523153920204,0.6779923692010658,-0.41442929459925676,48.205907964958,-0.10557655093542806,0.15103657881128546,48.4151961433121,1.946380136507982,-0.12495446533678066,0.1614588961172749,0.0691889322156379,-0.18550737789386118,False,False,False,True,3.0900609493255615,1.7425320148468018,False,False
2022-08-24,2.167771100997925,153305773,0.015382282654533827,-0.1312932734894198,-0.22718165013528044,0.39624438060305645,1.2138119638422937,0.7660528025517279,-0.30354474191461245,49.057478990881954,-0.09318387513574786,0.1468523175488876,49.654416778083096,1.8881185439721273,-0.10645626940440414,0.15928101198831215,0.08540109148519248,-0.2683098167513954,False,False,False,False,3.0900609493255615,1.7425320148468018,False,False
2022-08-25,2.006943941116333,163187200,-0.07708635953969452,-0.10830978412307307,-0.27887818578114437,0.33215750827121965,1.1766929583469978,0.6254242850492541,-0.4719141498662195,45.170259672778926,-0.0919625012717164,0.15780893796571735,51.800527222191796,1.9123912766717612,-0.16177806194272237,0.05757814298325813,0.004994613714132432,0.06445567447743805,False,False,False,False,3.0900609493255615,1.7425320148468018,False,False
2022-08-26,1.739212989807129,134416277,-0.14318043154589247,-0.0608422233003506,-0.4801250115900965,-0.10032684473750876,1.1098294717978687,0.521914685835624,-0.7254918760292385,39.551724389589744,-0.10441985855270501,0.18428182719063677,57.36940679740389,1.7040848965087794,-0.2603760707134281,-0.09375361101774406,-0.12807218810079202,-0.17630624828417918,False,False,False,False,3.0900609493255615,1.7425320148468018,False,True
2022-08-27,1.6289769411087036,106213598,-0.06548053192081596,-0.132077411159252,-0.5886322653221643,-0.32949672962371684,1.1415459793092646,0.3328750884993626,-0.6586944255769046,37.48429984150189,-0.11450879353343954,0.19076918973333173,64.21251533919006,1.606022417189481,-0.2947550809967773,-0.15896597287914777,-0.18238728511444877,-0.20981595108455509,False,True,True,False,2.3260390758514404,1.7425320148468018,False,False
2022-08-28,1.5969749689102173,67286904,-0.019840978985931863,-0.30002286730335825,-0.516424193250469,-0.41311843416773214,1.162857654541582,0.2732025663113836,-0.59888520333765,36.881585374443524,-0.11733066396110584,0.1856345362875143,70.71264710631608,1.5833538374844984,-0.2967446515553597,-0.183201402298955,-0.1976484435817984,-0.3664944482908864,False,True,False,False,2.3260390758514404,1.7425320148468018,False,False
2022-08-29,1.879660964012146,142396942,0.16298022699702724,-0.14979642018706868,-0.3794736963231711,-0.21678722736659625,1.4264419091435638,0.5776492412166394,-0.42935474221646114,45.255272737340064,-0.09509968078124446,0.15874736513423218,72.9152807159148,1.6968253573417569,-0.16510451002966184,-0.05065039887052691,-0.05594101049268596,1.1162653285400084,False,False,False,False,2.3260390758514404,1.7425320148468018,False,False
2022-08-30,1.7840880155563354,139030224,-0.05218405327252855,-0.17940984561330225,-0.367248516136227,-0.18914506959330754,1.3665300763304102,0.5528596199401064,-0.439938825365906,43.17002190206819,-0.08225428987466449,0.16349661580809943,73.95674099279448,1.6846353341195512,-0.19072215521927013,-0.10935858336234594,-0.10418367284315987,-0.023643190315140283,True,False,False,False,2.3260390758514404,1.7425320148468018,False,False
2022-08-31,1.9769949913024902,185102283,0.10267064168643918,-0.09212148658139696,-0.22341476007081673,-0.05084807379185007,1.447663698289821,0.6562894362424874,-0.3290340588513058,48.34381522170163,-0.05736739400734154,0.149960478218301,73.14143093324162,1.7229685124195715,-0.08926535468853398,-0.02607775706146189,-0.008136371033243927,0.33138160663540317,False,False,False,False,2.3260390758514404,1.7425320148468018,False,False
2022-09-01,2.080425977706909,127955013,0.05099465901821276,0.03595953197651029,-0.07235025214656271,-0.09932201719442166,1.4122627875327374,0.7265239625064515,-0.3936801013229757,50.923646424012354,-0.03181712503074272,0.13930593068873293,69.1506598400191,1.6952192840278117,-0.025213853304908607,0.013533770039235856,0.04221839269860769,-0.30873346926790746,True,False,False,True,2.3260390758514404,1.5677310228347778,False,False
2022-09-02,2.190951108932495,178853441,0.05176307614560341,0.23090303966800615,0.17006081636765544,-0.17001196143348407,1.3974396318753466,0.7669261445280908,-0.2525369709582706,53.59091661364882,-0.00666520454733515,0.13116136547129642,61.180169842166634,1.6464438848720362,0.044775744388570224,0.05418659620409843,0.09577299459776242,0.39778377420820554,False,False,False,False,2.3260390758514404,1.5677310228347778,False,False
2022-09-03,2.006545066833496,71652087,-0.08792137497228325,0.20846219661653898,0.07638478545728682,-0.19442688836743427,1.2621415973737296,0.6600824986637326,-0.32941252604550186,48.823106761538284,-0.0018880935346673594,0.14032894388353498,56.63757194672553,1.6593905383365253,-0.02762601552335019,-0.04255558331636651,0.002984028195577876,-0.5993809982107081,False,False,False,False,2.3260390758514404,1.5677310228347778,False,False
2022-09-04,2.0522429943084717,49452324,0.022518967683629727,0.2508221432861005,-0.0492007240172578,-0.2525892257727245,1.1980196865733452,0.6592871040887487,-0.2932757456436504,50.010014050553416,0.004557058694778508,0.1312860584197593,48.61774090295587,1.6331325918228372,0.011551460775079037,-0.027142113978655055,0.025308628079540745,-0.309827165257587,False,False,False,False,2.3260390758514404,1.5677310228347778,False,False
2022-09-05,2.0345139503479004,81211636,-0.008676393247961635,0.07916552304111167,-0.07063089714595702,-0.24344405342942954,1.1164117679636467,0.655815163337157,-0.324654517840633,49.53007579595981,0.00765169371498544,0.12846383813578297,42.44423954888977,1.6327814402294856,0.016370925834104443,-0.039272882449687095,0.015570575343614057,0.6422208185807405,False,False,True,False,2.270456075668335,1.5677310228347778,False,False
2022-09-06,1.85588800907135,199939550,-0.09189365272517672,0.039455923588463435,-0.13995392202483878,-0.2828425952330607,0.9164486451604965,0.6094957651095734,-0.08770895044044122,44.8589516681482,-0.0018014402826255702,0.14592025505230272,37.51989916191162,1.6519307902347253,-0.05837524850625729,-0.12643234262999656,-0.07429634100649539,1.4619569294232666,False,False,False,False,2.270456075668335,1.5677310228347778,False,False
2022-09-07,1.95579195022583,126916004,0.052431908436780916,-0.010782809661194732,-0.10290429624259174,-0.19478812274557006,1.0528026179967453,0.6494927325662181,-0.007794551878496961,47.82279989470336,-0.0008444916582504361,0.13800932796057316,35.67784923551337,1.6628738617910432,-0.0005691101709502899,-0.08320853420405128,-0.025447902248352118,-0.36522812019933026,False,False,False,False,2.270456075668335,1.5677310228347778,False,False
2022-09-08,1.8838560581207275,78631077,-0.037474430076263984,-0.09925189875567145,-0.06329236677916117,-0.1859532037366813,1.0787566569696116,0.6363633841601533,0.2130576989436579,45.909296336754906,-0.004377361693532249,0.13783131564790807,35.454297286587014,1.6604951487206094,-0.03820250932147511,-0.11942544930165606,-0.06251190443357557,-0.38044789843840343,False,False,False,False,2.270456075668335,1.5677310228347778,False,False
2022-09-09,2.0585429668426514,122442377,0.08867766393530681,-0.06233731096596803,0.168565728702038,-0.2788827125188293,1.193750819041032,0.8883293324586495,0.3769636464093899,51.03314074170952,0.005209703688293793,0.12525133871936242,35.21723143952854,1.556595005362885,0.04565658399143107,-0.041805453995828724,0.02263468992211331,0.5571753773638379,False,False,True,False,2.2328319549560547,1.5677310228347778,False,False
2022-09-10,2.1081719398498535,83357717,0.023822757847208886,0.04940682185352407,0.2578690184700629,-0.22967013077778983,1.195357293404472,0.9669592570575937,0.3501647301888745,52.41234076868567,0.014524741337292937,0.1199831784658744,34.79764643841396,1.559652937990774,0.07216140910181244,-0.02395891131708446,0.046209158792151185,-0.3192086021002353,False,False,False,True,2.2328319549560547,1.785019040107727,False,False
2022-09-11,2.08553409576416,91852507,-0.010796209261414209,0.016091644908479894,0.2669137881945805,-0.2985327343022638,0.7919329699672453,1.2561350044197626,0.34598873132744296,51.69706200735927,0.018535963345511303,0.1162284775429236,33.87425625409394,1.5415210688811603,0.0632947771506902,-0.0388923067937075,0.033584940982598205,0.10190766141064067,False,False,False,False,2.2328319549560547,1.785019040107727,False,False
2022-09-12,1.9902360439300537,103784458,-0.04677173674267309,-0.02200369858623145,0.057161824454880134,-0.3883311928561886,0.7863259264730705,1.1634382372072307,0.30506852251923305,48.684956360694876,0.014333329655256202,0.11845461307088312,33.05464334111375,1.5344845867920034,0.0184579183304945,-0.0856900309955455,-0.014890251770294845,0.1299033786851349,False,False,False,False,2.2328319549560547,1.785019040107727,False,False
2022-09-13,1.8413939476013184,123254993,-0.077730381722463,-0.007840427583517693,0.031615496004945856,-0.37401252352102454,0.4823882636310536,1.0943511888015054,0.2554419939419334,44.339625978270085,0.001752994955978214,0.1269850630630377,32.087907382270025,1.52598338050487,-0.04977347604900251,-0.1570327983573216,-0.08901648529090726,0.1876054986961535,False,True,True,False,2.1401360034942627,1.785019040107727,False,False
2022-09-14,1.8240859508514404,110537487,-0.00944385230070895,-0.06971618832100757,-0.08049899798220225,-0.40948610589146267,0.29081585618467015,1.232867735956235,0.18595137931319858,43.849510434345696,-0.007028634982379094,0.12774820380283966,32.45593742831675,1.519723513626952,-0.05424288614549244,-0.16788445380795144,-0.0980689472430878,-0.10318045290059774,False,True,False,False,2.1401360034942627,1.785019040107727,False,False
2022-09-15,1.697687029838562,269625893,-0.07181225875696884,-0.10405401700171243,-0.2033059157573839,-0.416889131188959,0.043508519990431434,1.0745803109180272,0.2112669014103199,40.342400106246,-0.01991487106671061,0.14794916142170095,33.062190836390485,1.5230513849511937,-0.11882994592849334,-0.22395181677000614,-0.16070151984460868,1.4392258257146735,False,False,False,False,2.1401360034942627,1.785019040107727,False,True
2022-09-16,1.7729090452194214,113653463,0.04335497188125919,-0.14937670905576006,-0.2117140200217281,-0.3323710449287287,0.15698914654201584,1.3409925660596802,0.22196622765664964,43.25128791002435,-0.021785909817964175,0.1370683439739903,30.721226616969894,1.532509365703543,-0.0832111121904345,-0.18590585574452276,-0.12311290915250142,-0.5784771939540687,False,False,False,False,2.1401360034942627,1.785019040107727,False,False
2022-09-17,1.8978370428085327,86261372,0.06809311333924295,-0.105106353563726,-0.05569953171020199,-0.16420808268344453,0.22504725282654697,1.3037674099943073,0.3679593941506207,47.80330318895805,-0.01343297917998812,0.12429232798978479,26.14335316628984,1.5218210573908555,-0.026184851093128188,-0.12439116595171618,-0.0608352187652772,-0.2410141343427432,False,False,False,True,2.1401360034942627,1.6624000072479248,False,False
2022-09-18,1.6843310594558716,76166290,-0.11934635155833637,-0.21365649586064808,-0.1975648509521681,-0.09290644187316603,0.06302129865183013,1.1856580438152167,0.23424560345264195,41.65383389826003,-0.020677186570103444,0.14031792258877232,28.723099368620264,1.430187530875044,-0.131385758235837,-0.2182051858810939,-0.16572028000511618,-0.1170289987968195,False,False,True,False,2.161530017852783,1.6624000072479248,False,False
2022-09-19,1.8229399919509888,94820385,0.07908209033391117,-0.08780266878406398,-0.10980636737029545,-0.019579007477340357,0.12534625848487185,1.2091555397394145,0.32119210588258124,46.46838629026143,-0.014799345772058117,0.12841249751050146,28.299025610921735,1.4584902801399486,-0.06084559209744206,-0.1512480414896571,-0.09633989720681656,0.24491274289452725,False,False,False,False,2.161530017852783,1.6624000072479248,False,False
2022-09-20,1.7893160581588745,79761395,-0.018617121534872133,-0.028689408596473114,-0.03652983617999077,-0.18630060617038707,0.15662783955891618,1.2528473998338225,0.41616309222924724,45.487811724602324,-0.011962753969753784,0.12503454907565467,29.17954356911135,1.3568633149027483,-0.07368996364349975,-0.1646410726749957,-0.11206499267629276,-0.15881595502907941,False,False,False,False,2.161530017852783,1.6624000072479248,False,False
2022-09-21,1.8255430459976196,130180960,0.02004404579968693,0.00079848950392269,-0.068917698817085,-0.17901034025143772,0.1411543163309362,1.2043050225397527,0.5071893331561363,46.79061739421558,-0.006696068778612667,0.12115742124904201,28.84646358827067,1.3583831580566956,-0.048659153522267115,-0.1439544430718487,-0.09304457093546178,0.6321299295229228,False,False,False,False,2.161530017852783,1.6624000072479248,False,False
2022-09-22,1.7985650300979614,89419205,-0.014888360759476646,0.057722387501414806,-0.046331629500297636,-0.17132807316461943,0.08714218052402559,1.0301950807555844,0.5066642960364465,45.91065924618424,-0.004200670455534836,0.12147811921414431,26.463754890242992,1.3574652922430608,-0.053036232299011714,-0.15024223040137002,-0.10580205932409419,-0.31311610392180234,False,False,False,True,2.161530017852783,1.6330130100250244,False,False
2022-09-23,1.7552820444107056,74729954,-0.024359588392255806,-0.009992172772100195,-0.15936888182786016,-0.21106994421140912,0.18517443639164743,1.0027420196308847,0.5549828583403189,44.4658138611084,-0.004604044858942641,0.12068540420845855,26.895253152979357,1.3567706588009802,-0.06967140532102378,-0.16531364435270438,-0.12674690172180947,-0.1642740057910378,False,False,False,False,2.161530017852783,1.6330130100250244,False,False
2022-09-24,1.6851719617843628,34208713,-0.04076194000288605,-0.1188472261142291,-0.22395357967795504,-0.1747455246746006,0.15741198359661907,1.0019474336723972,0.45067876037465343,42.15176986455798,-0.008504717400106554,0.12093068162127814,27.4321710020039,1.338965125142569,-0.09805709381954837,-0.19129404717841966,-0.1610672038071888,-0.5422355940430527,False,False,True,False,1.9405159950256348,1.6330130100250244,False,False
2022-09-25,1.5761300325393677,40252747,-0.06689511708000893,-0.0663959916359016,-0.2800524874965498,-0.09846021020871705,-0.19878705494622578,1.0113692615891516,0.423454475626907,38.772184876794846,-0.016858104487956327,0.1271371680949571,29.706012493646693,1.2648592707074637,-0.14594222340340943,-0.236150875530585,-0.21390075235176664,0.17668112799215807,False,False,False,False,1.9405159950256348,1.6330130100250244,False,True
2022-09-26,1.6285419464111328,52375975,0.03271260711184567,-0.11276547485796708,-0.20056814364203104,-0.0002670711760554551,-0.3297638007997724,1.141278908133209,0.33260801732330714,41.21200269536921,-0.017222438323523187,0.11889579892874415,31.605660607857434,1.2503755218004098,-0.11207249310758882,-0.20431788329257236,-0.1864290490437274,0.30117765627275084,False,True,False,False,1.9405159950256348,1.6330130100250244,False,False
2022-09-27,1.6010459661483765,48562347,-0.017027958599538946,-0.11117631192263387,-0.13986572051910703,0.002545949210337568,-0.41057248495739473,1.1654036037519195,0.27574851552172114,40.304626442742695,-0.01762057107612064,0.11907124189266706,33.15189721432703,1.2498523520188074,-0.11853958656005477,-0.21178010890351356,-0.19889922637300816,-0.07281254430108464,False,False,False,False,1.9405159950256348,1.6330130100250244,False,False
2022-09-28,1.618306040763855,35464645,0.010722803816580159,-0.1204975539057404,-0.11969906440181786,-0.1497114739701095,-0.3664987013367057,1.2767304351734543,0.4279377672465298,41.18010612341943,-0.015122629848562899,0.11508334173517025,34.52426693834949,1.104470725649143,-0.10247613451200377,-0.19814644953160368,-0.18875750215999243,-0.2697089990316983,False,False,False,False,1.9405159950256348,1.6330130100250244,False,False
2022-09-29,1.5986360311508179,26389983,-0.012229163170600523,-0.11783835631686432,-0.06011596881544941,-0.10975658386818138,-0.29890165346148895,1.2567734924622287,0.44310303607192486,40.4520044492851,-0.013262755930956466,0.11210283602921735,33.71906704064986,1.0917017969521334,-0.10193185494517594,-0.19898609792555239,-0.19695338815551275,-0.2558791156657567,False,False,False,False,1.9405159950256348,1.6330130100250244,False,False
2022-09-30,1.5782719850540161,25184034,-0.012820216958286055,-0.10629898488289453,-0.11629115765499465,-0.2252474425129066,-0.2760955163047567,1.2224162557769145,0.43104199372958074,39.66999694996989,-0.011914371189317902,0.10936373907093577,30.99975355193174,1.022240186290923,-0.0999757130514414,-0.20058419481999815,-0.20578446252733995,-0.04569722534493481,False,False,False,False,1.9405159950256348,1.6330130100250244,False,False
2022-10-01,1.5087640285491943,18031746,-0.04503977667511324,-0.11057682155512172,-0.22942404766935076,-0.3212818782062326,-0.4206038954006543,1.0909809093265048,0.4052420843002188,37.038067051070726,-0.014066356801375662,0.10986208485798772,28.522330185328386,1.0078479258319728,-0.12522726272496307,-0.22557429522679695,-0.23850642715851308,-0.28400088722878947,False,False,False,False,1.9405159950256348,1.6330130100250244,False,False
2022-10-02,1.43681800365448,15675589,-0.048859842643009264,-0.09254154711812211,-0.15893753875402372,-0.4219047969948453,-0.5919167584283294,0.9755348348805014,0.34502134753324537,34.48753234361797,-0.018423027852304194,0.11138832354667326,28.848497143332242,0.9903063743505718,-0.15335811549163483,-0.2509861300916228,-0.2717534741657396,-0.13066715780047033,False,True,False,False,1.9405159950256348,1.6330130100250244,False,False
2022-10-03,1.5301300287246704,26845367,0.06292176901736374,-0.06233238521260401,-0.17509786007057102,-0.2710616530051983,-0.4654885413726326,0.9910799443685311,0.3890208456585343,40.23583075424779,-0.01334479664602177,0.1028324222621909,29.222240057653675,0.9884827303754626,-0.09002924861196815,-0.19269297199211663,-0.22192055019900755,0.7125587434067071,False,False,False,False,1.9405159950256348,1.6330130100250244,False,False
2022-10-04,1.5795979499816895,34994753,0.03181763473322626,-0.013486791879838768,-0.12466310380247259,-0.26176298595560177,-0.5143522117283263,0.9362567006177434,0.3975241181331469,43.08684094224838,-0.005386773547167434,0.09736056313472388,28.798905952888372,0.9927416715535979,-0.053731347344536995,-0.1561975443223838,-0.19350374519030056,0.30356768823462166,False,False,False,False,1.9405159950256348,1.6330130100250244,False,False
2022-10-05,1.5275429487228394,29697322,-0.033509823949179375,-0.05771941964559848,-0.17821697355133886,-0.2865964166568196,-0.5300404700862491,0.8298153513068272,0.36921874668033733,40.87700306240059,-0.0025076035940991837,0.09726455819221178,29.82676468690326,0.9964981412423397,-0.0802278095088276,-0.17476270046489503,-0.21603189551584487,-0.1513778651330958,False,False,False,False,1.9405159950256348,1.6330130100250244,False,False
2022-10-06,1.497925043106079,30171827,-0.01957968280866751,-0.06506993928366549,-0.18290829560052968,-0.21428244674031036,-0.497125041973371,0.7021661984201862,0.3952133183692631,39.63153326107038,-0.0015250928830573274,0.09650006926425353,30.57030585508716,0.9522321698192734,-0.09053225091752665,-0.18215667136024966,-0.22813666514922465,0.01597804004010861,False,False,False,True,1.9405159950256348,1.426774024963379,False,False
2022-10-07,1.4775010347366333,17668296,-0.013728675235932089,-0.06597839756131155,-0.17227738244420607,-0.28044303041302343,-0.47523115315859354,0.7723595875837219,0.3690497021531947,38.75463516863042,-0.0011926672366384394,0.09299057240131575,28.788309780854522,0.9277852105950614,-0.09133784237109718,-0.18656587721700058,-0.2347846428753225,-0.41441080117554696,False,False,True,False,1.6230969429016113,1.426774024963379,False,False
2022-10-08,1.4748510122299194,11498995,-0.0017951945948502246,-0.022733815481048605,-0.13331063703617033,-0.24476379493160963,-0.43071699866829094,0.8339928620380019,0.39159958922854365,38.63518561811075,-0.0001481160318057284,0.08792920200694991,29.87378593515072,0.9225033818102145,-0.08708707170885033,-0.18467204665304918,-0.23188377601258195,-0.34917351395969365,False,False,False,False,1.6230969429016113,1.426774024963379,False,False
2022-10-09,1.4560049772262573,9527263,-0.01286060783910472,0.013265419322856001,-0.07927612779526598,-0.3463020667060211,-0.6251847792248504,0.8474487523350108,0.5420272657526283,37.74420899451404,0.000254770482360403,0.08447229192216318,28.928929469324032,0.8537802026247499,-0.08840002729607821,-0.1914882050418091,-0.23762849982526763,-0.17146994150358352,False,False,False,False,1.6230969429016113,1.426774024963379,False,False
2022-10-10,1.3099039793014526,21812344,-0.105742531909832,-0.1553988816043396,-0.2177312668169436,-0.475867356463062,-0.7055374872408519,0.7194899369414101,0.4910919005945318,31.65049948892245,-0.007887341093578581,0.09559397616990649,31.191608278812748,0.9043443803671652,-0.16737745605184776,-0.2657196527248608,-0.30993299273528596,1.2894659253134924,False,True,False,False,1.6230969429016113,1.426774024963379,False,True
2022-10-11,1.3185440301895142,17143892,0.0065742841222628775,-0.18064223221530307,-0.1941290240951419,-0.458496863079385,-0.7570295973816488,0.33343610688786046,0.7976381413403775,32.346119286235776,-0.011065279907530978,0.09300079761836956,31.08273212666144,0.9075929796603809,-0.1481595226516809,-0.2536395274825447,-0.30150529423587524,-0.2140279834207639,False,True,False,False,1.6230969429016113,1.426774024963379,False,False
2022-10-12,1.2675069570541382,16666859,-0.03947617513746275,-0.18660858340358652,-0.24432800304918498,-0.45120130147417453,-0.8395324943303633,0.3351246249988959,0.7122369357330561,30.379282831890563,-0.01474841322970337,0.09375875871313405,31.715909689674294,0.9047595390447971,-0.1668394611445151,-0.27541557646013776,-0.32505827813140126,-0.027825245282693145,False,False,False,False,1.6230969429016113,1.426774024963379,False,False
2022-10-13,1.2620630264282227,30354542,-0.004304240694034068,-0.17133314128895297,-0.23640308057261838,-0.3777751604457456,-0.7517876839667703,0.10461310318530795,0.7165760283557596,30.168559731525875,-0.015611854289439037,0.09589697954226985,32.256025008232115,0.8765351036328798,-0.15674861100944107,-0.2709785247148249,-0.32377450370425837,0.8212515027576581,False,True,False,False,1.6230969429016113,1.426774024963379,False,False
2022-10-14,1.2902649641036987,41007315,0.02209989123797692,-0.13550457481504385,-0.20148297237635537,-0.3462314169070597,-0.7557175227985224,-0.05541556072238967,0.8866363190491752,32.77020146013882,-0.012479920572485731,0.09376199215750036,32.64610778620046,0.8848275806053537,-0.12637979798336896,-0.24846541026015032,-0.30395842017330627,0.3509449426052944,False,False,False,False,1.6230969429016113,1.426774024963379,False,False
2022-10-15,1.342360019683838,19611210,0.03958167776043928,-0.09412770245975446,-0.11686151794080298,-0.23483748038965166,-0.6517266115786106,-0.19132896039922032,0.8397428305283754,37.40905080896001,-0.005454697260084657,0.0888306285679703,33.21817422831229,0.8745784758087733,-0.0838565023552521,-0.2144903877711993,-0.2709274613751691,-0.5217631293343639,True,False,False,False,1.6230969429016113,1.426774024963379,False,False
2022-10-16,1.3457449674606323,13533439,0.002518465299618435,-0.0787486293210312,-0.0654832099981752,-0.27567398697129236,-0.6080450319000211,-0.11868484042927659,1.0653185790883877,37.70980266478067,0.0005463578046340234,0.08463888528243314,32.60020485990916,0.8558990971711561,-0.07259663010620798,-0.20989057659113697,-0.26412491330724186,-0.3099131058205995,False,False,False,True,1.6230969429016113,1.1201839447021484,False,False
2022-10-17,1.5319650173187256,46825634,0.12960349753708605,0.15659740012588677,0.0011985185215472834,-0.21416360277344917,-0.3783716854568938,0.01088365005309778,1.0896038072208583,51.51303821690068,0.01725776264911434,0.07917868373782475,31.718554495912233,0.9477643662389356,0.05825357157638535,-0.09987053389536911,-0.15753309427214893,2.4599952015152984,False,False,False,False,1.6230969429016113,1.1201839447021484,False,False
2022-10-18,1.4614360332489014,36207626,-0.047131699674233564,0.10289141632939051,-0.07775081588591268,-0.14194895088934628,-0.23485539276251247,-0.0789276522375162,1.0437090929258703,47.24306517855451,0.023381710320673196,0.08166212992800122,30.01055508711577,0.8704786583549727,0.01503303069979605,-0.1370698835280914,-0.19021615157722574,-0.22675631044312183,True,False,False,False,1.6230969429016113,1.1201839447021484,False,False
2022-10-19,1.397902011871338,24979130,-0.044446987031419555,0.09792060443543363,-0.08868797896815292,-0.26547802825467703,-0.28505703573201735,-0.1401317697698052,0.9436775114847376,43.72681915468067,0.022941728023145688,0.084422266402605,28.522991760173444,0.8262981669289627,-0.02227856609563191,-0.17080300351322872,-0.21890608827119928,-0.3101141179485227,False,False,False,False,1.6230969429016113,1.1201839447021484,False,False
2022-10-20,1.5025500059127808,32412487,0.07219111897522949,0.17441596410469712,0.003082822815744205,-0.17466978774457537,-0.3609703939149624,-0.01804194818565917,1.078177612089247,50.289730676338564,0.029091360665910712,0.07850300642292943,27.401220656448334,0.8722205473759289,0.05370468402355664,-0.10368372921684257,-0.1526486407020544,0.29758270203966264,False,False,True,False,1.5592540502548218,1.1201839447021484,False,False
2022-10-21,1.528359055519104,36349600,0.017030978439479327,0.1693470513061994,0.033842476491155675,-0.17768285510478288,-0.35669319535622074,-0.03652853877384672,1.0266221674349698,51.78327655384068,0.03395124003904085,0.07693040910430983,27.640146690154708,0.8711585813102624,0.07106808578287278,-0.08224305750909663,-0.1299172928686603,0.12146901902343998,False,False,False,False,1.5592540502548218,1.1201839447021484,False,False
2022-10-22,1.5124629735946655,15605378,-0.010455216763166061,0.11931015678259416,0.025182454322839616,-0.17324971110847237,-0.3445777842730918,-0.08610753058444666,0.8569453696471122,50.77147579197197,0.03500905833494711,0.07397554128087964,28.053953745145943,0.8707214738027526,0.05712617053459519,-0.08432711221009885,-0.1321568642706896,-0.5706863899465193,False,False,False,False,1.5592540502548218,1.1201839447021484,False,False
2022-10-23,1.5367929935455322,19519787,0.01595834298734107,0.13275003447031666,0.05400140514928556,-0.13293177972887557,-0.3440017239402846,0.052242656662771864,0.8698102399020092,52.30748135857827,0.03611570894340299,0.07204848677919326,28.142441087905695,0.8712472281528151,0.07388142471143123,-0.0642749314242658,-0.11294447026064758,0.2508371793365083,False,False,False,False,1.5592540502548218,1.1201839447021484,False,False
2022-10-24,1.5099669694900513,28398378,-0.0176099972648816,-0.014463460331650987,0.1421339397942358,-0.10977983699087109,-0.28452536166547177,0.047632146605748035,0.8921675966815261,50.43878343049542,0.03384798002099956,0.07163656885692904,27.069305851390506,0.8627977359620712,0.05770915107455666,-0.07449711899939435,-0.12294549375864218,0.45485081368971914,False,False,False,False,1.5592540502548218,1.1201839447021484,False,False
2022-10-25,1.6480599641799927,42854721,0.08751104077919085,0.12017928012177326,0.22307069645116379,0.044626320868328614,-0.05383388934038852,-0.1541607340778972,1.0559955824574803,58.63177020589472,0.040031733580829544,0.06997444538322811,29.565101598508704,0.8880908102088265,0.14958878208126386,0.014952326567087726,-0.03809367254716947,0.5090552354785896,False,False,False,False,1.5592540502548218,1.1201839447021484,True,False
2022-10-26,1.7102450132369995,51256702,0.03703782598846125,0.2016640931416541,0.2995846975770876,0.04895153974494408,0.048684468568888674,-0.2808122610548283,1.1902304478781534,61.702029616843376,0.0462530418744146,0.0668579265687733,33.619976006121725,0.8901306429444361,0.18419629975196683,0.055141577526442186,0.0032181682008019276,0.19605730253149933,True,False,False,False,1.5592540502548218,1.1201839447021484,False,False
2022-10-27,1.6333069801330566,32895020,-0.046029861139441824,0.08344311302698267,0.2578590771316798,0.019949637205041285,0.02249558641537864,-0.39062284775235345,1.185353240956961,56.14946596597955,0.04318782736150225,0.06955960384903144,35.285399763016805,0.9034315294089176,0.12485579627832412,0.011700112865947694,-0.036841542430200186,-0.35822987596821976,False,False,False,False,1.5592540502548218,1.1201839447021484,False,False
2022-10-28,1.6773170232772827,38895593,0.026588725175558433,0.09300085976306194,0.26234791106926153,0.035815558564019405,-0.11389591540608995,-0.3306831427726863,1.3125459937374737,58.45267100977749,0.042082873747957064,0.06716753189665559,37.52612024649231,0.9073412470139702,0.1471675023065577,0.041625924043797086,-0.007041165059947241,0.18241584896437213,False,False,False,False,1.5592540502548218,1.1201839447021484,False,False
2022-10-29,1.6335289478302002,38716932,-0.02645283362643898,0.07700324289978905,0.19631339968238323,0.02159188810818092,-0.08816469576000047,-0.27730976535330804,1.2783653805704096,55.338286909072224,0.03656551098599669,0.07002307579358481,38.651036483369204,0.911337282548788,0.11047814365144638,0.019816556094182508,-0.029204256841454522,-0.004593348146151199,False,False,False,False,1.5592540502548218,1.1201839447021484,False,False
2022-10-30,1.555441975593567,27529185,-0.04898293933159804,0.01206196058085004,0.1448119950511667,-0.014570834265131054,-0.23981827677803763,-0.29066635056988765,1.2078454215117835,50.20149607736755,0.026299549264760184,0.0757305775958522,37.28072609585969,0.9266995001880362,0.0486425332002469,-0.022185044517267945,-0.07072599717754498,-0.28896264301107333,False,False,False,False,1.5592540502548218,1.1201839447021484,False,False
2022-10-31,1.5299450159072876,25081705,-0.016527936480329082,0.013144021365402525,-0.0013194389662485187,0.013941005929652982,-0.3073408722765795,-0.40666288947100127,1.1049219152561578,48.614674666351256,0.01689164613710243,0.07473885522353124,35.675596605302495,0.9147051761315514,0.02415487133004606,-0.0314478338634014,-0.08218737303683624,-0.08890492035997433,False,True,False,False,1.5592540502548218,1.1201839447021484,False,False
2022-11-01,1.489967942237854,16337645,-0.026477192993782178,-0.10084421240757048,0.019335067714202778,0.036323655578880086,-0.3855811414159651,-0.5555931028494492,1.0118584904593815,46.15144997892068,0.007552148815723352,0.07493499432533429,32.62437347436999,0.9027680522707542,-0.009977582712876009,-0.050743236092422386,-0.10206357513541875,-0.34862303021265895,False,False,True,False,1.7559269666671753,1.1201839447021484,False,False
2022-11-02,1.5258740186691284,25421636,0.023812768431670687,-0.11406926996436105,0.08759482317729303,-0.0027853450068129138,-0.27384699801201123,-0.4682738863794456,0.9882945993617183,48.66723173932487,0.0035705912986124526,0.07218610568146307,28.819255018848892,0.8791170343631204,0.0050715010352406446,-0.023943432118794617,-0.0762417127652193,0.556015937425498,False,False,False,False,1.7559269666671753,1.1201839447021484,False,False
2022-11-03,1.61741304397583,28830430,0.058260613546497954,-0.009778795278421279,0.07366431774856153,0.023657633806458876,-0.23810535214914308,-0.49069457792186766,0.9599143344242022,54.503079676705575,0.006698233203223292,0.06839408315194749,25.529356287029646,0.8958765315097441,0.05401063347994822,0.03735419782030381,-0.017352505585655542,0.1340902686200054,False,False,False,False,1.7559269666671753,1.1201839447021484,False,False
2022-11-04,1.7488590478897095,54944108,0.0781356162469187,0.04176809579293888,0.13476895555600085,0.13530307400255678,-0.1512933426542628,-0.39473739608369235,0.965118425309384,61.30577768065639,0.016649330936814994,0.0679329554300034,25.244444695783802,0.9262056536432226,0.12477166972788642,0.12092345891173842,0.06631805561557892,0.9057678987098008,True,False,False,False,1.7559269666671753,1.1201839447021484,False,False
2022-11-05,1.700916051864624,38438603,-0.0277966427039092,0.04042428671546861,0.11742752961525775,0.12708611410731505,-0.08719633263299516,-0.370038927866056,0.8292523125275013,57.90500383615624,0.018869451521390537,0.07045754553333425,23.024467301589468,0.929333705120177,0.08158418078153859,0.09120164723909094,0.04106247312972543,-0.3004053683062795,True,False,False,True,1.7559269666671753,1.449064016342163,False,False
2022-11-06,1.5763709545135498,22331896,-0.07604161900225774,0.013365607044808967,0.025427567625659002,0.06477317034098948,-0.2156698600720339,-0.41045798281760393,0.8371327579247116,50.12597581815206,0.011195988566196757,0.07642471784716233,22.86983845761343,0.9690625581466209,0.0009748021907305534,0.01548982301351358,-0.03133771009170736,-0.41902425538201793,False,False,False,False,1.7559269666671753,1.449064016342163,False,False
2022-11-07,1.6750600337982178,40020156,0.06072366474009345,0.0906172082652316,0.10376122963063415,0.12729202967593334,-0.11747176525567633,-0.30342496899235766,0.9612848917139353,55.25548901195542,0.011944440441242328,0.07397104393782362,22.355933997679205,0.990158516140505,0.05647560548459409,0.07919371174991068,0.032718135316055,0.792062617522489,False,False,True,False,1.823403000831604,1.449064016342163,False,False
2022-11-08,1.2921860218048096,96097097,-0.25951363098690755,-0.14241922972789378,-0.24326344213546416,-0.11936099347186967,-0.4656630601778908,-0.7445457726967201,0.7280877588631414,38.64809988202374,-0.012827104973826126,0.1126640766757645,25.772726701353925,1.3515917509168913,-0.1822804027305464,-0.161748365644936,-0.1997498302127878,1.401217451526176,False,False,False,False,1.823403000831604,1.449064016342163,False,True
2022-11-09,0.9169759750366211,70646643,-0.343009381314154,-0.5092413794737184,-0.6233106494380793,-0.35662784287619165,-0.8324951993392536,-1.0621653301170435,0.36286209406521835,29.341167174777965,-0.05177719301899099,0.1813855244608483,45.55758670667769,1.7662168911453189,-0.40876591966897885,-0.39834068016389096,-0.42881010509574724,-0.26484102844438684,False,True,False,False,1.823403000831604,1.449064016342163,False,False
2022-11-10,1.2003480195999146,67150716,0.2692855376733543,-0.2982164553468622,-0.3079952506252834,-0.09391658932510033,-0.5524134524044851,-0.850946186706749,0.2395195175627602,40.913789779973214,-0.05542510772612116,0.14775864559641877,50.17654686512986,2.020228012336461,-0.2177859987583466,-0.20589556252858424,-0.2480237382706939,-0.04948468676706974,False,True,False,False,1.823403000831604,1.449064016342163,False,False
2022-11-11,1.1815749406814575,52120064,-0.015763287024549415,-0.3921153586183303,-0.3503472628253914,-0.0702037012121869,-0.5214050026863615,-0.9097361955425503,0.2649209237867089,40.44123417612509,-0.055910945267529016,0.14769091115946698,54.63253312405795,2.0165484033708743,-0.22162775588391218,-0.2118812748120656,-0.2550022708937712,-0.22383457534540663,False,False,False,False,1.823403000831604,1.449064016342163,False,False
2022-11-12,1.0907679796218872,26337858,-0.07996622744639334,-0.4442849433608143,-0.4038606566453457,-0.1458656879645463,-0.5236408484102918,-0.8976533719313166,-0.0412525847792383,38.14613194931433,-0.05885898741442419,0.15596923453025746,60.74776068430096,2.0346644117463812,-0.27073384489793006,-0.2659429479710351,-0.3082317755690408,-0.49466950002210286,False,False,False,True,1.823403000831604,0.8743109703063965,False,False
2022-11-13,1.056594967842102,22764946,-0.03183057346794914,-0.4000738978265057,-0.3867082907816967,-0.19979615267047232,-0.5460275695775321,-0.9555136754689949,-0.255211713392862,37.28849924071681,-0.0594473525923898,0.15503623881162776,66.91044705997588,2.0343655807471572,-0.2827101636339915,-0.28287334259951935,-0.3252815847530879,-0.13565689358641086,False,True,False,False,1.823403000831604,0.8743109703063965,False,False
2022-11-14,1.1181600093841553,29670695,0.056633042445294296,-0.404164520121305,-0.3135473118560734,-0.18274478798561725,-0.417582268375269,-0.8344713995642279,-0.37407374838483753,39.90964517683492,-0.052280603442941526,0.14542370892094963,70.37902846527331,2.040105082086034,-0.227012095240524,-0.23634085756412984,-0.2802808728914273,0.3033501155680316,False,False,False,False,1.823403000831604,0.8743109703063965,False,False
2022-11-15,1.2014299631118774,34203340,0.07182799769895266,-0.07282289143544486,-0.21524212116333852,-0.11343525558628315,-0.3891092425575755,-0.7214802874863043,-0.2321200960155597,43.35807088062805,-0.039124476847925055,0.13204222432955803,71.01686054499427,2.0580322663474693,-0.15457862344144252,-0.17465569765574893,-0.22180884817547059,0.1527650430837566,False,False,False,False,1.823403000831604,0.8743109703063965,False,False
2022-11-16,1.215736985206604,42363577,0.011837981802502265,0.2820244716812115,-0.22721690779250686,-0.23120077132086692,-0.44536437409431623,-0.6095724567777607,-0.22031712126776923,43.95320180874363,-0.02721587098915934,0.12552552039528858,71.74740886099676,2.0022042097287076,-0.1317550146920733,-0.1603823742744202,-0.20820590776741782,0.2385801211226739,True,False,False,False,1.823403000831604,0.8743109703063965,False,False
2022-11-17,1.2346819639205933,45380743,0.01546295273510177,0.02820188674295895,-0.27001456860390316,-0.1686061189115317,-0.310555069800878,-0.40346151167404404,-0.24753377114904787,44.7805646332405,-0.01635544172501921,0.11989340782624094,71.16948633475853,1.9985923674254726,-0.10406399642361325,-0.14275614343931559,-0.19151535978180884,0.0712207564531202,False,False,False,True,1.823403000831604,0.9795050024986267,False,False
2022-11-18,1.2225240468978882,32771655,-0.009895805386014101,0.03406936838149428,-0.358045990236836,-0.1340549372661263,-0.39953296552080325,-0.4191119729981437,-0.27418670703593157,44.3283171315148,-0.00866894767569329,0.116259703551129,70.74432056359356,1.993771990246527,-0.09945729553307985,-0.1467410970033659,-0.19539998892900462,-0.2778510700012118,False,False,False,False,1.823403000831604,0.9795050024986267,False,False
2022-11-19,1.1972219944000244,18607774,-0.020913744076303174,0.09312185175158443,-0.3511630916092298,-0.22715980031765895,-0.4018295880622343,-0.5881301942326214,-0.24520174850331813,43.3471821888612,-0.004193823182691611,0.11388887463769069,71.0694601743525,1.97507684062597,-0.10630428305344357,-0.15993225252168022,-0.20801265246706283,-0.43219913672348864,False,False,False,False,1.823403000831604,0.9795050024986267,False,False
2022-11-20,1.1083979606628418,18899774,-0.07708817424903809,0.04786425097049549,-0.3522096468560102,-0.3212789530061762,-0.4989618081109592,-0.6779721483623968,-0.357807491780023,40.000088464880655,-0.006010382206148648,0.12065022403378109,72.47152901649777,1.9875654437014973,-0.15938314203785373,-0.21786387852848252,-0.26194861067232067,0.015692365997136415,False,True,False,False,1.823403000831604,0.9795050024986267,False,False
2022-11-21,1.1082580089569092,21608822,-0.00012627282540611274,-0.008895064300204817,-0.4130595844215098,-0.3109500090684163,-0.4841997201768887,-0.655527793341508,-0.39705753965286295,39.994848318189966,-0.006001909731954899,0.11589263075644143,73.77892460168317,1.987908569712505,-0.14714456176090984,-0.2143194828609244,-0.2578111143673209,0.14333758699971755,False,True,True,False,1.286465048789978,0.9795050024986267,False,False
2022-11-22,1.1202969551086426,25055568,0.010804367367058159,-0.06991869463209942,-0.14274158606754422,-0.31610398468869927,-0.4490357644175747,-0.6601057086289838,-0.2638613280259274,40.71434218215985,-0.0040590786373752435,0.11148327020339065,74.05005166343543,1.987130728528214,-0.12421293696927158,-0.20114261183590906,-0.24553210508825676,0.15950642751372568,False,False,False,False,1.286465048789978,0.9795050024986267,False,False
2022-11-23,1.1584140062332153,18810997,0.03345804493859677,-0.04829863149600491,0.23372584018520667,-0.2650359424852209,-0.3748157794760921,-0.5495613041506926,-0.21740379587947303,43.042976782026365,0.0006678197467942099,0.10421779093717556,71.59770441020578,1.9928185796913964,-0.07787117269053233,-0.16897047230821524,-0.21565408372911635,-0.24922887399718896,False,False,False,False,1.286465048789978,0.9795050024986267,False,False
2022-11-24,1.139112949371338,18152739,-0.016801988660889496,-0.08056357289199614,-0.0523616861490372,-0.36934897192530125,-0.3247226510569727,-0.4231828612656897,-0.5235097060031983,42.14037420369957,0.003226114138790606,0.10197405722188421,63.767771673875295,1.9623273644461356,-0.07068197818129832,-0.17823702029886243,-0.2243220496346409,-0.034993254211884706,False,False,False,False,1.286465048789978,0.9795050024986267,False,False
2022-11-25,1.1113940477371216,13555807,-0.024634718726352884,-0.09530248623233498,-0.0612331178508406,-0.43102151664011523,-0.3820699768951711,-0.3823370480712266,-0.7118337776949435,40.816609467900996,0.0037464993874755104,0.099183070726156,54.616738491180364,1.9545823661685515,-0.07095468336477426,-0.19373714355642005,-0.24083311869903606,-0.2532362747021262,False,False,False,True,1.286465048789978,1.0531209707260132,False,False
2022-11-26,1.081563949584961,19379727,-0.027207031089340798,-0.10159577324537263,-0.008473921493788094,-0.41219868659001435,-0.39224904938497307,-0.3897031001746355,-0.8028215343423677,39.382828942056875,0.0028190125517837394,0.09797433161526094,47.681754802790266,1.9518454530767304,-0.07679760858359355,-0.2108440057357504,-0.258957997149539,0.42962547342257085,False,False,False,False,1.286465048789978,1.0531209707260132,False,False
2022-11-27,1.0752079486846924,13208201,-0.005894011606556704,-0.030401610602891233,0.017462640367604223,-0.4446814233721295,-0.40886586480811,-0.5585773387782194,-0.7753645661448157,39.06792359716349,0.0025242848830856757,0.09364591565237879,28.01084637147959,1.9466798805792869,-0.058109522687665935,-0.21087951774222852,-0.2621826313318185,-0.3184526799577724,False,True,True,False,1.1827939748764038,1.0531209707260132,False,False
2022-11-28,1.0781569480895996,20633784,0.0027389702998599687,-0.027536367477625143,-0.03643143177783004,-0.4154896194458306,-0.3938977313376495,-0.5036543152058309,-0.6927993847991386,39.31039629395965,0.003229678538524655,0.09065317509684297,25.852778423853966,1.9471477555488175,-0.04658836547480419,-0.20430205234055668,-0.25931049381489674,0.5621948818010871,False,True,False,False,1.1827939748764038,1.0531209707260132,False,False
2022-11-29,1.0983599424362183,18717981,0.01856505198452061,-0.019775682860162548,-0.08969437749226189,-0.34794162812971174,-0.3625124623948428,-0.5877599049077494,-0.6386079786995995,41.04136813400419,0.005618699521352993,0.08630598949161758,19.30139468901523,1.9460624013367376,-0.03645044819505611,-0.18685288273833858,-0.24442670843926212,-0.09284787511587789,False,False,False,False,1.1827939748764038,1.0531209707260132,False,False
2022-11-30,1.1370869874954224,22187760,0.03465161220077645,-0.01858211559798282,-0.06688074709398775,-0.29676207944860616,-0.28282107351895314,-0.6041029517251857,-0.7034249689196074,44.319754567648914,0.010107104556279223,0.08081958572528627,18.73009221511295,1.9526075775217484,0.00029897566111384405,-0.15591429684619823,-0.21687426283239308,0.18537143509227838,True,False,False,False,1.1827939748764038,1.0531209707260132,False,False
2022-12-01,1.103732943534851,20741668,-0.02977169837390594,-0.03155182531099913,-0.11211539820299535,-0.30005658482872993,-0.2637329292498497,-0.685637726244695,-0.8556496876781791,42.146107466572786,0.01105299039214827,0.08067904620273739,18.590590066965703,1.9529935537722674,-0.025706805956291996,-0.17867674937103967,-0.23889364261497473,-0.0651752137214392,False,False,False,True,1.1827939748764038,1.0197099447250366,False,False
2022-12-02,1.1251640319824219,21593487,0.01923081161371596,0.012313705029069661,-0.08298878120326528,-0.3046385416466845,-0.30742388665349746,-0.5784855396586958,-0.7729124280261301,44.04504490270502,0.013199976086866738,0.07614461436229643,18.263481183597325,1.9520602210397642,-0.00829455959748268,-0.16101983165843942,-0.22330889420070513,0.041068008609529416,False,False,False,False,1.1827939748764038,1.0197099447250366,False,False
2022-12-03,1.0922679901123047,15095979,-0.029672571829466164,0.009848164288944349,-0.09174760895642825,-0.3925717270226487,-0.36891409321618984,-0.6306770791717917,-0.8832663049445163,41.77824906284031,0.012490123411722912,0.07515086352956148,17.479430230876915,1.9373121297342,-0.038799808551110586,-0.18313683220486923,-0.2449161880862724,-0.3009012856515485,False,False,True,False,1.1526089906692505,1.0197099447250366,False,False
2022-12-04,1.1073479652404785,18520368,0.013711676673687454,0.029453852569188525,-0.00094775803370271,-0.45699566659587976,-0.321692592593323,-0.6082890092501425,-0.851733062679572,43.22084899403696,0.013060121249072562,0.0705310282597124,17.576984181724324,1.9119992561283987,-0.025065562634036434,-0.16893784333924172,-0.23378421291198623,0.22684113431795305,False,False,False,False,1.1526089906692505,1.0197099447250366,False,False
2022-12-05,1.0776549577713013,16933037,-0.02718059110599145,-0.000465708836662792,-0.028002076314288027,-0.45637961499796215,-0.3292935008906469,-0.5435759476309573,-0.826418542864018,41.06333741881219,0.011515350554688497,0.07217683425434401,17.371300885180467,1.911949514263248,-0.04600994260673435,-0.18795469291255,-0.25344570451827286,-0.08570731423911226,False,False,False,False,1.1526089906692505,1.0197099447250366,False,False
2022-12-06,1.0621479749679565,12850740,-0.014494095731129092,-0.03352485655231254,-0.053300539412475194,-0.39483209172683337,-0.3300589213858438,-0.6105019517988673,-0.8052900745444375,39.94197203546521,0.009605136486703497,0.07006088606404298,16.740048553664572,1.8993149204947755,-0.053301591710366775,-0.1939323682349588,-0.2635469136035589,-0.24108475047919642,False,True,False,False,1.1526089906692505,1.0197099447250366,False,False
2022-12-07,1.0079280138015747,14306003,-0.05239649702176703,-0.12057296577485606,-0.13915508137283888,-0.5079522534886938,-0.38066022381276055,-0.6254240187443703,-0.8113772224810515,36.21778590029056,0.005073542282357957,0.07262539177419733,16.468210296948836,1.8848598296235592,-0.09245710391604578,-0.22977835279442593,-0.3003535002651028,0.11324351749393413,False,True,False,False,1.1526089906692505,1.0197099447250366,False,True
2022-12-08,1.047598958015442,9855395,0.03860408679159436,-0.0521971806093558,-0.08374900592035503,-0.20983453571019195,-0.3291955291820616,-0.6754975958880827,-0.9543803084069121,40.58304742629083,0.005116806055369197,0.06852670800340038,14.459652777618862,1.6773733723283866,-0.04924989259443378,-0.19515430835770378,-0.2721225954236888,-0.3111007316299319,False,True,True,False,1.1389880180358887,1.0197099447250366,False,False
2022-12-09,1.0433330535888672,8084219,-0.004080391252987336,-0.07550838347605904,-0.06319467844698934,0.12909445435097486,-0.22753338852521696,-0.7034007449882789,-0.9330708757660688,40.26393030202604,0.005209624948622565,0.06574592241995382,12.893947299855101,1.1594982158989333,-0.046462767781045036,-0.19273555415901253,-0.27474176372102826,-0.17971638884083285,False,False,False,False,1.1389880180358887,1.0197099447250366,False,False
2022-12-10,1.023725986480713,4647235,-0.018971548277290123,-0.06480735992388303,-0.054959195634938625,-0.15916263159966948,-0.25307922092476987,-0.7115760840041547,-1.0101088183064186,38.75550084383478,0.004337727359799121,0.06399038434288976,14.04242593320525,0.6577574021621403,-0.06074814701395448,-0.20167206183404546,-0.28818432654256687,-0.4251473147869943,False,False,False,False,1.1389880180358887,1.0197099447250366,False,False
2022-12-11,1.0305060148239136,5695473,0.006601058651871763,-0.07191797794569889,-0.0424641253765103,-0.13679828592324852,-0.20700198713543544,-0.65820328860961,-1.0465344814657986,39.59818032557287,0.004580946710576794,0.060704166304233594,14.772746271593897,0.6579078357160917,-0.05114319071276452,-0.1902984159001319,-0.28333766384672715,0.2255616511753764,False,False,False,True,1.1389880180358887,0.9994350075721741,False,False
2022-12-12,1.0624120235443115,10195033,0.030491858885341106,-0.014245527954366457,-0.014711236791029187,-0.026340199591514107,-0.17220588755606034,-0.5499810480018061,-0.9239935715228306,43.53546436586193,0.007103390260040102,0.05937185017940096,14.63120352086845,0.6096073837734776,-0.01915127118966304,-0.15895911310881544,-0.26128932399686283,0.7900239365545232,False,False,False,False,1.1389880180358887,0.9994350075721741,False,False
2022-12-13,1.121127963066101,21023183,0.053793471374379405,0.05404203915114196,0.020517182598829526,0.05928384525081445,-0.14051230741965795,-0.4867437243267177,-0.8962298302181804,49.995356649853306,0.012616933809913508,0.057641548551103684,13.61791403717304,0.6277792248235964,0.03684152640769372,-0.10697985903372915,-0.22059155587193144,1.062100534642703,False,False,False,False,1.1389880180358887,0.9994350075721741,False,False
2022-12-14,1.1351850032806396,18524722,0.012460347743169418,0.11889888391607858,-0.0016740818587775276,0.015111150548689655,-0.16763363743692766,-0.4024711178265793,-0.8193602490155383,51.42806398995755,0.016837428662471107,0.05578223833416091,13.509482242928755,0.5975548822891843,0.05003247753778012,-0.0883341560447716,-0.21110199817643732,-0.11884313617019837,True,False,False,False,1.1389880180358887,0.9994350075721741,False,False
2022-12-15,1.1329009532928467,16811818,-0.0020140777762668234,0.07828071934821747,0.02608353873886165,-0.05873092492652978,-0.17216618051281296,-0.44784016748410527,-0.780211212412834,51.17151410761288,0.018944994221129045,0.054441410100352396,13.930121968586223,0.5392921614388536,0.0468784481906752,-0.08165237229781382,-0.2125939581404511,-0.0924658410528374,False,False,False,True,1.1389880180358887,0.9925569891929626,False,False
2022-12-16,1.0115000009536743,25390079,-0.11334717979093968,-0.030986069189734906,-0.10649445266579402,-0.1839160865199717,-0.4151168578408388,-0.6292804606142878,-0.7934885432977324,39.8053430487536,0.011972792660171726,0.0676189152648021,15.098340683162077,0.6618388772046108,-0.06226876735712603,-0.17171200921604698,-0.29647387212104154,0.510251835940646,False,False,False,False,1.1389880180358887,0.9925569891929626,False,False
2022-12-17,0.9940990209579468,13562499,-0.0173528371857015,-0.0293673580981464,-0.0941747180220294,-0.21673187644077488,-0.3853379953523067,-0.527286946241653,-0.620193388114819,38.48580242856219,0.006284810155542719,0.06790656562779765,16.639329245261596,0.6582517245890798,-0.07492269577379483,-0.1767495308095249,-0.30843051484283257,-0.4658347065402987,False,True,True,False,1.1583800315856934,0.9925569891929626,False,False
2022-12-18,0.9834700226783752,5923134,-0.010749663246027212,-0.04671807999604525,-0.11863605794174412,-0.21758573430078804,-0.3516406715669143,-0.6171186998215914,-0.6366977072989317,37.66447445045526,0.0021177724167109196,0.0662369695599203,18.28002946279311,0.658302074804774,-0.08076388978936719,-0.1766873907686973,-0.3157226826448204,-0.5632711936052492,False,False,False,False,1.1583800315856934,0.9925569891929626,False,True
2022-12-19,0.950285017490387,8296513,-0.03432519910990688,-0.1115351379912931,-0.1257806659456595,-0.23099718933439176,-0.45815698965205054,-0.632826777396626,-0.819127383567013,35.142812729917964,-0.0023218221022118235,0.06708656158381517,20.656063954376418,0.6634469854067336,-0.10559199912551515,-0.19632528699827786,-0.33863878598939634,0.4006964893922711,False,False,False,False,1.1583800315856934,0.9925569891929626,False,False
2022-12-20,0.9898210167884827,9692762,0.04076217765220941,-0.12456643171346309,-0.07052439256232103,-0.11314683743314419,-0.4344257904393205,-0.6121086455441034,-0.7911189857955411,40.27330362577109,-0.002053342530826313,0.06334129264519424,20.561660639994265,0.63505547404446,-0.06187923653041512,-0.15517066484665915,-0.31108432996636926,0.16829347462,False,False,False,False,1.1583800315856934,0.9925569891929626,False,False
2022-12-21,0.9373980164527893,10774511,-0.05441616618423782,-0.19144294564087053,-0.07254406172479197,-0.16743673079197605,-0.4783867398603922,-0.6516364509688646,-0.822964524133484,36.18584503066303,-0.004711936013623116,0.06656930246971374,22.434966543387024,0.6589185976804701,-0.10450548459414505,-0.19229588399006234,-0.34738869148992324,0.11160379260318165,False,False,False,False,1.1583800315856934,0.9925569891929626,False,False
2022-12-22,0.8962090015411377,13345806,-0.04493432305448144,-0.23436319091908522,-0.1560824715708677,-0.2231754212135155,-0.5392794059022148,-0.6722111856310903,-0.8832811298424994,33.32405256300423,-0.008338128156041187,0.06962646453741328,24.866694633550352,0.6700618515134069,-0.13438691338359712,-0.2193150089846501,-0.3757583213943721,0.23864609725675723,False,True,False,False,1.1583800315856934,0.9925569891929626,False,False
2022-12-23,0.9367989897727966,16038371,0.04429508747956503,-0.0767209236485804,-0.10770699283831534,-0.21233837867254718,-0.4773743211577682,-0.5871541581486391,-0.7618996828232398,38.486899376352746,-0.007142752198063998,0.06586084486731425,25.838287073046224,0.6793881772093167,-0.08833781378308163,-0.17416475269629556,-0.3472025233077457,0.20175364455320266,False,False,False,False,1.1583800315856934,0.9925569891929626,False,False
2022-12-24,0.9461619853973389,15039544,0.0099450524123917,-0.04942303405048718,-0.07879039214863358,-0.1855913375992659,-0.5549403095245672,-0.5103139886562386,-0.6087741988649557,39.647796547527165,-0.004964528286186064,0.06228787180345636,25.88907028815762,0.6809737899542749,-0.07194729153788722,-0.15393702048316515,-0.34042572444270247,-0.06227733477421116,False,False,False,False,1.1583800315856934,0.9925569891929626,False,False
2022-12-25,0.9700760245323181,17578542,0.024960657918275713,-0.013712712886184173,-0.06043079288222946,-0.13599596095463728,-0.5670174775947525,-0.5180659378498084,-0.518333009025864,42.6260632315702,-0.0013445316474066174,0.05874918461653959,25.798982735665493,0.6860175717611366,-0.043444176596020685,-0.12106491194017303,-0.3236635880011511,0.16882147490642008,True,False,False,True,1.1583800315856934,0.8770290017127991,False,False
2022-12-26,1.0373680591583252,25819974,0.06706762788951316,0.08768011411323563,-0.023855023878057418,-0.04172130197578344,-0.4539199885657977,-0.43397035136075646,-0.431424402150419,50.08978289618732,0.005760720792175308,0.056063467454668885,25.557987066009673,0.724531702762483,0.024161237527446054,-0.05082429046643151,-0.2767875496519923,0.46883478732195205,True,False,False,False,1.1583800315856934,0.8770290017127991,False,False
2022-12-27,1.0120400190353394,33122915,-0.024718678555360873,0.02219925790566528,-0.1023671738077977,-0.06054596892458759,-0.5052273922967171,-0.4694118337326975,-0.6191233077028071,47.58081472470985,0.008754068332261992,0.059456283701880296,25.549019512641678,0.7289661250955362,-0.0010471193469011168,-0.06262583712740309,-0.29448235020811736,0.2828407573144729,True,False,False,False,1.1583800315856934,0.8770290017127991,False,False
2022-12-28,0.9528599977493286,26522648,-0.06025540757827775,0.016360016511625407,-0.17508292912924497,-0.12354034680272533,-0.5390299662485559,-0.517438078140375,-0.6271946620085563,42.25504062705214,0.006832930671937812,0.06448426927348926,25.97223813186395,0.7563920624669543,-0.055043531715555566,-0.11185698633102023,-0.3359837343288182,-0.199265885867835,False,False,False,False,1.1583800315856934,0.8770290017127991,False,False
2022-12-29,0.9627259969711304,16586990,0.010300854659587052,0.07159519422569388,-0.16276799669339126,-0.13180454412765905,-0.4797461722573708,-0.4943170065225019,-0.7195644490354084,43.3926016561791,0.006322980201633674,0.06164365010652897,26.15771249358617,0.7538177136584798,-0.041428028060190907,-0.10342572035890393,-0.32948487372404633,-0.37461033302557123,False,True,False,False,1.1583800315856934,0.8770290017127991,False,False
2022-12-30,0.9640939831733704,11592003,0.0014199421286734983,0.02872004887480237,-0.04800087477377801,-0.165036214199762,-0.46179829364836816,-0.44785728771871514,-0.7691391659249477,43.55863048027097,0.006167532280214244,0.05876970344510424,26.39709307005149,0.7409556479503727,-0.03720766924535002,-0.09818337263007786,-0.3293967076764914,-0.30113884435934424,False,False,True,False,1.0960010290145874,0.8770290017127991,False,False
2022-12-31,0.9525629878044128,9373689,-0.012032549033901663,0.006742447428509029,-0.04268058662197812,-0.14729706485975777,-0.4473536496884876,-0.41102999410960755,-0.8329347911044527,42.428983646393135,0.005405188602355324,0.05668471845906066,26.68567913339607,0.73621068324017,-0.04500636639316462,-0.10513557228094676,-0.3381788237126027,-0.191365892503651,False,False,False,False,1.0960010290145874,0.8770290017127991,False,False
2023-01-01,1.0801589488983154,63778559,0.12570725045199688,0.10748903996223,0.09377632707604577,-0.040820626021476854,-0.3454591676681615,-0.34824451267497447,-0.6193061656801727,56.02063535027005,0.013168855554530928,0.0591170923094399,27.051205093215426,0.8629287915881945,0.08195266363511162,0.014933962864360198,-0.25073482854624624,5.803997764380704,False,False,False,True,1.0960010290145874,0.9366649985313416,False,False
2023-01-02,1.2115700244903564,83568606,0.11480885421824104,0.1552302662909582,0.24291038040419374,0.10366080002623043,-0.2889109269964183,-0.26525329318995955,-0.5270162791455614,65.14684038113857,0.0260829337517271,0.06033612581807912,31.042896081472627,0.9463905298104741,0.20810969205118626,0.13510402314483352,-0.16155718708263642,0.3102931033609586,True,False,False,False,1.0960010290145874,0.9366649985313416,True,False
2023-01-03,1.202901005744934,56466533,-0.007180915313309933,0.17276802953300913,0.19496728743867442,0.08276820803923297,-0.3742274585566468,-0.23892438455409,-0.5255208012109096,64.20038196411961,0.03254917996862572,0.060961955386050586,33.66293994677246,0.9463465637839281,0.19542950719711608,0.12519548676522343,-0.16934771598108683,-0.3243092627391678,True,False,False,False,1.0960010290145874,0.9366649985313416,False,False
2023-01-04,1.3796089887619019,104174911,0.137063973425707,0.3700874105369939,0.38644742704861945,0.24701277257093138,-0.2093668424270306,-0.08228072831971546,-0.2965631750600258,72.85682897295567,0.04639121971671028,0.06209334888718478,45.09561712186609,1.0488089568021468,0.354436175604181,0.28620101593640646,-0.05032662386330583,0.8448965336688903,False,False,False,False,1.0960010290145874,0.9366649985313416,False,False
2023-01-05,1.3419009447097778,68461877,-0.027712893409847995,0.33207366246755904,0.4036688566932529,0.23379397489221254,-0.1610381168346208,-0.09626494649363129,-0.3767079769066547,69.02145337207098,0.05034137645446734,0.06295797287923327,52.04414515418756,1.0534177053607456,0.2963905044771884,0.24810993634585327,-0.07890409497677242,-0.3428179938641849,True,False,False,False,1.0960010290145874,0.9366649985313416,False,False
2023-01-06,1.5244879722595215,108504284,0.12757137365174634,0.45822509399063177,0.4869451428654341,0.4137618455657258,-0.09419040792296808,0.033101621752965264,-0.21166217317864455,75.69376021435278,0.061828397455676226,0.06479673157423248,64.52261824246224,1.109538435997148,0.43599486053399544,0.41033209333129034,0.0428114580024184,0.5848861987818417,False,False,False,False,1.0960010290145874,0.9366649985313416,False,False
2023-01-07,1.4835749864578247,46337521,-0.02720389132530562,0.4430537516992277,0.4497961991277368,0.34795386744882584,0.13811933173863392,0.018758338266764197,-0.32754372843925694,71.95398284102998,0.06303304220190024,0.06464687914972413,71.09106388466654,1.1147481104454602,0.36529887416861034,0.3658854211568061,0.011574777984191272,-0.5729429355987457,True,False,False,False,1.0960010290145874,0.9366649985313416,False,False
2023-01-08,1.9667019844055176,236342337,0.2819033137945721,0.5992498150418031,0.7067388550040332,0.6339375724963853,0.76303202684736,0.40640418397116834,-0.06946317249189364,82.77594312808984,0.09102908570253353,0.06702124539847902,94.69549478559199,1.4576913653548533,0.729043188366031,0.7853899718609746,0.3343732253048633,4.100452762675845,False,False,False,False,1.0960010290145874,0.9366649985313416,False,False
2023-01-09,1.942649006843567,189823279,-0.012305511137142133,0.4721354496864199,0.627365715977378,0.6406036096365333,0.4814409780368637,0.3875243887117634,-0.07097247436762154,81.0981518973907,0.10177534517348084,0.07015286682449877,107.56918782912467,1.4555670700660792,0.6392383674873285,0.737240796664229,0.3118447530686154,-0.19682913603414187,True,False,False,False,1.0960010290145874,0.9366649985313416,False,False
2023-01-10,1.9238530397415161,163393736,-0.009722542461992653,0.4695938225377372,0.6423618520707463,0.6242800085226689,0.48748172259942046,0.4172780213872336,-0.03392328008694109,79.73802394893977,0.10124996104718259,0.07405522622003041,113.80995532330441,1.4587594899527212,0.5585137349545032,0.6956968695639956,0.2935533638008554,-0.13923235937779788,False,False,False,False,1.0960010290145874,0.9366649985313416,False,False
2023-01-11,1.8861750364303589,107332102,-0.01977897846306631,0.3127508706489638,0.6828382811859578,0.5740091711742616,0.5476689715827475,0.4018032836182013,0.024028123172455704,76.95192718876572,0.09225149400523763,0.07835433146448523,115.07328527452879,1.465084874307435,0.469082642816443,0.6403409819559602,0.26294529358924,-0.34310760848261646,False,False,False,False,1.0960010290145874,0.9366649985313416,False,False
2023-01-12,2.056420087814331,198550608,0.08641566139632303,0.4268794254551348,0.7589530879226939,0.6066313611962054,0.6659152064470197,0.4661190537765474,0.11988763686948763,80.30114248200181,0.09147288104333895,0.0814081118493184,118.32793039796155,1.4791495799498495,0.5347626286308571,0.7608932849469048,0.3703422219219222,0.8498716069121612,False,False,False,False,1.0960010290145874,0.9366649985313416,False,False
2023-01-13,2.1074750423431396,175067271,0.02452391893045556,0.32383197073384423,0.782057064724476,0.6186949323834914,0.6338060829321811,0.4510612949465638,0.2162238145569121,81.18418101446592,0.08807221082137992,0.08261140126519857,119.84873382980157,1.4789514552331433,0.5075357882091353,0.7751717380595176,0.39722159074450797,-0.11827381057427933,False,False,False,False,1.0960010290145874,0.9366649985313416,False,False
2023-01-14,2.154508113861084,218247677,0.02207187555400859,0.37310773761315835,0.816161489312386,0.6427808857137667,0.5840499607872369,0.4706147052009539,0.19494071822966147,81.98533312787545,0.0827489530973417,0.08483507989796615,120.09286580144605,1.4766958717946475,0.4785444733836088,0.7834486131166203,0.4207068046212217,0.2466503633337609,False,False,False,False,1.0960010290145874,0.9366649985313416,False,False
2023-01-15,2.2212979793548584,206717255,0.030529256339998846,0.12173368015858496,0.7209834952003882,0.7866573218447053,0.6027412353247336,0.37154046400386653,0.1573768612304173,83.08665264402104,0.07757193957343375,0.08736350677762586,120.38527273960209,1.3944086443497226,0.4648705857891816,0.8046832736931755,0.4564791203403719,-0.05283182006102172,False,False,False,False,1.0960010290145874,0.9366649985313416,False,False
2023-01-16,2.1191320419311523,129239610,-0.04708510974556692,0.08695408155016035,0.5590895312365801,0.7569250492848397,0.540193172844065,0.37158705393253316,0.22963810304318694,75.48468231630204,0.06179880991236961,0.09128912223559536,116.80816260056935,1.4098736399945881,0.34827745254164383,0.6929619496788549,0.3819344014832696,-0.3748000862337302,False,False,False,False,1.0960010290145874,0.9366649985313416,False,False
2023-01-17,2.001832962036133,102206674,-0.05694334880193037,0.0397332752102225,0.5093270977479595,0.7107313637289366,0.4931456294281486,0.35909069216202244,0.09361266390734538,67.81315203820569,0.03910447967096908,0.09504365614678632,109.58927001049872,1.4337168347240792,0.23251797422290393,0.5759932982027606,0.29888956243366016,-0.2091691239241592,False,False,False,False,1.0960010290145874,0.9366649985313416,False,False
2023-01-18,1.9700560569763184,179082043,-0.016001244202722423,0.043511009470566304,0.35626188011953,0.7290553186361212,0.4980581293017294,0.2708983289840705,0.09622854123949509,65.86039078394944,0.018630447667003364,0.09997767685096752,101.22516758658537,1.425787033244805,0.17647029929197802,0.5299767514843939,0.27205922388279813,0.7521560578323878,False,False,True,False,2.436537027359009,0.9366649985313416,False,False
2023-01-19,1.9743210077285767,84737695,0.002162548024401216,-0.04074210390135554,0.3861373215537793,0.6904556890083128,0.5773088515751686,0.2560298985689923,0.07834704346420955,66.0018974844863,0.0028789826521128103,0.09888510052058477,91.66650452293992,1.4265351548575531,0.14449449985294308,0.513605771652025,0.26880156715370973,-0.5268219326713846,False,False,False,False,2.436537027359009,0.9366649985313416,False,False
2023-01-20,2.3491809368133545,142011511,0.1738421841891334,0.10857616135732218,0.43240813209116635,0.918714039381684,0.751277308589708,0.4403272995212918,0.26707758841281937,75.58196947854668,0.014557192914707306,0.09023081274057847,83.69517665761303,1.4913090045291186,0.3088158790792459,0.7672428200468826,0.5009883324188196,0.6758953733636488,False,False,False,False,2.436537027359009,0.9366649985313416,False,False
2023-01-21,2.388356924057007,201113019,0.016538920170471788,0.10304320597378551,0.4761509435869437,0.9801872826066373,0.7570118613931217,0.44090787670442255,0.30797609697554706,76.33255651061444,0.021359857424145423,0.09333674693430417,77.17785820280673,1.4673305650633146,0.2838556459289562,0.7632035728325346,0.5171959650138404,0.4161740663402982,True,False,False,False,2.436537027359009,0.9366649985313416,False,False
2023-01-22,2.2130610942840576,183852410,-0.0762289823622773,-0.0037150327284906836,0.11801864743009435,0.859663212764795,0.6473248340922477,0.3822888916070268,0.2725090546161557,66.48456679992596,0.011014243643613919,0.10223331560799319,69.9183475591821,1.5147713684477175,0.1584434320922711,0.6071948284812461,0.3987593368056279,-0.085825418393227,False,False,False,True,2.436537027359009,1.8730900287628174,False,False
2023-01-23,2.5245349407196045,223121858,0.13168019618581991,0.17505027320289618,0.26200435475305645,0.9813983565382233,0.7958070189389573,0.4264580470136561,0.47108436788198466,73.12039759640842,0.021502155281669322,0.09577134853210065,64.30960109468516,1.554831195231235,0.27730359618983763,0.7964192616037091,0.586309538381083,0.21359223955780626,False,False,False,False,2.436537027359009,1.8730900287628174,True,False
2023-01-24,2.3745830059051514,222687047,-0.061235018260264916,0.17075860374456162,0.21049187895478402,0.8952026803596824,0.7592067194050452,0.32818520276492985,0.37713674250987395,66.31323886473412,0.015002200235175844,0.11002504738847789,58.76561041825285,1.5889354728377558,0.17193611725636376,0.6590931649282504,0.48447308265430217,-0.001948760215146672,False,False,False,False,2.436537027359009,1.8730900287628174,False,False
2023-01-25,2.533461093902588,247716986,0.0647645435459237,0.2515243914932078,0.29503540096377406,0.8928995960160933,0.8511782940403096,0.4389796074502955,0.45892924465533674,69.54798352002251,0.017869935368320933,0.10484967020753598,52.34932246896658,1.588276498212485,0.2146330143864706,0.7344397091887126,0.5746852584316239,0.11239961792658737,False,False,False,False,2.436537027359009,1.8730900287628174,True,False
2023-01-26,2.32338809967041,138280912,-0.08655988101817705,0.1628019624506295,0.1220598585492739,0.831058393553277,0.7705124246286893,0.3258310012565598,0.36164655982057936,61.18236745238514,0.002872500481045759,0.11493106107244429,46.088034305327305,1.6290989365866948,0.0929845735707018,0.5624783069759915,0.43660008038285664,-0.4417786433103138,False,False,False,False,2.436537027359009,1.8730900287628174,False,False
2023-01-27,2.3924920558929443,138561601,0.02930901578052675,0.018268794042022887,0.12684495539934498,0.9206228169120815,0.7970824701093562,0.3815928506635256,0.4031847387717066,62.768856685036035,-0.004726412790178158,0.10952169092062611,37.242157015404544,1.5978915008207086,0.10193472644495467,0.5803638112242449,0.47128388588640185,0.0020298463174730497,False,False,True,False,2.816270112991333,1.8730900287628174,False,False
2023-01-28,2.2395529747009277,96663728,-0.06605924283296401,-0.06432936896141296,0.038713837012372375,0.8442627194195303,0.7124581752918714,0.36451654716215964,0.3499457128970286,57.19721456874308,-0.021449223919327243,0.11581948184154024,36.072696144391486,1.6319883118005507,0.025053086961916753,0.4563249671548183,0.37048347152747213,-0.302377229316223,False,False,False,False,2.816270112991333,1.8730900287628174,False,False
2023-01-29,2.310152053833008,103269873,0.03103706545194616,0.0429366788528105,0.03922164612431969,0.8738798427428031,0.708843628543041,0.4120815490944348,0.4260225550240878,59.00614952007109,-0.02869950978799818,0.10806485249454077,34.60826069375069,1.6291518806571188,0.048547897626419804,0.47751406058926893,0.40780447201825815,0.0683415086163448,False,False,False,False,2.816270112991333,1.8730900287628174,False,False
2023-01-30,2.0677330493927,139186839,-0.1108604845908655,-0.19960400192387506,-0.024553728720978954,0.7750519071858392,0.6277548423260813,0.3276982574973515,0.3640219130762316,51.03102424828889,-0.04954319920909722,0.12416427996582477,33.02319897429218,1.6956907619768988,-0.0645374590915181,0.30515273237064733,0.25563211063747404,0.34779713537558044,False,False,False,False,2.816270112991333,1.8730900287628174,False,False
2023-01-31,2.2016561031341553,101099205,0.06275698937715375,-0.07561199428645632,0.09514660945810517,0.712101646110996,0.6712810200895192,0.3666424784428346,0.3638571334360216,54.6755897790227,-0.0536841200648035,0.11336357972796444,29.95899051008777,1.66292572669901,-0.011007151548671752,0.3699821131904461,0.33264790291658775,-0.27364393267096176,False,True,False,False,2.816270112991333,1.8730900287628174,False,False
2023-02-01,2.298567056655884,157055705,0.04307605860914077,-0.09730047922323934,0.1542239122699684,0.6403688505018957,0.7440296505281262,0.3514579235054775,0.37511555731193613,57.16028715118902,-0.04937866405651761,0.10936553253407691,29.078166908080433,1.6320168127734327,0.026940451475691417,0.4096293776028201,0.387382433194099,0.5534811079869519,False,False,False,False,2.816270112991333,1.8730900287628174,False,False
2023-02-02,2.2657129764556885,192024015,-0.014396420638611187,-0.02513701884367342,0.1376649436069561,0.6331533451765944,0.7159215532158274,0.2589258866199475,0.3942289606225043,56.03870634186901,-0.04817363911546829,0.11072188117411097,28.489967882319217,1.6337973071492389,0.008696524124356007,0.3704777502417956,0.364914618628865,0.22264909128897936,True,False,False,True,2.816270112991333,1.986246943473816,False,False
2023-02-03,2.362488031387329,172312008,0.04182582499915312,-0.012620209625047021,0.00564858441697589,0.5379151967500404,0.784927969320972,0.3285483543230099,0.45563446843032496,58.61467924497743,-0.040592647665763315,0.10519165039262109,28.440590008371874,1.581661230252644,0.046933900845373876,0.40806974963763243,0.4195915885480024,-0.10265386337224536,False,False,False,False,2.816270112991333,1.986246943473816,False,False
2023-02-04,2.209423065185547,113150650,-0.06698388932213106,-0.013544856114214075,-0.07787422507562707,0.4986442008377573,0.7324381757299698,0.3376060840031365,0.4023792543441261,53.29534633012712,-0.045264419652030985,0.11008944631645372,28.47491213708238,1.601729192274081,-0.020638978663066163,0.29830216212972943,0.32485403667709883,-0.3433385675593775,False,False,False,False,2.816270112991333,1.986246943473816,False,False
2023-02-05,2.047945976257324,129854628,-0.07589409692262787,-0.12047601848878806,-0.07753933963597763,0.2951787302633833,0.7089405758291091,0.20098832234041517,0.3282803520163485,48.31403294390796,-0.057804759628945934,0.11833885753481357,29.18388989773503,1.5814425329875577,-0.09078171278536383,0.18869267898260753,0.22631109456228055,0.14762600126468572,False,False,True,False,2.508626937866211,1.986246943473816,False,False
2023-02-06,2.2005059719085693,208876300,0.0718499931036974,0.06223445920577485,-0.13736954271810023,0.3942326146923862,0.7421864821412119,0.5323519464310199,0.4129909529591504,52.80240533379395,-0.05444671840951898,0.11232094224055642,27.33518839634653,1.5899595647576112,-0.02733989703725793,0.25944966928732704,0.31533146310373006,0.6085395123537685,False,False,False,False,2.508626937866211,1.986246943473816,False,False
2023-02-07,2.577523946762085,392301534,0.15814190640673095,0.15761937623535202,0.08200738194889567,0.2704712073045451,0.9044087798009303,1.0335032341519053,0.6768753912757134,61.662628172767306,-0.02685143498605705,0.10142302590421032,26.84403854098135,1.370048241043251,0.12421509634139839,0.44825771717194085,0.5358814851038058,0.8781524471660977,False,False,False,False,2.508626937866211,1.986246943473816,True,False
2023-02-08,2.5399980545043945,289378043,-0.014665912472160028,0.09987740515405136,0.0025769259308119495,0.2681108059695272,0.9087144156060604,0.7495517840063909,0.6556351946812905,60.446307168027474,-0.011905329355775457,0.10529183000324689,24.892213156057256,1.3705352283307712,0.09434755992399682,0.40273666334630226,0.5092275424635551,-0.2623581150717601,True,False,False,True,2.508626937866211,1.9844419956207275,False,False
2023-02-09,2.6419219970703125,934574530,0.039343366379826404,0.15361719217248898,0.1284801733288155,0.3171767148113463,0.9414567233340151,0.8046584374107667,0.7344547361985797,62.603960441463684,0.003255514466633719,0.11099891189314556,27.485483739433864,1.3728113655935248,0.13112781886118935,0.43206393114487146,0.5651696176333229,2.229597243492313,False,False,False,False,2.508626937866211,1.9844419956207275,False,False
2023-02-10,2.2817039489746094,515317264,-0.14658417158297518,-0.03479280440963932,-0.047413014034686396,0.19037152169143726,0.764380692865699,0.7380404932741849,0.5921748053096386,51.840791007133895,-0.011744046629641014,0.13652310102147724,27.536721520026536,1.4755092472235003,-0.020862508205574733,0.21850411464389372,0.34847553277054366,-0.4486076311110254,False,False,False,False,2.508626937866211,1.9844419956207275,False,False
2023-02-11,2.374453067779541,189191775,0.03984461383185307,0.07203569874434476,0.058490842630130775,0.1438004741269673,0.7504318353231726,0.809715680573987,0.6099195279035148,54.03218870653788,-0.015927190010989828,0.12687276260674257,27.090115634229612,1.4524630512387235,0.0154222333424892,0.248858832375318,0.3994244679922275,-0.6328635032883354,False,False,False,False,2.508626937866211,1.9844419956207275,False,False
2023-02-12,2.507981061935425,285660029,0.05471094796403002,0.20264074363100273,0.08216472514221478,0.1739875031605418,0.7926824355440332,0.8077935860927229,0.6250487981071056,57.061448120579314,-0.01047281118330562,0.1192132354272898,26.93979270071962,1.4614132697451017,0.07290453441613996,0.2977677437079738,0.47557674816166706,0.5098966590910201,False,False,True,False,2.9699978828430176,1.9844419956207275,False,False
2023-02-13,2.386115074157715,255261155,-0.04981152026601608,0.08097923026128943,0.14321368946706417,0.10210410734051725,0.7448849930542839,0.6861540681277543,0.572718812541471,53.59037090739753,-0.015538525320885704,0.12566164674837854,26.959764300517193,1.4728042150217755,0.02051900919181122,0.21687458569664742,0.40337541047336795,-0.1064162672895339,False,False,False,False,2.9699978828430176,1.9844419956207275,False,False
2023-02-14,2.5709760189056396,266052586,0.07461904929080282,-0.002543626854638884,0.15507574938071314,0.1461939002913212,0.9328512221360263,0.7489351356160547,0.5177343642951877,57.78536947243813,-0.0073224651091667314,0.11702309020015617,27.368386401569317,1.4909421913534484,0.09870087847429106,0.2909568020227902,0.5114016768841372,0.04227604078654279,False,False,False,False,2.9699978828430176,1.9844419956207275,False,False
2023-02-15,2.845150947570801,301775308,0.10133052260892898,0.11345280822645011,0.2133302133805015,0.2946095326458172,1.051534581930657,0.834802705489882,0.6661965865783503,63.11118026590612,0.014504153680283793,0.10635879284852018,32.823409600356804,1.5155168384176092,0.20246301299297662,0.40280313579028193,0.6700752772622286,0.1342694034178642,False,False,False,False,2.9699978828430176,1.9844419956207275,False,False
2023-02-16,2.6024041175842285,372530145,-0.08918044491197166,-0.015071003065347904,0.13854618910714095,0.26237243653577585,0.9731038002647124,0.7555180659639246,0.6214631286977982,56.33462951973209,0.010695622568400592,0.11837693123626251,33.806250919594575,1.5374046330857132,0.09501220516715109,0.2625793542869507,0.5255845721593134,0.23446198255557738,False,False,False,True,2.9699978828430176,2.2214269638061523,False,False
2023-02-17,3.0055150985717773,377832846,0.14401328873022173,0.275526457247849,0.24073365283820963,0.42238696946872006,1.1514422881048412,0.9204450987704493,0.6932852984527904,63.36875100223507,0.03221188479535192,0.10708019625007163,39.79313651912785,1.6048229059500088,0.24457310977873004,0.4298111448151863,0.7571307008305208,0.01423428699978091,False,False,False,False,2.9699978828430176,2.2214269638061523,True,False
2023-02-18,3.2530360221862793,296145822,0.0791397538261093,0.3148215972421053,0.3868572959864501,0.49936417527042815,1.189819864278741,1.0766730268455968,0.7553940738394206,66.89518567638143,0.058470507468386085,0.09945680225321486,48.758569591201244,1.620018022713573,0.3212763629940121,0.5145790623762239,0.8965437128382856,-0.2161988425961252,False,False,False,False,2.9699978828430176,2.2214269638061523,False,False
2023-02-19,2.9270989894866943,249382371,-0.10557689438477157,0.15453375489330348,0.3571744985243064,0.21994509669652312,1.1386591360782072,0.9712224052862313,0.6602723962178151,58.85975692834125,0.04959501621989365,0.1106721883886674,48.23875238505529,1.5712110248815814,0.1684984501062708,0.33822108868817485,0.7048794066931574,-0.1579068402322421,False,False,False,False,2.9699978828430176,2.2214269638061523,False,False
2023-02-20,2.924855947494507,196665933,-0.000766595821803047,0.20357867933751667,0.28455790959880606,0.2026395807042483,1.1828268633108856,0.9596514420973702,0.6435474574086709,58.80740477075175,0.03970776814834215,0.10750120818447692,48.30320153295584,1.5710941470852797,0.15098842257302367,0.3150148606642306,0.7011569215208243,-0.21138798941004533,False,False,False,False,2.9699978828430176,2.2214269638061523,False,False
2023-02-21,2.7906720638275146,236766038,-0.046962780833335514,0.0819968492133782,0.0794532223587395,0.2319057822331901,1.091568994997985,0.879230616325438,0.614194673840217,55.620294836215415,0.02119401806940993,0.11214025112447411,47.72920373201849,1.554870919353574,0.08765305693535003,0.23711959431778803,0.6224111642654873,0.20389959963223525,False,False,True,False,3.299427032470703,2.2214269638061523,False,False
2023-02-22,2.9105019569396973,281450496,0.0420431101838681,0.022709436788317456,0.13616224501476754,0.14226869623123828,1.1236670527694614,0.9380757151701956,0.5687267432448944,57.81882871795219,0.014406125384284624,0.10705079389089758,47.2375533017977,1.495226358200643,0.12027973713194985,0.27099819600951275,0.6905276399724365,0.18872832597722478,False,False,False,False,3.299427032470703,2.2214269638061523,False,False
2023-02-23,2.978140115737915,325679302,0.022973423334588072,0.1348633050348772,0.1197923019695293,0.2264771378260914,1.121679818185774,0.9856838572311366,0.5546623405910214,59.05191546455518,0.011960016468686302,0.10397992598409991,47.5452796825812,1.477200860916907,0.13289122500175782,0.28262811189896664,0.7272282009837995,0.15714595152108024,False,False,False,False,3.299427032470703,2.2214269638061523,False,False
2023-02-24,2.8767828941345215,277797561,-0.03462636430232066,-0.04377634799766519,0.23175010925018383,0.12708622997784694,1.01998582599394,0.9782645240181568,0.5660658374281424,56.39157732413944,0.0015513329068530257,0.10688845176322181,45.27686608440131,1.469409387543015,0.0806181427428077,0.22280887263955226,0.666026682272894,-0.14702113614822232,False,False,False,False,3.299427032470703,2.2214269638061523,False,False
2023-02-25,2.9256670475006104,222700971,0.01684988597779775,-0.10606621584597682,0.2087553813961284,0.23049599697382187,1.0615543905270988,1.0010084216025112,0.5563269982303817,57.38864868618884,-0.00371798003287957,0.10296262976843538,40.07064551954208,1.4328015504841998,0.08115770688843119,0.22894871583558835,0.691120539642543,-0.19833359876042977,False,False,False,True,3.299427032470703,2.6367459297180176,False,False
2023-02-26,3.1148529052734375,205493335,0.06265942459156985,0.06217010313036452,0.21670385802366823,0.26384640578486496,1.1844692226969464,1.060928875894221,0.6454392564483905,61.09593478379608,0.0034723920920329,0.09556665365987745,37.6182435840275,1.4438170764415184,0.1319462247565463,0.29072873630157736,0.7984266529543443,-0.07726789839636572,False,False,True,False,3.1852810382843018,2.6367459297180176,False,False
2023-02-27,3.2678539752960205,302168279,0.04795156309407768,0.11088826204624525,0.3144669413837619,0.37785721171190667,1.222119931131437,1.090315387003778,0.7423737588740662,63.8362160672548,0.01577817933900852,0.09091634671864351,39.98638527402026,1.4240540175162326,0.1728358985561008,0.33968279563520337,0.8834191377840696,0.4704529419409149,True,False,False,False,3.1852810382843018,2.6367459297180176,True,False
2023-02-28,2.9978458881378174,230363467,-0.08623949932900564,0.07161154355057513,0.15360839276395336,0.2605806469309548,1.1344604896737578,0.9694242754739958,0.6726621960253897,56.29966022975283,0.0036137021335306274,0.09847419420778776,39.32194368060843,1.4631558059735683,0.06716182984669755,0.21844913728271947,0.72687110520551,-0.2376318660503739,False,False,False,False,3.1852810382843018,2.6367459297180176,False,False
2023-03-01,3.0226221084594727,169884956,0.008230709043450649,0.037799142410157756,0.06050857919847515,0.3796718405652711,1.15472374775111,1.0074266828913523,0.7073700980626226,56.80362026887413,-0.004446371291653789,0.09502659651880942,39.18943644825825,1.3982142896534044,0.06873978432647651,0.21764358563092207,0.7407020251779959,-0.26253516578650904,False,False,False,False,3.1852810382843018,2.6367459297180176,False,False
2023-03-02,3.018225908279419,202959414,-0.0014554913296835814,0.013370227745885943,0.14823353278076315,0.3154593598584337,1.0275610059694298,0.9867403799479529,0.6821018383012684,56.67872142427788,-0.011362943120020036,0.09338443418412104,34.846121107005565,1.3871504911662826,0.05346818133571488,0.2048831238603777,0.7364619789484963,0.19468738597430613,False,False,True,False,3.2815170288085938,2.6367459297180176,False,False
2023-03-03,2.8142929077148438,338010863,-0.06995816845607157,-0.021961576407864884,-0.06573792440553011,0.20242513279322147,0.8427939832951171,0.9464547833213476,0.5538830562986988,51.06907917365656,-0.02990828617680677,0.10047893315545152,30.951721286738632,1.4096064142568445,-0.02519428479105874,0.11671544780396836,0.6188214938793452,0.665411110223249,False,False,False,False,3.2815170288085938,2.6367459297180176,False,False
2023-03-04,2.5476579666137695,198381082,-0.09953655004956807,-0.13834801243523062,-0.2444142282812074,0.11728500338226451,0.7504383485588589,0.833206556598092,0.3762108900022121,44.822712299354194,-0.05870346455291958,0.11346546920093241,30.48436797854302,1.4561935910575752,-0.11815640292716408,0.007395184218724744,0.4655678402063072,-0.4130925845421719,False,True,False,False,3.2815170288085938,2.6367459297180176,False,True
2023-03-05,2.6225340366363525,185275099,0.02896654722581359,-0.17204088980098692,-0.10987078667062238,0.10442572560892507,0.6423409223589656,0.889353694929897,0.43297407993193493,46.79089792538611,-0.07048531833450045,0.10692863212937116,27.31580352258007,1.4526658901263725,-0.095938021963394,0.033178545604755215,0.5079878066292088,-0.06606468151030653,False,True,False,False,3.2815170288085938,2.6367459297180176,False,False
2023-03-06,2.5855250358581543,200767668,-0.014212443916603236,-0.2342048968116677,-0.12331663476542254,0.15719717101445288,0.6558413718522103,0.8896353467444228,0.4948032550175894,45.91903647604214,-0.07796551915565875,0.10464428020546401,27.144974471878257,1.4319622699369594,-0.10891953470378027,0.015683567568434198,0.48521693355433637,0.08361927254995027,False,False,False,False,3.2815170288085938,2.6367459297180176,False,False
2023-03-07,2.5415470600128174,172712181,-0.017155621623338942,-0.16512101910600102,-0.09350947555542591,0.21593564631374185,0.5111143765771251,0.9248762221428508,0.41692396865415693,44.84959461944448,-0.0826244472696292,0.10423713537231354,29.352979520552008,1.40446773495617,-0.11946949149108126,-0.004895039546060686,0.4570533174485767,-0.1397410612947898,False,False,False,True,3.2815170288085938,2.446047067642212,False,False
2023-03-08,2.3588199615478516,183783837,-0.07461149666807128,-0.247963224817523,-0.21016408240736542,0.06947415654197314,0.4637067712343593,0.8116606386831853,0.6018261029729932,40.616841270512005,-0.09393715463142224,0.11147428057036687,32.51881814294691,1.4125004740148897,-0.17931320143857976,-0.07901369741207352,0.35036223963950525,0.06410466207939325,False,False,False,False,3.2815170288085938,2.446047067642212,False,True
2023-03-09,2.2698190212249756,201980655,-0.03846137571201383,-0.2849691091998534,-0.2715988814539674,-0.12712912557677175,0.14334208172777332,0.7772796542241587,0.9063741085751335,38.700985612300904,-0.10263180487918608,0.11502719848563725,37.47015896418311,1.3016350518915127,-0.20004054788054867,-0.11583321774607896,0.2989873814736699,0.09901206927135808,False,True,False,False,3.2815170288085938,2.446047067642212,False,False
2023-03-10,2.315877914428711,260846067,0.020088742361689328,-0.19492219838209252,-0.21688377478995735,-0.09237447074292236,0.17573633522660487,0.8163399448631381,0.6571773132634685,40.271147379319835,-0.10037659801998548,0.11176949164004056,38.8384342734563,1.303773941107201,-0.17010271212399358,-0.10028590273927203,0.32484409639884687,0.291440841203332,False,True,False,False,3.2815170288085938,2.446047067642212,False,False
2023-03-11,2.151262044906616,205226389,-0.07373417678924123,-0.16911982512176577,-0.3074678375569964,-0.20545201391199,0.1117247008993561,0.7360047094220252,0.5992064234987766,36.657114732064294,-0.10459244714175298,0.12361330007462616,43.949402104567056,1.3170584751560754,-0.21822545666890736,-0.16295161859952895,0.2306139437702426,-0.21322797249613124,False,False,False,False,3.2815170288085938,2.446047067642212,False,False
2023-03-12,2.4462549686431885,185416693,0.12850360329774468,-0.06958276904983461,-0.24162365885082143,0.06963576096872987,0.2600072826601672,0.8340164538344287,0.8076762542429147,46.00798781513622,-0.08307368021014394,0.11190326548018228,44.96013321753425,1.2991216537609924,-0.10322564690060419,-0.0485995866295416,0.39824878117662244,-0.09652606614834514,False,False,False,False,3.2815170288085938,2.446047067642212,False,False
2023-03-13,2.671539068222046,324770866,0.08809646553330443,0.03272614040007306,-0.20147875641159468,0.1178876126701811,0.26168808679714856,0.8683194479933537,0.9276032932441682,51.853501176779055,-0.05081231640321668,0.1039168257383144,45.04068920101885,1.3272605390098446,-0.018495323080019502,0.03532595853538591,0.524123481727126,0.7515729611249187,True,False,False,False,3.2815170288085938,2.446047067642212,False,False
2023-03-14,2.7631289958953857,289532864,0.03370899536222349,0.08359075738563555,-0.08153026172036551,0.0968856600683747,0.27087316322891636,0.8895680956124078,0.9046792461610974,54.03244679205385,-0.021925133163350874,0.10387706337109989,44.74074284901606,1.3191438368278805,0.017909847468496474,0.06884403718189938,0.5717851171749505,-0.10850111783117888,True,False,False,True,3.2815170288085938,2.0228049755096436,False,False
2023-03-15,2.300020933151245,327052885,-0.1834455074843158,-0.025243253430608945,-0.273206478248132,-0.03674832714992517,0.06535578019059211,0.7081366659043588,0.649405740977829,43.349618084674475,-0.03201669287273878,0.13336084659856415,46.270859591191254,1.4614504938733897,-0.14197741980726666,-0.10978366073080403,0.30585723570102175,0.12958812509795092,False,False,False,False,3.2815170288085938,2.0228049755096436,False,False
2023-03-16,2.3990368843078613,219476890,0.04214913434337599,0.055367256624780856,-0.22960185257507262,-0.06921824209735206,0.07697565819396911,0.8636329800386743,0.6797168935187027,45.816270901449876,-0.03006394342118028,0.1247880139950353,47.04222921231066,1.4445324542889442,-0.09699269092200749,-0.07049261056641008,0.35898017141857685,-0.32892538159386664,False,True,False,False,3.2815170288085938,2.0228049755096436,False,False
2023-03-17,2.558095932006836,182355647,0.06419584658545673,0.09947436084854834,-0.09544783753354424,-0.10635291812082422,0.1882566145249929,0.9451816638098326,0.7284497873690577,49.61179675939871,-0.016764088719521404,0.11443326043625576,46.52088833858749,1.4165359887063467,-0.03041485300177739,-0.010664502142955157,0.446303039727924,-0.169135087525616,False,False,True,False,3.0244228839874268,2.0228049755096436,False,False
2023-03-18,2.475780963897705,208654009,-0.03270731797578433,0.14050121966200524,-0.02861860545976041,-0.04987979118463685,0.21249264535113896,0.9232240090800757,0.7056382747792878,47.74773227096386,-0.012415005683430014,0.11942824749522271,44.24088164517414,1.3869535340808858,-0.05011002238638432,-0.0431160128983465,0.3970318908768897,0.14421468395766213,True,False,False,False,3.0244228839874268,2.0228049755096436,False,False
2023-03-19,2.487423896789551,114487537,0.004691708110298236,0.016689324474558863,-0.05289344457527578,-0.18920137180456037,0.23318559766415972,0.9622409163002806,0.731243726965889,48.04508428542006,-0.007879608992981346,0.11478166846626435,38.29327861401246,1.2840976840225935,-0.03113762949488166,-0.0404545638063126,0.40158330529710945,-0.4513043983736732,False,False,False,False,3.0244228839874268,2.0228049755096436,False,False
2023-03-20,2.2897379398345947,116188642,-0.08281022106282875,-0.15421736212157425,-0.12149122172150129,-0.3511513466934983,0.14821282857692977,0.8386685175852426,0.7255216801520985,43.516921654708625,-0.016806108999169567,0.1235471839100779,36.6240251847188,1.2726643296208588,-0.0956658954382303,-0.11657450560606035,0.289433248941687,0.01485842952495342,False,False,False,False,3.0244228839874268,2.0228049755096436,False,False
2023-03-21,2.415055990219116,119467217,0.05328509692721342,-0.13464126055658449,-0.05105050317094892,-0.19228935538151345,0.027655741315009724,0.9463697806966939,0.7789330499047179,46.931465141017476,-0.013050657499781335,0.11747115474495043,32.56072750038348,1.2455273576749255,-0.03458846671215386,-0.07071491848106658,0.3591466893492946,0.02821768929875268,False,False,False,False,3.0244228839874268,2.0228049755096436,False,False
2023-03-22,2.37213397026062,172758374,-0.017932511777187844,0.030871735150543495,0.005628481719934529,-0.20945527133689817,-0.006815690632649827,0.9733715919739876,0.7501961707604721,45.907813689916814,-0.012250214621605193,0.11583115588295442,27.064923582810117,1.245987612312125,-0.03934078418284946,-0.08842675123112699,0.333619072406072,0.4460734780487938,False,False,False,False,3.0244228839874268,2.0228049755096436,False,False
2023-03-23,2.320763111114502,111717405,-0.021893900616284868,-0.03317129980911723,0.022195956815663553,-0.18438639111984756,0.04751939111334267,0.9071826038781374,0.6948442252055904,44.652491936145275,-0.013855138899357251,0.1142207190830488,24.520327100088345,1.2389114238677592,-0.05065762656838416,-0.10831986633931909,0.3037541687428732,-0.353331462821015,False,False,False,False,3.0244228839874268,2.0228049755096436,False,False
2023-03-24,2.136044979095459,123486630,-0.08294008029285216,-0.1803072266874262,-0.08083286583887789,-0.30936958159656786,-0.16710088536532947,0.8142974711728936,0.6287061335736277,40.377055343964805,-0.0253619006951364,0.12277948628986733,26.741902704253533,1.2543303990224968,-0.11880064530049038,-0.17847340795594355,0.1996414201438413,0.10534817739456082,False,False,False,False,3.0244228839874268,2.0228049755096436,False,False
2023-03-25,2.040308952331543,71673491,-0.045854734894702875,-0.19345464360634482,-0.05295342394433961,-0.37819773982585897,-0.1517206019997675,0.743482078359915,0.6074861174052777,38.32868157986995,-0.0367353039685582,0.12532052903915414,29.315116150176014,1.2543174152949912,-0.14806405857081253,-0.21334414891565257,0.145281231745396,-0.4195850109440997,False,True,False,False,3.0244228839874268,2.0228049755096436,False,False
2023-03-26,2.1558799743652344,96714536,0.055097737369540406,-0.14304861434710273,-0.12635928987254394,-0.2884736381539979,-0.16138740817615085,0.7315121878399423,0.6897908858641588,42.14441551793042,-0.033860058719499736,0.11887269704131649,29.856912295420106,1.2733913929693998,-0.09165931281412261,-0.1684415741493802,0.20947519777412985,0.3493766614493494,False,False,False,False,3.0244228839874268,2.0228049755096436,False,False
2023-03-27,2.102574110031128,121425828,-0.025036620207806618,-0.08527501349208065,-0.23949237561365488,-0.33036014433960215,-0.09986414736578046,0.7311942461874965,0.670648277262909,40.887808713276534,-0.03290491616360322,0.11865858626098238,30.97515397179551,1.2708134443207248,-0.10584996867273218,-0.18934415039888594,0.17884670865710808,0.25550752784462505,False,False,False,False,3.0244228839874268,2.0228049755096436,False,False
2023-03-28,2.3307559490203857,132235843,0.10303029582522143,-0.03552981459407267,-0.17017107515065716,-0.28998927310595063,-0.026142867321085745,0.8944799495909957,0.7709396027882705,48.03103212335891,-0.015164442348874527,0.10938753865424783,31.001502318029562,1.3075409806604588,-0.008220517547553848,-0.10226938249538194,0.30578458653908297,0.08902566429277314,False,False,False,False,3.0244228839874268,2.0228049755096436,False,False
2023-03-29,2.385258913040161,133568771,0.02311502077745089,0.005517717960566071,0.03638945311110963,-0.3148258154225773,0.06303139628932924,0.9072941157088596,0.7754895715812006,49.597750098315096,0.0011175497374060483,0.10412204814222256,30.788456782544575,1.296590152659758,0.012484741698591095,-0.0799139070622441,0.3352829548066408,0.010079929690469669,True,False,False,True,3.0244228839874268,2.0195670127868652,False,False
2023-03-30,2.314038038253784,122998284,-0.0303136104266052,-0.002901991849754207,-0.036073291658871375,-0.25889992652017685,0.001680720410778054,0.875560563153581,0.7105243489538189,47.579216928042,0.007605916001196519,0.10577075304378586,30.793177160665042,1.2698686208167222,-0.017708440138213297,-0.10582779016701369,0.2945850574595992,-0.07913891039695198,False,False,False,False,3.0244228839874268,2.0195670127868652,False,False
2023-03-31,2.452852964401245,120279855,0.05825775539871442,0.13829584384181234,-0.042011382845613864,-0.20887288016491318,0.17079896040035797,0.9458508675861971,0.7985538027264392,51.70485332560341,0.021002355165031614,0.09883013481965504,29.725821559322107,1.2900575992578203,0.03459484145811381,-0.05080108630606621,0.37047139576837845,-0.02210135712137251,False,False,False,False,3.0244228839874268,2.0195670127868652,False,False
2023-04-01,2.397784948348999,59545658,-0.022706449350717695,0.16144412938579747,-0.03201051422054729,-0.2301238381859474,0.08533552167248634,0.7974371677834825,0.7566165417620057,50.02293627386198,0.02560535207242709,0.09723772775344729,29.63426357003221,1.291045020634393,0.012402460882428589,-0.0729440503117406,0.337624358087398,-0.5049407234486607,False,False,False,False,3.0244228839874268,2.0195670127868652,False,False
2023-04-02,2.3356120586395264,71474992,-0.02627139260946803,0.08007499940678918,-0.0629736149403136,-0.1864370623393439,0.015988070453877498,0.6563569209557734,0.7600177209820036,48.11974310797087,0.02394371681146784,0.0965124197946409,27.408883984808448,1.2733892658419412,-0.006804863968620917,-0.09671066805085617,0.30108431102516403,0.20033927578732946,False,False,False,False,3.0244228839874268,2.0195670127868652,False,False
2023-04-03,2.402967929840088,111733944,0.028430630394173588,0.13354225000876932,0.0482672365166887,-0.05846988189560216,0.05881512148666248,0.6919684666632568,0.7747366747024897,50.324764035354576,0.026654287484124115,0.09283095792690794,22.54901990410845,1.2329411657127125,0.02972288181943035,-0.06990554707242871,0.33598136708335113,0.563259272557876,False,False,True,False,2.4951369762420654,2.0195670127868652,False,False
2023-04-04,2.5838088989257812,120251304,0.07256001688043237,0.1030719710639803,0.06754215646990774,-0.014876412240983397,0.08954931336794153,0.6274645101179821,0.8744772826889134,55.76126365577636,0.03914478285096362,0.08623267497632768,24.201350743832386,1.2558624911915608,0.10052538498251112,-0.001437305266531664,0.4332928600575123,0.07622893898742178,False,False,False,False,2.4951369762420654,2.0195670127868652,True,False
2023-04-05,2.592005968093872,156821689,0.003167453331297066,0.0831244036178263,0.08864212157839252,0.0025034850069167373,0.15970065602136976,0.658344856859127,0.8921388317513397,55.99634309745242,0.04600342389739054,0.08617304837830164,25.696498909024466,1.25493615631835,0.0994982983110075,0.0015678065108768954,0.4350769202939227,0.30411632791940457,True,False,False,False,2.4951369762420654,2.0195670127868652,False,False
2023-04-06,2.5919809341430664,97794122,-9.658184435300789e-06,0.11342835585999621,0.11052636401024214,0.01964944844582046,0.23558509475956224,0.5307638250229456,0.9445256705886713,55.99536446527485,0.04834301994459818,0.08306112365260737,26.085937445867362,1.25339582267269,0.09869806592086723,0.003521553745798182,0.43146632319130773,-0.3763992555902137,False,False,False,False,2.4951369762420654,2.0195670127868652,False,False
2023-04-07,2.4899280071258545,72609243,-0.04016862555052267,0.015001974910759344,0.1532978187525716,0.0540923195633692,0.1235664761053425,0.5177990907977286,0.8657529582465544,52.00522940439869,0.041106155342973384,0.08431789997195929,26.1740796373531,1.23295488101351,0.05512314669226668,-0.03514933854586302,0.37257784411736045,-0.2575295783114654,False,False,False,False,2.4951369762420654,2.0195670127868652,False,False
2023-04-08,2.3846569061279297,54245042,-0.043198538138557056,-0.0054901138770800115,0.15595401550871757,0.04935515713682599,-0.07777396843994577,0.19269723886459927,0.8266348113609846,48.190486985299465,0.027947253546147383,0.08578788610394539,25.78212864558409,1.235010985641881,0.01271893796653333,-0.07147428247181417,0.31239341200242937,-0.25291822695355737,False,False,True,False,2.8053669929504395,2.0195670127868652,False,False
2023-04-09,2.3471450805664062,61500291,-0.015855528836399544,0.004925749895988489,0.08500074930277758,0.013410885938737172,-0.07896358480418524,0.18914722116534194,0.8297508308018751,46.87111515599984,0.016026886156888076,0.08487787634932845,25.62948012074501,1.234618781823747,-0.004425221198739392,-0.07958728175533923,0.28989740845410905,0.13374953235357445,False,True,False,False,2.8053669929504395,2.0195670127868652,False,False
2023-04-10,2.464452028274536,72402462,0.048769751596505276,0.02526487109832021,0.15880712110708947,0.13591481432448363,-0.0695371995875064,0.24763951522383992,0.8719195237465088,51.35622780916825,0.015351337405639232,0.07997607998025866,25.825982668083846,1.2157784543257173,0.04423823416342026,-0.03006700960112951,0.3518910439559244,0.17727023437986666,False,False,False,False,2.8053669929504395,2.0195670127868652,False,False
2023-04-11,2.3329620361328125,77060296,-0.054830761525871796,-0.10212590730798397,0.0009460637559963196,-0.04741955049913286,0.02221621046959706,0.21258773216103427,0.786596903335296,46.606757342129264,0.005846608240784264,0.08346684817716436,25.86164622160338,1.1467018105978921,-0.010655684458157882,-0.07751959024292399,0.2777368506080621,0.06433253609525047,False,False,False,False,2.8053669929504395,2.0195670127868652,False,False
2023-04-12,2.264025926589966,105406029,-0.02999410840406856,-0.13528746904334962,-0.05216306542552328,-0.16551012443650592,-0.04762251176632475,0.09617796236064256,0.7028093235568479,44.293971345018164,-0.0047151095016717045,0.08611643759535254,26.095126097715436,1.1036382808415912,-0.03873313541919012,-0.10103368091417088,0.23801886871478858,0.36783836127491654,False,False,False,False,2.8053669929504395,2.0195670127868652,False,False
2023-04-13,2.448288917541504,98650423,0.07824476760819615,-0.057033043250718236,0.056395312609278145,-0.12097435219053325,-0.024088692122158632,0.14989881103838307,0.7685937434218746,51.25667262439234,0.0007836572517828395,0.07994883552020002,24.678111039938592,1.134074270977775,0.03265665027791302,-0.02428780032475472,0.33559307470442534,-0.06409126749286798,False,False,False,False,2.8053669929504395,2.0195670127868652,False,False
2023-04-14,2.6261351108551025,142496412,0.07012384620094697,0.05325942850075142,0.06826140341151066,0.13259500149472955,0.09584667434480436,0.19795078168532163,0.8407316673990883,56.861151699479656,0.015649278956648763,0.07490828615521411,22.564534914981348,0.9608458857344594,0.09415196378402466,0.04953357852298474,0.42872429573493465,0.44445819558219224,True,False,False,False,2.8053669929504395,2.0195670127868652,False,False
2023-04-15,2.509176015853882,64131885,-0.04555880704698328,0.05089915959232513,0.04540904571524504,0.04488706010437035,-0.024331181992981656,0.12186271829833945,0.9085200401430448,52.5795063385684,0.016757130771268846,0.07703210798238014,20.68359854443207,0.966188179453521,0.03778422648089553,0.005746096645176186,0.3617299125437683,-0.5499403521823413,True,False,False,True,2.8053669929504395,2.2053909301757812,False,False
2023-04-16,2.574759006500244,73546035,0.025801521315726886,0.09255620974445161,0.09748195964044003,0.00649273483464032,-0.09986018328618396,0.1947493493596331,0.951674398644473,54.64199189745714,0.020795020092002233,0.07416404148456279,17.44386142995661,0.9438522082419601,0.054611124011920004,0.03494491829721029,0.39370467296307937,0.14679359572855222,False,False,False,False,2.8053669929504395,2.2053909301757812,False,False
2023-04-17,2.491281032562256,65712835,-0.0329588909368989,0.010827567211047403,0.036092438309367425,0.006241161873525616,-0.043638629311111087,0.2187338072246646,0.9294651709536013,51.56754719205626,0.01689760874344892,0.0740091729773926,16.95762531745999,0.9439630592132312,0.017075218275056123,0.006435535928582001,0.3452683831548031,-0.10650744122371791,False,False,True,False,2.655742883682251,2.2053909301757812,False,False
2023-04-18,2.5267720222473145,64964644,0.014145558485847585,0.07980388722276671,-0.02232202008521734,0.01569501224907494,-0.17350635955548538,0.24888060991323457,0.9779359285493557,52.78390438891849,0.015784621667635966,0.07118807457428039,16.942273231866942,0.9451035198513642,0.028593293112270813,0.0269221915055699,0.3609479254218566,-0.011385766570564226,False,False,False,False,2.655742883682251,2.2053909301757812,False,False
2023-04-19,2.261626958847046,88847732,-0.11085815999575199,-0.001060164368916854,-0.13634763341226638,-0.012352926683848445,-0.3635042733773467,0.13585990189308134,0.8263155909013942,43.91130066196586,-0.002746664508597691,0.08351268296396112,17.634186816852047,0.9806264593045738,-0.07835824850747632,-0.07530357552456807,0.2156730222419441,0.3676320923116272,False,False,False,False,2.655742883682251,2.2053909301757812,False,False
2023-04-20,2.1387720108032227,60950553,-0.05585260997573524,-0.13515754195284824,-0.1921905852035665,-0.12149063358679693,-0.3137799889683105,-0.09383489227178719,0.8248791471098967,40.51317349049638,-0.022137079519186344,0.08716406628601868,21.023544853781505,0.9792990767736856,-0.1228095350628767,-0.11916827135133967,0.14747105916995842,-0.3139886452025584,False,True,False,False,2.655742883682251,2.2053909301757812,False,True
2023-04-21,2.0482189655303955,63079211,-0.04326121937976771,-0.24854260753356283,-0.19528317903281148,-0.14681934118937678,-0.356274612526275,-0.15363503182202673,0.8265522507846107,38.16859594161245,-0.03893761538925536,0.09060393850879513,25.40586888714728,0.9877669781428478,-0.15388333738646,-0.14966768749466344,0.09736339581757085,0.03492434268808031,False,True,False,False,2.655742883682251,2.2053909301757812,False,False
2023-04-22,2.1023240089416504,26465830,0.026072785520158,-0.17691101496642156,-0.12601185537409645,-0.09885265505293397,-0.2832390461727816,-0.051333263939591416,0.8083299488252036,40.3884189663258,-0.04391366536257631,0.084645004672142,27.887922150461787,0.9915393919982822,-0.1273275968987768,-0.12201532979718706,0.12477595409742481,-0.5804349867343774,False,True,False,False,2.655742883682251,2.2053909301757812,False,False
2023-04-23,2.0769739151000977,32269771,-0.012131417861110405,-0.21484395414325877,-0.12228774439880731,-0.02804399262119227,-0.3374135742177602,-0.1951448779865218,0.7862534785517014,39.66980473950706,-0.04618805700364478,0.08335350367039777,30.577634379916947,0.9498374544386932,-0.13197736245554434,-0.12917863872019975,0.10958242922257742,0.21929941362126182,False,False,False,False,2.655742883682251,2.2053909301757812,False,False
2023-04-24,2.081094980239868,53228863,0.0019822021197087036,-0.17990286108665124,-0.1690752938756039,0.019792944393219367,-0.3584047954326396,-0.13192765760654812,0.7632750227531344,39.857147782324446,-0.0446638217328157,0.08071295529965161,31.991522089446605,0.9359176057744489,-0.12102149972825035,-0.12347114250351882,0.11005485552144839,0.6494961491979598,False,False,False,False,2.655742883682251,2.2053909301757812,False,False
2023-04-25,2.1487419605255127,43903153,0.03198834823847635,-0.1620600713340223,-0.08225618411125565,-0.003316444737844644,-0.2917900828918425,-0.16470385291399553,0.7281957431020977,42.98683959358022,-0.036682710256038406,0.07742404910351147,32.016645217520704,0.9223728583329809,-0.08387409930934814,-0.09163697799489325,0.14408956916977375,-0.17520024803084744,False,False,False,False,2.655742883682251,2.2053909301757812,False,False
2023-04-26,2.063101053237915,63671300,-0.040672319718265314,-0.09187423105653558,-0.09293439542545243,-0.018952144248303295,-0.3493122885879056,-0.11881629161408368,0.7122421019391932,40.139085069489745,-0.034771804475271825,0.08396292034982007,32.495792646956076,0.9292775404064579,-0.1103571964064541,-0.1242985964877205,0.096772781080382,0.45026713685005726,False,False,False,False,2.655742883682251,2.2053909301757812,False,False
2023-04-27,2.14272403717041,41164009,0.03786771760654972,0.0018460965257492846,-0.13331144542709886,-0.08411472246697498,-0.37410399557292573,-0.11025758978806079,0.8103652271240208,43.862665138466895,-0.02613975143689372,0.07917994500863884,32.644917031834936,0.8632390222731893,-0.06905340107467482,-0.08883040095862053,0.13702598387798573,-0.35349193435660964,False,False,False,False,2.655742883682251,2.2053909301757812,False,False
2023-04-28,2.087416887283325,23693014,-0.026150571655274617,0.018956744250242376,-0.2295858632833204,-0.1333803148997006,-0.4482061303222779,-0.07034891861037122,0.7739138008091592,41.91242689477923,-0.02229886812968543,0.0783414605505321,33.65279876591216,0.8617241273050008,-0.08718853661417422,-0.1109700091814818,0.10539717384572898,-0.42442403994227096,False,False,False,False,2.655742883682251,2.2053909301757812,False,False
2023-04-29,2.1016221046447754,17740693,0.006782114866278292,-0.0003339264036371816,-0.1772449413700589,-0.09628458960681704,-0.355184516126994,-0.09460386919603903,0.7792759735467638,42.61812455705839,-0.017175402124012806,0.07380552955972647,34.46015544681251,0.8574124185622334,-0.07601651430746209,-0.10328347911770618,0.1106168256175772,-0.25122683842587523,False,False,True,True,2.238647937774658,1.976248025894165,False,False
2023-04-30,2.0339040756225586,20904101,-0.03275234128808766,-0.020954849830614512,-0.23579880397387326,-0.18729468629361914,-0.3961675664585323,-0.016495725893261256,0.7585561812925778,40.11607997253263,-0.016705622665739467,0.07363626667442291,35.07268373631506,0.8337341205170967,-0.09724472244920203,-0.13130731173823187,0.0726585860007462,0.1783136656499269,False,False,False,False,2.238647937774658,1.976248025894165,False,False
2023-05-01,1.97393000125885,27409505,-0.029930656026028898,-0.052867707976352145,-0.23277056906300336,-0.19451889296893038,-0.42464273115487766,-0.1091833712964439,0.6029182748145522,37.98891335448233,-0.018645033805690825,0.07356847835142123,36.797944303067304,0.8359075388823884,-0.11682740732938807,-0.15350729278093023,0.039078410221908104,0.3112022851401264,False,True,False,False,2.238647937774658,1.976248025894165,False,True
2023-05-02,1.991750955581665,21316271,0.008987649020742436,-0.07586840719408613,-0.23792847852810836,-0.1592598513387198,-0.3456969136780637,-0.14327178088484233,0.4970970696170535,39.02357199036184,-0.01698561901120277,0.06972821733135028,38.20110542298211,0.83444866713681,-0.10339271233197832,-0.1408559063764972,0.04652715772113528,-0.22230368625774166,False,True,False,False,2.238647937774658,1.976248025894165,False,False
2023-05-03,2.0229029655456543,49974641,0.015519462364600623,-0.019676625111220116,-0.11155085616775572,-0.17217101936829288,-0.23064090126389505,-0.11335589788163038,0.519797447294964,40.88051338977895,-0.01226804861862546,0.0701935079621813,38.11569908637766,0.8290761682161396,-0.08056610646682165,-0.12181037805163424,0.06099843162170106,1.344436369757168,False,False,False,False,2.238647937774658,1.976248025894165,False,False
2023-05-04,1.8985830545425415,27544131,-0.06342574422528796,-0.12097008694305778,-0.11912399041730841,-0.3081567804740131,-0.32303319271499653,-0.21860746710607146,0.319307729643969,36.14927230106887,-0.015774881799870633,0.07418707243734808,36.08601129242573,0.8027017842537538,-0.12256342153298296,-0.17289772539135229,-0.005648100539075405,-0.44883784157649076,False,False,False,False,2.238647937774658,1.976248025894165,False,True
2023-05-05,1.937203049659729,55885161,0.020137358619959835,-0.07468215666782325,-0.05572541241758084,-0.2911868751853502,-0.2886833901784335,-0.13148621916398048,0.36715798167377683,38.52930576289593,-0.013818379520066593,0.07239358908960998,34.48716934001693,0.8084397411862592,-0.09272362278277212,-0.1526636560404519,0.013502978633529963,1.0289317168873469,False,False,False,False,2.238647937774658,1.976248025894165,False,False
2023-05-06,1.8480299711227417,39637735,-0.04712501457938762,-0.12858928611348922,-0.1289232125171264,-0.33830223158030265,-0.31865278313448203,-0.10271713682074018,0.19246159344264294,35.26103177920801,-0.016664088028738172,0.07626140851379438,31.333508469397785,0.8179748587197586,-0.11950300626152315,-0.1866156454108728,-0.03412723421692945,-0.2907288036622101,False,False,False,False,2.238647937774658,1.976248025894165,False,False
2023-05-07,1.8317760229110718,25166975,-0.008834190686514963,-0.10467113551191645,-0.12562598534253086,-0.3069677967162949,-0.25287547715292574,-0.18340132061095246,0.21083129408143364,34.68352079987437,-0.01767904311061455,0.073883283257157,28.594445751147486,0.8113197966445409,-0.11331644110394094,-0.18917301839711986,-0.04370662503033316,-0.36507535054664453,False,False,False,False,2.238647937774658,1.976248025894165,False,False
2023-05-08,1.8324869871139526,77535205,0.0003880530463329235,-0.07435242643955456,-0.12722013441590674,-0.26338120553140487,-0.21402604839457892,-0.3411551739713507,-0.07068396666680551,34.733873945970345,-0.016370356597118024,0.07789886306614402,22.199005313803752,0.8032334678305776,-0.097812230246663,-0.18412780945755197,-0.044158660889229505,2.0808313275632053,False,False,False,False,2.238647937774658,1.976248025894165,False,False
2023-05-09,1.8502650260925293,99766454,0.009654832589383081,-0.07368524287091385,-0.149553650065,-0.23787084410562212,-0.22445995816688508,-0.3168344289098074,-0.04872362294028029,36.0612344598373,-0.012547367863145947,0.07714012607629765,21.114663447904647,0.8053308662269419,-0.07974076649528944,-0.17297615741290753,-0.03569505663576053,0.2867245788542121,False,False,False,False,2.238647937774658,1.976248025894165,False,False
2023-05-10,1.8713370561599731,61761140,0.011324292490328855,-0.07788041274518563,-0.09755703785640576,-0.27531630321179856,-0.13940148888731493,-0.344853502799305,-0.027676787987958727,37.67909839173411,-0.007110057788773105,0.07712693162458409,21.227009355169848,0.7824152331163264,-0.06302877924128696,-0.15947201043791406,-0.025624131556042894,-0.38094281671071517,False,False,False,False,2.238647937774658,1.976248025894165,False,False
2023-05-11,1.6520860195159912,50213010,-0.12461443499939258,-0.1390691035192902,-0.26003919046234797,-0.34509997668531933,-0.39251952718445227,-0.3228837662157224,-0.13251224452428512,29.355857288754038,-0.01626660657076813,0.09212034747861311,26.11496146573591,0.8669593175896719,-0.16452139000092425,-0.25311953682365684,-0.1400428307778302,-0.1869805188181436,False,False,False,True,2.238647937774658,1.6046459674835205,False,False
2023-05-12,1.8996280431747437,90075123,0.13961935658931945,-0.019587105549930817,-0.0942692622177541,-0.17548651169193144,-0.3409966361284372,-0.22310902345825612,-0.0793085493312888,44.312704696740774,-0.004263584454684527,0.08657824612274602,25.78844996976767,1.011281426503596,-0.03438754883800022,-0.13792735951428362,-0.012192038792575069,0.7938602565351092,False,False,False,False,2.238647937774658,1.6046459674835205,False,False
2023-05-13,1.8814990520477295,38787859,-0.009589273034161164,0.017948635995295732,-0.11064065011819346,-0.26332055233428864,-0.38429490452482196,-0.2874092444564473,-0.11342174129590554,43.58490908782538,0.00342784258163803,0.08412016092497078,25.650580401054622,0.9646873327099785,-0.03882756138000178,-0.14417727908389855,-0.022212588049136745,-0.5693832247112225,False,False,True,False,1.9494320154190063,1.6046459674835205,False,False
2023-05-14,1.9290540218353271,36769673,0.02496091140683551,0.051743738088646206,-0.05292739742327022,-0.30848348712840007,-0.17588848563367063,-0.21263681278359564,-0.11053270544307842,46.08633137115864,0.01219763222595574,0.07959586208023785,25.1042697789759,0.9304505704566252,-0.010691867675081157,-0.12165734069412278,0.0019313737769101936,-0.0520313843566359,False,False,False,False,1.9494320154190063,1.6046459674835205,False,False
2023-05-15,2.1234490871429443,112932508,0.09601195593790772,0.14736764098022093,0.07301521454066637,-0.16691272414350905,-0.12202566403913874,-0.19124390613649075,-0.04505000584516954,54.89126997134314,0.030526782776743852,0.07669733546464182,24.721077220167345,0.9919040429127893,0.08970966428058744,-0.03285917062703556,0.10149616085689918,2.0713492611152673,False,False,False,True,1.9494320154190063,1.5884120464324951,True,False
2023-05-16,2.2070329189300537,121315396,0.038607348286338494,0.1763201566771765,0.10263491380626245,-0.1541068971728973,-0.14761416233825697,-0.25396708045908123,0.0406424521867359,58.062662682411,0.04674542042784016,0.07512745310008487,26.771460706779358,0.9979877464659513,0.1284356665616873,0.004254134183046723,0.14328282619212981,0.0742291847445733,True,False,False,False,1.9494320154190063,1.5884120464324951,False,False
2023-05-17,2.357322931289673,152108224,0.06587758117148451,0.230873445358332,0.15299303261314634,-0.055270425064513864,-0.049029263190988104,-0.09890905437562497,0.16346338216015074,63.08784019222371,0.06494151203269605,0.0765211254861069,31.06990985819285,1.0225515274412051,0.19870134784128735,0.07238050541799114,0.21885079167010105,0.2538245681529161,False,False,False,False,1.9494320154190063,1.5884120464324951,False,False
2023-05-18,2.1360061168670654,87197631,-0.09858883923019594,0.25689904112752876,0.1178299376082385,-0.1680048227805573,-0.15230981053148238,-0.3415111823360428,0.08087578713267739,53.01370674102542,0.05956006989040015,0.08639883034836988,31.493188033130643,1.0746478043089291,0.08482132932372252,-0.026091128397586757,0.10276407894752985,-0.4267395364500476,False,False,False,False,1.9494320154190063,1.5884120464324951,False,False
2023-05-19,2.176337957382202,74223723,0.01870584343545558,0.13598552797366492,0.11639842242373401,-0.038440819349349724,-0.050793746033198084,-0.40194509272669643,0.09741908254373162,54.44145041124328,0.05624484690975124,0.08331733383443597,32.24455389964873,1.0078765635504257,0.10321167492851673,-0.006454306121243093,0.12171468372789063,-0.14878739079505499,False,False,False,False,1.9494320154190063,1.5884120464324951,False,False
2023-05-20,2.145977020263672,34838954,-0.014048692251574136,0.13152610875625192,0.1494747447515475,0.0033630983748113887,-0.1181275352119855,-0.31041689059349903,-0.09047179389697578,53.13259433070973,0.04975883823646511,0.08073261915247887,32.958277192385474,0.989773515718327,0.08474008911582213,-0.017562031557568282,0.10419949839409876,-0.5306223860530412,False,False,True,False,2.5268890857696533,1.5884120464324951,False,False
2023-05-21,2.067214012145996,36890557,-0.03739312307496715,0.0691720742744492,0.12091581236309526,0.00923119467961203,-0.13758814650976486,-0.3470434178466631,-0.1444038371424147,49.78846727046126,0.038423132259014114,0.08148342609646803,33.11029014477471,0.9867439955441819,0.04246950139656175,-0.050746952625334914,0.062193135390328474,0.05888819164892256,False,False,False,False,2.5268890857696533,1.5884120464324951,False,False
2023-05-22,2.024630069732666,43372294,-0.02081481064788624,-0.04765469231134472,0.09971294866887633,-0.03765640148843219,-0.13650905654136616,-0.32089544766121375,-0.08898966542802364,48.028404476383294,0.02686325576600468,0.07988168021982427,33.13202240869123,0.9848866068918396,0.020149235637605886,-0.06763841276853794,0.039225063707270975,0.17570179273790854,False,True,False,False,2.5268890857696533,1.5884120464324951,False,False
2023-05-23,2.040544033050537,39292609,0.007829452913794428,-0.07843258768388892,0.0978875689932876,-0.017695530713527356,-0.04573952333471959,-0.3551091049312875,-0.2128404087000491,48.75743785418597,0.01944083425252412,0.07722430096324162,33.16768297599933,0.9845731954810054,0.02771103991518519,-0.05716269488450555,0.04661007409628247,-0.09406200649658969,False,False,False,False,2.5268890857696533,1.5884120464324951,False,False
2023-05-24,2.0553948879241943,63668934,0.007251533891248839,-0.13705863496412451,0.09381481039420753,-0.012426198941987161,0.00736674545123213,-0.3708309943746268,-0.1443538565485354,49.469782743479115,0.01488863027406339,0.07612042595581205,32.91798870347411,0.984917944271722,0.031118843622768153,-0.04564060186113642,0.05326968688949613,0.620379395015485,False,False,False,False,2.5268890857696533,1.5884120464324951,False,False
2023-05-25,2.0118319988250732,64374536,-0.02142223990044498,-0.0598920356343736,0.19700700549315517,-0.06583678708090857,-0.06915323181875316,-0.357626869972751,-0.23054063999490398,47.38872374488501,0.008612294220669798,0.0750533054892775,32.761985214527975,0.9804115067649642,0.0073791361731085645,-0.06080758494801105,0.0297972659966817,0.011082359255457197,False,False,False,False,2.5268890857696533,1.5884120464324951,False,False
2023-05-26,1.9903390407562256,57486565,-0.010740752697275499,-0.08933863176710456,0.046646896206560255,-0.035905220059918794,-0.054857364308222065,-0.3852175086478242,-0.1547215116740024,46.35266752549302,0.002973143770122203,0.07440466882831168,31.930546287527445,0.971141474336084,-0.006921215912610695,-0.06559234934509829,0.01797424321597539,-0.10699837898637432,False,False,False,False,2.5268890857696533,1.5884120464324951,False,False
2023-05-27,1.9745789766311646,34699685,-0.007949797225523393,-0.08323973674105388,0.04828637201519798,-0.08172273489199182,-0.16583745735896677,-0.4558267304649175,-0.19198032468005255,45.56599204920722,-0.0016119340016769595,0.07112527914056056,30.87484115803319,0.9610421195475943,-0.01828213501702973,-0.0684837989588164,0.008154331339021884,-0.39638618171045703,False,True,False,True,2.5268890857696533,1.9341050386428833,False,False
2023-05-28,2.0981409549713135,54176449,0.060696493879789606,0.01484988021370281,0.0840219544881521,0.005124330643072383,-0.12825598425662815,-0.4430817996792054,-0.06522458796729892,52.388503428409074,0.003598899106147937,0.06777905670183874,29.76854542421477,0.981913525309677,0.03630656864154082,-0.0075098981344064565,0.06802054531752134,0.5612951241488215,False,False,False,False,2.5268890857696533,1.9341050386428833,False,False
2023-05-29,2.1815929412841797,82403426,0.03900362385742452,0.07466831471901375,0.027013622407668983,0.03734583963421879,-0.058938749972598355,-0.31783867649277525,-0.05725802956182038,56.36621553151555,0.012108530287012772,0.0641309633913685,29.158637052093823,0.9910339549192158,0.06877968553957318,0.033584486853668584,0.10773378172473563,0.5210193270511325,True,False,False,False,2.5268890857696533,1.9341050386428833,False,False
2023-05-30,2.157809019088745,79089156,-0.01096195308811914,0.05587690871710018,-0.022555678966788693,0.05913622783418739,-0.12815845845943188,-0.33703133862434503,0.04264050194092608,54.95700445791285,0.0153685523155284,0.06336025620971639,28.31542918188167,0.9845187944072389,0.04976132171581357,0.025295350680074054,0.09294831656158814,-0.040220051044965066,True,False,False,False,2.5268890857696533,1.9341050386428833,False,False
2023-05-31,2.0910139083862305,67921031,-0.031444291915510174,0.017181082910341098,-0.11987755205378345,0.05762259194470615,-0.13689630102422423,-0.3670201392101716,-0.05156077935173783,51.09360513437786,0.012387423679506723,0.06493197916533082,21.62623574627872,0.9851500657970674,0.006519497167402762,-0.00415301788292744,0.05643989810116383,-0.1412093081382737,False,False,False,False,2.5268890857696533,1.9341050386428833,False,False
2023-06-01,2.082129955291748,34094266,-0.004257685239374518,0.03434563757141152,-0.025546398062961946,0.04437725768458905,-0.11488259365413075,-0.30131965599347454,-0.09889452320025321,50.58426458365731,0.009318259750553703,0.06301184203313624,20.06185974318983,0.9850375297490753,-0.0021398450671399985,-0.006662989494309342,0.04923327768957516,-0.4980307940260801,False,True,False,False,2.5268890857696533,1.9341050386428833,False,False
2023-06-02,2.300786018371582,86373933,0.0998594249382421,0.14494581520692915,0.055607183439824494,0.1287172202582305,-0.043453799110062336,-0.10192368100566455,0.015361322376600164,60.912376276673946,0.020854641708642978,0.06202150758255003,19.635370797544784,1.0424256234460132,0.09168269925226204,0.09919988268574748,0.1559745781796681,1.5333859071786442,False,False,False,False,2.5268890857696533,1.9341050386428833,False,False
2023-06-03,2.308980941772461,35355701,0.003555464779293383,0.1564510772117458,0.07321134047069192,0.1956984292628118,-0.11245835121120125,-0.1273347634521847,-0.022909037843259678,61.23935143278913,0.0274620704614477,0.059506918319007424,19.527546889050445,1.0134405129747293,0.08578440125343013,0.10646805285843607,0.15687313859480514,-0.5906670013509747,True,False,False,False,2.5268890857696533,1.9341050386428833,False,False
2023-06-04,2.2774860858917236,38457335,-0.01373403569486505,0.08202054763709131,0.09687042785079415,0.16182703494798686,-0.12935984023736333,-0.12685635523044642,0.030340815784006322,59.19006021494345,0.028038253896612304,0.05865481598901924,20.4079796115369,1.01459964610164,0.06710933294477511,0.09380447838842886,0.13806612447626634,0.08772655928954709,False,False,False,True,2.5268890857696533,2.0306429862976074,False,False
2023-06-05,2.210758924484253,85670791,-0.02973637943161245,0.013280544348054098,0.08794885906706787,0.17921567009576198,-0.1590865614845405,-0.13943711303871997,0.07649853327502174,54.99135642832928,0.022491616841737373,0.06425294143399016,20.4300856960341,1.0050387083159618,0.03575410846200343,0.06548284043188761,0.10203479816160903,1.2276840295875937,False,False,False,False,2.5268890857696533,2.0306429862976074,False,False
2023-06-06,2.4082229137420654,106013245,0.08555323399030439,0.10979573142647757,0.16567264014357772,0.2736030947725812,-0.033364701943713666,0.020727617619655594,0.09020177416162876,63.29021300854078,0.030206877494639954,0.06316637397132584,21.458176263719427,1.0408228244195896,0.12692351327015683,0.16158125212857596,0.19693078577018663,0.23744912078610314,False,False,False,False,2.5268890857696533,2.0306429862976074,False,False
2023-06-07,2.2749369144439697,87812042,-0.05693677321036395,0.08430325013162378,0.101484333041965,0.21627826851588447,-0.04710293701552041,0.0022522201213056037,-0.1248769054554662,55.809974164268965,0.02465345283144464,0.06656492537140885,22.111389782521538,1.065783211999685,0.06110332898896701,0.0999643923452204,0.1276650738352211,-0.17168800936147177,False,False,False,False,2.5268890857696533,2.0306429862976074,False,False
2023-06-08,2.1629209518432617,56954380,-0.05049272141164649,0.03806821395935182,0.07241385153076337,0.15613071451485466,-0.08174012959076742,-0.06832924365203037,-0.1607037143949527,50.41691435930439,0.012375806812173838,0.07007274166870643,22.090795134673115,1.0845306961467442,0.009171277551555083,0.046802268038887145,0.06934497753117036,-0.3514058128838411,False,False,False,False,2.5268890857696533,2.0306429862976074,False,False
2023-06-09,2.1582579612731934,58332377,-0.002158203802148026,-0.06394941478103831,0.0809964004258907,0.14264821822237783,-0.13266808498942076,0.0032467293350629577,-0.2022052845769272,50.199448210461966,0.003349972520693946,0.06827889408422363,22.092738103752787,1.0845927499749173,0.006707206404961997,0.04434851206309059,0.06427717217668893,0.024194750254501907,False,True,True,False,2.4432289600372314,2.0306429862976074,False,False
2023-06-10,1.815142035484314,120497499,-0.17313767576977598,-0.2406425553301076,-0.08419147811836183,0.0941249774519945,-0.2509749992333249,-0.2983945497324577,-0.22875878876372793,37.41192403718316,-0.024771450932725148,0.09049674028916108,25.850762889260302,1.1674783756321891,-0.14833041351131168,-0.1196944554822909,-0.10645051085871113,1.0657052771910873,False,True,False,False,2.4432289600372314,2.0306429862976074,False,True
2023-06-11,1.826854944229126,57762613,0.006432157518453316,-0.22047636211678942,-0.13845581447969812,-0.03906222161887167,-0.214548733310803,-0.38005885774730885,-0.26217124507712775,37.99260763509764,-0.04068664182142312,0.0892424750212154,28.55786164456363,1.0588924432564353,-0.13883904320182033,-0.11164030408738065,-0.10216173534131415,-0.5206322664008155,False,True,False,False,2.4432289600372314,2.0306429862976074,False,False
2023-06-12,1.7908649444580078,49329668,-0.019897166299463358,-0.2106371489846402,-0.19735660463658602,-0.04937011488417394,-0.31269066721846256,-0.4336650194089959,-0.3367793593406212,36.860946987424384,-0.05106845709960553,0.08877497018212337,31.69193941019648,1.060516979774495,-0.1508070260883171,-0.12671146831436958,-0.12125698971433309,-0.14599313573296968,False,False,False,False,2.4432289600372314,2.0306429862976074,False,False
2023-06-13,1.7734520435333252,42505034,-0.009770758052074498,-0.30596114102701893,-0.19616540960054143,-0.08410178434308387,-0.3925852714714841,-0.2599902699767545,-0.29673859712667966,36.29760892316036,-0.05613588543969136,0.08743454953807939,34.79398124620416,1.0564616309439439,-0.15340474120168668,-0.13260010632463065,-0.1312123335937863,-0.1383474545176343,False,False,False,False,2.4432289600372314,2.0306429862976074,False,False
2023-06-14,1.6837890148162842,40512774,-0.05188133442996074,-0.30090570224661584,-0.21660245211499204,-0.23199507471095243,-0.3989077988544614,-0.3540207387500912,-0.42323898084744305,33.4617885492616,-0.062089605364843675,0.09070999102000465,38.986515077208516,1.0071508487780918,-0.1898640081105334,-0.17269176335782857,-0.17635187980686726,-0.04687115413200238,False,False,False,False,2.4432289600372314,2.0306429862976074,False,False
2023-06-15,1.6859300136566162,42661281,0.0012707285743052458,-0.24914225226066405,-0.21107403830131233,-0.2693316944229856,-0.423438591595883,-0.41694585676124274,-0.5232987748820669,33.59519839910472,-0.06228649851083594,0.08828181339659387,42.528397257326056,0.9938612480996134,-0.18284977912986533,-0.1685581853124416,-0.17653460369800328,0.05303282860857661,False,True,False,False,2.4432289600372314,2.0306429862976074,False,False
2023-06-16,1.7520840167999268,29212030,0.03848859772750064,-0.20849545073101533,-0.27244486551205366,-0.29672067786696954,-0.3519911029314834,-0.3457499410579577,-0.3956297322425946,37.74847762721465,-0.05463767877791928,0.08303337922552383,44.63831703714764,0.9722542525714675,-0.14618190546430754,-0.13259121451613662,-0.14562890666953526,-0.31525661407119965,False,False,False,False,2.4432289600372314,2.0306429862976074,False,False
2023-06-17,1.790045976638794,30892644,0.021435358636987815,-0.013922416324251495,-0.25456497165435926,-0.17669647999978577,-0.3447013027803431,-0.3290062905312682,-0.5182076623358285,40.065065922642546,-0.044146901998629334,0.08009235656676451,46.281632484980236,0.9233446728033221,-0.12108444713384486,-0.11118024419492024,-0.12858704972757254,0.05753157175314416,True,False,False,False,2.4432289600372314,2.0306429862976074,False,False
2023-06-18,1.7115360498428345,22560945,-0.04485006272674329,-0.06520463656944804,-0.2856809986862375,-0.24025238616198466,-0.27869320551133425,-0.29104613219518266,-0.6421974788886812,36.9985565758977,-0.03975712944030271,0.08121293254735676,48.34944659115396,0.9286340718766835,-0.14982195173120463,-0.14685821749599726,-0.1679698733223533,-0.2696984757924896,False,False,False,True,2.4432289600372314,1.6164859533309937,False,False
2023-06-19,1.771880030632019,25522753,0.0346499050182213,-0.010657565251763375,-0.22129471423640362,-0.19155378889218921,-0.18819069051737777,-0.30968132410417476,-0.5019706794856881,40.75213263930663,-0.030469520728772334,0.07647039957423271,49.428536361217745,0.9401120116661293,-0.1113289573956017,-0.11446562883806255,-0.14003143300619597,0.13128031649383476,False,False,False,False,2.4432289600372314,1.6164859533309937,False,False
2023-06-20,1.859984040260315,41504954,0.048526760095740175,0.04763995289605127,-0.25832118813096777,-0.10563390572148182,-0.09640271104186993,-0.24322205223124682,-0.452677323568145,45.826992657149425,-0.016757888609858662,0.07243175808528934,49.835433899818106,0.9521361507070493,-0.0617050968815707,-0.06937386869593228,-0.09887769679834257,0.6261942432307361,False,False,False,False,2.4432289600372314,1.6164859533309937,False,False
2023-06-21,1.9560450315475464,60264905,0.050356686428099,0.14987797375411105,-0.15102772849250487,-0.03446240864549665,-0.07211881013392887,-0.17097146518686288,-0.35535785630671046,50.77751426466914,-0.000446160141416338,0.06841508985484916,49.78763551077635,0.9680957730082389,-0.010097637607563254,-0.020960810313928255,-0.054316964406153335,0.45199305605783824,True,False,False,False,2.4432289600372314,1.6164859533309937,False,False
2023-06-22,1.892071008682251,47790731,-0.033252592669784704,0.11535465251002107,-0.133787599750643,-0.07554445422907573,-0.09323998494260302,-0.12128397756379537,-0.43065355916036324,47.65423513689923,0.006428126743474372,0.07132985022650248,48.03620828988167,0.973888527723298,-0.03246697229704758,-0.05173915500550225,-0.08697823295840439,-0.2069890262002404,False,False,False,False,2.4432289600372314,1.6164859533309937,False,False
2023-06-23,1.9293609857559204,32121112,0.019516851687931464,0.09638290647045196,-0.11211254426056344,-0.06327913643239319,-0.07570533537438026,-0.055912390981160985,-0.43411013080702,49.60022726301524,0.01347462750350692,0.06930262207935615,45.5256683715739,0.9763736785686332,-0.0037283273563445936,-0.03334852339593817,-0.07089317492489099,-0.3278798769577306,False,False,False,False,2.4432289600372314,1.6164859533309937,False,False
2023-06-24,1.8301939964294434,27672012,-0.05276688241672302,0.022180665416741057,0.0082582490924894,-0.0946237789486713,-0.1604605660295798,-0.1637770107674244,-0.4522506489214224,44.82752854495801,0.011520603161489451,0.07267352313149582,43.248562529284804,0.9902007097627334,-0.04389398458896683,-0.08204902680125443,-0.12027510586353414,-0.13851014871465217,False,False,False,False,2.4432289600372314,1.6164859533309937,False,False
2023-06-25,1.9382380247116089,39441761,0.057357355482863484,0.12438808362634755,0.05918344705689953,-0.026525670768532402,-0.06243089082845112,-0.08138303507675439,-0.4117431794163567,50.42464692413728,0.017225122515615837,0.07028277908018422,41.17832016460515,1.0118861682706222,0.019808306356577793,-0.028737420144897233,-0.0704196804737831,0.4253304385673149,False,False,True,False,2.0371220111846924,1.6164859533309937,False,False
2023-06-26,1.9251500368118286,37047014,-0.0067754197920363544,0.08296275881608985,0.07230519356432649,-0.025351293335045322,-0.1070740282270371,-0.19118875069401212,-0.4811780237999627,49.766031549672654,0.019661206532271366,0.06866888973397035,33.5999488712927,1.0117912454845244,0.025960444335184848,-0.036197819909440154,-0.0786355808433073,-0.060716026345781104,False,False,False,False,2.0371220111846924,1.6164859533309937,False,False
2023-06-27,1.9556560516357422,33128476,0.015721807525028463,0.05015780624537827,0.0977977591414294,-0.07032597968980657,-0.06520164904673417,-0.1985819639464346,-0.513407779369012,51.36071133484662,0.02265825059347057,0.0653465326572206,28.001955394508855,0.9892718644770194,0.0511607537174154,-0.022131334024307846,-0.06607450684413772,-0.10577203334120266,False,False,False,True,2.0371220111846924,1.812749981880188,False,False
2023-06-28,1.8564800024032593,34083680,-0.052043490516845335,-0.05224237069956619,0.09763560305454479,-0.16137309406407643,-0.12402725442985776,-0.2203118440366749,-0.47921177055685177,46.22331470505819,0.017522134437392083,0.06907755495781115,23.900737452156402,0.9923463477184025,0.006139981544486117,-0.07177911070728293,-0.1151954842243545,0.028833321520736366,False,False,False,False,2.0371220111846924,1.812749981880188,False,False
2023-06-29,1.876471996307373,25451781,0.010711193205917792,-0.008278584823863585,0.10707606768615734,-0.13969994777003958,-0.08056371993585228,-0.2678584062294713,-0.4767312863943845,47.36622096042499,0.015122644344505921,0.06587922861902495,18.412394679434822,0.9936903213846168,0.02480008660123972,-0.06183149296628717,-0.10746653740954815,-0.25325607446144316,False,True,False,False,2.0371220111846924,1.812749981880188,False,False
2023-06-30,2.0522029399871826,79211485,0.08952040493006666,0.06172496841827154,0.1581078748887234,-0.018735250924462852,0.0388873410202432,-0.15563155194868705,-0.3857553901346345,56.18175071853822,0.02446863206105413,0.06324562195577005,21.03913362304016,1.0410960957885775,0.11356380125349297,0.02193900162634143,-0.026173423946315683,2.1122177658215744,False,False,False,False,2.0371220111846924,1.812749981880188,True,False
2023-07-01,2.1366279125213623,42328305,0.04031502338686311,0.15480687422185765,0.17698753963859853,0.025837457701774855,0.07021471538636401,-0.08904513595235596,-0.27548219829169984,59.67600706787049,0.03480382286814392,0.060834845482591576,24.968274435408663,1.050702852303484,0.149711701836682,0.061474760663903436,0.011451536491419658,-0.465629195059277,True,False,False,True,2.0371220111846924,1.8222500085830688,False,False
2023-07-02,2.1281509399414062,45522143,-0.0039753450469229125,0.09347417369207124,0.2178622573184189,-0.07799731228339019,0.050719907974840404,-0.12145111139345252,-0.17992099328905461,59.16582498850562,0.03920912917442911,0.06024793288459042,27.467556276233385,0.9881268640028749,0.1348519256769041,0.05467867739745006,0.005076433124723453,0.07545395451105352,False,False,False,False,2.0371220111846924,1.8222500085830688,False,False
2023-07-03,2.22343111038208,56462151,0.04379804858797954,0.14404764207208737,0.2270104008881772,-0.03775472847470392,0.15794370078810804,-0.15021307968590517,-0.16508949192688863,62.99521626494918,0.046198938255956105,0.05788540637202783,30.990772893596652,1.0011661252094752,0.17160417703215242,0.09869231907030615,0.047377885937246136,0.24032278093761983,False,False,False,False,2.0371220111846924,1.8222500085830688,False,False
2023-07-04,2.149656057357788,37670772,-0.03374369195501146,0.09458214259204736,0.1447399488374257,-0.057764384734850426,0.10406265021313663,-0.18712422497221362,-0.18462073996529693,58.426369942703644,0.04354824012162294,0.0587543410422675,30.855171009615965,1.0067218093338972,0.11899486154458278,0.06196186517650692,0.009917822404458357,-0.33281372861618397,False,False,False,False,2.0371220111846924,1.8222500085830688,False,False
2023-07-05,2.066399097442627,38263718,-0.03950032999878533,0.10712530311010734,0.05488293241054126,-0.06752833530202326,0.11168733479373885,-0.22661489678656374,-0.20696544834074324,53.693581873460865,0.034289644413870585,0.06160074282731351,29.07694307861459,1.0106849813661711,0.06510845920741022,0.022252119536650603,-0.03163583191213877,0.01574021365954481,False,False,False,False,2.0371220111846924,1.8222500085830688,False,False
2023-07-06,1.9195270538330078,50071853,-0.07372869645394575,0.0226854134502438,0.014406828626380026,-0.2268102657462733,0.046792829026307985,-0.2601749676899869,-0.20608264812661775,46.53265472130701,0.01723677834880568,0.07030021509909103,27.59851702446529,0.9889942353561418,-0.014846818186598632,-0.04627466990515441,-0.10243222334071549,0.30859873575275665,False,False,False,False,2.0371220111846924,1.8222500085830688,False,False
2023-07-07,1.932278037071228,29993918,0.006620807395821926,-0.06021418408400087,0.00151078433427058,-0.1632526851400874,0.05302558337579696,-0.21035562215560785,-0.1610004650187819,47.191135240495136,0.0063400366019774335,0.06704747624567321,26.496910124093908,0.9737866356967761,-0.011909069270607397,-0.03799173797322974,-0.09853953969114244,-0.4009824641400829,False,True,True,False,2.2397289276123047,1.8222500085830688,False,False
2023-07-08,1.9544529914855957,22389809,0.011410717570855452,-0.08911848990000855,0.06568838432184912,-0.10134924615758542,0.0547814683572693,-0.1830893757483529,-0.1696784898096158,48.381723387468355,0.00046002512072698155,0.06359275745727976,23.755193994540587,0.9616040985671122,-0.006738724940518296,-0.024797088476180083,-0.09024139839247161,-0.2535216972987657,False,False,False,False,2.2397289276123047,1.8222500085830688,False,False
2023-07-09,1.924288034439087,12618418,-0.015554307446358114,-0.10069745229944371,-0.007223278607372346,-0.11474534980179545,0.027902868420582348,-0.24741343479121627,-0.11149862046673266,46.834871557253244,-0.0053086164663300114,0.061825045026789545,21.9731687929301,0.9625250046582855,-0.025841327057247624,-0.037719482605926696,-0.1063352272084393,-0.4364213647378591,False,False,False,False,2.2397289276123047,1.8222500085830688,False,False
2023-07-10,1.9579060077667236,31117178,0.017319491663034137,-0.1271760092243892,0.01687163284769805,0.0757118176310146,0.1698367950830089,-0.17526318160231044,-0.22268273210144324,48.79956385364282,-0.006622474818406006,0.06172741354253943,21.282202629263875,0.7456918781800325,-0.01127311736922041,-0.019836562143569273,-0.09295875297279453,1.4660126174295383,False,False,False,False,2.2397289276123047,1.8222500085830688,False,False
2023-07-11,1.9147570133209229,20090114,-0.022284810163533557,-0.11571712743291139,-0.02113498484086394,0.04699484994902759,0.007932628330156082,-0.1675538833617754,-0.3330640077982812,46.428017339053156,-0.00995928129839157,0.06111753409302726,21.47723395014844,0.7505094829194533,-0.03205392508614431,-0.04038207009663149,-0.11495332938672428,-0.3543722377395534,False,False,False,False,2.2397289276123047,1.8222500085830688,False,False
2023-07-12,1.8834869861602783,18480252,-0.016465889853456983,-0.09268268728758307,0.014442615822524341,0.05042612639503394,0.0010560115108601672,-0.2622645408234286,-0.3832388930139619,44.73145058902929,-0.013608324407101377,0.06019898158834344,21.555464283109277,0.7493689600922099,-0.047654888662890776,-0.05456531075383069,-0.13128895004936747,-0.08013204902670035,False,False,False,False,2.2397289276123047,1.8222500085830688,False,False
2023-07-13,2.279218912124634,100441112,0.19070796313596924,0.17175397230233194,0.1944393857525756,0.2509048475830777,0.16680306323999364,-0.14168042388840638,-0.009085422393676811,63.10564336209295,0.010019500701871638,0.06014052892893944,24.9435318595384,0.9963744490406679,0.14233468960033566,0.14151120407651546,0.048068291355531534,4.435050993893373,False,False,False,True,2.2397289276123047,1.865028977394104,True,False
2023-07-14,2.3589930534362793,173902627,0.03440205384412498,0.19953521875063487,0.13932103466663415,0.33718823585716334,0.10519316114621084,-0.06171956299729812,-0.01683250289292779,65.58918205748674,0.029318804583217877,0.06234671649176897,28.00607788308372,0.975956604891858,0.16685446779820645,0.17737064391181528,0.0814651593243235,0.7313889057699798,True,False,False,False,2.2397289276123047,1.865028977394104,False,False
2023-07-15,2.310697078704834,77592706,-0.020685611029553963,0.16743889015022553,0.078320400250217,0.31523189625330417,0.04590020183031845,-0.10820669534257889,-0.1017139605079386,62.831635614570416,0.03665341471947386,0.06400713228445169,30.065291614024314,0.981766954043376,0.1325327799221397,0.14959001376719458,0.05618013892754341,-0.5538152163739309,False,False,False,False,2.2397289276123047,1.865028977394104,False,False
2023-07-16,2.1766889095306396,61158368,-0.05974437134302121,0.1232488262535625,0.022551373954118662,0.2169989271827822,-0.07972175068418737,-0.1349921757487012,-0.1287510138751755,55.819051339426565,0.030550801671342623,0.06864460211286487,29.950359782089354,1.0060224825457094,0.06031579698239146,0.08074648415208953,-0.007847711337786441,-0.21180261453956772,False,False,False,False,2.2397289276123047,1.865028977394104,False,False
2023-07-17,2.062804937362671,73536639,-0.05373819662520284,0.05219113796532544,-0.07498487125906372,0.14182537192059147,-0.034871108079194246,-0.20287593085975159,-0.18718091861067654,50.64584754351797,0.01756055429592581,0.07543246327223675,29.557003301535516,1.0266261648467354,0.002224723566311969,0.024561534292784088,-0.06210835133799663,0.20239701294841606,False,True,False,False,2.2397289276123047,1.865028977394104,False,False
2023-07-18,2.029304027557373,50426131,-0.016373786014856305,0.05810216211400291,-0.05761496531890858,0.17030164863247851,-0.0699507375295061,-0.10839155687885574,-0.12074448356270412,49.201298214531626,0.006024076587722298,0.07408035321994434,28.08693017982718,1.0140459468056915,-0.018173943686405146,0.009449262416914133,-0.07956904913301323,-0.31427201887755574,False,True,True,False,2.4687321186065674,1.865028977394104,False,False
2023-07-19,2.0821280479431152,47346806,0.025697579974191285,0.10026563194165115,0.007582944654068165,0.16134932358844845,-0.030204465303740675,-0.026841366928929262,-0.14833200051572626,51.54800964790824,0.0014988800522451606,0.0702044929340809,26.65295808444264,1.011303670988276,0.0023965965995350743,0.03650625752216949,-0.058022717617890886,-0.061066057199589685,False,False,False,False,2.4687321186065674,1.865028977394104,False,False
2023-07-20,2.0520269870758057,58311708,-0.014562391857360323,-0.10500472305167839,0.06674924925065359,0.09826017163534796,-0.00737373408613384,0.0018574605934780443,-0.14496188059589876,50.12694655661949,-0.003690064203623611,0.07008709504765201,26.653377362832174,1.0013176619116726,-0.012090739514214483,0.021918288364361393,-0.07367720843428323,0.23158694168303562,False,False,False,True,2.4687321186065674,1.9896739721298218,False,False
2023-07-21,2.0215139389038086,37403273,-0.014981373416384742,-0.15438815031218808,0.04514706843844697,0.03292211179086426,-0.0015402968546324033,-0.039196698343064496,-0.13804935339599853,48.66246456611201,-0.009040901304051815,0.06852509024508191,26.68880318289405,0.9885048497015138,-0.02407640833874307,0.007330825464692145,-0.08911656303392258,-0.3585632408503623,False,False,False,False,2.4687321186065674,1.9896739721298218,False,False
2023-07-22,1.9939509630203247,35752950,-0.013728626431439094,-0.14743116571407325,0.02000772443615242,0.05244607802920981,-0.023098376199865888,-0.04079390691339331,-0.06883789953458559,47.31765378928208,-0.014003837216016134,0.06708842967980523,26.841107585033345,0.9822920943430462,-0.03425453564924095,-0.003356261080160688,-0.10313469984742481,-0.04412242212065243,False,False,False,False,2.4687321186065674,1.9896739721298218,False,False
2023-07-23,2.047844886779785,38370206,0.026669886461255534,-0.06101690790979661,0.06223191834376596,0.05959911280253389,-0.0036800236298592894,-0.01610622257184651,0.003686721821372812,50.21477040208487,-0.013233172261835575,0.06399060112690415,26.010126258027956,0.9842355841006498,-0.003916182382007531,0.026260779391988516,-0.08027578483035618,0.07320391743898047,False,False,False,False,2.4687321186065674,1.9896739721298218,False,False
2023-07-24,1.9774169921875,53910370,-0.03499652179102088,-0.042275233075614524,0.009915904889710845,0.07736947342823597,-0.01725430552043516,-0.08309109260134379,-0.08640753733918836,46.60775005624925,-0.01681296382581619,0.06665057624642298,25.968742249087256,0.9736884732929447,-0.03412677423810605,-0.006044220774183257,-0.1131718277007965,0.4050060090894483,False,False,False,False,2.4687321186065674,1.9896739721298218,False,True
2023-07-25,1.956644058227539,69972491,-0.010560653104257144,-0.036462100165015394,0.02164006194898736,0.00945146484111558,-0.01707420592741679,-0.052979425987335516,-0.07193157023563891,45.56803290033332,-0.01972469493393792,0.06693960561435071,26.30425799260131,0.954222153347758,-0.04170464092649215,-0.01396685605989273,-0.1233375740176337,0.2979412124235097,False,False,False,False,2.4687321186065674,1.9896739721298218,False,False
2023-07-26,1.9272370338439941,58982309,-0.015143402003782221,-0.07730308214298888,0.022962549798662184,0.0010834826293697557,-0.024267810705675623,-0.1059905455976674,-0.19010526806464242,44.06927694616705,-0.022571111845087716,0.06582308914930342,26.232508504140288,0.9554503747821536,-0.056285342886879024,-0.02405510464737624,-0.1373705794695319,-0.1570643240355699,False,False,False,False,2.4687321186065674,1.9896739721298218,False,False
2023-07-27,1.913172960281372,39682997,-0.007324289050697526,-0.07006497933632605,-0.17506970238800448,-0.021962613946356322,-0.09228859363616278,-0.08716426299309037,-0.22054457789279094,43.335175746993855,-0.024196781797935933,0.06408676793065357,26.410557689741836,0.9540690406725986,-0.06273371364893861,-0.027614354705780154,-0.1435630459338936,-0.32720509466660586,False,False,False,False,2.4687321186065674,1.9896739721298218,False,False
2023-07-28,1.9309920072555542,37213592,0.009270764781982885,-0.04581284113795853,-0.2002009914501466,0.03935164135247195,-0.12202145271160462,-0.0846756130773859,-0.1809602026842029,44.594481135212135,-0.02288223527380006,0.06036379090185225,26.592322980394258,0.9363717827062844,-0.05346017982377045,-0.01623836805184157,-0.1355637478749166,-0.062228288856307934,False,False,False,False,2.4687321186065674,1.9896739721298218,False,False
2023-07-29,1.9475820064544678,26820852,0.008554742189520553,-0.023529472516998856,-0.1709606382310722,0.03719519033607454,-0.102504757433965,-0.04336852959977763,-0.23066321589339683,45.80214532142238,-0.019820010439278054,0.056695980772493396,26.400365352874715,0.9361295111315158,-0.04587276730239809,-0.005651956966908018,-0.12818330177485793,-0.2792726915477549,False,False,False,True,2.4687321186065674,1.8930259943008423,False,False
2023-07-30,1.8907419443130493,39784830,-0.02961929128621235,-0.07981865026446672,-0.14083555817426327,-0.08194450588020434,-0.10067975680466715,-0.043057164859961104,-0.2375760578288914,42.392748165516664,-0.020463862739634204,0.05798358193884648,27.00170656350024,0.885595272280956,-0.07219248770994674,-0.03541656234700522,-0.15363587022147437,0.483354443773822,False,False,False,False,2.4687321186065674,1.8930259943008423,False,True
2023-07-31,1.8466670513153076,48221079,-0.02358689478285412,-0.06840902325629994,-0.11068425633191452,-0.14584642404992157,-0.12000896634814676,-0.07563170866355767,-0.23489156000227743,39.911817188179,-0.022535576032402742,0.05812506324304047,27.792978547710856,0.8744815017131173,-0.09230409560046994,-0.058092272890900916,-0.17297711997154508,0.21204687816939272,False,True,False,False,2.4687321186065674,1.8930259943008423,False,False
2023-08-01,1.942641019821167,69972571,0.050665977316610156,-0.00718239283543273,-0.04364449300044808,-0.09120510168638847,-0.16920241396977873,-0.0404851937115481,-0.21265621307984098,47.1629893888459,-0.016404688001060288,0.05665914547602077,27.24322610433758,0.8956910902484074,-0.046516000993817794,-0.010671730178000183,-0.12967430133776595,0.45107850033799535,False,False,False,False,2.4687321186065674,1.8930259943008423,False,False
2023-08-02,1.8499109745025635,58142832,-0.048910881659327166,-0.04094987249097773,-0.11825295463396653,-0.18391403193369524,-0.22166876040839922,-0.02597033114558736,-0.33412711161960046,41.901589097466136,-0.017459219364986886,0.06025552477655639,26.344867928583355,0.8930440439251495,-0.08236173454953093,-0.05862944128748876,-0.17065256029087722,-0.16906251736841282,False,False,False,False,2.4687321186065674,1.8930259943008423,False,True
2023-08-03,1.8665850162506104,56942327,0.008973050780167672,-0.024652532660112327,-0.09471751199643845,-0.14119728919851599,-0.19896167393336636,-0.037134638985379526,-0.32832151417072963,43.13012371686315,-0.01594044578326693,0.05850935400439008,22.23636340099728,0.8888399072241471,-0.06264289685186979,-0.05190829470153527,-0.16251139174824267,-0.02064751507116136,False,False,False,False,2.4687321186065674,1.8930259943008423,False,False
2023-08-04,1.8355530500411987,53315409,-0.016764741055980314,-0.05068803849807559,-0.09650087963603411,-0.11846170025571102,-0.18599003555773427,-0.0067743654619722,-0.3450765970422747,41.37652487384653,-0.01589654561317593,0.058342087679452856,17.958635329932914,0.8811427891124927,-0.0670966053237493,-0.06908526387069083,-0.17591037199378626,-0.06369458698096409,False,False,False,True,2.4687321186065674,1.7970730066299438,False,False
2023-08-05,1.8490500450134277,49821086,0.00732619226156498,-0.051916588426031,-0.0754460609430299,-0.037406811540200195,-0.26421707728647353,0.009386017486107824,-0.2975817792301872,42.472095988345224,-0.013901403126073075,0.05480277051844028,15.946719640081517,0.8449680256991561,-0.052346740340302976,-0.06316157908327198,-0.1695659516538557,-0.06554058321113132,False,False,False,False,2.4687321186065674,1.7970730066299438,False,False
2023-08-06,1.8290519714355469,53719396,-0.010874233803562642,-0.0331715309433814,-0.11299018120784801,-0.054901852739584846,-0.21815453787967223,-0.0018762693637878693,-0.2652574748951927,41.2422599136122,-0.012893741337094644,0.053355109887977904,16.02471312150119,0.8451213042470039,-0.05694701470274995,-0.07365992980630226,-0.1782871815639301,0.07824618676517803,False,False,False,False,2.4687321186065674,1.7970730066299438,False,False
2023-08-07,1.8410160541534424,69891507,0.006519838332972391,-0.0030647978275549076,-0.07147382108385492,-0.05979273197746795,-0.16114197813505343,-0.005011263620198686,-0.24288210772582078,42.31837069327774,-0.010488699025066418,0.051842664213790156,16.093671590705483,0.8443286755762484,-0.04614834785354876,-0.0688218757671856,-0.17266450638746306,0.3010478933903129,False,False,False,False,2.4687321186065674,1.7970730066299438,False,False
2023-08-08,1.8576879501342773,83212885,0.009015054393888017,-0.044715720750277015,-0.05189811358570978,-0.03522337013722178,-0.14996871993901734,-0.007320501716639551,-0.28263680492843807,43.861294777761465,-0.007009534454236001,0.04958157435443389,14.755838658950212,0.843710943621304,-0.03188156346649292,-0.06120420020980827,-0.1642493402035831,0.19060081219882696,False,False,False,False,2.4687321186065674,1.7970730066299438,False,False
2023-08-09,1.8856070041656494,75257991,0.01491711023739646,0.019112271146446584,-0.021837601344531086,-0.03762575156285936,0.038086066068155094,0.13221104352014962,-0.21288893316516974,46.44479847575202,-0.00230577091836677,0.04729031481722727,13.42241422978741,0.8430895552329478,-0.013051963613545447,-0.04734182255101766,-0.15072846059100015,-0.09559690184999592,False,False,False,False,2.4687321186065674,1.7970730066299438,False,False
2023-08-10,1.858718991279602,73773476,-0.014362251101661228,-0.004223030735382268,-0.028875563395494727,-0.029703192500986984,0.01729165744804069,-0.021770564170830942,-0.19725707586276245,44.328985948884686,-0.0005734351858221673,0.04767009351699236,12.54962594820222,0.8410526307761004,-0.022962849611214416,-0.06000192725327844,-0.16217017259194558,-0.019725679363404747,False,False,False,True,2.4687321186065674,1.787431001663208,False,False
2023-08-11,1.8559579849243164,52566086,-0.0014865394118582463,0.011055170908739791,-0.03963286758933578,-0.014723842059388242,0.035702284335645686,-0.013667830548528149,-0.27698838288281674,44.106788575294836,0.000746691430561372,0.045627762497188105,11.944208266975773,0.8392044433677398,-0.020863034968731674,-0.06105527047647838,-0.16215222246068625,-0.2874663246178071,False,False,False,False,2.4687321186065674,1.787431001663208,False,False
2023-08-12,1.8428130149841309,63227627,-0.007107780006589043,-0.0033788013594142578,-0.055295389785445355,-0.21253958520194643,0.038365262381131277,-0.0457365219619527,-0.3542200090903528,43.00165897950903,0.001074867982149813,0.043680301338616466,9.66955106716648,0.47779137284125134,-0.022511225830390228,-0.06688828878354901,-0.16708659766673073,0.20282166338197594,False,False,False,False,2.4687321186065674,1.787431001663208,False,False
2023-08-13,1.8183989524841309,65667154,-0.013336799176739909,-0.0058413667325915184,-0.039012897675972845,-0.26027843822281127,0.07690979763435203,-0.1550852770766003,-0.32199800122010946,40.949452702729324,4.248889120332666e-05,0.04223727921821389,9.071236885444463,0.45404596782939205,-0.03137615534114735,-0.07914039798473092,-0.17679097115612277,0.03858324463133811,False,False,True,False,1.9351129531860352,1.787431001663208,False,False
2023-08-14,1.845015048980713,59479898,0.014531016596907777,0.0021698115313441746,-0.0008949862962108704,-0.22506181059634944,0.09017008565695465,-0.17916160876603104,-0.33326850593892826,44.08253818648969,0.0014679875903600773,0.0403951754038054,8.32832613483572,0.45891236261965035,-0.014267601480337223,-0.06477865706487812,-0.16383615628118103,-0.09422147334114706,False,False,False,False,1.9351129531860352,1.787431001663208,False,False
2023-08-15,1.7267110347747803,65996829,-0.06626897099967807,-0.07311421386222203,-0.11782993461249909,-0.23158641025300625,-0.014587483070223988,-0.31130816093719366,-0.36657858600170745,35.15428678459534,-0.004892499271880235,0.047260666565157185,10.338816768358026,0.4687203532412636,-0.07250530474167897,-0.12298155380163305,-0.21626934218205826,0.10956526858872562,False,False,False,False,1.9351129531860352,1.787431001663208,False,True
2023-08-16,1.692770004272461,51995450,-0.019852220157111192,-0.10788354425672969,-0.08877127311028299,-0.19770043378491453,-0.05587506186432304,-0.2325715418641088,-0.4005763646446661,33.08401100529075,-0.010404664284729609,0.048452819834815364,12.765434427460567,0.44092598830994384,-0.08532220688811126,-0.13791847692607367,-0.23072012515413215,-0.21215229901424504,False,True,False,False,1.9351129531860352,1.787431001663208,False,False
2023-08-17,1.6311429738998413,85807849,-0.03708526286493314,-0.1306065560200016,-0.1348295867553839,-0.21841191063499146,-0.04811026200251292,-0.2883626481644975,-0.3268034675138472,29.667648583629884,-0.01683930229633794,0.05986596265947486,15.939157517758426,0.4524772380065681,-0.11142356384284567,-0.16739247269635568,-0.2575810860932132,0.6502953431502179,False,False,False,False,1.9351129531860352,1.787431001663208,False,False
2023-08-18,1.6341849565505981,76547483,0.001863202468833387,-0.1272568141393099,-0.11620164323057011,-0.24224628814034932,-0.08089696455190082,-0.2724507534440899,-0.26908765506927856,30.05161535718831,-0.019349408646273263,0.05823756476294144,17.731446977089167,0.4380199805984797,-0.10210172898283376,-0.1637713148830821,-0.2554619194142301,-0.10791980113614086,False,False,False,False,1.9351129531860352,1.787431001663208,False,False
2023-08-19,1.65065598487854,56295208,0.010028592961436779,-0.11012044117128415,-0.1134992425306984,-0.21765530332155217,-0.11939513168620411,-0.225029037407686,-0.21579784272807406,32.20963379885711,-0.01836699912016039,0.05599178269471674,19.22207522152502,0.44181786070970447,-0.0870300686342207,-0.15185747463107563,-0.24701254667145597,-0.2645714033471225,False,False,False,False,1.9351129531860352,1.787431001663208,False,False
2023-08-20,1.671787977218628,55255757,0.012720923241228737,-0.08406271875331549,-0.08990408548590695,-0.18995300666393866,-0.15703089487307437,-0.19149330351857108,-0.22914970500700327,34.98117288029347,-0.014907733894280198,0.053146530128973614,20.28471990522854,0.44626471371223453,-0.07084846586355599,-0.136876351695129,-0.23628085126047696,-0.018464289180706084,False,False,False,True,1.9351129531860352,1.435181975364685,False,False
2023-08-21,1.6222660541534424,65488490,-0.03006972804143956,-0.1286634633916629,-0.12649365186031886,-0.20629410827393913,-0.15384803024472926,-0.22939248447380509,-0.24708801518733237,31.70940243701604,-0.014552353979426308,0.054523664398070375,20.810597001541232,0.45325902105947186,-0.09027265774299337,-0.1580458455566286,-0.2578130316415953,0.18518854062573054,False,False,False,False,1.9351129531860352,1.435181975364685,False,False
2023-08-22,1.6297060251235962,73833379,0.004575675171584274,-0.05781881722040049,-0.13093303108262264,-0.22838831956361022,-0.16878920676107642,-0.23206834319346964,-0.2444945421354567,32.727396203326805,-0.01249271608532393,0.05403325330157347,21.932358805119314,0.4390052986254236,-0.08042277669397632,-0.14893954963090408,-0.25315735671787276,0.12742527732735942,False,False,False,False,1.9351129531860352,1.435181975364685,False,False
2023-08-23,1.6887609958648682,62965154,0.03559547564773975,-0.0023711214155497486,-0.11025466567227941,-0.15779632212484984,-0.08042684869661375,-0.175050627645285,-0.24088741472619352,40.330742024975095,-0.00615042979827457,0.05258399228091176,21.836821546732804,0.45243245792583914,-0.04229569411834884,-0.11383425360132524,-0.2251699508422301,-0.14719934462162432,False,False,False,False,1.9351129531860352,1.435181975364685,False,False
2023-08-24,1.6340399980545044,50622343,-0.03293964676425663,0.0017744946851268799,-0.12883206133487485,-0.18017531578484924,-0.17072385094373368,-0.19724952171226612,-0.2331547417721848,36.24308967328347,-0.004703234032453943,0.054094684366116814,22.516678479824876,0.46235758301579144,-0.06800284428236686,-0.13864025938171287,-0.2495642400921855,-0.1960260591119971,False,False,False,False,1.9351129531860352,1.435181975364685,False,False
2023-08-25,1.5579830408096313,67800848,-0.04766341259373269,-0.04775212037743922,-0.1750089345167493,-0.21269532637479974,-0.21161184374543002,-0.23696313708047537,-0.31868587197246717,31.469002550892313,-0.00775094202979161,0.058577633178620345,24.10298853986221,0.48386100969456336,-0.1039450886069987,-0.1755901846535038,-0.28343631494165444,0.339346304061825,False,False,False,False,1.9351129531860352,1.435181975364685,False,False
2023-08-26,1.5995179414749146,51468527,0.026310235113627928,-0.03147047822524826,-0.14159091939653243,-0.1790608022104743,-0.20102341615683067,-0.27134939584663714,-0.26622506520356476,36.396275142282775,-0.0059340991152561084,0.05553675317240208,24.7327378592457,0.49768152727215875,-0.07394419560457689,-0.15062072426335874,-0.26267485530859885,-0.24088667740556868,False,True,True,False,1.7271560430526733,1.435181975364685,False,False
2023-08-27,1.587988018989563,45406263,-0.007234479192055145,-0.05142588065853214,-0.13548859941184765,-0.19556604618451232,-0.15621440483204035,-0.31758749889611687,-0.2802416592618982,35.63043425896103,-0.00453643987108325,0.05332801391767887,25.09173711676113,0.4946410229474511,-0.07383572535032418,-0.15344857250516097,-0.2663800418565838,-0.11778584609580922,False,False,False,False,1.7271560430526733,1.435181975364685,False,False
2023-08-28,1.5781400203704834,39917458,-0.006220866784765381,-0.02757701940185795,-0.15624048279352085,-0.21034165515879816,-0.17314646482272367,-0.3128464125927631,-0.2537101847585759,34.953909584964066,-0.003357108521700014,0.052020064196933745,24.980618299197342,0.4916497806715343,-0.07201439667706186,-0.155582093841062,-0.2691337184180042,-0.12088211267243021,False,False,False,True,1.7271560430526733,1.5072089433670044,False,False
2023-08-29,1.6711100339889526,51633686,0.05724114533596641,0.0250884507625241,-0.032730366457876484,-0.12348121853661953,-0.20542572441682388,-0.22416097534128662,-0.16653838339658064,45.47859580199356,0.004192813503626075,0.05234178388210889,23.067152678858196,0.5329933451206391,-0.011109297884093374,-0.10308372938401174,-0.2249817704716117,0.293511375398704,False,False,False,False,1.7271560430526733,1.5072089433670044,False,False
2023-08-30,1.639233946800232,49344555,-0.019259069532100565,-0.029766094417316192,-0.03213721583286591,-0.1191533932858659,-0.2649998173357875,-0.23916235963401267,-0.19478510194942356,42.9146974227277,0.00736297619720741,0.05205364474806913,21.415282310253865,0.531214267900936,-0.02363156603080434,-0.11758241606204275,-0.23846676470121048,-0.044334061294791116,True,False,False,False,1.7271560430526733,1.5072089433670044,False,False
2023-08-31,1.5637710094451904,48724817,-0.04712880909326743,-0.043955256746327026,-0.04218076206120014,-0.21694817969574354,-0.308153281382132,-0.38615059366552207,-0.25743337340729167,37.52170610051716,0.004823412761930809,0.05537065162472183,20.05309121292692,0.5138530532318537,-0.060403083080698854,-0.15529736342777115,-0.2719274808542629,-0.012559399917579595,False,False,False,False,1.7271560430526733,1.5072089433670044,False,False
2023-09-01,1.5301289558410645,41526591,-0.021748201289400162,-0.01804004544199449,-0.06579216581943377,-0.18978549932581645,-0.3736995312595118,-0.4114542597342158,-0.2157558304714039,35.38670887129223,0.00149614928298257,0.05579498621285072,18.83063527366734,0.49449312329201356,-0.07189856412141309,-0.16672634857791982,-0.2861683664684843,-0.14773223263208968,False,True,True,False,1.6909470558166504,1.5072089433670044,False,False
2023-09-02,1.526608943939209,37358394,-0.0023031176196405797,-0.046653398175262886,-0.07812387640051112,-0.20106166772562484,-0.3422589569241408,-0.40002334165899117,-0.23819630671100425,35.16127164696364,-0.0002315003694429163,0.05334918748275851,17.507691180129576,0.49165821654744124,-0.06576633802899871,-0.16103727209980956,-0.28607132802720187,-0.10037416748222838,False,False,False,False,1.6909470558166504,1.5072089433670044,False,False
2023-09-03,1.5256880521774292,36626227,-0.0006034090331923667,-0.040022328016400155,-0.09144820867493225,-0.18490033570283684,-0.3033620359585478,-0.37089037126057117,-0.19167470116480909,35.09827457535647,-0.0006995794039973691,0.05076756661206996,14.034340184531624,0.4907258889828898,-0.0571171043791722,-0.1542460343546763,-0.2842938370937,-0.019598460255009886,False,False,False,False,1.6909470558166504,1.5072089433670044,False,False
2023-09-04,1.5488760471343994,34257603,0.015084046952378865,-0.018717414279255894,-0.046294433681113835,-0.1771424810120231,-0.21454929255222324,-0.4413595582984965,-0.1677564635259153,38.105375563511565,0.0011865208098547353,0.04794504834868642,13.138965705504136,0.49414413917916644,-0.03749771632913529,-0.13537373536991,-0.27161637176377784,-0.06467016108429624,False,False,False,True,1.6909470558166504,1.506019949913025,False,False
2023-09-05,1.567533016204834,27705127,0.011973519257147312,-0.06398504035807501,-0.03889658959555097,-0.15429472795131313,-0.2091965806908979,-0.3724492658309855,-0.15617099731510103,40.49435554885938,0.004157438671023805,0.04649048925441047,12.458622557724775,0.49766610942131306,-0.022098659619635915,-0.1200934505988001,-0.26034172465222233,-0.1912707085781804,False,False,False,False,1.6909470558166504,1.506019949913025,False,False
2023-09-06,1.5784239768981934,31849679,0.006923809973125962,-0.037802160852848425,-0.06756825527016455,-0.15389075631115945,-0.2136834882886274,-0.3150327344462128,-0.15890201993135808,41.90401903616556,0.007147474638121765,0.04536065635188351,12.43756810445738,0.4977872460231164,-0.013682431938552758,-0.10947227074068196,-0.2522483915030077,0.1495951272845637,True,False,False,False,1.6909470558166504,1.506019949913025,False,False
2023-09-07,1.6021180152893066,27410842,0.014899647158495373,0.024226295398914355,-0.019728961347412675,-0.14800616354655216,-0.18322953368377404,-0.29797488348556955,-0.1553266652631918,44.95895118809588,0.010793522805301825,0.04423709085462745,12.298909052588986,0.5003086124869078,0.0021274013871021243,-0.09118193377496576,-0.23863424436734346,-0.13936834339837456,False,False,False,False,1.6909470558166504,1.506019949913025,False,False
2023-09-08,1.5420600175857544,29794194,-0.03820731711028344,0.007767179578031064,-0.010272865863963468,-0.2011305908942322,-0.23875634245709149,-0.16304452482607704,-0.06891954737408257,39.31560278375743,0.009290154935379796,0.046165125874142295,12.330946517733537,0.50803528794961,-0.032151824138919746,-0.12015998232666371,-0.2647595028787313,0.08694924439023066,False,False,False,False,1.6909470558166504,1.506019949913025,False,False
2023-09-09,1.5287710428237915,19656559,-0.00865502364424144,0.0014152735534300944,-0.04523812462183275,-0.19542336343681235,-0.2251265559377994,-0.1781317059887717,-0.2171939276076434,38.17379923630679,0.0076015575229722715,0.04451087473654927,11.992263073100556,0.5073420762408991,-0.03616663735417259,-0.12280989277878385,-0.26889617656028775,-0.3402553866703023,False,True,False,False,1.6909470558166504,1.506019949913025,False,False
2023-09-10,1.4812450408935547,27949272,-0.03158119467406805,-0.029562512087445536,-0.06958484010384572,-0.22551801869902222,-0.24024186075841047,-0.18981573436337643,-0.2391858492475504,34.3334685878653,0.003683128311287358,0.04611464180032322,13.153780112064496,0.5143991895954493,-0.06196002955324949,-0.1450494689590027,-0.2891953035260521,0.4218801978515161,False,True,True,False,1.6206049919128418,1.506019949913025,False,True
2023-09-11,1.4469020366668701,34139919,-0.023458233608620187,-0.06810479264844452,-0.08682220692770048,-0.24186847230105332,-0.4544080575029998,-0.20350320991992216,-0.2876049942630061,31.840723623397707,-0.0005945922178775681,0.04712033883928921,14.765288017080888,0.5173882425618913,-0.07837406425260285,-0.15903786317924845,-0.3031151355629539,0.22149582286078862,False,True,False,False,1.6206049919128418,1.506019949913025,False,False
2023-09-12,1.4635939598083496,41174176,0.011470282845733516,-0.06860802905985815,-0.13259306941793314,-0.2170613902785798,-0.477339828501391,-0.14015159264422775,-0.3721466673551802,34.33611969050966,-0.0016149793717939384,0.047409646970107897,14.268324162573007,0.5214251248114038,-0.06100821842547116,-0.14422484785832745,-0.29266843297090844,0.20604199441715143,False,False,False,False,1.6206049919128418,1.506019949913025,False,False
2023-09-13,1.4863049983978271,29642793,0.015398145934646421,-0.060133693098337715,-0.0979358539511861,-0.21619426094084115,-0.4412560715371906,-0.12602417528388654,-0.39535586970687236,37.67931709649882,-0.0001524359396153918,0.04507742195718665,14.157730251123985,0.5218892797029826,-0.04189706138517259,-0.12613909331415868,-0.27918548363764095,-0.28006347959458866,False,False,False,False,1.6206049919128418,1.506019949913025,False,False
2023-09-14,1.4995039701461792,36659681,0.008841193702593132,-0.06619214655423979,-0.041965851155325515,-0.14108409623857,-0.37267050649157624,-0.1556715793087939,-0.4523922571757636,39.60388083488879,0.002183000886578107,0.04308226650701422,14.471752986234224,0.4788918595475977,-0.0315633822824513,-0.11392221021296191,-0.26992467350801114,0.2367148061925204,False,False,False,True,1.6206049919128418,1.42733895778656,False,False
2023-09-15,1.5307890176773071,33059758,0.020648933456132286,-0.007335895987824055,0.000431283590206957,-0.10058294262532656,-0.2982833764102412,-0.15645800448964964,-0.3331544844894353,44.01692475472302,0.006092358527319534,0.04175299464534361,14.2071462990668,0.4835803094965445,-0.009159250780479147,-0.09132904663205217,-0.25152761600490814,-0.09819842676754331,False,False,False,False,1.6206049919128418,1.42733895778656,False,False
2023-09-16,1.5359669923782349,32980395,0.0033768448512723065,0.004695972507689712,0.0061112460611197125,-0.06012083490912107,-0.2785327455441125,-0.10823109691163406,-0.34848348307361865,44.73666223058138,0.009103306140689105,0.04145328938415795,14.003848931089525,0.4684137493087903,-0.0041310403210208626,-0.08395945549255382,-0.24630223160742187,-0.0024005922850373063,True,False,False,False,1.6206049919128418,1.42733895778656,False,False
2023-09-17,1.5112930536270142,22905706,-0.016194533864059363,0.02008263331769839,-0.009479878769747145,-0.07817857124201386,-0.32042485938236326,-0.15907553579391467,-0.35062932468610375,41.967827135176094,0.009467481251641638,0.04107908703812121,13.968965002461726,0.47076628356330075,-0.018000729595230705,-0.09395979883823465,-0.25564963275919655,-0.30547508603217155,False,False,False,False,1.6206049919128418,1.42733895778656,False,False
2023-09-18,1.546586036682129,37562083,0.023084333462207195,0.06662520038852579,-0.0014795922599187498,-0.0651228307412434,-0.2827781340627955,-0.18451796242744758,-0.29015186814892946,47.01895753558926,0.011958990524666195,0.041318611373514946,11.612184127719804,0.47733322181705634,0.009013831823359507,-0.06895922925805323,-0.2354963001398845,0.6398570295104635,False,False,False,False,1.6206049919128418,1.42733895778656,False,False
2023-09-19,1.575492024421692,42415831,0.018517675194557437,0.07367259273734958,0.005064563677491428,-0.059326078787914724,-0.24927908545185345,-0.21635697366098913,-0.25081938230648587,50.796423421588905,0.015218402525736599,0.040759474827175984,10.10913659901004,0.480030000498767,0.030014206297017832,-0.04845115641078439,-0.21881574927434772,0.12921935133363083,False,False,False,False,1.6206049919128418,1.42733895778656,False,False
2023-09-20,1.5657700300216675,34287977,-0.006189885003391127,0.052084561799311986,-0.008049131299025823,-0.035446235749866425,-0.2417403440238055,-0.18929426599459562,-0.2648387202236715,49.517653696713225,0.016288423921117637,0.039804461947331726,10.132205259198775,0.46955320822941354,0.023591341617247453,-0.049998182686239005,-0.22174176272206889,-0.1916231229797195,False,False,False,False,1.6206049919128418,1.42733895778656,False,False
2023-09-21,1.4829050302505493,76990839,-0.054374712782558926,-0.011131344685840266,-0.07732349124008009,-0.09439662370400966,-0.32278494326762003,-0.26318583046508615,-0.3264649668974792,40.222984232499805,0.011225145070412897,0.04378366402571876,10.492874522748007,0.5042002743120968,-0.02908132505564917,-0.09625014634024026,-0.26083591416238167,1.245417949271256,False,False,False,False,1.6206049919128418,1.42733895778656,False,False
2023-09-22,1.491284966468811,30295657,0.0056351197486392175,-0.026145158393333395,-0.03348105438115749,-0.12435697960311023,-0.28215330172795994,-0.20478382829972397,-0.29940760724839516,41.420479936420975,0.008380512165064018,0.04175484564257375,10.705291614498334,0.4857167338475476,-0.02246421242154078,-0.0869663603035618,-0.25462612646732563,-0.6065030931796964,False,True,True,False,1.602368950843811,1.42733895778656,False,False
2023-09-23,1.4964020252227783,22224733,0.0034254349747202236,-0.026096568269885597,-0.021400595762195912,-0.08799189786413351,-0.26816721364898266,-0.2587157488078672,-0.28524141957639954,42.182148544703274,0.00684827381385901,0.03982299182453347,10.844490985887784,0.47502827472291964,-0.018167575641850675,-0.0800128650578566,-0.250109864732675,-0.2664053134744693,False,False,False,False,1.602368950843811,1.42733895778656,False,False
2023-09-24,1.4634549617767334,21105056,-0.022263524535408117,-0.03216555894123427,-0.012082925623535844,-0.06259200980580883,-0.27528733618060863,-0.27420385355123883,-0.29955514688628426,38.69363237208255,0.003774169454797617,0.0397295463818788,11.296364155209051,0.45266069566683276,-0.037086660584756515,-0.09598250778086423,-0.2649715755499993,-0.05037977284136552,False,False,False,False,1.602368950843811,1.42733895778656,False,False
2023-09-25,1.4724589586257935,20806821,0.006133711901985984,-0.049116180501455685,0.017509019887070237,-0.08276853301745085,-0.2618293352279252,-0.2837919491742814,-0.3541179288640879,40.15035520241589,0.0025634195502230867,0.037948000548183196,11.25691357402672,0.44207718908846366,-0.02812243196119726,-0.08639555286206638,-0.2589654256342639,-0.014130974113501504,False,False,False,False,1.602368950843811,1.42733895778656,False,False
2023-09-26,1.4621009826660156,27419456,-0.007059333720950647,-0.07469318941696373,-0.0010205966796141296,-0.0825933875463463,-0.27815943373085866,-0.23880779237838679,-0.40018088644246325,39.00224084196173,0.0013425752059708432,0.03745741439461085,11.003401692464813,0.44205529345841793,-0.031240132825792293,-0.08853653743643655,-0.26259399174978737,0.3178109236389355,False,False,False,False,1.602368950843811,1.42733895778656,False,False
2023-09-27,1.4687269926071167,31353916,0.004521603646484128,-0.06398170076708852,-0.011897138967776577,-0.07185091711509693,-0.28219257227389516,-0.2449973819378206,-0.3846973297078601,40.180658530514826,0.0012602208424026123,0.036458285328042316,9.708702377252214,0.44258241615141564,-0.02253031496213226,-0.07994410879496076,-0.25797503200104355,0.1434915411888551,False,False,False,False,1.602368950843811,1.42733895778656,False,False
2023-09-28,1.5986909866333008,61815479,0.08478912685808654,0.0751821388735569,0.06405079418771664,-0.04430293559297673,-0.16778415412959624,-0.24972866000980062,-0.2684639109342634,57.516964468400616,0.009764036800406994,0.03790920510576261,10.974710287790392,0.4964544594201278,0.06196232102255284,0.005082275740321298,-0.190582113685596,0.9715393445590657,False,False,False,False,1.602368950843811,1.42733895778656,False,False
2023-09-29,1.6388909816741943,29787043,0.024834621364733103,0.0943816404896509,0.06823648209631752,-0.0002092446961431611,-0.11936263798200909,-0.2652090620319306,-0.23937160433015586,61.25715775449775,0.017452930964701845,0.03778388354473476,13.340421590673248,0.5003845935422297,0.08469871722988115,0.033211517809411575,-0.16805400791331482,-0.5181297066386883,True,False,False,True,1.602368950843811,1.4463189840316772,True,False
2023-09-30,1.7048510313034058,30470879,0.0394579528462569,0.13041415836118772,0.10431759009130202,0.08637751724338107,-0.13057066245236237,-0.22177576413875089,-0.29977307642214096,66.47287954598468,0.025832151142578794,0.03777890520886618,17.133551129891973,0.48876870582815335,0.12006620151814018,0.07684660207593114,-0.13224002783353078,0.022957498668128906,True,False,False,False,1.602368950843811,1.4463189840316772,False,False
2023-10-01,1.6895790100097656,37918859,-0.008998343849090418,0.1436793390475052,0.11151378010627097,0.0991273746836908,-0.09065812464212564,-0.274572156575821,-0.3123268850505248,64.31399865381047,0.028961884033075015,0.03812556526248414,18.842496169121524,0.4826682064117327,0.1012537080839559,0.06927008707543279,-0.1386752861456991,0.24442944360088847,False,False,False,False,1.602368950843811,1.4463189840316772,False,False
2023-10-02,1.5657730102539062,69033266,-0.07609975308947542,0.061445874056043896,0.012329693554588244,0.02533073921385595,-0.1757309285117688,-0.31692821771028495,-0.37469260244513525,50.10674242584659,0.02164487927915764,0.04575631460680757,18.3694557751754,0.5564566785527522,0.017170823662035813,-0.005903335971072247,-0.20009097021752376,0.8205523009012481,False,False,False,False,1.602368950843811,1.4463189840316772,False,False
2023-10-03,1.5715110301971436,50917209,0.0036579578179454304,0.07216316559493999,-0.002530023822023812,0.029592106064993726,-0.15530822963784313,-0.2737699298935541,-0.3412982651955775,50.650855763830414,0.016381494877198883,0.044498670931930974,18.121493651373132,0.5565156532004246,0.018080751137625698,0.0012168224987032983,-0.19513123581584899,-0.26242503143339624,False,True,True,False,1.7290630340576172,1.4463189840316772,False,False
2023-10-04,1.5868680477142334,37919149,0.009724696221574288,0.07736625817003014,0.013384557402941708,0.024232755334189077,-0.15290972567783398,-0.19031653721803418,-0.4171268029643075,52.1547451475803,0.013257720447261537,0.04434174250433684,18.02834692924172,0.5551191305199852,0.025128584708961354,0.01280555836260334,-0.18541167096431432,-0.25527832839384423,False,False,False,False,1.7290630340576172,1.4463189840316772,False,False
2023-10-05,1.5315619707107544,34943933,-0.035474181815835275,-0.04289705050389166,0.032285088369665295,-0.02321494573879344,-0.1775096736901065,-0.2324115264296914,-0.39566421156977877,46.642043428964094,0.0070989948769741434,0.04653104487129764,18.02549002828024,0.5676370232548298,-0.010624254613888426,-0.020477437303699792,-0.21186841056138297,-0.07846209839783058,False,False,False,False,1.7290630340576172,1.4463189840316772,False,False
2023-10-06,1.5604690313339233,24684192,0.01869832664952546,-0.04903334521909921,0.04534829527055162,-0.011440429062394031,-0.16533118537355332,-0.22512391735102136,-0.3264731635086069,49.638350866831296,0.0047189769606797,0.04455516621315383,18.00940865486832,0.5711217862489754,0.007252311007385536,-0.0010866790113009503,-0.19548344721212965,-0.29360578844974317,False,False,False,False,1.7290630340576172,1.4463189840316772,False,False
2023-10-07,1.5668120384216309,22350949,0.004056569041584089,-0.08443472902377197,0.04597942933741565,-0.022283507179305117,-0.17028967072585732,-0.20551304086307906,-0.32025839066487466,50.29788608377393,0.003381403582206674,0.04286421783482304,17.858139791243683,0.5687175616831674,0.009537687416628714,0.0038395811592969713,-0.1904430594976654,-0.09452377456795025,False,False,False,False,1.7290630340576172,1.4463189840316772,False,False
2023-10-08,1.5931040048599243,23520393,0.01664131124708153,-0.058795073927599924,0.08488426511990527,0.03256512117805993,-0.16856546971617228,-0.20619122127903172,-0.1304794036480172,53.042943714813916,0.004032721129864612,0.04139211500041812,17.974865384013906,0.5552614505123749,0.024942268061794455,0.02143782877676415,-0.17519826418772266,0.052321894698967863,False,False,False,True,1.7290630340576172,1.520946979522705,False,False
2023-10-09,1.525447964668274,33871022,-0.04339620322457098,-0.02609152406269558,0.03535434999334841,-0.0021760584022696657,-0.19759942183908216,-0.22730261434006913,-0.18030776439104146,46.00213164559136,-0.00010823985393806088,0.046742344843822885,18.02797213171577,0.5757760947694698,-0.017002593388089467,-0.020101825510230216,-0.2085966525024707,0.44007041038812567,False,False,False,False,1.7290630340576172,1.520946979522705,False,False
2023-10-10,1.5397729873657227,21799969,0.009346880510483666,-0.020402601370157238,0.05176056422478267,0.03875201678228195,-0.1867660019167401,-0.20148984397612843,-0.1510637175810944,47.588468490004516,-0.0018037455506192557,0.04477775894236985,18.035468862929974,0.5651871561835572,-0.006939749870607322,-0.009850519160883281,-0.19992732434555568,-0.3563828986323472,False,True,False,False,1.7290630340576172,1.520946979522705,False,False
2023-10-11,1.5226229429244995,25277913,-0.011200526726938883,-0.041327824318670325,0.03603843385135984,0.05100972366396323,-0.19085874863709007,-0.4033983338390365,-0.15249348625595882,45.85175039403222,-0.003882160191688135,0.044391231481976275,17.651917904199305,0.5600248452057699,-0.019256607853344033,-0.019528539295897172,-0.20777304821232037,0.15953894246363376,False,False,False,False,1.7290630340576172,1.520946979522705,False,False
2023-10-12,1.5035059452056885,25672102,-0.012634790348561435,-0.018488432851396557,-0.06138548335528813,0.026904650469668268,-0.19015673980891157,-0.4504351780317229,-0.1132469421745595,43.927323296723294,-0.006208298945675363,0.04373736351091404,17.517189901800492,0.5610428509977697,-0.03195115165398273,-0.029523249678562395,-0.21638978504770473,0.01559420668945255,False,False,True,True,1.62460196018219,1.4836050271987915,False,False
2023-10-13,1.5596669912338257,24408184,0.036672653633766226,-0.0005141058671556133,-0.04954745108625492,0.04817915816878811,-0.16801510277205306,-0.39307691336840256,-0.07784501711509842,50.50011563707319,-0.003749547479379026,0.04259631825826802,17.159738903754697,0.57274922556973,0.002167648800565296,0.0076948557610219855,-0.1859676050822139,-0.04923313252650674,False,False,False,False,1.62460196018219,1.4836050271987915,False,False
2023-10-14,1.5967559814453125,19543536,0.023501728148668195,0.018931053239928407,-0.06550367578384353,0.0628396926148632,-0.07824440362370683,-0.3098308138767131,-0.09283188669393087,54.309210512920515,0.0003708005942482794,0.04084414597753394,16.314918843650776,0.5773445819203052,0.02162401368333173,0.031141286559439534,-0.16501045850651233,-0.19930397115983722,True,False,False,False,1.62460196018219,1.4836050271987915,False,False
2023-10-15,1.6046010255813599,16484147,0.00490108402305252,0.007190826015899358,-0.05160424791170052,0.04709184318178331,-0.05349109944354319,-0.2511915332284577,-0.10936616130786614,55.09631903508257,0.0034494843273988546,0.03893369560502752,15.496448313231129,0.5735755480033202,0.022321702688297106,0.03613937833791121,-0.15919185080498535,-0.1565422449652919,True,False,False,False,1.62460196018219,1.4836050271987915,False,False
2023-10-16,1.6003910303115845,34562563,-0.0026271501568650686,0.04795987908360528,0.02186835502090969,0.041087848173645886,-0.019032986735475148,-0.23744489737046665,-0.06714324873798806,54.55319745055115,0.00493669681910462,0.03948627040751738,14.171952902441614,0.57371976962529,0.0151672573139771,0.03325535032593307,-0.15982696835834584,1.0967152865113374,False,False,False,False,1.62460196018219,1.4836050271987915,False,False
2023-10-17,1.5444120168685913,36891772,-0.035604727023273886,0.003008271549847732,-0.017394329820309466,0.021677655014431578,-0.056500916227582396,-0.2987472043679318,-0.13739788077948314,47.80515883384103,0.0020334143036863633,0.041361190546664206,12.847756747067887,0.585081269576653,-0.02268758603603592,-0.0024517550737820884,-0.18727683005913284,0.06739109596704385,False,False,False,False,1.62460196018219,1.4836050271987915,False,False
2023-10-18,1.4906259775161743,38987889,-0.03544711543746288,-0.021238317160676243,-0.06256614147934657,-0.036853793885238684,-0.10197662462648212,-0.31963192794803424,-0.22137175631268627,42.380721424433,-0.0033342346365117697,0.042811323161691346,13.752758952283036,0.5924989002532701,-0.053487365163210725,-0.03494254103091615,-0.2137041056609996,0.05681800809134341,False,True,False,False,1.62460196018219,1.4836050271987915,False,False
2023-10-19,1.4712369441986084,40877551,-0.01309264526909617,-0.021696172081210968,-0.040184604932607455,-0.06846411434889228,-0.12779019313680712,-0.3177431998007457,-0.2848210880098815,40.59259576282875,-0.007762383719336656,0.042439643977068765,14.430100535471233,0.5894911972297004,-0.06079975435471193,-0.04541885668212689,-0.22215840565330736,0.0484679229490983,False,True,True,False,1.6551339626312256,1.4836050271987915,False,True
2023-10-20,1.5316029787063599,30442582,0.040211379850892966,-0.018157445864084205,-0.01867155173123989,-0.022062849494608034,-0.05750908524447446,-0.2638031935184136,-0.21135711548920377,47.95515176470261,-0.006262067451709428,0.04121009481661782,12.103455931775278,0.6075617437619965,-0.01682680559703814,-0.005836630398895253,-0.1883733991335567,-0.25527382988281266,False,False,False,False,1.6551339626312256,1.4836050271987915,False,False
2023-10-21,1.6385220289230347,37046493,0.06747974818115728,0.02582057416840487,0.044751627408333244,0.09979161146910821,0.0053949877650984615,-0.22299333179851166,-0.16339421899597795,57.9059120950175,0.0018606242108362829,0.04133038950653967,10.519766882810561,0.6206903889696301,0.05353359588204435,0.062070015387518634,-0.129534693296032,0.21693005540725818,True,False,False,False,1.6551339626312256,1.4836050271987915,False,False
2023-10-22,1.7151349782943726,40401659,0.04569714843232865,0.06661663857768092,0.07380746459358045,0.13985364015279778,0.015496660549687635,-0.14229966157516216,-0.06493018814692618,63.31798324562947,0.011769982260808973,0.040533996365201566,13.759409359228936,0.6380532163540344,0.09752392038066722,0.10901914674632067,-0.08670680832304589,0.09056635941221214,True,False,False,True,1.6551339626312256,1.4585249423980713,True,False
2023-10-23,1.7913659811019897,67517578,0.04348666469460773,0.11273045342915387,0.1606903325127591,0.17991486987268535,0.0919229720085518,-0.08825234377629743,-0.07880087893518188,67.75974262871068,0.02222852215772904,0.04015900301123252,18.640978392201635,0.6522203852332513,0.13829739632542698,0.1543446031672933,-0.04407687335894927,0.6711585531673341,True,False,False,False,1.6551339626312256,1.4585249423980713,False,False
2023-10-24,1.8474279642105103,84614817,0.030815935364689535,0.17915111581711707,0.18215938736696494,0.23299432977278287,0.17040231996697403,-0.04229300640782578,-0.04120952377845601,70.58105056219682,0.03114522163652703,0.043145357938034194,23.843233626451692,0.649545972142065,0.164282709949311,0.18590756639892106,-0.012467719861471873,0.2532264857012496,False,False,False,False,1.6551339626312256,1.4585249423980713,False,False
2023-10-25,1.8704240322113037,58990568,0.012370778229648952,0.2269690094842289,0.20573069232355262,0.2392313961004459,0.15646286308299506,-0.02259793912747925,-0.044560553073835565,71.67595709002973,0.036446921576524294,0.044400021941023625,27.920018823011915,0.6497129503626085,0.16632144284278583,0.1960183785578649,0.0012007514435578386,-0.3028340651023331,False,False,False,False,1.6551339626312256,1.4585249423980713,False,False
2023-10-26,1.8504400253295898,62696640,-0.010741698017081802,0.22931995673624328,0.20762378465503245,0.23554903180431472,0.15295564425796832,-0.042610401926543945,-0.0032587605740720155,69.26345495751059,0.036378928091845085,0.048899420985773455,30.546258549836164,0.650911230916255,0.14352196187224592,0.17913794717784057,-0.008177779381918986,0.0628248231140951,False,False,False,False,1.6551339626312256,1.4585249423980713,False,False
2023-10-27,1.8186429738998413,47743730,-0.0173328580971001,0.17177571878825004,0.15361827292416586,0.21369457006073064,0.1418436529456336,-0.06849800221316452,-0.03130281187709001,65.48655639563188,0.032112083286196406,0.05017908805409005,31.97040505562054,0.6567559605796648,0.11519465021760464,0.1556871227527748,-0.023530745918713854,-0.23849619373542186,False,False,False,False,1.6551339626312256,1.4585249423980713,False,False
2023-10-28,1.787559986114502,26468130,-0.01723905055204895,0.08705692005504398,0.11287749422344868,0.111666392650595,0.06736345705761843,-0.05611776147900117,-0.13806226735920543,61.93136942996234,0.025409534813358448,0.050541079372567375,32.760455196934544,0.5987580186133533,0.0896380541394057,0.13240166462260827,-0.038812520421978414,-0.44562081764453676,False,False,False,False,1.6551339626312256,1.4585249423980713,False,False
2023-10-29,1.825747013092041,23974713,0.021137671838771036,0.062497443461486286,0.12911408203916724,0.10796944312463322,0.10776019842849001,-0.011393194857375962,-0.15723961890729748,64.48248776292874,0.02189443018085195,0.04907716170910988,33.19972042661622,0.5972543069234254,0.10282190212410215,0.15225725612902846,-0.017120845067235664,-0.09420450179139972,False,False,True,False,1.9781169891357422,1.4585249423980713,False,False
2023-10-30,1.8395689725875854,45280996,0.007542064623474425,0.026552843390353114,0.139283296819507,0.07605355490185084,0.1624310721452319,-0.05451710755051157,-0.1457222092369001,65.38664811317993,0.01895659766905687,0.04814929622105626,33.59081524180081,0.5833496971714707,0.10120017288318853,0.155753181027749,-0.00805457724255002,0.8886981462510104,False,False,False,False,1.9781169891357422,1.4585249423980713,False,False
2023-10-31,1.8295010328292847,75081400,-0.005488020131848749,-0.009751112106185091,0.16940000371093192,0.07956387861909256,0.1786912533027834,-0.011094246023033162,-0.19500827795672843,64.10649872501537,0.014966790693877373,0.04984768113098489,33.229952232252735,0.582604202141284,0.08520554526305936,0.14392827705293737,-0.011360049211197416,0.658121654391171,False,False,False,False,1.9781169891357422,1.4585249423980713,False,False
2023-11-01,1.8779410123825073,80492901,0.026132700467002563,0.004010810131168429,0.23097981961539746,0.1817963321755704,0.20712707138942643,0.00606540366380167,-0.13513188553471445,67.4122763034393,0.014226505161494943,0.051984932498447566,32.723702158496906,0.513735541335872,0.10170406959616672,0.16816333517628532,0.016550107954031834,0.07207512113519465,False,False,False,False,1.9781169891357422,1.4585249423980713,False,False
2023-11-02,1.7566369771957397,75914912,-0.0667747977705571,-0.052022289622306796,0.17729766711393646,0.1113635765870679,0.14095568265206165,-0.04394465305077511,-0.16240635330648615,53.9998749745735,0.00469667215591088,0.059333029506924186,31.678291232833743,0.5731830358020322,0.024620489451854233,0.08904415522153437,-0.047002885280586965,-0.05687444412023368,False,False,False,False,1.9781169891357422,1.4585249423980713,False,False
2023-11-03,1.9203100204467773,62461575,0.08908546927242955,0.05439603774722291,0.22617175653547297,0.19072434963792315,0.21495710497211232,0.03781462396008937,0.0004078124198890787,64.31620406962116,0.008333157391012161,0.05795305714132708,32.35886423809121,0.6458927211638079,0.10961797196791373,0.18433539342502472,0.043407772606318215,-0.17721599940733646,False,False,False,False,1.9781169891357422,1.4585249423980713,False,False
2023-11-04,2.0282089710235596,72816136,0.05466648134373253,0.12630156964300426,0.2133584896980481,0.280865012797491,0.2576500670586976,0.10335533910738444,0.04845348636779966,69.21734311800019,0.016453040013032813,0.05675136703901838,34.46795624201178,0.6489354622588549,0.15779557304378666,0.24325308755901529,0.10352978864261564,0.1657748944050803,False,False,False,False,1.9781169891357422,1.4585249423980713,True,False
2023-11-05,2.027574062347412,50538111,-0.00031308808982620447,0.10485080971440693,0.1673482531758932,0.2618535980581392,0.25041316899574534,0.09652241268458596,0.03672968070711793,69.1571506995335,0.01999349444588272,0.05513504035328923,35.659315352101174,0.6488811427862183,0.14349079180774868,0.23541814239674164,0.10388721891771036,-0.3059490138284734,True,False,False,False,1.9781169891357422,1.4585249423980713,False,False
2023-11-06,2.0247650146484375,61969658,-0.0013863835654082095,0.0959223615255241,0.12247520491587717,0.25641064545114683,0.2341271382718417,0.08612097472528958,0.050897604588067774,68.87178567266389,0.020293737844971904,0.055407765551609645,35.16366114794774,0.6496516676474103,0.1266458931512985,0.22603495022212033,0.10270008938620939,0.22619656282760547,False,False,False,True,1.9781169891357422,1.7179820537567139,False,False
2023-11-07,1.9699510335922241,85193906,-0.027444965279747352,0.07396541637762553,0.06421430427144033,0.21232436892431794,0.24488949010237793,0.04375889920814574,0.006133147645286341,63.376284039134504,0.015182253598907985,0.05767844892300496,31.965644216661467,0.6608416732945481,0.08172018949278068,0.1867593558197965,0.07307674234508407,0.3747680518101295,False,False,False,False,1.9781169891357422,1.7179820537567139,False,False
2023-11-08,1.9515060186386108,79514388,-0.00940729465370016,0.038425421256922984,0.042436231388091314,0.24631327749518894,0.24413721909291913,0.04871385565610669,0.019010663155119702,61.595196789157434,0.009233134783080452,0.056471012978612005,26.843073967180565,0.6384221104442511,0.05764569365219246,0.17034531935680045,0.0634661666228189,-0.06666577771419469,False,False,False,False,1.9781169891357422,1.7179820537567139,False,False
2023-11-09,2.3381218910217285,311539278,0.18074660468801684,0.28594682371549673,0.23392453409318992,0.41771300167272196,0.45646501845500403,0.23094699975598176,0.21622315769659367,76.50179326522884,0.02889986083728016,0.05624265931493919,30.700937569603408,0.8774489727146301,0.24007541453168585,0.3893337245215625,0.27324510387967194,2.9180239681905116,False,False,False,False,1.9781169891357422,1.7179820537567139,True,False
2023-11-10,2.300337076187134,205333611,-0.016292329369780645,0.18056902507328657,0.23496506282050944,0.41262119902988026,0.4636309226938436,0.2217624503927901,0.00922286519084383,73.49919097437277,0.036441010907611496,0.061765285221211115,33.230367335366715,0.8794614223376443,0.19899256327489476,0.353730799916562,0.25192171022769827,-0.3409061858325293,True,False,False,True,1.9781169891357422,1.9036990404129028,False,False
2023-11-11,2.234560012817383,138942040,-0.029011320649450695,0.09689122308010344,0.22319279272310755,0.39624466872899095,0.42314931919865917,0.20608792892007932,-0.054190509302731914,68.46168422939601,0.034117308973216826,0.06408604690077088,34.20724408607195,0.8874648317911761,0.1491520229952426,0.30361715293010033,0.21583966456054948,-0.3233351358146621,False,False,False,False,1.9781169891357422,1.9036990404129028,False,False
2023-11-12,2.2686240673065186,124484974,0.01512916355561723,0.11233347472554683,0.21718428443995363,0.3747011786508418,0.42288033681962983,0.20668607587878868,-0.0183757347175609,69.62283049109293,0.0320261878576647,0.06365005189832289,35.87282695895831,0.8834680577090225,0.15252632463340166,0.31167143111459894,0.23368436079108437,-0.10405105610943954,False,False,False,False,1.9781169891357422,1.9036990404129028,False,False
2023-11-13,2.2430338859558105,189228145,-0.011344147117486847,0.10237571117346822,0.1982980726989924,0.33985530338468667,0.4026949959995498,0.2616108997609798,0.030024489507973543,67.60903719545007,0.026310475789328297,0.06774168505798155,36.99440606122964,0.886357741620132,0.12818865356316425,0.2852891865285856,0.2194357520960969,0.5200882397260251,False,False,True,False,2.489387035369873,1.9036990404129028,False,False
2023-11-14,2.3633739948272705,180876748,0.052260894023810275,0.18208157047702597,0.2560469868546515,0.38721511338544445,0.4343069565672278,0.3337240139419014,0.1360235801569868,71.74752296057248,0.027875530708997925,0.06946382169961654,39.520652827405456,0.8973610007286454,0.17416050988916515,0.3405584427611667,0.28389612429511596,-0.044134010825926606,False,False,False,False,2.489387035369873,1.9036990404129028,False,False
2023-11-15,2.4481449127197266,168611353,0.03524030239703059,0.22672916752775665,0.2651545887846796,0.4250825659393402,0.46617041411298626,0.4060495792038651,0.1876376685688736,74.24394559272704,0.03158850991454343,0.06838874375433716,42.36801258719375,0.898830091595253,0.19848161022742597,0.3732807122670306,0.328697061966243,-0.06781078903519433,False,False,False,False,2.489387035369873,1.9036990404129028,False,False
2023-11-16,2.26438307762146,186839597,-0.0780282093465045,-0.03204564650676455,0.25390117720873223,0.38265908361610956,0.40433673863054104,0.32615816738852726,0.08391187924817785,61.54791300057484,0.01924399638671817,0.07953200867553997,41.66387762373929,0.9396522745534414,0.09655755680493511,0.2589619445215303,0.22819467708304642,0.10810804655603468,False,False,False,False,2.489387035369873,1.9036990404129028,False,False
2023-11-17,2.2007648944854736,149604468,-0.02849737067457354,-0.04425068781155745,0.13631833726172912,0.3896088283789991,0.35275503449376033,0.28763220375251697,0.06997690043096462,57.859078879728166,0.005105503526745464,0.08327102160255163,39.727908930272406,0.9354685532195307,0.05519240934022804,0.21545390677455714,0.19295448966601364,-0.19928928127585288,False,False,False,True,2.489387035369873,2.072208881378174,False,False
2023-11-18,2.2448689937591553,109747848,0.0198421855691325,0.004602818407025769,0.10149404148712926,0.42254365921722775,0.3540795448683355,0.2947534660804207,0.10480045941648201,59.66397125931722,-0.0025533097357741674,0.08243405354272294,38.14646097267239,0.930955078662757,0.06563164356578054,0.2315685542909597,0.21602748370069327,-0.26641329990224627,False,False,False,False,2.489387035369873,2.072208881378174,False,False
2023-11-19,2.366373062133789,81669234,0.052711264611434584,0.04218491946284325,0.15451839418838997,0.4350435439777691,0.41298069448316105,0.37753445873329466,0.17124035045935562,64.2116103450761,-0.0008039929951028368,0.07760787022336321,37.25982141984369,0.9363755423841507,0.10943724461834521,0.28887232289085646,0.28065390032634113,-0.25584660211287236,False,False,True,False,2.585542917251587,2.072208881378174,False,False
2023-11-20,2.4187541007995605,154411098,0.02189414378555467,0.0754232103658848,0.17779892153935295,0.38945793958216657,0.48924955105127477,0.3948529273472651,0.16646460778365488,65.99171506881423,0.0023410174822960372,0.0771460101378369,36.10031753286819,0.9172183415704789,0.11854470277682777,0.3070205003758671,0.30716201658551806,0.8906887016964062,True,False,False,False,2.585542917251587,2.072208881378174,False,False
2023-11-21,2.2230710983276367,119413832,-0.08436295569154421,-0.06120063934946979,0.12088093112755625,0.2593978354582938,0.3992514756110914,0.2748944960079812,0.11709817388313162,54.9880915385727,-0.009640248126272455,0.08629680236419295,33.80209185947546,0.9695303509322385,0.01991263664137837,0.1928061039158606,0.20048215854526094,-0.22664993937158584,False,False,False,True,2.585542917251587,2.0801401138305664,False,False
2023-11-22,2.608196973800659,123076692,0.15976955045248015,0.06332860870597971,0.2900577762337364,0.37568072121616614,0.5555955910888515,0.46760369322471795,0.28742837743986865,66.74188824276936,0.006613544990950654,0.0801735589524241,32.373833730139125,1.098400806654052,0.17367599636380068,0.38405104647231286,0.40556932928145467,0.030673666012158485,False,False,False,False,2.585542917251587,2.0801401138305664,True,False
2023-11-23,2.479069948196411,80192174,-0.050775699026033065,0.09058111902645102,0.05853547251968653,0.29408908682544355,0.5270834165982264,0.4644914067924176,0.25179608041761786,60.991233471026206,0.006878982855163918,0.08257208555576497,30.946890862466375,1.117993053764213,0.10171869410204094,0.3031893090673624,0.3336560880084785,-0.3484373629411489,True,False,False,False,2.585542917251587,2.0801401138305664,False,False
2023-11-24,2.5002501010894775,108742640,0.008507298355807867,0.1275857880568325,0.08333510024527502,0.29022560695160265,0.5294570030520485,0.4466884700345977,0.26762766782412334,61.57604708665212,0.006685889094568187,0.0812402385709578,30.679140744333495,1.1179625871837637,0.09959770579077976,0.30107266133093924,0.3426386888166297,0.3560255892301909,False,False,False,False,2.585542917251587,2.0801401138305664,False,False
2023-11-25,2.5007340908050537,70739922,0.00019355778723387384,0.10793716027493382,0.11253997868195972,0.3011608627559182,0.536709894560233,0.45411650701388667,0.25855046082937433,61.59021770589017,0.004879499611138927,0.07819040686353014,29.852029095599836,1.1160983017470267,0.08848522948584159,0.288713367477656,0.34055728853923367,-0.34947393221279155,False,False,False,False,2.585542917251587,2.0801401138305664,False,False
2023-11-26,2.5011370182037354,87407501,0.00016111066869645984,0.05538700633219586,0.09757192579503918,0.3186548315217149,0.5323494015824456,0.46049848446734853,0.2501568293085503,61.602913515746074,0.0021403269706858352,0.07608181393337073,28.413214932359864,1.1123602866384654,0.07748980624331021,0.2766273574996839,0.3385137788237716,0.23561771809700338,False,False,False,False,2.585542917251587,2.0801401138305664,False,False
2023-11-27,2.3639400005340576,76184352,-0.05641571702515115,-0.02292285447850996,0.05250035588737474,0.2794781650486127,0.3911445576992078,0.34684162210623115,0.22336040356961157,54.94348008422585,-0.009826089399308624,0.08146087114181917,24.595479937596107,1.1329141807398102,0.009815510465806096,0.1971788395027512,0.26268598544260807,-0.12840029598832714,False,False,True,False,2.6467230319976807,2.0801401138305664,False,False
2023-11-28,2.3376219272613525,76329358,-0.011195576521436807,0.05024452469159729,-0.01095611465787244,0.2471449166884047,0.35511435981303785,0.3549051151168947,0.23575172183102877,53.743278245980065,-0.01985023321454335,0.07955377248639638,19.146275620036512,1.1342805075543643,-0.009594727628491694,0.1741912954524905,0.24716943692615875,0.0019033567418149655,False,True,False,False,2.6467230319976807,2.0801401138305664,False,False
2023-11-29,2.2583630084991455,89481551,-0.03449392390943117,-0.14401894967031395,-0.08069034096433433,0.20510892815549914,0.2811624830573499,0.367540000300731,0.15059182060498744,50.187670093162,-0.0314648344205066,0.08037336784645406,19.53509835697843,1.1440400523642804,-0.04155579943897546,0.12624904378478807,0.20367309085131308,0.1723084451987662,False,False,False,False,2.6467230319976807,2.0801401138305664,False,False
2023-11-30,2.3556110858917236,74020731,0.04215995995705047,-0.051083290687230574,0.03949782833922057,0.2527569082443981,0.3323207868634907,0.4314481615471816,0.24166266222136507,54.19215926689408,-0.032131468054866,0.07479237068459241,19.390939534267947,1.149637865899766,-0.0014551348480646821,0.16506713910039886,0.2540792704099217,-0.17278220848004744,False,False,False,False,2.6467230319976807,2.0801401138305664,False,False
2023-12-01,2.3867340087890625,81370718,0.013125729616255495,-0.0464648594267831,0.08112092863004942,0.23974993739365105,0.4215462695692215,0.4468770087830775,0.24581534105745265,55.4271527928413,-0.030047900440292263,0.07084336092692034,18.732399234255546,1.148010396697575,0.008485190002425978,0.17023622889080284,0.2697585848698585,0.09929633091572687,False,False,False,False,2.6467230319976807,2.0801401138305664,False,False
2023-12-02,2.4293019771575928,78308193,0.01767805600966805,-0.028980361204348885,0.0789567990705849,0.32420279117387624,0.4355663677609442,0.46515847382593783,0.28025813812310096,57.129584814583254,-0.025550902713000326,0.06790634557799499,18.402083091869738,1.116135882890717,0.022999065868110364,0.18103604239063134,0.2916413568964663,-0.03763669628674038,False,False,False,True,2.6467230319976807,2.2312240600585938,False,False
2023-12-03,2.4331939220428467,72761829,0.001600801644689265,-0.02754067022835611,0.027846336103839877,0.23671812354613606,0.42744247318405926,0.4516752285182483,0.2745327475062253,57.29020323454889,-0.022186931587529574,0.06583790283807099,17.714998059546318,1.0800427372704393,0.020551810705204263,0.17338513831172744,0.2934497853445276,-0.07082737817740226,False,False,False,False,2.6467230319976807,2.2312240600585938,False,False
2023-12-04,2.381614923477173,106082428,-0.021425968677994227,0.0074490781188009505,-0.015473776359709186,0.16062567352440932,0.44149068632190036,0.4182757405831069,0.2639810126317938,54.38226066778313,-0.023198922026559807,0.06727670447387463,17.69060615709689,1.0711405638445668,-0.0014638897116684652,0.1399685455628471,0.26520521643367373,0.45794064632432474,False,False,False,False,2.6467230319976807,2.2312240600585938,False,False
2023-12-05,2.405025005340576,82574453,0.009781503878866992,0.028426158519104804,0.07867068321070209,0.17072026549310265,0.4325738635512419,0.4211334344888479,0.26724267817768843,55.486620840724406,-0.02206212722593079,0.06697259646935183,17.559999743991593,1.0710470650500863,0.009263534761583656,0.14237436258059183,0.27686593484478483,-0.22160102708056417,False,False,False,False,2.6467230319976807,2.2312240600585938,False,False
2023-12-06,2.263664960861206,92097628,-0.0605751368300113,0.0023449455985245404,-0.14167400407178937,0.11153151222849943,0.36794215767964633,0.3456586505003413,0.19765248695378917,47.93953607416379,-0.030103068607364197,0.0722705704864826,17.56711393893806,1.0955864553486945,-0.05004358799089888,0.06793208070029234,0.20144029999417634,0.11532834495434074,False,False,False,False,2.6467230319976807,2.2312240600585938,False,False
2023-12-07,2.512666940689087,141280684,0.10435955132857251,0.06454453697004661,0.01346124628281616,0.24333602883681932,0.45566039776113737,0.48822551893919724,0.2870949280449651,58.61710982598563,-0.018494314374174065,0.0696509387400011,16.58652262324424,1.1438013494339365,0.0475950901238729,0.17408192827979663,0.3320235014835852,0.5340317342374985,False,False,False,False,2.6467230319976807,2.2312240600585938,False,False
2023-12-08,2.446700096130371,88616248,-0.02660449809972664,0.02481430925406457,-0.0216505501727184,0.22613882539079286,0.47245210288598166,0.4702760444837119,0.2748526810468996,55.37670513794635,-0.015236483951336977,0.06978895328393345,15.513038188604478,1.1486789867324139,0.015817846238347047,0.13293012303191093,0.2956034834594305,-0.37276458825751435,False,False,False,False,2.6467230319976807,2.2312240600585938,False,False
2023-12-09,2.344789981842041,91638566,-0.04254437922808105,-0.03540812598368438,-0.06438848718803329,0.002847841474694944,0.4205608431474171,0.45931285992969906,0.2337948412306768,50.712613205806754,-0.01964272011778792,0.07414765227741973,15.620398696360782,0.9759677817081405,-0.026056698597529335,0.07762582632685285,0.24063953881949615,0.034105686803620916,False,False,False,False,2.6467230319976807,2.2312240600585938,False,False
2023-12-10,2.386154890060425,65894010,0.017487399866350846,-0.019521527762022876,-0.0470621979903789,0.03662757071082649,0.4492487697407068,0.5002584934046701,0.2583900211036168,52.46275586463572,-0.019433415611692095,0.07044434622226471,15.643234276045714,0.9759414745387388,-0.00820369621163581,0.0891518001275167,0.26142212206395965,-0.2809358234610524,False,False,True,True,2.564404010772705,2.2410221099853516,False,False
2023-12-11,2.259545087814331,111266052,-0.05451973332658664,-0.052615292410615286,-0.0451662142918144,0.011119158033690736,0.40736382676268157,0.4342684772323498,0.21720708695377,46.965606449601424,-0.02701761263513136,0.07591864996785042,15.089069639897929,0.9898437908335143,-0.06153994992618846,0.026260818397007467,0.19370924963451536,0.6885609481043877,False,False,False,False,2.564404010772705,2.2410221099853516,False,False
2023-12-12,2.2291250228881836,91566473,-0.013554362386871655,-0.075951158676354,-0.047525000157249205,-0.017564367908798183,0.3571368107420435,0.40531596891083166,0.18912170796999042,45.72587962207248,-0.032888866368518066,0.0760408231909303,14.477592718535066,0.9895173771183566,-0.06682840887159706,0.008434308498627556,0.17689611697285215,-0.1770493213869042,False,True,False,False,2.564404010772705,2.2410221099853516,False,True
2023-12-13,2.3086249828338623,81036283,0.03504295971995537,0.019666937873612723,0.022011883472137374,0.028822738928644155,0.3686780423133306,0.43151773492819384,0.2904336386896239,49.479136476873535,-0.03028890003714793,0.07334821933732405,14.373774406339232,0.9963743264321792,-0.030087289614748786,0.04005933046233567,0.21779529873533637,-0.11500049805347423,False,False,False,False,2.564404010772705,2.2410221099853516,False,False
2023-12-14,2.3518459796905518,99014701,0.018548441288425983,-0.06614417216653366,-0.001599635196486927,-0.004889713806740145,0.3823253995787043,0.42941724276048776,0.3288343001351612,51.44503758729675,-0.024761835755391745,0.06972716458194507,13.675386272320456,0.9813536858117013,-0.008839173683329421,0.05495474595621495,0.23976471072566471,0.2218563998055043,False,False,False,False,2.564404010772705,2.2410221099853516,False,False
2023-12-15,2.130073070526123,72684356,-0.09904425852246805,-0.13858393258927504,-0.11376962333521035,-0.13917427472623897,0.2859082912131014,0.3269961393867473,0.26687530447762614,42.34071757662428,-0.03454471580402862,0.07927541860567239,15.540001013554106,1.0309102777651364,-0.09523632976468366,-0.04691569389838105,0.12301064546723642,-0.2659235924976433,False,False,False,False,2.564404010772705,2.2410221099853516,False,True
2023-12-16,2.1609790325164795,55912282,0.014405090257118879,-0.08163446310407504,-0.11704258908775941,-0.046740975122615505,0.3359181084934942,0.35759576350792566,0.27941719226591183,43.832506992535194,-0.03720662797027553,0.07526161234572988,16.11486494266784,0.9979817332547437,-0.0754294965088035,-0.036040167905117916,0.13929527231044136,-0.23075218551843535,False,True,False,False,2.564404010772705,2.2410221099853516,False,False
2023-12-17,2.0832629203796387,58939702,-0.03662599851010658,-0.13574786148053242,-0.1552693892425553,-0.054869602958148495,0.33473922542085055,0.29788543153561187,0.23276260079436842,40.962529202955025,-0.04211291916811312,0.07594103583038035,18.750465439590343,1.0011411982972744,-0.10329604795240488,-0.0731525543380435,0.09834480391684103,0.0541458851563239,False,False,False,False,2.564404010772705,2.2410221099853516,False,False
2023-12-18,2.128566026687622,69957234,0.021513149803864044,-0.05971497835008164,-0.11233027076069697,-0.05319863872341694,0.36934502049381085,0.3008809061449185,0.24155482735700373,43.29339603867319,-0.040221964783076214,0.07404783092302553,20.1958158729334,1.001613302124427,-0.0796552858502654,-0.05554195735500312,0.12209230193302072,0.18692887181547002,False,False,False,False,2.564404010772705,2.2410221099853516,False,False
2023-12-19,2.049889087677002,58246549,-0.03766283798064686,-0.08382345394385696,-0.15977461262021084,-0.14357274131549835,0.29147080266227093,0.26940795316766275,0.23396171741779634,40.3164168234142,-0.04199019836317519,0.07611185535850193,22.541813190222175,0.9892681216977871,-0.10966071154672107,-0.09214583202235836,0.08133216016372673,-0.16739777047217164,False,False,False,False,2.564404010772705,2.2410221099853516,False,False
2023-12-20,2.099273920059204,63307201,0.023805844476019807,-0.09506056918779245,-0.0753936313141797,-0.14166104062503312,0.24779689895713353,0.34758851042624167,0.2531918867222321,42.967406764151036,-0.03769093911297876,0.07295659258621137,23.82113847097481,0.9899392781182529,-0.08310695967252328,-0.07249061393463567,0.10799588058758632,0.08688329329176225,False,False,False,False,2.564404010772705,2.2410221099853516,False,False
2023-12-21,2.153657913208008,100533837,0.025576218864657833,-0.08803279161156077,-0.15417696377809434,-0.03172186606883125,0.22767596938946252,0.3675296095422603,0.24317262993915012,45.821338959277085,-0.029409127142202104,0.07165683307671161,24.14520194860549,0.952172596038655,-0.05454146124993594,-0.0507751256105763,0.13707130375822504,0.5880316206050558,False,False,False,True,2.564404010772705,1.989063024520874,False,False
2023-12-22,2.4443039894104004,183046622,0.12659266403855923,0.13760413094946647,-0.0009798016398085134,-0.0648987524827521,0.3107819687334141,0.4906968386060994,0.4027049407419659,57.935954260930465,-0.003920551010799918,0.0675992902780155,24.288592265156325,0.8864035116265891,0.07269929794653845,0.0708359744436028,0.2897291725913078,0.8207464020297961,False,False,False,False,2.564404010772705,1.989063024520874,False,False
2023-12-23,2.3624188899993896,92088261,-0.0340743679727044,0.08912467271964322,0.00749020961556821,-0.04819742142942339,0.24589166539602014,0.47888599516880315,0.41629398536299417,54.25511265510413,0.007251604669286579,0.06986047189938503,23.776384626956663,0.8767369097761961,0.03837607282624551,0.030968894924454576,0.2466734122833117,-0.4969136278297449,True,False,False,False,2.564404010772705,1.989063024520874,False,False
2023-12-24,2.42854905128479,106448794,0.027607933260596795,0.15335860449034652,0.01761074300981408,-0.02909678652463459,0.26112882042696806,0.5003602165274139,0.4175916835099632,56.65043043873098,0.01829430277689731,0.06596328478096009,24.141243865253895,0.8820256632689196,0.06634298060607048,0.056138000302028826,0.2810517693180204,0.155943144588212,False,False,False,False,2.564404010772705,1.989063024520874,False,False
2023-12-25,2.5545239448547363,175565092,0.050571902560652665,0.1824173572471349,0.12270237889705332,0.021281558248784298,0.32244242100470244,0.5579914528090172,0.47539806526267075,60.85538846958228,0.032454437493704046,0.06591745488757458,25.88384821149967,0.9001796609666928,0.11798744917193654,0.10585411068941109,0.34611279023972075,0.649291508178101,False,False,False,False,2.564404010772705,1.989063024520874,False,False
2023-12-26,2.427509069442749,117378835,-0.051000226041173456,0.16907996918660834,0.0852565152427514,-0.02987977846108576,0.28877505306062917,0.5024696231213598,0.4306187060062629,55.056548450903556,0.03160703716789978,0.0727125232457229,26.332345217724583,0.9180825428019753,0.0586039540146317,0.04721773000513681,0.27827515887926946,-0.33142270104583205,False,False,False,False,2.564404010772705,1.989063024520874,False,False
2023-12-27,2.8227860927581787,172448935,0.15085871607709847,0.296132840787687,0.2010722715998944,0.1773946546411638,0.45687281968977644,0.5685392123403716,0.5242362767473948,65.93528605830585,0.054657036723520645,0.07096861271314805,32.02561143786706,1.037511666998904,0.22271103361910238,0.20884375574209504,0.4824866480601719,0.4691655016000116,False,False,False,False,2.564404010772705,1.989063024520874,True,False
2023-12-28,2.706439971923828,183739270,-0.042090265595616065,0.228466356327413,0.14043356471585233,0.14649996556698452,0.3936448822553893,0.5016143253800225,0.5014050806838792,61.23678346161046,0.05870197623286286,0.07637040365421113,34.868096026322284,1.0494516079521805,0.16575697037463588,0.1515731285982564,0.41810789700222156,0.06547059858618431,True,False,False,False,2.564404010772705,1.989063024520874,False,False
2023-12-29,2.920506000518799,138227214,0.0761227813339268,0.17799647362278073,0.3156006045722472,0.2571166708103426,0.46222559896584164,0.5382791538676924,0.6246566711110736,66.03281142298427,0.07157520767689804,0.07368231151817506,40.997653845570206,1.0679771207931341,0.24255608810909077,0.23652861815509024,0.5257577132433165,-0.24769912278414952,False,False,False,False,2.564404010772705,1.989063024520874,False,False
2023-12-30,2.734653949737549,125190745,-0.06575198785189752,0.14631885374358758,0.23544352646323077,0.14920472300139467,0.4019616312457928,0.4815255098648854,0.5806528845485762,59.18604505628659,0.06362203348815104,0.07944920889408237,43.08539521460474,1.0913356150960172,0.15492149382991396,0.15359707958582258,0.42508506527548234,-0.09431188419959036,False,False,False,True,2.564404010772705,2.344494104385376,False,False
2023-12-31,2.643281936645508,65665334,-0.03398359836696902,0.08472732211602178,0.23808592660636815,0.10209539501817012,0.34184533241182136,0.5236416645873917,0.5489724038012477,56.105943007613405,0.0489166780552687,0.08180385691151976,43.661896499985005,1.0992485589622023,0.10735942189445927,0.11122049077431641,0.3740340426934148,-0.4754777280061717,False,False,True,False,2.9956459999084473,2.344494104385376,False,False
2024-01-01,2.916779041290283,80256012,0.0984586365039722,0.13261405605934143,0.3150314133064763,0.18287597551247436,0.5070787666863507,0.6184423432734186,0.6480344493384124,62.411519248221225,0.053923668950351555,0.07584240767406217,46.57539856098325,1.1475051807700765,0.20458559768277348,0.21955101695217313,0.5113686112244332,0.22219757535993034,False,False,False,False,2.9956459999084473,2.344494104385376,False,False
2024-01-02,2.8662219047546387,125016943,-0.01748518635136766,0.16612909574914717,0.33520906493575564,0.16378998751641746,0.4005081110625535,0.5912324607004767,0.6154652160346659,60.676306953293214,0.0502202143242981,0.07953342211296009,48.43909154488263,1.150373748842524,0.17023226448221082,0.19219938514324353,0.48089709405511555,0.5577268279914034,True,False,False,False,2.9956459999084473,2.344494104385376,False,False
2024-01-03,3.0594379901885986,371364793,0.0652364827088269,0.08050686238087564,0.37663970316856255,0.2504524389032386,0.41107811242764797,0.6919431252251389,0.6687281794863454,64.71402073672596,0.056693937906589886,0.08855407105459358,52.13160132748934,1.1645106106377134,0.23133277671592967,0.2652408234810207,0.575559739055749,1.970515708418818,False,False,False,False,2.9956459999084473,2.344494104385376,True,False
2024-01-04,3.126192092895508,213868663,0.021584444414795647,0.14418157239128732,0.37264792871870034,0.2622553794391672,0.4329756449322697,0.6948292429904089,0.683388813928015,66.01245623340508,0.061007431085777275,0.09169126093728323,53.90866126549834,1.1654208151509675,0.2334738241600009,0.2856371298937133,0.6040938856129742,-0.4241008651565955,False,False,False,False,2.9956459999084473,2.344494104385376,False,False
2024-01-05,3.54960298538208,245793264,0.127020081955824,0.19507887301318433,0.37307534663596503,0.44985059822500234,0.561382110453502,0.8177927559046487,0.7955092487253437,72.83939982791863,0.08636276809122123,0.08574317823314813,60.75183000074266,1.2079090382929882,0.3631908856920225,0.4444940509519136,0.8130828269264658,0.14927199035232208,False,False,False,False,2.9956459999084473,2.344494104385376,False,False
2024-01-06,3.0903749465942383,239872996,-0.13854333664147422,0.12228752422360771,0.2686063779671952,0.20694771025495567,0.45028373909177505,0.662608108016093,0.6951732291941529,58.9976162859409,0.06705276368884805,0.10472125008308127,58.78292188941574,1.2769042633465177,0.1643126166007777,0.24857315146684003,0.5735715081194781,-0.024086372033368608,False,False,False,False,2.9956459999084473,2.344494104385376,False,False
2024-01-07,2.9313509464263916,162555440,-0.052829034855453684,0.1034420877351231,0.1881694098511448,0.18072317349922856,0.40686199889002145,0.6531752763852102,0.6509992179829406,55.09331301581399,0.03976514454408431,0.11068256252686805,55.658164176104464,1.28878554163481,0.08794698008116658,0.17779101832151373,0.4889019032048912,-0.32232705343789514,False,False,False,False,2.9956459999084473,2.344494104385376,False,False
2024-01-08,3.1284399032592773,185751460,0.06507105619657622,0.07005450742772684,0.2026685634870683,0.28833860892388585,0.2911864503985809,0.7088994520713028,0.7476514688535849,58.73787214410557,0.03154343728000092,0.10599700785928043,51.724714417421424,1.2924017219888382,0.13831189104101405,0.249328942712908,0.5840342919755737,0.14269605495823456,False,False,False,False,2.9956459999084473,2.344494104385376,True,False
2024-01-09,3.637399911880493,297750450,0.15073466965549848,0.238274363434593,0.4044034591837402,0.4215858787130334,0.4582134494238599,0.8708346484537401,0.9218443721177034,66.33598796834195,0.055533857758491345,0.0975107506265429,52.75666106718639,1.3830173808531432,0.2874742308184899,0.43857792702559556,0.8338081236619007,0.6029507924190745,False,False,False,False,2.9956459999084473,2.344494104385376,False,False
2024-01-10,3.7823169231414795,392014646,0.03906764800408861,0.21210552872985472,0.29261239111073034,0.5151732600437087,0.5262924180773992,0.9225370868063902,0.9494417372760585,68.13521385190583,0.07509765185375125,0.09399088997579305,54.26097679668559,1.362994976003732,0.3012612792181041,0.4776672242658562,0.897531087878201,0.3165879211937379,True,False,False,False,2.9956459999084473,2.344494104385376,False,False
2024-01-11,3.641724109649658,259661588,-0.037879538482930186,0.15264154583212902,0.2968231182234162,0.4908480839476501,0.47328371603885194,0.8479848946896936,0.8961640528584817,64.53173800494426,0.07246962312391278,0.09961441572810392,55.301911418450736,1.3725047304945917,0.22760587440008193,0.41134339965909916,0.8192241392967807,-0.33762273769740736,False,False,False,True,2.9956459999084473,2.7788429260253906,False,False
2024-01-12,3.480384111404419,190948385,-0.04531456147032056,-0.019693097594015472,0.17538577541916894,0.410490562757374,0.4393133016860181,0.7791686050707047,0.842008297685568,60.57269261405023,0.05458074559103138,0.10585124285177312,52.94467427652779,1.387279682629403,0.15152090043010297,0.3384286398397069,0.731898991457384,-0.264625983108445,False,False,False,False,2.9956459999084473,2.7788429260253906,False,False
2024-01-13,3.349457025527954,111085787,-0.03834441376733272,0.08050582528012581,0.20279334950373362,0.3535977077016152,0.348707993894875,0.7359231072803196,0.7830149504621029,57.49032778197353,0.029880908657930527,0.10504134686150808,49.74756590766471,1.3989131593933892,0.09157266034857679,0.2797203960379011,0.660987289460321,-0.4182418091674355,False,True,False,False,2.9956459999084473,2.7788429260253906,False,False
2024-01-14,3.2356319427490234,108455606,-0.03457399637544009,0.09876086376013965,0.20220295149526274,0.4180679698486432,0.2788936951224044,0.7039762610617446,0.7450641092353906,54.87586940663504,0.0032302058387311816,0.1040224955747725,46.959603772638516,1.3519110346595065,0.04290293214570239,0.22932803444416852,0.5990735424109277,-0.02367702539659733,False,True,True,False,4.014794826507568,2.7788429260253906,False,False
2024-01-15,3.2512729167938232,107218622,0.004822331973170155,0.03851213953673361,0.10856664696446047,0.4084852115646944,0.361744236442079,0.7444033200581885,0.7660809750726202,55.17751251370908,-0.014991329045675572,0.10057552061202257,42.06435118569116,1.3522823116349512,0.034214379836366327,0.22826938316044235,0.6013633022501362,-0.011405440858446747,False,False,False,False,4.014794826507568,2.7788429260253906,False,False
2024-01-16,3.4306740760803223,112249948,0.05371017914213044,-0.05851235097663436,0.17976201245795864,0.49882138921693153,0.443951786258783,0.833560614637782,0.7967068207525434,58.59628355736062,-0.016489461080572282,0.09481039457260086,41.28703390073418,1.3467387933461898,0.08083121674193268,0.28568136155924695,0.6840077824952397,0.046925859576893325,False,False,False,False,4.014794826507568,2.7788429260253906,False,False
2024-01-17,3.1953489780426025,115708212,-0.07106045733903228,-0.16864045631975516,0.04346507241009957,0.40624778207403506,0.3530491433506182,0.775592802567846,0.7071286882189537,52.896851607451026,-0.03385643168772989,0.10225856499817935,38.712354596465225,1.380792108426481,-0.001001580096230401,0.18984148730561884,0.5644291375852972,0.030808602245410377,False,False,False,False,4.014794826507568,2.7788429260253906,False,False
2024-01-18,3.021651029586792,115420098,-0.05589292762890526,-0.18665384546573027,-0.034012299633601334,0.3880176924257768,0.2444449511102784,0.6794884950880477,0.6574256455934396,49.1005640139075,-0.05624921121437812,0.10672236691239714,38.179196247451316,1.3907292136682108,-0.05679805463956421,0.1188023711854618,0.47615861192595627,-0.002490004771657839,False,True,False,False,4.014794826507568,2.7788429260253906,False,False
2024-01-19,2.9517269134521484,93138157,-0.023412987074417742,-0.16475227106982737,-0.18444536866384298,0.3407988608753392,0.19913782025030602,0.5885957598324726,0.6883873713015808,47.61897977905201,-0.07386739702601616,0.10799604231685007,36.398513880193164,1.3958267333464118,-0.08173574598666497,0.08810880650727679,0.4394380768801789,-0.19305078912686424,False,True,True,False,3.542419910430908,2.7788429260253906,False,False
2024-01-20,2.886193037033081,59980157,-0.02245204795216385,-0.14885990525465842,-0.0683540799745325,0.2927705940585176,0.26104872798968637,0.52044656344798,0.6603002036007779,46.21159018279612,-0.08712085200151251,0.10517954789951021,33.83401244272036,1.3997178356412454,-0.10550271139967757,0.06004727554570405,0.4049566932502315,-0.3560087623378676,False,False,False,False,3.542419910430908,2.7788429260253906,False,False
2024-01-21,2.854469060897827,60967344,-0.011052487861797914,-0.12533839674101635,-0.026577532980876735,0.15512544215816038,0.09022668967540842,0.46590741089157445,0.6458222807642597,45.51037532927427,-0.09458757534322187,0.10102624911224006,34.344151098573164,1.336005114798129,-0.11447967082208978,0.045131546992613646,0.3868537931837274,0.016458559786697524,False,False,False,False,3.542419910430908,2.7788429260253906,False,False
2024-01-22,2.706732988357544,124467992,-0.05314348935882516,-0.18330421807301173,-0.144792078536278,0.13605632077203964,0.08785889934261623,0.3819479861680598,0.6149423159408427,42.29196319052916,-0.1052239061786002,0.10679339786939701,35.94788813847538,1.34468292657302,-0.15822829570039576,-0.010941492426278683,0.3125656411348769,1.0415518182980055,False,False,False,False,3.542419910430908,2.7788429260253906,False,True
2024-01-23,2.6878550052642822,100701958,-0.006998888580977939,-0.24401328579612003,-0.30252563677275446,0.10144949893046493,0.07235271240583036,0.3625783193574331,0.601809715457879,41.88436067289202,-0.10882606274810909,0.10722716426538997,38.73991808696097,1.342625731892838,-0.15924132097560598,-0.02003284437992072,0.30102773666972343,-0.19094092881324864,False,True,False,False,3.542419910430908,2.7788429260253906,False,False
2024-01-24,2.8759360313415527,79525215,0.06763471766764528,-0.10531811078944261,-0.2739585671091978,0.11851231403745767,0.13979387228624182,0.4409547350421601,0.6765037668464748,47.33076749616398,-0.09437482708118351,0.09909011763097875,39.84308759290454,1.3514639641290753,-0.09687491565408203,0.0449516127513198,0.3889687274719563,-0.21029127358179078,False,False,False,False,3.542419910430908,2.7788429260253906,False,False
2024-01-25,2.982789993286133,81864607,0.03648090449665704,-0.012944278663880301,-0.1995981241296106,0.20599344457528806,0.17611366611420232,0.4947684976359172,0.7084630676966477,50.18697839666534,-0.07433425471671723,0.09427432131838206,39.09936257019343,1.341103390149718,-0.0549086660527279,0.07814212956447067,0.43690232314892924,0.029416984286053216,False,False,False,False,3.542419910430908,2.7788429260253906,False,False
2024-01-26,3.078589916229248,87032827,0.031612570871725316,0.04208127928226293,-0.12267099178756462,0.0867472993699149,0.26414195401107887,0.5436201190596914,0.6552865117102866,52.665378424737725,-0.052376974454548496,0.08790677028905824,39.123925686227224,1.2407015975390525,-0.024372489949029248,0.10823551096532932,0.4790596272452893,0.06313131143474493,True,False,False,True,3.542419910430908,2.5621469020843506,False,False
2024-01-27,3.066567897796631,47319661,-0.003912685120101797,0.060620642114324705,-0.0882392631403336,0.12492487984542928,0.27142484541241385,0.5185697621008186,0.6265392052254518,52.313623461322905,-0.0371309424162612,0.08436624970399575,38.59462581608277,1.2303841570115066,-0.03026008254588396,0.09900315398536547,0.46921873712191164,-0.45630100008126817,False,False,False,False,3.542419910430908,2.5621469020843506,False,False
2024-01-28,3.153749942779541,63424238,0.028033215201513147,0.09970634517763591,-0.025632051563380387,0.07683531371301557,0.33395198452335817,0.5390609126788573,0.6151144675807081,54.677698856188506,-0.020475012441555994,0.07961781880868779,38.567754708884806,1.2061814892728115,-0.003089481556052547,0.12373186659225464,0.5064044538026002,0.34033584898251923,False,False,False,False,3.542419910430908,2.5621469020843506,False,False
2024-01-29,3.1546010971069336,80300415,0.00026985002171750174,0.15311968455817854,-0.03018453351483311,0.14285715158663068,0.29206187458802524,0.5448187828324236,0.6243826614515161,54.70131008469154,-0.009271286188369358,0.0780453702814806,36.314773465362215,1.1808366656785882,0.004847272260504664,0.11791323565631748,0.5036673646076377,0.26608403241675527,False,False,False,False,3.542419910430908,2.5621469020843506,False,False
2024-01-30,3.02604603767395,96117687,-0.04160522356445527,0.11851334957470126,-0.12549993622141875,0.1352355263891446,0.23733092140731477,0.4770808588009659,0.6588771909765362,50.42818582564342,-0.010309484553629296,0.07988284203779868,31.53177173813459,1.1842784679491365,-0.024350269479162873,0.06656228872010735,0.44010105817071704,0.19697621737073212,False,False,False,False,3.542419910430908,2.5621469020843506,False,False
2024-01-31,2.8288590908050537,69778160,-0.0673833470430966,-0.016504715136040543,-0.12182282592548326,-0.03060645715792436,0.15226951835455013,0.4764723095284263,0.5878358861154942,44.66469225776477,-0.023322689349255795,0.08504905382281408,28.40771765917317,1.1597116823696598,-0.07581617425971589,-0.007135845405971078,0.3446015602344869,-0.27403413276060207,False,True,True,False,3.214988946914673,2.5621469020843506,False,False
2024-02-01,2.832573890686035,56532660,0.0013123180743304951,-0.05167330155836716,-0.06461758022224753,-0.01180895273222638,0.15198103478419114,0.38869915833032714,0.5794235079682504,44.79270431758327,-0.030285185221135123,0.08125311064840218,26.421035632314517,1.1582052322488934,-0.06470533309076883,-0.00947506748071552,0.3442718627451608,-0.18982300479118397,False,True,False,False,3.214988946914673,2.5621469020843506,False,False
2024-02-02,2.814842939376831,51150523,-0.006279334465198447,-0.08956520689529103,-0.04748392761302817,-0.08332476990625161,0.16712766899698683,0.32775334252139626,0.6086183553188872,44.26631960349922,-0.03438982009932811,0.0782690161216108,25.4357425894906,1.1338063778307448,-0.06228341283807853,-0.01885248612317775,0.3334775912404786,-0.09520402896308078,False,False,False,False,3.214988946914673,2.5621469020843506,False,False
2024-02-03,2.760637044906616,52150274,-0.019444999385089565,-0.10509752116027879,-0.04447687904595397,-0.12435421370613677,0.13790116573303035,0.308621431226133,0.5704750292842722,42.617463540681726,-0.038737395633810665,0.0770864761901385,25.501124227680076,1.131740782818133,-0.07300697407288646,-0.04195797988570894,0.3055370447876065,0.019545274248710998,False,False,False,False,3.214988946914673,2.5621469020843506,False,False
2024-02-04,2.671799898147583,37327295,-0.03270910201541187,-0.16583983837720373,-0.06613349319956785,-0.2840833976773726,0.16576720054762986,0.27729871277612933,0.5337093582272763,39.988541745535734,-0.0451311298273,0.07706653949241546,25.793702655788064,1.0314384646364683,-0.09402326636074883,-0.07606350840979893,0.2617656389248218,-0.28423587956604024,False,True,False,False,3.214988946914673,2.5621469020843506,False,False
2024-02-05,2.6839139461517334,61441348,0.004523792351688702,-0.16158589604723264,-0.008466211489054038,-0.14101626868420974,0.065931441570746,0.3092674704075654,0.5215918393318834,40.52729158983348,-0.04592685413265367,0.07633880249696817,22.44277266057408,0.9208992938921735,-0.07824529637717267,-0.0757140386040322,0.2655981957778799,0.646016621349069,False,False,False,False,3.214988946914673,2.5621469020843506,False,False
2024-02-06,2.7880640029907227,78510670,0.038071292427174754,-0.0819093800556028,0.03660396951909846,-0.050115941401581286,0.1306072320976473,0.3567460574884401,0.603059334983629,45.09132529978953,-0.037193941447081644,0.07218424391159751,20.98884692614092,0.9156748346960539,-0.03573241345816313,-0.044188491362436744,0.3123382696291094,0.2778149008058872,False,False,False,False,3.214988946914673,2.5621469020843506,False,False
2024-02-07,2.893388032913208,121927532,0.03708069597902958,0.02255466296652351,0.0060499478304829385,-0.0781063016191278,0.210232307304758,0.213080148779453,0.6307931504521749,49.32644005093091,-0.022786764673711157,0.07305930759484013,20.62507658576706,0.8949678128305959,0.002918991803095753,-0.013784715916542815,0.3590373231353622,0.553005878054537,False,False,False,False,3.214988946914673,2.5621469020843506,False,False
2024-02-08,2.868839979171753,68576603,-0.00852038558672755,0.012721959305465512,-0.03895134225290175,-0.23736135686135382,0.1842245218516794,0.22085209256250604,0.6334732915923862,48.38963156303326,-0.013814514440648074,0.07057569009515449,20.548525893153503,0.7034436874347822,-0.004159406734989294,-0.027255122162371227,0.3449138298313462,-0.4375626089110046,True,False,False,True,3.214988946914673,2.6305830478668213,False,False
2024-02-09,2.9801158905029297,70165183,0.038054429568185826,0.05705572333884974,-0.03250948355644126,-0.23837457529725678,0.2767986847464519,0.28791784278014254,0.6841625115091335,52.76858916382959,-1.9656839996606834e-05,0.06647926507513166,20.733789873384527,0.7026003754160745,0.032783450107900576,0.004843753036002654,0.39380414253832574,0.02316504362282279,False,False,False,False,3.214988946914673,2.6305830478668213,False,False
2024-02-10,2.9602789878845215,53246017,-0.0066786726334966086,0.0698220500904426,-0.03527547106983608,-0.2071737094478231,0.2836743744998269,0.26611000659102885,0.6408111852418705,51.92282461772485,0.007707499717973937,0.06503161009448322,20.789653195313573,0.6942488665103853,0.02403128469426582,-0.005306003999143624,0.38128451264622687,-0.24113335527108937,False,False,True,False,3.1026360988616943,2.6305830478668213,False,False
2024-02-11,2.8822269439697266,57772949,-0.02672027677582525,0.07581087533002925,-0.09002896304717452,-0.18857942475332778,0.22191113800404624,0.25073387693269034,0.5905891803173771,48.62072247416623,0.007493747230730395,0.06619785113263323,19.89877346684057,0.6842589835380385,-0.0059859916134260074,-0.03490387564569456,0.34187521925797587,0.08501916678575228,False,False,False,False,3.1026360988616943,2.6305830478668213,False,False
2024-02-12,3.122620105743408,87930304,0.08010918710509964,0.15139627008344025,-0.010189625963792474,-0.07012582388089537,0.2834718838207199,0.2785821700139797,0.6657972833994241,57.57067664564593,0.022619341368716326,0.06369747275358727,19.642787647191167,0.7371114670570023,0.06890648018888632,0.04075277672343193,0.44971326864237327,0.5219978471239195,False,False,False,False,3.1026360988616943,2.6305830478668213,True,False
2024-02-13,3.106492042541504,94303658,-0.005178297920200363,0.10814667973606516,0.026237299680462362,-0.040730125425655746,0.3773378444229874,0.23816356969674854,0.6632461356360888,56.85511484216763,0.030144292808307487,0.0625874846581755,20.256207913741893,0.7280061113343284,0.05920594826677974,0.03158181660767037,0.43830093464267694,0.07248188292400304,True,False,False,False,3.1026360988616943,2.6305830478668213,False,False
2024-02-14,3.2877140045166016,109053557,0.056698362848878234,0.12776434660591374,0.1503190095724372,0.011145905450052245,0.4196311170147468,0.37289014189213127,0.7555492255082409,62.49588080408694,0.04503655088488698,0.06040651702170244,22.70283825898024,0.7555163894860509,0.11519906752583416,0.08555890456562797,0.5174985383439851,0.15640855628315076,False,False,False,False,3.1026360988616943,2.6305830478668213,False,False
2024-02-15,3.2296159267425537,103117217,-0.017829269780914855,0.11845546241172641,0.13117742171719185,-0.06039354347299304,0.4384278457439384,0.3835582427857899,0.7731670711647889,59.796761705931004,0.048390324005454025,0.06153860120518323,23.84800958402914,0.7328160557278961,0.09269324311194932,0.06351845836985108,0.4860905475972683,-0.054435088256681086,False,False,False,True,3.1026360988616943,2.8310229778289795,False,False
2024-02-16,3.246006965637207,93100296,0.0050623929690160035,0.08546342581255674,0.14251914915140654,0.01572930683505517,0.42197708890909036,0.3687784501856734,0.7913221094029013,60.31747581469926,0.048979618033238435,0.06139938035128532,25.08717989675937,0.689357081314398,0.09491526398326079,0.06513099950149821,0.4888394869487893,-0.09714111078075349,False,False,False,False,3.1026360988616943,2.8310229778289795,False,False
2024-02-17,3.122534990310669,54045575,-0.038780446185292985,0.05336165226076029,0.12318370235120304,0.032841788278667565,0.4208594807044443,0.2772867393889459,0.7123302833667152,54.58241945458485,0.038767933076679,0.06311732033331258,24.90209696820661,0.6741465772332889,0.05382154774531332,0.02325873107610869,0.4283418968943622,-0.41949083599046777,False,False,False,False,3.1026360988616943,2.8310229778289795,False,False
2024-02-18,3.328795909881592,70832424,0.06396548116036038,0.1440474101969461,0.21985828552697526,0.1202202565134456,0.4610191173887848,0.3193580767637516,0.7088160163459182,61.216422093638336,0.04327614021666333,0.06073372280460452,26.5150314256554,0.702467573174703,0.12013977488290378,0.08661938018655665,0.5175588349940036,0.31060542884408204,False,False,True,False,3.355375051498413,2.8310229778289795,False,False
2024-02-19,3.401297092437744,106622250,0.02154620666687263,0.08548442975871895,0.2368806998421592,0.16421851113248206,0.45698910519099956,0.42526723912216846,0.6846650745804621,63.24849638332451,0.048139293876760955,0.058878907297738134,29.160847840554226,0.698361365357882,0.1373556147950223,0.10481844915250167,0.5452056987998616,0.5052746183019234,True,False,False,False,3.355375051498413,2.8310229778289795,True,False
2024-02-20,3.247481107711792,122780779,-0.046277204587199076,0.044385523091720384,0.15253220282778548,0.12899379440708097,0.2841192365652413,0.21922048408248926,0.5949012052986554,56.48646517430286,0.038417234502267555,0.06481710963101578,29.428395377876743,0.7193459583992113,0.07837360184768769,0.05259414479671087,0.47061073451376906,0.15154931545713968,False,False,False,False,3.355375051498413,2.8310229778289795,False,False
2024-02-21,3.0675699710845947,107214670,-0.05699394425664936,-0.06930678401380716,0.058457562592106486,0.1251433395092568,0.2611996602812963,0.21300223885187297,0.5070913256773165,49.782320708074884,0.01831020029783359,0.07301322450276032,28.8381752756174,0.7233302807657592,0.014672535385348578,-0.0070158790622870905,0.385316484295529,-0.1267796891889731,False,False,False,False,3.355375051498413,2.8310229778289795,False,False
2024-02-22,2.9533119201660156,91875659,-0.037958482387826745,-0.08943599662071909,0.029019465791007473,0.094183745702408,0.1956332446328729,0.16653645810823828,0.4567620650598409,46.044725202420025,-0.003103797079223279,0.07542400250087912,28.168006515240606,0.7372745431922404,-0.025353098778188008,-0.04334435897578237,0.3303402997802783,-0.14306821072153653,False,False,True,False,3.4556820392608643,2.8310229778289795,False,False
2024-02-23,3.091223955154419,131102135,0.04563988905921744,-0.04885850053051772,0.036604925282038916,0.07218891709397997,0.19070123113143767,0.21198278938022183,0.5131436521361401,50.84216916083209,-0.008114436576677098,0.07323654531803628,26.84698242877722,0.7167642684108535,0.014625624267945779,0.001555881875028654,0.38855382933882066,0.42695177838125775,False,False,False,False,3.4556820392608643,2.8310229778289795,False,False
2024-02-24,3.287647008895874,103009598,0.06160499956525941,0.051526945220034544,0.10488859748079496,0.09731301216258244,0.3033064567378704,0.2734266782767847,0.5920815097984996,56.7417352531268,0.0011714278278517065,0.07053123555353394,24.914727717199035,0.736872313110362,0.0682999222496645,0.06700812620374905,0.47205783296194953,-0.21427978270529313,False,False,False,False,3.4556820392608643,2.8310229778289795,False,False
2024-02-25,3.3827319145202637,98325708,0.028511527724592717,0.01607299178426701,0.160120401981213,0.0942119690154498,0.1809592683853649,0.35835392302652863,0.6378320880751414,59.288828058301725,0.012461449763172247,0.06730770010110687,23.146890744533234,0.735447697897328,0.08685717282418216,0.09578852815534601,0.5095728355524989,-0.04547042305708249,True,False,False,False,3.4556820392608643,2.8310229778289795,False,False
2024-02-26,3.6251471042633057,152342174,0.06921122620615844,0.06373801132355278,0.1492224410822718,0.16733588034171004,0.2922607601871392,0.4387607257541237,0.6859056424425286,64.95438145727243,0.033789669583426135,0.06602982733318218,24.90585320663365,0.7700370952060435,0.14928899550519753,0.16906070334974882,0.6114014657551164,0.5493625939616931,False,False,False,True,3.4556820392608643,2.9339489936828613,True,False
2024-02-27,3.4677040576934814,114072763,-0.04440214784447933,0.06561306806627237,0.10999859115799279,0.09490051729571738,0.1717358310087331,0.4288525018190757,0.6339614299745747,59.19274862627476,0.034696544847890476,0.06776070287521455,24.89951250296183,0.7847609242091024,0.08945621890801225,0.11584580827717086,0.5359151168311161,-0.2512069376140057,True,False,False,False,3.4556820392608643,2.9339489936828613,False,False
2024-02-28,3.410283088684082,178402598,-0.016697415066126448,0.10590959725679545,0.0366028132429881,0.07793325220787346,0.22079040379450415,0.36999512679589885,0.6227520350402971,57.19994522473435,0.02906027194806761,0.07102089428024819,23.700206474953458,0.7877741941193837,0.062380263928904764,0.09897506621994887,0.5052570009449718,0.5639368531820343,False,False,False,False,3.4556820392608643,2.9339489936828613,False,False
2024-02-29,3.3649630546569824,155550115,-0.013378321322237085,0.13048975832238507,0.041053761701665956,0.1061601544500916,0.2413956808392361,0.34349107585740635,0.5832410132510575,55.608678729557674,0.020324362442144042,0.0743079385275205,22.96087750353634,0.7738695652077333,0.04201575895418101,0.08729522108025745,0.48020111470208127,-0.12809501238317167,False,False,True,False,3.6802420616149902,2.9339489936828613,False,False
2024-03-01,3.355760097503662,106937242,-0.0027386823403077907,0.08211118692285986,0.03325268639234204,0.17080481915288048,0.1401983619949562,0.3230743375074306,0.6472771286813068,55.272416864829964,0.01236219570996916,0.07258500817582803,21.729275546260244,0.7309644730684529,0.03284145378625877,0.08632910535050757,0.47126417259780073,-0.3125222568945063,False,False,False,False,3.6802420616149902,2.9339489936828613,False,False
2024-03-02,3.4405949115753174,96684528,0.024966094447889383,0.04547228180548991,0.09699922702552445,0.1944585955264394,0.18264964279421303,0.3464396303106306,0.5831577538567667,57.805350549259686,0.011275480821008835,0.0680210496715665,19.483866759776767,0.7338308206733993,0.04993024420336548,0.11407889305411718,0.5028120621179594,-0.09587599051787776,False,False,False,True,3.6802420616149902,3.184485912322998,False,False
2024-03-03,3.318789005279541,126758475,-0.03604443690214284,-0.019083682821245843,-0.003010691036978731,0.16469349308949496,0.08136872318324341,0.331821162086482,0.4924468356108913,53.15120046243082,0.001342106212893504,0.07108813878337712,18.962726709474808,0.747561626325188,0.009737727378473737,0.07485111044935067,0.44447911586734457,0.3110523226632498,False,False,False,False,3.6802420616149902,3.184485912322998,False,False
2024-03-04,3.2849280834198,136784622,-0.010255199659430031,-0.09855010868683409,-0.03481209736328139,0.17388329281515466,0.049529079109017826,0.31178445854818493,0.48250472404128764,51.90020275734049,-0.008006074888178324,0.07182903338957573,18.235398855719083,0.7443841348937049,-0.00326999080899469,0.06354502573524336,0.4246142193295802,0.079096462780891,False,False,False,False,3.6802420616149902,3.184485912322998,False,False
2024-03-05,3.11490797996521,252002038,-0.05314514842194085,-0.10729310926429564,-0.04168004119802322,0.15344724640862561,-0.13063615126874695,0.31921444695625545,0.430745959184755,46.040571070119626,-0.025168534348238264,0.08724196548260614,18.903166672148235,0.7609184965061002,-0.05237400010190075,0.009389747496896163,0.3465560169928853,0.8423272610279247,False,False,False,False,3.6802420616149902,3.184485912322998,False,True
2024-03-06,3.394526958465576,168196157,0.08596480567460728,-0.004630888523562011,0.10127870873323332,0.23488825973154426,0.09387199104733457,0.3008197013022902,0.5441557301391096,55.03246884071028,-0.017576867659132384,0.08297175244956739,18.98994949788403,0.811469182937999,0.030108454684440577,0.1002583780082881,0.4619231593350397,-0.3325603303255825,False,False,False,False,3.6802420616149902,3.184485912322998,False,False
2024-03-07,3.466398000717163,129930871,0.02095159814729325,0.029699030945968388,0.1601887892683534,0.21776856545166287,0.16765262405008158,0.3483757975493102,0.5745146229401029,57.015230881119315,-0.008085688696830781,0.08032677825716414,19.392860057391808,0.8056150546861632,0.048412650662888454,0.12158301579558183,0.4871290033621247,-0.22750392566935995,False,False,False,False,3.6802420616149902,3.184485912322998,False,False
2024-03-08,3.4198250770568848,131223905,-0.013526611975759233,0.018911101310516983,0.10102228823337694,0.16716125749687397,0.08905495587774626,0.37739356480163194,0.38024140627632697,55.313210863594,-0.005441863803678421,0.08128861016173397,18.824488111575043,0.8013647738768468,0.02969737773428254,0.10367016894299987,0.4615132065556643,0.0099517073198101,False,False,False,True,3.6802420616149902,2.7514379024505615,False,False
2024-03-09,3.3647539615631104,87150487,-0.016234559203872952,-0.022289552341245297,0.0231827294642445,0.15944708387972856,-0.07791427298162518,0.34367160573140815,0.3802991764422347,53.287514741216036,-0.007758353096493517,0.07886239272702739,18.848447574743183,0.8035210325477125,0.012567511835244674,0.08301003177338238,0.4326661450841049,-0.3358642466858458,False,False,False,False,3.6802420616149902,2.7514379024505615,False,False
2024-03-10,3.284140110015869,87931534,-0.024249988384664675,-0.010495103823767133,-0.029578786645012903,0.09714266592687816,-0.1412319093703785,0.3739413506733302,0.38506050870702074,50.37903683726217,-0.014674831913654346,0.07983586073879705,18.77925245249011,0.8009544228708525,-0.009946614981260787,0.054361933480780826,0.39360854564098624,0.008962049747352596,False,False,False,False,3.6802420616149902,2.7514379024505615,False,False
2024-03-11,3.374833106994629,125801413,0.027241018203913017,0.027001114039575745,-0.07154899464725825,0.1310623567642878,-0.07611135268353529,0.41473673126411476,0.3971723633553166,53.456867207295915,-0.013146072020293498,0.07726716711957396,18.69813624658206,0.8043997499219249,0.01544489490277093,0.07987052248777514,0.4268237171415883,0.4306746087245561,False,False,True,False,3.585334062576294,2.7514379024505615,False,False
2024-03-12,3.307910919189453,119163201,-0.020029025426413334,0.0601172370351033,-0.04717587222919229,0.13775360811369974,-0.05082581663962811,0.359664746117746,0.3884874850463901,50.945741584899345,-0.01643281055219488,0.07868434837214866,17.265705773004374,0.8014781445266901,-0.008277001710646234,0.05440037035072952,0.3933757412385061,-0.05276738823275384,False,False,False,False,3.585334062576294,2.7514379024505615,False,False
2024-03-13,3.433582067489624,144060803,0.0372872028889429,0.011439634249438833,0.006808745725877017,0.09493162389754287,0.02480580001664762,0.3784035077182627,0.3735137939115226,55.2015141231123,-0.010237203464066064,0.07729051686202638,13.746073142438158,0.7637243147930544,0.022041621512526928,0.08927972667517162,0.4407463341859508,0.2089370022881476,False,False,False,False,3.585334062576294,2.7514379024505615,False,False
2024-03-14,3.18704891204834,113122880,-0.07450866810377148,-0.08402063200162581,-0.05432160105565739,0.02560125371397189,-0.015128871711683851,0.4029390981369593,0.2637648234107205,46.65108557970548,-0.022152906276370017,0.08584240853697045,12.57926504377427,0.8101333899477633,-0.052692567962589684,0.009076934578446756,0.3328284636428888,-0.21475600826687047,False,False,False,False,3.585334062576294,2.7514379024505615,False,False
2024-03-15,2.943368911743164,127793456,-0.07954056901153973,-0.15003458903740627,-0.1311234877268893,-0.11063767814644607,-0.0994917726963938,0.3089934388683007,0.2622524637456852,40.047999562577445,-0.04456321377892777,0.09543923799413875,16.672656362852763,0.8310378269159143,-0.12062375319171777,-0.06784383804835849,0.22741722292128735,0.1296870801026282,False,True,False,False,3.585334062576294,2.7514379024505615,False,False
2024-03-16,2.7234981060028076,103513886,-0.0776376912559568,-0.2114377210894901,-0.23372727343073543,-0.170446099621488,-0.23083964309448096,0.26798174612245046,0.21311214316430194,35.20590684924744,-0.07075553508357595,0.10437759014972615,23.452854585983197,0.8691574803599096,-0.17822077903499742,-0.13553196562370765,0.13324201936306512,-0.18999071439151005,False,True,True,False,3.639626979827881,2.7514379024505615,False,True
2024-03-17,2.735168933868408,94553630,0.0042760789634641505,-0.18291165374136117,-0.1934067575651283,-0.17123241362703975,-0.15550310679198448,0.2507446752820507,0.1975460365586338,35.650656049614625,-0.08300759229595597,0.1014260438514685,26.719768998507305,0.8690394634667956,-0.16346717633922306,-0.12999721166962713,0.13550917352613812,-0.08656090835967645,False,True,False,False,3.639626979827881,2.7514379024505615,False,False
2024-03-18,2.504096031188965,136938071,-0.08826539776089837,-0.2984180697061726,-0.2714169556665966,-0.2207173652026451,-0.18787557692397752,0.20014211550179925,0.05656937418630099,31.09910251164746,-0.10118203565467662,0.11141185152406793,33.48462687743227,0.908966466022567,-0.2226850125054399,-0.2001914214897452,0.03755375091100607,0.4482582107106834,False,False,False,False,3.639626979827881,2.7514379024505615,False,False
2024-03-19,2.3078970909118652,134496987,-0.08159104395761778,-0.3599800882373769,-0.29986285120227346,-0.3662738903206232,-0.24605363380717757,0.0947452270681615,-0.04691581355687162,27.848081801727375,-0.11965959242666846,0.12175015787302168,41.82867406684897,0.9070085221479535,-0.27111740418480745,-0.2588486868657719,-0.045278190410192265,-0.017826189475094956,False,True,False,False,3.639626979827881,2.7514379024505615,False,False
2024-03-20,2.604217052459717,131532795,0.12079531469311545,-0.2764719764332043,-0.26503234218376537,-0.2670247822943803,-0.10280627116189833,0.18996432289661927,0.15824245682778806,38.33317723950229,-0.10565437663881658,0.1101268737263868,44.66381564628113,1.0133326746527795,-0.1675328959741779,-0.1614173915797695,0.07490642551145735,-0.022039095939004216,False,False,False,False,3.639626979827881,2.7514379024505615,False,False
2024-03-21,2.8630599975585938,141043159,0.09475890772995964,-0.10720440059947325,-0.191225032601099,-0.12598866997722166,0.003005124429859306,0.15813056658801958,0.09323181410526762,45.74949604379511,-0.07417465280104102,0.10224269891891422,45.07813913614197,1.0659072114585757,-0.07752650907047529,-0.07827052692919056,0.17849273574319688,0.07230412765120664,True,False,False,False,3.639626979827881,2.7514379024505615,False,False
2024-03-22,2.7456440925598145,144597991,-0.04187529254609273,-0.06953912413402626,-0.21957371317143254,-0.11087001826666512,0.014273321242591617,0.15032964201463117,0.1021322205852078,43.210834789891095,-0.057235366762634535,0.1068429986197726,45.50018852904666,1.0577556766093121,-0.10534148933623037,-0.1155762061030351,0.12738517511171532,0.025203859763237357,True,False,False,True,3.639626979827881,2.2382330894470215,False,False
2024-03-23,2.919589042663574,105049556,0.061427178026074336,0.06952574514800483,-0.14191197594148522,-0.011484357852763968,0.08269938784964397,0.18414888678010896,0.15505210025547445,47.829466145428306,-0.03157331072782031,0.09999310955367201,45.343939477221255,1.0739206279750941,-0.042434228915340565,-0.060179457986375286,0.1954899974847633,-0.27350611669286606,False,False,False,False,3.639626979827881,2.2382330894470215,False,False
2024-03-24,3.13728404045105,112050564,0.07191460279843137,0.13716426898297185,-0.04574738475838923,0.014790355886450045,0.08697927298043007,0.20549158701788756,0.22677314526667178,52.98320217430343,0.0010747489675828337,0.09356485583536196,44.98579243181483,1.0918535721973972,0.03146268854249724,0.007453981160975005,0.2805430915576251,0.06664481285384971,False,False,False,False,3.639626979827881,2.2382330894470215,False,False
2024-03-25,3.3103420734405518,152640295,0.05369405913937516,0.2791237258832454,-0.019294343822927124,0.0068794154605657494,0.10419242762314805,0.3101858721984362,0.2803060937373504,56.64943193981097,0.03353895879485316,0.08873597299943216,45.45966595307698,1.0866167507410103,0.08487458541655471,0.058685211420258204,0.3464859205696132,0.36224477192279014,True,False,False,False,3.639626979827881,2.2382330894470215,False,False
2024-03-26,3.1332530975341797,96540320,-0.05497973638947948,0.3057350334513837,-0.05424505478599319,-0.07661184865350648,0.017600120361943195,0.10434741973185835,0.28174207437302207,52.16668409229517,0.041764101391027916,0.09294703944274181,44.5554466774679,1.0982291141898268,0.031253564797730296,-0.0008215806741267497,0.27034379198876024,-0.3675305724481206,False,False,False,False,3.639626979827881,2.2382330894470215,False,False
2024-03-27,2.961841106414795,137210589,-0.0562607227226345,0.12867899603563365,-0.14779298039757063,-0.20208379758229938,-0.03474791724058935,0.09017696260483987,0.23667692817182437,48.19153123086071,0.034632593740778886,0.09975838769403149,43.023321634803324,1.0821205383481098,-0.01700147008695239,-0.05652966863017253,0.19736815123065,0.42127754496773995,False,False,False,False,3.639626979827881,2.2382330894470215,False,False
2024-03-28,2.8831710815429688,86622350,-0.026920311992305355,0.006999776313368726,-0.10020462428610437,-0.1846019617301254,-0.08970144443440789,-0.012866130721392265,0.24425054008895022,46.44237813582831,0.024089321576295855,0.09887997103925944,41.691866052790814,1.0761634916487337,-0.03451299234497463,-0.08152957979136125,0.1622710461298104,-0.36869048787480974,False,True,True,False,3.398313045501709,2.2382330894470215,False,False
2024-03-29,2.8046069145202637,65154371,-0.027627366666534765,0.02124770219292679,-0.04829142194109948,-0.1955319133305337,-0.11759866112266021,0.025258490463970603,0.17446321346536522,44.69759614271097,0.011912168423933528,0.09713793898022609,40.69542242247247,1.0781847462925962,-0.051929986090901895,-0.10619139686840787,0.1275145013560972,-0.24783417905425098,False,True,False,False,3.398313045501709,2.2382330894470215,False,False
2024-03-30,2.788583993911743,58174874,-0.005729453795648602,-0.04590892962879621,0.023616815519208627,-0.1878830458039451,-0.08172289135385355,0.05351263503529093,0.1556080300534613,44.33179597513918,0.003313362808918127,0.09344808162384816,40.01003929115277,1.077902230622515,-0.04938411875988989,-0.11021153803370322,0.11809502078554707,-0.10712246765454925,False,False,False,False,3.398313045501709,2.2382330894470215,False,False
2024-03-31,2.9652509689331055,79998321,0.06142773475698434,-0.056395797670243164,0.0807684713127287,-0.12371662870665308,0.047088190446227376,0.016481733288302974,0.19935770880077747,49.26227482409449,0.009697626861693287,0.08628382540871737,37.85183362695837,1.1034761329273866,0.017947398791758943,-0.05387021119949244,0.1854157239502656,0.3751352688791385,False,False,False,False,3.398313045501709,2.2382330894470215,False,False
2024-04-01,2.8378100395202637,106448285,-0.04392903082219742,-0.15401888763181582,0.1251048382514296,-0.19261175397674,0.0018468415496994408,-0.00996211118252685,0.1538278763338907,46.09098373070744,0.00570875617808006,0.09020810664602613,36.076780415378714,1.1067789443415912,-0.017877228518720718,-0.09427637427259533,0.1314420942302151,0.33063148912837814,False,False,False,False,3.398313045501709,2.2382330894470215,False,False
2024-04-02,2.5985379219055176,89730520,-0.08808369274007151,-0.18712284398240775,0.11861218946897588,-0.24465100981466859,-0.07995751672517352,-0.16328228663142516,0.08717015227181339,40.78257737542872,-0.011722507787847225,0.09910540430551469,33.121220767404445,1.1387335578244535,-0.08750021767931082,-0.16785934944205522,0.03384308275889728,-0.15705058094641922,False,False,False,False,3.398313045501709,2.2382330894470215,False,False
2024-04-03,2.548917055130005,80569883,-0.01928036442393849,-0.15014248568371177,-0.021463489648078166,-0.2536761745791771,-0.07979288176402245,-0.20414709547015916,0.05810828396900795,39.75987301402253,-0.024535610044677802,0.09999422705276322,32.79286551139423,1.139378015014508,-0.09478271560629997,-0.1808242955731721,0.012061794163531939,-0.10209053731105089,False,True,False,False,3.398313045501709,2.2382330894470215,False,False
2024-04-04,2.5604660511016846,80868292,0.004520708430065362,-0.11870146526134105,-0.11170168894797239,-0.19601031772717079,-0.04256307131854521,-0.32664646899591776,0.12320412922908464,40.13614741149628,-0.02982281466304726,0.09666384729152669,33.655493263489795,1.128614303443136,-0.08445629321513093,-0.17324801719596716,0.014534214310900035,0.003703728848656773,False,False,True,False,2.9696450233459473,2.2382330894470215,False,False
2024-04-05,2.6106650829315186,122405252,0.019415716786036725,-0.07165838180876967,-0.05041067961584293,-0.26255940661574134,-0.027671146884197143,-0.16868741556840697,0.038260294686548776,41.836751578374056,-0.0275812412176199,0.09665625340681575,34.15630530827649,1.08291282245414,-0.06461974299892206,-0.1536562911298882,0.032248506518041564,0.5136371620164799,False,False,False,False,2.9696450233459473,2.2382330894470215,False,False
2024-04-06,2.5391950607299805,44374626,-0.02775788433883637,-0.0936868123519575,-0.13959574198075358,-0.31126888910187106,-0.09350032365020818,-0.14361626505178945,0.03710690844743914,40.090552029646446,-0.028440054081848617,0.09590275967755482,35.14630779784267,1.079419462677258,-0.08702159775223724,-0.17303614662118666,0.0020803028208821214,-0.6374777611666532,False,False,False,False,2.9696450233459473,2.2382330894470215,False,False
2024-04-07,2.6993110179901123,78464236,0.06114943634356779,-0.09396511076537399,-0.1503609084356172,-0.23659284078254403,-0.06943158328567005,-0.14753788490479783,0.14080072401908794,45.57152274995384,-0.016353011812788074,0.08874416924505682,33.95141596944977,1.1077322777702667,-0.03284547035821123,-0.11845950750057417,0.06289184105840075,0.7682230380938873,False,False,False,False,2.9696450233459473,2.2382330894470215,False,False
2024-04-08,2.949434995651245,150031543,0.08861706318570303,0.038580983242526484,-0.11543790438928923,-0.1317412183929681,0.02770586548676066,-0.20965549137459336,0.21193038733843997,52.83127348074138,0.00899599233093161,0.08413324206875165,29.948939200993014,1.1570633813390598,0.0447656105544101,-0.034381424246761286,0.15803804711995215,0.9121009857280711,True,False,False,True,2.9696450233459473,2.369671106338501,False,False
2024-04-09,2.6803228855133057,121414204,-0.09567635817541016,0.030988317807187863,-0.1561345261752199,-0.20316758818371358,-0.1060249222568353,-0.344399497554092,0.17077376248961654,45.75934411525604,0.008171562786949152,0.09467941776378695,29.439552464864704,1.198570793449208,-0.051838865820013465,-0.11832409220592471,0.0499256308526844,-0.19074214946919532,False,False,False,False,2.9696450233459473,2.369671106338501,False,False
2024-04-10,2.6224429607391357,87997486,-0.02183095583951355,0.02843772639161283,-0.12170475929209904,-0.2522395622271401,-0.12117720546285232,-0.3283509149106754,0.16249716903697473,44.38325861221324,0.004447069978675847,0.09393932525660742,30.200309551153953,1.193253853590134,-0.06834880826389562,-0.13380148983910714,0.024992570891643154,-0.27522906627959276,False,False,False,False,2.9696450233459473,2.369671106338501,False,False
2024-04-11,2.555835008621216,77175568,-0.02572732728117326,-0.0018103093196258674,-0.12051177458096693,-0.25793786408189995,-0.12018425596820033,-0.30876368072152804,0.10172688203584597,42.78856888479917,-0.0014670203194972475,0.09364895133958245,31.3006612152901,1.1941175573335294,-0.0889402862914236,-0.1529387115402595,-0.0031694598655762005,-0.12297985421992619,False,True,True,False,3.039702892303467,2.369671106338501,False,False
2024-04-12,2.11879301071167,171091601,-0.18753239183264347,-0.20875841793830596,-0.2804167997470758,-0.4827574588034863,-0.38782583490594336,-0.45795165878683874,-0.10435395108522359,34.12476749898563,-0.032080373283677355,0.127403546215827,38.134303894401576,1.3346128279806138,-0.23379360475172942,-0.2938783138057634,-0.17466549334478937,1.2169140497935822,False,True,False,False,3.039702892303467,2.369671106338501,False,True
2024-04-13,1.8491990566253662,174711657,-0.13609398900252434,-0.3170945226019941,-0.41078133495395147,-0.5443427797022392,-0.5187415259882673,-0.5594716514139231,-0.14140368156527988,30.07887799592092,-0.06581068240658355,0.15769293029077322,46.92605318698014,1.384881650883283,-0.31533941930775544,-0.37858039618322675,-0.2802232249444456,0.02115858393305925,False,True,False,False,3.039702892303467,2.369671106338501,False,False
2024-04-14,2.114375114440918,131819793,0.13400671169904788,-0.24423724724651402,-0.33820235801188797,-0.33079549899165167,-0.4414331771380977,-0.43028727168804554,-0.021802060123351,37.880439486542606,-0.06544867202673033,0.14109048696443335,46.791454267957484,1.4637942753087652,-0.19943409294967876,-0.2838210800006334,-0.17803971487177112,-0.24550087118686081,False,False,False,False,3.039702892303467,2.369671106338501,False,False
2024-04-15,2.047243118286133,109320141,-0.03226524695834533,-0.3651195573905623,-0.32653857414803583,-0.2854230546940403,-0.45586915431552816,-0.5162626977885213,-0.017441308571589768,36.76215064364005,-0.06479518635256562,0.14181227133192323,48.41355423589842,1.446257864673947,-0.20858086379836077,-0.3002290564996118,-0.20483046628269738,-0.17068492893172726,False,False,False,False,3.039702892303467,2.369671106338501,False,False
2024-04-16,2.0035738945007324,70634430,-0.021561534600121276,-0.2910047338152735,-0.2600164160080856,-0.3112606682576258,-0.4824930818846655,-0.4667637750496104,-0.06051599297557518,36.01728061937293,-0.06234824575389877,0.14063995655506611,51.22288424296204,1.4459650743110053,-0.21084550727007673,-0.3074787888257673,-0.22234278791371093,-0.35387542173038355,False,False,False,True,3.039702892303467,1.5518670082092285,False,False
2024-04-17,1.8914010524749756,58207353,-0.0576146810675443,-0.32678845904330417,-0.29835073265169143,-0.2806099515642717,-0.5013273167669168,-0.46848552848824926,-0.08046783606247257,34.10565469329505,-0.06313511163843916,0.14453042848908948,55.26379626078768,1.4290377575422468,-0.24018705082213118,-0.3390483095353507,-0.26614667634374367,-0.17593512115833598,False,False,False,False,3.039702892303467,1.5518670082092285,False,False
2024-04-18,1.990041971206665,54234639,0.05083787752061441,-0.2502232542415165,-0.2520335635611423,-0.14818103008603967,-0.5144549204066627,-0.39423466389321715,-0.05343580301787799,37.25917952237135,-0.05231007656500941,0.13332109816892418,57.55169767491375,1.4194060472396284,-0.1872636025911079,-0.2976061333268386,-0.2283243382545748,-0.06825106786766266,False,False,False,False,3.039702892303467,1.5518670082092285,False,False
2024-04-19,1.9869760274887085,66410374,-0.0015418307517524386,-0.0642326931606255,-0.2729911110989314,-0.27051817553090757,-0.5375429578252878,-0.37332444669280584,-0.0805538526342883,37.199588889115695,-0.04114586226712874,0.13128250120732654,59.274381517052674,1.3452144152991647,-0.17501158595799585,-0.29179937091198954,-0.23014191658366615,0.22450107946694353,False,False,False,False,3.039702892303467,1.5518670082092285,False,False
2024-04-20,2.1061999797821045,43372581,0.058271467544270025,0.13013276338616897,-0.18696175921582514,-0.30700561571659707,-0.43299428569381876,-0.30400049128673784,-0.1488750491285775,41.141764541510724,-0.02245626834883202,0.12033765830955341,57.24441190793716,1.3154784995419295,-0.10963137686287952,-0.2425585800426453,-0.184792760583196,-0.34690051587422166,False,False,False,False,3.039702892303467,1.5518670082092285,False,False
2024-04-21,2.08359694480896,43088133,-0.01078966578131892,-0.014663614094197875,-0.2589008613407118,-0.2759199889518232,-0.38679000721848833,-0.26164666770923156,-0.12559034693719198,40.62115316000735,-0.009029536287220391,0.11570908294300754,55.94669297163502,1.310526930253471,-0.10491738757582955,-0.24330166268971912,-0.19431579478319108,-0.006558244712252637,True,False,False,False,3.039702892303467,1.5518670082092285,False,False
2024-04-22,2.148076057434082,49813793,0.030476883924805336,0.04807851678895285,-0.31704104060160937,-0.3068702830530922,-0.31835464090585625,-0.22417089520344832,-0.12272139627298337,42.843113415955145,0.005972643799538324,0.10751967624127677,55.80805934935596,1.2938749675288341,-0.06820241774428012,-0.21319435680930357,-0.17037193344214907,0.15609077329946053,False,False,False,True,3.039702892303467,1.8468739986419678,False,False
2024-04-23,2.1069860458374023,44063751,-0.01931407247195014,0.05032597891712415,-0.24067875489814947,-0.39809895832347375,-0.38330860243702375,-0.3111196853430437,-0.192607371305586,41.77042084373942,0.014425057374410521,0.10460932966020763,55.94112795141758,1.2596559970898447,-0.07718123630563396,-0.22152735124399822,-0.1870995980686182,-0.11543072016218481,False,False,False,False,3.039702892303467,1.8468739986419678,False,False
2024-04-24,2.0068728923797607,56686951,-0.048680776375634394,0.05925988360903396,-0.2675285754342703,-0.5004737938384831,-0.49359437837791753,-0.39628136621533505,-0.1902879216400471,39.19546585739538,0.014529518054759771,0.10914945564034148,56.40733310037276,1.24164388481669,-0.11024217600663484,-0.2523951621021817,-0.22638117722756443,0.2864758381554944,False,False,False,False,3.039702892303467,1.8468739986419678,False,False
2024-04-25,2.03291392326355,52477655,0.012892458326673942,0.021314464415093534,-0.22890878982642293,-0.43260159912232987,-0.5092134477758363,-0.41500147876038657,-0.3282541793904714,40.22763984437264,0.017413917200894802,0.10404959086716357,55.80685573412506,1.2378593469969683,-0.08700358689862218,-0.2349329814282688,-0.21700650147834,-0.07425511384445427,False,True,False,False,3.039702892303467,1.8468739986419678,False,False
2024-04-26,1.9486429691314697,41500254,-0.04233697693800243,-0.019480681771156513,-0.08371337493178202,-0.4186778533376977,-0.620761650919997,-0.45342577057828715,-0.32850089073285776,37.980734753537455,0.014809979936965811,0.1043759043853865,55.99962255682269,1.2328785858109543,-0.11308890183147773,-0.25817300633581913,-0.2500753292527787,-0.20918238438817438,False,False,False,False,3.039702892303467,1.8468739986419678,False,False
2024-04-27,2.0536611080169678,53962121,0.05249088961576125,-0.02526125969966517,0.10487150368650378,-0.33926665172963105,-0.5238686134597564,-0.42896809616403897,-0.3521327824510233,42.30552909099964,0.02094879519465065,0.09937357196020995,52.907560719898726,1.2533151490861,-0.051352009639983924,-0.209976184260047,-0.21044041283881434,0.30028411392373644,False,False,True,False,2.184530019760132,1.8468739986419678,False,False
2024-04-28,2.1255669593811035,62563728,0.034414464539582905,0.01994287062123678,0.005279256527038874,-0.2772248205235134,-0.472756733854047,-0.3948234816461735,-0.25196633005954283,45.12704059086431,0.030084696142875622,0.09343027201994207,41.944797807924814,1.2618024396729555,0.0009092473024141747,-0.17444378072011296,-0.18374125956071286,0.15940083229864155,True,False,False,False,2.184530019760132,1.8468739986419678,False,False
2024-04-29,2.191488027572632,116335405,0.030542206536806078,0.020008193233237485,0.06808671002219048,-0.24095316019105864,-0.4288362059950038,-0.3226760515449121,-0.1874405251557676,47.65443049130314,0.040169689326116975,0.09125452914532975,34.99475399704671,1.2693928911208567,0.043966259420442216,-0.1415543475793774,-0.15953654245627563,0.8594704746494646,False,False,False,False,2.184530019760132,1.8468739986419678,True,False
2024-04-30,1.870723009109497,96612450,-0.15825578571232268,-0.11893352000713506,-0.06860754109001106,-0.46063668066036556,-0.5843533093670187,-0.4135484902141382,-0.4441549473720625,38.388956927229884,0.025551925599405417,0.11354034977382332,28.274083657034932,1.3470053346682835,-0.09259047834266468,-0.2584657796556822,-0.2829816755969048,-0.16953527604085794,False,False,False,False,2.184530019760132,1.8468739986419678,False,False
2024-05-01,1.9472579956054688,103087584,0.040097234881110895,-0.03015550875038981,0.02910437485864404,-0.37661041495705716,-0.5692221689337973,-0.3747635734073577,-0.3865725261395841,41.32057815329835,0.02151375988689974,0.10686312509185358,18.421866150128754,1.3564239529719102,-0.041316616299420586,-0.2197112008210892,-0.25414803027552946,0.0670217347764186,False,True,False,False,2.184530019760132,1.8468739986419678,False,False
2024-05-02,1.9705959558486938,55306101,0.011913785749853727,-0.031134181327210093,-0.009819716912116628,-0.2766129364671322,-0.5212639462818006,-0.3565704531923056,-0.4398952230985573,42.22337295482398,0.02087442442016113,0.10229222272263641,18.217722284146372,1.330948531367628,-0.026274556735853286,-0.20099126526788744,-0.24573765097980324,-0.4635037620049375,False,False,True,False,2.2452049255371094,1.8468739986419678,False,False
2024-05-03,2.125257968902588,71217602,0.07555717947847754,0.08675997508927,0.0672792933181134,-0.18177539256471598,-0.43545156714389316,-0.26156827432873836,-0.3859224880348753,47.93967946157394,0.030732142144533597,0.09529314697358332,16.768605254460464,1.3626580494195752,0.04303425568609828,-0.13079697079207928,-0.18735574121444348,0.2876988381444572,False,False,False,True,2.2452049255371094,1.8218200206756592,False,False
2024-05-04,2.0643649101257324,44700322,-0.029070562604964614,0.005198522868543948,-0.02006273683112122,-0.21536666359974596,-0.4113769813269167,-0.2579297349182912,-0.5420131325956637,46.00957694134375,0.03282618571845375,0.09357588545636752,16.48115403149063,1.364411753109362,0.014394020940821851,-0.1495869530465477,-0.21142359925612764,-0.3723416578951928,True,False,False,False,2.2452049255371094,1.8218200206756592,False,False
2024-05-05,2.0248610973358154,44183263,-0.019321525236416337,-0.04853746690745533,-0.028594596286218587,-0.25410390562219903,-0.5166633122379405,-0.28177505250639623,-0.42279132119060586,44.75081921396078,0.031234529710246234,0.09101330132967354,16.486180583424996,1.361596031104024,-0.004470035662043698,-0.16103135827041695,-0.22730228665724778,-0.01156723211076649,False,False,False,False,2.2452049255371094,1.8218200206756592,False,False
2024-05-06,1.9397679567337036,66489796,-0.04293274830727561,-0.12201242175153709,-0.10200422851829964,-0.2692787695906382,-0.5805476586925091,-0.3627790932408464,-0.4128950346424277,42.0802002458208,0.024435591638567122,0.09328641089431265,16.960890810260718,1.3653252869034493,-0.04480813462808423,-0.19095573445802952,-0.2604354277760934,0.5048638666637184,False,False,False,False,2.2452049255371094,1.8218200206756592,False,False
2024-05-07,1.970484972000122,56092469,0.015711335142845135,0.05195469910363088,-0.06697882090350432,-0.3147168707913609,-0.5513097115739048,-0.3841484540770308,-0.4622547556961587,43.39344835085674,0.022064281557484938,0.08874834458246694,15.982564382941595,1.3449997031846876,-0.03156796335473369,-0.1744695863813962,-0.24935215161333024,-0.1563747766649788,False,True,False,False,2.2452049255371094,1.8218200206756592,False,False
2024-05-08,1.853363037109375,83256100,-0.06127784444992753,-0.04942038022740761,-0.07957588897779737,-0.4646117784269915,-0.5963529968199593,-0.43690591294023085,-0.6742672698015847,39.69749296811721,0.013107405535253663,0.09399301339797964,17.76088792566783,1.307071615063159,-0.08606012481374926,-0.22056908835769606,-0.29425805269421984,0.48426520501352854,False,False,False,False,2.2452049255371094,1.8218200206756592,False,False
2024-05-09,1.9007539749145508,63081881,0.02524878967578932,-0.03608537630147193,-0.06721955762868205,-0.3436866305757919,-0.5468542187595056,-0.44971155283262737,-0.688086128129884,41.85550042535862,0.010961311381160924,0.08861308111423258,18.557319100910963,1.2815044290370867,-0.06069357904755009,-0.19588102477808836,-0.2764677646238738,-0.24231520573267307,False,False,False,False,2.2452049255371094,1.8218200206756592,False,False
2024-05-10,1.7593669891357422,74406128,-0.07729655726781103,-0.18893911304776065,-0.1021791379584907,-0.3991522320040895,-0.6513917942312295,-0.5203294374669418,-0.7275031469147649,37.53929147620557,0.0011242360476938912,0.09525295443572747,21.53069984703184,1.3016023864368227,-0.12304827133618434,-0.24867902215466606,-0.3302466921272903,0.17951663489552572,False,False,False,False,2.2452049255371094,1.8218200206756592,False,True
2024-05-11,1.7608850002288818,41863007,0.000862444615793765,-0.15900610582700236,-0.15380758295845834,-0.37256246010712246,-0.6305003241890225,-0.4927467160753227,-0.6813261408286505,37.613677184556714,-0.003900420859086276,0.09090801391980463,23.87676046979218,1.3017128059322087,-0.1151752026746179,-0.2416525824052417,-0.3295583791672699,-0.43737151595900814,False,True,False,False,2.2452049255371094,1.8218200206756592,False,False
2024-05-12,1.7823400497436523,28863155,0.012110611908850166,-0.12757396868173582,-0.17611143558919107,-0.17291945636562875,-0.6556769151691152,-0.5607452912715721,-0.6308711151524675,38.724409383807924,-0.004364121246528907,0.0848139951857881,24.584906624245704,1.139892143414909,-0.09608831952936125,-0.22481947997104457,-0.3212757434217565,-0.3105331635637163,False,False,False,False,2.2452049255371094,1.8218200206756592,False,False
2024-05-13,1.662727952003479,75604358,-0.0694675374801941,-0.1541087578546543,-0.27612117960619126,-0.10629300484329839,-0.6506357845455376,-0.6250345308315659,-0.6657646562572216,34.984773568838776,-0.010937423571664384,0.0908095424901899,27.57002117924772,1.0652606087403516,-0.1471417957806226,-0.2674455106397338,-0.3665982621058852,1.6194072685401162,False,False,False,False,2.2452049255371094,1.8218200206756592,False,False
2024-05-14,1.602342963218689,88807407,-0.03699268799611966,-0.20681278099361902,-0.15485808188998823,-0.27729240453846593,-0.6080879035301177,-0.7187255816765636,-0.7075796762265114,33.23959909868533,-0.017190858329996672,0.09227315675603798,31.790565095887697,0.9478736474851361,-0.16949867519135195,-0.2832626651491578,-0.3893498173164172,0.17463343845866652,False,True,False,False,2.2452049255371094,1.8218200206756592,False,False
2024-05-15,1.66001296043396,86747927,0.03535849968876692,-0.11017643685492456,-0.15959681708233217,-0.20966865789135372,-0.4950917125853939,-0.6655378122068819,-0.725931355679875,36.4976310172827,-0.015342816058940278,0.08740646533482445,33.92214565585573,0.9565106982193013,-0.1312122657083588,-0.24754940809695422,-0.36721808812162604,-0.023190407980271277,False,False,False,False,2.2452049255371094,1.8218200206756592,False,False
2024-05-16,1.6492010354995728,135405617,-0.0065344600979748806,-0.14195968662868874,-0.17804506293016073,-0.1946415833892072,-0.505902251646833,-0.6771346652738727,-0.6614053584388176,36.14152391599963,-0.012849189271152195,0.08842325931317016,36.16662379383223,0.9550642754835237,-0.13005407099183983,-0.24344735994881958,-0.3711278876998906,0.5609089655825434,False,False,False,False,2.2452049255371094,1.8218200206756592,False,False
2024-05-17,1.7921819686889648,158187430,0.08314290469437963,0.01847977533350178,-0.1704593377142588,-0.05388399762728347,-0.33449394919155523,-0.5552113143942004,-0.5223695261155327,43.93242230686472,-0.00023765583329193873,0.08375833773142374,35.86737471580702,0.9859259474107064,-0.04806733124902504,-0.1695439278469733,-0.31654475585891445,0.1682486554453646,False,False,False,False,2.2452049255371094,1.8218200206756592,False,False
2024-05-18,1.7712860107421875,76537692,-0.011728011914379758,0.005889318803328347,-0.15311678702367398,-0.11644988706227762,-0.2646309171483172,-0.6309048074689404,-0.5106845509554948,43.104741514584624,0.0075967693737295505,0.08192378582569072,34.48814191775816,0.9678745568883756,-0.05023004283408545,-0.17129062948518428,-0.3244385178990311,-0.5161581928475607,True,False,False,False,2.2452049255371094,1.8218200206756592,False,False
2024-05-19,1.7261970043182373,66530905,-0.025785117128281628,-0.03200641023380359,-0.1595803789155394,-0.14069317343880683,-0.4112113489697143,-0.6782361312640947,-0.5140176201316126,41.296788779272525,0.010465043765989362,0.08109444907968681,31.433871123387497,0.9708264760021604,-0.06271473178153815,-0.1842768238604086,-0.34144471869801896,-0.13074325523168373,False,False,False,True,2.2452049255371094,1.5088260173797607,False,False
2024-05-20,2.0977048873901367,239722187,0.19492311091824896,0.23238423816463935,0.07827548030998523,-0.004041530064827956,-0.31104714578142517,-0.43703581575864675,-0.30804202135156583,57.218776373878605,0.03663265964437194,0.07755128443152615,33.477610508308885,1.1774029530980927,0.13202960093054955,-0.0005239131450194036,-0.20023239442024054,2.60317039126403,False,False,False,False,2.2452049255371094,1.5088260173797607,False,False
2024-05-21,2.21549391746521,425331333,0.05463152990770685,0.32400845606846584,0.11719567507484673,0.061379665624197756,-0.2145403233276255,-0.32541034159429055,-0.20026700208503379,60.84492024070302,0.05975686401261318,0.08031357521659689,37.1178309157859,1.191974647988989,0.1870034582333247,0.06189529869403017,-0.15579937481755632,0.7742676984671428,True,False,False,False,2.2452049255371094,1.5088260173797607,False,False
2024-05-22,2.095561981201172,193505029,-0.05565360002280526,0.23299635635689378,0.12281991950196917,-0.024750818323412877,-0.3316211013765052,-0.343105459229269,-0.24892171352686115,55.67082772192795,0.06445431331016248,0.08527866385345977,38.233077492481435,1.2039186536978688,0.11900102383845443,0.00927773272309654,-0.2016011697936146,-0.5450487326312261,False,False,False,False,2.2452049255371094,1.5088260173797607,False,False
2024-05-23,2.13832688331604,354963823,0.020201926833761156,0.2597327432886298,0.11777305665994092,0.014765180982298358,-0.3833337773411753,-0.36854342145472535,-0.29635450436074523,57.07261344844384,0.06759200917868657,0.08403511209765997,38.42090570227084,1.2041707737277147,0.14143860498601915,0.0339637815051965,-0.18547980058712166,0.8343906865593658,False,False,False,False,2.2452049255371094,1.5088260173797607,False,False
2024-05-24,2.3575809001922607,389414473,0.09761235801200425,0.27420219660625433,0.2926819719397562,0.16105831536993703,-0.33941547846854625,-0.3325360630079804,-0.235223050845398,63.453519257203276,0.08069666574505963,0.08208529464270421,43.45132218974547,1.2366618232017113,0.2487040955760416,0.14222268710108674,-0.10253159718153214,0.09705397499057256,False,False,False,False,2.2452049255371094,1.5088260173797607,True,False
2024-05-25,2.423322916030884,215440350,0.027503653087817256,0.3134338616084514,0.31932318041177976,0.1756695101310803,-0.2569320889912494,-0.333543937644756,-0.23933196862930622,65.12735528450096,0.08938075113441624,0.0821389059056094,49.192741060825725,1.2388289447251222,0.27012188644175356,0.17620916833515202,-0.07830072350900776,-0.44675823592206343,True,False,False,False,2.2452049255371094,1.5088260173797607,False,False
2024-05-26,2.5679819583892822,248314097,0.05798065613490335,0.39719963487163634,0.36519322463783294,0.27598714320398615,-0.1426907101337117,-0.344774507716011,-0.177438627374301,68.54157578390027,0.09967145750105999,0.08005405206670628,56.78632312889622,1.2391287872952679,0.3241416908716544,0.24607417228699766,-0.02442408323090081,0.15258862603964385,False,False,False,False,2.2452049255371094,1.5088260173797607,False,False
2024-05-27,2.4841620922088623,207519702,-0.033184943799016854,0.1690915801543707,0.40147581831900997,0.19031130978920793,-0.14895534194042317,-0.33355730367054853,-0.23865678637483106,64.59524666429346,0.0956215453508559,0.08278625388137201,61.045379653045096,1.2374905025132792,0.2641790706455125,0.20792394825030053,-0.05652895830675979,-0.16428545738182554,False,False,False,False,2.2452049255371094,1.5088260173797607,False,False
2024-05-28,2.3485610485076904,174794514,-0.05613259562688846,0.05832745461977526,0.3823359106882412,0.0997642496227364,-0.17746057090077702,-0.3729924842313106,-0.29505923202343715,58.706459484212886,0.07927301980210999,0.08722991931105664,62.30249423684978,1.2518598610319625,0.18030027716165042,0.14870036391603855,-0.10811116133558553,-0.15769677618368982,False,False,False,False,2.2452049255371094,1.5088260173797607,False,False
2024-05-29,2.3126680850982666,173347279,-0.015400947616902125,0.09858010702567854,0.33157646338257213,0.053821095469028135,-0.18713206472203045,-0.3750151105259755,-0.26885495607588394,57.219496032686635,0.062255435863366855,0.08605215752052049,63.058130433330696,1.249543130820876,0.15035488312586828,0.13522762262781268,-0.12187209880145877,-0.008279636281948721,False,True,True,False,2.696877956390381,1.5088260173797607,False,False
2024-05-30,2.3893771171569824,145323690,0.03263083832871943,0.11100901852063674,0.3707417618092663,0.24470771951007028,-0.21592896115029533,-0.33964558985694854,-0.16884077070406792,59.57603786161328,0.0527546925185534,0.08286310943489653,63.017334322123666,1.1115897136353534,0.1701758112917594,0.17557190481664559,-0.09295336163076444,-0.16166154531909327,False,False,False,False,2.696877956390381,1.5088260173797607,False,False
2024-05-31,2.535576105117798,182196239,0.059388160085308964,0.07278482059394134,0.34698701720019587,0.26399864471426837,-0.11261177024278898,-0.3052235242195289,-0.11076492869308946,63.68215958394711,0.05277785192702,0.0792413267494568,63.825613443881934,1.1205666335289988,0.21865763139225303,0.24775044246370564,-0.03798800981483385,0.253727035144786,False,False,False,False,2.696877956390381,1.5088260173797607,False,False
2024-06-01,2.433712959289551,102771003,-0.04100281364013554,0.004278353865988685,0.31771221547444023,0.2110820453242791,-0.065530891142853,-0.3101819009575216,-0.14548840786802647,59.17224429949196,0.042818157757677694,0.08150789124914226,63.04793001336751,1.1338388464400304,0.15167237743187834,0.19392337493346976,-0.07675865920266559,-0.4359323575279729,True,False,False,False,2.696877956390381,1.5088260173797607,False,False
2024-06-02,2.3516130447387695,110766670,-0.03431656327833136,-0.08801886554724593,0.3091807693243904,0.10120830256747022,-0.08056708999724581,-0.33424326457642295,-0.16035997176126823,55.74558160601084,0.028287159998612366,0.08279534447357703,59.61566673823634,1.1148787472758206,0.09497375730553631,0.14798809830231055,-0.10774030562759004,0.07780080729580896,False,False,False,True,2.696877956390381,2.217639923095703,False,False
2024-06-03,2.2995519638061523,117925896,-0.022387189092153717,-0.07722111084038279,0.0918704693139878,0.10789167608028113,-0.10747498751946485,-0.3034853052466357,-0.15003805883801008,53.624902349212554,0.013505232650018725,0.08299864505990266,54.221144890784615,1.1126723582294626,0.05363025023745745,0.12054751252990845,-0.12755176671486362,0.06463339558731884,False,False,False,False,2.696877956390381,2.217639923095703,False,False
2024-06-04,2.3280439376831055,96765804,0.012314097652013972,-0.008774417561480388,0.04955303705829503,0.1395272989687114,-0.11457660665348765,-0.377136013269229,-0.14224775353768485,54.64188507089944,0.004450847167898814,0.07863063920022852,49.04434034935161,1.1099395317568552,0.05060624535917584,0.13133531067867366,-0.11695514318640261,-0.17943549905272715,False,False,True,False,2.5886919498443604,2.217639923095703,False,False
2024-06-05,2.2649149894714355,133113301,-0.027491177277851508,-0.020864647222429745,0.07771545980324868,0.15496886999813542,-0.11430989959250279,-0.4255787886943739,-0.20781022324271095,51.92485331015474,-0.006396157770130612,0.07864352622025823,42.48112544315498,1.1028920913009699,0.00811148530160066,0.09786857911660743,-0.1409330956865475,0.37562336587416767,False,False,False,False,2.5886919498443604,2.217639923095703,False,False
2024-06-06,2.195301055908203,110963624,-0.03121803355499415,-0.08471351910614329,0.026295499414493398,0.1080395013002961,-0.20667736949106466,-0.4432702102736087,-0.27610895277673464,49.02964325075244,-0.018197402409297528,0.07974307011395783,37.980879261271966,1.1093730221603486,-0.031561851680126145,0.060998837065185926,-0.16706695850513692,-0.16639717318707314,False,False,False,False,2.5886919498443604,2.217639923095703,False,True
2024-06-07,2.0297958850860596,197358666,-0.07838395365386468,-0.22248563284531686,-0.14970081225137544,0.09093339209635895,-0.3736783863306324,-0.5054196047236005,-0.3459725208438718,42.904605255193694,-0.0360561844432271,0.0948260924561294,33.60922171161059,1.123479327887394,-0.10964978237191636,-0.019367376283086206,-0.22929362784219084,0.7785888644011842,False,False,False,False,2.5886919498443604,2.217639923095703,False,False
2024-06-08,1.9321889877319336,113157650,-0.04928168803628111,-0.23076450724146255,-0.22648615337547381,0.01640291438428859,-0.32728371619150326,-0.5304513043752168,-0.4333086384483387,39.75070123462029,-0.05236023816999226,0.09814020186232905,28.86240070456117,1.1349476877456741,-0.15627589109186169,-0.06602868763019525,-0.2659492559222548,-0.42663956798329794,False,True,False,False,2.5886919498443604,2.217639923095703,False,False
2024-06-09,1.880431056022644,182001841,-0.027152515064843424,-0.22360045902797462,-0.3116193245752205,0.06654695658725623,-0.33260527541683316,-0.5848448376439733,-0.45378248087968537,38.149257302632655,-0.06378981942630474,0.09741810391271977,32.230371176103226,1.1047356962598216,-0.1749630696156245,-0.08905892538171903,-0.284623472883153,0.6083918409404931,False,False,False,False,2.5886919498443604,2.217639923095703,False,False
2024-06-10,1.869246006011963,189224492,-0.00596589146230158,-0.20717916139812248,-0.2844002722385053,0.059718620509160866,-0.3128438395979614,-0.5707817036798616,-0.4330280955661618,37.794896396584825,-0.06883036181023656,0.09403430445757721,36.08105980953737,1.1050978617970957,-0.1735932826048472,-0.092592846787451,-0.2880527791820801,0.039684494180473706,False,False,False,False,2.5886919498443604,2.217639923095703,False,False
2024-06-11,1.8318959474563599,227743757,-0.020183676817232512,-0.23967693586736885,-0.24845135342884916,0.027424331783078227,-0.14549512458255048,-0.6282525833860368,-0.5333209594884939,36.57320701181194,-0.07111505624593481,0.09244852883545855,39.50195346266043,1.1071148817809369,-0.18535792026078368,-0.10798582333460462,-0.3013892584322083,0.20356384415607254,False,True,False,False,2.5886919498443604,2.217639923095703,False,False
2024-06-12,2.000441074371338,151882689,0.08801622603192805,-0.12416953255758935,-0.1450341797800192,0.18490809529520033,0.0786150904519018,-0.4657276892503374,-0.4401264355363655,45.18402451576791,-0.05825083579341024,0.08843629087073952,40.5860067631335,1.1173361983113335,-0.1076703121112721,-0.02490353972246241,-0.2363845332658498,-0.33309834262547977,False,False,False,False,2.5886919498443604,2.217639923095703,False,False
2024-06-13,1.8612979650497437,118551799,-0.07209361840445783,-0.16504511740705308,-0.24975863651319635,0.14980716488686205,-0.12748523965160374,-0.4582807386432555,-0.5689184167897015,40.31773498444941,-0.05606911164852667,0.09473111487315818,43.33731166749429,1.1408603139514255,-0.16044455086809215,-0.09143814316570001,-0.2886300039411108,-0.21945153999742528,False,False,False,False,2.5886919498443604,2.217639923095703,False,False
2024-06-14,1.9816290140151978,149830057,0.06264516577076112,-0.024015997982427383,-0.24650163082774418,0.1770938309688563,-0.03257482692249734,-0.31799788161653764,-0.4884439812380256,45.758334200684004,-0.04401051136973518,0.08946585604899651,43.831730109021514,1.1538968286229059,-0.09717463406592863,-0.0322159814285892,-0.24208693187833233,0.26383621559382653,False,False,False,False,2.5886919498443604,2.217639923095703,False,False
2024-06-15,2.068336009979248,110653737,0.04282518329807016,0.06809087335192403,-0.16267363388953848,0.22645347436490132,0.03181189097569417,-0.2794487772819317,-0.4506811909089715,49.34186973288081,-0.028438907882412382,0.0836222530759173,41.656556183271654,1.1600287610245774,-0.04682218750354166,0.008950235256707845,-0.20851654347658963,-0.2614717019029099,False,False,False,True,2.5886919498443604,1.769948959350586,False,False
2024-06-16,2.149113893508911,117465084,0.03831119053625393,0.13355457895302114,-0.09004588007495336,0.18162176020677565,0.1277377625794923,-0.15287218898477953,-0.37358955418742446,52.49091141258816,-0.011795275308235677,0.08337283221374833,39.78771700040315,1.1334947097549248,-0.0018906476480113467,0.04737893515507611,-0.17743359076274168,0.0615555080620549,False,False,False,False,2.5886919498443604,1.769948959350586,False,False
2024-06-17,1.984508991241455,181460043,-0.07968409066685658,0.05983637974846626,-0.14734278164965628,0.11366568145429888,-0.002784205607978772,-0.15096523569401835,-0.5172391260146416,46.18988740119432,-0.01098507470518701,0.09136837971426347,39.76783670861707,1.1710741273198337,-0.07047984422683419,-0.03151031882642912,-0.23989576713762248,0.5447998402657253,False,False,False,False,2.5886919498443604,1.769948959350586,False,False
2024-06-18,2.1887779235839844,273781748,0.0979718383487162,0.177991894914415,-0.061685040952953955,0.23742263693129684,0.09672946349249002,-0.17378871203841756,-0.4408134943327979,53.62894962746462,0.0034242690040831893,0.09075307856869913,39.22647950608096,1.2106304129574887,0.028180465024753795,0.06820625016664551,-0.16133898764220111,0.5087715371036257,False,False,False,False,2.5886919498443604,1.769948959350586,False,False
2024-06-19,2.3324289321899414,291238566,0.06356682244734169,0.15354249132982864,0.029372958772239246,0.10606634846038966,0.10202481839556173,-0.20498079732103544,-0.33096946729825716,58.0238399535597,0.021725631665534345,0.08659168341742096,38.67504374504369,1.0282022394189463,0.09712814904935188,0.13320645860483057,-0.1061311911787608,0.06376180343475646,False,False,False,False,2.5886919498443604,1.769948959350586,False,False
2024-06-20,2.3169469833374023,215127183,-0.006659821170254889,0.21897628856403153,0.05393117115697855,0.044774997382427836,0.10615466300662571,-0.16976532594519758,-0.28063534421186276,57.3925077510953,0.0313020380423881,0.08689135387061545,35.66702923363705,1.0119644274249238,0.09547863316270225,0.1216553095793435,-0.11186658720479171,-0.26133689657021586,False,False,False,False,2.5886919498443604,1.769948959350586,False,False
2024-06-21,2.2634971141815186,155540047,-0.023339350633747705,0.13299177215952274,0.10897577417709543,0.07708924677148528,0.05233842844807249,-0.25453185460501976,-0.2660162124577838,55.1610449000031,0.032413432153788356,0.0886069623681146,33.71132904805428,0.9951343365978601,0.07453084338237262,0.09268097822228044,-0.13215855470824622,-0.27698561924645293,False,False,False,True,2.5886919498443604,1.7650190591812134,False,False
2024-06-22,2.1514179706573486,100964433,-0.05078386696969642,0.039382721891756185,0.10747359524368005,0.006103452968027735,0.02086863395032615,-0.3772303243731476,-0.36243996848669763,50.70878503105082,0.024345399365979875,0.09093165061211524,32.21801364790646,1.0099965984850896,0.02620080731381546,0.03831362706255321,-0.17472929769044826,-0.35087821466326286,False,False,True,False,2.405561923980713,1.7650190591812134,False,False
2024-06-23,2.0714550018310547,129513372,-0.03787588619253279,-0.036804354837030505,0.09675022411599063,-0.12938479123650923,0.03167352413342768,-0.4688002697050555,-0.4619208542444897,47.74771034599527,0.012940910393582583,0.09456651439380806,31.142837489094067,0.9545773316146574,-0.006536158166753726,-0.00034637536621796145,-0.2051095621810256,0.2827623367131671,False,False,False,False,2.405561923980713,1.7650190591812134,False,False
2024-06-24,2.384558916091919,310878725,0.14076290660021484,0.18364264243004083,0.24347902217850714,-0.016125537724111738,0.15954397240696852,-0.2730576267153612,-0.34966947536886767,58.07189304288726,0.025098152729789457,0.08785738577253116,31.98776478073939,1.0761025926807473,0.1420798051039748,0.14677171041789497,-0.08473556294135554,1.400360057029478,False,False,False,False,2.405561923980713,1.7650190591812134,False,False
2024-06-25,2.332818031311035,177826795,-0.0219371741208801,0.06373362996044443,0.24172552487485943,-0.09604336797989511,0.17994377522409094,-0.2387340781136067,-0.4408178756959061,56.09929851652135,0.02804538255371078,0.0886338308184832,32.73958425279802,1.0573462658767128,0.11548471876940694,0.1176634063088473,-0.10439950976216568,-0.427986604744342,True,False,False,False,2.405561923980713,1.7650190591812134,False,False
2024-06-26,2.4292240142822266,178582954,0.040494878393837475,0.04066168590694035,0.19420417723676892,-0.022363545787040827,0.16794776400216713,-0.17131888772746395,-0.3559208494575893,58.90061382976822,0.034455922207092524,0.08543006782444948,35.24250399927066,1.062271219169472,0.1551228972950081,0.15875840908829986,-0.06753907534615027,0.004252221944392565,False,False,False,False,2.405561923980713,1.7650190591812134,True,False
2024-06-27,2.3417019844055176,143819533,-0.03669386192126388,0.010627645155931276,0.22960393371996277,-0.002924812081416247,0.09683943754132016,-0.18038538298219317,-0.37591729631272675,55.441809382797516,0.030884758177569208,0.08712814263866742,36.15453092229236,1.0516251537168069,0.10530852298710322,0.11182990787009224,-0.10105783029727362,-0.19466259360901828,False,False,False,True,2.405561923980713,2.051485061645508,False,False
2024-06-28,1.8754500150680542,293399876,-0.22202937008502036,-0.1880623742953414,-0.05507060213581856,-0.20955323454953453,-0.1557321390805063,-0.39668529927156493,-0.5845683450755101,41.470588297974444,-0.002995590588589083,0.12269447066044914,36.795746542643336,1.3057463060140908,-0.11358044327420722,-0.10933048358611952,-0.27951337856807634,1.0400558246841198,False,False,False,False,2.405561923980713,2.051485061645508,False,True
2024-06-29,1.918274998664856,154172024,0.022577705345458367,-0.11470080198018645,-0.07531808008843036,-0.21960636753279536,0.025101351977274797,-0.43553532868309086,-0.559251957389744,42.8940300225835,-0.021602155897663945,0.11686647087752024,36.36153166770537,1.3023738979519461,-0.0941496200229333,-0.09036542810895938,-0.26262113593365194,-0.47453275678957685,False,True,True,False,2.4859631061553955,2.051485061645508,False,False
2024-06-30,1.9734899997711182,118007619,0.028377204845541792,-0.048447710942111887,-0.08525206577914239,-0.2506173227725625,0.013381321941705689,-0.3632290930153515,-0.5558408469920916,44.75941454510789,-0.028820085083732874,0.1089584387690891,35.24295993975981,1.286780584493775,-0.07036404254927203,-0.06606591407196054,-0.24090771383922413,-0.23457177289181852,False,False,False,False,2.4859631061553955,2.051485061645508,False,False
2024-07-01,2.0064480304718018,143188971,0.01656246094986886,-0.17264815659245797,0.010994485837583034,-0.19305204818255836,0.01802999714172073,-0.2585829393254113,-0.5032339491400798,45.895495123496445,-0.029876163058784287,0.1044967475122958,33.22697964388727,1.2840605818163997,-0.058708646233896385,-0.05247868302977498,-0.22771757538148243,0.21338751017423707,False,False,False,False,2.4859631061553955,2.051485061645508,False,False
2024-07-02,1.9065790176391602,126195255,-0.0510554639049343,-0.20176644637651212,-0.13803281641606752,-0.20979094880916127,-0.10858264624169105,-0.2903580388064071,-0.5440342133855841,43.009040072710526,-0.0354233685082937,0.1076252550671806,34.16505037089859,1.2899490965167648,-0.10358689021278523,-0.10170950823819788,-0.2658414148290573,-0.11868034165843677,False,False,False,True,2.4859631061553955,1.855525016784668,False,False
2024-07-03,1.7265429496765137,162206420,-0.099189431627538,-0.34145075639788763,-0.3007890704909473,-0.2865931913445456,-0.17870151526426453,-0.39406817886401035,-0.5900784965911813,38.32913346900117,-0.048530069126507286,0.1190975992078433,36.50724872661355,1.3287197875126522,-0.18565440431408808,-0.1874849702756826,-0.3346106138499873,0.28536068967093886,False,True,False,False,2.4859631061553955,1.855525016784668,False,True
2024-07-04,1.6132049560546875,328324122,-0.06789825806876497,-0.37265515254538856,-0.3620275073894574,-0.3668055470653244,-0.22727824809661304,-0.48138215371881193,-0.7439415603345535,35.695859961042686,-0.0613207148307729,0.12570374253640557,42.12654422869999,1.3415006369409883,-0.2324426963687378,-0.24048747711910368,-0.3777261066167721,1.0241129913353615,False,True,False,False,2.4859631061553955,1.855525016784668,False,False
2024-07-05,1.5784989595413208,218135236,-0.02174848632920933,-0.17237426878957746,-0.3604366430849188,-0.3610628561166822,-0.2060939861185468,-0.475372755709185,-0.786641644811056,34.90505572573571,-0.06808488398483559,0.12852014113399615,47.9585429170173,1.3408275900329538,-0.2401004745409026,-0.25633230388813416,-0.39046685772897377,-0.33561008350157107,False,True,False,False,2.4859631061553955,1.855525016784668,False,False
2024-07-06,1.6337770223617554,127623735,0.034420156031444334,-0.16053181810359163,-0.2752326200837781,-0.29542466653024374,-0.18738516522994766,-0.5021020360213085,-0.7386948768038526,37.288110386986844,-0.06481943379489738,0.12011744622046257,51.932082056900974,1.3485333798471346,-0.2036105883584372,-0.2291389580398156,-0.3686141247604271,-0.41493296846365524,False,False,False,False,2.4859631061553955,1.855525016784668,False,False
2024-07-07,1.5637370347976685,93526808,-0.04381603423521778,-0.2327250571843513,-0.2811727681264631,-0.26085674711159684,-0.16992335501523786,-0.6345351334422293,-0.7662763518351974,35.514063709315536,-0.06328856140949461,0.1221482572660812,56.470041607053766,1.331706865220976,-0.22985368436084197,-0.26073787585307096,-0.3950556206059677,-0.26716760013331375,False,False,False,False,2.4859631061553955,1.855525016784668,False,False
2024-07-08,1.5665719509124756,144544077,0.001811269687938368,-0.24747624844628163,-0.42012440503873943,-0.20976378938737744,-0.19336087500308874,-0.5370475055788806,-0.7402150937625942,35.647519920622344,-0.05813018611057175,0.12132741647371811,60.254468575976446,1.3240107809096808,-0.2164520038068031,-0.25827820391638107,-0.3932699106883266,0.5454828416682413,False,False,False,True,2.4859631061553955,1.4333950281143188,False,False
2024-07-09,1.5890469551086426,105150577,0.014244675861885213,-0.18217610867946196,-0.3839425550559741,-0.16836659846064872,-0.10181964187339246,-0.5009718738774819,-0.7532114361046219,36.76483760353642,-0.04958269782764538,0.11568581670349272,61.89721638181482,1.3239510632732,-0.19015510547870193,-0.24399558650008463,-0.38354441632214437,-0.27253624512058006,False,False,False,False,2.4859631061553955,1.4333950281143188,False,False
2024-07-10,1.684080958366394,134153319,0.058085552486172386,-0.02490112456575159,-0.3663518809636392,-0.10431515451217475,-0.04459653400301378,-0.41715899411013624,-0.6750968581920361,41.398101085700304,-0.03461549783726464,0.10847008003142494,61.730903802650246,1.3424570746158249,-0.1276536837930062,-0.19471029814851806,-0.34581612489069435,0.2758210447100067,False,False,False,False,2.4859631061553955,1.4333950281143188,False,False
2024-07-11,1.5824650526046753,107220265,-0.06223619857377962,-0.01923906507076637,-0.39189421761615495,-0.14636767626872196,-0.11894334448564368,-0.2918628008512725,-0.7746202596547588,38.177046813829975,-0.028879994336768217,0.1117766529603361,62.61015640902965,1.3569788517266288,-0.16557214375737464,-0.23956928744938547,-0.3842771564804321,-0.20076323270093677,False,False,False,False,2.4859631061553955,1.4333950281143188,False,False
2024-07-12,1.7035950422286987,116807737,0.07375695775913314,0.07626637901757607,-0.0961078897720013,-0.16062694454151663,0.024281150753683624,-0.08201185408961485,-0.6263546337918542,43.79134512503455,-0.014950457902008427,0.10316655490466953,62.67455267715308,1.3455562453009544,-0.09096802812548274,-0.17792733433579008,-0.33604743666499604,0.08941846954024979,False,False,False,False,2.4859631061553955,1.4333950281143188,False,False
2024-07-13,1.6618210077285767,79926574,-0.024826755170033663,0.017019467816098168,-0.14351235028749343,-0.11336008130709255,0.036447083579769474,-0.24084532095869632,-0.571640819950348,42.36255860214005,-0.006977348814601825,0.10152925779779255,63.32488715988753,1.3260075106218638,-0.10346025151519689,-0.19266436614158175,-0.35136046471324894,-0.3157424666141764,False,False,False,False,2.4859631061553955,1.4333950281143188,False,False
2024-07-14,1.7496130466461182,103051238,0.05148065356409916,0.11231615561541523,-0.120408901568936,-0.12452459351375429,0.05256923745510198,-0.15709942043625172,-0.442522475130292,46.32603380623807,0.005128930358221817,0.09380200246229033,58.72800166334058,1.319524476981727,-0.03964877550019881,-0.1444131491762078,-0.31566032629799995,0.2893238486613976,False,False,False,False,2.4859631061553955,1.4333950281143188,False,False
2024-07-15,1.8168410062789917,119459110,0.03770463487819339,0.14820952080567024,-0.0992667276406114,-0.12964514193363125,0.09680833243127006,-0.09783325095793712,-0.409093919215563,49.20647669838155,0.017867127940585814,0.08766234822822626,53.55663184190983,1.3173491603131255,0.0115769755772805,-0.1049623866100204,-0.28812643244588343,0.15922052290143274,False,False,False,False,2.4859631061553955,1.4333950281143188,False,False
2024-07-16,1.8253049850463867,128087233,0.004647806004587467,0.13861265094837216,-0.04356345773108983,-0.16330852646529778,0.018313233741477964,-0.03557076388580552,-0.3161807154500773,49.57339101960573,0.026542739599428933,0.08612780478131203,43.52123151514105,1.3088429624564109,0.03366801295099247,-0.09491739212119003,-0.28327226663881827,0.07222658029178342,False,False,False,False,2.4859631061553955,1.4333950281143188,False,False
2024-07-17,1.9411799907684326,201884198,0.06154894266858859,0.14207604113078842,0.1171749165650369,-0.022075493129852446,0.09159018832444635,-0.024859698737831296,-0.1730407288238708,54.42699034610136,0.039011435743762896,0.08313090694325045,33.571673315209736,1.3006988981834007,0.11189764908435423,-0.03355599085193718,-0.23658328884467736,0.5761461409662898,False,False,False,False,2.4859631061553955,1.4333950281143188,False,False
2024-07-18,1.9159690141677856,141527623,-0.013072523563133539,0.1912397161414346,0.17200065107066817,-0.13311985504170237,0.10430278188959445,-0.03639039154921237,-0.30690856708012,53.22661358894484,0.044111241361398906,0.08413559948389392,34.00055940173753,1.2513711868278778,0.09618486331181297,-0.04232477288020108,-0.24541894668711614,-0.29896631632357873,True,False,False,False,2.4859631061553955,1.4333950281143188,False,False
2024-07-19,1.959844946861267,122062755,0.022641854097264064,0.1401246124795654,0.21639099149714155,-0.17404482339177998,-0.06797847493139036,-0.0720200049962184,-0.3790256207128155,55.08327502275627,0.048633455628212044,0.08072590229051384,34.562955805785684,1.231361317166751,0.11995581478904788,-0.016169384386744114,-0.2266817164179259,-0.13753405580760725,False,False,False,False,2.4859631061553955,1.4333950281143188,False,False
2024-07-20,1.9295779466629028,82228534,-0.015564062851724845,0.14938730479787424,0.1664067726139724,-0.18294906507324996,-0.138174067690822,-0.07679440206662425,-0.3527143910184475,53.50544722834158,0.04771411063300206,0.07871740971857606,33.92605658875886,1.2318310437766138,0.10404492307046956,-0.0254338333097008,-0.23721495144609414,-0.3263421426134451,False,False,True,False,2.04079008102417,1.4333950281143188,False,False
2024-07-21,1.9397610425949097,95507621,0.0052634930513690975,0.103170144285144,0.21548629990055912,-0.15434622138813323,-0.07725697461664775,-0.10200779294006068,-0.4088780759931529,53.98303473966431,0.045904975823206705,0.07715766071989111,32.79896563014654,1.2308322169083143,0.11199284919472807,-0.015377840021833617,-0.23148865432394056,0.16149001270045749,False,False,False,False,2.04079008102417,1.4333950281143188,False,False
2024-07-22,1.783926010131836,124295263,-0.08374823241216277,-0.018282723005212033,0.12992679780045802,-0.18731058683059945,-0.1812071338625717,-0.16644195288027322,-0.5645409112037469,46.16752322268357,0.03293346000082759,0.08618292995478337,31.87292913664378,1.2514150981346337,0.026266384909777778,-0.08923075383003738,-0.2913444465665453,0.3014172240768096,False,False,False,False,2.04079008102417,1.4333950281143188,False,False
2024-07-23,1.7650279998779297,145706886,-0.010650004943463966,-0.0335805339532634,0.10503211699510888,-0.16008470558153057,-0.2894694968180398,-0.12841118144810276,-0.6288849752865859,45.3108058649398,0.022309507135280578,0.08730248476456395,31.85861164946717,1.246346430304371,0.014271844672165688,-0.09393372811730265,-0.2963574773159262,0.17226419159674644,False,False,False,False,2.04079008102417,1.4333950281143188,False,False
2024-07-24,1.6272319555282593,88531936,-0.08128616974044328,-0.17641564636229531,-0.03433960523150678,-0.38213378192218855,-0.3982593196463004,-0.22258980951522012,-0.6551914086375499,39.54803614029833,0.0060752437676702825,0.09456094505921865,31.705569907116022,1.1561333002165752,-0.06528925209262149,-0.15861660013382856,-0.34939349880206905,-0.3923970346878458,False,False,False,False,2.04079008102417,1.4333950281143188,False,False
2024-07-25,1.5226969718933105,170096417,-0.06639729825291014,-0.22974042105207185,-0.03850070491063724,-0.42659390605421876,-0.5226372740341138,-0.24665013083012777,-0.6653279841678256,35.825558968483676,-0.010715630139809772,0.10098837737832814,32.62362711966501,1.170892714615846,-0.12393193242135613,-0.20657799791312126,-0.3894698062409608,0.9213000944653464,False,True,False,False,2.04079008102417,1.4333950281143188,False,False
2024-07-26,1.5739760398864746,124362532,0.03312184122424151,-0.2192604339250944,-0.079135821445529,-0.4339669432238146,-0.4563304890108554,-0.26601917922164753,-0.6052858309512786,38.86544316820178,-0.017007059540999472,0.09515165924998444,33.319009018382204,1.1668317197270868,-0.09286851428228522,-0.1745133168864802,-0.36693646204967956,-0.2688703607436952,False,True,False,False,2.04079008102417,1.4333950281143188,False,False
2024-07-27,1.634917974472046,137377458,0.03798770712828979,-0.16570866394507966,-0.016321359147205398,-0.35928537417426093,-0.3622101862556771,-0.2624459366329406,-0.539670757156454,42.35990597847999,-0.015732409307806186,0.09025164986696407,32.462114471917346,1.177950144169116,-0.05967456247297745,-0.13898546183061533,-0.33976641587650536,0.1046531120804135,False,False,False,False,2.04079008102417,1.4333950281143188,False,False
2024-07-28,1.5737470388412476,94326537,-0.038133209791582356,-0.20910536678803104,-0.10593522250288696,-0.1753892138808228,-0.38494244843035735,-0.33112135296132916,-0.5720745131523877,39.894864567202475,-0.01753940696671226,0.09062359188334737,32.35661419823971,0.9092068177700996,-0.09504384151318573,-0.16805966313671886,-0.3616224264435173,-0.3133768933182619,False,False,False,True,2.04079008102417,1.4786709547042847,False,False
2024-07-29,1.6053709983825684,130085561,0.019895456730258682,-0.10546167764560956,-0.12374440065082172,-0.17807146249602254,-0.397677830028818,-0.15297011051874781,-0.6136067911791134,41.78107111840081,-0.015221266739320033,0.08616570338739421,32.15114848232784,0.9081989971758518,-0.0772920941740721,-0.14886686833013377,-0.346093695836388,0.379098238282616,False,False,False,False,2.04079008102417,1.4786709547042847,False,False
2024-07-30,1.5835540294647217,110733903,-0.013683174815463254,-0.1084948475176089,-0.14207538147087237,-0.22013184215702766,-0.4707491649295901,-0.20675052021532198,-0.5833609351723792,40.829128802440636,-0.013814873603928135,0.0845006572403599,33.09105156600516,0.9000110996121777,-0.08719462491110429,-0.15788268339462527,-0.3524788191486323,-0.14876099892439254,False,False,False,False,2.04079008102417,1.4786709547042847,False,False
2024-07-31,1.6132919788360596,119983081,0.018605092083724042,-0.008603585693441579,-0.18501923205573684,-0.21808921102317239,-0.41114125920573064,-0.20005921388145148,-0.4766721503485836,42.74405882982137,-0.009732069999506127,0.08200232562013461,32.719188869300446,0.9007217338276058,-0.07087833095311795,-0.1400689941852786,-0.3379688999847918,0.08352616271459334,False,False,False,False,2.04079008102417,1.4786709547042847,False,False
2024-08-01,1.5577280521392822,100197762,-0.03504841589893475,0.022745296660533838,-0.20699512439153803,-0.20208216301717274,-0.411873111826334,-0.31066480925886386,-0.4924402018235798,40.13076083913983,-0.009607356569046988,0.08806103516516432,34.047959494802576,0.8926220739564694,-0.09909439101755226,-0.1657488533763955,-0.35856183767428834,-0.16490090798718526,False,False,False,False,2.04079008102417,1.4786709547042847,False,False
2024-08-02,1.4502949714660645,103690411,-0.07146141853913299,-0.08183796310284083,-0.30109839702793506,-0.17435414992876788,-0.46094734127331344,-0.3530556651930323,-0.5684223287927782,35.59887249054525,-0.015258306184768339,0.09672908283356643,36.95657979298419,0.8611606875491239,-0.15606572720681863,-0.2198508670860579,-0.400577751129729,0.03485755500207688,False,False,False,False,2.04079008102417,1.4786709547042847,False,True
2024-08-03,1.2998679876327515,93356293,-0.1095042530046377,-0.22932992323576834,-0.39503858718084794,-0.21596014486464066,-0.582765691929965,-0.4432383929612536,-0.6973422985834526,30.418999251516183,-0.026942091079887584,0.1097155988905114,43.1140939432992,0.909771144609946,-0.23357091025069102,-0.295602664239386,-0.46037461527038764,-0.09966319836460091,False,False,True,False,1.6831140518188477,1.4786709547042847,False,False
2024-08-04,1.2131619453430176,90508201,-0.0690325821712355,-0.2602292956154214,-0.4693346624034525,-0.26324424070666674,-0.624307096823349,-0.4693382268252136,-0.7386169964158518,27.89910955820983,-0.03766672884098193,0.11827135743623605,50.042893139299295,0.9339184024752556,-0.27173356996168363,-0.33643846509143355,-0.4942889372529652,-0.03050776662693755,False,True,False,False,1.6831140518188477,1.4786709547042847,False,False
2024-08-05,1.0393199920654297,280061505,-0.15466348365067392,-0.434788235996354,-0.5402499136419636,-0.45232788038878496,-0.7477525469190288,-0.6397130456187328,-0.9544299164100934,23.66606719771137,-0.05270294870682152,0.15072114983721327,60.360174549371315,1.0495709209349575,-0.3610170830575045,-0.424538196458328,-0.5649581341985427,2.0943218615073347,False,True,False,False,1.6831140518188477,1.4786709547042847,False,False
2024-08-06,1.1204489469528198,121867752,0.07516280496906948,-0.34594225621182134,-0.4544371037294303,-0.3333490411844978,-0.5942057882960946,-0.5032723961997356,-0.967884174626727,29.074490880477143,-0.0532615928337765,0.13846366654650236,65.01672506618473,1.0898434917208202,-0.29330874329290424,-0.37362441219136605,-0.5291944569190901,-0.5648536131375856,False,True,False,False,1.6831140518188477,1.4786709547042847,False,False
2024-08-07,1.0076509714126587,110477534,-0.10610759931483366,-0.470654947610379,-0.4792585333038206,-0.4412679101872698,-0.6510316995746471,-0.6346287851903585,-0.9783154157661506,26.28589289841308,-0.05697125762403521,0.15521361921838664,71.40613969884997,1.1376957506219079,-0.34571088108340164,-0.4291442867530624,-0.5749137387082571,-0.09346375733590295,False,False,False,False,1.6831140518188477,1.4786709547042847,False,False
2024-08-08,1.1654239892959595,109595686,0.1454631089489873,-0.290143422762457,-0.2673981261019233,-0.31004947710016784,-0.4784160755608166,-0.41186911897356027,-0.8110213509776497,35.59128234554264,-0.04506439664506656,0.13541503131105945,71.64378679331568,1.2647042632712542,-0.2232313202371272,-0.3309154360569103,-0.5065979900565052,-0.007982147755035918,False,False,False,True,1.6831140518188477,0.8978559970855713,False,False
2024-08-09,1.0988579988479614,90586967,-0.05881350246393265,-0.27749550668725675,-0.35933346979009756,-0.42694853205027294,-0.5312636865624477,-0.47154506605328667,-0.8441075261604092,33.66060285429313,-0.038207657723329014,0.1390533296719558,72.20077383957936,1.250760845742747,-0.2467450483452416,-0.3601830699728004,-0.5331909971925336,-0.1734440441387447,False,False,False,False,1.6831140518188477,0.8978559970855713,False,False
2024-08-10,1.1006410121917725,66492497,0.0016212907806989738,-0.16636996290191994,-0.3956998861376883,-0.3630910426957942,-0.5094587189645162,-0.48203438718143776,-0.6549538435470665,33.76424726869158,-0.030426722327618783,0.1311681225141695,70.53648114746022,1.239697884152382,-0.22318121449713085,-0.3503475629554495,-0.5308518902901992,-0.2659816395000839,False,False,False,False,1.6831140518188477,0.8978559970855713,False,False
2024-08-11,1.0213650465011597,73144862,-0.0747527349544611,-0.17209011568514557,-0.43231941130056706,-0.5116007354093884,-0.6722276799509052,-0.4873195846557049,-0.5936125894990033,31.414223062417747,-0.027578053996056895,0.13934420157273658,72.27196509365851,1.2182831205226041,-0.25919800169042456,-0.38898909357964656,-0.562915662720265,0.10004685190270424,False,False,False,False,1.6831140518188477,0.8978559970855713,False,False
2024-08-12,1.0900750160217285,80519510,0.06510650243124878,0.04767987039677723,-0.3871083655995769,-0.421667477808106,-0.5350275591151986,-0.3852203942283365,-0.6625127987668022,35.59808136607593,-0.018463194380979653,0.1281310860806723,71.38940500172683,1.251007571625812,-0.1895239428611318,-0.34013675819124223,-0.5316149339663233,0.10082250206446486,False,False,False,False,1.6831140518188477,0.8978559970855713,False,False
2024-08-13,1.0732530355453491,69913029,-0.015552259425239884,-0.043035193997532264,-0.3889774502093536,-0.48870039079744515,-0.6132249843111997,-0.4361311533423432,-0.6457998112336968,35.03459672892187,-0.011314991344166886,0.12427034921019113,72.21780179277263,1.2284564438507233,-0.18525200168974867,-0.33983925119544206,-0.5368476373193953,-0.13172560290046476,False,False,False,False,1.6831140518188477,0.8978559970855713,False,False
2024-08-14,1.0699100494384766,66671803,-0.003119677491241483,0.05995272782605988,-0.4107022197843191,-0.5295247031668799,-0.6591698451005112,-0.43271637073560987,-0.6273579541248171,34.91631273135228,-0.004888184079841956,0.11941904267904124,73.7642053464761,1.2140408102234226,-0.17358671825957916,-0.3315096235162408,-0.5362925293908949,-0.04636082925258467,False,False,False,False,1.6831140518188477,0.8978559970855713,False,False
2024-08-15,1.0005929470062256,71009365,-0.0669818077121169,-0.1524921888350442,-0.44263561159750137,-0.6011543168835842,-0.764462843348882,-0.5828410831421063,-0.6367250807693898,32.468482081911546,-0.0034496103825699953,0.1263600888464561,75.16951036875582,1.2231571441524545,-0.20962580208166906,-0.3634557561192106,-0.5643021535570578,0.06505841757421793,False,False,False,False,1.6831140518188477,0.8978559970855713,False,False
2024-08-16,1.0062170028686523,70638032,0.005604985750130195,-0.08807370062098127,-0.365569207308238,-0.6570982738020427,-0.6791737669318951,-0.5655080854775963,-0.681957972539874,32.87963296303131,-0.00042254525132262577,0.12121520603070435,74.012212749855,1.1913423967425332,-0.18494491650724962,-0.34881305920957045,-0.5597941722911468,-0.005229352494561801,False,True,False,False,1.6831140518188477,0.8978559970855713,False,False
2024-08-17,1.070430040359497,45791489,0.061862717576174044,-0.027832273825506296,-0.19420223672742631,-0.582163032662735,-0.7152828877044375,-0.47786025077314065,-0.6185534242119475,37.55434847749413,0.007181446779461226,0.11043094816489112,71.81098462574414,1.2264882911132027,-0.11488827941349974,-0.2999626202586248,-0.5296899895012172,-0.35174455313251085,False,False,False,False,1.6831140518188477,0.8978559970855713,False,False
2024-08-18,1.0582979917526245,55801419,-0.011398525109514928,0.03552193601943984,-0.13656817966570578,-0.616203411869514,-0.7902482352612941,-0.6841818868009044,-0.6882234168657324,37.02960678092283,0.012367021085228497,0.10775076330325217,67.41923595816044,1.2175147653416059,-0.10466933507597959,-0.3000232904868001,-0.5332047380259071,0.2185980455887775,True,False,False,False,1.6831140518188477,0.8978559970855713,False,False
2024-08-19,1.0521080493927002,65859160,-0.005866131909848134,-0.035450698321657176,0.012229172075119922,-0.6065054809276375,-0.7894545460008874,-0.7446795486184594,-0.6832998829942616,36.74747630052438,0.016115966035821078,0.10354473085786513,61.702491357442256,1.2184831686823416,-0.0894362226602635,-0.29553110478202577,-0.534105600798084,0.1802416709152146,False,False,False,True,1.6831140518188477,0.9635379910469055,False,False
2024-08-20,1.086851954460144,66019718,0.03248958482513382,0.012591145928716603,-0.030444048068815534,-0.5792793891538724,-0.7336256105420057,-0.6565363637705204,-0.6812871820939331,39.532320595093395,0.021343504616940734,0.09690945243856794,51.127198816536136,1.22930173625431,-0.037438637165119575,-0.2631936861722668,-0.5168718864699383,0.002437899299049695,False,False,False,False,1.6831140518188477,0.9635379910469055,False,False
2024-08-21,1.1094499826431274,67645705,0.02057897897103009,0.03628980239098823,0.09624253021704832,-0.47495217777067966,-0.6622627646012792,-0.6561593116332513,-0.6413941306509529,41.34129382178596,0.026399993177883496,0.09307198238256864,38.1834940340971,1.2142402480218237,0.002474933578397639,-0.23965614697736254,-0.5050100164385551,0.02462880862350847,False,False,False,False,1.6831140518188477,0.9635379910469055,False,False
2024-08-22,1.1214460134506226,54121556,0.010754554627796101,0.11402616473090126,-0.038466024104142855,-0.4535476181994196,-0.6136323237809502,-0.7430171150174595,-0.5819587996475223,42.32763755395298,0.030347435785226612,0.08834583652606541,25.93967235973487,1.2176803942594276,0.02859618050950954,-0.22500716821562322,-0.4979214456708964,-0.19992620374050352,True,False,False,False,1.6831140518188477,0.9635379910469055,False,False
2024-08-23,1.2962650060653687,103505241,0.14486812100209936,0.2532892999828705,0.16521559936188912,-0.22739332745687693,-0.6095271093790656,-0.6256526471031773,-0.4499831369720969,54.36934861648783,0.043714631503929374,0.08145568446425132,25.748858851250777,1.3146615595437274,0.1891375653761432,-0.10025440607589188,-0.4178455198803445,0.9124587068413184,True,False,False,False,1.6831140518188477,0.9635379910469055,False,False
2024-08-24,1.2933870553970337,84819295,-0.0022226552330841306,0.18920392717361215,0.161371653348106,-0.16321868443705095,-0.5898125904912697,-0.6858559584711648,-0.4098688152671787,54.16883246951132,0.05084537721844613,0.08023496412043263,28.826812831729388,1.297469230662853,0.18214744744228764,-0.09868464038385126,-0.41718189469005584,-0.1805313993713613,True,False,False,False,1.6831140518188477,0.9635379910469055,False,False
2024-08-25,1.2384610176086426,64516091,-0.04339490781818372,0.15720754446494356,0.19272948048438332,-0.23973543347947626,-0.6737023767032908,-0.6960659224903316,-0.5057546127011237,50.352094290460336,0.05025595719127664,0.0825253640357074,30.33367438054908,1.2962964031142454,0.12173683340768235,-0.13217926569788688,-0.4398436921352374,-0.2393701103033219,False,False,False,False,1.6831140518188477,0.9635379910469055,False,False
2024-08-26,1.1792709827423096,63401638,-0.04897305764610155,0.11410061872869014,0.07864992040703303,-0.32669619825386753,-0.6859815724281284,-0.6889063845095447,-0.5891421348868082,46.54599413469006,0.04447192338926362,0.08489826640739728,30.810663895812517,1.2929588036991793,0.06528759797398717,-0.16917866072047785,-0.46456950343963366,-0.017274031683041646,False,True,False,False,1.6831140518188477,0.9635379910469055,False,False
2024-08-27,1.072327971458435,70650437,-0.09506447693614747,-0.013453443032591302,-0.0008622971038745483,-0.38362746539843273,-0.5590166792792556,-0.7685699138287901,-0.7147488183597619,40.577839228284226,0.032586371014678386,0.09599108011354102,29.768458383713824,1.322958445375354,-0.03414029686745493,-0.23922414897310385,-0.5110075582113057,0.1143314152230579,False,True,True,False,1.3526910543441772,0.9635379910469055,False,False
2024-08-28,1.041856050491333,74519142,-0.028828172915315472,-0.06286059491893688,-0.02657079252794864,-0.43235109504400693,-0.6104225575400295,-0.830028925072825,-0.5853212055627547,39.04174075433493,0.022305500702800587,0.09796348692103692,30.029781481528484,1.3187179961989373,-0.05633529261921884,-0.25505892830701665,-0.5228158113766351,0.05475840156515943,False,True,False,False,1.3526910543441772,0.9635379910469055,False,False
2024-08-29,1.0579010248184204,63523359,0.015282993272355754,-0.058332156274377316,0.05569400845652399,-0.40338492695618794,-0.6235167691132155,-0.8741340918857781,-0.6101354471715097,40.322780479707674,0.01648711506773745,0.0943901481088346,30.305836733130814,1.3227836804629298,-0.040021890267193015,-0.23675202058470088,-0.5134342065727131,-0.14755648957954992,False,False,False,False,1.3526910543441772,0.9635379910469055,False,False
2024-08-30,1.0696909427642822,60296524,0.011082988474742803,-0.19211728880173373,0.06117201118113671,-0.4109070305651692,-0.6289962415883414,-0.8220482897708997,-0.6109662444466206,41.2989657128346,0.013461612536921283,0.09073993655287588,30.456496159909335,1.320748344933853,-0.027958286655232496,-0.22249308000127072,-0.5056778800300111,-0.05079761289071627,False,False,False,False,1.3526910543441772,0.9635379910469055,False,False
2024-08-31,1.0590519905090332,38261088,-0.009995608834583308,-0.1998902424032328,-0.010686315229620656,-0.3858542235008176,-0.5879363865179904,-0.7977273353271518,-0.6965190327596815,40.65273706719618,0.010883197034501135,0.08718949149528266,29.900917608355964,1.3185398758387048,-0.039271122420630473,-0.2229452160743473,-0.5082680416072825,-0.3654511825590476,False,False,False,False,1.3526910543441772,0.9635379910469055,False,False
2024-09-01,1.003980040550232,53480278,-0.053402018237411725,-0.20989735282246086,-0.05268980835751745,-0.36779482319909634,-0.5421489731278643,-0.8287421644724098,-0.7208504883921286,37.391128217021766,0.0058597567038884135,0.09057149943009159,31.013347965252507,1.309914561174598,-0.0856595704238945,-0.2561724322272397,-0.5313539957617003,0.39777201317432476,False,False,False,False,1.3526910543441772,0.9635379910469055,False,False
2024-09-02,1.0700370073318481,63293025,0.06372109302528854,-0.09720320215107084,0.016897416577619187,-0.1945694771691701,-0.41052962203381077,-0.7773351690991351,-0.6378078701304238,43.270413828548016,0.007283968138242017,0.084513210896329,31.03599201306787,1.2872168610411505,-0.025357719895081038,-0.19916811033047835,-0.49798908483197823,0.18348347029908862,False,False,False,False,1.3526910543441772,0.9635379910469055,False,False
2024-09-03,0.9874340295791626,58837953,-0.08033882409507145,-0.08247754930999486,-0.09593099234258613,-0.20587571909300614,-0.46911995979967297,-0.8301828159163551,-0.6752139459182198,38.41276605620229,0.0031710512700928034,0.0917373663846354,32.31987102994113,1.294713760136106,-0.09720552955927891,-0.251699415886644,-0.5342750596929152,-0.07038804038833668,False,False,False,False,1.3526910543441772,0.9635379910469055,False,False
2024-09-04,1.016029953956604,73827808,0.0285484208903512,-0.025100955504328143,-0.08796155042326503,-0.022663814551980986,-0.47499169494076604,-0.7704163614710098,-0.6623768601707137,40.88683777205768,0.002892402238188957,0.09056860161054901,32.021961954650756,1.1844982988487294,-0.07171583342561082,-0.2204672011844504,-0.5183952835331898,0.25476506635096574,False,False,False,False,1.3526910543441772,0.9635379910469055,False,False
2024-09-05,0.9649860262870789,63623243,-0.05154448924196895,-0.09192843801865287,-0.15026059429303015,-0.14937110876301943,-0.48272014994751716,-0.7435768970591141,-0.6526435049627549,37.955781532517506,-5.741642756576515e-05,0.09308279491839029,32.998748760526894,1.1645709097204298,-0.11668780729668776,-0.24837089968205397,-0.5400134476418209,-0.13822115645096766,False,False,True,False,1.083899974822998,0.9635379910469055,False,False
2024-09-06,0.9118559956550598,73985096,-0.05663154259675572,-0.15964296909015138,-0.35176025789188514,-0.09989505204494137,-0.5411629622322113,-0.7509267516195887,-0.7345238372353,35.132643442342584,-0.004659837455756682,0.09990320848855906,36.26156240145848,1.122523595024844,-0.15921896994486895,-0.2784676790319361,-0.5627449427916023,0.1628626978351293,False,False,False,False,1.083899974822998,0.9635379910469055,False,True
2024-09-07,0.9142060279846191,59347765,0.0025738814963826165,-0.1470734787591854,-0.34696372116241836,-0.2427842794975461,-0.5528337565977139,-0.7212003550583626,-0.6546533984711063,35.361657871607775,-0.006505582394241732,0.09493338654076493,38.995091447711076,0.9865503997998778,-0.15141493317053834,-0.2644361567644465,-0.5591518204378989,-0.19784161664127597,False,True,False,False,1.083899974822998,0.9635379910469055,False,False
2024-09-08,0.9449800252914429,55393364,0.03310783041037086,-0.06056363011140287,-0.2704609829338637,-0.15086294662324246,-0.5778114786735153,-0.6821266331856902,-0.6224080126765291,38.42728753749168,-0.00469796058626086,0.08951034177941528,40.61248915040736,0.9791438268611904,-0.11846695370498243,-0.22743508254826822,-0.5419678872129902,-0.06663100118429055,False,False,False,False,1.083899974822998,0.9635379910469055,False,False
2024-09-09,1.0054620504379272,63557606,0.0620386765066685,-0.06224604663002278,-0.1594492487810937,-0.09044556089727296,-0.4535366035930671,-0.599904279861789,-0.5724799480787107,44.044247379723814,0.0012113667346347057,0.08324519000027435,41.09896687924708,1.0066021473766333,-0.05847146528771526,-0.16523582391543365,-0.5103407368363768,0.14738664364200726,True,False,False,True,1.083899974822998,0.8828619718551636,False,False
2024-09-10,1.0232110023498535,57358110,0.01749853657050573,0.03559131403555442,-0.04688623527444034,0.0018057106276939915,-0.5097950247816945,-0.6704219693232113,-0.48551387402801094,45.61224443139749,0.006651901053521481,0.07897913077666163,41.2569777927004,0.974782559906368,-0.037966633802232815,-0.13963251068930918,-0.49917505460603384,-0.0975413705796282,True,False,False,False,1.083899974822998,0.8828619718551636,False,False
2024-09-11,1.0102390050888062,62131084,-0.01275878254721764,-0.005715889402014391,-0.030816844906342525,-0.07605957435077253,-0.49772705215887847,-0.611087133465971,-0.46127996857910897,44.62794727492235,0.009537702967203424,0.07884881942535024,41.377286253919834,0.9468226234024035,-0.04517129025721881,-0.13961895140731334,-0.502752950860872,0.0832135856638232,False,False,False,False,1.083899974822998,0.8828619718551636,False,False
2024-09-12,1.035899043083191,57672268,0.025082748767018485,0.07091134860697305,-0.021017089411679787,-0.03542456615851406,-0.5241249569559593,-0.6486495504697136,-0.4715557195008573,47.06155779993308,0.01311463748199998,0.07341897153018083,36.30415730853346,0.9503935729478223,-0.008721724923358876,-0.10878875157027915,-0.4871609170938957,-0.07176465808966093,False,False,False,False,1.083899974822998,0.8828619718551636,False,False
2024-09-13,1.063493013381958,50196562,0.026289095851630924,0.1538319870553598,-0.005810982034791632,-0.006015792815641608,-0.5355404959825216,-0.6651856379161528,-0.4387321635512515,49.625525561031296,0.017030779833848847,0.0708482904908368,29.465474584774558,0.9551624383340517,0.02900223718404755,-0.07776204799395352,-0.4701402493103251,-0.12962392947681545,False,False,False,False,1.083899974822998,0.8828619718551636,False,False
2024-09-14,1.0284349918365479,45455629,-0.03352056483633494,0.11773754072264223,-0.029335938036543243,0.027445450060140368,-0.5737088668234439,-0.7370173932887417,-0.555395633081966,46.54135544635037,0.01691712008797979,0.07155711054193406,23.41810140054784,0.9325812886798103,0.00529573912910135,-0.0996447754179083,-0.48447445420546337,-0.09444736474183235,False,False,False,False,1.083899974822998,0.8828619718551636,False,False
2024-09-15,0.9952319860458374,46257408,-0.03281763853709027,0.05181207177518101,-0.008751558336221857,-0.010977174227080222,-0.6680754480291229,-0.6901509411589752,-0.5764852597046766,43.76704467161582,0.014363441922340979,0.0726202485132365,19.005291211928572,0.9397516860449991,-0.018330183912457117,-0.11884341408766173,-0.4980800731380646,0.017638717528251524,False,False,False,False,1.083899974822998,0.8828619718551636,False,False
2024-09-16,0.9739770293235779,48568167,-0.021588142280061007,-0.03181474701154857,-0.09406079364157142,-0.09442803408331525,-0.6765910667460502,-0.8097109217877527,-0.5722882848564558,42.039454744935654,0.011144034900559173,0.07259198809778217,18.6143657040685,0.9149542634991795,-0.03461285213860276,-0.1284053468959812,-0.5058199768953789,0.0499543554191364,False,True,True,False,1.078279972076416,0.8828619718551636,False,False
2024-09-17,0.9895039796829224,51636870,0.015816067439806188,-0.03349721614224829,0.0020940978933063643,-0.06721344153399414,-0.6834168534035082,-0.8574616767952883,-0.7513953283348985,43.785098104751434,0.009998064435919413,0.07073140269091663,18.482604892524087,0.9167878701069417,-0.01667157680641993,-0.10464140528334016,-0.49490980045947675,0.0631834221785641,False,False,False,False,1.078279972076416,0.8828619718551636,False,False
2024-09-18,1.0315639972686768,76883680,0.04162758655598053,0.02088915296094998,0.01517326355893555,-0.019719723068165496,-0.6262252039958028,-0.8091742690690529,-0.7643992716866249,48.32524066421933,0.011882248254594587,0.06914923818317831,18.060563837537554,0.9293057414708642,0.02646921287388714,-0.05716476049585644,-0.47018281359684994,0.48892990609229403,False,False,False,False,1.078279972076416,0.8828619718551636,False,False
2024-09-19,1.0477399826049805,81554658,0.015559352392179161,0.011365756586110609,0.08227710519308368,-0.036649955501120136,-0.6159293446549926,-0.7702755660431259,-0.6931863192716405,49.997843190763696,0.013887961529321466,0.06592006903424273,17.549157283510596,0.9235638303198129,0.04370516568821574,-0.032376714033569814,-0.4587179131791414,0.06075382968140963,True,False,False,False,1.078279972076416,0.8828619718551636,False,False
2024-09-20,1.113515019416809,116120568,0.06088624918565954,0.04596290992013924,0.19979489697549893,0.0036573147135092843,-0.47129486305717033,-0.6586054498877698,-0.6525019969197421,56.20526461795397,0.018998346427708583,0.06622723405524243,19.391237806630194,0.9459686337218116,0.1062260842892956,0.03687623693734179,-0.4214924705460974,0.423837348444279,False,False,False,False,1.078279972076416,0.8828619718551636,True,False
2024-09-21,1.1479929685592651,71861434,0.03049347683101814,0.10997695158749209,0.22771449231013427,0.023396236916731122,-0.43015138128268837,-0.5902360868642189,-0.7196208781007283,59.07336001639241,0.023746176437602524,0.06367101812416166,22.76425848918197,0.9512519136145298,0.13237786646007504,0.07503355469789037,-0.40051705803164006,-0.3811481011701562,True,False,False,True,1.078279972076416,0.9428099989891052,False,False
2024-09-22,1.113077998161316,87474446,-0.03088602388174073,0.11190856624284166,0.1637206380180228,-0.15235790796710885,-0.3797512354239859,-0.7618850173461744,-0.7780105550702863,55.135519747042004,0.023535258622693574,0.06749741838807657,23.81571235288495,0.8020185789260421,0.09561207228643039,0.04599685579260637,-0.41526650304577606,0.2172655224219433,False,False,False,False,1.078279972076416,0.9428099989891052,False,False
2024-09-23,1.2147239446640015,84302175,0.08738769589094976,0.22088440441385238,0.1890696574023039,-0.06274755684307494,-0.22596624128012593,-0.6525601473343446,-0.7486035153142397,62.89100068808383,0.028888707468792782,0.06464099802960623,28.78369742244622,0.8645082359682487,0.18243610545254138,0.14148346180677465,-0.3580722235139328,-0.03626511678622124,False,False,False,False,1.078279972076416,0.9428099989891052,False,False
2024-09-24,1.2607389688491821,89882029,0.03718118732350567,0.24224952429755206,0.20875230815530382,0.017828538298614374,-0.22190689518086185,-0.6558738384046764,-0.6782373841917172,65.77529810956534,0.033833078197417245,0.06311766561783654,34.4876883104345,0.8617373991427052,0.2127835045907225,0.17981440892601058,-0.3299326506187314,0.0661887311922853,False,False,False,False,1.078279972076416,0.9428099989891052,False,False
2024-09-25,1.2302720546722412,82939326,-0.024462704675550024,0.17615923306602163,0.1970483860269714,0.04233889126916602,-0.28435730698470163,-0.6436426811589624,-0.6465674932403787,62.321385113412724,0.03330384354393188,0.06409236682739676,36.83293053941472,0.8481263266855925,0.1685648715637853,0.14894149025255016,-0.34239534160383256,-0.07724239291482837,True,False,False,False,1.078279972076416,0.9428099989891052,False,False
2024-09-26,1.2532340288162231,79870972,0.018492105679758758,0.17909198635360113,0.19045774293971163,0.1558954738850721,-0.2277319915133606,-0.4031212053941834,-0.6126744399437177,63.86160547687337,0.03270540307025679,0.06278245615433936,37.61525207898883,0.7748762921047031,0.17138375757987817,0.1650414978853663,-0.32646590784025953,-0.03699516439282369,False,False,False,False,1.078279972076416,0.9428099989891052,False,False
2024-09-27,1.3566190004348755,97962581,0.0792681420873986,0.19747387925534002,0.24343678917547928,0.2639917888877863,-0.16835930615622074,-0.34643076865224326,-0.5660371361850388,69.83962744036592,0.03715282255456002,0.06180214315040535,41.00671369791877,0.8062355622603055,0.24233020634817248,0.2566838010374959,-0.26692733673737185,0.22651043986293296,False,False,False,False,1.078279972076416,0.9428099989891052,False,False
2024-09-28,1.3350889682769775,69108132,-0.015997642818787537,0.1509827596055345,0.2609597111930265,0.23271115279664287,-0.17067377415954493,-0.3908056163165727,-0.6414229390891352,67.34134027786556,0.0364732857129533,0.06202441153446817,42.620213816619774,0.8104416181125562,0.20115863715434354,0.23135067080116592,-0.27469541409782716,-0.29454561839280247,True,False,False,False,1.078279972076416,0.9428099989891052,False,False
2024-09-29,1.3272349834442139,60396885,-0.0059001141552705765,0.1759686693320045,0.28787723557484624,0.21572805016662944,-0.19517898039853968,-0.41326819142171195,-0.6063202396042703,66.4081040558678,0.03340553781065732,0.0608703370417224,44.21008387596829,0.8117283622436533,0.17705500782152991,0.21901179201947862,-0.27481303468129803,-0.12605241594433492,False,False,False,False,1.078279972076416,0.9428099989891052,False,False
2024-09-30,1.2812060117721558,83842175,-0.035295987340681054,0.05328498610037389,0.2741693905142263,0.19042767166053162,-0.195426551840286,-0.39750871485745876,-0.60729966366662,61.066872488804826,0.026489345442839658,0.06275717129101809,44.3647164109355,0.8231868259273952,0.12338270686598596,0.1711460774217604,-0.2962988381737682,0.3881870728929149,False,False,True,False,1.390758991241455,0.9428099989891052,False,False
2024-10-01,1.1359200477600098,114264223,-0.1203588937106372,-0.10425509493376912,0.13799442936378295,0.12347079618730625,-0.24432402701179012,-0.41867817694055803,-0.7052713682851035,47.95579246679223,0.011128856927958536,0.07970337311648028,42.88164878340835,0.9126271826019,-0.009464252601424614,0.0374711279727746,-0.37298469887329416,0.3628489838198974,False,False,False,False,1.390758991241455,0.9428099989891052,False,False
2024-10-02,1.039214015007019,95690918,-0.0889782647034774,-0.16877065496169655,0.00738857810432488,-0.029228561541459776,-0.22379803871062995,-0.43975818357527047,-0.8065637306405948,41.55963552956637,-0.005644237823439077,0.09101043807146603,42.82402847869572,0.9420550761508961,-0.09392401901965083,-0.050262975581382076,-0.4236863473743702,-0.16254698550744096,False,True,False,False,1.390758991241455,0.9428099989891052,False,False
2024-10-03,1.0202829837799072,84314640,-0.01838464872918453,-0.20564740937063983,-0.026555423017038775,0.03272561382442713,-0.17315010526857894,-0.4363943459752457,-0.7974572020919279,40.42302356885915,-0.017447170193553546,0.09059735568944187,43.539357262752475,0.9002196722929738,-0.10875086153500754,-0.06671746832660842,-0.4314815107224874,-0.11888566060156303,False,True,False,False,1.390758991241455,0.9428099989891052,False,False
2024-10-04,1.0557529926300049,81008508,0.03417422553237232,-0.25074132592566617,-0.053267446670326124,0.03835141846644829,0.015687603914467184,-0.43664027647431775,-0.7320649430045616,43.5387729148029,-0.022004658935813805,0.08546054897199093,43.09021561721001,0.9025901257436733,-0.07886575526762479,-0.035245581787770715,-0.4093335784385336,-0.039211837944157724,False,False,False,False,1.390758991241455,0.9428099989891052,False,False
2024-10-05,1.0512340068817139,51907240,-0.004289530669600906,-0.23903321377647951,-0.08805045417094509,0.0856063770388163,-0.06376473172420322,-0.397113772908701,-0.6579705200202979,43.22858885862478,-0.024283784033828387,0.08337092919467232,41.992236143585586,0.8826117763132171,-0.08504382025287592,-0.04016475434373864,-0.40978702740188827,-0.3592371803712272,False,False,False,False,1.390758991241455,0.9428099989891052,False,False
2024-10-06,1.0801429748535156,43231203,0.02712869773845245,-0.20600440188275654,-0.030035732550751898,0.16936661737402428,0.0694715653290829,-0.371796344858187,-0.5815601342455644,45.884661596464966,-0.022826757866615945,0.0776483583010608,39.85450836819289,0.8596167729947686,-0.06420600593302887,-0.013944150907754149,-0.39095037004678984,-0.1671450263970884,False,False,False,True,1.390758991241455,0.9931120276451111,False,False
2024-10-07,1.0700509548187256,76611131,-0.009387147831881906,-0.18009556237395738,-0.12681057627358347,0.15740558804575974,-0.0853786914517863,-0.39542816855195406,-0.5637947670126029,45.091547597880556,-0.02154128932954917,0.0777398464127211,38.1556041166788,0.8611657674904137,-0.07617270248449587,-0.02336666368538089,-0.39357536240313723,0.7721258184742164,False,False,False,False,1.390758991241455,0.9931120276451111,False,False
2024-10-08,1.0697269439697266,64556762,-0.00030284531086974557,-0.060039513974189836,-0.164294608907959,0.12399491232451924,-0.02686803429872334,-0.4538165663489963,-0.558131720861171,45.06461551862629,-0.019758267694159795,0.07448067620297118,37.44069576635336,0.8554273548870182,-0.07797138394727772,-0.023976291192112725,-0.39086625955841653,-0.15734487720850898,False,False,False,False,1.390758991241455,0.9931120276451111,False,False
2024-10-09,1.0292359590530396,65543717,-0.03858668370094999,-0.009647932971662485,-0.17841858793335907,0.02336955211690051,-0.06707600878037241,-0.4301670514761666,-0.5765347277448886,41.71174649003617,-0.020275187715240426,0.07677801711970772,37.82529978826089,0.8415909949379423,-0.11216372399869946,-0.05993207882621206,-0.41075160775241765,0.01528817383994574,False,False,False,False,1.390758991241455,0.9931120276451111,False,False
2024-10-10,1.0332889556884766,61894629,0.003930136138807072,0.01266685189632909,-0.19298055747431075,0.009801151685201705,0.01160686231289576,-0.49999387309649274,-0.6606208176380095,42.175508666854554,-0.01931766471380201,0.0741342287051015,39.00459182184267,0.8395265044099591,-0.10557262740130281,-0.054915359531636156,-0.4048467377155619,-0.055674108320710625,False,True,True,False,1.1443220376968384,0.9931120276451111,False,False
2024-10-11,1.0727460384368896,55890206,0.03747487618550289,0.015967502549459597,-0.2347738233762066,0.060034810417922246,-0.01602476393285026,-0.4376922417409564,-0.551052323048049,46.627603434037,-0.015182749397749957,0.07034211186737183,39.62778722466645,0.8479149345696608,-0.06838407723018017,-0.01795157512191757,-0.37811279613102483,-0.0970104045699991,False,False,False,False,1.1443220376968384,0.9931120276451111,False,False
2024-10-12,1.0778449773788452,42854141,0.0047419043963912435,0.024998937615451883,-0.21403427616102766,0.03969396604729491,0.004269399888780817,-0.4844309909086642,-0.6089555844224186,47.193425780254806,-0.011431117142514916,0.06673189215433549,39.98369305073982,0.8439047759894691,-0.06252171548128868,-0.009321951208325591,-0.3714118885111707,-0.2332441751959189,True,False,False,False,1.1443220376968384,0.9931120276451111,False,False
2024-10-13,1.046908974647522,43497537,-0.02912166747540645,-0.031251427598407114,-0.23725582948116355,-0.015716797279742532,-0.021732590095384145,-0.5512572932622642,-0.6809024351958952,44.13620075020374,-0.010389998011620289,0.06813010789575291,40.65244571285357,0.8454041263160342,-0.08273472385555637,-0.0333764380233304,-0.38602510748722924,0.015013624937669334,False,False,False,True,1.1443220376968384,1.0102449655532837,False,False
2024-10-14,1.1865140199661255,90493336,0.1251776241623075,0.10331334439578234,-0.07678221797817497,0.1429813917188999,0.1704268417790404,-0.4307274751045439,-0.5940360015698416,57.512329090432274,-0.00019514100219476804,0.06528568360204215,39.827214819361174,0.943033080419137,0.042973769702734206,0.0965744741957488,-0.30067245574273543,1.0804243697752356,False,False,False,False,1.1443220376968384,1.0102449655532837,True,False
2024-10-15,1.1384309530258179,89722715,-0.04136865569943348,0.062247534007218594,0.0022080200330286477,0.13443037455655668,0.12345320032947649,-0.5336450734725662,-0.5557205666024185,52.82113483637773,0.0032252982365909132,0.06892022942912844,39.280760548477176,0.9477820923850283,0.004763373402676796,0.05293101874785712,-0.32570152447352435,-0.008515776233511851,True,False,False,False,1.1443220376968384,1.0102449655532837,False,False
2024-10-16,1.118499994277954,66726189,-0.01766246052999001,0.0831717571781786,0.07352382420651614,0.13835605630662776,0.04392802222331255,-0.5382350104394225,-0.6713548654811248,50.96538890855961,0.004009609251408286,0.06887751229937715,38.288163878733315,0.9465211408364298,-0.006922856251125059,0.03361414457478814,-0.3342137568605866,-0.25630662201873855,False,False,False,False,1.1443220376968384,1.0102449655532837,False,False
2024-10-17,1.084725022315979,58112885,-0.030661977613521078,0.04857964342585055,0.06124649532217966,0.09187801125330056,0.024664569719306386,-0.5915388421502076,-0.7655836655419876,47.89460753413188,0.0022078999945933913,0.07032298680845259,33.86057121434036,0.9534549244773916,-0.025143708100203287,0.0016088569424989624,-0.350684121181291,-0.12908430901096424,False,False,False,False,1.1443220376968384,1.0102449655532837,False,False
2024-10-18,1.129963994026184,50302324,0.04085924930424351,0.051964016544591374,0.06793151909405087,0.09110967400156351,0.07138995093339814,-0.5351155299942392,-0.7180645950674892,52.06104200857472,0.003917224950962272,0.06586760918469269,28.819318888451832,0.9530674655239325,0.024960631037058922,0.041994717893959047,-0.3201288793557668,-0.13440325669599784,False,False,True,False,1.1970269680023193,1.0102449655532837,False,False
2024-10-19,1.1390939950942993,36691204,0.008047436763937174,0.05526954891213704,0.08026848652758907,0.08359775837332149,0.04694780287220144,-0.5323315862816711,-0.6866778076698042,52.87994129825105,0.00542427419610478,0.06322458296817304,22.443299946640206,0.9521849890257001,0.042134632238295035,0.04907112609448554,-0.31161318561998863,-0.2705863053166291,False,False,False,False,1.1970269680023193,1.0102449655532837,False,False
2024-10-20,1.2112940549850464,60206027,0.061456049779208446,0.14584726616675206,0.11459583856834486,0.08416755896687043,0.08782487368037953,-0.3871273040903,-0.5744378909208994,58.86423494706652,0.010738159725263664,0.06117286839277903,18.99799410767396,0.9526245544738526,0.11174446148392553,0.11244567043423732,-0.26500994554723617,0.6408844746550153,False,False,False,False,1.1970269680023193,1.0102449655532837,True,False
2024-10-21,1.1575579643249512,64848401,-0.045376672171077485,-0.02470703016663302,0.07860631422914936,0.008297409964774823,0.031693646881506075,-0.4218539713179135,-0.5819386768994441,53.42582997149162,0.010098108469886978,0.06417495683644384,19.408708753286493,0.961586697829367,0.06137072373311318,0.06010429555913433,-0.2946136490152629,0.07710812739727868,True,False,False,False,1.1970269680023193,1.0102449655532837,False,False
2024-10-22,1.1427650451660156,56075722,-0.012861778997414513,0.003799846535386006,0.06604738054260467,0.026321654849100914,-0.1260362531180079,-0.35342958057488477,-0.7355633624970734,52.001507028960354,0.008222044124342505,0.06346074100710973,19.23738623928842,0.9562754319855188,0.0428562462179127,0.0451645112611564,-0.300499558405507,-0.13527980435477505,False,False,False,False,1.1970269680023193,1.0102449655532837,False,False
2024-10-23,1.0929349660873413,53953356,-0.04458409685096504,-0.023121789785589188,0.06004996739258952,-0.10565013789281373,-0.16839769473588878,-0.3316163791729398,-0.7582102852271585,47.4158351872181,0.0034148877178851716,0.06686964112088334,18.1162071061075,0.9159545110427436,-0.00591273655429699,-0.002335014319173511,-0.32802675800942355,-0.0378482153114319,False,True,False,False,1.1970269680023193,1.0102449655532837,False,False
2024-10-24,1.100869059562683,50231970,0.007233214977086056,0.014773402805018123,0.06335304623086863,-0.1355981102392334,-0.11776957194061896,-0.3575050054200952,-0.7914719486439098,48.19911092852309,0.0007011699995005823,0.0637378360878122,17.709311944349093,0.9050968732963814,-0.0007464732260451535,0.0033534032320836314,-0.31980621949012705,-0.06897413387964224,False,True,True,False,1.2222399711608887,1.0102449655532837,False,False
2024-10-25,1.0039910078048706,71653224,-0.09211685716394492,-0.11820270366317033,-0.06623868711857911,-0.2032522627276283,-0.16091337145846246,-0.48760956971233005,-0.8468949438865908,40.304571910153506,-0.0072486276956018275,0.07407096212682736,18.988519593254903,0.9533368283791169,-0.08672404674011729,-0.08559327258442019,-0.37591338727944806,0.4264466235347728,False,False,False,False,1.2222399711608887,1.0102449655532837,False,True
2024-10-26,1.0140349864959717,56635767,0.009954343161686871,-0.11629579726542073,-0.061026248353283526,-0.21179002524570026,-0.05589455136062813,-0.4395220167590608,-0.6149112306398837,41.37664279933618,-0.011223522066134145,0.07044921503169538,20.18129817638127,0.9509509209812615,-0.0748057659667248,-0.07816125819760712,-0.3663886004147753,-0.20958522396703327,False,True,False,False,1.2222399711608887,1.0102449655532837,False,False
2024-10-27,1.0373539924621582,35898793,0.022735825040877695,-0.15501602200375136,-0.00916875583699932,-0.2683223422922211,-0.004330553404434911,-0.43668164844844176,-0.6147531109444645,43.89586368285226,-0.011625891603509735,0.06670072236784501,20.655061003306095,0.9057272925903109,-0.05211588422278771,-0.059069189577677324,-0.34859204265445964,-0.36614625524538236,False,False,False,False,1.2222399711608887,1.0102449655532837,False,False
2024-10-28,1.0427789688110352,56729058,0.005216001812866399,-0.10442334801980759,-0.1291303781864406,-0.24710869766056714,-0.01439754486392425,-0.41778247182011213,-0.6379143139771397,44.49346586091267,-0.010883436318556722,0.06563303266092435,21.004850644788135,0.9066700404781856,-0.04598422926643638,-0.05582359871764218,-0.3420597911336161,0.5802497315160429,False,False,False,True,1.2222399711608887,0.9753710031509399,False,False
2024-10-29,1.0863020420074463,64961648,0.040890071362831404,-0.050671497659561596,-0.04687165112417569,-0.20031851214246515,0.01540953802416415,-0.39549749254100486,-0.6135867035641772,49.171180276243945,-0.00700621065722561,0.06272766786395197,20.273342010460528,0.9227348974445722,-0.008753492855619733,-0.01785374116677547,-0.31235914264551556,0.1451212181242283,False,False,False,False,1.2222399711608887,0.9753710031509399,False,False
2024-10-30,1.1288249492645264,76130603,0.03839791754097311,0.03231051673237663,0.009188726946787358,-0.1266246072608111,0.0638030643997206,-0.32205115910109694,-0.5241333221182699,53.31109469509,-0.0014152819129327997,0.0620845634113122,19.639586573296445,0.9297446407155329,0.025578197086995873,0.018646663083500648,-0.2838087534197741,0.17193152181114613,True,False,False,False,1.2222399711608887,0.9753710031509399,False,False
2024-10-31,1.0399940013885498,65560033,-0.08196227853799179,-0.056884976782701394,-0.042111573977683336,-0.08822799208816566,0.03524280409914066,-0.3325520190999558,-0.5069061690287235,45.05539045051356,-0.0034227934538072005,0.069820108043047,20.14270540364022,0.8775595963151697,-0.05372002967253725,-0.06201770416583175,-0.3379116389090299,-0.13884784283135132,False,False,False,False,1.2222399711608887,0.9753710031509399,False,False
2024-11-01,1.030398964881897,64077772,-0.00926887345247852,0.02596300692876503,-0.09223969673440534,-0.008518600837166693,-0.03774716237862654,-0.23231663954779663,-0.4482767844124373,44.258136521129934,-0.005023171094250548,0.06848514847107595,20.858718882641167,0.821450440836168,-0.06042234721582515,-0.07057936623769395,-0.3418899596856337,-0.022609216807441213,False,True,False,False,1.2222399711608887,0.9753710031509399,False,False
2024-11-02,0.9952380061149597,38338848,-0.03471944009076692,-0.018710776323688717,-0.13500657358910942,-0.024853392198749023,0.007872221625678104,-0.19800349746732798,-0.4612477381739947,41.36927588768792,-0.0079045792619759,0.06962106231220236,22.101079674358903,0.8279311308246075,-0.0903411513985309,-0.10118785064609497,-0.3622935933204535,-0.40168256786456313,False,False,True,False,1.1728039979934692,0.9753710031509399,False,False
2024-11-03,0.959417998790741,56352618,-0.036655061322278935,-0.07810166268684532,-0.23311768469059665,-0.09568267905340026,-0.057331260586951996,-0.07999507513893307,-0.5323229555277181,38.60473102274657,-0.011461907173261069,0.07259221826068768,23.379421536535194,0.8271032191880473,-0.11388456955282238,-0.13245587384770854,-0.3834044603400895,0.46985684076892453,False,True,False,False,1.1728039979934692,0.9753710031509399,False,True
2024-11-04,0.9367179870605469,56622876,-0.02394458674279501,-0.10726225124250668,-0.21168559926231426,-0.11533773512659434,-0.02973135808777811,-0.17910246685079748,-0.5124515080352954,36.92088297930109,-0.014392996004690729,0.07423919634535228,25.87327430242456,0.8302675905937932,-0.12671552004226028,-0.15208485669076116,-0.39594867487181284,0.004795837524354196,False,True,False,False,1.1728039979934692,0.9753710031509399,False,False
2024-11-05,0.9711189866065979,53324411,0.03606673844359944,-0.1120855841617386,-0.16275708182130014,-0.10639969442144728,0.06296692295257708,-0.03692812909236439,-0.4781960392796342,41.11280231202789,-0.013101060102621208,0.07020019925670637,26.99797291813266,0.8350359235756586,-0.08838127342677533,-0.12089965825657463,-0.37170694324835596,-0.05825322260211574,False,False,False,False,1.1728039979934692,0.9753710031509399,False,False
2024-11-06,1.3460910320281982,269416294,0.32651113838101853,0.17602763667830687,0.20833815341068343,0.22949859179145327,0.38690417983721304,0.14411990033966687,-0.16592957676050094,66.91881421425055,0.012534368951773386,0.06929417294032399,35.0397292850253,1.4214914661867315,0.24830262433073907,0.21072540052199615,-0.12696142165166255,4.052400747567563,False,False,False,False,1.1728039979934692,0.9753710031509399,True,False
2024-11-07,1.2828340530395508,235596329,-0.048133126104730264,0.2098567891115684,0.152971812328867,0.18166831099759265,0.30566322332211177,0.1548002766988693,-0.27214825535140363,61.98396804321655,0.024088655433403605,0.0772231251414846,38.317466582536056,1.4345895945852216,0.1812679244720909,0.148637786162652,-0.16582203779065952,-0.12553051078640398,True,False,False,True,1.1728039979934692,0.9174579977989197,False,False
2024-11-08,1.2771190404891968,148591367,-0.004464942782898979,0.214660719781148,0.24062372670991297,0.21579005191564365,0.23915960403254433,0.14871404313527137,-0.2143769995605228,61.54240444130668,0.029828750708768715,0.0769804035497592,40.85549798610092,1.4261375877364433,0.1685792331673783,0.13884261797308992,-0.1671799536197034,-0.369296764382097,False,False,False,False,1.1728039979934692,0.9174579977989197,False,False
2024-11-09,1.296699047088623,150657982,0.015215049128538943,0.26459520900045375,0.24588443267676507,0.2270749649053756,0.23687611659057747,0.2386818272182714,-0.2729189081911171,62.5273420477789,0.03317000156801683,0.07651052965839181,42.856460392220505,1.4263558314226656,0.181877190236623,0.1525373088988643,-0.15217172605607265,0.013908042181212332,False,False,False,False,1.1728039979934692,0.9174579977989197,False,False
2024-11-10,1.292011022567749,316741447,-0.003621903975025629,0.2976283663477072,0.21952670366086185,0.18597818474484723,0.24601299516276942,0.169953420811997,-0.2517140569961091,62.117138176139576,0.03320821913465799,0.08463951928927353,45.09728994276398,1.4227094506271798,0.1704326177746125,0.14543800488355219,-0.15325807880505077,1.102387426110619,False,False,False,False,1.1728039979934692,0.9174579977989197,False,False
2024-11-11,1.3017090559005737,344900967,0.007478122722648904,0.3290510758131511,0.22178882457064436,0.1887144030711049,0.22840836911839998,0.1929838029598858,-0.29571658783755933,62.66283274791067,0.03201655235091563,0.08340701992818879,47.32995710832817,1.4227061860841073,0.17078912323993437,0.15018887809531256,-0.14485333885917753,0.08890380550670396,False,False,False,False,1.1728039979934692,0.9174579977989197,False,False
2024-11-12,1.1941280364990234,327396810,-0.08626181697575362,0.20672252039379801,0.09463693623205954,0.13157425357075792,0.11585745629101533,0.10984166347537365,-0.4196830396915063,53.46269432451408,0.022559039665765217,0.09476788141028593,47.515768360400905,1.4542187851369255,0.06916258959745841,0.055514568299240986,-0.21357873633588698,-0.05075125521465995,False,False,False,False,1.1728039979934692,0.9174579977989197,False,False
2024-11-13,1.1613479852676392,255658177,-0.027834855751387184,-0.14762347373860765,0.02840416293969926,-0.02143822634293691,0.1215431653759631,0.14898861543610348,-0.45216570144748075,51.005389342707545,0.013138639773709118,0.0994060808953025,47.49086436428114,1.3908109839513456,0.03700528739646726,0.028346482300884566,-0.2329129057714098,-0.21911830173299485,False,True,True,False,1.4701210260391235,0.9174579977989197,False,False
2024-11-14,1.11729097366333,175122563,-0.0386744048848087,-0.1381647525186861,0.07169203659288237,-0.018743975528312005,0.11568639902824472,0.10470922480116458,-0.5523890490008782,47.82381189386246,0.0034857195065025257,0.10234932573843936,46.302083858295504,1.3898511865803975,-0.0073558985797157255,-0.008681499388476815,-0.2595475617141129,-0.31501286188080735,False,False,False,False,1.4701210260391235,0.9174579977989197,False,False
2024-11-15,1.1789319515228271,169055426,0.053701920941830815,-0.07999788879395632,0.13466283098719165,0.05262040594350882,0.1909764622501367,0.09654842816682134,-0.4856146044959137,52.306370475748906,0.0009305361018812214,0.09662794187492722,45.21791327335809,1.4010863441259784,0.03979179199731464,0.04739055045337889,-0.21606651456919737,-0.0346450902503066,False,False,False,False,1.4701210260391235,0.9174579977989197,False,False
2024-11-16,1.220249056816101,158423528,0.03444608006591964,-0.060766857856575464,0.2038283511438782,0.1177284636229495,0.2096064748762501,0.142393033342256,-0.473810378527258,55.09139028033166,0.0016588806461173972,0.09138825250549848,44.616122451927794,1.400532299354891,0.06762169117210025,0.08673086801230294,-0.18683400106877146,-0.06289001336165334,False,False,False,True,1.4701210260391235,1.0727670192718506,False,False
2024-11-17,1.1557300090789795,157979435,-0.05432279603000859,-0.11146774991155846,0.18616061643614862,0.02254641828869752,0.11365609229026108,0.09393636922209547,-0.5125691117055419,50.16517909151775,-0.0023509010867493463,0.09587691401196281,43.67303568869189,1.4082689189032578,0.006200810784304109,0.03257014246151285,-0.22779249503756674,-0.002803201049783488,False,False,False,False,1.4701210260391235,1.0727670192718506,False,False
2024-11-18,1.2586599588394165,208359473,0.08531544347739346,-0.033630429156814017,0.2954206466563371,0.09981442500215369,0.1834121833754752,0.1467622278743552,-0.43251716127951734,56.80162023883307,0.001571312814961652,0.08809271232527031,43.81004799298696,1.4387672539582903,0.08765304922531403,0.1259110386848055,-0.1570142960384342,0.31890250778526963,False,False,False,False,1.4701210260391235,1.0727670192718506,False,False
2024-11-19,1.185621976852417,149767036,-0.059780118419694175,-0.007148730600754547,0.19957378979304338,-0.0214217431967488,0.06274581577012155,0.06640313048363075,-0.4085490472870488,51.55516234046577,-0.000973904672440757,0.09352101466913446,43.691812630597035,1.439264125789058,0.022030239301072212,0.06239301415832862,-0.2034248771003452,-0.28120841426777843,False,False,False,False,1.4701210260391235,1.0727670192718506,False,False
2024-11-20,1.1154760122299194,144012262,-0.060986281262177366,-0.04030015611154486,-0.18792362985015248,-0.037031352287848755,-0.02873394232307397,-0.005337705406342654,-0.4588853236057623,47.05952171555245,-0.007252576835438625,0.098844185525261,42.679317639916796,1.4463730854127288,-0.041555165584671386,-9.59021078574912e-05,-0.24815674388128356,-0.03842483735873625,False,False,False,False,1.4701210260391235,1.0727670192718506,False,False
2024-11-21,1.2202249765396118,254902424,0.08975401813679838,0.0881282669100622,-0.05003648560862388,0.06558444484636415,0.0919060996954652,-0.06045180827164359,-0.2878451357285206,53.57048576527048,-0.004364251822602992,0.09424779498962027,41.19110145983046,1.4798903788774365,0.03996666230679784,0.09026221214630159,-0.1753185124281533,0.7700050013796742,False,False,False,False,1.4701210260391235,1.0727670192718506,False,False
2024-11-22,1.2600220441818237,196197958,0.03209396744877771,0.06652031341700906,-0.013477575376947219,0.1422625091461071,0.03661237125329329,-0.02613518558978173,-0.1893538700268327,55.794900817124855,-1.6772637249723443e-05,0.08901401347073913,38.75077686420917,1.4735450944271624,0.061902778764711286,0.12101804880536915,-0.1464613237807989,-0.23030171733478688,False,False,True,False,1.2686009407043457,1.0727670192718506,False,False
2024-11-23,1.352349042892456,342567599,0.07071389592831522,0.1027881292794046,0.042021271422829236,0.20574319009733616,0.07014507985810278,0.08797361815671725,-0.15176181532275906,60.52048809060837,0.008369749781681458,0.08580535595646588,35.7499856413387,1.491423841001106,0.12114940958773075,0.19684328951293453,-0.08199707908426364,0.7460303995620587,False,False,False,False,1.2686009407043457,1.0727670192718506,True,False
2024-11-24,1.4597649574279785,325874999,0.07643232257618815,0.23354324788560155,0.12207549797404299,0.3742923698374693,0.1710401071098409,0.2133789983790069,-0.11331719987486058,65.18375188136734,0.019792093891584255,0.0838777056449302,33.292535662231124,1.4663068690896368,0.18451941232857413,0.28263269090331405,-0.007755348531648816,-0.0487279008543946,True,False,False,True,1.2686009407043457,1.0814019441604614,False,False
2024-11-25,1.6499589681625366,545005042,0.12247498512575253,0.27070278953396054,0.23707236037714657,0.48681301180153513,0.27502298655583474,0.43091846044090704,0.047290995042474276,71.58396670296548,0.037756048600166583,0.08434402897514669,38.266123885327694,1.515570246619293,0.30296508536233346,0.43537492494759134,0.12248180844231972,0.672435883920018,False,False,False,False,1.2686009407043457,1.0814019441604614,False,False
2024-11-26,1.6123709678649902,321423169,-0.023044673265663007,0.30743823468799164,0.30028950408723715,0.4410325134949942,0.17271017120277313,0.4367019600905595,0.004350865046552532,68.88872452325415,0.04425588843431135,0.08710408397384584,44.392146805752816,1.5214966443293565,0.260034011714525,0.38956378171952144,0.0974591008393343,-0.4102381735396863,True,False,False,False,1.2686009407043457,1.0814019441604614,False,False
2024-11-27,1.8017539978027344,401201156,0.11105488710692414,0.47947940305709325,0.43917924694554833,0.5468713987890521,0.2997627011284849,0.5324738539251277,0.12908892696893992,74.1664081258641,0.05761340359950623,0.08168398849893745,55.76187731016938,1.557552922223329,0.3800506147644146,0.5334287985983749,0.2261919717158254,0.24820235345262254,False,False,False,False,1.2686009407043457,1.0814019441604614,False,False
2024-11-28,1.7116860151290894,275823144,-0.05128177514285183,0.338443609777443,0.4265718766875052,0.45469955228336884,0.2543810401409037,0.47010909030753306,0.059202059742364074,68.23765098159873,0.05660373041261163,0.08788756656000794,60.91640619557894,1.5737715857257295,0.289600628507127,0.4400460870493659,0.16517592295000186,-0.31250660703480126,False,False,False,False,1.2686009407043457,1.0814019441604614,False,False
2024-11-29,1.7493540048599243,180594814,0.021767721184999398,0.32811736351366455,0.3946376769306737,0.438069355927395,0.31144474866658406,0.5018724203271158,0.11601819682629796,69.34146156210105,0.054664710635145886,0.08282460934502966,65.72922279529296,1.571748246273053,0.2958830068123678,0.45421508672205674,0.1904662146359668,-0.3452514122600241,False,False,False,False,1.2686009407043457,1.0814019441604614,False,False
2024-11-30,1.8307549953460693,236227478,0.045481867827946616,0.3028853354132959,0.40567346469270044,0.5655135022933333,0.4772855102051677,0.6007563063924739,0.2329614831933776,71.6354917426107,0.05491118704682679,0.07879162370821213,71.08549046490194,1.5356487409958932,0.3296505795437658,0.5029419017248005,0.24489350117490122,0.30805238958855163,False,False,False,False,1.2686009407043457,1.0814019441604614,False,False
2024-12-01,1.8247209787368774,205862925,-0.0033013605518723197,0.2231516522852354,0.45669490017083686,0.5714810151939397,0.5629624143567729,0.533733852815313,0.33916437564614305,71.2101372754266,0.05080951783760876,0.07720460269088421,74.85404375325888,1.5344140032422733,0.30056676290648526,0.47984129774245904,0.2400959837969084,-0.12853946228897217,False,False,False,False,1.2686009407043457,1.0814019441604614,False,False
2024-12-02,1.8553539514541626,327076928,0.016648400284367714,0.11732506744385043,0.38802785697781106,0.6228488555690743,0.5979954633703252,0.6307210771947523,0.4248453581017462,72.11535933800961,0.04642172789760621,0.07741873317625136,76.73153779967669,1.5221708435720673,0.2919562120707237,0.4852090981934532,0.26003174112621247,0.5888092914253502,False,False,False,False,1.2686009407043457,1.0814019441604614,False,False
2024-12-03,2.02126407623291,457081673,0.0856476087407316,0.22601734945024501,0.5334555841382368,0.7451515256320848,0.6494688465786844,0.6878202650451327,0.6651564504931516,76.43671323297815,0.05061188553020268,0.07445761033848929,79.94644047465822,1.523885263500932,0.36657128082315615,0.5966814157619088,0.3716397710381572,0.3974745201226788,False,False,False,False,1.2686009407043457,1.0814019441604614,False,False
2024-12-04,2.0876290798187256,429873769,0.03230591446730951,0.14726837681063057,0.6267477798677238,0.8014020268421892,0.6860642917155949,0.7716706687544113,0.6222995599913917,77.91131757601407,0.05349078772800181,0.07507721147163243,81.55601276776264,1.5138191097487907,0.3666126492521764,0.6247409323032257,0.41515641772653045,-0.05952525687898236,True,False,False,False,1.2686009407043457,1.0814019441604614,False,False
2024-12-05,2.0862979888916016,368433600,-0.0006378122810180266,0.19791233967246435,0.5363559494499074,0.7646974761175717,0.6582977816961245,0.8276643990701488,0.7277693470252073,77.80614395734518,0.050954780685438766,0.07932443604933576,82.19706017631209,1.5163764638792685,0.32634976942602845,0.5996081971096322,0.4125300780924393,-0.14292607139748503,False,False,False,True,1.2686009407043457,1.6762280464172363,False,False
2024-12-06,2.261915922164917,375853605,0.08082100912087958,0.25696562760834457,0.5850829911220091,0.5190073468574327,0.7485059386488858,0.9059115266946457,0.6631272471970996,81.37789279779706,0.05633409220197805,0.07814782634061664,85.01122396956013,1.0826457943342227,0.3919092895668937,0.7035072081694027,0.5305815257915913,0.02013932768346871,False,False,False,False,1.2686009407043457,1.6762280464172363,False,False
2024-12-07,2.1697940826416016,215664847,-0.04157993705687947,0.16990382272351856,0.47278915813681444,0.5255605359052835,0.7072288469028762,0.8312237592273953,0.6803608126041529,74.59612610390306,0.04917765604527549,0.08090318079672237,82.87121101534908,1.0778917120915503,0.2948206868765986,0.608928107895688,0.4684720521919948,-0.42619987109076685,False,False,False,False,1.2686009407043457,1.6762280464172363,False,False
2024-12-08,2.1545629501342773,169413843,-0.007044374632640975,0.16616080864275,0.3893124609279852,0.5229811040555415,0.7387711559711854,0.7621407080880858,0.6716951471908129,73.5054143002533,0.03933410777886373,0.07879159149232891,80.96714976064823,1.0785911653695008,0.25225692492533014,0.5739311953546191,0.45787286565822616,-0.2144577785548889,False,False,False,False,1.2686009407043457,1.6762280464172363,False,False
2024-12-09,1.8364219665527344,391505576,-0.15976880055654802,-0.010256392198165699,0.10706867524568478,0.3479972543704546,0.5750722192758303,0.5848733709610321,0.5866790815887261,55.31291422443143,0.008901695334903204,0.10703763948989108,74.4953327790622,1.2432467762195065,0.047538010032576565,0.3293842154773382,0.2438750718952918,1.3109420639256735,False,False,True,False,2.363758087158203,1.6762280464172363,False,False
2024-12-10,1.8388960361480713,348548356,0.001346316137662156,-0.09455768480123496,0.13145966464901,0.3529654744831425,0.5389436592279898,0.598978469645912,0.5229188952951395,55.40534844990866,-0.012399486041244384,0.10854433898238648,65.30356318345532,1.2426017814508183,0.02774405557418407,0.3181722137413833,0.2477426587057604,-0.10972313712333948,False,True,False,False,2.363758087158203,1.6762280464172363,False,False
2024-12-11,1.9100240468978882,205736514,0.03795042077183245,-0.08891317849671208,0.05835519831391847,0.383437772532326,0.5721521756034309,0.6118461416507259,0.5764215754922118,58.089383927461455,-0.02245115048595797,0.10341492506964635,57.478933910103024,1.2458202059294363,0.047308835675547896,0.3542620785800871,0.29826586391726917,-0.4097332250793918,False,False,False,False,2.363758087158203,1.6762280464172363,False,False
2024-12-12,2.2534289360046387,590421624,0.16533719572956793,0.07706182951387386,0.2749741691863381,0.6350367852376475,0.7666110388084055,0.7508942415286629,0.7448784487130212,68.0787137797622,-0.00749766579596442,0.09648990461176274,52.10540336306415,1.3019094363372261,0.20284547613471776,0.5718784629464969,0.5333213777334734,1.8697950233569136,False,False,False,True,2.363758087158203,1.6220439672470093,False,False
2024-12-13,2.201669931411743,280255208,-0.02323689555100556,-0.026996075158011258,0.22996955245033324,0.6396347454380291,0.6181965190950922,0.7611779108139922,0.7886233608741327,65.54298583929663,-0.0028566722595193828,0.0983297362505004,46.48046862081734,1.2998283481333404,0.14916829906721715,0.5125454299024444,0.4995437241853015,-0.525330379837172,True,False,False,False,2.363758087158203,1.6220439672470093,False,False
2024-12-14,2.215157985687256,257679389,0.006107594163530981,0.020691456062399294,0.19059527878591773,0.6844167444863688,0.6656727689580567,0.8001031435146134,0.7891259692875333,65.89943773327474,-0.0007522111401439546,0.0960877265866726,42.06635232991711,1.2830907383260364,0.133855618254536,0.49690115967481047,0.5094160819411423,-0.08055450302283051,False,False,False,False,2.363758087158203,1.6220439672470093,False,False
2024-12-15,2.387434959411621,331818612,0.07489582455014361,0.10263165524518364,0.2687924638879337,0.7056106480946815,0.7582310540381904,0.8965871103448182,0.802159076261503,70.14729218995359,0.009787333592378933,0.09059377694919205,42.935165192412704,1.2916136038124815,0.1993998501934181,0.5839179052849305,0.626391895668447,0.2877188714538592,False,False,False,False,2.363758087158203,1.6220439672470093,True,False
2024-12-16,2.235285997390747,378686417,-0.06585036795308995,0.19655008784864164,0.18629369565047604,0.6053142000756719,0.7230426636986215,0.814920674951922,0.747707233417928,62.716787142226536,0.004334912354094472,0.09908577799677003,39.830276153200494,1.327806678595834,0.1056629224866847,0.4597730817241726,0.5235431279280567,0.1412452566102591,False,False,False,False,2.363758087158203,1.6220439672470093,False,False
2024-12-17,2.089329957962036,269977965,-0.06752576261847595,0.12767800909250349,0.03312032429126859,0.5921112334872045,0.614657651775902,0.7057673257774656,0.6860476027093002,56.53052652120141,-0.010469800697898962,0.10712592627197934,38.36203344396035,1.3378907065002896,0.02616870211073884,0.346055727289414,0.42623028843932304,-0.28706720684940756,False,False,False,False,2.363758087158203,1.6220439672470093,False,False
2024-12-18,1.874189019203186,352393015,-0.10866737753320328,-0.01893978921253214,-0.10785296770924437,0.3981284124766078,0.4979428374787616,0.5815405958520831,0.544890640350963,48.877410885470425,-0.03475161740600721,0.11941261150275481,36.141010031648676,1.3883640513472713,-0.08315598163021391,0.19531587300969058,0.2818174798175299,0.30526583901023185,False,True,False,False,2.363758087158203,1.6220439672470093,False,False
2024-12-19,1.6118780374526978,545717791,-0.15077606069195906,-0.33505304563405924,-0.2579912161201853,0.30713247020434303,0.2857107270075942,0.3698782859744646,0.37353560068797376,41.50032499940722,-0.06663168210842801,0.1450264532226364,38.805264335903935,1.4817650890689285,-0.2088167642095505,0.021724324750146646,0.10521044265453515,0.5486055845913973,False,True,True,False,2.4792768955230713,1.6220439672470093,False,True
2024-12-20,1.7310559749603271,498186604,0.07133163037418044,-0.24048451970887305,-0.26748059486688447,0.4394503818407008,0.40241902955285214,0.410716439517627,0.43411267643435814,45.523336064320496,-0.07710537709904197,0.1392975241990861,40.141072228504996,1.4735711393700681,-0.1482346638943393,0.08773831733492493,0.18924456653520969,-0.08709847431014028,False,True,False,False,2.4792768955230713,1.6220439672470093,False,False
2024-12-21,1.6752430200576782,335772230,-0.03277337109328309,-0.2793654849656873,-0.258674028903288,0.31692299261061935,0.38250743745698357,0.40882909230608466,0.2564711843389757,43.997358287502614,-0.0846046970579927,0.1423736511509706,42.257977422184,1.456852913012303,-0.17265481872126032,0.04420509217619174,0.1534873392867277,-0.32601112253110687,False,False,False,False,2.4792768955230713,1.6220439672470093,False,False
2024-12-22,1.7178889513015747,264045921,0.025137941760689397,-0.32912336775514134,-0.22649171250995764,0.3099669669225312,0.4522294760686381,0.34657933817582437,0.2838317813327493,45.50061448698042,-0.08337036231170221,0.13418903515239247,43.871758764379514,1.4557607053180246,-0.14870375961880195,0.061226596305998984,0.18508299708915005,-0.21361596520355475,False,False,False,False,2.4792768955230713,1.6220439672470093,False,False
2024-12-23,1.8005330562591553,235830654,0.0469865803115461,-0.2162864194905053,-0.019736331641863596,0.28623965130576196,0.4919828414030981,0.3563847311638647,0.3742132694624791,48.391713032642194,-0.07398403993903818,0.12591756099947146,45.11100187580732,1.4456917036486034,-0.10284297103995951,0.10084011351923212,0.24378850834792976,-0.10685742424326261,False,False,False,True,2.4792768955230713,1.3984930515289307,False,False
2024-12-24,1.955198049545288,214813894,0.08240872899482951,-0.06635192787719993,0.06132608121530362,0.2922160577244032,0.6665084275618725,0.46325616483424414,0.50559505610341,53.3764418221124,-0.05521542674969014,0.11638475363458417,45.15612261373038,1.4493178342811002,-0.02255264744551624,0.18069749375153868,0.3509774797615149,-0.08911801601500036,False,False,False,False,2.4792768955230713,1.3984930515289307,False,False
2024-12-25,1.9178229570388794,148743853,-0.01930082624856351,0.023014623407439747,0.004074834194907722,0.150440246350087,0.6372532581516221,0.4254632329059219,0.5813587067909941,52.06766638285054,-0.043679759666799975,0.11411462946668863,45.30240516147845,1.3938241177531139,-0.03718265646909587,0.14503541552088922,0.3252182949619346,-0.30756875065073774,True,False,False,False,2.4792768955230713,1.3984930515289307,False,False
2024-12-26,1.7714289426803589,164300712,-0.0794041330398092,0.09438655105958968,-0.24066649457446954,0.09408078657594086,0.5351133000709353,0.26679095777871414,0.5307827466665003,47.18715797713764,-0.0441400597049919,0.12204850139488976,45.040818888755915,1.4216890072167443,-0.0995918778863109,0.05228641192288977,0.22452098849586039,0.10458824809385558,False,False,False,False,2.4792768955230713,1.3984930515289307,False,False
2024-12-27,1.896517038345337,214584958,0.06823253307301684,0.09128745375842595,-0.14919706595044716,0.05125843254203359,0.5981298313310857,0.35102113367051846,0.5837322864671614,51.38071776302512,-0.034669111690890375,0.11467959333391149,44.429228521896874,1.388229099453827,-0.029268259956849355,0.11843832814704618,0.3108660401560549,0.30605007968559494,False,False,True,False,2.004236936569214,1.3984930515289307,False,False
2024-12-28,1.891700029373169,130476829,-0.002543154989421511,0.1215176698622877,-0.1578478151033996,0.09999705269546388,0.5546966049788329,0.3543780928363676,0.5701061430029971,51.212077275145056,-0.027681154920305137,0.1116126953976694,43.770987381245455,1.375161491406391,-0.02517589511810084,0.10756906481353319,0.3072663518946835,-0.3919572452044845,False,False,False,False,2.004236936569214,1.3984930515289307,False,False
2024-12-29,1.7811199426651,111883570,-0.06023356349190282,0.036146164609695226,-0.2929772031454462,0.01799576801856188,0.4560651239459569,0.32944051668514585,0.5198681883456775,47.368501205704334,-0.029302270786472948,0.11602958974549492,44.1825613407397,1.3909811067596087,-0.08084993173852378,0.036943648347022594,0.23178303278261234,-0.14250238254947167,False,False,False,False,2.004236936569214,1.3984930515289307,False,False
2024-12-30,1.8744590282440186,213008114,0.051077751798143486,0.04023733609629275,-0.17604908339421257,0.023591651988758785,0.5891051542820922,0.5008771621939266,0.6243479583812328,50.729883998216756,-0.023153974038083714,0.10870175963917737,44.001340593571996,1.3933885282693963,-0.03356894680245199,0.08393329681550536,0.2962752805221592,0.9038373015805627,False,False,False,False,2.004236936569214,1.3984930515289307,False,False
2024-12-31,1.7465300559997559,160493897,-0.07068910513088775,-0.11286049802942441,-0.17921242590662442,-0.04379609259025665,0.527684922603683,0.5191663217665162,0.4899377602250566,46.35967074204689,-0.026526301793901468,0.11469533957811746,45.03021261160404,1.415526699811786,-0.09571510341929317,0.004787387701298721,0.20878910366887207,-0.24653622819269694,False,False,False,False,2.004236936569214,1.3984930515289307,False,False
2025-01-01,1.805683970451355,122505540,0.033308456614379575,-0.06025121516648127,-0.03723659175904152,-0.027136036260244696,0.5957128193088296,0.5708594271100804,0.6035850409345077,48.56608767819957,-0.023689537973639214,0.10836843860480702,43.13451587353631,1.4193966752724902,-0.05412364137845973,0.031560226985139814,0.25086699494971115,-0.23669658292364848,False,False,False,False,2.004236936569214,1.3984930515289307,False,False
2025-01-02,1.8789420127868652,149171687,0.03976940827096229,0.05892232614429024,0.15330887720387967,-0.07301423673001403,0.6721372889020707,0.5764546098486704,0.6148060283151185,51.24098767735475,-0.01615565794989205,0.10203526688273785,41.128960949346734,1.3929606561927173,-0.00735810537792382,0.06468210604647194,0.3028348520396808,0.21767298850321382,False,False,False,False,2.004236936569214,1.3984930515289307,False,False
2025-01-03,2.0023720264434814,158547431,0.06362363174603561,0.05431342481730903,0.14560087857573492,-0.04169651945128794,0.7597055073909014,0.644367772264307,0.7299741493031233,55.44535922507137,-0.0028339749167933855,0.09558929107022787,38.70638915906747,1.407003642555275,0.06382925226345287,0.12335465222665383,0.3883336976227794,0.06285203438102838,False,False,False,False,2.004236936569214,1.3984930515289307,False,False
2025-01-04,2.0611519813537598,156064741,0.0289325497252637,0.0857891295319942,0.20730679939428187,-0.0121261574450061,0.7525713186725655,0.6461716242511183,0.8155382416251425,57.332218062923744,0.009297689763780597,0.09029001526445307,31.612691300639323,1.410977558427457,0.10463248415402222,0.14499690637792773,0.4297210291401634,-0.01565897337056188,True,False,False,True,2.004236936569214,1.709805965423584,True,False
2025-01-05,2.0910539627075195,140259956,0.01440318649400405,0.1604258795179012,0.1965720441275964,-0.07854398007188161,0.4404633667855512,0.6699619585770044,0.8273675466227641,58.29969603514042,0.018183395962431306,0.08706609732438453,28.39305193974118,1.3815674548332622,0.12500589086155675,0.15047713120216652,0.4516778542057936,-0.10127069637080932,True,False,False,False,2.004236936569214,1.709805965423584,False,False
2025-01-06,2.016735076904297,174126831,-0.03618832201170106,0.07315980570805652,0.1133971418043492,-0.07315236502670318,0.4524081708785803,0.634076481876173,0.7580713942006921,54.963878430974496,0.017876218966880908,0.08778119317273923,27.260240700585936,1.379780568279487,0.08714467423744146,0.09917368512393969,0.40154378702733257,0.24145790406493495,False,False,False,False,2.004236936569214,1.709805965423584,False,False
2025-01-07,1.7708460092544556,193923182,-0.13002250150714256,0.013826409331801761,-0.09903408869762269,-0.19613049190120482,0.3268506121543367,0.5426406640699805,0.5660102161868811,45.6558597752258,0.000833271901404805,0.10336178982741544,27.600008681670886,1.4498472101803102,-0.042738339783488774,-0.04020097857013886,0.2327718316960139,0.11368926251233513,False,False,False,False,2.004236936569214,1.709805965423584,False,False
2025-01-08,1.651716947555542,198684387,-0.06964208255758139,-0.08912412984015931,-0.14937534500664051,-0.10600377390223824,0.2419934804682164,0.46906844537359205,0.4788695970587939,41.949325337570556,-0.017718283920764227,0.11194829223638222,26.821612364285922,1.3613405620038115,-0.10809601455925319,-0.10926935427458803,0.15184374861747654,0.024552015653291015,False,True,True,False,2.1399168968200684,1.709805965423584,False,True
2025-01-09,1.5877139568328857,154375422,-0.03952010250547704,-0.16841364061659853,-0.10949131447230832,-0.14687019254537748,0.20609528193776513,0.3920734666826122,0.45210827710053453,40.067286109250446,-0.03268450265558219,0.1140579014934749,29.194686647549478,1.3669482008504035,-0.13932580744527173,-0.14812349188942622,0.10908122972419845,-0.2230118111897741,False,True,False,False,2.1399168968200684,1.709805965423584,False,False
2025-01-10,1.6250449419021606,154057484,0.023240253293471482,-0.20879701906916262,-0.15448359425185365,-0.16158036002373838,0.22185741250858765,0.41057181557969263,0.4502657816269875,41.70996204206282,-0.03807755545364343,0.10913624318358947,30.006798741752487,1.362099342473359,-0.11788909987666601,-0.1318650547436913,0.1381777094950852,-0.0020595117790188633,False,False,False,False,2.1399168968200684,1.709805965423584,False,False
2025-01-11,1.5918689966201782,89041140,-0.020626676473303223,-0.25835624526772943,-0.17256711573573535,-0.3475442322266095,0.2874925530110381,0.4190668065817959,0.4033500093020534,40.643805791975744,-0.04160042169311334,0.10613556828091655,31.88706253985548,1.2152722112297256,-0.1329320958558366,-0.15259294451590175,0.11784192489994283,-0.42202652095759263,False,False,False,False,2.1399168968200684,1.709805965423584,False,False
2025-01-12,1.5627609491348267,97091293,-0.018454699350620402,-0.2912141311123541,-0.13078825159445281,-0.3427620360262243,0.29687270941180477,0.2754344830688678,0.4184158747877679,39.68532059982703,-0.04341199724969065,0.10332193823648646,34.63654457918859,1.2148094995384906,-0.14323882594929915,-0.16994764320094982,0.1007504219941468,0.09040936582797565,False,False,False,False,2.1399168968200684,1.709805965423584,False,False
2025-01-13,1.620048999786377,186143716,0.03600229943806465,-0.21902350966258832,-0.14586370395453166,-0.31286733075169065,0.37154941373467815,0.3528054382063662,0.4872358127629228,42.5565456968348,-0.03844346130614276,0.1027111926709958,35.60984694142543,1.224675202959692,-0.10359618717790124,-0.14098202615565608,0.14400951544233329,0.9172029772020855,False,False,False,False,2.1399168968200684,1.709805965423584,False,False
2025-01-14,1.8462990522384644,163369849,0.13072672752065326,0.041725719365207525,0.055552128697009276,-0.257036427781181,0.4485742203135005,0.5011946262570093,0.6395506825636371,52.228651632978206,-0.01861536103768604,0.09418796677980347,35.30098287054932,1.2875050320904986,0.02361776534498992,-0.02304891617658385,0.3039118600960881,-0.12234561278447886,True,False,False,False,2.1399168968200684,1.709805965423584,False,False
2025-01-15,2.081429958343506,194128778,0.11987201439072577,0.23123981631351465,0.14211568647335543,-0.07131404543736526,0.5340001546383065,0.6517286182612562,0.7436066295145567,59.80350741371847,0.010096187997712908,0.08824592616900301,37.38098180320866,1.3451882398575037,0.14414591468079474,0.09592815980674872,0.4691219727442851,0.18827788106727095,True,False,False,False,2.1399168968200684,1.709805965423584,False,False
2025-01-16,1.9654090404510498,208973118,-0.05735475074224959,0.21340516807674215,0.04499152746014353,-0.061143033561138885,0.5309681999260657,0.5535146182147631,0.6446242922163268,55.15609076384345,0.020437903467681436,0.09359092968656538,37.796474400239894,1.339443953003663,0.07832833308227245,0.03305971598843366,0.38727125696145,0.07646645774486882,True,False,False,True,2.1399168968200684,1.4175050258636475,False,False
2025-01-17,1.9985229969024658,132849121,0.016708019446867728,0.20687293423013817,-0.0019240848390244284,0.064232363418932,0.4623607758955398,0.5621752008976936,0.6457729592710151,56.20224628323051,0.028194490486044062,0.08794813071310816,38.49042063440822,1.2840699647062581,0.09329259012685896,0.047307100987386365,0.41068398456624017,-0.3642765046937759,False,False,False,False,2.1399168968200684,1.4175050258636475,False,False
2025-01-18,1.7713929414749146,168598031,-0.12064219651470025,0.10685741418874113,-0.15149883107898837,0.0943662275961908,0.4014986978005338,0.38007695460378504,0.4642445135706554,47.940959077847296,0.01725173015691724,0.10422720802371509,38.53180979712834,1.2425335107341922,-0.030701083466831716,-0.07193262988014211,0.250958070301941,0.26909406498820565,False,False,False,False,2.1399168968200684,1.4175050258636475,False,False
2025-01-19,1.620995044708252,299770755,-0.08872602385608222,0.03658608968327937,-0.2546280414290747,-0.06569142663407182,0.373758955206629,0.3367276029187803,0.3450250128835551,43.39253538870067,1.9765678179487975e-05,0.11620725594398285,39.94909479968663,1.2573211156843873,-0.1068041273058055,-0.14885826215649395,0.14517383833141767,0.7780204977601428,False,True,True,False,2.12833309173584,1.4175050258636475,False,False
2025-01-20,1.820652961730957,477475867,0.11615502111411896,0.11673881135933356,-0.10228469830325461,0.08323696557333028,0.40015995818394956,0.46574440303031384,0.49206605787941476,50.153632394692046,0.002088877124894117,0.10964394342559473,39.71858633227356,1.3175941385190808,0.0011662540143478957,-0.043982315455829674,0.2852830501597402,0.5928033640239523,False,False,False,False,2.12833309173584,1.4175050258636475,False,False
2025-01-21,1.904121994972229,280331177,0.04482580037828759,0.030837884216967794,0.07256360358217533,0.10292482419092831,0.41289179111345936,0.5551543002595664,0.44950416236675256,52.69725867992812,0.008727398698605686,0.10754238090580523,39.813615336387606,1.3235759681398613,0.044239121301748605,-0.0006648731555050427,0.3426644902829896,-0.41288932828933944,False,False,False,False,2.12833309173584,1.4175050258636475,False,False
2025-01-22,1.8488659858703613,226120265,-0.02944853677600999,-0.11848266694976797,0.1127571493637467,0.026489707103372093,0.31272935840913413,0.5184725485064703,0.38287443826723677,50.84744602292941,0.009008936122852041,0.10831255785332979,39.771457252114374,1.3187612616765028,0.014773068297971578,-0.027905646216028694,0.30271361009595865,-0.19338167299172726,False,False,False,False,2.12833309173584,1.4175050258636475,False,False
2025-01-23,1.8203179836273193,177310703,-0.015561268423853898,-0.0766891846313722,0.13671598344536975,-0.07148029031531125,0.22073576740909195,0.5950281372465612,0.3917758745189329,49.87337775304212,0.006975189795676871,0.1076983048554979,38.915623527279934,1.286411444378849,0.004120862098761326,-0.04021769721663715,0.2814403063255424,-0.21585664601976295,False,False,False,True,2.12833309173584,1.5686010122299194,False,False
2025-01-24,1.9973939657211304,302223410,0.09283211164917277,-0.0005650924290672214,0.2063078418010709,0.04065264758242499,0.191092893932512,0.6779059057340472,0.46611588048834685,55.56009917654926,0.016703425247465348,0.10240172296182888,38.103183221649104,1.3266806158987312,0.10374016118507204,0.0541357905217321,0.40396661468627076,0.7044848668836421,False,False,False,False,2.12833309173584,1.5686010122299194,False,False
2025-01-25,1.9920459985733032,143349269,-0.0026810632064490597,0.11739604087918393,0.22425345506792518,0.1173757174157851,0.21145650399172614,0.6524890174867203,0.3841666751944993,55.35584509047878,0.021613932083437225,0.09912595838042867,36.68566160359961,1.294499519054552,0.10380442980375731,0.054316599397657817,0.3982271698714192,-0.5256844299387662,True,False,False,False,2.12833309173584,1.5686010122299194,False,False
2025-01-26,2.0852279663085938,251226731,0.045715935083955474,0.25183799981922156,0.2884240895025009,0.09485911942672369,0.14611755196875734,0.6929889507578094,0.4458802530972422,58.236755802781225,0.02948605081243942,0.09596625099165972,37.718975041177124,1.2827474710628601,0.15324868458610308,0.10462319250389597,0.46157440824902246,0.7525497880285668,False,False,False,False,2.12833309173584,1.5686010122299194,False,False
2025-01-27,1.9136370420455933,306975775,-0.0858725437899248,0.049810434915177865,0.16654924627451156,0.011529730626220402,0.1115267833216843,0.5662263356050533,0.3659078234625881,51.62964688143178,0.021837388944408197,0.10738522201095231,37.851347839997395,1.3198071445999622,0.054186689757695104,0.01631927134760836,0.33974825005460374,0.22190729377440332,False,False,False,False,2.12833309173584,1.5686010122299194,False,False
2025-01-28,1.782971978187561,162719107,-0.0707240191890326,-0.06573938465214221,-0.034901500435174454,0.0010392749290905792,0.019035042947652472,0.4571043988750475,0.3304797916142366,47.23496220174319,0.0074235789536994425,0.11558042808431605,36.85623916898677,1.326362396812193,-0.02133241227258909,-0.052538121310276686,0.2479221415085404,-0.4699285082023166,False,True,False,False,2.12833309173584,1.5686010122299194,False,False
2025-01-29,1.8970550298690796,169866938,0.06202107677057014,0.025730228894437726,-0.09275243805533016,0.011982599901517206,0.03557425189027611,0.6010877541836094,0.5128597620954437,51.14502463402856,0.0051274340392386125,0.10945957491747813,34.753075770418015,1.332199340883966,0.03252149058717513,0.0074622888130500414,0.3266780117020078,0.0439274227334594,False,False,True,False,2.2202720642089844,1.5686010122299194,False,False
2025-01-30,2.095432996749878,233595915,0.09945751362008382,0.14074901093837555,0.06405982630700333,0.1821292186524887,0.13833312606223216,0.7098141412561718,0.701295540419005,57.09845597563138,0.01591459264737921,0.1028124643369938,34.665977860556474,1.350002331170577,0.12607886604539567,0.11062702623576304,0.46364090992869045,0.37516998746395247,False,False,False,False,2.2202720642089844,1.5686010122299194,False,False
2025-01-31,2.301568031311035,412765974,0.09383043034648468,0.1417473296356876,0.14118223720662035,0.2426511923845938,0.2155151561243491,0.8383640116934232,0.8135106194946743,62.246672926321395,0.034795397120205296,0.09876121572310656,37.045737902679626,1.3815091618466233,0.2137103162864214,0.21926108666436145,0.6049074315944993,0.7670085283811576,True,False,False,True,2.2202720642089844,1.7563320398330688,True,False
2025-02-01,2.0432450771331787,227423261,-0.11905137531161458,0.02537701753052205,0.1427730584097061,0.08383040880201718,0.010816172072002986,0.7559676977040879,0.6602850186506876,53.57089045571367,0.02803944952032715,0.11387724356403152,33.447093690419486,1.4452689637079565,0.06400629718572579,0.08423379993845696,0.42369432938996054,-0.4490261423534877,False,False,False,False,2.2202720642089844,1.7563320398330688,False,False
2025-02-02,1.8983149528503418,391733189,-0.07357264232720213,-0.09391155988063556,0.15792643993858604,-0.0533658652712207,-0.09506238472250865,0.7063396421196806,0.5910019069930863,49.40998734622295,0.012741598244879027,0.12418575856535566,30.043645074271865,1.4518042761820074,-0.018575773066594328,0.010726316227009388,0.322907333750759,0.7224851463193116,False,False,False,False,2.2202720642089844,1.7563320398330688,False,False
2025-02-03,1.862949013710022,721458860,-0.01880590234961593,-0.026844918440326652,0.022965516474851184,-0.1011043173461005,-0.11323047479110658,0.6514670013264651,0.5450673069050179,48.421640344119844,-0.0001451244737618526,0.13273766193004463,29.93576436782584,1.44863982429353,-0.03727423450835716,-0.0025327603627993797,0.29850122966953846,0.841709817444138,False,True,True,False,2.4243719577789307,1.7563320398330688,False,False
2025-02-04,1.7112460136413574,378098849,-0.08493895528599155,-0.0410598545372857,-0.10679923918942791,-0.20044645912609618,-0.2789904391979778,0.24001690765945494,0.46951549945090815,44.32578336125039,-0.018269083900936643,0.1461036243223587,31.001386603772346,1.474511120941847,-0.10713019291262633,-0.07858749455789474,0.19379642705346653,-0.47592458840965646,False,False,False,False,2.4243719577789307,1.7563320398330688,False,True
2025-02-05,1.6938979625701904,266751958,-0.01018940831136687,-0.11327033961922266,-0.08754011072478488,-0.174447545425762,-0.24759991045246524,0.27796062545281836,0.45962893645041103,43.86879806395328,-0.030109696028261298,0.14483454814493382,32.725631873771704,1.4707468026880304,-0.10987683961208258,-0.08402792390372495,0.18266634864879766,-0.29449148362787003,False,False,False,False,2.4243719577789307,1.7563320398330688,False,False
2025-02-06,1.6752090454101562,253015759,-0.011094399085709878,-0.22382225232501632,-0.08307324138664075,-0.05551944300432939,-0.25164993490553417,0.2713311691500074,0.4871212210656511,43.35028949205477,-0.03740826819677769,0.14530631094010288,34.25985441610483,1.4011920045792088,-0.1121555091025644,-0.09218032769461983,0.17069908067882159,-0.051494276191967114,False,False,False,True,2.4243719577789307,1.5347709655761719,False,False
2025-02-07,1.55662202835083,246816648,-0.0734198536957798,-0.39107253636728095,-0.2493252067315933,-0.05929721414252772,-0.16530098804476598,0.18269626632568875,0.40977123123106435,40.11064372199722,-0.04776737684491856,0.15780759281834314,37.41005544373143,1.4035523999203028,-0.17028328683728594,-0.15593883176063253,0.08869069825133187,-0.024500888895224948,False,False,False,False,2.4243719577789307,1.5347709655761719,False,False
2025-02-08,1.5290429592132568,157125575,-0.017876084190943137,-0.2898972452466094,-0.2645202277160873,-0.037653195827993854,-0.18452338837337143,0.16844208610977113,0.35442027085461836,39.37369238681243,-0.05358494273371002,0.1545510169984391,39.13945654346536,1.3982861138343057,-0.18298137658119917,-0.16907289450961432,0.07028532093177113,-0.36339150428783074,False,True,False,False,2.4243719577789307,1.5347709655761719,False,True
2025-02-09,1.5023280382156372,162745453,-0.01762609239454515,-0.23395069531395243,-0.32786225519458795,-0.07851954151601057,-0.24009990153974892,0.14333787099257717,0.332052274063682,38.63323640859574,-0.05607371234918933,0.1544036442665099,43.09472435131038,1.3965402282977546,-0.19037048974022922,-0.18205337003397157,0.05204555500877168,0.03576679353440704,False,False,False,False,2.4243719577789307,1.5347709655761719,False,False
2025-02-10,1.5799729824066162,157922737,0.050391816711594636,-0.16475297625274177,-0.19159789469306848,-0.0075010483311127325,-0.3550452805577222,0.2799915046799253,0.41156575825068326,42.04462202304436,-0.04955778540866465,0.14279968548525893,45.294996382507975,1.4069446598464088,-0.14102364267747416,-0.1384855662749031,0.10619666982878016,-0.02963349151143413,False,False,False,False,2.4243719577789307,1.5347709655761719,False,False
2025-02-11,1.5872900485992432,168462643,0.0046204430376346394,-0.07519357792911556,-0.11625343246640124,0.015574094057142301,-0.32718794196908196,0.31244680346894704,0.29100857712601025,42.36975166820672,-0.042114673431732384,0.1380608883843666,47.171142921425,1.405488263408594,-0.13086563974946253,-0.13247834984844814,0.11126782045636839,0.06674090254654086,False,False,False,False,2.4243719577789307,1.5347709655761719,False,False
2025-02-12,1.7332199811935425,253149732,0.08795274912797159,0.022948579510222996,-0.09032176010899975,0.06752454374704916,-0.24534278700464152,0.43907395748172734,0.42032998195341525,48.56697282786893,-0.025538662897030676,0.13092970861115694,47.49359738556918,1.4333998869984699,-0.0486919921622072,-0.050417346887919254,0.21301651441721683,0.5027054514394624,False,False,False,True,2.4243719577789307,1.4190599918365479,False,False
2025-02-13,1.6825350522994995,220770603,-0.02967932353408656,0.0043636550618460605,-0.21945859726317013,-0.09288150730769067,-0.34991793508887176,0.3556927130058098,0.4083131189493186,46.68903776553453,-0.016596563696091422,0.1331673738132377,47.48826129909406,1.3597513784957416,-0.06846207534934833,-0.07580347893854118,0.17709590763472072,-0.12790504949063108,False,False,False,False,2.4243719577789307,1.4190599918365479,False,False
2025-02-14,1.8587919473648071,217832226,0.09962517026905038,0.17740867902667637,-0.21366385734060456,-0.11312835142936607,-0.1844423968667314,0.4208718032089406,0.5386002668318901,53.43238453000303,0.0016127121114617865,0.12080699778553855,46.80996618433732,1.3383718496631023,0.032933104149437835,0.02003336392642022,0.2992529045637608,-0.01330963887433867,False,False,False,False,2.4243719577789307,1.4190599918365479,False,False
2025-02-15,1.811979055404663,123063237,-0.025507137324059927,0.16977762589355946,-0.12011961935304998,-0.08128073801117643,-0.1424237715723154,0.4496874619148892,0.4722338802035867,51.56672429333044,0.010436445980372827,0.11910004444894846,44.845368610081124,1.3268844575288665,0.014622374493783721,-0.004732313566448981,0.265521477469134,-0.4350549537146997,False,False,False,False,2.4243719577789307,1.4190599918365479,False,False
2025-02-16,1.7841980457305908,94325448,-0.015450608549289223,0.1719531097388153,-0.061997585575136946,-0.1134393660073333,-0.04920700258840134,0.3489214098882064,0.44873583489036023,50.44113466011125,0.014105732774453442,0.11592768633342664,44.52420057434212,1.3257021867548733,0.002700096233681155,-0.018832904857563965,0.24537541327312967,-0.23352050295897875,False,False,False,False,2.4243719577789307,1.4190599918365479,False,False
2025-02-17,1.8597229719161987,226871419,0.041458496625225445,0.16301978965244607,-0.0017331866002956982,0.04866132713259222,0.14302755472878306,0.45016002493312607,0.4287382817363772,53.41797712122596,0.020912555590082482,0.109676028611277,44.60204053963388,1.2650448651243396,0.042895119910259565,0.02181643205146668,0.29672532565795207,1.405198425349647,False,False,False,False,2.4243719577789307,1.4190599918365479,False,False
2025-02-18,1.7473809719085693,199891300,-0.06230945735350494,0.0960898892613065,0.020896311332190966,0.07507789363516947,0.009386467001097718,0.4488368488417985,0.4118054965539497,48.729192961855844,0.017292208017485017,0.11732319047611957,44.42627997422613,1.2444879248772873,-0.015974337086778416,-0.03856678236739638,0.2171322075475107,-0.11892251178629076,False,False,False,False,2.4243719577789307,1.4190599918365479,False,False
2025-02-19,1.7160840034484863,157938619,-0.018073126522799243,-0.009935986389464201,0.013012593120758592,-0.05915025400174874,0.0240867115715814,0.34100970418220083,0.4065941490285651,47.4788818517553,0.012458788792970243,0.1147642002798108,41.73975903286797,1.1764120511462104,-0.023165056404525826,-0.055470355791132436,0.19360220282415747,-0.20987747340679663,False,False,False,False,2.4243719577789307,1.4190599918365479,False,False
2025-02-20,1.78085196018219,206299229,0.037046926187188634,0.05679026333181096,0.061153918393657324,-0.06692912819284753,0.03599569599808064,0.34596266292061184,0.48822517206671884,50.31977582765493,0.013220658581605794,0.10682451517678011,31.108070287397787,1.1728247839681856,0.02895162516702748,-0.019554180531295668,0.23621021029448236,0.3061987644706454,False,False,True,False,1.9508190155029297,1.4190599918365479,False,False
2025-02-21,1.6005630493164062,281370407,-0.10673640594919787,-0.14957131288643716,0.02783736614023928,-0.1442169973660353,-0.11772729026266315,0.16851236104309877,0.37425555114043485,43.298898110903096,0.001780519303826441,0.12368408224192132,27.293295376102616,1.2252130014345382,-0.06323675654799818,-0.11610267180099224,0.10889932254915588,0.36389461251937116,False,False,False,False,1.9508190155029297,1.4190599918365479,False,False
2025-02-22,1.689391016960144,154049616,0.05401264583696812,-0.07005152972540903,0.09972609616815041,-0.07464308310521323,-0.14612337342052442,0.14609268430387862,0.520385054141348,47.20723937397415,0.0004624604570158536,0.11564874072637389,25.480402057098562,1.2414531808584564,-0.005166044873756167,-0.06381194685975639,0.1681387150042625,-0.45250242325590406,False,False,False,False,1.9508190155029297,1.4190599918365479,False,False
2025-02-23,1.701516032218933,100501800,0.007151518316441014,-0.04744940285967874,0.12450370687913659,-0.16032367643794498,-0.11967102885551989,0.03076921749456721,0.5175822292961021,47.73679823890794,0.0006617630797379447,0.10924716906214141,23.995793200427315,1.193707696168831,0.006759320102839447,-0.053319412626977467,0.17370703641083138,-0.3476011001546411,False,False,False,False,1.9508190155029297,1.4190599918365479,False,False
2025-02-24,1.408413052558899,173900906,-0.18905606141129747,-0.27796396089620157,-0.11494417124375554,-0.34669867464279336,-0.22932295722700827,-0.13524217065106736,0.3057903428439269,37.852297507539134,-0.01767877515681697,0.13856195464243748,28.25168088776004,1.3546443263644252,-0.159131542138891,-0.2103966216440557,-0.029289142834836128,0.7303262827133445,False,False,False,False,1.9508190155029297,1.4190599918365479,False,True
2025-02-25,1.4104880094528198,218014513,0.001472174597851392,-0.2141823289448453,-0.1180924396835387,-0.3909424351288975,-0.2960833157021736,-0.24482488316013998,0.3020465156289121,37.95024989289474,-0.02780042532087735,0.13553885413596062,31.65446599565911,1.339810399005737,-0.15070749964155314,-0.2038211890917959,-0.028901909466518636,0.2536709440720222,False,True,False,False,1.9508190155029297,1.4190599918365479,False,False
2025-02-26,1.342411994934082,147286570,-0.04946775837366476,-0.24557696079571087,-0.25551294718517503,-0.35453764971263735,-0.34300791908641687,-0.24301086639095304,0.21168868589241585,35.94836628570893,-0.036653550357927056,0.13989302955847852,36.12963501795174,1.3207820213132657,-0.18351730130739913,-0.23856520550820398,-0.07653971475742087,-0.3244185078632815,False,False,False,False,1.9508190155029297,1.4190599918365479,False,False
2025-02-27,1.346506953239441,113886747,0.003045805061442757,-0.2795780819214569,-0.22278781858964578,-0.2807678254621621,-0.27972855053307144,-0.2617327825145096,0.17633657341288553,36.166495040352814,-0.0395581692406461,0.13486689916576472,39.473591027364606,1.3043348706901912,-0.1757599203203093,-0.23358887597049724,-0.07475748622576629,-0.22676760684969444,False,False,False,False,1.9508190155029297,1.4190599918365479,False,False
2025-02-28,1.2707209587097168,179331254,-0.05792937376961956,-0.23077104974187868,-0.3803423626283159,-0.40071827600235177,-0.3887356761008345,-0.3651440241120757,0.20036947818125772,33.86773809468657,-0.04358976951002745,0.14263167452614658,44.05389752140731,1.2887268875251943,-0.21595199254068823,-0.27410567592883806,-0.1273748770465939,0.5746455028696185,False,False,False,False,1.9508190155029297,1.4190599918365479,False,False
2025-03-01,1.2492010593414307,91571508,-0.01708022897997783,-0.30186392455882466,-0.3719154542842336,-0.5172560186024134,-0.33512679994992467,-0.3789228925401812,0.1925581226537584,33.222011721690166,-0.04455391141155943,0.1399283946466677,48.4268093950436,1.2227455850725777,-0.2231636016109655,-0.2833214251408128,-0.14267088831161895,-0.48937228755451634,False,True,False,False,1.9508190155029297,1.4190599918365479,False,False
2025-03-02,1.3730089664459229,165423997,0.09450046287277138,-0.21451498000249425,-0.26196438286217305,-0.5165859860761266,-0.2739347936915329,-0.30107082995177753,0.3217780256172966,40.27700696897833,-0.03416885944974536,0.127577311473254,50.39443047279234,1.2235136332114758,-0.14064145670184575,-0.21030854055717166,-0.058680335586678165,0.8065007403831332,False,False,False,False,1.9508190155029297,1.4190599918365479,False,False
2025-03-03,1.100281000137329,157231986,-0.22143905546343756,-0.24689797405463415,-0.5248619349508358,-0.6189736662279497,-0.5351432574259326,-0.6081574941559467,0.13699403147613806,32.20542882837451,-0.04244286954791576,0.16555552109996613,58.135977717940094,1.373676620117056,-0.3006821773182179,-0.36378446321837543,-0.24591728253955894,-0.04952129768693714,False,False,False,False,1.9508190155029297,1.4190599918365479,False,False
2025-03-04,1.0851600170135498,185291592,-0.013838144615004443,-0.2622082932674901,-0.47639062221233547,-0.559239168515752,-0.6126050337869727,-0.6543015532382606,0.14710047360392867,31.824626479542786,-0.04544166924270135,0.16482630158365535,64.57222591183238,1.3604398408600702,-0.29578976639556653,-0.3686223080136169,-0.2564816553248156,0.1784599095504651,False,True,False,False,1.9508190155029297,1.4190599918365479,False,False
2025-03-05,1.1791679859161377,102085223,0.08308163586212756,-0.12965889903169783,-0.37523585982740865,-0.45735163030400855,-0.558455947650109,-0.5705821050951151,0.19411537102245655,36.82588199937323,-0.037908941689870634,0.14714708479240493,68.1985276148922,1.4059436098163511,-0.2220779481737261,-0.30855798350677704,-0.19237113725531554,-0.44905636624893375,False,False,False,False,1.9508190155029297,1.4190599918365479,False,False
2025-03-06,1.151427984237671,91742264,-0.02380619560294822,-0.15651089969608867,-0.43608898161754556,-0.39621887062096506,-0.5966653297470613,-0.6752093098189428,-0.15620196296151023,35.98695699404087,-0.03185340382410584,0.1446523474277605,69.56843145364833,1.3837983160220015,-0.2222308100814027,-0.3173790488490415,-0.2116220950580378,-0.10131690656149128,True,False,False,False,1.9508190155029297,1.4190599918365479,False,False
2025-03-07,1.0687530040740967,130060523,-0.07451034540136359,-0.17309187132783266,-0.40386292106971133,-0.4605398077109617,-0.6349873531367238,-0.7081397181634269,-0.1825791822581435,33.53495925772336,-0.03047440277569624,0.1515869979646925,72.21367563538521,1.4001239958928489,-0.25948811134339844,-0.35958403860569577,-0.2682710033416975,0.41767291681399965,False,False,False,True,1.9508190155029297,0.9702619910240173,False,False
2025-03-08,1.0692299604415894,77475571,0.0004461741588413976,-0.1555654681890135,-0.4574293927478381,-0.44899923446641055,-0.5045186774707398,-0.7006491693719447,-0.17766806531640303,33.563083034728734,-0.02672283425888916,0.1439491106884499,73.99606728600533,1.4011439163210602,-0.24034153531359764,-0.35208239172607275,-0.26790028794789683,-0.40431139893232626,False,True,False,False,1.9508190155029297,0.9702619910240173,False,False
2025-03-09,0.9912350177764893,88815944,-0.07574234687576077,-0.3258082779375455,-0.5403232579400398,-0.4513217276463914,-0.5106189417889192,-0.6166227156911575,-0.2686254613207028,31.23551932720396,-0.02662783636483071,0.15066962314239238,74.38595859048205,1.4023862652753596,-0.273335870675545,-0.3936113190091791,-0.32102849117916493,0.14637353237448236,False,False,False,False,1.9508190155029297,0.9702619910240173,False,False
2025-03-10,0.8978260159492493,123906896,-0.09897535498764169,-0.20334457746174975,-0.45024255151638387,-0.5324209984430899,-0.5700741942710839,-0.7169443868164613,-0.36397891233331875,28.671089078527757,-0.029752685064491413,0.16850219324145985,77.79616915162461,1.4326513885692151,-0.32065834568333745,-0.44585123932833864,-0.3845399878124337,0.3950974388112116,False,False,False,False,1.9508190155029297,0.9702619910240173,False,True
2025-03-11,0.9223690032958984,202014335,0.02696906061217815,-0.16253737223456724,-0.42474566550205733,-0.4878258454363667,-0.5663453869523773,-0.7279257469761157,-0.34448797444378976,30.290501601355317,-0.027136628718561484,0.16429158457050508,79.35909048594688,1.4411184289840027,-0.2804819514933496,-0.4243195124500409,-0.3669044319681411,0.6303720093189971,False,True,False,False,1.9508190155029297,0.9702619910240173,False,False
2025-03-12,0.9202219843864441,120368986,-0.002330435669662507,-0.2479494437663572,-0.377608342798055,-0.5405480978176239,-0.5480491461487368,-0.8955933783753462,-0.26055659313769863,30.225852337222918,-0.022700866286868404,0.1587857607652055,77.03496069626206,1.4220349401234773,-0.25722337898529657,-0.4185179605478805,-0.36756816929393715,-0.40415621495375564,False,False,False,False,1.9508190155029297,0.9702619910240173,False,False
2025-03-13,0.8999930024147034,92356104,-0.0222279401152278,-0.24637118827863683,-0.4028820879747254,-0.5673964809704862,-0.5518223869133441,-0.8945844229395683,-0.2549496775015392,29.585153712062905,-0.018459286104294925,0.1554119960756999,77.85403781779418,1.4197370960974725,-0.25241439699451845,-0.424398055155196,-0.3807505056561703,-0.23272508086094534,False,False,False,False,1.9508190155029297,0.9702619910240173,False,False
2025-03-14,0.9527260065078735,89896116,0.056940367829389514,-0.11492047504788357,-0.2880123463757164,-0.5984088622690683,-0.5308843185220192,-0.8437516492737097,-0.15933490478734103,33.53999254867789,-0.009863430290462799,0.1408536602329641,72.63823936079092,1.3942486580314017,-0.18363397798093356,-0.3838340365335341,-0.3439557069329927,-0.02663590053560505,False,False,False,True,1.9508190155029297,0.8176739811897278,False,False
2025-03-15,0.9623119831085205,53963113,0.010011348826548003,-0.10535530038017712,-0.26092076856919055,-0.5587181899084337,-0.6515996972161244,-0.9086361249973054,-0.20302547690262385,34.262786288031606,-0.0017200695754848172,0.13195054966047404,62.681184305546175,1.3976309857770053,-0.14845125909678797,-0.36918873724480583,-0.3371037378633258,-0.39971696886214747,True,False,False,False,1.9508190155029297,0.8176739811897278,False,False
2025-03-16,0.9235590100288391,52921709,-0.04110400901281236,-0.07071696251722866,-0.3965252404547743,-0.6994473691902965,-0.8125757206196625,-0.8838897660570278,-0.27857556598135585,32.7138314558413,0.0026318290993723736,0.1320790169693173,61.63082283635959,1.3324537211003114,-0.16482731208448909,-0.3859907728107216,-0.3635397062518889,-0.019298441881957396,False,False,False,False,1.9508190155029297,0.8176739811897278,False,False
2025-03-17,0.9635549783706665,85335700,0.042394851484910165,0.07065324395532308,-0.13269133350642662,-0.6315453803813263,-0.7128261183925029,-0.7739691519536418,-0.18185791846643723,35.93301850515546,0.00939875409935334,0.12296236257838125,58.25824268490476,1.351955047587244,-0.11068777990442774,-0.34970144644595025,-0.3357609991207576,0.6124894984022531,False,False,False,False,1.9508190155029297,0.8176739811897278,False,False
2025-03-18,0.9502459764480591,70532342,-0.013908673670520396,0.029775509672624677,-0.13276186256194264,-0.6300034455025575,-0.7434428115098909,-0.679210448090959,-0.2810820356143512,35.327335688081874,0.013901417088863027,0.12049263156175762,55.834840541712275,1.3520461428723667,-0.10680677928285098,-0.35023422968785245,-0.3446659264873872,-0.17347204042387887,False,False,False,False,1.9508190155029297,0.8176739811897278,False,False
2025-03-19,1.0405720472335815,126547806,0.09080501267596704,0.12291095801825426,-0.1250384857481029,-0.5806569294518157,-0.5319956023192235,-0.43762937472303276,-0.13049690451868978,42.4209614850904,0.023330911570339813,0.11042980065284798,50.969057028063546,1.391128978064666,-0.007635339080425421,-0.2811722814634985,-0.28232711064486754,0.7941812565928974,False,False,False,False,1.9508190155029297,0.8176739811897278,False,False
2025-03-20,1.018409013748169,75112931,-0.02152898823700413,0.12360990989647798,-0.12276127838215892,-0.5398764603353149,-0.4647985667001455,-0.5304899933342173,-0.09103961149351654,41.22609203421613,0.028122171193834755,0.10836637817514926,47.71491494412806,1.382526388290899,-0.01694432346004763,-0.2878373011861064,-0.29764769666739693,-0.4064462010506923,True,False,False,False,1.9508190155029297,0.8176739811897278,False,False
2025-03-21,0.991087019443512,52795940,-0.027194557889757408,0.0394749841773309,-0.07544549087055276,-0.5489978917022732,-0.608148145704022,-0.5249111801306917,-0.20798818752007228,39.74003303843721,0.029361780375351032,0.10709012873252101,44.4622800239453,1.3828988477783686,-0.03124946062768147,-0.2960709948357113,-0.31630435459601824,-0.29711250383772136,False,False,False,True,1.9508190155029297,0.9009060263633728,False,False
2025-03-22,1.0148229598999023,49752225,0.023667112312327796,0.0531307476631107,-0.0522245527170664,-0.5623777055771341,-0.6293068337699816,-0.5263820095790533,-0.2164150426565222,41.70595732502813,0.031501778184138074,0.10039128144541574,32.0622751020225,1.3769336764447069,0.009625711119389459,-0.2657921282514401,-0.29999638309553556,-0.05765055040217104,False,False,True,False,1.0622659921646118,0.9009060263633728,False,False
2025-03-23,1.0360260009765625,56698640,0.02067806745385789,0.11491282412978082,0.04419586161255226,-0.4349632321740784,-0.5791802295401138,-0.5526905224367417,-0.2664508711309797,43.47981142081296,0.033860497274020906,0.09421391404215909,31.119487108014383,1.3458272424212845,0.0340252153713785,-0.2393665007980541,-0.2854202500426229,0.1396201878408454,False,False,False,False,1.0622659921646118,0.9009060263633728,False,False
2025-03-24,1.0704139471054077,80058192,0.03265319912385543,0.1051711717687262,0.17582441572404922,-0.4563226788871912,-0.5309657619924044,-0.6024460523077155,-0.3102299945833124,46.332147556446515,0.036996913588795144,0.08934660477061374,30.853023295246096,1.3341533871466262,0.06913350463636621,-0.20444819916993912,-0.26197013739175645,0.4119949261569589,False,False,False,False,1.0622659921646118,0.9009060263633728,True,False
2025-03-25,1.060505986213684,65501240,-0.009299300398464636,0.10978054504078193,0.1395560547134065,-0.4727734976020967,-0.6330971740400416,-0.5924445264576168,-0.4420042801075296,45.61782493248989,0.03754517457921769,0.08614607704586402,27.022396574664654,1.331914992925173,0.06555185900367254,-0.20229712972367167,-0.26917600173540956,-0.18182963712195754,False,False,False,False,1.0622659921646118,0.9009060263633728,False,False
2025-03-26,1.0235919952392578,72449363,-0.035428134646481126,-0.016452602281666263,0.10645835573658806,-0.3191455708372804,-0.6658442454800737,-0.5484685280642886,-0.45438774148834765,42.96033841603466,0.034633454409819464,0.08838570457223537,23.238949506536084,1.1793973641927347,0.0351099266912281,-0.22201528915905328,-0.2948802163941555,0.10607620558023023,False,False,False,False,1.0622659921646118,0.9009060263633728,False,False
2025-03-27,1.015463948249817,62445035,-0.00797240513816449,-0.0028960191828265184,0.12071389071365139,-0.3285901505732964,-0.7195325857021937,-0.6246734662754699,-0.5734150337334364,42.37497465252251,0.03146383731076928,0.08603377382879233,22.251616580161844,1.1786366100623813,0.029664783413654788,-0.22015051196766522,-0.3006491497964367,-0.13808717683273486,False,False,True,False,1.0879770517349243,0.9009060263633728,False,False
2025-03-28,0.9277409911155701,76551363,-0.09034828948496886,-0.0660497507780381,-0.02657476660070723,-0.36947068168460045,-0.7240083313972379,-0.7124786007710173,-0.6124815480755534,36.581588907343225,0.023147458311453928,0.09681739887887346,21.56320951647845,1.2038070710137696,-0.05248807765685323,-0.27924463932113797,-0.3608929760006964,0.22589991341985804,False,False,False,False,1.0879770517349243,0.9009060263633728,False,False
2025-03-29,0.873986005783081,70543741,-0.05968822559048456,-0.14940508868085042,-0.09627434101773973,-0.43220471233652763,-0.7129725377986896,-0.711933262869599,-0.6939374948510372,33.554252197911,0.014156145856979316,0.10324888394124976,23.599190918489864,1.2135797168301015,-0.1020120273006973,-0.31372741590382025,-0.3976143661283892,-0.07847831527179994,False,True,False,False,1.0879770517349243,0.9009060263633728,False,True
2025-03-30,0.8578680157661438,51060357,-0.01861410396063945,-0.18869726009534768,-0.07378443596556682,-0.39288944252754754,-0.7936077185298992,-0.7816251186283821,-0.7580334666396232,32.680940012168946,0.007582778039000884,0.10075951039728873,24.964132531997567,1.2035402328765614,-0.11675957259044789,-0.3192077720970081,-0.4084128780173486,-0.27618869829996684,False,True,False,False,1.0879770517349243,0.9009060263633728,False,False
2025-03-31,0.8741869926452637,65063619,0.018844043289583265,-0.2025064159296198,-0.09733524416089362,-0.3569651702579864,-0.8742211888603998,-0.692091970207911,-0.7358880627981677,34.538632218823565,0.004922286642448287,0.0949370809076604,26.177658354919576,1.208556232956778,-0.09771997118496441,-0.2992712143020885,-0.3968229639906829,0.27424919884520205,False,False,False,False,1.0879770517349243,0.9009060263633728,False,False
2025-04-01,0.900068998336792,60747935,0.029177122037919213,-0.16402999349323594,-0.05424944845245393,-0.4222885110928385,-0.9388744971689652,-0.6962233047843713,-0.7233593410446162,37.48514694143132,0.0054528490079874675,0.08912712730588757,26.584511912696595,1.1565326369044866,-0.0700390280069765,-0.2705740941010048,-0.3786143967930388,-0.06633021750603818,False,False,False,False,1.0879770517349243,0.9009060263633728,False,False
2025-04-02,0.8131489753723145,85125131,-0.10155709090287914,-0.23015894974963405,-0.24661155203130022,-0.30240654653228005,-0.9213802127602299,-0.8375498039582128,-0.9105640406882267,32.23722072704905,0.0007444990061003381,0.09968172768478774,29.604657914515347,0.9416266726533721,-0.15605946829277476,-0.33264139646886476,-0.4382043595265616,0.401284356414749,False,False,False,False,1.0879770517349243,0.9009060263633728,False,False
2025-04-03,0.8322470188140869,70000549,0.02321496006742692,-0.19897158454404265,-0.20186760372686915,-0.26535344184984877,-0.8245926103656007,-0.8779584756368215,-0.9196549950881093,34.41002058931312,-0.00023655182913144557,0.09589891933919178,32.101571086496506,0.9486093638348071,-0.13080397371107425,-0.30671465192354963,-0.4246858175113163,-0.1776746986738852,False,True,False,False,1.0879770517349243,0.9009060263633728,False,False
2025-04-04,0.8364419937133789,77843925,0.005027879616944453,-0.10359541544212932,-0.16964516622016745,-0.34340719809503195,-0.8007588283990404,-0.9018631457451409,-0.913989303190147,34.9037733118367,0.0002194846807769546,0.09296013478368359,34.1546772117046,0.8907109389608231,-0.12064282026178862,-0.29325760262623596,-0.42151092386392736,0.11204734980007092,False,False,False,False,1.0879770517349243,0.9009060263633728,False,False
2025-04-05,0.8258860111236572,38775609,-0.01270041104885575,-0.05660760090050058,-0.2060126895813509,-0.3323014135409394,-0.7285202841619045,-0.9289667432880008,-1.0075107233598823,34.20597806995643,0.0006104816141896258,0.08995031456556991,36.16364501864634,0.8896130839468255,-0.1272595601889095,-0.289779980279169,-0.4284881550752593,-0.5018800889086721,False,False,False,False,1.0879770517349243,0.9009060263633728,False,False
2025-04-06,0.6920959949493408,79458013,-0.176732095915151,-0.21472559285501205,-0.4034228529503598,-0.4345231640547268,-0.8950629717656887,-1.0695105171914507,-1.142662882218154,26.87298521390514,-0.0069256832415433844,0.11542434698871865,43.63252821785426,1.0400816439252965,-0.2579972683189298,-0.3931440362086711,-0.5205074485865292,1.0491751141806698,False,False,False,False,1.0879770517349243,0.9009060263633728,False,False
2025-04-07,0.6949750185012817,167425131,0.004151233294440269,-0.2294184028501551,-0.4319248187797749,-0.430818104919128,-0.8798173393855386,-0.9353367823898678,-1.1314672742910727,27.234487490198532,-0.01029769745284656,0.11743222265273665,49.5747490105698,1.040831071900912,-0.24457344177430573,-0.3787528851895968,-0.5179237290401179,1.1070893252767346,False,True,False,False,1.0879770517349243,0.9009060263633728,False,False
2025-04-08,0.6276640295982361,110889857,-0.10187086171966583,-0.3604663866077403,-0.5244963801009762,-0.45694661976303313,-0.9082683474094245,-0.9675655615519524,-1.0735693354541906,24.219880979241893,-0.015338828238984331,0.1313913823456592,56.469406679790524,1.063958344743412,-0.3020771566295736,-0.42628580358544005,-0.5638797638601246,-0.33767495753071863,False,False,False,False,1.0879770517349243,0.9009060263633728,False,False
2025-04-09,0.7394149899482727,140814903,0.1638542808249269,-0.09505501487993431,-0.3252139646295683,-0.19411698395046473,-0.7265379823935546,-0.7641911782215486,-0.911061370766926,36.73957000725048,-0.009699588979932422,0.11566445117792941,58.02265511587541,1.1909743485059356,-0.16486316675139495,-0.31145265610833445,-0.48550145456769095,0.2698627882620499,False,False,False,False,1.0879770517349243,0.9009060263633728,False,False
2025-04-10,0.713109016418457,78137919,-0.0362250124923964,-0.15449498743975756,-0.35346657198380016,-0.2573110570550391,-0.745136902491406,-0.8236564440074166,-0.9852368040311549,35.26270212676806,-0.0064500825987994365,0.11624263528600874,60.241919090839055,1.1890388442944329,-0.18172923414240566,-0.32330865690549077,-0.5031142037059366,-0.445101922202084,False,False,False,False,1.0879770517349243,0.9009060263633728,False,False
2025-04-11,0.7320169806480408,68196378,0.026169404369702644,-0.13335346268699927,-0.23694887812912865,-0.228811217015674,-0.7693593148332979,-0.7768603631644106,-1.1244045953910202,37.21627550545463,-0.0019686100600181666,0.10842934582218282,60.78106671620244,1.1950636003344803,-0.14617920329976258,-0.2912584871620827,-0.4890801361551405,-0.12723068552670314,False,False,False,False,1.0879770517349243,0.9009060263633728,False,False
2025-04-12,0.7559810280799866,53655427,0.032212569433487735,-0.08844048220465581,-0.14504808310515632,-0.17437070746695854,-0.7417671884374448,-0.7261930943803026,-1.068955130406527,39.699940317175106,0.0033772630820393945,0.10192636600654233,59.416845581041436,1.2017600179272176,-0.10358731672785397,-0.25588677353871714,-0.47142305441542126,-0.21322174910814173,False,False,False,True,1.0879770517349243,0.6143419742584229,False,False
2025-04-13,0.7209309935569763,65686296,-0.0474728573801566,0.040818756330338477,-0.17390683652467345,-0.27878393267650464,-0.877192794945573,-0.8096682511985239,-1.1225355819502145,37.371326928965466,0.005210847963841261,0.10578823252938999,56.39743324224765,1.1882485297577199,-0.1270608355140877,-0.2765947569381254,-0.4950306388220577,0.22422464366931605,False,False,False,False,1.0879770517349243,0.6143419742584229,False,False
2025-04-14,0.7058740258216858,96000903,-0.021106635460468152,0.015560887575430045,-0.21385751527472494,-0.30990191696352093,-0.8686201068719545,-0.9615016141796453,-1.2185380419608263,36.384020473412754,0.0060109132974736496,0.10888337078188287,52.409059504776366,1.1868423150145224,-0.1265390924799024,-0.27726224633175467,-0.5046275386945526,0.4615058063252646,False,False,False,False,1.0879770517349243,0.6143419742584229,False,False
2025-04-15,0.6848589777946472,71643827,-0.030223842656648403,0.0872079066384476,-0.2732584799692927,-0.299021750607357,-0.9984691197976534,-1.1115974712270196,-1.1829115166643849,34.994420445691006,0.005727317001734858,0.10928207009536965,48.920346019755755,1.1838946646565982,-0.13440254206316327,-0.28823324737672507,-0.5182400190513529,-0.2537171551396762,False,False,False,False,1.0879770517349243,0.6143419742584229,False,False
2025-04-16,0.684827983379364,73855782,-4.5257662760975045e-05,-0.07669163184924033,-0.17174664672917464,-0.3414618597550281,-0.9730072401363545,-1.054287978147531,-1.1154310117086697,34.99229774221074,0.006105468742126585,0.10554626786331443,43.63392077543239,1.1694362291904334,-0.11597023137075069,-0.27736566446585736,-0.5171575074444059,0.03087432780496213,False,True,False,False,1.0879770517349243,0.6143419742584229,False,False
2025-04-17,0.6831309795379639,60980181,-0.002481075467800001,-0.04294769482464382,-0.19744268226440134,-0.33003426155230764,-0.9600377070548652,-1.0734770730621985,-1.0092447096432664,34.86758911253396,0.0067583315645321496,0.10213283626312254,41.43859116488325,1.169804741592916,-0.10401496388031109,-0.26898535042696914,-0.5172578532815219,-0.17433436694232007,False,False,True,False,0.78786301612854,0.6143419742584229,False,False
2025-04-18,0.6984829902648926,42727634,0.022224214491969388,-0.04689288470237699,-0.18024634738937623,-0.39861505973630523,-0.9792719891881211,-0.9306106620555288,-0.836244434459338,37.05316099752034,0.008621778498589236,0.09516688653397644,40.224760675564895,1.1179957351648,-0.07321274862589844,-0.24204522269983086,-0.5053908132102725,-0.29931933130864274,False,False,False,False,0.78786301612854,0.6143419742584229,False,False
2025-04-19,0.7095310091972351,45783937,0.01569337475289184,-0.06341207938297289,-0.15185256158762875,-0.3613926967464092,-0.9012691570817243,-0.8261912634465548,-0.8918826900806266,38.648657440209554,0.010851989654808936,0.08958079055587427,38.81397352390858,1.122073544739594,-0.04919665140075991,-0.22056342744217813,-0.49680784462644256,0.07152989093662421,False,False,False,True,0.78786301612854,0.6602569818496704,False,False
2025-04-20,0.7163580060005188,40226286,0.009575849029342142,-0.006363372973474166,0.034455383356864336,-0.3246222898273098,-0.8736201815295829,-0.9327704355313317,-0.8495334699580014,39.66633821826457,0.01290106051526392,0.08481797946916461,35.96547864755181,1.1231553880043608,-0.02978828197648862,-0.20374216819162871,-0.49138392870341235,-0.12138866519932523,True,False,False,False,0.78786301612854,0.6602569818496704,False,False
2025-04-21,0.713450014591217,90433472,-0.0040676725505050144,0.010675589936488953,0.026236477511919196,-0.3523570746901425,-0.9147347802672766,-0.9816639084601241,-0.8787390842691959,39.366790775820704,0.014078512135619878,0.0833394557510928,30.2705173586972,1.1165836739307151,-0.021359166370740403,-0.19517376318746,-0.4928962418760471,1.2481188544227027,False,False,False,False,0.78786301612854,0.6602569818496704,False,False
2025-04-22,0.7832649946212769,97959226,0.09335869592716095,0.1342581285202985,0.22146603515874608,-0.2796764462168394,-0.7146396783909178,-0.8588566757569531,-0.832366968653581,49.271385095973464,0.019256848108958516,0.07859290171878092,29.272812336454106,1.1706191313884875,0.07661280463172859,-0.11005188574603049,-0.44273371833709907,0.08321867814607398,False,False,False,False,0.78786301612854,0.6602569818496704,False,False
2025-04-23,0.8126890063285828,108633103,0.0368774365695804,0.17118082275263988,0.0944891909033997,-0.27545220877111437,-0.7317748876583056,-0.8064179707635187,-0.8778982610788301,52.77289538931962,0.024049856466427738,0.0739464787577161,28.33079808726887,1.1726166102871243,0.11856017990736906,-0.07086737014357807,-0.42130847150101813,0.10896244729414262,True,False,False,False,0.78786301612854,0.6602569818496704,True,False
2025-04-24,0.8375880122184753,90519766,0.03017783706886894,0.20383973528930874,0.16089204046466501,-0.23597507130378073,-0.7087485689058776,-0.8690722453438225,-0.8284195977613975,55.56778811262619,0.028006501733435815,0.07202197453305816,28.39618085991716,1.180624396016741,0.15273949326292457,-0.03486263607731513,-0.4030631311643414,-0.16673865055663561,True,False,False,False,0.78786301612854,0.6602569818496704,False,False
2025-04-25,0.8543239831924438,84068708,0.019784145871324647,0.20139966666866385,0.15450678196628687,-0.18076279078597518,-0.4999083616232556,-0.8466070362660489,-0.7292313188502638,57.39298016889657,0.030646738634865972,0.06985963442221835,30.000341245182156,1.180108457545785,0.1734761736760011,-0.008791326010947486,-0.3906672357372047,-0.07126684353116863,False,False,False,False,0.78786301612854,0.6602569818496704,False,False
2025-04-26,0.8684470057487488,64832176,0.016396072418170583,0.20210236433394263,0.1386902849509697,-0.15639431322964006,-0.4849844638029364,-0.8759268989318338,-0.78106777950511,58.926310662311835,0.03208686831442423,0.06715722537851493,33.5737882418392,1.182660776185792,0.17860049725519858,0.012299740993104404,-0.38014929051906027,-0.228819170148303,False,False,False,False,0.78786301612854,0.6602569818496704,False,False
2025-04-27,0.8367469906806946,57104664,-0.037184822036124526,0.15534169326847583,0.14897832029500171,-0.10323084578079574,-0.47270152746539623,-0.8272391771780336,-0.8157094465518132,54.210518316382675,0.02970184838613961,0.0701948301852902,34.788162151526805,1.1485388433098638,0.12475887790041214,-0.019336133296537047,-0.4023645138256786,-0.11919254414659786,False,False,False,False,0.78786301612854,0.6602569818496704,False,False
2025-04-28,0.8388400077819824,111254245,0.0024982506927972497,0.16190761651177812,0.1725832064482673,-0.04104436949751393,-0.47324908183404163,-0.7540169072962036,-0.752977632367113,54.46960484565868,0.02713322132064514,0.06987609559107548,32.891322833904105,1.130550064419952,0.11179244722941775,-0.013358719404424534,-0.40045327098514827,0.9482514598107084,False,False,False,False,0.78786301612854,0.6602569818496704,False,False
2025-04-29,0.827489972114563,89401603,-0.013623005452761915,0.054925915131855324,0.18918404365215385,-0.036053270989636406,-0.4289427135171838,-0.8296609895195355,-0.8176783896180183,52.72730144807905,0.02366441821168455,0.06995745420856257,33.68665907501821,1.1297255353043179,0.09038494588423027,-0.025095541174592277,-0.40804669203082944,-0.19642074781056673,False,False,False,False,0.78786301612854,0.6602569818496704,False,False
2025-04-30,0.8301910161972046,80976194,0.003258825421896503,0.021307303984171206,0.19248812673681115,-0.05163848885732319,-0.4086036591153096,-0.925859677717723,-0.7437304590652343,53.11167492080538,0.020656013676724896,0.0693573782273451,33.896271749834746,1.1275507659620414,0.08557007482243692,-0.01978430302176315,-0.40558793742778915,-0.09424225872102088,False,False,True,False,0.8989779949188232,0.6602569818496704,False,False
2025-05-01,0.8572989702224731,69883154,0.03213090018796273,0.023260367103265192,0.2271001023925739,-0.048684710707279685,-0.4709732218001183,-0.987559207876245,-0.7449080154916512,56.89938100735236,0.019604396325517047,0.06594401786728919,34.93775991559425,1.1286160964449174,0.11190915671676678,0.013728634553442361,-0.3857618520789738,-0.13699137304477416,False,False,False,False,0.8989779949188232,0.6602569818496704,False,False
2025-05-02,0.860647976398468,57712278,0.0038988519697276433,0.0073750732016683975,0.2087747398703323,0.05677123216532711,-0.24563531436695296,-0.8646089805949027,-0.7807785717928856,57.35768769065198,0.018273459859789315,0.0636867793277064,36.06432025283495,1.0694838410837566,0.10872718564413278,0.018636553073513067,-0.3826416598474477,-0.17416037060948908,False,False,False,False,0.8989779949188232,0.6602569818496704,False,False
2025-05-03,0.824284017086029,45163642,-0.04317041501652615,-0.05219141423302831,0.14991095010091415,-0.009614142918625817,-0.27496758476847455,-0.8342067532842266,-0.8875726185554472,51.01451749123075,0.014261183881088057,0.06647757746307453,35.58976028101,1.0778602211760475,0.05485900446911096,-0.02142746212274987,-0.4080592353948876,-0.2174344253054783,False,False,False,True,0.8989779949188232,0.7941229939460754,False,False
2025-05-04,0.8002470135688782,52327410,-0.02959470447997643,-0.044601296676880245,0.11074039659159568,-0.044236727015546685,-0.3876439251105786,-0.844995555414587,-0.9460998727606876,47.29152710322411,0.009532799776641685,0.06686669897697538,34.29906025297348,1.0824536265891007,0.017951202001874847,-0.04629382060495436,-0.4246634064498102,0.15861803173446454,False,True,False,False,0.8989779949188232,0.7941229939460754,False,False
2025-05-05,0.7861220240592957,60575618,-0.017808419695884255,-0.06490796706556179,0.09699964944621628,-0.049344735662575176,-0.3816461492035146,-0.7778650198244799,-0.978311478950576,45.20383750664219,0.005214277079050429,0.06764465802353198,31.99665564546388,1.0832666955996928,-0.006415680989147813,-0.06004834348593675,-0.43421123168102366,0.15762691102043846,False,False,True,False,0.8765869736671448,0.7941229939460754,False,True
2025-05-06,0.7776719927787781,71121479,-0.010807195107731383,-0.06209215672053128,-0.007166241588675901,0.11658016514484443,-0.31794299890988237,-0.7784828066208442,-0.9529303520466061,43.95376966516871,0.0017293098510078827,0.06748286379217439,29.424976369782197,0.8815530690447942,-0.022829085647687136,-0.06600013285574886,-0.4395824240635815,0.1740941545160959,False,True,False,False,0.8765869736671448,0.7941229939460754,False,False
2025-05-07,0.7801550030708313,67255042,0.003187789660038717,-0.06216319248238889,-0.04085588849821755,0.11561672151044304,-0.31520138340868503,-0.7642006178750955,-0.8197200608794248,44.43998152238598,-0.00035673349201617403,0.06633644300287728,26.344785945188885,0.8815558261233319,-0.025648451653909665,-0.05917409763036462,-0.4370650252407219,-0.054363844148966556,False,False,False,False,0.8765869736671448,0.7941229939460754,False,False
2025-05-08,0.9608680009841919,125199763,0.20834442181362542,0.11405032914327382,0.13731069624653885,0.42583200504373425,-0.031114614719298956,-0.48243634236569033,-0.5417335565082181,66.92750569179357,0.009918429893525605,0.06345707493257685,28.530619080315823,1.0594296952747277,0.18070202438334626,0.1609881312250949,-0.306041298231721,0.8615669439326199,False,False,False,False,0.8765869736671448,0.7941229939460754,True,False
2025-05-09,1.0293619632720947,174771912,0.06885739250906543,0.1790088696826114,0.18638394288427973,0.3308351167278728,0.13671813277740813,-0.3957028656656818,-0.4333560614936758,71.6166212648067,0.020218554339082803,0.06280529848619283,33.719030750311866,0.9350435462028266,0.24049061454272874,0.24341823087814018,-0.25622923196344316,0.3959444316200502,True,False,False,True,0.8765869736671448,0.7439699769020081,False,False
2025-05-10,1.164322018623352,120816577,0.12319980218371589,0.3453790868828534,0.29318767264982504,0.49025993140398505,0.23294887434894593,-0.25487697108742086,-0.3333965126034314,78.18103299511449,0.03419000295715574,0.06120189292923201,45.36937305761855,0.996948833146121,0.36625362194437505,0.40058159412036504,-0.15877866625875595,-0.30871857143726844,True,False,False,False,0.8765869736671448,0.7439699769020081,False,False
2025-05-11,1.095952033996582,105731447,-0.06051553638454276,0.31445825497828706,0.26985695830140677,0.40357499064973973,0.17476377363406573,-0.36578432418355816,-0.373285372514671,69.42168484530853,0.036676185949893594,0.06659761927546956,48.11587297334745,1.0314487974766868,0.25779850128513904,0.3157700866525246,-0.20818453247140717,-0.12485976986419667,True,False,False,False,0.8765869736671448,0.7439699769020081,False,False
2025-05-12,1.0786789655685425,142120507,-0.015886310554746177,0.3163803641194253,0.2514723970538633,0.3554761106615059,0.1811054031945473,-0.386291077775939,-0.37071698371879674,67.36809666553049,0.03501059050802052,0.07100102498516538,50.529226334536126,1.0340793965849135,0.2173383041523173,0.29370754921911335,-0.2206016916154345,0.34416496730627366,False,False,False,False,0.8765869736671448,0.7439699769020081,False,False
2025-05-13,1.1514079570770264,134801441,0.06524839160825759,0.3924359508354141,0.33034379411488274,0.46819735964992004,0.18941342697341523,-0.40899543529565296,-0.3414708915486039,71.22748740524737,0.03649397902822095,0.07125884465235338,55.13386156930103,1.0274173988040163,0.27504633625361563,0.3782569863606211,-0.16849428137058053,-0.05149901414297653,False,False,True,False,1.1751409769058228,0.7439699769020081,False,False
2025-05-14,1.0617129802703857,107370350,-0.08110188112684864,0.3081462800485266,0.24598308756613768,0.4082021139835395,0.0983001970200186,-0.4604179928884151,-0.5532995001961057,61.557949322045964,0.029424632646435897,0.07974122169443731,56.05041427896684,1.0746277446588215,0.16130854968505245,0.27085368921720193,-0.2334007665117394,-0.20349256503867785,False,False,False,False,1.1751409769058228,0.7439699769020081,False,False
2025-05-15,0.9855939745903015,105643295,-0.07439442255798026,0.02540743567692097,0.13945776482019473,0.36403153408220756,0.06500978347485062,-0.6344375857154457,-0.7475659371448118,54.7634345214391,0.018164506612530384,0.08787520173808214,55.70513602899404,1.1078342811888957,0.07036472639457524,0.18081458070087017,-0.28822872844898745,-0.016085027197918267,False,False,False,False,1.1751409769058228,0.7439699769020081,False,False
2025-05-16,0.9614089727401733,76642062,-0.024844590907246857,-0.0682945477393913,0.11071432194322002,0.33923220083772176,-0.0022296589173062794,-0.6337750392986328,-0.7150557773098091,52.770454957700316,0.008140861706996322,0.08766400956691793,55.296768880708534,1.114622192070112,0.03885555847408288,0.15333299709577813,-0.3054904721507969,-0.27452033751881744,False,True,False,False,1.1751409769058228,0.7439699769020081,False,False
2025-05-17,0.9123799800872803,70669280,-0.052343340275520976,-0.24383769019862817,0.10154139668422521,0.2893699360300008,-0.04066432552230679,-0.6706677710248643,-0.7841071370321977,48.88634707920666,-0.002186364876156005,0.09036049586542694,54.39604395096384,1.1357548290053432,-0.01813515528476055,0.09491998381865324,-0.3404940899173623,-0.0779308625595172,False,True,False,False,1.1751409769058228,0.7439699769020081,False,False
2025-05-18,0.9421330094337463,102539119,0.03208991544846055,-0.15123223836562485,0.16322601661266217,0.2992356369864918,-0.09937942274981332,-0.6800363522016292,-0.6313750250690369,51.23217801300685,-0.007129832528423412,0.08918632587417605,53.36741853253907,1.1376497877158538,0.008279802225360532,0.12877944792641777,-0.3185275532843121,0.4509716102951664,False,False,False,False,1.1751409769058228,0.7439699769020081,False,False
2025-05-19,0.900518000125885,91258445,-0.04517631013189369,-0.18052223794277236,0.135858126176653,0.23836595210170636,-0.12302674464470288,-0.662903204980018,-0.5878253113448485,47.91952617763947,-0.012978010808149101,0.09368750257265546,52.24992574974527,1.1535004739224544,-0.04000840217464659,0.07781855095801926,-0.34830016997178537,-0.1100133696292046,False,False,False,False,1.1751409769058228,0.7439699769020081,False,False
2025-05-20,0.8702059984207153,89135140,-0.0342401900364417,-0.2800108195874716,0.1124251312479426,0.19454991303592262,-0.1300723767913872,-0.6790702684936604,-0.738220522495409,45.60635566324142,-0.018335761961798015,0.0963661514377861,51.51770550474235,1.1628083649235157,-0.07429674216979418,0.041637765250502876,-0.36987153940025724,-0.023266942582683692,False,False,False,False,1.1751409769058228,0.7439699769020081,False,False
2025-05-21,0.9013509750366211,124629190,0.035164757784213956,-0.16374418067640883,0.14440209937211773,0.2337823433706416,-0.11857473131950087,-0.680952436896635,-0.7478815650894824,48.36440719165064,-0.019141429033037775,0.09196007256306195,50.91757015423038,1.1663740715542896,-0.04340686464833318,0.07888523308748502,-0.3470970839316196,0.39820490549518395,False,False,False,False,1.1751409769058228,0.7439699769020081,False,False
2025-05-22,0.9650989770889282,119911292,0.06833594181203174,-0.021013816306396732,0.004393619370524287,0.2087595892555125,-0.07091685696132695,-0.5058800891354055,-0.6500970865014407,53.555424410006026,-0.014927427485352716,0.08584855358303739,50.04542192632112,1.1463637910806885,0.018602399546430927,0.15100247808600556,-0.3009349417923214,-0.03785548152884566,False,False,False,False,1.1751409769058228,0.7439699769020081,False,False
2025-05-23,0.8590540289878845,148212716,-0.11639884546340905,-0.11256807086255893,-0.1808626186019502,0.05548330722252298,-0.21996890154859142,-0.6762915804357826,-0.7509346635409958,45.382143969913756,-0.01858986660365247,0.10241460600018841,49.29009176904835,1.2184220567403963,-0.09498209685843853,0.023875796376474946,-0.3775730432255197,0.23601967361005505,False,False,False,True,1.1751409769058228,0.8495810031890869,False,False
2025-05-24,0.8743900060653687,63404717,0.017694689772596965,-0.04253004081444109,-0.2863677310130692,0.04300015992625101,-0.1929749113775298,-0.6657484089796266,-0.8260720854175716,46.650181283905695,-0.019208497885650554,0.09522988539528324,47.560980114646334,1.2155437340821094,-0.0824092171242076,0.04121234202370452,-0.36623928714301174,-0.5722046075992562,False,True,False,False,1.1751409769058228,0.8495810031890869,False,False
2025-05-25,0.8743399977684021,62371474,-5.719384567148145e-05,-0.07467715010857308,-0.22590938847419792,0.023158820209254995,-0.15760397057672035,-0.47674954141400067,-0.823448216056794,46.64637824636646,-0.018825017300138445,0.0918223881037204,45.26476718234699,1.2137425328636764,-0.08668925351712252,0.039952720993690294,-0.36519024135297695,-0.016295995769526117,False,False,False,False,1.1751409769058228,0.8495810031890869,False,False
2025-05-26,0.8849009871482849,80745922,0.012006446346117606,-0.017494393630561808,-0.19801663157333407,0.018769194137202103,-0.13762511909243808,-0.4662152696657343,-0.8571577047946318,47.617581320387224,-0.017113459991320593,0.08683876102284045,42.28290367634478,1.2131277543279595,-0.08080541782478258,0.047708797747578226,-0.3565930365201548,0.29459698194722805,False,False,True,False,1.0113099813461304,0.8495810031890869,False,False
2025-05-27,0.910618007183075,96136877,0.028647737959392076,0.04539353436527193,-0.23461728522219955,0.08460175413271868,-0.01862909164807708,-0.3880997733326775,-0.7426374230453149,50.0041861012001,-0.01365298507763676,0.08516988001493447,38.677456812042635,1.2090286298966972,-0.06045804502557058,0.07267985620618204,-0.33701095333435055,0.19060968800381017,False,False,False,False,1.0113099813461304,0.8495810031890869,False,False
2025-05-28,0.931555986404419,90811439,0.022732793949324825,0.032961570530382775,-0.13078261014602607,0.10483629738924628,0.0637919278917324,-0.36841278444479525,-0.6491806099069574,51.92469282199562,-0.009551595609822768,0.08192873946054098,38.87971654881717,1.2110193205418396,-0.03739941408049316,0.0895435540875883,-0.3208640104532144,-0.055394331147245346,False,False,False,True,1.0113099813461304,0.833450973033905,False,False
2025-05-29,0.9013910293579102,189675258,-0.03291713342158074,-0.06829150470322973,-0.08930532100962651,0.08554216942042729,0.04948889843079098,-0.34340054409675647,-0.7441188200991082,49.00412397392266,-0.008502994917539294,0.08736312480167566,39.11509141654196,1.2163102590526995,-0.06237023106804071,0.05028331212246319,-0.3419182628515964,1.0886714282767835,False,False,False,False,1.0113099813461304,0.833450973033905,False,False
2025-05-30,0.813916027545929,349219029,-0.10208195788949212,-0.05397461712931281,-0.1665426879918717,-0.019798613890961103,-0.07143710274828435,-0.4284022730062708,-0.9456582916086841,41.682417069815266,-0.013060805593253677,0.10766979057612801,36.84320755591796,1.270173182285162,-0.13764588205920333,-0.05386349327537937,-0.40472147967045674,0.8411417107443713,False,False,False,False,1.0113099813461304,0.833450973033905,False,True
2025-05-31,0.8319709897041321,136672704,0.021940371651060893,-0.04972893525084881,-0.09225897606528993,-0.029989142427863096,-0.07867385313514277,-0.5009623642279813,-1.017548350304108,43.55692666820171,-0.014129234351930142,0.10421578887734835,35.57862598072982,1.2673562509461913,-0.1060144316200177,-0.03511772916832964,-0.3907095938812512,-0.608633285559018,False,True,False,False,1.0113099813461304,0.833450973033905,False,False
2025-06-01,0.8550270199775696,90690483,0.027335498681135727,-0.022336242724041503,-0.09701339283261465,-0.0065524957164549685,0.050218736448872134,-0.25218781008340796,-0.8711614763113577,45.946311603669926,-0.012603217457698258,0.0985052964914482,33.46381597435587,1.2711273060288448,-0.07006559702853986,-0.010651300557901719,-0.37312146118587364,-0.3364404131493587,False,False,False,False,1.0113099813461304,0.833450973033905,False,False
2025-06-02,0.872776985168457,114165298,0.020546994457099992,-0.013795694613059229,-0.031290088243621006,0.057164913757171136,0.04755077083854525,-0.21780267101130354,-0.7770418395270554,47.779120994015734,-0.009840944013885303,0.09565943914062779,24.758369881613817,1.263435224497604,-0.036156366337104964,0.006350794728425691,-0.3595336713302466,0.2588454071856692,False,False,True,False,1.0124549865722656,0.833450973033905,False,False
2025-06-03,0.8451390266418457,117889100,-0.03217892281339983,-0.07462235538585126,-0.029228821020579186,0.05458069542374782,0.010343968408201006,-0.3330632296868309,-0.7904148599908394,45.20868395433292,-0.009322733608588464,0.0959562038203079,19.92665409756102,1.2642780302512002,-0.055381814328485206,-0.02863661079457176,-0.37905463017549396,0.03261763482630253,False,False,False,True,1.0124549865722656,0.7844499945640564,False,False
2025-06-04,0.8882009983062744,149027163,0.0496969244289377,-0.04765822490623831,-0.014696654375855584,0.12208603954856975,0.07274130388599453,-0.25956010965494497,-0.6557789802759101,49.74516690910395,-0.005705071114302546,0.09142294773386733,17.707810580021356,1.2729843484390797,-0.0018181811422408585,0.016107285498115076,-0.3466188843979484,0.2641301273824297,False,False,False,False,1.0124549865722656,0.7844499945640564,False,False
2025-06-05,0.7624199986457825,156144440,-0.15270048365471373,-0.16744157513937125,-0.235733079842601,-0.01980724899841266,0.0967729161464318,-0.337750247908295,-0.7982900556192568,39.46640260053112,-0.011096536913760446,0.11268867415511943,20.371494305510655,1.385130277384083,-0.13348504063777222,-0.12933264332400973,-0.4383337567460808,0.04775825330580852,False,False,False,False,1.0124549865722656,0.7844499945640564,False,True
2025-06-06,0.7732419967651367,119200703,0.014094478217413112,-0.05126513903246611,-0.1052397561617789,-0.008900560441038468,0.1067161610694047,-0.32410194384972346,-0.7731011783161339,40.603577843446494,-0.013109144804711191,0.10673606419056099,22.797960741889053,1.3860337837224188,-0.11418155343444021,-0.11878777294953223,-0.4293409684421003,-0.23659975981213288,False,True,False,False,1.0124549865722656,0.7844499945640564,False,False
2025-06-07,0.8311949968338013,55773197,0.07227235917258797,-0.0009331515109390948,-0.05066208676178794,-0.14497262308207584,0.2808593819616584,-0.17608723780137484,-0.6274089654477663,46.409508020542155,-0.00986077695613673,0.09738745288455722,22.07775995479511,1.1965418284250269,-0.04170168237689418,-0.05559929185045632,-0.3857678481690741,-0.5321068114841572,False,False,True,False,0.9258440136909485,0.7844499945640564,False,False
2025-06-08,0.8118190169334412,48396567,-0.023586990789236574,-0.051855640981311554,-0.07419188370535311,-0.23741700638037785,0.09341811034749489,-0.10069887360296971,-0.6331198720460598,44.83164733202797,-0.008397696388073583,0.09498849553919847,22.57353017259906,1.1679933604672919,-0.059230293208068836,-0.07975321716989853,-0.3994123650225331,-0.1322612006623899,True,False,False,True,0.9258440136909485,0.747842013835907,False,False
2025-06-09,0.8797280192375183,71878499,0.0803353608832428,0.00793272544483134,-0.005862969168227931,-0.28028144768085095,0.20997848372313424,-0.047332573331905,-0.5351584187682717,51.10595764428438,-0.0025408327022752968,0.08773199153939082,22.61445722945296,1.1158365316224845,0.01890333337162436,-0.006454081158279892,-0.34835220206204487,0.4851982992925923,False,False,False,False,0.9258440136909485,0.747842013835907,False,False
2025-06-10,0.9812859892845154,188044064,0.10925115474958849,0.14936280300781973,0.07474044762196846,-0.11051475654671959,0.29306023410301996,0.06424901708734614,-0.4762990807302779,58.6752835582688,0.007916132230492184,0.08174570128557843,25.214165938960587,1.1734817954525734,0.13129124389488206,0.10157901471792133,-0.27237320798696757,1.6161378801190605,True,False,False,False,0.9258440136909485,0.747842013835907,True,False
2025-06-11,0.9595789909362793,143645933,-0.022369308239706353,0.0772965703391756,0.029638345432937377,-0.11699775423167985,0.238478356429826,0.06410764896286746,-0.5032888320076188,56.65635776009746,0.01282365534483446,0.08188545588242645,24.99983110097959,1.1745476732665578,0.1066180987966276,0.07296363082699178,-0.2874313752811601,-0.2361049322992722,True,False,False,False,0.9258440136909485,0.747842013835907,False,False
2025-06-12,0.8639050126075745,114986962,-0.10503181351347315,0.12496524048041627,-0.04247633465895509,-0.2872779593534106,0.18091940029650946,-0.09786453237999529,-0.6962733946490635,48.70222702709029,0.009246007800499204,0.09368219926707143,24.980930016855492,1.1983088638779817,-0.003994882578352036,-0.03512039250733497,-0.3570549623769339,-0.19951118978077853,False,False,False,False,0.9258440136909485,0.747842013835907,False,False
2025-06-13,0.8291500210762024,142409839,-0.041061718569551,0.06980904369345226,0.018543904660986096,-0.24723779679611277,0.1609643171874267,-0.14893759977609422,-0.7076557896845278,46.16662972369848,0.004404199765926171,0.09705755206291591,25.32406978384552,1.176162560034546,-0.04156478904275779,-0.07376302131017103,-0.3810301548546813,0.23848683818605454,False,True,False,False,0.9258440136909485,0.747842013835907,False,False
2025-06-14,0.8090599775314331,57193561,-0.024528052905408847,-0.026991368384544568,-0.027924519895483668,-0.19737142714354136,0.1666601069386662,-0.13236164366869071,-0.8318090128589871,44.71733811313159,-5.029933682057855e-05,0.09582659771901561,26.015312446083776,1.1535048567960582,-0.06124550734714007,-0.09529053545263372,-0.39421119970419227,-0.5983875734878121,False,True,True,False,1.0048450231552124,0.747842013835907,False,False
2025-06-15,0.8153380155563354,48921458,0.0077297180989152016,0.004325340503607312,-0.04753030047770422,-0.16479711813737932,0.17443508270034253,-0.1670267770546855,-0.798572157436012,45.295274709167785,-0.0023456644933497438,0.09110104360102857,26.407889423577615,1.1526083719879974,-0.050127678025917916,-0.0871860907656172,-0.38724762956112047,-0.14463346669391686,False,False,False,False,1.0048450231552124,0.747842013835907,False,False
2025-06-16,0.8247140049934387,97751465,0.011433895347326218,-0.06457612503230924,-0.05664339958747796,-0.10101988251453205,0.18835005351546869,-0.1416842080368389,-0.7716876535393965,46.19986611367835,-0.002964349221741998,0.08989583266764081,26.131167517521696,1.1413938814028493,-0.034372681329623705,-0.07644034027625042,-0.37812861749005744,0.9981306566946553,False,False,False,True,1.0048450231552124,0.7893739938735962,False,False
2025-06-17,0.7757260203361511,95750704,-0.06123727435657113,-0.23506455413846886,-0.08570175113064912,-0.19434707231956377,0.10488856466692821,-0.29372649506937715,-0.8743834245211928,42.267190347180815,-0.0062175867910016225,0.09609095344497731,26.141974852882605,1.1512830065529664,-0.08336868726411664,-0.13007004701435523,-0.41291267925917524,-0.020467836466696476,False,False,False,False,1.0048450231552124,0.7893739938735962,False,True
2025-06-18,0.7793560028076172,79370297,0.004668549967788184,-0.2080266959309744,-0.1307301255917987,-0.1445022122198819,0.09386373988182435,-0.2675289568645849,-0.8074054171998999,42.65671026294477,-0.00757944407706914,0.09358690781882444,26.48134937542374,1.1432959789782013,-0.0723911982349486,-0.12505466106483548,-0.4078093262829037,-0.17107348892181518,False,True,False,False,1.0048450231552124,0.7893739938735962,False,False
2025-06-19,0.7781350016593933,55301094,-0.0015679081225610262,-0.10456279054006236,0.020402449940354003,-0.11182993030600133,0.08271998272992125,-0.24190230709738844,-0.7909001987996617,42.55271095836583,-0.007976733390069782,0.08985107643683239,27.193572302659852,1.138382324537502,-0.07186812494698362,-0.12540317778773785,-0.40637672154917165,-0.3032520213449623,False,False,True,False,0.8784000277519226,0.7893739938735962,False,False
2025-06-20,0.730338990688324,76762809,-0.0633912359470378,-0.1268923079175492,-0.05708326422409695,-0.21038592403725312,0.023396419333388492,-0.328960655356754,-0.8913383609338881,38.58680708749879,-0.010702751352317474,0.09532359297668677,29.60765636917814,1.1478696334515337,-0.12356531001520628,-0.17677477847144338,-0.4404380982586325,0.38808843456152964,False,False,False,False,0.8784000277519226,0.7893739938735962,False,False
2025-06-21,0.6771209836006165,91762876,-0.07565883474905086,-0.17802308976119116,-0.20501445814573574,-0.35438070059833576,-0.14562111134282338,-0.4252975575596627,-0.8602607897337412,34.70801609691445,-0.015067094340946427,0.10378130725402804,34.03801294961154,1.1387527693818686,-0.17866140687838486,-0.23359025793785723,-0.4785268327263242,0.19540800024657767,False,True,False,False,0.8784000277519226,0.7893739938735962,False,False
2025-06-22,0.6538869738578796,108457836,-0.03491544873822311,-0.2206682565983296,-0.21634291609472228,-0.2728973038731498,-0.21741399665062697,-0.4928662054217413,-0.9491888843089324,33.14168915739417,-0.01828167202704839,0.1072536261720265,38.52631069383123,1.0784334895681797,-0.19617271220766416,-0.2570221163617639,-0.4936244803572137,0.18193588439839226,False,True,False,False,0.8784000277519226,0.7893739938735962,False,False
2025-06-23,0.7112420201301575,106076315,0.08407825220261345,-0.14802389974304223,-0.2126000247753515,-0.2065137414431333,-0.1635135815168824,-0.39948865282066304,-0.8722621504227599,40.30365903748217,-0.015422412709337904,0.10000942868449289,40.17593975396841,1.1231223056502826,-0.11841029870829774,-0.19021464906657296,-0.4462599912152659,-0.021958035378836116,False,False,False,False,0.8784000277519226,0.7893739938735962,False,False
2025-06-24,0.7217419743537903,91390165,0.014654932900486913,-0.07213169248598433,-0.30719624662445333,-0.19180161469697493,-0.16864279448772002,-0.3494055852736952,-0.6685511561109755,41.53832311637685,-0.011861108839859053,0.09438808476213027,40.47307021958762,1.1254178372263444,-0.09607026470856467,-0.17705347596301393,-0.43469591141188996,-0.13844890822234912,True,False,False,False,0.8784000277519226,0.7893739938735962,False,False
2025-06-25,0.6974679827690125,70569858,-0.03421108897560349,-0.11101133142937603,-0.31903802736035036,-0.23801915001869617,-0.2192499558814942,-0.37564426911113435,-0.7042344196844306,39.50417500378753,-0.010238624596721757,0.09452527783251755,41.968954477352895,1.127451795690885,-0.12290420049247189,-0.20327401158847824,-0.45054032365868246,-0.22781780731000978,False,False,False,True,0.8784000277519226,0.6242510080337524,False,False
2025-06-26,0.6902719736099243,64262024,-0.010370925220937577,-0.11981434852775252,-0.2243771390678149,-0.2770378131990258,-0.19243605906630717,-0.2956669048471029,-0.6651375865317033,38.896075581313234,-0.008803195401607233,0.09351278632710257,43.70479771396194,1.1197055121177724,-0.12740121368460616,-0.2098715784934292,-0.4530546194233108,-0.08938425240986037,False,False,False,False,0.8784000277519226,0.6242510080337524,False,False
2025-06-27,0.6975939869880676,55048798,0.010551568406873919,-0.045871544173840775,-0.17276385209138992,-0.28921903874147675,-0.18438274135223046,-0.22542711084974437,-0.6576318231862721,39.909659596039596,-0.006613685712475267,0.0883598654406781,44.986680292100154,1.116128829502321,-0.11063493472506708,-0.19664838561489223,-0.4447477344350614,-0.1433696828472132,False,False,False,False,0.8784000277519226,0.6242510080337524,False,False
2025-06-28,0.7205899953842163,32981865,0.03243306149992439,0.062220352075134405,-0.11580273768605673,-0.22386884381997163,-0.13832667439954424,-0.1743799453891806,-0.5672693879167282,43.10189614960907,-0.003050959022269095,0.0823468141185885,45.6692789893877,1.122235607336971,-0.07594347368502473,-0.16422233985634146,-0.4238799062407603,-0.40086130490987293,False,False,False,False,0.8784000277519226,0.6242510080337524,False,False
2025-06-29,0.7696750164031982,47251344,0.06589805464985479,0.1630338554632122,-0.057634401135117246,-0.055888831280624836,-0.07568744517158597,-0.12732593402890915,-0.4842911042868956,49.29390761136708,0.0028576030500051114,0.07710190605241973,44.4467479011594,1.0966436833596063,-0.005984601295239402,-0.09904304823868688,-0.3818178077136868,0.43264621330540276,True,False,False,False,0.8784000277519226,0.6242510080337524,False,False
2025-06-30,0.7416669726371765,69047817,-0.03706805066088961,0.04188755259970917,-0.10613634714333313,-0.11489725359257522,-0.1448863960204383,-0.1935711067277181,-0.6158596178205565,46.20408991116941,0.005000340359604186,0.07858680815015989,37.72953395859561,1.0998338637262315,-0.027102537713926914,-0.1245672708081771,-0.40067458853398097,0.46128789479511956,True,False,False,False,0.8784000277519226,0.6242510080337524,False,False
2025-07-01,0.6974369883537292,53399530,-0.06148814813977863,-0.034255528440556245,-0.1063872209265406,-0.20372090041348967,-0.21027339612994472,-0.15350216396461755,-0.45590871049689774,41.75318874532743,0.0036237627000773043,0.08310173415687097,30.50074280627016,1.1117293926816867,-0.06911700902369429,-0.1692981458241799,-0.4329696673662354,-0.22662971372433105,False,False,False,False,0.8784000277519226,0.6242510080337524,False,False
2025-07-02,0.7641000151634216,85701441,0.09128652016145908,0.09124208069650636,-0.019769250732869774,-0.13298137470913068,-0.07581646095195958,-0.08543060387058539,-0.3507840457204341,49.6290898727472,0.0071821826874277,0.0787376271178978,27.365094751370382,1.159959063020143,0.0266978649401391,-0.0814222259029269,-0.3750850989644607,0.6049100244889796,False,False,False,False,0.8784000277519226,0.6242510080337524,False,False
2025-07-03,0.7713549733161926,76952027,0.009449983486884807,0.11106298940432863,-0.008751359123423867,-0.09135246840884591,-0.03677177298509826,-0.0810085000006449,-0.42441569809567686,50.414893300983636,0.009839571536546507,0.07501016691084542,25.651621486848917,1.1565094855953337,0.04048620556624567,-0.06618136977804283,-0.36495497103085983,-0.10209179563270121,True,False,False,False,0.8784000277519226,0.6242510080337524,False,False
2025-07-04,0.7240740060806274,58003967,-0.06325506848003314,0.03725635251742162,-0.008615191656419182,-0.20430446131781674,-0.0822184217692471,-0.13156315743182231,-0.4638645709727617,45.43974396859189,0.008290125083207603,0.08026469019002624,24.436880656978087,1.1587831501404742,-0.017660747922371173,-0.11783480959289636,-0.40014913816375164,-0.2462321102990569,False,False,False,False,0.8784000277519226,0.6242510080337524,False,False
2025-07-05,0.7251759767532349,35903861,0.001520746452350643,0.0063440374698479655,0.06856438954498235,-0.050083231210752414,-0.06989048020916512,0.04668968493567938,-0.3878334791190476,45.5745525827011,0.007253931499604172,0.0767688002896047,22.568245995428214,1.0323704744930158,-0.010111497613462004,-0.11137712914709157,-0.3958222629612439,-0.3810102505575179,False,True,False,True,0.8784000277519226,0.69303297996521,False,False
2025-07-06,0.7437220215797424,49560303,0.025252986150683134,-0.034301031029323685,0.12873282443388862,-0.038924723277482344,-0.04782528371852076,0.06779143779192236,-0.3630266671272059,47.90738404270701,0.007690460734028983,0.07339325476029063,19.59573245415606,1.0352446906883817,0.020847523889939684,-0.08486836918436358,-0.3774389143064064,0.3803613767332712,False,False,True,False,0.7893750071525574,0.69303297996521,False,False
2025-07-07,0.728630006313324,53848234,-0.020501270860879047,-0.017734251229313134,0.024153301370395962,-0.13169835331094926,-0.2766709763930252,0.14916102865070902,-0.3077855911123241,46.1729815503539,0.006862949989490618,0.0726895785197523,18.735486538824226,1.0023168579327313,0.0033750809050465008,-0.09870312486263288,-0.3878091283061279,0.08651946700164448,False,False,False,False,0.7893750071525574,0.69303297996521,False,False
2025-07-08,0.725587010383606,71999136,-0.004185070503559079,0.03956882640690643,0.005313297966350247,-0.11229643302527177,-0.3497134394056496,-0.01887832267777677,-0.21299530662824143,45.81283980570459,0.006039841169391526,0.07071117307344549,17.55589667810537,0.9999216624302094,0.002897572900430274,-0.09856609456861862,-0.3877798510029827,0.3370751583050988,False,False,False,False,0.7893750071525574,0.69303297996521,False,False
2025-07-09,0.7963730096817017,107053967,0.09308668446727308,0.041368990712720634,0.13261107140922687,-0.0995451094412414,-0.37982655712209235,0.11043337428189275,-0.14687768277314642,54.67012699446836,0.009960468092409098,0.06824165908520471,18.510484302376515,1.0143023516235614,0.09935148127944943,-0.008806648182493002,-0.3255528733975727,0.4868784953197216,False,False,False,False,0.7893750071525574,0.69303297996521,True,False
2025-07-10,0.8466259837150574,125345419,0.06119133824869752,0.09311034547453328,0.20417333487886202,-0.1476049259421323,-0.2581196824888519,0.14545530816088773,-0.08335590885478622,59.70568081647312,0.01531577931086258,0.06691625598472958,23.46609977504323,0.9595451385437284,0.15941714193271728,0.05517735662754399,-0.28033861637208307,0.1708619728216143,True,False,False,False,0.7893750071525574,0.69303297996521,False,False
2025-07-11,0.8350319862365723,137372531,-0.01378898847243961,0.1425764254821269,0.17983277799954858,-0.13902460617486553,-0.2560223604065454,0.09945375025496056,-0.07491695721199804,58.10202873351304,0.01730775159274191,0.0680841803753363,25.309227058876477,0.9580468732349676,0.13130728709450212,0.04411253517022927,-0.28726919134987794,0.09595174754651392,True,False,False,True,0.7893750071525574,0.7053340077400208,False,False
2025-07-12,0.8083660006523132,66680221,-0.03245510392230961,0.10860057510746672,0.11494461257731452,-0.06644789658370204,-0.3537258559371126,0.11447150371280748,-0.1643124289636972,54.47774067905451,0.016085918772409183,0.06999818015177545,24.065703483149605,0.8935998316925026,0.08383823321593564,0.012052622884925939,-0.30663605615248907,-0.5146029521724398,False,False,False,False,0.7893750071525574,0.7053340077400208,False,False
2025-07-13,0.8388959765434265,68967653,0.03707178666587054,0.12041937562265391,0.08611834459333019,0.011685608651719328,-0.23555218814439347,0.17264992583914612,-0.13725199112437472,57.72883196444275,0.016527235249620287,0.06695823389107408,25.755993495063677,0.8924080111171888,0.11522824203993524,0.05120960067979909,-0.2771044631535268,0.034304505379488814,False,False,False,False,0.7893750071525574,0.7053340077400208,False,False
2025-07-14,0.859736979007721,128682216,0.024539790375474782,0.16546043685900783,0.1477261856296947,0.060753451932603064,-0.13661797521093824,0.22741355887126935,-0.07160819173608765,59.83747557910314,0.017331850385858417,0.06522426346017189,28.03102091222377,0.8915761781089855,0.13254596015697603,0.07771960953219315,-0.2562236542084982,0.8658343499089349,False,False,False,False,0.7893750071525574,0.7053340077400208,False,False
2025-07-15,0.9056199789047241,115573848,0.051993264610619046,0.22163877197318602,0.26120759838009233,0.10501699844430704,-0.059780119693072294,0.2794520811446494,-0.06200977861037858,64.08514698966835,0.01988061380888627,0.06351806639685977,31.2084103663295,0.908351225085833,0.17685361858265983,0.13464666215125481,-0.21315672658001408,-0.10186619726847101,False,False,False,False,0.7893750071525574,0.7053340077400208,False,False
2025-07-16,0.9269829988479614,148484305,0.02331545671087204,0.15186754421678475,0.19323653492950538,0.11689855980785255,0.01587867729332052,0.3052486133233214,-0.024785648228986188,65.8938138974433,0.02177884542022913,0.06279596077128761,33.91951410616004,0.9105999641932718,0.18636816967221034,0.16093621332714356,-0.1912059631623833,0.2847569547048394,False,False,False,False,0.7893750071525574,0.7053340077400208,False,False
2025-07-17,1.0413060188293457,368423084,0.11629576620207707,0.2069719721701643,0.3000823176446977,0.29443160036650085,0.10008452804693722,0.399320165033429,0.0007051052971238313,73.56578068306045,0.029052679493961894,0.06285624932133028,42.274323604662534,0.9599905795781504,0.30399994237690275,0.3005370830149446,-0.08851719979569542,1.4812257699559561,False,False,False,False,0.7893750071525574,0.7053340077400208,False,False
2025-07-18,1.0540690422058105,351864877,0.012182240265135596,0.23294320090773943,0.3755196263898664,0.30194529066384845,0.15744307844396635,0.39580903054567274,0.03441633379926363,74.26185460910217,0.03276699199283368,0.0656800779092489,48.58618782555135,0.9598414019038675,0.2929847655373767,0.3114758105446979,-0.07402061537171627,-0.04494345690890533,True,False,False,False,0.7893750071525574,0.7053340077400208,False,False
2025-07-19,1.1098990440368652,122314643,0.05161110695686646,0.31700941178691555,0.4256099868943822,0.3551243057432759,0.2432943754372745,0.43784428847319723,0.11322199864588749,77.10225958906857,0.036729306278998355,0.06380525021536902,56.36730784128529,0.9696034388459476,0.333640192307012,0.3708430495674218,-0.02224088490886634,-0.6523817777925018,False,False,False,False,0.7893750071525574,0.7053340077400208,False,False
2025-07-20,1.1945840120315552,331024181,0.0735289578237914,0.3534665829448364,0.47388595856749033,0.492044499514105,0.28165857547685186,0.5154409188474934,0.16308384415735094,80.59959428838371,0.04239709523006706,0.0664456043594168,65.16429395454773,0.9533818008007142,0.39737269131632474,0.46233933968333296,0.0552021594971538,1.7063332147402828,False,False,False,False,0.7893750071525574,0.7053340077400208,False,False
2025-07-21,1.2036880254745483,221519935,0.007592180562588821,0.33651897313195045,0.5019794099909582,0.5752955148257447,0.2209148142274089,0.4296744034829214,0.14999795726608206,80.9366906848213,0.0439166962934922,0.0670882827293059,69.8121152627771,0.8946152724919909,0.36753024724034394,0.461012434616141,0.06642436607999602,-0.33080437105590177,True,False,False,False,0.7893750071525574,0.7053340077400208,False,False
2025-07-22,1.2172919511795044,171083831,0.011238481128368987,0.29576418964970036,0.5174029616228863,0.6214494446923369,0.34855214081918706,0.40403544804170993,0.12858323927059567,81.45522895908547,0.04294371240758575,0.0664876084233486,74.25882060160853,0.8737330134063834,0.34827594822280805,0.46527010305349287,0.08224073335217291,-0.22768200974779085,False,False,False,False,0.7893750071525574,0.7053340077400208,False,False
2025-07-23,1.0942620038986206,144943167,-0.10654851237765531,0.1659002205611732,0.31776776477795793,0.4308226801120681,0.2243089386689348,0.26730909859518565,0.03133402729140496,64.39558739120267,0.03164189800839966,0.07946554777210146,73.86607487218141,0.9494617652332278,0.1907145220445082,0.3093247492843016,-0.022940284321515604,-0.15279447418967373,False,False,True,False,1.2844250202178955,0.7053340077400208,False,False
2025-07-24,1.0724929571151733,134295639,-0.02009436200078095,0.02951009235831508,0.23648206452847934,0.3960733852108003,0.20427177051382536,0.22743059072308022,0.04666779993710512,61.92428881425328,0.020848748352117474,0.08189615653437764,71.19000722750368,0.957032776011202,0.14531549598153046,0.27764257068316106,-0.03800320981603034,-0.07346002036784527,False,True,False,False,1.2844250202178955,0.7053340077400208,False,False
2025-07-25,1.0959570407867432,132557379,0.021642186389071436,0.03897003848225084,0.27191323938999035,0.45192666057547515,0.21390751055677892,0.232676704693981,0.07628239146434092,63.54810938129593,0.013779368840066822,0.07925543310297056,68.15190970567284,0.941915659119565,0.1476517486672038,0.29530150935912924,-0.012880196076499411,-0.012943532738244778,False,False,False,False,1.2844250202178955,0.7053340077400208,False,False
2025-07-26,1.0774409770965576,68204173,-0.017039227536354923,-0.029680296010970563,0.28732911577594505,0.4452583582600579,0.16822054506103212,0.25282229919375065,0.1495914534129549,61.325511263981646,0.006704083968407035,0.07701463159689544,64.71762333939022,0.9444657692376777,0.10888673141872408,0.26432628089852855,-0.0265175525248728,-0.48547433938023166,False,False,False,False,1.2844250202178955,0.7053340077400208,False,False
2025-07-27,1.1421500444412231,100703938,0.05832372617107583,-0.044885527663686,0.3085810552811505,0.4930305160242598,0.20381147728278307,0.30864777467202925,0.2676034051745154,65.82412868958922,0.005291949326178963,0.07205991743697157,60.84903551463178,0.9563591109431321,0.15099190433724047,0.3305492144244168,0.0343289904097038,0.47650698733639074,False,False,False,True,1.2844250202178955,1.0301929712295532,False,False
2025-07-28,1.0676449537277222,142142224,-0.067457245092268,-0.11993495331854284,0.21658401981340766,0.3931402094320674,0.16927136561209577,0.2548135350325232,0.2187602640428869,57.5269353646555,-0.0013929897948865427,0.08005557452228472,54.93840410451271,0.9978948845793807,0.05768059851741508,0.2363849431779552,-0.030860488093729502,0.41148625190804355,False,False,False,False,1.2844250202178955,1.0301929712295532,False,False
2025-07-29,1.0413340330123901,156014263,-0.024952629721609842,-0.15612606416852184,0.13963812548117857,0.30228952506060286,0.246400693779978,0.22660207988901698,0.1749635910316938,54.89535596958695,-0.007953570812595054,0.0832427503355077,50.82548677138738,0.9876645095050713,0.019247948814876164,0.2014187594636465,-0.052232955095280295,0.09759266887508389,False,False,False,False,1.2844250202178955,1.0301929712295532,False,False
2025-07-30,1.0160449743270874,111925974,-0.024585000969464383,-0.07416255276033075,0.09173766780084242,0.31477257475202813,0.1998753211594528,0.16988617873158976,0.12120146802431012,52.41353749764609,-0.01400894943831768,0.08376074944873863,47.95156929118532,0.9811029349942141,-0.01368258321777602,0.17130255977892891,-0.07282011289614299,-0.28259139999270455,False,True,False,False,1.2844250202178955,1.0301929712295532,False,True
2025-07-31,0.9516940116882324,92707212,-0.06542932639647779,-0.11949751715602762,-0.08998742479771255,0.310831396495329,0.10711049608183928,0.10055800036538433,0.1573292325307115,46.635763318562475,-0.021891154263637636,0.09063311325600276,45.06191286128535,0.9848314934223045,-0.08135254040180258,0.09731788462546502,-0.12911470297177377,-0.1717095801194457,False,False,True,False,1.1902049779891968,1.0301929712295532,False,False
2025-08-01,0.901544988155365,130992581,-0.05413362176746152,-0.19527332531256045,-0.1563032868303097,0.16541125456640843,0.03242987985727791,0.08959479361444886,0.07998065069582311,42.686635971640364,-0.029548951213574537,0.09536358897560332,41.9525732058665,0.9648564349832773,-0.13365628996088671,0.03859379798987093,-0.17228445665611597,0.41297077297503026,False,True,False,False,1.1902049779891968,1.0301929712295532,False,False
2025-08-02,0.8706139922142029,70844468,-0.03491124415494948,-0.21314534193115503,-0.24282563794212567,0.12105002692457421,0.02969755851572816,0.0842782539394759,0.040041526923929295,40.41350394106115,-0.03537086162365886,0.09591690279014699,40.8344553383699,0.9749335323127699,-0.1646526210236241,0.002003554486581888,-0.1970862603559194,-0.45917190531576746,False,True,False,False,1.1902049779891968,1.0301929712295532,False,False
2025-08-03,0.919625997543335,53147312,0.05476836207042561,-0.21670070603180525,-0.2615862336954913,0.23907345747503292,0.03476899615721624,0.1568550357057859,0.10751030004321067,45.37714510597908,-0.034554486825576346,0.0890346245610805,39.023153171554554,0.9591959889677486,-0.12015391366076114,0.05572538700129094,-0.14731742442057727,-0.24980293450717983,False,False,False,False,1.1902049779891968,1.0301929712295532,False,False
2025-08-04,0.9533950090408325,63630514,0.03606224487102789,-0.11318121606850925,-0.2331161693870522,0.27361495589371027,0.22353172468295787,0.20372447568454521,0.32030464082938953,48.556807438823334,-0.03051417477067371,0.08258608352581838,37.87410667618344,0.9638290140361451,-0.08992553978958603,0.09103369022160278,-0.11183959478088035,0.1972480188649992,True,False,False,False,1.1902049779891968,1.0301929712295532,False,False
2025-08-05,0.9097099900245667,96247988,-0.04690345141422345,-0.13513203776112293,-0.2912581019296447,0.2014585183288036,0.16253379505132132,0.15363323461028283,0.2692499561207259,44.9143802191579,-0.029538348439422234,0.08572363733377955,38.33158189633324,0.9813309703048264,-0.1309091051241998,0.039020760303854485,-0.148215654687705,0.5126074260534812,False,False,False,True,1.1902049779891968,0.8549789786338806,False,False
2025-08-06,0.9397720098495483,61960951,0.03251144669553947,-0.07803559009611916,-0.1521981428564499,0.2544712358852221,0.12277288257427284,-0.022199740507803108,0.40363226453593115,47.81541732725064,-0.02576074921615585,0.08165677191652793,39.547523625403095,0.9802467507346146,-0.09781374863171155,0.06934879131584566,-0.11662856583080365,-0.3562364025729037,False,False,False,False,1.1902049779891968,0.8549789786338806,False,False
2025-08-07,1.056143045425415,138027667,0.11674161164296808,0.10413534794332678,-0.015362169212700902,0.3753979180317492,0.26310148500647745,0.025684478626099735,0.3565195953539725,57.20984503497084,-0.014858327307055105,0.0759917858972928,39.548764786484384,1.0489233245256178,0.013802153000897748,0.19424263913279516,-0.00459900528913483,1.227655721423643,False,False,False,False,1.1902049779891968,0.8549789786338806,False,False
2025-08-08,1.1194549798965454,256918057,0.05821830598082366,0.21648727569161183,0.021213950379051376,0.34052953954529974,0.24098443010405843,-0.03929701757679255,0.4509629138271926,61.29255039367163,-0.003413970284405328,0.07284351782427413,39.65980393327595,1.0219155625640768,0.0740832853988233,0.2561370093960648,0.05856954801118241,0.8613518766494836,True,False,False,False,1.1902049779891968,0.8549789786338806,False,False
2025-08-09,1.3221169710159302,305274025,0.1663922760860016,0.41779079593256296,0.20464545400140807,0.44573047738260374,0.2981255514404715,0.18761079489375188,0.5911857855434915,70.87275846985924,0.01667090525936267,0.0702645593869716,44.14683972775691,1.1449664239164046,0.2608174178390059,0.46409922741153337,0.25365882548105406,0.1882155289692231,True,False,False,False,1.1902049779891968,0.8549789786338806,True,False
2025-08-10,1.4452379941940308,430476376,0.08903979200669475,0.4520622258688321,0.235361519837027,0.5485592578617382,0.40953465168687264,0.2925368974551928,0.6480130081166987,74.93199816381289,0.03600449293574704,0.0700474626803794,53.213092499790726,1.1685225997494797,0.36253691379413083,0.573670778187669,0.3730322344078055,0.4101310322750191,True,False,False,False,1.1902049779891968,0.8549789786338806,False,False
2025-08-11,1.4979230165481567,619924864,0.03580548308523529,0.45180546408303945,0.33862424801453017,0.6168198448692831,0.550371948285581,0.2630939889321706,0.7312913485820904,76.44476638111998,0.04927656677487935,0.07191859983135472,62.33068490389376,1.1554000682553998,0.39376948114629806,0.6015989731668455,0.42526776240532616,0.440090324492046,True,False,False,False,1.1902049779891968,0.8549789786338806,False,False
2025-08-12,1.5400660037994385,565860309,0.027745782164967002,0.52645469766223,0.391322659901107,0.6074938403683796,0.619179449020099,0.37194165222398623,0.7801437662075258,77.6087677724109,0.05726857781469778,0.07212723661815178,71.41219555088408,1.154179962707701,0.4038655645836082,0.6179820352809583,0.4685618383599732,-0.08721146406542579,True,False,False,False,1.1902049779891968,0.8549789786338806,False,False
2025-08-13,1.5070960521697998,323762245,-0.021640620164944002,0.4723026308017466,0.3942670407056275,0.5613134298279608,0.622066881760564,0.4246954546170226,0.7887269886992303,74.50678361219033,0.05660813440390096,0.0734933821695823,76.90372027298591,1.163224564263967,0.347127004749324,0.5576402644441485,0.4404532312811108,-0.42784068815118115,False,False,False,False,1.1902049779891968,0.8549789786338806,False,False
2025-08-14,1.3858230113983154,404011449,-0.08389045974228096,0.27167055941649754,0.37580590735982433,0.42542970547506087,0.5304467039193679,0.3656495857819885,0.7048817866197103,64.32266481403505,0.044794803458411234,0.0826989061535471,78.60535970880387,1.2099160457054208,0.22288398872809836,0.4122060133881608,0.32898479018515203,0.24786461435613028,False,False,False,False,1.1902049779891968,0.8549789786338806,False,False
2025-08-15,1.3827749490737915,216687784,-0.0022018823964559775,0.21125037103921804,0.42773764673082976,0.3999123663677329,0.5168109261755855,0.41579104366105346,0.7051609796910544,64.08556450807609,0.034053078513519075,0.08275583069535133,79.66250503602429,1.2107648845948973,0.2039747099917008,0.389489043971957,0.32944577425569654,-0.46365929842745623,False,True,True,False,1.6178410053253174,0.8549789786338806,False,False
2025-08-16,1.4081259965896606,129315374,0.018167427133010745,0.0630255220862271,0.48081631801879005,0.30178402729866655,0.5962156276651674,0.4018685553456037,0.7011041923320956,65.23341895190879,0.026280865411166532,0.0791307524962745,81.11679746927916,1.1527224304776316,0.21201359315173401,0.3950424792965096,0.3562630275001455,-0.4032179774379898,False,False,False,False,1.6178410053253174,0.8549789786338806,False,False
2025-08-17,1.3654249906539917,163000683,-0.030794011303935047,-0.05680828122440287,0.3952539446444293,0.25880777572959585,0.5607530663934442,0.4162508541735624,0.6546168062752687,61.658722432158434,0.016374494578895532,0.08027745890334226,81.09979303774205,1.16144043198394,0.16038881210677233,0.33567251178574065,0.3185104637235834,0.2604895919026611,False,False,False,False,1.6178410053253174,0.8549789786338806,False,False
2025-08-18,1.2866389751434326,150890834,-0.05943235597472988,-0.15204612028436792,0.2997593437986716,0.14776431279799945,0.5028886185412754,0.3910586882352741,0.5856086012711966,55.604294853705966,0.0033096015602746415,0.08438037149712016,79.93661443592809,1.174229975343398,0.08215374484232292,0.24600119571257817,0.24730219514469468,-0.07429324084488653,False,False,False,False,1.6178410053253174,0.8549789786338806,False,False
2025-08-19,1.2739169597625732,152751079,-0.00993699836228001,-0.18972890081161492,0.3367257968506151,0.06429835661192831,0.5563428561260333,0.34595693208878003,0.5797392754594218,54.670771405476245,-0.0068416017939512686,0.08252908745423367,78.1630044910246,1.1486676153712878,0.05995899315515491,0.2210930148363625,0.24115151032015159,0.012328416184643753,False,True,False,False,1.6178410053253174,0.8549789786338806,False,False
2025-08-20,1.3082220554351807,181866919,0.026572631472972553,-0.14151564917369847,0.3307869816280482,0.08327880752231182,0.6585743223480567,0.3041936217497208,0.5129532110052333,56.7779884496084,-0.01161766430225844,0.07927038199519813,74.98198649042163,1.1517047454258538,0.07259330978724092,0.2394625482848892,0.2791543985020541,0.19060971739518773,False,False,False,False,1.6178410053253174,0.8549789786338806,False,False
2025-08-21,1.2753920555114746,112618145,-0.02541537991603069,-0.08304056934744822,0.18862999006904926,0.04662494647791209,0.668074391170249,0.3951770872970992,0.45066039451962214,54.18211323482942,-0.01703224952754756,0.07881147485570321,70.04007539282128,1.1554054366146902,0.029892715473790073,0.19676338376926972,0.2508632468678853,-0.3807661909090789,False,False,False,False,1.6178410053253174,0.8549789786338806,False,False
2025-08-22,1.5356489419937134,345741657,0.18569942935122188,0.10486074240022968,0.31611111343944753,0.3388728882067894,0.7696955683188574,0.5631818268757242,0.6061819868019751,67.04505774796561,-0.003820266588949392,0.0737243395640803,65.65900304852703,1.2565174854344896,0.20762677539018745,0.42059892498414564,0.5085360176889612,2.070035090704078,False,False,False,False,1.6178410053253174,0.8549789786338806,False,False
2025-08-23,1.5309460163116455,176664515,-0.0030671995702017812,0.08362611569701692,0.14665163778324405,0.3559000506373685,0.7519734358481688,0.5601718211511939,0.5833306413604488,66.68076002872377,0.003473485383198055,0.07266147520213875,61.28330645276549,1.2525611089250748,0.17566891942837068,0.39541695348216865,0.5052491489996451,-0.4890273953884591,True,False,False,False,1.6178410053253174,0.8549789786338806,False,False
2025-08-24,1.4324380159378052,199110494,-0.06650795682431716,0.04791217017663477,-0.008896111047768034,0.26774990742398,0.719676567999455,0.4816574179807589,0.5004266121179609,59.400186945136184,0.0006811168131546086,0.07788062383104682,55.612587685635596,1.2813083073808942,0.080153019837278,0.289010278932927,0.4102072208341742,0.12705425874573617,False,False,False,True,1.6178410053253174,1.251073956489563,False,False
2025-08-25,1.2674989700317383,191742846,-0.12233225493450868,-0.014987728783144062,-0.16703384906751195,0.16245688002582617,0.6077152382858839,0.3306774250868581,0.41527917921957685,49.629190147821724,-0.012527682671320609,0.09295950970422745,47.22140311635341,1.3584755636101895,-0.056943600066074414,0.12993482820711114,0.25033727300804115,-0.03700281111250725,False,True,False,False,1.6178410053253174,1.251073956489563,False,False
2025-08-26,1.3084019422531128,110415540,0.03176085724538455,0.0267101268245206,-0.16301877398709447,0.1358940111001347,0.6289245271243945,0.3397054883829179,0.444541785772164,51.74889033079972,-0.018407962322373683,0.08633962639941907,37.97128551471211,1.3485781918002986,-0.03968000856754303,0.15446486023017406,0.2922685461239983,-0.42414779845293415,False,True,True,False,1.5693550109863281,1.251073956489563,False,False
2025-08-27,1.2520689964294434,109743375,-0.044009121001354214,-0.043871625649806185,-0.18538727482350462,0.15934213519104853,0.552482344623116,0.32861350080314444,0.41415567022357175,48.70874251383489,-0.025550027401971015,0.0872654521701546,32.654184402129175,1.3352387398033476,-0.08758673596320954,0.09459002463573646,0.23832399150787806,-0.006087594191904522,False,False,False,False,1.5693550109863281,1.251073956489563,False,False
2025-08-28,1.2645399570465088,90529184,0.009911005587763422,-0.00854524014601202,-0.09158580949346021,0.1942057705004219,0.49649529556102473,0.44060646428040007,0.42080785038943885,49.417207817897236,-0.028659418038893075,0.08310581845343384,28.82361558446188,1.3308234200530453,-0.08334460206691607,0.09651673157028051,0.2521304136450441,-0.17508292414006765,False,False,False,False,1.5693550109863281,1.251073956489563,False,False
2025-08-29,1.2113579511642456,138904692,-0.042966381696667874,-0.23721105119390173,-0.13235030879367224,0.17582438977321832,0.4905969645252465,0.37569971093267124,0.34571056850480814,46.469447054788546,-0.03320270539959262,0.08518238648234315,30.67213458328302,1.3377491116243097,-0.11835654784161595,0.04379875627256467,0.2016633299160553,0.5343636809981629,False,False,False,False,1.5693550109863281,1.251073956489563,False,True
2025-08-30,1.2086639404296875,51997188,-0.0022264359316505203,-0.2363702875553505,-0.15274417185833347,0.23902728023804562,0.5498586767333746,0.3461377763198849,0.33958528060342996,46.31872046411854,-0.035108863233699536,0.08183839619237958,32.26545606540322,1.3132986307671275,-0.11267824780355665,0.03481422368144077,0.201246796631703,-0.6256628393805445,False,False,False,False,1.5693550109863281,1.251073956489563,False,False
2025-08-31,1.191828966140747,70676420,-0.01402649452113289,-0.18388882525216604,-0.1359766550755313,0.27913440748437424,0.4445456620507827,0.31156428734165215,0.36872920109882323,45.3292591673264,-0.03608461848385537,0.08016804919267825,33.02766829329371,1.2967757798519646,-0.11509484502372899,0.013744340435363326,0.18771048174770522,0.35923542634651695,False,False,False,False,1.5693550109863281,1.251073956489563,False,False
2025-09-01,1.157600998878479,100000178,-0.029139314344793332,-0.09069588466245075,-0.10568361344559472,0.2849063372945303,0.4059563642191046,0.31460389581025855,0.36918459123400627,43.30380843244676,-0.0374538007503742,0.08124418246720436,32.89949485381833,1.2944529750617209,-0.12812899242715295,-0.020678800084217946,0.15662606431666612,0.41490157537690786,False,False,False,False,1.5693550109863281,1.251073956489563,False,False
2025-09-02,1.1984989643096924,85593675,0.034720151514291794,-0.08773659039354353,-0.06102646356902306,0.2648581267383965,0.5039315842134294,0.2996271228956126,0.4217131624441823,46.386449170755995,-0.034118074347268046,0.07697762538026827,31.842734667107496,1.2874982994263733,-0.08671224618802564,0.008142084569856607,0.20145279899634794,-0.14406477356470304,False,False,False,False,1.5693550109863281,1.251073956489563,False,False
2025-09-03,1.2383790016174316,83936221,0.032733356914816526,-0.010994112477372732,-0.05486573812717892,0.2615292387821852,0.5351441946758954,0.485060963465143,0.4652537144667303,49.28224276244759,-0.027995466431306192,0.07286603947056537,31.94690706933726,1.2866641449028595,-0.05099125659853236,0.035888945695626014,0.24501061626341702,-0.019364211199016768,False,False,False,False,1.5693550109863281,1.251073956489563,False,False
2025-09-04,1.1591709852218628,91534647,-0.06609818594205841,-0.0870033040071946,-0.0955485441532066,0.2423345042543502,0.4437930225831538,0.4048682993056715,0.39596773886463316,44.17835793625128,-0.027983166443077998,0.07792958702338505,33.15011976018446,1.2987925774754348,-0.10401427837586297,-0.034119507861906644,0.1690514432665033,0.090526186543471,False,False,False,False,1.5693550109863281,1.251073956489563,False,False
2025-09-05,1.1817660331726074,103583246,0.019304876203334723,-0.024732046107191902,-0.2619430973010937,0.22912793376214566,0.48359916964736765,0.3519008163364184,0.2069281932543426,45.899591320909096,-0.02524072084052762,0.07526938465033076,33.21582690848967,1.2964804061900002,-0.07848769060572328,-0.017591750412770207,0.19592757690820733,0.13162883558178806,False,False,False,True,1.5693550109863281,1.1323570013046265,False,False
2025-09-06,1.156965970993042,53122645,-0.021208921548385325,-0.04371453172392676,-0.28008481927927725,0.09117740057079222,0.4665753186025415,0.3542788855772698,0.11686187919689185,44.28551868532077,-0.023897952885221035,0.0743195908945361,33.97729479340569,1.2383571573642018,-0.09043361590681169,-0.03985077042220832,0.17433860515247301,-0.48715021925456936,False,False,True,False,1.2534699440002441,1.1323570013046265,False,False
2025-09-07,1.1964850425720215,54875735,0.03358709093944718,0.003899053736653187,-0.1799897715155129,0.06654618552941562,0.40707572507471534,0.30753061563347406,0.027249167952623107,47.45635001706077,-0.0193437007540503,0.06949021938479019,34.46717240595022,1.227476033249951,-0.05601982560351228,-0.008479410985137114,0.2176620641035721,0.03300080408270323,False,False,False,False,1.2534699440002441,1.1323570013046265,False,False
2025-09-08,1.1989120244979858,101815329,0.002026371986338196,0.03506474006778469,-0.05563114459466595,-0.0978197185702479,0.34791075881235595,0.20030583287022374,0.08979107632350403,47.65338265152523,-0.015338336281420216,0.06702327383370263,34.88537478466114,1.0752329528006555,-0.051298012866023944,-0.006539447297219437,0.22375578709200578,0.8553797776011565,False,False,False,False,1.2534699440002441,1.1323570013046265,False,False
2025-09-09,1.1833490133285522,139175631,-0.01306593385836095,-0.012721345304867984,-0.10045793569841154,-0.19992544443530363,0.34863381342643457,0.20960920725156898,0.0926114530198891,46.450508562881595,-0.01300009194408095,0.06853208109528122,35.32484489098686,1.022612069047517,-0.05896376161685477,-0.019104871538857898,0.21044768371032588,0.3669418187510842,False,False,False,True,1.2534699440002441,1.1485730409622192,False,False
2025-09-10,1.2375179529190063,98801008,0.044759157333164885,-0.0006955448865196677,-0.011689657363892377,-0.19097177018737393,0.42584807468190905,0.359400178098207,0.07212221874479659,51.07923061003836,-0.007349580811853357,0.06516389362273206,35.378631731722194,1.0277562332922996,-0.014402678213416887,0.025452699568289012,0.2687893962019421,-0.29009836499322217,False,False,False,False,1.2534699440002441,1.1485730409622192,False,False
2025-09-11,1.2928199768066406,121451550,0.043718138257154225,0.10912077931269301,0.022117475305498513,-0.17499941409518674,0.43249442627319296,0.44418003492491237,0.19694223812879963,55.324904349848005,0.00016984782165232505,0.06127061941341064,29.365709416790708,1.0359062482776498,0.03969522101777766,0.0677643451958852,0.32827175987821433,0.22925415902639368,False,False,False,False,1.2534699440002441,1.1485730409622192,True,False
2025-09-12,1.3029390573501587,99755607,0.007796664998705886,0.09761256810806421,0.07288052200087222,-0.14556212893153678,0.41575130089642415,0.47650475282902727,0.27913332568548577,56.07607598648288,0.005582639857606093,0.05918485066268163,21.160165604162355,1.0353412447144505,0.05752873924691254,0.072041057655789,0.3393940523745384,-0.17863866702401077,True,False,False,False,1.2534699440002441,1.1485730409622192,False,False
2025-09-13,1.295454978942871,98945450,-0.005760557481835055,0.11306093217461446,0.06934640045068775,-0.06743222667109092,0.35799747880397,0.4630144772482769,0.2982173591108976,55.3350120848227,0.008255168938268918,0.05874705554052625,15.975394602105137,0.9953662706660523,0.05733211721234413,0.0623955339411157,0.3324884206486378,-0.008121418177526651,False,False,False,False,1.2534699440002441,1.1485730409622192,False,False
2025-09-14,1.2316449880599976,89382229,-0.05051130399547629,0.028962537239691225,0.03286159097634435,-0.1157416482701112,0.2841707180976218,0.4010692779054743,0.30004939539094233,49.34710860321633,0.005456652549267884,0.06194787960699687,15.69335205439724,1.0095012705136255,0.006724315554030621,0.007517060132862323,0.26757637747945195,-0.09665144784323076,False,False,False,False,1.2534699440002441,1.1485730409622192,False,False
2025-09-15,1.1780409812927246,80530171,-0.04449779104576708,-0.01756162579241418,0.017503114275370702,-0.17840686644888906,0.12337716084977753,0.4178087612162784,0.22346168889671472,44.94695062432692,1.4578953376995305e-05,0.06568716447434898,14.712021439002221,1.0159363642949961,-0.03193302533933961,-0.036897914435425644,0.21346050770758707,-0.0990359951752825,False,True,False,False,1.2534699440002441,1.1485730409622192,False,False
2025-09-16,1.2025740146636963,73546471,0.02061139826193902,0.016115706327885733,0.0033943610230178695,-0.12700145688301503,0.13180631884658076,0.4337516095104293,0.28924939729054727,47.26459870995084,-0.0018126524642159423,0.06346969856676733,14.52812611584273,1.0159356205820045,-0.00975895591506634,-0.019005326860738598,0.2391660844152757,-0.08672153446687703,False,True,True,False,1.329375982284546,1.1485730409622192,False,False
2025-09-17,1.3080819845199585,124403774,0.08409765860785051,0.055454207602571436,0.05475866271605165,0.016528557699565256,0.16429287049756483,0.5194171762408407,0.4075872459348394,55.86913140627456,0.003893378330587515,0.06215109230490807,15.608805483920118,1.0408339543113634,0.07519245813474813,0.062438652458226156,0.3474756897247163,0.6914988891853153,False,False,False,False,1.329375982284546,1.1485730409622192,False,False
2025-09-18,1.338284969329834,150094123,0.022826990223246246,0.03456305956866321,0.14368383888135638,0.04929254628509152,0.1135909028970197,0.6056354024111248,0.3952494783738716,57.98263563866812,0.009207330357297802,0.059494291354767956,17.77237822022622,1.0429506497657894,0.0943097200358829,0.08130969429366494,0.37883485903535563,0.20650779453041346,True,False,False,False,1.329375982284546,1.1485730409622192,True,False
2025-09-19,1.2535710334777832,107167527,-0.06539261546844388,-0.03862622089848662,0.05898634720957771,-0.04267270065632494,0.040606106865986986,0.6159016216917317,0.261520921093396,50.65487059743088,0.0066422540837662745,0.06526760275427082,17.834609866363607,1.06439436120248,0.023160967600542304,0.00794540751226792,0.2905349987769516,-0.28599784683108476,False,False,False,True,1.329375982284546,1.1511770486831665,False,False
2025-09-20,1.269286036491394,65349713,0.012458261277151777,-0.020407402139499705,0.09265353003511476,-0.0047990594631423635,0.041825887014769914,0.6632753317071067,0.39037802783395686,51.870030585454586,0.005667222268079532,0.06327204494395351,17.85730245460938,1.0618442395608234,0.03272305701046178,0.014581259997217929,0.3054760892725353,-0.39020975075780184,False,False,False,False,1.329375982284546,1.1511770486831665,False,False
2025-09-21,1.250635027885437,58073981,-0.014803121776386052,0.01530078007959047,0.044263317319281605,-0.20530161059075025,0.13357127761603924,0.5643939577281072,0.357880216284974,50.287253964573324,0.0035338369710298705,0.06135472527504817,17.02376866411761,0.8237545400415505,0.013711491318748142,-0.006363692897483859,0.28582073115856477,-0.11133533210773239,False,False,False,False,1.329375982284546,1.1511770486831665,False,False
2025-09-22,1.1118439435958862,168815502,-0.11763159713579958,-0.057833026010441886,-0.07539465180285604,-0.31986600815634797,0.03603404248102044,0.43210742769182076,0.24030581299484577,40.40635008655596,-0.0068888595548612114,0.07399476365395026,19.024288649746403,0.9095982913517945,-0.09561048590065674,-0.1193238669758354,0.14335752121710799,1.9069042468433497,False,False,True,False,1.3544529676437378,1.1511770486831665,False,True
2025-09-23,1.1110179424285889,101858237,-0.0007431871593184486,-0.07918761143169936,-0.06307190510381355,-0.2541012384913493,0.013648668932630724,0.4655753295081058,0.22755617948940962,40.35552880972081,-0.01314045039609806,0.07170349658064747,20.877468146498384,0.8874343022227692,-0.09157685862808185,-0.12217008871530038,0.14225987876851515,-0.3966298367551577,False,True,False,False,1.3544529676437378,1.1511770486831665,False,False
2025-09-24,1.1103370189666748,69383780,-0.0006130703962898363,-0.1638983404358397,-0.10844413283326836,-0.1323820539531304,0.030074826072695734,0.4753331843327536,0.1982953711337277,40.310518018239634,-0.016410746015055315,0.06943254336154846,21.983288007718254,0.7867183133175056,-0.09031747675719395,-0.12548063753848504,0.14131862996314734,-0.3188201362644829,False,False,False,False,1.3544529676437378,1.1511770486831665,False,False
2025-09-25,1.0556550025939941,130523728,-0.050502160115211255,-0.23722749077429722,-0.20266443120563396,-0.21464507131372623,-0.07875106021359148,0.4142794558106684,0.1250604170691916,36.764259920454194,-0.02104980942916565,0.07248645997363347,24.9676798526043,0.7914248154809862,-0.13062641312553377,-0.17006406337420918,0.08475167967792761,0.8811850262410033,False,False,False,False,1.3544529676437378,1.1511770486831665,False,False
2025-09-26,1.0968910455703735,109386251,0.03831842618903028,-0.133516449116823,-0.1721426700153096,-0.13231752412334172,0.027024611067706795,0.4201648204997742,0.19629597667980275,40.980856121085814,-0.020134359370774277,0.06881885197735699,26.128874574587947,0.7952613274602693,-0.09442678334751477,-0.13819723094480052,0.1259726996754311,-0.1619435586455208,False,False,False,False,1.3544529676437378,1.1511770486831665,False,False
2025-09-27,1.09198796749115,43659639,-0.004479997524317749,-0.1504547079182926,-0.17086211005779237,-0.14670852723542302,0.0474972432649989,0.34978676832560185,0.2938979370449771,40.63390802414153,-0.01868403791999794,0.06562900333543324,27.616902126215603,0.7935818934027199,-0.09456905900901719,-0.14167901469231003,0.11996460826062773,-0.6008672150213832,False,False,False,False,1.3544529676437378,1.1511770486831665,False,False
2025-09-28,1.1179829835891724,47076083,0.023526295732823305,-0.11212529040908327,-0.0968245103294928,-0.08021584980593174,0.09560853996728655,0.41038111471931477,0.29548386112673947,43.37123416203479,-0.014960068801025614,0.06353406276056099,28.43729106914016,0.7872949631420324,-0.06989443112699133,-0.1184174458918838,0.14546395586868496,0.07825176932864708,False,False,False,False,1.3544529676437378,1.1511770486831665,False,False
2025-09-29,1.1783080101013184,95844032,0.05255336551542744,0.05805967224214378,0.00022664623170168364,-0.025436048358853842,0.21359123187919174,0.5244226283745208,0.3207017279610311,49.22252033282113,-0.0077812798999133195,0.06117998122398837,28.46390532545501,0.8105309307361873,-0.019501441787690487,-0.06692028231528295,0.20555296814218815,1.0359389713880827,False,False,False,True,1.3544529676437378,1.0423450469970703,False,False
2025-09-30,1.0876519680023193,155603784,-0.08005830481958953,-0.021255445418127298,-0.1004430568498267,-0.09146785865731058,0.18766654882706368,0.3530778033934722,0.22009642868434157,42.17059246927633,-0.00843092483549433,0.07006752582572714,29.6636062559054,0.855520156973711,-0.0892597351442584,-0.13307605260605096,0.11203321058719327,0.6235104132513958,False,False,False,False,1.3544529676437378,1.0423450469970703,False,False
2025-10-01,1.1919610500335693,124492881,0.09157867705327764,0.07093630203144007,-0.0929620384043996,0.02925013274076043,0.31415647003529085,0.4352064969598651,0.34385402855101915,50.88892631705617,-0.0014917904459238532,0.06690661082235605,28.80275932063809,0.9110077063847161,0.002315449417966395,-0.044633920905593434,0.21725149199633842,-0.19993667377651947,False,False,False,False,1.3544529676437378,1.0423450469970703,False,False
2025-10-02,1.298164963722229,163814117,0.08535180893870499,0.2067902710853564,-0.03043721968894075,0.07988179016517387,0.3447399169035702,0.5838133743786033,0.37950891306078643,57.855630833745145,0.009964406736375771,0.06404688734690885,28.7038187416159,0.9508595997138034,0.09184107151851245,0.04398585961613051,0.3231778520243506,0.3158512814881358,False,False,False,False,1.3544529676437378,1.0423450469970703,False,False
2025-10-03,1.2327059507369995,145633530,-0.05173998793713987,0.11673185695918627,-0.016784592157636655,-0.004591554686782652,0.25693768409540246,0.5305526399891126,0.4804694087783603,52.876806590422305,0.012673420737370121,0.06676603803683571,27.81235511485344,0.9628136334743812,0.03952889830537177,-0.006208911450748996,0.2547364797132129,-0.1109830296249743,True,False,False,False,1.3544529676437378,1.0423450469970703,False,False
2025-10-04,1.2026879787445068,73131234,-0.02465267890368836,0.09655917557981582,-0.05389553233847685,0.03685395235158749,0.27918845660593766,0.48064697493474123,0.4417222516572589,50.721210673090646,0.011990737941047873,0.06648052807965624,27.655574823856476,0.937608486819387,0.015454863378779896,-0.027585424757095137,0.22261126444721263,-0.49784068270541815,False,False,False,False,1.3544529676437378,1.0423450469970703,False,False
2025-10-05,1.1645729541778564,102026576,-0.03220457718123827,0.04082830266575429,-0.07129698774332906,-0.014655501032985546,0.21447243272916,0.46894366861438214,0.3372453153034329,48.04307561190636,0.0086739283641811,0.0686847300618406,27.7066879522405,0.9423122502887138,-0.01616708200146967,-0.054679663730012706,0.18311914965562354,0.3951162918979325,False,False,True,False,1.3162319660186768,1.0423450469970703,False,False
2025-10-06,1.2538859844207764,151618107,0.07389305968299978,0.062167996833326605,0.12022766907547021,0.08044648019839944,0.1716238807691916,0.5470217988009408,0.43472536577566917,54.15202250923136,0.011992362917050838,0.06645699172057917,28.0992569833825,0.9738525955037617,0.056993744499251056,0.019664923025964644,0.2723326366685364,0.48606483667549516,False,False,False,False,1.3162319660186768,1.0423450469970703,False,False
2025-10-07,1.1863700151443481,127736958,-0.055349278856682574,0.08687702279623333,0.06562157737810605,-0.008489889597730222,0.0580562959316854,0.3985858354769851,0.2990407260357437,49.42143945846372,0.009259888732604778,0.07013762108296973,26.61317215091308,0.9876404830821878,0.00523637917258041,-0.03366343945566958,0.20263185726225072,-0.1575085553600798,False,False,False,False,1.3162319660186768,1.0423450469970703,False,False
2025-10-08,1.1995999813079834,82589005,0.01108991460493997,0.006388260347895753,0.07732456237933588,0.0005736530208714377,-0.09724606554937643,0.34848441183322737,0.2008794858910951,50.33696436137667,0.008009974792192077,0.06765346253295053,23.832754806240512,0.9884129066518551,0.022453873588396223,-0.02170280976486886,0.2149053511614516,-0.3534447172289793,False,False,False,False,1.3162319660186768,1.0423450469970703,False,False
2025-10-09,1.1621780395507812,94743960,-0.03169228741578349,-0.11065583600659293,0.09613443507876361,-0.018052700536551055,-0.21797814497185483,0.3305811128898834,0.19155650671501792,47.70649369402927,0.0045040806606979275,0.0697637908167557,23.085513447354522,0.993637954081145,-0.005568777756338447,-0.04995810045965794,0.17625455233927878,0.1471740094217142,False,False,False,False,1.3162319660186768,1.0423450469970703,False,False
2025-10-10,0.8353319764137268,268664776,-0.3302219214955673,-0.3891377695650203,-0.2724059126058341,-0.3930337793652834,-0.5840055495526573,0.032814295316625865,-0.03363360126707628,31.984985089683065,-0.018712670375228262,0.16458608431233288,33.32031094543609,1.5066225309764723,-0.27171721117212294,-0.3121953469387476,-0.15354334573329312,1.8356929138279634,False,False,False,False,1.3162319660186768,1.0423450469970703,False,True
2025-10-11,0.8076789975166321,200133663,-0.03366452309845744,-0.3981496137597894,-0.3015904381799737,-0.47041644072089506,-0.6454158548160818,-0.037922014447702115,-0.026236405795982742,31.052594338865063,-0.03393029057536763,0.16696955125196455,41.86154464969295,1.4940172885216059,-0.28196143184847533,-0.3268953257297194,-0.18051486184638396,-0.2550803794242086,False,True,False,False,1.3162319660186768,1.0423450469970703,False,False
2025-10-12,0.9183419942855835,132638668,0.12840516475523558,-0.23753987182331565,-0.19671156915756147,-0.3498079409643655,-0.49537006989590227,0.06594335993205876,0.12669681186466172,38.7477756444389,-0.03443214130845421,0.14789575707026112,45.21184142826786,1.5749114156734987,-0.17649719333206978,-0.2267757123206665,-0.06773648838595382,-0.3372495860429038,False,False,False,False,1.3162319660186768,1.0423450469970703,False,False
2025-10-13,1.0230350494384766,179630803,0.10795916275199624,-0.20347376875431913,-0.1413057719209925,-0.23608822073053418,-0.3035204474016251,0.12190925807343574,0.2269262565177427,45.001670251685475,-0.025986634898841676,0.13217732738348226,45.96465309720937,1.6292869384918136,-0.07898275773565618,-0.13264672103552383,0.038503742041553546,0.35428684341130445,True,False,False,True,1.3162319660186768,0.3278129994869232,False,False
2025-10-14,0.9739459753036499,153083435,-0.049173191520244644,-0.1972976814178811,-0.11042065862164765,-0.23475010825530254,-0.35049175652541376,0.04942060984231927,0.1663191696501717,42.79530953620998,-0.022130613203385698,0.1382601946165909,47.494314278228245,1.6288527835329487,-0.11776012031214791,-0.1701348414593039,-0.01155938543858555,-0.14778850596130777,False,False,False,False,1.3162319660186768,0.3278129994869232,False,False
2025-10-15,0.9117469787597656,223162102,-0.06599331925862688,-0.2743809152814479,-0.2679926549335522,-0.25624563646816234,-0.4346525029170513,-0.13286847561838488,0.16156312474811602,40.111799350808,-0.02213953511964195,0.1495271923854738,50.086858881364,1.6366510105159024,-0.16868407802516988,-0.2178454361450427,-0.07486132161337,0.4577808630959972,False,False,False,False,1.3162319660186768,0.3278129994869232,False,False
2025-10-16,0.8944420218467712,145297687,-0.01916243143310286,-0.26185105929876723,-0.3725068953053602,-0.2960194661632041,-0.42302092304621913,-0.16421314731662334,0.13773214334722517,39.37207952773249,-0.021654967906239705,0.1459835541971443,53.09493538944861,1.633611239246148,-0.17686534479483665,-0.22795352653072734,-0.09258882857745847,-0.3489141494105482,False,False,False,False,1.3162319660186768,0.3278129994869232,False,False
2025-10-17,0.8681110143661499,166216456,-0.029880481360972933,0.038490380835827086,-0.35064738872919327,-0.40999760613202746,-0.3934690484324623,-0.24570473563446263,0.10941957010881324,38.217202754642564,-0.02141315848939479,0.14803601493809296,56.48734831686075,1.5991084012899501,-0.19278165815266052,-0.2455179993687324,-0.11927448371539567,0.14397179633010948,False,False,False,False,1.3162319660186768,0.3278129994869232,False,False
2025-10-18,0.8746619820594788,66361191,0.00751790228695116,0.07967280622123558,-0.31847680753855373,-0.42530669406832267,-0.37601414778323117,-0.3117157911713029,0.1803287083428021,38.69897050622246,-0.019188925248688316,0.1382097180724535,59.293701569845204,1.5955988685373366,-0.17738421475771435,-0.2353493838130541,-0.11251394394275932,-0.6007543861962741,False,False,True,False,1.0612770318984985,0.3278129994869232,False,False
2025-10-19,0.9009649753570557,92718379,0.02962887827072373,-0.019103480263276258,-0.25664335208659184,-0.33028520032915504,-0.37295790098547993,-0.2896790934631681,0.28561642136257676,40.69846625252215,-0.014534481571073773,0.12970793095430364,60.634665602814984,1.5916298787628802,-0.14144914747145432,-0.2080942531464279,-0.08623240239338488,0.3971777420329903,False,False,False,False,1.0612770318984985,0.3278129994869232,False,False
2025-10-20,0.9165629744529724,122164199,0.017164393040389674,-0.1098982499748828,-0.31337201872920195,-0.32557906856591734,-0.3303781280290597,-0.28375318155114754,0.33769626314118945,41.90854428230116,-0.00925086339889715,0.123204063742943,62.01564109909672,1.5925875914257592,-0.1194070825059222,-0.19046708484743888,-0.07081005139310569,0.3175834210820274,False,False,False,True,1.0612770318984985,0.8065789937973022,False,False
2025-10-21,0.9008129835128784,135947074,-0.017333106220378924,-0.07805816467501701,-0.27535584609289826,-0.3281090530099102,-0.5334106636006604,-0.19453777539387107,0.23628490471819708,40.99880950535003,-0.005829337738549531,0.12387625022092326,62.44299158337553,1.59269102557719,-0.12226284868852573,-0.20075247844416608,-0.08707489851259197,0.11282253813165011,False,False,False,False,1.0612770318984985,0.8065789937973022,False,False
2025-10-22,0.8638569712638855,131246548,-0.04189045801341188,-0.053955303429802086,-0.32833621871125,-0.2523679138875225,-0.5722339220438704,-0.2163338714065019,0.17973951380429834,38.86684026558113,-0.00509433011774936,0.12538445618134864,60.149486477170086,1.5501738100298679,-0.1400769530383688,-0.228963154649882,-0.12469622759599397,-0.03457614689081134,False,False,False,False,1.0612770318984985,0.8065789937973022,False,False
2025-10-23,0.9048969745635986,103777420,0.04641388437668539,0.011621012379986084,-0.25023004691878115,-0.20521084235151862,-0.4593120808428679,-0.19156217341888793,0.2603644871565873,42.44608602842072,-0.0010925757634392547,0.11544811486181622,57.87907325236856,1.5617933855547912,-0.08428318210359527,-0.18749600321503346,-0.08409984662881671,-0.20929409891984363,False,False,False,False,1.0612770318984985,0.8065789937973022,False,False
2025-10-24,0.9252369999885559,122888330,0.02222882394008859,0.06373031768104767,0.10222069851687468,-0.18236894801514025,-0.31475100196827066,-0.15229412194244446,0.29296423631761337,44.190118490973646,0.00342839955232134,0.10788011279291519,55.31055710367204,1.564968742900483,-0.05036862440747879,-0.16572800929466722,-0.06460252221845832,0.1841528725612951,False,False,True,False,0.9673730134963989,0.8065789937973022,False,False
2025-10-25,0.9258099794387817,73382226,0.0006190869004346516,0.05683150229453107,0.13650430851576667,-0.1312477009994943,-0.34589277231322063,-0.20999876121308583,0.283031754811174,44.24137676532461,0.006768514800370357,0.10175736173162002,53.09090853493426,1.5568421685923817,-0.03799316009882394,-0.16134024930658958,-0.06543173859523115,-0.4028543963450394,False,False,False,True,0.9673730134963989,0.8394240140914917,False,False
2025-10-26,0.9694730043411255,91756797,0.046083621566875795,0.07328624559068307,0.05418276532740682,-0.12348250562164892,-0.25580002974499066,-0.09645789455394213,0.2966823148781253,48.149475199127735,0.011927874694648843,0.09512073319598402,45.95722614575343,1.5597552310360594,0.02248588692405674,-0.11879405913086509,-0.02249071221870553,0.25039538865991884,False,False,False,False,0.9673730134963989,0.8394240140914917,True,False
2025-10-27,0.9408919811248779,115785357,-0.02992428794772962,0.02619756460256383,-0.08370068537231892,-0.14892679604506082,-0.29563532328048375,-0.1014295527800619,0.20085997228054098,45.882488097890075,0.013319407302612607,0.09448471543925437,40.279925888119145,1.5623528124349018,0.005356395593110043,-0.14078056660968474,-0.0523968384807044,0.26187226217148796,True,False,False,False,0.9673730134963989,0.8394240140914917,False,False
2025-10-28,0.902646005153656,105115879,-0.04149788573218094,0.0020327850907619284,-0.07602537958425529,-0.21395097751006503,-0.29416682731599686,-0.11834243754277837,0.19643013720924973,42.96716402101946,0.011629239994538756,0.096686443941869,31.434868239892193,1.56389098084021,-0.019961686325110976,-0.1712221621768514,-0.09169605716456156,-0.09214876800008487,False,False,False,False,0.9673730134963989,0.8394240140914917,False,False
2025-10-29,0.9238060116767883,106493200,0.02317164984169931,0.06709489294587286,0.013139589516070917,-0.24333269318379325,-0.26876874154264696,-0.029741461304601435,0.2810899351907276,45.047539629648696,0.011860769873981047,0.09218108839560109,20.589391933937126,1.5530984224965114,0.016162207882450062,-0.1477318221273118,-0.07118769104308968,0.013102882391346382,False,False,False,False,0.9673730134963989,0.8394240140914917,False,False
2025-10-30,0.8378459811210632,139617161,-0.09766781534921723,-0.07698680678002963,-0.06536579440004359,-0.26094220371342103,-0.3524100623707314,-0.07327565488635716,0.09213559968005136,38.84810516049643,0.006421461534067731,0.1047516741057465,20.500588509298208,1.5645382233596916,-0.07851896521153715,-0.22129273470916633,-0.15810837271903744,0.3110429680017128,False,False,True,False,0.9802209734916687,0.8394240140914917,False,True
2025-10-31,0.8726249933242798,66420204,0.04067161246202108,-0.058544018258097116,0.005186299422950552,-0.31184926830467746,-0.2825991355639169,0.0023072017306133654,0.12335722865518747,42.307541995969686,0.005403567022556718,0.09700001670047227,18.13948232640934,1.5332351783539904,-0.043683695410371974,-0.18258396721420808,-0.12389540916331132,-0.5242690545756048,False,True,False,False,0.9802209734916687,0.8394240140914917,False,False
2025-11-01,0.8852750062942505,43985203,0.014392435672783577,-0.04477066948574808,0.012060832808782992,-0.3828086415705989,-0.30292685140542513,-0.03806872466702865,0.20100473280800427,43.55824560385985,0.005785751897990368,0.09108665129553523,18.34443981897517,1.4970128295382559,-0.028059374114068523,-0.164194288493819,-0.11208826082951906,-0.33777374426612716,False,False,False,False,0.9802209734916687,0.8394240140914917,False,False
2025-11-02,0.882502019405365,40784829,-0.0031372612303222133,-0.093991552282946,-0.020705306692262858,-0.33420591486378126,-0.33879746955056395,-0.07726823076837872,0.1963467251253314,43.336461540147866,0.006027997927449846,0.08741934970871963,14.719567853621726,1.4906703802829895,-0.023571129591489246,-0.16026444742564072,-0.1157460801442176,-0.07276024166581652,False,False,False,True,0.9802209734916687,0.8076559901237488,False,False
2025-11-03,0.7402960062026978,96984201,-0.17571096248465282,-0.23977822681986918,-0.21358066221730534,-0.4852641984447457,-0.44841024609315844,-0.20607574183880809,-0.004617223510004507,33.82490880824034,-0.002742194962825857,0.111600414177924,20.352545912964732,1.597218137162954,-0.17018639315263698,-0.28893004555667234,-0.2584467691794538,1.3779479619738018,False,False,False,False,0.9802209734916687,0.8076559901237488,False,True
2025-11-04,0.7260649800300598,125988600,-0.01941059960504224,-0.2176909406927305,-0.21565815560196863,-0.47247022086854984,-0.48712572190153547,-0.25799778813938967,-0.0035265522541676835,33.04330900122869,-0.008528147248308623,0.11439929107158789,26.16060007254934,1.596225244500023,-0.17757953353129102,-0.2964909238032155,-0.27280242161449003,0.299063132973586,False,True,False,False,0.9802209734916687,0.8076559901237488,False,False
2025-11-05,0.7682809829711914,69370625,0.05651601448660162,-0.1843465760478281,-0.11725168310195513,-0.48984726606494783,-0.40940078586654843,-0.31822338529575633,0.05717453273599288,37.64625548574556,-0.008518571257283447,0.10824798243265159,28.657001445295126,1.5850544062713086,-0.12349830990785576,-0.24926822322186776,-0.23074688586446943,-0.44938966700161764,False,False,False,False,0.9802209734916687,0.8076559901237488,False,False
2025-11-06,0.7355179786682129,60099386,-0.04358054559262622,-0.13025930629123708,-0.2072461130712667,-0.47807853280089146,-0.48656842239862175,-0.42002223686920614,-0.0794926973239064,35.600786823037666,-0.00964254194051821,0.11020982546199518,32.15530515211667,1.5819363799173425,-0.15448124898979662,-0.2731496056732719,-0.2636219804494305,-0.13364790932761528,False,False,False,False,0.9802209734916687,0.8076559901237488,False,False
2025-11-07,0.8338649868965149,102832840,0.1254965191514011,-0.04543439960185708,-0.10397841785995426,-0.3636719282544303,-0.3630982752335589,-0.4609179938038068,-0.01518751642120301,45.222178959220344,-0.003028965311823159,0.10043386691936844,32.42682071696179,1.6551743634776919,-0.039172839647305766,-0.16766356041781072,-0.16566289587786992,0.7110464323212886,False,False,False,True,0.9802209734916687,0.6759269833564758,False,False
2025-11-08,0.8084409832954407,62979898,-0.030963821991251955,-0.09079065726589271,-0.13556132675164081,-0.36294346282989876,-0.3809961633664499,-0.5809216078017535,-0.03236234994001531,43.41634392294843,0.0001957882568377617,0.1014219913133565,32.92939599911817,1.655067905636739,-0.06347562613141125,-0.18580580053802775,-0.19120316297101175,-0.3875507279581114,True,False,False,False,0.9802209734916687,0.6759269833564758,False,False
2025-11-09,0.8415529727935791,61100192,0.04014128104027043,-0.047512114995300246,-0.14150366727824618,0.007419739705938876,-0.38561403965934454,-0.5765858098467184,0.040234035022564646,46.41741492408427,0.004862630360957458,0.09639152071584459,32.63550554311887,1.2009538962075395,-0.02086356318329811,-0.145092683645732,-0.15819814065486287,-0.029846126457683364,False,False,False,False,0.9802209734916687,0.6759269833564758,False,False
2025-11-10,0.8811010122299194,116664954,0.04592331360969729,0.1741221610990499,-0.06565606572081938,0.08700757641409351,-0.3834088643068015,-0.5584082784019883,0.049085561966391376,49.839357533881426,0.01058835279958456,0.09125825830402055,32.46297093550556,1.2047477101027684,0.026327011464627837,-0.09814598408025527,-0.11883017342611395,0.9094040490085531,False,False,False,False,0.9802209734916687,0.6759269833564758,False,False
2025-11-11,0.8033980131149292,111736006,-0.09232202687082285,0.10121073383326928,-0.11648020685946127,-0.13371961521196493,-0.4835275561763304,-0.6290896851078671,-0.06777625527990626,43.906362021170644,0.009170788728044672,0.10235512647134412,33.04819298997713,1.1605378528068342,-0.06087641219361793,-0.17245385307272687,-0.19633458799076456,-0.04224874592587591,False,False,False,False,0.9802209734916687,0.6759269833564758,False,False
2025-11-12,0.7927070260047913,88061512,-0.013396545638239728,0.031298173708427815,-0.15304840233940037,-0.255075323602201,-0.4911635443327352,-0.5585957710038258,-0.13316606552876517,43.14533489597409,0.007605910082732335,0.10365861296114279,33.41055793006689,1.0874821626708187,-0.06725738326460784,-0.1780763619541993,-0.20672862165632444,-0.21187882802970426,False,False,False,False,0.9802209734916687,0.6759269833564758,False,False
2025-11-13,0.7774779796600342,91312423,-0.01939838151655114,0.055480337784502835,-0.07477896850673423,-0.22530051359850747,-0.4600506218538101,-0.5757922701239212,-0.17587990375618828,42.027830499514415,0.005723787294748005,0.10757556326508277,33.446371022053505,1.0783880800079606,-0.07715435472468037,-0.18826365666420203,-0.22173771164798442,0.0369163659147711,False,False,False,False,0.9802209734916687,0.6759269833564758,False,False
2025-11-14,0.7509700059890747,86665198,-0.03468960946797297,-0.10470579083487122,-0.15014019043672827,-0.19399680380785356,-0.4502424402760159,-0.628649306724905,-0.3268652794262385,40.081793693359195,0.003008645549408606,0.10834865466405942,33.78026730977749,1.062430696526534,-0.09927219350827837,-0.21091936695135471,-0.24794167603337727,-0.050893677413422655,False,False,True,False,0.906345009803772,0.6759269833564758,False,False
2025-11-15,0.7542170286178589,39943516,0.004314450750547631,-0.06942751809307171,-0.16021817535896438,-0.17051992162420324,-0.4665393877874074,-0.5935408446704225,-0.33473306894082655,40.44555935115822,0.001805752915667029,0.1025358175167523,31.63620352904318,1.0620555244978174,-0.0835470633895141,-0.20175920367298886,-0.24441272607550138,-0.539105466533406,False,False,False,False,0.906345009803772,0.6759269833564758,False,False
2025-11-16,0.7313309907913208,94711101,-0.030814013903519177,-0.14038281303686118,-0.18789492803216135,-0.17145345416674934,-0.581451060298777,-0.5649225025992115,-0.41715818980121205,38.66384564899596,-5.810019533769584e-05,0.10392239431040727,30.553135583235896,1.062328169544538,-0.09989594115483928,-0.2200266527584651,-0.26697735129673505,1.3711257917305026,False,False,False,False,0.906345009803772,0.6759269833564758,False,False
2025-11-17,0.6792899966239929,123724922,-0.07381801896807201,-0.2601241456146304,-0.08600198451558053,-0.25278937542177254,-0.6780960694900952,-0.6288035232050038,-0.5645051665930754,34.8990583914929,-0.004098993048886168,0.11228242869993187,32.37947682184564,1.087169052901684,-0.15229495715248037,-0.26868578268941334,-0.3185307814626958,0.3063402356604428,False,False,False,False,0.906345009803772,0.6759269833564758,False,False
2025-11-18,0.7334089875221252,89211149,0.076655380077439,-0.09114673866636863,0.010063995166900737,-0.20576287361505727,-0.5360480739442123,-0.5787207746005372,-0.49544196707822535,41.30024474892183,-0.00250835728405549,0.10301904514236342,30.300438987626045,1.1197730344322965,-0.07375447053619259,-0.20278515145934756,-0.26376828257031937,-0.27895570627233857,False,False,False,False,0.906345009803772,0.6759269833564758,False,False
2025-11-19,0.7116580009460449,119703662,-0.03010604989620551,-0.10785624292433431,-0.07655806921590647,-0.25303331655165234,-0.5786123851175697,-0.583411444580712,-0.5367864981027999,39.61431562935742,-0.002307499899921489,0.10440310372188498,31.279625610140094,1.1191481497849711,-0.09400520796532902,-0.2200530872958726,-0.28519890868015,0.34180159477600713,False,False,False,False,0.906345009803772,0.6759269833564758,False,False
2025-11-20,0.6690539717674255,126188252,-0.06173272810208372,-0.15019058950986683,-0.09471025172536404,-0.2974329384333573,-0.6255419914432674,-0.8308436020340177,-0.49197071382722835,36.4736459543601,-0.004313791159657285,0.11230846682039408,32.498136986049346,1.1342057149995726,-0.13706135986059845,-0.2582435176088887,-0.32754804845702734,0.05417202691760581,False,False,False,False,0.906345009803772,0.6759269833564758,False,True
2025-11-21,0.6129310131072998,125700130,-0.08761234235098335,-0.20311332239287713,-0.30781911322774835,-0.3431548227709288,-0.5955227366584511,-0.9153887448147993,-0.5594886941774307,32.78612297821793,-0.008451221820903701,0.1253293627952429,35.21359236499955,1.161317821325754,-0.19531521539835028,-0.3099809823435697,-0.38341940062519514,-0.0038682047834374123,False,False,False,False,0.906345009803772,0.6759269833564758,False,False
2025-11-22,0.6246079802513123,100910441,0.018871831535667977,-0.18855594160775685,-0.25798345970082853,-0.3706968756119461,-0.5759077179634647,-0.8300089564548141,-0.562259049030834,34.275005055176194,-0.009361423504076122,0.11753421433480471,35.99427646538357,1.1479456583493883,-0.16586424590513474,-0.2870743431076272,-0.3711887978079492,-0.19721291457693801,False,True,False,False,0.906345009803772,0.6759269833564758,False,False
2025-11-23,0.6173210144042969,88959864,-0.01173505007619223,-0.1694769777804299,-0.30985979081729115,-0.4046607496282269,-0.5870296976433672,-0.7194117515964975,-0.5569548715706716,33.77224285544665,-0.009390043631832885,0.11325046681025867,39.44468864084999,1.1411595679933282,-0.16877011745599868,-0.2858486582930956,-0.378014991122401,-0.11842755696608243,False,False,False,False,0.906345009803772,0.6759269833564758,False,False
2025-11-24,0.662771999835968,109856605,0.07104186812116908,-0.024617090691188868,-0.2847412363058192,-0.3342379684074925,-0.46548566940698693,-0.6801307407207131,-0.5442367296205782,39.71235523027706,-0.0054775905513553685,0.10492442900544918,40.689481743878844,1.1779614416762165,-0.1037507099608632,-0.22426193188307186,-0.3312162737353142,0.2349007750281633,False,False,False,True,0.906345009803772,0.5901169776916504,False,False
2025-11-25,0.6718969941139221,80870968,0.013674006814162323,-0.0875984639544655,-0.17874520262083413,-0.3666475831602059,-0.4901300887818548,-0.6224476129051967,-0.463105477714148,40.859228885689795,-0.001605801745155351,0.10031774224466897,41.545006685098244,1.163480614731072,-0.08545121558493363,-0.20271970573254744,-0.3207835184667399,-0.2638497430354779,False,False,False,False,0.906345009803772,0.5901169776916504,False,False
2025-11-26,0.6667219996452332,78960920,-0.007731879308050635,-0.06522429336631068,-0.17308053629064488,-0.3444551745205268,-0.49338197056558764,-0.6400904978010107,-0.4458847273005888,40.38995904430331,0.0011286019872446054,0.09792295921784876,42.518245942942805,1.161804581426393,-0.08822614749327098,-0.1989819354195489,-0.3243154713920641,-0.02361846342682583,False,False,False,False,0.906345009803772,0.5901169776916504,False,False
2025-11-27,0.6683260202407837,65785882,0.002402941832018904,-0.0010886234322080631,-0.15127921294207491,-0.3005543469563271,-0.5145053244663923,-0.5947211742723238,-0.41889678449910567,40.617612823423556,0.0034368214203196953,0.09309593329817217,41.56709606308799,1.1576130892044,-0.07556882786906735,-0.1866720871457236,-0.32121905686682833,-0.16685517341996525,False,False,False,False,0.906345009803772,0.5901169776916504,False,False
2025-11-28,0.6637009978294373,46444789,-0.006944365144387667,0.07957935377438753,-0.12353396861848964,-0.3306703619424141,-0.5740030551262074,-0.5994391034850612,-0.36041182324701554,40.141578275574716,0.004951559930572148,0.08994709253437361,41.07683951781404,1.1514954286354147,-0.07268351103973149,-0.18238075248122795,-0.3244929018589486,-0.29400066415465864,False,False,False,False,0.906345009803772,0.5901169776916504,False,False
2025-11-29,0.6503679752349854,29847689,-0.020293425132441225,0.04041409710627833,-0.1481418445014785,-0.25329597172563806,-0.514238175439059,-0.6057060340963695,-0.32657162661199524,38.732299800554145,0.005322545040096112,0.08765615955192883,38.96778086315108,1.1090634248513471,-0.07901147338616586,-0.19513792482867023,-0.33637099926978975,-0.3573511766842131,False,False,True,False,0.6824870109558105,0.5901169776916504,False,False
2025-11-30,0.644681990146637,30470319,-0.008781161772782663,0.04336798540968787,-0.126108992370742,-0.3027487459604419,-0.6145980142651195,-0.5853478815243589,-0.30044154422982855,38.11770218362255,0.005433084935743002,0.08410856225821046,32.850534753617104,1.0948222857164125,-0.0715209640153509,-0.19894287589284468,-0.34077029765164846,0.020860241474641494,False,False,False,False,0.6824870109558105,0.5901169776916504,False,False
2025-12-01,0.5752639770507812,71608518,-0.11392813070932803,-0.14160201342080922,-0.16621910411199803,-0.43106931234255363,-0.8138779539131525,-0.7339961637479787,-0.4691380370095823,31.53804205071563,0.0012949758956360621,0.0974867457636908,33.31800454195598,1.1488634852150803,-0.15765962139347917,-0.27905230100219003,-0.41051807627793463,1.350107263399507,False,True,False,False,0.6824870109558105,0.5901169776916504,False,True
2025-12-02,0.6148650050163269,79552884,0.0665737137028513,-0.08870230653212009,-0.1763007704865856,-0.3613583374093801,-0.6955642522731613,-0.7001558069599441,-0.4386265681777588,38.102089354117155,0.0016652115265576029,0.09398752112419541,31.3231422645026,1.1826757910292232,-0.08779584414766285,-0.22145736278644354,-0.36881759572555867,0.11094163406649482,False,True,False,False,0.6824870109558105,0.5901169776916504,False,False
2025-12-03,0.6558060050010681,67556366,0.06446228145187444,-0.016508145772195174,-0.0817324391385058,-0.12118509347285288,-0.6064492919175987,-0.5695953395660113,-0.327260835311661,44.07225480860846,0.004923500422510489,0.08661231531269521,28.283408348184107,1.054065422559951,-0.018195101541248426,-0.1628734517083406,-0.3259023668184806,-0.15079928466201176,False,False,False,False,0.6824870109558105,0.5901169776916504,False,False
2025-12-04,0.6294220089912415,53151254,-0.04106306889663968,-0.059974156500853686,-0.06106277993306175,-0.1428375627644504,-0.6153077836330002,-0.6299632846659857,-0.40083535090384015,41.30720477119498,0.005513414651811162,0.0881932050186774,26.504852920552935,1.0607242546468596,-0.04904224493537352,-0.19071919711452354,-0.35198078663827415,-0.21323100771879888,False,False,False,False,0.6824870109558105,0.5901169776916504,False,False
2025-12-05,0.5722630023956299,67205611,-0.09520327212402362,-0.1482330634804895,-0.06865370970610203,-0.2945568493750756,-0.7844041154400234,-0.703957635241624,-0.6127802346708319,36.03289467633834,0.0024233635895857947,0.0984524400698761,26.11266390614745,1.0822064516691285,-0.12335080654678708,-0.25806470049708885,-0.40983139208882263,0.26442192690317334,False,False,False,True,0.6824870109558105,0.5544220209121704,False,False
2025-12-06,0.5759360194206238,38830126,0.006397897026891527,-0.12154174132115689,-0.08112764421487843,-0.24457840675555792,-0.7226569395564493,-0.7311468291541796,-0.6646006436247641,36.593166612441514,0.001065401455107265,0.09299879283347078,25.88643361252941,1.0766085814603672,-0.10709635519693375,-0.24760244856278552,-0.4051408179232044,-0.4222189870426146,False,True,False,False,0.6824870109558105,0.5544220209121704,False,False
2025-12-07,0.5718110203742981,71106931,-0.007188024301614256,-0.1199486038499884,-0.07658061844030056,-0.37726295020857326,-0.7409348784630035,-0.7403612254421321,-0.83818094401238,36.20959065237349,0.0003641862899078571,0.09199063384190154,27.4213663993242,0.9627542234699615,-0.10604354643894581,-0.2470332079556712,-0.408394533245941,0.8312310137752321,False,False,True,False,0.6598780155181885,0.5544220209121704,False,False
2025-12-08,0.5979650020599365,94655859,0.044723674424618484,0.038703201283958,-0.10289881213685113,-0.30157545379270284,-0.6645189166226015,-0.6825716171591527,-0.8824970615944564,40.47031665172886,0.002042870018284494,0.08621053922670106,24.675108056430467,0.9805913446214769,-0.05515141348093584,-0.20625942091370797,-0.3801579626523002,0.3311762674724352,False,False,False,False,0.6598780155181885,0.5544220209121704,False,False
2025-12-09,0.636201024055481,102921761,0.06198236170310395,0.03411184928421067,-0.05459045724790957,-0.2797343731298694,-0.27231463342393036,-0.6653484127892138,-0.8563201829765877,46.13474996439294,0.005891620364643642,0.08274277117404495,22.02658657196911,0.997476550098562,0.011294422186956015,-0.14917203906053436,-0.3397604473763586,0.08732583579427455,False,False,False,False,0.6598780155181885,0.5544220209121704,False,False
2025-12-10,0.6204890012741089,98829628,-0.02500671005577875,-0.05535714222344254,-0.07186528799563767,-0.3506643967953453,-0.2636568203812519,-0.7340732611021468,-0.9090726751973335,44.27059366662761,0.007442502193306402,0.0833288003292633,21.342882452405913,0.9785330728768316,-0.009859297352248133,-0.16391577742908903,-0.35521665645962464,-0.03975964810784771,True,False,False,True,0.6598780155181885,0.5622310042381287,False,False
2025-12-11,0.6014519929885864,93728796,-0.031161158827646415,-0.04545523215444935,-0.10542938865530298,-0.2895035287521689,-0.42322314396413385,-0.7730310849284993,-0.918593213860036,42.053385848589215,0.007242668988954086,0.08503443728796924,21.571856583782413,0.9374956155317787,-0.03935763029064799,-0.18379551218107393,-0.3741116072551511,-0.05161237680667985,False,False,False,False,0.6598780155181885,0.5622310042381287,False,False
2025-12-12,0.5898870229721069,88888069,-0.019415687998340446,0.030332351971233833,-0.11790071150925577,-0.29552267111226965,-0.5505979947144706,-0.7866862154450046,-0.8541184421160956,40.71918673897425,0.006416337624294499,0.08684831524843858,22.216139969835172,0.9380333008229854,-0.055209524156927495,-0.1925866687546184,-0.38520273649227915,-0.05164610244219925,False,False,False,False,0.6598780155181885,0.5622310042381287,False,False
2025-12-13,0.6001880168914795,45863809,0.0173119355385571,0.041246390482899416,-0.08029535083825735,-0.2588123540571613,-0.48411286765566874,-0.7188629759109714,-0.8346046241810825,42.46997468040751,0.006621457609793963,0.08099771318032466,22.485871003979266,0.9420615745332936,-0.03739022447881497,-0.17111140822020074,-0.37345318169558783,-0.48402738954763436,False,False,True,False,0.6590160131454468,0.5622310042381287,False,False
2025-12-14,0.5828530192375183,76697633,-0.029307924134213462,0.01912649065030018,-0.10082211319968812,-0.2534306687234017,-0.44742747253125525,-0.7036731089994177,-0.8820799754483067,40.31229837043511,0.005683562529684605,0.08048551233685569,22.534299369482543,0.9403731686982798,-0.05916318858598655,-0.18735383969867633,-0.3904400389697943,0.6722909560346373,False,False,False,False,0.6590160131454468,0.5622310042381287,False,False
2025-12-15,0.5476809740066528,97075748,-0.062242090277084244,-0.0878392740514024,-0.04913607276744431,-0.3199872097510336,-0.49050713137523677,-0.7865265975384409,-0.9135280544214559,36.284364503204245,0.0029271410657965014,0.08829265561806998,23.517255680188804,0.9575049472222718,-0.10698477179984917,-0.2273044370593537,-0.4261623417704857,0.2656941838087754,False,False,False,False,0.6590160131454468,0.5622310042381287,False,True
2025-12-16,0.5550100207328796,87353980,0.013293215754804112,-0.13652841999970206,-0.10241657071549154,-0.2758799800927102,-0.44733343425945965,-0.8573310403914872,-0.8408024826919218,37.681681837713924,0.0018810475149865433,0.0842570008900853,23.6961932069447,0.9581834679020573,-0.08671671310711086,-0.20834436694712904,-0.41769345258536733,-0.10014620747501224,False,True,False,False,0.6590160131454468,0.5622310042381287,False,False
2025-12-17,0.5122510194778442,60683446,-0.08017139164507815,-0.1916931015890016,-0.2470502438124441,-0.2822333527697164,-0.535022728191489,-0.9603294222598117,-0.91103687597472,33.11834618090657,-0.0012389971770773653,0.09298820567667844,25.884620464096663,0.9638161918874459,-0.14611275304096163,-0.2611058931529986,-0.461652500468383,-0.30531561355304015,False,False,False,False,0.6590160131454468,0.5622310042381287,False,False
2025-12-18,0.5055800080299377,57899470,-0.013108476342067495,-0.17364041910342265,-0.2190956512578719,-0.37199720918922297,-0.5777600828042803,-0.9080452831334352,-0.9507179837897602,32.45792393902504,-0.0031895212404249654,0.09546644227213161,27.743160838942703,0.9124194166593346,-0.14597784837867187,-0.2618220779511673,-0.46768590426736245,-0.045877025507088054,False,False,False,False,0.6590160131454468,0.5622310042381287,False,False
2025-12-19,0.5541920065879822,48470342,0.09180490801944198,-0.062419823085640126,-0.03208747111440635,-0.25008625127357553,-0.5031195678252279,-0.8286986363911453,-0.8334976958542876,41.5974073796242,-0.0007694606251149802,0.0883345230638725,26.939278236318604,0.9792839883855398,-0.05619630014658106,-0.184087327267891,-0.41552313907605964,-0.16285344235448096,False,False,False,False,0.6590160131454468,0.5622310042381287,False,False
2025-12-20,0.5418210029602051,30410521,-0.022575514937075214,-0.10230727356127248,-0.06106088307837297,-0.21092903810856686,-0.5083619765419242,-0.8364710295518343,-1.0417726401425846,40.109946776813025,0.0003730952423907641,0.08626487357435729,26.39445366188796,0.9617796839029559,-0.06911102430902102,-0.1944541433714079,-0.4276547318623422,-0.3725952872377092,False,False,False,False,0.6590160131454468,0.5622310042381287,False,False
2025-12-21,0.5348039865493774,28532930,-0.013035394572401543,-0.08603474399946062,-0.06690825334916031,-0.1363520903299851,-0.4795069131009139,-0.7318748269884364,-1.0517408351447843,39.25255487142648,0.0009958698135621863,0.08361469151701005,27.41473328595919,0.9172861172277172,-0.07796208859669732,-0.19651333581762112,-0.43401062543614155,-0.061741494004657116,False,False,False,True,0.6590160131454468,0.4923250079154968,False,False
2025-12-22,0.5465720295906067,39396491,0.021765801080361528,-0.0020268526420148866,-0.0898661266934173,-0.13345812078529165,-0.5041549963972378,-0.7093658387487565,-0.9634670772401056,41.51064145842154,0.002456757486078709,0.07870588837840335,27.433580490895753,0.9182709820611367,-0.05209278504586143,-0.17045972044252927,-0.4208949287589842,0.38073765995991304,False,False,False,False,0.6590160131454468,0.4923250079154968,False,False
2025-12-23,0.5359010100364685,33818394,-0.019716639314119995,-0.035036707710939134,-0.1715651277106412,-0.14143971002321937,-0.5461004596514464,-0.7284694076665866,-0.8608514616197169,40.056612216442474,0.0029287680674173547,0.07857576831937559,25.247707405104315,0.9194893397697086,-0.06083438517654755,-0.18157757173071587,-0.43148629338192646,-0.14158867600670322,False,False,False,False,0.6590160131454468,0.4923250079154968,False,False
2025-12-24,0.5385990142822266,28164506,0.00502188898065414,0.05015657291479334,-0.14153652867420824,-0.20745968916373425,-0.5416976575712268,-0.672945358570721,-0.8875904298844474,40.6229218059902,0.0036027306826817845,0.07559889608420893,24.01386635554667,0.8789723056681921,-0.04853403121184314,-0.17272026916363903,-0.4277359398916812,-0.16718381127146364,False,False,False,False,0.6590160131454468,0.4923250079154968,False,False
2025-12-25,0.5419620275497437,37361155,0.006224588886305854,0.06948963814316678,-0.10415078096025582,-0.21490910709159064,-0.5815566902517965,-0.7050391958734455,-0.8373567199967872,41.366504126926024,0.004402170656590244,0.07337815081924486,24.336028989888092,0.8771582419374637,-0.04002377607205459,-0.1617266812162477,-0.4233360039449221,0.3265332969092374,False,False,False,False,0.6590160131454468,0.4923250079154968,False,False
2025-12-26,0.5614920258522034,35808492,0.03540163345376005,0.0130863635774849,-0.04933345950815523,-0.17177559432977987,-0.5162307688503067,-0.6651575648953676,-0.8118660921307906,45.62510530223844,0.006260055222063549,0.06981211553477198,24.299723647164775,0.8896210882221093,-0.004156416487774154,-0.1268181566195009,-0.4015422677893962,-0.04155821735168519,True,False,False,False,0.6590160131454468,0.4923250079154968,False,False
2025-12-27,0.5764359831809998,23444570,0.026266717057030153,0.061928595571590216,-0.04037867798968223,-0.14791181910476864,-0.4484661660610958,-0.6624171435711609,-0.7426329933770927,48.69570365819551,0.008377020619878134,0.06503724408968613,24.338413402493092,0.8962351198184149,0.021928561579421465,-0.09634343566684553,-0.38428606553139083,-0.34527904721595093,False,False,False,True,0.6590160131454468,0.5179669857025146,False,False
2025-12-28,0.5895940065383911,28263824,0.022569885897416212,0.09753387604140794,0.011499132041947415,-0.11839756806296463,-0.44906793000537876,-0.6924006231891718,-0.7178366715480259,51.30326278699022,0.010412330981624262,0.0608821509896812,24.096138818493788,0.9012987264570813,0.046031805217024116,-0.06933026117372841,-0.36898459124465804,0.20555949629274495,True,False,False,False,0.6590160131454468,0.5179669857025146,False,False
2025-12-29,0.5823649764060974,43452061,-0.012336817113383816,0.0634312578476627,0.06140440520564787,-0.1104409600439073,-0.3637369317695454,-0.6246791354829664,-0.7161469941402768,49.80553761992334,0.010964981281987252,0.061927018898011256,21.391723516731208,0.8999086492446672,0.0381643153793094,-0.07315731659774703,-0.37578104410874663,0.537373746737172,True,False,False,False,0.6590160131454468,0.5179669857025146,False,False
2025-12-30,0.5885940194129944,32660005,0.010639316640635775,0.09378721380241847,0.05875050609147938,-0.09102048163048881,-0.39376922759093064,-0.7056184958956082,-0.6763683631548477,51.12945327188139,0.01139322951471873,0.05852477257659642,19.693415451259956,0.9010722544939326,0.05226012224669023,-0.05443998220637172,-0.3682899111919147,-0.24836695318088597,False,False,False,False,0.6590160131454468,0.5179669857025146,False,False
2025-12-31,0.5761920213699341,37977522,-0.021295699475247357,0.06746962534651693,0.11762619826131039,0.0016119496035920092,-0.4294573627389617,-0.8122660043095606,-0.7323842141443868,48.39267775432593,0.010506098472544127,0.059016206602582014,18.72275977797094,0.8110176664387102,0.03241955495679506,-0.06755660972553132,-0.3808266503507035,0.16281433514783594,False,False,False,False,0.6590160131454468,0.5179669857025146,False,False
2026-01-01,0.6063939929008484,33500641,0.05108895253872024,0.1123339889989312,0.181823627142098,-0.01387281156053926,-0.37523114896991927,-0.7094370638337005,-0.7140286185204833,54.74538985519585,0.011535958343120795,0.055934014755519255,19.570671724067648,0.7967045921644722,0.08493092064102592,-0.01272778243347964,-0.34763937419183405,-0.11788238842966114,False,False,True,False,0.6161590218544006,0.5179669857025146,False,False
2026-01-02,0.6223689913749695,40740426,0.026003222454483117,0.10293557799965429,0.11602194157713926,-0.05233187055793044,-0.17351696403078332,-0.6587811624755291,-0.6219272101239417,57.71069002444081,0.012779139057116296,0.05347019724037824,20.978795162996366,0.7680363448588682,0.1113074991705865,0.01842489741594067,-0.3297238789814441,0.21610884997693036,True,False,False,False,0.6161590218544006,0.5179669857025146,True,False
2026-01-03,0.6159120202064514,31086743,-0.010429021574455409,0.06623983936816888,0.1281684349397591,-0.021697823235746084,-0.16453538600019646,-0.6370056068687462,-0.6516611079017319,56.110316858185605,0.01263017341548153,0.05266737266535545,22.40780726137855,0.7556306304424614,0.09654140901768175,0.012333521862646817,-0.3361065457630461,-0.23695586786451373,False,False,False,True,0.6161590218544006,0.5654249787330627,False,False
2026-01-04,0.6316149830818176,43246807,0.025175875529269226,0.06884582900002179,0.16637970504142968,0.09868132441754654,-0.195875524957529,-0.6857227910224767,-0.6052763108240774,59.08209142501574,0.01300185493458199,0.050943569578094386,24.559232929543086,0.6789624392046248,0.11615873593434589,0.04234434968233507,-0.3186377375550801,0.3911655846352253,False,False,False,False,0.6161590218544006,0.5654249787330627,True,False
2026-01-05,0.6609600186347961,50525023,0.045413347319739526,0.12659599343314507,0.1900272512808078,0.13769677471039468,-0.1068816320451632,-0.5849601648460547,-0.593450054443785,63.9891824766683,0.014521355198529075,0.04976423540315172,28.231590223322296,0.6946676016080013,0.15718288631600402,0.09331137519489179,-0.28653050066219327,0.16829487550375677,True,False,False,False,0.6161590218544006,0.5654249787330627,False,False
2026-01-06,0.6606429815292358,45685225,-0.0004797766221814201,0.1154769001703279,0.2092641139727464,0.1444050223898275,-0.2328579278187457,-0.5965298560731761,-0.5959562030523047,63.90002211222745,0.014754570013187102,0.05126209554870417,29.30316553321852,0.6936293909698054,0.14179596740894265,0.09346150164520725,-0.2866043702323101,-0.09579011967990592,False,False,False,False,0.6161590218544006,0.5654249787330627,False,False
2026-01-07,0.6379719972610474,40439048,-0.03491918427863561,0.10185341536693958,0.16932304071345658,0.06476216368657346,-0.23681329010612942,-0.5997567529360281,-0.6178094534725792,57.707822792083476,0.012709135187142154,0.05292533024033144,27.86902574681952,0.69157984337628,0.09014147097499006,0.05928422048570144,-0.31093999286591956,-0.11483312164928594,False,False,False,False,0.6161590218544006,0.5654249787330627,False,False
2026-01-08,0.628902018070221,37117766,-0.01431892050797176,0.03644554232024759,0.14877953131917895,-0.011539118524502156,-0.29127349165437144,-0.2838537519484326,-0.6768875313137159,55.39503718679985,0.010181729664310198,0.05320309529293631,27.968386814266704,0.6589485111731797,0.0678270254263614,0.047102083374914804,-0.3206446203212008,-0.08213056845452937,False,False,False,False,0.6161590218544006,0.5654249787330627,False,False
2026-01-09,0.6372119784355164,38991558,0.013126905975153789,0.02356922584091822,0.1265048038405725,0.026594497506430375,-0.32406989928891494,-0.2370623228748215,-0.7074787635957166,57.091789439221145,0.00857066593820948,0.05152758871685906,27.601074847775404,0.654423772162331,0.07324520719803047,0.06206403204847436,-0.31139266095728585,0.05048234853358369,False,False,True,False,0.6794040203094482,0.5654249787330627,False,False
2026-01-10,0.6306890249252319,22322225,-0.010289464308841173,0.023708783106532412,0.08994862247470128,0.04746619202523568,-0.2420373367269332,-0.3757569519388982,-0.7255648929032635,55.31312722215593,0.006652265927999273,0.05061606212194923,26.313157093584355,0.6455486575419526,0.05374980912297838,0.050570098075486423,-0.31810625241122137,-0.4275113346329993,False,False,False,False,0.6794040203094482,0.5654249787330627,False,False
2026-01-11,0.6291800141334534,27839972,-0.0023955053527161194,-0.0038625977754527933,0.06498323122456891,0.0644863746708599,-0.23103629644140955,-0.4861116200436106,-0.7221998407741447,54.887114109498825,0.004946615438689234,0.049505695303451974,25.232449178261867,0.6412965547997861,0.0440237219994326,0.04789685089032613,-0.3194865586717333,0.24718624599474293,False,False,False,True,0.6794040203094482,0.6121019721031189,False,False
2026-01-12,0.6074420213699341,36304772,-0.035160674160774265,-0.08443661925596672,0.042159374177178466,0.012013764971528517,-0.24679858908563274,-0.4720991026841401,-0.7068492109394428,49.02897903330081,0.0021614845365112555,0.05285453891504023,22.95933195470501,0.6517156098402561,0.0020055476527482434,0.012025334669805949,-0.342703678046702,0.30405202993738634,False,False,False,False,0.6794040203094482,0.6121019721031189,False,True
2026-01-13,0.6639289855957031,52889096,0.08891846176685876,0.004961619133073456,0.12043851930340153,0.1302401508726009,-0.12319051785080097,-0.3171873216586545,-0.5734329581268168,60.75159370833447,0.0038329649354726814,0.051665900247962686,21.75148421169404,0.7116032008589013,0.08397860225180365,0.10609247921281899,-0.2814498093932356,0.45680837769756555,False,False,False,False,0.6794040203094482,0.6121019721031189,False,False
2026-01-14,0.6490039825439453,53562142,-0.02273634123626611,0.01714446217544304,0.11899787754238272,0.16974589991341898,-0.15024130983761466,-0.32076123146181773,-0.616780697625022,57.020121814631544,0.0036440601718838016,0.05310504062486451,19.407317472005396,0.6776086301603819,0.05043205072660837,0.08205309609563398,-0.29733048931825,0.012725609830805285,False,False,False,False,0.6794040203094482,0.6121019721031189,False,False
2026-01-15,0.617713987827301,38545276,-0.049413305653666126,-0.01794992297025126,0.018495619349996377,0.1070393785049487,-0.16884060158776162,-0.340294055754511,-0.7502916618865385,50.075851936872,0.0012463236432180922,0.056457241053632264,17.435807407672055,0.7035214409825932,-0.00474000555139502,0.031570560013941235,-0.3306572009478643,-0.2803634328141694,False,False,False,True,0.6794040203094482,0.6053979992866516,False,False
2026-01-16,0.6077190041542053,33694648,-0.016312936547634837,-0.04738976549303976,-0.02382053965212154,0.170897833602392,-0.11133551916732433,-0.36412489458909686,-0.7894315886574196,48.062293564220596,-0.0010540153006287356,0.056317681395624646,16.26415733273725,0.6402720103595372,-0.02330533563546852,0.016937665477623456,-0.34100932909289766,-0.12584234706219255,False,True,False,False,0.6794040203094482,0.6053979992866516,False,False
2026-01-17,0.6075459718704224,25757723,-0.00028476470295106467,-0.0373850658871497,-0.01367628278061724,0.1837215452415086,-0.18827566394771436,-0.3940385375627717,-0.7243237378919267,48.026290070054124,-0.0025435034507774075,0.05424777459853437,15.68227849212612,0.6370860838900932,-0.024989948039345906,0.018562364844449855,-0.3408757193350958,-0.23555447144009345,False,False,True,False,0.6751999855041504,0.6053979992866516,False,False
2026-01-18,0.5801910161972046,32377214,-0.046070458620795764,-0.08106001915522926,-0.08492261693068218,0.0458461786012708,-0.20424007267230468,-0.457273389223957,-0.7828524577898743,42.59400895280864,-0.005175574292055387,0.0569683361293945,15.803932847139363,0.582918166201269,-0.06872764065650942,-0.025004515093139994,-0.369924434996755,0.25699053445058007,False,False,False,False,0.6751999855041504,0.6053979992866516,False,True
2026-01-19,0.5573869943618774,57746654,-0.040097605500035965,-0.08599695049449095,-0.17043356975045762,0.02832408803830993,-0.18260495007025687,-0.4800378885036142,-0.8081469415135243,38.667476894615014,-0.008083590179391902,0.060561765303840775,17.739216880483227,0.595113897540993,-0.1030843192827316,-0.06056983390184254,-0.3939850529854663,0.7835584618244176,False,True,False,False,0.6751999855041504,0.6053979992866516,False,False
2026-01-20,0.5202360153198242,46733743,-0.06897719787138852,-0.24389261013273839,-0.23893099099966486,-0.02761771526067692,-0.16396980559066213,-0.5071246283615908,-0.7594925422491133,33.284247668499546,-0.011909285232235719,0.06558924092810085,22.035736266422788,0.6418113389762223,-0.1590797016208733,-0.12155533966393281,-0.4337497183528131,-0.19071080724434697,False,True,False,False,0.6751999855041504,0.6053979992866516,False,False
2026-01-21,0.5274609923362732,41898821,0.01379233021810057,-0.20736393867837172,-0.1902194765029286,-0.03559118612293786,-0.1690493069082295,-0.5397461825201757,-0.7449570248716944,35.174390134996074,-0.01325050103591425,0.06431017805567771,25.65362645456598,0.6388598327209367,-0.14192706789219925,-0.10671888586949478,-0.4252672805782257,-0.10345676784331181,False,False,False,False,0.6751999855041504,0.6053979992866516,False,False
2026-01-22,0.5223240256309509,28148538,-0.009786780377601532,-0.16773741340230724,-0.1856873363725584,-0.025661327186419437,-0.16710103720963884,-0.5717617868378658,-0.754130734853006,34.42755069818483,-0.013722894426301974,0.06368849408383263,28.992692452191104,0.6361680177358104,-0.14331245450174235,-0.11140108840405735,-0.4301773087579707,-0.3281782797659152,False,False,False,False,0.6751999855041504,0.6053979992866516,False,False
2026-01-23,0.5240010023117065,28507265,0.0032054630671753243,-0.14821901378749697,-0.19560877928053672,-0.027477753099898163,-0.23493744226363247,-0.5691754106711251,-0.7004231116706193,34.91339514195356,-0.01315983591727003,0.06197635359603519,31.68268561055382,0.6359883319856573,-0.13403486571136156,-0.1053390609904791,-0.42770904889586825,0.012744072178810795,False,False,False,False,0.6751999855041504,0.6053979992866516,False,False
2026-01-24,0.5196470022201538,20791479,-0.00834385795414067,-0.15627810703868655,-0.19366317292583632,-0.042046199940344774,-0.25695530703193536,-0.6236028901921414,-0.7470853958137903,34.20478271550745,-0.012332181595302881,0.05972594699806847,33.99405254408256,0.6359597604429517,-0.13321082611995794,-0.11117598306307833,-0.4318253317295729,-0.27066033868910255,False,False,False,True,0.6751999855041504,0.5104519724845886,False,False
2026-01-25,0.4950459897518158,37610911,-0.04849907233119085,-0.15870672074908176,-0.239766739904311,-0.12594690572529574,-0.29772250005507567,-0.6421776745756026,-0.7911044706206634,30.44485249409952,-0.01264608024382638,0.06302449575487612,36.332859470745646,0.6421544147404107,-0.16265945181775213,-0.15090491989219976,-0.45783059633602907,0.8089579389710564,False,False,False,False,0.6751999855041504,0.5104519724845886,False,True
2026-01-26,0.5158740282058716,37335565,0.04121193745019422,-0.0773971777988515,-0.1633941282933425,-0.11100168533213176,-0.25891350443690037,-0.5594678513932275,-0.7734188289032925,36.78093853919902,-0.0107310282186132,0.06047480220462058,36.72171793892352,0.6531010404360172,-0.11661443392497467,-0.11347990195616849,-0.43399479954891634,-0.0073209074887869985,False,False,False,False,0.6751999855041504,0.5104519724845886,False,False
2026-01-27,0.5250880122184753,28759866,0.0177032865694499,0.009283306641986993,-0.23460930349075146,-0.11586828466009809,-0.23426585272306277,-0.5649362146654767,-0.8082689078492701,39.41043964956946,-0.0082360269226179,0.057925382287405625,37.05254610931505,0.6508540139184147,-0.09206098191224331,-0.09537998669161894,-0.4229041807781193,-0.22969249293535532,False,False,False,False,0.6751999855041504,0.5104519724845886,False,False
2026-01-28,0.523402988910675,31395715,-0.0032141902155624707,-0.007723213791676075,-0.21508715247004787,-0.10674565776227668,-0.217186617806184,-0.470482589531822,-0.731424793245243,39.09022834249765,-0.006185094363697335,0.055630175560374445,37.36195850325583,0.6501364506572781,-0.08664385297168445,-0.09476468634687477,-0.423853890126782,0.09165025316877351,False,False,False,True,0.6751999855041504,0.487419992685318,False,False
2026-01-29,0.4792810082435608,46682166,-0.08806461921019358,-0.08600105262426817,-0.2537384660265753,-0.20544959361310602,-0.29647007524359487,-0.5992188212040367,-0.9110680895087143,31.803479624243337,-0.007214139156908522,0.06493804700659056,39.00144138598798,0.7112913603042595,-0.15195233801878372,-0.16700577345315645,-0.47137573796085314,0.48689609394148214,False,False,False,False,0.6751999855041504,0.487419992685318,False,True
2026-01-30,0.4696579873561859,42107546,-0.02028233810078272,-0.10948885379222623,-0.25770786757972325,-0.20443623223864144,-0.20282428263504948,-0.633893594977603,-1.016702236548202,30.469432817181783,-0.007901624357191415,0.06472893249176531,40.698546085899785,0.7110410386087407,-0.15696919006237806,-0.1799739733134673,-0.48087273132382646,-0.09799502448108344,False,True,True,False,0.528535008430481,0.487419992685318,False,False
2026-01-31,0.422342985868454,68949533,-0.106186996690884,-0.2073319925289695,-0.36361009956765605,-0.36171218146824563,-0.37558499302878473,-0.736943330438165,-1.0711492453019462,24.931820651970725,-0.010726392257852858,0.07855666728693789,44.82600735408243,0.7597959292752591,-0.227559888595891,-0.2582465386981151,-0.5319212492844206,0.6374626296198787,False,False,False,False,0.528535008430481,0.487419992685318,False,False
2026-02-01,0.40850400924682617,38734499,-0.03331601783509371,-0.19214893803287228,-0.350855658781954,-0.4210314217578224,-0.4733632923157529,-0.5945483857886057,-1.0798125842333515,23.58184555330702,-0.012581879229466103,0.07994748136093167,49.578863368061164,0.7505129103344109,-0.2390267058566426,-0.2776883449567369,-0.5459543258089261,-0.4382195598047053,False,True,False,False,0.528535008430481,0.487419992685318,False,False
2026-02-02,0.4224970042705536,49668357,0.03368062747858503,-0.19968024800448148,-0.2770774258033331,-0.376921772704782,-0.39861959594052826,-0.5414571587049785,-1.0139273795735284,27.83665215109106,-0.011927723942082587,0.077357821378742,48.970073447907524,0.7687294949729198,-0.1948545717635947,-0.2486855607575817,-0.5287808214960676,0.2822769955021234,False,False,False,False,0.528535008430481,0.487419992685318,False,False
2026-02-03,0.40880000591278076,46801650,-0.032956302934950076,-0.2503398375088815,-0.24105653086689466,-0.43505395116900125,-0.3363726267514547,-0.6309294761265302,-1.120776742191478,26.29342502625775,-0.011474790400854487,0.08056241573773193,48.61262164203316,0.7594962730433183,-0.20270859735119262,-0.26943401477619894,-0.5424107600242408,-0.057716968572163574,False,False,False,False,0.528535008430481,0.487419992685318,False,False
2026-02-04,0.40342700481414795,48862390,-0.013230487054014176,-0.26035613434733323,-0.26807934813900924,-0.493697785542755,-0.35600101083236035,-0.6005794175879182,-1.0786579503888096,25.691721901204133,-0.010614350849333896,0.08092345512329628,49.21093070759389,0.7281688089319993,-0.19639520957472406,-0.2751087270721814,-0.5466324276202957,0.044031353595439526,False,False,False,False,0.528535008430481,0.487419992685318,False,False
2026-02-05,0.3223319947719574,101737087,-0.22441351224668835,-0.3967050273838279,-0.482706080008096,-0.7176315211672619,-0.5732264987774344,-0.9504894489860075,-1.314161377240438,18.726281988142503,-0.014351809546075123,0.1127956805813831,56.023500278503455,1.024833056014969,-0.33914818350172665,-0.4168428998210083,-0.6359821530925902,1.0821144237930236,False,False,False,False,0.528535008430481,0.487419992685318,False,False
2026-02-06,0.36267998814582825,101627329,0.11793881604037947,-0.2584838732426656,-0.3679727270348919,-0.5647735208482467,-0.5000113571616731,-0.801586810954376,-1.1645302737842749,29.035152901149615,-0.012992298585952834,0.1078474409415708,56.93855992432053,1.1367696343899498,-0.23728050151188299,-0.34043568364798976,-0.5884617844928304,-0.001078839617257743,False,True,False,False,0.528535008430481,0.487419992685318,False,False
2026-02-07,0.36344000697135925,56823501,0.0020933705398226274,-0.15020350601195911,-0.3575354985409287,-0.5483612298004523,-0.5599003483249545,-0.8396347214548239,-0.832214981748885,29.217280311126174,-0.01100617357503382,0.1039846223997116,58.02825917575222,1.1390278342140032,-0.21785596008011052,-0.3344358584024439,-0.5855918250964383,-0.44086397272135336,False,False,False,False,0.528535008430481,0.487419992685318,False,False
2026-02-08,0.3528740108013153,35646660,-0.029503157318236446,-0.1463906454951018,-0.3385395835279742,-0.5909912930938425,-0.5643967955874122,-0.9150611923827574,-0.828053615968664,28.136175291759827,-0.009429129493079065,0.10239838954705868,59.92229633605477,1.1339284579247546,-0.22350694330682255,-0.34928207771666137,-0.5959316635958009,-0.3726775124257128,False,False,False,False,0.528535008430481,0.487419992685318,False,False
2026-02-09,0.35366499423980713,36944260,0.002239037797773792,-0.17783223517591315,-0.3775124831803947,-0.5784627909872275,-0.530996598961992,-0.8205001277141608,-0.9542197429261258,28.34991559817459,-0.0074448938688292735,0.09924615981167974,62.486165758628886,1.1360771111943728,-0.20723757584818597,-0.3434372345026777,-0.5933523383240801,0.03640172739886438,False,False,False,True,0.528535008430481,0.29178300499916077,False,False
2026-02-10,0.33940398693084717,33894804,-0.04115902138395796,-0.18603495362492087,-0.4363747911338024,-0.6172263070184693,-0.5527399323476093,-0.8482626034598789,-1.1033379270620798,26.80212291162951,-0.0062530698509302846,0.10014500360432149,64.81062275708416,1.1368709305271136,-0.22282391993499906,-0.3650279588556204,-0.6080449981551025,-0.08254207825518767,False,False,False,False,0.528535008430481,0.29178300499916077,False,False
2026-02-11,0.32891300320625305,39456579,-0.03139781187470412,-0.20420227844561087,-0.464558412792944,-0.6134634447323991,-0.6014496797608705,-0.8602620338180318,-1.0855625474165393,25.69092490452239,-0.005365545351994308,0.10027423104784484,67.0749346711055,1.1363389228123038,-0.22979103281370875,-0.37985200546272907,-0.6185114937904813,0.16408930997211257,False,False,False,False,0.528535008430481,0.29178300499916077,False,False
2026-02-12,0.3375470042228699,34119876,0.02591148453301899,0.046122718334096514,-0.3505823090497314,-0.6764704219662389,-0.5462302710936382,-0.7996609398170399,-0.9936577436248935,28.324662899781302,-0.003482534387153853,0.09436198160897778,67.517687385946,1.0798637751742035,-0.19193221706896768,-0.35871115093950173,-0.6066620342513751,-0.13525508635708128,False,False,False,False,0.528535008430481,0.29178300499916077,False,False
2026-02-13,0.3505280017852783,31431720,0.037735821867730085,-0.034080275838553165,-0.29256414908121875,-0.6159982588622428,-0.44625235894882387,-0.7662395686998575,-0.9367594903240606,32.21464196308574,-0.0007889297730787614,0.08923861456326326,66.33329438572319,1.1001421219006011,-0.14351867418619477,-0.3291696291837668,-0.5898216750844208,-0.07878563216349321,False,False,False,False,0.528535008430481,0.29178300499916077,False,False
2026-02-14,0.3609989881515503,34447103,0.029434561170291997,-0.006739085208083756,-0.15694259122004292,-0.5371503920382849,-0.43011101353333614,-0.7059909936260464,-0.8774444477927958,35.26654355410962,0.002113151111530917,0.0835503400655526,65.23224836875168,1.1084366729146171,-0.10324813253008396,-0.3037878565664799,-0.5758805843190207,0.09593439366347112,True,False,False,True,0.528535008430481,0.3214789927005768,False,False
2026-02-15,0.3389959931373596,37250065,-0.06288686776786877,-0.040122795657716086,-0.18651344115281798,-0.5837243232585189,-0.4128264896561268,-0.6950598424258431,-0.9478492178476157,32.00562580736572,0.0029165390828335275,0.08837538884889236,62.55995087377957,1.1194447001188415,-0.13898989613644916,-0.3401792924024738,-0.6001404857082228,0.08137003567469803,False,False,False,False,0.528535008430481,0.3214789927005768,False,False
2026-02-16,0.34577301144599915,36536763,0.01979423583172917,-0.022567597623760774,-0.20039983279967383,-0.5636453227238387,-0.3799237774823301,-0.751920986671553,-0.9576838602866102,34.02897898127004,0.004192417901901377,0.08330046828771691,56.59494329535537,1.1259450354409972,-0.10131218553849126,-0.32053946147848095,-0.5906840100841225,-0.01914901356547971,False,True,False,False,0.528535008430481,0.3214789927005768,False,False
2026-02-17,0.3404259979724884,34546045,-0.015584754933413046,0.003006668826784085,-0.18302828479813668,-0.5331596190364558,-0.48731344043518504,-0.7373996917087605,-0.990433008260413,33.18978858917238,0.004914278401869018,0.08068770535968386,47.82587820854445,1.1216609417770524,-0.09365799799933198,-0.32462483923553254,-0.5956707978294652,-0.05448534124383164,False,False,True,False,0.3649109899997711,0.3214789927005768,False,False
2026-02-18,0.329367995262146,32437969,-0.033022116241914166,0.0013823644595741397,-0.20281991398603674,-0.5260841297783341,-0.4977600417400241,-0.708689079848591,-1.0061220182819481,31.46178349095922,0.0048753872066001624,0.08148604115241266,42.505132977981994,1.120158922012063,-0.10524256448615575,-0.33977208044313806,-0.6075431108846926,-0.06102220963354854,False,False,False,False,0.3649109899997711,0.3214789927005768,False,False
2026-02-19,0.32245001196861267,32066554,-0.021227529739075504,-0.04575664981252035,0.00036606852157603425,-0.47833446164602095,-0.5059521769066978,-0.6423042672366831,-0.9854590900076118,30.395583870019337,0.004614804701394512,0.08098699424990413,36.17717880707736,1.1048373399068918,-0.10616346076293666,-0.34699659657136384,-0.6144143605008118,-0.011450007859616584,False,True,False,False,0.3649109899997711,0.3214789927005768,False,False
2026-02-20,0.33029401302337646,37822133,0.024035083783014524,-0.05945738789723583,-0.09353766373578894,-0.46809170808110706,-0.5036828942040448,-0.6371410149893366,-1.0078378906012826,33.16141249470357,0.0051604878245377,0.07677409918206281,33.69454015859616,1.108877444669497,-0.0725877844577049,-0.3235468491464602,-0.6035575518189934,0.1794885412383258,False,False,False,False,0.3649109899997711,0.3214789927005768,False,False
2026-02-21,0.3275899887084961,30187341,-0.008220414343043879,-0.09711236341057168,-0.10385144861865545,-0.46652534204654944,-0.4921866692329688,-0.6336263792561881,-1.038287128884415,32.67933231151399,0.005498004879963589,0.07394201881298978,31.877240052295893,1.1089943054215594,-0.06961133518024992,-0.3208849115564487,-0.6054246619581236,-0.20186042918309233,False,False,False,False,0.3649109899997711,0.3214789927005768,False,False
2026-02-22,0.30764898657798767,31431276,-0.06280331290748971,-0.09702880855019264,-0.1371516042079087,-0.5325341180212145,-0.5600118711211126,-0.767471560284847,-1.1017095286923393,29.296900812722924,0.004574799554501567,0.07829972772651163,28.415452333963977,1.1188006879631427,-0.11175948247529932,-0.3539669534887199,-0.6280271231065168,0.041207173563249544,False,False,False,False,0.3649109899997711,0.3214789927005768,False,True
2026-02-23,0.29853901267051697,38413579,-0.030058859100257743,-0.14688190348217947,-0.16944950110594031,-0.5542491191673314,-0.5962953191076764,-0.8112044261992669,-1.1778520093594729,27.87731511212685,0.0035905778380013326,0.0799471492439189,26.093628000494423,1.119066516047477,-0.12412012597559317,-0.3642031426009002,-0.6373810245078668,0.2221450697706322,False,True,False,False,0.3649109899997711,0.3214789927005768,False,False
2026-02-24,0.29986000061035156,29541444,0.004415081095871503,-0.1268820674528951,-0.12387539862611087,-0.5013349657402694,-0.627281871465565,-0.7990574657953449,-1.143512640315872,28.418947242844652,0.0032772027216846286,0.07617208471296133,22.47553339496282,1.1164156924458468,-0.10667244116063772,-0.3514141680125648,-0.6339544699417553,-0.2309635090237231,False,True,False,False,0.3649109899997711,0.3214789927005768,False,False
2026-02-25,0.327006995677948,49389896,0.08666586307674756,-0.007194088134233272,-0.005811723674659217,-0.4558810401137157,-0.5668827254458475,-0.7147945445506161,-1.0153488915069433,38.620443504799866,0.005041414932049279,0.07442774389287674,22.29526697698564,1.1566312293958325,-0.026475442873669562,-0.28233834924327217,-0.5983761843637327,0.671884962698506,False,False,False,False,0.3649109899997711,0.3214789927005768,False,False
2026-02-26,0.31255799531936646,48932912,-0.04519152719930092,-0.031158085594458675,-0.07691473540697898,-0.5187758538824666,-0.6346441385425646,-0.7530417066055293,-1.0837120685479433,35.70381486210266,0.005349286053260446,0.077470675497186,21.980392353310382,1.1549188325694968,-0.06249663946844435,-0.30410903206839074,-0.6134333393542926,-0.009252580730277349,True,False,False,True,0.3649109899997711,0.2916780114173889,False,False
2026-02-27,0.3007810115814209,49531283,-0.038407573288081615,-0.09360074266555471,-0.15305813056279058,-0.5539692369549857,-0.6607148947172624,-0.7711558547611697,-1.0244518264868077,33.484165777969935,0.004886541434345158,0.08047811405992493,22.130215157100224,1.1560427309325838,-0.0892628378931669,-0.3204002447355741,-0.6252244475617234,0.012228395481552301,False,False,False,False,0.3649109899997711,0.2916780114173889,False,False
2026-02-28,0.3060939908027649,52835984,0.017509750583145807,-0.06787057773936496,-0.16498294114993672,-0.4483948671616462,-0.6538444607747522,-0.7448649424052411,-1.047613688365683,35.43428162306276,0.005044551730816832,0.079471096268417,22.226700474994427,1.1344955903673948,-0.06656477787207019,-0.29789023892178274,-0.6156496646496818,0.06671947100582876,False,False,True,False,0.34263700246810913,0.2916780114173889,False,False
2026-03-01,0.29994699358940125,48636909,-0.020286443265021117,-0.02535370809689644,-0.12238251664708916,-0.4483989723258847,-0.6528352045645262,-0.6512232549609341,-1.0822925673034878,34.18549892299808,0.004840509544120256,0.08142132359577164,22.369084625384506,1.134495833468545,-0.07775628757849759,-0.3013900850143256,-0.6204919755521969,-0.07947377302559555,False,False,False,False,0.34263700246810913,0.2916780114173889,False,False
2026-03-02,0.30628201365470886,54157276,0.0209005197686197,0.025605670771980872,-0.12127623271019848,-0.32131145586638116,-0.6830236373346267,-0.6968964488951659,-1.058254786304546,36.66287120957009,0.005205776785757413,0.07931766973675707,22.659050809891085,1.0916503572693648,-0.053458291970391016,-0.27574132123200007,-0.6098118196590734,0.11350160019420641,False,False,False,False,0.34263700246810913,0.2916780114173889,False,False
2026-03-03,0.3037630021572113,50929056,-0.008258491583851167,0.012932098092258437,-0.11394996936063671,-0.29625392961513863,-0.717285351372961,-0.7696172219308914,-0.8908023154037443,36.08127918009716,0.005331819607314402,0.07704584062488196,23.303682117361532,1.0886142610564753,-0.05758066953375829,-0.2712313497113621,-0.6103427864484389,-0.059608241743916324,False,False,False,True,0.34263700246810913,0.2815439999103546,False,False
2026-03-04,0.3174560070037842,53566382,0.04409144891986391,-0.02964231606462538,-0.03683640419885858,-0.2858431081738596,-0.6627648808786416,-0.6844627041143878,-0.8273002668788381,41.51262434355916,0.006323774537381484,0.07416006053540672,22.99508401288217,1.0944469643896575,-0.012019225641212569,-0.22550420272932545,-0.5899091080915577,0.05178430953049662,False,False,False,False,0.34263700246810913,0.2815439999103546,False,False
2026-03-05,0.3120900094509125,46163856,-0.017047610080770596,-0.0014983989460951275,-0.03265648454055376,-0.26993441531968015,-0.7049883664886815,-0.6063070420711347,-0.9008638914462105,40.075498966663595,0.006575752315828971,0.07329530075318141,21.659429695104766,1.0915637020672209,-0.02287470468782771,-0.22586939875827536,-0.5940792380512866,-0.1381935035298819,False,False,False,False,0.34263700246810913,0.2815439999103546,False,False
2026-03-06,0.2974019944667816,44451021,-0.048206897685740956,-0.011297723343754479,-0.1048984660093093,-0.304910825951407,-0.798608611494162,-0.6609118367837674,-0.9054902435393252,36.36451104170598,0.005740820815665033,0.07717560055257924,19.04368445394814,1.100055460653789,-0.05949807042707213,-0.2503909493391184,-0.6106786374266312,-0.03710337801937513,False,False,False,False,0.34263700246810913,0.2815439999103546,False,False
2026-03-07,0.28349998593330383,44729397,-0.047872666797993235,-0.07668014072489356,-0.14455071846425854,-0.12836998050271198,-0.8460015016699738,-0.7015964792801462,-1.0788594294887195,33.22821703207778,0.004305480729035485,0.07902754560479819,20.036840445057344,0.7982474867297276,-0.09552490544944643,-0.2735583118986012,-0.6264558468425121,0.006262533317288765,False,True,True,False,0.32647600769996643,0.2815439999103546,False,False
2026-03-08,0.2801870107650757,55111628,-0.011754797734020356,-0.06814849519389284,-0.09350220329078922,-0.2580635942771119,-0.8228371151253586,-0.758074951438785,-1.059650405231488,32.508662956626594,0.003235013381351605,0.07811084335584179,19.92880234947724,0.6654644955266004,-0.09664344927857862,-0.26979723168473685,-0.6283036596398325,0.23211202690704735,False,True,False,False,0.32647600769996643,0.2815439999103546,False,True
2026-03-09,0.28315699100494385,54500052,0.010544206550259162,-0.07850480841225337,-0.05289913764027235,-0.24961275826667528,-0.7979739880671276,-0.8095131065916298,-1.0892474797214993,33.89076027415042,0.0028429471510515864,0.07571402369085717,19.362096795581976,0.6678226761414691,-0.07856105302863693,-0.2504524696934964,-0.6218750519733302,-0.011097041081783998,False,False,False,False,0.32647600769996643,0.2815439999103546,False,False
2026-03-10,0.29331499338150024,55637154,0.03524561192038985,-0.03500070490801229,-0.02206860681575402,-0.18486398902804912,-0.7758552821218916,-0.7492607846154613,-1.0999251814108066,38.52748196281428,0.003348885486571876,0.07129741732035191,18.675360951262558,0.6800509739511833,-0.039873042611447994,-0.2125542012465579,-0.6050339158044409,0.020864236973572092,False,False,False,False,0.32647600769996643,0.2815439999103546,False,False
2026-03-11,0.2974269986152649,44036698,0.01392171778210729,-0.06517043604576894,-0.0948127521103944,-0.17318130904371554,-0.7516441000309432,-0.7041779080057075,-0.9936814367578763,40.35129337721519,0.003997679362602393,0.0689760652308537,18.15827399660185,0.6830816361560099,-0.022409253664067246,-0.19184680015532224,-0.5961428086342955,-0.2085019661501737,False,False,False,True,0.32647600769996643,0.2711330056190491,False,False
2026-03-12,0.29924699664115906,41225479,0.006100496032299465,-0.04202232993269883,-0.04352072887879396,-0.1259217916274581,-0.7431480986459275,-0.6786617239750675,-0.9741843950873371,41.18306340908259,0.004546619411416163,0.06601868122441584,16.48752697444857,0.6720695462913908,-0.011383009927592972,-0.17669106311734353,-0.5905212490265962,-0.06383809703443255,False,False,False,False,0.32647600769996643,0.2711330056190491,False,False
2026-03-13,0.298429012298584,44369873,-0.0027372182957311223,0.0034473494573109597,-0.007850373886443508,-0.09726119804848504,-0.7107246427808842,-0.6987108778093557,-0.957523231866517,40.90696856786018,0.004825484134108226,0.06503595123142183,14.754002155301086,0.664866619244792,-0.009313301798232164,-0.16870001910867835,-0.5889149727542469,0.07627307374645675,False,False,False,False,0.32647600769996643,0.2711330056190491,False,False
2026-03-14,0.30098098516464233,40025351,0.008515000737803166,0.059835016993107434,-0.01684512373178623,-0.11465768184370102,-0.79112810380994,-0.6608879529373392,-0.9143186216607408,42.20868962558085,0.005124516866833916,0.06255639242587595,14.64025145130497,0.6579992777173093,0.0002654863180949997,-0.1510431290637734,-0.5825027936901166,-0.09791603415227268,False,False,False,False,0.32647600769996643,0.2711330056190491,False,False
2026-03-15,0.30833899974823,38948715,0.02415273569434003,0.09574255042146791,0.0275940552275751,-0.1282407680170908,-0.7442390268793337,-0.5744931269659148,-0.8944803367169484,45.9085039483636,0.005715545271652023,0.05922486307356417,14.751222000083885,0.6488439080920136,0.02305277219150385,-0.11979645205113185,-0.5694784226663105,-0.026898852179959687,False,False,False,False,0.32647600769996643,0.2711330056190491,False,False
2026-03-16,0.3276369869709015,53081580,0.060706422210170655,0.14590476608137942,0.06739995766912615,-0.09696890697721211,-0.6341192990154968,-0.5270799205105482,-0.8029599006032585,54.19169475577026,0.007207562497295865,0.05655177705342121,16.49689164291807,0.6778141959398489,0.08209605148985463,-0.05568150403278508,-0.5395215054458632,0.36285831252712697,True,False,False,False,0.32647600769996643,0.2711330056190491,True,False
2026-03-17,0.3204439878463745,42482852,-0.022198752269797402,0.08846040189119225,0.05345969698318002,-0.05628079147914075,-0.6400051147376595,-0.4691072811352674,-0.7513406339049838,51.05352057811713,0.007479067698594206,0.05565578800767077,15.764079505635415,0.6468964272300617,0.059487791530777136,-0.0658901075465791,-0.5467935449076587,-0.19966866095545766,True,False,False,False,0.32647600769996643,0.2711330056190491,False,False
2026-03-18,0.30364400148391724,46719959,-0.05385152873389479,0.020687155375190173,-0.044483280670578905,-0.12992655604476472,-0.6935718787686034,-0.5098503335270949,-0.8818475427163177,44.56270249771648,0.006341205066991066,0.06048584668111991,15.493803643147055,0.6665508878748431,0.005423409869250316,-0.1032859500179541,-0.5677877898346358,0.09973687736407144,False,False,False,False,0.32647600769996643,0.2711330056190491,False,False
2026-03-19,0.297542005777359,42424309,-0.02030055653499032,-0.005713897192099768,-0.04773622712479847,-0.13464235764634197,-0.6678019766827978,-0.6219557980815269,-0.8720420493551024,42.45157158008044,0.005047894503256134,0.06094196613607973,15.55273570636803,0.6677548828767808,-0.01425286057116735,-0.10942582810166825,-0.5737605837311798,-0.09194464404388714,False,True,True,False,0.3303399980068207,0.2711330056190491,False,False
2026-03-20,0.29864901304244995,40473751,0.0037136035343048593,0.0007369246379361572,0.004184274095247343,-0.09790663787012299,-0.6239907676484571,-0.5956666796101469,-0.8065957177187139,42.97933487323642,0.0041735062194814525,0.05818831053294844,15.541884767186945,0.660249552935245,-0.009363680039589045,-0.0963411709699472,-0.5695263125986718,-0.04597736641980432,False,False,False,False,0.3303399980068207,0.2711330056190491,False,False
2026-03-21,0.28932398557662964,32557118,-0.03172189688761612,-0.039499972987483,0.02033504400562433,-0.10840100501866361,-0.5867354666646846,-0.6143531819253616,-0.7507052722553467,39.67834919520041,0.002932266833327035,0.05869111229512008,15.960431643143124,0.664842030599706,-0.03860149716932617,-0.1148977731071064,-0.5802168347050902,-0.19559919217766597,False,False,False,False,0.3303399980068207,0.2711330056190491,False,False
2026-03-22,0.28254300355911255,36708914,-0.023716353565997182,-0.08736906224782032,0.008373488173647498,-0.1561524423676753,-0.6242441504487822,-0.6598353365717201,-0.7932934573570117,37.427228528208545,0.0016818319108678377,0.05874723596718821,16.788216477460875,0.6606991712312853,-0.05741643665190997,-0.12818509964361066,-0.5871929609345313,0.12752344971075136,False,True,False,False,0.3303399980068207,0.2711330056190491,False,False
2026-03-23,0.29381000995635986,45985650,0.039102569817851936,-0.10897291464013893,0.036931851441240594,-0.10882945820677929,-0.5753548002533287,-0.6010161274397482,-0.7424558374629676,43.19408775536082,0.0016391304913950955,0.056697245134014244,16.854079032810255,0.6783643937004564,-0.018198920882320595,-0.08695710077538138,-0.5680004514208498,0.25271071762024877,False,False,False,False,0.3303399980068207,0.2711330056190491,False,False
2026-03-24,0.2949419915676117,39114996,0.003845364442717634,-0.08292879792762382,0.005531603963568402,-0.042180780856572,-0.5747148988777864,-0.6021926519776847,-0.8096523411414189,43.75494689891515,0.0017051219983493689,0.05434406232030725,15.993427200683602,0.6441612030768186,-0.010694837158013067,-0.07611499286271947,-0.5634901670835439,-0.1494086524818068,False,False,False,False,0.3303399980068207,0.2711330056190491,False,False
2026-03-25,0.3004159927368164,41353498,0.01838945836139043,-0.010687810832338674,0.009999344542851467,0.006267536605076131,-0.5479815825622554,-0.5900277825026001,-0.8049368895941907,46.50549736258868,0.0021089919685100805,0.05183800009533385,15.460984034719608,0.6391853058678268,0.009643007143390819,-0.05253468023460909,-0.5525526217517283,0.057228741631470514,False,False,False,False,0.3303399980068207,0.2711330056190491,False,False
2026-03-26,0.2871820032596588,41481441,-0.04505198414566019,-0.035439238443008565,-0.041153135635108355,-0.04319952863645546,-0.5445344943767247,-0.6704814001020204,-0.8422569944318004,41.25304760767579,0.0015047590053407275,0.05474714682005129,15.783867124245269,0.6580972847747553,-0.03317359806329496,-0.08758243886391333,-0.5693474201172901,0.003093885794135165,False,False,False,True,0.3303399980068207,0.2778500020503998,False,False
2026-03-27,0.29877200722694397,82336419,0.03956459242484953,0.0004117504475361943,0.0011486750854724428,-0.0903007992883536,-0.5461818394020693,-0.6571835247342012,-0.8050953438389696,46.90841457380227,0.0018811211622310076,0.05623043937899077,15.183771638204687,0.5963398476774668,0.0032661535345351426,-0.049336160144665825,-0.548922881316741,0.98489775222611,False,False,False,False,0.3303399980068207,0.2778500020503998,False,False
2026-03-28,0.3058890104293823,64781366,0.023541560251133534,0.055675207586285656,0.01617523459880274,-0.02156771183791917,-0.5403435657203858,-0.6562118503804839,-0.7746094184434485,50.08599208089167,0.0025626279022095706,0.05620036667186306,14.273292201158878,0.5831963152659823,0.022751305331869774,-0.023160173000317055,-0.5350984185865724,-0.2132112765312273,False,False,False,False,0.3303399980068207,0.2778500020503998,False,False
2026-03-29,0.30122101306915283,48198640,-0.015378067143611765,0.06401349400867117,-0.02335556823914905,0.0014617943065507227,-0.552507442648435,-0.6592531004107118,-0.769694060454619,48.054466289942525,0.00264173569443398,0.0562825853211886,13.375568831319306,0.5698440239373156,0.004111379758096984,-0.03422933074331395,-0.5389123329469935,-0.25597987544751677,False,False,False,False,0.3303399980068207,0.2778500020503998,False,False
2026-03-30,0.31758901476860046,60257132,0.05291388251659089,0.07782480670741004,-0.03114810793272903,0.0368659262399957,-0.41152894092165054,-0.6169785345347567,-0.7079990161652454,54.95389384311015,0.003675571801468618,0.05489607327294243,14.08055511157666,0.5962666735595656,0.05440767024432278,0.020558652685931558,-0.510201471347055,0.25018324168482753,False,False,False,True,0.3303399980068207,0.27444198727607727,False,False
2026-03-31,0.32908299565315247,60648802,0.03555184485978512,0.10953128712447724,0.026602489196853502,0.09270421436480177,-0.35569475796108285,-0.5601309901997242,-0.5585190405961323,59.06551996561266,0.004934191729568673,0.053832504248286166,16.075300975961422,0.6026831579513708,0.08685674181241196,0.05916740675678819,-0.48863484503318344,0.006499977463248596,True,False,False,False,0.3303399980068207,0.27444198727607727,False,False
2026-04-01,0.3347559869289398,45373745,0.01709188381336658,0.10823371257645345,0.09754590174411479,0.08889557840954872,-0.23241587745683243,-0.594128058925078,-0.6080008704856172,60.95959426701676,0.005884994886550044,0.051942250119723164,18.35909908482077,0.6014116296919257,0.09914770882505693,0.07774862452361621,-0.4759076023337408,-0.2518608199383724,True,False,False,False,0.3303399980068207,0.27444198727607727,True,False
2026-04-02,0.31416499614715576,51538829,-0.06348355585143418,0.0898021408706796,0.05436290242767096,0.03367051414196567,-0.2625834154731728,-0.6836148372309953,-0.7359467077889258,51.62277610007158,0.004903502710957728,0.05786034969999822,18.4106244247997,0.6437404265496893,0.028880630702073303,0.012417241045647792,-0.5045866964080663,0.13587337787524478,False,False,False,False,0.3303399980068207,0.27444198727607727,False,False
2026-04-03,0.31354400515556335,40921890,-0.001978595791660495,0.04825895265416943,0.048670703101705536,-0.012399530569558765,-0.29824263874341833,-0.6751644114482004,-0.6968622346839466,51.36724963590498,0.004025599355867361,0.0556994151073595,18.466197417454314,0.624815053452347,0.024738837255777475,0.011981617508638905,-0.5021726511873834,-0.2059988402142392,False,True,False,False,0.3303399980068207,0.27444198727607727,False,False
2026-04-04,0.31497499346733093,28522190,0.004553532311639407,0.029270924714675333,0.08494613230096121,0.009201611822851289,-0.26073280349682887,-0.6957867546658302,-0.5971054302482834,51.95739170796665,0.0033804219812746446,0.05260867304517661,18.614642361738905,0.6221141268583803,0.028300566506760404,0.018938668293470972,-0.4963517037637077,-0.30300897636937096,False,False,True,False,0.341607004404068,0.27444198727607727,False,False
2026-04-05,0.3162879943847656,34782090,0.0041599233161261585,0.04880891517441334,0.11282240918308462,0.06156843282471867,-0.2433423931266884,-0.7370401786694434,-0.5993434039590487,52.526626538802496,0.002899699661336945,0.0511783614356223,17.799665102145788,0.5970258157616669,0.0345036034411561,0.026154649267429785,-0.49020984884639046,0.21947473177901133,False,False,False,False,0.341607004404068,0.27444198727607727,False,False
2026-04-06,0.30921199917793274,38411584,-0.022626050039120344,-0.026731017381297833,0.0510937893261121,0.0868150495835915,-0.04155493091912049,-0.7591864520863824,-0.6147814296965548,49.146997279707286,0.002005279705496962,0.05325387291284515,17.31805074160757,0.5765991149077074,0.013220832591556429,0.0051400552529022505,-0.49744707593235254,0.10434950861204717,False,False,False,False,0.341607004404068,0.27444198727607727,False,False
2026-04-07,0.3356980085372925,49416912,0.08218484856595963,0.01990198632487682,0.1294332734493541,0.18075469588357138,-0.07730889839354041,-0.6420824192417872,-0.5773202555552136,59.6199680502297,0.0030357273445495523,0.05252925978634362,19.271855867715164,0.6365483174199459,0.09426301216766904,0.09195204295251763,-0.450299976210919,0.28651065261979314,False,False,False,False,0.341607004404068,0.27444198727607727,False,False
2026-04-08,0.317546010017395,46621594,-0.05558925042495846,-0.05277914791344822,0.05545456466300532,0.11462123890835378,-0.1349915193583214,-0.6833527491587738,-0.6948918676832759,51.75340825617567,0.0023630145162139974,0.05593668687898288,19.23242315961195,0.6714784221043928,0.03172981312407804,0.03444731592544223,-0.47593994827732883,-0.056566019341718454,False,False,False,False,0.341607004404068,0.27444198727607727,False,False
2026-04-09,0.3177019953727722,41375560,0.0004911006636421965,0.011195508601628098,0.10099764947230769,0.0798667276516063,-0.1049972613764429,-0.6959885544702854,-0.6693940569638551,51.81224841476276,0.0018210453927478432,0.055159535353159456,19.166319269819684,0.6618813067613561,0.029051474433189835,0.035742695565643696,-0.471614851077658,-0.11252369449229904,False,False,False,False,0.341607004404068,0.27444198727607727,False,False
2026-04-10,0.3337650001049042,45149838,0.04932333090098195,0.062497435294270605,0.11075638794843998,0.11526834077048073,-0.057912968273234736,-0.6363757592604623,-0.5889095672352267,57.553152375920526,0.002400433091698141,0.053369849888945886,19.35516502593209,0.6807120276036327,0.07335500554341298,0.08730764586343963,-0.4412846563750347,0.09121998590472247,False,False,True,True,0.33820998668670654,0.305402010679245,False,False
2026-04-11,0.3343600034713745,37396545,0.00178111437405567,0.05972501735668659,0.08899594207136202,0.1109489591122367,-0.014972832515221302,-0.6321991395336907,-0.5677127648628306,57.75392629214828,0.0026596902784169364,0.05253401618006057,18.341778620789874,0.6806984092463755,0.06638346013424623,0.08895750869409881,-0.43662639971560213,-0.17172360618436766,True,False,False,False,0.33820998668670654,0.305402010679245,False,False
2026-04-12,0.3135800063610077,36240799,-0.06416373599567841,-0.008598641955118082,0.04021027321929528,0.0495224414122895,-0.04773875663619557,-0.6612022013685948,-0.6491884363970661,49.03132159988401,0.0013345406052199483,0.05738807821856979,17.35606509416334,0.7205614066759357,-0.003033835032773785,0.02221319019958715,-0.46806872762795476,-0.030905154473494845,False,False,False,False,0.33820998668670654,0.305402010679245,False,False
2026-04-13,0.349604994058609,69007019,0.10874939752659744,0.12277680561059982,0.09604578822930203,0.14975683820108388,0.03509915635738287,-0.641371265608856,-0.5111311147362553,60.24200711578347,0.002707901678517751,0.057100321494172684,18.746639375257274,0.8116439636463961,0.10192535503996966,0.13653916569919822,-0.40338613076938007,0.9041252098222228,False,False,False,False,0.33820998668670654,0.305402010679245,True,False
2026-04-14,0.3505460023880005,124780559,0.0026880170156631596,0.04327997406030325,0.06318196038518024,0.12829211952240693,5.1351505315948444e-05,-0.6159469073569269,-0.4462010074435079,60.48649014354878,0.0034554936956601133,0.05960849223923174,20.013618651706516,0.8087141399983709,0.09623080619349694,0.13575784324471704,-0.3979461895032169,0.8082299570135032,True,False,False,False,0.33820998668670654,0.305402010679245,False,False
2026-04-15,0.3768419921398163,74595043,0.0723340348408833,0.1712032593261452,0.11842411141269696,0.1399197321531195,0.042950825175907474,-0.49419956686237726,-0.38716018835742877,66.65686360257675,0.005381895694102121,0.059205136383703165,22.93336311365319,0.8198660249132682,0.16217107627562607,0.21489564374647255,-0.3487842359891428,-0.40219018412956464,False,False,False,False,0.33820998668670654,0.305402010679245,False,False
2026-04-16,0.43524599075317383,128276482,0.1440853866398238,0.31479754530232684,0.32599305390395494,0.30620387106274083,0.24992307958360008,-0.3338012436749187,-0.1629034100725267,75.72416059975663,0.00998295946193969,0.06024815455273066,35.89100475598197,0.9466532256602842,0.31462245126717475,0.39345852820836724,-0.2433937126923063,0.7196381534360132,False,False,False,True,0.33820998668670654,0.3041819930076599,False,False
2026-04-17,0.42482298612594604,84041248,-0.024238788310605924,0.24123542609073895,0.30373286138500966,0.33581661148602965,0.20589005544126515,-0.35775526728257356,-0.17403372204106501,71.96305097687355,0.01160412230607399,0.06217799449972153,42.04181400521553,0.9268607405659375,0.2605002232075037,0.3503817214620797,-0.2566441658133423,-0.34484289957375036,True,False,False,False,0.33820998668670654,0.3041819930076599,False,False
2026-04-18,0.38806799054145813,51081473,-0.09049202130380923,0.1489622904128743,0.20868730776956085,0.2656251467172107,0.13098278907086885,-0.402176829965587,-0.35633065136431613,60.543319754211446,0.009565662657802985,0.07162079732463819,42.282054370685344,0.9872493335580128,0.13679699557150404,0.22674148896695376,-0.31677632346630047,-0.39218569195926267,False,False,False,False,0.33820998668670654,0.3041819930076599,False,False
2026-04-19,0.3584910035133362,61124165,-0.07927699270359041,0.1338490337049622,0.12525039174984426,0.1826345504793155,0.08472791260919256,-0.44135621716914153,-0.41303212913083154,53.22392082011522,0.005776563609917563,0.077892693987525,41.741963693703084,1.0340200418683818,0.043901014439984884,0.1295024691448932,-0.36418394851608277,0.19660145665728934,False,True,True,False,0.45169898867607117,0.3041819930076599,False,False
2026-04-20,0.3678320050239563,63362283,0.025722760927930282,0.050822397106295096,0.17359920271689486,0.24007920829486193,0.13167820327619828,-0.3466562583698227,-0.37427397363049963,55.07130486308276,0.0035593176872339774,0.07688133001875122,41.762115037779054,1.0269724739279338,0.06509240988954976,0.15399680889209277,-0.3421898117044415,0.0366159275959026,False,True,False,False,0.45169898867607117,0.3041819930076599,False,False
2026-04-21,0.38078901171684265,82331843,0.03461912086495576,0.08275350095558778,0.12603347501589102,0.29841468272581495,0.14226224035813964,-0.3258294677229674,-0.36142065384590527,57.574290786507596,0.0026661631447632943,0.07620443560017033,42.305228890613286,1.02445027988592,0.0953107878681966,0.18908774438883102,-0.3137909573931614,0.299382520670854,False,False,False,False,0.45169898867607117,0.3041819930076599,False,False
2026-04-22,0.3789519965648651,62010125,-0.004835907794862624,0.005583558319841736,0.17678681764598686,0.2544762051131004,0.14564674690632087,-0.32087859514022843,-0.3465399223266478,57.08869217713514,0.0016995474267585131,0.07630170251121753,41.64111663470168,1.0201667690299558,0.07996392396752783,0.1778204448886138,-0.31199490910215494,-0.24682695369761132,True,False,False,False,0.45169898867607117,0.3041819930076599,False,False
2026-04-23,0.3894290030002594,51528167,0.02727203249797544,-0.1112297958220066,0.20356774948032033,0.27790287316835804,0.23572209231178615,-0.2968120257094284,-0.3242897788093266,59.20215779435343,0.0015195377378407274,0.07271247900339911,41.042650213054635,1.0220972755747255,0.09794976881544866,0.20499290206953327,-0.28796312991311157,-0.16903623400210854,False,False,False,True,0.45169898867607117,0.34457099437713623,False,False
2026-04-24,0.38025999069213867,43134586,-0.023826366614568963,-0.11081737412596959,0.13041805196476938,0.2356870481923988,0.24195458479747486,-0.3122945343698566,-0.3543407343102015,56.575971764701514,0.0005847675208038375,0.07245334884256203,39.78660323288849,1.0279435707355262,0.06232207179033588,0.17167866469862528,-0.2991301995576124,-0.16289306390425262,False,False,False,False,0.45169898867607117,0.34457099437713623,False,False
2026-04-25,0.37448400259017944,33834533,-0.01530611947406806,-0.03563147229622844,0.11333081811664579,0.26543291286399084,0.2222333842275354,-0.2791015815127339,-0.40504848723802955,54.92312863626934,-0.000558867699057327,0.07047896569342682,38.17453144560057,1.0138130441714908,0.037749948380281326,0.14842612103195502,-0.30457288027648366,-0.2156054772381495,False,False,True,False,0.40647900104522705,0.34457099437713623,False,False
2026-04-26,0.44844698905944824,278698761,0.1802413931063579,0.22388691351371992,0.3577359472186821,0.4061097135454992,0.3158089142571457,-0.1400721258565701,-0.25107381118870187,67.86826485948268,0.0033165646365767507,0.07077810504029948,40.5117111650861,1.1736134019297775,0.2191915278730277,0.36147383571026337,-0.16137251783140444,7.2371097304638425,False,False,False,False,0.40647900104522705,0.34457099437713623,True,False
2026-04-27,0.40745699405670166,180588269,-0.09585508738168358,0.10230906520410608,0.15313146231040103,0.2867130659126822,0.26514535407476303,-0.2536304998077036,-0.36949878446780154,57.937929011409004,0.0027911048655182083,0.08632899739096558,40.323176171765255,1.233183808124326,0.09705091240260628,0.22754306662470702,-0.2326113067700482,-0.35203059980593165,False,False,False,False,0.40647900104522705,0.34457099437713623,False,False
2026-04-28,0.38707101345062256,75676166,-0.05132721756977806,0.016362726769372303,0.09911622772495991,0.2507639154865159,0.2522257097930666,-0.30174352716191905,-0.4084891849241957,53.72744696735886,0.0008433352224027912,0.089990242233784,37.828373611502045,1.2486113474962832,0.03249926064075911,0.15887040883516348,-0.26791520519398715,-0.5809463902663579,False,False,False,False,0.40647900104522705,0.34457099437713623,False,False
2026-04-29,0.3734860122203827,73195981,-0.035727620160898775,-0.014528985596663893,-0.008945427276822251,0.1621224128090263,0.19898833904902208,-0.24940652811262423,-0.45485612172573026,51.06427750304913,-0.0014617049066907098,0.09292621870282598,34.89845800592623,1.2470809767894846,-0.011095833374974542,0.11285529910652552,-0.2906966980519269,-0.032773660864373055,False,False,True,True,0.4672290086746216,0.3659780025482178,False,False
2026-04-30,0.36511000990867615,43848545,-0.022681848142136682,-0.06448286623677614,-0.17571266205878264,0.10388871980710458,0.19659293417190646,-0.2518060381539783,-0.4562422703926196,49.43716368002808,-0.003534083579486133,0.09089987321984157,33.26642190710816,1.245904100920108,-0.037268602019880304,0.0835274681619754,-0.3029420457246172,-0.40094327036890176,False,True,False,False,0.4672290086746216,0.3659780025482178,False,True
2026-05-01,0.3709169924259186,49084214,0.01577959230041446,-0.024876907321792652,-0.1356942814477623,0.10257642829415269,0.19147200670370132,-0.12983944916267978,-0.4915516306309253,50.61211423668379,-0.004438817195309797,0.08555994026869385,31.388202925063567,1.2457318207622998,-0.02664788697014142,0.09609804736534451,-0.28741968183552563,0.11940348305741955,False,False,False,False,0.4672290086746216,0.3659780025482178,False,False
2026-05-02,0.3731670081615448,37750704,0.006047765015220491,-0.0035230228325041192,-0.039154495128732585,0.17210774916080718,0.2057782633027729,-0.09047566631236564,-0.5115070880701881,51.08639721275625,-0.004781146227335801,0.08058633391476115,26.77099934932518,1.2221173434745531,-0.02834021637875233,0.09789747656471921,-0.27893593369910885,-0.23089928668308712,False,False,False,False,0.4672290086746216,0.3659780025482178,False,False
2026-05-03,0.3651230037212372,40216244,-0.02179176918877717,-0.20555618512763923,0.018330728386080672,0.15229457576369065,0.13989504519413196,-0.14594806297972776,-0.5228698356845098,49.26490960342711,-0.005399068627835589,0.07824820978174593,25.85354426578508,1.2256406695110758,-0.051202218624131705,0.07019197355430205,-0.2907334726896306,0.06531109989366035,False,False,False,True,0.4672290086746216,0.36283400654792786,False,False
2026-05-04,0.3718850016593933,60291167,0.018350377848294606,-0.09135071989766114,0.010958345306444918,0.16609142130034568,0.17529303312319716,-0.094641382196483,-0.5296953333654844,50.85133653318,-0.0052001450474669034,0.07519526707314547,24.68514078209358,1.2265110639104102,-0.03630258575382023,0.08596633501663584,-0.27391279793303663,0.4991744878014963,False,False,False,False,0.4672290086746216,0.36283400654792786,False,False
2026-05-05,0.3733850121498108,50550409,0.004025420285636636,-0.035998082042246374,-0.01963535527287419,0.16595691826985617,0.2275253510945747,-0.07738547485683223,-0.5710832603995872,51.21575066246511,-0.004823621697523036,0.07088755337539775,24.77656360066597,1.226513053483398,-0.0319818871440065,0.08744115017466035,-0.26744612882316987,-0.16156194156931813,False,False,False,False,0.4672290086746216,0.36283400654792786,False,False
2026-05-06,0.3903700113296509,67778868,0.04448494490442516,0.04421448302307742,0.029685497426413517,0.23306791321340162,0.3198829627969931,0.1915129822942811,-0.5261185388729808,55.26083248724229,-0.0033563104168991657,0.06709816049610479,21.985212705138345,1.2294563991794996,0.017974230547571225,0.13229614078178092,-0.230466972050334,0.3408174007058973,False,False,False,False,0.4672290086746216,0.36283400654792786,False,False
2026-05-07,0.3851320147514343,55579626,-0.01350886537597966,0.05338746578923438,-0.011095400447541651,0.13737419927146238,0.31812889515503373,0.060065300877921904,-0.5047082199703248,53.779844320244045,-0.0026928032373033962,0.06670392426336512,19.75461070099238,1.201549217917505,0.009539529631439836,0.1118469936506258,-0.23691283658537246,-0.17998592127564006,False,False,False,True,0.4672290086746216,0.35917699337005615,False,False
2026-05-08,0.4061810076236725,59391853,0.0532127208629173,0.09082059435173735,0.06594368702994481,0.2461761705593382,0.360797409467692,0.11118465120101674,-0.43717657859943565,58.58336604408184,-0.0008841753399033061,0.06407727493865716,20.45681435052259,1.1928781350699078,0.06219326017744497,0.16530429597531923,-0.1911171688722914,0.06859036798844231,False,False,False,False,0.4672290086746216,0.35917699337005615,False,False
2026-05-09,0.3985550105571747,43135230,-0.018953359072540095,0.06581947026397686,0.06229644743147267,0.226731710823156,0.3065984384747622,0.12173444944671295,-0.4692568436471295,56.300448599621426,-0.0002805748776912361,0.06388392798909923,19.82356947594772,1.1963838876834945,0.036819320879699795,0.13690856837965085,-0.2023145618270837,-0.2737180636542861,False,False,False,False,0.4672290086746216,0.35917699337005615,False,False
2026-05-10,0.41383200883865356,56161727,0.03761458296279147,0.12522582241554542,-0.08033036271209384,0.21502296288496547,0.33029130365544623,0.15710999461173078,-0.42135279637549694,59.68937038732171,0.00099835114420967,0.06273100310582434,20.354419573641078,1.1919280618775927,0.07015849891311379,0.17216107432777092,-0.16799156041252608,0.30199206078187135,False,False,False,False,0.4672290086746216,0.35917699337005615,False,False
2026-05-11,0.409619003534317,187558082,-0.010232647727490878,0.09664279683975992,0.005292076942098748,0.20300920078341894,0.31395815989565573,0.1880363682681978,-0.42918993875027167,58.34558103412656,0.0013874327874522276,0.06751958364280485,20.858017402067382,1.193347154397376,0.05532984865833109,0.15193543235241658,-0.17234107010066124,2.3396067396574183,False,False,False,False,0.4672290086746216,0.35917699337005615,False,False
2026-05-12,0.3948020040988922,56849405,-0.03684308421174957,0.05577429234237358,0.019776210300127328,0.23032985256734778,0.27985229397963735,0.1825910959311523,-0.4308723488012469,53.76143939704199,0.0005184965380827956,0.0693486788767552,20.748466570604258,1.1765958965292964,0.015083215155989246,0.10399595296507616,-0.1979817619023406,-0.6968970657313504,False,False,False,False,0.4672290086746216,0.35917699337005615,False,False
2026-05-13,0.3879610002040863,61394522,-0.01747956415138459,-0.006190216713436076,0.0380242663096415,0.10410089088936567,0.2538577290904497,0.13920004724674861,-0.5372703747194904,51.7401791108573,-0.0005855622369472669,0.07169571193796141,20.7531460569799,1.1211977279927854,-0.002317541630587231,0.07925174179815378,-0.20754968309352503,0.07995012436805626,False,False,False,False,0.4672290086746216,0.35917699337005615,False,False
2026-05-14,0.3884119987487793,65803043,0.001161809068659237,0.008480457731202921,0.06186792352043737,0.10257468294236181,0.23086680246476876,0.10262603444767801,-0.5133722244145649,51.8686543235487,-0.0013124214955967956,0.07036449849015985,20.632987700284872,1.1212237639429832,-0.002203628935076768,0.07524213627982815,-0.20189219320283655,0.07180642272937643,False,False,True,False,0.4447230100631714,0.35917699337005615,False,False
2026-05-15,0.3637549877166748,61161755,-0.06558609837447564,-0.11031836150619008,-0.019497767154452707,-0.035345450272997195,0.10457428188012234,0.007605374902910377,-0.5295450171353746,44.84032135147686,-0.0033640994817703013,0.07573099860021064,21.200988540615203,1.1177294540653184,-0.06425578413482426,0.0027329255036363676,-0.2480989504499625,-0.07053302990866239,False,False,False,False,0.4447230100631714,0.35917699337005615,False,False
2026-05-16,0.35405001044273376,47808005,-0.02704235473470577,-0.11840735716835583,-0.052587886904379044,-0.20647319164752678,0.09973067941521396,0.04344988793607322,-0.5402744353224455,42.40475119730347,-0.005176724503104559,0.07614458404250246,17.557000375914296,0.9898811716927998,-0.0780271902558091,-0.026985337204789274,-0.26398654566359436,-0.21833497093077203,False,True,False,False,0.4447230100631714,0.35917699337005615,False,True
2026-05-17,0.34818199276924133,46235055,-0.016712864790649568,-0.17273480492179683,-0.04750898250625149,-0.19894726812757046,0.1368693433584593,0.0069427873136947696,-0.5567025354101439,40.95620223352946,-0.006487830358314223,0.0755177442849384,18.542932164045254,0.9885675310060107,-0.08625582879013495,-0.04533131004234562,-0.2718284564878774,-0.03290139381469692,False,True,False,False,0.4447230100631714,0.35917699337005615,False,False
2026-05-18,0.35481199622154236,53034120,0.018862750283557602,-0.1436394069107484,-0.04699661007098845,-0.08959249654020368,0.17603265017700717,0.041390292530665236,-0.4917693265057907,43.31241049926907,-0.0066034817924763055,0.07151714135996919,19.49658715684117,0.9444129442044961,-0.06489831205109471,-0.030003336334579283,-0.254195739654393,0.14705432923135908,False,False,False,False,0.4447230100631714,0.35917699337005615,False,False
2026-05-19,0.35125601291656494,35984175,-0.010072721960666412,-0.11686904465966526,-0.06109475231729165,-0.02038822579727965,0.1622463246820359,0.06433968681191278,-0.4617444429664211,42.33655492256274,-0.006598778123817909,0.06904585178553088,20.57623352816281,0.9040374237727561,-0.07155030646483512,-0.041489225574689016,-0.2576023350219115,-0.3214901086319524,False,False,False,False,0.4447230100631714,0.35917699337005615,False,False
2026-05-20,0.3581730127334595,36203299,0.019500806327245265,-0.07988867418103528,-0.08607889089447138,-0.026610180397964617,0.21346902789689726,0.10506802287823376,-0.3732664387677873,44.93544586223011,-0.005835483516281567,0.06554315138781676,20.90419688020246,0.902008584616352,-0.05239833530033957,-0.024163310319568743,-0.23874247773331272,0.006089454600529232,False,False,False,True,0.4447230100631714,0.34286201000213623,False,False
2026-05-21,0.3572930097579956,34419309,-0.0024599446837879012,-0.08351042793348248,-0.07502997020227956,-0.06368924594670836,0.23472543677910665,0.07857299441143138,-0.3895187136696756,44.65967139610023,-0.005121018224874312,0.06331523366215967,21.430993727911385,0.8928642539750055,-0.0530198546443355,-0.027754815792493438,-0.23635061701423823,-0.049277000971651774,False,False,False,False,0.4447230100631714,0.34286201000213623,False,False
2026-05-22,0.34062299132347107,47016764,-0.04777993240045401,-0.06570426195946084,-0.17602262346565092,-0.10663327055229976,0.1478429345608005,0.039013476354021255,-0.42751186569252814,39.690457153882086,-0.005470621715841245,0.06713437515188006,23.141930947184104,0.9069602556323567,-0.09329213975542684,-0.07444902986222128,-0.2688569576020298,0.3659996486274608,False,False,False,False,0.4447230100631714,0.34286201000213623,False,True
2026-05-23,0.3502640128135681,36896248,0.027910924081735112,-0.010750983143019905,-0.12915834031137577,-0.10599437896854012,0.17190849419981805,0.12972771334324604,-0.40280640467796847,43.59913280842523,-0.0047772583583875275,0.06656134982684118,23.821180790601787,0.9072362628064261,-0.06578103280998884,-0.05014762094318966,-0.24511798816552013,-0.21525335091117714,False,False,False,False,0.4447230100631714,0.34286201000213623,False,False
2026-05-24,0.34163498878479004,37628160,-0.024944309595650704,-0.018982427948021047,-0.19171723286981787,-0.10711232194962182,0.12857472624277694,0.13484226284785306,-0.41940685631947855,41.03566213431422,-0.0046215941236138315,0.06677293520613999,25.149335422491404,0.9075593206462701,-0.08510544367970632,-0.0748856277619998,-0.2603143879239207,0.019837030583705895,False,False,False,False,0.4447230100631714,0.34286201000213623,False,True
2026-05-25,0.34616801142692566,42040265,0.01318135650540989,-0.024663821726168707,-0.16830322863691713,-0.07862484597014395,0.18680806689384705,0.1436085382573916,-0.3577264274828777,42.933853284579754,-0.003960604840925872,0.06357598704352277,26.036288223860517,0.9083622363715352,-0.06957527669460922,-0.06412511628831406,-0.2473272889309672,0.11725540127393952,False,False,True,False,0.3653720021247864,0.34286201000213623,False,False
2026-05-26,0.3418639898300171,53208220,-0.012511271952365302,-0.027102371717867568,-0.14397141637753283,-0.2713775110288672,0.134732202516632,0.04443140322827865,-0.41144963688543723,41.56563260612909,-0.0035724702572184587,0.06368899880328194,26.714200738505095,0.6244202780415179,-0.07511451886403071,-0.07739003721811505,-0.25268830782850576,0.26564901529521756,False,False,False,True,0.3653720021247864,0.3273420035839081,False,False
2026-05-27,0.33176499605178833,49586463,-0.029986092347547722,-0.07658927039266064,-0.15647794457369593,-0.20550851599473138,0.08120454991795104,0.05963683808003166,-0.4591390158024348,38.467905417108966,-0.0037373815731455776,0.06417056697646809,28.044545412272686,0.5465819339065947,-0.0959098987749492,-0.10445471903071736,-0.27096631966416634,-0.06806762188248361,False,False,False,False,0.3653720021247864,0.3273420035839081,False,False
2026-05-28,0.3244810104370117,57058056,-0.022199860082385444,-0.09632918579125815,-0.17983961372474064,-0.17638115850733868,0.07438275697917714,0.07584455128572781,-0.4781246856692578,36.36294707682779,-0.0040521209277812045,0.06529593984901379,28.287804783224964,0.5257977714069231,-0.1058052530004154,-0.12444445167119658,-0.28289846319920814,0.15067807921690246,False,True,False,False,0.3653720021247864,0.3273420035839081,False,True
2026-05-29,0.31929200887680054,51743780,-0.016120942576324862,-0.064670195967129,-0.1303744579265899,-0.15677448092276489,0.005347931886261476,0.04221385812625719,-0.4061810090353892,34.89792562673237,-0.004301337846024,0.06478122691923617,28.937243397546737,0.5161481406065509,-0.11038903340287332,-0.13851999095907958,-0.28995820994878635,-0.09313804872707199,False,True,True,False,0.357014000415802,0.3273420035839081,False,False
2026-05-30,0.3232020139694214,38369296,0.012171485567576832,-0.08040963448128749,-0.09116061762430733,-0.12192114721305147,-0.018032427405946797,0.074671786958855,-0.3737271853670296,36.958965739927706,-0.003905941241183094,0.061527121071008814,26.867246790769467,0.5156292283465019,-0.08798013104797243,-0.12747308857338163,-0.2774049856570017,-0.25847520223686793,False,False,False,False,0.357014000415802,0.3273420035839081,False,False
2026-05-31,0.32692399621009827,40282671,0.011450158421186366,-0.04401516646445031,-0.06299759441247148,-0.12625058109227957,-0.023674152798126936,0.06522142561142175,-0.2560900302549594,38.940610185509314,-0.0031303374606763204,0.05883957512112778,23.80898897269377,0.5137498891278973,-0.06658670158024273,-0.11707061427884606,-0.2652579212378429,0.04986734705791829,False,False,False,True,0.357014000415802,0.3121330142021179,False,False
2026-06-01,0.33189499378204346,54994967,0.015090918709452708,-0.042105604260407575,-0.06676942598657623,-0.11720742739804736,0.05490032176275989,0.08857083590472567,-0.20768309371041296,41.58182851036843,-0.002070241707308766,0.05719039953910836,21.32100396281867,0.5169802743722309,-0.04380680656792208,-0.10453121606727471,-0.250332236894738,0.36522642701622243,False,False,False,False,0.357014000415802,0.3121330142021179,False,False
2026-06-02,0.30182400345802307,61247046,-0.09497455760731534,-0.12456888991535758,-0.15167126163322522,-0.19039021581658563,-0.038095640052894966,-0.05049517062245371,-0.3363382787963133,32.44018917304,-0.0031189831714237594,0.06760649540277941,21.60365920896192,0.6044643293311481,-0.11951655508877454,-0.18355916944236297,-0.31477927025094754,0.11368456680772265,False,False,False,False,0.357014000415802,0.3121330142021179,False,True
2026-06-03,0.2974550127983093,95156981,-0.01458108142538749,-0.10916387899319736,-0.185753149385858,-0.22332167509026757,-0.057230253789921845,-0.04802864196707055,-0.3179630572867506,31.36140616793577,-0.0037871758204072632,0.06897211775169079,21.18129841178298,0.5984136913889707,-0.12059472014565747,-0.19305965724420807,-0.32117844854858035,0.5536582939853132,False,True,False,False,0.357014000415802,0.3121330142021179,False,False
2026-06-04,0.27612900733947754,88036813,-0.07439482165840217,-0.16135884056921412,-0.2576880263604723,-0.30174191703430653,-0.13578499876445022,-0.07421656593973176,-0.37912739189113864,26.694897665578253,-0.005255345411765946,0.07608253089080158,25.752083235439947,0.6405307649972173,-0.1729305498943719,-0.24679742424553136,-0.36655633145522076,-0.07482549283483464,False,False,True,False,0.33361300826072693,0.3121330142021179,False,False
2026-06-05,0.2573930025100708,69016667,-0.07026406489115139,-0.2155019628840406,-0.2801721588511697,-0.4164909268298829,-0.18342301361648136,-0.09660796403288989,-0.22497794453560177,23.400514583045663,-0.006970695391765664,0.08370322255265097,32.4082494306034,0.6425995935054118,-0.2177253545439371,-0.29102505194119704,-0.406665723824942,-0.21604764361472284,False,True,False,False,0.33361300826072693,0.3121330142021179,False,False
2026-06-06,0.25695401430130005,33609066,-0.0017069733118481832,-0.2293804217634655,-0.30979005624475286,-0.4046890347657514,-0.2673148354942891,-0.08656013961071761,-0.34462373388782946,23.327873628629263,-0.007567491289866193,0.08286783081105564,37.62061157405245,0.6440031253341254,-0.20808108077090387,-0.28562790928551085,-0.40440693940182826,-0.5130297149817449,False,True,False,False,0.33361300826072693,0.3121330142021179,False,False
2026-06-07,0.2708989977836609,33062140,0.052848913298682035,-0.18798166688596982,-0.2319968333504201,-0.4050528423299867,-0.15887667177064854,-0.0442554328622947,-0.29386819112897,30.68844623151358,-0.0064967148191459045,0.0786697744858955,39.713971755610736,0.6435299381538352,-0.15416607818746933,-0.2419198260049986,-0.3688599260584015,-0.016273168674190486,False,False,False,False,0.33361300826072693,0.3121330142021179,False,False
2026-06-08,0.26579800248146057,31666536,-0.0190094183715258,-0.22208200396694833,-0.2641876082273559,-0.40510890162897256,-0.17837719080581657,-0.09851046315421035,-0.2833744521822595,29.570168951006735,-0.005637530709791713,0.07756731067052128,41.85382971269152,0.6435359450304441,-0.15887121674875873,-0.25231553335578,-0.37782151774576,-0.042211544685250235,True,False,False,False,0.33361300826072693,0.3121330142021179,False,False
2026-06-09,0.2605440020561218,30550297,-0.019964870360085086,-0.14707231671971802,-0.2716412066350757,-0.46268835495184907,-0.2476653920668835,-0.13239705129640275,-0.30557836034011826,28.421381586606145,-0.004952923800731344,0.07677180030121777,43.30080473520112,0.616753074416677,-0.16256134112551918,-0.2626442669398858,-0.3875942907847263,-0.03524979808337736,False,False,False,True,0.33361300826072693,0.24383200705051422,False,False
2026-06-10,0.25553399324417114,31922227,-0.01941631401278836,-0.1519075493071189,-0.26107142830031627,-0.4718720212371464,-0.2688628204537275,-0.15791386134149066,-0.28383565296894864,27.331009833858673,-0.004386767034152129,0.07664666807203664,44.44567779084345,0.6166122127254506,-0.16500932605131347,-0.2716592664360879,-0.3967536657818843,0.04490725572978871,False,False,False,False,0.33361300826072693,0.24383200705051422,False,False
2026-06-11,0.2668069899082184,33153197,0.04317006599519584,-0.03434266165352095,-0.1957015022227351,-0.3918588710302011,-0.16152901846285322,-0.11200657705056379,-0.20926777509904892,33.51200254414803,-0.0028753896965223354,0.07238453012312938,45.055936509596876,0.6446523388741583,-0.11753060642383255,-0.2346353117289112,-0.3675244155736472,0.038561532690059463,False,False,False,False,0.33361300826072693,0.24383200705051422,False,False
2026-06-12,0.26104798913002014,27773726,-0.021821255934686732,0.014100147302943768,-0.201401815581097,-0.39620056281350324,-0.2920996719241375,-0.1423428337230536,-0.2570005155667545,32.01390464359737,-0.0019311840065572641,0.0706082711210077,44.74470810004062,0.6452044534010147,-0.1236487643729682,-0.24559909082572456,-0.3782157046635203,-0.16226100306404845,False,False,False,False,0.33361300826072693,0.24383200705051422,False,False
2026-06-13,0.26337000727653503,26061349,0.00885565841490774,0.024662779029699485,-0.20471764273376591,-0.3885067134672548,-0.28593203052489286,-0.157639911002486,-0.28588067901957676,33.30843979670868,-0.0008718540318707821,0.06751200836245357,44.27661447393168,0.6479134065331954,-0.10408400745228115,-0.23371166743251584,-0.36961794065327463,-0.06165456518149559,False,False,False,True,0.33361300826072693,0.25094500184059143,False,False
2026-06-14,0.2686139941215515,30478108,0.01971546772633308,-0.008470666542649516,-0.1964523334286193,-0.3032051473664461,-0.33855059763944323,-0.19863086548632367,-0.29559977246353575,36.26022624300089,0.0003925621342014962,0.06480869204900294,42.26879426244128,0.6287277683884959,-0.07403094444654144,-0.21360931950734388,-0.3539884808310514,0.16947545577936118,False,False,False,False,0.33361300826072693,0.25094500184059143,False,False
2026-06-15,0.2738949954509735,46483941,0.01946942169510349,0.03000817352397992,-0.19207383044296847,-0.2566933709366367,-0.46316656258416355,-0.1569626915214227,-0.2132434830005634,39.17968335833257,0.0017207070164915877,0.06403074158152938,39.64081131746459,0.6338698399781983,-0.04463394157363874,-0.1898689322583365,-0.33814861557703857,0.5251583530053769,False,False,False,False,0.33361300826072693,0.25094500184059143,False,False
2026-06-16,0.27708300948143005,37201648,0.011572329856219553,0.061545373740284626,-0.0855269429794335,-0.22840817628976762,-0.427355444417338,-0.09153883293130834,-0.22146538897607299,40.93835889832356,0.002881680874917792,0.06232276495269814,37.34370472874132,0.636959589367166,-0.024208036727388037,-0.17406942779019036,-0.327302660724462,-0.19968816757598074,False,False,False,False,0.33361300826072693,0.25094500184059143,False,False
2026-06-17,0.27689099311828613,82143132,-0.0006932324258272878,0.08026845532724569,-0.07163909397987328,-0.24796415899915236,-0.33755665553935604,-0.07193150882214533,-0.2065738664684872,40.861718743083706,0.003654741429179601,0.06464341987411874,35.30064019788765,0.630346686706234,-0.016643934233731655,-0.1691845765327727,-0.32470732461867596,1.2080508906487153,False,False,False,False,0.33361300826072693,0.25094500184059143,False,False
2026-06-18,0.27712300419807434,49572070,0.0008375640127336144,0.03793595334478353,0.0035932916912624286,-0.2370538730257522,-0.25744209882303204,-0.07480754834371646,-0.17271418621383938,41.0054307816324,0.00416287087365164,0.06602363258032025,33.35028677593159,0.6311013045726346,-0.008394834789941952,-0.1636520142707313,-0.32109859183152695,-0.3965159497448917,False,False,False,False,0.33361300826072693,0.25094500184059143,False,False
2026-06-19,0.2786880135536194,36924325,0.005631459044641221,0.06538866832411136,0.07948881562705516,-0.25092322030835645,-0.27753340070632115,-0.037454192411459135,-0.14585519743012276,42.02879372061385,0.0045538904570010565,0.06531335330638387,30.345724614377218,0.6253497340740387,0.005210628774796546,-0.15451852056200996,-0.314775324851942,-0.25513852861096986,False,False,False,False,0.33361300826072693,0.25094500184059143,False,False
2026-06-20,0.2761310040950775,25499304,-0.009217519520321748,0.04731549038888187,0.07197826941858158,-0.2576807951448904,-0.3213700410915986,-0.02295535836578376,-0.17910780073345905,40.78397174163511,0.004577573107069192,0.06387770842178406,25.744245380768007,0.6249908431819565,0.005195606477304773,-0.15743015133557944,-0.31822324395468027,-0.3094171931375861,False,False,True,False,0.2986670136451721,0.25094500184059143,False,False
2026-06-21,0.2676590085029602,27562475,-0.03116159157763034,-0.0035615689150814605,-0.012032235457730855,-0.2410624543220667,-0.34769572487436634,-0.09321951976126613,-0.20204897796804552,36.885827352616836,0.003981860788587758,0.06591675918115854,17.507959946948915,0.6144747886959921,-0.01411807497745618,-0.17798831531536385,-0.33595897461974905,0.08091087505760952,False,False,False,True,0.2986670136451721,0.2648540139198303,False,False
2026-06-22,0.26731300354003906,36254172,-0.0012935443476606067,-0.024324534957845485,0.0056836385661344834,-0.2702669227514623,-0.3762613017200025,-0.0983584285516444,-0.14053920940821635,36.73141311861036,0.003538658199571512,0.06559078334460372,14.30724314563826,0.6012739688985381,-0.00909453024585541,-0.17408909847030926,-0.3338250476229161,0.3153453019005006,False,False,False,False,0.2986670136451721,0.2648540139198303,False,False
2026-06-23,0.25966501235961914,44580688,-0.029027883403255465,-0.06492474821732055,-0.0033793744770359868,-0.2743504965590672,-0.3814628185086889,-0.14577577031629024,-0.139508233711214,33.40282029174769,0.002740218146990093,0.06732011723527684,11.20440773326141,0.602802892485631,-0.030655460754094113,-0.19211667931303195,-0.3503542582230616,0.22967056039784883,False,False,False,False,0.2986670136451721,0.2648540139198303,False,True
2026-06-24,0.2538529932498932,43822204,-0.022637053559410984,-0.08686856935090431,-0.006600114023658593,-0.310168906623888,-0.3887937525940319,-0.12336083973004103,-0.1665603683664964,31.09660250649013,0.0018718996181952639,0.0692129526205974,11.75814648002087,0.599041231873498,-0.04839540474221982,-0.20428086875094129,-0.3623259105876731,-0.01701373473644019,False,True,False,False,0.2986670136451721,0.2648540139198303,False,False
2026-06-25,0.24515900015830994,44630890,-0.03484835244959652,-0.1225544858132345,-0.08461853246845089,-0.3325059871211191,-0.6038834981499864,-0.19777378460448705,-0.28807458389284063,27.98412737924265,0.0008171140218070725,0.07331361629914485,13.447709068764993,0.6050969663796519,-0.0788739083536214,-0.2244727794416227,-0.3816280559904671,0.018453795705939413,False,False,False,False,0.2986670136451721,0.2648540139198303,False,False
2026-06-26,0.2490919977426529,36366471,0.01591531678777698,-0.11227062807009873,-0.04688195974598735,-0.2866045779857946,-0.49211309398052583,-0.2054000280678436,-0.2269677399057629,31.332496130228108,0.0005047107616761616,0.07203116595446238,14.297158633815844,0.6082234944526606,-0.0627122569420021,-0.2051904429015307,-0.36893111991884425,-0.1851726237142033,False,False,False,False,0.2986670136451721,0.2648540139198303,False,False
2026-06-27,0.24553599953651428,24047601,-0.014378722966290171,-0.1174318315160671,-0.07011634112718516,-0.2787834408696993,-0.455164599377038,-0.2044006838905221,-0.2029388895839714,29.975453915171997,0.00019491450908620117,0.06962349233621076,15.698388549574396,0.6067868468648001,-0.07166297526181889,-0.20842191129105356,-0.3748464599003705,-0.33874251917377407,False,False,False,False,0.2986670136451721,0.2648540139198303,False,False
2026-06-28,0.24446700513362885,26248035,-0.004363222627740621,-0.09063346256617735,-0.09419503148125882,-0.267025720921115,-0.4238002018438799,-0.2616777890348536,-0.2248118627948578,29.560962523308334,6.126283282745226e-05,0.06718200219751791,17.083342640635966,0.6065074721284572,-0.07196240428799129,-0.20395938135980454,-0.37457434893361363,0.09150326471235104,False,False,False,False,0.2986670136451721,0.2648540139198303,False,False
2026-06-29,0.2521649897098541,32853998,0.031003242866072308,-0.05833667535244462,-0.0826612103102901,-0.2481939636226195,-0.37011511083567095,-0.2662263910285663,-0.17352217666376438,36.38293077104484,0.0006043698930412907,0.06472638250495462,17.494743577089242,0.618187019130134,-0.04121471030448017,-0.17015596772440464,-0.3519851199615347,0.25167457297279583,False,False,False,True,0.2986670136451721,0.236735999584198,False,False
2026-06-30,0.23965899646282196,35789086,-0.0508665294373032,-0.08017532138649223,-0.1451000696038129,-0.310510651481109,-0.43676123257338856,-0.3341848042792359,-0.2452892258696872,31.111348869384557,0.0002524375030004949,0.06824173969622147,19.062477280957964,0.6312398025424645,-0.086006736732685,-0.20238930381921388,-0.38133905613281405,0.08933731596379846,False,False,False,False,0.2986670136451721,0.236735999584198,False,False
2026-07-01,0.24630500376224518,38915394,0.027353555733157595,-0.03018471209392374,-0.11705328144482799,-0.2982480144574041,-0.41545544185545136,-0.24334769269464424,-0.20967717855267845,36.3863314232281,0.000579621178939527,0.06652660846237733,19.772794921408078,0.6388633925604656,-0.056973990195187445,-0.17208736498190014,-0.36126542016920765,0.08735366977519354,False,False,False,False,0.2986670136451721,0.236735999584198,False,False
2026-07-02,0.25842899084091187,39553964,0.04805033863019669,0.05271397898586965,-0.06984050682736491,-0.1552231182198919,-0.34561333403647754,-0.19331875827278688,-0.20571828884234566,44.70457912541733,0.0016635809374717161,0.0636499447677777,19.804176634392817,0.5923568394218716,-0.010058653430974986,-0.12370384574576096,-0.32699362538884086,0.016409187582682616,False,False,False,False,0.2986670136451721,0.236735999584198,False,False
2026-07-03,0.26830700039863586,33457574,0.0375108895025318,0.07430955170062445,-0.037961076369474316,-0.10313114729197284,-0.3264528223822403,-0.16036140108189462,-0.15115978925904328,50.39583616643939,0.003017925645845493,0.06044911287320988,19.921249472965226,0.609562614621152,0.026809238543472426,-0.08273764442460092,-0.2987180042512468,-0.15412842060532794,True,False,False,True,0.2986670136451721,0.23703299462795258,False,False
2026-07-04,0.2722940146923065,28321969,0.014750570099190136,0.10343884476610474,-0.013992986749962426,-0.013985755534380395,-0.3157276725686869,-0.1497707542988307,-0.08820232147411217,52.520022315943166,0.004087917396668252,0.05910784052448592,20.10224019916417,0.5559008655999917,0.04133424052840102,-0.06324919246086706,-0.2856577343276343,-0.15349603650282595,False,False,False,False,0.2986670136451721,0.23703299462795258,False,False
2026-07-05,0.27403101325035095,25929419,0.006358868154265596,0.11416093554811112,0.02352747298193374,0.06263717751103663,-0.3538537493188463,-0.1207858361054447,-0.03397078652185325,53.455174293400646,0.004770683548426337,0.05739086271536199,20.111589940648823,0.49581462062337645,0.047949789887033266,-0.05205447645974377,-0.2788474253034586,-0.08447682433378834,False,False,False,False,0.2986670136451721,0.23703299462795258,False,False
2026-07-06,0.2809689939022064,35101848,0.02500303423261405,0.10816072691465285,0.04982405156220835,0.08934718505549892,-0.31534184971025253,-0.17796765043879018,0.002787045444781403,57.09050097763906,0.005495993640571966,0.058293518908691166,20.486747035727255,0.5019567996801355,0.07368423570099691,-0.02351336315570092,-0.25839732316544683,0.3537460287868386,False,False,False,False,0.2986670136451721,0.23703299462795258,False,False
2026-07-07,0.31050100922584534,74151298,0.0999428304324444,0.25897008678440037,0.17879476539790812,0.13644110218926112,-0.2686117401407256,-0.022435569581387347,0.09218566932696645,68.40307702088086,0.0076393195245275484,0.058830197769454584,25.612847059252864,0.5814330391920149,0.17896567274690475,0.08245689474689417,-0.17780492552969637,1.1124613724040966,False,False,False,False,0.2986670136451721,0.23703299462795258,True,False
2026-07-08,0.32125601172447205,147943050,0.03405119788051118,0.2656677289317541,0.23548301683783024,0.18950171844129826,-0.21560718318767422,0.011124527635481713,0.09099125528708792,71.36397172949953,0.009343356904305043,0.06131600198064915,31.508099418110362,0.5838269653378722,0.20966686673923873,0.12229808640169046,-0.14683463361408566,0.9951511840022005,True,False,False,False,0.2986670136451721,0.23703299462795258,False,False
2026-07-09,0.29968300461769104,58470340,-0.06951308484123254,0.14810430546032463,0.20081828444619435,0.1399535039601509,-0.3227348509916982,-0.10771188810673274,0.0075564526637481345,59.350065699560076,0.008598334855616317,0.06893325560073227,33.07645743047357,0.6352189175092375,0.123992359435384,0.05122946220308561,-0.20163389753567454,-0.6047780547987891,False,False,False,False,0.2986670136451721,0.23703299462795258,False,False
2026-07-10,0.3003450036048889,38421287,0.0022065611829023743,0.11279997714069553,0.18710952884131982,0.16157637915584155,-0.3102956420813048,-0.1072864412978859,0.003662517814350891,59.57496440264456,0.007756733889702287,0.06794938725755575,34.60704346671942,0.629352096095389,0.12138321539718692,0.05777771148033314,-0.19723741823161944,-0.34289270423260754,False,False,False,False,0.2986670136451721,0.23703299462795258,False,False
2026-07-11,0.3098370134830475,41383643,0.031114570344256503,0.1291639773857618,0.23260282215186656,0.1495208835049024,-0.24233798752529864,-0.012008134957950804,0.03751430645433852,62.75667780293909,0.007444548743813917,0.06784174081610889,36.91780785721848,0.6215996218593928,0.14778551714058605,0.09357880066768662,-0.16935768891204994,0.0771019461164848,False,False,True,False,0.341484010219574,0.23703299462795258,False,False
2026-07-12,0.3074890077114105,25097615,-0.007607056931815067,0.11519805229968103,0.2293589878477922,0.16373508250777408,-0.2324654803057291,-0.12836458941636342,0.021392248784720534,61.46788070999567,0.006707986667838802,0.06567888368279044,38.546989358501904,0.6158353687221179,0.1306733951706376,0.08857842192038562,-0.17309076499655573,-0.39353780429625296,False,False,False,False,0.341484010219574,0.23703299462795258,False,False
2026-07-13,0.313603013753891,39722598,0.019688559287019156,0.10988357735408612,0.21804430426873903,0.17456798337988538,-0.21393873008736924,-0.11136404714500739,0.0169280723773995,63.56605786424623,0.006268782121438591,0.06529591245769044,40.11706753028982,0.6177439064487815,0.1418319752094994,0.11243128087152529,-0.1540512558458974,0.5827240158078766,False,False,False,False,0.341484010219574,0.23703299462795258,False,False
2026-07-14,0.3334580063819885,49964880,0.06138904091759115,0.07132978783923305,0.3302998746236334,0.21624155657114363,-0.0869635907953025,-0.12230904106829965,0.017610691084819968,69.3944413493212,0.00690160918182164,0.06291602356468845,42.92901733481226,0.6459992467496277,0.1967803158807555,0.18392965842752898,-0.09771703647829764,0.2578452194894201,False,False,False,False,0.341484010219574,0.23703299462795258,False,False
2026-07-15,0.35887399315834045,59636746,0.07345439335529401,0.11073298331401583,0.3764007122457699,0.2702265282313342,0.013533157294697382,-0.19294003435282933,0.11326383670991146,74.92433044967916,0.008512350536098442,0.06149733155511106,47.247673236482605,0.6851537423549198,0.2622407850366527,0.2726309600977456,-0.026078847904266757,0.1935732858759993,True,False,False,False,0.341484010219574,0.23703299462795258,True,False
2026-07-16,0.3648039996623993,67421745,0.016388889239350463,0.19663495739459882,0.3447392628549236,0.27504308761446516,0.04663491132469746,-0.15231235680287283,0.18350425468315681,76.01330900678208,0.009388640794106526,0.06079239350284637,50.77846133991321,0.6855865177219921,0.257508585633391,0.2906355436212191,-0.006956865382794668,0.13054030479798473,True,False,False,False,0.341484010219574,0.23703299462795258,False,False
2026-07-17,0.37280699610710144,59298189,0.02170062689014717,0.21612902310184365,0.32892900024253907,0.29743694693043954,0.04947278793128728,-0.04011970860891653,0.22550543810829435,77.43740102465044,0.009869549513962654,0.05981015366919708,53.26425829739676,0.6859820440058882,0.25751120956013457,0.3144545494671861,0.017731105356317247,-0.12048866430259253,True,False,False,False,0.341484010219574,0.23703299462795258,False,False
2026-07-18,0.35798999667167664,35619675,-0.04055580526463803,0.1444586474929491,0.27362262487871086,0.256043577653068,0.018989704627315647,-0.0013985211699640804,0.1812360293093514,69.24099716391217,0.008598617190614253,0.06180626726688827,52.629003206817735,0.7077258207185342,0.18484688460673962,0.2587772938511293,-0.019632180713835195,-0.399312599580402,False,False,False,False,0.341484010219574,0.23703299462795258,False,False
2026-07-19,0.3542180061340332,29038498,-0.010592483631333287,0.14147322079343094,0.25667127309311205,0.23981963497709344,-0.011103585331262947,-0.037713765729227584,0.20236544256563432,67.28842122689643,0.0069815578894949736,0.060967770446178744,51.50365207247779,0.7108192519812202,0.1528922039682219,0.24280329387065774,-0.027004566560582154,-0.18476241010059746,False,True,False,False,0.341484010219574,0.23703299462795258,False,False
2026-07-20,0.3824700117111206,45856492,0.07673768931676211,0.19852235082317374,0.3084059281772599,0.3257748438141773,0.06809404866928699,0.0044048027225786724,0.3028194854483936,73.35022118258115,0.007260106060425171,0.0591055567823119,50.39152944866751,0.7469366955608778,0.21657150005714892,0.3367176026010037,0.053841440792942306,0.5791619800721097,False,False,True,False,0.3883439898490906,0.23703299462795258,False,False
2026-07-21,0.38669899106025696,60471606,0.010996340069998205,0.1481296499755808,0.21945943781481375,0.3679327754618058,0.12687032113973915,0.0202370505874395,0.27471325570053967,74.1232242576545,0.00716254165343894,0.05873807271965448,48.98306831317268,0.7313993461211449,0.20315848243691967,0.34634021749952193,0.06896447594209884,0.3187141746472888,True,False,False,False,0.3883439898490906,0.23703299462795258,False,False
2026-07-22,0.3984319865703583,43188456,0.029890220555920125,0.10456547717620672,0.2152984604902226,0.3991165403653865,0.12884961761392413,0.02285523864538397,0.30075811181374223,76.18698795076267,0.007296915555939299,0.05689434961913519,48.69707328439035,0.7322114397974678,0.21323970078919083,0.37792074341968884,0.10471908744235155,-0.28580603597662013,False,False,False,True,0.3883439898490906,0.34956398606300354,True,False
2026-07-23,0.38894200325012207,37665627,-0.02410656946262468,0.06407001847423166,0.26070497586883057,0.4040378543060173,0.12968735774695017,0.02257503579732841,0.25826208398972716,71.23814538346477,0.006198587720652592,0.059043667806870356,47.31181298596845,0.7288238089411212,0.1629819919967332,0.33664283889412777,0.08204680995329214,-0.12787743558139708,False,False,False,False,0.3883439898490906,0.34956398606300354,False,False
2026-07-24,0.3744949996471405,34600847,-0.03785178981007108,0.004517601774013302,0.22064662487585698,0.3888231180553573,0.0786542114314693,2.936546132542379e-05,0.2654622783253163,64.38193871963158,0.004054729188346214,0.06264022516820733,44.482670493282775,0.740154369302483,0.10293136641341792,0.27835126508673363,0.04602302545460431,-0.08136808661116934,False,False,False,False,0.3883439898490906,0.34956398606300354,False,False
2026-07-25,0.3701019883155823,24771062,-0.011799839039488733,0.03327356799916249,0.1777322154921116,0.41187163146546496,0.07936564434434587,-0.19201186668452128,0.2140978468609779,62.41483022122339,0.0020003176280606605,0.0611273329068179,40.81877792161537,0.7256401442159345,0.07478839427502113,0.25370863860593384,0.037964335835475836,-0.28409087789093723,False,True,False,False,0.3883439898490906,0.34956398606300354,False,False
2026-07-26,0.38006100058555603,29582418,0.026553155942355924,0.07041920757285185,0.21189242836628255,0.422509470620044,0.13590489263424957,-0.0696036233604819,0.21710944255220044,65.02383615206351,0.0010210188345150598,0.05899795926497995,37.51387516620304,0.7269909769079663,0.08805441639324166,0.27679546408928857,0.06976365468392838,0.19423293195907387,False,False,True,False,0.4116179943084717,0.34956398606300354,False,False
2026-07-27,0.3872259855270386,44975147,0.018676696838428125,0.012358215094517953,0.2108805659176917,0.45556489042476245,0.17678144955506314,0.00040029104772430876,0.2511642065342404,66.80893954806815,0.0005862809505369909,0.05943552133741246,36.792258784748654,0.7198102635878121,0.09652397882979195,0.2907772892225327,0.0936508262231025,0.5203336995643832,False,False,False,False,0.4116179943084717,0.34956398606300354,False,False
2026-07-28,0.36770299077033997,40076606,-0.05173294253415215,-0.05037106750963235,0.09775858246594842,0.4081951705183509,0.14116944959723582,-0.015605031325528967,0.14651738148349733,58.106661343589536,-0.001188847796203596,0.06289271006621756,35.75298845835436,0.7541469176387063,0.034437138934827846,0.21742847370101148,0.04247917701905643,-0.10891662010576642,False,False,False,False,0.4116179943084717,0.34956398606300354,False,False
2026-07-29,0.35934901237487793,33533300,-0.022981426452984673,-0.10324271451853727,0.0013227626576695886,0.3542105011992938,0.10601653757667434,-0.015904609636377083,0.08798411017072766,54.81632785826014,-0.0029955622299500106,0.06391436268374372,32.45335066981102,0.761941323521646,0.0025214790154877266,0.18203559892332757,0.022728531906424307,-0.16326996352934675,False,True,False,False,0.4116179943084717,0.34956398606300354,False,False
2026-07-30,0.36896398663520813,39980934,0.026404946537821772,-0.05273119851809091,0.011338819956140802,0.43148197717441883,0.12097132569330976,-0.005279255398969835,0.09729717289518276,57.779627169754534,-0.003573798932319374,0.062221968270677004,28.62696420093942,0.7288987481622626,0.01958636171492709,0.20467328786969924,0.05399621334955825,0.19227555892202686,False,False,True,False,0.40697699785232544,0.34956398606300354,False,False
2026-07-31,0.34454798698425293,30889616,-0.06846566674574125,-0.083345075453761,-0.0788274736797477,0.3356627546955199,0.03741474023811569,-0.07979268715993158,0.09231506200087575,48.99271010018431,-0.005515369310587267,0.06749166345237657,25.736383043763144,0.7821213757702404,-0.05242876195496945,0.11927265954405798,-0.012041688974007553,-0.22739133608034268,False,False,False,False,0.40697699785232544,0.34956398606300354,False,True
2026-08-01,0.3255839943885803,32690333,-0.05661289970041558,-0.12815813611468785,-0.09488456811552526,0.2309995163649075,0.07577639814501569,-0.11461381767156992,0.037680758092120605,43.463913978941186,-0.007849165501535357,0.07195806753501376,23.56943014981713,0.804907330099494,-0.10680575146768688,0.05325144434259781,-0.061868374812864294,0.05829522128083431,False,True,False,False,0.40697699785232544,0.34956398606300354,False,False
2026-08-02,0.32541099190711975,29167594,-0.0005315017447912584,-0.15524279380183506,-0.08482358622898319,0.19295712511758462,0.08982597782561189,-0.1334956972646557,0.03259572403569004,43.41577975703806,-0.009089372854639108,0.06970484539273167,22.124952602030024,0.7980828354621654,-0.10872393897100009,0.048483173490439846,-0.057975165712995,-0.10776087842237647,False,True,False,False,0.40697699785232544,0.34956398606300354,False,False
2026-08-03,0.32851800322532654,27475770,0.009502666869750756,-0.1644168237705125,-0.15205860867599452,0.18770922188814515,0.1737234663537647,-0.1280184506805417,0.03793846758931436,44.60234518189074,-0.009349086854411971,0.06662592030032972,22.591167809314562,0.7976041452600268,-0.09960493977091543,0.054423713164847225,-0.044983111898310876,-0.05800355010426983,False,False,False,False,0.40697699785232544,0.34956398606300354,False,False
2026-08-04,0.27980801463127136,91986434,-0.16048793479749646,-0.27317181603385676,-0.3235428835434891,0.020862418936382982,0.08349959644741972,-0.33299133038246326,-0.09992341716906158,32.9401203181351,-0.012266163398978352,0.08707209284552389,30.73265034484946,0.9871364314357336,-0.2247078455118574,-0.10225845284263976,-0.1826897664544116,2.347911050354549,False,False,False,False,0.40697699785232544,0.34956398606300354,False,False
2026-08-05,0.2935670018196106,76214646,0.04800219283700958,-0.20218819674386243,-0.3054309112623997,0.043861577540778525,0.13320876259627745,-0.2714802721694739,-0.13410607289801157,37.88096855094171,-0.012681324169156532,0.0840475212307224,35.08076531339576,0.997470194616815,-0.17847668107973175,-0.05910907586955811,-0.13854993011234476,-0.17145776082590614,False,True,False,False,0.40697699785232544,0.34956398606300354,False,False
2026-08-06,0.29183700680732727,39036847,-0.005910448247715968,-0.23450359152939998,-0.2872347900474909,-0.06199170113938165,0.07444940104987949,-0.33060344128010727,-0.08442727072076903,37.50677906328978,-0.012466136544525388,0.08248183814398685,38.700558454441314,0.9321282712794368,-0.17395939016605147,-0.06554901025475746,-0.13998796050330228,-0.4878038664641964,False,False,False,False,0.40697699785232544,0.34956398606300354,False,False
2026-08-07,0.285861998796463,25980929,-0.020686277875541916,-0.18672420265920078,-0.2700692781129618,-0.11672917689543479,0.07277254154586334,-0.33233636008310913,-0.10560464925995322,36.177584965385535,-0.012109633214389294,0.08063712991839393,42.518518070402045,0.9249601477584962,-0.18252691275310756,-0.08519271995399898,-0.15421185475878213,-0.33445114048273417,False,False,False,False,0.40697699785232544,0.34956398606300354,False,False
2026-08-08,0.28926798701286316,21335827,0.011844376467844468,-0.11826692649094071,-0.24642506260562852,-0.035371715586357926,0.10458178837379294,-0.35810656657805595,-0.14308360369309064,37.536506058243944,-0.011056970864313521,0.07611162381152387,45.494958075036635,0.895372092032214,-0.16503270693729963,-0.07491939769948122,-0.14120006095817633,-0.17878891089691207,False,False,False,True,0.40697699785232544,0.275736004114151,False,False
2026-08-09,0.2818869948387146,22185803,-0.02584728604286068,-0.14358271078901017,-0.29882550459084517,-0.06342556281212101,0.0981508163437205,-0.3737212048934259,-0.17071200411000692,35.75957865107466,-0.010286350642190776,0.0754868170095868,47.88980899616,0.8993751757388212,-0.17435225348296207,-0.09885561071188292,-0.1600513493777579,0.039837968314984984,False,False,False,False,0.40697699785232544,0.275736004114151,False,False
2026-08-10,0.29406100511550903,33032290,0.04228098310324556,-0.11080439455551531,-0.2752212183260278,-0.05225915005313197,0.09726173345177042,-0.29459713757843076,-0.06426728501108284,40.742274952953345,-0.008461506901041974,0.0712116060160355,48.375500040622974,0.9053910077935116,-0.12684863611098665,-0.061521588664335505,-0.12078597429184176,0.4888931448638574,False,False,False,False,0.40697699785232544,0.275736004114151,False,False
2026-08-11,0.29360100626945496,26218515,-0.0015655221235735194,0.0481180181184076,-0.22505379791544916,-0.046217615244890535,0.1175174672628836,-0.2786830955506197,-0.1745822046612539,40.61408897702418,-0.006858545067250301,0.07015746876329271,47.26365531154907,0.9051436349081745,-0.11443182192300617,-0.06455925418918222,-0.11912727595320131,-0.20627619217438453,False,False,False,False,0.40697699785232544,0.275736004114151,False,False
2026-08-12,0.2894060015678406,25215824,-0.014391172132752924,-0.01427534685135505,-0.21646354359521755,-0.08029734666466262,0.09427063671522291,-0.29423607675203195,-0.19166139380967007,39.3967377619159,-0.005701411759017408,0.06903794625210331,46.38200535577576,0.9028864156092856,-0.11378174476201072,-0.07966910571320311,-0.12870392668098496,-0.03824362287490346,False,False,False,True,0.40697699785232544,0.28048500418663025,False,False
2026-08-13,0.2956959903240204,20609809,0.02150131487065854,0.013136416267019288,-0.22136717526238067,-0.12018507271159537,0.09605648385954821,-0.20714866350689787,-0.24249411377989494,42.194497764276925,-0.004202251515264842,0.06508468562070274,45.57343754356526,0.8776303499827905,-0.08346262188805946,-0.062162351905888355,-0.10708756386642283,-0.18266367182765875,False,False,False,False,0.40697699785232544,0.28048500418663025,False,False
2026-08-14,0.29600000381469727,30692518,0.001027600390878611,0.0348502945334398,-0.15187390812576088,-0.19261186567601093,0.07761466255532326,-0.17907870838131346,-0.38555190002884027,42.333067686660605,-0.0029397370475970405,0.06358143418676929,44.52325703267992,0.8323666297733164,-0.07186127865413179,-0.06421601410520732,-0.10319234426294409,0.4892189442415502,False,False,False,False,0.40697699785232544,0.28048500418663025,False,False
