Date,Close,Volume,Log_Return_1d,Log_Return_7d,Log_Return_14d,Log_Return_30d,Log_Return_60d,Log_Return_90d,Log_Return_120d,RSI_14,MACD_Hist,ATR_14_Pct,BB_Width,Volatility_30d,Close_to_SMA20,Close_to_SMA50,Close_to_SMA200,Volume_Change_1d,Bullish_FVG,Bearish_FVG,Swing_High,Swing_Low,Last_Swing_High_Price,Last_Swing_Low_Price,Bullish_BOS,Bearish_BOS
2024-07-05,1.9222049713134766,742566807,0.11021363309533741,-0.028922129886903732,0.0868441030770811,-0.5684316295146888,-0.5584927570924745,-0.6202513913820626,0.11430073001182024,42.91867948752697,0.021692087428937773,0.144103540945277,46.169330882708415,1.520127904698215,-0.044694569809194694,-0.2564895024138446,0.03901480712332778,0.4857839475769903,False,False,False,False,2.3430049419403076,1.521522045135498,False,False
2024-07-06,2.012403964996338,377789153,0.04585706024945735,-0.03753406452512234,0.14296006937505545,-0.47287285662035927,-0.4008513513489302,-0.6267949084067993,-0.07076666165825798,45.47212217106324,0.028343548706270816,0.13393409696367745,38.03733625437741,1.5322896182217551,0.01505747200423372,-0.21689107869694602,0.08231340971909262,-0.4912388361038066,False,False,False,False,2.3430049419403076,1.521522045135498,False,False
2024-07-07,1.6641600131988525,434816977,-0.1900095103615774,-0.27863759606588334,0.04808961378042368,-0.5413157551588641,-0.5134062764150816,-0.9257535352628913,-0.2714996394074463,38.34094136895932,0.010553086233991288,0.16606827444098196,37.93505431176869,1.6084752231777266,-0.1466996084957912,-0.34788863613257526,-0.10852297052683174,0.1509514594242467,False,False,False,False,2.3430049419403076,1.521522045135498,False,False
2024-07-08,1.6594380140304565,613488673,-0.0028415002698139844,-0.31234049172858186,-0.10245689959213648,-0.4906231583490329,-0.6315883069259857,-0.7711262609148486,-0.2528383292366983,38.253339658035955,0.0002742207830214727,0.1650394487069876,40.061617037934084,1.6041104103902477,-0.14016951434913721,-0.3452749217477394,-0.1143226597861564,0.4109124193648952,False,True,False,True,2.3430049419403076,1.5135949850082397,False,False
2024-07-09,1.7015520334243774,408747742,0.02506179612065837,-0.2578411148207789,-0.1818471671949255,-0.48839585017876874,-0.5598998774661934,-0.7562903413677092,-0.21298181733029004,39.57927163025611,-0.0017693457843146188,0.15485356234079334,41.38865467830616,1.6048139276430755,-0.11078678882741412,-0.3226496447785219,-0.09540735503070517,-0.3337322105700882,False,False,False,False,2.3430049419403076,1.5135949850082397,False,False
2024-07-10,1.649520993232727,316602823,-0.031055856771234337,-0.0938143737630101,-0.19472208207966005,-0.4898187476705483,-0.5982959772244943,-0.7405764363327878,-0.27531029215842107,38.47985649273274,-0.004548144485129357,0.15556495151425345,43.37853105155753,1.6049706083130435,-0.13110557713844948,-0.33754461527335683,-0.12635496987416814,-0.2254322398189541,False,False,False,False,2.3430049419403076,1.5135949850082397,False,False
2024-07-11,1.5430279970169067,347211549,-0.06673822088251004,-0.1095125988196825,-0.31422860228883204,-0.5011345350387885,-0.6559031900100389,-0.5492448576400213,-0.5367840362872802,36.2598071561701,-0.011107371882877137,0.1645891570531092,46.262832178723045,1.6089203341413598,-0.18247972290152292,-0.37280518820969927,-0.18577394914130146,0.09667862626733426,False,False,False,False,2.3430049419403076,1.5135949850082397,False,False
2024-07-12,1.568824052810669,273613761,0.016579610011723526,-0.20314662190329646,-0.23206875179020037,-0.5298082899340858,-0.649551162854754,-0.40227411524549844,-0.7020418343376987,37.20489444442973,-0.011224559014772567,0.1540974887276774,48.37857815670096,1.5980949515250156,-0.1649301117524374,-0.3552023726769237,-0.17514833513837275,-0.21196814510337614,False,False,False,False,2.3430049419403076,1.5135949850082397,False,False
2024-07-13,1.6036889553070068,189939685,0.02198024473924394,-0.22702343741351003,-0.2645575019386324,-0.39732220876147034,-0.5512268480955385,-0.6435639067813483,-0.5586301589037189,38.531467656721944,-0.006693521317425927,0.14310029174757213,48.120128011831945,1.567744945195666,-0.14677297803504183,-0.3339244453229782,-0.1599720531406858,-0.3058109200874586,False,False,False,False,2.3430049419403076,1.5135949850082397,False,False
2024-07-14,1.7290430068969727,308019816,0.07526150774578126,0.038247580693848454,-0.2403900153720348,-0.3040394667051963,-0.5711402781374932,-0.4644596396382123,-0.24765995797300572,43.17926199379385,0.0063034711535764065,0.1297004271973873,48.7389056033312,1.5976473430394942,-0.07739379559256826,-0.2736506159658678,-0.09796926345868427,0.6216717217362975,False,False,False,True,2.3430049419403076,1.5003230571746826,False,False
2024-07-15,2.1742799282073975,561304148,0.22912946198708073,0.2702185429507434,-0.042121948777838605,-0.10577532760413769,-0.2676682845562395,-0.21038485228375717,-0.3210860575487896,55.926340255363016,0.04432524679709529,0.11044418424023274,49.9753279394288,1.7987091559932848,0.1560676663567878,-0.08060938753121277,0.1284487768380308,0.8222988224887453,True,False,False,False,2.3430049419403076,1.5003230571746826,False,False
2024-07-16,2.207181930541992,662560397,0.015019015055070898,0.2601757618851559,0.0023346470643770376,-0.16537056452864268,-0.23424153215400703,-0.09200263988025018,-0.1451392449055053,56.6994008367645,0.06962362997228547,0.10818531622319426,51.67714591598273,1.7780166859955504,0.16726047156362667,-0.05716270630952745,0.13952771114508586,0.18039462092127634,True,False,False,False,2.3430049419403076,1.5003230571746826,False,False
2024-07-17,2.1678669452667236,413337826,-0.017972847705316278,0.2732587709510739,0.17944439718806393,-0.06347736768304212,-0.1640924004376066,-0.17073281355169317,-0.06869976537666903,55.447875074810725,0.08085364841843126,0.10828701946095676,52.18985878567196,1.730420430081582,0.1447994592506438,-0.06103934532977844,0.11347967433368869,-0.3761507209432562,False,False,False,False,2.3430049419403076,1.5003230571746826,False,False
2024-07-18,2.4332969188690186,609058822,0.11550338494130283,0.45550037677488675,0.3459877779552043,0.16387279422259268,-0.03874609775860258,-0.18595395946022197,-0.06804545578709807,61.60908879984627,0.10194102179427456,0.09911393962026945,57.05813948136211,1.7306768013546903,0.2697231813946377,0.06536309120945695,0.24253567994688616,0.47351339192459974,False,False,False,False,2.3430049419403076,1.5003230571746826,True,False
2024-07-19,2.545646905899048,551670089,0.04513771017026474,0.4840584769334281,0.28091185503013144,0.22645496906295257,-0.10442862163064993,-0.1749029486409616,0.10649298509157941,63.88567993467212,0.11809980798425981,0.09534694648482649,62.73767119006091,1.7340147191118143,0.3127215041886854,0.12268945477145346,0.29207314904563775,-0.09422527172588924,True,False,False,False,2.3430049419403076,1.5003230571746826,False,False
2024-07-20,2.64353609085083,334321259,0.037732644580683504,0.49981087677486763,0.2727874393613575,0.3031574260830423,-0.040401256071498325,-0.10099099055329547,0.17253450327198222,65.7892363732511,0.12913035297844816,0.09064340411998761,68.68798765916243,1.7287480700577698,0.3477493246891339,0.1727119832184251,0.33329681211537415,-0.3939833504368224,False,False,False,False,2.3430049419403076,1.5003230571746826,False,False
2024-07-21,2.8258450031280518,416676762,0.06668998674674863,0.49123935577583505,0.5294869364696837,0.4721785894346448,-0.07084304555269211,-0.029408841291800228,0.21401021925030064,69.06010445627459,0.141461531929157,0.08877480045954116,76.65393265495457,1.6904937554688746,0.4204893527024571,0.25860904611362934,0.4154734917577322,0.2463364227759144,False,False,False,False,2.3430049419403076,1.5003230571746826,False,False
2024-07-22,2.7402660846710205,415849902,-0.030752409144814415,0.23135748464393988,0.5015760275946832,0.45168508633834736,-0.06580406520282003,-0.09522167534224892,-0.028801712869901134,65.87611363015844,0.13654310730080876,0.09037322687592107,81.92767292204319,1.6959630451516972,0.35908524807209247,0.22551019556349802,0.36370820953194827,-0.001984415919983551,True,False,False,False,2.3430049419403076,1.5003230571746826,False,False
2024-07-23,2.554089069366455,439559665,-0.07035939541826436,0.14597907417060454,0.40615483605576047,0.4764647456870286,-0.11756161092143974,-0.1953998631445806,-0.05167229394549564,59.45411179016539,0.11433965238910879,0.09689470599556829,82.99938804442715,1.6778037940069785,0.24384985527694122,0.1495856634552559,0.26339044434198855,0.05701519439098002,False,False,False,False,2.3430049419403076,1.5003230571746826,False,False
2024-07-24,2.500214099884033,373976228,-0.021319263299654015,0.14263265857626684,0.4158914295273408,0.3074404692846284,-0.2116772534197261,-0.23332945978041647,-0.2643463290775534,57.70114948421075,0.09064882144476705,0.09791384924700272,82.11741677996832,1.612992378792863,0.19495717778533267,0.13458019349320438,0.2294242898814157,-0.14920258208859993,False,True,False,False,2.3430049419403076,1.5003230571746826,False,False
2024-07-25,2.514746904373169,500508503,0.005795795882772153,0.03292506951773643,0.4884254462926231,0.20878420144395324,-0.1601030410984344,-0.12162169988081915,-0.19314840428359148,58.06037100213622,0.0714266618451595,0.09736361106211137,82.40604964370318,1.5767737387094072,0.18512165394851018,0.1503511569745893,0.2292411756795945,0.3383430965029146,False,False,True,False,2.8904519081115723,1.5003230571746826,False,False
2024-07-26,2.670591115951538,307846088,0.06012767560712293,0.04791503495459452,0.5319735118880226,0.287092818937576,-0.24232872438968672,-0.03513024628632551,-0.3371007049961302,61.80623636010153,0.0648684043019537,0.08948369065154498,83.93790839200203,1.5846978026953253,0.23934497251588593,0.22791513201040473,0.29736711934495524,-0.38493335047296884,False,False,False,False,2.8904519081115723,1.5003230571746826,False,False
2024-07-27,2.485675096511841,334340640,-0.07175554838098161,-0.061573158007070444,0.43823771876779716,0.16256897122993244,-0.41868912939676345,-0.0647347001832525,-0.4558108241445969,55.47493580861343,0.04469705984409582,0.09709002177909667,80.68836581059443,1.6014109689517801,0.13195334687694976,0.14683439069089677,0.20066437819102237,0.08606428027761726,False,False,False,False,2.8904519081115723,1.5003230571746826,False,False
2024-07-28,2.4122889041900635,185235030,-0.029968241721069228,-0.15823138647488844,0.3330079693009466,0.19818096999577148,-0.42033770936567355,-0.13936996759074427,-0.5692638629372377,53.14806335705341,0.02406641081748344,0.09624070120337513,76.55791097613431,1.5862851281635748,0.08002018044852062,0.1160458810389601,0.15895049986169896,-0.445969146915553,False,True,False,True,2.8904519081115723,2.329061985015869,False,False
2024-07-29,2.288908004760742,346943284,-0.05250119952978051,-0.17998017685985454,0.051377307784085405,0.0912107755783148,-0.38781518184929104,-0.08930972004154733,-0.6955066980177577,49.39667724412867,0.0009839736686515221,0.10281889330381479,72.42683272147605,1.5895403669256267,0.01148119471711213,0.0637286391364421,0.09438589545288399,0.8729895959743683,False,False,False,False,2.8904519081115723,2.329061985015869,False,True
2024-07-30,2.2880311012268066,240122216,-0.00038318340024147987,-0.11000396484183163,0.035975109328773,0.039733570998889856,-0.36800889198542514,-0.13376862056912286,-0.6144627588289051,49.37000521435842,-0.014609501127554589,0.09951684470062035,67.07548594285785,1.5800667265555242,-0.002972437156528059,0.06732917763420278,0.08856630798331458,-0.30789201845452063,False,True,True,False,2.6932079792022705,2.329061985015869,False,False
2024-07-31,2.1764960289001465,247464438,-0.049975409144884804,-0.13866011068706238,0.003972547889204496,-0.041103233538879444,-0.408779619828032,-0.22814713384454105,-0.5687600451024806,45.97001772917494,-0.03172025149705705,0.10343582024420535,59.43969645638213,1.5861940474893303,-0.06448661691375825,0.0188207788022437,0.030840624619867363,0.030577020828426837,False,False,False,False,2.6932079792022705,2.329061985015869,False,False
2024-08-01,1.9677369594573975,562867684,-0.10083212658918578,-0.24528803315902048,-0.21236296364128418,-0.1124977793409207,-0.4862257147899117,-0.45692315963750063,-0.6122906831227175,40.36657848394071,-0.05501733848630057,0.1191867862312309,53.05257988833407,1.6212554908393269,-0.16140596674113325,-0.07284898195713504,-0.07166085852583498,1.274539681535979,False,True,False,False,2.6932079792022705,2.329061985015869,False,False
2024-08-02,1.6610980033874512,508210954,-0.16940529935260654,-0.47482100811875,-0.4269059731641554,-0.086820480864524,-0.6766216104002831,-0.7144157012155741,-0.7576538553137042,33.84136749152496,-0.08709169967896593,0.14517459274556782,51.85196542827578,1.585188137689782,-0.2929517837444347,-0.21194650705807058,-0.21884160777664957,-0.09710404692552932,False,True,False,False,2.6932079792022705,2.329061985015869,False,False
2024-08-03,1.5981320142745972,408268744,-0.038643375413281125,-0.4417088351510494,-0.5032819931581201,-0.07442386045196753,-0.7564814531950811,-0.6996535919076352,-0.7012428586293166,32.67340109168178,-0.10723695619706108,0.14843677785104586,54.44370495391466,1.5810335443358416,-0.3178527828368886,-0.23641902150607313,-0.25075259125276594,-0.19665497017209121,False,True,False,False,2.6932079792022705,2.329061985015869,False,False
2024-08-04,1.4379030466079712,475364614,-0.10564962147954547,-0.5173902149095256,-0.6756216013844142,-0.29028711502685056,-0.8587187445415394,-0.8487798721193249,-0.9105385064089132,29.850155070828805,-0.1248119147274303,0.16636961935533529,64.86841798662937,1.566600673585605,-0.3764453298023328,-0.3064880228697088,-0.3274601376460517,0.16434241167381658,False,True,False,False,2.6932079792022705,2.329061985015869,False,False
2024-08-05,1.264902949333191,1254958426,-0.12819043529754431,-0.5930794506772894,-0.7730596275371441,-0.46433461057385217,-0.9372074671942116,-0.8651859619227823,-1.0911295189806516,27.124869401279298,-0.1403851039620227,0.19700534427543134,77.45760235295839,1.6060804951869214,-0.44002684782795326,-0.38194321086433203,-0.40962121090239234,1.6399912594251282,False,True,False,False,2.6932079792022705,2.329061985015869,False,False
2024-08-06,1.4127980470657349,567083148,0.11057676921021169,-0.48211949806683646,-0.5921234629086681,-0.16374833100206324,-0.7050640861609273,-0.677154607417145,-1.0895018662649545,32.775358610076324,-0.13308850294498842,0.17441646428920587,85.47818473323933,1.535639167365321,-0.36392255567365395,-0.30357299127445214,-0.34214890796523245,-0.5481259488352166,False,False,False,False,2.6932079792022705,2.329061985015869,False,False
2024-08-07,1.6056790351867676,963764650,0.1279745734418938,-0.3041695154800578,-0.4428296261671203,-0.032932257290355406,-0.5235554156393882,-0.664520564216341,-0.804058518205204,39.37717170470404,-0.10866583029347367,0.16014257823646513,89.94909199781777,1.604684040153788,-0.26335848597208167,-0.20488941230766178,-0.2545416985127016,0.6995120616774173,False,False,False,False,2.6932079792022705,2.329061985015869,False,False
2024-08-08,1.9144669771194458,791355608,0.1758925009650332,-0.027444887925838667,-0.27273292108485925,0.11789844755401954,-0.3704974026247492,-0.4420014299121741,-0.6383918938136899,48.15517496538881,-0.06714456216499737,0.1389231717595779,90.47452725648533,1.7178833379272946,-0.10879177393669845,-0.05089784245603661,-0.11450438869704246,-0.17889122826822923,True,False,False,True,2.6932079792022705,1.0837090015411377,False,False
2024-08-09,1.8230129480361938,480687374,-0.048948644689465325,0.09301176673730246,-0.38180924138144756,0.1000056596357884,-0.3898130880347598,-0.49829031758870596,-0.6405707766969992,46.02937771389339,-0.04247231064523124,0.14242132103866303,90.52735875195553,1.723593952574146,-0.13484181064074802,-0.09507725714672544,-0.1598966420533403,-0.39257728239919165,False,False,False,False,2.6932079792022705,1.0837090015411377,False,False
2024-08-10,1.8135119676589966,219410518,-0.00522531934487715,0.1264298228057065,-0.315279012345343,0.16151856117342142,-0.3396159738653671,-0.4943846288366176,-0.38772629646659984,45.80316105255184,-0.024327201411357247,0.1365213655750847,87.70799546297063,1.7053772996212788,-0.1181678630317263,-0.10025074327440642,-0.1672144358865004,-0.5435484061622138,False,False,False,False,2.6932079792022705,1.0837090015411377,False,False
2024-08-11,1.6305400133132935,337502050,-0.10635402246112485,0.12572542182412694,-0.3916647930853987,0.03858492870057295,-0.49122336123351273,-0.6109662341541809,-0.36368918654492544,41.56641137169279,-0.02223944080587356,0.15243703647869467,86.20169185102665,1.7485815051149676,-0.18515416718011693,-0.19011534751400444,-0.25343131817776854,0.5382218367489566,False,False,False,False,2.6932079792022705,1.0837090015411377,False,False
2024-08-12,1.7284940481185913,443362136,0.05833928053082425,0.3122551376524955,-0.28082431302479394,0.07494396449215343,-0.322378244269317,-0.4762828836033851,-0.5686199422891948,44.52482258556249,-0.01234683058147154,0.1412330944120091,84.81569300713656,1.7585680285613294,-0.11800789600406723,-0.14267520733134617,-0.21101268790469296,0.31365760889452377,False,False,True,False,1.9481019973754883,1.0837090015411377,False,False
2024-08-13,1.7020560503005981,280690628,-0.01541357536370848,0.18626479307857557,-0.29585470498826094,-0.015731118617336178,-0.3197705853225325,-0.5868713967548296,-0.4801907582555484,43.87910200521592,-0.005991146790868346,0.1373153701887165,83.2881706069338,1.7396874154848208,-0.11344480968805383,-0.15464434758835963,-0.22546883167977283,-0.36690437633582673,False,False,False,False,1.9481019973754883,1.0837090015411377,False,False
2024-08-14,1.578125,321844449,-0.07559952814885075,-0.01730930851216899,-0.32147882399222677,-0.32046010875326775,-0.42623543635740546,-0.5881283933095073,-0.5308449610370248,40.885795855677316,-0.008393639226363742,0.1454792842586077,81.5315878886762,1.5474771770572326,-0.15744465789137235,-0.2125771919617324,-0.28387424028594277,0.14661629885269978,False,False,False,False,1.9481019973754883,1.0837090015411377,False,False
2024-08-15,1.4796030521392822,365844832,-0.06446358969376433,-0.2576653991709666,-0.28511028709680525,-0.39994271350210303,-0.5653132780307456,-0.63418424565611,-0.49194535338235307,38.6297258308485,-0.014518963863837109,0.15203128748201436,75.81367674516338,1.555675589325719,-0.18410525944765294,-0.2578511639556916,-0.3303273774002971,0.13671319526160297,False,True,False,False,1.9481019973754883,1.0837090015411377,False,False
2024-08-16,1.3941479921340942,314574231,-0.05949037343015307,-0.2682071279116543,-0.1751953611743519,-0.44146023922693983,-0.5049376069099819,-0.6055526396645465,-0.612193052778633,36.73623070931955,-0.02178959805131192,0.15774065248924501,72.40254588349264,1.5639530101089871,-0.20737353949149806,-0.2956368616826898,-0.3705437317309307,-0.1401430238052399,False,True,False,False,1.9481019973754883,1.0837090015411377,False,False
2024-08-17,1.4197989702224731,216702669,0.018231820967619158,-0.24474998759915798,-0.11832016479345153,-0.5387318032006233,-0.3748590089780307,-0.5774779009592259,-0.7246857626608453,37.72301219583005,-0.022256760729424535,0.1482573873636955,67.54203466892702,1.4974039839899358,-0.1693546267255491,-0.2786038572437248,-0.36060460929939653,-0.3111239013090046,False,False,False,False,1.9481019973754883,1.0837090015411377,False,False
2024-08-18,1.3918449878692627,225804445,-0.019885094903290268,-0.15828106004132342,-0.03255563821719645,-0.6037546082741784,-0.37729963921122583,-0.7081832299048283,-0.7786575569151399,37.044873563241865,-0.02180536551571699,0.1448319032290098,63.36923362793263,1.4799951096987345,-0.16376524082072064,-0.28775866194742244,-0.374799125081187,0.04200121780687427,False,False,False,False,1.9481019973754883,1.0837090015411377,False,False
2024-08-19,1.4230910539627075,272248018,0.022201107963075395,-0.19441923260907223,0.11783590504342326,-0.6192861448917866,-0.3161287188087443,-0.6596874009632847,-0.7202771354450819,38.37833930991191,-0.01697419126529781,0.1368451887748013,55.78911582301947,1.4733295713143595,-0.12218377107087944,-0.26594082900961713,-0.3624753538579085,0.20568050819371608,False,False,False,False,1.9481019973754883,1.0837090015411377,False,False
2024-08-20,1.549291968345642,443033761,0.0849667275679228,-0.09403892967744103,0.09222586340113459,-0.6010094040706124,-0.12883081463596763,-0.6718524496233044,-0.6304182453624126,43.5766416351547,-0.0035526303010161298,0.12579055702025158,47.05772321860637,1.4882685813937455,-0.025487159579312614,-0.1948757489703105,-0.3079370590775766,0.6273167542398785,False,False,False,False,1.9481019973754883,1.0837090015411377,False,False
2024-08-21,1.5609660148620605,282552732,0.007506837954483149,-0.010932563574107266,-0.028241872086276234,-0.5627501569713149,-0.11106507063296747,-0.6285542221741349,-0.6579718323135637,44.04685636374147,0.00724889823972652,0.1218861447848782,42.239317521737206,1.4907815306028265,-0.005420412465106762,-0.18336791805788918,-0.3047691424285296,-0.3622320534619482,True,False,False,False,1.9481019973754883,1.0837090015411377,False,False
2024-08-22,1.6195329427719116,294387105,0.036832930837460504,0.09036395695711763,-0.16730144221384896,-0.45555783071559,0.020906914971438713,-0.5731194416370298,-0.6509576938601705,46.457598987646364,0.018818079675890498,0.11458518097404616,42.06466424655822,1.4909702704993126,0.03326410403060237,-0.15102058888213474,-0.2809377498430516,0.04188376773507896,False,False,False,True,1.9481019973754883,1.3297309875488281,False,False
2024-08-23,1.8371089696884155,487512873,0.12605532310183998,0.27590965348911073,0.00770252557745641,-0.30818324431409594,-0.0007427750294675022,-0.519860497733822,-0.5415127040945124,54.32989856292466,0.04036663448121547,0.10504456053009929,44.31580109986527,1.5698686848393502,0.16321029510364682,-0.038129274780543405,-0.18726644108039117,0.6560265878493556,False,False,False,False,1.9481019973754883,1.3297309875488281,False,False
2024-08-24,1.968641996383667,450428925,0.06915083926049166,0.3268286717819832,0.08207868418282525,-0.24482820093637647,-0.03604399949242328,-0.40493124203481085,-0.36644990081719575,58.319631073383846,0.06145738934425113,0.09952429638674014,47.58056450041009,1.5934080297271476,0.22589550770378208,0.030237615497995706,-0.13248933963066684,-0.07606762826958213,True,False,False,False,1.9481019973754883,1.3297309875488281,True,False
2024-08-25,1.9052720069885254,320931965,-0.03271917890078505,0.3139945877844884,0.15571352774316505,-0.3376750554442845,-0.05058223650670862,-0.5800037798339712,-0.37280530173061005,55.79086641411969,0.06857726287200555,0.09993523202998758,45.118798307786115,1.5761439076979382,0.16324130601930023,-0.001806151918616044,-0.1635278432070863,-0.2874969896748971,False,False,False,False,1.9481019973754883,1.3297309875488281,False,False
2024-08-26,1.771785020828247,375107335,-0.07263725945782638,0.21915622036358653,0.024736987754514307,-0.33855676652112937,-0.17598779529119699,-0.7572458959178929,-0.4032914667043818,50.79454156788049,0.061936218723095626,0.1066603293224205,43.32976082981534,1.5765728194765916,0.07001634900484685,-0.07278715039218103,-0.2247743837768396,0.1688064010700836,False,False,False,False,1.9481019973754883,1.3297309875488281,False,False
2024-08-27,1.5763609409332275,409590516,-0.11686853610004788,0.017320956695615855,-0.07671797298182514,-0.42545706090010804,-0.22727609090433662,-0.8457947702657816,-0.5648270284908523,44.51005853378019,0.04292438667913459,0.12319387866248495,43.494621521567915,1.6181252465310614,-0.047160616279004836,-0.17433880598770488,-0.3122757174008272,0.0919288368487916,False,True,True,False,2.024385929107666,1.3297309875488281,False,False
2024-08-28,1.5823750495910645,447386420,0.0038079256658826843,0.013622044407015386,0.002689480832908303,-0.3691479357044449,-0.27793716012612996,-0.7569631175537358,-0.4584576557459923,44.736662496590185,0.029912897333003785,0.12145523417019292,41.564491077136964,1.6132548473821071,-0.03382814913549857,-0.17015273905791484,-0.31155238626355286,0.09227729286583375,False,True,False,False,2.024385929107666,1.3297309875488281,False,False
2024-08-29,1.5404390096664429,303857026,-0.026859467302059615,-0.05007035373250467,0.040293603224613034,-0.39562421960626304,-0.3558906486073732,-0.763633111591688,-0.5293928401753859,43.405595894308796,0.0182161463098868,0.12326692707710761,40.869519355880435,1.6134356037341695,-0.051248961470377025,-0.19121997600128507,-0.33160688685515644,-0.3208175026859331,False,False,False,False,2.024385929107666,1.3297309875488281,False,False
2024-08-30,1.5500789880752563,277489956,0.006238442668852236,-0.1698872341654923,0.10602241932361835,-0.33941036779252587,-0.3805136013314054,-0.7481899876205578,-0.567557501637067,43.819401050647,0.011206553530386576,0.11936291844688553,39.90683438908286,1.6092124597338877,-0.037503602559416344,-0.1862189295965879,-0.32914116142594396,-0.08677459378543384,False,False,False,False,2.024385929107666,1.3297309875488281,False,False
2024-08-31,1.5177539587020874,119709025,-0.02107430638608942,-0.26011237981207336,0.06671629196990966,-0.2596525475894294,-0.37215032693035016,-0.7458782623793412,-0.7165757072269302,42.69215673983698,0.00479858440786006,0.11634049664705587,40.339156362423864,1.5770969443209775,-0.05426368307147329,-0.20276185084858114,-0.3447580635271693,-0.5686005117965423,False,False,False,False,2.024385929107666,1.3297309875488281,False,False
2024-09-01,1.3995989561080933,203916036,-0.08104584763425772,-0.30843904854554594,0.0055555392389422765,-0.17129309587108063,-0.2581135767356046,-0.8479147062713638,-0.8857087970866547,38.766551258427825,-0.006384787652797735,0.12407734130087497,41.581819059623314,1.4915363773483,-0.11885888034688573,-0.26324606501224773,-0.39701815890803815,0.703430764723044,False,False,False,False,2.024385929107666,1.3297309875488281,False,False
2024-09-02,1.5413559675216675,251832475,0.09647679174397483,-0.13932499734374476,0.07983122301984194,-0.03617292871382467,-0.11059678916579224,-0.7926543819089057,-0.7358265206214599,45.26889454723716,-0.003373509162404101,0.11223525860510748,41.330901049495864,1.5280039568602968,-0.024679635225264996,-0.18701822537189322,-0.33756605971462295,0.23498122040779568,False,False,False,False,2.024385929107666,1.3297309875488281,False,False
2024-09-03,1.4934910535812378,334600762,-0.031546158985698326,-0.05400262022939516,-0.03668166353377933,0.03793053378002257,-0.25235658124682797,-0.8207882107615169,-0.8108493383393024,43.585892909248635,-0.0037166942719869395,0.11418798385096054,41.72001956577096,1.4855239754163083,-0.05242971811293186,-0.2065662626867684,-0.35967759880505334,0.32866407320977964,False,False,False,False,2.024385929107666,1.3297309875488281,False,False
2024-09-04,1.6373289823532104,357749103,0.09194987639641593,0.03413933050113812,0.04776137490815353,0.2580708454739828,-0.20626376509986938,-0.6791366217202286,-0.6071151164487997,49.64449495510333,0.006098096818421536,0.10590591514219053,41.24976023076243,1.441884396013447,0.03365864591653664,-0.12485190356126366,-0.29988816353290004,0.06918197335127418,False,False,False,False,2.024385929107666,1.3297309875488281,False,False
2024-09-05,1.5308970212936401,286795653,-0.06721239278398773,-0.006213594980790034,-0.05628394871329468,0.08028168347978343,-0.08346664752227984,-0.6247824026811439,-0.5968729239373616,45.73088415729444,0.005779664542030077,0.11134777656199069,39.736110069595895,1.4167682042496714,-0.03768654843479714,-0.17612963294543538,-0.34696368281590256,-0.19833299204666355,False,False,False,True,2.024385929107666,1.3889089822769165,False,False
2024-09-06,1.4923529624938965,413717052,-0.025499808192231972,-0.03795184584187434,-0.2078390800073667,-0.07319269815434236,-0.10612495544469777,-0.5967481137937307,-0.7377132623706835,44.36681967919098,0.003445891217707081,0.1153880938840639,38.851181825747375,1.3452665747239385,-0.06404942869155048,-0.18865560103133355,-0.36491334018761257,0.44254993990442393,False,False,False,False,2.024385929107666,1.3889089822769165,False,False
2024-09-07,1.4799989461898804,202729387,-0.008312668097508693,-0.025190207553293615,-0.285302587365367,-0.25739786721688435,-0.13949941966286475,-0.6278952698416336,-0.6993992971290584,43.91468225631651,0.0016348148664691725,0.11133014167883247,37.58200907240386,1.1813844037117809,-0.07435623152410957,-0.18593942340887265,-0.37161540182087427,-0.509980586925385,False,False,True,False,1.6435129642486572,1.3889089822769165,False,False
2024-09-08,1.5679049491882324,204487427,0.05769892520873824,0.11355456528970238,-0.19488448325584362,-0.15075029731868067,-0.05074463768289209,-0.5405633853534405,-0.6490406149073865,47.977249069334846,0.006640928599052631,0.1028863127333278,36.105220312318146,1.194016859376993,-0.023797521117527816,-0.12726051000061256,-0.33600629545094,0.008671855748273893,False,False,False,False,1.6435129642486572,1.3889089822769165,False,False
2024-09-09,1.6689499616622925,388571658,0.06245436225043036,0.07953213579615809,-0.05979286154758666,-0.083070615723373,0.07844794545004832,-0.4226865895887401,-0.5774552445599908,52.258117705651095,0.01648086112120266,0.09876687015748171,35.971253716364934,1.2169900968957204,0.03525831849345215,-0.058895372798354,-0.29524975577668705,0.9002227359435648,False,False,False,True,1.6435129642486572,1.406224012374878,True,False
2024-09-10,1.648419976234436,233636112,-0.012377424231898172,0.0987008705499582,0.04469825032056311,0.010905982505853737,0.049490911206426694,-0.4803173787276591,-0.6000602516483273,51.333843543224404,0.021038516530524236,0.09663749426994757,35.80220397921108,1.1590830494033553,0.019757464453240507,-0.05888347306590038,-0.30589921219244304,-0.39873094913165286,True,False,False,False,1.6435129642486572,1.406224012374878,False,False
2024-09-11,1.5439720153808594,342589633,-0.06545891228417648,-0.05870791813063429,-0.024568587629496184,-0.11289221030914708,-0.03794824581699366,-0.43527045457846403,-0.589175093912532,46.79883509203221,0.016643022973707747,0.10258986571904533,36.09814991634813,1.1615808080806267,-0.042619294622486883,-0.1082293218595329,-0.35152141775477175,0.46633852989301583,False,False,False,False,1.6435129642486572,1.406224012374878,False,False
2024-09-12,1.5602200031280518,229847371,0.010468512279169317,0.018972986932522952,0.012759391951732915,-0.08701012266626926,-0.10274124128360551,-0.40678070798880167,-0.6738815194210986,47.57472364966965,0.014530888787755422,0.09752051747164743,34.128773843665726,1.1618217325080962,-0.024167149022586213,-0.08895218305835331,-0.3463596839105996,-0.32908836444563405,False,True,True,False,1.7286100387573242,1.406224012374878,False,False
2024-09-13,1.6367319822311401,273211774,0.047874721054728016,0.0923475161794828,0.05439567033760851,0.03646412653730954,-0.2839959822159582,-0.3897713098200959,-0.5516642667721977,51.18504326066179,0.017773429889420177,0.09292445599232663,27.191447160648192,1.144273474301957,0.03442382641621746,-0.034373711463537786,-0.31598240763422974,0.1886660822411581,False,False,False,False,1.7286100387573242,1.406224012374878,False,False
2024-09-14,1.5667120218276978,165371652,-0.04372239028725423,0.05693779398973719,0.031747586436443674,0.05720532594381965,-0.3427373875582834,-0.5081079520869262,-0.5769789197122903,47.931875547551456,0.014810363065578501,0.09416301241348754,19.92202920402559,1.1315053763164509,0.0008788101320606009,-0.06348528555979621,-0.34655703701411006,-0.39471257194062215,False,False,False,False,1.7286100387573242,1.406224012374878,False,False
2024-09-15,1.5040199756622314,162566566,-0.04083766260188223,-0.04159879382088318,0.07195577146881922,0.07585803677209038,-0.36560220245484937,-0.4290795701378914,-0.5296946028924558,45.16409316539937,0.008546964829843712,0.09591828462504177,16.21045495533757,1.1205844105636105,-0.03088257868572449,-0.09028367072991933,-0.37353179077963056,-0.016962314677729684,False,False,False,False,1.7286100387573242,1.406224012374878,False,False
2024-09-16,1.5074290037155151,197654358,0.0022640460009943695,-0.10178911007031918,-0.022256974274161127,0.05989026180546568,-0.47884154139515755,-0.31496874717256496,-0.5175876391537603,45.348896272447746,0.0047422563592288275,0.0917391848769239,16.36402449880114,1.1191513236659774,-0.026524052107333333,-0.07813072430630388,-0.3729463991609629,0.21583645926309347,False,True,False,False,1.7286100387573242,1.406224012374878,False,False
2024-09-17,1.534796953201294,222229763,0.01799254111413345,-0.07141914472428755,0.02728172582567061,0.09776789782288954,-0.505986710451289,-0.2795317413883363,-0.6104153320819388,46.89616757669828,0.004196249937577848,0.08769326858729411,16.279305928794997,1.1176278723631847,-0.007325215320891872,-0.05265596701174457,-0.36195234177417807,0.12433525498081854,False,False,False,False,1.7286100387573242,1.406224012374878,False,False
2024-09-18,1.6167360544204712,288549795,0.0520112413754307,0.04605100893531978,-0.012656909195314564,0.12757803123524497,-0.49170811365654155,-0.18855068757349927,-0.5321093697280398,51.338271220563875,0.009194396700566203,0.08455169335018699,16.710502300841647,1.1287683443170522,0.043097588352644225,0.0062593690811520546,-0.3282080605843628,0.2984300172250105,False,False,False,False,1.7286100387573242,1.406224012374878,False,False
2024-09-19,1.7713780403137207,468599082,0.09134846189914374,0.12693095855529418,0.14590394548781696,0.1339597655664659,-0.46704963850414655,0.005128950930498348,-0.5378926840568385,58.409263171882415,0.02202427252201717,0.08045423251379753,20.69411255462977,1.1347156885167091,0.13476955305265392,0.10809686073585635,-0.2641971943334905,0.6239799511900537,True,False,False,False,1.7286100387573242,1.406224012374878,True,False
2024-09-20,1.7766460180282593,397681743,0.00296952979971194,0.08202576730027808,0.17437328347976092,0.1294224574116947,-0.4333276995596202,0.018357386778727277,-0.4991317647624401,58.629800252426904,0.02950746309140669,0.08123288378439035,23.54864421785851,1.1346729857565834,0.12878386017022092,0.11405572131306264,-0.26245345794734,-0.15133904807777665,True,False,False,False,1.7286100387573242,1.406224012374878,False,False
2024-09-21,1.7795560359954834,229788160,0.001636587894915709,0.12738474548244808,0.18432253947218522,0.09422611446914997,-0.36133171624644,0.11513302944058869,-0.4788933271678798,58.759889455181074,0.03302944075269562,0.0799243884814875,23.58135672792044,1.1286025384537968,0.11714852172037327,0.11422517650103922,-0.26162096452493755,-0.42218076629180334,False,False,False,True,1.7286100387573242,1.4532159566879272,False,False
2024-09-22,1.695525050163269,213852538,-0.04837145824054996,0.11985094984378024,0.07825215602289702,-0.08020066687324003,-0.38838391118733595,-0.0809434419027075,-0.6000611646070619,53.52575463652052,0.02826032648674983,0.08428977884327915,23.90759298756324,1.0508211604783868,0.05927060958519924,0.06031807540620467,-0.29626656976311,-0.06934918665957379,False,False,False,False,1.7286100387573242,1.4532159566879272,False,False
2024-09-23,1.740422010421753,346362279,0.026135161571250395,0.14372206541403618,0.04193295534371695,-0.12321634456248129,-0.3680445454988578,-0.15926034405490466,-0.5281475865972923,55.79160311376645,0.026707990596143122,0.08060945774148486,24.046602350154703,1.0241903342741838,0.07899697474814148,0.08429234171673321,-0.277670661331767,0.619631369537452,False,False,True,False,1.89854097366333,1.4532159566879272,False,False
2024-09-24,1.995190978050232,665388173,0.13661215556135076,0.26234167986125334,0.19092253513696578,0.04611498989965459,-0.29156006554463,-0.00446724660705413,-0.5338887899343169,65.93963976361954,0.04058591338238171,0.07715058842509535,31.367505065628947,1.1295415031279,0.22337331788247408,0.23180600950452043,-0.1716503488192599,0.921075744509696,False,False,False,False,1.89854097366333,1.4532159566879272,True,False
2024-09-25,2.022196054458618,537258445,0.013444302453783367,0.22377474093960584,0.2698257498749256,0.13219655181126436,-0.20636021470986515,-0.04379124347993271,-0.6250493441066287,66.80935390872878,0.04877985678287446,0.07638895300622459,36.57170126710868,1.097858053383868,0.2215327214444589,0.23915434875379227,-0.160157764662522,-0.19256387955065135,True,False,False,False,1.89854097366333,1.4532159566879272,False,False
2024-09-26,2.207504987716675,626698746,0.08767883637480245,0.22010511541526462,0.3470360739705588,0.3367439242861147,-0.08871313661399347,0.10946783338177803,-0.5090508459796669,72.0781063601102,0.06297305512517105,0.07455063534415168,44.58695999312124,1.0439835299385378,0.3052771342733755,0.34280321072510245,-0.08333130163593856,0.16647537480774277,False,False,False,False,1.89854097366333,1.4532159566879272,False,False
2024-09-27,2.2685670852661133,575446363,0.027285479271876176,0.24442106488742876,0.32644683218770687,0.3602214778921081,-0.008926457812336839,0.08228431776597801,-0.39674163966162784,73.56711331991237,0.07210976820742607,0.07448920792843701,50.85840575664633,1.0450954743135752,0.310822526477389,0.3740274858320717,-0.05829416057416248,-0.08178153112181274,True,False,False,False,1.89854097366333,1.4532159566879272,False,False
2024-09-28,2.373368978500366,399171014,0.04516206346743943,0.28794654045995244,0.4153312859424005,0.43224300866160714,0.03661878905534425,0.07635236005423397,-0.33139010293008087,75.93876977963242,0.08022523152002667,0.07066726514588466,58.08381721752453,1.0415711199996533,0.34019198244887916,0.4279838934200874,-0.015200749201113441,-0.3063280269615676,False,False,False,False,1.89854097366333,1.4532159566879272,False,False
2024-09-29,2.4516971111297607,519735501,0.032470027498087195,0.3687880261985897,0.4886389760423699,0.4584745934908421,0.11906422569831626,0.07796099215943673,-0.2897153941297158,77.55936883816372,0.08540282618008968,0.07268456441149589,65.2755095435431,1.042999380501388,0.3544879938061508,0.46386971356649287,0.01769671240542365,0.3020371789821392,False,False,False,False,1.89854097366333,1.4532159566879272,False,False
2024-09-30,2.466830015182495,722668483,0.006153448548561235,0.34880631317590055,0.4925283785899366,0.48570234842549265,0.2260498008360631,0.11355202149514237,-0.2601759139538487,77.86949490332714,0.0842399814488003,0.07511635359540529,70.30357395249996,1.0353496766271442,0.3327192372710253,0.4583412980905889,0.025465761996978396,0.3904543399662821,False,False,False,False,1.89854097366333,1.4532159566879272,False,False
2024-10-01,2.3004679679870605,917809963,-0.06982136513944955,0.14237279247510015,0.4047144723363535,0.49692683092030077,0.3256337350492201,0.23881325418469618,-0.3509878753510631,66.92039631266204,0.06738944664298119,0.08720178171843145,70.17241670775121,1.0227453588597775,0.21795224038522756,0.35085577419224967,-0.04268994436117269,0.270029044562609,False,False,False,False,1.89854097366333,1.4532159566879272,False,False
2024-10-02,2.204775094985962,691847640,-0.04248706062334874,0.08644142939796805,0.31021617033757404,0.3579629785529771,0.3217900498391525,0.247366189387185,-0.4346914033559286,61.55860621984648,0.04594585191884146,0.09673739247201148,68.53971134282156,1.000709446637951,0.1477061174508958,0.28706518237153783,-0.08249188168945819,-0.2461972871392768,False,False,False,False,1.89854097366333,1.4532159566879272,False,False
2024-10-03,2.042022943496704,609053579,-0.07668455048191773,-0.0779219574587521,0.14218315795651262,0.31282458705675775,0.3507551208367802,0.06046800580992968,-0.5079636237047592,53.68085034067852,0.018363238508729535,0.10795861269722067,66.64981982107766,1.0371164366231738,0.051888545512176684,0.1856350200127825,-0.14852769290848392,-0.11967094518093613,False,False,True,False,2.616008996963501,1.4532159566879272,False,False
2024-10-04,2.2900469303131104,634837699,0.11463135546669292,0.00942391873606481,0.2538449836234936,0.33550606612703476,0.5935769116010176,0.12924230102716533,-0.3436305555931939,61.72041588533826,0.014551653255517882,0.100339104164837,64.72599912599533,1.0622686334966156,0.1580756350901516,0.31724536770377004,-0.04458623712125831,0.042334731933329595,False,False,False,False,2.616008996963501,1.4532159566879272,False,False
2024-10-05,2.2512669563293457,326191467,-0.017079161501052435,-0.052817306232427114,0.23512923422752544,0.38563929740997005,0.4659209808897534,0.3021726498876902,-0.23914310527117383,59.96779259860642,0.007502772613841385,0.10094063801473899,60.716768619472774,1.0295921388855251,0.1173532129119778,0.2822950420352157,-0.06062667597390087,-0.4861813223855189,False,False,False,False,2.616008996963501,1.4532159566879272,False,False
2024-10-06,2.566169023513794,422314329,0.13092098500873142,0.04563365127821699,0.41442167747680664,0.5420600906109333,0.4688673924565911,0.43593513516623555,-0.054688023182797245,67.93114403940788,0.02134839317564527,0.09224453920407111,59.01179197906264,1.0985113698608142,0.24103921123433786,0.44281752761068455,0.0708566525420568,0.2946823314663838,False,False,False,True,2.616008996963501,1.9772859811782837,False,False
2024-10-07,2.5321719646453857,843186708,-0.013336715948027144,0.026143486781628672,0.37494979995752925,0.537036042760415,0.2796381755435306,0.39753662309755017,-0.09085922708121863,66.39555200894196,0.02524988755028104,0.0941327404986934,55.76386318739603,1.1001684910671945,0.1957592184280038,0.4056779882561877,0.05613277330924917,0.996585600106408,True,False,False,False,2.616008996963501,1.9772859811782837,False,False
2024-10-08,2.4593069553375244,564957103,-0.029197833722676085,0.0667670181984023,0.20913981067350235,0.45013928382900054,0.2993889865103198,0.3993946461461084,-0.09042410152443996,63.103096230266615,0.020176062102824688,0.09490175831915094,51.94737737469366,1.1023557453859438,0.13869692372402503,0.34970080953241217,0.025240027249453272,-0.32997389826026524,False,False,False,False,2.616008996963501,1.9772859811782837,False,False
2024-10-09,2.3211169242858887,527741661,-0.05783108207120545,0.05142299675054554,0.13786442614851369,0.32985383950736474,0.24678322378399162,0.4083017849574129,-0.09283275008137554,57.299779323291645,0.005527782782519919,0.10092521920475228,48.96089837339346,1.116938162963063,0.06120696392523692,0.26315907858614374,-0.032448929224525046,-0.06587304027576768,False,False,False,False,2.616008996963501,1.9772859811782837,False,False
2024-10-10,2.4320669174194336,597856682,0.04669297640322057,0.17480052363568377,0.09687856617693166,0.3889242401424834,0.39983022264833706,0.4384151513489101,-0.09139313858517567,60.44507469277231,0.0015332436416709283,0.09593485779184344,45.99663629829554,1.120379609393975,0.09551897690269623,0.31110764681179737,0.014621344674057601,0.13285860522578674,False,False,True,False,2.7915380001068115,1.9772859811782837,False,False
2024-10-11,2.7538790702819824,694726625,0.12426900965771508,0.1844381778267058,0.1938620965627707,0.5786521620843749,0.46575995177522783,0.5407039162673811,0.14338170750591073,67.84378584670614,0.01787889863953454,0.08836117581813278,45.75462369524956,1.1483330099625275,0.21384188243820426,0.4666562808301085,0.14872230213303494,0.16202870339416897,False,False,False,False,2.7915380001068115,1.9772859811782837,False,False
2024-10-12,2.6744771003723145,444078279,-0.029256604025756167,0.17226073530200214,0.11944342906957502,0.5389270457794493,0.45191692311318005,0.43618580449584377,0.1321463377906476,64.63150651823227,0.020471229391093082,0.08798160041050228,41.11549898465384,1.1604690539363223,0.15394716686765808,0.41177648049001636,0.11695784847115735,-0.36078701604390073,True,False,False,False,2.7915380001068115,1.9772859811782837,False,False
2024-10-13,2.6640539169311523,563979683,-0.003904893182012814,0.03743485711125781,0.08306850838947485,0.48714743154270845,0.5236115580800179,0.20315144932675025,0.09737612172261259,64.20176827360726,0.01866275562232622,0.08879445191147341,35.478261780597485,1.1577231788801066,0.12699365204147192,0.39602513571176967,0.1135034215679649,0.2700006050059476,False,False,False,True,2.7915380001068115,2.2320361137390137,False,False
2024-10-14,2.8269689083099365,764188877,0.05935608896766169,0.11012766202694671,0.1362711488085755,0.5902259107976244,0.647431236741444,0.24748852323934095,0.08211795871069823,67.80500981193683,0.025210247193566987,0.08611739593589847,35.72591420082033,1.1463044890529206,0.17523605067135745,0.4672232244318515,0.18385939124334857,0.3549936283786308,False,False,False,False,2.7915380001068115,2.2320361137390137,True,False
2024-10-15,2.569025993347168,718263268,-0.09567824437284524,0.043647251376777725,0.11041426957517993,0.5353853290266615,0.6112433657987518,0.1697831265718121,0.10630575888877003,57.872650727848814,0.009736237995819907,0.0961377262953099,32.63788941643419,1.1975558018533714,0.056000227521794135,0.32240487158187064,0.07889402440665759,-0.06009719636366806,False,False,False,False,2.7915380001068115,2.2320361137390137,False,False
2024-10-16,2.6369800567626953,527768796,0.026107508335425675,0.12758584178340882,0.17900883853395444,0.5592287913610927,0.6191190531665584,0.08038724996593505,0.24426004418852765,59.55357177745344,0.002046544824677976,0.09242453465322836,31.97486593446034,1.1965385168206324,0.07444885139100152,0.3427229157819622,0.11122493745289076,-0.26521538896236585,False,False,False,False,2.7915380001068115,2.2320361137390137,False,False
2024-10-17,2.5416479110717773,436109538,-0.03682168994415722,0.04407117543603107,0.2188716990717148,0.504414560302802,0.6021824581256915,-0.0015721501484869888,0.22488281891446563,56.1676416490226,-0.010786192334048178,0.09485141145588924,31.160062967392193,1.2120870761656701,0.02987575066579508,0.2816601906729889,0.07569136989553683,-0.1736731286402161,False,False,True,False,2.9597580432891846,2.2320361137390137,False,False
2024-10-18,2.6601569652557373,422971373,0.04557247599956341,-0.0346253582221205,0.14981281960458528,0.4979757949269347,0.6255538261621796,0.006267681270393051,0.3094251073534354,59.26793940931827,-0.012498346821787354,0.08913484425395676,31.476988154203717,1.209939961225568,0.07166887606886961,0.32644093458994955,0.12959951693606736,-0.03012583733034524,False,False,False,False,2.9597580432891846,2.2320361137390137,False,False
2024-10-19,2.6441659927368164,239572871,-0.006029429614377514,-0.011398183810741836,0.16086255149126022,0.4005979034134134,0.5345576689798792,-0.0664517350907331,0.40572685434391165,58.664969766037146,-0.015705572792419298,0.08756605648581625,31.833114286351194,1.1815652423734193,0.06111294268419016,0.304236853479487,0.12567644858493351,-0.433595542646807,False,False,False,False,2.9597580432891846,2.2320361137390137,False,False
2024-10-20,2.7371649742126465,316706240,0.03456700287096679,0.0270737122422377,0.06450856935349567,0.43219537648466816,0.5616178338963629,-0.0011323230749519094,0.45055276326339544,61.14099622264572,-0.012690472098266126,0.08283538153874338,32.76683157821515,1.1832094333466778,0.0925076465767832,0.33406057836896746,0.16748632584675624,0.3219620346746188,False,False,False,True,2.9597580432891846,2.453763008117676,False,False
2024-10-21,2.5020198822021484,387624415,-0.08982434526705683,-0.12210672199248086,-0.011979059965534096,0.3407344433226955,0.4349605577918455,-0.020597272923744445,0.4558674727632842,52.56684153782972,-0.026845858170309184,0.09234925381963556,31.77154285038438,1.2374005315998755,-0.005348630393257883,0.2064886676199319,0.06956537738475406,0.2239241481317198,False,False,False,False,2.9597580432891846,2.453763008117676,False,False
2024-10-22,2.4186758995056152,322720518,-0.033878117073430664,-0.06030659469306638,-0.016659343316288752,0.3552277844898147,0.2750271176165748,-0.03315612669752119,0.27428434258710727,49.896003342374115,-0.041272544668758404,0.09376445908154767,29.812137335679694,1.229603430157411,-0.042551924896459876,0.15651446855157805,0.035716324026053424,-0.16744016756529645,False,True,False,False,2.9597580432891846,2.453763008117676,False,True
2024-10-23,2.4867420196533203,408518989,0.027753186434729408,-0.05866091659376262,0.06892492518964616,0.35684580935329396,0.23362946479081265,-0.01119873614556392,0.1975854652983893,52.039207179450024,-0.04535629875350944,0.09049551506972087,23.96488074498645,1.2298530994433532,-0.024196779237664917,0.1778727618499189,0.06734834909758934,0.26585998166996005,False,False,False,False,2.9597580432891846,2.453763008117676,False,False
2024-10-24,2.582118034362793,359259697,0.037636577797064794,0.015797351147459233,0.05986852658349032,0.2578702315890079,0.3039852214886624,-0.03368983395562217,0.2534029849819538,54.947278150222566,-0.04089699619051218,0.08463022002837434,21.970199321042987,1.1493467237422639,0.007455792283970565,0.21219924276470234,0.11110921740212798,-0.12058017699637458,False,False,True,False,2.7777719497680664,2.453763008117676,False,False
2024-10-25,2.306786060333252,534397651,-0.11275476581311708,-0.1425298906652212,-0.17715524888734172,0.1316711633221075,0.2638677151333718,-0.07468905138775764,0.08787991984217486,46.23229991662065,-0.05488134050915705,0.0989253241824261,21.050880387740065,1.224485161010077,-0.1009432573645801,0.07510995624311737,-0.0033089073617025323,0.48749680373971915,False,False,False,False,2.7777719497680664,2.453763008117676,False,True
2024-10-26,2.3592140674591064,273376477,0.022473301428167353,-0.11402715962267647,-0.1254253434334182,0.06646562837547239,0.4032095526615869,-0.02224750823852104,0.17593346175725033,47.92598465403362,-0.058650760976548186,0.09425540159086719,22.279751135706235,1.189278525435149,-0.07678644190615468,0.09073137547699882,0.022056853492968143,-0.48843997257764893,False,True,False,False,2.7777719497680664,2.453763008117676,False,False
2024-10-27,2.489027976989746,230034971,0.05356372226509524,-0.09503044022854784,-0.06795672798631007,0.09274387136869151,0.4529653492607997,0.08381741355635478,0.17502818913466978,51.961020953767,-0.050747801368371356,0.08804663986034407,22.402229571047787,1.1997368467281708,-0.025164419826348663,0.14011072308145925,0.08095435905715409,-0.15854146075633269,False,False,False,False,2.7777719497680664,2.453763008117676,False,False
2024-10-28,2.466588020324707,488528135,-0.009056436193721358,-0.014262531155212256,-0.1363692531476932,0.038525371707530696,0.4707683803691378,0.07514416076287482,0.11487773176176477,51.22214822793781,-0.04554392780536269,0.09031238315761486,22.36291129860194,1.1906787107951786,-0.034090820766378004,0.12060613877874098,0.07352302186934119,1.1237124637018776,False,False,False,True,2.7777719497680664,2.2393600940704346,False,False
2024-10-29,2.6118569374084473,464810184,0.05722561124947247,0.07684119716769075,0.016534602474624554,0.06328095545891586,0.521755548949758,0.1823451811572321,0.14124194761835257,55.621603756485364,-0.031497992388449025,0.08587583975469192,20.684682162934966,1.201917511281072,0.017006630359503505,0.17652398594326602,0.13689770135215318,-0.04854981586679752,False,False,False,False,2.7777719497680664,2.2393600940704346,False,False
2024-10-30,2.5811100006103516,288766685,-0.011841899426402621,0.03724611130655889,-0.02141480528720385,0.04528560748395221,0.5309879559094448,0.2713354083200154,0.15883762897909462,54.50114537108749,-0.023807465338642295,0.08442500803995301,20.0475363003917,1.2027941436733804,0.0021264719105138297,0.15298568498230042,0.12293883040116184,-0.3787427751367858,False,False,False,False,2.7777719497680664,2.2393600940704346,False,False
2024-10-31,2.381289005279541,285108837,-0.08057759927603744,-0.08096806576654336,-0.06517071461908402,0.03452937334736437,0.531456204267665,0.3601631083965844,0.27334262753206046,47.766705777831966,-0.031239184663029357,0.0920693705746963,20.164999373784735,1.2113773033525443,-0.06871890547988499,0.055827112407443265,0.037518866401932534,-0.01266713990916235,False,False,False,False,2.7777719497680664,2.2393600940704346,False,False
2024-11-01,2.198168992996216,365707704,-0.08001720200903101,-0.04823050196245739,-0.19076039262767866,-0.0030007680383180094,0.3549622105146592,0.3187892818008346,0.24436542134886702,42.57478912257145,-0.046622633898412355,0.10063353028413934,23.31283333558943,1.2352318711269397,-0.13225195962838793,-0.030848123785248226,-0.04111066512578537,0.2826950853157877,False,True,True,False,2.6889970302581787,2.2393600940704346,False,True
2024-11-02,2.1748249530792236,195162451,-0.010676557960610794,-0.08138036135123543,-0.1954075209739119,0.06300722448298893,0.37583181153974665,0.4137623453197691,0.12347523029291863,41.94882830728855,-0.055880855858478094,0.09838117670364938,26.08446235661013,1.204805900949882,-0.13309607957182887,-0.04566840404159211,-0.050240329568092615,-0.46634306888979293,False,True,False,False,2.6889970302581787,2.2393600940704346,False,False
2024-11-03,2.0825181007385254,321306689,-0.04337039310665309,-0.17831447672298384,-0.2733449169515316,-0.094994524090357,0.24051154203667774,0.4985823875106604,0.034247776936808264,39.47719768965051,-0.06508825453925382,0.10271798341551239,27.749287887183254,1.1435577333709739,-0.15738836634056158,-0.09029150184056713,-0.08988087340205185,0.6463550614047167,False,True,False,False,2.6889970302581787,2.2393600940704346,False,False
2024-11-04,1.9201689958572388,296252560,-0.0811645860103926,-0.2504226265396552,-0.26468515769486733,-0.15907994859969718,0.2265593488102728,0.30684103229005627,0.14309270128799295,35.513850372390365,-0.0781027147474016,0.11215879799795837,34.03400323256652,1.1747918110982214,-0.21274260665407244,-0.16424919557802412,-0.15963602232041596,-0.07797574671718088,False,False,False,False,2.6889970302581787,2.2393600940704346,False,False
2024-11-05,2.1033599376678467,351089741,0.09112283561659243,-0.21652540217253516,-0.1396842050048443,-0.19887809799183614,0.3431819926190972,0.2699892944647549,0.2370570371743994,42.52563801998663,-0.0705915574355938,0.10361975920344252,35.57493084858627,1.1238040451811824,-0.12809767467759994,-0.08924022315265318,-0.0777929598436553,0.18510280890062192,False,False,False,False,2.6889970302581787,2.2393600940704346,False,False
2024-11-06,2.4688150882720947,853434925,0.16020227773094564,-0.04448122501518686,-0.0072351137086280335,-0.025339104312863372,0.5116969384475516,0.25429907123066725,0.3721975187846867,53.40932587536835,-0.03881651954606816,0.09353062175743541,35.36086251010399,1.2649282354777194,0.02494105966640134,0.06042531313594169,0.08377744953495457,1.4308170400228244,False,False,False,False,2.6889970302581787,2.2393600940704346,False,False
2024-11-07,2.3499279022216797,469266323,-0.04935366640969572,-0.013257292148845048,-0.09422535791538844,-0.04549493699988297,0.4046443468291176,0.2538940495104369,0.35389970914622537,50.086495236742614,-0.024320177085308738,0.09679839265764732,34.299713542738004,1.2725454138695773,-0.018092407156962316,0.0030422419476112367,0.03289006115405308,-0.45014398959592616,True,False,False,True,2.6889970302581787,1.8882559537887573,False,False
2024-11-08,2.333203077316284,548013733,-0.007142612958082461,0.0596172969021036,0.011386794939646203,0.005193532113239896,0.33504737162060455,0.25197675589723156,0.413495317070653,49.618815324791555,-0.01483851457979151,0.09966140872810238,33.18215013332204,1.256494028887805,-0.018705602849252066,-0.008850310871464259,0.026840881335482143,0.16780963418932582,False,False,False,False,2.6889970302581787,1.8882559537887573,False,False
2024-11-09,2.479088068008423,490444095,0.06064874321891967,0.13094259808163405,0.04956223673039858,0.019149298928939153,0.4080735390714225,0.41897952157727625,0.4575644502778492,53.681527169844834,0.0014141977855372696,0.09479248928673902,30.629699089707067,1.263918236422538,0.04833986729988361,0.046874224938042004,0.09233056729444265,-0.10505145132923155,False,False,False,False,2.6889970302581787,1.8882559537887573,False,False
2024-11-10,2.747781991958618,1301408802,0.10290325982405554,0.27721625101234254,0.09890177428935863,-0.002216450904720394,0.5764357111796545,0.4635435008705074,0.5384874653626609,60.068501493614896,0.028893034961090407,0.08996724366157276,33.24533620722529,1.2395770829099508,0.1559566134567151,0.15092736393374961,0.21167616528958913,1.653531391788905,False,False,False,False,2.6889970302581787,1.8882559537887573,True,False
2024-11-11,3.133336067199707,2270172484,0.13130423525335855,0.4896850722760937,0.23926244573643854,0.15834438837439438,0.6972714341538436,0.6102613114875743,0.5945301928702381,67.08268970867312,0.06935959240777184,0.08389966326018992,42.676161448412046,1.3161525177932505,0.2986326747926391,0.29679972097307333,0.3817649829722091,0.7443961347973118,True,False,False,False,2.6889970302581787,1.8882559537887573,False,False
2024-11-12,3.289418935775757,1872621566,0.04861266079522769,0.44717489745472894,0.23064949528219397,0.21086194235163494,0.6980093738943434,0.7344735004316528,0.41401339167838513,69.4241909292699,0.10104287663338893,0.08526251578472854,52.28569101707276,1.3242636952855078,0.3410161673324082,0.34416353665220034,0.44915959694299146,-0.1751192567093065,False,False,False,False,2.6889970302581787,1.8882559537887573,False,False
2024-11-13,4.177681922912598,3464686261,0.23904559489948504,0.5260182146232684,0.48153698960808156,0.39055144828345817,0.9807773590810825,1.0379826850249023,0.6380399715227991,78.70697759022613,0.17205581275663942,0.0929048347063238,78.06860182380984,1.5437628122348204,0.6494919349640174,0.6772205373448816,0.8347803857399799,0.850179621930083,False,False,False,False,2.6889970302581787,1.8882559537887573,False,False
2024-11-14,3.580857992172241,2412265621,-0.15415409449666959,0.42121778653629455,0.40796049438744947,0.33207559815963383,0.8674609271862953,0.9433189639583858,0.501858724731446,64.53086257589185,0.16883026962677639,0.11614879872261957,83.34358763437699,1.6077330933661067,0.3791563618278555,0.41984311756170845,0.5694619668340193,-0.3037564041069172,True,False,False,False,2.6889970302581787,1.8882559537887573,False,False
2024-11-15,3.868990898132324,1452872582,0.07739128888787654,0.5057516883822535,0.565368985284357,0.38335937871208453,0.9425881700731772,1.002478431878643,0.46374662867801963,67.56790149336787,0.175333653802591,0.11047462910040631,90.46101646360172,1.623643393749021,0.4480294254613318,0.5141403194997712,0.6916854006011374,-0.3977145098151693,False,False,False,False,2.6889970302581787,1.8882559537887573,False,False
2024-11-16,3.6102359294891357,763715051,-0.06922059856552705,0.3758823465978066,0.5068249446794406,0.3509604700907148,0.8553750303935167,0.9531429282164062,0.34938831994222785,62.40054268624429,0.15229329559737656,0.11756129822974928,93.23795115394623,1.6399515470900339,0.3234191189161787,0.3981929778566189,0.5747340659250607,-0.47434134248119497,False,False,True,False,4.676874160766602,1.8882559537887573,False,False
2024-11-17,3.614940881729126,1219421590,0.0013023772366995835,0.27428146401045067,0.5514977150227932,0.30669037132785076,0.8046661662547856,0.9322441974900304,0.31295805259824394,62.45676530635645,0.12840959510855748,0.119796925923025,94.92843736055934,1.6357069911722513,0.29782739158156407,0.3866796316024788,0.5733568827138599,0.5966970775334373,False,False,False,False,4.676874160766602,1.8882559537887573,False,False
2024-11-18,3.4429891109466553,994706458,-0.048735480188065824,0.09424174856902635,0.58392682084512,0.26398432075416256,0.664582224167576,0.7985419897340417,0.1975325856634294,58.98532578530798,0.09368283625737733,0.1235151709965484,95.48092324722627,1.6477859747626136,0.21792281491014717,0.3107510587011491,0.49620944832954167,-0.18428009955113223,False,False,False,False,4.676874160766602,1.8882559537887573,False,False
2024-11-19,3.2969439029693604,882689629,-0.043344072310177416,0.0022850154636212816,0.4494599129183502,0.18607324557301833,0.6182686220576866,0.7476910794693813,0.18494092249806643,56.13165852745635,0.05542006675369704,0.12695328729355967,94.98269787685268,1.6548463407109921,0.15167943081036514,0.2472680590869919,0.43215339384492474,-0.11261295038259422,False,False,False,False,4.676874160766602,1.8882559537887573,False,False
2024-11-20,3.0423460006713867,724869170,-0.08036702082719767,-0.3171276002630616,0.20889061436020684,0.19553057001287752,0.5362650133355732,0.630491127804723,0.17493329708913305,51.45792633247383,0.009892898985433607,0.13541082492404122,92.7671623134921,1.6482548708802118,0.05061367449486139,0.1445265731218633,0.32256810215977527,-0.17879496236836379,False,True,False,False,4.676874160766602,1.8882559537887573,False,False
2024-11-21,3.2697010040283203,965323983,0.07206961610199888,-0.09090388966439314,0.3303138968719013,0.30147830318830715,0.6567060876781219,0.5765054208048819,0.2683221764907859,55.056705763012324,-0.007066282924682699,0.12537311938841833,89.01768393650497,1.6569791816362396,0.10861503580099417,0.22027976641543978,0.42124141914217883,0.33172167192598345,False,False,False,False,4.676874160766602,1.8882559537887573,False,False
2024-11-22,3.20743989944458,868503751,-0.019225464827093083,-0.18752064337936275,0.3182310450028908,0.25449965192648444,0.6113454612797785,0.4881291167172972,0.24330091578092053,53.87869048011184,-0.023697094337913005,0.12700649441373948,84.45557958592913,1.6587633110986189,0.06879489795743872,0.18672027931804933,0.39464104389068405,-0.10029817315747769,False,False,False,False,4.676874160766602,1.8882559537887573,False,False
2024-11-23,3.2739739418029785,1042289460,0.020531439961049485,-0.09776860485278603,0.2781137417450206,0.23739451409046936,0.4952647456794773,0.5413797355791318,0.20370468013484724,54.987073151795,-0.030976859009569063,0.12480616751092644,78.36024578840775,1.656050354358517,0.06973033006215325,0.20258137383367467,0.42273813642743774,0.2000978220300167,False,False,False,False,4.676874160766602,1.8882559537887573,False,False
2024-11-24,3.1666409969329834,717440363,-0.03333311611177898,-0.1324040982012646,0.1418773658091861,0.3168161637918075,0.4484873271139151,0.5806838789251793,0.24212711240404988,52.78334107754453,-0.043039133862431744,0.12906133939632036,69.11140320948157,1.6056164486558486,0.014011831361471565,0.15538678083404514,0.37494274196930083,-0.31166879208391884,False,False,False,True,4.676874160766602,2.9858310222625732,False,False
2024-11-25,3.181173086166382,1491592215,0.004578620114080579,-0.07908999789911818,0.015151750669908145,0.2989214824777209,0.36538711085319314,0.7021310351393079,0.27667397423919976,53.05765174330292,-0.04959143239497241,0.13037962245222298,61.22406393384785,1.6051585759555367,0.0013846596563422428,0.1555032830628442,0.38107129464434586,1.07904697299558,False,False,False,False,4.676874160766602,2.9858310222625732,False,False
2024-11-26,3.015202045440674,929391451,-0.05358318244091179,-0.08932910802985256,-0.08704409256623127,0.19177457777171364,0.28451844914040525,0.6447399270325133,0.2755919913280685,49.51922487574144,-0.06375296135970121,0.13834708527468179,57.470702624879685,1.612023039904696,-0.05895321923365999,0.09138759978871565,0.30891269019657525,-0.3769131793169087,False,False,True,False,3.570668935775757,2.9858310222625732,False,False
2024-11-27,3.1176350116729736,550993503,0.033407863961063794,0.024445776758408897,-0.29268182350465266,0.23423887792649872,0.27276424963402957,0.7050072582956366,0.3093830386893736,51.66184124309405,-0.06466721521669111,0.12883867372091617,51.50967048323675,1.6137049355131532,-0.03850264723172223,0.12311189230570672,0.35303531492896295,-0.4071459314510092,False,False,False,False,3.570668935775757,2.9858310222625732,False,False
2024-11-28,3.0808699131011963,400682133,-0.011862708882495191,-0.05948654822608523,-0.15039043789047837,0.16515055779453108,0.22843151325344707,0.6869061067442891,0.34749573895176317,50.82796463461357,-0.06596631262002467,0.1262143436350979,44.46227530255003,1.6050465080254765,-0.060670980629647604,0.10382518094716421,0.33676725035731253,-0.2728006213895411,False,False,False,False,3.570668935775757,2.9858310222625732,False,False
2024-11-29,3.284787893295288,598052886,0.06409008517532308,0.02382900177633091,-0.16369164160303162,0.24108254239625668,0.286368149880209,0.7720704983057016,0.5124179507162722,55.15191122090089,-0.05192833929265406,0.11564107384681566,37.95137538199893,1.6165291472517216,-0.010649972438743067,0.16973817683469059,0.4243774953924254,0.49258685812177205,False,False,False,True,3.570668935775757,2.9165310859680176,False,False
2024-11-30,3.182910919189453,413140541,-0.0315059201237841,-0.028208358308502667,-0.12597696316128873,0.29015422154851,0.32468359489587434,0.8216104258161752,0.6503173299450945,52.66046221968319,-0.04841004531956508,0.11391764950223458,34.54937043088206,1.5915413578621185,-0.04757554589821548,0.13000612315866114,0.37900508804852917,-0.30919062398772534,False,False,False,False,3.570668935775757,2.9165310859680176,False,False
2024-12-01,3.3608291149139404,732508585,0.05439154244871228,0.05951630025198851,-0.07288779794927602,0.4245629660062534,0.42156219796793537,0.7795251765209126,0.7433522478070878,56.3675277860525,-0.03370350697779226,0.1072504369515446,33.95643727036876,1.5650400147994852,0.002251720202194818,0.18738453376905395,0.4551431956821741,0.7730251870876066,False,False,False,False,3.570668935775757,2.9165310859680176,False,False
2024-12-02,3.117841958999634,883632404,-0.07504662123308768,-0.0201089410951798,-0.09919893899429796,0.36019290273377647,0.42320012721676536,0.7360247142735231,0.7739552480535457,50.54595542922198,-0.03953971397933817,0.11793205348290763,34.56345316605513,1.5937358637722245,-0.06782601964103982,0.09801614828653395,0.34912985961698406,0.20630996290644155,False,False,False,False,3.570668935775757,2.9165310859680176,False,False
2024-12-03,3.2880659103393555,1083465953,0.05315844002392792,0.08663268136965988,-0.00269642666019274,0.4567217358643572,0.36172721177400013,0.697233277901035,0.9553041233750178,54.12073904345877,-0.031485485633385824,0.11199479128518236,26.280937461285518,1.5870736044844218,-0.003682455889527335,0.15421567587620874,0.4212556701860685,0.22615009148080079,False,False,False,False,3.570668935775757,2.9165310859680176,False,False
2024-12-04,3.1919870376586914,827072734,-0.02965590402122063,0.023568913387375434,0.04801469014578438,0.5082304178535292,0.34915046925383203,0.7347897666638021,0.8150714501435856,51.84286929282071,-0.03207027977935892,0.1139897078598667,25.366277664228765,1.55759598084134,-0.027063187144330855,0.11560972546413392,0.3778274251772319,-0.2366416944529497,False,False,False,False,3.570668935775757,2.9165310859680176,False,False
2024-12-05,3.279994010925293,977330342,0.027197977761526375,0.0626296000313971,0.003143051805311772,0.4443055599984632,0.24542746200662702,0.7874875526175603,0.714294854463218,53.76256660686372,-0.026218166697113146,0.11009115716762011,19.498384425660774,1.535074524702978,0.008817506297046819,0.14123890875185247,0.4135260127280347,0.18167399531272665,False,False,True,False,3.464771032333374,2.9165310859680176,False,False
2024-12-06,3.4915249347686768,1136490951,0.06249698838489628,0.06103650324097022,0.08486550501730124,0.34660027065241367,0.3212611663395503,0.8582972090999654,0.600899341883081,58.087299259512534,-0.008695535849134892,0.1024157590616482,18.08380051591528,1.4543081119162904,0.07584144439177296,0.2068614918957955,0.5025309211106425,0.1628524176117312,False,False,False,True,3.464771032333374,2.9762470722198486,True,False
2024-12-07,3.8868179321289062,1148853665,0.10725222572765562,0.19979464909240996,0.1715862907839073,0.5032061627897652,0.45771122578988205,0.9078505096188827,0.757100212300202,64.72686332579809,0.02697046929033982,0.09615999126058779,22.990234984067648,1.4742116724370578,0.19264723380943033,0.33219924150387115,0.6685675897749984,0.010877969586226888,True,False,False,False,3.464771032333374,2.9762470722198486,False,False
2024-12-08,3.7337229251861572,674189993,-0.04018497142060973,0.105218135223088,0.16473443547507652,0.4701638043272379,0.4753573364404779,0.8052111759478425,0.7221405602244695,60.715256663236495,0.03708040656013831,0.09828489603969182,25.762200620549663,1.4854211495727048,0.14058336099389163,0.270238977446482,0.6004394731855115,-0.41316286526361035,True,False,False,False,3.464771032333374,2.9762470722198486,False,False
2024-12-09,3.0700979232788086,1619346280,-0.19569638122501612,-0.015431624768840291,-0.03554056586402021,0.21381867988330203,0.23296797881224127,0.6218922189547246,0.6327982014605783,47.09087165184766,-0.0020230293596584237,0.13419663738020687,26.402188333772113,1.6479550185923861,-0.05888096617544365,0.04210834077823665,0.31557586737766197,1.401913847451604,False,False,False,False,3.464771032333374,2.9762470722198486,False,False
2024-12-10,2.8546769618988037,1211348632,-0.07275076941423346,-0.1413408342070016,-0.05470815283734183,0.03816465064501316,0.03594819974029278,0.6146003618246676,0.5017081515155206,43.66550208893418,-0.041314641773719046,0.14609732811882037,28.085361795379306,1.6332984168602482,-0.12239251149236527,-0.033328064912405635,0.22331253103600965,-0.25195207043671963,False,True,True,False,4.001377105712891,2.9762470722198486,False,True
2024-12-11,3.0526010990142822,649942765,0.06703535801479693,-0.04464957217098416,-0.021080658783608628,-0.026104226593548528,0.1322401617808458,0.6711672075602951,0.584157084894026,47.44781103070516,-0.052191585357584225,0.1352277356916685,28.680531821825227,1.5835250981367732,-0.05840286856863987,0.02927550033857149,0.3082326245457219,-0.4634552367249464,False,False,False,False,4.001377105712891,2.9762470722198486,False,False
2024-12-12,2.9493799209594727,591842911,-0.034399094551995545,-0.10624664448450599,-0.043617044453108954,-0.10911598194077178,0.1017459604108632,0.5888933919535716,0.6253575184908812,45.72364857425789,-0.06378801294983273,0.13610004334707698,29.85570039441191,1.5773370200234813,-0.08660686883065011,-0.008621543732451368,0.2640012578260355,-0.08939226210172524,False,False,False,False,4.001377105712891,2.9762470722198486,False,True
2024-12-13,2.9206271171569824,422312129,-0.009796592601574833,-0.1785402254709771,-0.11750372223000685,-0.35795816944183173,0.03259327884162661,0.622819189639251,0.6800245155830705,45.23059919449263,-0.07032971182565664,0.13091722530298316,31.121903490066348,1.3119553104147395,-0.09053527891255174,-0.020515239691933654,0.25297367139291305,-0.28644557339303844,False,False,False,True,4.001377105712891,2.655595064163208,False,False
2024-12-14,2.843506097793579,345879043,-0.02676052714089049,-0.3125529783395232,-0.11275832924711318,-0.23056460208605267,0.10151099607358131,0.6368963251002426,0.7127543618723331,43.8643238790276,-0.07628672888431638,0.13016945982746417,32.84467489421636,1.2093810495012818,-0.11007295537240311,-0.04979985458726523,0.22233869955406282,-0.18098719111143502,False,False,False,False,4.001377105712891,2.655595064163208,False,False
2024-12-15,2.852916955947876,304737848,0.0033041319534258657,-0.26906387496548767,-0.1638457397423996,-0.30465175902050323,0.0787076196915813,0.6379364110526741,0.6978266728581398,44.08627913030295,-0.0758688668741455,0.12489316241017018,34.326098488404824,1.170777549804573,-0.10251756963653239,-0.04979035320486317,0.22854872331734546,-0.11894677007071519,False,False,False,False,4.001377105712891,2.655595064163208,False,False
2024-12-16,2.747683048248291,488518289,-0.03758393554078402,-0.11095142928125558,-0.12638305405009592,-0.2730150959957603,0.07794537409495454,0.5823599343977565,0.6801278322206461,42.08254711023308,-0.07862069981403783,0.12741632850534373,36.227450240380904,1.155793810447226,-0.1319699376575962,-0.08641428396638293,0.18482795556924728,0.603077176682038,False,False,False,False,4.001377105712891,2.655595064163208,False,False
2024-12-17,2.7045159339904785,517948924,-0.01583508467213213,-0.054035744539154384,-0.1953765787461559,-0.2901525579045919,0.016537813423258912,0.5145136083501936,0.6420916395854385,41.25424860736732,-0.07907483027522104,0.12518651340246542,38.6370557735896,1.1553981479600255,-0.13999505311270088,-0.10218756054695162,0.16772789503472532,0.06024469433937618,False,False,False,False,4.001377105712891,2.655595064163208,False,False
2024-12-18,2.3094639778137207,870065038,-0.15790749059972473,-0.2789785931536759,-0.32362816532466,-0.3993245683162508,-0.1353402475620882,0.26525765585132505,0.399217421417791,34.55169755307942,-0.10034124007817743,0.1513972793774945,45.61352451960155,1.2598831560137291,-0.2564980444415048,-0.2317897917980837,-0.000759428874932477,0.6798278704407541,False,False,False,False,4.001377105712891,2.655595064163208,False,True
2024-12-19,2.0762860774993896,971606965,-0.10643469529733073,-0.35101419389901106,-0.4572608383835171,-0.46241519130340414,-0.2763419457303857,0.15585343075428248,0.2852758881659773,31.317433544308287,-0.12297844096784184,0.1660485187993829,54.664629685104316,1.2974710790319162,-0.3183055916522841,-0.30702577120912006,-0.09946003919387922,0.11670613409936825,False,True,False,False,4.001377105712891,2.655595064163208,False,False
2024-12-20,2.104625940322876,916459670,0.013556992711068295,-0.3276606085863679,-0.506200834057345,-0.36849117776513807,-0.17296060775226055,0.16777383557043496,0.26199995003958493,32.148735995011194,-0.12831840224395866,0.16644209828066953,61.804162047497044,1.279528704789714,-0.29654891083686896,-0.29626752749514695,-0.08485996423988264,-0.056758851044259484,False,True,False,False,4.001377105712891,2.655595064163208,False,False
2024-12-21,1.8894009590148926,490425694,-0.10787792485533529,-0.40877800630081285,-0.721330984640336,-0.5484387187224723,-0.2469604155341652,0.10826736895564956,0.028066702082409495,29.25297809323645,-0.1377881349852852,0.1867647753119429,70.19200093730481,1.2841614261975782,-0.3525650269836875,-0.3669259714083466,-0.17572827725884616,-0.4648693117068643,False,False,False,False,4.001377105712891,2.655595064163208,False,False
2024-12-22,1.913970947265625,475625868,0.012920287919297134,-0.39916185033494145,-0.6682257253004291,-0.516292965976082,-0.2617933140495974,0.09505249530369647,-0.028163849258784818,30.027833419397354,-0.13373270765197454,0.17879637531183643,77.55309700269274,1.2887509354979307,-0.33033293317079243,-0.3575703941656244,-0.1623055936935728,-0.030177509418990556,False,False,False,False,4.001377105712891,2.655595064163208,False,False
2024-12-23,2.0244619846343994,485264092,0.05612386480878054,-0.3054540499853768,-0.41640547926663246,-0.480700541128351,-0.2433060270378815,0.014564204551126345,0.06067919445078083,33.55234470932122,-0.11562447969230191,0.16374452900977257,82.0371002143928,1.3077102462467414,-0.275661918646893,-0.32021884021046265,-0.11160461614887192,0.020264297315300883,False,False,False,True,4.001377105712891,1.7293339967727661,False,False
2024-12-24,2.051081895828247,323926760,0.013063429342410835,-0.2765555359708338,-0.3305912805099882,-0.4343039956741612,-0.11748783188235362,0.014183331439753826,0.14637988325101817,34.40953750537429,-0.09474641953668309,0.15511122022222812,85.82668766660993,1.3099924559191296,-0.2508470015544109,-0.3118852787827417,-0.0983236641648652,-0.33247325458402144,False,False,False,False,4.001377105712891,1.7293339967727661,False,False
2024-12-25,1.9809329509735107,254823139,-0.034799486906782306,-0.1534475322778914,-0.43242612543156744,-0.4736821026950241,-0.17476062021730324,-0.10829499184183089,0.2284489324442837,33.19429885017253,-0.07918636070190255,0.15391433105832347,89.1434693224628,1.3099838796146586,-0.25888660334446106,-0.3348730810681702,-0.1277632695112002,-0.21333100420601248,False,False,False,False,4.001377105712891,1.7293339967727661,False,False
2024-12-26,1.8364759683609009,253779682,-0.07571942046537145,-0.12273225744593219,-0.47374645134494314,-0.4958183407194836,-0.30404376294776997,-0.21129989157907836,0.14892158631302962,30.783284600520133,-0.0723368897029033,0.16128761937279149,91.29241244969099,1.3202572233332992,-0.2909803580739323,-0.3807470457067825,-0.1896992700619662,-0.004094828295792996,False,False,False,False,4.001377105712891,1.7293339967727661,False,False
2024-12-27,1.821619987487793,250179617,-0.008122292430325095,-0.14441154258732541,-0.4720721511736934,-0.5373484971108725,-0.3031096191843738,-0.26458424747684295,0.16765876118476408,30.537633265590557,-0.06287040343189892,0.15607908464131207,85.75632271110494,1.3083809578408006,-0.2675144939940068,-0.3835601329396224,-0.194707722317143,-0.014185788915914821,False,True,False,False,4.001377105712891,1.7293339967727661,False,False
2024-12-28,1.9217640161514282,237129796,0.053517314454517184,0.016983696722527086,-0.39179430957828576,-0.47196847377386,-0.306817915979329,-0.24353696052041296,0.21493763297042892,34.34131989086852,-0.04477754522692562,0.14343541178935415,77.27363194397331,1.331849411079926,-0.1980301227873779,-0.34785520630513067,-0.14926101317838072,-0.05216180741055332,False,False,False,False,4.001377105712891,1.7293339967727661,False,False
2024-12-29,1.8344520330429077,186241891,-0.0464977053360393,-0.04243429653280947,-0.44159614686775095,-0.5825562642852224,-0.3414737218889657,-0.29618811440501347,0.18951423402047918,32.66200745620287,-0.0340872493952083,0.14454414348851338,77.30685692681372,1.3039979292887773,-0.21420664236272194,-0.3747487226952778,-0.1864175236635046,-0.21459937071763013,False,False,False,False,4.001377105712891,1.7293339967727661,False,False
2024-12-30,1.823551058769226,327840382,-0.005960086019244433,-0.10451824736083452,-0.40997229734621127,-0.5570104301806827,-0.26685620863217274,-0.23232683528480838,0.2645999956354924,32.44866001743826,-0.0236430754096551,0.1407085373990287,78.44228600955184,1.304061980157351,-0.20123596241347538,-0.37452352414414747,-0.19024212030335977,0.760293456212813,False,False,False,False,4.001377105712891,1.7293339967727661,False,False
2024-12-31,1.858016014099121,375019774,0.018723528056520104,-0.0988581486467252,-0.37541368461755903,-0.5926784445728748,-0.16811547856662148,-0.17111624660493954,0.1868467319480376,33.91833938299568,-0.010951631692029062,0.1362086382449237,75.54028905147312,1.2847374549517687,-0.16427429401657673,-0.3570773528339276,-0.17404762891560777,0.1439096419793704,False,False,False,False,4.001377105712891,1.7293339967727661,False,False
2025-01-01,1.854519009590149,262535096,-0.0018838909375455467,-0.06594255267748839,-0.21939008495537987,-0.5195157142773327,-0.1593228115435563,-0.0963155870605673,0.21650899999619047,33.837895111334674,8.536809857367933e-05,0.13263557721170718,72.32118134439196,1.2703731790534651,-0.1447892626004103,-0.351851118037826,-0.17457044750976441,-0.2999433251218374,False,False,False,False,4.001377105712891,1.7293339967727661,False,False
2025-01-02,2.020848035812378,408201189,0.08589187460716535,0.09566874239504838,-0.027063515050883852,-0.48678227969409515,-0.030060543829737836,-0.12505506792009496,0.21045099820693977,41.00483112722731,0.020344522686349897,0.1198729296184658,66.46466421457164,1.2980580902182475,-0.048343011200587906,-0.2829086476299973,-0.09936989144642101,0.5548442673736849,False,False,False,False,4.001377105712891,1.7293339967727661,False,False
2025-01-03,2.1619300842285156,518217546,0.06748413720184644,0.17127517202721976,0.026863629439894295,-0.3896422384710281,0.11858817938250114,-0.04049176921719608,0.34514752819277394,46.3167497287355,0.04366435445349187,0.11244498538305252,59.77471302388208,1.3292563624247997,0.034700556846382326,-0.22504228720673158,-0.036176057585413784,0.2695150331862459,True,False,False,True,4.001377105712891,1.7368639707565308,False,False
2025-01-04,2.1723580360412598,249079202,0.004811849902000891,0.1225697074747036,0.13955340419723058,-0.4120283663305534,0.0322771936679098,-0.16660090432392652,0.37545918628700703,46.698768015288394,0.05924253615643543,0.10665301158967411,50.57303644810439,1.3230171226992697,0.05690389106588998,-0.21171612563216335,-0.03175772738520204,-0.5193539780299141,True,False,False,False,4.001377105712891,1.7368639707565308,False,False
2025-01-05,2.101393938064575,253022331,-0.03321232557081887,0.135855087239924,0.09342079070711452,-0.5077376802862685,-0.16113740963385484,-0.18647651394671824,0.3505595288136968,44.38405738912802,0.06382249135890561,0.10626350590951196,40.8232192447795,1.295440194220297,0.038708485261579946,-0.22902448480225124,-0.06353659911977405,0.01583082396417823,False,False,False,False,4.001377105712891,1.7368639707565308,False,False
2025-01-06,2.0834081172943115,369323172,-0.008595833818389118,0.13321933944077932,0.028701092079944965,-0.6235857398323134,-0.12037957704254833,-0.1658745140424313,0.28426476978656934,43.79159834085668,0.06450436795883158,0.10383145369114512,27.40808968426022,1.216277109519619,0.04587288095942048,-0.22693555493553344,-0.07182313183981898,0.459646547956275,False,False,True,False,2.202707052230835,1.7368639707565308,False,False
2025-01-07,1.8534239530563354,448646254,-0.11697035680418554,-0.0024745454199263813,-0.10133269406665152,-0.7003711252158893,-0.2302073208886514,-0.22501378877541145,0.10484005073195324,36.99189096524896,0.049031001795104834,0.11816804190158474,24.06245315568783,1.260380897112054,-0.05880589346174514,-0.30406337989101645,-0.17445066772311554,0.21477959687836745,False,False,False,False,2.202707052230835,1.7368639707565308,False,False
2025-01-08,1.7103780508041382,444451025,-0.0803202855119574,-0.08091093999433817,-0.14685349267182654,-0.5849950295028306,-0.37117634961952845,-0.35202705069058926,0.03689718945189399,33.506942222557,0.029679427074268072,0.12796946126917177,26.316917247578935,1.118016616813593,-0.12330146043689358,-0.350031075100068,-0.23810835207365802,-0.009350861536447819,False,True,False,False,2.202707052230835,1.7368639707565308,False,True
2025-01-09,1.5390880107879639,582336458,-0.10552438820271437,-0.27232720280421796,-0.17665846040916955,-0.6177686482913115,-0.5796039976462982,-0.5818204485510187,-0.0031682864666438366,29.87723468137459,0.0070413875805724335,0.14290174414719553,31.534783909054482,1.1432239684614647,-0.1994980850117349,-0.4083642610816421,-0.31433819575336847,0.31023763079407907,False,True,False,False,2.202707052230835,1.7368639707565308,False,False
2025-01-10,1.5569230318069458,453035650,0.011521417761619525,-0.3282899222444448,-0.15701475021722497,-0.6732825885444887,-0.6993868151380372,-0.541042426763643,-0.0021153809841936324,30.718782016561633,-0.004416350107487088,0.13608625887726797,35.941690036711535,1.1054427308479735,-0.18315915842637026,-0.39352221983766533,-0.30595744500703353,-0.2220379751665832,False,True,False,False,2.202707052230835,1.7368639707565308,False,False
2025-01-11,1.5763460397720337,235880885,0.012398077737372542,-0.32070369440907315,-0.1981339869343697,-0.6264854162551208,-0.7356013981958925,-0.5247394558442576,-0.03759202430154913,31.68037772729295,-0.00815445030728773,0.12954574170167768,39.31564804877513,1.111109259776176,-0.16557859411642173,-0.37805292616832326,-0.29657073912483484,-0.47933261985011555,False,False,False,False,2.202707052230835,1.7368639707565308,False,False
2025-01-12,1.5465749502182007,195714731,-0.019066759333461834,-0.3065581281717162,-0.17070304093179217,-0.6357555829870077,-0.9937137524288394,-0.6031623041453811,-0.012936393347756725,30.97081217722088,-0.009978940629836702,0.12536715712383278,42.273726207477566,1.1104153892992559,-0.1708503317094363,-0.3813665744598339,-0.3091505242551207,-0.1702815130611368,False,False,False,True,2.202707052230835,1.4976799488067627,False,False
2025-01-13,1.490563988685608,461439310,-0.03688821214920704,-0.3348505065025341,-0.2016311670617547,-0.6458832679953243,-0.8764478700813769,-0.544372271921743,-0.008986942895081625,29.62636565489477,-0.012160197860904248,0.131751049322366,45.33952711074979,1.1116159139250545,-0.18868877811070153,-0.39566778000867037,-0.3332439153245549,1.3577137379607875,False,False,False,False,2.202707052230835,1.4976799488067627,False,True
2025-01-14,1.5486550331115723,218395500,0.038232269435878485,-0.1796478802624702,-0.1821224256823965,-0.6109551305128718,-0.915606889533375,-0.5322475108212904,0.026981280539802394,32.88067874888823,-0.007141285562234312,0.12230404363728611,47.26743811779276,1.1279925882413033,-0.14703530924296895,-0.3636921631333958,-0.30659194062094786,-0.5267080734842464,False,False,False,False,2.202707052230835,1.4976799488067627,False,False
2025-01-15,1.7702020406723022,366745941,0.13370685367336319,0.034379258922850556,-0.04653168107148771,-0.43966434129872434,-0.7126794372944847,-0.3617189672037698,0.14269559309903207,43.59383240483494,0.012575107969812704,0.11041718228941193,47.39004831333084,1.2470364340176925,-0.023229439321088157,-0.2651452430231834,-0.20682783247114003,0.6792742570245267,False,False,False,False,2.202707052230835,1.4976799488067627,False,False
2025-01-16,1.7645150423049927,378029526,-0.0032177982796616367,0.13668584884590332,-0.13564135395831467,-0.4270470549062539,-0.7171996128108458,-0.41050924148299495,0.08746655344393968,43.40232539509561,0.025939827459663833,0.10839430189670411,47.517142415422306,1.2476626545004226,-0.024831077426429038,-0.25918352252365917,-0.2086058329114061,0.03076676177855786,True,False,False,True,2.202707052230835,1.3608969449996948,False,False
2025-01-17,1.8751059770584106,364538206,0.060789289858676904,0.18595372094296073,-0.1423362013014841,-0.2083502744478522,-0.607674842764103,-0.34369052200994055,0.05690738140347299,48.1705563277179,0.04198430396387459,0.10073518112579562,47.36140405146262,1.160877762012803,0.0376254108126866,-0.20470078844532696,-0.15826392899460762,-0.03568853508019376,False,False,False,False,2.202707052230835,1.3608969449996948,False,False
2025-01-18,1.7719039916992188,639979588,-0.056610508964525644,0.11694513424106243,-0.2037585601680107,-0.15852608811504723,-0.6209412794184512,-0.4348680338454329,-0.0026726573607646635,44.41047436743968,0.045127866854946186,0.10866623328528653,47.45119330379385,1.119402002866732,-0.01778353178037487,-0.23870242026879296,-0.2038227016312532,0.7555898873326874,False,False,False,False,2.202707052230835,1.3608969449996948,False,False
2025-01-19,1.537371039390564,856194448,-0.1419808295968771,-0.005968936022352777,-0.31252706419406895,-0.31406391042299253,-0.6825550881881305,-0.48702451817525305,-0.14629007485255754,37.2872516277742,0.03153650522966933,0.13033765727026037,49.539124462867285,1.2139311311048555,-0.14097811499313198,-0.3299954391758396,-0.3087802971390913,0.33784649394161614,False,False,False,False,2.202707052230835,1.3608969449996948,False,False
2025-01-20,1.392143964767456,830585438,-0.09922886083196515,-0.0683095847051108,-0.40316009120764495,-0.3054148463996223,-0.8538535651220945,-0.5523752619337875,-0.19714747744397274,33.68438536161534,0.013795913166446738,0.14512637706823092,53.7091663954269,1.2055418830002944,-0.21186726388741908,-0.3826944518819757,-0.3736121222058471,-0.029910273372854235,False,True,False,False,2.202707052230835,1.3608969449996948,False,False
2025-01-21,1.4535750150680542,395352806,0.04318107010941908,-0.06336078403157014,-0.2430086642940402,-0.2751540642095004,-0.7914470301855823,-0.5369473782590979,-0.18010156890580384,36.48028355759274,0.007541650064400551,0.13923162418332433,56.271667969168945,1.2174026242301714,-0.1676427100480563,-0.34579902753254227,-0.3452812811507512,-0.5240070582600318,False,False,True,False,1.9828310012817383,1.3608969449996948,False,False
2025-01-22,1.4171710014343262,232324904,-0.025363417711630993,-0.22243105541656447,-0.18805179649371395,-0.35664134672991193,-0.8373418878582629,-0.5999473737677935,-0.34207714217878565,35.52445716946407,0.002553860068782221,0.13687535292164285,57.610654133211824,1.1953750194841575,-0.1742157102682387,-0.3512580510828554,-0.3608215299878513,-0.41236055372780134,False,False,False,False,1.9828310012817383,1.3608969449996948,False,False
2025-01-23,1.4185930490493774,302318677,0.0010029379799846951,-0.2182103191569181,-0.08152447031101495,-0.36870183809233814,-0.8030058337664994,-0.48618966997469176,-0.35451850665258433,35.59544549703135,0.0010294891707453013,0.1320283579142091,55.46601999299726,1.1929442925995273,-0.15508876430075416,-0.3398893748183291,-0.3598256341973803,0.3012753768317493,False,False,False,False,1.9828310012817383,1.3608969449996948,False,False
2025-01-24,1.2807940244674683,224783781,-0.10218535268672878,-0.38118496170232397,-0.1952312407593633,-0.43608770387228457,-0.9097698065673088,-0.6108483240895879,-0.5443826957141156,31.927116166246833,-0.007131277688991744,0.14733074317405004,53.60427339083337,1.2314808572789797,-0.21635528597130815,-0.3927120826331995,-0.4215165374116864,-0.2564674361815893,False,False,False,False,1.9828310012817383,1.3608969449996948,False,True
2025-01-25,1.278162956237793,249904679,-0.002056360600559109,-0.3266308133383574,-0.20968567909729485,-0.3624246440074724,-0.858242984726956,-0.6664684069552425,-0.5737245355865507,31.859603555394784,-0.010381451263582475,0.14265324894153059,51.28053788961915,1.2120700880093562,-0.19776118223426625,-0.3809665281888708,-0.42215238276266703,0.11175582992796085,False,True,False,False,1.9828310012817383,1.3608969449996948,False,False
2025-01-26,1.2124969959259033,141245290,-0.052741990380504936,-0.23739197412198523,-0.243360910144338,-0.4070443419576522,-0.9443928390685248,-0.710153961142026,-0.6716285894344953,30.146233612322035,-0.014382458755910932,0.14505698697736988,48.330058607044876,1.2202010345625274,-0.21759214089477238,-0.39715322874988607,-0.45129740703565974,-0.4348033395565195,False,False,False,False,1.9828310012817383,1.3608969449996948,False,False
2025-01-27,1.1809550523757935,346830621,-0.02635838870218738,-0.16452150199220747,-0.2328310866973183,-0.4869200451143568,-0.9588885188882169,-0.7937379610936858,-0.7304570056347699,29.33029032815334,-0.016433839415119778,0.14616154824082134,50.140152016163164,1.19650704981504,-0.22104493352113197,-0.3975426657446189,-0.4651331817577815,1.4555199044159277,False,True,False,False,1.9828310012817383,1.3608969449996948,False,False
2025-01-28,1.0668220520019531,504550598,-0.10163929325734909,-0.30934186535897573,-0.3727026493905459,-0.5420616330356668,-1.1246178973208891,-0.8835353549246324,-0.8382497474406803,26.53193240734754,-0.022389007236447073,0.1653271331209357,56.08139527771922,1.2290789595537064,-0.2810678800498721,-0.44441116458934454,-0.5162753010510394,0.4547464019908438,False,True,False,False,1.9828310012817383,1.3608969449996948,False,False
2025-01-29,1.1828279495239258,1342216336,0.10322395440310944,-0.18075449324423534,-0.40318554866079964,-0.43287759261331277,-0.9898880227939955,-0.6997338012454855,-0.6652044278981212,33.47896613952261,-0.015740857590818225,0.15748046943923416,59.366892747790715,1.2995982031901723,-0.1932065189838263,-0.3730796675900619,-0.46316300697978124,1.660221474953043,False,False,False,False,1.9828310012817383,1.3608969449996948,False,False
2025-01-30,1.1566359996795654,382245381,-0.022392346989277744,-0.20414977821349753,-0.4223600973704157,-0.4739934676591106,-1.0666719122319854,-0.6421089462257321,-0.6451097142640501,32.72652398946987,-0.010580557534028034,0.15567311972639739,62.66410291451835,1.294299334023428,-0.20015258371648775,-0.3743883853868897,-0.4743676811496441,-0.7152132851108437,False,False,False,False,1.9828310012817383,1.3608969449996948,False,False
2025-01-31,1.1386220455169678,601293753,-0.015696992395826257,-0.11766141792259505,-0.4988463796249189,-0.4878065691173912,-1.007322283394724,-0.6471293806609476,-0.5841221561779585,32.190657218432534,-0.0060773084210862804,0.15847085645977896,65.70011721912212,1.2933265270173704,-0.20050951347620258,-0.3718270445818089,-0.4813335464584953,0.5730569495096136,False,False,False,True,1.9828310012817383,0.9783200025558472,False,False
2025-02-01,1.0125459432601929,348479795,-0.11735090426947244,-0.23295596159150841,-0.5595867749298657,-0.6910493479940292,-1.1778316276881242,-0.721109891823767,-0.816104415914124,28.654307052135238,-0.009104376293607025,0.17795251231584522,71.11518712326215,1.2855536366208202,-0.2754503427229474,-0.4293688524181127,-0.5375054749069695,-0.4204499992535262,False,False,True,False,1.3721389770507812,0.9783200025558472,False,False
2025-02-02,0.9486560225486755,705754292,-0.06517690417415067,-0.24539087538515406,-0.48278284950713946,-0.8237103893700262,-1.2133526278410542,-0.7051222099875251,-0.8642021585872222,27.03356817640625,-0.01270328952310451,0.1888554622899998,77.57592795969222,1.2507954765217328,-0.3077462814730227,-0.4537073891564807,-0.5654781821602398,1.0252373369308256,False,True,False,False,1.3721389770507812,0.9783200025558472,False,True
2025-02-03,0.8620240092277527,1380654950,-0.09576314662829602,-0.3147956333112627,-0.47931713530347014,-0.924285385900323,-1.3363137522308766,-0.8920081922324133,-1.0908862902242495,24.97108114409035,-0.017894357219679663,0.21516092274006277,85.0965564224497,1.2672267332533904,-0.3547995932564572,-0.49194583490794436,-0.6037330797963832,0.9562827539984695,False,True,False,False,1.3721389770507812,0.9783200025558472,False,False
2025-02-04,0.8044679760932922,496927050,-0.06910196354285256,-0.2822583035967662,-0.591600168955742,-0.9601750238723569,-1.4679127041586255,-1.1213124335062117,-1.1466515378190751,23.67855261937045,-0.021914886156105734,0.22647953177718028,89.57491139121576,1.2742471639234045,-0.3753012687973869,-0.5147529689578626,-0.6287052820593131,-0.6400787539276196,False,True,False,False,1.3721389770507812,0.9783200025558472,False,False
2025-02-05,0.7944160103797913,393949728,-0.012573893084398975,-0.3980561510842746,-0.5788106443285099,-0.9641530831383668,-1.5877388229706801,-1.0845326601809149,-1.130027597180798,23.45025822501917,-0.021909434241200038,0.2198361403429416,92.21097916655341,1.2734025900079384,-0.3589617261679489,-0.5095139121902164,-0.6317733690245958,-0.2072282480899359,False,False,False,False,1.3721389770507812,0.9783200025558472,False,False
2025-02-06,0.712323009967804,384710235,-0.10907579235905394,-0.4847395964540509,-0.6888893746675484,-0.9562585186932351,-1.6566296439091244,-1.1864658395818866,-1.1812723074686464,21.617187977296823,-0.02392841582428404,0.23890962711999048,90.81150631145911,1.2670651874789465,-0.3969116177735613,-0.5513512699252364,-0.6681997532456184,-0.023453482369202194,False,False,False,True,1.3721389770507812,0.6816620230674744,False,False
2025-02-07,0.6780880093574524,394935396,-0.049254387393897356,-0.518296991452122,-0.635958409374717,-0.9251926205751752,-1.5101876500780056,-1.2963689701947037,-1.2772196712657644,20.884034701008346,-0.024001711311108564,0.24684677236552063,89.9149305755539,1.256706787720391,-0.3980227475640882,-0.5652567630866907,-0.6826221181993569,0.02657886395977993,False,False,False,False,1.3721389770507812,0.6816620230674744,False,True
2025-02-08,0.7188689708709717,267873996,0.058402016275875684,-0.34254407090677397,-0.5755000324982823,-0.7612662160965852,-1.3790348643878967,-1.3408702137428836,-1.3430866646476038,24.18268142190776,-0.018009597969561975,0.22331686061177142,91.97629839157739,1.2641489525113168,-0.3377589335159194,-0.5307731160362538,-0.6620833581866279,-0.3217270502641906,False,False,False,False,1.3721389770507812,0.6816620230674744,False,False
2025-02-09,0.6444349884986877,262601516,-0.10930515703254383,-0.38667232376516714,-0.6320631991503214,-0.8820927908907485,-1.5553753794352374,-1.581479606028786,-1.4231352176543914,22.35093306739401,-0.015841621402685413,0.24471705973129326,97.99161318374156,1.2897567655152413,-0.3851538985355521,-0.5724089307261998,-0.695745254368783,-0.01968268693016395,False,False,False,False,1.3721389770507812,0.6816620230674744,False,True
2025-02-10,0.6562820076942444,305823836,0.018216640274399645,-0.2726925368624716,-0.5874881701737342,-0.8762742283537215,-1.5027596446088423,-1.611875626549614,-1.4010136841979792,23.346150207566467,-0.010641830382863482,0.2302805846522153,100.20567427456439,1.2922874788345267,-0.34909408701545513,-0.5571572943235716,-0.6887866241361416,0.1645928045594376,False,False,False,False,1.3721389770507812,0.6816620230674744,False,False
2025-02-11,0.6267939805984497,362524059,-0.04597267929474294,-0.24956325261436196,-0.5318215562111281,-0.9031801483150026,-1.5389357313020102,-1.896893900743842,-1.5063424524603837,22.570710313115796,-0.006427989641493714,0.23298713214921868,102.10749227899174,1.2930372857500199,-0.35298054894582737,-0.5689240246077887,-0.7013226823571209,0.18540158197479406,False,False,False,False,1.3721389770507812,0.6816620230674744,False,False
2025-02-12,0.6046370267868042,530556403,-0.035989584789921626,-0.2729789443198846,-0.6710350954041592,-0.9022815209557172,-1.5481647889510415,-1.778729391037094,-1.4466537928774603,21.979953613498296,-0.002570517269419037,0.23290586216812595,102.00198466833457,1.2929817591798123,-0.34848149422371855,-0.5757210547005912,-0.7105837403264791,0.46350673790729013,False,False,False,False,1.3721389770507812,0.6816620230674744,False,False
2025-02-13,0.5902280211448669,297449945,-0.02411938350742277,-0.18802253546825337,-0.6727621319223044,-0.9646331738990185,-1.5755883044118901,-1.8802400634323935,-1.4968806847203087,21.58430455960533,0.0013616899172593788,0.22792191504118134,104.31575216436862,1.2696022121818336,-0.33943091773134754,-0.5775875889382937,-0.7162433803016159,-0.4393622557034713,False,False,False,False,1.3721389770507812,0.6816620230674744,False,False
2025-02-14,0.727927029132843,836427609,0.20969186971154255,0.07092372163718667,-0.4473732698149355,-0.8886481578608391,-1.3283124991595634,-1.6013275951553236,-1.250367125064609,33.84053286129323,0.014838681150531052,0.19145862670774805,100.68218002579354,1.4139957522771607,-0.15944018773450844,-0.470640138431972,-0.6487254566577995,1.811994498771886,False,False,False,False,1.3721389770507812,0.6816620230674744,False,False
2025-02-15,0.6888179779052734,312004294,-0.0552237553652533,-0.04270205000394232,-0.3852461209107162,-0.9406541149464307,-1.3677011698526846,-1.6578537277572765,-1.3511633564294256,32.2965545704034,0.022274374321722024,0.19314877436092048,98.06950643243502,1.4134088439050667,-0.17980157560283352,-0.49068953899679474,-0.6663106570979095,-0.6269799195497383,True,False,False,True,1.3721389770507812,0.5573850274085999,False,False
2025-02-16,0.6586710214614868,218841688,-0.04475285195152066,0.021850255077080827,-0.36482206868808625,-1.0461962567566283,-1.2545465312044806,-1.6538710995207313,-1.3898867787665687,31.117955932718402,0.026054879731350733,0.19353152220582542,95.23890839713535,1.3742074293553783,-0.19052798728410023,-0.5037101497901482,-0.6797375456138045,-0.29859398665840153,False,False,False,False,1.3721389770507812,0.5573850274085999,False,False
2025-02-17,0.6304960250854492,311832305,-0.04371735014803911,-0.040083735345357856,-0.31277627220782944,-1.0333030979401419,-1.191829186055189,-1.654244377358593,-1.4681711317855748,30.01550204931894,0.027412665467622388,0.19674450950980701,95.21833811751756,1.372375198057421,-0.20380676956573257,-0.5161609483389733,-0.6924370515539539,0.42492185949507033,False,False,True,False,0.7880240082740784,0.5573850274085999,False,False
2025-02-18,0.6152160167694092,281743425,-0.024533398087069506,-0.018644454137684424,-0.26820770675204647,-0.9158556664303343,-1.2299195768533269,-1.598410754618465,-1.4028801846055874,29.40702408856798,0.027941209079916485,0.19406472855911908,88.67332728326042,1.3165531162457427,-0.19422411373030646,-0.518965772991156,-0.6991232832407589,-0.09649058008919253,False,True,False,False,0.7880240082740784,0.5573850274085999,False,False
2025-02-19,0.6083300113677979,225231991,-0.011255936345027697,0.006089194307209383,-0.26688975001267506,-0.827882741943397,-1.1332975883430194,-1.6817363070654916,-1.3802580038771846,29.12052261676979,0.028394294653116714,0.18692984501025564,79.44352275357996,1.2943479184472941,-0.17356830511056423,-0.5148692565914822,-0.701769118815833,-0.20057764968250813,False,False,False,False,0.7880240082740784,0.5573850274085999,False,False
2025-02-20,0.6448169946670532,245143600,0.0582490307703528,0.08845760858498507,-0.09956492688326833,-0.8128147812824633,-1.0879688454919636,-1.6042618114680456,-1.349762159541561,32.85349253817016,0.03147957956543179,0.16867581492282546,64.30128589272749,1.3057352169028136,-0.09359694384726633,-0.47565478468075834,-0.6832658078088252,0.08840488827362014,False,False,False,False,0.7880240082740784,0.5573850274085999,False,False
2025-02-21,0.6418300271034241,487007531,-0.004643033993185919,-0.12587729511974347,-0.054953573482556944,-0.7920943975640181,-1.14873574429393,-1.629436285422281,-1.3920417713318116,32.701654375457466,0.033462056640817306,0.16783509575351188,53.044584750650735,1.3080789631970806,-0.07365956882202145,-0.46610987616306854,-0.6842498244337838,0.9866214373942457,False,False,False,True,0.7880240082740784,0.578125,False,False
2025-02-22,0.7037050127983093,371542296,0.09203573908937725,0.021382199334886866,-0.021319850669055337,-0.7010615964546256,-1.0697634345469638,-1.504067430221125,-1.1872512664293176,38.99175004663329,0.03871246193662023,0.15059342220418215,41.667740107103604,1.3691956943582861,0.03391958851191187,-0.4000869867469277,-0.6532053627398337,-0.23709127200334812,False,False,False,False,0.7880240082740784,0.578125,False,False
2025-02-23,0.6595209836959839,188939501,-0.06484546320065866,0.0012895880857489116,0.023139843162829948,-0.6637217069685555,-1.09980941084084,-1.5734915135358643,-1.2745700310581436,36.37708733327374,0.03887923432656046,0.15481447110323826,34.276348148746564,1.3481757719202712,-0.016364916992911458,-0.4228675619649311,-0.6742202848179578,-0.4914724298307076,False,False,False,False,0.7880240082740784,0.578125,False,False
2025-02-24,0.5554519891738892,377570055,-0.17173161201944762,-0.12672467378565946,-0.16680840913101738,-0.833396958387444,-1.1958216023949164,-1.6916399431144,-1.4998653653426863,31.08908527427397,0.03194060938280055,0.18623585698226333,32.79277493837846,1.4429624500622247,-0.15590288876654018,-0.5004192121305416,-0.72470259397364,0.9983648363716171,False,False,True,False,0.7263020277023315,0.578125,False,True
2025-02-25,0.5488079786300659,554408522,-0.012033562588660115,-0.11422483828724993,-0.13286929242493448,-0.7926885305955992,-1.1997328725532515,-1.7370813696641239,-1.502842491737625,30.781442794778883,0.027056828995046828,0.18242185234791136,30.51100247502289,1.4410841586712768,-0.15013940482058746,-0.4923822410620557,-0.7271339324812657,0.4683593538687807,False,True,False,False,0.7263020277023315,0.578125,False,False
2025-02-26,0.5763260126113892,367907554,0.048924880072542865,-0.054044021869679305,-0.04795482756246986,-0.7174052618208687,-1.2043253069352255,-1.6762937807090856,-1.5111432229145545,33.707446550969294,0.025835475090550397,0.16785890418045565,30.66566897621591,1.4648554002780223,-0.0980284308358443,-0.4540310652163884,-0.712567994612643,-0.33639628649142594,False,False,False,False,0.7263020277023315,0.578125,False,False
2025-02-27,0.5836750268936157,276405194,0.01267087244922476,-0.09962218019080724,-0.011164571605822205,-0.6030950961142946,-1.1451567291499616,-1.727712993435184,-1.486630451038927,34.50372563011979,0.02562766055023369,0.16037151243035092,31.23966262217949,1.4426114726088084,-0.07972798994693316,-0.43500820468145385,-0.7081409038361164,-0.2487101963663404,True,False,False,False,0.7263020277023315,0.578125,False,False
2025-02-28,0.6277649998664856,469915037,0.07282152525428522,-0.02215762094333614,-0.14803491606307967,-0.6334975252631189,-1.0663751178764318,-1.6233855480571144,-1.3332313265086044,39.220580667534456,0.0283523183571866,0.1494573190079006,28.94932081740308,1.4135031109720584,-0.0030517666329223972,-0.3814158324147588,-0.6852280263255457,0.7000948144266783,False,False,False,True,0.7263020277023315,0.5063760280609131,False,False
2025-03-01,0.611054003238678,297833839,-0.026980552130248713,-0.14117391216296202,-0.119791712828075,-0.63808573040409,-1.1120791980632008,-1.7047576426360755,-1.280194676629822,38.1005889176673,0.028827365449069442,0.15088857897229352,29.05208397367759,1.4136458250226984,-0.02701135110635488,-0.386445335645499,-0.6927668476320972,-0.3661964066921315,False,False,False,False,0.7263020277023315,0.5063760280609131,False,False
2025-03-02,0.7608450055122375,715253990,0.21924432471997365,0.14291587575767029,0.14420546384341937,-0.4031444132882902,-0.8909509824056815,-1.4104666966830142,-1.0502737939492377,51.4764422671955,0.038427562567235424,0.12881015713781518,33.98945145742018,1.6440557581854123,0.20150036038108585,-0.2233218553636066,-0.6166655056419992,1.4015202315543465,False,False,False,False,0.7263020277023315,0.5063760280609131,True,False
2025-03-03,0.6441910266876221,625392196,-0.16643435758075587,0.14821313019636215,0.021488456410702683,-0.4522278665995735,-1.1432772145936025,-1.6300594942876976,-1.1733377584233404,43.578625979044055,0.03615248832401992,0.158166518234226,33.9612966556964,1.691336866058284,0.015888927838425368,-0.33006094205142184,-0.6747544815703225,-0.125636200924933,False,False,False,False,0.7263020277023315,0.5063760280609131,False,False
2025-03-04,0.5758029818534851,651665579,-0.11222975061934015,0.0480169421656819,-0.066207896121568,-0.499280713044763,-1.3229911024147891,-1.7126333408858172,-1.204402923032288,39.730188429270804,0.029551307520401943,0.17767521872778833,34.761960126379364,1.7166538068246402,-0.08988979120537194,-0.3895680606673757,-0.7086810849231221,0.04201105029458985,False,False,False,False,0.7263020277023315,0.5063760280609131,False,False
2025-03-05,0.5819439888000488,428619188,0.010608647133209288,0.009700709226348317,-0.044343312643330926,-0.3929089192832576,-1.3171943051835808,-1.7292226715141343,-1.284917111515671,40.240530915761276,0.02527356830473082,0.1704717318572832,35.0050851136291,1.6949070574617424,-0.07958077418509249,-0.3701476568098093,-0.7049487728329624,-0.3422712479954385,False,True,False,False,0.7263020277023315,0.5063760280609131,False,False
2025-03-06,0.5716509819030762,335600922,-0.01784557027368545,-0.020815733496562027,-0.12043791368736918,-0.3416525260140905,-1.3018275498864476,-1.809565230172716,-1.4629649595203023,39.63473655540173,0.02156997947703046,0.1662188017248964,33.447808089912044,1.68297775585988,-0.08454682962776053,-0.3648083482279906,-0.7095635422025541,-0.21701843642146978,False,False,True,False,0.7876729965209961,0.5063760280609131,False,False
2025-03-07,0.5333060026168823,387568499,-0.06943326049794936,-0.16307051924879648,-0.18522814019213268,-0.3985118934276409,-1.3626649765660075,-1.986250716398321,-1.483044553608556,37.37727635339552,0.016581031545862976,0.17170373173686562,34.77469942094276,1.695124056319927,-0.13518455697741438,-0.390745531813409,-0.7284314851422289,0.15484932726138334,False,False,False,False,0.7876729965209961,0.5063760280609131,False,False
2025-03-08,0.5337889790534973,237373432,0.0009052173946857784,-0.13518474972386205,-0.276358661886824,-0.28853088367390106,-1.2447894023671362,-1.9451605275830255,-1.4749967232557877,37.425620377548434,0.013488092224738138,0.16308641347643513,36.42817749069191,1.6599434569338078,-0.12554707360127762,-0.37091437791328147,-0.727480931652354,-0.3875316683051684,False,True,False,False,0.7876729965209961,0.5063760280609131,False,False
2025-03-09,0.442440003156662,307865883,-0.1876957213793081,-0.5421247958231439,-0.39920892006547354,-0.426972217659312,-1.352164838234487,-1.9371598677373174,-1.7233411878540155,32.340310174481885,0.005854428606373849,0.20006207465785555,44.11054239832614,1.7682558230653076,-0.2638556133006375,-0.46170358649957705,-0.7734711760490255,0.2969685798703876,False,False,False,False,0.7876729965209961,0.5063760280609131,False,True
2025-03-10,0.42835700511932373,368937262,-0.03234789716453999,-0.40803833540692797,-0.2598252052105659,-0.5177221310997275,-1.2789883471963126,-1.8967569954876242,-1.858592344842611,31.62683270638398,0.0006924870004110101,0.20267440840499024,51.42436014224682,1.7495719876650644,-0.276033195645698,-0.4643837278496432,-0.7800108205400189,0.19837007727160216,False,True,False,False,0.7876729965209961,0.5063760280609131,False,False
2025-03-11,0.4468429982662201,394563667,0.04225032660841509,-0.2535582581791727,-0.20554131601349077,-0.3661666474587684,-1.2482594383495171,-1.921542026894006,-1.9476462534875543,33.694672360263624,-0.0005727310123763429,0.19205595919415255,56.335963755538465,1.7289578710237992,-0.2343414535880763,-0.42774067276977973,-0.7696948808087518,0.06946006174892694,False,False,False,False,0.7876729965209961,0.5063760280609131,False,False
2025-03-12,0.47902798652648926,303774567,0.06955172407793761,-0.19461518123444446,-0.18491447200809605,-0.3148315636552306,-1.191105792008952,-1.8175912082640728,-1.9267071902048445,37.25279410023318,0.0015463098844751277,0.17386610347392129,58.364527345509586,1.7494771894610444,-0.16736637676523397,-0.37081690336887524,-0.7521551566753119,-0.2301000005659416,False,False,False,False,0.7876729965209961,0.5063760280609131,False,False
2025-03-13,0.4707230031490326,387498389,-0.017489205392491006,-0.19425881635325004,-0.21507454984981195,-0.28634808975297854,-1.1895282380679812,-1.8252838210549889,-2.1832419904968208,36.705434371553324,0.003087955325560013,0.1708806733743824,60.298043619251764,1.7450224914296582,-0.1694510468279696,-0.36596143399428216,-0.7555448805996994,0.27561169069167013,False,False,False,False,0.7876729965209961,0.5063760280609131,False,False
2025-03-14,0.5077700018882751,307977216,0.07575877556878678,-0.049066780286513796,-0.2121372995353103,-0.17459972939427004,-1.0768812503499874,-1.7227645183453115,-1.953329120431364,40.878528410366435,0.007074104352881222,0.15505263263841754,57.63237672051697,1.7671018561981633,-0.08832617125545657,-0.29885747044798505,-0.7354373629708028,-0.20521678349480832,False,False,False,True,0.7876729965209961,0.39780399203300476,False,False
2025-03-15,0.500669002532959,176719960,-0.014083383709839794,-0.0640553813910394,-0.19924013111490135,-0.1645637295966871,-1.1291969034957055,-1.7401520340085772,-2.0448037930290806,40.32966099956278,0.009549914935954348,0.1490402970408679,56.47800901791089,1.7661402636294443,-0.0880710624415035,-0.2934403509644832,-0.7384041077305517,-0.4261914491752533,False,False,False,False,0.7876729965209961,0.39780399203300476,False,False
2025-03-16,0.4655910134315491,175353447,-0.07263761397510698,0.05100272601316175,-0.49112206980998213,-0.44689321328333675,-1.335541371144176,-1.7752057124429002,-2.0482208084386606,37.64101620137962,0.009142096246308282,0.15508908190390805,58.46722086781575,1.5999402431126462,-0.14496546765972582,-0.32752049383598164,-0.7560202756350926,-0.007732646612187977,False,False,False,False,0.7876729965209961,0.39780399203300476,False,False
2025-03-17,0.5015069842338562,213295625,0.07430993881078235,0.15766056198848388,-0.250377773418444,-0.31735951910730126,-1.258013634053732,-1.6850606889599857,-1.9752132468645776,41.91112947429948,0.011458085102922982,0.1403995643336148,59.119676023882015,1.6224853512888615,-0.07498999814481645,-0.2604559208734118,-0.736482207525263,0.21637543287073213,False,False,True,False,0.5267320275306702,0.39780399203300476,False,False
2025-03-18,0.4803299903869629,155406090,-0.04314418632399309,0.0722660490560758,-0.1812922091230968,-0.31575085347977355,-1.361947110236402,-1.5702973846842543,-1.969621953000505,40.16471839964947,0.011690240879740438,0.14359736536793696,60.15547820907401,1.622068540509085,-0.10613672229816432,-0.2767393834675958,-0.746898354716965,-0.2714051682963493,False,False,False,False,0.5267320275306702,0.39780399203300476,False,False
2025-03-19,0.5171890258789062,236419789,0.07393508067233814,0.07664940565047638,-0.11796577558396816,-0.19809842265939623,-1.2314015205995381,-1.3899276087145853,-1.8523428000179896,44.49960300508837,0.014281199849256937,0.1298032730961106,60.07437392154472,1.6435377279794743,-0.03155331293464114,-0.20813136979994035,-0.7267558051233236,0.5213032449371835,False,False,False,False,0.5267320275306702,0.39780399203300476,False,False
2025-03-20,0.506193995475769,175424016,-0.021488442260495202,0.0726501687824721,-0.12160864757077787,-0.195053466832822,-1.1109091332631564,-1.424973043686149,-1.7934642214512868,43.487506648949804,0.0151283041789598,0.12876680380047423,58.663783794627214,1.643153902134664,-0.0412287939940113,-0.20856747017612012,-0.7319321091160041,-0.25799774738822734,False,False,False,False,0.5267320275306702,0.39780399203300476,False,False
2025-03-21,0.48780399560928345,186951381,-0.03700630925129906,-0.04011491603761382,-0.08918169632412759,-0.2208038397390933,-1.0486865816824902,-1.3541014280821126,-1.9025401468045848,41.77606071004435,0.014331577455250669,0.13119463881472687,57.839480493643755,1.6465430083421764,-0.06514907585198004,-0.22102850354040232,-0.7409483305265998,0.06571144169906584,False,False,False,True,0.5267320275306702,0.45123499631881714,False,False
2025-03-22,0.5078859925270081,155983904,0.0403433214029637,0.014311789075189776,-0.049743592315849586,-0.23870954910648237,-1.0515243303889454,-1.326678394598446,-1.842971360574528,44.351560510956105,0.014968823398115977,0.12263993536561406,40.71209769619053,1.6387289818502888,-0.0024840490422877544,-0.17228588792857777,-0.7295759313483533,-0.16564454798009753,False,False,False,False,0.5267320275306702,0.45123499631881714,False,False
2025-03-23,0.5135499835014343,174031806,0.01109036525313092,0.09803976830342781,0.1490424943165895,-0.22297614986016548,-1.0150705474241837,-1.3717118941540958,-1.8524124352824465,45.08932384362132,0.015517209709782771,0.11773445499828257,33.12011765622205,1.6400478326168184,0.021748669115056275,-0.14921758010031744,-0.7257396099898906,0.11570361772712134,False,False,False,False,0.5267320275306702,0.45123499631881714,False,False
2025-03-24,0.5564200282096863,312841629,0.08017609197955423,0.1039059214721998,0.26156648346068373,-0.23483579696998835,-0.9358973934246141,-1.3045992315169521,-1.7389032271911133,50.4444804666444,0.018320189778918215,0.10994557309984415,31.97407170507879,1.6314941905357483,0.10918076235157899,-0.06605849682211108,-0.7020697034902412,0.7976118055109995,False,False,False,False,0.5267320275306702,0.45123499631881714,True,False
2025-03-25,0.5495269894599915,206569546,-0.012465566430649937,0.13458454136554282,0.20685059042161869,-0.18245590019997962,-0.8461776071685352,-1.2822653110408198,-1.755947413735844,49.60676267618545,0.01917184954061752,0.10791968892009879,29.905778966838948,1.618633708123942,0.0989909009165742,-0.06784969811384947,-0.7050159404362224,-0.3396993019749299,False,False,False,False,0.5267320275306702,0.45123499631881714,False,False
2025-03-26,0.52777498960495,271006845,-0.04038785220947994,0.020261608483724766,0.09691101413420115,-0.051112140390012044,-0.884509098777456,-1.2469337427849285,-1.7427520835044121,46.956707723341125,0.017763853417292592,0.113333623741052,27.539343665973455,1.5106908153940353,0.06014060316348512,-0.09626378985030137,-0.7159664143991357,0.3119399749273788,False,False,False,False,0.5267320275306702,0.45123499631881714,False,False
2025-03-27,0.5203559994697571,189666023,-0.014156845125854045,0.027593205618366135,0.10024337440083818,-0.05323542292720587,-0.845923953522805,-1.2529682954804573,-1.7903167925913297,46.0530526279648,0.015887570026032194,0.11334114750788796,27.125930992845692,1.510891690700346,0.04659933291037379,-0.1005254730160883,-0.7191674928280312,-0.3001430535822813,False,False,False,False,0.5267320275306702,0.45123499631881714,False,False
2025-03-28,0.46107301115989685,209692119,-0.12095678562432824,-0.05635727075466318,-0.09647218679227698,-0.2231170886240772,-0.9405223504449459,-1.4274423955593027,-1.8994108693331628,39.509978603926584,0.010470080937677699,0.12993181159736295,27.144996353432393,1.5547069202514072,-0.06580586269168073,-0.19601711383844272,-0.7503483906280842,0.10558610173420457,False,False,False,False,0.5267320275306702,0.45123499631881714,False,False
2025-03-29,0.4321939945220947,129767143,-0.06468185723459625,-0.16138244939222324,-0.14707066031703342,-0.3004698183078983,-0.903564914422193,-1.4456265474578598,-2.0281828117430822,36.76937246659001,0.005033473463479904,0.13595757577296555,27.85918604815488,1.5654898860418351,-0.12340863107950766,-0.239855520748919,-0.7652120809316698,-0.38115393359156235,False,True,True,False,0.5894169807434082,0.45123499631881714,False,True
2025-03-30,0.4357700049877167,90135271,0.008240043829877438,-0.1642327708154766,-0.06619300251204889,-0.36505129973230604,-0.998548824995425,-1.4314264176087377,-1.9884368477894205,37.34889407851916,0.0019296106074748118,0.12764508736087207,27.297830452190645,1.5384527452255934,-0.1168195829998659,-0.22585686129650312,-0.7625546829644605,-0.3054076022926697,False,True,False,False,0.5894169807434082,0.45123499631881714,False,False
2025-03-31,0.41996699571609497,141688138,-0.036938466108462374,-0.2813473289034933,-0.1774414074312935,-0.3750092137105197,-1.0130949441146098,-1.4870884117737202,-2.079766856346595,35.787890352038474,-0.0007905452344202646,0.12764280426933552,29.23390757901426,1.5400507090871427,-0.1465232952590095,-0.24793284527208218,-0.7704524342727852,0.5719499861491513,False,False,False,False,0.5894169807434082,0.45123499631881714,False,False
2025-04-01,0.4228209853172302,160232111,0.006772760349691334,-0.26210900212315213,-0.1275244607576092,-0.587480778080802,-0.9906251913690922,-1.4784317604864834,-1.9979474747638162,36.30564547989652,-0.0019351579950264777,0.12247988472904309,31.83954623928954,1.2967428746441731,-0.1357874840190557,-0.23643743431493325,-0.7681232297158045,0.1308787966428071,False,False,False,False,0.5894169807434082,0.45123499631881714,False,False
2025-04-02,0.3752099871635437,269300800,-0.1194630518935294,-0.34118420180720155,-0.32092259332347667,-0.5405094723935757,-0.9927373389931492,-1.6837866869871783,-2.1705689666812735,31.71187793794158,-0.005248395389915485,0.13941066818040848,38.07738267541808,1.2388505976847082,-0.22554104996143007,-0.31620364709514226,-0.7935588285260731,0.6806918308652876,False,False,False,False,0.5894169807434082,0.45123499631881714,False,False
2025-04-03,0.38350701332092285,203759294,0.021872073291199463,-0.3051552833901482,-0.27756207777178216,-0.40640764848303607,-0.9056883615277991,-1.7293987508978252,-2.1190409893688535,33.295850162585765,-0.006167317658298789,0.13366221460378475,42.40769621630901,1.1981305083010565,-0.1981319764437606,-0.29540386433974275,-0.7883413442452764,-0.2433765737049426,False,True,False,False,0.5894169807434082,0.45123499631881714,False,False
2025-04-04,0.3880249857902527,218458762,0.011711825607815205,-0.17248667215800476,-0.228843942912668,-0.40530447000843045,-0.798213389291688,-1.7224987751920111,-2.1345271415225646,34.19099542640511,-0.005764471980574171,0.1277086654577527,45.7436616571026,1.198416586100915,-0.17901731485812822,-0.2817668235672881,-0.7851842935822462,0.07214133751366458,False,False,False,False,0.5894169807434082,0.45123499631881714,False,False
2025-04-05,0.385886013507843,85194253,-0.005527709855029187,-0.11333252477843767,-0.274714974170661,-0.39298660958977405,-0.7346391356038646,-1.6948141594762214,-2.20255183976249,33.95864829235735,-0.004965977861769534,0.12216467998158131,48.8769011227862,1.1986259103907955,-0.17660005239719456,-0.27656568444563806,-0.7856868850532309,-0.6100213503910638,False,False,False,False,0.5894169807434082,0.45123499631881714,False,False
2025-04-06,0.33398398756980896,148923132,-0.1444489736418011,-0.26602154225011637,-0.43025431306559286,-0.4680023227336259,-0.8665142161612668,-1.8306672992996333,-2.4542530391319466,28.83770359698046,-0.007125800706910712,0.14333243484891625,55.38724847748333,1.2694670882302892,-0.27437912186969426,-0.36542563855633337,-0.8138491148855297,0.748041995274024,False,False,False,False,0.5894169807434082,0.45123499631881714,False,False
2025-04-07,0.3439370095729828,264830253,0.029365478480240716,-0.19971759766141323,-0.4810649265649065,-0.43954206164807086,-0.728072945321972,-1.684331464015207,-2.3847025892310962,30.986950194060825,-0.007062932034299418,0.13933606510920016,60.29464201283038,1.2779773624323236,-0.24151689116205619,-0.33860447515788894,-0.807536025023188,0.7783016610206668,False,True,False,False,0.5894169807434082,0.45123499631881714,False,False
2025-04-08,0.31917598843574524,153320729,-0.07471589035257892,-0.28120624836368335,-0.5433152504868355,-0.3265622306213416,-0.7535344482806535,-1.6787270688558287,-2.263722098358659,28.66730564711297,-0.00780949034285134,0.14804702559776015,65.48149173707112,1.1385926069752264,-0.28041086805267607,-0.37878213107596465,-0.8206607301517002,-0.4210603688091481,False,False,False,False,0.5894169807434082,0.45123499631881714,False,False
2025-04-09,0.37136098742485046,230433383,0.1514319629176155,-0.010311233552538466,-0.3514954353597401,-0.14278237053918627,-0.6605045016389137,-1.4217707177354988,-2.03953936602681,39.026898858506655,-0.004095931329107488,0.13219053714784212,66.61144776627901,1.2680825461919099,-0.14983686930987053,-0.27028682505441565,-0.7905101307463395,0.5029499566232822,False,False,False,False,0.5894169807434082,0.45123499631881714,False,False
2025-04-10,0.3663429915904999,153323829,-0.01360457140777973,-0.045787878251517686,-0.3509431616416659,-0.1986372685553811,-0.5648039160141495,-1.4468967069048981,-2.120179295449387,38.44866352926656,-0.0014227541214318906,0.12886368285220556,68.06819291236917,1.2569386324327667,-0.1495000348452674,-0.27323554647793225,-0.792563160534411,-0.3346283988722242,False,False,False,False,0.5894169807434082,0.45123499631881714,False,False
2025-04-11,0.3964320123195648,175192713,0.07893452675536695,0.02143482289603426,-0.15105184926197052,-0.18925446587795164,-0.504086029533182,-1.3803602578869036,-2.006845674142024,43.82341463699972,0.002701890084424362,0.11858617618046838,67.20662204864533,1.2644987018838603,-0.06758232320345298,-0.20571611212518356,-0.7746682474836297,0.14263199753509936,False,False,False,False,0.5894169807434082,0.45123499631881714,False,False
2025-04-12,0.4662860035896301,233301895,0.16229463065935754,0.189257163410421,0.0759246386319832,-0.00947062982610311,-0.2958187195790817,-1.1989988678940844,-1.834754450881092,53.890031728165134,0.010051614387895723,0.10728648947805411,65.48617990345927,1.3934171427001483,0.10284590266693759,-0.05913961246399304,-0.7338066261201175,0.33168720893088754,True,False,False,True,0.5894169807434082,0.30532601475715637,False,False
2025-04-13,0.4456480145454407,217571254,-0.04526975209319775,0.2884363849590243,0.022414842708908048,-0.13049915748808777,-0.3050988868823578,-1.207380407838075,-1.8532636758333993,50.98322376952519,0.01323957528322401,0.11035029502921859,59.820480877611914,1.374067157483777,0.06802437596640501,-0.09131941881038287,-0.7444383896334786,-0.06742611756325423,True,False,False,False,0.5894169807434082,0.30532601475715637,False,False
2025-04-14,0.43066900968551636,208570607,-0.03418959927285734,0.22488130720592606,0.025163709544513038,-0.15060537305110533,-0.3151691026477924,-1.279802276546811,-1.8907574070596824,48.92069148208595,0.013982872803154717,0.1157032162870397,53.20290589522783,1.377644853511518,0.04703871296477937,-0.11358921190650285,-0.7517635627695304,-0.04136873247051287,False,False,False,False,0.5894169807434082,0.30532601475715637,False,False
2025-04-15,0.3883419930934906,125079063,-0.10345345921126578,0.19614373834723925,-0.08506251001644405,-0.18142121828726404,-0.6283144315706007,-1.5169625894314398,-1.9566269307301642,43.55824230546667,0.011377781781786903,0.128061878967086,47.36773710003408,1.4006821461112133,-0.03958793644123988,-0.19517104765647628,-0.7749411943443851,-0.4003035000996089,False,True,False,False,0.5894169807434082,0.30532601475715637,False,False
2025-04-16,0.3777559995651245,196102765,-0.027637893498271008,0.017073881931352942,0.006762648378814447,-0.2833690505963174,-0.6007285697036184,-1.5413826846500494,-1.968429739556303,42.3091248052408,0.008810254540783873,0.12700554152024218,40.33545026112347,1.3719126151624734,-0.04899899742053285,-0.21151991336044162,-0.779802849953432,0.5678304609621196,False,True,False,False,0.5894169807434082,0.30532601475715637,False,False
2025-04-17,0.37570300698280334,133274324,-0.005449527167847879,0.025228926171284673,-0.020558952080232874,-0.2456743914401722,-0.5614252449199457,-1.607621501676574,-1.8159717761244263,42.057232974934365,0.0069253414036938715,0.12477624906132236,38.162129648227385,1.3665490446574722,-0.04389312883743657,-0.20918188829303647,-0.779666412333843,-0.3203852888050813,False,False,True,False,0.47912898659706116,0.30532601475715637,False,False
2025-04-18,0.4023059904575348,131861860,0.06841401313970863,0.014708412555626202,0.036143235451660524,-0.2511954589728017,-0.4492938816321979,-1.4825969795723397,-1.6411230676873871,46.50196439956091,0.007380061016285824,0.11440857076769125,37.27367618329494,1.3625027149490843,0.02771583263614273,-0.14666979130796357,-0.7626279152442051,-0.010598170432288168,False,False,False,False,0.47912898659706116,0.30532601475715637,False,False
2025-04-19,0.41759100556373596,68939544,0.03728952856725131,-0.1102966895364799,0.07896047387394096,-0.19241748814505522,-0.3874709549778772,-1.3033266214082115,-1.617390531831204,48.92614591363707,0.008538273004348462,0.10676360630524476,36.438493292585505,1.3707817234491935,0.06924511504529383,-0.1062803892979969,-0.7522330321107852,-0.47718359198027394,False,False,False,True,0.47912898659706116,0.3638339936733246,False,False
2025-04-20,0.42847201228141785,118742291,0.02572292240660264,-0.03930401503667969,0.2491323699223446,-0.12968825648715357,-0.3504920962262469,-1.178374838169644,-1.4837896845692662,50.64082587974324,0.009776191020094603,0.1010644069808352,36.805754385664066,1.3706243235558913,0.09591272640657712,-0.07577007609434874,-0.7444303091199442,0.7224119004906675,True,False,False,False,0.47912898659706116,0.3638339936733246,False,False
2025-04-21,0.4241490066051483,141081272,-0.010140596174879035,-0.015255011938701256,0.20962629526722482,-0.18017217406499644,-0.4188817231714787,-1.231696504453942,-1.5068505686634424,49.92370452198114,0.01000660705339073,0.10106412772140283,36.860775446299726,1.3611970243071012,0.08467145954858685,-0.07160979987964945,-0.7457822293644027,0.1881299477369862,True,False,False,False,0.47912898659706116,0.3638339936733246,False,False
2025-04-22,0.5010259747505188,234509835,0.1665731213831537,0.25477156865571815,0.4509153070029574,-0.02468941793497367,-0.24766556779513924,-1.0397599653591574,-1.3964013120890693,60.60701583176501,0.014752647123183579,0.09221054096815867,43.31558410089736,1.4879170587430153,0.26098214929698516,0.1035772656924057,-0.6980866234675486,0.6622322132167904,False,False,False,False,0.47912898659706116,0.3638339936733246,True,False
2025-04-23,0.5386049747467041,411956936,0.07232447122472976,0.3547339333787189,0.3718078153100718,-0.032541038689798116,-0.2673768356597865,-0.968438432114412,-1.3371402702067503,64.58443629921948,0.019538668806950276,0.09042386224341332,52.05931826414037,1.482780571448276,0.3296102702158678,0.1882973103382125,-0.67375842268743,0.7566723203741115,True,False,False,False,0.47912898659706116,0.3638339936733246,False,False
2025-04-24,0.5561010241508484,260279686,0.03196755908345032,0.39215101963001714,0.4173799458013018,0.011892086824302189,-0.17056381337567758,-0.834285520344233,-1.2703732242165178,66.2909455767238,0.02277267945876727,0.08759837438564627,59.90434255211999,1.4865831737593147,0.3449003345505219,0.22829862668203596,-0.6610976691168875,-0.3681871495422522,True,False,False,False,0.47912898659706116,0.3638339936733246,False,False
2025-04-25,0.6375529766082764,460696213,0.13668739828340676,0.4604244047737154,0.47513281732934154,0.18896733731718884,0.13785519692717674,-0.6955417614602672,-1.0579664054677396,72.84986960808709,0.028894000258174575,0.08463522090638224,73.61382884518304,1.5522986176812457,0.49635033254296146,0.40411942674774,-0.6092026135337625,0.770004490477217,False,False,False,False,0.47912898659706116,0.3638339936733246,False,False
2025-04-26,0.6519820094108582,381536302,0.022379594475906574,0.44551447068237066,0.33521778114589057,0.22550377691894935,0.17226835399174328,-0.6204201766038558,-1.0274645185615081,73.82160808784263,0.03216103994443552,0.08627732021077254,81.06702405478754,1.5514699640440741,0.4751662041107223,0.4284304214131983,-0.5981321289389366,-0.17182670220907592,True,False,False,False,0.47912898659706116,0.3638339936733246,False,False
2025-04-27,0.6147419810295105,175857260,-0.05881433188556298,0.36097721639020514,0.32167320135352534,0.2876462306577146,0.06452914203363735,-0.6528761197872313,-1.1397961649015882,67.14230440603056,0.030097107614756466,0.08990152311012087,82.61907086218729,1.5010245833048528,0.3495622093443275,0.3420804337530846,-0.6190828997775759,-0.5390811855171779,False,False,False,False,0.47912898659706116,0.3638339936733246,False,False
2025-04-28,0.6185590028762817,263589697,0.0061899472783199265,0.37730775984340387,0.3620527479047026,0.35851803517063074,0.058048216862732475,-0.5450468792515624,-1.087108512287229,67.46721824806649,0.02735158767931488,0.09107585797515898,80.78062999495843,1.477053425811338,0.314736641753817,0.34010827842470065,-0.6145520578932476,0.498884362237874,False,False,False,False,0.47912898659706116,0.3638339936733246,False,False
2025-04-29,0.6018990278244019,182433526,-0.027302880636099064,0.1834317578241513,0.4382033264798693,0.3229751107046542,-0.04207618902765187,-0.6755737142907708,-1.1084513069040836,64.47062776895325,0.022953652623848107,0.0921254752375156,79.88752632202477,1.4833667134205506,0.24873192348323317,0.2942819841372975,-0.6224017685874796,-0.3078882517930889,False,False,True,False,0.7177169919013977,0.3638339936733246,False,False
2025-04-30,0.633965015411377,177202213,0.05190406880107252,0.16301135540049388,0.5177452887792129,0.41181764561418904,0.03680843190366943,-0.6012772985004206,-1.075270766159531,67.4658497614489,0.02080782389210285,0.08922101715481862,79.0048915414373,1.479771353400637,0.27973093636873353,0.35235143581961054,-0.5997233576995027,-0.02867517344372328,False,False,False,False,0.7177169919013977,0.3638339936733246,False,False
2025-05-01,0.6158319711685181,176955928,-0.02901961992873643,0.10202417638830735,0.49417519601832444,0.37602526533576147,-0.21145551274504065,-0.6145999260333308,-1.102406495150722,64.17132141435827,0.016935049484519786,0.09080828708125216,77.75755214575403,1.4871367699725946,0.21619563647277484,0.3060479182005019,-0.608641749163102,-0.00138985284568649,False,False,False,False,0.7177169919013977,0.3638339936733246,False,False
2025-05-02,0.6439409852027893,179149296,0.04463293177465517,0.009969709879555656,0.4703941146532711,0.5401212490039461,-0.00038822338962961794,-0.45261608998920305,-1.143665437983232,66.87194908620293,0.015095337943703983,0.08680991062852798,79.46084094878128,1.4120742539149076,0.24978344902182462,0.35570056891719615,-0.5879202069970618,0.012394995888467708,False,False,False,False,0.7177169919013977,0.3638339936733246,False,False
2025-05-03,0.5696579813957214,132854418,-0.12257093592359614,-0.13498082051994695,0.31053365016242357,0.39567823978915045,-0.010729408693885558,-0.5100101217386486,-1.3337205111086747,55.0605130090317,0.008057526838896309,0.10084709634990802,78.01765174790513,1.4945675990100904,0.09246547714960217,0.19619408603140787,-0.6331093173054972,-0.2584150707463567,False,False,False,True,0.7177169919013977,0.5635719895362854,False,False
2025-05-04,0.5492039918899536,114026403,-0.03656620567630603,-0.11273269431069005,0.24824452207951495,0.3474002085050294,-0.05790426150340102,-0.45081318078665866,-1.3750985666869817,52.32019280262007,0.0015474585236277746,0.1016917991710355,75.6019652094123,1.5046213793934198,0.041403046180375554,0.15089795759833619,-0.6438885871981233,-0.14171914854950474,False,True,False,False,0.7177169919013977,0.5635719895362854,False,True
2025-05-05,0.5478299856185913,108484851,-0.002504948831114652,-0.12142759042012449,0.2558801694232795,0.350422969528944,-0.04256364006083002,-0.3842161660749206,-1.3443911899472776,52.132492523350194,-0.003076449312064196,0.09883215730636186,70.59241427145136,1.5042256924216348,0.02332387498116187,0.14407527419313582,-0.6424683935913572,-0.04859884951382709,False,True,False,False,0.7177169919013977,0.5635719895362854,False,False
2025-05-06,0.5612229704856873,150869177,0.024153284815316395,-0.06997142496870916,0.11346033285544219,0.5190252279860613,0.05102290525243556,-0.3474889881752054,-1.3116420713135721,53.869713564417886,-0.005326348684409607,0.09528449902942217,64.18256995867044,1.3949620504227338,0.030680262306849896,0.16912884060800693,-0.631201738569451,0.3906934987632513,False,False,False,False,0.7177169919013977,0.5635719895362854,False,False
2025-05-07,0.5755100250244141,179638222,0.02513836928196058,-0.09673712448782108,0.06627423091267297,0.5147981187877811,0.07525605713971029,-0.21327482653419078,-1.169533345227426,55.7160491287144,-0.005901124837440264,0.092986970496696,56.60293503576014,1.3945797808875997,0.03787619347370956,0.19415587851068858,-0.6192251468280445,0.19068868520440052,False,False,False,False,0.7177169919013977,0.5635719895362854,False,False
2025-05-08,0.6882510185241699,359225917,0.17889697620917527,0.11117947165009048,0.21320364803839784,0.7684109853495352,0.44184875472819374,0.014876537068881866,-0.9103160835062933,66.95554661571984,0.0009007147418994277,0.08584628503956067,53.0401781262246,1.4631701258015335,0.2099954213098229,0.4180216601669696,-0.5415246933889216,0.9997187291243619,True,False,False,False,0.7177169919013977,0.5635719895362854,False,False
2025-05-09,0.7437649965286255,646388709,0.0775714961594795,0.14411803603491483,0.15408774591447053,0.6945505185913994,0.5517681480522132,0.03404601695248583,-0.7272201991440994,70.87536702780756,0.008315363135978138,0.08427549763716977,52.108645083056935,1.4047467157991622,0.27114686561185863,0.5175426215497692,-0.5016256943720521,0.7993933021263608,True,False,False,True,0.7177169919013977,0.5234339833259583,True,False
2025-05-10,0.9426800012588501,1058833669,0.23700176379889584,0.5036907357574069,0.36870991523745994,0.945156853798075,0.746519585242694,0.3803529377839255,-0.5017398531068231,80.0206743228145,0.0248579862221935,0.07892847880562516,66.50838749623902,1.5828932652592258,0.543292983274753,0.8883475263630363,-0.3651996477710984,0.6380757495564484,True,False,False,False,0.7177169919013977,0.5234339833259583,False,False
2025-05-11,0.9100030064582825,439595181,-0.035278980549540824,0.5049779608841721,0.3922452665734822,0.8309433464931674,0.6416888806152156,0.32685731695998504,-0.5494169113937364,75.80933921377846,0.03141833862184536,0.08229893417041059,70.29545157006831,1.5899375061371124,0.4328128521366899,0.7939885206389471,-0.38393370322711223,-0.5848307492760697,True,False,False,False,0.7177169919013977,0.5234339833259583,False,False
2025-05-12,1.146198034286499,1827927900,0.2307577838274298,0.7382406935427166,0.6168131031225921,0.8994064996612395,0.8899358698351364,0.6035877800821579,-0.29959236823284485,82.83944946545832,0.048465268231724465,0.08561712923989885,92.03373511744856,1.6783593902665868,0.7174721110903496,1.204632898206788,-0.2202411065119948,3.158207321203551,False,False,False,False,0.7177169919013977,0.5234339833259583,False,False
2025-05-13,1.178786039352417,882388157,0.02803472055912582,0.7421221292865261,0.6721507043178169,0.9727109723135632,0.8422118148254754,0.6676120854312053,-0.23466943552451192,83.54977582716771,0.058087166379971925,0.08716584566508707,106.69521771893997,1.6563252514310811,0.6854630175346422,1.2142998807135847,-0.19498271019913704,-0.5172740910623443,True,False,False,False,0.7177169919013977,0.5234339833259583,False,False
2025-05-14,1.1347609758377075,528275197,-0.03806309393041432,0.6789206660741511,0.5821835415863301,0.9688374776560063,0.8182321046049009,0.6536683750082137,-0.31096479889080453,78.80405506006457,0.05752914339774451,0.09342964630540752,113.1106147501852,1.6583398416446908,0.5580589500566295,1.0857419729024154,-0.22179464056782233,-0.4013120044629067,False,False,False,False,0.7177169919013977,0.5234339833259583,False,False
2025-05-15,0.9852210283279419,519598713,-0.14131130352085777,0.35871238634411806,0.46989185799420863,0.9309796333464142,0.74955841505915,0.3026652017758134,-0.5859829560850258,65.2471551678885,0.0437549616062891,0.11379188101366383,113.79155266391076,1.7020260746174658,0.3212020444707101,0.7809323984068167,-0.32084529261560457,-0.016424174462993046,False,False,True,False,1.3102489709854126,0.5234339833259583,False,False
2025-05-16,1.004802942276001,528746362,0.019680713689157237,0.3008216038737959,0.4449396399087107,0.9782982405338424,0.6949291899375252,0.3775696708302239,-0.5630844441162067,66.07029664023752,0.03311244857353149,0.11549500179068312,114.33553939608257,1.6894527720129762,0.3163215647584422,0.7850656248065462,-0.30383914351331553,0.01760521874117882,False,False,False,False,1.3102489709854126,0.5234339833259583,False,False
2025-05-17,0.9315400123596191,329794103,-0.0757075800503465,-0.011887739975446504,0.4918029957819604,0.9080401876513439,0.6623657962111716,0.3466149427313982,-0.6995813140252302,60.31432769946896,0.01899009196611276,0.12221078756730505,112.08124650112336,1.7267363236310935,0.19553668999159343,0.6277029216436171,-0.3508193212349215,-0.37627163664532215,False,False,False,False,1.3102489709854126,0.5234339833259583,False,False
2025-05-18,1.0702600479125977,661657555,0.1388177894801166,0.16220903005421097,0.6671869909383832,0.978443963991752,0.7272485050189502,0.529150082359554,-0.5041530155805878,66.30080457394563,0.016911929455821775,0.10980650139091885,111.67286673176875,1.7633854822959647,0.33487747879036434,0.8293017872315782,-0.2501994420473562,1.0062746695018983,False,False,False,False,1.3102489709854126,0.5234339833259583,False,False
2025-05-19,0.9952149987220764,442727029,-0.07269814042543232,-0.14124689419865105,0.5969937993440655,0.8684562949990684,0.6760388068540133,0.48098534002119125,-0.434870326409143,60.94479067295729,0.008811241161309546,0.12001208522312085,108.43990281371003,1.8010467254365419,0.21156058390126248,0.6691133859961838,-0.2993726154240757,-0.3308819257720106,False,False,False,False,1.3102489709854126,0.5234339833259583,False,False
2025-05-20,0.9740689992904663,360665983,-0.021476650640465684,-0.19075826539824264,0.5513638638882835,0.8212567219520001,0.6915684654648465,0.4707646257257533,-0.3571181162176437,59.48653910386237,0.0007800306837802418,0.12010272314102774,105.2920772227385,1.8096150560862043,0.1617669755920974,0.6038394698579854,-0.31129180350822017,-0.18535359403141383,False,False,False,True,1.3102489709854126,0.9232929944992065,False,False
2025-05-21,1.1167759895324707,925280453,0.13671909013879782,-0.0159760813290305,0.6629445847451206,0.968116408265677,0.7879442342006806,0.5492346850941983,-0.263580096188265,65.48812623835023,0.0036683140429024375,0.11137752783877691,103.04131329300255,1.8434819023999027,0.2933361616876872,0.7977291482984811,-0.20742733300439498,1.5654774683865873,False,False,False,False,1.3102489709854126,0.9232929944992065,False,False
2025-05-22,1.195497989654541,670152628,0.06811687287024663,0.1934520950620741,0.552164481406192,0.86966015975277,0.8449707418177964,0.6219945919576308,-0.17009980560638735,68.2796439105375,0.009157582588163182,0.10186793614333262,102.18727951571893,1.7842398152073156,0.3416543960065577,0.8749363285707308,-0.1488795909781769,-0.27573026553496205,True,False,False,False,1.3102489709854126,0.9232929944992065,False,False
2025-05-23,1.110798954963684,1259446235,-0.07348329066701133,0.10028809070590526,0.40110969457970114,0.7238523978610287,0.6913113591712308,0.45647556220124225,-0.24458603425338332,62.42873420411057,0.0055393210873770915,0.11965832670831035,95.78488624805622,1.8119373744194194,0.2098630227056616,0.7032446359583078,-0.20689502985971675,0.8793423801958142,False,False,False,False,1.3102489709854126,0.9232929944992065,False,False
2025-05-24,1.1229610443115234,412711846,0.010889450552786438,0.1868851213090383,0.1749973813335918,0.702774289330365,0.7146663761546671,0.5322104759546874,-0.13151123101386805,62.92007788377008,0.0025711368603263673,0.1150302288478029,87.40817012817732,1.8122812112531244,0.18605006826922385,0.6839402401140744,-0.1953952415727859,-0.6723068960542011,False,False,False,False,1.3102489709854126,0.9232929944992065,False,False
2025-05-25,1.1058340072631836,408192146,-0.01536917821914834,0.03269815360977315,0.19490718366398416,0.5507177128278098,0.7396850501449987,0.6885729097549866,-0.14482404863245732,61.696452518320555,-0.0017090181666194748,0.1158662033233734,77.1395197940381,1.7697874383380006,0.13452890473423834,0.6232089833323367,-0.2037789450058511,-0.010951224307721996,False,False,False,False,1.3102489709854126,0.9232929944992065,False,False
2025-05-26,1.1248699426651,441983530,0.017067614465927968,0.12246390850113326,-0.01878298569751766,0.5454057328178312,0.7709095097367806,0.7176740868095746,-0.07501444378602452,62.56778011962892,-0.004275386658129654,0.11041385970035766,65.68021854456335,1.7697324761238011,0.12162843343322699,0.6136842357955749,-0.18648485319585414,0.08278303326296732,False,False,True,False,1.3846009969711304,0.9232929944992065,False,False
2025-05-27,1.1104240417480469,417217934,-0.012925460487351994,0.13101509865424707,-0.05974316674399551,0.5912946042160423,0.878940834873757,0.6558237462496798,-0.06158151557118911,61.42582621706418,-0.007760041776929877,0.108846322603706,51.90052577813835,1.751751837144958,0.0784630310552933,0.558683357171151,-0.19336561701317692,-0.056032848101828625,False,False,False,False,1.3846009969711304,0.9232929944992065,False,False
2025-05-28,1.1232810020446777,362271705,0.011511906927936633,0.005807915443385947,-0.010168165885644485,0.5966165638656591,0.9551345990362899,0.6546647807283915,0.05156968461409679,62.089021118945524,-0.009877498261000178,0.10439357220073431,41.652241008204335,1.7513331743379055,0.06837994519775455,0.5419228245614042,-0.17998797217473686,-0.13169670937491385,False,False,False,True,1.3846009969711304,1.017619013786316,False,False
2025-05-29,1.053948998451233,381101762,-0.06370980851189488,-0.12601876593875555,0.06743332912331851,0.5602096359898633,0.8831847466945174,0.5181334469622113,-0.11536407830090756,56.452538720962906,-0.01624961541054469,0.11222481039819526,31.400329431553565,1.768202971839174,-0.012135577878225402,0.42013811525899875,-0.225814887011446,0.051977719319812765,False,False,False,False,1.3846009969711304,1.017619013786316,False,False
2025-05-30,0.8896390199661255,382947332,-0.16948355445796473,-0.22201902972970886,-0.12173093902380361,0.33882201273082596,0.7506396583450151,0.37563044463449535,-0.2624552857695946,45.833380257834854,-0.030978670839569136,0.1373166086210547,33.20922510905604,1.8808699524287709,-0.16406507883867116,0.18206964424086214,-0.34107994953934634,0.004842722296308777,False,True,False,False,1.3846009969711304,1.017619013786316,False,True
2025-05-31,0.8523290157318115,485953116,-0.04284316392170251,-0.2757516442041979,-0.08886652289515966,0.3249984687378598,0.7010237340736213,0.11354295599281926,-0.28960145729547093,43.81778606777537,-0.04199812353840027,0.14158480855941544,35.463288024567376,1.8852121217082334,-0.19694685088337044,0.11893954591103803,-0.36296455762178664,0.26898159457603943,False,True,False,False,1.3846009969711304,1.017619013786316,False,False
2025-06-01,0.8728939890861511,231065681,0.02384149459034176,-0.23654097139470787,-0.20384281778493463,0.3042070315535464,0.8443282805574925,0.30381880816391676,-0.14840905843565672,45.24706229939486,-0.04632564311154033,0.1342917875341847,38.33881498256335,1.881912445520452,-0.16684377369322642,0.1338325872503028,-0.33943616317937464,-0.5245103418577524,False,True,True,False,1.1820720434188843,1.017619013786316,False,False
2025-06-02,0.9501510262489319,344709576,0.08480683138325121,-0.16880175447738457,-0.04633784597625116,0.5115847988603937,0.9072630386495442,0.500855390166508,0.001574677121745177,50.356512673878214,-0.04250839233825261,0.12357632783804658,37.760598158658546,1.8363141856012444,-0.08309919083443437,0.21821808812663693,-0.2737426497075373,0.4918250711580141,False,False,False,False,1.1820720434188843,1.017619013786316,False,False
2025-06-03,0.9719250202178955,594150404,0.02265771483322069,-0.1332185791568119,-0.0022034805025648034,0.5708087193699204,0.9182089278749498,0.5129044578665193,0.11999553858326173,51.72387587514958,-0.03723017686891167,0.11956729658477601,37.36849418263573,1.8261402745767819,-0.05465974718307601,0.22907657394052905,-0.24878199213640348,0.7236260474527694,True,False,False,True,1.1820720434188843,0.788349986076355,False,False
2025-06-04,0.8829540014266968,319462296,-0.09600555605895074,-0.24073604214369937,-0.2349281267003133,0.4773081121420842,0.8277310816710282,0.43474447208125416,0.09309194606716367,46.13244193341173,-0.0382955826982506,0.13117532120013298,39.413497826135405,1.8686444269998415,-0.13690457471408746,0.10277050118601146,-0.310279734714666,-0.4623208301310858,False,False,False,False,1.1820720434188843,0.788349986076355,False,False
2025-06-05,0.8274120092391968,388800035,-0.06497033738079216,-0.2419965710125965,-0.36801533695135213,0.3881844899459759,0.9072097179320372,0.43920739519841134,0.04069550177077044,43.006883095812526,-0.04106055136624559,0.13864073024029924,43.16813044903834,1.889438865311593,-0.1841236707021698,0.02192276305685248,-0.3465520580273599,0.21704514075113268,False,True,False,False,1.1820720434188843,0.788349986076355,False,False
2025-06-06,0.8156430125236511,294274145,-0.014325993764365398,-0.08683901031899727,-0.3088580400487062,0.3487201268996497,0.8635182456874309,0.4239761840393601,0.13544530036545893,42.35209792515227,-0.04185875325745561,0.13613694230461018,46.21701267605584,1.8912454875613558,-0.19110652049274063,-0.0034427661215219014,-0.34909364086776073,-0.24312212317573478,False,True,True,False,1.0435559749603271,0.788349986076355,False,False
2025-06-07,0.8727999925613403,230566255,0.06772965140871859,0.023733805011423678,-0.25201783919277415,0.23755280209919308,1.0059637874487284,0.6794015568273868,0.252429339168075,46.60400773763714,-0.03688828139490668,0.12713965917025827,47.74395257939968,1.8052919361446498,-0.12586358641498246,0.05427095442335814,-0.2966777316972864,-0.21649163231788504,False,False,False,False,1.0435559749603271,0.788349986076355,False,False
2025-06-08,0.8896080255508423,226876196,0.019074518986992715,0.018966829408074766,-0.2175741419866331,0.17905582492670627,0.8736063435181057,0.7308239729789194,0.21310184187919198,47.82275590249399,-0.03105357661272063,0.12252807593300621,48.94172898168953,1.7883364329893243,-0.1042929295588973,0.06245830212293244,-0.27686119565153927,-0.01600433246400257,False,False,False,True,1.0435559749603271,0.7994369864463806,False,False
2025-06-09,1.026082992553711,454719153,0.14272296690480976,0.07688296492963353,-0.09191878954775114,0.08477702803262033,1.0299338818306953,0.8312966132753142,0.46512996581654564,56.503890938876985,-0.017275410698006116,0.10962023929681788,48.861895713041825,1.6607217362183846,0.03041950915575227,0.2082037305166618,-0.15824847107864087,1.0042611830462813,False,False,False,False,1.0435559749603271,0.7994369864463806,False,False
2025-06-10,1.0274080038070679,558440453,0.0012904964663516445,0.055515746562764486,-0.07770283259404745,0.12134650504851274,0.95228985154168,0.7630353856637282,0.4482038220084979,56.57942488925644,-0.007826291745984218,0.10747448192116876,47.9039285662893,1.655049953509404,0.03640074476471488,0.19281797969235606,-0.14955683652433333,0.22809969475818415,True,False,False,False,1.0435559749603271,0.7994369864463806,False,False
2025-06-11,0.9529079794883728,433604333,-0.0752760681361632,0.07624523448555198,-0.16449080765814722,-0.1846873469150803,0.7147191527461592,0.7052485229200561,0.41890043316707753,51.19610438805773,-0.006407012919109844,0.11565326790193489,44.6310440572238,1.460196043936327,-0.02684415461550715,0.09483588958802562,-0.20357390738134576,-0.22354419227576983,False,False,False,False,1.0435559749603271,0.7994369864463806,False,False
2025-06-12,0.8887479901313782,341554928,-0.06970462055875658,0.07151095130758757,-0.170485619705009,-0.28242668803296267,0.6902842842806004,0.5597851267925127,0.3851853973982427,47.0447006718436,-0.009420603506678669,0.12189506916761406,44.03204399543546,1.471148925757025,-0.08195826740484714,0.012969559483874715,-0.2500590622703804,-0.21228894177125301,False,True,False,False,1.0435559749603271,0.7994369864463806,False,False
2025-06-13,0.8522769808769226,545558346,-0.041902150735965836,0.043934794335987314,-0.04290421598301009,-0.2862657448385142,0.6825717328174921,0.5319663597663868,0.3674026301696996,44.819870658973095,-0.013266135881324415,0.12568960258799478,43.23431772398592,1.4721504873427538,-0.10714906233803075,-0.035113445428285005,-0.27369741691527244,0.597278508597598,False,True,True,False,1.0749319791793823,0.7994369864463806,False,False
2025-06-14,0.8331959843635559,190905046,-0.02264267908303125,-0.046437536155762626,-0.022703731144338848,-0.1675971204006876,0.7633825129457266,0.5819612946584625,0.1350680813751258,43.656617703719114,-0.016291497895166707,0.12295689186051767,42.620129362604274,1.3946123170946785,-0.11449262441853797,-0.06087576126408352,-0.28329454941411825,-0.6500740069330733,False,True,False,False,1.0749319791793823,0.7994369864463806,False,False
2025-06-15,0.8517429828643799,157535409,0.0220159281747255,-0.043496126968029764,-0.024529297559955095,-0.16526190591511933,0.8130363346187229,0.5296672840224057,0.21230776491510456,45.14687817825652,-0.01620573618517591,0.11477199932722791,39.93564170015904,1.395168502006097,-0.08144956089227995,-0.044274568775652244,-0.2601302602176284,-0.17479704019976505,False,False,False,False,1.0749319791793823,0.7994369864463806,False,False
2025-06-16,0.8356490135192871,324273137,-0.019076133375911686,-0.20529522724875138,-0.12841226231911784,-0.10863045924068469,0.7994097284106592,0.553735336970487,0.2379844834907135,44.05790464711926,-0.016348247657580882,0.11449613461991302,36.957945763226704,1.3731143918251743,-0.08525264756273107,-0.06695888750711985,-0.2669620558945534,1.058414289577272,False,False,False,True,1.0749319791793823,0.797432005405426,False,False
2025-06-17,0.7720280289649963,362127358,-0.07918782832398626,-0.2857735520390894,-0.23025780547632485,-0.3266360770447877,0.6518078869469642,0.4006124279741626,0.2025140053147663,39.955075315426484,-0.019622167767008106,0.12537364224252448,33.46013708154321,1.2969256869177548,-0.1383300347895643,-0.14093877947291825,-0.3152239270442123,0.11673560551517403,False,False,False,False,1.0749319791793823,0.797432005405426,False,True
2025-06-18,0.7913529872894287,262438740,0.024723266385192202,-0.18577421751773404,-0.10952898303218193,-0.22921467023416314,0.6392416247649053,0.4468241366198501,0.2517706697870281,41.73010933085379,-0.019349030655450693,0.1195720286969559,31.20729889920801,1.2829302090993249,-0.10362544137671773,-0.12313233617144015,-0.29055841532995,-0.27528607214481704,False,True,False,False,1.0749319791793823,0.797432005405426,False,False
2025-06-19,0.7929620146751404,182182581,0.0020311969992352916,-0.11403839995974221,-0.042527448652154604,-0.20570682259446219,0.6155498993575379,0.48586164287038425,0.26505780313129096,41.88415676620211,-0.017953474064517222,0.11405408902355628,32.60590227405357,1.2823595099881817,-0.09685785169470577,-0.12443455004137778,-0.28083812243370676,-0.3058091156816254,False,False,True,False,0.9043179750442505,0.797432005405426,False,False
2025-06-20,0.7607319951057434,240279876,-0.04149419849704871,-0.11363044772082509,-0.06969565338483787,-0.38392011123030867,0.5841962970353684,0.4040241229703719,0.16531457386388956,39.624434016925505,-0.018046173394818354,0.11776892628867489,34.74523784187388,1.177611426551344,-0.1290229544060521,-0.16270125604432387,-0.3026143957660242,0.31889599258668966,False,False,False,False,0.9043179750442505,0.797432005405426,False,False
2025-06-21,0.6966180205345154,210379729,-0.0880438943337703,-0.179031662971564,-0.22546919912732666,-0.5400808784343256,0.32957928131844444,0.3048898633834706,0.08191371352330527,35.51913684925681,-0.021060451894119987,0.12948730645953907,39.36845937577026,1.1685024926049776,-0.19429789314333212,-0.23415627983075057,-0.3537127953447417,-0.12443883148999124,False,False,False,False,0.9043179750442505,0.797432005405426,False,False
2025-06-22,0.6864359974861145,327588038,-0.0147242361801337,-0.21577182732642325,-0.25926795429445304,-0.4813218239474479,0.2425305739135809,0.20998953522378272,-0.024846261746205665,34.90071907801244,-0.022258093975091958,0.12977586027386112,42.77223819158882,1.151235545753414,-0.19377903933241222,-0.24728284832875846,-0.3556703650808343,0.5571273884472017,False,True,False,False,0.9043179750442505,0.797432005405426,False,False
2025-06-23,0.8324900269508362,486147155,0.1929082514555605,-0.003787442494951012,-0.20908266974370238,-0.299303023044674,0.40347126628569113,0.41536335310999317,0.23290745291001347,48.698613344861904,-0.012232970592256656,0.11339669550896879,41.10977459085819,1.36082349848448,-0.014165836957242934,-0.09276255600178133,-0.20949494650943035,0.48401986216602944,False,False,False,False,0.9043179750442505,0.797432005405426,False,False
2025-06-24,0.8687559962272644,431349410,0.04264105684307807,0.11804144267211318,-0.16773210936697613,-0.24129278798244766,0.30942492484536227,0.49839226216255106,0.447280121772539,51.450267763070904,-0.0026777048730979858,0.10539553736358132,41.02102839617024,1.3729200260761059,0.02964588655913529,-0.05981676348208454,-0.16465587798765802,-0.11271843193240527,True,False,False,False,0.9043179750442505,0.797432005405426,False,False
2025-06-25,0.7953709959983826,321442327,-0.08825363155244406,0.005064544734476929,-0.18070967278325692,-0.3466140340008195,0.19879169881701178,0.424295475735961,0.3710600528087551,46.065874194400855,-0.0009094053313235262,0.11642456294848068,41.375590782536236,1.3976035493548966,-0.05553640727700172,-0.14357566413527822,-0.2236802796378109,-0.25479826899496627,False,False,False,True,0.9043179750442505,0.6391929984092712,False,False
2025-06-26,0.7547910213470459,276777368,-0.052367749417866406,-0.04933440168262454,-0.16337280164236676,-0.38605632293133396,0.2052382812847084,0.49288451194242294,0.26976742331834574,43.36339951130821,-0.0020189097023441682,0.12057484614609565,42.43806075556821,1.4048434631091364,-0.10047318082816205,-0.19039635379139458,-0.2524200173935028,-0.13895170376862032,False,True,False,False,0.9043179750442505,0.6391929984092712,False,False
2025-06-27,0.7728949785232544,245659441,0.02370225914532946,0.015862055959753433,-0.09776839176107155,-0.3738659707139411,0.2227505931517179,0.5812686283223486,0.28079881001445023,44.915980854590046,-0.001124330824616382,0.11387617936140536,43.060688257877274,1.4081457946988487,-0.07338140683173146,-0.17248031741648778,-0.22568013954840146,-0.11242944907258456,False,False,False,False,0.9043179750442505,0.6391929984092712,False,False
2025-06-28,0.8304759860038757,213229352,0.07185583636628363,0.17576178665980738,-0.0032698763117565946,-0.23830032583576263,0.32190931015410057,0.6448844208587547,0.2798331211264487,49.64419519551216,0.003501369007108582,0.10475268853470755,42.777183517794455,1.425338873530879,-0.0008061313326738882,-0.11247768555545026,-0.15947028923381834,-0.13201238620420053,False,False,True,False,0.893447995185852,0.6391929984092712,False,False
2025-06-29,0.8717619776725769,295812565,0.0485174117349928,0.23900343457493392,0.023231607248510706,-0.020299359642805107,0.3185226530880209,0.73034029870221,0.35533108499169036,52.77429462449968,0.009175286170978639,0.10031381200867069,37.70144230532759,1.3127585222810567,0.058695982206004096,-0.06694139253506544,-0.10783841513885566,0.38729758462146435,True,False,False,False,0.893447995185852,0.6391929984092712,False,False
2025-06-30,0.8638719916343689,323781696,-0.009091825266572163,0.037003357852801254,0.03321591535785021,0.0134519790123253,0.33845044775018507,0.7144757130859466,0.12699493500514442,52.10768956359912,0.012049561191501659,0.0996888745379696,30.868054748816565,1.3043656866402031,0.059636499781214665,-0.07447219887125404,-0.10637668564783995,0.09455017909736196,False,False,False,False,0.893447995185852,0.6391929984092712,False,False
2025-07-01,0.7830600142478943,245007267,-0.09821526039436716,-0.10385295938464385,0.014188483287469328,-0.1086047759723838,0.1956022555811626,0.7357235045851087,0.195214032191533,45.73556315557,0.008337225992456766,0.10998404574369892,27.112811562453516,1.345642082390517,-0.029377650060248256,-0.15447270094702203,-0.18091606153886494,-0.24329488038755598,False,False,False,False,0.893447995185852,0.6391929984092712,False,False
2025-07-02,0.9086099863052368,512514494,0.14870660453309326,0.13310727670089326,0.13817182143537038,-0.04470500282254161,0.466879796037852,0.8625580358270026,0.45615038734396646,54.95236289514179,0.013841673146987504,0.09995490766608885,27.88953547020766,1.415156228186868,0.12485998970709611,-0.013149335795101625,-0.039874247065149866,1.0918338475242044,False,False,False,False,0.893447995185852,0.6391929984092712,True,False
2025-07-03,0.9207620024681091,545988488,0.013285646638672276,0.19876067275743214,0.14942627107480747,-0.05407707101708992,0.5167316483528304,0.8641318568578598,0.4588273868494295,55.73602999675215,0.017566128106616508,0.09737333582148935,29.993125703284857,1.4135200414723137,0.13509228410415694,0.0047195629263729125,-0.016998255925856774,0.06531326312110108,True,False,False,False,0.893447995185852,0.6391929984092712,False,False
2025-07-04,0.8449919819831848,304842636,-0.08587445223954779,0.08918396137255485,0.10504601733230828,-0.043945967197687064,0.4333621449443971,0.7837851144733412,0.39079850488356704,49.906296619726504,0.014328660623135914,0.10822602054408227,30.103020234137162,1.4054407248277827,0.04092805590552292,-0.07512898000406755,-0.08863370413501644,-0.441668381843245,False,False,False,False,0.893447995185852,0.6391929984092712,False,False
2025-07-05,0.8455749750137329,262115213,0.0006897012286268268,0.01801782623489806,0.1937796128947054,0.021714071411731893,0.40989856135770775,0.9289237893437691,0.4609214666101432,49.949674687980846,0.01173732145435617,0.10448719046868606,30.022134822276865,1.3866339963119834,0.04204211723826426,-0.07125363411187913,-0.07876976246752815,-0.14016222783219867,False,True,False,True,0.893447995185852,0.7800210118293762,False,False
2025-07-06,0.8783490061759949,336251359,0.0380271762283052,0.007527590728210271,0.24653102530314414,0.07406724140440245,0.4227873683040521,0.9375854870918334,0.49804342544376257,52.442856836144145,0.011714410396478523,0.09898390261851406,30.700243474215988,1.3914982726140508,0.079590640063157,-0.03412734268484983,-0.03554467487421192,0.2828380129160988,False,False,True,False,0.9542999863624573,0.7800210118293762,False,False
2025-07-07,0.8418089747428894,308849640,-0.042490898340224265,-0.025871482345441732,0.011131875507359442,-0.03615330834454035,0.20139949375465283,0.969810479104188,0.6432482484828466,49.48328192123812,0.008852380299882999,0.10225075202848571,30.337945851250797,1.3794955522665744,0.03026058758487862,-0.06963398684371573,-0.06935940393176504,-0.08149177175518862,False,False,False,False,0.9542999863624573,0.7800210118293762,False,False
2025-07-08,0.8486189842224121,254521657,0.00805718609245927,0.08040096414138456,-0.023451995243259242,-0.047170641239073816,0.13188518368763238,0.8264357022790317,0.6836533317398455,50.04906518834888,0.007107199711727218,0.09771277332360978,30.265137082318883,1.3779915024586893,0.03496828847328426,-0.059058591447140193,-0.055271774155311613,-0.17590431058945055,False,False,False,False,0.9542999863624573,0.7800210118293762,False,False
2025-07-09,0.9593539834022522,420512773,0.12264982024018561,0.05434417984847714,0.18745145654937048,-0.06724378790369799,0.01753324012892215,0.9626900939269973,0.7640528253716162,58.23943025796465,0.012769575317863671,0.08957082855981607,33.16121770779984,1.3530897944916742,0.15826735396875802,0.06407064535337387,0.07356208774977425,0.6521689272202089,False,False,False,False,0.9542999863624573,0.7800210118293762,True,False
2025-07-10,1.0494999885559082,607825501,0.08980900437214845,0.1308675375819532,0.32962821033938533,0.021274720002098773,0.14262122505061145,0.9735645715437786,0.784310105665827,63.48800583554042,0.02143498660818978,0.08426119168316872,38.92719269408013,1.390702778801461,0.2453945120132765,0.16579620552459318,0.1801479726920348,0.44543885471940237,True,False,False,False,0.9542999863624573,0.7800210118293762,False,False
2025-07-11,0.9602720141410828,696033678,-0.08885253596633144,0.1278894538551696,0.21707341522772433,0.007698252171930356,-0.17698909474314975,0.7224174049180898,0.7129467750919867,55.98727467926762,0.02003230431207471,0.0953109781823519,36.727807929539864,1.4008086675131295,0.12196049667833855,0.07228436207798436,0.08631213826863213,0.1451208888980129,False,False,False,False,0.9542999863624573,0.7800210118293762,False,False
2025-07-12,0.956466019153595,350139763,-0.003971330378539792,0.1232284222480029,0.14124624848290096,0.07343154235214734,-0.20899514568081545,0.7637158266327476,0.63321666914466,55.685069058610296,0.017798440423236535,0.09444828526130357,32.74029582161223,1.3780685813647449,0.10015881197492278,0.07172834432102802,0.08874751061119243,-0.4969499694237496,False,False,False,False,0.9542999863624573,0.7800210118293762,False,False
2025-07-13,0.9959729909896851,366864897,0.04047487772518807,0.12567612374488585,0.13320371447309623,0.15580857081330102,-0.1304571740252131,0.8383803036307931,0.6877749305796879,58.20685641513442,0.01788427696079467,0.09006178661205301,34.50330147572424,1.374652883487209,0.13493022318430284,0.11918123650898213,0.14010974313995606,0.047767022678883775,False,False,False,False,0.9542999863624573,0.7800210118293762,False,False
2025-07-14,1.0105229616165161,561587715,0.014503119873591016,0.1826701419587012,0.1567986596132593,0.19295436976992333,0.02535724936923576,0.9563368827156499,0.7749156644283858,59.12930769452235,0.017786097694535406,0.08942458488741357,36.621347083984396,1.371287689939302,0.14228361560680206,0.1379686979226358,0.1622598725435928,0.5307752788351403,True,False,False,False,0.9542999863624573,0.7800210118293762,False,False
2025-07-15,1.0704150199890137,634282286,0.057578461792501645,0.23219141765874365,0.3125923818001282,0.22851690338769948,0.0632549974725802,1.0415532380064227,0.7581841874101053,62.771827501975984,0.020430815604933164,0.08541084896341049,39.06296469309659,1.3819435068411148,0.19146322400943375,0.2068944591205989,0.23648677633418577,0.1294447315322771,False,False,False,False,0.9542999863624573,0.7800210118293762,False,False
2025-07-16,1.080849051475525,673075313,0.009700448628186456,0.1192420460467444,0.1735862258952216,0.25729348539179786,0.1486630261511132,1.056703213802457,0.8110288223622849,63.3840757012867,0.021453226149471018,0.08489012350996279,39.271434414825535,1.3785887489661601,0.18163463452894282,0.21947213101799926,0.254633248362366,0.06116050827249486,False,False,False,False,0.9542999863624573,0.7800210118293762,False,False
2025-07-17,1.0700500011444092,589385147,-0.010041513625314701,0.019391528049281355,0.15025906563123456,0.32643980009046936,-0.00019627695431825048,0.9782476870374338,0.7270522280646321,62.24312909193473,0.020001267497020005,0.0858626299028673,38.59650524830255,1.34384435333189,0.15113057930197585,0.20873995272105733,0.24763303735439438,-0.12433997263542484,False,False,False,False,0.9542999863624573,0.7800210118293762,False,False
2025-07-18,1.0117889642715454,775222974,-0.055985361632840756,0.052258702382771964,0.18014815623794156,0.24573117207243655,0.01651650183827331,0.8849727968373416,0.6925553086922864,56.34987157722964,0.014000036204497218,0.09527297246831538,37.66116568187251,1.3627355470382303,0.07794223106646289,0.1440173242657639,0.1853125073238099,0.31530795770121434,False,False,False,False,0.9542999863624573,0.7800210118293762,False,False
2025-07-19,1.0770200490951538,380770733,0.06247799789755475,0.11870803065886651,0.2419364529068695,0.30617797297075605,0.10047115037629382,0.921727872328294,0.7920396158411404,60.82249053623256,0.013311073208282065,0.0896391222826523,38.72424256960461,1.375547223330804,0.13502798321933052,0.21263490358432724,0.2675293898347967,-0.5088242405468236,False,False,False,False,0.9542999863624573,0.7800210118293762,False,False
2025-07-20,1.2155309915542603,907401557,0.1209829977202708,0.19921615065394943,0.32489227439883533,0.4686551691880756,0.08473505795776673,1.0528514662234438,0.8726792921584473,68.25958283812375,0.020634064333965967,0.0868062502002481,44.04023771617941,1.4148729419751391,0.2576940553149461,0.3574842311977884,0.4359401723407274,1.3830653943668514,False,False,False,False,0.9542999863624573,0.7800210118293762,False,False
2025-07-21,1.2392940521240234,737178557,0.019360893285181265,0.20407392406553954,0.3867440660242407,0.576059956807027,0.03597907837270131,0.9056392381254713,0.8809498201904976,69.33508451888247,0.025224938833771735,0.0870298404235358,45.81993311319083,1.3645303014110552,0.25271362162297806,0.37278780862031025,0.47080187406638585,-0.1875939033681865,True,False,False,False,0.9542999863624573,0.7800210118293762,False,False
2025-07-22,1.2734450101852417,791403152,0.027183929744862986,0.17367939201790078,0.4058708096766445,0.6179681227320236,0.1366462987845757,0.8604986966456045,0.8279576579558063,70.86309750048437,0.028468152946830902,0.08728489775768665,50.56412925324031,1.3592355937141634,0.2639284491073881,0.40058591269540755,0.5193428714797284,0.07355693472782332,False,False,False,False,0.9542999863624573,0.7800210118293762,False,False
2025-07-23,1.1615300178527832,848978075,-0.09198771750387975,0.07199122588583458,0.19123327193257905,0.3330721537725835,0.03376913072790948,0.7365434200582743,0.7484355068825765,60.26515392550175,0.021310192598521543,0.10197447640684035,50.9802205087552,1.2646414584783738,0.1392376972554643,0.2721913808524084,0.3942247611353519,0.07275043428181838,False,False,False,False,0.9542999863624573,0.7800210118293762,False,False
2025-07-24,1.0281109809875488,591064562,-0.12201499756964872,-0.039982258058499455,-0.020590730009218083,0.16841609935985677,-0.07287668862259085,0.477841024205219,0.6668083615224077,50.55774393590955,0.006587301587234348,0.11753820730217081,48.06676907697781,1.3410648446085285,-0.0005956126470470778,0.12249201792029543,0.24207810270538432,-0.30379290183671703,False,False,True,False,1.3195159435272217,0.7800210118293762,False,False
2025-07-25,1.072901964187622,425783822,0.042643974021464116,0.0586470775958056,0.11090577997857753,0.29931370493376497,-0.0473003290670546,0.49810540375077667,0.7236091806697261,53.2786287729796,-0.0007474097746348746,0.10968410933915167,44.804667824054,1.3029299977094373,0.03154718464372073,0.16514902733806597,0.30415144180211723,-0.27963229505882636,False,True,False,False,1.3195159435272217,0.7800210118293762,False,False
2025-07-26,1.0597879886627197,238612771,-0.012298215962847373,-0.016129136264596687,0.10257889439426995,0.3393832383887839,-0.04667308454254994,0.5446215196734921,0.8322677503312068,52.3699250862556,-0.006760511266673444,0.10529403149017577,42.1143842898341,1.2861870090744663,0.010128071966750403,0.1448367687828883,0.2944546863081853,-0.43959173958469466,False,False,False,False,1.3195159435272217,0.7800210118293762,False,False
2025-07-27,1.1246880292892456,353735852,0.059436812477534844,-0.07767532150733271,0.1215408291466167,0.3751177917209893,0.0012518210070481942,0.5978683848727072,0.956386420043338,56.33873960659955,-0.006635955751243039,0.09736906895819068,37.875807728370766,1.2965176431255045,0.057727576867846686,0.20836908757590236,0.37865671545643576,0.48246822882753415,False,False,False,False,1.3195159435272217,0.7800210118293762,False,False
2025-07-28,1.0229419469833374,439574831,-0.09482295235875982,-0.19185916715127369,0.012214756914265936,0.2084390029959458,-0.02986132283981678,0.5303483131500465,0.8533234238547006,49.39042166277283,-0.013290806699989992,0.10977048456021998,33.03429073263988,1.330393503849868,-0.04578278212827276,0.09591282231676343,0.25791449154262386,0.24266406278773234,False,False,False,True,1.3195159435272217,0.9963489770889282,False,False
2025-07-29,0.9845820069313049,349973996,-0.038220823863346576,-0.2572639207594833,-0.08358452874158244,0.12170076739760645,0.10140140775480144,0.44022342048562735,0.8520410660998164,47.03515521769257,-0.01977055204422222,0.1141701909503866,32.45643263000385,1.3306839895932643,-0.08264498180113042,0.0557553095843735,0.21501887704428715,-0.20383522595268877,False,False,False,False,1.3195159435272217,0.9963489770889282,False,True
2025-07-30,0.9660109877586365,354488189,-0.01904198402201604,-0.1843181872776195,-0.11232696139178505,0.11175060864216262,0.12520258765448775,0.45020105639234764,0.8262263217281091,45.894125612332296,-0.024492921842413688,0.1131046649418502,33.70172227894928,1.3323729777351814,-0.09643362800800272,0.03720752844899141,0.1966077084869464,0.012898652618750672,False,True,False,False,1.3195159435272217,0.9963489770889282,False,False
2025-07-31,0.9194459915161133,263195726,-0.049403903115830074,-0.11170709282380088,-0.1516893508823004,0.16056196592069974,0.05195718994831598,0.3561642215018623,0.8962854705058083,43.072600368341,-0.029596934160477414,0.11766546236995234,34.83847077979523,1.295743584141136,-0.13834338034680282,-0.012079497910307858,0.1433681901814966,-0.2575331586012306,False,False,True,False,1.1698169708251953,0.9963489770889282,False,False
2025-08-01,0.8797019720077515,370336094,-0.04418812358511547,-0.19853919043038062,-0.13989211283457517,-0.032332762197509,-0.07703776502005069,0.434547033840343,0.8302252736294936,40.76876573752087,-0.03416983565673458,0.11966215609650287,37.17904437078586,1.1981558041111424,-0.17261331488376427,-0.05459961980183989,0.09811571504975851,0.4070748778040567,False,True,False,False,1.1698169708251953,0.9963489770889282,False,False
2025-08-02,0.8548359870910645,283299992,-0.028673559366469703,-0.21491453383400289,-0.2310436700985996,-0.07429196820265108,-0.12836903921974102,0.4424396801501793,0.7898398886552088,39.35062161400778,-0.03714276674926679,0.12037233346965638,40.898427018644284,1.200760934881279,-0.19062858932639,-0.08137318716134888,0.07171693661950426,-0.23501922553625032,False,True,False,False,1.1698169708251953,0.9963489770889282,False,False
2025-08-03,0.8979610204696655,142589121,0.04921703773896034,-0.22513430857257735,-0.3028096300799101,0.060799521775857034,0.016853554578169953,0.4941616667202543,0.8445846362491982,43.050529871951106,-0.03453333760209543,0.11089121442654803,43.03946892518638,1.17484607928045,-0.1452423637847863,-0.03637134731660131,0.13197252177635832,-0.4966850510888825,False,False,False,False,1.1698169708251953,0.9963489770889282,False,False
2025-08-04,0.9253590106964111,204025762,0.030055121574547834,-0.1002562346392698,-0.2921154017905435,0.09016494212177799,0.11187901353351001,0.5000635034794857,1.019088731465547,45.33228718627392,-0.029486738483679182,0.10292945992891357,44.52851589311106,1.178883664822469,-0.113039123264031,-0.00853625364630776,0.17271324661955986,0.43086485539103636,True,False,False,False,1.1698169708251953,0.9963489770889282,False,False
2025-08-05,0.8715890049934387,214531886,-0.05986379363342161,-0.12189920440934486,-0.3791631251688281,-0.007726027739948673,0.06634121366445374,0.41506134056410343,0.9298594593518846,41.7931985970645,-0.02828986514345019,0.10766748745637718,47.087857712361455,1.1916613477298883,-0.1561147346684608,-0.06686607115905066,0.11163889080066797,0.05149410494543338,False,False,False,True,1.1698169708251953,0.8219490051269531,False,False
2025-08-06,0.9035850167274475,171820254,0.036052214450927676,-0.06680500593640115,-0.2511231932140207,0.07081708505120324,0.03466377670666297,0.2722165788058559,1.0406275641553913,44.56649683506649,-0.02403080222475473,0.10154901496378219,48.57607518586614,1.1881131120123827,-0.11802818733471393,-0.03532816039438392,0.15886415439112542,-0.19909223191185665,False,False,False,False,1.1698169708251953,0.8219490051269531,False,False
2025-08-07,0.9532690048217773,249483417,0.05352693270663834,0.03612582988606717,-0.07558126293773364,0.1162868316653823,0.06911619042630847,0.2481720153530148,0.9427225339444142,48.65728470233715,-0.0168921089305333,0.0939152663980824,49.086854538753,1.2013690425020014,-0.0668675745922485,0.014208342800765971,0.22718130841178788,0.4520023756919833,False,False,False,False,1.1698169708251953,0.8219490051269531,False,False
2025-08-08,0.9748209714889526,274124061,0.022356699742719338,0.10267065321390222,-0.09586853721647844,0.0159937111679161,-0.05125007673578188,0.03352695129683827,0.9786838050949134,50.368281086404835,-0.01007956055603218,0.0888354781287103,49.222886649867625,1.1250823833750385,-0.040973804250498284,0.0331401214477296,0.25830605709745236,0.09876666071156137,True,False,False,False,1.1698169708251953,0.8219490051269531,False,False
2025-08-09,1.0092480182647705,261150231,0.034706961006807924,0.16605117358717986,-0.04886336024682313,-0.03910833219742438,-0.017833612195325733,0.10351289285318699,0.9344562393463542,53.059303613569156,-0.002983927650336749,0.0844315273834671,46.29561089274655,1.0857812819609034,0.0030736494200614252,0.0640218648698242,0.30649137034852375,-0.047328315335296356,True,False,False,False,1.1698169708251953,0.8219490051269531,False,False
2025-08-10,1.0082639455795288,305780600,-0.000975531031209844,0.11585860481700963,-0.10927570375556782,0.04876867273769719,0.056466924909627514,-0.12822042200545267,0.771186077655787,52.97089239074487,0.001664118410887011,0.08360959162135882,41.62032547626683,1.0388510793055599,0.013734111793515512,0.056044911756495605,0.3086811436130887,0.17089921318124346,False,False,False,False,1.1698169708251953,0.8219490051269531,False,False
2025-08-11,0.9124249815940857,353131003,-0.09987939500235378,-0.014075911759891991,-0.11433214639916174,-0.047139391886116905,0.02629215046603037,-0.2561345375669322,0.7165764347466309,45.09076757605555,-0.001522804226360707,0.09602683448930002,33.861790033226974,1.0975596931602392,-0.06566767454904872,-0.048838566596423987,0.18818959305860447,0.15485090617259556,False,False,False,False,1.1698169708251953,0.8219490051269531,False,False
2025-08-12,0.988677978515625,335874169,0.08026280535845481,0.12605068723198457,0.004151482822639772,-0.007351464252850045,0.14845710656045114,-0.13780863827806306,0.8310288393779431,51.298558898402455,0.001532507981289337,0.0902368528116128,29.385442001551525,1.125171001695978,0.02145615892282117,0.027306409000015693,0.2899422243688368,-0.04886807970242135,False,False,False,False,1.1698169708251953,0.8219490051269531,False,False
2025-08-13,1.0340640544891357,492998918,0.044883325914514605,0.13488179869557157,0.06807679275917056,0.023028741788073577,0.21598311155799713,0.04838599115730947,0.9793656245037236,54.58934676986598,0.006366819863115663,0.08484735989148265,29.485207801752082,1.1351289145891272,0.06801850510094916,0.07078724143417817,0.35130990462284123,0.46780837439154177,False,False,False,False,1.1698169708251953,0.8219490051269531,False,False
2025-08-14,0.9186019897460938,518607799,-0.11839906344531734,-0.037044197456383994,-0.0009183675703167321,-0.15294878344974538,0.07556811993795415,-0.08969378597716518,0.8886044545566774,46.0621936847274,0.001783287818309236,0.10172988685186696,28.27308383869809,1.1889645141371694,-0.043614066772687955,-0.05119676548112889,0.2027342509332984,0.05194510589169288,False,False,False,False,1.1698169708251953,0.8219490051269531,False,False
2025-08-15,0.8744630217552185,355191577,-0.04924292940244784,-0.10864382660155131,-0.005973173387649147,-0.21189216148037973,0.04540132391141803,-0.06322913532926656,0.8448110523220772,43.279015124684015,-0.003915281084733411,0.1070177203385683,27.89442068549104,1.1974764889527736,-0.08069971278662763,-0.09901426192005897,0.1472445893334145,-0.3151056006390679,False,True,False,False,1.1698169708251953,0.8219490051269531,False,False
2025-08-16,0.8850659728050232,140590716,0.012052179221371386,-0.13129860838698787,0.03475256520019201,-0.18979846863369362,0.1366413314567758,-0.18999474558801188,0.7884492184037402,44.15197352604282,-0.006511579986684637,0.10014334350649357,23.21374945116866,1.1992632767596947,-0.057684240263061806,-0.09019270661264375,0.1625411033798689,-0.6041834178967593,False,True,False,False,1.1698169708251953,0.8219490051269531,False,False
2025-08-17,0.912788987159729,209066787,0.03084254580362853,-0.0994805315521495,0.016378073264860214,-0.10297056119722436,0.14276061087521208,-0.08645405935895104,0.7820022356401175,46.471673555960145,-0.005919930221812138,0.09647355854454338,21.950702549524976,1.1922333725163399,-0.022435639489506942,-0.06327990987820419,0.2010856154825055,0.4870596931877067,False,False,True,False,1.0666379928588867,0.8219490051269531,False,False
2025-08-18,0.8684669733047485,251975173,-0.049775175900432955,-0.049376312450228596,-0.06345222421012052,-0.21522373499521197,0.0909542379755441,-0.11475258461891824,0.7065041373330819,43.370126298491364,-0.007945403923298497,0.09908437294944886,22.297584087538212,1.1783412350695746,-0.06408363496845411,-0.1087036624981482,0.14493558161053793,0.2052376975592971,False,False,False,True,1.0666379928588867,0.8497710227966309,False,False
2025-08-19,0.8247569799423218,238049014,-0.051640784501540776,-0.18127990231022428,-0.05522921507823969,-0.38784751721702365,0.08080765197105182,-0.3031124592592569,0.6650039490064201,40.49944425628675,-0.011447894332248541,0.10297289041045726,24.128257538416822,1.0927734074225517,-0.10437153103483451,-0.15288253852328157,0.089565114731905,-0.05526798070697225,False,False,False,False,1.0666379928588867,0.8497710227966309,False,True
2025-08-20,0.870123028755188,229946958,0.05354584083952626,-0.17261738738521265,-0.03773558868964108,-0.3536625696626786,0.22239738714434842,-0.31768349128997725,0.5519766684627928,44.59821002783079,-0.009981826883435001,0.09571757324085402,24.668921943724335,1.1118260628914707,-0.052569891906915626,-0.10788206847701104,0.15057944315347827,-0.034035242842887836,False,False,False,False,1.0666379928588867,0.8497710227966309,False,False
2025-08-21,0.8496130108833313,157451741,-0.023853649514499777,-0.07807197345439511,-0.11511617091077914,-0.40470014892204126,0.21326797380998236,-0.2680538501374656,0.4557985477235633,43.1509640605468,-0.0096597233792972,0.09508731468528162,25.316019910777616,1.1035305252156127,-0.07338424503701049,-0.12785544623206688,0.12419483355778024,-0.31526930223621397,False,False,False,False,1.0666379928588867,0.8497710227966309,False,True
2025-08-22,0.9323189854621887,440909705,0.09289405070928561,0.06406500665733841,-0.04457881994421291,-0.2198183807088758,0.11325377306370753,-0.18604924998096634,0.5167250393493986,50.1727468946257,-0.0034624995409867285,0.09103440626508069,24.465992281284198,1.1262014087921421,0.012539340708508036,-0.043183151497426804,0.23305665075711995,1.8002847234315436,False,False,False,False,1.0666379928588867,0.8497710227966309,False,False
2025-08-23,0.9040399789810181,270129683,-0.030801431257089867,0.021211396178877195,-0.1100872122081107,-0.12860481439631696,0.03981128496353976,-0.20148150301890785,0.3492362098089019,47.99007880181016,-0.0009826432844960778,0.09099584813234096,24.41117620148339,1.0517721774451707,-0.018496896535422365,-0.07332834257332173,0.19486893261879573,-0.3873355928965093,True,False,False,False,1.0666379928588867,0.8497710227966309,False,False
2025-08-24,0.8644959926605225,323693149,-0.04472691428007142,-0.0543580639048227,-0.15383859545697212,-0.21597570269785255,0.0833380022359123,-0.2632760317649071,0.2821297010529242,45.039454429584936,-0.0016794242271310836,0.09404872761795494,25.0663012919743,1.046844997920216,-0.058318001692105555,-0.11420586446125507,0.14207475543382858,0.19828796822746808,False,False,False,False,1.0666379928588867,0.8497710227966309,False,False
2025-08-25,0.7778580188751221,359978785,-0.10560265716572752,-0.11018554517011732,-0.15956185762034591,-0.30928014390073266,0.030103094488051325,-0.35595322844328264,0.23534137577275957,39.333393529350296,-0.007332333928442219,0.10914778862492315,28.254572887531626,1.1017168872522831,-0.14834370228323027,-0.20133357197890633,0.02717377013661209,0.11209886929055757,False,False,False,False,1.0666379928588867,0.8497710227966309,False,True
2025-08-26,0.8125659823417664,223639927,0.043653107437611284,-0.01489165323096518,-0.19617155554118945,-0.3250638489406561,0.05005394278033319,-0.32381202793360797,0.27280453593205106,42.47742667497032,-0.008034588150596707,0.10110899997513226,29.996388356688676,1.0904586217639458,-0.105887756794035,-0.16519583454380882,0.07205430423607968,-0.3787413694393129,False,True,True,False,0.9344670176506042,0.8497710227966309,False,False
2025-08-27,0.8168910145759583,239919452,0.005308568927331782,-0.06312892514315976,-0.23574631252837241,-0.22493232765456453,-0.016493324658618688,-0.2547936504943814,0.3054159854954819,42.87471944324263,-0.0075177093413676364,0.0962767498900901,31.11116083053499,1.04851899026765,-0.09433326254279131,-0.16020495132194335,0.07706405529420048,0.0727934641116208,False,False,False,False,0.9344670176506042,0.8497710227966309,False,False
2025-08-28,0.8516219854354858,179603085,0.041637060438335816,0.0023617848096757713,-0.07571018864471918,-0.14507444335288214,-0.023373675955275675,-0.043673035598080806,0.29514897713274507,46.09443995512889,-0.004306226858363078,0.08902649869093748,30.758363209971247,1.0560408686311322,-0.04933544767542757,-0.12255660901360518,0.12132496743610369,-0.25140257072611183,False,False,False,True,0.9344670176506042,0.7602739930152893,False,False
2025-08-29,0.7936090230941772,282045304,-0.07055182357594572,-0.16108408947555558,-0.0970190828182171,-0.19658428290681174,-0.08483367426464922,-0.071381695252324,0.25361677348553574,41.85126250524113,-0.005483056602335036,0.09590328808816087,30.344804186972695,1.0797795109239023,-0.10330270634241691,-0.17799410855905723,0.04399582436405949,0.570381176915753,False,False,False,False,0.9344670176506042,0.7602739930152893,False,False
2025-08-30,0.8061370253562927,111872360,0.015662808970301485,-0.1146198492481643,-0.09340845306928708,-0.13151757082068039,0.029044395100019316,-0.07956038087236439,0.224646650681182,43.07004156072286,-0.004834447515102341,0.09066628988286429,28.761324423047064,1.0710967810016272,-0.07862604203305198,-0.16234318792842733,0.05922696264916395,-0.6033532258349531,False,False,False,False,0.9344670176506042,0.7602739930152893,False,False
2025-08-31,0.7849889993667603,97865693,-0.026584030563971232,-0.09647696553206414,-0.15083502943688687,-0.11391347779953598,-0.14624623999704509,-0.19095124281958667,0.32063355604080707,41.489185610311075,-0.005213796659108566,0.08919796337612582,30.02762263202833,1.0646032490056399,-0.09621522536207584,-0.18140090912494605,0.0302187531798921,-0.12520221259299436,False,False,False,False,0.9344670176506042,0.7602739930152893,False,False
2025-09-01,0.7586169838905334,209646257,-0.034172686668211154,-0.025046995034547766,-0.13523254020466505,-0.1194126051012775,-0.1937045733039285,-0.24778164432101848,0.3230270750489019,39.54017687755618,-0.006539063506241734,0.09245475619409589,29.524467635879496,1.0663918402225525,-0.11485550567443324,-0.20496635593122015,-0.005490753134059354,1.1421833389561753,False,False,True,False,0.8543069958686829,0.7602739930152893,False,True
2025-09-02,0.8188629746437073,199017710,0.07641974425768354,0.007719641785524364,-0.007172011445440684,-0.09220989858255434,-0.03141037680669718,-0.07535634400438425,0.4019517681377,45.80369147022766,-0.0028450779156459216,0.08548331825148213,23.118183945245217,1.0874843026165215,-0.03241351182725378,-0.138366956033984,0.07284926791032849,-0.05069752807463668,False,False,False,False,0.8543069958686829,0.7602739930152893,False,False
2025-09-03,0.8165180087089539,150683561,-0.002867793579299279,-0.00045672072110650153,-0.06358564586426627,-0.1251328137364013,-0.03496787161462325,-0.013253800202891297,0.3749306897430845,45.605646912488986,-0.00018669108870703055,0.08223679956762156,22.044906009406624,1.0809044019749672,-0.029330037646315154,-0.13621907682638937,0.06888279828103222,-0.24286355721809882,False,False,False,False,0.8543069958686829,0.7602739930152893,False,False
2025-09-04,0.7841579914093018,140882416,-0.04043844844609124,-0.08253222960553365,-0.08017044479585775,-0.10570746854907084,-0.11343349628901961,-0.03936625488461717,0.30935387201503256,42.85210624375292,-0.00023181948491052956,0.08403151231906822,22.607467586159103,1.0703796389552276,-0.06276859115977747,-0.1652119973287826,0.025678678712208015,-0.06504455386477093,False,False,False,True,0.8543069958686829,0.7344589829444885,False,False
2025-09-05,0.8189759850502014,210379580,0.04344424143736523,0.03146383540777717,-0.1296202540677783,-0.09831544156263335,-0.02749835651143021,-0.06365166485597049,0.1739011372432226,46.58877896100348,0.0023185789395557127,0.0784984394883694,22.119619639196745,1.0741235757806515,-0.017272525524312538,-0.12346022555427351,0.069901791507049,0.4932990643772037,False,False,False,False,0.8543069958686829,0.7344589829444885,False,False
2025-09-06,0.8153709769248962,100566714,-0.0044115650542658185,0.011389461383209993,-0.1032303878649542,-0.15625393932353757,-0.03996710765815522,-0.08713774889722906,0.09191807602947712,46.251570466820866,0.0039047564717784936,0.07526218454200402,20.4885958776974,1.0543895408468664,-0.015846140066324146,-0.12363396217910855,0.06380143002115869,-0.5219749274145333,False,False,False,False,0.8543069958686829,0.7344589829444885,False,False
2025-09-07,0.8321260213851929,147964807,0.02034070127626614,0.058314193223447254,-0.03816277230861677,-0.1582699377899909,-0.14227622662207481,-0.2095200145257728,-0.12474298649315267,48.130678564923244,0.006093860242900491,0.07051978096672486,20.057706409208762,1.0537494425754674,0.006584841626512409,-0.10089238245163294,0.08407880442404471,0.47130995052697067,False,False,False,False,0.8543069958686829,0.7344589829444885,False,False
2025-09-08,0.8703460097312927,229920731,0.04490694755472443,0.13739382744638284,0.11234683241183514,-0.14806995124207453,-0.18717828343949883,-0.16590356343740018,-0.04455705838888745,52.2331210387086,0.00990206349555188,0.06657126516780472,20.519365290868794,1.0592070499439132,0.04992281293128062,-0.05252831446057343,0.1322078183710599,0.5538879525588811,True,False,False,False,0.8543069958686829,0.7344589829444885,True,False
2025-09-09,0.874904990196228,304916106,0.005224452912350192,0.0661985361010495,0.07391817788657395,-0.14186996729851437,-0.09310129456081725,-0.0854030423888868,-0.2700903893039671,52.71355145526146,0.012354718938383236,0.06545726627159222,20.630914401388992,1.0597194493415942,0.05511811051922056,-0.03994868888228659,0.13641565485516044,0.3261792648006152,True,False,False,False,0.8543069958686829,0.7344589829444885,False,False
2025-09-10,0.8949369788169861,204778223,0.022638003236786105,0.09170433291713474,0.09124761219602825,-0.019352569059374533,-0.06649196094549135,0.006939581406655963,-0.2754871066263068,54.861820570823824,0.014788463353383366,0.06249718190157439,21.617396177316177,1.0060734646327598,0.07633468013005795,-0.009741199681485258,0.1609933360366806,-0.32841126142415056,False,False,False,False,0.8543069958686829,0.7344589829444885,False,False
2025-09-11,0.9082769751548767,159167453,0.014796069737269987,0.14693885110049618,0.0644066214949624,-0.0848193046805594,-0.09217076893340939,0.06363780187989163,-0.2226279429586224,56.28607671630531,0.016622000585540524,0.0596922618825063,20.46363571597604,0.9648814583154811,0.09396020586283889,0.010684102620294407,0.17640101311548942,-0.222732521709596,False,False,False,False,0.8543069958686829,0.7344589829444885,False,False
2025-09-12,0.9511610269546509,273583874,0.04613400123038778,0.14962861089351856,0.18109244630129595,-0.08356862936468637,-0.06053988757661268,0.13241448219331067,-0.035182638207376916,60.59098969444291,0.01983077022960859,0.057735111299026316,22.824714040737764,0.965669358763564,0.14236952661866986,0.06021892468929524,0.22879554119900225,0.7188430727731756,False,False,False,False,0.8543069958686829,0.7344589829444885,False,False
2025-09-13,0.9766970276832581,295475714,0.026493127191287737,0.1805333031390722,0.19192276452228232,0.06132356127191874,-0.09162522217782665,0.13689168120987288,-0.028370224705246527,62.931909617525214,0.02258098947194339,0.055251601505622416,27.048602105479986,0.8753661636438451,0.16518811004268952,0.09102275243193618,0.25830737722320574,0.08001875139760606,True,False,False,False,0.8543069958686829,0.7344589829444885,False,False
2025-09-14,0.9297450184822083,198474775,-0.04926612434515966,0.11092647751764653,0.1692406707410938,0.061300366329207025,-0.1505917951511728,0.10670169024062497,-0.001928769000059595,56.30891814650018,0.020222145077691038,0.05879599724046076,27.54159934883646,0.8753832715475651,0.09921604818632754,0.041601012364729045,0.19509697099337142,-0.32828734953154226,False,False,False,False,0.8543069958686829,0.7344589829444885,False,False
2025-09-15,0.8796179890632629,239443453,-0.0554226649948632,0.010596864968058936,0.14799069241444182,-0.006174477887027671,-0.19597294652072125,0.13046685356974802,-0.1961692234750395,50.230965879012146,0.014535980363957264,0.06400698047915236,27.394606445931736,0.8970445281006655,0.03584623409873845,-0.00911568734074759,0.12851706746184993,0.20641755608489798,False,True,False,False,0.8543069958686829,0.7344589829444885,False,False
2025-09-16,0.961887001991272,219510911,0.08940927233410423,0.09478168438981296,0.1609802204908624,0.052392248643448026,-0.05057831255377626,0.19515285951866015,-0.03406181071550299,58.20461981777608,0.015478469566825796,0.06147032057555026,29.21528230181639,0.9445606597526252,0.12313826558942054,0.08505241037369415,0.23142578991852197,-0.08324529967415728,False,False,True,False,0.9883419871330261,0.7344589829444885,False,False
2025-09-17,0.9612039923667908,360240760,-0.0007103248418336307,0.07143335631119324,0.16313768922832803,0.10145709970204736,-0.11376663529316478,0.19241133767759125,-0.013295484916870971,58.12136503413645,0.015197180933484895,0.061821239908749166,30.890477570436524,0.9262024972292876,0.11520609136645124,0.08485412825547946,0.2277994685179268,0.641106395845626,False,False,False,False,0.9883419871330261,0.7344589829444885,False,False
2025-09-18,0.9555500149726868,202588549,-0.005899550773018587,0.050737735800904564,0.19767658690140066,0.14719833343056954,-0.24064918378645414,0.22800598540162131,-0.1559141258286874,57.38955805387619,0.013811724676500173,0.06014207740895293,31.081572750550656,0.9055124675555558,0.09832817500953864,0.07872754203711758,0.2190613789011813,-0.4376301310268166,False,False,False,True,0.9883419871330261,0.861158013343811,False,False
2025-09-19,0.898419976234436,255612307,-0.06164946808159697,-0.05704573351108018,0.09258287738243842,0.03200302450944615,-0.3216595451532324,0.2544004116537946,-0.285680466780531,50.47405086261312,0.008490263758765703,0.06734449130433924,30.28581583884476,0.9167129787406569,0.02721384919715919,0.014714729024175376,0.14432089821953864,0.2617312689277418,False,False,False,False,0.9883419871330261,0.861158013343811,False,False
2025-09-20,0.8989959955215454,110379425,0.0006409415693197125,-0.08289791913304828,0.09763538400602399,0.05649761559326558,-0.34820253332877565,0.2697655894032479,-0.21155623454420003,50.53876710377399,0.004644065930154885,0.06471451573210919,28.668566694865135,0.912303059931204,0.02121663523518497,0.014922976217382406,0.14270259621533235,-0.5681764063105146,False,True,False,False,0.9883419871330261,0.861158013343811,False,False
2025-09-21,0.8783199787139893,133096989,-0.023267612400333235,-0.05689940718822184,0.054027070329424706,-0.05966404751635337,-0.2794824282252291,0.05358972554735421,-0.24571329749731974,48.108698044625385,0.0005573184103447298,0.06436615744228831,25.548540352968356,0.8546030002887175,-0.009007936631229684,-0.008944749125955092,0.1143226320264597,0.20581339321164238,False,False,False,False,0.9883419871330261,0.861158013343811,False,False
2025-09-22,0.7952020168304443,316604234,-0.0994147760968245,-0.1008915182901832,-0.09029465332212414,-0.12827739235608795,-0.256882206752405,-0.08846610739254829,-0.32975889537499586,39.81965874310451,-0.007452136238040332,0.07497071266182408,26.315276448295492,0.9150893593382406,-0.10158917546511877,-0.10064560095023253,0.007442408378515571,1.378748282577602,False,True,True,False,0.991117000579834,0.861158013343811,False,True
2025-09-23,0.7832040190696716,171192400,-0.015202968790898615,-0.205503759415186,-0.11072207502537293,-0.09875344686691523,-0.31472914956476783,-0.015415444631002853,-0.36202947863182244,38.780941088403274,-0.01294470398447569,0.0738088289329009,27.43656996677477,0.9043953975232709,-0.11347604613056973,-0.11135763882533652,-0.009326087169300433,-0.4592858161208293,False,True,False,False,0.991117000579834,0.861158013343811,False,False
2025-09-24,0.7879530191421509,136453083,0.006045244898694191,-0.1987481896746581,-0.1273148333634648,0.012894455197506522,-0.2963856887032262,0.04299754968555786,-0.34305877324577605,39.454169296751104,-0.015473548427162438,0.0720622048865568,27.29213337609916,0.825864585140533,-0.10829208400185471,-0.10426929268168957,-0.004918634723833595,-0.20292557964021762,False,False,False,False,0.991117000579834,0.861158013343811,False,False
2025-09-25,0.7284960150718689,234742246,-0.07845631212771238,-0.27130495102935176,-0.22056721522844724,-0.10921496436781712,-0.43427881330847334,-0.05916102158748391,-0.4330269923014252,34.359581506944906,-0.02007443215613406,0.0789973165387502,30.889905539595176,0.8547553347387695,-0.17133566323390956,-0.16854913059873614,-0.08166378674667168,0.7203147106613927,False,False,False,False,0.991117000579834,0.861158013343811,False,False
2025-09-26,0.7543050050735474,160840344,0.03481464665125335,-0.1748408362965015,-0.23188656980758168,-0.07970888664389565,-0.3046412142984603,-0.09620221130251431,-0.334502537138277,38.09625978214186,-0.02024561380371755,0.07439658261369747,32.84709715510146,0.8647808453983913,-0.1389875266404934,-0.13516489902017337,-0.05107868086414336,-0.31482148296391443,False,True,False,False,0.991117000579834,0.861158013343811,False,False
2025-09-27,0.7362710237503052,73659812,-0.024198512489285597,-0.19968029035510684,-0.2825782094881551,-0.14554445957151713,-0.2906189029243993,-0.16891813552679283,-0.18921749516959796,36.53136357329743,-0.020383182535102552,0.07265281706586527,35.65949428717722,0.8527451728576796,-0.15494961509968158,-0.15119840868252835,-0.07544872148219586,-0.542031494287279,False,False,False,False,0.991117000579834,0.861158013343811,False,False
2025-09-28,0.7459459900856018,120798921,0.013054908496954431,-0.1633577694578192,-0.220257176646041,-0.06193772749861708,-0.2585220104054288,-0.14677140176326622,-0.13331942275094102,38.00272157134919,-0.018677694059078605,0.07031140377535562,38.073494246401296,0.820943684476466,-0.1376892262342852,-0.13479214942470374,-0.0648668239067873,0.6399569550897035,False,False,False,False,0.991117000579834,0.861158013343811,False,False
2025-09-29,0.7287480235099792,165865593,-0.023325172737411973,-0.08726816609840675,-0.18815968438858993,-0.10092570920633044,-0.23244328002701084,-0.07188131410631111,-0.18048609007869487,36.387885908077365,-0.01757881511093569,0.07160937329944801,40.78912953284301,0.8216109640019023,-0.15039265984956818,-0.14922320658073024,-0.08790170858767761,0.37307180914306337,False,False,False,False,0.991117000579834,0.861158013343811,False,False
2025-09-30,0.7276849746704102,184454428,-0.0014597980541197647,-0.07352499536162789,-0.2790287547768138,-0.07580147669647902,-0.18971495449601508,-0.22204771669352408,-0.26675271951606566,36.285248769033934,-0.015847993881890385,0.07040090277234469,43.05121264791625,0.8173367762915336,-0.1432794155795886,-0.14678392039701843,-0.09048391418535871,0.11207167601058776,False,False,False,False,0.991117000579834,0.861158013343811,False,False
2025-10-01,0.7641980051994324,187987756,0.04895869725500274,-0.030611543005319482,-0.22935973267997747,0.007329907226734918,-0.11208269787454268,-0.18637466607719375,-0.24045173709428366,42.304832978535515,-0.01137767759829814,0.06722947767568702,43.77525369597344,0.8281897240499816,-0.09259573038024459,-0.09923038740706012,-0.0464175968438001,0.01915556074370839,False,False,False,False,0.991117000579834,0.861158013343811,False,False
2025-10-02,0.7887449860572815,172473673,0.031616132316808945,0.07946090143920169,-0.19184404959014997,-0.03747370471413984,-0.12968360329669415,-0.06888408152083696,-0.11283004871852403,45.9985753951006,-0.006162353560214065,0.06394871847017806,42.83521651732492,0.7901957759160007,-0.05433007767142434,-0.06488861074735078,-0.017767724545727198,-0.08252709288151727,True,False,False,False,0.991117000579834,0.861158013343811,False,False
2025-10-03,0.7859089970588684,227506811,-0.003602051111139203,0.041044203676809284,-0.1337966326196923,-0.03820796224597981,-0.1633407759823811,-0.07317583386060306,-0.051461762448871184,45.63506487404763,-0.002486940913140466,0.06310508640436117,40.546360382387746,0.7902188568210861,-0.046828579417350906,-0.06531002446707468,-0.023029473144875634,0.3190813823510328,False,False,False,True,0.991117000579834,0.6907029747962952,False,False
2025-10-04,0.7547010183334351,179068022,-0.0405193372908092,0.02472337887528571,-0.17495691147982106,-0.038288851090697774,-0.1439963196397687,-0.1517223473797174,-0.0776551059753149,41.727215701601196,-0.0017743519580416915,0.06644164512870596,39.83154556477428,0.790269363872308,-0.07485815958500973,-0.09986179747297586,-0.06342159998400586,-0.21291137960700435,False,False,False,False,0.991117000579834,0.6907029747962952,False,False
2025-10-05,0.7629479765892029,222721988,0.010868177633816752,0.022536648012148046,-0.1408211214456711,-0.07086491489424619,-0.1691803564568796,-0.0983632714056764,-0.13451657975021675,43.11352763809414,-0.00043419257292279245,0.06665315682373614,39.81826805433181,0.7750904988388223,-0.05801263020217387,-0.08736706074039957,-0.05462880597186918,0.24378426428365874,False,False,False,False,0.991117000579834,0.6907029747962952,False,False
2025-10-06,0.802914023399353,227673389,0.05105779272739654,0.0969196134769566,0.00965144737854998,-0.015395557112583707,-0.1716494964361213,-0.05536266477073898,-0.10253330600981288,49.39640579421109,0.0032542901728648266,0.0640708685697228,36.259923299837546,0.7970813706466076,0.0011574654709436052,-0.03702866177713063,-0.00693234349646531,0.022231307489945618,False,False,False,False,0.991117000579834,0.6907029747962952,False,False
2025-10-07,0.7367709875106812,270519261,-0.08597053115018205,0.012408880380894284,-0.0611161149807335,-0.12170678953903191,-0.2799767273290228,-0.26398301616110686,-0.3312268040648048,41.27213821315021,0.0014422491928198326,0.07172050532261377,32.407203224619614,0.846782160659023,-0.0682796736337758,-0.11355675935275567,-0.09014085701660013,0.18819007433495005,False,False,False,False,0.991117000579834,0.6907029747962952,False,False
2025-10-08,0.7452800273895264,187509295,0.011482915623523287,-0.025066901250585003,-0.05567844425590447,-0.15513082147023308,-0.3032007727123076,-0.342309104909732,-0.32103438490763314,42.580504542257934,0.0010384105836800488,0.06844097270166084,26.833287540335824,0.8303227213258486,-0.044819671318891245,-0.10160099874054382,-0.0809799256962925,-0.3068541799690928,False,True,False,False,0.991117000579834,0.6907029747962952,False,False
2025-10-09,0.7069100141525269,179655468,-0.052856644077053365,-0.1095396776444473,-0.0300787762052456,-0.2132119184596367,-0.35508188575815103,-0.3063132130204539,-0.29861496084852346,38.42352015464349,-0.0014557025731933779,0.07275910481621736,24.447739627237535,0.8457425142923588,-0.08273926366914111,-0.14448783107978058,-0.12933276831153204,-0.04188500095421932,False,False,True,False,0.812716007232666,0.6907029747962952,False,False
2025-10-10,0.4608370065689087,567208091,-0.4278589638181869,-0.533796590351495,-0.4927523866746857,-0.6637088855146097,-0.6830614545739842,-0.730200846460101,-0.6567693041079538,22.94961977354525,-0.018381015814741178,0.18686275355977655,40.386596409768806,1.6873539270709297,-0.3845389675014902,-0.43699081146225177,-0.43207481963429656,2.15719915076562,False,False,False,False,0.812716007232666,0.6907029747962952,False,True
2025-10-11,0.48031800985336304,349834688,0.041403989508549614,-0.4518732635521362,-0.42714988467685056,-0.6371009657433301,-0.7219202704238895,-0.7292717346767396,-0.5734631638634384,25.50731219499791,-0.026475342158531673,0.17575165134534726,49.34125661742633,1.6972051527500573,-0.3410073822613688,-0.40663741053364666,-0.4078143262701196,-0.38323396025040124,False,True,False,False,0.812716007232666,0.6907029747962952,False,False
2025-10-12,0.5529339909553528,309879500,0.14079022397676014,-0.3219512172091929,-0.29941456919704484,-0.5424447429969578,-0.626013372361644,-0.6029846305735704,-0.410030260803647,34.266535996432395,-0.025158966225763926,0.15591707017673243,53.71517784425757,1.7748358033709661,-0.22855783632259674,-0.31095365589353613,-0.31839155412501263,-0.11421162443445287,False,False,False,False,0.812716007232666,0.6907029747962952,False,False
2025-10-13,0.6048610210418701,449147162,0.08976008531892168,-0.2832489246176678,-0.18632931114071102,-0.4791777848693238,-0.41785422359740504,-0.5708030070471504,-0.34228610365945084,39.72459324236611,-0.01927612917073423,0.14171331055924727,55.339719565245225,1.8082396080983691,-0.14547919454464242,-0.24133478088032698,-0.2547686286234889,0.4494252185123573,True,False,False,True,0.812716007232666,0.20530100166797638,False,False
2025-10-14,0.582518994808197,351927294,-0.03763692033464454,-0.23491531380213013,-0.22250643342123577,-0.4675485808588087,-0.40624821452960175,-0.6181403760099814,-0.36084689061818365,38.25285955879011,-0.015535254261432777,0.1464335028380008,57.195388015201786,1.8059982542074007,-0.16492490589365025,-0.265760021714827,-0.28283212739499236,-0.21645437447960547,False,False,False,False,0.812716007232666,0.20530100166797638,False,False
2025-10-15,0.5426250100135803,328998339,-0.07094330194725675,-0.3173415313729101,-0.34240843262349524,-0.48306921781120205,-0.4892436956982297,-0.6790421643319233,-0.35260236424145397,35.70886946844355,-0.014417739576482722,0.1535559092219523,60.994551471733025,1.811111480819879,-0.21161169143318698,-0.31135847211470946,-0.33240140396190726,-0.06515253403448729,False,False,False,False,0.812716007232666,0.20530100166797638,False,False
2025-10-16,0.5229629874229431,307835822,-0.03690780025889838,-0.30139268755475507,-0.4109323651992024,-0.6093862904042047,-0.5569940417607566,-0.6599646029579809,-0.41423343088554454,34.49137370910405,-0.013679060716404824,0.15433359090502966,64.83117185353171,1.7716547070592976,-0.22719110739742876,-0.33132277889551315,-0.3569367676182903,-0.06432408462706551,False,False,False,False,0.812716007232666,0.20530100166797638,False,False
2025-10-17,0.5065190196037292,267031109,-0.03194881778721639,0.09451745847621534,-0.43927913187527956,-0.6406247833495874,-0.5391676836475401,-0.7543914186427523,-0.44821344567199606,33.463761573333954,-0.01298000549462952,0.15678875511530524,69.00179490694634,1.77065488744696,-0.23856522036530722,-0.3465820222405391,-0.3774884154917352,-0.13255349145168682,False,True,False,False,0.812716007232666,0.20530100166797638,False,False
2025-10-18,0.5162609815597534,123093811,0.01905054180784532,0.07216401077551118,-0.3797092527766251,-0.6156746907687235,-0.46847635733815396,-0.8563238745551777,-0.3876687053671022,34.70491008705777,-0.010641722310307855,0.14516209371755492,71.930279590018,1.7755277797609885,-0.21028687222512074,-0.3292148101905931,-0.36587965445230625,-0.539028199894118,False,False,False,False,0.812716007232666,0.20530100166797638,False,False
2025-10-19,0.5314649939537048,137819534,0.029024917037536464,-0.03960129616371239,-0.36155251337290517,-0.52500030564959,-0.4929972811401438,-0.8466598508028224,-0.2705998939957954,36.68979661744007,-0.00702574952818992,0.13554593237463158,74.00031206270292,1.777261738547504,-0.17457480561076588,-0.3044957175764679,-0.3478304999539725,0.1196300844077367,False,False,False,False,0.812716007232666,0.20530100166797638,False,False
2025-10-20,0.5417709946632385,184874280,0.019206060208811628,-0.11015532127382253,-0.3934042458914903,-0.506435187010098,-0.4499375714168324,-0.8546377203388738,-0.23666959760685002,38.06419793502006,-0.003095067486198047,0.12893019827904414,75.3049845199601,1.7808229796642405,-0.14624249336094625,-0.28646652987714855,-0.3358287737233535,0.34142290743778014,False,False,False,True,0.812716007232666,0.4749610126018524,False,False
2025-10-21,0.5268149971961975,247693679,-0.027993955136118177,-0.10051235607529616,-0.3354276698774263,-0.5111615297458829,-0.5708255772622363,-0.7906439579711122,-0.4575718041985288,36.815157730197996,-0.0007782920469600746,0.13208219155301698,75.65614257987146,1.7811125973709907,-0.1539871467146529,-0.3019016803216269,-0.35471268827771496,0.33979523273870216,False,False,False,False,0.812716007232666,0.4749610126018524,False,False
2025-10-22,0.49162599444389343,225240040,-0.06913118442658014,-0.09870023855461972,-0.4160417699275298,-0.4808779380756387,-0.6091553304317266,-0.7377601448280436,-0.569344045468187,33.98913225977111,-0.0008839804408851126,0.13939813596368109,75.409207206183,1.7665570755429907,-0.19120155321447732,-0.3428323085810639,-0.3982048583010123,-0.09065083570420862,False,False,False,False,0.812716007232666,0.4749610126018524,False,False
2025-10-23,0.5249729752540588,157086457,0.06562853204105124,0.003836093745329802,-0.2975565938094252,-0.40004643724368893,-0.49879988411060405,-0.7147755868084567,-0.41546188187469174,38.78473688637897,0.0018733392543762994,0.12679791693240128,72.80196757529627,1.7893850671764944,-0.11739662284534332,-0.29274407448094353,-0.3581354076726592,-0.3025820054018815,False,False,False,False,0.812716007232666,0.4749610126018524,False,False
2025-10-24,0.5453019738197327,130927839,0.03799293606040539,0.0737778475929517,0.16829530606916712,-0.3680987460819777,-0.35520429088447114,-0.6644844347852037,-0.3251011963964198,41.57148016447407,0.005445546766013831,0.1165389994090605,69.99098158180907,1.7971929208092376,-0.06679202707573896,-0.2605976885668515,-0.33409963810597065,-0.16652369974834935,False,False,True,False,0.5825809836387634,0.4749610126018524,False,False
2025-10-25,0.54755699634552,90885245,0.004126837565960405,0.0588541433510669,0.13101815412657805,-0.28551559638830487,-0.39473056075612206,-0.7197944096967782,-0.3446766179757888,41.88750871439726,0.008175398724039967,0.1105912641551632,65.46031704303574,1.7819341864120244,-0.04533790021548007,-0.2520345061580373,-0.33227700193634085,-0.3058371260523134,True,False,False,True,0.5825809836387634,0.4774389863014221,False,False
2025-10-26,0.568306028842926,131167918,0.03719349761726003,0.06702272393079033,0.0274214277670781,-0.28313674542229805,-0.36284563206619375,-0.5877779597207583,-0.3793389567248125,44.84367206683095,0.011395786313299211,0.10407449669806472,55.35006392419823,1.7826982212937208,0.011525498955653394,-0.2184156600302985,-0.3078056280092584,0.4432256633076139,False,False,False,False,0.5825809836387634,0.4774389863014221,False,False
2025-10-27,0.5526000261306763,137342935,-0.02802559702767744,0.01979106669430128,-0.09036425457952112,-0.2869638299606898,-0.432508289532207,-0.5775827328850891,-0.45588196548748267,43.05814376380907,0.012402365610484384,0.10303242645414465,48.19422550942098,1.7831469769764943,-3.994785988609696e-05,-0.2341274662699392,-0.3276980668435281,0.047077190018370185,False,False,False,False,0.5825809836387634,0.4774389863014221,False,False
2025-10-28,0.5332940220832825,156824728,-0.03556155152679234,0.012223470303627103,-0.08828888577166905,-0.33558028998443656,-0.39751801748305365,-0.5941023003898653,-0.48235169174770287,40.90226498849762,0.011710595033823018,0.10424447021829847,36.77887565852115,1.7834481001410984,-0.016104082376641824,-0.25391404273179385,-0.35172577256255694,0.14184779872368392,False,False,False,False,0.5825809836387634,0.4774389863014221,False,False
2025-10-29,0.5383110046386719,248834402,0.009363560427744888,0.09071821515795217,-0.007982023396667513,-0.3028915568192797,-0.4038172660256102,-0.5353348368462905,-0.3747728709255908,41.718906786106196,0.011516140782630677,0.10228850760195458,24.33728490939308,1.7842923232126389,0.008842234609744782,-0.2397350401660606,-0.3459134486421715,0.5867038647119478,False,False,False,False,0.5825809836387634,0.4774389863014221,False,False
2025-10-30,0.49269500374794006,192002428,-0.08854613973478984,-0.06345645661788885,-0.059620362872559056,-0.3899778984999499,-0.46577937519642876,-0.5796928529959648,-0.6120256151934739,36.746808600956044,0.008386062052822607,0.11451048105231193,22.05073277287757,1.8047267310594532,-0.07939439244463385,-0.29616232493632755,-0.4015112319607286,-0.22839275254231128,False,False,True,False,0.5759109854698181,0.4774389863014221,False,False
2025-10-31,0.5145959854125977,132842314,0.04349176950028773,-0.05795762317800656,0.015820224414945135,-0.39544482625466476,-0.38811491902792994,-0.5075275241292074,-0.5818194923318585,40.41836536632407,0.007869737234500337,0.10569867961535481,20.24159187369815,1.8024638166427598,-0.04154158915966992,-0.256513141665832,-0.37522604237961876,-0.30812169729436967,False,True,False,False,0.5759109854698181,0.4774389863014221,False,False
2025-11-01,0.5352320075035095,117086792,0.039318213335684124,-0.022766247408282744,0.03608789594278409,-0.3877427452357895,-0.42521644994992924,-0.5174263485324836,-0.4566268267566264,43.73251702888214,0.008920065843370295,0.09855452160894039,20.08876959239803,1.8050714458013544,-0.0014599294355763918,-0.2172911609925038,-0.3507506644688886,-0.11860318843888851,False,False,False,False,0.5759109854698181,0.4774389863014221,False,False
2025-11-02,0.5454840064048767,94152087,0.018973173917281344,-0.040986571108261524,0.02603615282252883,-0.36516752020736903,-0.40337548245334887,-0.52850829618975,-0.438343354067972,45.35862302097202,0.01021426777263508,0.09302314969308968,16.497761518038647,1.8082536868019643,0.02333440867815745,-0.19210989697299585,-0.33898718462844524,-0.19587781515100355,True,False,False,True,0.5759109854698181,0.473906010389328,False,False
2025-11-03,0.44036099314689636,204696753,-0.2140786561890685,-0.22703963026965268,-0.20724856357535126,-0.5387268391056282,-0.577015690196326,-0.6827231587453969,-0.6904491864853456,34.385300966721914,0.004207236449480747,0.12463772942866225,20.688633342527137,1.9391033236433581,-0.1627127902666275,-0.33820917024468644,-0.46658331693495864,1.1741074417182062,False,False,False,False,0.5759109854698181,0.473906010389328,False,True
2025-11-04,0.4027009904384613,322016663,-0.08940050215749652,-0.28087858090035683,-0.26865511059672964,-0.6389955188969414,-0.7098604337911876,-0.8081758753538211,-0.7373587903026179,31.449916514227496,-0.0017654253353144855,0.141090100960224,29.213841977244126,1.9518418818424377,-0.2239955495703257,-0.38600465899146913,-0.5122026790833789,0.5731400634381338,False,True,False,False,0.5759109854698181,0.473906010389328,False,False
2025-11-05,0.43768200278282166,176660023,0.08329829830280006,-0.20694384302530142,-0.11622562786734933,-0.6067550133215379,-0.6221505704341218,-0.7784045097576593,-0.6621176780922771,36.843151242449615,-0.0027636445197388865,0.12927350374769006,32.48996709085357,1.9700397879012703,-0.14959958352752814,-0.3218287684421119,-0.4698941960208716,-0.451394777667142,False,False,False,False,0.5759109854698181,0.473906010389328,False,False
2025-11-06,0.42419201135635376,146124648,-0.03130641595603085,-0.1497041192465425,-0.21316057586443138,-0.5520908981273867,-0.6737976876664187,-0.8320676254564096,-0.8160739142884935,35.677419161528775,-0.003678658472755246,0.12771472144370735,36.214938114194794,1.9562579930866613,-0.1691652013839077,-0.3316078820726468,-0.4862195058175727,-0.17284824535543053,False,False,False,False,0.5759109854698181,0.473906010389328,False,False
2025-11-07,0.4795840084552765,220731764,0.12273286939730636,-0.0704630193495239,-0.12842064252753047,-0.44084094435360355,-0.5959717658238366,-0.7440417170659112,-0.7831500492633355,43.57244005222174,-8.92824616912577e-05,0.11573726089160619,36.70930622530057,2.015246936596617,-0.057286761421708916,-0.23282039992238737,-0.4193237735585556,0.5105717414628093,False,False,False,True,0.5759109854698181,0.37009599804878235,False,False
2025-11-08,0.4754270017147064,146875311,-0.008705727894496553,-0.11848696057970458,-0.1412532079879874,-0.39669002817104665,-0.6099019466306833,-0.7517719139291977,-0.7030032411915006,43.144450514331695,0.002335122077745458,0.11309887632892951,37.09627184661028,2.0106029247122787,-0.060282497017863236,-0.2290367895306101,-0.4242678177122189,-0.3345982094357747,True,False,False,False,0.5759109854698181,0.37009599804878235,False,False
2025-11-09,0.480338990688324,114987341,0.0102787340406043,-0.1271814004563815,-0.16816797156464305,0.0414476696877446,-0.6222612158268651,-0.6416137848862395,-0.6887531767723566,43.84632713646496,0.004475693680008212,0.10919779177456998,36.97414407194186,1.3435329440418755,-0.044774163082031734,-0.21034946343567476,-0.4181142154436375,-0.21710912326170329,False,False,False,False,0.5759109854698181,0.37009599804878235,False,False
2025-11-10,0.4976300001144409,145629889,0.03536474398754458,0.1222619997202315,-0.10477763054942106,0.0354084241667395,-0.6016925415765906,-0.68651184625715,-0.6938633105099998,46.35677078594518,0.007105951149883792,0.10191543304816701,36.827968012252335,1.3414321523806734,-0.00750826004717827,-0.1715546365652353,-0.39695419866533566,0.26648627347596454,False,False,False,False,0.5759109854698181,0.37009599804878235,False,False
2025-11-11,0.46042299270629883,135048524,-0.0777112129085284,0.13395128896919975,-0.14692729193115708,-0.18309301271854886,-0.7255377557155066,-0.809106385080193,-0.7860776432921193,42.005033021597136,0.006411119774807239,0.1094740670793949,37.60210102894311,1.2698141962574365,-0.07884902348760194,-0.22485590145107723,-0.4414435010945022,-0.07265929454907438,False,False,False,False,0.5759109854698181,0.37009599804878235,False,False
2025-11-12,0.44660401344299316,124928955,-0.030473290291044192,0.020179700375355353,-0.186764142649946,-0.3033263883285147,-0.7825041731978385,-0.7211806119259198,-0.8741293953756651,40.48491036713136,0.00514656841692851,0.11196270878412053,38.703684744017416,1.2239992313969277,-0.09943617315961939,-0.2395015950820424,-0.4575320417462024,-0.0749328367335581,False,False,False,False,0.5759109854698181,0.37009599804878235,False,False
2025-11-13,0.4422740042209625,162910836,-0.009742716967895727,0.041743399363490585,-0.10796071988305196,-0.275432184961766,-0.7429807658205745,-0.6816803994913677,-0.8935725609717474,39.996486716747356,0.004185051312495566,0.1134828086679766,39.07075248988463,1.21996435679552,-0.0988062297940992,-0.2379029451436999,-0.4622282065523023,0.30402784526613535,False,False,True,False,0.506829023361206,0.37009599804878235,False,False
2025-11-14,0.40353700518608093,201807799,-0.09166141505601405,-0.17265088508982981,-0.2431139044393538,-0.2961502980705233,-0.7792195158817253,-0.7853939937687531,-0.9751924624024466,35.831700123783705,0.001258562235475262,0.1238279853814986,41.07076518794411,1.2352109114555485,-0.16549343032743094,-0.29677659090108,-0.5086872024701493,0.23876228220939222,False,False,False,False,0.506829023361206,0.37009599804878235,False,False
2025-11-15,0.424111008644104,121877084,0.049727039801630415,-0.11421811739370284,-0.23270507797340756,-0.20951545800999466,-0.8189017484141993,-0.7665094997707512,-0.8694800609679756,39.43868031592336,0.0010360992869467012,0.11475049090382142,39.661521847778545,1.2482401526120184,-0.10967234727848846,-0.2523188231726454,-0.4830785586906039,-0.39607346889502526,False,False,False,False,0.506829023361206,0.37009599804878235,False,False
2025-11-16,0.41005900502204895,146844108,-0.03369416977327249,-0.15819102120757975,-0.2853724216639614,-0.21126080999605068,-0.8518855933456381,-0.7504284936435909,-0.965652228638803,37.872813150056885,0.0003080170463890322,0.11656289398064477,39.150121995704026,1.248694266157895,-0.12609637279803337,-0.26868011118722285,-0.4995227232490296,0.20485412991994467,False,False,False,False,0.506829023361206,0.37009599804878235,False,False
2025-11-17,0.388033002614975,173712151,-0.05521066973951204,-0.24876643493463638,-0.1265044352144049,-0.2855220215434081,-0.9011967123121316,-0.7539983788815621,-1.1418458960985858,35.493952411311284,-0.001208394303689013,0.12094601624166136,40.435338335821186,1.256008557881479,-0.16003582313792983,-0.29901331642262774,-0.5257461921601319,0.18296984036976127,False,False,False,False,0.506829023361206,0.37009599804878235,False,False
2025-11-18,0.41648200154304504,186975864,0.07075285279899841,-0.10030236922710965,0.03364891974209008,-0.2437940857819461,-0.768794391431536,-0.73679136692209,-1.0904539365847685,40.676948991262506,8.45285630339393e-05,0.11107539072787413,38.80312630427277,1.280322976433075,-0.08640643457048283,-0.23903442248008205,-0.4902673058552026,0.07635454931416974,False,False,False,False,0.506829023361206,0.37009599804878235,False,False
2025-11-19,0.3972179889678955,182086348,-0.047358026499697614,-0.11718710543576305,-0.09700740506040767,-0.3103581724904553,-0.8167933595005534,-0.7602957439072878,-1.1649958928293291,38.42548847957765,2.5384952337961786e-05,0.11611898730826258,40.02183684113775,1.2834862340569315,-0.11944279996707005,-0.26536064172877916,-0.5133309919144956,-0.02615051962000825,False,False,False,False,0.506829023361206,0.37009599804878235,False,False
2025-11-20,0.3782010078430176,191214237,-0.04905939952913462,-0.15650378799700201,-0.11476038863351146,-0.33142361688347177,-0.8425851466293548,-0.902249194145708,-1.1220675748545839,36.29006870737194,-0.0008624002141162865,0.12227193226714113,40.81130268573346,1.2892224169479658,-0.14873027669023006,-0.29040034196092834,-0.5361445629218161,0.0501294528681524,False,False,False,False,0.506829023361206,0.37009599804878235,False,False
2025-11-21,0.3283349871635437,315378376,-0.14139143152458739,-0.20623380446557532,-0.37888468955540516,-0.403683863981479,-0.8845618020571177,-1.0128391944132056,-1.1414440088095226,31.367501927013123,-0.004189770739703627,0.14720153658713386,43.29733175969654,1.3532462750592302,-0.24335244573812959,-0.373131123633613,-0.5967613983379182,0.6493456813051006,False,False,False,False,0.506829023361206,0.37009599804878235,False,True
2025-11-22,0.33234700560569763,201853421,0.01214523114767921,-0.24381561311952651,-0.35803373051322945,-0.457167164874851,-0.8572136021185397,-0.9559670489854549,-1.1719427516833074,32.16476572938777,-0.0054238799217646155,0.1410142754584872,42.118903941820804,1.3265013413676976,-0.2148238511531867,-0.3542880627109781,-0.5912596475902469,-0.35996429571315947,False,True,False,False,0.506829023361206,0.37009599804878235,False,False
2025-11-23,0.3348279893398285,147746236,0.007437314614420612,-0.20268412873183322,-0.3608751499394131,-0.4877227863208357,-0.8558215324028133,-0.8429270772053068,-1.1522072211060395,32.68551235473663,-0.005366624343132093,0.1331841066205499,46.24295371530734,1.3153027909201904,-0.19897677448145631,-0.33867813365711286,-0.5875980186886723,-0.26805186026547456,False,False,True,False,0.42286500334739685,0.37009599804878235,False,False
2025-11-24,0.37623199820518494,175311670,0.11658903431690917,-0.030884424675412005,-0.27965085961004854,-0.3752605895698869,-0.6607761859581918,-0.769991150326009,-1.0950549992666652,40.846698491550455,-0.002006759627406464,0.11879428745577027,47.11691661990203,1.3934163291882022,-0.09706538315746789,-0.24537291315791324,-0.53570924547017,0.18657283424804127,False,False,False,False,0.42286500334739685,0.37009599804878235,False,False
2025-11-25,0.36618301272392273,159165931,-0.02707272642616928,-0.1287100039005797,-0.2290123731276894,-0.4395268136133162,-0.7226635590356143,-0.8023724456795099,-1.0273047733340746,39.592063529656514,-3.204923154183359e-05,0.11953210304378875,48.429856517935036,1.3825535011504662,-0.113577142039827,-0.25243166663607947,-0.5470549763993997,-0.09209734297779493,True,False,False,True,0.42286500334739685,0.309143990278244,False,False
2025-11-26,0.38662299513816833,153769080,0.05431680225504655,-0.027035175145835623,-0.14422228058159867,-0.3571844143305923,-0.6441482442912821,-0.7896927038627993,-0.9347671472156814,43.40024766221008,0.0029167634395117423,0.11240705428017755,48.89723990602725,1.402221440513892,-0.05982271385513551,-0.19925515341076186,-0.5201217039109722,-0.03390707399562787,False,False,False,False,0.42286500334739685,0.309143990278244,False,False
2025-11-27,0.38345399498939514,114201975,-0.008230392748304675,0.013793831634994425,-0.14270995636200773,-0.32985325555210454,-0.6654335455365413,-0.7273712730351583,-0.9239555559419701,42.94818856335955,0.0048082249060949975,0.10852316382096869,47.291230589511784,1.399656623202294,-0.05650109441224254,-0.19373444930552836,-0.522494701742525,-0.2573150922148978,False,False,False,False,0.42286500334739685,0.309143990278244,False,False
2025-11-28,0.3813520073890686,131138142,-0.005496800198700507,0.1496884629608812,-0.05654534150469417,-0.34471361617854995,-0.6476051729978296,-0.7485308822041601,-0.8800484530248405,42.6309974039764,0.005994940917384062,0.1063429451712717,45.41208729419594,1.3978947889960585,-0.050686013366779775,-0.18702402399426066,-0.5228399136417899,0.14830012353113853,False,False,False,False,0.42286500334739685,0.309143990278244,False,False
2025-11-29,0.380403995513916,81846844,-0.002489018428388356,0.13505421338481358,-0.10876139973471283,-0.2586564948721483,-0.6486343933720983,-0.7244358700685772,-0.8383493478681132,42.478621970612146,0.006737706868096403,0.10146172524772928,42.402772393662914,1.3701426976680984,-0.041118797103594645,-0.18625437452726948,-0.5216367643348,-0.3758730850403539,False,False,False,False,0.42286500334739685,0.309143990278244,False,False
2025-11-30,0.36761799454689026,80548255,-0.03418949335333763,0.0934274054170554,-0.10925672331477781,-0.33633775772577373,-0.7317825839804385,-0.7244526767537037,-0.8438652818549812,40.38217075955547,0.006392447098089497,0.10126890132911708,36.37927145074376,1.3597076712533303,-0.057911289525027415,-0.20979559137768486,-0.5354747147012022,-0.01586608519688315,False,False,False,False,0.42286500334739685,0.309143990278244,False,False
2025-12-01,0.3455809950828552,147668808,-0.06181729637864029,-0.0849789252784941,-0.11586334995390613,-0.4374732674400982,-0.8252160126758876,-0.8626897173900274,-0.9548996159725818,36.99340851203323,0.004778386180499743,0.10772862526233604,34.185559375099324,1.3581646407027534,-0.10115853280416719,-0.25048334198498134,-0.5615489577327364,0.8332961775522014,False,True,True,False,0.40533900260925293,0.309143990278244,False,False
2025-12-02,0.40369099378585815,209565017,0.15542267409642596,0.09751647524410115,-0.031193528656478575,-0.30102376726095353,-0.6661912874683223,-0.7043992497143022,-0.8295320634507035,49.118712140768345,0.007557580301122788,0.10010460150543532,31.396110311729803,1.4786451434955081,0.055875676765158096,-0.1167434482943051,-0.485862169473241,0.4191556080008447,False,False,False,False,0.40533900260925293,0.309143990278244,False,False
2025-12-03,0.3994170129299164,159176449,-0.010643702140919113,0.03255597084813561,0.005520795702299954,-0.0975888132128041,-0.6363156523184322,-0.67460450340913,-0.780311971958201,48.38123263542092,0.008946266530652017,0.0973215336414713,28.44374734442754,1.2825821041125436,0.050585103665217464,-0.11903610736883738,-0.4895758873296904,-0.24044360419181987,True,False,False,False,0.40533900260925293,0.309143990278244,False,False
2025-12-04,0.38261398673057556,212184672,-0.04297940289719883,-0.002193039300758581,0.011600792334235787,-0.051167713952506404,-0.6901632328494479,-0.7610281477436941,-0.8593435893063275,45.48952737923026,0.008570647371062647,0.10630004469954468,27.969265270204257,1.2532234218190021,0.009165071845028648,-0.15009825317914813,-0.5088910266934714,0.333015488993601,False,False,False,True,0.40533900260925293,0.33039599657058716,False,False
2025-12-05,0.3714529871940613,146450562,-0.029604305849374596,-0.02630054495143271,0.12338791800944844,-0.16407031810468112,-0.7708253314262191,-0.7862208885388029,-0.9424748278623405,43.6244068621202,0.007449413072672224,0.10775377898303318,25.973668877465517,1.218225647409472,-0.013421453024249573,-0.16929877472566668,-0.5213005436178036,-0.30979669445679847,False,False,False,False,0.40533900260925293,0.33039599657058716,False,False
2025-12-06,0.3795729875564575,124663204,0.021624596373387168,-0.0021869301496572594,0.13286728323515645,-0.11113930577526314,-0.6632302039026499,-0.7849369934416818,-0.9432069312316728,45.37906395062515,0.007133108255283422,0.10031649236177236,24.778369988181616,1.2180866914302648,0.012243363572556502,-0.1462922670892573,-0.5089550791602075,-0.14876937105915644,False,True,False,False,0.40533900260925293,0.33039599657058716,False,False
2025-12-07,0.3679620027542114,121014587,-0.03106722446781687,0.0009353387358634672,0.09436274415291881,-0.26493939964038643,-0.70578034399399,-0.8609111654642231,-1.0089811167062974,43.30356520210151,0.006062455689085915,0.10077391567515837,24.681792826729072,1.1322658326586876,-0.016087545537929345,-0.16684900597575336,-0.5216590446792863,-0.02926779420814496,False,False,True,False,0.44627198576927185,0.33039599657058716,False,False
2025-12-08,0.3890259861946106,127304717,0.05566646449145637,0.11841909960596009,0.03344017432746606,-0.20056720725443353,-0.5972572354254803,-0.8104691538851169,-0.9523391211836313,47.9541658467301,0.006646540520506856,0.0941745108082116,22.813713956744504,1.1544026137169634,0.044069090391713577,-0.11343668425773873,-0.49161146499178987,0.05197827927967058,False,False,False,False,0.44627198576927185,0.33039599657058716,False,False
2025-12-09,0.4372420012950897,198083376,0.11684067657995224,0.07983710208948626,0.17735357733358748,-0.09400526471508557,-0.052557595027341066,-0.7162664805419507,-0.7356190496013253,56.70796857540094,0.00995479442129336,0.0894193136311833,26.720643562877612,1.2313848954021078,0.16720252990872508,0.0012143517627485948,-0.42607571486866463,0.5559782910479272,False,False,False,False,0.44627198576927185,0.33039599657058716,False,False
2025-12-10,0.3918200135231018,214591531,-0.1096842353506044,-0.019203431120198983,0.013352539727936522,-0.23905424405323464,-0.20364581988649505,-0.8407467856298252,-0.9255660903103845,48.44202272603267,0.008798633004717067,0.10185734345929917,26.962447744557966,1.2773878360029423,0.04405224059475345,-0.09721341318934068,-0.48321688654819356,0.08333942672705663,False,False,False,False,0.44627198576927185,0.33039599657058716,False,False
2025-12-11,0.4029879868030548,179441758,0.02810416690723083,0.05188013868423072,0.04968709938347216,-0.1332388642374755,-0.3163318769560243,-0.858776619952982,-0.9423452493176684,50.35800125800122,0.008496255694707338,0.0994281123224214,24.84288620618087,1.2578472964575955,0.0632356189919633,-0.06767328196433883,-0.4660120668234889,-0.16379850983028776,False,False,False,False,0.44627198576927185,0.33039599657058716,False,False
2025-12-12,0.3895319998264313,147444066,-0.0339607339790826,0.04752371055452274,0.021223165603089962,-0.13672630792551385,-0.4400526962540286,-0.9192304811233524,-0.8579069198514336,48.041476278504824,0.007154056537534523,0.1018954195870335,22.035232075696896,1.258814154638314,0.020038650420078054,-0.09312081083482691,-0.48131524452839564,-0.1783179810353842,False,False,True,False,0.4497759938240051,0.33039599657058716,False,False
2025-12-13,0.3966450095176697,103419633,0.018095679990743584,0.04399479417187905,0.04180786402222168,-0.10888791096687475,-0.3843200959286407,-0.8518686767874493,-0.7905683104582424,49.36740808534623,0.006526837261404983,0.09517107845411843,18.966706929619868,1.261113949855854,0.030325730129245748,-0.07012438496042997,-0.4693219692108042,-0.29858395928934844,False,False,False,False,0.4497759938240051,0.33039599657058716,False,False
2025-12-14,0.37932899594306946,123073346,-0.044637806384522846,0.030424212255173173,0.03135955099103656,-0.06186430229538347,-0.3580146003659067,-0.8410838181771089,-0.8472582960641366,46.2717064121889,0.004806754217601326,0.09667592100668405,18.89494140867501,1.230084755116843,-0.015050559666795651,-0.10364906044964557,-0.4899509790512519,0.1900385103861275,False,False,False,False,0.4497759938240051,0.33039599657058716,False,False
2025-12-15,0.3730219900608063,156053675,-0.01676651921513704,-0.04200877145142024,0.07641032815453991,-0.1283578613121508,-0.3378733193221454,-0.9472596097263501,-0.8948673610829021,45.16089254178,0.003183468518675063,0.09946727403389313,18.569548850179217,1.2166417773280487,-0.032286284413797904,-0.11034172311782803,-0.4961247419606755,0.2679729614241575,False,False,False,False,0.4497759938240051,0.33039599657058716,False,False
2025-12-16,0.37980300188064575,137636048,0.01801532970010477,-0.14083411833126772,-0.0609970162417813,-0.07664836183877347,-0.2879091718348242,-0.9285339551844117,-0.8270768554823643,46.64397465521472,0.0025339397839807924,0.09425304418152627,18.62718689671708,1.214273634531263,-0.013822206726141574,-0.08664069860205482,-0.48519230742375297,-0.11802110395669951,False,False,False,False,0.4497759938240051,0.33039599657058716,False,False
2025-12-17,0.3538829982280731,150952661,-0.0706863571706422,-0.10183624015130553,-0.12103967127150446,-0.0921240492699038,-0.3776460708133118,-0.9933207615820352,-0.8461224281514658,41.97142646227751,0.0004361146459822187,0.10403694399327024,20.00449184667021,1.2238819076739882,-0.0775835367633109,-0.14156628330773,-0.5186999416000756,0.09675236388653063,False,False,False,False,0.4497759938240051,0.33039599657058716,False,False
2025-12-18,0.3293589949607849,186189668,-0.07181801905656639,-0.2017584261151027,-0.1498782874308721,-0.23469492112546853,-0.4784890069074147,-1.0034893125570046,-0.9714862880475585,38.084165696436465,-0.0023714076694356934,0.11373320294985906,23.670819575748492,1.2166551959686982,-0.13564980956744885,-0.19287341601907995,-0.5503920811059805,0.23343084359407218,False,False,True,False,0.4042859971523285,0.33039599657058716,False,True
2025-12-19,0.3564000129699707,177175785,0.07890540602269568,-0.08889228611332439,-0.041368575558801746,-0.10843148860307525,-0.4187896610935305,-0.9252248481036286,-0.868727232510363,44.21886967410138,-0.002180415357218357,0.10464539794215745,24.411446661439104,1.2444117292493568,-0.06172966802779071,-0.12073316648948369,-0.5114986676017705,-0.048412369476914296,False,False,False,False,0.4042859971523285,0.33039599657058716,False,False
2025-12-20,0.3461360037326813,90001847,-0.02922195979212319,-0.13620992589619116,-0.09221513172431214,-0.08859404886606385,-0.4200176657495356,-0.9311791954954186,-0.990843243011772,42.497653138629666,-0.0024957743797596518,0.10248532799322095,25.554809587460486,1.2371964980284536,-0.0861669800919973,-0.1388977325845209,-0.5235236137580068,-0.4920194822334215,False,False,False,False,0.4042859971523285,0.33039599657058716,False,False
2025-12-21,0.340505987405777,108441138,-0.016399062603239933,-0.10797118211490829,-0.07754696985973528,0.036398320055283526,-0.3672855439261954,-0.848163482001834,-0.976440874357922,41.542446686439085,-0.0028105539918613677,0.10053886876480993,25.96347087390032,1.1336487388774064,-0.10042812921904913,-0.14461635772047587,-0.5295170848452241,0.2048768065837583,False,False,False,True,0.4042859971523285,0.3253970146179199,False,False
2025-12-22,0.3348279893398285,127934961,-0.01681577429318368,-0.10802043719295498,-0.15002920864437522,0.007437314614420612,-0.44972985026043033,-0.8497762875041192,-0.9485297343710343,40.552481318146405,-0.003105125434737224,0.09923882501476454,27.305296811310715,1.1346340976488154,-0.10730841695921747,-0.1498825924595126,-0.5357827127306091,0.17976409469255117,False,False,False,False,0.4042859971523285,0.3253970146179199,False,False
2025-12-23,0.32130199670791626,132551288,-0.04123545473124589,-0.16727122162430566,-0.3081053399555733,-0.04123545473124589,-0.5289582410520816,-0.8970569871340592,-0.8841625319365526,38.21615495445345,-0.0038653523367333,0.10133416906561617,29.61677618025555,1.1434200012822655,-0.13435621377345278,-0.1792626858663787,-0.5530038313633916,0.03608338927777521,False,False,False,False,0.4042859971523285,0.3253970146179199,False,True
2025-12-24,0.32350999116897583,108040541,0.006848517498269654,-0.08973634695539372,-0.19157258710669922,-0.1509759715498854,-0.5262365611197722,-0.8117521575080772,-0.9209671218758942,38.83563604912252,-0.00386467449017598,0.09634044071133317,31.737852342500815,1.0621043973488955,-0.1214123290048953,-0.17026568228002506,-0.548205817667152,-0.18491519297798142,False,True,False,False,0.4042859971523285,0.3253970146179199,False,False
2025-12-25,0.3074609935283661,97278470,-0.050881769180608764,-0.06880009707943606,-0.2705585231945387,-0.17478501430432475,-0.614311827917641,-0.8974485733399391,-0.9771574599838349,36.00942899374152,-0.004543422031596352,0.09904583540034854,35.12456242180372,1.0715279038387202,-0.15767883846233366,-0.20612503450196995,-0.5688663234405262,-0.09961141346006408,False,False,False,False,0.4042859971523285,0.3253970146179199,False,False
2025-12-26,0.31421300768852234,101986384,0.021722895469041926,-0.1259826076330897,-0.2148748937464142,-0.20737892109032932,-0.5645633354209216,-0.8515271653816116,-0.9970716249531287,38.051971749110734,-0.004146976492191975,0.09367019248380762,37.254505797861185,1.0543965677282519,-0.13140444380071314,-0.1840570393468742,-0.5571882895988457,0.048396258699381356,False,False,False,False,0.4042859971523285,0.3253970146179199,False,False
2025-12-27,0.3199850022792816,58764065,0.018203002463017707,-0.0785576453779488,-0.21476757127413998,-0.18094552587900697,-0.5107987814311117,-0.8463790714155481,-0.9083167989141653,39.820377363764194,-0.003150493851090584,0.08737108607431356,38.79463099335857,1.0580058789484443,-0.1095437619248332,-0.16212336423269214,-0.5467948589371928,-0.4238047992759504,False,False,False,False,0.4042859971523285,0.3253970146179199,False,False
2025-12-28,0.31267398595809937,58399503,-0.023113057506418608,-0.08527164028112746,-0.19324282239603588,-0.19856178318672524,-0.543275399365275,-0.8461669561845548,-0.9470926653908853,38.327905985207835,-0.0026579034252869928,0.08580267222460601,40.01517772052431,1.0596768541368542,-0.12054589871376924,-0.17422884375090752,-0.5551326954022346,-0.006203825416093989,False,False,False,True,0.4042859971523285,0.30542299151420593,False,False
2025-12-29,0.28920501470565796,134219379,-0.07802523925475512,-0.14648110524269903,-0.2545015424356539,-0.2740980040130919,-0.5327544988852404,-0.9227323973851902,-0.9985338740816692,33.93143824072733,-0.0035320703183446198,0.09476259378745056,38.04438207556721,1.0883392350493577,-0.16926155701570722,-0.22842071124835614,-0.5867614510942306,1.298296596804942,False,False,False,False,0.4042859971523285,0.30542299151420593,False,True
2025-12-30,0.2771129906177521,109803760,-0.04271049867434684,-0.14795614918579997,-0.3152273708101057,-0.28261900933410133,-0.6189567670598751,-1.0144015933145398,-1.0070716860878048,31.90103100753369,-0.004482968455211182,0.0956908851586428,40.807850806146234,1.0912100550639776,-0.19066214369962356,-0.25187864780473496,-0.6024056802796218,-0.1819082995459247,False,True,False,False,0.4042859971523285,0.30542299151420593,False,False
2025-12-31,0.26968199014663696,104484043,-0.02718188082436399,-0.1819865475084337,-0.2717228944638274,-0.247983593779825,-0.6854568612199233,-1.0731996064557128,-1.1106733111698524,30.685820294584815,-0.005124439367403477,0.09496620395421479,42.233441503547745,1.076871517829816,-0.19672810338609556,-0.26436388951118484,-0.6114969288624228,-0.04844749396559822,False,True,False,False,0.4042859971523285,0.30542299151420593,False,False
2026-01-01,0.301256000995636,109846923,0.11071695436561238,-0.020387823962212698,-0.08918792104164869,-0.2926893135106386,-0.5937130807715922,-0.958880600978961,-0.9970885632249409,40.974379879988625,-0.0030374519910568477,0.08707610376585952,40.972588976129046,0.9998806204096183,-0.09072798590662078,-0.17166826349048497,-0.5642838231570625,0.05132726343677185,False,False,True,False,0.32249200344085693,0.30542299151420593,False,False
2026-01-02,0.3250960111618042,320118094,0.07616015273762461,0.03404943330636995,-0.09193317432671984,-0.20588545863209504,-0.30347427184489906,-0.8422011109505272,-0.880489962041225,47.331296077736276,0.0001636339666322359,0.08515585365417604,37.16915967122154,1.0437897190440302,-0.00806173107568663,-0.10032052188438643,-0.5280607866867595,1.9142199458786844,True,False,False,False,0.32249200344085693,0.30542299151420593,True,False
2026-01-03,0.33852899074554443,184478704,0.04048917576659677,0.0563356066099491,-0.022222038767999764,-0.12241687996829939,-0.17358459392080586,-0.8125801128177472,-0.8834450277119935,50.56214149824748,0.0032306837820255327,0.08206825752329408,34.65090510767874,1.04803506328256,0.039394891010150646,-0.05976266480664496,-0.5070090270401332,-0.42371672374133273,True,False,False,True,0.32249200344085693,0.26410698890686035,False,False
2026-01-04,0.4049060046672821,447944317,0.17904521950070576,0.2584938836170735,0.17322224333594594,0.086232645381781,-0.07783767272290013,-0.6845926860444381,-0.6999882431570219,62.728708033905,0.009424343723450797,0.0790789016272646,38.55534927443098,1.2222899176027313,0.23713862114925227,0.12579521644834374,-0.40868201830772366,1.428162748801618,True,False,False,False,0.32249200344085693,0.26410698890686035,False,False
2026-01-05,0.40914198756217957,257697575,0.010407300722347695,0.3469264235941762,0.2004453183514773,0.07501534973074153,-0.03612395604452161,-0.5882148541719083,-0.7099216437109402,63.348605777125414,0.013265845017653398,0.07776479071467748,41.97462677478702,1.2207494120828,0.24450316808990827,0.1376308978979633,-0.40081657491454564,-0.4247106945660838,True,False,False,False,0.32249200344085693,0.26410698890686035,False,False
2026-01-06,0.4214940071105957,549770819,0.02974330568393277,0.41938022795245583,0.2714240787666559,0.13582587988249112,-0.12911351975789534,-0.5699544641114989,-0.7250852855817319,65.1678633021242,0.01591939194952647,0.08650418210499786,47.82756941563504,1.2181283819701365,0.26902571139696513,0.16979929301403193,-0.3811900392148009,1.1333953918658333,False,False,False,False,0.32249200344085693,0.26410698890686035,False,False
2026-01-07,0.3895289897918701,188322081,-0.07886726857350644,0.36769484020331344,0.18570829269487973,0.0012921468175283127,-0.19927506043690507,-0.5959650886079519,-0.8091770070675885,57.248513096884366,0.014824755512047589,0.09419323035409596,49.67616221591567,1.237279768348857,0.16225842143064942,0.08270455642334153,-0.4268269192170864,-0.657453479719883,False,False,False,False,0.32249200344085693,0.26410698890686035,False,False
2026-01-08,0.37996599078178406,146534632,-0.024856539989044697,0.23212134584865635,0.21173352188644362,-0.14040506975146866,-0.2344103344665542,-0.19296266477880972,-0.8566715502934193,55.09153951664835,0.012834068860597365,0.09290810861977089,50.58273509790039,1.165565944496437,0.12975285898860406,0.05713783050623517,-0.4396349105965612,-0.22189351762738863,False,True,False,False,0.32249200344085693,0.26410698890686035,False,False
2026-01-09,0.3871060013771057,127850227,0.018616810119175316,0.17457800323020703,0.20862743653657703,-0.012104024281688898,-0.2511582683349236,-0.21574984416818396,-0.8528508099115141,56.412034163517106,0.011422805990872724,0.08867227535611126,51.916318233547024,1.1043981745590008,0.14401428463996196,0.07646930236154126,-0.4272238700848855,-0.1275084582052931,False,False,True,False,0.5004749894142151,0.26410698890686035,False,False
2026-01-10,0.3788610100746155,72874246,-0.02152915110581321,0.11255967635779708,0.16889528296774617,-0.06173734229473291,-0.19497620653220846,-0.3780692192507573,-0.920513962247715,54.422006751865155,0.009440825689463871,0.08657196933441773,52.65788529360549,1.101839523477524,0.11333798766053005,0.050589297918479575,-0.43738435328385133,-0.43000299874320913,False,False,False,False,0.5004749894142151,0.26410698890686035,False,False
2026-01-11,0.37570300698280334,82712297,-0.0083704535574411,-0.07485599670034974,0.18363788691672364,-0.036147061873091434,-0.17287336979860532,-0.4761997581271202,-0.955377542996444,53.64146708625995,0.007508151593020881,0.08417965017368399,53.081969607453225,1.0961145082852113,0.09746650966711516,0.039332971758326445,-0.4403300737934184,0.135000381341853,False,False,False,False,0.5004749894142151,0.26410698890686035,False,False
2026-01-12,0.3687349855899811,126293908,-0.018720766447549973,-0.10398406387024735,0.24294235972392883,-0.07296350831138483,-0.18185141927825957,-0.4572836042400255,-0.9248321850988341,51.87360467442034,0.005447436577062265,0.08411076238169103,52.80730568162236,1.0954776801648798,0.06970150580195617,0.018146828605090416,-0.44912604277202256,0.5269060657328861,False,False,False,False,0.5004749894142151,0.26410698890686035,False,False
2026-01-13,0.418722003698349,181400249,0.12712903428354533,-0.006598335270634732,0.41278189268182114,0.09880333235668337,0.036939030061299845,-0.2592112680092235,-0.7422804858204256,61.64044008687476,0.007036815833369219,0.08002164645980689,54.88956234610187,1.1732631664004542,0.19816671860720045,0.15346385689325417,-0.37278827376703527,0.4363341183487648,False,False,False,False,0.5004749894142151,0.26410698890686035,False,False
2026-01-14,0.4113590121269226,168733402,-0.017740882030441864,0.05452805127242967,0.42222289147574316,0.09782896954137846,-0.030528891770772445,-0.24004434978076705,-0.8494306401849718,59.71797970692207,0.0071547036141441055,0.07924442332708326,54.97546272820419,1.1734777460473624,0.15985621445227666,0.13036741527434376,-0.38187714213192075,-0.06982816765593303,True,False,False,False,0.5004749894142151,0.26410698890686035,False,False
2026-01-15,0.38581299781799316,118855825,-0.06411355157008015,0.015271039691394366,0.24739238554005064,0.015700088271193405,-0.06094827356758008,-0.27220908356363077,-0.9128338669132183,53.485237977744895,0.005167404124278982,0.0847753025333329,53.89531898560942,1.1952460587495612,0.07695652700542287,0.06021709223818171,-0.41813911575154256,-0.295599901435046,False,False,False,True,0.5004749894142151,0.36699599027633667,False,False
2026-01-16,0.3881869912147522,87929841,0.006134369185882581,0.0027885987581016515,0.17736660198830873,0.09252081462771838,0.00039676535781446034,-0.2851252561855935,-0.900799946954317,53.96606970763046,0.0037348036668374864,0.08154655391349151,52.92703427971287,1.167352183881811,0.07336597962018601,0.06646342931186575,-0.41245125675039823,-0.2601974619249835,False,True,True,False,0.43370500206947327,0.36699599027633667,False,False
2026-01-17,0.3788039982318878,61254576,-0.024468243399211446,-0.00015049353529657757,0.11240918282250056,0.13987059028507332,-0.09482433084039524,-0.3386184166223414,-0.8636187222719314,51.69165667659751,0.001966161322538665,0.079462704971278,51.09975484830917,1.1404878097230922,0.037931783803169174,0.04083131679742852,-0.4248936342542225,-0.3033698764450171,False,False,False,False,0.43370500206947327,0.36699599027633667,False,False
2026-01-18,0.35206300020217896,71179791,-0.07320877882007128,-0.06498881879792667,-0.13984481549827646,-0.012243594557693784,-0.12067508316076904,-0.4310332556512244,-0.9374684426613223,45.77112105621017,-0.001032619021990493,0.086182277421812,47.181741247664924,1.1392764906847654,-0.04357553547091871,-0.0311353814447992,-0.4632244850274061,0.16203222107030824,False,False,False,False,0.43370500206947327,0.36699599027633667,False,True
2026-01-19,0.35232600569725037,144700414,0.0007467621018807138,-0.04552129024849608,-0.14950535411874338,0.01772512733631011,-0.07086892152975362,-0.4022925384132253,-0.9134540681591083,45.83682879544802,-0.0029195390461170274,0.08563430440532493,41.23568985943059,1.1345225297340638,-0.052540569308873936,-0.029594848669637543,-0.46048558627870206,1.0328861881597824,False,True,False,False,0.43370500206947327,0.36699599027633667,False,False
2026-01-20,0.32955899834632874,107721575,-0.06680150745632686,-0.23945183198836834,-0.24605016725900303,-0.0326773175167767,0.0037210025385068543,-0.399962861442972,-0.8808407995186107,41.184739613472,-0.005473718493550807,0.09038409897758508,34.21373449081937,1.1574133251020844,-0.12084262725145019,-0.09149977976962173,-0.49334910502092844,-0.2555544796160708,False,False,False,False,0.43370500206947327,0.36699599027633667,False,False
2026-01-21,0.3381569981575012,145172063,0.025754887154307717,-0.1959560628036188,-0.14142801153118897,0.009893343930714553,0.017330658545135266,-0.43983650632971577,-0.8398829435734045,43.51622836005989,-0.006298111718959049,0.08736360240290642,30.427584405285657,1.1596560413069994,-0.10232428943329788,-0.06441712424285273,-0.4780952337733372,0.3476600486021486,False,False,False,False,0.43370500206947327,0.36699599027633667,False,False
2026-01-22,0.3332670032978058,93711445,-0.014566298824147256,-0.1464088100576858,-0.13113777036629154,0.03656249983781314,-0.0046729548934327176,-0.4923957412142684,-0.860494487296246,42.4847224059457,-0.006841510035703986,0.08591609198776168,29.664102205420505,1.1513260776433856,-0.1162637776847778,-0.07455888196486454,-0.48346965024942024,-0.35448017295173384,False,False,False,False,0.43370500206947327,0.36699599027633667,False,False
2026-01-23,0.3345719873905182,88518482,0.003908084948138191,-0.1486350942954304,-0.14584649553732867,0.03362206728768162,-0.1173539042622038,-0.49261449383209066,-0.7781300902203955,42.87388997595357,-0.006769358080379015,0.08307585832404599,29.981915857586728,1.1511907873539424,-0.11233759499262448,-0.06844960230027711,-0.4794006677591462,-0.055414394687863355,False,False,False,False,0.43370500206947327,0.36699599027633667,False,False
2026-01-24,0.33408498764038086,49884906,-0.0014566507325397327,-0.12562350162875868,-0.12577399516405513,0.08304718573575061,-0.09173782856857414,-0.5312646421818904,-0.8144013876041885,42.75761797964404,-0.006414104950518753,0.07896967037415133,31.01533896299741,1.135897259990803,-0.1052233646249638,-0.06786590068756017,-0.4780690974802114,-0.4364464361239272,False,False,False,True,0.43370500206947327,0.32405000925064087,False,False
2026-01-25,0.31787198781967163,89090919,-0.04974666691452119,-0.10216138972320848,-0.16715020852113527,0.011577623352187412,-0.19580129773814184,-0.5529857120687341,-0.8399495420294241,38.968681897190066,-0.006889009988214269,0.08238234823650381,32.669923188166,1.1481759847656463,-0.1381121680895305,-0.11003777843786601,-0.5008972542790607,0.7859293751099781,False,False,False,False,0.43370500206947327,0.32405000925064087,False,True
2026-01-26,0.32791298627853394,87003704,0.03109953974611733,-0.07180861207897181,-0.11732990232746791,0.02447416063528736,-0.15647136524371974,-0.4863246207958244,-0.8219049107802611,42.37446474914017,-0.006168176492336236,0.0780144942337622,31.653538099829486,1.151570989412806,-0.09946163761931509,-0.07986203832103983,-0.48219818189655567,-0.023427920863629215,False,False,False,False,0.43370500206947327,0.32405000925064087,False,False
2026-01-27,0.3236590027809143,107241907,-0.013057786439394177,-0.018064891062039068,-0.2575167230504074,0.034529431702311784,-0.16403235148441342,-0.5087459676629633,-0.8116375244822431,41.322374352389396,-0.0056338783627525625,0.07591643722193872,32.68011724373782,1.1494734151057149,-0.10303129083455057,-0.08845494046011547,-0.48633372178730533,0.23261311955178376,False,False,False,False,0.43370500206947327,0.32405000925064087,False,True
2026-01-28,0.3203420042991638,110369995,-0.010301312506460136,-0.05412109072280687,-0.25007715352642557,0.10225335845060675,-0.17184464556248535,-0.4305011404346337,-0.8204790389345835,40.47844363971275,-0.005171868834660013,0.07442904669506317,33.97547683841074,1.1145018164848077,-0.10482798370129602,-0.09181675158924221,-0.48901864800956424,0.02916852271192827,False,False,False,True,0.43370500206947327,0.3107689917087555,False,False
2026-01-29,0.29538801312446594,117357388,-0.0810993976884284,-0.120654189587088,-0.26706299964477387,0.06386445943652524,-0.21875454989757603,-0.5550923076233498,-0.9505371338780145,34.731641307144756,-0.006148422294884554,0.0830833993045398,36.78080408420447,1.1421957125139817,-0.16384477190465344,-0.15795828507032794,-0.5261755356434363,0.06330880960898844,False,True,False,False,0.43370500206947327,0.3107689917087555,False,True
2026-01-30,0.28777700662612915,135188280,-0.026103893142968324,-0.15066616767819452,-0.2993012619736249,0.06494244711792092,-0.18304114666190416,-0.6205144141020025,-1.0082571593377918,33.18417828360532,-0.006854644356747834,0.08241026895847521,40.00249006085296,1.141853678074477,-0.17475048743418128,-0.17423039524019815,-0.5356927125545947,0.15193668079933742,False,True,False,False,0.43370500206947327,0.3107689917087555,False,False
2026-01-31,0.2540769875049591,196822222,-0.12454857617011925,-0.2737580931157741,-0.39938159474453266,-0.1703230834178107,-0.4630123969284493,-0.7640361641894028,-1.1292036843967719,27.369401898218257,-0.00900372332370606,0.10096466239514802,46.55961080497006,1.1551559306087233,-0.25845917130512275,-0.2652198754933484,-0.5873477185108846,0.45591187342571415,False,False,False,False,0.43370500206947327,0.3107689917087555,False,False
2026-02-01,0.24567799270153046,136193209,-0.033615615784931954,-0.2576270419861848,-0.3597884317093933,-0.2800988519403673,-0.4859843105724622,-0.5835731237852663,-1.1222999628908945,26.140012159327412,-0.010309325204488955,0.10352382934631187,53.01313390791451,1.120204791962389,-0.2698607232478645,-0.28325090569483796,-0.5982641051411032,-0.3080394702585971,False,True,False,False,0.43370500206947327,0.3107689917087555,False,False
2026-02-02,0.24567799270153046,136193209,0.0,-0.2887265817323023,-0.3605351938112741,-0.320588027706964,-0.44300490767526335,-0.4941726216277699,-1.1331681405247114,26.140012159327412,-0.01045830891625376,0.1026950677551352,54.40160197275006,1.106355057356975,-0.25059056914262784,-0.2776175090919746,-0.5955379826409706,0.0,False,False,False,False,0.43370500206947327,0.3107689917087555,False,False
2026-02-03,0.24911600351333618,145203478,0.013896959819868724,-0.2617718354730393,-0.27983672653507835,-0.48573628738780106,-0.39950364200602,-0.5635739601107012,-1.170328973432239,27.682135681261983,-0.00963129437503309,0.10012631487511148,54.290402402403394,0.8758461833541662,-0.22082254507995755,-0.26213198093859996,-0.5872869489529996,0.06615799030038283,False,False,False,True,0.43370500206947327,0.23716099560260773,False,False
2026-02-04,0.24824999272823334,114707047,-0.0034823919078776607,-0.2549529148744568,-0.30907400559726367,-0.49962598001802644,-0.42461063028728485,-0.535749936062548,-1.0878408341899346,27.526231617531067,-0.008488617441141079,0.09699723238296776,55.33103925858709,0.8718680793616441,-0.20645957866869089,-0.2589217931038443,-0.5858786689667891,-0.21002548575317181,False,False,False,False,0.43370500206947327,0.23716099560260773,False,False
2026-02-05,0.20723100006580353,184141685,-0.18060216022173448,-0.3544556774077628,-0.4751098669948509,-0.7099714459236934,-0.5741455660412025,-0.8390849656815887,-1.2799259100351925,21.38326413258467,-0.009751112670483123,0.1229384851948305,59.827440452558946,1.0260606400939325,-0.31784942132330035,-0.3759076857131559,-0.6513730476926944,0.6053214673027021,False,False,False,False,0.43370500206947327,0.23716099560260773,False,True
2026-02-06,0.23466099798679352,230849092,0.12430779748045107,-0.20404398678434346,-0.35471015446253784,-0.5067963798697359,-0.5055042330522076,-0.706071440306641,-1.1027614684776879,32.26871105122106,-0.00806446170178128,0.11911275035324352,59.86468869764434,1.1281482797270452,-0.20878619191857611,-0.2892461045103448,-0.6018627970880203,0.25364928641768425,False,False,False,False,0.43370500206947327,0.23716099560260773,False,False
2026-02-07,0.2337850034236908,132570748,-0.003740006666966829,-0.08323541728119105,-0.356993510396965,-0.48567984654765806,-0.6260849162991268,-0.7200901810142124,-0.6786425113264678,32.11577496157064,-0.006405801834323651,0.11530604177834108,61.21136636323212,1.1286765769675982,-0.19570204405377015,-0.28660047560150176,-0.5998195857100727,-0.42572549516460734,False,False,False,False,0.43370500206947327,0.23716099560260773,False,False
2026-02-08,0.22790800034999847,82522180,-0.02545986393827911,-0.07507966543453819,-0.3327067074207231,-0.5297565206051126,-0.5418605448868015,-0.7809147889400361,-0.7455063647732966,31.052456116823734,-0.0051561884996428956,0.11288850329697563,62.04497821148891,1.122020351369171,-0.19877305671487605,-0.29947966026074346,-0.6067371061016774,-0.3775234639243342,False,False,False,False,0.43370500206947327,0.23716099560260773,False,False
2026-02-09,0.2262289971113205,90407490,-0.007394292462820217,-0.0824739578973584,-0.37120053962966054,-0.5156216619621196,-0.5773590042568524,-0.7105978684943279,-0.8936908812128768,30.73932963661794,-0.003948805864292651,0.10951782642955968,63.85535289394765,1.1224897799537246,-0.18996284468998895,-0.29972090711358323,-0.6069147729517196,0.09555382565026771,False,False,False,True,0.43370500206947327,0.18507200479507446,False,False
2026-02-10,0.21666400134563446,89580324,-0.04319997515959852,-0.13957089287682567,-0.40134272834986506,-0.550451183564277,-0.5865982454373684,-0.7233245533628823,-1.026650941691397,28.948447328707474,-0.003325451098619623,0.11119996208938748,65.04221885987977,1.1256164747616924,-0.20696201943080292,-0.324386428762405,-0.6207130348019184,-0.00914930831505223,False,False,False,False,0.43370500206947327,0.18507200479507446,False,False
2026-02-11,0.2073580026626587,100557499,-0.04390099176767703,-0.1799894927366251,-0.4349424076110818,-0.575631408884404,-0.6485949171957889,-0.7574828281626637,-1.0329150131244296,27.283011700423785,-0.0030767230095442473,0.11302928034772924,66.52264685148862,1.1291424568244022,-0.2231226466071589,-0.3487772317204852,-0.634275145994535,0.12254002340960501,False,False,False,False,0.43370500206947327,0.18507200479507446,False,False
2026-02-12,0.2158149927854538,105241864,0.03997474488700373,0.04058741237211318,-0.3138682650356498,-0.6627856982809457,-0.5639823659242623,-0.6258466682196459,-0.9219969662901691,31.159040633393886,-0.0019352374789690582,0.10392328189697628,65.68910434362274,1.0229257841239137,-0.17304119712097307,-0.3176013733971228,-0.616283735070038,0.046583944972617086,False,False,False,False,0.43370500206947327,0.18507200479507446,False,False
2026-02-13,0.22101600468158722,73810951,0.023813592485745605,-0.05990679262259244,-0.26395077940693584,-0.6212312237647583,-0.5234022542233797,-0.6517601155355306,-0.8612755735455253,33.50644227647656,-0.0004974055635694891,0.09773811620228574,63.00635634461178,1.0353446422327044,-0.13435974398965694,-0.297314595640818,-0.6042148230778098,-0.2986540888329382,False,False,False,False,0.43370500206947327,0.18507200479507446,False,False
2026-02-14,0.2554599940776825,98380387,0.1448307001623818,0.08866391420675629,0.005428496925565294,-0.41228697203229614,-0.39658688376110285,-0.4732352455998764,-0.6844960555959271,46.5138827081497,0.0029181491947588047,0.09020253171445705,59.59896879969621,1.172522274915407,0.012925226105990966,-0.1847597121832288,-0.5395279892581551,0.3328697932641458,True,False,False,True,0.43370500206947327,0.20420600473880768,False,False
2026-02-15,0.23061099648475647,108019620,-0.10233352532970369,0.011790252815331618,-0.06328941261920648,-0.5207548665478826,-0.42823405192016434,-0.520358101190068,-0.805880122733476,40.37726236246085,0.0036036623291019476,0.10176190293767308,54.245276246848626,1.209826395675874,-0.06761737224622917,-0.2598372985231276,-0.5815453671085448,0.09797921408867816,True,False,False,False,0.43370500206947327,0.20420600473880768,False,False
2026-02-16,0.23611600697040558,79371843,0.023590946109420512,0.04277549138757244,-0.03969846650978601,-0.4726956770392507,-0.3328250867541773,-0.5675200078796458,-0.811314093661592,42.19668408173998,0.004471010939650612,0.09534550138829422,47.17165271723933,1.217858757745545,-0.02816121551592993,-0.23842591349864065,-0.5688834816282692,-0.2652090148067545,False,False,False,False,0.43370500206947327,0.20420600473880768,False,False
2026-02-17,0.23026399314403534,77637085,-0.025096792224315528,0.06087867432285541,-0.07869221855397034,-0.42458369044349475,-0.4368272850011886,-0.5452587736042638,-0.8556169460947193,40.77232713490591,0.0046718935587183145,0.093434306887218,37.856068568155095,1.2007342653300468,-0.034346676739166006,-0.2544664718178213,-0.5770609031171875,-0.021856088184823985,False,False,True,False,0.2627899944782257,0.20420600473880768,False,False
2026-02-18,0.22148899734020233,86960223,-0.03885353214331614,0.06592613394721626,-0.11406335878940872,-0.46418398468869176,-0.44645885735238144,-0.5350529062184453,-0.8664765231019171,38.664756907056294,0.00424733153545321,0.09449396553724528,31.783038107989437,1.2024932203030287,-0.05652666135165022,-0.2802852223435779,-0.5907983103213726,0.12008614182255806,False,False,False,False,0.2627899944782257,0.20420600473880768,False,False
2026-02-19,0.2165050059556961,61699426,-0.022759245471320036,0.0031921435888923964,0.04377955596100549,-0.42014172270368494,-0.4528190402204616,-0.41642072016517806,-0.820104584146657,37.47973040777242,0.003685261687912951,0.09302650332696732,25.153481096695774,1.1885639686077292,-0.06354163104316077,-0.2940406643010246,-0.5974723555465491,-0.2904868010745557,False,True,False,False,0.2627899944782257,0.20420600473880768,False,False
2026-02-20,0.22587500512599945,72932090,0.04236810223391648,0.021746653337063444,-0.03816013928552899,-0.403528507624076,-0.3936351636933614,-0.3861978490789407,-0.8433650139537917,41.13260330639155,0.0039741079171009205,0.08711618303261218,23.652169839259425,1.1969417504383684,-0.01701780486036812,-0.25984933326256604,-0.5773030298759697,0.18205459480287556,False,False,False,False,0.2627899944782257,0.20420600473880768,False,False
2026-02-21,0.22146500647068024,41109701,-0.019717178933021103,-0.1428012257583396,-0.05413731155158333,-0.40867938773295,-0.37211688789513664,-0.41335234262638254,-0.9010751289472184,39.949537074989266,0.0038926849971023976,0.08487467527920993,23.082563827073702,1.1971369891753474,-0.031104886818174207,-0.269337723277748,-0.583019245182776,-0.43632904253806526,False,False,False,False,0.2627899944782257,0.20420600473880768,False,False
2026-02-22,0.21106000244617462,46915109,-0.048122127840443604,-0.08858982826907955,-0.07679957545374788,-0.4607096005215317,-0.42708753323385,-0.5780635047837356,-0.9533240943536224,37.22877779689348,0.0031919934179571244,0.08667238141713089,23.105549235684204,1.2012965589753648,-0.06958043734517434,-0.29775962098303776,-0.6000022918258179,0.141217470786275,False,False,False,False,0.2627899944782257,0.20420600473880768,False,False
2026-02-23,0.20015400648117065,77960782,-0.053055362201847055,-0.16523613658034705,-0.12246064519277465,-0.512308311990839,-0.4292611262550884,-0.6040461405594132,-1.0435729541727294,34.57111704033282,0.002100640316995448,0.09006277322791599,23.68334252771374,1.2072496167633406,-0.10803140637868959,-0.3248471409569658,-0.6179446466586936,0.6617414658463225,False,True,False,False,0.2627899944782257,0.20420600473880768,False,True
2026-02-24,0.1946360021829605,60902044,-0.027955943911721716,-0.16809528826775322,-0.10721661394489784,-0.49051758898803965,-0.478939965635852,-0.6863188867261815,-1.0435033010567738,33.276733910611824,0.0011606999321040617,0.0892363632270673,24.549627532795576,1.2022098987688172,-0.12213466095585801,-0.33381980359223423,-0.6256902993806778,-0.21881178667499768,False,True,False,False,0.2627899944782257,0.20420600473880768,False,False
2026-02-25,0.21410299837589264,124838378,0.09532604133636584,-0.03391571478807109,0.03201041915914509,-0.426291087397791,-0.40181692676250375,-0.5827624526415108,-0.9126157081936155,41.58608884375795,0.0019567742243448046,0.08683768469912449,23.995881268146025,1.253878383474806,-0.03582702396553365,-0.2566368309650692,-0.5850803964755981,1.0498224657287363,False,False,False,False,0.2627899944782257,0.20420600473880768,False,False
2026-02-26,0.20909899473190308,78591526,-0.023649401227574827,-0.03480587054432585,-0.031613726955433366,-0.43688270218597164,-0.4023532704836599,-0.6009150536703851,-0.945628669848935,40.20022102223111,0.0022330754290223534,0.08752781796000889,24.054639545211643,1.2543001097391315,-0.05291047240271356,-0.26479933237364206,-0.5916154740694686,-0.37045380387752236,True,False,False,False,0.2627899944782257,0.20420600473880768,False,False
2026-02-27,0.20400400459766388,65317965,-0.0246681747958671,-0.10184214757410946,-0.08009549423704612,-0.45124956447537873,-0.34899620602477194,-0.6230942100378639,-0.8817507049100124,38.78303789826468,0.0021582125905238725,0.08808816018713406,24.45039624433174,1.2546867743970114,-0.06971333834794052,-0.2737267737081905,-0.5987907817232094,-0.16889303052850757,False,False,False,False,0.2627899944782257,0.20420600473880768,False,True
2026-02-28,0.19503599405288696,102870364,-0.04495549761559582,-0.12708046625668418,-0.26988169201502366,-0.4151056644025461,-0.35124120496602085,-0.6338602143001222,-0.970197972025896,36.35372269805607,0.001615085249065798,0.0935275653742586,26.164489490251036,1.2369446001717688,-0.10389234661691191,-0.29602636353097034,-0.6134109203620685,0.5749168548040344,False,False,True,False,0.22707299888134003,0.20420600473880768,False,False
2026-03-01,0.1903650015592575,94437554,-0.02424083629553185,-0.1031991747117723,-0.19178900298085186,-0.41324260755510955,-0.3483001604371887,-0.5962837542170137,-1.033757021657112,35.119789387844506,0.0010774749690839816,0.09640958061731139,28.286433979936177,1.2367291049661933,-0.11808750535551546,-0.3034073151728608,-0.6194877789216454,-0.08197511578747796,False,False,False,False,0.22707299888134003,0.20420600473880768,False,False
2026-03-02,0.2011760026216507,88052807,0.05523686972691899,0.00509305721699384,-0.16014307936335326,-0.23345716165807118,-0.4037802450758819,-0.6964695585865207,-0.9974933258474741,40.18066650050747,0.001557073972167939,0.09230976114715045,28.999465679369774,1.1922407284026915,-0.0646472259068611,-0.25432283647872755,-0.5949740455140543,-0.06760813605994076,False,False,False,False,0.22707299888134003,0.20420600473880768,False,False
2026-03-03,0.20405100286006927,92030646,0.014189816767827136,0.047238817896542606,-0.12085647037121054,-0.185651729105312,-0.46575058104567935,-0.6716360396777743,-0.7692248528905784,41.487790231274936,0.002139092755830123,0.08832617513918425,29.204614425153164,1.1908633163252607,-0.05055020707961614,-0.2343187015089995,-0.5863945431492201,0.04517560695140577,False,False,False,True,0.22707299888134003,0.1825139969587326,False,False
2026-03-04,0.21456700563430786,103520842,0.05025209355107378,0.002164870111250528,-0.031750844676820544,-0.1353996355542383,-0.4559876632612024,-0.5784045432295017,-0.6295722571820082,46.12503107592197,0.0032375513933542398,0.08488576134521467,29.210821830088936,1.2069414646468777,-0.0013292631959160284,-0.18233057103272907,-0.5621032229326023,0.12485184554718876,False,False,False,False,0.22707299888134003,0.1825139969587326,False,False
2026-03-05,0.21442000567913055,76372585,-0.0006853352528360934,0.025128936085989373,-0.009676934458336667,-0.14998193062694315,-0.6357182180147442,-0.5494855726329632,-0.7135558907376444,46.07006646159704,0.003914254551293083,0.08368151850958998,29.136719627497655,1.2052124165149718,-0.0004791829113447709,-0.17043916715851953,-0.5592624003702398,-0.26224919036110617,True,False,False,False,0.22707299888134003,0.1825139969587326,False,False
2026-03-06,0.18904800713062286,107425307,-0.1259357461263886,-0.0761386352445321,-0.17798078281864163,-0.27243528484545393,-0.7720612648634804,-0.6970459151327388,-0.8081852209080019,37.71605711443046,0.0026724137897263453,0.09996360921010525,25.536903018836593,1.2768311965959134,-0.10489566232108204,-0.25729204092318775,-0.6086817692341293,0.40659514143720554,False,False,False,False,0.22707299888134003,0.1825139969587326,False,False
2026-03-07,0.1777220070362091,55154812,-0.0617804175347946,-0.09296355516373095,-0.220044021420415,-0.15361354215851403,-0.8635849880822076,-0.7277591081997166,-0.9926985078401029,34.69185887960042,0.0011834580482779009,0.10383068629219545,27.92726233829665,1.1353633173456048,-0.14785231002478597,-0.2900477451787853,-0.6296457999743647,-0.486575244323016,False,True,True,False,0.22217799723148346,0.1825139969587326,False,True
2026-03-08,0.17745399475097656,62625234,-0.00150918043309942,-0.07023189930129839,-0.17343107401307084,-0.2794305200720646,-0.7862268999418005,-0.7849347531242722,-0.9855019603787057,34.6211151669842,0.0003206665534268814,0.09959643129806398,28.445357573858114,1.0352452429086412,-0.13700038831133043,-0.27952830145930124,-0.627515999002681,0.13544460998253416,False,True,False,False,0.22217799723148346,0.1825139969587326,False,False
2026-03-09,0.17081999778747559,96340810,-0.03810103325419451,-0.16356980228241202,-0.15847674506541823,-0.31379154665929215,-0.7994713932069504,-0.939876462958419,-1.0338817276735046,32.83619672971092,-0.0005114215006242658,0.10040987408946167,30.27111428748295,1.0398442797054965,-0.15707904847564086,-0.29610332485727775,-0.6388683267336502,0.5383704594221557,False,False,False,False,0.22217799723148346,0.1825139969587326,False,False
2026-03-10,0.16393700242042542,114557368,-0.04112813512163682,-0.218887754171876,-0.17164893627533342,-0.32945981784264994,-0.8592163384477625,-0.8713203627294513,-1.110374606782686,31.047678590892716,-0.0012953706654118685,0.10284315948868535,33.749991866311476,1.0441164489855435,-0.17939119736533404,-0.31381237696049613,-0.650581664204142,0.18908454267718944,False,False,False,False,0.22217799723148346,0.1825139969587326,False,False
2026-03-11,0.16587400436401367,81174265,0.01174626786339565,-0.25739357985955424,-0.2552287097483037,-0.31031925751643413,-0.8259409194785536,-0.8876782617732867,-1.0209171260107621,32.16741583840599,-0.001442227361365532,0.0986029772290492,36.34418800225731,1.0470745708792564,-0.15903859640966364,-0.29605884570281277,-0.6436498017035213,-0.29140947965913466,False,False,False,False,0.22217799723148346,0.1825139969587326,False,False
2026-03-12,0.16991500556468964,71761958,0.024069854451035808,-0.23263839015568236,-0.20750945406969318,-0.24304942790579978,-0.7935006114700768,-0.8296476733431682,-0.9663739812686821,34.55515181931179,-0.0010445089245646397,0.09284966553910821,36.202556330107065,1.0467977893621165,-0.12615525537435007,-0.2684633169003349,-0.6322245055068468,-0.1159518598659316,False,False,False,False,0.22217799723148346,0.1825139969587326,False,False
2026-03-13,0.167821004986763,97055085,-0.012400379854135422,-0.11910302388342932,-0.19524165912796143,-0.2115488159922582,-0.7871802248766623,-0.8601437331880472,-0.9690316441549218,33.889442153586145,-0.0007154512362884183,0.09389517629680556,36.21641248619205,1.0389761755752764,-0.1248524715854174,-0.2670369004652327,-0.6343428232759245,0.35245870799679135,False,False,False,False,0.22217799723148346,0.1825139969587326,False,False
2026-03-14,0.16659200191497803,52775580,-0.007350244037168756,-0.06467285038580352,-0.15763640554953448,-0.25887380491643086,-0.9216595031973764,-0.8228561708406932,-0.8847204731360766,33.48174192364657,-0.0003898457446307735,0.09018722094082926,37.13128885223151,1.0250360236887834,-0.12107067833747401,-0.2615695062930126,-0.6344481010502636,-0.4562306549935019,False,False,False,True,0.22217799723148346,0.16225700080394745,False,False
2026-03-15,0.1698870062828064,60273649,0.019585826268156692,-0.04357784368454742,-0.1138097429858459,-0.26310157113401966,-0.8843327948987778,-0.7865038253573994,-0.9148616866695503,35.71467690239959,0.0002061273223558542,0.08428085180242333,38.112387300532724,1.0234567224914328,-0.09647236001288899,-0.2358407836761913,-0.6245527466099773,0.14207459207459205,False,False,False,False,0.22217799723148346,0.16225700080394745,False,False
2026-03-16,0.18979200720787048,184498323,0.11079522649877663,0.1053184160684236,-0.05825138621398834,-0.2971370447976247,-0.709424016829921,-0.6937239285587276,-0.770372290397501,47.237338216879415,0.001999861025137377,0.07890287178034262,38.037261529722926,0.9643440654121005,0.010692354511258701,-0.1363561487659832,-0.5774730414425152,2.061011338470647,False,False,False,False,0.22217799723148346,0.16225700080394745,False,False
2026-03-17,0.18894000351428986,98741552,-0.004499250693032304,0.14194730049702817,-0.07694045367484788,-0.19930277016095346,-0.7200576367088359,-0.6275368220811176,-0.7196608713510214,46.850243912820204,0.003121075774830402,0.07643346643273258,36.05788379646355,0.9048680502778848,0.012941899488519213,-0.1292196604339139,-0.5765194793505085,-0.46481057174703966,True,False,False,False,0.22217799723148346,0.16225700080394745,False,False
2026-03-18,0.1804790049791336,94722490,-0.04581506783838,0.08438596479525277,-0.1730076150643016,-0.2687087841087539,-0.7414044611480045,-0.6015338708629312,-0.8362287919883997,43.075188141572404,0.0032692909058767827,0.08204333934767419,34.646012132308854,0.9080596948928429,-0.0249385352772658,-0.15708998363042376,-0.5926272001953494,-0.040702844127870286,False,False,False,False,0.22217799723148346,0.16225700080394745,False,False
2026-03-19,0.17293299734592438,71700418,-0.04271023420279707,0.017605876141419747,-0.21503251401426252,-0.2863222260872353,-0.7109059165307302,-0.723149511088424,-0.8315809996914991,39.98100823555232,0.002850820250499795,0.08405167258332341,34.05151255213332,0.9140584657168933,-0.05779869000718539,-0.18105670438645474,-0.6069448003542574,-0.24304758035815988,False,True,False,False,0.22217799723148346,0.16225700080394745,False,False
2026-03-20,0.17850500345230103,72385409,0.03171241047210698,0.061718666467662234,-0.057384357415766966,-0.21575628347181214,-0.679940268160504,-0.6622151408241936,-0.7508091896902576,43.22411550722059,0.0029297622407413997,0.07913263633387684,33.78110286864423,0.9187081137594821,-0.023040812900589947,-0.14520708505248545,-0.5915878202925069,0.009553514736831747,False,False,False,False,0.22217799723148346,0.16225700080394745,False,False
2026-03-21,0.1736000031232834,54326816,-0.027862811154435813,0.04120609935039524,-0.02346675103540827,-0.22085984915492793,-0.6410015718586128,-0.6736788893753894,-0.637280569320106,41.117840583340204,0.0026410389759123683,0.07937928716602459,33.97420366206158,0.9199681632335285,-0.04550694194853683,-0.15950444889993887,-0.5998565314787166,-0.24947835826968945,False,False,True,False,0.19359399378299713,0.16225700080394745,False,False
2026-03-22,0.17171800136566162,83384328,-0.010900215843039397,0.01072005723919922,-0.0328577864453482,-0.2741281672318837,-0.6776566748559598,-0.6677633309252452,-0.6603260163108245,40.306268310580684,0.002323906847196881,0.07867557454037363,33.110683685153695,0.9023202359173221,-0.048146182338948636,-0.161932756642981,-0.601231150981402,0.5348649919038142,False,False,False,False,0.19359399378299713,0.16225700080394745,False,False
2026-03-23,0.1864819973707199,101876289,0.08248110120686268,-0.017594068052714757,0.08772434801570889,-0.1719298870919999,-0.5806092748249498,-0.5440467749871366,-0.5852822297183826,48.837592623621816,0.0030626052185372954,0.07585647921229259,31.20270611028276,0.9560542068823404,0.0387504945274317,-0.08458793964046696,-0.5639194715699308,0.22176782428467856,False,False,False,False,0.19359399378299713,0.16225700080394745,False,False
2026-03-24,0.19204199314117432,70177112,0.029379356808913917,0.0162845394492315,0.15823183994625967,-0.09442840244264245,-0.5551380029641741,-0.5215159356764926,-0.672491907226378,51.64059762886075,0.003829995813665988,0.07250991365136118,26.65123167200301,0.9510087554986609,0.07647428885574115,-0.05230436156685968,-0.5476014326048242,-0.3111536286917558,True,False,False,False,0.19359399378299713,0.16225700080394745,False,False
2026-03-25,0.18996800482273102,71767395,-0.010858400079743882,0.051241207207867505,0.13562717200312013,-0.05223144032053932,-0.5645397523113783,-0.4814925665756278,-0.6562775808799526,50.52854279144582,0.004079229890392413,0.0725059389543957,20.39484321740049,0.934381849103052,0.0721966842620878,-0.05703439023357784,-0.5491661637210495,0.02266099237597574,False,False,False,True,0.19359399378299713,0.16783100366592407,False,False
2026-03-26,0.18691399693489075,53041946,-0.016207060685790343,0.0777443807248742,0.095350256866294,-0.040482557094607984,-0.5310001460826476,-0.5194225227304601,-0.7268014438207895,48.86000152541722,0.003918788288124329,0.07094611877586632,20.1153380990153,0.9311261378444319,0.05559529456570372,-0.06650969699669912,-0.5529916156553732,-0.2609186107423852,False,False,False,False,0.19359399378299713,0.16783100366592407,False,False
2026-03-27,0.1702989935874939,75465640,-0.09309292361831607,-0.047060953365549,0.014657713102113423,-0.22890152204928998,-0.655192609447081,-0.6307184488117937,-0.8116639746908009,40.93942370482811,0.002635617760438542,0.08035937503832387,20.426936347058678,0.9167363076971847,-0.03621764752671152,-0.14633964285388246,-0.5892886981127994,0.42275398417697563,False,True,False,False,0.19359399378299713,0.16783100366592407,False,False
2026-03-28,0.17549200356006622,49300238,0.030037800101154193,0.010839657890040974,0.052045757240436454,-0.17521432072056106,-0.6120970229065327,-0.5775675912042209,-0.7761293743909462,43.99526998517565,0.0021017377691529594,0.0772654514676319,20.44263024005019,0.924026242431823,-0.0062768685008451125,-0.11505914100177002,-0.5731647948320168,-0.3467194076668534,False,True,True,False,0.201337993144989,0.16783100366592407,False,False
2026-03-29,0.17103800177574158,37557325,-0.025707713688226594,-0.003967839955146135,0.006752217284053036,-0.17625385961292042,-0.6275034240882991,-0.5252500656376923,-0.7993480696507843,41.98857717160509,0.0014450454025906976,0.07654819340262373,20.425834409191374,0.9242999091747475,-0.03155741956916148,-0.13202630706580393,-0.5803031452062553,-0.2381918115689421,False,False,False,False,0.201337993144989,0.16783100366592407,False,False
2026-03-30,0.17643600702285767,45726895,0.031072479768186823,-0.05537646139382205,-0.0729705294465368,-0.10022588222913778,-0.5153315466316838,-0.45146708719515866,-0.7340860965292599,45.24801269477494,0.001371240039350615,0.07246028749330356,19.271357769791923,0.9218809177461749,-0.004515693780972342,-0.09993073513331785,-0.5631347701964042,0.21752268032933664,False,False,False,False,0.201337993144989,0.16783100366592407,False,False
2026-03-31,0.17825299501419067,51496701,0.010245617289383542,-0.0745102009133523,-0.05822566146412092,-0.06573942864422251,-0.47898203619933205,-0.41403958908141114,-0.6620231828612361,46.340900784007964,0.0014349884677158252,0.06942814181981136,18.28873363298411,0.9198864127322263,0.0022360501043626195,-0.08618856215147987,-0.5543716739903676,0.12617970233929077,False,False,False,False,0.201337993144989,0.16783100366592407,False,False
2026-04-01,0.18108099699020386,49963909,0.015740566875370572,-0.04791123395823783,0.0033299732496297947,-0.1052357314957709,-0.3386928931538421,-0.509015976571653,-0.8017052900822915,48.07805778186417,0.0016428610714483236,0.06739567760594269,17.82106847503596,0.8989295899878215,0.014950630177941494,-0.0682916846420204,-0.5427543782058261,-0.029764858141106965,False,False,False,True,0.201337993144989,0.1685580015182495,False,False
2026-04-02,0.17920200526714325,56835253,-0.010430737767221334,-0.0421349110396688,0.03560946968520544,-0.12985628603081953,-0.3155080151361316,-0.5956068670764989,-0.8014923257085937,46.98956155747753,0.001626037136593113,0.0665151171480193,16.914248674050274,0.8969287639367284,0.0012255603096624588,-0.07528030036990677,-0.543170107083714,0.1375261491249613,False,False,False,False,0.201337993144989,0.1685580015182495,False,False
2026-04-03,0.18164199590682983,47889781,0.013524003840387504,0.06448201641903478,0.017421063053485824,-0.16658437574150575,-0.3019840112957441,-0.6225720390027081,-0.7449889189710075,48.61642937634049,0.0017411809998242253,0.06359383167192037,15.640589369777965,0.8777424298170299,0.010609193380721247,-0.0593720373947957,-0.532793440651081,-0.15739301802703332,False,False,False,False,0.201337993144989,0.1685580015182495,False,False
2026-04-04,0.181550994515419,36591459,-0.0005011186653651721,0.033943097652515464,0.04478275554255654,-0.1664001591540349,-0.3163820897809779,-0.8021183771687789,-0.715885731786998,48.55657671183847,0.0017675131884089257,0.061637554601866526,14.775761385743488,0.8777555225321432,0.00683593304932635,-0.05598474696707009,-0.5282936409631049,-0.2359234426233856,False,False,True,False,0.18751800060272217,0.1685580015182495,False,False
2026-04-05,0.18164899945259094,38310779,0.0005396747862238145,0.06019048612696581,0.05622264617181957,-0.03992473824142248,-0.3123600230868765,-0.8119860031049029,-0.7369706533741613,48.62992588583129,0.0017448329853051447,0.06009693465036888,14.026695026217615,0.7627525549688132,0.009659206852450935,-0.04816895256612965,-0.5232104558930908,0.04698692118289127,False,False,False,False,0.18751800060272217,0.1685580015182495,False,False
2026-04-06,0.1786240041255951,59335484,-0.016793189535904033,0.012324816822874896,-0.04305164457094713,0.005062489757468093,-0.14855105240104616,-0.8585224983247396,-0.7226966184422485,46.429431961386,0.0014893422900647659,0.06182384460291128,13.29308972678856,0.7334573020434401,-0.004299975708158674,-0.058892441858182876,-0.5263206322966415,0.548793460973477,False,False,False,False,0.18751800060272217,0.1685580015182495,False,False
2026-04-07,0.199521005153656,65763723,0.1106364587677888,0.1127156583012802,0.03820545738792769,0.11720812895835603,-0.16222239111370856,-0.6690187709834445,-0.6677266241659162,59.921347575166756,0.0026245751419570955,0.060420027409334755,16.423219942228982,0.8283952540377635,0.10631422757516738,0.055275842417205526,-0.465956604750928,0.1083371798231223,False,False,False,False,0.18751800060272217,0.1685580015182495,True,False
2026-04-08,0.19404099881649017,60875297,-0.02785004893713712,0.0691250424887723,0.021213808530534534,0.1274591132754134,-0.18633243338387875,-0.672012279931537,-0.8124173496830055,55.94238270618323,0.0028826748622247265,0.061092334470491706,17.128863124444415,0.8226040245607954,0.06966866980442257,0.030239405246314268,-0.47567781746683196,-0.07433316997579353,True,False,False,True,0.18751800060272217,0.1743520051240921,False,False
2026-04-09,0.19860200583934784,62208443,0.023233380615038744,0.10278916087103242,0.060654249831363596,0.19182062901208896,-0.13763918883056087,-0.6673957094356735,-0.6794997337173625,58.41732630833215,0.0032116983305390833,0.06109074863069364,18.82613777690782,0.8084306741733542,0.08878052403605079,0.05702447902003708,-0.45837950890843365,0.0218996221077985,False,False,False,False,0.18751800060272217,0.1743520051240921,False,False
2026-04-10,0.19821099936962128,45480862,-0.0019707347851148876,0.08729442224553,0.15177643866456483,0.1781036263635784,-0.13221563115285564,-0.6478372931149752,-0.7095746354097082,58.11592347549163,0.0032445814337678696,0.05927907326590462,19.579260463218652,0.8087034750493582,0.07935544691859699,0.05700174986884573,-0.45500937057860436,-0.26889567064071995,False,False,False,False,0.18751800060272217,0.1743520051240921,False,False
2026-04-11,0.19875399768352509,41287059,0.002735750792133846,0.09053129170302884,0.12447438935554417,0.15676952270467628,-0.08627990520112344,-0.6367310887654003,-0.6728781506384918,58.43663573996465,0.0031423366526321865,0.059123316287604845,19.733661333306223,0.8061022755594072,0.07440342958670886,0.06297212283045417,-0.4490898814522279,-0.09221027956770034,False,False,False,False,0.18751800060272217,0.1743520051240921,False,False
2026-04-12,0.18745699524879456,42054547,-0.05851840703245184,0.03147320988435308,0.0916636960113189,0.11065149552635999,-0.1008973204658982,-0.6765287293503024,-0.7494922376616872,49.879336545829105,0.002197992963579714,0.06259605185607765,19.751024363922394,0.8343499996267341,0.013068312633523618,0.006213945361236751,-0.476042580698621,0.01858906927713111,False,False,True,False,0.20485900342464447,0.1743520051240921,False,False
2026-04-13,0.20156799256801605,57450503,0.07257729613801867,0.12084369555827593,0.13316851238115088,0.1905790357015475,-0.06829476921488326,-0.7310804674958289,-0.6322771351391456,58.12753672186648,0.0023918115658507007,0.059558376959444846,20.95604672558276,0.8669810956760473,0.08653116962526755,0.08306126958201669,-0.4324215394905439,0.36609491953390916,False,False,False,False,0.20485900342464447,0.1743520051240921,False,False
2026-04-14,0.19342899322509766,63961648,-0.04121627152216896,-0.031009034731681658,0.08170662356959849,0.1297769379112218,-0.13332463322279775,-0.754555856987556,-0.6567268874461776,52.73673219902114,0.0018634537217534556,0.062082143145681286,21.169066606219786,0.8811249854509784,0.04168705474886095,0.040080614772895914,-0.4510042569485938,0.11333486497063383,False,False,False,False,0.20485900342464447,0.1743520051240921,False,False
2026-04-15,0.1998489946126938,64644990,0.032651569388618566,0.029492583594074095,0.09861762608284644,0.05163328080106383,-0.245503763996561,-0.6577907360288571,-0.6420906477576638,56.18825692504954,0.0018350212893841577,0.06000720977551648,22.112301826582307,0.8007771966505692,0.07252555518656176,0.07399929392175146,-0.4284317939951097,0.010683620909830216,False,False,False,False,0.20485900342464447,0.1743520051240921,False,False
2026-04-16,0.21853600442409515,162333423,0.08938872649877656,0.09564792947781203,0.19843709034884435,0.1455212579928728,-0.05378151216808069,-0.5745363787159633,-0.4820155640882449,64.34928485974166,0.0029000923299421135,0.059709336099062836,25.010275155245154,0.8566163589145128,0.15782627821979422,0.17386498947988846,-0.37023729072241407,1.5111524187721277,False,False,False,True,0.20485900342464447,0.18608100712299347,True,False
2026-04-17,0.21531899273395538,87672078,-0.014830165247825882,0.08278849901510096,0.17008292126063107,0.17650616058342675,-0.09220262352532704,-0.5648983005645776,-0.4250277102795044,62.20120396704701,0.003190244001267188,0.06100427470795665,26.677924919690504,0.8402111911143837,0.1288721940375949,0.1558124984609298,-0.3748833569161819,-0.4599258958520206,True,False,False,False,0.20485900342464447,0.18608100712299347,False,False
2026-04-18,0.20306000113487244,64233812,-0.058619108224136594,0.021433639998830713,0.11196493170185959,0.16059728656208727,-0.12572493952514813,-0.5503086299686429,-0.5625522245263367,54.70683168834699,0.0023951717491023745,0.06508348391969833,25.253357503398867,0.8535187335851825,0.055738764905528836,0.09011784155303278,-0.40594982468438856,-0.2673401444870509,False,False,False,False,0.20485900342464447,0.18608100712299347,False,False
2026-04-19,0.19447800517082214,71576933,-0.043182434752542735,0.03676961227873979,0.06824282216309295,0.08570244133743736,-0.13005384213437476,-0.5942378268230665,-0.5765126994867563,50.1513208023373,0.0011907793576142094,0.06789423177093529,23.981287584460294,0.8643179032178459,0.00639954293143088,0.04410836261805789,-0.42627520926552526,0.11431862396707837,False,True,True,False,0.22612300515174866,0.18608100712299347,False,False
2026-04-20,0.1994200050830841,53901950,0.025094106180599485,-0.01071357767867937,0.11013011787959649,0.1386593586724727,-0.08220049048245515,-0.50234221318614,-0.5350195307029167,52.59914814980428,0.0006533250672529217,0.06464502171865363,22.903962465922444,0.8603576296177835,0.0263526178048476,0.06960088366343567,-0.40653710260426124,-0.2469368588341163,False,False,False,False,0.22612300515174866,0.18608100712299347,False,False
2026-04-21,0.19660699367523193,51154618,-0.014206398690442526,0.016296295153046887,-0.014712739578634728,0.13535317582506967,-0.13877499140681424,-0.5423034990308903,-0.5324101551001756,51.06212827753953,6.56731346301842e-05,0.06451399524507938,21.9607983269078,0.8611852711564815,0.007848194965878501,0.055030226650953126,-0.4097326203707604,-0.05096906512658628,False,False,False,False,0.22612300515174866,0.18608100712299347,False,False
2026-04-22,0.1898230016231537,70477031,-0.03511471262488893,-0.051469986860460566,-0.021977403266386492,0.017757361993318004,-0.154172525098682,-0.5628519128316319,-0.5262894129938187,47.46024782867501,-0.0007762044124531185,0.06753122745864686,20.77416573943873,0.824067756166075,-0.029569728821247053,0.020183868811380425,-0.4252261571213793,0.37772568255714467,False,False,False,False,0.22612300515174866,0.18608100712299347,False,False
2026-04-23,0.17931999266147614,101790525,-0.056920189211596285,-0.1977789025708334,-0.10213097309302151,-0.06854218402719213,-0.16297058646983456,-0.6236801869913663,-0.5900581197036846,42.465848365397136,-0.001968862881359903,0.07169813990819388,21.13591618705009,0.8409300533931037,-0.08271971817131343,-0.03259832959207437,-0.45218825498004706,0.44430779156971023,False,True,False,False,0.22612300515174866,0.18608100712299347,False,True
2026-04-24,0.17889200150966644,65087902,-0.0023895981286659366,-0.1853383354516734,-0.10254983643657241,-0.06007338207611411,-0.11230482239665346,-0.6246131343874926,-0.5415659486517418,42.27064026399061,-0.002671411372281385,0.0683476311143394,21.547218068398365,0.840361958229324,-0.08428627321574123,-0.031193492691183607,-0.4482364712369634,-0.36057013165026897,False,True,False,False,0.22612300515174866,0.18608100712299347,False,False
2026-04-25,0.17826299369335175,45193405,-0.003522327701382438,-0.13024155492891928,-0.10880791493008857,-0.04738864909170613,-0.08787120618631422,-0.5783887951743538,-0.5668111718221662,41.96532078328814,-0.0030366793982380623,0.06509642707574437,22.06512123042145,0.8388267150717126,-0.08671457578298883,-0.03347089756497075,-0.4453996947871686,-0.30565583447443123,False,False,False,False,0.22612300515174866,0.18608100712299347,False,False
2026-04-26,0.17830100655555725,39571648,0.00021321761211444065,-0.08684590256426201,-0.050076290285522344,0.045917492138724245,-0.18298402991056567,-0.6092751173083567,-0.5848009566730696,41.9925891033644,-0.003121909701438903,0.06183912416599511,22.11827950673742,0.771111321422424,-0.08644423904196707,-0.03332548806941009,-0.4403454224001193,-0.12439330473107746,False,False,False,True,0.22612300515174866,0.17654700577259064,False,False
2026-04-27,0.17750799655914307,57936336,-0.004457511206995859,-0.11639751995185749,-0.12711109763053688,0.011422180830574193,-0.1637921398899867,-0.6006748420759584,-0.5661454103736467,41.55394146800952,-0.0030730683456276307,0.06163453174193318,23.492520257589586,0.7644190148349843,-0.08534930697820498,-0.03763049633395481,-0.4381665521943208,0.46408701502651595,False,False,False,False,0.22612300515174866,0.17654700577259064,False,False
2026-04-28,0.17880000174045563,39804780,0.00725221353537692,-0.09493890772603801,-0.07864261257299099,0.04438210805417781,-0.13187175155874262,-0.5831213160341213,-0.4808679575835146,42.60585729641739,-0.0028026888738810055,0.05839369565781856,24.57035755084685,0.7588864733530983,-0.07506005052793382,-0.031463873829673646,-0.4315399411975006,-0.31295655286174806,False,False,False,False,0.22612300515174866,0.17654700577259064,False,False
2026-04-29,0.1780499964952469,61342326,-0.004203482433814002,-0.0640276775349631,-0.11549766439542365,0.009106145852176867,-0.091119736376961,-0.5062254007795071,-0.44236094134298176,42.13181115160391,-0.002531555781705129,0.06065764311131192,25.493702153064334,0.7515122804208818,-0.07401750249872262,-0.03699894835904345,-0.43119130437075676,0.5410793879529041,False,False,False,False,0.22612300515174866,0.17654700577259064,False,False
2026-04-30,0.1835310012102127,86139409,0.030319207110380473,0.023211718787013776,-0.17456718378381966,0.02917973567317394,-0.03655969297104863,-0.44980230052615805,-0.3848598534082372,46.79106561949579,-0.0018707451529717369,0.05942562151618126,25.721668576456842,0.758087721513288,-0.04185497511983143,-0.009246722342455636,-0.41020121881759913,0.40424099666517366,False,False,False,False,0.22612300515174866,0.17654700577259064,False,False
2026-05-01,0.18822699785232544,58988952,0.025265072700725436,0.05086638961640498,-0.1344719458352685,0.038704241498528615,-0.0665314899972423,-0.2999886516553135,-0.47031173507312424,50.47059232971434,-0.0010461665533995392,0.05877696425115355,25.59443729705909,0.7611447855122591,-0.01463130960434492,0.014098679559174852,-0.39103333604919377,-0.31519205106224957,False,False,False,False,0.22612300515174866,0.17654700577259064,False,False
2026-05-02,0.18937399983406067,50571390,0.0060752249945894435,0.06046394231237674,-0.06977761261654251,0.055210204260339325,-0.07464608177048014,-0.26029781087579223,-0.5403966628161594,51.35542847437385,-0.000386271258093232,0.05740693735917718,25.53799891058836,0.7601224823631813,-0.009123950008167198,0.017914311311465946,-0.3834011022694687,-0.14269726304003505,False,False,False,True,0.22612300515174866,0.17180000245571136,False,False
2026-05-03,0.18785899877548218,34766407,-0.008032219924423135,0.05221850477583915,-0.034627397788422914,0.03365398049552866,-0.13293039524597713,-0.2683300308002154,-0.5889180585071795,50.08274245268643,-3.3191494036730485e-05,0.055576621643190494,25.1609063375936,0.7596708942709027,-0.013512939598461865,0.007467607737062991,-0.38478068441438185,-0.3125281507983071,False,False,False,False,0.22612300515174866,0.17180000245571136,False,False
2026-05-04,0.19081999361515045,61578487,0.015638866942670828,0.07231488292550582,-0.04408263702635159,0.049793966103564846,-0.11660619305047011,-0.26658812367741325,-0.7523244110652142,52.55738748079327,0.000394796465980873,0.05399643551787315,25.137893592744604,0.7613211613568677,0.0027227516180894414,0.021054605061707123,-0.3716664225579842,0.7712065270362853,False,False,True,False,0.19661499559879303,0.17180000245571136,False,False
2026-05-05,0.20010599493980408,45098086,0.04751665899643054,0.11257932838655944,0.01764042066052156,0.09677095031377142,0.056846212072348905,-0.21558907277310502,-0.7152150527911314,59.361555699495156,0.0012500469124315614,0.051465507858228524,25.158022701195055,0.7779043564231588,0.05144792298612962,0.06956231083822738,-0.33774848039658134,-0.2676324444281978,True,False,False,False,0.19661499559879303,0.17180000245571136,True,False
2026-05-06,0.22130799293518066,403863818,0.1007081636431174,0.21749097446349103,0.1534632969285279,0.21427230349279291,0.21933479325026098,0.06572125109174683,-0.6442501948319466,69.95633812737697,0.0030858655261040225,0.06078575355715854,25.84806676677146,0.8449280314284852,0.16200661687728163,0.17880772038459591,-0.26398810810566914,7.955231891659437,True,False,False,False,0.19661499559879303,0.17180000245571136,False,False
2026-05-07,0.21925200521945953,100336392,-0.009333587479898627,0.17783817987321193,0.20104989866022555,0.0943022572451057,0.21151038620346185,-0.06792013386860281,-0.5747165137383388,68.10218987838512,0.003948745000026449,0.06035059859292073,26.7026080744635,0.7592565821159112,0.15002393839163475,0.1630523852694338,-0.267020377299619,-0.751558848482931,True,False,False,False,0.19661499559879303,0.17180000245571136,False,False
2026-05-08,0.22535499930381775,70504999,0.02745515648597035,0.18002826365845684,0.23089465327486175,0.1496074626682132,0.27706657594362655,-0.036724970715665585,-0.5224048172633238,70.59371180342889,0.004668258671261057,0.0582366459070451,30.461035379550783,0.7553385342409228,0.1751641494492965,0.18881485007827886,-0.24261165020962278,-0.2973137901948876,False,False,False,False,0.19661499559879303,0.17180000245571136,False,False
2026-05-09,0.2250179946422577,61703017,-0.0014965583149470442,0.17245648034892044,0.23292042266129717,0.12487752373822732,0.3166981527503163,-0.012761665092333537,-0.542518185697446,70.26732326660215,0.004838569758485357,0.05856355504424959,33.74142452892289,0.7527406060312438,0.1641368796968185,0.18124023388545712,-0.2398893779985659,-0.12484195624199645,True,False,True,False,0.25446999073028564,0.17180000245571136,False,False
2026-05-10,0.23184800148010254,73527589,0.029901615722908073,0.21039031599625171,0.26260882077209075,0.15674987424625034,0.3348535006098288,0.024534243093394657,-0.49108741886872487,72.9926624817468,0.005102077168480844,0.059258375251913596,37.59894098989984,0.7576655609249665,0.18949420845542256,0.20969670542671065,-0.21336614635459306,0.19163685302454492,False,False,False,False,0.25446999073028564,0.17180000245571136,False,False
2026-05-11,0.23083600401878357,57261530,-0.004374471834297451,0.1903769772192832,0.26269186014478924,0.1496396516198192,0.3064091743244956,0.06335974641869566,-0.4870914371455812,71.94045185042441,0.0048980976742874546,0.059685592889038463,40.53998480538497,0.7583651627029284,0.17399381463789007,0.19703185123500244,-0.21287207544877448,-0.22122388645165558,False,False,False,False,0.25446999073028564,0.17180000245571136,False,False
2026-05-12,0.2210730016231537,55120246,-0.04321454802348657,0.09964577019936625,0.21222509858592573,0.1649435106287846,0.27559500615514443,0.06404619016288632,-0.5115852187215179,62.56966675004392,0.003842166941072981,0.06270572450864556,41.473524235180136,0.7439773928720878,0.11547653106598534,0.14230640292423877,-0.24197261466978048,-0.037394809394719286,False,False,False,False,0.25446999073028564,0.17180000245571136,False,False
2026-05-13,0.21606400609016418,61739497,-0.022918282779196254,-0.023980676222947535,0.19351029824054347,0.0694479317115694,0.260026967413117,0.0011531624966863137,-0.6616325357842595,58.368830610470596,0.002602235846253945,0.06562508374350064,40.83906333346411,0.709370538452222,0.08018906074255706,0.1136597783781856,-0.2549132538680232,0.12008747203341574,False,False,True,False,0.24288100004196167,0.17180000245571136,False,False
2026-05-14,0.22020700573921204,54102944,0.018993350848350785,0.004346262105301842,0.18218444197851386,0.1296575540820892,0.2594344919933111,-0.0036670791407085266,-0.6248983029054667,60.71800047568225,0.0018901040562562766,0.065015723210529,40.11862682083808,0.6937840559644382,0.08964820702398808,0.13148696748212718,-0.23604101609674244,-0.12368991279601771,False,False,False,False,0.24288100004196167,0.17180000245571136,False,False
2026-05-15,0.20443600416183472,50714833,-0.07431305070500728,-0.09742194508567566,0.08260631857278118,0.022692933988463403,0.07432621478952728,-0.22281083000809757,-0.6350978020403937,49.31105922954017,0.0002709448055170779,0.07187262293767041,38.38643772773052,0.7377405788079707,0.0051001027860935345,0.048562915015340935,-0.28644554986983173,-0.06262341287749518,False,False,False,False,0.24288100004196167,0.17180000245571136,False,False
2026-05-16,0.1974100023508072,31262220,-0.0349721922377545,-0.13089757900848306,0.04155890134043725,-0.1016679847480677,0.043853273244805084,-0.15544949691614837,-0.6762043634640309,45.23397087574062,-0.0012743747649591863,0.07314493235224574,36.639837068490856,0.674511801631451,-0.0339807108393072,0.009718083472731166,-0.3069060377369213,-0.38356851140572623,False,True,False,False,0.24288100004196167,0.17180000245571136,False,False
2026-05-17,0.19235700368881226,28479550,-0.025929756479024582,-0.1867289512104158,0.02366136478583591,-0.11276757597926633,0.06373858460416046,-0.20497019950459341,-0.677665876543844,42.51164971268521,-0.0025635878394100736,0.07406505379667513,34.94258553341663,0.6779836543427311,-0.06211487506372242,-0.017821617266819058,-0.32052023763425685,-0.08901063328196146,False,True,False,False,0.24288100004196167,0.17180000245571136,False,False
2026-05-18,0.19300200045108795,40727765,0.0033475141759132234,-0.17900696520020512,0.011370012019078201,-0.05080095357921653,0.10979633298287063,-0.1765258931043647,-0.6011095835478596,42.98335348595783,-0.003255219952406051,0.07091048479172876,33.28196023410091,0.6486960180669641,-0.0622168902534893,-0.016733690384772567,-0.31461399949792546,0.4300705242884806,False,True,False,False,0.24288100004196167,0.17180000245571136,False,False
2026-05-19,0.18911799788475037,26535565,-0.02032940620182051,-0.15612182337853908,-0.05647605317917281,-0.027947925028494233,0.05775451630894315,-0.158001767162869,-0.6221857518515607,40.811745970840654,-0.0038176542494470925,0.0693645706641672,31.752039195784526,0.635053896685327,-0.0835532477423485,-0.037764488275839135,-0.3245030068641295,-0.34846498451363583,False,False,False,False,0.24288100004196167,0.17180000245571136,False,False
2026-05-20,0.1940930038690567,29186238,0.02596629789319425,-0.10723724270614851,-0.13121791892909612,-0.02707573331589961,0.11158362535657317,-0.10927622379835478,-0.5294179465020398,44.667921610302585,-0.0036955636874863706,0.06589115112301247,30.540571514141448,0.6355109014557017,-0.06184571967268506,-0.014040827630780546,-0.30248355659863774,0.09989133451652532,False,False,False,False,0.24288100004196167,0.17180000245571136,False,False
2026-05-21,0.19953300058841705,29588723,0.027642193559327177,-0.09858839999517216,-0.0942421378898703,0.01477285893387002,0.1501260347589397,-0.12400213247294409,-0.5275306400970202,48.61054254809243,-0.0031127288347691504,0.062337397320888444,29.526010304705373,0.6412230070253049,-0.03817940820338487,0.01169683486849698,-0.2784483640635201,0.013790232232054,False,False,False,True,0.24288100004196167,0.18753699958324432,False,False
2026-05-22,0.1904509961605072,40210588,-0.04658471566061493,-0.07086006495077993,-0.16828201003645557,0.003302855898144059,0.02106021789146216,-0.15086966920053782,-0.5595490569334879,43.09033207974981,-0.0031913272012958674,0.06608703717450341,29.399019781498403,0.650421686192946,-0.08219616459471929,-0.035452143821085406,-0.30816458172172834,0.35898355599868226,False,False,False,False,0.24288100004196167,0.18753699958324432,False,False
2026-05-23,0.19305899739265442,40220492,0.013600904691951896,-0.022286968021073446,-0.1531845470295565,0.07382394980169221,0.005281765774500241,-0.08914663666814233,-0.549856237189674,45.02110818745731,-0.002927076307831848,0.06700411101755242,28.792903882732418,0.6183175280312683,-0.07079219344579217,-0.023373210197043887,-0.2960100997463517,0.0002463032870845261,False,False,False,False,0.24288100004196167,0.18753699958324432,False,False
2026-05-24,0.18727199733257294,26249431,-0.03043373692577892,-0.02679094846782769,-0.21351989967824342,0.045779811004579264,-0.014293571071534786,-0.06652501139207408,-0.5788333233829133,41.64483637719865,-0.002990864580012923,0.06819176054372184,29.24027902739442,0.62873636086936,-0.09787520063710016,-0.053195910239633507,-0.31398031047647185,-0.3473617627551647,False,False,False,False,0.24288100004196167,0.18753699958324432,False,True
2026-05-25,0.19304899871349335,34698357,0.030381944788531658,0.00024348214479055007,-0.17876348305541445,0.07968408349449341,0.032295434402787086,-0.00818712269182085,-0.49870471167986036,45.998554194756025,-0.0025121132176964102,0.0661376462852458,29.772413830785087,0.6363854878773895,-0.0684629120232134,-0.02511248956446696,-0.28981115964735216,0.3218708245523494,False,False,True,False,0.20390500128269196,0.18753699958324432,False,False
2026-05-26,0.19405899941921234,49350228,0.0052181975180826245,0.025791085864693662,-0.13033073751384538,0.08468906340046144,0.1306065555391857,-0.09829496651010429,-0.5245860539078953,46.746606835512495,-0.0020168986930651036,0.06504151907197533,29.775289062732043,0.6363831275462213,-0.057392225799247694,-0.02153738158406995,-0.2823263833033372,0.42226411469569003,False,False,False,True,0.20390500128269196,0.18058200180530548,False,False
2026-05-27,0.1863970011472702,47984224,-0.04028341968923048,-0.04045863171773107,-0.14769587442387955,0.048863154918226875,0.06028533574880102,-0.11492898497175998,-0.5518116871577315,41.9941259859658,-0.002086155136209052,0.06686059159844465,30.479110003096764,0.6535786605309415,-0.08732648499983675,-0.05892438933779436,-0.30695821428839837,-0.02767979106398455,False,False,False,False,0.20390500128269196,0.18058200180530548,False,False
2026-05-28,0.1838259994983673,53482406,-0.013889158561230889,-0.08198998383828905,-0.1805783838334613,0.027721782821619065,0.07210389087579674,-0.10414996873712361,-0.5553995332125022,40.506016757691384,-0.002175930228617019,0.06854112465659268,30.421145346932445,0.6554466951341259,-0.09066985715235859,-0.07094650072273177,-0.31272898696585805,0.1145831179847776,False,True,False,False,0.20390500128269196,0.18058200180530548,False,False
2026-05-29,0.1874680072069168,44447688,0.019618547326911387,-0.015786720850762777,-0.08664678580154266,0.05154381258234438,0.06064995843452124,-0.039575923794616545,-0.45468158819716253,43.55726473040687,-0.0018724007265746953,0.06666940424633572,29.454917527622786,0.6583616403265352,-0.06396059745875021,-0.051472362469740955,-0.295025139904758,-0.16892878753435292,False,False,True,False,0.19931000471115112,0.18058200180530548,False,False
2026-05-30,0.18980500102043152,29857046,0.012389032102511199,-0.016998593440203588,-0.03928556146127707,0.033613637574474976,0.062793373247649,-0.002946055396573538,-0.41618866295168305,45.48918207300498,-0.001417282400389993,0.06378197610430258,26.218577090524388,0.6514925544620959,-0.04223902438897854,-0.03883032526175251,-0.2825864379429208,-0.32826548818467227,False,False,False,False,0.19931000471115112,0.18058200180530548,False,False
2026-05-31,0.1913750022649765,28539371,0.008237631088579453,0.021672774574154858,-0.005118173893672828,0.016586195962329322,0.0552904374608579,-0.0499452940349131,-0.2834024556929843,46.80642769432565,-0.0009367265913423199,0.06154401259536596,21.750031378855095,0.6462361535881991,-0.024605670729701212,-0.030155056250763475,-0.2731462648829755,-0.04413279867003583,False,False,False,True,0.19931000471115112,0.17282000184059143,False,False
2026-06-01,0.19123800098896027,47289697,-0.0007161350017181414,-0.009425305216094923,-0.009181823071304294,0.009794835966021652,0.06500504022636112,-0.06485124580445839,-0.25050297490977047,46.70037694295586,-0.0005722205140442512,0.062081509183843184,18.59117182787494,0.6459398198864623,-0.01783644056153402,-0.03122060852069683,-0.27018740560401905,0.6569985722530465,False,False,False,False,0.19931000471115112,0.17282000184059143,False,False
2026-06-02,0.17451800405979156,55115981,-0.09149081936336873,-0.1061343220975461,-0.08034323623285247,-0.0736637634729239,-0.04000978297739518,-0.20659415871890094,-0.3419937942731392,35.98464691560365,-0.0013565440066224742,0.07161498747401002,18.00359070201717,0.7207937544382454,-0.0940419652776185,-0.11349171058521838,-0.3310719469661943,0.16549659855084298,False,False,False,False,0.19931000471115112,0.17282000184059143,False,False
2026-06-03,0.18966799974441528,61439704,0.08324726251491171,0.01739636010659606,-0.023062271611134923,-0.006055367900682997,0.043738598202881805,-0.12266156095115319,-0.27264349157809625,47.69578419203921,-0.0007828557708676348,0.06958036467867965,12.429885858733126,0.7784281091255282,-0.007528261154878535,-0.03616520055422977,-0.2697207457508606,0.11473483525585793,False,False,False,False,0.19931000471115112,0.17282000184059143,False,False
2026-06-04,0.16707399487495422,98528103,-0.12683837659496158,-0.09555285792713461,-0.1775428417654237,-0.18041040349207507,-0.08363945317830371,-0.1235641914197262,-0.3959994762651801,36.86433199444803,-0.001795015429982962,0.08482391644910504,15.208903207047367,0.8754310710059393,-0.11712518221556409,-0.14814344977826732,-0.3536911863741541,0.6036552357088178,False,False,True,False,0.19471800327301025,0.17282000184059143,False,True
2026-06-05,0.15246599912643433,97507675,-0.0914951827270014,-0.20666658798104748,-0.2224533088318102,-0.37261374986219403,-0.1583414463694011,-0.15327895661193303,-0.30689249877044716,31.831165133276116,-0.0032343550961941294,0.0967261637976233,22.536661181639726,0.8363600344382274,-0.18463630463787414,-0.21735191198179865,-0.4075011135448678,-0.01035672025472778,False,True,False,False,0.19471800327301025,0.17282000184059143,False,False
2026-06-06,0.15236100554466248,55017209,-0.0006888732580445996,-0.2197444933416032,-0.23674308678180675,-0.36396903564034006,-0.26966677839523434,-0.15245864943687826,-0.4318891695089429,31.797561550974265,-0.003933070885170785,0.09654132393454631,27.81840797593248,0.837304642399785,-0.17638960231437303,-0.2128027448562086,-0.4048548389165254,-0.435765348727677,False,True,False,False,0.19471800327301025,0.17282000184059143,False,False
2026-06-07,0.15836100280284882,50691736,0.03862451326009914,-0.18935761117008348,-0.1676848365959287,-0.35279967886621116,-0.203192216197998,-0.07573310292258463,-0.3895246495818769,35.958286159389004,-0.0037323796227743313,0.0915529012511673,30.46174949985983,0.8448238322463352,-0.13586493917339781,-0.17800611062118057,-0.37851869478007294,-0.07862036403918637,False,False,False,False,0.19471800327301025,0.17282000184059143,False,False
2026-06-08,0.1581999957561493,63232181,-0.001017226135347827,-0.18965870230371326,-0.19908400751980804,-0.352320346686612,-0.22744282294838458,-0.03562219393629562,-0.36508201177894556,35.895003956304635,-0.003363152065954048,0.08921271938949574,32.80281425213538,0.8448987755706984,-0.12939949514443352,-0.1757375705289844,-0.3764587796599844,0.2473863787186139,True,False,False,False,0.19471800327301025,0.17282000184059143,False,False
2026-06-09,0.15493600070476532,57281078,-0.02084789553351336,-0.11901577847385772,-0.22515010057140397,-0.40306985794303324,-0.24631998369678287,-0.06821635733320441,-0.37853561484963866,34.566899235028345,-0.0030980048849868318,0.08824974236485045,34.931332237303316,0.8318579033307908,-0.13807509678468566,-0.18898438831418557,-0.38722975038714924,-0.0941150993985167,False,False,False,True,0.19471800327301025,0.14068500697612762,False,False
2026-06-10,0.1475220024585724,50886732,-0.04903479910826769,-0.25129784009703715,-0.23390147999044117,-0.44773018521700353,-0.29809053359718435,-0.141321010892508,-0.3843704387983078,31.697984540261416,-0.0031697752495272926,0.09108268635084868,37.24185685063397,0.8402784472443855,-0.16727276104050373,-0.22380445386248837,-0.4144117661141772,-0.11163103459749835,False,False,False,False,0.19471800327301025,0.14068500697612762,False,False
2026-06-11,0.15717099606990814,44332482,0.06335702573426523,-0.06110243776781041,-0.1566552956949451,-0.3411586114592518,-0.1762151008304673,-0.06556360530410729,-0.2771124212963655,38.81527143377368,-0.00235281184624973,0.08470351498326983,38.16830250725346,0.8765601363664167,-0.10439411768094829,-0.17018446296316786,-0.37390246106534203,-0.12880076480446812,False,False,False,False,0.19471800327301025,0.14068500697612762,False,False
2026-06-12,0.1571899950504303,44367760,0.00012087365215114405,0.030513618611342105,-0.17615296936970526,-0.31811945502790434,-0.24867152331633488,-0.05809248761478735,-0.3169662925312181,38.828787832721176,-0.0016308351322985876,0.08179689968732419,38.431462442073624,0.87642424965411,-0.09503750260993461,-0.16814026883308175,-0.37108292769286166,0.0007957596418806112,False,False,False,False,0.19471800327301025,0.14068500697612762,False,False
2026-06-13,0.1602720022201538,42454834,0.01941715246948977,0.05061964433887651,-0.16912484900272667,-0.3176956534067654,-0.18803809932467613,-0.05826116141345422,-0.32136273254747383,41.101831529413566,-0.0008070504173347988,0.07727243436624893,38.59158171964046,0.8766056115518741,-0.07006644809564487,-0.15015524101536692,-0.35609943207576017,-0.043115226010959296,False,False,False,True,0.19471800327301025,0.14486099779605865,False,False
2026-06-14,0.16440699994564056,38612643,0.025472674738582286,0.03746780581735959,-0.15188980535272384,-0.21790992796317588,-0.1952169939747124,-0.14358371317364862,-0.4407207579712734,44.102902521143015,0.00010640025275835199,0.07398620685445023,37.45729169703684,0.8541195864574762,-0.03808134964045424,-0.12694645875923588,-0.3365252470418787,-0.0905006718433995,False,False,False,False,0.19471800327301025,0.14486099779605865,False,False
2026-06-15,0.16780699789524078,59416659,0.020469436488826338,0.0589544684415337,-0.1307042338621795,-0.16246829923659517,-0.26413628398466277,-0.11861502599179008,-0.3179177961527434,46.51606144226442,0.00098101873657426,0.07202026269795003,35.62292861107782,0.8533743861401736,-0.01059003355107319,-0.10789711063642854,-0.3198447931540845,0.5387876711780646,True,False,False,False,0.19471800327301025,0.14486099779605865,False,False
2026-06-16,0.1701129972934723,53555411,0.01364840925410255,0.09345077322914963,-0.025565005244708162,-0.12289013350346784,-0.2356577094827343,-0.05915154889930744,-0.32786033300806133,48.151003039633856,0.0017133966402672722,0.06901612322052146,34.61818679054734,0.8525657142341121,0.00784469278099457,-0.09492622145030466,-0.30753369117054485,-0.0986465428828639,True,False,False,False,0.19471800327301025,0.14486099779605865,False,False
2026-06-17,0.1670989990234375,73662161,-0.017876460904560368,0.12460911143285694,-0.12668872866418032,-0.14411410858394155,-0.19491506216315804,-0.0343177756010709,-0.3206400016883062,46.16464797048876,0.0019748134438567124,0.07120757865964186,33.80974461065131,0.8534470787036453,-0.0050820971645916,-0.10985366985507738,-0.316836647811845,0.37543825403561937,False,False,False,False,0.19471800327301025,0.14486099779605865,False,False
2026-06-18,0.16591699421405792,49823809,-0.007098816856419982,0.05415326884217184,-0.00694916892563865,-0.130883519238541,-0.1588314442670352,-0.07312900292959784,-0.2888852864014101,45.37411383221521,0.002039749596604995,0.07073300051293552,32.29575873074924,0.851663627857189,-0.005740855978868075,-0.11500627995366071,-0.31886068941401613,-0.32361733183472585,False,False,False,False,0.19471800327301025,0.14486099779605865,False,False
2026-06-19,0.16207100450992584,39619032,-0.023453089791124374,0.030579305398896296,0.06109292401023832,-0.18030290692285955,-0.20737864023875915,-0.06871928156628644,-0.28957913072121433,42.80558137575142,0.0018034731290815786,0.07044112323208263,30.04140450308609,0.84694495315707,-0.02064976933802784,-0.1335369922192372,-0.3321339063866317,-0.20481727922487825,False,False,False,False,0.19471800327301025,0.14486099779605865,False,False
2026-06-20,0.1622059941291809,35905054,0.0008325575210016225,0.011994710450408128,0.06261435478928465,-0.207112542961185,-0.19233968402731488,-0.0569865082022454,-0.33111467543412915,42.92769924578188,0.0016407347495446707,0.06762697830154764,26.64414760111712,0.8386596039404408,-0.011119044485030675,-0.1303958409379207,-0.32823521447162535,-0.09374227012916414,False,False,True,False,0.1788180023431778,0.14486099779605865,False,False
2026-06-21,0.16027800738811493,36743365,-0.011957242549726034,-0.025435206837900237,0.012032598979459401,-0.17248506985029613,-0.16918221395215213,-0.15142485195883407,-0.3233547390508341,41.56274483637201,0.0013972257354484853,0.06708857203215553,22.1115189104528,0.8266500615002157,-0.013563621151332032,-0.13804291093784535,-0.33291651449473436,0.023347994407695305,False,False,False,False,0.1788180023431778,0.14486099779605865,False,False
2026-06-22,0.16269199550151825,51274994,0.014948961491300301,-0.030955681835426095,0.027998786606107606,-0.17113701305094772,-0.09731306324925539,-0.1658552472764476,-0.26028364971909,43.965193824738975,0.0013897665287827135,0.0666525415192564,21.12240346732672,0.827060498285917,0.004950544010886857,-0.12268594760965564,-0.31975618136833545,0.3954898796013919,False,False,False,False,0.1788180023431778,0.14486099779605865,False,False
2026-06-23,0.15710599720478058,49097919,-0.0349380961392197,-0.07954218722874845,0.013908586000401306,-0.1756413722643886,-0.1298615612598093,-0.18993494333592342,-0.24216638365646273,39.87951188042081,0.0010169417900005705,0.06919980224380211,14.337111091224141,0.8289028000914768,-0.019695517564714795,-0.14971668889970868,-0.34015538400823386,-0.042458805553443835,False,False,False,False,0.1788180023431778,0.14486099779605865,False,False
2026-06-24,0.14929600059986115,55724562,-0.050989802464985266,-0.11265552878917336,0.011953582643683614,-0.2570131195179055,-0.17732903602341218,-0.2247176851151183,-0.2652002422097263,34.98437923156993,0.00029040891045696224,0.07561782704284768,15.037941307955638,0.8327156526844723,-0.06323225410872227,-0.18751714033164044,-0.36991034585463856,0.13496789955598731,False,True,False,False,0.1788180023431778,0.14486099779605865,False,False
2026-06-25,0.14343799650669098,51527052,-0.040028054776168706,-0.14558476670892215,-0.09143149786675031,-0.30225937181215673,-0.2175703084116953,-0.17165281627297102,-0.40055433832226095,31.828540086865573,-0.0004958256239273951,0.08072363354940922,17.072157824063723,0.8382257281437444,-0.09743231392372698,-0.21272438122825887,-0.3917516713684129,-0.07532602948050093,False,True,True,False,0.17221799492835999,0.14486099779605865,False,True
2026-06-26,0.15444999933242798,63390339,0.07396755330890827,-0.04816412360888958,-0.017584818209993282,-0.18800839881401804,-0.13914524389579125,-0.12772306306521697,-0.30293738378577795,42.35543688845248,-0.00020052976842468984,0.07835909738273614,16.843862871650632,0.8800907014587831,-0.02877883089190069,-0.14621036150249367,-0.3417816008042391,0.23023414962687938,False,False,False,False,0.17221799492835999,0.14486099779605865,False,False
2026-06-27,0.16611799597740173,111989173,0.07282793994290787,0.023831258813016537,0.03582596926342465,-0.10129130030987943,-0.07356951748826042,-0.029187409434082656,-0.20544126904700308,50.9909596665008,0.0007994895269628054,0.0801909768024755,17.23603591352391,0.921635963974186,0.04205106530584651,-0.07565675028216208,-0.28794246316492655,0.7666599479772462,True,False,False,False,0.17221799492835999,0.14486099779605865,False,False
2026-06-28,0.17287099361419678,62673807,0.03984725968671672,0.07563576104945924,0.050200554211559154,-0.08106258795007402,-0.02951877536772963,-0.020412629515552776,-0.12063851174469054,55.17623117722533,0.0018733072050703611,0.07681828178019548,18.62877411811549,0.9306452611273072,0.07944523348906397,-0.03246561780580799,-0.2555024213721699,-0.44035833714032335,True,False,False,False,0.17221799492835999,0.14486099779605865,True,False
2026-06-29,0.17563599348068237,72108955,0.01586801978826734,0.07655481934642613,0.04559913751100011,-0.07758360026431804,-0.0439699626898429,-0.014790227016669016,-0.08052965566089158,56.80284978331076,0.0026783146356059665,0.07603163631267365,20.037270285508164,0.9314340862130805,0.08966823752134857,-0.01076583505154466,-0.23987318010388445,0.15054371916484977,False,False,False,True,0.17221799492835999,0.1377509981393814,False,False
2026-06-30,0.16576999425888062,63528039,-0.057812383656497164,0.05368053182914867,-0.025861655399599687,-0.14363361500939476,-0.12704741904706554,-0.08834317754853688,-0.19357890904430783,49.85125978882873,0.002460451916643587,0.07925378264451197,18.479731530392772,0.95007990607462,0.022669345335987977,-0.059440318427095955,-0.27908105524306115,-0.11899931152795096,False,False,False,False,0.17221799492835999,0.1377509981393814,False,False
2026-07-01,0.16779999434947968,78567341,0.012171509555235481,0.11684184384936952,0.004186315060196061,-0.13074597045244113,-0.12095113448641943,-0.06574093022608009,-0.19559721625689958,51.175276542909266,0.002366461745270391,0.07883521558117448,18.44103807238264,0.9518369102947941,0.03180991822848762,-0.04213173565994861,-0.2666032860315468,0.23673486914966801,False,False,False,False,0.17221799492835999,0.1377509981393814,False,False
2026-07-02,0.1722639948129654,69769433,0.026255393334377805,0.18312529195991606,0.03754052525099405,-0.012999757754694509,-0.08666352122761829,-0.05300954073208962,-0.21959391647359544,54.0483543001269,0.002504978179536302,0.07704998580001735,18.775308467479817,0.9035579446939986,0.05437273488094366,-0.01170745842972691,-0.24367022529607166,-0.11197920011064144,False,False,True,False,0.18571700155735016,0.1377509981393814,False,False
2026-07-03,0.18291300535202026,62504571,0.059982505528847,0.16914024417985488,0.12097612057096538,-0.03626451474075922,-0.042319882641442166,0.007474083462122568,-0.1589260756919124,60.082799798529045,0.0031709675311789877,0.07219559901990545,21.213627709558814,0.8797705862691656,0.11184801548330375,0.05389658781717348,-0.1935498197400729,-0.10412671692487452,False,False,False,False,0.18571700155735016,0.1377509981393814,False,False
2026-07-04,0.17560000717639923,49959994,-0.04080193715329978,0.05551036708364745,0.0793416258966639,0.04977192470090264,-0.1306384787911725,-0.03386752847740107,-0.07379226671882348,54.76412603528439,0.002979133716209016,0.0735379400022901,21.936741624216445,0.7693995391966524,0.06377667454438114,0.015134215455838262,-0.2222913801921997,-0.20069855371057588,False,False,False,True,0.18571700155735016,0.16111700236797333,False,False
2026-07-05,0.17780600488185883,39336809,0.012484373679409603,0.02814748107634039,0.1037832421257996,0.15375148110731374,-0.21886226875488038,-0.004589965262087302,0.00047252449538074125,56.02862226362303,0.0028603792354382584,0.07077835366287573,22.84722768701071,0.6926002680993758,0.07388804711040757,0.030222064039332513,-0.2094388339990763,-0.21263383258212565,False,False,False,False,0.18571700155735016,0.16111700236797333,False,False
2026-07-06,0.1713390052318573,53558308,-0.03704901504309437,-0.02476955375502134,0.05178526559140482,0.11739133932226391,-0.2465776963180761,-0.15227543907297048,-0.035067310114614426,51.48504311203011,0.002233644959280942,0.0726607181113956,22.918827467942844,0.7078852430424097,0.034446572663404555,-0.0048243951005344605,-0.23550679077143116,0.3615315873740548,False,False,True,False,0.18356899917125702,0.16111700236797333,False,False
2026-07-07,0.16543899476528168,43214488,-0.035041565532219814,-0.0019987356307439434,0.05168179619840476,0.04372526052994477,-0.30907441833626625,-0.1594669556680532,-0.03200784239263978,47.685680316226694,0.001352466231378859,0.07264913445778921,22.916007646915364,0.7090549648914859,-0.0006735340575657236,-0.03600643103519955,-0.25867368561848586,-0.1931319413600594,False,False,False,False,0.18356899917125702,0.16111700236797333,False,False
2026-07-08,0.15777799487113953,52930681,-0.04741356597100557,-0.061583811156984886,0.05525803269238455,-0.0026710793057127926,-0.35499142599232475,-0.23011390225409745,-0.03829327324200839,43.22517740667547,0.00024253472013471432,0.07618887521439947,23.333340280393365,0.7292732133820924,-0.04460091771188313,-0.07727612115792833,-0.2900060913734938,0.2248364715092772,False,True,False,False,0.18356899917125702,0.16111700236797333,False,True
2026-07-09,0.15796999633312225,41738154,0.0012161691665285809,-0.08662303532483427,0.09650225663508187,0.019392985394329196,-0.38367687254870425,-0.22692699830245391,-0.048823371938875385,43.36815248287092,-0.0004519827453181945,0.07276158696416929,23.62008704010303,0.7254190802719949,-0.04224909301093808,-0.07223332303003356,-0.2862105466117891,-0.21145631963435352,False,True,False,False,0.18356899917125702,0.16111700236797333,False,False
2026-07-10,0.15372100472450256,44415802,-0.02726581662438479,-0.17387135747806604,-0.004731113298211088,0.04116196787821201,-0.4065682173387916,-0.2569285657189724,-0.10015904301429604,40.912715045960326,-0.0011321026242948245,0.07371002829318074,24.386733963918775,0.7104746812608206,-0.06560674331368417,-0.0923034580141025,-0.30255595799078794,0.06415348412390265,False,False,False,False,0.18356899917125702,0.16111700236797333,False,False
2026-07-11,0.15037000179290771,39887388,-0.022040366286590406,-0.1551097866113566,-0.09959941952770925,-0.04423542414264357,-0.38539403560189534,-0.22045052497311085,-0.10979902944675086,39.03559365800165,-0.0017076575367109305,0.07212453927155289,25.514838901767373,0.6784215534372594,-0.08321511135530053,-0.10786771812659747,-0.3151039236181582,-0.10195502042268645,False,True,False,False,0.18356899917125702,0.16111700236797333,False,False
2026-07-12,0.14940999448299408,35041330,-0.006404767519822127,-0.17399892781058843,-0.14585144673424807,-0.050761065314616785,-0.36888052034252117,-0.2994325886309516,-0.10885355292940412,38.49074635566344,-0.002031021762554966,0.06932686501425445,26.779113346338608,0.6786102277588701,-0.08536485246737627,-0.1089483210581285,-0.31676755780424515,-0.12149349062415415,False,False,False,False,0.18356899917125702,0.16111700236797333,False,False
2026-07-13,0.15082299709320068,53626810,0.009412776627146374,-0.12753713614034767,-0.15230668989536894,-0.06076544115696038,-0.3784610945637256,-0.24880354048163636,-0.11902660257041456,39.822132154207864,-0.0020232974059997645,0.06586938003361924,27.473712592736593,0.6755838627234149,-0.07493594541760515,-0.09659390134495083,-0.30782711512380173,0.5303874025329518,False,False,False,False,0.18356899917125702,0.16111700236797333,False,False
2026-07-14,0.15347200632095337,46386998,0.017411236586495352,-0.07508433402163242,-0.07708306965237635,-0.06882687930904714,-0.28673680727222306,-0.26404387328375956,-0.2124105924826958,42.3418357972608,-0.0017249675049287611,0.062425071203300424,26.895889533042975,0.672029861291249,-0.059892364203392286,-0.07634753085054506,-0.29306249883324154,-0.13500359241953797,False,False,False,False,0.18356899917125702,0.16111700236797333,False,False
2026-07-15,0.15261399745941162,48410231,-0.005606340037027166,-0.03327710808765405,-0.09486091924463898,-0.09490265583490053,-0.25737095507149577,-0.3590389398195634,-0.2135176818266907,41.732329383986254,-0.0014800087764574432,0.06060505311147377,25.193002761795658,0.6670494466650185,-0.06776814745039178,-0.07690637644568549,-0.29429438626561477,0.04361638146965241,True,False,False,False,0.18356899917125702,0.16111700236797333,False,False
2026-07-16,0.15106900036334991,53282263,-0.010175152623349807,-0.04466842987753244,-0.1312914652023667,-0.11872621771235299,-0.2416163512158209,-0.3543839271950873,-0.17787776661166055,40.599029547212496,-0.0013218119511424803,0.059756674223866026,25.651017098897842,0.6646640549473213,-0.07625176350839342,-0.08232955521683427,-0.29881874274899534,0.10064054435104852,False,False,False,True,0.18356899917125702,0.14726200699806213,False,False
2026-07-17,0.1552949994802475,45572823,0.027589842048335304,0.0101872287951878,-0.16368412868287835,-0.07325991475945727,-0.21737402334339878,-0.26817497692261527,-0.10757769036052815,44.998807163325296,-0.0008549845718360625,0.05673577219455894,26.058588379777696,0.6715645138894593,-0.04725824615814672,-0.05337745413079763,-0.27695692655887344,-0.14469055115020169,False,False,False,False,0.18356899917125702,0.14726200699806213,False,False
2026-07-18,0.15399600565433502,29858648,-0.008399865771575568,0.023827729310202456,-0.1312820573011542,-0.07456096367461285,-0.20544448291315384,-0.23339240794164806,-0.14768996660421063,43.92189417429245,-0.0005698288625085213,0.055777026432196224,26.010529578392283,0.6716933858121755,-0.04972559502532558,-0.057449419868317565,-0.2809440523726982,-0.3448146058452425,False,False,False,False,0.18356899917125702,0.14726200699806213,False,False
2026-07-19,0.154122993350029,26311624,0.0008242770052756785,0.031056773835300443,-0.142942153975288,-0.050283596878212794,-0.23058650380107232,-0.25766223711697195,-0.11900287844449915,44.06282933285354,-0.00032118820524077753,0.05325974429379361,25.31696473220511,0.6674796840997096,-0.042587066250701085,-0.05253372170383834,-0.2784043085955172,-0.11879385831535305,False,False,False,False,0.18356899917125702,0.14726200699806213,False,False
2026-07-20,0.15250900387763977,40781025,-0.010527305647858892,0.011116691560295008,-0.11642044458005256,-0.061643460047073405,-0.2687560030082584,-0.2539831440743884,-0.11862996824931872,42.5975045040288,-0.00021884167204072168,0.052948245154114656,25.665293653937933,0.6681181220681536,-0.0486948785396404,-0.05795405767226417,-0.28346585835606525,0.5499242844151315,False,False,False,False,0.18356899917125702,0.14726200699806213,False,False
2026-07-21,0.15207600593566895,39943758,-0.002843201206290478,-0.009137746232490893,-0.08422208025412319,-0.05252941870363777,-0.2250144885539339,-0.22171163265578991,-0.20395427066247188,42.19212411414156,-0.00013768773111062175,0.051556027679041376,25.788798309047866,0.6671735994923973,-0.046720836822280114,-0.056061848768426605,-0.28258427542738673,-0.02053079833084137,False,False,True,False,0.15735599398612976,0.14726200699806213,False,False
2026-07-22,0.15273700654506683,39404157,0.004337095979981481,0.000805689784518019,-0.03247141830313615,-0.06314128421495664,-0.23427829726590443,-0.16045434746421208,-0.22899653149140414,43.08260440015646,-3.940870171887691e-06,0.05000362243667034,25.105479193115677,0.664853162365716,-0.03668170701539035,-0.049388649737906826,-0.27629448569747417,-0.013509019356666485,False,False,False,False,0.15735599398612976,0.14726200699806213,False,False
2026-07-23,0.14354699850082397,42196766,-0.0620550336355405,-0.051074191227672705,-0.09574262110520518,-0.09025822171127737,-0.265899593975666,-0.22011978297108667,-0.2801931650472007,35.008271050766496,-0.0004729003938051873,0.054268063266298176,22.378616946896233,0.6880321585616554,-0.083262939244885,-0.10142712342861666,-0.31560126506824354,0.07087092359316305,False,False,False,False,0.15735599398612976,0.14726200699806213,False,True
2026-07-24,0.14388799667358398,40600614,0.0023726987907614298,-0.07629133448524658,-0.06610410569005891,-0.03689572045553058,-0.29390883997343603,-0.21422475647894268,-0.2616134055706489,35.49137805530427,-0.0006857165835213947,0.052868620420142266,20.67932107856378,0.6660196395060782,-0.07168495632187145,-0.09667037694242867,-0.3096098887907635,-0.03782640593831288,False,True,False,False,0.15735599398612976,0.14726200699806213,False,False
2026-07-25,0.15488199889659882,52727520,0.0736283334898241,0.005736864776152983,0.029564594086355526,0.07676066781046224,-0.2254987040016944,-0.14080964060123294,-0.0948921484625086,48.72501553089081,-4.541819960488056e-05,0.052405832805359966,15.791046302830392,0.6998189453495244,0.006688848752127824,-0.027944847428025967,-0.2520756333939675,0.2986877489094131,False,False,False,False,0.15735599398612976,0.14726200699806213,False,False
2026-07-26,0.15346099436283112,46847539,-0.009217103193110901,-0.004304515422233576,0.02675225841306674,-0.006423988691556778,-0.19443238750557487,-0.14556923258734802,-0.13414705175677374,47.37228852281856,0.00030383716192672284,0.052865163806590294,11.929699194589674,0.6514667121713341,0.003281891160665208,-0.03699618084091818,-0.2546894946293143,-0.1115163580612174,True,False,False,False,0.15735599398612976,0.14726200699806213,False,False
2026-07-27,0.1474359929561615,41383405,-0.040052290812667195,-0.03382950058704183,-0.02271280902674666,-0.11930421944713178,-0.22059551975701114,-0.19287373693539211,-0.14849162888121437,42.04268403303181,0.00015785502129470573,0.05565205712874835,9.750196513373364,0.6098271795370749,-0.030401759208770023,-0.07353416671787806,-0.2798847673792007,-0.11663652171782168,False,False,False,True,0.15735599398612976,0.14118899405002594,False,False
2026-07-28,0.14776399731636047,37930478,0.002222252750625594,-0.028764046630125637,-0.03790179286261652,-0.1569292263832227,-0.23799181433329686,-0.18644800175095247,-0.17734185589877552,42.4224629455721,0.00011419443642471296,0.0535484716690423,9.433011859349724,0.5895816418754922,-0.02503430069245871,-0.07025361312330732,-0.2740394421906886,-0.08343747934709578,False,True,False,False,0.15735599398612976,0.14118899405002594,False,False
2026-07-29,0.14405299723148346,43194163,-0.02543512009174993,-0.058536262701857134,-0.057730572917339296,-0.19823236626324,-0.27581596652755797,-0.24220232895308288,-0.21302259327990902,39.285891226195396,-0.00012106431964071813,0.054391676394808484,9.57855716850127,0.5885793161280094,-0.04513587844796654,-0.0923605620435883,-0.28816560586563295,0.13877191318284998,False,False,True,False,0.1609880030155182,0.14118899405002594,False,False
2026-07-30,0.14445999264717102,40948188,0.002821333526991056,0.006340104460674283,-0.04473408676699845,-0.13759864907975175,-0.2812322640891465,-0.26464606812681724,-0.2259418266282886,39.811492194112795,-0.000201003662267483,0.05241623277223368,10.119508412886919,0.5594660294098577,-0.03948993387601474,-0.08944484760690856,-0.28205252047160095,-0.05199718767556627,False,False,False,False,0.1609880030155182,0.14118899405002594,False,False
2026-07-31,0.1432429999113083,47067891,-0.00846011356181045,-0.004492707891897555,-0.08078404237714419,-0.15823027219679758,-0.28897624264923877,-0.27918140668321695,-0.22397120242287769,38.731757907466125,-0.0002825822550483253,0.051779956842424125,10.962979405738622,0.5563073347627551,-0.04531969916006804,-0.09552767271468043,-0.2840893332348825,0.1494499097249431,False,False,False,False,0.1609880030155182,0.14118899405002594,False,False
2026-08-01,0.13549299538135529,45133857,-0.055622543781170264,-0.13374358516289206,-0.12800672038673896,-0.24010820931234575,-0.2531079670670402,-0.32677173053996406,-0.29311775004443535,32.65753775934394,-0.000777189301704677,0.05646391574819497,13.914848736294141,0.5710151467590224,-0.09276416045368599,-0.14211253343110322,-0.3179958583425339,-0.041090305065931254,False,False,False,False,0.1609880030155182,0.14118899405002594,False,True
2026-08-02,0.13920199871063232,38632023,0.02700616196962989,-0.0975203200001512,-0.10182483542238488,-0.273084552871563,-0.3093490676123222,-0.31540443551300523,-0.2656104694094405,37.69365192253491,-0.0007716879800020926,0.05466005305549431,15.136522018225829,0.5318401387558696,-0.06428888608515637,-0.11627069686621093,-0.29449421485211624,-0.14405668897298096,False,False,False,False,0.1609880030155182,0.14118899405002594,False,False
2026-08-03,0.14028300344944,49059087,0.0077357290816556755,-0.049732300105828485,-0.0835618006928703,-0.22454688663660766,-0.17477496193570496,-0.3551853654277802,-0.2584144151140087,39.12260411681422,-0.00061897070765246,0.05350930646487511,15.689320214949662,0.5222902807479164,-0.052823764661205114,-0.10667159326892439,-0.2845640101912649,0.26990727355903665,False,False,False,False,0.1609880030155182,0.14118899405002594,False,False
2026-08-04,0.1400109976530075,37765740,-0.001940861243897409,-0.05389541410035159,-0.08265946073047728,-0.23897212155991468,-0.08522064045260101,-0.45783439031479506,-0.24356208682200212,38.88097028467677,-0.00046692223328612635,0.0515055507366778,16.185646097397193,0.5177525146527602,-0.050620989834710646,-0.10523616395762316,-0.2814036438238869,-0.23019888242110986,False,False,False,False,0.1609880030155182,0.14118899405002594,False,False
2026-08-05,0.14063400030136108,38207905,0.004439798865259338,-0.024020495143342244,-0.08255675784519939,-0.19748330765156097,-0.08009196832929698,-0.444061003969637,-0.3497587467245314,39.79811214119678,-0.0002650820225517589,0.04876104708288765,16.564546320709102,0.5085632766829317,-0.04301087911073421,-0.09785565240790044,-0.2737674291868912,0.01170809839817788,False,False,False,True,0.1609880030155182,0.13544000685214996,False,False
2026-08-06,0.13985900580883026,32570203,-0.0055259592771635885,-0.032367787947496875,-0.02602768348682258,-0.16796770139650474,-0.12424244086655986,-0.47704211973277094,-0.3274346570645578,39.01383047564248,-0.00013122684946504336,0.04759589348145024,16.29835379914071,0.4980879137968376,-0.04325981797074669,-0.0996806780134678,-0.273790521164426,-0.1475532877293324,False,False,False,False,0.1609880030155182,0.13544000685214996,False,False
2026-08-07,0.13757500052452087,38730526,-0.016465587018043192,-0.04037326140372972,-0.04486596929562724,-0.1370197224435423,-0.1396908017492551,-0.4920111484358671,-0.3671336246976397,36.71734335901578,-0.00014300274111776323,0.04693350875153285,16.385412419512875,0.47662295818409356,-0.05356839644700676,-0.11114019131798016,-0.28164495853833776,0.18913984048548915,False,False,False,False,0.1609880030155182,0.13544000685214996,False,False
2026-08-08,0.14201200008392334,38395174,0.03174233490551473,0.04699161728295533,-0.0867519678799368,-0.10649355670455632,-0.0871005713102272,-0.49017042925326054,-0.33342055500701023,43.65592409294601,0.00018380470869895724,0.04539979370982257,15.585627518887524,0.4929006489430125,-0.01895772560430201,-0.08008873320590444,-0.254828250969742,-0.008658596580898514,False,False,False,False,0.1609880030155182,0.13544000685214996,False,False
2026-08-09,0.14176200330257416,31389881,-0.0017619432579507603,0.01822351205537461,-0.0792968079447766,-0.08098968333812219,-0.03982771545991028,-0.4875579006769138,-0.3379182490570946,43.367402006604905,0.00040616576605657755,0.04522776270003335,14.927629356894714,0.485426902013012,-0.017035881003266407,-0.07926948968249857,-0.2522873337644325,-0.18245243529824873,True,False,False,False,0.1609880030155182,0.13544000685214996,False,False
2026-08-10,0.14054599404335022,34508063,-0.008614823463564618,0.0018729595101545176,-0.047859340595674024,-0.06756414051509654,-0.11179956465774005,-0.45295817611699196,-0.28801466548820737,41.91627408760693,0.0004888309205263721,0.0444468144042581,14.259864469314836,0.48093243107908534,-0.021556341994901786,-0.08482161245252004,-0.2549142114241368,0.09933717174652568,False,False,False,True,0.1609880030155182,0.1366650015115738,False,False
2026-08-11,0.14017799496650696,34703232,-0.0026217872504322986,0.001192033503619549,-0.05270338059673203,-0.06378116024570682,-0.11454222556032359,-0.432661680588228,-0.3632137488766584,41.464096503354256,0.0005326078296153721,0.043883841364761055,13.205732120709262,0.48070227616202166,-0.019833332971261317,-0.08453368864596421,-0.25301607387857034,0.005655750657462377,False,False,False,False,0.1609880030155182,0.1366650015115738,False,False
2026-08-12,0.13565300405025482,34848765,-0.03281282323511592,-0.036060588596755816,-0.06008108374009809,-0.10600676010796907,-0.16677220126492934,-0.4844678546716948,-0.35481030058960544,36.28129262253839,0.00028321205329849206,0.04573230696727915,13.976213861865853,0.49041107235541187,-0.04884838488920966,-0.11159585781152365,-0.27328678989542704,0.004193643981056372,False,False,True,False,0.14723800122737885,0.1366650015115738,False,True
2026-08-13,0.13681599497795105,29973752,0.008536736250116738,-0.021997893069475513,-0.05436568101697238,-0.11488126044434782,-0.18370813975339492,-0.4016180677165708,-0.3789251337281074,38.41203868962806,0.0002254832717301621,0.04455171396124393,14.422082445943051,0.48660283078927447,-0.03830955863256109,-0.10251223976729613,-0.26348458286979715,-0.13989055279290386,False,False,False,False,0.14723800122737885,0.1366650015115738,False,False
2026-08-14,0.13600000739097595,29698642,-0.005981980625545862,-0.011514286676978168,-0.051887548080707904,-0.11525690103286658,-0.21015955686776716,-0.37262785610436217,-0.47429584085242993,37.46539410967714,0.00016410617984707714,0.043320244374707655,12.47472131600832,0.48662185966903854,-0.03765895986837109,-0.10699353966589467,-0.26407577483941436,-0.009178363789758448,False,False,False,False,0.14723800122737885,0.1366650015115738,False,True
