Date,Log_Return_1d,Log_Return_7d,Log_Return_14d,Log_Return_30d,Log_Return_60d,Log_Return_90d,Log_Return_120d,RSI_14,MACD_Hist,ATR_14_Pct,BB_Width,Volatility_30d,Close_to_SMA20,Close_to_SMA50,Close_to_SMA200,Volume_Change_1d,Bullish_FVG,Bearish_FVG,Swing_High,Swing_Low,Bullish_BOS,Bearish_BOS,Target_7d,Target_14d,Target_28d,Target_42d,Target_60d,Target_90d,Target_120d,Dist_to_Swing_High,Dist_to_Swing_Low,Fear_Greed_Score,SP500_Return_7d,BTC_Volatility_30d,Sentiment_Score,News_Volume,Sentiment_EMA_7d,Sentiment_EMA_30d,FearGreed_Score,FearGreed_EMA_7d,FearGreed_EMA_30d
2024-07-05,0.1102136330953374,-0.0289221298869037,0.0868441030770811,-0.5684316295146888,-0.5584927570924745,-0.6202513913820626,0.1143007300118202,42.91867948752697,0.0216920874289377,0.144103540945277,46.169330882708415,1.520127904698215,-0.0446945698091946,-0.2564895024138446,0.0390148071233277,0.4857839475769903,False,False,False,False,False,False,-0.1838414340700286,0.3243368651572897,-0.1358372139406166,-0.2747141886843378,-0.2230323634213115,0.0623336085232125,0.1314219792039803,-0.1795984135988868,0.2633434904601045,29.0,0.0177398260022679,0.3585113468062101,-0.3167614,610.0,-0.0709517238796937,0.027951468952688595,-0.42,-0.14884581657069534,0.08986389073616008
2024-07-06,0.0458570602494573,-0.0375340645251223,0.1429600693750554,-0.4728728566203592,-0.4008513513489302,-0.6267949084067993,-0.0707666616582579,45.47212217106324,0.0283435487062708,0.1339340969636774,38.03733625437741,1.5322896182217551,0.0150574720042337,-0.216891078696946,0.0823134097190926,-0.4912388361038066,False,False,False,False,False,False,-0.2030978952528921,0.3136209910298208,-0.2058592399575671,-0.2944761613878768,-0.1863815561722022,0.1379658210508831,0.0348409846938038,-0.1411012717157097,0.3226255718280603,26.0,0.0177398260022679,0.3799612479663769,-0.025462866,303.0,-0.05957950936713722,0.024505382837710768,-0.48,-0.2316343624280215,0.05309847843060138
2024-07-07,-0.1900095103615774,-0.2786375960658833,0.0480896137804236,-0.5413157551588641,-0.5134062764150816,-0.9257535352628912,-0.2714996394074463,38.34094136895932,0.0105530862339912,0.1660682744409819,37.93505431176869,1.6084752231777266,-0.1466996084957912,-0.3478886361325752,-0.1085229705268317,0.1509514594242467,False,False,False,False,False,False,0.0389884345156222,0.6980608719808177,-0.1359586607035278,-0.1636351211240468,-0.0800782321701468,0.3527947664130897,0.1538367588620792,-0.2897326064448183,0.093746895432364,29.0,0.0177398260022679,0.3982400834743003,0.017630959,205.0,-0.04027689229293843,0.02406187161783639,-0.42,-0.2787257718210161,0.022575995951207743
2024-07-08,-0.0028415002698139,-0.3123404917285818,-0.1024568995921364,-0.4906231583490329,-0.6315883069259857,-0.7711262609148486,-0.2528383292366983,38.25333965803596,0.0002742207830214,0.1650394487069876,40.06161703793408,1.6041104103902477,-0.1401695143491372,-0.3452749217477394,-0.1143226597861564,0.4109124193648952,False,True,False,True,False,False,0.3102507655145783,0.6513217495936714,-0.2377522157269469,-0.142425904474556,-0.100687732909494,0.5464084839668474,0.2675134110970432,-0.2917479667557896,0.0963553859960912,28.0,0.0171848122539516,0.4052875305267056,0.03563298,529.0,-0.021299424438507707,0.024808394682800786,-0.44,-0.31904432886576206,-0.007267616690805657
2024-07-09,0.0250617961206583,-0.2578411148207789,-0.1818471671949255,-0.4883958501787687,-0.5598998774661934,-0.7562903413677092,-0.21298181733029,39.57927163025611,-0.0017693457843146,0.1548535623407933,41.38865467830616,1.6048139276430755,-0.1107867888274141,-0.3226496447785219,-0.0954073550307051,-0.3337322105700882,False,False,False,False,False,False,0.2971580575764312,0.5010349487969198,-0.1697003563138322,-0.0894830496439839,-0.1302064720222636,0.4881542937887028,0.4509195368557719,-0.2737736045851979,0.1241792224986228,27.0,0.0170186998752179,0.416324246639037,0.12660208,581.0,0.015675952532268056,0.03137572944162624,-0.46,-0.35428324664932154,-0.03647615754946336
2024-07-10,-0.0310558567712343,-0.0938143737630101,-0.19472208207966,-0.4898187476705483,-0.5982959772244943,-0.7405764363327878,-0.275310292158421,38.47985649273274,-0.0045481444851293,0.1555649515142534,43.37853105155753,1.6049706083130435,-0.1311055771384494,-0.3375446152733568,-0.1263549698741681,-0.2254322398189541,False,False,False,False,False,False,0.3142402880354641,0.5157212973592533,-0.0265785996212379,-0.0536852690774895,-0.0494786331179354,0.4909218890981077,0.424612303730853,-0.2959805744725777,0.0898034213715022,28.0,0.0312670282156934,0.4160943587681485,0.18374205,546.0,0.057692475988251335,0.041205814403856886,-0.44,-0.37571243498699114,-0.06250995383659476
2024-07-11,-0.06673822088251,-0.1095125988196825,-0.314228602288832,-0.5011345350387885,-0.6559031900100389,-0.5492448576400213,-0.5367840362872802,36.2598071561701,-0.0111073718828771,0.1645891570531092,46.262832178723045,1.6089203341413598,-0.1824797229015229,-0.3728051882096992,-0.1857739491413014,0.0966786262673342,False,False,False,False,False,False,0.5769622609396875,0.6297480727730537,0.2407208299659056,0.0495810483691221,0.0816070511285778,0.5042610560360795,0.512093806351538,-0.3414320348214537,0.0194457647522576,29.0,0.0197933872649972,0.4056812541183167,0.098192714,529.0,0.06781753552986858,0.04488238858133194,-0.42,-0.38678432624024334,-0.0855738277826209
2024-07-12,0.0165796100117235,-0.2031466219032964,-0.2320687517902003,-0.5298082899340858,-0.649551162854754,-0.4022741152454984,-0.7020418343376987,37.20489444442973,-0.0112245590147725,0.1540974887276774,48.37857815670096,1.5980949515250156,-0.1649301117524374,-0.3552023726769237,-0.1751483351383727,-0.2119681451033761,False,False,False,False,False,False,0.6226465302710815,0.7022884823616573,0.1620251135046825,0.1710102011739898,0.0507360422484375,0.5502483615432837,0.5802205885146559,-0.3304222177561939,0.0364886699212529,25.0,0.0191190455187774,0.4036862167682098,0.016898206,440.0,0.05508770302335678,0.043076957415040945,-0.5,-0.4150882446801825,-0.11231100018374214
2024-07-13,0.0219802447392439,-0.22702343741351,-0.2645575019386324,-0.3973222087614703,-0.5512268480955385,-0.6435639067813483,-0.5586301589037189,38.53146765672194,-0.0066935213174259,0.1431002917475721,48.120128011831945,1.567744945195666,-0.1467729780350418,-0.3339244453229782,-0.1599720531406858,-0.3058109200874586,False,False,False,False,False,False,0.648409488699607,0.549973321376394,0.1308377236481134,0.227570963726438,-0.0372372333977416,0.7172152125689396,0.7134133042854239,-0.3155417956656348,0.0595231691377973,25.0,0.0191190455187774,0.4107535424062457,0.04546244,316.0,0.05268138744235231,0.043230859562415014,-0.5,-0.4363161835101369,-0.1373231937202749
2024-07-14,0.0752615077457812,0.0382475806938484,-0.2403900153720348,-0.3040394667051963,-0.5711402781374932,-0.4644596396382123,-0.2476599579730057,43.17926199379385,0.0063034711535764,0.1297004271973873,48.7389056033312,1.5976473430394942,-0.0773937955925682,-0.2736506159658678,-0.0979692634586842,0.6216717217362975,False,False,False,True,False,False,0.6343404946297172,0.3951584168627927,-0.0569696607838908,0.1019228552376043,-0.0976395630967556,0.546796169733259,0.8121793701493573,-0.2620403926826104,0.1524471337213211,33.0,0.0191190455187774,0.4227791557359607,0.17408386,228.0,0.08303200526386643,0.05167298854086623,-0.34,-0.41223713763260267,-0.15039911670606362
2024-07-15,0.2291294619870807,0.2702185429507434,-0.0421219487778386,-0.1057753276041376,-0.2676682845562395,-0.2103848522837571,-0.3210860575487896,55.926340255363016,0.0443252467970952,0.1104441842402327,49.9753279394288,1.7987091559932848,0.1560676663567878,-0.0806093875312127,0.1284487768380308,0.8222988224887453,True,False,False,False,False,False,0.2603097002924804,0.0527200178165887,-0.2050269030705432,-0.1851164158568074,-0.2472303308339156,0.2252580186984265,0.512877386716137,-0.0720122312645167,0.4492078341459799,52.0,0.0168696996725965,0.4842560325515562,0.26268762,463.0,0.12794590982310583,0.0652868359576377,0.04,-0.299177853224452,-0.13811530272502726
2024-07-16,0.0150190150550708,0.2601757618851559,0.002334647064377,-0.1653705645286426,-0.234241532154007,-0.0920026398802501,-0.1451392449055053,56.6994008367645,0.0696236299722854,0.1081853162231942,51.67714591598273,1.7780166859955504,0.1672604715636266,-0.0571627063095274,0.1395277111450858,0.1803946209212763,True,False,False,False,False,False,0.1571719730141488,0.0366300437521979,-0.2288555706494735,-0.285803802975979,-0.2901754041439718,0.2808046628108043,0.8927673632624985,-0.0579695795630021,0.471137779284965,65.0,0.01780477528308,0.4837615211911485,0.22317041,628.0,0.1517520360090778,0.07547287328727359,0.3,-0.149383389918339,-0.1098497993234126
2024-07-17,-0.0179728477053162,0.2732587709510739,0.1794443971880639,-0.0634773676830421,-0.1640924004376066,-0.1707328135516931,-0.068699765376669,55.447875074810725,0.0808536484184312,0.1082870194609567,52.18985878567196,1.730420430081582,0.1447994592506438,-0.0610393453297784,0.1134796743336886,-0.3761507209432562,False,False,False,False,False,False,0.1533060667505213,0.0039804489165089,-0.2720378880052368,-0.2700774127093042,-0.3062212702001488,0.1850478180666605,0.6517886395152676,-0.0747493074122785,0.4449334327695527,69.0,0.0027631512830302,0.4863384919718974,0.25028238,534.0,0.1763846212579642,0.08675090578516714,0.38,-0.017037542438754244,-0.0782465864638376
2024-07-18,0.1155033849413028,0.4555003767748867,0.3459877779552043,0.1638727942225926,-0.0387460977586025,-0.1859539594602219,-0.068045455787098,61.60908879984627,0.1019410217942745,0.0991139396202694,57.05813948136211,1.7306768013546905,0.2697231813946377,0.0653630912094569,0.2425356799468861,0.4735133919245997,False,False,False,False,True,False,0.0334730977023584,-0.1913288739246876,-0.3919348515729052,-0.3669333989941394,-0.3804993578769011,0.0837066517917377,0.5900200539154126,0.0385368273504097,0.6218486460184487,61.0,-0.0058247583403852,0.4813662078260745,0.1110373,606.0,0.16004779070271807,0.08831776986592925,0.22,0.04222184317093432,-0.059004871208106144
2024-07-19,0.0451377101702647,0.4840584769334281,0.2809118550301314,0.2264549690629525,-0.1044286216306499,-0.1749029486409616,0.1064929850915794,63.88567993467212,0.1180998079842598,0.0953469464848264,62.73767119006091,1.7340147191118145,0.3127215041886854,0.1226894547714534,0.2920731490456377,-0.0942252717258892,True,False,False,False,False,False,0.0490815162790079,-0.3474750958044592,-0.4523403898225539,-0.3910864132479465,-0.3970896161424835,-0.0015709149678235,0.4181997986928618,0.0864880651045175,0.6967325095255522,60.0,-0.0231469524448972,0.5035195607055888,0.15558898,469.0,0.1589330891493988,0.09265784822873646,0.2,0.08166638237820074,-0.04229487951726059
2024-07-20,0.0377326445806835,0.4998108767748676,0.2727874393613575,0.3031574260830423,-0.0404012560714983,-0.1009909905532954,0.1725345032719822,65.7892363732511,0.1291303529784481,0.0906434041199876,68.68798765916243,1.7287480700577698,0.3477493246891339,0.1727119832184251,0.3332968121153741,-0.3939833504368224,False,False,False,False,False,False,-0.0597158460916571,-0.3954567067173145,-0.4629167443045929,-0.4258622138903374,-0.3884191481190938,0.0062873642854475,0.3674641682556512,0.128267398643062,0.761977914162685,74.0,-0.0231469524448972,0.503814448212213,0.19356453,255.0,0.16759095040887834,0.09916795700025778,0.48,0.18124978678365056,-0.008598435677437333
2024-07-21,0.0666899867467486,0.491239355775835,0.5294869364696837,0.4721785894346448,-0.0708430455526921,-0.0294088412918002,0.2140102192503006,69.06010445627459,0.141461531929157,0.0887748004595411,76.65393265495457,1.6904937554688746,0.4204893527024571,0.2586090461136293,0.4154734917577322,0.2463364227759144,False,False,False,False,False,False,-0.1463477644669843,-0.4911599733827251,-0.5074588357363662,-0.5047148889769908,-0.3731510262052928,-0.0642919233680995,0.2183927664593987,0.2060772696398543,0.8834910185607039,74.0,-0.0231469524448972,0.5038329050576202,0.28116256,210.0,0.19598385280318736,0.1109095442896679,0.48,0.25593734008773794,0.022924044043687652
2024-07-22,-0.0307524091448144,0.2313574846439398,0.5015760275946832,0.4516850863383473,-0.06580406520282,-0.0952216753422489,-0.0288017128699011,65.87611363015844,0.1365431073008087,0.090373226875921,81.92767292204319,1.6959630451516972,0.3590852480720924,0.225510195563498,0.3637082095319482,-0.0019844159199835,True,False,False,False,False,False,-0.1647132307461542,-0.5384014142243243,-0.4806741352880134,-0.4375159492196855,-0.3516520063628958,-0.0011316822390794,0.203147359087638,0.1695519866901046,0.8264506911140347,70.0,-0.0036110852294101,0.5051403843103027,0.18620647,523.0,0.19353950832745193,0.11576741078067292,0.4,0.29195300506580346,0.04725152507312716
2024-07-23,-0.0703593954182643,0.1459790741706045,0.4061548360557604,0.4764647456870286,-0.1175616109214397,-0.1953998631445806,-0.0516722939454956,59.45411179016539,0.1143396523891087,0.0968947059955682,82.99938804442715,1.6778037940069783,0.2438498552769412,0.1495856634552559,0.2633904443419885,0.05701519439098,False,False,False,False,False,False,-0.1041694165370845,-0.4468485598209066,-0.3934072280690094,-0.4152549057532672,-0.303252162448311,-0.0203865980199439,0.1911667596721849,0.0900912002564289,0.7023594066308364,71.0,-0.0106722669483215,0.5095871435013175,0.17155382,380.0,0.1880430863384959,0.11936653398008937,0.42,0.3239647537993526,0.0712998137780867
2024-07-24,-0.021319263299654,0.1426326585762668,0.4158914295273408,0.3074404692846284,-0.2116772534197261,-0.2333294597804164,-0.2643463290775534,57.70114948421075,0.090648821444767,0.0979138492470027,82.11741677996832,1.612992378792863,0.1949571777853326,0.1345801934932043,0.2294242898814157,-0.1492025820885999,False,True,False,False,False,False,-0.1294761400629256,-0.3577833853263833,-0.3756670618990341,-0.3451244905669661,-0.3218480568356477,-0.0326124872194745,0.3077684043858396,0.0670972370265407,0.6664504940637817,69.0,-0.036915725594567,0.480337816762766,0.28842902,276.0,0.21313957021270372,0.13027379126107247,0.38,0.3379735653495144,0.09121595482466176
2024-07-25,0.0057957958827721,0.0329250695177364,0.4884254462926231,0.2087842014439532,-0.1601030410984344,-0.1216216998808191,-0.1931484042835914,58.06037100213622,0.0714266618451595,0.0973636110621113,82.40604964370318,1.5767737387094072,0.1851216539485101,0.1503511569745893,0.2292411756795945,0.3383430965029146,False,False,True,False,False,False,-0.2175208741541807,-0.2387039133877969,-0.3559857097525288,-0.3912321678848097,-0.3079136483297216,-0.0111362637214694,0.2754523701239323,-0.1299814062583258,0.676136944205062,68.0,-0.0484406645857376,0.4737711269727189,-0.023809263,265.0,0.15390236178885533,0.12033294901953942,0.36,0.3434801740121358,0.10855686096500616
2024-07-26,0.0601276756071229,0.0479150349545945,0.5319735118880226,0.287092818937576,-0.2423287243896867,-0.0351302462863255,-0.3371007049961302,61.80623636010153,0.0648684043019537,0.0894836906515449,83.93790839200203,1.5846978026953251,0.2393449725158859,0.2279151320104047,0.2973671193449552,-0.3849333504729688,False,False,False,False,False,False,-0.3780036211962017,-0.3173747425626967,-0.3120965022630021,-0.4411900220965996,-0.2529028625412241,-0.0331286512039571,0.225936056720706,-0.0760645044960033,0.7800107138129526,68.0,-0.0233858026525211,0.4801101552303587,0.13528208,185.0,0.1492472924280959,0.12129740936317028,0.36,0.34761013050910183,0.12477899896726384
2024-07-27,-0.0717555483809816,-0.0615731580070704,0.4382377187677971,0.1625689712299324,-0.4186891293967634,-0.0647347001832525,-0.4558108241445969,55.47493580861343,0.0446970598440958,0.0970900217790966,80.68836581059443,1.60141096895178,0.1319533468769497,0.1468343906908967,0.2006643781910223,0.0860642802776172,False,False,False,False,False,False,-0.3570631911961209,-0.2704147174327383,-0.2080051012514583,-0.4045887379783586,-0.1864600255695625,-0.0719679882658939,0.2739561181494496,-0.1400392825993031,0.6567599122236469,72.0,-0.0233858026525211,0.4792346809871028,0.21493648,280.0,0.16566958930259926,0.12733863972206957,0.44,0.3707075978818264,0.1451158377435694
2024-07-28,-0.0299682417210692,-0.1582313864748884,0.3330079693009466,0.1981809699957714,-0.4203377093656735,-0.1393699675907442,-0.5692638629372377,53.14806335705341,0.0240664108174834,0.0962407012033751,76.55791097613431,1.5862851281635748,0.0800201804485206,0.1160458810389601,0.1589504998616989,-0.445969146915553,False,True,False,True,False,False,-0.4039258547720454,-0.3240693473816087,-0.2101808354384366,-0.350034340221507,-0.0848919530814431,-0.0220018575050309,0.318736358916543,-0.1654284586363896,0.0357340936864878,71.0,-0.0233858026525211,0.4712406727835613,0.14381583,266.0,0.16020614956443,0.12840168427870524,0.42,0.3830306984113698,0.16285029982462945
2024-07-29,-0.0525011995297805,-0.1799801768598545,0.0513773077840854,0.0912107755783148,-0.387815181849291,-0.0893097200415473,-0.6955066980177577,49.39667724412867,0.0009839736686515,0.1028188933038147,72.42683272147605,1.5895403669256267,0.0114811947171121,0.0637286391364421,0.0943858954528839,0.8729895959743683,False,False,False,False,False,True,-0.4473771131464018,-0.2448390042223346,-0.2259256304128088,-0.2708531936665814,-0.0088867352695352,0.0874303256455788,0.317310280347353,-0.2081141366381835,-0.0172404085908659,74.0,-0.0147257109353426,0.4789963339974122,0.1819826,549.0,0.1656502638356722,0.1318585179800403,0.48,0.4072730238085273,0.18331157080368563
2024-07-30,-0.0003831834002414,-0.1100039648418316,0.035975109328773,0.0397335709988898,-0.3680088919854251,-0.1337686205691228,-0.6144627588289051,49.37000521435842,-0.0146095011275545,0.0995168447006203,67.07548594285785,1.5800667265555242,-0.002972437156528,0.0673291776342027,0.0885663079833145,-0.3078920184545206,False,True,True,False,False,False,-0.3825267295063363,-0.25610449552544,-0.3110404224453034,-0.2795465169373881,0.0372975162915413,0.0780395506871219,0.3625841930213915,-0.1504439616636951,-0.017616913612878,67.0,-0.0125323460703042,0.4715107731106718,0.08691907,537.0,0.14596746519929443,0.12895919870972553,0.34,0.3904547678563955,0.1934205017195769
2024-07-31,-0.0499754091448848,-0.1386601106870623,0.0039725478892044,-0.0411032335388794,-0.408779619828032,-0.228147133844541,-0.5687600451024806,45.97001772917494,-0.031720251497057,0.1034358202442053,59.43969645638213,1.5861940474893303,-0.0644866169137582,0.0188207788022437,0.0308406246198673,0.0305770208284268,False,False,False,False,False,False,-0.2622642017876003,-0.2749240159204529,-0.2729713132577184,-0.2906157443525968,0.1264422625060713,0.2000283495708021,0.4155182790101662,-0.1918574258996419,-0.0655053223560656,61.0,-0.0075965826146066,0.4801236754725778,0.14825614,467.0,0.14653963339124826,0.13020416253278258,0.22,0.3478410758922966,0.19513530806024937
2024-08-01,-0.1008321265891857,-0.2452880331590204,-0.2123629636412841,-0.1124977793409207,-0.4862257147899117,-0.4569231596375006,-0.6122906831227175,40.36657848394071,-0.0550173384863005,0.1191867862312309,53.05257988833407,1.6212554908393269,-0.1614059667411332,-0.072848981957135,-0.0716608585258349,1.274539681535979,False,True,False,False,False,False,-0.0270716988273884,-0.2480686785761841,-0.2171519662408443,-0.2070993047981972,0.2536380959489233,0.3117149567196685,0.66932265896,-0.2693705890325478,-0.1551375737885353,52.0,-0.0198253887126506,0.4786782485398354,0.033170953,464.0,0.11819746339168181,0.12394395549150516,0.04,0.27088080691922245,0.18512657850797523
2024-08-02,-0.1694052993526065,-0.47482100811875,-0.4269059731641554,-0.086820480864524,-0.6766216104002831,-0.7144157012155741,-0.7576538553137042,33.84136749152496,-0.0870916996789659,0.1451745927455678,51.85196542827578,1.585188137689782,-0.2929517837444347,-0.2119465070580705,-0.2188416077766495,-0.0971040469255293,False,True,False,False,False,False,0.0974746488879956,-0.1607069605218776,-0.0668347172086147,-0.0146686234687068,0.3849080326962962,0.4335632216903612,0.9161487839360428,-0.3832269857304265,-0.286795278925935,57.0,-0.014957053098311,0.5169345945647026,0.028598065,485.0,0.09579761368294083,0.11779260768926084,0.14,0.23816060518941684,0.1822151863461704
2024-08-03,-0.0386433754132811,-0.4417088351510494,-0.5032819931581201,-0.0744238604519675,-0.7564814531950811,-0.6996535919076352,-0.7012428586293166,32.67340109168178,-0.107236956197061,0.1484367778510458,54.44370495391466,1.5810335443358416,-0.3178527828368886,-0.2364190215060731,-0.2507525912527659,-0.1966549701720912,False,True,False,False,False,False,0.1347698134200521,-0.1115884310302554,-0.0502950037009263,-0.0196604486777402,0.3795950993364738,0.3754614596053752,1.1029733995031965,-0.4066065351744707,-0.3138301923451349,37.0,-0.014957053098311,0.4796510066742694,-0.061960954,288.0,0.05635797170742991,0.10619560369517286,-0.26,0.11362045389206263,0.15368517432383683
2024-08-04,-0.1056496214795454,-0.5173902149095256,-0.6756216013844142,-0.2902871150268505,-0.8587187445415394,-0.8487798721193249,-0.9105385064089132,29.850155070828805,-0.1248119147274303,0.1663696193553352,64.86841798662937,1.566600673585605,-0.3764453298023328,-0.3064880228697088,-0.3274601376460517,0.1643424116738165,False,True,False,False,False,False,0.1339707619089862,-0.0320314077137258,-0.0266388548172546,0.0459814931265573,0.4201395207513179,0.5124976320271799,1.1683255810290245,-0.4661002574951977,-0.3826256854223766,34.0,-0.014957053098311,0.5044936307544852,-0.11444813,179.0,0.013656446247880483,0.09196052409349928,-0.32,0.005215340419046963,0.12312484049649251
2024-08-05,-0.1281904352975443,-0.5930794506772894,-0.7730596275371441,-0.4643346105738521,-0.9372074671942116,-0.8651859619227823,-1.0911295189806516,27.12486940127929,-0.1403851039620227,0.1970053442754313,77.45760235295839,1.6060804951869214,-0.4400268478279532,-0.381943210864332,-0.4096212109023923,1.6399912594251282,False,True,False,False,False,False,0.3665032949996584,0.1250594796327318,0.2185567029740996,0.1917349109749287,0.8104526766423753,0.6463856787086711,1.5994610195767982,-0.530335956561418,-0.4569045575124217,26.0,-0.0402282054709869,0.5570313558656642,-0.32417023,532.0,-0.07080022326887785,0.06511337855074753,-0.48,-0.11608849468571478,0.08421356046446075
2024-08-06,0.1105767692102116,-0.4821194980668364,-0.5921234629086681,-0.1637483310020632,-0.7050640861609273,-0.677154607417145,-1.0895018662649545,32.775358610076324,-0.1330885029449884,0.1744164642892058,85.47818473323933,1.535639167365321,-0.3639225556736539,-0.3035729912744521,-0.3421489079652324,-0.5481259488352166,False,False,False,False,False,False,0.2047412252838458,0.0966124787356507,0.0571157404153379,0.0863526859970827,0.5934810789164394,0.3591248939261146,1.259337096542698,-0.4754218545408415,-0.3934047027708845,17.0,-0.0409567763869584,0.5539260890729599,0.034938853,536.0,-0.044365454143145217,0.06316663498192851,-0.66,-0.2520663710142861,0.036199782369979415
2024-08-07,0.1279745734418938,-0.3041695154800578,-0.4428296261671203,-0.0329322572903554,-0.5235554156393882,-0.664520564216341,-0.804058518205204,39.37717170470404,-0.1086658302934736,0.1601425782364651,89.94909199781777,1.604684040153788,-0.2633584859720816,-0.2048894123076617,-0.2545416985127016,0.6995120616774173,False,False,False,False,False,False,-0.0171603630507404,-0.0278467983606115,0.0197112539136823,0.0068861951806062,0.5981830535735339,0.3099504269377163,1.042745741239484,-0.403804293026649,-0.310589823063113,29.0,-0.0495344713475563,0.5546947904958693,0.09950163,516.0,-0.008398682568861941,0.06551082834786782,-0.42,-0.29404977826071454,0.00676753834610978
2024-08-08,0.1758925009650332,-0.0274448879258386,-0.2727329210848592,0.1178984475540195,-0.3704974026247492,-0.4420014299121741,-0.6383918938136899,48.15517496538881,-0.0671445621649973,0.1389231717595779,90.47452725648532,1.7178833379272946,-0.1087917739366984,-0.0508978424560366,-0.1145043886970424,-0.1788912282682292,True,False,False,True,False,False,-0.2271462136340791,-0.1540554305048912,-0.2003533936129494,-0.0747408748836295,0.3226511582118561,0.2895574161256806,0.8237582452438598,-0.2891499684006908,0.7665876858057751,20.0,-0.0217808173952897,0.682125456190199,0.1324176,396.0,0.026805389155154007,0.06982739454008292,-0.6,-0.3705373336955359,-0.032378754450413424
2024-08-09,-0.0489486446894653,0.0930117667373024,-0.3818092413814475,0.1000056596357884,-0.3898130880347598,-0.4982903175887059,-0.6405707766969992,46.02937771389339,-0.0424723106452312,0.142421321038663,90.52735875195552,1.723593952574146,-0.134841810640748,-0.0950772571467254,-0.1598966420533403,-0.3925772823991916,False,False,False,False,False,False,-0.2352506362415506,0.0077322663382103,-0.1813810406001199,-0.0254342296679144,0.3490342775605442,0.2890352231195591,1.1320846548654016,-0.323107252720909,0.6821978459565208,48.0,-0.0327899996628259,0.6839341360267347,0.17511034,415.0,0.06388162689596755,0.07661984264191037,-0.04,-0.28790300027165194,-0.032870447711677075
2024-08-10,-0.0052253193448771,0.1264298228057065,-0.315279012345343,0.1615185611734214,-0.3396159738653671,-0.4943846288366176,-0.3877262964665998,45.80316105255184,-0.0243272014113572,0.1365213655750847,87.70799546297063,1.7053772996212788,-0.1181678630317263,-0.1002507432744064,-0.1672144358865004,-0.5435484061622138,False,False,False,False,False,False,-0.2170997514533939,0.0855412213931637,-0.1839045054109223,-0.018723853092266,0.2799016304712576,0.286566131861892,1.058835558723055,-0.3266350086352559,0.6734307503951795,40.0,-0.0327899996628259,0.6832263845274321,0.10662708,264.0,0.0745679893880363,0.07855579323689954,-0.2,-0.265927250203739,-0.043652999472214044
2024-08-11,-0.1063540224611248,0.1257254218241269,-0.3916647930853987,0.0385849287005729,-0.4912233612335127,-0.6109662341541809,-0.3636891865449254,41.56641137169279,-0.0222394408058735,0.1524370364786946,86.20169185102665,1.7485815051149676,-0.1851541671801169,-0.1901153475140044,-0.2534313181777685,0.5382218367489566,False,False,False,False,False,False,-0.146390167364858,0.1684914147656946,-0.0384136933860245,0.0398549169719081,0.4915714410941804,0.5204092188886923,0.8828718695717875,-0.3945733022088177,0.5045921100539998,39.0,-0.0327899996628259,0.6960859121688809,0.052019298,192.0,0.06893081656018463,0.07684376129107567,-0.22,-0.25444543765280425,-0.05503022531271636
2024-08-12,0.0583392805308242,0.3122551376524955,-0.2808243130247939,0.0749439644921534,-0.322378244269317,-0.4762828836033851,-0.5686199422891948,44.52482258556249,-0.0123468305814715,0.1412330944120091,84.81569300713656,1.7585680285613294,-0.1180078960040672,-0.1426752073313461,-0.2110126879046929,0.3136576088945237,False,False,True,False,False,False,-0.1766873276123252,0.0250454855524533,-0.0344485342724266,0.0069007829770341,0.5932245027279607,0.5896971094285735,0.6515399431117659,-0.1127291843819041,0.5949798752806406,25.0,-0.0189588428191156,0.6925006807767679,-0.058262374,417.0,0.03713251885711824,0.06812723641732363,-0.5,-0.3158340782396032,-0.08373795271189596
2024-08-13,-0.0154135753637084,0.1862647930785755,-0.2958547049882609,-0.0157311186173361,-0.3197705853225325,-0.5868713967548296,-0.4801907582555484,43.87910200521592,-0.0059911467908683,0.1373153701887165,83.2881706069338,1.7396874154848208,-0.1134448096880538,-0.1546443475883596,-0.2254688316797728,-0.3669043763358267,False,False,False,False,False,False,-0.0897526740837802,-0.0738489836131845,-0.0315125192596855,0.172224015594471,0.5713214026647233,0.8409123874894323,0.7934785981197072,-0.1263003412585004,0.5705840293659199,31.0,0.0163012972084878,0.690365806328052,0.11738033,488.0,0.05719447126194593,0.07130485525984655,-0.38,-0.3318755586797024,-0.10285163318209624
2024-08-14,-0.0755995281488507,-0.0173093085121689,-0.3214788239922267,-0.3204601087532677,-0.4262354363574054,-0.5881283933095073,-0.5308449610370248,40.88579585567732,-0.0083936392263637,0.1454792842586077,81.5315878886762,1.5474771770572326,-0.1574446578913723,-0.2125771919617324,-0.2838742402859427,0.1466162988526997,False,False,False,False,False,False,-0.0108730202854271,0.0026931007309715,-0.0216414952042079,0.2813915592609065,0.6881133731048886,1.084384276135133,0.8689140093208539,-0.1899166459835916,0.4562257928611422,30.0,0.0505447751620794,0.6570300437140894,0.12493329,520.0,0.07412917532179322,0.07476475411413615,-0.4,-0.34890666900977685,-0.12202249555744488
2024-08-15,-0.0644635896937643,-0.2576653991709666,-0.2851102870968052,-0.399942713502103,-0.5653132780307456,-0.63418424565611,-0.491945353382353,38.6297258308485,-0.0145189638638371,0.1520312874820143,75.81367674516338,1.555675589325719,-0.1841052594476529,-0.2578511639556916,-0.3303273774002971,0.1367131952616029,False,True,False,False,False,False,0.0945725885265726,0.041116404456723,0.0544855262850462,0.491957579112152,0.910626572594972,1.823515345465327,0.973926123587132,-0.2404899465568922,0.3653139819224029,29.0,0.0562484155997839,0.6591501186029677,0.045241136,459.0,0.06690716551731204,0.07286000456508664,-0.42,-0.3666800017573326,-0.141246850682771
2024-08-16,-0.059490373430153,-0.2682071279116543,-0.1751953611743519,-0.4414602392269398,-0.5049376069099819,-0.6055526396645465,-0.612193052778633,36.73623070931955,-0.0217895980513119,0.157740652489245,72.40254588349264,1.5639530101089871,-0.207373539491498,-0.2956368616826898,-0.3705437317309307,-0.1401430238052399,False,True,False,False,False,False,0.3177288064492049,0.1118468030804036,0.1740016063328469,0.6272067944476257,0.8427211514429163,1.568492019768172,1.0396013291536417,-0.2843557503599345,0.2864597324110833,27.0,0.0660009333569495,0.6644705703179783,0.044272564,491.0,0.061248515225873705,0.07101565358356872,-0.46,-0.39001000131799946,-0.16181156999356
2024-08-17,0.0182318209676191,-0.2447499875991579,-0.1183201647934515,-0.5387318032006233,-0.3748590089780307,-0.5774779009592259,-0.7246857626608453,37.72301219583005,-0.0222567607294245,0.1482573873636955,67.54203466892702,1.4974039839899358,-0.1693546267255491,-0.2786038572437248,-0.3606046092993965,-0.3111239013090046,False,False,False,False,False,False,0.3865638993069517,0.0689921534907617,0.1034745444154,0.6716232567266018,0.8572911461891667,1.7250272603917152,1.0093809164411796,-0.2711885865651557,0.3101293504099194,25.0,0.0660009333569495,0.6659504466629307,0.10532072,300.0,0.07226656688558036,0.07322888379525463,-0.5,-0.4175075009884996,-0.18363017838107226
2024-08-18,-0.0198850949032902,-0.1582810600413234,-0.0325556382171964,-0.6037546082741784,-0.3772996392112258,-0.7081832299048283,-0.7786575569151399,37.044873563241865,-0.0218053655157169,0.1448319032290098,63.36923362793263,1.4799951096987345,-0.1637652408207206,-0.2877586619474224,-0.374799125081187,0.0420012178068742,False,False,False,False,False,False,0.3688823278411584,0.0055709998645042,0.0805944546775243,0.7614728166553925,0.8260998410194489,1.5938491433704465,0.9741300735325732,-0.2855379288433682,0.2843346192473498,31.0,0.0660009333569495,0.6480415395764539,0.09273749,196.0,0.07738429727634023,0.07448750345031047,-0.38,-0.4081306257413747,-0.1962991991306805
2024-08-19,0.0222011079630753,-0.1944192326090722,0.1178359050434232,-0.6192861448917866,-0.3161287188087443,-0.6596874009632847,-0.7202771354450819,38.37833930991191,-0.0169741912652978,0.1368451887748013,55.78911582301947,1.4733295713143597,-0.1221837710708794,-0.2659408290096171,-0.3624753538579085,0.205680508193716,False,False,False,False,False,False,0.2450257598729007,0.0831042491832425,0.0592639167521727,0.7334309061345129,0.8692809274911284,1.540203503959246,0.9004517851893903,-0.2694986936618737,0.3131671435218643,28.0,0.0528951212022284,0.6512781092855238,-0.04956701,417.0,0.04564647039383822,0.06648398643715057,-0.44,-0.41609796930603105,-0.21202183144483017
2024-08-20,0.0849667275679228,-0.094038929677441,0.0922258634011345,-0.6010094040706124,-0.1288308146359676,-0.6718524496233044,-0.6304182453624126,43.5766416351547,-0.0035526303010161,0.1257905570202515,47.05772321860637,1.4882685813937455,-0.0254871595793126,-0.1948757489703105,-0.3079370590775766,0.6273167542398785,False,False,False,False,False,False,0.0174718343221582,-0.0360170425616995,-0.0093558963968722,0.4848511545848493,0.706693151943657,1.222298431342888,0.4906576842838746,-0.2047172219766363,0.4296199128570501,30.0,0.0462477955302368,0.6478880656241219,0.13901111,416.0,0.06898763150431345,0.07116315601125307,-0.4,-0.41207347697952323,-0.2241494552225831
2024-08-21,0.0075068379544831,-0.0109325635741072,-0.0282418720862762,-0.5627501569713149,-0.1110650706329674,-0.6285542221741349,-0.6579718323135637,44.04685636374147,0.0072488982397265,0.1218861447848782,42.239317521737206,1.4907815306028265,-0.0054204124651067,-0.1833679180578891,-0.3047691424285296,-0.3622320534619482,True,False,False,False,False,False,0.0137152471771757,0.0489203267490088,0.0357279012018331,0.4124427271280431,0.7535070899378451,1.1121176704546674,0.3301289443401926,-0.1987246987246989,0.4403922202752008,26.0,0.0504354771995237,0.6631065627924698,0.07812626,438.0,0.07127228841526531,0.07161238847169617,-0.48,-0.4290551077346424,-0.24065594198241647
2024-08-22,0.0368329308374605,0.0903639569571176,-0.1673014422138489,-0.45555783071559,0.0209069149714387,-0.5731194416370298,-0.6509576938601705,46.45759898764637,0.0188180796758904,0.1145851809740461,42.06466424655822,1.4909702704993126,0.0332641040306023,-0.1510205888821347,-0.2809377498430516,0.0418837677350789,False,False,False,True,False,False,-0.0488374956856978,-0.054729310616286,0.093758572938886,0.2608715078074792,0.5449021233985005,0.8785329525092953,0.2995264775044979,-0.168661114790822,0.2179402886273206,39.0,0.0247553015238162,0.659560811730771,0.17909527,360.0,0.0982280333738269,0.07854676781220041,-0.22,-0.37679133080098176,-0.23932330056419607
2024-08-23,0.1260553231018399,0.2759096534891107,0.0077025255774564,-0.3081832443140959,-0.0007427750294675,-0.519860497733822,-0.5415127040945124,54.32989856292466,0.0403666344812154,0.1050445605300992,44.31580109986527,1.5698686848393502,0.1632102951036468,-0.0381292747805434,-0.1872664410803911,0.6560265878493556,False,False,False,False,False,False,-0.1562400414722492,-0.1876622524209827,-0.0329120115669628,0.2465493163976635,0.3165663765257414,0.7798078709413089,0.0284642828429204,-0.0569749570795597,0.3815643817362394,34.0,0.0323568023642823,0.6942645338865321,0.11954711,404.0,0.10355780161177677,0.08119195094209887,-0.32,-0.3625934981007363,-0.2445282489148931
2024-08-24,0.0691508392604916,0.3268286717819832,0.0820786841828252,-0.2448282009363764,-0.0360439994924232,-0.4049312420348108,-0.3664499008171957,58.319631073383846,0.0614573893442511,0.0995242963867401,47.58056450041009,1.5934080297271476,0.225895507703782,0.0302376154979957,-0.1324893396306668,-0.0760676282695821,True,False,False,False,True,False,-0.2290350599600367,-0.2482132612691431,-0.0960489315657841,0.1435634109527541,0.2631763541676885,0.629265201766774,-0.0277709452599665,0.0105435952716286,0.4804814017401984,56.0,0.0323568023642823,0.6938692020380766,0.22777757,253.0,0.13461274383034977,0.09064908768687113,0.12,-0.24194512357555223,-0.2210102973719968
2024-08-25,-0.032719178900785,0.3139945877844884,0.155713527743165,-0.3376750554442845,-0.0505822365067086,-0.5800037798339712,-0.37280530173061,55.79086641411969,0.0685772628720055,0.0999352320299875,45.11879830778612,1.5761439076979382,0.1632413060193002,-0.001806151918616,-0.1635278432070863,-0.2874969896748971,False,False,False,False,False,False,-0.2654072746702972,-0.177070285273091,-0.1100876704512036,0.3468780384643782,0.3552490273785585,0.7183761320137302,0.0625579850061756,-0.0219854968808945,0.4328251539814276,54.0,0.0323568023642823,0.6838945459130196,0.16536395,162.0,0.1423005460021397,0.09546940154691232,0.08,-0.1614588426816642,-0.2015902781867067
2024-08-26,-0.0726372594578263,0.2191562203635865,0.0247369877545143,-0.3385567665211293,-0.1759877952911969,-0.7572458959178929,-0.4032914667043818,50.79454156788049,0.0619362187230956,0.1066603293224205,43.32976082981534,1.5765728194765916,0.0700163490048468,-0.072787150392181,-0.2247743837768396,0.1688064010700836,False,False,False,False,False,False,-0.1300547473862613,-0.0580403705624979,-0.0177013633357353,0.4291643370264438,0.301955955838768,0.7872602825441488,0.157635871009587,-0.0905070559882276,0.3324386943063451,55.0,0.0131936022633723,0.6878146354493206,0.15897763,338.0,0.14646981644015764,0.09956670646351226,0.1,-0.09609413201124814,-0.18213284088433854
2024-08-27,-0.1168685361000478,0.0173209566956158,-0.0767179729818251,-0.425457060900108,-0.2272760909043366,-0.8457947702657816,-0.5648270284908523,44.51005853378019,0.0429243866791345,0.1231938786624849,43.49462152156792,1.6181252465310614,-0.0471606162790048,-0.1743388059877048,-0.3122757174008272,0.0919288368487916,False,True,True,False,False,False,-0.0525703759844047,0.0457122689544366,0.2656942494839102,0.5601166531578615,0.4966204796107286,1.0180486610402075,0.2566493494825944,-0.2213140200850558,0.1854735699880374,48.0,0.0127997250076994,0.7109083080788801,0.07050015,424.0,0.12747739991084675,0.09769144477702207,-0.04,-0.0820705990084361,-0.17296298018212317
2024-08-28,0.0038079256658826,0.0136220444070153,0.0026894808329083,-0.3691479357044449,-0.2779371601261299,-0.7569631175537358,-0.4584576557459923,44.736662496590185,0.0299128973330037,0.1214552341701929,41.56449107713696,1.6132548473821071,-0.0338281491354985,-0.1701527390579148,-0.3115523862635528,0.0922772928658337,False,True,False,False,False,False,0.0347287659624991,-0.0242692364367914,0.2779499114203155,0.4668563719364372,0.5729696810076659,0.9054913980221674,0.1605819801288601,-0.2183431889943221,0.1899963710012882,30.0,-0.0028695032232136,0.7084936431239357,-0.071610145,431.0,0.07770551361542896,0.08676876154812875,-0.4,-0.16155294925632707,-0.18761052984779267
2024-08-29,-0.0268594673020596,-0.0500703537325046,0.040293603224613,-0.395624219606263,-0.3558906486073732,-0.763633111591688,-0.5293928401753859,43.4055958943088,0.0182161463098868,0.1232669270771076,40.86951935588044,1.6134356037341695,-0.051248961470377,-0.191219976001285,-0.3316068868551564,-0.3208175026859331,False,False,False,False,False,False,-0.006194330520667,0.0128411403096654,0.4330362798295236,0.5788141576251424,0.6012240697921606,1.023861374653221,0.1825330156253543,-0.2390586263630785,0.1584591350360463,29.0,-0.0009223558290404,0.7091138504496303,0.02927598,354.0,0.0655981301732507,0.08305954982545696,-0.42,-0.2261647119422453,-0.20260339888987058
2024-08-30,0.0062384426688522,-0.1698872341654923,0.1060224193236183,-0.3394103677925258,-0.3805136013314054,-0.7481899876205578,-0.567557501637067,43.819401050647,0.0112065535303865,0.1193629184468855,39.90683438908286,1.6092124597338875,-0.0375036025594163,-0.1862189295965879,-0.3291411614259439,-0.0867745937854338,False,False,False,False,False,False,-0.0372406993614168,0.0559023087355575,0.4635170870118099,0.7766056384658777,0.6849831250545549,0.987556722465307,0.2397845728737317,-0.2342966991681672,0.1657087054371869,34.0,0.0048893865290968,0.7052438419657617,-0.032255683,377.0,0.04113467685637225,0.07561985737902341,-0.32,-0.24962353395668396,-0.21017737315504026
2024-08-31,-0.0210743063860894,-0.2601123798120733,0.0667162919699096,-0.2596525475894294,-0.3721503269303501,-0.7458782623793412,-0.7165757072269302,42.69215673983698,0.00479858440786,0.1163404966470558,40.33915636242386,1.5770969443209777,-0.0542636830714732,-0.2027618508485811,-0.3447580635271693,-0.5686005117965423,False,False,False,False,False,False,-0.0248755816420293,0.0322569167715938,0.5637376301294321,0.7621282323383975,0.7006116082329953,1.1642426787700728,0.2086623279913208,-0.2502645187960273,0.1413992551229128,29.0,0.0048893865290968,0.70335447337759,0.0006098981,237.0,0.03100348217348456,0.0707805051690749,-0.42,-0.29221765046751297,-0.22371431682245704
2024-09-01,-0.0810458476342577,-0.3084390485455459,0.0055555392389422,-0.1712930958710806,-0.2581135767356046,-0.8479147062713638,-0.8857087970866547,38.76655125842783,-0.0063847876527977,0.1240773413008749,41.581819059623314,1.4915363773483,-0.1188588803468857,-0.2632460650122477,-0.3970181589080381,0.703430764723044,False,False,False,False,False,False,0.1202530141549638,0.074607814687505,0.7517140180979188,0.9034409144882236,0.7014081032907189,1.2741592549056115,0.3029097019620743,-0.308630367370205,0.0525429347841679,26.0,0.0048893865290968,0.6771257982107405,0.0007014676,132.0,0.023427978535864126,0.06625927694029606,-0.48,-0.33916323785063474,-0.24024887702745984
2024-09-02,0.0964767917439748,-0.1393249973437447,0.0798312230198419,-0.0361729287138246,-0.1105967891657922,-0.7926543819089057,-0.7358265206214599,45.26889454723716,-0.0033735091624041,0.1122352586051074,41.33090104949586,1.5280039568602968,-0.0246796352252649,-0.1870182253718932,-0.3375660597146229,0.2349812204077956,False,False,False,False,False,False,0.0827803549791175,-0.0220111152264868,0.6004284974799746,0.8340791925277288,0.4261267606668639,1.1804366971231095,0.2054425150645819,-0.2386056703125348,0.1591487165106535,26.0,0.0048893865290968,0.6857402120420885,-0.1269567,357.0,-0.014168191417773535,0.05379372995842621,-0.48,-0.374372428387976,-0.255716691412785
2024-09-03,-0.0315461589856983,-0.0540026202293951,-0.0366816635337793,0.0379305337800225,-0.2523565812468279,-0.8207882107615169,-0.8108493383393024,43.58589290924864,-0.0037166942719869,0.1141879838509605,41.72001956577096,1.4855239754163083,-0.0524297181129318,-0.2065662626867684,-0.3596775988050533,0.3286640732097796,False,False,False,False,False,False,0.1037360902040187,0.0276572795806234,0.5403292590677227,0.7201482306753081,0.4562021967685831,1.087620110963082,0.2417342609071566,-0.2622498348229691,0.1231527786941917,26.0,-0.0075156345866437,0.6763918895798785,-0.000115932686,434.0,-0.01065512673476278,0.05031568720719029,-0.48,-0.40077932129098204,-0.27018658228937953
2024-09-04,0.0919498763964159,0.0341393305011381,0.0477613749081535,0.2580708454739828,-0.2062637650998693,-0.6791366217202286,-0.6071151164487997,49.64449495510333,0.0060980968184215,0.1059059151421905,41.24976023076243,1.441884396013447,0.0336586459165366,-0.1248519035612636,-0.2998881635329,0.0691819733512741,False,False,False,False,False,False,-0.0570178430715714,-0.0125771473874129,0.3465681721563394,0.6105377020644694,0.2718996140564726,1.0081889136376638,0.2342345720332661,-0.1911972125419125,0.2313234764660152,27.0,-0.0205374010156891,0.6231443615712402,-0.147113,507.0,-0.044769593897603,0.03757835284633133,-0.46,-0.4155844909682365,-0.2824326092384518
2024-09-05,-0.0672123927839877,-0.00621359498079,-0.0562839487132946,0.0802816834797834,-0.0834666475222798,-0.6247824026811439,-0.5968729239373616,45.73088415729444,0.00577966454203,0.1113477765619906,39.736110069595895,1.4167682042496714,-0.0376865484347971,-0.1761296329454353,-0.3469636828159025,-0.1983329920466635,False,False,False,True,False,False,0.0191541177666106,0.1570850394736997,0.3338734840382354,0.6602344087938925,0.2542770474755094,1.0850436007520583,0.412198243355154,-0.243772148738236,0.102229909107474,29.0,-0.0204012718607573,0.621086278270311,-0.05568907,412.0,-0.04749946301664565,0.03156109973535682,-0.42,-0.4166883682261774,-0.29130792477145495
2024-09-06,-0.0254998081922319,-0.0379518458418743,-0.2078390800073667,-0.0731926981543423,-0.1061249554446977,-0.5967481137937307,-0.7377132623706835,44.36681967919098,0.003445891217707,0.1153880938840639,38.851181825747375,1.3452665747239383,-0.0640494286915504,-0.1886556010313335,-0.3649133401876125,0.4425499399044239,False,False,False,False,False,False,0.0967458928053918,0.1904998768249006,0.5345209798667026,0.7825253355682718,0.4094252435783596,1.197867457202644,0.4556596801409471,-0.2628120255944901,0.0744785882566606,22.0,-0.039406141480905,0.6338504082527157,-0.095345125,436.0,-0.05946087841306369,0.023373601390990713,-0.56,-0.4525162761696331,-0.30864289736684497
2024-09-07,-0.0083126680975086,-0.0251902075532936,-0.285302587365367,-0.2573978672168843,-0.1394994196628647,-0.6278952698416336,-0.6993992971290584,43.91468225631651,0.0016348148664691,0.1113301416788324,37.58200907240386,1.1813844037117809,-0.0743562315241095,-0.1859394234088726,-0.3716154018208742,-0.509980586925385,False,False,True,False,False,False,0.0585899576895322,0.2024035831760454,0.5211274049383772,0.7865999158607347,0.668119490644118,1.3591401492259727,0.4198617799522212,-0.0994905556668537,0.0655838252004353,23.0,-0.039406141480905,0.4791229854462149,-0.1385705,241.0,-0.07923828440989733,0.01292559469477207,-0.54,-0.4743872071272248,-0.323569162052855
2024-09-08,0.0576989252087382,0.1135545652897023,-0.1948844832558436,-0.1507502973186806,-0.050744637682892,-0.5405633853534405,-0.6490406149073865,47.977249069334846,0.0066409285990526,0.1028863127333278,36.10522031231815,1.194016859376993,-0.0237975211175278,-0.1272605100006125,-0.33600629545094,0.0086718557482738,False,False,False,False,False,False,-0.0407454377633521,0.0813953046331735,0.6366866019795416,0.745746753098641,0.49876936318004,1.4789882410545794,0.3287847062240449,-0.0460039054787678,0.1288752317073202,29.0,-0.039406141480905,0.4816097068819001,0.025809811,146.0,-0.05297626045037568,0.013756834484024793,-0.42,-0.4607904053454186,-0.3297905064365418
2024-09-09,0.0624543622504303,0.079532135796158,-0.0597928615475866,-0.083070615723373,0.0784479454500483,-0.4226865895887401,-0.5774552445599908,52.258117705651095,0.0164808611212026,0.0987668701574817,35.971253716364934,1.2169900968957204,0.0352583184934521,-0.058895372798354,-0.295249755776687,0.9002227359435648,False,False,False,True,True,False,-0.0967799884101382,0.0428245605927415,0.5172246159635095,0.4991581171853164,0.3980066094925867,1.2371688851997262,0.1105329672138912,0.0154772112949312,0.186830794365198,26.0,-0.0218987062503515,0.5037269560091899,0.058496512,425.0,-0.025108067219624372,0.016643265321999293,-0.48,-0.46559280400906394,-0.33948144150515197
2024-09-10,-0.0123774242318981,0.0987008705499582,0.0446982503205631,0.0109059825058537,0.0494909112064266,-0.4803173787276591,-0.6000602516483273,51.3338435432244,0.0210385165305242,0.0966374942699475,35.80220397921108,1.1590830494033553,0.0197574644532405,-0.0588834730659003,-0.305899212192443,-0.3987309491316528,True,False,False,False,False,False,-0.0689284434011146,0.2103656876374074,0.4919177095605429,0.4672692240910058,0.5039177538187334,0.8624488707616726,0.0375863405339432,0.00298568498851,0.1722314238188334,33.0,-0.0173966264291213,0.4894332418981488,0.1711163,452.0,0.023948026429735533,0.026609268035277744,-0.34,-0.43419460300679796,-0.3395148968919164
2024-09-11,-0.0654589122841764,-0.0587079181306342,-0.0245685876294961,-0.112892210309147,-0.0379482458169936,-0.435270454578464,-0.589175093912532,46.79883509203221,0.0166430229737077,0.1025898657190453,36.09814991634813,1.1615808080806267,-0.0426192946224868,-0.1082293218595329,-0.3515214177547717,0.4663385298930158,False,False,False,False,False,False,0.0471278224700612,0.3097362091500038,0.5033413178239031,0.610613401590639,0.7796838055259757,0.8489175538551627,-0.0031632727434444,-0.0605659651205146,0.0979559457055124,37.0,-0.016830527858422,0.4879421370242534,-0.0005767445,442.0,0.017816833698212475,0.02485533174291423,-0.26,-0.39064595225509846,-0.3343849035440508
2024-09-12,0.0104685122791693,0.0189729869325229,0.0127593919517329,-0.0870101226662692,-0.1027412412836055,-0.4067807079888016,-0.6738815194210986,47.57472364966965,0.0145308887877554,0.0975205174716474,34.128773843665726,1.1618217325080962,-0.0241671490225862,-0.0889521830583533,-0.3463596839105996,-0.329088364445634,False,True,True,False,False,False,0.135338629656281,0.4148677643479094,0.5587974212248494,0.6549704715911601,1.0082655400634195,0.9565196529298352,-0.0021131451426695,-0.0974135472164247,0.1095102838509351,31.0,0.0120147876707782,0.4844188306690302,0.12737629,500.0,0.04520669731755508,0.03146958699663479,-0.38,-0.3879844641913238,-0.3373278129928218
2024-09-13,0.047874721054728,0.0923475161794828,0.0543956703376085,0.0364641265373095,-0.2839959822159582,-0.3897713098200959,-0.5516642667721977,51.18504326066179,0.0177734298894201,0.0929244559923266,27.191447160648192,1.144273474301957,0.0344238264162174,-0.0343737114635377,-0.3159824076342297,0.1886660822411581,False,False,False,False,False,False,0.0854837794556889,0.3860345553788692,0.6825473566710561,0.4093853394302933,1.0097480659550182,0.8019932114596879,-0.0368942154944574,-0.0531514074696883,0.1639198078170863,32.0,0.0190117589325152,0.493924248882466,0.15997936,424.0,0.07389986256703326,0.0397605399849466,-0.36,-0.3809883481434928,-0.33879053473522036
2024-09-14,-0.0437223902872542,0.0569377939897371,0.0317475864364436,0.0572053259438196,-0.3427373875582834,-0.5081079520869262,-0.5769789197122903,47.931875547551456,0.0148103630655785,0.0941630124134875,19.92202920402559,1.1315053763164509,0.0008788101320606,-0.0634852855597962,-0.34655703701411,-0.3947125719406221,False,False,False,False,False,False,0.1358539483979229,0.5148725135405785,0.7070636231234877,0.5058377254978169,1.6665282864421949,0.8641761066911531,-0.0128530778655833,-0.0936579178066169,0.1141269157975636,50.0,0.0190117589325152,0.4894724444574693,0.08883606,200.0,0.07763391166884145,0.04292670250038657,0.0,-0.2857412611076196,-0.3169330808813352
2024-09-15,-0.0408376626018822,-0.0415987938208831,0.0719557714688192,0.0758580367720903,-0.3656022024548493,-0.4290795701378914,-0.5296946028924558,45.16409316539937,0.0085469648298437,0.0959182846250417,16.21045495533757,1.1205844105636105,-0.0308825786857244,-0.0902836707299193,-0.3735317907796305,-0.0169623146777296,False,False,False,False,False,False,0.1273288105210946,0.6300961096279721,0.7712889190571748,0.6549168343949742,1.380858000636303,0.8906039439679395,-0.0089466810244317,-0.1299252336036112,0.0695450813147419,51.0,0.0190117589325152,0.4858896060767398,0.19045793,199.0,0.10583991505174667,0.05244484590039146,0.02,-0.2093059458307147,-0.2951954627599588
2024-09-16,0.0022640460009943,-0.1017891100703191,-0.0222569742741611,0.0598902618054656,-0.4788415413951575,-0.3149687471725649,-0.5175876391537603,45.34889627244775,0.0047422563592288,0.0917391848769239,16.36402449880114,1.1191513236659774,-0.0265240521073333,-0.0781307243063038,-0.3729463991609629,0.2158364592630934,False,True,False,False,False,False,0.1545631708902747,0.6364485551904904,0.8753579116111047,0.6362880203611939,1.5666156672029163,0.8925713575339194,0.0273485711728003,-0.1279531126643307,0.071969323841739,39.0,0.0232901808144999,0.4881118659248635,0.010538437,415.0,0.08201454563974463,0.04974120664254288,-0.22,-0.21197945937303603,-0.29034414258189695
2024-09-17,0.0179925411141334,-0.0714191447242875,0.0272817258256706,0.0977678978228895,-0.505986710451289,-0.2795317413883363,-0.6104153320819388,46.89616757669828,0.0041962499375778,0.0876932685872941,16.279305928794997,1.1176278723631847,-0.0073252153208918,-0.0526559670117445,-0.361952341774178,0.1243352549808185,False,False,False,False,False,False,0.2999706403434303,0.4988744688271128,0.6738539830879058,0.701760569670543,1.35225638281264,0.7902583416764986,0.1533786518014634,-0.1121207682534113,0.0914313364691289,33.0,0.0409656404158207,0.5005318093672116,0.1381253,404.0,0.09604223433166088,0.05544340624027623,-0.34,-0.24398459452977705,-0.2935477462862907
2024-09-18,0.0520112413754307,0.0460510089353197,-0.0126569091953145,0.1275780312352449,-0.4917081136565415,-0.1885506875734992,-0.5321093697280398,51.33827122056388,0.0091943967005662,0.0845516933501869,16.710502300841647,1.1287683443170522,0.0430975883526442,0.006259369081152,-0.3282080605843628,0.2984300172250105,False,False,False,False,False,False,0.2507892360843567,0.3637198780578174,0.6310516794331881,0.5964943650221041,1.2359499386712962,0.6728246559454187,0.0914057600685437,-0.0647190412114451,0.1497002185946701,45.0,0.0265514472716892,0.5027908664728655,0.16279939,422.0,0.11273152279130624,0.06236959862285469,-0.1,-0.20798844589733279,-0.2810607949129817
2024-09-19,0.0913484618991437,0.1269309585552941,0.1459039454878169,0.1339597655664659,-0.4670496385041465,0.0051289509304983,-0.5378926840568385,58.409263171882415,0.0220242725220171,0.0804542325137975,20.69411255462977,1.1347156885167091,0.1347695530526539,0.1080968607358563,-0.2641971943334905,0.6239799511900537,True,False,False,False,True,False,0.2462077193447163,0.1527877714545059,0.4348421698970806,0.3443143987817539,0.9436783298594372,0.3037668556649274,0.0585577637206786,0.0247412664496278,0.259669885256872,49.0,0.0389231041866208,0.5061268465657695,0.17536815,414.0,0.12839067837053542,0.06965982742836233,-0.02,-0.1609913344229996,-0.2642181629831119
2024-09-20,0.0029695297997119,0.082025767300278,0.1743732834797609,0.1294224574116947,-0.4333276995596202,0.0183573867787272,-0.4991317647624401,58.6298002524269,0.0295074630914066,0.0812328837843903,23.54864421785851,1.1346729857565834,0.1287838601702209,0.1140557213130626,-0.26245345794734,-0.1513390480777766,True,False,False,False,False,False,0.2768818674323168,0.288971977014661,0.4972914909679126,0.237257715206413,0.8557123194570542,0.168654901668974,-0.0026690889917977,0.0277887887921023,0.2634160719726299,54.0,0.0263716349067616,0.4912899713678911,0.15158726,411.0,0.13418982446531955,0.07494546841683392,0.08,-0.10074350081724968,-0.24201053956484664
2024-09-21,0.0016365878949157,0.127384745482448,0.1843225394721852,0.0942261144691499,-0.36133171624644,0.1151330294405886,-0.4788933271678798,58.759889455181074,0.0330294407526956,0.0799243884814875,23.58135672792044,1.1286025384537968,0.1171485217203732,0.1142251765010392,-0.2616209645249375,-0.4221807662918033,False,False,False,True,False,False,0.3336860039772245,0.2650722488038918,0.4858571122530965,0.2221165892439162,0.7096095538062103,0.1826691027155818,-0.1360929308806177,0.0294722326585489,0.2245640627641666,54.0,0.0263716349067616,0.4886683847573921,0.23306395,227.0,0.15890835613266008,0.08514666085024346,0.08,-0.055557625612937256,-0.22123566604453396
2024-09-22,-0.0483714582405499,0.1198509498437802,0.078252156022897,-0.08020066687324,-0.3883839111873359,-0.0809434419027075,-0.6000611646070619,53.52575463652052,0.0282603264867498,0.0842897788432791,23.90759298756324,1.0508211604783868,0.0592706095851992,0.0603180754062046,-0.29626656976311,-0.0693491866595737,False,False,False,False,False,False,0.445981061084103,0.5134951991813315,0.6143465258440586,0.2282437823835107,0.9284297826879452,0.1143456469917413,-0.1789304648531139,-0.0191396485339397,0.1667399070043219,52.0,0.0263716349067616,0.4417734930255979,0.19493285,132.0,0.16791447915327085,0.09222964068023441,0.04,-0.03166821920970294,-0.20438175210617693
2024-09-23,0.0261351615712503,0.1437220654140361,0.0419329553437169,-0.1232163445624812,-0.3680445454988578,-0.1592603440549046,-0.5281475865972923,55.79160311376645,0.0267079905961431,0.0806094577414848,24.046602350154703,1.0241903342741838,0.0789969747481414,0.0842923417167332,-0.277670661331767,0.619631369537452,False,False,True,False,False,False,0.417374636962166,0.4549183758206837,0.4375937946198687,0.1032778167359123,0.8429092945493879,0.099716583566888,-0.1648146217618724,-0.0832844618235858,0.1976348060397069,50.0,0.0217096171756719,0.4420468926773741,0.22266008,377.0,0.18160087926455984,0.10064450770721457,0.0,-0.023751164407277203,-0.19119583261545584
2024-09-24,0.1366121555613507,0.2623416798612533,0.1909225351369657,0.0461149898996545,-0.29156006554463,-0.0044672466070541,-0.5338887899343169,65.93963976361954,0.0405859133823817,0.0771505884250953,31.367505065628947,1.1295415031279,0.223373317882474,0.2318060095045204,-0.1716503488192599,0.921075744509696,False,False,False,False,True,False,0.1530064005377348,0.2326173195414317,0.2122528249747936,0.0542148399865566,0.6409326113745846,0.0146707793420217,-0.2897065909854737,0.0509075156805337,0.3729487134159591,54.0,0.0188245060446614,0.4453403318246576,0.22642928,351.0,0.19280798035315164,0.10875965454022828,0.08,0.002186626694542098,-0.17369932728542645
2024-09-25,0.0134443024537833,0.2237747409396058,0.2698257498749256,0.1321965518112643,-0.2063602147098651,-0.0437912434799327,-0.6250493441066287,66.80935390872878,0.0487798567828744,0.0763889530062245,36.57170126710868,1.097858053383868,0.2215327214444589,0.2391543487537922,-0.160157764662522,-0.1925638795506513,True,False,False,False,False,False,0.0902875070519429,0.1478199253569889,0.2297235048849258,0.2208584241022294,0.565941635555587,0.0142843921121991,-0.2984888651515232,0.0651316366149788,0.3915316888396081,59.0,0.0157056819711389,0.4426242470885494,0.21164493,395.0,0.1975172184217832,0.11539741441683794,0.18,0.04663997002090657,-0.15088001584765703
2024-09-26,0.0876788363748024,0.2201051154152646,0.3470360739705588,0.3367439242861147,-0.0887131366139934,0.109467833381778,-0.5090508459796669,72.0781063601102,0.062973055125171,0.0745506353441516,44.58695999312124,1.0439835299385378,0.3052771342733755,0.3428032107251024,-0.0833313016359385,0.1664753748077427,False,False,False,False,False,False,-0.0749633840651642,0.1017265786271376,0.1696997509544011,0.0645175957914006,0.4410717547038556,-0.1026371573354939,-0.4198001673408433,0.1627376065827977,0.5190481342827206,50.0,0.0194717090354417,0.4084091669608684,0.2068341,346.0,0.19984643700039845,0.12129655495357385,0.0,0.034979977515679925,-0.14114582127684047
2024-09-27,0.0272854792718761,0.2444210648874287,0.3264468321877068,0.3602214778921081,-0.0089264578123368,0.082284317765978,-0.3967416396616278,73.56711331991237,0.072109768207426,0.074489207928437,50.85840575664633,1.0450954743135752,0.310822526477389,0.3740274858320717,-0.0582941605741624,-0.0817815311218127,True,False,False,False,False,False,0.0094684636775805,0.2139288664496072,0.0168471875111665,0.0284919905917566,0.3291218342291063,-0.1904687411324784,-0.4365769632561434,0.1949002506323575,0.5610667325980097,61.0,0.0211183648436828,0.406967326882621,0.23074967,367.0,0.20757224442300543,0.1283580460333966,0.22,0.08123498313675995,-0.11784609087188302
2024-09-28,0.0451620634674394,0.2879465404599524,0.4153312859424005,0.4322430086616071,0.0366187890553442,0.0763523600542339,-0.3313901029300808,75.93876977963242,0.0802252315200266,0.0706672651458846,58.08381721752453,1.0415711199996531,0.3401919824488791,0.4279838934200874,-0.0152007492011134,-0.3063280269615676,False,False,False,False,False,False,-0.0514467085721208,0.1268694942082735,-0.0059640583362658,0.044543891179894,0.3135905288704322,-0.232475015899635,-0.4891241071617824,0.2501015313463747,0.6331839514820565,64.0,0.0211183648436828,0.4069326947608258,0.27618906,211.0,0.22472644807202624,0.13789553074215094,0.28,0.13092623735256997,-0.09217860113821316
2024-09-29,0.0324700274980871,0.3687880261985897,0.4886389760423699,0.4584745934908421,0.1190642256983162,0.0779609921594367,-0.2897153941297158,77.55936883816372,0.0854028261800896,0.0726845644114958,65.2755095435431,1.042999380501388,0.3544879938061508,0.4638697135664928,0.0176967124054236,0.3020371789821392,False,False,False,False,False,False,0.0466908868409457,0.0866162483274844,0.015226540705423,0.1207673164375591,0.2566274598584113,-0.2161494960256879,-0.5183111947170339,0.2913585459254472,0.6870838087392772,63.0,0.0211183648436828,0.4067674141647001,0.25511578,133.0,0.23232378036754583,0.14545812729130925,0.26,0.1631946780144275,-0.06945740106478006
2024-09-30,0.0061534485485612,0.3488063131759005,0.4925283785899366,0.4857023484254926,0.2260498008360631,0.1135520214951423,-0.2601759139538487,77.86949490332714,0.0842399814488003,0.0751163535954052,70.30357395249996,1.0353496766271442,0.3327192372710253,0.4583412980905889,0.0254657619969783,0.3904543399662821,False,False,False,False,False,False,0.0264882253988857,0.1459925859953501,-9.809952704429992e-05,0.2701872637818962,0.3315825869956754,-0.2563524759499102,-0.5675332124888913,0.2993293531203716,0.6974971984237837,61.0,0.0085116116093993,0.4288683339100111,0.07918599,374.0,0.19403933339549045,0.14118250569053603,0.22,0.17739600851082063,-0.050782730028342646
2024-10-01,-0.0698213651394495,0.1423727924751001,0.4047144723363535,0.4969268309203007,0.3256337350492201,0.2388132541846961,-0.3509878753510631,66.92039631266204,0.0673894466429811,0.0872017817184314,70.17241670775121,1.0227453588597777,0.2179522403852275,0.3508557741922496,-0.0426899443611726,0.270029044562609,False,False,False,False,False,False,0.0690463808063583,0.1167406063015514,0.1353589677207531,0.4298912141141618,0.3835928008919601,-0.2073129971182093,-0.4858315934044864,0.2117030919528653,0.5830186541786491,50.0,0.0010866765449604,0.4413665610792539,0.09800561,376.0,0.1700309019776653,0.1383968993701266,0.0,0.13304700638311548,-0.047506424865223766
2024-10-02,-0.0424870606233487,0.086441429397968,0.310216170337574,0.3579629785529771,0.3217900498391525,0.247366189387185,-0.4346914033559286,61.55860621984648,0.0459458519188414,0.0967373924720114,68.53971134282156,1.000709446637951,0.1477061174508958,0.2870651823715378,-0.0824918816894581,-0.2461972871392768,False,False,False,False,False,False,0.052768116604958,0.1960313152845577,0.1706908366663976,0.8948335965937594,0.5243410189805955,-0.1572763959804474,-0.4753950177004653,0.1612997167671012,0.5171696160087164,42.0,-0.0015802765537662,0.429300935461883,-0.057868555,312.0,0.1130560376862042,0.1257346119792682,-0.16,0.0597852547873366,-0.05476407487391901
2024-10-03,-0.0766845504819177,-0.0779219574587521,0.1421831579565126,0.3128245870567577,0.3507551208367802,0.0604680058099296,-0.5079636237047592,53.68085034067852,0.0183632385087295,0.1079586126972206,66.64981982107766,1.0371164366231738,0.0518885455121766,0.1856350200127825,-0.1485276929084839,-0.1196709451809361,False,False,True,False,False,False,0.1910086148468189,0.2446715739243992,0.1661421400103796,0.7535836233262287,0.5268398275979832,-0.0918226381851903,-0.4424048715303744,-0.2194128743949443,0.4051751455790139,37.0,-0.0057711363115703,0.4157064370587626,0.02002337,305.0,0.0897978708050663,0.11891453186200268,-0.26,-0.02016105890949755,-0.0680051023014081
2024-10-04,0.1146313554666929,0.0094239187360648,0.2538449836234936,0.3355060661270347,0.5935769116010176,0.1292423010271653,-0.3436305555931939,61.72041588533826,0.0145516532555178,0.100339104164837,64.72599912599533,1.0622686334966156,0.1580756350901516,0.31724536770377,-0.0445862371212583,0.0423347319333295,False,False,False,False,False,False,0.2025426351875915,0.1616167904873561,-0.0401205477934604,0.6894810525142078,0.435807217230168,-0.1175516933462694,-0.5578492607041241,-0.1246028079523988,0.5758476362538933,41.0,0.0050221025938283,0.4204687409277166,0.07014115,357.0,0.0848836909906577,0.11576786216428844,-0.18,-0.06012079418212316,-0.075230579572285
2024-10-05,-0.0170791615010524,-0.0528173062324271,0.2351292342275254,0.38563929740997,0.4659209808897534,0.3021726498876902,-0.2391431052711738,59.96779259860642,0.0075027726138413,0.1009406380147389,60.71676861947277,1.0295921388855251,0.1173532129119778,0.2822950420352157,-0.0606266759739008,-0.4861813223855189,False,False,False,False,False,False,0.1879875431268293,0.1745235212122893,-0.0339551038295161,0.6036463020696432,0.4178625190071525,-0.0396829313599005,-0.578612380961055,-0.1394269060456309,0.5491620126854945,49.0,0.0050221025938283,0.402300581805352,0.15865019,194.0,0.10332531565252773,0.11853446393679487,-0.02,-0.05009059563659237,-0.07166731637407307
2024-10-06,0.1309209850087314,0.0456336512782169,0.4144216774768066,0.5420600906109333,0.4688673924565911,0.4359351351662355,-0.0546880231827972,67.93114403940788,0.0213483931756452,0.0922445392040711,59.01179197906264,1.0985113698608142,0.2410392112343378,0.4428175276106845,0.0708566525420568,0.2946823314663838,False,False,False,True,False,False,0.0381443671560367,0.0666347185754396,-0.1884719667113029,0.4086916522666436,0.278167564517662,-0.1534626066576463,-0.6640813596731038,-0.0190519120949347,0.2978239101177407,50.0,0.0050221025938283,0.3711433237790981,0.09830301,115.0,0.10206973987686509,0.11722920900860663,0.0,-0.037567946727444276,-0.06704361854348771
2024-10-07,-0.0133367159480271,0.0261434867816286,0.3749497999575292,0.537036042760415,0.2796381755435306,0.3975366230975501,-0.0908592270812186,66.39555200894196,0.025249887550281,0.0941327404986934,55.76386318739603,1.1001684910671945,0.1957592184280038,0.4056779882561877,0.0561327733092491,0.996585600106408,True,False,False,False,False,False,0.1164205858766923,-0.0119075966657185,-0.2416909188368863,0.3596979822137885,0.3788656471669143,-0.1701219477173771,-0.6823012072934183,-0.0320476850100393,0.2806301105399229,50.0,-0.0086407033937597,0.3745040683050897,0.25016406,366.0,0.13909332035383487,0.12580565112319617,0.0,-0.028175960045583207,-0.06271822379874657
2024-10-08,-0.029197833722676,0.0667670181984023,0.2091398106735023,0.4501392838290005,0.2993889865103198,0.3993946461461084,-0.0904241015244399,63.103096230266615,0.0201760621028246,0.0949017583191509,51.94737737469366,1.1023557453859438,0.138696923724025,0.3497008095324121,0.0252400272494532,-0.3299738982602652,False,False,False,False,False,False,0.0446138038082299,-0.0165213438459668,-0.1447346850693659,0.3405987795927148,0.580452543222879,-0.1528474667334168,-0.6769756582619176,-0.0599011860463272,0.243779088481677,49.0,0.0022560063110068,0.3739184295925754,0.13841628,383.0,0.13892405911088662,0.12661923978505718,-0.02,-0.026131970034187407,-0.059962209360117764
2024-10-09,-0.0578310820712054,0.0514229967505455,0.1378644261485136,0.3298538395073647,0.2467832237839916,0.4083017849574129,-0.0928327500813755,57.299779323291645,0.0055277827825199,0.1009252192047522,48.96089837339346,1.116938162963063,0.0612069639252369,0.2631590785861437,-0.032448929224525,-0.0658730402757676,False,False,False,False,False,False,0.1360823873937264,0.0713557742974915,0.0636323670043665,0.3107250086539222,0.6085889022307087,-0.2014947917255149,-0.6931119658321581,-0.1127259397883969,0.1738903458480561,49.0,0.0051166336695599,0.3657199219636803,0.06566202,426.0,0.12060854907185344,0.1226865158605215,-0.02,-0.024598977525640556,-0.0573840023046263
2024-10-10,0.0466929764032205,0.1748005236356837,0.0968785661769316,0.3889242401424834,0.399830222648337,0.4384151513489101,-0.0913931385851756,60.44507469277231,0.0015332436416709,0.0959348577918434,45.99663629829554,1.120379609393975,0.0955189769026962,0.3111076468117973,0.0146213446740576,0.1328586052257867,False,False,True,False,False,False,0.0450567346101708,0.0616969524434683,-0.0337733368310884,0.3444124339710462,0.2623410570200772,-0.2967389019793295,-0.7211885888086732,-0.128771695987525,0.2300026099260266,39.0,0.0124122138580318,0.3650617971185321,-0.016585838,392.0,0.08630995229147753,0.11370120270502655,-0.22,-0.07344923314423042,-0.06787535699465042
2024-10-11,0.124269009657715,0.1844381778267058,0.1938620965627707,0.5786521620843749,0.4657599517752278,0.5407039162673811,0.1433817075059107,67.84378584670614,0.0178788986395345,0.0883611758181327,45.75462369524956,1.1483330099625275,0.2138418824382042,0.4666562808301085,0.1487223021330349,0.1620287033941689,False,False,False,False,False,False,-0.0340327598396136,-0.1623502697607381,-0.1527576128906137,0.1646988911231151,0.0366021488396368,-0.4411199724066424,-0.7389613151032941,-0.0134903876728126,0.3927570905251243,32.0,0.0183074412383441,0.38269112956206,0.09414395,342.0,0.08826845158087374,0.11243944443044822,-0.36,-0.14508692485817282,-0.08672210815628588
2024-10-12,-0.0292566040257561,0.1722607353020021,0.119443429069575,0.5389270457794493,0.45191692311318,0.4361858044958437,0.1321463377906476,64.63150651823227,0.020471229391093,0.0879816004105022,41.11549898465384,1.1604690539363225,0.153947166867658,0.4117764804900163,0.1169578484711573,-0.3607870160439007,True,False,False,False,False,False,-0.011333470617968,-0.1178783818598858,-0.0730569098298472,0.2241547857512812,0.1413824027842037,-0.4178589034880103,-0.7590426224217901,-0.0419341953181429,0.3526000415875945,49.0,0.0183074412383441,0.3821453119395913,0.102563,163.0,0.09184208898951979,0.11180225454561014,-0.02,-0.11381519364362962,-0.08241745601717067
2024-10-13,-0.0039048931820128,0.0374348571112578,0.0830685083894748,0.4871474315427084,0.5236115580800179,0.2031514493267502,0.0973761217226125,64.20176827360726,0.0186627556223262,0.0887944519114734,35.478261780597485,1.1577231788801066,0.1269936520414719,0.3960251357117696,0.1135034215679649,0.2700006050059476,False,False,False,True,False,False,0.0274435351390013,-0.0656990982160852,0.0314288215021999,0.1886549956093923,0.1071021882158453,-0.4082904892601047,-0.7536528808507577,-0.0456680450600283,0.1935532317478683,50.0,0.0183074412383441,0.3569411034182556,0.051325016,125.0,0.08171282067306616,0.10790049720226146,0.0,-0.08536139523272221,-0.07710020079025644
2024-10-14,0.0593560889676616,0.1101276620269467,0.1362711488085755,0.5902259107976244,0.647431236741444,0.2474885232393409,0.0821179587106982,67.80500981193683,0.0252102471935669,0.0861173959358984,35.72591420082033,1.1463044890529206,0.1752360506713574,0.4672232244318515,0.1838593912433485,0.3549936283786308,False,False,False,False,True,False,-0.1149460912543443,-0.127479607902967,0.1083730203007177,0.1252946846409433,0.0331302578432099,-0.45292113200396,-0.7782805538624867,0.0126922535898738,0.2665426383152539,48.0,0.0276683844673969,0.3923636420256755,0.22743899,399.0,0.11814436208015515,0.11561265778930409,-0.04,-0.07402104642454164,-0.07470663944894958
2024-10-15,-0.0956782443728452,0.0436472513767777,0.1104142695751799,0.5353853290266615,0.6112433657987518,0.1697831265718121,0.10630575888877,57.872650727848814,0.0097362379958199,0.0961377262953099,32.63788941643419,1.1975558018533714,0.0560002275217941,0.3224048715818706,0.0788940244066575,-0.060097196363668,False,False,False,False,False,False,-0.0585241621653125,0.0166720555464195,0.2804148125764946,0.1736751801067555,0.106842089242076,-0.419794119426732,-0.7646434764176806,-0.0797094672367453,0.1509786860229796,65.0,0.0110995627306971,0.3894945879234731,0.24006845,417.0,0.14862538420264298,0.1236420637751623,0.3,0.019484215181593767,-0.05053201754901736
2024-10-16,0.0261075083354256,0.1275858417834088,0.1790088385339544,0.5592287913610927,0.6191190531665584,0.080387249965935,0.2442600441885276,59.55357177745344,0.0020465448246779,0.0924245346532283,31.97486593446034,1.1965385168206324,0.0744488513910015,0.3427229157819622,0.1112249374528907,-0.2652153889623658,False,False,False,False,False,False,-0.0569735204193451,-0.021187136402136,0.5842675458233665,0.1822747781795349,0.0818879530891395,-0.4127164408619805,-0.7761727398615733,-0.0553665912261276,0.181423562338934,73.0,0.0254000593428657,0.3822378324545207,0.24561869,475.0,0.17287370967197696,0.13151152327869886,0.46,0.12961316138619533,-0.017594468029725918
2024-10-17,-0.0368216899441572,0.044071175436031,0.2188716990717148,0.504414560302802,0.6021824581256915,-0.0015721501484869,0.2248828189144656,56.1676416490226,-0.0107861923340481,0.0948514114558892,31.1600629673922,1.21208707616567,0.029875750665795,0.2816601906729889,0.0756913698955368,-0.1736731286402161,False,False,True,False,False,False,0.0159227889570077,-0.0630924940837361,0.4088725572781021,0.2121544843723207,0.0810636029793881,-0.3035219264788596,-0.7136003669265558,-0.141264970346279,0.1387127185922251,71.0,0.015586177409633,0.3666528366788486,0.14879207,445.0,0.1668533005366346,0.13262639746269297,0.42,0.2022098710396465,0.010637433133482203
2024-10-18,0.0455724759995634,-0.0346253582221205,0.1498128196045852,0.4979757949269347,0.6255538261621796,0.006267681270393,0.3094251073534354,59.26793940931827,-0.0124983468217873,0.0891348442539567,31.47698815420372,1.209939961225568,0.0716688760688696,0.3264409345899495,0.1295995169360673,-0.0301258373303452,False,False,False,False,False,False,-0.1328383661332231,-0.1736694406734407,0.4544220317316404,0.2348098011500239,0.0166753200334088,-0.336687622064678,-0.7410611528184566,-0.1012248547521473,0.1918073139056668,73.0,0.0124616333354128,0.3630577640822279,0.22281368,383.0,0.1808433955944792,0.1384449318694878,0.46,0.26665740327973486,0.03962856647970916
2024-10-19,-0.0060294296143775,-0.0113981838107418,0.1608625514912602,0.4005979034134134,0.5345576689798792,-0.0664517350907331,0.4057268543439116,58.664969766037146,-0.0157055727924192,0.0875660564858162,31.8331142863512,1.181565242373419,0.0611129426841901,0.304236853479487,0.1256764485849335,-0.433595542646807,False,False,False,False,False,False,-0.1077662771779215,-0.1775005960090296,0.3653590354788578,0.2037485271093039,-0.1265813174522624,-0.2908516400978285,-0.7508964931586098,-0.1066276519690273,0.1846430156129597,72.0,0.0124616333354128,0.3579156826568596,0.26862183,197.0,0.20278800472894426,0.14684344156386533,0.44,0.30999305245980113,0.06545898154553438
2024-10-20,0.0345670028709667,0.0270737122422377,0.0645085693534956,0.4321953764846681,0.5616178338963629,-0.0011323230749519,0.4505527632633954,61.14099622264572,-0.0126904720982661,0.0828353815387433,32.76683157821515,1.1832094333466778,0.0925076465767832,0.3340605783689674,0.1674863258467562,0.3219620346746188,False,False,False,True,False,False,-0.0906547466304173,-0.2391696809076815,0.3206879803688027,0.2278504023604542,-0.2414464977228347,-0.3526499102565376,-0.7696536266445492,-0.0752065087148713,0.1154968777169614,73.0,0.0124616333354128,0.3586251160493184,0.23764078,133.0,0.21150119934439,0.15270133457204998,0.46,0.34749478934485084,0.0909132408006612
2024-10-21,-0.0898243452670568,-0.1221067219924808,-0.011979059965534,0.3407344433226955,0.4349605577918455,-0.0205972729237444,0.4558674727632842,52.56684153782972,-0.0268458581703091,0.0923492538196355,31.77154285038438,1.2374005315998755,-0.0053486303932578,0.2064886676199319,0.069565377384754,0.2239241481317198,False,False,False,False,False,False,-0.014161303085352,-0.2325524631054469,0.3760838334810972,0.2461299693012313,-0.158829250201444,-0.385548032481081,-0.7541122590009445,-0.1546539123780372,0.0196664771311763,72.0,0.0127094690849763,0.3706826495501486,0.23407847,339.0,0.2171455162313531,0.15795147214109467,0.44,0.37062109200863813,0.11343496720061853
2024-10-22,-0.0338781170734306,-0.0603065946930663,-0.0166593433162887,0.3552277844898147,0.2750271176165748,-0.0331561266975211,0.2742843425871072,49.89600334237412,-0.0412725446687584,0.0937644590815476,29.812137335679694,1.229603430157411,-0.0425519248964598,0.156514468551578,0.0357163240260534,-0.1674401675652964,False,True,False,False,False,True,0.0798705762695693,-0.1303671822678764,0.3631193429608596,0.3594487425998027,-0.2188283848195237,-0.4244189702919624,-0.7484863468097803,-0.1828129650700312,-0.0142993062068273,70.0,0.0062008937104818,0.3706836935875573,0.13099127,355.0,0.1956069534679465,0.15621210394990964,0.4,0.37796581900647863,0.1319230338328367
2024-10-23,0.0277531864347294,-0.0586609165937626,0.0689249251896461,0.3568458093532939,0.2336294647908126,-0.0111987361455639,0.1975854652983893,52.03920717945002,-0.0453562987535094,0.0904955150697208,23.96488074498645,1.2298530994433532,-0.0241967792376649,0.1778727618499189,0.0673483490975893,0.26585998166996,False,False,False,False,False,False,0.0379484402528363,-0.0072090032820231,0.2234264658846774,0.2836020031155826,-0.2303299127376092,-0.4154701197067885,-0.7406980741987269,-0.1598157743699214,0.0134401779742141,71.0,-0.0107110451317919,0.3740402458054606,0.047718916,426.0,0.15863494412304552,0.1492125434427118,0.42,0.38847436425485893,0.15050864455329888
2024-10-24,0.0376365777970647,0.0157973511474592,0.0598685265834903,0.2578702315890079,0.3039852214886624,-0.0336898339556221,0.2534029849819538,54.947278150222566,-0.0408969961905121,0.0846302200283743,21.970199321042987,1.149346723742264,0.0074557922839705,0.2121992427647023,0.1111092174021279,-0.1205801769963745,False,False,True,False,False,False,-0.0777768585365277,-0.0899223540717851,0.2662864208820751,0.2702726859404472,-0.2159684577959311,-0.4511594812573891,-0.7514327313616347,-0.0704355573255788,0.0523094633917317,69.0,-0.0009290059637217,0.3805616118614342,0.22935379,458.0,0.17631465447099204,0.15438294615704212,0.38,0.3863557731911442,0.16531453845308605
2024-10-25,-0.112754765813117,-0.1425298906652212,-0.1771552488873417,0.1316711633221075,0.2638677151333718,-0.0746890513877576,0.0878799198421748,46.23229991662065,-0.054881340509157,0.0989253241824261,21.050880387740065,1.224485161010077,-0.1009432573645801,0.0751099562431173,-0.0033089073617025,0.4874968037397191,False,False,False,False,False,True,-0.047085886812297,0.0114518712581503,0.3904366575638203,0.5135885354987234,-0.1108486690213761,-0.3850348441743058,-0.6949413624007039,-0.1695552759376593,-0.0598985913872637,72.0,-0.0058967307596876,0.3837435525482338,0.16453074,403.0,0.1733686756502926,0.1550376424816326,0.44,0.39976682989335816,0.18303618113353212
2024-10-26,0.0224733014281673,-0.1140271596226764,-0.1254253434334182,0.0664656283754723,0.4032095526615869,-0.022247508238521,0.1759334617572503,47.92598465403362,-0.0586507609765481,0.0942554015908671,22.279751135706235,1.189278525435149,-0.0767864419061546,0.0907313754769988,0.0220568534929681,-0.4884399725776489,False,True,False,False,False,False,-0.0781570086933531,0.0508109892199912,0.387739242047279,0.6475054068811321,-0.1603420061380897,-0.4571098730998605,-0.7204488593075008,-0.1506811537728674,-0.038532221875453,50.0,-0.0058967307596876,0.368576178974504,0.0697846,202.0,0.14747265587831584,0.14953744597071345,0.44,0.4098251224200186,0.19961449202814296
2024-10-27,0.0535637222650952,-0.0950304402285478,-0.06795672798631,0.0927438713686915,0.4529653492607997,0.0838174135563547,0.1750281891346697,51.961020953767,-0.0507478013683713,0.088046639860344,22.402229571047787,1.1997368467281708,-0.0251644198263486,0.1401107230814592,0.080954359057154,-0.1585414607563326,False,False,False,False,False,False,-0.1633207340412692,0.1039578571880142,0.2722400174716995,0.5000727029600353,-0.2621714238094052,-0.4864810809464603,-0.7768397967765481,-0.1039480482918798,0.0143717909005086,74.0,-0.0058967307596876,0.3700863280358424,0.18721445,117.0,0.15740810417074746,0.15196822036279917,0.48,0.42736884181501394,0.21770387963923055
2024-10-28,-0.0090564361937213,-0.0142625311552122,-0.1363692531476932,0.0385253717075306,0.4707683803691378,0.0751441607628748,0.1148777317617647,51.22214822793781,-0.0455439278053626,0.0903123831576148,22.36291129860194,1.1906787107951786,-0.034090820766378,0.1206061387787409,0.0735230218693411,1.1237124637018776,False,False,False,True,False,False,-0.2215282892663755,0.2703118807765992,0.2897058851958606,0.2446739779732872,-0.2614818638225645,-0.5084314908144704,-0.7775031849227015,-0.1120264496404545,0.1014700256809727,72.0,-0.0030776210044164,0.3824501096584984,0.27004582,351.0,0.18556753235264709,0.15958612981670542,0.44,0.43052663136126046,0.23204556482379632
2024-10-29,0.0572256112494724,0.0768411971676907,0.0165346024746245,0.0632809554589158,0.521755548949758,0.1823451811572321,0.1412419476183525,55.62160375648536,-0.031497992388449,0.0858758397546919,20.68468216293497,1.201917511281072,0.0170066303595035,0.176523985943266,0.1368977013521531,-0.0485498158667975,False,False,False,False,False,False,-0.1946879220135023,0.2594177302220862,0.1544284842922658,0.092968347926165,-0.2642154366776872,-0.5478484922119938,-0.7793424270843736,-0.0597295297670033,0.1663407525767479,72.0,-0.0054284820022896,0.4033984630330646,0.29620484,441.0,0.21322685805860228,0.16840023983991592,0.44,0.4328949735209453,0.24546197999645464
2024-10-30,-0.0118418994264026,0.0372461113065588,-0.0214148052872038,0.0452856074839522,0.5309879559094448,0.2713354083200154,0.1588376289790946,54.50114537108749,-0.0238074653386422,0.084425008039953,20.0475363003917,1.2027941436733804,0.0021264719105138,0.1529856849823004,0.1229388304011618,-0.3787427751367858,False,False,False,False,False,False,-0.0435064419229335,0.6185602015895123,0.2078659998743758,0.1826698971730911,-0.2892778561901208,-0.586680904049156,-0.7738666594001825,-0.0707984502378371,0.152610519158947,77.0,-0.0069097409183587,0.3794278934234467,0.275244,432.0,0.22873114293741484,0.1752933855001699,0.54,0.459671230140709,0.2644644328999092
2024-10-31,-0.0805775992760374,-0.0809680657665433,-0.065170714619084,0.0345293733473643,0.531456204267665,0.3601631083965844,0.2733426275320604,47.766705777831966,-0.0312391846630293,0.0920693705746963,20.16499937378473,1.2113773033525443,-0.0687189054798849,0.0558271124074432,0.0375188664019325,-0.0126671399091623,False,False,False,False,False,False,-0.0131698013085897,0.5037477535205275,0.2937824456714908,0.2385644558138137,-0.2342168234404801,-0.5032824882231912,-0.736375971805744,-0.1427341594840535,0.0633792267643411,77.0,-0.0252249091799081,0.3655888947572187,0.25994956,398.0,0.23653574843650535,0.1807550744958865,0.54,0.4797534226055318,0.28224092109991505
2024-11-01,-0.080017202009031,-0.0482305019624573,-0.1907603926276786,-0.003000768038318,0.3549622105146592,0.3187892818008346,0.244365421348867,42.57478912257145,-0.0466226338984123,0.1006335302841393,23.31283333558943,1.2352318711269397,-0.1322519596283879,-0.0308481237852482,-0.0411106651257853,0.2826950853157877,False,True,True,False,False,True,0.0614302561587906,0.7600971128514981,0.4943291001561966,0.3286635952297824,-0.1547437799281523,-0.4738184355412038,-0.7220168216430983,-0.182532011652998,-0.0183941391039734,75.0,-0.0119069269077032,0.3684210550203388,0.05155862,412.0,0.19029146663431432,0.17241981944632875,0.5,0.48481506695414883,0.29628989393217864
2024-11-02,-0.0106765579606107,-0.0813803613512354,-0.1954075209739119,0.0630072244829889,0.3758318115397466,0.4137623453197691,0.1234752302929186,41.94882830728855,-0.055880855858478,0.0983811767036493,26.08446235661013,1.204805900949882,-0.1330960795718288,-0.0456684040415921,-0.0502403295680926,-0.4663430688897929,False,True,False,False,False,False,0.139902346852517,0.6600121882809863,0.4635251056334126,0.3074643519091518,-0.1472789536627167,-0.4764534755292141,-0.6501580486121442,-0.1912133302466263,-0.0288185634646665,72.0,-0.0119069269077032,0.3692203853579296,0.046769965,203.0,0.15441109133574446,0.16431337725237433,0.44,0.4736113002156116,0.3055615136784897
2024-11-03,-0.043370393106653,-0.1783144767229838,-0.2733449169515316,-0.094994524090357,0.2405115420366777,0.4985823875106604,0.0342477769368082,39.47719768965051,-0.0650882545392538,0.1027179834155123,27.74928788718325,1.143557733370974,-0.1573883663405615,-0.0902915018405671,-0.0898808734020518,0.6463550614047167,False,True,False,False,False,False,0.319451672945445,0.735850881894931,0.6138294854302041,0.3699362108478881,-0.0296132191620698,-0.5137876866947217,-0.6906672616871028,-0.2255409443354511,-0.0700387551547464,74.0,-0.0119069269077032,0.3664313477402926,0.010437416,142.0,0.11841767247999518,0.1543858958756242,0.48,0.4752084751617087,0.31681560957020005
2024-11-04,-0.0811645860103926,-0.2504226265396552,-0.2646851576948673,-0.1590799485996971,0.2265593488102728,0.3068410322900562,0.1430927012879929,35.513850372390365,-0.0781027147474016,0.1121587979979583,34.03400323256652,1.1747918110982214,-0.2127426066540724,-0.1642491955780241,-0.1596360223204159,-0.0779757467171808,False,False,False,False,False,False,0.6318022392611661,0.7930656720189205,0.6237331014751162,0.4309589698492228,0.1259061514340021,-0.5059518070568791,-0.7001290078655686,-0.2859162824464415,-0.1425367447863239,70.0,-0.0168664448514502,0.3711056051285555,0.12457185,363.0,0.11995621745649583,0.15246240919887413,0.4,0.4564063563712816,0.3221823444366388
2024-11-05,0.0911228356165924,-0.2165254021725351,-0.1396842050048443,-0.1988780979918361,0.3431819926190972,0.2699892944647549,0.2370570371743994,42.52563801998663,-0.0705915574355938,0.1036197592034425,35.57493084858627,1.1238040451811824,-0.1280976746775999,-0.0892402231526531,-0.0777929598436553,0.1851028089006219,False,False,False,False,False,False,0.5638877953637279,0.5674653890312896,0.5632445267475624,0.2858074766742865,0.0328037522906882,-0.5901680954408861,-0.7233264842700704,-0.2177901596767859,-0.0607317049020836,70.0,-0.0043759218087009,0.3762461378070288,0.15417024,374.0,0.12850972432541555,0.15257259214940966,0.4,0.44230476727846113,0.3272028383439524
2024-11-06,0.1602022777309456,-0.0444812250151868,-0.007235113708628,-0.0253391043128633,0.5116969384475516,0.2542990712306672,0.3721975187846867,53.40932587536835,-0.0388165195460681,0.0935306217574354,35.36086251010399,1.2649282354777194,0.0249410596664013,0.0604253131359416,0.0837774495349545,1.4308170400228244,False,False,False,False,False,False,0.6921809748969601,0.2323101941185485,0.2929226870096372,-0.064545583513062,-0.148824896588215,-0.674148145029228,-0.7684512766392843,-0.081882553051739,0.1024645365473959,70.0,0.0179574245217526,0.4724079561172036,0.3460172,473.0,0.18288659616297265,0.16505289018336028,0.4,0.4317285754588458,0.3318994294185362
2024-11-07,-0.0493536664096957,-0.013257292148845,-0.0942253579153884,-0.0454949369998829,0.4046443468291176,0.2538940495104369,0.3538997091462253,50.08649523674261,-0.0243201770853087,0.0967983926576473,34.299713542738004,1.272545413869577,-0.0180924071569623,0.0030422419476112,0.032890061154053,-0.4501439895959261,True,False,False,True,False,False,0.5238161089056431,0.3914048175423015,0.3957849548593832,-0.1164469022490361,-0.1134161540340851,-0.6619402622400753,-0.773054312809903,-0.1260950176668449,0.2444964876221283,77.0,0.0237483527508472,0.4716223450713114,0.3417717,457.0,0.22260787013162509,0.17645410320621333,0.54,0.45879643159413436,0.3453252726818565
2024-11-08,-0.0071426129580824,0.0596172969021036,0.0113867949396462,0.0051935321132398,0.3350473716206045,0.2519767558972315,0.413495317070653,49.61881532479156,-0.0148385145797915,0.0996614087281023,33.18215013332204,1.256494028887805,-0.018705602849252,-0.0088503108714642,0.0268408813354821,0.1678096341893258,False,False,False,False,False,False,0.6582315254712189,0.3746938406809696,0.4964513670986269,-0.0979670990560856,-0.205631103835078,-0.6947016670374283,-0.7712205233041796,-0.1323147437272304,0.2356392006257135,75.0,0.0308038384590532,0.4573332819571516,0.29697496,483.0,0.2411996418460409,0.1842296421599601,0.5,0.46909732369560075,0.35530428734754316
2024-11-09,0.0606487432189196,0.130942598081634,0.0495622367303985,0.0191492989289391,0.4080735390714225,0.4189795215772762,0.4575644502778492,53.681527169844834,0.0014141977855372,0.094792489286739,30.629699089707067,1.263918236422538,0.0483398672998836,0.046874224938042,0.0923305672944426,-0.1050514513292315,False,False,False,False,False,False,0.4562757878905938,0.3206364001554522,0.5678418134017255,-0.2378645263164271,-0.3100777366984902,-0.7264768371451221,-0.8215311473335046,-0.0780621770450976,0.3128983192316539,75.0,0.0308038384590532,0.4553241163732602,0.2884961,276.0,0.2530237581002861,0.19095651085048024,0.5,0.4768229927717006,0.36463949461544365
2024-11-10,0.1029032598240555,0.2772162510123425,0.0989017742893586,-0.0022164509047203,0.5764357111796545,0.4635435008705074,0.5384874653626609,60.068501493614896,0.0288930349610904,0.0899672436615727,33.24533620722529,1.2395770829099508,0.1559566134567151,0.1509273639337496,0.2116761652895891,1.653531391788905,False,False,False,False,True,False,0.3155850399734213,0.15243531189889,0.3588133760658211,-0.3034487623592921,-0.4398798684567757,-0.7383820940035486,-0.8441080819464899,0.0218612966243385,0.4551957251585702,78.0,0.0308038384590532,0.4657893957580225,0.39108673,183.0,0.2875395004204027,0.20386813772340104,0.56,0.49761724457877543,0.37724339818864083
2024-11-11,0.1313042352533585,0.4896850722760937,0.2392624457364385,0.1583443883743943,0.6972714341538436,0.6102613114875743,0.5945301928702381,67.08268970867312,0.0693595924077718,0.0838996632601899,42.676161448412046,1.3161525177932505,0.2986326747926391,0.2967997209730733,0.3817649829722091,0.7443961347973118,True,False,False,False,False,False,0.0988253532675442,0.015267120392045,-0.0201823687484039,-0.3538956750197304,-0.5031101042415845,-0.7943294384395142,-0.8573906568963833,0.1652434093238347,0.6593810075973627,76.0,0.0505625675787555,0.5596301582568805,0.34458312,494.0,0.30180040629588906,0.21294652392978472,0.52,0.5032129334340816,0.3864535015313092
2024-11-12,0.0486126607952276,0.4471748974547289,0.2306494952821939,0.2108619423516349,0.6980093738943434,0.7344735004316528,0.4140133916783851,69.4241909292699,0.1010428766333889,0.0852625157847285,52.28569101707276,1.3242636952855078,0.3410161673324082,0.3441635366522003,0.4491595969429914,-0.1751192567093065,False,False,False,False,False,False,0.002287628101049,-0.0833633221213318,-0.132163759729323,-0.3764607257772314,-0.5207828280467177,-0.8004869490606642,-0.8543730683505906,0.2232884226948848,0.7420408124097728,80.0,0.0435815580972936,0.560864260151118,0.3240863,580.0,0.3073718818417441,0.22011683261039922,0.6,0.5274097000755612,0.40023069498090214
2024-11-13,0.239045594899485,0.5260182146232684,0.4815369896080815,0.3905514482834581,0.9807773590810824,1.0379826850249023,0.6380399715227991,78.70697759022613,0.1720558127566394,0.0929048347063238,78.06860182380984,1.5437628122348204,0.6494919349640174,0.6772205373448816,0.8347803857399799,0.850179621930083,False,False,False,False,False,False,-0.2717621741412225,-0.2537404548263406,-0.269307440025001,-0.5258296376971554,-0.6298006936009243,-0.8499660835448523,-0.8873243555074548,0.5536208764468162,1.2124553159915326,84.0,0.046629803674624,0.5477672572618806,0.2538268,515.0,0.29398561063343664,0.22229166902318087,0.68,0.565557275056671,0.41828032756277944
2024-11-14,-0.1541540944966695,0.4212177865362945,0.4079604943874494,0.3320755981596338,0.8674609271862953,0.9433189639583858,0.501858724731446,64.53086257589185,0.1688302696267763,0.1161487987226195,83.34358763437699,1.6077330933661067,0.3791563618278555,0.4198431175617084,0.5694619668340193,-0.3037564041069172,True,False,False,False,False,False,-0.0868945344451275,-0.1396280109861992,-0.1763482585998049,-0.4871407991114311,-0.5837411056389329,-0.8311474434036364,-0.8581987883914244,0.3316704897321632,0.8963837953150915,88.0,0.0283706640628171,0.5724342350843664,0.30142292,477.0,0.29584493892590985,0.22739691126706144,0.76,0.6141679562925033,0.44032675804260013
2024-11-15,0.0773912888878765,0.5057516883822535,0.565368985284357,0.3833593787120845,0.9425881700731772,1.002478431878643,0.4637466286780196,67.56790149336787,0.175333653802591,0.1104746291004063,90.46101646360172,1.623643393749021,0.4480294254613318,0.5141403194997712,0.6916854006011374,-0.3977145098151693,False,False,False,False,False,False,-0.1709879956055451,-0.1509962210350632,-0.2451191553418088,-0.5291743931558116,-0.5997263695142954,-0.8474465211510869,-0.8705944222369076,0.4388230461380802,1.0489758765856143,80.0,-0.0099020477611633,0.5845958901497329,0.1630286,470.0,0.2626408536523639,0.22324411685187853,0.6,0.6106259672193775,0.4506282575237227
2024-11-16,-0.069220598565527,0.3758823465978066,0.5068249446794406,0.3509604700907148,0.8553750303935167,0.9531429282164062,0.3493883199422278,62.40054268624429,0.1522932955973765,0.1175612982297492,93.23795115394624,1.639951547090034,0.3234191189161787,0.3981929778566189,0.5747340659250607,-0.4743413424811949,False,False,True,False,False,False,-0.0931412778149765,-0.1183648433636167,-0.2123766553406532,-0.4676901859919815,-0.5096713690612477,-0.7983713410010166,-0.8710358484805639,-0.22806648086136,0.9119420342593132,86.0,-0.0099020477611633,0.5853429154097116,0.2950865,234.0,0.2707522659964903,0.22787910950845863,0.72,0.6379694754145331,0.4680070796189664
2024-11-17,0.0013023772366995,0.2742814640104506,0.5514977150227932,0.3066903713278507,0.8046661662547856,0.9322441974900304,0.3129580525982439,62.45676530635645,0.1284095951085574,0.119796925923025,94.92843736055934,1.6357069911722513,0.297827391581564,0.3866796316024788,0.5733568827138599,0.5966970775334373,False,False,False,False,False,False,-0.124013061198862,-0.0702948610029929,-0.2107984475300058,-0.4925360903369908,-0.5118827388787125,-0.8094524916336134,-0.8612682750169979,-0.2270604772618921,0.9144337262518896,90.0,-0.0099020477611633,0.5882470068074497,0.19633916,164.0,0.2521489895483512,0.22584427406945703,0.8,0.6784771065608999,0.4894259777080654
2024-11-18,-0.0487354801880658,0.0942417485690263,0.58392682084512,0.2639843207541625,0.664582224167576,0.7985419897340417,0.1975325856634294,58.98532578530798,0.0936828362573773,0.1235151709965484,95.48092324722629,1.6477859747626136,0.2179228149101471,0.3107510587011491,0.4962094483295416,-0.1842800995511322,False,False,False,False,False,False,-0.0760432334647399,-0.0944374615979026,-0.2019483769169369,-0.4703581684381692,-0.4553842848074396,-0.8086920985700172,-0.8604904125720876,-0.2638268654245116,0.8233699218786256,83.0,-0.0133956421889524,0.5871909189275927,0.2433772,477.0,0.2499560406134023,0.22697543018165695,0.66,0.673857829920675,0.5004307533398031
2024-11-19,-0.0433440723101774,0.0022850154636212,0.4494599129183502,0.1860732455730183,0.6182686220576866,0.7476910794693813,0.1849409224980664,56.13165852745635,0.055420066753697,0.1269532872935596,94.98269787685268,1.654846340710992,0.1516794308103651,0.2472680590869919,0.4321533938449247,-0.1126129503825942,False,False,False,False,False,False,-0.0854554599109006,-0.0026927945671168,-0.1796900361105075,-0.4364429396491347,-0.4625616801962051,-0.8087634962434153,-0.8431307777444726,-0.2950539634726995,0.7460259539254157,90.0,-0.013189685704074,0.5882951186582556,0.27751023,472.0,0.25684458690326617,0.23023573957463767,0.8,0.7053933724405062,0.5197578015114288
2024-11-20,-0.0803670208271976,-0.3171276002630616,0.2088906143602068,0.1955305700128775,0.5362650133355732,0.630491127804723,0.174933297089133,51.45792633247383,0.0098928989854336,0.1354108249240412,92.7671623134921,1.6482548708802118,0.0506136744948613,0.1445265731218633,0.3225681021597752,-0.1787949623683637,False,True,False,False,False,False,0.0247470244952323,0.0491860679075561,-0.240893712515254,-0.3904312628540959,-0.4946758064167271,-0.7977823637963457,-0.8336172166597547,-0.3494915843164987,0.6111936491273682,83.0,-0.0141363292736954,0.5767740989152969,0.30279085,487.0,0.2683311527776808,0.23491671446665618,0.66,0.6940450293303797,0.528805685284885
2024-11-21,0.0720696161019988,-0.0909038896643931,0.3303138968719013,0.3014783031883071,0.6567060876781219,0.5765054208048819,0.2683221764907859,55.05670576301232,-0.0070662829246826,0.1253731193884183,89.01768393650497,1.6569791816362396,0.1086150358009941,0.2202797664154397,0.4212414191421788,0.3317216719259834,False,False,False,False,False,False,-0.0577517915841483,0.0031479963716228,-0.3649920665708044,-0.3819471464446862,-0.5742289698500523,-0.8139493456379264,-0.8508108249016342,-0.3008789863415155,0.7315984082919027,82.0,-0.0059132259524705,0.5857826146867665,0.2588944,475.0,0.26597196801067075,0.23646366280491324,0.64,0.6805337719977848,0.5359795120406989
2024-11-22,-0.019225464827093,-0.1875206433793627,0.3182310450028908,0.2544996519264844,0.6113454612797785,0.4881291167172972,0.2433009157809205,53.87869048011184,-0.023697094337913,0.1270064944137394,84.45557958592913,1.6587633110986189,0.0687948979574387,0.1867202793180493,0.394641043890684,-0.1002981731574776,False,False,False,False,False,False,0.0241151810402128,0.088570649561755,-0.3438299683534753,-0.3259639612879764,-0.5468114569131087,-0.7989620959760732,-0.8416537773272208,-0.3141915328081356,0.6986255984041254,94.0,-0.0026834671250741,0.578667235031379,0.2554255,488.0,0.26333535420567306,0.2376870079652853,0.88,0.7304003289983385,0.5581743822316216
2024-11-23,0.0205314399610494,-0.097768604852786,0.2781137417450206,0.2373945140904693,0.4952647456794773,0.5413797355791318,0.2037046801348472,54.987073151795,-0.030976859009569,0.1248061675109264,78.36024578840775,1.656050354358517,0.0697303300621532,0.2025813738336746,0.4227381364274377,0.2000978220300167,False,False,False,False,False,False,-0.0278142172882955,0.1871865815732283,-0.4229028719836423,-0.3364766871525734,-0.5671404150963127,-0.8039599463794241,-0.8431417009939236,-0.2999653552221446,0.7338613100802353,93.0,-0.0026834671250741,0.5836327638904734,0.2539151,236.0,0.26098029097669206,0.23873398172815397,0.86,0.7628002467487539,0.5776470027328073
2024-11-24,-0.0333331161117789,-0.1324040982012646,0.1418773658091861,0.3168161637918075,0.4484873271139151,0.5806838789251793,0.2421271124040498,52.78334107754453,-0.0430391338624317,0.1290613393963203,69.11140320948157,1.6056164486558486,0.0140118313614715,0.1553867808340451,0.3749427419693008,-0.3116687920839188,False,False,False,True,False,False,0.0613230606718715,0.1790799553225056,-0.395583222373682,-0.3363965349719598,-0.5520196162358345,-0.7777755629767077,-0.8242869877739216,-0.3229150735982323,0.0605559970816427,80.0,-0.0026834671250741,0.5713985486045086,0.21944648,154.0,0.25059683830106916,0.23748962679564084,0.6,0.7221001850615655,0.5790891315887553
2024-11-25,0.0045786201140805,-0.0790899978991181,0.0151517506699081,0.2989214824777209,0.3653871108531931,0.7021310351393079,0.2766739742391997,53.05765174330292,-0.0495914323949724,0.1303796224522229,61.22406393384785,1.605158575955537,0.0013846596563422,0.1555032830628442,0.3810712946443458,1.07904697299558,False,False,False,False,False,False,-0.0199081047938413,-0.034916416013512,-0.3636114949425559,-0.3450818107464194,-0.5973831068679926,-0.7926799435830856,-0.8272564948290116,-0.3198078509675048,0.0654230137095249,82.0,0.0064005692772942,0.6135570475608368,0.20750706,483.0,0.23982439347032206,0.23555526758160472,0.64,0.7015751387961742,0.5830188650346421
2024-11-26,-0.0535831824409117,-0.0893291080298525,-0.0870440925662312,0.1917745777717136,0.2845184491404052,0.6447399270325133,0.2755919913280685,49.51922487574144,-0.0637529613597012,0.1383470852746817,57.470702624879685,1.612023039904696,-0.0589532192336599,0.0913875997887156,0.3089126901965752,-0.3769131793169087,False,False,True,False,False,False,0.0904960466285444,-0.0532385827293403,-0.3197530829054342,-0.3853068798958524,-0.5760937618855361,-0.8157828295407947,-0.8249619820990088,-0.1555638174039798,0.0098368001936842,79.0,0.0253976972993518,0.6186817323264897,0.061516855,539.0,0.1952475088307522,0.22432698289324587,0.58,0.6711813540971306,0.5828240995485361
2024-11-27,0.0334078639610637,0.0244457767584088,-0.2926818235046526,0.2342388779264987,0.2727642496340295,0.7050072582956366,0.3093830386893736,51.66184124309405,-0.0646672152166911,0.1288386737209161,51.50967048323675,1.6137049355131532,-0.0385026472317222,0.1231118923057067,0.3530353149289629,-0.4071459314510092,False,False,False,False,False,False,0.0238488552083007,-0.020860014855874,-0.3646039566669768,-0.4513860524403331,-0.6110843663911583,-0.8239665719126092,-0.8330927137007852,-0.1268764851212278,0.0441431509109727,75.0,0.0176790564695675,0.6256213115029485,0.17488013,464.0,0.19015566464284528,0.2211368634858832,0.5,0.628386015572848,0.5774806092550822
2024-11-28,-0.0118627088824951,-0.0594865482260852,-0.1503904378904783,0.165150557794531,0.228431513253447,0.6869061067442891,0.3474957389517631,50.82796463461357,-0.0659663126200246,0.1262143436350979,44.46227530255003,1.6050465080254763,-0.0606709806296476,0.1038251809471642,0.3367672503573125,-0.2728006213895411,False,False,False,False,False,False,0.0646324263732572,-0.0426795015208435,-0.4039099279877388,-0.5004371965713016,-0.6166812992155689,-0.8129339995302622,-0.8503432393561265,-0.1371729027485847,0.031829962958388,77.0,0.0176790564695675,0.6184903259396788,0.30925795,482.0,0.2199312370718976,0.22682209515512008,0.54,0.6062895116796361,0.5750625054321736
2024-11-29,0.064090085175323,0.0238290017763309,-0.1636916416030316,0.2410825423962566,0.286368149880209,0.7720704983057016,0.5124179507162722,55.15191122090089,-0.051928339292654,0.1156410738468156,37.95137538199893,1.6165291472517216,-0.010649972438743,0.1697381768346905,0.4243774953924254,0.492586858121772,False,False,False,True,False,False,0.0629377141505446,-0.1108627978328855,-0.4454375604568032,-0.5260202234108194,-0.6752234583610448,-0.8223096754329319,-0.8684256005070333,-0.0800637212865434,0.1262653462186717,78.0,0.0193154263457726,0.6171246354653659,0.24269493,448.0,0.22562216011445674,0.22784614896718552,0.56,0.594717133759727,0.5740907308881624
2024-11-30,-0.0315059201237841,-0.0282083583085026,-0.1259769631612887,0.29015422154851,0.3246835948958743,0.8216104258161752,0.6503173299450945,52.66046221968319,-0.048410045319565,0.1139176495022345,34.54937043088206,1.5915413578621185,-0.0475755458982154,0.1300061231586611,0.3790050880485291,-0.3091906239877253,False,False,False,False,False,False,0.2211519677461494,-0.1066334654072899,-0.3962243792104566,-0.5047470445156349,-0.6283816985286098,-0.8027701636003217,-0.8630907317070978,-0.1085953426544878,0.0913344741988313,84.0,0.0193154263457726,0.6050067349708164,0.24908188,251.0,0.2314870900493931,0.22921619612118663,0.68,0.6160378503197953,0.5809235869598939
2024-12-01,0.0543915424487122,0.0595163002519885,-0.072887797949276,0.4245629660062534,0.4215621979679353,0.7795251765209126,0.7433522478070878,56.3675277860525,-0.0337035069777922,0.1072504369515446,33.95643727036876,1.5650400147994852,0.0022517202021948,0.1873845337690539,0.4551431956821741,0.7730251870876066,False,False,False,False,False,False,0.1109529218898607,-0.1511270408579135,-0.454166823031143,-0.5398233896049179,-0.6558480184110215,-0.8181835546094628,-0.8750406577197101,-0.0587676496018321,0.1523378341768838,81.0,0.0193154263457726,0.6002855085389568,0.2026434,185.0,0.22427616615459856,0.22750182182112394,0.62,0.6170283877398465,0.5834446458657072
2024-12-02,-0.0750466212330876,-0.0201089410951798,-0.0991989389942979,0.3601929027337764,0.4232001272167653,0.7360247142735231,0.7739552480535457,50.54595542922198,-0.0395397139793381,0.1179320534829076,34.56345316605513,1.5937358637722243,-0.0678260196410398,0.0980161482865339,0.349129859616984,0.2063099629064415,False,False,False,False,False,False,-0.0153131673602032,-0.118722794682675,-0.4151239598576971,-0.5219244566315804,-0.6348044382973481,-0.7559706311232156,-0.8643866524097671,-0.1268185275423028,0.0690240793249764,80.0,0.0217389396050185,0.6051742885973495,0.23374858,470.0,0.22664427086238217,0.2279048387994858,0.6,0.6127712908048849,0.58451273322921
2024-12-03,0.0531584400239279,0.0866326813696598,-0.0026964266601927,0.4567217358643572,0.3617272117740001,0.697233277901035,0.9553041233750178,54.12073904345877,-0.0314854856333858,0.1119947912851823,26.28093746128552,1.5870736044844218,-0.0036824558895273,0.1542156758762087,0.4212556701860685,0.2261500914808007,False,False,False,False,False,False,-0.1318066487285901,-0.177475145651399,-0.4349212987925298,-0.5290073023652563,-0.6920542437801407,-0.8040820822167959,-0.8858873278714723,-0.0791456812489404,0.127389290022953,76.0,0.0168640350027522,0.602393925457711,0.12999578,451.0,0.20248214769753928,0.22158812521261645,0.52,0.5895784681036637,0.5803506214079708
2024-12-04,-0.0296559040212206,0.0235689133873754,0.0480146901457843,0.5082304178535292,0.349150469253832,0.7347897666638021,0.8150714501435856,51.84286929282071,-0.0320702797793589,0.1139897078598667,25.366277664228765,1.55759598084134,-0.0270631871443308,0.1156097254641339,0.3778274251772319,-0.2366416944529497,False,False,False,False,False,False,-0.0436674513398551,-0.2764807780962348,-0.419007976000294,-0.4454231737824544,-0.7028007910569366,-0.8196098621140285,-0.8798532046664501,-0.1060534888359213,0.0944464309041465,78.0,0.0194352570393516,0.5984843913963585,0.11398986,485.0,0.18035907572800752,0.21464630163886134,0.56,0.5821838510777477,0.5790376780913276
2024-12-05,0.0271979777615263,0.0626296000313971,0.0031430518053117,0.4443055599984632,0.245427462006627,0.7874875526175603,0.714294854463218,53.76256660686372,-0.0262181666971131,0.1100911571676201,19.49838442566077,1.535074524702978,0.0088175062970468,0.1412389087518524,0.4135260127280347,0.1816739953127266,False,False,True,False,False,False,-0.1007971626974262,-0.3669847961357511,-0.3838866689752605,-0.4620371145716758,-0.7371873221852091,-0.8225777282331436,-0.8816994834448524,-0.0533302257735749,0.1246216529993334,84.0,0.014547803379845,0.6093570487818335,0.27722737,675.0,0.20457614977877464,0.21868379004481067,0.68,0.6066378883083108,0.5855513762789838
2024-12-06,0.0624969883848962,0.0610365032409702,0.0848655050173012,0.3466002706524136,0.3212611663395503,0.8582972090999654,0.600899341883081,58.08729925951253,-0.0086955358491348,0.1024157590616482,18.08380051591528,1.4543081119162904,0.0758414443917729,0.2068614918957955,0.5025309211106425,0.1628524176117312,False,False,False,True,True,False,-0.1635095920200031,-0.3972186996675957,-0.3808063454738724,-0.462955009031708,-0.7695940910854212,-0.8362746958469166,-0.8894792330808862,0.0077216942146059,0.1731300695289741,72.0,0.0113344515921194,0.5520087592131161,0.09260276,558.0,0.1765828022340024,0.21054953001609295,0.44,0.5649784162312331,0.5761609649061462
2024-12-07,0.1072522257276556,0.1997946490924099,0.1715862907839073,0.5032061627897652,0.457711225789882,0.9078505096188828,0.757100212300202,64.72686332579809,0.0269704692903398,0.0961599912605877,22.990234984067648,1.4742116724370578,0.1926472338094303,0.3321992415038711,0.6685675897749984,0.0108779695862268,True,False,False,False,False,False,-0.2684231298078526,-0.5138951728618734,-0.4410960137637817,-0.5441247769666682,-0.7956127546358545,-0.8627911026630524,-0.9140726441521592,0.1218109063649442,0.3059459909791371,75.0,0.0113344515921194,0.5526002171715438,0.24639997,286.0,0.19403709389113521,0.212862461554573,0.5,0.5487338121734249,0.57124735426704
2024-12-08,-0.0401849714206097,0.105218135223088,0.1647344354750765,0.4701638043272379,0.4753573364404779,0.8052111759478425,0.7221405602244695,60.715256663236495,0.0370804065601383,0.0982848960396918,25.762200620549663,1.4854211495727048,0.1405833609938916,0.270238977446482,0.6004394731855115,-0.4131628652636103,True,False,False,False,False,False,-0.2359055524170598,-0.4873827047114917,-0.4371853562326659,-0.5882471543295053,-0.8092191026916415,-0.8570357282130453,-0.90788362809331,0.0776247233490795,0.2545070468230115,79.0,0.0113344515921194,0.5527575063519305,0.1887532,191.0,0.19271612105774236,0.21130702549024982,0.58,0.5565503591300687,0.5718120410885212
2024-12-09,-0.1956963812250161,-0.0154316247688402,-0.0355405658640202,0.213818679883302,0.2329679788122412,0.6218922189547246,0.6327982014605783,47.09087165184766,-0.0020230293596584,0.1341966373802068,26.40218833377212,1.647955018592386,-0.0588809661754436,0.0421083407782366,0.3155758673776619,1.401913847451604,False,False,False,False,False,False,-0.1050177821970526,-0.340587161965078,-0.3213870797094089,-0.5465473742020999,-0.7791314719260594,-0.8558873318659022,-0.8960371960726025,-0.1139103003839102,0.0315332863104543,78.0,0.0089797653904697,0.5769398094809434,0.23767114,528.0,0.20395487500732654,0.2130079359009485,0.56,0.5574127693475515,0.5710499739215199
2024-12-10,-0.0727507694142334,-0.1413408342070016,-0.0547081528373418,0.0381646506450131,0.0359481997402927,0.6146003618246676,0.5017081515155206,43.66550208893418,-0.041314641773719,0.1460973281188203,28.085361795379303,1.6332984168602482,-0.1223925114923652,-0.0333280649124056,0.2233125310360096,-0.2519520704367196,False,True,True,False,False,True,-0.0526017584169822,-0.2815012265121729,-0.3507412650209218,-0.4908092808857781,-0.7481785223106954,-0.8499455417069679,-0.8699113796827513,-0.2865763744629085,-0.0408467803146365,78.0,0.0004193606793888,0.5617032210258939,0.099715926,631.0,0.17789513769377405,0.2056987739559271,0.56,0.5580595770106636,0.5703370723781961
2024-12-11,0.0670353580147969,-0.0446495721709841,-0.0210806587836086,-0.0261042265935485,0.1322401617808458,0.6711672075602951,0.584157084894026,47.44781103070516,-0.0521915853575842,0.1352277356916685,28.680531821825227,1.5835250981367732,-0.0584028685686398,0.0292755003385714,0.3082326245457219,-0.4634552367249464,False,False,False,False,False,False,-0.2434439014781618,-0.3510672090063862,-0.4396981474728428,-0.5357496916672323,-0.788889878632756,-0.8536189355332046,-0.8799898906841133,-0.2371123694750018,0.0256544651507996,74.0,0.0061065232101756,0.478680024651144,0.21902953,509.0,0.18817873599103938,0.2065588227899212,0.48,0.5385446827579976,0.564508874160248
2024-12-12,-0.0343990945519955,-0.1062466444845059,-0.0436170444531089,-0.1091159819407717,0.1017459604108632,0.5888933919535716,0.6253575184908812,45.72364857425789,-0.0637880129498327,0.1361000433470769,29.85570039441191,1.5773370200234813,-0.0866068688306501,-0.0086215437324513,0.2640012578260355,-0.0893922621017252,False,False,False,False,False,True,-0.2960262383477724,-0.3773348915444333,-0.4781655629203313,-0.5190199000921216,-0.7774847509368182,-0.8375834923394152,-0.8655880141102337,-0.2629087828916322,-0.0090271911600191,83.0,0.0002264445066903,0.4797188467229198,0.27899498,365.0,0.2108827963618327,0.21123212309213354,0.66,0.5689085120684982,0.570669591956361
2024-12-13,-0.0097965926015748,-0.1785402254709771,-0.1175037222300068,-0.3579581694418317,0.0325932788416266,0.622819189639251,0.6800245155830705,45.23059919449263,-0.0703297118256566,0.1309172253029831,31.121903490066348,1.3119553104147397,-0.0905352789125517,-0.0205152396919336,0.252973671392913,-0.2864455733930384,False,False,False,True,False,False,-0.2793924537783598,-0.3762914900067738,-0.4669216680688438,-0.5614660916679333,-0.7853906180229581,-0.8388281063392826,-0.8403473004648654,-0.2700945099658035,0.0998013803272704,76.0,-0.0058332041108175,0.4725127054356057,0.29344988,207.0,0.23152456694453125,0.21653649442119766,0.52,0.5566813840513737,0.5674005860236926
2024-12-14,-0.0267605271408904,-0.3125529783395232,-0.1127583292471131,-0.2305646020860526,0.1015109960735813,0.6368963251002426,0.7127543618723331,43.8643238790276,-0.0762867288843163,0.1301694598274641,32.84467489421636,1.2093810495012818,-0.1100729553724031,-0.0497998545872652,0.2223386995540628,-0.180987191111435,False,False,False,False,False,False,-0.3355382777336138,-0.3241568858802088,-0.4456329666410067,-0.5504975504608256,-0.7873621487022754,-0.8214282001075083,-0.8432751683243297,-0.2893681293538124,0.0707604243456382,83.0,-0.0058332041108175,0.4489223164380075,0.25747988,108.0,0.23801339427835616,0.21917800292820627,0.66,0.5825110380385303,0.5733747417640995
2024-12-15,0.0033041319534258,-0.2690638749654876,-0.1638457397423996,-0.3046517590205032,0.0787076196915813,0.6379364110526741,0.6978266728581398,44.08627913030295,-0.0758688668741455,0.1248931624101701,34.326098488404824,1.170777549804573,-0.1025175696365323,-0.0497903532048631,0.2285487233173454,-0.1189467700707151,False,False,False,False,False,False,-0.329117889928306,-0.3569907356684993,-0.4578969615663578,-0.5749974448439374,-0.7931141949595357,-0.8245062824246797,-0.8490425706967599,-0.2870162245206337,0.0743042094208911,80.0,-0.0058332041108175,0.4363279089519682,0.35772282,69.0,0.26794075042163484,0.22811637814906208,0.6,0.5868832785288978,0.5750925003599641
2024-12-16,-0.037583935540784,-0.1109514292812555,-0.1263830540500959,-0.2730150959957603,0.0779453740949545,0.5823599343977565,0.6801278322206461,42.08254711023308,-0.0786206998140378,0.1274163285053437,36.2274502403809,1.155793810447226,-0.1319699376575962,-0.0864142839663829,0.1848279555692472,0.603077176682038,False,False,False,False,False,False,-0.263211240494045,-0.3363313647359071,-0.4575196765740955,-0.5701996803711844,-0.7350760563170077,-0.8305514117691363,-0.8586656516511003,-0.3133156471742345,0.0346769676325258,83.0,-0.0001695232626508,0.4366749884592534,0.27527922,156.0,0.2697753687959548,0.2311591423922784,0.66,0.6051624588966733,0.5805704035625471
2024-12-17,-0.0158350846721321,-0.0540357445391543,-0.1953765787461559,-0.2901525579045919,0.0165378134232589,0.5145136083501936,0.6420916395854385,41.25424860736732,-0.079074830275221,0.1251865134024654,38.6370557735896,1.1553981479600255,-0.1399950531127008,-0.1021875605469516,0.1677278950347253,0.0602446943393761,False,False,False,False,False,False,-0.2416085000461054,-0.312994983409973,-0.427381804762913,-0.6055404819050665,-0.7453082197637744,-0.8145668221322367,-0.8603239881793744,-0.3241037116623782,0.0184218107976811,87.0,-0.0065333481108446,0.4343912585000347,0.31311333,178.0,0.2806098595456508,0.23644650945050164,0.74,0.638871844172505,0.5908561839778667
2024-12-18,-0.1579074905997247,-0.2789785931536759,-0.32362816532466,-0.3993245683162508,-0.1353402475620882,0.265257655851325,0.399217421417791,34.55169755307942,-0.1003412400781774,0.1513972793774945,45.61352451960155,1.2598831560137291,-0.2564980444415048,-0.2317897917980837,-0.0007594288749324,0.6798278704407541,False,False,False,False,False,True,-0.1422542330152373,-0.1969915844516658,-0.2335009085752948,-0.4878344235342164,-0.7147948494589532,-0.7920166778952437,-0.8373202567383334,-0.4228327106394378,-0.1303403109233278,81.0,-0.0303066861301353,0.4893896492203085,0.20106229,194.0,0.26072296762438324,0.2341636567027648,0.62,0.6341538831293787,0.592736430172843
2024-12-19,-0.1064346952973307,-0.351014193899011,-0.4572608383835171,-0.4624151913034041,-0.2763419457303857,0.1558534307542824,0.2852758881659773,31.317433544308287,-0.1229784409678418,0.1660485187993829,54.66462968510432,1.2974710790319162,-0.3183055916522841,-0.30702577120912,-0.0994600391938792,0.1167061340993682,False,True,False,False,False,False,-0.1154995507301711,-0.0267005796011402,-0.1501580338918823,-0.4429303301630863,-0.6963347045871454,-0.7509066638342093,-0.8062376881407118,-0.4811071232114035,-0.21814658209058,75.0,-0.0282038885663929,0.4959384274401398,0.118160024,147.0,0.22508223178961656,0.22667955138551008,0.5,0.600615412347034,0.5867534346778209
2024-12-20,0.0135569927110682,-0.3276606085863679,-0.506200834057345,-0.368491177765138,-0.1729606077522605,0.1677738355704349,0.2619999500395849,32.148735995011194,-0.1283184022439586,0.1664420982806695,61.80416204749704,1.279528704789714,-0.2965489108368689,-0.2962675274951469,-0.0848599642398826,-0.0567588510442594,False,True,False,False,False,False,-0.1344685283084871,0.0272277095933013,-0.10905499113503,-0.4589907766021885,-0.707683914285012,-0.759485053482657,-0.8015842161958375,-0.4740245958527538,-0.2074748259911928,74.0,-0.0255260355753637,0.4909145141944408,0.037648574,172.0,0.17822381722166225,0.21448400442630294,0.48,0.5704615592602755,0.57986611631151
2024-12-21,-0.1078779248553352,-0.4087780063008128,-0.721330984640336,-0.5484387187224723,-0.2469604155341652,0.1082673689556495,0.0280667020824094,29.25297809323645,-0.1377881349852852,0.1867647753119429,70.19200093730481,1.2841614261975782,-0.3525650269836875,-0.3669259714083466,-0.1757282772588461,-0.4648693117068643,False,False,False,False,False,False,0.0171287396579966,0.1497602060993434,-0.0621874180570625,-0.4640915479432591,-0.6780302198613403,-0.7418208171845019,-0.7732233540810644,-0.5278123233330505,-0.2885206843046106,73.0,-0.0255260355753637,0.4672643465902524,0.13187295,86.0,0.16663610091234807,0.20915425910747087,0.46,0.5428461694452067,0.572132818484961
2024-12-22,0.0129202879192971,-0.3991618503349414,-0.6682257253004291,-0.516292965976082,-0.2617933140495974,0.0950524953036964,-0.0281638492587848,30.02783341939736,-0.1337327076519745,0.1787963753118364,77.55309700269274,1.2887509354979307,-0.3303329331707924,-0.3575703941656244,-0.1623055936935728,-0.0301775094189905,False,False,False,False,False,False,-0.0415465628338407,0.097923634142258,-0.196763649110289,-0.5043519213789721,-0.6630999046311208,-0.7346427889866384,-0.7783931844884561,-0.5216719402595199,-0.2792685251248095,73.0,-0.0255260355753637,0.4727950937079377,0.14401028,52.0,0.16097964458484623,0.20495142146197862,0.46,0.522134627083905,0.5648984430988345
2024-12-23,0.0561238648087805,-0.3054540499853768,-0.4164054792666324,-0.480700541128351,-0.2433060270378815,0.0145642045511263,0.0606791944507808,33.55234470932122,-0.1156244796923019,0.1637445290097725,82.0371002143928,1.3077102462467414,-0.275661918646893,-0.3202188402104626,-0.1116046161488719,0.0202642973153008,False,False,False,True,False,False,-0.0992416392059128,0.0291169372936174,-0.3123387965129582,-0.5741960008286217,-0.6829626676248342,-0.746327672537562,-0.7525140118444853,-0.4940586875093547,0.1706599120889273,70.0,-0.0128364545282842,0.4712599331699226,0.100043215,118.0,0.14574553715302924,0.19818315006814635,0.4,0.4916009703129287,0.5542598338666517
2024-12-24,0.0130634293424108,-0.2765555359708338,-0.3305912805099882,-0.4343039956741612,-0.1174878318823536,0.0141833314397538,0.1463798832510181,34.40953750537429,-0.094746419536683,0.1551112202222281,85.82668766660993,1.3099924559191296,-0.2508470015544109,-0.3118852787827417,-0.0983236641648652,-0.3324732545840214,False,False,False,False,False,False,-0.0941288020345789,-0.0963676502503061,-0.2913130294677549,-0.6077835908310038,-0.6569103290172885,-0.7287187657687367,-0.7374044518445666,-0.487406000074361,0.1860530699424853,73.0,-0.0018277543737857,0.4938294136423389,0.17753361,142.0,0.15369255577858076,0.19685092178344243,0.46,0.4837007277346965,0.5481785542623516
2024-12-25,-0.0347994869067823,-0.1534475322778914,-0.4324261254315674,-0.4736821026950241,-0.1747606202173032,-0.1082949918418308,0.2284489324442837,33.19429885017253,-0.0791863607019025,0.1539143310583234,89.1434693224628,1.3099838796146586,-0.258886603344461,-0.3348730810681702,-0.1277632695112002,-0.2133310042060124,False,False,False,False,False,False,-0.0638153559519704,-0.1365795344241262,-0.2845941601719175,-0.5989687535918956,-0.6670654686359432,-0.7225918276588152,-0.7192731718266598,-0.5049372007089081,0.1454889308082023,73.0,-0.0018277543737857,0.4575788836632194,0.1462792,124.0,0.15183921706181605,0.19358823011428627,0.46,0.4777755458010224,0.5424896152776838
2024-12-26,-0.0757194204653714,-0.1227322574459321,-0.4737464513449431,-0.4958183407194836,-0.3040437629477699,-0.2112998915790783,0.1489215863130296,30.783284600520133,-0.0723368897029033,0.1612876193727914,91.292412449691,1.3202572233332992,-0.2909803580739323,-0.3807470457067825,-0.1896992700619662,-0.0040948282957929,False,False,False,False,False,False,0.1003944895701704,-0.1619340316434212,-0.227546086369153,-0.6121250578609153,-0.6975446459723382,-0.7126153575121368,-0.6528389221573601,-0.5410390173575724,0.0619556267257107,79.0,-0.0060256504708278,0.4741693509922498,0.18229106,130.0,0.1594521779678899,0.19285938047375886,0.58,0.5033316593507667,0.5449096400984785
2024-12-27,-0.008122292430325,-0.1444115425873254,-0.4720721511736934,-0.5373484971108725,-0.3031096191843738,-0.2645842474768429,0.167658761184764,30.53763326559056,-0.0628704034318989,0.156079084641312,85.75632271110494,1.3083809578408006,-0.2675144939940068,-0.3835601329396224,-0.194707722317143,-0.0141857889159148,False,True,False,False,False,False,0.1868172830108472,-0.1453085481598675,-0.2968928573111348,-0.6277555066286863,-0.6987253200998688,-0.7143443731162704,-0.6420867063991703,-0.5447517343748958,0.0533650474039419,74.0,-0.0132714759550845,0.4544629683811404,0.20925373,145.0,0.17190256557335243,0.19391708033930605,0.48,0.4974987445130751,0.5407219213824477
2024-12-28,0.0535173144545171,0.016983696722527,-0.3917943095782857,-0.47196847377386,-0.306817915979329,-0.2435369605204129,0.2149376329704289,34.34131989086852,-0.0447775452269256,0.1434354117893541,77.27363194397331,1.331849411079926,-0.1980301227873779,-0.3478552063051306,-0.1492610131783807,-0.0521618074105533,False,False,False,False,False,False,0.1303979145117297,-0.1797400583403246,-0.334901192084201,-0.6259327550993506,-0.7001057321462633,-0.7600782368257404,-0.6801157811974189,-0.519724343549708,0.1112740625800276,72.0,-0.0132714759550845,0.4560106519926247,0.178163,94.0,0.1734676759054496,0.19290068850462444,0.44,0.4831240583848063,0.5342237329061608
2024-12-29,-0.0464977053360393,-0.0424342965328094,-0.4415961468677509,-0.5825562642852224,-0.3414737218889657,-0.2961881144050134,0.1895142340204791,32.66200745620287,-0.0340872493952083,0.1445441434885133,77.30685692681372,1.3039979292887771,-0.2142066423627219,-0.3747487226952778,-0.1864175236635046,-0.2145993707176301,False,False,False,False,False,False,0.1455158816984033,-0.1569281058535988,-0.339041319104612,-0.6487043668131636,-0.6818259532654874,-0.7644015832863231,-0.6628099335744182,-0.541544827048717,0.0607852713624495,73.0,-0.0132714759550845,0.4545340787475815,0.1637503,64.0,0.1710383333720441,0.19102001865089563,0.46,0.4773430437886047,0.5294351049767311
2024-12-30,-0.0059600860192444,-0.1045182473608345,-0.4099722973462112,-0.5570104301806827,-0.2668562086321727,-0.2323268352848083,0.2645999956354924,32.44866001743826,-0.0236430754096551,0.1407085373990287,78.44228600955184,1.304061980157351,-0.2012359624134753,-0.3745235241441474,-0.1902421203033597,0.760293456212813,False,False,False,False,False,False,0.1425005662854712,-0.1826036449499593,-0.3523871751784901,-0.6401076873947306,-0.6557458608862948,-0.7610321888755711,-0.6699302578175995,-0.5442691327029173,0.0544817034605723,65.0,0.0059053554077038,0.4543157056588356,0.26594278,131.0,0.19476444556993808,0.1958537453291359,0.3,0.43300728284145357,0.5146328401395227
2024-12-31,0.0187235280565201,-0.0988581486467252,-0.375413684617559,-0.5926784445728748,-0.1681154785666214,-0.1711162466049395,0.1868467319480376,33.91833938299568,-0.010951631692029,0.1362086382449237,75.54028905147312,1.2847374549517687,-0.1642742940165767,-0.3570773528339276,-0.1740476289156077,0.1439096419793704,False,False,False,False,False,False,-0.0024714862562753,-0.1665007075504382,-0.4258273104716951,-0.6626541559156811,-0.6711255454195028,-0.7739701958813738,-0.6587946440715896,-0.5356558592174745,0.0744113153193645,64.0,0.0024768356992583,0.4542807469223999,0.11761499,148.0,0.17547708216818098,0.19080608382163747,0.28,0.3947554621310902,0.4994952375498761
2025-01-01,-0.0018838909375455,-0.0659425526774883,-0.2193900849553798,-0.5195157142773327,-0.1593228115435563,-0.0963155870605673,0.2165089999961904,33.837895111334674,8.536809857367933e-05,0.1326355772117071,72.32118134439196,1.2703731790534651,-0.1447892626004103,-0.351851118037826,-0.1745704475097644,-0.2999433251218374,False,False,False,False,False,False,-0.0777241743226272,-0.0454656805790741,-0.3621915206006261,-0.6739655815550633,-0.5897345880102974,-0.7720050411288725,-0.6679290058587117,-0.5365298094642481,0.0723891469496348,66.0,0.0024768356992583,0.453495498652223,0.3290613,99.0,0.21387313651674927,0.1997257751597547,0.32,0.37606659659831765,0.48791489964343254
2025-01-02,0.0858918746071653,0.0956687423950483,-0.0270635150508838,-0.4867822796940951,-0.0300605438297378,-0.1250550679200949,0.2104509982069397,41.00483112722731,0.0203445226863498,0.1198729296184658,66.46466421457164,1.2980580902182477,-0.0483430112005879,-0.2829086476299973,-0.099369891446421,0.5548442673736849,False,False,False,False,False,False,-0.2383949789825473,-0.1268442698138554,-0.4276482055145728,-0.7079305268455793,-0.681227378174105,-0.8143304293473458,-0.6813511091426893,-0.4949618637725621,0.1685701198170089,70.0,-0.010560006852588,0.4626747210911069,0.24312508,122.0,0.2211861226531412,0.20252573037927488,0.4,0.3820499474487382,0.48224297063417887
2025-01-03,0.0674841372018464,0.1712751720272197,0.0268636294398942,-0.3896422384710281,0.1185881793825011,-0.040491769217196,0.3451475281927739,46.3167497287355,0.0436643544534918,0.1124449853830525,59.77471302388208,1.3292563624247995,0.0347005568463823,-0.2250422872067315,-0.0361760575854137,0.2695150331862459,True,False,False,True,False,False,-0.2798457992860887,-0.1326703898810209,-0.473330773356954,-0.6632976087232703,-0.7336625332826338,-0.8226089658871752,-0.7365049010828657,-0.4597034902954132,0.2447319540440683,74.0,-0.0053034997303782,0.4537613862225694,0.2651857,138.0,0.23218602043185724,0.2065683099527414,0.48,0.40653746058655366,0.4820982628513286
2025-01-04,0.0048118499020008,0.1225697074747036,0.1395534041972305,-0.4120283663305534,0.0322771936679098,-0.1666009043239265,0.375459186287007,46.6987680152884,0.0592425361564354,0.1066530115896741,50.57303644810439,1.3230171226992695,0.0569038910658899,-0.2117161256321633,-0.031757727385202,-0.5193539780299141,True,False,False,False,False,False,-0.2743617701966631,-0.184340719944949,-0.5338954599282448,-0.6829169195513817,-0.7321141454837992,-0.8213807395684369,-0.7471853245283724,-0.4570973995578379,0.2507358507154938,73.0,-0.0053034997303782,0.4467440816998205,0.22131704,85.0,0.22946877480889927,0.2075198407906307,0.46,0.4199030954399152,0.48067256847382356
2025-01-05,-0.0332123255708188,0.135855087239924,0.0934207907071145,-0.5077376802862685,-0.1611374096338548,-0.1864765139467182,0.3505595288136968,44.38405738912802,0.0638224913589056,0.1062635059095119,40.8232192447795,1.295440194220297,0.0387084852615799,-0.2290244848022512,-0.063536599119774,0.0158308239641782,False,False,False,False,False,False,-0.2640242639880142,-0.2684041713727828,-0.5485586946051599,-0.6865551910423157,-0.7279658175707988,-0.8163666476247421,-0.739301624652466,-0.4748323183375169,0.2098782480641043,72.0,-0.0053034997303782,0.4303061274124882,0.26685613,48.0,0.23881561459113337,0.2113479887356117,0.44,0.4249273215799364,0.47804853179809303
2025-01-06,-0.0085958338183891,0.1332193394407793,0.0287010920799449,-0.6235857398323134,-0.1203795770425483,-0.1658745140424313,0.2842647697865693,43.79159834085668,0.0645043679588315,0.1038314536911451,27.40808968426022,1.216277109519619,0.0458728809594204,-0.2269355549355334,-0.0718231318398189,0.459646547956275,False,False,True,False,False,False,-0.2845549672613451,-0.3317948830038106,-0.5862433279048325,-0.6973727711571632,-0.7440223073962685,-0.8396934403790514,-0.7306226438176028,-0.0541601457241901,0.199522905865124,76.0,-0.0107629663986868,0.45037794931053,0.28857797,137.0,0.25125620440400526,0.21633056841993487,0.52,0.44869549118495233,0.4807550781337
2025-01-07,-0.1169703568041855,-0.0024745454199263,-0.1013326940666515,-0.7003711252158893,-0.2302073208886514,-0.2250137887754114,0.1048400507319532,36.99189096524896,0.0490310017951048,0.1181680419015847,24.06245315568783,1.260380897112054,-0.0588058934617451,-0.3040633798910164,-0.1744506677231155,0.2147795968783674,False,False,False,False,False,False,-0.1644356216731702,-0.2157352813580088,-0.5659557680978994,-0.6680651419472027,-0.7119984458098386,-0.8144315503175497,-0.6894881907210783,-0.1585699282257057,0.0671094479834448,78.0,-0.021523246827066,0.4836274210497322,0.3036942,160.0,0.2643657004517085,0.22196693101186282,0.56,0.47652161838871426,0.48586765373797747
2025-01-08,-0.0803202855119574,-0.0809109399943381,-0.1468534926718265,-0.5849950295028306,-0.3711763496195284,-0.3520270506905892,0.0368971894518939,33.506942222557,0.029679427074268,0.1279694612691717,26.31691724757893,1.118016616813593,-0.1233014604368935,-0.350031075100068,-0.238108352073658,-0.0093508615364478,False,True,False,False,False,True,0.0349770565870145,-0.1714282109922774,-0.5355319193868895,-0.6443300876775224,-0.7413203455524655,-0.8133886316620563,-0.5976029871287303,-0.223510884449242,-0.0152492770869419,70.0,-0.0088467977683224,0.4698952917187642,0.07179612,168.0,0.21622330514205743,0.21227849154097517,0.4,0.4573912137915357,0.4803278051097209
2025-01-09,-0.1055243882027143,-0.2723272028042179,-0.1766584604091695,-0.6177686482913115,-0.5796039976462982,-0.5818204485510187,-0.0031682864666438,29.87723468137459,0.0070413875805724,0.1429017441471955,31.53478390905448,1.143223968461465,-0.1994980850117349,-0.4083642610816421,-0.3143381957533684,0.310237630794079,False,True,False,False,False,False,0.1464679277188426,-0.0782898449562329,-0.537178507677987,-0.5810395570965903,-0.7216812800068408,-0.7587136116831126,-0.5167495352342837,-0.301274307344128,-0.1138695737251207,69.0,-0.0088467977683224,0.4783819270038569,0.11020408,167.0,0.18971849842081404,0.2056930455226596,0.38,0.4380434103436518,0.47385504348973895
2025-01-10,0.0115214177616195,-0.3282899222444448,-0.1570147502172249,-0.6732825885444887,-0.6993868151380372,-0.541042426763643,-0.0021153809841936,30.71878201656164,-0.004416350107487,0.1360862588772679,35.941690036711535,1.1054427308479735,-0.1831591584263702,-0.3935222198376653,-0.3059574450070335,-0.2220379751665832,False,True,False,False,False,False,0.2043665221409085,-0.1773555928574101,-0.5644691513295479,-0.5877573817130035,-0.7129960896348103,-0.7647006408754023,-0.3945236970611276,-0.2931774426244555,-0.103601054532329,50.0,-0.0136187614768261,0.4570340931793735,0.08452559,157.0,0.16342027197189582,0.19787579049701326,0.0,0.3285325577577388,0.44328375036136874
2025-01-11,0.0123980777373725,-0.3207036944090731,-0.1981339869343697,-0.6264854162551208,-0.7356013981958925,-0.5247394558442576,-0.0375920243015491,31.68037772729295,-0.0081544503072877,0.1295457417016776,39.31564804877513,1.111109259776176,-0.1655785941164217,-0.3780529261683232,-0.2965707391248348,-0.4793326198501155,False,False,False,False,False,False,0.1240577557168006,-0.1891609304118041,-0.5439649970669306,-0.5535846856949779,-0.6961149554473681,-0.7485120637744644,-0.4227136786603757,-0.2843596527393154,-0.0924182513352383,69.0,-0.0136187614768261,0.4558743684293339,0.22052193,87.0,0.17769568569889257,0.19933683155397258,0.38,0.3413994183183041,0.4392009277574095
2025-01-12,-0.0190667593334618,-0.3065581281717162,-0.1707030409317921,-0.6357555829870077,-0.9937137524288394,-0.6031623041453811,-0.0129363933477567,30.97081217722088,-0.0099789406298367,0.1253671571238327,42.273726207477566,1.110415389299256,-0.1708503317094363,-0.3813665744598339,-0.3091505242551207,-0.1702815130611368,False,False,False,True,False,False,-0.0059511573146444,-0.2160114867017365,-0.5833147378937137,-0.5735602832549859,-0.6956351820630355,-0.6985041019034717,-0.2588797367209485,-0.2978753354188081,0.032647163000609,62.0,-0.0136187614768261,0.4522686417940144,0.23295356,64.0,0.19151015510730884,0.2015056529590426,0.24,0.3160495637387281,0.426349254998867
2025-01-13,-0.036888212149207,-0.3348505065025341,-0.2016311670617547,-0.6458832679953243,-0.8764478700813769,-0.544372271921743,-0.0089869428950816,29.62636565489477,-0.0121601978609042,0.131751049322366,45.33952711074979,1.1116159139250543,-0.1886887781107015,-0.3956677800086703,-0.3332439153245549,1.3577137379607875,False,False,False,False,False,True,-0.066028714409597,-0.2077126098979689,-0.5597089338828322,-0.6273544823367888,-0.6593437076552271,-0.701020541266117,-0.2091677725342871,-0.3233035744921188,-0.0047513222880657,61.0,-0.0077505506397888,0.4523349852907938,-0.003746257,142.0,0.14269605209779324,0.18826359425647513,0.22,0.29203717280404606,0.41303639983764984
2025-01-14,0.0382322694358784,-0.1796478802624702,-0.1821224256823965,-0.6109551305128718,-0.915606889533375,-0.5322475108212904,0.0269812805398023,32.88067874888823,-0.0071412855622343,0.1223040436372861,47.26743811779276,1.127992588241303,-0.1470353092429689,-0.3636921631333958,-0.3065919406209478,-0.5267080734842464,False,False,False,False,False,False,-0.0613952210212255,-0.3111299616813409,-0.5952655903367393,-0.645622836011842,-0.6767072124984412,-0.7219077196164132,-0.2672603313355493,-0.296931005172412,0.0340360330960048,63.0,-0.0043785641561754,0.4467429800227751,0.17376171,139.0,0.15046246670448468,0.18732798885441604,0.26,0.28402787960303455,0.4031630837190918
2025-01-15,0.1337068536733631,0.0343792589228505,-0.0465316810714877,-0.4396643412987243,-0.7126794372944847,-0.3617189672037698,0.142695593099032,43.59383240483494,0.0125751079698127,0.1104171822894119,47.39004831333084,1.2470364340176925,-0.0232294393210881,-0.2651452430231834,-0.20682783247114,0.6792742570245267,False,False,False,False,False,False,-0.1994298001734869,-0.3318118935877504,-0.658436148589474,-0.6744292462839399,-0.7369842522299189,-0.780622785325678,-0.4434414797342757,-0.1963515807154223,0.1819628366412092,70.0,0.0012512116405147,0.4668257930363821,0.21999472,165.0,0.16784553097757463,0.18943552014102433,0.4,0.3130209097022759,0.4029590138017311
2025-01-16,-0.0032177982796616,0.1366858488459033,-0.1356413539583146,-0.4270470549062539,-0.7171996128108458,-0.4105092414829949,0.0874665534439396,43.40232539509561,0.0259398274596638,0.1083943018967041,47.51714241542231,1.2476626545004226,-0.024831077426429,-0.2591835225236591,-0.2086058329114061,0.0307667617785578,True,False,False,True,False,False,-0.1960436635347331,-0.3445020462003841,-0.6655012810920276,-0.6692150461176241,-0.7157819728310529,-0.7859151151969437,-0.4305500841956989,-0.1989334030969095,0.2965824111724996,75.0,-0.00638647919717,0.4671205089555453,0.27044412,180.0,0.19349517946744535,0.1946618817407684,0.5,0.3597656822767069,0.4092197225887162
2025-01-17,0.0607892898586769,0.1859537209429607,-0.1423362013014841,-0.2083502744478522,-0.607674842764103,-0.3436905220099405,0.0569073814034729,48.1705563277179,0.0419843039638745,0.1007351811257956,47.36140405146262,1.160877762012803,0.0376254108126866,-0.2047007884453269,-0.1582639289946076,-0.0356885350801937,False,False,False,False,False,False,-0.3169484604402329,-0.3927692304073439,-0.6117941929475447,-0.6652109227173935,-0.7438384836570758,-0.7996363877138343,-0.5032067393753492,-0.1487265748028727,0.3778456803419681,75.0,0.0147210206278611,0.4490947761570722,0.1777364,175.0,0.1895554849900646,0.19356991527735898,0.5,0.39482426170753016,0.4150765146797668
2025-01-18,-0.0566105089645256,0.1169451342410624,-0.2037585601680107,-0.1585260881150472,-0.6209412794184512,-0.4348680338454329,-0.0026726573607646,44.41047436743968,0.0451278668549461,0.1086662332852865,47.45119330379385,1.119402002866732,-0.0177835317803748,-0.2387024202687929,-0.2038227016312532,0.7555898873326874,False,False,False,False,False,False,-0.2786499933260709,-0.4285548494706067,-0.6112554736982609,-0.6551427130920959,-0.7081167894526087,-0.772952715078128,-0.3959830482202138,-0.195578917357763,0.3020118813622703,77.0,0.0147210206278611,0.4383010397686834,0.25682664,118.0,0.20637327353640222,0.1976509942385239,0.54,0.4311181962806476,0.4231360943778464
2025-01-19,-0.1419808295968771,-0.0059689360223527,-0.3125270641940689,-0.3140639104229925,-0.6825550881881305,-0.487024518175253,-0.1462900748525575,37.2872516277742,0.0315365052296693,0.1303376572702603,49.539124462867285,1.2139311311048555,-0.1409781149931319,-0.3299954391758396,-0.3087802971390913,0.3378464939416161,False,False,False,False,False,False,-0.2113179155459085,-0.3829361954647353,-0.5715601474302563,-0.505099949187382,-0.6707405157856807,-0.7283733107595971,-0.3526513943461599,-0.3020537897522227,0.1296748405816347,77.0,0.0147210206278611,0.4545826429982256,0.16979429,71.0,0.19722852796676624,0.19585378759461,0.54,0.45833864721048573,0.4306757011921789
2025-01-20,-0.0992288608319651,-0.0683095847051108,-0.4031600912076449,-0.3054148463996223,-0.8538535651220945,-0.5523752619337875,-0.1971474774439727,33.68438536161534,0.0137959131664467,0.1451263770682309,53.7091663954269,1.2055418830002944,-0.211867263887419,-0.3826944518819757,-0.3736121222058471,-0.0299102733728542,False,True,False,False,False,False,-0.1517004833813573,-0.3807939185573057,-0.5471042930601165,-0.5372669472476377,-0.6496023342738362,-0.6922214777169329,-0.3003101518648072,-0.3679849695139738,0.0229606068869294,76.0,0.0147210206278611,0.4547760451279467,0.13862465,204.0,0.18257755928011885,0.19216158537690464,0.52,0.4737539854078643,0.4364385591797803
2025-01-21,0.043181070109419,-0.0633607840315701,-0.2430086642940402,-0.2751540642095004,-0.7914470301855823,-0.5369473782590979,-0.1801015689058038,36.48028355759274,0.0075416500644005,0.1392316241833243,56.27166796916895,1.2174026242301714,-0.1676427100480563,-0.3457990275325422,-0.3452812811507512,-0.5240070582600318,False,False,True,False,False,False,-0.2660701780485638,-0.4465590232674519,-0.5767566101563697,-0.6038711618701517,-0.6505952652858239,-0.7082028775891622,-0.2317039176129586,-0.2669193622005927,0.0681007260754635,76.0,0.0218918859746258,0.4652242118794418,0.24246758,163.0,0.19755006501653902,0.19540713356070433,0.52,0.4853154890558982,0.441829619877859
2025-01-22,-0.0253634177116309,-0.2224310554165644,-0.1880517964937139,-0.3566413467299119,-0.8373418878582629,-0.5999473737677935,-0.3420771421787856,35.52445716946407,0.0025538600687822,0.1368753529216428,57.610654133211824,1.1953750194841577,-0.1742157102682387,-0.3512580510828554,-0.3608215299878513,-0.4123605537278013,False,False,False,False,False,False,-0.1653597566371458,-0.4394353189729689,-0.570743395996599,-0.5893621953800492,-0.637623135823646,-0.6464604664903334,-0.1564193816804244,-0.2852789771199659,0.0413507111184263,84.0,0.0435427047118533,0.4742634125533567,0.1615971,198.0,0.18856182448252373,0.19322584125875425,0.68,0.5339866167919237,0.45719545085348107
2025-01-23,0.0010029379799846,-0.2182103191569181,-0.0815244703110149,-0.3687018380923381,-0.8030058337664994,-0.4861896699746917,-0.3545185066525843,35.59544549703135,0.0010294891707453,0.1320283579142091,55.46601999299726,1.1929442925995273,-0.1550887643007541,-0.3398893748183291,-0.3598256341973803,0.3012753768317493,False,False,False,False,False,False,-0.1846597581634519,-0.4978665583867457,-0.5454531550826675,-0.5970296186872275,-0.6077662804124463,-0.6203245355617439,-0.2169713818152085,-0.2845617966773907,0.042395645211545,75.0,0.0472679197933276,0.4537486359227272,0.1673016,213.0,0.18324676716465005,0.1915533092556752,0.5,0.5254899625939428,0.45995703466938553
2025-01-24,-0.1021853526867287,-0.3811849617023239,-0.1952312407593633,-0.4360877038722845,-0.9097698065673088,-0.6108483240895879,-0.5443826957141156,31.92711616624684,-0.0071312776889917,0.14733074317405,53.60427339083337,1.2314808572789795,-0.2163552859713081,-0.3927120826331995,-0.4215165374116864,-0.2564674361815893,False,False,False,False,False,True,-0.1110029998848669,-0.4705721635144344,-0.4988811511903441,-0.5836129834860672,-0.5709481938842781,-0.5658154133081115,-0.1232305719271053,-0.3540578982073915,-0.058860386766644,75.0,0.0432630804746956,0.4540436363126564,0.0920338,166.0,0.16044352623923308,0.18513269597872728,0.5,0.5191174719454571,0.4625404517874897
2025-01-25,-0.0020563606005591,-0.3266308133383574,-0.2096856790972948,-0.3624246440074724,-0.858242984726956,-0.6664684069552425,-0.5737245355865507,31.859603555394784,-0.0103814512635824,0.1426532489415305,51.28053788961915,1.2120700880093562,-0.1977611822342662,-0.3809665281888708,-0.422152382762667,0.1117558299279608,False,True,False,False,False,False,-0.2078115405248718,-0.4375764315788609,-0.4494403007347131,-0.5823779930028032,-0.5870831750918298,-0.5011958580892684,-0.1348254916429833,-0.3553848233099216,-0.0607937206897914,75.0,0.0432630804746956,0.4333942612717455,0.2347226,79.0,0.17901329452621703,0.18833204458572353,0.5,0.5143381039590929,0.46495719683345815
2025-01-26,-0.0527419903805049,-0.2373919741219852,-0.243360910144338,-0.4070443419576522,-0.9443928390685248,-0.710153961142026,-0.6716285894344953,30.146233612322035,-0.0143824587559109,0.1450569869773698,48.33005860704488,1.2202010345625274,-0.2175921408947723,-0.397153228749886,-0.4512974070356597,-0.4348033395565195,False,False,False,False,False,False,-0.2176013419115729,-0.4685059091576753,-0.4560638204366422,-0.6351001242532563,-0.570839349525649,-0.4622815465922181,-0.0722699137030752,-0.3885020986951875,-0.1090456919747328,73.0,0.0432630804746956,0.4348945823335745,0.21242201,84.0,0.18736547421535674,0.18988623611456565,0.46,0.5007535779693196,0.46463737768291247
2025-01-27,-0.0263583887021873,-0.1645215019922074,-0.2328310866973183,-0.4869200451143568,-0.9588885188882168,-0.7937379610936858,-0.7304570056347699,29.33029032815334,-0.0164338394151197,0.1461615482408213,50.14015201616317,1.19650704981504,-0.2210449335211319,-0.3975426657446189,-0.4651331817577815,1.4555199044159275,False,True,False,False,False,False,-0.2700619659541059,-0.4442785892875728,-0.5296586537680201,-0.6372791629473333,-0.6095761559829646,-0.4794535322976099,-0.0597237045439245,-0.4044096286509528,-0.1322230116579044,71.0,0.0104278889380668,0.4350089808038147,0.15970123,162.0,0.1804494126969637,0.187938816245354,0.42,0.48056518347698973,0.4617575468646601
2025-01-28,-0.101639293257349,-0.3093418653589757,-0.3727026493905459,-0.5420616330356668,-1.1246178973208891,-0.8835353549246324,-0.8382497474406803,26.53193240734754,-0.022389007236447,0.1653271331209357,56.08139527771922,1.2290789595537064,-0.2810678800498721,-0.4444111645893445,-0.5162753010510394,0.4547464019908438,False,True,False,False,False,False,-0.2459211219118861,-0.4124662314373473,-0.4855674593525733,-0.5811457052020125,-0.5948771459016452,-0.4201853985718423,0.0529225562377304,-0.4619702580238358,-0.2160890242852353,72.0,0.0217184574566505,0.4307305051259982,0.21720465,188.0,0.1896382208417402,0.18982693424733565,0.44,0.4704238876077423,0.4603538341637143
2025-01-29,0.1032239544031094,-0.1807544932442353,-0.4031855486607996,-0.4328775926133127,-0.9898880227939956,-0.6997338012454855,-0.6652044278981212,33.47896613952261,-0.0157408575908182,0.1574804694392341,59.36689274779072,1.2995982031901725,-0.1932065189838263,-0.3730796675900619,-0.4631630069797812,1.660221474953043,False,False,False,False,False,False,-0.3283756858302729,-0.4888208153771109,-0.5127558383758571,-0.5950146538900334,-0.6315863138310953,-0.4911356059292824,-0.1089583240948652,-0.4034650715268603,-0.1308467890460353,72.0,0.0070871030913367,0.434136489690448,0.20206837,168.0,0.19274575902153152,0.19061670452563048,0.44,0.4628179157058067,0.45904068357250694
2025-01-30,-0.0223923469892777,-0.2041497782134975,-0.4223600973704157,-0.4739934676591106,-1.0666719122319854,-0.6421089462257321,-0.6451097142640501,32.72652398946987,-0.010580557534028,0.1556731197263973,62.66410291451835,1.294299334023428,-0.2001525837164877,-0.3743883853868897,-0.4743676811496441,-0.7152132851108437,False,False,False,False,False,False,-0.3841424526254189,-0.4897028785993313,-0.4953684417091313,-0.5930240773420145,-0.6369065152455546,-0.451888912685572,-0.2308392439690696,-0.4166744422838383,-0.1500928825438543,70.0,0.003618641802921,0.434363870910379,0.20473893,184.0,0.19574405173308473,0.19152781583802495,0.4,0.447113436779355,0.4552316072129904
2025-01-31,-0.0156969923958262,-0.117661417922595,-0.4988463796249189,-0.4878065691173912,-1.007322283394724,-0.6471293806609476,-0.5841221561779585,32.190657218432534,-0.0060773084210862,0.1584708564597789,65.70011721912212,1.2933265270173704,-0.2005095134762025,-0.3718270445818089,-0.4813335464584953,0.5730569495096136,False,False,False,True,False,False,-0.404466115839536,-0.3606947696130871,-0.448662528239156,-0.5540486820121837,-0.6286555429152462,-0.4591427650701139,-0.2514381580019126,-0.4257594092583072,0.1638544060658412,76.0,-0.0075601432743403,0.4431178949499221,0.19226266,210.0,0.19487370490913705,0.19157522542507457,0.52,0.46533507758451625,0.45941021319924913
2025-02-01,-0.1173509042694724,-0.2329559615915084,-0.5595867749298657,-0.6910493479940292,-1.1778316276881242,-0.721109891823767,-0.816104415914124,28.65430705213524,-0.009104376293607,0.1779525123158452,71.11518712326215,1.2855536366208202,-0.2754503427229474,-0.4293688524181127,-0.5375054749069695,-0.4204499992535262,False,False,True,False,False,False,-0.2900381699655433,-0.3197168163180635,-0.3965172570133382,-0.5055345331581634,-0.6294390494959236,-0.3640377609637842,-0.1379215976357485,-0.2620675017653698,0.0349844024602695,68.0,-0.0075601432743403,0.4403060866109716,0.16391556,127.0,0.18713416859421966,0.18979073085890638,0.36,0.43900130818838723,0.4529966510573621
2025-02-02,-0.0651769041741506,-0.245390875385154,-0.4827828495071394,-0.8237103893700262,-1.2133526278410542,-0.7051222099875251,-0.8642021585872222,27.03356817640625,-0.0127032895231045,0.1888554622899998,77.57592795969222,1.2507954765217328,-0.3077462814730227,-0.4537073891564807,-0.5654781821602398,1.0252373369308256,False,True,False,False,False,True,-0.3206863465986991,-0.3056798188115752,-0.1979758864881938,-0.5092098691571216,-0.5957364901446721,-0.3995104992162823,0.0015759175767838,-0.3086297828317087,-0.0303213467267098,60.0,-0.0075601432743403,0.4514053890303752,0.16391556,127.0,0.18132951635803163,0.18812136497442647,0.2,0.3792509811412904,0.43667428647301615
2025-02-03,-0.095763146628296,-0.3147956333112627,-0.4793171353034701,-0.924285385900323,-1.3363137522308766,-0.8920081922324133,-1.0908862902242495,24.97108114409035,-0.0178943572196796,0.2151609227400627,85.0965564224497,1.2672267332533904,-0.3547995932564572,-0.4919458349079443,-0.6037330797963832,0.9562827539984696,False,True,False,False,False,False,-0.2386731684165305,-0.2685864682002519,-0.2526994378442859,-0.4182215589527105,-0.5498675423926228,-0.3628901445773418,0.1274918213572707,-0.3717662542605185,-0.1188731632025031,44.0,-0.0204972534633649,0.4699749691466248,0.16391556,127.0,0.1769760271808906,0.1865597001147517,-0.12,0.2544382358559678,0.40075981637798286
2025-02-04,-0.0691019635428525,-0.2822583035967662,-0.591600168955742,-0.9601750238723568,-1.4679127041586255,-1.1213124335062117,-1.1466515378190751,23.67855261937045,-0.0219148861561057,0.2264795317771802,89.57491139121576,1.2742471639234043,-0.3753012687973869,-0.5147529689578626,-0.6287052820593131,-0.6400787539276196,False,True,False,False,False,False,-0.2208590034343866,-0.2352510789092441,-0.284243749950451,-0.4029221738327342,-0.5203214733521068,-0.3190157944148409,0.0975626471976588,-0.4137124667776857,-0.1777046631044739,72.0,-0.010439130075868,0.4869454620159927,0.16391556,127.0,0.17371091029803482,0.18509878782666886,0.44,0.30082867689197584,0.4032914411277904
2025-02-05,-0.0125738930843989,-0.3980561510842746,-0.5788106443285099,-0.9641530831383668,-1.58773882297068,-1.0845326601809149,-1.130027597180798,23.45025822501917,-0.0219094342412,0.2198361403429416,92.2109791665534,1.2734025900079384,-0.3589617261679489,-0.5095139121902164,-0.6317733690245958,-0.2072282480899359,False,False,False,False,False,False,-0.238891186876078,-0.23424250843463,-0.267456872474366,-0.348969533441741,-0.579585527977792,-0.293540206701801,0.0415349117191519,-0.421038230334892,-0.1879793847571442,54.0,0.0081499828718578,0.4692531888280983,0.16391556,127.0,0.171262072635893,0.1837321279442688,0.08,0.24562150766898186,0.38243392879696525
2025-02-06,-0.1090757923590539,-0.4847395964540509,-0.6888893746675484,-0.9562585186932352,-1.6566296439091244,-1.1864658395818866,-1.1812723074686464,21.617187977296823,-0.023928415824284,0.2389096271199904,90.81150631145913,1.2670651874789465,-0.3969116177735613,-0.5513512699252364,-0.6681997532456184,-0.0234534823692021,False,False,False,True,False,False,-0.1714039657773452,-0.0947688258783075,-0.1974834816456174,-0.2893757629721264,-0.5171614495669201,-0.1920659350167189,0.1450465604929947,-0.4808667183998799,0.0449797492932866,49.0,0.002612013049407,0.4331973609980429,0.16391556,127.0,0.1694254443892866,0.18245363966718486,-0.02,0.1792161307517364,0.3564704495197417
2025-02-07,-0.0492543873938973,-0.518296991452122,-0.635958409374717,-0.9251926205751752,-1.5101876500780056,-1.2963689701947037,-1.2772196712657644,20.884034701008343,-0.0240017113111085,0.2468467723655206,89.9149305755539,1.256706787720391,-0.3980227475640882,-0.5652567630866907,-0.6826221181993569,0.0265788639597799,False,False,False,False,False,True,0.0734993379732779,-0.053470909017232,-0.21351506698631,-0.2806184612060604,-0.5293000554040289,0.0149877435177593,0.2871485419545975,-0.5058168154257182,-0.0052430876139159,44.0,-0.0022079565873335,0.4274865759111393,0.16391556,127.0,0.16804797320433182,0.1812576345047515,-0.12,0.1044120980638023,0.32573042051846807
2025-02-08,0.0584020162758756,-0.3425440709067739,-0.5755000324982823,-0.7612662160965852,-1.379034864387897,-1.3408702137428836,-1.3430866646476038,24.18268142190776,-0.0180095979695619,0.2233168606117714,91.9762983915774,1.2641489525113168,-0.3377589335159194,-0.5307731160362538,-0.6620833581866279,-0.3217270502641906,False,False,False,False,False,False,-0.0418031577149433,-0.0210941891876205,-0.2574599813276598,-0.2934929547568864,-0.4834093520896936,0.0346322162542224,0.237510675238918,-0.4760960931114434,0.0545826913403013,44.0,-0.0022079565873335,0.415592920923593,0.16391556,127.0,0.16701486981561572,0.18013879096570093,-0.12,0.04830907354785173,0.29697361919469595
2025-02-09,-0.1093051570325438,-0.3866723237651671,-0.6320631991503214,-0.8820927908907485,-1.5553753794352374,-1.581479606028786,-1.4231352176543914,22.35093306739401,-0.0158416214026854,0.2447170597312932,97.99161318374156,1.289756765515241,-0.3851538985355521,-0.5724089307261998,-0.695745254368783,-0.0196826869301639,False,False,False,False,False,True,0.0220907201143192,0.0234096463825487,-0.3134450936821489,-0.2031004016435708,-0.431528395992351,0.4628007760022011,0.5922211097571409,-0.5303427719225573,-0.0546121586783802,46.0,-0.0022079565873335,0.4077443113257927,0.16391556,127.0,0.16624004227407865,0.17909213088078266,-0.08,0.016231805160888794,0.27265274053697364
2025-02-10,0.0182166402743996,-0.2726925368624716,-0.5874881701737342,-0.8762742283537215,-1.5027596446088425,-1.611875626549614,-1.4010136841979792,23.346150207566467,-0.0106418303828634,0.2302805846522153,100.2056742745644,1.2922874788345269,-0.3490940870154551,-0.5571572943235716,-0.6887866241361416,0.1645928045594376,False,False,False,False,False,False,-0.0392910095149349,-0.1536382490122005,-0.3472973506857266,-0.1521632138528516,-0.3959425861568663,0.3866036182455336,0.5654977460325681,-0.5217087928623456,-0.0372325500238667,43.0,-0.0007793924440586,0.4088758815503553,0.16391556,127.0,0.16565892161792586,0.1781129972529559,-0.14,-0.022826146129333407,0.24602998308297536
2025-02-11,-0.0459726792947429,-0.2495632526143619,-0.5318215562111281,-0.9031801483150026,-1.5389357313020102,-1.896893900743842,-1.5063424524603837,22.5707103131158,-0.0064279896414937,0.2329871321492186,102.10749227899174,1.29303728575002,-0.3529805489458273,-0.5689240246077887,-0.7013226823571209,0.185401581974794,False,False,False,False,False,False,-0.0184717214705637,-0.1244204704932303,-0.2870974959912923,-0.1232733458363549,-0.2560777256596656,0.8286679032752249,0.5202889768956561,-0.5431993470911709,-0.0804915641656533,47.0,0.0046197366898824,0.4139157523473298,0.16391556,127.0,0.16522308112581127,0.17719703353660182,-0.06,-0.032119609597000054,0.22628611320665437
2025-02-12,-0.0359895847899216,-0.2729789443198846,-0.6710350954041592,-0.9022815209557172,-1.5481647889510417,-1.778729391037094,-1.4466537928774603,21.979953613498296,-0.002570517269419,0.2329058621681259,102.00198466833456,1.2929817591798125,-0.3484814942237185,-0.5757210547005912,-0.7105837403264791,0.4635067379072901,False,False,False,False,False,False,0.0061077711377007,-0.0468231565735677,-0.2077428848971317,-0.1271209565023147,-0.2629495138368746,0.9495763360983488,0.4698868093712558,-0.5593470946460642,-0.1129958743103484,46.0,0.00952984422973,0.4207429502501991,0.16391556,127.0,0.16489620075672531,0.17634016425356092,-0.08,-0.044089707197750044,0.20652571880622508
2025-02-13,-0.0241193835074227,-0.1880225354682533,-0.6727621319223044,-0.9646331738990184,-1.57558830441189,-1.8802400634323928,-1.4968806847203089,21.58430455960533,0.0013616899172593,0.2279219150411813,104.31575216436862,1.2696022121818336,-0.3394309177313475,-0.5775875889382937,-0.7162433803016159,-0.4393622557034713,False,False,False,False,False,False,0.0924879395192046,-0.011102479069937,-0.2024726270434096,-0.1183814037489763,-0.2703345245280859,0.9225806555856304,0.4439791916753775,-0.5698482216331479,-0.1341339238925986,50.0,0.0127032500409365,0.4171853564949224,0.16391556,127.0,0.16465104047991086,0.17553857685974844,0.0,-0.03306728039831253,0.19320147888324282
2025-02-14,0.2096918697115425,0.0709237216371866,-0.4473732698149355,-0.8886481578608391,-1.3283124991595634,-1.6013275951553236,-1.250367125064609,33.84053286129323,0.014838681150531,0.191458626707748,100.68218002579354,1.413995752277161,-0.1594401877345084,-0.470640138431972,-0.6487254566577995,1.811994498771886,False,False,False,False,False,False,-0.118276968135094,-0.1375989972314633,-0.3024438143296233,-0.3665944624845723,-0.4665097220581156,0.3534612521554603,0.1446147086420414,-0.4694946785219823,0.0678708868908032,48.0,0.0087302497297484,0.3927575678488356,0.16391556,127.0,0.1644671702723,0.1747887047816658,-0.04,-0.034800460298734404,0.1781562221810981
2025-02-15,-0.0552237553652533,-0.0427020500039423,-0.3852461209107162,-0.9406541149464308,-1.3677011698526846,-1.6578537277572765,-1.3511633564294256,32.2965545704034,0.022274374321722,0.1931487743609204,98.06950643243502,1.4134088439050667,-0.1798015756028335,-0.4906895389967947,-0.6663106570979095,-0.6269799195497383,True,False,False,True,False,False,0.0216124366241253,-0.1128948098931436,-0.2731475969086695,-0.3725570348259257,-0.4515880658139941,0.458735071537552,0.2365283865769136,-0.4979969307585808,0.235802800638067,50.0,0.0087302497297484,0.3921015089304802,0.16391556,127.0,0.1643292676165919,0.17408721154733045,0.0,-0.026100345224050803,0.16666227236296277
2025-02-16,-0.0447528519515206,0.0218502550770808,-0.3648220686880862,-1.0461962567566283,-1.2545465312044806,-1.6538710995207313,-1.3898867787665687,31.1179559327184,0.0260548797313507,0.1935315222058254,95.23890839713536,1.3742074293553783,-0.1905279872841002,-0.5037101497901482,-0.6797375456138045,-0.2985939866584015,False,False,False,False,False,False,0.0012904199620185,0.1551214198311667,-0.2931357259372421,-0.3384102369938608,-0.4296044690881075,0.4142720447799256,0.2686895070396662,-0.5199677055474314,0.1817163882635794,54.0,0.0087302497297484,0.3563655471541731,0.16391556,127.0,0.16422584062481077,0.17343097594101672,0.08,0.0004247410819618984,0.16107115801696517
2025-02-17,-0.0437173501480391,-0.0400837353453578,-0.3127762722078294,-1.033303097940142,-1.191829186055189,-1.654244377358593,-1.4681711317855748,30.01550204931894,0.0274126654676223,0.196744509509807,95.21833811751756,1.372375198057421,-0.2038067695657325,-0.5161609483389733,-0.6924370515539539,0.4249218594950703,False,False,True,False,False,False,-0.1190238049500622,0.0217209959417536,-0.2045834322811337,-0.3339101611954206,-0.3619214484294148,0.6974889695260942,0.2244772341909145,-0.1999025176068496,0.131167853605178,51.0,0.0087302497297484,0.3563052473729199,0.16391556,127.0,0.16414827038097496,0.1728170781157555,0.02,0.005318555811471424,0.15196979298361257
2025-02-18,-0.0245333980870695,-0.0186444541376844,-0.2682077067520464,-0.9158556664303344,-1.2299195768533269,-1.598410754618465,-1.4028801846055874,29.40702408856798,0.0279412090799164,0.194064728559119,88.67332728326042,1.316553116245743,-0.1942241137303064,-0.518965772991156,-0.6991232832407589,-0.0964905800891925,False,True,False,False,False,False,-0.1079426353170415,-0.0640637334555881,-0.2192498613588652,-0.3127276049516296,-0.3212286511060482,0.6176675697555769,0.2863010157715674,-0.2192928003337758,0.1037541134351558,47.0,0.007534579030034,0.3401269958665648,0.16391556,127.0,0.1640900926980981,0.17224278660180145,-0.06,-0.01101108314139643,0.1382943224685408
2025-02-19,-0.0112559363450276,0.0060891943072093,-0.266889750012675,-0.827882741943397,-1.1332975883430194,-1.6817363070654916,-1.3802580038771846,29.12052261676979,0.0283942946531167,0.1869298450102556,79.44352275357996,1.294347918447294,-0.1735683051105642,-0.5148692565914822,-0.701769118815833,-0.2005776496825081,False,False,False,False,False,False,-0.0526096003129114,-0.0433745205310871,-0.1498216162046089,-0.3832130913286624,-0.295658599321738,0.6012180577780862,0.3035063203477455,-0.2280311196353577,0.0913999864618752,44.0,0.0194185735905184,0.3411465715545194,0.16391556,127.0,0.16404645943594043,0.1717055461532638,-0.12,-0.03825831235604732,0.12163017263186075
2025-02-20,0.0582490307703528,0.088457608584985,-0.0995649268832683,-0.8128147812824633,-1.0879688454919636,-1.6042618114680456,-1.349762159541561,32.85349253817016,0.0314795795654317,0.1686758149228254,64.30128589272749,1.3057352169028136,-0.0935969438472663,-0.4756547846807583,-0.6832658078088252,0.0884048882736201,False,False,False,False,False,False,-0.0948206518734943,-0.1134678728524452,-0.214980374800545,-0.4052467343560881,-0.3422180089652341,0.7319270409569621,0.1797641833223426,-0.1817292520321501,0.1568609900860505,49.0,0.0083848564107731,0.3149005000074237,0.16391556,127.0,0.1640137344893222,0.17120296637882534,-0.02,-0.03369373426703549,0.11249274213948264
2025-02-21,-0.0046430339931859,-0.1258772951197434,-0.0549535734825569,-0.7920943975640181,-1.14873574429393,-1.629436285422281,-1.3920417713318116,32.701654375457466,0.0334620566408173,0.1678350957535118,53.044584750650735,1.3080789631970806,-0.0736595688220214,-0.4661098761630685,-0.6842498244337838,0.9866214373942456,False,False,False,True,False,False,-0.0219139439462093,-0.1690853028118833,-0.2399794727418089,-0.3954396500559383,-0.2193790355810452,0.8626395450051128,0.0853621537127972,-0.1855197045212452,0.1101924793140308,55.0,-0.0091660654054398,0.3140264338159145,0.16391556,127.0,0.1639891907793585,0.17073281110596356,0.1,-0.00027030070027661557,0.11168675877564506
2025-02-22,0.0920357390893772,0.0213821993348868,-0.0213198506690553,-0.7010615964546256,-1.0697634345469638,-1.504067430221125,-1.1872512664293176,38.99175004663329,0.0387124619366202,0.1505934222041821,41.6677401071036,1.369195694358286,0.0339195885119118,-0.4000869867469277,-0.6532053627398337,-0.2370912720033481,False,False,False,False,False,False,-0.1316617160238793,-0.2414591777158649,-0.2782686164087699,-0.4516366851312415,-0.2346154070937746,0.5785008416332725,-0.0245401340023484,-0.1070005413419365,0.2172194815970756,49.0,-0.0091660654054398,0.3144649117022544,0.16391556,127.0,0.16397078299688575,0.17029298843135093,-0.02,-0.005202725525207462,0.1031908388546357
2025-02-23,-0.0648454632006586,0.0012895880857489,0.0231398431628299,-0.6637217069685555,-1.09980941084084,-1.5734915135358645,-1.2745700310581436,36.37708733327374,0.0388792343265604,0.1548144711032382,34.276348148746564,1.3481757719202712,-0.0163649169929114,-0.4228675619649311,-0.6742202848179578,-0.4914724298307076,False,False,False,False,False,False,0.153632749102886,-0.3291494674252679,-0.2213288186473185,-0.493596116232499,-0.1568107188425842,0.7026919113602748,0.2622646550008559,-0.1630699359776365,0.1407930528795397,50.0,-0.0091660654054398,0.3120935499574074,0.16391556,127.0,0.1639569771600312,0.16988154141316492,0.0,-0.003902044143905596,0.09653336538014308
2025-02-24,-0.1717316120194476,-0.1267246737856594,-0.1668084091310173,-0.833396958387444,-1.1958216023949164,-1.6916399431144,-1.4998653653426863,31.08908527427397,0.0319406093828005,0.1862358569822633,32.79277493837846,1.442962450062225,-0.1559028887665401,-0.5004192121305416,-0.72470259397364,0.9983648363716172,False,False,True,False,False,True,0.1597600499112667,-0.2288136266171103,0.0017427951554136,-0.3807979514403894,0.1478093319217275,0.9908723504759878,0.5640523630482358,-0.2352327709574614,-0.0392181808884079,49.0,-0.0114199757820446,0.355525503018968,0.16391556,127.0,0.16394662278239025,0.16949663936389414,-0.02,-0.007926533107929196,0.0890150837427145
2025-02-25,-0.0120335625886601,-0.1142248382872499,-0.1328692924249344,-0.7926885305955992,-1.1997328725532517,-1.737081369664124,-1.502842491737625,30.781442794778883,0.0270568289950468,0.1824218523479113,30.51100247502289,1.4410841586712768,-0.1501394048205874,-0.4923822410620557,-0.7271339324812657,0.4683593538687807,False,True,False,False,False,False,0.0491884306981179,-0.1857935458926284,0.0013101318820479,-0.4184195549917622,0.187996594069815,1.04966033014498,0.4492701035137774,-0.2443804950314829,-0.0507105234506967,25.0,-0.0264830041346759,0.3626579881055554,0.16391556,127.0,0.16393885699915955,0.16913656970489888,-0.5,-0.1309448998309469,0.05101411059802324
2025-02-26,0.0489248800725428,-0.0540440218696793,-0.0479548275624698,-0.7174052618208687,-1.2043253069352255,-1.6762937807090856,-1.5111432229145545,33.707446550969294,0.0258354750905503,0.1678589041804556,30.66566897621591,1.4648554002780223,-0.0980284308358443,-0.4540310652163884,-0.712567994612643,-0.3363962864914259,False,False,False,False,False,False,0.009747913621327,-0.1688246304275476,-0.0842422898568291,-0.355640767033614,0.0666566623360532,0.9267289996448496,0.3096598189747057,-0.2064926289210481,-0.003111761969489,21.0,-0.0262750427095178,0.3964042086507504,0.16391556,127.0,0.16393303266173653,0.16879973034648396,-0.58,-0.24320867487321016,0.010303522817505621
2025-02-27,0.0126708724492247,-0.0996221801908072,-0.0111645716058222,-0.6030950961142946,-1.1451567291499616,-1.727712993435184,-1.486630451038927,34.50372563011979,0.0256276605502336,0.1603715124303509,31.23966262217949,1.4426114726088084,-0.0797279899469331,-0.4350082046814538,-0.7081409038361164,-0.2487101963663404,True,False,False,False,False,False,-0.0206005815505468,-0.1935186851247115,-0.1084833589006705,-0.3723510948545827,0.0597660930746385,0.9244972806578784,0.3241871639372487,-0.1963742291342882,0.0096000465186866,10.0,-0.0447087890435943,0.3980909664177638,0.16391556,127.0,0.16392866440866927,0.1684846225595797,-0.8,-0.3824065061549076,-0.041974123815881836
2025-02-28,0.0728215252542852,-0.0221576209433361,-0.1480349160630796,-0.6334975252631189,-1.0663751178764318,-1.6233855480571144,-1.3332313265086044,39.220580667534456,0.0283523183571866,0.1494573190079006,28.94932081740308,1.4135031109720584,-0.0030517666329223,-0.3814158324147588,-0.6852280263255457,0.7000948144266783,False,False,False,True,False,False,-0.1504687220053571,-0.1911463652859449,-0.2655324663561065,-0.3685025249832679,-0.0412032720008044,0.6788909841666692,0.3229090283473961,-0.1356694929622728,0.2397210078652664,16.0,-0.0313531574897551,0.3841407001138936,0.16391556,127.0,0.16392538821886882,0.1681898443073144,-0.68,-0.45680487961618077,-0.08313708356969592
2025-03-01,-0.0269805521302487,-0.141173912162962,-0.119791712828075,-0.63808573040409,-1.1120791980632008,-1.7047576426360755,-1.280194676629822,38.1005889176673,0.0288273654490694,0.1508885789722935,29.05208397367759,1.4136458250226984,-0.0270113511063548,-0.386445335645499,-0.6927668476320972,-0.3661964066921315,False,False,False,False,False,False,-0.1264454921752651,-0.1806468824697357,-0.292707367546237,-0.2369152298843567,0.0374942510011671,0.4559089953603202,0.4266529194671952,-0.1586778228173788,0.2067198472617525,20.0,-0.0313531574897551,0.3907927054188997,0.16391556,127.0,0.16392293107651848,0.16791408400680816,-0.6,-0.4926036597121356,-0.11648307817810263
2025-03-02,0.2192443247199736,0.1429158757576702,0.1442054638434193,-0.4031444132882902,-0.8909509824056815,-1.4104666966830142,-1.0502737939492377,51.4764422671955,0.0384275625672354,0.1288101571378151,33.98945145742018,1.6440557581854125,0.2015003603810858,-0.2233218553636066,-0.6166655056419992,1.4015202315543465,False,False,False,False,True,False,-0.4184886541263551,-0.3880606298807327,-0.4272552204054552,-0.4142722744885354,-0.190594711528782,0.1202400088806294,0.1354112669146965,0.0475600734851082,0.5025296683687283,26.0,-0.0313531574897551,0.5142094423141194,0.16391556,127.0,0.16392108821975573,0.16765611469343136,-0.48,-0.4894527447841017,-0.13993578281177343
2025-03-03,-0.1664343575807558,0.1482131301963621,0.0214884564107026,-0.4522278665995735,-1.1432772145936023,-1.6300594942876976,-1.1733377584233404,43.578625979044055,0.0361524883240199,0.158166518234226,33.9612966556964,1.691336866058284,0.0158889278384253,-0.3300609420514218,-0.6747544815703225,-0.125636200924933,False,False,False,False,False,False,-0.3350466129248949,-0.2214933715972972,-0.3480707145587993,-0.3314576083122713,-0.0003881480406805,0.3550235146467362,0.2155711300021133,-0.1130535202751243,0.2721594052436679,33.0,-0.0447629552537737,0.5975772069047794,0.16391556,127.0,0.16391970607718367,0.16741478856156275,-0.34,-0.4520895585880763,-0.15284315166262677
2025-03-04,-0.1122297506193401,0.0480169421656819,-0.066207896121568,-0.499280713044763,-1.3229911024147891,-1.7126333408858172,-1.204402923032288,39.7301884292708,0.0295513075204019,0.1776752187277883,34.761960126379364,1.7166538068246402,-0.0898897912053719,-0.3895680606673757,-0.7086810849231221,0.0420110502945898,False,False,False,False,False,False,-0.2239654667507076,-0.1658084353075052,-0.2656846201869473,-0.3255644633109846,-0.0106720538993792,0.6501321740127788,0.5779876362926434,-0.2072127573771928,0.1371055301698059,15.0,-0.0398618468127401,0.594116399170084,0.16391556,127.0,0.16391866947025463,0.16718903185755662,-0.7,-0.5140671689410572,-0.18814359349084442
2025-03-05,0.0106086471332092,0.0097007092263483,-0.0443433126433309,-0.3929089192832576,-1.3171943051835808,-1.7292226715141343,-1.284917111515671,40.24053091576128,0.0252735683047308,0.1704717318572832,35.0050851136291,1.6949070574617424,-0.0795807741850924,-0.3701476568098093,-0.7049487728329624,-0.3422712479954385,False,True,False,False,False,False,-0.1768486387938629,-0.1112735317614765,-0.3552472499334248,-0.3508722371305078,-0.0562597046110985,0.6701349939570234,0.5822175676506137,-0.1987575876098842,0.1492328952231631,20.0,-0.0237828807177521,0.594923705755328,0.16391556,127.0,0.16391789201505785,0.16697784010219605,-0.6,-0.5355503767057929,-0.21471497455595123
2025-03-06,-0.0178455702736854,-0.020815733496562,-0.1204379136873691,-0.3416525260140905,-1.3018275498864476,-1.809565230172716,-1.4629649595203025,39.63473655540173,0.0215699794770304,0.1662188017248964,33.447808089912044,1.68297775585988,-0.0845468296277605,-0.3648083482279906,-0.7095635422025541,-0.2170184364214697,False,False,True,False,False,False,-0.1765552442821763,-0.114505158741082,-0.329123843985723,-0.342775541586485,-0.0416705245658508,0.544568328190858,0.4781606412537463,-0.2742534218794457,0.1289060899903243,25.0,-0.0370718426868121,0.5840370231329735,0.16391556,127.0,0.16391730892366024,0.16678027362137487,-0.5,-0.5266627825293446,-0.2331204600684705
2025-03-07,-0.0694332604979493,-0.1630705192487964,-0.1852281401921326,-0.3985118934276409,-1.3626649765660075,-1.986250716398321,-1.483044553608556,37.37727635339552,0.0165810315458629,0.1717037317368656,34.77469942094276,1.695124056319927,-0.1351845569774143,-0.390745531813409,-0.7284314851422289,0.1548493272613833,False,False,False,False,False,False,-0.04788245510702,-0.0853206354031735,-0.2724158665264395,-0.2456376105210569,0.0523469972807712,0.5514770229083565,0.5855343290054418,-0.3229347648422697,0.0531817721685864,34.0,-0.0317024226709412,0.5948231328135802,0.16391556,127.0,0.16391687160511204,0.1665954533651228,-0.32,-0.4749970868970085,-0.23872559167695628
2025-03-08,0.0009052173946857,-0.135184749723862,-0.276358661886824,-0.288530883673901,-1.2447894023671362,-1.9451605275830253,-1.4749967232557877,37.425620377548434,0.0134880922247381,0.1630864134764351,36.42817749069191,1.6599434569338078,-0.1255470736012776,-0.3709143779132814,-0.727480931652354,-0.3875316683051684,False,True,False,False,False,False,-0.0620469470524961,-0.0485266416935393,-0.2770813399106001,-0.2176852240295426,0.078160186156139,0.528025201962639,0.6454985783585561,-0.3223215961304461,0.0541355622570795,28.0,-0.0317024226709412,0.5947971665654742,0.16391556,127.0,0.1639165436162009,0.16642255699637085,-0.44,-0.4662478151727564,-0.2517110373752172
2025-03-09,-0.1876957213793081,-0.5421247958231439,-0.3992089200654735,-0.426972217659312,-1.352164838234487,-1.9371598677373167,-1.7233411878540157,32.340310174481885,0.0058544286063738,0.2000620746578555,44.11054239832614,1.7682558230653076,-0.2638556133006375,-0.461703586499577,-0.7734711760490255,0.2969685798703876,False,False,False,False,False,True,0.0523257619331713,0.1607223122625131,-0.2451315767404745,-0.031570361575778,0.5555804484534135,0.9726968319641154,0.902651136282576,-0.4382948189022138,-0.1262619503318196,27.0,-0.0317024226709412,0.6336420183861892,0.16391556,127.0,0.16391629762451754,0.16626081523205452,-0.46,-0.46468586137956724,-0.2651490349639129
2025-03-10,-0.0323478971645399,-0.4080383354069279,-0.2598252052105659,-0.5177221310997275,-1.2789883471963126,-1.896756995487624,-1.858592344842611,31.62683270638398,0.000692487000411,0.2026744084049902,51.42436014224682,1.7495719876650644,-0.276033195645698,-0.4643837278496432,-0.7800108205400189,0.1983700772716021,False,True,False,False,False,False,0.170768723845559,0.2989632982766074,-0.197078592242993,-0.009823578145998,0.7363203767881451,1.0767911226362037,0.9811021509640532,-0.4561740633342818,-0.1540732945837719,20.0,-0.0430542217808447,0.6370839182771234,0.16391556,127.0,0.16391611313075502,0.16610950842027472,-0.6,-0.4985143960346754,-0.28675232303075726
2025-03-11,0.042250326608415,-0.2535582581791727,-0.2055413160134907,-0.3661666474587684,-1.2482594383495171,-1.921542026894006,-1.9476462534875545,33.694672360263624,-0.0005727310123763,0.1920559591941525,56.33596375553847,1.7289578710237992,-0.2343414535880763,-0.4277406727697797,-0.7696948808087518,0.0694600617489269,False,False,False,False,False,False,0.0749412931402629,0.2297988143311899,-0.2857088738680727,0.121257302216958,1.1096447855656455,1.2962942163913942,1.146959865376895,-0.4327049419748527,-0.1175668406394854,24.0,-0.0663806491200446,0.6709489863261481,0.16391556,127.0,0.16391597476043313,0.16596796333828717,-0.52,-0.5038857970260066,-0.3018005602545794
2025-03-12,0.0695517240779376,-0.1946151812344444,-0.184914472008096,-0.3148315636552306,-1.191105792008952,-1.8175912082640728,-1.9267071902048445,37.25279410023318,0.0015463098844751,0.1738661034739212,58.36452734550959,1.7494771894610444,-0.1673663767652339,-0.3708169033688752,-0.7521551566753119,-0.2301000005659416,False,False,False,False,False,False,0.0796634861130537,0.1017623279840772,-0.2247613962648611,0.1243705793730705,0.8996865153054292,1.1447765740306168,1.1908949332292782,-0.3918440918474214,-0.0540073779541833,34.0,-0.0437522785312451,0.6711352626145305,0.16391556,127.0,0.16391587098269172,0.16583555019707302,-0.32,-0.45791434776950496,-0.3029747176575098
2025-03-13,-0.017489205392491,-0.19425881635325,-0.2150745498498119,-0.2863480897529785,-1.1895282380679812,-1.8252838210549889,-2.1832419904968208,36.70543437155333,0.00308795532556,0.1708806733743824,60.29804361925176,1.7450224914296582,-0.1694510468279696,-0.3659614339942821,-0.7555448805996994,0.2756116906916701,False,False,False,False,False,False,0.0753542786085306,0.1054399211185574,-0.2217440211339865,0.1813763517624075,1.4349734910312182,1.0243497197154794,1.0399938131705393,-0.4023877862664737,-0.0704082004995538,45.0,-0.0454303571062037,0.6765200090176337,0.16391556,127.0,0.16391579314938565,0.16571167983916302,-0.1,-0.36843576082712876,-0.28987957458283176
2025-03-14,0.0757587755687867,-0.0490667802865137,-0.2121372995353103,-0.17459972939427,-1.0768812503499874,-1.7227645183453115,-1.953329120431364,40.87852841036644,0.0070741043528812,0.1550526326384175,57.63237672051697,1.7671018561981633,-0.0883261712554565,-0.298857470447985,-0.7354373629708028,-0.2052167834948083,False,False,False,True,False,False,-0.0393209646193019,-0.0919648473811438,-0.219268545118205,0.2555940174436642,1.3214960217594458,0.7502963680925164,0.8836599554852131,-0.3553543105692336,0.2764326453670853,27.0,-0.0354849236817424,0.6847398569172887,0.16391556,127.0,0.1639157347744061,0.1655958011172472,-0.46,-0.39132682062034657,-0.30085508590006843
2025-03-15,-0.0140833837098397,-0.0640553813910394,-0.1992401311149013,-0.1645637295966871,-1.1291969034957057,-1.7401520340085772,-2.044803793029081,40.32966099956278,0.0095499149359543,0.1490402970408679,56.47800901791089,1.7661402636294443,-0.0880710624415035,-0.2934403509644832,-0.7384041077305517,-0.4261914491752533,False,False,False,False,False,False,0.0144146930557658,-0.1367670210547068,-0.0686741115774696,0.3022216396708886,1.2664893774065955,0.7022763074309105,0.989284309495714,-0.3643694721739604,0.2585821473893601,46.0,-0.0354849236817424,0.6849176716929848,0.16391556,127.0,0.16391569099317144,0.16548739844190657,-0.08,-0.31349511546525993,-0.2866063706807092
2025-03-16,-0.0726376139751069,0.0510027260131617,-0.4911220698099821,-0.4468932132833367,-1.335541371144176,-1.7752057124429002,-2.0482208084386606,37.64101620137962,0.0091420962463082,0.155089081903908,58.46722086781575,1.5999402431126462,-0.1449654676597258,-0.3275204938359816,-0.7560202756350926,-0.0077326466121879,False,False,False,False,False,False,0.1030066489394047,-0.0640497938824943,-0.0428337281235785,0.3203476082982635,1.1160653876597828,0.7895448157872401,1.1704090767745938,-0.4089031673194622,0.1704030697432525,30.0,-0.0354849236817424,0.6854567271273807,0.16391556,127.0,0.16391565815724546,0.16538598948755567,-0.4,-0.33512133659894494,-0.29392208870130865
2025-03-17,0.0743099388107823,0.1576605619884838,-0.250377773418444,-0.3173595191073012,-1.258013634053732,-1.6850606889599855,-1.9752132468645776,41.91112947429948,0.0114580851029229,0.1403995643336148,59.119676023882015,1.6224853512888615,-0.0749899981448164,-0.2604559208734118,-0.736482207525263,0.2163754328707321,False,False,True,False,False,False,0.1094960702485924,-0.1625899360949649,-0.1412502253713532,0.2334005753105192,1.003567196199713,0.6983671407200307,1.1343970346181096,-0.0478897085773755,0.2606886664733308,32.0,-0.0111096115996809,0.6900566161567245,0.16391556,127.0,0.16391563353030097,0.1652911230463887,-0.36,-0.34134100244920873,-0.2981851797528371
2025-03-18,-0.043144186323993,0.0722660490560758,-0.1812922091230968,-0.3157508534797735,-1.361947110236402,-1.5702973846842545,-1.969621953000505,40.16471839964947,0.0116902408797404,0.1435973653679369,60.15547820907401,1.622068540509085,-0.1061367222981643,-0.2767393834675958,-0.746898354716965,-0.2714051682963493,False,False,False,False,False,False,0.1440613754250118,-0.1197281165462983,-0.1915100017372744,0.2530948303675576,0.939375077556896,0.739739408830318,1.2502218747673293,-0.0880942010707815,0.207453922048905,34.0,-0.0273257137194549,0.6903917185687876,0.16391556,127.0,0.1639156150600926,0.16520237702078092,-0.32,-0.33600575183690656,-0.2995925875107186
2025-03-19,0.0739350806723381,0.0766494056504763,-0.1179657755839681,-0.1980984226593962,-1.231401520599538,-1.389927608714585,-1.8523428000179896,44.49960300508837,0.0142811998492569,0.1298032730961106,60.07437392154472,1.6435377279794745,-0.0315533129346411,-0.2081313697999403,-0.7267558051233236,0.5213032449371835,False,False,False,False,False,False,0.0204682682662378,-0.2745205942335777,-0.2695978053223974,0.2257897667763206,1.0693788815294516,0.4927386126436442,1.068972750003688,-0.0181173749705361,0.3001101955658516,32.0,0.010758436241927,0.7154725589845075,0.16391556,127.0,0.1639156012074363,0.16511935654521231,-0.36,-0.34200431387767993,-0.30348983992938194
2025-03-20,-0.0214884422604952,0.0726501687824721,-0.1216086475707778,-0.195053466832822,-1.1109091332631564,-1.424973043686149,-1.7934642214512868,43.48750664894981,0.0151283041789598,0.1287668038004742,58.663783794627214,1.643153902134664,-0.0412287939940113,-0.2085674701761201,-0.7319321091160041,-0.2579977473882273,False,False,False,False,False,False,0.0279774239136859,-0.2423714687479321,-0.2577884954370467,0.2165928017176515,0.966074286967152,0.563339340968753,0.9988166065078872,-0.0389914244462859,0.2724708791604371,49.0,0.0161677996466806,0.7221677330134486,0.16391556,127.0,0.1639155908179441,0.16504169222935783,-0.02,-0.2615032354082599,-0.28520017283716376
2025-03-21,-0.037006309251299,-0.0401149160376138,-0.0891816963241275,-0.2208038397390933,-1.0486865816824902,-1.3541014280821126,-1.9025401468045848,41.77606071004435,0.0143315774552506,0.1311946388147268,57.83948049364376,1.6465430083421764,-0.06514907585198,-0.2210285035404023,-0.7409483305265998,0.0657114416990658,False,False,False,True,False,False,-0.0547986172519942,-0.2045473401553495,-0.1752712276269052,0.3200814076942638,0.9968450608401064,0.625575070750916,1.2078950947294311,-0.0739048128587929,0.0810420281866363,31.0,0.0121171453140224,0.7200531114408705,0.16391556,127.0,0.16391558302582493,0.1649690385145262,-0.38,-0.29112742655619495,-0.29131629071863707
2025-03-22,0.0403433214029637,0.0143117890751897,-0.0497435923158495,-0.2387095491064823,-1.0515243303889454,-1.326678394598446,-1.842971360574528,44.351560510956105,0.0149688233981159,0.122639935365614,40.71209769619053,1.6387289818502888,-0.0024840490422877,-0.1722858879285777,-0.7295759313483533,-0.1656445479800975,False,False,False,False,False,False,-0.1490334427777868,-0.2402113482440203,-0.1777859367886987,0.1216256990301391,1.1988714120188764,0.497840078874177,1.393314660060489,-0.0357791704674057,0.1255465481852045,32.0,0.0121171453140224,0.7157051311608575,0.16391556,127.0,0.16391557718173555,0.16490107213613533,-0.36,-0.30834556991714623,-0.29574749776904763
2025-03-23,0.0110903652531309,0.0980397683034278,0.1490424943165895,-0.2229761498601654,-1.0150705474241837,-1.3717118941540958,-1.8524124352824465,45.08932384362132,0.0155172097097827,0.1177344549982825,33.12011765622205,1.6400478326168184,0.0217486691150562,-0.1492175801003174,-0.7257396099898906,0.1157036177271213,False,False,False,False,False,False,-0.1514555175007622,-0.34965631720466,-0.1656663887708584,0.0694265593105986,1.3279097031675828,0.3564755971461729,1.4131907154867276,-0.0250260917131496,0.1380987460879231,30.0,0.0121171453140224,0.7210363855496144,0.16391556,127.0,0.16391557279866853,0.1648374906853826,-0.4,-0.3312591774378597,-0.30247346565491556
2025-03-24,0.0801760919795542,0.1039059214721998,0.2615664834606837,-0.2348357969699883,-0.935897393424614,-1.304599231516952,-1.7389032271911131,50.4444804666444,0.0183201897789182,0.1099455730998441,31.97407170507879,1.6314941905357483,0.1091807623515789,-0.066058496822111,-0.7020697034902412,0.7976118055109995,False,False,False,False,True,False,-0.2452338621466177,-0.3818752163188301,-0.23771793770639,-0.0154380542676257,0.996331725401302,0.2336651498594724,1.2886397786266337,0.0563626267766439,0.2331047741176338,45.0,0.0435976292491255,0.7239850113098206,0.16391556,127.0,0.16391556951136826,0.16477801126371067,-0.1,-0.2734443830783948,-0.2894106614191146
2025-03-25,-0.0124655664306499,0.1345845413655428,0.2068505904216186,-0.1824559001999796,-0.8461776071685352,-1.2822653110408198,-1.755947413735844,49.60676267618545,0.0191718495406175,0.1079196889200987,29.905778966838948,1.618633708123942,0.0989909009165742,-0.0678496981138494,-0.7050159404362224,-0.3396993019749299,False,False,False,False,False,False,-0.230572850056505,-0.4191805051297068,-0.0882595680280118,0.021283724457627,1.0435048065883596,0.5149210919902342,1.113690574132117,0.0432762025810059,0.2178288340732482,46.0,0.0241278187865823,0.7240596765705004,0.16391556,127.0,0.16391556704589305,0.1647223692240821,-0.08,-0.2250832873087961,-0.27590029616626854
2025-03-26,-0.0403878522094799,0.0202616084837247,0.0969110141342011,-0.051112140390012,-0.884509098777456,-1.2469337427849283,-1.742752083504412,46.956707723341125,0.0177638534172925,0.113333623741052,27.53934366597345,1.5106908153940353,0.0601406031634851,-0.0962637898503013,-0.7159664143991357,0.3119399749273788,False,False,False,False,False,False,-0.2890720580670262,-0.2963649382044013,0.0205200802521176,0.0904458080804373,1.0952755038485669,0.6460726888129835,0.9480100445023176,0.0019800620045247,0.1696233534866476,47.0,0.0065125434543782,0.7027593394072581,0.16391556,127.0,0.16391556519678666,0.16467031699346182,-0.06,-0.18381246548159708,-0.26197124480070283
2025-03-27,-0.014156845125854,0.0275932056183661,0.1002433744008381,-0.0532354229272058,-0.845923953522805,-1.2529682954804573,-1.7903167925913297,46.0530526279648,0.0158875700260321,0.1133411475078879,27.12593099284569,1.510891690700346,0.0465993329103737,-0.1005254730160883,-0.7191674928280312,-0.3001430535822813,False,False,False,False,False,False,-0.2629910797382627,-0.2959762317263498,0.0686934035881502,0.3226541429819161,1.1617314757807018,0.5285131656190489,1.0618614281009722,-0.0121048801433321,0.153181831451085,40.0,0.0139107495215658,0.6955454478093519,0.16391556,127.0,0.16391556380995687,0.16462162297126864,-0.2,-0.18785934911119778,-0.257973099974851
2025-03-28,-0.1209567856243282,-0.0563572707546631,-0.0964721867922769,-0.2231170886240772,-0.940522350444946,-1.4274423955593027,-1.8994108693331628,39.50997860392658,0.0104700809376776,0.1299318115973629,27.1449963534324,1.5547069202514072,-0.0658058626916807,-0.1960171138384427,-0.7503483906280842,0.1055861017342045,False,False,False,False,False,False,-0.1584304949575797,-0.1401968826536128,0.3827592619321142,0.6131176159228569,1.40834751735872,0.637031452889117,1.2985253159725556,-0.1246535485578579,0.0218024198507172,44.0,-0.0167644597782414,0.6820371319836428,0.16391556,127.0,0.16391556276983452,0.1645760704988944,-0.12,-0.17089451183339835,-0.2490716096538929
2025-03-29,-0.0646818572345962,-0.1613824493922232,-0.1470706603170334,-0.3004698183078983,-0.903564914422193,-1.4456265474578598,-2.0281828117430822,36.76937246659001,0.0050334734634799,0.1359575757729655,27.85918604815488,1.5654898860418351,-0.1234086310795076,-0.239855520748919,-0.7652120809316698,-0.3811539335915623,False,True,True,False,False,True,-0.1071462852357712,0.0788812651254749,0.5085401872180049,1.18115016221184,1.5990203850166014,0.7883056875371327,1.6022759305873442,-0.266743224844005,-0.0421975288974906,26.0,-0.0167644597782414,0.6857485278833765,0.16391556,127.0,0.16391556198974275,0.16453345689570556,-0.48,-0.24817088387504876,-0.263970215482674
2025-03-30,0.0082400438298774,-0.1642327708154766,-0.0661930025120488,-0.365051299732306,-0.998548824995425,-1.4314264176087377,-1.9884368477894203,37.34889407851916,0.0019296106074748,0.127645087360872,27.297830452190645,1.5384527452255934,-0.1168195829998659,-0.2258568612965031,-0.7625546829644605,-0.3054076022926697,False,True,False,False,False,False,-0.2335773831445257,0.0226679428245696,0.410702834048522,1.0882644423494297,1.4185900506872684,0.9057667496579644,1.347435425281673,-0.26067619491027,-0.0342725884677918,32.0,-0.0167644597782414,0.6857120945072971,0.16391556,127.0,0.16391556140467392,0.1644935925572386,-0.36,-0.2761281629062866,-0.27016568545153374
2025-03-31,-0.0369384661084623,-0.2813473289034933,-0.1774414074312935,-0.3750092137105197,-1.0130949441146098,-1.4870884117737202,-2.079766856346595,35.787890352038474,-0.0007905452344202,0.1276428042693355,29.23390757901426,1.5400507090871427,-0.1465232952590095,-0.2479328452720821,-0.7704524342727852,0.5719499861491513,False,False,False,False,False,False,-0.1810380027922711,0.0254829881361823,0.4728752715950053,1.729257408268694,1.1183546065308836,1.07578687507602,1.3444271025452192,-0.2874874504185352,-0.0692942720706661,34.0,-0.0090539359068126,0.6819450217640438,0.16391556,127.0,0.16391556096587231,0.16445630011157597,-0.32,-0.287096122179715,-0.27338080251917674
2025-04-01,0.0067727603496913,-0.2621090021231521,-0.1275244607576092,-0.587480778080802,-0.9906251913690922,-1.4784317604864834,-1.997947474763816,36.30564547989652,-0.0019351579950264,0.122479884729043,31.83954623928954,1.2967428746441731,-0.1357874840190557,-0.2364374343149332,-0.7681232297158045,0.1308787966428071,False,False,False,False,False,False,-0.2451273718207794,-0.0815451300220376,0.423531586003979,1.7879080752531908,1.0158153103312362,1.0431152228317877,1.2846808018146654,-0.2826453951429378,-0.0629694310800112,34.0,-0.006104144959433,0.6074795965268136,0.16391556,127.0,0.1639155606367711,0.16442141363014964,-0.32,-0.29532209163478623,-0.2763884926792298
2025-04-02,-0.1194630518935294,-0.3411842018072015,-0.3209225933234766,-0.5405094723935757,-0.9927373389931492,-1.6837866869871785,-2.170568966681273,31.71187793794158,-0.0052483953899154,0.1394106681804084,38.07738267541808,1.2388505976847082,-0.22554104996143,-0.3162036470951422,-0.7935588285260731,0.6806918308652876,False,False,False,False,False,False,-0.0102582550315101,0.0067855667191264,0.6896272410122417,2.024335744408361,1.3264145916928396,1.086991394252467,1.4504837903351224,-0.363421822882832,-0.1684820764689945,44.0,-0.016890600658588,0.5307147291668726,0.16391556,127.0,0.1639155603899452,0.1643887778894605,-0.12,-0.2514915687260897,-0.26629891250637633
2025-04-03,0.0218720732911994,-0.3051552833901482,-0.2775620777717821,-0.406407648483036,-0.9056883615277992,-1.7293987508978252,-2.119040989368853,33.295850162585765,-0.0061673176582987,0.1336622146037847,42.40769621630901,1.1981305083010565,-0.1981319764437606,-0.2954038643397427,-0.7883413442452764,-0.2433765737049426,False,True,False,False,False,False,-0.0447554311505116,-0.0203490576887808,0.6057906368799134,1.5689778650892583,1.477532335122736,1.3692134817490342,1.2938354226956663,-0.3493451565694279,-0.1500947035367831,25.0,-0.0680696079782384,0.5290464293034869,0.16391556,127.0,0.16391556020482578,0.1643582476804287,-0.5,-0.31361867654456727,-0.281376402022094
2025-04-04,0.0117118256078152,-0.1724866721580047,-0.228843942912668,-0.4053044700084304,-0.798213389291688,-1.7224987751920111,-2.1345271415225646,34.19099542640511,-0.0057644719805741,0.1277086654577527,45.7436616571026,1.198416586100915,-0.1790173148581282,-0.2817668235672881,-0.7851842935822462,0.0721413375136645,False,False,False,False,False,False,0.0216661989232223,0.0368043429940403,0.6595348464257719,1.589531548412061,1.5048000922890843,1.372945135460499,1.203043665732255,-0.3416800016503559,-0.1400822432750845,28.0,-0.1184590295188713,0.5107911070346276,0.16391556,127.0,0.1639155600659862,0.16432968716230217,-0.44,-0.34521400740842545,-0.29161018253679766
2025-04-05,-0.0055277098550291,-0.1133325247784376,-0.274714974170661,-0.392986609589774,-0.7346391356038646,-1.6948141594762214,-2.20255183976249,33.95864829235735,-0.0049659778617695,0.1221646799815813,48.8769011227862,1.1986259103907957,-0.1766000523971945,-0.276565684445638,-0.7856868850532309,-0.6100213503910638,False,False,False,False,False,False,0.2083516563632929,0.0821615475712194,0.4762338137558419,1.4140289612768926,1.2881212858696964,1.1897450345554197,1.3270110577651573,-0.3453089644259309,-0.1448225056657666,30.0,-0.1184590295188713,0.5105363044843517,0.16391556,127.0,0.16391555996185653,0.16430296925824833,-0.4,-0.3589105055563191,-0.2986030739860365
2025-04-06,-0.1444489736418011,-0.2660215422501163,-0.4302543130655928,-0.4680023227336259,-0.8665142161612668,-1.830667299299633,-2.4542530391319466,28.83770359698046,-0.0071258007069107,0.1433324348489162,55.38724847748333,1.2694670882302892,-0.2743791218696942,-0.3654256385563333,-0.8138491148855297,0.748041995274024,False,False,False,False,False,False,0.3343394627632916,0.2829118407715852,0.6444021639664976,2.2045250303770723,1.477400234842852,1.5317829790776776,1.770668789931116,-0.4333655145995825,-0.2598446700844215,34.0,-0.1184590295188713,0.5437684025600081,0.16391556,127.0,0.16391555988375928,0.1642779750899399,-0.32,-0.34918287916723934,-0.29998352082564705
2025-04-07,0.0293654784802407,-0.1997175976614132,-0.4810649265649065,-0.4395420616480708,-0.728072945321972,-1.684331464015207,-2.384702589231096,30.986950194060825,-0.0070629320342994,0.1393360651092001,60.29464201283038,1.2779773624323236,-0.2415168911620561,-0.3386044751578889,-0.807536025023188,0.7783016610206668,False,True,False,False,False,False,0.2521740833305964,0.2332171147610815,0.5928206920760088,1.893596708181222,1.3714895164562777,1.5538077663305696,1.5341530010846047,-0.4164792993591927,-0.2377873782423197,23.0,-0.1174807631177027,0.546599388371493,0.16391556,127.0,0.16391555982518632,0.16425459344861912,-0.54,-0.3968871593754295,-0.3154684549659279
2025-04-08,-0.0747158903525789,-0.2812062483636833,-0.5433152504868355,-0.3265622306213416,-0.7535344482806535,-1.678727068855829,-2.263722098358659,28.66730564711297,-0.0078094903428513,0.1480470255977601,65.48149173707112,1.1385926069752264,-0.280410868052676,-0.3787821310759646,-0.8206607301517002,-0.4210603688091481,False,False,False,False,False,False,0.2167017794688197,0.5697483297725658,0.758349596522577,2.0518241803347963,1.734541519989834,1.63744456112919,1.830993086778997,-0.4584886440950832,-0.2926612717550978,24.0,-0.1133712452679041,0.5126786746511199,0.16391556,127.0,0.1639155597812566,0.16423272030028677,-0.52,-0.42766536953157214,-0.3286640385165132
2025-04-09,0.1514319629176155,-0.0103112335525384,-0.3514954353597401,-0.1427823705391862,-0.6605045016389137,-1.4217707177354988,-2.03953936602681,39.026898858506655,-0.0040959313291074,0.1321905371478421,66.61144776627901,1.26808254619191,-0.1498368693098705,-0.2702868250544156,-0.7905101307463395,0.5029499566232822,False,False,False,False,False,False,0.0172204737622532,0.4503542186312654,0.5497320518646989,2.0072517775132868,1.3955344144243629,1.2851592196235768,1.5669605507893674,-0.3699520041711938,-0.1770119993918473,18.0,-0.0279996057925133,0.5778196468680247,0.16391556,127.0,0.16391555974830932,0.16421225832281458,-0.64,-0.48074902714867906,-0.34875022957996404
2025-04-10,-0.0136045714077797,-0.0457878782515176,-0.3509431616416659,-0.1986372685553811,-0.5648039160141495,-1.446896706904898,-2.120179295449387,38.44866352926656,-0.0014227541214318,0.1288636828522055,68.06819291236917,1.2569386324327667,-0.1495000348452674,-0.2732355464779322,-0.792563160534411,-0.3346283988722242,False,False,False,False,False,False,0.0255498688583241,0.5179791531878438,0.8787066610339321,2.2633297677245454,1.8008806394764387,1.6187316406331669,1.6609516050974782,-0.3784654946173318,-0.1881325815170978,39.0,-0.0669943173718369,0.5609282497804191,0.16391556,127.0,0.16391555972359886,0.16419311647292123,-0.22,-0.41556177036150926,-0.3404437631554503
2025-04-11,0.0789345267553669,0.0214348228960342,-0.1510518492619705,-0.1892544658779516,-0.504086029533182,-1.3803602578869036,-2.006845674142024,43.82341463699972,0.0027018900844243,0.1185861761804683,67.20662204864533,1.2644987018838605,-0.0675823232034529,-0.2057161121251835,-0.7746682474836297,0.1426319975350993,False,False,False,False,False,False,0.0148171135413629,0.6082277838207055,0.8761476707614487,1.8019910613784296,1.5916373347237962,1.6473643801245388,1.5458287597905014,-0.3274167096109771,-0.1214510941002713,25.0,-0.0557695979655432,0.5839634969391583,0.16391556,127.0,0.16391555970506602,0.16417520958108553,-0.5,-0.43667132777113193,-0.35073771391961484
2025-04-12,0.1622946306593575,0.189257163410421,0.0759246386319832,-0.0094706298261031,-0.2958187195790817,-1.1989988678940844,-1.834754450881092,53.890031728165134,0.0100516143878957,0.1072864894780541,65.48617990345927,1.3934171427001485,0.1028459026669375,-0.059139612463993,-0.7338066261201175,0.3316872089308875,True,False,False,True,False,False,-0.1044316098939778,0.3982448634350511,1.0216776699317047,1.4083095689482052,1.0436126586527563,1.0594056153274565,1.1623294240392503,-0.2089030027578741,0.5271741713869181,43.0,-0.0557695979655432,0.5771742530404683,0.16391556,127.0,0.1639155596911664,0.16415845797259407,-0.14,-0.36250349582834895,-0.33714173237641387
2025-04-13,-0.0452697520931977,0.2884363849590243,0.022414842708908,-0.1304991574880877,-0.3050988868823578,-1.207380407838075,-1.8532636758334,50.98322376952519,0.013239575283224,0.1103502950292185,59.82048087761192,1.374067157483777,0.068024375966405,-0.0913194188103828,-0.7444383896334786,-0.0674261175632542,True,False,False,False,False,False,-0.0385416330902816,0.3794339051561691,1.0419770239220791,1.4814067855572748,0.9942823958004118,1.1462364645092984,1.047411750560037,-0.2439172451676527,0.4595808840589318,45.0,-0.0557695979655432,0.5684700273221658,0.16391556,127.0,0.16391555968074167,0.16414278711303754,-0.1,-0.29687762187126177,-0.321842265771484
2025-04-14,-0.0341895992728573,0.224881307205926,0.025163709544513,-0.1506053730511053,-0.3151691026477924,-1.279802276546811,-1.8907574070596824,48.92069148208595,0.0139828728031547,0.1157032162870397,53.20290589522783,1.377644853511518,0.0470387129647793,-0.1135892119065028,-0.7517635627695304,-0.0413687324705128,False,False,False,False,False,False,-0.0151392436737647,0.4362747004433096,1.6614360646090538,1.6119129014797329,0.9789605513971704,1.312618202356761,1.2956794110576442,-0.2693305015706697,0.4105218319770512,31.0,0.0017496331897966,0.569403100212958,0.16391556,127.0,0.16391555967292312,0.1641281272766782,-0.38,-0.3176582164034463,-0.32559437765719473
2025-04-15,-0.1034534592112657,0.1961437383472392,-0.085062510016444,-0.181421218287264,-0.6283144315706007,-1.5169625894314398,-1.956626930730164,43.55824230546667,0.0113777817817869,0.128061878967086,47.36773710003408,1.4006821461112131,-0.0395879364412398,-0.1951710476564762,-0.7749411943443851,-0.4003035000996089,False,True,False,False,False,False,0.2901668726562371,0.5499200151643113,2.035432840940878,1.8593972876910072,1.145521213728153,1.6021470239847062,1.6627665121968715,-0.3411421696679144,0.271892908969325,38.0,0.0616294198627265,0.5655867401989938,0.16391556,127.0,0.1639155596670592,0.164114413236213,-0.24,-0.29824366230258476,-0.32007215974382736
2025-04-16,-0.027637893498271,0.0170738819313529,0.0067626483788144,-0.2833690505963174,-0.6007285697036184,-1.5413826846500494,-1.968429739556303,42.3091248052408,0.0088102545407838,0.1270055415202421,40.33545026112347,1.3719126151624734,-0.0489989974205328,-0.2115199133604416,-0.779802849953432,0.5678304609621196,False,True,False,False,False,False,0.4258012456896783,0.6782394353529848,2.003952226156706,1.9735623083096148,1.2547437601121163,1.83361487632568,1.431733687363259,-0.3591022791900635,0.2372217934510952,29.0,0.0413003605037875,0.5622647498097421,0.16391556,127.0,0.16391555966266128,0.16410158397255203,-0.42,-0.32868274672693853,-0.3265191171797095
2025-04-17,-0.0054495271678478,0.0252289261712846,-0.0205589520802328,-0.2456743914401722,-0.5614252449199457,-1.607621501676574,-1.8159717761244265,42.057232974934365,0.0069253414036938,0.1247762490613223,38.162129648227385,1.3665490446574722,-0.0438931288374365,-0.2091818882930364,-0.779666412333843,-0.3203852888050813,False,False,True,False,False,False,0.4801612279251794,0.6391457074409468,1.622340013299488,1.805271661026323,1.224227642547286,1.8768709096996865,1.327537990121129,-0.2158624973805586,0.2304978574512293,30.0,0.0584514024046151,0.5602103709194078,0.16391556,127.0,0.16391555965936283,0.16408958240332078,-0.4,-0.3465120600452039,-0.3312598192971476
2025-04-18,0.0684140131397086,0.0147084125556262,0.0361432354516605,-0.2511954589728017,-0.4492938816321979,-1.4825969795723395,-1.6411230676873871,46.50196439956091,0.0073800610162858,0.1144085707676912,37.27367618329494,1.3625027149490845,0.0277158326361427,-0.1466697913079635,-0.7626279152442051,-0.0105981704322881,False,False,False,False,False,False,0.5847464162370531,0.6006248986510186,1.4976087011114552,1.2113491746776035,0.9190070425920924,1.6597913690707466,1.1999820877597542,-0.1603388613265702,0.317627621011961,33.0,0.0584514024046151,0.5330831196908885,0.16391556,127.0,0.16391555965688898,0.16407835512887864,-0.34,-0.34488404503390296,-0.3318237019231381
2025-04-19,0.0372895285672513,-0.1102966895364799,0.0789604738739409,-0.1924174881450552,-0.3874709549778772,-1.3033266214082115,-1.617390531831204,48.92614591363707,0.0085382730043484,0.1067636063052447,36.43849329258551,1.3707817234491937,0.0692451150452938,-0.1062803892979969,-0.7522330321107852,-0.4771835919802739,False,False,False,True,False,False,0.5612932288393068,0.3641529003401293,1.2307473100433928,1.0410617191842813,0.8950431803987847,1.422918479543541,1.185844462639922,-0.1284371907247547,0.1477514823386131,32.0,0.0584514024046151,0.5221958075854191,0.16391556,127.0,0.1639155596550336,0.16406785219472309,-0.36,-0.3486630337754272,-0.33364152760551635
2025-04-20,0.0257229224066026,-0.0393040150366796,0.2491323699223446,-0.1296882564871535,-0.3504920962262469,-1.178374838169644,-1.4837896845692662,50.64082587974324,0.0097761910200946,0.1010644069808352,36.80575438566407,1.3706243235558913,0.0959127264065771,-0.0757700760943487,-0.7444303091199442,0.7224119004906675,True,False,False,False,False,False,0.4347307721601002,0.281773315754495,1.4978528754164169,1.0372252190718112,0.8506740042435439,1.5136298713199816,1.0268931188306991,-0.1057272169555563,0.177657997141767,37.0,0.0584514024046151,0.5221633600127091,0.16391556,127.0,0.16391555965364207,0.16405802686922275,-0.26,-0.3264972753315704,-0.3288904613083863
2025-04-21,-0.010140596174879,-0.0152550119387012,0.2096262952672248,-0.1801721740649964,-0.4188817231714787,-1.231696504453942,-1.5068505686634424,49.92370452198114,0.0100066070533907,0.1010641277214028,36.860775446299726,1.3611970243071012,0.0846714595485868,-0.0716097998796494,-0.7457822293644027,0.1881299477369862,True,False,False,False,False,False,0.45835306282378,0.29159794573934,1.3463805955545918,1.2401349795767718,0.7935489256348282,1.86581124233501,0.9444982001575456,-0.1147498513550589,0.1657761890879793,39.0,-0.0562931257624395,0.5302398107697185,0.16391556,127.0,0.1639155596525984,0.16404883543569015,-0.22,-0.2998729564986778,-0.32186527025623235
2025-04-22,0.1665731213831537,0.2547715686557181,0.4509153070029574,-0.0246894179349736,-0.2476655677951392,-1.0397599653591574,-1.3964013120890693,60.60701583176501,0.0147526471231835,0.0922105409681586,43.31558410089736,1.4879170587430153,0.2609821492969851,0.1035772656924057,-0.6980866234675486,0.6622322132167904,False,False,False,False,True,False,0.2013329810377832,0.1201474549600806,0.9441487036185998,0.9398695261295716,0.3903830452730316,1.473512581340954,0.7366824727769007,0.045701656059212,0.3770730153388985,47.0,0.0037344333871227,0.5696015837814754,0.16391556,127.0,0.16391555965181567,0.16404023699786935,-0.06,-0.23990471737400837,-0.30497073669131414
2025-04-23,0.0723244712247297,0.3547339333787189,0.3718078153100718,-0.0325410386897981,-0.2673768356597865,-0.968438432114412,-1.3371402702067503,64.58443629921948,0.0195386688069502,0.0904238622434133,52.05931826414037,1.482780571448276,0.3296102702158678,0.1882973103382125,-0.67375842268743,0.7566723203741115,True,False,False,False,False,False,0.1770500554873614,0.068519698123965,1.073460220187661,0.6393350281287944,0.2744702141099469,1.364339487922701,0.5774325353806627,0.1241335628054189,0.480359131121489,72.0,0.0023279169182242,0.5673910125459288,0.16391556,127.0,0.16391555965122862,0.16403219329797247,0.44,-0.06992853803050629,-0.256908108517681
2025-04-24,0.0319675590834503,0.3921510196300171,0.4173799458013018,0.0118920868243021,-0.1705638133756775,-0.834285520344233,-1.2703732242165178,66.2909455767238,0.0227726794587672,0.0875983743856462,59.90434255211999,1.4865831737593147,0.3449003345505219,0.2282986266820359,-0.6610976691168875,-0.3681871495422522,True,False,False,False,False,False,0.1074102445843851,0.2376366678610439,1.1497856283937526,0.4878807506291381,0.4970122168396048,1.0887032524826024,0.6765280856761869,0.1606499287393759,0.5284471319910654,63.0,0.0144712256744643,0.5673144550321552,0.16391556,127.0,0.16391555965078833,0.16402466854645603,0.26,0.012553596477120288,-0.2235591982907338
2025-04-25,0.1366873982834067,0.4604244047737154,0.4751328173293415,0.1889673373171888,0.1378551969271767,-0.6955417614602672,-1.0579664054677396,72.84986960808709,0.0288940002581745,0.0846352209063822,73.61382884518304,1.5522986176812457,0.4963503325429614,0.40411942674774,-0.6092026135337625,0.770004490477217,False,False,False,False,False,False,0.0100195730063038,0.1665932460787609,0.7422849484179858,0.2793337062949615,0.3626412676307575,0.6125891003709298,0.4179840925383614,0.3306499803662411,0.7523183311472421,60.0,0.0235465856954658,0.566729653662681,0.16391556,127.0,0.16391555965045812,0.16401762926277938,0.2,0.05941519735784022,-0.19623279840100905
2025-04-26,0.0223795944759065,0.4455144706823706,0.3352177811458905,0.2255037769189493,0.1722683539917432,-0.6204201766038558,-1.027464518561508,73.82160808784263,0.0321610399444355,0.0862773202107725,81.06702405478754,1.551469964044074,0.4751662041107223,0.4284304214131983,-0.5981321289389366,-0.1718267022090759,True,False,False,False,False,False,-0.126267330734365,0.4458681185247295,0.722380415567371,0.3386872336401076,0.2199278270225479,0.6456005667351378,0.3259506860345663,0.3607651126296046,0.791976617765554,65.0,0.0235465856954658,0.5668707127394254,0.16391556,127.0,0.16391555965021046,0.1640110441264367,0.3,0.11956139801838016,-0.16421777914933106
2025-04-27,-0.0588143318855629,0.3609772163902051,0.3216732013535253,0.2876462306577146,0.0645291420336373,-0.6528761197872313,-1.1397961649015882,67.14230440603056,0.0300971076147564,0.0899015231101208,82.61907086218729,1.5010245833048528,0.3495622093443275,0.3420804337530846,-0.6190828997775759,-0.5390811855171779,False,False,False,False,False,False,-0.1066105637194326,0.4803007351707088,0.7988587755325244,0.4471242456241766,0.2278175960636278,0.7239557755399899,0.2653406516542771,0.2830406805391164,0.6896221675797246,61.0,0.0235465856954658,0.5540523998815446,0.16391556,127.0,0.16391555965002472,0.16400488383759998,0.22,0.14467104851378512,-0.1394295353332452
2025-04-28,0.0061899472783199,0.3773077598434038,0.3620527479047026,0.3585180351706307,0.0580482168627324,-0.5450468792515624,-1.087108512287229,67.46721824806649,0.0273515876793148,0.0910758579751589,80.78062999495843,1.477053425811338,0.314736641753817,0.3401082784247006,-0.6145520578932476,0.498884362237874,False,False,False,False,False,False,-0.1143448190533199,0.8530132597807336,0.8185329733048697,0.6588279982709074,0.2495088987943183,0.8182388811083151,0.3136434496359404,0.2910072656415563,0.7001132759234887,54.0,0.0468503411993703,0.5477446178089338,0.16391556,127.0,0.1639155596498854,0.16399912098675273,0.08,0.12850328638533884,-0.12527279111819714
2025-04-29,-0.027302880636099,0.1834317578241513,0.4382033264798693,0.3229751107046542,-0.0420761890276518,-0.6755737142907708,-1.1084513069040836,64.47062776895325,0.0229536526238481,0.0921254752375156,79.88752632202477,1.4833667134205506,0.2487319234832331,0.2942819841372975,-0.6224017685874796,-0.3078882517930889,False,False,True,False,False,False,-0.067579536530804,0.9584448302121468,0.8448676445976953,0.7069441157276704,0.3797596400939178,0.6995241721536236,0.3571894567244228,-0.161369962511501,0.6543232306237678,60.0,0.0513100241211539,0.5486814474852173,0.16391556,127.0,0.16391555964978094,0.16399372993273434,0.2,0.14637746478900415,-0.10428744975573281
2025-04-30,0.0519040688010725,0.1630113554004938,0.5177452887792129,0.411817645614189,0.0368084319036694,-0.6012772985004206,-1.075270766159531,67.4658497614489,0.0208078238921028,0.0892210171548186,79.0048915414373,1.479771353400637,0.2797309363687335,0.3523514358196105,-0.5997233576995027,-0.0286751734437232,False,False,False,False,False,False,-0.092205388256372,0.7899425808242216,0.7718343674150311,0.5030923731178372,0.3750947709739071,0.5530541638680395,0.3433264687056466,-0.1166922024071667,0.7424567974277707,56.0,0.0766385697071055,0.5489617669671948,0.16391556,127.0,0.16391555964970256,0.16398868668865263,0.12,0.1397830985917531,-0.08981729170697587
2025-05-01,-0.0290196199287364,0.1020241763883073,0.4941751960183244,0.3760252653357614,-0.2114555127450406,-0.6145999260333308,-1.102406495150722,64.17132141435827,0.0169350494845197,0.0908082870812521,77.75755214575403,1.4871367699725946,0.2161956364727748,0.3060479182005019,-0.608641749163102,-0.0013898528456864,False,False,False,False,False,False,0.1175954655589566,0.5998211759914349,0.711422998145751,0.4431663696267867,0.4027722367112643,0.568627536380852,0.2886778541041542,-0.1419570971323428,0.6926180122725276,53.0,0.0581109632981071,0.5450531998130119,0.16391556,127.0,0.16391555964964377,0.16398396881515684,0.06,0.11983732394381484,-0.08015165998394518
2025-05-02,0.0446329317746551,0.0099697098795556,0.4703941146532711,0.5401212490039461,-0.0003882233896296,-0.452616089989203,-1.143665437983232,66.87194908620293,0.0150953379437039,0.0868099106285279,79.46084094878128,1.4120742539149076,0.2497834490218246,0.3557005689171961,-0.5879202069970618,0.0123949958884677,False,False,False,False,False,False,0.1550204345114012,0.5603960073446317,0.3815536522899861,0.3235327467291499,0.2160431347622542,0.4278420113709055,0.2518802869837906,-0.1027926153777671,0.7698758125964563,67.0,0.0562062900403401,0.529205543207262,0.16391556,127.0,0.1639155596495997,0.16397955532059624,0.34,0.17487799295786113,-0.053045101275303555
2025-05-03,-0.1225709359235961,-0.1349808205199469,0.3105336501624235,0.3956782397891504,-0.0107294086938855,-0.5100101217386486,-1.3337205111086747,55.0605130090317,0.0080575268388963,0.100847096349908,78.01765174790513,1.4945675990100904,0.0924654771496021,0.1961940860314078,-0.6331093173054972,-0.2584150707463567,False,False,False,True,False,False,0.6548175081286244,0.6352619339717651,0.4962118386255496,0.4626249637056587,0.5950096654119506,0.5442634014402641,0.378000528393292,-0.2062916332988492,0.0107989608646868,65.0,0.0562062900403401,0.5320373125386116,0.16391556,127.0,0.16391555964956664,0.1639754265676202,0.3,0.20615849471839587,-0.03026799796721946
2025-05-04,-0.036566205676306,-0.11273269431069,0.2482445220795149,0.3474002085050294,-0.057904261503401,-0.4508131807866586,-1.3750985666869815,52.32019280262007,0.0015474585236277,0.1016917991710355,75.6019652094123,1.5046213793934198,0.0414030461803755,0.1508979575983361,-0.6438885871981233,-0.1417191485495047,False,True,False,False,False,True,0.6569490023674548,0.9487477580589952,0.5893802703113941,0.550868157263954,0.6765391658926732,0.556499952138643,0.3813027492388308,-0.2347903169535032,-0.0254945205104213,64.0,0.0562062900403401,0.5369471672882382,0.16391556,127.0,0.16391555964954185,0.16397156418580391,0.28,0.2246188710387969,-0.010250707775785944
2025-05-05,-0.0025049488311146,-0.1214275904201244,0.2558801694232795,0.350422969528944,-0.04256364006083,-0.3842161660749206,-1.3443911899472776,52.132492523350194,-0.0030764493120641,0.0988321573063618,70.59241427145136,1.5042256924216348,0.0233238749811618,0.1440752741931358,-0.6424683935913572,-0.048598849513827,False,True,False,False,False,False,1.0922513633353794,0.8166493708779247,0.7343903239908514,0.525380200895174,0.5424347044987837,0.6391235311001058,0.4947392368803518,-0.2367047293010808,-0.0279325520252467,52.0,0.0297476149284387,0.5361771349994884,0.16391556,127.0,0.16391555964952326,0.16396795098991127,0.04,0.1784641532790977,-0.0070087266289610445
2025-05-06,0.0241532848153163,-0.0699714249687091,0.1134603328554421,0.5190252279860613,0.0510229052524355,-0.3474889881752054,-1.311642071313572,53.869713564417886,-0.0053263486844096,0.0952844990294221,64.18256995867044,1.3949620504227338,0.0306802623068498,0.1691288406080069,-0.631201738569451,0.3906934987632513,False,False,False,False,False,False,1.10038808342482,0.7356185518342178,0.7317983605995015,0.3756173028642725,0.5066649433147131,0.6488259735619828,0.4548905722841886,-0.2180441917657846,-0.0041680904910319,59.0,0.0146785448543463,0.4764288069536781,0.16391556,127.0,0.16391555964950932,0.16396457090343103,0.18,0.1788481149593233,0.00505635250839128
2025-05-07,0.0251383692819605,-0.096737124487821,0.0662742309126729,0.5147981187877811,0.0752560571397102,-0.2132748265341907,-1.169533345227426,55.7160491287144,-0.0059011248374402,0.092986970496696,56.60293503576014,1.3945797808875997,0.0378761934737095,0.1941558785106885,-0.6192251468280445,0.1906886852044005,False,False,False,False,False,False,0.9717484083610344,0.9404978905191014,0.5342113308786245,0.3750463986372057,0.5262097408967531,0.5144636358966371,0.3625444515515373,-0.1981379408340948,0.0211828048763591,67.0,0.0183749814220546,0.476221936619034,0.16391556,127.0,0.16391555964949886,0.1639614088870463,0.34,0.2191360862194925,0.02666562008849507
2025-05-08,0.1788969762091752,0.1111794716500904,0.2132036480383978,0.7684109853495352,0.4418487547281937,0.0148765370688818,-0.9103160835062932,66.95554661571984,0.0009007147418994,0.0858462850395606,53.0401781262246,1.4631701258015335,0.2099954213098229,0.4180216601669696,-0.5415246933889216,0.999718729124362,True,False,False,False,False,False,0.4314850277164437,0.7370086748553902,0.2021951104604719,0.1521407064177025,0.2231133003595066,0.3128713106230087,0.1899379194619248,-0.041055142500062,0.2212299959947833,65.0,0.0183723610239638,0.4854789840246375,0.16391556,127.0,0.163915559649491,0.16395845087171865,0.3,0.2393520646646194,0.04430009621181796
2025-05-09,0.0775714961594795,0.1441180360349148,0.1540877459144705,0.6945505185913994,0.5517681480522132,0.0340460169524858,-0.7272201991440994,70.87536702780756,0.0083153631359781,0.0842754976371697,52.108645083056935,1.4047467157991622,0.2711468656118586,0.5175426215497692,-0.5016256943720521,0.7993933021263608,True,False,False,True,True,False,0.3509683125257547,0.4934810862948865,0.0966407619752232,0.0228123112223726,0.1409773089392101,0.2816803819364582,0.0962750072004966,0.0362928632332092,0.4209337189050265,73.0,0.0161817296371538,0.4176885158367763,0.16391556,127.0,0.16391555964948512,0.16395568369608957,0.46,0.2945140484984645,0.07111944484331359
2025-05-10,0.2370017637988958,0.5036907357574069,0.3687099152374599,0.945156853798075,0.746519585242694,0.3803529377839255,-0.5017398531068231,80.0206743228145,0.0248579862221935,0.0789284788056251,66.50838749623902,1.5828932652592258,0.543292983274753,0.8883475263630363,-0.3651996477710984,0.6380757495564484,True,False,False,False,False,False,-0.0118173599570951,0.1912430971399913,-0.0741290879239956,-0.2610238685404853,0.0176878496638688,0.0340953135604677,-0.1172762546421096,0.3134425015652387,0.8009529974896844,70.0,0.0161817296371538,0.3877095424323024,0.16391556,127.0,0.1639155596494807,0.1639530950479204,0.4,0.3208855363738484,0.09233754517600304
2025-05-11,-0.0352789805495408,0.5049779608841721,0.3922452665734822,0.8309433464931674,0.6416888806152156,0.326857316959985,-0.5494169113937364,75.80933921377846,0.0314183386218453,0.0822989341704105,70.29545157006831,1.5899375061371124,0.4328128521366899,0.7939885206389471,-0.3839337032271122,-0.5848307492760697,True,False,False,False,False,False,0.1761060571415398,0.2151981910115577,-0.0224119928865037,-0.2456772201690708,0.1532928804714018,0.1090600922218358,-0.0435789733061806,0.267913420925809,0.7385248865119937,70.0,0.0161817296371538,0.3667105260043427,0.16391556,127.0,0.1639155596494774,0.16395067340931055,0.4,0.3406641522803863,0.1121867358098093
2025-05-12,0.2307577838274298,0.7382406935427166,0.6168131031225921,0.8994064996612395,0.8899358698351364,0.6035877800821579,-0.2995923682328448,82.83944946545832,0.0484652682317244,0.0856171292398988,92.03373511744856,1.6783593902665868,0.7174721110903496,1.204632898206788,-0.2202411065119948,3.158207321203551,False,False,False,False,False,False,-0.1317250868070181,-0.0186076846961925,-0.1047943183810805,-0.2736944209915209,-0.1622110792234555,-0.1203405385290451,-0.236689503885905,0.5970055707472611,1.1897661802610295,70.0,0.0419423605977228,0.3689768062395773,0.16391556,127.0,0.1639155596494749,0.16394840800544971,0.4,0.35549811421028976,0.13075533349949903
2025-05-13,0.0280347205591258,0.7421221292865261,0.6721507043178169,0.9727109723135632,0.8422118148254754,0.6676120854312053,-0.2346694355245119,83.54977582716771,0.0580871663799719,0.087165845665087,106.69521771893996,1.6563252514310811,0.6854630175346422,1.2142998807135847,-0.194982710199137,-0.5172740910623443,True,False,False,False,False,False,-0.1736676828768814,-0.0579935589005836,-0.1284185853002726,-0.2630079020069427,-0.1886008255755698,-0.2259621753788844,-0.240797779291115,0.6424106613799697,1.2520242798571812,70.0,0.034545228508856,0.3582173605440096,0.16391556,127.0,0.16391555964947305,0.1639462887566767,0.4,0.36662358565771735,0.14812595714469265
2025-05-14,-0.0380630939304143,0.6789206660741511,0.5821835415863301,0.9688374776560064,0.8182321046049009,0.6536683750082137,-0.3109647988908045,78.80405506006457,0.0575291433977445,0.0934296463054075,113.1106147501852,1.6583398416446908,0.5580589500566295,1.0857419729024154,-0.2217946405678223,-0.4013120044629067,False,False,False,False,False,False,-0.0158491406456411,-0.0101166448595531,-0.1602566533582867,-0.2990849941669691,-0.1223059197515721,-0.1287345973580388,-0.1995874069564604,0.5810702388854752,1.167916130755036,73.0,0.0419711667804504,0.3610438997972386,0.16391556,127.0,0.16391555964947166,0.16394430623363096,0.46,0.389967689243288,0.16824686313535764
2025-05-15,-0.1413113035208577,0.358712386344118,0.4698918579942086,0.9309796333464142,0.74955841505915,0.3026652017758134,-0.5859829560850258,65.2471551678885,0.0437549616062891,0.1137918810136638,113.79155266391076,1.7020260746174658,0.3212020444707101,0.7809323984068167,-0.3208452926156045,-0.016424174462993,False,False,True,False,False,False,0.2134312558101489,0.069758935454242,-0.097920198029362,-0.2338866105730285,0.0256814791412997,0.0495757040875253,-0.0345709240809606,-0.2480657873846857,0.8822259534387451,70.0,0.0538179694976,0.3561988055894632,0.16391556,127.0,0.1639155596494706,0.16394245161529786,0.4,0.392475766932466,0.18319867841694748
2025-05-16,0.0196807136891572,0.3008216038737959,0.4449396399087107,0.9782982405338424,0.6949291899375252,0.3775696708302239,-0.5630844441162067,66.07029664023752,0.0331124485735314,0.1154950017906831,114.33553939608257,1.6894527720129762,0.3163215647584422,0.7850656248065462,-0.3038391435133155,0.0176052187411788,False,False,False,False,False,False,0.1054893534125101,-0.1146134405707602,-0.1517968897001719,-0.2307994473298882,0.0652984530124815,-0.0857889133312563,-0.027971568762607,-0.2331206018652253,0.9196364284400688,71.0,0.0564618807589902,0.3576676868387035,0.16391556,127.0,0.16391555964946983,0.16394071664976043,0.42,0.39935682519934945,0.19847618303520895
2025-05-17,-0.0757075800503465,-0.0118877399754465,0.4918029957819604,0.908040187651344,0.6623657962111716,0.3466149427313982,-0.6995813140252302,60.31432769946896,0.0189900919661127,0.122210787567305,112.08124650112336,1.7267363236310935,0.1955366899915934,0.6277029216436171,-0.3508193212349215,-0.3762716366453221,False,False,False,False,False,False,0.2054887921207258,-0.0850323073371415,-0.1055714480228873,-0.1084913423093284,0.1602819386552181,-0.0612716467860816,-0.0019269101204403,-0.2890358756328377,0.7796704876525393,74.0,0.0564618807589902,0.3590763604466387,0.16391556,127.0,0.16391555964946924,0.1639390936174835,0.48,0.4195176188995121,0.21663900993616322
2025-05-18,0.1388177894801166,0.1622090300542109,0.6671869909383832,0.978443963991752,0.7272485050189502,0.529150082359554,-0.5041530155805878,66.30080457394563,0.0169119294558217,0.1098065013909188,111.67286673176876,1.7633854822959647,0.3348774787903643,0.8293017872315782,-0.2501994420473562,1.0062746695018985,False,False,False,False,False,False,0.0332386128212188,-0.1844094425568657,-0.2041719351053108,-0.1854671400910136,-0.000196257693257,-0.1730365208612349,-0.1781268573195431,-0.1831628403358515,1.0446896495180638,74.0,0.0564618807589902,0.3663711671415079,0.16391556,127.0,0.1639155596494688,0.16393757529696634,0.48,0.4346382141746341,0.23363004155318498
2025-05-19,-0.0726981404254323,-0.141246894198651,0.5969937993440655,0.8684562949990684,0.6760388068540133,0.4809853400211912,-0.434870326409143,60.94479067295729,0.0088112411613095,0.1200120852231208,108.43990281371003,1.801046725436542,0.2115605839012624,0.6691133859961838,-0.2993726154240757,-0.3308819257720106,False,False,False,False,False,False,0.1302783258989358,-0.0452806403953011,-0.1603331796724153,-0.1319745052640493,0.0166536533018002,-0.0828223164524128,-0.0334882379923934,-0.240438251996035,0.9013190400790728,74.0,0.0515545891775729,0.3704131958223017,0.16391556,127.0,0.16391555964946847,0.1639361549326116,0.48,0.4459786606309756,0.24952487758201178
2025-05-20,-0.0214766506404656,-0.1907582653982426,0.5513638638882835,0.8212567219520001,0.6915684654648465,0.4707646257257533,-0.3571181162176437,59.48653910386237,0.0007800306837802,0.1201027231410277,105.2920772227385,1.8096150560862043,0.1617669755920974,0.6038394698579854,-0.3112918035082201,-0.1853535940314138,False,False,False,True,False,False,0.1399849934213125,-0.0022010546215232,-0.20741956727156,-0.1960938959988536,0.105691742453234,-0.1084132911145316,-0.0132074903657202,-0.2565771690262132,0.0549944655637735,71.0,0.0483785462428765,0.370029676965966,0.16391556,127.0,0.16391555964946822,0.16393482620466684,0.42,0.4394839954732317,0.2605232725767207
2025-05-21,0.1367190901387978,-0.0159760813290305,0.6629445847451206,0.968116408265677,0.7879442342006806,0.5492346850941983,-0.263580096188265,65.48812623835023,0.0036683140429024,0.1113775278387769,103.04131329300256,1.8434819023999027,0.2933361616876872,0.7977291482984811,-0.2074273330043949,1.5654774683865873,False,False,False,False,False,False,0.0058248140837358,-0.2093723273936625,-0.2913950562093278,-0.1863990676540072,0.0884286579828178,-0.2614839612663954,-0.1443673360378028,-0.1476612351829856,0.2095575252774546,70.0,7.185029809677521e-05,0.3697130744134159,0.16391556,127.0,0.16391555964946802,0.1639335832011056,0.4,0.4296129966049238,0.26952177112015807
2025-05-22,0.0681168728702466,0.1934520950620741,0.552164481406192,0.86966015975277,0.8449707418177964,0.6219945919576308,-0.1700998056063873,68.2796439105375,0.0091575825881631,0.1018679361433326,102.18727951571891,1.7842398152073156,0.3416543960065577,0.8749363285707308,-0.1488795909781769,-0.275730265534962,True,False,False,False,False,False,-0.1184016973915707,-0.3078934331974149,-0.3367098719218424,-0.2298088240749123,0.0366341581905445,-0.272166882516779,-0.2484972923341766,-0.0875795240995836,0.2948197341224043,72.0,-0.0075951787445704,0.3079733823483732,0.16391556,127.0,0.16391555964946788,0.1639324203913225,0.44,0.43220974745369284,0.28052036653176077
2025-05-23,-0.0734832906670113,0.1002880907059052,0.4011096945797011,0.7238523978610287,0.6913113591712308,0.4564755622012422,-0.2445860342533833,62.42873420411057,0.005539321087377,0.1196583267083103,95.78488624805622,1.81193737441942,0.2098630227056616,0.7032446359583078,-0.2068950298597167,0.8793423801958142,False,False,False,False,False,False,-0.1990998767232267,-0.2657149983091968,-0.3151488019444397,-0.2392935029266294,0.1464225857386362,-0.2351334081772627,-0.1906762321801637,-0.152222990010613,0.2030839198191694,78.0,-0.0153499695783194,0.3472567242617969,0.16391556,127.0,0.16391555964946777,0.16393133260152543,0.56,0.46415731059026966,0.2985513106264859
2025-05-24,0.0108894505527864,0.1868851213090383,0.1749973813335918,0.702774289330365,0.7146663761546671,0.5322104759546874,-0.131511231013868,62.92007788377008,0.0025711368603263,0.1150302288478029,87.40817012817732,1.8122812112531244,0.1860500682692238,0.6839402401140744,-0.1953952415727859,-0.6723068960542011,False,False,False,False,False,False,-0.2409985902455181,-0.2227691272260957,-0.3796596738031949,-0.2470130826914421,0.0343457805029256,-0.169767294969894,-0.2178535638763152,-0.14294071647546,0.2162564332253131,66.0,-0.0153499695783194,0.347188775955965,0.16391556,127.0,0.1639155596494677,0.16393031499171526,0.32,0.42811798294270226,0.29993509703768034
2025-05-25,-0.0153691782191483,0.0326981536097731,0.1949071836639841,0.5507177128278098,0.7396850501449987,0.6885729097549866,-0.1448240486324573,61.69645251832056,-0.0017090181666194,0.1158662033233734,77.1395197940381,1.7697874383380006,0.1345289047342383,0.6232089833323367,-0.2037789450058511,-0.0109512243077219,False,False,False,False,False,False,-0.2106464592760473,-0.1955320421438988,-0.3792594612052424,-0.2057135154038071,-0.0702845325475119,-0.182481300951834,-0.2809029098332026,-0.1560123062477908,0.1977064852127328,74.0,-0.0153499695783194,0.3478017109879106,0.16391556,127.0,0.16391555964946763,0.1639293630341509,0.48,0.4410884872070267,0.31155218755137837
2025-05-26,0.0170676144659279,0.1224639085011332,-0.0187829856975176,0.5454057328178312,0.7709095097367806,0.7176740868095746,-0.0750144437860245,62.56778011962892,-0.0042753866581296,0.1104138597003576,65.68021854456335,1.7697324761238011,0.1216284334332269,0.6136842357955749,-0.1864848531958541,0.0827830332629673,False,False,True,False,False,False,-0.1553236599088202,-0.0878207749754056,-0.259923307241673,-0.2516388403547951,-0.0461990995637707,-0.2314702705876256,-0.3037381573072669,-0.1875854884361648,0.2183239224892298,73.0,-0.0153499695783194,0.3472656198753005,0.16391556,127.0,0.16391555964946758,0.1639284724932036,0.46,0.44581636540527003,0.3211294657738701
2025-05-27,-0.0129254604873519,0.131015098654247,-0.0597431667439955,0.5912946042160423,0.878940834873757,0.6558237462496798,-0.0615815155711891,61.42582621706418,-0.0077600417769298,0.108846322603706,51.90052577813835,1.751751837144958,0.0784630310552933,0.558683357171151,-0.1933656170131769,-0.0560328481018286,False,False,False,False,False,False,-0.1247262454009226,-0.0747606633320849,-0.2176358187817555,-0.2357703432947085,-0.0456006455026093,-0.2994946168036799,-0.2904034949551858,-0.1980187475112732,0.2026778588852395,74.0,0.0007787937851069,0.3449715922581935,0.16391556,127.0,0.16391555964946755,0.16392763940651098,0.48,0.4543622740539525,0.33137917765942687
2025-05-28,0.0115119069279366,0.0058079154433859,-0.0101681658856444,0.5966165638656591,0.95513459903629,0.6546647807283915,0.0515696846140967,62.08902111894552,-0.0098774982610001,0.1043935722007343,41.652241008204335,1.7513331743379057,0.0683799451977545,0.5419228245614042,-0.1799879721747368,-0.1316967093749138,False,False,False,True,False,False,-0.2139509171618857,-0.1516744449929976,-0.2919216166296852,-0.1459358952426271,0.001252604862013,-0.2766137939992977,-0.3514570140990476,-0.1887330685866186,0.1038325609357658,71.0,-0.0117888581594378,0.3481366564306662,0.16391556,127.0,0.16391555964946752,0.16392686006734689,0.42,0.44577170554046436,0.33709665006849615
2025-05-29,-0.0637098085118948,-0.1260187659387555,0.0674333291233185,0.5602096359898633,0.8831847466945174,0.5181334469622113,-0.1153640783009075,56.452538720962906,-0.0162496154105446,0.1122248103981952,31.400329431553565,1.768202971839174,-0.0121355778782254,0.4201381152589987,-0.225814887011446,0.0519777193198127,False,False,False,False,False,False,-0.2149411304958113,-0.1567447841998198,-0.2838448326662832,-0.0042212762684555,-0.0294198784888643,-0.2249235819035161,-0.2843059709891173,-0.2388067026119523,0.0357009688033853,74.0,-0.0086614168548544,0.3563471830366016,0.16391556,127.0,0.16391555964946752,0.16392613100812886,0.48,0.45432877915534825,0.34631622103181897
2025-05-30,-0.1694835544579647,-0.2220190297297088,-0.1217309390238036,0.3388220127308259,0.7506396583450151,0.3756304446344953,-0.2624552857695946,45.83338025783485,-0.0309786708395691,0.1373166086210547,33.20922510905604,1.8808699524287709,-0.1640650788386711,0.1820696442408621,-0.3410799495393463,0.0048427222963087,False,True,False,False,False,True,-0.0831753169339311,-0.0419968529377516,-0.1312263050774417,0.079395117109012,0.1067207989244833,-0.0427331014910825,-0.1723935132944821,-0.3574762535111226,-0.1257641534664408,60.0,-0.0048548282422771,0.3624816567080235,0.16391556,127.0,0.16391555964946752,0.16392544898498942,0.2,0.39074658436651116,0.33687646483621775
2025-05-31,-0.0428431639217025,-0.2757516442041979,-0.0888665228951596,0.3249984687378598,0.7010237340736213,0.1135429559928192,-0.2896014572954709,43.81778606777537,-0.0419981235384002,0.1415848085594154,35.463288024567376,1.8852121217082327,-0.1969468508833704,0.118939545911038,-0.3629645576217866,0.2689815945760394,False,True,False,False,False,False,0.0240176932284211,-0.0224479408950168,-0.0256391948702728,0.1221793479978752,0.1333780382088919,-0.0688935746100549,-0.1248145067018151,-0.38442264768239,-0.1624281738206718,50.0,-0.0048548282422771,0.35494123903649,0.16391556,127.0,0.16391555964946752,0.16392481096334285,0.0,0.29305993827488336,0.3151424993629134
2025-06-01,0.0238414945903417,-0.2365409713947078,-0.2038428177849346,0.3042070315535464,0.8443282805574925,0.3038188081639167,-0.1484090584356567,45.24706229939486,-0.0463256431115403,0.1342917875341847,38.33881498256335,1.881912445520452,-0.1668437736932264,0.1338325872503028,-0.3394361631793746,-0.5245103418577524,False,True,True,False,False,False,0.0191478423195345,-0.0242308991541053,-0.0012968486754724,0.1410010876949533,0.0533306484086323,-0.0764777447943564,-0.1651357064872,-0.261556016026319,-0.1422192615698853,56.0,-0.0048548282422771,0.3557317227275144,0.16391556,127.0,0.16391555964946752,0.16392421410438318,0.12,0.24979495370616253,0.30255266069433834
2025-06-02,0.0848068313832512,-0.1688017544773845,-0.0463378459762511,0.5115847988603937,0.9072630386495442,0.500855390166508,0.0015746771217451,50.35651267387821,-0.0425083923382526,0.1235763278380465,37.76059815865855,1.8363141856012444,-0.0830991908344343,0.2182180881266369,-0.2737426497075373,0.4918250711580141,False,False,False,False,False,False,0.0799156809886825,-0.1205092764901632,-0.0908056006161263,0.0635393044892285,-0.0741451119821486,-0.1738271309711774,-0.2341375691154992,-0.1961987160267928,-0.0662998495737139,64.0,0.0155055425161076,0.3524333123365642,0.16391556,127.0,0.16391555964946752,0.16392365575245316,0.28,0.25734621527962187,0.3010976503269617
2025-06-03,0.0226577148332206,-0.1332185791568119,-0.0022034805025648,0.5708087193699204,0.9182089278749498,0.5129044578665193,0.1199955385832617,51.72387587514958,-0.0372301768689116,0.119567296584776,37.36849418263573,1.8261402745767816,-0.054659747183076,0.229076573940529,-0.2487819921364034,0.7236260474527694,True,False,False,True,False,False,0.0570856624070998,-0.2056712062089773,-0.1943205515253221,0.1013349772074368,-0.1204712613536597,-0.2194696420918773,-0.213727407667613,-0.1777785240510253,0.2328598178268511,64.0,0.0217340460738979,0.3462554569160063,0.16391556,127.0,0.16391555964946752,0.16392313342322828,0.28,0.2630096614597164,0.29973651159618997
2025-06-04,-0.0960055560589507,-0.2407360421436993,-0.2349281267003133,0.4773081121420842,0.8277310816710282,0.4347444720812541,0.0930919460671636,46.13244193341173,-0.0382955826982506,0.1311753212001329,39.413497826135405,1.8686444269998408,-0.1369045747140874,0.1027705011860114,-0.310279734714666,-0.4623208301310858,False,False,False,False,False,False,0.0792272054361187,-0.1037438122362627,0.0290569891943232,0.2241283801070779,0.0169963769559003,-0.0725870506044819,-0.106697534885385,-0.2530455259960757,0.1200025585351872,62.0,0.0285386304100902,0.3481188674379457,0.16391556,127.0,0.16391555964946752,0.16392264479266308,0.24,0.2572572460947873,0.2958825431061132
2025-06-05,-0.0649703373807921,-0.2419965710125965,-0.3680153369513521,0.3881844899459759,0.9072097179320372,0.4392073951984113,0.0406955017707704,43.006883095812526,-0.0410605513662455,0.1386407302402992,43.16813044903834,1.889438865311593,-0.1841236707021698,0.0219227630568524,-0.3465520580273599,0.2170451407511326,False,True,False,False,False,False,0.0741299137639779,-0.0416358406445334,0.1128216561840183,0.2932492992557812,0.1183775439122239,-0.013166355344854,-0.0501600311778049,-0.3000325032253628,0.04954908841599,57.0,0.0029946916292077,0.3611334210760042,0.16391556,127.0,0.16391555964946752,0.16392218768665048,0.14,0.22794293457109047,0.28582560484120273
2025-06-06,-0.0143259937643653,-0.0868390103189972,-0.3088580400487062,0.3487201268996497,0.8635182456874309,0.4239761840393601,0.1354453003654589,42.35209792515227,-0.0418587532574556,0.1361369423046101,46.21701267605584,1.891245487561356,-0.1911065204927406,-0.0034427661215219,-0.3490936408677607,-0.2431221231757347,False,True,True,False,False,False,0.0449142183415801,-0.0673223660042272,0.0359826161799953,0.2404801472411395,0.0685912729107887,-0.0386014722506268,-0.0747165037332419,-0.2184003234185311,0.0346204438756122,45.0,0.0188096904210291,0.372126868786732,0.16391556,127.0,0.16391555964946752,0.16392176007134837,-0.1,0.14595720092831785,0.2609336303353187
2025-06-07,0.0677296514087185,0.0237338050114236,-0.2520178391927741,0.237552802099193,1.0059637874487284,0.6794015568273868,0.252429339168075,46.60400773763714,-0.0368882813949066,0.1271396591702582,47.74395257939968,1.8052919361446496,-0.1258635864149824,0.0542709544233581,-0.2966777316972864,-0.216491632317885,False,False,False,False,False,False,-0.0453758117957374,-0.2018583564715634,-0.0311927334780471,0.233982651551708,0.0352715678603121,-0.0616682034485193,-0.1258616142396645,-0.1636289633677565,0.1071224811016943,52.0,0.0188096904210291,0.3062584328095037,0.16391556,127.0,0.16391555964946752,0.16392136004413027,0.04,0.11946790069623837,0.24667984773304008
2025-06-08,0.0190745189869927,0.0189668294080747,-0.2175741419866331,0.1790558249267062,0.8736063435181057,0.7308239729789194,0.2131018418791919,47.82275590249399,-0.0310535766127206,0.1225280759330062,48.94172898168953,1.7883364329893243,-0.1042929295588973,0.0624583021229324,-0.2768611956515392,-0.0160043324640025,False,False,False,True,False,False,-0.0425637377349608,-0.2283837625440984,-0.0126561576014063,0.3663669353720227,0.0715607070108391,-0.0834491669294223,-0.0974519110231819,-0.1475224646338089,0.1127931789912369,62.0,0.0188096904210291,0.306028170818513,0.16391556,127.0,0.16391555964946752,0.1639209858251198,0.24,0.1496009255221788,0.24624888981477944
2025-06-09,0.1427229669048097,0.0768829649296335,-0.0919187895477511,0.0847770280326203,1.0299338818306951,0.8312966132753142,0.4651299658165456,56.503890938876985,-0.0172754106980061,0.1096202392968178,48.86189571304183,1.6607217362183846,0.0304195091557522,0.2082037305166618,-0.1582484710786408,1.004261183046281,False,False,False,False,False,False,-0.1855931541760307,-0.1886718394201831,-0.179589778943905,0.2077912421486236,-0.0499589423436184,-0.1890265919775151,-0.2819577043402613,-0.0167436944695568,0.2835070305100673,62.0,0.0157260447367889,0.333451782095311,0.16391556,127.0,0.16391555964946752,0.16392063574927127,0.24,0.17220069414163408,0.24584573563318077
2025-06-10,0.0012904964663516,0.0555157465627644,-0.0777028325940474,0.1213465050485127,0.95228985154168,0.7630353856637282,0.4482038220084979,56.57942488925644,-0.0078262917459842,0.1074744819211687,47.9039285662893,1.655049953509404,0.0364007447647148,0.192817979692356,-0.1495568365243333,0.2280996947581841,True,False,False,False,False,False,-0.2485672429022933,-0.1544196726051553,-0.1740194926671311,0.2394735153575616,-0.0176755344274189,-0.152872075644516,-0.2746016921925023,-0.0154739865811922,0.2851644610215665,71.0,0.021275245735431,0.3324836120625971,0.16391556,127.0,0.16391555964946752,0.16392030825896137,0.42,0.23415052060622554,0.25708149462458846
2025-06-11,-0.0752760681361632,0.0762452344855519,-0.1644908076581472,-0.1846873469150803,0.7147191527461592,0.7052485229200561,0.4189004331670775,51.19610438805773,-0.0064070129191098,0.1156532679019348,44.6310440572238,1.460196043936327,-0.0268441546155071,0.0948358895880256,-0.2035739073813457,-0.2235441922757698,False,False,False,False,False,False,-0.1695389226205082,-0.1653223468383312,0.0067645607473455,0.2189319880356358,0.0580916177455846,-0.081857840390869,-0.2581550061821552,-0.0868645263378426,0.1919738461491432,72.0,0.0144339339265175,0.3335513859587248,0.16391556,127.0,0.16391555964946752,0.16392000189705855,0.44,0.28561289045466914,0.2688826885197763
2025-06-12,-0.0697046205587565,0.0715109513075875,-0.170485619705009,-0.2824266880329626,0.6902842842806004,0.5597851267925127,0.3851853973982427,47.0447006718436,-0.0094206035066786,0.121895069167614,44.03204399543546,1.471148925757025,-0.0819582674048471,0.0129695594838747,-0.2500590622703804,-0.212288941771253,False,True,False,False,False,False,-0.107776306129343,-0.150725481544583,0.1808746688707189,0.1568082205570664,0.0266408382641826,0.0069637160976229,-0.4814761758270913,-0.1483466038655322,0.1117173776034538,71.0,0.012465533462825,0.3443585175959475,0.16391556,127.0,0.16391555964946752,0.16391971530043978,0.42,0.31920966784100185,0.2786321924862424
2025-06-13,-0.0419021507359658,0.0439347943359873,-0.04290421598301,-0.2862657448385142,0.6825717328174921,0.5319663597663868,0.3674026301696996,44.819870658973095,-0.0132661358813244,0.1256896025879947,43.23431772398592,1.4721504873427538,-0.1071490623380307,-0.035113445428285,-0.2736974169152724,0.597278508597598,False,True,True,False,False,False,-0.1074122472215393,-0.0931410845708758,0.1267135399492336,0.258865355114595,0.160043038471316,0.0657063320193569,-0.4364296811593393,-0.2071340350972138,0.0660965095766007,61.0,0.001031180128003,0.3435366527536116,0.16391556,127.0,0.16391555964946752,0.16391944719392545,0.22,0.29440725088075137,0.27484947039035584
2025-06-14,-0.0226426790830312,-0.0464375361557626,-0.0227037311443388,-0.1675971204006876,0.7633825129457266,0.5819612946584625,0.1350680813751258,43.65661770371912,-0.0162914978951667,0.1229568918605176,42.620129362604274,1.3946123170946785,-0.1144926244185379,-0.0608757612640835,-0.2832945494141182,-0.6500740069330733,False,True,False,False,False,False,-0.1639205737811696,-0.0032645360884184,0.1479484264247864,0.2719552284835457,0.2410814188921163,0.1415813863783843,-0.3363698321497357,-0.2248849224863241,0.0422284663951303,63.0,0.001031180128003,0.3442857002402907,0.16391556,127.0,0.16391555964946752,0.16391919638460561,0.26,0.28580543816056353,0.273891440042591
2025-06-15,0.0220159281747255,-0.0434961269680297,-0.024529297559955,-0.1652619059151193,0.8130363346187229,0.5296672840224057,0.2123077649151045,45.14687817825652,-0.0162057361851759,0.1147719993272279,39.93564170015904,1.395168502006097,-0.0814495608922799,-0.0442745687756522,-0.2601302602176284,-0.174797040199765,False,False,False,False,False,False,-0.1940808303724958,0.0235035629420437,0.1693351292901353,0.3204547051353,0.0784966923435864,0.1467039322104683,-0.2898549994415627,-0.2076308088679136,0.0654285419674005,60.0,0.001031180128003,0.3441139534518123,0.16391556,127.0,0.16391555964946752,0.1639189617565322,0.2,0.26435407862042265,0.2691242503624238
2025-06-16,-0.0190761333759116,-0.2052952272487513,-0.1284122623191178,-0.1086304592406846,0.7994097284106592,0.553735336970487,0.2379844834907135,44.05790464711926,-0.0163482476575808,0.114496134619913,36.957945763226704,1.3731143918251745,-0.085252647562731,-0.0669588875071198,-0.2669620558945534,1.058414289577272,False,False,False,True,False,False,-0.0037802791810248,0.0337737227693506,0.2092672225636423,0.2241287076679203,0.0464477401492625,0.1126023048440414,-0.3029142793396569,-0.2226028905036084,0.0479250993875408,61.0,0.0156713612548901,0.3459884783287785,0.16391556,127.0,0.16391555964946752,0.16391874226575384,0.22,0.253265558965317,0.2659549438874288
2025-06-17,-0.0791878283239862,-0.2857735520390894,-0.2302578054763248,-0.3266360770447877,0.6518078869469642,0.4006124279741626,0.2025140053147663,39.95507531542648,-0.0196221677670081,0.1253736422425244,33.46013708154321,1.2969256869177548,-0.1383300347895643,-0.1409387794729182,-0.3152239270442123,0.116735605515174,False,False,False,False,False,True,0.125290745456411,0.0142896175643878,0.3864976138548283,0.2753189910102935,0.1464168910959992,0.13936017354513,-0.2971433812564558,-0.2817889467253797,-0.0318572320501657,68.0,-0.0029440946841296,0.3367007350409172,0.16391556,127.0,0.16391555964946752,0.16391853693567088,0.36,0.2799491692239877,0.2720223668624334
2025-06-18,0.0247232663851922,-0.185774217517734,-0.1095289830321819,-0.2292146702341631,0.6392416247649053,0.4468241366198501,0.2517706697870281,41.73010933085379,-0.0193490306554506,0.1195720286969559,31.20729889920801,1.2829302090993249,-0.1036254413767177,-0.1231323361714401,-0.29055841532995,-0.275286072144817,False,True,False,False,False,False,0.0050773912192035,0.1481728140275821,0.3658241882395475,0.2207080825807616,0.1534536443543953,0.2154967725413694,-0.3391533287639248,-0.2638111037560178,-0.0076232432041734,52.0,-0.0041729079052416,0.3358236451080042,0.16391556,127.0,0.16391555964946752,0.16391834485269002,0.04,0.2199618769179908,0.25705318190356674
2025-06-19,0.0020311969992352,-0.1140383999597422,-0.0425274486521546,-0.2057068225944621,0.6155498993575379,0.4858616428703842,0.2650578031312909,41.88415676620211,-0.0179534740645172,0.1140540890235562,32.60590227405357,1.2823595099881815,-0.0968578516947057,-0.1244345500413777,-0.2808381224337067,-0.3058091156816254,False,False,True,False,False,False,-0.0481372280407811,0.1611678559979014,0.3494341233770016,0.1595082418831759,0.0952188846782792,0.2121690252219402,-0.3612316728547971,-0.1231380592248662,-0.0056054819721125,57.0,-0.0041729079052416,0.3333305939160531,0.16391556,127.0,0.16391555964946752,0.16391816516215954,0.14,0.1999714076884931,0.24950136371623988
2025-06-20,-0.0414941984970487,-0.113630447720825,-0.0696956533848378,-0.3839201112303086,0.5841962970353684,0.4040241229703719,0.1653145738638895,39.62443401692551,-0.0180461733948183,0.1177689262886748,34.74523784187388,1.177611426551344,-0.1290229544060521,-0.1627012560443238,-0.3026143957660242,0.3188959925866896,False,False,False,False,False,False,0.0159885261771069,0.1107617234709959,0.3300202578319379,0.1563888171753193,0.0841623400205203,0.2560928436299872,-0.3213628651336112,-0.1587781995945408,-0.0460227455769395,54.0,-0.0118219556624763,0.3209642056794867,0.16391556,127.0,0.16391555964946752,0.16391799706456653,0.08,0.16997855576636983,0.23856579186357926
2025-06-21,-0.0880438943337703,-0.179031662971564,-0.2254691991273266,-0.5400808784343256,0.3295792813184444,0.3048898633834706,0.0819137135233052,35.51913684925681,-0.0210604518941199,0.129487306459539,39.36845937577026,1.1685024926049776,-0.1942978931433321,-0.2341562798307505,-0.3537127953447417,-0.1244388314899912,False,False,False,False,False,False,0.192154037827863,0.2138287412733348,0.5460697503471927,0.2271229883418007,0.2490676426767457,0.2896881070419021,-0.2370783151060154,-0.2296758001515692,-0.1264232990242915,49.0,-0.0118219556624763,0.3138352002355811,0.16391556,127.0,0.16391555964946752,0.16391783981197952,-0.02,0.12248391682477738,0.22188412787238063
2025-06-22,-0.0147242361801337,-0.2157718273264232,-0.259267954294453,-0.4813218239474479,0.2425305739135809,0.2099895352237827,-0.0248462617462056,34.90071907801244,-0.0222580939750919,0.1297758602738611,42.77223819158882,1.151235545753414,-0.1937790393324122,-0.2472828483287584,-0.3556703650808343,0.5571273884472017,False,True,False,False,False,False,0.2699828984277755,0.2795788819244761,0.7707856173129217,0.3081496654578198,0.2377162823552498,0.309657417171993,-0.210747984302502,-0.2409351395978548,-0.1391918146837855,42.0,-0.0118219556624763,0.2863155314898808,0.16391556,127.0,0.16391555964946752,0.1639176927047207,-0.16,0.05186293761858304,0.1972464422031948
2025-06-23,0.1929082514555605,-0.003787442494951,-0.2090826697437023,-0.299303023044674,0.4034712662856911,0.4153633531099931,0.2329074529100134,48.698613344861904,-0.0122329705922566,0.1133966955089687,41.10977459085819,1.36082349848448,-0.0141658369572429,-0.0927625560017813,-0.2094949465094303,0.4840198621660294,False,False,False,False,False,False,0.037696505264424,0.0111940653826037,0.488659337653797,0.1115556712261486,0.1199161014300633,0.0550516526077971,-0.3671816116215056,-0.0794277566913335,0.0439636499510527,47.0,0.0004863597270705,0.3285271024722192,0.16391556,127.0,0.16391555964946752,0.16391755508825276,-0.06,0.023897203213937276,0.18064989754492417
2025-06-24,0.042641056843078,0.1180414426721131,-0.1677321093669761,-0.2412927879824476,0.3094249248453622,0.498392262162551,0.447280121772539,51.4502677630709,-0.0026777048730979,0.1053955373635813,41.02102839617024,1.372920026076106,0.0296458865591352,-0.0598167634820845,-0.164655877987658,-0.1127184319324052,True,False,False,False,False,False,-0.0986421761133401,-0.0231791344086268,0.4658258656232764,0.0032609947769882,0.0406143760814093,-0.0846658667292565,-0.4341034806333754,-0.0393246400031425,0.0894420970545021,65.0,0.0077315552723527,0.3261511520717026,0.16391556,127.0,0.16391555964946752,0.16391742635026663,0.3,0.09292290241045295,0.18834990415492905
2025-06-25,-0.088253631552444,0.0050645447344769,-0.1807096727832569,-0.3466140340008195,0.1987916988170117,0.424295475735961,0.3710600528087551,46.065874194400855,-0.0009094053313235,0.1164245629484806,41.37559078253624,1.3976035493548966,-0.0555364072770017,-0.1435756641352782,-0.2236802796378109,-0.2547982689949662,False,False,False,True,False,False,0.142372541715218,0.2061716962636177,0.4603625524397991,0.1360547735251903,0.0869091241821954,-0.0152972348626296,-0.3399646480758441,-0.1204741938702885,0.2443362145358037,66.0,0.0190889377541059,0.3290668401953879,0.16391556,127.0,0.16391555964946752,0.16391730591795703,0.32,0.1496921768078397,0.1968434587255788
2025-06-26,-0.0523677494178664,-0.0493344016826245,-0.1633728016423667,-0.3860563229313339,0.2052382812847084,0.4928845119424229,0.2697674233183457,43.36339951130821,-0.0020189097023441,0.1205748461460956,42.43806075556821,1.4048434631091364,-0.100473180828162,-0.1903963537913945,-0.2524200173935028,-0.1389517037686203,False,True,False,False,False,False,0.2198899780562591,0.3904510770185193,0.3621134220074843,0.2629575311064451,0.0305607736124224,0.043935336877646,-0.2775457598229591,-0.1653477624282407,0.1808499517758452,74.0,0.0177282456384338,0.3290246169618676,0.16391556,127.0,0.16391555964946752,0.16391719325547385,0.48,0.23226913260587978,0.21511162267876727
2025-06-27,0.0237022591453294,0.0158620559597534,-0.0977683917610715,-0.3738659707139411,0.2227505931517179,0.5812686283223486,0.2807988100144502,44.915980854590046,-0.0011243308246163,0.1138761793614053,43.06068825787728,1.4081457946988487,-0.0733814068317314,-0.1724803174164877,-0.2256801395484014,-0.1124294490725845,False,False,False,False,False,False,0.0932817594412165,0.2424353124610068,0.3881600916046593,0.2612592895240589,0.0513278063913807,-0.0574450147628299,-0.2915505837653137,-0.145328302818005,0.2091730986520829,65.0,0.0313209046182269,0.3269296474245657,0.16391556,127.0,0.16391555964946752,0.16391708786153797,0.3,0.24920184945440982,0.22058829218336293
2025-06-28,0.0718558363662836,0.1757617866598073,-0.0032698763117565,-0.2383003258357626,0.3219093101541005,0.6448844208587547,0.2798331211264487,49.64419519551216,0.0035013690071085,0.1047526885347075,42.777183517794455,1.425338873530879,-0.0008061313326738,-0.1124776855554502,-0.1594702892338183,-0.1320123862042005,False,False,True,False,False,False,0.0181811265639494,0.1517082194705763,0.276121172103071,0.2152645413880281,-0.0163580544854599,-0.0917196670512431,-0.3156863793527272,-0.0704820084899033,0.2992570132505225,65.0,0.0313209046182269,0.3189046646726132,0.16391556,127.0,0.16391555964946752,0.16391698926721085,0.3,0.26190138709080735,0.22571162817153306
2025-06-29,0.0485174117349928,0.2390034345749339,0.0232316072485107,-0.0202993596428051,0.3185226530880209,0.73034029870221,0.3553310849916903,52.77429462449968,0.0091752861709786,0.1003138120086706,37.70144230532759,1.3127585222810567,0.058695982206004,-0.0669413925350654,-0.1078384151388556,0.3872975846214643,True,False,False,False,False,False,0.0075559942646316,0.1424827148905092,0.2901320063211848,0.1565816947779527,-0.0231026274980019,-0.1554219585075325,-0.366111346578795,-0.0242722773234989,0.3638478203642544,68.0,0.0313209046182269,0.3149711195427719,0.16391556,127.0,0.16391555964946752,0.16391689703380807,0.36,0.2864260403181055,0.2343753940959503
2025-06-30,-0.0090918252665721,0.0370033578528012,0.0332159153578502,0.0134519790123253,0.338450447750185,0.7144757130859466,0.1269949350051444,52.10768956359912,0.0120495611915016,0.0996888745379696,30.868054748816565,1.3043656866402031,0.0596364997812146,-0.074472198871254,-0.1063766856478399,0.0945501790973619,False,False,False,False,False,False,-0.0255396830839928,0.1697600702445467,0.1841360258109796,0.0562039172816087,-0.0813349306617296,-0.1365086525442983,-0.3826700862539395,-0.0331032177707566,0.3515041525552461,66.0,0.0367813301590764,0.3176646662670578,0.16391556,127.0,0.16391555964946752,0.1639168107509474,0.32,0.2948195302385791,0.23989956221879222
2025-07-01,-0.0982152603943671,-0.1038529593846438,0.0141884832874693,-0.1086047759723838,0.1956022555811626,0.7357235045851087,0.195214032191533,45.73556315557,0.0083372259924567,0.1099840457436989,27.11281156245352,1.345642082390517,-0.0293776500602482,-0.154472700947022,-0.1809160615388649,-0.2432948803875559,False,False,False,False,False,False,0.0837215140368075,0.366964217956034,0.257351913029254,0.2625826380181353,0.0294702968974392,-0.0693586567436725,-0.3125546001021346,-0.1235527770309622,0.2250760196007433,64.0,0.037843208264785,0.3197949539406542,0.16391556,127.0,0.16391555964946752,0.1639167300347229,0.28,0.29111464767893436,0.24248668723693467
2025-07-02,0.1487066045330932,0.1331072767008932,0.1381718214353703,-0.0447050028225416,0.466879796037852,0.8625580358270026,0.4561503873439664,54.95236289514179,0.0138416731469875,0.0999549076660888,27.88953547020766,1.415156228186868,0.1248599897070961,-0.0131493357951016,-0.0398742470651498,1.0918338475242044,False,False,False,False,True,False,0.0558479412089232,0.1895632535040468,0.0631745218724861,0.1380725174439739,-0.1360550608090582,-0.1991228517865387,-0.4577486367374957,0.0169701999456955,0.4214955241475589,63.0,0.0330164275000164,0.335881175573763,0.16391556,127.0,0.16391555964946752,0.16391665452599677,0.26,0.28333598575920077,0.2436165783829389
2025-07-03,0.0132856466386722,0.1987606727574321,0.1494262710748074,-0.0540770710170899,0.5167316483528304,0.8641318568578598,0.4588273868494295,55.73602999675215,0.0175661281066165,0.0973733358214893,29.993125703284857,1.4135200414723137,0.1350922841041569,0.0047195629263729,-0.0169982559258567,0.065313263121101,True,False,False,False,False,False,0.1398167884238444,0.1621352730413857,-0.0014292628806016,-0.0023458968943392,-0.1760987292513645,-0.1700374221014832,-0.4411194379945964,0.0305714573533464,0.4405070217595705,73.0,0.0302604770937217,0.3360395230149924,0.16391556,127.0,0.16391555964946752,0.16391658388880134,0.46,0.32750198931940055,0.2575767991324267
2025-07-04,-0.0858744522395477,0.0891839613725548,0.1050460173323082,-0.043945967197687,0.4333621449443971,0.7837851144733412,0.390798504883567,49.9062966197265,0.0143286606231359,0.1082260205440822,30.10302023413716,1.4054407248277827,0.0409280559055229,-0.0751289800040675,-0.0886337041350164,-0.441668381843245,False,False,False,False,False,False,0.1364273680885554,0.1973947514826002,0.041077301045038,0.0348773010873612,-0.0309221955907239,-0.0665651238416397,-0.3665833298828147,-0.0542348446286317,0.3219668927633368,73.0,0.0302604770937217,0.339662049591463,0.16391556,127.0,0.16391555964946752,0.16391651780884434,0.46,0.36062649198955044,0.27063636047872175
2025-07-05,0.0006897012286268,0.018017826234898,0.1937796128947054,0.0217140714117318,0.4098985613577077,0.9289237893437692,0.4609214666101432,49.949674687980846,0.0117373214543561,0.104487190468686,30.022134822276865,1.3866339963119834,0.0420421172382642,-0.0712536341118791,-0.0787697624675281,-0.1401622278321986,False,True,False,True,False,False,0.131142769614322,0.2737132494698794,0.0109523251645203,0.0467031297734998,-0.0343635599011278,-0.0705626109073243,-0.3548957543403912,-0.0535823242427901,0.0840412786196792,67.0,0.0302604770937217,0.3199112031115614,0.16391556,127.0,0.16391555964946752,0.16391645599211035,0.34,0.3554698689921629,0.27511143399622356
2025-07-06,0.0380271762283052,0.0075275907282102,0.2465310253031441,0.0740672414044024,0.4227873683040521,0.9375854870918334,0.4980434254437625,52.44285683614415,0.0117144103964785,0.098983902618514,30.700243474215988,1.3914982726140508,0.079590640063157,-0.0341273426848498,-0.0355446748742119,0.2828380129160988,False,False,True,False,False,False,0.1339148607064308,0.3838815584777976,0.0223282706028826,0.0392099048801489,-0.1072364334728012,-0.1407731857987489,-0.4986491815319921,-0.0795881601926535,0.1260581354289558,66.0,0.0302604770937217,0.3079541825074547,0.16391556,127.0,0.16391555964946752,0.16391639816355277,0.32,0.34660240174412216,0.2780074705125962
2025-07-07,-0.0424908983402242,-0.0258714823454417,0.0111318755073594,-0.0361533083445403,0.2013994937546528,0.969810479104188,0.6432482484828466,49.48328192123812,0.0088523802998829,0.1022507520284857,30.3379458512508,1.3794955522665744,0.0302605875848786,-0.0696339868437157,-0.069359403931765,-0.0814917717551886,False,False,False,False,False,False,0.2004183751131379,0.4721796622595244,0.0992505882691975,0.0316675152697215,-0.0271237185368114,-0.0936803960515777,-0.5216242609417929,-0.1178780396386194,0.0792132032041065,73.0,0.0223703950978273,0.3076436564723215,0.16391556,127.0,0.16391555964946752,0.16391634406586986,0.46,0.3749518013080916,0.2897489240279126
2025-07-08,0.0080571860924592,0.0804009641413845,-0.0234519952432592,-0.0471706412390738,0.1318851836876323,0.8264357022790317,0.6836533317398455,50.04906518834888,0.0071071997117272,0.0977127733236097,30.265137082318883,1.3779915024586893,0.0349682884732842,-0.0590585914471401,-0.0552717741553116,-0.1759043105894505,False,False,False,False,False,False,0.2613611525198588,0.5006086758147378,0.0270675311277345,-0.0281186312393836,-0.0391789577132556,-0.0538580466296525,-0.484242032148422,-0.1107419088864011,0.0879437494025368,65.0,0.013666120814841,0.3081586948311859,0.16391556,127.0,0.16391555964946752,0.16391629345836004,0.3,0.35621385098106867,0.2904102837680473
2025-07-09,0.1226498202401856,0.0543441798484771,0.1874514565493704,-0.0672437879036979,0.0175332401289221,0.9626900939269972,0.7640528253716162,58.23943025796465,0.0127695753178636,0.089570828559816,33.16121770779984,1.3530897944916742,0.158267353968758,0.0640706453533738,0.0735620877497742,0.6521689272202089,False,False,False,False,True,False,0.1266425846718254,0.2107418512336125,-0.058131792476668,-0.0930115016884754,-0.1326183705058045,-0.2320134170936601,-0.5578357741821225,0.005296025476286,0.2299078728049748,66.0,0.0145045243354705,0.2816084288432066,0.16391556,127.0,0.16391555964946752,0.16391624611585084,0.32,0.34716038823580153,0.29231929771849585
2025-07-10,0.0898090043721484,0.1308675375819532,0.3296282103393853,0.0212747200020987,0.1426212250506114,0.9735645715437786,0.784310105665827,63.48800583554042,0.0214349866081897,0.0842611916831687,38.92719269408013,1.390702778801461,0.2453945120132765,0.1657962055245931,0.1801479726920348,0.4454388547194023,True,False,False,False,False,False,0.0195807649476751,-0.0203801884722173,-0.0916922198984899,-0.1904592471197808,-0.1707041265156447,-0.2898713334766041,-0.5430357182612504,0.0997589893680378,0.3454765610666376,71.0,0.0120958279022673,0.3153272793352776,0.16391556,127.0,0.16391555964946752,0.1639162018276971,0.42,0.36537029117685116,0.3005567623818187
2025-07-11,-0.0888525359663314,0.1278894538551696,0.2170734152277243,0.0076982521719303,-0.1769890947431497,0.7224174049180898,0.7129467750919867,55.98727467926762,0.0200323043120747,0.0953109781823519,36.72780792953986,1.4008086675131295,0.1219604966783385,0.0722843620779843,0.0863121382686321,0.1451208888980129,False,False,False,False,False,False,0.0536482885805456,0.117289630842029,0.0151508709340896,-0.0291094900895311,-0.0888987939747587,-0.2638439903043265,-0.5049038244231734,0.0062580193481815,0.2310848035862079,71.0,0.0099120132389207,0.3122792089699902,0.16391556,127.0,0.16391555964946752,0.1639161603968436,0.42,0.3790277183826384,0.308262777712024
2025-07-12,-0.0039713303785397,0.1232284222480029,0.1412462484829009,0.0734315423521473,-0.2089951456808154,0.7637158266327476,0.63321666914466,55.685069058610296,0.0177984404232365,0.0944482852613035,32.74029582161223,1.3780685813647449,0.1001588119749227,0.071728344321028,0.0887475106111924,-0.4969499694237496,False,False,False,False,False,False,0.1260411008100848,0.1080247154002995,0.0551843955291625,-0.0548122349594503,-0.0643295622682526,-0.5181877899052629,-0.4977981642114268,0.0022697608949929,0.2262054542741148,79.0,0.0099120132389207,0.2954839919021739,0.16391556,127.0,0.16391555964946752,0.16391612163894836,0.58,0.4292707887869788,0.32579421140802245
2025-07-13,0.040474877725188,0.1256761237448858,0.1332037144730962,0.155808570813301,-0.1304571740252131,0.8383803036307931,0.6877749305796879,58.20685641513442,0.0178842769607946,0.090061786612053,34.50330147572424,1.374652883487209,0.1349302231843028,0.1191812365089821,0.140109743139956,0.0477670226788837,False,False,False,False,False,False,0.2204457375359179,0.1292354707045399,0.0123406505006027,-0.1320085981433249,-0.0880505963797933,-0.5177399244771916,-0.5003579367951007,0.043668663127697,0.2768540537822676,74.0,0.0099120132389207,0.2977558423443667,0.16391556,127.0,0.16391555964946752,0.16391608538156252,0.48,0.4419530915902341,0.3357429719623436
2025-07-14,0.014503119873591,0.1826701419587012,0.1567986596132593,0.1929543697699233,0.0253572493692357,0.95633688271565,0.7749156644283858,59.12930769452235,0.0177860976945354,0.0894245848874135,36.6213470839844,1.371287689939302,0.142283615606802,0.1379686979226358,0.1622598725435928,0.5307752788351403,True,False,False,False,False,False,0.2263888097520777,0.0122896617281759,-0.0970764482832776,-0.2302421138152108,-0.0587437761601229,-0.4528239219118445,-0.5443715677971649,0.0589154103086242,0.2955073597909183,74.0,0.0065845632633665,0.295766066556852,0.16391556,127.0,0.16391555964946752,0.16391605146336286,0.48,0.4514648186926756,0.3450498769970311
2025-07-15,0.0575784617925016,0.2321914176587436,0.3125923818001282,0.2285169033876994,0.0632549974725802,1.0415532380064227,0.7581841874101053,62.771827501975984,0.0204308156049331,0.0854108489634104,39.06296469309659,1.3819435068411148,0.1914632240094337,0.2068944591205989,0.2364867763341857,0.1294447315322771,False,False,False,False,False,False,0.1896740856628785,-0.0801866672784447,-0.0763601406436053,-0.2408869763896752,-0.0875529496089447,-0.4349284999307295,-0.5827749002928071,0.1216756106946587,0.3722899816231604,73.0,-0.0056839600129699,0.3051436343207573,0.16391556,127.0,0.16391555964946752,0.16391601973343414,0.46,0.4535986140195067,0.3524660139649646
2025-07-16,0.0097004486281864,0.1192420460467444,0.1735862258952216,0.2572934853917978,0.1486630261511132,1.056703213802457,0.8110288223622849,63.3840757012867,0.021453226149471,0.0848901235099627,39.271434414825535,1.37858874896616,0.1816346345289428,0.2194721310179992,0.254633248362366,0.0611605082724948,False,False,False,False,False,False,0.0746459149565023,-0.1062480126712577,-0.0432854124472984,-0.2442135990582805,-0.1398012356924737,-0.4610542572869272,-0.5908087224416855,0.1326093125029162,0.3856665847252234,70.0,0.0053979766166584,0.3042031936291585,0.16391556,127.0,0.16391555964946752,0.1639159900505976,0.4,0.44019896051463003,0.3555327227414185
2025-07-17,-0.0100415136253147,0.0193915280492813,0.1502590656312345,0.3264398000904693,-0.0001962769543182,0.9782476870374338,0.7270522280646321,62.24312909193473,0.02000126749702,0.0858626299028673,38.59650524830255,1.34384435333189,0.1511305793019758,0.2087399527210573,0.2476330373543943,-0.1243399726354248,False,False,False,False,False,False,-0.0391935144264351,-0.1407448338556388,-0.1415335836982786,-0.2041287934912541,-0.1779655267300414,-0.4928975193371827,-0.6228802347979051,0.1212931116379461,0.3718220213514897,74.0,0.0114735001071389,0.2912867455048406,0.16391556,127.0,0.16391555964946752,0.16391596228278277,0.48,0.4501492203859725,0.363562869661327
2025-07-18,-0.0559853616328407,0.0522587023827719,0.1801481562379415,0.2457311720724365,0.0165165018382733,0.8849727968373416,0.6925553086922864,56.34987157722964,0.0140000362044972,0.0952729724683153,37.66116568187251,1.3627355470382303,0.0779422310664628,0.1440173242657639,0.1853125073238099,0.3153079577012143,False,False,False,False,False,False,0.0604009354461342,-0.1305479669457476,-0.1357258750249337,-0.215637794917491,-0.0493205243804978,-0.4831303701760978,-0.5808305648505961,0.060242039956661,0.2971303963961251,73.0,0.0053392070275509,0.2960616869222339,0.16391556,127.0,0.16391555964946752,0.16391593630643986,0.46,0.45261191528947936,0.3697846200057575
2025-07-19,0.0624779978975547,0.1187080306588665,0.2419364529068695,0.306177972970756,0.1004711503762938,0.921727872328294,0.7920396158411404,60.82249053623256,0.013311073208282,0.0896391222826523,38.72424256960461,1.375547223330804,0.1350279832193305,0.2126349035843272,0.2675293898347967,-0.5088242405468236,False,False,False,False,False,False,-0.0159997582653281,-0.206295195888651,-0.1782270222837529,-0.2515115888199485,-0.1075337983036291,-0.5297032585147552,-0.6192652073965054,0.1285969448668584,0.3807577395501544,74.0,0.0053392070275509,0.2957619205177185,0.16391556,127.0,0.16391555964946752,0.16391591200599004,0.48,0.4594589364671095,0.3768952896828054
2025-07-20,0.1209829977202708,0.1992161506539494,0.3248922743988353,0.4686551691880756,0.0847350579577667,1.0528514662234438,0.8726792921584473,68.25958283812375,0.0206340643339659,0.0868062502002481,44.04023771617941,1.4148729419751391,0.2576940553149461,0.3574842311977884,0.4359401723407274,1.3830653943668514,False,False,False,False,False,False,-0.0747352086423209,-0.2612602831940372,-0.2490615266069234,-0.3542007527401502,-0.2138826392646265,-0.5752794579925707,-0.6807707863385617,0.2737409713140077,0.5583310873940263,72.0,0.0053392070275509,0.2912788726444551,0.16391556,127.0,0.16391555964946752,0.1639158892733112,0.44,0.4545942023503321,0.3809665613161728
2025-07-21,0.0193608932851812,0.2040739240655395,0.3867440660242407,0.576059956807027,0.0359790783727013,0.9056392381254712,0.8809498201904976,69.33508451888247,0.0252249388337717,0.0870298404235358,45.81993311319083,1.3645303014110552,0.252713621622978,0.3727878086203102,0.4708018740663858,-0.1875939033681865,True,False,False,False,False,False,-0.1745768930060469,-0.2533176374804346,-0.2992244481313496,-0.3878636126830905,-0.2750550406542854,-0.5711550515046626,-0.6639360926252834,0.2986420096765267,0.5887957289990411,71.0,0.0039949229602983,0.286827950242942,0.16391556,127.0,0.16391555964946752,0.16391586800725677,0.42,0.44594565176274903,0.38348484768287133
2025-07-22,0.0271839297448629,0.1736793920179007,0.4058708096766445,0.6179681227320236,0.1366462987845757,0.8604986966456045,0.8279576579558063,70.86309750048437,0.0284681529468309,0.0872848977576866,50.56412925324031,1.3592355937141634,0.2639284491073881,0.4005859126954075,0.5193428714797284,0.0735569347278233,False,False,False,False,False,False,-0.226835867229098,-0.3155660448450357,-0.3523418967087173,-0.3569702907512344,-0.2940441178604383,-0.5745627095555309,-0.6880760568451133,0.3344284065635191,0.6325778291518618,72.0,0.0079352232301911,0.2858308302948422,0.16391556,127.0,0.16391555964946752,0.16391584811320586,0.44,0.44445923882206173,0.3871309865420409
2025-07-23,-0.0919877175038797,0.0719912258858345,0.191233271932579,0.3330721537725835,0.0337691307279094,0.7365434200582743,0.7484355068825765,60.26515392550175,0.0213101925985215,0.1019744764068403,50.9802205087552,1.2646414584783738,0.1392376972554643,0.2721913808524084,0.3942247611353519,0.0727504342818183,False,False,False,False,False,False,-0.1683288654524705,-0.2220734696139626,-0.250882013050591,-0.2970323657942325,-0.2438249849645203,-0.5464473676108058,-0.6743941163551124,0.2171539709229515,0.4891009347666896,74.0,0.0143103310449574,0.2546759942936051,0.16391556,127.0,0.16391555964946752,0.1639158295026421,0.48,0.45334442911654627,0.39312253579739315
2025-07-24,-0.1220149975696487,-0.0399822580584994,-0.020590730009218,0.1684160993598567,-0.0728766886225908,0.477841024205219,0.6668083615224077,50.55774393590955,0.0065873015872343,0.1175382073021708,48.06676907697781,1.3410648446085285,-0.000595612647047,0.1224920179202954,0.2420781027053843,-0.303792901836717,False,False,True,False,False,False,-0.1056938321649457,-0.0727956198793659,-0.173617414272496,-0.2372827390131742,-0.2265406833155157,-0.5218162206849852,-0.6806424663919429,-0.2208423202229092,0.3180554951671487,71.0,0.018972456107563,0.255893617824406,0.16391556,127.0,0.16391555964946752,0.16391581209275988,0.42,0.4450083218374097,0.39485656574594846
2025-07-25,0.0426439740214641,0.0586470775958056,0.1109057799785775,0.2993137049337649,-0.0473003290670546,0.4981054037507766,0.7236091806697261,53.2786287729796,-0.0007474097746348,0.1096841093391516,44.804667824054,1.3029299977094373,0.0315471846437207,0.1651490273380659,0.3041514418021172,-0.2796322950588263,False,True,False,False,False,False,-0.1800723632062295,-0.0914165468724201,-0.1310305912543273,-0.2366721169437767,-0.2700134353256622,-0.5106980947214903,-0.6902354393047052,-0.1868973092362729,0.375478285734066,70.0,0.0197503385838593,0.2561602157924291,0.16391556,127.0,0.16391555964946752,0.16391579580609586,0.4,0.43375624137805724,0.3951884002139518
2025-07-26,-0.0122982159628473,-0.0161291362645966,0.1025788943942699,0.3393832383887839,-0.0466730845425499,0.5446215196734921,0.8322677503312068,52.3699250862556,-0.0067605112666734,0.1052940314901757,42.1143842898341,1.2861870090744665,0.0101280719667504,0.1448367687828883,0.2944546863081853,-0.4395917395846946,False,False,False,False,False,False,-0.1933896248723022,-0.0476887556177365,-0.1469614784729069,-0.2306282146547423,-0.2564993870741829,-0.4854612623909662,-0.6840613472489653,-0.1968357837118805,0.3586659494943711,72.0,0.0197503385838593,0.2549951555017644,0.16391556,127.0,0.16391555964946752,0.16391578057018436,0.44,0.4353171810335429,0.3980794711678904
2025-07-27,0.0594368124775348,-0.0776753215073327,0.1215408291466167,0.3751177917209893,0.0012518210070481,0.5978683848727072,0.956386420043338,56.33873960659955,-0.006635955751243,0.0973690689581906,37.875807728370766,1.2965176431255043,0.0577275768678466,0.2083690875759023,0.3786567154564357,0.4824682288275341,False,False,False,False,False,False,-0.2015910216123326,-0.1035167803673449,-0.2313459642609989,-0.2601272533228075,-0.3522683658932095,-0.5131476622085571,-0.6654787919784766,-0.1476510497608525,0.4418688884438189,73.0,0.0197503385838593,0.256949982066646,0.16391556,127.0,0.16391555964946752,0.1639157663172349,0.46,0.4414878857751572,0.4020743439957684
2025-07-28,-0.0948229523587598,-0.1918591671512736,0.0122147569142659,0.2084390029959458,-0.0298613228398167,0.5303483131500465,0.8533234238547006,49.39042166277283,-0.0132908066999899,0.1097704845602199,33.03429073263988,1.330393503849868,-0.0457827821282727,0.0959128223167634,0.2579144915426238,0.2426640627877323,False,False,False,True,False,False,-0.0953944029518966,-0.1080383551727124,-0.2395873283239283,-0.1491736043301881,-0.2626121088317887,-0.4444396082115273,-0.6420295268917274,-0.2247596916116883,0.0266904172191824,75.0,0.0145678008151147,0.2632908198800022,0.16391556,127.0,0.16391555964946752,0.16391575298383057,0.5,0.4561159143313679,0.408392128254106
2025-07-29,-0.0382208238633465,-0.2572639207594833,-0.0835845287415824,0.1217007673976064,0.1014014077548014,0.4402234204856273,0.8520410660998164,47.03515521769257,-0.0197705520442222,0.1141701909503866,32.45643263000385,1.3306839895932645,-0.0826449818011304,0.0557553095843735,0.2150188770442871,-0.2038352259526887,False,False,False,False,False,True,-0.1147624079481575,0.0041601121648427,-0.1747096974945431,-0.1113944963070293,-0.2521993916534416,-0.438746572413006,-0.6073227091126974,-0.2538309129487279,-0.0118100890633755,73.0,0.0116944609204565,0.2623875103750447,0.16391556,127.0,0.16391555964946752,0.16391574051064586,0.46,0.4570869357485259,0.4117216683667443
2025-07-30,-0.019041984022016,-0.1843181872776195,-0.112326961391785,0.1117506086421626,0.1252025876544877,0.4502010563923476,0.8262263217281091,45.894125612332296,-0.0244929218424136,0.1131046649418502,33.70172227894928,1.3323729777351814,-0.0964336280080027,0.0372075284489914,0.1966077084869464,0.0128986526187506,False,True,False,False,False,False,-0.0646224233701845,0.070447507940254,-0.1543667464162805,-0.0735747417392819,-0.2278079653976142,-0.447942074322938,-0.6030542096844106,-0.2679050279783849,-0.0304491599107488,74.0,0.0090460899762737,0.2575750715139548,0.16391556,127.0,0.16391555964946752,0.16391572884218275,0.48,0.4628152018113944,0.4161267220205027
2025-07-31,-0.04940390311583,-0.1117070928238008,-0.1516893508823004,0.1605619659206997,0.0519571899483159,0.3561642215018623,0.8962854705058083,43.072600368341,-0.0295969341604774,0.1176654623699523,34.83847077979523,1.295743584141136,-0.1383433803468028,-0.0120794979103078,0.1433681901814966,-0.2575331586012306,False,False,True,False,False,False,0.0367862969850919,-0.0009179459998816,-0.0737661664811757,-0.0121475502251299,-0.2074052959779443,-0.4145267806855863,-0.5852371853182575,-0.2140257711703984,-0.0771847890058616,72.0,0.0047070994332324,0.2614311311515578,0.16391556,127.0,0.16391555964946752,0.1639157179265237,0.44,0.4571114013585458,0.41766693350305095
2025-08-01,-0.0441881235851154,-0.1985391904303806,-0.1398921128345751,-0.032332762197509,-0.0770377650200506,0.434547033840343,0.8302252736294936,40.76876573752087,-0.0341698356567345,0.1196621560965028,37.17904437078586,1.1981558041111424,-0.1726133148837642,-0.0545996198018398,0.0981157150497585,0.4070748778040567,False,True,False,False,False,False,0.1081263911050582,-0.005955369453789,-0.0978660406058696,0.081230981878792,-0.1728051114747323,-0.4399296359158341,-0.567576284220761,-0.2480003334306177,-0.1170744465678972,65.0,-0.0191958198980402,0.2567321846135805,0.16391556,127.0,0.16391555964946752,0.16391570771510075,0.3,0.41783355101890934,0.410075518438338
2025-08-02,-0.0286735593664697,-0.2149145338340028,-0.2310436700985996,-0.074291968202651,-0.128369039219741,0.4424396801501793,0.7898398886552088,39.35062161400778,-0.0371427667492667,0.1203723334696563,40.89842701864429,1.200760934881279,-0.19062858932639,-0.0813731871613488,0.0717169366195042,-0.2350192255362503,False,True,False,False,False,False,0.1806335174296502,0.0353634921440648,-0.0569687781869013,0.1425548788684908,-0.1060296750024125,-0.3980178733891107,-0.5699549386100794,-0.2692566372258571,-0.1420315504426248,55.0,-0.0191958198980402,0.2574322531573145,0.16391556,127.0,0.16391555964946752,0.16391569816247925,0.1,0.33837516326418204,0.3900706462810259
2025-08-03,0.0492170377389603,-0.2251343085725773,-0.3028096300799101,0.060799521775857,0.0168535545781699,0.4941616667202543,0.8445846362491982,43.05052987195111,-0.0345333376020954,0.110891214426548,43.03946892518638,1.17484607928045,-0.1452423637847863,-0.0363713473166013,0.1319725217763583,-0.4966850510888825,False,False,False,False,False,False,0.1228370971516903,0.0165129291272664,-0.1258094934274729,0.0353957435657047,-0.1216266986235774,-0.40394739270134,-0.6151492245152199,-0.2323918673908115,-0.0987484896172891,53.0,-0.0191958198980402,0.2555120116580028,0.16391556,127.0,0.16391555964946752,0.16391568922615593,0.06,0.26878137244813655,0.3687757658757984
2025-08-04,0.0300551215745478,-0.1002562346392698,-0.2921154017905435,0.0901649421217779,0.11187901353351,0.5000635034794857,1.019088731465547,45.33228718627392,-0.0294867384836791,0.1029294599289135,44.52851589311106,1.178883664822469,-0.113039123264031,-0.0085362536463077,0.1727132466195598,0.4308648553910363,True,False,False,False,False,False,-0.0139773092959798,-0.0614810432859422,-0.1801917146517979,-0.0494305681410335,-0.1506982825320897,-0.4105163508438161,-0.5637466225329709,-0.2089711178974792,-0.071250102147875,64.0,-0.0052642354035589,0.2562560732941852,0.16391556,127.0,0.16391555964946752,0.1639156808663696,0.28,0.27158602933610243,0.3630482971096179
2025-08-05,-0.0598637936334216,-0.1218992044093448,-0.3791631251688281,-0.0077260277399486,0.0663412136644537,0.4150613405641034,0.9298594593518846,41.7931985970645,-0.0282898651434501,0.1076674874563771,47.087857712361455,1.1916613477298883,-0.1561147346684608,-0.0668660711590506,0.1116388908006679,0.0514941049454333,False,False,False,True,False,False,0.1343396633635456,-0.0537317758517037,-0.0604941435099085,0.1036015788181185,-0.1341090651560979,-0.4947607293988164,-0.541736976210567,-0.2549355781882569,0.0603930408782701,60.0,-0.0141003901857015,0.2572843021243537,0.16391556,127.0,0.16391555964946752,0.1639156730459243,0.2,0.25368952200207684,0.35252905213480384
2025-08-06,0.0360522144509276,-0.0668050059364011,-0.2511231932140207,0.0708170850512032,0.0346637767066629,0.2722165788058559,1.0406275641553913,44.56649683506649,-0.0240308022247547,0.1015490149637821,48.57607518586614,1.188113112012383,-0.1180281873347139,-0.0353281603943839,0.1588641543911254,-0.1990922319118566,False,False,False,False,False,False,0.144401506605598,-0.0370324732623946,-0.0963572950045454,0.0637670773338232,-0.155643395513126,-0.5543297166469839,-0.57656005838133,-0.2275842809067353,0.0993200442987159,54.0,-0.0070217104371153,0.255559986614726,0.16391556,127.0,0.16391555964946752,0.1639156657300239,0.08,0.21026714150155762,0.3349465326422359
2025-08-07,0.0535269327066383,0.0361258298860671,-0.0755812629377336,0.1162868316653823,0.0691161904263084,0.2481720153530148,0.9427225339444142,48.65728470233715,-0.0168921089305333,0.0939152663980824,49.086854538753,1.2013690425020014,-0.0668675745922485,0.0142083428007659,0.2271813084117878,0.4520023756919833,False,False,False,False,False,False,-0.0363664557436909,-0.1087374008953804,-0.1774011454868318,0.0023928294525174,-0.1577256584048219,-0.5408620226096091,-0.6103377060250607,-0.1851126897660441,0.1597666021562265,62.0,-0.0048556784114764,0.2639452513758879,0.16391556,127.0,0.16391555964946752,0.16391565888611703,0.24,0.21770035612616823,0.3288209498911239
2025-08-08,0.0223566997427193,0.1026706532139022,-0.0958685372164784,0.0159937111679161,-0.0512500767357818,0.0335269512968382,0.9786838050949134,50.36828108640484,-0.0100795605560321,0.0888354781287103,49.222886649867625,1.1250823833750383,-0.0409738042504982,0.0331401214477296,0.2583060570974523,0.0987666607115613,True,False,False,False,False,False,-0.1029501340953367,-0.0435997862888052,-0.1598703669666767,-0.0783743861581279,-0.2441986692332554,-0.5648513688534644,-0.6106228747041691,-0.1666893233722633,0.1859871663673196,74.0,0.0041639903434224,0.2566548459101264,0.16391556,127.0,0.16391555964946752,0.16391565248375256,0.48,0.28327526709462614,0.3385744369949224
2025-08-09,0.0347069610068079,0.1660511735871798,-0.0488633602468231,-0.0391083321974243,-0.0178336121953257,0.1035128928531869,0.9344562393463542,53.05930361356916,-0.0029839276503367,0.0844315273834671,46.29561089274655,1.0857812819609034,0.0030736494200614,0.0640218648698242,0.3064913703485237,-0.0473283153352963,True,False,False,False,False,False,-0.123044131088072,-0.1042439889697676,-0.1921004924767776,-0.109241753016057,-0.2615491792880525,-0.5248105522368632,-0.635409734678638,-0.1372598932695927,0.2278718168274786,67.0,0.0041639903434224,0.2136702092819053,0.16391556,127.0,0.16391555964946752,0.16391564649444387,0.34,0.2974564503209696,0.3386664088017016
2025-08-10,-0.0009755310312098,0.1158586048170096,-0.1092757037555678,0.0487686727376971,0.0564669249096275,-0.1282204220054526,0.771186077655787,52.97089239074487,0.001664118410887,0.0836095916213588,41.62032547626683,1.03885107930556,0.0137341117935155,0.0560449117564956,0.3086811436130887,0.1708992131812434,False,False,False,False,False,False,-0.0946924253697505,-0.1425896002225603,-0.1746942603338807,-0.128878918496734,-0.298883970559703,-0.5284696990315954,-0.6141625534660899,-0.138101112631069,0.2266745738366075,69.0,0.0041639903434224,0.2248062495014716,0.16391556,127.0,0.16391555964946752,0.16391564089154217,0.38,0.3180923377407272,0.34133309210481766
2025-08-11,-0.0998793950023537,-0.0140759117598919,-0.1143321463991617,-0.0471393918861169,0.0262921504660303,-0.2561345375669322,0.7165764347466309,45.09076757605555,-0.0015228042263607,0.0960268344893,33.861790033226974,1.0975596931602392,-0.0656676745490487,-0.0488385665964239,0.1881895930586044,0.1548509061725955,False,False,False,False,False,False,-0.0481771205042398,-0.1474827689218497,-0.0461177331962976,-0.128474085133928,-0.4949316208289404,-0.4735578262564336,-0.5207912868286552,-0.2200275732446793,0.110074926671586,70.0,0.0053583839959118,0.2255462954443719,0.16391556,127.0,0.16391555964946752,0.16391563565011802,0.4,0.33856925330554544,0.3451180539045069
2025-08-12,0.0802628053584548,0.1260506872319845,0.0041514828226397,-0.00735146425285,0.1484571065604511,-0.137808638278063,0.8310288393779431,51.298558898402455,0.0015325079812893,0.0902368528116128,29.385442001551525,1.125171001695978,0.0214561589228211,0.0273064090000156,0.2899422243688368,-0.0488680797024213,False,False,False,False,False,False,-0.1657981690048461,-0.1781287739798438,-0.1150758799040034,-0.2078269809897521,-0.5141815431405685,-0.4966713015479828,-0.6036929899952156,-0.1548438745779125,0.2028458850229035,68.0,0.0327613302566526,0.2240081674203531,0.16391556,127.0,0.16391555964946752,0.16391563074685025,0.36,0.343926939979159,0.34607817945905484
2025-08-13,0.0448833259145146,0.1348817986955715,0.0680767927591705,0.0230287417880735,0.2159831115579971,0.0483859911573094,0.9793656245037236,54.58934676986598,0.0063668198631156,0.0848473598914826,29.48520780175208,1.1351289145891272,0.0680185051009491,0.0707872414341781,0.3513099046228412,0.4678083743915417,False,False,False,False,False,False,-0.1585404937172294,-0.2100189431886485,-0.1345439627924047,-0.2380036655162259,-0.4652807158754571,-0.5547442242987896,-0.6102872108806207,-0.1160462873438216,0.2580635149371832,73.0,0.0213566391492843,0.2406863344615663,0.16391556,127.0,0.16391555964946752,0.16391562615992236,0.46,0.3729452049843692,0.3534279743326642
2025-08-14,-0.1183990634453173,-0.0370441974563839,-0.0009183675703167,-0.1529487834497453,0.0755681199379541,-0.0896937859771651,0.8886044545566774,46.0621936847274,0.0017832878183092,0.1017298868518669,28.27308383869809,1.1889645141371694,-0.0436140667726879,-0.0511967654811288,0.2027342509332984,0.0519451058916928,False,False,False,False,False,False,-0.0751021439457488,-0.0729151526540036,-0.0112399218665646,-0.2069514074607775,-0.34154179090222,-0.5138220704633606,-0.5759512779478086,-0.2147472530697626,0.1175900013459012,75.0,0.0265293878083007,0.2754143272232532,0.16391556,127.0,0.16391555964946752,0.16391562186892528,0.5,0.40470890373827695,0.3628842340531375
2025-08-15,-0.0492429294024478,-0.1086438266015513,-0.0059731733876491,-0.2118921614803797,0.045401323911418,-0.0632291353292665,0.8448110523220772,43.279015124684015,-0.0039152810847334,0.1070177203385683,27.89442068549104,1.1974764889527736,-0.0806997127866276,-0.0990142619200589,0.1472445893334145,-0.3151056006390679,False,True,False,False,False,False,0.0661617041173931,-0.0924613124277701,0.087708688979763,-0.1374077733332742,-0.3338551999157524,-0.4942336116932286,-0.5464130561844394,-0.2524787692741646,0.0638896285544556,60.0,0.0163725256720831,0.2753441441240044,0.16391556,127.0,0.16391555964946752,0.16391561785476672,0.2,0.3535316778037077,0.3523755737916448
2025-08-16,0.0120521792213713,-0.1312986083869878,0.034752565200192,-0.1897984686336936,0.1366413314567758,-0.1899947455880118,0.7884492184037402,44.15197352604282,-0.0065115799866846,0.1001433435064935,23.21374945116866,1.199263276759695,-0.0576842402630618,-0.0901927066126437,0.1625411033798689,-0.6041834178967593,False,True,False,False,False,False,0.0214379568969992,-0.0891786034871303,0.1035301974019294,-0.1681173535382282,-0.3869100985841214,-0.5440599711373396,-0.5714116149546806,-0.2434150000570662,0.0767893960384092,56.0,0.0163725256720831,0.2747897695622144,0.16391556,127.0,0.16391555964946752,0.16391561409958613,0.12,0.29514875835278076,0.33738360128895806
2025-08-17,0.0308425458036285,-0.0994805315521495,0.0163780732648602,-0.1029705611972243,0.142760610875212,-0.086454059358951,0.7820022356401175,46.47167355596015,-0.0059199302218121,0.0964735585445433,21.950702549524976,1.19223337251634,-0.0224356394895069,-0.0632799098782041,0.2010856154825055,0.4870596931877067,False,False,True,False,False,False,-0.052907074010037,-0.1400104400806109,0.0185760691255055,-0.1827837533330486,-0.4270713223105202,-0.5353679606019515,-0.5913382004952573,-0.1442373201865794,0.110517783300614,64.0,0.0163725256720831,0.2722467834732067,0.16391556,127.0,0.16391555964946752,0.16391561058667525,0.28,0.2913615687645856,0.33368143346386403
2025-08-18,-0.0497751759004329,-0.0493763124502285,-0.0634522242101205,-0.2152237349952119,0.0909542379755441,-0.1147525846189182,0.7065041373330819,43.37012629849136,-0.0079454039232984,0.0990843729494488,22.29758408753821,1.1783412350695746,-0.0640836349684541,-0.1087036624981482,0.1449355816105379,0.2052376975592971,False,False,False,True,False,False,-0.1043320669810104,-0.1264872387676489,0.0128398846487872,-0.1608799805743923,-0.4167665148206048,-0.5278358099656167,-0.5626742138098886,-0.1857903251908219,0.022001162673903,60.0,0.0170695555861753,0.2745281770339803,0.16391556,127.0,0.16391555964946752,0.1639156073004038,0.2,0.26852117657343916,0.3250568248532922
2025-08-19,-0.0516407845015407,-0.1812799023102242,-0.0552292150782396,-0.3878475172170236,0.0808076519710518,-0.3031124592592569,0.6650039490064201,40.49944425628675,-0.0114478943322485,0.1029728904104572,24.128257538416825,1.0927734074225517,-0.1043715310348345,-0.1528825385232815,0.089565114731905,-0.0552679807069722,False,False,False,False,False,True,-0.0147813209188092,-0.0071463539466215,0.1662671858303523,-0.1176977068793042,-0.3740447257616935,-0.5295183768652537,-0.5709245185741606,-0.2267695455589918,-0.0294362153842182,56.0,0.0034247716575786,0.2927076800830226,0.16391556,127.0,0.16391555964946752,0.16391560422614987,0.12,0.23139088243007935,0.31182735228211206
2025-08-20,0.0535458408395262,-0.1726173873852126,-0.037735588689641,-0.3536625696626786,0.2223973871443484,-0.3176834912899772,0.5519766684627928,44.59821002783079,-0.009981826883435,0.095717573240854,24.66892194372433,1.111826062891471,-0.0525698919069156,-0.107882068477011,0.1505794431534782,-0.0340352428428878,False,False,False,False,False,False,-0.0611775719295515,-0.061606253684519,0.1046759602971371,-0.1217356857079092,-0.3892070702759962,-0.5213527423370569,-0.621479969985427,-0.1842377314696844,0.023949988188086,44.0,0.0034974094191988,0.2966722514065516,0.16391556,127.0,0.16391555964946752,0.1639156013502349,-0.12,0.14354316182255952,0.28396752310262097
2025-08-21,-0.0238536495144997,-0.0780719734543951,-0.1151161709107791,-0.4047001489220412,0.2132679738099823,-0.2680538501374656,0.4557985477235633,43.1509640605468,-0.0096597233792972,0.0950873146852816,25.316019910777616,1.103530525215613,-0.0733842450370104,-0.1278554462320668,0.1241948335577802,-0.3152693022362139,False,False,False,False,False,True,0.0023645760203999,-0.0770409805824146,0.1246885378782207,-0.0716420582622271,-0.3623320409135843,-0.5324718620364426,-0.5805148833591586,-0.2034663901234832,-0.0001859464597645,50.0,-0.0117963693849232,0.2899698913862355,0.16391556,127.0,0.16391555964946752,0.16391559865986283,0.0,0.10765737136691964,0.26564703774116155
2025-08-22,0.0928940507092856,0.0640650066573384,-0.0445788199442129,-0.2198183807088758,0.1132537730637075,-0.1860492499809663,0.5167250393493986,50.1727468946257,-0.0034624995409867,0.0910344062650806,24.4659922812842,1.126201408792142,0.012539340708508,-0.0431831514974268,0.2330566507571199,1.8002847234315436,False,False,False,False,False,False,-0.1487795105869772,-0.121571052589687,-0.0363598829974996,-0.1570385143779293,-0.4349412535720983,-0.5943437667360943,-0.6287365063566871,-0.1259274545778043,0.0971414186305027,50.0,5.104238980981389e-05,0.3215764514176896,0.16391556,127.0,0.16391555964946752,0.16391559614306314,0.0,0.08074302852518972,0.24850851917721567
2025-08-23,-0.0308014312570898,0.0212113961788771,-0.1100872122081107,-0.1286048143963169,0.0398112849635397,-0.2014815030189078,0.3492362098089019,47.99007880181016,-0.000982643284496,0.0909958481323409,24.41117620148339,1.0517721774451707,-0.0184968965354223,-0.0733283425733217,0.1948689326187957,-0.3873355928965093,True,False,False,False,False,False,-0.1082949381675308,-0.0980808416858559,-0.0055793809751177,-0.1651906598377532,-0.4561899850955419,-0.6368136423196415,-0.623350741866996,-0.1524397358489554,0.0638630345452187,60.0,5.104238980981389e-05,0.3243584590170996,0.16391556,127.0,0.16391555964946752,0.16391559378863763,0.2,0.11055727139389229,0.2453789372948147
2025-08-24,-0.0447269142800714,-0.0543580639048227,-0.1538385954569721,-0.2159757026978525,0.0833380022359123,-0.2632760317649071,0.2821297010529242,45.039454429584936,-0.001679424227131,0.0940487276179549,25.0663012919743,1.046844997920216,-0.0583180016921055,-0.114205864461255,0.1420747554338285,0.198287968227468,False,False,False,False,False,False,-0.0919691866344876,-0.0374437493639613,0.0159908040879667,-0.1174649933989877,-0.3927409962440281,-0.6155598077639598,-0.6126899463011027,-0.1895132196224957,0.0173281619034632,53.0,5.104238980981389e-05,0.3286030971824109,0.16391556,127.0,0.16391555964946752,0.16391559158611055,0.06,0.09791795354541923,0.23341900585643957
2025-08-25,-0.1056026571657275,-0.1101855451701173,-0.1595618576203459,-0.3092801439007326,0.0301030944880513,-0.3559532284432826,0.2353413757727595,39.333393529350296,-0.0073323339284422,0.1091477886249231,28.254572887531623,1.1017168872522831,-0.1483437022832302,-0.2013335719789063,0.027173770136612,0.1120988692905575,False,False,False,False,False,True,-0.0247359216176925,0.1189008644404278,0.0222971256122085,0.0322115397877687,-0.29896978550365,-0.5695512790058644,-0.586940047011975,-0.2707385035195999,-0.0846263310848611,47.0,-0.004527515028391,0.3430179518789322,0.16391556,127.0,0.16391555964946752,0.16391558952568197,-0.06,0.05843846515906442,0.21448874741408863
2025-08-26,0.0436531074376112,-0.0148916532309651,-0.1961715555411894,-0.3250638489406561,0.0500539427803331,-0.3238120279336079,0.272804535932051,42.47742667497032,-0.0080345881505967,0.1011089999751322,29.99638835668868,1.0904586217639458,-0.105887756794035,-0.1651958345438088,0.0720543042360796,-0.3787413694393129,False,True,True,False,False,False,0.0077495150409734,0.0767187024920787,-0.0361348664725974,-0.0932785724214648,-0.3261384204547997,-0.536982834155933,-0.6018661890857904,-0.1304497997321682,-0.0437824301567982,48.0,0.00249929859809,0.3444818505546918,0.16391556,127.0,0.16391555964946752,0.16391558759818428,-0.04,0.033828848869298316,0.19807011854866355
2025-08-27,0.0053085689273317,-0.0631289251431597,-0.2357463125283724,-0.2249323276545645,-0.0164933246586186,-0.2547936504943814,0.3054159854954819,42.87471944324263,-0.0075177093413676,0.0962767498900901,31.11116083053499,1.04851899026765,-0.0943332625427913,-0.1602049513219433,0.0770640552942004,0.0727934641116208,False,False,False,False,False,False,-0.0004566164400743,0.0955402408013275,-0.035424548584157,-0.0876628410750785,-0.3043061819722313,-0.5517357809180881,-0.6236205466307317,-0.12582145849326,-0.0386927858665539,51.0,0.0049881973091289,0.3425389252401368,0.16391556,127.0,0.16391555964946752,0.16391558579504129,0.02,0.030371636651973736,0.18658172380358848
2025-08-28,0.0416370604383358,0.0023617848096757,-0.0757101886447191,-0.1450744433528821,-0.0233736759552756,-0.0436730355980808,0.295148977132745,46.09443995512889,-0.004306226858363,0.0890264986909374,30.758363209971247,1.0560408686311322,-0.0493354476754275,-0.1225566090136051,0.1213249674361036,-0.2514025707261118,False,False,False,True,False,False,-0.0792182390543683,0.0665259829928179,-0.1445781960415866,-0.1699251237730306,-0.3511205257951408,-0.5460157185344804,-0.6310416909588751,-0.0886548488606946,0.1201514102276539,48.0,0.0140152738628025,0.3458536699278091,0.16391556,127.0,0.16391555964946752,0.1639155841082301,-0.04,0.012778727488980303,0.1719635480743247
2025-08-29,-0.0705518235759457,-0.1610840894755555,-0.0970190828182171,-0.1965842829068117,-0.0848336742646492,-0.071381695252324,0.2536167734855357,41.85126250524113,-0.005483056602335,0.0959032880881608,30.34480418697269,1.0797795109239023,-0.1033027063424169,-0.1779941085590572,0.0439958243640594,0.570381176915753,False,False,False,False,False,False,0.0319640543615818,0.1985259734651188,-0.0495256692866075,-0.4193148097382187,-0.3280141649548801,-0.5168225362479394,-0.5967976762263839,-0.1507361863991368,0.0438460744220374,50.0,0.010031164092275,0.3677436388795754,0.16391556,127.0,0.16391555964946752,0.16391558253024544,0.0,0.009584045616735226,0.16086912561791666
2025-08-30,0.0156628089703014,-0.1146198492481643,-0.093408453069287,-0.1315175708206803,0.0290443951000193,-0.0795603808723643,0.224646650681182,43.07004156072286,-0.0048344475151023,0.0906662898828642,28.761324423047064,1.0710967810016272,-0.0786260420330519,-0.1623431879284273,0.0592269626491639,-0.6033532258349531,False,False,False,False,False,False,0.0114545682410782,0.2115769366275936,-0.0866676500500749,-0.4041732425810931,-0.3322338663197467,-0.5269389751444298,-0.6121329549155677,-0.13732961128682,0.0603243472252786,39.0,0.010031164092275,0.3643391265568101,0.16391556,127.0,0.16391555964946752,0.16391558105406623,-0.22,-0.047811965787448577,0.13629692396514786
2025-08-31,-0.0265840305639712,-0.0964769655320641,-0.1508350294368868,-0.1139134777995359,-0.146246239997045,-0.1909512428195866,0.320633556040807,41.48918561031108,-0.0052137966591085,0.0891979633761258,30.02762263202833,1.06460324900564,-0.0962152253620758,-0.181400909124946,0.0302187531798921,-0.1252022125929943,False,False,False,False,False,False,0.0600480032923485,0.1844051562916433,-0.0497370145475336,-0.2956156183062476,-0.3723542570081998,-0.5154021319779224,-0.631580805668671,-0.1599607214170651,0.032508025499399,48.0,0.010031164092275,0.3579291340824197,0.16391556,127.0,0.16391555964946752,0.1639155796731244,-0.04,-0.04585897434058644,0.12492292887062222
2025-09-01,-0.0341726866682111,-0.0250469950345477,-0.135232540204665,-0.1194126051012775,-0.1937045733039285,-0.2477816443210184,0.3230270750489019,39.54017687755618,-0.0065390635062417,0.0924547561940958,29.524467635879496,1.0663918402225523,-0.1148555056744332,-0.2049663559312201,-0.0054907531340593,1.1421833389561753,False,False,True,False,False,True,0.1472798898698022,0.15950210414771,-0.0393729128332621,-0.2026793047265205,-0.3216656147434044,-0.5154102763932628,-0.6347129098051688,-0.1120089293905982,-0.0021794894208916,46.0,0.010031164092275,0.3593102656304975,0.16391556,127.0,0.16391555964946752,0.16391557838127557,-0.08,-0.054394230755439824,0.11170209474993692
2025-09-02,0.0764197442576835,0.0077196417855243,-0.0071720114454406,-0.0922098985825543,-0.0314103768066971,-0.0753563440043842,0.4019517681377,45.80369147022766,-0.0028450779156459,0.0854833182514821,23.118183945245217,1.0874843026165215,-0.0324135118272537,-0.138366956033984,0.0728492679103284,-0.0506975280746366,False,False,False,False,False,False,0.0684388197877734,0.1746617343515811,-0.111347078567045,-0.2886245771929608,-0.3463717079937671,-0.5779745747654303,-0.6706628599687544,-0.0414886234063144,0.0770629827755264,49.0,0.0070970337601957,0.3609839701389021,0.16391556,127.0,0.16391555964946752,0.16391557717277183,-0.02,-0.04579567306657987,0.10320518541123132
2025-09-03,-0.0028677935792992,-0.0004567207211065,-0.0635856458642662,-0.1251328137364013,-0.0349678716146232,-0.0132538002028912,0.3749306897430845,45.605646912488986,-0.000186691088707,0.0822367995676215,22.044906009406624,1.0809044019749672,-0.0293300376463151,-0.1362190768263893,0.0688827982810322,-0.2428635572180988,False,False,False,False,False,False,0.096040711008965,0.1771987661198173,-0.0640769743612242,-0.3354402423143641,-0.331938793037309,-0.5055945006967348,-0.6310479404220734,-0.0442334984291029,0.0739786132504646,55.0,-0.002888139095642,0.3603083993890347,0.16391556,127.0,0.16391555964946752,0.16391557604223608,0.1,-0.009346754799934902,0.10299839925566802
2025-09-04,-0.0404384484460912,-0.0825322296055336,-0.0801704447958577,-0.1057074685490708,-0.1134334962890196,-0.0393662548846171,0.3093538720150325,42.85210624375292,-0.0002318194849105,0.0840315123190682,22.607467586159103,1.0703796389552276,-0.0627685911597774,-0.1652119973287826,0.025678678712208,-0.0650445538647709,False,False,False,True,False,False,0.1582831331253876,0.2185682291592239,0.0058495796742897,-0.3330897687045625,-0.4384282275113051,-0.4906421699381301,-0.5854202664216477,-0.0821121737251509,0.0676675071296249,51.0,0.0096992205468777,0.3605376075819956,0.16391556,127.0,0.16391555964946752,0.16391557498463813,0.02,-0.0020100660999511763,0.09764366381981848
2025-09-05,0.0434442414373652,0.0314638354077771,-0.1296202540677783,-0.0983154415626333,-0.0274983565114302,-0.0636516648559704,0.1739011372432226,46.58877896100348,0.0023185789395557,0.0784984394883694,22.119619639196745,1.0741235757806515,-0.0172725255243125,-0.1234602255542735,0.069901791507049,0.4932990643772037,False,False,False,False,False,False,0.1614028302629004,0.0970040546175049,-0.0403760166292373,-0.3815215234025687,-0.5082871808337864,-0.5328141560742808,-0.5866435684011012,-0.041356340272686,0.115073821776785,48.0,0.0024035741668246,0.3591596726727448,0.16391556,127.0,0.16391555964946752,0.1639155739952723,-0.04,-0.011507549574963383,0.08876342744434633
2025-09-06,-0.0044115650542658,0.0113894613832099,-0.1032303878649542,-0.1562539393235375,-0.0399671076581552,-0.087137748897229,0.0919180760294771,46.25157046682087,0.0039047564717784,0.075262184542004,20.4885958776974,1.0543895408468664,-0.0158461400663241,-0.1236339621791085,0.0638014300211586,-0.5219749274145333,False,False,False,False,False,False,0.1978560131816188,0.102560700543983,-0.0744077975650701,-0.3668391490867277,-0.4632112067153741,-0.5444368297299895,-0.5034088578988286,-0.0455761443275966,0.1101654358641334,48.0,0.0024035741668246,0.3498940767440058,0.16391556,127.0,0.16391555964946752,0.1639155730697365,-0.04,-0.018630662181222536,0.0804561095447111
2025-09-07,0.0203407012762661,0.0583141932234472,-0.0381627723086167,-0.1582699377899909,-0.1422762266220748,-0.2095200145257728,-0.1247429864931526,48.13067856492325,0.0060938602429004,0.0705197809667248,20.05770640920876,1.0537494425754674,0.0065848416265124,-0.1008923824516329,0.0840788044240447,0.4713099505269706,False,False,False,False,False,False,0.1173127562271333,0.0555131748576975,-0.0831340963005017,-0.361316699279509,-0.4902310461939101,-0.5438515587763931,-0.5083172776148688,-0.0259637046059019,0.1329782066918857,44.0,0.0024035741668246,0.3513779185386629,0.16391556,127.0,0.16391555964946752,0.1639155722039127,-0.12,-0.0439729966359169,0.06752345731602007
2025-09-08,0.0449069475547244,0.1373938274463828,0.1123468324118351,-0.1480699512420745,-0.1871782834394988,-0.1659035634374001,-0.0445570583888874,52.2331210387086,0.0099020634955518,0.0665712651678047,20.519365290868794,1.0592070499439132,0.0499228129312806,-0.0525283144605734,0.1322078183710599,0.5538879525588811,True,False,False,False,True,False,0.0106532105947527,-0.0863380679185833,-0.0774772166218793,-0.3775222858429571,-0.4489731634395136,-0.5772233127514256,-0.5157167351858991,0.0187742976941221,0.1850164950560278,51.0,0.0021192081644105,0.353007471095083,0.16391556,127.0,0.16391555964946752,0.16391557139394852,0.02,-0.027979747476937673,0.06445742781176071
2025-09-09,0.0052244529123501,0.0661985361010495,0.0739181778865739,-0.1418699672985143,-0.0931012945608172,-0.0854030423888868,-0.2700903893039671,52.71355145526146,0.0123547189383832,0.0654572662715922,20.630914401388992,1.0597194493415942,0.0551181105192205,-0.0399486888822865,0.1364156548551604,0.3261792648006152,True,False,False,False,False,False,0.0994188086360499,-0.104812490675118,-0.1578845751634877,-0.3978603355799344,-0.4565958509299675,-0.5553505917169841,-0.5547756680362463,0.0241107639609114,0.1912237585939562,48.0,0.0016520077530172,0.3413235223882156,0.16391556,127.0,0.16391555964946752,0.16391557063624007,-0.04,-0.030984810607703257,0.05771823892067938
2025-09-10,0.0226380032367861,0.0917043329171347,0.0912476121960282,-0.0193525690593745,-0.0664919609454913,0.0069395814066559,-0.2754871066263068,54.861820570823824,0.0147884633533833,0.0624971819015743,21.617396177316177,1.0060734646327598,0.0763346801300579,-0.0097411996814852,0.1609933360366806,-0.3284112614241505,False,False,False,False,False,False,0.0740465698907679,-0.1195435681027025,-0.1672262460595724,-0.4506585311808526,-0.4632705966365561,-0.5114270483346455,-0.5754270973537604,0.0475589959403171,0.2184982410169891,49.0,0.011049776385208,0.351039501260352,0.16391556,127.0,0.16391555964946752,0.16391556992741604,-0.02,-0.028238607955777446,0.05270415899031297
2025-09-11,0.0147960697372699,0.1469388511004961,0.0644066214949624,-0.0848193046805594,-0.0921707689334093,0.0636378018798916,-0.2226279429586224,56.28607671630531,0.0166220005855405,0.0596922618825063,20.46363571597604,0.9648814583154812,0.0939602058628388,0.0106841026202944,0.1764010131154894,-0.222732521709596,False,False,False,False,False,False,0.0520469428499484,-0.1979362738468099,-0.2217021530992937,-0.4220122389819009,-0.4521164647715676,-0.5686117514359651,-0.5738018115992674,0.0631739872752836,0.236661265294274,54.0,0.026446214069332,0.3517798473648149,0.16391556,127.0,0.16391555964946752,0.1639155692643226,0.08,-0.0011789559668330847,0.054465180990937945
2025-09-12,0.0461340012303877,0.1496286108935185,0.1810924463012959,-0.0835686293646863,-0.0605398875766126,0.1324144821933106,-0.0351826382073769,60.59098969444291,0.0198307702296085,0.0577351112990263,22.824714040737764,0.965669358763564,0.1423695266186698,0.0602189246892952,0.2287955411990022,0.7188430727731756,False,False,False,False,False,False,-0.0554491292489944,-0.2069639275605949,-0.5155005372282979,-0.4266985732524852,-0.5159358093335223,-0.5763199128403015,-0.6016857300307799,0.1133714596208873,0.2950498925636272,57.0,0.0208762238849624,0.3386196818244431,0.16391556,127.0,0.16391555964946752,0.16391556864400939,0.14,0.03411578302487519,0.05998355641087744
2025-09-13,0.0264931271912877,0.1805333031390722,0.1919227645222823,0.0613235612719187,-0.0916252221778266,0.1368916812098728,-0.0283702247052465,62.931909617525214,0.0225809894719433,0.0552516015056224,27.048602105479983,0.8753661636438451,0.1651881100426895,0.0910227524319361,0.2583073772232057,0.080018751397606,True,False,False,False,False,False,-0.0795548977414426,-0.2461623176055397,-0.5082221034370449,-0.4393788648621829,-0.5427404806356937,-0.6011741729670174,-0.615333111155281,0.1432623546411738,0.329818342976245,52.0,0.0208762238849624,0.3076146614759298,0.16391556,127.0,0.16391555964946752,0.16391556806371638,0.04,0.03558683726865639,0.05869429470694986
2025-09-14,-0.0492661243451596,0.1109264775176465,0.1692406707410938,0.061300366329207,-0.1505917951511728,0.1067016902406249,-0.0019287690000595,56.30891814650018,0.020222145077691,0.0587959972404607,27.54159934883646,0.8753832715475651,0.0992160481863275,0.041601012364729,0.1950969709933714,-0.3282873495315422,False,False,False,False,False,False,-0.0553109064807569,-0.1976875645934141,-0.4052842661550289,-0.3887506600780984,-0.5243061318650928,-0.5733830226214222,-0.6034020314602662,0.0883031778720459,0.2658910028641856,55.0,0.0208762238849624,0.3067926733825571,0.16391556,127.0,0.16391555964946752,0.16391556752086162,0.1,0.0516901279514923,0.06135917891940471
2025-09-15,-0.0554226649948632,0.0105968649680589,0.1479906924144418,-0.0061744778870276,-0.1959729465207212,0.130466853569748,-0.1961692234750395,50.23096587901215,0.0145359803639572,0.0640069804791523,27.394606445931736,0.8970445281006655,0.0358462340987384,-0.0091156873407475,0.1285170674618499,0.2064175560848979,False,True,False,False,False,False,-0.095968901594107,-0.1715175990363164,-0.3123594235652132,-0.3717727092880853,-0.5412360704266382,-0.5687571188181012,-0.5239728962975607,0.029627514835979,0.1976407253361155,53.0,0.0172599545086486,0.306770814041708,0.16391556,127.0,0.16391555964946752,0.16391556701302976,0.06,0.05376759596361922,0.06127148995686248
2025-09-16,0.0894092723341042,0.0947816843898129,0.1609802204908624,0.052392248643448,-0.0505783125537762,0.1951528595186601,-0.0340618107155029,58.20461981777608,0.0154784695668257,0.0614703205755502,29.21528230181639,0.9445606597526252,0.1231382655894205,0.0850524103736941,0.2314257899185219,-0.0832452996741572,False,False,True,False,False,False,-0.1857629664936689,-0.2434818506082556,-0.3943997646269445,-0.445575186088104,-0.5590843750189772,-0.6121977017169518,-0.5723416458738516,-0.0267670355870384,0.3096538054923249,52.0,0.019141366745254,0.3099186376099819,0.16391556,127.0,0.16391555964946752,0.16391556653796124,0.04,0.05032569697271442,0.05989913576609716
2025-09-17,-0.0007103248418336,0.0714333563111932,0.163137689228328,0.1014570997020473,-0.1137666352931647,0.1924113376775912,-0.0132954849168709,58.12136503413645,0.0151971809334848,0.0618212399087491,30.890477570436524,0.9262024972292876,0.1152060913664512,0.0848541282554794,0.2277994685179268,0.641106395845626,False,False,False,False,False,False,-0.180243709556429,-0.2049575207051177,-0.4354736202484298,-0.4399617470239813,-0.5733902394513022,-0.6048674319948988,-0.5986148612762224,-0.0274581016687927,0.3087238561822314,53.0,0.0160669632161209,0.3079940038423912,0.16391556,127.0,0.16391555964946752,0.1639155660935423,0.06,0.052744272729535815,0.05990564313602637
2025-09-18,-0.0058995507730185,0.0507377358009045,0.1976765869014006,0.1471983334305695,-0.2406491837864541,0.2280059854016213,-0.1559141258286874,57.38955805387619,0.0138117246765001,0.0601420774089529,31.081572750550656,0.9055124675555558,0.0983281750095386,0.0787275420371175,0.2190613789011813,-0.4376301310268166,False,False,False,True,False,False,-0.237616028824308,-0.1745644145274522,-0.4527099793537323,-0.4843859598892653,-0.5939165961647058,-0.6296551800711463,-0.5937554443700699,-0.0331787706960238,0.1096105478509789,52.0,0.0181601040227559,0.2888874822115962,0.16391556,127.0,0.16391555964946752,0.16391556567779555,0.04,0.04955820454715187,0.05862140809499242
2025-09-19,-0.0616494680815969,-0.0570457335110801,0.0925828773824384,0.0320030245094461,-0.3216595451532324,0.2544004116537946,-0.285680466780531,50.47405086261312,0.0084902637587657,0.0673444913043392,30.28581583884476,0.9167129787406568,0.0272138491971591,0.0147147290241753,0.1443208982195386,0.2617312689277418,False,False,False,False,False,False,-0.1604093575088572,-0.1252320542193829,-0.4362113120784428,-0.4272211226096806,-0.5364283825381382,-0.6334019682629574,-0.5783664563876063,-0.0909826882488671,0.0432696001352175,53.0,0.0200545997308387,0.2896465804861734,0.16391556,127.0,0.16391555964946752,0.1639155652888712,0.06,0.0521686534103639,0.05871034950821871
2025-09-20,0.0006409415693197,-0.0828979191330482,0.0976353840060239,0.0564976155932655,-0.3482025333287756,0.2697655894032479,-0.2115562345442,50.53876710377399,0.0046440659301548,0.0647145157321091,28.66856669486513,0.912303059931204,0.0212166352351849,0.0149229762173824,0.1427025962153323,-0.5681764063105146,False,True,False,False,False,False,-0.181007448956251,-0.1605068074907261,-0.425736060970718,-0.4046336021852924,-0.5581537727123549,-0.6035577302397125,-0.6083820150968166,-0.0903998745117109,0.0439384893264969,48.0,0.0200545997308387,0.2832561861302534,0.16391556,127.0,0.16391555964946752,0.1639155649250387,-0.04,0.029126490057772923,0.052341939862527186
2025-09-21,-0.0232676124003332,-0.0568994071882218,0.0540270703294247,-0.0596640475163533,-0.2794824282252291,0.0535897255473542,-0.2457132974973197,48.108698044625385,0.0005573184103447,0.0643661574422883,25.54854035296836,0.8546030002887175,-0.0090079366312296,-0.008944749125955,0.1143226320264597,0.2058133932116423,False,False,False,False,False,False,-0.1507127149973357,-0.1313553202942175,-0.3949073152908801,-0.3789461476174564,-0.5694040702606258,-0.6059112713802962,-0.5988637236589837,-0.1113197757976342,0.0199289388291698,49.0,0.0200545997308387,0.2483187138565412,0.16391556,127.0,0.16391555964946752,0.1639155645846793,-0.02,0.01684486754332969,0.04767471793591253
2025-09-22,-0.0994147760968245,-0.1008915182901832,-0.0902946533221241,-0.1282773923560879,-0.256882206752405,-0.0884661073925482,-0.3297588953749958,39.81965874310451,-0.0074521362380403,0.074970712661824,26.31527644829549,0.9150893593382406,-0.1015891754651187,-0.1006456009502325,0.0074424083785155,1.378748282577602,False,True,True,False,False,True,-0.0835686931295027,0.0096981727984639,-0.3187001753055705,-0.4462275197664752,-0.5871049365892738,-0.5717993916024224,-0.5855656910178607,-0.1976708941878439,-0.0765898888373163,45.0,0.0160048628225073,0.256416460818779,0.16391556,127.0,0.16391555964946752,0.16391556426627854,-0.1,-0.012366349342502733,0.038147316778756886
2025-09-23,-0.0152029687908986,-0.205503759415186,-0.1107220750253729,-0.0987534468669152,-0.3147291495647678,-0.0154154446310028,-0.3620294786318224,38.78094108840328,-0.0129447039844756,0.0738088289329009,27.43656996677477,0.9043953975232708,-0.1134760461305697,-0.1113576388253365,-0.0093260871693004,-0.4592858161208293,False,True,False,False,False,False,-0.0708870780122013,-0.0592859975541825,-0.3273591754266349,-0.4858287487890966,-0.5756571755077614,-0.5724894392937951,-0.5682389391219151,-0.2097764253751341,-0.0905222886697064,43.0,0.0109703888751959,0.2508198544887889,0.16391556,127.0,0.16391555964946752,0.16391556396841978,-0.14,-0.04427476200687705,0.026653941502708056
2025-09-24,0.0060452448986941,-0.1987481896746581,-0.1273148333634648,0.0128944551975065,-0.2963856887032262,0.0429975496855578,-0.343058773245776,39.454169296751104,-0.0154735484271624,0.0720622048865568,27.29213337609916,0.825864585140533,-0.1082920840018547,-0.1042692926816895,-0.0049186347238335,-0.2029255796402176,False,False,False,False,False,False,-0.0301477542006003,-0.0541567716804776,-0.3760719452802789,-0.4445328691559192,-0.5750660493637582,-0.5922320380754178,-0.5770471142294301,-0.2049848618466093,-0.0850076212115947,44.0,0.0034241339833409,0.230542168457523,0.16391556,127.0,0.16391555964946752,0.1639155636897777,-0.12,-0.06320607150515778,0.01719239688963012
2025-09-25,-0.0784563121277123,-0.2713049510293517,-0.2205672152284472,-0.1092149643678171,-0.4342788133084733,-0.0591610215874839,-0.4330269923014252,34.359581506944906,-0.020074432156134,0.0789973165387502,30.889905539595176,0.8547553347387695,-0.1713356632339095,-0.1685491305987361,-0.0816637867466716,0.7203147106613927,False,False,False,False,False,False,0.082703226563935,-0.029630911456959,-0.2793742664436287,-0.4177153991508031,-0.4835496826045532,-0.5559207127069044,-0.5407360088887907,-0.2649747561128744,-0.1540507040709355,44.0,-0.0003087543258541,0.2626835750397191,0.16391556,127.0,0.16391555964946752,0.16391556342911254,-0.12,-0.07740455362886833,0.008341274509653988
2025-09-26,0.0348146466512533,-0.1748408362965015,-0.2318865698075816,-0.0797088866438956,-0.3046412142984603,-0.0962022113025143,-0.334502537138277,38.09625978214186,-0.0202456138037175,0.0743965826136974,32.84709715510146,0.8647808453983913,-0.1389875266404934,-0.1351648990201733,-0.0510786808641433,-0.3148214829639144,False,True,False,False,False,False,0.0418981602571224,-0.3890574721508371,-0.2770802657387063,-0.3642041279992363,-0.514542512298167,-0.5923916831250675,-0.5570956239276096,-0.2389344500878749,-0.1240806061309951,28.0,0.0065463738828039,0.2632625931402431,0.16391556,127.0,0.16391555964946752,0.16391556318526448,-0.44,-0.16805341522165124,-0.02058396900709788
2025-09-27,-0.0241985124892855,-0.1996802903551068,-0.2825782094881551,-0.1455444595715171,-0.2906189029243993,-0.1689181355267928,-0.1892174951695979,36.53136357329743,-0.0203831825351025,0.0726528170658652,35.65949428717722,0.8527451728576796,-0.1549496150996815,-0.1511984086825283,-0.0754487214821958,-0.542031494287279,False,False,False,False,False,False,0.0250315359271562,-0.3476342347322155,-0.2563105450538341,-0.3542771800348073,-0.4748903832058377,-0.5732373031767135,-0.5682676927844537,-0.2571300630303345,-0.1450221534937347,33.0,0.0065463738828039,0.2595163335019281,0.16391556,127.0,0.16391555964946752,0.16391556295714857,-0.34,-0.21104006141623843,-0.0411914548776077
2025-09-28,0.0130549084969544,-0.1633577694578192,-0.220257176646041,-0.061937727498617,-0.2585220104054288,-0.1467714017632662,-0.133319422750941,38.00272157134919,-0.0186776940590786,0.0703114037753556,38.073494246401296,0.820943684476466,-0.1376892262342852,-0.1347921494247037,-0.0648668239067873,0.6399569550897035,False,False,False,False,False,False,0.0227925167901901,-0.2587479545377001,-0.2381405136614388,-0.3560673331949915,-0.485949384960979,-0.5710346237767678,-0.5604065299139098,-0.2473683837032354,-0.1337873206461259,37.0,0.0065463738828039,0.2358413397942264,0.16391556,127.0,0.16391555964946752,0.1639155627437498,-0.26,-0.22328004606217883,-0.05530813520808463
2025-09-29,-0.0233251727374119,-0.0872681660984067,-0.1881596843885899,-0.1009257092063304,-0.2324432800270108,-0.0718813141063111,-0.1804860900786948,36.387885908077365,-0.0175788151109356,0.071609373299448,40.78912953284301,0.8216109640019023,-0.1503926598495681,-0.1492232065807302,-0.0879017085876776,0.3730718091430633,False,False,False,False,False,False,0.1017718024567077,-0.169999778347821,-0.2417131734106046,-0.3171439454235082,-0.4767025157031572,-0.5709436240360278,-0.5558698036366171,-0.2647204890203283,-0.1537580650497507,50.0,0.004400763306008,0.244877533149938,0.16391556,127.0,0.16391555964946752,0.1639155625441187,0.0,-0.1674600345466341,-0.05173986842046627
2025-09-30,-0.0014597980541197,-0.0735249953616278,-0.2790287547768138,-0.075801476696479,-0.189714954496015,-0.222047716693524,-0.2667527195160656,36.285248769033934,-0.0158479938818903,0.0704009027723446,43.05121264791625,0.8173367762915336,-0.1432794155795886,-0.1467839203970184,-0.0904839141853587,0.1120716760105877,False,False,False,False,False,False,0.0124861899812983,-0.199490143283449,-0.2671361363138946,-0.3672770378214311,-0.4772408270677677,-0.60256838498466,-0.5597792788778467,-0.2657930655566476,-0.1549925061431353,50.0,0.0036097429820347,0.2442001024667622,0.16391556,127.0,0.16391555964946752,0.16391556235736704,0.0,-0.12559502590997557,-0.04840181239333941
2025-10-01,0.0489586972550027,-0.0306115430053194,-0.2293597326799774,0.0073299072267349,-0.1120826978745426,-0.1863746660771937,-0.2404517370942836,42.30483297853552,-0.0113776775982981,0.067229477675687,43.77525369597344,0.8281897240499816,-0.0925957303802445,-0.0992303874070601,-0.0464175968438001,0.0191555607437083,False,False,False,False,False,False,-0.0247553352419036,-0.2899418654305807,-0.2955870062783151,-0.4155912336797541,-0.518949287951945,-0.6373806412312814,-0.6134666524713335,-0.2289527828174141,-0.1125925865427302,49.0,0.0026035464384959,0.276494827596346,0.16391556,127.0,0.16391555964946752,0.16391556218266387,-0.02,-0.09919626943248168,-0.046569437400220744
2025-10-02,0.0316161323168089,0.0794609014392016,-0.1918440495901499,-0.0374737047141398,-0.1296836032966941,-0.0688840815208369,-0.112830048718524,45.9985753951006,-0.006162353560214,0.063948718470178,42.83521651732492,0.7901957759160007,-0.0543300776714243,-0.0648886107473507,-0.0177677245457271,-0.0825270928815172,True,False,False,False,False,False,-0.103753397297427,-0.3369682258937825,-0.3753430925617843,-0.439268696423963,-0.561859661624831,-0.6580872209474157,-0.6351456913030319,-0.2041857968374658,-0.0840879677881127,64.0,0.0087390618886197,0.2760242625094097,0.16391556,127.0,0.16391555964946752,0.16391556201923185,0.28,-0.004397202074361256,-0.02550044143891618
2025-10-03,-0.0036020511111392,0.0410442036768092,-0.1337966326196923,-0.0382079622459798,-0.1633407759823811,-0.073175833860603,-0.0514617624488711,45.63506487404763,-0.0024869409131404,0.0631050864043611,40.54636038238775,0.7902188568210861,-0.0468285794173509,-0.0653100244670746,-0.0230294731448756,0.3190813823510328,False,False,False,True,False,False,-0.413625485528842,-0.3554991462124863,-0.3452219183920961,-0.4865346920619945,-0.4863387551273704,-0.6166782641208644,-0.6767094047074161,-0.2070472037114816,0.137839311160708,63.0,0.011655249710781,0.2783036844571526,0.16391556,127.0,0.16391555964946752,0.16391556186634385,0.26,0.06170209844422906,-0.007081058120276429
2025-10-04,-0.0405193372908092,0.0247233788752857,-0.174956911479821,-0.0382888510906977,-0.1439963196397687,-0.1517223473797174,-0.0776551059753149,41.7272157016012,-0.0017743519580416,0.0664416451287059,39.83154556477428,0.790269363872308,-0.0748581595850097,-0.0998617974729758,-0.0634215999840058,-0.2129113796070043,False,False,False,False,False,False,-0.363565175897042,-0.3159397310741884,-0.2908025900303764,-0.4380410277163198,-0.4707612640937902,-0.5692386743035064,-0.6744697744756623,-0.238534887513874,0.0926563890303418,71.0,0.011655249710781,0.2750178279982046,0.16391556,127.0,0.16391555964946752,0.16391556172331959,0.42,0.15127657383317178,0.02047255853264463
2025-10-05,0.0108681776338167,0.022536648012148,-0.1408211214456711,-0.0708649148942461,-0.1691803564568796,-0.0983632714056764,-0.1345165797502167,43.11352763809414,-0.0004341925729227,0.0666531568237361,39.81826805433181,0.7750904988388223,-0.0580126302021738,-0.0873670607403995,-0.0546288059718691,0.2437842642836587,False,False,False,False,False,False,-0.2752664560075618,-0.303405985386257,-0.2850311906671667,-0.4625334654464408,-0.4985057979430387,-0.5562882383423373,-0.6779885388780422,-0.2302140149519634,0.1045963379761242,74.0,0.011655249710781,0.2752738200633337,0.16391556,127.0,0.16391555964946752,0.1639155615895227,0.48,0.23345743037487882,0.05011949024021595
2025-10-06,0.0510577927273965,0.0969196134769566,0.0096514473785499,-0.0153955571125837,-0.1716494964361213,-0.0553626647707389,-0.1025333060098128,49.39640579421109,0.0032542901728648,0.0640708685697228,36.259923299837546,0.7970813706466076,0.0011574654709436,-0.0370286617771306,-0.0069323434964653,0.0222313074899456,False,False,False,False,False,False,-0.2466677584219691,-0.3252440748643236,-0.4515465164221328,-0.516719111503206,-0.5373689132724138,-0.4957044056186697,-0.689735144419777,-0.1898897678784406,0.1624591940351083,71.0,0.0203168577360702,0.2747445653612727,0.16391556,127.0,0.16391555964946752,0.16391556146435785,0.42,0.2800930727811591,0.07398274893439556
2025-10-07,-0.085970531150182,0.0124088803808942,-0.0611161149807335,-0.1217067895390319,-0.2799767273290228,-0.2639830161611068,-0.3312268040648048,41.27213821315021,0.0014422491928198,0.0717205053226137,32.407203224619614,0.846782160659023,-0.0682796736337758,-0.1135567593527556,-0.0901408570166001,0.18819007433495,False,False,False,False,False,False,-0.2093621970968935,-0.2849677767902606,-0.4534244734594367,-0.4347198673631172,-0.4848155071375489,-0.4446822764499151,-0.6630567748507681,-0.2566256182876013,0.0666972843543529,70.0,0.0106136808988036,0.2945683486199699,0.16391556,127.0,0.16391555964946752,0.16391556134726815,0.4,0.3100698045858693,0.09501611997088617
2025-10-08,0.0114829156235232,-0.025066901250585,-0.0556784442559044,-0.155130821470233,-0.3032007727123076,-0.342309104909732,-0.3210343849076331,42.580504542257934,0.00103841058368,0.0684409727016608,26.833287540335824,0.8303227213258486,-0.0448196713188912,-0.1016009987405438,-0.0809799256962925,-0.3068541799690928,False,True,False,False,False,False,-0.2719179502042751,-0.340347283737229,-0.4127281200384782,-0.4670218248579383,-0.5062768500008478,-0.4344488090108195,-0.721942099009863,-0.2480403151661059,0.0790166751624709,60.0,0.0137923521330782,0.2973423544994282,0.16391556,127.0,0.16391555964946752,0.16391556123773263,0.2,0.282552353439402,0.1017892735211516
2025-10-09,-0.0528566440770533,-0.1095396776444473,-0.0300787762052456,-0.2132119184596367,-0.355081885758151,-0.3063132130204539,-0.2986149608485234,38.42352015464349,-0.0014557025731933,0.0727591048162173,24.44773962723753,0.8457425142923588,-0.0827392636691411,-0.1444878310797805,-0.129332768311532,-0.0418850009542193,False,False,True,False,False,False,-0.2602127895303719,-0.2573694462605423,-0.3999349240159049,-0.4649941289961485,-0.4496810366154012,-0.4489694841020838,-0.6680468612852869,-0.1301881495362854,0.023464557049304,70.0,0.0069504745392915,0.3017633832143709,0.16391556,127.0,0.16391555964946752,0.16391556113526393,0.4,0.3119142650795515,0.1210286752294644
2025-10-10,-0.4278589638181869,-0.533796590351495,-0.4927523866746857,-0.6637088855146097,-0.6830614545739842,-0.730200846460101,-0.6567693041079538,22.94961977354525,-0.0183810158147411,0.1868627535597765,40.386596409768806,1.6873539270709297,-0.3845389675014902,-0.4369908114622517,-0.4320748196342965,2.15719915076562,False,False,False,False,False,True,0.0991283520716771,0.1832859905928452,0.0406803308309498,-0.287524694233843,-0.0512003266610291,-0.1754872430693825,-0.4926948138034721,-0.4329667405738948,-0.3328000263719429,64.0,-0.0239296550718316,0.3927470085943912,0.16391556,127.0,0.16391555964946752,0.1639155610394061,0.28,0.30393569880966365,0.13128488973078928
2025-10-11,0.0414039895085496,-0.4518732635521362,-0.4271498846768505,-0.6371009657433301,-0.7219202704238895,-0.7292717346767396,-0.5734631638634384,25.50731219499791,-0.0264753421585316,0.1757516513453472,49.34125661742633,1.6972051527500571,-0.3410073822613688,-0.4066374105336466,-0.4078143262701196,-0.3832339602504012,False,True,False,False,False,False,0.0748316135748553,0.1399884766192392,-0.0101828539391011,-0.3080688235963496,-0.1842487571042336,-0.1940631135291264,-0.5255060279343329,-0.4089964937581738,-0.3045954232425012,27.0,-0.0239296550718316,0.3962958917607609,0.16391556,127.0,0.16391555964946752,0.16391556094973267,-0.46,0.11295177410724773,0.0931374774900932
2025-10-12,0.1407902239767601,-0.3219512172091929,-0.2994145691970448,-0.5424447429969578,-0.626013372361644,-0.6029846305735704,-0.410030260803647,34.266535996432395,-0.0251589662257639,0.1559170701767324,53.71517784425757,1.774835803370966,-0.2285578363225967,-0.3109536558935361,-0.3183915541250126,-0.1142116244344528,False,False,False,False,False,False,-0.0388274140364459,0.0278008553263539,-0.13129053640128,-0.3944521501358296,-0.2711824677177524,-0.3148169288344456,-0.5908571351881537,-0.3196467326414334,-0.1994619812974944,24.0,-0.0239296550718316,0.4197355151664034,0.16391556,127.0,0.16391555964946752,0.1639155608658446,-0.52,-0.045286169419564204,0.053580220877829134
2025-10-13,0.0897600853189216,-0.2832489246176678,-0.186329311140711,-0.4791777848693238,-0.417854223597405,-0.5708030070471504,-0.3422861036594508,39.72459324236611,-0.0192761291707342,0.1417133105592472,55.339719565245225,1.8082396080983687,-0.1454791945446424,-0.2413347808803269,-0.2547686286234889,0.4494252185123573,True,False,False,True,False,False,-0.104304995997195,-0.086401657724901,-0.1772820816635271,-0.3779860412279053,-0.3559975163295126,-0.3788606077877911,-0.6417953979371464,-0.2557535280971656,1.946215635226581,38.0,-0.0090695556562818,0.4197368808609124,0.16391556,127.0,0.16391555964946752,0.16391556078736869,-0.24,-0.09396462706467315,0.03463956146635629
2025-10-14,-0.0376369203346445,-0.2349153138021301,-0.2225064334212357,-0.4675485808588087,-0.4062482145296017,-0.6181403760099814,-0.3608468906181836,38.25285955879011,-0.0155352542614327,0.1464335028380008,57.195388015201786,1.805998254207401,-0.1649249058936502,-0.265760021714827,-0.2828321273949923,-0.2164543744796054,False,False,False,False,False,False,-0.0956260621687381,-0.0845036353554833,-0.2096000356899952,-0.3713801335448403,-0.3190865653260442,-0.3669992071050103,-0.644032204081286,-0.2832440980316113,1.8373899302755363,38.0,-0.0107006178100903,0.4245229763989503,0.16391556,127.0,0.16391555964946752,0.16391556071395572,-0.24,-0.13047347029850487,0.016920880081430084
2025-10-15,-0.0709433019472567,-0.3173415313729101,-0.3424084326234952,-0.483069217811202,-0.4892436956982297,-0.6790421643319233,-0.3526023642414539,35.70886946844355,-0.0144177395764827,0.1535559092219523,60.99455147173303,1.811111480819879,-0.2116116914331869,-0.3113584721147094,-0.3324014039619072,-0.0651525340344872,False,False,False,False,False,False,-0.0939857445354584,-0.0079502516384205,-0.1769564520591929,-0.287495069332517,-0.3009371316416545,-0.2283400212462201,-0.6022759939132688,-0.332331336918978,1.6430704458575531,34.0,-0.010322658589425,0.4302931061076056,0.16391556,127.0,0.16391555964946752,0.16391556064527907,-0.32,-0.17785510272387867,-0.004815950891565404
2025-10-16,-0.0369078002588983,-0.301392687554755,-0.4109323651992024,-0.6093862904042047,-0.5569940417607566,-0.6599646029579809,-0.4142334308855445,34.49137370910405,-0.0136790607164048,0.1543335909050296,64.83117185353171,1.7716547070592976,-0.2271911073974287,-0.3313227788955131,-0.3569367676182903,-0.0643240846270655,False,False,False,False,False,False,0.0038434609703844,-0.0578778697593068,-0.1542919578297495,-0.2667664744708233,-0.2867143583162855,-0.2134070249330312,-0.5773773479253095,-0.3565243175120233,1.5472987621789918,28.0,-0.012818251157714,0.4343239720606214,0.16391556,127.0,0.16391555964946752,0.16391556058103318,-0.44,-0.243391327042909,-0.0328923411566257
2025-10-17,-0.0319488177872163,0.0945174584762153,-0.4392791318752795,-0.6406247833495874,-0.5391676836475401,-0.7543914186427523,-0.448213445671996,33.463761573333954,-0.0129800054946295,0.1567887551153052,69.00179490694634,1.77065488744696,-0.2385652203653072,-0.3465820222405391,-0.3774884154917352,-0.1325534914516868,False,True,False,False,False,False,0.0765676168416043,0.0159460266964651,-0.2033132230616245,-0.24711216631625,-0.2501703051984479,-0.2383050134626128,-0.4956556729547107,-0.3767576679971532,1.467201891313218,22.0,-0.0133721257073751,0.4368502413887469,0.16391556,127.0,0.16391555964946752,0.16391556052093217,-0.56,-0.32254349528218174,-0.06689928688845631
2025-10-18,0.0190505418078453,0.0721640107755111,-0.3797092527766251,-0.6156746907687235,-0.4684763573381539,-0.8563238745551777,-0.3876687053671022,34.70491008705777,-0.0106417223103078,0.1451620937175549,71.930279590018,1.7755277797609883,-0.2102868722251207,-0.3292148101905931,-0.3658796544523062,-0.539028199894118,False,False,False,False,False,False,0.0606205309012769,0.0367469683384552,-0.1784949399763687,-0.2631556342595939,-0.3145269333372741,-0.2480799342186537,-0.5533053925787246,-0.3647707477577008,1.514653983007244,23.0,-0.0133721257073751,0.4371468181913314,0.16391556,127.0,0.16391555964946752,0.16391556046470865,-0.54,-0.3769076214616363,-0.09742191354081398
2025-10-19,0.0290249170375364,-0.0396012961637123,-0.3615525133729051,-0.52500030564959,-0.4929972811401438,-0.8466598508028224,-0.2705998939957954,36.68979661744007,-0.0070257495281899,0.1355459323746315,74.00031206270292,1.777261738547504,-0.1745748056107658,-0.3044957175764679,-0.3478304999539725,0.1196300844077367,False,False,False,False,False,False,0.0693197770471226,0.0263780542663418,-0.2284364733573241,-0.3082931167073011,-0.3802809240349047,-0.2872456275739491,-0.5557261350105531,-0.3460630906442132,1.588711158912017,29.0,-0.0133721257073751,0.4394679654317617,0.16391556,127.0,0.16391555964946752,0.16391556041211247,-0.42,-0.38768071609622723,-0.11823340298979372
2025-10-20,0.0192060602088116,-0.1101553212738225,-0.3934042458914903,-0.506435187010098,-0.4499375714168324,-0.8546377203388738,-0.23666959760685,38.06419793502006,-0.003095067486198,0.1289301982790441,75.3049845199601,1.7808229796642403,-0.1462424933609462,-0.2864665298771485,-0.3358287737233535,0.3414229074377801,False,False,False,True,False,False,0.019988208254244,-0.1871824119697992,-0.2837693297771065,-0.3621271746050816,-0.3421574494007256,-0.3501627003471844,-0.5749791048020834,-0.3333821533699173,0.1406641393477725,29.0,2.972409047972926e-06,0.4447271643815925,0.16391556,127.0,0.16391555964946752,0.16391556036290958,-0.42,-0.3957605370721704,-0.1377022157001296
2025-10-21,-0.0279939551361181,-0.1005123560752961,-0.3354276698774263,-0.5111615297458829,-0.5708255772622363,-0.7906439579711122,-0.4575718041985288,36.815157730198,-0.00077829204696,0.1320821915530169,75.65614257987146,1.7811125973709907,-0.1539871467146529,-0.3019016803216269,-0.3547126882777149,0.3397952327387021,False,False,False,False,False,False,0.012298482240573,-0.2355931539881986,-0.2094340446653269,-0.2337139300620276,-0.3429647873069706,-0.3312149282530081,-0.5795696809714873,-0.3517846424730504,0.1091752443222386,34.0,0.0275216437653649,0.4489975533832331,0.16391556,127.0,0.16391555964946752,0.16391556031688106,-0.32,-0.3768204028041278,-0.1494633630743148
2025-10-22,-0.0691311844265801,-0.0987002385546197,-0.4160417699275298,-0.4808779380756387,-0.6091553304317266,-0.7377601448280436,-0.569344045468187,33.98913225977111,-0.0008839804408851,0.139398135963681,75.409207206183,1.766557075542991,-0.1912015532144773,-0.3428323085810639,-0.3982048583010123,-0.0906508357042086,False,False,False,False,False,False,0.0949604185343914,-0.1097256700636648,-0.1920321678327612,-0.187559206706065,-0.3073881543002155,-0.3296550587828214,-0.5596144052541456,-0.395082673321642,0.0350870521998208,25.0,0.0066915459536878,0.4434130935831654,0.16391556,127.0,0.16391555964946752,0.16391556027382215,-0.5,-0.4076153021030959,-0.17207862997274612
2025-10-23,0.0656285320410512,0.0038360937453298,-0.2975565938094252,-0.4000464372436889,-0.498799884110604,-0.7147755868084567,-0.4154618818746917,38.78473688637897,0.0018733392543762,0.1267979169324012,72.80196757529627,1.7893850671764944,-0.1173966228453433,-0.2927440744809435,-0.3581354076726592,-0.3025820054018815,False,False,False,False,False,False,-0.0614850154724593,-0.1919736227354037,-0.2795800437917999,-0.271173937009975,-0.362199570029696,-0.355858274430505,-0.5697397470475734,-0.3540511438409893,0.1052969850688148,27.0,0.0140675773126438,0.4503934494956983,0.16391556,127.0,0.16391555964946752,0.16391556023354123,-0.46,-0.4207114765773219,-0.19065420223256896
2025-10-24,0.0379929360604053,0.0737778475929517,0.1682953060691671,-0.3680987460819777,-0.3552042908844711,-0.6644844347852037,-0.3251011963964198,41.57148016447407,0.0054455467660138,0.1165389994090605,69.99098158180907,1.7971929208092376,-0.0667920270757389,-0.2605976885668515,-0.3340996381059706,-0.1665236997483493,False,False,True,False,False,False,-0.0563100628300419,-0.1205166467748407,-0.3978841028877597,-0.3188123186275919,-0.4107815263215367,-0.3888395434123661,-0.5938672201764436,-0.0639894038184845,0.1480983898710972,30.0,0.0179210207844605,0.4495026218614456,0.16391556,127.0,0.16391555964946752,0.16391556019585907,-0.4,-0.4155336074329914,-0.20416038273369355
2025-10-25,0.0041268375659604,0.0588541433510669,0.131018154126578,-0.2855155963883048,-0.394730560756122,-0.7197944096967782,-0.3446766179757888,41.88750871439726,0.0081753987240399,0.1105912641551632,65.46031704303574,1.7819341864120244,-0.04533790021548,-0.2520345061580373,-0.3322770019363408,-0.3058371260523134,True,False,False,True,False,False,-0.0225090518873274,-0.1317305688945997,-0.3930366923921476,-0.3067881698347637,-0.4091756779145706,-0.3889732217403789,-0.6145424058959675,-0.0601186586532327,0.1468627658316747,37.0,0.0179210207844605,0.4286299467338053,0.16391556,127.0,0.16391555964946752,0.16391556016060801,-0.26,-0.37665020557474355,-0.2077629386863585
2025-10-26,0.03719349761726,0.0670227239307903,0.0274214277670781,-0.283136745422298,-0.3628456320661937,-0.5877779597207583,-0.3793389567248125,44.84367206683095,0.0113957863132992,0.1040744966980647,55.35006392419823,1.7826982212937208,0.0115254989556533,-0.2184156600302985,-0.3078056280092584,0.4432256633076139,False,False,False,False,False,False,-0.0401579805241817,-0.1547881487967027,-0.4108315373293857,-0.3525284194091976,-0.4589869226720008,-0.4121389345093179,-0.6478059420050757,-0.0245029535751011,0.1903217901106565,40.0,0.0179210207844605,0.4366079564503113,0.16391556,127.0,0.16391555964946752,0.16391556012763123,-0.2,-0.33248765418105763,-0.2072621039323999
2025-10-27,-0.0280255970276774,0.0197910666943012,-0.0903642545795211,-0.2869638299606898,-0.432508289532207,-0.5775827328850891,-0.4558819654874826,43.05814376380907,0.0124023656104843,0.1030324264541446,48.19422550942098,1.7831469769764945,-3.994785988609696e-05,-0.2341274662699392,-0.3276980668435281,0.0470771900183701,False,False,False,False,False,False,-0.2031107992695574,-0.0994752504829529,-0.3191603684140701,-0.2960080206318782,-0.4313916163040161,-0.4247702265860865,-0.6477814097371506,-0.051462300263953,0.1574254344235781,51.0,0.036450442386982,0.4368551213414263,0.16391556,127.0,0.16391555964946752,0.16391556009678196,0.02,-0.24436574063579322,-0.19260003271095477
2025-10-28,-0.0355615515267923,0.0122234703036271,-0.088288885771669,-0.3355802899844365,-0.3975180174830536,-0.5941023003898653,-0.4823516917477028,40.90226498849762,0.011710595033823,0.1042444702182984,36.77887565852115,1.7834481001410984,-0.0161040823766418,-0.2539140427317938,-0.3517257725625569,0.1418477987236839,False,False,False,False,False,False,-0.2448799840933281,-0.1366432518637977,-0.313356239596593,-0.1801108146927487,-0.3999838943829173,-0.3851178286275165,-0.5985272860559893,-0.084601047647724,0.116988845453432,50.0,0.0334788989446857,0.4320924053288363,0.16391556,127.0,0.16391555964946752,0.163915560067923,0.0,-0.18327430547684492,-0.1801742241489577
2025-10-29,0.0093635604277448,0.0907182151579521,-0.0079820233966675,-0.3028915568192797,-0.4038172660256102,-0.5353348368462905,-0.3747728709255908,41.7189067861062,0.0115161407826306,0.1022885076019545,24.33728490939308,1.7842923232126389,0.0088422346097447,-0.2397350401660606,-0.3459134486421715,0.5867038647119478,False,False,False,False,False,False,-0.1869346920065196,-0.1703606101406655,-0.2817850799879532,-0.2721307754313857,-0.4191573583602028,-0.3987509079474188,-0.6115647034333701,-0.0759893993167852,0.1274969579020079,51.0,0.0228195956038083,0.4353464225606836,0.16391556,127.0,0.16391555964946752,0.16391556004092586,0.02,-0.1324557291076337,-0.16725975807483143
2025-10-30,-0.0885461397347898,-0.0634564566178888,-0.059620362872559,-0.3899778984999499,-0.4657793751964287,-0.5796928529959648,-0.6120256151934739,36.74680860095605,0.0083860620528226,0.1145104810523119,22.05073277287757,1.8047267310594528,-0.0793943924446338,-0.2961623249363275,-0.4015112319607286,-0.2283927525423112,False,False,True,False,False,False,-0.1390373189711338,-0.1023371439601051,-0.2217213649977096,-0.1820741356467637,-0.4130141111525994,-0.3498168200157983,-0.585942615521161,-0.1444945205446844,0.0319538577373031,34.0,0.0128327082628568,0.4383504869492716,0.16391556,127.0,0.16391555964946752,0.1639155600156705,-0.32,-0.17934179683072526,-0.1771139672312939
2025-10-31,0.0434917695002877,-0.0579576231780065,0.0158202244149451,-0.3954448262546647,-0.3881149190279299,-0.5075275241292074,-0.5818194923318585,40.41836536632407,0.0078697372345003,0.1056986796153548,20.24159187369815,1.80246381664276,-0.0415415891596699,-0.256513141665832,-0.3752260423796187,-0.3081216972943696,False,True,False,False,False,False,-0.0680377965429499,-0.215817813148058,-0.2589292994905419,-0.2430333487461846,-0.4614940682143764,-0.4259807276039534,-0.6209920023054414,-0.1064661060549153,0.0778256493023742,29.0,0.0207990439554829,0.4155111837370032,0.16391556,127.0,0.16391555964946752,0.16391555999204452,-0.42,-0.23950634762304396,-0.19278403386153303
2025-11-01,0.0393182133356841,-0.0227662474082827,0.036087895942784,-0.3877427452357895,-0.4252164499499292,-0.5174263485324836,-0.4566268267566264,43.73251702888214,0.0089200658433702,0.0985545216089403,20.08876959239803,1.8050714458013544,-0.0014599294355763,-0.2172911609925038,-0.3507506644688886,-0.1186031884388885,False,False,False,False,False,False,-0.1117366019789296,-0.2076127684846592,-0.2892727075717315,-0.2589288309424042,-0.4961400171030156,-0.46233221744639,-0.6443318058514853,-0.0706341413736419,0.1210479723279256,33.0,0.0207990439554829,0.4103624186273276,0.16391556,127.0,0.16391555964946752,0.16391555996994278,-0.34,-0.264629760717283,-0.20228183812853093
2025-11-02,0.0189731739172813,-0.0409865711082615,0.0260361528225288,-0.365167520207369,-0.4033754824533488,-0.52850829618975,-0.438343354067972,45.35862302097202,0.010214267772635,0.0930231496930896,16.497761518038647,1.8082536868019643,0.0233344086781574,-0.1921098969729958,-0.3389871846284452,-0.1958778151510035,True,False,False,True,False,False,-0.1194260784031125,-0.2482657599356099,-0.3260700767933576,-0.304601067145645,-0.4477271607262604,-0.5342173473068346,-0.6311972482061535,-0.0528327811634285,0.1510383798609037,37.0,0.0207990439554829,0.4073880327965831,0.16391556,127.0,0.16391555964946752,0.16391555994926696,-0.26,-0.26347232053796227,-0.2060055905073354
2025-11-03,-0.2140786561890685,-0.2270396302696526,-0.2072485635753512,-0.5387268391056282,-0.577015690196326,-0.6827231587453969,-0.6904491864853456,34.385300966721914,0.0042072364494807,0.1246377294286622,20.688633342527137,1.939103323643358,-0.1627127902666275,-0.3382091702446864,-0.4665833169349586,1.1741074417182062,False,False,False,False,False,True,0.1300501358176398,-0.1188297586440988,-0.2152325013773965,-0.1529177291677761,-0.2617511173307801,-0.442098649687674,-0.5366278893098928,-0.2353662210703317,-0.0707841143750708,42.0,0.0167077980903877,0.4241624973451118,0.16391556,127.0,0.16391555964946752,0.16391555992992507,-0.16,-0.2376042404034717,-0.20303748789395895
2025-11-04,-0.0894005021574965,-0.2808785809003568,-0.2686551105967296,-0.6389955188969414,-0.7098604337911876,-0.8081758753538211,-0.7373587903026179,31.449916514227496,-0.0017654253353144,0.141090100960224,29.21384197724413,1.9518418818424377,-0.2239955495703257,-0.3860046589914691,-0.5122026790833789,0.5731400634381338,False,True,False,False,False,False,0.1433371251582711,0.0342214482501741,0.0024584080270547,-0.0568610187247969,-0.1593539653901679,-0.3899245382187019,-0.4671803379458119,-0.3007582758471869,-0.1502513544666159,21.0,-0.0029698142771836,0.4467345684320722,0.16391556,127.0,0.16391555964946752,0.16391555991183104,-0.58,-0.32320318030260375,-0.22735764996531643
2025-11-05,0.0832982983028,-0.2069438430253014,-0.1162256278673493,-0.6067550133215379,-0.6221505704341218,-0.7784045097576593,-0.6621176780922771,36.843151242449615,-0.0027636445197388,0.12927350374769,32.48996709085357,1.9700397879012703,-0.1495995835275281,-0.3218287684421119,-0.4698941960208716,-0.451394777667142,False,False,False,False,False,False,0.020384687063769,-0.0924507143488931,-0.0874264639843835,-0.1914609328735174,-0.0748854143125528,-0.4308287708212033,-0.5101009310050932,-0.2400179648843331,-0.0764371137153278,23.0,-0.0115380579288754,0.4545375605061322,0.16391556,127.0,0.16391555964946752,0.1639155598949044,-0.54,-0.3774023852269528,-0.24752812416110248
2025-11-06,-0.0313064159560308,-0.1497041192465425,-0.2131605758644313,-0.5520908981273867,-0.6737976876664187,-0.8320676254564096,-0.8160739142884935,35.677419161528775,-0.0036786584727552,0.1277147214437073,36.2149381141948,1.9562579930866613,-0.1691652013839077,-0.3316078820726468,-0.4862195058175727,-0.1728482453554305,False,False,False,False,False,False,0.0426269056948801,-0.1084202490430687,-0.0980169911565106,-0.223561533118788,-0.0354792721014517,-0.4147697597263698,-0.5543338816633017,-0.2634417087732659,-0.1049026556808865,27.0,-0.025064522945828,0.4536707138422563,0.16391556,127.0,0.16391555964946752,0.16391555987906978,-0.46,-0.3980517889202146,-0.2612359871184507
2025-11-07,0.1227328693973063,-0.0704630193495239,-0.1284206425275304,-0.4408409443536035,-0.5959717658238366,-0.7440417170659112,-0.7831500492633355,43.57244005222174,-8.92824616912577e-05,0.1157372608916061,36.70930622530057,2.015246936596617,-0.0572867614217089,-0.2328203999223873,-0.4193237735585556,0.5105717414628093,False,False,False,True,False,False,-0.1585686802071244,-0.315375447523575,-0.2254683629037204,-0.2568559278739864,-0.1211258097028436,-0.5678942658382472,-0.6294246599075612,-0.1672601833353808,0.2958367855468207,24.0,-0.0237598973936017,0.456763703679526,0.16391556,127.0,0.16391555964946752,0.16391555986425674,-0.52,-0.42853884169016093,-0.27793043956242164
2025-11-08,-0.0087057278944965,-0.1184869605797045,-0.1412532079879874,-0.3966900281710466,-0.6099019466306833,-0.7517719139291977,-0.7030032411915006,43.144450514331695,0.0023351220777454,0.1130988763289295,37.09627184661028,2.0106029247122787,-0.0602824970178632,-0.2290367895306101,-0.4242678177122189,-0.3345982094357747,True,False,False,False,False,False,-0.1079366398743083,-0.3009505046893994,-0.2016166810310215,-0.2719471075805869,-0.1806755014187895,-0.5064205500729878,-0.6267481777203247,-0.1744783244117815,0.2846045464453805,20.0,-0.0237598973936017,0.4562762189890705,0.16391556,127.0,0.16391555964946752,0.16391555985039938,-0.6,-0.4714041312676207,-0.29870912088097507
2025-11-09,0.0102787340406043,-0.1271814004563815,-0.168167971564643,0.0414476696877446,-0.6222612158268651,-0.6416137848862395,-0.6887531767723566,43.84632713646496,0.0044756936800082,0.1091977917745699,36.97414407194186,1.3435329440418755,-0.0447741630820317,-0.2103494634356747,-0.4181142154436375,-0.2171091232617032,False,False,False,False,False,False,-0.1463133058708478,-0.3029339782306215,-0.2339534997420816,-0.2911131638140947,-0.2089628405195794,-0.513291637872916,-0.6443761570496472,-0.165949247701063,0.2978767487915678,22.0,-0.0237598973936017,0.3993353651303583,0.16391556,127.0,0.16391555964946752,0.16391555983743605,-0.56,-0.49355309845071554,-0.31556659695317024
2025-11-10,0.0353647439875445,0.1222619997202315,-0.104777630549421,0.0354084241667395,-0.6016925415765906,-0.68651184625715,-0.6938633105099998,46.35677078594518,0.0071059511498837,0.101915433048167,36.827968012252335,1.3414321523806734,-0.0075082600471782,-0.1715546365652353,-0.3969541986653356,0.2664862734759645,False,False,False,False,False,False,-0.2202379227021315,-0.2439523378440566,-0.2182424972265628,-0.3271547349178557,-0.2221007550025476,-0.5420131416964694,-0.6705644708262675,-0.1359254942697731,0.3445970849132186,29.0,0.0014779207344345,0.3965264583960566,0.16391556,127.0,0.16391555964946752,0.16391555982530906,-0.42,-0.47516482383803665,-0.32230423585941737
2025-11-11,-0.0777112129085284,0.1339512889691997,-0.146927291931157,-0.1830930127185488,-0.7255377557155066,-0.809106385080193,-0.7860776432921193,42.005033021597136,0.0064111197748072,0.1094740670793949,37.60210102894311,1.2698141962574363,-0.0788490234876019,-0.2248559014510772,-0.4414435010945022,-0.0726592945490743,False,False,False,False,False,False,-0.0954361355956076,-0.2046813071355262,-0.0503471628880968,-0.3021590976172796,-0.17714576362113,-0.5086496532643175,-0.6397356192204248,-0.2005309773164098,0.2440636892420828,26.0,0.0009366197689436,0.3800422094304517,0.16391556,127.0,0.16391555964946752,0.16391555981396447,-0.48,-0.4763736178785275,-0.33247815612655174
2025-11-12,-0.0304732902910441,0.0201797003753553,-0.186764142649946,-0.3033263883285147,-0.7825041731978385,-0.7211806119259198,-0.8741293953756651,40.48491036713136,0.0051465684169285,0.1119627087841205,38.703684744017416,1.2239992313969277,-0.0994361731596193,-0.2395015950820424,-0.4575320417462024,-0.0749328367335581,False,False,False,False,False,False,-0.1105812374912781,-0.1343047005834423,-0.1226679525281163,-0.2756222930578964,-0.1587558649856155,-0.514863290915565,-0.6195399045907176,-0.2245259689244139,0.2067247843737189,24.0,-0.0001532951020299,0.3810202499726978,0.16391556,127.0,0.16391555964946752,0.16391555980335176,-0.52,-0.4872802134088956,-0.34457633960225814
2025-11-13,-0.0097427169678957,0.0417433993634905,-0.1079607198830519,-0.275432184961766,-0.7429807658205745,-0.6816803994913677,-0.8935725609717474,39.99648671674736,0.0041850513124955,0.1134828086679766,39.07075248988463,1.21996435679552,-0.0988062297940992,-0.2379029451436999,-0.4622282065523023,0.3040278452661353,False,False,True,False,False,False,-0.1448717215265804,-0.1329944981396208,-0.0888273265961166,-0.3048178491296611,-0.1662747932936183,-0.5311548933835561,-0.6205496968279449,-0.127370407306443,0.1950250922806964,15.0,-0.0050424963406311,0.3813545879166402,0.16391556,127.0,0.16391555964946752,0.16391555979342376,-0.7,-0.5404601600566716,-0.36750689833759637
2025-11-14,-0.091661415056014,-0.1726508850898298,-0.2431139044393538,-0.2961502980705233,-0.7792195158817253,-0.7853939937687531,-0.9751924624024466,35.831700123783705,0.0012585622354752,0.1238279853814986,41.07076518794411,1.2352109114555485,-0.1654934303274309,-0.29677659090108,-0.5086872024701493,0.2387622822093922,False,False,False,False,False,False,-0.18635717928238,-0.0549763652698523,-0.0347056284297682,-0.2213526798028574,0.0376297546869733,-0.4651915685255775,-0.5871704458971283,-0.2038005193351194,0.0903576566988188,16.0,-0.0091912454875905,0.4164736327535001,0.16391556,127.0,0.16391555964946752,0.16391555978413627,-0.68,-0.5753451200425037,-0.3876677436061386
2025-11-15,0.0497270398016304,-0.1142181173937028,-0.2327050779734075,-0.2095154580099946,-0.8189017484141993,-0.7665094997707512,-0.8694800609679756,39.43868031592336,0.0010360992869467,0.1147504909038214,39.66152184777855,1.2482401526120184,-0.1096723472784884,-0.2523188231726454,-0.4830785586906039,-0.3960734688950252,False,False,False,False,False,False,-0.2163678875768369,-0.1030555968587579,-0.0647613444749854,-0.2455159244692007,-0.0300675914024253,-0.4788722759444934,-0.5994279732894923,-0.1632069414030986,0.1459486481348063,10.0,-0.0091912454875905,0.4153217233972026,0.16391556,127.0,0.16391555964946752,0.16391555977544797,-0.8,-0.6315088400318778,-0.41426982466380713
2025-11-16,-0.0336941697732724,-0.1581910212075797,-0.2853724216639614,-0.2112608099960506,-0.8518855933456381,-0.7504284936435909,-0.965652228638803,37.872813150056885,0.000308017046389,0.1165628939806447,39.150121995704026,1.248694266157895,-0.1260963727980333,-0.2686801111872228,-0.4995227232490296,0.2048541299199446,False,False,False,False,False,False,-0.1834638790048647,-0.1034997645591922,-0.0749404566236196,-0.237490258404917,-0.0591280935355927,-0.3770165001889267,-0.5371592749251652,-0.1909322747489763,0.1079801110629655,10.0,-0.0091912454875905,0.4148003389714566,0.16391556,127.0,0.16391555964946752,0.16391555976732022,-0.8,-0.6736316300239084,-0.43915564242743255
2025-11-17,-0.055210669739512,-0.2487664349346363,-0.1265044352144049,-0.2855220215434081,-0.9011967123121316,-0.7539983788815621,-1.1418458960985858,35.493952411311284,-0.001208394303689,0.1209460162416613,40.43533833582119,1.256008557881479,-0.1600358231379298,-0.2990133164226277,-0.5257461921601319,0.1829698403697612,False,False,False,False,False,False,-0.0304123729947259,-0.109403084907813,-0.0386848862158854,-0.2546896455799121,0.0003968440796001,-0.4056923124304978,-0.5130826444116529,-0.2343907220592766,0.0484658160605898,14.0,-0.007154608867173,0.4176175258872664,0.16391556,127.0,0.16391555964946752,0.16391555975971683,-0.72,-0.6852237225179312,-0.45727463323856593
2025-11-18,0.0707528527989984,-0.1003023692271096,0.03364891974209,-0.2437940857819461,-0.768794391431536,-0.73679136692209,-1.0904539365847683,40.676948991262506,8.45285630339393e-05,0.1110753907278741,38.80312630427277,1.280322976433075,-0.0864064345704828,-0.239034422480082,-0.4902673058552026,0.0763545493141697,False,False,False,False,False,False,-0.1207710984694826,-0.0307120300752417,-0.0880686308808194,-0.3346339347413278,-0.0904673027203145,-0.4330703221373133,-0.5666583326278977,-0.1782593688478899,0.1253350583060035,11.0,-0.0167063650588356,0.4154338787726856,0.16391556,127.0,0.16391555964946752,0.163915559752604,-0.78,-0.7089177918884484,-0.4780956246425294
2025-11-19,-0.0473580264996976,-0.117187105435763,-0.0970074050604076,-0.3103581724904553,-0.8167933595005534,-0.7602957439072878,-1.1649958928293291,38.42548847957765,2.5384952337961782e-05,0.1161189873082625,40.02183684113775,1.2834862340569315,-0.11944279996707,-0.2653606417287791,-0.5133309919144956,-0.0261505196200082,False,False,False,False,False,False,-0.0266729959971262,0.0055360633785359,-0.1090962442371281,-0.3210730691040442,-0.1136781062787319,-0.4203082449958075,-0.5646395627870184,-0.2162682666955186,0.0732836644062772,15.0,-0.0282431840250719,0.4087661922893512,0.16391556,127.0,0.16391555964946752,0.16391555974595004,-0.7,-0.7066883439163363,-0.49241203595591465
2025-11-20,-0.0490593995291346,-0.156503787997002,-0.1147603886335114,-0.3314236168834717,-0.8425851466293548,-0.902249194145708,-1.122067574854584,36.29006870737194,-0.0008624002141162,0.1222719322671411,40.81130268573346,1.2892224169479658,-0.14873027669023,-0.2904003419609283,-0.5361445629218161,0.0501294528681524,False,False,False,False,False,False,0.0138894054681046,0.0116683424846653,-0.1291430003341129,-0.2034500312048868,-0.0684160052701588,-0.4143616945829578,-0.5280155267952267,-0.2537897586549973,0.0218997498945313,11.0,-0.0460061100937794,0.4398027513014331,0.16391556,127.0,0.16391555964946752,0.16391555973972538,-0.78,-0.7250162579372523,-0.5109660981523073
2025-11-21,-0.1413914315245873,-0.2062338044655753,-0.3788846895554051,-0.403683863981479,-0.8845618020571177,-1.0128391944132056,-1.1414440088095226,31.367501927013123,-0.0041897707397036,0.1472015365871338,43.29733175969654,1.3532462750592302,-0.2433524457381295,-0.373131123633613,-0.5967613983379182,0.6493456813051006,False,False,False,False,False,True,0.1614723447036033,0.1313231964799429,0.0854768054080322,-0.0098648518384249,0.0037279340631929,-0.3405972119326566,-0.4712716892494518,-0.3521780086979224,-0.1128383206125187,14.0,-0.0368603261781319,0.441309439613411,0.16391556,127.0,0.16391555964946752,0.16391555973390232,-0.72,-0.7237621934529392,-0.5244521563360294
2025-11-22,0.0121452311476792,-0.2438156131195265,-0.3580337305132294,-0.457167164874851,-0.8572136021185397,-0.9559670489854548,-1.1719427516833074,32.16476572938777,-0.0054238799217646,0.1410142754584872,42.1189039418208,1.3265013413676976,-0.2148238511531867,-0.3542880627109781,-0.5912596475902469,-0.3599642957131594,False,True,False,False,False,False,0.1445988352464174,0.1420984126656753,0.0414897618886424,0.018600995452269,0.0174817057286706,-0.3203639529883969,-0.4833171400094066,-0.3442620878306705,-0.1019978401336537,11.0,-0.0368603261781319,0.4282707757707129,0.16391556,127.0,0.16391555964946752,0.16391555972845492,-0.78,-0.7378216450897044,-0.5409391139917694
2025-11-23,0.0074373146144206,-0.2026841287318332,-0.3608751499394131,-0.4877227863208357,-0.8558215324028133,-0.8429270772053068,-1.1522072211060397,32.68551235473663,-0.005366624343132,0.1331841066205499,46.24295371530734,1.3153027909201904,-0.1989767744814563,-0.3386781336571128,-0.5875980186886723,-0.2680518602654745,False,False,True,False,False,False,0.0979308966126544,0.0989583143264468,0.0169579552687445,0.2092955713338797,-0.0046620536267008,-0.3385708079323448,-0.4430513478326542,-0.2081917711578585,-0.0952942179728869,13.0,-0.0368603261781319,0.4403787588293522,0.16391556,127.0,0.16391555964946752,0.16391555972335897,-0.74,-0.7383662338172783,-0.5537817517987521
2025-11-24,0.1165890343169091,-0.030884424675412,-0.2796508596100485,-0.3752605895698869,-0.6607761859581918,-0.769991150326009,-1.0950549992666652,40.846698491550455,-0.0020067596274064,0.1187942874557702,47.11691661990203,1.3934163291882022,-0.0970653831574678,-0.2453729131579132,-0.53570924547017,0.1865728342480412,False,False,False,False,False,False,-0.0814683580039717,0.0340055817964964,-0.1100491427174569,0.0874725954038778,-0.1107295791251297,-0.4390163424348898,-0.4895649650818888,-0.1102787054333305,0.0165794825903353,19.0,-0.0048160556481222,0.4465014906997878,0.16391556,127.0,0.16391555964946752,0.16391555971859179,-0.62,-0.7087746753629587,-0.558053896843994
2025-11-25,-0.0270727264261692,-0.1287100039005797,-0.2290123731276894,-0.4395268136133162,-0.7226635590356143,-0.8023724456795099,-1.0273047733340746,39.592063529656514,-3.204923154183359e-05,0.1195321030437887,48.42985651793504,1.3825535011504662,-0.113577142039827,-0.2524316666360794,-0.5470549763993997,-0.0920973429777949,True,False,False,True,False,False,0.1024296042105424,0.1940532086471764,-0.1225644403385902,0.1510474065283137,-0.0876556911932493,-0.4534044466118551,-0.4812211429208103,-0.1340427563756277,0.1845063279229231,20.0,0.0047066818239825,0.4304981972246014,0.16391556,127.0,0.16391555964946752,0.16391555971413216,-0.6,-0.6815810065222191,-0.5607600970476073
2025-11-26,0.0543168022550465,-0.0270351751458356,-0.1442222805815986,-0.3571844143305923,-0.6441482442912821,-0.7896927038627993,-0.9347671472156814,43.40024766221008,0.0029167634395117,0.1124070542801775,48.89723990602725,1.402221440513892,-0.0598227138551355,-0.1992551534107618,-0.5201217039109722,-0.0339070739956278,False,False,False,False,False,False,0.0330917145452661,0.0134420829859751,-0.1632417232364507,0.0075163523386996,-0.1778244134028474,-0.4965741701074893,-0.5165471291533168,-0.0857058586601799,0.2506243281332739,15.0,0.0207941491544373,0.4576540545398737,0.16391556,127.0,0.16391555964946752,0.16391555970996025,-0.7,-0.6861857548916643,-0.569743316592923
2025-11-27,-0.0082303927483046,0.0137938316349944,-0.1427099563620077,-0.3298532555521045,-0.6654335455365413,-0.7273712730351583,-0.92395555594197,42.94818856335955,0.0048082249060949,0.1085231638209686,47.29123058951178,1.399656623202294,-0.0565010944122425,-0.1937344493055283,-0.522494701742525,-0.2573150922148978,False,False,False,False,False,False,-0.0021906363469829,0.0509422044597552,-0.1981802314072401,-0.0090962781798832,-0.1448439954639076,-0.4416461917894116,-0.5558815508175792,-0.0931999764606302,0.2403734410113183,22.0,0.0207941491544373,0.4609858386205652,0.16391556,127.0,0.16391555964946752,0.1639155597060575,-0.56,-0.6546393161687483,-0.5691147155224119
2025-11-28,-0.0054968001987005,0.1496884629608812,-0.0565453415046941,-0.3447136161785499,-0.6476051729978296,-0.7485308822041601,-0.8800484530248405,42.6309974039764,0.005994940917384,0.1063429451712717,45.41208729419594,1.3978947889960585,-0.0506860133667797,-0.1870240239942606,-0.5228399136417899,0.1483001235311385,False,False,False,False,False,False,-0.0259576978833311,0.0214499787043658,-0.1760551889059516,0.015088406187847,-0.1512854357399353,-0.4516903263116354,-0.5398162323529527,-0.0981708006803863,0.2335740605723371,25.0,0.0344253463397439,0.4559831947686357,0.16391556,127.0,0.16391555964946752,0.16391555970240657,-0.5,-0.6159794871265611,-0.5646557016177401
2025-11-29,-0.0024890184283883,0.1350542133848135,-0.1087613997347128,-0.2586564948721483,-0.6486343933720983,-0.7244358700685772,-0.8383493478681132,42.47862197061215,0.0067377068680964,0.1014617252477292,42.402772393662914,1.3701426976680984,-0.0411187971035946,-0.1862543745272694,-0.5216367643348,-0.3758730850403539,False,False,False,False,False,False,-0.00218454056019,0.0426941204490044,-0.1588284927265548,-0.0040561756908362,-0.157890011469543,-0.4637175029613986,-0.5503780091881697,-0.1004126789811398,0.2305074899613434,28.0,0.0344253463397439,0.4550235250305637,0.16391556,127.0,0.16391555964946752,0.16391555969899116,-0.44,-0.5719846153449208,-0.5566133982875634
2025-11-30,-0.0341894933533376,0.0934274054170554,-0.1092567233147778,-0.3363377577257737,-0.7317825839804385,-0.7244526767537037,-0.8438652818549812,40.38217075955547,0.0063924470980894,0.101268901329117,36.37927145074376,1.3597076712533305,-0.0579112895250274,-0.2097955913776848,-0.5354747147012022,-0.0158660851968831,False,False,False,False,False,False,0.0009357763015524,0.0318564422033085,-0.1494595188587339,0.0219929724764379,-0.1964810822480325,-0.469460154437544,-0.5200561190147265,-0.1306492813620697,0.1891481190238143,28.0,0.0344253463397439,0.4507286515792653,0.16391556,127.0,0.16391555964946752,0.1639155596957961,-0.44,-0.5389884615086906,-0.5490899532367529
2025-12-01,-0.0618172963786402,-0.0849789252784941,-0.1158633499539061,-0.4374732674400982,-0.8252160126758876,-0.8626897173900274,-0.9548996159725818,36.99340851203323,0.0047783861804997,0.107728625262336,34.185559375099324,1.3581646407027534,-0.1011585328041671,-0.2504833419849813,-0.5615489577327364,0.8332961775522014,False,True,True,False,False,False,0.1257157995662902,0.07940539372361,-0.163133914131131,0.0670001847224687,-0.1672661091877094,-0.4491450506020555,-0.484193293177325,-0.1474272328636591,0.1178641861089267,24.0,0.0253409898564227,0.4694410316679401,0.16391556,127.0,0.16391555964946752,0.1639155596928072,-0.52,-0.534241346131518,-0.5472131820601882
2025-12-02,0.1554226740964259,0.0975164752441011,-0.0311935286564785,-0.3010237672609535,-0.6661912874683223,-0.7043992497143022,-0.8295320634507035,49.118712140768345,0.0075575803011227,0.1001046015054353,31.396110311729803,1.478645143495508,0.055875676765158,-0.1167434482943051,-0.485862169473241,0.4191556080008447,False,False,False,False,False,False,0.0831106168472737,-0.0591739530307283,-0.3135517143472628,0.0372339490944012,-0.3706151699789052,-0.5016584325179013,-0.551436619152668,-0.0040657543754393,0.3058348422769512,23.0,0.0434849371686745,0.5193793667110309,0.16391556,127.0,0.16391555964946752,0.1639155596900111,-0.54,-0.5356810095986385,-0.5467478154756599
2025-12-03,-0.0106437021409191,0.0325559708481356,0.0055207957022999,-0.0975888132128041,-0.6363156523184322,-0.67460450340913,-0.780311971958201,48.38123263542092,0.008946266530652,0.0973215336414713,28.44374734442754,1.2825821041125436,0.0505851036652174,-0.1190361073688373,-0.4895758873296904,-0.2404436041918198,True,False,False,False,False,False,-0.0190202198726762,-0.1140011898036823,-0.324810958430665,0.0298985741979439,-0.3849085423293217,-0.4891279132972912,-0.5513410809604476,-0.0146099675610177,0.2920096314032255,28.0,0.0366851946481677,0.5168511741656459,0.16391556,127.0,0.16391555964946752,0.16391555968739538,-0.44,-0.5117607571989788,-0.5398608596385206
2025-12-04,-0.0429794028971988,-0.0021930393007585,0.0116007923342357,-0.0511677139525064,-0.6901632328494479,-0.7610281477436941,-0.8593435893063275,45.48952737923026,0.0085706473710626,0.1063000446995446,27.969265270204257,1.253223421819002,0.0091650718450286,-0.1500982531791481,-0.5088910266934714,0.333015488993601,False,False,False,True,False,False,0.0532494910773505,-0.1391872582203615,-0.2126372494381111,0.0083609360827424,-0.3578959441581288,-0.4392076268100491,-0.5252604394864,-0.0560642221261502,0.1580466794452588,26.0,0.0224161144610602,0.4944727207561807,0.16391556,127.0,0.16391555964946752,0.16391555968494842,-0.48,-0.5038205678992341,-0.5359988686941
2025-12-05,-0.0296043058493745,-0.0263005449514327,0.1233879180094484,-0.1640703181046811,-0.7708253314262191,-0.7862208885388029,-0.9424748278623404,43.6244068621202,0.0074494130726722,0.1077537789830331,25.97366887746552,1.218225647409472,-0.0134214530242495,-0.1692987747256666,-0.5213005436178036,-0.3097966944567984,False,False,False,False,False,False,0.0486710653989836,-0.0405245744227285,-0.1247990395297007,0.0450501263890723,-0.3293471526635257,-0.4227533144938493,-0.5112409893729841,-0.0835991977013318,0.1242660051866052,28.0,0.0153299973449066,0.4942556316552072,0.16391556,127.0,0.16391555964946752,0.16391555968265933,-0.44,-0.4878654259244256,-0.5298053932944807
2025-12-06,0.0216245963733871,-0.0021869301496572,0.1328672832351564,-0.1111393057752631,-0.6632302039026499,-0.7849369934416818,-0.9432069312316728,45.37906395062515,0.0071331082552834,0.1003164923617723,24.778369988181616,1.2180866914302648,0.0122433635725565,-0.1462922670892573,-0.5089550791602075,-0.1487693710591564,False,True,False,False,False,False,0.0449769149040746,-0.088091052103129,-0.108132027716562,-0.002025932692208,-0.3459756071516845,-0.5019455721872097,-0.5214385496134061,-0.0635665822606116,0.1488425752621492,23.0,0.0153299973449066,0.4889442791052614,0.16391556,127.0,0.16391555964946752,0.16391555968051794,-0.54,-0.5008990694433192,-0.5304631098561271
2025-12-07,-0.0310672244678168,0.0009353387358634,0.0943627441529188,-0.2649393996403864,-0.70578034399399,-0.8609111654642231,-1.0089811167062974,43.30356520210151,0.0060624556890859,0.1007739156751583,24.681792826729072,1.1322658326586876,-0.0160875455379293,-0.1668490059757533,-0.5216590446792863,-0.0292677942081449,False,False,True,False,False,False,0.0308917581265879,-0.0746164417600866,0.1004016763593611,-0.0432082726831243,-0.4368141315824173,-0.5170098931249634,-0.5145585609693752,-0.1754759104586672,0.1136999436238585,20.0,0.0153299973449066,0.4848512764309347,0.16391556,127.0,0.16391555964946752,0.1639155596785147,-0.6,-0.5256743020824894,-0.5349493608331513
2025-12-08,0.0556664644914563,0.11841909960596,0.033440174327466,-0.2005672072544335,-0.5972572354254803,-0.8104691538851169,-0.9523391211836312,47.9541658467301,0.0066465405205068,0.0941745108082116,22.813713956744504,1.1544026137169634,0.0440690903917135,-0.1134366842577387,-0.4916114649917898,0.0519782792796705,False,False,False,False,False,False,-0.0411386300703272,-0.1393171633209857,0.0517086315090166,-0.0943381208447116,-0.3967986553232356,-0.5438505368579543,-0.4871267929802369,-0.1282760321062548,0.1774536926372761,20.0,0.0049637125771092,0.4849340883089313,0.16391556,127.0,0.16391555964946752,0.1639155596766407,-0.6,-0.544255726561867,-0.5391461762632705
2025-12-09,0.1168406765799522,0.0798371020894862,0.1773535773335874,-0.0940052647150855,-0.052557595027341,-0.7162664805419507,-0.7356190496013253,56.70796857540094,0.0099547944212933,0.0894193136311833,26.72064356287761,1.2313848954021078,0.167202529908725,0.0012143517627485,-0.4260757148686646,0.5559782910479272,False,False,False,False,False,False,-0.1313666098963788,-0.2651620938605276,-0.0360166547080317,-0.2462778109829549,-0.4653189704300344,-0.6093239046534531,-0.5562160125473994,-0.0202342624276906,0.3233877100011277,22.0,-0.0012535179250413,0.484112614296909,0.16391556,127.0,0.16391555964946752,0.1639155596748876,-0.56,-0.5481917949214004,-0.5404915842462854
2025-12-10,-0.1096842353506044,-0.0192034311201989,0.0133525397279365,-0.2390542440532346,-0.203645819886495,-0.8407467856298252,-0.9255660903103844,48.44202272603267,0.008798633004717,0.1018573434592991,26.962447744557966,1.2773878360029425,0.0440522405947534,-0.0972134131893406,-0.4832168865481935,0.0833394267270566,False,False,False,False,False,False,-0.0968225562393124,-0.174340309316789,-0.005847133000256,-0.1369583316663241,-0.4183349689038769,-0.5816012537328964,-0.4931295008297523,-0.1220152148970478,0.1859102942834594,26.0,0.0108109114801547,0.4806641770546264,0.16391556,127.0,0.16391555964946752,0.1639155596732476,-0.48,-0.5311438461910503,-0.5365889013916865
2025-12-11,0.0281041669072308,0.0518801386842307,0.0496870993834721,-0.1332388642374755,-0.3163318769560243,-0.858776619952982,-0.9423452493176684,50.35800125800122,0.0084962556947073,0.0994281123224214,24.84288620618087,1.2578472964575955,0.0632356189919633,-0.0676732819643388,-0.4660120668234889,-0.1637985098302877,False,False,False,False,False,False,-0.1827076594177813,-0.2370467517717195,-0.0571282439556242,-0.1730100791796618,-0.4386209899058818,-0.5883897044179676,-0.5081466300222757,-0.0969901771710029,0.2197120757695345,29.0,0.010433882267935,0.4738933572230009,0.16391556,127.0,0.16391555964946752,0.16391555967171342,-0.42,-0.5033578846432877,-0.5290670367857713
2025-12-12,-0.0339607339790826,0.0475237105545227,0.0212231656030899,-0.1367263079255138,-0.4400526962540286,-0.9192304811233524,-0.8579069198514336,48.04147627850482,0.0071540565375345,0.1018954195870335,22.035232075696896,1.258814154638314,0.020038650420078,-0.0931208108348269,-0.4813152445283956,-0.1783179810353842,False,False,True,False,False,False,-0.0850558795457718,-0.1933576501326459,-0.0062279824261075,-0.1410924197765583,-0.4437838189361178,-0.5637970548237351,-0.4897620791819764,-0.1339422175144967,0.1789852294508965,29.0,-0.0032623917117047,0.4784488443944864,0.16391556,127.0,0.16391555964946752,0.1639155596702782,-0.42,-0.4825184134824657,-0.5220304537673344
2025-12-13,0.0180956799907435,0.043994794171879,0.0418078640222216,-0.1088879109668747,-0.3843200959286407,-0.8518686767874493,-0.7905683104582424,49.36740808534623,0.0065268372614049,0.0951710784541184,18.966706929619868,1.261113949855854,0.0303257301292457,-0.0701243849604299,-0.4693219692108042,-0.2985839592893484,False,False,False,False,False,False,-0.127340580551886,-0.1932710746357519,-0.0448360599939981,-0.1577229522019284,-0.4772201901271586,-0.5768987357465115,-0.5273935364099326,-0.1181276569578884,0.2005139700078928,23.0,-0.0032623917117047,0.4753207444964146,0.16391556,127.0,0.16391555964946752,0.1639155596689356,-0.54,-0.49688881011184927,-0.5231897793307322
2025-12-14,-0.0446378063845228,0.0304242122551731,0.0313595509910365,-0.0618643022953834,-0.3580146003659067,-0.8410838181771089,-0.8472582960641366,46.2717064121889,0.0048067542176013,0.096675921006684,18.89494140867501,1.230084755116843,-0.0150505596667956,-0.1036490604496455,-0.4899509790512519,0.1900385103861275,False,False,False,False,False,False,-0.1023465354679057,-0.1757182042444597,-0.0095589554161325,-0.1620150549540943,-0.4310611761990274,-0.5608244987947599,-0.4686196027095493,-0.1566268516956493,0.1481040929078814,21.0,-0.0032623917117047,0.4445978296925268,0.16391556,127.0,0.16391555964946752,0.1639155596676796,-0.58,-0.5176666075838869,-0.5268549548577817
2025-12-15,-0.016766519215137,-0.0420087714514202,0.0764103281545399,-0.1283578613121508,-0.3378733193221454,-0.94725960972635,-0.8948673610829021,45.16089254178,0.003183468518675,0.0994672740338931,18.569548850179217,1.216641777328049,-0.0322862844137979,-0.110341723117828,-0.4961247419606755,0.2679729614241575,False,False,False,False,False,False,-0.1023907483704962,-0.2246971427649221,-0.0114926320298874,-0.1209285376846528,-0.4074987250870668,-0.5445657070911205,-0.4814541813109549,-0.1706494006285988,0.1290148607509303,16.0,-0.0059399693155157,0.4456756311849489,0.16391556,127.0,0.16391555964946752,0.16391555966650465,-0.68,-0.5582499556879152,-0.5367352803508281
2025-12-16,0.0180153297001047,-0.1408341183312677,-0.0609970162417813,-0.0766483618387734,-0.2879091718348242,-0.9285339551844116,-0.8270768554823643,46.64397465521472,0.0025339397839807,0.0942530441815262,18.62718689671708,1.214273634531263,-0.0138222067261415,-0.0866406986020548,-0.4851923074237529,-0.1180211039566995,False,False,False,False,False,False,-0.1540298651749825,-0.2703770395557965,0.1024715487370837,-0.1478240003942223,-0.3273881648835371,-0.5002882908558128,-0.4738088071365561,-0.155572980559606,0.1495387529597474,11.0,-0.0102615022086349,0.4489480911064467,0.16391556,127.0,0.16391555964946752,0.1639155596654055,-0.78,-0.6136874667659364,-0.5524297783927101
2025-12-17,-0.0706863571706422,-0.1018362401513055,-0.1210396712715044,-0.0921240492699038,-0.3776460708133118,-0.9933207615820352,-0.8461224281514658,41.97142646227751,0.0004361146459822,0.1040369439932702,20.00449184667021,1.2238819076739882,-0.0775835367633109,-0.14156628330773,-0.5186999416000756,0.0967523638865306,False,False,False,False,False,False,-0.0858278222214064,-0.2379345956235222,0.1624153016297407,-0.0947798964540606,-0.3483411250626668,-0.4660947136191031,-0.3824625497174876,-0.2132016757511838,0.0710874281204196,16.0,-0.0184380434883584,0.4474667258135145,0.16391556,127.0,0.16391555964946752,0.16391555966437726,-0.68,-0.6302656000744523,-0.5606601152705998
2025-12-18,-0.0718180190565663,-0.2017584261151027,-0.1498782874308721,-0.2346949211254685,-0.4784890069074147,-1.0034893125570046,-0.9714862880475584,38.08416569643647,-0.0023714076694356,0.113733202949859,23.67081957574849,1.2166551959686982,-0.1356498095674488,-0.1928734160190799,-0.5503920811059805,0.2334308435940721,False,False,True,False,False,True,-0.0664867265429508,-0.0853263290061199,0.1714056810986136,-0.103142717691265,-0.283104422277829,-0.4520295248027997,-0.3462483307626311,-0.1853316778698924,-0.0031386627579206,17.0,-0.0096583488068661,0.4459353462921032,0.16391556,127.0,0.16391555964946752,0.16391555966341537,-0.66,-0.6376992000558392,-0.5670691400918515
2025-12-19,0.0789054060226956,-0.0888922861133243,-0.0413685755588017,-0.1084314886030752,-0.4187896610935305,-0.9252248481036286,-0.868727232510363,44.21886967410138,-0.0021804153572183,0.1046453979421574,24.411446661439104,1.2444117292493568,-0.0617296680277907,-0.1207331664894836,-0.5114986676017705,-0.0484123694769142,False,False,False,False,False,False,-0.1183698197143527,-0.0878338963775629,0.0891890490684684,-0.1925449041709872,-0.3539169899989966,-0.514778364049905,-0.4302469311302138,-0.1184458143978583,0.0787056037884769,16.0,-0.0076058220441771,0.4578534061635347,0.16391556,127.0,0.16391555964946752,0.16391555966251553,-0.68,-0.6482744000418794,-0.5743550020214094
2025-12-20,-0.0292219597921231,-0.1362099258961911,-0.0922151317243121,-0.0885940488660638,-0.4200176657495356,-0.9311791954954186,-0.990843243011772,42.49765313862967,-0.0024957743797596,0.1024853279932209,25.55480958746049,1.2371964980284536,-0.0861669800919973,-0.1388977325845209,-0.5235236137580068,-0.4920194822334215,False,False,False,False,False,False,-0.0755512318030802,-0.0219769480929575,0.0943790710787654,-0.2659619780518954,-0.3601099135839769,-0.4842922968794678,-0.4381456910763427,-0.1438338053487844,0.0476398241064383,20.0,-0.0076058220441771,0.4159833568681282,0.16391556,127.0,0.16391555964946752,0.16391555966167373,-0.6,-0.6362058000314096,-0.5760095180200282
2025-12-21,-0.0163990626032399,-0.1079711821149082,-0.0775469698597352,0.0363983200552835,-0.3672855439261954,-0.848163482001834,-0.976440874357922,41.542446686439085,-0.0028105539918613,0.1005388687648099,25.96347087390032,1.1336487388774064,-0.1004281292190491,-0.1446163577204758,-0.5295170848452241,0.2048768065837583,False,False,False,True,False,False,-0.0817371866489695,0.1891303520156912,0.0339407036112688,-0.2784914163381249,-0.3641668165508948,-0.4901704829160425,-0.4143421482764189,-0.1577596310428734,0.0464324259569435,20.0,-0.0076058220441771,0.4105821892221987,0.16391556,127.0,0.16391555964946752,0.16391555966088625,-0.6,-0.6271543500235572,-0.5775572910509942
2025-12-22,-0.0168157742931836,-0.1080204371929549,-0.1500292086443752,0.0074373146144206,-0.4497298502604303,-0.8497762875041192,-0.9485297343710344,40.552481318146405,-0.0031051254347372,0.0992388250147645,27.305296811310715,1.1346340976488154,-0.1073084169592174,-0.1498825924595126,-0.5357827127306091,0.1797640946925511,False,False,False,False,False,False,-0.1362579476229696,0.2219467923481366,0.0522597181672959,-0.2662561060503716,-0.3253998700307248,-0.4871456185480985,-0.4128119514056255,-0.1718041394006761,0.0289829786329858,25.0,-0.0032671434523323,0.4100375831017797,0.16391556,127.0,0.16391555964946752,0.16391555966014956,-0.5,-0.5953657625176679,-0.5725535948541558
2025-12-23,-0.0412354547312458,-0.1672712216243056,-0.3081053399555733,-0.0412354547312458,-0.5289582410520816,-0.8970569871340592,-0.8841625319365526,38.21615495445345,-0.0038653523367333,0.1013341690656161,29.61677618025555,1.1434200012822655,-0.1343562137734527,-0.1792626858663787,-0.5530038313633916,0.0360833892777752,False,False,False,False,False,True,-0.1375310659221789,0.3118312722275435,0.0256985693304564,-0.2246671167132575,-0.3107263299331255,-0.4196052334519296,-0.4092069032620585,-0.2052606348696891,-0.0125846818687383,24.0,0.0119938370530106,0.4035519281679864,0.16391556,127.0,0.16391555964946752,0.16391555965946042,-0.52,-0.576524321888251,-0.5691630403474361
2025-12-24,0.0068485174982696,-0.0897363469553937,-0.1915725871066992,-0.1509759715498854,-0.5262365611197722,-0.8117521575080772,-0.9209671218758942,38.83563604912252,-0.0038646744901759,0.0963404407113331,31.73785234250081,1.0621043973488955,-0.1214123290048953,-0.170265682280025,-0.548205817667152,-0.1849151929779814,False,True,False,False,False,False,-0.1663874454938345,0.204070972844889,0.0452752848083601,-0.2326357778589677,-0.3475935575172585,-0.4063800241617054,-0.4457049316668131,-0.1997991682925333,-0.0057991418610889,24.0,0.016807980289548,0.3992336917528603,0.16391556,127.0,0.16391555964946752,0.16391555965881574,-0.52,-0.5623932414161883,-0.5659912312927629
2025-12-25,-0.0508817691806087,-0.068800097079436,-0.2705585231945387,-0.1747850143043247,-0.614311827917641,-0.8974485733399391,-0.9771574599838349,36.00942899374152,-0.0045434220315963,0.0990458354003485,35.12456242180372,1.0715279038387202,-0.1576788384623336,-0.2061250345019699,-0.5688663234405262,-0.099611413460064,False,False,False,False,False,False,-0.020181397521431,0.2358185226079049,0.0839326298705232,-0.3259925505097135,-0.3490100835743752,-0.3821394946959192,-0.4181635873327067,-0.2394963078265614,-0.0551204230026948,23.0,0.016807980289548,0.3977899605646731,0.16391556,127.0,0.16391555964946752,0.16391555965821264,-0.54,-0.5567949310621412,-0.5643143776609717
2025-12-26,0.0217228954690419,-0.1259826076330897,-0.2148748937464142,-0.2073789210903293,-0.5645633354209216,-0.8515271653816116,-0.9970716249531288,38.051971749110734,-0.0041469764921919,0.0936701924838076,37.25450579786119,1.054396567728252,-0.1314044438007131,-0.1840570393468742,-0.5571882895988457,0.0483962586993813,False,False,False,False,False,False,0.0346357509300511,0.2319859200763638,0.0647935610679035,-0.2531786009972836,-0.3805603287566562,-0.4051360307776387,-0.4326683194794314,-0.2227952244160169,-0.0343703427719822,20.0,0.0188903344208793,0.3763431668710558,0.16391556,127.0,0.16391555964946752,0.16391555965764845,-0.6,-0.5675961982966059,-0.5666166758763929
2025-12-27,0.0182030024630177,-0.0785576453779488,-0.2147675712741399,-0.1809455258790069,-0.5107987814311117,-0.8463790714155481,-0.9083167989141652,39.820377363764194,-0.0031504938510905,0.0873710860743135,38.79463099335857,1.0580058789484443,-0.1095437619248332,-0.1621233642326921,-0.5467948589371928,-0.4238047992759504,False,False,False,False,False,False,0.0579526800761669,0.1839961478692902,0.044064519463924,-0.2693876220497228,-0.3308967706273171,-0.4677907015190117,-0.4427832389471279,-0.2085182159828395,-0.0166320282470724,23.0,0.0188903344208793,0.3755850472699443,0.16391556,127.0,0.16391555964946752,0.16391555965712065,-0.54,-0.5606971487224545,-0.5648994709811417
2025-12-28,-0.0231130575064186,-0.0852716402811274,-0.1932428223960358,-0.1985617831867252,-0.543275399365275,-0.8461669561845548,-0.9470926653908852,38.32790598520784,-0.0026579034252869,0.085802672224606,40.01517772052431,1.0596768541368542,-0.1205458987137692,-0.1742288437509075,-0.5551326954022346,-0.0062038254160939,False,False,False,True,False,False,0.2949782292459168,0.2015806362386359,0.0166243502658031,-0.2711002175264437,-0.3312555437217477,-0.4387380740283796,-0.4322904861585433,-0.226601989283619,0.0237408271327084,24.0,0.0188903344208793,0.3754973904284345,0.16391556,127.0,0.16391555964946752,0.1639155596566269,-0.52,-0.5505228615418408,-0.5620027309178423
2025-12-29,-0.0780252392547551,-0.146481105242699,-0.2545015424356539,-0.2740980040130919,-0.5327544988852404,-0.9227323973851902,-0.9985338740816692,33.93143824072733,-0.0035320703183446,0.0947625937874505,38.04438207556721,1.0883392350493577,-0.1692615570157072,-0.2284207112483561,-0.5867614510942306,1.298296596804942,False,False,False,False,False,True,0.414712632070329,0.2749951309290602,0.1338426707858835,-0.2177556210718962,-0.2946041934809067,-0.4085925448083339,-0.3817534529184025,-0.2846524075957791,-0.0531000522525942,24.0,0.0270520281083133,0.3762452653530919,0.16391556,127.0,0.16391555964946752,0.16391555965616503,-0.52,-0.5428921461563806,-0.5592928773102396
2025-12-30,-0.0427104986743468,-0.1479561491857999,-0.3152273708101057,-0.2826190093341013,-0.6189567670598751,-1.0144015933145398,-1.0070716860878048,31.90103100753369,-0.0044829684552111,0.0956908851586428,40.80785080614624,1.0912100550639776,-0.1906621436996235,-0.2518786478047349,-0.6024056802796218,-0.1819082995459247,False,True,False,False,False,False,0.5210185786345971,0.5110154264688785,0.1679676295918133,-0.2181384176085076,-0.2961860300446242,-0.3633066186123611,-0.3574823175978497,-0.3145619868863765,-0.0926911256945665,23.0,0.0177724623371807,0.3801243451342118,0.16391556,127.0,0.16391555964946752,0.16391555965573296,-0.54,-0.5421691096172855,-0.5580481755482887
2025-12-31,-0.0271818808243639,-0.1819865475084337,-0.2717228944638274,-0.247983593779825,-0.6854568612199233,-1.0731996064557128,-1.1106733111698524,30.68582029458481,-0.0051244393674034,0.0949662039542147,42.23344150354775,1.076871517829816,-0.1967281033860955,-0.2643638895111848,-0.6114969288624228,-0.0484474939655982,False,True,False,False,False,False,0.4444011985378319,0.5253484739683589,0.1878509355592527,-0.231101778246631,-0.2941130349277368,-0.3390252166365752,-0.3194539942751848,-0.3329425405623805,-0.1170213191560157,21.0,0.001608187481103,0.3453241545242558,0.16391556,127.0,0.16391555964946752,0.16391555965532875,-0.58,-0.5516268322129642,-0.5594644222871088
2026-01-01,0.1107169543656123,-0.0203878239622126,-0.0891879210416486,-0.2926893135106386,-0.5937130807715922,-0.958880600978961,-0.9970885632249408,40.97437987998863,-0.0030374519910568,0.0870761037658595,40.972588976129046,0.9998806204096184,-0.0907279859066207,-0.1716682634904849,-0.5642838231570625,0.0513272634367718,False,False,True,False,False,False,0.2612727697573341,0.2806815351159827,-0.019478409896489,-0.2836159542973548,-0.3322091445256722,-0.3989132286436114,-0.3751925364797892,-0.0658497023760015,-0.0136433426243095,20.0,0.001608187481103,0.284687077052479,0.16391556,127.0,0.16391555964946752,0.1639155596549506,-0.6,-0.5637201241597232,-0.5620796208492308
2026-01-02,0.0761601527376246,0.0340494333063699,-0.0919331743267198,-0.205885458632095,-0.303474271844899,-0.8422011109505272,-0.880489962041225,47.33129607773628,0.0001636339666322,0.085155853654176,37.16915967122154,1.0437897190440302,-0.0080617310756866,-0.1003205218843864,-0.5280607866867595,1.9142199458786844,True,False,False,False,True,False,0.1907436206113227,0.1940687608792187,-0.1147937940004468,-0.3201515949342581,-0.372336184221865,-0.4487720577477273,-0.4174828563497603,0.0080746427606378,0.0644123729849698,28.0,-0.0029147690683433,0.2758537906420154,0.16391556,127.0,0.16391555964946752,0.16391555965459687,-0.44,-0.5327900931197924,-0.5542035162783128
2026-01-03,0.0404891757665967,0.0563356066099491,-0.0222220387679997,-0.1224168799682993,-0.1735845939208058,-0.8125801128177472,-0.8834450277119935,50.56214149824748,0.0032306837820255,0.082068257523294,34.65090510767874,1.04803506328256,0.0393948910101506,-0.0597626648066449,-0.5070090270401332,-0.4237167237413327,True,False,False,True,False,False,0.1191390410618826,0.1189706305437698,-0.2494675657012303,-0.2453822240893418,-0.3661783436574645,-0.4634373986499692,-0.4450726410114562,0.0497283254579321,0.2817873247001792,29.0,-0.0029147690683433,0.2729102563333599,0.16391556,127.0,0.16391555964946752,0.16391555965426596,-0.42,-0.5045925698398444,-0.5455452249055184
2026-01-04,0.1790452195007057,0.2584938836170735,0.1732222433359459,0.086232645381781,-0.0778376727229001,-0.6845926860444381,-0.6999882431570219,62.728708033905,0.0094243437234507,0.0790789016272646,38.55534927443098,1.222289917602731,0.2371386211492522,0.1257952164483437,-0.4086820183077236,1.428162748801618,True,False,False,False,False,False,-0.0721229059284398,-0.1305068432080308,-0.393246852677801,-0.4304579486929238,-0.4704449842493126,-0.5516218766263977,-0.528730146217638,0.2555536272127736,0.533113555014918,25.0,-0.0029147690683433,0.2525824736305506,0.16391556,127.0,0.16391555964946752,0.1639155596539564,-0.5,-0.5034444273798833,-0.5426068232987108
2026-01-05,0.0104073007223476,0.3469264235941762,0.2004453183514773,0.0750153497307415,-0.0361239560445216,-0.5882148541719083,-0.7099216437109402,63.34860577712541,0.0132658450176533,0.0777647907146774,41.97462677478702,1.2207494120828,0.2445031680899082,0.1376308978979633,-0.4008165749145456,-0.4247106945660838,True,False,False,False,False,False,-0.0987603404210807,-0.1388661726054077,-0.3995287695467985,-0.4228995943993118,-0.537940341305371,-0.5560245465518625,-0.510913079021515,0.2686887835878191,0.5491524448316175,26.0,-0.0011208116040801,0.2680744549024665,0.16391556,127.0,0.16391555964946752,0.1639155596536668,-0.48,-0.49758332053491244,-0.5385676734084714
2026-01-06,0.0297433056839327,0.4193802279524558,0.2714240787666559,0.1358258798824911,-0.1291135197578953,-0.5699544641114989,-0.7250852855817319,65.1678633021242,0.0159193919495264,0.0865041821049978,47.82756941563504,1.2181283819701365,0.2690257113969651,0.1697992930140319,-0.3811900392148009,1.1333953918658333,False,False,False,False,False,False,-0.0065766140573366,-0.2181170009853644,-0.4089690498304745,-0.4536956890027231,-0.5783522326817409,-0.5762122328853753,-0.474943915686299,0.3069905691100189,0.5959214440146426,44.0,0.0018404760551128,0.2653520625505979,0.16391556,127.0,0.16391555964946752,0.16391555965339588,-0.12,-0.4031874904011843,-0.5115633073821184
2026-01-07,-0.0788672685735064,0.3676948402033134,0.1857082926948797,0.0012921468175283,-0.199275060436905,-0.5959650886079519,-0.8091770070675885,57.248513096884366,0.0148247555120475,0.0941932303540959,49.67616221591567,1.237279768348857,0.1622584214306494,0.0827045564233415,-0.4268269192170864,-0.657453479719883,False,False,False,False,False,False,0.0560420993228681,-0.131882332202842,-0.3626918682974631,-0.4313927765464992,-0.5444395682955657,-0.4877890724891556,-0.4371355894804943,0.2078717786356133,0.4748908819267975,42.0,-0.0013009676387888,0.2819053203063543,0.16391556,127.0,0.16391555964946752,0.16391555965314245,-0.16,-0.3423906178008882,-0.4888818036800463
2026-01-08,-0.0248565399890446,0.2321213458486563,0.2117335218864436,-0.1404050697514686,-0.2344103344665542,-0.1929626647788097,-0.8566715502934193,55.09153951664835,0.0128340688605973,0.0929081086197708,50.58273509790039,1.165565944496437,0.129752858988604,0.0571378305062351,-0.4396349105965612,-0.2218935176273886,False,True,False,False,False,False,0.0153882378372307,-0.1229030718983416,-0.454606451384179,-0.4301989883088358,-0.5504334547520646,-0.4893200877866761,-0.4069074475845919,0.1782183332538585,0.4386820748457453,28.0,0.0022737406145713,0.2705000995383281,0.16391556,127.0,0.16391555964946752,0.16391555965290536,-0.44,-0.36679296335066613,-0.48572813892649497
2026-01-09,0.0186168101191753,0.174578003230207,0.208627436536577,-0.0121040242816888,-0.2511582683349236,-0.2157498441681839,-0.8528508099115141,56.41203416351711,0.0114228059908727,0.0886722753561112,51.916318233547024,1.1043981745590008,0.1440142846399619,0.0764693023615412,-0.4272238700848855,-0.1275084582052931,False,False,True,False,False,False,0.002792490516295,-0.1357096345696037,-0.3938068716268891,-0.4165034788340583,-0.5765061718567276,-0.4869570475972126,-0.4187173698114468,-0.2265227842250479,0.4657166134805396,27.0,0.010104966003546,0.270061613033406,0.16391556,127.0,0.16391555964946752,0.16391555965268356,-0.46,-0.3900947225129996,-0.4840682589957534
2026-01-10,-0.0215291511058132,0.112559676357797,0.1688952829677461,-0.0617373422947329,-0.1949762065322084,-0.3780692192507573,-0.920513962247715,54.42200675186516,0.0094408256894638,0.0865719693344177,52.65788529360549,1.101839523477524,0.11333798766053,0.0505892979184795,-0.4373843532838513,-0.4300029987432091,False,False,False,False,False,False,-0.0001504822117125,-0.1181858814804304,-0.3829267271983264,-0.415445240915492,-0.5621771574452984,-0.4768239694800366,-0.3880394252381875,-0.2429971165630947,0.4344982374102346,25.0,0.010104966003546,0.2692403382324116,0.16391556,127.0,0.16391555964946752,0.1639155596524761,-0.5,-0.4175710418847497,-0.48509611325409197
2026-01-11,-0.0083704535574411,-0.0748559967003497,0.1836378869167236,-0.0361470618730914,-0.1728733697986053,-0.4761997581271202,-0.955377542996444,53.64146708625995,0.0075081515930208,0.0841796501736839,53.081969607453225,1.0961145082852113,0.0974665096671151,0.0393329717583264,-0.4403300737934184,0.135000381341853,False,False,False,False,False,False,-0.0629220590233562,-0.1539274855092622,-0.3933825492101259,-0.4382264753717149,-0.5477411614848561,-0.4709810834901771,-0.3855891495982906,-0.2493071283690962,0.4225409503089611,29.0,0.010104966003546,0.2557944269813679,0.16391556,127.0,0.16391555964946752,0.163915559652282,-0.42,-0.4181782814135623,-0.4808963640118925
2026-01-12,-0.0187207664475499,-0.1039840638702473,0.2429423597239288,-0.0729635083113848,-0.1818514192782595,-0.4572836042400255,-0.924832185098834,51.87360467442034,0.0054474365770622,0.084110762381691,52.80730568162236,1.0954776801648798,0.0697015058019561,0.0181468286050904,-0.4491260427720225,0.5269060657328861,False,False,False,False,False,False,-0.0445007404612724,-0.1107082346583724,-0.3864726539323331,-0.4571873722236543,-0.5448736584670775,-0.4916213471068911,-0.4004555839217865,-0.2632299447739239,0.3961576220158974,27.0,0.0190662234969752,0.2561400347536673,0.16391556,127.0,0.16391555964946752,0.16391555965210042,-0.46,-0.4286337110601717,-0.4795482114949962
2026-01-13,0.1271290342835453,-0.0065983352706347,0.4127818926818211,0.0988033323566833,0.0369390300612998,-0.2592112680092235,-0.7422804858204256,61.64044008687476,0.0070368158333692,0.0800216464598068,54.88956234610187,1.1732631664004542,0.1981667186072004,0.1534638568932541,-0.3727882737670352,0.4363341183487648,False,False,False,False,False,False,-0.2129408164951707,-0.2270313001891319,-0.4825588351413196,-0.5351665294303999,-0.602141754090878,-0.5186114157181304,-0.4839917554325172,-0.1633507916380687,0.585425684611531,26.0,0.0152323038826529,0.2839907809752947,0.16391556,127.0,0.16391555964946752,0.16391555965193055,-0.48,-0.44147528329512875,-0.47957735914048033
2026-01-14,-0.0177408820304418,0.0545280512724296,0.4222228914757431,0.0978289695413784,-0.0305288917707724,-0.240044349780767,-0.8494306401849718,59.71797970692207,0.0071547036141441,0.0792444233270832,54.97546272820419,1.1734777460473624,0.1598562144522766,0.1303674152743437,-0.3818771421319207,-0.069828167655933,True,False,False,False,False,False,-0.177951647615381,-0.221259301837481,-0.4959196309070299,-0.4795227719240236,-0.5870103698362912,-0.5297805869744355,-0.464684134180903,-0.1780627986857025,0.5575468632221318,48.0,0.0035506457874657,0.2758690758509264,0.16391556,127.0,0.16391555964946752,0.16391555965177165,-0.04,-0.34110646247134657,-0.45121752951851385
2026-01-15,-0.0641135515700801,0.0152710396913943,0.2473923855400506,0.0157000882711934,-0.06094827356758,-0.2722090835636307,-0.9128338669132184,53.485237977744895,0.0051674041242789,0.0847753025333329,53.89531898560942,1.1952460587495612,0.0769565270054228,0.0602170922381817,-0.4181391157515425,-0.295599901435046,False,False,False,True,False,False,-0.1361955009742202,-0.2343751641467121,-0.4406228042963335,-0.4580301961974199,-0.5080725421868638,-0.4820055422109642,-0.4701163379200688,-0.2291063370228131,0.0512730603064296,61.0,-5.034229598350959e-05,0.2790706064590644,0.16391556,127.0,0.16391555964946752,0.16391555965162302,0.22,-0.20082984685350996,-0.4079131727753839
2026-01-16,0.0061343691858825,0.0027885987581016,0.1773666019883087,0.0925208146277183,0.0003967653578144,-0.2851252561855935,-0.900799946954317,53.96606970763046,0.0037348036668374,0.0815465539134915,52.92703427971287,1.167352183881811,0.073365979620186,0.0664634293118657,-0.4124512567503982,-0.2601974619249835,False,True,True,False,False,False,-0.1381164362475331,-0.2586639605681027,-0.4306455144466264,-0.4744697550031886,-0.5132757980296029,-0.4370341887546742,-0.4914564196676123,-0.1049515468752414,0.0577417778392058,49.0,0.002753002606575,0.2675025772606539,0.16391556,127.0,0.16391555964946752,0.16391555965148397,-0.02,-0.1556223851401325,-0.38288651646729466
2026-01-17,-0.0244682433992114,-0.0001504935352965,0.1124091828225005,0.1398705902850733,-0.0948243308403952,-0.3386184166223414,-0.8636187222719314,51.69165667659751,0.0019661613225386,0.079462704971278,51.09975484830917,1.1404878097230922,0.0379317838031691,0.0408313167974285,-0.4248936342542225,-0.3033698764450171,False,False,False,False,False,False,-0.1180531641699619,-0.3292652963250301,-0.3256143143417914,-0.4851268862967647,-0.5235557021004514,-0.4315820483971077,-0.4921991198966718,-0.1265860517531938,0.0321747601292868,50.0,0.002753002606575,0.2659095292085445,0.16391556,127.0,0.16391555964946752,0.16391555965135388,0.0,-0.11671678885509937,-0.3581841605661789
2026-01-18,-0.0732087788200712,-0.0649888187979266,-0.1398448154982764,-0.0122435945576937,-0.120675083160769,-0.4310332556512244,-0.9374684426613225,45.77112105621017,-0.0010326190219904,0.086182277421812,47.18174124766493,1.1392764906847654,-0.0435755354709187,-0.0311353814447992,-0.4632244850274061,0.1620322210703082,False,False,False,False,False,True,-0.0971161762607047,-0.3021760521257697,-0.3449723590598171,-0.4592871121079557,-0.5088009894632091,-0.4232282261462825,-0.451796978551416,-0.1882431640809539,-0.0406897908146452,49.0,0.002753002606575,0.2555795827330281,0.16391556,127.0,0.16391555964946752,0.1639155596512322,-0.02,-0.09253759164132452,-0.3363658276264254
2026-01-19,0.0007467621018807,-0.045521290248496,-0.1495053541187433,0.0177251273363101,-0.0708689215297536,-0.4022925384132253,-0.9134540681591083,45.83682879544802,-0.002919539046117,0.0856343044053249,41.23568985943059,1.1345225297340638,-0.0525405693088739,-0.0295948486696375,-0.460485586278702,1.0328861881597824,False,True,False,False,False,False,-0.0692909947717406,-0.3026969660802198,-0.3298365628641751,-0.4290060927420756,-0.4933527455657409,-0.4480168876948163,-0.4632300913737908,-0.1876367484440199,-0.0399731467584707,44.0,0.002753002606575,0.2599426120253267,0.16391556,127.0,0.16391555964946752,0.16391555965111837,-0.12,-0.09940319373099339,-0.3224067419731077
2026-01-20,-0.0668015074563268,-0.2394518319883683,-0.246050167259003,-0.0326773175167767,0.0037210025385068,-0.399962861442972,-0.8808407995186107,41.184739613472,-0.0054737184935508,0.090384098977585,34.21373449081937,1.1574133251020844,-0.1208426272514501,-0.0914997797696217,-0.4933491050209284,-0.2555544796160708,False,False,False,False,False,False,-0.0179026990463606,-0.2440928490396011,-0.3012965984862768,-0.3808361966022393,-0.4732354328227151,-0.3948883019922382,-0.4110523310151366,-0.2401309720344472,-0.1020092669181999,32.0,-0.0181660036761091,0.3099410256373976,0.16391556,127.0,0.16391555964946752,0.16391555965101187,-0.36,-0.16455239529824506,-0.32483211345871366
2026-01-21,0.0257548871543077,-0.1959560628036188,-0.1414280115311889,0.0098933439307145,0.0173306585451352,-0.4398365063297157,-0.8398829435734045,43.51622836005989,-0.006298111718959,0.0873636024029064,30.427584405285657,1.1596560413069994,-0.1023242894332978,-0.0644171242428527,-0.4780952337733372,0.3476600486021486,False,False,False,False,False,False,-0.0526826117909877,-0.2658735614496805,-0.3450113451828053,-0.3654811025547065,-0.4921944472499676,-0.418592562784522,-0.4099397567532173,-0.2203064374541536,-0.0785812185498825,24.0,-0.0130994971808699,0.3127478986231201,0.16391556,127.0,0.16391555964946752,0.16391555965091226,-0.52,-0.2534142964736838,-0.3374235900097644
2026-01-22,-0.0145662988241472,-0.1464088100576858,-0.1311377703662915,0.0365624998378131,-0.0046729548934327,-0.4923957412142684,-0.860494487296246,42.4847224059457,-0.0068415100357039,0.0859160919877616,29.664102205420505,1.1513260776433856,-0.1162637776847778,-0.0745588819648645,-0.4834696502494202,-0.3544801729517338,False,False,False,False,False,False,-0.113659587653481,-0.3781832644241024,-0.3503557093462737,-0.3566119551069812,-0.4404426615134157,-0.4304176538787767,-0.4285332952980013,-0.2315813704993393,-0.0919056008027061,20.0,-0.0092033865321482,0.3094438658199692,0.16391556,127.0,0.16391555964946752,0.16391555965081905,-0.6,-0.34006072235526286,-0.35436400355752157
2026-01-23,0.0039080849481381,-0.1486350942954304,-0.1458464955373286,0.0336220672876816,-0.1173539042622038,-0.4926144938320906,-0.7781300902203955,42.87388997595357,-0.006769358080379,0.0830758583240459,29.981915857586728,1.1511907873539424,-0.1123375949926244,-0.0684496023002771,-0.4794006677591462,-0.0554143946878633,False,False,False,False,False,False,-0.1398652084693784,-0.2986232953421377,-0.3248836912865804,-0.4349556619934151,-0.4260069570109599,-0.4640316600918213,-0.4229672397309443,-0.2285724494897003,-0.0883497469860751,24.0,-0.0069355645164591,0.309398465464628,0.16391556,127.0,0.16391555964946752,0.16391555965073187,-0.52,-0.3850455417664471,-0.3650501968763912
2026-01-24,-0.0014566507325397,-0.1256235016287586,-0.1257739951640551,0.0830471857357506,-0.0917378285685741,-0.5312646421818904,-0.8144013876041885,42.75761797964404,-0.0064141049505187,0.0789696703741513,31.01533896299741,1.135897259990803,-0.1052233646249638,-0.0678659006875601,-0.4780690974802114,-0.4364464361239272,False,False,False,True,False,False,-0.2394839729271066,-0.3002229610049283,-0.3370997959684682,-0.468033543526013,-0.4313782065920953,-0.464531457180497,-0.4394480319057073,-0.2296953319739087,0.0309673757237214,25.0,-0.0069355645164591,0.3094164589722146,0.16391556,127.0,0.16391555964946752,0.16391555965065033,-0.5,-0.41378415632483534,-0.3737566357875918
2026-01-25,-0.0497466669145211,-0.1021613897232084,-0.1671502085211352,0.0115776233521874,-0.1958012977381418,-0.5529857120687341,-0.8399495420294241,38.96868189719007,-0.0068890099882142,0.0823823482365038,32.669923188166,1.1481759847656463,-0.1381121680895305,-0.110037778437866,-0.5008972542790607,0.7859293751099781,False,False,False,False,False,True,-0.2271165685700394,-0.2830195516338157,-0.3360220134719492,-0.4417438417013142,-0.4119834269859387,-0.4391987953512906,-0.3926831991782498,-0.2670778840389,-0.0190650247017606,25.0,-0.0069355645164591,0.3261967909810085,0.16391556,127.0,0.16391555964946752,0.16391555965057403,-0.5,-0.4353381172436265,-0.38190136896258586
2026-01-26,0.0310995397461173,-0.0718086120789718,-0.1173299023274679,0.0244741606352873,-0.1564713652437197,-0.4863246207958244,-0.8219049107802611,42.37446474914017,-0.0061681764923362,0.0780144942337622,31.65353809982949,1.151570989412806,-0.099461637619315,-0.0798620383210398,-0.4821981818965556,-0.0234279208636292,False,False,False,False,False,False,-0.2507829729779348,-0.3100944257231752,-0.3896124433719225,-0.4790691282888729,-0.4806579772268014,-0.4562551224973267,-0.4081997129129375,-0.2439262062603396,0.0119209286147719,20.0,0.0034056633278366,0.3327792314294127,0.16391556,127.0,0.16391555964946752,0.16391555965050264,-0.6,-0.47650358793271985,-0.3959722483843545
2026-01-27,-0.0130577864393941,-0.018064891062039,-0.2575167230504074,0.0345294317023117,-0.1640323514844134,-0.5087459676629633,-0.8116375244822431,41.3223743523894,-0.0056338783627525,0.0759164372219387,32.68011724373782,1.1494734151057149,-0.1030312908345505,-0.0884549404601154,-0.4863337217873053,0.2326131195517837,False,False,False,False,False,True,-0.2303133811421787,-0.3305794076975054,-0.3986386891431221,-0.4934885141094165,-0.4577873562847957,-0.4515586001502369,-0.4240944959178445,-0.253734678556765,-0.0012066238499134,29.0,0.0049026472478335,0.3343393111841277,0.16391556,127.0,0.16391555964946752,0.16391555965043586,-0.42,-0.46237769094953984,-0.39752242590794457
2026-01-28,-0.0103013125064601,-0.0541210907228068,-0.2500771535264255,0.1022533584506067,-0.1718446455624853,-0.4305011404346337,-0.8204790389345835,40.47844363971275,-0.00517186883466,0.0744290466950631,33.97547683841074,1.1145018164848075,-0.104827983701296,-0.0918167515892422,-0.4890186480095642,0.0291685227119282,False,False,False,True,False,False,-0.2250470141393152,-0.3526980543300548,-0.3316424461902779,-0.4821971451202331,-0.4660768819564136,-0.4418465285823826,-0.4261570539257341,-0.2613827307256887,0.0308042721307919,29.0,0.0054634295245835,0.3329457886641354,0.16391556,127.0,0.16391555964946752,0.1639155596503734,-0.42,-0.45178326821215486,-0.3989725919783998
2026-01-29,-0.0810993976884284,-0.120654189587088,-0.2670629996447738,0.0638644594365252,-0.218754549897576,-0.5550923076233498,-0.9505371338780144,34.73164130714476,-0.0061484222948845,0.0830833993045398,36.78080408420447,1.1421957125139817,-0.1638447719046534,-0.1579582850703279,-0.5261755356434363,0.0633088096089884,False,True,False,False,False,True,-0.2984447883520452,-0.2693847306034144,-0.2921209208181505,-0.4247735249395731,-0.4026974718553869,-0.3972335078464303,-0.3653499841649819,-0.3189195150736374,-0.0494932859926522,26.0,0.0250124230353825,0.3783813382546982,0.16391556,127.0,0.16391555964946752,0.16391555965031498,-0.48,-0.4588374511591161,-0.4042001666894708
2026-01-30,-0.0261038931429683,-0.1506661676781945,-0.2993012619736249,0.0649424471179209,-0.1830411466619041,-0.6205144141020025,-1.0082571593377918,33.18417828360532,-0.0068546443567478,0.0824102689584752,40.00249006085296,1.141853678074477,-0.1747504874341812,-0.1742303952401981,-0.5356927125545947,0.1519366807993374,False,True,False,False,False,False,-0.1845734975912869,-0.231988659299927,-0.2911038759163291,-0.4168366439199543,-0.380586388384492,-0.3622457771664487,-0.3404441750031119,-0.3364683246608453,-0.0739841673270088,16.0,0.0091801259873643,0.3772426072868782,0.16391556,127.0,0.16391555964946752,0.16391555965026033,-0.68,-0.5141280883693371,-0.4219937043224082
2026-01-31,-0.1245485761701192,-0.2737580931157741,-0.3993815947445326,-0.1703230834178107,-0.4630123969284493,-0.7640361641894028,-1.129203684396772,27.369401898218257,-0.009003723323706,0.100964662395148,46.55961080497006,1.1551559306087231,-0.2584591713051227,-0.2652198754933484,-0.5873477185108846,0.4559118734257141,False,False,False,False,False,False,-0.0798654938431692,0.0054432579129048,-0.2323744233267872,-0.3443247121633696,-0.2872987090707322,-0.2591733722100606,-0.2467834094528485,-0.414170954237093,-0.1824249063334048,20.0,0.0091801259873643,0.4382870398406104,0.16391556,127.0,0.16391555964946752,0.1639155596502092,-0.6,-0.5355960662770028,-0.433477981462898
2026-02-01,-0.0336156157849319,-0.2576270419861848,-0.3597884317093933,-0.2800988519403673,-0.4859843105724622,-0.5835731237852663,-1.1222999628908945,26.14001215932741,-0.0103093252044889,0.1035238293463118,53.01313390791451,1.120204791962389,-0.2698607232478645,-0.2832509056948379,-0.5982641051411032,-0.3080394702585971,False,True,False,False,False,False,-0.0723304198155039,-0.0613282290818723,-0.2251442651986806,-0.3084972552295356,-0.2705817753694676,-0.2291780075550863,-0.2215908356867288,-0.4335366400450775,-0.2094513955505144,14.0,0.0091801259873643,0.4374726324186728,0.16391556,127.0,0.16391555964946752,0.16391555965016136,-0.72,-0.581697049707752,-0.45196327298142075
2026-02-02,0.0,-0.2887265817323023,-0.3605351938112741,-0.320588027706964,-0.4430049076752633,-0.4941726216277699,-1.1331681405247114,26.14001215932741,-0.0104583089162537,0.1026950677551352,54.40160197275006,1.106355057356975,-0.2505905691426278,-0.2776175090919746,-0.5955379826409706,0.0,False,False,False,False,False,False,-0.0791645819649712,-0.0389208069716752,-0.1811395053766347,-0.2274765634443897,-0.2606501139583012,-0.2353446203718031,-0.2896473870502102,-0.4335366400450775,-0.2094513955505144,14.0,0.0090844105568265,0.4457052586278814,0.16391556,127.0,0.16391555964946752,0.16391555965011662,-0.72,-0.616272787280814,-0.46925596504713557
2026-02-03,0.0138969598198687,-0.2617718354730393,-0.2798367265350783,-0.485736287387801,-0.39950364200602,-0.5635739601107012,-1.170328973432239,27.682135681261983,-0.009631294375033,0.1001263148751114,54.290402402403394,0.8758461833541662,-0.2208225450799575,-0.2621319809385999,-0.5872869489529996,0.0661579903003828,False,False,False,True,False,False,-0.130268636739608,-0.0756756294394052,-0.180899661273084,-0.2415581462064714,-0.2712190627861452,-0.2340115009715339,-0.2386358280098951,-0.4256095679675113,0.050408828316611,17.0,0.0003180985386806,0.4589857541549431,0.16391556,127.0,0.16391555964946752,0.16391555965007476,-0.66,-0.6272045904606105,-0.48156203181828816
2026-02-04,-0.0034823919078776,-0.2549529148744568,-0.3090740055972636,-0.4996259800180264,-0.4246106302872848,-0.535749936062548,-1.0878408341899346,27.526231617531067,-0.008488617441141,0.0969972323829677,55.33103925858709,0.8718680793616441,-0.2064595786686908,-0.2589217931038443,-0.5858786689667891,-0.2100254857531718,False,False,False,False,False,False,-0.1647210121385192,-0.1077985747106428,-0.1356817243930366,-0.2729949234008261,-0.2682819545882223,-0.1939335315152818,-0.3269929515854806,-0.4276063417676071,0.0467572549079975,14.0,-0.0097607958764935,0.4537218421085794,0.16391556,127.0,0.16391555964946752,0.1639155596500356,-0.72,-0.6504034428454579,-0.496945126539689
2026-02-05,-0.1806021602217344,-0.3544556774077628,-0.4751098669948509,-0.7099714459236934,-0.5741455660412025,-0.8390849656815887,-1.2799259100351923,21.38326413258467,-0.0097511126704831,0.1229384851948305,59.82744045255895,1.0260606400939325,-0.3178494213233003,-0.3759076857131559,-0.6513730476926944,0.6053214673027021,False,False,False,False,False,True,0.0414223389209363,0.0447520201463476,0.0346907828029794,-0.1655061390862772,-0.1380439988762522,0.0679289916320779,-0.2642703114976972,-0.5221844362481941,-0.1262011717430785,12.0,-0.0261610615707676,0.6757192839034455,0.16391556,127.0,0.16391555964946752,0.16391555964999896,-0.76,-0.6778025821340934,-0.5139164086984187
2026-02-06,0.124307797480451,-0.2040439867843434,-0.3547101544625378,-0.5067963798697359,-0.5055042330522076,-0.706071440306641,-1.102761468477688,32.26871105122106,-0.0080644617017812,0.1191127503532435,59.86468869764434,1.1281482797270452,-0.2087861919185761,-0.2892461045103448,-0.6018627970880203,0.2536492864176842,False,False,False,False,False,False,-0.0581476829224694,-0.0374412149277936,-0.1943782360404763,-0.2393068938437434,-0.1497479049974684,-0.0656649076733287,-0.3507186671334402,-0.4589386867407994,-0.0105413523394178,9.0,-0.0065749908968655,0.8143396488066651,0.16391556,127.0,0.16391555964946752,0.16391555964996468,-0.82,-0.71335193660057,-0.5336637371694885
2026-02-07,-0.0037400066669668,-0.083235417281191,-0.356993510396965,-0.485679846547658,-0.6260849162991268,-0.7200901810142124,-0.6786425113264678,32.11577496157064,-0.0064058018343236,0.115306041778341,61.21136636323212,1.1286765769675982,-0.1957020440537701,-0.2866004756015017,-0.5998195857100727,-0.4257254951646073,False,False,False,False,False,False,0.0927133491736846,-0.0526979779395128,-0.2398057855143008,-0.2574373865689475,-0.170002369806297,-0.0360587890430051,-0.3226212097281123,-0.4609584802846201,-0.0142350227968084,6.0,-0.0065749908968655,0.8147606409124171,0.16391556,127.0,0.16391555964946752,0.16391555964993262,-0.88,-0.7550139524504275,-0.5560080121908119
2026-02-08,-0.0254598639382791,-0.0750796654345381,-0.3327067074207231,-0.5297565206051126,-0.5418605448868015,-0.7809147889400361,-0.7455063647732966,31.05245611682373,-0.0051561884996428,0.1128885032969756,62.04497821148891,1.122020351369171,-0.198773056714876,-0.2994796602607434,-0.6067371061016774,-0.3775234639243342,False,False,False,False,False,False,0.011860031813745,-0.0739245567419762,-0.2213788261997808,-0.2465468474035391,-0.1285869494078547,-0.0126805803363748,-0.3058602790898015,-0.474509172680718,-0.0390156704693289,7.0,-0.0065749908968655,0.8187111393475596,0.16391556,127.0,0.16391555964946752,0.16391555964990262,-0.86,-0.7812604643378206,-0.5756203985010822
2026-02-09,-0.0073942924628202,-0.0824739578973584,-0.3712005396296605,-0.5156216619621196,-0.5773590042568524,-0.7105978684943279,-0.8936908812128768,30.73932963661794,-0.0039488058642926,0.1095178264295596,63.85535289394765,1.1224897799537246,-0.1899628446899889,-0.2997209071135832,-0.6069147729517196,0.0955538256502677,False,False,False,True,False,False,0.0437035481097938,-0.1152592769410509,-0.2449243909107721,-0.1756936566404981,-0.1238479509676316,0.02483768411888,-0.3151364206926756,-0.478380475134382,0.2223836736507944,14.0,-0.00060140559428,0.8186436372957355,0.16391556,127.0,0.16391555964946752,0.16391555964987456,-0.72,-0.7659453482533654,-0.5849352115010125
2026-02-10,-0.0431999751595985,-0.1395708928768256,-0.401342728349865,-0.550451183564277,-0.5865982454373684,-0.7233245533628823,-1.026650941691397,28.94844732870748,-0.0033254510986196,0.1111999620893874,65.04221885987977,1.1256164747616924,-0.2069620194308029,-0.324386428762405,-0.6207130348019184,-0.0091493083150522,False,False,False,False,False,False,0.0627699650792724,-0.101668939121703,-0.2433583733233837,-0.1136414358247807,-0.0826625722357004,0.0654100477473465,-0.3191208435994998,-0.5004346265046581,0.1707011094711003,9.0,0.0004005915356673,0.8180010932435062,0.16391556,127.0,0.16391555964946752,0.1639155596498483,-0.82,-0.779459011190024,-0.6001006817267536
2026-02-11,-0.043900991767677,-0.1799894927366251,-0.4349424076110818,-0.575631408884404,-0.6485949171957889,-0.7574828281626637,-1.0329150131244296,27.283011700423785,-0.0030767230095442,0.1130292803477292,66.52264685148862,1.1291424568244022,-0.2231226466071589,-0.3487772317204852,-0.634275145994535,0.122540023409605,False,False,False,False,False,False,0.0681478143890722,0.0325282633253708,-0.2000597891856314,-0.0838646091138266,-0.095974146926175,0.066141642880344,-0.2420307195685982,-0.5218916044933165,0.1204179848392576,11.0,-0.005025151011647,0.8187026085309105,0.16391556,127.0,0.16391555964946752,0.16391555964982374,-0.78,-0.779594258392518,-0.6117070893572856
2026-02-12,0.0399747448870037,0.0405874123721131,-0.3138682650356498,-0.6627856982809457,-0.5639823659242623,-0.6258466682196459,-0.9219969662901693,31.15904063339389,-0.001935237478969,0.1039232818969762,65.68910434362274,1.0229257841239137,-0.173041197120973,-0.3176013733971228,-0.616283735070038,0.046583944972617,False,False,False,False,False,False,0.0031972439047748,-0.0311192376714407,-0.2126821062260226,-0.1339156074262838,-0.0660148770646395,0.0011538276442075,-0.27164469427434,-0.5023921980247685,0.1661136595154968,5.0,-0.0123705968071007,0.7946818126156194,0.16391556,127.0,0.16391555964946752,0.16391555964980076,-0.9,-0.8096956937943884,-0.6303066319793963
2026-02-13,0.0238135924857456,-0.0599067926225924,-0.2639507794069358,-0.6212312237647583,-0.5234022542233797,-0.6517601155355306,-0.8612755735455253,33.50644227647656,-0.0004974055635694,0.0977381162022857,63.00635634461178,1.0353446422327044,-0.1343597439896569,-0.297314595640818,-0.6042148230778098,-0.2986540888329382,False,False,False,False,False,False,0.0219848352222838,-0.0769718016956835,-0.2406839259060041,-0.2294721197551288,-0.1248190668193173,-0.0036603636172895,-0.2748398359157107,-0.4904001484258103,0.1942162993604174,9.0,-0.0067863320076393,0.8085701228718364,0.16391556,127.0,0.16391555964946752,0.16391555964977927,-0.82,-0.8122717703457912,-0.6425449137871772
2026-02-14,0.1448307001623818,0.0886639142067562,0.0054284969255652,-0.4122869720322961,-0.3965868837611028,-0.4732352455998764,-0.6844960555959271,46.5138827081497,0.0029181491947588,0.090202531714457,59.59896879969621,1.172522274915407,0.0129252261059909,-0.1847597121832288,-0.5395279892581551,0.3328697932641458,True,False,False,True,False,False,-0.1330736255973794,-0.2365301864307619,-0.3478743999958003,-0.3130352789928388,-0.2176896608244578,-0.1997337786688117,-0.3564276060554272,-0.4109821356481345,0.2509915876589035,9.0,-0.0067863320076393,0.8129770837156932,0.16391556,127.0,0.16391555964946752,0.16391555964975918,-0.82,-0.8142038277593434,-0.6539936290267141
2026-02-15,-0.1023335253297036,0.0117902528153316,-0.0632894126192064,-0.5207548665478826,-0.4282340519201643,-0.520358101190068,-0.805880122733476,40.37726236246085,0.0036036623291019,0.101761902937673,54.24527624684863,1.209826395675874,-0.0676173722462291,-0.2598372985231276,-0.5815453671085448,0.0979792140886781,True,False,False,False,False,False,-0.0847791056653889,-0.1745189758466664,-0.2633178431539534,-0.2583267737319401,-0.0523608684959628,-0.1439696919923062,-0.2723373973784771,-0.4682768347508801,0.1293056576848582,8.0,-0.0067863320076393,0.8122235749431385,0.16391556,127.0,0.16391555964946752,0.1639155596497404,-0.84,-0.8206528708195076,-0.6659940400572487
2026-02-16,0.0235909461094205,0.0427754913875724,-0.039698466509786,-0.4726956770392507,-0.3328250867541773,-0.5675200078796458,-0.811314093661592,42.19668408173998,0.0044710109396506,0.0953455013882942,47.17165271723933,1.217858757745545,-0.0281612155159299,-0.2384259134986406,-0.5688834816282692,-0.2652090148067545,False,False,False,False,False,False,-0.1523064909942439,-0.1479781265025972,-0.1961916955860654,-0.2527571116981836,-0.0880796456932158,-0.1853284063332393,-0.2795363623322918,-0.4555838511344096,0.1562637801587314,12.0,-0.0067863320076393,0.8129589560850552,0.16391556,127.0,0.16391555964946752,0.1639155596497228,-0.76,-0.8054896531146307,-0.6720589406987166
2026-02-17,-0.0250967922243155,0.0608786743228554,-0.0786922185539703,-0.4245836904434947,-0.4368272850011886,-0.5452587736042638,-0.8556169460947193,40.77232713490591,0.0046718935587183,0.093434306887218,37.856068568155095,1.2007342653300468,-0.034346676739166,-0.2544664718178213,-0.5770609031171875,-0.0218560881848239,False,False,True,False,False,False,-0.154726713780164,-0.1138388591548888,-0.179463532554551,-0.2258755154016228,-0.1181426224644084,-0.1618229241322988,-0.2743155508516118,-0.1237718407002951,0.1276063768964949,10.0,0.0065711364768499,0.8134084181516277,0.16391556,127.0,0.16391555964946752,0.16391555964970633,-0.8,-0.804117239835973,-0.6803132025891221
2026-02-18,-0.0388535321433161,0.0659261339472162,-0.1140633587894087,-0.4641839846886917,-0.4464588573523814,-0.5350529062184453,-0.8664765231019171,38.66475690705629,0.0042473315354532,0.0944939655372452,31.78303810798944,1.2024932203030287,-0.0565266613516502,-0.2802852223435779,-0.5907983103213726,0.120086141822558,False,False,False,False,False,False,-0.0333470242450235,-0.0312520792861889,-0.1851558896990185,-0.1824379578003718,-0.1219518463388586,-0.1461517269218156,-0.2509018677834683,-0.1571635070050033,0.0846350851606971,8.0,-0.0073825709842165,0.8135971778450456,0.16391556,127.0,0.16391555964946752,0.16391555964969093,-0.84,-0.8130879298769798,-0.6906155766156303
2026-02-19,-0.02275924547132,0.0031921435888923,0.0437795559610054,-0.4201417227036849,-0.4528190402204616,-0.416420720165178,-0.820104584146657,37.47973040777242,0.0036852616879129,0.0930265033269673,25.15348109669577,1.1885639686077292,-0.0635416310431607,-0.2940406643010246,-0.5974723555465491,-0.2904868010745557,False,True,False,False,False,False,-0.0342071130923809,-0.0096302635930379,-0.2012517374248983,-0.172296250259388,-0.0789127290484366,-0.1035172465768557,-0.2514214449937904,-0.1761291886870704,0.0602284013764419,9.0,-0.0148888042358747,0.8056335333042813,0.16391556,127.0,0.16391555964946752,0.16391555964967652,-0.82,-0.8148159474077348,-0.6989629587694607
2026-02-20,0.0423681022339164,0.0217466533370634,-0.0381601392855289,-0.403528507624076,-0.3936351636933614,-0.3861978490789407,-0.8433650139537917,41.13260330639155,0.0039741079171009,0.0871161830326121,23.652169839259425,1.1969417504383684,-0.0170178048603681,-0.259849333262566,-0.5773030298759697,0.1820545948028755,False,False,False,False,False,False,-0.0968278916745805,-0.1630414926823508,-0.2097177669006541,-0.1958295881144316,-0.1295761407263321,-0.1166220428988505,-0.2818771867268011,-0.1404733442211972,0.1061134339066464,7.0,-0.0046638662491888,0.8068970935257316,0.16391556,127.0,0.16391555964946752,0.16391555964966306,-0.86,-0.826111960555801,-0.7093524453004632
2026-02-21,-0.0197171789330211,-0.1428012257583396,-0.0541373115515833,-0.40867938773295,-0.3721168878951366,-0.4133523426263825,-0.9010751289472184,39.94953707498927,0.0038926849971023,0.0848746752792099,23.082563827073702,1.1971369891753474,-0.0311048868181742,-0.269337723277748,-0.583019245182776,-0.4363290425380652,False,False,False,False,False,False,-0.1193371938933939,-0.1975165292773341,-0.2161289682292704,-0.1802271726415858,-0.1428758671709862,-0.1400402293997582,-0.2762829218830374,-0.157254799938624,0.0845176014973113,8.0,-0.0046638662491888,0.806750398513938,0.16391556,127.0,0.16391555964946752,0.16391555964965046,-0.84,-0.8295839704168507,-0.7177813197972075
2026-02-22,-0.0481221278404436,-0.0885898282690795,-0.0767995754537478,-0.4607096005215317,-0.42708753323385,-0.5780635047837356,-0.9533240943536224,37.22877779689348,0.0031919934179571,0.0866723814171308,23.105549235684204,1.2012965589753648,-0.0695804373451743,-0.2977596209830377,-0.6000022918258179,0.141217470786275,False,False,False,False,False,False,-0.0980526895056528,-0.1592248995816648,-0.1864019739625757,-0.1393490128527987,-0.1503838217418431,-0.0852885664971547,-0.2291670917467719,-0.1968491689904783,0.0335641340034721,9.0,-0.0046638662491888,0.8061514773320919,0.16391556,127.0,0.16391555964946752,0.16391555964963866,-0.82,-0.827187977812638,-0.7243760733586779
2026-02-23,-0.053055362201847,-0.165236136580347,-0.1224606451927746,-0.512308311990839,-0.4292611262550884,-0.6040461405594132,-1.0435729541727294,34.57111704033282,0.0021006403169954,0.0900627732279159,23.68334252771374,1.2072496167633406,-0.1080314063786895,-0.3248471409569658,-0.6179446466586936,0.6617414658463225,False,True,False,False,False,True,0.0051060488792975,-0.1465571896831087,-0.0683074466048066,-0.1075671815622683,-0.1062282256813301,-0.064360486083048,-0.2150744320995634,-0.2383499726518127,-0.0198426988609848,5.0,-0.0150548684506955,0.8159583475490498,0.16391556,127.0,0.16391555964946752,0.16391555964962765,-0.9,-0.8453909833594785,-0.7357066492710214
2026-02-24,-0.0279559439117217,-0.1680952882677532,-0.1072166139448978,-0.4905175889880396,-0.478939965635852,-0.6863188867261815,-1.0435033010567738,33.276733910611824,0.001160699932104,0.0892363632270673,24.549627532795576,1.2022098987688172,-0.122134660955858,-0.3338198035922342,-0.6256902993806778,-0.2188117866749976,False,True,False,False,False,False,0.0483723492648521,-0.1577251865956311,-0.0133274882996611,0.0250981468788262,-0.0841211713453606,-0.0081536994783494,-0.2329476616586031,-0.2593477443103805,-0.0468644522382567,8.0,0.0083525618978053,0.8133377614439443,0.16391556,127.0,0.16391555964946752,0.16391555964961732,-0.84,-0.8440432375196089,-0.7424352525438588
2026-02-25,0.0953260413363658,-0.033915714788071,0.032010419159145,-0.426291087397791,-0.4018169267625037,-0.5827624526415108,-0.9126157081936156,41.58608884375795,0.0019567742243448,0.0868376846991244,23.995881268146025,1.253878383474806,-0.0358270239655336,-0.2566368309650692,-0.5850803964755981,1.0498224657287365,False,False,False,False,False,False,0.0021672151344679,-0.2252607127304456,-0.1127260885472921,-0.0937025623722486,-0.1672185447747873,-0.0936184878713832,-0.330051435081436,-0.1852695959714981,0.0484657326788401,11.0,0.0159570312234871,0.8423655715488876,0.16391556,127.0,0.16391555964946752,0.16391555964960766,-0.78,-0.8280324281397067,-0.7448587846378034
2026-02-26,-0.0236494012275748,-0.0348058705443258,-0.0316137269554333,-0.4368827021859716,-0.4023532704836599,-0.6009150536703851,-0.945628669848935,40.20022102223111,0.0022330754290223,0.0875278179600088,24.054639545211643,1.2543001097391315,-0.0529104724027135,-0.264799332373642,-0.5916154740694686,-0.3704538038775223,True,False,False,False,False,False,0.0254473291660242,-0.187394440692808,-0.106098060516536,-0.0502010490581933,-0.151081540173182,-0.1085705534535937,-0.2613546539022988,-0.2043114307031634,0.0239610485468037,11.0,0.0095462135972645,0.8398450911986385,0.16391556,127.0,0.16391555964946752,0.16391555964959864,-0.78,-0.81602432110478,-0.7471259598224613
2026-02-27,-0.0246681747958671,-0.1018421475741094,-0.0800954942370461,-0.4512495644753787,-0.3489962060247719,-0.6230942100378639,-0.8817507049100124,38.78303789826468,0.0021582125905238,0.088088160187134,24.45039624433174,1.2546867743970114,-0.0697133383479405,-0.2737267737081905,-0.5987907817232094,-0.1688930305285075,False,False,False,False,False,True,-0.0733122739258828,-0.177364163425423,-0.1652173989262752,-0.0283965270165531,-0.123546608346809,-0.0989098480644607,-0.185712082931807,-0.2236994981383616,-0.0009891978514646,13.0,-0.0003532183519071,0.8404483950003255,0.16391556,127.0,0.16391555964946752,0.1639155596495902,-0.74,-0.7970182408285851,-0.7466662204790767
2026-02-28,-0.0449554976155958,-0.1270804662566841,-0.2698816920150236,-0.4151056644025461,-0.3512412049660208,-0.6338602143001222,-0.970197972025896,36.35372269805607,0.0016150852490657,0.0935275653742586,26.16448949025104,1.2369446001717688,-0.1038923466169119,-0.2960263635309703,-0.6134109203620685,0.5749168548040344,False,False,True,False,False,False,-0.0887732908007885,-0.1458397065425569,-0.1002070955555058,0.0190631665128945,-0.0870916039889232,-0.0388030265014463,-0.1136456916392563,-0.1410868090274108,-0.0449056857933718,11.0,-0.0003532183519071,0.8306410711036627,0.16391556,127.0,0.16391555964946752,0.1639155596495823,-0.78,-0.7927636806214389,-0.7488167868997815
2026-03-01,-0.0242408362955318,-0.1031991747117723,-0.1917890029808518,-0.4132426075551095,-0.3483001604371887,-0.5962837542170137,-1.033757021657112,35.119789387844506,0.0010774749690839,0.0964095806173113,28.286433979936177,1.2367291049661933,-0.1180875053555154,-0.3034073151728608,-0.6194877789216454,-0.0819751157874779,False,False,False,False,False,False,-0.0678223765005565,-0.1075722696331691,-0.1015260138429375,-0.0152759503408917,-0.0358994578471268,-0.0029417200338251,-0.0773724579514702,-0.1616572534071509,-0.0677796091121493,14.0,-0.0003532183519071,0.8314887989719412,0.16391556,127.0,0.16391555964946752,0.1639155596495749,-0.72,-0.774572760466079,-0.7469576393578601
2026-03-02,0.0552368697269189,0.0050930572169938,-0.1601430793633532,-0.2334571616580711,-0.4037802450758819,-0.6964695585865207,-0.997493325847474,40.18066650050747,0.0015570739721679,0.0923097611471504,28.999465679369774,1.1922407284026917,-0.0646472259068611,-0.2543228364787275,-0.5949740455140543,-0.0676081360599407,False,False,False,False,False,False,-0.1508927726895208,-0.0565872433363239,-0.1229768723724036,0.0019484925699737,-0.0643665477024032,-0.0487185361521812,-0.1759951878025818,-0.1140470086151551,-0.0148379677719686,10.0,0.0028711724527627,0.8230296595780847,0.16391556,127.0,0.16391555964946752,0.163915559649568,-0.8,-0.7809295703495593,-0.750379727141224
2026-03-03,0.0141898167678271,0.0472388178965426,-0.1208564703712105,-0.185651729105312,-0.4657505810456793,-0.6716360396777743,-0.7692248528905784,41.487790231274936,0.0021390927558301,0.0883261751391842,29.204614425153164,1.1908633163252609,-0.0505502070796161,-0.2343187015089995,-0.5863945431492201,0.0451756069514057,False,False,False,True,False,False,-0.196588107274104,-0.0740550114137001,-0.1264292136979593,-0.0520556600364065,-0.0719281102287624,-0.0627931335377737,-0.17765660546863,-0.1013858809047625,0.1180019410029479,14.0,-0.013533491980725,0.8208924223152706,0.16391556,127.0,0.16391555964946752,0.16391555964956153,-0.72,-0.7656971777621695,-0.748419744745016
2026-03-04,0.0502520935510737,0.0021648701112505,-0.0317508446768205,-0.1353996355542383,-0.4559876632612024,-0.5784045432295017,-0.6295722571820082,46.12503107592197,0.0032375513933542,0.0848857613452146,29.210821830088936,1.2069414646468777,-0.001329263195916,-0.182330571032729,-0.5621032229326023,0.1248518455471887,False,False,False,False,False,False,-0.2269361084960237,-0.1588687904480117,-0.1560631773049724,-0.0685940085620541,-0.1244739692380517,-0.1866503261119879,-0.1971552461958692,-0.0550747702661352,0.175619454998964,10.0,0.0046325932308811,0.8488687868285836,0.16391556,127.0,0.16391555964946752,0.16391555964955548,-0.8,-0.774272883321627,-0.7517475031485634
2026-03-05,-0.000685335252836,0.0251289360859893,-0.0096769344583366,-0.1499819306269431,-0.6357182180147442,-0.5494855726329632,-0.7135558907376444,46.07006646159704,0.003914254551293,0.0836815185095899,29.13671962749765,1.2052124165149718,-0.0004791829113447,-0.1704391671585195,-0.5592624003702398,-0.2622491903611061,True,False,False,False,False,False,-0.2075599241473789,-0.193484783296245,-0.1642477356552699,0.0191959641635491,-0.1100644130160896,-0.1154370174383612,-0.1469405815344443,-0.0557221389797273,0.1748140375645382,22.0,-0.0086526035042053,0.8427343872209773,0.16391556,127.0,0.16391555964946752,0.16391555964954982,-0.56,-0.7207046624912202,-0.7393766964938174
2026-03-06,-0.1259357461263886,-0.0761386352445321,-0.1779807828186416,-0.2724352848454539,-0.7720612648634804,-0.6970459151327388,-0.8081852209080019,37.71605711443046,0.0026724137897263,0.0999636092101052,25.5369030188366,1.2768311965959134,-0.104895662321082,-0.2572920409231877,-0.6086817692341293,0.4065951414372055,False,False,False,False,False,False,-0.112283659934024,-0.0557689226051302,-0.0391752938113535,0.1389646259808522,0.0584930144306713,-0.1162350907009861,-0.071135370101689,-0.1674571258495936,0.0358000497538146,18.0,-0.0301217579068311,0.8446845666974994,0.16391556,127.0,0.16391555964946752,0.16391555964954452,-0.64,-0.7005284968684152,-0.7329652967200228
2026-03-07,-0.0617804175347946,-0.0929635551637309,-0.220044021420415,-0.153613542158514,-0.8635849880822076,-0.7277591081997166,-0.9926985078401028,34.69185887960042,0.0011834580482779,0.1038306862921954,27.92726233829665,1.1353633173456048,-0.1478523100247859,-0.2900477451787853,-0.6296457999743647,-0.486575244323016,False,True,True,False,False,True,-0.0626259252123091,-0.0231935480679435,0.0215448134030456,0.142570942795514,0.245248107568869,-0.1421096257630555,0.0004726361526661,-0.200091776635093,-0.02625546534717,12.0,-0.0301217579068311,0.6506933046086739,0.16391556,127.0,0.16391555964946752,0.16391555964953955,-0.76,-0.7153963726513115,-0.7347094711251827
2026-03-08,-0.0015091804330994,-0.0702318993012983,-0.1734310740130708,-0.2794305200720646,-0.7862268999418005,-0.7849347531242722,-0.9855019603787056,34.6211151669842,0.0003206665534268,0.0995964312980639,28.445357573858114,1.0352452429086412,-0.1370003883113304,-0.2795283014593012,-0.627515999002681,0.1354446099825341,False,True,False,False,False,False,-0.0426419730859762,-0.032323833528596,0.0236399564151896,0.0959347826671109,0.2355427981609469,-0.1414056034158455,-0.034459576566312,-0.2012980719864431,-0.0277239131906151,12.0,-0.0301217579068311,0.5031278850384633,0.16391556,127.0,0.16391555964946752,0.16391555964953491,-0.76,-0.7265472794884835,-0.7363411181493645
2026-03-09,-0.0381010332541945,-0.163569802282412,-0.1584767450654182,-0.3137915466592921,-0.7994713932069504,-0.939876462958419,-1.0338817276735046,32.83619672971092,-0.0005114215006242,0.1004098740894616,30.27111428748295,1.0398442797054963,-0.1570790484756408,-0.2961033248572777,-0.6388683267336502,0.5383704594221557,False,False,False,False,False,False,0.1110643347741918,0.0916871548185486,0.0456855546142137,0.1674277465521987,0.3192541987044838,-0.0729363958904125,-0.0315010132999102,-0.2311570006209881,-0.0640717937589256,8.0,-0.0164718592458763,0.5170029186470738,0.16391556,127.0,0.16391555964946752,0.16391555964953058,-0.84,-0.7549104596163626,-0.7430287879461798
2026-03-10,-0.0411281351216368,-0.218887754171876,-0.1716489362753334,-0.3294598178426499,-0.8592163384477625,-0.8713203627294513,-1.110374606782686,31.04767859089272,-0.0012953706654118,0.1028431594886853,33.74999186631148,1.0441164489855437,-0.179391197365334,-0.3138123769604961,-0.650581664204142,0.1890845426771894,False,False,False,False,False,False,0.1525159099209515,0.1714377492926954,0.2170590056415299,0.1992838149560801,0.3725881974173638,-0.0349951907109002,-0.0375693556570637,-0.262136645107921,-0.1017839445075961,13.0,-0.0142604666237262,0.5205471489890098,0.16391556,127.0,0.16391555964946752,0.16391555964952653,-0.74,-0.7511828447122719,-0.7428333822722327
2026-03-11,0.0117462678633956,-0.2573935798595542,-0.2552287097483037,-0.3103192575164341,-0.8259409194785536,-0.8876782617732867,-1.020917126010762,32.16741583840599,-0.0014422273613655,0.0986029772290492,36.34418800225731,1.0470745708792564,-0.1590385964096636,-0.2960588457028127,-0.6436498017035213,-0.2914094796591346,False,False,False,False,False,False,0.0880487612939582,0.1452548309248185,0.1698095766149318,0.1443806541655772,0.3977356028091524,-0.0659416386623466,-0.0476506735410203,-0.2534184013226461,-0.0911710491907171,15.0,-0.0154966942224962,0.5206953322777048,0.16391556,127.0,0.16391555964946752,0.16391555964952273,-0.7,-0.738387133534204,-0.7400699382546694
2026-03-12,0.0240698544510358,-0.2326383901556823,-0.2075094540696931,-0.2430494279057997,-0.7935006114700768,-0.8296476733431682,-0.966373981268682,34.55515181931179,-0.0010445089245646,0.0928496655391082,36.202556330107065,1.0467977893621163,-0.12615525537435,-0.2684633169003349,-0.6322245055068468,-0.1159518598659316,False,False,False,False,False,False,0.0177617731359558,0.1000440856515716,0.1688314706480503,0.0553511272623056,0.3585380717355196,-0.1317894380881611,-0.0953064785912728,-0.2352302762561222,-0.0690302749596333,18.0,-0.0213525936806782,0.516229630653842,0.16391556,127.0,0.16391555964946752,0.16391555964951918,-0.64,-0.7137903501506531,-0.7336138132059811
2026-03-13,-0.0124003798541354,-0.1191030238834293,-0.1952416591279614,-0.2115488159922582,-0.7871802248766623,-0.8601437331880472,-0.9690316441549218,33.889442153586145,-0.0007154512362884,0.0938951762968055,36.21641248619205,1.0389761755752764,-0.1248524715854174,-0.2670369004652327,-0.6343428232759245,0.3524587079967913,False,False,False,False,False,False,0.0636630585449104,0.0147656641725292,0.1810857608989722,0.065969075347729,0.3173142518160404,-0.0634605240130396,-0.1039858103294743,-0.2446551545249856,-0.0805033707923878,15.0,-0.0351562658193292,0.5069987172403937,0.16391556,127.0,0.16391555964946752,0.16391555964951585,-0.7,-0.7103427626129899,-0.7314451800959179
2026-03-14,-0.0073502440371687,-0.0646728503858035,-0.1576364055495344,-0.2588738049164308,-0.9216595031973764,-0.8228561708406932,-0.8847204731360766,33.48174192364657,-0.0003898457446307,0.0901872209408292,37.13128885223151,1.0250360236887834,-0.121070678337474,-0.2615695062930126,-0.6344481010502636,-0.4562306549935019,False,False,False,True,False,False,0.0420668527165067,0.0534239431832412,0.1930584625843035,0.0700573355516197,0.2969650619867973,-0.0564373244601869,-0.1031382493425646,-0.2501867692082548,0.0267168817958648,16.0,-0.0351562658193292,0.504672573030425,0.16391556,127.0,0.16391555964946752,0.16391555964951274,-0.68,-0.7027570719597425,-0.7281261362187619
2026-03-15,0.0195858262681566,-0.0435778436845474,-0.1138097429858459,-0.2631015711340196,-0.8843327948987778,-0.7865038253573994,-0.9148616866695504,35.71467690239959,0.0002061273223558,0.0842808518024233,38.11238730053272,1.0234567224914328,-0.0964723600128889,-0.2358407836761913,-0.6245527466099773,0.142074592074592,False,False,False,False,False,False,0.0107777229284221,0.0067750648982481,0.1034216174057467,0.0495270383347872,0.2961968696572311,-0.0565964653391251,-0.1122158168934382,-0.2353562981045145,0.0470241989008426,15.0,-0.0351562658193292,0.4924077970051674,0.16391556,127.0,0.16391555964946752,0.16391555964950982,-0.7,-0.702067803969807,-0.7263115467852934
2026-03-16,0.1107952264987766,0.1053184160684236,-0.0582513862139883,-0.2971370447976247,-0.709424016829921,-0.6937239285587276,-0.770372290397501,47.237338216879415,0.0019998610251373,0.0789028717803426,38.037261529722926,0.9643440654121004,0.0106923545112587,-0.1363561487659832,-0.5774730414425152,2.061011338470647,False,False,False,False,False,False,-0.0174401961697216,-0.070371773719557,0.062046792872831,-0.0647235404137608,0.0771581331026516,-0.1337517192408786,-0.1913673890762821,-0.1457659643491637,0.1696999591234471,23.0,-0.0194136482998071,0.4994150221111277,0.16391556,127.0,0.16391555964946752,0.1639155596495071,-0.54,-0.6615508529773553,-0.7142914469926939
2026-03-17,-0.0044992506930323,0.1419473004970281,-0.0769404536748478,-0.1993027701609534,-0.7200576367088359,-0.6275368220811176,-0.7196608713510214,46.85024391282021,0.0031210757748304,0.0764334664327325,36.05788379646355,0.9048680502778848,0.0129418994885192,-0.1292196604339139,-0.5765194793505085,-0.4648105717470396,True,False,False,False,False,False,0.0164178552407504,-0.0565629739669764,0.0237588103488539,-0.0536678394476016,0.0448290392663022,-0.1118503505132558,-0.1922621222568719,-0.1496007441392295,0.164449007304055,28.0,-0.0035567784823577,0.498810951698775,0.16391556,127.0,0.16391555964946752,0.16391555964950455,-0.44,-0.6061631397330165,-0.6965952246060686
2026-03-18,-0.04581506783838,0.0843859647952527,-0.1730076150643016,-0.2687087841087539,-0.7414044611480045,-0.6015338708629312,-0.8362287919883997,43.0751881415724,0.0032692909058767,0.0820433393476741,34.646012132308854,0.9080596948928428,-0.0249385352772658,-0.1570899836304237,-0.5926272001953494,-0.0407028441278702,False,False,False,False,False,False,0.0525767517650846,0.0033355237698689,0.1073254456151266,-0.0134586761721539,0.0658137422192231,-0.0574360861910769,-0.1629552679503303,-0.187682816354242,0.1123033464497693,26.0,-0.0255276495314773,0.5173079224215128,0.16391556,127.0,0.16391555964946752,0.16391555964950216,-0.48,-0.5746223547997624,-0.6826213391476126
2026-03-19,-0.042710234202797,0.0176058761414197,-0.2150325140142625,-0.2863222260872353,-0.7109059165307302,-0.723149511088424,-0.8315809996914991,39.98100823555232,0.0028508202504997,0.0840516725833234,34.05151255213332,0.9140584657168932,-0.0577986900071853,-0.1810567043864547,-0.6069448003542574,-0.2430475803581598,False,True,False,False,False,False,0.0808463381976759,0.0362510799987972,0.2637033289080708,0.0612838731007988,0.1160507445841514,-0.0337355994056867,-0.1019932467277766,-0.2216466099217358,0.0657968315023679,23.0,-0.0261428296494893,0.5168565931625274,0.16391556,127.0,0.16391555964946752,0.16391555964949994,-0.54,-0.5659667660998218,-0.6734199624284117
2026-03-20,0.0317124104721069,0.0617186664676622,-0.0573843574157669,-0.2157562834718121,-0.679940268160504,-0.6622151408241936,-0.7508091896902576,43.22411550722059,0.0029297622407413,0.0791326363338768,33.78110286864423,0.918708113759482,-0.0230408129005899,-0.1452070850524854,-0.5915878202925069,0.0095535147368317,False,False,False,False,False,False,-0.0459707554752091,0.0175736948200841,0.2062350554307656,0.0544634279824109,0.0594548848894605,-0.0705190834698748,-0.1373014611577268,-0.1965675914059134,0.1001374521151528,11.0,-0.0405588117716246,0.5137115217601164,0.16391556,127.0,0.16391555964946752,0.16391555964949786,-0.78,-0.6194750745748663,-0.6802960938846433
2026-03-21,-0.0278628111544358,0.0412060993503952,-0.0234667510354082,-0.2208598491549279,-0.6410015718586128,-0.6736788893753894,-0.637280569320106,41.11784058334021,0.0026410389759123,0.0793792871660245,33.97420366206158,0.9199681632335284,-0.0455069419485368,-0.1595044488999388,-0.5998565314787166,-0.2494783582696894,False,False,True,False,False,False,0.0108986198314708,0.0458006408357559,0.1697004463223873,0.0908640347176445,0.1180472371951517,-0.0664112811401863,-0.1121947547398524,-0.1032779492225638,0.0699076296439225,12.0,-0.0405588117716246,0.5223402498215768,0.16391556,127.0,0.16391555964946752,0.16391555964949592,-0.76,-0.6546063059311498,-0.6854382813759567
2026-03-22,-0.0109002158430393,0.0107200572391992,-0.0328577864453482,-0.2741281672318837,-0.6776566748559598,-0.6677633309252452,-0.6603260163108245,40.30626831058069,0.0023239068471968,0.0786755745403736,33.110683685153695,0.902320235917322,-0.0481461823389486,-0.161932756642981,-0.601231150981402,0.5348649919038142,False,False,False,False,False,False,-0.0039599784793213,0.0578331800274213,0.1325429111924884,0.0939971190058831,0.1619806834551101,-0.0553931862753604,-0.111863621374894,-0.1129993342761278,0.058308735615949,10.0,-0.0405588117716246,0.5216403032054164,0.16391556,127.0,0.16391555964946752,0.16391555964949409,-0.8,-0.6909547294483623,-0.6928293599968628
2026-03-23,0.0824811012068626,-0.0175940680527147,0.0877243480157088,-0.1719298870919999,-0.5806092748249498,-0.5440467749871366,-0.5852822297183826,48.837592623621816,0.0030626052185372,0.0758564792122925,31.20270611028276,0.9560542068823404,0.0387504945274317,-0.0845879396404669,-0.5639194715699308,0.2217678242846785,False,False,False,False,False,False,-0.0538711001035194,-0.0421380795782843,0.0693793926211755,0.0232622789630824,0.0212835493278048,-0.1405175317299522,-0.184500337406045,-0.0367366583709676,0.1493001623766188,8.0,-0.0138258944870559,0.544076922242382,0.16391556,127.0,0.16391555964946752,0.1639155596494924,-0.84,-0.7282160470862717,-0.7023242399970653
2026-03-24,0.0293793568089139,0.0162845394492315,0.1582318399462596,-0.0944284024426424,-0.5551380029641741,-0.5215159356764926,-0.672491907226378,51.64059762886075,0.0038299958136659,0.0725099136513611,26.65123167200301,0.9510087554986608,0.0764742888557411,-0.0523043615668596,-0.5476014326048242,-0.3111536286917558,True,False,False,False,False,False,-0.0718019944567389,0.0389446698097104,0.0237708454249471,0.0419908253748526,0.0052957388894234,-0.15283114468657,-0.2046687078862669,-0.0080167809522152,0.1835667625412085,11.0,-0.0114979435478751,0.5441605762093118,0.16391556,127.0,0.16391555964946752,0.1639155596494908,-0.78,-0.7411620353147039,-0.7073355793520933
2026-03-25,-0.0108584000797438,0.0512412072078675,0.1356271720031201,-0.0522314403205393,-0.5645397523113783,-0.4814925665756278,-0.6562775808799526,50.52854279144582,0.0040792298903924,0.0725059389543957,20.39484321740049,0.934381849103052,0.0721966842620878,-0.0570343902335778,-0.5491661637210495,0.0226609923759757,False,False,False,True,False,False,-0.0467816032537695,0.0214404209675193,-0.000763303271583,0.1649750869452705,-0.0141919029611005,-0.1729870651040197,-0.2443622354470951,-0.0187298628919787,0.1319005468195364,14.0,-0.016173359534745,0.5173746401508317,0.16391556,127.0,0.16391555964946752,0.1639155596494893,-0.72,-0.7358715264860278,-0.7081526387487325
2026-03-26,-0.0162070606857903,0.0777443807248742,0.095350256866294,-0.0404825570946079,-0.5310001460826476,-0.5194225227304601,-0.7268014438207895,48.86000152541722,0.0039187882881243,0.0709461187758663,20.1153380990153,0.931126137844432,0.0555952945657037,-0.0665096969966991,-0.5529916156553732,-0.2609186107423852,False,False,False,False,False,False,-0.0412595728207228,0.062531480232208,-0.0406283338751771,0.1730100945614756,0.0328225915619345,-0.2012583164017052,-0.2301914301061915,-0.0345051864346274,0.1137036235983689,10.0,-0.0362239498809074,0.5338855247482642,0.16391556,127.0,0.16391555964946752,0.16391555964948792,-0.8,-0.7519036448645209,-0.7140782749584917
2026-03-27,-0.093092923618316,-0.047060953365549,0.0146577131021134,-0.2289015220492899,-0.655192609447081,-0.6307184488117937,-0.8116639746908009,40.93942370482811,0.0026356177604385,0.0803593750383238,20.42693634705868,0.9167363076971848,-0.0362176475267115,-0.1463396428538824,-0.5892886981127994,0.4227539841769756,False,True,False,False,False,False,0.06660639666968,0.1639000043049993,0.0504583599770816,0.3232902588354867,0.139519355524032,-0.1577284546135777,-0.090528982973551,-0.1203291473061658,0.0147052086185611,13.0,-0.039386182443228,0.5099013392331627,0.16391556,127.0,0.16391555964946752,0.16391555964948662,-0.74,-0.7489277336483906,-0.7157506443160084
2026-03-28,0.0300378001011541,0.0108396578900409,0.0520457572404364,-0.175214320720561,-0.6120970229065327,-0.5775675912042209,-0.7761293743909462,43.99526998517565,0.0021017377691529,0.0772654514676319,20.44263024005019,0.924026242431823,-0.0062768685008451,-0.11505914100177,-0.5731647948320168,-0.3467194076668534,False,True,True,False,False,False,0.0345257381102209,0.1325530146762319,0.0157898370129272,0.282212238036476,0.0621395697010862,-0.1199029232145964,-0.1255385359464226,-0.1283711493354878,0.0456471076666609,12.0,-0.039386182443228,0.5093334422723427,0.16391556,127.0,0.16391555964946752,0.1639155596494854,-0.76,-0.751695800236293,-0.7186054414569112
2026-03-29,-0.0257077136882265,-0.0039678399551461,0.006752217284053,-0.1762538596129204,-0.6275034240882991,-0.5252500656376923,-0.7993480696507843,41.98857717160509,0.0014450454025906,0.0765481934026237,20.42583440919137,0.9242999091747476,-0.0315574195691614,-0.1320263070658039,-0.5803031452062553,-0.2381918115689421,False,False,False,False,False,False,0.0620388309421559,0.0959961722107872,0.042464275216093,0.3555350218841586,0.0747669967484357,-0.0287655710851364,-0.137992776894845,-0.1504931627456307,0.0191084962835662,9.0,-0.039386182443228,0.5029166736275387,0.16391556,127.0,0.16391555964946752,0.16391555964948426,-0.82,-0.7687718501772197,-0.7251470258790459
2026-03-30,0.0310724797681868,-0.055376461393822,-0.0729705294465368,-0.1002258822291377,-0.5153315466316838,-0.4514670871951586,-0.7340860965292599,45.24801269477494,0.0013712400393506,0.0724602874933035,19.271357769791923,0.9218809177461748,-0.0045156937809723,-0.0999307351333178,-0.5631347701964042,0.2175226803293366,False,False,False,False,False,False,0.0124010803670818,0.1424424978168004,0.0060757979868957,0.3083270694789544,0.0625269204977529,-0.0202057021625923,-0.1625065664900402,-0.1236824989320262,0.051271833981654,8.0,-0.0405871536526841,0.5009292466428577,0.16391556,127.0,0.16391555964946752,0.1639155596494832,-0.84,-0.7865788876329147,-0.732556895177172
2026-03-31,0.0102456172893835,-0.0745102009133523,-0.0582256614641209,-0.0657394286442225,-0.478982036199332,-0.4140395890814111,-0.6620231828612361,46.34090078400797,0.0014349884677158,0.0694281418198113,18.28873363298411,0.9198864127322264,0.0022360501043626,-0.0861885621514798,-0.5543716739903676,0.1261797023392907,False,False,False,False,False,False,0.119313620159775,0.0851374093865792,0.0030687098762153,0.2402204047430127,0.0648067989282382,-0.0146813888501562,-0.1918621214750672,-0.1146579330120484,0.0620981291931739,11.0,0.0033816739648847,0.5024051181628345,0.16391556,127.0,0.16391555964946752,0.1639155596494822,-0.78,-0.784934165724686,-0.7356177406496126
2026-04-01,0.0157405668753705,-0.0479112339582378,0.0033299732496297,-0.1052357314957709,-0.3386928931538421,-0.509015976571653,-0.8017052900822915,48.07805778186417,0.0016428610714483,0.0673956776059426,17.82106847503596,0.8989295899878215,0.0149506301779414,-0.0682916846420204,-0.5427543782058261,-0.0297648581411069,False,False,False,True,False,False,0.0715701925751347,0.1036442141054994,-0.0167383687153041,0.1931898414600225,0.0568475182148991,-0.084553337930603,-0.202235491032855,-0.1006118906737964,0.0742948739256287,8.0,-0.0008634901264301,0.4767913056664353,0.16391556,127.0,0.16391555964946752,0.16391555964948126,-0.84,-0.7987006242935144,-0.7423520799625408
2026-04-02,-0.0104307377672213,-0.0421349110396688,0.0356094696852054,-0.1298562860308195,-0.3155080151361316,-0.5956068670764989,-0.8014923257085937,46.98956155747753,0.0016260371365931,0.0665151171480193,16.914248674050274,0.8969287639367284,0.0012255603096624,-0.0752803003699067,-0.543170107083714,0.1375261491249613,False,False,False,False,False,False,0.1082577203490792,0.2194953069767005,0.0241570731120788,0.228819986757074,0.0671644031207937,-0.0636265810790799,-0.2006618469599682,-0.1099444150210888,0.0631474249399027,12.0,0.0040063534691272,0.4800864314570147,0.16391556,127.0,0.16391555964946752,0.1639155596494804,-0.76,-0.7890254682201359,-0.7434906554488286
2026-04-03,0.0135240038403875,0.0644820164190347,0.0174210630534858,-0.1665843757415057,-0.3019840112957441,-0.6225720390027081,-0.7449889189710075,48.61642937634049,0.0017411809998242,0.0635938316719203,15.640589369777963,0.8777424298170299,0.0106091933807212,-0.0593720373947957,-0.532793440651081,-0.1573930180270333,False,False,False,False,False,False,0.091217911254896,0.1854031423680212,0.0362526403248358,0.1254886467262597,-0.0392199601830648,-0.0516290357141566,-0.2540656982713731,-0.097825536703227,0.0776230987003231,9.0,0.0040063534691272,0.4223252373763191,0.16391556,127.0,0.16391555964946752,0.1639155596494796,-0.82,-0.7967691011651018,-0.7484267421940655
2026-04-04,-0.0005011186653651,0.0339430976525154,0.0447827555425565,-0.1664001591540349,-0.3163820897809779,-0.8021183771687789,-0.715885731786998,48.55657671183847,0.0017675131884089,0.0616375546018665,14.775761385743488,0.8777555225321432,0.0068359330493263,-0.05598474696707,-0.5282936409631049,-0.2359234426233856,False,False,True,False,False,False,0.0947557638779277,0.1184736369903314,0.0430898510885172,0.0873529108321204,0.0447092303221,0.0075020841402525,-0.2332622628579984,-0.0318209775494827,0.0770832169350487,11.0,0.0040063534691272,0.414667379924632,0.16391556,127.0,0.16391555964946752,0.16391555964947882,-0.78,-0.7925768258738264,-0.7504637265686419
2026-04-05,0.0005396747862238,0.0601904861269658,0.0562226461718195,-0.0399247382414224,-0.3123600230868765,-0.8119860031049029,-0.7369706533741613,48.62992588583129,0.0017448329853051,0.0600969346503688,14.026695026217617,0.7627525549688132,0.0096592068524509,-0.0481689525661296,-0.5232104558930908,0.0469869211828912,False,False,False,False,False,False,0.0319737285297817,0.0706252484565954,0.0341868072029319,0.0589488754052621,-0.0802371861202608,-0.0333004436821598,-0.2277248767007225,-0.0312983347266237,0.0776646484677503,12.0,0.0040063534691272,0.402093607430857,0.16391556,127.0,0.16391555964946752,0.1639155596494781,-0.76,-0.7844326194053697,-0.7510789700158264
2026-04-06,-0.016793189535904,0.0123248168228748,-0.0430516445709471,0.005062489757468,-0.1485510524010461,-0.8585224983247396,-0.7226966184422485,46.429431961386,0.0014893422900647,0.0618238446029112,13.29308972678856,0.7334573020434401,-0.0042999757081586,-0.0588924418581828,-0.5263206322966415,0.548793460973477,False,False,False,False,False,False,0.1284485170665438,0.116423327644513,0.0682774386861241,0.0804930804002314,-0.1464417121719454,-0.0045794474697876,-0.2161691910424188,-0.0474300944364799,0.0597183314744969,13.0,0.0030188728407838,0.399380938659258,0.16391556,127.0,0.16391555964946752,0.16391555964947743,-0.74,-0.7733244645540274,-0.7503641977567408
2026-04-07,0.1106364587677888,0.1127156583012802,0.0382054573879276,0.117208128958356,-0.1622223911137085,-0.6690187709834445,-0.6677266241659162,59.92134757516676,0.002624575141957,0.0604200274093347,16.423219942228982,0.8283952540377635,0.1063142275751673,0.0552758424172055,-0.465956604750928,0.1083371798231223,False,False,False,False,True,False,-0.0305331858360817,-0.0146050360771786,0.0029319709255547,-0.0521399100856277,-0.236366088736745,-0.141248285613312,-0.2951418814622785,0.0640098791174912,0.1836934666792082,11.0,0.0213372738351205,0.4193830046901911,0.16391556,127.0,0.16391555964946752,0.1639155596494768,-0.78,-0.7749933484155205,-0.7522761849982414
2026-04-08,-0.0278500489371371,0.0691250424887723,0.0212138085305345,0.1274591132754134,-0.1863324333838787,-0.672012279931537,-0.8124173496830055,55.94238270618323,0.0028826748622247,0.0610923344704917,17.128863124444415,0.8226040245607954,0.0696686698044225,0.0302394052463142,-0.4756778174668319,-0.0743331699757935,True,False,False,True,False,False,0.0299317970512843,-0.0217376596650354,0.1405218190227811,0.0002680106414819,-0.183878645395888,-0.1474018595330886,-0.2792296130102962,0.0347859842404552,0.1129266834550292,17.0,0.0629725441383554,0.4043924861122809,0.16391556,127.0,0.16391555964946752,0.1639155596494762,-0.66,-0.7462450113116403,-0.7463228827402905
2026-04-09,0.0232333806150387,0.1027891608710324,0.0606542498313635,0.1918206290120889,-0.1376391888305608,-0.6673957094356735,-0.6794997337173625,58.41732630833215,0.003211698330539,0.0610907486306936,18.82613777690782,0.8084306741733542,0.0887805240360507,0.057024479020037,-0.4583795089084336,0.0218996221077985,False,False,False,False,False,False,0.1003715873890629,-0.0970887131596708,0.1039767916383271,0.0046877409174924,-0.2034320343968747,-0.2055568915111133,-0.307282925249973,0.0591090199394158,0.1390864458254792,14.0,0.0730771648412252,0.398493296153369,0.16391556,127.0,0.16391555964946752,0.16391555964947566,-0.72,-0.7396837584837301,-0.7446246322409169
2026-04-10,-0.0019707347851148,0.08729442224553,0.1517764386645648,0.1781036263635784,-0.1322156311528556,-0.6478372931149752,-0.7095746354097082,58.11592347549163,0.0032445814337678,0.0592790732659046,19.57926046321865,0.8087034750493582,0.0793554469185969,0.0570017498688457,-0.4550093705786043,-0.2688956706407199,False,False,False,False,False,False,0.0863120281858392,-0.0974668304049514,0.1369449728850755,-0.0391502148407175,-0.2183279374125815,-0.2030210390163974,-0.2835311837608908,0.0570238522836716,0.1368438190805311,16.0,0.0432231018322872,0.4022155544755842,0.16391556,127.0,0.16391555964946752,0.16391555964947516,-0.68,-0.7247628188627976,-0.7404553011285997
2026-04-11,0.0027357507921338,0.0905312917030288,0.1244743893555441,0.1567695227046762,-0.0862799052011234,-0.6367310887654003,-0.6728781506384918,58.43663573996465,0.0031423366526321,0.0591233162876048,19.733661333306223,0.8061022755594072,0.0744034295867088,0.0629721228304541,-0.4490898814522279,-0.0922102795677003,False,False,False,False,False,False,0.0216649903978476,-0.1030973174325833,0.1321432387013051,-0.0286535131732984,-0.257765860420725,-0.2265765392589904,-0.286746405331172,0.0599195652934013,0.1399581985998107,15.0,0.0432231018322872,0.4020881163221275,0.16391556,127.0,0.16391555964946752,0.16391555964947468,-0.7,-0.7185721141470982,-0.7378452817009481
2026-04-12,-0.0585184070324518,0.031473209884353,0.0916636960113189,0.1106514955263599,-0.1008973204658982,-0.6765287293503024,-0.7494922376616872,49.87933654582911,0.0021979929635797,0.0625960518560776,19.7510243639224,0.8343499996267341,0.0130683126335236,0.0062139453612367,-0.476042580698621,0.0185890692771311,False,False,True,False,False,False,0.0374539766451993,-0.0488431422955723,0.2368063468231308,-0.0009868819031056,-0.1615623846882352,-0.1978426753648998,-0.2502494033001203,-0.0849462697999068,0.0751639771241813,16.0,0.0432231018322872,0.4177653206769721,0.16391556,127.0,0.16391555964946752,0.16391555964947424,-0.68,-0.7089290856103238,-0.7341133280428224
2026-04-13,0.0725772961380186,0.1208436955582759,0.1331685123811508,0.1905790357015475,-0.0682947692148832,-0.7310804674958289,-0.6322771351391456,58.12753672186648,0.0023918115658507,0.0595583769594448,20.95604672558276,0.8669810956760473,0.0865311696252675,0.0830612695820166,-0.4324215394905439,0.3660949195339091,False,False,False,False,False,False,-0.0106563917096464,-0.1193641693918954,0.1452016814668205,-0.0422636240307255,-0.2201639107092413,-0.2587613113596003,-0.3045622314306374,-0.0160647606481155,0.1560979320229404,12.0,0.0462020323222691,0.4547276251994865,0.16391556,127.0,0.16391555964946752,0.16391555964947382,-0.76,-0.7216968142077429,-0.7357834359110275
2026-04-14,-0.0412162715221689,-0.0310090347316816,0.0817066235695984,0.1297769379112218,-0.1333246332227977,-0.754555856987556,-0.6567268874461776,52.73673219902114,0.0018634537217534,0.0620821431456812,21.169066606219783,0.8811249854509784,0.0416870547488609,0.0400806147728959,-0.4510042569485938,0.1133348649706338,False,False,False,False,False,False,0.0164298040182424,-0.0756297762849746,0.142915536792802,0.0032570411684951,-0.1714168618266976,-0.2202668556637497,-0.2986935319857019,-0.0557945221272699,0.1094165110830114,21.0,0.0567957731021758,0.4490617951688574,0.16391556,127.0,0.16391555964946752,0.16391555964947344,-0.58,-0.6862726106558072,-0.7257328916587031
2026-04-15,0.0326515693886185,0.029492583594074,0.0986176260828464,0.0516332808010638,-0.245503763996561,-0.6577907360288571,-0.6420906477576638,56.18825692504954,0.0018350212893841,0.0600072097755164,22.112301826582307,0.8007771966505692,0.0725255551865617,0.0739992939217514,-0.4284317939951097,0.0106836209098302,False,False,False,False,False,False,-0.0501678430205286,-0.1090773469223262,0.0811363174925894,-0.0673107887857703,-0.1773438727362109,-0.2320601531252074,-0.3154031360372885,-0.0244558878457762,0.1462385790771642,23.0,0.0603229048821353,0.4390680160987653,0.16391556,127.0,0.16391555964946752,0.16391555964947307,-0.54,-0.6497044579918554,-0.7137501244549158
2026-04-16,0.0893887264987765,0.095647929477812,0.1984370903488443,0.1455212579928728,-0.0537815121680806,-0.5745363787159633,-0.4820155640882449,64.34928485974166,0.0029000923299421,0.0597093360990628,25.01027515524516,0.8566163589145128,0.1578262782197942,0.1738649894798884,-0.370237290722414,1.5111524187721277,False,False,False,True,True,False,-0.1794487451436865,-0.1601795699803819,0.0076463433086025,-0.158829685832312,-0.2321311157058071,-0.3016528426901867,-0.3776768832697622,0.0667629968456899,0.1744132719555306,23.0,0.0621705006642942,0.4369585357938931,0.16391556,127.0,0.16391555964946752,0.16391555964947274,-0.54,-0.6222783434938916,-0.7025404390062115
