tree
version=v4
num_class=1
num_tree_per_iteration=1
label_index=0
max_feature_idx=33
objective=regression
feature_names=Return Log_Return Ret_Lag_1 Ret_Lag_2 Ret_Lag_3 Ret_Lag_5 Ret_Lag_10 Daily_Range_Pct Close_to_MA_5 Close_to_MA_10 Close_to_MA_20 Close_to_MA_50 Close_to_EMA_10 Close_to_EMA_20 Rolling_Std_10 Rolling_Std_20 RSI_14 MACD_Pct Volume_to_MA_10 Global_Industrial_Production_Index USD_Index US_10Y_Yield VIX CPI_Inflation China_PMI News_Volume Daily_Bullish Daily_Bearish Daily_NSS Sentiment_EMA_7d Sentiment_Spike Sentiment_EMA_30d Sentiment_EMA_60d Sentiment_x_Trend
feature_infos=[-0.066940172742521994:0.074641947929079799] [-0.069285956656344794:0.071987534405050499] [-0.066940172742521994:0.074641947929079799] [-0.066940172742521994:0.074641947929079799] [-0.066940172742521994:0.074641947929079799] [-0.066940172742521994:0.074641947929079799] [-0.066940172742521994:0.074641947929079799] [0:0.092802595159413206] [0.91318316788809784:1.0730283848102866] [0.87986156167578455:1.1066018538739253] [0.85692473313438489:1.1552927409995728] [0.79659082927529956:1.1777746655552006] [0.89466740749189477:1.0920323555297982] [0.8686804240890813:1.1281657463110899] [0.0024529130098374001:0.036179077589099801] [0.0057965333731078003:0.029331550672483601] [13.140122716746744:90.832403572489085] [-0.0188041687703022:0.016289486570868299] [0.030548428479792201:9.6792988700484308] [84.561899999999994:104.10039999999999] [88.589996337890597:114.11000061035099] [0.52000000000000002:4.25] [9.1400003433227504:82.690002441406193] [0.0088000000000000005:8.9794] [49:52.100000000000001] none [0:0.43524837493896479] [0:0.4763879776000976] [-0.46199968829751009:0.43156092381104821] [-0.32620258622240861:0.30491887869226991] [-0.34649997753451489:0.3225017049502773] [-0.1977299482266055:0.18516034820322111] [-0.1384271361381611:0.12512591296171061] [-0.0095763178472613002:0.027052535087406002]
tree_sizes=2111 1613 1527 1624 1854 1708 1537 1494 1758 1761 1731 1839 2175 1645 1654 1825 1644 1724 1538 1558 1750 2181 1746 1629 1721 2353 1997 1536 2002 2091 2275 2194 1895 2193 2068 2072 1574 1998 2134 1850 2109 2570 1947 2003 1668 1763 2341 2298 2362 2274

Tree=0
num_leaves=23
num_cat=0
split_feature=31 26 23 22 22 20 23 26 23 26 11 20 20 27 15 23 20 26 22 20 13 20
split_gain=8.8816 6.68959 5.46213 2.69464 1.90532 2.41383 2.00603 1.82368 1.41171 1.24288 0.63929 0.565852 0.431493 0.373328 0.358064 0.127168 0.103499 0.0849648 0.0762135 0.0214676 0.0203924 0.00933817
threshold=4.4811309673325596e-12 1.0000000180025095e-35 1.6552000000000002 19.345000267028755 11.494999885559052 105.15000152587852 7.366550000000001 0.00065971341226735006 0.37465000000000009 0.0059988672263424506 1.0092143812774592 96.50500106811522 91.319999694824162 9.6286857918322629e-06 0.010720933566240152 0.15360000000000004 90.674999237060518 0.00078246440703540014 21.634999275207502 92.954998016357365 1.0204817097932701 98.965000152587862
decision_type=2 2 2 2 2 2 2 2 2 2 2 2 2 2 2 2 2 2 2 2 2 2
left_child=1 8 3 7 9 6 12 -3 15 17 11 -4 -6 -8 -12 -1 -5 19 21 -2 -11 -10
right_child=4 2 10 16 5 -7 13 -9 18 20 14 -13 -14 -15 -16 -17 -18 -19 -20 -21 -22 -23
leaf_value=0.038589544940995348 0.039223711023897663 0.046929303396311434 0.042215112884198228 0.046667704141637775 0.0372282822432983 0.044885829206144867 0.03978906446243928 0.040188045959033802 0.040860957249858214 0.046421584777393179 0.045207452329139752 0.045312678730346993 0.039848312935521428 0.034654856843287972 0.041276314832707134 0.035749972844436526 0.049851125459517948 0.042080683939084609 0.042960171709572864 0.040731978488843093 0.044096105934587272 0.04184518935243383
leaf_weight=44 21 88 100 32 67 59 20 57 33 45 20 117 496 110 209 66 216 25 31 56 20 23
leaf_count=44 21 88 100 32 67 59 20 57 33 45 20 117 496 110 209 66 216 25 31 56 20 23
internal_value=0.0419839 0.0438858 0.0450546 0.0476206 0.0398406 0.0391981 0.0386991 0.0442763 0.0389513 0.0427144 0.0427643 0.0439215 0.0395077 0.0353549 0.0416698 0.036739 0.0495132 0.0406754 0.0418635 0.0401951 0.0458749 0.0411867
internal_weight=1955 1036 839 393 919 752 693 145 197 167 446 217 563 130 229 110 248 102 87 77 65 56
internal_count=1955 1036 839 393 919 752 693 145 197 167 446 217 563 130 229 110 248 102 87 77 65 56
is_linear=0
shrinkage=1


Tree=1
num_leaves=17
num_cat=0
split_feature=21 19 20 23 15 23 30 19 19 19 26 11 19 20 26 26
split_gain=16.6928 5.6492 3.36551 2.07129 1.32003 1.05418 0.746633 0.485346 0.3946 0.351199 0.345724 0.317597 0.201076 0.152768 0.0630071 0.00711514
threshold=1.1950000000000001 100.1632 105.15000152587852 7.366550000000001 0.012994678855909403 1.4393000000000002 1.4310950631267436e-06 99.910550000000015 98.693900000000014 98.870050000000006 3.3669934072057419e-05 1.0343886856637194 101.0665 93.055000305175767 0.0013527727288036504 0.0034121562318978507
decision_type=2 2 2 2 2 2 2 2 2 2 2 2 2 2 2 2
left_child=9 4 3 5 6 -3 7 -2 -8 15 -5 13 -4 -6 -13 -1
right_child=1 2 12 10 11 -7 8 -9 -10 -11 -12 14 -14 -15 -16 -17
leaf_value=0.0068529974925897021 0.00035958866908969596 -0.0050959955703763831 0 -0.0028503181928855124 -0.00054272382183107308 -0.0019351145652464971 0.0011563875387338074 0.0036898643727365293 0.0053970666534958345 0.0030194547204633374 -0.0072837644606828685 -0.00088422309142181051 0.0032906555903368983 0.0012911036569052017 -0.002684955289157537 0.0090579200347916007
leaf_weight=170 138 110 21 28 58 738 30 54 90 25 102 112 84 114 23 58
leaf_count=170 138 110 21 28 58 738 30 54 90 25 102 112 84 114 23 58
internal_value=0 -0.00107252 -0.00237773 -0.00292755 0.00120671 -0.00236518 0.00257178 0.00135397 0.00441535 0.00714315 -0.00643726 -0.000182392 0.00265467 0.000656874 -0.00126445 0.00753724
internal_weight=1955 1702 1083 978 619 848 312 192 120 253 130 307 105 172 135 228
internal_count=1955 1702 1083 978 619 848 312 192 120 253 130 307 105 172 135 228
is_linear=0
shrinkage=0.03


Tree=2
num_leaves=16
num_cat=0
split_feature=21 19 20 19 21 14 11 19 22 20 27 19 27 27 27
split_gain=15.7366 5.32341 3.17257 1.13013 1.3879 0.977928 0.586974 0.327933 0.298095 0.249711 0.318043 0.189527 0.114921 0.0980605 0.00699828
threshold=1.1950000000000001 100.1632 105.15000152587852 103.38335000000002 1.6650000000000003 0.0094909140430402012 1.0234002887575484 98.870050000000006 14.644999980926451 94.774997711181626 9.6286857918322629e-06 101.0665 0.007470756930265751 3.3139974983547905e-07 0.010475720627618352
decision_type=2 2 2 2 2 2 2 2 2 2 2 2 2 2 2
left_child=7 5 3 4 -3 9 8 14 -7 -2 -11 -4 -8 -5 -1
right_child=1 2 11 13 -6 6 12 -9 -10 10 -12 -13 -14 -15 -16
leaf_value=0.0066509725373518251 0.00085709682458008694 -0.00046643424564710173 0 -0.0011512362888781353 -0.0037808525046204139 0.0026762062306652833 -0.00041551187724334613 0.0029385764497897719 0.00058164047227433782 0.00099700310881863422 0.0048313031132971298 0.0031953400260776861 -0.0024574286565184592 0.00045042878244287113 0.0087995460942143292
leaf_weight=170 36 139 21 57 707 99 169 25 171 30 86 84 28 75 58
leaf_count=170 36 139 21 57 707 99 169 25 171 30 86 84 28 75 58
internal_value=0 -0.00104066 -0.00230771 -0.00284157 -0.00324339 0.00117177 0.000475596 0.00693621 0.00138161 0.00324073 0.00391502 0.00257789 -0.000753242 -0.000229191 0.00731771
internal_weight=1955 1702 1083 978 846 619 467 253 270 152 116 105 197 132 228
internal_count=1955 1702 1083 978 846 619 467 253 270 152 116 105 197 132 228
is_linear=0
shrinkage=0.03


Tree=3
num_leaves=17
num_cat=0
split_feature=21 19 20 23 15 23 30 19 19 27 19 11 19 20 26 15
split_gain=14.8323 5.01329 2.9893 1.92811 1.19163 0.972588 0.678638 0.441975 0.363722 0.334139 0.306144 0.286316 0.178639 0.141385 0.0563336 0.0143801
threshold=1.1950000000000001 100.1632 105.15000152587852 7.366550000000001 0.012994678855909403 1.4393000000000002 1.4310950631267436e-06 99.910550000000015 98.693900000000014 9.6286857918322629e-06 98.870050000000006 1.0343886856637194 101.0665 93.055000305175767 0.0013527727288036504 0.0088547510741693505
decision_type=2 2 2 2 2 2 2 2 2 2 2 2 2 2 2 2
left_child=10 4 3 5 6 -3 7 -2 -8 -5 15 13 -4 -6 -13 -1
right_child=1 2 12 9 11 -7 8 -9 -10 -11 -12 14 -14 -15 -16 -17
leaf_value=0.0041694012238927512 0.00032395452743475423 -0.0048367601254608776 0 -0.0019645535656321873 -0.00053768279039316232 -0.0018016297470293712 0.0010656789864667436 0.0035023099525194421 0.0051348961449919203 -0.0068030207799335491 0.0028598647099362484 -0.00084661671277489912 0.0031027853298161564 0.0012257420984544576 -0.0025568944146999945 0.0073093043979592792
leaf_weight=20 138 110 21 20 58 738 30 54 90 110 25 112 84 114 23 208
leaf_count=20 138 110 21 20 58 738 30 54 90 110 25 112 84 114 23 208
internal_value=4.60871e-07 -0.00100899 -0.00223861 -0.00275687 0.00113793 -0.00221453 0.00243499 0.00127338 0.00419279 -0.0061423 0.0067353 -0.000181377 0.00250333 0.000614932 -0.00120899 0.00710459
internal_weight=1955 1702 1083 978 619 848 312 192 120 130 253 307 105 172 135 228
internal_count=1955 1702 1083 978 619 848 312 192 120 130 253 307 105 172 135 228
is_linear=0
shrinkage=0.03


Tree=4
num_leaves=19
num_cat=0
split_feature=21 19 21 33 15 33 27 30 19 19 28 19 33 30 27 33 26 15
split_gain=13.978 4.72405 1.63175 1.56668 1.12566 0.891708 0.736819 0.639426 0.417063 0.341703 0.304062 0.285487 0.174844 0.247235 0.104774 0.0931338 0.0180532 0.0714644
threshold=1.1950000000000001 100.1632 3.0650000000000004 -7.8806968232072996e-15 0.012994678855909403 0.00035878526510795005 7.7489783325922925e-06 1.4310950631267436e-06 99.910550000000015 98.693900000000014 3.2765158788651015e-06 98.870050000000006 -0.00015210101914084998 6.2091272480510484e-05 2.4104845799723567e-06 -2.2012901403224027e-08 0.0035917434019977004 0.0098026889754644509
decision_type=2 2 2 2 2 2 2 2 2 2 2 2 2 2 2 2 2 2
left_child=11 4 3 6 7 -5 -3 8 -2 -9 15 16 -6 -14 -12 -4 17 -1
right_child=1 2 10 5 12 -7 -8 9 -10 -11 14 -13 13 -15 -16 -17 -18 -19
leaf_value=0.00390414708341871 0.00031444266995296193 -4.6603350886506599e-05 0.00045900189387612048 -0.0040086680884868133 -0.0021153664497809634 0.0011437641478736289 -0.0025209296643436043 0.0010366149810566144 0.0034027706114085096 0.0049858184956735182 0.00035453210924086826 0.0027832610794742193 -0.00048676078943081492 0.0014786742072163313 -0.0021335777206265404 0.003123431162443012 0.0083611751019954661 0.006681211517625291
leaf_weight=32 138 228 21 492 34 30 208 30 54 90 39 25 195 78 20 45 57 139
leaf_count=32 138 228 21 492 34 30 208 30 54 90 39 25 195 78 20 45 57 139
internal_value=9.28985e-07 -0.000978979 -0.00217262 -0.00259337 0.001105 -0.00370199 -0.00124301 0.00236566 0.00123741 0.00407227 0.00101374 0.00653898 -0.000177015 7.38912e-05 -0.000502934 0.00237595 0.00689631 0.00625504
internal_weight=1955 1702 1083 958 619 522 436 312 192 120 125 253 307 273 59 66 228 171
internal_count=1955 1702 1083 958 619 522 436 312 192 120 125 253 307 273 59 66 228 171
is_linear=0
shrinkage=0.03


Tree=5
num_leaves=18
num_cat=0
split_feature=21 19 20 23 15 23 30 19 19 27 19 11 19 20 21 26 15
split_gain=13.1816 4.44995 2.69998 1.79673 1.06274 0.885176 0.60247 0.393548 0.320991 0.307092 0.266769 0.263098 0.165226 0.131928 0.0514819 0.0165836 0.064799
threshold=1.1950000000000001 100.1632 105.15000152587852 7.366550000000001 0.012994678855909403 1.4393000000000002 1.4310950631267436e-06 99.910550000000015 98.693900000000014 9.6286857918322629e-06 98.870050000000006 1.0343886856637194 101.0665 93.055000305175767 1.5650000000000002 0.0035917434019977004 0.0098026889754644509
decision_type=2 2 2 2 2 2 2 2 2 2 2 2 2 2 2 2 2
left_child=10 4 3 5 6 -3 7 -2 -8 -5 15 13 -4 -6 -13 16 -1
right_child=1 2 12 9 11 -7 8 -9 -10 -11 -12 14 -14 -15 -16 -17 -18
leaf_value=0.0037970619288938386 0.00030521009664269199 -0.0045784422566339496 0 -0.0018594049097180527 -0.00052138547321731892 -0.0016830566286315353 0.0010083436776291239 0.0033060602655536251 0.0048410690340303601 -0.006501208141973587 0.0027087095194562733 0.0001026551788571574 0.0029745583435648987 0.0011812038998095654 -0.0013990412396960891 0.0081228818640112863 0.0064850099524351905
leaf_weight=32 138 110 21 20 58 738 30 54 90 110 25 20 84 114 115 57 139
leaf_count=32 138 110 21 20 58 738 30 54 90 110 25 20 84 114 115 57 139
internal_value=2.405e-06 -0.000949136 -0.00210766 -0.00260032 0.00107338 -0.00207698 0.00229833 0.00120246 0.00395524 -0.00586769 0.00635151 -0.00017203 0.00239806 0.000590836 -0.00115743 0.00669758 0.00607338
internal_weight=1955 1702 1083 978 619 848 312 192 120 130 253 307 105 172 135 228 171
internal_count=1955 1702 1083 978 619 848 312 192 120 130 253 307 105 172 135 228 171
is_linear=0
shrinkage=0.03


Tree=6
num_leaves=16
num_cat=0
split_feature=21 19 20 23 23 14 11 26 19 23 20 26 19 28 26
split_gain=12.4324 4.19483 2.54516 1.69524 0.834553 0.807263 0.479718 0.2911 0.249224 0.244361 0.203251 0.247551 0.155762 0.100208 0.0152881
threshold=1.1950000000000001 100.1632 105.15000152587852 7.366550000000001 1.4393000000000002 0.0094909140430402012 1.0234002887575484 3.3669934072057419e-05 98.870050000000006 0.78200000000000014 94.774997711181626 1.473608739873429e-06 101.0665 -2.1793068147308537e-07 0.0037807825284186503
decision_type=2 2 2 2 2 2 2 2 2 2 2 2 2 2 2
left_child=8 5 3 4 -3 10 9 -5 14 -7 -2 -12 -4 -8 -1
right_child=1 2 12 7 -6 6 13 -9 -10 -11 11 -13 -14 -15 -16
leaf_value=0.0059026137824995176 0.00076275777902740701 -0.0044447355604343179 0 -0.0024312360243150784 -0.001632769350866459 -0.00092714474718086414 -0.0010497415445938285 -0.0064710942489760257 0.0026361548630520703 0.0015921535398298085 0.00082519769407207928 0.0043043456794387043 0.0028883987365226293 0.00054323831780559643 0.0079085805476722063
leaf_weight=172 36 110 21 28 738 37 156 102 25 233 28 88 84 41 56
leaf_count=172 36 110 21 28 738 37 156 102 25 233 28 88 84 41 56
internal_value=3.36052e-06 -0.000920702 -0.00204556 -0.00252392 -0.00201544 0.00104289 0.000409906 -0.00569799 0.00616944 0.00122953 0.00292274 0.00353174 0.00232865 -0.000700032 0.0065046
internal_weight=1955 1702 1083 978 848 619 467 130 253 270 152 116 105 197 228
internal_count=1955 1702 1083 978 848 619 467 130 253 270 152 116 105 197 228
is_linear=0
shrinkage=0.03


Tree=7
num_leaves=15
num_cat=0
split_feature=21 30 20 23 15 32 26 11 20 21 26 20 15 29
split_gain=11.7206 3.44778 1.52199 1.81406 1.36705 1.13074 0.570051 0.477195 0.450255 0.233052 0.208504 0.129662 0.0275242 0.00794805
threshold=1.1950000000000001 1.0000000180025095e-35 105.65999984741151 7.366550000000001 0.011272105945662402 0.047747199216473857 1.7395155386050396e-05 1.0047769941734568 96.524997711181626 1.0300000000000002 1.6094891324016098e-06 90.935001373290959 0.0088547510741693505 -0.00022946354384539996
decision_type=2 2 2 2 2 2 2 2 2 2 2 2 2 2
left_child=9 2 3 5 10 -2 -5 8 -6 12 -3 -9 -1 -12
right_child=1 4 -4 6 7 -7 -8 11 -10 -11 13 -13 -14 -15
leaf_value=0.0036755407201126216 -0.0018577379533283077 0.0011169583225622772 0.0026553226004471073 -0.00042002648076690409 0.00028996362225007028 0.0029107401204057672 -0.0061313493162141004 -0.0020286381863833716 0.0035699309043586256 0.0030556288690784489 0.0028370618852636502 -0.00023909523351744514 0.0065989241606708784 0.0048704227407773337
leaf_weight=21 900 27 61 20 109 44 115 42 57 34 28 230 198 69
leaf_count=21 900 27 61 20 109 44 115 42 57 34 28 230 198 69
internal_value=3.8331e-06 -0.000893343 -0.00184073 -0.00210434 0.00102266 -0.00162379 -0.00533449 0.000219215 0.00147735 0.00599084 0.00376479 -0.000545447 0.00638557 0.00441619
internal_weight=1955 1702 1140 1079 562 944 135 438 166 253 124 272 219 97
internal_count=1955 1702 1140 1079 562 944 135 438 166 253 124 272 219 97
is_linear=0
shrinkage=0.03


Tree=8
num_leaves=18
num_cat=0
split_feature=21 19 21 33 33 14 27 11 29 19 22 23 27 11 27 27 26
split_gain=11.0439 3.78978 1.34593 1.36928 0.781973 0.727805 0.636379 0.437863 0.22553 0.221438 0.221147 0.150425 0.121982 0.105245 0.100575 0.0954909 0.0219812
threshold=1.1950000000000001 100.1632 3.0650000000000004 -7.8806968232072996e-15 0.00035878526510795005 0.0094909140430402012 7.7489783325922925e-06 1.0234002887575484 3.8908626061523096e-06 98.870050000000006 14.644999980926451 1.9056500000000003 1.2827838481414611e-05 1.0208009147706276 2.4104845799723567e-06 0.007470756930265751 0.0037807825284186503
decision_type=2 2 2 2 2 2 2 2 2 2 2 2 2 2 2 2 2
left_child=9 5 3 6 -5 11 -3 10 13 16 -7 12 -2 -4 -10 -9 -1
right_child=1 2 8 4 -6 7 -8 15 14 -11 -12 -13 -14 -15 -16 -17 -18
leaf_value=0.0055503068021791318 0.00081423557932367146 2.9666779167472398e-05 0.0028825732565351896 -0.0036411225349084952 0.0011740022546146065 0.0022978797634680042 -0.0022433683238984241 -0.00035232399325942358 0.00048877656582875983 0.0024754393226467074 0.00049006574971707741 0.00084573114584581108 0.0037487697037216277 0.00011527491198933642 -0.0019548421926270034 -0.0022146666953640599 0.0074984584844718545
leaf_weight=172 20 228 46 492 30 99 208 169 39 25 171 35 97 20 20 28 56
leaf_count=172 20 228 46 492 30 99 208 169 39 25 171 35 97 20 20 28 56
internal_value=4.86281e-06 -0.000865985 -0.00193522 -0.00231749 -0.00335355 0.00100023 -0.0010558 0.000398725 0.000956755 0.0058165 0.00118189 0.00278543 0.00330504 0.00212895 -0.00034569 -0.000661272 0.00613296
internal_weight=1955 1702 1083 958 522 619 436 467 125 253 270 152 117 66 59 197 228
internal_count=1955 1702 1083 958 522 619 436 467 125 253 270 152 117 66 59 197 228
is_linear=0
shrinkage=0.03


Tree=9
num_leaves=18
num_cat=0
split_feature=21 19 21 33 15 22 27 30 19 19 28 21 33 24 27 33 15
split_gain=10.4095 3.56876 1.26846 1.2879 0.884916 0.75606 0.599497 0.490034 0.336666 0.284665 0.213416 0.206827 0.152469 0.225457 0.0953887 0.0683639 0.0270205
threshold=1.1950000000000001 100.1632 3.0650000000000004 -7.8806968232072996e-15 0.012994678855909403 11.494999885559052 7.7489783325922925e-06 1.1960467836926737e-06 99.910550000000015 98.693900000000014 3.2765158788651015e-06 1.0300000000000002 -0.00015210101914084998 50.150000000000013 2.4104845799723567e-06 -2.2012901403224027e-08 0.0088547510741693505
decision_type=2 2 2 2 2 2 2 2 2 2 2 2 2 2 2 2 2
left_child=11 4 3 6 7 -5 -3 8 -2 -9 15 16 -6 -14 -12 -4 -1
right_child=1 2 10 5 12 -7 -8 9 -10 -11 14 -13 13 -15 -16 -17 -18
leaf_value=0.0034323352500796318 0.00023307463451055808 2.8788335297057137e-05 0.00040009695058688521 -0.00040204110743350324 -0.0019745994578210034 -0.003719040047949141 -0.0021770241468343707 0.00094148356834193678 0.0030175941288471224 0.0044197565466165536 0.00047516065217184542 0.0028732331511942114 0.0013884311151173222 -0.0004750622131312931 -0.0019038462864801934 0.0027134993821382523 0.0062251033613930883
leaf_weight=21 135 228 21 75 34 447 208 33 54 90 39 34 80 193 20 45 198
leaf_count=21 135 228 21 75 34 447 208 33 54 90 39 34 80 193 20 45 198
internal_value=5.86627e-06 -0.000839557 -0.00187717 -0.00224831 0.000971327 -0.00325319 -0.00102438 0.0020892 0.001079 0.00355501 0.000929833 0.00564817 -0.000164299 6.93029e-05 -0.000335995 0.00207029 0.00602082
internal_weight=1955 1702 1083 958 619 522 436 312 189 123 125 253 307 273 59 66 219
internal_count=1955 1702 1083 958 619 522 436 312 189 123 125 253 307 273 59 66 219
is_linear=0
shrinkage=0.03


Tree=10
num_leaves=18
num_cat=0
split_feature=21 19 20 23 15 23 30 19 19 11 19 19 27 20 21 27 15
split_gain=9.8091 3.36209 2.09348 1.58689 0.83556 0.724771 0.461644 0.317657 0.267415 0.209656 0.196662 0.164636 0.128574 0.118386 0.0471913 0.0274367 0.0654089
threshold=1.1950000000000001 100.1632 104.96500015258751 7.366550000000001 0.012994678855909403 1.4393000000000002 1.1960467836926737e-06 99.910550000000015 98.693900000000014 1.0343886856637194 98.870050000000006 101.0665 1.7204203422298635e-05 93.084999084472614 1.5650000000000002 0.011220674051977452 0.0098026889754644509
decision_type=2 2 2 2 2 2 2 2 2 2 2 2 2 2 2 2 2
left_child=10 4 3 5 6 -3 7 -2 -8 13 15 -4 -5 -6 -11 16 -1
right_child=1 2 11 12 9 -7 8 -9 -10 14 -12 -13 -14 -15 -16 -17 -18
leaf_value=0.0031388645062489168 0.00022623440235063592 -0.0040457382071103932 -8.5405172538370459e-05 -0.0027549891968032918 -0.00050565993420535781 -0.0014268876773302645 0.00091559279181819869 0.002931830905377865 0.004291440977805084 0.00015936909589673513 0.002324389679224363 0.0026266105866059662 -0.0059662986573050993 0.0010945591708361778 -0.0012727402262350197 0.0071105260333772435 0.005597182568345036
leaf_weight=32 135 110 23 26 60 738 33 54 90 20 25 87 99 112 115 56 140
leaf_count=32 135 110 23 26 60 738 33 54 90 20 25 87 99 112 115 56 140
internal_value=6.63244e-06 -0.000814003 -0.00182116 -0.00226634 0.000943569 -0.00178319 0.00202984 0.00104862 0.0034529 -0.000159678 0.00548383 0.00204579 -0.00540201 0.000520101 -0.00103998 0.00578259 0.00521861
internal_weight=1955 1702 1083 973 619 848 312 189 123 307 253 110 125 172 135 228 172
internal_count=1955 1702 1083 973 619 848 312 189 123 307 253 110 125 172 135 228 172
is_linear=0
shrinkage=0.03


Tree=11
num_leaves=19
num_cat=0
split_feature=21 19 21 33 15 27 11 22 22 30 28 19 15 19 11 27 27 15
split_gain=9.25234 3.17889 1.28327 1.29788 1.22217 0.742704 0.357969 0.351052 0.31095 0.217944 0.18574 0.183584 0.170945 0.12923 0.0916395 0.0896296 0.0254601 0.0598021
threshold=1.1950000000000001 100.45905 3.0650000000000004 -7.8806968232072996e-15 0.010317393144332601 7.7489783325922925e-06 1.0047769941734568 14.085000038146902 11.444999694824203 1.712706439113212e-06 3.2765158788651015e-06 98.870050000000006 0.012238512999957802 100.07525000000003 1.0208009147706276 2.4104845799723567e-06 0.011220674051977452 0.0094348250416137012
decision_type=2 2 2 2 2 2 2 2 2 2 2 2 2 2 2 2 2 2
left_child=11 4 3 5 9 -3 7 -6 -5 13 14 16 -8 -2 -4 -12 17 -1
right_child=1 2 10 8 6 -7 12 -9 -10 -11 15 -13 -14 -15 -16 -17 -18 -19
leaf_value=0.0028630212774500251 0.00067410646761871041 5.3513397940800389e-05 0.0026633027722032703 -0.0012456373696669847 0.0029590737570863988 -0.0025152043846602338 0.00082989122618455429 0.00026132813200393579 -0.003749516162167415 0.0041583348347081078 0.00050167303871629493 0.0022621292756604297 -0.00092639407601906862 0.0032201698764282114 7.7318897207632008e-05 -0.0018059997280006823 0.0069080567582178922 0.005390846167766564
leaf_weight=27 51 228 46 59 55 176 57 188 388 78 39 25 266 31 20 20 56 145
leaf_count=27 51 228 46 59 55 176 57 188 388 78 39 25 266 31 20 20 56 145
internal_value=7.23137e-06 -0.000789731 -0.00190637 -0.00232336 0.00070898 -0.00106845 4.41712e-05 0.000912764 -0.0034362 0.00299824 0.000896972 0.00532676 -0.000602474 0.00175162 0.00196058 -0.000281738 0.00561607 0.00506706
internal_weight=1955 1702 976 851 726 404 566 243 447 160 125 253 323 82 66 59 228 172
internal_count=1955 1702 976 851 726 404 566 243 447 160 125 253 323 82 66 59 228 172
is_linear=0
shrinkage=0.03


Tree=12
num_leaves=23
num_cat=0
split_feature=28 26 22 22 20 15 27 26 24 28 22 32 20 31 32 20 24 26 33 33 11 17
split_gain=4.60012 3.703 2.46924 1.27655 1.36104 1.10616 0.765171 0.762648 0.734069 0.493811 0.409349 0.395654 0.374858 0.23159 0.18759 0.0853272 0.0804623 0.0555502 0.0453174 0.0276129 0.0262062 0.0145358
threshold=1.0617836778397359e-12 1.0000000180025095e-35 20.755000114440854 11.494999885559052 104.96500015258751 0.012398644436030901 9.6286857918322629e-06 0.0059988672263424506 50.150000000000013 1.4501994084113204e-05 18.170000076293903 -0.041802236190015447 92.220001220703111 -5.9793903602666371e-07 -0.010208695309820799 98.725002288818359 49.550000000000004 4.1424660973861956e-05 -3.2354468579794993e-07 0.00035878526510795005 1.0379486229872434 -0.0001177582518778
decision_type=2 2 2 2 2 2 2 2 2 2 2 2 2 2 2 2 2 2 2 2 2 2
left_child=1 8 5 7 6 14 9 17 15 -5 -8 19 -13 -7 -3 16 -1 -2 -6 -4 -9 -19
right_child=3 2 11 4 18 13 10 20 -10 -11 -12 12 -14 -15 -16 -17 -18 21 -20 -21 -22 -23
leaf_value=0.0001484504695576818 -0.002106538782139187 0 0.00057357074802096648 -0.0019957680920466249 0.00054147150075953938 -0.00045318633375158069 -0.0022590964788229756 0.0038232383141294122 -0.0047993205915326659 0.00093844654057757002 -0.0047113566745286151 0.0026814840824668667 0.005369067362739172 0.0022687061319668447 0.0031106469170629693 0.00021256392748980987 -0.0018406619268873904 0 0.0025830885595146645 0.0022551065951585767 0.001646094683618487 -0.00074379841687290788
leaf_weight=20 20 21 23 355 20 286 128 45 66 57 154 80 207 28 156 38 73 43 44 32 20 39
leaf_count=20 20 21 23 355 20 286 128 45 66 57 154 80 207 28 156 38 73 43 44 32 20 39
internal_value=8.42006e-06 0.00138711 0.00226291 -0.00152306 -0.00204592 0.000882364 -0.00243444 0.000826749 -0.00227957 -0.00157874 -0.0036443 0.00421133 0.00466575 -0.000181833 0.00275849 -0.000908663 -0.00139037 -0.000769793 0.00204267 0.00166968 0.00329964 -0.000345622
internal_weight=1955 1030 833 925 758 491 694 167 197 412 282 342 287 314 177 131 93 102 64 55 65 82
internal_count=1955 1030 833 925 758 491 694 167 197 412 282 342 287 314 177 131 93 102 64 55 65 82
is_linear=0
shrinkage=0.03


Tree=13
num_leaves=17
num_cat=0
split_feature=21 19 20 23 15 23 30 19 19 11 21 19 28 20 26 15
split_gain=8.26193 2.83927 1.79411 1.41403 0.710535 0.628226 0.398515 0.277055 0.239156 0.191336 0.165959 0.14768 0.116608 0.107136 0.0447787 0.0209579
threshold=1.1950000000000001 100.1632 104.96500015258751 7.366550000000001 0.012994678855909403 1.4393000000000002 1.1960467836926737e-06 99.910550000000015 98.693900000000014 1.0343886856637194 1.0300000000000002 101.0665 2.3249876569253364e-05 93.055000305175767 0.0013527727288036504 0.0088547510741693505
decision_type=2 2 2 2 2 2 2 2 2 2 2 2 2 2 2 2
left_child=10 4 3 5 6 -3 7 -2 -8 13 15 -4 -5 -6 -11 -1
right_child=1 2 11 12 9 -7 8 -9 -10 14 -12 -13 -14 -15 -16 -17
leaf_value=0.0030355549785308538 0.00019055959005693338 -0.0037327664317728013 -0.0001018932425425961 -0.0025348216593064818 -0.00049602727993099463 -0.0012942677140298348 0.00079897887682697419 0.0027180552078705086 0.0039871761934651487 -0.00066519002439277043 0.0025381139690509517 0.002459302355100711 -0.0055767888624001947 0.0010363496175776117 -0.0021837228095302214 0.0055539540987628606
leaf_weight=21 135 110 23 26 58 738 33 54 90 112 34 87 99 114 23 198
leaf_count=21 135 110 23 26 58 738 33 54 90 112 34 87 99 114 23 198
internal_value=8.7424e-06 -0.000744276 -0.0016699 -0.00208217 0.000870609 -0.00162615 0.00187237 0.000959512 0.003195 -0.000146059 0.00503558 0.00190874 -0.00504174 0.00050283 -0.00098749 0.00537026
internal_weight=1955 1702 1083 973 619 848 312 189 123 307 253 110 125 172 135 219
internal_count=1955 1702 1083 973 619 848 312 189 123 307 253 110 125 172 135 219
is_linear=0
shrinkage=0.03


Tree=14
num_leaves=17
num_cat=0
split_feature=21 19 20 19 21 14 23 23 11 30 19 19 23 26 26 26
split_gain=7.78739 2.70587 1.84315 0.979851 0.776036 0.717917 0.320528 0.33913 0.318315 0.205761 0.155148 0.139625 0.127788 0.075361 0.0351571 0.00537857
threshold=1.1950000000000001 100.45905 104.96500015258751 103.38335000000002 1.6650000000000003 0.011160780829740253 0.85785000000000011 1.9056500000000003 1.0059826686033737 1.0000000180025095e-35 98.870050000000006 101.0665 4.5257000000000014 9.2063073323194188e-06 0.0034121562318978507 1.8282943236673592e-13
decision_type=2 2 2 2 2 2 2 2 2 2 2 2 2 2 2 2
left_child=10 5 3 4 -3 6 -2 -8 9 -7 14 -4 -10 -5 15 -1
right_child=1 2 11 13 -6 8 7 -9 12 -11 -12 -13 -14 -15 -16 -17
leaf_value=0.0049184519757023626 -0.00070225546068537076 -9.4384026572559823e-05 -9.918916099167499e-05 -0.00063873606346551235 -0.003022263135174951 -0.00032096272846369225 0.0031434359830010707 0.00065698828543203744 -0.00029183937644651346 0.0016873002918913825 0.0020590247735381125 0.0023879825845671198 -0.0017825009853464284 0.00076694963915416824 0.0063833793162322433 0.0031667055121622979
leaf_weight=133 34 96 23 57 638 71 149 81 208 113 25 87 70 75 58 37
leaf_count=133 34 96 23 57 638 71 149 81 208 113 25 87 70 75 58 37
internal_value=8.74362e-06 -0.000722285 -0.00175258 -0.00221878 -0.00264534 0.000660193 0.0018989 0.00230038 -4.88712e-05 0.000903613 0.00488913 0.00185256 -0.000692885 0.000137022 0.00515569 0.00461606
internal_weight=1955 1702 976 866 734 726 264 230 462 184 253 110 278 132 228 170
internal_count=1955 1702 976 866 734 726 264 230 462 184 253 110 278 132 228 170
is_linear=0
shrinkage=0.03


Tree=15
num_leaves=19
num_cat=0
split_feature=21 19 21 33 15 27 23 23 11 30 28 19 19 21 11 26 15 32
split_gain=7.3466 2.59577 1.03855 1.12378 1.03075 0.625615 0.454561 0.325789 0.256723 0.18029 0.143467 0.109882 0.0817017 0.0789427 0.0730289 0.0204988 0.0600298 0.00743652
threshold=1.155 100.45905 3.0650000000000004 -7.8806968232072996e-15 0.010375735386214053 7.7489783325922925e-06 7.366550000000001 8.2272000000000016 1.0047769941734568 1.712706439113212e-06 6.5124486493901312e-07 100.07525000000003 103.69385000000001 1.0300000000000002 1.0198292417878647 0.0035917434019977004 0.0091984871348234024 -0.0018978321213937996
decision_type=2 2 2 2 2 2 2 2 2 2 2 2 2 2 2 2 2 2
left_child=13 4 3 5 9 -3 8 -5 -6 11 14 -2 -12 15 -4 16 -1 -11
right_child=1 2 10 7 6 -7 -8 -9 -10 17 12 -13 -14 -15 -16 -17 -18 -19
leaf_value=0.0023851601715598786 0.00062387023392199929 0.00012001182913062822 0.0024081503702327606 -0.0028026088397462975 0.00094902909385368263 -0.0022365772806806489 -0.0039949215408414604 -0.005760784727196361 -0.0003479227949661718 0.0021470340453088282 -0.0016642006583025919 0.0029592859144596489 0.00053363257675072262 0.0024964577739351778 7.3488473902334975e-05 0.0062151626020669941 0.0048458142949002123 0.0041427029498985832
leaf_weight=25 53 228 45 407 242 176 21 40 306 21 20 31 40 26 20 57 137 60
leaf_count=25 53 228 45 407 242 176 21 40 306 21 20 31 40 26 20 57 137 60
internal_value=9.3187e-06 -0.000687834 -0.00170016 -0.00207542 0.000655627 -0.000908169 4.04298e-05 -0.00311063 0.000221423 0.00272066 0.00081993 0.00159256 -0.000195721 0.00483672 0.00176884 0.00506355 0.00453454 0.00375618
internal_weight=1955 1710 976 851 734 404 569 447 548 165 125 84 60 245 65 219 162 81
internal_count=1955 1710 976 851 734 404 569 447 548 165 125 84 60 245 65 219 162 81
is_linear=0
shrinkage=0.03


Tree=16
num_leaves=17
num_cat=0
split_feature=21 19 20 15 23 19 23 33 30 19 19 26 19 26 15 32
split_gain=6.93112 2.39944 1.66496 0.959485 0.924329 0.6296 0.42863 0.250559 0.168688 0.137018 0.129766 0.123141 0.103747 0.0298034 0.0527131 0.00140796
threshold=1.1950000000000001 100.45905 104.96500015258751 0.010375735386214053 7.8480500000000006 103.38335000000002 7.366550000000001 5.3715053210705994e-12 1.712706439113212e-06 98.870050000000006 101.0665 6.3375478372896792e-05 100.07525000000003 0.0034121562318978507 0.0094348250416137012 -0.0017433535170015997
decision_type=2 2 2 2 2 2 2 2 2 2 2 2 2 2 2 2
left_child=9 3 4 8 5 -3 7 -5 12 13 -4 -6 -2 14 -1 -10
right_child=1 2 10 6 11 -7 -8 -9 15 -11 -12 -13 -14 -15 -16 -17
leaf_value=0.0023751042899442837 0.00060615678688710815 -0.0021049928814541713 -0.00010126235717549345 -0.00020032123783592836 -0.0027041446804620421 0.00014870112175703981 -0.0038900549635291098 0.0012065362889497465 0.0021081380857073742 0.0019396981599607635 0.0022920659701650341 -0.005566424724956354 0.0028783407579450046 0.0060246847381845844 0.0046519045185246695 0.0040227251409507194
leaf_weight=27 53 630 23 386 35 132 21 157 20 25 87 69 31 58 143 58
leaf_count=27 53 630 23 386 35 132 21 157 20 25 87 69 31 58 143 58
internal_value=9.91675e-06 -0.000679667 -0.00164992 0.000622005 -0.00209313 -0.00171162 2.77946e-05 0.00020535 0.00263444 0.00461425 0.00177569 -0.00473402 0.00154952 0.00486553 0.00435509 0.0036651
internal_weight=1955 1702 976 726 866 762 564 543 162 253 110 104 84 228 170 78
internal_count=1955 1702 976 726 866 762 564 543 162 253 110 104 84 228 170 78
is_linear=0
shrinkage=0.03


Tree=17
num_leaves=18
num_cat=0
split_feature=21 19 20 19 21 15 24 11 11 20 11 26 21 26 26 15 22
split_gain=6.54128 2.30926 1.45117 0.680777 0.892305 0.606907 0.337081 0.202011 0.168522 0.117259 0.0820256 0.0695637 0.0680397 0.0437546 0.0170795 0.0508757 0.00930177
threshold=1.155 100.1632 105.65999984741151 103.38335000000002 1.6650000000000003 0.012994678855909403 49.850000000000001 0.99175507194884649 1.0343886856637194 93.084999084472614 1.0208009147706276 9.2063073323194188e-06 1.0300000000000002 0.0013527727288036504 0.0037807825284186503 0.0091984871348234024 18.090000152587852
decision_type=2 2 2 2 2 2 2 2 2 2 2 2 2 2 2 2 2
left_child=12 5 3 4 -3 6 16 -8 9 -7 -4 -5 14 -10 15 -1 -2
right_child=1 2 10 11 -6 8 7 -9 13 -11 -12 -13 -14 -15 -16 -17 -18
leaf_value=0.0022585860855345212 -0.00081236284215741885 2.2203828444642538e-05 0.002360915946168825 -0.00059979143680830016 -0.0025752720018843893 -0.00053769848526885296 0.0033637299720156058 0.0014975586241734173 -0.00061365708345749773 0.0010376616506997882 0.00015624048418472878 0.00074965743338151897 0.0023598556589206742 -0.0021074393838644025 0.0058807931936393351 0.0045718886270485022 0
leaf_weight=25 26 140 77 57 712 62 86 179 112 113 23 75 26 23 56 138 25
leaf_count=25 26 140 77 57 712 62 86 179 112 113 23 75 26 23 56 138 25
internal_value=1.04322e-05 -0.000647316 -0.00148457 -0.00183653 -0.00214637 0.000797885 0.00171729 0.00214525 -0.000137207 0.000463024 0.00190229 0.000144339 0.00456564 -0.000930174 0.00477857 0.00428239 -0.000446519
internal_weight=1955 1710 1084 984 852 626 316 265 310 175 100 132 245 135 219 163 51
internal_count=1955 1710 1084 984 852 626 316 265 310 175 100 132 245 135 219 163 51
is_linear=0
shrinkage=0.03


Tree=18
num_leaves=16
num_cat=0
split_feature=21 19 20 15 23 19 23 28 23 26 19 27 26 26 11
split_gain=6.17019 2.18491 1.48789 0.90122 0.861588 0.555936 0.393838 0.232836 0.159298 0.140296 0.117646 0.117297 0.0630952 0.079402 0.000140459
threshold=1.155 100.45905 104.96500015258751 0.010375735386214053 7.8480500000000006 103.38335000000002 7.366550000000001 0.0013373831089674001 1.9056500000000003 1.9084258041684535e-06 101.0665 2.4635951020420686e-05 0.0022636941589913003 1.8282943236673592e-13 1.0020856703167154
decision_type=2 2 2 2 2 2 2 2 2 2 2 2 2 2 2
left_child=12 3 4 8 5 -3 7 -5 9 -2 -4 -6 13 -1 -12
right_child=1 2 10 6 11 -7 -8 -9 -10 -11 14 -13 -14 -15 -16
leaf_value=0.00435719635453489 0.00042892292133815912 -0.0019770682811160773 -0.00010028985263600659 2.171961027423589e-05 -0.0024816519959907353 0.00013944228989615416 -0.0037268337765708564 0.0024332362252932329 0.00050213436215805506 0.0034088869668867277 0.0023756664886006289 -0.0052946474097065026 0.0055890464400467667 0.0024014324550144374 0.001141853694844505
leaf_weight=132 20 630 23 512 33 132 21 36 33 112 67 71 66 47 20
leaf_count=132 20 630 23 512 33 132 21 36 33 112 67 71 66 47 20
internal_value=1.10766e-05 -0.0006277 -0.00155654 0.000604616 -0.00197561 -0.0016074 2.90871e-05 0.000197971 0.0025355 0.00299916 0.00168099 -0.0045247 0.00443523 0.0039082 0.00217288
internal_weight=1955 1710 976 734 866 762 569 548 165 132 110 104 245 179 87
internal_count=1955 1710 976 734 866 762 569 548 165 132 110 104 245 179 87
is_linear=0
shrinkage=0.03


Tree=19
num_leaves=16
num_cat=0
split_feature=21 19 20 23 22 19 23 19 23 33 26 19 19 26 26
split_gain=5.81825 2.01917 1.40327 0.814571 0.613312 0.523581 0.38709 0.353222 0.347117 0.234417 0.145877 0.113305 0.111486 0.109617 0.0240942
threshold=1.1950000000000001 100.45905 104.96500015258751 7.8480500000000006 13.715000152587852 103.38335000000002 1.9056500000000003 98.693900000000014 7.366550000000001 2.7987549039325628e-10 2.8039945849538316e-08 98.870050000000006 101.0665 6.3375478372896792e-05 0.0037807825284186503
decision_type=2 2 2 2 2 2 2 2 2 2 2 2 2 2 2
left_child=11 4 3 5 6 -3 7 -2 9 -6 -8 14 -4 -5 -1
right_child=1 2 12 13 8 -7 10 -9 -10 -11 -12 -13 -14 -15 -16
leaf_value=0.0039972059307779575 -0.00062716277047991751 -0.001918037320306509 -9.7628310385446695e-05 -0.0024852525559989243 -0.00038032177404849401 0.00013535198439430034 0.001892932802828592 0.0033001259697744479 -0.0036290043098852038 0.0011439818150910119 -0.00019292139693061474 0.0017744171934734496 0.0021122120814708371 -0.0051801297416289652 0.0055541943538997135
leaf_weight=172 22 630 23 35 296 132 40 127 21 127 93 25 87 69 56
leaf_count=172 22 630 23 35 296 132 40 127 21 127 93 25 87 69 56
internal_value=1.13979e-05 -0.000620279 -0.00151041 -0.00191744 0.00057355 -0.00155927 0.0016604 0.00269959 -0.000116543 7.51207e-05 0.000440262 0.00423005 0.00163328 -0.00439635 0.00445978
internal_weight=1955 1702 976 866 726 762 282 149 444 423 133 253 110 104 228
internal_count=1955 1702 976 866 726 762 282 149 444 423 133 253 110 104 228
is_linear=0
shrinkage=0.03


Tree=20
num_leaves=18
num_cat=0
split_feature=19 19 20 23 19 19 28 19 23 24 26 27 20 11 33 28 20
split_gain=5.40446 1.2002 0.955146 1.2539 0.933195 0.621286 0.518341 0.491224 0.42156 0.406387 0.354589 0.170686 0.14805 0.0704758 0.0507737 0.0484117 0.0202882
threshold=99.017550000000014 97.858700000000013 105.65999984741151 7.366550000000001 100.45905 98.693900000000014 0.0013373831089674001 103.38335000000002 2.5012000000000003 52.050000000000004 1.7395155386050396e-05 0.0051087468382938509 91.594997406005817 1.0208009147706276 1.3692189268268351e-07 2.7512908030198563e-16 99.45000076293941
decision_type=2 2 2 2 2 2 2 2 2 2 2 2 2 2 2 2 2
left_child=1 12 3 4 6 9 -2 -6 14 11 -5 -3 -1 -4 -7 -14 -10
right_child=2 5 13 10 7 8 -8 -9 16 -11 -12 -13 15 -15 -16 -17 -18
leaf_value=0.0012528223875586106 -0.00032488237470025398 0.00016503634941017362 0.0021757378173409962 -9.2988281148870499e-05 -0.0018566239365893514 0.0026196161803507477 0.0022363171963634349 0.00013138165825803298 0.00050732247324893249 0.0035969301778078075 -0.0045843558714930279 -0.0018914379666352436 0.0055173969034965223 0.00012548207284775203 0.0042861437076330182 0.003812752169420956 -0.00068923010408878326
leaf_weight=20 276 103 77 20 631 106 92 132 22 22 115 51 62 23 47 134 22
leaf_count=20 276 103 77 20 631 106 92 132 22 22 115 51 62 23 47 134 22
internal_value=1.12582e-05 0.00240772 -0.00102288 -0.00124795 -0.000912306 0.00134728 0.000320237 -0.00150961 0.00249149 2.94942e-05 -0.00395719 -0.000520024 0.0041817 0.00175069 0.00322337 0.0044421 -3.29296e-05
internal_weight=1955 589 1366 1266 1131 373 368 763 197 176 135 154 216 100 153 196 44
internal_count=1955 589 1366 1266 1131 373 368 763 197 176 135 154 216 100 153 196 44
is_linear=0
shrinkage=0.03


Tree=21
num_leaves=23
num_cat=0
split_feature=28 26 23 22 20 22 26 23 24 23 11 26 20 20 23 15 26 10 26 22 23 10
split_gain=2.68531 2.47471 1.50453 0.929755 0.838129 0.826246 0.943677 0.714634 0.537795 0.473036 0.341337 0.333352 0.319808 0.287409 0.121893 0.120951 0.0535694 0.0455144 0.0242485 0.0136827 0.0102701 0.00486905
threshold=1.0617836778397359e-12 1.0000000180025095e-35 1.6552000000000002 11.494999885559052 105.65999984741151 18.714999198913503 0.00062581559057180017 7.366550000000001 50.150000000000013 1.9056500000000003 1.0092143812774592 1.7395155386050396e-05 91.319999694824162 93.13499832153316 0.78200000000000014 0.010720933566240152 4.1424660973861956e-05 0.97439925416626261 0.0037807825284186503 22.460000038146905 0.23350000000000001 0.98990731813823063
decision_type=2 2 2 2 2 2 2 2 2 2 2 2 2 2 2 2 2 2 2 2 2 2
left_child=1 8 5 9 7 6 -3 12 14 -2 13 -9 -5 -4 17 -12 -11 -1 -7 -16 -10 -18
right_child=3 2 10 4 -6 18 -8 11 20 16 15 -13 -14 -15 19 -17 21 -19 -20 -21 -22 -23
leaf_value=-0.00019854608257301149 0.0029660458479259838 0.0032126087941061914 -0.00022900036035042087 -0.0033303928658366204 0.0018928155271630536 0.0037692836078016883 -0.0016235179101101685 -9.0562499568635663e-05 -0.0046244561634957793 -0.0015975420411660983 0.0018116426487331803 -0.0044503217026970144 -0.0011141447559187515 0.0021304972761641504 0 -0.00046612862481236879 0.00033983293115161359 -0.0018321746370638719 0.0052399119603431833 0.00096042063759639855 -0.0023790452089160678 -0.00011881153288458545
leaf_weight=27 58 86 63 67 54 193 58 20 45 20 20 115 502 149 21 208 27 61 56 22 21 62
leaf_count=27 58 86 63 67 54 193 58 20 45 20 20 115 502 149 21 208 27 61 56 22 21 62
internal_value=1.19311e-05 0.00106564 0.00178213 -0.00115781 -0.0016046 0.00312581 0.00125094 -0.001884 -0.00193027 0.000845045 0.000562158 -0.00384218 -0.00139645 0.00142196 -0.000753601 -0.000232404 -0.000305993 -0.00138698 0.00417037 0.000483325 -0.00408799 0
internal_weight=1955 1030 833 925 758 393 144 704 197 167 440 135 569 212 131 228 109 88 249 43 66 89
internal_count=1955 1030 833 925 758 393 144 704 197 167 440 135 569 212 131 228 109 88 249 43 66 89
is_linear=0
shrinkage=0.03


Tree=22
num_leaves=18
num_cat=0
split_feature=21 19 20 19 21 22 11 19 19 20 31 19 26 11 20 26 26
split_gain=4.87903 1.69869 1.18341 0.637603 0.600021 0.517167 0.335387 0.220953 0.504503 0.180983 0.130019 0.0990603 0.0656205 0.0630122 0.02505 0.0181729 0.043735
threshold=1.1950000000000001 100.45905 105.65999984741151 103.38335000000002 1.6650000000000003 13.715000152587852 1.0039922944036312 99.017550000000014 98.693900000000014 99.45000076293941 0.0023887532939162507 98.870050000000006 9.2063073323194188e-06 1.0171874847842715 94.905002593994126 0.0022636941589913003 1.8282943236673592e-13
decision_type=2 2 2 2 2 2 2 2 2 2 2 2 2 2 2 2 2
left_child=11 5 3 4 -3 6 14 8 -7 -8 -9 15 -5 -4 -2 16 -1
right_child=1 2 13 12 -6 7 9 10 -10 -11 -12 -13 -14 -15 -16 -17 -18
leaf_value=0.0039129114682950519 0.0013115507784076843 0.00010282061997338931 0.0021071197527620061 -0.00056252026619695234 -0.0024051236260209173 -0.00049248746849969022 0.0014972501382585631 -0.0004302082152068826 0.0026509052097292928 -0.00037947708878737803 -0.0026448042387408866 0.0015846247980371116 0.00074674720476804602 0.00024878846711944789 0.0031916129938659391 0.0049829442999933075 0.0019548486771046782
leaf_weight=133 20 96 73 57 648 122 106 228 69 75 25 25 75 27 81 66 29
leaf_count=133 20 96 73 57 648 122 106 228 69 75 25 25 75 27 81 66 29
internal_value=1.13285e-05 -0.000566993 -0.00138351 -0.00173841 -0.00207839 0.000527756 0.00152583 -0.000105433 0.000651053 0.000709788 -0.00068919 0.00387462 0.000159223 0.00165636 0.00289674 0.00408889 0.00362249
internal_weight=1955 1702 976 876 744 726 282 444 191 181 253 253 132 100 101 228 162
internal_count=1955 1702 976 876 744 726 282 444 191 181 253 253 132 100 101 228 162
is_linear=0
shrinkage=0.03


Tree=23
num_leaves=17
num_cat=0
split_feature=21 19 20 15 23 23 23 11 23 31 19 20 28 15 20 11
split_gain=4.60218 1.62947 1.11849 0.706457 0.675495 0.43975 0.293428 0.196217 0.13553 0.101106 0.0931891 0.0638432 0.0462905 0.0661742 0.0200244 0.00105241
threshold=1.155 100.45905 104.96500015258751 0.010375735386214053 7.8480500000000006 1.4393000000000002 7.366550000000001 1.0047769941734568 1.9056500000000003 0.00013280315621255003 101.0665 98.295001983642564 -0.0041597232372231488 0.011272105945662402 93.055000305175767 1.0020856703167154
decision_type=2 2 2 2 2 2 2 2 2 2 2 2 2 2 2 2
left_child=12 3 4 8 5 -3 7 -5 11 -6 -4 -2 -1 -14 -15 -12
right_child=1 2 10 6 9 -7 -8 -9 -10 -11 15 -13 13 14 -16 -17
leaf_value=0.0048296187611562864 0.0029495406449488973 -0.0033617307425394733 -0.00010810380892899747 0.00079782433184148857 -0.0022010036956232326 -0.0011018212987093682 -0.0032271565841510892 -0.00033607378174356988 0.00036464023470398385 -0.004721134926861441 0.0020895624016228666 0.00073753732511692722 0.0021977979309871915 0.0023691746131940319 0.0042291903144315536 0.00095218515217952119
leaf_weight=67 112 88 23 242 36 674 21 306 33 68 67 20 59 30 89 20
leaf_count=67 112 88 23 242 36 674 21 306 33 68 67 20 59 30 89 20
internal_value=1.20172e-05 -0.000539449 -0.00134171 0.000524364 -0.00170528 -0.00137889 1.42804e-05 0.000160835 0.00223385 -0.00396299 0.00146335 0.00266045 0.00383308 0.00336758 0.00385466 0.00190188
internal_weight=1955 1710 976 734 866 762 569 548 165 104 110 132 245 178 119 87
internal_count=1955 1710 976 734 866 762 569 548 165 104 110 132 245 178 119 87
is_linear=0
shrinkage=0.03


Tree=24
num_leaves=18
num_cat=0
split_feature=21 19 20 21 19 15 24 11 26 11 20 11 26 26 26 22 15
split_gain=4.34329 1.53677 0.975605 0.513061 0.684737 0.448798 0.247889 0.175 0.164183 0.136932 0.103088 0.0560948 0.0428112 0.0611727 0.03545 0.008805 0.00519263
threshold=1.155 100.1632 105.65999984741151 1.6650000000000003 103.38335000000002 0.012994678855909403 49.850000000000001 0.99175507194884649 3.9908697649408802e-11 1.0343886856637194 92.81499862670897 1.0171874847842715 0.0022636941589913003 1.8282943236673592e-13 0.0013527727288036504 18.090000152587852 0.011272105945662402
decision_type=2 2 2 2 2 2 2 2 2 2 2 2 2 2 2 2 2
left_child=12 5 3 8 -5 6 15 -8 -3 10 -7 -4 13 16 -11 -2 -1
right_child=1 2 11 4 -6 9 7 -9 -10 14 -12 -13 -14 -15 -16 -17 -18
leaf_value=0.0023108255539555102 -0.00075852897638005424 0.0022862567024098499 0.0019932507471193709 -0.002141046379154981 0.00018622226773295551 -0.00071407569882733063 0.0029408757057449038 0.0012152861024084844 -0.00029667188355655402 -0.00057294520429416519 0.00085179098705262979 0.00023226651686709374 0.004701366386335829 0.0019625580423139033 -0.0019307462687675767 0 0.0039444775772896016
leaf_weight=29 26 24 73 712 132 49 86 179 116 112 126 27 66 47 23 25 103
leaf_count=29 26 24 73 712 132 49 86 179 116 112 126 27 66 47 23 25 103
internal_value=1.20456e-05 -0.000523642 -0.00120683 -0.00149573 -0.00177415 0.000654738 0.00144567 0.00181313 0.000163811 -0.000148048 0.000391849 0.00156752 0.00372413 0.00327576 -0.000862957 -0.000402794 0.00366712
internal_weight=1955 1710 1084 984 844 626 316 265 140 310 175 100 245 179 135 51 132
internal_count=1955 1710 1084 984 844 626 316 265 140 310 175 100 245 179 135 51 132
is_linear=0
shrinkage=0.03


Tree=25
num_leaves=25
num_cat=0
split_feature=28 26 23 22 27 22 26 23 24 23 23 11 11 20 23 23 15 11 27 10 26 23 22 33
split_gain=2.11045 2.03531 1.19371 0.802853 0.772282 0.655701 0.831404 0.615818 0.45229 0.448842 0.388235 0.298775 0.284584 0.252485 0.198366 0.104932 0.100066 0.0748212 0.0461621 0.042186 0.0164125 0.0144655 0.0124772 0.00694818
threshold=1.0617836778397359e-12 1.0000000180025095e-35 1.6552000000000002 11.494999885559052 6.7240704008044474e-06 18.714999198913503 0.00062581559057180017 2.3315000000000006 50.150000000000013 7.366550000000001 1.9056500000000003 1.0094257219072833 1.0092143812774592 93.13499832153316 2.2220500000000007 0.78200000000000014 0.010720933566240152 1.0149259476806862 1.2014336899374865e-05 0.97439925416626261 0.0037807825284186503 0.23350000000000001 22.460000038146905 1.6779454994155843e-06
decision_type=2 2 2 2 2 2 2 2 2 2 2 2 2 2 2 2 2 2 2 2 2 2 2 2
left_child=1 8 5 10 7 6 -3 11 15 14 -2 -5 13 -4 -6 19 -14 -9 -12 -1 -7 -10 -17 -20
right_child=3 2 12 4 9 20 -8 17 21 -11 18 -13 16 -15 -16 22 -18 -19 23 -21 -22 -23 -24 -25
leaf_value=-0.00013845691420137881 0.0027564272331531909 0.0029632774145876089 -0.0002495212886847598 -0.00062334303857214239 0.00075804121246457934 0.0033662328837529695 -0.0015746031697824229 0.0014748389155309844 -0.0042719837240874766 -0.0040827929632738227 -0.0013228259123861787 -0.002528203109279275 0.0016413793416450852 0.0019591753853141869 -0.0020097284660614951 0 -0.00042881960546050518 0 0.00042525981665853207 -0.0017033438458456656 0.0046774296886840103 -0.0021090129548683757 0.00091206598553806543 -7.9506617378633968e-05
leaf_weight=27 58 86 63 201 24 193 58 92 45 117 23 123 20 149 155 21 208 46 34 61 56 21 22 52
leaf_count=27 58 86 63 201 24 193 58 92 45 117 23 123 20 149 155 21 208 46 34 61 56 21 22 52
internal_value=1.2617e-05 0.000946919 0.00159692 -0.00102421 -0.00143965 0.00279402 0.00112028 -0.000657136 -0.0017693 -0.00263212 0.000835943 -0.00137222 0.000509248 0.00129454 -0.00161577 -0.000687981 -0.000215278 0.000993954 -0.00020564 -0.00127657 0.0037252 -0.00374886 0.000456049 9.39522e-05
internal_weight=1955 1030 833 925 758 393 144 462 197 296 167 324 440 212 179 131 228 138 109 88 249 66 43 86
internal_count=1955 1030 833 925 758 393 144 462 197 296 167 324 440 212 179 131 228 138 109 88 249 66 43 86
is_linear=0
shrinkage=0.03


Tree=26
num_leaves=21
num_cat=0
split_feature=19 21 22 20 23 19 23 20 23 26 26 11 27 32 15 15 19 26 19 20
split_gain=3.86315 1.0686 0.7623 0.857161 0.714115 0.634267 0.447096 0.357465 0.347923 0.277849 0.151525 0.0492578 0.0412317 0.0367977 0.0474538 0.0317642 0.0258956 0.0185406 0.0159763 0.0107338
threshold=99.017550000000014 1.2650000000000003 11.265000343322702 105.65999984741151 7.366550000000001 98.693900000000014 0.37465000000000009 95.63499832153316 2.5012000000000003 1.7395155386050396e-05 0.00089615089165710011 1.0208009147706276 1.2014336899374865e-05 -0.022773571210383644 0.010174850298086152 0.012544796375218152 98.941250000000011 0.0029254974493233507 98.853950000000012 93.014999389648423
decision_type=2 2 2 2 2 2 2 2 2 2 2 2 2 2 2 2 2 2 2 2
left_child=1 13 7 4 6 10 -4 12 16 -6 15 -5 -2 -1 -15 -3 -7 -14 -10 -16
right_child=2 5 3 11 9 8 -8 -9 18 -11 -12 -13 17 14 19 -17 -18 -19 -20 -21
leaf_value=0.0045997080932963985 -0.001090706105708428 0.001181743075767451 -0.0028586518977381354 0.001847011256532278 0 0.003310702665903411 -0.00082756254304507159 0.0029983056258144126 -0.000675761950314045 -0.0039541787092842295 -0.0017351492243922418 0.00010691779098795869 3.0775808876800077e-05 0.0018887881997798103 0.002455780562067118 -3.9399275363006804e-05 0.0018625398105644481 0.0010712310072343351 0.0003699425057228655 0.0038186956987612776
leaf_weight=52 20 20 110 77 20 88 860 53 22 115 51 23 68 45 49 91 44 20 22 105
leaf_count=52 20 20 110 77 20 88 860 53 22 115 51 23 68 45 49 91 44 20 22 105
internal_value=1.20186e-05 0.00203836 -0.000862074 -0.00112237 -0.00136495 0.000911866 -0.00106908 0.0010527 0.00214619 -0.00339963 -0.000425585 0.00149069 1.565e-05 0.00351482 0.00315238 0.000179619 0.00290232 0.00032773 -9.88401e-05 0.00345936
internal_weight=1955 589 1366 1205 1105 338 970 161 176 135 162 100 108 251 199 111 132 88 44 154
internal_count=1955 589 1366 1205 1105 338 970 161 176 135 162 100 108 251 199 111 132 88 44 154
is_linear=0
shrinkage=0.03


Tree=27
num_leaves=16
num_cat=0
split_feature=21 19 20 15 23 19 23 28 23 31 19 19 20 32 15
split_gain=3.64419 1.29413 0.902319 0.567874 0.558722 0.382813 0.233378 0.16483 0.117228 0.0913013 0.0786357 0.078257 0.051763 0.0130466 0.0490286
threshold=1.1950000000000001 100.45905 104.96500015258751 0.010375735386214053 7.8480500000000006 103.38335000000002 7.366550000000001 0.0013373831089674001 1.9056500000000003 0.00013280315621255003 98.870050000000006 101.0665 98.295001983642564 -0.022773571210383644 0.010174850298086152
decision_type=2 2 2 2 2 2 2 2 2 2 2 2 2 2 2
left_child=10 3 4 8 5 -3 7 -5 12 -6 13 -4 -2 -1 -15
right_child=1 2 11 6 9 -7 -8 -9 -10 -11 -12 -13 -14 14 -16
leaf_value=0.0044692437196319759 0.0026887548061952527 -0.0015365752462451886 -0.00011179466796322509 0 -0.0019313677977770565 0.00021580162674630023 -0.0028798816604539749 0.0020216243653916398 0.00028238863939380587 -0.004293046412753387 0.0013143275135329791 0.0017205279164792351 0.00066815257008673377 0.0018089605572500398 0.0035028624263725105
leaf_weight=52 109 630 23 507 36 132 21 36 33 68 25 87 20 39 137
leaf_count=52 109 630 23 507 36 132 21 36 33 68 25 87 20 39 137
internal_value=1.25088e-05 -0.000487093 -0.00119991 0.000468057 -0.00152664 -0.00122944 9.76952e-06 0.000142228 0.00201621 -0.00358065 0.00335151 0.00131806 0.00242052 0.00354193 0.00318088
internal_weight=1955 1702 976 726 866 762 564 543 162 104 253 110 129 228 176
internal_count=1955 1702 976 726 866 762 564 543 162 104 253 110 129 228 176
is_linear=0
shrinkage=0.03


Tree=28
num_leaves=21
num_cat=0
split_feature=19 21 22 20 23 19 23 23 20 26 26 11 33 20 26 15 11 20 19 26
split_gain=3.45577 0.945734 0.695805 0.767154 0.634705 0.588916 0.416017 0.320775 0.319771 0.249076 0.14241 0.0445335 0.0339256 0.0332777 0.0325517 0.0530206 0.0302516 0.0214439 0.0151819 0.01401
threshold=99.017550000000014 1.2650000000000003 11.265000343322702 105.65999984741151 7.366550000000001 98.693900000000014 0.37465000000000009 2.5012000000000003 95.63499832153316 1.7395155386050396e-05 0.00089615089165710011 1.0171874847842715 1.3692189268268351e-07 92.584999084472614 0.0021505094510417505 0.011272105945662402 1.1108485115412852 93.055000305175767 98.853950000000012 0.0029254974493233507
decision_type=2 2 2 2 2 2 2 2 2 2 2 2 2 2 2 2 2 2 2 2
left_child=1 14 8 4 6 10 -4 12 13 -6 16 -5 -7 -2 15 -1 -3 -17 -9 -15
right_child=2 5 3 11 9 7 -8 18 -10 -11 -12 -13 -14 19 -16 17 -18 -19 -20 -21
leaf_value=0.0019172441619818776 -0.0008369446029828395 0.00044114797780223721 -0.0027392703142940207 0.001788804915856178 0 0.0021668471066884445 -0.00078005069696437165 -0.00065859956994652753 0.0028555156424907705 -0.0037362081474482511 -0.0016889741790946573 0.00020446868680883197 0.0036439039336144926 6.1734408177223726e-05 0.0041891462074858804 0.0020149892051875428 -0.00069833393961576235 0.0037165442330221979 0.00036017601929605008 0.00099579946666389038
leaf_weight=63 25 88 110 73 20 85 860 22 53 115 51 27 47 63 67 31 23 90 22 20
leaf_count=63 25 88 110 73 20 85 860 22 53 115 51 27 47 63 67 31 23 90 22 20
internal_value=1.26642e-05 0.00192927 -0.000813974 -0.00106273 -0.0012923 0.000868623 -0.00101307 0.0020582 0.00101495 -0.00321119 -0.000419496 0.00140858 0.00278428 3.19226e-05 0.00331861 0.00292346 0.00016656 0.0033641 -9.49061e-05 0.00034858
internal_weight=1955 589 1366 1205 1105 338 970 176 161 135 162 100 132 108 251 184 111 121 44 83
internal_count=1955 589 1366 1205 1105 338 970 176 161 135 162 100 132 108 251 184 111 121 44 83
is_linear=0
shrinkage=0.03


Tree=29
num_leaves=22
num_cat=0
split_feature=19 21 22 19 21 33 19 31 23 23 26 33 16 33 26 15 11 15 21 19 11
split_gain=3.25891 0.892734 0.656579 0.556271 0.431394 0.438236 0.667236 0.33476 0.302884 0.286714 0.134348 0.0619506 0.032609 0.0317283 0.0299508 0.0495205 0.0286368 0.0261703 0.0199334 0.0144069 0.0116251
threshold=99.017550000000014 1.2650000000000003 11.265000343322702 98.693900000000014 3.0650000000000004 -7.8806968232072996e-15 100.45905 0.0044267511242969014 2.5012000000000003 1.9056500000000003 0.00089615089165710011 -1.8848886503955014e-07 50.234988800151065 1.3692189268268351e-07 0.0021505094510417505 0.011272105945662402 1.1108485115412852 0.0098914345282360514 3.6750000000000003 98.853950000000012 0.99296306339589047
decision_type=2 2 2 2 2 2 2 2 2 2 2 2 2 2 2 2 2 2 2 2 2
left_child=1 14 9 10 5 7 -7 -4 13 -2 16 18 -13 -5 15 -1 -3 -11 -6 -10 -19
right_child=2 3 4 8 11 6 -8 -9 19 17 -12 12 -14 -15 -16 -17 -18 20 -20 -21 -22
leaf_value=0.0018623412799629892 0.002574978504773407 0.00042834984265449502 -0.00022479743998708314 0.0021040577739821114 -0.00090221810690127309 -0.00037516075275567006 -0.0024924135782938639 -0.002634822414070368 -0.00064121253781020636 -0.00090031453962032893 -0.0016411199088939208 0.0015510694694547157 0.00021674921098668634 0.0035411458352208138 0.0040688577976609984 0.0032680616002650031 -0.0006798012205914487 0.00081754825231821642 0.00027964846845513771 0.00035066737459972503 0
leaf_weight=63 60 88 421 85 21 210 392 57 22 20 51 50 34 47 67 121 23 20 20 22 61
leaf_count=63 60 88 421 85 21 210 392 57 22 20 51 50 34 47 67 121 23 20 20 22 61
internal_value=1.30869e-05 0.00187434 -0.000789617 0.000843505 -0.0010313 -0.00122513 -0.00176432 -0.000533063 0.00199972 0.000986741 -0.000407973 0.000609415 0.00107157 0.00270529 0.00322431 0.0028404 0.00016057 0 -0.000277757 -9.07155e-05 0.000241776
internal_weight=1955 589 1366 338 1205 1080 602 478 176 161 162 125 84 132 251 184 111 101 41 44 81
internal_count=1955 589 1366 338 1205 1080 602 478 176 161 162 125 84 132 251 184 111 101 41 44 81
is_linear=0
shrinkage=0.03


Tree=30
num_leaves=24
num_cat=0
split_feature=19 21 22 19 21 33 19 32 23 23 26 32 33 33 32 15 13 11 15 19 11 32 11
split_gain=3.07221 0.841852 0.619223 0.525446 0.407971 0.44703 0.679672 0.318303 0.285994 0.270483 0.126742 0.0693437 0.0355976 0.0296569 0.0287744 0.0367776 0.0281024 0.0280175 0.0248433 0.0136717 0.0110059 0.00121076 0.000854779
threshold=99.017550000000014 1.2650000000000003 11.265000343322702 98.693900000000014 3.0450000000000004 -7.8806968232072996e-15 100.45905 0.010174672361040651 2.5012000000000003 1.9056500000000003 0.00089615089165710011 4.4408395796961211e-05 -9.5441827848210677e-08 1.3692189268268351e-07 -0.022773571210383644 0.010174850298086152 1.0157331876437528 1.0208009147706276 0.0098914345282360514 98.853950000000012 0.99296306339589047 -0.035426950627919389 1.0151599669309539
decision_type=2 2 2 2 2 2 2 2 2 2 2 2 2 2 2 2 2 2 2 2 2 2 2
left_child=1 14 9 10 5 7 -7 -4 13 22 16 17 -13 -5 21 -16 -3 -6 -11 -10 -20 -1 -2
right_child=2 3 4 8 11 6 -8 -9 19 18 -12 12 -14 -15 15 -17 -18 -19 20 -21 -22 -23 -24
leaf_value=0.0024665211468287134 0.0029865465822319186 0.00069573408734782672 -0.00019862620079034697 0.0020430879173681288 0.0014595955204152102 -0.00036406444323422964 -0.0025138239555893187 -0.0025332385809695135 -0.00062428453221917153 -0.00087682805258942681 -0.0015946214908552872 -0.0011671986166873704 0.00022792846516061287 0.0034412854825705292 0.001670228012902953 0.0030782679887295691 -0.0002248365910808471 1.589601681916974e-05 0.00079622087749126166 0.00034140974834561349 0 0.0047492546451943264 0.0015691002072766422
leaf_weight=20 33 48 416 85 53 210 378 58 22 20 51 20 49 47 45 154 63 21 20 22 61 32 27
leaf_count=20 33 48 416 85 53 210 378 58 22 20 51 20 49 47 45 154 63 21 20 22 61 32 27
internal_value=1.32952e-05 0.00182049 -0.000766033 0.000819114 -0.00100078 -0.00120382 -0.00175687 -0.000504721 0.00194293 0.000958782 -0.000396766 0.000480312 -0.000166573 0.00262856 0.00313155 0.00280425 0.000154765 0.00110544 0 -8.66355e-05 0.000235936 0.00410825 0.00250141
internal_weight=1955 589 1366 338 1205 1062 588 474 176 161 162 143 69 132 251 199 111 74 101 44 81 52 60
internal_count=1955 589 1366 338 1205 1062 588 474 176 161 162 143 69 132 251 199 111 74 101 44 81 52 60
is_linear=0
shrinkage=0.03


Tree=31
num_leaves=23
num_cat=0
split_feature=19 21 22 19 27 27 33 22 19 24 26 26 19 26 33 32 15 15 27 30 17 32
split_gain=2.89754 0.794761 0.585054 0.49617 0.403874 0.625618 0.483309 0.273044 0.199658 0.199401 0.119643 0.112752 0.094316 0.0940688 0.0431578 0.0276627 0.0338558 0.0273724 0.0204308 0.0168748 0.00440296 0.000144357
threshold=99.017550000000014 1.2650000000000003 11.265000343322702 98.693900000000014 0.0048533094963792009 8.390059544668808e-06 -7.8806968232072996e-15 19.574999809265055 101.02135000000001 51.650000000000013 0.00089615089165710011 0.015157732415738152 99.910550000000015 0.00035716388692630006 -0.00050527935518489991 -0.022773571210383644 0.010174850298086152 0.012544796375218152 1.2014336899374865e-05 0.012372101604012703 -0.00061305409684919991 -0.035426950627919389
decision_type=2 2 2 2 2 2 2 2 2 2 2 2 2 2 2 2 2 2 2 2 2 2
left_child=1 15 8 10 5 6 -4 -7 12 13 17 14 -2 -5 -6 21 -17 -3 -10 -13 -20 -1
right_child=2 3 4 9 11 7 -8 -9 18 -11 -12 19 -14 -15 -16 16 -18 -19 20 -21 -22 -23
leaf_value=0.002402177051681539 0.00015729899433583716 0.0010823117724743814 0.0002781584300650654 0.0026145795673311041 0 -0.0014815362142999032 -0.0012798639379413136 -0.0033427801061588435 -0.0009827704083012498 -0.00055464321811898398 -0.0015494405661787215 0 0.0024336963810903185 0.00042876330089498441 0.0015238183849956839 0.0016232528054242721 0.0029876845808592951 -5.1349614940068497e-05 0.00039007801021216437 -0.0011235564510958889 -0.00011719377996632829 0.004618989390134812
leaf_weight=20 26 20 286 127 25 191 461 131 20 23 51 20 65 26 67 45 154 91 21 24 29 32
leaf_count=20 26 20 286 127 25 191 461 131 20 23 51 20 65 26 67 45 154 91 21 24 29 32
internal_value=1.38131e-05 0.00176892 -0.000742992 0.000795617 -0.000971207 -0.00116774 -0.000680625 -0.00227185 0.000933299 0.00188776 -0.000385476 0.000543901 0.00184099 0.00227775 0.0011411 0.0030429 0.00272269 0.000149704 -0.000232768 -0.000634084 4.92768e-05 0.00399845
internal_weight=1955 589 1366 338 1205 1069 747 322 161 176 162 136 91 153 92 251 199 111 70 44 50 52
internal_count=1955 589 1366 338 1205 1069 747 322 161 176 162 136 91 153 92 251 199 111 70 44 50 52
is_linear=0
shrinkage=0.03


Tree=32
num_leaves=20
num_cat=0
split_feature=19 21 22 20 23 23 23 23 27 27 11 32 11 20 12 10 27 24 11
split_gain=2.73236 0.751971 0.553038 0.660746 0.554149 0.44675 0.354773 0.279032 0.214448 0.190522 0.0741465 0.0500017 0.037572 0.0370562 0.0290173 0.0264518 0.0168115 0.0166474 0.00597482
threshold=99.017550000000014 1.7550000000000001 11.494999885559052 105.65999984741151 7.366550000000001 2.6553500000000008 0.37465000000000009 1.9056500000000003 7.2302196362122405e-06 0.0053776282508356506 1.0039922944036312 -0.022773571210383644 1.0208009147706276 92.75500106811522 1.0287334675964239 1.0012280335189003 4.6956691424417945e-06 51.750000000000007 1.0306120435480133
decision_type=2 2 2 2 2 2 2 2 2 2 2 2 2 2 2 2 2 2 2
left_child=1 5 7 4 6 11 -4 18 -6 10 -3 -1 -5 -9 -13 -7 -12 -15 -2
right_child=2 9 3 12 8 15 -8 13 -10 -11 16 14 -14 17 -16 -17 -18 -19 -20
leaf_value=0.0038916212179444056 0.0027517343123753869 0.0016253865282217571 -0.0025006199267783523 0.0016450769031420352 0 0.00072564938907850192 -0.00068854352158350936 -0.00088138587714825653 -0.0034524676663706361 -0.0016121924632057851 -0.00023295529461220691 0.002639458614670109 0.00010273931016966413 0 0.0009876903546391987 -0.00041003032541111676 0.00072348010500528569 0.0008877348123480463 0.0012296740934657662
leaf_weight=52 42 39 110 77 20 30 840 32 115 46 54 290 23 63 21 37 20 24 20
leaf_count=52 42 39 110 77 20 30 840 32 115 46 54 290 23 63 21 37 20 24 20
internal_value=1.39878e-05 0.00171838 -0.000720886 -0.000957877 -0.00117485 0.0023664 -0.000908722 0.000804701 -0.00296538 -2.69729e-05 0.000617481 0.00277898 0.00133279 -3.31608e-05 0.00254798 6.49317e-05 4.69598e-06 0.000264477 0.00238632
internal_weight=1955 589 1366 1185 1085 430 950 181 135 159 113 363 100 119 311 67 74 87 62
internal_count=1955 589 1366 1185 1085 430 950 181 135 159 113 363 100 119 311 67 74 87 62
is_linear=0
shrinkage=0.03


Tree=33
num_leaves=23
num_cat=0
split_feature=19 22 22 19 32 27 23 23 23 23 23 26 26 11 12 15 33 11 11 32 11 32
split_gain=2.57424 0.58354 0.522208 0.424741 0.367243 0.666923 0.714685 0.322638 0.264074 0.225103 0.219993 0.08216 0.0564905 0.0322455 0.031959 0.0266144 0.0168432 0.0117234 0.0107412 0.00874889 0.00507658 0.00219815
threshold=99.017550000000014 19.275000572204554 11.494999885559052 98.693900000000014 -0.004862918990022249 8.390059544668808e-06 2.3315000000000006 2.2220500000000007 1.9056500000000003 1.6552000000000002 2.5012000000000003 0.00089615089165710011 0.015157732415738152 1.0047769941734568 1.0143924503897892 0.0098914345282360514 1.3692189268268351e-07 1.0635424425288271 0.99296306339589047 -0.022773571210383644 1.0306120435480133 -0.035426950627919389
decision_type=2 2 2 2 2 2 2 2 2 2 2 2 2 2 2 2 2 2 2 2 2 2
left_child=1 3 8 11 12 6 -6 -7 20 19 16 14 13 -4 -1 -10 -5 -11 -17 21 -2 -3
right_child=2 9 4 10 5 7 -8 -9 15 17 -12 -13 -14 -15 -16 18 -18 -19 -20 -21 -22 -23
leaf_value=0.00055432488450969685 0.0026746857697765034 0.0022379909718166224 0.0012407690300817854 0.0018001968281256943 -0.0011796169704493334 0.00083456727996882463 0.00094365241657217076 -0.0026133092449033266 -0.00088426729435256369 0.0010475883140666957 -0.00032684692613956694 -0.0014716710931873724 -0.00046365112035816379 0.00010877312617958522 -0.00061561287572368278 0.00068390802231927707 0.0030285435959019444 3.7960439175367289e-06 0 0.0026867959622595568 0.0011975956395592379 0.0043855553793055672
leaf_weight=45 42 20 63 83 552 24 188 275 24 31 34 51 38 45 34 24 41 22 71 196 20 32
leaf_count=45 42 20 63 83 552 24 188 275 24 31 34 51 38 45 34 24 41 22 71 196 20 32
internal_value=1.4017e-05 0.0016684 -0.000699231 0.000678142 -0.000929557 -0.00112804 -0.000634522 -0.00232108 0.000782972 0.00258998 0.00171416 -0.000568724 0.000457062 0.000811819 1.0121e-05 -3.14644e-05 0.00229191 0.000691302 0.000173843 0.00297068 0.00232162 0.00378124
internal_weight=1955 589 1366 288 1185 1039 740 299 181 301 158 130 146 108 79 119 124 53 95 248 62 52
internal_count=1955 589 1366 288 1185 1039 740 299 181 301 158 130 146 108 79 119 124 53 95 248 62 52
is_linear=0
shrinkage=0.03


Tree=34
num_leaves=22
num_cat=0
split_feature=19 22 22 20 23 19 23 23 23 23 27 27 20 11 12 33 24 20 28 11 11
split_gain=2.42683 0.550921 0.492649 0.594058 0.506522 0.401047 0.332272 0.250025 0.211376 0.208108 0.189068 0.0775536 0.0342538 0.0341585 0.0302156 0.015664 0.0152853 0.0117375 0.0208545 0.010968 0.00424692
threshold=99.017550000000014 19.275000572204554 11.494999885559052 105.65999984741151 7.366550000000001 98.693900000000014 0.37465000000000009 1.9056500000000003 1.6552000000000002 2.5012000000000003 7.2302196362122405e-06 0.0051087468382938509 92.584999084472614 1.0208009147706276 1.0120366744801121 1.3692189268268351e-07 51.750000000000007 90.334999084472614 2.7512908030198563e-16 1.0635424425288271 1.0306120435480133
decision_type=2 2 2 2 2 2 2 2 2 2 2 2 2 2 2 2 2 2 2 2 2
left_child=1 5 7 4 6 11 -4 20 17 15 -6 14 -9 -5 -1 -7 -14 -3 -19 -10 -2
right_child=2 8 3 13 10 9 -8 12 19 -11 -12 -13 16 -15 -16 -17 -18 18 -20 -21 -22
leaf_value=0.00056295954643586729 0.00259979459742705 0.0014013516031529591 -0.0023931439371565272 0.0015675207119551487 0 0.0017480748414040305 -0.00063983677781191759 -0.00091486458467214462 0.0010189336946804198 -0.00031783655339008755 -0.0032769294989026957 -0.0014299737489264872 0 9.1346159657964898e-05 -0.00056888806470669804 0.0029438819981349464 0.00081833380005887839 0.0035472964035327902 0.0024961351051350487 3.6958276480436258e-06 0.0011663540142142902
leaf_weight=43 42 20 110 77 20 83 840 28 31 34 115 51 66 23 36 41 25 94 134 22 20
leaf_count=43 42 20 110 77 20 83 840 28 31 34 115 51 66 23 36 41 25 94 134 22 20
internal_value=1.4626e-05 0.00162098 -0.000677855 -0.000901605 -0.00110743 0.000658406 -0.000852894 0.000761535 0.00251653 0.00166525 -0.00281939 -0.0005527 -3.02819e-05 0.00126968 8.6525e-06 0.00222729 0.000230494 0.00288561 0.00298294 0.00067386 0.00225872
internal_weight=1955 589 1366 1185 1085 288 950 181 301 158 135 130 119 100 79 124 91 248 228 53 62
internal_count=1955 589 1366 1185 1085 288 950 181 301 158 135 130 119 100 79 124 91 248 228 53 62
is_linear=0
shrinkage=0.03


Tree=35
num_leaves=22
num_cat=0
split_feature=19 21 22 23 27 27 23 23 23 26 26 14 26 33 15 27 10 15 30 33 33
split_gain=2.28824 0.635599 0.465293 0.376771 0.337193 0.521783 0.654196 0.237544 0.203844 0.160605 0.0965799 0.0835155 0.0429099 0.0380923 0.0300017 0.0275227 0.0233548 0.0201846 0.0155251 0.0134848 0.00775557
threshold=99.017550000000014 1.7550000000000001 11.265000343322702 2.6553500000000008 0.0048533094963792009 8.390059544668808e-06 2.3315000000000006 7.366550000000001 1.9056500000000003 0.00094469164966210016 0.015157732415738152 0.011022468355212452 0.0037807825284186503 -0.00059957141869114992 0.013695832806804201 2.6006140978214968e-07 1.0012280335189003 0.0098914345282360514 0.012372101604012703 -0.00093984137832069982 9.3605319162904979e-08
decision_type=2 2 2 2 2 2 2 2 2 2 2 2 2 2 2 2 2 2 2 2 2
left_child=1 3 8 12 5 6 -4 -7 -2 11 13 -3 14 -6 -1 -13 -5 -10 -12 -14 -19
right_child=2 9 4 16 10 7 -8 -9 17 -11 18 15 19 -15 -16 -17 -18 20 -20 -21 -22
leaf_value=0.0020362847261801847 0.0021755518622785098 0.0014602027603854927 -0.0011117918494866342 0.00067722275163131687 0 -0.0013907701592703783 0.00091616861569830481 -0.0031740534599260265 -0.00078644834324191116 -0.0014850680619022066 0 0.00060819172543975016 0.0020033017075620592 0.0014047184197474526 0.0029983029572259899 -0.00060401531784075562 -0.00039003334233420902 0.00062451802362089182 -0.0010362534103138994 0.0041533719034571401 0
leaf_weight=226 60 49 559 30 22 209 188 113 20 46 20 23 21 70 81 41 37 25 24 35 56
leaf_count=226 60 49 559 30 22 209 188 113 20 46 20 23 21 70 81 41 37 25 24 35 56
internal_value=1.48404e-05 0.0015747 -0.000657533 0.00217049 -0.000861198 -0.00104093 -0.000595785 -0.00204933 0.000836373 -2.84042e-05 0.000521906 0.000561783 0.00254938 0.0010749 0.00232634 -0.000115876 5.35288e-05 0 -0.000565321 0.0035408 0.000216592
internal_weight=1955 589 1366 430 1205 1069 747 322 161 159 136 113 363 92 307 64 67 101 44 56 81
internal_count=1955 589 1366 430 1205 1069 747 322 161 159 136 113 363 92 307 64 67 101 44 56 81
is_linear=0
shrinkage=0.03


Tree=36
num_leaves=16
num_cat=0
split_feature=21 30 20 23 23 11 20 26 32 15 20 21 21 15 26
split_gain=2.15306 0.747456 0.364841 0.515777 0.364584 0.344906 0.250335 0.164098 0.161378 0.102044 0.0800933 0.0513044 0.0294947 0.0140494 0.00309119
threshold=1.1950000000000001 1.0000000180025095e-35 105.65999984741151 7.366550000000001 0.37465000000000009 1.0047769941734568 93.545001983642564 1.7395155386050396e-05 -0.0094719894748715467 0.010720933566240152 90.935001373290959 1.0300000000000002 1.4350000000000003 0.0088547510741693505 2.45939879076218e-15
decision_type=2 2 2 2 2 2 2 2 2 2 2 2 2 2 2
left_child=11 2 3 4 -2 6 12 -5 -8 -7 -11 13 -3 -1 -15
right_child=1 5 -4 7 -6 9 8 -9 -10 10 -12 -13 -14 14 -16
leaf_value=0.0013315453583782073 -0.0022907874687882325 0.0001375101715614284 0.0013802182757790432 0 -0.00046027481880117838 0.0013563387387742598 0.00061987462846087033 -0.0030904000049488526 0.0025203852858245372 -0.0014982997171891232 -9.8008902571975601e-05 0.0011686207718543103 -0.0011446726677194238 0.001924624282628471 0.0030681748378628524
leaf_weight=21 110 35 61 20 834 33 70 115 122 42 238 34 22 40 158
leaf_count=21 110 35 61 20 834 33 70 115 122 42 238 34 22 40 158
internal_value=1.49303e-05 -0.000368738 -0.00081049 -0.000940595 -0.000683325 0.000521579 0.00134884 -0.00266387 0.00186307 -0.000133593 -0.00033231 0.00258176 -0.000339857 0.00276888 0.00288425
internal_weight=1955 1702 1140 1079 944 562 249 135 192 313 280 253 57 219 198
internal_count=1955 1702 1140 1079 944 562 249 135 192 313 280 253 57 219 198
is_linear=0
shrinkage=0.03


Tree=37
num_leaves=21
num_cat=0
split_feature=19 21 22 20 23 23 20 23 26 26 14 14 20 27 26 33 26 10 33 24
split_gain=2.03503 0.580168 0.430922 0.508813 0.424082 0.336513 0.298918 0.219395 0.154148 0.147855 0.0740213 0.0320716 0.0316153 0.0259008 0.0251488 0.0219763 0.0206338 0.0197034 0.0141835 0.0135788
threshold=99.017550000000014 1.7550000000000001 11.494999885559052 105.65999984741151 7.366550000000001 1.6552000000000002 90.935001373290959 1.9056500000000003 1.7395155386050396e-05 0.00094469164966210016 0.011022468355212452 0.011196628716067502 92.584999084472614 2.6006140978214968e-07 0.0037807825284186503 -4.8295546979410451e-07 0.00035716388692630006 1.0012280335189003 -0.00093984137832069982 51.750000000000007
decision_type=2 2 2 2 2 2 2 2 2 2 2 2 2 2 2 2 2 2 2 2
left_child=1 5 7 4 6 14 -4 -2 -6 10 -3 -7 -9 -12 16 -5 -1 -13 -16 -14
right_child=2 9 3 15 8 11 -8 12 -10 -11 13 17 19 -15 18 -17 -18 -19 -20 -21
leaf_value=0.0024551344045375067 0.00212864650643359 0.0013672688084547049 -0.0023872288693673909 0.00031862608117940415 0 0.0013010104360790657 -0.00060092296967435843 -0.00086618081123508023 -0.003000045020149042 -0.0014422457442447847 0.00058600659761577851 0.00064854311865565248 0 -0.00058895268367434089 0.0018701754179783162 0.0014795657581624204 0.0014257491792268411 -0.00031443456589865188 0.0039565711931178445 0.00078921591873014612
leaf_weight=225 62 49 93 30 20 25 857 28 115 46 23 29 66 41 21 70 53 42 35 25
leaf_count=225 62 49 93 30 20 25 857 28 115 46 23 29 66 41 21 70 53 42 35 25
internal_value=1.47555e-05 0.00148586 -0.000619239 -0.000828617 -0.00101923 0.00205515 -0.000785905 0.000726413 -0.00258661 -4.47519e-05 0.000520864 0.000434668 -1.39508e-05 -0.000114593 0.002504 0.00117983 0.00228688 4.87003e-05 0.0033599 0.000235634
internal_weight=1955 589 1366 1185 1085 430 950 181 135 159 113 96 119 64 334 100 278 71 56 91
internal_count=1955 589 1366 1185 1085 430 950 181 135 159 113 96 119 64 334 100 278 71 56 91
is_linear=0
shrinkage=0.03


Tree=38
num_leaves=22
num_cat=0
split_feature=19 21 27 23 20 20 23 23 27 23 26 14 20 15 27 26 32 10 33 13 33
split_gain=1.91938 0.54759 0.405532 0.316818 0.315729 0.311414 0.489251 0.373105 0.169874 0.141287 0.139667 0.0698496 0.0353132 0.0322727 0.0245262 0.0241082 0.020047 0.0197672 0.0126088 0.00459219 0.00155603
threshold=99.017550000000014 1.7550000000000001 0.0019830223536779503 1.6552000000000002 92.124999999999957 105.65999984741151 2.7248500000000004 0.37465000000000009 4.665715586076031e-05 1.9056500000000003 0.00094469164966210016 0.011022468355212452 109.67500305175751 0.012047586422569052 2.6006140978214968e-07 0.0037807825284186503 -0.0077831329497925492 1.0012280335189003 -0.00093984137832069982 1.0148347288955197 -4.3108602179972273e-09
decision_type=2 2 2 2 2 2 2 2 2 2 2 2 2 2 2 2 2 2 2 2 2
left_child=1 3 5 15 -4 6 7 -2 -8 19 11 -3 -11 -5 -13 16 -1 -15 -17 -6 -7
right_child=2 10 4 13 9 20 8 -9 -10 12 -12 14 -14 17 -16 18 -18 -19 -20 -21 -22
leaf_value=0.0013568970763331487 -0.0022063392134469857 0.0013286171723336268 -0.0025328081366088654 0.0013633673816174268 0.0025142186444252726 0.0015829994805778064 -0.0012729411845102733 -0.00033992991829612517 -0.0029694265521878053 0.00012152396047463298 -0.0014016273892959769 0.00057045487894748269 0.0012291798780206589 0.00063890406994238113 -0.00057248878293797716 0.0018210833212360738 0.002380439374749751 -0.00030257846785294217 0.0038472448830541811 0.0010950889943354843 0.00061102160526206714
leaf_weight=51 110 49 24 22 37 33 125 720 118 125 46 23 33 31 41 21 227 43 35 20 21
leaf_count=51 110 49 24 22 37 33 125 720 118 125 46 23 33 31 41 21 227 43 35 20 21
internal_value=1.48718e-05 0.0014436 -0.0006008 0.00199668 0.00050899 -0.000839531 -0.000953832 -0.000597942 -0.00213511 0.000892483 -4.28971e-05 0.000506297 0.000390097 0.000423114 -0.000109816 0.00243227 0.00221983 6.23913e-05 0.00326951 0.00214593 0.00130969
internal_weight=1955 589 1366 430 239 1127 1073 830 243 215 159 113 158 96 64 334 278 74 56 57 54
internal_count=1955 589 1366 430 239 1127 1073 830 243 215 159 113 158 96 64 334 278 74 56 57 54
is_linear=0
shrinkage=0.03


Tree=39
num_leaves=19
num_cat=0
split_feature=21 19 20 19 21 15 24 23 30 19 27 19 26 24 19 30 28 5
split_gain=1.81302 0.743831 0.511455 0.389398 0.374036 0.318708 0.115681 0.119293 0.105406 0.135539 0.129074 0.0533563 0.0490587 0.0153494 0.0147564 0.0405132 0.0278535 0.0047932
threshold=1.1950000000000001 100.45905 105.65999984741151 103.38335000000002 1.7550000000000001 0.012882629855121801 49.850000000000001 1.9056500000000003 1.0312328650775584e-05 98.853950000000012 2.6006140978214968e-07 98.870050000000006 9.2063073323194188e-06 49.350000000000001 95.960900000000009 -2.3090255530489143e-14 2.3721659855981084e-15 -0.0045428266947958986
decision_type=2 2 2 2 2 2 2 2 2 2 2 2 2 2 2 2 2 2
left_child=11 5 3 4 -3 6 17 -8 10 -10 -7 14 -5 -4 16 -16 -1 -2
right_child=1 2 13 12 -6 8 7 -9 9 -11 -12 -13 -14 -15 15 -17 -18 -19
leaf_value=0.001217630836783963 2.58431152277626e-05 0.00011579745422839187 0.00015445964593875585 -0.00025242699157679451 -0.0016750054425456213 0.00022174939946117964 0.0017789393506889549 0.00046287920152298707 -0.00058205644948810165 0.0010768622747469132 -0.0012302534824676433 0.00074817268304260714 0.00086486643488303968 0.0013055438748883442 0.0012670694875717161 0.0032725868915299793 0.0024978861178029076 -0.00044742768086143768
leaf_weight=48 22 122 20 57 622 88 176 110 74 98 129 25 75 80 22 88 70 29
leaf_count=48 22 122 20 57 622 88 176 110 74 98 129 25 75 80 22 88 70 29
internal_value=1.50629e-05 -0.000336881 -0.000877607 -0.00111159 -0.00137805 0.000386549 0.00105901 0.0012932 -0.000192014 0.000348256 -0.000632792 0.00237061 0.000365289 0.00111566 0.00252349 0.00294232 0.002045 -0.000197622
internal_weight=1955 1702 976 876 744 726 337 286 389 172 217 253 132 100 228 110 118 51
internal_count=1955 1702 976 876 744 726 337 286 389 172 217 253 132 100 228 110 118 51
is_linear=0
shrinkage=0.03


Tree=40
num_leaves=22
num_cat=0
split_feature=19 21 22 20 23 23 20 20 26 26 11 26 11 27 11 9 26 33 26 17 11
split_gain=1.71173 0.493858 0.379807 0.429785 0.372517 0.281906 0.278597 0.17505 0.142967 0.129151 0.0483907 0.0328446 0.0367913 0.0318966 0.0271881 0.0156146 0.0141512 0.0119945 0.00588628 0.00220341 0.00126941
threshold=99.017550000000014 1.7550000000000001 11.444999694824203 105.65999984741151 7.366550000000001 2.6553500000000008 90.935001373290959 95.584999084472614 1.7395155386050396e-05 0.00094469164966210016 0.99640054290868807 0.0037807825284186503 0.93620321621072322 1.2014336899374865e-05 1.0133021774956132 1.0107881422782887 8.3872894539063093e-07 -0.00093984137832069982 0.003979771082545951 -0.0023031992302529497 1.0121350439131989
decision_type=2 2 2 2 2 2 2 2 2 2 2 2 2 2 2 2 2 2 2 2 2
left_child=1 5 7 4 6 11 -4 13 -6 10 -3 12 -1 -2 -5 19 -12 -13 -15 -7 -9
right_child=2 9 3 14 8 15 -8 20 -10 -11 16 17 -14 18 -16 -17 -18 -19 -20 -21 -22
leaf_value=0.0035087873465988943 -0.00091507633907720448 0.0014174169211981019 -0.0022538512218167489 0.0013901758686022366 0 0.00059547592923627228 -0.00053846488162585012 0.002369102550240663 -0.0028026512622580687 -0.0013529037465246354 -0.00015470112547336613 0.0017049227883107958 0.0018703548552274727 0.00010244560225530425 0.00014269494246541253 -0.00052643311257997993 0.00070184518311820602 0.0036505126455112511 0.00073010337146242024 8.4206127282231965e-06 0.0011089388654753566
leaf_weight=20 22 32 94 72 20 24 859 36 115 46 61 21 287 78 28 21 20 35 20 22 22
leaf_count=20 22 32 94 72 20 24 859 36 115 46 61 21 287 78 28 21 20 35 20 22 22
internal_value=1.54762e-05 0.00136479 -0.000565853 -0.000760693 -0.000935538 0.00189006 -0.000717343 0.000709017 -0.00240501 -4.59329e-05 0.000481476 0.00221788 0.00201969 1.79964e-05 0.00108434 5.21996e-05 3.85901e-05 0.00309555 0.000278123 0.00039364 0.00201834
internal_weight=1955 589 1366 1188 1088 430 953 178 135 159 113 363 307 120 100 67 81 56 98 46 58
internal_count=1955 589 1366 1188 1088 430 953 178 135 159 113 363 307 120 100 67 81 56 98 46 58
is_linear=0
shrinkage=0.03


Tree=41
num_leaves=27
num_cat=0
split_feature=19 21 33 21 22 27 28 15 21 19 26 11 28 30 19 26 13 26 26 22 15 33 26 16 22 14
split_gain=1.62133 0.667463 0.410172 0.436656 0.272829 0.233853 0.206935 0.20101 0.185268 0.183471 0.0893845 0.109861 0.088741 0.0850947 0.0812255 0.0791562 0.067259 0.0397971 0.038837 0.0334401 0.0133349 0.0107345 0.0193259 0.0101458 0.00547381 0.00321614
threshold=100.1632 1.0750000000000004 -7.8806968232072996e-15 3.0350000000000006 11.494999885559052 5.0491320309163914e-06 -1.0000000180025095e-35 0.012994678855909403 2.7250000000000005 101.40940000000002 1.89775861547884e-09 0.99175507194884649 -2.1793068147308537e-07 1.0312328650775584e-05 103.34875000000001 1.678056608552167e-10 0.98330196857748586 0.00062581559057180017 3.9133149862018041e-06 17.135000228881804 0.0088547510741693505 1.5232894634017008e-17 1.1993872539217047e-15 50.234988800151065 18.090000152587852 0.012012083111928702
decision_type=2 2 2 2 2 2 2 2 2 2 2 2 2 2 2 2 2 2 2 2 2 2 2 2 2 2
left_child=1 20 5 4 17 9 -6 10 19 18 24 -12 13 -9 -10 -11 -14 -4 -2 -7 -1 -22 -23 -5 -3 -25
right_child=2 7 3 23 6 8 -8 12 14 15 11 -13 16 -15 -16 -17 -18 -19 -20 -21 21 22 -24 25 -26 -27
leaf_value=0.0010743057758081705 0.0021677154633951818 -0.00045124487764486629 -0.00036761262701776135 0.0010723239856384819 0.00041996739309615804 0.00095339172002224413 -0.0020818114218914751 -0.00099018012844691305 -0.0017317888771588425 -0.0015806577218184245 0.0020959660281143358 0.00076077498553296554 0.0021210188245587049 0.00012186925230308443 -0.00014160559781173124 0.00024192176443582863 0.00010953238695859908 0.0011032270203020587 0.00041255306835053489 -0.00017400373819594583 0.0027854610749427941 0.00069219591747969394 0.0021899895181781369 0 9.0729973359226137e-05 0.0004612361478784512
leaf_weight=21 54 24 55 36 29 41 404 102 121 22 86 199 22 140 44 147 47 20 22 42 128 21 54 20 26 28
leaf_count=21 54 24 55 36 29 41 404 102 121 22 86 199 22 140 44 147 47 20 22 42 128 21 54 20 26 28
internal_value=1.57641e-05 0.000980236 -0.000755405 -0.00128613 -0.00161801 -0.000108131 -0.00190564 0.000480163 -0.000758081 0.000538893 0.000987175 0.00119173 -6.06354e-05 -0.000340986 -0.0013357 -1.32662e-06 0.000854196 1.3496e-05 0.00173258 0.00036185 0.00238379 0.00248708 0.00185182 0.000673082 -0.000123631 0.000269363
internal_weight=1955 870 1085 592 508 493 433 646 248 245 335 285 311 242 165 169 69 75 76 83 224 203 75 84 50 48
internal_count=1955 870 1085 592 508 493 433 646 248 245 335 285 311 242 165 169 69 75 76 83 224 203 75 84 50 48
is_linear=0
shrinkage=0.03


Tree=42
num_leaves=20
num_cat=0
split_feature=19 21 20 33 21 19 19 22 29 23 30 26 21 19 11 26 29 26 11
split_gain=1.52828 0.629814 0.400728 0.355178 0.25978 0.246306 0.226267 0.278286 0.169826 0.251657 0.192023 0.100796 0.0495825 0.0495109 0.0222888 0.00754345 0.00712227 0.0164907 0.00529843
threshold=100.1632 1.0750000000000004 105.65999984741151 -7.8806968232072996e-15 2.4450000000000007 103.34875000000001 103.38335000000002 11.494999885559052 -0.0038553549178472492 2.5012000000000003 1.1960467836926737e-06 6.6281715561520776e-12 1.7250000000000003 98.488550000000018 1.0208009147706276 1.0525613910004109e-05 3.2671578285860792e-16 2.45939879076218e-15 0.99175507194884649
decision_type=2 2 2 2 2 2 2 2 2 2 2 2 2 2 2 2 2 2 2
left_child=1 16 3 4 11 -6 7 -5 12 10 -10 -2 18 -11 -4 -8 -1 -18 -3
right_child=2 8 14 6 5 -7 15 -9 9 13 -12 -13 -14 -15 -16 -17 17 -19 -20
leaf_value=0.0027401094042870679 0.002109485504776239 0.00034359105312313629 0.0012820912500514168 1.2786063041018605e-05 -0.0018069719918031961 0.00015031851075938903 -1.208651449531316e-05 -0.0019310129160618184 0.00049976590156042408 0.00031982418875787003 0.0018488647212038703 0.00019792252535033025 -0.0012315313205441558 -0.00086104757714395718 6.2245044140861577e-05 0.00057278966141778879 0.001129019434005022 0.0022381262343842533 -0.0002393367970653344
leaf_weight=93 27 26 77 75 130 97 22 418 254 43 161 181 54 87 23 35 42 89 21
leaf_count=93 27 26 77 75 130 97 22 418 254 43 161 181 54 87 23 35 42 89 21
internal_value=1.62182e-05 0.000952644 -0.000732447 -0.000918106 -0.000266194 -0.000966502 -0.00142404 -0.00163097 0.000466709 0.000678597 0.00103984 0.000486741 -0.000634396 -0.000449491 0.00104064 0.000307731 0.00231614 0.00193816 2.44011e-05
internal_weight=1955 870 1085 985 435 227 550 493 646 545 415 208 101 130 100 57 224 131 47
internal_count=1955 870 1085 985 435 227 550 493 646 545 415 208 101 130 100 57 224 131 47
is_linear=0
shrinkage=0.03


Tree=43
num_leaves=21
num_cat=0
split_feature=19 21 20 23 33 27 20 15 11 22 27 11 11 33 21 15 33 27 22 11
split_gain=1.43892 0.59449 0.379079 0.369171 0.261322 0.281739 0.254116 0.179574 0.083453 0.0826324 0.0824972 0.102258 0.0553611 0.0490258 0.0143687 0.012235 0.00883863 0.0170769 0.00528288 0.00144917
threshold=100.1632 1.0750000000000004 104.96500015258751 7.366550000000001 -7.8806968232072996e-15 1.0763613699837706e-08 92.869998931884723 0.012994678855909403 1.0343886856637194 18.234999656677203 1.0763613699837706e-08 0.99175507194884649 0.95871117028491271 -4.0131595479842981e-07 1.5650000000000002 0.0088547510741693505 1.5232894634017008e-17 4.2541256436577535e-17 18.090000152587852 0.98755465687597044
decision_type=2 2 2 2 2 2 2 2 2 2 2 2 2 2 2 2 2 2 2 2
left_child=1 15 3 4 6 -6 -2 10 9 -9 18 -12 -5 -4 -10 -1 -17 -18 -3 -15
right_child=2 7 13 12 5 -7 -8 8 14 -11 11 -13 -14 19 -16 16 17 -19 -20 -21
leaf_value=0.00099669452797388641 -0.0019598780971697783 -0.00045253876726686338 0 -0.0011058955445493522 -0.0018403131864618073 -0.00035439907034692466 0.00024167197725377839 -0.0001061906675288277 0 0.001207342361650345 0.0020008757104399929 0.00071289387322103002 -0.0028386186999066979 0.0016515036958580215 -0.00074756694838140245 0.0026299813773184443 0.00064438901911489661 0.0020667922759526653 7.4847672263096113e-05 0.00077737851415506825
leaf_weight=21 52 24 38 35 244 229 325 113 20 63 86 199 90 42 115 128 21 54 26 30
leaf_count=21 52 24 38 35 244 229 325 113 20 63 86 199 90 42 115 128 21 54 26 30
internal_value=1.63947e-05 0.000925074 -0.000710008 -0.000900121 -0.00066624 -0.00113399 -6.71708e-05 0.000452802 -5.78538e-05 0.000359589 0.000932055 0.00112876 -0.00241418 0.0009277 -0.000619801 0.00224987 0.00234854 0.00174708 -0.00013298 0.00137295
internal_weight=1955 870 1085 975 850 473 377 646 311 176 335 285 125 110 135 224 203 75 50 72
internal_count=1955 870 1085 975 850 473 377 646 311 176 335 285 125 110 135 224 203 75 50 72
is_linear=0
shrinkage=0.03


Tree=44
num_leaves=17
num_cat=0
split_feature=21 30 11 20 23 23 20 32 26 15 20 21 21 15 33 26
split_gain=1.35637 0.497907 0.256074 0.234883 0.348854 0.267068 0.17895 0.12471 0.123777 0.065266 0.053726 0.0331925 0.0206347 0.0119823 0.0111153 0.0157183
threshold=1.1950000000000001 1.0000000180025095e-35 1.0047769941734568 105.65999984741151 7.366550000000001 0.37465000000000009 93.545001983642564 -0.0077831329497925492 1.7395155386050396e-05 0.0097502201908813025 90.935001373290959 1.0300000000000002 1.4450000000000001 0.0088547510741693505 1.5232894634017008e-17 1.1993872539217047e-15
decision_type=2 2 2 2 2 2 2 2 2 2 2 2 2 2 2 2
left_child=11 3 6 4 5 -2 12 -8 -6 -4 -11 13 -3 -1 -15 -16
right_child=1 2 9 -5 8 -7 7 -9 -10 10 -12 -13 -14 14 15 -17
leaf_value=0.00097053128364495936 -0.0019170039099892519 9.0017514620558355e-05 0.0011012273797601022 0.0011052519780678266 0 -0.00035000624230368361 0.00057692765817908488 0.0022186211655632806 -0.0025415398990301322 -0.0012252201315157275 -8.5334992493045316e-05 0.0008945395004104922 -0.00099187635704773756 0.0026021298187330279 0.00062747381231747568 0.0020080518906838013
leaf_weight=21 110 37 31 61 20 834 78 114 115 43 239 34 20 123 21 54
leaf_count=21 110 37 31 61 20 834 78 114 115 43 239 34 20 123 21 54
internal_value=1.62298e-05 -0.000287976 0.000438102 -0.000648755 -0.000753478 -0.000541264 0.00115118 0.0015862 -0.00217164 -0.00012522 -0.000280741 0.00205382 -0.000270208 0.00220576 0.00230541 0.00169895
internal_weight=1955 1702 562 1140 1079 944 249 192 135 313 282 253 57 219 198 75
internal_count=1955 1702 562 1140 1079 944 249 192 135 313 282 253 57 219 198 75
is_linear=0
shrinkage=0.03


Tree=45
num_leaves=18
num_cat=0
split_feature=19 21 20 23 20 27 15 28 27 11 30 16 11 19 15 22 17
split_gain=1.28977 0.527289 0.341568 0.326557 0.241565 0.337544 0.161558 0.077688 0.0738071 0.090429 0.0728597 0.0608886 0.0506869 0.0432734 0.00981725 0.00495741 0.00421746
threshold=100.1632 1.0750000000000004 104.96500015258751 7.366550000000001 91.854999542236314 2.9026051719488833e-12 0.012994678855909403 -2.1793068147308537e-07 1.0763613699837706e-08 0.99175507194884649 1.0312328650775584e-05 43.904089176811262 0.95871117028491271 101.0665 0.0088547510741693505 18.090000152587852 0.0060712918374737504
decision_type=2 2 2 2 2 2 2 2 2 2 2 2 2 2 2 2 2
left_child=1 14 3 4 -2 -6 8 10 15 -10 -8 -9 -5 -4 -1 -3 -15
right_child=2 6 13 12 5 -7 7 11 9 -11 -12 -13 -14 16 -16 -17 -18
leaf_value=0.00094505484751425677 -0.0021814903795090786 -0.00043113757116306156 -0.0001508476861591379 -0.0010251759024042832 -0.0014410287658985388 -5.263262980695246e-05 -0.00091646678691031404 0.0020470072211883233 0.0018937135025063592 0.00067917014484951909 0.00011137218737086995 0.00011115828123601043 -0.0026824205783646435 0.00088021169924278454 0.0022163221710700611 8.0961021289614751e-05 0.001787376284599304
leaf_weight=21 80 24 23 35 221 549 102 21 86 199 140 48 90 66 203 26 21
leaf_count=21 80 24 23 35 221 549 102 21 86 199 140 48 90 66 203 26 21
internal_value=1.61178e-05 0.000876493 -0.000671525 -0.000852075 -0.000631779 -0.000459047 0.000431332 -5.25654e-05 0.000885917 0.00107199 -0.000315522 0.00080274 -0.00227673 0.000882386 0.00212442 -0.000118733 0.0011848
internal_weight=1955 870 1085 975 850 770 646 311 335 285 242 69 125 110 224 50 87
internal_count=1955 870 1085 975 850 770 646 311 335 285 242 69 125 110 224 50 87
is_linear=0
shrinkage=0.03


Tree=46
num_leaves=25
num_cat=0
split_feature=19 19 33 27 19 20 15 22 26 22 24 11 23 22 20 19 30 20 32 16 33 26 10 9
split_gain=1.21656 0.426219 0.324723 0.306902 0.224367 0.213959 0.194534 0.137886 0.136753 0.108001 0.0796706 0.0780576 0.0692623 0.0593402 0.0381363 0.0329748 0.0502144 0.0412629 0.0390066 0.0254544 0.0176366 0.0072982 0.0025537 0.00130331
threshold=100.1632 97.858700000000013 -7.8806968232072996e-15 0.0016613048374630004 103.38335000000002 92.869998931884723 0.012882629855121801 11.444999694824203 6.6281715561520776e-12 27.439999580383255 49.850000000000001 1.02844951982459 1.9056500000000003 18.234999656677203 96.874999999999957 95.960900000000009 -2.3090255530489143e-14 96.645000457763658 -0.035426950627919389 51.355036338758687 -3.2858627472449124e-05 1.0525613910004109e-05 0.99433153013842357 1.0262627196256504
decision_type=2 2 2 2 2 2 2 2 2 2 2 2 2 2 2 2 2 2 2 2 2 2 2 2
left_child=1 15 5 4 7 -2 10 -4 -7 -10 22 13 -12 -8 19 17 -17 23 -18 -5 -13 -6 -3 -1
right_child=2 6 3 14 21 8 11 -9 9 -11 12 20 -14 -15 -16 16 18 -19 -20 -21 -22 -23 -24 -25
leaf_value=0.0010038738458949541 -0.00184411992946301 -0.00030774138204663277 -0.000222629983632487 0.00067897419400513178 0 0.002093117687478661 -3.2846027085356205e-05 -0.0018254901352717724 0.00018225958314174083 -0.0012437174203255299 0.0014794681693857106 -0.001273506749048829 0.00043213996135613571 0.0011060404012640638 0.0012692014446231924 0.00092148295828490515 0.0013152323946883171 0.0020876653960440307 0.0035556870615109804 -0.00063762382073660512 -0.00036176405028579754 0.00057788072534267006 3.1916908028980949e-05 0.00029186409094836562
leaf_weight=39 52 28 61 22 22 27 108 393 362 52 192 27 98 59 34 22 20 69 45 25 122 35 20 21
leaf_count=39 52 28 61 22 22 27 108 393 362 52 192 27 98 59 34 22 20 69 45 25 122 35 20 21
internal_value=1.57662e-05 0.000851408 -0.00065203 -0.0011242 -0.00139684 -7.56306e-05 0.000459421 -0.00161957 0.000137193 0 0.000956999 -6.73891e-05 0.00114383 0.000364286 0.000548587 0.00200201 0.00255512 0.00155666 0.00299887 0 -0.00056859 0.000319415 -0.000113841 0.000828055
internal_weight=1955 870 1085 592 511 493 654 454 441 414 338 316 290 167 81 216 87 129 65 47 149 57 48 60
internal_count=1955 870 1085 592 511 493 654 454 441 414 338 316 290 167 81 216 87 129 65 47 149 57 48 60
is_linear=0
shrinkage=0.03


Tree=47
num_leaves=24
num_cat=0
split_feature=19 21 19 23 27 26 23 27 23 24 24 26 14 19 23 12 27 15 19 12 26 11 15
split_gain=1.15119 0.368796 0.305555 0.429584 0.381081 0.28724 0.214698 0.261691 0.191218 0.188796 0.147048 0.105466 0.0458456 0.0405466 0.0364783 0.0274209 0.020906 0.0185349 0.0151981 0.0136703 0.0132245 0.0277196 0.00803427
threshold=99.017550000000014 1.7550000000000001 101.38210000000002 0.78200000000000014 3.527801129658322e-05 8.1834622153035427e-11 1.9056500000000003 1.6833312838535734e-06 1.6552000000000002 49.350000000000001 50.150000000000013 0.00069576194619495012 0.011022468355212452 100.12380000000002 0.23350000000000001 0.97740272424232799 2.6006140978214968e-07 0.012047586422569052 103.26545 1.0139161849831491 0.0037807825284186503 0.93620321621072322 0.018257850191984053
decision_type=2 2 2 2 2 2 2 2 2 2 2 2 2 2 2 2 2 2 2 2 2 2 2
left_child=1 8 3 10 5 -4 13 -8 20 -7 15 12 -3 -5 -12 -2 -14 -10 -6 -19 21 -1 -22
right_child=2 11 4 6 18 9 7 -9 17 -11 14 -13 16 -15 -16 -17 -18 19 -20 -21 22 -23 -24
leaf_value=0.0030465134479429408 0.00024954569092749252 0.0010823596828943118 -0.0022777098072036895 0.00084050758605801743 -0.0025082876089960338 -0.0019856022405235663 0.0012465165561775357 -0.00034439654790326336 0.0010616431649029254 5.7942887924180656e-05 -0.0030562541643157602 -0.0012405299732790272 0.00053459235280752188 0.0022010038779117164 -0.0010311100578546757 -0.00088002016699649912 -0.00052055774053918536 0.00036205647790888584 -0.0011723191110417247 -0.00045988096624541172 0.0030322906415049845 0.001598624204136913 0.0013516710180505784
leaf_weight=20 20 47 68 63 117 43 118 399 22 332 45 48 23 45 21 68 41 51 27 23 36 258 20
leaf_count=20 20 47 68 63 117 43 118 399 22 332 45 48 23 45 21 68 41 51 27 23 36 258 20
internal_value=1.59067e-05 0.0011227 -0.000460551 -6.60946e-05 -0.000975946 -0.000523866 0.000281055 1.80406e-05 0.00157689 -0.000182346 -0.00147254 -9.35443e-05 0.000395727 0.00147857 -0.00252822 -0.00059057 -8.96289e-05 0.0003448 -0.00230724 5.96642e-05 0.0019159 0.00174488 0.00258217
internal_weight=1955 589 1366 779 587 443 625 517 430 375 154 159 111 108 66 88 64 96 144 74 334 278 56
internal_count=1955 589 1366 779 587 443 625 517 430 375 154 159 111 108 66 88 64 96 144 74 334 278 56
is_linear=0
shrinkage=0.03


Tree=48
num_leaves=25
num_cat=0
split_feature=19 19 23 27 19 19 32 23 27 19 26 23 19 15 15 19 31 33 9 19 33 15 19 19
split_gain=1.08712 0.288414 0.406104 0.35921 0.271959 0.242988 0.205255 0.240945 0.233187 0.17778 0.153876 0.122598 0.110466 0.0917173 0.0569505 0.0839739 0.0491953 0.0308166 0.0299852 0.0143839 0.0122054 0.0459613 0.0352304 0.00808073
threshold=99.017550000000014 101.38210000000002 0.78200000000000014 3.527801129658322e-05 101.93900000000001 97.858700000000013 -8.6145913943680311e-06 8.5004000000000008 0.0032541435511577502 98.693900000000014 3.3669934072057419e-05 2.5012000000000003 102.24035000000002 0.011063716616618402 0.019544013146554903 100.45905 -0.009705975915478348 1.8783376975505252e-07 1.0344340879253739 102.39720000000001 -1.2621873195389994e-14 0.010214599500072653 96.910500000000013 98.853950000000012
decision_type=2 2 2 2 2 2 2 2 2 2 2 2 2 2 2 2 2 2 2 2 2 2 2 2
left_child=5 2 14 4 10 18 8 -8 -4 13 -3 17 -6 -7 15 -2 -15 -11 20 -5 22 -22 -1 -13
right_child=1 3 6 19 12 9 7 -9 -10 11 -12 23 -14 16 -16 -17 -18 -19 -20 -21 21 -23 -24 -25
leaf_value=0.0015906591058903654 -0.00073729172813579097 -0.0021665873590324606 -0.0013361831744117777 -0.0026908574631731765 0.0018306021438195153 0.0011792617910366969 0.0010239051344930583 -0.0012597837804995001 0.00043996797925471484 0.0012228733995135761 0.00048051448230398817 -0.00052304025247693064 -0.00020549906413274585 -0.0011889452397385062 0 -0.002377811549237789 0 0.0023872374246451766 0.00053838959205430002 -0.0016473682760638564 0.00028240761419551241 0.0019434021926717834 0.0034679017800372091 0.00019880311797358443
leaf_weight=40 63 102 118 73 23 37 321 44 142 109 21 22 297 48 21 70 91 44 22 71 24 101 29 22
leaf_count=40 63 102 118 73 23 37 321 44 142 109 21 22 297 48 21 70 91 44 22 71 24 101 29 22
internal_value=1.55301e-05 -0.000447435 -6.40857e-05 -0.000948176 -0.000508999 0.00109113 0.000273332 0.000732433 -0.000360771 0.000607386 -0.00169015 0.00122028 -3.42231e-05 -7.08329e-05 -0.00143164 -0.00165619 -0.000442602 0.00161642 0.00189301 -0.00224089 0.00202086 0.00166202 0.00253293 -0.000108637
internal_weight=1955 1366 779 587 443 589 625 365 260 373 123 197 320 176 154 133 139 153 216 144 194 125 69 44
internal_count=1955 1366 779 587 443 589 625 365 260 373 123 197 320 176 154 133 139 153 216 144 194 125 69 44
is_linear=0
shrinkage=0.03


Tree=49
num_leaves=24
num_cat=0
split_feature=19 19 23 19 22 19 19 23 23 27 24 23 23 26 26 19 15 8 12 20 29 33 11
split_gain=1.02733 0.271428 0.383026 0.342542 0.250393 0.214461 0.212887 0.333423 0.195537 0.238195 0.131737 0.112822 0.0870153 0.0496412 0.0436796 0.0385803 0.0360505 0.0265435 0.018339 0.0110429 0.0225147 0.00960561 0.0055438
threshold=99.017550000000014 101.38210000000002 0.78200000000000014 101.45125000000002 19.275000572204554 98.693900000000014 103.38335000000002 1.8697500000000002 1.9056500000000003 1.6833312838535734e-06 50.150000000000013 2.5012000000000003 1.6552000000000002 0.00084024938514875008 9.2063073323194188e-06 100.12380000000002 0.012090352328290152 0.98758255244637472 1.0143924503897892 90.334999084472614 3.2671578285860792e-16 1.3692189268268351e-07 1.0635424425288271
decision_type=2 2 2 2 2 2 2 2 2 2 2 2 2 2 2 2 2 2 2 2 2 2 2
left_child=4 2 10 -3 5 13 7 -5 15 -10 17 21 19 18 -8 -4 -12 -2 -1 -6 -21 -7 -14
right_child=1 3 8 6 12 11 14 -9 9 -11 16 -13 22 -15 -16 -17 -18 -19 -20 20 -22 -23 -24
leaf_value=0.00040610897068449472 0.00016541766070960354 -0.002907120909116098 0.00078711758281993244 0.00022545861939314902 0.00074594525819765805 0.001190537748722289 -0.00020604716513771565 -0.0016142458200493813 0.0011859440887750949 -0.00033192139947896612 -0.0032911585285328327 -0.00029241767767470683 0.00069611796917588972 -0.0011631220424717123 0.0008449505742039316 0.002110303304856643 -0.0014161539735621771 -0.00087953399315434072 -0.00048639921630053102 0.0024563791716747953 0.0015802543039211026 0.0021152957573914053 0
leaf_weight=44 25 67 63 129 20 83 57 259 118 399 29 34 31 52 75 45 37 63 34 94 134 41 22
leaf_count=44 25 67 63 129 20 83 57 259 118 399 29 34 31 52 75 45 37 63 34 94 134 41 22
internal_value=1.52422e-05 -0.000434767 -6.27489e-05 -0.000920554 0.00106088 0.000408105 -0.000643649 -0.000997882 0.000264827 1.35901e-05 -0.00139096 0.00114683 0.0016654 -0.000472792 0.000374395 0.00140761 -0.00239077 -0.000554039 0 0.00190407 0.00198166 0.00156267 0.000452894
internal_weight=1955 1366 779 587 589 288 520 388 625 517 154 158 301 130 132 108 66 88 78 248 228 124 53
internal_count=1955 1366 779 587 589 288 520 388 625 517 154 158 301 130 132 108 66 88 78 248 228 124 53
is_linear=0
shrinkage=0.03


end of trees

feature_importances:
Global_Industrial_Production_Index=150
CPI_Inflation=111
Daily_Bullish=101
USD_Index=86
US_10Y_Yield=70
Close_to_MA_50=69
Rolling_Std_20=66
Daily_Bearish=58
Sentiment_x_Trend=48
VIX=46
Sentiment_Spike=23
Sentiment_EMA_60d=22
Daily_NSS=20
China_PMI=18
Rolling_Std_10=10
Close_to_MA_20=8
Sentiment_EMA_30d=7
Close_to_EMA_10=6
Sentiment_EMA_7d=5
Close_to_EMA_20=4
RSI_14=4
MACD_Pct=4
Close_to_MA_10=3
Ret_Lag_5=1
Close_to_MA_5=1

parameters:
[boosting: gbdt]
[objective: regression]
[metric: l2]
[tree_learner: serial]
[device_type: cpu]
[data_sample_strategy: bagging]
[data: ]
[valid: ]
[num_iterations: 200]
[learning_rate: 0.03]
[num_leaves: 31]
[num_threads: 20]
[seed: 42]
[deterministic: 0]
[force_col_wise: 0]
[force_row_wise: 0]
[histogram_pool_size: -1]
[max_depth: 5]
[min_data_in_leaf: 20]
[min_sum_hessian_in_leaf: 0.001]
[bagging_fraction: 0.8]
[pos_bagging_fraction: 1]
[neg_bagging_fraction: 1]
[bagging_freq: 0]
[bagging_seed: 400]
[bagging_by_query: 0]
[feature_fraction: 0.8]
[feature_fraction_bynode: 1]
[feature_fraction_seed: 30056]
[extra_trees: 0]
[extra_seed: 12879]
[early_stopping_round: 0]
[early_stopping_min_delta: 0]
[first_metric_only: 0]
[max_delta_step: 0]
[lambda_l1: 0.1]
[lambda_l2: 3]
[linear_lambda: 0]
[min_gain_to_split: 0]
[drop_rate: 0.1]
[max_drop: 50]
[skip_drop: 0.5]
[xgboost_dart_mode: 0]
[uniform_drop: 0]
[drop_seed: 17869]
[top_rate: 0.2]
[other_rate: 0.1]
[min_data_per_group: 100]
[max_cat_threshold: 32]
[cat_l2: 10]
[cat_smooth: 10]
[max_cat_to_onehot: 4]
[top_k: 20]
[monotone_constraints: ]
[monotone_constraints_method: basic]
[monotone_penalty: 0]
[feature_contri: ]
[forcedsplits_filename: ]
[refit_decay_rate: 0.9]
[cegb_tradeoff: 1]
[cegb_penalty_split: 0]
[cegb_penalty_feature_lazy: ]
[cegb_penalty_feature_coupled: ]
[path_smooth: 0]
[interaction_constraints: ]
[verbosity: -1]
[saved_feature_importance_type: 0]
[use_quantized_grad: 0]
[num_grad_quant_bins: 4]
[quant_train_renew_leaf: 0]
[stochastic_rounding: 1]
[linear_tree: 0]
[max_bin: 255]
[max_bin_by_feature: ]
[min_data_in_bin: 3]
[bin_construct_sample_cnt: 200000]
[data_random_seed: 175]
[is_enable_sparse: 1]
[enable_bundle: 1]
[use_missing: 1]
[zero_as_missing: 0]
[feature_pre_filter: 1]
[pre_partition: 0]
[two_round: 0]
[header: 0]
[label_column: ]
[weight_column: ]
[group_column: ]
[ignore_column: ]
[categorical_feature: ]
[forcedbins_filename: ]
[precise_float_parser: 0]
[parser_config_file: ]
[objective_seed: 16083]
[num_class: 1]
[is_unbalance: 0]
[scale_pos_weight: 1]
[sigmoid: 1]
[boost_from_average: 1]
[reg_sqrt: 0]
[alpha: 0.9]
[fair_c: 1]
[poisson_max_delta_step: 0.7]
[tweedie_variance_power: 1.5]
[lambdarank_truncation_level: 30]
[lambdarank_norm: 1]
[label_gain: ]
[lambdarank_position_bias_regularization: 0]
[eval_at: ]
[multi_error_top_k: 1]
[auc_mu_weights: ]
[num_machines: 1]
[local_listen_port: 12400]
[time_out: 120]
[machine_list_filename: ]
[machines: ]
[gpu_platform_id: -1]
[gpu_device_id: -1]
[gpu_device_id_list: ]
[gpu_use_dp: 0]
[num_gpu: 1]

end of parameters

pandas_categorical:[]
