tree
version=v4
num_class=1
num_tree_per_iteration=1
label_index=0
max_feature_idx=26
objective=regression
feature_names=Return Log_Return Ret_Lag_1 Ret_Lag_2 Ret_Lag_3 Ret_Lag_5 Ret_Lag_10 Daily_Range_Pct Close_to_MA_5 Close_to_MA_10 Close_to_MA_20 Close_to_MA_50 Close_to_EMA_10 Close_to_EMA_20 Rolling_Std_10 Rolling_Std_20 RSI_14 MACD_Pct Volume_to_MA_10 USD_Index US_10Y_Yield VIX CPI_Inflation EIA_Storage_Level Heating_Degree_Days Cooling_Degree_Days Rig_Count
feature_infos=[-0.25953710489588089:0.46481176972811999] [-0.30047975442423092:0.3817267493869263] [-0.25953710489588089:0.46481176972811999] [-0.25953710489588089:0.46481176972811999] [-0.25953710489588089:0.46481176972811999] [-0.25953710489588089:0.46481176972811999] [-0.25953710489588089:0.46481176972811999] [0.0017521826490472:0.49736635943841118] [0.84956273887500966:1.3847751908081158] [0.79372315714634623:1.448186552283947] [0.72649827249158727:1.4990189649360941] [0.69560686648338077:1.5115317390034022] [0.82652070235046038:1.3922727109650179] [0.76555395000077109:1.4587988368072369] [0.0075971995904466003:0.19324897156218779] [0.0101270268425171:0.1415741040779375] [18.806082754753248:90.72666898325852] [-0.047345077241480002:0.037280324466973602] [0.18930515529939049:2.8509042652839689] [79.779998779296875:108.54000091552734] [0.52000000000000002:3.4900000000000002] [9.1400003433227539:82.69000244140625] [234.74700000000001:294.95699999999999] [1107:4047] [0:41.399999999999999] [0:20.100000000000001] [244:1931]
tree_sizes=2727 2819 2833 2842 2828 2817 2821 2837 2839 2842 2850 2824 2835 2842 2674 2855 2772 2762 2847 2859 2853 2858 2843 2842 2853 2873 2829 2798 2689 2845 2883 2833 2877 2860 2790 2824 2861 2888 2877 2870 2881 2871 2891 2879 2852 2823 2893 2876 2883 2826 2857 2808 2863 2898 2872 2882 2890 2880 2893 2912 2897 2858 2878 2873 2854 2884 2904 2913 2895 2929 2884 2909 2887 2877 2880 2914 2880 2884 2851 2897 2865 2902 2750 2897 2858 2904 2691 2914 2814 2880 2895 2922 2897 2899 2905 2943 2936 2876 2823 2935 2908 2918 2923 2625 2949 2860 2876 2858 2661 2943 2880 2915 2882 2824 2247 2714 2924 2945 2571 2883 2312 2839 2859 2802 2877 2862 2601 2596 2886 2910 2899 2628 2442 2951 2936 2912 2604 2803 2889 1910 2172 2726 2471 2480 2909 2470 2311 2343 2554 2656 2803 2874 2199 2512 2022 2515 2244 2299 2308 2283 2901 2834 2607 1635 2823 2448 1937 2876 1895 2913 2205 2126 2877 2110 2836 2611 2649 1996 2788 2490 2812 2394 2363 1543 1787 1635 2876 2616 1786 2885 2870 2844 2799 1469 1877 2610 1917 1754 1545 1429

Tree=0
num_leaves=31
num_cat=0
split_feature=26 11 22 15 20 24 21 11 26 20 21 22 26 26 26 26 22 11 24 22 22 15 22 20 26 26 26 26 11 19
split_gain=100.204 20.714 22.757 7.81441 7.71734 5.34994 4.64157 3.10289 2.90892 2.70673 2.66087 2.30652 2.16882 1.84673 1.67437 1.65647 3.84007 1.56998 1.43461 1.40154 1.16808 0.883136 0.848178 0.810324 0.398616 0.328989 0.164307 0.163922 0.134932 0.117007
threshold=691.00000000000011 1.1176948617223499 264.27000000000004 0.015024620690511302 1.4650000000000001 0.15000000000000005 13.684999942779543 1.078933385474687 1868.5000000000002 2.7250000000000005 16.685000419616703 279.88200000000006 1058.0000000000002 480.50000000000006 488.50000000000006 504.50000000000006 259.28300000000007 0.85363504161653847 10.15 252.37150000000003 259.65650000000005 0.045370834318051258 251.43850000000003 1.2650000000000003 728.50000000000011 1046.5000000000002 590.50000000000011 756.50000000000011 1.2498709173383851 100.03499984741212
decision_type=2 2 2 2 2 2 2 2 2 2 2 2 2 2 2 2 2 2 2 2 2 2 2 2 2 2 2 2 2 2
left_child=1 2 6 9 -5 -4 14 8 19 -2 -7 13 22 20 -1 16 -8 -12 -17 -6 28 24 25 -22 -9 -11 -16 -23 -3 -15
right_child=3 11 5 4 7 10 15 21 -10 12 17 -13 -14 29 26 18 -18 -19 -20 -21 23 27 -24 -25 -26 -27 -28 -29 -30 -31
leaf_value=0.078048876500990405 0.066417924007953516 0.077672802615997752 0.079182618324582177 0.08073182552106245 0.067753880389890081 0.082842508356839123 0.085882620222292594 0.067523533601400815 0.06177572004269398 0.073213348958685892 0.10452835112632569 0.080964382741257418 0.083573577845023922 0.068952939843727773 0.07144503229458421 0.071688999130316997 0.077787998639953698 0.09382285357551548 0.080092643505049313 0.065137419176765909 0.067370556291652284 0.061862154989954746 0.06840534794566952 0.07482441620869433 0.062454474985798716 0.077257193805581645 0.068002870124811238 0.056380240671592974 0.074192567083805505 0.065985126708588138
leaf_weight=38 47 43 27 30 559 20 123 23 118 68 21 25 20 66 33 28 99 115 48 292 29 22 26 22 82 26 22 32 20 20
leaf_count=38 47 43 27 30 559 20 123 23 118 68 21 25 20 66 33 28 99 115 48 292 29 22 26 22 82 26 22 32 20 20
internal_value=0.071879 0.0802877 0.0833078 0.0668813 0.0659629 0.0920285 0.0791775 0.0655599 0.0662155 0.0725543 0.094172 0.0725534 0.0746597 0.0714769 0.0732696 0.0810004 0.082329 0.0957241 0.0769953 0.0668457 0.0739573 0.0616439 0.0730649 0.0706384 0.063485 0.0744083 0.06997 0.0583363 0.0766683 0.0681685
internal_weight=2144 799 574 1345 1158 183 391 1128 969 187 156 225 140 200 93 298 222 136 76 851 114 159 120 51 105 94 55 54 63 86
internal_count=2144 799 574 1345 1158 183 391 1128 969 187 156 225 140 200 93 298 222 136 76 851 114 159 120 51 105 94 55 54 63 86
is_linear=0
shrinkage=1


Tree=1
num_leaves=31
num_cat=0
split_feature=20 22 23 22 21 15 22 23 11 19 15 22 11 20 22 19 15 15 11 13 23 23 22 23 14 24 23 22 22 17
split_gain=58.237 28.3479 23.0556 10.7331 7.76407 6.67334 6.3162 5.5296 4.45581 4.13603 3.34635 5.22421 2.61238 2.47795 2.2383 4.27018 1.937 1.86445 1.50471 1.48706 1.34634 1.32638 1.07216 0.960587 0.842516 0.826717 0.941586 0.479151 0.347026 0.305186
threshold=2.0350000000000006 277.73450000000008 2557.5000000000005 237.28350000000003 21.304999351501468 0.015024620690511302 240.38350000000003 1933.0000000000002 1.0914124620127714 96.354999542236342 0.045370834318051258 237.69500000000002 0.83263452846012309 2.7650000000000001 286.08700000000005 99.875000000000014 0.013084497551695851 0.018676315774343154 0.94147099574258697 1.0009060576779105 2587.5000000000005 3662.5000000000005 259.65650000000005 1722.0000000000002 0.038285332634712954 24.450000000000003 1783.0000000000002 283.52150000000006 251.43850000000003 0.0010946508803181003
decision_type=2 2 2 2 2 2 2 2 2 2 2 2 2 2 2 2 2 2 2 2 2 2 2 2 2 2 2 2 2 2
left_child=1 2 3 -1 6 13 24 29 21 -8 11 25 -3 -2 18 -16 28 -9 -13 27 -14 -6 -10 -18 -4 26 -7 -12 -15 -5
right_child=5 12 4 7 8 10 9 17 22 -11 19 14 20 16 15 -17 23 -19 -20 -21 -22 -23 -24 -25 -26 -27 -28 -29 -30 -31
leaf_value=-0.00183592990785362 -0.0050010089041292666 0.031714361234144728 0.0061018773890458618 0.017634487441607883 0.0096531507344595324 -0.0043783380009233958 -0.00026215626644802146 0.020045283811432973 0.0033401423549512398 -0.0073512950432457905 -0.0086160199689237701 -0.001293033483946972 0.02372992482994284 0.00090364295948917655 0.013109992851104056 -0.0052188916477561003 0.0026194113300181923 0.010028585603236254 -0.0047579430444726692 -0.013330950871797706 0.013561130319294091 0.0016665182932466267 -0.0038965546904608261 0.010012227083392004 -0.00064021612065179008 -0.0022354819700121879 -0.0098153293595946937 -0.0027989203703776 -0.0033733339665664567 0.026606610995072583
leaf_weight=48 49 21 77 20 115 39 139 20 31 160 37 161 27 44 20 24 34 165 406 64 36 24 42 33 20 20 193 24 26 25
leaf_count=48 49 21 77 20 115 39 139 20 31 160 37 161 27 44 20 24 34 165 406 64 36 24 42 33 20 20 193 24 26 25
internal_value=0 0.00543744 0.00384085 0.0109815 0.000558297 -0.0044916 -0.00191627 0.0136658 0.00518198 -0.00407753 -0.00547246 -0.00479094 0.021999 0.000703896 -0.0032747 0.00315195 0.00278753 0.0112295 -0.00378337 -0.0100785 0.0182687 0.00831735 -0.000779288 0.00639846 0.00468879 -0.00842788 -0.00893694 -0.00645777 -0.000667832 0.0231543
internal_weight=2144 970 886 278 608 1174 396 230 212 299 988 863 84 186 611 44 137 185 567 125 63 139 73 67 97 252 232 61 70 45
internal_count=2144 970 886 278 608 1174 396 230 212 299 988 863 84 186 611 44 137 185 567 125 63 139 73 67 97 252 232 61 70 45
is_linear=0
shrinkage=0.03


Tree=2
num_leaves=31
num_cat=0
split_feature=26 23 22 23 11 11 23 20 20 20 26 21 26 17 22 22 10 26 20 26 26 11 20 11 19 17 16 19 11 11
split_gain=89.4766 23.8154 17.3176 7.56659 5.04334 4.40078 4.13013 3.95007 3.44617 3.40184 4.16456 3.03546 3.23149 2.44449 2.3318 2.11578 1.66575 1.52697 1.30025 1.07955 0.962317 0.88956 0.791094 0.724848 0.625541 0.414147 0.349243 0.292115 0.290436 0.155837
threshold=691.00000000000011 2557.5000000000005 277.73450000000008 2366.0000000000005 1.0981727033578421 0.86301311007762205 3275.5000000000005 1.3150000000000002 1.5550000000000004 2.7650000000000001 972.00000000000011 11.59500026702881 710.50000000000011 0.0107149785179788 264.27000000000004 240.86050000000003 1.0877403062661037 1058.0000000000002 1.8450000000000004 257.00000000000006 467.50000000000006 0.87717748369500659 2.1550000000000007 1.0075236867290813 96.990001678466811 -0.0093920599976942479 41.844726826330728 98.880001068115249 1.0554295446140827 0.95463864197540449
decision_type=2 2 2 2 2 2 2 2 2 2 2 2 2 2 2 2 2 2 2 2 2 2 2 2 2 2 2 2 2 2
left_child=1 8 4 7 6 -4 18 -2 20 22 25 26 -13 14 -10 -6 21 -12 -3 -17 27 -14 29 -8 -24 -11 -5 -1 -16 -9
right_child=3 2 5 11 15 -7 23 9 13 10 17 12 16 -15 28 19 -18 -19 -20 -21 -22 -23 24 -25 -26 -27 -28 -29 -30 -31
leaf_value=0.0095684579261418046 0.0091489560504754378 0.010811994017128432 0.02922750495539771 -0.00078312423912694248 0.0051297815589797357 0.011740907496074215 0.0042965246957827764 -0.00081727544888007353 0.012971763978401819 -0.0022594984396217535 0.0021732816292142896 0.0037145780817690217 -0.0043303937825752651 0.010502021653002456 0.025907091577002342 0.002905387784258045 -0.012869196089076213 0.011106034679072244 0.0024666169629148815 -0.0034339343771318215 0.0046655145538970827 -0.0079683894773106001 -0.0067770013129836272 0.00039543794858655788 -0.0036024977841342867 -0.0074971259923242942 -0.0038925015479619571 0.015767441759938779 0.019673093972727655 -0.0034674900510423897
leaf_weight=28 26 104 26 48 42 31 82 54 35 25 110 21 79 33 46 28 60 20 22 137 23 454 130 93 116 40 126 22 47 36
leaf_count=28 26 104 26 48 42 31 82 54 35 25 110 21 79 33 46 28 60 20 22 137 23 454 130 93 116 40 126 22 47 36
internal_value=1.1375e-06 0.00794835 0.0045929 -0.00472009 0.00280693 0.0201354 0.00528071 -0.00203078 0.0159834 -0.00259999 0.000537407 -0.00661226 -0.00760707 0.0184876 0.0204258 -0.000783875 -0.00801864 0.00364474 0.00940938 -0.00232908 0.0102447 -0.00744391 -0.0044259 0.00225445 -0.00531287 -0.00559287 -0.00306126 0.0126105 0.0230313 -0.00193678
internal_weight=2144 799 565 1345 508 57 301 557 234 531 195 788 614 161 128 207 593 130 126 165 73 533 336 175 246 65 174 50 93 90
internal_count=2144 799 565 1345 508 57 301 557 234 531 195 788 614 161 128 207 593 130 126 165 73 533 336 175 246 65 174 50 93 90
is_linear=0
shrinkage=0.03


Tree=3
num_leaves=31
num_cat=0
split_feature=26 23 11 23 11 20 20 20 26 21 26 26 23 11 22 11 23 26 22 26 26 21 20 17 26 25 10 7 11 26
split_gain=84.3063 22.4496 16.3403 7.1214 5.36653 3.72438 3.23868 3.20419 3.92687 2.8546 3.04554 2.57588 3.05315 2.30615 3.15744 1.57362 1.52316 1.44117 1.1157 0.906107 0.794417 0.789894 0.743076 0.389021 0.351822 0.338143 0.28562 0.222587 0.146661 0.0829883
threshold=691.00000000000011 2557.5000000000005 0.86670034847935795 2366.0000000000005 1.0075236867290813 1.3150000000000002 1.5550000000000004 2.7650000000000001 972.00000000000011 11.59500026702881 710.50000000000011 467.50000000000006 3662.5000000000005 1.1359333162537595 264.27000000000004 1.0759127626720419 3662.5000000000005 1058.0000000000002 275.23000000000008 467.50000000000006 1886.0000000000002 16.394999504089359 2.1550000000000007 -0.0093920599976942479 1025.5000000000002 2.0500000000000003 0.95711022948367808 0.043251889528749254 0.95818777090542839 928.50000000000011
decision_type=2 2 2 2 2 2 2 2 2 2 2 2 2 2 2 2 2 2 2 2 2 2 2 2 2 2 2 2 2 2
left_child=1 6 -3 5 16 -2 19 22 23 26 -11 12 -6 14 -8 20 21 -10 -13 25 -12 -4 28 -9 -24 -1 29 -17 -7 -5
right_child=3 2 4 9 11 7 13 8 17 10 15 18 -14 -15 -16 27 -18 -19 -20 -21 -22 -23 24 -25 -26 -27 -28 -29 -30 -31
leaf_value=0.0082508778423070906 0.0088846528960598841 0.02248064984806946 0.0033757139550788058 -0.002233427697284655 0.0059559940041846214 -0.00083898987356377259 0.012423298678499586 -0.0021943205907725941 0.0021086705744209873 0.0036082060587677087 -0.0064944951267912982 -0.0022850196950624066 -0.0030138829762202122 0.0083890284150838854 0.022755420571373357 -0.0087372810704367497 0.0021293583281436247 0.010788719815867287 0.0043717694306889395 0.004531381148379296 -0.0098578565616247258 0.010372935460935723 -0.0041464463917961292 -0.0072776978569241554 -0.0066672141295857721 0.014672436887025833 -0.0037140278743609087 -0.013050789675542285 -0.0034387423249227661 0.0001722799108053247
leaf_weight=21 26 41 20 21 130 56 46 25 110 21 419 167 45 23 92 34 37 20 25 23 85 100 151 40 95 29 127 55 34 26
leaf_count=21 26 41 20 21 130 56 46 25 110 21 419 167 45 23 92 34 37 20 25 23 85 100 151 40 95 29 127 55 34 26
internal_value=3.23587e-06 0.00771746 0.00445943 -0.00457952 0.00300353 -0.00197028 0.0155189 -0.00252313 0.000521365 -0.00641522 -0.00738005 0.00100103 0.00362839 0.0179474 0.0194471 -0.00777965 0.00762957 0.00353913 -0.00138455 0.00995197 -0.00708607 0.00926906 -0.00429522 -0.00543088 -0.00515511 0.0122489 -0.00297074 -0.0115517 -0.00188108 -0.000864247
internal_weight=2144 799 565 1345 524 557 234 531 195 788 614 367 175 161 138 593 157 130 192 73 504 120 336 65 246 50 174 89 90 47
internal_count=2144 799 565 1345 524 557 234 531 195 788 614 367 175 161 138 593 157 130 192 73 504 120 336 65 246 50 174 89 90 47
is_linear=0
shrinkage=0.03


Tree=4
num_leaves=31
num_cat=0
split_feature=26 23 22 23 11 11 23 15 20 20 15 17 19 22 22 26 26 26 20 26 15 11 23 15 26 19 11 11 26 25
split_gain=79.4124 21.1537 15.6514 6.70401 4.54049 3.96048 3.73192 3.65367 4.60572 3.04 2.65676 2.19045 2.1698 2.05543 1.89309 1.80949 1.58579 2.31911 1.17566 0.94232 0.895099 0.748844 0.710114 0.650183 0.592121 0.435229 0.314187 0.291068 0.22626 0.210887
threshold=691.00000000000011 2557.5000000000005 277.73450000000008 2366.0000000000005 1.0981727033578421 0.86301311007762205 3275.5000000000005 0.014631605177698652 1.5150000000000003 1.5550000000000004 0.04907428625110765 0.0107149785179788 89.759998321533217 264.27000000000004 240.86050000000003 1046.5000000000002 710.50000000000011 899.50000000000011 1.8450000000000004 257.00000000000006 0.04664677887103446 1.0575142725572777 2134.0000000000005 0.024231320158462005 989.00000000000011 96.755001068115249 0.90846351160332639 1.0554295446140827 467.50000000000006 2.5500000000000003
decision_type=2 2 2 2 2 2 2 2 2 2 2 2 2 2 2 2 2 2 2 2 2 2 2 2 2 2 2 2 2 2
left_child=1 9 4 7 6 -4 18 15 -9 20 12 13 -5 -11 -6 25 -14 -18 -3 -16 28 24 -17 -8 -10 -2 -12 -15 -1 -23
right_child=3 2 5 10 14 -7 23 8 21 11 26 -13 16 27 19 22 17 -19 -20 -21 -22 29 -24 -25 -26 -27 -28 -29 -30 -31
leaf_value=0.0089487341807356902 0.0011286870228359475 0.010236223168099032 0.027733714607026838 -0.0098638068031180991 0.0048164417070098399 0.011132815557299182 -0.0015312552087674181 0.0078572858379733178 -0.0020986573080277729 0.012237798367937406 -0.0084196437711899098 0.009854978418320089 0.0022404372874074256 0.024478277274902829 0.0026487132789454709 0.010386970202128093 -0.0073872614259044619 -0.0035911748754479593 0.0022955740586571073 -0.0032706185103642108 0.014544270043373107 -0.0044768037548022612 0.0025197571883244169 0.003001737717680082 -0.0047781253449328534 -0.0036034004967659709 -0.014010718554985232 0.018471650682389734 0.0041384586727489592 -0.0081426240338050588
leaf_weight=27 63 104 26 98 42 31 34 30 160 35 25 33 25 46 28 26 270 330 22 137 24 34 20 141 153 23 40 47 22 48
leaf_count=27 63 104 26 98 42 31 34 30 160 35 25 33 25 46 28 26 270 330 22 137 24 34 20 141 153 23 40 47 22 48
internal_value=4.22021e-06 0.00749124 0.00432843 -0.00444349 0.00263031 0.0191045 0.00497766 -0.00191165 -0.00326717 0.0150643 -0.00622464 0.0174182 -0.00567941 0.0192533 -0.000776085 0.00242194 -0.00500379 -0.00531385 0.00890238 -0.00223815 0.00966697 -0.00413735 0.00715666 0.0021003 -0.00342903 -0.00012926 -0.0120659 0.0217034 0.00697498 -0.00673104
internal_weight=2144 799 565 1345 508 57 301 557 425 234 788 161 723 128 207 132 625 600 126 165 73 395 46 175 313 86 65 93 49 82
internal_count=2144 799 565 1345 508 57 301 557 425 234 788 161 723 128 207 132 625 600 126 165 73 395 46 175 313 86 65 93 49 82
is_linear=0
shrinkage=0.03


Tree=5
num_leaves=31
num_cat=0
split_feature=26 22 11 26 22 15 20 22 22 11 15 26 20 26 11 26 22 16 22 17 20 22 26 26 19 24 11 19 11 26
split_gain=74.8368 17.6735 11.4721 7.96252 7.95951 5.8304 5.70163 2.67022 2.44857 2.3497 2.14075 2.65725 2.06865 1.63196 1.54443 1.38233 1.27935 1.14466 0.872918 0.757204 0.610473 0.594106 0.341268 0.269162 0.183303 0.150217 0.118336 0.103866 0.106348 0.0937378
threshold=671.50000000000011 277.73450000000008 1.1176948617223499 459.00000000000006 264.27000000000004 0.015024620690511302 1.4650000000000001 239.82900000000004 259.28300000000007 0.83263452846012309 0.048197243814665405 1868.5000000000002 2.7250000000000005 1058.0000000000002 0.94147099574258697 480.50000000000006 255.917 43.624533143742696 259.65650000000005 0.011331601324532151 1.2650000000000003 251.43850000000003 570.00000000000011 1046.5000000000002 103.27500152587892 4.1500000000000012 1.2498709173383851 100.03499984741212 1.1850895156673369 755.00000000000011
decision_type=2 2 2 2 2 2 2 2 2 2 2 2 2 2 2 2 2 2 2 2 2 2 2 2 2 2 2 2 2 2
left_child=1 2 3 4 8 12 -7 22 -1 -3 11 14 -2 21 -8 18 -9 24 26 -11 -20 23 -5 -14 -12 -6 -4 28 -17 -19
right_child=5 9 15 7 25 6 10 16 -10 19 17 -13 13 -15 -16 27 -18 29 20 -21 -22 -23 -24 -25 -26 -27 -28 -29 -30 -31
leaf_value=0.011668014476208813 -0.0047342006498947743 0.02853125098618594 0.0049941679621115327 0.01121560692290465 0.016225220292806625 0.0076291714310646064 -0.0024897051692727547 -0.0003021211863921512 0.0050291936184733632 0.018447890863635321 -0.0070567604005336761 -0.0090129306985195293 0.0011242688628844916 0.010205364665814808 -0.0052102890902750634 -0.0014705261048904164 0.0052507386947179147 -0.0087169054262340069 -0.0039828959569334979 0.010673753787875174 0.0024801391145194188 -0.0028095554111318452 0.005731346285641193 0.0047851817277260126 -0.0027036073738709089 0.022955176687822109 0.0017822615849353105 -0.005332722687295505 -0.0041920708554983137 -0.012975966610014439
leaf_weight=111 47 21 43 35 23 30 283 102 99 54 26 128 68 20 610 42 57 23 29 24 22 26 24 26 20 40 20 20 24 47
leaf_count=111 47 21 43 35 23 30 283 102 99 54 26 128 68 20 610 42 57 23 29 24 22 26 24 26 20 40 20 20 24 47
internal_value=5.84886e-06 0.00733963 0.00561775 0.00808084 0.0114938 -0.00427314 -0.00506086 0.00376014 0.00859117 0.0191517 -0.00540474 -0.00495032 0.000627593 0.00246971 -0.00435522 -0.00042435 0.00169015 -0.00930223 0.00171937 0.0162592 -0.00114315 0.00108195 0.00916743 0.00220815 -0.00532571 0.020837 0.00406517 -0.0032876 -0.00255275 -0.0117613
internal_weight=2144 790 691 491 273 1354 1167 218 210 99 1137 1021 187 140 893 200 159 116 114 78 51 120 59 94 46 63 63 86 66 70
internal_count=2144 790 691 491 273 1354 1167 218 210 99 1137 1021 187 140 893 200 159 116 114 78 51 120 59 94 46 63 63 86 66 70
is_linear=0
shrinkage=0.03


Tree=6
num_leaves=31
num_cat=0
split_feature=20 21 11 19 15 15 19 15 19 19 15 15 20 13 21 21 19 15 15 20 13 20 19 25 20 24 24 11 14 20
split_gain=43.4829 15.1264 10.3105 7.34016 5.4822 5.0719 4.21634 2.69864 3.46457 2.35491 6.5055 4.61947 1.88508 1.82848 1.74163 1.53399 2.47987 1.5127 1.35418 1.26735 1.11915 0.757557 0.7444 0.689261 0.631955 0.45344 0.507525 0.381107 0.366099 0.314848
threshold=2.0350000000000006 16.244999885559086 1.1176948617223499 96.645000457763686 0.048197243814665405 0.015024620690511302 95.344997406005874 0.045370834318051258 97.564998626708999 97.475002288818374 0.025319313564801302 0.023445524059102201 2.7250000000000005 0.94642296802512293 11.434999942779543 18.510000228881839 99.594997406005874 0.013084497551695851 0.022754591088866603 1.5650000000000002 1.0009060576779105 1.6250000000000002 88.524997711181655 4.9500000000000011 0.7350000000000001 2.6500000000000008 13.750000000000002 0.98326948100507849 0.034033392999980212 1.925
decision_type=2 2 2 2 2 2 2 2 2 2 2 2 2 2 2 2 2 2 2 2 2 2 2 2 2 2 2 2 2 2
left_child=1 3 4 18 9 12 -6 8 14 11 -11 -3 -2 -8 -7 27 -17 -14 -1 24 -9 -5 -16 -19 -4 -20 -27 -10 -26 -23
right_child=5 2 19 21 6 7 13 20 15 10 -12 -13 17 -15 22 16 -18 23 25 -21 -22 29 -24 -25 28 26 -28 -29 -30 -31
leaf_value=-0.00035688338079489768 -0.0045312580586747923 0.015307467758902404 0.0025282378655683713 0 0.0037094923823394557 -0.0027405525924380685 0.025214415214955804 -0.005706677602634074 -0.0010744955491892587 -0.0059096807539463043 0.0092565826006131627 0.0068413262946269236 -0.00059745650298969992 0.014442385812138402 -0.0084509684286479432 0.0077179737044253249 -0.0039076003722268438 0.0017390474204359381 0.0033778844631192359 0.0061452465790013469 -0.011694958466291426 -0.0065901584001920371 -0.0055473564040054903 0.0080842278681513731 -0.00035364631538589795 0.0092310964724218302 0.002989801175892353 -0.0037353226900235506 -0.004314518497410145 -0.0024453301164507864
leaf_weight=47 46 82 31 22 21 166 31 61 93 38 72 215 72 42 125 37 28 28 54 26 64 115 301 40 44 43 20 113 43 24
leaf_count=47 46 82 31 22 21 166 31 61 93 38 72 215 72 42 125 37 28 28 54 26 64 115 301 40 44 43 20 113 43 24
internal_value=7.12422e-06 0.00470611 0.00736233 -0.000562688 0.00939241 -0.00387349 0.0159526 -0.00472866 -0.00411651 0.00783456 0.00398426 0.00923237 0.000654023 0.0193363 -0.00540269 -0.00128627 0.00268125 0.00239909 0.00388247 0.000262568 -0.00886497 -0.00510521 -0.00642418 0.00557805 -0.00104915 0.00559947 0.00737428 -0.00255956 -0.00237219 -0.00591851
internal_weight=2144 970 645 325 501 1174 94 988 863 407 110 297 186 73 592 271 65 140 164 144 125 161 426 68 118 117 63 206 87 139
internal_count=2144 970 645 325 501 1174 94 988 863 407 110 297 186 73 592 271 65 140 164 144 125 161 426 68 118 117 63 206 87 139
is_linear=0
shrinkage=0.03


Tree=7
num_leaves=31
num_cat=0
split_feature=26 23 11 23 11 15 20 20 21 26 26 23 15 11 22 26 10 23 22 26 11 11 22 23 26 20 16 25 25 11
split_gain=66.9307 18.3547 13.3049 5.87804 4.40933 3.03611 3.80295 2.63654 2.46416 2.62194 2.09735 2.53133 1.98874 1.8683 2.5801 1.52059 1.27727 1.25586 0.903638 0.784725 0.77343 0.649084 0.625554 0.619117 0.510381 0.355098 0.318605 0.261096 0.181844 0.0974947
threshold=691.00000000000011 2557.5000000000005 0.86670034847935795 2366.0000000000005 1.0075236867290813 0.014631605177698652 1.8450000000000004 1.5550000000000004 11.690000057220461 751.50000000000011 467.50000000000006 3662.5000000000005 0.045792262368149608 1.1103687845448016 264.27000000000004 1046.5000000000002 1.0877403062661037 3662.5000000000005 275.23000000000008 467.50000000000006 0.87717748369500659 1.0575142725572777 255.54900000000001 2134.0000000000005 989.00000000000011 2.7250000000000005 42.226983122732058 2.0500000000000003 2.5500000000000003 0.99425190953195919
decision_type=2 2 2 2 2 2 2 2 2 2 2 2 2 2 2 2 2 2 2 2 2 2 2 2 2 2 2 2 2 2
left_child=1 7 12 5 17 15 -7 19 26 -10 11 -6 -3 14 -9 25 20 22 -12 27 -11 24 -4 -17 -8 -2 -5 -1 -23 -27
right_child=3 2 4 8 10 6 21 13 9 16 18 -13 -14 -15 -16 23 -18 -19 -20 -21 -22 28 -24 -25 -26 29 -28 -29 -30 -31
leaf_value=0.0074532666653394702 -0.0032334207855165002 0.012160996445587702 0.0049496976004115177 -0.00049331640296013037 0.0052975330626688008 0.0068289453380487187 -0.0018479451291188423 0.011239480488974114 0.00077793315164744847 -0.0037210963521725855 -0.0021573661018254434 -0.0028666203146719416 0.026812549320134247 0.0084135196083947889 0.020738870730560816 0.009600693460967806 -0.011464589965343474 0.0018151589126853074 0.0038294334239684616 0.0038772140252403913 -0.0071559306120774647 -0.0040725868358742444 0.0099211843913421024 0.0022505949285945718 -0.0043439580463719638 -0.00014559811479412018 -0.0033949727218683438 0.013200907075405121 -0.0074853678550951333 0.0021146110021642277
leaf_weight=21 23 20 41 50 130 32 158 45 39 77 167 45 21 28 88 26 59 37 25 23 433 34 79 20 153 29 130 29 48 34
leaf_count=21 23 20 41 50 130 32 158 45 39 77 167 45 21 28 88 26 59 37 25 23 433 34 79 20 153 29 130 29 48 34
internal_value=7.48643e-06 0.00688109 0.00393473 -0.00407564 0.00262057 -0.00170473 -0.00294075 0.0139354 -0.00574344 -0.00665957 0.000805 0.00317677 0.0201966 0.0161282 0.017655 0.00224453 -0.00717508 0.00681366 -0.00134649 0.00890611 -0.00665151 -0.00375918 0.00830233 0.00658471 -0.00309549 -9.14788e-05 -0.00261271 0.0110392 -0.00617257 0.0010413
internal_weight=2144 799 565 1345 524 557 425 234 788 608 367 175 41 161 133 132 569 157 192 73 510 393 120 46 311 86 180 50 82 63
internal_count=2144 799 565 1345 524 557 425 234 788 608 367 175 41 161 133 132 569 157 192 73 510 393 120 46 311 86 180 50 82 63
is_linear=0
shrinkage=0.03


Tree=8
num_leaves=31
num_cat=0
split_feature=26 23 11 23 11 15 21 22 25 21 26 26 23 15 26 13 23 22 11 21 23 24 13 21 11 22 19 16 17 11
split_gain=63.0618 18.5455 12.5597 5.72393 4.15426 2.77672 3.26487 2.75788 2.86054 2.31748 2.48776 1.97282 2.38419 1.87244 1.43552 1.28713 1.18145 0.851889 0.68257 0.6046 0.58249 0.444712 0.48324 0.47379 0.432754 0.42312 0.334711 0.299609 0.13984 0.0920928
threshold=671.50000000000011 2557.5000000000005 0.86670034847935795 2366.0000000000005 1.0075236867290813 0.014631605177698652 36.635000228881843 264.27000000000004 5.5500000000000007 11.690000057220461 710.50000000000011 467.50000000000006 3662.5000000000005 0.045792262368149608 1046.5000000000002 1.0646864127230198 3662.5000000000005 275.23000000000008 0.87717748369500659 16.394999504089359 2134.0000000000005 7.8500000000000005 1.0322240531808038 18.23499965667725 1.1077723610324464 257.97750000000008 96.755001068115249 41.844726826330728 0.0023362000382579008 0.99425190953195919
decision_type=2 2 2 2 2 2 2 2 2 2 2 2 2 2 2 2 2 2 2 2 2 2 2 2 2 2 2 2 2 2
left_child=1 7 13 5 16 14 21 25 24 27 -11 12 -6 -3 26 18 19 -13 -12 -4 -16 22 -7 -23 -9 28 29 -5 -1 -2
right_child=3 2 4 9 11 6 -8 8 -10 10 15 17 -14 -15 20 -17 -18 -19 -20 -21 -22 23 -24 -25 -26 -27 -28 -29 -30 -31
leaf_value=0.014226774669610538 -0.00014137577204965054 0.011813539577381951 0.0028800894021987909 -0.00042138447805440852 0.0051398201956471892 -0.00351682846751221 0.0075260779851904292 0.020784358975978998 0.0068344969751070375 0.0034558543312278658 -0.0035764298565394712 -0.0020930303551057088 -0.0027824912169219359 0.026044735372066495 0.0093233399854766013 -0.010974862097762524 0.0017621371548249092 0.0037189689840261748 -0.0067696577170299945 0.0090247408991107839 0.0021862921845167875 -0.0030578604562906549 -0.0069940439664265691 0.00059609317600261419 0.013491329499653407 0.0064971240811049933 -0.0031404599240049715 -0.0032727244550299207 0.0099110876130607886 0.0020529851697385312
leaf_weight=25 29 20 20 48 130 177 25 77 22 21 79 167 45 21 26 63 37 25 445 100 20 143 50 39 20 29 23 132 52 34
leaf_count=25 29 20 20 48 130 177 25 77 22 21 79 167 45 21 26 63 37 25 445 100 20 143 50 39 20 29 23 132 52 34
internal_value=8.81285e-06 0.00674107 0.00382049 -0.00391903 0.00254348 -0.00160603 -0.00276667 0.0140123 0.0172308 -0.00557245 -0.00646099 0.00078094 0.00308137 0.0196207 0.00217958 -0.00682614 0.00661356 -0.00130537 -0.00630168 0.00805769 0.00639665 -0.00341995 -0.00432321 -0.0022595 0.0194643 0.0102439 -8.91705e-05 -0.00253547 0.0115152 0.00100958
internal_weight=2144 790 565 1354 524 566 434 225 119 788 608 367 175 41 132 587 157 192 524 120 46 409 227 182 97 106 86 180 77 63
internal_count=2144 790 565 1354 524 566 434 225 119 788 608 367 175 41 132 587 157 192 524 120 46 409 227 182 97 106 86 180 77 63
is_linear=0
shrinkage=0.03


Tree=9
num_leaves=31
num_cat=0
split_feature=26 23 22 23 11 11 23 15 20 20 15 19 17 23 22 26 26 26 20 26 26 11 26 22 23 15 19 25 11 25
split_gain=59.4178 16.3039 11.9299 5.20638 3.5433 3.15468 2.98423 2.69698 3.41316 2.34434 2.13144 1.70633 1.67741 1.64492 1.44591 1.35524 1.30423 2.86254 0.992424 0.735781 0.689197 0.632463 0.589313 0.556976 0.547992 0.496517 0.315999 0.23127 0.225071 0.161403
threshold=691.00000000000011 2557.5000000000005 277.73450000000008 2366.0000000000005 1.0981727033578421 0.88767573226279062 3242.0000000000005 0.014631605177698652 1.3150000000000002 1.5550000000000004 0.04907428625110765 89.759998321533217 0.0107149785179788 2206.5000000000005 240.86050000000003 1046.5000000000002 899.50000000000011 794.50000000000011 1.8450000000000004 467.50000000000006 257.00000000000006 1.0461205836346903 989.00000000000011 252.57750000000001 2134.0000000000005 0.024231320158462005 95.475002288818374 2.0500000000000003 0.90846351160332639 3.2500000000000004
decision_type=2 2 2 2 2 2 2 2 2 2 2 2 2 2 2 2 2 2 2 2 2 2 2 2 2 2 2 2 2 2
left_child=1 9 4 7 6 -4 18 15 -9 19 11 -5 13 -11 -6 26 17 -13 -3 27 -16 22 -10 -18 -17 -8 -2 -1 -12 -23
right_child=3 2 5 10 14 -7 25 8 21 12 28 16 -14 -15 20 24 23 -19 -20 -21 -22 29 -24 -25 -26 -27 -28 -29 -30 -31
leaf_value=0.0070491228510033005 0.0010112205058380606 0.0091038560965686164 0.023778124168001367 -0.0086299924940773931 0.0041030224271465182 0.0090278124079108246 -0.0014102244954024043 0.0075380379474825334 -0.001445116775206388 0.019460552066564558 -0.0074574680672242089 -0.0017748949441571381 0.0085661997593501037 0.011547889117637405 0.0021109033640281391 0.0090539988064103662 -0.0022713645738448693 -0.0079900234575334354 0.0018067510089148644 0.0035317765014478936 -0.0029432740722195772 -0.0042579894042299952 -0.0041164093453077257 -0.0052460028826115789 0.0021238266205681217 0.002540144614517582 -0.0029707540932297706 0.012496091493964195 -0.012324016409676248 -0.0073072675717313117
leaf_weight=21 62 102 28 98 42 29 34 26 156 83 25 106 33 45 28 26 253 189 22 23 137 50 153 77 20 143 24 29 40 40
leaf_count=21 62 102 28 98 42 29 34 26 156 83 25 106 33 45 28 26 253 189 22 23 137 50 153 77 20 143 24 29 40 40
internal_value=1.03461e-05 0.00648677 0.00370945 -0.00383672 0.00222623 0.0166103 0.00430025 -0.00160491 -0.00277004 0.0131356 -0.00540644 -0.00491782 0.0152046 0.0168131 -0.000781373 0.00211651 -0.0043181 -0.00578047 0.00785802 0.00838819 -0.00205997 -0.00346641 -0.00278649 -0.00298826 0.00621401 0.0017608 -8.69191e-05 0.0104503 -0.0106391 -0.0057116
internal_weight=2144 799 565 1345 508 57 301 557 425 234 788 723 161 128 207 132 625 295 124 73 165 399 309 330 46 177 86 50 65 90
internal_count=2144 799 565 1345 508 57 301 557 425 234 788 723 161 128 207 132 625 295 124 73 165 399 309 330 46 177 86 50 65 90
is_linear=0
shrinkage=0.03


Tree=10
num_leaves=31
num_cat=0
split_feature=26 23 11 23 11 23 20 20 22 20 26 21 26 11 22 26 22 26 21 19 26 20 17 11 14 11 23 23 20 11
split_gain=56.0253 16.5153 10.6 5.06567 4.54789 3.77599 2.76531 2.46815 2.17152 2.07848 2.6895 2.05349 2.28133 1.17473 1.08663 0.959581 0.924388 0.710851 0.653813 0.633833 0.56813 0.49563 0.272709 0.26478 0.251027 0.248211 0.227995 0.195066 0.152714 0.0159554
threshold=671.50000000000011 2424.5000000000005 0.86670034847935795 2366.0000000000005 1.1176948617223499 3275.5000000000005 1.5550000000000004 1.2950000000000002 277.73450000000008 2.7650000000000001 972.00000000000011 11.690000057220461 710.50000000000011 1.0633000651369657 240.86050000000003 1058.0000000000002 275.23000000000008 499.00000000000006 21.164999961853031 96.990001678466811 257.00000000000006 2.1550000000000007 -0.0093920599976942479 1.0554295446140827 0.033526197895765102 0.96113984425804699 2276.5000000000005 2973.5000000000005 2.5850000000000004 1.0137450515131021
decision_type=2 2 2 2 2 2 2 2 2 2 2 2 2 2 2 2 2 2 2 2 2 2 2 2 2 2 2 2 2 2
left_child=1 6 8 7 5 17 26 -2 -3 19 22 25 -13 18 -6 -12 -7 -4 -14 21 -16 -9 -11 -8 -15 27 -1 -5 -21 -27
right_child=3 2 4 11 14 16 23 9 -10 10 15 12 13 24 20 -17 -18 -19 -20 28 -22 -23 -24 -25 -26 29 -28 -29 -30 -31
leaf_value=0.0068421490459757697 0.00749797121148843 0.0092746409262929649 0.0089378959932539942 -0.0021673547322484284 0.0040904538438655434 0.00098268439036910439 0.020280311220288276 -0.0015487808552104979 0.023316173781241685 -0.0016377722897495215 0.0018392002737288035 0.0034077177674255586 -0.0052693274782310865 -0.0077454763599671414 0.002049759952407651 0.008940511316061021 0.0068416206143025694 0.0044901777681182415 -0.0085796080977788985 -0.0016632600857992657 -0.0025447867198588534 -0.0055704629300233283 -0.0058870722463886648 0.015328212880882722 -0.01153235266652218 -0.002708116029482335 0.011875809788703919 0.0011844343943879579 -0.0044867278562689362 -0.0039724233012373858
leaf_weight=33 25 20 145 36 34 164 49 39 27 25 110 21 413 63 28 20 28 50 69 155 134 130 41 57 42 79 21 25 21 40
leaf_count=33 25 20 145 36 34 164 49 39 27 25 110 21 413 63 28 20 28 50 69 155 134 130 41 57 42 79 21 25 21 40
internal_value=1.10246e-05 0.00635666 0.00415082 -0.00369112 0.00302319 0.00490588 0.0149438 -0.00151472 0.0177213 -0.00194981 0.000502857 -0.00524667 -0.00608326 -0.00643312 -0.000684961 0.00301452 0.00188368 0.00784149 -0.0057662 -0.0033493 -0.00172456 -0.0046746 -0.00437073 0.0178136 -0.00938303 -0.00238627 0.00903456 -0.000748336 -0.00204055 -0.00318766
internal_weight=2144 790 630 1354 583 387 160 566 47 541 196 788 608 587 196 130 192 195 482 345 162 169 66 106 105 180 54 61 176 119
internal_count=2144 790 630 1354 583 387 160 566 47 541 196 788 608 587 196 130 192 195 482 345 162 169 66 106 105 180 54 61 176 119
is_linear=0
shrinkage=0.03


Tree=11
num_leaves=31
num_cat=0
split_feature=26 23 22 23 20 20 26 23 15 20 22 21 26 23 26 15 23 23 26 20 26 23 20 22 26 19 10 25 13 22
split_gain=52.787 15.5796 10.7429 4.76935 2.60964 2.4751 2.38684 3.0981 2.333 2.99614 1.96847 1.9321 2.19993 1.83673 1.22594 1.06813 0.864908 0.858865 0.724382 0.695059 0.671745 0.491947 0.331216 0.33349 0.291677 0.280414 0.240365 0.214055 0.145103 0.0652379
threshold=671.50000000000011 2557.5000000000005 277.73450000000008 2366.0000000000005 1.5550000000000004 1.5350000000000004 467.50000000000006 3256.0000000000005 0.014631605177698652 1.8450000000000004 240.38350000000003 11.434999942779543 751.50000000000011 2206.5000000000005 1046.5000000000002 0.04907428625110765 3744.0000000000005 3091.5000000000005 595.00000000000011 1.0300000000000002 467.50000000000006 2134.0000000000005 2.1350000000000002 243.75500000000002 710.50000000000011 95.475002288818374 0.95711022948367808 2.0500000000000003 1.0009060576779105 249.90200000000002
decision_type=2 2 2 2 2 2 2 2 2 2 2 2 2 2 2 2 2 2 2 2 2 2 2 2 2 2 2 2 2 2
left_child=1 4 6 8 20 -4 7 19 14 -10 -8 26 24 -6 25 17 -9 -14 -12 -3 27 -16 -11 -24 -13 29 -5 -1 -17 -2
right_child=3 2 5 11 13 -7 10 16 9 22 18 12 15 -15 21 28 -18 -19 -20 -21 -22 -23 23 -25 -26 -27 -28 -29 -30 -31
leaf_value=0.0066183760342272847 -7.071680580182665e-05 0.010316079373745356 0.022845246303540009 -9.1762428052810042e-05 0.017894426341979734 0.0095677796426144514 0.0061096602733712643 0.0029199390177068732 0.0061415962752970786 -0.0013731110195974007 -0.00033431533621650273 0.0029727364327637069 -0.0046104290365040421 0.010581396654003955 0.0085893901454077836 -0.0068912681855938648 -0.0019526741610108207 -0.0071604848240291877 -0.0050292343844970068 0.0054403519291357184 0.0032699820536872719 0.0020105973333120345 -0.0052789322964918719 -0.0030202206556215181 -0.0017767000201603638 -0.0028125783357024195 -0.0028042667557491175 0.011842169461399318 -0.011318371351559955 0.0017792235885572152
leaf_weight=21 27 50 25 42 92 32 39 77 32 76 177 22 270 60 26 21 55 247 35 75 23 20 90 236 22 24 120 29 44 35
leaf_count=21 27 50 25 42 92 32 39 77 32 76 177 22 270 60 26 21 55 247 35 75 23 20 90 236 22 24 120 29 44 35
internal_value=1.17829e-05 0.00617134 0.00349387 -0.00358174 0.0128363 0.0157364 0.00208609 0.00411237 -0.00146973 -0.00253387 0 -0.00509115 -0.00584953 0.0151153 0.0019992 -0.00633818 0.00086771 -0.005846 -0.00114348 0.00748085 0.00791012 0.00589651 -0.00324542 -0.0036672 0.000544641 -9.47411e-05 -0.00212431 0.00987979 -0.0100596 0.00093765
internal_weight=2144 790 565 1354 225 57 508 257 566 434 251 788 626 152 132 582 132 517 212 125 73 46 402 326 44 86 162 50 65 62
internal_count=2144 790 565 1354 225 57 508 257 566 434 251 788 626 152 132 582 132 517 212 125 73 46 402 326 44 86 162 50 65 62
is_linear=0
shrinkage=0.03


Tree=12
num_leaves=31
num_cat=0
split_feature=26 23 22 23 16 23 16 15 21 13 22 21 26 24 26 10 26 26 22 21 13 23 26 16 22 19 16 24 10 19
split_gain=49.7367 13.6941 10.1338 4.33828 3.01015 2.55863 2.33339 2.26663 2.66632 2.05973 2.36505 1.81835 2.04673 1.56211 1.15745 1.01257 0.928729 0.643929 0.576332 0.515623 0.499603 0.462718 0.461131 0.401506 0.285246 0.264269 0.252034 0.181159 0.108147 0.0856618
threshold=691.00000000000011 2557.5000000000005 277.73450000000008 2366.0000000000005 59.138222542892329 3275.5000000000005 42.011620141435714 0.014631605177698652 37.674999237060554 1.0834818860519431 264.27000000000004 11.690000057220461 751.50000000000011 0.75000000000000011 1046.5000000000002 1.0877403062661037 355.50000000000006 494.00000000000006 259.65650000000005 20.564999580383304 1.03071200120858 2134.0000000000005 1868.5000000000002 50.65698711319601 257.97750000000008 95.475002288818374 42.376304415383842 6.7500000000000009 1.0033645829576117 93.970001220703139
decision_type=2 2 2 2 2 2 2 2 2 2 2 2 2 2 2 2 2 2 2 2 2 2 2 2 2 2 2 2 2 2
left_child=1 9 4 7 5 16 -4 14 20 10 24 26 -13 -12 25 19 -3 18 -6 -14 22 -16 -9 -7 28 -2 29 -22 -1 -5
right_child=3 2 6 11 17 23 -8 8 -10 -11 13 12 15 -15 21 -17 -18 -19 -20 -21 27 -23 -24 -25 -26 -27 -28 -29 -30 -31
leaf_value=0.013099326460361481 0.00090890594036318348 0.010311903772875665 0.023587317841393604 0.00092477509217417755 0.0024745853936133937 0.0025918623468301166 0.010212117281791411 -0.0021697111904439375 0.0071577985044568773 0.0043526355395874673 0.0081351704464706753 0.0008338943116221343 -0.0052263652835707148 0.018176369512496994 0.008341252217690151 -0.010003098306059836 0.0049237255392239453 -0.0031874708722823778 -0.0017847806606103073 -0.0078900174410542947 -0.0066216476854422824 0.0019531516851857304 -0.0062373658541975355 -0.00021292225909061156 0.006084713842305872 -0.0027315761420130726 -0.0029521670438599989 -0.0033358725217749944 0.0090539196340405203 -0.0014724646616727111
leaf_weight=24 62 47 20 22 58 106 37 293 23 30 21 39 420 85 26 59 93 73 54 90 45 20 28 77 26 24 129 36 48 29
leaf_count=24 62 47 20 22 58 106 37 293 23 30 21 39 420 85 26 59 93 73 54 90 45 20 28 77 26 24 129 36 48 29
internal_value=1.24696e-05 0.00593796 0.00339202 -0.00350715 0.00202453 0.00377013 0.0152827 -0.0014692 -0.00253759 0.0120319 0.0131198 -0.00494019 -0.00572762 0.0163097 0.00194137 -0.00618329 0.0068142 -0.00101094 0.000396793 -0.00571681 -0.00311613 0.0057283 -0.00255211 0.00140066 0.00950922 -9.22796e-05 -0.00224688 -0.00525638 0.0106045 -0.000382771
internal_weight=2144 799 565 1345 508 323 57 557 425 234 204 788 608 106 132 569 140 185 112 510 402 46 321 183 98 86 180 81 72 51
internal_count=2144 799 565 1345 508 323 57 557 425 234 204 788 608 106 132 569 140 185 112 510 402 46 321 183 98 86 180 81 72 51
is_linear=0
shrinkage=0.03


Tree=13
num_leaves=31
num_cat=0
split_feature=26 22 11 26 22 15 20 22 22 11 15 26 20 11 15 22 11 22 26 17 20 19 26 26 22 22 26 19 11 26
split_gain=46.8632 11.5435 7.58913 5.23307 5.00319 3.79014 3.62787 1.82839 1.75308 1.56006 1.52418 1.96175 1.38194 1.18891 1.05164 0.960486 0.848458 0.81244 0.550738 0.529002 0.47768 0.505108 0.204847 0.189782 0.103302 0.0912345 0.0441815 0.0390097 0.0312273 0.0281917
threshold=671.50000000000011 277.73450000000008 1.1140860942098885 459.00000000000006 264.27000000000004 0.015024620690511302 1.4650000000000001 239.82900000000004 259.28300000000007 0.83263452846012309 0.04694130239084781 1868.5000000000002 2.7250000000000005 0.94147099574258697 0.013084497551695851 240.86050000000003 0.87717748369500659 255.917 1046.5000000000002 0.011331601324532151 0.7350000000000001 92.444999694824233 570.00000000000011 755.00000000000011 251.43850000000003 267.49850000000004 1048.5000000000002 96.990001678466811 0.96768140863062624 1891.0000000000002
decision_type=2 2 2 2 2 2 2 2 2 2 2 2 2 2 2 2 2 2 2 2 2 2 2 2 2 2 2 2 2 2
left_child=1 2 3 4 8 12 -7 22 -1 -3 11 13 27 -8 24 -4 26 -9 -16 -11 -17 -22 -5 -18 28 -6 -12 -2 -14 -13
right_child=5 9 15 7 25 6 10 17 -10 19 16 29 14 -15 18 20 23 -19 -20 -21 21 -23 -24 -25 -26 -27 -28 -29 -30 -31
leaf_value=0.0095679140347953232 -0.0050576278375727779 0.023023466364903881 0.0038893042993241632 0.0090301006361842157 0.018173177962953393 0.0061066395767754127 -0.0017124106570257111 -0.00037641269897165542 0.0039150901580974461 0.014822153006900438 -0.0024406443518501793 -0.0056564749319325475 -0.0002536688453005627 -0.0041147242645489914 0.00166741339091492 0.0018859213937830644 -0.006535130816644856 0.0040775324961072525 0.0072603382705836682 0.0083503177034854881 0.0011866182290287987 -0.003117988348718629 0.0046587057727575298 -0.010684283292064299 -0.0019038567525567487 0.012526025508131299 -0.0050056938722443127 -0.0026177680907504899 0.0012125078543372776 -0.0078708327542990446
leaf_weight=108 20 21 37 35 43 30 277 101 99 54 21 33 24 608 32 31 27 56 36 24 30 107 24 51 26 20 25 27 22 95
leaf_count=108 20 21 37 35 43 30 277 101 99 54 21 33 24 608 32 31 27 56 36 24 30 107 24 51 26 20 25 27 22 95
internal_value=1.33724e-05 0.00581711 0.00442462 0.00646336 0.00924752 -0.00337243 -0.00400765 0.00294275 0.00691063 0.0153649 -0.00428229 -0.00388445 0.000576018 -0.00336898 0.00208368 -0.000402012 -0.00745127 0.00120902 0.00473416 0.0129997 -0.0013823 -0.00215187 0.00740919 -0.00938692 -0.000409016 0.016651 -0.00397537 -0.00380224 0.000394595 -0.00737147
internal_weight=2144 790 691 486 270 1354 1167 216 207 99 1137 1013 187 885 140 205 124 157 68 78 168 137 59 78 72 63 46 47 46 128
internal_count=2144 790 691 486 270 1354 1167 216 207 99 1137 1013 187 885 140 205 124 157 68 78 168 137 59 78 72 63 46 47 46 128
is_linear=0
shrinkage=0.03


Tree=14
num_leaves=29
num_cat=0
split_feature=26 22 26 22 20 22 10 22 22 22 24 26 26 19 21 13 26 20 13 20 26 22 26 22 26 26 20 26
split_gain=44.181 9.36772 6.8903 6.85494 3.01486 2.82827 2.52255 2.39885 2.30487 4.22618 1.81117 1.63896 1.53338 1.47139 1.17181 1.12857 0.88207 0.744374 0.793019 0.51734 0.513282 0.847697 0.494325 0.257908 0.188594 0.175221 0.02448 0.00985325
threshold=691.00000000000011 277.73450000000008 467.50000000000006 264.27000000000004 1.4650000000000001 240.38350000000003 1.0545484603102724 259.28300000000007 252.37150000000003 243.75500000000002 5.7500000000000009 1058.0000000000002 347.00000000000006 89.759998321533217 24.255000114440922 1.0457492876271319 953.00000000000011 2.3650000000000007 0.99176509401439195 1.5150000000000003 1026.5000000000002 256.03400000000005 451.50000000000006 237.38300000000004 570.00000000000011 720.50000000000011 1.8550000000000002 1070.0000000000002
decision_type=2 2 2 2 2 2 2 2 2 2 2 2 2 2 2 2 2 2 2 2 2 2 2 2 2 2 2 2
left_child=1 2 3 7 -2 24 19 14 9 10 23 16 -9 -12 -1 20 -11 18 -7 -3 21 -10 -5 -6 -4 -17 -21 -22
right_child=4 6 5 22 8 17 -8 12 15 11 13 -13 -14 -15 -16 25 -18 -19 -20 26 27 -23 -24 -25 -26 -27 -28 -29
leaf_value=0.0052353983343655765 0.0059293499230857818 0.022305873155593871 0.0085873262718800577 0.017652962919076282 -0.0046336583159863947 0.0034458596066750113 0.0071567947737012916 -0.00016266783234834869 -0.0016528588486285623 -0.0020676090324281246 -0.0076085331354822424 0.0074541278169913726 0.0059764066257719265 -0.0012711498602945637 0.010369021471640833 -0.0049779304585619161 0.00074485584912844095 -0.0047107673725911552 -0.00099900471350590058 0.01197671237256792 -0.0057375534442338071 -0.0051970986342538264 0.010817232800647617 -0.0071544996231729004 0.0043366714007436087 -0.0090766892296236905 0.016945741968154907 -0.007927735426302613
leaf_weight=108 30 20 30 44 68 46 38 94 107 249 41 21 58 165 72 20 165 34 155 26 54 154 25 170 25 73 24 28
leaf_count=108 30 20 30 44 68 46 38 94 107 249 41 21 58 165 72 20 165 34 155 26 54 154 25 170 25 73 24 28
internal_value=1.40902e-05 0.00559891 0.00429563 0.00683926 -0.00330305 0.000756682 0.0137941 0.00500826 -0.0035203 -0.00262384 -0.00468025 -0.000512077 0.00218402 -0.00257763 0.00735136 -0.00531062 -0.000940376 -0.000672738 1.53993e-05 0.0172034 -0.00447247 -0.0037674 0.015409 -0.00646921 0.00682072 -0.00828948 0.0147062 -0.00660807
internal_weight=2144 799 691 401 1345 290 108 332 1315 879 444 435 152 206 180 436 414 235 201 70 343 261 69 238 55 93 50 82
internal_count=2144 799 691 401 1345 290 108 332 1315 879 444 435 152 206 180 436 414 235 201 70 343 261 69 238 55 93 50 82
is_linear=0
shrinkage=0.03


Tree=15
num_leaves=31
num_cat=0
split_feature=26 23 11 23 11 23 22 21 22 21 26 14 11 11 26 19 11 22 11 11 26 11 26 26 14 26 9 11 14 19
split_gain=41.646 12.6613 8.23408 3.83825 3.44229 2.71159 1.96722 1.74032 1.73507 1.59453 1.84238 1.31814 0.992999 0.855524 0.799843 0.74387 0.73869 0.691695 0.546195 0.506886 0.451432 0.436112 0.471782 0.408729 0.320776 0.277074 0.253563 0.204759 0.139476 0.136915
threshold=671.50000000000011 2424.5000000000005 0.87032415224060655 2366.0000000000005 1.1229131927844398 3275.5000000000005 264.27000000000004 37.674999237060554 277.73450000000008 11.434999942779543 751.50000000000011 0.016785852008572553 0.99192627468584116 1.0759127626720419 499.00000000000006 95.475002288818374 1.0075236867290813 240.86050000000003 0.87717748369500659 1.0554295446140827 257.00000000000006 1.0360219309153991 696.50000000000011 1025.5000000000002 0.013774214640162303 710.50000000000011 0.9959950400560218 0.96113984425804699 0.033526197895765102 93.970001220703139
decision_type=2 2 2 2 2 2 2 2 2 2 2 2 2 2 2 2 2 2 2 2 2 2 2 2 2 2 2 2 2 2
left_child=1 6 8 7 5 14 26 11 -3 27 25 12 24 18 -4 -14 -7 -6 -12 -8 -19 23 -23 -13 -2 -11 -1 29 -15 -5
right_child=3 2 4 9 17 16 19 -9 -10 10 13 21 15 28 -16 -17 -18 20 -20 -21 -22 22 -24 -25 -26 -27 -28 -29 -30 -31
leaf_value=0.0099412101975509103 -0.00016219518591071178 0.0080366613378991258 0.0077341077703151941 0.0013962949564738662 0.0031439354401716791 0.0036218546153816938 0.01826057526279003 0.006605977017432452 0.020126577547911938 0.0029885242782411686 -0.002691080132557545 -0.00088646978009703815 0.0041125406659873465 -0.0069049889488288991 0.0031675018665309135 -0.0021697020711885259 -7.3131155248524419e-05 0.001730391016679591 -0.0055808807475196719 0.012894784076604991 -0.002372776958450245 -0.00019454809850347893 -0.005516151731461286 -0.003429941012769834 -0.0033910610468219967 -0.001635472497862318 0.0049189980733394621 -0.002586735460907221 -0.010229563169754468 -0.0015816067809064406
leaf_weight=27 67 22 147 23 32 86 46 23 28 22 77 131 69 51 51 21 107 28 416 63 129 20 79 107 49 22 24 108 38 31
leaf_count=27 67 22 147 23 32 86 46 23 28 22 77 131 69 51 51 21 107 28 416 63 129 20 79 107 49 22 24 108 38 31
internal_value=1.4727e-05 0.00548595 0.00355395 -0.00317697 0.00252673 0.00413153 0.0130052 -0.00128169 0.0151277 -0.00453115 -0.00522013 -0.00163284 0.000244261 -0.00566749 0.00659476 0.00260598 0.00156806 -0.000781736 -0.00514197 0.0153319 -0.00161569 -0.00278647 -0.00448378 -0.00205208 -0.00156908 0.000624893 0.00777555 -0.00183469 -0.00845569 -0.00025637
internal_weight=2144 790 630 1354 580 391 160 566 50 788 626 543 206 582 198 90 193 189 493 109 157 337 99 238 116 44 51 162 89 54
internal_count=2144 790 630 1354 580 391 160 566 50 788 626 543 206 582 198 90 193 189 493 109 157 337 99 238 116 44 51 162 89 54
is_linear=0
shrinkage=0.03


Tree=16
num_leaves=30
num_cat=0
split_feature=26 23 11 23 16 23 20 20 22 20 19 26 11 22 22 11 26 22 26 11 19 26 20 14 11 23 20 9 20
split_gain=39.2377 11.9315 7.76857 3.61211 3.29713 2.6597 1.87125 1.78564 1.63241 1.52531 1.98838 1.28233 1.31578 0.855548 1.33258 0.994098 0.785032 0.766017 0.753769 0.691877 0.513066 0.407783 0.402391 0.27659 0.220912 0.172361 0.140599 0.128469 0.0703917
threshold=671.50000000000011 2424.5000000000005 0.87032415224060655 2366.0000000000005 59.288877700367642 3275.5000000000005 1.5550000000000004 1.2950000000000002 277.73450000000008 2.7650000000000001 95.475002288818374 710.50000000000011 1.0633000651369657 243.12750000000003 252.37150000000003 0.90289911152448621 1046.5000000000002 240.38350000000003 499.00000000000006 1.0075236867290813 96.990001678466811 265.50000000000006 2.1550000000000007 0.037232346988687409 1.0683958898059622 2276.5000000000005 2.5850000000000004 0.98087996706289926 2.5350000000000006
decision_type=2 2 2 2 2 2 2 2 2 2 2 2 2 2 2 2 2 2 2 2 2 2 2 2 2 2 2 2 2
left_child=1 6 8 7 5 18 25 -2 -3 20 16 -5 13 15 -15 -13 -11 -6 -4 -7 22 -19 -9 28 -8 -1 -22 -12 -14
right_child=3 2 4 11 17 19 24 9 -10 10 27 12 23 14 -16 -17 -18 21 -20 -21 26 -23 -24 -25 -26 -27 -28 -29 -30
leaf_value=0.0058076719580327759 0.0064185208271329225 0.0078060440155475041 0.0077791315837622537 0.0021369259739742398 0.0033081599717649317 0.0035144479259977051 0.016924409352242948 -0.0011900803540600463 0.019543600744214549 0.00086936035689789352 -0.0017526667223498225 -0.0017213057111431325 -0.0073815580349076877 -0.0015549113267073844 -0.0050635698425125471 -0.0064817974456614739 0.0057805105271020339 0.0015648876626435063 0.0033254753005392147 -9.1006252314680477e-05 -0.0012792346833112578 -0.0022099856259233325 -0.0048117978301180078 -0.0099508129931413208 0.01257245353150826 0.010212813631377438 -0.003963463146747513 -0.004882820657545292 -0.0047457769182888236
leaf_weight=33 25 22 138 25 35 86 55 39 28 87 24 53 43 217 183 193 45 30 52 103 155 136 130 38 51 21 21 40 36
leaf_count=33 25 22 138 25 35 86 55 39 28 87 24 53 43 217 183 193 45 30 52 103 155 136 130 38 51 21 21 40 36
internal_value=1.50303e-05 0.00532574 0.00345005 -0.00308297 0.00245212 0.00409695 0.0126253 -0.00124414 0.0146922 -0.00161496 0.000484238 -0.00439669 -0.00461721 -0.00406505 -0.00317623 -0.00547943 0.00259705 -0.00063942 0.00659974 0.00154364 -0.00281418 -0.00150453 -0.00400558 -0.0075802 0.0149956 0.00772987 -0.00163704 -0.00380019 -0.00629228
internal_weight=2144 790 630 1354 580 379 160 566 50 541 196 788 763 646 400 246 132 201 190 189 345 166 169 117 106 54 176 64 79
internal_count=2144 790 630 1354 580 379 160 566 50 541 196 788 763 646 400 246 132 201 190 189 345 166 169 117 106 54 176 64 79
is_linear=0
shrinkage=0.03


Tree=17
num_leaves=30
num_cat=0
split_feature=26 23 11 11 23 20 15 13 22 15 25 26 26 23 26 26 11 23 22 21 11 26 26 21 22 20 15 11 10
split_gain=36.9874 10.5475 7.78914 3.3421 3.28389 1.70282 2.17595 1.60182 1.6674 1.46122 1.23055 1.22185 1.15872 1.54682 1.0186 2.1535 1.00114 0.996917 0.611925 0.498288 0.475993 0.61248 0.435054 0.375143 0.255773 0.210622 0.148726 0.142971 0.101136
threshold=691.00000000000011 2557.5000000000005 0.83784954924611665 1.0066656199264474 2366.0000000000005 1.2950000000000002 0.015024620690511302 1.0834818860519431 264.27000000000004 0.04907428625110765 5.1500000000000012 1886.0000000000002 467.50000000000006 3744.0000000000005 899.50000000000011 794.50000000000011 0.99192627468584116 3662.5000000000005 275.23000000000008 16.394999504089359 1.0317476078822516 989.00000000000011 1046.5000000000002 18.845000267028812 257.97750000000008 2.7250000000000005 0.022880520489100154 0.90846351160332639 1.0033645829576117
decision_type=2 2 2 2 2 2 2 2 2 2 2 2 2 2 2 2 2 2 2 2 2 2 2 2 2 2 2 2 2
left_child=1 7 -3 17 5 -2 16 8 24 11 -10 14 13 -5 15 -6 25 19 -14 -4 21 -8 -18 -16 28 -7 -22 -11 -1
right_child=4 2 3 12 9 6 20 -9 10 27 -12 -13 18 -15 23 -17 22 -19 -20 -21 26 -23 -24 -25 -26 -27 -28 -29 -30
leaf_value=0.011721235291957855 0.0062333712744025091 0.018335416725703647 0.0021155934908560345 0.0038453667714707799 -0.001175086190460563 -0.0026440623170563148 -0.00073211879228862623 0.0036929465158271695 0.015729219983363973 -0.0059914853068498471 0.0066676069827351194 -0.0070206006157154935 -0.0017968097065062917 -0.0026239538351073856 -0.0016964595258845523 -0.0065634561271651791 0.0016443353389156983 0.0012188758840318769 0.0030426777150068017 0.007620512398513587 -0.0025539241507649417 -0.0035831150541848992 0.0064834124586161451 -0.0044206020263794421 0.0051906602142585655 0.00042086906466186824 -0.0053811244704355552 -0.009973272244377834 0.0079637388225112637
leaf_weight=24 25 27 20 132 106 34 143 30 86 25 20 97 168 43 274 189 39 39 26 110 32 135 33 57 26 44 72 40 48
leaf_count=24 25 27 20 132 106 34 143 30 86 25 20 97 168 43 274 189 39 39 26 110 32 135 33 57 26 44 72 40 48
internal_value=1.52435e-05 0.00512533 0.00289032 0.00207705 -0.00301974 -0.0012458 -0.00161393 0.0104738 0.0114335 -0.00426668 0.0141258 -0.00386151 0.000463436 0.00223284 -0.0033568 -0.00464794 0.00142786 0.00555917 -0.00112056 0.00681912 -0.00281679 -0.00213523 0.00396177 -0.00218651 0.0083778 -0.00089371 -0.0045724 -0.00860125 0.00940074
internal_weight=2144 799 565 538 1345 557 532 234 204 788 106 723 369 175 626 295 150 169 194 130 382 278 72 331 98 78 104 65 72
internal_count=2144 799 565 538 1345 557 532 234 204 788 106 723 369 175 626 295 150 169 194 130 382 278 72 331 98 78 104 65 72
is_linear=0
shrinkage=0.03


Tree=18
num_leaves=31
num_cat=0
split_feature=26 23 22 23 11 11 20 13 22 20 22 21 26 26 23 23 23 13 26 11 20 11 20 26 22 20 11 17 23 23
split_gain=34.8491 9.94009 7.39558 3.09364 2.31033 1.88176 1.60567 1.50718 1.56496 1.44194 1.77851 1.33233 1.59202 1.27879 1.45781 1.17904 0.82553 0.757009 0.682631 0.507908 0.47713 0.417966 0.401194 0.243948 0.239461 0.197868 0.190469 0.156887 0.152643 0.12564
threshold=691.00000000000011 2557.5000000000005 277.73450000000008 2366.0000000000005 1.0075236867290813 0.83263452846012309 1.2950000000000002 1.0834818860519431 264.27000000000004 2.7650000000000001 251.43850000000003 11.434999942779543 751.50000000000011 467.50000000000006 3662.5000000000005 2206.5000000000005 3282.5000000000005 1.0646864127230198 1046.5000000000002 0.87717748369500659 2.4650000000000003 0.99351177325406759 2.3650000000000007 710.50000000000011 257.97750000000008 0.88500000000000012 0.96113984425804699 -0.0087638616230922995 3718.0000000000005 2973.5000000000005
decision_type=2 2 2 2 2 2 2 2 2 2 2 2 2 2 2 2 2 2 2 2 2 2 2 2 2 2 2 2 2 2
left_child=1 7 4 6 16 -4 -2 8 24 20 18 26 23 14 -6 -10 25 19 -11 -14 21 -8 -15 -13 -1 -3 29 -12 -18 -5
right_child=3 2 5 11 13 -7 9 -9 15 10 27 12 17 22 -16 -17 28 -19 -20 -21 -22 -23 -24 -25 -26 -27 -28 -29 -30 -31
leaf_value=0.0091280413098531223 0.0060535624468555814 0.0093283562640989991 0.020120671017603439 -0.001520965820038691 0.0037784969063959155 0.0082775160017851245 -0.00047668203941744601 0.0035857319673523302 0.015529541861720201 0.00080647286453632255 -0.001324663138757883 0.0028751659097919322 -0.0024057498558048302 -0.00073524054610320634 -0.0024096963704037275 0.0073252880794640917 0.0038182599531050693 -0.0083518501756282958 0.0053483569506714316 -0.0051750191070670925 -0.0040494985135328771 -0.0033600121986948782 -0.0044768251189962029 -0.0014579233441339883 0.0050407078713178635 0.0053024451205053846 -0.002397714271107603 -0.0048367178813304478 0.0010378490936615175 0.00131514687773485
leaf_weight=72 25 30 21 29 130 36 110 30 81 88 21 22 77 154 45 25 46 64 46 441 147 80 31 22 26 36 108 40 36 25
leaf_count=72 25 30 21 29 130 36 110 30 81 88 21 22 77 154 45 25 46 64 46 441 147 80 31 22 26 36 108 40 36 25
internal_value=1.54683e-05 0.00497569 0.00280577 -0.00293044 0.00163683 0.0129642 -0.00120843 0.010168 0.0110992 -0.00156604 0.000472963 -0.00414077 -0.00477078 0.000326638 0.00216555 0.0137092 0.00478005 -0.00518675 0.00241592 -0.00477458 -0.00275266 -0.00171766 -0.00139904 0.000657702 0.00813582 0.0072891 -0.00167353 -0.0037169 0.00266095 -0.000153366
internal_weight=2144 799 565 1345 508 57 557 234 204 532 195 788 626 360 175 106 148 582 134 518 337 190 185 44 98 66 162 61 82 54
internal_count=2144 799 565 1345 508 57 557 234 204 532 195 788 626 360 175 106 148 582 134 518 337 190 185 44 98 66 162 61 82 54
is_linear=0
shrinkage=0.03


Tree=19
num_leaves=31
num_cat=0
split_feature=26 23 11 23 16 23 22 20 20 15 15 19 26 26 26 26 22 23 21 20 11 20 22 11 11 17 11 15 11 16
split_gain=32.8394 10.0893 6.67278 3.01053 2.48842 2.32131 1.9352 1.55867 1.49848 1.88077 1.35051 1.12593 0.951397 1.94972 0.827523 0.740969 0.642844 0.357208 0.346616 0.33726 0.335716 0.333817 0.233277 0.205127 0.200226 0.175109 0.123482 0.117385 0.0538601 0.0209984
threshold=671.50000000000011 2424.5000000000005 0.91495319575608269 2366.0000000000005 59.288877700367642 3275.5000000000005 277.73450000000008 1.5550000000000004 1.2950000000000002 0.014631605177698652 0.04907428625110765 89.759998321533217 899.50000000000011 794.50000000000011 1046.5000000000002 499.00000000000006 240.38350000000003 2134.0000000000005 18.845000267028812 0.7350000000000001 1.0075236867290813 2.1350000000000002 243.75500000000002 1.0554295446140827 0.98749159745216486 0.0041326779403033512 0.97072017647443676 0.032379628955761401 0.95818777090542839 45.357181272244311
decision_type=2 2 2 2 2 2 2 2 2 2 2 2 2 2 2 2 2 2 2 2 2 2 2 2 2 2 2 2 2 2
left_child=1 7 6 8 5 15 27 25 -2 14 11 -5 13 -13 24 -4 -6 -16 -14 -18 -7 28 -23 29 -10 -1 -12 -3 -11 -9
right_child=3 2 4 10 16 20 -8 23 9 21 26 12 18 -15 17 -17 19 -19 -20 -21 -22 22 -24 -25 -26 -27 -28 -29 -30 -31
leaf_value=0.0091910148371870705 0.0058789405731054459 0.0086466519449438367 0.0070423898553169922 -0.0066424629141887022 0.0029588961588451639 0.0025819031678822259 0.016807630861657003 0.012277225843497684 -0.0013799283057195134 -8.3631038808056879e-05 -0.0059179417213489271 -0.0010816557968169164 -0.001535112912284829 -0.0062098170975615312 0.0071081557306978439 0.0025124695738967585 0.0014538299327009709 0.0014942093028553892 -0.0041526096099706623 -0.0020640009101993225 -7.1845911022347324e-05 -0.0042705565398503962 -0.0023764852875548183 0.011696118480686482 0.0015034713533425114 0.0049635724421590571 -0.0096194563837427843 0.0044518916278400199 -0.001727204877943281 0.017650514864921567
leaf_weight=25 25 20 133 98 35 70 34 20 49 53 28 106 273 189 26 48 28 20 57 138 103 90 236 57 37 29 37 21 30 29
leaf_count=25 25 20 133 98 35 70 34 20 49 53 28 106 273 189 26 48 28 20 57 138 103 90 236 57 37 29 37 21 30 29
internal_value=1.60069e-05 0.00487458 0.0031493 -0.00281805 0.00199716 0.00350883 0.0114972 0.0115875 -0.00113866 -0.00147873 -0.00401754 -0.00362801 -0.00314069 -0.00438717 0.00161229 0.00587797 -0.000654529 0.00481486 -0.00200747 -0.00144752 0.000993351 -0.00248514 -0.00292002 0.0137543 -0.000101891 0.00710679 -0.00818424 0.0067267 -0.000726898 0.0158067
internal_weight=2144 790 630 1354 555 354 75 160 566 541 788 723 625 295 132 181 201 46 330 166 173 409 326 106 86 54 65 41 83 49
internal_count=2144 790 630 1354 555 354 75 160 566 541 788 723 625 295 132 181 201 46 330 166 173 409 326 106 86 54 65 41 83 49
is_linear=0
shrinkage=0.03


Tree=20
num_leaves=31
num_cat=0
split_feature=26 23 16 15 23 16 15 20 13 15 23 19 23 26 23 26 26 26 15 19 13 23 21 26 13 15 17 20 20 19
split_gain=30.9552 8.87248 4.47687 2.85418 2.74057 1.88436 1.42865 1.86482 1.34592 1.27412 1.2158 1.05928 1.03648 1.18612 1.00009 0.894753 1.83414 0.780988 0.569573 0.350335 0.339587 0.335896 0.326271 0.326123 0.289236 0.281634 0.276235 0.234949 0.233282 0.172592
threshold=691.00000000000011 2557.5000000000005 50.180081361991718 0.044459589402097509 2366.0000000000005 41.092507246133927 0.014631605177698652 1.8450000000000004 1.0834818860519431 0.04907428625110765 1899.5000000000002 89.759998321533217 3344.5000000000005 463.50000000000006 3275.5000000000005 899.50000000000011 794.50000000000011 1046.5000000000002 0.052735041551462206 94.524997711181655 1.0273181167102041 2134.0000000000005 18.845000267028812 1868.5000000000002 1.0950071790318689 0.018676315774343154 -0.00054868142684114986 1.7550000000000001 2.3850000000000002 95.475002288818374
decision_type=2 2 2 2 2 2 2 2 2 2 2 2 2 2 2 2 2 2 2 2 2 2 2 2 2 2 2 2 2 2
left_child=1 8 3 14 6 -5 17 -8 10 11 26 -6 13 24 27 16 -13 29 25 -15 23 -19 -17 -9 -4 -12 -1 -3 -14 -2
right_child=4 2 12 5 9 -7 7 20 -10 -11 18 15 28 19 -16 22 -18 21 -20 -21 -22 -23 -24 -25 -26 -27 -28 -29 -30 -31
leaf_value=0.0096709024395261484 0.00070437966717318398 0.0077268663708199847 0.0049490206641290922 0.019023101789610725 -0.0064452018412676712 0.0074402666435858539 0.0048442702753977345 -0.0016972405502469518 0.0033700211978697726 -0.0079471363100138571 0.011406296415233686 -0.0010495094063509012 -0.00080662224116345303 -0.0015700330315933872 0.0014494374292644571 -0.0014892275937396122 -0.0060245031565819918 0.0069028091012603701 0.013605495222590186 0.0026632948830399824 -0.0041889830926853805 0.0014515175718281949 -0.0040301792163498183 -0.0051346239591466966 0.0012097989638689263 0.0068594167179241768 0.0157340371966362 0.0034554862715303896 -0.0042248868708583435 -0.0022352311889827252
leaf_weight=20 62 46 82 20 98 42 32 273 30 65 20 106 128 71 82 273 189 26 21 22 92 20 57 28 28 99 44 23 21 24
leaf_count=20 62 46 82 20 98 42 32 273 30 65 20 106 128 71 82 273 189 26 21 22 92 20 57 28 28 99 44 23 21 24
internal_value=1.66048e-05 0.00469158 0.00264113 0.00606455 -0.00275977 0.0114669 -0.00113855 -0.00198747 0.00959739 -0.00389903 0.0104776 -0.00352048 0.000549758 0.0019464 0.00376577 -0.00304753 -0.0042566 0.00156656 0.00872904 -0.000519006 -0.00256224 0.00467782 -0.00194803 -0.00204287 0.00404372 0.00773728 0.0140634 0.00641563 -0.00133335 -9.7757e-05
internal_weight=2144 799 565 213 1345 62 557 425 234 788 204 723 352 203 151 625 295 132 140 93 393 46 330 301 110 119 64 69 149 86
internal_count=2144 799 565 213 1345 62 557 425 234 788 204 723 352 203 151 625 295 132 140 93 393 46 330 301 110 119 64 69 149 86
is_linear=0
shrinkage=0.03


Tree=21
num_leaves=31
num_cat=0
split_feature=26 22 11 26 15 15 20 22 22 15 26 13 20 11 15 26 26 11 22 26 20 17 26 13 26 26 20 11 19 26
split_gain=29.1774 7.62812 4.97795 3.43764 3.16899 2.40657 2.30473 1.27645 1.13157 1.10484 1.33163 1.07474 0.934765 0.90316 0.741983 0.657396 0.65534 0.607635 0.410941 0.375769 0.267229 0.257853 0.161892 0.120334 0.107286 0.0937735 0.0712417 0.0465623 0.0386823 0.0280605
threshold=671.50000000000011 277.73450000000008 1.1140860942098885 459.00000000000006 0.025781519126149954 0.015024620690511302 1.4650000000000001 239.82900000000004 259.28300000000007 0.04694130239084781 1868.5000000000002 0.94642296802512293 2.7250000000000005 0.94147099574258697 0.013084497551695851 494.00000000000006 616.00000000000011 0.87717748369500659 259.65650000000005 1051.5000000000002 1.2350000000000001 0.011331601324532151 439.50000000000006 1.0969664371794166 570.00000000000011 755.00000000000011 2.9350000000000005 1.1850895156673369 94.49499893188478 1048.5000000000002
decision_type=2 2 2 2 2 2 2 2 2 2 2 2 2 2 2 2 2 2 2 2 2 2 2 2 2 2 2 2 2 2
left_child=1 2 3 4 22 12 -7 24 -6 10 13 -3 -2 -8 26 18 -9 29 23 -16 -20 -13 -1 -4 -5 -19 28 -17 -14 -11
right_child=5 11 15 7 8 6 9 16 -10 17 -12 21 14 -15 19 27 -18 25 20 -21 -22 -23 -24 -25 -26 -27 -28 -29 -30 -31
leaf_value=0.015044843822717665 -0.0031073788661742587 0.017492482030391689 0.0037872210802002391 0.0072222656831145288 0.00765158577368242 0.0048931960223182556 -0.0011726579453503853 0.0015922538539000454 0.0030498454978592727 -0.0018594539296940306 -0.0059148536496037652 0.011490009052322265 -3.5407581863602475e-05 -0.0032646622313685448 0.0017299935224475214 -0.001922810358536798 -0.0039657397148284042 -0.0054881005538960125 -0.0026468187458813189 0.0063881050099153071 0.0010014345912129751 0.0066072619038820262 0.010331052637275528 0.001035850926714816 0.0038572779509425162 -0.0087087607349340731 0.00097151978738079577 -0.0038742669494501469 -0.0018233330822907958 -0.0039693456991360737
leaf_weight=35 47 29 32 35 102 30 277 136 100 21 128 46 25 608 37 42 21 27 35 31 34 24 33 34 24 51 22 28 25 25
leaf_count=35 47 29 32 35 102 30 277 136 100 21 128 46 25 608 37 42 21 27 35 31 34 24 33 34 24 51 22 28 25 25
internal_value=1.73322e-05 0.00459708 0.00346432 0.0051157 0.00737276 -0.00265396 -0.00316022 0.00225957 0.00541452 -0.00337946 -0.00304063 0.0123599 0.000489482 -0.00261533 0.00173175 -0.000441926 0.000809446 -0.00607707 0.00076469 0.00395883 -0.000817647 0.00997482 0.0129836 0.00245124 0.00599056 -0.00771547 -0.000355922 -0.00278922 -0.00100642 -0.00313002
internal_weight=2144 790 691 486 270 1354 1167 216 202 1137 1013 99 187 885 140 205 157 124 135 68 69 70 68 66 59 78 72 70 50 46
internal_count=2144 790 691 486 270 1354 1167 216 202 1137 1013 99 187 885 140 205 157 124 135 68 69 70 68 66 59 78 72 70 50 46
is_linear=0
shrinkage=0.03


Tree=22
num_leaves=31
num_cat=0
split_feature=26 23 22 23 16 20 23 20 15 9 21 22 25 19 22 26 23 26 26 26 23 23 20 17 10 22 19 15 10 16
split_gain=27.5029 8.02283 5.98038 2.47388 1.78318 1.45757 1.44019 1.2822 1.64145 1.1613 1.13497 1.01272 1.0843 0.929092 1.12388 0.690887 0.62942 0.615868 0.478769 0.474943 0.405388 0.3913 0.36562 0.263554 0.22841 0.190302 0.189429 0.164453 0.0943237 0.0643657
threshold=691.00000000000011 2557.5000000000005 277.73450000000008 2366.0000000000005 58.477177473129579 1.6250000000000002 3275.5000000000005 1.2950000000000002 0.015024620690511302 1.0658362418201828 21.085000038146976 264.27000000000004 5.2500000000000009 89.759998321533217 252.37150000000003 1046.5000000000002 2984.0000000000005 502.50000000000006 494.00000000000006 710.50000000000011 2015.5000000000002 3662.5000000000005 2.1550000000000007 -0.014852525130622348 0.97945534266987211 257.97750000000008 95.475002288818374 0.04694130239084781 1.0033645829576117 41.208147501482891
decision_type=2 2 2 2 2 2 2 2 2 2 2 2 2 2 2 2 2 2 2 2 2 2 2 2 2 2 2 2 2 2
left_child=1 9 4 7 6 -4 17 -2 15 11 13 25 -13 -5 19 26 -16 -3 21 -15 -17 -6 29 -24 -8 28 -9 -12 -1 -10
right_child=3 2 5 10 18 -7 24 8 22 -11 27 12 -14 14 16 20 -18 -19 -20 -21 -22 -23 23 -25 -26 -27 -28 -29 -30 -31
leaf_value=0.01042733367562294 0.005428467235599573 0.0064199733271573974 0.016340240904688833 -0.0060803095920254346 0.0012395572985275363 0.0062120242894723498 0.0020805237653605158 0.00072627673377599633 0.00039825243740503128 0.003059815448034426 -0.0053357472231540578 0.013362679233917823 0.0050190463846416346 0.0023210271021918108 -0.0024814193127731627 0.0069845707826316356 -0.0059786006030513013 0.0015542978454913411 -0.0025875593492877668 -0.0020818430900994521 0.0013838912788778541 -0.0030944581843264721 -0.00035050475758367355 -0.0032740937889902846 -3.0696218913613716e-05 0.0045267828714389063 -0.0020082025653956567 -0.0084134005393300734 0.0069271198424976322 -0.0012484401613510271
leaf_weight=24 25 98 29 91 97 28 92 67 28 28 58 90 20 22 84 23 122 34 79 370 27 22 34 257 86 25 33 41 47 63
leaf_count=24 25 98 29 91 97 28 92 67 28 28 58 90 20 22 84 23 122 34 79 370 27 22 34 257 86 25 33 41 47 63
internal_value=1.76849e-05 0.00442434 0.0024743 -0.00259921 0.00142258 0.0116096 0.00284179 -0.00105862 -0.0013787 0.00908945 -0.00368166 0.00987577 0.0119316 -0.00323284 -0.00278509 0.0012615 -0.00458593 0.00521036 -0.000787441 -0.00182183 0.00410546 0.000394201 -0.00242385 -0.00294515 0.00104926 0.00739053 -0.000157347 -0.00671172 0.00828035 -0.000710335
internal_weight=2144 799 565 1345 508 57 310 557 532 234 788 206 110 689 598 150 206 132 198 392 50 119 382 291 178 96 100 99 71 91
internal_count=2144 799 565 1345 508 57 310 557 532 234 788 206 110 689 598 150 206 132 198 392 50 119 382 291 178 96 100 99 71 91
is_linear=0
shrinkage=0.03


Tree=23
num_leaves=31
num_cat=0
split_feature=26 23 11 23 16 23 22 22 15 21 15 19 26 26 26 26 22 11 11 26 23 11 26 26 11 14 11 11 15 19
split_gain=25.9149 8.16491 5.48193 2.41007 1.98056 1.86165 1.52406 1.22144 1.15528 1.41577 1.0808 0.884896 0.831434 1.63967 0.661007 0.61763 0.53054 0.353568 0.329579 0.285022 0.284065 0.281928 0.396459 0.351939 0.278965 0.213353 0.169995 0.107881 0.0845698 0.0308463
threshold=671.50000000000011 2424.5000000000005 0.91495319575608269 2366.0000000000005 59.288877700367642 3275.5000000000005 277.73450000000008 264.27000000000004 0.014631605177698652 37.674999237060554 0.04907428625110765 89.759998321533217 899.50000000000011 794.50000000000011 1046.5000000000002 499.00000000000006 240.38350000000003 1.0554295446140827 1.0159864656817383 265.50000000000006 2134.0000000000005 1.0461205836346903 989.00000000000011 696.50000000000011 1.0075236867290813 0.043190491140569859 0.98749159745216486 0.97072017647443676 0.032379628955761401 96.755001068115249
decision_type=2 2 2 2 2 2 2 2 2 2 2 2 2 2 2 2 2 2 2 2 2 2 2 2 2 2 2 2 2 2
left_child=1 7 6 8 5 15 28 25 14 21 11 -5 13 -13 26 -4 -6 -9 -14 -18 -16 22 -10 -23 -7 -1 29 -12 -3 -2
right_child=3 2 4 10 16 24 -8 17 9 -11 27 12 18 -15 20 -17 19 -19 -20 -21 -22 23 -24 -25 -26 -27 -28 -29 -30 -31
leaf_value=0.0036749280738830564 -0.00038486333451389027 0.0077812220071043292 0.0062702814420570489 -0.0058991582538142342 0.0026524339242605492 0.0022811212656637459 0.015071621246848787 0.014648035326536664 -0.00061010365885449567 0.0053134660022333266 -0.0052085766391507509 -0.00092224654083789589 -0.001109929950469557 -0.0056266435725933041 0.0063523161500278454 0.002133991966860331 0.0012072476834929999 0.010189832695294171 -0.0032545734300253974 -0.0019389341972856679 0.0013221017957798073 0 -0.0027807561338867074 -0.0044715296398848293 -0.00013709831177906239 0.0081665326537830492 0.0013892573973448871 -0.0086311686148768975 0.0040710341006686742 -0.0020824369294568895
leaf_weight=24 26 20 133 98 35 70 34 46 159 23 28 106 237 189 26 48 30 63 93 136 20 20 153 79 103 27 37 37 21 23
leaf_count=24 26 20 133 98 35 70 34 46 159 23 28 106 237 189 26 48 30 63 93 136 20 20 153 79 103 27 37 37 21 23
internal_value=1.80417e-05 0.00433424 0.00278168 -0.0024994 0.00173698 0.00308587 0.0103484 0.0103736 -0.000996113 -0.00174597 -0.00357273 -0.00322355 -0.00279047 -0.00395521 0.00144134 0.0052076 -0.000627335 0.0122146 -0.0017314 -0.00134856 0.00430376 -0.00216024 -0.00168963 -0.00358165 0.000831617 0.00622185 -8.71036e-05 -0.00730353 0.00609449 -0.0012674
internal_weight=2144 790 630 1354 555 354 75 160 566 434 788 723 625 295 132 181 201 109 330 166 46 411 312 99 173 51 86 65 41 49
internal_count=2144 790 630 1354 555 354 75 160 566 434 788 723 625 295 132 181 201 109 330 166 46 411 312 99 173 51 86 65 41 49
is_linear=0
shrinkage=0.03


Tree=24
num_leaves=31
num_cat=0
split_feature=26 22 26 22 15 16 20 22 26 19 10 26 13 21 20 26 15 25 26 14 26 17 10 26 20 25 19 21 19 19
split_gain=24.4243 5.65358 3.13648 3.83464 1.86137 1.78467 1.72964 1.52463 1.3193 2.48711 1.17915 0.917437 0.84445 0.833785 0.804601 0.798274 0.641678 0.348262 0.311686 0.298995 0.295765 0.150604 0.118652 0.105133 0.0655764 0.0560409 0.0320645 0.0279469 0.0239234 0.0213585
threshold=651.50000000000011 277.73450000000008 467.50000000000006 264.27000000000004 0.015024620690511302 53.377599630254217 1.4650000000000001 259.28300000000007 710.50000000000011 99.694999694824233 1.0877403062661037 347.00000000000006 0.94642296802512293 24.255000114440922 2.7250000000000005 1868.5000000000002 0.013084497551695851 1.6500000000000001 1051.5000000000002 0.047228740403428955 451.50000000000006 0.0091376321659979512 1.1404305332878744 560.00000000000011 2.9350000000000005 2.8500000000000001 94.49499893188478 12.914999961853029 96.990001678466811 102.20999908447267
decision_type=2 2 2 2 2 2 2 2 2 2 2 2 2 2 2 2 2 2 2 2 2 2 2 2 2 2 2 2 2 2
left_child=1 2 3 7 14 17 -6 13 9 21 15 -9 -3 -1 28 -10 24 23 -18 -14 -5 -8 25 -4 26 -7 -16 -12 -2 -11
right_child=4 12 5 20 6 22 8 11 10 29 27 -13 19 -15 16 -17 18 -19 -20 -21 -22 -23 -24 -25 -26 -27 -28 -29 -30 -31
leaf_value=0.0038317708640376435 -0.003888824903539249 0.016111517959833146 0.0061873728102771561 0.013272117620706556 0.0038037824334842822 0.00019055981483430631 0.0076834144564345485 -0.00031811693915362028 -0.0026195429287133843 -0.002936477197655316 -0.0046666099727153774 0.0044254392696134112 0.012355752110481262 0.0081497397162530513 -6.0611171777754157e-05 -0.005265548493282114 0.0016323795440150301 0.0013110098161021595 0.0058937096857116563 0.0068397031185838085 0.007958017537800165 0.0035085822898149486 -0.0033368226093324744 0.0033440454876159918 0.00093679824835904272 -0.0012035603105952032 -0.0017069996982239757 -0.0072531982695772535 -0.0019213142150547357 -0.0050499337278306486
leaf_weight=108 20 29 39 44 34 30 20 94 879 28 21 58 20 72 25 120 37 39 31 35 25 24 21 33 22 99 25 62 27 23
leaf_count=108 20 29 39 44 34 30 20 94 879 28 21 58 20 72 25 120 37 39 31 35 25 24 21 33 22 99 25 62 27 23
internal_value=1.8228e-05 0.00439953 0.00345159 0.00511599 -0.00231905 0.000873184 -0.00274926 0.00374316 -0.00294417 0.000413646 -0.00324187 0.00148941 0.0117064 0.00561102 0.000450827 -0.00294533 0.00160438 0.00374672 0.00367578 0.00908393 0.0115308 0.00560147 -0.0012441 0.00498894 -0.000334404 -0.000857298 -0.000959958 -0.00669782 -0.00288463 -0.00402608
internal_weight=2144 746 662 401 1398 261 1211 332 1177 95 1082 152 84 180 187 999 140 111 68 55 69 44 150 72 72 129 50 83 47 51
internal_count=2144 746 662 401 1398 261 1211 332 1177 95 1082 152 84 180 187 999 140 111 68 55 69 44 150 72 72 129 50 83 47 51
is_linear=0
shrinkage=0.03


Tree=25
num_leaves=31
num_cat=0
split_feature=26 23 11 23 11 23 21 26 20 20 19 23 20 22 22 11 14 20 26 23 14 11 20 19 17 13 23 13 11 25
split_gain=23.0133 6.81268 4.67451 2.77159 2.32174 1.60628 0.977168 0.968191 1.08929 0.980384 1.28727 0.934098 0.862241 0.759339 0.636123 0.566772 0.442363 0.396525 0.366074 0.277949 0.220457 0.169244 0.102111 0.101524 0.0974321 0.0908571 0.0302283 0.018479 0.00718483 0.0022578
threshold=651.50000000000011 2424.5000000000005 0.84519872829218545 2366.0000000000005 1.0859278580852216 3275.5000000000005 11.215000152587892 691.00000000000011 1.2950000000000002 2.7650000000000001 95.475002288818374 3744.0000000000005 1.5550000000000004 240.86050000000003 275.23000000000008 0.87717748369500659 0.043190491140569859 2.4650000000000003 740.50000000000011 3549.5000000000005 0.021817028171752902 0.96113984425804699 2.4250000000000003 93.970001220703139 0.0061893592672591508 1.0814730171011269 3145.5000000000005 1.0058891831931056 1.0554295446140827 3.1500000000000008
decision_type=2 2 2 2 2 2 2 2 2 2 2 2 2 2 2 2 2 2 2 2 2 2 2 2 2 2 2 2 2 2
left_child=1 12 -3 7 5 20 21 -2 -9 17 -11 15 24 25 -7 22 -17 -10 -13 -15 -4 23 -8 -5 -1 -6 27 -23 -14 -28
right_child=3 2 4 6 13 14 11 8 9 10 -12 18 28 19 -16 16 -18 -19 -20 -21 -22 26 -24 -25 -26 -27 29 -29 -30 -31
leaf_value=0.0080874023190860098 0.0046623639379595886 0.013377888023853301 0.0033651222400367256 0.0017126319610979406 0.0040520015076241072 0.00081847906018208175 -0.0010311911634518765 0.0050293839439176594 -0.0012812776348690128 0.0021287917309078296 -0.0030438435734940869 0.0025898071874398735 0.013343555588275194 -0.00013296922254225899 0.0056220556386322113 -0.0042374346805925884 -0.0070938426458667363 -0.0034021145695571882 -0.0021071979022728132 -0.0026262807784322275 0.0065170318087435916 -0.00019375539131994757 -0.0036332429541008813 -0.00092406568189783546 0.0044442673261560822 0.0011571545138555977 -0.0015708576433779669 -0.0016915192855522035 0.010262581006685893 -0.0027932076813145116
leaf_weight=28 28 35 33 23 33 139 59 25 190 132 63 23 47 123 30 466 61 147 38 61 131 20 20 27 22 20 24 20 44 32
leaf_count=28 28 35 33 23 33 139 59 25 190 132 63 23 47 123 30 466 61 147 38 61 131 20 20 27 22 20 24 20 44 32
internal_value=1.8789e-05 0.00427168 0.0028711 -0.00224992 0.0021984 0.00380998 -0.00338293 -0.000667135 -0.000948297 -0.00124374 0.000435323 -0.0038711 0.0101976 -5.9871e-05 0.00171689 -0.00422713 -0.00458655 -0.00222259 -0.000274602 -0.0009855 0.00592523 -0.00112115 -0.00176462 0.000239791 0.00666182 0.00305682 -0.00185606 -0.0010388 0.0120142 -0.00235872
internal_weight=2144 746 605 1398 570 333 813 585 557 532 195 667 141 237 169 606 527 337 61 184 164 146 79 50 50 53 96 40 91 56
internal_count=2144 746 605 1398 570 333 813 585 557 532 195 667 141 237 169 606 527 337 61 184 164 146 79 50 50 53 96 40 91 56
is_linear=0
shrinkage=0.03


Tree=26
num_leaves=31
num_cat=0
split_feature=20 22 19 20 22 20 22 15 22 22 22 11 15 22 22 19 22 19 19 22 10 22 10 17 20 19 11 20 17 11
split_gain=13.9052 7.42202 2.81422 2.72946 2.2167 1.84893 1.77673 2.56862 1.40316 1.13279 1.11644 0.740381 0.738731 0.632412 0.714541 0.654448 0.578296 0.59057 0.406852 0.400575 0.347314 0.287938 0.251638 0.182646 0.176267 0.128679 0.0961222 0.09152 0.0688177 0.0404116
threshold=2.0350000000000006 277.73450000000008 91.865001678466811 0.76500000000000012 240.38350000000003 1.5550000000000004 237.74700000000004 0.045370834318051258 263.1330000000001 257.97750000000008 237.28350000000003 0.83263452846012309 0.015420686863217651 255.26450000000003 237.88900000000004 99.694999694824233 251.11600000000001 93.36999893188478 97.564998626708999 294.93500000000006 1.0569831984657054 237.38300000000004 1.0306084867764655 0.011217336494277303 1.0300000000000002 96.18500137329103 1.0406992106389146 2.9350000000000005 0.0013298426699074502 0.90289911152448621
decision_type=2 2 2 2 2 2 2 2 2 2 2 2 2 2 2 2 2 2 2 2 2 2 2 2 2 2 2 2 2 2
left_child=1 2 5 9 10 24 18 12 -6 22 -5 -3 16 14 -14 -15 17 -8 21 25 -11 26 -4 -13 -1 -9 -2 -18 -7 -23
right_child=6 11 3 4 8 28 7 19 -10 20 -12 23 13 15 -16 -17 27 -19 -20 -21 -22 29 -24 -25 -26 -27 -28 -29 -30 -31
leaf_value=0.00093054347723123753 -0.0028085908062184901 0.016368453948335214 0.0096388276448616615 -0.0005760199953219853 -0.0022005160729453841 0.0080417546195828398 0.0002555348559149674 -0.0035652573494748636 0.001644603896386097 0.0041901340839331563 0.0041217765356505323 0.0104390780468556 0.0033866706631429815 0.0034247637641940105 -0.0019916374773270226 -0.0024293694159843852 -0.0015011615335311303 0.0050156704310522692 0 -0.00145297774951905 0.00012836608665141587 -0.0034615128668291227 0.0048119051939929302 0.0058413273436682565 0.0040831066610928822 -0.0068890974011765896 -0.0052443881142139439 0.00069637851054514088 0.012434450040069909 -0.0058191386395838197
leaf_weight=27 95 21 38 63 280 22 55 21 121 45 152 43 22 45 492 26 67 42 20 21 35 20 22 20 56 82 24 20 25 122
leaf_count=27 95 21 38 63 280 22 55 21 121 45 152 43 22 45 492 26 67 42 20 21 35 20 22 20 56 82 24 20 25 122
internal_value=1.89443e-05 0.00267679 0.00185802 0.00114798 0.000280491 0.00592403 -0.00217491 -0.00151197 -0.0010316 0.00491458 0.00273503 0.011154 -0.000857804 -0.00138061 -0.00174948 0.00123536 0.000786642 0.00237739 -0.00425823 -0.00550557 0.00247367 -0.00457321 0.00802603 0.00914043 0.00311657 -0.00628106 -0.00336445 -0.000959716 0.0106512 -0.00553459
internal_weight=2144 970 886 756 616 130 1174 893 401 140 215 84 769 585 514 71 184 97 281 124 80 261 60 63 83 103 119 87 47 142
internal_count=2144 970 886 756 616 130 1174 893 401 140 215 84 769 585 514 71 184 97 281 124 80 261 60 63 83 103 119 87 47 142
is_linear=0
shrinkage=0.03


Tree=27
num_leaves=31
num_cat=0
split_feature=20 22 23 22 21 22 15 19 23 23 22 22 11 15 22 11 25 22 19 11 23 19 22 17 23 17 22 19 11 20
split_gain=13.1076 7.00044 6.15116 1.90549 1.87295 1.67499 2.42182 1.47981 1.46076 1.23917 0.847134 0.717047 0.697469 0.69585 0.594861 0.703582 0.644958 0.544874 0.556027 0.527206 0.418173 0.382616 0.376126 0.309942 0.301204 0.236162 0.23105 0.124018 0.111882 0.0864245
threshold=2.0350000000000006 277.73450000000008 2619.5000000000005 237.28350000000003 21.304999351501468 237.74700000000004 0.045370834318051258 96.645000457763686 1933.0000000000002 3718.0000000000005 256.03400000000005 269.51850000000007 0.83263452846012309 0.015420686863217651 255.26450000000003 0.94147099574258697 1.6500000000000001 251.11600000000001 93.36999893188478 1.1229131927844398 2587.5000000000005 97.564998626708999 294.93500000000006 -0.0049871234500426988 1710.0000000000002 0.0010946508803181003 236.61750000000004 104.19499969482423 1.0914124620127714 2.9350000000000005
decision_type=2 2 2 2 2 2 2 2 2 2 2 2 2 2 2 2 2 2 2 2 2 2 2 2 2 2 2 2 2 2
left_child=1 2 3 -1 7 21 13 23 25 19 -9 -10 -3 17 15 -15 -16 18 -7 -6 -14 24 27 -4 -2 -5 -26 -8 -11 -19
right_child=5 12 4 8 9 6 22 10 11 28 -12 -13 20 14 16 -17 -18 29 -20 -21 -22 -23 -24 -25 26 -27 -28 -29 -30 -31
leaf_value=-0.00015697173584087478 -0.00094504645629785958 0.015899721077897333 0.0021692958252294168 0.007683521266494478 0.0046236939153523511 0.00024800570181521053 -0.0053469603035066803 0.00031476327588372843 0.0057670757590939977 0 -0.0046306760371662668 0 0.011900519897895199 0.00017923889350442384 0.0056372401073042835 -0.0023450052536718429 -0.00056085398614120021 -0.0014567889591143659 0.00486869960629143 0.00045588099772038941 0.006264906467699974 0 -0.0014113698018376121 -0.00033547181820533438 -0.0021699157340917732 0.013566305166253676 -0.0051483815314736468 -0.0086615612379142212 -0.002733139708638191 0.00067648196090678019
leaf_weight=48 23 21 61 20 117 55 83 40 188 20 123 22 27 131 20 383 51 67 42 38 36 20 21 152 33 25 205 20 32 20
leaf_count=48 23 21 61 20 117 55 83 40 188 20 123 22 27 131 20 383 51 67 42 38 36 20 21 152 33 25 205 20 32 20
internal_value=1.93533e-05 0.00259988 0.00180459 0.00526427 0 -0.00211061 -0.00146678 -0.00126029 0.00629308 0.00228589 -0.00340426 0.00517039 0.0108331 -0.000831452 -0.00133892 -0.00169674 0.00119747 0.000764253 0.0023086 0.00363061 0.00887525 -0.00413356 -0.0053447 0.000374622 -0.00443903 0.0112408 -0.00475876 -0.00609651 -0.0016587 -0.000930176
internal_weight=2144 970 886 303 583 1174 893 376 255 207 163 210 84 769 585 514 71 184 97 155 63 281 124 213 261 45 238 103 52 87
internal_count=2144 970 886 303 583 1174 893 376 255 207 163 210 84 769 585 514 71 184 97 155 63 281 124 213 261 45 238 103 52 87
is_linear=0
shrinkage=0.03


Tree=28
num_leaves=29
num_cat=0
split_feature=22 25 21 19 19 19 22 22 11 19 23 14 22 25 22 14 13 25 17 23 22 23 19 25 17 8 0 22
split_gain=7.9276 9.50489 3.17077 2.95207 2.29804 1.71962 1.84674 1.57446 1.78971 0.95974 0.856241 0.746071 0.68114 2.02844 1.82704 0.621725 0.546569 0.401474 0.334509 0.292745 0.291422 0.597593 0.210839 0.184617 0.177552 0.10896 0.101124 0.0821158
threshold=261.47800000000007 2.4500000000000006 25.60000038146973 91.710002899169936 96.615001678466811 88.524997711181655 252.37150000000003 264.27000000000004 1.1474675426007233 95.18500137329103 2771.5000000000005 0.031126701906594154 238.05700000000004 2.4500000000000006 240.38350000000003 0.045010857226500306 0.94528724861836544 2.2500000000000004 -0.0082031682240675981 1710.0000000000002 255.54900000000001 3744.0000000000005 105.09500122070314 12.050000000000002 0.0013298426699074502 1.0032631729433661 0.0093927748020253519 262.36600000000004
decision_type=2 2 2 2 2 2 2 2 2 2 2 2 2 2 2 2 2 2 2 2 2 2 2 2 2 2 2 2
left_child=2 7 5 -3 20 19 12 27 15 23 -11 25 13 -7 -14 -9 -17 26 -13 -1 -4 -22 -20 -8 -19 -5 -6 -2
right_child=1 3 4 11 17 6 9 8 -10 10 -12 18 14 -15 -16 16 -18 24 22 -21 21 -23 -24 -25 -26 -27 -28 -29
leaf_value=-0.00095708122320303866 0.0016592093209088171 0.0076713885615712829 -0.0029843789004698916 0.0013732501219492403 0.0048692914455249489 0.00025598316676994978 -0.00045095613825833428 0.012607600253671407 0.0022481689699174411 -0.0018842855246980338 -0.0049138544961421582 -0.0011619290633556932 0.0037624203622626906 -0.0048869226791251157 -0.000464940197813384 0.011606526933211302 0.0056602972445967178 0.0097604210442966879 -0.0041760036780916412 -0.0050292297780754102 0.0030797870080568829 -0.0028083006164266 -0.0081344286000186745 0.0029440888500488968 0.0053800765286266278 -0.0011816840504940884 0.0016229775116911955 0.0043148963891647078
leaf_weight=21 22 27 31 23 26 202 35 74 30 187 162 25 109 103 559 27 43 26 57 123 35 26 21 22 27 38 20 43
leaf_count=21 22 27 31 23 26 202 35 74 30 187 162 25 109 103 559 27 43 26 57 123 35 26 21 22 27 38 20 43
internal_value=1.94436e-05 0.00365803 -0.000893239 -0.00131617 0.00273581 -0.00135182 -0.00102138 0.00763465 0.00913314 -0.00271922 -0.00330915 -0.00285154 -0.000307778 -0.00148129 0.000224962 0.0105214 0.00812727 0.00588727 -0.00439784 -0.00446676 -0.000650021 0.000516907 -0.00536919 0.000835856 0.00772544 -0.00016335 0.00358624 0.00350026
internal_weight=2144 430 1714 191 191 1523 1379 239 174 406 349 164 973 305 668 144 70 99 103 144 92 61 78 57 53 61 46 65
internal_count=2144 430 1714 191 191 1523 1379 239 174 406 349 164 973 305 668 144 70 99 103 144 92 61 78 57 53 61 46 65
is_linear=0
shrinkage=0.03


Tree=29
num_leaves=31
num_cat=0
split_feature=26 11 22 15 20 25 26 19 11 20 22 20 26 11 15 22 26 22 22 26 10 11 20 9 22 21 10 20 25 26
split_gain=18.4435 4.75463 3.91501 1.46343 1.31331 1.26874 1.02277 2.08764 1.10971 0.945814 0.929888 0.631102 0.603374 0.55713 0.528937 0.498814 0.461433 0.321143 0.292676 0.266601 0.177679 0.164838 0.331729 0.174309 0.237006 0.141941 0.127967 0.0541289 0.0490869 0.045194
threshold=651.50000000000011 1.1120939677845445 264.27000000000004 0.015024620690511302 1.4650000000000001 7.3500000000000005 710.50000000000011 99.694999694824233 1.0659962391425155 0.80000000000000016 239.82900000000004 2.7250000000000005 1868.5000000000002 0.83263452846012309 0.013084497551695851 262.36600000000004 455.50000000000006 257.97750000000008 240.86050000000003 1051.5000000000002 1.0306084867764655 1.1802627106223447 0.7350000000000001 1.0331909246780293 263.1330000000001 12.055000305175783 1.0973540271005653 2.9350000000000005 9.0500000000000025 570.00000000000011
decision_type=2 2 2 2 2 2 2 2 2 2 2 2 2 2 2 2 2 2 2 2 2 2 2 2 2 2 2 2 2 2
left_child=1 2 9 11 -5 13 7 26 12 17 29 -2 -8 -4 27 -12 -15 20 -3 -16 -1 23 -23 28 -25 -10 -6 -13 -20 -11
right_child=3 18 5 4 6 -7 8 -9 25 10 15 14 -14 16 19 -17 -18 -19 21 -21 -22 22 -24 24 -26 -27 -28 -29 -30 -31
leaf_value=0.0089626617683814126 -0.002507970393402502 0.002374201696169061 0.015109229682521387 0.0033124542631608033 0.0068967543966744257 0.00239694701872766 -0.0021151136920182678 -0.0036745892795420681 -0.002535764835309237 0.0055520287334996582 0.0004781314996769499 -0.0008624304524787208 -0.0044893102058282995 0.011578336225679286 0.0014516935340177855 0.0043087763909250504 0.0073461586703595354 0.0035002753806355246 -0.0017059669504976933 0.0053988433352205904 0.0045852927711925329 0.0012710148575357518 -0.0027716776361492901 -0.00051961299910077035 0.0037676229521166533 -0.0055414822304054442 0.0030398073180214215 0.00085869826617303974 4.5735736861824983e-05 0.0031169322154351638
leaf_weight=38 47 38 21 34 22 24 809 51 23 71 142 50 113 51 37 39 75 33 26 31 20 25 56 20 23 137 22 22 24 20
leaf_count=38 47 38 21 34 22 24 809 51 23 71 142 50 113 51 37 39 75 33 26 31 20 25 56 20 23 137 22 22 24 20
internal_value=1.95006e-05 0.00382694 0.0053336 -0.00201136 -0.00239291 0.0090797 -0.00256294 0.000390232 -0.00282512 0.00354058 0.00261877 0.000443143 -0.00241389 0.0101269 0.00146591 0.00133914 0.00916048 0.00620483 1.05539e-05 0.00334677 0.00760737 -0.000499119 -0.00148706 0.0003361 0.00173889 -0.00514648 0.00514535 -0.000290875 -0.000821916 0.00508915
internal_weight=2144 746 534 1398 1211 171 1177 95 1082 363 272 187 922 147 140 181 126 91 212 68 58 174 81 93 43 160 44 72 50 91
internal_count=2144 746 534 1398 1211 171 1177 95 1082 363 272 187 922 147 140 181 126 91 212 68 58 174 81 93 43 160 44 72 50 91
is_linear=0
shrinkage=0.03


Tree=30
num_leaves=31
num_cat=0
split_feature=20 23 15 19 21 21 15 23 16 15 19 19 23 23 21 15 19 20 21 15 15 13 17 16 23 10 20 19 17 10
split_gain=11.0382 5.25628 2.61027 3.25409 1.82614 1.54439 1.42393 1.16094 1.0515 0.985438 1.02368 0.903383 0.692466 0.678251 0.625937 0.589581 0.580899 0.571193 0.557004 0.498912 0.388869 0.361503 0.332929 0.325634 0.287113 0.273226 0.264828 0.249729 0.244085 0.137861
threshold=2.0350000000000006 2557.5000000000005 0.041412106341759056 95.514999389648452 16.085000038146976 20.960000038146976 0.015024620690511302 1899.5000000000002 42.011620141435714 0.045370834318051258 97.564998626708999 96.645000457763686 2395.5000000000005 3718.0000000000005 11.434999942779543 0.049401126130443403 99.125000000000014 2.7650000000000001 18.510000228881839 0.013084497551695851 0.018676315774343154 0.92557363098077727 0.0052103540029156507 39.051097557903113 1722.0000000000002 0.98427245773218119 2.7650000000000001 102.20999908447267 -0.0044085485207508998 0.95711022948367808
decision_type=2 2 2 2 2 2 2 2 2 2 2 2 2 2 2 2 2 2 2 2 2 2 2 2 2 2 2 2 2 2
left_child=1 4 5 22 12 11 17 25 -5 10 14 28 -1 -7 29 20 18 -2 -12 -19 -9 -13 -4 -11 -21 -6 -16 -18 -3 -8
right_child=6 2 3 8 7 13 9 15 -10 23 16 21 -14 -15 26 -17 27 19 -20 24 -22 -23 -24 -25 -26 -27 -28 -29 -30 -31
leaf_value=-0.00041708904205422316 -0.0022685617037181507 0.0021378380131236341 0.002399195118503564 0.014592976561614445 0.0069968271702527994 0.0036106367237865927 0.00037499471746268683 0.0086909625647323477 0.0062388009600537388 -0.0021510542285362523 -0.00019795517913941572 0.00040253499235957864 0.0047342671948823745 -0.0011773331204529053 -0.0036519049157164034 0.0098382862380572735 -0.0009700329324607898 -0.00027019951775224065 0.0045336900580335744 0.0011918774500755324 0.0039248827638527885 -0.0034454210267630308 -0.00097821130311349404 -0.0058441613663959748 0.0052818720789954941 0.012581635766304455 -0.0014555142550432883 -0.0040520135696046058 -0.00044957977416069136 -0.0015977086393686476
leaf_weight=48 49 42 45 20 20 104 39 20 56 34 66 24 43 34 361 27 144 70 32 34 109 146 59 91 33 38 65 29 135 127
leaf_count=48 49 42 45 20 20 104 39 20 56 34 66 24 43 34 361 27 144 70 32 34 109 146 59 91 33 38 65 29 135 127
internal_value=2.0295e-05 0.00238849 0.000884407 0.00395986 0.00564447 -0.000256624 -0.0019342 0.0071597 0.0086372 -0.00238764 -0.0020167 -0.00132939 0.00200946 0.00240943 -0.00271595 0.00570522 -0.000473774 0.00045822 0.00134696 0.0014646 0.00474806 -0.00288546 0.000463527 -0.00488849 0.00329852 0.0108579 -0.00332799 -0.00152423 0.000156091 -0.00111681
internal_weight=2144 970 665 180 305 485 1174 214 76 988 863 347 91 138 592 156 271 186 98 137 129 170 104 125 67 58 426 173 177 166
internal_count=2144 970 665 180 305 485 1174 214 76 988 863 347 91 138 592 156 271 186 98 137 129 170 104 125 67 58 426 173 177 166
is_linear=0
shrinkage=0.03


Tree=31
num_leaves=31
num_cat=0
split_feature=26 11 22 25 26 19 20 26 19 21 22 20 22 11 22 26 26 22 22 11 22 26 10 11 20 9 22 26 25 26
split_gain=16.4885 4.29591 3.46116 1.1437 1.0657 1.14231 1.10329 0.955951 1.89778 0.974226 0.871158 0.841942 0.841136 0.495139 0.437002 0.408397 0.390055 0.290778 0.274775 0.227125 0.198773 0.173116 0.168644 0.15131 0.311133 0.158282 0.210185 0.0535198 0.0462308 0.0427856
threshold=651.50000000000011 1.1120939677845445 264.27000000000004 7.3500000000000005 1868.5000000000002 94.93500137329103 1.4650000000000001 710.50000000000011 99.694999694824233 18.054999351501468 249.90200000000002 0.80000000000000016 239.82900000000004 0.83263452846012309 262.36600000000004 455.50000000000006 919.50000000000011 257.97750000000008 240.86050000000003 1.0137450515131021 251.11600000000001 1051.5000000000002 1.0306084867764655 1.1802627106223447 0.7350000000000001 1.0331909246780293 263.1330000000001 896.00000000000011 9.0500000000000025 570.00000000000011
decision_type=2 2 2 2 2 2 2 2 2 2 2 2 2 2 2 2 2 2 2 2 2 2 2 2 2 2 2 2 2 2
left_child=1 2 11 13 5 10 -7 8 -8 -9 16 17 29 -4 -14 -15 27 22 -3 -18 21 -12 -1 25 -25 28 -27 -2 -20 -13
right_child=4 18 3 -5 -6 6 7 9 -10 -11 20 12 14 15 -16 -17 19 -19 23 -21 -22 -23 -24 24 -26 26 -28 -29 -30 -31
leaf_value=0.0085311440046016984 -0.00455626599662579 0.0022835361926923864 0.014281450501897119 0.0022261290182545778 -0.0044923338437495566 0.0030632648400085814 0.0049180726344386742 -0.002121444485761148 -0.0034908311859382173 -0.0045874122436533665 0.0017095764618522175 0.0052929524664456643 0.00046883036688822037 0.010937564237759663 0.0040572690211236476 0.0069402389781378004 -5.3089677640647621e-05 0.00330159009661635 -0.0016615915728939903 -0.0024131425173577353 4.8847156356916653e-05 0.0051800558354912537 0.004290805886898722 0.0012212452197698158 -0.0026918072916833858 -0.00048311048466712244 0.0035478476174175735 -0.0020506866413354872 3.4395404085516918e-05 0.0029350832338844025
leaf_weight=38 25 38 21 24 130 33 44 563 51 200 35 71 142 51 39 75 196 33 26 45 26 26 20 25 56 20 23 24 24 20
leaf_count=38 25 38 21 24 130 33 44 563 51 200 35 71 142 51 39 75 196 33 26 45 26 26 20 25 56 20 23 24 24 20
internal_value=2.05058e-05 0.00362058 0.0050527 0.00857591 -0.00189963 -0.00162813 -0.0022137 -0.00242349 0.00038323 -0.00277692 -0.000234043 0.00336576 0.00249474 0.00957029 0.00127656 0.00865521 -0.00103159 0.00588126 0 -0.000514311 0.00237188 0.00329688 0.00721731 -0.000501033 -0.00144732 0.000297872 0.00163643 -0.0034546 -0.000803982 0.00484488
internal_weight=2144 746 534 171 1398 1268 891 858 95 763 377 363 272 147 181 126 290 91 212 241 87 61 58 174 81 93 43 49 50 91
internal_count=2144 746 534 171 1398 1268 891 858 95 763 377 363 272 147 181 126 290 91 212 241 87 61 58 174 81 93 43 49 50 91
is_linear=0
shrinkage=0.03


Tree=32
num_leaves=31
num_cat=0
split_feature=26 23 11 23 16 23 15 21 23 26 20 15 22 11 11 15 22 11 26 20 10 14 23 11 15 19 10 13 23 23
split_gain=15.5388 4.80059 3.38506 2.07501 1.3137 1.31855 0.879443 0.757109 0.678327 0.65745 0.768461 0.942197 0.611653 0.514806 0.443213 0.474237 0.362722 0.286243 0.263167 0.200984 0.181443 0.174846 0.157396 0.14271 0.0953542 0.0912969 0.0835415 0.0507124 0.0395876 0.0318968
threshold=651.50000000000011 2424.5000000000005 0.91495319575608269 2366.0000000000005 58.477177473129579 3275.5000000000005 0.045370834318051258 11.215000152587892 3744.0000000000005 691.00000000000011 1.2950000000000002 0.015024620690511302 264.27000000000004 0.99192627468584116 0.87279833006004093 0.04694130239084781 240.38350000000003 1.0317476078822516 740.50000000000011 0.7350000000000001 0.97945534266987211 0.021817028171752902 2206.5000000000005 0.96113984425804699 0.047655248744503657 93.970001220703139 1.0228125482035451 1.0814730171011269 3223.0000000000005 3145.5000000000005
decision_type=2 2 2 2 2 2 2 2 2 2 2 2 2 2 2 2 2 2 2 2 2 2 2 2 2 2 2 2 2 2
left_child=1 12 6 9 5 21 28 23 14 -2 -11 13 26 -12 24 -16 27 -13 -10 -18 -7 -4 -14 25 -9 -5 -1 -6 -3 -25
right_child=3 2 4 7 16 20 -8 8 18 10 11 17 22 -15 15 -17 19 -19 -20 -21 -22 -23 -24 29 -26 -27 -28 -29 -30 -31
leaf_value=0.0066855329457256533 0.003916933257710831 0.0064502239988909827 0.0021866018200293181 0.0018035962381400166 0.0031921893497082318 0.0018198162091486092 0.012422716384381055 -0.00057627273529422889 0.0022389902484137563 0.0043127369697277358 -0.00061341506031730884 -0.0012198113133262101 0.010750930807590485 0.0028614813021020581 -0.0035378312108478513 -0.0066327704124980501 0.001221517098462209 -0.0031049070439700568 -0.0017437467452568502 -0.0014441580416890464 -0.00018464704280518948 0.0050857878506614272 0.0064841937507901879 -0.00071248734463689491 -0.0030726779433233394 -0.0006800010762277193 0.0033527755675075402 0.00078238166316545437 0.0036081555828402214 -0.0020050664763701588
leaf_weight=26 28 26 29 23 21 72 29 55 23 25 78 278 74 72 478 53 29 104 38 141 86 132 20 40 20 27 21 20 20 56
leaf_count=26 28 26 29 23 21 72 29 55 23 25 78 278 74 72 478 53 29 104 38 141 86 132 20 40 20 27 21 20 20 56
internal_value=2.10188e-05 0.00351592 0.00233933 -0.00184296 0.00148027 0.00269309 0.00827117 -0.00282323 -0.00325278 -0.000473024 -0.000705704 -0.000954811 0.00849126 0.00104257 -0.00355616 -0.00386427 -0.000343239 -0.00174763 -0.00018178 -0.000967397 0.000715612 0.00459881 0.0099525 -0.000831663 -0.00131313 0.000416594 0.0053598 0.00213472 0.00538143 -0.00151032
internal_weight=2144 746 605 1398 530 319 75 813 667 585 557 532 141 150 606 531 211 382 61 170 158 161 94 146 75 50 47 41 46 96
internal_count=2144 746 605 1398 530 319 75 813 667 585 557 532 141 150 606 531 211 382 61 170 158 161 94 146 75 50 47 41 46 96
is_linear=0
shrinkage=0.03


Tree=33
num_leaves=31
num_cat=0
split_feature=20 23 11 15 21 15 23 23 21 15 19 23 21 15 19 20 21 15 20 15 10 23 10 20 19 19 23 11 11 10
split_gain=9.22069 4.54314 2.77811 1.5789 1.5049 1.20881 0.995839 0.973216 0.868696 0.846007 0.901287 0.579771 0.53649 0.522176 0.498608 0.494035 0.476553 0.421823 0.338204 0.316075 0.292268 0.272123 0.256843 0.241789 0.226279 0.204208 0.146153 0.13645 0.130542 0.0984837
threshold=2.0350000000000006 2557.5000000000005 0.78963338206406242 0.027556128751708153 16.085000038146976 0.015024620690511302 3718.0000000000005 1899.5000000000002 15.97499990463257 0.045370834318051258 97.564998626708999 2395.5000000000005 11.434999942779543 0.049401126130443403 99.125000000000014 2.7250000000000005 18.510000228881839 0.013084497551695851 1.5950000000000004 0.018676315774343154 0.98883165479385382 1722.0000000000002 0.98609196091494222 2.7650000000000001 102.20999908447267 97.634998321533217 2309.0000000000005 1.0308053244778981 0.96113984425804699 0.95261071277265974
decision_type=2 2 2 2 2 2 2 2 2 2 2 2 2 2 2 2 2 2 2 2 2 2 2 2 2 2 2 2 2 2
left_child=1 4 -3 18 11 15 8 22 -5 10 12 -1 28 19 16 -2 -12 -17 25 -9 26 -19 -6 -14 -16 -4 -11 -8 -7 -20
right_child=5 2 3 6 7 9 27 13 -10 20 14 -13 23 -15 24 17 -18 21 29 -21 -22 -23 -24 -25 -26 -27 -28 -29 -30 -31
leaf_value=-0.00030897889208827853 -0.0022042786747197359 0.011531419604318216 0.0003265455306474385 -0.00029858548293376099 0.0064233433407816024 0.00021451082907836228 0 0.0079240932124001653 0.0030786062026001118 -0.00089055398230751353 -0.00013069914448476369 0.0043995841590274889 -0.003370644734252002 0.009142867575798715 -0.00083746184961757915 -0.0002274003059022493 0.0042421058502725584 0.001016792807378806 -0.00095972306745326411 0.0036038931728679348 -0.0058966550073202917 0.0049579307702096072 0.011699416985637263 -0.0012745287550232286 -0.0037688240703777406 -0.0026548275600588463 -0.004123558315363797 -0.0026132122981564507 -0.0015645333651680118 -0.0032636761783485717
leaf_weight=48 46 20 83 91 21 50 30 20 257 26 66 43 361 27 144 72 32 35 27 109 67 33 37 65 29 26 32 45 116 86
leaf_count=48 46 20 83 91 21 50 30 20 257 26 66 43 361 27 144 72 32 35 27 109 67 33 37 65 29 26 32 45 116 86
internal_value=2.13064e-05 0.00218588 0.000787272 0.000432142 0.00521297 -0.00176493 0.00150997 0.00658942 0.00218857 -0.00218277 -0.00183873 0.00190698 -0.00249478 0.00525372 -0.000390677 0.000438358 0.00129528 0.0013374 -0.00160566 0.00435257 -0.00450075 0.00301702 0.00998121 -0.00306157 -0.00136492 -0.000375005 -0.00276479 -0.00158664 -0.00101264 -0.00275274
internal_weight=2144 970 665 645 305 1174 423 214 348 988 863 91 592 156 271 186 98 140 222 129 125 68 58 426 173 109 58 75 166 113
internal_count=2144 970 665 645 305 1174 423 214 348 988 863 91 592 156 271 186 98 140 222 129 125 68 58 426 173 109 58 75 166 113
is_linear=0
shrinkage=0.03


Tree=34
num_leaves=30
num_cat=0
split_feature=26 23 11 23 16 23 15 15 15 20 22 26 22 22 11 26 26 22 26 11 20 11 23 11 11 24 10 23 19
split_gain=13.9444 4.9198 3.28288 1.52978 1.22591 1.10325 0.787501 0.661038 0.587866 0.690214 0.562507 0.535399 0.526215 0.714529 0.522107 0.413012 0.360484 0.348357 0.192724 0.348792 0.190705 0.190105 0.187301 0.172653 0.0988955 0.0815905 0.0754877 0.0348104 0.00860618
threshold=663.50000000000011 2424.5000000000005 0.91495319575608269 2366.0000000000005 59.138222542892329 3275.5000000000005 0.045370834318051258 0.048197243814665405 0.014631605177698652 1.8450000000000004 264.27000000000004 710.50000000000011 243.12750000000003 252.57750000000001 0.90289911152448621 1046.5000000000002 499.00000000000006 240.38350000000003 696.50000000000011 1.0832978086073553 0.7350000000000001 0.97225004930028558 2134.0000000000005 1.0554295446140827 0.98749159745216486 16.750000000000004 1.0228125482035451 3223.0000000000005 96.924999237060561
decision_type=2 2 2 2 2 2 2 2 2 2 2 2 2 2 2 2 2 2 2 2 2 2 2 2 2 2 2 2 2
left_child=1 10 6 8 5 16 27 11 15 -10 26 -5 14 -14 -13 24 -4 -6 -11 -20 -19 -7 -17 -12 28 -9 -1 -3 -2
right_child=3 2 4 7 17 21 -8 25 9 18 23 12 13 -15 -16 22 -18 20 19 -21 -22 -23 -24 -25 -26 -27 -28 -29 -30
leaf_value=0.0063078312468197615 -0.00041497242287316893 0.0061788674377732805 0.0047631160955371931 0.0011688412833415593 0.0020402933908238385 0.0020878588078636676 0.011837933184206485 -0.007515197707074029 0.002772761155876356 0.00095942652257732482 0.011145008662279614 -0.00084558192520613228 -0.00077578374272713169 -0.0032441042677291147 -0.0042988519359380001 0.0050660073401199452 0.0015012292537190343 0.00097172681902213355 -0.0012968039489382396 -0.0040851671898271893 -0.001655947367481089 -0.00010014386023236912 0.00095449725911021235 0.0077684118391598686 0.0010537563900181435 -0.0044649976477958266 0.0031309024347680281 0.0034572474380422913 -0.0014756625306833048
leaf_weight=26 27 26 132 35 35 49 29 20 36 25 46 52 241 194 209 26 45 28 335 47 139 117 20 58 37 47 21 20 22
leaf_count=26 27 26 132 35 35 49 29 20 36 25 46 52 241 194 209 26 45 28 335 47 139 117 20 58 37 47 21 20 22
internal_value=2.09301e-05 0.00324849 0.00205233 -0.00179035 0.0012288 0.00232014 0.00790223 -0.00264077 -0.000602373 -0.001129 0.00809436 -0.0023659 -0.00254938 -0.00188839 -0.00362815 0.00113767 0.00396377 -0.000611832 -0.00148742 -0.00165748 -0.00119436 0.000536383 0.00340057 0.0093824 -6.34106e-05 -0.00551675 0.00504565 0.00515812 -0.000971189
internal_weight=2144 771 620 1373 545 343 75 798 575 443 151 731 696 435 261 132 177 202 407 382 167 166 46 104 86 67 47 46 49
internal_count=2144 771 620 1373 545 343 75 798 575 443 151 731 696 435 261 132 177 202 407 382 167 166 46 104 86 67 47 46 49
is_linear=0
shrinkage=0.03


Tree=35
num_leaves=31
num_cat=0
split_feature=26 23 11 23 11 23 21 26 23 26 20 20 26 20 11 23 26 20 19 26 10 26 11 19 11 20 11 10 11 23
split_gain=13.1603 4.0028 2.94774 1.79126 1.30898 0.943034 0.650826 0.615028 0.600978 0.551766 0.656997 0.629207 0.772495 0.495793 0.385629 0.355134 0.455511 0.33496 0.298655 0.22612 0.216709 0.150267 0.129621 0.112166 0.102708 0.0755941 0.0238446 0.0197931 0.0169215 0.00944266
threshold=651.50000000000011 2424.5000000000005 0.89034818636639279 2366.0000000000005 1.0885685779070673 3275.5000000000005 11.215000152587892 568.50000000000011 3744.0000000000005 691.00000000000011 1.2950000000000002 2.7650000000000001 747.00000000000011 1.6250000000000002 0.86670034847935795 3549.5000000000005 459.00000000000006 2.6050000000000004 103.13499832153322 740.50000000000011 0.97945534266987211 499.00000000000006 0.97707506252588983 93.674999237060561 1.0258452183540945 2.4150000000000005 1.1676509177137444 0.95334263921995854 1.0137450515131021 3404.5000000000005
decision_type=2 2 2 2 2 2 2 2 2 2 2 2 2 2 2 2 2 2 2 2 2 2 2 2 2 2 2 2 2 2
left_child=1 13 7 9 5 21 22 -3 14 -2 -11 17 -13 24 25 16 -6 -12 -16 -10 -7 -4 23 -5 -1 -8 -17 -25 29 -24
right_child=3 2 4 6 15 20 8 -9 19 10 11 12 -14 -15 18 26 -18 -19 -20 -21 -22 -23 28 27 -26 -27 -28 -29 -30 -31
leaf_value=0.007445446169428418 0.0035995943862944836 0.0048873586974417169 0.0049865871982617393 0.0018049118501320481 0.0020406979626724172 0.0022095697975838212 -0.00034492920880201176 0.011803759784996509 0.0021292343009263275 0.0040043891962044517 -0.001176836898433343 -0.0028591324178541596 0.0015400505858194082 0.0098596640866536363 -0.0033996116580373272 -0.001532680714150845 -0.0010026806757009279 -0.0036511706380572702 -0.0072729222072022304 -0.0015646111269194919 0 0.0024772860423024545 -0.00041544468288338976 0 0.004554622333248457 -0.002575726599178531 -0.0032061631094132148 -0.0013335487487493084 -0.0023004509053546288 -0.001525318315851369
leaf_weight=33 28 26 117 24 85 80 48 29 23 25 275 46 149 64 517 40 89 62 20 38 82 37 23 23 44 21 20 21 28 27
leaf_count=33 28 26 117 24 85 80 48 29 23 25 275 46 149 64 517 40 89 62 20 38 82 37 23 23 44 21 20 21 28 27
internal_value=2.11133e-05 0.00323754 0.00216247 -0.00169418 0.00148528 0.00274227 -0.00260498 0.00873342 -0.00300332 -0.00042099 -0.000634567 -0.000865295 0.000477696 0.00778156 -0.00328879 -0.000203875 0.00047005 -0.00165039 -0.0035627 -0.000111584 0.00110886 0.00442293 -0.000756713 0.00016168 0.00591158 -0.00109382 -0.0021831 -0.000688153 -0.00158725 -0.00109176
internal_weight=2144 746 605 1398 550 316 813 55 667 585 557 532 195 141 606 234 174 337 537 61 162 154 146 68 77 69 60 44 78 50
internal_count=2144 746 605 1398 550 316 813 55 667 585 557 532 195 141 606 234 174 337 537 61 162 154 146 68 77 69 60 44 78 50
is_linear=0
shrinkage=0.03


Tree=36
num_leaves=31
num_cat=0
split_feature=26 23 16 23 23 16 15 21 23 26 23 26 20 15 20 26 13 23 19 20 26 13 15 14 16 23 19 19 20 26
split_gain=12.3992 3.77168 2.43846 1.68758 1.04076 0.813597 0.613551 0.611061 0.565962 0.540775 0.673075 0.520205 0.61963 0.749062 0.472103 0.373929 0.345737 0.315302 0.232713 0.216903 0.213233 0.209251 0.131446 0.121754 0.111981 0.0527332 0.035955 0.0193999 0.0167915 0.014694
threshold=651.50000000000011 2424.5000000000005 52.892715414549848 2366.0000000000005 3662.5000000000005 40.42433266222357 0.041412106341759056 11.215000152587892 3744.0000000000005 467.50000000000006 3662.5000000000005 691.00000000000011 1.2950000000000002 0.015024620690511302 1.5550000000000004 1046.5000000000002 1.0646864127230198 3091.5000000000005 95.514999389648452 2.1550000000000007 740.50000000000011 1.0950071790318689 0.04907428625110765 0.025643156474523251 49.445303987032325 2276.5000000000005 93.674999237060561 94.325000762939467 1.635 934.50000000000011
decision_type=2 2 2 2 2 2 2 2 2 2 2 2 2 2 2 2 2 2 2 2 2 2 2 2 2 2 2 2 2 2
left_child=1 14 4 11 5 6 -3 24 16 10 21 -2 -13 15 25 -14 17 -9 -7 -15 -10 -4 23 -11 26 -1 -5 -6 -16 -26
right_child=3 2 9 7 27 18 -8 8 20 22 -12 12 13 19 28 -17 -18 -19 -20 -21 -22 -23 -24 -25 29 -27 -28 -29 -30 -31
leaf_value=0.0035651990646496413 0.0034953303194508469 0.0052443597480654712 0.003213109428260588 0.00062692436360968994 -0.00023890383543247092 0.0026504507243450544 0.01262584759933608 -0.0022608272901919386 0.0020680187568068503 -0.00052731735005297447 -0.0020955267725051574 0.0038888779602443365 -9.646892500810768e-05 -0.00022777451948090657 0.0073043779008663615 0.0030323691855677786 -0.0052227051463366175 -0.0038037573985831292 0.0050276968579553057 -0.0019472360427833038 -0.0015188763517026717 0.0004254738054194211 0.0011399529440247495 -0.0024439268444719562 -0.0010280742175696838 0.0063681391511451121 -0.00057868954029125983 0.00086171678166836502 0.0098470724796255425 -0.0023554554155481786
leaf_weight=29 28 29 98 38 27 78 20 315 23 87 35 25 100 91 38 50 71 220 99 291 38 36 22 50 30 21 50 24 53 28
leaf_count=29 28 29 98 38 27 78 20 315 23 87 35 25 100 91 38 50 71 220 99 291 38 36 22 50 30 21 50 24 53 28
internal_value=2.08061e-05 0.00314287 0.00209911 -0.0016441 0.0041672 0.00503801 0.00850947 -0.00252817 -0.00291421 0.000336098 0.00152001 -0.000408132 -0.000615645 -0.000839851 0.007554 0.000939785 -0.00319125 -0.00290681 0.00401773 -0.00154712 -0.000106512 0.00249511 -0.000905158 -0.00126119 -0.000736338 0.00490304 -2.31811e-05 0.000227954 0.00890883 -0.00174879
internal_weight=2144 746 605 1398 277 226 49 813 667 328 169 585 557 532 141 150 606 535 177 382 61 134 159 137 146 50 88 51 91 58
internal_count=2144 746 605 1398 277 226 49 813 667 328 169 585 557 532 141 150 606 535 177 382 61 134 159 137 146 50 88 51 91 58
is_linear=0
shrinkage=0.03


Tree=37
num_leaves=31
num_cat=0
split_feature=26 23 11 23 16 23 15 15 15 20 22 26 22 22 15 26 11 26 23 20 22 23 22 11 11 11 10 19 14 15
split_gain=11.6906 4.15056 2.80072 1.27089 1.03743 0.975608 0.680278 0.591732 0.498137 0.574088 0.488755 0.471228 0.481528 0.618275 0.465505 0.363422 0.344645 0.340769 0.227962 0.179345 0.286126 0.177636 0.173777 0.159438 0.0891844 0.0734291 0.0700772 0.0626294 0.0547096 0.0137122
threshold=663.50000000000011 2424.5000000000005 0.91495319575608269 2366.0000000000005 58.477177473129579 2819.0000000000005 0.044459589402097509 0.048197243814665405 0.014631605177698652 1.8450000000000004 264.27000000000004 710.50000000000011 243.12750000000003 252.57750000000001 0.034478316340405359 1046.5000000000002 1.0008533633018826 494.00000000000006 3662.5000000000005 2.4650000000000003 255.26450000000003 2134.0000000000005 252.37150000000003 1.0554295446140827 0.98749159745216486 0.90846351160332639 1.0228125482035451 95.83499908447267 0.026891773917873004 0.03259343819187286
decision_type=2 2 2 2 2 2 2 2 2 2 2 2 2 2 2 2 2 2 2 2 2 2 2 2 2 2 2 2 2 2
left_child=1 10 6 8 5 27 29 11 15 -10 26 -5 14 -14 -13 24 -7 18 -6 20 -11 -17 -21 -12 -2 -9 -1 -4 -19 -3
right_child=3 2 4 7 17 16 -8 25 9 19 23 12 13 -15 -16 21 -18 28 -20 22 -22 -23 -24 -25 -26 -27 -28 -29 -30 -31
leaf_value=0.0057840030036038822 -0.00094059206618461754 0.0056571037114962293 0.0039953331065922977 0.0011604313712256648 0.00095039599592761938 0.0025020712916510803 0.010839880595764805 -0.0033550856361786521 0.0025167894215650253 -0.0011692264903621541 0.010301776391394594 -0.0040968886921823747 -0.00065753208444928248 -0.0029538518989315394 -0.0010941644677607369 0.0047875638871143272 0.00021253054909051416 -0.00086775587349256962 -0.0022960514189756431 -0.0009971768529353929 0.0020048032322432844 0.00079658527672290798 -0.002755567957917465 0.0070984466785596586 0.00098080781736950323 -0.0060827553655420034 0.0027660793382674456 0.0063593988472765142 -0.002704974512284508 0.0033828003257513044
leaf_weight=26 49 22 49 35 117 106 30 26 36 157 46 195 241 194 66 26 140 31 22 104 29 20 117 58 37 41 21 32 48 23
leaf_count=26 49 22 49 35 117 106 30 26 36 157 46 195 241 194 66 26 140 31 22 104 29 20 117 58 37 41 21 32 48 23
internal_value=2.09237e-05 0.00297628 0.0018771 -0.00163742 0.00111601 0.00218389 0.00728075 -0.00241265 -0.000553992 -0.00103904 0.00742772 -0.00215252 -0.00232485 -0.00169294 -0.0033561 0.00104687 0.00121736 -0.000474769 0.000402411 -0.00136631 -0.000650234 0.00317005 -0.00194982 0.00862849 -7.76886e-05 -0.00513328 0.00458379 0.00503203 -0.0020414 0.00465871
internal_weight=2144 771 620 1373 545 327 75 798 575 443 151 731 696 435 261 132 246 218 139 407 186 46 221 104 86 67 47 81 79 45
internal_count=2144 771 620 1373 545 327 75 798 575 443 151 731 696 435 261 132 246 218 139 407 186 46 221 104 86 67 47 81 79 45
is_linear=0
shrinkage=0.03


Tree=38
num_leaves=31
num_cat=0
split_feature=26 11 22 15 25 26 24 21 26 26 22 15 21 11 10 11 22 14 26 26 22 10 11 19 18 11 26 22 24 22
split_gain=11.0236 3.01208 2.3417 0.903659 0.825065 0.678853 1.20141 0.818803 0.713368 1.12834 0.657637 0.609131 0.415862 0.398958 0.358213 0.357135 0.351954 0.34353 0.321181 0.27687 0.201803 0.201527 0.182647 0.177127 0.164076 0.135034 0.215436 0.0834277 0.162817 0.0819867
threshold=651.50000000000011 1.1120939677845445 264.27000000000004 0.015024620690511302 5.5500000000000007 795.50000000000011 7.4500000000000011 18.510000228881839 899.50000000000011 989.00000000000011 236.61750000000004 0.022754591088866603 27.48499965667725 1.0324397381889578 1.0296807788802402 0.83263452846012309 239.27450000000002 0.041357109684642256 696.50000000000011 945.00000000000011 240.86050000000003 1.0259262796032547 0.96050513229653656 99.475002288818374 0.80204067106831411 1.1802627106223447 267.50000000000006 263.1330000000001 0.45000000000000007 251.43850000000003
decision_type=2 2 2 2 2 2 2 2 2 2 2 2 2 2 2 2 2 2 2 2 2 2 2 2 2 2 2 2 2 2
left_child=1 2 11 13 15 6 14 18 23 19 -11 -1 16 22 -5 -4 -13 -17 -8 -10 -3 -14 -2 -7 -9 27 -27 -22 -29 -24
right_child=3 20 4 5 -6 8 7 24 9 10 -12 12 21 -15 -16 17 -18 -19 -20 -21 25 -23 29 -25 -26 26 -28 28 -30 -31
leaf_value=-0.0013626226760479138 -0.0017008304740366938 0.0018888266566209494 0.011959870209070769 -0.0012122882680339943 0.00189953841175884 -0.0038961828601105134 -0.0038162084743380543 0.0053416589142924005 -0.0011543885120984727 -0.00046364248803378461 -0.0035332842575312639 0.0042342828492132516 0.0063591414763763243 0.0031764029131421969 -0.0051803737382031976 0.0086751539429849259 0.0017460581869060291 0.0050781700811972511 -2.429650406252362e-05 0.00066240369391016424 -0.00079103390534261328 0.0027884296976029869 0.0011429882080804916 -0.00090384989304584449 0.0020664305307211417 0.00075571637766228775 -0.0024521264824766799 -0.00013734742968871786 0.0031120407389742984 -0.00059530227339066755
leaf_weight=28 53 38 21 40 26 225 25 21 172 84 284 77 48 36 49 69 181 55 96 131 37 29 61 23 61 26 55 36 20 37
leaf_count=28 53 38 21 40 26 225 25 21 172 84 284 77 48 36 49 69 181 55 96 131 37 29 61 23 61 26 55 36 20 37
internal_value=2.1053e-05 0.00296492 0.00416418 -0.0015487 0.0070642 -0.00184865 -0.000572237 0.000691456 -0.00224989 -0.00172867 -0.00284389 0.00277415 0.00313187 0.000377265 -0.00346358 0.00795038 0.00251373 0.00715711 -0.000857198 -0.000359447 -4.71305e-05 0.00510578 -0.000286849 -0.00363546 0.0029956 -0.000495446 -0.0013892 0.000257571 0.00100475 0.000457008
internal_weight=2144 746 534 1398 171 1211 292 203 919 671 368 363 335 187 89 145 258 124 121 303 212 77 151 248 82 174 81 93 56 98
internal_count=2144 746 534 1398 171 1211 292 203 919 671 368 363 335 187 89 145 258 124 121 303 212 77 151 248 82 174 81 93 56 98
is_linear=0
shrinkage=0.03


Tree=39
num_leaves=31
num_cat=0
split_feature=26 23 11 23 11 23 15 15 15 20 22 11 22 22 26 26 22 20 22 23 22 25 11 11 15 11 11 15 26 22
split_gain=10.3904 3.76342 2.51832 1.14614 0.91841 0.846909 0.603728 0.535796 0.443739 0.505835 0.433626 0.431219 0.625785 0.524648 0.356711 0.333835 0.20309 0.160899 0.257387 0.160396 0.15815 0.151714 0.150512 0.141292 0.0930986 0.0774635 0.0681734 0.0653446 0.0546248 0.0741065
threshold=663.50000000000011 2424.5000000000005 0.91495319575608269 2366.0000000000005 1.1229131927844398 3275.5000000000005 0.045370834318051258 0.048197243814665405 0.014631605177698652 1.8450000000000004 264.27000000000004 0.86670034847935795 237.69500000000002 256.03400000000005 467.50000000000006 1046.5000000000002 240.86050000000003 2.4650000000000003 255.26450000000003 2134.0000000000005 252.37150000000003 9.0500000000000025 0.97225004930028558 1.0554295446140827 0.033729491090147758 0.98749159745216486 0.90846351160332639 0.045792262368149608 1654.5000000000002 244.00500000000002
decision_type=2 2 2 2 2 2 2 2 2 2 2 2 2 2 2 2 2 2 2 2 2 2 2 2 2 2 2 2 2 2
left_child=1 10 6 8 5 14 -3 11 15 -10 27 28 24 -14 -4 25 -6 18 -11 -17 -19 -18 -7 -12 -13 -2 -9 -1 29 -5
right_child=3 2 4 7 16 22 -8 26 9 17 23 12 13 -15 -16 19 21 20 -20 -21 -22 -23 -24 -25 -26 -27 -28 -29 -30 -31
leaf_value=0.0029518832541736107 -0.00088530369699932625 0.0044693626129623269 0.004219019763317869 0.0021896412164523179 0.0015014941492845536 0.0017659041351266204 0.010338545818906277 -0.0031558388115631207 0.0023647587782376117 -0.0010926510825159347 0.0097672044828217078 -0.004347822552680969 -0.0012231159147049677 -0.0035058821217351295 0.0012880854315764736 0.0045710499373575048 -0.0018816358829600453 -0.0009217052719048556 0.0019170125559161534 0.00076644845785839224 -0.0026004281928664135 0 -0.00017287902473796493 0.0067258902027950446 -0.0017247053842459404 0.00090432268109074537 -0.0057823188560349606 0.0058791177687900409 -0.00087165440762016399 -0.0001800387994259257
leaf_weight=27 49 46 128 21 31 49 29 26 36 157 46 124 405 120 59 26 91 104 29 20 117 66 121 58 20 37 41 20 20 21
leaf_count=27 49 46 128 21 31 49 29 26 36 157 46 124 405 120 59 26 91 104 29 20 117 66 121 58 20 37 41 20 20 21
internal_value=2.08922e-05 0.00280714 0.00176025 -0.00154243 0.00103828 0.00193224 0.00688443 -0.00227866 -0.00051328 -0.000971311 0.00704605 -0.00203086 -0.00225298 -0.00175627 0.00332201 0.000997089 -0.00064468 -0.00127882 -0.000599618 0.00303221 -0.00183166 -0.00109425 0.000375462 0.00817987 -0.0040186 -7.9321e-05 -0.0048686 0.00435655 0.000315976 0.000958401
internal_weight=2144 771 620 1373 545 357 75 798 575 443 151 731 669 525 187 132 188 407 186 46 221 157 170 104 144 86 67 47 62 42
internal_count=2144 771 620 1373 545 357 75 798 575 443 151 731 669 525 187 132 188 407 186 46 221 157 170 104 144 86 67 47 62 42
is_linear=0
shrinkage=0.03


Tree=40
num_leaves=31
num_cat=0
split_feature=26 23 11 23 11 23 15 11 22 15 15 25 22 22 21 11 22 18 15 24 17 23 14 23 14 22 23 11 19 13
split_gain=9.80192 3.02368 2.27347 1.36015 0.997818 0.766459 0.561954 0.515308 0.442528 0.556419 0.543591 0.511133 0.389095 0.385373 0.353121 0.367757 0.279511 0.238539 0.212904 0.205143 0.196068 0.156856 0.142731 0.142067 0.124672 0.123425 0.114391 0.10634 0.08045 0.0656588
threshold=651.50000000000011 2424.5000000000005 0.89034818636639279 2366.0000000000005 1.0885685779070673 3275.5000000000005 0.045370834318051258 1.078933385474687 243.75500000000002 0.039798273462835952 0.03178118174714601 3.5500000000000003 240.86050000000003 264.27000000000004 11.215000152587892 0.86670034847935795 237.69500000000002 1.1628569139208609 0.023983794705125506 9.6500000000000004 -0.0093920599976942479 1710.0000000000002 0.021817028171752902 2726.0000000000005 0.037597908579597307 257.0985 2206.5000000000005 0.96113984425804699 93.970001220703139 1.0814730171011269
decision_type=2 2 2 2 2 2 2 2 2 2 2 2 2 2 2 2 2 2 2 2 2 2 2 2 2 2 2 2 2 2
left_child=1 13 6 8 5 22 -3 14 19 10 11 -10 29 -1 27 24 -17 -12 -7 21 -11 -2 -4 -14 -16 -9 -15 28 -5 -6
right_child=3 2 4 7 12 18 -8 25 9 20 17 -13 23 26 15 16 -18 -19 -20 -21 -22 -23 -24 -25 -26 -27 -28 -29 -30 -31
leaf_value=0.0042332438726443797 -0.00059661441029084012 0.0047607831266051268 0.001801144534270861 0.0017881402857601639 0.0028875276106409727 -0.0012244744225595654 0.011417013674326565 -0.0035687547136780766 -0.00079309677753195643 -0.00027544049341231584 0.0048844264492392533 0.0017550176149800521 0.0005756299454597679 0.0085870261585712423 0.00087095045551694426 -0.0037930070173409244 -0.0021179428114261015 0.00062301827141676431 0.0014392711002706685 -1.9425953022184089e-05 -0.0033797893440945352 -0.0033095400052171359 0.004359417423335535 -0.0013439320816450552 -0.0014664084692918803 -0.0065792837440967564 0.0049936715800847319 -0.001185785650358265 -0.00053227072365033177 0.00046958049963827112
leaf_weight=47 31 33 31 23 32 32 22 87 194 34 34 110 43 74 37 134 351 21 130 45 46 70 123 139 42 20 20 92 27 20
leaf_count=47 31 33 31 23 32 32 22 87 194 34 34 110 43 74 37 134 351 21 130 45 46 70 123 139 42 20 20 92 27 20
internal_value=2.07758e-05 0.00279681 0.00186159 -0.00145936 0.00126619 0.00236385 0.00763318 -0.00225309 -0.000349213 0.000121191 0.000632818 0.000121813 -0.00020712 0.00674711 -0.00194597 -0.00228413 -0.00259377 0.0033511 0.00089041 -0.00177526 -0.00211717 -0.00252028 0.00387874 -0.000873348 -0.000336993 -0.00421496 0.00791467 -0.000575289 0.000490427 0.00204056
internal_weight=2144 746 605 1398 550 316 55 813 585 439 359 304 234 141 706 564 485 55 162 146 80 101 154 182 79 107 94 142 50 52
internal_count=2144 746 605 1398 550 316 55 813 585 439 359 304 234 141 706 564 485 55 162 146 80 101 154 182 79 107 94 142 50 52
is_linear=0
shrinkage=0.03


Tree=41
num_leaves=31
num_cat=0
split_feature=26 23 11 23 11 11 20 22 15 15 26 23 23 21 11 23 26 22 15 18 15 24 17 23 11 15 22 11 19 11
split_gain=9.23836 2.85228 2.26621 1.28044 0.954911 0.485838 0.418894 0.417353 0.524835 0.512906 0.477967 0.355886 0.344661 0.332088 0.346061 0.273588 0.292977 0.262717 0.231205 0.224165 0.220657 0.193005 0.184312 0.147191 0.14663 0.11989 0.11617 0.100093 0.0759759 0.0626121
threshold=651.50000000000011 2557.5000000000005 0.84519872829218545 2366.0000000000005 1.0443904496543615 1.078933385474687 1.5550000000000004 243.75500000000002 0.039798273462835952 0.03178118174714601 1058.0000000000002 2206.5000000000005 3365.5000000000005 11.215000152587892 0.86670034847935795 3549.5000000000005 467.50000000000006 237.69500000000002 0.04664677887103446 1.1628569139208609 0.043467632818089956 9.6500000000000004 -0.0093920599976942479 1710.0000000000002 0.98830014859273829 0.047278806759831857 257.0985 0.96113984425804699 93.970001220703139 1.1176948617223499
decision_type=2 2 2 2 2 2 2 2 2 2 2 2 2 2 2 2 2 2 2 2 2 2 2 2 2 2 2 2 2 2
left_child=1 6 -3 7 12 13 18 21 9 10 -9 -8 24 27 25 16 -6 -16 -1 -11 -14 23 -10 -2 -4 -15 29 28 -5 -7
right_child=3 2 4 5 15 26 11 8 22 19 -12 -13 20 14 17 -17 -18 -19 -20 -21 -22 -23 -24 -25 -26 -27 -28 -29 -30 -31
leaf_value=0.00216885456993528 -0.00057927529359949408 0.0094468891226476247 0.0045584326062351457 0.0017367312354035676 0.0016011863131794185 -0.0023104128819754028 0.0081544165834784507 -0.00019419808512749639 -0.00026741335070026769 0.0047420803188213288 0.0044916096377585618 0.0047147174478493264 4.3646868222150135e-05 0.00033943244294358136 -0.003680059732165601 -0.0016125986301689409 -0.00070191740321388354 -0.0020545850336864692 0.0060369624513387683 0.00060517728574235332 0.0031124437563776154 -1.8855836287358487e-05 -0.0032805529428606337 -0.0032116522429851998 0.0023800673872307952 -0.002232047286096283 -0.0063913042119571146 -0.0011505945921038096 -0.0005168729019413669 -0.0043126882272772494
leaf_weight=45 31 30 64 23 100 40 77 284 34 34 20 60 68 58 134 79 95 351 24 21 31 45 46 70 73 21 20 92 27 47
leaf_count=45 31 30 64 23 100 40 77 284 34 34 20 60 68 58 134 79 95 351 24 21 31 45 46 70 73 21 20 92 27 47
internal_value=2.05058e-05 0.00271559 0.00155677 -0.00141641 0.0010692 -0.00218655 0.00571659 -0.0003391 0.000117542 0.000614622 0.000117959 0.0067148 0.00246427 -0.00188811 -0.00221611 -0.000126081 0.000465999 -0.00251651 0.00362416 0.00325512 0.0010561 -0.00172402 -0.00205612 -0.00244671 0.00344509 -0.000325982 -0.00409216 -0.000558015 0.000474688 -0.00346291
internal_weight=2144 746 540 1398 510 813 206 585 439 359 304 137 236 706 564 274 195 485 69 55 99 146 80 101 137 79 107 142 50 87
internal_count=2144 746 540 1398 510 813 206 585 439 359 304 137 236 706 564 274 195 485 69 55 99 146 80 101 137 79 107 142 50 87
is_linear=0
shrinkage=0.03


Tree=42
num_leaves=31
num_cat=0
split_feature=26 23 16 23 23 16 21 26 23 26 20 20 26 16 20 26 26 20 20 14 13 20 23 14 26 23 21 19 26 16
split_gain=8.70692 2.69249 1.77263 1.20601 0.824553 0.597371 0.449885 0.409944 0.507007 0.395291 0.466036 0.481451 0.564193 0.356422 0.346407 0.294955 0.562875 0.294123 0.272649 0.174839 0.164309 0.150269 0.104282 0.0888789 0.0740566 0.0707447 0.0630802 0.0692219 0.0579815 0.0538916
threshold=651.50000000000011 2424.5000000000005 52.892715414549848 2366.0000000000005 3662.5000000000005 40.42433266222357 21.085000038146976 467.50000000000006 3662.5000000000005 691.00000000000011 1.2950000000000002 2.7650000000000001 747.00000000000011 39.438458026054541 1.6250000000000002 1065.0000000000002 899.50000000000011 1.5650000000000002 2.6050000000000004 0.020500056551595851 1.0950071790318689 2.1750000000000003 2726.0000000000005 0.017787174220828154 531.00000000000011 3624.5000000000005 18.765000343322757 99.524997711181655 876.50000000000011 69.607868306195414
decision_type=2 2 2 2 2 2 2 2 2 2 2 2 2 2 2 2 2 2 2 2 2 2 2 2 2 2 2 2 2 2
left_child=1 14 4 9 5 17 13 8 20 -2 -11 18 -13 23 26 16 -15 -3 -12 -7 -4 -8 29 -5 -24 -25 -1 -28 -23 -9
right_child=3 2 7 6 -6 19 21 22 -10 10 11 12 -14 15 -16 -17 -18 -19 -20 -21 -22 28 24 25 -26 -27 27 -29 -30 -31
leaf_value=0.0063604831540813814 0.0030722105351501496 0.0092918497189879417 0.0027650182072715269 -0.002021540036983788 1.0431186673206233e-05 0.00082522904846817253 -0.0020125618615949694 0.0015391476939299275 -0.0018508151605104407 0.0033936426055331068 -0.00096524580266723996 -0.0023801620027763728 0.0013769156192615629 -0.00294189762977539 0.008107928514595214 -0.0035278128356922693 -0.00074669385177668097 0.003899623626044818 -0.0031976760504102068 0.0037915484703859529 0.00028995113514640642 -0.0061910656945380789 -0.0018860046892197266 -0.00052346607030901522 -0.00026798165983927906 0.0012670238544233142 0.0026642083500257947 0.0054514154547027176 -0.0037588951341483907 -0.00055254118243465206
leaf_weight=25 28 29 98 29 51 24 32 20 35 25 275 46 149 206 64 122 225 20 62 153 36 27 72 104 47 23 32 20 45 20
leaf_count=25 28 29 98 29 51 24 32 20 35 25 275 46 149 206 64 122 225 20 62 153 36 27 72 104 47 23 32 20 45 20
internal_value=2.01091e-05 0.00263657 0.00175368 -0.00137483 0.00351698 0.00429153 -0.00212226 0.000249279 0.00128139 -0.000329118 -0.000510676 -0.000705801 0.000467703 -0.00183922 0.00636469 -0.00219792 -0.00180724 0.00727295 -0.00139308 0.00341309 0.00212937 -0.00398737 -0.000830142 -0.000542685 -0.00127951 -0.000168401 0.00479194 0.00387545 -0.00478437 0.000432164
internal_weight=2144 746 605 1398 277 226 813 328 169 585 557 532 195 709 141 553 431 49 337 177 134 104 159 156 119 127 77 52 72 40
internal_count=2144 746 605 1398 277 226 813 328 169 585 557 532 195 709 141 553 431 49 337 177 134 104 159 156 119 127 77 52 72 40
is_linear=0
shrinkage=0.03


Tree=43
num_leaves=31
num_cat=0
split_feature=26 23 22 23 16 23 26 21 16 23 15 21 21 26 10 26 23 10 26 23 23 22 24 26 13 26 10 10 15 19
split_gain=8.2117 3.031 2.05293 0.893318 0.637739 0.483199 0.474222 0.598501 0.447272 0.414414 0.36933 0.369518 0.319907 0.290001 0.289537 0.278658 0.264678 0.262659 0.242516 0.20786 0.197058 0.178326 0.168896 0.243595 0.142715 0.136513 0.0891164 0.0869781 0.0795368 0.0552416
threshold=663.50000000000011 2557.5000000000005 277.73450000000008 2366.0000000000005 56.374563984595191 3275.5000000000005 710.50000000000011 20.090000152587894 42.011620141435714 1890.5000000000002 0.015024620690511302 36.635000228881843 11.025000095367433 502.50000000000006 0.97436665882278251 1046.5000000000002 3097.0000000000005 0.98609196091494222 494.00000000000006 2015.5000000000002 3662.5000000000005 269.51850000000007 7.8500000000000005 987.50000000000011 1.0322240531808038 884.50000000000011 0.95711022948367808 0.97945534266987211 0.038145402529900611 95.475002288818374
decision_type=2 2 2 2 2 2 2 2 2 2 2 2 2 2 2 2 2 2 2 2 2 2 2 2 2 2 2 2 2 2
left_child=1 9 4 10 5 13 -5 12 -4 17 15 22 26 -3 -11 29 -14 -1 20 -17 -6 28 24 -24 -12 -9 -8 -7 -16 -2
right_child=3 2 8 6 18 27 7 25 -10 14 11 -13 16 -15 21 19 -18 -19 -20 -21 -22 -23 23 -25 -26 -27 -28 -29 -30 -31
leaf_value=0.0043368714568628505 0.00037664330175646359 0.0039807551537047736 0.010354065396956035 0.0013117943281928696 0.00081493065414619376 0.0011442315297667692 0.00072482431775782829 -0.0055528846693799856 0.004364170952265053 0.0076636902747245928 -0.0012637944309494299 0.0022679812718182798 -0.0014974004099072005 0.00051230510366572575 0.0049900727729712217 0.0046692453692667186 -0.0029127612486436307 0.0091885174768311633 -0.0017665555735776092 0.00064808715627129592 -0.002023293304412315 0.0010197245111422878 0.00051803384842816734 -0.0016533083009223715 -0.0031729506212834491 -0.0031602924323162517 -0.00095684144604808437 -0.00024849700431703873 0.0027676309159792522 -0.0010955747688901334
leaf_weight=21 67 87 20 35 113 88 38 46 37 25 163 29 284 32 76 23 230 41 84 27 26 20 99 84 50 73 92 68 33 33
leaf_count=21 67 87 20 35 113 88 38 46 37 25 163 29 284 32 76 23 230 41 84 27 26 20 99 84 50 73 92 68 33 33
internal_value=1.98035e-05 0.00249693 0.00131168 -0.00136983 0.0006814 0.0016482 -0.00201996 -0.00217824 0.00665989 0.00550845 -0.000460418 -0.000914956 -0.0018036 0.0030851 0.00456778 0.000805103 -0.00214098 0.00768776 -0.000499482 0.00261193 0.000251951 0.00389038 -0.00116073 -0.000465912 -0.0017387 -0.00414873 -0.000440596 0.00052032 0.00437577 -8.55227e-05
internal_weight=2144 771 555 1373 498 275 798 763 57 216 575 425 644 119 154 150 514 62 223 50 139 129 396 183 213 119 130 156 109 100
internal_count=2144 771 555 1373 498 275 798 763 57 216 575 425 644 119 154 150 514 62 223 50 139 129 396 183 213 119 130 156 109 100
is_linear=0
shrinkage=0.03


Tree=44
num_leaves=31
num_cat=0
split_feature=26 23 11 23 11 23 15 11 22 15 15 25 22 22 21 26 26 18 24 15 17 23 26 23 11 22 10 11 10 25
split_gain=7.75171 2.41331 1.85114 1.07227 0.812706 0.617358 0.466905 0.43676 0.359224 0.454616 0.439302 0.445461 0.315389 0.311075 0.284365 0.289343 0.389701 0.201817 0.180709 0.173058 0.163549 0.138178 0.129559 0.115942 0.109849 0.100429 0.0662896 0.0557692 0.0419718 0.0279192
threshold=651.50000000000011 2424.5000000000005 0.89034818636639279 2366.0000000000005 1.0885685779070673 3275.5000000000005 0.045370834318051258 1.078933385474687 243.75500000000002 0.039798273462835952 0.03178118174714601 3.5500000000000003 240.86050000000003 264.27000000000004 21.085000038146976 1886.0000000000002 884.50000000000011 1.1628569139208609 9.6500000000000004 0.023983794705125506 -0.0093920599976942479 1710.0000000000002 355.50000000000006 2726.0000000000005 1.0366568585038669 257.0985 1.0228125482035451 1.1287945101155019 1.0920395038415827 2.3500000000000001
decision_type=2 2 2 2 2 2 2 2 2 2 2 2 2 2 2 2 2 2 2 2 2 2 2 2 2 2 2 2 2 2
left_child=1 13 6 8 5 22 -3 14 18 10 11 -10 28 26 15 16 -5 -12 21 -7 -11 -2 -4 -14 -15 27 -1 -9 -6 -16
right_child=3 2 4 7 12 19 -8 25 9 20 17 -13 23 24 29 -17 -18 -19 -20 -21 -22 -23 -24 -25 -26 -27 -28 -29 -30 -31
leaf_value=0.0048702936605032948 -0.00048628713828179927 0.0042359173346639559 0.00480696552966793 -0.0021292733807407064 0.0025281517015682763 -0.0011213418260132045 0.010313519620377085 -0.0021480042394915861 -0.00073738851578091273 -0.00022031997777521612 0.0044302566995578149 0.0016412226354791406 0.00048935228665107969 0.0086311290317215017 -0.0024064936966945723 -0.0031912684687585742 -0.00049870418788365198 0.00050398589960638101 0 0.0012771887096517743 -0.0030620292666903204 -0.003033398574349326 0.0027328163231633458 -0.0012398003445130599 0.00577589386156095 -0.0059572865728821072 0.0020667054888538336 -0.004040172342369531 0.00054137133148668165 -0.0040854235059865143
leaf_weight=26 31 33 51 242 31 32 22 41 194 34 34 110 43 39 35 80 304 21 45 130 46 70 103 139 55 20 21 46 21 45
leaf_count=26 31 33 51 242 31 32 22 41 194 34 34 110 43 39 35 80 304 21 45 130 46 70 103 139 55 20 21 46 21 45
internal_value=1.99695e-05 0.00248882 0.00165262 -0.00129615 0.0011148 0.00210562 0.00686129 -0.00200096 -0.000309778 0.000113421 0.000576477 0.000116016 -0.000213743 0.00601874 -0.00171793 -0.00148965 -0.00122947 0.00302048 -0.00159479 0.000781027 -0.00190897 -0.00229346 0.00346565 -0.000814429 0.00707048 -0.00380747 0.00374928 -0.00321709 0.00180776 -0.00342671
internal_weight=2144 746 605 1398 550 316 55 813 585 439 359 304 234 141 706 626 546 55 146 162 80 101 154 182 94 107 47 87 52 80
internal_count=2144 746 605 1398 550 316 55 813 585 439 359 304 234 141 706 626 546 55 146 162 80 101 154 182 94 107 47 87 52 80
is_linear=0
shrinkage=0.03


Tree=45
num_leaves=31
num_cat=0
split_feature=26 23 22 23 13 15 22 15 15 25 23 26 23 19 26 26 13 23 10 10 18 24 22 21 10 23 26 15 23 10
split_gain=7.30974 2.27716 1.74925 1.01043 0.49769 0.417173 0.338626 0.428857 0.414545 0.419634 0.309487 0.306535 0.357407 0.30473 0.460576 0.693146 0.300453 0.297623 0.275542 0.264484 0.189625 0.170272 0.167162 0.158672 0.136151 0.129655 0.084466 0.0700594 0.0698024 0.0542081
threshold=651.50000000000011 2557.5000000000005 277.73450000000008 2366.0000000000005 1.0002085174208193 0.048197243814665405 243.75500000000002 0.039798273462835952 0.03178118174714601 3.2500000000000004 1890.5000000000002 480.50000000000006 3718.0000000000005 88.524997711181655 899.50000000000011 794.50000000000011 0.94642296802512293 3242.0000000000005 0.98609196091494222 0.97436665882278251 1.1628569139208609 9.6500000000000004 269.51850000000007 18.845000267028812 0.86103338808487917 1710.0000000000002 355.50000000000006 0.038145402529900611 3718.0000000000005 1.1404305332878744
decision_type=2 2 2 2 2 2 2 2 2 2 2 2 2 2 2 2 2 2 2 2 2 2 2 2 2 2 2 2 2 2
left_child=1 10 4 6 17 13 21 8 9 -8 18 12 -6 -5 15 -15 -4 26 -1 -12 -10 25 27 -16 -9 -2 -3 -21 -19 -13
right_child=3 2 16 5 11 -7 7 24 20 -11 19 29 -14 14 23 -17 -18 28 -20 22 -22 -23 -24 -25 -26 -27 -28 -29 -30 -31
leaf_value=0.0040065423740201032 -0.00047215442086417171 0.0050522998819748565 0.0089808986748754968 -0.0034085107197922267 0.0016448124536606761 -0.0042318178396672018 -0.00072753153807499299 0 0.0043011463845414773 0.001572337224506732 0.0072790037700189991 -0.00070934829877468907 -0.0015043679338996297 -0.0006000902797624638 -0.00039242327687814431 -0.0034732267373315004 0.0040756309912540018 0.0015540873187763445 0.0091260963692329829 0.0047194975893702596 0.00048955355106260288 0 0.00089467613638511724 -0.0021316060098756293 -0.002629300393613762 -0.0029436783250945974 0.0025289868224174419 0.0026139976749306212 0 -0.0024493381367488337
leaf_weight=21 31 26 24 88 133 67 192 23 34 112 25 113 41 131 280 189 33 65 31 76 21 45 20 58 57 70 46 33 38 21
leaf_count=21 31 26 24 88 133 67 192 23 34 112 25 113 41 131 280 189 33 65 31 76 21 45 20 58 57 70 46 33 38 21
internal_value=1.9608e-05 0.00241708 0.00138089 -0.0012584 0.000780922 -0.00194261 -0.000300713 0.000109988 0.000559919 0.00011233 0.00509903 4.35931e-05 0.000881265 -0.0017276 -0.00149342 -0.00231192 0.00631196 0.00205395 0.00722979 0.00431819 0.00293411 -0.00154838 0.00366973 -0.00070512 -0.00185403 -0.00222657 0.00353801 0.00413888 0.000963668 -0.00102038
internal_weight=2144 746 540 1398 483 813 585 439 359 304 206 308 174 746 658 320 57 175 52 154 55 146 129 338 80 101 72 109 103 134
internal_count=2144 746 540 1398 483 813 585 439 359 304 206 308 174 746 658 320 57 175 52 154 55 146 129 338 80 101 72 109 103 134
is_linear=0
shrinkage=0.03


Tree=46
num_leaves=31
num_cat=0
split_feature=26 11 22 15 22 25 24 26 22 21 26 22 24 24 15 22 26 22 26 11 11 14 22 11 26 10 9 22 21 14
split_gain=6.89106 1.94484 1.51299 0.605568 0.787243 0.597739 0.482789 0.424504 0.828006 0.410108 0.395411 0.334396 0.332084 0.324568 0.313441 0.300466 0.288985 0.251065 0.24443 0.240599 0.235767 0.206722 0.13146 0.111956 0.172304 0.108966 0.104825 0.101349 0.0748241 0.0343438
threshold=651.50000000000011 1.1120939677845445 264.27000000000004 0.04694130239084781 243.75500000000002 5.5500000000000007 5.7500000000000009 795.50000000000011 252.37150000000003 26.960000038146976 946.50000000000011 239.27450000000002 3.9500000000000006 7.6500000000000012 0.030510160441151703 257.97750000000008 1891.0000000000002 242.33150000000003 488.50000000000006 0.86301311007762205 0.83263452846012309 0.041357109684642256 240.86050000000003 1.1802627106223447 267.50000000000006 1.0291747314160673 1.0331909246780293 263.1330000000001 16.085000038146976 0.061835165814397706
decision_type=2 2 2 2 2 2 2 2 2 2 2 2 2 2 2 2 2 2 2 2 2 2 2 2 2 2 2 2 2 2
left_child=1 2 9 4 6 20 28 13 10 11 -9 -1 -10 -6 -15 25 17 -8 -13 -5 -4 -22 -3 26 -25 -11 -24 -28 -2 -21
right_child=3 22 5 19 7 -7 16 8 12 15 -12 18 -14 14 -16 -17 -18 -19 -20 29 21 -23 23 24 -26 -27 27 -29 -30 -31
leaf_value=0.0033440540511357154 -0.0025412066895010034 0.0014881324722216677 0.0096863317378711976 -0.0012700702012516556 -0.0023165209067187139 0.0012517619346164993 6.2587640377760722e-05 -0.00087541140194469117 -0.00072536735300302751 0.0061082334906927176 0.00099247094283109951 0.0016936461871032455 -0.0029218043902807908 0.00028782458132160685 0.0034976231533661484 0.00067808182058589793 -0.0032808419904876047 -0.0026789260579625496 -0.00046353076768370906 -0.0047841698840260507 0.0069407598804416392 0.0040897266627954584 -0.00063998098298907269 0.00066017366956091594 -0.0022007453743967094 0.0027901324996990814 -8.9141359118262436e-05 0.0026641150140203533 -0.0039337428076498537 -0.0027987187657771361
leaf_weight=75 172 38 21 43 20 26 150 195 109 41 211 139 160 66 49 20 40 36 68 54 69 55 50 26 55 20 20 23 66 27
leaf_count=75 172 38 21 43 20 26 150 195 109 41 211 139 160 66 49 20 40 36 68 54 69 55 50 26 55 20 20 23 66 27
internal_value=1.95182e-05 0.00234736 0.00331108 -0.00122131 -0.00102136 0.00564404 -0.00200726 -0.000451121 -0.000760914 0.00219136 8.80177e-05 0.00162288 -0.00204889 0.00106999 0.0016997 0.00408998 -0.000987595 -0.000463473 0.000971764 -0.00322701 0.0063971 0.00574302 -7.01978e-05 -0.000434225 -0.00124899 0.00513127 0.000249232 0.00134243 -0.00295477 -0.00420114
internal_weight=2144 746 534 1398 1274 171 464 810 675 363 406 282 269 135 115 81 226 186 207 124 145 124 212 174 81 61 93 43 238 81
internal_count=2144 746 534 1398 1274 171 464 810 675 363 406 282 269 135 115 81 226 186 207 124 145 124 212 174 81 61 93 43 238 81
is_linear=0
shrinkage=0.03


Tree=47
num_leaves=31
num_cat=0
split_feature=26 23 11 23 16 23 22 11 26 10 20 22 20 26 21 11 22 22 23 22 20 26 14 23 11 11 19 23 11 23
split_gain=6.496 2.07475 1.59647 0.914371 0.610364 0.633274 0.405643 0.393089 0.308386 0.381857 0.31365 0.555373 0.284732 0.276635 0.231474 0.275048 0.201188 0.181763 0.155202 0.14734 0.122505 0.109737 0.102707 0.0935463 0.0912662 0.0784177 0.0689342 0.0590629 0.0545784 0.0376622
threshold=651.50000000000011 2424.5000000000005 0.91495319575608269 2366.0000000000005 56.861218786819379 3275.5000000000005 275.23000000000008 1.0575142725572777 691.00000000000011 1.0441075626491556 2.7950000000000004 255.26450000000003 1.6250000000000002 1046.5000000000002 11.215000152587892 0.86670034847935795 240.38350000000003 237.69500000000002 2808.5000000000005 257.0985 0.70500000000000007 1065.0000000000002 0.037597908579597307 3718.0000000000005 1.0258452183540945 0.96113984425804699 93.970001220703139 1933.0000000000002 1.0997410040944102 3145.5000000000005
decision_type=2 2 2 2 2 2 2 2 2 2 2 2 2 2 2 2 2 2 2 2 2 2 2 2 2 2 2 2 2 2
left_child=1 12 6 8 5 18 -3 14 -2 10 11 -10 24 -12 25 22 -6 -17 -4 21 -18 28 -16 -7 -1 26 -5 -11 -9 -27
right_child=3 2 4 7 16 23 -8 19 9 27 13 -13 -14 -15 15 17 20 -19 -20 -21 -22 -23 -24 -25 -26 29 -28 -29 -30 -31
leaf_value=0.0054744911465163838 0.0027286997370397797 0.0031979874704964458 0.004408225281923436 0.0017149548018351194 0.0014098120485476376 0.001013937971394166 0.0079208020141593657 -0.00086306273060740503 -0.0012071927319326837 -0.0028679504953241642 0.00016941077103026621 0.0020964168883860113 0.0071312475188420373 0.0030047910658021772 0.00096953586265934922 -0.0030775781334486116 0.0011903604604474891 -0.0016829150237190661 0.0022341966501320709 -0.0054621881180339392 -0.00099115138805926247 -0.0038290409050308746 -0.0011612921887792125 -0.00050926038162599848 0.0029513315624246994 -0.00010352797536934548 -0.0004234371911983804 -0.0010501709620468317 -0.00283263061787667 -0.0014737948345787384
leaf_weight=33 28 39 64 23 52 94 36 37 262 55 108 54 64 44 37 128 25 329 79 26 161 51 42 55 44 36 27 34 27 50
leaf_count=33 28 39 64 23 52 94 36 37 262 55 108 54 64 44 37 128 25 329 79 26 161 51 42 55 44 36 27 34 27 50
internal_value=1.91385e-05 0.00227931 0.00150358 -0.00118555 0.000911824 0.00182961 0.0055788 -0.00183643 -0.000274294 -0.000435248 -8.42375e-05 -0.000628356 0.00555263 0.00102406 -0.00152177 -0.00180347 -0.00020459 -0.00208596 0.00325188 -0.00329366 -0.000677097 -0.00273466 -0.000126165 0.000432037 0.00412747 -0.000384609 0.000515739 -0.00222624 -0.00177092 -0.000942461
internal_weight=2144 746 605 1398 530 292 75 813 585 557 468 316 141 152 672 536 238 457 143 141 186 115 79 149 77 136 50 89 64 86
internal_count=2144 746 605 1398 530 292 75 813 585 557 468 316 141 152 672 536 238 457 143 141 186 115 79 149 77 136 50 89 64 86
is_linear=0
shrinkage=0.03


Tree=48
num_leaves=31
num_cat=0
split_feature=26 23 22 23 20 21 16 20 20 20 15 23 26 15 21 23 23 26 23 20 17 22 22 26 10 26 13 10 16 20
split_gain=6.12342 2.23626 1.5747 0.666025 0.481744 0.477036 0.476993 0.443871 0.439853 0.345464 0.40747 0.335311 0.324951 0.259999 0.259435 0.243468 0.242098 0.2241 0.194289 0.132296 0.132261 0.119801 0.119149 0.0821961 0.0794284 0.0492403 0.0490916 0.180853 0.0450005 0.0430721
threshold=671.50000000000011 2557.5000000000005 277.73450000000008 2366.0000000000005 2.3650000000000007 21.085000038146976 56.374563984595191 1.5550000000000004 1.6250000000000002 1.2950000000000002 0.015024620690511302 3275.5000000000005 710.50000000000011 0.04664677887103446 11.025000095367433 3097.0000000000005 2206.5000000000005 1046.5000000000002 2015.5000000000002 2.4650000000000003 -0.016047854387927697 272.28950000000003 255.26450000000003 467.50000000000006 0.96687745206322784 884.50000000000011 1.0410298319389386 0.98883165479385382 57.029319330515385 2.9150000000000005
decision_type=2 2 2 2 2 2 2 2 2 2 2 2 2 2 2 2 2 2 2 2 2 2 2 2 2 2 2 2 2 2
left_child=1 7 4 9 6 12 11 13 -4 -2 17 -3 -5 23 24 -16 26 29 -19 22 -21 -8 -12 -1 -14 -7 27 -9 -18 -11
right_child=3 2 8 5 -6 25 21 16 -10 10 19 -13 14 -15 15 -17 28 18 -20 20 -22 -23 -24 -25 -26 -27 -28 -29 -30 -31
leaf_value=0.0022915558167068018 0.0029497882863685774 0.0028614940015443909 0.0083933936740271751 0.0019859173427457396 -0.0028227729983095608 -0.0046373268882541558 4.1544468199296303e-05 0.0050087647834792734 0.0027911368849976308 -0.00054039645446887742 -0.00083407963117616217 0.00068429233689190974 0.00060697232915655423 0.0051268082517385485 -0.0012896371208890747 -0.0026148537212675551 0.0046717980657074911 0.0043402994140051302 0.00046572141841586147 0.00015936495326459408 -0.0019294986424738762 -0.0018915545939680132 0.0011500652177492156 -3.1094498314854235e-05 -0.00091453693237772936 -0.0028484724917195062 0.0048295951556414363 0.0090104436610426216 0.0023879052021726966 0.00074237643044883347
leaf_weight=27 25 116 29 22 34 45 173 29 28 65 155 152 45 24 297 240 36 23 27 29 176 33 31 22 85 54 29 34 24 35
leaf_count=27 25 116 29 22 34 45 173 29 28 65 155 152 45 24 297 240 36 23 27 29 176 33 31 22 85 54 29 34 24 35
internal_value=1.88452e-05 0.00211763 0.00109957 -0.00120415 0.000557191 -0.00176873 0.000811384 0.00464464 0.0057887 -0.000411099 -0.000577099 0.00164495 -0.0014776 0.00258944 -0.00159913 -0.00189125 0.0055887 0.000736866 0.00235701 -0.00108943 -0.0016201 -0.000261276 -0.000482964 0.00120897 -0.000364347 -0.00372983 0.00662921 0.00732232 0.00386154 -5.8818e-05
internal_weight=2144 790 565 1354 508 788 474 225 57 566 541 268 689 73 667 537 152 150 50 391 205 206 186 49 130 99 92 63 60 100
internal_count=2144 790 565 1354 508 788 474 225 57 566 541 268 689 73 667 537 152 150 50 391 205 206 186 49 130 99 92 63 60 100
is_linear=0
shrinkage=0.03


Tree=49
num_leaves=31
num_cat=0
split_feature=26 23 11 23 11 23 11 22 22 20 19 20 20 22 23 26 26 26 26 14 24 22 26 23 26 24 11 26 23 26
split_gain=5.77595 1.85294 1.43854 0.812651 0.623773 0.47417 0.365181 0.311978 0.274553 0.311506 0.4736 0.311811 0.251363 0.245922 0.20335 0.349025 0.3936 0.216994 0.199956 0.1727 0.147022 0.13312 0.121687 0.120797 0.11988 0.112627 0.184062 0.0996419 0.0973589 0.0657366
threshold=651.50000000000011 2424.5000000000005 0.89034818636639279 2366.0000000000005 1.0885685779070673 3275.5000000000005 1.0575142725572777 277.73450000000008 243.75500000000002 2.2050000000000005 95.475002288818374 2.5350000000000006 1.6250000000000002 240.86050000000003 3813.5000000000005 884.50000000000011 1058.0000000000002 800.50000000000011 1046.5000000000002 0.034794881583360859 9.6500000000000004 257.0985 542.50000000000011 1710.0000000000002 499.00000000000006 14.750000000000002 1.0299364897644774 1065.0000000000002 2726.0000000000005 756.50000000000011
decision_type=2 2 2 2 2 2 2 2 2 2 2 2 2 2 2 2 2 2 2 2 2 2 2 2 2 2 2 2 2 2
left_child=1 12 7 8 5 24 14 -3 20 19 18 -12 25 -6 15 17 -17 -5 -11 -10 23 27 -7 -2 -4 26 -1 -8 -15 -16
right_child=3 2 4 6 13 22 21 -9 9 10 11 -13 -14 28 29 16 -18 -19 -20 -21 -22 -23 -24 -25 -26 -27 -28 -29 -30 -31
leaf_value=0.007054126463032195 -0.00032459755829768254 0.0032335913135773603 0.0034916905781009503 -0.0014238000566445129 0.0015621185317593802 0 -0.0016786959128740888 0.0082072143625468025 0.00082958621618656788 0.00030608345685915583 0.00014067522018292668 -0.002046204687623432 0.0067323576230269213 0.00043880699823917397 0.0015529695572052149 -0.00026650934126414352 -0.002217674068942228 -0.0033769754670783876 0.0027422541125895496 0.0042199080908586354 0 -0.0052018849651018781 0.0016935606338177626 -0.0027011810996287675 0.0013269534065452476 0.0016734040933026168 0.0030576831006218453 -0.0036457394254752074 -0.0011419045469116618 -0.00066917034710890473
leaf_weight=20 31 26 117 103 52 101 64 29 45 96 103 128 64 43 24 249 152 124 46 21 45 26 61 70 37 21 36 51 139 20
leaf_count=20 31 26 117 103 52 101 64 29 45 96 103 128 64 43 24 249 152 124 46 21 45 26 61 70 37 21 36 51 139 20
internal_value=1.91769e-05 0.00215048 0.00141703 -0.00111671 0.000942278 0.00181061 -0.00173035 0.00600935 -0.000257289 0.00011192 -0.000218594 -0.00106177 0.00524429 -0.000220284 -0.00142698 -0.00156618 -0.00101724 -0.00251402 0.0011299 0.00199998 -0.00138106 -0.00313482 0.00064735 -0.00201148 0.00300286 0.00389854 0.00463633 -0.00260081 -0.000751689 0.000483815
internal_weight=2144 746 605 1398 550 316 813 55 585 439 373 231 141 234 672 628 401 227 142 66 146 141 162 101 154 77 56 115 182 44
internal_count=2144 746 605 1398 550 316 813 55 585 439 373 231 141 234 672 628 401 227 142 66 146 141 162 101 154 77 56 115 182 44
is_linear=0
shrinkage=0.03


Tree=50
num_leaves=31
num_cat=0
split_feature=26 23 11 23 16 23 22 11 26 10 20 26 20 26 16 26 26 23 23 26 24 26 23 23 11 22 16 23 20 19
split_gain=5.44527 1.74689 1.36507 0.76659 0.454126 0.521525 0.418116 0.347211 0.267212 0.338678 0.274371 0.495261 0.234958 0.228975 0.204061 0.193547 0.376329 0.260972 0.176962 0.136663 0.125621 0.127084 0.125185 0.0931483 0.0745775 0.0736178 0.0663641 0.0662903 0.0505704 0.0493874
threshold=651.50000000000011 2424.5000000000005 0.93315585660016576 2366.0000000000005 58.477177473129579 2819.0000000000005 277.73450000000008 1.078933385474687 691.00000000000011 1.0441075626491556 2.7950000000000004 807.50000000000011 1.635 1046.5000000000002 38.843813746918904 884.50000000000011 1058.0000000000002 3640.5000000000005 3718.0000000000005 494.00000000000006 14.750000000000002 455.50000000000006 3662.5000000000005 3449.5000000000005 1.0398508757161025 257.0985 29.893592041614117 2695.0000000000005 2.6250000000000004 95.83499908447267
decision_type=2 2 2 2 2 2 2 2 2 2 2 2 2 2 2 2 2 2 2 2 2 2 2 2 2 2 2 2 2 2
left_child=1 12 6 8 5 29 23 14 -2 10 11 -10 20 -12 26 17 -17 -16 -7 22 21 24 -6 -3 -1 -9 -5 -28 -11 -4
right_child=3 2 4 7 19 18 -8 25 9 28 13 -13 -14 -15 15 16 -18 -19 -20 -21 -22 -23 -24 -25 -26 -27 27 -29 -30 -31
leaf_value=0.0073580397686788014 0.0025457177761749462 0.0040328277213232859 0.0027731457158667039 0.0010545086168990978 0.00063441155100773063 0.001220233164093329 0.0072292103877140057 -0.0027733154668504456 0.0022477307357364634 -0.0011174998748394456 0.00018717701994245786 -0.0010764004233301506 0.0067920405115518305 0.0027714980726440751 -0.0029885016884271436 -0.00049473582120652775 -0.0025822265679243863 -0.00027557438846402375 -0.00071777820520768393 -0.0013669249899621592 0.0016744958043665341 0.002574033580532369 -0.0017705250185112082 0.0013779411608951964 0.003838482830080796 -0.0051586307393653051 0.00033844482878575457 -0.0011091093365866982 -0.002777709048204124 0.0048435579782416084
leaf_weight=20 28 34 49 21 117 166 36 87 46 40 108 270 53 44 163 226 122 43 54 72 22 25 22 27 21 20 36 95 49 28
leaf_count=20 28 34 49 21 117 166 36 87 46 40 108 270 53 44 163 226 122 43 54 72 22 25 22 27 21 20 36 95 49 28
internal_value=1.91365e-05 0.00208857 0.00137622 -0.00108371 0.00074219 0.00149806 0.00462461 -0.00167972 -0.000248837 -0.000399004 -6.81055e-05 -0.00057748 0.00509277 0.000968103 -0.00142703 -0.00169578 -0.00124046 -0.00244077 0.000729869 -0.000309656 0.00397083 0.00465508 0.000222418 0.00294728 0.00576108 -0.00329058 -0.000423221 -0.000689031 -0.00208559 0.00361693
internal_weight=2144 746 605 1398 508 297 97 813 585 557 468 316 141 152 706 554 348 206 220 211 88 66 139 61 41 107 152 131 89 77
internal_count=2144 746 605 1398 508 297 97 813 585 557 468 316 141 152 706 554 348 206 220 211 88 66 139 61 41 107 152 131 89 77
is_linear=0
shrinkage=0.03


Tree=51
num_leaves=30
num_cat=0
split_feature=26 23 11 11 11 23 20 20 20 26 26 26 23 26 23 14 26 26 23 23 20 15 21 19 13 10 15 16 19
split_gain=5.14068 1.89412 1.4384 0.620441 0.562306 0.492501 0.393211 0.320764 0.364362 0.28219 0.273649 0.400591 0.268009 0.265084 0.291325 0.237284 0.230194 0.226022 0.204893 0.20366 0.160383 0.137248 0.111777 0.0879873 0.04002 0.172974 0.0399614 0.0393138 0.00086468
threshold=671.50000000000011 2557.5000000000005 0.84519872829218545 1.0066656199264474 1.0731247984441197 2498.5000000000005 1.5550000000000004 1.8450000000000004 2.8250000000000006 710.50000000000011 896.00000000000011 1067.5000000000002 2309.0000000000005 494.00000000000006 3744.0000000000005 0.043190491140569859 699.00000000000011 797.50000000000011 2206.5000000000005 3662.5000000000005 2.4350000000000005 0.043169704047002905 16.394999504089359 91.284999847412124 1.0410298319389386 0.98883165479385382 0.022880520489100154 57.029319330515385 103.63999938964845
decision_type=2 2 2 2 2 2 2 2 2 2 2 2 2 2 2 2 2 2 2 2 2 2 2 2 2 2 2 2 2
left_child=1 6 -3 19 5 7 15 -2 20 -7 17 -12 -10 14 -5 23 -6 -11 24 22 -9 -15 -4 -1 25 -8 -18 -20 -28
right_child=4 2 3 13 16 9 18 8 12 10 11 -13 -14 21 -16 -17 26 -19 27 -21 -22 -23 -24 -25 -26 -27 28 -29 -30
leaf_value=0.0020554576835462024 0.0023705913311394397 0.0072977701877394033 0.00046170354235385144 0.0011873919321334703 -9.2990086157806207e-05 0.0019235961373363221 0.0045313168667256839 -0.00029768046826850008 0.0013794391380215531 -0.0011234164116663279 -0.00025506692301857132 -0.0023218862951411129 -0.0020443173993844534 -0.0015238804407939636 -0.0015288325144210829 0.0041963347008670956 -0.0020896166099245534 -0.0031671462305857072 0.0043167187940027262 0.00016523832988314096 -0.0015646974802327651 0.00047213203775463628 0.003119489327543609 -0.00062676173315516547 0.0044459834909997883 0.0083893997745854501 -0.0031704751295194532 0.0021710515055526048 -0.0045771301878350119
leaf_weight=20 39 30 20 172 29 20 29 195 127 86 228 137 23 115 43 33 45 138 36 39 179 39 107 20 29 34 88 24 20
leaf_count=20 39 30 20 172 29 20 29 195 127 86 228 137 23 115 43 33 45 138 36 39 179 39 107 20 29 34 88 24 20
internal_value=1.91398e-05 0.00194226 0.00100478 0.00063335 -0.00110131 -0.000855131 0.00426823 -0.000208622 -0.00041045 -0.00144657 -0.00156915 -0.00104325 0.000824534 -4.52289e-05 0.000625695 0.00233349 -0.00265685 -0.00240431 0.00515649 0.00215096 -0.000914642 -0.000999257 0.00273125 0.0006586 0.00611772 0.00675888 -0.00311957 0.00355729 -0.00349809
internal_weight=2144 790 565 535 1354 1172 225 563 524 609 589 365 150 369 215 73 182 224 152 166 374 154 127 40 92 63 153 60 108
internal_count=2144 790 565 535 1354 1172 225 563 524 609 589 365 150 369 215 73 182 224 152 166 374 154 127 40 92 63 153 60 108
is_linear=0
shrinkage=0.03


Tree=52
num_leaves=31
num_cat=0
split_feature=26 23 11 23 11 23 16 11 23 22 22 26 25 22 17 21 26 16 22 26 23 22 26 24 24 9 19 19 13 23
split_gain=4.84911 1.5588 1.23044 0.683846 0.549728 0.398063 0.360053 0.314478 0.274128 0.238241 0.256024 0.360851 0.421623 0.210895 0.192041 0.190961 0.178797 0.17762 0.1754 0.164345 0.135983 0.117741 0.121886 0.103822 0.0935969 0.090738 0.0665774 0.0576281 0.0573778 0.0540158
threshold=651.50000000000011 2424.5000000000005 0.98221056709038435 2366.0000000000005 0.81593792412778632 2819.0000000000005 58.204147471248767 1.0575142725572777 3662.5000000000005 243.75500000000002 288.11750000000001 807.50000000000011 3.2500000000000004 264.27000000000004 0.0041326779403033512 21.085000038146976 265.50000000000006 39.438458026054541 240.38350000000003 884.50000000000011 1710.0000000000002 256.23300000000006 1065.0000000000002 5.9500000000000011 5.5500000000000007 0.98087996706289926 95.08499908447267 99.524997711181655 1.1009665029858786 3084.0000000000005
decision_type=2 2 2 2 2 2 2 2 2 2 2 2 2 2 2 2 2 2 2 2 2 2 2 2 2 2 2 2 2 2
left_child=1 13 4 9 -3 6 -4 15 26 20 11 14 -13 27 -11 17 28 29 -18 -19 -2 22 -9 -22 -15 -12 -6 -1 -7 -5
right_child=3 2 5 7 8 16 -8 21 -10 10 25 12 -14 24 -16 -17 18 19 -20 -21 23 -23 -24 -25 -26 -27 -28 -29 -30 -31
leaf_value=0.0017191680133026757 -0.00014047208051347443 0.0078483084236150198 0.003577429671992816 0.00032702037867146557 0.001809957755729556 0.0020609087943172966 0.00018707381390524491 -0.0011917954147876507 0.00028035829446283359 0.0038481915017279486 -3.0870516970753602e-06 -0.00096530486270905269 0.0013664956611778951 0.0037799571171523096 0.00079246895188128847 -0.0027513154649763906 0.00087961967802402787 -0.0022051660601784535 -0.00091434679194816809 -0.0009602831186964867 -0.0026267899605022234 -0.0045003028847277167 -0.0033743518237740948 -3.1051779431956075e-06 0.0064512590302870827 -0.0024461631149918371 0.0038542706100580595 0.0042569943588626168 0 -0.00076776292929005448
leaf_weight=27 61 22 58 76 28 37 58 55 35 35 24 181 112 30 46 75 63 159 195 282 65 35 51 20 64 41 89 20 20 80
leaf_count=27 61 22 58 76 28 37 58 55 35 35 24 181 112 30 46 75 63 159 195 282 65 35 51 20 64 41 89 20 20 80
internal_value=1.89446e-05 0.00197188 0.0012986 -0.0010217 0.00342273 0.000428187 0.00192398 -0.00158466 0.00271546 -0.000232848 0.000110667 0.000420025 -6.21479e-05 0.00481017 0.00218026 -0.00130267 -0.000117497 -0.00111136 -0.000462997 -0.00141988 -0.00127988 -0.00288886 -0.00229165 -0.00205155 0.00567906 -0.00160327 0.00340994 0.00292778 0.00137564 -0.000216613
internal_weight=2144 746 605 1398 174 431 116 813 152 585 439 374 293 141 81 672 315 597 258 441 146 141 106 85 94 65 117 47 57 156
internal_count=2144 746 605 1398 174 431 116 813 152 585 439 374 293 141 81 672 315 597 258 441 146 141 106 85 94 65 117 47 57 156
is_linear=0
shrinkage=0.03


Tree=53
num_leaves=31
num_cat=0
split_feature=26 11 22 11 21 23 24 23 14 20 20 22 26 26 22 22 26 22 26 17 11 23 25 20 22 26 24 23 9 15
split_gain=4.58249 1.5548 1.35788 0.632914 0.551195 0.520651 0.483331 0.410015 0.32557 0.286688 0.337245 0.250246 0.247411 0.375711 0.246166 0.208341 0.20614 0.198139 0.166706 0.151115 0.148526 0.187633 0.208281 0.14322 0.138197 0.131796 0.121069 0.104157 0.0419947 0.0381212
threshold=710.50000000000011 1.1120939677845445 264.27000000000004 1.074679471015987 13.320000171661379 2498.5000000000005 5.5500000000000007 3296.5000000000005 0.044156517429734254 1.8450000000000004 2.8250000000000006 251.11600000000001 896.00000000000011 1067.5000000000002 237.88900000000004 269.51850000000007 797.50000000000011 242.33150000000003 570.00000000000011 -0.005601589451233349 1.2849909822602499 2672.0000000000005 2.8500000000000001 2.4350000000000005 236.61750000000004 945.00000000000011 0.15000000000000005 3040.0000000000005 0.97571116678251735 0.027100691307826053
decision_type=2 2 2 2 2 2 2 2 2 2 2 2 2 2 2 2 2 2 2 2 2 2 2 2 2 2 2 2 2 2
left_child=1 2 4 5 17 9 15 18 -8 -2 23 -12 16 25 -9 -4 28 29 -6 -10 21 22 -3 -11 -15 -14 27 -23 -7 -1
right_child=3 20 6 -5 7 12 8 14 19 10 11 -13 13 24 -16 -17 -18 -19 -20 -21 -22 26 -24 -25 -26 -27 -28 -29 -30 -31
leaf_value=-0.00054386375192552814 0.0022342869297252038 0.0031312444544481957 0.0037001686757689133 -0.0029908349901454855 0.0033034441697833159 -0.00018734548197703828 0.0073121525337072925 0.0030864756533774194 0.0056507684417883867 -0.00029515141132811323 0.0017439259991809532 -0.00074704025141698741 -0.00075851011184975504 -0.00052859763959177625 2.7372904206567908e-05 -0.00019843622988888193 -0.0030079411792856971 -0.0029809185444660807 0.0003594325038391854 0.0024500024150176025 -0.0020124991594813765 -0.00070054639780239478 -0.00020448043372743994 -0.0014894729881323565 -0.0027966213923714617 0.00073483014560339068 -0.0012211354220344219 0.0014803593268850816 -0.0016317321297107262 0.00098557489720935165
leaf_weight=23 39 32 26 142 180 37 65 31 31 197 94 56 149 37 99 20 138 22 22 36 34 36 31 180 101 80 86 39 49 32
leaf_count=23 39 32 26 142 180 37 65 31 31 197 94 56 149 37 99 20 138 22 22 36 34 36 31 180 101 80 86 39 49 32
internal_value=1.87212e-05 0.00173856 0.00259085 -0.00109821 0.00162099 -0.000860949 0.00478108 0.00215224 0.00571486 -0.00020383 -0.000393831 0.000795309 -0.0014838 -0.000985319 0.000797744 0.00197314 -0.00227915 -0.000629357 0.00300094 0.00403639 -0.000191484 7.93025e-05 0.00146543 -0.000875753 -0.00221829 -0.000222849 -0.000450275 0.000398607 -0.00105409 0.000294129
internal_weight=2144 845 587 1299 409 1157 178 332 132 566 527 150 591 367 130 46 224 77 202 67 258 224 63 377 138 229 161 75 86 55
internal_count=2144 845 587 1299 409 1157 178 332 132 566 527 150 591 367 130 46 224 77 202 67 258 224 63 377 138 229 161 75 86 55
is_linear=0
shrinkage=0.03


Tree=54
num_leaves=31
num_cat=0
split_feature=20 22 23 20 22 15 22 25 22 22 22 22 22 23 23 13 24 23 22 11 15 17 18 18 9 17 9 23 23 15
split_gain=2.69453 1.79517 1.67333 0.607793 0.527823 0.816708 0.330343 0.447506 0.323516 0.288481 0.261009 0.3212 0.230968 0.221133 0.198057 0.196958 0.170178 0.185643 0.153343 0.152296 0.0941485 0.0716699 0.0587226 0.0437073 0.0344403 0.0261984 0.0252564 0.0141929 0.0478269 0.00969158
threshold=2.0350000000000006 277.73450000000008 2726.0000000000005 0.76500000000000012 237.74700000000004 0.045172007971304502 237.28350000000003 8.4500000000000011 240.38350000000003 260.61500000000007 237.88900000000004 243.75500000000002 264.27000000000004 3256.0000000000005 3955.5000000000005 0.94642296802512293 25.250000000000004 1710.0000000000002 255.26450000000003 0.84519872829218545 0.050012631239588705 -0.012311719224178449 0.9906606083025753 1.0710284987069987 0.97861127945814863 0.0015862660785796502 1.0509379135343853 2395.5000000000005 2984.0000000000005 0.032936385628116759
decision_type=2 2 2 2 2 2 2 2 2 2 2 2 2 2 2 2 2 2 2 2 2 2 2 2 2 2 2 2 2 2
left_child=1 2 6 13 16 10 24 12 22 -10 -6 14 -8 25 -12 -3 17 -2 -13 -7 -17 -19 -5 -9 -1 -4 -15 -21 -29 -23
right_child=4 15 3 8 5 19 7 23 9 -11 11 18 -14 26 -16 20 -18 21 -20 27 -22 29 -24 -25 -26 -27 -28 28 -30 -31
leaf_value=0.0010108772407402284 0 0.0075329146741773007 0.0046097082739163719 0.0015529891381195434 0.003077506003369178 -0.001027688871603459 0.002715401772143862 -0.00020705259568057954 -0.0018678424606690862 -5.2498008293861689e-05 -0.0023632869807188399 -0.00019581906793680548 0.0049643407774128722 0.0011098464115389755 0.00012054641075575579 0.0057206987050240458 0.00044223369644688713 -0.00074922247168433386 0.001219601948910593 -0.0025748956667406386 0.0027079409946523169 -0.0028590341075840917 2.515215137550099e-05 0.0013075249048977574 -0.00048223585010160729 0.0022775045164993828 -0.00015945144440312022 -0.0049094936451874677 -0.0024316370239400344 -0.0015718096068382938
leaf_weight=23 29 29 20 44 20 37 179 35 211 131 95 535 63 27 38 22 20 23 78 37 33 188 54 28 30 20 21 31 22 21
leaf_count=23 29 29 20 44 20 37 179 35 211 131 95 535 63 27 38 22 20 23 78 37 33 188 54 28 30 20 21 31 22 21
internal_value=1.81862e-05 0.00118893 0.000784466 -0.000284396 -0.000946762 -0.00058399 0.00236564 0.00274495 -0.000745226 -0.00118342 -0.00020881 -0.000304933 0.00333124 0.00196853 -0.00163563 0.00536039 -0.00208283 -0.00228872 -9.13757e-06 -0.00280414 0.00404725 -0.00257047 0.000750181 0.00042913 0.000116884 0.00360077 0.000501383 -0.00348217 -0.00400058 -0.00275208
internal_weight=2144 970 886 528 1174 893 358 305 440 342 766 746 242 88 133 84 281 261 613 127 55 232 98 63 53 40 48 90 53 209
internal_count=2144 970 886 528 1174 893 358 305 440 342 766 746 242 88 133 84 281 261 613 127 55 232 98 63 53 40 48 90 53 209
is_linear=0
shrinkage=0.03


Tree=55
num_leaves=31
num_cat=0
split_feature=26 23 22 23 21 20 16 20 20 26 10 20 26 23 14 26 16 26 23 23 22 23 22 26 20 26 26 13 26 10
split_gain=4.1047 1.51222 1.07576 0.445587 0.364725 0.354618 0.34447 0.329904 0.324719 0.256047 0.242316 0.231205 0.386889 0.2228 0.212975 0.198422 0.189025 0.168199 0.16635 0.131292 0.127209 0.107679 0.0956481 0.0944087 0.0859741 0.0649536 0.0418966 0.129687 0.0400587 0.0380766
threshold=671.50000000000011 2557.5000000000005 277.73450000000008 2366.0000000000005 21.085000038146976 2.3650000000000007 56.374563984595191 1.6250000000000002 1.5550000000000004 710.50000000000011 1.0441075626491556 2.7950000000000004 807.50000000000011 3275.5000000000005 0.043190491140569859 1046.5000000000002 42.376304415383842 1065.0000000000002 2206.5000000000005 2067.5000000000005 255.26450000000003 3033.0000000000005 259.65650000000005 747.00000000000011 2.6250000000000004 838.50000000000011 431.50000000000006 1.0410298319389386 884.50000000000011 0.95543168238335874
decision_type=2 2 2 2 2 2 2 2 2 2 2 2 2 2 2 2 2 2 2 2 2 2 2 2 2 2 2 2 2 2
left_child=1 8 5 10 9 6 13 -4 14 -5 11 12 29 -3 -1 23 21 -18 26 -17 -14 -11 -8 -13 25 -12 -10 -28 -6 -2
right_child=3 2 7 4 28 -7 22 -9 18 16 24 15 20 -15 -16 19 17 -19 -20 -21 -22 -23 -24 -25 -26 -27 27 -29 -30 -31
leaf_value=0.00046947650612536365 0.0030339172377384133 0.0023701522531799782 0.007028414043225348 0.0018805340575459206 -0.0039738456548151111 -0.0024490602766296691 0.00034675843605073167 0.002175081623011622 0.0035898216646974498 0.00014205132562475389 0.00050489537943874236 -0.0015401026051152834 -0.0011564580264643036 0.00058787771000289447 0.0038136917924618016 0.0042877188489179718 -0.001306927650319584 -0.0027244210234782266 0.0031719695773342106 0.0007987977414159104 0.0010822404316859319 -0.0011679701838224054 -0.00093127519496222385 0.00064254840074466873 -0.0024941494280387735 -0.0016872199818026273 0.0072285788210907156 0.0039560651570558544 -0.0023676439665596591 0.00098473351873043513
leaf_weight=40 20 116 29 22 45 34 109 28 22 101 21 21 247 152 33 21 343 106 60 23 23 117 97 87 54 23 41 29 54 26
leaf_count=40 20 116 29 22 45 34 109 28 22 101 21 21 247 152 33 21 343 106 60 23 23 117 97 87 54 23 41 29 54 26
internal_value=1.79373e-05 0.00173653 0.000898135 -0.000983115 -0.00144511 0.000448751 0.000667645 0.00477465 0.00381528 -0.00119011 -0.000333207 -4.12895e-05 -0.000509551 0.00137641 0.00205289 0.000909562 -0.00129854 -0.00165355 0.00462313 0.00258891 -0.000951394 -0.000549458 -0.000242133 0.000180385 -0.00168246 -0.000586346 0.00549299 0.00598989 -0.00316017 0.00198511
internal_weight=2144 790 565 1354 788 508 474 57 225 689 566 468 316 268 73 152 667 449 152 44 270 218 206 108 98 44 92 70 99 46
internal_count=2144 790 565 1354 788 508 474 57 225 689 566 468 316 268 73 152 667 449 152 44 270 218 206 108 98 44 92 70 99 46
is_linear=0
shrinkage=0.03


Tree=56
num_leaves=31
num_cat=0
split_feature=26 11 22 11 21 23 24 23 14 20 20 23 26 26 22 20 26 22 19 22 26 23 22 16 26 22 5 8 21 19
split_gain=3.87279 1.33425 1.13838 0.559925 0.475833 0.443898 0.426882 0.341147 0.294501 0.238499 0.29952 0.234184 0.222544 0.325433 0.218002 0.183517 0.18292 0.177495 0.17637 0.174733 0.152203 0.151877 0.172031 0.143542 0.122027 0.118329 0.0795921 0.0706367 0.0688587 0.0578576
threshold=710.50000000000011 1.1120939677845445 264.27000000000004 1.074679471015987 13.320000171661379 2498.5000000000005 5.5500000000000007 3296.5000000000005 0.044156517429734254 1.8450000000000004 2.7650000000000001 2309.0000000000005 896.00000000000011 1067.5000000000002 237.88900000000004 2.5450000000000004 800.50000000000011 269.51850000000007 101.79499816894533 242.33150000000003 570.00000000000011 2726.0000000000005 260.15800000000007 73.986697325398396 945.00000000000011 236.61750000000004 -0.018220763024540246 1.009985033952036 18.144999504089366 97.505001068115249
decision_type=2 2 2 2 2 2 2 2 2 2 2 2 2 2 2 2 2 2 2 2 2 2 2 2 2 2 2 2 2 2
left_child=1 2 4 5 19 9 17 20 -8 -2 15 -12 16 24 -9 -11 29 -4 21 -1 -6 23 27 -3 -14 -15 -10 -23 -24 -7
right_child=3 18 6 -5 7 12 8 14 26 10 11 -13 13 25 -16 -17 -18 -19 -20 -21 -22 22 28 -25 -26 -27 -28 -29 -30 -31
leaf_value=0.00027527524234028533 0.0020449022718938064 0.0019258915146909141 0.0033519897367805238 -0.0027889212127034128 0.0030569544253799771 -0.0019946466956875823 0.0067889519357969136 0.0029086469992180351 0.0051804209023427507 -0.00043556028517721592 0.001139948032516357 -0.0018267802637336509 -0.00069359145252572492 -0.00046521034828191131 2.7816733806976117e-05 -0.0020195033276305249 -0.0028694168710756266 -0.0002382617518305778 -0.0026401791600510474 -0.0027980940225331677 0.00024730453752462101 0.0015375794728076265 -0.0001212847006972879 -0.00081430130665514455 0.00074437581251388303 -0.0025700994132031849 0.0026155369385622092 -0.00020089795756285964 -0.0022862160439279093 -0.00039717260904508297
leaf_weight=55 39 57 26 142 180 37 65 31 25 262 147 27 149 37 99 91 128 20 23 22 22 30 23 22 80 101 42 58 45 59
leaf_count=55 39 57 26 142 180 37 65 31 25 262 147 27 149 37 99 91 128 20 23 22 22 30 23 22 80 101 42 58 45 59
internal_value=1.81027e-05 0.00159928 0.00238885 -0.00100858 0.00149979 -0.00078527 0.00439514 0.00199356 0.0052724 -0.00017811 -0.000351864 0.000654643 -0.0013604 -0.000887425 0.000754644 -0.000856911 -0.00211459 0.00175532 -0.000187862 -0.000588984 0.00276846 4.96101e-05 -0.000479394 0.00112466 -0.000177149 -0.00203473 0.00367881 0.000368674 -0.00160981 -0.00105801
internal_weight=2144 845 587 1299 409 1157 178 332 132 566 527 174 591 367 130 353 224 46 258 77 202 235 156 79 229 138 67 88 68 96
internal_count=2144 845 587 1299 409 1157 178 332 132 566 527 174 591 367 130 353 224 46 258 77 202 235 156 79 229 138 67 88 68 96
is_linear=0
shrinkage=0.03


Tree=57
num_leaves=31
num_cat=0
split_feature=26 11 22 11 21 22 22 24 21 24 14 26 26 22 26 15 22 19 22 15 17 22 22 11 26 9 11 19 21 26
split_gain=3.64876 1.25871 1.07299 0.526608 0.448425 0.419904 0.418263 0.401949 0.352084 0.298611 0.275626 0.225941 0.220463 0.198845 0.247192 0.187723 0.167722 0.166265 0.164936 0.150783 0.136863 0.125338 0.141342 0.126205 0.0974503 0.0742151 0.0741251 0.0682711 0.0606036 0.0361071
threshold=710.50000000000011 1.1120939677845445 264.27000000000004 1.074679471015987 13.320000171661379 243.12750000000003 252.37150000000003 5.5500000000000007 36.635000228881843 9.3500000000000032 0.044156517429734254 946.50000000000011 1025.5000000000002 257.97750000000008 403.50000000000006 0.013084497551695851 269.51850000000007 101.79499816894533 242.33150000000003 0.027853638471342406 -0.005601589451233349 275.23000000000008 259.65650000000005 1.1850895156673369 257.00000000000006 1.0637139904153854 1.2017837174748522 89.944999694824233 16.085000038146976 1868.5000000000002
decision_type=2 2 2 2 2 2 2 2 2 2 2 2 2 2 2 2 2 2 2 2 2 2 2 2 2 2 2 2 2 2
left_child=1 2 4 5 18 9 11 16 12 28 -9 19 -8 14 -6 -13 -4 21 -1 -7 -12 22 25 -24 -15 -3 -23 -11 29 -2
right_child=3 17 7 -5 13 6 8 10 -10 27 20 15 -14 24 -16 -17 -18 -19 -20 -21 -22 26 23 -25 -26 -27 -28 -29 -30 -31
leaf_value=0.00026716444459244876 -0.0013921628868882152 0.0012970912957394663 0.0032551544807437388 -0.0027058386682545753 0.0044802885610669696 -0.00090545913288894036 -0.00090726764159929009 0.0065883692838039926 0.00228857831351459 -0.0017914465976064092 0.0050986917612644905 -0.0001750909470162061 -0.002753254164355221 0.0026962363140090651 0.001903528014369693 0.0016971903671188138 -0.00023145427142402954 -0.0025642739709001035 -0.0027178008760447088 0.00080891007776282573 0.0020762161790468803 0.0027530850617384366 -0.00015454602417181622 -0.0023482306951889769 0.00045374269183561075 -0.00041145602197987803 6.0776666472000725e-05 0 -0.0029733431942454759 -0.0024072006337842204
leaf_weight=55 117 54 26 142 46 150 249 65 24 23 31 72 80 22 166 129 20 23 22 64 36 21 66 39 98 35 20 105 72 72
leaf_count=55 117 54 26 142 46 150 249 65 24 23 31 72 80 22 166 129 20 23 22 64 36 21 66 39 98 35 20 105 72 72
internal_value=1.74853e-05 0.00155228 0.0023192 -0.000979021 0.00145573 -0.000762342 -0.000349685 0.00426726 -0.00110908 -0.00156637 0.00511888 0.000290163 -0.00137221 0.00193513 0.00249513 0.00101412 0.00170274 -0.000183222 -0.000571131 -0.000377419 0.00357321 4.69829e-05 -0.000260288 -0.00101211 0.000908545 0.000594751 0.00154391 -0.000347513 -0.00214906 -0.00180527
internal_weight=2144 845 587 1299 409 1157 768 178 353 389 132 415 329 332 212 201 46 258 77 214 67 235 194 105 120 89 41 128 261 189
internal_count=2144 845 587 1299 409 1157 768 178 353 389 132 415 329 332 212 201 46 258 77 214 67 235 194 105 120 89 41 128 261 189
is_linear=0
shrinkage=0.03


Tree=58
num_leaves=31
num_cat=0
split_feature=26 11 21 11 23 11 23 20 20 26 26 23 11 23 26 26 19 23 16 20 26 20 25 25 15 11 18 19 15 23
split_gain=3.43865 1.18686 0.824831 0.582372 0.672118 0.496054 0.407481 0.213821 0.261324 0.206527 0.284934 0.203622 0.200097 0.192966 0.18087 0.16548 0.156842 0.140806 0.131211 0.12345 0.112137 0.106644 0.0941041 0.0749656 0.0722822 0.0626558 0.055889 0.0527161 0.0346446 0.0263525
threshold=710.50000000000011 1.1120939677845445 13.684999942779543 0.80381826733462947 2808.5000000000005 1.072208896582669 2498.5000000000005 1.8450000000000004 2.8250000000000006 896.00000000000011 1067.5000000000002 2309.0000000000005 0.98749159745216486 1890.5000000000002 616.00000000000011 800.50000000000011 101.79499816894533 2726.0000000000005 73.986697325398396 2.4350000000000005 945.00000000000011 2.2850000000000006 11.15 2.8500000000000001 0.022754591088866603 1.223682937798511 1.0679995511661977 97.505001068115249 0.022880520489100154 2944.0000000000005
decision_type=2 2 2 2 2 2 2 2 2 2 2 2 2 2 2 2 2 2 2 2 2 2 2 2 2 2 2 2 2 2
left_child=1 2 14 -4 13 6 7 -2 19 15 20 -10 -6 -5 24 27 17 18 23 -9 -11 -12 25 -3 -1 -19 -24 -8 29 -7
right_child=5 16 3 4 12 28 9 8 11 10 21 -13 -14 -15 -16 -17 -18 22 -20 -21 -22 -23 26 -25 -26 -27 -28 -29 -30 -31
leaf_value=-0.0010242214167457339 0.0019527403074433094 0.0028090490638701753 0.0074946119524133591 0.0052361453462163214 0.0021951810884508803 -0.00070515172684099527 -0.001900045363869714 -0.00020266192580415266 0.0012126119070389905 -0.00065724626839626583 -0.00077500867535444814 -0.0017666749535128472 0.00040888082280229676 0.0030685409807103196 -0.0026398118005498596 -0.0027313966807302865 -0.0024905511365504933 -0.00054583211427324267 -0.00076871716824319697 -0.0013149917705605428 0.00072673325117866621 -0.0026062654516244509 0.0016586887680459766 0.00044070026015218059 0.0010235379657421548 -0.0024341283022341403 -0.00029814981289207933 -0.00037198470068979081 -0.00295312356447532 -0.002438759486656636
leaf_weight=20 39 32 22 58 120 23 37 195 127 149 54 23 116 178 22 128 23 88 22 179 79 82 23 25 51 21 24 59 102 23
leaf_count=20 39 32 22 58 120 23 37 195 127 149 54 23 116 178 22 128 23 88 22 179 79 82 23 25 51 21 24 59 102 23
internal_value=1.70509e-05 0.00150705 0.00225176 0.00273946 0.0024961 -0.000950298 -0.000735036 -0.00015159 -0.000317345 -0.00128738 -0.000828476 0.000727246 0.00133526 0.00363376 -0.000308514 -0.00201276 -0.000177884 4.53442e-05 0.00108095 -0.000745121 -0.00016353 -0.00191201 -0.000463536 0.00184753 0.000398824 -0.000955726 0.000611558 -0.00100537 -0.00258809 -0.00166923
internal_weight=2144 845 587 494 472 1299 1151 563 524 588 364 150 236 236 93 224 258 235 79 374 228 136 156 57 71 109 47 96 148 46
internal_count=2144 845 587 494 472 1299 1151 563 524 588 364 150 236 236 93 224 258 235 79 374 228 136 156 57 71 109 47 96 148 46
is_linear=0
shrinkage=0.03


Tree=59
num_leaves=31
num_cat=0
split_feature=26 11 22 11 23 23 24 14 26 20 20 20 22 26 26 26 22 15 11 22 17 26 20 26 22 23 23 9 9 14
split_gain=3.23949 1.1187 0.967292 0.467509 0.383977 0.376301 0.368923 0.246567 0.222487 0.207982 0.201534 0.245827 0.196343 0.1944 0.268513 0.155205 0.154617 0.134406 0.128437 0.143593 0.122857 0.116881 0.116051 0.105604 0.101177 0.0885954 0.0822616 0.0784783 0.0375923 0.0318285
threshold=710.50000000000011 1.1120939677845445 264.27000000000004 1.072208896582669 2498.5000000000005 2824.0000000000005 5.5500000000000007 0.044156517429734254 381.00000000000006 2.3250000000000006 1.8450000000000004 2.8250000000000006 251.11600000000001 896.00000000000011 1067.5000000000002 797.50000000000011 269.51850000000007 0.023081590821631554 1.2591994002940325 275.23000000000008 -0.005601589451233349 494.00000000000006 2.4350000000000005 945.00000000000011 237.38300000000004 3822.5000000000005 2096.0000000000005 1.081075726087749 0.97571116678251735 0.024341609331941402
decision_type=2 2 2 2 2 2 2 2 2 2 2 2 2 2 2 2 2 2 2 2 2 2 2 2 2 2 2 2 2 2
left_child=1 2 5 4 10 8 16 -8 -1 17 -2 22 -13 15 23 28 -4 -7 19 21 -9 25 -12 -15 -16 -3 -10 -20 -6 -5
right_child=3 18 6 29 13 9 7 20 26 -11 11 12 -14 14 24 -17 -18 -19 27 -21 -22 -23 -24 -25 -26 -27 -28 -29 -30 -31
leaf_value=0.0050615411395656656 0.0018956226483976932 0.00069976054949638005 0.0030700615260931142 -0.0016228526397496757 -6.9630923815757815e-05 -0.00080265930031237073 0.0062442898194051593 0.0048321744929999116 0.00010095488864251158 -0.0018285416377565034 -0.00019661308850021553 0.0015460590644647662 -0.00065723739054642221 -0.00063766033062245689 -0.00069658452981653113 -0.0025873552345061042 -0.00027451876231602261 0.0012394482340066907 -0.00031655784939519234 0.0018964272830103125 0.0019582157000408483 -0.0013590937291610647 -0.0012757611898472534 0.00070520377328139145 -0.0025006533436650455 -0.0013058644025004467 0.0023445770793149006 -0.0029200685499659314 -0.0014265319220290985 -0.0028654919398679551
leaf_weight=28 39 100 26 46 37 31 65 31 21 25 195 94 56 149 51 138 20 213 26 34 36 54 179 79 85 23 91 21 49 102
leaf_count=28 39 100 26 46 37 31 65 31 21 25 195 94 56 149 51 138 20 213 26 34 36 54 179 79 85 23 91 21 49 102
internal_value=1.61982e-05 0.00146244 0.00218547 -0.000922678 -0.000713595 0.00136517 0.00403538 0.00485118 0.00262913 0.000688943 -0.000147048 -0.000308114 0.000704722 -0.00124979 -0.000804141 -0.00195384 0.00157717 0.000965538 -0.000173084 0.000131886 0.00338358 -0.000198961 -0.000723128 -0.000158222 -0.00185605 0.000293025 0.00195506 -0.00157893 -0.000884742 -0.00251288
internal_weight=2144 845 587 1299 1151 409 178 132 140 269 563 524 150 588 364 224 46 244 258 211 67 177 374 228 136 123 112 47 86 148
internal_count=2144 845 587 1299 1151 409 178 132 140 269 563 524 150 588 364 224 46 244 258 211 67 177 374 228 136 123 112 47 86 148
is_linear=0
shrinkage=0.03


Tree=60
num_leaves=31
num_cat=0
split_feature=26 11 22 11 21 23 25 23 22 26 26 26 19 22 23 19 26 21 19 26 23 22 16 22 26 25 9 21 19 15
split_gain=3.05225 1.05513 0.91183 0.44028 0.379893 0.36014 0.326793 0.291839 0.226361 0.181432 0.266167 0.167146 0.146456 0.140847 0.138288 0.177313 0.138007 0.137761 0.178333 0.137738 0.127739 0.146972 0.119693 0.0937604 0.0910268 0.0695348 0.0609893 0.0568592 0.0510969 0.0311107
threshold=710.50000000000011 1.1120939677845445 264.27000000000004 1.074679471015987 13.320000171661379 2498.5000000000005 5.5500000000000007 3344.5000000000005 237.88900000000004 904.50000000000011 1067.5000000000002 1868.5000000000002 101.79499816894533 242.33150000000003 3610.5000000000005 96.255001068115249 570.00000000000011 41.524999618530281 94.93500137329103 797.50000000000011 2726.0000000000005 260.15800000000007 73.986697325398396 236.61750000000004 945.00000000000011 2.8500000000000001 1.0509379135343853 18.144999504089366 97.505001068115249 0.027100691307826053
decision_type=2 2 2 2 2 2 2 2 2 2 2 2 2 2 2 2 2 2 2 2 2 2 2 2 2 2 2 2 2 2
left_child=1 2 4 5 13 11 14 16 -9 19 24 17 20 29 15 -4 -6 18 -2 28 22 26 25 -12 -11 -3 -22 -23 -7 -1
right_child=3 12 6 -5 7 9 -8 8 -10 10 23 -13 -14 -15 -16 -17 -18 -19 -20 -21 21 27 -24 -25 -26 -27 -28 -29 -30 -31
leaf_value=-0.00051883354081655854 0.00064107093844692693 0.0026923674819990993 0.0040877545117434166 -0.0024753808682992846 0.0027311848940838484 -0.0018818050041794774 0.00064317812325639858 0.0029713424591140611 -0.00011831665274834164 -0.000582826634297486 -0.00040014949484458684 -0.0020453631212361727 -0.0024036492174200246 -0.0025224759092797402 0.0017534258854076529 0.0071001380026340481 0.00029331958189141006 0.0023709781143282137 -0.00052896561485497244 -0.0024546933065245106 0.0013126466559867061 -0.00011617208784446118 -0.0007289662723804055 -0.0022847493725883608 0.00067028764519124731 0.00040759427277729489 -0.00025176896258037438 -0.0020986173215990318 -0.00026455395263700005 0.00086281198402866726
leaf_weight=23 180 32 103 142 185 29 26 26 94 142 37 38 23 22 20 29 27 20 328 145 35 23 22 101 80 25 53 45 57 32
leaf_count=23 180 32 103 142 185 29 26 26 94 142 37 38 23 22 20 29 27 20 328 145 35 23 22 101 80 25 53 45 57 32
internal_value=1.55759e-05 0.00141944 0.00212164 -0.000895722 0.00132489 -0.000697288 0.00391798 0.00176636 0.00054534 -0.00121535 -0.000776457 -0.000149867 -0.000168622 -0.000538412 0.00445067 0.00482053 0.00243762 -4.16882e-06 -0.000108047 -0.0018801 4.6672e-05 -0.000437355 0.00103349 -0.00180755 -0.00011682 0.0017663 0.000344492 -0.00148296 -0.00085975 0.000232514
internal_weight=2144 845 587 1299 409 1157 178 332 120 591 360 566 258 77 152 132 212 528 508 231 235 156 79 138 222 57 88 68 86 55
internal_count=2144 845 587 1299 409 1157 178 332 120 591 360 566 258 77 152 132 212 528 508 231 235 156 79 138 222 57 88 68 86 55
is_linear=0
shrinkage=0.03


Tree=61
num_leaves=31
num_cat=0
split_feature=20 22 21 15 22 11 22 15 17 22 14 22 22 12 22 16 22 11 22 15 11 15 19 19 8 14 22 18 20 20
split_gain=1.7686 1.2618 0.39158 0.388039 0.60841 0.385342 0.345334 0.495288 0.342483 0.339406 0.190477 0.188092 0.226014 0.181453 0.174007 0.118643 0.118235 0.120209 0.117982 0.1119 0.0982112 0.0682408 0.0459327 0.0441925 0.0412802 0.027621 0.0405791 0.0258713 0.0161377 0.0153715
threshold=2.0350000000000006 277.73450000000008 15.210000038146974 0.045172007971304502 237.74700000000004 1.1057017984926445 264.27000000000004 0.024547682007073152 0.00084541510090820006 256.03400000000005 0.044156517429734254 237.88900000000004 243.75500000000002 0.96656874452075348 258.87850000000009 37.07706812481581 259.65650000000005 1.1850895156673369 255.26450000000003 0.027029316686300802 0.94351579454423862 0.022754591088866603 81.58499908447267 89.944999694824233 0.99744433298346891 0.064048490176251763 252.68050000000002 1.0195275475162526 1.7250000000000003 2.1550000000000007
decision_type=2 2 2 2 2 2 2 2 2 2 2 2 2 2 2 2 2 2 2 2 2 2 2 2 2 2 2 2 2 2
left_child=1 2 9 4 19 6 7 -4 -8 21 -3 -6 20 -12 -11 -5 27 -18 -14 22 -13 28 -2 -21 -23 26 -17 -7 -1 -25
right_child=3 10 5 15 11 16 8 -9 -10 14 13 12 18 -15 -16 25 17 -19 -20 23 -22 24 -24 29 -26 -27 -28 -29 -30 -31
leaf_value=-0.0011205197421368211 -0.0013034296683968021 0.0069307368488516667 -0.0013180603355867787 -0.00040766063397417644 0.0026619153371346847 0.0015626541276928035 0.0014027091562142594 0.001564349396037869 0.0053253590484651243 -0.0024995968010888933 0.0054501250886544589 6.0234565258724606e-05 -0.00012582994622918853 0.0018592774887740808 0.00033012322291731838 -0.0018279899849742648 0 -0.002053440913860686 0.0011149373194305932 -0.0016396685411325758 -0.0017742955128703824 0.0014361426997448092 -0.0024498442131643222 0.0004531820477998775 0.000240292975014346 -0.0017390618825500661 -0.0038414858380413572 0.00013428630466972078 0 -0.00060576314415782689
leaf_weight=20 63 23 63 27 20 29 49 308 38 72 24 31 535 37 24 24 79 39 78 26 102 57 145 22 61 32 45 27 20 24
leaf_count=20 63 23 63 27 20 29 49 308 38 72 24 31 535 37 24 24 79 39 78 26 102 57 145 22 61 32 45 27 20 24
internal_value=1.50367e-05 0.000963794 0.000624127 -0.000766459 -0.000570562 0.00102474 0.00148116 0.00106459 0.00319119 -0.000361013 0.00446169 -0.000128148 -0.000210428 0.00338558 -0.00176513 -0.00232722 -0.000161108 -0.000712887 2.87218e-05 -0.00176544 -0.00132705 0.000478988 -0.00212486 -0.000671122 0.000850373 -0.00280193 -0.00322012 0.000941046 -0.000537448 -3.66147e-05
internal_weight=2144 970 886 1174 1046 632 458 371 87 254 84 766 746 61 96 128 174 118 613 280 133 158 208 72 118 101 69 56 40 46
internal_count=2144 970 886 1174 1046 632 458 371 87 254 84 766 746 61 96 128 174 118 613 280 133 158 208 72 118 101 69 56 40 46
is_linear=0
shrinkage=0.03


Tree=62
num_leaves=31
num_cat=0
split_feature=26 11 11 15 15 26 26 26 25 26 26 21 15 19 19 11 13 19 17 15 19 13 0 26 8 21 21 14 17 24
split_gain=2.73437 0.810368 0.351043 0.321077 0.317429 0.326853 0.245695 0.545711 0.307494 0.243197 0.220611 0.347994 0.224117 0.189337 0.161357 0.139381 0.105848 0.103735 0.0991849 0.0918304 0.0856429 0.0768047 0.0719919 0.0622614 0.0550845 0.0462263 0.0327987 0.0283773 0.0240079 0.0175036
threshold=651.50000000000011 0.97599698512580446 1.1229131927844398 0.045370834318051258 0.04694130239084781 1868.5000000000002 945.00000000000011 794.50000000000011 3.0500000000000003 899.50000000000011 459.00000000000006 21.360000610351566 0.026843702573953104 99.694999694824233 95.564998626708999 0.86301311007762205 0.93113411668606416 91.284999847412124 -0.0023131174533462498 0.011898742528625052 97.255001068115249 1.1302133166180657 0.043763161707653209 607.00000000000011 1.0081012797670066 16.595000267028812 20.460000038146976 0.061835165814397706 -0.011772248247484449 4.7500000000000009
decision_type=2 2 2 2 2 2 2 2 2 2 2 2 2 2 2 2 2 2 2 2 2 2 2 2 2 2 2 2 2 2
left_child=1 3 10 17 5 6 7 13 14 -9 12 25 29 -2 -8 28 -5 -1 26 -10 -14 22 24 -13 -4 -12 -19 -17 -6 -3
right_child=4 2 21 16 15 -7 8 9 19 -11 11 23 20 -15 -16 27 -18 18 -20 -21 -22 -23 -24 -25 -26 -27 -28 -29 -30 -31
leaf_value=0.00046052920515233251 0.0011124261536351696 0.0028626145738363264 0.00052814977525943705 0.0064877408692613249 0 -0.0020475472408055351 0.00011249272866483333 -0.0020576370606040654 -0.00058770230937410484 -0.00057342707641278544 0 0.0010668975229242018 0.0011660777592436018 -0.00057549373521075973 -0.0014133876970567102 -0.0034506194925189694 0.003233066420174307 0.0010198069868589904 0.0038549904384194535 0.0010722692696508247 0.0033750813342630862 -0.0014303258604245325 0.0017576843365095553 0.0036028053257614371 -0.0006575391096964808 -0.0014610251148955689 0.0025149489790095353 -0.0017824986453301138 -0.0014222309462387451 0.0050561476666480306
leaf_weight=27 127 24 61 29 22 130 114 255 32 175 80 20 129 109 128 54 26 35 46 204 20 34 20 28 78 26 43 27 21 20
leaf_count=27 127 24 61 29 22 130 114 255 32 175 80 20 129 109 128 54 26 35 46 204 20 34 20 28 78 26 43 27 21 20
internal_value=1.46782e-05 0.00148154 0.000860132 0.00308394 -0.00076642 -0.000621012 -0.000454639 -0.000826975 5.85192e-05 -0.00146329 0.00143012 0.000551424 0.00210934 0.000321039 -0.000684734 -0.00221946 0.00508795 0.00230559 0.00267644 0.000833 0.00150311 -0.00015129 0.000110694 0.00265074 -0.000115716 -0.000387061 0.00190343 -0.00295968 -0.000721318 0.00401654
internal_weight=2144 746 540 206 1398 1274 1144 666 478 430 347 154 193 236 242 124 55 151 124 236 149 193 159 48 139 106 78 81 43 44
internal_count=2144 746 540 206 1398 1274 1144 666 478 430 347 154 193 236 242 124 55 151 124 236 149 193 159 48 139 106 78 81 43 44
is_linear=0
shrinkage=0.03


Tree=63
num_leaves=31
num_cat=0
split_feature=20 23 11 15 20 19 21 19 20 23 19 19 20 20 24 11 11 15 20 16 23 21 23 15 9 11 18 24 17 9
split_gain=1.57651 1.05528 0.731112 0.348497 0.303596 0.294849 0.255499 0.241089 0.191715 0.156762 0.149176 0.278548 0.172105 0.161171 0.138026 0.133967 0.133962 0.127782 0.120384 0.105807 0.104015 0.09787 0.0949518 0.0808698 0.0771213 0.0753015 0.0722861 0.0314408 0.0220495 0.0175438
threshold=2.0350000000000006 2619.5000000000005 0.78963338206406242 0.045172007971304502 0.76500000000000012 88.524997711181655 16.460000038146976 97.055000305175795 1.6250000000000002 3256.0000000000005 94.795001983642592 96.990001678466811 2.3250000000000006 2.7950000000000004 6.1500000000000012 0.92342728189773837 1.0137450515131021 0.04664677887103446 2.7650000000000001 37.07706812481581 1710.0000000000002 19.345000267028812 2309.0000000000005 0.021214814262870852 1.0331909246780293 1.0230239293693153 1.037770664250794 24.150000000000002 0.0015862660785796502 1.0509379135343853
decision_type=2 2 2 2 2 2 2 2 2 2 2 2 2 2 2 2 2 2 2 2 2 2 2 2 2 2 2 2 2 2
left_child=1 6 -3 5 9 20 22 14 17 28 13 18 -13 16 -6 -10 -7 26 -12 -5 -2 -9 -1 -24 -17 -15 -8 -21 -4 -11
right_child=3 2 4 19 7 10 8 21 15 29 11 12 -14 25 -16 24 -18 -19 -20 27 -22 -23 23 -25 -26 -27 -28 -29 -30 -31
leaf_value=0 1.6522751189768306e-05 0.0056900816591722615 0.0038962677335366604 -0.00038237812905572358 -0.00036277114767814051 0.00015189418984893046 0.0021336232173982694 -0.0015506960868658733 0.0020735939089208837 0.00088779581882824591 -0.001878639394003484 0.00064664484122065155 -0.00067064016783756374 0.00042094324527447728 0.00081093361599320177 0.0057661361602636485 -0.0015596296298685238 0.0038624030122180178 -0.00031122773884714619 -0.0029627436505009729 -0.0021294649924947732 0.00027502474756911394 7.4486211274883486e-06 0.0024361214900854972 0.0029931657908824631 0.0020512632999879618 0.00037775786101285899 -0.0012471322879533877 0.0018052282945510729 -0.00016086222907655276
leaf_weight=46 21 20 20 27 199 139 58 138 32 27 161 158 201 75 161 38 56 28 68 80 123 29 20 47 25 44 41 21 20 21
leaf_count=46 21 20 20 27 199 139 58 138 32 27 161 158 201 75 161 38 56 28 68 80 123 29 20 47 25 44 41 21 20 21
internal_value=1.46771e-05 0.000910505 0.000185634 -0.000723079 0 -0.000537242 0.00227094 -0.000275528 0.00286946 0.00161855 -0.000330899 -0.000613696 -8.23688e-05 0.000189412 0.000154618 0.00392844 -0.000329764 0.00202937 -0.00142963 -0.00220253 -0.00179786 -0.00121605 0.00105393 0.00176603 0.00477659 0.00106082 0.0014475 -0.00265117 0.00299345 0.000373864
internal_weight=2144 970 635 1174 615 1046 335 527 222 88 902 588 359 314 360 95 195 127 229 128 144 167 113 67 63 119 99 101 40 48
internal_count=2144 970 635 1174 615 1046 335 527 222 88 902 588 359 314 360 95 195 127 229 128 144 167 113 67 63 119 99 101 40 48
is_linear=0
shrinkage=0.03


Tree=64
num_leaves=31
num_cat=0
split_feature=26 11 22 23 21 24 21 23 22 11 10 23 22 26 19 19 26 22 26 19 23 22 24 21 19 26 26 15 8 21
split_gain=2.46295 0.859917 0.746732 0.368523 0.313069 0.297583 0.261004 0.248906 0.207193 0.172718 0.168648 0.153946 0.142788 0.165692 0.129832 0.126792 0.125926 0.124399 0.119511 0.157557 0.111862 0.132655 0.109932 0.10714 0.104809 0.0940099 0.0869046 0.077657 0.0540377 0.0513413
threshold=710.50000000000011 1.1120939677845445 264.27000000000004 2395.5000000000005 13.320000171661379 5.5500000000000007 19.989999771118168 3344.5000000000005 237.88900000000004 1.0159864656817383 1.0371786985380138 3610.5000000000005 243.75500000000002 1058.0000000000002 90.799999237060561 101.79499816894533 570.00000000000011 242.33150000000003 896.00000000000011 89.944999694824233 2726.0000000000005 260.15800000000007 0.75000000000000011 37.674999237060554 96.255001068115249 794.50000000000011 876.50000000000011 0.030984212198568804 1.009985033952036 18.144999504089366
decision_type=2 2 2 2 2 2 2 2 2 2 2 2 2 2 2 2 2 2 2 2 2 2 2 2 2 2 2 2 2 2
left_child=1 2 4 10 17 14 9 16 -9 18 12 24 22 23 -4 20 -6 -1 25 -20 27 28 -2 -14 -7 -5 -8 -3 -22 -23
right_child=3 15 5 6 7 11 26 8 -10 -11 -12 -13 13 -15 -16 -17 -18 -19 19 -21 21 29 -24 -25 -26 -27 -28 -29 -30 -31
leaf_value=0.00022071224018665295 -0.0018075105505505281 2.7332380636256521e-05 0.0030087085317142986 -0.00045595389466594765 0.0024885301269185279 0.0039771193546371897 -0.0038463329924638139 0.0027836716646302698 -0.00017362254049727008 -0.001845886804967517 -0.0012886973084597331 0.0015115234025953601 0 0.0028172764476874597 -3.7787414729022056e-05 -0.0022363090561411808 0.00016542257160680101 -0.0023664211889971856 -0.001661267946000564 8.7491846057873019e-05 0.0013554006725729952 -9.8456497769802801e-05 0 0.0021311811289102161 0.0065326435655355449 -0.0019007979119288743 -0.0018859447168651971 0.0019774515292421612 -0.00016004402013653418 -0.0019881342799989909
leaf_weight=55 56 43 21 80 185 83 37 26 94 160 107 20 291 22 25 23 27 22 57 218 30 23 68 22 29 100 81 36 58 45
leaf_count=55 56 43 21 80 185 83 37 26 94 160 107 20 291 22 25 23 27 22 57 218 30 23 68 22 29 100 81 36 58 45
internal_value=1.48542e-05 0.00127607 0.00191004 -0.000803613 0.00118804 0.00353636 -0.00124809 0.00158908 0.000460041 -0.000989113 -0.000221508 0.00426917 2.30098e-05 0.000351306 0.0013236 -0.000156546 0.00220891 -0.000500869 -0.000677863 -0.000268815 4.29069e-05 -0.000409187 -0.000835633 0.000160004 0.00471732 -0.00128129 -0.00255301 0.000967104 0.000332301 -0.00140315
internal_weight=2144 845 587 1299 409 178 733 332 120 615 566 132 459 335 46 258 212 77 455 275 235 156 124 313 112 180 118 79 88 68
internal_count=2144 845 587 1299 409 178 733 332 120 615 566 132 459 335 46 258 212 77 455 275 235 156 124 313 112 180 118 79 88 68
is_linear=0
shrinkage=0.03


Tree=65
num_leaves=31
num_cat=0
split_feature=26 23 16 26 23 15 21 20 25 16 16 10 20 26 22 26 23 24 19 16 22 22 22 22 26 23 20 26 15 20
split_gain=2.32067 0.638546 0.725757 0.463694 0.347438 0.278336 0.245876 0.242517 0.196158 0.179981 0.159369 0.158859 0.17767 0.25269 0.150317 0.146176 0.143938 0.129792 0.123867 0.117047 0.105986 0.163473 0.10013 0.0970345 0.0815134 0.0633333 0.0534083 0.0503192 0.0459595 0.041141
threshold=710.50000000000011 2619.5000000000005 41.092507246133927 663.50000000000011 2395.5000000000005 0.045370834318051258 19.989999771118168 2.3650000000000007 7.0500000000000007 52.99399046569696 42.376304415383842 1.0371786985380138 2.7950000000000004 838.50000000000011 265.78750000000008 1046.5000000000002 2134.0000000000005 10.15 92.990001678466811 60.388776888987842 237.69500000000002 252.37150000000003 259.65650000000005 255.26450000000003 876.50000000000011 3033.0000000000005 2.2250000000000005 751.50000000000011 0.035725487298503604 2.6150000000000007
decision_type=2 2 2 2 2 2 2 2 2 2 2 2 2 2 2 2 2 2 2 2 2 2 2 2 2 2 2 2 2 2
left_child=1 3 5 8 11 28 10 9 14 18 25 12 13 -2 17 27 -17 -1 -4 -16 -12 -22 -11 -15 -8 -6 -27 -14 -3 -13
right_child=4 2 7 -5 6 -7 24 -9 -10 22 20 29 15 23 19 16 -18 -19 -20 -21 21 -23 -24 -25 -26 26 -28 -29 -30 -31
leaf_value=0.0035913197732763366 0.0017024758921703321 0.0028784334792871956 -0.00028714978247880939 -0.00054710311205126351 0.00029886314671990046 0.006474143045289176 -0.0037339795906047683 -0.0020264683009725277 0.00049327199354452355 0.00045300484717416108 -0.0022664066551349544 -0.00057991220631187646 -0.0010560808227330978 -0.00088566426605758881 0.0052041789654435388 0.0038602131671458479 0.00034634438124561239 0.0015447246480784188 0.0015466819352633948 0.0023586869609176311 -0.00051589202352727323 -0.0019574999895270789 -0.00070206239803925112 0.0011050186633415843 -0.0018300563365096091 -0.0012621690526392066 1.9226391619833352e-05 0.00058036558432918107 0.00073688503243361726 -0.0018786322152909804
leaf_weight=59 44 31 39 39 93 20 37 38 30 149 86 55 20 252 53 24 22 72 147 27 212 113 121 22 81 68 43 75 20 52
leaf_count=59 44 31 39 39 93 20 37 38 30 149 86 55 20 252 53 24 22 72 147 27 212 113 121 22 81 68 43 75 20 52
internal_value=1.44244e-05 0.00123871 0.000648818 0.00241182 -0.000780009 0.00346585 -0.00121161 0.000231697 0.00290332 0.000430464 -0.000960013 -0.000214616 2.25111e-05 -0.000363781 0.00322789 0.000911277 0.00228662 0.00250942 0.00114665 0.00432184 -0.0013015 -0.0010308 -5.42468e-05 -0.000711482 -0.00247862 -0.000254393 -0.000743247 0.000197188 0.00212662 -0.00125039
internal_weight=2144 845 565 280 1299 71 733 494 241 456 615 566 459 318 211 141 46 131 186 80 411 325 270 274 118 204 111 95 51 107
internal_count=2144 845 565 280 1299 71 733 494 241 456 615 566 459 318 211 141 46 131 186 80 411 325 270 274 118 204 111 95 51 107
is_linear=0
shrinkage=0.03


Tree=66
num_leaves=31
num_cat=0
split_feature=26 11 23 11 11 11 23 20 23 26 26 26 20 20 23 20 22 24 22 26 21 20 11 25 26 16 20 19 26 10
split_gain=2.18715 0.782303 0.720964 0.365429 0.339833 0.332523 0.276625 0.239134 0.180999 0.170319 0.145125 0.193998 0.144247 0.191228 0.155095 0.140992 0.134985 0.129067 0.122009 0.10484 0.101641 0.0993469 0.0948805 0.0905284 0.0840328 0.072024 0.0712806 0.0372795 0.0343578 0.0244849
threshold=710.50000000000011 0.97299183755563501 2726.0000000000005 1.1717677083826843 1.072208896582669 0.80381826733462947 2498.5000000000005 1.5550000000000004 3426.0000000000005 467.50000000000006 896.00000000000011 1067.5000000000002 1.8450000000000004 2.8250000000000006 2309.0000000000005 2.3650000000000007 255.54900000000001 6.7500000000000009 260.15800000000007 800.50000000000011 18.144999504089366 2.4350000000000005 1.0914124620127714 0.8500000000000002 945.00000000000011 72.682705440019021 2.2850000000000006 97.505001068115249 547.00000000000011 1.0841877427568023
decision_type=2 2 2 2 2 2 2 2 2 2 2 2 2 2 2 2 2 2 2 2 2 2 2 2 2 2 2 2 2 2
left_child=1 5 3 7 6 -1 12 9 16 -3 19 24 -2 21 -15 18 -7 -9 20 27 -4 -14 -20 -18 -12 -5 -13 -8 -10 -6
right_child=4 2 15 25 29 8 10 17 28 -11 11 26 13 14 -16 -17 23 -19 22 -21 -22 -23 -24 -25 -26 -27 -28 -29 -30 -31
leaf_value=0.0062723690023564777 0.0016308933798107317 0.0021948622753353497 -0.00015195319913151469 0.00058454597105587558 -0.0015625321289046189 0.0016191191847379108 -0.0015830059690940144 0.0018880971863611856 0.00014069587376809887 -0.00048745749774388968 -0.00052598116043489423 -0.00059849805265072388 -0.00011354366871195713 0.0010838297964483132 -0.0015105285603640366 -0.0019592506975750438 0.0025365486666560173 0.0042127888062192748 0.00015488307919921511 -0.0022176862392401281 0.0011468013939687379 -0.0011109410944588794 -0.001426829724588546 0.0050211133782898914 0.00067317290882638187 -0.0015997904906019001 -0.0021104657159808251 -0.00028726163336541505 0.0015871652292255682 -0.0025825477382658345
leaf_weight=22 39 56 108 30 73 48 37 43 30 31 149 54 195 127 23 35 38 71 58 128 101 179 72 37 79 22 82 59 43 75
leaf_count=22 39 56 108 30 73 48 37 43 30 31 149 54 195 127 23 35 38 71 58 128 101 179 72 37 79 22 82 59 43 75
internal_value=1.42667e-05 0.00120285 0.000656192 0.00189067 -0.000756933 0.00275126 -0.000578222 0.00246983 0.00231097 0.00121032 -0.00103328 -0.00064693 -9.66502e-05 -0.000233803 0.000658792 -0.000173714 0.00302471 0.00338606 7.03052e-06 -0.0016421 0.000463861 -0.000600597 -0.000702446 0.00385168 -9.62591e-05 -0.000295741 -0.00154077 -0.000828762 0.0010432 -0.00211343
internal_weight=2144 845 627 253 1299 218 1151 201 196 87 588 364 563 524 150 374 123 114 339 224 209 374 130 75 228 52 136 96 73 148
internal_count=2144 845 627 253 1299 218 1151 201 196 87 588 364 563 524 150 374 123 114 339 224 209 374 130 75 228 52 136 96 73 148
is_linear=0
shrinkage=0.03


Tree=67
num_leaves=31
num_cat=0
split_feature=26 11 19 15 15 22 22 22 26 19 26 24 26 18 24 15 21 26 15 11 11 5 24 19 22 11 18 22 10 21
split_gain=2.06353 0.654385 0.273386 0.26168 0.259186 0.287392 0.235887 0.261945 0.254435 0.202346 0.341353 0.197455 0.173647 0.171498 0.161605 0.157024 0.14108 0.15773 0.123003 0.111681 0.111404 0.102562 0.0921608 0.0792447 0.0755534 0.075358 0.0461091 0.038762 0.0308428 0.0292885
threshold=651.50000000000011 0.97599698512580446 91.710002899169936 0.045370834318051258 0.04694130239084781 243.75500000000002 279.88200000000006 259.65650000000005 488.50000000000006 95.415000915527358 795.50000000000011 5.7500000000000009 946.50000000000011 0.78732683267283032 3.9500000000000006 0.027257107456198054 15.055000305175783 735.00000000000011 0.013084497551695851 0.86301311007762205 0.99192627468584116 -0.0019071984866660997 17.350000000000005 91.284999847412124 255.54900000000001 1.1850895156673369 1.077511462454507 240.38350000000003 0.86103338808487917 16.085000038146976
decision_type=2 2 2 2 2 2 2 2 2 2 2 2 2 2 2 2 2 2 2 2 2 2 2 2 2 2 2 2 2 2
left_child=1 3 15 23 5 11 7 8 -4 12 13 29 22 -11 -12 26 20 -18 -14 28 -13 -5 -7 -1 27 -9 -3 -25 -6 -2
right_child=4 2 6 21 19 9 -8 25 -10 10 14 16 18 -15 -16 -17 17 -19 -20 -21 -22 -23 -24 24 -26 -27 -28 -29 -30 -31
leaf_value=0.00039374135089123487 -0.0014622146918363008 0.0044952384514304307 0.0014494196637533606 0.0060547124279869934 0.00010434554869841252 -0.0010460360963318318 0.0027628647478607792 -0.00033098056700748749 -0.00049008440704783425 0.0025964486062188038 -0.00036848220627756887 -0.00032059582409520561 -8.0705790359172078e-05 7.3890479215990429e-05 -0.0016610148394606671 0.00080802230886183664 0.0023274930530740394 -0.00031729048524655146 0.0014982296295338669 -0.0026414171879509149 -0.0022724932446418437 0.0029253803487867113 0.00067900578102562579 0.002043172329494899 0.0031792081637424417 -0.0018979061750695107 0.0019725192618955459 0.00029921340783450591 -0.0013674241299740967 -0.0023687129555019872
leaf_weight=27 172 25 177 26 20 82 35 114 89 32 177 64 62 102 187 41 25 87 129 81 50 29 39 43 59 39 20 22 23 66
leaf_count=27 172 25 177 26 20 82 35 114 89 32 177 64 62 102 187 41 25 87 129 81 50 29 39 43 59 39 20 22 23 66
internal_value=1.39075e-05 0.00128836 0.000729407 0.00272849 -0.000664457 -0.000532825 0.000424996 0.000216453 0.000789847 -0.000186859 -0.000564263 -0.00112862 0.000405829 0.000713285 -0.00104345 0.00227858 -0.000471994 0.000261887 0.00097232 -0.00197779 -0.00121509 0.00453998 -0.000464432 0.00202341 0.00234827 -0.000759604 0.0035065 0.00151184 -0.000627885 -0.00173501
internal_weight=2144 746 540 206 1398 1274 454 419 266 810 498 464 312 134 364 86 226 112 191 124 114 55 121 151 124 153 45 65 43 238
internal_count=2144 746 540 206 1398 1274 454 419 266 810 498 464 312 134 364 86 226 112 191 124 114 55 121 151 124 153 45 65 43 238
is_linear=0
shrinkage=0.03


Tree=68
num_leaves=31
num_cat=0
split_feature=26 16 19 15 15 26 19 26 26 25 26 19 10 19 17 20 25 16 20 20 15 15 5 16 25 14 18 14 13 18
split_gain=1.94608 0.525665 0.396516 0.338169 0.243971 0.24226 0.194148 0.192253 0.406293 0.258317 0.18486 0.144286 0.135001 0.124116 0.122671 0.0959893 0.0889741 0.0882486 0.0845795 0.140988 0.0928825 0.0809457 0.064853 0.0574059 0.042398 0.0342949 0.0314975 0.0301563 0.029017 0.0232966
threshold=651.50000000000011 52.892715414549848 91.710002899169936 0.045370834318051258 0.04694130239084781 1868.5000000000002 95.344997406005874 945.00000000000011 794.50000000000011 3.0500000000000003 899.50000000000011 99.694999694824233 0.97587757211602444 95.975002288818374 0.00036905454722510009 1.4850000000000001 0.15000000000000005 39.284791012132978 0.69500000000000006 1.5650000000000002 0.030510160441151703 0.011898742528625052 -1.0000000180025095e-35 41.734881966333568 11.950000000000001 0.03927398169343476 1.077511462454507 0.056885790925332809 1.0950071790318689 1.1017224506222518
decision_type=2 2 2 2 2 2 2 2 2 2 2 2 2 2 2 2 2 2 2 2 2 2 2 2 2 2 2 2 2 2
left_child=1 3 16 14 5 7 -5 8 11 13 -10 -2 22 -9 23 -16 -3 -6 28 24 -21 -11 -8 29 -20 -25 -18 -19 -4 -1
right_child=4 2 18 6 17 -7 12 9 10 21 -12 -13 -14 -15 15 -17 26 27 19 20 -22 -23 -24 25 -26 -27 -28 -29 -30 -31
leaf_value=0.0022072161681565418 0.00097791853262970112 0.00088152732908985433 0.0018741662982437344 0.00092224120458021114 -0.00058733606140594938 -0.0017458336480008082 0.0065103185423489281 6.1772566567721562e-05 -0.0017708167078940278 -0.00053994282644072723 -0.00047394177841816925 -0.00049411300618878821 0.0022813257666615145 -0.0012715685234217702 0.0011660515959162942 0.0036114056708291173 0.0043053394772578028 -0.0031007843045112882 -0.0011895495852869251 -0.00027854740097354265 0.0012373549423504594 0.0010148748070352269 0.0033973880678947479 0.00084520831946848006 0 -0.00041595186120165249 0.0020397151205688714 -0.0016281283389918307 0.00016505617362314035 0.00075154256296344096
leaf_weight=45 127 25 26 22 38 130 28 120 255 32 175 109 26 122 32 39 23 45 96 66 73 204 20 98 42 20 21 41 20 24
leaf_count=45 127 25 26 22 38 130 28 120 255 32 175 109 26 122 32 39 23 45 96 66 73 204 20 98 42 20 21 41 20 24
internal_value=1.38124e-05 0.00125151 0.000482762 0.00209056 -0.000644923 -0.000517116 0.00362837 -0.000373466 -0.000703031 7.9964e-05 -0.0012523 0.000286165 0.00436987 -0.000600529 0.00149497 0.00258244 0.00253031 -0.00191939 2.9642e-05 -0.000159945 0.000499297 0.000790005 0.00537029 0.00105458 -0.000844362 0.000604543 0.00336004 -0.00245997 0.00121423 0.00176172
internal_weight=2144 746 392 354 1398 1274 96 1144 666 478 430 236 74 242 258 71 69 124 323 277 139 236 48 187 138 118 44 86 46 69
internal_count=2144 746 392 354 1398 1274 96 1144 666 478 430 236 74 242 258 71 69 124 323 277 139 236 48 187 138 118 44 86 46 69
is_linear=0
shrinkage=0.03


Tree=69
num_leaves=31
num_cat=0
split_feature=26 23 11 23 11 23 15 11 17 22 15 11 22 22 22 25 22 26 14 15 26 14 15 11 9 23 18 14 11 21
split_gain=1.83703 0.653497 0.584676 0.304398 0.252586 0.250572 0.169225 0.175865 0.128914 0.158217 0.184453 0.196217 0.125717 0.150506 0.107475 0.0913631 0.0865329 0.0862825 0.0829075 0.0586445 0.110921 0.0565299 0.0540631 0.0491949 0.0450341 0.0427355 0.0407675 0.0400404 0.0334119 0.0331031
threshold=651.50000000000011 2424.5000000000005 0.84519872829218545 2395.5000000000005 1.0859278580852216 3365.5000000000005 0.048197243814665405 0.90846351160332639 0.0037849093391765006 249.19400000000005 0.039798273462835952 1.0222288150494174 237.74700000000004 252.57750000000001 240.86050000000003 7.5500000000000007 264.27000000000004 542.50000000000011 0.021817028171752902 0.039798273462835952 858.00000000000011 0.043190491140569859 0.033729491090147758 1.0366568585038669 0.93145338608801131 2726.0000000000005 0.83662056237692006 0.016866900019245502 0.98421553065110701 21.085000038146976
decision_type=2 2 2 2 2 2 2 2 2 2 2 2 2 2 2 2 2 2 2 2 2 2 2 2 2 2 2 2 2 2
left_child=1 16 -3 8 5 18 7 24 9 15 11 -11 22 -14 -6 28 21 -7 -4 20 29 -1 -9 -18 -5 -16 -26 -22 -2 -10
right_child=3 2 4 6 14 17 -8 12 19 10 -12 -13 13 -15 25 -17 23 -19 -20 -21 27 -23 -24 -25 26 -27 -28 -29 -30 -31
leaf_value=0.00038362863665679473 0.00040998898050135103 0.0044986981507390746 0.00053532651578413549 0.0013789540428922255 0.0009580325078697771 -0.00063844001901373763 -0.0026089835193505964 -0.0021228179543316367 0.00097589576742952537 0.0004872542935337218 -0.00075345228046717232 0.002657510212626976 -0.00045010628344247205 -0.001634068249773574 0.00020547762092513341 -0.001655707886869002 0.0046260785500751812 0.0009052571740946311 0.0020702233732478748 -0.0022907067404261657 -0.00043487045848742128 0.0027021947917362141 -0.00028311148880642243 0.002789623428572668 0.00090848762492649253 -0.000813412653683546 -0.00047479766780069387 -0.0016249901314925712 -0.00067753826074864857 -0.00036549989800550977
leaf_weight=20 56 35 48 21 53 73 57 124 40 148 63 52 314 147 44 48 39 57 155 20 59 27 21 55 24 140 75 62 44 23
leaf_count=20 56 35 48 21 53 73 57 124 40 148 63 52 314 147 44 48 39 57 155 20 59 27 21 55 24 140 75 62 44 23
internal_value=1.38704e-05 0.00121642 0.000778364 -0.000626102 0.00053719 0.0010702 -0.00101857 -0.000886165 -0.000120703 0.000179559 0.000625864 0.00107686 -0.00109424 -0.000836852 -0.000200466 -0.000592279 0.0030562 1.72546e-05 0.0017264 -0.000738204 -0.000541767 0.00180662 -0.00188069 0.00362381 0.000140203 -0.000553755 -0.000103724 -0.0010776 -4.07906e-05 0.000441246
internal_weight=2144 746 605 1398 570 333 783 726 615 411 263 200 606 461 237 148 141 130 203 204 184 47 145 94 120 184 99 121 100 63
internal_count=2144 746 605 1398 570 333 783 726 615 411 263 200 606 461 237 148 141 130 203 204 184 47 145 94 120 184 99 121 100 63
is_linear=0
shrinkage=0.03


Tree=70
num_leaves=31
num_cat=0
split_feature=26 11 19 26 26 11 11 15 22 22 26 21 24 24 26 25 24 22 15 16 19 15 8 11 19 21 26 25 21 9
split_gain=1.73532 0.636248 0.336506 0.35012 0.373226 0.291441 0.284078 0.248167 0.21636 0.250949 0.190252 0.187276 0.169228 0.149752 0.129169 0.117042 0.0862512 0.146193 0.0809594 0.0740521 0.0721614 0.0590827 0.0470115 0.0440128 0.0395457 0.0361863 0.0286921 0.0248816 0.0241614 0.0234666
threshold=710.50000000000011 0.97299183755563501 99.875000000000014 607.00000000000011 467.50000000000006 1.0554295446140827 0.80381826733462947 0.024776849598247604 243.12750000000003 251.43850000000003 1046.5000000000002 41.524999618530281 9.3500000000000032 2.5500000000000003 616.00000000000011 12.450000000000001 10.15 255.54900000000001 0.027853638471342406 60.388776888987842 92.884998321533217 0.022880520489100154 1.01345375629517 1.1850895156673369 93.555000305175795 16.085000038146976 647.50000000000011 7.9500000000000011 12.914999961853029 0.97950064268093451
decision_type=2 2 2 2 2 2 2 2 2 2 2 2 2 2 2 2 2 2 2 2 2 2 2 2 2 2 2 2 2 2
left_child=1 6 3 4 7 8 -1 -3 12 10 18 13 25 -11 -4 -12 17 -8 -10 26 -18 28 -22 -6 -14 -2 -5 -23 -7 -26
right_child=5 2 14 19 23 21 16 -9 9 11 15 -13 24 -15 -16 -17 20 -19 -20 -21 22 27 -24 -25 29 -27 -28 -29 -30 -31
leaf_value=0.0057249856737401827 -0.0012310819568534419 0.002936073699332695 0.00058694321499206119 0.0022862470669206231 -0.00033073551018522786 -0.00010752104491823248 0.0011379135875031351 0.00073396652040728764 -0.00012568892756421 -9.5549351653792487e-05 0.0038359347581863397 0.0020043671189009077 -0.00087809281011339566 -0.0013797687167496524 -0.0019575141454233895 0.00044158408298556294 0.00029135288955428856 0.0039812364178174672 0.001004651754210401 0.0011843562563136221 0.0014185681590344757 -0.0018507173788225788 0.0033149127335372294 -0.0016743483740579463 0.00082768582201429776 -0.0021536372220143677 0.0044752987477183334 -0.0032886201674118634 -0.0013732723515713586 -0.00015211907659890131
leaf_weight=22 180 58 23 23 139 26 32 250 236 141 21 20 43 213 58 20 38 46 73 24 59 98 21 28 34 71 24 23 51 49
leaf_count=22 180 58 23 23 139 26 32 250 236 141 21 20 43 213 58 20 38 46 73 24 59 98 21 28 34 71 24 23 51 49
internal_value=1.35895e-05 0.00107246 0.0005789 0.000850011 0.000545367 -0.000673191 0.00246917 0.00116652 -0.000477938 -0.000169003 0.000402336 -0.000711325 -0.00106127 -0.000878418 -0.00120008 0.00230152 0.00206129 0.00288189 0.000134051 0.00281057 0.00147399 -0.00173599 0.00198817 -0.000582494 -0.000136008 -0.00151146 0.00353651 -0.00217334 -0.000991195 0.000218608
internal_weight=2144 845 627 546 475 1299 218 308 1101 724 350 374 377 354 81 41 196 78 309 71 118 198 80 167 126 251 47 121 77 83
internal_count=2144 845 627 546 475 1299 218 308 1101 724 350 374 377 354 81 41 196 78 309 71 118 198 80 167 126 251 47 121 77 83
is_linear=0
shrinkage=0.03


Tree=71
num_leaves=31
num_cat=0
split_feature=26 11 23 11 11 11 23 20 23 26 21 24 20 20 20 22 22 22 20 25 26 22 26 16 15 23 20 23 21 16
split_gain=1.63693 0.600773 0.591169 0.289218 0.275149 0.267431 0.217916 0.191284 0.147849 0.139573 0.128722 0.121485 0.115619 0.145168 0.115585 0.157966 0.111437 0.104318 0.101169 0.0794494 0.0743773 0.120665 0.0645025 0.0629784 0.0552681 0.0585104 0.0538514 0.0442042 0.039517 0.0371441
threshold=710.50000000000011 0.97299183755563501 2726.0000000000005 1.1717677083826843 1.0554295446140827 0.80381826733462947 2498.5000000000005 1.5550000000000004 3426.0000000000005 467.50000000000006 16.045000076293949 6.7500000000000009 1.8450000000000004 2.8250000000000006 0.69500000000000006 240.38350000000003 255.54900000000001 251.11600000000001 2.5450000000000004 0.8500000000000002 915.50000000000011 244.21800000000005 616.00000000000011 72.682705440019021 0.022880520489100154 2984.0000000000005 2.0750000000000006 2742.0000000000005 17.224999427795414 35.022060574898141
decision_type=2 2 2 2 2 2 2 2 2 2 2 2 2 2 2 2 2 2 2 2 2 2 2 2 2 2 2 2 2 2
left_child=1 5 3 7 6 -1 12 9 16 -3 20 -9 -2 18 -4 28 -7 -15 -14 -18 29 -22 -17 -5 25 -6 27 -12 -16 -8
right_child=4 2 14 23 24 8 10 11 -10 -11 26 -13 13 17 15 22 19 -19 -20 -21 21 -23 -24 -25 -26 -27 -28 -29 -30 -31
leaf_value=0.0055607033835966954 0.0015193577106809241 0.0019571317616408983 0.0011097517461480142 0.00055980191473668859 -0.00023585781056703571 0.0013673760045096468 2.5038192115191892e-05 0.0015784302739722822 0.0008547497010928251 -0.00046586815116461368 0.00013053580384701489 0.0038118093307906143 -0.00012080947503379386 0.0013027700786559103 6.7001015259884289e-05 -0.00058754082263403349 0.0021744418615081275 -0.0003347761674699458 -0.0012167600293724759 0.0044868460887748946 -0.0010566020266377625 0.00037237277892520921 -0.0020997869458515197 -0.001482147744613821 -0.0021101446309881701 -0.0020190408011898395 -0.0019699925861683108 -0.0013190030497409258 0.0014496633387946832 -0.001219616359456584
leaf_weight=22 39 56 51 30 48 48 20 43 73 31 24 71 245 86 49 208 38 54 114 37 85 135 31 22 121 29 111 51 35 137
leaf_count=22 39 56 51 30 48 48 20 43 73 31 24 71 245 86 49 208 38 54 114 37 85 135 31 22 121 29 111 51 35 137
internal_value=1.35397e-05 0.00104199 0.000562214 0.00168037 -0.000653446 0.00239933 -0.000463624 0.00219579 0.00200282 0.00106419 -0.000875834 0.00301653 -2.587e-05 -0.000155436 -0.000188651 -0.000405714 0.00264762 0.000651974 -0.000479574 0.00339873 -0.000542345 -0.000168439 -0.000804122 -0.000259161 -0.00168626 -0.000963183 -0.00152922 -0.000820063 0.000688682 -0.00104292
internal_weight=2144 845 627 253 1299 218 1101 201 196 87 563 114 538 499 374 323 123 140 359 75 377 220 239 52 198 77 186 75 84 157
internal_count=2144 845 627 253 1299 218 1101 201 196 87 563 114 538 499 374 323 123 140 359 75 377 220 239 52 198 77 186 75 84 157
is_linear=0
shrinkage=0.03


Tree=72
num_leaves=31
num_cat=0
split_feature=26 22 26 15 22 15 22 24 22 26 26 24 25 18 21 20 26 15 13 26 26 16 20 15 15 26 16 21 19 17
split_gain=1.54393 0.497763 0.33465 0.285247 0.230873 0.200361 0.226263 0.169477 0.165235 0.21649 0.174539 0.168838 0.15827 0.152916 0.133314 0.120148 0.170353 0.116837 0.112828 0.0909407 0.0878928 0.0803166 0.0722099 0.0704143 0.0676402 0.0660748 0.0430174 0.0317849 0.0231315 0.0223449
threshold=651.50000000000011 277.73450000000008 467.50000000000006 0.025781519126149954 259.28300000000007 0.04694130239084781 243.75500000000002 3.3000000000000003 251.43850000000003 795.50000000000011 953.00000000000011 3.9500000000000006 4.0500000000000007 0.78732683267283032 23.940000534057621 2.3150000000000004 735.00000000000011 0.013084497551695851 0.94642296802512293 455.50000000000006 347.00000000000006 35.758213476385883 2.3250000000000006 0.028160354929086601 0.050012631239588705 502.50000000000006 45.81593749183115 16.244999885559086 105.48499679565431 -0.0019648382204016496
decision_type=2 2 2 2 2 2 2 2 2 2 2 2 2 2 2 2 2 2 2 2 2 2 2 2 2 2 2 2 2 2
left_child=1 2 3 19 14 6 12 25 10 13 23 -11 15 -10 -5 16 -2 -12 -3 -1 -6 -7 -9 -8 -20 29 -17 -27 -23 -4
right_child=5 18 7 4 20 21 8 22 9 11 17 -13 -14 -15 -16 26 -18 -19 24 -21 -22 28 -24 -25 -26 27 -28 -29 -30 -31
leaf_value=0.003563236375609713 0.002201409692801535 0.0049081668954808269 0.00067722969465261408 0.00090334001982269143 -0.00046709953280469078 0 -0.00049306635432203321 0.0011314512352736737 0.0024499329634909998 -0.00022389231683526113 -4.7915180730187581e-05 -0.0016412915227621045 -0.0016271315675077667 -6.7118008360207725e-05 0.0027146870262998468 -0.00051945297611106567 -0.00044074478020126527 0.0017289518567231426 0.003709405141798594 0.0011062444617692382 0.00099464697232469891 -0.0017066358095205322 -0.00066584281230588319 0.00062795901006628644 0.0012819765057946954 -0.00044406913110287861 -0.0022608007539260703 -0.001978551961085759 -0.0031473668271108811 -0.00044513507352723762
leaf_weight=61 24 29 22 92 94 21 182 103 28 153 46 161 200 78 71 28 174 95 21 24 59 81 22 67 34 27 38 39 22 48
leaf_count=61 24 29 22 92 94 21 182 103 28 153 46 161 200 78 71 28 174 95 21 24 59 81 22 67 34 27 38 39 22 48
internal_value=1.33865e-05 0.00111595 0.000830912 0.001374 0.000939345 -0.000573196 -0.000457105 0 -0.000149723 -0.000564425 0.000289508 -0.000963075 -0.000985772 0.000586409 0.00172237 -0.000484266 -9.59552e-05 0.00113188 0.00329084 0.00292531 7.98985e-05 -0.00172874 0.000788544 -0.00017812 0.00231207 -0.000735849 -0.0015856 -0.00141158 -0.00207052 -4.55681e-05
internal_weight=2144 746 662 401 316 1398 1274 261 810 420 390 314 464 106 163 264 198 141 84 85 153 124 125 249 55 136 66 66 103 70
internal_count=2144 746 662 401 316 1398 1274 261 810 420 390 314 464 106 163 264 198 141 84 85 153 124 125 249 55 136 66 66 103 70
is_linear=0
shrinkage=0.03


Tree=73
num_leaves=31
num_cat=0
split_feature=26 23 11 16 11 11 23 20 26 26 26 22 26 12 26 23 23 26 26 22 23 23 22 26 17 17 21 24 18 8
split_gain=1.45724 0.686353 0.630825 0.233852 0.199652 0.18898 0.184477 0.176028 0.178507 0.194241 0.193303 0.149812 0.142183 0.12368 0.109587 0.132534 0.108265 0.168244 0.105899 0.0720385 0.0709694 0.0697746 0.0654964 0.0570367 0.0496482 0.0453954 0.0405486 0.0373667 0.0304357 0.0298585
threshold=663.50000000000011 2808.5000000000005 0.84962769288549633 57.989981599612733 0.97707506252588983 1.0554295446140827 2096.0000000000005 2.8250000000000006 794.50000000000011 896.00000000000011 1021.5000000000001 265.78750000000008 696.50000000000011 0.9451518895475951 494.00000000000006 3718.0000000000005 2091.5000000000005 1046.5000000000002 381.00000000000006 256.23300000000006 3662.5000000000005 3460.5000000000005 269.51850000000007 1065.0000000000002 0.00018252238626505004 -0.0050852542024182991 16.085000038146976 8.6500000000000004 0.9449510379449011 1.0075295858641027
decision_type=2 2 2 2 2 2 2 2 2 2 2 2 2 2 2 2 2 2 2 2 2 2 2 2 2 2 2 2 2 2
left_child=1 3 -3 11 20 7 -5 8 13 26 -11 18 -7 -2 15 -6 17 -9 -1 23 -4 -16 -8 -14 -21 -20 -10 -15 -18 -30
right_child=5 2 4 6 14 12 22 16 9 10 -12 -13 19 27 21 -17 28 -19 25 24 -22 -23 -24 -25 -26 -27 -28 -29 29 -31
leaf_value=0.0039727298876206414 0.0024108903024514963 0.0047002154993824666 0.0016733228304104781 0.0031980546780913653 0.00066552906728957961 0.00061599554158913502 0.0011855451876933616 0.00035250528769614965 -0.0012259625236390073 3.4736023261473843e-05 -0.0010244360810871876 0.0043079928683171812 -0.00067667017904750532 -0.0011738291009927967 -0.0015120225576425179 -0.0011740622205382331 -0.00085032592810312048 0.0034667582735216809 0.00075550575273253056 -0.0012053946270274795 0 -0.00017714081597011033 -0.00043848406772493666 -0.0019982896103361127 -0.0031828336410406159 0.0022096861751191316 -0.0023083480470126772 0.00019151181328106758 0.00094938401608831357 -0.00047940818402592261
leaf_weight=28 21 27 75 26 135 27 40 58 128 310 299 50 95 20 80 46 39 22 38 27 34 73 45 52 40 74 60 127 26 22
leaf_count=28 21 27 75 26 135 27 40 58 128 310 299 50 95 20 80 46 39 22 38 27 34 73 45 52 40 74 60 127 26 22
internal_value=1.30138e-05 0.00105731 0.000331948 0.00217514 4.89671e-05 -0.000571561 0.00102486 -0.000404639 -0.000561681 -0.000749983 -0.000481193 0.00282255 -0.0013383 0.000313034 -0.000308213 0.000177643 0.0004829 0.00127819 0.00224397 -0.00160054 0.00116357 -0.000899885 0.00029578 -0.0011748 -0.00245952 0.0017539 -0.00159766 0 -0.000220523 0.000236877
internal_weight=2144 771 470 301 443 1373 111 1132 965 797 609 190 241 168 334 181 167 80 140 214 109 153 85 147 67 112 188 147 87 48
internal_count=2144 771 470 301 443 1373 111 1132 965 797 609 190 241 168 334 181 167 80 140 214 109 153 85 147 67 112 188 147 87 48
is_linear=0
shrinkage=0.03


Tree=74
num_leaves=31
num_cat=0
split_feature=26 23 11 16 11 23 23 22 22 22 9 22 9 11 20 26 19 20 26 26 20 22 26 23 26 22 21 26 26 13
split_gain=1.37375 0.647458 0.594911 0.220163 0.188162 0.179282 0.173932 0.146441 0.155313 0.14034 0.136103 0.12123 0.118943 0.117222 0.10515 0.0994597 0.0944183 0.0940946 0.181408 0.126145 0.102054 0.091954 0.0859558 0.0667685 0.0641157 0.061772 0.0572937 0.0830938 0.042709 0.0418523
threshold=663.50000000000011 2808.5000000000005 0.84962769288549633 57.989981599612733 0.97707506252588983 2395.5000000000005 2096.0000000000005 252.37150000000003 237.74700000000004 265.78750000000008 0.9582727742820174 237.88900000000004 1.0405669277109191 0.96621140475293166 0.69500000000000006 381.00000000000006 97.375000000000014 2.7650000000000001 838.50000000000011 1058.0000000000002 2.4450000000000007 240.38350000000003 945.00000000000011 3662.5000000000005 805.50000000000011 269.51850000000007 23.940000534057621 858.00000000000011 405.00000000000006 0.96395113960842449
decision_type=2 2 2 2 2 2 2 2 2 2 2 2 2 2 2 2 2 2 2 2 2 2 2 2 2 2 2 2 2 2
left_child=1 3 -3 9 23 12 -5 8 10 15 -7 -10 17 16 -6 -1 -9 18 29 -19 -20 -16 -13 -4 -15 -8 27 -14 -17 -2
right_child=5 2 4 6 14 7 25 13 11 -11 -12 22 26 24 21 28 -18 19 20 -21 -22 -23 -24 -25 -26 -27 -28 -29 -30 -31
leaf_value=0.0038576576702360962 0.0023443752388869008 0.0045642449865782898 0.0016237836752429997 0.0031056664489313131 0.00095015791981481002 0.00035167136023173459 0.0011508463081313159 -0.001697766700584907 0.0019271289600950219 0.004181287153541823 -0.0016191309205440911 -0.00060710616030512339 0.00067699089998030104 -0.003720063740218227 0.00042926654025425456 0.00045674114860594269 2.3328187169681766e-05 0.000250577789996115 -4.908530514146469e-05 0.0027595721525805333 -0.0012130951855556613 -0.00082420407209389448 0.0005512518026143142 0 -0.0017147735861858919 -0.00042561550777526976 -0.0023249455322350921 -0.0015673163762654769 0.0020355447946871024 0.00049582162591334624
leaf_weight=28 20 27 75 26 49 36 40 47 22 50 158 234 24 21 65 26 63 162 150 20 132 220 73 34 114 45 28 32 86 37
leaf_count=28 20 27 75 26 49 36 40 47 22 50 158 234 24 21 65 26 63 162 150 20 132 220 73 34 114 45 28 32 86 37
internal_value=1.28623e-05 0.00102684 0.000322117 0.00211259 4.71126e-05 -0.000554679 0.000995173 -0.000859588 -0.000564854 0.00274106 -0.0012381 -0.000156222 -0.00016189 -0.00147171 -0.000299432 0.00217941 -0.000693692 2.13555e-06 -0.000287295 0.000556258 -0.000606903 -0.000527334 -0.00032103 0.00112934 -0.00207383 0.000286121 -0.00120259 -0.000557836 0.00170287 0.0012254
internal_weight=2144 771 470 301 443 1373 111 768 523 190 194 329 605 245 334 140 110 521 339 182 282 285 307 109 135 85 84 56 112 57
internal_count=2144 771 470 301 443 1373 111 768 523 190 194 329 605 245 334 140 110 521 339 182 282 285 307 109 135 85 84 56 112 57
is_linear=0
shrinkage=0.03


Tree=75
num_leaves=31
num_cat=0
split_feature=26 11 15 19 15 22 16 22 26 26 24 25 20 18 26 15 5 7 11 11 22 18 11 22 19 22 18 19 22 11
split_gain=1.29745 0.438132 0.186247 0.18575 0.172027 0.192814 0.171172 0.143444 0.213077 0.174165 0.160412 0.138057 0.161013 0.136135 0.127899 0.103396 0.0941247 0.0927781 0.0862135 0.0759091 0.0711808 0.0700856 0.0572885 0.0555838 0.0532164 0.0501695 0.0395677 0.0359748 0.0294496 0.0275254
threshold=651.50000000000011 0.97599698512580446 0.045370834318051258 91.710002899169936 0.04694130239084781 243.75500000000002 56.615499767254882 251.11600000000001 1045.5000000000002 795.50000000000011 3.9500000000000006 2.3500000000000001 2.3150000000000004 0.78732683267283032 735.00000000000011 0.027257107456198054 -0.0019071984866660997 0.036593513819180856 0.84519872829218545 1.0185651436701424 260.15800000000007 1.0359028106278012 1.1850895156673369 240.38350000000003 91.284999847412124 255.54900000000001 1.077511462454507 95.255001068115249 240.38350000000003 0.98326948100507849
decision_type=2 2 2 2 2 2 2 2 2 2 2 2 2 2 2 2 2 2 2 2 2 2 2 2 2 2 2 2 2 2
left_child=1 2 24 15 5 11 17 8 19 13 -11 12 14 -9 -2 26 -4 23 -6 -7 27 -19 -22 -5 -1 28 -3 -8 -26 -14
right_child=4 3 16 6 18 7 20 9 -10 10 -12 -13 29 -15 -16 -17 -18 21 -20 -21 22 -23 -24 -25 25 -27 -28 -29 -30 -31
leaf_value=0.00025177986637156991 0.0020760285678505896 0.0037338234395720062 0.0051469429681698479 0.00087782512874149819 -0.00034550907613891291 0.00034415719654163062 0.00065127530069670906 0.002298206692689965 0.0023388032429353276 -0.00018491854760646151 -0.0015205018284377054 -0.0014301949343330366 -0.00057588808018375524 -7.5473137252928709e-05 -0.00023554241108371605 0.00063239327039835711 0.0022378278329328169 0.0006858865451120007 -0.0021448228997301639 -0.00064079414117513081 -0.00016154603268175077 0.0020519720574577703 -0.0017316912382205085 -0.0009167047996200959 0.0016336931584810372 0.0025539460011816122 0.0014608205492009541 -0.00027233457262627783 0.0001183914206618362 -0.002201573257287964
leaf_weight=27 24 25 26 28 40 229 72 28 40 174 161 230 21 78 150 41 29 88 84 100 53 68 40 32 43 59 20 73 22 39
leaf_count=27 24 25 26 28 40 229 72 28 40 174 161 230 21 78 150 41 29 88 84 100 53 68 40 32 43 59 20 73 22 39
internal_value=1.3005e-05 0.00102385 0.00220287 0.000565287 -0.000524603 -0.000416818 0.000313194 -0.000132761 0.000298181 -0.000499992 -0.000838339 -0.00090489 -0.000371909 0.000539118 7.61932e-05 0.00184273 0.00373397 0.00092551 -0.00159581 3.46544e-05 -0.000231517 0.00130975 -0.00088003 -2.94152e-05 0.00160455 0.00187074 0.00284254 0.000167057 0.00117584 -0.00170053
internal_weight=2144 746 206 540 1398 1274 454 810 369 441 335 464 234 106 174 86 55 216 124 329 238 156 93 60 151 124 45 145 65 60
internal_count=2144 746 206 540 1398 1274 454 810 369 441 335 464 234 106 174 86 55 216 124 329 238 156 93 60 151 124 45 145 65 60
is_linear=0
shrinkage=0.03


Tree=76
num_leaves=31
num_cat=0
split_feature=26 22 26 15 11 22 11 14 20 26 26 26 26 12 16 12 22 26 26 26 22 26 6 20 24 17 18 18 19 19
split_gain=1.22497 0.527716 0.340822 0.23589 0.214314 0.192249 0.169806 0.161648 0.150624 0.151544 0.17308 0.166614 0.123417 0.119796 0.113981 0.111053 0.093103 0.141941 0.0749393 0.0746961 0.0626399 0.0456037 0.0451308 0.0442632 0.0500063 0.0435509 0.0369108 0.0347881 0.0329465 0.0176955
threshold=663.50000000000011 277.73450000000008 467.50000000000006 0.025781519126149954 0.97225004930028558 259.28300000000007 1.0554295446140827 0.041074451136162905 2.8250000000000006 794.50000000000011 896.00000000000011 1021.5000000000001 696.50000000000011 0.96656874452075348 54.882616320100112 0.9451518895475951 251.11600000000001 1051.5000000000002 455.50000000000006 347.00000000000006 256.23300000000006 1065.0000000000002 -0.0019071984866660997 2.3950000000000005 3.3000000000000003 0.00018252238626505004 1.1628569139208609 1.2821827456384567 96.444999694824233 96.715000152587905
decision_type=2 2 2 2 2 2 2 2 2 2 2 2 2 2 2 2 2 2 2 2 2 2 2 2 2 2 2 2 2 2
left_child=1 2 3 18 -4 14 8 -3 9 15 28 -12 -8 -9 -5 -2 17 -10 -1 -7 21 -14 -15 24 -6 -22 29 -17 -11 -18
right_child=6 7 4 5 23 19 12 13 16 10 11 -13 20 22 -16 27 26 -19 -20 -21 25 -23 -24 -25 -26 -27 -28 -29 -30 -31
leaf_value=0.0032202784095650477 0.0022829796444963323 0.0051029195100335137 0.001333131262565591 0.0022501486177751496 -0.00074374321483267557 -0.00045693401925355392 0.00056570183453108513 0.0037532775493131745 0.00033637673136399827 -0.002065751742811075 4.8785862255911868e-05 -0.00093419891339330209 -0.00064233907432208073 0 0.0005731952555555229 0.00022776979053546595 -0.00011946926575993919 0.0031248990296153349 0.0009741285233886447 0.00089180357828736302 -0.0011131898354672426 -0.0018365151620281087 0.0019338982894339344 -0.0017832761429664159 0.00030528399107808418 -0.0029780091756000751 0.0006929990993812681 -0.00091534508680924764 -0.0011068654122878797 -0.0012956805521808564
leaf_weight=61 21 27 66 92 130 94 27 26 63 69 310 299 95 20 71 118 34 23 24 59 27 52 21 26 54 40 23 29 119 24
leaf_count=61 21 27 66 92 130 94 27 26 63 69 310 299 95 20 71 118 34 23 24 59 27 52 21 26 54 40 23 29 119 24
internal_value=1.29317e-05 0.0009705 0.000669875 0.00122797 -0.000131655 0.000831651 -0.000522917 0.00307422 -0.000364572 -0.000509983 -0.000683601 -0.000429651 -0.0012497 0.00214954 0.00154594 0.000295088 0.000455858 0.00114397 0.00263966 4.61005e-05 -0.00149427 -0.00109459 0.000995962 -0.000610371 -0.000419674 -0.00229805 -0.000243189 0 -0.00148374 -0.000670736
internal_weight=2144 771 677 401 276 316 1373 94 1132 965 797 609 241 67 163 168 167 86 85 153 214 147 41 210 184 67 81 147 188 58
internal_count=2144 771 677 401 276 316 1373 94 1132 965 797 609 241 67 163 168 167 86 85 153 214 147 41 210 184 67 81 147 188 58
is_linear=0
shrinkage=0.03


Tree=77
num_leaves=31
num_cat=0
split_feature=26 23 16 23 22 16 23 16 22 17 22 15 14 26 22 26 24 22 26 22 24 21 23 16 22 19 21 17 26 14
split_gain=1.15662 0.450828 0.354999 0.214382 0.177732 0.172131 0.144495 0.140718 0.127141 0.104275 0.111193 0.123991 0.0960835 0.0895096 0.0870876 0.0920106 0.0863973 0.0737986 0.092943 0.0886796 0.0637606 0.0555055 0.0657356 0.0777794 0.0525738 0.0443276 0.116491 0.0420395 0.0396661 0.0504718
threshold=651.50000000000011 2808.5000000000005 41.092507246133927 2395.5000000000005 262.36600000000004 57.989981599612733 2096.0000000000005 41.734881966333568 256.23300000000006 0.0037849093391765006 249.19400000000005 0.039798273462835952 0.033526197895765102 1070.0000000000002 265.78750000000008 381.00000000000006 23.450000000000003 275.23000000000008 265.50000000000006 240.38350000000003 0.75000000000000011 11.025000095367433 2695.0000000000005 32.447913175362572 269.51850000000007 97.74499893188478 24.255000114440922 -0.0050852542024182991 1158.5000000000002 0.013623367978410402
decision_type=2 2 2 2 2 2 2 2 2 2 2 2 2 2 2 2 2 2 2 2 2 2 2 2 2 2 2 2 2 2
left_child=1 5 4 9 -3 14 -7 21 13 10 20 12 -12 16 15 -1 -9 18 -4 -20 -2 -5 -23 -24 -8 28 -27 -17 29 -11
right_child=3 2 17 7 -6 6 24 8 -10 25 11 -13 -14 -15 -16 27 -18 -19 19 -21 -22 22 23 -25 -26 26 -28 -29 -30 -31
leaf_value=0.0036243792485898224 -0.0012801870304897849 0.0010527383918740917 0.00088760888407969933 0.00079329669766309773 0.0046699049683368724 0.003000975981964628 0.0010632592185496966 -0.00078878735923869749 -0.0022372477403483711 -2.2845002667357518e-05 0.00068166274920381691 -0.00055036029730035801 0.0028172837891413463 -0.0016355593208588013 0.0037167534074435634 0.00060271377324198298 0.00078512086245146663 0.0010590123762376606 0.0005037413233332336 -0.00068551692648200792 0 0.00048304924192180967 0.00047723967209458345 -0.001135684863773862 -0.00038893076368233027 0.00056848449778321771 -0.0019622334477237676 0.0019903779045119881 0 -0.0016953281603620518
leaf_weight=28 52 34 65 40 22 22 40 329 77 26 178 63 22 114 44 38 32 55 74 205 96 50 32 109 45 62 21 74 26 69
leaf_count=28 52 34 65 40 22 22 40 329 77 26 178 63 22 114 44 38 32 55 74 205 96 50 32 109 45 62 21 74 26 69
internal_value=1.28222e-05 0.000967303 0.000367773 -0.00049469 0.0025834 0.00188997 0.000877086 -0.000823981 -0.00108496 -6.9919e-05 0.000199807 0.000574213 0.000944354 -0.000887563 0.00245484 0.00201341 -0.000639201 4.36275e-05 -0.000112619 -0.0003587 -0.000444776 -0.000185413 -0.000409067 -0.000747721 0.000263986 -0.000626296 -5.18406e-05 0.00155561 -0.000992098 -0.00127385
internal_weight=2144 746 455 1398 56 291 107 783 552 615 411 263 200 475 184 140 361 399 344 279 148 231 191 141 85 204 83 112 121 95
internal_count=2144 746 455 1398 56 291 107 783 552 615 411 263 200 475 184 140 361 399 344 279 148 231 191 141 85 204 83 112 121 95
is_linear=0
shrinkage=0.03


Tree=78
num_leaves=31
num_cat=0
split_feature=26 23 11 23 11 11 11 19 9 22 20 15 26 26 23 7 21 19 20 12 22 26 15 23 10 22 23 14 19 9
split_gain=1.09121 0.424886 0.473807 0.201577 0.14677 0.134617 0.128667 0.116326 0.0941681 0.0942736 0.168159 0.111533 0.0924094 0.0912529 0.0852056 0.0844303 0.0762689 0.122457 0.07555 0.0746934 0.0737725 0.0735564 0.0717895 0.0627521 0.110358 0.0590746 0.0555075 0.0518796 0.033995 0.0285037
threshold=651.50000000000011 2808.5000000000005 0.84962769288549633 2395.5000000000005 1.1057017984926445 0.95463864197540449 0.97707506252588983 100.03499984741212 1.0405669277109191 255.26450000000003 2.7950000000000004 0.041633214789987959 800.50000000000011 874.50000000000011 1465.0000000000002 0.042083104864541553 11.025000095367433 97.475002288818374 0.69500000000000006 0.95129122402189725 237.38300000000004 838.50000000000011 0.013084497551695851 1899.5000000000002 0.98609196091494222 240.38350000000003 3662.5000000000005 0.035889784554116753 94.094997406005874 1.0101648787832345
decision_type=2 2 2 2 2 2 2 2 2 2 2 2 2 2 2 2 2 2 2 2 2 2 2 2 2 2 2 2 2 2
left_child=1 4 -3 8 19 16 26 12 9 10 21 27 -7 -14 -10 -6 28 20 -8 -1 -18 -2 -12 24 -21 -20 -4 -11 -5 -25
right_child=3 2 6 5 15 7 18 -9 14 11 22 -13 13 -15 -16 -17 17 -19 25 23 -22 -23 -24 29 -26 -27 -28 -29 -30 -31
leaf_value=0.0040234918535241608 0.0010302157747792079 0.0041414993784523431 0.0014432783335612744 0.0016508261522521141 -0.00045511653011336047 0.0009218902561281408 0.00085999879607901667 -0.0027302734679900682 0.00062277285611656095 0.00094175820972304774 -0.00013266328333512596 -0.00034738780525871198 -0.0019151028233970848 -0.0008063610994504416 -0.0014882388111082433 0.001546275862317998 0 0.0003509630021338939 0.00035635887628251853 0.00096605803780922927 -0.001405887625688736 -0.00066472048318498751 0.0012913676212555456 0.0020313124966767912 0.0041106447178171947 -0.00065285425105248937 0 0.0029465698339045045 0 0.0010196407941832908
leaf_weight=22 23 27 75 22 33 20 49 38 20 47 45 38 92 335 68 38 49 94 65 20 113 270 84 81 31 205 34 20 20 66
leaf_count=22 23 27 75 22 33 20 49 38 20 47 45 38 92 335 68 38 49 94 65 20 113 270 84 81 31 205 34 20 20 66
internal_value=1.29582e-05 0.000940095 0.000357825 -0.000479954 0.0018359 -0.000799272 0.000103045 -0.00110939 -6.78999e-05 7.91362e-05 -0.000115249 0.000882398 -0.000959112 -0.00105617 -0.000973149 0.000580983 -0.000282495 -0.000484862 -0.000193651 0.00222286 -0.00098743 -0.000518415 0.000774336 0.0019885 0.00297746 -0.000398407 0.000992495 0.00161886 0.000863803 0.00160732
internal_weight=2144 746 455 1398 291 783 428 485 615 527 422 105 447 427 88 71 298 256 319 220 162 293 129 198 51 270 109 67 42 147
internal_count=2144 746 455 1398 291 783 428 485 615 527 422 105 447 427 88 71 298 256 319 220 162 293 129 198 51 270 109 67 42 147
is_linear=0
shrinkage=0.03


Tree=79
num_leaves=31
num_cat=0
split_feature=20 23 22 21 9 15 22 11 23 22 23 22 19 22 23 22 23 23 11 11 10 15 15 12 23 15 14 14 12 23
split_gain=0.647707 0.543138 0.41304 0.235247 0.212336 0.195287 0.283934 0.193577 0.154061 0.106607 0.0953523 0.0940389 0.120639 0.157796 0.102307 0.0790491 0.228496 0.10074 0.0724086 0.0662166 0.0629027 0.0526293 0.0507171 0.0480451 0.0350816 0.035071 0.0331662 0.0294613 0.0278061 0.0137042
threshold=2.1150000000000007 2726.0000000000005 275.23000000000008 21.304999351501468 0.93145338608801131 0.045172007971304502 237.74700000000004 0.88767573226279062 3662.5000000000005 256.03400000000005 1710.0000000000002 237.88900000000004 95.125000000000014 255.26450000000003 3091.5000000000005 264.27000000000004 2206.5000000000005 2387.0000000000005 0.84519872829218545 1.2173448324097027 0.98814827983142595 0.033910262327895853 0.023983794705125506 0.98363698459328119 3542.5000000000005 0.019168930657700655 0.035362969957405906 0.061835165814397706 0.97581291441596774 3876.0000000000005
decision_type=2 2 2 2 2 2 2 2 2 2 2 2 2 2 2 2 2 2 2 2 2 2 2 2 2 2 2 2 2 2
left_child=1 4 3 9 -1 6 10 -4 19 22 -2 -8 14 -14 -13 17 20 23 -7 -5 -17 -12 -3 -6 -9 -18 -19 -20 -11 -10
right_child=5 2 7 8 15 18 11 24 29 28 21 12 13 -15 -16 16 25 26 27 -21 -22 -23 -24 -25 -26 -27 -28 -29 -30 -31
leaf_value=0.0043835656898362288 0.00039172043665570928 -0.00089732460706775285 0.004007785742845515 0.001277540150642395 0.00095275499920986979 -0.00037258631900246989 0.0019285156313063841 0 -0.00013041677555212608 -0.00057637068850216369 -0.0016222487788957855 0.00076433498903175274 -0.0006789772000018033 0.000902471528748389 -0.0004114930017418299 0.0012768098077186468 -0.00011137646336206479 0.0010738937176341555 -0.0024984672612617495 -0.00034120986279565841 0.0035992043446749452 -0.0001674810438416898 0.00019118970380088622 -0.00015596410064716584 0.0015424816326890139 0.0013394911874254998 0.0022329524058467623 -0.0010368509079329668 -0.001562649678585098 -0.0012307575774472999
leaf_weight=20 26 60 28 124 57 37 20 23 25 48 188 193 361 65 97 21 37 96 60 24 50 31 96 80 24 21 43 29 128 32
leaf_count=20 26 60 28 124 57 37 20 23 25 48 188 193 361 65 97 21 37 96 60 24 50 31 96 80 24 21 43 29 128 32
internal_value=1.31098e-05 0.00055294 -1.47356e-05 -0.000312005 0.00137555 -0.00048992 -0.000342323 0.00205034 0.000476488 -0.000807854 -0.00122515 -4.31114e-05 -0.000104982 -0.000429102 0.000360669 0.00120919 0.00184527 0.000895467 -0.0016037 0.000994378 0.00298124 -0.00143166 -0.00021141 0.00028715 0.000762504 0.00037689 0.00146727 -0.00207236 -0.00131539 -0.000810445
internal_weight=2144 1037 612 537 425 1107 981 75 205 332 245 736 716 426 290 405 129 276 126 148 71 219 156 137 47 58 139 89 176 57
internal_count=2144 1037 612 537 425 1107 981 75 205 332 245 736 716 426 290 405 129 276 126 148 71 219 156 137 47 58 139 89 176 57
is_linear=0
shrinkage=0.03


Tree=80
num_leaves=31
num_cat=0
split_feature=26 22 26 11 13 14 11 20 26 26 26 24 11 10 26 12 22 26 19 17 6 20 24 18 19 11 22 18 19 25
split_gain=0.979914 0.42809 0.279153 0.175367 0.171149 0.151076 0.147373 0.129009 0.120486 0.153942 0.130785 0.113225 0.177517 0.101523 0.0999035 0.0967511 0.0598689 0.100518 0.0542926 0.0462602 0.044068 0.0374667 0.0427981 0.0314939 0.0311035 0.0305394 0.0313501 0.0301289 0.018247 0.0152352
threshold=663.50000000000011 277.73450000000008 467.50000000000006 0.97225004930028558 1.0950071790318689 0.041074451136162905 1.0554295446140827 2.8650000000000007 794.50000000000011 896.00000000000011 1021.5000000000001 11.950000000000001 1.0171411896359668 0.94361330203917781 696.50000000000011 0.9451518895475951 251.11600000000001 1045.5000000000002 103.27500152587892 0.0062445597317306511 -0.0019071984866660997 2.3950000000000005 3.3000000000000003 1.2821827456384567 96.444999694824233 1.1140860942098885 237.74700000000004 1.1628569139208609 96.715000152587905 11.65
decision_type=2 2 2 2 2 2 2 2 2 2 2 2 2 2 2 2 2 2 2 2 2 2 2 2 2 2 2 2 2 2
left_child=1 2 4 -4 11 -3 7 8 15 24 -11 12 -1 -7 -8 -2 17 -9 25 -13 -15 22 -5 -17 -10 26 -16 28 -18 -6
right_child=6 5 3 21 29 13 14 16 9 10 -12 19 -14 20 18 23 27 -19 -20 -21 -22 -23 -24 -25 -26 -27 -28 -29 -30 -31
leaf_value=0.0028453254411495957 0.0021401523611592971 0.0047159025245346129 0.0011971340151577527 -0.00068359526196754179 -0.00081281279421278408 0.0034490482847392557 0.00048157537365997474 0.00026302495533018372 -0.0019039717140740581 5.684583169665818e-05 -0.00078759040362196193 0 0.0010855571458183498 -2.3916375989626551e-05 -0.0017384887337684629 0.00022578274805398125 3.5075843334197381e-07 0.0029482803795253857 -0.0027240064252271419 0.0013432746222174232 0.0017460143584758041 -0.001641981471950809 0.0002848343354607509 -0.00086174467727541924 -0.00097983587431881448 -0.0016846257192804149 -0.00047395739706435926 0.00088948864449577567 -0.0010434742200304754 0.00011307535490154154
leaf_weight=83 21 27 66 130 34 24 27 39 69 327 320 66 165 20 26 118 26 20 26 33 23 26 54 29 119 70 92 21 23 20
leaf_count=83 21 27 66 130 34 24 27 39 69 327 320 66 165 20 26 118 26 20 26 33 23 26 54 29 119 70 92 21 23 20
internal_value=1.28439e-05 0.000869431 0.000598122 -0.000126392 0.00110333 0.00276499 -0.000466267 -0.000318588 -0.000435189 -0.000583767 -0.000356746 0.00134946 0.00169562 0.00187689 -0.00114335 0.00028461 0.000561306 0.00125725 -0.0013636 0.000444015 0.000872775 -0.000560278 -0.000383163 0 -0.00134317 -0.00114617 -0.000790061 0 -0.000440678 -0.000419525
internal_weight=2144 771 677 276 401 94 1373 1132 1003 835 647 347 248 67 241 168 129 59 214 99 43 210 184 147 188 188 118 70 49 54
internal_count=2144 771 677 276 401 94 1373 1132 1003 835 647 347 248 67 241 168 129 59 214 99 43 210 184 147 188 188 118 70 49 54
is_linear=0
shrinkage=0.03


Tree=81
num_leaves=31
num_cat=0
split_feature=26 23 11 23 16 16 23 8 26 11 22 10 20 26 24 22 26 20 11 21 23 22 26 26 3 21 15 11 11 15
split_gain=0.924619 0.372982 0.407125 0.176638 0.144132 0.119729 0.118341 0.116306 0.124563 0.107845 0.105705 0.0832384 0.0799178 0.0760569 0.076792 0.0756471 0.0819435 0.0644944 0.0540789 0.0479161 0.047342 0.0436502 0.0357409 0.0296035 0.0288153 0.028486 0.0424509 0.0243179 0.0182686 0.0178001
threshold=651.50000000000011 2808.5000000000005 0.84962769288549633 2395.5000000000005 57.989981599612733 41.734881966333568 2096.0000000000005 1.0558684618137433 691.00000000000011 0.97707506252588983 256.23300000000006 1.0371786985380138 2.7950000000000004 1070.0000000000002 23.450000000000003 265.78750000000008 381.00000000000006 0.69500000000000006 1.2498709173383851 19.964999198913578 3662.5000000000005 269.51850000000007 405.00000000000006 858.00000000000011 -1.0000000180025095e-35 11.025000095367433 0.021895706717328354 0.98084819830204106 0.90846351160332639 0.044459589402097509
decision_type=2 2 2 2 2 2 2 2 2 2 2 2 2 2 2 2 2 2 2 2 2 2 2 2 2 2 2 2 2 2
left_child=1 4 -3 7 15 19 -6 8 -2 20 13 12 -10 14 -7 16 -1 29 -19 25 24 -8 -18 -13 -4 -5 -27 -12 -21 -11
right_child=3 2 9 5 6 10 21 -9 11 17 27 23 -14 -15 -16 -17 22 18 -20 28 -22 -23 -24 -25 -26 26 -28 -29 -30 -31
leaf_value=0.0033278275016406229 0.0021943281434233419 0.0038274689114519531 0.001927455716855967 0.00075700735010024965 0.0026981149366044478 -0.0007114463326108473 0.00094928534416532961 -0.0020202697357879231 -0.00014612336120603468 0.0014781306477463136 -0.00085449158480729577 -0.00013987548751554087 0.00069806655565012011 -0.0014898423421358608 0.00077181486887010662 0.0033999444504578908 0.00024801570285732549 -0.00023615200988436115 -0.0018248130443759938 -0.00020046552920460021 0 -0.0003735854109830183 0.001678542678320684 -0.0012372878739891652 0.00057295452588234763 -0.00083435727503652175 0.00021647959840351944 -0.0023996294993711142 -0.001626658931170823 0.00017242783433757722
leaf_weight=28 22 27 38 40 22 329 40 25 316 20 21 45 145 114 32 44 26 249 21 21 34 45 86 62 37 51 96 56 23 29
leaf_count=28 22 27 38 40 22 329 40 25 316 20 21 45 145 114 32 44 26 249 21 21 34 45 86 62 37 51 96 56 23 29
internal_value=1.26846e-05 0.000866225 0.000320272 -0.000440931 0.00170557 -0.000739819 0.000775856 -5.4942e-05 2.6536e-05 8.36241e-05 -0.000980501 -5.58643e-05 0.000113845 -0.000799662 -0.00056991 0.00222289 0.00181019 -0.000187407 -0.000377062 -0.000150003 0.000898591 0.000217858 0.00137814 -0.000809106 0.00131504 4.60066e-05 -0.000131 -0.00203305 -0.00103222 0.000784272
internal_weight=2144 746 455 1398 291 783 107 615 590 428 552 568 461 475 361 184 140 319 270 231 109 85 112 107 75 187 147 77 44 49
internal_count=2144 746 455 1398 291 783 107 615 590 428 552 568 461 475 361 184 140 319 270 231 109 85 112 107 75 187 147 77 44 49
is_linear=0
shrinkage=0.03


Tree=82
num_leaves=29
num_cat=0
split_feature=26 11 15 19 12 16 26 19 26 26 25 19 25 5 26 25 19 21 22 11 19 17 21 9 24 17 15 7
split_gain=0.872708 0.314891 0.136276 0.135672 0.128385 0.112331 0.106652 0.14375 0.151902 0.146927 0.138275 0.111698 0.106104 0.0898752 0.0859087 0.0732487 0.0697673 0.065689 0.0556422 0.0530556 0.0377104 0.0544225 0.0352415 0.0316449 0.0220245 0.0134632 0.00723676 0.003988
threshold=651.50000000000011 0.97599698512580446 0.045370834318051258 91.710002899169936 1.0738764885872041 56.615499767254882 1868.5000000000002 94.825000762939467 794.50000000000011 946.50000000000011 2.6500000000000008 92.755001068115249 0.55000000000000016 -0.0019071984866660997 896.00000000000011 0.15000000000000005 92.990001678466811 21.360000610351566 259.65650000000005 1.1850895156673369 91.284999847412124 -0.0023131174533462498 15.635000228881838 0.94258213744689423 5.5500000000000007 0.0070078908745110505 0.032936385628116759 0.071638031624019063
decision_type=2 2 2 2 2 2 2 2 2 2 2 2 2 2 2 2 2 2 2 2 2 2 2 2 2 2 2 2
left_child=1 2 20 15 6 16 7 9 10 12 -9 -11 -2 -4 -10 -3 -5 -18 22 -20 -1 23 -7 -22 -17 -23 -8 -6
right_child=4 3 13 5 27 18 26 8 14 11 -12 -13 -14 -15 -16 24 17 -19 19 -21 21 25 -24 -25 -26 -27 -28 -29
leaf_value=0.0001706103298014828 0.00054803301669106039 0.00039166490498275774 0.0045058476599968145 -0.00070142941709607832 -0.0011704273446857068 -0.00022937309820477629 -0.0013196308317607287 0.00047791489606324213 -0.0012341418484988628 5.0052986794310654e-06 -0.0011545740257599389 0.0013691895451720484 -0.0011594806383674343 0.0017348775556805776 -0.00046316045471194817 0.001482878434111274 0.00030427642098267469 0.0014672532530572732 -0.00011480050391307279 -0.0015638287514115549 0.0017850042768171987 0.0030484448655580094 0.00071785209939679911 0.00041644250544835813 0.0032314116695363604 0.0014148436622397804 -0.000430314250452363 -0.0023014402071479707
leaf_weight=27 48 36 26 24 25 75 106 205 220 113 59 111 89 29 371 30 92 100 61 41 29 25 61 49 20 21 22 29
leaf_count=27 48 36 26 24 25 75 106 205 220 113 59 111 89 29 371 30 92 100 61 41 29 25 61 49 20 21 22 29
internal_value=1.2482e-05 0.000841755 0.00184174 0.000452035 -0.000428175 0.000235672 -0.000366946 -0.000276454 -0.000489328 0.000219393 9.87775e-05 0.000697421 -0.000539852 0.00315543 -0.000756826 0.00154391 0.000732509 0.000930001 -0.000203866 -0.000735907 0.00132589 0.00155007 0.000175726 0.000979396 0.00229076 0.00241247 -0.00119456 -0.00186317
internal_weight=2144 746 206 540 1398 454 1344 1216 855 361 264 224 137 55 591 86 216 192 238 102 151 124 136 78 50 46 128 54
internal_count=2144 746 206 540 1398 454 1344 1216 855 361 264 224 137 55 591 86 216 192 238 102 151 124 136 78 50 46 128 54
is_linear=0
shrinkage=0.03


Tree=83
num_leaves=31
num_cat=0
split_feature=26 23 16 23 22 16 19 8 26 23 16 10 20 22 26 24 20 22 22 8 17 22 17 21 23 20 23 21 8 9
split_gain=0.823843 0.343822 0.268511 0.163591 0.136912 0.131113 0.11229 0.106537 0.116271 0.105697 0.0885698 0.0775232 0.0722596 0.0700214 0.0753526 0.0631144 0.0576347 0.0768262 0.0698727 0.0668934 0.0405771 0.0394254 0.038023 0.0299481 0.0377006 0.0285954 0.0229246 0.0145902 0.00923355 0.00123215
threshold=651.50000000000011 2808.5000000000005 41.092507246133927 2395.5000000000005 262.36600000000004 57.989981599612733 102.20999908447267 1.0558684618137433 691.00000000000011 2096.0000000000005 39.284791012132978 1.0371786985380138 2.7950000000000004 265.78750000000008 381.00000000000006 29.150000000000002 0.69500000000000006 275.23000000000008 240.38350000000003 0.99213540878183204 -0.010293949411784548 269.51850000000007 -0.0050852542024182991 10.710000038146974 2695.0000000000005 2.6150000000000007 3256.0000000000005 24.255000114440922 1.0061323376472284 1.0405669277109191
decision_type=2 2 2 2 2 2 2 2 2 2 2 2 2 2 2 2 2 2 2 2 2 2 2 2 2 2 2 2 2 2
left_child=1 5 4 7 -3 13 10 8 -2 -7 23 12 -10 14 -1 20 26 18 -18 -19 -12 29 -16 -5 -25 -13 -4 -15 -23 -11
right_child=3 2 16 6 -6 9 -8 -9 11 21 15 25 -14 27 22 -17 17 19 -20 -21 -22 28 -24 24 -26 -27 -28 -29 -30 -31
leaf_value=0.0031766585322610774 0.0021277010061413696 0.00086625800429444215 0.0015319337478971907 0.001006293347105384 0.0040535921558089881 0.0025528541761248007 -0.0027653967700898645 -0.0019256420905630176 -0.00012884793642965072 0.00040178496304101182 -0.0019164844948487973 -0.00019166299174946101 0.00067331984240704443 0.004118130894462493 0.00040874324683458184 0.00061036362756975002 0.00043243452018592503 -0.00029068999520867416 -0.00061532163619321925 0.0017232974314076058 -0.00079413409366753428 0 0.0017120393620245159 0.00056513092520067514 -0.0004861044526332989 -0.0012559213533448719 0.00018916325874236082 0.0021969590215012431 -0.00073564724474608036 0.0012167199444624462
leaf_weight=28 22 34 27 21 22 22 23 25 316 20 35 52 145 21 38 24 74 22 213 33 533 20 74 40 107 55 30 23 25 20
leaf_count=28 22 34 27 21 22 22 23 25 316 20 35 52 145 21 38 24 74 22 213 33 533 20 74 40 107 55 30 23 25 20
internal_value=1.24324e-05 0.000818191 0.000293794 -0.000415669 0.0022202 0.00162404 -0.000703268 -4.40899e-05 3.36841e-05 0.000735427 -0.000633367 -4.57466e-05 0.000117879 0.0021178 0.00171962 -0.000805737 1.10455e-05 -0.000129271 -0.000334188 0.000873326 -0.000871812 0.000205935 0.00130393 -7.04414e-06 -0.000177898 -0.000773053 0.000892383 0.00325169 -0.000353873 0.000902161
internal_weight=2144 746 455 1398 56 291 783 615 590 107 760 568 461 184 140 592 399 342 287 55 568 85 112 168 147 107 57 44 45 40
internal_count=2144 746 455 1398 56 291 783 615 590 107 760 568 461 184 140 592 399 342 287 55 568 85 112 168 147 107 57 44 45 40
is_linear=0
shrinkage=0.03


Tree=84
num_leaves=31
num_cat=0
split_feature=26 19 23 16 23 10 17 22 23 24 22 19 26 25 19 21 13 26 24 23 24 23 26 25 10 23 16 18 18 17
split_gain=0.780296 0.27101 0.279436 0.238911 0.167678 0.14528 0.132179 0.112249 0.109845 0.114871 0.099695 0.15594 0.142828 0.111488 0.0853604 0.0840869 0.0622327 0.0488617 0.0515155 0.0310639 0.040148 0.0278086 0.0224705 0.0205893 0.0166892 0.0156042 0.0131334 0.011582 0.0105677 0.0103695
threshold=710.50000000000011 100.61500167846681 2424.5000000000005 41.092507246133927 3136.5000000000005 1.0371786985380138 0.0107149785179788 275.23000000000008 3847.0000000000005 4.7500000000000009 243.75500000000002 95.125000000000014 1025.5000000000002 4.4500000000000011 92.755001068115249 13.534999847412111 0.93927726769989495 414.50000000000006 6.8500000000000005 3644.5000000000005 22.950000000000003 3798.0000000000005 1027.5000000000002 12.65 0.97512790853447284 1912.0000000000002 57.989981599612733 1.0551849674828568 0.77889790832084393 -0.00024843090415674996
decision_type=2 2 2 2 2 2 2 2 2 2 2 2 2 2 2 2 2 2 2 2 2 2 2 2 2 2 2 2 2 2
left_child=1 2 6 7 5 10 17 27 9 -5 13 14 -13 22 -12 26 -6 -1 -19 20 29 -3 -2 28 -21 -15 -7 -4 -17 -18
right_child=4 21 3 8 16 15 -8 -9 -10 -11 11 12 -14 25 -16 23 19 18 -20 24 -22 -23 -24 -25 -26 -27 -28 -29 -30 -31
leaf_value=0.0012186157533800915 -0.00037289216184628105 -0.0016336558915492963 0.0017873575682116841 9.8680122845003264e-05 0 0.00041150588688573667 0.00016865811019337601 0.0040708901967321121 -0.00097854372222140867 0.0010656343831176884 0.00011933739646967199 0.0001629376539621517 -0.001189907505882964 -0.00016706248454102023 0.0015403173188240017 -0.0003361839290747801 -0.0012884922902359484 0.0015037864272153989 0.0032557909464382608 0 -1.6411222384444297e-05 -0.00011250006333416834 0.00057802908471369719 -0.0024558841661023699 -0.00092922784028924067 -0.0011956392404862876 -0.00041721028765113869 0.00065353590458759971 -0.0013783533556315187 -0.0020125063936601382
leaf_weight=37 30 40 32 300 49 20 34 20 50 182 73 277 92 23 92 20 103 33 68 25 20 21 62 22 59 129 60 28 77 66
leaf_count=37 30 40 32 300 49 20 34 20 50 182 73 277 92 23 92 20 103 33 68 25 20 21 62 22 59 129 60 28 77 66
internal_value=1.26511e-05 0.000723128 0.000875441 0.000566447 -0.000447407 -0.000247173 0.00194791 0.00209165 0.00032797 0.000471457 -5.76004e-05 0.000167693 -0.000168553 -0.000561577 0.00093422 -0.000969325 -0.00104301 0.00236033 0.00273312 -0.00121936 -0.00144835 -0.00116863 0.000235013 -0.00147547 -0.000657871 -0.00106172 -0.000170472 0.00132681 -0.00119971 -0.00159907
internal_weight=2144 845 784 612 1299 977 172 80 532 482 778 534 369 244 165 199 322 138 101 273 189 61 92 119 84 152 80 60 97 169
internal_count=2144 845 784 612 1299 977 172 80 532 482 778 534 369 244 165 199 322 138 101 273 189 61 92 119 84 152 80 60 97 169
is_linear=0
shrinkage=0.03


Tree=85
num_leaves=31
num_cat=0
split_feature=26 11 23 11 23 11 15 22 23 24 22 10 23 25 24 15 9 25 11 11 23 26 23 22 8 22 15 3 14 8
split_gain=0.736273 0.322976 0.289346 0.163993 0.158167 0.145698 0.141628 0.127489 0.0935198 0.0968522 0.0917521 0.0877177 0.076149 0.0866335 0.0749288 0.0745954 0.0644714 0.0591742 0.0575168 0.0511834 0.0492 0.0411283 0.0396831 0.0389748 0.0389204 0.0371171 0.0358401 0.0328915 0.0235977 0.0233154
threshold=710.50000000000011 0.97299183755563501 2726.0000000000005 1.2742350536664624 3136.5000000000005 0.80381826733462947 0.04694130239084781 243.75500000000002 2808.5000000000005 10.550000000000002 236.09900000000002 1.0236179749638388 1890.5000000000002 0.75000000000000011 18.150000000000002 0.030510160441151703 1.0071495585541008 11.350000000000003 0.84519872829218545 1.2335733118731345 1710.0000000000002 441.50000000000006 3644.5000000000005 253.04550000000003 1.0227981548888223 239.27450000000002 0.044026904155555005 -0.0084486709991841488 0.033095023901312907 1.0032631729433661
decision_type=2 2 2 2 2 2 2 2 2 2 2 2 2 2 2 2 2 2 2 2 2 2 2 2 2 2 2 2 2 2
left_child=1 5 3 12 6 -1 7 10 9 -7 -2 14 13 -3 -9 22 -14 19 -8 25 -12 26 -6 -13 27 -4 -19 -10 -17 -23
right_child=4 2 17 -5 15 8 18 11 24 -11 20 23 16 -15 -16 28 -18 21 -20 -21 -22 29 -24 -25 -26 -27 -28 -29 -30 -31
leaf_value=0.0040452140427154042 0.0003735889196279459 0.003471276768152752 0.00076033261409387564 -0.0013519606725645383 -0.0016267902466507451 0.0037072533998570145 -0.00021819392944368103 0.00055394170508264154 0.0010758665948524138 0.0012216843046647095 5.9806648514281464e-05 -7.9755809032232373e-05 0.001839815549641138 0.00071319645368070773 -0.00050931950579599834 0.00015361635269947968 0.00058503138832170668 0.0016899765871115958 -0.0017291258327336982 -0.0018606604949704235 -0.0011135426751228102 0.00044115471999560082 -0.00067240526931360359 -0.0010937709819758309 0.001931178792897198 -0.0004068207591863986 8.5278043616563072e-05 0 -0.00071959752627714924 -0.00086920960016548634
leaf_weight=22 59 30 25 20 147 28 40 354 51 41 33 110 62 21 68 46 120 29 74 20 185 20 74 54 26 227 29 50 55 24
leaf_count=22 59 30 25 20 147 28 40 354 51 41 33 110 62 21 68 46 120 29 74 20 185 20 74 54 26 227 29 50 55 24
internal_value=1.21765e-05 0.000702359 0.000349263 0.00113231 -0.000434675 0.00169799 -0.000240087 -0.000104368 0.0014001 0.00231173 -0.000635504 0.000142242 0.00136324 0.00242884 0.000374719 -0.00101323 0.0010366 -0.00017405 -0.00123157 -0.000410477 -0.000922765 0.000425162 -0.0013252 -0.000436426 0.00086717 -0.000276626 0.000953519 0.000547607 -0.000294877 -0.000210355
internal_weight=2144 845 627 253 1299 218 977 863 196 69 277 586 233 51 422 322 182 374 114 272 218 102 221 164 127 252 58 101 101 44
internal_count=2144 845 627 253 1299 218 977 863 196 69 277 586 233 51 422 322 182 374 114 272 218 102 221 164 127 252 58 101 101 44
is_linear=0
shrinkage=0.03


Tree=86
num_leaves=29
num_cat=0
split_feature=26 23 16 23 23 16 19 23 8 26 16 20 20 24 20 26 26 20 9 15 17 26 15 14 12 23 9 8
split_gain=0.696211 0.294926 0.226776 0.137998 0.121958 0.114816 0.0998175 0.0949353 0.0948078 0.099023 0.0771488 0.0732766 0.0816599 0.0565795 0.0534043 0.0564115 0.0576266 0.0530067 0.0510013 0.0621823 0.0366656 0.0257624 0.0254249 0.0321865 0.0240774 0.0204742 0.018828 0.00991983
threshold=651.50000000000011 2808.5000000000005 41.092507246133927 2395.5000000000005 3557.5000000000005 57.989981599612733 102.20999908447267 2096.0000000000005 1.0558684618137433 691.00000000000011 39.284791012132978 1.2950000000000002 2.7650000000000001 29.150000000000002 0.69500000000000006 540.00000000000011 494.00000000000006 1.6450000000000002 0.94488327545576489 0.020509517935028903 -0.010293949411784548 467.50000000000006 0.019936206310938755 0.037597908579597307 0.96832174517394021 3256.0000000000005 1.0351300896283213 1.01453690833636
decision_type=2 2 2 2 2 2 2 2 2 2 2 2 2 2 2 2 2 2 2 2 2 2 2 2 2 2 2 2
left_child=1 5 4 8 -3 18 10 -7 9 -2 22 -11 -13 20 25 16 -16 -17 -1 -20 -12 26 -5 -24 -21 -4 -9 -23
right_child=3 2 14 6 -6 7 -8 21 -10 11 13 12 -14 -15 15 17 -18 -19 19 24 -22 27 23 -25 -26 -27 -28 -29
leaf_value=0.0034643698389763417 0.0019659625221772684 0.0034222717105635791 0.0014613619918402816 -0.00067271791292005214 0.00047801043245748715 0.0023868993133427979 -0.0025905619510449467 0 -0.0018148399644280567 0.0015404821449145672 -0.0017964086037245577 -0.00039262834709942484 0.00037113873871107264 0.00059826215456239881 -4.5220304228860187e-05 0.0014093157263637027 -0.001063096190104261 0 0.003185859553874112 0.0002710500987331298 -0.00072886515564770499 2.5464851176366202e-05 0.00051309914869615678 -0.00049425804063391227 0.0015849094806800192 0.00018314802141920213 0.0013554147485909716 -0.00076115280061177064
leaf_weight=22 22 28 27 39 28 22 23 21 25 24 35 352 192 24 159 33 77 73 25 21 533 23 91 38 116 30 20 21
leaf_count=22 22 28 27 39 28 22 23 21 25 24 35 352 192 24 159 33 77 73 25 21 533 23 91 38 116 30 20 21
internal_value=1.2082e-05 0.000752908 0.000266673 -0.000381348 0.00203699 0.00149938 -0.000645512 0.00066582 -3.96505e-05 3.34368e-05 -0.00057938 -3.94657e-05 -0.000117373 -0.000740182 6.23705e-06 -0.000128574 -0.000393066 0.000430428 0.00196168 0.0017192 -0.000802961 0.000162906 0 0.000191762 0.00140868 0.000855099 0.000717717 -0.000291871
internal_weight=2144 746 455 1398 56 291 783 107 615 590 760 568 544 592 399 342 236 106 184 162 568 85 168 129 137 57 41 44
internal_count=2144 746 455 1398 56 291 783 107 615 590 760 568 544 592 399 342 236 106 184 162 568 85 168 129 137 57 41 44
is_linear=0
shrinkage=0.03


Tree=87
num_leaves=31
num_cat=0
split_feature=21 13 24 23 24 23 13 19 23 19 19 19 23 23 23 23 15 10 25 23 19 18 25 14 15 12 23 10 12 21
split_gain=0.181937 0.214486 0.146074 0.119124 0.125235 0.126678 0.0905583 0.124755 0.122658 0.0778853 0.0723786 0.100527 0.0684131 0.0672119 0.0639649 0.0551616 0.0841249 0.0754586 0.124584 0.054427 0.0685048 0.0301055 0.0298977 0.0234226 0.0142503 0.00947817 0.00899271 0.00567837 0.00189882 0.000645303
threshold=15.47499990463257 1.1421728089172432 6.8500000000000005 3847.0000000000005 12.15 3359.5000000000005 0.93927726769989495 99.970001220703139 3125.5000000000005 93.944999694824233 89.944999694824233 94.795001983642592 2767.5000000000005 1710.0000000000002 2348.5000000000005 3108.0000000000005 0.028289863114864252 1.0220032064422215 12.550000000000002 3833.5000000000005 97.915000915527358 1.2090335512672203 0.25000000000000006 0.026101132280172402 0.021895706717328354 1.0431459443676472 3997.5000000000005 1.0371786985380138 0.97381840297594657 22.94999980926514
decision_type=2 2 2 2 2 2 2 2 2 2 2 2 2 2 2 2 2 2 2 2 2 2 2 2 2 2 2 2 2 2
left_child=10 2 6 4 9 -6 -2 8 -8 -4 13 15 14 -1 22 17 24 18 -12 20 -14 -9 -13 -16 -17 -19 -21 -15 -5 -3
right_child=1 29 3 28 5 -7 7 21 -10 -11 11 12 19 27 23 16 -18 25 -20 26 -22 -23 -24 -25 -26 -27 -28 -29 -30 -31
leaf_value=0.00045353667811318501 0.001350817774616007 -0.0011009045199607498 0.0027575179737572655 -0.00014321649576803404 0.00030095100810365039 0.0017480411427512543 0.00042836974745701626 -0.00072221914777765043 -0.00062917304027359925 0.0010577217760166216 0.0020995476797106673 -0.0013687990455489073 -0.00055967383433267836 -0.0010462034322907415 0.00019615104364754 -0.0011283785869144712 0.0009061884833907242 0.00020362030374406672 -0.00037611072670086287 -0.00011721629452788168 -0.0017258051779669977 -0.0025178462442875436 -0.00025481771590170999 0.0012972490717656909 -0.00014421556317322556 -0.00052815635832350542 0.00065203744174713004 -0.0019565976166299411 -0.00079003871945315034 -0.0021701925656069879
leaf_weight=22 39 23 41 20 345 66 261 27 157 88 55 27 173 88 105 45 39 50 24 26 69 20 162 23 30 22 20 20 35 22
leaf_count=22 39 23 41 20 345 66 261 27 157 88 55 27 173 88 105 45 39 50 24 26 69 20 162 23 30 22 20 20 35 22
internal_value=1.21626e-05 0.000271769 0.000357737 0.000675758 0.00081368 0.000544291 -1.23577e-05 -0.00013578 2.34452e-05 0.0016381 -0.000281804 -0.00017832 -0.000393725 -0.000944804 -7.84141e-05 0.000301806 -0.000175031 0.000680322 0.00131465 -0.000728933 -0.000910245 -0.00158535 -0.000436114 0.000425783 -0.000781264 0 0.000160169 -0.00125872 -0.00061516 -0.0017247
internal_weight=2144 1144 1099 595 540 411 504 465 418 129 1000 870 605 130 317 265 114 151 79 288 242 47 189 128 75 72 46 108 55 45
internal_count=2144 1144 1099 595 540 411 504 465 418 129 1000 870 605 130 317 265 114 151 79 288 242 47 189 128 75 72 46 108 55 45
is_linear=0
shrinkage=0.03


Tree=88
num_leaves=30
num_cat=0
split_feature=20 23 22 9 20 15 22 16 22 22 19 22 23 19 23 23 16 16 22 23 23 15 9 22 14 19 9 17 19
split_gain=0.415481 0.38461 0.270173 0.1758 0.166009 0.146701 0.200602 0.136325 0.082417 0.0755304 0.0901862 0.12276 0.0744516 0.0729763 0.0679198 0.061553 0.061294 0.0525023 0.10794 0.0838983 0.0775423 0.0412689 0.0381197 0.0293464 0.0182658 0.0134074 0.0077979 0.00774262 0.00695068
threshold=2.1150000000000007 2726.0000000000005 275.23000000000008 0.93145338608801131 0.76500000000000012 0.045172007971304502 237.74700000000004 41.092507246133927 240.38350000000003 237.88900000000004 95.125000000000014 255.26450000000003 1710.0000000000002 90.674999237060561 3091.5000000000005 3256.0000000000005 35.758213476385883 70.660371211222895 264.27000000000004 2206.5000000000005 2387.0000000000005 0.033910262327895853 0.98939925698734588 239.82900000000004 0.061835165814397706 103.63999938964845 1.0509379135343853 0.0015862660785796502 86.420001983642592
decision_type=2 2 2 2 2 2 2 2 2 2 2 2 2 2 2 2 2 2 2 2 2 2 2 2 2 2 2 2 2
left_child=1 3 4 -1 15 6 12 -4 23 -8 14 -12 -2 -10 -11 27 -7 18 20 -20 -5 28 -9 -6 25 -18 -17 -3 -14
right_child=5 2 7 17 8 16 9 22 13 10 11 -13 21 -15 -16 26 24 -19 19 -21 -22 -23 -24 -25 -26 -27 -28 -29 -30
leaf_value=0.0038707323726266622 0.00041711772787433193 0.0023362209057169302 0.003737188994884491 0.00020265036950434519 -0.00019468819873657561 0 0.0017575779354000196 -1.9363150577992194e-05 0.00052375552972609349 0.00066460815258939231 -0.00056885865421898822 0.00082531118114167665 -0.0010478958965701617 -0.00091806320005615794 -0.00028895735644915958 0.00047112292711556491 -0.0015100894823328267 -0.00027040587013587349 0.0025429246529491377 0.00062264593876898281 0.0012394982310976568 -6.5244774592429153e-05 0.0014478773426671978 0.00074004528128906425 -0.00090740756008859805 -0.0028812781370111873 -0.00024189494901590727 0.00095367252640426157 -0.0016307886958895853
leaf_weight=20 26 20 20 137 80 21 20 24 32 193 361 65 96 292 97 27 48 24 68 37 139 31 31 45 37 20 21 20 92
leaf_count=20 26 20 20 137 80 21 20 24 32 193 361 65 96 292 97 27 48 24 68 37 139 31 31 45 37 20 21 20 92
internal_value=1.14924e-05 0.000444117 -3.28707e-05 0.00113649 -0.000274124 -0.000391103 -0.000262796 0.00163591 -0.000512081 -1.07612e-05 -6.67226e-05 -0.000347673 -0.00100461 -0.000765257 0.000335451 0.000898399 -0.0013565 0.000984871 0.0010723 0.00190681 0.000738251 -0.00118817 0.000765143 0.000121209 -0.00165078 -0.00199277 9.93827e-05 0.00175824 -0.00135613
internal_weight=2144 1037 612 425 537 1107 981 75 449 736 716 426 245 324 290 88 126 405 381 105 276 219 55 125 105 68 48 40 188
internal_count=2144 1037 612 425 537 1107 981 75 449 736 716 426 245 324 290 88 126 405 381 105 276 219 55 125 105 68 48 40 188
is_linear=0
shrinkage=0.03


Tree=89
num_leaves=31
num_cat=0
split_feature=26 11 23 19 11 11 23 20 20 20 23 26 14 9 25 26 23 20 24 26 22 21 21 20 25 19 23 10 22 14
split_gain=0.61472 0.269343 0.234331 0.150911 0.13616 0.124137 0.112679 0.0949937 0.0904709 0.142897 0.0779243 0.0759711 0.0753058 0.0751395 0.0731874 0.0702974 0.0610839 0.0590743 0.0556989 0.0524608 0.0499164 0.0510049 0.0464229 0.0430715 0.0430687 0.0308144 0.0281022 0.0270691 0.0241751 0.0191732
threshold=710.50000000000011 0.97299183755563501 2726.0000000000005 99.875000000000014 1.0554295446140827 0.80381826733462947 3145.5000000000005 1.5550000000000004 2.3250000000000006 2.8250000000000006 3426.0000000000005 1025.5000000000002 0.023073743205918502 0.95301629147247291 0.8500000000000002 394.50000000000006 2091.5000000000005 2.3950000000000005 6.7500000000000009 945.00000000000011 260.15800000000007 18.144999504089366 16.685000419616703 2.3450000000000002 8.1500000000000004 97.975002288818374 2249.5000000000005 0.9254288352291451 257.0985 0.024510731602572854
decision_type=2 2 2 2 2 2 2 2 2 2 2 2 2 2 2 2 2 2 2 2 2 2 2 2 2 2 2 2 2 2
left_child=1 5 3 7 6 -1 8 15 13 11 14 -10 -8 27 -7 -3 -11 20 -9 -15 21 -4 -22 -14 -16 -12 29 -2 -28 -6
right_child=4 2 17 -5 26 10 12 18 9 16 25 -13 23 19 24 -17 -18 -19 -20 -21 22 -23 -24 -25 -26 -27 28 -29 -30 -31
leaf_value=0.0037224387299755342 0.0021751424659742042 0.0018436700028665095 -0.00017366727098275947 -0.00070608944636517889 5.5225395476624648e-05 0.0010438599199673311 -0.0013236685865661666 0.00082426179114859115 -0.00020766316059343806 0.00095729584604850972 0 -0.0011439560330282208 -0.00057357225297852306 -0.00025390873695749498 0.003483537331782281 0 -0.00016275200986282554 -0.0014304598426446316 0.0023253221227976946 0.00054589918227922879 0.00052790800585145398 0.00073351804844295489 -0.0008013745907362764 0.00066498675581345697 0.0012873517435298047 0.0013765836019407618 -0.0011049774038480022 0.00041386800498834677 -0.0023059070913328066 -0.00095389602197064945
leaf_weight=22 23 25 114 36 25 73 129 42 159 80 52 173 109 157 29 65 87 29 85 134 27 101 103 30 21 21 116 20 26 31
leaf_count=22 23 25 114 36 25 73 129 42 159 80 52 173 109 157 29 65 87 29 85 134 27 101 103 30 21 21 116 20 26 31
internal_value=1.14346e-05 0.000642193 0.000319218 0.001024 -0.000396745 0.00155172 -0.000262375 0.00132671 -8.583e-05 -0.000344111 0.00127518 -0.00070653 -0.000797603 0.000290966 0.00174253 0.000525288 0.000358445 -0.000151009 0.00186266 0.000104722 -3.09666e-05 0.000240033 -0.00050047 -0.000281988 0.00266329 0.000434286 -0.00112377 0.00145215 -0.00136043 -0.000457698
internal_weight=2144 845 627 253 1299 218 1101 217 833 499 196 332 268 334 123 90 167 374 127 291 345 215 130 139 50 73 198 43 142 56
internal_count=2144 845 627 253 1299 218 1101 217 833 499 196 332 268 334 123 90 167 374 127 291 345 215 130 139 50 73 198 43 142 56
is_linear=0
shrinkage=0.03


Tree=90
num_leaves=31
num_cat=0
split_feature=26 22 11 26 14 24 22 10 20 19 22 13 19 26 26 26 22 22 24 20 6 5 26 26 26 8 24 24 25 12
split_gain=0.581426 0.280455 0.168156 0.118934 0.111485 0.103751 0.1334 0.101417 0.0742303 0.0806349 0.0699163 0.0665414 0.0645314 0.0795134 0.0637145 0.0607074 0.0550239 0.063831 0.0535322 0.0510833 0.0500544 0.0362924 0.0301488 0.0364084 0.0254895 0.0184601 0.0161729 0.0121935 0.0117541 0.0106691
threshold=663.50000000000011 279.88200000000006 1.0207450166534933 502.50000000000006 0.041074451136162905 13.65 255.54900000000001 1.0371786985380138 2.8650000000000007 101.02499771118165 252.57750000000001 1.0969664371794166 103.27500152587892 811.00000000000011 1051.5000000000002 315.00000000000006 236.09900000000002 237.74700000000004 8.1500000000000004 1.6150000000000004 -0.0078577705137099982 -0.021557364537652998 521.50000000000011 595.00000000000011 494.00000000000006 1.0039309472321085 29.150000000000002 15.050000000000002 1.5500000000000003 0.98028467288815402
decision_type=2 2 2 2 2 2 2 2 2 2 2 2 2 2 2 2 2 2 2 2 2 2 2 2 2 2 2 2 2 2
left_child=1 2 5 11 -3 6 24 8 9 16 14 19 13 18 -10 -8 29 -18 -9 -4 -6 -7 -5 -24 -1 -23 28 -20 -15 -2
right_child=7 4 3 22 20 21 15 12 10 -11 -12 -13 -14 26 -16 -17 17 -19 27 -21 -22 25 23 -25 -26 -27 -28 -29 -30 -31
leaf_value=0.00093795738680178548 0.00099503825448453431 0.004001782478232469 0.00037013080191263724 -0.0013847687814384697 8.0233514774590714e-05 0.0011816318347506844 0.00128632043086014 -0.0010937696528687541 0.00032800184100708593 0.0011933536954224109 -0.00042938110875205467 -0.00047895096636401785 -0.0023038370262721502 -0.0013898610307892596 0.0021448389825943323 0.0030611290120355346 -0.00084858509271873721 -0.00025884235536407211 4.6171701613347975e-05 0.0014172894596587865 0.0022201492989302745 -0.00030105148279108108 0.00010592649343465878 -0.0011708995960973971 -0.00026914817087352277 0.00057895100138017112 -2.0584743270384403e-05 0.0011221523609606912 -0.00075890188139338198 4.0705533868731426e-05
leaf_weight=32 24 27 191 39 20 35 42 20 61 29 50 56 26 88 27 50 240 613 24 59 27 53 54 28 24 34 20 27 93 31
leaf_count=32 24 27 191 39 20 35 42 20 61 29 50 56 26 88 27 50 240 613 24 59 27 53 54 28 24 34 20 27 93 31
internal_value=1.13511e-05 0.000671475 0.000477765 9.87883e-05 0.00242532 0.00106346 0.0016017 -0.000357373 -0.00021744 -0.000314988 0.000420814 0.000419551 -0.000849715 -0.0006918 0.000936984 0.00230569 -0.000367722 -0.000429085 0.000133408 0.000633874 0.00139269 0.000378417 -0.000684597 -0.000302773 0.000372349 1.14376e-05 -0.00099736 0.000684126 -0.0010881 0.000521045
internal_weight=2144 771 697 427 74 270 148 1373 1075 937 138 306 298 272 88 92 908 853 71 250 47 122 121 82 56 87 201 51 181 55
internal_count=2144 771 697 427 74 270 148 1373 1075 937 138 306 298 272 88 92 908 853 71 250 47 122 121 82 56 87 201 51 181 55
is_linear=0
shrinkage=0.03


Tree=91
num_leaves=31
num_cat=0
split_feature=20 22 23 14 15 9 21 11 15 25 20 16 22 19 22 23 15 23 6 23 15 21 22 23 16 23 19 22 11 22
split_gain=0.356133 0.378264 0.293415 0.147397 0.144882 0.11553 0.100861 0.0996981 0.094078 0.0922946 0.0750712 0.0730155 0.0717006 0.0695105 0.064225 0.0498148 0.0482823 0.0835444 0.0469376 0.0439702 0.0412027 0.0404933 0.0387935 0.0370963 0.0364452 0.0315707 0.0392534 0.0288529 0.0174916 0.0154615
threshold=2.2750000000000004 279.88200000000006 2726.0000000000005 0.041074451136162905 0.016779275135539552 0.94488327545576489 12.644999980926515 0.96768140863062624 0.027100691307826053 8.4500000000000011 1.9850000000000001 33.83128323046877 269.51850000000007 93.895000457763686 265.78750000000008 1538.5000000000002 0.011898742528625052 1648.0000000000002 -0.0078577705137099982 3878.5000000000005 0.030984212198568804 16.394999504089359 247.54450000000003 2067.5000000000005 37.229917966978398 2451.0000000000005 99.970001220703139 252.68050000000002 1.0185651436701424 244.21800000000005
decision_type=2 2 2 2 2 2 2 2 2 2 2 2 2 2 2 2 2 2 2 2 2 2 2 2 2 2 2 2 2 2
left_child=1 2 10 -3 7 19 22 -2 13 -10 12 -8 14 -7 -1 20 -9 -18 -5 21 -13 -4 25 -19 -12 26 -6 -17 -26 -27
right_child=4 3 5 18 6 8 11 16 9 -11 24 15 -14 -15 -16 27 17 23 -20 -21 -22 -23 -24 -25 28 29 -28 -29 -30 -31
leaf_value=0.00097153675466927374 -0.00065263300921931369 0.0044472212921828026 0.00015144493206239797 7.7941145082669584e-05 -0.00039749365819196378 5.719905488658696e-05 0.0005525576951609844 -0.00040930964448246718 -0.00029362566663004608 0.00076835627627973302 0.0012966722257967507 -0.001053003234424345 -0.00014669126296097313 -0.00099895192880292182 0.0022857386437089493 -0.00098160708735737525 0.00011040357702727158 0.0025829930230332858 0.0021559235945210922 -0.00037993990360700995 0.00072366161428331194 0.0016236223038844763 0.00060158137771650219 0.00078788255158297976 0.00014673064339894621 -0.00091843794465636499 0.00095220567225478593 -0.001680862716782501 -0.0007005087724658019 -0.00022215061452141247
leaf_weight=258 77 23 33 20 52 69 22 26 264 101 20 22 37 211 44 187 61 28 27 20 22 49 39 28 81 87 29 115 28 64
leaf_count=258 77 23 33 20 52 69 22 26 264 101 20 22 37 211 44 187 61 28 27 20 22 49 39 28 81 87 29 115 28 64
internal_value=1.13239e-05 0.00032872 0.000201479 0.00246107 -0.000459819 -0.000164252 -0.0006892 0.000192958 -0.000316118 0 0.000790745 -0.0010146 0.00102621 -0.000728733 0.00117982 -0.0011242 0.00067048 0.000937292 0.00135422 0.000760694 -0.000101663 0.00107627 -0.000234191 0.00176764 0.000145748 -0.000389542 5.48659e-05 -0.00126245 -4.80258e-05 -0.000646463
internal_weight=2144 1285 1215 70 859 747 639 220 645 365 468 368 339 280 302 346 143 117 47 102 44 82 271 56 129 232 81 302 109 151
internal_count=2144 1285 1215 70 859 747 639 220 645 365 468 368 339 280 302 346 143 117 47 102 44 82 271 56 129 232 81 302 109 151
is_linear=0
shrinkage=0.03


Tree=92
num_leaves=31
num_cat=0
split_feature=26 23 16 23 23 16 8 26 20 20 16 23 22 20 15 22 26 26 24 26 22 8 22 21 26 22 23 21 15 21
split_gain=0.523156 0.218615 0.180019 0.106345 0.103528 0.093806 0.0809114 0.0801478 0.107094 0.106497 0.0785235 0.0747188 0.0738444 0.0602867 0.0591998 0.055533 0.0712319 0.0503431 0.0551874 0.0478494 0.0419691 0.0593037 0.0421276 0.0376707 0.028724 0.0283431 0.0280116 0.021741 0.0303786 0.0212297
threshold=651.50000000000011 2808.5000000000005 41.092507246133927 2395.5000000000005 3557.5000000000005 57.989981599612733 1.0558684618137433 838.50000000000011 2.6150000000000007 2.7950000000000004 41.734881966333568 2096.0000000000005 256.23300000000006 2.5950000000000002 0.013084497551695851 265.78750000000008 381.00000000000006 1070.0000000000002 23.450000000000003 253.50000000000003 275.23000000000008 0.99213540878183204 273.29300000000006 19.964999198913578 405.00000000000006 269.51850000000007 2038.5000000000002 11.025000095367433 0.021895706717328354 24.255000114440922
decision_type=2 2 2 2 2 2 2 2 2 2 2 2 2 2 2 2 2 2 2 2 2 2 2 2 2 2 2 2 2 2
left_child=1 5 4 6 -3 15 7 8 26 13 23 -7 17 -9 -11 16 -1 18 -12 -4 22 -22 -21 27 -18 -13 -2 -5 -29 -17
right_child=3 2 19 10 -6 11 -8 9 -10 14 12 25 -14 -15 -16 29 24 -19 -20 20 21 -23 -24 -25 -26 -27 -28 28 -30 -31
leaf_value=0.0027542084104798989 0.0021156799406744538 0.0030858842849667213 0.0012526748364504712 0.00070843145843004678 0.00037038259912314345 0.0020659867823123934 -0.0016696225290571208 -0.00020471024289300195 -0.0002676685596699826 -0.0002526448371156337 -0.00053657386117318478 0.0006922118815212942 -0.0016371791016740295 -0.0011927725674188393 0.0010352149727973429 0.0035949898210290644 0 -0.0011666247740671363 0.00071949344274418602 -0.00011009606577101671 -0.00042731780753187511 0.0014763752086334586 -0.0014656210371050173 -0.00086798572241871918 0.0012261305498844856 -0.00037877200541855849 0.00079332320189432176 -0.00066084468008305579 0.00023095649219005243 0.0016795313260518014
leaf_weight=28 32 28 25 40 28 22 25 243 59 46 329 40 77 76 84 21 26 114 32 297 22 33 22 44 86 45 50 51 96 23
leaf_count=28 32 28 25 40 28 22 25 243 59 46 329 40 77 76 84 21 26 114 32 297 22 33 22 44 86 45 50 51 96 23
internal_value=1.13123e-05 0.000653674 0.000233886 -0.000329542 0.00181108 0.00129672 -2.90052e-05 3.81438e-05 0.000663499 -0.000152608 -0.000561432 0.000541434 -0.000756217 -0.000452477 0.00055816 0.00171442 0.00136007 -0.000603966 -0.000415265 1.0502e-06 -7.77319e-05 0.000667294 -0.000217243 -8.1788e-05 0.000963694 9.25253e-05 0.00136478 9.08752e-05 -6.05483e-05 0.00271997
internal_weight=2144 746 455 1398 56 291 615 590 141 449 783 107 552 319 130 184 140 475 361 399 374 55 319 231 112 85 82 187 147 44
internal_count=2144 746 455 1398 56 291 615 590 141 449 783 107 552 319 130 184 140 475 361 399 374 55 319 231 112 85 82 187 147 44
is_linear=0
shrinkage=0.03


Tree=93
num_leaves=31
num_cat=0
split_feature=26 23 16 23 23 16 8 19 26 26 20 20 23 21 23 22 15 22 26 26 22 22 8 22 17 17 22 21 21 17
split_gain=0.493875 0.20653 0.170073 0.100038 0.0972772 0.0884475 0.0762952 0.0762883 0.11945 0.07557 0.101178 0.100216 0.0704797 0.0632259 0.0679638 0.0592736 0.0558546 0.0522453 0.0669178 0.0451411 0.0430267 0.0394512 0.0560358 0.0400148 0.0329719 0.0312681 0.0267242 0.0260255 0.019537 0.0175443
threshold=651.50000000000011 2808.5000000000005 41.092507246133927 2395.5000000000005 3557.5000000000005 57.989981599612733 1.0558684618137433 100.31000137329103 728.50000000000011 838.50000000000011 2.6150000000000007 2.7950000000000004 2096.0000000000005 16.045000076293949 3097.0000000000005 255.26450000000003 0.013084497551695851 265.78750000000008 381.00000000000006 253.50000000000003 236.61750000000004 275.23000000000008 0.99213540878183204 240.38350000000003 -0.0050852542024182991 0.0011826060075713501 269.51850000000007 11.97499990463257 24.255000114440922 -0.0087638616230922995
decision_type=2 2 2 2 2 2 2 2 2 2 2 2 2 2 2 2 2 2 2 2 2 2 2 2 2 2 2 2 2 2
left_child=1 5 4 6 -3 17 9 8 -5 10 25 15 -7 14 -10 -11 -13 18 -1 -4 -15 23 -23 -21 -20 -2 -14 -9 -19 -12
right_child=3 2 19 7 -6 12 -8 27 13 11 29 16 26 20 -16 -17 -18 28 24 21 -22 22 -24 -25 -26 -27 -28 -29 -30 -31
leaf_value=0.0026744313550278028 0.0022210548575468626 0.0029965000375784161 0.0012165399605157568 0.0013344200686401415 0.00035965427531106078 0.002006701924959602 -0.0016214603489855875 -0.00085500861269732309 2.6640896068839659e-05 -0.00056047036089743919 0.00036062067820291437 -0.0002452267555192056 0.00067195202961916147 0 -0.00068309632651954036 0.00095328207022976131 0.0010045238968248561 0.0034920424279248847 0.00012157991678955463 0.00037618491773842833 -0.0011157138399516149 -0.00041505566871036654 0.0014333866177578729 -0.00040155900408027822 0.0013065656943619251 0.00080118479906481554 -0.00036765587054010803 -0.0025861126458780331 0.0016312447837553915 -0.00065398437138064762
leaf_weight=28 27 28 25 30 28 22 25 26 228 296 20 46 40 34 241 23 84 21 38 74 203 22 33 245 74 55 45 21 23 39
leaf_count=28 27 28 25 30 28 22 25 26 228 296 20 46 40 34 241 23 84 21 38 74 203 22 33 245 74 55 45 21 23 39
internal_value=1.12273e-05 0.000635391 0.000227144 -0.00031991 0.00176015 0.00126048 -2.82638e-05 -0.000544827 -0.00046291 3.67978e-05 0.000644152 -0.000148271 0.000525852 -0.000545306 -0.000332359 -0.000439315 0.000540907 0.00166631 0.00132122 6.23144e-07 -0.000950937 -7.56821e-05 0.00064623 -0.000211155 0.0009357 0.00132597 8.88124e-05 -0.00172874 0.00264388 -0.000259772
internal_weight=2144 746 455 1398 56 291 615 783 736 590 141 449 107 706 469 319 130 184 140 399 237 374 55 319 112 82 85 47 44 59
internal_count=2144 746 455 1398 56 291 615 783 736 590 141 449 107 706 469 319 130 184 140 399 237 374 55 319 112 82 85 47 44 59
is_linear=0
shrinkage=0.03


Tree=94
num_leaves=31
num_cat=0
split_feature=26 23 16 23 17 23 9 16 22 22 15 14 23 17 15 23 20 22 22 26 20 26 13 19 16 25 7 16 22 25
split_gain=0.466357 0.194969 0.160576 0.0945882 0.115987 0.0913933 0.0837723 0.0768297 0.0814689 0.0855929 0.0914639 0.0693009 0.0687738 0.0803752 0.0560837 0.049587 0.0492864 0.0466528 0.0456051 0.124443 0.120125 0.0425494 0.0392965 0.0389886 0.0367065 0.0314013 0.0285271 0.027457 0.0253548 0.0226631
threshold=651.50000000000011 2808.5000000000005 41.092507246133927 2091.5000000000005 0.0037849093391765006 3557.5000000000005 0.94488327545576489 34.405600573022916 252.37150000000003 243.75500000000002 0.043169704047002905 0.027322620759892353 1890.5000000000002 0.0021505989019919005 0.019230359058850552 2726.0000000000005 2.6150000000000007 269.51850000000007 250.50950000000003 1051.5000000000002 2.4350000000000005 253.50000000000003 1.1302133166180657 95.975002288818374 57.181089092610073 8.6500000000000004 0.041770778792520308 28.759090398615879 275.23000000000008 4.6500000000000012
decision_type=2 2 2 2 2 2 2 2 2 2 2 2 2 2 2 2 2 2 2 2 2 2 2 2 2 2 2 2 2 2
left_child=1 6 5 4 18 -3 -1 14 9 10 -9 15 13 -8 -5 -10 -6 29 25 20 -20 -4 28 -18 -11 -2 -19 -16 -23 -14
right_child=3 2 21 7 16 -7 12 8 11 24 -12 -13 17 -15 27 -17 23 26 19 -21 -22 22 -24 -25 -26 -27 -28 -29 -30 -31
leaf_value=0.0030475462706830432 0.00021016015704959193 0.0029097048868585761 0.0011814474768650073 -0.00090071321329609913 -0.00013456431025742161 0.00034923670110533595 0.00080494546806760903 -0.00086784027688221728 0.00040233521189321226 0.00018649036159906025 0.00078276156121864912 -0.0014574584206960897 0.00082821267898567014 0.0034028335417388002 0.0016236756449751555 -0.00084380906055160805 -0.00018476267241534182 -0.00053836796004907224 0.0015061123834217568 0.0027671766765415668 -0.00034343134952101949 -0.00010199392493672617 -0.0012478358059597667 -0.0020278502969833258 -0.00058441379880819666 -0.0010058585282253182 0.00071852360155025957 0.0002460477135095442 0.00059877601894338351 0.0018611254167150365
leaf_weight=22 112 28 25 21 77 28 28 292 38 232 31 143 124 23 24 88 21 31 50 23 78 297 23 32 72 22 31 42 54 32
leaf_count=22 112 28 25 21 77 28 28 292 38 232 31 143 124 23 24 88 21 31 50 23 78 297 23 32 72 22 31 42 54 32
internal_value=1.14186e-05 0.00061798 0.000221091 -0.00031032 6.30442e-05 0.00171069 0.00122539 -0.000470899 -0.000554873 -0.000358979 -0.000698237 -0.000997341 0.00105452 0.00207714 0.000356321 -0.000444157 -0.000667785 0.00079319 0.000408064 0.000763769 0.000361866 7.70166e-07 -7.30922e-05 -0.00137007 0 0 4.38886e-05 0.000808536 0 0.00106971
internal_weight=2144 746 455 1398 415 56 291 983 896 627 323 269 269 51 87 126 130 218 285 151 128 399 374 53 304 134 62 66 351 156
internal_count=2144 746 455 1398 415 56 291 983 896 627 323 269 269 51 87 126 130 218 285 151 128 399 374 53 304 134 62 66 351 156
is_linear=0
shrinkage=0.03


Tree=95
num_leaves=31
num_cat=0
split_feature=26 11 23 19 10 11 23 23 20 20 19 13 23 20 20 21 20 21 22 21 21 25 23 8 20 9 20 20 9 21
split_gain=0.442482 0.219777 0.168366 0.113932 0.107963 0.103776 0.102801 0.0777292 0.0754591 0.110725 0.0708769 0.0808767 0.0598183 0.0513196 0.0498977 0.0473074 0.0464887 0.0455398 0.0445375 0.0411663 0.0400479 0.0393831 0.0368482 0.0349791 0.0332817 0.0269404 0.0233365 0.0370362 0.0186678 0.0174799
threshold=710.50000000000011 0.97299183755563501 2726.0000000000005 99.875000000000014 1.0371786985380138 0.80381826733462947 3097.0000000000005 1890.5000000000002 2.3250000000000006 2.8650000000000007 93.895000457763686 0.94907642745246823 2474.0000000000005 1.6150000000000004 2.2150000000000003 12.969999790191652 2.3950000000000005 17.564999580383304 260.15800000000007 18.144999504089366 16.685000419616703 0.8500000000000002 2451.0000000000005 1.0208486846677867 2.3850000000000002 0.94258213744689423 2.2650000000000001 2.8350000000000004 0.95688035665944582 10.59500026702881
decision_type=2 2 2 2 2 2 2 2 2 2 2 2 2 2 2 2 2 2 2 2 2 2 2 2 2 2 2 2 2 2
left_child=1 5 3 7 6 -1 8 -3 10 22 -2 -12 -7 -9 28 24 18 -11 19 -4 -20 29 -10 25 -6 -14 -17 -28 -8 -16
right_child=4 2 16 -5 15 12 14 13 9 17 11 -13 23 -15 21 26 -18 -19 20 -21 -22 -23 -24 -25 -26 -27 27 -29 -30 -31
leaf_value=0.0033547355616465211 0.0017479970681946724 0.0022537384439441982 -0.0001494315495544984 -0.00064488435483134874 -0.00096356226053890257 0.0022026263114064931 -0.00021721586547510956 0.00031694205643301735 -0.00032961886364143441 0.00095597734246635801 0.0011446415787851887 -7.5142070819209851e-05 0.0010897656911318856 0.0014235906906837504 0.00095103950485248467 -0.00049775051501770083 -0.0012789423804264513 -0.00012708429083356569 0.00047056174678644836 0.00066372400515384087 -0.00075896980086040107 -0.00075641161705534065 -0.0010628500579035428 0.0016956482468239431 0.00010574703397670466 0.00012681263393786045 -0.0020403580026917361 -0.00080182495106227605 -0.0012339378131268933 -2.2207095410347851e-05
leaf_weight=22 29 45 114 36 42 39 28 102 231 74 61 215 48 70 21 43 29 57 27 101 103 66 96 34 56 75 57 56 121 46
leaf_count=22 29 45 114 36 42 39 28 102 231 74 61 215 48 70 21 43 29 57 27 101 103 66 96 34 56 75 57 56 121 46
internal_value=1.14284e-05 0.000546772 0.000254651 0.000852485 -0.000334658 0.00136826 -0.000195701 0.00111648 -1.05545e-05 -0.000257605 0.000350252 0.000186777 0.00111416 0.000790289 -0.000684241 -0.000891574 -0.00014296 0.000464602 -3.53812e-05 0.000219978 -0.000479062 -0.000229854 -0.00055661 0.000812557 -0.000327329 0.000532551 -0.00122258 -0.00146531 -0.0010656 0.000248223
internal_weight=2144 845 627 253 1299 218 1045 217 763 458 305 276 196 172 282 254 374 131 345 215 130 133 327 157 98 123 156 113 149 67
internal_count=2144 845 627 253 1299 218 1045 217 763 458 305 276 196 172 282 254 374 131 345 215 130 133 327 157 98 123 156 113 149 67
is_linear=0
shrinkage=0.03


Tree=96
num_leaves=31
num_cat=0
split_feature=20 22 23 14 15 15 11 21 14 17 19 11 25 11 23 23 17 23 17 11 13 23 15 22 5 23 15 22 13 21
split_gain=0.277582 0.303235 0.228877 0.133527 0.114323 0.0927683 0.0859595 0.0833085 0.0604919 0.124141 0.059048 0.0666331 0.0568662 0.0574087 0.0563568 0.063394 0.0495037 0.0450751 0.0421585 0.079479 0.0361321 0.0393054 0.0340702 0.0338067 0.0336278 0.026688 0.0333689 0.0231247 0.0218518 0.0149897
threshold=2.2750000000000004 279.88200000000006 2726.0000000000005 0.041074451136162905 0.016779275135539552 0.027029316686300802 0.96768140863062624 12.644999980926515 0.035560050367324209 0.0040368802384293011 91.710002899169936 0.96513121578537631 9.3500000000000032 1.0516486713777011 3091.5000000000005 2995.0000000000005 0.0014548115437140001 3757.5000000000005 0.0018126328846517503 1.0222288150494174 0.87595802985792803 1538.5000000000002 0.030984212198568804 247.54450000000003 0.024883701184390504 2451.0000000000005 0.026897503564834901 252.68050000000002 1.0410298319389386 13.125000000000002
decision_type=2 2 2 2 2 2 2 2 2 2 2 2 2 2 2 2 2 2 2 2 2 2 2 2 2 2 2 2 2 2
left_child=1 2 8 -3 6 14 29 23 10 -10 28 -12 13 -7 15 -4 -5 -16 19 -8 -9 22 -22 25 -14 26 -6 -23 -1 -2
right_child=4 3 5 16 7 12 18 20 9 -11 11 -13 24 -15 17 -17 -18 -19 -20 -21 21 27 -24 -25 -26 -27 -28 -29 -30 -31
leaf_value=0.0018370984061155467 -0.001117553309283473 0.0040855883313342927 -0.0004727886549015061 0.0022600576249616486 -0.00024515257572033257 0.00021562372737231618 0.00032257924821227786 4.9712092166633471e-05 0.0026149787448479659 0.00024318635997672876 0.00072244304992434127 -0.00013270780763216734 0.0010703464393625739 -0.00060011760935936445 -0.0010628482139378591 0.0010672287051428984 0.00016985680992781584 0.00013140135424910112 3.6627748696732195e-05 0.0024746964274762343 -0.00094559522519778948 -0.00087001523611764911 0.00067060573251270079 0.00058590666086529388 -0.00019075187302327581 -0.00057694948361007071 0.0011269471509648219 -0.0015173863219953897 0.00043365748086944225 -0.00016714216204633453
leaf_weight=39 32 23 81 20 61 234 49 27 41 44 182 139 75 114 161 33 27 29 69 25 22 192 22 39 20 151 20 105 23 45
leaf_count=39 32 23 81 20 61 234 49 27 41 44 182 139 75 114 161 33 27 29 69 25 22 192 22 39 20 151 20 105 23 45
internal_value=1.11071e-05 0.000291477 0.000177277 0.002201 -0.000404669 -0.000145353 0.00017406 -0.000608566 0.000697851 0.00143922 0.000522187 0.000343565 0.000126123 -4.39597e-05 -0.000549909 0 0.00115036 -0.000865128 0.000618299 0.00111295 -0.000904305 -0.00098854 -7.38835e-05 -0.000194094 0.000774381 -0.000340042 6.66638e-05 -0.00111327 0.00137923 -0.000609844
internal_weight=2144 1285 1215 70 859 747 220 639 468 85 383 321 443 348 304 114 47 190 143 74 368 341 44 271 95 232 81 297 62 77
internal_count=2144 1285 1215 70 859 747 220 639 468 85 383 321 443 348 304 114 47 190 143 74 368 341 44 271 95 232 81 297 62 77
is_linear=0
shrinkage=0.03


Tree=97
num_leaves=31
num_cat=0
split_feature=26 11 23 19 10 11 23 23 22 24 19 25 26 24 23 2 21 15 18 25 11 21 19 8 7 26 15 8 15 16
split_gain=0.401723 0.202701 0.146963 0.105358 0.101897 0.0968029 0.0926252 0.0749828 0.061047 0.117424 0.0862134 0.0720755 0.0706499 0.0593128 0.0773059 0.0466022 0.0457452 0.0445978 0.0444483 0.0404592 0.0414257 0.0329953 0.031885 0.0385236 0.0298931 0.0280898 0.0345744 0.0199502 0.0194696 0.0180834
threshold=720.50000000000011 0.97299183755563501 2726.0000000000005 99.475002288818374 1.0371786985380138 0.80381826733462947 3097.0000000000005 1890.5000000000002 243.75500000000002 18.150000000000002 95.125000000000014 7.5500000000000007 1025.5000000000002 10.350000000000003 2885.5000000000005 -0.012719373210734148 12.969999790191652 0.025781519126149954 1.1591888199931435 11.350000000000003 1.2335733118731345 11.355000019073488 92.884998321533217 1.01345375629517 0.065483983900939458 441.50000000000006 0.044026904155555005 1.0032631729433661 0.034478316340405359 57.989981599612733
decision_type=2 2 2 2 2 2 2 2 2 2 2 2 2 2 2 2 2 2 2 2 2 2 2 2 2 2 2 2 2 2
left_child=1 5 3 7 6 -1 8 -3 11 10 -10 -2 -11 14 -7 -9 29 -8 -5 20 24 -19 -15 -24 -4 26 -21 -27 -23 -6
right_child=4 2 19 18 16 13 17 15 9 12 -12 -13 -14 22 -16 -17 -18 21 -20 25 -22 28 23 -25 -26 27 -28 -29 -30 -31
leaf_value=0.0032185921294857625 0.00014397261132261571 0.0022615451198504414 -0.00038283560698246352 0.00026932092936975615 0.00035274843616492075 0.0030066715960615662 -0.0010030996861818244 0.0016773933737379747 0.0010175204417755596 0 8.5396520090926442e-05 -0.00089080226732006008 -0.0015550455981152777 -5.598030525904435e-05 0.00090138157805351785 0.00043859952257432758 -0.0011999478655640155 0.00060663035689222241 -0.001407897640358318 0.0015101899072527884 -0.001635656734130212 -0.0008466623068951744 0.00046560519301731671 0.0020487555343107404 0.00040432117587009157 0.00044059584978302672 0 -0.00077468475154135377 0 -0.00054934970339663421
leaf_weight=22 105 42 202 34 22 28 152 40 135 55 285 129 48 38 51 121 152 30 21 29 20 57 62 21 51 20 29 24 43 76
leaf_count=22 105 42 202 34 22 28 152 40 135 55 285 129 48 38 51 121 152 30 21 29 20 57 62 21 51 20 29 24 43 76
internal_value=1.11965e-05 0.000516421 0.000236184 0.000787572 -0.000321736 0.00129738 -0.000186789 0.00110553 -9.63397e-06 0.00016649 0.000393839 -0.000415077 -0.000726592 0.00105616 0.00171332 0.000773347 -0.000867644 -0.000650029 -0.000331206 -0.000136278 -0.000332262 -0.000209801 0.000591988 0.000921497 -0.000211382 0.000357272 0.000795147 -0.000158102 -0.000488014 -0.000315017
internal_weight=2144 855 633 258 1289 222 1039 203 757 523 420 234 103 200 79 161 250 282 55 375 273 130 121 83 253 102 58 44 100 98
internal_count=2144 855 633 258 1289 222 1039 203 757 523 420 234 103 200 79 161 250 282 55 375 273 130 121 83 253 102 58 44 100 98
is_linear=0
shrinkage=0.03


Tree=98
num_leaves=30
num_cat=0
split_feature=26 11 22 14 12 20 19 17 15 26 19 26 26 25 19 25 11 22 22 26 17 20 11 26 16 15 2 17 17
split_gain=0.379186 0.165005 0.08944 0.0924025 0.0784286 0.0707518 0.0695209 0.0568235 0.0565386 0.0506281 0.0865939 0.0970652 0.0790204 0.0773032 0.0767121 0.0690569 0.0485111 0.0533026 0.0509906 0.0478455 0.0274238 0.0290028 0.0224461 0.0171406 0.0163808 0.00486604 0.00253798 0.000518836 0.0151626
threshold=651.50000000000011 1.0443904496543615 265.78750000000008 0.044156517429734254 1.0738764885872041 0.76500000000000012 90.799999237060561 0.0047753983102044508 0.054314218413156257 1868.5000000000002 94.825000762939467 794.50000000000011 946.50000000000011 2.6500000000000008 92.755001068115249 0.55000000000000016 1.2498709173383851 275.23000000000008 240.38350000000003 896.00000000000011 0.00065796269979970007 1.1250000000000002 0.97225004930028558 267.50000000000006 62.774243796277887 0.032936385628116759 0.048120154093072305 -0.0059885893165266494 0.0020570454133548004
decision_type=2 2 2 2 2 2 2 2 2 2 2 2 2 2 2 2 2 2 2 2 2 2 2 2 2 2 2 2 2
left_child=1 2 5 -4 9 7 24 23 -5 10 12 13 15 -12 -14 -2 17 18 -8 -13 22 -22 -7 -1 -3 27 -6 -11 -29
right_child=4 6 3 8 26 20 16 -9 -10 25 11 19 14 -15 -16 -17 -18 -19 -20 -21 21 -23 -24 -25 -26 -27 -28 28 -30
leaf_value=0.0012059164529459343 0.00053728136876704915 0.00044997894024962314 0.0032435879253391777 1.7974029527977052e-06 -0.00094481959358295954 0.00047335253892260665 0.0006185719190301218 2.555358170398643e-05 0.001968801198154688 -0.0012791137044051925 0.00042101258197906695 -0.00090520087401545928 0 -0.00079532157960347826 0.0011246973941306351 -0.00084020226716966136 -0.0010959095414195741 0.0012037989915732075 -0.00031157868926330053 -0.00032528724192707164 0 0.0013080256691761314 -0.00027582137067235489 0.0027359335029808183 0.0019078120291233062 -0.00018284115709526382 -0.0019045141061175275 -0.00012711523247583369 -0.0010865991532589996
leaf_weight=26 48 22 30 29 33 85 71 20 29 27 205 220 113 59 111 89 34 33 195 371 21 49 56 26 20 22 21 34 45
leaf_count=26 48 22 30 29 33 85 71 20 29 27 205 220 113 59 111 89 34 33 195 371 21 49 56 26 20 22 21 34 45
internal_value=1.12187e-05 0.000558288 0.00100696 0.00186145 -0.000278754 0.000725066 0.00010493 0.00154749 0.00105285 -0.000230449 -0.000167215 -0.000332999 0.000216978 0.000135884 0.000568166 -0.000335445 -3.28141e-05 8.13231e-05 -5.06826e-05 -0.000547392 0.000424302 0.000915008 0.000154835 0.00206472 0.00124218 -0.000801962 -0.00140042 -0.000899512 -0.000717907
internal_weight=2144 746 371 88 1398 283 375 72 58 1344 1216 855 361 264 224 137 333 299 266 591 211 70 141 52 42 128 54 106 79
internal_count=2144 746 371 88 1398 283 375 72 58 1344 1216 855 361 264 224 137 333 299 266 591 211 70 141 52 42 128 54 106 79
is_linear=0
shrinkage=0.03


Tree=99
num_leaves=31
num_cat=0
split_feature=26 11 23 19 10 11 23 23 20 14 16 20 19 13 24 23 14 20 2 21 22 9 21 21 20 19 8 20 22 20
split_gain=0.359104 0.184428 0.134588 0.0957907 0.0942535 0.0898518 0.0845866 0.0688462 0.0658421 0.100276 0.0906172 0.0676831 0.0620795 0.0722187 0.0545118 0.070987 0.0463485 0.0441371 0.044057 0.0419754 0.0406252 0.038442 0.0370148 0.0365367 0.0307706 0.0293406 0.0357099 0.028303 0.0235797 0.0232216
threshold=720.50000000000011 0.97299183755563501 2726.0000000000005 99.475002288818374 1.0371786985380138 0.80381826733462947 3097.0000000000005 1890.5000000000002 2.3250000000000006 0.019836233390488102 33.83128323046877 2.8650000000000007 93.895000457763686 0.94907642745246823 10.350000000000003 2885.5000000000005 0.023073743205918502 2.3950000000000005 -0.012719373210734148 12.969999790191652 260.15800000000007 1.0288124566745076 18.144999504089366 16.685000419616703 2.2250000000000005 92.884998321533217 1.01345375629517 2.3850000000000002 246.95500000000001 2.2650000000000001
decision_type=2 2 2 2 2 2 2 2 2 2 2 2 2 2 2 2 2 2 2 2 2 2 2 2 2 2 2 2 2 2
left_child=1 5 3 7 6 -1 8 -3 12 11 -11 -10 -2 -14 15 -7 -8 20 -9 27 22 -5 -4 -22 -18 -16 -27 -6 -26 -21
right_child=4 2 17 21 19 14 16 18 9 10 -12 -13 13 -15 25 -17 24 -19 -20 29 23 -23 -24 -25 28 26 -28 -29 -30 -31
leaf_value=0.0030857266233829052 0.001640757829422364 0.002161191459268678 -0.0001339431397154998 0.00043514715370434313 -0.00088527484998366854 0.0028716668039560312 -0.0010078108592337849 0.0016115028640686919 -0.00019288577990952559 0.000959522749281446 -0.0010412798077015395 0.00081403121946516024 0.0010830289984312383 -6.899799028340365e-05 -6.4691191324247753e-05 0.0008502691405771586 -0.00065309953988404836 -0.0012219606045006414 0.00040727125382867684 -0.00043433487612822897 0.00045165747060673311 -0.0010812372393578698 0.00063586510097443617 -0.0007207345405594633 -0.00013473141158465294 0.00043097522191792018 0.0019565537078941068 9.8103161576498091e-05 0.00096641298806760456 -0.0013947133332035844
leaf_weight=22 29 42 114 26 42 28 140 40 186 21 159 86 61 215 38 51 71 30 121 43 27 29 101 103 47 62 21 56 24 109
leaf_count=22 29 42 114 26 42 28 140 40 186 21 159 86 61 215 38 51 71 30 121 43 27 29 101 103 47 62 21 56 24 109
internal_value=1.10442e-05 0.000488788 0.000221239 0.000749042 -0.000303653 0.0012338 -0.000173758 0.0010524 -4.32352e-06 -0.000237846 -0.000787267 0.000116304 0.000331591 0.000177777 0.00100082 0.00163115 -0.000616365 -0.000134936 0.000733078 -0.000828702 -2.84832e-05 -0.00031586 0.000215068 -0.000452748 -0.000205105 0.000554694 0.000871376 -0.000297727 0.000204072 -0.00114725
internal_weight=2144 855 633 258 1289 222 1039 203 757 452 180 272 305 276 200 79 282 375 161 250 345 55 215 130 142 121 83 98 71 152
internal_count=2144 855 633 258 1289 222 1039 203 757 452 180 272 305 276 200 79 282 375 161 250 345 55 215 130 142 121 83 98 71 152
is_linear=0
shrinkage=0.03


Tree=100
num_leaves=31
num_cat=0
split_feature=20 22 23 14 15 20 15 11 22 21 12 6 23 19 15 23 24 10 10 23 23 22 15 22 23 15 18 21 22 12
split_gain=0.229901 0.25337 0.191899 0.117086 0.0930728 0.0782955 0.085495 0.0758443 0.0727222 0.0710664 0.0604808 0.0474974 0.0439541 0.0429821 0.0391533 0.0677731 0.0343862 0.0334608 0.030993 0.0333248 0.0290702 0.0287563 0.0278177 0.0262626 0.0245969 0.0295041 0.0217013 0.0145673 0.0132241 0.00960771
threshold=2.2750000000000004 279.88200000000006 2726.0000000000005 0.041074451136162905 0.016779275135539552 0.76500000000000012 0.05351318301155731 0.96768140863062624 245.80900000000003 12.644999980926515 0.94913911784837757 -0.0078577705137099982 3256.0000000000005 91.710002899169936 0.011898742528625052 1648.0000000000002 16.950000000000003 1.0799414854788363 0.86656316386426013 1538.5000000000002 2067.5000000000005 247.54450000000003 0.030984212198568804 253.04550000000003 2451.0000000000005 0.026897503564834901 0.9449510379449011 13.125000000000002 244.21800000000005 1.0020286782424324
decision_type=2 2 2 2 2 2 2 2 2 2 2 2 2 2 2 2 2 2 2 2 2 2 2 2 2 2 2 2 2 2
left_child=1 2 10 -3 7 12 8 27 -7 21 -1 -5 -4 16 -9 29 -12 -15 26 22 -17 24 -20 -21 25 -6 -11 -2 -26 -16
right_child=4 3 5 11 9 6 -8 14 -10 18 13 -13 -14 17 15 20 -18 -19 19 23 -22 -23 -24 -25 28 -27 -28 -29 -30 -31
leaf_value=0.0019598953521044382 -0.0010803339513738386 0.0037768678118009118 0.0014169441306191245 0 -0.00020311524859449316 -3.4095187472108886e-05 0.0012208180151541124 -0.00039482575851596067 -0.00069386255729477864 -0.00073275227482769308 0.0016700891219638286 0.0018243910508795773 1.2228049404386959e-05 0.00047300483776492662 0.00054026922004637664 0.0022874222375394307 8.4940194597710731e-05 -0.00062109634242486214 -0.00086973621648655315 -0.00084561797737229898 0.00067698609599329792 0.00055042741344077514 0.00058652132974289684 -0.0016196055717874139 -0.00078004151523716487 0.0010827266200046455 0.00057930848127959859 -0.00014595638994512186 -0.00014050185942144779 -0.00018906265164952019
leaf_weight=30 32 23 40 20 61 350 32 26 277 21 49 27 48 343 25 28 22 24 22 214 28 39 22 67 87 20 22 45 64 36
leaf_count=30 32 23 40 20 61 350 32 26 277 21 49 27 48 343 25 28 22 24 22 214 28 39 22 67 87 20 22 45 64 36
internal_value=1.09566e-05 0.000266232 0.000161612 0.00201202 -0.000367293 -0.00013353 -0.000249355 0.00015382 -0.000330989 -0.000551354 0.000638382 0.00102518 0.00069319 0.000536775 0.000571939 0.000813725 0.00122858 0.00039181 -0.00082453 -0.000924709 0.00156084 -0.000167702 -7.80876e-05 -0.00104589 -0.000303142 8.71233e-05 0 -0.000581603 -0.000531423 6.53497e-05
internal_weight=2144 1285 1215 70 859 747 659 220 627 639 468 47 88 438 143 117 71 367 368 325 56 271 44 281 232 81 43 77 151 61
internal_count=2144 1285 1215 70 859 747 659 220 627 639 468 47 88 438 143 117 71 367 368 325 56 271 44 281 232 81 43 77 151 61
is_linear=0
shrinkage=0.03


Tree=101
num_leaves=31
num_cat=0
split_feature=26 11 23 11 10 11 23 20 26 21 24 23 20 26 21 24 20 26 19 26 14 26 24 19 8 20 11 20 20 0
split_gain=0.327151 0.171572 0.120239 0.087272 0.085916 0.0828823 0.0782321 0.0746639 0.0628165 0.0574063 0.0506644 0.0654384 0.0400468 0.0396491 0.037088 0.0361987 0.0368925 0.0347056 0.0378955 0.0334365 0.076318 0.0387928 0.030876 0.0262655 0.0327417 0.0256994 0.0208276 0.0202505 0.0295654 0.0149879
threshold=720.50000000000011 0.97299183755563501 2726.0000000000005 1.2591994002940325 1.0371786985380138 0.80381826733462947 2498.5000000000005 1.6050000000000002 439.50000000000006 16.085000038146976 10.350000000000003 2885.5000000000005 2.3950000000000005 1868.5000000000002 12.969999790191652 23.650000000000002 0.69500000000000006 915.50000000000011 92.755001068115249 1058.0000000000002 0.018249552057564105 838.50000000000011 6.7500000000000009 92.884998321533217 1.01345375629517 2.3850000000000002 0.91939495460860365 2.2650000000000001 2.8550000000000004 -1.0000000180025095e-35
decision_type=2 2 2 2 2 2 2 2 2 2 2 2 2 2 2 2 2 2 2 2 2 2 2 2 2 2 2 2 2 2
left_child=1 5 3 7 6 -1 13 8 -3 17 11 -7 15 19 25 16 -4 -8 -19 21 -21 -2 -9 -12 -25 -6 -11 -16 -29 -13
right_child=4 2 12 -5 14 10 9 22 -10 26 23 29 -14 -15 27 -17 -18 18 -20 20 -22 -23 -24 24 -26 -27 -28 28 -30 -31
leaf_value=0.0029666248971353401 0.00064743162330274499 0.0010938041030027141 0.00058062989762626015 -0.00096531882238923576 -0.00084857215986825342 0.0027619894680021139 -0.00051731899301223614 0.00062751171058157413 -0.00024620907344197966 -0.00027227515476247805 -5.2339242341426699e-05 0.00020239351229071775 -0.0011631399001926182 -0.00080106078645286077 -0.00041668669867398091 0.00092426278608036228 -0.00028301864170134647 -0.00046407866560558257 0.00037891766745120871 0.001943529373826459 0 -8.8640145898702589e-05 0.0018305192379187794 0.00040507742506174725 0.0018692588390443812 8.5981359423481309e-05 -0.0010694241706095094 -0.0018203629205729495 -0.00067697063380350853 0.0013980987311224451
leaf_weight=22 80 54 51 23 42 28 159 40 67 54 38 28 30 38 43 31 263 73 131 29 49 298 74 62 21 56 128 58 51 23
leaf_count=22 80 54 51 23 42 28 159 40 67 54 38 28 30 38 43 31 263 73 131 29 49 298 74 62 21 56 128 58 51 23
internal_value=1.0789e-05 0.000466843 0.000208614 0.000707592 -0.000289515 0.00118545 -0.000165336 0.000887432 0.000331287 -0.000413968 0.000960815 0.00156902 -0.000127673 0.000103187 -0.000790939 -2.58606e-05 -0.000131823 -0.000184329 6.18308e-05 0.000186693 0.000751648 6.05239e-05 0.00144363 0.000529527 0.00082909 -0.000288764 -0.000852081 -0.0010911 -0.00132367 0.000815842
internal_weight=2144 855 633 258 1289 222 1039 235 121 545 200 79 375 494 250 345 314 363 204 456 78 378 114 121 83 98 182 152 109 51
internal_count=2144 855 633 258 1289 222 1039 235 121 545 200 79 375 494 250 345 314 363 204 456 78 378 114 121 83 98 182 152 109 51
is_linear=0
shrinkage=0.03


Tree=102
num_leaves=31
num_cat=0
split_feature=20 23 11 9 15 15 11 14 23 23 16 15 19 15 23 15 17 23 14 17 19 11 23 20 23 10 19 23 23 12
split_gain=0.20866 0.201733 0.147827 0.128501 0.0848837 0.0762765 0.0696816 0.0622554 0.0486685 0.0549083 0.0485027 0.0606738 0.0366326 0.0364393 0.0625828 0.034921 0.0455889 0.0330128 0.0302173 0.0608416 0.0409858 0.0452872 0.029196 0.0286649 0.026009 0.0220592 0.0209661 0.0122031 0.0240681 0.00882674
threshold=2.2750000000000004 2726.0000000000005 0.78963338206406242 0.93145338608801131 0.016779275135539552 0.027029316686300802 0.96768140863062624 0.028666183765814052 3091.5000000000005 2995.0000000000005 33.83128323046877 0.041633214789987959 98.454998016357436 0.011898742528625052 1648.0000000000002 0.027415018803551953 0.010312555269697052 3449.5000000000005 0.035560050367324209 0.0080815096849846512 91.710002899169936 0.96513121578537631 3757.5000000000005 2.6250000000000004 2067.5000000000005 1.0539746389034896 97.944999694824233 2395.5000000000005 2984.0000000000005 1.0020286782424324
decision_type=2 2 2 2 2 2 2 2 2 2 2 2 2 2 2 2 2 2 2 2 2 2 2 2 2 2 2 2 2 2
left_child=1 3 -3 -1 6 8 -2 17 9 -4 -6 15 -9 -8 29 16 -12 -7 20 26 25 -22 -10 -17 -16 -5 -20 -13 -29 -15
right_child=4 2 5 18 10 7 13 12 22 -11 11 27 -14 14 24 23 -18 -19 19 -21 21 -23 -24 -25 -26 -27 -28 28 -30 -31
leaf_value=0.0030013595038008959 -0.00055665174368970413 0.0020886761077480121 -0.00042784015636212509 0.0016014219111862725 0.00051992782053670705 0.0010947754551563411 -0.00038155797180823152 -0.00016203760175455289 -0.00094741241389419888 0.0010059758541927507 -0.00048192142010873774 -0.00075812717255800677 0.0010218147680349648 0.00051786222102908567 0.0021918889431138361 0.00013384351122464673 -0.0018161755437031387 -2.673052756082532e-05 0.00093760373834520568 0 0.00063717746110031315 -6.3555299373470984e-05 1.0500392527319434e-06 -0.00072564785141983747 0.00065359825589132085 0.0002060237263583324 0.0022494273512129437 -0.0020303885472938415 -0.00063566836754887788 -0.00018033559529765229
leaf_weight=21 77 27 81 41 34 74 26 324 161 33 265 67 24 25 28 134 27 27 39 34 177 142 28 45 28 21 31 39 28 36
leaf_count=21 77 27 81 41 34 74 26 324 161 33 265 67 24 25 28 134 27 27 39 34 177 142 28 45 28 21 31 39 28 36
internal_value=1.05507e-05 0.000253811 -4.56465e-05 0.000719932 -0.000349732 -0.000128934 0.000147467 0.000113873 -0.000497796 0 -0.000525563 -0.000590029 -6.91027e-05 0.000548674 0.000782298 -0.000418125 -0.000621311 0.000768232 0.000609003 0.00108432 0.000468904 0.000316654 -0.000791844 -6.8394e-05 0.00150034 0.00118718 0.00158431 -0.00116446 -0.00150956 6.11613e-05
internal_weight=2144 1285 779 506 859 752 220 449 303 114 639 605 348 143 117 471 292 101 485 104 381 319 189 179 56 62 70 134 67 61
internal_count=2144 1285 779 506 859 752 220 449 303 114 639 605 348 143 117 471 292 101 485 104 381 319 189 179 56 62 70 134 67 61
is_linear=0
shrinkage=0.03


Tree=103
num_leaves=28
num_cat=0
split_feature=26 11 22 14 12 15 11 15 19 22 22 26 26 21 24 22 22 11 15 11 26 26 21 16 14 25 2
split_gain=0.297553 0.136 0.0741074 0.081211 0.0652846 0.0608428 0.0568554 0.0516829 0.043617 0.0424558 0.0941086 0.0861758 0.077097 0.0726033 0.0599684 0.0423316 0.0433218 0.0399258 0.0368546 0.0410278 0.0224065 0.0231888 0.0191822 0.0161889 0.0123263 0.004258 0.00281
threshold=651.50000000000011 1.0443904496543615 265.78750000000008 0.044156517429734254 1.0738764885872041 0.045370834318051258 1.2498709173383851 0.054314218413156257 90.799999237060561 243.75500000000002 251.11600000000001 1045.5000000000002 696.50000000000011 41.524999618530281 0.95000000000000007 275.23000000000008 240.38350000000003 1.0185651436701424 0.043467632818089956 0.98479978577512417 298.00000000000006 347.00000000000006 13.744999885559084 62.774243796277887 0.016657536979644554 9.5500000000000025 0.048120154093072305
decision_type=2 2 2 2 2 2 2 2 2 2 2 2 2 2 2 2 2 2 2 2 2 2 2 2 2 2 2
left_child=1 2 5 -4 9 20 8 -5 23 14 11 17 -12 -14 22 16 -10 -11 19 -16 -1 -22 25 -3 -24 -2 -6
right_child=4 6 3 7 26 -7 -8 -9 15 10 12 -13 13 -15 18 -17 -18 -19 -20 -21 21 -23 24 -25 -26 -27 -28
leaf_value=0.0011875663770211709 -4.40656581922667e-05 0.00033663335268426203 0.0029763604898246066 0 -0.00083037209027337234 0.0019110648781643248 -0.0010551864145057542 0.0017951241883914916 0.00056768916519649788 0.00033637655934308774 0.0011386737401822002 0.001590363056205849 -0.00051163486645945905 0.0012576217904154744 0 0.0010694707518662599 -0.00028928332601653705 -0.00038225882520857764 0.00088133000528726449 -0.00077872772649057755 -0.00040896626769019101 0.00045937210531251147 -0.00044210726741169182 0.0017538897155651022 -0.0016288566294533665 -0.0006845835030975043 -0.0017557341631036251
leaf_weight=36 23 22 30 29 33 31 34 29 71 229 28 40 470 20 179 33 195 96 25 96 28 188 20 20 47 71 21
leaf_count=36 23 22 30 29 33 31 34 29 71 229 28 40 470 20 179 33 195 96 25 96 28 188 20 20 47 71 21
internal_value=1.04165e-05 0.000495183 0.000902481 0.00168166 -0.000246289 0.000644561 8.29224e-05 0.000922042 0.000207925 -0.000202007 -7.58552e-05 0.000288231 -0.000338244 -0.000430896 -0.000436458 6.84536e-05 -4.80371e-05 0.000114379 -0.000172181 -0.000281671 0.000469965 0.000331619 -0.000906278 0.00110638 -0.00133043 -0.000561554 -0.00127016
internal_weight=2144 746 371 88 1398 283 375 58 341 1344 883 365 518 490 461 299 266 325 300 275 252 216 161 42 67 94 54
internal_count=2144 746 371 88 1398 283 375 58 341 1344 883 365 518 490 461 299 266 325 300 275 252 216 161 42 67 94 54
is_linear=0
shrinkage=0.03


Tree=104
num_leaves=31
num_cat=0
split_feature=26 11 23 19 23 11 17 23 20 11 14 16 11 23 2 13 18 9 20 22 21 11 20 8 9 25 23 9 4 20
split_gain=0.281765 0.153996 0.104256 0.0775486 0.0768618 0.0736611 0.0587622 0.0556636 0.0455365 0.0752333 0.0680589 0.0458248 0.0451581 0.043966 0.0409586 0.0385831 0.0376376 0.0368516 0.0364533 0.0361817 0.0387029 0.0324018 0.0302002 0.0280242 0.0203912 0.0112271 0.0087007 0.0083865 0.00567479 0.00396438
threshold=720.50000000000011 0.97299183755563501 2726.0000000000005 99.475002288818374 3136.5000000000005 0.80381826733462947 0.016855600798385006 1890.5000000000002 2.3250000000000006 1.0159864656817383 0.017989170382106803 32.804848004967013 1.0230239293693153 2474.0000000000005 -0.012719373210734148 0.97269457256920544 1.1591888199931435 0.95301629147247291 2.3950000000000005 259.65650000000005 18.23499965667725 1.1850895156673369 2.2250000000000005 1.0300292356887841 0.94258213744689423 0.15000000000000005 3644.5000000000005 0.95688035665944582 0.0081982781345869022 2.3950000000000005
decision_type=2 2 2 2 2 2 2 2 2 2 2 2 2 2 2 2 2 2 2 2 2 2 2 2 2 2 2 2 2 2
left_child=1 5 3 7 6 -1 8 28 9 17 12 -12 -10 -7 -9 22 -5 -2 19 20 -4 -21 27 24 -15 -24 29 -6 -3 -17
right_child=4 2 18 16 15 13 -8 14 10 -11 11 -13 -14 23 -16 26 -18 -19 -20 21 -22 -23 25 -25 -26 -27 -28 -29 -30 -31
leaf_value=0.0027968545066921605 0.0011960017857438122 0.0011432047835127875 -0.00010801984720493262 0.00024587177932262417 -3.233783081772603e-05 0.0018394699758617205 -0.0014440068327297921 0.0014805598721155193 -0.00012544054314068224 -0.00074737288849792091 0.00066879633077136845 -0.00067070887881856046 0.00076588818345630684 0.00094014773956423961 0.00032448402371593426 -0.0012222342149244571 -0.0012939527510369027 0.0002240733294862387 -0.0011122464214511694 -0.00012091893656179308 0.00071678757770123936 -0.0012320989486549725 0.00074011639029615453 0.0015987481169868259 0.0001232590724496966 -7.1414511205385549e-05 -0.00054291080290386152 -0.00080703507142205675 0.002485703334804963 -0.00041577379565153807
leaf_weight=22 43 21 116 34 27 39 29 40 204 63 22 282 66 48 121 107 21 258 30 113 84 32 26 25 88 22 63 57 21 20
leaf_count=22 43 21 116 34 27 39 29 40 204 63 22 282 66 48 121 107 21 258 30 113 84 32 26 25 88 22 63 57 21 20
internal_value=1.0241e-05 0.000433576 0.00018869 0.000653531 -0.000268352 0.0011144 -0.000130498 0.000927088 -8.5199e-05 0.000172129 -0.000253616 -0.00056206 8.33919e-05 0.000901411 0.000637593 -0.000671368 -0.000301097 0.000376355 -0.000124029 -2.64607e-05 0.000225317 -0.000393452 -0.000243405 0.000645708 0.000438228 0.000313074 -0.000950151 -0.000596629 0.00192642 -0.00112291
internal_weight=2144 855 633 258 1289 222 967 203 938 364 574 304 270 200 161 322 55 301 375 345 200 145 132 161 136 48 190 84 42 127
internal_count=2144 855 633 258 1289 222 967 203 938 364 574 304 270 200 161 322 55 301 375 345 200 145 132 161 136 48 190 84 42 127
is_linear=0
shrinkage=0.03


Tree=105
num_leaves=31
num_cat=0
split_feature=26 11 11 22 12 24 22 26 26 26 22 18 19 26 26 19 26 11 26 26 19 5 3 19 14 18 17 18 22 2
split_gain=0.266127 0.123321 0.0667487 0.0634139 0.0605871 0.0461258 0.0532148 0.0458448 0.066445 0.059169 0.0580749 0.0658085 0.0495943 0.040509 0.0981695 0.0557341 0.124353 0.0827941 0.0735916 0.0522999 0.0786773 0.0397882 0.026842 0.0257109 0.0230935 0.0222295 0.0156936 0.0116626 0.0116452 0.0108528
threshold=651.50000000000011 0.97409064417785018 1.2498709173383851 279.88200000000006 1.0665521172214063 13.65 255.54900000000001 467.50000000000006 418.50000000000006 439.50000000000006 275.23000000000008 1.0925266508049767 96.715000152587905 794.50000000000011 896.00000000000011 99.805000305175795 710.50000000000011 0.95463864197540449 747.00000000000011 1868.5000000000002 95.514999389648452 -0.021557364537652998 0.0022920535410165502 96.444999694824233 0.022531167763891753 0.79324590372369086 -0.0090530875627960975 0.88880461489179086 244.17800000000003 0.012040184520453053
decision_type=2 2 2 2 2 2 2 2 2 2 2 2 2 2 2 2 2 2 2 2 2 2 2 2 2 2 2 2 2 2
left_child=1 3 7 5 13 6 -1 8 12 -10 22 -12 -3 15 23 16 -2 18 -17 20 -16 -7 -9 -15 -18 -19 -23 -8 -25 -6
right_child=4 2 -4 -5 29 21 27 10 9 -11 11 -13 -14 14 19 17 24 25 -20 -21 -22 26 -24 28 -26 -27 -28 -29 -30 -31
leaf_value=0.00034471109078076554 0.0020968146719969809 -1.717032998374706e-05 -0.0010234762957851801 0.0024666236364041805 -0.00034313736093992539 0.0011986637150569418 0.0010085135580081006 -0.00070265280480108028 0.0022494480994699351 0.00063357833368893432 0 0.0020594175519502681 0.001340619621931442 -0.0012600382641456754 0.00027232612586105713 -0.00062479490308592518 -0.00077287164160050456 0 0.001410127238641065 -0.00067145937297852546 -0.00036199750913783928 -0.00078844608452535519 3.1232818471175703e-05 -9.7499995079453823e-05 0.00030235811290185667 -0.0012513460341756315 0.00019823032672866247 0.0023544604697929958 -0.00072607364723974437 -0.0014391712469831953
leaf_weight=39 35 150 34 28 21 27 22 76 32 80 32 22 27 83 394 25 24 22 36 126 316 22 90 52 63 54 31 34 104 43
leaf_count=39 35 150 34 28 21 27 22 76 32 80 32 22 27 83 394 25 24 22 36 126 316 22 90 52 63 54 31 34 104 43
internal_value=1.00364e-05 0.000468561 0.000224855 0.00110144 -0.000232657 0.000853194 0.00130615 0.000315966 0.00056378 0.00113763 0 0.000834701 0.000179464 -0.000186228 -0.000268316 0.000142668 0.000613939 -0.000256672 0.00053113 -0.000110466 -5.88522e-06 0.000268786 -0.000288994 -0.000805202 0 -0.000926634 -0.000162794 0.0019053 -0.000537613 -0.0011365
internal_weight=2144 746 543 203 1398 175 95 509 289 112 220 54 177 1334 1075 259 122 137 61 836 710 80 166 239 87 76 53 56 156 64
internal_count=2144 746 543 203 1398 175 95 509 289 112 220 54 177 1334 1075 259 122 137 61 836 710 80 166 239 87 76 53 56 156 64
is_linear=0
shrinkage=0.03


Tree=106
num_leaves=31
num_cat=0
split_feature=26 11 23 15 10 23 17 11 21 16 23 12 11 20 18 22 23 19 22 26 20 20 19 22 21 19 22 21 26 20
split_gain=0.251559 0.11745 0.0776605 0.0936373 0.138247 0.0591095 0.085215 0.0785304 0.0594652 0.0638348 0.0571767 0.0526257 0.0474839 0.0383806 0.044063 0.0369332 0.0573609 0.0359891 0.0345985 0.082684 0.07945 0.0344552 0.0322867 0.0261431 0.0409954 0.0253509 0.0248694 0.0238185 0.0235258 0.0200534
threshold=651.50000000000011 1.0443904496543615 3557.5000000000005 0.045370834318051258 0.9774756206739047 2091.5000000000005 0.0037849093391765006 1.0159864656817383 16.045000076293949 32.804848004967013 2819.0000000000005 1.0229288457550403 0.96513121578537631 1.6250000000000002 1.2215985300782897 243.75500000000002 3145.5000000000005 100.31000137329103 250.50950000000003 1051.5000000000002 2.4950000000000006 2.6150000000000007 93.805000305175795 260.15800000000007 18.144999504089366 95.975002288818374 236.23700000000005 15.304999828338625 811.00000000000011 2.9750000000000005
decision_type=2 2 2 2 2 2 2 2 2 2 2 2 2 2 2 2 2 2 2 2 2 2 2 2 2 2 2 2 2 2
left_child=1 2 3 11 -5 6 18 8 15 -10 13 12 -1 14 -3 27 -17 28 -2 20 -20 -8 -15 -12 -25 -23 -11 -7 -9 -30
right_child=5 10 -4 4 -6 7 21 17 9 26 23 -13 -14 22 -16 16 -18 -19 19 -21 -22 25 -24 24 -26 -27 -28 -29 29 -31
leaf_value=0.00098529144329174111 0 -0.00028123502069458701 1.9880536129093841e-05 0.0032112916435115043 0.00025373009406030173 -0.00050397275950641587 -0.00010417722384087169 0.00016807381409908765 0.00076122182535214554 0.00011336289009671997 0 0.001752207159734808 0 0.0020390399572965891 0.0011834963825717566 0.00051068754632678341 -0.00032823000505340051 -0.0019229077901691195 0.0012018524941314742 0.0023144776115150306 -0.0002749542720880158 -0.00015481409523636101 0.0004714257019638483 0.00026268212461844087 -0.0011288423416797411 -0.0016794656298377297 -0.00085289361239284929 0.00050529579866931526 -0.00091923772941909028 -0.00017880541206510058
leaf_weight=89 134 66 88 39 26 141 77 22 26 21 144 40 89 22 24 201 110 25 55 23 73 21 41 24 54 32 193 21 168 55
leaf_count=89 134 66 88 39 26 141 77 22 26 21 144 40 89 22 24 201 110 25 55 23 73 21 41 24 54 32 193 21 168 55
internal_value=9.78993e-06 0.000455625 0.000834136 0.00107581 0.00209549 -0.000226127 6.79774e-05 -0.000353283 -0.000182264 -0.000566035 7.19497e-05 0.000749894 0.000499365 0.000522354 8.51062e-05 6.91504e-06 0.000204248 -0.000791491 0.00036445 0.000674372 0.000340753 -0.000556902 0.00108903 -0.000225961 -0.000664801 -0.00114497 -0.000744034 -0.000352439 -0.000656498 -0.000751626
internal_weight=2144 746 371 283 65 1398 415 983 713 240 375 218 178 153 90 473 311 270 285 151 128 130 63 222 78 53 214 162 245 223
internal_count=2144 746 371 283 65 1398 415 983 713 240 375 218 178 153 90 473 311 270 285 151 128 130 63 222 78 53 214 162 245 223
is_linear=0
shrinkage=0.03


Tree=107
num_leaves=31
num_cat=0
split_feature=26 13 22 14 26 22 26 10 20 19 26 19 26 26 20 25 26 21 22 26 20 20 20 12 20 24 14 16 2 14
split_gain=0.2397 0.107584 0.0976197 0.101411 0.0808117 0.0793099 0.0696065 0.0671216 0.0478395 0.073472 0.0472727 0.102977 0.0479817 0.0409516 0.0564051 0.037421 0.0354972 0.031103 0.0274153 0.0503052 0.0217444 0.0166199 0.0245048 0.0157432 0.0152449 0.0139245 0.0129353 0.00815043 0.00735579 0.00180139
threshold=720.50000000000011 1.1302133166180657 279.88200000000006 0.045839497083122856 467.50000000000006 237.88900000000004 616.00000000000011 1.0371786985380138 2.8650000000000007 101.02499771118165 418.50000000000006 96.715000152587905 439.50000000000006 896.00000000000011 2.3050000000000002 0.45000000000000007 800.50000000000011 12.969999790191652 251.43850000000003 1047.5000000000002 2.3850000000000002 2.2650000000000001 2.8550000000000004 1.0241019016362281 2.0250000000000004 1.0000000180025095e-35 0.034033392999980212 60.092168179606524 -0.0034788212673059495 0.024011086669672655
decision_type=2 2 2 2 2 2 2 2 2 2 2 2 2 2 2 2 2 2 2 2 2 2 2 2 2 2 2 2 2 2
left_child=1 2 4 23 10 24 -7 8 9 13 11 -1 -12 16 -15 -5 -2 20 19 -10 -9 29 -23 -4 -6 -20 -3 -22 -24 -19
right_child=7 26 3 15 5 6 -8 17 18 -11 12 -13 -14 14 -16 -17 -18 21 25 -21 27 22 28 -25 -26 -27 -28 -29 -30 -31
leaf_value=9.99479229595246e-05 -0.00012356464554217053 -0.00017597970533692701 0.0033261863775551318 0.0011873680273578925 0.00039931047532858476 0 -0.0012828289315144977 -0.00074744219527319927 0.00011546879735319538 0.0014377171023060443 0.0019312179822355824 0.0017484407235668705 0.00063779865732468694 0.00022217140432497168 -0.00036718766466745253 -0.00025370003458940321 -0.00082667659450780164 -0.00054888663483965822 0.00033148342874996802 0.0018507636263429257 0.00056253182451473558 -0.001629058200502926 0 0.0014961744704466711 0.0015102600644438943 -0.00054350008917972441 -0.0013685989843296078 -0.0001183821505795041 -0.00086961163525847945 0
leaf_weight=209 120 21 20 32 36 217 45 42 46 22 46 41 86 250 338 26 176 22 33 25 23 58 20 20 28 29 28 33 31 21
leaf_count=209 120 21 20 32 36 217 45 42 46 22 46 41 86 250 338 26 176 22 33 25 23 58 20 20 28 29 28 33 31 21
internal_value=9.78983e-06 0.00040035 0.000486072 0.00137983 0.000356358 0 -0.00022279 -0.000247054 -0.000136928 -0.000217108 0.000651904 0.000388142 0.00112222 -0.00026326 -0.000111565 0.000497174 -0.000553108 -0.00069042 0.00038442 0.000785373 -0.000228932 -0.00096491 -0.0011759 0.00254316 0.000947262 -3.22947e-05 -0.000931218 0.00011361 -0.000581427 -0.000347331
internal_weight=2144 855 806 98 708 326 262 1289 1039 906 382 250 132 884 588 58 296 250 133 71 98 152 109 40 64 62 49 56 51 43
internal_count=2144 855 806 98 708 326 262 1289 1039 906 382 250 132 884 588 58 296 250 133 71 98 152 109 40 64 62 49 56 51 43
is_linear=0
shrinkage=0.03


Tree=108
num_leaves=28
num_cat=0
split_feature=26 11 15 13 22 11 21 24 20 21 20 26 24 21 20 22 26 26 22 26 24 16 22 16 11 20 15
split_gain=0.226289 0.128649 0.0782444 0.0735017 0.072382 0.0638817 0.0625795 0.0500687 0.048594 0.0471865 0.0383613 0.07532 0.0666318 0.0377127 0.036985 0.0343086 0.0303366 0.0299095 0.0319896 0.0287941 0.0196217 0.0153022 0.0119238 0.00839961 0.00742205 0.00734087 0.0240155
threshold=720.50000000000011 0.97299183755563501 0.054041764468065107 1.1421728089172432 279.88200000000006 1.0575142725572777 12.260000228881838 10.350000000000003 2.8650000000000007 41.524999618530281 1.5250000000000001 502.50000000000006 6.7500000000000009 16.460000038146976 2.6050000000000004 264.27000000000004 463.50000000000006 1046.5000000000002 251.43850000000003 884.50000000000011 1.0000000180025095e-35 65.890640665676301 243.75500000000002 59.670076021850413 1.1248909478374638 2.9850000000000008 0.015024620690511302
decision_type=2 2 2 2 2 2 2 2 2 2 2 2 2 2 2 2 2 2 2 2 2 2 2 2 2 2 2
left_child=1 2 4 6 7 8 -3 16 9 13 11 -8 -12 14 -2 -9 -1 25 -19 -15 -7 22 -22 -24 -23 26 -10
right_child=5 3 -4 -5 -6 20 10 15 17 -11 12 -13 -14 19 -16 -17 -18 18 -20 -21 21 24 23 -25 -26 -27 -28
leaf_value=0.0018253637834678628 -5.7732763710079039e-05 -0.00096144498225767157 0.0027752375263212755 -0.0011186819119076874 0.0024712757188615135 -0.0015987326408234924 0.00026573446904857467 0.00041936786262290705 -0.00021540481012991881 0.0011589853446930646 8.4557661329022601e-05 -0.0011898731500330391 0.0010025274976882535 -0.001071890439590604 -0.00075895824952301781 -0.00088682432227175348 0.0004380141484450448 0.0017002648140411248 7.3163386977588134e-05 -0.00032785938511334888 -0.00099636233029077237 -0.00037362407749539923 -0.00045988034023953926 6.7694817550091095e-05 -0.0014100995572103607 -0.00038582016387954355 0.0010390117614463505
leaf_weight=36 629 34 21 36 21 25 227 87 32 20 148 36 152 78 77 21 36 25 26 166 22 21 45 47 30 26 20
leaf_count=36 629 34 21 36 21 25 227 87 32 20 148 36 152 78 77 21 36 25 26 166 22 21 45 47 30 26 20
internal_value=9.58499e-06 0.000389099 0.00101149 0.000164836 0.000799541 -0.000239929 0.000248992 0.000575355 -0.000148352 -0.000223134 0.000328986 5.13718e-05 0.000561415 -0.000256574 -0.000139421 0.000132057 0.00118829 0.000388277 0.000945813 -0.000581355 -0.000750374 -0.000594905 -0.000354969 -0.00016027 -0.0010564 0 0.00022096
internal_weight=2144 855 222 633 201 1289 597 180 1099 970 563 263 300 950 706 108 72 129 51 244 190 165 114 92 51 78 52
internal_count=2144 855 222 633 201 1289 597 180 1099 970 563 263 300 950 706 108 72 129 51 244 190 165 114 92 51 78 52
is_linear=0
shrinkage=0.03


Tree=109
num_leaves=31
num_cat=0
split_feature=26 11 15 11 22 10 21 24 22 19 24 26 16 20 20 26 25 22 22 21 26 22 20 24 20 20 20 21 16 9
split_gain=0.213564 0.121688 0.0735995 0.070673 0.0681466 0.0616722 0.0582904 0.0473064 0.0439806 0.0693982 0.0631786 0.0557557 0.0538332 0.0535095 0.0416133 0.0732754 0.0609861 0.033582 0.0323727 0.0287547 0.0283669 0.0213723 0.0199818 0.0198857 0.0153229 0.0220582 0.0122233 0.00819236 0.00766039 0.00674785
threshold=720.50000000000011 0.97299183755563501 0.054041764468065107 1.2849909822602499 279.88200000000006 1.0371786985380138 12.260000228881838 10.350000000000003 238.03350000000003 95.125000000000014 0.75000000000000011 1054.5000000000002 34.405600573022916 1.2950000000000002 1.5250000000000001 502.50000000000006 2.4500000000000006 245.80900000000003 264.27000000000004 12.969999790191652 463.50000000000006 236.09900000000002 2.3850000000000002 3.3000000000000003 2.2650000000000001 2.8550000000000004 2.4050000000000007 12.425000190734863 60.092168179606524 0.97950064268093451
decision_type=2 2 2 2 2 2 2 2 2 2 2 2 2 2 2 2 2 2 2 2 2 2 2 2 2 2 2 2 2 2
left_child=1 2 4 6 7 8 -3 20 10 11 26 17 23 -14 15 -8 -16 -10 -9 22 -1 29 -7 -11 -21 -26 -2 -23 -24 -12
right_child=5 3 -4 -5 -6 19 14 18 9 12 21 -13 13 -15 16 -17 -18 -19 -20 24 -22 27 28 -25 25 -27 -28 -29 -30 -31
leaf_value=0.0017720828914662469 -0.0012800291941020986 -0.00090891740806788815 0.0026957647907970977 -0.001117232155598079 0.0024005073907107789 -0.00071122472987748494 0.00024673685648316597 0.00040692978193065048 0.0010586783096301726 0.0013689143528795935 0.00078412265639752146 0.0018489027107539383 0.001033193465727179 -0.00042651885889558001 0.00093986443523696441 -0.0011727346943838422 4.7247570822051218e-05 6.3097876204119537e-05 -0.00086142890857908319 -0.00032585002752867609 0.00042522887134219749 0.00020333512499928473 0.00054873176105320451 0.00013135721263757277 -0.0015569989224659057 -0.00055563326391361789 -0.00053907983253399523 -0.00036116155034655498 -0.00010878727587816469 6.7971873577334862e-06
leaf_weight=36 63 35 21 35 21 42 229 87 38 20 24 22 22 382 168 37 129 179 21 43 36 20 23 42 58 51 62 134 33 31
leaf_count=36 63 35 21 35 21 42 229 87 38 20 24 22 22 382 168 37 129 179 21 43 36 20 23 42 58 51 62 134 33 31
internal_value=9.19266e-06 0.000377921 0.000983305 0.000159658 0.00077708 -0.000233164 0.000241142 0.000558889 -0.000127478 2.79479e-06 -0.000410597 0.000421545 -0.000205991 -0.000337267 0.000319441 3.44028e-05 0.000563689 0.000255257 0.000127141 -0.000658188 0.0011548 -7.46009e-05 -0.000213251 0.00059358 -0.000922178 -0.00112505 -0.000943523 -0.000267657 0.000113523 0.00040751
internal_weight=2144 855 222 633 201 1289 598 180 1039 705 334 239 466 404 563 266 297 217 108 250 72 209 98 62 152 109 125 154 56 55
internal_count=2144 855 222 633 201 1289 598 180 1039 705 334 239 466 404 563 266 297 217 108 250 72 209 98 62 152 109 125 154 56 55
is_linear=0
shrinkage=0.03


Tree=110
num_leaves=31
num_cat=0
split_feature=20 22 14 12 15 11 21 5 18 16 13 22 22 20 15 17 24 22 21 11 17 24 15 22 14 21 22 21 21 12
split_gain=0.141728 0.156638 0.100921 0.0787907 0.0606664 0.0575088 0.0521087 0.0481641 0.0500142 0.04021 0.0393134 0.0428095 0.0690945 0.0508668 0.0386969 0.0385902 0.0370441 0.0243615 0.0192089 0.0151508 0.0223246 0.0136988 0.0133697 0.0326468 0.0138264 0.0114327 0.0111377 0.00803835 0.00784672 0.0062306
threshold=2.2750000000000004 279.88200000000006 0.041074451136162905 0.95013948347845678 0.016779275135539552 0.96197161818569044 12.644999980926515 -0.021557364537652998 1.077511462454507 33.83128323046877 1.0969664371794166 262.36600000000004 269.51850000000007 0.70500000000000007 0.011898742528625052 0.0014548115437140001 2.6500000000000008 247.54450000000003 19.989999771118168 0.98421553065110701 0.0024653234298364006 1.4500000000000002 0.044459589402097509 286.08700000000005 0.061835165814397706 20.695000648498539 260.15800000000007 18.144999504089366 13.125000000000002 1.0020286782424324
decision_type=2 2 2 2 2 2 2 2 2 2 2 2 2 2 2 2 2 2 2 2 2 2 2 2 2 2 2 2 2 2
left_child=1 3 -3 7 5 28 17 -1 25 -8 11 13 -13 -5 -7 -4 -16 19 -10 21 -21 -6 23 -11 -24 -9 27 -12 -2 -18
right_child=4 2 15 10 6 14 9 8 18 22 26 12 -14 -15 16 -17 29 -19 -20 20 -22 -23 24 -25 -26 -27 -28 -29 -30 -31
leaf_value=0.0017329766667215152 -0.0009839579412713646 0.0032074251376325263 0.0016425124084843055 0.00075772761364709834 -0.00034374504312290809 -0.00046054777000099418 0.00047665000725638767 0.00038069247048614285 0.00022858743535886917 -0.00074192139628399725 -0.00068199031162922356 0.0010246760610291468 -6.4046692998090299e-05 -7.2241283946856521e-05 0.0011356651853251332 0 0.00045591960379691876 0.00055628089409656234 -0.00098020296623664246 -0.00077104115033916265 0 0.00033315348397009077 -0.0013153880599390279 0.00017444609294368606 -0.00043370731052288505 0.0016887402572402994 -0.0010568780032317003 0 -0.00017754540509368116 -0.00016530139528384263
leaf_weight=39 29 23 20 72 47 29 22 20 20 197 21 104 95 740 72 27 22 39 20 77 49 59 76 36 37 20 30 34 36 32
leaf_count=39 29 23 20 72 47 29 22 20 20 197 21 104 95 740 72 27 22 39 20 77 49 59 76 36 37 20 30 34 36 32
internal_value=9.16941e-06 0.000209889 0.00158335 0.000127055 -0.000287498 0.000131359 -0.000436373 0.000858277 0.000378693 -0.000670051 4.42166e-05 9.90374e-05 0.000492213 0 0.000455887 0.000675827 0.0006924 -0.000106728 -0.000311803 -0.000232967 -0.000454888 4.57427e-06 -0.000752771 -0.000587376 -0.00105935 0.00113312 -0.000566514 -0.000231375 -0.000592241 3.6931e-05
internal_weight=2144 1285 70 1215 859 220 639 119 80 368 1096 1011 199 812 155 47 126 271 40 232 126 106 346 233 113 40 85 55 65 54
internal_count=2144 1285 70 1215 859 220 639 119 80 368 1096 1011 199 812 155 47 126 271 40 232 126 106 346 233 113 40 85 55 65 54
is_linear=0
shrinkage=0.03


Tree=111
num_leaves=31
num_cat=0
split_feature=26 11 23 23 11 19 10 16 20 20 24 23 22 19 20 21 13 18 25 11 14 20 7 3 3 26 5 22 1 9
split_gain=0.192592 0.111647 0.0783479 0.0633351 0.0579659 0.0572895 0.0497945 0.0436005 0.0424483 0.0722355 0.0395034 0.0517613 0.0392095 0.0456 0.0390176 0.0369217 0.0335996 0.0326673 0.0295847 0.0278601 0.0254525 0.0251587 0.0244395 0.022231 0.0213152 0.0208783 0.0171854 0.0170964 0.0152466 0.0127791
threshold=720.50000000000011 0.97299183755563501 2726.0000000000005 3136.5000000000005 0.80381826733462947 99.475002288818374 1.0287629640194977 70.660371211222895 2.3250000000000006 2.8650000000000007 10.350000000000003 2885.5000000000005 244.21800000000005 93.895000457763686 1.6050000000000002 13.170000076293947 0.97269457256920544 1.1591888199931435 11.350000000000003 1.2335733118731345 0.019836233390488102 2.2250000000000005 0.065483983900939458 -0.012719373210734148 -0.045537549521037293 441.50000000000006 0.021009083335581904 236.09900000000002 -1.0000000180025095e-35 0.99779997643980345
decision_type=2 2 2 2 2 2 2 2 2 2 2 2 2 2 2 2 2 2 2 2 2 2 2 2 2 2 2 2 2 2
left_child=1 4 5 6 -1 7 8 14 12 20 11 -6 27 -14 -3 -8 21 -7 19 22 -10 -5 -4 -11 -12 26 -20 -2 -13 -26
right_child=3 2 18 16 10 17 15 -9 9 23 24 28 13 -15 -16 -17 -18 -19 25 -21 -22 -23 -24 -25 29 -27 -28 -29 -30 -31
leaf_value=0.0024337653580081202 0.00039519594475859773 0.00039145240165098692 -0.00034279847547229549 -0.00051217054754276476 0.0023406943426114214 0.00024354653460904955 0 -0.00028589056291653274 -0.00014873959840624591 -0.00019204475064761936 0.0012341433593325993 1.9847396134944822e-05 0.0018207652010247468 0.00036650277177142004 0.001361260879962327 -0.00079836398998176102 -0.00084622195779915203 -0.0011901470397768373 0.0010592530528818697 -0.0013635159571255956 -0.00071764134443863948 0.00031945287075121789 0.00036737134255124075 0.00068775568343443108 -3.9744625654658559e-05 -0.00013775547460342447 0 -0.00024720031153859244 0.0011747246690792963 0.0006602189170662314
leaf_weight=22 55 78 202 84 28 34 87 25 179 29 21 28 25 120 100 135 190 21 37 20 139 48 51 90 70 44 21 108 23 30
leaf_count=22 55 78 202 84 28 34 87 25 179 29 21 28 25 120 100 135 190 21 37 20 139 48 51 90 70 44 21 108 23 30
internal_value=8.96301e-06 0.000359184 0.000149905 -0.000221113 0.000939111 0.000553358 -9.57916e-05 0.000789112 1.80354e-05 -0.000167622 0.000748483 0.00128311 0.000290851 0.000648539 0.000957609 -0.0004896 -0.000586717 -0.00026177 -0.000120425 -0.000288754 -0.000408285 -0.000187077 -0.000186948 0.000448537 0.000367181 0.000299405 0.000678605 -1.10601e-05 0.000610942 0.000144999
internal_weight=2144 855 633 1289 222 258 967 203 745 437 200 79 308 145 178 222 322 55 375 273 318 132 253 119 121 102 58 163 51 100
internal_count=2144 855 633 1289 222 258 967 203 745 437 200 79 308 145 178 222 322 55 375 273 318 132 253 119 121 102 58 163 51 100
is_linear=0
shrinkage=0.03


Tree=112
num_leaves=31
num_cat=0
split_feature=26 11 23 15 22 23 12 15 22 23 23 15 15 14 11 23 20 26 19 23 25 11 7 22 25 23 26 15 8 8
split_gain=0.18171 0.105765 0.0737712 0.0672102 0.0602667 0.0595782 0.056816 0.0542385 0.0605703 0.0522635 0.0668543 0.0438396 0.0426744 0.0425136 0.0405009 0.0402366 0.0337466 0.0434947 0.0418471 0.0300144 0.027812 0.0262723 0.023048 0.022158 0.021568 0.0212124 0.019727 0.0278755 0.0176782 0.0172497
threshold=720.50000000000011 0.97299183755563501 2726.0000000000005 0.054041764468065107 279.88200000000006 3136.5000000000005 1.0792569306049307 0.039798273462835952 243.75500000000002 1722.0000000000002 2050.0000000000005 0.016927105385251804 0.030510160441151703 0.046218805117252008 0.86301311007762205 1538.5000000000002 1.6050000000000002 439.50000000000006 99.770000457763686 2091.5000000000005 11.350000000000003 1.2335733118731345 0.065483983900939458 252.68050000000002 0.65000000000000002 3644.5000000000005 441.50000000000006 0.044026904155555005 1.0032631729433661 1.0172323596767987
decision_type=2 2 2 2 2 2 2 2 2 2 2 2 2 2 2 2 2 2 2 2 2 2 2 2 2 2 2 2 2 2
left_child=1 3 6 4 13 7 16 8 15 11 -11 -10 25 29 -9 -2 17 -3 -18 -16 21 22 -4 -21 -17 -7 27 -22 -28 -1
right_child=5 2 20 -5 -6 12 -8 14 9 10 -12 -13 -14 -15 19 24 18 -19 -20 23 26 -23 -24 -25 -26 -27 28 -29 -30 -31
leaf_value=0.00053950819065474423 0.00043299348185454233 0.00091590827342808096 -0.00033256517482286072 0.0025500897685573859 0.0022437837843952528 -0.0010213898271479568 -0.00090591484760599479 0 -5.4337140662945936e-05 0.0011738502099689044 0.00016124020167931948 -0.0015326863527247356 -2.6356906397268174e-05 -0.00048997476953483224 0 0.00016507598284321525 0.0012837309321014749 -0.00021812150626300046 -5.6624718518419688e-05 -0.00060681990898835169 0.0012998119998723268 -0.001324558349326253 0.00035656215145942182 -0.0018805923800682648 -0.00066779039664958116 -0.00032001970389042983 0.00042593708774074911 0 -0.00071847355276811868 0.0015566222386070242
leaf_weight=130 41 52 202 21 21 147 20 59 108 72 361 22 101 28 21 26 101 64 21 35 29 20 51 35 187 74 20 29 24 22
leaf_count=130 41 52 202 21 21 147 20 59 108 72 361 22 101 28 21 26 101 64 21 35 29 20 51 35 187 74 20 29 24 22
internal_value=8.87925e-06 0.0003491 0.000145261 0.000913605 0.000715999 -0.000214561 0.000536818 -9.29004e-05 0 0.000177102 0.000338848 -0.00033721 -0.000569212 0.000509771 -0.000615307 -0.000380007 0.000673891 0.000268079 0.00103004 -0.00100876 -0.000116863 -0.000280238 -0.000180982 -0.00130348 -0.000551811 -0.000802555 0.000289755 0.000658676 -0.000133715 0.000715542
internal_weight=2144 855 633 222 201 1289 258 967 817 563 433 130 322 180 150 254 238 116 122 91 375 273 253 70 213 221 102 58 44 152
internal_count=2144 855 633 222 201 1289 258 967 817 563 433 130 322 180 150 254 238 116 122 91 375 273 253 70 213 221 102 58 44 152
is_linear=0
shrinkage=0.03


Tree=113
num_leaves=31
num_cat=0
split_feature=26 11 23 13 23 15 22 9 22 15 24 11 23 22 26 9 3 26 23 21 22 25 23 23 14 14 16 10 10 12
split_gain=0.171388 0.100791 0.0962374 0.0706382 0.0561596 0.051247 0.0568078 0.050203 0.0505353 0.0401064 0.0385337 0.0382495 0.0379272 0.0369177 0.0517597 0.0306917 0.0477343 0.0289645 0.0283282 0.0225523 0.0206382 0.020413 0.0203901 0.0198074 0.0161424 0.0143172 0.0138648 0.00957467 0.00736688 0.00508775
threshold=720.50000000000011 0.80381826733462947 2808.5000000000005 1.0399145501816853 3136.5000000000005 0.039798273462835952 243.75500000000002 0.94863358751804494 251.11600000000001 0.030510160441151703 8.4500000000000011 0.86301311007762205 1538.5000000000002 240.38350000000003 595.00000000000011 0.94488327545576489 -0.0018180184241812999 540.00000000000011 2091.5000000000005 24.255000114440922 252.68050000000002 0.65000000000000002 3314.0000000000005 3644.5000000000005 0.029566654143497757 0.033095023901312907 62.187348561042434 0.9247512932582983 0.98986077952984175 0.99873677347558176
decision_type=2 2 2 2 2 2 2 2 2 2 2 2 2 2 2 2 2 2 2 2 2 2 2 2 2 2 2 2 2 2
left_child=1 -1 3 15 5 6 12 -8 -9 23 19 27 -2 22 17 -3 -17 -15 -13 -5 -20 -14 24 29 -4 -11 -12 -7 -25 -6
right_child=4 2 13 10 9 11 7 8 -10 25 26 18 21 14 -16 16 -18 -19 20 -21 -22 -23 -24 28 -26 -27 -28 -29 -30 -31
leaf_value=0.0023171315300885746 0.00042031295461804672 0.0021188556863926352 0.00068450762326163913 0 -0.00072085322919467998 0.00029068479827286576 0.0013531358092760425 0.00040154391706833059 -0.00017810043848448518 0.00032803567563322315 0.00098315120539709173 0 0.00016030712904305093 -0.00015419759997642319 -0.0010640248864681083 0.00027403724876810505 0.0012920307682121775 0.00050583026259062944 -0.00058912099395335349 -0.0011482946003920265 -0.00182574177129815 -0.00064786325005982868 0.0012052887622106434 0 -0.00015037716118344437 -0.00037546820839634164 0 -0.00048482580705920401 -0.0005887094541001715 -0.0012786106669702207
leaf_weight=22 41 23 34 58 83 37 30 258 275 46 42 21 26 256 46 86 101 77 35 20 35 187 28 35 41 55 21 22 39 64
leaf_count=22 41 23 34 58 83 37 30 258 275 46 42 21 26 256 46 86 101 77 35 20 35 187 28 35 41 55 21 22 39 64
internal_value=8.52129e-06 0.000338977 0.00028042 0.000657551 -0.000208439 -9.02118e-05 0 0.000171616 9.70864e-05 -0.00055282 0.000112515 -0.00059801 -0.000367909 0 -0.000132061 0.00100702 0.000843768 0 -0.000980376 -0.000305914 -0.00126669 -0.000534907 0.000505724 -0.000779065 0.000192657 -2.5574e-05 0.00067413 0 -0.000310547 -0.000990955
internal_weight=2144 855 833 351 1289 967 817 563 533 322 141 150 254 482 379 210 187 333 91 78 70 213 103 221 75 101 63 59 74 147
internal_count=2144 855 833 351 1289 967 817 563 533 322 141 150 254 482 379 210 187 333 91 78 70 213 103 221 75 101 63 59 74 147
is_linear=0
shrinkage=0.03


Tree=114
num_leaves=24
num_cat=0
split_feature=26 11 20 11 22 10 19 26 20 20 26 26 19 21 24 20 20 20 19 16 18 26 9
split_gain=0.161948 0.130391 0.0914336 0.0684132 0.0554113 0.0498588 0.0473893 0.0447123 0.0445801 0.0418536 0.0456186 0.0432782 0.0275983 0.0254078 0.0252819 0.0166772 0.0199881 0.0160734 0.00997227 0.00720041 0.00719264 0.00787736 0.0016458
threshold=755.00000000000011 0.78963338206406242 2.3950000000000005 1.2498709173383851 279.88200000000006 1.0371786985380138 96.055000305175795 467.50000000000006 2.9150000000000005 1.3150000000000002 896.00000000000011 987.50000000000011 99.005001068115249 12.969999790191652 2.1500000000000008 2.2650000000000001 2.9550000000000005 2.3850000000000002 100.61500167846681 60.092168179606524 0.68554312056637978 727.50000000000011 1.0490180113517504
decision_type=2 2 2 2 2 2 2 2 2 2 2 2 2 2 2 2 2 2 2 2 2 2 2
left_child=1 -1 3 4 7 8 -6 -3 9 -2 12 -12 -11 17 -10 22 -17 -7 -4 -19 -20 -22 -15
right_child=5 2 18 -5 6 13 -8 -9 14 10 11 -13 -14 15 -16 16 -18 19 20 -21 21 -23 -24
leaf_value=0.0025037471517571244 0.0011220646105440601 0.00056135361967838706 0 -0.00090466472700770405 0.00016627574604145983 -0.00064456015918403864 0.0019365852694725619 6.229801265856367e-05 0.001119828709033563 -0.00069445364152420771 0.00022937898057470265 -0.00027681135197114783 5.8022827536680119e-05 -0.00046111005208576504 0 -0.0014331469126475545 -0.00034934204715219414 0.00051699311702395789 -1.5926542104748274e-05 -0.00012507361041977729 -0.0010390579361297494 -0.00018821133633788959 0
leaf_weight=23 20 378 28 34 27 42 39 308 37 213 250 374 46 22 35 64 32 23 22 33 48 25 21
leaf_count=23 20 378 28 34 27 42 39 308 37 213 250 374 46 22 35 64 32 23 22 33 48 25 21
internal_value=8.32079e-06 0.000306815 0.00024524 0.00036653 0.000429113 -0.000218805 0.00127043 0.000342071 -0.000119794 -0.000179815 -0.000213932 -6.91682e-05 -0.000549562 -0.000611307 0.000584021 -0.000878074 -0.00111013 -0.000197583 -0.000502343 9.04444e-05 -0.000647642 -0.000794694 -0.000278351
internal_weight=2144 932 909 786 752 1212 66 686 975 903 883 624 259 237 72 139 96 98 123 56 95 73 43
internal_count=2144 932 909 786 752 1212 66 686 975 903 883 624 259 237 72 139 96 98 123 56 95 73 43
is_linear=0
shrinkage=0.03


Tree=115
num_leaves=29
num_cat=0
split_feature=26 11 20 23 12 23 23 17 11 15 26 22 20 23 16 20 19 23 26 23 26 22 16 26 20 19 24 26
split_gain=0.152516 0.122991 0.0864951 0.0941685 0.057999 0.0534268 0.0532133 0.0609274 0.0543302 0.0347611 0.0371996 0.034516 0.0466958 0.0515477 0.0317654 0.0245798 0.0233614 0.042698 0.0310207 0.0182951 0.016588 0.0155899 0.00888276 0.00719211 0.00687184 0.00442615 0.00375552 0.00133665
threshold=755.00000000000011 0.78963338206406242 2.3950000000000005 2808.5000000000005 0.94913911784837757 1890.5000000000002 2100.5000000000005 0.0090251302200643011 1.0159864656817383 0.057534365942791106 577.50000000000011 255.26450000000003 2.8350000000000004 1648.0000000000002 53.455220952272484 3.0450000000000004 94.825000762939467 2718.0000000000005 1654.5000000000002 1477.5000000000002 710.50000000000011 252.37150000000003 64.626492536540965 819.50000000000011 2.3450000000000002 97.74499893188478 1.2500000000000002 939.50000000000011
decision_type=2 2 2 2 2 2 2 2 2 2 2 2 2 2 2 2 2 2 2 2 2 2 2 2 2 2 2 2
left_child=1 -1 3 4 -3 -6 7 11 14 10 -5 12 21 -14 16 23 18 -18 -8 -4 -21 -2 -17 -10 -16 -13 -22 -25
right_child=6 2 19 9 5 -7 8 -9 15 -11 -12 25 13 -15 24 22 17 -19 -20 20 26 -23 -24 27 -26 -27 -28 -29
leaf_value=0.0024317644286638821 3.6953401179883513e-05 0.0022281754751456899 0.00022813367870237145 8.8264913228046133e-06 0.0014018295962220199 0.00038826845770532155 0.00025955924892101577 -0.0010214738701715281 -0.0015048492811978434 -0.00087969664057656631 0.00072017627900952761 0.00045315124133776406 0 0.0015273339200372756 0.0009872700504825584 0.00016486095056064765 0 -0.00070201280676519676 -0.00041428328804366443 -0.0011167254409752785 -0.00047503002818848473 -0.00052723401667317371 -0.00059377007008463675 -0.00058688171996674587 6.9042235538363438e-05 0.0014816904169108185 0 -0.00098443669624248271
leaf_weight=23 136 23 20 355 64 231 144 37 25 30 83 20 34 37 20 32 142 191 105 44 31 59 20 103 24 20 28 63
leaf_count=23 136 23 20 355 64 231 144 37 25 30 83 20 34 37 20 32 142 191 105 44 31 59 20 103 24 20 28 63
internal_value=7.99376e-06 0.000297706 0.000237799 0.000355832 0.000754462 0.000622288 -0.000212377 9.70917e-05 -0.000337945 7.75404e-05 0.000151793 0.000245002 0.000107056 0.000766046 -0.000183123 -0.000722109 -0.000245758 -0.000410176 -1.31117e-05 -0.000489053 -0.000658014 -0.000120262 -7.60143e-05 -0.000881072 0.000565749 0.00106419 -0.000253013 -0.000760716
internal_weight=2144 932 909 786 318 295 1212 343 869 468 438 306 266 71 626 243 582 333 249 123 103 195 52 191 44 40 59 166
internal_count=2144 932 909 786 318 295 1212 343 869 468 438 306 266 71 626 243 582 333 249 123 103 195 52 191 44 40 59 166
is_linear=0
shrinkage=0.03


Tree=116
num_leaves=31
num_cat=0
split_feature=26 11 11 21 5 15 11 25 19 19 8 19 26 22 26 26 12 5 17 8 15 17 25 25 19 15 11 3 26 25
split_gain=0.143921 0.0901115 0.0564575 0.0586243 0.0527662 0.0745473 0.0476197 0.0460095 0.0364614 0.0526084 0.0506254 0.0500038 0.066287 0.0338817 0.0537252 0.0308573 0.0512218 0.0289511 0.0288905 0.024132 0.0279387 0.023229 0.0217952 0.0199204 0.0179905 0.0140446 0.00787227 0.00634101 0.00413156 0.00380885
threshold=720.50000000000011 0.97072017647443676 1.2849909822602499 12.260000228881838 -0.0058430027955330994 0.045370834318051258 1.0575142725572777 0.8500000000000002 99.395000457763686 95.155002593994155 1.0007386562103189 92.814998626708999 928.50000000000011 279.88200000000006 467.50000000000006 747.00000000000011 0.95883913007735544 0.026413184307677903 -0.011031107084410248 0.99213540878183204 0.038324498177967854 -0.006466029940270449 7.5500000000000007 1.7500000000000002 96.615001678466811 0.022880520489100154 1.0914124620127714 -0.014217400164381848 1058.0000000000002 7.9500000000000011
decision_type=2 2 2 2 2 2 2 2 2 2 2 2 2 2 2 2 2 2 2 2 2 2 2 2 2 2 2 2 2 2
left_child=1 4 3 -3 5 21 8 19 9 11 18 22 -13 14 -5 -10 -17 -15 -11 20 -6 27 -2 -18 -12 26 28 -1 -8 -27
right_child=6 2 -4 13 7 -7 25 -9 15 10 24 12 -14 17 -16 16 23 -19 -20 -21 -22 -23 -24 -25 -26 29 -28 -29 -30 -31
leaf_value=0.0006539278258569539 -1.2892724022376015e-05 -0.00092401434157402115 -0.0010138842235319315 0.00044168778848549078 6.8982736533507698e-05 0.0028036405365251429 0.00015813750055317273 0.0011953367648282437 -0.00038667715139066182 -0.00076721899033702133 -0.0011387188482545559 -0.00047679588362225324 0.00070478731637982719 0.0014119857568210656 -0.00018315545018384284 0.002020882093480655 0.00065710173384286462 2.8404785029124464e-05 4.7787769764384313e-06 0.00065653578724919094 -0.0012637446412435648 0.0014968421332024293 -0.00061440866645836429 -0.0004636082613308515 -0.00048665549260446087 -0.00067690492629434069 -0.00071462074577626172 0 -0.00036956557884280174 -0.0013689886506181208
leaf_weight=21 180 37 35 301 29 25 33 39 26 50 75 54 162 41 201 20 35 27 252 26 21 28 84 20 141 92 22 24 20 23
leaf_count=21 180 37 35 301 29 25 33 39 26 50 75 54 162 41 201 20 35 27 252 26 21 28 84 20 141 92 22 24 20 23
internal_value=7.85891e-06 0.00031079 0.000127339 0.000199636 0.000846531 0.00136718 -0.000190836 0.000369026 -0.00011141 -0.000168637 -0.000378742 5.21793e-05 0.000394731 0.000279319 0.000185671 0.000420766 0.000741558 0.000914474 -0.000115245 -2.60576e-05 -0.000445743 0.000803457 -0.000217201 0.000194998 -0.000731095 -0.000631562 -0.000247638 0.00028364 0 -0.000851792
internal_weight=2144 855 642 607 213 98 1289 115 1099 998 518 480 216 570 502 101 75 68 302 76 50 73 264 55 216 190 75 45 53 115
internal_count=2144 855 642 607 213 98 1289 115 1099 998 518 480 216 570 502 101 75 68 302 76 50 73 264 55 216 190 75 45 53 115
is_linear=0
shrinkage=0.03


Tree=117
num_leaves=31
num_cat=0
split_feature=26 11 15 14 22 13 10 19 26 26 22 22 26 24 25 8 22 26 11 24 15 21 20 2 22 20 20 20 11 20
split_gain=0.136013 0.0854293 0.0588002 0.0553371 0.0903751 0.0553041 0.0453071 0.044736 0.0574762 0.0570831 0.0351627 0.0591294 0.0715782 0.0484961 0.0436581 0.0405518 0.0340435 0.0258134 0.0246033 0.024587 0.0237803 0.0190802 0.0179169 0.0161899 0.0160966 0.0108566 0.00742283 0.0136696 0.0107784 0.00823812
threshold=720.50000000000011 0.97299183755563501 0.054041764468065107 0.04922722104718661 265.78750000000008 1.1421728089172432 1.0287629640194977 99.970001220703139 607.00000000000011 494.00000000000006 238.03350000000003 251.11600000000001 1051.5000000000002 0.75000000000000011 0.25000000000000006 1.0075295858641027 258.49100000000004 636.00000000000011 1.1658407314017989 10.350000000000003 0.027853638471342406 12.644999980926515 2.3750000000000004 -0.0043642950215035487 236.09900000000002 2.4050000000000007 2.2550000000000003 2.8550000000000004 1.0050068872742139 2.5950000000000002
decision_type=2 2 2 2 2 2 2 2 2 2 2 2 2 2 2 2 2 2 2 2 2 2 2 2 2 2 2 2 2 2
left_child=1 2 3 4 19 7 10 8 9 -3 13 12 20 25 16 -16 -13 -9 -19 -1 -12 22 -8 -10 -15 -2 28 29 -23 -28
right_child=6 5 -4 -5 -6 -7 21 17 23 -11 11 14 -14 24 15 -17 -18 18 -20 -21 -22 26 -24 -25 -26 -27 27 -29 -30 -31
leaf_value=0.001042244323039964 -0.0011255078446674382 0.00035611638072435278 0.0023391434610821305 -0.00058528767805546527 0.0027107439267981264 -0.00099459495034849121 -0.00068428157909906342 0.00022982550165150312 0.0018546973196954121 -0.00042073678369898429 4.6848007019804554e-05 -0.0011451762370355148 0.0018605959555984904 0.00037433970174775562 0.00023101305238188891 -0.00062179117285896879 -1.4799995112549908e-05 -0.0015333491242826521 -6.9023171891995625e-05 0.00020833712662047496 0.00076858296725906654 0.00013509978079569659 0.00014489925511970497 0.00065551799356422199 -0.00021578100380254908 -0.00043170192085173242 -0.00062030578039896987 -0.00041669709206325936 -0.00062117857364221262 -0.0015317686136910006
leaf_weight=58 62 346 21 26 20 36 34 24 22 109 235 66 25 55 183 68 46 25 25 97 52 20 60 46 149 62 35 62 38 37
leaf_count=58 62 346 21 26 20 36 34 24 22 109 235 66 25 55 183 68 46 25 25 97 52 20 60 46 149 62 35 62 38 37
internal_value=7.4987e-06 0.000302028 0.000809388 0.000623922 0.000822927 0.000118364 -0.000185621 0.000192045 0.000293433 0.00016292 -8.68142e-05 3.30576e-05 0.00033919 -0.000341971 -0.000222032 0 -0.000711703 -0.000478881 -0.000875719 0.000544291 0.000190247 -0.000520174 -0.000127484 0.00110822 -4.09957e-05 -0.000808834 -0.000695228 -0.000835482 -0.000311676 -0.00114436
internal_weight=2144 855 222 201 175 633 1289 597 523 455 1003 675 312 328 363 251 112 74 50 155 287 286 94 68 204 124 192 134 58 72
internal_count=2144 855 222 201 175 633 1289 597 523 455 1003 675 312 328 363 251 112 74 50 155 287 286 94 68 204 124 192 134 58 72
is_linear=0
shrinkage=0.03


Tree=118
num_leaves=28
num_cat=0
split_feature=26 11 20 23 12 23 15 23 15 26 26 23 15 26 14 19 23 26 15 14 21 12 20 20 19 15 24
split_gain=0.128659 0.107695 0.0746087 0.0845049 0.0524342 0.0485269 0.0583141 0.047315 0.0393268 0.0348052 0.0456159 0.0541448 0.0338586 0.0350653 0.0168633 0.0168473 0.0166854 0.0145504 0.0142349 0.0113653 0.00917217 0.00872844 0.00601704 0.00563648 0.00544596 0.00497477 0.00345239
threshold=755.00000000000011 0.78963338206406242 2.3950000000000005 2808.5000000000005 0.94913911784837757 3136.5000000000005 0.04694130239084781 1890.5000000000002 0.030510160441151703 838.50000000000011 899.50000000000011 2995.0000000000005 0.057534365942791106 577.50000000000011 0.034033392999980212 99.005001068115249 1477.5000000000002 710.50000000000011 0.023534226790648555 0.033095023901312907 21.085000038146976 0.99873677347558176 2.3750000000000004 2.2450000000000006 93.420001983642592 0.034952324072599905 1.2500000000000002
decision_type=2 2 2 2 2 2 2 2 2 2 2 2 2 2 2 2 2 2 2 2 2 2 2 2 2 2 2
left_child=1 -1 3 4 -3 6 9 -6 14 15 18 -12 13 -5 21 -2 -4 -18 -11 23 -8 24 -17 -10 -7 -21 -19
right_child=5 2 16 12 7 8 20 -9 19 10 11 -13 -14 -15 -16 22 17 26 -20 25 -22 -23 -24 -25 -26 -27 -28
leaf_value=0.0022709013365674762 1.630978967295959e-05 0.0021068190202349797 0.0002241273285554988 0 0.0013124886829155283 -0.00014791473092794018 -0.00040633832128951329 0.00035711049757989298 0 -0.00035665372470015721 -4.1419586925437116e-05 0.0010256576118332777 -0.00088269790504578375 0.00068784473924564989 0 0.0014317247704602777 -0.0010504574187255153 -0.00044861494983342709 -0.0011969009596974618 -0.00067492737966081643 -0.0012550015467966563 -0.0011304554421079868 0.00038522530079684327 0.00062473361517302692 -0.00075229918463328663 0 0
leaf_weight=23 35 23 20 355 64 34 39 231 21 96 578 45 30 83 22 21 44 31 30 21 37 81 21 24 73 34 28
leaf_count=23 35 23 20 355 64 34 39 231 21 96 578 45 30 83 22 21 44 31 30 21 37 81 21 24 73 34 28
internal_value=7.21676e-06 0.000273417 0.000217139 0.00032694 0.000704467 -0.000195069 -7.96064e-05 0.000578248 -0.000520044 -2.34701e-06 -6.8668e-05 3.23691e-05 6.30634e-05 0.000136538 -0.000752571 0.000596924 -0.000457301 -0.000619347 -0.000588184 0 -0.000869397 -0.000844151 0.00099937 0.000319118 -0.000591177 -0.000314651 -0.000235691
internal_weight=2144 932 909 786 318 1212 902 295 310 826 749 623 468 438 210 77 123 103 126 100 76 188 42 45 107 55 59
internal_count=2144 932 909 786 318 1212 902 295 310 826 749 623 468 438 210 77 123 103 126 100 76 188 42 45 107 55 59
is_linear=0
shrinkage=0.03


Tree=119
num_leaves=31
num_cat=0
split_feature=26 11 23 19 23 15 22 9 19 23 8 9 18 23 15 20 9 26 11 26 22 8 23 24 11 18 22 23 14 8
split_gain=0.121506 0.0774355 0.0585869 0.0463877 0.0460158 0.0416694 0.0449123 0.0432996 0.0433789 0.041065 0.0405355 0.0428941 0.0543663 0.0362101 0.0355779 0.0334163 0.0366329 0.0360862 0.0308472 0.0284636 0.0358453 0.0258252 0.0247994 0.0211521 0.0184742 0.0171067 0.0169727 0.0168447 0.0113086 0.0111831
threshold=720.50000000000011 0.97072017647443676 2824.0000000000005 99.875000000000014 3136.5000000000005 0.039798273462835952 238.03350000000003 0.94391175632520152 94.93500137329103 3847.0000000000005 1.0172323596767987 0.94258213744689423 1.077511462454507 1538.5000000000002 0.030510160441151703 1.6050000000000002 1.0159285450787336 394.50000000000006 0.86301311007762205 254.50000000000003 240.38350000000003 1.0113042448487513 2091.5000000000005 16.650000000000002 1.223682937798511 1.0925266508049767 252.68050000000002 3644.5000000000005 0.033095023901312907 0.97319626914194723
decision_type=2 2 2 2 2 2 2 2 2 2 2 2 2 2 2 2 2 2 2 2 2 2 2 2 2 2 2 2 2 2
left_child=1 9 3 15 5 6 13 -8 -9 10 11 12 -1 -2 27 17 -17 -3 -7 -4 21 -21 -20 -15 -22 -5 -24 -6 -16 -13
right_child=4 2 19 25 14 18 7 8 -10 -11 -12 29 -14 23 28 16 -18 -19 22 20 24 -23 26 -25 -26 -27 -28 -29 -30 -31
leaf_value=0.0021264679395210213 0.00041602596054768327 0.00118596946564503 0.00061829315165768523 1.264280936895654e-05 -0.00089507800704411019 0 0.0014695985781356944 0.00048667944420074428 -7.2257462184333119e-05 -0.00019754102310679593 0.0019247434274426527 -0.00020073961403220889 2.87585704142905e-05 -0.0006535650888433611 0.00032281457402921738 0.0016324108583966686 0.00045588496180615662 -4.6800649258086793e-06 0 0.00081028734020845475 -0.00032286230987496031 -0.00022163627425355738 -0.00051343514979816977 0.00024034918945930575 -0.0013266587864075388 -0.0010447541672204224 -0.0016477797602225716 -0.00026459943227469918 -0.00030705819774136346 0.00047064357584128403
leaf_weight=33 41 27 37 25 147 59 21 178 393 28 34 24 21 162 46 48 68 100 21 42 218 37 35 22 20 20 35 74 55 73
leaf_count=33 41 27 37 25 147 59 21 178 393 28 34 24 21 162 46 48 68 100 21 42 218 37 35 22 20 20 35 74 55 73
internal_value=6.93754e-06 0.000285392 0.000114955 0.00043449 -0.000175515 -6.8259e-05 1.27718e-05 0.000153419 9.72835e-05 0.000782145 0.000946816 0.000695669 0.00138059 -0.000343053 -0.000487119 0.000603191 0.000978156 0.0002323 -0.000526636 -0.000137046 -0.00023631 0.000292752 -0.000870043 -0.000529746 -0.000424965 -0.00040459 -0.00113808 -0.000699624 0 0.000273563
internal_weight=2144 855 642 288 1289 967 817 592 571 213 185 151 54 225 322 243 116 127 150 354 317 79 91 184 238 45 70 221 101 97
internal_count=2144 855 642 288 1289 967 817 592 571 213 185 151 54 225 322 243 116 127 150 354 317 79 91 184 238 45 70 221 101 97
is_linear=0
shrinkage=0.03


Tree=120
num_leaves=25
num_cat=0
split_feature=26 11 20 11 22 19 10 26 20 19 26 26 24 11 21 20 20 20 19 20 18 26 9 19
split_gain=0.115022 0.100611 0.0672939 0.057119 0.0424134 0.0413222 0.0400319 0.037144 0.0355789 0.0351979 0.0347005 0.0365773 0.0219154 0.0211404 0.0207735 0.0130159 0.0174296 0.0119872 0.00801911 0.00657952 0.00599 0.0060536 0.00174449 0.000434331
threshold=755.00000000000011 0.78963338206406242 2.3950000000000005 1.2498709173383851 279.88200000000006 96.055000305175795 1.0371786985380138 467.50000000000006 2.9150000000000005 99.805000305175795 896.00000000000011 987.50000000000011 2.1500000000000008 0.89249117007156142 12.969999790191652 2.2650000000000001 2.9550000000000005 2.3850000000000002 100.61500167846681 2.6250000000000004 0.68554312056637978 727.50000000000011 1.0490180113517504 95.255001068115249
decision_type=2 2 2 2 2 2 2 2 2 2 2 2 2 2 2 2 2 2 2 2 2 2 2 2
left_child=1 -1 3 4 7 -6 8 -3 9 10 13 -12 -10 -2 17 22 -17 23 -4 -19 -20 -22 -16 -8
right_child=6 2 18 -5 5 -7 14 -9 12 -11 11 -13 -14 -15 15 16 -18 19 20 -21 21 -23 -24 -25
leaf_value=0.0021893140919273719 8.1913636759096799e-05 0.00048873419770072862 0 -0.00085229508613369294 7.3274740753861669e-05 0.0017221779372892342 -0.00075667139187201172 3.377993485437666e-05 0.0010319277651019785 0.0010443772829270789 0.0002203369239358875 -0.00024544916830160536 0 -0.00059333261543859355 -0.00041887230606263746 -0.0012834402763383249 -0.00027196643734350804 0.00037003528087128262 0 -0.00025169748230308121 -0.00091522726580890832 -0.00014987871021283073 0 -0.0001774203573268923
leaf_weight=23 42 378 28 34 27 39 21 308 37 20 250 373 35 218 22 64 32 35 22 21 48 25 21 21
leaf_count=23 42 378 28 34 27 39 21 308 37 20 250 373 35 218 22 64 32 35 22 21 48 25 21 21
internal_value=6.81069e-06 0.000258581 0.00020408 0.000308484 0.000366012 0.00110356 -0.000184375 0.000289182 -9.53559e-05 -0.000149313 -0.000180895 -5.36754e-05 0.000533037 -0.000472864 -0.00053605 -0.000777241 -0.00098349 -0.000159253 -0.000436001 8.39285e-05 -0.000566322 -0.000699229 -0.00023671 -0.000547675
internal_weight=2144 932 909 786 752 66 1212 686 975 903 883 623 72 260 237 139 96 98 123 56 95 73 43 42
internal_count=2144 932 909 786 752 66 1212 686 975 903 883 623 72 260 237 139 96 98 123 56 95 73 43 42
is_linear=0
shrinkage=0.03


Tree=121
num_leaves=30
num_cat=0
split_feature=26 11 20 23 3 23 17 11 21 23 24 20 23 20 20 9 11 20 24 23 26 17 20 18 16 21 20 24 24
split_gain=0.108382 0.0948954 0.0636716 0.0740621 0.0500073 0.0435733 0.0508837 0.0450904 0.0596613 0.0390947 0.0298576 0.0304855 0.029016 0.0385646 0.0342569 0.0280183 0.0219066 0.0209713 0.0193643 0.0152421 0.0129567 0.0127725 0.0118075 0.0106893 0.00658306 0.00593375 0.00545902 0.00299884 0.0023347
threshold=755.00000000000011 0.78963338206406242 2.3950000000000005 2808.5000000000005 -0.04197488482900024 2100.5000000000005 0.0090251302200643011 1.0159864656817383 16.045000076293949 1890.5000000000002 23.250000000000004 0.69500000000000006 1722.0000000000002 2.8350000000000004 2.5250000000000004 1.0331909246780293 0.96621140475293166 2.9750000000000005 23.450000000000003 1477.5000000000002 710.50000000000011 -0.0041217787212528998 2.0750000000000006 0.98237366639671964 64.626492536540965 14.920000076293947 2.6250000000000004 1.2500000000000002 14.350000000000003
decision_type=2 2 2 2 2 2 2 2 2 2 2 2 2 2 2 2 2 2 2 2 2 2 2 2 2 2 2 2 2
left_child=1 -1 3 4 -3 6 12 8 15 -6 11 -5 21 14 -14 18 22 26 -7 -4 -21 -2 -10 -12 -19 -23 28 -22 -9
right_child=5 2 19 10 9 7 -8 17 16 -11 23 -13 13 -15 -16 -17 -18 24 -20 20 27 25 -24 -25 -26 -27 -28 -29 -30
leaf_value=0.0021263712989166377 0.00066452355880226768 0.0020862024890428237 0.00022397519701293535 0.00056058734251382696 0.0012187662818898735 -9.3666165269727775e-05 -0.00091954944380804107 -0.00074084971493529762 -3.3299360210852073e-05 0.00033727243687154453 3.3050958780222564e-05 -0.00014909899198962726 0.00063230960128566943 0.0014300098826837103 -0.00055630075040784092 0.00090141064074123281 -0.0011586295722660666 0.00010807966559061881 0.00060823007740187817 -0.00098766109031469878 -0.00041341756495603477 -0.00027047702090931126 -0.00060681157763052443 0.0010182783377046384 -0.00052441233857202212 7.6305416711508773e-05 -0.0012126625870836764 0 -0.00024839829326169015
leaf_weight=23 21 21 20 63 62 353 37 113 71 235 23 347 63 35 30 31 48 36 38 44 31 91 85 35 20 66 41 28 33
leaf_count=23 21 21 20 63 62 353 37 113 71 235 23 347 63 35 30 31 48 36 38 44 31 91 85 35 20 66 41 28 33
internal_value=6.49358e-06 0.000250929 0.000197894 0.000299514 0.0006529 -0.00017905 0.000100605 -0.000292869 -0.000151432 0.000534827 5.2116e-05 -3.16517e-05 0.000236322 0.000579092 0.000215133 4.58825e-05 -0.000572469 -0.000642819 -1.64205e-05 -0.000424466 -0.000580166 0 -0.000366773 0.000685614 -7.0416e-05 -0.000106148 -0.000796991 -0.000214876 -0.000652397
internal_weight=2144 932 909 786 318 1212 343 869 626 297 468 410 306 128 93 422 204 243 391 123 103 178 156 58 56 157 187 59 146
internal_count=2144 932 909 786 318 1212 343 869 626 297 468 410 306 128 93 422 204 243 391 123 103 178 156 58 56 157 187 59 146
is_linear=0
shrinkage=0.03


Tree=122
num_leaves=31
num_cat=0
split_feature=26 11 20 23 12 23 20 14 11 23 11 12 23 23 19 11 21 13 9 19 26 20 23 26 10 24 20 26 9 20
split_gain=0.1024 0.0894508 0.0600934 0.0697759 0.047537 0.0413555 0.0412308 0.0637871 0.0410457 0.0399295 0.03236 0.0453859 0.0293059 0.0283525 0.0339852 0.0315535 0.0250188 0.0246942 0.0232396 0.02513 0.0186011 0.017189 0.0144741 0.0121024 0.00996809 0.00785577 0.00745627 0.00693629 0.00607857 0.00533568
threshold=755.00000000000011 0.78963338206406242 2.3950000000000005 2808.5000000000005 0.94913911784837757 3136.5000000000005 2.3050000000000002 0.019836233390488102 1.0159864656817383 1890.5000000000002 0.95711159752095576 1.0004636211802609 3033.0000000000005 3847.0000000000005 98.215000152587905 0.98479978577512417 13.47499990463257 0.97269457256920544 0.96305228192551684 93.895000457763686 983.50000000000011 2.2250000000000005 1477.5000000000002 710.50000000000011 0.9254288352291451 17.350000000000005 2.2350000000000008 939.50000000000011 0.95688035665944582 2.9250000000000003
decision_type=2 2 2 2 2 2 2 2 2 2 2 2 2 2 2 2 2 2 2 2 2 2 2 2 2 2 2 2 2 2
left_child=1 -1 3 4 -3 6 8 10 18 -6 20 -12 16 15 -15 -5 -9 21 24 -20 -8 28 -4 -24 -2 -23 -19 -28 -7 -25
right_child=5 2 22 13 9 17 7 12 -10 -11 11 -13 -14 14 -16 -17 -18 26 19 -21 -22 25 23 29 -26 -27 27 -29 -30 -31
leaf_value=0.0020652380953542883 0.0013217282727328609 0.0019680451748427001 0.00021757589001208542 0.00060086659845226401 0.001188688622158952 0 0.00021552013913574426 -0.00029415489057158461 -0.0005126925065298565 0.00030956120119688047 0.00071217319758608928 -0.00011234011023394134 0.00017125442167443612 -0.00087677700296779596 0.00027346632641616882 0 -0.0010528497835307423 -0.00096053687267558404 0.0009436502676795828 2.8230926381729661e-05 -0.00069103689212185731 0 -0.00095868969249228615 0 0.00037521680358897997 0.0007547275676791157 -0.00018561344226777909 -0.00077185316979075239 -0.0005572036955088965 -0.0005144219023308584
leaf_weight=23 28 23 20 108 64 26 22 81 59 231 99 138 30 56 33 271 114 79 32 194 69 22 44 32 36 20 62 45 56 27
leaf_count=23 28 23 20 108 64 26 22 81 59 231 99 138 30 56 33 271 114 79 32 194 69 22 44 32 36 20 62 45 56 27
internal_value=6.36096e-06 0.000243992 0.000192395 0.00029118 0.00063422 -0.000173949 -6.71163e-05 -0.000230511 0.000183135 0.000513794 2.79223e-05 0.000221017 -0.00061898 5.08379e-05 -0.000418649 0.000169793 -0.000756114 -0.000473937 0.000336284 0.00017465 -0.0004393 -0.000114821 -0.000411935 -0.000563934 0.000849433 0.000337284 -0.000695411 -0.000464805 -0.000383805 -0.000208468
internal_weight=2144 932 909 786 318 1212 902 553 349 295 328 237 225 468 89 379 195 310 290 226 91 124 123 103 64 42 186 107 82 59
internal_count=2144 932 909 786 318 1212 902 553 349 295 328 237 225 468 89 379 195 310 290 226 91 124 123 103 64 42 186 107 82 59
is_linear=0
shrinkage=0.03


Tree=123
num_leaves=30
num_cat=0
split_feature=26 11 11 20 23 3 23 24 11 21 8 15 22 20 23 9 11 20 8 24 14 18 23 18 25 18 26 23 14
split_gain=0.0965919 0.0843297 0.0573522 0.0475752 0.0517955 0.0443239 0.0400474 0.0459855 0.0404544 0.0548106 0.0353984 0.0328428 0.0296225 0.0437674 0.0407833 0.0263853 0.020238 0.0195657 0.0183328 0.0179769 0.0132576 0.0105871 0.00769838 0.0100703 0.00566417 0.00546013 0.00481056 0.00463627 0.00150946
threshold=755.00000000000011 0.78963338206406242 1.223682937798511 2.3950000000000005 2808.5000000000005 -0.04197488482900024 2100.5000000000005 20.750000000000004 1.0159864656817383 16.045000076293949 1.0584708253004991 0.057534365942791106 255.26450000000003 2.8350000000000004 1648.0000000000002 1.0331909246780293 0.96621140475293166 3.0450000000000004 1.0002234219111144 23.450000000000003 0.022793783593483555 1.1733334488696279 2091.5000000000005 0.99786845200207286 9.4500000000000011 1.0247389655947037 819.50000000000011 3108.0000000000005 0.031535896327964753
decision_type=2 2 2 2 2 2 2 2 2 2 2 2 2 2 2 2 2 2 2 2 2 2 2 2 2 2 2 2 2
left_child=1 -1 3 4 5 -3 7 12 9 15 25 -6 13 24 -15 19 21 26 -14 -8 -9 -11 -5 -24 -2 -4 -10 -19 -28
right_child=6 2 10 22 11 -7 8 20 17 16 -12 -13 18 14 -16 -17 -18 27 -20 -21 -22 -23 23 -25 -26 -27 28 -29 -30
leaf_value=0.0020058625128585843 -3.606183367847864e-05 0.0019913844083943827 0.00013536305318120868 5.0861017246331404e-06 0.00019719402874521951 0.00052424295966575546 -8.9730841284786718e-05 -0.0013781831860542298 -0.0012885297092680747 -0.00049876219904677855 -0.001537012239685282 -0.00081974773351103068 0.0016391502159115458 0 0.001437475467176252 0.00087540868511132427 -0.0011115265352632468 0.00012749447096906474 0.00015702619066412029 0.00058654603967443113 -9.6766737372880516e-05 0 -0.00081670979109354483 0 -0.00057779211045073508 -0.00038988659674809738 -0.00072138883159495891 -0.00041883206773283226 -0.00028642213765583859
leaf_weight=23 174 21 27 20 395 295 353 20 25 114 23 29 20 32 36 31 48 32 20 38 20 42 42 25 21 32 129 20 37
leaf_count=23 174 21 27 20 395 295 353 20 25 114 23 29 20 32 36 31 48 32 20 38 20 42 42 25 21 32 129 20 37
internal_value=6.29796e-06 0.000237129 0.000186924 0.000264571 0.000344781 0.000637181 -0.000168782 9.91117e-05 -0.000277962 -0.000143656 -0.000553788 0.000118815 0.000233778 0.000103593 0.000758999 4.52096e-05 -0.000547296 -0.00060965 0.000993164 -1.5024e-05 -0.000828633 -0.000348605 -0.000379748 -0.000537126 -0.000112358 -0.000101268 -0.000750866 -2.99652e-05 -0.000644698
internal_weight=2144 932 909 827 740 316 1212 343 869 626 82 424 303 263 68 422 204 243 40 391 40 156 87 67 195 59 191 52 166
internal_count=2144 932 909 827 740 316 1212 343 869 626 82 424 303 263 68 422 204 243 40 391 40 156 87 67 195 59 191 52 166
is_linear=0
shrinkage=0.03


Tree=124
num_leaves=31
num_cat=0
split_feature=26 11 11 20 23 3 23 15 22 23 23 22 15 23 9 19 15 24 14 14 10 0 18 10 18 2 15 20 14 11
split_gain=0.0910621 0.0795363 0.0540982 0.0448076 0.0506587 0.0454312 0.0379798 0.046211 0.0368476 0.0393481 0.049644 0.0343836 0.0325935 0.0317849 0.0306819 0.026201 0.025523 0.0178613 0.0145921 0.00964119 0.00813626 0.00803466 0.00978198 0.00714292 0.00649234 0.00645276 0.00465293 0.00460257 0.00364363 0.00275792
threshold=755.00000000000011 0.78963338206406242 1.223682937798511 2.3950000000000005 3847.0000000000005 -0.050768698265356536 3136.5000000000005 0.039798273462835952 238.03350000000003 1648.0000000000002 2050.0000000000005 252.68050000000002 0.030510160441151703 1538.5000000000002 1.092732524716217 98.215000152587905 0.016113409523350303 16.650000000000002 0.034033392999980212 0.033095023901312907 1.0401378270323349 -0.025429149925058698 0.77461051482284804 0.98277135504787472 0.99786845200207286 0.021009083335581904 0.034952324072599905 2.2450000000000006 0.022713694523215602 0.96621140475293166
decision_type=2 2 2 2 2 2 2 2 2 2 2 2 2 2 2 2 2 2 2 2 2 2 2 2 2 2 2 2 2 2
left_child=1 -1 3 4 5 -3 7 8 13 16 -11 23 18 28 25 -6 -10 -15 21 27 24 -8 -23 -9 -5 -4 -21 -14 -2 -13
right_child=6 2 14 20 15 -7 12 11 9 10 -12 29 19 17 -16 -17 -18 -19 -20 26 -22 22 -24 -25 -26 -27 -28 -29 -30 -31
leaf_value=0.0019481939713004973 0.00069733529764094519 0.0013944050632417201 0.00017205457312853206 -0.00077258620484332938 -0.0007618518857447922 0.00035269041446117508 -4.5659733961498272e-05 5.1775213563814756e-05 -8.1876672653015712e-05 0.00095750128584310269 0.00012202454505890239 -0.00072055883348271573 0 -0.00059367457391537766 -0.0014027613687257353 0.00025976180281791399 -0.0012644858662758699 0.00022153341668941403 0 -0.00061261533627376507 2.3018101949922055e-05 -0.00011745792864642749 -0.00092497313876708479 -0.00049400754257187466 -1.729087811858894e-05 -0.00041886879906298649 0 0.00059162388995289805 0 -0.0017500807579074586
leaf_weight=23 20 42 27 41 52 613 22 37 94 80 370 22 21 162 25 33 21 22 22 21 21 25 141 33 25 30 34 24 21 20
leaf_count=23 20 42 27 41 52 613 22 37 94 80 370 22 21 162 25 33 21 22 22 21 21 25 141 33 25 30 34 24 21 20
internal_value=5.94146e-06 0.000230108 0.000181246 0.000256731 0.000334636 0.000426084 -0.000164012 -6.14969e-05 1.59566e-05 0.000148819 0.000278999 -0.000629676 -0.000451494 -0.000303584 -0.000537822 -0.000331933 -0.000332733 -0.000479317 -0.000662934 0 -0.000368088 -0.000748414 -0.000822755 -0.000166603 -0.000535794 -8.90932e-05 -0.000269554 0.000316508 0.000406276 -0.00130987
internal_weight=2144 932 909 827 740 655 1212 902 790 565 450 112 310 225 82 85 115 184 210 100 87 188 166 70 66 57 55 45 41 42
internal_count=2144 932 909 827 740 655 1212 902 790 565 450 112 310 225 82 85 115 184 210 100 87 188 166 70 66 57 55 45 41 42
is_linear=0
shrinkage=0.03


Tree=125
num_leaves=31
num_cat=0
split_feature=20 23 11 14 10 23 15 22 23 20 24 20 14 16 22 22 25 11 14 23 11 18 10 20 23 23 8 23 15 18
split_gain=0.0684931 0.0923186 0.0561098 0.0534818 0.0772392 0.0440304 0.0349269 0.0394339 0.0338578 0.0327938 0.0370601 0.0445392 0.0316508 0.0281797 0.0246056 0.0426799 0.0327487 0.0228569 0.0227546 0.0207387 0.0194753 0.0318435 0.0216735 0.0177684 0.0170105 0.015881 0.0115355 0.0113719 0.0106627 0.00913311
threshold=2.2750000000000004 2726.0000000000005 0.86301311007762205 0.035560050367324209 0.97182789930519797 3359.5000000000005 0.03543013966620686 237.74700000000004 1710.0000000000002 0.76500000000000012 23.650000000000002 2.2150000000000003 0.041357109684642256 34.718775759434315 251.11600000000001 250.50950000000003 0.25000000000000006 0.91202246376086815 0.014222534165362051 3256.0000000000005 1.0214328642277362 1.1429447700680326 1.0228125482035451 2.4450000000000007 3246.5000000000005 2395.5000000000005 1.0002234219111144 2134.0000000000005 0.058514063433784659 0.98237366639671964
decision_type=2 2 2 2 2 2 2 2 2 2 2 2 2 2 2 2 2 2 2 2 2 2 2 2 2 2 2 2 2 2
left_child=1 3 5 18 -5 -3 7 8 -2 19 11 -11 -6 -8 15 17 -16 -9 -1 -4 22 -22 -20 -18 25 -15 -17 -14 -27 -12
right_child=6 2 9 4 12 -7 13 14 -10 10 29 -13 27 24 16 26 23 -19 20 -21 21 -23 -24 -25 -26 28 -28 -29 -30 -31
leaf_value=0.0012225757165933433 0.00052086490473117345 0 0.00091199680977465151 0.0023181756959238554 0.0012941127952578806 0.0015460517880591478 0.00032964615865610541 0.00078205445700544208 -0.00068779944217000288 -0.00039795050210830003 0 0.00040296165223630584 -0.000456903309228697 -0.0004585833816417129 -0.0013009695195714418 0.0015887062497760937 0.00066324018826708199 -4.1742394713004558e-05 0.00023936773675404554 0 -0.00043065731308888639 0.00059666231210128619 0.001136178356467656 -0.00021107904677822566 0 -0.0015601147571986074 0.00035485139219900189 0.00039128913613967594 -0.00052892503912303724 0.00076720582588556368
leaf_weight=22 21 36 38 31 30 32 24 33 135 497 28 67 20 81 22 22 23 243 214 46 83 38 30 134 32 39 22 38 28 35
leaf_count=22 21 36 38 31 30 32 24 33 135 497 28 67 20 81 22 22 23 243 214 46 83 38 30 134 32 39 22 38 28 35
internal_value=5.58078e-06 0.000145532 -5.60376e-05 0.00046127 0.0010247 0.000754232 -0.000200214 -8.76149e-05 -0.000503705 -0.000138696 -0.000216508 -0.000296952 0.000514414 -0.000544919 3.72127e-05 0.000199709 -0.000236112 4.83924e-05 0.000278091 0.000402535 0.000209782 -8.11917e-05 0.000366064 -6.06197e-05 -0.000679279 -0.000814411 0.00106004 4.51747e-05 -0.0011874 0.000450173
internal_weight=2144 1285 779 506 119 68 859 655 156 711 627 564 88 204 499 320 179 276 387 84 365 121 244 157 180 148 44 58 67 63
internal_count=2144 1285 779 506 119 68 859 655 156 711 627 564 88 204 499 320 179 276 387 84 365 121 244 157 180 148 44 58 67 63
is_linear=0
shrinkage=0.03


Tree=126
num_leaves=28
num_cat=0
split_feature=26 11 11 23 17 3 23 15 8 23 15 26 19 19 8 19 11 14 26 14 12 15 14 19 15 20 7
split_gain=0.0834588 0.0722136 0.0496112 0.0431103 0.0702103 0.0438326 0.0351512 0.0424185 0.0324245 0.0313077 0.0300346 0.0274431 0.0260399 0.0227453 0.0212631 0.0273867 0.0198706 0.0136751 0.0135672 0.00894987 0.00743927 0.00704306 0.00489681 0.00485202 0.00419664 0.00416113 0.00369023
threshold=755.00000000000011 0.78963338206406242 1.223682937798511 1890.5000000000002 -0.0049158240700981999 -0.043406663755902644 3136.5000000000005 0.039798273462835952 1.0584708253004991 3557.5000000000005 0.030510160441151703 494.00000000000006 100.25000000000001 96.18500137329103 1.0019797717455055 95.155002593994155 1.0696273741693911 0.034033392999980212 1868.5000000000002 0.033095023901312907 0.99873677347558176 0.059542585413890556 0.034450460265825204 93.420001983642592 0.034952324072599905 2.2450000000000006 0.049621107731912202
decision_type=2 2 2 2 2 2 2 2 2 2 2 2 2 2 2 2 2 2 2 2 2 2 2 2 2 2 2
left_child=1 -1 3 4 -3 9 7 12 22 -5 17 -7 14 26 18 -16 -6 20 -2 25 23 -15 -4 -8 -21 -12 -9
right_child=6 2 8 5 16 11 10 13 -10 -11 19 -13 -14 21 15 -17 -18 -19 -20 24 -22 -23 -24 -25 -26 -27 -28
leaf_value=0.0018582244829740372 0.00019504646759093398 -0.00047652861299658463 0.00010202356619993223 0.0013217247352295088 0.0019907805314835379 0.00026596055570607472 -7.4730656684343023e-05 5.0087275839741182e-05 -0.0014543232625583186 0 0 -0.0001123370052641714 0.00084282038297334855 -0.0013744275982608086 7.2831499714897399e-05 -0.00044121274859787658 0.00058358730673324318 0 -0.0003396351497542734 -0.00058601629811296755 -0.000981466558656837 -0.00043139651887274036 -0.00039848730801272074 -0.00063299881506984979 0 0.00056645372958853842 -0.00038538213760592045
leaf_weight=23 359 20 32 47 33 375 34 30 23 23 21 305 32 32 169 186 24 22 44 21 81 26 27 73 34 24 24
leaf_count=23 359 20 32 47 33 375 34 30 23 23 21 305 32 32 169 186 24 22 44 21 81 26 27 73 34 24 24
internal_value=5.78049e-06 0.000220441 0.000173708 0.000246097 0.000926527 0.000171104 -0.000156861 -5.81006e-05 -0.000514393 0.000885541 -0.000433464 9.19619e-05 1.59555e-05 -0.000602528 -1.60636e-05 -0.000188555 0.00147028 -0.000636434 0.000128547 0 -0.000719247 -0.00101701 -7.98478e-05 -0.000485717 -0.000259744 0.000304914 -9.23972e-05
internal_weight=2144 932 909 827 77 750 1212 902 82 70 310 680 790 112 758 355 57 210 403 100 188 58 59 107 55 45 54
internal_count=2144 932 909 827 77 750 1212 902 82 70 310 680 790 112 758 355 57 210 403 100 188 58 59 107 55 45 54
is_linear=0
shrinkage=0.03


Tree=127
num_leaves=28
num_cat=0
split_feature=26 11 13 23 26 24 23 15 22 23 23 17 26 22 22 23 15 24 14 14 0 18 10 15 17 11 11
split_gain=0.0787456 0.0680961 0.0473171 0.0384733 0.0508806 0.0523688 0.0331722 0.0401056 0.0329194 0.0364438 0.0449657 0.0312877 0.0303332 0.0362424 0.0295612 0.0284835 0.0282882 0.0157773 0.0129761 0.00846715 0.00722729 0.00867028 0.00614843 0.00393314 0.00364749 0.00270752 0.00246484
threshold=755.00000000000011 0.78963338206406242 1.1421728089172432 2808.5000000000005 394.50000000000006 6.8500000000000005 3136.5000000000005 0.039798273462835952 238.03350000000003 1648.0000000000002 2050.0000000000005 0.0041326779403033512 254.50000000000003 240.38350000000003 252.68050000000002 1538.5000000000002 0.030510160441151703 16.650000000000002 0.034033392999980212 0.033095023901312907 -0.025429149925058698 0.77461051482284804 0.98277135504787472 0.034952324072599905 0.00018252238626505004 0.96621140475293166 0.93632178565528534
decision_type=2 2 2 2 2 2 2 2 2 2 2 2 2 2 2 2 2 2 2 2 2 2 2 2 2 2 2
left_child=1 -1 3 4 -3 -6 7 8 15 11 -11 -10 -5 -14 22 24 18 -17 20 26 -8 -22 -9 -21 -2 -16 -18
right_child=6 2 -4 12 5 -7 16 14 9 10 -12 -13 13 -15 25 17 19 -19 -20 23 21 -23 -24 -25 -26 -27 -28
leaf_value=0.0018048005988821386 0.00067140888635601318 0.0015325746906625377 -0.00086686250767544707 0.00090726513233543805 -8.5311297428024074e-05 0.00062697984845636241 -2.7705065185411661e-05 4.4835145891595036e-05 0 0.00091276245587505397 0.00011684572334009702 -0.0010281862151367883 0.00041535798588948034 -0.00019933425051403954 -0.00064771423501129588 -0.00056077450455739196 0.00049028996478479641 0.00019953615959156706 0 -0.00056923492565031416 -9.8520617439554846e-05 -0.00086543333407329125 -0.00045746307960122499 0 0 -0.0016404709992930292 0
leaf_weight=23 20 35 36 32 155 208 22 37 78 80 370 37 115 328 22 162 25 22 22 21 25 141 33 34 21 20 20
leaf_count=23 20 35 36 32 155 208 22 37 78 80 370 37 115 328 22 162 25 22 22 21 25 141 33 34 21 20 20
internal_value=5.47355e-06 0.000214024 0.000168538 0.00021561 0.000433341 0.000315193 -0.000152468 -5.64178e-05 1.54893e-05 0.00014126 0.000266704 -0.000321814 2.63452e-05 -3.24312e-05 -0.000585817 -0.000286288 -0.000421217 -0.000453064 -0.0006182 0 -0.00069889 -0.00076918 -0.000152817 -0.000253152 0.000383711 -0.00121738 0.000296048
internal_weight=2144 932 909 873 398 363 1212 902 790 565 450 115 475 443 112 225 310 184 210 100 188 166 70 55 41 42 45
internal_count=2144 932 909 873 398 363 1212 902 790 565 450 115 475 443 112 225 310 184 210 100 188 166 70 55 41 42 45
is_linear=0
shrinkage=0.03


Tree=128
num_leaves=31
num_cat=0
split_feature=26 11 5 23 22 8 25 12 0 23 12 22 22 26 22 21 20 8 8 14 11 14 26 22 11 26 16 26 23 20
split_gain=0.0746621 0.0573165 0.0463587 0.0397443 0.0395287 0.0360646 0.0356373 0.0326937 0.0290953 0.0277836 0.026558 0.0258248 0.0308389 0.0247804 0.0262757 0.0239862 0.0238746 0.0232011 0.0231923 0.0267245 0.0193197 0.0295759 0.0208212 0.018251 0.0330451 0.0177856 0.0171279 0.0160202 0.0146422 0.0119922
threshold=720.50000000000011 0.97072017647443676 -0.0058430027955330994 2824.0000000000005 265.78750000000008 1.0558684618137433 0.8500000000000002 1.0004636211802609 0.037839515846053363 2091.5000000000005 0.9858211270275179 252.37150000000003 243.75500000000002 253.50000000000003 240.38350000000003 11.59500026702881 2.3950000000000005 1.0113042448487513 0.99213540878183204 0.036074767492505058 0.84519872829218545 0.037923763473304055 874.50000000000011 255.26450000000003 1.0159864656817383 1044.5000000000002 53.945637716101508 934.50000000000011 2581.5000000000005 1.5950000000000004
decision_type=2 2 2 2 2 2 2 2 2 2 2 2 2 2 2 2 2 2 2 2 2 2 2 2 2 2 2 2 2 2
left_child=1 2 4 5 28 8 18 9 10 23 -3 12 -9 -5 17 27 -17 -15 19 -4 25 22 -22 24 -2 -11 -16 -14 -1 -13
right_child=7 3 6 13 -6 -7 -8 11 -10 20 -12 29 15 14 26 16 -18 -19 -20 -21 21 -23 -24 -25 -26 -27 -28 -29 -30 -31
leaf_value=0.001435784822753207 -1.9606430205333578e-05 0.0010367804737704826 0 0.00077627536997897551 0.0022670245936460558 -0.00064223082953997483 0.00094262124302331343 -0.00049182612281840519 0.0014061605822498675 0.00093275838548369293 0.00016188871113856571 0 7.0530065433838582e-06 0.00074256253332376124 -0.00070426813927770122 0.0012447033630662852 0.00011122173121354232 -0.00023696085433230589 0.0005192290163443734 -0.0013651791382580996 -0.00037935575440398324 -0.00086822640256822218 5.0005425548126407e-05 0.00089220652234059958 0.0012138489855199376 0 -0.00015173295610266822 -0.00072609046659280734 0.00036979752280326053 -0.00072573291906430945
leaf_weight=21 139 40 30 23 23 27 39 152 27 26 194 24 51 42 88 21 107 37 26 20 154 52 268 38 21 47 164 42 54 147
leaf_count=21 139 40 30 23 23 27 39 152 27 26 194 24 51 42 88 21 107 37 26 20 154 52 268 38 21 47 164 42 54 147
internal_value=5.29955e-06 0.000223864 0.000651033 7.66824e-05 0.00113469 0.000340714 0.000206778 -0.000137411 0.000455911 -4.12283e-06 0.000327984 -0.0003141 -0.000162324 -0.000130027 -0.000204187 5.19833e-05 0.000328647 0.000249071 -0.000139202 -0.000543878 -0.000118306 -0.000192347 -0.000100115 0.000295255 0.000130185 0.000318016 -0.00035856 -0.000296331 0.000722712 -0.000624858
internal_weight=2144 855 213 642 98 288 115 1289 261 745 234 544 373 354 331 221 128 79 76 50 547 474 422 198 160 73 252 93 75 171
internal_count=2144 855 213 642 98 288 115 1289 261 745 234 544 373 354 331 221 128 79 76 50 547 474 422 198 160 73 252 93 75 171
is_linear=0
shrinkage=0.03


Tree=129
num_leaves=31
num_cat=0
split_feature=26 13 21 23 9 17 12 23 22 22 26 21 20 22 16 21 16 26 14 2 4 19 9 26 23 14 23 16 16 26
split_gain=0.0704753 0.0496853 0.045596 0.0845878 0.0429823 0.0368834 0.0307612 0.0261747 0.0243139 0.0291086 0.0232612 0.0226054 0.022472 0.0171689 0.0276857 0.0168928 0.0170323 0.0151511 0.0146775 0.0123972 0.0146145 0.0122539 0.0112148 0.010744 0.0105713 0.0103195 0.00938995 0.00904485 0.00719582 0.00626301
threshold=720.50000000000011 1.1302133166180657 15.210000038146974 3847.0000000000005 0.91849485384579876 -0.0070967112451285489 1.0004636211802609 2091.5000000000005 252.37150000000003 243.75500000000002 616.00000000000011 11.59500026702881 2.3950000000000005 255.26450000000003 50.619658840994646 15.710000038146974 32.804848004967013 934.50000000000011 0.017787174220828154 0.0030699284969554507 -0.0053908853439491996 95.674999237060561 0.98267866721727182 1407.0000000000002 2557.5000000000005 0.034033392999980212 2451.0000000000005 34.405600573022916 39.051097557903113 1229.5000000000002
decision_type=2 2 2 2 2 2 2 2 2 2 2 2 2 2 2 2 2 2 2 2 2 2 2 2 2 2 2 2 2 2
left_child=1 2 10 4 -4 -6 7 13 9 26 21 17 -13 14 28 18 -17 -11 22 20 -10 24 -9 -18 -1 -3 29 -20 -2 -8
right_child=6 25 3 -5 5 -7 8 15 19 11 -12 12 -14 -15 -16 16 23 -19 27 -21 -22 -23 -24 -25 -26 -27 -28 -29 -30 -31
leaf_value=0.00025367462364374657 -0.0003277314340787385 -1.8614350669932628e-05 0.001580666787285522 -0.00070428764133036799 -2.6897149929677001e-05 0.00056148366071425955 -0.0004354308355045882 -0.00061983481012474809 0.00033699322671496441 6.8454870085518481e-06 -0.00076403308007866138 0.0012090595712814485 0.00010791597280897098 0.00086612664185947946 0.0011436559494052614 0.00041765159470794191 -0.00055300458289059165 -0.0007048143258664843 0.00056790728935065041 -0.00085930130583132731 -0.00052394799790927201 0.00035660508911678336 0 0 -0.00045146503525676156 -0.0010608843316741543 -0.00070040275833966638 4.208736139620006e-05 0.00012277277453532932 7.9954683908164788e-05
leaf_weight=23 46 21 33 54 111 429 36 48 20 51 40 21 107 38 20 20 142 42 37 92 59 63 42 45 53 28 84 213 94 32
leaf_count=23 46 21 33 54 111 429 36 48 20 51 40 21 107 38 20 20 142 42 37 92 59 63 42 45 53 28 84 213 94 32
internal_value=5.44842e-06 0.000217831 0.000277124 0.000398778 0.000509004 0.000435167 -0.00013316 -3.751e-06 -0.000304548 -0.000156961 -0.000132186 5.09152e-05 0.0003198 0.000286712 0.000125943 -0.000114697 -0.000328134 -0.000286713 7.03216e-06 -0.00060625 -0.000267 3.237e-05 -0.000309772 -0.000425652 -0.000198583 -0.000683503 -0.000477168 0.000133813 -5.24797e-06 -0.000151774
internal_weight=2144 855 806 627 573 540 1289 745 544 373 179 221 128 198 160 547 207 93 340 171 79 139 90 187 76 49 152 250 140 68
internal_count=2144 855 806 627 573 540 1289 745 544 373 179 221 128 198 160 547 207 93 340 171 79 139 90 187 76 49 152 250 140 68
is_linear=0
shrinkage=0.03


Tree=130
num_leaves=31
num_cat=0
split_feature=26 11 5 15 23 8 25 23 20 22 11 23 22 0 20 20 15 11 26 22 22 18 17 8 15 17 22 16 15 23
split_gain=0.0660639 0.0534197 0.0435922 0.0508711 0.0358245 0.0333238 0.033297 0.0294336 0.0305375 0.0361412 0.0347882 0.0316495 0.030531 0.0273906 0.027235 0.0296161 0.0254479 0.0253826 0.0233781 0.0241079 0.0223764 0.0223114 0.0218433 0.0217694 0.0258205 0.0209226 0.017889 0.0157425 0.0129463 0.0121642
threshold=720.50000000000011 0.97072017647443676 -0.0058430027955330994 0.048197243814665405 2824.0000000000005 1.0558684618137433 0.8500000000000002 3136.5000000000005 2.3250000000000006 252.37150000000003 1.0159864656817383 2015.5000000000002 250.50950000000003 0.037839515846053363 2.5050000000000003 2.8550000000000004 0.030510160441151703 1.0924453436792001 253.50000000000003 240.38350000000003 238.03350000000003 1.0657635579612947 -0.006466029940270449 0.99213540878183204 0.038324498177967854 -0.0041217787212528998 244.00500000000002 53.945637716101508 0.019447745739955953 3686.5000000000005
decision_type=2 2 2 2 2 2 2 2 2 2 2 2 2 2 2 2 2 2 2 2 2 2 2 2 2 2 2 2 2 2
left_child=1 2 3 22 5 13 23 8 10 11 25 12 -10 17 -11 -16 29 -3 -6 21 -13 -20 -1 24 -4 26 -2 -21 -27 -9
right_child=7 4 6 -5 18 -7 -8 16 9 14 -12 20 -14 -15 15 -17 -18 -19 19 27 -22 -23 -24 -25 -26 28 -28 -29 -30 -31
leaf_value=0.00014426575001562011 7.0727476161932016e-05 0.0005852668618024433 0 0.0023878944265534694 0.00075215792295057322 -0.00062414559969745044 0.00090404966503847381 -0.00071458198436263106 7.1436480903066689e-05 0.00039528443763518463 -0.00044925655953920797 -0.00059764381946703462 0.0011662240030921316 0.0013524117871784255 -0.00093741618291876092 -8.0166704292450821e-05 0 -1.5977843591411196e-05 0.00072992274473654092 -0.00067953174065123569 0 -0.0002301385277667298 0.0012678716588707174 0.00049389155352643377 -0.0013106143613430586 0.00060597909463916064 0.0010798911675536894 -0.00014807313561693511 7.1501926089695173e-06 -0.00016419289799357234
leaf_weight=45 33 130 29 22 23 27 39 152 99 22 63 85 32 27 111 66 101 104 41 88 185 38 31 26 21 42 50 164 179 69
leaf_count=45 33 130 29 22 23 27 39 152 99 22 63 85 32 27 111 66 101 104 41 88 185 38 31 26 21 42 50 164 179 69
internal_value=5.30094e-06 0.000210971 0.000623294 0.00109222 6.87504e-05 0.000319667 0.000191856 -0.000128853 -4.24719e-05 -0.000176678 0.000168671 -4.7598e-06 0.000368402 0.000430763 -0.000506351 -0.000636864 -0.000378044 0.00030635 -0.00012726 -0.000199485 -0.000197574 0.000233517 0.000652053 -0.000141645 -0.000534151 0.000307617 0.00071999 -0.000347472 0.000136685 -0.000557768
internal_weight=2144 855 213 98 642 288 115 1289 967 600 367 401 131 261 199 177 322 234 354 331 270 79 76 76 50 304 83 252 221 221
internal_count=2144 855 213 98 642 288 115 1289 967 600 367 401 131 261 199 177 322 234 354 331 270 79 76 76 50 304 83 252 221 221
is_linear=0
shrinkage=0.03


Tree=131
num_leaves=28
num_cat=0
split_feature=26 11 13 20 23 12 23 15 22 22 17 23 20 15 23 24 15 14 23 26 14 11 0 10 20 15 23
split_gain=0.062465 0.059514 0.0450675 0.0329405 0.0412224 0.0343937 0.0275718 0.031617 0.0293127 0.0289479 0.0445433 0.0332528 0.0296036 0.0248146 0.0237926 0.0223963 0.0185491 0.0115089 0.0114641 0.0142483 0.00776296 0.00660301 0.00633153 0.00516153 0.00382767 0.0036373 0.00219041
threshold=756.50000000000011 0.78963338206406242 1.1421728089172432 2.3950000000000005 3847.0000000000005 0.94368749463329304 3136.5000000000005 0.039798273462835952 252.68050000000002 244.21800000000005 0.0061893592672591508 1648.0000000000002 2.6050000000000004 0.030510160441151703 4004.5000000000005 0.95000000000000007 0.022096211734342602 0.034033392999980212 1818.0000000000002 747.00000000000011 0.033095023901312907 1.0185651436701424 -0.025429149925058698 0.98277135504787472 2.2450000000000006 0.034952324072599905 3384.0000000000005
decision_type=2 2 2 2 2 2 2 2 2 2 2 2 2 2 2 2 2 2 2 2 2 2 2 2 2 2 2
left_child=1 -1 3 4 5 -3 7 9 23 15 11 -11 -12 17 -6 16 -2 22 -5 -20 24 -17 -8 -9 -15 -22 -24
right_child=6 2 -4 18 14 -7 13 8 -10 10 12 -13 -14 20 -16 21 -18 -19 19 -21 25 -23 26 -25 -26 -27 -28
leaf_value=0.0016768522701459004 -0.00026286290645678067 0.0011645244153282281 -0.00083687165723397177 0.000183826609484611 -0.00062297779028373421 0.00028509486997276825 -7.9131716020128732e-06 6.325871225348427e-05 -0.0012113184149317305 -0.000102859053630872 0.00012492017100076836 0.00053552570350518913 -0.00081846434618714013 0 0.00048038718087731728 0.00019953305159246416 -0.0011610138772521167 0 -0.00066008299035157124 0.00010343816317617892 -0.00053144028274850418 -0.00017598939075206334 -0.0009419187422664391 -0.00039997252223581792 0.00054741961576044551 0 -0.00053143344599354471
leaf_weight=23 141 45 38 30 66 630 22 37 37 94 53 245 56 21 20 104 28 22 67 23 21 64 62 33 24 34 104
leaf_count=23 141 45 38 30 66 630 22 37 37 94 53 245 56 21 20 104 28 22 67 23 21 64 62 33 24 34 104
internal_value=5.36885e-06 0.000189516 0.000147249 0.000193999 0.000268782 0.000349797 -0.00013649 -4.77589e-05 -0.000529864 1.47286e-05 0.000176082 0.000349905 -0.000335516 -0.000381186 -0.000329326 -0.000190782 -0.00043527 -0.000565695 -0.000253756 -0.000433001 0 3.85305e-05 -0.000641923 -0.000115426 0.000296604 -0.000229124 -0.000707433
internal_weight=2144 942 919 881 761 675 1202 892 107 785 448 339 109 310 86 337 169 210 120 90 100 168 188 70 45 55 166
internal_count=2144 942 919 881 761 675 1202 892 107 785 448 339 109 310 86 337 169 210 120 90 100 168 188 70 45 55 166
is_linear=0
shrinkage=0.03


Tree=132
num_leaves=26
num_cat=0
split_feature=26 23 16 22 24 16 21 24 10 20 5 19 21 16 8 22 22 19 20 15 13 23 15 18 14
split_gain=0.0595225 0.0879611 0.042242 0.0375578 0.086675 0.0509857 0.0297606 0.0387961 0.0441751 0.0345638 0.0333183 0.0276694 0.0262377 0.0242044 0.0238182 0.0390239 0.0207308 0.0204408 0.0203033 0.0186916 0.0176628 0.0169278 0.00672097 0.00567678 0.00227108
threshold=467.50000000000006 3662.5000000000005 70.210666252001673 275.23000000000008 17.850000000000005 47.950154846433655 15.635000228881838 15.950000000000001 1.0525409081274817 1.1950000000000001 0.024166854143795904 105.48499679565431 29.969999313354496 56.615499767254882 1.0022339417690669 252.37150000000003 244.21800000000005 98.354999542236342 1.2950000000000002 0.029268998558238554 1.0689103356910039 2015.5000000000002 0.026247665466806104 0.95291722291906034 0.044156517429734254
decision_type=2 2 2 2 2 2 2 2 2 2 2 2 2 2 2 2 2 2 2 2 2 2 2 2 2
left_child=1 6 3 14 11 -6 13 8 10 -9 -8 12 -5 23 18 16 -16 -17 -2 22 -10 -20 -4 -1 -3
right_child=2 24 19 4 5 -7 7 9 20 -11 -12 -13 -14 -15 15 17 -18 -19 21 -21 -22 -23 -24 -25 -26
leaf_value=5.9144226543138972e-07 0.00075669300285517238 -0.00082659127363669002 -0.00058389862863203652 0.00037864850196008058 0.0024232269795611498 0.00045245593958866917 0.0014375719179681272 0.00057103897537270215 -0.00042579244570383298 -0.00090207842200913516 3.6135952075710512e-05 -0.00095258979231119159 -0.00070826196705456822 -0.00056868848442099998 -0.00021886298686425024 -0.00076752501944798155 0.00020663605443039441 0 0.00025842291999771691 -0.0014157676126083565 0.00056094602833779413 -8.4888017753498911e-05 0 0.0008228742514696458 -0.00020023561410605908
leaf_weight=23 31 41 38 96 23 34 108 37 21 22 23 24 23 34 308 141 148 32 160 26 46 637 22 22 24
leaf_count=23 31 41 38 96 23 34 108 37 21 22 23 24 23 34 308 141 148 32 160 26 46 637 22 22 24
internal_value=5.01031e-06 0.000335385 -6.94253e-05 -3.36704e-05 0.000347807 0.00132747 0.000535749 0.000691904 0.000892259 0 0.00121638 -2.8362e-05 0.000139422 0 -8.82955e-05 -0.000227614 -7.40479e-05 -0.000612395 1.40672e-05 -0.000715542 0.000205839 -1.19705e-05 -0.000344695 0.000476963 -0.000647314
internal_weight=2144 401 1743 1657 200 57 336 257 198 59 131 143 119 79 1457 629 456 173 828 86 67 797 60 45 65
internal_count=2144 401 1743 1657 200 57 336 257 198 59 131 143 119 79 1457 629 456 173 828 86 67 797 60 45 65
is_linear=0
shrinkage=0.03


Tree=133
num_leaves=31
num_cat=0
split_feature=26 13 7 5 23 17 22 13 20 8 0 10 20 19 17 20 19 19 8 0 13 10 0 5 8 21 23 22 21 20
split_gain=0.0563173 0.0453897 0.0311994 0.0459394 0.0372916 0.0365782 0.0309062 0.0307043 0.0370737 0.0297849 0.0273037 0.0258161 0.0256669 0.0236582 0.0231368 0.0229843 0.0282999 0.0329106 0.0310128 0.020626 0.0143379 0.0229224 0.0208759 0.0128815 0.011871 0.0118401 0.0113419 0.00970673 0.00757379 0.00595698
threshold=756.50000000000011 1.0897305079058106 0.036593513819180856 -0.0022728738462003497 2424.5000000000005 0.0010946508803181003 240.38350000000003 0.94528724861836544 1.5150000000000003 0.99213540878183204 -0.0083898852392431979 1.0287629640194977 2.9150000000000005 100.31000137329103 -0.0072409982913892992 1.3150000000000002 94.825000762939467 92.755001068115249 1.0019797717455055 0.0037174118548361505 1.1421728089172432 1.1053617864453982 0.047200231338683306 -0.0028403704785041994 0.9986305684046608 12.969999790191652 2295.5000000000005 246.53050000000005 14.125000000000002 2.2650000000000001
decision_type=2 2 2 2 2 2 2 2 2 2 2 2 2 2 2 2 2 2 2 2 2 2 2 2 2 2 2 2 2 2
left_child=1 2 4 7 5 -1 24 8 -4 10 -5 12 15 -11 -9 -2 17 -17 -18 -8 21 -3 -23 -14 -6 26 -13 -28 -25 -27
right_child=11 20 3 9 6 -7 19 14 -10 13 -12 25 23 -15 -16 16 18 -19 -20 -21 -22 22 -24 28 -26 29 27 -29 -30 -31
leaf_value=-7.2305523371323934e-05 0.00086430471719774822 -0.00089901312991976737 0.0024010303232020564 8.4521558358276321e-05 0.00059513000886027626 0.0012064608461407355 -0.00092750089585540748 -8.5154345383607719e-05 0.00069120138716150773 0.00060107096984178163 -0.00078060693404933602 0.00025618819796823357 0 -0.00037884028595062383 0.00065980988585784945 -0.00015119965919589991 -8.8678708137844553e-05 0.00043682149811523103 -0.00059860743575073088 -3.343662662431597e-05 -0.00079838228616147086 -0.00011295949378265783 0.00093339132073081343 0.0012847139481455088 -0.00018787203521060291 -0.0001930918247526279 -0.00086831811128649855 -6.6180172848232479e-05 0.0002072010257148317 -0.00071917412571893835
leaf_weight=34 20 24 20 112 38 37 61 42 46 131 43 37 27 22 137 211 328 139 173 49 38 64 21 20 23 47 23 55 20 102
leaf_count=34 20 24 20 112 38 37 61 42 46 131 43 37 27 22 137 211 328 139 173 49 38 64 21 20 23 47 23 55 20 102
internal_value=4.87996e-06 0.0001798 0.000271321 0.000395546 -6.62249e-07 0.000559928 -0.000252766 0.000704472 0.00128221 0.000138616 -0.000139716 -0.000129746 -5.21088e-05 0.000439143 0.000468845 -9.87178e-05 -0.00012586 7.43609e-05 -0.00027158 -0.000560152 -0.000293378 -8.43917e-05 0.000118514 0.000502232 0.000253244 -0.000393034 -0.000127677 -0.00034868 0.000837322 -0.000575622
internal_weight=2144 942 795 553 242 71 171 245 66 308 155 1202 938 153 179 871 851 350 501 110 147 109 85 67 61 264 115 78 40 149
internal_count=2144 942 795 553 242 71 171 245 66 308 155 1202 938 153 179 871 851 350 501 110 147 109 85 67 61 264 115 78 40 149
is_linear=0
shrinkage=0.03


Tree=134
num_leaves=31
num_cat=0
split_feature=20 23 9 22 8 9 15 20 20 15 14 9 16 22 23 16 22 23 23 22 22 25 15 12 18 20 3 13 14 23
split_gain=0.0454739 0.0671763 0.0615819 0.0306619 0.047846 0.0320756 0.0290978 0.0286337 0.0394524 0.0278934 0.0292912 0.024487 0.0236906 0.0198258 0.0258511 0.0187741 0.0373456 0.0509456 0.0385038 0.0184487 0.0347913 0.0262714 0.0198246 0.0189512 0.0132785 0.0124055 0.0122991 0.00894388 0.00504071 0.00355888
threshold=2.3150000000000004 2726.0000000000005 0.93145338608801131 275.23000000000008 0.98139038833029579 0.9727087499837781 0.03543013966620686 2.1850000000000005 0.69500000000000006 0.020001465028926305 0.029834179633126102 1.0300005898782854 34.718775759434315 237.88900000000004 1710.0000000000002 70.660371211222895 265.78750000000008 1899.5000000000002 2348.5000000000005 251.11600000000001 250.50950000000003 0.25000000000000006 0.027853638471342406 1.0064097887253507 0.56673535237853268 2.4450000000000007 0.015426133277193053 1.0125689647809082 0.050524874487291559 2636.5000000000005
decision_type=2 2 2 2 2 2 2 2 2 2 2 2 2 2 2 2 2 2 2 2 2 2 2 2 2 2 2 2 2 2
left_child=1 2 -1 5 -5 9 13 8 -7 -3 -11 -9 -8 14 -2 16 18 -18 -4 20 22 -21 -15 -22 -14 -23 -6 -26 -29 -16
right_child=6 3 15 4 26 7 12 11 -10 10 -12 -13 24 19 29 -17 17 -19 -20 21 23 25 -24 -25 27 -27 -28 28 -30 -31
leaf_value=0.0019613641576883807 0.00051155979651957748 -0.00060993692147894767 -4.9634365067006755e-05 -0.00035774769410490989 0.0016617381498217581 0.00041557431205327866 0.00030414592118002475 -1.2124584163897311e-05 -0.00046341702027030988 0.00070099618293277576 -1.3089553678657897e-05 0.0011094525045316135 0 -0.00016447798296905842 -0.00070550629602860067 -0.00044867080462980086 0.0018692627837881444 0.00030250657453710785 0.00054267855190367152 -0.0011610827932296238 0.0015131199215725063 0.00056798985138859436 0.00038592223261682936 8.4483345072450375e-05 -0.00097976112770606057 -0.00017425959944505142 0.00041287717304658148 -0.0006750153263722471 -7.6175161660080987e-05 -0.00022566441220275941
leaf_weight=21 21 31 211 29 23 48 24 77 374 94 96 20 21 158 76 24 32 58 172 22 24 22 91 20 76 134 23 36 40 46
leaf_count=21 21 31 211 29 23 48 24 77 374 94 96 20 21 158 76 24 32 58 172 22 24 22 91 20 76 134 23 36 40 46
internal_value=4.56688e-06 0.000113664 0.000381171 -5.29414e-05 0.000513925 -0.000115059 -0.000170975 -0.00024628 -0.000355599 0.000179311 0.000326309 0.000197477 -0.000489619 -6.3231e-05 -0.000372749 0.000304574 0.000349988 0.000906962 0.000209273 2.49763e-05 0.000176718 -0.000207632 2.54114e-05 0.000946714 -0.000618093 -4.75241e-05 0.00112321 -0.00071595 -0.00040388 -0.000552278
internal_weight=2144 1333 518 815 75 740 811 519 422 221 190 97 197 614 143 497 473 90 383 471 293 178 249 44 173 156 46 152 76 122
internal_count=2144 1333 518 815 75 740 811 519 422 221 190 97 197 614 143 497 473 90 383 471 293 178 249 44 173 156 46 152 76 122
is_linear=0
shrinkage=0.03


Tree=135
num_leaves=31
num_cat=0
split_feature=20 23 9 11 23 15 15 14 19 19 23 16 24 22 23 16 22 23 23 22 22 25 15 9 18 13 18 20 14 15
split_gain=0.0428785 0.0632895 0.058058 0.0417123 0.0353216 0.0274205 0.023194 0.0436615 0.0340001 0.0893185 0.0303859 0.022527 0.0217623 0.0186807 0.0244706 0.0177622 0.0352799 0.0478631 0.0362813 0.0174221 0.0329574 0.0247854 0.0186688 0.0176955 0.0139058 0.0132451 0.0145881 0.0117055 0.00637719 0.00607446
threshold=2.3150000000000004 2726.0000000000005 0.93145338608801131 0.86301311007762205 3359.5000000000005 0.03543013966620686 0.029114062544946803 0.029684008274591653 93.895000457763686 92.990001678466811 3410.5000000000005 35.580193607769594 23.650000000000002 237.88900000000004 1710.0000000000002 70.660371211222895 265.78750000000008 1899.5000000000002 2348.5000000000005 251.11600000000001 250.50950000000003 0.25000000000000006 0.027853638471342406 1.0053657872169415 0.61610423089446265 1.0073690074214967 0.87546466315198246 2.4450000000000007 0.050524874487291559 0.054702712891624407
decision_type=2 2 2 2 2 2 2 2 2 2 2 2 2 2 2 2 2 2 2 2 2 2 2 2 2 2 2 2 2 2
left_child=1 2 -1 4 -3 13 8 10 9 -5 -8 -7 -9 14 -2 16 18 -18 -4 20 22 -21 -15 -22 -10 29 -27 -23 -28 -13
right_child=5 3 15 6 -6 11 7 12 24 -11 -12 25 -14 19 -16 -17 17 -19 -20 21 23 27 -24 -25 -26 26 28 -29 -30 -31
leaf_value=0.0019051978090693328 0.00049691058051857086 0 -4.8152357407607784e-05 -0.00047985113485854783 0.0013159929558634756 0.00023238615451605412 0.0011605852700076471 -0.00024125543880125567 3.7994156315107826e-05 0.0014801029262307564 0 -0.0011118668268348922 0.00043930966736661502 -0.00015957467527708636 -0.00053666861929927898 -0.00043574909242568536 0.001814884246326983 0.00029358519054647147 0.00052649230389930496 -0.0011277647627436595 0.0014695115079358218 0.00055169102292426913 0.00037447041943770544 8.210595361223177e-05 -0.00055461255259157548 0.00010235256188510296 -0.00094348021922487535 -0.0001690705371904187 -0.00013056828949733503 -0.00026940752217627086
leaf_weight=21 21 36 211 57 34 28 45 263 31 31 40 56 47 158 122 24 32 58 172 22 24 22 91 20 231 35 29 134 27 22
leaf_count=21 21 36 211 57 34 28 45 263 31 31 40 56 47 158 122 24 32 58 172 22 24 22 91 20 231 35 29 134 27 22
internal_value=4.50287e-06 0.000110479 0.000370151 -5.11383e-05 0.000637169 -0.000165912 -0.0001206 3.01883e-05 -0.000298924 0.000185752 0.000634409 -0.000475299 -0.000127346 -6.11569e-05 -0.000361654 0.00029557 0.000339847 0.000881458 0.000202799 2.42939e-05 0.000171908 -0.000201532 2.43156e-05 0.000921378 -0.00047321 -0.000610873 -0.000307344 -4.54499e-05 -0.000613339 -0.000918643
internal_weight=2144 1333 518 815 70 811 745 395 350 88 85 197 310 614 143 497 473 90 383 471 293 178 249 44 262 169 91 156 56 78
internal_count=2144 1333 518 815 70 811 745 395 350 88 85 197 310 614 143 497 473 90 383 471 293 178 249 44 262 169 91 156 56 78
is_linear=0
shrinkage=0.03


Tree=136
num_leaves=28
num_cat=0
split_feature=26 23 16 22 24 16 21 24 10 20 10 15 23 16 8 22 22 23 22 23 15 13 23 15 18 0 14
split_gain=0.0497217 0.0785849 0.0366332 0.0310329 0.0750637 0.0461033 0.0267156 0.0358569 0.0403674 0.0320637 0.0248002 0.0246212 0.0322408 0.0219382 0.0204623 0.034449 0.018113 0.0176945 0.0190384 0.0180222 0.0176451 0.0176431 0.0139513 0.00620737 0.00553794 0.00226544 0.00249583
threshold=467.50000000000006 3662.5000000000005 70.210666252001673 275.23000000000008 17.850000000000005 47.950154846433655 15.635000228881838 15.950000000000001 1.0525409081274817 1.1950000000000001 1.0348788278067309 0.042269286136354105 3416.0000000000005 56.615499767254882 1.0022339417690669 252.37150000000003 244.21800000000005 2868.5000000000005 255.26450000000003 2920.0000000000005 0.029268998558238554 1.0689103356910039 2004.0000000000002 0.026247665466806104 0.95291722291906034 -0.0019071984866660997 0.041357109684642256
decision_type=2 2 2 2 2 2 2 2 2 2 2 2 2 2 2 2 2 2 2 2 2 2 2 2 2 2 2
left_child=1 6 3 14 11 -6 13 8 10 -9 -8 -5 -13 24 17 16 -16 18 -2 -19 23 -10 -17 -4 -1 -3 -27
right_child=2 25 20 4 5 -7 7 9 21 -11 -12 12 -14 -15 15 22 -18 19 -20 -21 -22 -23 -24 -25 -26 26 -28
leaf_value=0 3.9938695166309021e-05 -0.00094189100730447802 -0.00053736757109156593 0.00075994657880316182 0.0022694379540625954 0.00039409780513628251 0.00090246283763337632 0.00052992164262717493 -0.00045491796602833675 -0.0008892182535289423 0.0021888559447569684 -0.00057880165760408164 0.00046921141220567132 -0.00055263923053363608 -0.00020008770780252443 -0.0011283059609030666 0.00019763167639811455 -0.00096227120073593179 0.00054385544758005027 -7.310394162331042e-05 -0.0013429033058798973 0.00053617822450704555 -0.00038964620737969046 0 0.00078128134621226273 -0.00056524674288396326 0
leaf_weight=23 379 25 38 26 23 34 110 37 21 22 21 82 35 34 308 37 148 22 86 341 26 46 136 22 22 20 20
leaf_count=23 379 25 38 26 23 34 110 37 21 22 21 82 35 34 308 37 148 22 86 341 26 46 136 22 22 20 20
internal_value=4.54159e-06 0.000306605 -6.33679e-05 -2.99453e-05 0.000316565 0.00122862 0.000496357 0.000644207 0.000836786 0 0.00114643 -3.21553e-05 -0.00023855 0 -7.97523e-05 -0.000208948 -6.42888e-05 1.49075e-05 0.000140541 -0.00013773 -0.000665108 0.000179297 -0.000570443 -0.000305017 0.000443677 -0.000621467 -0.000329942
internal_weight=2144 401 1743 1657 200 57 336 257 198 59 131 143 117 79 1457 629 456 828 465 363 86 67 173 60 45 65 40
internal_count=2144 401 1743 1657 200 57 336 257 198 59 131 143 117 79 1457 629 456 828 465 363 86 67 173 60 45 65 40
is_linear=0
shrinkage=0.03


Tree=137
num_leaves=31
num_cat=0
split_feature=26 13 23 21 5 24 9 23 20 14 23 26 23 14 15 23 9 23 20 24 23 22 13 14 14 18 0 14 15 20
split_gain=0.0469371 0.0391914 0.0283662 0.0426222 0.0342336 0.0258081 0.0248322 0.0243228 0.026709 0.0388615 0.0244135 0.0230958 0.0390281 0.0272759 0.0229213 0.022702 0.022643 0.0225614 0.02169 0.0179769 0.0255435 0.0171598 0.012176 0.00997821 0.00647255 0.00611682 0.00746826 0.00451373 0.00343943 0.00320629
threshold=756.50000000000011 1.1421728089172432 3847.0000000000005 15.210000038146974 0.023372194784975403 19.350000000000005 0.91849485384579876 3136.5000000000005 2.3050000000000002 0.019836233390488102 3033.0000000000005 945.00000000000011 2973.5000000000005 0.032506242043814457 0.030510160441151703 3990.0000000000005 0.97885216064332559 2557.5000000000005 1.7650000000000003 19.450000000000003 2015.5000000000002 252.68050000000002 1.0018271662787164 0.034033392999980212 0.033095023901312907 0.77461051482284804 -0.025429149925058698 0.030188106761355204 0.034952324072599905 2.2550000000000003
decision_type=2 2 2 2 2 2 2 2 2 2 2 2 2 2 2 2 2 2 2 2 2 2 2 2 2 2 2 2 2 2
left_child=1 2 3 17 6 -6 -5 8 11 19 21 13 16 22 23 -4 -13 27 -19 20 -10 -11 -2 25 29 -9 -27 -1 -26 -16
right_child=7 -3 15 4 5 -7 -8 14 9 10 -12 12 -14 -15 24 -17 -18 18 -20 -21 -22 -23 -24 -25 28 26 -28 -29 -30 -31
leaf_value=0 0 -0.00075111804734199084 -0.00057171484803699921 0.0013032218573010852 -0.0002170088492860163 0.00065386464780696279 0.00043597162126249523 -4.3446167210017192e-05 0.00035981763512316366 -0.00041076409597553713 0.00024084561658016738 0.00071304785169922977 0.0014979533464130426 0.000942403168851425 0 0.00045481948222732174 -8.8866070641611415e-05 0 -0.0007577058974304236 -0.00078354660328477618 -0.0001824545672767579 -0.0011569259916128509 -0.00048811586478533325 0 -0.0004813309935456015 0 -0.00074799019028145728 0.00070377772573381662 0 0.00055224716342689307
leaf_weight=20 110 38 68 36 120 40 435 27 163 143 30 47 26 21 24 23 78 79 59 21 141 45 67 22 21 20 141 24 34 21
leaf_count=20 110 38 68 36 120 40 435 27 163 143 30 47 26 21 24 23 78 79 59 21 141 45 67 22 21 20 141 24 34 21
internal_value=4.37919e-06 0.000164186 0.000206764 0.000264931 0.000382679 0 0.000511235 -0.000118399 -3.49439e-05 -0.000169189 -0.000479006 0.00016524 0.00044507 -3.42543e-05 -0.000348004 -0.000277529 0.00019211 -0.000126773 -0.000327692 3.02562e-05 9.86936e-05 -0.000610416 -0.000171626 -0.000525616 0 -0.000596612 -0.00067002 0.000429993 -0.000189051 0.000288317
internal_weight=2144 942 904 813 631 160 471 1202 892 543 218 349 151 198 310 91 125 182 138 325 304 188 177 210 100 188 161 44 55 45
internal_count=2144 942 904 813 631 160 471 1202 892 543 218 349 151 198 310 91 125 182 138 325 304 188 177 210 100 188 161 44 55 45
is_linear=0
shrinkage=0.03


Tree=138
num_leaves=31
num_cat=0
split_feature=26 23 11 26 14 15 15 21 24 5 10 26 23 17 21 24 26 26 22 11 22 16 2 23 10 22 23 6 23 12
split_gain=0.0453321 0.0771595 0.0312835 0.0501917 0.0294158 0.0616444 0.0535661 0.0279749 0.0412506 0.0402602 0.0325079 0.0301209 0.0268413 0.0292238 0.0261354 0.0548092 0.0253551 0.0263615 0.0184099 0.0247504 0.0179903 0.0176046 0.0163144 0.0154452 0.0150158 0.0184314 0.0131535 0.00976225 0.00496319 0.00382595
threshold=455.50000000000006 3662.5000000000005 0.91495319575608269 994.00000000000011 0.05130680934005611 0.039657708516888511 0.055182859503194556 15.635000228881838 15.950000000000001 0.024883701184390504 1.0539746389034896 394.50000000000006 2193.0000000000005 0.0090251302200643011 16.595000267028812 22.750000000000004 663.50000000000011 1045.5000000000002 259.18850000000003 1.0278961089290501 258.49100000000004 57.029319330515385 0.0068775798709690009 2632.5000000000005 1.1184556120782647 249.55300000000003 2262.0000000000005 -0.0033438188108414995 2610.5000000000005 0.9451518895475951
decision_type=2 2 2 2 2 2 2 2 2 2 2 2 2 2 2 2 2 2 2 2 2 2 2 2 2 2 2 2 2 2
left_child=1 7 3 4 5 20 -6 21 9 10 -9 -10 13 16 18 23 -4 -18 19 -14 -2 -1 -20 -16 25 -15 -5 -17 -28 -30
right_child=2 -3 12 26 6 -7 -8 8 11 -11 -12 -13 14 24 15 27 17 -19 22 -21 -22 -23 -24 -25 -26 -27 28 -29 29 -31
leaf_value=0.00044176487913355234 0.0006056081003342923 -0.0005959591930308802 0.00095736928553863724 -0.00078808654077750222 -0.0011568749741837382 0.0020591307002305985 0.00087358469289860552 0.0014258307886775583 0.00049930251578457258 0 0.00029662417998628282 -0.00087564455048667021 -4.4638097700437798e-06 -8.4207674046849886e-05 -0.001172566668788457 -2.9769761143657168e-05 -7.4570570386770543e-05 0.00049602660404679435 0.00097237229949006675 -0.00040821564860775 -5.1921707304680476e-05 -0.00057761196882929653 0 -0.00048552031896781963 0.00010074651960960842 -0.0013434801823063751 0.00019546986947005445 0.00064925941290409981 0 -0.0005097820548869025
leaf_weight=29 107 65 35 34 24 24 20 100 37 38 40 22 436 28 45 22 223 103 25 209 45 29 26 218 21 24 32 38 20 25
leaf_count=29 107 65 35 34 24 24 20 100 37 38 40 22 436 28 45 22 223 103 25 209 45 29 26 218 21 24 32 38 20 25
internal_value=4.20767e-06 0.000312095 -5.63814e-05 0.000203134 0.000470221 0.000646867 -0.000168369 0.000523647 0.000668382 0.000895203 0.00112887 0 -0.000117663 7.47946e-05 -0.000202566 -0.000427872 0.00019157 9.75014e-05 -9.32374e-05 -0.000140365 0.00039227 -1.82273e-05 0.000436337 -0.000618436 -0.000456927 -0.000736397 -0.000298914 0.000354695 -3.71195e-05 -0.000268388
internal_weight=2144 360 1784 331 220 176 44 295 237 178 140 59 1453 434 1019 323 361 326 696 645 152 58 51 263 73 52 111 60 77 45
internal_count=2144 360 1784 331 220 176 44 295 237 178 140 59 1453 434 1019 323 361 326 696 645 152 58 51 263 73 52 111 60 77 45
is_linear=0
shrinkage=0.03


Tree=139
num_leaves=20
num_cat=0
split_feature=26 26 19 26 16 11 19 22 14 26 13 24 20 15 24 14 26 7 15
split_gain=0.0431211 0.0365408 0.057377 0.0338699 0.0332049 0.027714 0.0272369 0.0495948 0.04241 0.0254306 0.0234604 0.0230457 0.0185307 0.016256 0.0129833 0.0188783 0.0104924 0.0078208 0.00605193
threshold=467.50000000000006 418.50000000000006 96.715000152587905 439.50000000000006 70.210666252001673 0.76331897348191269 104.19499969482423 279.88200000000006 0.041074451136162905 253.50000000000003 1.0399145501816853 7.3500000000000005 2.9150000000000005 0.029268998558238554 22.750000000000004 0.030922349239410205 455.50000000000006 0.054508705533129059 0.026247665466806104
decision_type=2 2 2 2 2 2 2 2 2 2 2 2 2 2 2 2 2 2 2
left_child=1 2 9 11 5 -2 7 12 -9 -1 16 -3 -7 18 15 -11 -5 -4 -6
right_child=4 3 17 10 13 6 -8 8 -10 14 -12 -13 -14 -15 -16 -17 -18 -19 -20
leaf_value=0.00075129226595163352 0.00090360341156130218 0.00057058270358377038 0.0003928947531135886 0.0010699733254499733 -0.0005158700081877984 -0.0001048567170002499 -0.00087556501312979621 0.0013384978788173092 8.9154031689119882e-05 0 -0.00032988548550056296 0.002174315555819443 0.00029443168447945603 -0.001283184981284042 0.0002586247040753198 -0.00060391563330845473 0.00010925133955054755 0.0015354552332757282 0
leaf_weight=25 27 26 20 29 38 1373 34 41 73 68 29 20 109 26 33 101 28 22 22
leaf_count=25 27 26 20 29 38 1373 34 41 73 68 29 20 109 26 33 101 28 22 22
internal_value=3.96677e-06 0.000285361 7.13991e-05 0.000695017 -5.91779e-05 -2.72709e-05 -4.50743e-05 -2.49664e-05 0.000572298 -0.000106529 0.00029162 0.00136311 -7.32877e-05 -0.000632082 -0.000230651 -0.000344796 0.000659784 0.00108294 -0.000284346
internal_weight=2144 401 269 132 1743 1657 1630 1596 114 227 86 46 1482 86 202 169 57 42 60
internal_count=2144 401 269 132 1743 1657 1630 1596 114 227 86 46 1482 86 202 169 57 42 60
is_linear=0
shrinkage=0.03


Tree=140
num_leaves=23
num_cat=0
split_feature=26 23 16 11 21 24 10 20 5 24 26 22 20 22 15 23 16 13 15 15 15 0
split_gain=0.0409867 0.0651516 0.0313281 0.026128 0.0223301 0.0313635 0.0342658 0.028403 0.027258 0.0204983 0.0637186 0.0607316 0.0346883 0.0345184 0.0276364 0.0266174 0.0189173 0.0163581 0.0152775 0.00575292 0.00254106 0.00228274
threshold=467.50000000000006 3662.5000000000005 70.210666252001673 0.76331897348191269 15.635000228881838 15.950000000000001 1.0525409081274817 1.1950000000000001 0.024166854143795904 8.5500000000000025 945.00000000000011 279.88200000000006 2.5750000000000006 244.21800000000005 0.059542585413890556 3531.0000000000005 56.615499767254882 1.0689103356910039 0.029268998558238554 0.026247665466806104 0.029204083816071254 -0.0019071984866660997
decision_type=2 2 2 2 2 2 2 2 2 2 2 2 2 2 2 2 2 2 2 2 2 2
left_child=1 4 3 -2 16 6 8 -7 -6 10 15 12 -11 -12 -13 -5 20 -8 19 -4 -1 -3
right_child=2 21 18 9 5 7 17 -9 -10 11 13 14 -14 -15 -16 -17 -18 -19 -20 -21 -22 -23
leaf_value=5.4192653731801181e-05 0.00087746345202737895 -0.0008735868074358083 -0.00050079072617854057 -0.00046109971484879937 0.0012517864057184636 0.00048329055659767045 -0.00045219556737521838 -0.00085177619552553581 0 9.5278943325271769e-05 -0.00022563057719922984 0.0013249881089605548 -0.00040533497185657723 0.000370428454053023 8.1284289426334641e-05 0.00010618379105882788 -0.00051532779266126453 0.00050342080588056213 -0.0012461151882178253 0 0.00068804459776064108 -0.00028181988014498862
leaf_weight=25 27 25 38 423 108 37 21 22 23 518 131 46 162 237 33 80 34 46 26 22 20 40
leaf_count=25 27 25 38 423 108 37 21 22 23 518 131 46 162 237 33 80 34 46 26 22 20 40
internal_value=4.21886e-06 0.000278585 -5.73059e-05 -2.62602e-05 0.000451807 0.000586967 0.000767152 0 0.00105266 -4.3598e-05 -0.000143953 6.76556e-05 -1.99997e-05 0.000150078 0.000850476 -0.000364892 0 0.000157536 -0.000613818 -0.000274705 0.000409955 -0.000564665
internal_weight=2144 401 1743 1657 336 257 198 59 131 1630 871 759 680 368 79 503 79 67 86 60 45 65
internal_count=2144 401 1743 1657 336 257 198 59 131 1630 871 759 680 368 79 503 79 67 86 60 45 65
is_linear=0
shrinkage=0.03


Tree=141
num_leaves=30
num_cat=0
split_feature=26 11 13 3 23 10 23 20 14 11 11 8 23 15 23 11 3 9 20 21 21 14 14 18 0 15 26 20 13
split_gain=0.038843 0.0437461 0.0309026 0.0239053 0.0294126 0.0382323 0.0224805 0.0251785 0.0343124 0.0256384 0.023939 0.0271634 0.0228747 0.0209434 0.0206507 0.0188365 0.0232212 0.0135376 0.0176746 0.0132481 0.0124533 0.00920207 0.00594866 0.00566581 0.00680066 0.00324358 0.00315287 0.00288866 0.00155601
threshold=756.50000000000011 0.78963338206406242 1.1421728089172432 -0.043406663755902644 1890.5000000000002 0.99093864488589289 3136.5000000000005 2.3050000000000002 0.019836233390488102 1.0159864656817383 0.95711159752095576 0.99587912450103666 3033.0000000000005 0.030510160441151703 2026.5000000000002 1.0398508757161025 -0.069664282873409186 0.95198839230335641 2.1850000000000005 15.710000038146974 13.47499990463257 0.034033392999980212 0.033095023901312907 0.77461051482284804 -0.025429149925058698 0.034952324072599905 896.00000000000011 2.2450000000000006 0.92649979692692452
decision_type=2 2 2 2 2 2 2 2 2 2 2 2 2 2 2 2 2 2 2 2 2 2 2 2 2 2 2 2 2
left_child=1 -1 3 15 5 -5 7 9 10 17 19 -12 20 21 -6 16 -3 28 -19 -9 -10 23 27 -8 -25 -24 -11 -15 -2
right_child=6 2 -4 4 14 -7 13 8 12 26 11 -13 -14 22 -16 -17 -18 18 -20 -21 -22 -23 25 24 -26 -27 -28 -29 -30
leaf_value=0.0014252761295647357 0.0011257529805547425 0 -0.00070023069774302149 -0.0003279340709745884 -0.00061771050781698718 0.00097383579111698522 -3.121350253266947e-05 -0.00065763027406003517 -0.00022895004607780719 -0.00053295333597343415 0.00067774866889262796 -4.4584167904262749e-07 0.00024712953924561942 0 7.2388010054705114e-05 0 0.0014139306919775359 2.522600564701319e-05 0.00062263353953585462 1.8361280994106299e-05 -0.00079674836273188696 0 -0.00045987302139242686 0 -0.00071095356696974368 0 0 0.00049880695924919567 0.00033060481053377895
leaf_weight=23 20 20 38 24 40 68 27 56 79 39 72 164 30 21 671 23 35 187 63 33 109 22 21 20 141 34 20 24 20
leaf_count=23 20 20 38 24 40 68 27 56 79 39 72 164 30 21 671 23 35 187 63 33 109 22 21 20 141 34 20 24 20
internal_value=4.16645e-06 0.000149661 0.00011296 0.000152191 9.86504e-05 0.000602111 -0.000107392 -2.70956e-05 -0.000157639 0.000167313 2.92682e-05 0.000195789 -0.000448846 -0.000327964 2.85374e-05 0.000657183 0.000954988 0.00028926 0.000189606 -0.000376229 -0.000576499 -0.000497864 5.20331e-07 -0.000566163 -0.00063661 -0.000175937 -0.000376917 0.000280544 0.00081911
internal_weight=2144 942 919 881 803 92 1202 892 543 349 325 236 218 310 711 78 55 290 250 89 188 210 100 188 161 55 59 45 40
internal_count=2144 942 919 881 803 92 1202 892 543 349 325 236 218 310 711 78 55 290 250 89 188 210 100 188 161 55 59 45 40
is_linear=0
shrinkage=0.03


Tree=142
num_leaves=26
num_cat=0
split_feature=26 23 26 11 24 15 26 24 16 21 8 17 15 17 14 23 11 17 21 8 15 23 23 14 14
split_gain=0.0380584 0.0562569 0.0330799 0.0292959 0.0333868 0.0388902 0.0287029 0.0261418 0.0545328 0.0268779 0.0215079 0.0203438 0.0192288 0.016756 0.0164764 0.0164513 0.0289452 0.0233119 0.0154987 0.0278953 0.0180226 0.0238081 0.0141389 0.00554513 0.00213147
threshold=494.00000000000006 3662.5000000000005 521.50000000000011 1.074679471015987 10.250000000000002 0.021214814262870852 616.00000000000011 17.650000000000002 47.950154846433655 17.135000228881839 1.0698470713963131 -0.006719900405827599 0.045370834318051258 -0.0060668368525714491 0.051873079883166008 2091.5000000000005 1.0171411896359668 0.0037849093391765006 19.345000267028812 1.0084099655291767 0.019090056319838355 2571.5000000000005 3079.5000000000005 0.029566654143497757 0.044156517429734254
decision_type=2 2 2 2 2 2 2 2 2 2 2 2 2 2 2 2 2 2 2 2 2 2 2 2 2
left_child=1 3 22 4 5 -1 7 9 -9 11 15 -4 -7 -6 -11 17 -17 -8 20 -20 -5 -22 -2 -15 -3
right_child=2 24 6 18 13 12 10 8 -10 14 -12 -13 -14 23 -16 16 -18 -19 19 -21 21 -23 -24 -25 -26
leaf_value=0.0021418767849515586 -0.00023498799157543827 -0.00071625872555055778 -0.00014828510101704687 -0.00070411117040286109 -0.00057581903516193444 0.00040105195246293272 0.00024668235329785817 0.0016906909345707388 -8.3307347726076784e-06 0 -0.00087945781657472249 0.00090844665566385766 0.0014019625539270538 0.00066202807795770209 -0.0011027205916387694 -2.2635569424137544e-05 -0.00039195695651004722 -0.00022883134528170699 0.0010582064045387702 -5.8158975560218086e-05 0.00086179000972053761 -0.00023575986830024596 -0.001267379651597626 0 -0.00013238832291215656
leaf_weight=20 38 41 21 34 22 102 294 31 29 28 29 37 26 28 20 722 269 129 33 38 25 50 27 27 24
leaf_count=20 38 41 21 34 22 102 294 31 29 28 29 37 26 28 20 722 269 129 33 38 25 50 27 27 24
internal_value=4.07734e-06 0.000243622 -6.14924e-05 0.000379651 0.000609242 0.000873428 -3.25147e-05 0.000336561 0.000833642 2.19958e-05 -7.72537e-05 0.000478961 0.00063691 5.83057e-05 -0.000467452 -5.80711e-05 -0.000126204 9.43944e-05 7.43078e-05 0.000426539 -0.000129646 9.71419e-05 -0.000721987 0.00037128 -0.000551403
internal_weight=2144 470 1674 405 225 148 1609 166 60 106 1443 58 128 77 48 1414 991 423 180 71 109 75 65 55 65
internal_count=2144 470 1674 405 225 148 1609 166 60 106 1443 58 128 77 48 1414 991 423 180 71 109 75 65 55 65
is_linear=0
shrinkage=0.03


Tree=143
num_leaves=26
num_cat=0
split_feature=26 26 11 24 15 26 24 8 21 8 26 19 17 17 14 19 19 7 8 14 18 3 8 26 0
split_gain=0.0359204 0.0312892 0.0298775 0.0468501 0.0413618 0.0269481 0.036016 0.0292992 0.0241034 0.0230617 0.0316296 0.0237945 0.0192656 0.0184468 0.0165356 0.0162631 0.0158232 0.0263207 0.0223295 0.0205822 0.013991 0.0129942 0.0113201 0.0081996 0.00215117
threshold=494.00000000000006 521.50000000000011 1.074679471015987 10.250000000000002 0.021214814262870852 595.00000000000011 17.650000000000002 1.0787350040382322 17.135000228881839 0.94860246165354567 761.00000000000011 104.19499969482423 -0.006719900405827599 -0.0092159155562989981 0.051873079883166008 97.155002593994155 90.799999237060561 0.028567566093652453 1.0096719948075867 0.036438392588880854 0.88880461489179086 -0.0088608011752387469 1.0032631729433661 355.50000000000006 -0.013091156301676699
decision_type=2 2 2 2 2 2 2 2 2 2 2 2 2 2 2 2 2 2 2 2 2 2 2 2 2
left_child=2 22 3 4 -1 6 8 9 12 10 -7 -11 -3 -5 -10 20 -4 -18 19 -19 -6 -20 -2 -15 -25
right_child=1 5 16 13 15 7 -8 -9 14 11 -12 -13 -14 23 -16 -17 17 18 21 -21 -22 -23 -24 24 -26
leaf_value=0.0020806803316144006 -0.00014250100919443572 -0.0001440387654504527 0.00057505668884947562 -0.00070060345202468206 -7.6409661139433191e-05 0.0011194199854308471 0.0011870622622082007 -0.0011638595632870088 0 -6.0800028235926198e-05 -5.7188655930804079e-05 -0.00093914140037517876 0.00088191045008256623 -0.00017601730615831912 -0.001071214270245816 0.0011374055199169864 -0.00084180543178962038 0.00099801524423740102 0.00022593821736518292 -1.2029013010384189e-05 0.0005918536373369749 -0.00052024156680563461 -0.0010816435184873019 4.5160865743777501e-06 0.00059766437852522356
leaf_weight=20 30 21 32 27 38 34 35 21 22 1352 39 28 37 24 20 35 37 32 25 28 62 59 35 20 31
leaf_count=20 30 21 32 27 38 34 35 21 22 1352 39 28 37 24 20 35 37 32 25 28 62 59 35 20 31
internal_value=3.7244e-06 -5.99376e-05 0.000236485 0.000454072 0.000781716 -3.17011e-05 0.000368908 -7.0651e-05 4.39338e-05 -5.19982e-05 0.000458002 -8.14609e-05 0.000463453 -1.74488e-05 -0.00046294 0.000553334 -1.2926e-05 -0.000135951 2.92797e-05 0.000485011 0.000309968 -0.000262825 -0.000702374 0.000194996 0.00042731
internal_weight=2144 1674 470 257 155 1609 135 1474 100 1453 73 1380 58 102 42 135 213 181 144 60 100 84 65 75 51
internal_count=2144 1674 470 257 155 1609 135 1474 100 1453 73 1380 58 102 42 135 213 181 144 60 100 84 65 75 51
is_linear=0
shrinkage=0.03


Tree=144
num_leaves=31
num_cat=0
split_feature=20 23 9 11 23 15 16 24 25 19 9 22 23 22 22 25 15 12 16 22 23 23 13 19 11 11 15 23 11 16
split_gain=0.0300494 0.0489447 0.0486951 0.0298347 0.0287341 0.0225419 0.018359 0.0182952 0.0234329 0.039063 0.0191602 0.0155771 0.0208284 0.0158296 0.0266114 0.0201272 0.0171509 0.0170476 0.0135971 0.0254648 0.0388786 0.0313215 0.0126408 0.00939739 0.00937361 0.00715251 0.00562822 0.00392456 0.00673394 0.00162703
threshold=2.3150000000000004 2726.0000000000005 0.93145338608801131 0.86301311007762205 3359.5000000000005 0.03543013966620686 35.580193607769594 25.250000000000004 9.6500000000000004 94.795001983642592 0.95688035665944582 237.88900000000004 1710.0000000000002 251.11600000000001 250.50950000000003 0.25000000000000006 0.027853638471342406 1.0064097887253507 70.660371211222895 265.78750000000008 1882.5000000000002 2348.5000000000005 1.0073690074214967 103.27500152587892 0.96050513229653656 0.96433505506221251 0.054702712891624407 2636.5000000000005 1.0137450515131021 62.187348561042434
decision_type=2 2 2 2 2 2 2 2 2 2 2 2 2 2 2 2 2 2 2 2 2 2 2 2 2 2 2 2 2 2
left_child=1 2 -1 4 -3 11 -7 8 10 -10 -5 12 -2 14 16 -15 -13 -16 19 21 -21 -4 26 29 -17 -9 -8 -14 -29 -24
right_child=5 3 18 7 -6 6 22 25 9 -11 -12 13 27 15 17 24 -18 -19 -20 20 -22 -23 23 -25 -26 -27 -28 28 -30 -31
leaf_value=0.0017270924643274733 0.00046955622237345037 0 -5.9153802437270677e-05 9.7083178440074882e-05 0.0011452696735305445 0.00021349743202906743 -0.0010230628414704512 0 0.00054120726140428064 -0.00022818626283095114 -0.00036924236352995564 -0.0001346463073569485 -0.00063320103111108399 -0.0010152918597602326 0.0013833404671121387 -0.00053562759222655458 0.00037537368064627315 3.1928224913177204e-05 -0.00038209339689463377 0.0017908426331542432 0.00031001519182055788 0.00047478223148453443 9.8809062770063367e-05 -0.00067531061112400029 5.1284085190313495e-05 0.00081963313813321293 -0.00021791285118493049 8.9975811070762559e-05 -0.00055364401274077268 -0.00020301886456501153
leaf_weight=21 21 36 211 88 34 28 56 20 100 138 376 158 76 22 24 28 91 20 24 24 66 172 35 30 128 23 22 24 22 26
leaf_count=21 21 36 211 88 34 28 56 20 100 138 376 158 76 22 24 28 91 20 24 24 66 172 35 30 128 23 22 24 22 26
internal_value=3.51478e-06 9.2454e-05 0.000320968 -4.93245e-05 0.000531366 -0.000138909 -0.000419162 -0.000108547 -0.000148819 8.34479e-05 -0.000274331 -4.35777e-05 -0.000318824 3.41321e-05 0.000174761 -0.000180275 4.05025e-05 0.000850089 0.000252182 0.000291432 0.00075321 0.000173429 -0.000542268 -0.000248468 -3.76914e-05 0.000469185 -0.000839577 -0.000481633 -0.000159243 0
internal_weight=2144 1333 518 815 70 811 197 745 702 238 464 614 143 471 293 178 249 44 497 473 90 383 169 91 156 43 78 122 46 61
internal_count=2144 1333 518 815 70 811 197 745 702 238 464 614 143 471 293 178 249 44 497 473 90 383 169 91 156 43 78 122 46 61
is_linear=0
shrinkage=0.03


Tree=145
num_leaves=26
num_cat=0
split_feature=26 26 19 11 26 14 15 15 14 15 17 22 26 19 24 22 24 14 20 7 7 8 14 8 9
split_gain=0.0331445 0.0482819 0.0466717 0.0257481 0.0422037 0.0279265 0.05262 0.0499252 0.0234166 0.022427 0.0230824 0.0231521 0.0217355 0.0205537 0.0262399 0.0161135 0.0115829 0.0158493 0.0101931 0.00833132 0.00754208 0.00555635 0.00180618 0.00167723 0.00164001
threshold=455.50000000000006 418.50000000000006 96.715000152587905 0.91495319575608269 994.00000000000011 0.05130680934005611 0.039657708516888511 0.055182859503194556 0.071461950564883955 0.057534365942791106 -0.014341374433597549 275.23000000000008 253.50000000000003 93.944999694824233 6.8500000000000005 258.49100000000004 22.750000000000004 0.030922349239410205 2.3350000000000004 0.045847754048504955 0.054508705533129059 1.009985033952036 0.031381105458507162 1.0015502390911022 0.96214542337074793
decision_type=2 2 2 2 2 2 2 2 2 2 2 2 2 2 2 2 2 2 2 2 2 2 2 2 2
left_child=1 2 12 4 5 6 15 -7 9 10 19 -12 -1 14 -3 -2 17 -14 24 -5 -4 -11 -15 -20 -6
right_child=3 13 20 8 18 7 -8 -9 -10 21 11 -13 16 22 -16 -17 -18 -19 23 -21 -22 -23 -24 -25 -26
leaf_value=0.00068245999543712688 0.00057020329767773449 0.00046887340092299768 0.00030326587577084342 -0.00015929878355326274 0.00024096590216504405 -0.0011440415457542987 0.0019128687094151972 0.00081175767056577443 0.00074068417075821868 -0.0012192318328930662 -0.00010863379632115642 0.00036326246829280118 0 0.00045916638616472487 0.0020576417709235102 -4.9390727714837886e-05 0.00023572775553774969 -0.00056781280454914151 -0.0002671790371355398 -0.0011055713033378456 0.0013980570159366594 -0.00028026074135676022 0 -0.00080730329570360482 -7.4420547511960759e-05
leaf_weight=25 107 27 20 25 23 24 24 20 27 20 1232 98 68 20 23 45 33 101 45 27 22 24 21 23 20
leaf_count=25 107 27 20 25 23 24 24 20 27 20 1232 98 68 20 23 45 33 101 45 27 22 24 21 23 20
internal_value=3.52409e-06 0.000266976 5.19195e-05 -4.80779e-05 0.000187146 0.000432478 0.000605264 -0.000190092 -0.000103818 -0.000122418 -9.8395e-05 -7.13617e-05 -0.000107481 0.000862608 0.00128455 0.000368039 -0.000222904 -0.000330967 -0.000271832 -0.000718826 0.000965672 -0.000791342 0.000258289 -0.000502399 2.77352e-05
internal_weight=2144 360 269 1784 331 220 176 44 1453 1426 1382 1330 227 91 50 152 202 169 111 52 42 44 41 68 43
internal_count=2144 360 269 1784 331 220 176 44 1453 1426 1382 1330 227 91 50 152 202 169 111 52 42 44 41 68 43
is_linear=0
shrinkage=0.03


Tree=146
num_leaves=25
num_cat=0
split_feature=26 23 26 26 24 8 10 24 23 7 10 21 8 26 17 22 20 14 18 22 23 18 0 14
split_gain=0.0316527 0.0476801 0.0300894 0.0246584 0.0328497 0.0273704 0.0238797 0.0235581 0.035439 0.0344977 0.0296836 0.0231571 0.0209489 0.028869 0.018179 0.0160884 0.0153155 0.0151134 0.0145349 0.0142649 0.0123381 0.00811486 0.00244298 0.00234359
threshold=494.00000000000006 3662.5000000000005 521.50000000000011 595.00000000000011 17.650000000000002 1.0787350040382322 1.0525409081274817 15.950000000000001 2206.5000000000005 0.042304908008001955 1.0033645829576117 17.135000228881839 0.94860246165354567 761.00000000000011 -0.006719900405827599 293.10550000000006 1.155 0.051873079883166008 1.2746035312254465 255.917 3079.5000000000005 0.88880461489179086 -0.0019071984866660997 0.041357109684642256
decision_type=2 2 2 2 2 2 2 2 2 2 2 2 2 2 2 2 2 2 2 2 2 2 2 2
left_child=1 6 20 4 11 12 7 8 10 -10 -1 14 13 -5 -4 -14 -9 -13 19 -8 -2 -21 -3 -24
right_child=2 22 3 5 -6 -7 18 16 9 -11 -12 17 15 -15 -16 -17 -18 -19 -20 21 -22 -23 23 -25
leaf_value=0.00038455400080420079 -0.00022356532458574154 -0.00081002599225701909 -0.00013167754886671899 0.0010703156425617634 0.0011364599807032693 -0.0011222309491343118 0.00026333612816661651 0.0003504780055722222 2.0454649611763508e-05 0.00087818186084872901 0.002221219055374841 0 -5.8643199642254735e-05 -5.0676018011290573e-05 0.00086107136113078959 -0.00079645229014568028 -0.00067885176831094379 -0.0010335860010236503 0.00052584525709971786 0 -0.0011983786386720436 -0.00078423860799247292 -0.00045291491410794803 0
leaf_weight=20 38 25 21 34 35 21 33 29 100 83 22 22 1353 39 37 27 21 20 35 29 27 33 20 20
leaf_count=20 38 25 21 34 35 21 33 29 100 83 22 22 1353 39 37 27 21 20 35 29 27 33 20 20
internal_value=3.5627e-06 0.000222136 -5.61099e-05 -2.83916e-05 0.000354766 -6.57347e-05 0.000347736 0.000505712 0.000637154 0.000428441 0.00144567 4.29273e-05 -4.76407e-05 0.000438297 0.000454641 -7.58172e-05 -2.7851e-05 -0.000453213 0 -0.000180479 -0.000685964 -0.000464752 -0.000508407 -0.000231566
internal_weight=2144 470 1674 1609 135 1474 405 275 225 183 42 100 1453 73 58 1380 50 42 130 95 65 62 65 40
internal_count=2144 470 1674 1609 135 1474 405 275 225 183 42 100 1453 73 58 1380 50 42 130 95 65 62 65 40
is_linear=0
shrinkage=0.03


Tree=147
num_leaves=25
num_cat=0
split_feature=26 23 12 15 10 17 21 24 5 10 20 22 23 11 22 25 8 22 15 22 8 23 17 10
split_gain=0.0300087 0.0533814 0.0240769 0.0282893 0.0325023 0.0284798 0.0238384 0.0313944 0.0371585 0.0301448 0.025665 0.0220001 0.0199557 0.0193349 0.0187419 0.0127722 0.013706 0.0159554 0.0249326 0.0157241 0.0122872 0.00406448 0.000231608 0.000141443
threshold=455.50000000000006 3522.0000000000005 1.0017523211111177 0.055182859503194556 0.94568466647331129 -0.020879529296257245 15.635000228881838 15.950000000000001 0.024883701184390504 1.0539746389034896 1.1950000000000001 252.68050000000002 2100.5000000000005 0.84519872829218545 255.26450000000003 14.850000000000003 1.0787350040382322 275.23000000000008 0.049401126130443403 252.37150000000003 0.99744433298346891 3876.0000000000005 -0.0032832535996283998 0.97512790853447284
decision_type=2 2 2 2 2 2 2 2 2 2 2 2 2 2 2 2 2 2 2 2 2 2 2 2
left_child=1 6 3 5 -5 11 20 8 9 -8 -9 -2 14 -14 -7 16 17 19 -19 -4 -1 23 -23 -3
right_child=2 21 15 4 -6 12 7 10 -10 -11 -12 -13 13 -15 -16 -17 -18 18 -20 -21 -22 22 -24 -25
leaf_value=0.00037670304116586021 0 0 -5.7654420960730372e-05 0.0012607384632962444 -8.6389011571831671e-05 0.00012188356021687906 0.0013422154916916044 0.00050272833924232556 0 0.00024283219589965371 -0.00080103752964540674 -0.0012647587901446966 0.00042617089235274169 -8.6071733417105662e-05 0.00082211045788768808 -0.00078549870396513611 -0.00082032326071526359 0.00070174746291237311 -0.00021584041873575188 -0.00038189212023970225 -0.00047105700181617236 -0.00023785064345169563 -0.0008648817209260804 -0.00014982780205485011
leaf_weight=26 21 20 454 35 22 153 91 32 37 40 22 26 73 586 50 30 26 51 47 210 32 20 20 20
leaf_count=26 21 20 454 35 22 153 91 32 37 40 22 26 73 586 50 30 26 51 47 210 32 20 20 20
internal_value=3.3298e-06 0.000254072 -4.57016e-05 5.33643e-05 0.000696545 9.01495e-06 0.000454211 0.000596445 0.000797876 0.00103364 0 -0.000698055 5.18079e-05 -2.42234e-05 0.000312244 -0.000166277 -0.000137934 -0.000109674 0.000233642 -0.000165131 -4.02356e-05 -0.00040634 -0.000637985 -9.16139e-05
internal_weight=2144 360 1784 966 57 909 280 222 168 131 54 47 862 659 203 818 788 762 98 664 58 80 40 40
internal_count=2144 360 1784 966 57 909 280 222 168 131 54 47 862 659 203 818 788 762 98 664 58 80 40 40
is_linear=0
shrinkage=0.03


Tree=148
num_leaves=27
num_cat=0
split_feature=26 23 26 26 24 8 11 24 15 21 8 26 19 5 5 17 14 7 8 23 21 24 13 1 14 11
split_gain=0.028678 0.0432532 0.0280465 0.0230089 0.0304111 0.024684 0.0230009 0.0278755 0.0319089 0.0217793 0.0190734 0.0264427 0.020828 0.0175607 0.0174135 0.0171127 0.0141447 0.0140481 0.0184296 0.0115384 0.00971895 0.00706109 0.00648385 0.00225371 0.00213243 0.00135995
threshold=494.00000000000006 3662.5000000000005 521.50000000000011 595.00000000000011 17.650000000000002 1.0787350040382322 1.074679471015987 10.250000000000002 0.021214814262870852 17.135000228881839 0.94860246165354567 761.00000000000011 104.19499969482423 0.024883701184390504 -0.00052118753066944989 -0.006719900405827599 0.051873079883166008 0.029222417063665105 1.0084099655291767 3079.5000000000005 17.894999504089359 0.45000000000000007 1.0342396081574161 -0.0019090198735439998 0.041357109684642256 0.98564293449712759
decision_type=2 2 2 2 2 2 2 2 2 2 2 2 2 2 2 2 2 2 2 2 2 2 2 2 2 2
left_child=1 6 19 4 9 10 7 8 -1 15 11 -5 -12 -10 -9 -4 -11 20 22 -2 -8 -20 -19 -3 -25 -16
right_child=2 23 3 5 -6 -7 17 14 13 16 12 -13 -14 -15 25 -17 -18 18 21 -21 -22 -23 -24 24 -26 -27
leaf_value=0.0019280235916376114 -0.00021176763181574642 -0.00077434402735581482 -0.00012338850178374825 0.0010228104347030499 0.0010954982290713813 -0.001066745708966416 -0.0006614313377067446 -0.00041581087302377758 0.00071452004686713535 0 -5.3253151519377503e-05 -4.7357682615984226e-05 -0.00087517509937029461 -0.00013542880716600587 7.6193927388106068e-05 0.00083644229264341673 -0.00099973148080919477 7.1185428582664032e-05 -0.0002608978761195698 -0.0011580265631200744 6.3459480181336401e-05 0.00032208969150919334 0.00096472069251467459 -0.00042583395783939138 0 0.00067935820786110335
leaf_weight=20 38 25 21 34 35 21 32 35 108 22 1352 39 28 20 20 37 20 20 50 27 20 27 31 20 20 22
leaf_count=20 38 25 21 34 35 21 32 35 108 22 1352 39 28 20 20 37 20 20 50 27 20 27 31 20 20 22
internal_value=2.99225e-06 0.000211113 -5.37409e-05 -2.69144e-05 0.000343115 -6.30481e-05 0.000330954 0.000534439 0.00077535 4.1839e-05 -4.57548e-05 0.000417622 -7.27238e-05 0.000558439 2.89246e-05 0.000441869 -0.000438245 5.84756e-05 0.00024092 -0.000661874 -0.000330087 -1.65036e-05 0.000680115 -0.000483834 -0.000214637 0.000470356
internal_weight=2144 470 1674 1609 135 1474 405 225 148 100 1453 73 1380 128 77 58 42 180 128 65 52 77 51 65 40 42
internal_count=2144 470 1674 1609 135 1474 405 225 148 100 1453 73 1380 128 77 58 42 180 128 65 52 77 51 65 40 42
is_linear=0
shrinkage=0.03


Tree=149
num_leaves=28
num_cat=0
split_feature=26 26 11 24 15 16 26 24 10 21 20 21 9 17 11 2 15 14 16 19 9 2 26 17 17 20 16
split_gain=0.0270969 0.0265435 0.0231897 0.0378163 0.0340539 0.022223 0.0253421 0.0267199 0.0329033 0.0218342 0.0164676 0.0339981 0.0157042 0.0148679 0.0147936 0.0174873 0.0142802 0.0140996 0.0131846 0.0164368 0.00877611 0.00714501 0.00627765 0.00419206 0.00916343 0.00276223 0.000380868
threshold=494.00000000000006 521.50000000000011 1.074679471015987 10.250000000000002 0.021214814262870852 69.607868306195414 616.00000000000011 17.650000000000002 0.95879451460904297 17.135000228881839 1.6150000000000004 15.210000038146974 0.95105143531060543 -0.0092159155562989981 1.1103687845448016 0.013741677440446002 0.029268998558238554 0.031381105458507162 28.759090398615879 94.93500137329103 1.0159285450787336 0.020444087573708403 355.50000000000006 0.0059087218650280505 -0.0075551890335413497 1.6250000000000002 71.060851388195331
decision_type=2 2 2 2 2 2 2 2 2 2 2 2 2 2 2 2 2 2 2 2 2 2 2 2 2 2 2
left_child=2 23 3 4 -1 6 7 9 -9 -3 14 -12 -6 -5 20 17 -7 -16 -8 -20 -4 -14 -15 24 -2 -24 -17
right_child=1 5 10 13 12 16 18 8 -10 -11 11 -13 21 22 15 26 -18 -19 19 -21 -22 -23 25 -25 -26 -27 -28
leaf_value=0.0018729372044493044 -0.00014250744446845989 0.00047989582182523215 -0.0010652298262322564 -0.00063861940111798637 0.0012887181969438513 -0.0001566509161319118 0.00050578662195570161 0.0018146584017032926 0.00018422112859758162 -0.000396850331366295 -0.00030169447047956056 0.0011706899950679923 0.00012869123037410063 -0.00015230923790484664 0.00072196115669794381 -0.00016669531233994095 -0.001252935391185539 -4.2694988732154548e-05 7.3349883015018708e-05 -0.00014091399815175181 -2.300935661021087e-05 0.00075169873962918892 0.00057468538779809519 -8.2903504837304355e-05 -0.0012219475222429116 0 -0.0006593617279348629
leaf_weight=20 20 52 22 27 20 39 36 21 33 47 23 27 88 24 35 28 20 38 490 871 20 27 28 20 25 23 20
leaf_count=20 20 52 22 27 20 39 36 21 33 47 23 27 88 24 35 28 20 38 490 871 20 27 28 20 25 23 20
internal_value=2.77461e-06 -5.23334e-05 0.000205117 0.000396938 0.00069164 -2.61827e-05 -2.30589e-06 0.000360855 0.000894291 3.38566e-05 -1.30845e-05 0.000441934 0.000482089 -2.41342e-05 -0.000172797 0 -0.000592961 0.000288182 -4.4455e-05 -6.15728e-05 -0.000650779 0.000306044 0.000163099 -0.000644004 -0.000820941 0.000369293 -0.000442464
internal_weight=2144 1674 470 257 155 1609 1550 153 54 99 213 50 135 102 163 121 59 73 1397 1361 42 115 75 65 45 51 48
internal_count=2144 1674 470 257 155 1609 1550 153 54 99 213 50 135 102 163 121 59 73 1397 1361 42 115 75 65 45 51 48
is_linear=0
shrinkage=0.03


Tree=150
num_leaves=31
num_cat=0
split_feature=26 11 19 3 26 15 10 16 24 26 22 9 10 11 18 22 22 4 20 26 19 21 19 14 14 21 11 24 14 18
split_gain=0.0258464 0.0369001 0.0352385 0.0404012 0.0306069 0.0217935 0.0166466 0.026925 0.0385643 0.0182112 0.0169135 0.0148564 0.0147016 0.0141046 0.0123183 0.00983976 0.0127355 0.00809495 0.00809335 0.0127344 0.00692711 0.00667452 0.00606922 0.0058537 0.00476568 0.0053644 0.00425621 0.00374226 0.00289 0.00252441
threshold=797.50000000000011 0.78963338206406242 102.98500061035158 -0.050768698265356536 896.00000000000011 0.055425230711861409 1.0255402711274493 53.455220952272484 1.5500000000000003 987.50000000000011 251.11600000000001 0.94258213744689423 0.95615339895702556 1.2498709173383851 0.97025082228841009 238.03350000000003 244.17800000000003 0.0017585251368875501 2.9950000000000006 939.50000000000011 97.975002288818374 13.47499990463257 99.005001068115249 0.059593682826753057 0.016785852008572553 16.085000038146976 1.0425308608811921 12.850000000000003 0.030467438481752606 1.0743930869285936
decision_type=2 2 2 2 2 2 2 2 2 2 2 2 2 2 2 2 2 2 2 2 2 2 2 2 2 2 2 2 2 2
left_child=1 -1 3 11 15 13 7 9 -9 12 -11 -3 -6 -5 -7 24 29 21 19 -19 28 26 -22 -4 -2 -26 -8 -23 -18 -17
right_child=4 2 23 5 6 14 17 8 -10 10 -12 -13 -14 -15 -16 16 20 18 -20 -21 22 27 -24 -25 25 -27 -28 -29 -30 -31
leaf_value=0.0012811154860246461 -8.9454841093604705e-05 0.0015180701639910693 -0.00084627964500731841 0.00014441007672464141 0.00053521424831669262 -0.00097788046823384664 0.00055227865677859105 0.0014284418817609547 0 2.1893386598252533e-06 -0.00041494499122572324 0.00036916121424842831 4.8418251921693616e-06 -0.00035170522371593576 0 0.00040435818925669252 0.00013405256303535264 0 0 -0.00077329285617273012 -0.00087596262170071065 0 -9.5694668993998594e-05 -6.5169920679181804e-05 -0.00040211221509663439 -0.0011775756072433244 0 -0.0004928214807254595 -0.0003254537007139463 0
leaf_weight=23 21 23 38 812 78 25 20 29 38 229 128 36 146 51 25 21 21 30 26 64 36 22 25 23 36 30 21 27 20 20
leaf_count=23 21 23 38 812 78 25 20 29 38 229 128 36 146 51 25 21 21 30 26 64 36 22 25 23 36 30 21 27 20 20
internal_value=2.60271e-06 0.000109632 7.94335e-05 0.000126108 -9.85291e-05 7.28781e-05 -1.23672e-05 5.92045e-05 0.000624329 -1.77093e-06 -0.000139733 0.000884877 0.000204416 0.000111246 -0.000519729 -0.000405518 -0.000217526 -0.000246669 -0.000407815 -0.000537126 -0.00040567 0 -0.000611269 -0.000605951 -0.000674443 -0.000811687 0.000247591 -0.000262008 -2.10803e-05 0.000177627
internal_weight=2144 1056 1033 972 1088 913 858 648 67 581 357 59 224 863 50 230 143 210 120 94 102 90 61 61 87 66 41 49 41 41
internal_count=2144 1056 1033 972 1088 913 858 648 67 581 357 59 224 863 50 230 143 210 120 94 102 90 61 61 87 66 41 49 41 41
is_linear=0
shrinkage=0.03


Tree=151
num_leaves=31
num_cat=0
split_feature=26 23 11 26 5 11 21 24 5 10 23 17 21 24 8 22 26 26 23 21 11 18 23 10 22 16 23 5 26 8
split_gain=0.0247275 0.0467008 0.0212833 0.0368424 0.0210918 0.0711587 0.0207821 0.0275248 0.0350421 0.0296507 0.0200834 0.0239453 0.0204566 0.0432206 0.0178275 0.0288561 0.0177828 0.022358 0.0171025 0.0165312 0.019593 0.0159736 0.0133576 0.0130495 0.0172882 0.0127083 0.0116292 0.0101955 0.0098092 0.00782357
threshold=455.50000000000006 3522.0000000000005 0.91495319575608269 994.00000000000011 -0.0022728738462003497 0.81026606187091066 15.635000228881838 12.550000000000002 0.024883701184390504 1.0539746389034896 2193.0000000000005 0.0090251302200643011 16.595000267028812 22.750000000000004 0.98139038833029579 258.49100000000004 663.50000000000011 1045.5000000000002 2685.0000000000005 15.47499990463257 1.0032808193086882 1.2215985300782897 2632.5000000000005 1.1184556120782647 249.55300000000003 57.029319330515385 2262.0000000000005 0.013741677440446002 811.00000000000011 0.97847507127709854
decision_type=2 2 2 2 2 2 2 2 2 2 2 2 2 2 2 2 2 2 2 2 2 2 2 2 2 2 2 2 2 2
left_child=1 6 3 4 5 -2 25 8 9 -8 11 16 19 22 15 -6 -4 -18 -9 20 -12 -21 -14 24 -13 -1 -5 -16 -7 -15
right_child=2 -3 10 26 14 28 7 18 -10 -11 12 23 13 29 27 -17 17 -19 -20 21 -22 -23 -24 -25 -26 -27 -28 -29 -30 -31
leaf_value=0.00033855451767740303 0.0022376412279395889 -0.00038663441775780585 0.00082446186238666996 -0.00071344168578673685 0.00024454736934109987 6.7744660027674395e-05 0.0013149950962410807 -0.00047913761585368774 0 0.00021662154816738443 2.938992330130055e-05 -3.9277646289174925e-05 -0.001049543121870121 0.00080293326685205101 0 -0.0011337394621324442 -5.8726719393137373e-05 0.00046544622271183189 0.00050945514985435312 0 -0.0003044721086444286 0.00082294838638468227 -0.00041151537015007118 0.00010772888815369117 -0.0012528147211018949 -0.00051958452651742842 -9.3829724400375868e-06 0.00088125838020361978 0.00081718021586537357 1.1463966277405216e-06
leaf_weight=29 21 80 35 34 27 74 85 31 36 40 306 28 45 20 27 22 223 103 30 61 297 32 218 21 24 29 77 25 24 40
leaf_count=29 21 80 35 34 27 74 85 31 36 40 306 28 45 20 27 22 223 103 30 61 297 32 218 21 24 29 77 25 24 40
internal_value=2.35663e-06 0.000230105 -4.2024e-05 0.000171598 0.000401235 0.000672821 0.000417741 0.000550745 0.00075528 0.000991834 -9.28359e-05 7.3202e-05 -0.000166496 -0.000365717 4.83762e-05 -0.000324574 0.000179371 9.86288e-05 0 -6.93458e-05 -0.000130315 0.000291234 -0.000535609 -0.000406613 -0.000669046 -4.12017e-05 -0.000256271 0.000455907 0.000287983 0.000326371
internal_weight=2144 360 1784 331 220 119 280 222 161 125 1453 434 1019 323 101 49 361 326 61 696 603 93 263 73 52 58 111 52 98 60
internal_count=2144 360 1784 331 220 119 280 222 161 125 1453 434 1019 323 101 49 361 326 61 696 603 93 263 73 52 58 111 52 98 60
is_linear=0
shrinkage=0.03


Tree=152
num_leaves=23
num_cat=0
split_feature=26 23 26 16 26 24 10 21 10 15 26 23 7 13 2 15 16 23 23 5 2 0
split_gain=0.0236614 0.037454 0.0253749 0.020186 0.0223085 0.0243451 0.0290284 0.0205397 0.0187346 0.0194539 0.0260057 0.0369278 0.0224042 0.0138877 0.0147087 0.0134113 0.0117169 0.0111944 0.00997968 0.00950354 0.00701525 0.00212202
threshold=494.00000000000006 3662.5000000000005 521.50000000000011 69.607868306195414 616.00000000000011 17.650000000000002 0.95879451460904297 17.135000228881839 1.0525409081274817 0.045792262368149608 418.50000000000006 2206.5000000000005 0.054508705533129059 1.0510387155754917 0.019638635400064604 0.029268998558238554 28.759090398615879 2091.5000000000005 3079.5000000000005 0.021823937125580253 0.03983595888317331 -0.0019071984866660997
decision_type=2 2 2 2 2 2 2 2 2 2 2 2 2 2 2 2 2 2 2 2 2 2
left_child=1 8 18 4 5 7 -7 -4 9 10 12 -12 -1 -10 19 -5 -6 -18 -2 -15 -16 -3
right_child=2 21 3 15 16 6 -8 -9 13 -11 11 -13 -14 14 20 -17 17 -19 -20 -21 -22 -23
leaf_value=-0.00019354611204042542 -0.00020078323430453357 -0.00073375314095308283 0.00046065849028055484 -0.00013904034234001302 0.00047827072090444133 0.0017154061602936547 0.00017542706875760546 -0.00039026598269992972 -0.0007009012223487454 0.0012909030309598893 0.0016426132691059526 0.0003342504596704384 0.0007208391957246931 0.00071716237121394698 -0.00058754236878092348 -0.0012020275031349489 6.8450222758799915e-05 -0.00011481031659134006 -0.0010919145797545621 0 4.9133748342485526e-05 -0.00019243209459251021
leaf_weight=94 38 25 52 39 36 21 33 47 20 24 27 99 31 41 24 20 417 944 27 23 22 40
leaf_count=94 38 25 52 39 36 21 33 47 20 24 27 99 31 41 24 20 417 944 27 23 22 40
internal_value=2.44225e-06 0.000191611 -4.89614e-05 -2.33579e-05 -5.17054e-07 0.000340166 0.000849154 2.68213e-05 0.000303488 0.000443372 0.000345628 0.000648962 1.33331e-05 0 0.00014022 -0.000563403 -4.01914e-05 -5.6449e-05 -0.000627336 0.000448044 -0.000224649 -0.00045405
internal_weight=2144 470 1674 1609 1550 153 54 99 405 275 251 126 125 130 110 59 1397 1361 65 64 46 65
internal_count=2144 470 1674 1609 1550 153 54 99 405 275 251 126 125 130 110 59 1397 1361 65 64 46 65
is_linear=0
shrinkage=0.03


Tree=153
num_leaves=27
num_cat=0
split_feature=26 11 19 3 26 15 17 19 19 25 15 7 7 26 18 18 19 25 15 25 15 15 19 14 21 25
split_gain=0.0224249 0.0322055 0.0317558 0.0374391 0.028223 0.0203133 0.0180877 0.015604 0.0351962 0.0470733 0.0188293 0.0144628 0.0133369 0.0124146 0.0118125 0.00924959 0.00922223 0.00771944 0.00876524 0.00693627 0.00797593 0.00555467 0.00550792 0.00517856 0.00421712 0.00382268
threshold=797.50000000000011 0.78963338206406242 102.98500061035158 -0.050768698265356536 896.00000000000011 0.055425230711861409 0.0059087218650280505 92.814998626708999 95.125000000000014 12.550000000000002 0.038915127065559156 0.057252824686980154 0.036593513819180856 931.50000000000011 0.97025082228841009 0.50676655378171132 99.005001068115249 7.5500000000000007 0.018773825762767853 2.2500000000000004 0.047278806759831857 0.030796015318389953 85.360000610351577 0.059593682826753057 12.675000190734863 11.450000000000001
decision_type=2 2 2 2 2 2 2 2 2 2 2 2 2 2 2 2 2 2 2 2 2 2 2 2 2 2
left_child=1 -1 3 11 15 12 7 17 9 -9 -10 -3 -5 -8 -7 -2 21 22 -19 20 -15 25 -6 -4 -21 -17
right_child=4 2 23 5 6 14 13 8 10 -11 -12 -13 -14 19 -16 16 -18 18 -20 24 -22 -23 -24 -25 -26 -27
leaf_value=0.0011970670519149281 0.00011733681276174528 0.00025999044777199741 -0.00080371118892127492 -4.889721653740023e-05 0.00036666756379002307 -0.00095379268264290517 0.00018031634029466658 0.00074443498872928918 7.8731952101201565e-05 -0.00051984440707601612 -0.00054291630945064962 0.0013652696499384231 0.00019153856352352046 -0.00068929848524455263 0 -0.00071007218496570677 0 -0.00065420336363604295 0 -0.00037909208057681099 0 0 -9.4342399279086559e-05 -5.8543829480186094e-05 9.4988256915133772e-05 -0.00021199937090277674
leaf_weight=23 20 31 38 302 27 25 35 140 216 29 53 28 561 77 25 113 35 43 28 25 20 23 133 23 32 39
leaf_count=23 20 31 38 302 27 25 35 140 216 29 53 28 561 77 25 113 35 43 28 25 20 23 133 23 32 39
internal_value=2.34253e-06 0.00010213 7.37151e-05 0.000118162 -9.17597e-05 6.68039e-05 -8.90813e-06 6.07363e-05 0.000168878 0.000508059 -3.4195e-05 0.000848542 0.000103969 -0.000270239 -0.000505296 -0.000386469 -0.000448997 -0.000131224 -0.000389845 -0.000392495 -0.000552194 -0.000537446 0 -0.000576609 -6.41686e-05 -0.000604106
internal_weight=2144 1056 1033 972 1088 913 858 669 438 169 269 59 863 189 50 230 210 231 71 154 97 175 160 61 57 152
internal_count=2144 1056 1033 972 1088 913 858 669 438 169 269 59 863 189 50 230 210 231 71 154 97 175 160 61 57 152
is_linear=0
shrinkage=0.03


Tree=154
num_leaves=21
num_cat=0
split_feature=26 23 26 11 19 22 2 11 24 15 2 0 15 19 7 17 8 11 15 0
split_gain=0.0216133 0.0351497 0.024302 0.018694 0.0200006 0.0316906 0.0188806 0.0184734 0.0234179 0.0277825 0.0173988 0.015867 0.0153892 0.0120217 0.0220535 0.0113346 0.00999488 0.00440547 0.00410116 0.00191403
threshold=494.00000000000006 3662.5000000000005 521.50000000000011 0.76331897348191269 103.27500152587892 279.88200000000006 0.050159831803307263 1.074679471015987 10.250000000000002 0.021214814262870852 -0.016381891756080395 0.0085667125672000514 0.045370834318051258 90.799999237060561 0.028567566093652453 -0.0060668368525714491 1.0032631729433661 1.0258452183540945 0.03597454620129676 -0.0019071984866660997
decision_type=2 2 2 2 2 2 2 2 2 2 2 2 2 2 2 2 2 2 2 2
left_child=1 7 16 -4 5 11 -7 8 9 -1 -9 -5 -11 -12 -15 -10 -2 -6 -17 -3
right_child=2 19 3 4 17 6 -8 10 15 12 13 -13 -14 14 -16 18 -18 -19 -20 -21
leaf_value=0.0017699085793075415 -8.7020349658785314e-05 -0.00071232218413542093 0.00074154693252473543 1.4277165149383551e-05 -0.00010021497233008795 0.00066076531872639186 -0.000238658269168809 0.00075743076453606295 -0.00051003236588819517 0.00027885539556409287 0.00044059075337774569 -0.00019347491366369791 0.001168737561681256 -0.00087378442952070726 0 0.00048247245956650558 -0.0009654861351300495 -0.00088620860301889478 0 -0.0001868070009925471
leaf_weight=20 30 25 27 925 21 91 21 26 22 102 30 495 26 32 92 33 35 29 22 40
leaf_count=20 30 25 27 925 21 91 21 26 22 102 30 495 26 32 92 33 35 29 22 40
internal_value=2.09063e-06 0.000182952 -4.69766e-05 -2.18824e-05 -3.72672e-05 -1.5788e-05 0.000464955 0.000291502 0.000473869 0.000694269 4.56093e-05 -5.61175e-05 0.000490527 -5.93249e-05 -0.000206829 8.31124e-06 -0.000612957 -0.000623353 0.000274625 -0.000442113
internal_weight=2144 470 1674 1609 1582 1532 112 405 225 148 180 1420 128 154 124 77 65 50 55 65
internal_count=2144 470 1674 1609 1582 1532 112 405 225 148 180 1420 128 154 124 77 65 50 55 65
is_linear=0
shrinkage=0.03


Tree=155
num_leaves=27
num_cat=0
split_feature=26 23 11 26 14 15 7 18 14 17 15 22 21 24 5 23 18 23 16 23 6 11 4 23 12 21
split_gain=0.0204522 0.0399291 0.0188111 0.0330948 0.0271845 0.0495112 0.0412583 0.0259388 0.0195799 0.0198503 0.0209623 0.0222857 0.0183678 0.0244426 0.0310988 0.021706 0.0209225 0.0145757 0.0116825 0.0109127 0.00997007 0.00878687 0.00466425 0.00442565 0.0031158 0.0017363
threshold=455.50000000000006 3522.0000000000005 0.91495319575608269 994.00000000000011 0.052908992355788255 0.055182859503194556 0.055228506286023861 1.0743930869285936 0.071461950564883955 -0.0072409982913892992 0.057534365942791106 275.23000000000008 15.635000228881838 15.950000000000001 0.024883701184390504 2685.0000000000005 0.73760438782472904 2557.5000000000005 57.029319330515385 2262.0000000000005 0.029162808002916801 0.98421553065110701 -0.0078577705137099982 2610.5000000000005 0.9451518895475951 24.649999618530277
decision_type=2 2 2 2 2 2 2 2 2 2 2 2 2 2 2 2 2 2 2 2 2 2 2 2 2 2
left_child=1 12 3 4 6 -6 17 -8 9 20 11 -11 18 14 16 -15 -14 -2 -1 -5 21 -4 -3 -21 -25 -24
right_child=2 22 8 19 5 -7 7 -9 -10 10 -12 -13 13 15 -16 -17 -18 -19 -20 23 -22 -23 25 24 -26 -27
leaf_value=0.00031476776933996004 0.00061777741383356997 0 -0.00024228093465930654 -0.00068437196844523505 -0.0013031044990348165 0.00069445995593975696 0.0018753777758451179 0.00025560766471815956 0.00068597791950950136 -7.1546674369043269e-05 -0.00076491517270915212 0.00042425847257756432 0 -0.00070261304841376837 -4.6102418901251682e-06 0.00048172179044453394 0.0010872280619326961 0 -0.00050555743076838549 0.00022061862186952068 1.0701491199260114e-05 -0.00078550231208051127 -0.00010755270451772957 0 -0.00044641772286894803 -0.00071815802226211087
leaf_weight=29 52 29 86 34 21 20 29 20 27 1123 36 86 25 24 37 30 106 78 29 32 30 65 21 20 25 30
leaf_count=29 52 29 86 34 21 20 29 20 27 1123 36 86 25 24 37 30 106 78 29 32 30 65 21 20 25 30
internal_value=1.99318e-06 0.00020924 -3.82411e-05 0.000162446 0.00038037 -0.00026392 0.000545258 0.00129258 -8.6102e-05 -0.000103293 -5.76323e-05 -3.34777e-05 0.000383183 0.000508512 0.000686569 0 0.00090307 0.000232957 -4.61642e-05 -0.000242231 -0.000398845 -0.000499484 -0.000359737 -2.26786e-06 -0.000227333 -0.000531328
internal_weight=2144 360 1784 331 220 41 179 49 1453 1426 1245 1209 280 222 168 54 131 130 58 111 181 151 80 77 45 51
internal_count=2144 360 1784 331 220 41 179 49 1453 1426 1245 1209 280 222 168 54 131 130 58 111 181 151 80 77 45 51
is_linear=0
shrinkage=0.03


Tree=156
num_leaves=24
num_cat=0
split_feature=16 26 21 5 22 14 16 11 20 23 18 20 22 9 15 14 15 14 20 10 12 22 14
split_gain=0.0201375 0.0244662 0.0229175 0.0217669 0.0282242 0.0239366 0.021144 0.0231321 0.0193545 0.017199 0.0219588 0.021394 0.0243944 0.0215405 0.017633 0.011872 0.00943481 0.00684191 0.0065143 0.00627548 0.0053049 0.0033941 0.00268879
threshold=71.060851388195331 720.50000000000011 12.260000228881838 0.023372194784975403 277.73450000000008 0.041074451136162905 47.950154846433655 1.0193499285767478 0.64500000000000013 3136.5000000000005 1.6292403099831214 2.3250000000000006 252.37150000000003 0.95198839230335641 0.030510160441151703 0.030188106761355204 0.027100691307826053 0.034033392999980212 2.3350000000000004 0.97278451934370358 0.99873677347558176 267.49850000000004 0.029500785091611702
decision_type=2 2 2 2 2 2 2 2 2 2 2 2 2 2 2 2 2 2 2 2 2 2 2
left_child=1 2 19 4 8 -6 -5 -8 -4 10 11 13 -13 -3 17 16 21 20 22 -1 -11 -2 -16
right_child=15 9 3 6 5 -7 7 -9 -10 14 -12 12 -14 -15 18 -17 -18 -19 -20 -21 -22 -23 -24
leaf_value=0 -0.00062248581419569544 0.00081739857657698949 0.00097202351751962104 0.0005143858828931115 0.0016788271148907368 0.00040109572303481401 -0.0011611753956372426 -6.4619308741021084e-05 0.00014432848946819069 -0.00029022952801078335 0.00080598502312786871 0 -0.00040685542472626189 6.707871381559017e-05 0.00017588410945609212 -0.000848423059553858 0.00028099383036785114 0 0.00053702039474488373 -0.00076339062404197941 -0.00070584720955230282 0 -0.00017665883500472102
leaf_weight=21 26 40 28 39 23 53 21 119 443 117 29 386 193 307 23 36 25 22 20 26 71 20 56
leaf_count=21 26 40 28 39 23 53 21 119 443 117 29 386 193 307 23 36 25 22 20 26 71 20 56
internal_value=1.85813e-06 2.44015e-05 0.00015826 0.000202884 0.00029785 0.00084352 -7.0693e-05 -0.000257448 0.000201844 -5.51484e-05 4.80732e-06 -1.78897e-05 -0.00013234 0.000164292 -0.000249544 -0.000395784 -0.000116014 -0.000406577 5.42909e-05 -0.000458411 -0.000465969 -0.000396997 -3.56042e-05
internal_weight=2144 2037 773 726 547 76 179 140 471 1264 955 926 579 347 309 107 71 210 99 47 188 46 79
internal_count=2144 2037 773 726 547 76 179 140 471 1264 955 926 579 347 309 107 71 210 99 47 188 46 79
is_linear=0
shrinkage=0.03


Tree=157
num_leaves=24
num_cat=0
split_feature=16 26 23 26 26 24 10 23 8 7 17 23 23 5 12 23 16 8 20 8 15 0 14
split_gain=0.019043 0.0235897 0.0339865 0.0238319 0.0181689 0.0241793 0.0242953 0.0201072 0.0160717 0.0152652 0.0166593 0.0225738 0.0169813 0.0123663 0.0117092 0.0141105 0.0128456 0.0115205 0.0102344 0.00825716 0.00396685 0.00328245 0.0018149
threshold=71.060851388195331 494.00000000000006 3522.0000000000005 521.50000000000011 616.00000000000011 17.650000000000002 0.95879451460904297 3416.0000000000005 1.0032631729433661 0.036151358895969758 0.0016777705169888503 2424.5000000000005 2824.0000000000005 0.047026412904982405 1.0004636211802609 2091.5000000000005 53.455220952272484 1.0584708253004991 0.68500000000000016 1.043302779099933 0.027100691307826053 -0.0019071984866660997 0.043561746887430357
decision_type=2 2 2 2 2 2 2 2 2 2 2 2 2 2 2 2 2 2 2 2 2 2 2
left_child=1 2 9 8 5 7 -7 -5 -3 10 12 -12 -1 18 15 -6 -16 19 -11 20 -2 -4 -23
right_child=17 3 21 4 14 6 -8 -9 -10 13 11 -13 -14 -15 16 -17 -18 -19 -20 -21 -22 22 -24
leaf_value=-0.00047464353656151187 -0.00054184099602280192 -8.0131558160628037e-05 -0.00056281205521458214 -0.00063070164304226636 0.00024493575023950328 0.0016030362105759028 0.00018777326369392018 0.00028665852726058802 -0.0012657428978646236 0.0010760054706812038 0.0011309446087624463 -1.3111446948292157e-05 0.00036248673697264168 -4.4024479404800902e-05 -0.00030837854620057906 -3.8428965411086426e-05 -1.682887128768307e-05 -0.00097988131430000068 0.00044120553622327354 0.00027690157739977754 0 -0.00026318663094962875 3.8841210571782921e-05
leaf_weight=56 39 30 33 29 210 21 34 74 22 41 26 25 31 21 245 592 358 24 144 20 24 25 20
leaf_count=56 39 30 33 29 210 21 34 74 22 41 26 25 31 21 245 592 358 24 144 20 24 25 20
internal_value=1.88021e-06 2.38403e-05 0.000224055 -2.67256e-05 -3.57572e-06 0.000298221 0.000800694 0 -0.000652758 0.000356342 8.44568e-05 0.000522973 -0.000141535 0.000522698 -3.98361e-05 3.22454e-05 -0.000140567 -0.000384755 0.000603049 -0.00016734 -0.000357367 -0.000318516 -6.58084e-05
internal_weight=2144 2037 422 1615 1563 158 55 103 52 344 138 51 87 206 1405 802 603 107 185 83 63 78 45
internal_count=2144 2037 422 1615 1563 158 55 103 52 344 138 51 87 206 1405 802 603 107 185 83 63 78 45
is_linear=0
shrinkage=0.03


Tree=158
num_leaves=24
num_cat=0
split_feature=13 26 26 11 3 11 23 2 17 19 19 3 20 26 23 19 17 20 11 25 14 5 18
split_gain=0.0199419 0.0235105 0.0265744 0.0256979 0.0217201 0.0228099 0.0210033 0.0180117 0.015268 0.0148409 0.0323968 0.0136613 0.0135662 0.0112108 0.0102374 0.00872726 0.0137509 0.0105454 0.00831842 0.00608771 0.00438267 0.00338769 0.00229695
threshold=1.1421728089172432 797.50000000000011 896.00000000000011 0.78963338206406242 -0.043406663755902644 1.0398508757161025 1789.0000000000002 0.0074225267658809008 0.0059087218650280505 92.814998626708999 95.125000000000014 -0.069664282873409186 2.3750000000000004 931.50000000000011 1337.0000000000002 96.485000610351577 -0.0014865194379159999 2.1850000000000005 0.98084819830204106 2.2500000000000004 0.022793783593483555 0.0065371161087979515 1.0957061563708212
decision_type=2 2 2 2 2 2 2 2 2 2 2 2 2 2 2 2 2 2 2 2 2 2 2
left_child=1 3 15 -1 5 11 7 -6 9 14 -11 -5 -8 -10 -4 16 -3 18 -17 -15 -18 -2 -19
right_child=21 2 8 4 6 -7 12 -9 13 10 -12 -13 -14 19 -16 17 20 22 -20 -21 -22 -23 -24
leaf_value=0.0011041748508869205 -0.00090450018539559095 -7.1673442406712884e-05 0.00045682960223745214 0.00010087288968750962 0.0010777900280445464 -0.00010875779611076442 5.1103443504532946e-05 7.2117757832480401e-06 0.00018309026281781369 0.00049605740243860051 -2.3704389134442719e-05 0.0012115660488023422 -0.00031914665304865782 -0.00051906888793042344 -0.00019504276121664742 0 -0.0013796247164516344 0.00023175707111994809 -0.0006407717446754263 -5.4402918161940756e-05 -0.00044662334971188103 -0.00017100920186091499 -8.6811180513065588e-05
leaf_weight=23 23 34 21 22 31 25 738 36 35 169 268 39 100 92 210 33 22 38 54 57 24 25 25
leaf_count=23 23 34 21 22 31 25 738 36 35 169 268 39 100 92 210 33 22 38 54 57 24 25 25
internal_value=1.64522e-06 1.70163e-05 -7.85408e-05 0.000121914 9.50028e-05 0.000551207 4.7779e-05 0.000555237 0 6.55449e-05 0.000171126 0.000867463 3.01744e-06 -0.000242365 -0.000121137 -0.000363947 -0.000634636 -0.000196465 -0.000414177 -0.000362859 -0.000976531 -0.000594985 5.90849e-05
internal_weight=2144 2096 1082 1014 991 86 905 67 852 668 437 61 838 184 231 230 80 150 87 149 46 48 63
internal_count=2144 2096 1082 1014 991 86 905 67 852 668 437 61 838 184 231 230 80 150 87 149 46 48 63
is_linear=0
shrinkage=0.03


Tree=159
num_leaves=24
num_cat=0
split_feature=13 26 26 9 23 16 19 17 20 14 17 19 19 26 23 22 23 16 9 19 0 14 5
split_gain=0.0189151 0.0223207 0.0219531 0.0197597 0.0345503 0.0205238 0.0180307 0.0158221 0.0225965 0.0187066 0.0143621 0.0139199 0.030526 0.0106282 0.00967382 0.00961098 0.0138857 0.0097527 0.00844021 0.00632968 0.00593691 0.00397302 0.00308516
threshold=1.1421728089172432 792.50000000000011 896.00000000000011 0.91849485384579876 2808.5000000000005 35.285673060846641 104.62500000000001 0.00018252238626505004 1.0750000000000004 0.020579370420643252 0.0059087218650280505 92.814998626708999 95.125000000000014 931.50000000000011 1337.0000000000002 238.03350000000003 2868.5000000000005 43.927472222670993 0.95688035665944582 98.064998626708999 -0.0099883074370387976 0.021747417016957152 0.0065371161087979515
decision_type=2 2 2 2 2 2 2 2 2 2 2 2 2 2 2 2 2 2 2 2 2 2 2
left_child=1 3 15 4 -1 -6 7 9 -9 -5 11 14 -13 -12 -4 17 19 -3 -18 -17 -15 -19 -2
right_child=22 2 10 6 5 -7 -8 8 -10 -11 13 12 -14 20 -16 16 18 21 -20 -21 -22 -23 -24
leaf_value=0.0013626450399507677 -0.00087849580170586703 -7.5572875289556872e-05 0.0004437476729085161 -0.00048762893997413535 0.00070279471456472366 -0.00060674506961368028 -0.00077313064378021026 -0.00014236752460710706 0.00033014299040619012 5.3944773941148755e-05 0.00017775012922841899 0.00048126321532421137 -2.2995899107093135e-05 0 -0.00018921920701868829 0.00058999007871501485 2.4935733934398734e-05 -0.0011414488860231357 -0.00051690906602690537 0 -0.00046292436749250293 -0.00036253673738623362 -0.00016607624686394744
leaf_weight=30 23 35 21 67 20 21 20 109 380 342 35 169 268 38 210 21 23 29 81 38 111 28 25
leaf_count=30 23 35 21 67 20 21 20 109 380 342 35 169 268 38 210 21 23 29 81 38 111 28 25
internal_value=1.41116e-06 1.64181e-05 -7.44188e-05 0.000121096 0.000606282 0 7.96873e-05 0.000102857 0.000218621 -2.84286e-05 0 6.34769e-05 0.000165819 -0.000235157 -0.000117081 -0.000318039 -0.000152075 -0.000575029 -0.00036941 0.000180796 -0.000352687 -0.000823397 -0.00057963
internal_weight=2144 2096 1107 989 71 41 918 898 489 409 852 668 437 184 231 255 163 92 104 59 149 57 48
internal_count=2144 2096 1107 989 71 41 918 898 489 409 852 668 437 184 231 255 163 92 104 59 149 57 48
is_linear=0
shrinkage=0.03


Tree=160
num_leaves=31
num_cat=0
split_feature=20 23 9 26 26 24 11 18 15 24 25 4 16 13 15 11 15 15 11 10 9 7 23 19 22 18 21 18 18 7
split_gain=0.0182714 0.0334137 0.0346104 0.0186581 0.0393894 0.0702151 0.0262949 0.03652 0.0181143 0.0171584 0.0184566 0.0148525 0.0133309 0.0128246 0.0121578 0.0222467 0.0252269 0.02553 0.0194518 0.0122869 0.0113196 0.010894 0.0149557 0.0199789 0.0171626 0.0107019 0.00910897 0.00898843 0.00856039 0.00761478
threshold=2.3150000000000004 2726.0000000000005 0.93145338608801131 771.50000000000011 946.50000000000011 0.15000000000000005 0.93315585660016576 1.077511462454507 0.03543013966620686 25.250000000000004 15.750000000000002 0.0065615445454154011 35.580193607769594 1.0073690074214967 0.027674218757129453 0.95711159752095576 0.016113409523350303 0.011898742528625052 1.0461205836346903 0.99404772480090031 0.95688035665944582 0.021167235533613205 2348.5000000000005 98.325000762939467 265.78750000000008 1.2021482218351345 15.710000038146974 1.050446710779924 0.77461051482284804 0.029838755517266103
decision_type=2 2 2 2 2 2 2 2 2 2 2 2 2 2 2 2 2 2 2 2 2 2 2 2 2 2 2 2 2 2
left_child=1 2 -1 6 20 -6 7 11 14 10 -8 -3 -10 -14 15 26 17 -17 29 -18 -5 -4 24 -24 -23 -15 -2 -20 -22 -16
right_child=8 3 21 4 5 -7 9 -9 12 -11 -12 -13 13 25 18 16 19 -19 27 -21 28 22 23 -25 -26 -27 -28 -29 -30 -31
leaf_value=0.0014476482237011869 -0.0006311823067272354 0.00048455654434496307 0.00073568529289415373 4.6980265039019283e-05 0.0018354540685457841 -0.00015242316009145293 -0.00016186216793654442 -0.00018033097373523017 0.00016718212942239539 0.00065343114296134946 0.00066665499089984225 0.001660038773732429 -0.00075974293986904196 2.544653103021636e-06 0 -0.00037644017326899547 0.00014625302069422712 0.00052820683214246055 -0.00050269254539161913 -0.00031823952404669124 -7.8269807567052976e-05 -0.00013922215698790192 0.00021496700253144648 0.0011880950718186796 0.0004269563567190744 -0.00064498397519346332 0 0.00017451809602456964 -0.00060719622311249035 0.00086448980371535899
leaf_weight=21 81 40 34 29 20 58 346 36 28 28 24 21 78 62 20 32 62 118 29 172 50 194 183 23 63 29 26 34 163 40
leaf_count=21 81 40 34 29 20 58 346 36 28 28 24 21 78 62 20 32 62 118 29 172 50 194 183 23 63 29 26 34 163 40
internal_value=1.09126e-06 7.0762e-05 0.000259812 -4.58895e-05 -0.000226202 0.000336096 6.48491e-05 0.0005073 -0.000109675 -3.64669e-05 -9.83822e-05 0.000957866 -0.000360407 -0.000465935 -2.38946e-05 -9.51528e-05 4.1366e-06 0.000314133 0.000234839 -0.000182304 -0.000420422 0.000200791 0.000153545 0.000343325 0 -0.00017597 -0.000475998 -9.33225e-05 -0.000498 0.00062447
internal_weight=2144 1333 518 815 320 78 495 97 811 398 370 61 197 169 614 491 384 150 123 234 242 497 463 206 257 91 107 63 213 60
internal_count=2144 1333 518 815 320 78 495 97 811 398 370 61 197 169 614 491 384 150 123 234 242 497 463 206 257 91 107 63 213 60
is_linear=0
shrinkage=0.03


Tree=161
num_leaves=30
num_cat=0
split_feature=13 26 7 5 8 15 13 15 4 18 23 7 20 20 22 17 15 20 23 22 22 5 26 20 23 18 5 20 15
split_gain=0.0177503 0.0201218 0.0202603 0.0295353 0.0219467 0.021061 0.0202036 0.0260176 0.0200493 0.0182231 0.018068 0.0173938 0.0172617 0.0250038 0.0275748 0.0166614 0.0160164 0.0130878 0.0211524 0.0182681 0.0124743 0.0121787 0.00944269 0.00566875 0.0046265 0.00557549 0.00279636 0.00168677 0.0014195
threshold=1.1421728089172432 761.00000000000011 0.036593513819180856 -0.0022728738462003497 0.99213540878183204 0.04907428625110765 0.94528724861836544 0.048197243814665405 0.0037254088424034004 1.35331579378031 3136.5000000000005 0.021396558641679803 2.3050000000000002 2.9150000000000005 251.11600000000001 -0.0041217787212528998 0.030510160441151703 1.6250000000000002 2557.5000000000005 240.38350000000003 244.21800000000005 -0.0028403704785041994 946.50000000000011 2.3150000000000004 3686.5000000000005 0.77461051482284804 0.0065371161087979515 2.0950000000000002 0.034478316340405359
decision_type=2 2 2 2 2 2 2 2 2 2 2 2 2 2 2 2 2 2 2 2 2 2 2 2 2 2 2 2 2
left_child=1 2 11 6 5 -5 7 -4 -6 -8 12 -1 15 14 -14 20 24 19 -19 -13 -3 -15 -17 28 25 -12 -2 -26 -18
right_child=26 10 3 4 8 -7 9 -9 -10 -11 16 17 13 21 -16 22 23 18 -20 -21 -22 -23 -24 -25 27 -27 -28 -29 -30
leaf_value=0.00067592300731010493 -0.00084918265155283727 4.5957170060137285e-05 0.0003019619683439557 0 -2.1641436494260189e-05 -0.00075528296726282704 0.00041889016520693537 0.0016365691026480032 0.00053964643420029168 -0.00028526252861289927 0 0.0002904614307481097 -1.4040911375539956e-05 -2.6952943698103933e-05 -0.00052238124054528718 -0.00010621510503813624 -0.00019921173874565677 0.00055100760240345563 -0.00025910260663559179 -0.00056307610798893228 0.00086279437970370051 0.00057727701792816412 0.00024966841788972606 0.00048950213519856334 -0.00030172899140598017 -0.00057436708958217295 -0.00015887698482793683 0 1.5066317027761925e-05
leaf_weight=22 23 39 38 115 106 46 170 28 103 35 20 23 278 41 157 149 36 46 72 104 47 61 114 20 23 132 25 35 36
leaf_count=22 23 39 38 115 106 46 170 28 103 35 20 23 278 41 157 149 36 46 72 104 47 61 114 20 23 132 25 35 36
internal_value=1.36186e-06 1.5943e-05 0.00012333 0.000216091 3.27017e-05 -0.000220218 0.000454404 0.000928911 0.000241941 0.000283305 -6.36459e-05 -8.81449e-05 1.39518e-06 -0.000101849 -0.000205169 0.000168663 -0.000263738 -0.000171419 3.34695e-05 -0.000383999 0.000531637 0.00030737 3.70439e-05 3.72706e-05 -0.000409377 -0.000503961 -0.000561453 -0.000106315 -5.22381e-05
internal_weight=2144 2096 908 641 370 161 271 66 209 205 1188 267 886 537 435 349 302 245 118 127 86 102 263 92 210 152 48 58 72
internal_count=2144 2096 908 641 370 161 271 66 209 205 1188 267 886 537 435 349 302 245 118 127 86 102 263 92 210 152 48 58 72
is_linear=0
shrinkage=0.03


Tree=162
num_leaves=27
num_cat=0
split_feature=13 20 23 9 20 20 19 15 23 23 19 20 25 5 21 20 25 15 17 22 5 0 0 4 10 5
split_gain=0.0168506 0.0169973 0.0294935 0.0311796 0.0155834 0.0274492 0.0261378 0.0246004 0.0182283 0.0585345 0.0192189 0.0155571 0.0154752 0.0151309 0.0163915 0.0140957 0.0247369 0.0136617 0.0132656 0.0126605 0.00837555 0.0117341 0.0177206 0.00830911 0.00753233 0.00253354
threshold=1.1421728089172432 2.3150000000000004 2726.0000000000005 0.93145338608801131 2.1850000000000005 1.6450000000000002 98.725002288818374 0.020001465028926305 3091.5000000000005 2973.5000000000005 97.865001678466811 2.8650000000000007 7.5500000000000007 -0.032086190826576745 40.194999694824226 2.5950000000000002 0.65000000000000002 0.021727434331763756 -0.0059885893165266494 247.54450000000003 0.027015260240024302 -0.0048394475135028489 1.0000000180025095e-35 0.0059383850206176508 1.0141427346325904 0.0065371161087979515
decision_type=2 2 2 2 2 2 2 2 2 2 2 2 2 2 2 2 2 2 2 2 2 2 2 2 2 2
left_child=1 2 3 -1 5 7 -7 -4 9 -6 -10 12 15 24 -15 19 -17 18 -14 -3 21 23 -23 -13 -5 -2
right_child=25 11 4 13 8 6 -8 -9 10 -11 -12 20 17 14 -16 16 -18 -19 -20 -21 -22 22 -24 -25 -26 -27
leaf_value=0.0013901201401392673 -0.00082476865089847707 -8.1119481391700299e-05 -0.00076140769717416591 0.00089305286601717971 -0.00023295974466865034 -0.00040811887946080552 0.00051786210693119622 0.00015467989523085086 -0.00029373255701375456 0.0018680150831986047 0.00054256617375067441 0.00011160388426994489 -0.00089175443933345376 0.00017840562753468993 -0.00063948180814358321 -0.00058909595434844953 0.00022781411036108197 -0.0010150579106782309 -5.4868492121979788e-05 0.00034385937528515399 -0.00031728577801758156 -0.00061188894678870667 0.00024330595294879965 0.00093769091720981843 3.7761090708005682e-05 -0.00015429400007885234
leaf_weight=21 23 206 27 41 21 266 27 331 63 21 39 34 23 410 21 99 43 32 94 87 27 28 85 28 22 25
leaf_count=21 23 206 27 41 21 266 27 331 63 21 39 34 23 410 21 99 43 32 94 87 27 28 85 28 22 25
internal_value=1.26638e-06 1.5509e-05 8.28811e-05 0.000260108 -2.83396e-05 -9.42228e-05 -0.000311114 7.53045e-05 0.000247414 0.000766772 0 -9.29285e-05 -0.000173555 0.000203299 0.000130222 -7.43529e-05 -0.00032088 -0.000440743 -0.000250971 3.56051e-05 0.000125097 0.000211811 1.57485e-06 0.000541257 0.000646511 -0.000547063
internal_weight=2144 2096 1310 515 795 651 293 358 144 42 102 786 584 494 431 435 142 149 117 293 202 175 113 62 63 48
internal_count=2144 2096 1310 515 795 651 293 358 144 42 102 786 584 494 431 435 142 149 117 293 202 175 113 62 63 48
is_linear=0
shrinkage=0.03


Tree=163
num_leaves=17
num_cat=0
split_feature=16 26 26 19 26 11 19 22 14 2 8 19 14 15 10 14
split_gain=0.0160297 0.0193707 0.0413983 0.0259194 0.0269719 0.0154444 0.0147154 0.0237312 0.0293667 0.0141792 0.0124934 0.0110891 0.0100549 0.00910113 0.00667347 0.00658951
threshold=71.060851388195331 455.50000000000006 418.50000000000006 96.715000152587905 254.50000000000003 0.76331897348191269 104.19499969482423 279.88200000000006 0.041074451136162905 0.0014471859240322001 1.0007386562103189 91.710002899169936 0.030188106761355204 0.021727434331763756 0.99055113138131801 0.021546616630352403
decision_type=2 2 2 2 2 2 2 2 2 2 2 2 2 2 2 2
left_child=1 2 3 4 -1 -3 7 10 -9 15 -7 -6 13 -2 -5 -4
right_child=12 5 9 14 11 6 -8 8 -10 -11 -12 -13 -14 -15 -16 -17
leaf_value=0.00069290645745012072 -0.00046739210761817442 0.00067656803562879625 0 0.0011317688234682593 0 2.8317404602332171e-05 -0.0006420716388683234 0.0010296055501426704 0 0.0012814160865234619 -0.00014096051154774108 -0.00044742845914750375 -0.00076971813309638804 0.00017531517368134749 0.00015694123641689023 0.00066953781249001624
leaf_weight=30 34 27 20 20 71 814 34 41 73 37 718 106 36 37 22 24
leaf_count=30 34 27 20 20 71 814 34 41 73 37 718 106 36 37 22 24
internal_value=1.15245e-06 2.14172e-05 0.000232125 2.69221e-05 -9.9261e-05 -1.76728e-05 -3.10107e-05 -1.61849e-05 0.000396656 0.000818328 -4.91011e-05 -0.000253519 -0.000353484 -9.30104e-05 0.000706437 0.000342425
internal_weight=2144 2037 330 249 207 1707 1680 1646 114 81 1532 177 107 71 42 44
internal_count=2144 2037 330 249 207 1707 1680 1646 114 81 1532 177 107 71 42 44
is_linear=0
shrinkage=0.03


Tree=164
num_leaves=31
num_cat=0
split_feature=20 23 9 15 20 26 23 23 19 11 18 25 14 15 11 12 23 11 25 2 5 21 9 18 9 18 21 7 23 23
split_gain=0.0154029 0.0281272 0.0299066 0.0163958 0.0163447 0.0266749 0.017077 0.0553215 0.0181589 0.0162575 0.0403221 0.0143121 0.0116252 0.010991 0.0204316 0.0232554 0.0187307 0.0181373 0.0126431 0.0105715 0.0103775 0.0151984 0.0129207 0.0109319 0.0102999 0.00846211 0.00841241 0.00676496 0.00540311 0.0073186
threshold=2.3150000000000004 2726.0000000000005 0.93145338608801131 0.03543013966620686 2.1850000000000005 707.00000000000011 3091.5000000000005 2973.5000000000005 97.865001678466811 0.91818473666109413 1.077511462454507 15.750000000000002 0.059593682826753057 0.027674218757129453 0.95711159752095576 1.0017523211111177 2050.0000000000005 1.0461205836346903 0.65000000000000002 -0.0026010337703713999 -0.032086190826576745 40.194999694824226 1.0071495585541008 0.70025272405248029 0.95688035665944582 1.050446710779924 15.710000038146974 0.029838755517266103 3304.5000000000005 2395.5000000000005
decision_type=2 2 2 2 2 2 2 2 2 2 2 2 2 2 2 2 2 2 2 2 2 2 2 2 2 2 2 2 2 2
left_child=1 2 -1 13 5 9 7 -6 -8 10 -3 -11 28 14 26 16 -16 27 -17 -14 22 23 -4 -22 -7 -19 -2 -15 29 -5
right_child=3 4 20 12 6 24 8 -9 -10 11 -12 -13 19 17 15 18 -18 25 -20 -21 21 -23 -24 -25 -26 -27 -28 -29 -30 -31
leaf_value=0.0013443242510944732 -0.00060094353456419981 0.0011239376109898893 0.00087484541590177869 -0.00026233148186231479 -0.00022432950888337058 0 -0.0002837520923167176 0.0018153269116618583 0.0005289148312693214 -9.9213321959187663e-05 -0.00037552621291950342 0.00063398322958499193 0.00053508715771908026 0 0.00068307865332283718 -0.00070828270364048265 0 -0.00048628214453347025 -6.5604470528594959e-05 -0.00032349939709196666 -0.00016727579789392166 -0.00061967194579880345 0 0.00023696720312507488 -0.00047467157996252551 0.00017038991895637341 0 0.000831368381975264 0 -0.00082059788116415711
leaf_weight=21 81 36 40 70 21 38 63 21 39 369 24 24 22 20 64 35 99 29 186 27 63 21 24 349 180 34 26 40 20 58
leaf_count=21 81 36 40 70 21 38 63 21 39 369 24 24 22 20 64 35 99 29 186 27 63 21 24 349 180 34 26 40 20 58
internal_value=1.34398e-06 6.54193e-05 0.000238932 -0.00010023 -4.13433e-05 -0.000106748 0.000241368 0.000744231 0 1.83661e-05 0.000478648 -4.53283e-05 -0.000338629 -1.84359e-05 -8.64915e-05 8.40685e-06 0.000286603 0.000227546 -0.000183632 4.98043e-06 0.000183595 0.000121198 0.000551235 0.000167634 -0.000379328 -8.78878e-05 -0.000451764 0.000603944 -0.000471795 -0.000542952
internal_weight=2144 1333 518 811 815 671 144 42 102 453 60 393 197 614 491 384 163 123 221 49 497 433 64 412 218 63 107 60 148 128
internal_count=2144 1333 518 811 815 671 144 42 102 453 60 393 197 614 491 384 163 123 221 49 497 433 64 412 218 63 107 60 148 128
is_linear=0
shrinkage=0.03


Tree=165
num_leaves=26
num_cat=0
split_feature=13 26 26 9 23 15 4 19 9 23 17 19 19 26 22 23 23 17 22 14 19 0 8 9 21
split_gain=0.0151819 0.0168053 0.0205618 0.0188533 0.0301274 0.0206731 0.0258779 0.0166784 0.0150054 0.0145573 0.0119461 0.0109993 0.0258603 0.00951366 0.0089396 0.0113266 0.00803902 0.00728764 0.00692875 0.0064067 0.00614822 0.00547053 0.00328157 0.00231349 0.00128483
threshold=1.1421728089172432 797.50000000000011 896.00000000000011 0.91849485384579876 3304.5000000000005 0.057534365942791106 0.025604407582767105 99.475002288818374 1.0602671510903552 1773.0000000000002 0.0059087218650280505 92.814998626708999 95.125000000000014 931.50000000000011 238.03350000000003 2868.5000000000005 1337.0000000000002 -0.0014865194379159999 243.94800000000001 0.021747417016957152 97.975002288818374 -0.0099883074370387976 0.99962251548823955 0.97506856863361613 22.94999980926514
decision_type=2 2 2 2 2 2 2 2 2 2 2 2 2 2 2 2 2 2 2 2 2 2 2 2 2
left_child=1 3 14 4 -1 6 9 -8 22 -5 11 16 -13 -12 17 18 -4 23 -16 -19 -17 -15 -7 -3 -2
right_child=24 2 10 5 -6 8 7 -9 -10 -11 13 12 -14 21 15 20 -18 19 -20 -21 -22 -23 -24 -25 -26
leaf_value=0.0012263655159348511 -0.00017826382572659188 -0.00038791289302753286 0.00041159536003727805 0.00059090735122414406 0 -0.001095085345816029 0.00060116621129517698 -1.4369318266696399e-06 0.00010605768380420548 -9.9819152959966437e-06 0.00017850011534270983 0.00044297567666919129 -2.0367679345911821e-05 0 0.00053296581244406595 -6.7032375184045931e-05 -0.00016487335684753113 -0.0012967422150752762 -8.0079565238621483e-05 -0.00030212446807854573 -0.00064633653904893435 -0.0004285151187822131 -0.00025940016596789727 0 -0.00076615571451332906
leaf_weight=33 26 23 21 37 39 22 131 46 20 665 35 169 268 38 26 52 210 21 26 23 39 111 21 20 22
leaf_count=33 26 23 21 37 39 22 131 46 20 665 35 169 268 38 26 52 210 21 26 23 39 111 21 20 22
internal_value=1.29888e-06 1.48883e-05 -6.56327e-05 0.000103745 0.000573625 6.40789e-05 0.000104651 0.000428575 -0.000447915 1.8217e-05 0 6.14257e-05 0.000152573 -0.000210884 -0.000316712 -0.000140127 -9.79878e-05 -0.000567981 0.000174112 -0.000861763 -0.000352241 -0.00032293 -0.000770313 -0.000186431 -0.000519076
internal_weight=2144 2096 1082 1014 72 942 879 177 63 702 852 668 437 184 230 143 231 87 52 44 91 149 43 43 48
internal_count=2144 2096 1082 1014 72 942 879 177 63 702 852 668 437 184 230 143 231 87 52 44 91 149 43 43 48
is_linear=0
shrinkage=0.03


Tree=166
num_leaves=20
num_cat=0
split_feature=16 26 26 20 11 19 2 23 26 24 20 23 19 6 7 23 16 26 10
split_gain=0.0146235 0.0174578 0.0386116 0.0269233 0.0142588 0.0135141 0.0134706 0.0112572 0.0143699 0.0102707 0.025316 0.0140666 0.00980839 0.00886451 0.00621137 0.00553758 0.0050262 0.00428604 0.00222102
threshold=71.060851388195331 455.50000000000006 418.50000000000006 0.76500000000000012 0.76331897348191269 104.19499969482423 0.0014471859240322001 2885.5000000000005 254.50000000000003 25.150000000000002 2.5050000000000003 2718.0000000000005 91.710002899169936 0.0029496930782218502 0.041613418262662051 3079.5000000000005 57.029319330515385 355.50000000000006 1.0111846774517996
decision_type=2 2 2 2 2 2 2 2 2 2 2 2 2 2 2 2 2 2 2
left_child=1 2 3 7 -3 9 16 -1 -9 11 -11 -6 17 14 -2 -15 -4 -5 -14
right_child=13 4 6 12 5 -7 -8 8 -10 10 -12 -13 18 15 -16 -17 -18 -19 -20
leaf_value=0.00093432605480935809 -0.00010603703661035978 0.00065022718041395165 0.00060569007575511928 -0.00024731967246545286 4.5413952706834694e-05 -0.00061523862804751844 0.0012374101814593334 0.00066843802677918102 -0.00014098945668121647 0.00046311077106735393 -0.00039140836299047805 -0.00013667229443570751 -0.00020344246726523599 0.00013465180253689665 -0.00097320414203891739 -0.00044422206037085163 0 0.00021761069292948709 -0.00070271986672146747
leaf_weight=28 23 27 24 28 773 34 37 30 43 110 39 724 45 37 26 21 20 43 32
leaf_count=28 23 27 24 28 773 34 37 30 43 110 39 724 45 37 26 21 20 43 32
internal_value=9.13414e-07 2.03321e-05 0.000220398 2.1872e-05 -1.6695e-05 -2.95785e-05 0.000786388 0.000407975 0.000155649 -1.52933e-05 0.000218326 -4.06789e-05 -0.000222453 -0.000337755 -0.000636428 -2.80698e-05 0.000321384 0 -0.000455745
internal_weight=2144 2037 330 249 1707 1680 81 101 73 1646 149 1497 148 107 49 58 44 71 77
internal_count=2144 2037 330 249 1707 1680 81 101 73 1646 149 1497 148 107 49 58 44 71 77
is_linear=0
shrinkage=0.03


Tree=167
num_leaves=31
num_cat=0
split_feature=20 23 9 20 15 23 23 8 9 15 17 5 16 13 15 11 12 23 20 16 11 7 23 19 24 18 11 17 19 17
split_gain=0.0141407 0.0246917 0.0269395 0.0155353 0.0202495 0.0253979 0.0306751 0.0243319 0.0157884 0.0150934 0.0128387 0.0115584 0.0114 0.0115227 0.0106437 0.01901 0.0215104 0.0176208 0.0163881 0.013124 0.0121334 0.00997922 0.0135093 0.017852 0.017023 0.00907451 0.00880427 0.00829181 0.00633249 0.00514287
threshold=2.3150000000000004 2726.0000000000005 0.93145338608801131 2.1850000000000005 0.029114062544946803 3557.5000000000005 3193.5000000000005 0.96993047775697228 1.0300005898782854 0.035315932737298057 -0.00024843090415674996 -0.0019071984866660997 35.580193607769594 1.0073690074214967 0.027674218757129453 0.95711159752095576 1.0017523211111177 2050.0000000000005 2.6250000000000004 53.230076663823752 1.0461205836346903 0.021167235533613205 2348.5000000000005 98.325000762939467 8.6500000000000004 1.2021482218351345 1.0341497121427707 0.01018293608845615 92.634998321533217 0.0056234137485733507
decision_type=2 2 2 2 2 2 2 2 2 2 2 2 2 2 2 2 2 2 2 2 2 2 2 2 2 2 2 2 2 2
left_child=1 2 -1 4 7 6 -6 -3 10 14 28 -7 -11 -14 15 29 17 -17 20 -18 -16 -4 24 -24 -23 -15 -9 -22 -5 -2
right_child=9 3 21 8 5 11 -8 26 -10 12 -12 -13 13 25 18 16 19 -19 -20 -21 27 22 23 -25 -26 -27 -28 -29 -30 -31
leaf_value=0.0012748416774821553 -0.0005508389672550586 0.00045137631137584966 0.00068167270335501857 0 -0.00013692316223523052 0 0.00050319714721891071 -0.00056372451967808641 0.0010139758284203708 0.00016044637645546605 -0.00027814856190184882 -0.0005427092936262488 -0.0006967460405161546 1.2579685015225547e-05 0.00073248999903891942 0.00065956566123506765 -0.00059292936835213966 0 -0.00040320012487471104 -2.875302323099116e-05 -0.00035055101167856024 -0.00029679863390317352 0.00018566841908044726 0.00110528909729328 0.00019287437352420744 -0.00058200444953981781 -0.00014683374505121606 0.0004306391871487722 0.00052722996034516162 0
leaf_weight=21 82 30 34 27 114 62 145 144 20 28 46 74 79 63 51 64 52 99 24 169 22 111 183 23 146 29 102 24 51 25
leaf_count=21 82 30 34 27 114 62 145 144 20 28 46 74 79 63 51 64 52 99 24 169 22 111 183 23 146 29 102 24 51 25
internal_value=8.06511e-07 6.22645e-05 0.000224867 -3.75555e-05 -0.000101436 2.95605e-05 0.000210464 -0.000299174 0.000238069 -9.64666e-05 8.18126e-05 -0.000292078 -0.000323709 -0.0004209 -1.72742e-05 -8.39469e-05 7.31176e-06 0.000275173 0.000227154 -0.000177087 0.000416253 0.000172007 0.000126726 0.000307681 -7.32137e-06 -0.000146828 -0.000404307 0 0.000332906 -0.000436268
internal_weight=2144 1333 518 815 671 395 259 276 144 811 124 136 199 171 612 491 384 163 121 221 97 497 463 206 257 92 246 46 78 107
internal_count=2144 1333 518 815 671 395 259 276 144 811 124 136 199 171 612 491 384 163 121 221 97 497 463 206 257 92 246 46 78 107
is_linear=0
shrinkage=0.03


Tree=168
num_leaves=20
num_cat=0
split_feature=16 26 26 20 19 8 11 19 22 14 20 5 23 14 19 14 14 26 3
split_gain=0.0137958 0.0161711 0.0366419 0.0248522 0.0133361 0.0148891 0.013167 0.0122823 0.0208759 0.0268765 0.0126603 0.0108956 0.0124706 0.00913823 0.00913724 0.00663623 0.00474284 0.00386351 0.00266679
threshold=71.060851388195331 455.50000000000006 418.50000000000006 0.76500000000000012 93.944999694824233 1.0041268198687334 0.76331897348191269 104.19499969482423 279.88200000000006 0.041074451136162905 2.9150000000000005 0.024883701184390504 3449.5000000000005 0.030188106761355204 91.710002899169936 0.020156518206966203 0.030922349239410205 355.50000000000006 0.011137602041467453
decision_type=2 2 2 2 2 2 2 2 2 2 2 2 2 2 2 2 2 2 2
left_child=1 2 3 11 5 -4 -3 8 10 -10 -8 12 -1 15 17 -2 -16 -5 -17
right_child=13 6 4 14 -6 -7 7 -9 9 -11 -12 -13 -14 -15 16 18 -18 -19 -20
leaf_value=0.00080747009214246631 -0.00042592509767564482 0.00062488627361848817 0.00030992697884159331 -0.00023537841603031443 0.00020117273329136269 0.0016366216664095048 -7.1273429572823622e-05 -0.00058674204728366539 0.00097765530083727611 0 0.00025731082945256622 -3.8819516620909168e-05 0 -0.00072424918845472106 -4.6837196812372307e-05 0.00037850282567420182 -0.00064857474483711566 0.00020618108747823334 0
leaf_weight=55 31 27 21 28 35 25 1422 34 41 73 110 26 20 36 32 20 45 43 20
leaf_count=55 31 27 21 28 35 25 1422 34 41 73 110 26 20 36 32 20 45 43 20
internal_value=8.26972e-07 1.97282e-05 0.000212298 1.86318e-05 0.00076357 0.00111427 -1.58458e-05 -2.82935e-05 -1.45874e-05 0.000372479 -4.55712e-05 0.000390118 0.000576844 -0.000328076 -0.000215665 -7.82641e-05 -0.00044077 0 0.000121819
internal_weight=2144 2037 330 249 81 46 1707 1680 1646 114 1532 101 75 107 148 71 77 71 40
internal_count=2144 2037 330 249 81 46 1707 1680 1646 114 1532 101 75 107 148 71 77 71 40
is_linear=0
shrinkage=0.03


Tree=169
num_leaves=31
num_cat=0
split_feature=20 9 18 19 23 20 26 22 26 19 19 22 5 19 23 19 23 22 25 13 3 25 20 23 14 16 22 17 4 5
split_gain=0.0132556 0.0235356 0.030156 0.0411278 0.0174256 0.0150317 0.0215719 0.0229818 0.0189239 0.0369694 0.0223409 0.0146098 0.0127472 0.0122166 0.0149052 0.0304573 0.0148001 0.0148069 0.00970346 0.0154071 0.011224 0.0104765 0.0104007 0.00928017 0.00892433 0.0118925 0.0186012 0.0134947 0.00606901 0.0063868
threshold=2.3150000000000004 0.94258213744689423 1.077511462454507 94.49499893188478 2726.0000000000005 2.1850000000000005 595.00000000000011 279.88200000000006 946.50000000000011 92.755001068115249 96.485000610351577 254.74500000000003 -0.020176100592085997 95.155002593994155 2015.5000000000002 93.674999237060561 2563.0000000000005 247.54450000000003 0.25000000000000006 1.0485779420540133 0.050159831803307263 7.9500000000000011 2.8250000000000006 3200.5000000000005 0.014222534165362051 57.989981599612733 265.78750000000008 0.0012504440942177001 0.0033635359098026008 -0.0028403704785041994
decision_type=2 2 2 2 2 2 2 2 2 2 2 2 2 2 2 2 2 2 2 2 2 2 2 2 2 2 2 2 2 2
left_child=1 2 3 -1 24 6 7 -6 10 -10 -7 -5 -4 14 15 28 -16 -18 19 -15 21 -20 -23 -8 -3 26 -26 -27 29 -2
right_child=13 4 12 11 5 8 23 -9 9 -11 -12 -13 -14 18 16 -17 17 -19 20 -21 -22 22 -24 -25 25 27 -28 -29 -30 -31
leaf_value=-0.00011178898086771368 -0.00050884832988958798 0.00075974394670566135 0.00050456356104197251 0.00048658083013258877 -6.4219731105973291e-05 -0.00063228666642348153 -0.00059771738111355683 0.00089564945007441566 -7.6924366011683415e-05 0.0015575814056007756 0.00034693423205274428 0.0017390322510036638 -0.00039381819970440117 -0.00058260609492884077 -0.00040711534343374232 0.0012875584632603694 -0.0001216605099955646 0.00049751758266706016 0.00010357404927199241 6.8401795735553592e-05 -0.00065095573521805282 -0.00064221392301615416 0 -0.00015831841033796081 0.00011643075441199976 -0.00080937801693058153 0.0008280253591190557 0 0.00034053235637309791 6.1449607823636719e-05
leaf_weight=24 23 22 20 24 346 34 102 23 20 22 50 31 39 111 92 22 102 49 179 35 28 40 44 119 316 21 39 81 43 43
leaf_count=24 23 22 20 24 346 34 102 23 20 22 50 31 39 111 92 22 102 49 179 35 28 40 44 119 316 21 39 81 43 43
internal_value=8.03051e-07 6.03496e-05 0.000430661 0.000812735 1.47528e-05 -7.61216e-05 -0.000142727 0 0.000210808 0.00072579 -1.68987e-05 0.00126453 -3.59482e-05 -9.33297e-05 2.55248e-05 0.000288551 -0.000104577 6.14793e-05 -0.000201725 -0.000406731 -8.75553e-05 -1.39713e-05 -0.000298021 -0.00037641 0.000156716 0.00011954 0.000205139 -0.000148351 4.97713e-05 -9.71429e-05
internal_weight=2144 1333 138 79 1195 716 590 369 126 42 84 55 59 811 374 131 243 151 437 146 291 263 84 221 479 457 355 102 109 66
internal_count=2144 1333 138 79 1195 716 590 369 126 42 84 55 59 811 374 131 243 151 437 146 291 263 84 221 479 457 355 102 109 66
is_linear=0
shrinkage=0.03


Tree=170
num_leaves=23
num_cat=0
split_feature=13 26 11 26 19 9 23 4 17 19 19 26 22 23 16 23 22 19 5 0 11 21
split_gain=0.012962 0.0139162 0.0187558 0.0181532 0.0143476 0.0191851 0.035922 0.0167788 0.0108825 0.00946496 0.0228981 0.00879794 0.00806392 0.0101968 0.00791251 0.00702725 0.00665431 0.00549787 0.00529622 0.00513294 0.00269662 0.00191753
threshold=1.1421728089172432 797.50000000000011 0.78963338206406242 896.00000000000011 102.98500061035158 0.92979244649280235 3304.5000000000005 0.024883701184390504 0.0059087218650280505 92.814998626708999 95.125000000000014 931.50000000000011 238.03350000000003 2868.5000000000005 43.927472222670993 1337.0000000000002 243.94800000000001 97.915000915527358 0.011629588071079651 -0.0099883074370387976 1.2742350536664624 16.085000038146976
decision_type=2 2 2 2 2 2 2 2 2 2 2 2 2 2 2 2 2 2 2 2 2 2
left_child=1 2 -1 12 5 6 -4 -7 9 15 -11 -10 14 16 -3 -5 -14 -15 -6 -13 -2 -16
right_child=20 3 4 8 18 7 -8 -9 11 10 -12 19 13 17 21 -17 -18 -19 -20 -21 -22 -23
leaf_value=0.00093394393462222077 -2.7870010306027576e-05 -4.7755995876452117e-05 0.0013914380164913318 0.00038869549035602672 -2.7781810509623024e-05 -6.6786930572737973e-06 0 0.00030769052027623502 0.00017387945300045732 0.00041854179420042778 -1.676383578336125e-05 0 0.00052212003370126091 -3.4899403034633363e-05 -0.00039123445996301599 -0.0001497895953770502 -7.7213316793657002e-05 -0.00058090478378686715 -0.00075480483692017908 -0.00040950555546610947 -0.00068715702751972552 -0.0010769856508076191
leaf_weight=23 20 32 28 21 31 680 40 190 35 169 268 38 26 48 31 210 26 43 22 111 28 24
leaf_count=23 20 32 28 21 31 680 40 190 35 169 268 38 26 48 31 210 26 43 22 111 28 24
internal_value=8.81908e-07 1.35453e-05 9.45068e-05 -5.95752e-05 7.10784e-05 0.000100915 0.000587516 5.88068e-05 8.8814e-07 6.06701e-05 0.000145303 -0.000199085 -0.000295574 -0.000126787 -0.000534319 -8.6441e-05 0.000170047 -0.00032902 -0.00039351 -0.000307269 -0.000479854 -0.000757931
internal_weight=2144 2096 1014 1082 991 938 68 870 852 668 437 184 230 143 87 231 52 91 53 149 48 55
internal_count=2144 2096 1014 1082 991 938 68 870 852 668 437 184 230 143 87 231 52 91 53 149 48 55
is_linear=0
shrinkage=0.03


Tree=171
num_leaves=23
num_cat=0
split_feature=16 26 23 26 8 7 21 5 26 26 26 24 21 21 16 14 15 22 5 4 10 1
split_gain=0.0124555 0.0147344 0.0240874 0.0232502 0.0139667 0.0130426 0.0157343 0.0131884 0.012739 0.023866 0.011467 0.0190611 0.0210304 0.0204141 0.0094552 0.00847144 0.00832535 0.00799159 0.00656678 0.00350454 0.000904711 0.000669504
threshold=71.060851388195331 494.00000000000006 3522.0000000000005 521.50000000000011 1.0032631729433661 0.036151358895969758 14.97499990463257 0.043736007997484408 418.50000000000006 455.50000000000006 616.00000000000011 17.650000000000002 22.94999980926514 17.135000228881839 28.759090398615879 0.030188106761355204 0.021727434331763756 251.11600000000001 0.0039486886871683011 -0.0078577705137099982 1.024432501339277 -1.0000000180025095e-35
decision_type=2 2 2 2 2 2 2 2 2 2 2 2 2 2 2 2 2 2 2 2 2 2
left_child=1 2 5 4 -3 8 20 -8 18 -10 11 13 -13 -5 -12 16 -2 -16 -1 -4 -7 -21
right_child=15 3 19 10 -6 6 7 -9 9 -11 14 12 -14 -15 17 -17 -18 -19 -20 21 -22 -23
leaf_value=-0.00067157868465408683 -0.00043188445191564309 -9.4531986975081016e-05 0 0.00039046701188116069 -0.0012146856941728163 6.6098626960800689e-05 0.00068387073047932974 0 0.00073999218997778358 -0.00018055797789660893 0.00043893642945064081 0.0011382332168918634 0 -0.0004480037032317712 1.2634731681100674e-05 -0.00069322683374598828 0.00018619183585619073 -0.00013311468704260229 0 -0.00062537636852357545 -0.00016999882880598305 -0.00012868605131128181
leaf_weight=24 34 30 29 55 22 20 141 21 47 45 36 34 21 48 834 36 37 535 22 23 24 26
leaf_count=24 34 30 29 55 22 20 141 21 47 45 36 34 21 48 834 36 37 535 22 23 24 26
internal_value=5.17103e-07 1.85472e-05 0.000176949 -2.10707e-05 -0.000639024 0.000289159 0.00044167 0.000578452 3.83745e-05 0.000260365 0 0.000241364 0.000686838 0 -2.74245e-05 -0.000311945 -7.00093e-05 -4.21894e-05 -0.00033787 -0.000277347 0 -0.000429671
internal_weight=2144 2037 422 1615 52 344 206 162 138 92 1563 158 55 103 1405 107 71 1369 46 78 44 49
internal_count=2144 2037 422 1615 52 344 206 162 138 92 1563 158 55 103 1405 107 71 1369 46 78 44 49
is_linear=0
shrinkage=0.03


Tree=172
num_leaves=31
num_cat=0
split_feature=20 23 23 9 21 15 25 9 23 26 18 15 14 7 25 2 15 11 12 23 11 16 9 21 18 7 16 13 18 18
split_gain=0.011991 0.0210029 0.0450415 0.0367419 0.0346448 0.0374498 0.0421051 0.017125 0.023962 0.0150709 0.0159076 0.0127319 0.0107272 0.0106669 0.00983833 0.00980017 0.00949081 0.016952 0.0201832 0.0161849 0.0153571 0.0115079 0.00847213 0.00790388 0.00753885 0.00573612 0.00504615 0.00806217 0.00950598 0.00431782
threshold=2.3150000000000004 3079.5000000000005 3023.0000000000005 0.93145338608801131 27.185000419616703 0.043467632818089956 0.15000000000000005 1.0030009645905691 1856.0000000000002 771.50000000000011 1.100154499152701 0.03543013966620686 0.059593682826753057 0.065483983900939458 1.0000000180025095e-35 -0.0026010337703713999 0.027674218757129453 0.95711159752095576 1.0017523211111177 2050.0000000000005 1.0461205836346903 53.230076663823752 0.95688035665944582 15.710000038146974 1.050446710779924 0.029838755517266103 35.580193607769594 1.0073690074214967 0.87546466315198246 0.9449510379449011
decision_type=2 2 2 2 2 2 2 2 2 2 2 2 2 2 2 2 2 2 2 2 2 2 2 2 2 2 2 2 2 2
left_child=1 2 3 -1 5 9 -7 14 -9 10 -3 16 26 -8 -5 -14 17 23 19 -19 25 -20 -11 -2 -22 -18 -13 29 -29 -28
right_child=11 4 -4 7 -6 6 13 8 -10 22 -12 12 15 -15 -16 -17 20 18 21 -21 24 -23 -24 -25 -26 -27 27 28 -30 -31
leaf_value=0.0011688821519692909 -0.00055778220270209507 0.00024551174727062484 0.0014042145274579523 -9.0023249286347087e-05 -0.0008431852065805286 0.001613377931906143 -0.00010456382805481553 0.00053138063180612079 -0.00019100735077741914 2.1069427982516435e-05 -0.00025587169532329738 0 0.00053880656977771261 0.00051135758144248806 0.00029604496778434537 -0.00027976878180301616 0 0.00063391585912053966 -0.00056305072326125259 0 -0.00045398138938471675 -3.2378030293929279e-05 -0.00039770131662822839 0 0.00016593793213001584 0.00076791222742190795 -0.0011043876200332303 0.00021206751490282603 -0.00047553537564280025 -0.0003394001754875776
leaf_weight=28 81 138 25 61 47 23 49 46 285 40 93 22 22 41 280 27 20 64 52 99 29 169 177 26 34 40 29 22 45 30
leaf_count=28 81 138 25 61 47 23 49 46 285 40 93 22 22 41 280 27 20 64 52 99 29 169 177 26 34 40 29 22 45 30
internal_value=2.65929e-07 5.69755e-05 0.000167164 0.000116764 -6.95497e-05 0 0.000482192 6.67964e-05 -8.02808e-05 -0.000126621 3.04922e-05 -8.92056e-05 -0.000299435 0.000145592 0.00021815 3.11805e-05 -1.64989e-05 -8.00661e-05 5.67166e-06 0.000265424 0.000211659 -0.00017273 -0.000307005 -0.000412742 -7.51815e-05 0.000558316 -0.000428504 -0.000501182 -0.000205839 -0.000777551
internal_weight=2144 1333 725 700 608 561 113 672 331 448 231 811 197 90 341 49 614 491 384 163 123 221 217 107 63 60 148 126 67 59
internal_count=2144 1333 725 700 608 561 113 672 331 448 231 811 197 90 341 49 614 491 384 163 123 221 217 107 63 60 148 126 67 59
is_linear=0
shrinkage=0.03


Tree=173
num_leaves=22
num_cat=0
split_feature=13 26 11 3 11 26 15 23 15 16 0 19 19 26 17 25 25 18 19 15 5
split_gain=0.0118995 0.0121267 0.0170801 0.0181201 0.0179231 0.0169376 0.0160408 0.0226853 0.0145982 0.0125459 0.0103803 0.0134756 0.0147118 0.0107016 0.0106051 0.00976914 0.00755545 0.00730116 0.00597358 0.0046753 0.00278006
threshold=1.1421728089172432 797.50000000000011 0.78963338206406242 -0.043406663755902644 1.0398508757161025 896.00000000000011 0.057534365942791106 1789.0000000000002 0.063228024253797852 42.547128838855173 -0.00052118753066944989 95.615001678466811 93.33499908447267 1061.0000000000002 -0.0059885893165266494 12.550000000000002 0.65000000000000002 0.50676655378171132 99.005001068115249 0.030796015318389953 -1.0000000180025095e-35
decision_type=2 2 2 2 2 2 2 2 2 2 2 2 2 2 2 2 2 2 2 2 2
left_child=1 2 -1 4 9 17 7 -5 -8 -4 13 12 -12 15 -15 -7 -13 -3 19 -19 -2
right_child=20 5 3 6 -6 10 8 -9 -10 -11 11 16 -14 14 -16 -17 -18 18 -20 -21 -22
leaf_value=0.00088935301941819487 -0.00077141176257282493 0.00016606744259063685 0.00020320325607463017 0.00062164754250552501 -9.3046037023528832e-05 0.00031745850721271959 -0.0010457591290545204 1.1555202363170446e-05 0 0.0012182052891791587 -0.00014186918086933847 -0.00063458105666527084 0.00030460154060948913 -0.00046128139725918488 6.8139880885824169e-05 -9.7141732956515614e-05 -0.00013463655394658656 -0.00047257782902955763 0 0 -0.00011573002109139402
leaf_weight=23 20 20 31 59 25 220 22 790 34 30 169 51 106 46 101 53 106 152 35 23 28
leaf_count=23 20 20 31 59 25 220 22 790 34 30 169 51 106 46 101 53 106 152 35 23 28
internal_value=2.89906e-07 1.24834e-05 8.81397e-05 6.56425e-05 0.000481008 -5.5664e-05 2.23727e-05 5.81636e-05 -0.000459112 0.000762369 2.64126e-06 -9.68354e-05 1.98355e-05 0.000112073 -7.92565e-05 0.000225959 -0.000319015 -0.000283711 -0.000341349 -0.000412598 -0.000460323
internal_weight=2144 2096 1014 991 86 1082 905 849 56 61 852 432 275 420 147 273 157 230 210 175 48
internal_count=2144 2096 1014 991 86 1082 905 849 56 61 852 432 275 420 147 273 157 230 210 175 48
is_linear=0
shrinkage=0.03


Tree=174
num_leaves=31
num_cat=0
split_feature=20 19 9 26 26 15 20 11 19 15 14 9 17 19 2 15 11 12 11 11 15 20 20 26 18 7 19 13 18 18
split_gain=0.0113196 0.0198631 0.0254932 0.0162986 0.0235728 0.0218055 0.0170578 0.0141876 0.0125256 0.01183 0.0100757 0.00993709 0.0097381 0.0104208 0.00917273 0.0090685 0.0157913 0.0188261 0.0147443 0.0142214 0.0110875 0.00808491 0.00789873 0.00718119 0.00691775 0.00542078 0.00503159 0.007193 0.00997446 0.00554626
threshold=2.3150000000000004 98.880001068115249 0.94863358751804494 945.00000000000011 727.50000000000011 0.019447745739955953 2.1450000000000005 1.2498709173383851 99.125000000000014 0.035315932737298057 0.059593682826753057 0.98087996706289926 0.00059425047148865004 97.915000915527358 -0.0026010337703713999 0.027674218757129453 0.95711159752095576 1.0017523211111177 1.0222288150494174 1.0461205836346903 0.021976605651893254 1.7350000000000001 0.82500000000000007 1654.5000000000002 1.050446710779924 0.029838755517266103 96.18500137329103 1.0073690074214967 1.2021482218351345 0.9449510379449011
decision_type=2 2 2 2 2 2 2 2 2 2 2 2 2 2 2 2 2 2 2 2 2 2 2 2 2 2 2 2 2 2
left_child=1 3 -3 4 6 -5 7 -1 -4 15 26 23 13 -6 -12 16 -2 18 -18 25 -19 -14 -10 -7 -21 -17 -11 29 -29 -28
right_child=9 2 8 5 12 11 -8 -9 22 10 14 -13 21 -15 -16 19 17 20 -20 24 -22 -23 -24 -25 -26 -27 27 28 -30 -31
leaf_value=6.774203029394818e-05 -0.00039893240369727007 0.0013318280603574668 0.00064912766235647728 0.00093299351344388465 0 0.00059874869524914132 0.00090980265876610897 -0.00054776563769472501 -0.00039249879011185839 0 0.00052386705641655005 -0.00012640904925700108 0 -0.00056641960870474576 -0.00026680898135029042 0 9.7693245323599137e-05 -5.7562044872146874e-05 0.00088471406887702907 -0.00044045378608179508 -0.00066720146657233792 -0.00061259606094681658 0.00020670553020403636 0 0.000158762418657508 0.00075382859848905346 -0.0011718627200820123 0 -0.00072285963583778104 -0.00031422290163554239
leaf_weight=636 107 22 35 36 161 42 20 34 31 33 22 76 31 34 27 20 135 187 28 28 34 89 50 36 34 39 25 42 22 28
leaf_count=636 107 22 35 36 161 42 20 34 31 33 22 76 31 34 27 20 135 187 28 28 34 89 50 36 34 39 25 42 22 28
internal_value=1.69253e-07 5.53087e-05 0.000395559 1.321e-05 -3.23878e-05 0.000269012 6.23527e-05 3.12666e-05 0.000182484 -8.67226e-05 -0.000288072 8.94227e-05 -0.000248949 -9.71622e-05 3.15658e-05 -1.5994e-05 -7.78769e-05 4.59552e-06 0.00025575 0.000209108 -0.000167449 -0.000467968 0 0.000336633 -6.69282e-05 0.00054546 -0.000411872 -0.000505427 -0.000216301 -0.000788535
internal_weight=2144 1333 138 1195 1005 190 690 670 116 811 199 154 315 195 49 612 491 384 163 121 221 120 81 78 62 59 150 117 64 53
internal_count=2144 1333 138 1195 1005 190 690 670 116 811 199 154 315 195 49 612 491 384 163 121 221 120 81 78 62 59 150 117 64 53
is_linear=0
shrinkage=0.03


Tree=175
num_leaves=28
num_cat=0
split_feature=11 7 26 18 11 11 24 3 11 7 22 18 15 2 26 14 22 4 17 22 10 16 24 3 17 21 22
split_gain=0.0109104 0.0125951 0.0152356 0.0184129 0.0216354 0.0155228 0.0211636 0.015216 0.0127472 0.0122789 0.0128696 0.0118221 0.0109898 0.010859 0.00969596 0.0150167 0.00949763 0.00969563 0.00954812 0.00733513 0.00675501 0.0157882 0.00546355 0.00503368 0.00800124 0.00444597 0.00397803
threshold=1.2849909822602499 0.036593513819180856 720.50000000000011 1.4600924026318352 1.0491156680903413 0.88767573226279062 17.250000000000004 -0.057161177167078546 1.0137450515131021 0.021396558641679803 255.26450000000003 1.1591888199931435 0.020078653660885553 -0.027130285676123748 987.50000000000011 0.021329207854405355 253.04550000000003 -0.00035877493924009994 0.0056234137485733507 237.48750000000004 1.0359275672183923 53.852167251982642 21.450000000000003 -0.0035775145922956994 -0.00038335516910219995 18.23499965667725 249.55300000000003
decision_type=2 2 2 2 2 2 2 2 2 2 2 2 2 2 2 2 2 2 2 2 2 2 2 2 2 2 2
left_child=1 9 3 5 -5 6 -3 -7 14 10 20 -2 -10 23 15 -4 18 -18 -15 -16 21 -1 -14 -11 -25 -6 -22
right_child=11 2 8 4 25 7 -8 -9 12 13 -12 -13 22 16 19 -17 17 -19 -20 -21 26 -23 -24 24 -26 -27 -28
leaf_value=-1.4329067955778943e-05 0 0 -0.00017705671160656494 -0.00083460800202919921 -6.3206088202687983e-05 0.00082541428645559146 0.0013779708858458503 0.00013759992236255257 0.00020431122824979514 -8.4303523834434226e-05 0.00073274921274019611 -0.00093632256381375627 -0.00053243372341666112 -0.00015217514376343998 0 0.00036216853434987018 -8.6359938593803473e-05 -0.00051949834631980114 0.00017894001962521277 -0.00046672315183152424 0 0.00059311898424973749 0 0.00056396469617770481 -3.4560312138637523e-05 0.00044156126456335189 -0.00059663567988068938
leaf_weight=167 26 22 59 31 21 33 25 421 25 30 26 22 86 361 84 145 108 120 92 40 21 46 25 43 21 24 20
leaf_count=167 26 22 59 31 21 33 25 421 25 30 26 22 86 361 84 145 108 120 92 40 21 46 25 43 21 24 20
internal_value=1.30007e-07 1.18654e-05 8.70409e-05 0.000190696 -0.000221545 0.000259525 0.000794796 0.000195893 -3.55395e-05 -5.94838e-05 0.00010485 -0.000440876 -0.000282592 -0.000122781 5.8326e-05 0.000191479 -0.000166743 -0.000328701 -7.80748e-05 -0.000136512 2.6191e-05 0.000104997 -0.000419886 0.000162534 0.00032391 0.000144533 -0.000304538
internal_weight=2144 2096 1041 577 76 501 47 454 464 1055 280 48 136 775 328 204 681 228 453 124 254 213 111 94 64 45 41
internal_count=2144 2096 1041 577 76 501 47 454 464 1055 280 48 136 775 328 204 681 228 453 124 254 213 111 94 64 45 41
is_linear=0
shrinkage=0.03


Tree=176
num_leaves=29
num_cat=0
split_feature=3 7 26 24 11 19 18 19 3 22 8 26 22 5 16 10 16 21 10 0 18 8 3 24 24 18 26 0
split_gain=0.0107172 0.0153496 0.0182142 0.024738 0.0265588 0.0167696 0.0187607 0.0166427 0.010651 0.0166338 0.0287253 0.0192266 0.0117855 0.0159975 0.0108924 0.0210587 0.0111345 0.0101651 0.00732224 0.00665841 0.00720222 0.00630256 0.00540487 0.00452431 0.00430275 0.00348317 0.00314239 0.00314298
threshold=0.041650517507036508 0.054239247102803007 931.50000000000011 16.850000000000005 0.90009046236600543 96.954998016357436 1.1733334488696279 95.155002593994155 0.0033635359098026008 264.27000000000004 0.9925009079963264 451.50000000000006 269.51850000000007 0.0062632401147317508 53.230076663823752 1.024432501339277 49.445303987032325 26.110000610351566 1.0268083828761039 -0.036511284378195695 0.38687971602204219 0.99358721549289053 0.077025139470716972 7.5500000000000007 24.850000000000005 1.2154748014049161 499.00000000000006 -0.0013277398290461998
decision_type=2 2 2 2 2 2 2 2 2 2 2 2 2 2 2 2 2 2 2 2 2 2 2 2 2 2 2 2
left_child=1 8 3 5 -5 7 -7 -3 12 14 -11 -12 19 -14 16 -16 -10 21 -6 -1 -21 -2 26 -19 25 -4 -23 -28
right_child=17 2 24 4 18 6 -8 -9 9 10 11 -13 13 -15 15 -17 -18 23 -20 20 -22 22 -24 -25 -26 -27 27 -29
leaf_value=-0.00049481575046675364 0.00038194830409650293 6.6604933829384521e-05 -0.00052548645650027977 0.0016966440709573882 0 0.00066119169349794418 -5.170254354820923e-05 -0.00069151851569083239 0 0.0014099445995366707 0.00086336976063570796 -0.0002194425838427957 0 -0.00098557135076262053 0.00071037059593671815 0 -0.00038527600566703763 -0.00087256469175086486 0.00065152658761228211 0.00037534501887192683 -5.6629640157045391e-05 0 0.00016247715379111467 -7.9832573453049089e-05 4.0419762925012025e-05 0 -0.00069193248834460968 -0.00013987808192281851
leaf_weight=30 20 90 36 20 33 75 46 33 237 21 20 43 24 29 50 160 87 27 38 34 811 20 24 21 23 20 24 48
leaf_count=30 20 90 36 20 33 75 46 33 237 21 20 43 24 29 50 160 87 27 38 34 811 20 24 21 23 20 24 48
internal_value=1.81341e-08 2.20032e-05 0.000184731 0.000285075 0.000711036 0.000111714 0.000367382 -0.000116537 -1.97253e-05 7.41289e-05 0.000464636 8.55514e-05 -8.54692e-05 -0.000522508 6.3397e-06 0.000179298 -9.67387e-05 -0.000216808 0.000372025 -5.50063e-05 -3.52792e-05 -5.782e-05 -0.0001619 -0.000595676 -0.000201523 -0.000352489 -0.000279615 -0.00037195
internal_weight=2144 1960 414 335 91 244 121 123 1546 618 84 63 928 53 534 210 324 184 71 875 845 136 116 48 79 56 92 72
internal_count=2144 1960 414 335 91 244 121 123 1546 618 84 63 928 53 534 210 324 184 71 875 845 136 116 48 79 56 92 72
is_linear=0
shrinkage=0.03


Tree=177
num_leaves=21
num_cat=0
split_feature=16 26 26 23 8 7 21 25 17 10 23 11 19 22 6 7 5 4 5 0
split_gain=0.0101924 0.012704 0.0224236 0.0221445 0.0125602 0.011981 0.0144084 0.0128 0.0125637 0.0186094 0.0157161 0.00992526 0.0106711 0.0143974 0.00816814 0.00541657 0.00455501 0.00322469 0.000869172 0.000292406
threshold=71.060851388195331 494.00000000000006 521.50000000000011 3522.0000000000005 1.0032631729433661 0.036151358895969758 14.97499990463257 1.0000000180025095e-35 0.0016777705169888503 1.0514937917463536 2824.0000000000005 0.76331897348191269 104.19499969482423 279.88200000000006 0.0029496930782218502 0.041613418262662051 -1.0000000180025095e-35 -0.0078577705137099982 0.0091082232541690022 -1.0000000180025095e-35
decision_type=2 2 2 2 2 2 2 2 2 2 2 2 2 2 2 2 2 2 2 2
left_child=1 3 4 5 -3 8 18 -8 10 -10 -1 -4 13 -13 15 -2 -16 -5 -7 -19
right_child=14 2 11 17 -6 6 7 -9 9 -11 -12 12 -14 -15 16 -17 -18 19 -20 -21
leaf_value=-0.00048358570145884232 -6.6423284268239506e-05 -0.00010264384460395141 0.0005601490250888414 0 -0.001176143255935091 5.8375773585534514e-05 0 0.00068794850337235397 0.00093857430123447049 -0.00010466534626903011 0.0003157692506792955 -2.4419671333286574e-05 -0.0005278293020807073 0.00032476691485018182 -0.00037749266243455084 -0.00087640358690340586 0.0001593151213133081 -0.00059545562905259435 -0.00016860511612147092 -0.00013319201912802072
leaf_weight=56 23 30 27 29 22 20 35 127 28 23 31 1388 34 114 21 26 37 23 24 26
leaf_count=56 23 30 27 29 22 20 35 127 28 23 31 1388 34 114 21 26 37 23 24 26
internal_value=6.12215e-08 1.6506e-05 -2.01695e-05 0.000163672 -0.000627043 0.00027154 0.000417558 0.000548612 3.05534e-05 0.000417436 -0.000164316 0 -9.78839e-06 2.8561e-07 -0.000282481 -0.000565141 0 -0.000271499 0 -0.000417742
internal_weight=2144 2037 1615 422 52 344 206 162 138 51 87 1563 1536 1502 107 49 58 78 44 49
internal_count=2144 2037 1615 422 52 344 206 162 138 51 87 1563 1536 1502 107 49 58 78 44 49
is_linear=0
shrinkage=0.03


Tree=178
num_leaves=30
num_cat=0
split_feature=13 20 23 14 9 23 26 26 17 20 26 24 23 26 20 20 22 22 23 14 14 23 26 24 23 21 5 23 24
split_gain=0.0100655 0.0103789 0.0182675 0.0235479 0.0324966 0.0290579 0.0198308 0.0284585 0.0169307 0.0125405 0.0199189 0.0152329 0.0136962 0.0123633 0.0123521 0.0113566 0.0218236 0.015094 0.0127956 0.0106958 0.00960456 0.00827351 0.00787808 0.0105303 0.0148329 0.00725449 0.00270641 0.00234668 0.00167994
threshold=1.1421728089172432 2.3150000000000004 2726.0000000000005 0.035737724866090607 1.0117983926608063 2481.0000000000005 418.50000000000006 439.50000000000006 -0.00038335516910219995 2.1850000000000005 707.00000000000011 25.250000000000004 3079.5000000000005 761.00000000000011 2.8650000000000007 2.5950000000000002 251.11600000000001 247.54450000000003 1648.0000000000002 0.018324860221407703 0.024075519179219153 2439.5000000000005 751.50000000000011 1.6500000000000001 2309.0000000000005 12.57499980926514 -1.0000000180025095e-35 1648.0000000000002 15.950000000000001
decision_type=2 2 2 2 2 2 2 2 2 2 2 2 2 2 2 2 2 2 2 2 2 2 2 2 2 2 2 2 2
left_child=1 2 3 6 8 -6 28 -8 -5 10 11 -4 -11 -14 15 17 19 21 -19 -17 -18 -3 -16 24 -24 -12 -2 -25 -1
right_child=26 14 9 4 5 -7 7 -9 -10 12 25 -13 13 -15 22 16 20 18 -20 -21 -22 -23 23 27 -26 -27 -28 -29 -30
leaf_value=-0.00014189731996572976 -0.00072405228537640403 4.7672285729170061e-05 -1.5175747302913025e-05 0.0016017647556014238 -0.00051457462557697332 0.00088969206709457055 0.0011790023058420047 8.833434722005685e-05 0.00038597857658751312 0.00070857723297712463 -0.00069994264499955729 0.00064146673568414852 0.00050475651451290893 -0.00017526791240778363 -0.00025268783864448776 0.00028906578487795687 -0.0010429010577119276 0 0.00072679015262595696 -0.00037997145242601012 -0.00033280832936455096 -0.00026280388850824824 0.00081607036389734424 -0.00025876423509584533 0 -0.00020486074426755014 -8.826178073650225e-05 7.436031260612336e-05 -0.00074068040234435886
leaf_weight=27 20 101 400 30 32 21 23 333 29 38 42 33 34 72 34 52 38 52 35 35 69 202 45 26 43 176 28 54 20
leaf_count=27 20 101 400 30 32 21 23 333 29 38 42 33 34 72 34 52 38 52 35 35 69 202 45 26 43 176 28 54 20
internal_value=0 1.11247e-05 6.40516e-05 0.00020368 0.000591383 0 8.73077e-05 0.000170307 0.00107057 -2.27727e-05 -8.226e-05 2.93189e-05 0.000224182 1.74946e-05 -7.32441e-05 -0.000145512 -0.000335016 -4.29567e-05 0.000291938 0 -0.00062009 -0.000149627 0.000120597 0.000214942 0.000440697 -0.000316703 -0.000423769 0 -0.000469321
internal_weight=2144 2096 1310 515 112 53 403 356 59 795 651 433 144 106 786 584 194 390 87 87 107 303 202 168 88 218 48 80 47
internal_count=2144 2096 1310 515 112 53 403 356 59 795 651 433 144 106 786 584 194 390 87 87 107 303 202 168 88 218 48 80 47
is_linear=0
shrinkage=0.03


Tree=179
num_leaves=26
num_cat=0
split_feature=3 7 11 20 3 15 26 15 3 22 10 6 22 5 19 25 19 19 24 18 0 18 3 17 9
split_gain=0.00994337 0.0142072 0.0167124 0.0202624 0.0187589 0.0201331 0.0110392 0.0112509 0.00994478 0.0150821 0.023634 0.0131617 0.0112687 0.0147403 0.00877769 0.0268089 0.00661742 0.0065921 0.0111217 0.00895186 0.00620863 0.00661114 0.00493898 0.00445624 0.00298563
threshold=0.041650517507036508 0.054239247102803007 0.78963338206406242 2.6250000000000004 -0.057161177167078546 0.055425230711861409 735.00000000000011 0.054702712891624407 0.0033635359098026008 264.27000000000004 1.0525409081274817 0.00076393219010945014 269.51850000000007 0.0062632401147317508 94.615001678466811 8.1500000000000004 100.53499984741212 94.155002593994155 8.6500000000000004 1.1407705346296262 -0.036511284378195695 0.38687971602204219 0.050159831803307263 0.0061311979448782509 1.0527066253887505
decision_type=2 2 2 2 2 2 2 2 2 2 2 2 2 2 2 2 2 2 2 2 2 2 2 2 2
left_child=1 8 -3 4 -4 -6 -5 -8 12 14 11 -11 20 -14 15 -10 -16 23 19 -19 -1 -22 -20 -2 -24
right_child=17 2 3 6 5 -7 7 -9 9 10 -12 -13 13 -15 16 -17 -18 18 22 -21 21 -23 24 -25 -26
leaf_value=-0.00047772847654508249 0.00038677179924738795 0.00094824447903782134 0.00096468403711915014 0.0001091777827306133 0.00023114480848618828 -0.00062297351310889313 -0.0010537151299358813 -2.7018409606950749e-05 -5.246485912251238e-05 0.00014654259776453608 -7.6858064547802014e-05 0.0013245201557542062 0 -0.00095422949127387262 -0.00012906937466254412 0.00066783908471750855 0.0003316183538492104 -0.00013488354829455456 -0.00044866503096584762 -0.0010230356185697018 0.0003593082712331255 -5.4253360350342655e-05 -5.4864913434721526e-05 -0.00014358472442327182 0.00033346648058907774
leaf_weight=30 22 24 29 26 260 25 23 27 136 22 35 27 24 29 306 65 27 30 20 29 34 811 29 29 25
leaf_count=30 22 24 29 26 260 25 23 27 136 22 35 27 24 29 306 65 27 30 20 29 34 811 29 29 25
internal_value=0 2.09529e-05 0.000177543 0.000120138 0.000231975 0.000143816 -0.000299972 -0.000569523 -1.91283e-05 7.14715e-05 0.000443414 0.000869141 -8.27044e-05 -0.00051009 6.63684e-06 0.000167771 -8.18532e-05 -0.000209092 -0.000322912 -0.000631208 -5.28396e-05 -3.36619e-05 -3.19705e-05 3.05425e-05 7.31669e-05
internal_weight=2144 1960 414 390 314 285 76 50 1546 618 84 49 928 53 534 201 333 184 133 59 875 845 74 51 54
internal_count=2144 1960 414 390 314 285 76 50 1546 618 84 49 928 53 534 201 333 184 133 59 875 845 74 51 54
is_linear=0
shrinkage=0.03


Tree=180
num_leaves=31
num_cat=0
split_feature=3 7 26 10 10 25 18 12 15 21 3 4 14 8 2 25 17 7 18 7 9 25 8 3 17 3 12 21 17 16
split_gain=0.0094514 0.0133716 0.0159914 0.0171668 0.0205051 0.0161134 0.0138402 0.019155 0.0100226 0.00953331 0.00938625 0.0123443 0.0159396 0.0129179 0.0111183 0.00998071 0.00898451 0.00869365 0.00762743 0.00743963 0.0098369 0.00972588 0.00572406 0.00498049 0.00368666 0.00258227 0.00220714 0.00194336 0.00173988 0.000864793
threshold=0.041650517507036508 0.054239247102803007 931.50000000000011 0.97379903865551487 1.0264075536045556 3.6500000000000008 1.2290603403905813 0.927446406462762 0.042269286136354105 26.110000610351566 0.0033635359098026008 0.013741677440446002 0.016657536979644554 0.97984335927819544 -0.0068855827975103992 2.1500000000000008 0.008792955853506302 0.037422448220555356 1.2746035312254465 0.021396558641679803 0.98434312826079606 6.8500000000000005 0.99358721549289053 0.077025139470716972 0.014750241622577102 -1.0000000180025095e-35 1.020875597070998 19.159999847412116 0.0046280570017367007 55.479116507570986
decision_type=2 2 2 2 2 2 2 2 2 2 2 2 2 2 2 2 2 2 2 2 2 2 2 2 2 2 2 2 2 2
left_child=1 10 3 6 8 -6 7 -3 -5 22 16 13 -13 15 -15 -12 19 -14 26 20 -1 -21 -2 24 28 27 -18 -4 -24 -11
right_child=9 2 25 4 5 -7 -8 -9 -10 29 11 12 17 14 -16 -17 18 -19 -20 21 -22 -23 23 -25 -26 -27 -28 -29 -30 -31
leaf_value=-0.00010057288627344737 0.00036901535645925577 1.9306617075457204e-05 0 0 0.00053611949734571989 -4.2555085174337189e-05 0 0.0010596205780049783 -0.00082582082787528634 -0.00022920991032798256 0 0.0011003352170810103 -3.1536530122442245e-05 -0.00029871288728751345 3.0044875524962617e-05 0.00085141076853660006 -0.00088600466970819984 0.00043085600871488387 0 -1.0825286149169857e-05 0.00034494444835775839 -0.00026045364781588298 -0.00026414828925460043 0.00015988360107410698 -0.00056938472261716579 0 -0.0002517517373304476 -0.00057365943790812579 0 -0.000815613472490045
leaf_weight=73 20 30 21 34 91 65 32 59 24 26 33 20 71 128 284 25 23 57 20 474 89 217 27 24 28 38 32 20 37 22
leaf_count=73 20 30 21 34 91 65 32 59 24 26 33 20 71 128 284 25 23 57 20 474 89 217 27 24 28 38 32 20 37 22
internal_value=0 2.032e-05 0.000172256 0.000266528 8.7206e-05 0.000277162 0.000555772 0.000746397 -0.000368899 -0.000203968 -1.85124e-05 6.94346e-05 0.000307557 0 -6.53055e-05 0.0004089 -8.03216e-05 0.000152861 -0.00039869 -4.83821e-05 0.000126396 -9.38163e-05 -4.95353e-05 -0.000149877 -0.000263793 -0.000188339 -0.000581641 -0.00035057 -7.72399e-05 -0.000570363
internal_weight=2144 1960 414 335 214 156 121 89 58 184 1546 618 148 470 412 58 928 128 75 853 162 691 136 116 92 79 55 41 64 48
internal_count=2144 1960 414 335 214 156 121 89 58 184 1546 618 148 470 412 58 928 128 75 853 162 691 136 116 92 79 55 41 64 48
is_linear=0
shrinkage=0.03


Tree=181
num_leaves=26
num_cat=0
split_feature=13 7 5 9 7 18 26 23 23 26 24 23 23 19 4 22 19 2 20 9 15 18 14 5 23
split_gain=0.00926054 0.0105316 0.0187504 0.0169175 0.0165586 0.0159185 0.0150305 0.0140364 0.0210143 0.0308481 0.0137038 0.0191574 0.0175535 0.0135332 0.0171998 0.0113785 0.0101531 0.00989769 0.00921938 0.00700763 0.00561255 0.00605861 0.00591246 0.00248775 0.00241489
threshold=1.1421728089172432 0.036593513819180856 -0.0022728738462003497 0.91849485384579876 0.03894195485133891 1.35331579378031 761.00000000000011 3108.0000000000005 2995.0000000000005 946.50000000000011 19.950000000000003 2100.5000000000005 2067.5000000000005 94.985000610351577 -0.023517859054276748 255.54900000000001 93.854999542236342 -0.027130285676123748 1.9150000000000003 1.0034116756378313 0.029204083816071254 0.77461051482284804 0.029684008274591653 -1.0000000180025095e-35 3531.0000000000005
decision_type=2 2 2 2 2 2 2 2 2 2 2 2 2 2 2 2 2 2 2 2 2 2 2 2 2
left_child=1 7 3 15 19 6 -5 8 10 -10 11 -1 -12 16 -15 -3 -6 24 -7 -4 21 -19 -22 -2 -9
right_child=23 2 4 5 13 18 -8 17 9 -11 12 -13 -14 14 -16 -17 -18 20 -20 -21 22 -23 -24 -25 -26
leaf_value=0.00019716005021528781 -0.00069563757641507044 7.5620287359924983e-05 1.8149167740964051e-05 0.00041068072710599398 -1.5528203673537665e-05 -0.00052701771674640817 0 0.00037654064015739348 0 0.0014165762770597052 -0.0008796728134432152 -0.00013062364297225374 0 -0.00058242266781624119 -6.4089322732834586e-05 0.001126695805649844 0.00045676662516780196 0 3.3090073765967696e-05 0.00076218967335298657 0.00032778212868446568 -0.00046821742256557064 -0.00027386462928322879 -8.0203570963256984e-05 0
leaf_weight=288 20 23 33 198 156 40 123 21 27 22 36 356 37 86 222 30 50 35 50 29 22 155 37 28 20
leaf_count=288 20 23 33 198 156 40 123 21 27 22 36 356 37 86 222 30 50 35 50 29 22 155 37 28 20
internal_value=0 1.0353e-05 7.92705e-05 0.000221814 -3.0542e-05 0.000146604 0.000249444 -5.46928e-05 8.93566e-06 0.000606474 -2.85098e-05 1.13901e-05 -0.000416441 -9.1467e-05 -0.000219944 0.000735971 8.62665e-05 -0.000232522 -0.000185936 0.000420361 -0.000307867 -0.000387952 0 -0.000406822 0.000150065
internal_weight=2144 2096 1040 464 576 411 321 1056 766 49 717 644 73 514 308 53 206 290 90 62 249 190 59 48 41
internal_count=2144 2096 1040 464 576 411 321 1056 766 49 717 644 73 514 308 53 206 290 90 62 249 190 59 48 41
is_linear=0
shrinkage=0.03


Tree=182
num_leaves=25
num_cat=0
split_feature=11 18 20 22 14 24 23 23 21 26 11 20 25 14 17 26 24 17 0 0 4 14 18 15
split_gain=0.0089997 0.0103885 0.00936882 0.0181841 0.0429319 0.018995 0.0184162 0.0426248 0.0265785 0.0241049 0.0219902 0.0118457 0.0120162 0.0108063 0.0137799 0.00980727 0.0302225 0.00765156 0.00691794 0.0155972 0.008758 0.0050578 0.00485741 0.00469879
threshold=1.2849909822602499 1.1591888199931435 2.3150000000000004 279.88200000000006 0.041074451136162905 23.950000000000003 3079.5000000000005 3023.0000000000005 27.185000419616703 761.00000000000011 0.96513121578537631 2.8650000000000007 7.5500000000000007 0.019836233390488102 -0.0059885893165266494 1021.5000000000001 5.2500000000000009 0.0057934078617988003 -0.0048394475135028489 1.0000000180025095e-35 0.00054327256362870005 0.012173317010268702 1.1407705346296262 0.044026904155555005
decision_type=2 2 2 2 2 2 2 2 2 2 2 2 2 2 2 2 2 2 2 2 2 2 2 2
left_child=2 -2 3 6 -5 -6 7 10 9 -8 -1 12 15 14 -14 17 -17 -4 20 -20 -13 -21 -15 -10
right_child=1 -3 11 4 5 -7 8 -9 23 -11 -12 18 13 22 -16 16 -18 -19 19 21 -22 -23 -24 -25
leaf_value=0.00029943184227687939 0 -0.00086556801508666699 -6.2412804102481077e-05 0.0015619440852315165 -0.00059925211648805996 0.00060709595287461644 0.00014273307038448199 0.0013386154310204659 -0.00021053417908842675 -0.00026611358749812296 -5.0581956524337929e-05 0 -0.00077116808453998105 -0.00033423868598765692 6.8635596586182822e-05 0.0004416953995042214 -0.00055583998514279311 0.00024917394613560014 -0.000608037607371807 -0.00014588522640935316 0.00066239310937145585 0.00030413756813964265 -0.0010673864744334984 -0.0011027392042227662
leaf_weight=263 26 22 200 23 23 22 304 25 20 222 388 32 21 41 66 34 96 103 29 21 38 75 25 25
leaf_count=263 26 22 200 23 23 22 304 25 20 222 388 32 21 41 66 34 96 103 29 21 38 75 25 25
internal_value=0 -0.000401074 1.01864e-05 6.02912e-05 0.000537215 0 3.14707e-05 0.00013911 -9.07381e-05 -2.43069e-05 8.64626e-05 -7.03101e-05 -0.000140111 -0.000371151 -0.000106444 -5.08941e-05 -0.000270665 3.41089e-05 0.000123789 0 0.000360548 0.000174278 -0.000668509 -0.000784618
internal_weight=2144 48 2096 1315 68 45 1247 676 571 526 651 781 586 153 87 433 130 303 195 125 70 96 66 45
internal_count=2144 48 2096 1315 68 45 1247 676 571 526 651 781 586 153 87 433 130 303 195 125 70 96 66 45
is_linear=0
shrinkage=0.03


Tree=183
num_leaves=16
num_cat=0
split_feature=11 19 22 14 25 6 26 26 26 26 19 0 24 17 14
split_gain=0.0090962 0.0118338 0.0124863 0.0198825 0.0293357 0.0246896 0.0108481 0.0168434 0.0113397 0.0243952 0.0172688 0.0104569 0.00988914 0.00622201 0.00522498
threshold=0.76331897348191269 103.27500152587892 279.88200000000006 0.041357109684642256 0.65000000000000002 -0.0078577705137099982 494.00000000000006 521.50000000000011 418.50000000000006 439.50000000000006 96.715000152587905 0.0085667125672000514 22.750000000000004 0.0021505989019919005 0.059593682826753057
decision_type=2 2 2 2 2 2 2 2 2 2 2 2 2 2 2
left_child=-1 2 6 4 -4 -5 8 13 10 -10 -2 -9 -7 -8 -3
right_child=1 14 3 5 -6 12 7 11 9 -11 -12 -13 -14 -15 -16
leaf_value=0.00053778548963600767 -0.00012125481987229586 -0.00074209857943683994 0.0014860675223503492 -0.00089551021807294867 0 0 -0.00084167704619043926 2.6763787783067615e-05 0.00088675489580813548 7.7275933375438823e-05 0.00053267481045013692 -0.00014223914718314193 0.00082503868912213614 -0.00011497587304192539 0
leaf_weight=27 227 27 24 20 28 20 32 925 46 155 42 495 20 33 23
leaf_count=27 227 27 24 20 28 20 32 925 46 155 42 495 20 33 23
internal_value=0 -6.46806e-06 3.23011e-06 0.000310976 0.000737254 -1.53138e-05 -1.30166e-05 -5.41399e-05 0.000110385 0.000280854 -6.44845e-06 -3.00967e-05 0.000362721 -0.000525523 -0.000458416
internal_weight=2144 2117 2067 112 52 60 1955 1485 470 201 269 1420 40 65 50
internal_count=2144 2117 2067 112 52 60 1955 1485 470 201 269 1420 40 65 50
is_linear=0
shrinkage=0.03


Tree=184
num_leaves=19
num_cat=0
split_feature=11 26 23 26 10 24 5 13 2 23 25 23 7 18 7 18 9 4
split_gain=0.00857697 0.00894975 0.0182445 0.0168141 0.0125079 0.0144202 0.0214487 0.0137412 0.0122398 0.0121873 0.00831079 0.00789377 0.00722551 0.0136475 0.010778 0.00692282 0.00479829 0.00373433
threshold=0.76331897348191269 494.00000000000006 3522.0000000000005 521.50000000000011 1.0525409081274817 17.150000000000002 0.0091082232541690022 1.0510387155754917 0.019638635400064604 2875.0000000000005 13.950000000000001 3079.5000000000005 0.086763749965200559 1.35331579378031 0.07301549877477731 0.91489350573431738 1.0053657872169415 -0.0078577705137099982
decision_type=2 2 2 2 2 2 2 2 2 2 2 2 2 2 2 2 2 2
left_child=-1 2 4 11 5 6 -2 -6 -9 -7 12 -3 14 -14 -5 -12 -17 -4
right_child=1 3 17 10 7 9 -8 8 -10 -11 15 -13 13 -15 -16 16 -18 -19
leaf_value=0.0005222281208012386 0.00066182536718075748 -0.00012770809974664676 0 -3.8589107474535918e-06 -0.00074317319598048929 -0.00069942609653142951 1.484617636266068e-05 0.00037225414653881811 -0.00024601772185811334 0.00024618594074854623 0 -0.00092078820602286475 0 -0.00078598166877636691 0.00036637295139386165 -0.00071878745344474738 0 -0.00044038105174583434
leaf_weight=27 131 38 29 1343 20 20 86 64 46 23 33 27 49 29 73 35 20 51
leaf_count=27 131 38 29 1343 20 20 86 64 46 23 33 27 49 29 73 35 20 51
internal_value=0 -6.26205e-06 0.000107352 -4.05497e-05 0.000196676 0.000317521 0.000420425 -2.26943e-05 8.679e-05 -0.000131352 -1.89913e-05 -0.000511556 -1.97803e-07 -0.000281278 1.33558e-05 -0.000300759 -0.000504995 -0.000288113
internal_weight=2144 2117 470 1647 390 260 217 130 110 43 1582 65 1494 78 1416 88 55 80
internal_count=2144 2117 470 1647 390 260 217 130 110 43 1582 65 1494 78 1416 88 55 80
is_linear=0
shrinkage=0.03


Tree=185
num_leaves=17
num_cat=0
split_feature=16 26 23 23 23 19 21 26 26 26 8 8 4 24 15 22
split_gain=0.00856829 0.0110892 0.0101704 0.0300522 0.0181444 0.0397433 0.0272847 0.0169169 0.0134592 0.0429463 0.0059217 0.00725638 0.00445206 0.00365135 0.00362414 0.00311346
threshold=71.060851388195331 254.50000000000003 2824.0000000000005 2935.0000000000005 3079.5000000000005 93.895000457763686 28.635000228881843 394.50000000000006 418.50000000000006 439.50000000000006 1.0584708253004991 1.043302779099933 0.018958044335007303 16.950000000000003 0.027100691307826053 239.27450000000002
decision_type=2 2 2 2 2 2 2 2 2 2 2 2 2 2 2 2
left_child=1 -1 7 12 5 -5 -6 -3 13 -10 11 14 15 -9 -2 -4
right_child=10 2 3 4 6 -7 -8 8 9 -11 -12 -13 -14 -15 -16 -17
leaf_value=0.00057813354443585977 -0.00045303581742045935 0.00071027064621254489 -0.00027182695628700615 0.001276909716054797 -2.9548901144536151e-05 0 -0.0010886070451714381 -9.4144849445332174e-05 0.0011518396177561951 2.9812389179011756e-05 -0.00068985941759936386 0.00033181524083816577 -0.00010092005261685699 -0.00076357255586689073 0 -0.0010319780885132358
leaf_weight=30 39 35 22 29 683 67 22 32 31 1010 24 20 23 20 24 33
leaf_count=30 39 35 22 29 683 67 22 32 31 1010 24 20 23 20 24 33
internal_value=0 1.42532e-05 4.04671e-06 -7.0797e-05 -1.18952e-05 0.000368139 -6.83419e-05 6.50373e-05 4.10031e-05 6.71777e-05 -0.00025994 -9.3179e-05 -0.000629891 -0.00041777 -0.000278049 -0.000791773
internal_weight=2144 2037 2007 879 801 96 705 1128 1093 1041 107 83 78 52 63 55
internal_count=2144 2037 2007 879 801 96 705 1128 1093 1041 107 83 78 52 63 55
is_linear=0
shrinkage=0.03


Tree=186
num_leaves=31
num_cat=0
split_feature=9 21 14 14 17 17 24 22 19 23 19 26 19 10 26 22 7 18 7 19 17 22 22 24 3 8 2 9 7 2
split_gain=0.0084395 0.0259592 0.030782 0.0374739 0.00943525 0.0142267 0.0145812 0.0109322 0.00997651 0.0220868 0.0174861 0.0232611 0.015356 0.0218675 0.0170798 0.0151616 0.0138867 0.0136681 0.0149177 0.0104749 0.00835478 0.0117737 0.00800896 0.00755684 0.00475628 0.00412296 0.00376975 0.00306227 0.00216973 0.00215333
threshold=0.94258213744689423 31.775000572204593 0.060133575438217908 0.052183280032157754 -0.0070967112451285489 -0.011772248247484449 0.75000000000000011 256.73600000000005 94.665000915527358 3567.5000000000005 96.485000610351577 1051.5000000000002 92.990001678466811 1.024432501339277 455.50000000000006 251.11600000000001 0.071638031624019063 0.78732683267283032 0.036959659700953461 102.20999908447267 -0.011031107084410248 252.68050000000002 243.94800000000001 3.5500000000000003 -0.013585005705996548 0.9849704400448146 0.0065615445454154011 0.93429517710045451 0.045069865758387957 -0.013585005705996548
decision_type=2 2 2 2 2 2 2 2 2 2 2 2 2 2 2 2 2 2 2 2 2 2 2 2 2 2 2 2 2 2
left_child=1 2 3 20 5 6 -2 22 9 12 11 16 14 -14 -6 -13 -10 18 -12 -19 21 -1 26 -9 -11 -8 -7 -22 -27 -26
right_child=4 -3 -4 -5 8 7 25 23 10 24 17 15 13 -15 -16 -17 -18 19 -20 -21 27 -23 -24 -25 29 28 -28 -29 -30 -31
leaf_value=0.00017634743023543331 0.00076732475476720457 0.0011160502601414918 0.0010565103629851364 -0.0011915454869158566 0.00038810546690267074 -0.00052076937864615547 -0.00039989209225233126 -0.0012227232588285749 -0.00044167992818505279 0 0 0.0008686355597784986 0.0006703236553788082 2.2289955590870044e-05 -6.1454264329192796e-05 -2.2762077351849847e-05 0.00024907652416732157 0 0.00062660611551434075 -0.00054158020376759975 0.00068853905335392637 -0.00049506186641047937 0.00011886630730612861 -0.00029054207270118326 -3.3824409445514894e-05 0.00024167422231818948 0 2.2408162938518207e-05 -0.00010601551131072357 -0.00056873896830164053
leaf_weight=57 21 23 23 23 99 45 26 21 236 26 93 22 108 100 293 45 23 461 64 34 22 36 42 32 23 27 20 23 28 48
leaf_count=57 21 23 23 23 99 45 26 21 236 26 93 22 108 100 293 45 23 461 64 34 22 36 42 32 23 27 20 23 28 48
internal_value=0 0.000181872 4.34822e-05 -8.83459e-05 -1.92135e-05 -0.00018663 6.57911e-05 -0.00036559 5.27915e-06 9.3544e-05 -5.45923e-05 -0.000234767 0.000164825 0.00037472 4.51476e-05 0.000234288 -0.000368078 3.11223e-05 0.000276682 -4.11147e-05 8.11875e-05 -5.41398e-05 -0.000151595 -0.000731256 -0.000313937 -8.66422e-05 -0.000370962 0.000421178 1.23648e-05 -0.00044
internal_weight=2144 207 184 161 1937 262 102 160 1675 697 978 326 600 208 392 67 259 652 157 495 138 93 107 53 97 81 65 45 55 71
internal_count=2144 207 184 161 1937 262 102 160 1675 697 978 326 600 208 392 67 259 652 157 495 138 93 107 53 97 81 65 45 55 71
is_linear=0
shrinkage=0.03


Tree=187
num_leaves=28
num_cat=0
split_feature=3 7 11 20 3 5 26 15 23 23 9 10 22 15 21 23 18 21 19 18 8 3 24 20 24 26 9
split_gain=0.00827629 0.0118824 0.0145642 0.0169442 0.0172674 0.0188788 0.010016 0.0101998 0.00990756 0.0171579 0.0499203 0.0142858 0.0264159 0.0130313 0.0176703 0.00982808 0.00939255 0.00892811 0.00708549 0.00611568 0.00499022 0.00452434 0.00369182 0.00315251 0.00295661 0.00252125 0.00257462
threshold=0.041650517507036508 0.054239247102803007 0.78963338206406242 2.6250000000000004 -0.057161177167078546 0.024883701184390504 735.00000000000011 0.054702712891624407 3108.0000000000005 3023.0000000000005 1.0143574608935546 1.0525409081274817 265.78750000000008 0.027100691307826053 25.60000038146973 3518.5000000000005 1.1313513828551027 26.110000610351566 91.710002899169936 1.2090335512672203 0.99358721549289053 0.077025139470716972 7.5500000000000007 2.1750000000000003 6.1500000000000012 499.00000000000006 1.0700721291236011
decision_type=2 2 2 2 2 2 2 2 2 2 2 2 2 2 2 2 2 2 2 2 2 2 2 2 2 2 2
left_child=1 8 -3 4 -4 -6 -5 -8 9 11 23 12 -1 15 19 18 -13 20 -10 -15 -2 25 -19 -11 -17 -22 -27
right_child=17 2 3 6 5 -7 7 -9 13 10 -12 16 -14 14 -16 24 -18 22 -20 -21 21 -23 -24 -25 -26 26 -28
leaf_value=-2.1733181541337512e-06 0.0003478397290621485 0.0008817187792807817 0.00091247491489630187 0.00011150569655647915 0.00027186138924541105 -0.00027916587479937243 -0.00099348158980137684 -1.2942099831499418e-05 0 -0.00033128357282839711 0.0016692615545100785 -0.00048354105782969517 0.00059034261149864588 0.00017781822166649535 -0.00073794981680810456 9.9628757854984337e-05 0 -0.000797639005173031 -0.00057698890247672157 -0.00022820066798345318 0 0.00015668394867796452 -6.3405577855353987e-05 0.00013972511243723007 -0.00021141890998114832 -0.00049348562455270436 -9.6711376736493492e-06
leaf_weight=807 20 24 29 26 215 70 23 27 22 21 21 83 72 188 24 45 51 27 105 34 20 24 21 22 51 41 31
leaf_count=807 20 24 29 26 215 70 23 27 22 21 21 83 72 188 24 45 51 27 105 34 20 24 21 22 51 41 31
internal_value=0 1.84481e-05 0.000161743 0.000107622 0.000210399 0.000125529 -0.000275263 -0.00053345 -1.80649e-05 2.98019e-05 0.000502295 0 4.3567e-05 -0.000134198 4.74443e-06 -0.0003002 -0.000287865 -0.000191456 -0.000475265 0.000101438 -4.15371e-05 -0.000136711 -0.000545486 -2.44218e-05 -3.51635e-05 -0.000246369 -0.000329259
internal_weight=2144 1960 414 390 314 285 76 50 1546 1077 64 1013 879 469 246 223 134 184 127 222 136 116 48 43 96 92 72
internal_count=2144 1960 414 390 314 285 76 50 1546 1077 64 1013 879 469 246 223 134 184 127 222 136 116 48 43 96 92 72
is_linear=0
shrinkage=0.03


Tree=188
num_leaves=19
num_cat=0
split_feature=11 18 0 22 17 10 13 22 9 2 24 16 16 8 8 25 9 17
split_gain=0.00784913 0.00965789 0.00899571 0.0234916 0.0194111 0.00861544 0.0122173 0.0160701 0.0116752 0.0157327 0.0213247 0.0095935 0.00955188 0.0092052 0.00833069 0.00723962 0.00375369 0.00231387
threshold=1.2742350536664624 1.1591888199931435 0.050159831803307263 258.21400000000006 0.0080815096849846512 1.0539746389034896 1.0510387155754917 253.04550000000003 1.0391652445782869 0.016831866713875553 8.5500000000000025 64.34403992345095 62.187348561042434 1.0032631729433661 1.0007386562103189 2.4500000000000006 1.054637499325155 0.0068823643800095509
decision_type=2 2 2 2 2 2 2 2 2 2 2 2 2 2 2 2 2 2
left_child=2 -2 5 16 -5 8 7 -7 11 17 -11 14 15 -14 -1 -8 -4 -10
right_child=1 -3 3 4 -6 6 12 -9 9 10 -12 -13 13 -15 -16 -17 -18 -19
leaf_value=4.5571727556037628e-05 0 -0.00078887565845623612 8.1105003216033495e-05 0.00012475468179789083 0.0014807664799736811 0 0.00046637517210820078 -0.0010156830926125327 -0.00027429236877443534 0.0013649073521519312 0 0.00061177173378350943 0.00033972549205645919 -0.00025068611776911311 -9.8608113269285541e-05 -9.3765826257367722e-05 -0.00034458360561293375 0.00015113546382847495
leaf_weight=990 32 24 30 28 20 36 47 30 20 23 20 22 23 164 562 23 29 21
leaf_count=990 32 24 30 28 20 36 47 30 20 23 20 22 23 164 562 23 29 21
internal_value=0 -0.000347068 9.7405e-06 0.000276766 0.000769673 -3.30113e-06 -0.000146088 -0.000511318 2.27786e-05 0.000365573 0.000761564 2.35934e-06 -3.90472e-05 -0.00016069 -4.73586e-06 0.000241347 -8.03876e-05 0
internal_weight=2144 56 2088 107 48 1981 323 66 1658 84 43 1574 257 187 1552 70 59 41
internal_count=2144 56 2088 107 48 1981 323 66 1658 84 43 1574 257 187 1552 70 59 41
is_linear=0
shrinkage=0.03


Tree=189
num_leaves=31
num_cat=0
split_feature=9 21 15 21 17 17 24 22 19 16 22 18 26 19 26 19 19 19 26 19 22 0 17 11 8 2 7 24 3 6
split_gain=0.00764996 0.0243936 0.0186732 0.0262014 0.00916777 0.0133929 0.0136914 0.0103798 0.00913016 0.0193621 0.0163643 0.0161751 0.0145457 0.0142097 0.0133921 0.0218747 0.0113375 0.00956492 0.0195219 0.0100757 0.00762729 0.00729971 0.00725184 0.00950881 0.00392917 0.00353194 0.00204745 0.00164342 0.00126613 5.76761e-05
threshold=0.94258213744689423 31.775000572204593 0.055981955860879153 24.345000267028812 -0.0070967112451285489 -0.011772248247484449 0.75000000000000011 256.73600000000005 94.665000915527358 61.656848022333371 265.78750000000008 0.77889790832084393 595.00000000000011 96.485000610351577 513.00000000000011 90.799999237060561 92.93500137329103 96.485000610351577 1058.0000000000002 102.20999908447267 243.94800000000001 0.014541390478947702 -0.010794996290290898 0.94273240653125912 0.9849704400448146 0.0065615445454154011 0.045069865758387957 3.1500000000000008 -0.020525545169279697 -0.0078577705137099982
decision_type=2 2 2 2 2 2 2 2 2 2 2 2 2 2 2 2 2 2 2 2 2 2 2 2 2 2 2 2 2 2
left_child=1 2 3 22 5 6 -2 20 9 10 16 12 -10 -14 15 -11 -6 18 -13 -19 25 -9 23 -1 -8 -7 -26 -16 -24 -22
right_child=4 -3 -4 -5 8 7 24 21 11 14 -12 17 13 -15 27 -17 -18 19 -20 -21 29 -23 28 -25 26 -27 -28 -29 -30 -31
leaf_value=0.00018827039235787068 0.00074147500300949273 0.0010785753256350292 0.00082902761202421969 -0.00077398943401420033 0 -0.0005069162199911459 -0.00039151146604369087 -0.0010874935052623705 0.00071249828535349625 0.00088694205055279388 0.0007868328348820796 -0.00036245371993554493 -0.00041208623403271789 0.00020755389552092556 -0.00082734443407505751 -0.00016668144619018819 0.00030810787094819687 0 0.00041321023679338396 -0.00052465133964017569 0.00016830863414692097 -0.00018844503557516467 0.00067217931497309889 -0.00047611211131102046 0.00023380429913855288 0 -0.00010452612876843917 -0.00021919484548912991 8.8463285287497954e-05 0
leaf_weight=55 21 23 23 36 281 45 26 27 37 20 39 236 42 133 24 113 192 467 29 34 21 26 20 28 27 20 28 28 22 21
leaf_count=55 21 23 23 36 281 45 26 27 37 20 39 236 42 133 24 113 192 467 29 34 21 26 20 28 27 20 28 28 22 21
internal_value=0 0.000173227 3.86236e-05 -6.01932e-05 -1.82206e-05 -0.000183294 6.07466e-05 -0.000356915 5.90384e-06 9.03841e-05 0.000188117 -5.12699e-05 0.000174495 4.02984e-05 -0.000163528 0 0.000130867 -0.000117811 -0.000265057 -3.35766e-05 -0.000147458 -0.000713664 0.000126082 -3.14416e-06 -8.60433e-05 -0.000361847 9.20112e-06 -0.000566797 0.000445359 0.000115265
internal_weight=2144 207 184 161 1937 262 102 160 1675 697 512 978 212 175 185 133 473 766 265 501 107 53 125 83 81 65 55 52 42 42
internal_count=2144 207 184 161 1937 262 102 160 1675 697 512 978 212 175 185 133 473 766 265 501 107 53 125 83 81 65 55 52 42 42
is_linear=0
shrinkage=0.03


Tree=190
num_leaves=31
num_cat=0
split_feature=3 7 7 11 18 26 23 24 23 23 9 14 21 24 14 9 14 16 21 20 25 23 26 26 8 3 24 17 20 25
split_gain=0.00752054 0.0108903 0.0140135 0.0194828 0.013771 0.0123798 0.0160074 0.0122464 0.00926448 0.0160294 0.0467848 0.0104779 0.0145355 0.00923073 0.0109112 0.00896671 0.0194859 0.0134 0.00843961 0.00790245 0.00740582 0.00566672 0.00930169 0.00490099 0.00458978 0.00416852 0.0033985 0.0031514 0.00297497 0.00284874
threshold=0.041650517507036508 0.054239247102803007 0.063186564569008022 0.86670034847935795 1.0925266508049767 946.50000000000011 2875.0000000000005 18.550000000000004 3108.0000000000005 3023.0000000000005 1.0143574608935546 0.023781099700474054 25.60000038146973 21.750000000000004 0.055391069456348759 1.0059765490941119 0.013503050262206452 50.768157957278625 26.110000610351566 1.7050000000000003 11.950000000000001 3518.5000000000005 494.00000000000006 946.50000000000011 0.99358721549289053 0.077025139470716972 7.5500000000000007 0.014750241622577102 2.1750000000000003 1.9500000000000002
decision_type=2 2 2 2 2 2 2 2 2 2 2 2 2 2 2 2 2 2 2 2 2 2 2 2 2 2 2 2 2 2
left_child=1 8 5 4 -4 6 19 -8 9 15 28 21 20 14 -5 17 -17 -1 24 -3 -13 22 -10 -15 -2 27 -20 -26 -11 -23
right_child=18 2 3 13 -6 -7 7 -9 11 10 -12 12 -14 23 -16 16 -18 -19 26 -21 -22 29 -24 -25 25 -27 -28 -29 -30 -31
leaf_value=8.1317466964267619e-06 0.00033668135206348126 0.0014546179812909526 0.0011199560942857162 -0.00030984145172928667 0 -0.00014600273906464941 -0.0001678313494743114 0.00068786054375864888 8.1651576025330433e-06 -0.00032181259659542279 0.0016155536479755853 0 -0.00071085181739181274 0.00050392425984835192 0.00020712024139772568 0.00039426594818206995 -0.00019081936659328042 0.00041103272357761116 -0.00076898745037241108 0.00046011874700129473 0.00051259042915550925 -0.00029651448327387052 -0.00055557224588384004 0 -5.9054419589049819e-05 0.00015104957715491763 -5.7049076813696451e-05 -0.00051596659592529443 0.000135207546930874 3.5839067577259035e-05
leaf_weight=500 20 21 22 146 22 21 34 22 22 21 21 217 23 30 41 56 367 90 27 33 28 30 98 22 64 24 21 28 22 51
leaf_count=500 20 21 22 146 22 21 34 22 22 21 21 217 23 30 41 56 367 90 27 33 28 30 98 22 64 24 21 28 22 51
internal_value=0 1.77006e-05 0.000154912 2.43248e-05 0.000604704 0.000411972 0.000545877 0.000121872 -1.71801e-05 2.90368e-05 0.000485724 -0.000129531 0 -7.20976e-05 -0.000180041 0 -0.000105539 7.52589e-05 -0.000182388 0.00092083 6.22897e-05 -0.000292783 -0.000428214 0.000255551 -3.6168e-05 -0.000128422 -0.00052626 -0.000234425 -2.20478e-05 -5.27844e-05
internal_weight=2144 1960 414 283 44 131 110 56 1546 1077 64 469 268 239 187 1013 423 590 184 54 245 201 120 52 136 116 48 92 43 81
internal_count=2144 1960 414 283 44 131 110 56 1546 1077 64 469 268 239 187 1013 423 590 184 54 245 201 120 52 136 116 48 92 43 81
is_linear=0
shrinkage=0.03


Tree=191
num_leaves=31
num_cat=0
split_feature=20 19 9 21 26 25 19 26 20 23 26 15 15 11 12 23 11 16 17 19 16 13 19 21 21 9 26 7 19 12
split_gain=0.00727099 0.0150983 0.0206723 0.0142598 0.0140335 0.0193668 0.0246556 0.0157122 0.0142804 0.0138236 0.0109405 0.00966545 0.00817242 0.0136243 0.0163675 0.0137027 0.0119513 0.00954198 0.008139 0.00951809 0.00734307 0.0102392 0.00707364 0.00698631 0.00659445 0.00617858 0.00470943 0.00396453 0.00353704 0.00326122
threshold=2.3150000000000004 98.880001068115249 0.94863358751804494 37.674999237060554 945.00000000000011 6.7500000000000009 93.895000457763686 727.50000000000011 2.1450000000000005 3847.0000000000005 790.50000000000011 0.035315932737298057 0.027674218757129453 0.95711159752095576 1.0017523211111177 2050.0000000000005 1.0461205836346903 53.230076663823752 0.00059425047148865004 97.915000915527358 35.580193607769594 1.0073690074214967 99.694999694824233 12.614999771118166 15.710000038146974 0.97950064268093451 1654.5000000000002 0.029838755517266103 96.68500137329103 0.9858211270275179
decision_type=2 2 2 2 2 2 2 2 2 2 2 2 2 2 2 2 2 2 2 2 2 2 2 2 2 2 2 2 2 2
left_child=1 4 -3 10 7 25 -7 8 9 -1 22 12 13 24 15 -15 27 -16 19 -9 -13 28 -4 -20 -2 26 -6 -14 -22 -8
right_child=11 2 3 -5 5 6 29 18 -10 -11 -12 20 16 14 17 -17 -18 -19 23 -21 21 -23 -24 -25 -26 -27 -28 -29 -30 -31
leaf_value=5.8132939065079676e-05 -0.00049671566010493263 0.0011832181452571049 0.00082070699344890619 -0.00047558636902629033 0.00054945480499416595 0.001501340874259106 0.00045711942932601753 6.7352713729767972e-06 0.00081410718907968008 -0.00042850731068143718 -4.2586258031819431e-05 0.00012349063154823818 0 0.00058459772015832215 -0.00050320666222745231 0 -4.0016575300666898e-05 -1.9418558735153911e-05 -0.00079174571248664949 -0.00052351366616785523 -0.00012989407903902852 -7.5199757080202196e-05 1.6330531944986426e-05 -0.00020637985042447005 0 -0.00018905342820826698 0 0.0006985199178569019 -0.0007484966189108995 0
leaf_weight=614 81 22 38 22 24 21 20 161 20 56 32 28 20 64 52 99 62 169 36 34 26 92 24 84 26 62 37 39 53 26
leaf_count=614 81 22 38 22 24 21 20 161 20 56 32 28 20 64 52 99 62 169 36 34 26 92 24 84 26 62 37 39 53 26
internal_value=0 4.37382e-05 0.000340187 0.000145915 6.73978e-06 0.000244536 0.000651374 -3.54331e-05 4.11333e-05 1.24096e-05 0.000326426 -7.01152e-05 -5.86494e-06 -6.50584e-05 1.11309e-05 0.000245467 0.000208308 -0.000148519 -0.000212243 -7.26116e-05 -0.000251692 -0.000330928 0.000562156 -0.000411875 -0.000363835 0 0.000231023 0.000515576 -0.000586574 0.000175828
internal_weight=2144 1333 138 116 1195 190 67 1005 690 670 94 811 612 491 384 163 121 221 315 195 199 171 62 120 107 123 61 59 79 46
internal_count=2144 1333 138 116 1195 190 67 1005 690 670 94 811 612 491 384 163 121 221 315 195 199 171 62 120 107 123 61 59 79 46
is_linear=0
shrinkage=0.03


Tree=192
num_leaves=30
num_cat=0
split_feature=3 19 20 14 23 23 23 26 26 10 21 22 6 26 18 24 21 24 21 8 3 6 16 24 17 17 6 6 15
split_gain=0.00711552 0.0100194 0.0171478 0.0260026 0.0142103 0.00932843 0.00926778 0.0101658 0.0144099 0.0148458 0.0132975 0.00932281 0.0316557 0.0100151 0.0085008 0.00834513 0.00793791 0.0072849 0.00513356 0.00432992 0.00395515 0.00391855 0.00385185 0.00307867 0.00294579 0.0014293 0.000909961 0.000334058 0.000199619
threshold=0.041650517507036508 98.625000000000014 2.2550000000000003 0.035737724866090607 2395.5000000000005 3929.0000000000005 3878.5000000000005 455.50000000000006 418.50000000000006 1.0539746389034896 20.460000038146976 279.88200000000006 -0.0084486709991841488 896.00000000000011 0.9553594516517192 12.350000000000003 26.110000610351566 8.1500000000000004 26.325000762939457 0.99358721549289053 0.077025139470716972 -0.00035877493924009994 44.307300542438661 7.5500000000000007 0.014750241622577102 0.0046280570017367007 -0.00073655098723384999 0.0087781149196992005 0.027674218757129453
decision_type=2 2 2 2 2 2 2 2 2 2 2 2 2 2 2 2 2 2 2 2 2 2 2 2 2 2 2 2 2
left_child=1 6 3 15 17 22 7 8 10 -10 -1 13 -13 -9 -5 21 19 18 -4 -2 24 -3 -6 -18 25 -21 -8 -19 -17
right_child=16 2 4 14 5 -7 26 11 9 -11 -12 12 -14 -15 -16 28 23 27 -20 20 -22 -23 -24 -25 -26 -27 -28 -29 -30
leaf_value=-0.00047759772677856839 0.00032651226615001044 -0.00047831327304415284 -0.00023340162613021676 0.0014567649706453084 -8.5423356348182989e-05 8.5227297939127297e-05 -0.00013857114496415541 -0.00016293040979149003 0.00078038085588481658 0 0.00014707648412577861 -0.00040292798476992178 0.00095284892945988629 9.1744474420751536e-06 0.00032835432067180849 0.00056776933584894455 -0.00074382692752780191 0.00070008616120827833 0.00028386160591617227 -0.00023122185410466044 0.00014560380786540915 0 -0.00077931926474411736 -5.472583105702968e-05 -0.00050147158591124907 0 -0.00064535765988486154 0.00014544608350843189 0.00010068689950276165
leaf_weight=37 20 20 35 24 24 23 30 461 55 28 152 24 33 806 20 20 27 22 32 27 24 20 31 21 28 37 20 20 23
leaf_count=37 20 20 35 24 24 23 30 461 55 28 152 24 33 806 20 20 27 22 32 27 24 20 31 21 28 37 20 20 23
internal_value=0 1.74453e-05 0.000173045 0.000440752 0 -0.000316814 -1.05033e-05 3.43938e-07 0.000168849 0.000496925 7.12626e-06 -3.21105e-05 0.000333167 -5.11594e-05 0.00102921 8.45436e-05 -0.000177172 0.000210194 0 -3.46406e-05 -0.000124808 -0.000176536 -0.000537032 -0.000510839 -0.000228415 -5.69221e-05 -0.000408789 0.000515264 0.000394083
internal_weight=2144 1960 314 127 187 78 1646 1596 272 83 189 1324 57 1267 44 83 184 109 67 136 116 40 55 48 92 64 50 42 43
internal_count=2144 1960 314 127 187 78 1646 1596 272 83 189 1324 57 1267 44 83 184 109 67 136 116 40 55 48 92 64 50 42 43
is_linear=0
shrinkage=0.03


Tree=193
num_leaves=15
num_cat=0
split_feature=11 19 22 16 23 24 23 23 19 21 23 15 21 8
split_gain=0.00707276 0.00960125 0.0108558 0.0121306 0.0188398 0.0122057 0.0092324 0.0327825 0.0345855 0.0223085 0.0180822 0.0142561 0.00619919 0.00326468
threshold=0.76331897348191269 103.27500152587892 279.88200000000006 47.950154846433655 1773.0000000000002 22.750000000000004 3079.5000000000005 2995.0000000000005 94.594997406005874 29.32499980926514 2824.0000000000005 0.027100691307826053 25.60000038146973 1.0067532199053562
decision_type=2 2 2 2 2 2 2 2 2 2 2 2 2 2
left_child=-1 2 6 -4 12 -6 7 10 -9 11 -2 -8 -5 -3
right_child=1 13 3 4 5 -7 9 8 -10 -11 -12 -13 -14 -15
leaf_value=0.0004743898522075532 4.5718572226401027e-05 -0.00069385393621632834 0.00092377003851225195 7.4490101387103384e-05 -0.00079326892516110091 0.00010500920151493378 -0.00023225394264237754 0.001519255916119113 0 -0.0010466146199455992 -0.00031686206627017913 3.6947488402408967e-05 0.00092531740072908256 -4.9795245604140541e-05
leaf_weight=27 1012 23 22 26 23 20 279 26 34 21 140 443 21 27
leaf_count=27 1012 23 22 26 23 20 279 26 34 21 140 443 21 27
internal_value=0 -5.50569e-06 3.08786e-06 0.000290103 9.37907e-05 -0.000314392 -1.19611e-05 3.73091e-05 0.000715092 -9.63064e-05 0 -6.31071e-05 0.000528504 -0.000412682
internal_weight=2144 2117 2067 112 90 43 1955 1212 60 743 1152 722 47 50
internal_count=2144 2117 2067 112 90 43 1955 1212 60 743 1152 722 47 50
is_linear=0
shrinkage=0.03


Tree=194
num_leaves=20
num_cat=0
split_feature=15 14 16 9 23 5 11 22 25 19 2 19 16 15 19 2 17 17 14
split_gain=0.0070949 0.0192967 0.00805215 0.0108111 0.0154127 0.01191 0.021115 0.0162107 0.00968924 0.0131079 0.0112516 0.00781038 0.00726925 0.00767112 0.00694338 0.00588865 0.00491733 0.00454579 0.00348284
threshold=0.011898742528625052 0.012611553849685701 65.890640665676301 1.0615136655503661 2481.0000000000005 -0.0026295735960389995 0.81593792412778632 269.51850000000007 4.3500000000000005 97.33499908447267 0.020444087573708403 92.755001068115249 54.010378175055088 0.014073699040547201 93.854999542236342 0.029755480051998556 0.0020570454133548004 0.0076053107803940511 0.029566654143497757
decision_type=2 2 2 2 2 2 2 2 2 2 2 2 2 2 2 2 2 2 2
left_child=16 12 3 5 15 6 -3 -7 9 -4 11 -10 13 -2 -6 -5 -1 -12 -11
right_child=1 2 8 4 14 7 -8 -9 10 18 17 -13 -14 -15 -16 -17 -18 -19 -20
leaf_value=-0.00068025566920455868 -0.00010819342336111255 0.00066557337165935534 -0.00079230074647454192 0.00012552547910970382 4.5261432769997362e-05 -3.0462780082211711e-05 3.2292560947985607e-05 -0.00042642761619308733 0.00067046419244259599 0.00016859211237617552 -0.00064578478556359187 0 0.001008708415952112 0.00052921899052506141 0.0007742265975646251 -0.000514483504196895 0 0 -0.00032998266113414004
leaf_weight=22 22 51 43 21 28 812 729 108 24 25 23 43 20 32 48 20 23 29 21
leaf_count=22 22 51 43 21 28 812 729 108 24 25 23 43 20 32 48 20 23 29 21
internal_value=0 8.93915e-06 -7.10091e-06 1.16302e-05 0.000289891 -5.91621e-06 7.83398e-05 -8.06155e-05 -0.000184354 -0.000419305 0 0.000248783 0.000482115 0.000217741 0.000548697 -0.000120062 -0.000367648 -0.000334148 0
internal_weight=2144 2099 2025 1817 117 1700 780 920 208 89 119 67 74 54 76 41 45 52 46
internal_count=2144 2099 2025 1817 117 1700 780 920 208 89 119 67 74 54 76 41 45 52 46
is_linear=0
shrinkage=0.03


Tree=195
num_leaves=28
num_cat=0
split_feature=3 7 14 22 11 26 2 3 22 8 17 22 16 10 16 16 22 21 21 0 18 8 23 3 17 24 17
split_gain=0.00669869 0.0100161 0.0134911 0.0149741 0.00907154 0.0104258 0.00958949 0.00869936 0.0115411 0.0250518 0.0213354 0.0106196 0.00950555 0.0164652 0.0102697 0.00848473 0.00760748 0.00738141 0.00669822 0.00529761 0.00553561 0.00412794 0.0037154 0.00367592 0.00282207 0.00276842 0.00132448
threshold=0.041650517507036508 0.054239247102803007 0.033526197895765102 267.49850000000004 1.2335733118731345 792.50000000000011 0.018456274976339355 0.0033635359098026008 264.27000000000004 0.9925009079963264 0.00084541510090820006 269.51850000000007 53.230076663823752 1.024432501339277 49.445303987032325 65.890640665676301 241.45850000000004 26.110000610351566 21.360000610351566 -0.036511284378195695 0.38687971602204219 0.99358721549289053 2984.0000000000005 0.077025139470716972 0.014750241622577102 7.5500000000000007 0.0046280570017367007
decision_type=2 2 2 2 2 2 2 2 2 2 2 2 2 2 2 2 2 2 2 2 2 2 2 2 2 2 2
left_child=1 7 3 15 5 6 -4 11 12 -10 -11 19 14 -14 -9 16 -3 21 -13 -1 -21 -2 -7 24 26 -19 -23
right_child=17 2 4 -5 -6 22 -8 8 9 10 -12 18 13 -15 -16 -17 -18 25 -20 20 -22 23 -24 -25 -26 -27 -28
leaf_value=-0.00043934557152791847 0.00031846374403020101 0 1.0253881354537593e-05 0.0010754734665209141 -0.00046912617220318519 -0.00047633662107851235 0.00046772274788314902 5.5853224099230228e-06 0.0012732492309719832 -0.00061883389786817125 0.00049655111967699555 -0.00074780919624711664 0.00064309786770985831 3.6731925395300008e-06 -0.0003627143483807396 -0.0002517422259499488 0.00055272329569360683 -0.00071660032807267262 0 0.00033027031067758801 -4.7940368776916019e-05 -0.00022173193542818938 0 0.00013568719629663973 -0.00048923701675737219 -5.1271215695041137e-05 0
leaf_weight=30 20 31 126 25 28 30 73 237 21 23 40 33 50 160 87 21 57 27 20 34 811 27 23 24 28 21 37
leaf_count=30 20 31 126 25 28 30 73 237 21 23 40 33 50 160 87 21 57 27 20 34 811 27 23 24 28 21 37
internal_value=0 1.7121e-05 0.000148733 0.000396526 1.84813e-05 8.61578e-05 0.000194569 -1.62573e-05 6.83649e-05 0.00039433 3.91653e-05 -7.58535e-05 1.08408e-05 0.000172461 -8.48909e-05 0.00020517 0.000349517 -0.000171701 -0.000490371 -4.67898e-05 -2.88039e-05 -3.3371e-05 -0.000261404 -0.000121877 -0.000222062 -0.00049373 -5.32903e-05
internal_weight=2144 1960 414 134 280 252 199 1546 618 84 63 928 534 210 324 109 88 184 53 875 845 136 53 116 92 48 64
internal_count=2144 1960 414 134 280 252 199 1546 618 84 63 928 534 210 324 109 88 184 53 875 845 136 53 116 92 48 64
is_linear=0
shrinkage=0.03


Tree=196
num_leaves=20
num_cat=0
split_feature=15 14 7 20 5 18 24 20 2 21 20 16 18 20 21 24 0 9 2
split_gain=0.00671731 0.0181779 0.0079971 0.0122776 0.0121663 0.019536 0.0103632 0.0102074 0.0108614 0.0115673 0.00681044 0.00667908 0.00787966 0.00587686 0.00582204 0.00566165 0.00449798 0.00184829 0.00060675
threshold=0.011898742528625052 0.012611553849685701 0.036593513819180856 2.6250000000000004 -0.0033438188108414995 1.35331579378031 25.150000000000002 2.8350000000000004 -0.027130285676123748 16.525000572204593 2.8250000000000006 54.010378175055088 0.93738508089936146 2.2750000000000004 28.920000076293949 1.1500000000000001 0.00035412496635970004 1.0105782332720186 0.0053897760702668511
decision_type=2 2 2 2 2 2 2 2 2 2 2 2 2 2 2 2 2 2 2
left_child=16 11 7 4 5 -4 -6 8 13 -10 18 12 -2 -3 -12 -9 -1 -17 -5
right_child=1 2 3 10 6 -7 -8 15 9 -11 14 -13 -14 -15 -16 17 -18 -19 -20
leaf_value=0 -0.00015205836735133612 0.00031599764074743177 0.00033445740936164915 -0.00017666185317704311 -5.4312578741181434e-05 -0.00014512743258851316 0.00035646682969915373 0.00049629788745481236 -6.4275706146845049e-05 -0.00033277695228285399 8.7315974751322233e-05 0.00097551405742498385 0.00050871405871169247 -0.00010255493241129442 -0.0004464431191268175 0.00016639138814727111 -0.0006878154723672196 -0.00020566424734092182 -0.00059410713860509742
leaf_weight=25 20 76 308 38 447 91 62 38 523 223 85 20 34 35 22 27 20 20 30
leaf_count=25 20 76 308 38 447 91 62 38 523 223 85 20 34 35 22 27 20 20 30
internal_value=0 8.69779e-06 -6.82734e-06 4.70986e-05 9.36425e-05 0.000217489 0 -7.19905e-05 -0.000105574 -0.000148892 -0.000176512 0.000467967 0.000211123 0.000157499 0 0.000229019 -0.000357732 0 -0.000410248
internal_weight=2144 2099 2025 1083 908 399 509 942 857 746 175 74 54 111 107 85 45 47 68
internal_count=2144 2099 2025 1083 908 399 509 942 857 746 175 74 54 111 107 85 45 47 68
is_linear=0
shrinkage=0.03


Tree=197
num_leaves=18
num_cat=0
split_feature=16 26 23 23 20 18 23 19 21 12 22 15 6 6 24 18 5
split_gain=0.00649864 0.00997991 0.00805825 0.0258607 0.0157119 0.0160426 0.0145144 0.0329801 0.0229975 0.0142487 0.0123422 0.00902973 0.00692895 0.0042885 0.00407508 0.00363266 0.00351878
threshold=71.060851388195331 254.50000000000003 2824.0000000000005 2935.0000000000005 2.2550000000000003 1.5407764236818344 3079.5000000000005 93.895000457763686 27.185000419616703 0.94913911784837757 251.11600000000001 0.018337052824367105 0.0029496930782218502 0.0128988066129924 0.75000000000000011 0.98237366639671964 -1.0000000180025095e-35
decision_type=2 2 2 2 2 2 2 2 2 2 2 2 2 2 2 2 2
left_child=1 -1 4 13 9 10 7 -5 -8 -3 -6 -11 14 15 -2 -4 -14
right_child=12 2 3 6 5 -7 8 -9 -10 11 -12 -13 16 -15 -16 -17 -18
leaf_value=0.00054750556893826976 -5.0438381773419668e-05 0.00073879681673206501 -0.0011522006497585349 0.0011590760025195776 3.1148103361900196e-05 0.00064616947604892103 -1.0210433791578307e-05 0 -0.00071693604197353115 0.00053734230170274439 -0.00024277549035986044 7.5878494706557817e-05 -0.00030479671435684644 -2.3042933200485996e-05 -0.00076863710625912061 -0.00039241933709798524 0.00017191517894082751
leaf_weight=30 24 39 20 29 326 27 661 67 44 45 248 443 21 20 25 38 37
leaf_count=30 24 39 20 29 326 27 661 67 44 45 248 443 21 20 25 38 37
internal_value=0 1.26848e-05 2.92781e-06 -6.35315e-05 5.73842e-05 -4.34766e-05 -8.63246e-06 0.000330909 -5.95204e-05 0.000177954 -8.22012e-05 0.000125578 -0.000226095 -0.000582082 -0.00048491 -0.000720349 0
internal_weight=2144 2037 2007 879 1128 601 801 96 705 527 574 488 107 78 49 58 58
internal_count=2144 2037 2007 879 1128 601 801 96 705 527 574 488 107 78 49 58 58
is_linear=0
shrinkage=0.03


Tree=198
num_leaves=16
num_cat=0
split_feature=11 19 22 14 20 6 24 26 26 11 24 7 1 17 14
split_gain=0.00638064 0.00819384 0.0101211 0.0172872 0.0230499 0.0213392 0.0079904 0.00787345 0.0137845 0.00873858 0.0219382 0.0102056 0.00857058 0.00632914 0.00431528
threshold=0.76331897348191269 103.27500152587892 279.88200000000006 0.041357109684642256 2.3150000000000004 -0.0078577705137099982 22.750000000000004 494.00000000000006 521.50000000000011 1.074679471015987 10.250000000000002 0.029222417063665105 0.0085302265094895514 0.0021505989019919005 0.059593682826753057
decision_type=2 2 2 2 2 2 2 2 2 2 2 2 2 2 2
left_child=-1 2 7 4 -4 -5 -7 9 13 10 -2 -11 -10 -9 -3
right_child=1 14 3 5 -6 6 -8 8 12 11 -12 -13 -14 -15 -16
leaf_value=0.00045045137298958647 0.00044001120966053207 -0.00063546847976801604 0.0013433161902660503 -0.00084201915918051139 0 0 0.00074119863471215858 -0.00078522958801212643 2.5962590867057332e-05 -0.00039462504971639383 -0.00010586672581933457 6.9466874648087642e-05 -0.00012698901538052236 -6.930692071396418e-05 0
leaf_weight=27 155 27 24 20 28 20 20 32 925 55 102 158 495 33 23
leaf_count=27 155 27 24 20 28 20 20 32 925 55 102 158 495 33 23
internal_value=0 -5.37537e-06 2.45271e-06 0.00027967 0.00067806 -2.1877e-05 0.000325559 -1.20299e-05 -4.72505e-05 9.27467e-05 0.000212161 -3.76344e-05 -2.52957e-05 -0.000473773 -0.000381514
internal_weight=2144 2117 2067 112 52 60 40 1955 1485 470 257 213 1420 65 50
internal_count=2144 2117 2067 112 52 60 40 1955 1485 470 257 213 1420 65 50
is_linear=0
shrinkage=0.03


Tree=199
num_leaves=15
num_cat=0
split_feature=16 19 22 6 25 8 26 26 23 11 0 0 23 4
split_gain=0.00620843 0.00781209 0.00967972 0.0120828 0.0172239 0.0147048 0.00757981 0.0129535 0.0128402 0.00927028 0.00720787 0.00703926 0.00632409 0.00311581
threshold=28.759090398615879 103.27500152587892 279.88200000000006 -0.015717630605573296 0.65000000000000002 0.99708185425421159 494.00000000000006 521.50000000000011 3522.0000000000005 1.074679471015987 0.0085667125672000514 0.0074089386617442509 3079.5000000000005 -0.0078577705137099982
decision_type=2 2 2 2 2 2 2 2 2 2 2 2 2 2
left_child=-1 2 6 -4 5 -5 8 12 9 -2 -9 -3 -8 -10
right_child=1 11 3 4 -6 -7 7 10 13 -11 -12 -13 -14 -15
leaf_value=0.00038571825880333907 0.00029763394771468673 -0.00065851338644842459 -0.00016850633428111905 0.00011727243996701081 0 0.001368010844774544 -0.00010796539770224347 2.1278387842200005e-05 0 0 -0.00011917837698287753 0 -0.00082985453014095716 -0.00037860239127845632
leaf_weight=36 214 30 31 22 39 24 38 909 29 176 494 24 27 51
leaf_count=36 214 30 31 22 39 24 38 909 29 176 494 24 27 51
internal_value=0 -6.26519e-06 1.7315e-06 0.00026796 0.000462134 0.000848884 -1.27865e-05 -4.77036e-05 8.97738e-05 0.000165447 -2.60897e-05 -0.000359482 -0.000461312 -0.000239584
internal_weight=2144 2108 2054 116 85 46 1938 1468 470 390 1403 54 65 80
internal_count=2144 2108 2054 116 85 46 1938 1468 470 390 1403 54 65 80
is_linear=0
shrinkage=0.03


end of trees

feature_importances:
Rig_Count=770
EIA_Storage_Level=674
CPI_Inflation=573
Close_to_MA_50=477
US_10Y_Yield=438
Rolling_Std_20=369
USD_Index=333
VIX=242
Heating_Degree_Days=188
RSI_14=187
Rolling_Std_10=183
MACD_Pct=152
Close_to_MA_20=129
Cooling_Degree_Days=123
Volume_to_MA_10=115
Close_to_MA_10=111
Close_to_MA_5=96
Close_to_EMA_20=96
Ret_Lag_5=59
Daily_Range_Pct=57
Close_to_EMA_10=52
Ret_Lag_2=47
Return=40
Ret_Lag_1=36
Ret_Lag_10=20
Ret_Lag_3=19
Log_Return=4

parameters:
[boosting: gbdt]
[objective: regression]
[metric: l2]
[tree_learner: serial]
[device_type: cpu]
[data_sample_strategy: bagging]
[data: ]
[valid: ]
[num_iterations: 200]
[learning_rate: 0.03]
[num_leaves: 31]
[num_threads: 20]
[seed: 42]
[deterministic: 0]
[force_col_wise: 0]
[force_row_wise: 0]
[histogram_pool_size: -1]
[max_depth: 6]
[min_data_in_leaf: 20]
[min_sum_hessian_in_leaf: 0.001]
[bagging_fraction: 0.8]
[pos_bagging_fraction: 1]
[neg_bagging_fraction: 1]
[bagging_freq: 0]
[bagging_seed: 400]
[bagging_by_query: 0]
[feature_fraction: 0.8]
[feature_fraction_bynode: 1]
[feature_fraction_seed: 30056]
[extra_trees: 0]
[extra_seed: 12879]
[early_stopping_round: 0]
[early_stopping_min_delta: 0]
[first_metric_only: 0]
[max_delta_step: 0]
[lambda_l1: 0.1]
[lambda_l2: 1]
[linear_lambda: 0]
[min_gain_to_split: 0]
[drop_rate: 0.1]
[max_drop: 50]
[skip_drop: 0.5]
[xgboost_dart_mode: 0]
[uniform_drop: 0]
[drop_seed: 17869]
[top_rate: 0.2]
[other_rate: 0.1]
[min_data_per_group: 100]
[max_cat_threshold: 32]
[cat_l2: 10]
[cat_smooth: 10]
[max_cat_to_onehot: 4]
[top_k: 20]
[monotone_constraints: ]
[monotone_constraints_method: basic]
[monotone_penalty: 0]
[feature_contri: ]
[forcedsplits_filename: ]
[refit_decay_rate: 0.9]
[cegb_tradeoff: 1]
[cegb_penalty_split: 0]
[cegb_penalty_feature_lazy: ]
[cegb_penalty_feature_coupled: ]
[path_smooth: 0]
[interaction_constraints: ]
[verbosity: -1]
[saved_feature_importance_type: 0]
[use_quantized_grad: 0]
[num_grad_quant_bins: 4]
[quant_train_renew_leaf: 0]
[stochastic_rounding: 1]
[linear_tree: 0]
[max_bin: 255]
[max_bin_by_feature: ]
[min_data_in_bin: 3]
[bin_construct_sample_cnt: 200000]
[data_random_seed: 175]
[is_enable_sparse: 1]
[enable_bundle: 1]
[use_missing: 1]
[zero_as_missing: 0]
[feature_pre_filter: 1]
[pre_partition: 0]
[two_round: 0]
[header: 0]
[label_column: ]
[weight_column: ]
[group_column: ]
[ignore_column: ]
[categorical_feature: ]
[forcedbins_filename: ]
[precise_float_parser: 0]
[parser_config_file: ]
[objective_seed: 16083]
[num_class: 1]
[is_unbalance: 0]
[scale_pos_weight: 1]
[sigmoid: 1]
[boost_from_average: 1]
[reg_sqrt: 0]
[alpha: 0.9]
[fair_c: 1]
[poisson_max_delta_step: 0.7]
[tweedie_variance_power: 1.5]
[lambdarank_truncation_level: 30]
[lambdarank_norm: 1]
[label_gain: ]
[lambdarank_position_bias_regularization: 0]
[eval_at: ]
[multi_error_top_k: 1]
[auc_mu_weights: ]
[num_machines: 1]
[local_listen_port: 12400]
[time_out: 120]
[machine_list_filename: ]
[machines: ]
[gpu_platform_id: -1]
[gpu_device_id: -1]
[gpu_device_id_list: ]
[gpu_use_dp: 0]
[num_gpu: 1]

end of parameters

pandas_categorical:[]
