tree
version=v4
num_class=1
num_tree_per_iteration=1
label_index=0
max_feature_idx=35
objective=regression
feature_names=Return Log_Return Ret_Lag_1 Ret_Lag_2 Ret_Lag_3 Ret_Lag_5 Ret_Lag_10 Daily_Range_Pct Close_to_MA_5 Close_to_MA_10 Close_to_MA_20 Close_to_MA_50 Close_to_EMA_10 Close_to_EMA_20 Rolling_Std_10 Rolling_Std_20 RSI_14 MACD_Pct Volume_to_MA_10 USD_Index US_10Y_Yield VIX CPI_Inflation EIA_Storage_Level Heating_Degree_Days Cooling_Degree_Days Rig_Count News_Volume Daily_Bullish Daily_Bearish Daily_NSS Sentiment_EMA_7d Sentiment_Spike Sentiment_EMA_30d Sentiment_EMA_60d Sentiment_x_Trend
feature_infos=[-0.25953710489588089:0.46481176972811999] [-0.30047975442423092:0.3817267493869263] [-0.25953710489588089:0.46481176972811999] [-0.25953710489588089:0.46481176972811999] [-0.25953710489588089:0.46481176972811999] [-0.25953710489588089:0.46481176972811999] [-0.25953710489588089:0.46481176972811999] [0.0017521826490472:0.49736635943841118] [0.84956273887500966:1.3847751908081158] [0.79372315714634623:1.448186552283947] [0.72649827249158727:1.4990189649360941] [0.69560686648338077:1.5115317390034022] [0.82652070235046038:1.3922727109650179] [0.76555395000077109:1.4587988368072369] [0.0075971995904466003:0.19324897156218779] [0.0101270268425171:0.1415741040779375] [18.806082754753248:90.72666898325852] [-0.047345077241480002:0.037280324466973602] [0.18930515529939049:2.8509042652839689] [79.779998779296875:109.69000244140624] [0.52000000000000002:3.4900000000000002] [9.1400003433227539:82.69000244140625] [234.74700000000001:295.09699999999998] [1107:4047] [0:41.399999999999999] [0:20.100000000000001] [244:1931] none [0:0.47399547696113581] [0:0.48387604951858521] [-0.48059800919145351:0.46609248872846359] [-0.35177692516798148:0.32909240316209493] [-0.35788688359477538:0.3495694284405837] [-0.2576423289101788:0.1994818330534234] [-0.20539366770546219:0.13964128553692379] [-0.046023099919086201:0.086492396770358498]
tree_sizes=1940 2131 2257 2329 2325 2171 2504 2078 2540 2498 2090 2522 2452 2563 2359 2519 2631 2456 2428 2561 2440 2702 2453 2072 2640 2020 2634 2087 2718 1744 2523 2725 2453 2372 2182 2638 2010 2208 2175 2284 2383 2016 2226 2199 2190 2097 1983 2183 2452 2277 2121 2351 2295 2376 2306 2342 2137 1981 2103 2060 2364 2376 2368 2548 2459 2162 2254 1747 2189 1924 2110 2552 2013 2346 2649 2280 2042 2262 2775 2478 2453 2208 2395 2208 2195 1960 2677 2508 2333 2376 2214 1766 2301 2308 2295 2119 2183 2232 2396 1931 2607 2287 2315 2528 1563 2015 1284 2452 2358 1973 1512 2298 1591 2594 2588 2277 2538 2249 2406 2188 2319 2313 1698 2515 2137 1491 1613 2307 1445 1597 1336 1664 1850 2369 2591 1674 1334 2022 1590 1688 1244 1750 1148 2050 2259 1982 1407 1836 1126 1840 1891 1415 1125 1892 1581 1719 1248 1412 1199 1643 1473 1563 1116 790 2383 1073 1941 2081 1575 1713 2441 978 1239 1936 1818 1683 789 1380 1137 1739 955 1240 1753 1147 2174 1190 977 1755 1038 1140 2210 1241 1385 1046 1302

Tree=0
num_leaves=21
num_cat=0
split_feature=20 22 23 20 22 23 31 29 22 35 29 21 34 20 22 22 11 31 24 17
split_gain=36.4655 20.5546 14.3739 10.3158 7.81873 6.88388 5.49431 5.38898 5.29904 4.23284 3.04343 2.88498 2.73137 2.37135 2.3497 2.21208 1.12485 0.670301 0.485356 0.351555
threshold=2.0350000000000006 279.88200000000006 2726.0000000000005 0.76500000000000012 264.27000000000004 2395.5000000000005 -0.0012871768508856498 1.9807691573963563e-06 241.45850000000004 1.4590428719033641e-06 0.00060556170284040004 13.22499990463257 -0.0050754266462015992 1.4350000000000003 289.92950000000002 241.88350000000005 1.0987561386597935 0.10236343863659782 0.25000000000000006 -0.0072821937920362996
decision_type=2 2 2 2 2 2 2 2 2 2 2 2 2 2 2 2 2 2 2 2
left_child=1 2 4 6 9 7 -4 -2 -5 -1 -3 15 19 -6 -14 -7 17 -13 -17 -9
right_child=5 10 3 8 13 11 -8 12 -10 -11 -12 16 14 -15 -16 18 -18 -19 -20 -21
leaf_value=0.061935267098131262 0.063878261875566417 0.061848990452759663 0.070717972242995711 0.056289462854384444 0.057922111959361179 0.044527422126060395 0.055649280760741694 0.052181764117032799 0.049367228818479977 0.054210906419816907 0.078037939232933839 0.046318119847682963 0.055403374091748309 0.070279606744820936 0.048102573969293273 0.052766841963859876 0.042133025694705964 0.051663782704103621 0.050066660447755908 0.048992769043188632
leaf_weight=127 31 20 38 141 21 56 50 42 319 129 44 246 188 81 47 98 67 27 170 223
leaf_count=127 31 20 38 141 21 56 50 42 319 129 44 246 188 81 47 98 67 27 170 223
internal_value=0.0532654 0.0575796 0.0563787 0.0533111 0.0610267 0.0497614 0.06255 0.0523228 0.0515014 0.0581105 0.0736345 0.047731 0.0515414 0.0679697 0.0538839 0.0498242 0.0457926 0.0468128 0.0510265 0.0494692
internal_weight=2165 970 906 548 358 1195 88 531 460 256 64 664 500 102 235 324 340 273 268 265
internal_count=2165 970 906 548 358 1195 88 531 460 256 64 664 500 102 235 324 340 273 268 265
is_linear=0
shrinkage=1


Tree=1
num_leaves=23
num_cat=0
split_feature=20 22 19 15 20 15 22 19 29 29 22 35 22 11 22 34 29 20 11 16 20 22
split_gain=34.4107 19.4333 6.78112 6.3535 6.10124 5.84893 4.92483 4.36432 3.81952 2.86113 2.25175 4.28701 3.96112 3.56991 2.12775 1.28037 0.912323 0.838681 0.492906 0.246988 0.0691332 0.0458957
threshold=2.0350000000000006 279.88200000000006 97.505001068115249 0.019609107567788154 0.93500000000000016 0.014329932762070853 258.49100000000004 91.944999694824233 2.8007032604710173e-06 0.00060556170284040004 241.45850000000004 -4.5235966215890925e-06 283.52150000000006 1.0791423582692456 256.23300000000006 -0.014804125432694997 2.5037108273434111e-06 2.7250000000000005 0.99152879317798959 36.230214002865125 0.69500000000000006 250.90500000000003
decision_type=2 2 2 2 2 2 2 2 2 2 2 2 2 2 2 2 2 2 2 2 2 2
left_child=1 2 3 7 20 8 -5 -1 18 -3 15 12 -12 -13 -6 19 -17 -10 -2 -7 -4 -19
right_child=5 9 4 6 14 10 -8 -9 17 -11 11 13 -14 -15 -16 16 -18 21 -20 -21 -22 -23
leaf_value=0.017174735676763312 0.013060813816993134 0.0083596979036279356 0.0081560367043865354 0.0060719725971871827 -0.00046490199603589177 0 0.000543545774230496 0.0038226457702271134 -0.0058341483883559706 0.02407682766559276 -0.0018118590493088472 -0.0032638297928666727 0.0079680006475746634 -0.0096092800738886708 -0.0071199403655031043 -0.0010855783331394195 -0.0078011207858867506 0 0.0050252631930634388 -0.003814542849542869 0.0041098530632443725 0.0015609653861566374
leaf_weight=53 20 20 35 290 80 20 291 41 21 44 143 400 47 100 95 22 235 58 21 85 21 23
leaf_count=53 20 20 35 290 80 20 291 41 21 44 143 400 47 100 95 22 235 58 21 85 21 23
internal_value=8.87866e-07 0.0041932 0.00302541 0.00453963 -0.00138793 -0.00340155 0.00332515 0.0116802 0.00223985 0.0198042 -0.00417543 -0.00313739 0.000678076 -0.00458863 -0.0041536 -0.00610374 -0.00725695 -0.000895109 0.00963648 -0.00313016 0.00697569 0.000512299
internal_weight=2165 970 906 675 231 1195 581 94 143 64 1052 690 190 500 175 362 257 102 41 105 56 81
internal_count=2165 970 906 675 231 1195 581 94 143 64 1052 690 190 500 175 362 257 102 41 105 56 81
is_linear=0
shrinkage=0.03


Tree=2
num_leaves=24
num_cat=0
split_feature=26 23 33 11 15 32 20 26 29 11 25 26 23 30 26 26 20 11 15 11 11 10 26
split_gain=59.037 16.5385 10.8182 8.19226 6.44902 4.97534 4.08034 3.71876 3.68615 3.1841 2.06169 2.01032 1.53926 1.48694 1.36187 0.998498 0.852923 0.763081 0.580432 0.466088 0.44492 0.160477 0.0609882
threshold=696.50000000000011 3242.0000000000005 -0.011922384085519148 0.86670034847935795 0.014329932762070853 9.7051104056361051e-05 1.4350000000000003 494.00000000000006 2.8007032604710173e-06 1.0636787565828041 6.4500000000000011 1891.0000000000002 3040.0000000000005 -0.0067975865551684993 915.50000000000011 720.50000000000011 2.7250000000000005 1.0272478555121747 0.029924331372627403 0.99152879317798959 1.0625884370700083 1.0492447501148097 1046.5000000000002
decision_type=2 2 2 2 2 2 2 2 2 2 2 2 2 2 2 2 2 2 2 2 2 2 2
left_child=1 2 7 -3 8 6 -4 12 19 11 17 14 -1 -7 -6 -11 -10 -5 -17 -2 -12 -9 -18
right_child=4 3 5 10 9 13 -8 21 16 15 20 -13 -14 -15 -16 18 22 -19 -20 -21 -22 -23 -24
leaf_value=0.0085546894097914446 0.012720097062380416 0.016209462902540793 0.0042797982598384542 -8.3295660752398699e-05 -0.0047197365747859085 0.0077368923571446676 0.012577407041312225 -0.0017483570474303429 -0.0058003999757766725 -0.0013963534911163151 0.0056106550838889149 -0.0084085457232303731 -0.00079462923789801806 0.018766612453961915 -0.0023570236742208148 -0.0066184888013452285 -0.00012127405474166153 -0.0037859476664063073 -0.01074604825506156 0.0048933500652201473 0.0011981160063296555 -0.0056571589400028358 0.0014646364564342156
leaf_weight=58 20 26 90 92 409 20 152 24 22 21 38 79 20 107 515 97 49 112 85 21 50 26 32
leaf_count=58 20 26 90 92 409 20 152 24 22 21 38 79 20 107 515 97 49 112 85 21 50 26 32
internal_value=3.39967e-06 0.00636724 0.00977018 0.000997864 -0.00384186 0.0123624 0.00959396 0.00216257 0.00210849 -0.0045583 -0.000497492 -0.00383794 0.00617975 0.0172714 -0.00341798 -0.00799521 -0.000943905 -0.00215602 -0.00870541 0.00938642 0.00325865 -0.0040427 0.000499476
internal_weight=2165 815 497 318 1350 369 242 128 144 1206 292 1003 78 127 924 203 103 204 182 41 88 50 81
internal_count=2165 815 497 318 1350 369 242 128 144 1206 292 1003 78 127 924 203 103 204 182 41 88 50 81
is_linear=0
shrinkage=0.03


Tree=3
num_leaves=25
num_cat=0
split_feature=26 23 34 11 15 32 22 20 29 23 21 28 24 22 34 20 20 11 11 11 17 14 34 26
split_gain=55.6467 15.5694 10.2741 7.75506 6.08929 4.80744 4.24162 4.1048 3.49769 3.03992 2.63162 2.00891 1.76458 1.50998 1.04635 0.80827 0.787272 0.670945 0.469216 0.440684 0.313469 0.280085 0.158193 0.05777
threshold=696.50000000000011 3242.0000000000005 -0.03225609611833604 0.86670034847935795 0.014329932762070853 9.7051104056361051e-05 240.16150000000002 1.3900000000000001 2.8007032604710173e-06 2488.5000000000005 11.480000019073488 0.040033078064631959 0.15000000000000005 265.78750000000008 0.00021835396655250003 2.7250000000000005 2.1150000000000007 1.0179358494570263 1.0701663767254008 0.99152879317798959 0.0054372879718819506 0.028675857618765354 -0.00013790912190204997 1046.5000000000002
decision_type=2 2 2 2 2 2 2 2 2 2 2 2 2 2 2 2 2 2 2 2 2 2 2 2
left_child=1 2 6 -3 8 7 -1 -4 19 14 22 -12 18 -7 16 -10 -6 -14 -5 -2 -16 -8 -11 -17
right_child=4 3 5 12 9 13 21 -9 15 10 11 -13 17 -15 20 23 -18 -19 -20 -21 -22 -23 -24 -25
leaf_value=0.008108094120025635 0.012388268176628196 0.015773484592446416 0.0039239324216426711 0.0051998627219835055 -0.00026981897083654376 0.013409185618331486 0 0.012165439845288393 -0.0056472694981098172 -0.0010960268309788295 -0.0074650271343608063 -0.002265507168618256 5.5301359063543544e-05 0.022164101755619049 0.0014993213615234707 -0.00011784573114066285 -0.0038387536517859727 -0.0033579066356899038 0.00063712115109559484 0.0047648996924981478 -0.0020567884719262914 -0.0041433490405187881 -0.0031452883803052829 0.0014244635252282022
leaf_weight=52 20 26 90 43 69 85 22 158 22 78 462 84 85 42 61 49 344 123 41 21 31 48 77 32
leaf_count=52 20 26 90 43 69 85 22 158 22 78 462 84 85 42 61 49 344 123 41 21 31 48 77 32
internal_value=4.90732e-06 0.00618336 0.00948513 0.000973297 -0.00372827 0.0119311 0.00183687 0.00926917 0.00205329 -0.00442447 -0.00570701 -0.00668732 -0.000481365 0.0167723 -0.00261506 -0.000919373 -0.00325595 -0.00196791 0.00310606 0.0091429 0.000242376 -0.00292242 -0.00217343 0.00048486
internal_weight=2165 815 497 318 1350 375 122 248 144 1206 701 546 292 127 505 103 413 208 84 41 92 70 155 81
internal_count=2165 815 497 318 1350 375 122 248 144 1206 701 546 292 127 505 103 413 208 84 41 92 70 155 81
is_linear=0
shrinkage=0.03


Tree=4
num_leaves=25
num_cat=0
split_feature=26 23 34 11 15 32 20 29 26 11 25 26 26 23 26 23 11 20 31 11 11 32 17 26
split_gain=52.4602 14.6647 9.68757 7.34072 5.74771 4.54656 3.86317 3.3189 3.02493 2.96885 1.86817 1.83382 1.43195 1.25616 1.19483 0.937657 0.82969 0.765952 0.700003 0.494481 0.41662 0.1824 0.176056 0.0547238
threshold=696.50000000000011 3242.0000000000005 -0.03225609611833604 0.86670034847935795 0.014329932762070853 9.7051104056361051e-05 1.3900000000000001 2.8007032604710173e-06 494.00000000000006 1.0636787565828041 4.4500000000000011 1891.0000000000002 439.50000000000006 3040.0000000000005 915.50000000000011 2413.5000000000005 1.0179358494570263 2.7250000000000005 0.038705870245381455 1.0701663767254008 0.99152879317798959 3.1894883569598245e-06 -0.0036288590474019495 1046.5000000000002
decision_type=2 2 2 2 2 2 2 2 2 2 2 2 2 2 2 2 2 2 2 2 2 2 2 2
left_child=1 2 8 -3 7 6 -4 20 13 11 16 14 -7 -1 -6 21 -5 -9 -17 -12 -2 -11 -10 -19
right_child=4 3 5 10 9 12 -8 17 22 15 19 -13 -14 -15 -16 18 -18 23 -20 -21 -22 -23 -24 -25
leaf_value=0.0077944157594128666 0.012065095790054487 0.015349232481792568 0.0038100117954515639 0 -0.0044172079267513764 0.013020623990820487 0.011807277243925685 -0.0054981815207004545 -0.0012663602714791246 -0.0061726848125457767 0.0047834301820168131 -0.0079627042005701743 0.021543507254123687 -0.00071445173251888025 -0.0022030355127770577 -0.010439897738650296 -0.0040322725628140245 -0.00011451434163049829 -0.0048274311833992238 0.00062793861217796802 0.0046398209845647216 -0.0024492688328936331 -0.0053805332765463863 0.0013853925025622759
leaf_weight=54 20 26 90 83 409 85 158 22 20 27 49 79 42 20 515 100 103 49 38 57 21 38 28 32
leaf_count=54 20 26 90 83 409 85 158 22 20 27 49 79 42 20 515 100 103 49 38 57 21 38 28 32
internal_value=7.60103e-06 0.00600658 0.009211 0.000949792 -0.00361708 0.0115862 0.00899722 0.00199954 0.00178341 -0.0042935 -0.000465236 -0.00359841 0.0162944 0.00551752 -0.00319748 -0.00761085 -0.00227333 -0.000895477 -0.00905131 0.00265518 0.00890575 -0.00424413 -0.00390045 0.000470643
internal_weight=2165 815 497 318 1350 375 248 144 122 1206 292 1003 127 74 924 203 186 103 138 106 41 65 48 81
internal_count=2165 815 497 318 1350 375 248 144 122 1206 292 1003 127 74 924 203 186 103 138 106 41 65 48 81
is_linear=0
shrinkage=0.03


Tree=5
num_leaves=23
num_cat=0
split_feature=26 23 34 11 15 22 34 29 11 35 23 28 24 34 26 30 35 15 11 11 14 26
split_gain=49.4626 13.8123 9.14147 6.94928 5.42818 3.79007 3.3956 3.1493 2.80765 2.48037 1.74336 1.94603 1.57852 1.36948 0.889084 0.725849 0.620565 0.525467 0.424721 0.393826 0.254985 0.0518403
threshold=696.50000000000011 3242.0000000000005 -0.03225609611833604 0.86670034847935795 0.014329932762070853 240.16150000000002 -0.0093215935714778975 2.8007032604710173e-06 1.0636787565828041 0.00030986586544645006 2759.0000000000005 3.432029646700135e-07 0.15000000000000005 0.00021835396655250003 720.50000000000011 0.00016934161528360002 -0.0013519485559858498 0.029924331372627403 1.0625884370700083 0.99152879317798959 0.028675857618765354 1046.5000000000002
decision_type=2 2 2 2 2 2 2 2 2 2 2 2 2 2 2 2 2 2 2 2 2 2
left_child=1 2 5 -3 7 -1 -4 19 10 -8 13 -12 18 -6 -10 -9 -14 -16 -5 -2 -7 -17
right_child=4 3 6 12 8 20 9 15 14 -11 11 -13 16 -15 17 21 -18 -19 -20 -21 -22 -23
leaf_value=0.0076570410181175585 0.011750354150067205 0.014936390706145299 0.019882595064073073 0.0052933761746837543 -0.0031699168082811621 0 0.0085872098227571508 -0.0053530293810367582 -0.0011839475058950484 0.015342419966900098 -0.0016962754718263078 -0.0061811163741004767 -0.0041042555166370146 0.00029330604262908712 -0.0060930182545725249 -0.00011127709569812465 -0.00063273484949418835 -0.0099943537685004136 0.00091165445065673656 0.0045180257102474574 -0.0039336728883140231 0.0013473931806561137
leaf_weight=52 20 26 38 36 431 22 268 22 21 69 127 313 70 132 97 49 138 85 48 21 48 32
leaf_count=52 20 26 38 36 431 22 268 22 21 69 127 313 70 132 97 49 138 85 48 21 48 32
internal_value=8.93395e-06 0.00583404 0.00894396 0.00092606 -0.00351063 0.00172806 0.0112513 0.00194719 -0.004168 0.0101023 -0.00349194 -0.00491365 -0.000450475 -0.00235538 -0.00739427 -0.000872202 -0.001857 -0.00806381 0.00294179 0.00867479 -0.0027689 0.000456814
internal_weight=2165 815 497 318 1350 122 375 144 1206 337 1003 440 292 563 203 103 208 182 84 41 70 81
internal_count=2165 815 497 318 1350 122 375 144 1206 337 1003 440 292 563 203 103 208 182 84 41 70 81
is_linear=0
shrinkage=0.03


Tree=6
num_leaves=27
num_cat=0
split_feature=26 23 34 11 23 32 34 20 22 34 28 28 25 30 11 20 11 16 16 11 28 14 29 32 11 35
split_gain=46.6274 13.0088 8.61689 6.57876 5.1301 4.23234 4.06041 3.62041 3.57911 2.79594 2.19118 3.63513 1.68712 1.34517 1.20468 0.966292 0.76087 0.625551 0.611795 0.448409 0.27474 0.240534 0.205652 0.148759 0.141404 0.0881917
threshold=696.50000000000011 3242.0000000000005 -0.03225609611833604 0.86670034847935795 2488.5000000000005 9.7051104056361051e-05 0.0012970907606712503 1.4350000000000003 240.16150000000002 0.0047293014055794511 4.668844385947596e-07 0.040033078064631959 4.4500000000000011 -0.0067975865551684993 0.99255569076417716 2.1150000000000007 1.0179358494570263 48.004019047215756 33.83128323046877 1.0470433028233699 4.0688848391017521e-05 0.028675857618765354 6.1687477475844119e-07 2.467381594811309e-07 0.98479978577512417 -0.0016907319010586498
decision_type=2 2 2 2 2 2 2 2 2 2 2 2 2 2 2 2 2 2 2 2 2 2 2 2 2 2
left_child=1 2 8 -3 6 7 15 -4 -1 24 22 14 16 -7 -12 20 -5 -13 -17 -14 -2 -10 -6 -24 -8 -11
right_child=4 3 5 12 10 13 9 -9 21 25 11 17 19 -15 -16 18 -18 -19 -20 -21 -22 -23 23 -25 -26 -27
leaf_value=0.0074398596118796963 0.0026704116594046352 0.0145346533798709 0.0035060650824226048 0 -0.0036552561934551468 0.0066039505587971734 0.01154943914387537 0.011198716325404227 0 0.0018575291173675884 -0.0058818829778835855 0.00061083525833895505 0.0053635237362767967 0.016863140175356107 -0.0093863322710425693 -0.00016091103765598322 -0.0038392978859779795 -0.003401753623253451 -0.0040174656610512099 0.0011023469137046002 -0.0010214814739883877 -0.0038226045337231718 0.00058497035206164587 -0.0017772842714859343 0.0055321094963861547 -7.6908776711766575e-05
leaf_weight=52 20 26 92 83 43 20 20 156 22 23 261 60 32 107 171 44 103 75 317 74 81 48 29 85 20 101
leaf_count=52 20 26 92 83 43 20 20 156 22 23 261 60 32 107 171 44 103 75 317 74 81 48 29 85 20 101
internal_value=1.05989e-05 0.00566633 0.00868447 0.000902877 -0.00340656 0.0109246 -0.00140121 0.00843296 0.00167782 0.00261181 -0.00512341 -0.00599279 -0.000436208 0.0154603 -0.00733112 -0.00283986 -0.00215495 -0.00162213 -0.00356086 0.00252848 -0.000205625 -0.0026913 -0.0019114 -0.00115113 0.00920641 0.000293679
internal_weight=2165 815 497 318 1350 375 626 248 122 164 724 567 292 127 432 462 186 135 361 106 101 70 157 114 40 124
internal_count=2165 815 497 318 1350 375 626 248 122 164 724 567 292 127 432 462 186 135 361 106 101 70 157 114 40 124
is_linear=0
shrinkage=0.03


Tree=7
num_leaves=22
num_cat=0
split_feature=20 22 23 20 22 23 31 28 29 35 29 21 31 20 22 23 23 28 24 23 17
split_gain=24.4592 14.1686 10.3439 7.61226 5.45604 4.78308 4.00869 3.83749 3.81197 2.94437 2.45599 2.13216 1.79195 1.73867 1.64389 1.62014 0.860454 1.02036 0.351259 0.343501 0.206197
threshold=2.0350000000000006 279.88200000000006 2726.0000000000005 0.76500000000000012 264.27000000000004 2395.5000000000005 -0.0014321856593749497 0.00030156884291005008 2.2304999796192837e-06 1.4590428719033641e-06 0.00060556170284040004 13.22499990463257 -0.00023501800405019996 1.3900000000000001 241.88350000000005 1535.0000000000002 3813.5000000000005 0.10305846863786422 0.25000000000000006 2083.0000000000005 -0.0027939304801421999
decision_type=2 2 2 2 2 2 2 2 2 2 2 2 2 2 2 2 2 2 2 2 2
left_child=1 2 4 6 9 8 -4 -5 -2 -1 -3 14 19 -6 -7 -14 17 -13 -16 -10 -18
right_child=5 10 3 7 13 11 -8 -9 12 -11 -12 16 15 -15 18 -17 20 -19 -20 -21 -22
leaf_value=0.0072440058828833007 0.0083068123471278406 0.0065601116721720806 0.015185467985960153 0.0042872651426672436 0.0034944751789064508 -0.0073135173145239636 0.0022232067112006584 -0.0028600967462027709 -0.0038747029040784886 0.00079653435722205109 0.020785726739371072 -0.0074754887229261493 0.0038060667669106113 0.014207003556279574 -0.00023868730561971997 -0.0013557501365561906 0 -0.0011736965962956029 -0.0025307325844752546 -0.0014287456514083603 -0.0038032647382320937
leaf_weight=127 36 20 36 79 20 56 52 381 177 129 44 257 82 82 98 150 20 28 170 86 35
leaf_count=127 36 20 36 79 20 56 52 381 177 129 44 257 82 82 98 150 20 28 170 86 35
internal_value=1.25129e-05 0.00354721 0.00254964 -4.21267e-05 0.00649261 -0.00285585 0.00788472 -0.00160631 -0.000720137 0.00405353 0.0168778 -0.00454835 -0.00142875 0.0122949 -0.00275053 0.000481217 -0.00621379 -0.00688546 -0.00171559 -0.0031113 -0.00250546
internal_weight=2165 970 906 548 358 1195 88 460 531 256 64 664 495 102 324 232 340 285 268 263 55
internal_count=2165 970 906 548 358 1195 88 460 531 256 64 664 495 102 324 232 340 285 268 263 55
is_linear=0
shrinkage=0.03


Tree=8
num_leaves=27
num_cat=0
split_feature=26 23 34 11 23 32 34 22 23 28 11 30 25 22 22 11 11 11 31 22 11 30 22 35 11 15
split_gain=42.0091 11.64 7.65787 5.95917 4.61367 3.73473 3.65959 3.25285 3.18025 2.55953 2.02387 1.80296 1.49464 1.22441 1.22086 0.905642 0.712136 0.693533 0.508758 0.486309 0.411842 0.266677 0.192724 0.10939 0.106889 0.0407266
threshold=696.50000000000011 3242.0000000000005 -0.03225609611833604 0.86670034847935795 2488.5000000000005 9.7051104056361051e-05 0.0012970907606712503 240.16150000000002 2712.5000000000005 0.00018056040597360003 1.073674911069189 -6.794889620907312e-05 4.4500000000000011 237.74700000000004 265.78750000000008 0.89692081269111668 1.0179358494570263 0.93632178565528534 0.034421554387546009 236.99200000000005 1.0701663767254008 -0.018281622666258247 242.33150000000003 -0.0016907319010586498 0.99152879317798959 0.022880520489100154
decision_type=2 2 2 2 2 2 2 2 2 2 2 2 2 2 2 2 2 2 2 2 2 2 2 2 2 2
left_child=1 2 7 -3 6 8 17 -1 -4 24 11 15 16 -13 -7 -6 -5 21 25 -19 -14 -2 -9 -11 -8 -12
right_child=4 3 5 12 10 14 9 22 -10 23 18 13 20 -15 -16 -17 -18 19 -20 -21 -22 -23 -24 -25 -26 -27
leaf_value=0.0071225757187063045 -0.003257255290276729 0.013850052707668007 0.0095633724519605008 2.7939202946199232e-05 -0.0031353548358078118 0.011624153119236738 0.010958889313366102 -4.155936643481254e-05 0.00056761711641175152 0.0019682357880390351 -0.0060060864900765209 -0.0062167554737566268 0.0043338779382980789 -0.0018001504724342876 0.019422603354851402 -0.0073193725841811724 -0.0036463083703562899 -0.00069731707987823297 -0.004466356370278768 -0.0040905308845796658 0.00053867477584863073 -0.00037494609040343238 -0.0035496847080066802 -0.00016159987267468028 0.0053476877724346903 -0.010693705682050098
leaf_weight=52 36 26 204 83 77 85 20 22 44 24 20 70 49 290 42 172 103 49 32 249 57 128 48 100 20 63
leaf_count=52 36 26 204 83 77 85 20 22 44 24 20 70 49 290 42 172 103 49 32 249 57 128 48 100 20 63
internal_value=1.44032e-05 0.00538281 0.00823781 0.000876099 -0.00322905 0.0103498 -0.00132699 0.00162935 0.00800516 0.00248233 -0.00485727 -0.00412089 -0.000398047 -0.00271148 0.0146149 -0.00609015 -0.00201643 -0.00269296 -0.00852752 -0.00355506 0.00239158 -0.00107276 -0.00253525 0.00026376 0.00879189 -0.00984796
internal_weight=2165 815 497 318 1350 375 626 122 248 164 724 609 292 360 127 249 186 462 115 298 106 164 70 124 40 83
internal_count=2165 815 497 318 1350 375 626 122 248 164 724 609 292 360 127 249 186 462 115 298 106 164 70 124 40 83
is_linear=0
shrinkage=0.03


Tree=9
num_leaves=27
num_cat=0
split_feature=26 23 34 11 23 32 34 20 22 28 11 28 28 25 30 20 31 11 16 11 28 23 14 35 11 14
split_gain=39.6178 10.9619 7.21984 5.64101 4.35802 3.53349 3.46074 3.24831 3.07224 2.42866 1.92087 1.59845 2.10521 1.41276 1.1726 0.825787 0.595016 0.574288 0.546593 0.32231 0.254084 0.252607 0.224629 0.103642 0.0998958 0.0514535
threshold=696.50000000000011 3242.0000000000005 -0.03225609611833604 0.86670034847935795 2488.5000000000005 9.7051104056361051e-05 0.0012970907606712503 1.4350000000000003 240.16150000000002 0.00018056040597360003 1.0636787565828041 0.040033078064631959 4.668844385947596e-07 6.3500000000000005 -0.0067975865551684993 2.1150000000000007 0.038705870245381455 1.0272478555121747 33.83128323046877 1.0625884370700083 4.0688848391017521e-05 2718.0000000000005 0.028675857618765354 -0.0016907319010586498 0.99152879317798959 0.023625953822692804
decision_type=2 2 2 2 2 2 2 2 2 2 2 2 2 2 2 2 2 2 2 2 2 2 2 2 2 2
left_child=1 2 8 -3 6 7 15 -4 -1 24 11 12 -6 17 -7 20 25 -5 -17 -15 -2 -13 -10 -11 -8 -12
right_child=4 3 5 13 10 14 9 -9 22 23 16 21 -14 19 -16 18 -18 -19 -20 -21 -22 -23 -24 -25 -26 -27
leaf_value=0.0069205535563555635 0.0025871461661451534 0.013477533299347449 0.0031106483844084371 0 -0.0016136109222516454 0.0059692023163256435 0.010673005637915237 0.010386839000754197 0 0.0019157495097153713 -0.0057996048850659284 0.0014823964008522266 -0.0059430780662304682 0.0047094252873212108 0.015504881012278862 -7.0655136589614789e-05 -0.004197707444429398 -0.0031933628492253389 -0.0037122695558460691 0.00096474508397902039 -0.00096361350157634902 -0.0015491530657948359 -0.0035581334053593526 -0.00015689307013984309 0.0052081827482451555 -0.010168949403472847
leaf_weight=52 20 26 92 92 150 20 20 156 22 24 22 35 342 38 107 44 38 111 317 51 81 66 48 100 20 71
leaf_count=52 20 26 92 92 150 20 20 156 22 24 22 35 342 38 107 44 38 111 317 51 81 66 48 100 20 71
internal_value=1.50449e-05 0.00522845 0.00799909 0.000854611 -0.00313471 0.0100499 -0.00128594 0.007769 0.00158157 0.00241816 -0.0047172 -0.0039443 -0.00464696 -0.000384807 0.0141987 -0.00261438 -0.00802685 -0.00177039 -0.0032809 0.00269764 -0.0001773 -0.000457312 -0.00246485 0.000256419 0.00856436 -0.00938013
internal_weight=2165 815 497 318 1350 375 626 248 122 164 724 593 492 292 127 462 131 203 361 89 101 101 70 124 40 93
internal_count=2165 815 497 318 1350 375 626 248 122 164 724 593 492 292 127 462 131 203 361 89 101 101 70 124 40 93
is_linear=0
shrinkage=0.03


Tree=10
num_leaves=22
num_cat=0
split_feature=26 23 33 11 15 34 22 29 11 29 26 25 30 26 11 20 15 11 11 14 26
split_gain=37.3467 10.3213 6.80765 5.33982 4.12698 3.64342 3.23493 2.46966 2.2482 1.72218 1.39977 1.34643 0.921201 0.752404 0.639645 0.600774 0.448631 0.37492 0.32971 0.230349 0.0608062
threshold=696.50000000000011 3242.0000000000005 -0.011922384085519148 0.86670034847935795 0.014329932762070853 -0.0098392288121400481 240.16150000000002 2.5037108273434111e-06 1.0636787565828041 0.056107478063348155 1891.0000000000002 4.4500000000000011 0.011952656098534251 720.50000000000011 1.0179358494570263 2.7250000000000005 0.029924331372627403 1.0470433028233699 0.9946632289346703 0.027334878441908052 1046.5000000000002
decision_type=2 2 2 2 2 2 2 2 2 2 2 2 2 2 2 2 2 2 2 2 2
left_child=1 2 6 -3 7 -4 -1 18 10 -7 12 14 -6 -10 -5 -9 -15 -13 -2 -8 -17
right_child=4 3 5 11 8 9 19 15 13 -11 -12 17 -14 16 -16 20 -18 -19 -20 -21 -22
leaf_value=0.0069633530731928548 0.010527132748261742 0.013115034631614028 0.019277209274470804 2.713028926857162e-05 -0.0030268191101485791 0.007921389618812379 0.00016914724465459584 -0.0048231663304567334 -0.0008259248076938092 0.016094313973188397 -0.0068219560140334971 0.0048676909050771175 -0.00018787206333100554 -0.0053174405828397718 -0.0034532519582184556 -0.00017101951692110072 -0.0088834290448576211 0.00096900306969227915 0.0038710752667292297 -0.0034306721073998647 0.0014013090670341624
leaf_weight=56 20 26 33 83 803 309 20 22 21 27 79 32 121 97 103 49 85 74 20 52 33
leaf_count=56 20 26 33 83 803 309 20 22 21 27 79 32 121 97 103 49 85 74 20 52 33
internal_value=1.63486e-05 0.00507815 0.00776665 0.000833666 -0.00304175 0.00982334 0.00172551 0.0017152 -0.00361507 0.00872361 -0.00301025 -0.000371963 -0.0026601 -0.0065015 -0.00190853 -0.000738552 -0.00711614 0.00227507 0.00777113 -0.00242395 0.000453578
internal_weight=2165 815 497 318 1350 369 128 144 1206 336 1003 292 924 203 186 104 182 106 40 72 82
internal_count=2165 815 497 318 1350 369 128 144 1206 336 1003 292 924 203 186 104 182 106 40 72 82
is_linear=0
shrinkage=0.03


Tree=11
num_leaves=27
num_cat=0
split_feature=26 23 34 11 23 32 34 20 22 34 11 30 25 30 22 11 20 11 16 31 11 9 17 11 35 15
split_gain=35.2176 9.722 6.41568 5.05443 4.01751 3.25987 3.0855 3.03587 2.73188 2.19048 1.72639 1.57759 1.27117 1.0714 1.05326 0.855109 0.769539 0.603258 0.511326 0.394377 0.354526 0.219499 0.208685 0.110092 0.0803322 0.0258772
threshold=696.50000000000011 3242.0000000000005 -0.03225609611833604 0.86670034847935795 2488.5000000000005 9.7051104056361051e-05 0.0012970907606712503 1.4350000000000003 240.16150000000002 0.0047293014055794511 1.0753055376206191 -7.5289635688723683e-05 4.4500000000000011 -0.0067975865551684993 237.74700000000004 0.89692081269111668 2.1150000000000007 1.0179358494570263 33.83128323046877 0.034421554387546009 1.0470433028233699 1.054637499325155 0.0034767850475480506 0.98479978577512417 2.8547873017624307e-05 0.022880520489100154
decision_type=2 2 2 2 2 2 2 2 2 2 2 2 2 2 2 2 2 2 2 2 2 2 2 2 2 2
left_child=1 2 8 -3 6 7 16 -4 -1 23 11 15 17 -7 -13 -6 22 -5 -18 25 -14 -10 -2 -8 -11 -12
right_child=4 3 5 12 10 13 9 -9 21 24 19 14 20 -15 -16 -17 18 -19 -20 -21 -22 -23 -24 -25 -26 -27
leaf_value=0.0065267554367130455 0.00071850474859253715 0.012762285223294948 0.0027950347772064178 2.6344766542532066e-05 -0.0028006451717577873 0.0056068390659663988 0.010243634198022924 0.0098178371019345123 -0.00079772266636238146 0.00073901536795087743 -0.0055536969446617623 -0.0057513169662082846 0.0047341771093330218 0.014703454537384888 -0.0016591157616137914 -0.0068480848314818633 0 -0.0033525864110714844 -0.0034916594997645004 -0.0041169073717160663 0.00094106555197315353 -0.0043284822270274166 -0.0022267827585805205 0.0048766784778107759 -0.00091113654455087564 -0.0098556915150238913
leaf_weight=52 74 26 92 83 77 20 20 156 43 91 20 70 32 107 294 171 44 103 317 30 74 27 27 20 33 62
leaf_count=52 74 26 92 83 77 20 20 156 43 91 20 70 32 107 294 171 44 103 317 30 74 27 27 20 33 62
internal_value=1.79031e-05 0.00493335 0.00754265 0.00081357 -0.00295171 0.00947593 -0.00117684 0.0072891 0.00149137 0.00231996 -0.00447102 -0.00380036 -0.000359153 0.0134564 -0.00249483 -0.00565187 -0.00243154 -0.00185243 -0.00307469 -0.00791489 0.00221246 -0.0023226 -8.15252e-05 0.00815738 0.000265091 -0.00907476
internal_weight=2165 815 497 318 1350 375 626 248 122 164 724 612 292 127 364 248 462 186 361 112 106 70 101 40 124 82
internal_count=2165 815 497 318 1350 375 626 248 122 164 724 612 292 127 364 248 462 186 361 112 106 70 101 40 124 82
is_linear=0
shrinkage=0.03


Tree=12
num_leaves=26
num_cat=0
split_feature=26 23 33 11 23 34 34 22 35 28 28 28 24 11 20 16 35 16 11 28 14 29 32 35 11
split_gain=33.2068 9.15119 6.05737 4.78428 3.79597 3.36914 2.91558 2.88771 2.11248 2.08468 1.66643 2.75321 1.06403 0.964477 0.723868 0.513828 0.488277 0.48102 0.315142 0.235304 0.212183 0.193044 0.152028 0.0946542 0.0734663
threshold=696.50000000000011 3242.0000000000005 -0.011922384085519148 0.86670034847935795 2488.5000000000005 -0.0098392288121400481 0.0012970907606712503 240.16150000000002 0.00030986586544645006 0.00018056040597360003 4.668844385947596e-07 0.040033078064631959 0.15000000000000005 0.89692081269111668 2.1150000000000007 48.004019047215756 -0.0013519485559858498 33.83128323046877 1.0889661409083635 4.0688848391017521e-05 0.027334878441908052 6.1687477475844119e-07 2.467381594811309e-07 -0.0016907319010586498 0.99152879317798959
decision_type=2 2 2 2 2 2 2 2 2 2 2 2 2 2 2 2 2 2 2 2 2 2 2 2 2
left_child=1 2 7 -3 6 -4 14 -1 -7 24 21 13 18 -12 19 -13 -14 -16 -5 -2 -9 -6 -23 -11 -8
right_child=4 3 5 12 10 8 9 20 -10 23 11 15 16 -15 17 -17 -18 -19 -20 -21 -22 22 -24 -25 -26
leaf_value=0.0065725341105865214 0.0025798722831532361 0.012419023381738828 0.018342740822583435 0.0039943000348872737 -0.0032156084771065609 0.006855174033216933 0.0098716368804807244 0.00018538312077441291 0.01307008893768569 0.0018394049749606183 -0.0032109069028248391 0.00071890076338535262 -0.0034947481585015888 -0.0069919379604338064 0 -0.0029129730569682297 -0.00041911078911235038 -0.0033878917347525202 0.00023014725734246897 -0.00084056031111893906 -0.003262592739815062 0.00092903835358447396 -0.0014598694509073869 -0.00014005278493616803 0.0048678217993482296
leaf_weight=56 20 26 33 47 43 269 20 20 67 24 87 60 70 345 44 75 138 317 37 81 52 29 85 100 20
leaf_count=56 20 26 33 47 43 269 20 20 67 24 87 60 70 345 44 75 138 317 37 81 52 29 85 100 20
internal_value=1.82452e-05 0.00479134 0.00732291 0.000793961 -0.00286531 0.00926304 -0.00113991 0.00162291 0.008208 0.00225896 -0.00434217 -0.00510017 -0.000346747 -0.00626477 -0.00235968 -0.00129653 -0.00150337 -0.00298346 0.00243587 -7.95193e-05 -0.00229572 -0.00154161 -0.000818284 0.000253846 0.00795366
internal_weight=2165 815 497 318 1350 369 626 128 336 164 724 567 292 432 462 135 208 361 84 101 72 157 114 124 40
internal_count=2165 815 497 318 1350 369 626 128 336 164 724 567 292 432 462 135 208 361 84 101 72 157 114 124 40
is_linear=0
shrinkage=0.03


Tree=13
num_leaves=27
num_cat=0
split_feature=26 23 33 11 23 34 34 26 35 34 11 31 25 23 23 11 11 11 31 11 34 31 17 11 35 14
split_gain=31.3001 8.62154 5.70926 4.52944 3.58169 3.19631 2.75554 2.1821 1.99658 1.9745 1.60451 1.29313 1.14801 0.899872 0.783466 0.699796 0.560764 0.554644 0.49177 0.320498 0.23308 0.23235 0.140368 0.0992603 0.0744051 0.0560442
threshold=696.50000000000011 3242.0000000000005 -0.011922384085519148 0.86670034847935795 2488.5000000000005 -0.0098392288121400481 0.0012970907606712503 494.00000000000006 0.00030986586544645006 0.0047293014055794511 1.0636787565828041 -8.9406442370454508e-05 4.4500000000000011 3023.0000000000005 3040.0000000000005 0.89692081269111668 0.93632178565528534 1.0272478555121747 0.034421554387546009 1.0470433028233699 -0.0010488935468846497 -0.022240789792214298 -0.0036288590474019495 0.98479978577512417 2.8547873017624307e-05 0.023625953822692804
decision_type=2 2 2 2 2 2 2 2 2 2 2 2 2 2 2 2 2 2 2 2 2 2 2 2 2 2
left_child=1 2 7 -3 6 -4 16 14 -7 23 11 15 17 -13 -1 -6 21 -5 25 -14 -18 -2 -9 -8 -11 -12
right_child=4 3 5 12 10 8 9 22 -10 24 18 13 19 -15 -16 -17 20 -19 -20 -21 -22 -23 -24 -25 -26 -27
leaf_value=0.0063517351345937761 -0.0028679054474744659 0.012084995098668953 0.017838315545891718 -1.6799777580965907e-05 -0.0026376008355058732 0.0066517871484501317 0.0097293649147386137 -0.00098827994691208011 0.012694790677140863 0.00070549165116616237 -0.0051859822417795656 -7.2153433408987293e-06 0.0045061162408973491 -0.0033076586889551744 -0.00030827438410209571 -0.0063431096311927912 -0.0026118708607872298 -0.0033053842976012012 -0.0038653121639129727 0.0008958139830002827 -0.0050669492724187233 -0.00018679926450629114 -0.0045200404437078581 0.0046159473680283713 -0.00088222883290533594 -0.0092786480958263074
leaf_weight=58 36 26 33 90 77 269 20 22 67 91 22 109 32 244 20 163 250 96 40 74 48 128 28 20 33 69
leaf_count=58 36 26 33 90 77 269 20 22 67 91 22 109 32 244 20 163 250 96 40 74 48 128 28 20 33 69
internal_value=1.99612e-05 0.00465403 0.00711128 0.000773711 -0.00277954 0.00899489 -0.0011034 0.00157662 0.00796732 0.00220059 -0.00421415 -0.00350799 -0.000335945 -0.00230562 0.00465883 -0.00521384 -0.00228933 -0.00175553 -0.00723821 0.00210726 -0.00306385 -0.000834246 -0.00316657 0.00774284 0.000248472 -0.00851822
internal_weight=2165 815 497 318 1350 369 626 128 336 164 724 593 292 353 78 240 462 186 131 106 298 164 50 40 124 91
internal_count=2165 815 497 318 1350 369 626 128 336 164 724 593 292 353 78 240 462 186 131 106 298 164 50 40 124 91
is_linear=0
shrinkage=0.03


Tree=14
num_leaves=25
num_cat=0
split_feature=26 34 22 20 22 22 26 11 20 28 29 26 26 26 11 29 19 19 29 26 11 19 35 25
split_gain=29.517 7.88789 6.80736 3.92283 3.38099 3.17017 2.65319 2.55087 2.98206 2.12606 1.66131 1.10937 0.708241 0.674625 0.654365 0.590246 0.575618 0.429433 0.254338 0.266247 0.150098 0.145681 0.0145225 0.00681343
threshold=696.50000000000011 -0.046338284102599193 264.27000000000004 1.3900000000000001 259.28300000000007 240.86050000000003 616.00000000000011 1.073674911069189 2.8150000000000004 1.4512019211414256e-05 1.7651415767256464e-06 1891.0000000000002 720.50000000000011 756.50000000000011 1.0808288150801733 0.004551073412870801 95.18500137329103 95.764999389648452 0.0065566369929250514 1073.0000000000002 1.1492882096352051 95.295001983642592 4.2507567760178645e-05 0.45000000000000007
decision_type=2 2 2 2 2 2 2 2 2 2 2 2 2 2 2 2 2 2 2 2 2 2 2 2
left_child=1 5 4 -4 6 17 -3 8 11 -5 -10 13 -9 -2 21 -6 -12 20 19 -14 -1 -7 -13 -16
right_child=7 2 3 9 15 14 -8 12 10 -11 16 22 18 -15 23 -17 -18 -19 -20 -21 -22 -23 -24 -25
leaf_value=0.0059267465146806307 0.00043336265066978879 0.0084643684792354967 0.00063798591845175799 0.0064832597234032365 -0.00067745213245247471 -0.0024347351718170102 -0.00095284070275457832 -0.00045903910429257415 0.0070045243836939332 0.014350574536006088 0.0010163273809972453 -0.0067411897177879626 -0.0046002585772348913 -0.0027502532086740692 -0.0025264751883223653 0.0033503573239659487 -0.002812747872769833 0.0008421687279992244 -0.0097154954764992005 -0.0082833278210539558 0.0022306331568397583 0.0002731553304686465 -0.0036755797100131923 -0.0047532357838574865
leaf_weight=65 62 136 31 52 109 21 32 20 33 135 117 62 95 830 21 43 47 31 29 35 21 63 20 55
leaf_count=65 62 136 31 52 109 21 32 20 33 135 117 62 95 830 21 43 47 31 29 35 21 63 20 55
internal_value=2.00554e-05 0.00452023 0.00662863 0.0106998 0.00377226 0.000387354 0.00666782 -0.0026985 -0.00217378 0.0123156 0.00116742 -0.00285415 -0.00602223 -0.00252491 -0.00232962 0.000485431 -9.38809e-05 0.00409323 -0.00668202 -0.00577889 0.00516353 -0.000429947 -0.00618489 -0.00429523
internal_weight=2165 815 538 218 320 277 168 1350 1171 187 197 974 179 892 160 152 164 117 159 130 86 84 82 76
internal_count=2165 815 538 218 320 277 168 1350 1171 187 197 974 179 892 160 152 164 117 159 130 86 84 82 76
is_linear=0
shrinkage=0.03


Tree=15
num_leaves=27
num_cat=0
split_feature=26 23 33 11 23 34 34 22 35 28 21 28 11 25 20 35 11 16 11 28 14 23 35 11 28 11
split_gain=27.8207 7.69574 5.08445 4.10215 3.25872 2.93379 2.4701 2.4533 1.81713 1.80136 1.47454 1.76863 1.04839 1.0201 0.672719 0.450487 0.443118 0.429543 0.245813 0.21131 0.18372 0.130493 0.0891846 0.0726084 0.0683759 0.00794545
threshold=696.50000000000011 3242.0000000000005 -0.011922384085519148 0.86670034847935795 2488.5000000000005 -0.0098392288121400481 0.0012970907606712503 240.16150000000002 0.00030986586544645006 0.00018056040597360003 11.480000019073488 0.040033078064631959 0.88071245463379844 6.3500000000000005 2.1150000000000007 -0.0011333674807632998 0.9786493317590349 33.83128323046877 1.0625884370700083 4.0688848391017521e-05 0.027334878441908052 3460.5000000000005 -0.0016907319010586498 0.99152879317798959 1.3632513170423934e-07 0.97948324560258504
decision_type=2 2 2 2 2 2 2 2 2 2 2 2 2 2 2 2 2 2 2 2 2 2 2 2 2 2
left_child=1 2 7 -3 6 -4 14 -1 -7 23 21 12 -12 16 19 -13 -5 -16 -15 -2 -9 24 -11 -8 -6 -23
right_child=4 3 5 13 10 8 9 20 -10 22 11 15 -14 18 17 -17 -18 -19 -20 -21 -22 25 -24 -25 -26 -27
leaf_value=0.0060488076679787398 0.0025684272942497676 0.011486677670273287 0.016953121120731034 0.00066591606829315413 0.00016627959154869374 0.0062510024544843706 0.0092311130742663925 0.00017520798093882266 0.012011661063986163 0.0017804485224187372 -0.0019331914015063964 0.0016315319519735088 -0.0060612148463920655 0.0040401771895860021 0 -0.0024535923704018139 -0.0023789693190725582 -0.0031273728860024674 0.000767821818189178 -0.00067658121191613773 -0.0030240149532360112 -0.0013365838990721383 -0.00014070588372448839 0.0044740357123639269 -0.0013233186009195472 -0.0029769522799430667
leaf_weight=56 20 26 33 57 46 269 20 20 67 24 71 35 399 38 44 63 146 317 51 81 52 21 100 20 55 34
leaf_count=56 20 26 33 57 46 269 20 20 67 24 71 35 399 38 44 63 146 317 51 81 52 21 100 20 55 34
internal_value=1.93969e-05 0.00438839 0.00670998 0.000721844 -0.00261984 0.00848764 -0.00102101 0.00148541 0.00750469 0.00210657 -0.00398822 -0.00469808 -0.00546018 -0.000333565 -0.00214412 -0.000959791 -0.00151219 -0.00274521 0.0022838 0 -0.00212388 -0.00134484 0.000240783 0.00740043 -0.000630815 -0.00250388
internal_weight=2165 815 497 318 1350 369 626 128 336 164 724 568 470 292 462 98 203 361 89 101 72 156 124 40 101 55
internal_count=2165 815 497 318 1350 369 626 128 336 164 724 568 470 292 462 98 203 361 89 101 72 156 124 40 101 55
is_linear=0
shrinkage=0.03


Tree=16
num_leaves=28
num_cat=0
split_feature=26 23 34 11 23 32 23 34 28 20 28 28 28 25 11 20 28 11 16 16 23 28 29 32 17 35 11
split_gain=26.2274 7.24693 4.78915 3.88263 3.07537 2.7492 2.68759 2.3344 1.7094 1.65387 1.42394 2.30146 0.988932 0.970819 0.832072 0.635408 0.609827 0.490655 0.452675 0.452072 0.286324 0.218466 0.172709 0.149663 0.0879319 0.0845037 0.067616
threshold=696.50000000000011 3242.0000000000005 -0.03225609611833604 0.86670034847935795 2488.5000000000005 9.7051104056361051e-05 2712.5000000000005 0.0012970907606712503 0.00018056040597360003 1.5650000000000002 4.668844385947596e-07 0.040033078064631959 0.0043366215427318505 4.4500000000000011 0.99255569076417716 2.2050000000000005 0.0011042600325660002 1.0272478555121747 48.004019047215756 33.83128323046877 3365.5000000000005 4.0688848391017521e-05 6.1687477475844119e-07 2.467381594811309e-07 0.0035451222089432004 -0.0016907319010586498 0.99152879317798959
decision_type=2 2 2 2 2 2 2 2 2 2 2 2 2 2 2 2 2 2 2 2 2 2 2 2 2 2 2
left_child=1 2 9 -3 7 6 -4 15 26 24 22 14 -7 17 -12 21 -11 -5 -13 -17 -15 -2 -6 -24 -1 -10 -9
right_child=4 3 5 13 10 12 -8 8 25 16 11 18 -14 20 -16 19 -18 -19 -20 -21 -22 -23 23 -25 -26 -27 -28
leaf_value=-0.0010899553830921651 0.0023191422094241713 0.011177726060665888 0.0076228837511785651 0 -0.0028606193396870207 0.014070104263791041 -0.00044907344833135287 0.0089903018319088483 0.0017329698869337636 -0.00027634693832394829 -0.0044414011337529776 0.00079246401586126347 0.0074702361508765637 0.0036704156475607305 -0.0073332398101558973 7.3420504480600359e-05 0.0056353189960906382 -0.0030851740250646166 -0.0026140915649369933 -0.003179409875912368 0.00047733313841308696 -0.00082915183524389486 0.0011241544168442486 -0.0012489002399114807 -0.0040724738387969027 -0.00013660766421568589 0.0043573217983964982
leaf_weight=22 21 26 204 90 43 79 44 20 24 20 261 60 48 45 171 42 54 96 75 292 61 107 29 85 26 100 20
leaf_count=22 21 26 204 90 43 79 44 20 24 20 261 60 48 45 171 42 54 96 75 292 61 107 29 85 26 100 20
internal_value=2.11531e-05 0.00426323 0.00651614 0.000704837 -0.00254136 0.00818667 0.00619056 -0.000988004 0.00205219 0.00128405 -0.00387071 -0.00457103 0.0118287 -0.000321699 -0.00563566 -0.00207993 0.00405009 -0.00162767 -0.00109401 -0.00276446 0.00192412 -0.000248453 -0.00128449 -0.000606242 -0.00290884 0.000234013 0.00720919
internal_weight=2165 815 497 318 1350 375 248 626 164 122 724 567 127 292 432 462 74 186 135 334 106 128 157 114 48 124 40
internal_count=2165 815 497 318 1350 375 248 626 164 122 724 567 127 292 432 462 74 186 135 334 106 128 157 114 48 124 40
is_linear=0
shrinkage=0.03


Tree=17
num_leaves=26
num_cat=0
split_feature=26 23 33 11 23 34 34 22 35 28 11 28 28 25 20 11 30 16 11 23 28 14 15 35 11
split_gain=24.7131 6.82138 4.52095 3.67558 2.90284 2.68884 2.20618 2.19209 1.72655 1.62215 1.35321 1.09668 1.48133 0.916719 0.600636 0.463905 0.397151 0.382077 0.278115 0.192758 0.189663 0.16677 0.105347 0.0800697 0.0629129
threshold=696.50000000000011 3242.0000000000005 -0.011922384085519148 0.86670034847935795 2488.5000000000005 -0.0098392288121400481 0.0012970907606712503 240.16150000000002 0.00038358326105570006 0.00018056040597360003 1.0636787565828041 0.040033078064631959 4.668844385947596e-07 4.4500000000000011 2.1150000000000007 1.0179358494570263 0.030965520652841954 32.804848004967013 1.0701663767254008 2718.0000000000005 4.0688848391017521e-05 0.027334878441908052 0.021088653338546554 -0.0016907319010586498 0.99152879317798959
decision_type=2 2 2 2 2 2 2 2 2 2 2 2 2 2 2 2 2 2 2 2 2 2 2 2 2
left_child=1 2 7 -3 6 -4 14 -1 -7 24 11 12 -6 15 20 -5 22 -16 -15 -13 -2 -9 -12 -11 -8
right_child=4 3 5 13 10 8 9 21 -10 23 16 19 -14 18 17 -17 -18 -19 -20 -21 -22 -23 -24 -25 -26
leaf_value=0.0057120647061679325 0.0024409255029775364 0.010877083926879126 0.016099982823245228 6.1627341372767712e-05 -0.0011483837767970958 0.0059605418560819126 0.008755771982928982 0.00017136509228578726 0.011937647467068695 0.0016867573456838725 -0.0041867094725046459 0.0014665324079902156 -0.0047772620221195007 0.003465773073356384 0.00017452232739547402 -0.0028966523480056872 -0.0034350458702870779 -0.0029181976802804236 0.00034467486576177179 -0.0011847451838320527 -0.00063302250642612175 -0.0028703557069349869 -0.0083841985499858857 -0.00013262879880353157 0.0042436524856349694
leaf_weight=56 20 26 33 83 150 280 20 20 56 24 20 35 342 49 38 103 39 323 57 66 81 52 72 100 20
leaf_count=56 20 26 33 83 150 280 20 20 56 24 20 35 342 49 38 103 39 323 57 66 81 52 72 100 20
internal_value=2.20613e-05 0.00413989 0.00632568 0.000687199 -0.00246534 0.00800203 -0.000956027 0.00139759 0.0070624 0.00199921 -0.00375689 -0.00310885 -0.00369062 -0.000311337 -0.00201766 -0.00158066 -0.0065327 -0.00258565 0.00187065 -0.000221338 0 -0.00201238 -0.00766431 0.000227415 0.00702295
internal_weight=2165 815 497 318 1350 369 626 128 336 164 724 593 492 292 462 186 131 361 106 101 101 72 92 124 40
internal_count=2165 815 497 318 1350 369 626 128 336 164 724 593 492 292 462 186 131 361 106 101 101 72 92 124 40
is_linear=0
shrinkage=0.03


Tree=18
num_leaves=26
num_cat=0
split_feature=26 23 33 11 23 20 26 30 22 26 28 11 28 28 25 20 11 16 31 23 28 23 9 11 35
split_gain=23.3012 6.42512 4.26137 3.47925 2.74211 2.16344 2.71558 2.07077 2.06872 1.47154 1.43132 1.28138 1.03276 1.39351 0.865091 0.574336 0.437994 0.408529 0.387382 0.267911 0.194714 0.182111 0.163552 0.133111 0.0758695
threshold=696.50000000000011 3242.0000000000005 -0.011922384085519148 0.86670034847935795 2488.5000000000005 1.4450000000000001 315.00000000000006 1.0000000180025095e-35 240.16150000000002 616.00000000000011 0.00018056040597360003 1.0636787565828041 0.040033078064631959 4.668844385947596e-07 4.4500000000000011 2.2050000000000005 1.0272478555121747 33.83128323046877 0.026886608084672952 3365.5000000000005 4.0688848391017521e-05 2718.0000000000005 1.054637499325155 0.99152879317798959 -0.0016907319010586498
decision_type=2 2 2 2 2 2 2 2 2 2 2 2 2 2 2 2 2 2 2 2 2 2 2 2 2
left_child=1 2 8 -3 7 6 -4 15 -1 -7 23 12 13 -6 16 20 -5 -17 -13 -16 -2 -14 -10 -9 -12
right_child=4 3 5 14 11 9 -8 10 22 -11 24 18 21 -15 19 17 -18 -19 -20 -21 -22 -23 -24 -25 -26
leaf_value=0.0055494158545793112 0.0022008893470483594 0.010584527913352539 0.010505074338001363 0 -0.001114607805617875 0.011307559512344734 0.0019153554242023023 0.0085273605248202457 -0.00067547073644527689 0.0053077343270755729 0.0016417771682350171 -0.0076650821650184157 0.0014260098232250463 -0.0046351904408358357 0.003506773406174034 7.6787148664394998e-05 -0.0029111572718318324 -0.0030131362510206166 -0.0036969249737175075 0.0004201795153385319 -0.00077112242715216277 -0.001150748137091084 -0.0037043544269166882 0.003735835118377581 -0.00012876582664699812
leaf_weight=56 21 26 48 90 150 156 103 20 45 62 24 83 35 342 45 42 96 290 48 61 107 66 27 22 100
leaf_count=56 21 26 48 90 150 156 103 20 45 62 24 83 35 342 45 42 96 290 48 61 107 66 27 22 100
internal_value=2.3219e-05 0.00402173 0.00614311 0.000670467 -0.00239204 0.00777068 0.0048168 -0.000924969 0.00135773 0.00970998 0.00191474 -0.00364736 -0.00301659 -0.00358116 -0.000300784 -0.00196198 -0.00153412 -0.0026161 -0.00634881 0.0018185 -0.00022139 -0.000213589 -0.00195404 0.00650056 0.000220985
internal_weight=2165 815 497 318 1350 369 151 626 128 218 166 724 593 492 292 460 186 332 131 106 128 101 72 42 124
internal_count=2165 815 497 318 1350 369 151 626 128 218 166 724 593 492 292 460 186 332 131 106 128 101 72 42 124
is_linear=0
shrinkage=0.03


Tree=19
num_leaves=27
num_cat=0
split_feature=26 23 34 11 23 32 23 34 22 28 28 28 34 25 20 11 11 11 11 11 34 32 35 9 35 11
split_gain=21.9618 6.05005 4.01967 3.30511 2.59267 2.43811 2.46562 2.35827 1.7268 1.43491 1.38304 1.36739 0.921676 0.747399 0.69335 0.602813 0.506077 0.496463 0.268922 0.217542 0.213214 0.195928 0.187606 0.167833 0.127603 0.0529167
threshold=696.50000000000011 3242.0000000000005 -0.03225609611833604 0.84962769288549633 2576.5000000000005 9.7051104056361051e-05 2712.5000000000005 0.0012970907606712503 240.16150000000002 0.00018056040597360003 3.432029646700135e-07 0.040033078064631959 -0.0065303268707853487 6.3500000000000005 2.5850000000000004 0.99255569076417716 0.93632178565528534 0.9786493317590349 0.99960971425360212 1.0625884370700083 -0.00013790912190204997 2.467381594811309e-07 -2.7495587938917908e-06 1.054637499325155 -0.0016907319010586498 0.99152879317798959
decision_type=2 2 2 2 2 2 2 2 2 2 2 2 2 2 2 2 2 2 2 2 2 2 2 2 2 2
left_child=1 2 8 -3 7 6 -4 14 -1 25 20 15 -7 17 16 -12 -2 -5 -13 -15 21 -6 -16 -10 -11 -9
right_child=4 3 5 13 10 12 -8 9 23 24 11 18 -14 19 22 -17 -18 -19 -20 -21 -22 -23 -24 -25 -26 -27
leaf_value=0.0051756624235348271 0.00014544249293672393 0.011364817909896373 0.0069925956486899784 0.00099263944835760259 0.0020080941414990874 0.013685689187483556 -0.00072152187370080889 0.0083049074579840121 -0.00053050160064847893 0.0017703770642103843 -0.0041370541984368028 0.00010574492996758116 0.0075709113190162236 0.0036962427182531941 -0.00079020751891948748 -0.0067277622638287496 -0.0021783518817335007 -0.002139285361735719 -0.0027161300860511035 0.0006254710580461606 -0.0026441280797589572 -0.00095392679068726297 -0.0041622617925095784 -0.003604336909111589 -0.00014847729673226164 0.0040354919661565319
leaf_weight=52 131 21 204 62 24 64 44 20 43 40 242 53 63 38 21 159 221 146 62 51 45 74 134 27 104 20
leaf_count=52 131 21 204 62 24 64 44 20 43 40 242 53 63 38 21 159 221 146 62 51 45 74 134 27 104 20
internal_value=2.41273e-05 0.00390605 0.00596461 0.000653723 -0.00232065 0.00749518 0.00561974 -0.0010239 0.00116903 0.00185598 -0.00366504 -0.00438748 0.0109202 -0.000199702 -0.00207972 -0.00521405 -0.00131116 -0.00119067 -0.00142057 0.00204697 -0.00100104 -0.000160731 -0.00374807 -0.00185662 0.000389382 0.00667045
internal_weight=2165 815 497 318 1350 375 248 691 122 184 659 516 127 297 507 401 352 208 115 89 143 98 155 70 144 40
internal_count=2165 815 497 318 1350 375 248 691 122 184 659 516 127 297 507 401 352 208 115 89 143 98 155 70 144 40
is_linear=0
shrinkage=0.03


Tree=20
num_leaves=26
num_cat=0
split_feature=26 34 20 19 19 15 22 29 22 11 26 26 29 26 11 31 28 20 19 15 19 11 26 21 31
split_gain=20.7032 5.65441 5.32219 3.42804 3.24317 2.34575 2.26554 1.5895 1.46021 1.44069 1.07589 0.943833 0.666862 0.597751 0.586902 0.529085 0.445879 0.399796 0.331119 0.275976 0.142921 0.10962 0.0506745 0.0272457 0.0168628
threshold=696.50000000000011 -0.044003053201164245 1.3900000000000001 94.24499893188478 98.514999389648452 0.014165535495640001 240.86050000000003 2.8007032604710173e-06 267.49850000000004 1.073674911069189 298.00000000000006 1891.0000000000002 0.00026907058705555006 720.50000000000011 1.0808288150801733 -1.7713070279575435e-06 0.013633730171010102 2.7250000000000005 95.764999389648452 0.029645750845180303 95.295001983642592 1.1176948617223499 1046.5000000000002 14.385000228881838 -0.0016001172065556
decision_type=2 2 2 2 2 2 2 2 2 2 2 2 2 2 2 2 2 2 2 2 2 2 2 2 2
left_child=1 6 3 16 8 7 18 -2 -4 11 -5 15 -6 -11 20 -7 -3 -9 21 -15 -8 -1 -19 -16 -13
right_child=5 2 4 10 12 9 14 17 -10 13 -12 24 -14 19 23 -17 -18 22 -20 -21 -22 -23 -24 -25 -26
leaf_value=0.0051371007961305707 0.006420083868998761 -0.00059312977831620843 0.007146915325373278 0.010877036560759988 0.0046120760865742344 -0.0023654419061410652 -0.002206583706254605 -0.0040737663131693129 0.012655760758090762 -9.4885298111678461e-05 0.0036997227176325397 -0.0034082273827865718 -0.0017817444958103197 -0.0040556926054856439 -0.0022486498482525348 -0.00073505804501746753 0.0031238991531232991 -0.00015416758852627348 0.00063916564173996458 -0.0070938316495266062 0.00046001237893188499 0.0020191772492745745 0.0013358318155733285 -0.0043957791974982962 -0.0059417529733016569
leaf_weight=63 38 146 103 40 29 701 21 20 113 20 45 27 24 76 27 253 33 48 31 83 68 23 29 49 55
leaf_count=63 38 146 103 40 29 701 21 20 113 20 45 27 24 76 27 253 33 48 31 83 68 23 29 49 55
internal_value=2.48572e-05 0.00379394 0.00560355 0.00251829 0.00855927 -0.0022517 0.000340146 0.0014595 0.0101764 -0.0026691 0.00736704 -0.00222263 0.00172285 -0.00515743 -0.00190082 -0.00193986 0.000115846 -0.000588126 0.00349399 -0.00576216 -0.000188012 0.00443312 0.000398551 -0.00378532 -0.00529257
internal_weight=2165 815 533 264 269 1350 282 135 216 1215 85 1036 53 179 165 954 179 97 117 159 89 86 77 76 82
internal_count=2165 815 533 264 269 1350 282 135 216 1215 85 1036 53 179 165 954 179 97 117 159 89 86 77 76 82
is_linear=0
shrinkage=0.03


Tree=21
num_leaves=29
num_cat=0
split_feature=26 23 11 11 23 35 19 30 23 28 21 28 19 20 20 25 11 11 11 35 11 23 8 23 11 14 8 11
split_gain=19.523 5.5402 3.67697 2.90168 2.47055 2.1513 2.36992 1.68465 1.52389 1.40027 1.26399 0.779345 0.757967 0.671309 0.641966 0.621268 0.638561 0.593931 0.475711 0.425794 0.216544 0.201529 0.200873 0.165176 0.122019 0.120518 0.0852317 0.0144097
threshold=710.50000000000011 3242.0000000000005 1.1176948617223499 0.80381826733462947 2576.5000000000005 1.6484516230561638e-05 97.615001678466811 1.0000000180025095e-35 2712.5000000000005 0.00018056040597360003 11.690000057220461 0.040033078064631959 93.615001678466811 2.5850000000000004 1.5450000000000002 6.3500000000000005 0.95924708581145401 1.0234876377002788 0.93632178565528534 8.0461145764640674e-05 1.0427015487797913 3365.5000000000005 1.0512449609057792 3460.5000000000005 0.99152879317798959 0.059593682826753057 1.0032282878160099 0.97948324560258504
decision_type=2 2 2 2 2 2 2 2 2 2 2 2 2 2 2 2 2 2 2 2 2 2 2 2 2 2 2 2
left_child=1 2 5 -3 7 12 -7 13 22 24 23 17 -1 18 -10 16 -5 -12 -2 -11 -13 -17 -4 26 -9 -15 -6 -25
right_child=4 3 8 15 10 6 -8 9 14 19 11 20 -14 25 -16 21 -18 -19 -20 -21 -22 -23 -24 27 -26 -27 -28 -29
leaf_value=0.0022727778865135571 0.00021394894073401062 0.010877494843109793 0.0052086221092336234 0.0015130534981779584 0.00050234562654376909 0.012015398468690371 0.00056303650436356019 0.0079301104390102888 -0.0033907143309150102 0.00063096065521427017 -0.0040614857615496299 0.00041158532935849117 0.0063794474379911294 -0.0041809569640538172 0.0025127367414534089 0.0032836160425213168 -0.0019575483986230282 -0.0068548939681928088 -0.0020381626392900216 -0.0037870938496097268 -0.0028555531934968061 0.00035775649791429848 0.0012768987018270824 -0.0011653438979992642 0.0034066149030067025 -0.0015293721552157111 -0.0012213203539699314 -0.0028441443364249498
leaf_weight=63 131 20 60 63 48 110 20 20 50 131 313 34 163 108 21 45 166 106 221 20 32 44 20 21 22 28 47 38
leaf_count=63 131 20 60 63 48 110 20 20 50 131 313 34 163 108 21 45 166 106 221 20 32 44 20 21 22 28 47 38
internal_value=2.47748e-05 0.00357953 0.00555449 0.000585473 -0.00225149 0.00721081 0.0103285 -0.000981539 0.00156565 0.00136736 -0.00358934 -0.00434084 0.00529254 -0.0019193 -0.001573 -0.000148087 -0.000982604 -0.00481899 -0.00119684 0 -0.00118429 0.00192857 0.00434352 -0.00116576 0.0060124 -0.00370142 -0.000331086 -0.00238029
internal_weight=2165 845 507 338 1320 356 130 681 151 193 639 485 226 488 71 318 229 419 352 151 66 89 80 154 42 136 95 59
internal_count=2165 845 507 338 1320 356 130 681 151 193 639 485 226 488 71 318 229 419 352 151 66 89 80 154 42 136 95 59
is_linear=0
shrinkage=0.03


Tree=22
num_leaves=26
num_cat=0
split_feature=26 33 22 20 22 22 15 26 28 29 16 15 26 19 29 31 28 19 20 19 15 16 26 26 14
split_gain=18.4301 4.95075 4.98873 2.57007 2.2466 2.12684 2.08733 1.83871 1.62038 1.43066 1.02796 0.55802 0.606935 0.533057 0.44044 0.435467 0.415097 0.373824 0.36599 0.307868 0.173623 0.127211 0.0506488 0.0479456 0.0381775
threshold=696.50000000000011 -0.022723903716796647 264.27000000000004 1.3900000000000001 240.86050000000003 259.28300000000007 0.014165535495640001 616.00000000000011 1.4512019211414256e-05 2.8007032604710173e-06 44.869389888053682 0.031463743285358156 720.50000000000011 89.524997711181655 0.0043171885124230012 0.021336670270878204 0.00028876462829355 94.825000762939467 2.7250000000000005 96.005001068115249 0.037950152698906801 65.254554273547754 953.00000000000011 1046.5000000000002 0.037787742033531156
decision_type=2 2 2 2 2 2 2 2 2 2 2 2 2 2 2 2 2 2 2 2 2 2 2 2 2
left_child=1 4 5 -4 19 7 9 -3 -5 -2 15 13 -13 -12 -7 16 -8 24 -11 21 -19 -1 -17 -20 -6
right_child=6 2 3 8 17 14 10 -9 -10 18 11 12 -14 -15 -16 22 -18 20 23 -21 -22 -23 -24 -25 -26
leaf_value=0.0048993570269276832 0.0060839659513496772 0.0066272708892930361 0.00018117154702063529 0.0050237207762897007 -0.0022761042745021933 -0.00078407142138442118 -0.00086178044311483229 -0.0010819253911346701 0.011826077393262925 -0.0038992162456978918 -0.0050363779612151638 -0.00040631970376229479 -0.0056778954730834809 -0.0023318402029395484 0.0026752688443050423 0.00012874462130712345 -0.0026925245401097264 -0.0018304964058640362 -0.00015723456298548946 0.00038474793543493183 0.00059663148919207739 0.0016407294240780173 0.0020351271172580512 0.0012914661582485677 -0.0046238359557464722
leaf_weight=70 38 137 28 52 30 108 233 33 134 20 81 25 133 455 44 37 231 54 48 26 45 21 20 29 33
leaf_count=70 38 137 28 52 30 108 233 33 134 20 81 25 133 455 44 37 231 54 48 26 45 21 20 29 33
internal_value=2.51719e-05 0.0035814 0.00526098 0.00879306 0.000322407 0.00284484 -0.0021227 0.00512063 0.0100501 0.00137731 -0.00251649 -0.00327634 -0.00488553 -0.00277187 0.000230359 -0.00148564 -0.00179107 -0.00194103 -0.00056374 0.00345157 -0.000712745 0.00425564 0.000915962 0.000378849 -0.0037056
internal_weight=2165 815 536 214 279 322 1350 170 186 135 1215 694 158 536 152 521 464 162 97 117 99 91 57 77 63
internal_count=2165 815 536 214 279 322 1350 170 186 135 1215 694 158 536 152 521 464 162 97 117 99 91 57 77 63
is_linear=0
shrinkage=0.03


Tree=23
num_leaves=22
num_cat=0
split_feature=20 22 23 20 30 23 30 22 29 29 22 21 34 22 22 11 20 19 23 17 31
split_gain=9.7673 6.31007 4.4164 3.42439 3.27323 2.14034 2.04524 1.93827 1.72616 1.59181 1.10426 1.08726 0.824716 0.816491 0.468766 0.448908 0.321993 0.274609 0.195783 0.173482 0.0491648
threshold=2.0350000000000006 279.88200000000006 2632.5000000000005 0.76500000000000012 0.0035934960265074007 2395.5000000000005 -0.0011699675650616497 256.03400000000005 2.2304999796192837e-06 0.00060556170284040004 264.27000000000004 13.22499990463257 -0.025381535980272346 241.88350000000005 289.92950000000002 1.0987561386597935 2.3850000000000002 97.564998626708999 3460.5000000000005 0.0029475746796794504 0.0022391424086411005
decision_type=2 2 2 2 2 2 2 2 2 2 2 2 2 2 2 2 2 2 2 2 2
left_child=1 2 4 6 10 8 -4 -5 -2 -3 -1 13 16 -7 -14 17 -10 -13 -15 -6 -17
right_child=5 9 3 7 19 11 -8 -9 12 -11 -12 15 14 18 -16 20 -18 -19 -20 -21 -22
leaf_value=0.0017259401663235184 0.0057134612474877104 0.0032787004869593221 0.010638528347015379 0.0014841584477674132 0.012223743983677454 -0.0048496952665237451 0.0013764173348137939 -0.0023275771490004434 0 0.014235594471718401 0.0064950475811453188 -0.0040493483852118073 0.00024976567084117313 -0.00032412765935465178 -0.0029460376615616235 -0.0036618136076722292 -0.003822817222512466 -0.0016868818424802551 -0.0020792356343061497 0.006375375609397888 -0.0072134147965908051
leaf_weight=196 36 20 36 189 39 56 52 316 27 44 56 202 333 183 44 20 91 71 85 22 47
leaf_count=196 36 20 36 189 39 56 52 316 27 44 56 202 333 183 44 20 91 71 85 22 47
internal_value=2.48624e-05 0.00225899 0.00159243 6.05149e-05 0.00445713 -0.00178723 0.00542424 -0.000894761 -0.000357433 0.0111565 0.00286145 -0.00291939 -0.000836735 -0.00163729 -0.000135638 -0.0041074 -0.00299299 -0.00347082 -0.00090871 0.0105591 -0.00639846
internal_weight=2165 970 906 593 313 1195 88 505 531 64 252 664 495 324 377 340 118 273 268 61 67
internal_count=2165 970 906 593 313 1195 88 505 531 64 252 664 495 324 377 340 118 273 268 61 67
is_linear=0
shrinkage=0.03


Tree=24
num_leaves=28
num_cat=0
split_feature=26 23 11 11 23 34 35 19 23 28 28 28 20 19 20 11 11 26 23 11 29 11 23 32 35 9 11
split_gain=16.6544 4.6835 3.18511 2.57122 2.16255 1.88718 1.83429 2.05905 1.32102 1.10526 0.914639 1.08946 0.717105 0.650284 0.571502 0.53929 0.538297 0.497398 0.446026 0.432833 0.262755 0.214283 0.150373 0.133177 0.114747 0.0682638 0.0556224
threshold=710.50000000000011 3242.0000000000005 1.1176948617223499 0.80381826733462947 2576.5000000000005 0.0012970907606712503 1.6484516230561638e-05 97.615001678466811 2712.5000000000005 0.00018056040597360003 3.432029646700135e-07 0.040033078064631959 2.5850000000000004 93.615001678466811 1.5450000000000002 0.88071245463379844 1.0779148301200745 285.50000000000006 3365.5000000000005 0.93632178565528534 6.6722671858165377e-05 0.99550099825237004 3506.5000000000005 8.4502545956953202e-07 -0.0016907319010586498 0.99141526400148949 0.99152879317798959
decision_type=2 2 2 2 2 2 2 2 2 2 2 2 2 2 2 2 2 2 2 2 2 2 2 2 2 2 2
left_child=1 2 6 -3 5 12 13 -8 20 26 22 15 19 -1 -10 -12 18 -18 -5 -2 -4 -13 25 -14 -11 -6 -7
right_child=4 3 8 16 10 9 7 -9 14 24 11 21 23 -15 -16 -17 17 -19 -20 -21 -22 -23 -24 -25 -26 -27 -28
leaf_value=0.0020911259413723283 0.0002547382664077901 0.010243134451949078 0.0013131673819903704 0.0033359770950177037 0.00071307381475344293 0.0074387914480074594 0.011119217109083469 0.00044721388658027812 -0.0032231131109567183 0.0016976420544223252 -0.0016316297380621298 0.0001964390005112033 -0.0017381892139319238 0.0058999194947508982 0.0023446001969277858 -0.0050610552874340541 0.00082924816253944283 -0.0029748938321075024 1.2251712947285589e-06 -0.0018925050721530039 0.0052408835335549979 -0.0023972519461932626 -0.0023641429959929414 -0.0041897351228547368 -0.00012028981159467284 -0.0009361097347606324 0.0034734195621593084
leaf_weight=63 131 20 28 46 35 20 110 20 50 40 54 52 38 163 21 347 45 83 144 221 52 55 46 107 104 50 20
leaf_count=63 131 20 28 46 35 20 110 20 50 40 54 52 38 163 21 347 45 83 144 221 52 55 46 107 104 50 20
internal_value=2.53577e-05 0.00330868 0.00512463 0.000554833 -0.00207693 -0.000888618 0.00666618 0.00954705 0.0014117 0.00167972 -0.00332861 -0.0039053 -0.00184985 0.00489258 -0.00150749 -0.00462221 -0.000135184 -0.00162624 0.000863435 -0.00108954 0.00399948 -0.00113851 -0.00103254 -0.00361579 0.000388623 -0.000221784 0.00590653
internal_weight=2165 845 507 338 1320 681 356 130 151 184 639 508 497 226 71 401 318 128 190 352 80 107 131 145 144 85 40
internal_count=2165 845 507 338 1320 681 356 130 151 184 639 508 497 226 71 401 318 128 190 352 80 107 131 145 144 85 40
is_linear=0
shrinkage=0.03


Tree=25
num_leaves=21
num_cat=0
split_feature=20 22 23 19 23 22 22 29 29 21 20 22 30 23 11 14 30 22 29 13
split_gain=8.72443 5.73859 3.98412 2.19719 1.9338 1.82219 2.63522 1.54959 1.48587 0.974227 0.963504 0.811894 0.750578 0.716565 0.445569 0.328652 0.263028 0.248136 0.165144 0.151644
threshold=2.0350000000000006 279.88200000000006 3014.0000000000005 97.33499908447267 2395.5000000000005 271.27850000000007 264.27000000000004 2.2304999796192837e-06 0.00060556170284040004 13.375000000000002 0.71500000000000008 241.88350000000005 -0.0023396480023300495 1535.0000000000002 1.0987561386597935 0.019483274222202154 -2.9303877252567837e-06 252.37150000000003 0.016382767777826053 0.99194284385299203
decision_type=2 2 2 2 2 2 2 2 2 2 2 2 2 2 2 2 2 2 2 2
left_child=1 2 5 10 7 6 -1 -2 -3 11 -4 -6 17 -14 16 -7 -11 -9 -5 -13
right_child=4 8 3 18 9 15 -8 12 -10 14 -12 19 13 -15 -16 -17 -18 -19 -20 -21
leaf_value=0.0027626980783486701 0.0054243136273267175 0.0030341696013575009 0.003876983126413889 -0.0051091085095938881 -0.0045865525807338679 0.00093449764707664775 0.0086319106386953514 -0.0012675128533005638 0.013594452040626646 -0.0040730844699360565 -0.00018369367989601895 -3.547388605276621e-05 0.0023967486938204744 -0.00076853386375502601 -0.0062289561420021686 -0.0037023947570911228 -0.0019609814090752174 -0.0037108724817731661 -0.0021211002495777056 -0.0014778508400476679
leaf_weight=346 36 20 63 73 63 20 86 94 44 160 252 124 84 244 65 31 104 73 35 148
leaf_count=346 36 20 63 73 63 20 86 94 44 160 252 124 84 244 65 31 104 73 35 148
internal_value=2.60546e-05 0.00213762 0.00150185 -0.000617031 -0.00168649 0.00335604 0.00398948 -0.000327224 0.0106228 -0.00276264 0.000647921 -0.0015869 -0.000781698 4.73996e-05 -0.00392562 -0.00187756 -0.00328366 -0.00239985 -0.0042513 -0.000838766
internal_weight=2165 970 906 423 1195 483 432 531 64 664 315 335 495 328 329 51 264 167 108 272
internal_count=2165 970 906 423 1195 483 432 531 64 664 315 335 495 328 329 51 264 167 108 272
is_linear=0
shrinkage=0.03


Tree=26
num_leaves=28
num_cat=0
split_feature=26 23 11 11 23 34 35 14 23 34 28 28 20 20 11 11 26 23 35 26 29 15 11 23 35 11 9
split_gain=15.0495 4.20992 2.90624 2.36466 1.93197 1.72453 1.68428 1.2259 1.18579 1.00944 0.824499 0.971511 0.64455 0.520422 0.509854 0.473251 0.445702 0.413889 0.408896 0.395145 0.233881 0.198651 0.190158 0.141775 0.10496 0.0978351 0.0614385
threshold=710.50000000000011 3242.0000000000005 1.1176948617223499 0.80381826733462947 2576.5000000000005 0.0012970907606712503 0.00029222939560670009 0.058111058666389208 2712.5000000000005 0.0049497490890235514 3.432029646700135e-07 0.040033078064631959 2.5850000000000004 1.5450000000000002 1.0779148301200745 0.88071245463379844 285.50000000000006 3365.5000000000005 0.0011222758173393503 788.00000000000011 6.6722671858165377e-05 0.059542585413890556 0.99960971425360212 3506.5000000000005 -0.0016907319010586498 0.98479978577512417 0.99141526400148949
decision_type=2 2 2 2 2 2 2 2 2 2 2 2 2 2 2 2 2 2 2 2 2 2 2 2 2 2 2
left_child=1 2 6 -3 5 12 7 -1 20 25 23 15 19 -10 17 -12 -16 -5 -8 -2 -4 -14 -13 26 -11 -7 -6
right_child=4 3 8 14 10 9 18 -9 13 24 11 22 21 -15 16 -17 -18 -19 -20 -21 -22 -23 -24 -25 -26 -27 -28
leaf_value=0.0045545690080552176 0.0018768496733486048 0.0098259251972903378 0.0012319579747685741 0.0032271800449151281 0.00069662808913639501 0.0072717954432186867 0.012597098186810282 0.011593387020958794 -0.0030807722670570859 0.0016058253674460241 -0.0015699134245514869 0.00014461977840567541 -0.0039227248926311728 0.0022301408201456066 0.00074510593780723858 -0.0047928442365669502 -0.0028542905542674629 1.3444526567675019e-05 0.0055624177898280329 -0.0013834073085117013 0.0049459791272878639 -0.00062656686569187935 -0.0022952995030699592 -0.0022671156323239281 -0.00015026165587763863 0.003136705979257822 -0.00086838735404582508
leaf_weight=268 34 20 28 46 35 20 44 24 50 39 54 53 122 21 45 347 83 144 20 318 52 23 54 46 103 22 50
leaf_count=268 34 20 28 46 35 20 44 24 50 39 54 53 122 21 45 347 83 144 20 318 52 23 54 46 103 22 50
internal_value=2.52493e-05 0.00314643 0.00486818 0.000534899 -0.00197311 -0.000849526 0.00634069 0.00525529 0.00132118 0.00160527 -0.00315632 -0.00370394 -0.00176852 -0.00144267 -0.000126466 -0.00438114 -0.00157789 0.00084512 0.010791 -0.00104685 0.00377373 -0.00344346 -0.00108849 -0.000974935 0.0003346 0.00552598 -0.000188098
internal_weight=2165 845 507 338 1320 681 356 292 151 184 639 508 497 71 318 401 128 190 64 352 80 145 107 131 142 42 85
internal_count=2165 845 507 338 1320 681 356 292 151 184 639 508 497 71 318 401 128 190 64 352 80 145 107 131 142 42 85
is_linear=0
shrinkage=0.03


Tree=27
num_leaves=22
num_cat=0
split_feature=26 22 26 15 11 29 20 19 19 35 29 26 11 26 19 15 29 29 26 26 30
split_gain=14.1975 3.67835 3.52394 2.57887 1.74129 1.69527 1.54419 1.43842 1.19996 1.13961 0.85602 0.594676 0.412831 0.403222 0.313316 0.269716 0.234927 0.230626 0.160193 0.138849 0.02178
threshold=710.50000000000011 277.73450000000008 490.00000000000006 0.029155889037245256 1.073674911069189 0.0043171885124230012 2.8150000000000004 96.615001678466811 93.555000305175795 0.00030986586544645006 1.7651415767256464e-06 1891.0000000000002 1.0667884307498003 929.50000000000011 95.18500137329103 0.041938772434706902 0.0065566369929250514 0.005377267600399251 1073.0000000000002 601.50000000000011 -0.0013898582659589499
decision_type=2 2 2 2 2 2 2 2 2 2 2 2 2 2 2 2 2 2 2 2 2
left_child=1 2 3 9 6 19 11 17 -5 -1 -8 13 -7 -2 -12 -9 18 -3 -6 -4 -13
right_child=4 7 5 8 16 12 10 15 -10 -11 14 20 -14 -15 -16 -17 -18 -19 -20 -21 -22
leaf_value=0.0044027312985135472 -0.002407819002329109 0.0120231601088666 0.0065719003962433865 -1.4429740324929548e-05 -0.0031836512083350454 -0.00034268568213733014 0.0050949107774843775 0.0054285740816965699 0.0039222974446810662 0.0095648404686418283 0.00081796001794791665 -0.0027465189449489115 -0.0029750089647308199 -0.0010912883717792603 -0.0020084709167726396 0.0010022761478590276 -0.0074818946784362197 0.005923764069038241 -0.0059720398497424632 0.0023430937314592301 -0.005017713716317867
leaf_weight=112 428 49 20 142 100 113 33 37 131 70 117 27 106 449 47 23 29 20 35 22 55
leaf_count=112 428 49 20 142 100 113 33 37 131 70 117 27 106 449 47 23 29 20 35 22 55
internal_value=2.66691e-05 0.00305825 0.00219297 0.00377957 -0.00191427 -0.000573093 -0.00149207 0.00767919 0.00188585 0.00652728 0.000905742 -0.00198904 -0.00165328 -0.00174322 0 0.00390797 -0.00479206 0.0106174 -0.00404242 0.00472736 -0.00442851
internal_weight=2165 845 716 455 1320 261 1156 129 273 182 197 959 219 877 164 60 164 69 135 42 82
internal_count=2165 845 716 455 1320 261 1156 129 273 182 197 959 219 877 164 60 164 69 135 42 82
is_linear=0
shrinkage=0.03


Tree=28
num_leaves=29
num_cat=0
split_feature=26 23 11 11 23 34 35 19 23 21 34 20 28 19 25 20 11 11 11 12 25 11 16 23 35 11 9 11
split_gain=13.4005 3.78251 2.68538 2.16436 1.74767 1.54838 1.52884 1.78884 1.06488 0.923145 0.918544 0.606184 0.580772 0.577154 0.493245 0.470799 0.462811 0.40742 0.38159 0.17376 0.172488 0.168326 0.141988 0.11342 0.100984 0.0969535 0.0605635 0.00324019
threshold=710.50000000000011 3242.0000000000005 1.1176948617223499 0.84962769288549633 2576.5000000000005 0.0012970907606712503 1.6484516230561638e-05 97.615001678466811 2712.5000000000005 11.480000019073488 0.0049497490890235514 2.5850000000000004 0.040033078064631959 93.615001678466811 6.3500000000000005 1.5450000000000002 1.0234876377002788 0.96050513229653656 0.93632178565528534 1.0748945186844034 7.7500000000000009 1.0625884370700083 36.80927611394366 3460.5000000000005 -0.0016907319010586498 0.98479978577512417 0.99141526400148949 0.97948324560258504
decision_type=2 2 2 2 2 2 2 2 2 2 2 2 2 2 2 2 2 2 2 2 2 2 2 2 2 2 2 2
left_child=1 2 6 -3 5 11 13 -8 19 23 25 18 16 -1 17 -10 -11 -5 -2 -4 -14 -16 -13 26 -12 -7 -6 -25
right_child=4 3 8 14 9 10 7 -9 15 12 24 22 20 -15 21 -17 -18 -19 -20 -21 -22 -23 -24 27 -26 -27 -28 -29
leaf_value=0.0017736697914793199 0.00029883897798518128 0.0083388252719466035 0.0043418845286172236 0.0011100479651206233 0.00071532352192599962 0.0069851477463608209 0.01011422429075547 0.00019537597987800837 -0.0029781914205061944 -0.003356301768054017 0.0015696183679018367 -0.00081378829210566786 -0.0021387312360398934 0.0053463835936735362 0.0030665064875218199 0.002071455260273069 -0.005792189390876808 -0.0017406914504224135 -0.0017161957780023971 0.00083676134597044434 0.00074124562893543517 0.00037799813992751299 -0.0036957928564099129 -0.00095974195643793803 -0.00015273680765937381 0.0029501852219179273 -0.0007972053628584199 -0.0022279671665935497
leaf_weight=63 131 26 59 58 38 20 110 20 50 316 39 23 42 163 38 21 108 165 221 21 28 51 122 21 103 22 52 34
leaf_count=63 131 26 59 58 38 20 110 20 50 316 39 23 42 163 38 21 108 165 221 21 28 51 122 21 103 22 52 34
internal_value=2.68177e-05 0.00297212 0.00460414 0.000496309 -0.00185882 -0.000790013 0.0060194 0.00864963 0.00119578 -0.00298418 0.00153554 -0.00166103 -0.00360132 0.00439983 -0.000220903 -0.00142067 -0.00402012 -0.000981076 -0.000961643 0.00352144 -0.000962525 0.00162107 -0.00328468 -0.000830991 0.000322303 0.00527585 -0.00012385 -0.00187015
internal_weight=2165 845 507 338 1320 681 356 130 151 639 184 497 494 226 312 71 424 223 352 80 70 89 145 145 142 42 90 55
internal_count=2165 845 507 338 1320 681 356 130 151 639 184 497 494 226 312 71 424 223 352 80 70 89 145 145 142 42 90 55
is_linear=0
shrinkage=0.03


Tree=29
num_leaves=18
num_cat=0
split_feature=20 22 28 20 19 15 11 11 22 35 22 28 33 11 28 28 20
split_gain=6.9883 4.5927 1.64284 1.6963 1.64698 1.22574 1.17498 0.798486 0.706414 1.6834 0.596162 0.555464 0.519466 0.421199 0.305313 0.242725 0.0387137
threshold=1.9850000000000001 279.88200000000006 0.083941766820969363 0.71500000000000008 97.305000305175795 0.012755606937976753 1.0292714555303706 1.0388226784273125 241.45850000000004 0.00042709341087885007 289.92950000000002 0.00036309294808870002 -0.010425515108930099 1.1658407314017989 3.432029646700135e-07 0.040033078064631959 2.8550000000000004
decision_type=2 2 2 2 2 2 2 2 2 2 2 2 2 2 2 2 2
left_child=1 2 3 7 -5 11 -3 -1 12 10 -10 -2 15 -11 -14 -7 -13
right_child=5 6 -4 4 -6 8 -8 -9 9 13 -12 16 14 -15 -16 -17 -18
leaf_value=0.0066791023103826078 0.0050202240828956879 0.013263889718996849 0.0082156228444749315 0.0014991999955178306 -0.0016419446541678213 0.00010516070948448032 0.0039798416462726886 0.0014355512588293863 -3.6239192717375705e-05 -0.002748728142890418 -0.0029704386171783177 -0.0010005974308941918 3.6795433661293069e-05 -0.0063850174208482111 -0.0036536024494124128 -0.0029301093567491452 0.00072458603320157402
leaf_weight=64 32 35 28 528 206 72 25 49 529 128 68 20 20 42 268 31 20
leaf_count=64 32 35 28 528 206 72 25 49 529 128 68 20 20 42 268 31 20
internal_value=2.71948e-05 0.00197996 0.00140745 0.00115066 0.00061046 -0.001456 0.00981688 0.00452714 -0.00169475 -0.00115142 -0.000388634 0.00225813 -0.00273608 -0.00375959 -0.00338928 -0.000837138 -7.78666e-05
internal_weight=2165 935 875 847 734 1230 60 113 1158 767 597 72 391 170 288 103 40
internal_count=2165 935 875 847 734 1230 60 113 1158 767 597 72 391 170 288 103 40
is_linear=0
shrinkage=0.03


Tree=30
num_leaves=27
num_cat=0
split_feature=26 23 33 22 34 23 22 34 24 28 21 28 25 20 20 29 26 23 23 23 34 14 35 35 28 16
split_gain=12.096 3.48518 2.32771 1.88481 1.71632 1.59307 1.23257 1.14365 1.12498 0.984264 0.793765 0.92171 0.495809 0.408863 0.396394 0.353331 0.292864 0.248749 0.192851 0.181297 0.0971769 0.0946966 0.0564642 0.0507953 0.0310371 0.00764755
threshold=710.50000000000011 3242.0000000000005 -0.011922384085519148 277.73450000000008 -0.0098392288121400481 2488.5000000000005 240.16150000000002 0.0015120335238232501 21.750000000000004 0.00018056040597360003 11.295000076293947 0.040033078064631959 4.4500000000000011 2.5050000000000003 2.7450000000000006 0.00041437774340750006 788.00000000000011 2759.0000000000005 3365.5000000000005 2217.0000000000005 -0.00013790912190204997 0.027334878441908052 -4.7383290256162445e-05 -0.0016907319010586498 1.3632513170423934e-07 54.766683606489536
decision_type=2 2 2 2 2 2 2 2 2 2 2 2 2 2 2 2 2 2 2 2 2 2 2 2 2 2
left_child=1 2 6 12 -4 7 25 13 -6 -9 20 14 15 16 -12 -3 -2 -13 -14 -15 24 -8 -22 -11 -7 -1
right_child=5 3 4 -5 8 10 21 9 -10 23 11 17 18 19 -16 -17 -18 -19 -20 -21 22 -23 -24 -25 -26 -27
leaf_value=0.0052005284267663959 0.0023774262024447894 0.0018233674022834748 0.012001032439370949 0.0070478476631322074 0.0054949151198776646 0.00055390608651523893 0 0.0056750121061922981 0.00027137371548946872 0.0013425683285523619 -0.0033917473690196816 0.0010058567145816049 0.0027566705492281475 -0.0030941930398946183 -0.0061909440948117161 -0.0016827997581182242 -0.00095144818928162578 -0.002003260435343691 0.00014973333366515362 -0.00089367703322706536 0 -0.0023466904336586596 -0.0019540676757377304 -0.00010286119121332536 -0.0006622724760203593 0.0029185271572220966
leaf_weight=22 23 27 33 32 302 44 20 36 44 24 408 47 45 131 59 173 247 45 61 55 20 52 53 100 28 34
leaf_count=22 23 27 33 32 302 44 20 36 44 24 408 47 45 131 59 173 247 45 61 55 20 52 53 100 28 34
internal_value=2.72338e-05 0.00282557 0.0043921 0.000448991 0.00556738 -0.0017642 0.00084147 -0.000638973 0.00484729 0.00151522 -0.00273764 -0.00325037 -0.000293102 -0.00140633 -0.00378904 -0.00117474 -0.000633879 -0.000451196 0.00132939 -0.00248389 -0.00071488 -0.00170355 -0.00146454 0.000178383 3.33752e-05 0.00408472
internal_weight=2165 845 507 338 379 1320 128 616 346 160 704 559 306 456 467 200 270 92 106 186 145 72 73 124 72 56
internal_count=2165 845 507 338 379 1320 128 616 346 160 704 559 306 456 467 200 270 92 106 186 145 72 73 124 72 56
is_linear=0
shrinkage=0.03


Tree=31
num_leaves=29
num_cat=0
split_feature=21 32 29 33 32 24 34 29 15 35 14 34 21 11 15 28 33 35 24 7 15 8 28 19 34 11 24 32
split_gain=2.41366 2.9417 4.85807 2.61757 1.4751 1.19676 1.10912 0.937696 2.03887 1.19114 0.881432 0.855238 0.685332 0.633763 0.526086 0.51456 0.42351 0.32572 0.315661 0.279831 0.279553 0.219003 0.333001 0.170761 0.169077 0.164259 0.117141 0.0299363
threshold=16.595000267028812 1.7825818124685737e-05 0.011606668225826452 -0.0037066086827608493 -1.0000000180025095e-35 3.6500000000000008 0.0067542959748714505 0.037724441431875803 0.019668721370636702 -4.5235966215890925e-06 0.040846277085097908 -0.012747366352088849 32.944999694824226 0.88543762013636751 0.020708935690962351 7.4079313901899139e-07 -0.011197254805538797 8.6533043724250111e-05 14.950000000000001 0.040484870638295659 0.026403687534283054 1.0054788147253411 0.0033448431382323003 94.49499893188478 -0.026159064906018794 1.1229131927844398 1.2500000000000002 -0.011353881083810998
decision_type=2 2 2 2 2 2 2 2 2 2 2 2 2 2 2 2 2 2 2 2 2 2 2 2 2 2 2 2
left_child=4 7 3 19 6 -5 21 9 -9 13 16 14 -11 -2 24 26 -4 23 -16 -3 -17 22 -1 -8 -6 -12 -13 -19
right_child=1 2 10 5 11 -7 17 8 -10 12 25 15 -14 -15 18 20 -18 27 -20 -21 -22 -23 -24 -25 -26 -27 -28 -29
leaf_value=0.0035520360961596928 0.0050492781167302062 0.0052371222887431148 -0.00018084998248630893 0 -0.0031376173695245747 0.0054729118816695902 -0.00027107026766819988 0.0098082547473907471 -0.0020355001959417546 -0.0022133740297191448 -0.0017590313963964583 -0.00021557334335222785 0.0011832792175649396 0.00048828014645023357 0.00080043803369279399 -0.0024273037860751199 0.0043456135691113534 -0.0010719430353280832 -0.0010916046404227018 0.011151257927556904 -0.0045899631789640379 0.0051659484984743036 -0.00075212776439264413 0.0021629163385322929 -0.00079257700464624003 -0.0048450891260917372 -0.001918201244011631 -0.0027958102667251148
leaf_weight=43 31 20 43 59 71 88 75 22 25 293 72 90 62 157 205 195 28 30 125 65 92 40 22 35 55 23 65 34
leaf_count=43 31 20 43 59 71 88 75 22 25 293 72 90 62 157 205 195 28 30 125 65 92 40 22 35 55 23 65 34
internal_value=2.7544e-05 0.00112037 0.00310354 0.00588096 -0.000887773 0.00331524 0.00100338 -0.000221303 0.00370425 -0.000585065 -0.000795886 -0.00148005 -0.00160683 0.00132356 -0.000554221 -0.00241829 0.0016675 -0.000456338 7.13685e-05 0.0100198 -0.00317122 0.00339561 0.00208221 0.000513693 -0.00217948 -0.00266224 -0.00097143 -0.0021167
internal_weight=2165 988 398 232 1177 147 279 590 47 543 166 898 355 188 456 442 71 174 330 85 287 105 65 110 126 95 155 64
internal_count=2165 988 398 232 1177 147 279 590 47 543 166 898 355 188 456 442 71 174 330 85 287 105 65 110 126 95 155 64
is_linear=0
shrinkage=0.03


Tree=32
num_leaves=26
num_cat=0
split_feature=26 23 11 11 23 35 22 23 34 28 35 28 19 11 20 11 26 20 23 11 8 23 23 14 24
split_gain=10.9598 3.1654 2.32145 1.82198 1.45349 1.2912 1.37863 1.0637 1.03433 0.891465 0.722274 0.803424 0.521645 0.442525 0.439455 0.406439 0.374808 0.374145 0.343494 0.296741 0.210265 0.166623 0.107416 0.0935525 0.0471501
threshold=710.50000000000011 3242.0000000000005 1.1123886401677183 0.80381826733462947 2488.5000000000005 2.6490739096955251e-05 256.73600000000005 2712.5000000000005 0.0015120335238232501 0.00018056040597360003 -0.0014713470407065998 4.668844385947596e-07 93.615001678466811 0.87717748369500659 1.5450000000000002 1.0779148301200745 285.50000000000006 2.5050000000000003 3365.5000000000005 0.93632178565528534 1.0512449609057792 2217.0000000000005 3506.5000000000005 0.029158563302481705 19.350000000000005
decision_type=2 2 2 2 2 2 2 2 2 2 2 2 2 2 2 2 2 2 2 2 2 2 2 2 2
left_child=1 2 5 -3 8 12 -7 20 17 -10 23 22 -1 -13 -9 18 -17 19 -5 -2 -4 -19 -12 -6 -11
right_child=4 3 7 15 10 6 -8 14 9 24 11 13 -14 -15 -16 16 -18 21 -20 -21 -22 -23 -24 -25 -26
leaf_value=0.0016564728462835773 0.00073228216058449796 0.0085823367523110428 0.0041690522138960661 0.0028832727369747829 0.0012865205267776868 0.0017581369776511564 0.0098066743921954181 -0.0029315415788103236 0.0054045962525101814 0.00048697215012918389 -0.00022884537468780762 -0.00096820498751912958 0.0050134118219461645 -0.0038240198864083674 0.0019192563691176471 0.00067701810001744879 -0.0026202371941668216 -0.0029485403254850585 -4.125864285386489e-06 -0.001318419256144741 0.0004821547808824107 -0.00083765451509128154 -0.0019554180989380587 -0.00092709469951556195 -0.0008865141037219603
leaf_weight=65 94 20 65 46 39 27 93 52 36 99 93 61 163 434 21 45 83 131 144 176 21 55 52 25 25
leaf_count=65 94 20 65 46 39 27 93 52 36 99 93 61 163 434 21 45 83 131 144 176 21 55 52 25 25
internal_value=2.75094e-05 0.00269124 0.00418421 0.000425877 -0.00167765 0.00555 0.00810719 0.00112898 -0.000602627 0.00144557 -0.0026075 -0.0029107 0.00410332 -0.00348607 -0.00147596 -0.000153177 -0.00144919 -0.00133258 0.000713336 -0.000593281 0.00334907 -0.00236343 -0.000895386 0.000374257 0.000172038
internal_weight=2165 845 507 338 1320 348 120 159 616 160 704 640 228 495 73 318 128 456 190 270 86 186 145 64 124
internal_count=2165 845 507 338 1320 348 120 159 616 160 704 640 228 495 73 318 128 456 190 270 86 186 145 64 124
is_linear=0
shrinkage=0.03


Tree=33
num_leaves=25
num_cat=0
split_feature=26 23 11 11 23 11 22 23 11 33 29 21 20 11 26 23 20 11 29 29 25 23 23 15
split_gain=10.3347 2.9814 2.18632 1.72777 1.37095 1.23492 1.06147 1.00349 1.00185 1.16171 0.933258 0.720707 0.415865 0.383001 0.353814 0.324548 0.318138 0.263269 0.259364 0.226676 0.127131 0.0959878 0.0335012 0.00138571
threshold=710.50000000000011 3242.0000000000005 1.1123886401677183 0.80381826733462947 2885.5000000000005 0.92122986456191702 264.27000000000004 2712.5000000000005 1.0987561386597935 0.00012382590192490001 2.2304999796192837e-06 11.355000019073488 1.5450000000000002 1.0779148301200745 285.50000000000006 3365.5000000000005 2.1450000000000005 0.88071245463379844 9.0767797480986392e-05 6.6722671858165377e-05 7.9500000000000011 3460.5000000000005 3217.5000000000005 0.027122019165148004
decision_type=2 2 2 2 2 2 2 2 2 2 2 2 2 2 2 2 2 2 2 2 2 2 2 2
left_child=1 2 5 -3 8 -1 -7 19 9 16 -11 21 -9 15 -15 -5 -2 -13 -19 -4 -10 22 -6 -23
right_child=4 3 7 13 11 6 -8 12 20 10 -12 17 -14 14 -16 -17 -18 18 -20 -21 -22 23 -24 -25
leaf_value=0.0099850506466262184 -0.00010721323202826744 0.0083584497240574464 0.0008424470309691969 0.0028020703696446229 -0.00043837871187133717 0.0030915867334532828 0.0068868409284294982 -0.0028483924262564294 -0.0024456816928577606 0.0060543835243630799 0.00041839437020914344 -0.00083449200395261855 0.001868875866755843 0.00065797696186928063 -0.0025443721948282729 -4.0046209617926516e-06 -0.0017416467217405114 -0.0023507479268749252 -0.0044438383101676809 0.0043279258377617227 -0.0058654582388699061 -0.0019215945003864662 0.00097514938239008197 -0.00079731739806416244
leaf_weight=46 149 20 29 46 33 188 114 52 29 28 195 33 21 45 83 144 424 95 226 57 33 33 22 20
leaf_count=46 149 20 29 46 33 188 114 52 29 28 195 33 21 45 83 144 424 95 226 57 33 33 22 20
internal_value=2.77803e-05 0.00261447 0.00406342 0.000415613 -0.001628 0.00538895 0.00458772 0.00109769 -0.000908095 -0.000608826 0.0012103 -0.00294403 -0.00143169 -0.000148038 -0.00140636 0.000692812 -0.00132462 -0.00359679 -0.00386115 0.00325431 -0.00449874 -0.000738005 9.65017e-05 -0.00161635
internal_weight=2165 845 507 338 1320 348 302 159 858 796 223 462 73 318 128 190 573 354 321 86 62 108 55 53
internal_count=2165 845 507 338 1320 348 302 159 858 796 223 462 73 318 128 190 573 354 321 86 62 108 55 53
is_linear=0
shrinkage=0.03


Tree=34
num_leaves=23
num_cat=0
split_feature=20 22 23 19 22 22 23 30 25 20 21 22 30 28 11 14 14 16 22 16 28 34
split_gain=5.37364 3.71418 2.6357 1.4564 1.40219 1.6709 1.27422 1.20186 0.970591 0.689587 0.616902 0.935385 0.539403 0.516834 0.315093 0.295564 0.222563 0.192852 0.191798 0.152539 0.105023 0.0407657
threshold=2.0350000000000006 279.88200000000006 3014.0000000000005 97.33499908447267 271.27850000000007 264.27000000000004 2366.0000000000005 -0.00057728961075104981 13.15 0.71500000000000008 14.50500011444092 241.45850000000004 -0.0024730639519476498 5.4455102912349874e-07 1.1658407314017989 0.014397486716121103 0.019483274222202154 47.144828436291426 236.99200000000005 35.580193607769594 0.0013218328209832501 -0.0042843589114305494
decision_type=2 2 2 2 2 2 2 2 2 2 2 2 2 2 2 2 2 2 2 2 2 2
left_child=1 2 4 9 5 -1 8 -3 12 -4 11 21 18 -14 19 -10 -6 -13 -2 -12 -5 -8
right_child=6 7 3 20 16 -7 10 -9 15 -11 14 17 13 -15 -16 -17 -18 -19 -20 -21 -22 -23
leaf_value=0.0022580829601301904 9.1006651613861314e-05 0.011163762824649506 0.0032127271961336109 -0.0013243264380014602 0.00042433956283164899 0.0069397568787249279 -0.0027848155299495707 0.001853844938394816 0.0062398094562068586 -0.00022171914133119997 -0.00049267458237954999 0.00035434908439957577 -0.0032129284401701107 0.00055319200577214371 -0.005736935678609582 0.0010237535113701596 -0.0033899518646957243 -0.0011532223901840866 -0.0025941320302314127 -0.0029953805233398447 -0.0040303665721018256 -0.0047492765728004123
leaf_weight=346 27 44 63 24 20 86 54 20 22 252 29 130 34 282 40 21 31 171 117 222 84 46
leaf_count=346 27 44 63 24 20 86 54 20 22 252 29 130 34 282 40 21 31 171 117 222 84 46
internal_value=2.76911e-05 0.00168515 0.00117306 -0.000549054 0.0026815 0.00323841 -0.00131604 0.00851247 -0.000158535 0.000479565 -0.00214877 -0.00135639 -0.000576208 0.000112167 -0.00320549 0.00399055 -0.00189812 -0.000495172 -0.00207868 -0.00272727 -0.0035081 -0.0038296
internal_weight=2165 970 906 423 483 432 1195 64 503 315 692 401 460 316 291 43 51 301 144 251 108 100
internal_count=2165 970 906 423 483 432 1195 64 503 315 692 401 460 316 291 43 51 301 144 251 108 100
is_linear=0
shrinkage=0.03


Tree=35
num_leaves=28
num_cat=0
split_feature=26 23 11 11 35 23 14 34 23 34 21 28 11 25 20 11 35 11 22 20 23 11 8 23 32 8 13
split_gain=9.36367 2.683 1.99153 1.58971 1.26201 1.23419 0.909148 0.879364 0.781802 0.776568 0.631419 0.753271 0.440833 0.384996 0.368934 0.367779 0.345561 0.331621 0.277229 0.215978 0.1963 0.17433 0.170772 0.0839206 0.0598615 0.0463805 0.00069507
threshold=710.50000000000011 3242.0000000000005 1.1176948617223499 0.84962769288549633 0.00029222939560670009 2488.5000000000005 0.058111058666389208 0.0015120335238232501 2712.5000000000005 0.0040979202271556507 11.295000076293947 0.040033078064631959 1.0234876377002788 4.4500000000000011 1.5450000000000002 0.96050513229653656 0.0011222758173393503 0.93632178565528534 236.99200000000005 2.5650000000000004 2759.0000000000005 1.0470433028233699 1.0512449609057792 3460.5000000000005 -0.00012040612697164999 1.0032282878160099 0.97924209235167858
decision_type=2 2 2 2 2 2 2 2 2 2 2 2 2 2 2 2 2 2 2 2 2 2 2 2 2 2 2
left_child=1 2 4 -3 6 7 -1 17 22 -9 23 12 -12 15 -10 -5 -6 19 -19 -2 -13 -15 -4 25 -11 -7 -25
right_child=5 3 8 13 16 10 -8 9 14 24 11 20 -14 21 -16 -17 -18 18 -20 -21 -22 -23 -24 26 -26 -27 -28
leaf_value=0.0035503301609559256 0.00064518388954880215 0.0071245623398170782 0.0036976596102329148 0.00098594918198975125 0.010526727350151284 0.00055208142226087465 0.0095842820505301161 0.0052941428145659823 -0.0026875409689152015 -0.00016688897931752239 -0.0027443560449806471 0.00095581949580868242 -0.004968328117358884 0.0029838465822860597 0.0017773089017719028 -0.0017616529850313703 0.0043426916346601813 0.00016138968195390099 -0.0022449819235920497 -0.0015880312177352608 -0.0017170767425559459 0.00033877564447345332 0.0002932487919359751 -0.00076592199091354135 0.0012133313283646621 -0.00073875784208661218 -0.0018467843663495251
leaf_weight=268 107 26 60 58 44 50 24 32 50 92 347 47 120 32 21 148 20 49 243 57 45 74 20 20 36 44 31
leaf_count=268 107 26 60 58 44 50 24 32 50 92 347 47 120 32 21 148 20 49 243 57 45 74 20 20 36 44 31
internal_value=2.68366e-05 0.00248907 0.00386366 0.000402539 0.00508232 -0.00154917 0.00414886 -0.000558036 0.000928007 0.00132982 -0.00240612 -0.00286345 -0.00335027 -0.000210623 -0.0013079 -0.000970654 0.00891997 -0.00123134 -0.00183347 -0.000127615 -0.000332934 0.00122496 0.00292406 -0.000600461 0.000217294 -2.53743e-05 -0.00154457
internal_weight=2165 845 507 338 356 1320 292 616 151 160 704 559 467 312 71 206 64 456 292 164 92 106 80 145 128 94 51
internal_count=2165 845 507 338 356 1320 292 616 151 160 704 559 467 312 71 206 64 456 292 164 92 106 80 145 128 94 51
is_linear=0
shrinkage=0.03


Tree=36
num_leaves=21
num_cat=0
split_feature=26 11 34 22 22 34 20 11 20 29 29 28 26 26 19 19 26 29 15 19
split_gain=8.83663 2.55876 1.70249 1.7228 1.39417 1.28103 1.2359 1.17603 1.00554 0.598081 0.589765 0.427292 0.421912 0.325718 0.241209 0.219865 0.218427 0.199491 0.0427129 0.017731
threshold=710.50000000000011 0.90543714817574994 -0.021538322317036597 264.27000000000004 241.45850000000004 -0.0040822498087215485 1.3900000000000001 1.073674911069189 2.8150000000000004 0.0017600028460240502 3.5390750791720892e-06 4.0688848391017521e-05 1891.0000000000002 756.50000000000011 95.18500137329103 95.764999389648452 554.50000000000011 0.0065566369929250514 0.029645750845180303 85.360000610351577
decision_type=2 2 2 2 2 2 2 2 2 2 2 2 2 2 2 2 2 2 2 2
left_child=1 9 4 5 15 -4 -5 8 12 -1 11 -10 13 -2 -12 -3 -6 18 -9 -14
right_child=7 2 3 6 16 -7 -8 17 10 -11 14 -13 19 -15 -16 -17 -18 -19 -20 -21
leaf_value=0.0023252390437637979 0.00099212135863839643 0.0028838127605928993 0.0053704834446563557 -0.00057125746596965103 -0.0031104497853666545 0.00038650539479605467 0.0060783696349271952 -0.0023212031249489106 0.00027633132234275822 0.0089819262658636413 0.00036919788180897603 0.0054007544616104242 -0.0025335653210482134 -0.0014896155340061975 -0.0025145590948488779 0.0001890572432312183 -0.00070341826489547614 -0.006283029063139111 -0.003895084745171939 -0.0043747195611623197
leaf_weight=20 47 100 56 28 75 228 167 67 28 59 106 32 41 830 31 41 71 29 68 41
leaf_count=20 47 100 56 28 75 228 167 67 28 59 106 32 41 830 31 41 71 29 68 41
internal_value=2.76006e-05 0.00241957 0.00186663 0.00295592 2.64938e-05 0.00142558 0.00511421 -0.00150337 -0.00115606 0.00748 0.000776701 0.00318401 -0.00155739 -0.00135028 -0.000301803 0.00214133 -0.00199777 -0.00386882 -0.00320315 -0.00361135
internal_weight=2165 845 766 479 287 284 195 1320 1156 79 197 60 959 877 137 141 146 164 135 82
internal_count=2165 845 766 479 287 284 195 1320 1156 79 197 60 959 877 137 141 146 164 135 82
is_linear=0
shrinkage=0.03


Tree=37
num_leaves=23
num_cat=0
split_feature=26 11 23 20 26 23 30 33 22 25 11 31 11 24 11 11 11 22 20 30 32 32
split_gain=8.34234 2.66154 2.89912 1.41916 1.39899 1.09319 0.753548 0.777464 0.722627 0.704934 0.571318 0.531523 0.525471 0.383486 0.363963 0.303223 0.270442 0.229978 0.202443 0.183272 0.104083 0.0540607
threshold=696.50000000000011 0.89034818636639279 3079.5000000000005 1.4450000000000001 298.00000000000006 2488.5000000000005 3.2663844813533137e-05 0.00055527700466550015 264.27000000000004 6.4500000000000011 1.1058294205364352 -8.9406442370454508e-05 1.0470433028233699 0.25000000000000006 0.89692081269111668 0.9786493317590349 0.93632178565528534 236.99200000000005 2.5650000000000004 0.00033837700156870003 -0.0030445747910835996 -0.00012040612697164999
decision_type=2 2 2 2 2 2 2 2 2 2 2 2 2 2 2 2 2 2 2 2 2 2
left_child=1 19 3 4 -3 6 16 -8 -5 15 11 14 -11 -13 -7 -4 18 -18 -2 -1 -12 -9
right_child=5 2 9 8 -6 10 7 21 -10 12 20 13 -14 -15 -16 -17 17 -19 -20 -21 -22 -23
leaf_value=0.010528146220480695 0.00065828219310020677 0.0079405800551176076 0.00074139450154587865 0.0028316650790422078 3.7202154717116208e-05 -0.0011407169067810172 0.0054709868211066355 -0.00015470067579115399 0.0062944023114945387 0.0041571573821485653 -0.0027414853039874946 -1.3106148152937233e-05 0.000154062678507904 -0.0019359009370549904 -0.0037286692679028705 -0.0017087595169789876 0.00019941736441754843 -0.0019769469912820545 -0.0015047516895458101 0.005199923982636797 -0.0058856563618914651 0.001155861088218024
leaf_weight=31 107 21 58 101 131 77 29 92 156 46 30 156 79 242 178 168 49 256 57 24 41 36
leaf_count=31 107 21 58 101 131 77 29 92 156 46 30 156 79 242 178 168 49 256 57 24 41 36
internal_value=2.69991e-05 0.00242002 0.00193345 0.00364044 0.00128103 -0.00141762 -0.000489793 0.00128408 0.00499347 -6.1127e-05 -0.0022104 -0.00190781 0.00171355 -0.00119546 -0.00298119 -0.00106538 -0.00109435 -0.00161902 -8.90662e-05 0.00864405 -0.00476267 0.000209023
internal_weight=2165 815 760 409 152 1350 626 157 257 351 724 653 125 398 255 226 469 305 164 55 71 128
internal_count=2165 815 760 409 152 1350 626 157 257 351 724 653 125 398 255 226 469 305 164 55 71 128
is_linear=0
shrinkage=0.03


Tree=38
num_leaves=23
num_cat=0
split_feature=26 22 23 26 30 30 23 11 11 29 28 11 33 28 26 23 28 31 18 17 23 26
split_gain=7.88485 2.75778 2.37321 1.60573 1.35455 1.21753 1.08975 0.889343 0.792825 0.648491 0.591325 0.56942 0.499452 0.565323 0.318027 0.28599 0.286836 0.233385 0.129859 0.111536 0.0838875 0.0229024
threshold=691.00000000000011 279.88200000000006 2685.0000000000005 285.50000000000006 -0.0011699675650616497 0.0035934960265074007 2451.0000000000005 1.0292714555303706 1.0613090165206793 3.9725714752155359e-06 4.0688848391017521e-05 1.0636787565828041 0.050837426255419156 4.668844385947596e-07 399.50000000000006 1257.0000000000002 4.668844385947596e-07 0.021336670270878204 1.0119190009908605 0.0031029857614810006 2726.0000000000005 1051.5000000000002
decision_type=2 2 2 2 2 2 2 2 2 2 2 2 2 2 2 2 2 2 2 2 2 2
left_child=1 2 5 4 -4 14 9 -3 -5 10 -2 12 13 -8 -1 -11 -17 -13 -9 -7 -14 -19
right_child=6 7 3 8 -6 19 11 18 -10 15 -12 17 20 -15 -16 16 -18 21 -20 -21 -22 -23
leaf_value=0 -0.00031119214194560692 0.010849218568950892 0.0080527620134609075 0.00090635015071771749 0.00093188882784306761 0.0092570601578165837 -0.00052318974503901819 0.0060582029092311864 -0.001793401910676933 -0.0035117310095917095 0.0048949301969763402 -0.0050059782498412661 0.0011709932628335713 -0.0027430039624607131 0.003465442869670527 -0.0033638367292005565 -0.00040681741101747333 -0.00095284039137884984 0.0023557438639691098 0.0045383268290239828 -0.00051945101154269647 -0.0027087267344263759
leaf_weight=30 39 37 39 212 61 38 152 22 176 30 34 78 43 358 135 29 490 22 29 20 57 34
leaf_count=30 39 37 39 212 61 38 152 22 176 30 34 78 43 358 135 29 490 22 29 20 57 34
internal_value=2.72925e-05 0.00239073 0.00174728 0.000559477 0.00389181 0.0042914 -0.00135515 0.00732756 -0.000314971 -0.000419278 0.00217161 -0.00212871 -0.00171553 -0.00209419 0.00285676 -0.00077915 -0.000596176 -0.00390896 0.00425628 0.00798231 0.000191249 -0.00215329
internal_weight=2165 799 711 488 100 223 1366 88 388 622 73 744 610 510 165 549 519 134 51 58 100 56
internal_count=2165 799 711 488 100 223 1366 88 388 622 73 744 610 510 165 549 519 134 51 58 100 56
is_linear=0
shrinkage=0.03


Tree=39
num_leaves=24
num_cat=0
split_feature=20 22 23 22 22 23 29 29 19 11 22 22 29 23 15 28 14 11 22 15 20 29 29
split_gain=4.10333 2.77342 2.39375 1.45802 1.51767 1.08482 0.999014 0.587315 0.478621 0.477363 0.523156 0.475269 0.425762 0.330283 0.32637 0.301606 0.217895 0.213173 0.186216 0.147053 0.0918978 0.0837715 0.011186
threshold=1.9850000000000001 277.73450000000008 3365.5000000000005 271.27850000000007 264.27000000000004 2366.0000000000005 2.2304999796192837e-06 0.00075567552142215006 97.155002593994155 1.073674911069189 241.45850000000004 279.88200000000006 0.0024741705897964503 1535.0000000000002 0.041938772434706902 0.0097004720741108528 0.019483274222202154 0.88071245463379844 252.37150000000003 0.033075991989942509 2.8450000000000002 0.015488718236199902 0.0015313257800036002
decision_type=2 2 2 2 2 2 2 2 2 2 2 2 2 2 2 2 2 2 2 2 2 2 2
left_child=1 2 3 4 -1 6 -2 -3 15 10 17 -9 13 -8 -12 -4 -5 -7 -14 22 -21 -10 -11
right_child=5 7 8 16 -6 9 12 11 21 19 14 -13 18 -15 -16 -17 -18 -19 -20 20 -22 -23 -24
leaf_value=0.0017682180292974928 0.0052438025712966919 0.0017755645468183184 -0.0012559076126196942 0.00030681542335483041 0.0060858740892805402 5.0028233256723142e-06 0.0018135703029577351 0.0034526056362235024 -0.0043690314361453063 -0.0025398934701314339 -0.00024923160912227084 0.010130939557455308 -0.00070956799882137254 -0.0003234757861078478 -0.0028597985736470528 0.0019851626885938455 -0.0032402924297719586 -0.002793679159122531 -0.0028010420346186614 -0.0027449404895305632 -0.0057209976727142934 -0.0017154825577512382 -0.00098948089924195547
leaf_weight=475 27 20 125 20 86 25 85 20 47 36 278 40 101 243 49 29 46 228 68 33 37 27 20
leaf_count=475 27 20 125 20 86 25 85 20 47 36 278 40 101 243 49 29 46 228 68 33 37 27 20
internal_value=2.77278e-05 0.00152438 0.00100814 0.00196529 0.00246427 -0.00110848 -6.70509e-05 0.00676962 -0.00160237 -0.00187365 -0.00148704 0.00822286 -0.0003913 0.000232686 -0.00067195 -0.000600197 -0.00215533 -0.00250859 -0.00160273 -0.00355404 -0.00452956 -0.00354436 -0.00211549
internal_weight=2165 935 855 627 561 1230 524 80 228 706 580 60 497 328 327 154 66 253 169 126 70 74 56
internal_count=2165 935 855 627 561 1230 524 80 228 706 580 60 497 328 327 154 66 253 169 126 70 74 56
is_linear=0
shrinkage=0.03


Tree=40
num_leaves=25
num_cat=0
split_feature=26 23 35 19 22 23 34 19 26 29 21 22 30 23 13 28 28 35 35 14 23 13 23 15
split_gain=7.1757 2.08732 1.54288 1.19928 1.14155 0.973785 0.963231 0.951387 0.892166 0.671257 0.529347 0.40791 0.390878 0.253093 0.22002 0.191072 0.167622 0.145487 0.135562 0.11543 0.0857623 0.0542609 0.0284281 0.00388053
threshold=710.50000000000011 3242.0000000000005 0.00029222939560670009 94.31000137329103 277.73450000000008 2885.5000000000005 0.0015120335238232501 99.264999389648452 486.00000000000006 2.2304999796192837e-06 11.295000076293947 273.29300000000006 -1.2897417873752927e-06 3359.5000000000005 0.98798492456395814 0.0089378093306863513 0.038031424161400408 -4.0847452744362416e-08 2.8547873017624307e-05 0.040846277085097908 3460.5000000000005 0.94060402900615425 3217.5000000000005 0.027122019165148004
decision_type=2 2 2 2 2 2 2 2 2 2 2 2 2 2 2 2 2 2 2 2 2 2 2 2
left_child=1 2 3 8 11 6 12 -5 -1 -8 20 13 14 -3 -2 -4 -17 21 -11 -19 22 -12 -7 -22
right_child=5 4 15 7 -6 10 9 -9 -10 18 17 -13 -14 -15 -16 16 -18 19 -20 -21 23 -23 -24 -25
leaf_value=0.0020811094921815722 -0.0005893066478732397 0.001801992214406796 0.010301522157762363 0.0050459993933971489 0.0054773477521591956 -0.00023813211298821604 0.0048515782988714897 0.00082976460606247796 -0.0025019357000900942 0.0007620614175536134 -0.0021490876535311914 -0.0035020846371208465 -0.0043576862253248694 -0.00035026889932707975 -0.001777613793108587 0.0025666962526738643 0.0068495919635129529 -0.0022302715487942065 -0.00084503979505139528 -0.0042046718895435336 -0.0016953134471824501 -0.004706159736799157 0.0010550029091723264 -0.00059686993929031098
leaf_weight=121 312 60 20 185 32 31 30 69 52 138 23 28 35 218 276 20 40 230 67 39 31 66 22 20
leaf_count=121 312 60 20 185 32 31 30 69 52 138 23 28 35 218 276 20 40 230 67 39 31 66 22 20
internal_value=2.66989e-05 0.00218231 0.00339479 0.00263219 0.000340934 -0.00135277 -0.000745387 0.00393537 0.000667336 0.00087563 -0.00246224 -0.000234461 -0.0013629 0.000117851 -0.00115835 0.00718676 0.00565979 -0.0030079 0.000217778 -0.00257077 -0.000524206 -0.00416958 0.000272832 -0.0013772
internal_weight=2165 845 507 427 338 1320 858 254 173 235 462 306 623 278 588 80 60 358 205 269 104 89 53 51
internal_count=2165 845 507 427 338 1320 858 254 173 235 462 306 623 278 588 80 60 358 205 269 104 89 53 51
is_linear=0
shrinkage=0.03


Tree=41
num_leaves=21
num_cat=0
split_feature=26 11 23 23 11 11 23 34 28 22 23 29 21 26 26 11 29 34 23 29
split_gain=6.77162 2.14226 2.13419 1.48876 1.13426 0.94001 0.8614 0.812955 0.795092 0.718153 0.640326 0.4513 0.432853 0.358808 0.252922 0.156214 0.13905 0.124118 0.085591 0.0178938
threshold=710.50000000000011 0.92245580681535821 2685.0000000000005 3572.5000000000005 1.0070742344994155 1.0791423582692456 2759.0000000000005 0.0012970907606712503 0.038031424161400408 260.15800000000007 3296.5000000000005 2.2304999796192837e-06 11.295000076293947 405.00000000000006 789.50000000000011 0.88071245463379844 0.0065566369929250514 -0.0042843589114305494 3460.5000000000005 0.00096975814806050009
decision_type=2 2 2 2 2 2 2 2 2 2 2 2 2 2 2 2 2 2 2 2
left_child=1 3 8 17 10 6 7 14 13 -6 -4 -9 18 -3 -2 -14 19 -1 -8 -7
right_child=5 2 4 -5 9 16 12 11 -10 -11 -12 -13 15 -15 -16 -17 -18 -19 -20 -21
leaf_value=0.010304107177142913 0.00052574807199373566 0.00024352075107162818 0.0048216532560109047 0.0008256910656897448 0.00041530862571493009 -0.0032667501612744301 0.00021722991988644937 0.0042409525638001004 0.0077066226486976336 -0.0024194156992820184 0.00050942482222008571 0.00054071799832484523 -0.00057710276615107424 0.0034246645805471048 -0.0012892991477062978 -0.002806753715334257 -0.0056091467617980905 0.0058872244861480358 -0.0013413685549102309 -0.0018319976417512473
leaf_weight=36 78 41 61 35 217 86 69 34 36 123 65 171 37 197 428 300 28 34 51 38
leaf_count=36 78 41 61 35 217 86 69 34 36 123 65 171 37 197 428 300 28 34 51 38
internal_value=2.6225e-05 0.0021203 0.00153157 0.00608392 0.000283045 -0.0013138 -0.00101574 -0.000354485 0.00361807 -0.00061364 0.00268393 0.00122115 -0.00202896 0.00289895 -0.00100217 -0.00257803 -0.00352088 0.00852997 -0.000437344 -0.00290435
internal_weight=2165 845 740 105 466 1320 1168 711 274 340 126 205 457 238 506 337 152 70 120 124
internal_count=2165 845 740 105 466 1320 1168 711 274 340 126 205 457 238 506 337 152 70 120 124
is_linear=0
shrinkage=0.03


Tree=42
num_leaves=23
num_cat=0
split_feature=20 19 11 14 29 21 28 35 34 29 28 35 11 20 11 28 14 35 19 20 34 24
split_gain=3.50124 1.29849 1.60284 1.08123 1.12027 0.612495 0.55978 0.529283 0.624024 0.680262 0.398822 0.464271 0.331973 0.29336 0.256735 0.249532 0.197371 0.191618 0.179358 0.146983 0.109352 0.0680741
threshold=2.0350000000000006 97.594997406005874 1.1104194335879709 0.061835165814397706 0.0014813773260883502 16.244999885559086 0.013155372930726002 0.00042709341087885007 0.0015120335238232501 2.2304999796192837e-06 1.6204363287470594e-05 -9.0905899547416659e-06 1.1658407314017989 1.6150000000000004 0.95711159752095576 2.7064245122546312e-05 0.029158563302481705 1.1075847002113579e-05 98.395000457763686 2.2350000000000008 0.0015120335238232501 0.55000000000000016
decision_type=2 2 2 2 2 2 2 2 2 2 2 2 2 2 2 2 2 2 2 2 2 2
left_child=1 2 3 4 -1 17 13 8 10 -10 11 -2 19 -4 -12 -7 -11 -3 -17 -9 -19 -21
right_child=7 5 6 -5 -6 15 -8 12 9 16 14 -13 -14 -15 -16 18 -18 20 -20 21 -22 -23
leaf_value=-5.9836990245413488e-05 0.0018543447790157405 -0.0039552570930114243 -0.0018403662051949649 0.0085318851216599854 0.0032146324649957631 0.0028587679149129903 0.0029074288543901941 0.00017481413702480494 0.0046036003276875076 0.0005540763997236586 -0.00042029476999305183 -0.00093805871211595265 -0.0047815153161684673 0.001094843486859463 -0.0023546978417418678 0.0015548733371358952 -0.0015108231610255472 3.1634385636009802e-05 -0.001077189084596466 -0.00031341114093083892 -0.0023041105582511851 -0.002390404389979318
leaf_weight=120 60 38 122 26 402 34 35 27 30 138 87 343 42 37 269 35 56 32 57 21 32 122
leaf_count=120 60 38 122 26 402 34 35 27 30 138 87 343 42 37 269 35 56 32 57 21 32 122
internal_value=2.64562e-05 0.00136459 0.00197211 0.00279853 0.00246013 -0.000599454 -0.000354161 -0.00105792 -0.000755724 0.000620727 -0.00116673 -0.000504297 -0.0024151 -0.00113119 -0.00189778 0.000776963 -4.06792e-05 -0.00230193 -2.68017e-05 -0.00174034 -0.00114234 -0.00211865
internal_weight=2165 970 742 548 522 228 194 1195 983 224 759 403 212 159 356 126 194 102 92 170 64 143
internal_count=2165 970 742 548 522 228 194 1195 983 224 759 403 212 159 356 126 194 102 92 170 64 143
is_linear=0
shrinkage=0.03


Tree=43
num_leaves=23
num_cat=0
split_feature=26 11 23 23 20 11 20 23 34 34 30 19 21 28 11 26 11 34 23 15 28 23
split_gain=6.13919 1.99935 1.95911 1.37782 0.979312 0.851746 0.812474 0.787829 0.727067 0.625812 0.48272 0.441621 0.406502 0.379232 0.266123 0.228458 0.140188 0.113797 0.0808625 0.0800631 0.0772284 0.0156454
threshold=710.50000000000011 0.92245580681535821 2819.0000000000005 3572.5000000000005 1.4450000000000001 1.0791423582692456 0.71500000000000008 2759.0000000000005 0.0018095978388308501 0.0039092996476981006 -0.0011699675650616497 99.264999389648452 11.295000076293947 0.00022883911620805004 1.0388226784273125 789.50000000000011 0.87032415224060655 -0.0042843589114305494 3460.5000000000005 0.029645750845180303 0.00020962855526835002 2944.0000000000005
decision_type=2 2 2 2 2 2 2 2 2 2 2 2 2 2 2 2 2 2 2 2 2 2
left_child=1 3 4 17 14 7 10 8 15 -10 -4 -6 18 -8 -3 -2 -14 -1 -9 21 -21 -7
right_child=5 2 6 -5 11 19 13 12 9 -11 -12 -13 16 -15 -16 -17 -18 -19 -20 20 -22 -23
leaf_value=0.0099092910851423556 0.00052764974072299622 0.0025671953971364669 0.0061736598413969796 0.00078732750142348541 0.0049190358531233025 -0.0013332756665699621 0.0012220917929160271 0.00024185243726242332 0.0054677037994066875 0.00050931524891398273 0.00085152207988552567 0.00083609253477633875 -0.00035058032713872802 -0.001005284906529123 -0.0004883009660788957 -0.0011931233169135975 -0.0026588927743738631 0.0056563683450222019 -0.001273476508911699 -0.0024377792357516128 -0.0049728050070026748 -0.00284754081973806
leaf_weight=36 78 39 25 35 184 31 88 69 24 171 40 31 30 272 61 438 307 34 51 35 49 37
leaf_count=36 78 39 25 35 184 31 88 69 24 171 40 31 30 272 61 438 307 34 51 35 49 37
internal_value=2.58051e-05 0.00201976 0.001451 0.00584876 0.00323226 -0.00125005 0.000110362 -0.000966148 -0.000333584 0.00120833 0.00312468 0.0043637 -0.00193517 -0.00044695 0.000714281 -0.00092568 -0.00246714 0.00820203 -0.000393125 -0.00335132 -0.00407151 -0.00228497
internal_weight=2165 845 740 105 315 1320 425 1168 711 195 65 215 457 360 100 516 337 70 120 152 84 68
internal_count=2165 845 740 105 315 1320 425 1168 711 195 65 215 457 360 100 516 337 70 120 152 84 68
is_linear=0
shrinkage=0.03


Tree=44
num_leaves=23
num_cat=0
split_feature=26 22 23 26 30 30 23 29 22 30 29 35 29 26 21 23 31 10 26 23 35 23
split_gain=5.79501 2.15989 1.76801 1.33309 1.08524 1.02194 0.806743 0.688519 0.54452 0.488312 0.573981 0.428427 0.470482 0.251761 0.243769 0.231178 0.227265 0.21266 0.123954 0.0583172 0.0447984 0.00718382
threshold=691.00000000000011 279.88200000000006 2685.0000000000005 285.50000000000006 -0.0011699675650616497 0.0035934960265074007 2488.5000000000005 0.0010889484593633002 241.45850000000004 3.2663844813533137e-05 2.2304999796192837e-06 -0.0014713470407065998 9.0767797480986392e-05 399.50000000000006 27.585000038146976 1393.5000000000002 0.026886608084672952 0.97912885240102709 931.50000000000011 2685.0000000000005 2.8547873017624307e-05 1257.0000000000002
decision_type=2 2 2 2 2 2 2 2 2 2 2 2 2 2 2 2 2 2 2 2 2 2
left_child=1 2 5 4 -4 13 9 14 -5 15 -11 19 18 -1 -3 21 -14 -17 -13 -8 -12 -2
right_child=6 7 3 8 -6 -7 11 -9 -10 10 20 12 16 -15 -16 17 -18 -19 -20 -21 -22 -23
leaf_value=-2.1252460460263213e-05 -0.0032358666040441567 0.0054807685824731986 0.0072193246132561143 0.0011389506387583335 0.00083814062931924116 0.0070531979161696356 0.0015106655115918587 0.0098330509737133975 -0.0011799237167974103 0.0048048367105424407 0.00050999542841920621 -0.0014498562443372297 -0.0029902650535129083 0.0029118614506340869 0.0010822879456635563 0.00023865531271496197 -0.0011963422690394125 -0.0011193421189259324 0 -0.00022069361052958161 -0.00070916755908789731 -0.0014700841714081392
leaf_weight=30 31 33 39 139 61 58 25 33 249 27 97 138 350 135 22 162 92 267 85 39 33 20
leaf_count=30 31 33 39 139 61 58 25 33 249 27 97 138 350 135 22 162 92 267 85 39 33 20
internal_value=2.59903e-05 0.00205234 0.00148267 0.000456706 0.00349371 0.00367868 -0.00115897 0.00642148 -0.000339155 -0.000370408 0.00106009 -0.00183958 -0.00206527 0.00236985 0.00392008 -0.00084819 -0.00263419 -0.000601491 -0.000904353 0.000448202 0.000168944 -0.0027191
internal_weight=2165 799 711 488 100 223 1366 88 388 637 157 729 665 165 55 480 442 429 223 64 130 51
internal_count=2165 799 711 488 100 223 1366 88 388 637 157 729 665 165 55 480 442 429 223 64 130 51
is_linear=0
shrinkage=0.03


Tree=45
num_leaves=22
num_cat=0
split_feature=26 11 23 23 20 11 26 23 33 25 19 11 21 26 20 26 11 34 19 23 23
split_gain=5.48559 1.84949 1.75721 1.23194 1.07477 0.788929 0.745554 0.713769 0.653832 0.595945 0.468411 0.402595 0.33816 0.24124 0.215632 0.205535 0.138477 0.100595 0.0784752 0.0688964 0.0226716
threshold=710.50000000000011 0.92245580681535821 3079.5000000000005 3572.5000000000005 1.3900000000000001 1.0791423582692456 315.00000000000006 2885.5000000000005 -0.00010118845989369998 6.4500000000000011 99.264999389648452 1.0470433028233699 10.914999961853027 789.50000000000011 3.0750000000000006 285.50000000000006 0.88071245463379844 -0.0042843589114305494 106.49000167846681 3460.5000000000005 2944.0000000000005
decision_type=2 2 2 2 2 2 2 2 2 2 2 2 2 2 2 2 2 2 2 2 2
left_child=1 3 4 17 6 7 -3 8 13 15 -6 -11 19 -2 -10 -4 -14 -1 20 -9 -7
right_child=5 2 9 -5 10 18 -8 12 14 11 -12 -13 16 -15 -16 -17 -18 -19 -20 -21 -22
leaf_value=0.009444426196842241 0.0011021311571767424 0.0053730211844667791 0.0014455065091606228 0.00079690709731259713 0.0043550193838309496 -0.0020460855348337389 -0.0004049270840887026 0.0004404932288546115 0.0010134275655878571 0.0035509804691929293 0.00052371870948431586 4.7814904848431662e-05 -0.00044238537719017281 -0.0012319739306722211 -0.0019343809644924476 -0.0014700549795408147 -0.002663854617673404 0.0053926720824596045 -0.0052296500437609538 -0.0011299806929891928 -0.0033538932190346183
leaf_weight=36 40 21 21 35 223 68 118 47 262 46 36 79 33 454 21 196 266 34 20 45 64
leaf_count=36 40 21 21 35 223 68 118 47 262 46 36 79 33 454 21 196 266 34 20 45 64
internal_value=2.64578e-05 0.00191136 0.00136431 0.00559393 0.00271226 -0.00117949 0.000541946 -0.000906238 -0.00037242 -0.000205594 0.00384603 0.00141343 -0.00194852 -0.00103143 0.0007662 -0.0011584 -0.00243544 0.00782002 -0.00320171 -0.00030752 -0.00276284
internal_weight=2165 845 740 105 398 1320 139 1168 777 342 259 125 391 494 283 217 299 70 152 92 132
internal_count=2165 845 740 105 398 1320 139 1168 777 342 259 125 391 494 283 217 299 70 152 92 132
is_linear=0
shrinkage=0.03


Tree=46
num_leaves=21
num_cat=0
split_feature=20 22 22 22 34 29 15 22 20 35 22 22 16 22 14 28 31 29 7 29
split_gain=2.81197 2.06444 1.07261 1.78682 1.04276 0.633297 0.551381 0.366493 0.358001 0.343111 0.651655 0.282209 0.274434 0.272511 0.203918 0.182759 0.153682 0.094809 0.0937787 0.0372586
threshold=2.0350000000000006 277.73450000000008 271.27850000000007 264.27000000000004 0.00027137854408945005 0.00060556170284040004 0.012941804842287201 279.88200000000006 2.9250000000000003 0.00042709341087885007 241.88350000000005 289.92950000000002 34.405600573022916 252.37150000000003 0.019483274222202154 0.038031424161400408 -0.0085794790634350984 0.00011477096848095001 0.047693489795896757 0.078124408945244569
decision_type=2 2 2 2 2 2 2 2 2 2 2 2 2 2 2 2 2 2 2 2
left_child=1 2 3 4 -1 -3 8 -7 17 10 12 -12 -8 16 -4 -5 -11 -2 -15 -16
right_child=6 5 14 15 -6 7 9 -9 -10 13 11 -13 -14 18 19 -17 -18 -19 -20 -21
leaf_value=0.0017282092758109037 0.0012306252212496472 0.00067908911289566245 0.00023445258799778375 0.0034785381948469946 -0.00055864821813702301 0.002835408812687408 0.00036060638199186151 0.0085985549271423763 0.0043537257754315542 0.0010335597383673305 0 -0.0020130265987720868 -0.0022291285213242207 -0.001995931318330188 -0.0037161916275932033 0.0069537026446599226 -0.0016245080575516277 -0.0011728978121878001 -0.0040315912997493375 -0.0016558256965034806
leaf_weight=370 27 20 20 50 341 20 39 44 23 24 513 68 291 59 41 36 63 26 62 28
leaf_count=370 27 20 20 50 341 20 39 44 23 24 513 68 291 59 41 36 63 26 62 28
internal_value=2.62693e-05 0.00122561 0.000785774 0.00113876 0.000629478 0.00564328 -0.000945382 0.00704995 0.00146964 -0.00111557 -0.000854 -0.000240305 -0.00191357 -0.00221854 -0.00227664 0.00515233 -0.000847905 0 -0.00313549 -0.0030256
internal_weight=2165 970 886 797 711 84 1195 64 76 1119 911 581 330 208 89 86 87 53 121 69
internal_count=2165 970 886 797 711 84 1195 64 76 1119 911 581 330 208 89 86 87 53 121 69
is_linear=0
shrinkage=0.03


Tree=47
num_leaves=23
num_cat=0
split_feature=26 11 35 22 11 22 20 24 29 20 29 29 26 26 28 19 19 29 22 15 29 7
split_gain=4.97027 1.72211 1.03404 0.977788 0.717897 0.68619 0.644849 0.601338 0.584426 0.572304 0.521353 0.401557 0.314972 0.250809 0.238667 0.190329 0.160753 0.122641 0.0761581 0.071137 0.0172706 0.0107162
threshold=710.50000000000011 0.92245580681535821 -0.00046319627308439996 264.27000000000004 1.0791423582692456 241.45850000000004 1.3900000000000001 1.8500000000000003 0.0013192339086151002 2.8150000000000004 0.0079933939500487512 3.9725714752155359e-06 756.50000000000011 1891.0000000000002 4.0688848391017521e-05 95.18500137329103 96.055000305175795 0.0065566369929250514 273.29300000000006 0.027843301203417103 0.00096975814806050009 0.047693489795896757
decision_type=2 2 2 2 2 2 2 2 2 2 2 2 2 2 2 2 2 2 2 2 2 2
left_child=1 8 5 7 9 16 -5 -4 -1 12 -10 14 19 -14 -11 -13 -3 20 -7 -2 21 -6
right_child=4 2 3 6 17 18 -8 -9 10 11 -12 15 13 -15 -16 -17 -18 -19 -20 -21 -22 -23
leaf_value=0.0010622651569179393 0 0.0019171182650898121 0.002659487636167935 -0.00048105346746742724 -0.0015301243068220523 -0.0012941793574427719 0.004355871804207081 -3.5996433325233543e-05 0.0082183633932265739 0.00035272130645303565 0.0024270005485346438 0.00027187170743127358 -0.001116011623257189 -0.0028460262260526759 0.0041141212327418398 -0.0022893004910472556 -0.00029854649673639373 -0.0049832823165962773 -0.0031534956475329956 0.0021506070511282554 -0.0015070481543974358 -0.0031494804563170129
leaf_weight=25 22 81 115 27 23 69 171 196 55 30 25 105 836 85 34 31 41 28 40 25 38 63
leaf_count=25 22 81 115 27 23 69 171 196 55 30 25 105 836 85 34 31 41 28 40 25 38 63
internal_value=2.60769e-05 0.00182032 0.00129242 0.00204521 -0.00112177 -0.000358459 0.00368403 0.000967058 0.00537375 -0.000860954 0.00659784 0.000583193 -0.0011633 -0.00128765 0.00249048 -0.000327152 0.00115922 -0.00305109 -0.00206948 0.00114438 -0.00248376 -0.00281628
internal_weight=2165 845 740 509 1320 231 198 311 105 1168 80 200 968 921 64 136 122 152 109 47 124 86
internal_count=2165 845 740 509 1320 231 198 311 105 1168 80 200 968 921 64 136 122 152 109 47 124 86
is_linear=0
shrinkage=0.03


Tree=48
num_leaves=26
num_cat=0
split_feature=26 11 23 23 23 11 30 26 11 30 29 21 33 22 26 20 11 29 20 23 29 22 23 11 15
split_gain=4.6849 1.64671 1.64561 1.39089 0.684503 0.628811 0.616635 0.572025 0.549895 0.54986 0.491269 0.376927 0.369591 0.328168 0.247889 0.216509 0.149664 0.175659 0.0879614 0.067243 0.0619586 0.0437402 0.0273798 0.0196429 0.00592973
threshold=710.50000000000011 0.95347012308761292 2685.0000000000005 3572.5000000000005 2885.5000000000005 1.0470433028233699 0.0035934960265074007 305.50000000000006 1.0987561386597935 3.2663844813533137e-05 2.2304999796192837e-06 11.295000076293947 -0.0042657250284994491 260.61500000000007 405.00000000000006 2.5850000000000004 0.88071245463379844 9.0767797480986392e-05 2.9750000000000005 3460.5000000000005 0.0072049073464594505 260.61500000000007 3217.5000000000005 0.90846351160332639 0.027122019165148004
decision_type=2 2 2 2 2 2 2 2 2 2 2 2 2 2 2 2 2 2 2 2 2 2 2 2 2
left_child=1 3 6 12 8 7 14 -4 9 15 -11 19 20 -7 -3 -2 -13 -18 -10 22 -1 -5 -6 -14 -21
right_child=4 2 5 21 11 13 -8 -9 18 10 -12 16 23 -15 -16 -17 17 -19 -20 24 -22 -23 -24 -25 -26
leaf_value=0.0097404858746072825 -0.00050812064063934076 0 0.0048370637297630312 0.0013370724665548871 -0.00018165138880174388 -0.00029165842434588773 0.0063773182391055998 0.00043058228010383622 -0.0020073331699295102 0.0044796799771487711 0.00032461206493065797 -0.00040210806908241165 0.0054907551740224552 -0.0026703927921817492 0.0027178547532207475 -0.0018908251487857683 -0.0014835856907060463 -0.0031516020732595199 -0.0048494844178855424 -0.0014562015004784743 0.0050577439617001162 -0.00015781830388823435 0.0010808655985817314 0.0030527109050424773 -0.00039760973428011587
leaf_weight=31 438 38 31 31 31 181 39 133 40 27 195 33 23 73 179 136 98 227 22 31 20 29 22 37 20
leaf_count=31 438 38 31 31 31 181 39 133 40 27 195 33 23 73 179 136 98 227 22 31 20 29 22 37 20
internal_value=2.53297e-05 0.00176734 0.00108408 0.00437806 -0.00108903 -7.26737e-05 0.00296339 0.00135341 -0.00057932 -0.000356999 0.000896283 -0.00201935 0.00632783 -0.00101018 0.0022576 -0.000849057 -0.00247974 -0.00267595 -0.00323927 -0.000381405 0.00834268 0.000593814 0.00031867 0.00425187 -0.00114178
internal_weight=2165 845 674 171 1320 418 256 164 858 796 222 462 111 254 217 574 358 325 62 104 51 60 53 60 51
internal_count=2165 845 674 171 1320 418 256 164 858 796 222 462 111 254 217 574 358 325 62 104 51 60 53 60 51
is_linear=0
shrinkage=0.03


Tree=49
num_leaves=24
num_cat=0
split_feature=26 22 23 22 14 23 28 34 34 28 31 20 28 16 18 23 10 16 14 34 32 24 10
split_gain=4.42931 1.716 1.414 1.22522 0.772038 0.640931 0.552 0.491509 0.533051 0.410102 0.402926 0.319735 0.354846 0.235391 0.216417 0.192651 0.253412 0.156557 0.127606 0.102147 0.114058 0.0737156 0.058831
threshold=691.00000000000011 279.88200000000006 3079.5000000000005 271.27850000000007 0.031510574741280654 2576.5000000000005 2.0415831073367937e-05 0.0018095978388308501 0.0039092996476981006 4.668844385947596e-07 0.026886608084672952 0.71500000000000008 0.00091409833738640008 45.072817091262955 1.0119190009908605 1257.0000000000002 0.98072365889325674 60.436179330498014 0.019483274222202154 -0.00013790912190204997 2.467381594811309e-07 0.25000000000000006 0.9920536158959995
decision_type=2 2 2 2 2 2 2 2 2 2 2 2 2 2 2 2 2 2 2 2 2 2 2
left_child=1 2 3 4 -1 7 14 15 -9 19 13 17 -13 -11 -3 -2 -17 -4 -5 20 -7 -12 -10
right_child=5 6 11 18 -6 9 -8 8 22 10 21 12 -14 -15 -16 16 -18 -19 -20 -21 -22 -23 -24
leaf_value=0.0047118131596368944 -0.0030466509020942098 0.0048363336284777949 0.0031149587168429909 0.00021412982678283815 0.0015130208959604988 0.0019396772629891828 0.0082248821026560948 0.0048816479200290315 0.0010191476583101991 -0.0017439596477630383 0.00047082251336470976 0.00045417412226815535 -0.0015806155599083899 -0.0033238653682462738 0.00058713613210245965 0.0001728638262550633 -0.001201084675187823 0 -0.0026509957998333607 -0.0014171338390078744 -0.00029081118234758634 -0.0010330157192567219 -0.00016594850001424628
leaf_weight=170 31 25 36 20 124 24 41 24 56 196 38 178 130 193 22 192 305 22 31 45 80 88 94
leaf_count=170 31 25 36 20 124 24 41 24 56 196 38 178 130 193 22 192 305 22 31 45 80 88 94
internal_value=2.55725e-05 0.00179729 0.00128913 0.0026583 0.00340167 -0.00101022 0.0056922 -0.000370177 0.000993431 -0.00167768 -0.00207766 -4.46775e-06 -0.000401982 -0.00255491 0.00306191 -0.000828271 -0.000666451 0.00197324 -0.00152239 -0.000261766 0.000235831 -0.000555819 0.000268188
internal_weight=2165 799 711 345 294 1366 88 702 174 664 515 366 308 389 47 528 497 58 51 149 104 126 150
internal_count=2165 799 711 345 294 1366 88 702 174 664 515 366 308 389 47 528 497 58 51 149 104 126 150
is_linear=0
shrinkage=0.03


Tree=50
num_leaves=22
num_cat=0
split_feature=26 11 23 23 35 11 29 23 34 22 21 29 26 32 11 29 11 29 34 29 7
split_gain=4.18641 1.50238 1.39115 0.963985 0.851246 0.662741 0.611852 0.582925 0.516553 0.442701 0.303359 0.274345 0.191748 0.147324 0.114338 0.0966412 0.0812432 0.0647979 0.0566103 0.0271748 0.00806368
threshold=720.50000000000011 0.92245580681535821 3359.5000000000005 3572.5000000000005 -0.00017318468094599997 1.0791423582692456 0.034767248252351758 2759.0000000000005 0.00093857875423930006 242.33150000000003 11.295000076293947 2.2304999796192837e-06 789.50000000000011 -0.00095432990580114987 0.87032415224060655 0.0065566369929250514 0.98749159745216486 6.1687477475844119e-07 -0.0042843589114305494 0.00096975814806050009 0.047693489795896757
decision_type=2 2 2 2 2 2 2 2 2 2 2 2 2 2 2 2 2 2 2 2 2
left_child=1 3 4 18 9 7 -6 8 12 -3 17 -10 -2 -4 -12 19 -15 -9 -1 20 -7
right_child=5 2 13 -5 6 15 -8 10 11 -11 14 -13 -14 16 -16 -17 -18 -19 -20 -21 -22
leaf_value=0.0082560046788537882 0.00056180450712592942 0.0014589789171616343 0.00080017511798247977 0.00069790770902947857 0.0023223040525827475 -0.0014672589367255569 0.0061669281045703787 -0.0012866141804668584 0.0032627109535611591 -0.0015072876953724005 -0.00018653011084957555 0.00044297965173353696 -0.0010355126935837407 0 -0.0022608062930498875 -0.0046718792992253453 -0.0015293900975829053 0.00015855417754757903 0.0048099058596669016 -0.0013541257956672867 -0.0030828343644915593
leaf_weight=37 76 115 36 35 306 21 43 37 36 70 30 179 418 37 305 28 142 82 34 38 60
leaf_count=37 76 115 36 35 306 21 43 37 36 70 30 179 418 37 305 28 142 82 34 38 60
internal_value=2.55241e-05 0.00165651 0.00116697 0.0049608 0.00198584 -0.00103804 0.00285304 -0.000790027 -0.000245366 0.000314508 -0.00162685 0.000967285 -0.000781828 -0.000852465 -0.00208723 -0.0029252 -0.00120903 -0.000286782 0.0069082 -0.00238485 -0.00276706
internal_weight=2165 855 749 106 534 1310 349 1163 709 185 454 215 494 215 335 147 179 119 71 119 81
internal_count=2165 855 749 106 534 1310 349 1163 709 185 454 215 494 215 335 147 179 119 71 119 81
is_linear=0
shrinkage=0.03


Tree=51
num_leaves=25
num_cat=0
split_feature=26 22 11 23 35 23 11 28 25 15 31 30 29 11 23 11 21 10 22 24 26 32 11 23
split_gain=3.95274 1.57653 1.30534 0.954654 0.861791 0.574241 0.542759 0.446398 0.386331 0.345541 0.372535 0.33181 0.437908 0.256811 0.205336 0.189828 0.184959 0.183483 0.176602 0.137648 0.113758 0.0466434 0.01383 0.00861158
threshold=691.00000000000011 279.88200000000006 1.1104194335879709 3084.0000000000005 0.00016915633797075002 2488.5000000000005 1.0292714555303706 0.013155372930726002 11.550000000000002 0.031463743285358156 -8.9406442370454508e-05 3.2663844813533137e-05 2.2304999796192837e-06 0.88543762013636751 1393.5000000000002 0.93090070498948474 27.585000038146976 0.97912885240102709 260.61500000000007 0.25000000000000006 759.00000000000011 -0.00012040612697164999 0.79589264177543095 1257.0000000000002
decision_type=2 2 2 2 2 2 2 2 2 2 2 2 2 2 2 2 2 2 2 2 2 2 2 2
left_child=1 2 3 4 -1 11 -3 18 -5 10 15 14 -13 22 23 -7 -8 -16 -4 -12 -15 -14 -11 -2
right_child=5 6 7 8 -6 9 16 -9 -10 13 19 12 21 20 17 -17 -18 -19 -20 -21 -22 -23 -24 -25
leaf_value=0.0023340884482634119 -0.002934991707696634 0.0081762140404433008 -0.00063008146465862874 0 0.0066402340305871084 -0.00045618908574311608 0.0044661036498675295 0.0021677514714403792 0.0028245329946818714 0 9.7921982074453755e-05 0.0041609417168423533 -0.0002321374656460983 -0.00088221203431021423 0.00032912786698222833 -0.0027533756912034987 0.00057936514797620473 -0.00093258694914143743 -0.0026776959875959064 -0.0010705615342712917 -0.003644617322639267 0.0009687401391622587 -0.0010397985835349367 -0.001261926731823579
leaf_weight=203 31 37 119 186 54 48 30 36 54 21 163 27 92 21 162 139 21 267 59 189 120 38 28 20
leaf_count=203 31 37 119 186 54 48 30 36 54 21 163 27 92 21 162 139 21 267 59 189 120 38 28 20
internal_value=2.52203e-05 0.00169899 0.00121184 0.0020532 0.0033166 -0.000953186 0.00543225 -0.000729699 0.00066372 -0.00152746 -0.00111907 -0.000287208 0.000890585 -0.00263503 -0.000681794 -0.00219603 0.00304234 -0.000450214 -0.00135849 -0.000524768 -0.00328098 0.000110265 -0.000636541 -0.002441
internal_weight=2165 799 711 497 257 1366 88 214 240 729 539 637 157 190 480 187 51 429 178 352 141 130 49 51
internal_count=2165 799 711 497 257 1366 88 214 240 729 539 637 157 190 480 187 51 429 178 352 141 130 49 51
is_linear=0
shrinkage=0.03


Tree=52
num_leaves=24
num_cat=0
split_feature=26 11 23 23 11 26 28 23 34 34 30 22 34 21 8 23 34 11 29 29 22 21 15
split_gain=3.73993 1.39265 1.29886 1.09031 0.6093 0.572134 0.567378 0.523019 0.464992 0.435557 0.377327 0.323146 0.287964 0.27453 0.230462 0.183606 0.133354 0.102419 0.0871404 0.0601257 0.0400087 0.0358731 0.0232042
threshold=720.50000000000011 0.95347012308761292 2685.0000000000005 3572.5000000000005 1.0791423582692456 285.50000000000006 0.038031424161400408 2759.0000000000005 0.0018095978388308501 0.0039092996476981006 -0.0011699675650616497 241.45850000000004 -0.0050754266462015992 11.295000076293947 1.0555004594475748 1455.5000000000002 -0.028869107356111996 0.87032415224060655 0.0065566369929250514 6.1687477475844119e-07 260.61500000000007 21.265000343322757 0.029645750845180303
decision_type=2 2 2 2 2 2 2 2 2 2 2 2 2 2 2 2 2 2 2 2 2 2 2
left_child=1 3 6 12 7 10 14 8 15 -10 -4 -7 16 19 -3 -2 -1 -15 22 -9 -5 -14 -6
right_child=4 2 5 20 18 11 -8 13 9 -11 -12 -13 21 17 -16 -17 -18 -19 -20 -21 -22 -23 -24
leaf_value=0.0045892294627325287 -0.0023764321164538465 0.0023219016388236501 0.0048173395633697514 0.0012702854772865333 -0.0015620195699532725 0.00047987722575522232 0.0060028536844138917 -0.0012238316356495487 0.004560186585204469 0.00041876545022211662 0.00053813101460178524 -0.0013981379195507886 0.004459618110887029 -0.00016911912950771777 -0.0004190989564958727 -0.00049725467837067759 0.0092223961144685743 -0.0021372719657586211 -0.0044551540024338233 0.00016836395293939857 -0.00015666888563464453 0.0019826976071344688 -0.0028175366109325774
leaf_weight=26 51 196 27 31 59 132 36 37 24 171 56 204 41 30 29 463 27 305 28 82 29 21 60
leaf_count=26 51 196 27 31 59 132 36 37 24 171 56 204 41 30 29 463 27 305 28 82 29 21 60
internal_value=2.49633e-05 0.0015666 0.000937624 0.00393676 -0.000980214 -9.3273e-05 0.00258621 -0.000742333 -0.000226205 0.001005 0.00208453 -0.000653779 0.00561498 -0.00153502 0.00195459 -0.000702221 0.00737071 -0.00197296 -0.00278973 -0.000259363 0.000558354 0.00379705 -0.00227336
internal_weight=2165 855 680 175 1310 419 261 1163 709 195 83 336 115 454 225 514 53 335 147 119 60 62 119
internal_count=2165 855 680 175 1310 419 261 1163 709 195 83 336 115 454 225 514 53 335 147 119 60 62 119
is_linear=0
shrinkage=0.03


Tree=53
num_leaves=25
num_cat=0
split_feature=26 11 23 23 11 26 28 23 33 34 31 11 32 26 26 29 29 21 11 26 26 11 34 29
split_gain=3.53517 1.34359 1.25234 1.08833 0.548116 0.540284 0.521535 0.485776 0.45422 0.365495 0.357018 0.317356 0.251489 0.230353 0.190195 0.149745 0.10757 0.102751 0.0888276 0.0445816 0.0282221 0.0270731 0.0124041 0.00257189
threshold=710.50000000000011 0.95347012308761292 2685.0000000000005 3572.5000000000005 1.073674911069189 285.50000000000006 0.038031424161400408 2885.5000000000005 -0.00010118845989369998 -0.0052663424456873996 -0.0014321856593749497 1.0613090165206793 1.4116806681730827e-05 405.00000000000006 789.50000000000011 3.9725714752155359e-06 0.0065566369929250514 12.305000305175783 0.90543714817574994 1073.0000000000002 560.00000000000011 0.90846351160332639 -0.028869107356111996 1.8108473287413736e-05
decision_type=2 2 2 2 2 2 2 2 2 2 2 2 2 2 2 2 2 2 2 2 2 2 2 2
left_child=1 3 6 9 7 10 13 8 14 22 -4 -7 17 -3 -2 -10 19 -9 -14 23 -5 -11 -1 -6
right_child=4 2 5 20 16 11 -8 12 15 21 -12 -13 18 -15 -16 -17 -18 -19 -20 -21 -22 -23 -24 -25
leaf_value=0.0050252016748487949 0.0010754660439926608 -0.00010498066820067966 0.004687271425127983 0 -0.0021116331657976845 0.00036159243528100264 0.0058366207098588347 -0.00029692911213832128 0.0018915274453703578 0.0049450212017847946 0.00052280796412378539 -0.0014680404423495694 -0.00072805917456459539 0.0023781088898738698 -0.00099434142590107823 0.00027048410168526755 -0.0043195474266540263 -0.0015331758717166896 -0.0031093417570769491 -0.0031238843438852774 0.0011898901609238234 0.0026505139447467099 0.0090942274871571305 -0.001218777268715868
leaf_weight=22 40 38 27 32 33 152 36 115 68 23 56 183 23 182 451 212 29 149 98 35 28 40 26 67
leaf_count=22 40 38 27 32 33 152 36 115 68 23 56 183 23 182 451 212 29 149 98 35 28 40 26 67
internal_value=2.52364e-05 0.00153864 0.000921314 0.00389676 -0.000942595 -8.68049e-05 0.0025609 -0.000704734 -0.000263221 0.00562198 0.00202865 -0.000633162 -0.0015723 0.00194012 -0.000814142 0.000690645 -0.00255848 -0.00101528 -0.00270946 -0.00207276 0.000541766 0.00372034 0.00769339 -0.00159547
internal_weight=2165 845 674 171 1320 418 256 1156 771 111 83 335 385 220 491 280 164 264 121 135 60 63 48 100
internal_count=2165 845 674 171 1320 418 256 1156 771 111 83 335 385 220 491 280 164 264 121 135 60 63 48 100
is_linear=0
shrinkage=0.03


Tree=54
num_leaves=24
num_cat=0
split_feature=26 22 11 23 35 23 11 28 28 31 11 34 34 20 23 20 21 34 35 34 32 32 23
split_gain=3.34807 1.40562 1.13561 0.809487 0.741093 0.488033 0.475618 0.380303 0.304304 0.473706 0.317343 0.285035 0.454824 0.284014 0.182803 0.179997 0.178277 0.166401 0.114854 0.083349 0.0892308 0.04175 0.00950945
threshold=691.00000000000011 279.88200000000006 1.1104194335879709 3084.0000000000005 0.00016915633797075002 2488.5000000000005 1.0292714555303706 0.013155372930726002 4.668844385947596e-07 0.026886608084672952 0.99255569076417716 0.0018095978388308501 0.0039092996476981006 0.82500000000000007 1393.5000000000002 2.5750000000000006 27.585000038146976 -0.17615945146544895 0.0017397527683024503 -0.00013790912190204997 2.467381594811309e-07 -0.00012040612697164999 1257.0000000000002
decision_type=2 2 2 2 2 2 2 2 2 2 2 2 2 2 2 2 2 2 2 2 2 2 2
left_child=1 2 3 4 -1 11 -3 17 19 10 -10 14 -13 -5 22 -16 -8 -4 -11 20 -7 -14 -2
right_child=5 6 7 13 -6 8 16 -9 9 18 -12 12 21 -15 15 -17 -18 -19 -20 -21 -22 -23 -24
leaf_value=0.0021422222308250536 -0.002765056845019845 0.0076626564480364329 0.00097381477944552888 0.0030352307442777057 0.006137721666281945 0.0016350802971050141 0.0042404397850940847 0.0019680022694385391 -0.0015651707833420241 0.00062764304218580942 -0.0033391627989207895 0.004389941986727838 -0.00023977131333300159 0.00015765530116030048 3.847478502516408e-05 -0.0012257083859737782 0.00045106023037806155 -0.0016347428841498805 -0.0010142146499769295 -0.001264227245323127 -0.00024546194171257829 0.00089750905693423489 -0.0011410736870830474
leaf_weight=203 31 37 22 34 54 27 30 36 273 69 153 24 92 206 280 152 21 156 77 45 85 38 20
leaf_count=203 31 37 22 34 54 27 30 36 273 69 153 24 92 206 280 152 21 156 77 45 85 38 20
internal_value=2.53512e-05 0.00156589 0.00110585 0.0018908 0.00305442 -0.000875003 0.00509084 -0.00070427 -0.00140447 -0.00172495 -0.0022282 -0.000260633 0.000844255 0.000610097 -0.000622126 -0.000404819 0.00284741 -0.00128497 -0.00022112 -0.000207695 0.000212624 8.28541e-05 -0.00228253
internal_weight=2165 799 711 497 257 1366 88 214 729 572 426 637 154 240 483 432 51 178 146 157 112 130 51
internal_count=2165 799 711 497 257 1366 88 214 729 572 426 637 154 240 483 432 51 178 146 157 112 130 51
is_linear=0
shrinkage=0.03


Tree=55
num_leaves=25
num_cat=0
split_feature=26 11 23 11 23 17 29 26 28 11 18 17 28 28 28 23 8 15 31 29 26 24 34 26
split_gain=3.16978 1.50681 1.14608 0.786572 0.710135 0.462289 0.383146 0.419138 0.320852 0.312549 0.21514 0.21402 0.185537 0.220899 0.175133 0.163285 0.145894 0.121328 0.103613 0.0859021 0.0739022 0.108168 0.0622549 0.053906
threshold=616.00000000000011 1.1104194335879709 3598.5000000000005 0.92031997424180145 2395.5000000000005 -0.0091065983161309483 3.9725714752155359e-06 696.50000000000011 0.013155372930726002 1.0070742344994155 0.99998655238724854 0.01018293608845615 0.044923924949366707 3.432029646700135e-07 4.668844385947596e-07 2309.0000000000005 1.0216820127262072 0.017908883583527904 0.021336670270878204 0.082236219942362673 560.00000000000011 6.0500000000000007 -0.0042843589114305494 945.00000000000011
decision_type=2 2 2 2 2 2 2 2 2 2 2 2 2 2 2 2 2 2 2 2 2 2 2 2
left_child=1 2 3 22 6 -5 15 10 11 12 -8 19 13 -6 -9 -2 -13 -11 -19 -3 21 -4 -1 -14
right_child=4 8 20 5 9 -7 7 14 -10 17 -12 16 23 -15 -16 -17 -18 18 -20 -21 -22 -23 -24 -25
leaf_value=0.0074658831592935787 0.0033340524233105347 -0.0024153940414448514 0.00064847011644659299 0 4.2856131033557984e-05 0.0030872592304514138 0.0038490667551034879 -0.002736108270563906 0.0020311501817777754 -0.00023051425985592817 0.00018519744764575186 0.0022501180525869129 -0.00021978235067492176 -0.0015051814717446956 -0.00038221136931430118 0 -0.00062664296391109619 -0.0027051860000902894 -0.001249608184894896 -0.00050721295018281258 0.00096925433660258664 -0.0016454787134053185 0.0042383548430991232 0.0012325541311874984
leaf_weight=36 38 70 25 51 105 275 28 28 35 32 31 21 50 333 490 20 42 195 79 39 25 47 35 35
leaf_count=36 38 70 25 51 105 275 28 28 35 32 31 21 50 333 490 20 42 195 79 39 25 47 35 35
internal_value=2.55422e-05 0.0016816 0.00257844 0.00328866 -0.000767193 0.00260559 -6.87381e-06 -0.000249365 -0.000450662 -0.00134385 0.00207448 -0.000998987 -0.000880083 -0.00112951 -0.000530229 0.00224994 0.000345514 -0.00211056 -0.00231442 -0.00179131 -0.000309777 -0.00081489 0.00615172 0.000365779
internal_weight=2165 701 494 397 1464 326 635 577 207 829 59 172 523 438 518 58 63 306 274 109 97 72 71 85
internal_count=2165 701 494 397 1464 326 635 577 207 829 59 172 523 438 518 58 63 306 274 109 97 72 71 85
is_linear=0
shrinkage=0.03


Tree=56
num_leaves=22
num_cat=0
split_feature=26 11 23 23 35 11 14 23 22 30 29 32 23 15 24 15 22 11 28 11 28
split_gain=2.99137 1.1718 1.05228 0.71708 0.654669 0.507998 0.478733 0.427564 0.388419 0.376963 0.307951 0.228787 0.167735 0.149676 0.137017 0.0764163 0.0691762 0.0685609 0.0136654 0.00736625 0.00332302
threshold=720.50000000000011 0.92245580681535821 3359.5000000000005 3572.5000000000005 -0.00020094974617499998 1.0791423582692456 0.065268148273752422 2759.0000000000005 242.33150000000003 3.2663844813533137e-05 2.2304999796192837e-06 1.4116806681730827e-05 1257.0000000000002 0.056828114086729956 0.25000000000000006 0.029645750845180303 260.15800000000007 0.90543714817574994 0.00020962855526835002 0.86670034847935795 0.020109009926379904
decision_type=2 2 2 2 2 2 2 2 2 2 2 2 2 2 2 2 2 2 2 2 2
left_child=1 3 4 19 8 7 -6 9 -3 12 -11 14 -2 16 -9 20 -4 -13 -17 -1 -7
right_child=5 2 13 -5 6 15 -8 11 -10 10 -12 17 -14 -15 -16 18 -18 -19 -20 -21 -22
leaf_value=0.0069189465445551011 -0.0026822488910573368 0.0012412452360388274 -0.00060388821926574371 0.0006292763823845522 0.0020818583838724605 -0.001941979288542643 0.006461404921916815 1.2700905003901387e-05 -0.0016056631085435474 0.0037255095523782071 0.00038867969746683354 -0.00076481956444331449 -0.00046745120572513373 0.0012842578343633146 -0.001310206555666915 -0.0020074220694950781 -0.0018752246329916972 -0.0026609823934704764 -0.0037426236427093571 0.0041456517895514314 -0.00092203794459483628
leaf_weight=41 31 114 126 35 332 37 23 100 65 27 171 29 480 24 204 30 65 121 49 30 31
leaf_count=41 31 114 126 35 332 37 23 100 65 27 171 29 480 24 204 30 65 121 49 30 31
internal_value=2.53968e-05 0.00140428 0.000971699 0.0043225 0.00168428 -0.000873427 0.00242575 -0.000656021 0.000181542 -0.000189017 0.000907441 -0.00137274 -0.00062252 -0.00078322 -0.000869396 -0.00252593 -0.00107431 -0.00233618 -0.00321782 0.00600325 -0.00157787
internal_weight=2165 855 749 106 534 1310 355 1163 179 709 198 454 511 215 304 147 191 150 79 71 68
internal_count=2165 855 749 106 534 1310 355 1163 179 709 198 454 511 215 304 147 191 150 79 71 68
is_linear=0
shrinkage=0.03


Tree=57
num_leaves=21
num_cat=0
split_feature=26 22 11 23 23 35 28 26 11 25 34 20 26 22 23 28 28 22 26 26
split_gain=2.84677 1.4613 1.06751 0.74411 0.639065 0.601422 0.332455 0.303801 0.275663 0.273168 0.326645 0.235761 0.211552 0.195381 0.181485 0.179989 0.223982 0.170473 0.135889 0.0504818
threshold=616.00000000000011 279.88200000000006 1.1104194335879709 3365.5000000000005 2451.0000000000005 0.00016915633797075002 0.013155372930726002 691.00000000000011 1.0070742344994155 12.65 0.0019846380227274006 1.9950000000000003 560.00000000000011 257.0985 1257.0000000000002 0.044923924949366707 4.668844385947596e-07 260.61500000000007 1073.0000000000002 929.50000000000011
decision_type=2 2 2 2 2 2 2 2 2 2 2 2 2 2 2 2 2 2 2 2
left_child=1 2 3 5 7 -1 17 11 15 14 -11 -2 -5 18 -9 16 -6 -4 -10 -17
right_child=4 -3 6 12 8 -7 -8 9 13 10 -12 -13 -14 -15 -16 19 -18 -19 -20 -21
leaf_value=0.0021017751101999127 -2.3045748397707932e-05 0.006727359902192938 -0.00039278699754130672 -0.00037496911229876177 0 0.0054224301541446526 0.0019240293740478687 -0.0026088814582018289 -0.0011727976650923349 -2.3741220169573679e-05 0.0038099451143174404 0.0039613920855817606 0.0022463002956937994 -0.0038415666457358747 -0.00032187729199609287 -0.00077421513463195877 -0.0015375260795156913 -0.0024317833555621967 -0.0029103035619181972 0.00079688033155763326
leaf_weight=246 22 44 106 114 116 64 35 31 181 52 28 26 33 47 511 21 306 59 59 64
leaf_count=246 22 44 106 114 116 64 35 31 181 52 28 26 33 47 511 21 306 59 59 64
internal_value=2.47721e-05 0.00159425 0.00121692 0.00201444 -0.000726414 0.00284232 -0.000593454 -3.86926e-05 -0.00130064 -0.000224551 0.00137111 0.00218244 0.000226636 -0.00204935 -0.000471829 -0.000861367 -0.00111555 -0.00117014 -0.00164294 0.000361475
internal_weight=2165 701 657 457 1464 310 200 670 794 622 80 48 147 287 542 507 422 165 240 85
internal_count=2165 701 657 457 1464 310 200 670 794 622 80 48 147 287 542 507 422 165 240 85
is_linear=0
shrinkage=0.03


Tree=58
num_leaves=22
num_cat=0
split_feature=26 22 11 23 35 23 26 15 25 30 26 31 18 11 23 11 14 24 26 22 24
split_gain=2.68483 1.38071 1.00658 0.710437 0.737895 0.603012 0.287529 0.265585 0.265574 0.287483 0.263036 0.2543 0.203598 0.175945 0.16709 0.152274 0.144743 0.121922 0.110415 0.100096 0.0275362
threshold=616.00000000000011 279.88200000000006 1.1104194335879709 3598.5000000000005 0.00016915633797075002 2451.0000000000005 696.50000000000011 0.031463743285358156 12.65 3.2663844813533137e-05 486.00000000000006 -8.9406442370454508e-05 0.99998655238724854 0.84519872829218545 1257.0000000000002 0.93090070498948474 0.025002641266011903 0.25000000000000006 759.00000000000011 260.61500000000007 1.1500000000000001
decision_type=2 2 2 2 2 2 2 2 2 2 2 2 2 2 2 2 2 2 2 2 2
left_child=1 2 3 4 -1 6 12 11 14 -10 16 15 -2 -9 -8 -7 -4 -13 -15 -5 -12
right_child=5 -3 10 19 -6 7 8 13 9 -11 20 17 -14 18 -16 -17 -18 -19 -20 -21 -22
leaf_value=0.0018063904631061202 0.0036278758281541442 0.0065384213184105583 0.0018190744075565471 0.00059127439301952993 0.0051501595143112356 -0.00026189032261344516 -0.0025375208830570473 -5.9770715456627494e-05 -0.00010805613572216209 0.0034042878657562789 -0.0024759864726662637 0.00017725411394093767 7.7610709375756619e-05 -0.0012051506263475555 -0.00033873541771434711 -0.0022310482917470313 -0.00037035161110036296 -0.00091056302009248885 -0.0029426986596442131 -0.0012640267370827496 -0.00079922174741155823
leaf_weight=283 28 44 34 50 77 52 31 35 48 32 47 168 31 60 500 148 96 192 139 47 23
leaf_count=283 28 44 34 50 77 52 31 35 48 32 47 168 31 60 500 148 96 192 139 47 23
internal_value=2.42741e-05 0.0015485 0.00118157 0.00195604 0.0025665 -0.000705193 -3.70245e-05 -0.00126299 -0.000237818 0.001333 -0.00057605 -0.000890838 0.00190489 -0.00211839 -0.000486254 -0.00174528 0.000207827 -0.000397381 -0.00245935 -0.000288638 -0.00202163
internal_weight=2165 701 657 457 360 1464 670 794 611 80 200 560 59 234 531 200 130 360 199 97 70
internal_count=2165 701 657 457 360 1464 670 794 611 80 200 560 59 234 531 200 130 360 199 97 70
is_linear=0
shrinkage=0.03


Tree=59
num_leaves=22
num_cat=0
split_feature=20 23 22 22 24 22 11 23 29 15 28 22 23 28 23 11 19 28 11 19 15
split_gain=1.40087 1.13942 0.664417 0.654411 0.704898 0.647611 0.467372 0.358171 0.447483 0.275158 0.261732 0.167489 0.167155 0.183284 0.142171 0.0965567 0.0801401 0.074442 0.0700936 0.0328566 0.0256456
threshold=2.0650000000000004 3365.5000000000005 279.88200000000006 271.27850000000007 16.650000000000002 283.52150000000006 0.89692081269111668 2366.0000000000005 3.5390750791720892e-06 0.031724844785115051 0.0097004720741108528 237.74700000000004 1257.0000000000002 4.668844385947596e-07 3974.0000000000005 0.94937053413529238 97.155002593994155 0.010211023235906202 0.81026606187091066 95.454998016357436 0.013377908038471551
decision_type=2 2 2 2 2 2 2 2 2 2 2 2 2 2 2 2 2 2 2 2 2
left_child=1 2 3 4 -1 -4 -3 8 20 11 16 19 -10 -14 18 -13 -8 -5 -11 -9 -2
right_child=7 6 5 17 -6 -7 10 9 12 14 -12 15 13 -15 -16 -17 -18 -19 -20 -21 -22
leaf_value=0.0021082967308356688 0.0035788400157541035 0.0023730610501952465 0.0066468883221287552 -0.0022152116460991754 -0.00017259825409198678 0 -0.001180945518094939 -0.0019463643459603191 -0.0024226951815865256 -0.00047378038854338234 0.0010347354497785705 0.00054084804048616208 -0.0023352600766176524 0 4.9781352120379983e-05 -0.00063306941236384348 -0.0025686583012198166 0 -0.002539341557893733 -0.00039430555230472237 0.0014061187423020599
leaf_weight=443 22 33 38 46 164 20 136 93 30 22 34 77 30 392 23 268 68 20 162 22 22
leaf_count=443 22 33 38 46 164 20 136 93 30 22 34 77 30 392 23 268 68 20 162 22 22
internal_value=2.36574e-05 0.000845795 0.00146163 0.00117763 0.00148931 0.00448783 -0.000802229 -0.000682448 -6.45092e-05 -0.00113514 -0.00127901 -0.000708429 -0.000357833 -0.000187918 -0.00204544 -0.00036004 -0.00168853 -0.0015855 -0.00231998 -0.00169245 0.0027154
internal_weight=2165 1002 731 673 607 58 271 1163 496 667 238 460 452 422 207 345 204 66 184 115 44
internal_count=2165 1002 731 673 607 58 271 1163 496 667 238 460 452 422 207 345 204 66 184 115 44
is_linear=0
shrinkage=0.03


Tree=60
num_leaves=25
num_cat=0
split_feature=26 11 23 23 26 28 11 23 33 19 19 8 32 34 20 20 34 21 22 29 22 11 29 7
split_gain=2.44109 1.03682 0.862171 0.750207 0.449694 0.441574 0.434771 0.354614 0.331856 0.30727 0.287971 0.199481 0.19648 0.191772 0.19034 0.150209 0.114777 0.0804258 0.079076 0.0607918 0.0336378 0.032896 0.0136267 0.00403856
threshold=720.50000000000011 0.95347012308761292 2685.0000000000005 3572.5000000000005 285.50000000000006 0.038031424161400408 1.0791423582692456 2885.5000000000005 -0.00010118845989369998 94.49499893188478 93.505001068115249 1.0555004594475748 1.4116806681730827e-05 -0.0050754266462015992 2.5850000000000004 3.0750000000000006 -0.028869107356111996 10.914999961853027 258.49100000000004 0.0065566369929250514 260.61500000000007 0.90846351160332639 0.00096975814806050009 0.047693489795896757
decision_type=2 2 2 2 2 2 2 2 2 2 2 2 2 2 2 2 2 2 2 2 2 2 2 2
left_child=1 3 5 13 10 11 7 8 14 -6 -4 -3 17 16 -2 -10 -1 -9 -14 22 -5 -15 23 -8
right_child=6 2 4 20 9 -7 19 12 15 -11 -12 -13 18 21 -16 -17 -18 -19 -20 -21 -22 -23 -24 -25
leaf_value=0.0037170174091026701 -0.00038161203274055878 0.0018590860821023857 0 0.0011534954808268914 -0.001669531214933222 0.0050756289635140164 -0.0011147221838182305 -5.9824209021885062e-05 0.0008076498482376338 0.0001451038768603911 0.0034738298242290816 -0.00067709018346795349 -0.0027797298312504238 0.004359067526860879 -0.001898986953211409 -0.0016476112133823333 0.0078033672101795667 -0.0011971589358373118 -0.00081652588309710458 -0.0037236415675330546 -0.00014961929178389254 0.0021694933851582133 -0.001068709808719776 -0.0024237048126912368
leaf_weight=26 397 196 41 31 140 36 21 90 262 196 42 29 91 23 92 21 27 177 33 28 29 39 38 60
leaf_count=26 397 196 41 31 140 36 21 90 262 196 42 29 91 23 92 21 27 177 33 28 29 39 38 60
internal_value=2.27837e-05 0.00126853 0.000725648 0.00331337 -0.000112851 0.00206909 -0.000789035 -0.000587741 -0.00020847 -0.000610228 0.00181679 0.00151444 -0.00132168 0.00470635 -0.000683026 0.000599596 0.00615883 -0.000829823 -0.00231252 -0.00231798 0.000498905 0.00319161 -0.00187921 -0.00217198
internal_weight=2165 855 680 175 419 261 1310 1163 772 336 83 225 391 115 489 283 53 267 124 147 60 62 119 81
internal_count=2165 855 680 175 419 261 1310 1163 772 336 83 225 391 115 489 283 53 267 124 147 60 62 119 81
is_linear=0
shrinkage=0.03


Tree=61
num_leaves=25
num_cat=0
split_feature=26 11 23 35 23 20 26 28 29 23 11 20 30 28 28 28 34 31 28 29 26 28 26 24
split_gain=2.31458 1.17106 0.856216 0.836115 0.522711 0.284921 0.26099 0.245642 0.24309 0.252587 0.23686 0.225988 0.217211 0.150291 0.186704 0.150163 0.107771 0.102341 0.204638 0.101508 0.0602741 0.092148 0.0472501 0.0273146
threshold=616.00000000000011 1.1104194335879709 3598.5000000000005 1.773495680873057e-05 2451.0000000000005 1.7350000000000001 691.00000000000011 0.013155372930726002 3.9725714752155359e-06 2309.0000000000005 1.0070742344994155 1.9950000000000003 -0.0071829076300908489 0.044923924949366707 4.668844385947596e-07 4.668844385947596e-07 -0.17615945146544895 0.021336670270878204 0.00019006358523535004 0.0015849486937026002 560.00000000000011 0.0024587670663272503 953.00000000000011 0.25000000000000006
decision_type=2 2 2 2 2 2 2 2 2 2 2 2 2 2 2 2 2 2 2 2 2 2 2 2
left_child=1 2 3 5 6 -1 11 16 9 -8 13 -2 -5 14 -6 -10 -3 18 -12 -18 21 -4 -15 -19
right_child=4 7 20 12 10 -7 8 -9 15 -11 17 -13 -14 22 -16 -17 19 23 -20 -21 -22 -23 -24 -25
leaf_value=0.0010436800983266859 -0.0001212473604083061 0.00087581051543354988 -0.0015570528577478165 0.0019092420472509482 1.3164799903057688e-06 0.0033527110249657803 0.0029872104650045315 0.0017278044229789978 -0.0024371479785768313 -0.00038854081757783306 -0.0011112173755958954 0.0037707505987090023 0.0052281986082045838 -0.00013488429845692109 -0.0013846602051912184 -0.00029616022296816087 2.9180266162646663e-05 0 -0.0031970365353209793 -0.0016688434164726029 0.00088650094039205993 0.00051442896911213477 0.001257147743737071 -0.0012182534415823042
leaf_weight=180 22 22 44 30 116 69 38 35 29 35 88 26 118 55 306 520 39 20 103 111 25 28 30 76
leaf_count=180 22 22 44 30 116 69 38 35 29 35 88 26 118 55 306 520 39 20 103 111 25 28 30 76
internal_value=2.23463e-05 0.00143767 0.00222856 0.00284251 -0.000654857 0.00172773 -3.24649e-05 -0.000440337 -0.000205071 0.00137778 -0.00117419 0.00202589 0.0046266 -0.000766747 -0.000999302 -0.00042732 -0.000920728 -0.00186823 -0.00228354 -0.00121583 -0.000264122 -0.000723122 0.000348438 -0.000967471
internal_weight=2165 701 494 397 1464 249 670 207 622 73 794 48 148 507 422 549 172 287 191 150 97 72 85 96
internal_count=2165 701 494 397 1464 249 670 207 622 73 794 48 148 507 422 549 172 287 191 150 97 72 85 96
is_linear=0
shrinkage=0.03


Tree=62
num_leaves=25
num_cat=0
split_feature=20 23 11 19 11 23 25 20 28 15 28 34 28 20 23 32 34 23 34 34 16 28 6 15
split_gain=1.19166 0.992607 0.489888 0.49436 0.40689 0.306031 0.391034 0.305839 0.283151 0.246553 0.226527 0.202626 0.191243 0.16542 0.159623 0.141361 0.137278 0.125976 0.11156 0.0880581 0.0756647 0.0712938 0.0649018 0.0531944
threshold=2.0650000000000004 3365.5000000000005 1.1104194335879709 98.264999389648452 0.89692081269111668 2366.0000000000005 13.15 0.72500000000000009 3.8006374808573482e-05 0.031724844785115051 0.0097004720741108528 -0.026159064906018794 5.4455102912349874e-07 2.3850000000000002 2685.0000000000005 1.5912039384382321e-05 -0.015561826077966598 3974.0000000000005 -0.17615945146544895 0.0043120766382717503 36.80927611394366 0.16874246564001957 -0.0038847027472705496 0.014165535495640001
decision_type=2 2 2 2 2 2 2 2 2 2 2 2 2 2 2 2 2 2 2 2 2 2 2 2
left_child=1 2 3 7 -3 6 11 -1 -5 15 19 13 -13 -2 22 21 -17 20 -16 -6 -11 -7 -4 -8
right_child=5 4 14 8 10 9 23 -9 -10 17 -12 12 -14 -15 18 16 -18 -19 -20 -21 -22 -23 -24 -25
leaf_value=0.0047580002677149891 0.0006009938281215727 0.0022036127626585459 -4.4484091031810504e-05 0.0021554834020177001 -0.0010687387472500893 -0.00037816342765705733 0.003663898058410268 0.0019153929045893246 -0.00095967965050436116 -0.00030364256765577012 0.00094675129005446321 -0.0020372395839894542 0.00023894468203527276 -0.0021823988595547584 0.00085268911153078071 0.00011077277781829858 -0.0017814343316144207 5.5602634110702912e-05 -0.0014092643877578665 -0.0025029610239501511 -0.0023924349891191179 0.0011747613412103261 0.0019787425637583841 0.00109499302983284
leaf_weight=38 22 33 20 35 137 260 21 427 82 22 34 34 322 75 22 42 132 23 77 67 162 26 30 22
leaf_count=38 22 33 20 35 137 260 21 427 82 22 34 34 322 75 22 42 132 23 77 67 162 26 30 22
internal_value=2.21418e-05 0.000780511 0.00135543 0.00174706 -0.000757193 -0.000628996 -5.73441e-05 0.00218311 0 -0.00104746 -0.00120249 -0.000328779 0 -0.00152202 -0.000158872 -0.000643408 -0.00131361 -0.00190903 -0.000866901 -0.00158372 -0.00216761 -0.000215879 0.00115614 0.00257192
internal_weight=2165 1002 731 582 271 1163 496 465 117 667 238 453 356 97 149 460 174 207 99 204 184 286 50 43
internal_count=2165 1002 731 582 271 1163 496 465 117 667 238 453 356 97 149 460 174 207 99 204 184 286 50 43
is_linear=0
shrinkage=0.03


Tree=63
num_leaves=27
num_cat=0
split_feature=26 22 22 23 15 23 23 34 34 21 23 20 26 15 20 29 32 16 20 14 23 32 23 35 8 32
split_gain=2.11409 0.763403 0.780025 0.838197 0.477693 0.38887 0.31134 0.26902 0.312742 0.209797 0.207395 0.200729 0.196263 0.178573 0.16588 0.15619 0.122854 0.110613 0.104578 0.0946069 0.0896183 0.0653591 0.0626045 0.059668 0.0405726 0.0028731
threshold=720.50000000000011 277.73450000000008 271.27850000000007 3084.0000000000005 0.029924331372627403 2100.5000000000005 2576.5000000000005 0.0018095978388308501 0.0039092996476981006 11.690000057220461 1543.0000000000002 2.5850000000000004 788.00000000000011 0.026782438029744452 0.71500000000000008 0.0037512371506153003 8.4502545956953202e-07 37.404423568892994 2.6050000000000004 0.019483274222202154 2860.5000000000005 0.014188771140902052 3506.5000000000005 -0.0016907319010586498 1.0032282878160099 5.0748577139001423e-08
decision_type=2 2 2 2 2 2 2 2 2 2 2 2 2 2 2 2 2 2 2 2 2 2 2 2 2 2
left_child=1 2 3 4 -1 10 7 11 -9 22 18 12 -2 20 -5 -7 -13 -15 -3 -4 -11 -21 24 -10 -8 -24
right_child=6 5 19 14 -6 15 9 8 23 13 -12 16 -14 17 -16 -17 -18 -19 -20 21 -22 -23 25 -25 -26 -27
leaf_value=0.003516154623895902 0.0018290020487825008 0.0042126066257124357 0 0.0015111270888601657 0.0010808321812923315 0.0061905710021624479 0.00080759337963536373 0.0037006324546204668 0.0011372162458885993 -0.00015066104579981865 -0.00045821656202897431 -0.00020230216445291745 -0.00047045037949704742 -0.00062816160659785964 -0.00021611238177737812 0.0025685557007964232 -0.002122806984192825 -0.0026436781147432405 0.00083751434616683774 -0.0030248354753560345 -0.0013537714920822438 -0.00081066471855316695 -0.00057637667523797694 -0.00017392083995754979 -0.00035262385684696853 -0.0014645624868571757
leaf_weight=146 34 20 20 58 158 38 50 24 39 84 27 48 318 37 270 29 102 146 20 43 214 26 34 111 49 20
leaf_count=146 34 20 20 58 158 38 50 24 39 84 27 48 318 37 270 29 102 146 20 43 214 26 34 111 49 20
internal_value=2.18383e-05 0.00118124 0.000781889 0.00115606 0.00228313 0.00324389 -0.000733554 -0.000277909 0.000722334 -0.00121108 0.00146295 -0.000632779 -0.000226314 -0.00151841 9.11785e-05 0.00484296 -0.00154387 -0.002269 0.00277099 -0.00179362 -0.00102949 -0.00230072 -0.000215031 0.000162981 0.000210451 -0.00101773
internal_weight=2165 855 721 632 304 134 1310 676 174 634 67 502 352 481 328 67 150 183 40 89 298 69 153 150 99 54
internal_count=2165 855 721 632 304 134 1310 676 174 634 67 502 352 481 328 67 150 183 40 89 298 69 153 150 99 54
is_linear=0
shrinkage=0.03


Tree=64
num_leaves=26
num_cat=0
split_feature=26 22 22 23 15 19 16 22 23 29 26 23 14 25 21 16 14 14 15 22 17 15 29 34 23
split_gain=1.99438 0.724114 0.73689 0.789599 0.449767 0.399938 0.301306 0.300365 0.254129 0.243653 0.20801 0.20484 0.161621 0.160681 0.11047 0.103021 0.0895663 0.0847762 0.0814334 0.0787153 0.0785053 0.0722308 0.0608858 0.0376298 0.0288712
threshold=720.50000000000011 277.73450000000008 271.27850000000007 3084.0000000000005 0.029767202957386902 96.545001983642592 46.206331677174781 256.23300000000006 2636.5000000000005 3.9725714752155359e-06 1073.0000000000002 1543.0000000000002 0.049805682089222959 2.9500000000000006 11.480000019073488 64.662870723891032 0.019483274222202154 0.05342310678968356 0.015420686863217651 236.61750000000004 -0.009669283894572547 0.046336072773547857 0.078124408945244569 0.012004819587862552 3460.5000000000005
decision_type=2 2 2 2 2 2 2 2 2 2 2 2 2 2 2 2 2 2 2 2 2 2 2 2 2
left_child=1 2 3 4 -1 17 8 10 9 -2 18 15 -11 -5 24 -7 -4 -3 -8 -12 -16 23 -18 -9 -10
right_child=6 5 16 13 -6 11 7 21 14 12 19 -13 -14 -15 20 -17 22 -19 -20 -21 -22 -23 -24 -25 -26
leaf_value=0.0034289763400720771 0.0027249428597826727 0.0025133161178001991 0 -0.00055616899601422379 0.0010634208401235498 0.0041280943085641965 0.00012988346775781121 -0.0038752234441268704 0.00079855782569696499 0.00025352026645556825 -0.00014681466480949892 -0.00047618743672125767 -0.0021703433474111887 0.00075745549913024514 -0.0020917871986372016 0.00079028443040569192 -0.0029858369413678621 0.0057120772028119186 -0.00077645065077826801 -0.0022989592203074465 -0.00078095649294295986 -0.0012370265111792832 -0.00086259762818113937 -0.0017529911953664849 -0.00044353812364540223
leaf_weight=144 31 23 20 165 160 20 112 43 33 289 22 28 24 163 65 20 41 43 343 101 157 37 28 27 26
leaf_count=144 31 23 20 165 160 20 112 43 33 289 22 28 24 163 65 20 41 43 343 101 157 37 28 27 26
internal_value=2.15134e-05 0.00114765 0.00075859 0.00112236 0.00221628 0.00315666 -0.000712141 -0.00114652 -0.000228077 0.00031146 -0.000859686 0.00138536 3.93312e-05 8.85233e-05 -0.000895455 0.00270053 -0.00174434 0.00479858 -0.000547413 -0.00195049 -0.00120086 -0.00260301 -0.00223774 -0.00320342 0.00020783
internal_weight=2165 855 721 632 304 134 1310 685 625 344 578 68 313 328 281 40 89 66 455 123 222 107 69 70 59
internal_count=2165 855 721 632 304 134 1310 685 625 344 578 68 313 328 281 40 89 66 455 123 222 107 69 70 59
is_linear=0
shrinkage=0.03


Tree=65
num_leaves=23
num_cat=0
split_feature=26 22 11 23 35 23 25 26 28 11 18 22 34 23 33 28 22 26 22 23 11 14
split_gain=1.89059 1.04881 0.75822 0.512627 0.606323 0.424165 0.262773 0.266348 0.226413 0.213192 0.180448 0.155027 0.146013 0.134757 0.125553 0.132541 0.113783 0.0786182 0.0768309 0.0275301 0.0255807 0.0234542
threshold=616.00000000000011 279.88200000000006 1.1104194335879709 3610.5000000000005 0.00016915633797075002 2413.5000000000005 12.65 696.50000000000011 0.013155372930726002 1.0070742344994155 1.0119190009908605 257.51700000000005 0.0019846380227274006 1257.0000000000002 0.096445682904684818 2.942536418339528e-07 260.61500000000007 1073.0000000000002 260.61500000000007 2576.5000000000005 0.93431223834331711 0.024902713071148004
decision_type=2 2 2 2 2 2 2 2 2 2 2 2 2 2 2 2 2 2 2 2 2 2
left_child=1 2 3 4 -1 6 7 10 16 14 -2 17 20 -9 15 -7 -4 -11 -5 -13 -8 -16
right_child=5 -3 8 18 -6 9 12 13 -10 11 -12 19 -14 -15 21 -17 -18 -19 -20 -21 -22 -23
leaf_value=0.0014777175407876505 0.0031872506826912282 0.0056495148703019984 -0.00037646100145482685 0.00051334062451496723 0.0044977229630516376 0.0001284842384972281 0.0011009046414121985 -0.0022984141343656704 0.0015284378125491598 -0.001029086584687551 0 -0.0018495773646737569 0.0032612551732003805 -0.00031763026850822521 0.0014134139580976055 -0.0010766056257348014 -0.0020556874394552001 -0.0023601843915098618 -0.0011471153582772241 -0.004434423659158789 -0.00020723708131117744 5.1655955593256894e-05
leaf_weight=288 29 44 106 45 77 99 22 31 35 202 30 20 28 479 20 371 59 59 47 20 21 33
leaf_count=288 29 44 106 45 77 99 22 31 35 202 30 20 28 479 20 371 59 59 47 20 21 33
internal_value=2.07874e-05 0.00130006 0.000979867 0.00165243 0.00215444 -0.000591119 -6.48342e-06 -0.0002287 -0.000543873 -0.00103991 0.00161979 -0.00168035 0.00167092 -0.000456616 -0.000658131 -0.00081722 -0.00102076 -0.00136475 -0.000312794 -0.00343098 0.000424977 0.000667288
internal_weight=2165 701 657 457 365 1464 640 569 200 824 59 301 71 510 523 470 165 261 92 40 43 53
internal_count=2165 701 657 457 365 1464 640 569 200 824 59 301 71 510 523 470 165 261 92 40 43 53
is_linear=0
shrinkage=0.03


Tree=66
num_leaves=24
num_cat=0
split_feature=20 22 23 22 24 29 23 29 30 29 11 22 34 24 20 29 29 21 14 21 35 29 20
split_gain=0.958428 0.758666 0.782936 0.49176 0.526192 0.388395 0.267608 0.323504 0.212658 0.178649 0.158641 0.16025 0.153464 0.182458 0.155364 0.14024 0.13156 0.0636989 0.0603912 0.0218984 0.0137337 0.010072 0.00346922
threshold=2.0150000000000001 277.73450000000008 3365.5000000000005 271.27850000000007 16.650000000000002 0.00072665771700150008 2366.0000000000005 3.5390750791720892e-06 0.0052599263154986505 0.0037512371506153003 1.073674911069189 237.74700000000004 -0.028869107356111996 8.1500000000000004 2.3850000000000002 0.00060556170284040004 0.086564442044592307 20.554999351501468 0.019483274222202154 12.914999961853029 1.1076249010754082e-06 0.015813224822963653 2.9750000000000005
decision_type=2 2 2 2 2 2 2 2 2 2 2 2 2 2 2 2 2 2 2 2 2 2 2
left_child=1 2 3 4 -1 -3 7 19 15 -7 11 20 14 -14 -9 -4 -13 21 -5 -2 -8 -12 -19
right_child=6 5 8 18 -6 9 10 12 -10 -11 17 16 13 -15 -16 -17 -18 22 -20 -21 -22 -23 -24
leaf_value=0.0018308674225491909 0.0032224174726288766 0 0.0005143771925298819 0 -0.00019092249363796937 0.0061932426309346091 -0.0017913394199953856 0.00049363252796746535 0.0010813017278136006 0.0023429226586595174 -0.001498547162316754 -0.00018189563939397755 -0.00047249031491644139 0.00089423899909644555 -0.0021038066324339634 -0.0017163939745093149 -0.0021244690337218343 -0.001746815068759024 -0.0019525822070854885 0.001246593031980511 -0.00098842076512579741 -0.000433763083571998 -0.0036374174612371817
leaf_weight=422 20 21 26 20 155 32 92 26 33 29 61 375 242 134 65 171 32 22 46 24 74 23 20
leaf_count=422 20 21 26 20 155 32 92 26 33 29 61 375 242 134 65 171 32 22 46 24 74 23 20
internal_value=2.03355e-05 0.00073092 0.000461804 0.00100054 0.0012844 0.0034433 -0.000538445 -1.01542e-05 -0.00102493 0.00460527 -0.000918682 -0.000691664 -0.000253176 9.89608e-06 -0.0013377 -0.00140368 -0.000356373 -0.00188772 -0.00138556 0.00235689 -0.00147506 -0.00126649 -0.00289624
internal_weight=2165 955 873 643 577 82 1210 511 230 61 699 573 467 376 91 197 407 126 66 44 166 84 42
internal_count=2165 955 873 643 577 82 1210 511 230 61 699 573 467 376 91 197 407 126 66 44 166 84 42
is_linear=0
shrinkage=0.03


Tree=67
num_leaves=18
num_cat=0
split_feature=20 11 19 34 30 28 24 29 15 20 20 19 20 34 25 29 20
split_gain=0.906845 0.588804 0.3926 0.444512 0.747731 0.479219 0.32066 0.235168 0.196745 0.191146 0.164719 0.142555 0.12314 0.0978564 0.0681278 0.0348561 0.0264611
threshold=2.0650000000000004 0.84519872829218545 90.125000000000014 0.00027137854408945005 -0.014087188893650298 0.0097004720741108528 21.650000000000002 0.0046818650968102503 0.012941804842287201 2.7450000000000006 2.9350000000000005 89.524997711181655 2.9950000000000006 -0.099345307550061893 11.450000000000001 6.2017650589509375e-05 2.5350000000000006
decision_type=2 2 2 2 2 2 2 2 2 2 2 2 2 2 2 2 2
left_child=1 6 -3 4 -4 -5 -1 8 10 13 15 16 -13 -9 -15 -2 -10
right_child=7 2 3 5 -6 -7 -8 9 11 -11 -12 12 -14 14 -16 -17 -18
leaf_value=0.0053120738121404032 0.00083191255267177312 0.003764645427851065 -0.00027094242084042532 -0.0013708187263966362 0.001954021187602979 0.00076935420333133417 0.00076205463844817136 0.00077295246526885495 -0.0020832143336749417 -0.0032960471948486215 0.003188797254413366 -0.00012480384302283637 -0.0013161049191929542 -0.001338083717545184 0 -0.00072976487741360199 -0.00057884472814787708
leaf_weight=34 25 29 250 209 288 165 27 23 49 35 22 622 88 213 41 20 25
leaf_count=34 25 29 250 209 288 165 27 23 49 35 22 622 88 213 41 20 25
internal_value=1.94481e-05 0.000681181 0.000486418 0.000366896 0.000918802 -0.000420059 0.00347513 -0.00054839 -0.000283459 -0.0012519 0.00123184 -0.000420969 -0.000281582 -0.000950356 -0.00112528 7.31033e-05 -0.0016563
internal_weight=2165 1002 941 912 538 374 61 1163 851 312 67 784 710 277 254 45 74
internal_count=2165 1002 941 912 538 374 61 1163 851 312 67 784 710 277 254 45 74
is_linear=0
shrinkage=0.03


Tree=68
num_leaves=23
num_cat=0
split_feature=26 11 23 23 28 26 11 23 19 19 30 26 19 32 26 20 35 21 29 29 19 28
split_gain=1.65418 0.82455 0.575364 0.539809 0.35557 0.33806 0.314397 0.253207 0.243404 0.234674 0.231009 0.188108 0.157262 0.146139 0.142513 0.113039 0.062683 0.0598827 0.0407255 0.037443 0.0212545 0.00775087
threshold=720.50000000000011 0.95347012308761292 2685.0000000000005 3572.5000000000005 0.038031424161400408 285.50000000000006 1.0791423582692456 2885.5000000000005 93.505001068115249 94.31000137329103 -3.3136976539683016e-05 405.00000000000006 94.49499893188478 1.4116806681730827e-05 789.50000000000011 3.0750000000000006 9.8174108894555532e-06 10.914999961853027 0.0065566369929250514 0.0075899926372105511 97.74499893188478 0.023454159412602354
decision_type=2 2 2 2 2 2 2 2 2 2 2 2 2 2 2 2 2 2 2 2 2 2
left_child=1 3 4 12 11 8 7 10 -4 -7 14 -3 -1 17 -2 -12 -15 -9 21 -14 -5 -8
right_child=6 2 5 20 -6 9 18 13 -10 -11 15 -13 19 16 -16 -17 -18 -19 -20 -21 -22 -23
leaf_value=0.001561187465976249 0.0011841760944133917 -0.00066577683991281224 -4.8662082842466498e-05 0 0.0043489451208330978 -0.0015087513766281874 -0.0018079511323580951 -5.9789782803085045e-06 0.0030740276728601509 8.3894503174472933e-05 0.00068127752442984166 0.0015553952702651978 0.0051373677848605432 -0.002726347203645855 -0.00071085692437714899 -0.0014424185252282767 -0.0011629599572358918 -0.0009884725625607339 -0.0031263504146688405 0.0024690295273195138 0.0011718446319428039 -0.00087331650570894646
leaf_weight=26 35 38 41 39 36 135 83 90 42 201 269 187 69 57 447 21 67 177 28 20 21 36
leaf_count=26 35 38 41 39 36 135 83 90 42 201 269 187 69 57 447 21 67 177 28 20 21 36
internal_value=1.90386e-05 0.00104476 0.000560665 0.0028678 0.00165847 -0.000122993 -0.000648992 -0.000477416 0.00154872 -0.000554847 -0.000156384 0.00116328 0.00405045 -0.00109764 -0.000560592 0.00050406 -0.00195266 -0.000672152 -0.00194973 0.00467041 0.000468504 -0.00157822
internal_weight=2165 855 680 175 261 419 1310 1163 83 336 772 225 115 391 482 290 124 267 147 89 60 119
internal_count=2165 855 680 175 261 419 1310 1163 83 336 772 225 115 391 482 290 124 267 147 89 60 119
is_linear=0
shrinkage=0.03


Tree=69
num_leaves=20
num_cat=0
split_feature=26 22 11 11 28 28 32 35 22 28 22 15 26 17 21 22 17 26 19
split_gain=1.57162 0.888402 0.661463 0.408178 0.412684 0.225085 0.286963 0.257272 0.278627 0.190649 0.183387 0.167154 0.128931 0.0950396 0.0738691 0.0513206 0.033877 0.0266843 0.0029341
threshold=616.00000000000011 279.88200000000006 1.1104194335879709 0.84962769288549633 0.042243678961548105 0.00028876462829355 -8.7700756307812541e-06 -0.0014713470407065998 236.23700000000005 0.013155372930726002 243.12750000000003 0.017130944563187107 691.00000000000011 0.01018293608845615 15.539999961853029 247.54450000000003 0.0034767850475480506 953.00000000000011 96.005001068115249
decision_type=2 2 2 2 2 2 2 2 2 2 2 2 2 2 2 2 2 2 2
left_child=1 2 3 -1 -5 6 -2 15 16 13 14 -10 -12 -4 -8 -7 -9 -17 -3
right_child=5 18 9 4 -6 7 10 8 11 -11 12 -13 -14 -15 -16 17 -18 -19 -20
leaf_value=0.0053104115362465386 0.0023865143485768624 0.0062273474713930715 -0.0014749944897853961 0.0010082444084892482 0.0046051661800593138 -0.00058226359914988278 -0.0016296711315438959 0.00097864407073706364 -0.00043992907519742553 0.0013666417640388795 0.0013753846506920776 -0.0016391493573287863 -0.00015521729261987595 0 -0.00035626443218981959 0.00019655422776559134 -0.00013602553016971795 0.0014421955093559694 0.0032903212053934107
leaf_weight=22 35 23 109 406 29 24 101 47 151 35 53 434 422 56 83 37 39 38 21
leaf_count=22 35 23 109 406 29 24 101 47 151 35 53 434 422 56 83 37 39 38 21
internal_value=1.86195e-05 0.00118511 0.000890058 0.00151847 0.00128479 -0.000539162 -0.000141152 -0.000892066 -0.00110362 -0.000532311 -0.000290136 -0.00133853 1.68498e-05 -0.000970188 -0.00108623 0.000502658 0.0004519 0.000897336 0.00518891
internal_weight=2165 701 657 457 435 1464 694 770 671 200 659 585 475 165 184 99 86 75 44
internal_count=2165 701 657 457 435 1464 694 770 671 200 659 585 475 165 184 99 86 75 44
is_linear=0
shrinkage=0.03


Tree=70
num_leaves=22
num_cat=0
split_feature=26 22 11 23 35 23 25 26 15 28 22 23 22 22 11 29 22 25 21 0 19
split_gain=1.48437 0.843077 0.62367 0.43362 0.512924 0.342258 0.287119 0.207785 0.180779 0.180052 0.156978 0.127385 0.120782 0.0913373 0.0865498 0.0842328 0.0684488 0.062371 0.0598816 0.0416998 0.00179297
threshold=616.00000000000011 279.88200000000006 1.1104194335879709 3610.5000000000005 0.00016915633797075002 2366.0000000000005 13.15 671.50000000000011 0.025319313564801302 0.013155372930726002 252.37150000000003 1257.0000000000002 243.12750000000003 260.61500000000007 0.93632178565528534 0.0023083245544280504 260.61500000000007 7.9500000000000011 17.564999580383304 -1.0000000180025095e-35 96.005001068115249
decision_type=2 2 2 2 2 2 2 2 2 2 2 2 2 2 2 2 2 2 2 2 2
left_child=1 2 3 4 -1 6 7 -2 12 13 14 -9 18 -4 -10 -12 -5 -14 -7 -8 -3
right_child=5 20 9 16 -6 8 19 11 10 -11 15 -13 17 -15 -16 -17 -18 -19 -20 -21 -22
leaf_value=0.0013146283395489985 0.0018572533241073999 0.0060620832016261726 -0.00035931695987889109 0.00044828280434012412 0.0040927819814882242 -0.0015298682614579896 0.0010288693824162087 -0.0021164531964151297 -6.7061506928281308e-05 0.0013288793039606197 -0.0012506914130731106 -0.00019925140439711679 -0.00056514001154945172 -0.0018710132481252414 -0.0012836128345407617 -0.002808958580068023 -0.0011158238776121287 0.00030078627307067598 -0.0002573548324723904 0.0033129745822237885 0.0032039502607658504
leaf_weight=288 39 23 106 45 77 110 24 31 89 35 78 491 138 59 150 83 47 153 58 20 21
leaf_count=288 39 23 106 45 77 110 24 31 89 35 78 491 138 59 150 83 47 153 58 20 21
internal_value=1.90784e-05 0.00115276 0.000865204 0.00147545 0.00193744 -0.00052296 1.90673e-05 -0.000163803 -0.000906931 -0.00051562 -0.00137578 -0.000330266 -0.000485575 -0.000941478 -0.000849431 -0.002109 -0.000329196 -0.000101232 -0.00112031 0.00227613 0.00505338
internal_weight=2165 701 657 457 365 1464 605 561 859 200 400 522 459 165 239 161 92 291 168 44 44
internal_count=2165 701 657 457 365 1464 605 561 859 200 400 522 459 165 239 161 92 291 168 44 44
is_linear=0
shrinkage=0.03


Tree=71
num_leaves=27
num_cat=0
split_feature=26 11 35 34 29 31 11 26 31 33 20 26 21 9 11 19 20 26 15 15 15 16 15 26 29 32
split_gain=1.40323 0.737765 0.374411 0.337263 0.534885 0.31427 0.282493 0.267304 0.239433 0.411744 0.184338 0.188097 0.162913 0.157945 0.153164 0.103136 0.0951842 0.0892739 0.07792 0.0766007 0.05903 0.0482843 0.0270427 0.0113597 0.00409148 0.0142503
threshold=720.50000000000011 0.95347012308761292 -0.00020094974617499998 -0.0032311416482528497 0.056107478063348155 -0.0046177860473973495 1.0578011750706502 499.00000000000006 -0.0085794790634350984 -0.0013837966870340998 2.8150000000000004 756.50000000000011 14.565000057220461 0.96746527597820031 1.003080481975452 91.710002899169936 1.5050000000000001 884.50000000000011 0.029767202957386902 0.046336072773547857 0.027843301203417103 36.80927611394366 0.046336072773547857 766.00000000000011 0.00035527711775400005 -0.0034577604951855994
decision_type=2 2 2 2 2 2 2 2 2 2 2 2 2 2 2 2 2 2 2 2 2 2 2 2 2 2
left_child=1 8 7 5 -5 -4 10 16 -1 13 11 20 14 -10 -12 -11 -3 -13 24 -9 -2 -14 -20 -24 -8 -26
right_child=6 2 3 4 -6 -7 18 19 9 15 12 17 21 -15 -16 -17 -18 -19 22 -21 -22 -23 23 -25 25 -27
leaf_value=0.00047764596170080559 4.4775762311182912e-05 -0.000585297545704704 0.00044681844187868851 0 0.0041068631741800346 0.0034512144673800836 -0.00040619267090223729 -0.00082893567595555048 0.0076122701419517403 0.00015286484044710439 0.0030338890970520237 -0.0011300096467350479 0.00089768493296983447 0.0030712820930768629 0.00024852336063966197 0.0025579241878801008 0.0011713026635015607 -0.00045654035241764662 -0.0030484909104249842 -0.0026214822954074902 0.0023755939411323353 -0.00062290147827331757 -0.00070331651216838512 -0.0020636987406510991 -0.00057947967398138908 -0.0015597498762980101
leaf_weight=39 22 36 56 259 29 80 27 106 21 25 31 269 20 24 44 66 84 615 39 30 20 83 24 25 44 47
leaf_count=39 22 36 56 259 29 80 27 106 21 25 31 269 20 24 44 66 84 615 39 30 20 83 24 25 44 47
internal_value=1.8777e-05 0.000963594 0.000505573 0.00105174 0.000447695 0.00227204 -0.000596386 -0.000389136 0.00268796 0.00327623 -0.000400033 -0.000571309 0.000469116 0.00559623 0.00151068 0.00195507 0.00061851 -0.000667987 -0.00161349 -0.00129398 0.00130573 -0.00028229 -0.00231659 -0.0015341 -0.00101991 -0.00115131
internal_weight=2165 855 680 424 288 136 1310 256 175 136 1104 926 178 45 75 91 120 884 206 136 42 103 88 49 118 91
internal_count=2165 855 680 424 288 136 1310 256 175 136 1104 926 178 45 75 91 120 884 206 136 42 103 88 49 118 91
is_linear=0
shrinkage=0.03


Tree=72
num_leaves=21
num_cat=0
split_feature=26 11 28 23 34 23 32 11 17 23 28 31 11 26 16 19 23 31 32 24
split_gain=1.33671 0.782426 0.587807 0.501304 0.345381 0.312974 0.306077 0.192549 0.235108 0.162158 0.156372 0.205439 0.177948 0.133839 0.172173 0.0804295 0.0650173 0.0634354 0.0685659 0.0196488
threshold=616.00000000000011 1.0070742344994155 0.038031424161400408 3610.5000000000005 -0.0065303268707853487 2488.5000000000005 0.0013364057799578003 1.2449288749991798 0.0084694223393528521 1257.0000000000002 4.668844385947596e-07 0.026886608084672952 0.87717748369500659 671.50000000000011 46.491395094458191 92.314998626708999 2726.0000000000005 -6.2610813662567973e-07 2.467381594811309e-07 14.350000000000003
decision_type=2 2 2 2 2 2 2 2 2 2 2 2 2 2 2 2 2 2 2 2
left_child=1 3 7 4 6 9 -1 8 -3 -2 17 12 -12 -11 -15 -6 -13 18 -7 -5
right_child=5 2 -4 19 15 10 -8 -9 -10 13 11 16 -14 14 -16 -17 -18 -19 -20 -21
leaf_value=0.0059485334756441029 -0.0020460742752560798 -0.00028469033874110053 0.0037563282973104633 0.00043815953160325689 0.00072575562225538298 0.001423250801841329 0.0016381974314339457 -0.0019895071493927388 0.0013354461161743689 0.0017174080818159771 0 0.0007254301160710383 -0.0016953144924867396 0.00054267474563260171 -0.00046618885100279317 0.0025657083767346685 -0.00056307939195633682 -0.0010424540199577635 -0.00012668161228198601 -0.00062026770071991317
leaf_weight=54 31 262 38 33 42 32 27 37 112 39 69 45 387 263 352 71 121 40 85 25
leaf_count=54 31 262 38 33 42 32 27 37 112 39 69 45 387 263 352 71 121 40 85 25
internal_value=1.88639e-05 0.00109475 0.000330891 0.00242408 0.00314586 -0.000495437 0.00465729 -3.49498e-06 0.000199293 -2.26467e-05 -0.000905658 -0.0011185 -0.00144676 7.76036e-05 -2.93617e-05 0.00194415 -0.000189356 -3.84983e-05 0.000297215 0
internal_weight=2165 701 449 252 194 1464 81 411 374 685 779 622 456 654 615 113 166 157 117 58
internal_count=2165 701 449 252 194 1464 81 411 374 685 779 622 456 654 615 113 166 157 117 58
is_linear=0
shrinkage=0.03


Tree=73
num_leaves=25
num_cat=0
split_feature=26 11 28 23 34 23 32 25 26 18 11 17 11 22 34 23 33 11 19 26 22 23 11 29
split_gain=1.26151 0.739239 0.555692 0.473708 0.325877 0.295353 0.287614 0.211501 0.185385 0.20589 0.181939 0.221573 0.163305 0.143546 0.107953 0.100373 0.0959342 0.101091 0.0754362 0.0732433 0.0377531 0.0251692 0.022707 0.0142724
threshold=616.00000000000011 1.0070742344994155 0.038031424161400408 3610.5000000000005 -0.0065303268707853487 2413.5000000000005 0.0013364057799578003 12.65 710.50000000000011 1.0119190009908605 1.2449288749991798 0.0084694223393528521 0.9946632289346703 257.51700000000005 0.0019846380227274006 1257.0000000000002 0.10772249209419542 0.86670034847935795 92.314998626708999 1070.0000000000002 260.61500000000007 2576.5000000000005 0.93431223834331711 0.0042001684442759509
decision_type=2 2 2 2 2 2 2 2 2 2 2 2 2 2 2 2 2 2 2 2 2 2 2 2
left_child=1 3 10 4 6 7 -1 8 9 -2 11 -3 16 19 22 -10 17 -7 -6 -14 -5 -15 -9 -18
right_child=5 2 -4 20 18 12 -8 14 15 -11 -12 -13 13 21 -16 -17 23 -19 -20 -21 -22 -23 -24 -25
leaf_value=0.005779469928165016 0.0028373413249743558 -0.00027624633058945139 0.0036518840198291515 0.0007756051102588916 0.00070543446800632706 0.00035147368226451083 0.0015939661162905393 0.0010580605439096688 -0.0019901080908363354 -0.00028450934832485822 -0.0019342983192298562 0.0012964278600705059 -0.00080911220767386841 -0.0015536157807547839 0.0028858115811862288 -0.00027607257894039121 0.0013809757248154312 -0.00082479338323555873 0.0024918575502202115 -0.0019742687458613852 -0.00068728220943095435 -0.0039022897109389303 -0.00016693365568062291 9.6383101306855674e-05
leaf_weight=54 33 262 38 26 42 75 27 22 31 36 37 112 247 20 28 469 20 351 71 69 32 21 21 21
leaf_count=54 33 262 38 26 42 75 27 22 31 36 37 112 247 20 28 469 20 351 71 69 32 21 21 21
internal_value=1.87969e-05 0.00106402 0.000321326 0.00235619 0.00305782 -0.000480788 0.00452677 0 -0.00019217 0.00122289 -3.59422e-06 0.000193326 -0.00085526 -0.00134115 0.00151223 -0.000399543 -0.000471247 -0.000609701 0.00188916 -0.00108911 0 -0.00300882 0.00042272 0.000842628
internal_weight=2165 701 449 252 194 1464 81 640 569 69 411 374 824 357 71 500 467 426 113 316 58 41 43 41
internal_count=2165 701 449 252 194 1464 81 640 569 69 411 374 824 357 71 500 467 426 113 316 58 41 43 41
is_linear=0
shrinkage=0.03


Tree=74
num_leaves=28
num_cat=0
split_feature=20 23 11 14 29 11 23 29 22 15 15 22 32 11 30 23 33 16 20 21 8 29 33 14 21 23 21
split_gain=0.617356 0.648765 0.321811 0.384362 0.347634 0.225948 0.208795 0.193262 0.202463 0.173505 0.202844 0.16672 0.154844 0.0987779 0.0970641 0.079368 0.082245 0.0791799 0.0694374 0.0550003 0.0466878 0.0421903 0.0410298 0.0273146 0.0236864 0.0231425 0.0180056
threshold=2.0650000000000004 3365.5000000000005 1.1104194335879709 0.05342310678968356 0.0014813773260883502 0.89692081269111668 2808.5000000000005 0.0046818650968102503 243.12750000000003 0.041938772434706902 0.031920915891846903 252.37150000000003 -0.00095432990580114987 0.96724695991196918 -0.0040199903724932491 2685.0000000000005 -0.19185350097823878 40.180336895826265 2.7650000000000001 17.489999771118168 1.0376435055578175 4.4438014812180469e-06 -0.043983439527769341 0.036785439169665257 16.595000267028812 2387.0000000000005 22.714999198913578
decision_type=2 2 2 2 2 2 2 2 2 2 2 2 2 2 2 2 2 2 2 2 2 2 2 2 2 2 2
left_child=1 2 3 4 -1 -3 -5 8 17 10 -10 13 23 14 -9 20 -17 24 25 -14 -4 -11 -15 -7 -2 -13 -19
right_child=7 5 15 6 -6 12 -8 11 9 21 -12 18 19 22 -16 16 -18 26 -20 -21 -22 -23 -24 -25 -26 -27 -28
leaf_value=-7.2967073642993689e-05 -0.00056979142498368262 0.001521748221401746 0.0014390717519616539 0.0014146681692097977 0.0015834491467353825 -5.972441268386319e-05 0.0055243038680404428 0.00089993701713354942 9.7149330119913205e-05 -8.3412954733495624e-05 0.0021531613279366863 -0.0017856832396209938 -0.0018630509310601545 0 -0.0013633416869637111 0.00077069723412394526 -0.0011639468285069596 -0.001386294549175511 -0.0034196429400351535 -0.0007485638643075635 -0.00026229535342882511 -0.0014626725772986003 -0.0013751336938491272 0.0013110296686544365 0.00066753212621050145 -0.00047316117989830669 -0.00019603623928370599
leaf_weight=159 23 33 30 26 370 21 27 59 479 35 45 61 102 29 20 22 77 155 26 95 20 68 90 20 26 27 20
leaf_count=159 23 33 30 26 370 21 27 59 479 35 45 61 102 29 20 22 77 155 26 95 20 68 90 20 26 27 20
internal_value=1.86575e-05 0.000564868 0.0010302 0.00134797 0.00108234 -0.000676921 0.00374562 -0.000449608 -0.000209416 6.37433e-05 0.00029066 -0.00108699 -0.00100937 -0.000526136 0.000261454 -0.000193367 -0.000694591 -0.000977971 -0.00199699 -0.0013599 0.000725596 -0.00103792 -0.00106715 0.000584552 2.96895e-05 -0.00144482 -0.00127272
internal_weight=2165 1002 731 582 529 271 53 1163 851 627 524 312 238 198 79 149 99 224 114 197 50 103 119 41 49 88 175
internal_count=2165 1002 731 582 529 271 53 1163 851 627 524 312 238 198 79 149 99 224 114 197 50 103 119 41 49 88 175
is_linear=0
shrinkage=0.03


Tree=75
num_leaves=24
num_cat=0
split_feature=26 11 28 23 34 23 30 25 11 17 26 18 15 22 22 34 11 29 26 25 23 1 22
split_gain=1.14757 0.678871 0.516982 0.432293 0.299096 0.272483 0.25799 0.248875 0.166446 0.20356 0.161307 0.1924 0.157327 0.126482 0.105854 0.102081 0.0756215 0.0732538 0.0723356 0.0659727 0.0594833 0.0388078 0.0352241
threshold=616.00000000000011 1.0070742344994155 0.038031424161400408 3610.5000000000005 -0.0065303268707853487 2366.0000000000005 -0.0067975865551684993 13.15 1.2449288749991798 0.0084694223393528521 710.50000000000011 1.0119190009908605 0.025319313564801302 252.37150000000003 259.18850000000003 -0.0025724567105198997 0.92245580681535821 0.0023083245544280504 1874.5000000000002 7.9500000000000011 2899.5000000000005 -0.0028040625325135497 260.61500000000007
decision_type=2 2 2 2 2 2 2 2 2 2 2 2 2 2 2 2 2 2 2 2 2 2 2
left_child=1 3 8 4 6 7 -1 10 9 -3 11 -2 15 18 -12 20 -6 -15 -14 -17 -7 -9 -5
right_child=5 2 -4 22 16 12 -8 21 -10 -11 14 -13 13 17 -16 19 -18 -19 -20 -21 -22 -23 -24
leaf_value=0.0017270625273443081 0.0027343420733620099 -0.00027189033344659277 0.0035154480568357609 0.00075163466303512967 0.002940288990747649 -0.00049911253720289091 0.0056269602998056346 0.00080318197445012631 -0.0018569379756634588 0.0012354551256350851 -0.00017822664982075027 -0.00028134576338701523 -0.00052542051376490212 -0.0010991787907680393 -0.001590925786864351 -0.00054537037080986327 0.0011196279909544259 -0.0025489054574498494 -0.0020860644716988591 0.00028165508498306986 -0.0019346791945204559 0.0029863733414273994 -0.00066155630617535546
leaf_weight=30 33 262 38 26 37 72 51 21 37 112 440 36 208 78 52 169 76 83 31 168 50 23 32
leaf_count=30 33 262 38 26 37 72 51 21 37 112 440 36 208 78 52 169 76 83 31 168 50 23 32
internal_value=1.78623e-05 0.00101482 0.000302837 0.00225315 0.00292341 -0.000458562 0.00433153 2.45569e-05 -1.02684e-05 0.000177789 -0.000145375 0.00117311 -0.000801208 -0.00123829 -0.000342334 -0.000408251 0.00180226 -0.0018978 -0.000763595 -0.000125414 -0.00114377 0.002126 0
internal_weight=2165 701 449 252 194 1464 81 605 411 374 561 69 859 400 492 459 113 161 239 337 122 44 58
internal_count=2165 701 449 252 194 1464 81 605 411 374 561 69 859 400 492 459 113 161 239 337 122 44 58
is_linear=0
shrinkage=0.03


Tree=76
num_leaves=21
num_cat=0
split_feature=26 11 22 34 26 16 28 26 26 28 34 26 17 29 13 21 29 29 26 22
split_gain=1.08395 0.652691 0.485312 0.366737 0.453357 0.183074 0.187162 0.176939 0.177467 0.132296 0.130996 0.123935 0.10703 0.0904998 0.0890505 0.0819131 0.0681273 0.0671059 0.0730452 0.0511186
threshold=616.00000000000011 1.1104194335879709 279.88200000000006 0.0051555408284831008 298.00000000000006 38.843813746918904 9.5682287980188358e-05 891.00000000000011 1070.0000000000002 0.013155372930726002 0.0015120335238232501 720.50000000000011 0.011674616144366901 3.9725714752155359e-06 1.1238775439592856 19.345000267028812 0.082236219942362673 1.3735210924045473e-05 778.00000000000011 259.18850000000003
decision_type=2 2 2 2 2 2 2 2 2 2 2 2 2 2 2 2 2 2 2 2
left_child=1 2 3 4 -1 13 10 19 -9 12 11 -7 16 -2 -14 -5 -3 -15 -19 -8
right_child=5 9 -4 15 -6 6 7 8 -10 -11 -12 -13 14 17 -16 -17 -18 18 -20 -21
leaf_value=0.0034217321278870497 0.001782737726345658 -0.0017609846243576612 0.004792119695059955 0.0043602798925247051 0.00050689260822877388 0.00065869248269454514 -0.0014619554692830937 -0.00019619455360684934 -0.0013278850134726596 0.0011707464021777634 0.0020099449522676875 -0.00051699465108853574 0.0015495079286130409 -0.0013822638887482192 -0.0007610380414257487 0.0014393812079360939 -0.00014920043939491734 0.001827548996099959 2.2317662655525656e-05 -0.0032048856984078881
leaf_weight=54 28 79 37 37 345 99 151 339 203 35 21 362 25 23 28 21 40 20 196 22
leaf_count=54 28 79 37 37 345 99 151 339 203 35 21 362 25 23 28 21 40 20 196 22
internal_value=1.76022e-05 0.000986569 0.00157762 0.00128129 0.000931436 -0.000445387 -0.00060432 -0.000912126 -0.000630537 -0.000412066 -0.000138717 -0.000255423 -0.000765842 0.000254818 0.000299894 0.00347469 -0.00126079 4.35371e-05 0.000225913 -0.0017515
internal_weight=2165 701 494 457 399 1464 1197 715 542 207 482 461 172 267 53 58 119 239 216 173
internal_count=2165 701 494 457 399 1464 1197 715 542 207 482 461 172 267 53 58 119 239 216 173
is_linear=0
shrinkage=0.03


Tree=77
num_leaves=24
num_cat=0
split_feature=26 11 23 22 26 23 28 23 15 26 28 31 11 17 17 29 8 31 32 26 21 32 15
split_gain=1.02336 0.616421 0.461247 0.424029 0.291817 0.251259 0.142042 0.133844 0.136123 0.281082 0.125063 0.113571 0.128703 0.110812 0.101089 0.0639948 0.0623631 0.060774 0.0654564 0.0538494 0.0682257 0.0478735 0.00412708
threshold=616.00000000000011 1.1104194335879709 3522.0000000000005 277.73450000000008 298.00000000000006 2576.5000000000005 4.668844385947596e-07 1257.0000000000002 0.041938772434706902 771.50000000000011 0.013155372930726002 0.026886608084672952 0.88071245463379844 -0.00036859782828674992 0.011674616144366901 0.082236219942362673 1.0334189351802046 -6.2610813662567973e-07 2.467381594811309e-07 560.00000000000011 21.505000114440922 -0.027055116598256247 0.051138804574695156
decision_type=2 2 2 2 2 2 2 2 2 2 2 2 2 2 2 2 2 2 2 2 2 2 2
left_child=1 2 3 4 -1 7 17 -2 9 -9 14 12 -8 -10 15 -3 -16 18 -7 20 -4 -13 -5
right_child=5 10 19 22 -6 6 11 8 13 -11 -12 21 -14 -15 16 -17 -18 -19 -20 -21 -22 -23 -24
leaf_value=0.0039878256434669971 -0.0018850374610218056 -0.0017100878622263627 -0.001213191533105119 0.0030654263367532225 0.0012819574474576963 0.0015106070075635214 0 0.0019178867909090164 0 -9.9521543748417679e-06 0.0011383968382265024 0.0008161104905496662 -0.001519832289454401 -0.0017336509761378346 0.001410011013253377 -0.00014503670008013804 -0.00052694247938184571 -0.00096770257365261735 -6.1914303839341345e-05 0.0009430797959582625 0.00037047656722345647 -0.00055181016378477211 0.0059983758340063304
leaf_weight=41 31 79 48 20 294 29 62 75 73 511 35 24 357 60 23 40 30 40 80 30 41 122 20
leaf_count=41 31 79 48 20 294 29 62 75 73 511 35 24 357 60 23 40 30 40 80 30 41 122 20
internal_value=1.76877e-05 0.000959218 0.00153365 0.00204675 0.00165445 -0.000432135 -0.000833934 -4.38402e-05 3.88915e-05 0.000240203 -0.000399683 -0.00105021 -0.00130232 -0.000811766 -0.000743958 -0.00122511 0.000290557 0 0.000358933 -6.92637e-05 -0.000462737 -0.000294908 0.00491785
internal_weight=2165 701 494 375 335 1464 714 750 719 586 207 565 419 133 172 119 53 149 109 119 89 146 40
internal_count=2165 701 494 375 335 1464 714 750 719 586 207 565 419 133 172 119 53 149 109 119 89 146 40
is_linear=0
shrinkage=0.03


Tree=78
num_leaves=29
num_cat=0
split_feature=26 30 34 23 22 32 22 16 9 22 23 34 22 29 23 26 32 25 17 23 15 15 16 22 23 26 15 15
split_gain=0.967546 0.4356 0.458041 0.488828 0.459704 0.389871 0.363565 0.218232 0.204172 0.196361 0.149301 0.153743 0.163995 0.141811 0.141679 0.119466 0.0880538 0.0775037 0.0764782 0.0758338 0.0487307 0.0479304 0.0461756 0.0460562 0.0404405 0.0333247 0.0272821 0.019333
threshold=720.50000000000011 -0.013241826019292798 -0.0032311416482528497 2685.0000000000005 255.54900000000001 -0.0013874883136041499 241.45850000000004 46.206331677174781 0.96401804606453345 256.23300000000006 2636.5000000000005 -0.00041119598790339992 252.37150000000003 4.9047295003770252e-05 3960.5000000000005 1073.0000000000002 0.0062937505735768005 10.850000000000003 -0.009669283894572547 3914.0000000000005 0.016779275135539552 0.046336072773547857 36.80927611394366 236.61750000000004 3460.5000000000005 811.00000000000011 0.046336072773547857 0.032885285008937205
decision_type=2 2 2 2 2 2 2 2 2 2 2 2 2 2 2 2 2 2 2 2 2 2 2 2 2 2 2 2
left_child=1 6 4 5 27 -4 16 10 -6 15 11 12 -2 -13 26 20 -1 -18 22 -5 -9 25 -12 -17 -20 -11 -8 -3
right_child=7 2 3 19 8 -7 14 9 -10 21 18 13 -14 -15 -16 23 17 -19 24 -21 -22 -23 -24 -25 -26 -27 -28 -29
leaf_value=0.0020330087892400719 0.00054867357380339852 0.00038806544649664179 0.0052263724616914984 -0.00011731091782563476 0.0053912172789286287 0.0011284545902847775 -0.0011331652697838801 7.889460450076827e-05 0.0024753729168176652 -0.0031877066322364088 -0.00037952267466379063 0.0026859462455344888 -0.0010870782491765566 0.00044293832521314822 0.00063758131575637636 -5.4891842901706691e-05 0.00097772457320440616 -0.00089026930378749967 1.0562279877103071e-06 -0.0016400837289340989 -0.00058702549929663152 -0.00091829003132879719 -0.0020566550512487688 -0.0017239902720242615 -0.00086148346286000935 -0.0013522512334801086 -0.002352322651594877 -0.00072511982864055502
leaf_weight=42 125 25 22 158 32 178 66 130 122 40 32 36 93 90 25 22 53 27 140 35 325 37 42 101 67 30 47 23
leaf_count=42 125 25 22 158 32 178 66 130 122 40 32 36 93 90 25 22 53 27 140 35 325 37 42 101 67 30 47 23
internal_value=1.75684e-05 0.000802336 0.00124887 0.000633079 0.0024055 0.00166458 -0.000210731 -0.000493005 0.00319181 -0.000862131 -8.14804e-05 0.000330881 -0.000140857 0.00115461 -0.00126207 -0.000629464 0.000956239 0.000301741 -0.00059502 -0.000429644 -0.000390942 -0.00204025 -0.00141341 -0.00145768 -0.000272156 -0.00253008 -0.00171383 -9.77899e-05
internal_weight=2165 855 595 393 202 200 260 1310 154 685 625 344 218 126 138 578 122 80 281 193 455 107 74 123 207 70 113 48
internal_count=2165 855 595 393 202 200 260 1310 154 685 625 344 218 126 138 578 122 80 281 193 455 107 74 123 207 70 113 48
is_linear=0
shrinkage=0.03


Tree=79
num_leaves=26
num_cat=0
split_feature=20 23 11 22 35 24 11 29 22 22 20 28 28 11 34 11 19 16 12 16 34 30 21 21 21
split_gain=0.472855 0.521724 0.254833 0.303559 0.331923 0.308555 0.192191 0.173244 0.160415 0.147034 0.145105 0.117377 0.0888861 0.0857163 0.0852861 0.0669109 0.0658105 0.0650562 0.0624095 0.0530085 0.0360183 0.0280948 0.0277123 0.0194508 0.0193785
threshold=2.0750000000000006 3365.5000000000005 1.1104194335879709 265.78750000000008 2.3087339182248546e-05 16.650000000000002 0.84962769288549633 0.0046818650968102503 243.12750000000003 252.37150000000003 3.0050000000000003 0.0091868875615481026 2.9590997725614086e-06 0.96724695991196918 -0.015561826077966598 1.2449288749991798 90.95999908447267 40.180336895826265 1.0171762505777655 36.80927611394366 -0.071119500381544729 -2.9303877252567837e-06 21.57499980926514 16.595000267028812 21.920000076293949
decision_type=2 2 2 2 2 2 2 2 2 2 2 2 2 2 2 2 2 2 2 2 2 2 2 2 2
left_child=1 2 3 5 -5 -1 -3 8 17 13 12 16 -10 14 -9 18 -8 23 -4 -11 -15 -12 -21 -2 -19
right_child=7 6 15 4 -6 -7 11 9 10 19 21 -13 -14 20 -16 -17 -18 24 -20 22 -22 -23 -24 -25 -26
leaf_value=0.0013813078120955551 -0.0004756747177988291 0.0019871489589466996 -0.0010026512835448716 0.00082553444095078451 0.0042648092196738742 -0.00020404211210393853 0.00036358018924036753 0.0009027586959063674 -0.00016351491243361249 -0.00035915771895088258 -0.0020356364600036454 0.00064043743848350666 0.00060247902756663751 0 -0.0011981852138414979 -0.0015749962107779888 -0.0012876510170091607 -0.0012463656765694219 0.00048223134186156706 -0.001670832426365937 -0.0012697808557865715 -0.00062346987545480129 -0.0033686853591352699 0.0006572569852827915 -0.00011100631758570669
leaf_weight=321 22 20 31 54 53 162 20 56 236 23 20 36 302 29 21 23 198 152 95 68 89 66 21 25 22
leaf_count=321 22 20 31 54 53 162 20 56 236 23 20 36 302 29 21 23 198 152 95 68 89 66 21 25 22
internal_value=1.69977e-05 0.00049036 0.000905634 0.0011851 0.00262623 0.000845425 -0.000616513 -0.000396844 -0.000169356 -0.00100562 7.31052e-05 -0.000854002 0.000261878 -0.000474374 0.000268829 -0.000182772 -0.00111971 -0.000859154 7.88258e-05 -0.00186796 -0.00097878 -0.00104314 -0.00220084 7.02266e-05 -0.00112408
internal_weight=2165 1013 739 590 107 483 274 1152 845 307 624 254 538 195 77 149 218 221 126 112 118 86 89 47 174
internal_count=2165 1013 739 590 107 483 274 1152 845 307 624 254 538 195 77 149 218 221 126 112 118 86 89 47 174
is_linear=0
shrinkage=0.03


Tree=80
num_leaves=26
num_cat=0
split_feature=26 11 28 23 19 23 22 26 29 17 11 22 28 7 29 11 31 34 32 22 20 11 17 33 14
split_gain=0.888417 0.55668 0.423845 0.350444 0.246442 0.214293 0.138972 0.225864 0.187593 0.137786 0.183376 0.136761 0.135127 0.111139 0.0883378 0.0711378 0.0891644 0.0591595 0.0775716 0.0305731 0.0285088 0.00906825 0.00808831 0.00720336 0.00156515
threshold=616.00000000000011 1.0070742344994155 0.038031424161400408 3610.5000000000005 94.93500137329103 2636.5000000000005 289.92950000000002 789.50000000000011 2.2304999796192837e-06 -0.0088671556419717482 1.2110400553554925 255.917 4.668844385947596e-07 0.063042261372016725 4.4438014812180469e-06 0.85363504161653847 0.021336670270878204 -0.00013790912190204997 2.467381594811309e-07 260.61500000000007 3.02 0.96296123762236963 -0.009669283894572547 -0.00094802607392504982 0.019955971851970754
decision_type=2 2 2 2 2 2 2 2 2 2 2 2 2 2 2 2 2 2 2 2 2 2 2 2 2
left_child=1 3 9 4 21 6 7 13 -9 23 -11 -6 17 -2 -8 22 -17 18 -7 -5 -16 -1 -14 -3 -19
right_child=5 2 -4 19 11 12 14 8 -10 10 -12 -13 15 -15 20 16 -18 24 -20 -21 -22 -23 -24 -25 -26
leaf_value=0.0012983799647307021 0.0020361674981399639 -0.0017786246606814008 0.003157713159457383 0.00068760228674088055 0.002029747584947355 0.0018068313925630514 -1.9173933707765836e-05 0.0018150344299036076 -0.00030436718472939226 0.00049026775862788779 -0.0012848451777272634 0.0043144455431029204 -0.00019956284956424496 3.7054345764695326e-05 -0.00093187067985534672 -0.0013835731951288019 -0.00043537587729531902 -0.0011824684822628192 -3.1448239138206607e-05 -0.0006280284377413669 -0.0029509969586506484 0.00032470263270661237 0.00054519424758568084 -0.00060622384034330029 -0.00038194950621774689
leaf_weight=37 67 32 38 26 59 24 35 37 569 297 60 71 21 44 22 345 139 20 75 32 21 27 20 22 25
leaf_count=37 67 32 38 26 59 24 35 37 569 297 60 71 21 44 22 345 139 20 75 32 21 27 20 22 25
internal_value=1.60302e-05 0.000893385 0.000248217 0.0020147 0.00261822 -0.000402992 -6.5254e-05 6.35786e-05 -0.000161735 -3.44743e-05 0.000175375 0.00336927 -0.000797793 0.00129187 -0.00124505 -0.00101999 -0.00112178 0 0.000424818 0 -0.00211132 0.000965318 0.000107954 -0.00141066 -0.000851903
internal_weight=2165 701 449 252 194 1464 795 717 606 411 357 130 669 111 78 525 484 144 99 58 43 64 41 54 45
internal_count=2165 701 449 252 194 1464 795 717 606 411 357 130 669 111 78 525 484 144 99 58 43 64 41 54 45
is_linear=0
shrinkage=0.03


Tree=81
num_leaves=23
num_cat=0
split_feature=26 11 28 23 34 32 23 29 16 19 14 19 22 26 28 23 11 26 23 22 11 32
split_gain=0.838073 0.526261 0.401174 0.330995 0.232511 0.210819 0.20306 0.238378 0.147033 0.137534 0.203068 0.132116 0.119335 0.123901 0.117699 0.120513 0.0736872 0.0423773 0.0371335 0.0289347 0.0284062 0.0225315
threshold=616.00000000000011 1.0070742344994155 0.036218674249657357 3610.5000000000005 -0.0065303268707853487 0.0013364057799578003 2333.0000000000005 2.2304999796192837e-06 38.843813746918904 94.380001068115249 0.016561021226398503 96.990001678466811 256.23300000000006 1070.0000000000002 0.042243678961548105 1290.0000000000002 0.92245580681535821 756.50000000000011 3291.0000000000005 260.61500000000007 0.93315585660016576 -0.00095432990580114987
decision_type=2 2 2 2 2 2 2 2 2 2 2 2 2 2 2 2 2 2 2 2 2 2
left_child=1 3 9 4 5 -1 7 -2 17 10 -3 -11 13 -10 15 -9 -6 -8 -19 -5 -14 -4
right_child=6 2 21 19 16 -7 8 14 12 11 -12 -13 20 -15 -16 -17 -18 18 -20 -21 -22 -23
leaf_value=0.0048602612378369821 0.0029096788810752333 0.0017448812247884849 0.0038990255804813422 0.00066910814969190239 0.0026576729879714549 0.0012715448809089136 0.0011406852253074305 -0.001590148097982532 -0.00041489250048861608 0.0011879672004443849 -0.00083537453422225861 -0.00054683729055626633 -0.00051243038910130665 -0.0014431859387422045 -0.0016738511330724156 0.00016200654697667955 0.00089638993206516467 0.00026750428319290473 -0.00076394571335549688 -0.00061080250225162931 -0.0019488580585773853 0.001575237052818841
leaf_weight=54 22 28 20 26 37 27 28 35 461 113 213 55 24 142 36 487 76 84 45 32 100 20
leaf_count=54 22 28 20 26 37 27 28 35 461 113 213 55 24 142 36 487 76 84 45 32 100 20
internal_value=1.56915e-05 0.000867862 0.000240367 0.00195815 0.00254469 0.00378787 -0.000391245 4.01704e-05 -0.000676861 -4.18979e-05 -0.000505531 0.000602852 -0.00085663 -0.000667941 -8.25715e-05 3.03954e-05 0.00155277 0.00013728 -7.87615e-05 0 -0.00171313 0.00299786
internal_weight=2165 701 449 252 194 81 1464 580 884 409 241 168 727 603 558 522 113 157 129 58 124 40
internal_count=2165 701 449 252 194 81 1464 580 884 409 241 168 727 603 558 522 113 157 129 58 124 40
is_linear=0
shrinkage=0.03


Tree=82
num_leaves=25
num_cat=0
split_feature=20 23 13 11 14 14 29 23 28 21 20 29 16 21 14 23 32 7 14 11 28 21 16 17
split_gain=0.40251 0.459559 0.234837 0.192608 0.271148 0.16233 0.15495 0.132398 0.130585 0.125201 0.11504 0.117429 0.0849608 0.0786483 0.0832369 0.065129 0.0512845 0.0494494 0.0473144 0.0447907 0.0343344 0.0316107 0.0187316 0.00827845
threshold=2.0750000000000006 3365.5000000000005 0.90777426741885059 1.153786019837465 0.060133575438217908 0.060133575438217908 0.0046818650968102503 2759.0000000000005 5.4455102912349874e-07 22.925000190734867 2.5850000000000004 0.014053081317299853 47.144828436291426 17.845000267028812 0.044706501451009704 2249.5000000000005 0.00085743719363335009 0.058280247860692656 0.021919201641764103 0.96914225343945692 2.1630346589901189e-07 11.295000076293947 42.773134376292326 0.0043573613923199505
decision_type=2 2 2 2 2 2 2 2 2 2 2 2 2 2 2 2 2 2 2 2 2 2 2 2
left_child=1 2 -1 4 -4 13 7 8 15 -10 11 23 20 18 -15 -2 -12 -5 -3 -13 -9 -14 -18 -8
right_child=6 5 3 17 -6 -7 10 12 9 -11 16 19 21 14 -16 -17 22 -19 -20 -21 -22 -23 -24 -25
leaf_value=0.0038034323541505728 -0.0018778081986787062 -0.00036856742690627773 0.00079782267455338711 0 0.0041712957575269364 0.0018037095576798055 -0.0014186767885193694 0.00059580151099875999 0.00021935680021756764 0.0020115450351848268 -0.0031498192286361819 0.00085487906093818734 -0.00031867469115174821 -0.00075242137078932673 0.00086162608522615132 -0.00012461150267521257 -0.00056927454522697298 -0.0013329100843617007 -0.0017305169351650089 -0.00033812638272065666 -0.00033844512465769995 -0.0012162195667286871 -0.0016787420820995149 -0.0003774998694577295
leaf_weight=21 32 42 602 61 20 20 72 48 356 37 20 48 63 88 38 52 38 35 86 57 110 147 52 20
leaf_count=21 32 42 602 61 20 20 72 48 356 37 20 48 63 88 38 52 38 35 86 57 110 147 52 20
internal_value=1.58393e-05 0.000452676 0.000842559 0.000736333 0.000930596 -0.000585776 -0.000365869 -0.000150578 0.000174237 0.000409623 -0.000941577 -0.00047386 -0.000577692 -0.000804456 -0.000233672 -0.0008687 -0.00171785 -0.000482086 -0.0013252 0.000188067 -3.01765e-05 -0.000969321 -0.00127603 -0.00124298
internal_weight=2165 1013 739 718 622 274 1152 845 477 393 307 197 368 254 126 84 110 96 128 105 158 210 90 92
internal_count=2165 1013 739 718 622 274 1152 845 477 393 307 197 368 254 126 84 110 96 128 105 158 210 90 92
is_linear=0
shrinkage=0.03


Tree=83
num_leaves=23
num_cat=0
split_feature=26 11 23 19 35 26 25 24 22 22 29 35 28 23 15 29 35 15 21 28 10 16
split_gain=0.772967 0.416699 0.299843 0.306862 0.337072 0.172071 0.251304 0.140842 0.127157 0.1216 0.105654 0.102027 0.100928 0.0903964 0.0583112 0.0684622 0.0458207 0.0437485 0.0235787 0.0186544 0.0176838 0.0141374
threshold=756.50000000000011 0.84962769288549633 3365.5000000000005 99.264999389648452 -0.0017760500803217 891.00000000000011 7.9500000000000011 5.5500000000000007 236.23700000000005 237.48750000000004 0.0015849486937026002 -0.0014713470407065998 0.0012647184200826503 2348.5000000000005 0.056828114086729956 0.00060556170284040004 1.773495680873057e-05 0.027228022218307151 25.569999694824222 0.00028876462829355 0.98969080362240602 44.383743252233536
decision_type=2 2 2 2 2 2 2 2 2 2 2 2 2 2 2 2 2 2 2 2 2 2
left_child=1 10 3 4 -3 12 8 -5 20 21 -1 -10 16 -11 15 -4 18 -14 -2 -18 -7 -8
right_child=5 2 14 7 -6 6 9 -9 11 13 -12 -13 17 -15 -16 -17 19 -19 -20 -21 -22 -23
leaf_value=0.00092961529165040701 -0.0010522872121220357 -6.0299000257833136e-05 0.00049031773650397856 -0.0016032044981391382 0.0016959574879711308 0.00083908006439030046 -5.7065269327722481e-05 0.00029351151684864552 0.00044886220844884246 0.0016810272734740603 0.0039419905140197706 -0.00091971549140576654 -0.0009871648236044815 0.00035409107959506546 0.00091222239254663384 -0.00078652698470516101 0.00065969447678183391 -0.0026657538870754451 -0.00012415395540372673 -0.00040760145742784848 0 -0.0012629989733887385
leaf_weight=21 187 132 42 49 347 44 21 102 50 70 39 455 39 155 24 186 23 43 38 30 42 26
leaf_count=21 187 132 42 49 347 44 21 102 50 70 39 455 39 155 24 186 23 43 38 30 42 26
internal_value=1.50944e-05 0.000661177 0.000486935 0.00083712 0.00120839 -0.000480495 -0.000244432 -0.00032174 -0.00059317 0.000500599 0.00302975 -0.000776457 -0.00103143 0.00079676 -0.000376311 -0.000535019 -0.000727131 -0.00196571 -0.00091239 1.25216e-05 0.000439294 -0.000819931
internal_weight=2165 942 882 630 479 1223 863 151 591 272 60 505 360 225 252 228 278 82 225 53 86 47
internal_count=2165 942 882 630 479 1223 863 151 591 272 60 505 360 225 252 228 278 82 225 53 86 47
is_linear=0
shrinkage=0.03


Tree=84
num_leaves=23
num_cat=0
split_feature=26 11 23 19 35 26 24 24 22 22 26 29 28 23 15 29 17 15 20 17 34 16
split_gain=0.728807 0.394615 0.281733 0.289004 0.317561 0.162756 0.237165 0.133015 0.125581 0.110661 0.101454 0.0991397 0.0954937 0.0836114 0.0551444 0.0646559 0.0524234 0.0409555 0.0377923 0.0252968 0.0217932 0.018826
threshold=756.50000000000011 0.84962769288549633 3365.5000000000005 99.264999389648452 -0.0017760500803217 891.00000000000011 0.45000000000000007 5.5500000000000007 236.23700000000005 237.48750000000004 1004.5000000000001 0.0015849486937026002 0.0012647184200826503 2348.5000000000005 0.056828114086729956 0.00060556170284040004 1.0000000180025095e-35 0.027228022218307151 2.2750000000000004 0.0018479069847301501 -0.00015177035177694996 44.383743252233536
decision_type=2 2 2 2 2 2 2 2 2 2 2 2 2 2 2 2 2 2 2 2 2 2
left_child=1 11 3 4 -3 12 9 -5 19 21 -10 -1 16 -11 15 -4 20 -14 -18 -8 -2 -7
right_child=5 2 14 7 -6 6 8 -9 10 13 -12 -13 17 -15 -16 -17 18 -19 -20 -21 -22 -23
leaf_value=0.0009052128893090412 -0.00049898272223309703 -5.8530222696976532e-05 0.00047658883553619184 -0.0015578831175807862 0.0016455148738057216 0 0.00096341356034723236 0.00028495774469005741 -0.00022510176414462666 0.0015287679111911879 -0.0011384917247294431 0.0038321779359664237 -0.00095966523386804121 0.0003069414414923689 0.00088789646847484008 -0.00076330571301976252 -0.0016347628769827153 -0.0025909968843764583 -0.00054591627150344161 0 0.00028332056045575542 -0.001362548970184954
leaf_weight=21 95 132 42 49 347 20 39 102 192 75 291 39 39 174 24 186 68 43 75 47 40 25
leaf_count=21 95 132 42 49 347 20 39 102 192 75 291 39 39 174 24 186 68 43 75 47 40 25
internal_value=1.46916e-05 0.000642085 0.000472423 0.00081191 0.00117226 -0.000466492 -0.00023679 -0.000312269 -0.000595493 0.000446335 -0.000785209 0.00294725 -0.00100237 0.000700685 -0.000364098 -0.000518694 -0.000705933 -0.00191167 -0.00110719 0.000426849 -0.00024433 -0.000854397
internal_weight=2165 942 882 630 479 1223 863 151 569 294 483 60 360 249 252 228 278 82 143 86 135 45
internal_count=2165 942 882 630 479 1223 863 151 569 294 483 60 360 249 252 228 278 82 143 86 135 45
is_linear=0
shrinkage=0.03


Tree=85
num_leaves=20
num_cat=0
split_feature=11 34 32 17 11 21 32 32 11 9 17 31 28 15 7 19 21 28 19
split_gain=0.297316 0.226016 0.238065 0.182705 0.210484 0.219928 0.468031 0.149402 0.0791951 0.0657389 0.0628286 0.054567 0.0440058 0.0409399 0.0384176 0.0340711 0.0288419 0.0194072 0.0187476
threshold=0.87032415224060655 -0.044003053201164245 0.00048607639245835005 -0.0094546050822564981 1.2110400553554925 22.714999198913578 0.00012914151709370001 -0.00040128162962644996 0.9786493317590349 0.89824511540717644 -0.00024314740940669996 -1.3397984867391818e-06 0.00033261206124725009 0.038795830498597757 0.059012813109543809 96.545001983642592 18.675000190734867 0.0091868875615481026 96.954998016357436
decision_type=2 2 2 2 2 2 2 2 2 2 2 2 2 2 2 2 2 2 2
left_child=1 17 9 8 5 7 -7 -5 14 -3 -6 -11 -10 -12 16 -16 -2 -1 -14
right_child=3 2 -4 4 10 6 -8 -9 12 11 13 -13 18 -15 15 -17 -18 -19 -20
leaf_value=-0.00098495295747286736 -0.00046675984910689289 -0.0002397214280627668 0.004256293158605695 0.00058115365053418864 0.00024509839492890497 0.0001262015429944798 0.0029409965281821274 -0.00020778827442649312 -8.2223853015381355e-05 0.00079569639220196549 -0.000494341799623466 0.0026868789531290529 -0.0011731107141062312 -0.0018864542095410361 -7.8378233425319195e-05 -0.0019025725566822547 0.00055916584039699627 3.732101280580867e-05 -0.0025219794910401102
leaf_weight=24 53 22 27 266 20 206 70 1082 20 54 39 23 46 68 22 20 41 30 32
leaf_count=24 53 22 27 266 20 206 70 1082 20 54 39 23 46 68 22 20 41 30 32
internal_value=1.40849e-05 0.00117239 0.00185976 -9.10519e-05 1.30477e-05 0.000107529 0.000874799 -4.89415e-05 -0.000872982 0.00107079 -0.00114664 0.00147767 -0.00152122 -0.00143364 -0.000361539 -0.00108264 0 -0.000392318 -0.00183644
internal_weight=2165 180 126 1985 1751 1624 276 1348 234 99 127 77 98 107 136 42 94 54 78
internal_count=2165 180 126 1985 1751 1624 276 1348 234 99 127 77 98 107 136 42 94 54 78
is_linear=0
shrinkage=0.03


Tree=86
num_leaves=28
num_cat=0
split_feature=26 11 23 19 35 20 23 26 25 9 22 29 35 23 29 22 24 30 22 17 20 22 11 29 30 17 22
split_gain=0.676766 0.365631 0.238539 0.226697 0.269193 0.163604 0.245922 0.151518 0.222646 0.128641 0.113777 0.109592 0.0929243 0.079992 0.07669 0.0639088 0.0608283 0.0432242 0.0421706 0.0397819 0.039627 0.0370585 0.0328781 0.0288279 0.0279194 0.0241698 0.0181704
threshold=756.50000000000011 0.92031997424180145 3359.5000000000005 99.264999389648452 -0.00046319627308439996 1.9650000000000001 3557.5000000000005 891.00000000000011 7.9500000000000011 0.97803430170279049 236.23700000000005 2.2304999796192837e-06 -0.0014713470407065998 2348.5000000000005 0.0024741705897964503 237.48750000000004 5.5500000000000007 0.0048449176532716007 241.45850000000004 1.0000000180025095e-35 2.2750000000000004 257.51700000000005 0.83784954924611665 0.014053081317299853 -1.4584467093602393e-05 0.0034767850475480506 244.00500000000002
decision_type=2 2 2 2 2 2 2 2 2 2 2 2 2 2 2 2 2 2 2 2 2 2 2 2 2 2 2
left_child=1 5 3 4 -3 6 9 14 10 -1 25 13 -12 -10 19 -13 -5 18 -4 24 -21 -16 -7 -19 -2 -9 -24
right_child=7 2 17 16 -6 22 -8 8 11 -11 12 15 -14 -15 21 -17 -18 23 -20 20 -22 -23 26 -25 -26 -27 -28
leaf_value=0.0048156856603122182 -9.9061125717660206e-05 -4.5380103315692396e-05 8.5311350494763838e-05 -0.0013439345120607564 0.001498913832244551 0.0015266201970353722 0.00013356404782048073 0.000862299300256418 0.0030159869046183299 0.001609229223320967 0.00043756249174228563 -0.00077203844558447596 -0.00086703740695028063 0.00049549350413658161 -0.00078308619823186626 0.00043389975514086966 1.3296824441148108e-05 0.0010220190283322993 -0.00093219401762554687 -0.0016321331061304768 -0.00052494554119654751 -0.0025422658114353327 0.0006843917230144143 -0.00035914582779631024 -0.0011042784847718264 -6.7479256773367511e-05 -0.00047764074828718665
leaf_weight=39 119 147 42 42 300 22 26 47 21 26 50 47 455 31 28 173 75 23 137 68 75 38 21 22 32 39 20
leaf_count=39 119 147 42 42 300 22 26 47 21 26 50 47 455 31 28 173 75 23 137 68 75 38 21 22 32 39 20
internal_value=1.36287e-05 0.000618259 0.000348735 0.000678878 0.000987475 0.00194525 0.00275319 -0.000450006 -0.000228218 0.0037048 -0.000556619 0.000472709 -0.000730142 0.00167692 -0.000967138 0.000155894 -0.000470333 -0.000467288 -0.000679495 -0.000729166 -0.00109471 -0.00190592 0.000660684 0.000304039 -0.00034893 0.000418886 5.54469e-05
internal_weight=2165 942 788 564 447 154 91 1223 863 65 591 272 505 52 360 220 117 224 179 294 143 66 63 45 151 86 41
internal_count=2165 942 788 564 447 154 91 1223 863 65 591 272 505 52 360 220 117 224 179 294 143 66 63 45 151 86 41
is_linear=0
shrinkage=0.03


Tree=87
num_leaves=26
num_cat=0
split_feature=26 11 23 19 35 20 23 26 24 9 20 29 29 23 28 15 24 10 35 15 15 21 21 28 8
split_gain=0.638644 0.346871 0.224324 0.213532 0.253633 0.154467 0.232157 0.143933 0.210602 0.120701 0.0954735 0.0986943 0.0891619 0.0944127 0.0821784 0.0605929 0.057554 0.045817 0.0412637 0.0390011 0.0351029 0.0324814 0.0214684 0.0175572 0.0163358
threshold=756.50000000000011 0.92031997424180145 3359.5000000000005 99.264999389648452 -0.00046319627308439996 1.9650000000000001 3557.5000000000005 891.00000000000011 0.45000000000000007 0.97803430170279049 2.1450000000000005 0.0052432226763526003 2.2304999796192837e-06 2348.5000000000005 0.0012647184200826503 0.056828114086729956 5.5500000000000007 0.99340111541599152 1.773495680873057e-05 0.044288734221958607 0.027228022218307151 22.714999198913578 25.569999694824222 0.00028876462829355 1.0006597757996079
decision_type=2 2 2 2 2 2 2 2 2 2 2 2 2 2 2 2 2 2 2 2 2 2 2 2 2
left_child=1 5 3 4 -3 6 9 14 12 -1 24 -12 13 -9 18 19 -5 -14 22 -4 -16 -7 -2 -20 -10
right_child=7 2 15 16 -6 21 -8 8 10 -11 11 -13 17 -15 20 -17 -18 -19 23 -21 -22 -23 -24 -25 -26
leaf_value=0.0046815343697422318 -0.00097371603328272045 -4.4045920106582345e-05 -0.00037082357683525426 -0.0013063043874998886 0.0014543916467101184 0.0011415275475551742 0.00012997162216824704 0.0029368172802496698 0.00056079148995645685 0.0015659465219440129 -0.00046070700207310653 -0.0014742020805382969 0.00053139125989091411 0.00040473251545065361 -0.00089418318495154366 0.00084894854404653111 1.2913269537071194e-05 -0.00029308909572552821 0.00066057586457687781 -0.0014208360574743215 -0.0024197233162172459 -0.00013971798544606338 -8.9694168288033545e-05 -0.00037027469474229622 -0.00014875237965126237
leaf_weight=39 187 147 156 42 300 40 26 21 60 26 343 123 124 40 39 24 75 109 23 44 43 23 38 30 43
leaf_count=39 187 147 156 42 300 40 26 21 60 26 343 123 124 40 39 24 75 109 23 44 43 23 38 30 43
internal_value=1.33894e-05 0.000600781 0.000338153 0.000658373 0.000957942 0.00189337 0.00267879 -0.000436957 -0.000220692 0.00360348 -0.000558858 -0.000742333 0.00042272 0.00142011 -0.000941021 -0.000452946 -0.000456471 0.000134156 -0.000664511 -0.000634188 -0.00178662 0.000643228 -0.000840717 3.49269e-05 0.000240446
internal_weight=2165 942 788 564 447 154 91 1223 863 65 569 466 294 61 360 224 117 233 278 200 82 63 225 53 103
internal_count=2165 942 788 564 447 154 91 1223 863 65 569 466 294 61 360 224 117 233 278 200 82 63 225 53 103
is_linear=0
shrinkage=0.03


Tree=88
num_leaves=24
num_cat=0
split_feature=26 11 11 17 14 26 26 35 16 9 8 22 22 28 19 17 20 17 20 15 34 22 14
split_gain=0.602203 0.331699 0.243829 0.320476 0.194943 0.136165 0.114493 0.120745 0.109935 0.102956 0.0998353 0.0928547 0.0833071 0.0777525 0.0689021 0.0683452 0.0655683 0.0458922 0.034552 0.0328234 0.0258811 0.0188784 0.000228568
threshold=756.50000000000011 0.84962769288549633 1.153786019837465 -0.0091065983161309483 0.065268148273752422 891.00000000000011 1070.0000000000002 4.094501974337845e-05 38.843813746918904 0.96401804606453345 1.0668137089404608 250.50950000000003 236.23700000000005 0.0012647184200826503 98.985000610351577 0.0094218231639000023 2.0650000000000004 1.0000000180025095e-35 2.2750000000000004 0.027228022218307151 -0.020640898043747146 243.94800000000001 0.032788670192708459
decision_type=2 2 2 2 2 2 2 2 2 2 2 2 2 2 2 2 2 2 2 2 2 2 2
left_child=1 9 3 14 -5 13 7 11 20 -1 15 -7 -10 17 -3 -4 -9 21 -19 -15 -8 -2 -21
right_child=5 2 10 4 -6 6 8 16 12 -11 -12 -13 -14 19 -16 -17 -18 18 -20 22 -22 -23 -24
leaf_value=0.0035854814957295145 -0.00053435972750046318 -0.00014472909680912345 -0.00065955562256842946 0.00089643225906030767 0.0035812305062491857 -1.8625963803145727e-05 0.00081030791802558949 0.00044463075101173121 7.2988313765646033e-05 0.00068134473910322411 -0.0021667293564948649 0.00093078371721345033 -0.0013656850397637315 -0.00086927379587931281 -0.0017466917474084766 0.00055436631403863422 -0.00080018499180599921 -0.0015235178167734974 -0.00048485779245115385 -0.0028683063476704633 -0.00031860957321197054 0.00013826594168153862 -0.0013308636798806811
leaf_weight=39 74 124 108 510 24 232 38 43 41 21 25 145 163 39 29 62 175 68 75 23 26 61 20
leaf_count=39 74 124 108 510 24 232 38 43 41 21 25 145 163 39 29 62 175 68 75 23 26 61 20
internal_value=1.3051e-05 0.000583477 0.000427619 0.000694621 0.00104202 -0.000424218 -0.000213753 1.40451e-05 -0.000725127 0.0026975 -0.000494168 0.000343102 -0.00106518 -0.000914547 -0.000495351 -0.000197554 -0.000538371 -0.000645144 -0.00102047 -0.00173759 0.000313178 -0.000212295 -0.00235187
internal_weight=2165 942 882 687 534 1223 863 595 268 60 195 377 204 360 153 170 218 278 143 82 64 135 43
internal_count=2165 942 882 687 534 1223 863 595 268 60 195 377 204 360 153 170 218 278 143 82 64 135 43
is_linear=0
shrinkage=0.03


Tree=89
num_leaves=25
num_cat=0
split_feature=26 19 30 28 16 26 23 34 23 20 26 34 7 14 26 28 34 34 32 23 30 16 32 14
split_gain=0.571664 0.386235 0.506152 0.389427 0.241979 0.208075 0.15578 0.142861 0.118508 0.106731 0.12793 0.136799 0.112983 0.104317 0.116314 0.0943623 0.0516559 0.0469249 0.0687455 0.0462767 0.0459048 0.040766 0.0229385 0.00220777
threshold=616.00000000000011 94.380001068115249 -0.0071829076300908489 0.036218674249657357 56.770241390415514 486.00000000000006 2636.5000000000005 -0.0057472579342241993 3914.0000000000005 3.02 755.00000000000011 0.0018095978388308501 0.063042261372016725 0.044076461451960904 418.50000000000006 4.668844385947596e-07 -0.12222681370647313 -0.00013790912190204997 2.467381594811309e-07 3620.5000000000005 0.15105363568958721 35.580193607769594 -0.00095432990580114987 0.019955971851970754
decision_type=2 2 2 2 2 2 2 2 2 2 2 2 2 2 2 2 2 2 2 2 2 2 2 2
left_child=1 3 13 5 7 8 9 -4 -1 10 12 -12 -2 14 -3 17 -7 18 -8 -15 21 -17 -5 -19
right_child=6 2 4 22 -6 16 15 -9 -10 -11 11 -13 -14 19 -16 20 -18 23 -20 -21 -22 -23 -24 -25
leaf_value=0.00038401778837702155 0.0018340196079934096 0.0023363519788288287 0.0042023123113887756 0.0035768120204624923 -0.00016922751880180009 -0.00018378721910994498 0.0016860272674303915 0.0018956407277534405 -0.0014302878444034017 -0.0015475376157090067 -0.00039870825280103743 0.00056494278996836766 0 -0.0016852250990923492 0.00029182141409321105 -4.9833047099183373e-06 -0.0021187751800871568 -0.0010774019010486486 -4.3228949778355085e-05 9.6025653304937088e-05 9.5351859222137127e-05 -0.0010115371472474313 0.001364219685550779 -0.0002984366107931627
leaf_weight=209 59 31 68 20 20 21 24 60 35 37 462 181 56 23 118 46 56 20 75 20 37 442 20 25
leaf_count=209 59 31 68 20 20 21 24 60 35 37 462 181 56 23 118 46 56 20 75 20 37 442 20 25
internal_value=1.23217e-05 0.000716367 0.00143742 2.27636e-05 0.00274104 -0.000325178 -0.000323523 0.00321213 9.74123e-05 -3.51619e-05 4.05286e-05 -0.000121439 0.000951628 0.000390457 0.000774647 -0.000660044 -0.00165523 9.80225e-08 0.000383832 -0.000839288 -0.000845765 -0.000923377 0.00271264 -0.000752843
internal_weight=2165 701 340 361 148 321 1464 128 244 795 758 643 115 192 149 669 77 144 99 43 525 488 40 45
internal_count=2165 701 340 361 148 321 1464 128 244 795 758 643 115 192 149 669 77 144 99 43 525 488 40 45
is_linear=0
shrinkage=0.03


Tree=90
num_leaves=23
num_cat=0
split_feature=26 11 15 23 35 23 25 16 15 23 20 11 13 8 34 31 26 21 11 22 0 11
split_gain=0.539499 0.403421 0.27634 0.260369 0.323834 0.147974 0.17393 0.108417 0.0915237 0.0847793 0.0864869 0.0732056 0.0821498 0.0590838 0.0489076 0.0480408 0.0474944 0.0451859 0.0440086 0.0349204 0.0302862 0.0148488
threshold=616.00000000000011 1.1104194335879709 0.055981955860879153 3522.0000000000005 0.00016915633797075002 2333.0000000000005 13.15 44.779078697138409 0.025319313564801302 1257.0000000000002 2.5250000000000004 1.2449288749991798 1.070621428916313 1.0321818486531165 0.080343565821815913 -1.4106478275781633e-05 486.00000000000006 12.125000000000002 0.86670034847935795 260.15800000000007 -0.0028001341079983998 0.91495319575608269
decision_type=2 2 2 2 2 2 2 2 2 2 2 2 2 2 2 2 2 2 2 2 2 2
left_child=1 2 3 4 -1 6 9 17 15 -2 -11 12 16 -14 -10 -9 -3 21 -19 -5 -8 -7
right_child=5 11 -4 19 -6 7 20 8 14 10 -12 -13 13 -15 -16 -17 -18 18 -20 -21 -22 -23
leaf_value=0.00082075147293822904 -0.0015392229246687799 -6.6394794270731937e-05 0.0041072594249853857 0.000259564986839047 0.0029418282130810746 0.00092282381467521176 0.00066150764157266726 -0.00089055108538576395 -0.0014058499979390344 0.00039594149182051104 -0.00038219670115790903 -0.0015620523426448925 0.0012552349359262734 -0.00016470696566654529 -9.4096069290323809e-06 -6.9945153397110859e-05 -0.0016600484144679891 0.00024309823652962222 -0.000594043256885303 -0.00076066827516825422 0.002670465029776096 7.626600309437059e-05
leaf_weight=272 31 40 25 50 87 30 20 116 220 255 253 37 42 55 30 160 33 72 190 60 21 66
leaf_count=272 31 40 25 50 87 30 20 116 220 255 253 37 42 55 30 160 33 72 190 60 21 66
internal_value=1.22379e-05 0.000696226 0.00116159 0.000973106 0.00136318 -0.000313982 5.36583e-05 -0.000557942 -0.00083212 -8.86034e-05 2.56468e-06 -0.000400792 -0.000108001 0.000439326 -0.00125223 -0.000431457 -0.000863378 -0.00014322 -0.000352521 -0.000275798 0.00187059 0.000391066
internal_weight=2165 701 494 469 359 1464 580 884 526 539 508 207 170 97 250 276 73 358 262 110 41 96
internal_count=2165 701 494 469 359 1464 580 884 526 539 508 207 170 97 250 276 73 358 262 110 41 96
is_linear=0
shrinkage=0.03


Tree=91
num_leaves=18
num_cat=0
split_feature=20 23 22 20 20 29 22 16 28 16 20 22 25 23 23 17 17
split_gain=0.26603 0.185621 0.356142 0.239791 0.280313 0.239896 0.206738 0.141829 0.137647 0.186656 0.0879819 0.0729626 0.0706587 0.0671184 0.0535434 0.0344929 0.0308011
threshold=0.71500000000000008 2899.5000000000005 277.73450000000008 2.2050000000000005 1.3900000000000001 0.0046818650968102503 265.78750000000008 36.230214002865125 0.0089378093306863513 55.462074397915188 3.0850000000000004 259.18850000000003 6.2500000000000009 3282.5000000000005 3960.5000000000005 0.009654113732282402 -0.00015211519434764996
decision_type=2 2 2 2 2 2 2 2 2 2 2 2 2 2 2 2 2
left_child=8 3 12 4 11 10 -6 -7 9 16 -5 -2 14 -14 -3 -4 -1
right_child=1 2 15 5 6 7 -8 -9 -10 -11 -12 -13 13 -15 -16 -17 -18
leaf_value=0.0042294327416748266 0.0005131636721635005 -0.0008067467974222026 0.00098492882596328858 0.00025393788484555797 0.000601966557639017 0.00039298138685460964 0.0021706117579439288 -0.0015184647592121014 -0.00026469103964336683 0.00016762656260067846 -0.0014674842521614794 -0.001141084463031758 -0.00048690563605300013 0.00058961851245343177 0.00026016290208628011 0.0030262883747725379 0.0019196069691097362
leaf_weight=21 29 549 27 469 304 41 104 149 29 34 25 79 137 79 40 20 29
leaf_count=21 29 549 27 469 304 41 104 149 29 34 25 79 137 79 40 20 29
internal_value=1.20056e-05 -6.55171e-05 -0.000404448 0.000173038 0.000660716 -0.000191771 0.00102204 -0.00109075 0.00141091 0.00201306 0.000152453 -0.000667997 -0.000558113 -7.67948e-05 -0.000728272 0.00204305 0.00313083
internal_weight=2165 2052 852 1200 516 684 408 190 113 84 494 108 805 216 589 47 50
internal_count=2165 2052 852 1200 516 684 408 190 113 84 494 108 805 216 589 47 50
is_linear=0
shrinkage=0.03


Tree=92
num_leaves=24
num_cat=0
split_feature=26 16 23 23 35 14 14 22 22 35 16 30 28 19 23 35 29 32 16 7 21 16 28
split_gain=0.494871 0.241847 0.205722 0.19497 0.191619 0.274409 0.17864 0.125919 0.114697 0.129896 0.102509 0.0970654 0.106915 0.0868814 0.0569155 0.0441288 0.0388124 0.050561 0.0306699 0.0268425 0.0131176 0.0106632 0.00109452
threshold=728.50000000000011 38.70272187445677 3557.5000000000005 3365.5000000000005 -0.00020094974617499998 0.05342310678968356 0.051575356348307212 252.37150000000003 250.50950000000003 3.6814397467292995e-08 40.291809855025072 0.025087498978957803 0.00043862789623630005 89.524997711181655 3291.0000000000005 6.9805352854857688e-07 0.00058046919809800004 -0.00095432990580114987 36.80927611394366 0.051166735205482212 15.775000095367433 60.436179330498014 0.048574500659613308
decision_type=2 2 2 2 2 2 2 2 2 2 2 2 2 2 2 2 2 2 2 2 2 2 2
left_child=1 2 19 4 6 -6 -3 8 10 -10 14 12 15 -12 -2 -9 -5 -18 -14 -1 -13 -11 -22
right_child=7 3 -4 16 5 -7 -8 11 9 21 13 20 18 -15 -16 -17 17 -19 -20 -21 22 -23 -24
leaf_value=0.0019699314819881688 0.00073114848434885945 0.00026146161600315408 0.00014117547297792042 0.00068522980608811074 0.00068777580969972627 0.0027975572172855862 -0.0024525975858047601 -0.0011461635911945514 0.0021174553066492081 0.0003181557874777354 -0.0011702210220701091 0.00078727809782139951 -0.00029002817803103106 -0.00026424510500314895 -0.00040167263370791546 0 0.00046463315382313272 -0.00070515523649685612 -0.0015390263144585124 0.0045580910347887997 5.1376643991615206e-05 -0.00038009619712829591 -0.00017866350190135939
leaf_weight=21 116 165 29 25 325 67 22 40 37 39 125 21 28 444 54 114 36 165 188 20 24 34 26
leaf_count=21 116 165 29 25 325 67 22 40 37 39 125 21 28 444 54 114 36 165 188 20 24 34 26
internal_value=1.22443e-05 0.000563215 0.00222784 0.000407019 0.000699364 0.00107448 -7.57336e-05 -0.000359596 -0.000140607 0.000743338 -0.000278699 -0.000770631 -0.000965847 -0.000473612 0.000353245 -0.000326853 -0.000328205 -0.000477183 -0.00139701 0.00352533 0.000204062 0 -1.49825e-05
internal_weight=2165 875 70 805 579 392 187 1290 849 110 739 441 370 569 170 154 226 201 216 41 71 73 50
internal_count=2165 875 70 805 579 392 187 1290 849 110 739 441 370 569 170 154 226 201 216 41 71 73 50
is_linear=0
shrinkage=0.03


Tree=93
num_leaves=24
num_cat=0
split_feature=26 19 31 28 16 26 34 23 29 23 16 15 26 28 15 23 33 34 31 21 17 8 15
split_gain=0.469398 0.334186 0.415113 0.338274 0.208458 0.181303 0.128239 0.126747 0.17142 0.101654 0.0978013 0.0971216 0.101626 0.0867172 0.0828749 0.0797949 0.0526104 0.0443655 0.0433349 0.0403353 0.0297405 0.0227374 0.0124034
threshold=616.00000000000011 94.380001068115249 -0.0085794790634350984 0.036218674249657357 56.770241390415514 486.00000000000006 -0.0057472579342241993 2333.0000000000005 2.2304999796192837e-06 3914.0000000000005 44.779078697138409 0.047538028417046053 418.50000000000006 0.042243678961548105 0.025319313564801302 1290.0000000000002 -0.13423129129502007 0.080343565821815913 -1.4106478275781633e-05 12.125000000000002 -0.009669283894572547 1.004171692398143 0.020587921117087852
decision_type=2 2 2 2 2 2 2 2 2 2 2 2 2 2 2 2 2 2 2 2 2 2 2
left_child=1 3 11 5 6 9 -4 8 -2 -1 19 12 -3 15 18 -10 -7 -16 -12 22 -21 -5 -9
right_child=7 2 4 21 -6 16 -8 10 13 -11 14 -13 -14 -15 17 -17 -18 -19 -20 20 -22 -23 -24
leaf_value=0.00034147732566517963 0.0024810857429355382 0.0021824141287837516 0.0038685502778660033 0.001219799331885398 -0.00019455711531412342 -0.00039264973896470937 0.0017039322871396506 -3.7239578806541176e-05 -0.0012758000093438711 -0.0013392222562228866 -0.00083215262446290333 -0.0010433707555356833 0.00026767777691235424 -0.0014223228395701599 -0.0013240638676051452 0.00014870271181413342 -0.0021771033609844742 0 -5.2696900181558002e-05 -0.00085465668274981651 -0.00010986580155691757 0.0033476482932253372 0.00060750608493411991
leaf_weight=209 22 30 68 20 20 30 61 30 35 35 116 32 129 36 220 487 47 30 160 68 194 20 66
leaf_count=209 22 30 68 20 20 30 61 30 35 35 116 32 129 36 220 487 47 30 160 68 194 20 66
internal_value=1.22243e-05 0.000650313 0.00132093 4.78416e-06 0.00249503 -0.000318858 0.00292969 -0.000291969 4.79254e-05 7.49099e-05 -0.000517766 0.00036513 0.000681192 -5.54129e-05 -0.000778116 4.07313e-05 -0.00156016 -0.0011779 -0.000396472 -0.000123643 -0.000321978 0.00251282 0.000380697
internal_weight=2165 701 340 361 149 321 129 1464 580 244 884 191 159 558 526 522 77 250 276 358 262 40 96
internal_count=2165 701 340 361 149 321 129 1464 580 244 884 191 159 558 526 522 77 250 276 358 262 40 96
is_linear=0
shrinkage=0.03


Tree=94
num_leaves=24
num_cat=0
split_feature=26 11 19 23 26 20 23 26 25 7 11 20 22 29 28 13 17 20 15 21 22 17 14
split_gain=0.446202 0.286324 0.192331 0.183352 0.183019 0.157869 0.203388 0.114628 0.169786 0.101543 0.0912206 0.0866893 0.0862744 0.0694041 0.0609431 0.0581168 0.0425757 0.0329125 0.0301649 0.0223619 0.0213626 0.0208853 0.00234392
threshold=756.50000000000011 0.95347012308761292 90.125000000000014 1543.0000000000002 486.00000000000006 2.9050000000000007 3610.5000000000005 891.00000000000011 7.9500000000000011 0.061228810079667302 1.2176121259437258 2.9350000000000005 236.23700000000005 0.0052432226763526003 0.0012647184200826503 0.98750565307953564 1.0000000180025095e-35 2.2750000000000004 0.027228022218307151 15.47499990463257 260.61500000000007 0.0018479069847301501 0.032788670192708459
decision_type=2 2 2 2 2 2 2 2 2 2 2 2 2 2 2 2 2 2 2 2 2 2 2
left_child=1 5 -3 10 -5 6 9 14 12 -1 -4 15 21 -14 16 -10 19 -18 -16 -2 -8 -9 -20
right_child=7 2 3 4 -6 -7 20 8 11 -11 -12 -13 13 -15 18 -17 17 -19 22 -21 -22 -23 -24
leaf_value=0.0017103261394346722 -0.00051739965833411052 0.0027263452436130202 0.0032951797422669502 0.0004287390140352753 -0.00058421147469979646 -0.00090260264970129359 0.00060985082017419787 0.00087611651894569926 0.00071889608924663277 0.0038018395027411833 0.00028655967059666693 0.0020724786177484526 -0.00038872003520854501 -0.0012213312779732336 -0.00072767512979251983 -0.00017758714119043515 -0.0014213604446434746 -0.00041539264933201659 -0.0026278733679881462 0.00022300706940183701 -0.00042125517182931715 0 -0.0011507328416666259
leaf_weight=120 73 23 20 344 295 21 43 39 120 32 20 24 378 127 39 128 68 75 23 62 24 47 20
leaf_count=120 73 23 20 344 295 21 43 39 120 32 20 24 378 127 39 128 68 75 23 62 24 47 20
internal_value=1.18658e-05 0.000503062 0.000189989 8.80607e-05 -3.47704e-05 0.0013928 0.00163565 -0.00036433 -0.000171098 0.00223506 0.00198558 0.000440426 -0.000458397 -0.000609991 -0.000814044 0.000247651 -0.000573467 -0.00093368 -0.00154534 -0.000158166 0.000195418 0.000388625 -0.0021259
internal_weight=2165 942 702 679 639 240 219 1223 863 152 40 272 591 505 360 248 278 143 82 135 67 86 43
internal_count=2165 942 702 679 639 240 219 1223 863 152 40 272 591 505 360 248 278 143 82 135 67 86 43
is_linear=0
shrinkage=0.03


Tree=95
num_leaves=22
num_cat=0
split_feature=26 11 23 19 23 26 11 29 29 11 31 15 19 16 9 19 26 26 3 22 15
split_gain=0.42354 0.3857 0.185768 0.181058 0.173053 0.169909 0.119874 0.0892078 0.132593 0.0861869 0.0821696 0.0810583 0.0730632 0.0706223 0.0475953 0.0439387 0.0313687 0.029305 0.027691 0.0252461 0.0091334
threshold=728.50000000000011 0.95347012308761292 3610.5000000000005 90.125000000000014 1543.0000000000002 486.00000000000006 1.0050618843742052 2.2304999796192837e-06 6.1687477475844119e-07 1.2176121259437258 0.021336670270878204 0.029767202957386902 93.215000152587905 28.759090398615879 0.97803430170279049 89.224998474121108 891.00000000000011 953.00000000000011 0.030784130784346005 260.61500000000007 0.014165535495640001
decision_type=2 2 2 2 2 2 2 2 2 2 2 2 2 2 2 2 2 2 2 2 2
left_child=1 2 12 -3 9 -6 7 8 -2 -5 13 15 -1 -9 -14 -8 -17 -12 -13 -4 -10
right_child=6 3 19 4 5 -7 11 10 20 -11 17 18 14 -15 -16 16 -18 -19 -20 -21 -22
leaf_value=0.00082451531219571313 -0.00058574064816498464 0.0026539922204907411 0.0007843866013812229 0.0032092184928934207 0.00041598802970218077 -0.00056638834271675995 -0.0014523039174964649 0.0009815812111722633 0.0025670166733958149 0.00027908419918916795 6.2143906546560548e-05 -0.0018384239389242171 0.0033703733178190305 -0.00040109281543562281 0.0015020281843639708 -0.00077428430638727414 -0.00010390378065812911 0.0011821378124607076 -0.00038341013190354434 -0.00041002169649841059 0.00095933135418707269
leaf_weight=30 28 23 31 20 344 288 38 31 20 20 54 70 61 674 34 103 189 40 23 24 20
leaf_count=30 28 23 31 20 344 288 38 31 20 20 54 70 61 674 34 103 189 40 23 24 20
internal_value=1.16533e-05 0.000521469 0.00174911 0.000193071 9.29775e-05 -2.75136e-05 -0.000332239 -0.000125108 0.000886592 0.0019356 -0.000217945 -0.000745873 0.00237881 -0.000332155 0.00279876 -0.000503208 -0.000356012 0.000591486 -0.00153306 0.000217217 0.00195595
internal_weight=2165 875 180 695 672 632 1290 867 68 40 799 423 125 705 95 330 292 94 93 55 40
internal_count=2165 875 180 695 672 632 1290 867 68 40 799 423 125 705 95 330 292 94 93 55 40
is_linear=0
shrinkage=0.03


Tree=96
num_leaves=23
num_cat=0
split_feature=26 11 15 23 35 23 20 17 15 26 11 10 29 11 26 31 23 26 30 8 26 32
split_gain=0.400682 0.32959 0.245044 0.204192 0.234075 0.11335 0.0887117 0.0993606 0.120749 0.111957 0.067564 0.0730975 0.0574447 0.057451 0.0508466 0.0504763 0.0485155 0.0443735 0.0414545 0.0379049 0.0343718 0.00938124
threshold=616.00000000000011 1.1104194335879709 0.055981955860879153 3365.5000000000005 0.00016915633797075002 2636.5000000000005 3.02 -0.00048556494417909994 0.035371808122778951 762.50000000000011 1.2449288749991798 1.073836326129946 9.0767797480986392e-05 0.91613075856436466 560.00000000000011 0.021336670270878204 3506.5000000000005 486.00000000000006 -1.4916269709116152e-06 1.0321818486531165 766.00000000000011 5.2170257321094517e-05
decision_type=2 2 2 2 2 2 2 2 2 2 2 2 2 2 2 2 2 2 2 2 2 2
left_child=1 2 3 4 -1 6 7 9 -9 -2 11 17 16 21 -5 -15 18 -3 -7 -13 -18 -14
right_child=5 10 -4 14 -6 12 -8 8 -10 -11 -12 19 13 15 -16 -17 20 -19 -20 -21 -22 -23
leaf_value=0.00077562605157639253 0.0016359052017372558 -3.2448324052066619e-05 0.0037934371939897702 -0.00042522006884801981 0.0026922258100588806 0 -0.001402009780181106 0 -0.0012593880228835212 0.0001699554023101794 -0.0015050324101292061 0.001033594392305531 0.00026574617568403484 -0.0011636950738888529 0.00081714485679985948 -0.00037709828951152632 0.00022593035884201524 -0.0015386932891744531 0.0014028060005221049 -9.9918657045166648e-05 -0.00091737741404257207 -0.00033492000378232374
leaf_weight=248 56 41 25 107 77 86 37 354 82 266 37 45 42 244 37 129 27 35 21 49 76 44
leaf_count=248 56 41 25 107 77 86 37 354 82 266 37 45 42 244 37 129 27 35 21 49 76 44
internal_value=1.19379e-05 0.00060157 0.00102251 0.000845279 0.00125933 -0.000269001 -2.25184e-05 4.61376e-05 -0.000244022 0.000446881 -0.000388965 -0.000106828 -0.000556033 -0.000744572 -7.54314e-05 -0.000904813 -0.000125174 -0.000796178 0.000300299 0.000426977 -0.000591461 -8.79396e-06
internal_weight=2165 701 494 469 325 1464 795 758 436 322 207 170 669 459 144 373 210 76 107 94 103 86
internal_count=2165 701 494 469 325 1464 795 758 436 322 207 170 669 459 144 373 210 76 107 94 103 86
is_linear=0
shrinkage=0.03


Tree=97
num_leaves=23
num_cat=0
split_feature=26 11 23 19 23 26 11 11 35 20 19 14 20 30 19 9 16 28 26 26 30 23
split_gain=0.380643 0.354848 0.169916 0.165688 0.164669 0.152312 0.111111 0.0817069 0.0759554 0.109345 0.0657345 0.0531839 0.0516285 0.0702003 0.0570639 0.0451131 0.0403754 0.0254517 0.0274055 0.0193138 0.0143716 0.00954906
threshold=728.50000000000011 0.95347012308761292 3610.5000000000005 90.125000000000014 1543.0000000000002 486.00000000000006 1.0050618843742052 1.2176121259437258 1.0000000180025095e-35 2.9350000000000005 93.215000152587905 0.019310345676102205 2.6250000000000004 -4.4170899584187958e-06 100.18500137329103 0.97803430170279049 35.758213476385883 2.7797624875188254e-08 807.50000000000011 560.00000000000011 -0.00036383643641599994 2860.5000000000005
decision_type=2 2 2 2 2 2 2 2 2 2 2 2 2 2 2 2 2 2 2 2 2 2
left_child=1 2 10 -3 7 -6 8 -5 9 16 -1 20 14 -14 -10 -12 -2 -13 -19 -4 -8 -22
right_child=6 3 19 4 5 -7 11 -9 12 -11 15 17 13 -15 -16 -17 -18 18 -20 -21 21 -23
leaf_value=0.00079070018201442011 0.00092884663657539265 0.0025339602347409637 -0.0002795046221930534 0.003121892679401714 0.00038615444246632577 -0.00054378228223834308 -0.00093337858136510483 0.00026557171547218506 -0.00025875551384011526 0.0023070142972080603 0.0032287429732314197 -1.9106923211966736e-06 -0.0014095121986514034 0.00041907689363870307 0.00092129623884438128 0.0014176508122740463 -7.5255236359446918e-05 -0.0018359604635760963 -0.00086851830752362731 0.00075083873739405986 3.3140884587870121e-05 -0.00050413670601617356
leaf_weight=30 41 23 27 20 344 288 21 20 502 20 61 28 69 21 36 34 178 42 197 28 100 35
leaf_count=30 41 23 27 20 344 288 21 20 502 20 61 28 69 21 36 34 178 42 197 28 100 35
internal_value=1.16428e-05 0.000495018 0.00167255 0.00017987 8.39506e-05 -3.34568e-05 -0.000314296 0.00188167 -0.00011478 0.000331857 0.00227489 -0.000712502 -0.000290282 -0.000950828 -0.000169577 0.00267441 0.000109225 -0.000971782 -0.00107158 0.000205015 -0.000239904 -9.23455e-05
internal_weight=2165 875 180 695 672 632 1290 40 867 239 125 423 628 90 538 95 219 267 239 55 156 135
internal_count=2165 875 180 695 672 632 1290 40 867 239 125 423 628 90 538 95 219 267 239 55 156 135
is_linear=0
shrinkage=0.03


Tree=98
num_leaves=25
num_cat=0
split_feature=26 11 23 15 23 11 11 17 29 29 11 31 15 16 7 30 26 3 26 26 25 11 14 14
split_gain=0.359923 0.335113 0.16057 0.142171 0.16646 0.136882 0.105221 0.104023 0.0822021 0.121614 0.0771807 0.074321 0.0703599 0.0638019 0.0575491 0.0368413 0.0262961 0.0259847 0.018318 0.0163132 0.0158718 0.0141004 0.010576 0.00166347
threshold=728.50000000000011 0.95347012308761292 3610.5000000000005 0.019090056319838355 1543.0000000000002 1.0388226784273125 1.0050618843742052 0.0012922816771089001 2.2304999796192837e-06 6.1687477475844119e-07 1.2176121259437258 0.021336670270878204 0.029767202957386902 28.759090398615879 0.061228810079667302 -1.4916269709116152e-06 953.00000000000011 0.030784130784346005 560.00000000000011 942.50000000000011 7.1500000000000012 0.92245580681535821 0.012611553849685701 0.031987760235209807
decision_type=2 2 2 2 2 2 2 2 2 2 2 2 2 2 2 2 2 2 2 2 2 2 2 2
left_child=1 2 14 7 10 -6 8 -3 9 -2 -5 13 15 -10 21 19 -13 23 -4 -8 -17 -1 -11 -14
right_child=6 3 18 4 5 -7 12 -9 11 22 -12 16 17 -15 -16 20 -18 -19 -20 -21 -22 -23 -24 -25
leaf_value=0.0020823747060122349 -0.00054701328962560622 0.0028163938167039301 -0.00027195799167966468 0.0030404519495432786 0.00049486737200026953 -0.00044734507953900655 -0.00053227378410073333 0.00033044849878310093 0.00093876322561546263 0.0025020629272026855 0.00025864376637922676 6.3995604550367896e-05 -0.00232176517881453 -0.00037466455734097754 0.0035333671828416445 -0.00037263763336326319 0.0011296295853667393 -0.0003218554874362711 0.00073049343215121382 -0.0013264544647099683 0.00018725471217517873 0.00096572052972624073 0.00089087695928047534 -0.0012450848009996115
leaf_weight=58 28 27 27 20 215 374 110 39 31 20 20 54 23 674 28 108 40 23 28 45 67 39 20 47
leaf_count=58 28 27 27 20 215 374 110 39 31 20 20 54 23 674 28 108 40 23 28 45 67 39 20 47
internal_value=1.18081e-05 0.000481877 0.00162626 0.000175475 2.8657e-05 -9.75811e-05 -0.000305095 0.00146914 -0.000110837 0.000860285 0.0018344 -0.000200135 -0.000692629 -0.000308941 0.00221187 -0.000465681 0.000569297 -0.00142696 0.000198044 -0.000802638 -0.000141882 0.00170585 0.0018846 -0.00172082
internal_weight=2165 875 180 695 629 589 1290 66 867 68 40 799 423 705 125 330 94 93 55 155 175 97 40 70
internal_count=2165 875 180 695 629 589 1290 66 867 68 40 799 423 705 125 330 94 93 55 155 175 97 40 70
is_linear=0
shrinkage=0.03


Tree=99
num_leaves=20
num_cat=0
split_feature=26 11 15 23 35 23 29 30 11 15 28 23 11 13 8 26 0 29 14
split_gain=0.343086 0.291429 0.233032 0.183471 0.206137 0.101386 0.136337 0.0801862 0.0817406 0.0968626 0.0753673 0.0722047 0.0632964 0.0684726 0.052077 0.0433439 0.0379484 0.0215384 0.0180582
threshold=616.00000000000011 1.1104194335879709 0.055981955860879153 3365.5000000000005 0.00016915633797075002 2333.0000000000005 2.2304999796192837e-06 0.15105363568958721 0.84519872829218545 0.031724844785115051 0.042243678961548105 1257.0000000000002 1.2449288749991798 1.070621428916313 1.0555004594475748 560.00000000000011 0.010371365731075602 0.0040775799885676509 0.038451075313337808
decision_type=2 2 2 2 2 2 2 2 2 2 2 2 2 2 2 2 2 2 2
left_child=1 2 3 4 -1 6 -2 8 18 -10 11 -8 13 16 -15 -5 -3 -9 -7
right_child=5 12 -4 15 -6 7 10 17 9 -11 -12 -13 -14 14 -16 -17 -18 -19 -20
leaf_value=0.00071910526163754772 0.0022253282067552205 -0.001201404422845891 0.0036538109896105844 -0.00041393507232212202 0.002519189928547712 0.0010074026948772368 -0.0012964805555040419 0.0011958678964163279 -0.00040548167282458626 -0.0011936407726059958 -0.0013111918503149913 0.0001491742037442181 -0.0014532002937456127 0.00079981535991242554 -0.00072045403686710272 0.00073083922227378927 0.0001837349072827593 8.0449145066917698e-06 0
leaf_weight=248 22 53 25 107 77 27 30 24 560 198 36 492 37 74 23 37 20 39 36
leaf_count=248 22 53 25 107 77 27 30 24 560 198 36 492 37 74 23 37 20 39 36
internal_value=1.21265e-05 0.000557828 0.000953799 0.00078121 0.00117387 -0.000247731 5.58389e-05 -0.000449803 -0.00053107 -0.000619196 -3.57916e-05 5.34426e-05 -0.000372985 -9.94148e-05 0.00039854 -9.04714e-05 -0.000790168 0.000539793 0.000463736
internal_weight=2165 701 494 469 325 1464 580 884 821 758 558 522 207 170 97 144 73 63 63
internal_count=2165 701 494 469 325 1464 580 884 821 758 558 522 207 170 97 144 73 63 63
is_linear=0
shrinkage=0.03


Tree=100
num_leaves=27
num_cat=0
split_feature=26 30 34 22 29 22 35 23 26 26 25 34 22 22 35 23 33 28 17 20 15 15 17 34 18 25
split_gain=0.324511 0.159991 0.301414 0.227466 0.200375 0.199819 0.14818 0.113099 0.100087 0.0946498 0.13896 0.0790447 0.0774146 0.0707087 0.062101 0.0554425 0.0511242 0.0495072 0.0376588 0.0334829 0.0249207 0.0215264 0.0189419 0.016258 0.00967701 0.00442645
threshold=756.50000000000011 -0.013241826019292798 -0.0032311416482528497 255.54900000000001 0.056107478063348155 255.54900000000001 -2.0541011662303629e-05 2685.0000000000005 414.50000000000006 891.00000000000011 8.0500000000000025 -0.1528277664843056 236.23700000000005 237.48750000000004 -0.0014713470407065998 2348.5000000000005 -0.13423129129502007 0.0012647184200826503 1.0000000180025095e-35 2.2750000000000004 0.027228022218307151 0.032885285008937205 0.0034767850475480506 -0.00015177035177694996 0.91226133167939671 2.5500000000000003
decision_type=2 2 2 2 2 2 2 2 2 2 2 2 2 2 2 2 2 2 2 2 2 2 2 2 2 2
left_child=1 3 5 8 7 21 -7 -4 -1 17 12 -10 22 24 -14 -15 -5 18 23 -20 -19 -3 -11 -2 -12 -18
right_child=9 2 4 16 -6 6 -8 -9 11 10 13 -13 14 15 -16 -17 25 20 19 -21 -22 -23 -24 -25 -26 -27
leaf_value=0.0020574354629165357 -0.00033649892483455395 0.00057428534311859615 0.00050626738071318019 -0.00030808198083700101 0.0025071401254681404 0.00081598740518093102 0.0028807053179992362 -0.00046446887028824029 -0.001157692501850293 0.00080117821696680037 -0.00098339565091121661 0.00045246692439796762 0.0004147256954050324 0.0013551558425518426 -0.00064653503544688724 0.00029855895722805418 -0.0011768904573380432 -0.00062860678804905286 -0.0013224353840841886 -0.00032399830076162918 -0.0019056391979810658 -0.00044671141582344162 -1.0915312932671176e-05 0.00034701426823211966 -3.6189700994226606e-06 -0.0025276509761810299
leaf_weight=25 95 50 223 30 29 57 97 203 32 47 23 120 50 69 458 153 26 39 68 75 43 23 39 40 24 27
leaf_count=25 95 50 223 30 29 57 97 203 32 47 23 120 50 69 458 153 26 39 68 75 43 23 39 40 24 27
internal_value=1.20668e-05 0.000431146 0.000672725 -0.000191573 0.000216079 0.00156023 0.00216579 3.66803e-05 0.000404124 -0.000308542 -0.000132784 7.82851e-05 -0.000391075 0.00042456 -0.000534388 0.000653984 -0.00146658 -0.000717027 -0.000499004 -0.000836745 -0.00137719 0.000208192 0.000411241 -0.000109096 -0.00057332 -0.00201713
internal_weight=2165 942 682 260 455 227 154 426 177 1223 863 152 594 269 508 222 83 360 278 143 82 73 86 135 47 53
internal_count=2165 942 682 260 455 227 154 426 177 1223 863 152 594 269 508 222 83 360 278 143 82 73 86 135 47 53
is_linear=0
shrinkage=0.03


Tree=101
num_leaves=24
num_cat=0
split_feature=26 11 15 26 26 16 28 26 22 29 15 29 25 11 10 22 26 26 32 8 11 2 11
split_gain=0.308868 0.266442 0.216052 0.165384 0.241344 0.0931003 0.0778753 0.190065 0.113834 0.0705839 0.0716997 0.0650249 0.0627896 0.0584537 0.0636438 0.0566239 0.0400987 0.0376397 0.0365585 0.0348146 0.0333218 0.0262735 0.0039338
threshold=616.00000000000011 1.1104194335879709 0.055981955860879153 298.00000000000006 403.50000000000006 46.206331677174781 8.1094604255659594e-06 671.50000000000011 257.51700000000005 3.9725714752155359e-06 0.046603403244093004 8.436720820954764e-05 10.15 1.2449288749991798 1.073836326129946 258.21400000000006 1886.0000000000002 486.00000000000006 6.950403398328803e-05 1.0321818486531165 0.84519872829218545 -0.021773650587306199 0.93227049318268496
decision_type=2 2 2 2 2 2 2 2 2 2 2 2 2 2 2 2 2 2 2 2 2 2 2
left_child=1 2 3 15 -5 9 7 -7 11 12 16 -8 22 14 17 -1 -11 -3 -10 -16 -12 -9 -2
right_child=5 13 -4 4 -6 6 8 21 18 10 20 -13 -14 -15 19 -17 -18 -19 -20 -21 -22 -23 -24
leaf_value=0.0033139653362751261 0.00032070352765731518 -3.0971715523099354e-05 0.0035082924902505638 -0.00067895915759663271 0.00094931466241210221 0.0025963151336688061 0.00023265715044373095 0.000470478735768291 -0.0027067760117652434 0.00010608438033165436 -0.00032606105160598153 -0.00064242403642129572 0.0017739498373121022 -0.0013985504032869357 0.00098244247076217993 0.00092684916023992819 -0.00077653874676017194 -0.0014251592690492734 -0.00083796206224829922 -0.00010248768511407364 -0.0020299183718212269 -0.00040597836906627676 -0.00021589061697823521
leaf_weight=26 21 41 25 106 313 20 86 31 28 485 31 420 34 37 45 24 48 35 28 49 20 192 20
leaf_count=26 21 41 25 106 313 20 86 31 28 485 31 420 34 37 45 24 48 35 28 49 20 192 20
internal_value=1.15706e-05 0.000529412 0.000908127 0.000741752 0.000528381 -0.000234915 -0.000450965 0 -0.000644116 2.53158e-05 -8.28083e-05 -0.000487306 0.000876507 -0.000360157 -9.64794e-05 0.00234207 1.71002e-05 -0.000740744 -0.00191334 0.000400287 -0.00112545 -0.000266237 0
internal_weight=2165 701 494 469 419 1464 805 243 562 659 584 506 75 207 170 50 533 76 56 94 51 223 41
internal_count=2165 701 494 469 419 1464 805 243 562 659 584 506 75 207 170 50 533 76 56 94 51 223 41
is_linear=0
shrinkage=0.03


Tree=102
num_leaves=24
num_cat=0
split_feature=26 19 30 33 9 26 26 14 11 23 20 16 23 16 28 33 33 23 19 34 11 28 16
split_gain=0.291288 0.257322 0.3242 0.271368 0.163212 0.140094 0.110225 0.0924617 0.096752 0.0890614 0.146155 0.0855771 0.0688155 0.0895001 0.0618954 0.0590365 0.0481996 0.0447334 0.0424512 0.0385907 0.0333161 0.0213843 0.00622928
threshold=616.00000000000011 94.380001068115249 -0.0071829076300908489 0.0085268952748662006 0.96285109504770372 486.00000000000006 407.00000000000006 0.044076461451960904 1.0667884307498003 2899.5000000000005 3.1050000000000004 56.770241390415514 1257.0000000000002 45.714316403152381 5.4455102912349874e-07 -0.0039830124226974987 -0.13423129129502007 3620.5000000000005 92.884998321533217 0.086377392745077913 0.86017510625290938 3.502043426084752e-08 55.674317858185645
decision_type=2 2 2 2 2 2 2 2 2 2 2 2 2 2 2 2 2 2 2 2 2 2 2
left_child=1 3 7 5 15 6 -1 8 -3 10 12 -6 -2 -14 18 -4 -7 -9 -11 20 -16 -20 -21
right_child=9 2 4 -5 11 16 -8 17 -10 14 -12 -13 13 -15 19 -17 -18 -19 21 22 -22 -23 -24
leaf_value=-0.00046042459879894383 -0.001304148963310153 0.0012788593465388244 0.0050527762491255996 0.0025495529982092024 0.0018205936064123009 -0.00028998666832392869 0.00079902910073780301 -0.0017216857296343032 -0.0002114525440552119 0.0010517776588234921 -0.0021451774771999695 -0.0001944504018427561 0.00043138812479351222 -0.00018012475504245378 0.00011620881885755806 0.0018984920041757109 -0.0019830998092051598 2.6352412831645613e-05 -0.00062677666957024474 0.00036564054065544541 -0.000907618066738045 0.0001976952396006264 -0.00026446563966572287
leaf_weight=153 31 85 20 30 88 30 101 23 64 26 26 20 363 514 25 20 47 20 57 26 330 44 22
leaf_count=153 31 85 20 30 88 30 101 23 64 26 26 20 363 514 25 20 47 20 57 26 330 44 22
internal_value=1.12485e-05 0.000514175 0.0011029 -3.65838e-05 0.00214623 -0.000300754 3.21898e-05 0.000262639 0.000627449 -0.000228079 -4.7799e-05 0.00142524 1.58315e-05 7.01859e-05 -0.000538095 0.00378789 -0.00139656 -0.000894733 1.68202e-05 -0.00071919 -0.000826768 -0.000243413 1.94497e-05
internal_weight=2165 701 340 361 148 331 254 192 149 1464 934 108 908 877 530 40 77 43 127 403 355 101 48
internal_count=2165 701 340 361 148 331 254 192 149 1464 934 108 908 877 530 40 77 43 127 403 355 101 48
is_linear=0
shrinkage=0.03


Tree=103
num_leaves=27
num_cat=0
split_feature=26 30 30 29 15 14 22 24 26 26 24 13 22 29 22 35 14 23 13 23 21 17 35 12 14 2
split_gain=0.278888 0.14288 0.236584 0.206288 0.20091 0.147704 0.123604 0.12075 0.111215 0.0889618 0.124427 0.0835505 0.0746446 0.063692 0.0636065 0.0565699 0.0553053 0.0439001 0.02992 0.0267932 0.0320413 0.0172882 0.0160425 0.0146001 0.0141694 0.0123205
threshold=759.00000000000011 -0.013241826019292798 -1.7905899547857852e-05 0.056107478063348155 0.046183788719324659 0.05342310678968356 237.57500000000002 18.650000000000002 414.50000000000006 891.00000000000011 0.45000000000000007 1.0738844845997539 236.23700000000005 0.0052432226763526003 237.48750000000004 -0.0020770849516354496 0.025002641266011903 2348.5000000000005 0.96417421529760683 2868.5000000000005 18.23499965667725 0.0034767850475480506 -6.0223179784497318e-06 0.97811257588214795 0.019376889445420754 0.020874616540256203
decision_type=2 2 2 2 2 2 2 2 2 2 2 2 2 2 2 2 2 2 2 2 2 2 2 2 2 2
left_child=1 4 5 6 8 7 -4 -3 -1 16 14 -7 21 -14 24 -10 19 -16 -18 22 -21 -12 -2 -6 -11 -20
right_child=9 2 3 -5 23 11 -8 -9 15 10 12 -13 13 -15 17 -17 18 -19 25 20 -22 -23 -24 -25 -26 -27
leaf_value=0.0019654485359787942 -0.00039918095630477182 0.0011669904922908666 0.001957791621877771 0.0023732758610422022 -0.00084423805987898955 0.0029956219496546379 -0.00031372271573033747 -0.00032110219809528061 -0.00036203790533181738 0 0.00077602264032379021 0.00045480514625492307 -0.00030626913192148395 -0.0011095510634910424 0.0011741781772232991 0.00081425425017784734 -0.00028005864048119344 0.00027471579861495707 -0.0016738897644485312 -0.0010253390389305976 0 0 0.00033693699508072119 -0.0024361872743815182 -0.0010396055006754719 -0.00054249507157429536
leaf_weight=25 47 205 20 29 21 53 304 59 141 20 47 20 357 126 75 46 35 174 74 76 42 39 54 27 25 24
leaf_count=25 47 205 20 29 21 53 304 59 141 20 47 20 357 126 75 46 35 174 74 76 42 39 54 27 25 24
internal_value=1.10895e-05 0.000396802 0.000622947 6.92729e-05 -0.000192204 0.00118836 -0.000147656 0.000823317 0.000199058 -0.000288268 -0.000119148 0.00238441 -0.000380074 -0.000527549 0.000374478 -4.86053e-05 -0.000689939 0.000568296 -0.00117779 -0.000368239 -0.000669384 0.000404347 0 -0.00188916 -0.000603969 -0.00145086
internal_weight=2165 950 690 353 260 337 324 264 212 1215 863 73 569 483 294 187 352 249 133 219 118 86 101 48 45 98
internal_count=2165 950 690 353 260 337 324 264 212 1215 863 73 569 483 294 187 352 249 133 219 118 86 101 48 45 98
is_linear=0
shrinkage=0.03


Tree=104
num_leaves=16
num_cat=0
split_feature=20 11 22 23 14 11 29 34 29 22 25 2 11 29 28
split_gain=0.172567 0.12514 0.142866 0.162693 0.165481 0.116102 0.159575 0.0954907 0.0754523 0.0663669 0.0521081 0.0170896 0.0168349 0.0159712 0.0156148
threshold=0.71500000000000008 0.86670034847935795 294.93500000000006 2899.5000000000005 0.067244947195013657 1.0388226784273125 0.0099409072164994023 -0.044003053201164245 0.0014191552040216002 237.74700000000004 1.0000000180025095e-35 0.017903400452930856 0.97299183755563501 4.986650947238467e-06 0.0091868875615481026
decision_type=2 2 2 2 2 2 2 2 2 2 2 2 2 2 2
left_child=5 7 3 4 -3 6 12 14 13 -5 -10 -7 -1 -9 -2
right_child=1 2 -4 9 -6 11 -8 8 10 -11 -12 -13 -14 -15 -16
leaf_value=0.0038802792718229087 -0.00080267948697372853 8.5906176420786143e-05 -0.00233625959776915 -0.0010569359246755063 0.0025162113492574112 0.00047244076334754937 0 0.00081241361779393634 0.00081149059843045417 -0.00028997456018974472 0.0027636393308365604 -0.00059848515420099317 0.001671905645751394 -0.00017902286297830869 0.00011918103611308404
leaf_weight=20 24 1052 23 124 23 29 23 21 34 663 31 20 21 27 30
leaf_count=20 24 1052 23 124 23 29 23 21 34 663 31 20 21 27 30
internal_value=1.07461e-05 -5.14197e-05 -0.000122905 -9.0242e-05 0.000147544 0.00113763 0.00194943 0.000725746 0.00121652 -0.00041817 0.00186748 0 0.00300846 0.000218181 -0.000258585
internal_weight=2165 2052 1885 1862 1075 113 64 167 113 787 65 49 41 48 54
internal_count=2165 2052 1885 1862 1075 113 64 167 113 787 65 49 41 48 54
is_linear=0
shrinkage=0.03


Tree=105
num_leaves=21
num_cat=0
split_feature=26 11 19 11 19 14 14 30 19 12 14 20 15 11 26 19 26 3 12 14
split_gain=0.256345 0.217866 0.131318 0.105762 0.100327 0.135598 0.129503 0.0754818 0.113319 0.0765235 0.0675943 0.104339 0.0626036 0.0544196 0.0512561 0.0333271 0.0242415 0.0189991 0.00842958 0.00191605
threshold=720.50000000000011 0.95347012308761292 90.125000000000014 1.0050618843742052 94.380001068115249 0.05342310678968356 0.016966311107718405 -0.0071829076300908489 93.970001220703139 0.94706978353108495 0.05024153795752536 2.9050000000000007 0.029767202957386902 0.83263452846012309 778.00000000000011 89.224998474121108 891.00000000000011 0.030784130784346005 0.97019071140929636 0.031987760235209807
decision_type=2 2 2 2 2 2 2 2 2 2 2 2 2 2 2 2 2 2 2 2
left_child=1 7 -3 10 6 -6 -4 -1 18 -10 11 14 15 -12 -2 -5 -17 19 -9 -14
right_child=3 2 4 12 5 -7 -8 8 9 -11 13 -13 17 -15 -16 16 -18 -19 -20 -21
leaf_value=9.4420240393706725e-05 0.0007462256088915433 0.0022604404210041346 0.0010427090555406174 -0.0012315026125075612 0.00014415176566450307 0.0017194637044914997 -0.00061996820955338499 0 0.0036765866162953896 0.001510883263847443 4.6374530509638132e-05 0.0018211748729726031 -0.0020701437682534257 -0.001561600339330534 -0.00011905313673251157 -0.00064232047892803063 -5.3822625101020094e-05 -0.00033909130903314155 0.00069576739512073498 -0.0011223898631631259
leaf_weight=39 64 23 47 38 310 57 243 21 27 64 26 25 24 43 714 103 189 26 24 58
leaf_count=39 64 23 47 38 310 57 243 21 27 64 26 25 24 43 714 103 189 26 24 58
internal_value=1.08091e-05 0.000415383 0.000164981 -0.000251306 7.71373e-05 0.000408885 -0.000332344 0.00135234 0.00168166 0.0022822 -5.58398e-05 1.93907e-05 -0.000630623 -0.000937344 -4.14392e-05 -0.00040514 -0.000276 -0.001263 0.000338005 -0.00149835
internal_weight=2165 855 680 1310 657 367 290 175 136 91 872 803 438 69 778 330 292 108 45 82
internal_count=2165 855 680 1310 657 367 290 175 136 91 872 803 438 69 778 330 292 108 45 82
is_linear=0
shrinkage=0.03


Tree=106
num_leaves=13
num_cat=0
split_feature=20 11 23 22 22 11 28 22 28 8 2 19
split_gain=0.160188 0.115316 0.137318 0.159292 0.150798 0.106392 0.135926 0.0886879 0.0490676 0.0395505 0.0164492 0.00867072
threshold=0.71500000000000008 0.7760693151947412 2899.5000000000005 289.92950000000002 264.27000000000004 1.0388226784273125 0.0041645669938473011 279.88200000000006 0.0012046173856962502 1.0062001728327516 0.017903400452930856 97.384998321533217
decision_type=2 2 2 2 2 2 2 2 2 2 2 2
left_child=5 -2 3 4 -3 6 11 8 -4 -5 -7 -1
right_child=1 2 7 9 -6 10 -8 -9 -10 -11 -12 -13
leaf_value=0.0016184376708798757 0.0015630088967876032 4.587586510943483e-05 -0.00022341106545300136 -0.0018391003523975974 0.00094018404886652589 0.00046919978698133492 0 0.0013981134890927933 -0.00071080789827067164 -0.00034811535156248802 -0.00058083712115235958 0.0036422048884889352
leaf_weight=20 36 895 477 38 209 29 24 21 337 39 20 20
leaf_count=20 36 895 477 38 209 29 24 21 337 39 20 20
internal_value=1.07399e-05 -4.91038e-05 -8.16571e-05 0.000124571 0.000219978 0.00109649 0.00187369 -0.000376321 -0.000430737 -0.0011628 0 0.0028836
internal_weight=2165 2052 2016 1181 1104 113 64 835 814 77 49 40
internal_count=2165 2052 2016 1181 1104 113 64 835 814 77 49 40
is_linear=0
shrinkage=0.03


Tree=107
num_leaves=26
num_cat=0
split_feature=26 19 30 33 9 26 26 15 26 16 16 28 26 22 29 14 33 25 29 34 34 32 2 11 25
split_gain=0.238715 0.216961 0.260639 0.243878 0.144566 0.123039 0.0946079 0.0905597 0.080855 0.0787957 0.0741962 0.0666805 0.172529 0.101749 0.0610792 0.0892388 0.0579561 0.05621 0.0542756 0.0468834 0.0389162 0.0345302 0.0242717 0.0126595 0.00182563
threshold=616.00000000000011 94.380001068115249 -0.0071829076300908489 0.0085268952748662006 0.96285109504770372 486.00000000000006 407.00000000000006 0.047538028417046053 418.50000000000006 46.206331677174781 56.770241390415514 8.1094604255659594e-06 671.50000000000011 257.51700000000005 3.9725714752155359e-06 0.051873079883166008 -0.0039830124226974987 10.15 8.436720820954764e-05 -0.12222681370647313 0.080343565821815913 6.950403398328803e-05 -0.021773650587306199 0.84962769288549633 0.45000000000000007
decision_type=2 2 2 2 2 2 2 2 2 2 2 2 2 2 2 2 2 2 2 2 2 2 2 2 2
left_child=1 3 7 5 16 6 -1 8 -3 14 -6 12 -11 18 17 20 -4 24 -13 -7 -16 -15 -14 -17 -2
right_child=9 2 4 -5 10 19 -8 -9 -10 11 -12 13 22 21 15 23 -18 -19 -20 -21 -22 -23 -24 -25 -26
leaf_value=-0.00043393929204187137 0.00022730776789830996 0.0018998902016742663 0.0047071645881818685 0.002412110422822562 0.001635595517382691 0 0.0007330883128273014 -0.0010873032938300941 0.00019251317676257298 0.0024858997328125912 -0.00023121738330076405 0.00022074779948701013 0.00046630011585212369 -0.0025479875398469304 -2.0789427675194965e-05 -0.00039768491230231874 0.0016773911193215651 0.0016738664097517627 -0.00057704884984781499 -0.0017507834178158792 0.0010097153501585124 -0.00074857542345360402 -0.00037618228469957384 -0.0017303243211703374 -0.00013237256429704796
leaf_weight=153 21 30 20 30 88 21 101 33 129 20 20 86 31 28 505 20 20 34 420 56 32 28 192 27 20
leaf_count=153 21 30 20 30 88 21 101 33 129 20 20 86 31 28 505 20 20 34 420 56 32 28 192 27 20
internal_value=1.07285e-05 0.000466133 0.0010068 -3.89392e-05 0.00194282 -0.000289741 2.15823e-05 0.000251104 0.000562396 -0.000205793 0.00126596 -0.000404659 0 -0.000583431 3.33329e-05 -6.69122e-05 0.00348476 0.000824921 -0.000435059 -0.0013165 4.03315e-05 -0.00178294 -0.000241156 -0.00128113 0
internal_weight=2165 701 340 361 148 331 254 192 159 1464 108 805 243 562 659 584 40 75 506 77 537 56 223 47 41
internal_count=2165 701 340 361 148 331 254 192 159 1464 108 805 243 562 659 584 40 75 506 77 537 56 223 47 41
is_linear=0
shrinkage=0.03


Tree=108
num_leaves=25
num_cat=0
split_feature=26 19 30 33 16 14 26 26 15 26 16 23 15 22 14 29 14 23 23 15 34 21 19 25
split_gain=0.22565 0.205237 0.24649 0.230725 0.132934 0.117989 0.116265 0.0891604 0.0857262 0.076447 0.0741568 0.0829215 0.175256 0.0771193 0.0993961 0.0577895 0.084716 0.0643971 0.0623706 0.0500767 0.0440876 0.0124127 0.0116865 0.00243901
threshold=616.00000000000011 94.380001068115249 -0.0071829076300908489 0.0085268952748662006 56.770241390415514 0.048605236000235953 486.00000000000006 407.00000000000006 0.047538028417046053 418.50000000000006 46.206331677174781 1538.5000000000002 0.031920915891846903 257.51700000000005 0.046103899866874111 3.9725714752155359e-06 0.051873079883166008 3460.5000000000005 3291.0000000000005 0.016927105385251804 -0.12222681370647313 13.954999923706056 96.354999542236342 0.35000000000000003
decision_type=2 2 2 2 2 2 2 2 2 2 2 2 2 2 2 2 2 2 2 2 2 2 2 2
left_child=1 3 8 6 5 -4 7 -1 9 -3 15 12 21 19 -15 17 18 -2 -17 -13 -8 -12 -18 -19
right_child=10 2 4 -5 -6 -7 20 -9 -10 -11 11 13 -14 14 -16 16 22 23 -20 -21 -22 -23 -24 -25
leaf_value=-0.00042117147113430499 0.0016870570548712029 0.0018480750119144263 0.0013592982245091761 0.0023463255908678878 -0.00022518565705673685 0.003404379470089345 0 0.00071173007150467191 -0.0010574024315962256 0.00018686904164629101 -0.00076278371841181068 0.00024575783150595322 0.0022397816410521043 -0.0019520668506555793 -6.7243607108139253e-05 0.00021895579659767048 -0.0004419490768876858 0.00018250457964756565 -0.00054530513967995732 -0.00049194089496175136 -0.00170093059874045 0 -0.0017274136627758185 -0.00024926187034757079
leaf_weight=153 35 30 78 30 20 50 21 101 33 129 33 92 29 67 45 416 22 20 121 484 56 55 25 20
leaf_count=153 35 30 78 30 20 50 21 101 33 129 33 92 29 67 45 416 22 20 121 484 56 55 25 20
internal_value=1.07651e-05 0.000453565 0.000979425 -3.74531e-05 0.00188977 0.00224073 -0.000281622 2.06894e-05 0.000244034 0.000547242 -0.000199708 -0.000392639 0.000323737 -0.000519682 -0.00124237 3.21467e-05 -6.52328e-05 0.000802215 3.91197e-05 -0.00036827 -0.00127974 -0.000327743 -0.00124833 0
internal_weight=2165 701 340 361 148 128 331 254 192 159 1464 805 117 688 112 659 584 75 537 576 77 88 47 40
internal_count=2165 701 340 361 148 128 331 254 192 159 1464 805 117 688 112 659 584 75 537 576 77 88 47 40
is_linear=0
shrinkage=0.03


Tree=109
num_leaves=20
num_cat=0
split_feature=26 11 26 26 29 8 14 23 29 29 24 35 23 17 23 28 11 19 33
split_gain=0.213586 0.181167 0.134071 0.197401 0.136535 0.0748147 0.073753 0.0606995 0.0980811 0.0776691 0.0595799 0.0531299 0.046096 0.0547223 0.0443676 0.0472635 0.0379607 0.0316952 0.00366872
threshold=759.00000000000011 1.153786019837465 285.50000000000006 403.50000000000006 0.0034210634489155001 1.0668137089404608 0.028988049683924304 3567.5000000000005 2.2304999796192837e-06 6.1687477475844119e-07 1.0000000180025095e-35 -0.0011333674807632998 1722.0000000000002 0.0094218231639000023 2083.0000000000005 0.048574500659613308 0.84519872829218545 90.395000457763686 -9.676085409753323e-07
decision_type=2 2 2 2 2 2 2 2 2 2 2 2 2 2 2 2 2 2 2
left_child=1 2 10 17 -5 12 7 8 9 -2 -1 -10 -3 -14 -8 16 -16 -4 -9
right_child=6 5 3 4 -6 -7 14 18 11 -11 -12 -13 13 -15 15 -17 -18 -19 -20
leaf_value=0.0025981582292446456 -0.00038563433369563426 0.00075004586356226355 8.8806916367179976e-05 0.0012555723784357725 0.0002821306162061111 -0.0018425162752158939 0.00027741821113011462 -0.0011885134766040288 0.0006908700854786025 0.0016268013091406449 0.00059336934204805975 -0.00021654625454433534 -0.00085867859777185673 0.00035763160913484171 -7.0749266784253485e-05 0.00011050596497896148 -0.0011437817863593335 -0.00097067501882481611 -0.00035768542556951827
leaf_weight=38 21 33 28 213 358 27 34 43 59 50 30 720 92 45 43 38 184 86 23
leaf_count=38 21 33 28 213 358 27 34 43 59 50 30 720 92 45 43 38 184 86 23
internal_value=1.04971e-05 0.000348205 0.000561536 0.000425023 0.000655144 -0.00044841 -0.000251299 -0.000112878 -3.95824e-05 0.00099953 0.00181839 -0.000141597 -0.00018154 -0.00043863 -0.000660088 -0.000793324 -0.000957138 -0.000689206 -0.000970601
internal_weight=2165 950 753 685 571 197 1215 916 850 71 68 779 170 137 299 265 227 114 66
internal_count=2165 950 753 685 571 197 1215 916 850 71 68 779 170 137 299 265 227 114 66
is_linear=0
shrinkage=0.03


Tree=110
num_leaves=15
num_cat=0
split_feature=20 11 22 25 30 35 24 28 11 34 29 29 17 30
split_gain=0.134786 0.0999961 0.119594 0.296304 0.32845 0.0949549 0.0964809 0.0942344 0.121455 0.0780374 0.0525425 0.0183877 0.0182007 0.0159429
threshold=0.71500000000000008 1.2308452862358015 264.27000000000004 8.4500000000000011 -0.0071829076300908489 -0.0011333674807632998 0.45000000000000007 0.0089378093306863513 1.0402357647484655 0.0039092996476981006 0.0040775799885676509 0.00060556170284040004 -0.00015211519434764996 -2.9906121327063926e-05
decision_type=2 2 2 2 2 2 2 2 2 2 2 2 2 2
left_child=7 2 5 4 -4 10 -7 8 12 -5 -2 13 -1 -3
right_child=1 11 3 9 -6 6 -8 -9 -10 -11 -12 -13 -14 -15
leaf_value=0.0033316582106458748 0.0011497382391591681 7.5099279840841169e-06 -0.00082933112004286399 -0.0010640453305021909 0.0018822978741947734 0.00019298638961681434 -0.00036157696161203328 -0.00036099655344150962 4.9162389704418408e-05 0.00054597473458852625 0.00014440561887964822 -0.0015991898087637595 0.0014621310792936127 -0.00094661590821229881
leaf_weight=20 64 20 50 92 157 383 1000 29 35 33 190 35 29 28
leaf_count=20 64 20 50 92 157 383 1000 29 35 33 190 35 29 28
internal_value=1.029e-05 -4.44885e-05 0 0.000515773 0.00121054 -0.00010626 -0.00020575 0.00100632 0.00150902 -0.000612728 0.000419855 -0.00104583 0.00243108 -0.000513184
internal_weight=2165 2052 1969 332 207 1637 1383 113 84 125 254 83 49 48
internal_count=2165 2052 1969 332 207 1637 1383 113 84 125 254 83 49 48
is_linear=0
shrinkage=0.03


Tree=111
num_leaves=24
num_cat=0
split_feature=26 11 15 34 26 26 16 28 26 15 29 14 11 10 25 29 34 0 8 2 28 11 8
split_gain=0.199935 0.188169 0.159105 0.124323 0.149677 0.0695537 0.0678235 0.0587133 0.147357 0.0744607 0.0518356 0.0787888 0.0490615 0.0493636 0.0487568 0.0377794 0.0345466 0.0324375 0.0309462 0.0222272 0.0191611 0.0115833 0.00199949
threshold=616.00000000000011 1.1104194335879709 0.057534365942791106 0.0051555408284831008 298.00000000000006 472.50000000000006 46.206331677174781 8.1094604255659594e-06 671.50000000000011 0.016927105385251804 3.9725714752155359e-06 0.051873079883166008 1.2449288749991798 1.073836326129946 10.15 0.00037397591342530005 0.086377392745077913 0.015384232597848551 1.0321818486531165 -0.021773650587306199 0.00063377935261605008 0.84962769288549633 0.98127849492894492
decision_type=2 2 2 2 2 2 2 2 2 2 2 2 2 2 2 2 2 2 2 2 2 2 2
left_child=1 2 3 4 -1 -5 10 8 -8 20 14 16 13 17 22 -11 -12 -3 -15 -10 -9 -13 -2
right_child=6 12 -4 5 -6 -7 7 9 19 15 11 21 -14 18 -16 -17 -18 -19 -20 -21 -22 -23 -24
leaf_value=0.0018737259386689402 0.0002301573656659457 -0.001035429209329825 0.0032236615276045122 0.0032492226124741135 0.00019061950419705767 0.00084464068321284602 0.0023045043958270029 0.00045041221742789131 0.00046104613541854845 -0.0013892121687028053 -1.0109401474719508e-05 -0.00035408513189759107 -0.0012699283669469878 0.00090949003073910711 0.0015535280317181366 -0.00058277968734486989 0.0010328286593779921 0.00020076753135770558 -0.00011205256953298186 -0.000345361986388721 -0.00024731157084829035 -0.0016276597926393149 -0.00015154355612542967
leaf_weight=53 21 54 20 21 366 34 20 62 31 71 510 20 37 45 34 358 27 22 49 192 71 27 20
leaf_count=53 21 54 20 21 366 34 20 62 31 71 510 20 37 45 34 358 27 22 49 192 71 27 20
internal_value=1.02139e-05 0.000427096 0.000745764 0.000615305 0.000422434 0.00193505 -0.00018782 -0.000372371 5.42107e-06 -0.000540194 3.3752e-05 -5.82198e-05 -0.000318898 -7.61358e-05 0.000763062 -0.00073191 4.22199e-05 -0.000645573 0.00035906 -0.000215354 5.86451e-05 -0.00119948 0
internal_weight=2165 701 494 474 419 55 1464 805 243 562 659 584 207 170 75 429 537 76 94 223 133 47 41
internal_count=2165 701 494 474 419 55 1464 805 243 562 659 584 207 170 75 429 537 76 94 223 133 47 41
is_linear=0
shrinkage=0.03


Tree=112
num_leaves=16
num_cat=0
split_feature=11 17 11 14 24 34 32 23 34 23 30 20 13 28 29
split_gain=0.125162 0.134379 0.116483 0.194949 0.131593 0.0928206 0.0949499 0.0477238 0.0412269 0.0269779 0.0265375 0.0260124 0.033248 0.0148311 0.010694
threshold=0.87032415224060655 -0.0091065983161309483 1.2110400553554925 0.065268148273752422 15.950000000000001 -0.044003053201164245 0.00048607639245835005 3223.0000000000005 0.065071181554145721 1722.0000000000002 -3.8640197514582744e-06 2.7350000000000008 0.96628952774538013 0.0091868875615481026 0.078124408945244569
decision_type=2 2 2 2 2 2 2 2 2 2 2 2 2 2 2
left_child=5 8 3 4 -3 13 7 10 11 -4 -7 12 -2 -1 -11
right_child=1 2 9 -5 -6 6 -8 -9 -10 14 -12 -13 -14 -15 -16
leaf_value=-0.00075926575781260094 -0.00034101070991919671 0.00020238197095238464 0 0.0023894709849581969 -0.0004547953512558776 0.00049328375712918515 0.0027320517274551093 -0.00030350672925726091 0.00037710330647846256 -0.0012192608065187658 0.0018326711577341481 -0.0017889591099561322 -0.0012042534857031862 0.00014192675574238158 -0.00021127593016717581
leaf_weight=24 128 1235 25 30 348 46 27 26 23 79 27 25 71 30 21
leaf_count=24 128 1235 25 30 348 46 27 26 23 79 27 25 71 30 21
internal_value=1.03392e-05 -5.73837e-05 3.44598e-05 0.000105055 5.54324e-05 0.000762264 0.00120396 0.000689699 -0.000708293 -0.00083417 0.00108093 -0.000836467 -0.000677164 -0.000224853 -0.00104903
internal_weight=2165 1985 1738 1613 1583 180 126 99 247 125 73 224 199 54 100
internal_count=2165 1985 1738 1613 1583 180 126 99 247 125 73 224 199 54 100
is_linear=0
shrinkage=0.03


Tree=113
num_leaves=27
num_cat=0
split_feature=26 19 33 30 9 26 19 29 15 23 26 16 16 33 32 34 17 14 17 32 33 30 13 28 23 26
split_gain=0.187334 0.172162 0.198696 0.197525 0.13173 0.101839 0.0808218 0.0785903 0.0631707 0.0706029 0.114461 0.0826401 0.0589665 0.0556653 0.0450785 0.0423152 0.0380208 0.0338153 0.0317992 0.0442997 0.052058 0.0252257 0.0244992 0.023106 0.0221703 0.0138421
threshold=616.00000000000011 94.380001068115249 0.0085268952748662006 -0.0071829076300908489 0.96285109504770372 486.00000000000006 95.764999389648452 0.00018210404755655002 0.040977023390151253 2899.5000000000005 671.50000000000011 46.491395094458191 56.770241390415514 -0.0039830124226974987 1.4116806681730827e-05 -0.12222681370647313 -0.0060152445538182 0.023073743205918502 -0.00036859782828674992 2.0101731542987528e-06 -1.8081386122153882e-05 -5.2724895715846709e-07 0.96417421529760683 5.6606436886351301e-05 2295.5000000000005 759.00000000000011
decision_type=2 2 2 2 2 2 2 2 2 2 2 2 2 2 2 2 2 2 2 2 2 2 2 2 2 2
left_child=1 2 5 6 13 7 17 -1 9 10 -2 -12 -6 -5 21 -7 -8 -3 19 20 -10 -11 -16 -21 -20 -26
right_child=8 3 -4 4 12 15 16 -9 18 14 11 -13 -14 -15 22 -17 -18 -19 24 23 -22 -23 -24 -25 25 -27
leaf_value=-0.001411738163884729 0.0020784504751861091 0.0018342584442347285 0.0021759875437075437 0.0043465084496723564 0.0014019729714421045 0 -0.00082279246847200818 0.00021908822337762736 -0.001904325199238956 9.5016880935333944e-05 0.00035650259566827813 -0.00027567804883643686 -0.00024968140062106689 0.0014577640109877707 -0.00012562166733722039 -0.0016086162097625812 0.0002088909752201289 0.00037796695984434336 -0.0019701750984658364 0.00097176110534928737 -3.860449824132956e-05 -0.00043269074119406896 -0.0010165818850888172 -0.00013098200649042929 -2.1086652601661619e-05 -0.00096376452081265937
leaf_weight=27 22 27 30 20 88 21 52 227 22 159 340 403 20 20 48 56 68 45 20 23 37 149 117 38 27 59
leaf_count=27 22 27 30 20 88 21 52 227 22 159 340 403 20 20 48 56 68 45 20 23 37 149 117 38 27 59
internal_value=1.0042e-05 0.000413614 -3.54359e-05 0.000895286 0.00171083 -0.000262594 0.000234604 1.96037e-05 -0.000181604 -9.38408e-05 8.11411e-05 9.85939e-06 0.0010706 0.00317438 -0.000381876 -0.00119681 -0.000222946 0.0010156 -0.000641733 -0.00026225 -0.000841166 -0.000152335 -0.000782122 0.000263993 -0.00102477 -0.000712202
internal_weight=2165 701 361 340 148 331 192 254 1464 1238 765 743 108 40 473 77 120 72 226 120 59 308 165 61 106 86
internal_count=2165 701 361 340 148 331 192 254 1464 1238 765 743 108 40 473 77 120 72 226 120 59 308 165 61 106 86
is_linear=0
shrinkage=0.03


Tree=114
num_leaves=27
num_cat=0
split_feature=26 19 33 30 9 26 19 25 16 25 22 16 22 33 33 21 22 20 14 21 28 22 30 35 24 10
split_gain=0.177412 0.163141 0.188031 0.186604 0.125532 0.0960936 0.0766002 0.0765381 0.0602152 0.074648 0.0594885 0.0558436 0.0539338 0.052261 0.039857 0.0377841 0.0319954 0.0369673 0.0317639 0.0262917 0.0248041 0.0330289 0.0225888 0.0265807 0.00828921 0.00205924
threshold=616.00000000000011 94.380001068115249 0.0085268952748662006 -0.0071829076300908489 0.96285109504770372 486.00000000000006 95.615001678466811 1.6500000000000001 38.843813746918904 0.35000000000000003 294.93500000000006 56.770241390415514 243.75500000000002 -0.0039830124226974987 -0.13423129129502007 27.770000457763675 252.37150000000003 2.2750000000000004 0.023474915115572603 16.819999694824222 7.1885876896373387e-06 249.55300000000003 -0.00028152969886659993 6.9805352854857688e-07 18.150000000000002 0.89693375290413702
decision_type=2 2 2 2 2 2 2 2 2 2 2 2 2 2 2 2 2 2 2 2 2 2 2 2 2 2
left_child=1 2 5 6 13 7 18 -1 16 20 12 -6 -11 -5 -7 -8 17 19 -3 -2 -10 -22 25 -24 -19 -18
right_child=8 3 -4 4 11 14 15 -9 9 10 -12 -13 -14 -15 -16 -17 22 24 -20 -21 21 -23 23 -25 -26 -27
leaf_value=-0.00047288466033900388 -0.00048543256886241155 0.0018219812396913764 0.0021166424399072471 0.004233121226825144 0.0013613003359616294 -0.00016450318092988295 3.2698473855426913e-05 0.00055577419603731137 9.1293906749342557e-05 -0.000423248299852004 -0.0015361713283749009 -0.00024316797444961317 8.9027007699393748e-05 0.001419735384173691 -0.0016922667196579276 -0.0012826133956756244 -8.8746332810842423e-05 0.0011595787581725251 0.0003278896575077222 0.00060470639962098885 -0.0004056770384455116 -0.001088932438174795 -0.00048439806384925285 0.00076836295312999656 0.00023537407232484278 -0.00070262898152648678
leaf_weight=130 40 27 30 20 88 30 109 124 29 265 23 20 578 20 47 20 21 56 36 34 165 137 20 35 23 38
leaf_count=130 40 27 30 20 88 30 109 124 29 265 23 20 578 20 47 20 21 56 36 34 165 137 20 35 23 38
internal_value=9.79359e-06 0.000402567 -3.43491e-05 0.000871459 0.00166425 -0.000255546 0.000228765 1.82477e-05 -0.00017667 -0.000268608 -0.000116969 0.00103861 -6.93923e-05 0.00309339 -0.00116302 -0.000173014 0.000222794 0.000506637 0.00106738 0 -0.000651745 -0.000733129 -0.000135736 0.000259597 0.000945547 -0.000547382
internal_weight=2165 701 361 340 148 331 192 254 1464 1197 866 108 843 40 77 129 267 153 63 74 331 302 114 55 79 59
internal_count=2165 701 361 340 148 331 192 254 1464 1197 866 108 843 40 77 129 267 153 63 74 331 302 114 55 79 59
is_linear=0
shrinkage=0.03


Tree=115
num_leaves=24
num_cat=0
split_feature=26 11 15 34 26 26 16 28 26 26 19 29 14 11 25 12 32 26 12 2 4 19 25
split_gain=0.167811 0.166174 0.135264 0.105428 0.128757 0.0674145 0.058526 0.0502471 0.134458 0.0668956 0.0474617 0.0468406 0.0689089 0.0445606 0.0442106 0.0440581 0.0382019 0.0323476 0.0273769 0.0206524 0.0144597 0.0103422 0.00138205
threshold=616.00000000000011 1.1104194335879709 0.057534365942791106 0.0051555408284831008 298.00000000000006 472.50000000000006 46.206331677174781 8.1094604255659594e-06 671.50000000000011 891.00000000000011 89.524997711181655 3.9725714752155359e-06 0.051873079883166008 1.2449288749991798 10.15 1.0242083123173611 6.950403398328803e-05 1886.0000000000002 1.057173258584075 -0.021773650587306199 -0.0043642950215035487 96.354999542236342 0.45000000000000007
decision_type=2 2 2 2 2 2 2 2 2 2 2 2 2 2 2 2 2 2 2 2 2 2 2
left_child=1 2 3 4 -1 -5 11 8 -8 16 -11 14 17 15 22 20 -9 -13 -17 -10 -3 -14 -2
right_child=6 13 -4 5 -6 -7 7 9 19 10 -12 12 21 -15 -16 18 -18 -19 -20 -21 -22 -23 -24
leaf_value=0.00173860502779384 0.00019576198112918064 0 0.0029788514055797584 0.0030705007370561361 0.00017643615704411223 0.00072872239713733258 0.0022021756632172539 -0.0014566424521834178 0.00044604482014170464 -0.00089200625903677281 -6.1035416720316255e-05 0.00011990251848736789 -0.00036641305215423926 -0.001215627575595863 0.001480036014892362 0.00070210523185602642 -0.00051387160271539663 -0.00067037907667348486 -0.00019041823502629997 -0.00033051528987483695 -0.0010489501036437493 -0.0015669696810655294 -0.00011870682921068255
leaf_weight=53 21 20 20 21 366 34 20 83 31 79 294 489 22 37 34 58 106 48 53 192 39 25 20
leaf_count=53 21 20 20 21 366 34 20 83 31 79 294 489 22 37 34 58 106 48 53 192 39 25 20
internal_value=9.73835e-06 0.00039177 0.000691419 0.000570485 0.000392101 0.00178715 -0.00017157 -0.000343057 5.54912e-06 -0.000498328 -0.000250723 3.39828e-05 -5.32074e-05 -0.000308709 0.0007273 -7.63219e-05 -0.000959809 4.03754e-05 0.000255833 -0.000204801 -0.000731753 -0.00112071 0
internal_weight=2165 701 494 474 419 55 1464 805 243 562 373 659 584 207 75 170 189 537 111 223 59 47 41
internal_count=2165 701 494 474 419 55 1464 805 243 562 373 659 584 207 75 170 189 537 111 223 59 47 41
is_linear=0
shrinkage=0.03


Tree=116
num_leaves=27
num_cat=0
split_feature=26 11 17 11 31 9 8 26 25 22 20 29 9 11 15 14 20 11 17 13 2 17 28 18 15 16
split_gain=0.159635 0.146133 0.0975113 0.149925 0.0799219 0.0755119 0.0648835 0.0627287 0.087842 0.0637513 0.0550479 0.0533137 0.051706 0.102338 0.0492841 0.0386468 0.0240725 0.022763 0.0205111 0.017466 0.0143634 0.013788 0.0114279 0.0103881 0.0102012 0.00215767
threshold=759.00000000000011 0.92122986456191702 -0.0091065983161309483 1.153786019837465 0.015278257944637301 0.88770699062942315 1.0668137089404608 891.00000000000011 8.0500000000000025 236.23700000000005 2.9350000000000005 0.0042001684442759509 0.97642776308221935 0.85363504161653847 0.020509517935028903 0.025002641266011903 2.3950000000000005 0.93632178565528534 1.0000000180025095e-35 0.96696008321125981 0.020874616540256203 0.0034767850475480506 0.0035855979998107002 0.91226133167939671 0.041938772434706902 41.313596928801104
decision_type=2 2 2 2 2 2 2 2 2 2 2 2 2 2 2 2 2 2 2 2 2 2 2 2 2 2
left_child=1 5 19 4 -4 -1 -5 15 9 21 14 -11 13 -7 -10 16 18 25 -2 23 -19 -9 -21 -3 -14 -17
right_child=7 2 3 6 -6 12 -8 8 10 11 -12 -13 24 -15 -16 17 -18 20 -20 22 -22 -23 -24 -25 -26 -27
leaf_value=-0.0004367028807148175 -0.00011406114650745915 -0.00055803698744857683 0.00066881633031472124 -0.00016495349372728794 -0.00077535776754181522 0.0031486348639475177 -0.0017176482757553456 0.00077762379896834306 -3.8104950621103245e-05 -0.00020774684457586589 0.001729724209285341 -0.00091014921896210937 0.00082878742436127322 0.00089642935722367828 0.00087369646802735947 -0.000488420111916235 0.00053674358437554189 -0.0014952675438118924 -0.00077592560951597991 -0.00042374440731311383 -0.00033290133822709323 0 -0.0015484097711367731 0.00012120918764717757 0 0
leaf_weight=20 118 37 446 165 33 32 27 47 177 368 22 140 28 57 70 24 23 65 78 30 22 39 25 28 22 22
leaf_count=20 118 37 446 165 33 32 27 47 177 368 22 140 28 57 70 24 23 65 78 30 22 39 25 28 22 22
internal_value=9.56949e-06 0.000301702 0.000128767 0.000273211 0.000558891 0.00112519 -0.000421752 -0.000216564 -7.41693e-05 -0.000280393 0.00036825 -0.0004114 0.00137553 0.00181509 0.000215684 -0.000553646 -0.000282415 -0.000962121 -0.000400258 -0.000641488 -0.00125556 0.000447537 -0.00104033 -0.000228882 0.000478055 -0.000303014
internal_weight=2165 950 791 671 479 159 192 1215 863 594 269 508 139 89 247 352 219 133 196 120 87 86 55 65 50 46
internal_count=2165 950 791 671 479 159 192 1215 863 594 269 508 139 89 247 352 219 133 196 120 87 86 55 65 50 46
is_linear=0
shrinkage=0.03


Tree=117
num_leaves=23
num_cat=0
split_feature=26 11 11 17 24 22 11 22 30 28 30 21 24 34 26 22 28 16 18 7 21 3
split_gain=0.151717 0.19648 0.0794899 0.103305 0.113796 0.0595931 0.0577048 0.0980024 0.0556018 0.0568056 0.0516775 0.0726307 0.0411558 0.0374514 0.027686 0.0276115 0.0241644 0.0214699 0.0148522 0.0107018 0.00895626 0.00156881
threshold=728.50000000000011 0.95347012308761292 1.2449288749991798 -0.0088671556419717482 12.250000000000002 252.37150000000003 0.99866427367698074 251.11600000000001 0.016777069843332802 0.00043862789623630005 -0.0071829076300908489 25.569999694824222 21.750000000000004 -0.012747366352088849 1825.5000000000002 259.18850000000003 0.00027644497269165008 36.80927611394366 1.1521868762108041 0.022963505312959754 16.875000000000004 -0.004803463710810349
decision_type=2 2 2 2 2 2 2 2 2 2 2 2 2 2 2 2 2 2 2 2 2 2
left_child=1 10 3 16 -5 6 7 13 9 15 -1 12 -12 -2 19 -7 -3 -11 -4 -8 -10 -22
right_child=5 2 18 4 -6 8 14 -9 20 17 11 -13 -14 -15 -16 -17 -18 -19 -20 -21 21 -23
leaf_value=0.00012406247362793823 0.00039748071895833007 8.0546038371976465e-05 -0.00027718328024881582 0.0006537100743829855 -0.00028192085284470649 0.00014298616934878131 1.4205802636139678e-05 0.0017855456016071499 0.00054599598368319368 -7.4482233496382815e-05 0.0012944145729284614 0.002805018553859554 -1.9995712693780654e-05 -0.00014595038209213478 -0.00097011576403446234 -0.00063480458697803041 -0.00091827588646534685 -0.001103084406664576 -0.0013548771336342074 -0.00035068151445558305 -0.00024467780492167272 4.0582160368406521e-05
leaf_weight=39 171 22 33 366 164 87 95 28 33 28 90 29 22 322 55 67 78 173 32 178 20 33
leaf_count=39 171 22 33 366 164 87 95 28 33 28 90 29 22 322 55 67 78 173 32 178 20 33
internal_value=8.96022e-06 0.000314606 7.93299e-05 0.000187633 0.000358608 -0.000196286 -4.49157e-05 0.000147099 -0.000478672 -0.000645306 0.00119045 0.00145584 0.00101635 3.77576e-05 -0.000357547 -0.000181959 -0.000673463 -0.000977705 -0.000888225 -0.000214062 0.000174036 -2.08327e-05
internal_weight=2165 875 695 630 530 1290 849 521 441 355 180 141 112 493 328 154 100 201 65 273 86 53
internal_count=2165 875 695 630 530 1290 849 521 441 355 180 141 112 493 328 154 100 201 65 273 86 53
is_linear=0
shrinkage=0.03


Tree=118
num_leaves=25
num_cat=0
split_feature=26 11 23 26 25 14 23 22 11 22 31 28 11 23 7 19 35 19 22 29 11 34 26 29
split_gain=0.142841 0.185926 0.100566 0.129827 0.175314 0.110997 0.0813983 0.0561567 0.0544584 0.0927662 0.0525823 0.049968 0.0496918 0.0481218 0.0463153 0.0362697 0.0335452 0.0214331 0.0152685 0.0146535 0.013094 0.00853287 0.000419168 0.000312395
threshold=728.50000000000011 0.95347012308761292 1543.0000000000002 486.00000000000006 1.3500000000000003 0.064048490176251763 3610.5000000000005 252.37150000000003 0.99866427367698074 251.11600000000001 0.026886608084672952 0.00033261206124725009 1.2176121259437258 2430.5000000000005 0.061228810079667302 89.524997711181655 1.6484516230561638e-05 92.524997711181655 260.61500000000007 0.0031060449617630005 0.78963338206406242 0.068130139311583002 1923.5000000000002 0.0008534380192675501
decision_type=2 2 2 2 2 2 2 2 2 2 2 2 2 2 2 2 2 2 2 2 2 2 2 2
left_child=1 6 12 4 -4 -5 14 8 9 13 11 16 -3 -2 19 22 -9 -17 -8 -1 -13 -12 -10 -23
right_child=7 2 3 5 -6 -7 18 10 15 -11 21 20 -14 -15 -16 17 -18 -19 -20 -21 -22 23 -24 -25
leaf_value=0.0016593014147698081 0.00040759915600607869 0.0024530117589494456 -0.00071389386285480925 -0.0007034261525971278 0.00075078672234319603 0.0010988794106387477 0.000577540305278757 -0.00052376676134057495 -0.0012619105265749726 0.001737163062673062 0.00064278889640367453 -1.7943623723112971e-05 0.00018790495938257029 -0.00019402923729800329 0.0027121823767140025 0.00042350506720166385 0.00038567999674607131 -0.00029480786603815976 -0.00034936681183494838 0.00068545667940109471 -0.00096796378412722492 7.0571708318311704e-05 -0.00055103743915845243 -7.1069268138671755e-05
leaf_weight=39 193 20 96 257 271 31 31 86 31 28 25 21 20 300 28 39 56 226 24 58 203 21 32 29
leaf_count=39 193 20 96 257 271 31 31 86 31 28 25 21 20 300 28 39 56 226 24 58 203 21 32 29
internal_value=8.67101e-06 0.000305281 7.62926e-05 -1.13812e-05 0.000356865 -0.00048979 0.00115729 -0.000190439 -4.33855e-05 0.000143036 -0.00046458 -0.00061434 0.00148235 3.64891e-05 0.00157485 -0.000347175 -0.000143863 -0.000174342 0.000124198 0.00114504 -0.000893529 0.000223302 -0.000987746 0
internal_weight=2165 875 695 655 367 288 180 1290 849 521 441 366 40 493 125 328 142 265 55 97 224 75 63 50
internal_count=2165 875 695 655 367 288 180 1290 849 521 441 366 40 493 125 328 142 265 55 97 224 75 63 50
is_linear=0
shrinkage=0.03


Tree=119
num_leaves=23
num_cat=0
split_feature=26 11 19 23 26 23 16 11 29 29 31 7 16 15 19 3 26 26 29 19 21 14
split_gain=0.13516 0.175903 0.0989546 0.105982 0.085113 0.0770904 0.0610151 0.0521735 0.0502256 0.0803772 0.044923 0.0435917 0.042269 0.0317385 0.0252374 0.0225068 0.0173301 0.0166778 0.0136694 0.0130203 0.00271258 0.000357585
threshold=728.50000000000011 0.95347012308761292 90.125000000000014 1543.0000000000002 486.00000000000006 3610.5000000000005 64.662870723891032 1.0050618843742052 2.2304999796192837e-06 6.1687477475844119e-07 0.021336670270878204 0.061228810079667302 28.759090398615879 0.029767202957386902 89.224998474121108 0.030784130784346005 953.00000000000011 891.00000000000011 0.0031060449617630005 97.74499893188478 21.775000572204593 0.012611553849685701
decision_type=2 2 2 2 2 2 2 2 2 2 2 2 2 2 2 2 2 2 2 2 2 2
left_child=1 5 -3 6 -5 11 -4 8 9 -2 12 18 -10 14 -9 20 -12 -16 -1 -7 -15 -11
right_child=7 2 3 4 -6 19 -8 13 10 21 16 -13 -14 15 17 -17 -18 -19 -20 -21 -22 -23
leaf_value=0.0016130780281923111 -0.0004184406706011824 0.0018906272334772017 0.0025079573779164446 0.00021854720215347168 -0.00047466474741540688 -0.00017834334632356626 6.4065890791623479e-05 -0.0010172860952571215 0.00081022608513012532 0.0019615169514537504 5.6550969000550378e-05 0.0026386909787843543 -0.00025792822081350966 -0.00084076110213489015 -0.0004900266116864997 0 0.00093616658611612948 -2.9496800502784017e-06 0.00066590431040213969 0.00068819175194948911 -0.0017503021935117429 0.00080007892053412361
leaf_weight=39 28 23 20 344 288 34 20 38 31 20 54 28 674 49 103 23 40 189 58 21 21 20
leaf_count=39 28 23 20 344 288 34 20 38 31 20 54 28 674 49 103 23 40 189 58 21 21 20
internal_value=8.83195e-06 0.00029739 7.45291e-05 0 -9.33725e-05 0.00112616 0.0014455 -0.000184811 -4.71794e-05 0.000711902 -0.000117944 0.00153257 -0.000203488 -0.000457545 -0.000300955 -0.000955171 0.00047916 -0.000188167 0.00111369 0.000119274 -0.00121544 0.0015469
internal_weight=2165 875 695 672 632 180 40 1290 867 68 799 125 705 423 330 93 94 292 97 55 70 40
internal_count=2165 875 695 672 632 180 40 1290 867 68 799 125 705 423 330 93 94 292 97 55 70 40
is_linear=0
shrinkage=0.03


Tree=120
num_leaves=24
num_cat=0
split_feature=26 11 15 34 26 26 15 26 29 30 26 26 11 11 12 8 14 9 14 26 25 21 18
split_gain=0.128316 0.144199 0.127278 0.090856 0.114101 0.070935 0.0504107 0.0485953 0.0596333 0.0738282 0.056617 0.0602176 0.0386769 0.0382501 0.0406593 0.0347518 0.0295044 0.0159526 0.0148217 0.0596539 0.00861512 0.00698413 0.00610644
threshold=616.00000000000011 1.1104194335879709 0.057534365942791106 0.0053496304515012012 298.00000000000006 472.50000000000006 0.040977023390151253 756.50000000000011 0.0020931934060701503 -0.00011182762746104998 891.00000000000011 1825.5000000000002 0.84519872829218545 1.2449288749991798 1.0242083123173611 1.0321818486531165 0.025002641266011903 0.99413528539906404 0.045236433656970602 720.50000000000011 6.4500000000000011 25.050000190734867 1.0713672233186358
decision_type=2 2 2 2 2 2 2 2 2 2 2 2 2 2 2 2 2 2 2 2 2 2 2
left_child=1 2 3 4 -1 -5 7 8 9 -2 16 -12 22 14 20 -16 -9 -10 21 -20 -3 -14 -8
right_child=6 13 -4 5 -6 -7 12 10 17 -11 11 -13 18 -15 15 -17 -18 -19 19 -21 -22 -23 -24
leaf_value=0.0016082942191346123 0.0021036353788222184 -0.0012303382863756269 0.0028384142408714344 0.0029857101626694204 0.00013866292332217247 0.00059893885811136379 -6.5643444105291789e-05 -0.00023878010940396745 6.3719267672942274e-05 0.00020411797117538238 0.00013686870378754878 -0.00050999928844044559 -0.00063690165944773561 -0.0011510571694132521 0.00077545088547256963 -0.00023861183716961351 -0.00087097638868114074 -0.00088482196105178442 0.00044194231124241082 -0.00095609535000942369 -0.00029578971778462847 -0.0016218765222076926 0.00052469939435832204
leaf_weight=53 29 21 20 20 367 34 28 216 32 55 613 161 36 37 53 58 111 21 36 78 38 28 20
leaf_count=53 29 21 20 20 367 34 28 216 32 55 613 161 36 37 53 58 111 21 36 78 38 28 20
internal_value=9.04153e-06 0.000343263 0.000622707 0.000505664 0.0003413 0.00164618 -0.000149322 -7.07198e-05 0.000451069 0.000944312 -0.000139414 0 -0.000560228 -0.000308704 -9.12461e-05 0.000226929 -0.000468437 -0.000285813 -0.000764228 -0.000488957 -0.00072025 -0.00116593 0.000137905
internal_weight=2165 701 494 474 420 54 1464 1238 137 84 1101 774 226 207 170 111 327 53 178 114 59 64 48
internal_count=2165 701 494 474 420 54 1464 1238 137 84 1101 774 226 207 170 111 327 53 178 114 59 64 48
is_linear=0
shrinkage=0.03


Tree=121
num_leaves=24
num_cat=0
split_feature=26 11 19 23 26 23 16 12 22 11 22 30 35 23 19 35 16 29 19 12 34 3 26
split_gain=0.121737 0.163911 0.0897862 0.0976786 0.0779067 0.0733114 0.05673 0.0562586 0.0504131 0.0497319 0.0823738 0.0469363 0.0468833 0.0440808 0.031776 0.0312524 0.0249688 0.021976 0.0197256 0.0154743 0.0078017 0.000964851 0.000816884
threshold=728.50000000000011 0.95347012308761292 90.125000000000014 1543.0000000000002 486.00000000000006 3557.5000000000005 64.662870723891032 0.9451518895475951 252.37150000000003 0.99866427367698074 251.11600000000001 0.016777069843332802 0.00018770523895375002 2430.5000000000005 89.524997711181655 6.9805352854857688e-07 36.80927611394366 0.0033212143855632504 92.524997711181655 0.95304761185932396 0.068130139311583002 -0.005320753686295949 1923.5000000000002
decision_type=2 2 2 2 2 2 2 2 2 2 2 2 2 2 2 2 2 2 2 2 2 2 2
left_child=1 5 -3 6 -5 7 -4 -1 9 10 13 12 15 -2 22 -10 -14 -9 -16 -7 -13 -22 -11
right_child=8 2 3 4 -6 19 -8 17 11 14 -12 20 16 -15 18 -17 -18 -19 -20 -21 21 -23 -24
leaf_value=0.0028871012895654597 0.00039700871369800273 0.0017973522985389886 0.002408402596681338 0.00020505279526503633 -0.00045795120095795731 -0.00018760873900859482 4.9326689427961458e-05 0.0016019300205997473 -0.0008114318552684994 -0.0011960526437443844 0.001645458009739917 0.00052546621679143489 -9.5118820120114825e-05 -0.00017843991921497694 0.00040939919794410736 -3.8044659198700932e-05 -0.0012621509436384908 0.00050441060705508367 -0.00027923349097094553 0.00065926303066468487 -0.00019125819046293262 2.7678196581913838e-05 -0.0004989148989851985
leaf_weight=23 193 23 20 344 288 32 20 43 71 31 28 31 27 300 39 155 102 49 226 33 20 35 32
leaf_count=23 193 23 20 344 288 32 20 43 71 31 28 31 27 300 39 155 102 49 226 33 20 35 32
internal_value=8.88318e-06 0.0002828 6.75479e-05 0 -9.30874e-05 0.00108279 0.00138437 0.00153375 -0.000174818 -3.53543e-05 0.000142663 -0.000434499 -0.000587811 4.18274e-05 -0.000325914 -0.000301559 -0.00104833 0.00108335 -0.000163245 0.000208341 0.000163131 -5.98564e-06 -0.000926179
internal_weight=2165 875 695 672 632 180 40 115 1290 849 521 441 355 493 328 226 129 92 265 65 86 55 63
internal_count=2165 875 695 672 632 180 40 115 1290 849 521 441 355 493 328 226 129 92 265 65 86 55 63
is_linear=0
shrinkage=0.03


Tree=122
num_leaves=17
num_cat=0
split_feature=11 17 11 14 24 34 32 23 8 23 34 18 28 34 23 28
split_gain=0.0926798 0.113993 0.0905346 0.144554 0.0940104 0.0648254 0.0711856 0.0432398 0.0390854 0.0408809 0.0352278 0.0293748 0.0190962 0.0231437 0.0133615 0.0127095
threshold=0.87032415224060655 -0.0091065983161309483 1.153786019837465 0.065268148273752422 15.950000000000001 -0.044003053201164245 0.00048607639245835005 3223.0000000000005 1.0668137089404608 1722.0000000000002 0.065071181554145721 1.0601460618979692 0.008163017872992501 -0.00057195494421644988 3404.5000000000005 0.0091868875615481026
decision_type=2 2 2 2 2 2 2 2 2 2 2 2 2 2 2 2
left_child=5 10 3 4 -3 15 7 11 9 -4 12 -7 13 -2 -14 -1
right_child=1 2 8 -5 -6 6 -8 -9 -10 -11 -12 -13 14 -15 -16 -17
leaf_value=-0.00066459496127855449 -0.00015573332757659017 0.000212337432410976 0.0006227782242508097 0.0023034817348428381 -0.00035802419484979599 0.00024217671435468311 0.0023515591754461637 -0.000365702229776773 -0.0014408756636160734 -0.00050029138583922758 0.00034872296679979906 0.001563521042588706 -0.0013679438433121984 -0.0010107213260847716 -0.00022538676890342129 0.0001739754229149019
leaf_weight=24 90 1143 30 24 331 38 27 26 33 177 23 35 65 49 20 30
leaf_count=24 90 1143 30 24 331 38 27 26 33 177 23 35 65 49 20 30
internal_value=8.98705e-06 -4.90934e-05 3.53707e-05 0.000123886 8.17594e-05 0.000656184 0.00102546 0.00057586 -0.000499474 -0.00031667 -0.000648712 0.000951882 -0.000767598 -0.000493244 -0.00115005 -0.000161454
internal_weight=2165 1985 1738 1498 1474 180 126 99 240 207 247 73 224 139 85 54
internal_count=2165 1985 1738 1498 1474 180 126 99 240 207 247 73 224 139 85 54
is_linear=0
shrinkage=0.03


Tree=123
num_leaves=27
num_cat=0
split_feature=26 11 23 31 31 8 26 25 22 22 29 17 23 23 14 13 26 26 30 26 30 11 8 24 18 16
split_gain=0.116751 0.117072 0.0845073 0.101693 0.162429 0.0563308 0.0471795 0.0693199 0.0533032 0.0455603 0.0424966 0.0332069 0.0320431 0.0318037 0.030109 0.0265155 0.0249603 0.0420258 0.0242055 0.0235359 0.0248727 0.0194836 0.0151794 0.0119498 0.00852103 0.0022249
threshold=759.00000000000011 1.153786019837465 3365.5000000000005 0.015278257944637301 0.0091967990995658524 1.0668137089404608 891.00000000000011 8.0500000000000025 236.23700000000005 237.48750000000004 0.0042001684442759509 0.009654113732282402 2348.5000000000005 1818.0000000000002 0.025002641266011903 1.1158816419632134 560.00000000000011 531.00000000000011 -0.0050711315073677489 880.50000000000011 -1.4584467093602393e-05 0.93632178565528534 1.0183129563640703 23.650000000000002 0.91226133167939671 41.313596928801104
decision_type=2 2 2 2 2 2 2 2 2 2 2 2 2 2 2 2 2 2 2 2 2 2 2 2 2 2
left_child=1 2 3 4 -1 11 14 8 23 24 -10 13 -11 -3 19 -13 17 -4 -18 20 -2 25 -23 -8 -9 -16
right_child=6 5 16 -5 -6 -7 7 9 10 12 -12 15 -14 -15 21 -17 18 -19 -20 -21 -22 22 -24 -25 -26 -27
leaf_value=0.00060670863168521614 6.7166425168509774e-05 0.00043316402053576893 0 -0.00096978146060428103 0.0030493047477470501 -0.0015906538926996289 0.00069401846315754055 -0.00084080545923027861 -0.00018137822034244733 0.0010547420135232338 -0.00081008090624924407 0.0011496586780250072 0.00024054404571003169 -0.00072842170064629232 -0.00041241145783149278 -3.930252767735864e-05 0.00079466106439707795 -0.0011206001439539248 -9.7942855897332153e-05 -0.00094709437503479412 -0.00079775212825431178 -0.0014307791573589604 -0.00039186642805912666 0 0 0
leaf_weight=466 153 22 102 29 24 27 52 23 368 69 140 22 153 88 24 38 47 37 48 33 33 55 32 34 24 22
leaf_count=466 153 22 102 29 24 27 52 23 368 69 140 22 153 88 24 38 47 37 48 33 33 55 32 34 24 22
internal_value=8.7062e-06 0.000258723 0.0004307 0.00064338 0.000750259 -0.000380234 -0.000184473 -6.04914e-05 -0.000244069 0.000332071 -0.000364252 -0.0001464 0.000517628 -0.000464224 -0.000476907 0.000383017 -3.05277e-05 -0.000295585 0.000323857 -0.00023575 -8.06408e-05 -0.000837982 -0.00110778 0.000420494 -0.000462858 -0.0002299
internal_weight=2165 950 753 519 490 197 1215 863 594 269 508 170 222 110 352 60 234 139 95 219 186 133 87 86 47 46
internal_count=2165 950 753 519 490 197 1215 863 594 269 508 170 222 110 352 60 234 139 95 219 186 133 87 86 47 46
is_linear=0
shrinkage=0.03


Tree=124
num_leaves=22
num_cat=0
split_feature=26 11 23 26 24 14 23 7 16 11 23 14 20 11 29 22 19 12 24 26 21
split_gain=0.110808 0.149635 0.0821984 0.102114 0.147126 0.0960966 0.0651837 0.0583315 0.0533373 0.0451103 0.0441411 0.0493144 0.0642724 0.0374802 0.0218911 0.0252122 0.0192228 0.0144098 0.0140879 0.0137128 0.00927115
threshold=728.50000000000011 0.95347012308761292 1543.0000000000002 486.00000000000006 7.4500000000000011 0.064048490176251763 3557.5000000000005 0.061228810079667302 64.662870723891032 1.0050618843742052 1257.0000000000002 0.032148383626923661 2.9050000000000007 0.88071245463379844 1.6488517796873682e-05 257.51700000000005 89.524997711181655 0.95304761185932396 21.250000000000004 934.50000000000011 12.484999656677248
decision_type=2 2 2 2 2 2 2 2 2 2 2 2 2 2 2 2 2 2 2 2 2
left_child=1 6 8 4 -4 -5 7 18 -3 10 -2 12 -12 -13 19 16 -16 -8 -1 -11 -21
right_child=9 2 3 5 -6 -7 17 -9 -10 14 11 13 -14 -15 15 -17 -18 -19 -20 20 -22
leaf_value=0.0012208875845416052 -0.0010987050472279351 0.002327758472878486 0.00072927990682544633 -0.00063935657499185675 -0.00053308871398550129 0.001036228651583181 -0.00017426140807302935 0.0028231827727733896 3.7977860997552449e-05 -0.00049678250939407583 6.5526165225536292e-05 1.6675803632918562e-05 0.0015990603006010551 -0.00077575497130385118 -0.00095950628305619908 -0.0014129734576469467 -0.00029361777107696978 0.00064058799886455137 0.0001485361588723026 0.00054861044657190103 -6.9905753278075471e-05
leaf_weight=70 31 20 248 257 119 31 32 23 20 35 615 90 23 108 54 28 237 33 22 34 35
leaf_count=70 31 20 248 257 119 31 32 23 20 35 615 90 23 108 54 28 237 33 22 34 35
internal_value=8.11132e-06 0.000269506 6.36439e-05 -1.51801e-05 0.000310844 -0.000439866 0.0010339 0.00145967 0.00133516 -0.000167085 -3.89002e-05 6.11187e-07 0.000132716 -0.000405761 -0.000420652 -0.000543361 -0.000435919 0.000205324 0.00100882 -1.15474e-05 0.000203363
internal_weight=2165 875 695 655 367 288 180 115 40 1290 867 836 638 198 423 319 291 65 92 104 69
internal_count=2165 875 695 655 367 288 180 115 40 1290 867 836 638 198 423 319 291 65 92 104 69
is_linear=0
shrinkage=0.03


Tree=125
num_leaves=15
num_cat=0
split_feature=11 22 22 11 14 22 33 32 23 14 18 28 11 28
split_gain=0.0835466 0.0785238 0.0671337 0.0740379 0.0940744 0.0641915 0.053352 0.0562904 0.0403554 0.0354609 0.0310991 0.0123048 0.0108792 0.00987354
threshold=0.87032415224060655 294.93500000000006 238.05700000000004 1.2449288749991798 0.068876941471862713 236.23700000000005 -0.022723903716796647 0.00048607639245835005 3223.0000000000005 0.020641578970644954 1.0601460618979692 0.0091868875615481026 1.315028554536241 0.0069848121098975502
decision_type=2 2 2 2 2 2 2 2 2 2 2 2 2 2
left_child=6 2 5 4 -4 13 11 8 10 -7 -8 -1 -5 -2
right_child=1 -3 3 12 -6 9 7 -9 -10 -11 -12 -13 -14 -15
leaf_value=-0.00061687843356496449 0.00065955060649224939 -0.0017194745511934159 7.2860526227486205e-05 -0.00044560842354050172 0.001572412779008468 -0.00018535097205418753 0.0002029101003688993 0.0021267548375612784 -0.000356126279216902 -0.0008289547457625006 0.001585076310286032 0.00021051158964621359 -0.0013934566273043551 0
leaf_weight=23 48 22 1438 53 36 162 37 28 26 180 32 34 24 22
leaf_count=23 48 22 1438 53 36 162 37 28 26 180 32 34 24 22
internal_value=8.10628e-06 -4.69675e-05 -2.4102e-05 6.48254e-05 0.000114635 -0.000364153 0.000622655 0.000969808 0.000543535 -0.000537048 0.000924918 -8.74985e-05 -0.000819718 0.000426826
internal_weight=2165 1985 1963 1551 1474 412 180 123 95 342 69 57 77 70
internal_count=2165 1985 1963 1551 1474 412 180 123 95 342 69 57 77 70
is_linear=0
shrinkage=0.03


Tree=126
num_leaves=16
num_cat=0
split_feature=11 17 11 22 25 20 32 12 12 33 23 34 10 13 29
split_gain=0.0796566 0.0971444 0.0773862 0.118494 0.194781 0.0833434 0.0565449 0.0590623 0.0810672 0.0341801 0.0277528 0.035191 0.0180405 0.0131089 0.00946803
threshold=0.84519872829218545 -0.011104377112370998 1.153786019837465 264.27000000000004 8.5500000000000025 0.94500000000000006 0.0013364057799578003 0.95011865338718104 0.90667206126512878 0.040638605551135555 1543.0000000000002 -0.17615945146544895 0.88360901903274536 0.97269457256920544 0.10096450449872267
decision_type=2 2 2 2 2 2 2 2 2 2 2 2 2 2 2
left_child=6 9 3 5 -5 -3 7 8 -1 12 -4 -12 -2 -14 -8
right_child=1 2 10 4 -6 -7 14 -9 -10 -11 11 -13 13 -15 -16
leaf_value=0.0001582473296996044 -0.0016356166957079297 0.00073004318482708191 0.00033979845707935672 0.0014734919366122296 -0.00053154149582769602 -6.1218762067119731e-05 -0.00056926047088547973 0.00012421241631780408 0.0028089850251112251 0.00021446750904433428 0.00046081205550581214 -0.00070596112153378896 -0.00040537418006311374 -0.0011691934920543801 0.00023361918489144253
leaf_weight=20 25 129 28 127 61 1281 20 35 28 27 21 199 105 36 23
leaf_count=20 25 129 28 127 61 1281 20 35 28 27 21 199 105 36 23
internal_value=7.82399e-06 -3.64628e-05 2.93592e-05 0.000107618 0.000809085 1.04464e-05 0.000731933 0.00117952 0.00183761 -0.000672154 -0.000458211 -0.000576433 -0.000835362 -0.000641521 -8.73672e-05
internal_weight=2165 2039 1846 1598 188 1410 126 83 48 193 248 220 166 141 43
internal_count=2165 2039 1846 1598 188 1410 126 83 48 193 248 220 166 141 43
is_linear=0
shrinkage=0.03


Tree=127
num_leaves=24
num_cat=0
split_feature=26 11 15 23 11 23 8 16 22 16 23 30 28 19 22 22 32 23 5 16 21 28 3
split_gain=0.099747 0.135131 0.0770957 0.0789373 0.0821971 0.0741791 0.0556349 0.0486373 0.0414678 0.0447939 0.0560978 0.0410199 0.0402579 0.032112 0.026855 0.0259298 0.025623 0.0205835 0.0183724 0.0138037 0.0069756 0.00215762 0.00134778
threshold=728.50000000000011 0.92245580681535821 0.016927105385251804 1543.0000000000002 1.0667884307498003 3359.5000000000005 0.97638035932914435 64.662870723891032 252.37150000000003 46.491395094458191 3291.0000000000005 0.016777069843332802 0.00033261206124725009 89.524997711181655 237.88900000000004 259.18850000000003 3.5950952305796614e-06 2767.5000000000005 -0.018398377331983098 35.285673060846641 16.875000000000004 0.044923924949366707 -0.0034788212673059495
decision_type=2 2 2 2 2 2 2 2 2 2 2 2 2 2 2 2 2 2 2 2 2 2 2
left_child=1 5 -3 7 -5 6 -1 -4 9 10 16 12 15 21 -12 -10 -2 -15 -7 -14 -13 -11 -22
right_child=8 2 3 4 -6 18 -8 -9 11 13 14 20 19 17 -16 -17 -18 -19 -20 -21 22 -23 -24
leaf_value=0.0030816401288741163 0.00082392460315259966 0.0016017532999161629 0.0022412295952140672 0.00028643361839792477 -0.00036111558476715865 0.0010155891007930041 0.00082846142124993007 4.4227870829079456e-05 0.0002352819765062752 -0.0005058915237773602 -0.00071808640109042492 0.00049014172117070609 -3.4666918427683402e-05 4.6545232786362556e-05 0.00014530374649648537 -0.00054787785517317901 0.00018886767590645996 -0.00040018309529578469 0 -0.00089119338482758774 -0.00020831960537005215 -0.0011727870520618225 6.1435751041726149e-05
leaf_weight=24 100 27 20 353 345 22 28 20 75 54 67 33 27 243 50 67 173 138 36 186 22 24 31
leaf_count=24 100 27 20 353 345 22 28 20 75 54 67 33 27 243 50 67 173 138 36 186 22 24 31
internal_value=7.69162e-06 0.000255765 0.000107969 4.30063e-05 -2.95262e-05 0.00122691 0.0020343 0.00129222 -0.000158458 -3.16159e-05 0.000199847 -0.000394029 -0.00053764 -0.000234798 -0.000329708 -0.000117238 0.000438786 -0.000109312 0.000389417 -0.000798498 0.000163213 -0.000783964 -2.12812e-06
internal_weight=2165 875 765 738 698 110 52 40 1290 849 390 441 355 459 117 142 273 381 58 213 86 78 53
internal_count=2165 875 765 738 698 110 52 40 1290 849 390 441 355 459 117 142 273 381 58 213 86 78 53
is_linear=0
shrinkage=0.03


Tree=128
num_leaves=15
num_cat=0
split_feature=26 22 26 26 32 28 26 22 18 19 13 14 28 14
split_gain=0.096877 0.0844281 0.072744 0.166834 0.108444 0.0855985 0.138561 0.0751242 0.0435096 0.0292703 0.0239285 0.0160297 0.0227172 0.00293662
threshold=285.50000000000006 258.21400000000006 403.50000000000006 477.50000000000006 -0.0013874883136041499 0.00023943800911270004 616.00000000000011 252.37150000000003 0.67990708394775379 90.475002288818374 1.1113764408729832 0.044076461451960904 0.0058805249570997005 0.034511595384867304
decision_type=2 2 2 2 2 2 2 2 2 2 2 2 2 2
left_child=1 -1 9 4 -4 6 -5 -7 -6 -2 13 12 -11 -3
right_child=2 10 3 5 8 7 -8 -9 -10 11 -12 -13 -14 -15
leaf_value=0.0022999343802060546 0 0.00022746741257807505 0.0025299113119021058 0.0012302217308734782 0.0017204959674272686 -3.780770443479811e-05 0 -0.00057541215462641744 0.00028145928064011967 -0.0010994567004963753 -0.00036514669253180426 -0.0017495078960827622 0 0.00097164316653340524
leaf_weight=26 35 25 27 91 21 562 677 415 147 38 24 23 29 25
leaf_count=26 35 25 27 91 21 562 677 415 147 38 24 23 29 25
internal_value=7.86378e-06 0.000906934 -3.54766e-05 8.68693e-06 0.000835395 -8.32548e-05 0.000150913 -0.000270289 0.000505911 -0.000728471 0.000308002 -0.0010068 -0.000644931 0.000690096
internal_weight=2165 100 2065 1940 195 1745 768 977 168 125 74 90 67 50
internal_count=2165 100 2065 1940 195 1745 768 977 168 125 74 90 67 50
is_linear=0
shrinkage=0.03


Tree=129
num_leaves=16
num_cat=0
split_feature=26 22 26 26 11 26 33 28 18 35 13 35 28 35 28
split_gain=0.0918448 0.0797873 0.0690106 0.15801 0.0852962 0.100885 0.0741028 0.0688321 0.0392612 0.0264376 0.0227856 0.0219534 0.00754222 0.00500203 0.00268357
threshold=285.50000000000006 258.21400000000006 403.50000000000006 477.50000000000006 0.96724695991196918 728.50000000000011 0.0085268952748662006 0.00057610993756800012 0.67990708394775379 4.0242540431121878e-06 1.1113764408729832 -7.220516563665232e-05 0.0067312619371372511 -2.6326342534818206e-05 0.0011534709231230003
decision_type=2 2 2 2 2 2 2 2 2 2 2 2 2 2 2
left_child=1 -1 9 6 5 -5 8 -6 -4 11 14 -2 -11 -13 -3
right_child=2 10 3 4 7 -7 -8 -9 -10 12 -12 13 -14 -15 -16
leaf_value=0.0022380740727169501 -0.00096072675862207853 0.0010022064349032008 0.0016784198004752395 0.00091336900390784391 -1.2818003590978807e-05 0 0.0024274285598658023 -0.00050962239321152448 0.00034504257829620969 -0.001420220148876648 -0.00035540945269167424 0.00048263676284366973 -0.00038975289149209856 -6.2166002271696924e-05 0.00026946278203104158
leaf_weight=26 20 21 23 130 530 588 21 497 151 41 24 20 22 22 29
leaf_count=26 20 21 23 130 530 588 21 497 151 41 24 20 22 22 29
internal_value=7.90926e-06 0.000883338 -3.42537e-05 8.72215e-06 -8.07132e-05 0.000167207 0.000813302 -0.000256935 0.000563703 -0.000709248 0.000299736 -0.00019308 -0.0011399 0.000145478 0.000673128
internal_weight=2165 100 2065 1940 1745 718 195 1027 174 125 74 62 63 42 50
internal_count=2165 100 2065 1940 1745 718 195 1027 174 125 74 62 63 42 50
is_linear=0
shrinkage=0.03


Tree=130
num_leaves=13
num_cat=0
split_feature=11 22 23 24 22 15 15 11 32 23 19 35
split_gain=0.0717117 0.0734913 0.069107 0.065971 0.108216 0.061879 0.0507853 0.0546753 0.0304378 0.0342107 0.0117623 0.00561898
threshold=0.84519872829218545 294.93500000000006 3460.5000000000005 16.550000000000004 264.27000000000004 0.047538028417046053 0.035237286844985956 0.7760693151947412 -0.00070685338635399992 3960.5000000000005 95.735000610351577 0.00084914510618000017
decision_type=2 2 2 2 2 2 2 2 2 2 2 2
left_child=6 2 3 5 -5 -2 -1 -8 11 -10 -9 -4
right_child=1 -3 8 4 -6 -7 7 10 9 -11 -12 -13
leaf_value=0.0017130935210734604 0.00024073237513534907 -0.001589711576920106 0.00044190418215002869 -0.00046038913850837606 0.00097306556532728581 -0.00056863538040197441 0.0011772342114709318 0.00011410608967344159 -0.00061114137054568067 0.00026311158268647487 -0.00064108225319068886 -6.8382555588512951e-05
leaf_weight=31 1154 24 37 344 51 87 36 29 282 40 30 20
leaf_count=31 1154 24 37 344 51 87 36 29 282 40 30 20
internal_value=7.89361e-06 -3.40547e-05 -1.17034e-05 7.14708e-05 -0.000261833 0.000180346 0.000694984 0.000289876 -0.00037633 -0.000491882 -0.000233941 0.000218389
internal_weight=2165 2039 2015 1636 395 1241 126 95 379 322 59 57
internal_count=2165 2039 2015 1636 395 1241 126 95 379 322 59 57
is_linear=0
shrinkage=0.03


Tree=131
num_leaves=17
num_cat=0
split_feature=26 22 20 26 32 26 26 23 18 19 14 8 32 13 17 14
split_gain=0.0861881 0.0748401 0.0640778 0.197216 0.139982 0.095643 0.102577 0.0701645 0.050873 0.0283138 0.0358694 0.0260036 0.0238603 0.0216314 0.0135999 0.00294084
threshold=285.50000000000006 258.21400000000006 1.3750000000000002 526.00000000000011 -0.0013874883136041499 554.50000000000011 616.00000000000011 2198.5000000000005 0.63258805632454607 90.475002288818374 0.019376889445420754 1.0003404395289321 -0.0034577604951855994 1.1113764408729832 -0.0067958952738046991 0.034511595384867304
decision_type=2 2 2 2 2 2 2 2 2 2 2 2 2 2 2 2
left_child=1 -1 7 4 12 14 -7 11 -6 -9 -11 -2 -4 15 -5 -3
right_child=2 13 3 5 8 6 -8 9 -10 10 -12 -13 -14 -15 -16 -17
leaf_value=0.0021683564628554699 0.0012512300102971495 0.00020128102829247444 0.0010926775693148375 -0.00055697364147752528 0.0016826301788290341 0.00085492777204319067 -0.00012775477814571624 0 0.00025150809476688716 1.057718329292793e-05 -0.001155953898296517 -9.9471146665999411e-05 0.0030675684320926665 -0.00034746165604641042 -0.0019812617317701759 0.00092884991232339027
leaf_weight=26 20 25 22 22 24 99 1432 33 203 23 122 20 22 24 23 25
leaf_count=26 20 25 22 22 24 99 1432 33 203 23 122 20 22 24 23 25
internal_value=7.69765e-06 0.000855772 -3.31025e-05 2.30731e-05 0.000767328 -0.00010422 -6.07076e-05 -0.000516476 0.000435833 -0.000776971 -0.000954184 0.00054629 0.00227673 0.00028912 -0.00142577 0.000653654
internal_weight=2165 100 2065 1847 271 1576 1531 218 227 178 145 40 44 74 45 50
internal_count=2165 100 2065 1847 271 1576 1531 218 227 178 145 40 44 74 45 50
is_linear=0
shrinkage=0.03


Tree=132
num_leaves=19
num_cat=0
split_feature=11 17 11 14 25 12 12 20 35 18 15 28 10 23 25 18 32 0
split_gain=0.0688453 0.105205 0.0665987 0.100876 0.0803601 0.0382222 0.0449257 0.040249 0.025205 0.0209867 0.0163834 0.012762 0.0166011 0.00881114 0.00863533 0.00724745 0.00462241 0.00458655
threshold=0.90720256906716779 -0.0091065983161309483 1.2110400553554925 0.065268148273752422 0.8500000000000002 0.9854322783485322 0.90667206126512878 1.5350000000000004 1.4782766547604919e-07 0.9277966572414954 0.035528151871960158 0.00027644497269165008 0.95615339895702556 3643.5000000000005 0.25000000000000006 0.7334847273477707 0.00046053937179665004 0.0033915515365242005
decision_type=2 2 2 2 2 2 2 2 2 2 2 2 2 2 2 2 2 2
left_child=5 11 3 4 -3 6 -1 -8 -9 15 -11 17 13 -13 16 -4 -7 -2
right_child=1 2 9 -5 -6 14 7 8 -10 10 -12 12 -14 -15 -16 -17 -18 -19
leaf_value=-0.00031314828333671435 8.549179419904248e-05 -0.00029802980255679522 -0.0004140193970457543 0.0017737149149179457 0.00018358607717274699 0 0.0016737157111624027 0.0011250635644050352 0.00024838929373269773 -0.00023947094671893869 -0.001263647835683794 -0.00067907314546769636 -0.0013315367251159431 0 0.00018741757306406725 0.00030083417461719363 -0.00067395235279885438 -0.00044290477887767816
leaf_weight=34 22 437 23 28 1055 20 38 46 115 33 49 100 46 26 29 20 24 20
leaf_count=34 22 437 23 28 1055 20 38 46 115 33 49 100 46 26 29 20 24 20
internal_value=7.89997e-06 -5.95211e-05 2.05766e-05 7.75352e-05 4.02013e-05 0.000423804 0.000612178 0.000787428 0.000533159 -0.000634187 -0.000909772 -0.000680823 -0.000798223 -0.000553827 -0.000138401 -1.83765e-05 -0.00041523 -0.000112211
internal_weight=2165 1859 1645 1520 1492 306 233 199 161 125 82 214 172 126 73 43 44 42
internal_count=2165 1859 1645 1520 1492 306 233 199 161 125 82 214 172 126 73 43 44 42
is_linear=0
shrinkage=0.03


Tree=133
num_leaves=25
num_cat=0
split_feature=26 11 18 11 26 23 8 26 24 22 22 6 35 23 23 26 14 26 30 21 13 8 24 14
split_gain=0.0819466 0.0890088 0.0750618 0.0669064 0.0673715 0.0515153 0.0486741 0.0399157 0.05684 0.0459532 0.0449888 0.0380854 0.0362224 0.0303326 0.0266369 0.034287 0.0225294 0.0223796 0.0210394 0.0174339 0.0157806 0.0166901 0.0105687 0.00530967
threshold=759.00000000000011 1.153786019837465 0.61135327986090304 0.82410648194256353 285.50000000000006 3460.5000000000005 1.0668137089404608 891.00000000000011 0.25000000000000006 236.23700000000005 237.48750000000004 -0.012446329810195549 -0.0025450938203388997 2348.5000000000005 1722.0000000000002 422.50000000000006 0.025002641266011903 880.50000000000011 -1.4584467093602393e-05 20.625000000000007 0.96296886138789117 1.0183129563640703 23.650000000000002 0.019670296203383803
decision_type=2 2 2 2 2 2 2 2 2 2 2 2 2 2 2 2 2 2 2 2 2 2 2 2
left_child=1 2 5 19 -5 11 14 16 10 22 23 -1 -11 -12 -3 -16 17 18 -2 -4 -18 -22 -10 -9
right_child=7 6 3 4 -6 -7 -8 8 9 12 13 -13 -14 -15 15 -17 20 -19 -20 -21 21 -23 -24 -25
leaf_value=0.00033791307372358948 7.4420979201722035e-05 0.00058103458854202471 0.0020353032076812307 0.0011007503859751346 5.0095898704518018e-05 0 -0.0014636725937947628 -9.8023029125254375e-07 0.0006648080498064783 0.00061176366646858776 0.0010323508838362826 0.002057088442602936 -0.00039001112239165871 0.00023521976263645328 0.00025467339018799082 -0.00068120599190006029 -4.4523090835926787e-05 -0.00090306729299481951 -0.00072180469959857876 0.00045160347486481719 -0.001222268654467927 -0.00026887026622789562 0 -0.0008375615275651217
leaf_weight=23 153 33 20 59 560 25 27 20 52 30 65 46 474 166 50 87 32 33 33 20 64 37 34 22
leaf_count=23 153 33 20 59 560 25 27 20 52 30 65 46 474 166 50 87 32 33 33 20 64 37 34 22
internal_value=7.53772e-06 0.000217209 0.000367466 0.000245694 0.000159888 0.00115623 -0.000339019 -0.000154071 -3.99165e-05 -0.000208361 0.000311559 0.00156365 -0.000321197 0.000482701 -0.000120772 -0.000320077 -0.000422791 -0.000211197 -6.01868e-05 0.00139997 -0.000736802 -0.000919681 0.000407741 -0.00053248
internal_weight=2165 950 753 659 619 94 197 1215 863 590 273 69 504 231 170 137 352 219 186 40 133 101 86 42
internal_count=2165 950 753 659 619 94 197 1215 863 590 273 69 504 231 170 137 352 219 186 40 133 101 86 42
is_linear=0
shrinkage=0.03


Tree=134
num_leaves=27
num_cat=0
split_feature=26 11 18 11 17 8 26 24 22 22 15 17 35 21 17 15 21 14 26 30 21 13 8 28 17 14
split_gain=0.0776167 0.0841419 0.0708954 0.0636516 0.0778823 0.0461432 0.0379164 0.0533583 0.0433195 0.0427676 0.0374794 0.0616044 0.03426 0.0299674 0.0293955 0.0343099 0.0292553 0.0212676 0.0211476 0.0199023 0.0162989 0.0147933 0.017823 0.0131608 0.0102571 0.00494161
threshold=759.00000000000011 1.153786019837465 0.61135327986090304 0.82410648194256353 -0.0091065983161309483 1.0668137089404608 891.00000000000011 0.25000000000000006 236.23700000000005 237.48750000000004 0.034415112439687152 -0.00042534419204319994 -0.0025450938203388997 14.565000057220461 0.009654113732282402 0.031724844785115051 25.73499965667725 0.025002641266011903 880.50000000000011 -1.4584467093602393e-05 20.625000000000007 0.96417421529760683 1.0183129563640703 0.0027243956413598503 0.0055401385696567012 0.019670296203383803
decision_type=2 2 2 2 2 2 2 2 2 2 2 2 2 2 2 2 2 2 2 2 2 2 2 2 2 2
left_child=1 2 10 20 -5 14 17 9 24 25 23 -12 -10 -11 16 -16 -3 18 19 -2 -4 -19 -23 -1 -9 -8
right_child=6 5 3 4 -6 -7 7 8 12 13 11 -13 -14 -15 15 -17 -18 21 -20 -21 -22 22 -24 -25 -26 -27
leaf_value=0.00075359712205017395 7.2231283362130994e-05 -0.00076404804710641894 0.0019822083457332589 -0.00042762226186124808 0.00034811661837455901 -0.0014241534220986066 -9.5464939089572204e-07 0.00064357053327174576 0.00059507920711555256 0.00068739281622524624 -0.00040918880203858978 0.0015540994433406738 -0.00037838437353716957 -1.8868817032878873e-05 -0.00038692562592526278 0.00096070513172218422 0.00019935628527018709 -7.7740238673102696e-05 -0.00087823293470622339 -0.00070195506848782922 0.00043982251741639947 -0.0012208013809805447 -0.00023617834931176802 0.0023178684169199389 0 -0.00081544991053640842
leaf_weight=20 153 73 20 149 470 27 20 53 30 163 28 22 474 68 24 36 37 35 33 33 20 62 36 24 33 22
leaf_count=20 153 73 20 149 470 27 20 53 30 163 28 22 474 68 24 36 37 35 33 33 20 62 36 24 33 22
internal_value=7.50747e-06 0.000211598 0.000357738 0.000239226 0.000155403 -0.000328987 -0.000149734 -3.8384e-05 -0.000201686 0.000302027 0.00112457 0.000437125 -0.000311345 0.000469092 -0.000116028 0.000381278 -0.000416756 -0.00041165 -0.00020549 -5.82132e-05 0.00136527 -0.000717038 -0.000906565 0.00176415 0.000396088 -0.000520182
internal_weight=2165 950 753 659 619 197 1215 863 590 273 94 50 504 231 170 60 110 352 219 186 40 133 98 44 86 42
internal_count=2165 950 753 659 619 197 1215 863 590 273 94 50 504 231 170 60 110 352 219 186 40 133 98 44 86 42
is_linear=0
shrinkage=0.03


Tree=135
num_leaves=17
num_cat=0
split_feature=26 22 20 26 26 26 33 11 17 14 17 11 13 11 17 14
split_gain=0.0759152 0.0681875 0.0602078 0.178134 0.0884386 0.0896151 0.0729263 0.0704401 0.0398727 0.0313225 0.0219943 0.0202293 0.0191438 0.015079 0.0128544 0.00275621
threshold=285.50000000000006 258.21400000000006 1.3750000000000002 526.00000000000011 554.50000000000011 616.00000000000011 0.0088793669878275017 1.0050618843742052 -0.01080512286161745 0.019376889445420754 -0.0078302611816732978 0.93863337289384996 1.1113764408729832 1.0388226784273125 -0.0067958952738046991 0.034511595384867304
decision_type=2 2 2 2 2 2 2 2 2 2 2 2 2 2 2 2
left_child=1 -1 7 6 14 -6 8 10 -4 -9 -2 -12 15 -11 -5 -3
right_child=2 12 3 4 5 -7 -8 9 -10 13 11 -13 -14 -15 -16 -17
leaf_value=0.0020558755044536342 -0.00059872518661723006 0.00017153743047050997 -0.00048345488272607325 -0.00052344694423489275 0.00080009542750742498 -0.00011831078839892738 0.0019312219007803896 0 0.00064867720991452712 -0.00030984669560566548 0.00094216328982064208 -1.1016098462278018e-05 -0.00033380852912604398 -0.0013457534706299895 -0.001907211662055208 0.00086875222013830871
leaf_weight=26 21 25 27 22 99 1432 38 22 206 27 32 33 24 83 23 25
leaf_count=26 21 25 27 22 99 1432 38 22 206 27 32 33 24 83 23 25
internal_value=7.2636e-06 0.000803259 -3.09421e-05 2.34649e-05 -9.74287e-05 -5.55191e-05 0.000730839 -0.00049954 0.000500296 -0.000930429 0.000137188 0.000434987 0.000261237 -0.00113301 -0.0013682 0.000606191
internal_weight=2165 100 2065 1847 1576 1531 271 218 233 132 86 65 74 110 45 50
internal_count=2165 100 2065 1847 1576 1531 271 218 233 132 86 65 74 110 45 50
is_linear=0
shrinkage=0.03


Tree=136
num_leaves=13
num_cat=0
split_feature=26 22 11 17 26 26 11 22 11 21 2 2
split_gain=0.0720358 0.0644273 0.0572802 0.0702224 0.0543365 0.115953 0.0690761 0.0438965 0.0249493 0.0187404 0.0187248 0.00293079
threshold=285.50000000000006 258.21400000000006 0.7760693151947412 -0.011104377112370998 486.00000000000006 403.50000000000006 0.99866427367698074 252.57750000000001 0.90009046236600543 28.920000076293949 0.014541390478947702 -0.0092806504021660484
decision_type=2 2 2 2 2 2 2 2 2 2 2 2
left_child=1 -1 -2 7 5 -5 -6 8 -4 -9 11 -3
right_child=2 10 3 4 6 -7 -8 9 -10 -11 -12 -13
leaf_value=0.0020005795371815047 0.0011052693541949757 0.00020710042518852601 0.00049115146156400436 -0.00049186555488584254 0.00012291219335446065 0.00077767270264917656 -0.00027910635831473194 -0.00069069984736597689 -0.00046069382139079786 -0.0018552111782862439 -0.00027046139248611121 0.00095451284709080302
leaf_weight=26 36 26 37 89 807 203 721 93 59 20 28 20
leaf_count=26 36 26 37 89 807 203 721 93 59 20 28 20
internal_value=7.02884e-06 0.000782449 -3.01517e-05 -5.33756e-05 5.17544e-06 0.000379488 -6.49994e-05 -0.000570255 -5.97673e-05 -0.000965319 0.000254226 0.000631831
internal_weight=2165 100 2065 2029 1820 292 1528 209 96 113 74 46
internal_count=2165 100 2065 2029 1820 292 1528 209 96 113 74 46
is_linear=0
shrinkage=0.03


Tree=137
num_leaves=21
num_cat=0
split_feature=26 16 11 23 17 26 25 22 34 22 32 11 14 26 30 13 8 2 24 7
split_gain=0.0688404 0.0787492 0.0652652 0.102272 0.0704276 0.0357412 0.0507246 0.04039 0.0471249 0.038145 0.0304886 0.0274205 0.0203054 0.019979 0.0185995 0.0136244 0.0145388 0.012839 0.00984875 0.00703412
threshold=759.00000000000011 33.331937259742162 1.2403389929303241 1636.0000000000002 -0.0091065983161309483 891.00000000000011 9.0500000000000025 245.80900000000003 0.0039092996476981006 236.23700000000005 0.0010253795401118002 0.97225004930028558 0.025002641266011903 880.50000000000011 -1.4584467093602393e-05 0.96296886138789117 1.0201714299160252 0.004087355795006551 23.650000000000002 0.055171857717765456
decision_type=2 2 2 2 2 2 2 2 2 2 2 2 2 2 2 2 2 2 2 2
left_child=1 -1 3 -3 -5 12 9 11 -9 18 -11 -8 13 14 -2 -14 -17 -4 -7 -19
right_child=5 2 17 4 -6 6 7 8 -10 10 -12 -13 15 -15 -16 16 -18 19 -20 -21
leaf_value=0.0015102710803155787 7.5205385573029243e-05 0.0020419996895102988 0 -0.00039630981677169484 0.00029221606967468891 0.00063419173174029725 0.00026401371252723037 0.0014154778385863582 0.00018533806336050608 -0.00015378406817868711 -0.00073930826784827615 -0.00068458970805066962 -4.2229176478992612e-05 -0.00084717275669875854 -0.00067364465744079402 -0.0011276675446657463 -0.00021380410853433549 -0.00028826112586830276 0 -0.001326849261508323
leaf_weight=37 153 24 24 162 655 52 69 48 80 437 103 40 32 33 33 67 34 21 34 27
leaf_count=37 153 24 24 162 655 52 69 48 80 437 103 40 32 33 33 67 34 21 34 27
internal_value=6.88486e-06 0.000199168 0.000137988 0.000215665 0.000151082 -0.000141117 -3.29541e-05 0.000333934 0.000691393 -0.000177555 -0.00027446 -6.63247e-05 -0.000395332 -0.000193772 -5.0366e-05 -0.00069357 -0.000863918 -0.000701659 0.000385948 -0.000974975
internal_weight=2165 950 913 841 817 1215 863 237 128 626 540 109 352 219 186 133 101 72 86 48
internal_count=2165 950 913 841 817 1215 863 237 128 626 540 109 352 219 186 133 101 72 86 48
is_linear=0
shrinkage=0.03


Tree=138
num_leaves=16
num_cat=0
split_feature=26 22 20 26 32 26 26 28 17 19 14 32 13 17 28
split_gain=0.0679362 0.0602823 0.0556838 0.160795 0.121007 0.083433 0.0830027 0.0770337 0.0292298 0.0253003 0.0291639 0.0201574 0.0177586 0.012561 0.00329018
threshold=285.50000000000006 258.21400000000006 1.3900000000000001 526.00000000000011 -0.0013874883136041499 554.50000000000011 616.00000000000011 3.8006374808573482e-05 -0.01080512286161745 90.395000457763686 0.019376889445420754 -0.0034577604951855994 1.1113764408729832 -0.0067958952738046991 0.0011534709231230003
decision_type=2 2 2 2 2 2 2 2 2 2 2 2 2 2 2
left_child=1 -1 7 4 11 13 -7 -2 -6 -9 -11 -4 14 -5 -3
right_child=2 12 3 5 8 6 -8 9 -10 10 -12 -13 -14 -15 -16
leaf_value=0.0019385279476771063 0.00075195565518948275 0.00090541354392189525 0.00099671491102315503 -0.00049492694774642585 -0.00044591783467913044 0.00077338388154748821 -0.00011055233775639018 2.7531638136133543e-05 0.00052190315069855389 0 -0.0010256546843769724 0.0028359623301029203 -0.00032375681541290963 -0.0018547397865555605 0.00018833250354509799
leaf_weight=26 34 21 22 22 27 99 1431 27 196 24 138 22 24 23 29
leaf_count=26 34 21 22 22 27 99 1431 27 196 24 138 22 24 23 29
internal_value=6.46167e-06 0.000759538 -2.96052e-05 2.33359e-05 0.000701104 -9.07752e-05 -4.9998e-05 -0.000474683 0.000387085 -0.000719275 -0.000860162 0.00210249 0.00024695 -0.00132493 0.000580313
internal_weight=2165 100 2065 1842 267 1575 1530 223 223 189 162 44 74 45 50
internal_count=2165 100 2065 1842 267 1575 1530 223 223 189 162 44 74 45 50
is_linear=0
shrinkage=0.03


Tree=139
num_leaves=17
num_cat=0
split_feature=26 30 23 28 26 16 21 26 15 7 23 32 2 16 28 2
split_gain=0.0644312 0.0569391 0.0529111 0.0504093 0.101899 0.0953295 0.0834081 0.0993926 0.0604018 0.0477087 0.022006 0.017382 0.0173422 0.0136567 0.00496442 0.00279338
threshold=285.50000000000006 -0.0023396480023300495 3506.5000000000005 9.5682287980188358e-05 641.00000000000011 57.735204891793366 20.554999351501468 477.50000000000006 0.037950152698906801 0.043109445503156707 3960.5000000000005 -0.00070685338635399992 0.014541390478947702 33.83128323046877 0.00034832950985340004 -0.0092806504021660484
decision_type=2 2 2 2 2 2 2 2 2 2 2 2 2 2 2 2
left_child=1 -1 3 4 5 -2 7 -5 -6 -8 11 -4 15 -13 -12 -3
right_child=2 12 10 6 8 -7 9 -9 -10 -11 14 13 -14 -15 -16 -17
leaf_value=0.0018863882048312445 0.0018313547653323482 0.00019037408017200127 0.00013587143301794474 0.00068858020774874285 0.00030691545065672515 -0.00038777155894786122 -5.2061959399211709e-05 -9.4714516679722568e-05 -0.00044462407182347562 -0.00095941150281313723 0 6.7335304454900315e-05 -0.00026213398180346221 -0.00060554195114888721 0.00054032595751746357 0.00091822963999584311
leaf_weight=26 60 26 30 176 346 20 99 769 128 129 20 21 28 247 20 20
leaf_count=26 60 26 30 176 346 20 99 769 128 129 20 21 28 247 20 20
internal_value=6.58253e-06 0.000739993 -2.8505e-05 3.72878e-05 0.000273473 0.00124647 -7.21228e-05 4.97218e-05 9.61588e-05 -0.000584211 -0.000370839 -0.000462743 0.000240441 -0.000541585 0.000228591 0.000604901
internal_weight=2165 100 2065 1727 554 80 1173 945 474 228 338 298 74 268 40 46
internal_count=2165 100 2065 1727 554 80 1173 945 474 228 338 298 74 268 40 46
is_linear=0
shrinkage=0.03


Tree=140
num_leaves=12
num_cat=0
split_feature=26 11 17 30 8 26 16 21 16 21 4
split_gain=0.0611489 0.0543739 0.0626015 0.0537679 0.0516132 0.0567627 0.0366211 0.0262588 0.0159808 0.0158502 0.00461818
threshold=285.50000000000006 0.7760693151947412 -0.011104377112370998 -0.0023396480023300495 1.0668137089404608 728.50000000000011 34.405600573022916 21.175000190734867 65.890640665676301 28.920000076293949 -0.0092806504021660484
decision_type=2 2 2 2 2 2 2 2 2 2 2
left_child=3 -2 6 -1 5 -4 -3 -6 10 -8 -5
right_child=1 2 4 8 7 -7 9 -9 -10 -11 -12
leaf_value=0.0018356508685532828 0.0010786657612770795 0.00025654640342467108 0.00026534050067161347 8.8173850722934814e-06 -1.8100700341165058e-05 -8.8920669086563209e-05 -0.0005587114280179693 -0.0014809871029499316 -0.00031970874099239991 -0.0015233729851618408 0.00076895198299077008
leaf_weight=26 36 36 624 20 24 1144 151 28 23 22 31
leaf_count=26 36 36 624 20 24 1144 151 28 23 22 31
internal_value=6.54667e-06 -2.75993e-05 -5.02674e-05 0.000721055 4.92439e-06 3.46564e-05 -0.000538305 -0.000898169 0.000234217 -0.000722306 0.000543466
internal_weight=2165 2065 2029 100 1820 1768 209 52 74 173 51
internal_count=2165 2065 2029 100 1820 1768 209 52 74 173 51
is_linear=0
shrinkage=0.03


Tree=141
num_leaves=18
num_cat=0
split_feature=26 11 17 22 20 26 26 5 19 11 28 14 11 20 2 6 4
split_gain=0.0580142 0.0515363 0.0811172 0.0508041 0.049822 0.146506 0.0473471 0.0569053 0.0405934 0.0333776 0.0232071 0.0186395 0.0178051 0.016672 0.0163212 0.0106128 0.00296467
threshold=285.50000000000006 0.93161526618181711 -0.0094546050822564981 258.21400000000006 1.3750000000000002 526.00000000000011 728.50000000000011 -0.035675667232826794 97.174999237060561 1.0421013375881267 0.00026388989775125003 0.049805682089222959 0.83263452846012309 2.2950000000000004 0.014541390478947702 -0.0081061747804268489 0.014541390478947702
decision_type=2 2 2 2 2 2 2 2 2 2 2 2 2 2 2 2 2
left_child=3 6 10 -1 9 -6 7 -2 -9 -4 -3 13 -13 -8 16 -12 -5
right_child=1 2 4 14 5 -7 11 8 -10 -11 15 12 -14 -15 -16 -17 -18
leaf_value=0.0017862781908941166 0.0020392041337461424 0 0 0.00083765690794421568 0.0007355823840584911 -0.00011899003963071154 -9.7453784799048034e-06 -6.0056477972387271e-06 0.0012823559377342462 -0.00090458670107369874 -0.00044501126854488835 5.0365912995766842e-05 -0.00090088723759981803 0.00042221780084997028 -0.00025807528780593026 -0.0011897027557581448 0.00011674083491787313
leaf_weight=26 23 32 63 24 214 1065 177 66 27 90 50 27 29 127 28 75 22
leaf_count=26 23 32 63 24 214 1065 177 66 27 90 50 27 29 127 28 75 22
internal_value=6.31806e-06 -2.69049e-05 -0.000110259 0.000702301 -3.63947e-05 2.30421e-05 0.000244034 0.000765341 0.00036517 -0.000543375 -0.000751908 6.2856e-05 -0.00041216 0.000163303 0.000227726 -0.000932675 0.000582352
internal_weight=2165 2065 1589 100 1432 1279 476 116 93 153 157 360 56 304 74 125 46
internal_count=2165 2065 1589 100 1432 1279 476 116 93 153 157 360 56 304 74 125 46
is_linear=0
shrinkage=0.03


Tree=142
num_leaves=11
num_cat=0
split_feature=26 11 23 20 0 30 21 17 23 2
split_gain=0.0550617 0.0501715 0.060283 0.074083 0.0576608 0.0480011 0.0334811 0.0456996 0.023029 0.0152912
threshold=285.50000000000006 0.7760693151947412 2860.5000000000005 3.1050000000000004 0.059854275174634562 -0.0011699675650616497 11.690000057220461 0.011331601324532151 3506.5000000000005 0.017903400452930856
decision_type=2 2 2 2 2 2 2 2 2 2
left_child=5 -2 3 4 -3 -1 8 -8 -4 -7
right_child=1 2 6 -5 -6 9 7 -9 -10 -11
leaf_value=0.0014713467465314481 0.0010364240884171941 0.00016779333529548776 0.00048597676373600694 -0.001551942171761766 -0.0009697445005394245 0.00048228582731879707 -0.00042329971089762319 0.00026007136473033042 -0.00025345286157079825 -0.00042653720362040287
leaf_weight=39 36 1119 84 21 38 38 613 95 59 23
leaf_count=39 36 1119 84 21 38 38 613 95 59 23
internal_value=6.20808e-06 -2.61224e-05 -4.79536e-05 8.91262e-05 0.000125435 0.000684275 -0.000240866 -0.000326675 0.00016141 8.88086e-05
internal_weight=2165 2065 2029 1178 1157 100 851 708 143 61
internal_count=2165 2065 2029 1178 1157 100 851 708 143 61
is_linear=0
shrinkage=0.03


Tree=143
num_leaves=22
num_cat=0
split_feature=26 11 23 18 15 23 9 9 11 16 28 29 29 11 22 29 22 32 17 25 14
split_gain=0.0543425 0.0715372 0.0704136 0.0768657 0.0685367 0.06112 0.0504827 0.0497007 0.0645322 0.0436542 0.0343906 0.035314 0.0709794 0.06092 0.0415389 0.0280716 0.009858 0.00927247 0.00915219 0.00590404 0.00526768
threshold=759.00000000000011 0.92122986456191702 1543.0000000000002 0.62233642720930893 0.016927105385251804 3365.5000000000005 0.88770699062942315 0.97642776308221935 0.85363504161653847 64.662870723891032 0.14541054865538233 2.2304999796192837e-06 6.1687477475844119e-07 1.0191327883105008 236.23700000000005 0.0029100430918056505 279.88200000000006 -0.0030445747910835996 0.0034767850475480506 4.3500000000000005 0.019955971851970754
decision_type=2 2 2 2 2 2 2 2 2 2 2 2 2 2 2 2 2 2 2 2 2
left_child=1 6 9 5 -5 -4 -1 8 -8 -3 11 12 20 -14 18 -16 -9 19 -13 -12 -2
right_child=10 2 3 4 -6 -7 7 16 -10 -11 17 14 13 -15 15 -17 -18 -19 -20 -21 -22
leaf_value=-0.00050531982152682287 -0.00065299224488969351 0.002136313321149867 0.00123881488913806 0.0013339327113806373 -0.00020015916998569584 -0.0002499247529078275 0.0024414483941559277 0.00049973663806304107 0.00064245204454637121 4.4637643246223084e-05 0.00018829103221651168 0.00065397924693519588 0.0017792562361757613 0 -0.0001621876694246846 -0.00052351775320855622 -0.00026633353493525646 0 0 0.0011653833309107501 0
leaf_weight=20 32 20 69 24 626 32 32 29 57 20 21 47 35 26 644 304 21 24 39 20 23
leaf_count=20 32 20 69 24 626 32 32 29 57 20 21 47 35 26 644 304 21 24 39 20 23
internal_value=6.03341e-06 0.00017702 5.50696e-05 -8.53664e-06 -0.000133053 0.000744686 0.000752932 0.000961953 0.00138041 0.00123632 -0.000125304 -0.000165672 0.000314525 0.00101142 -0.00022319 -0.000282498 0.00012452 0.000520587 0.000384349 0.000780064 -0.00041901
internal_weight=2165 950 791 751 650 101 159 139 89 40 1215 1150 116 61 1034 948 50 65 86 41 55
internal_count=2165 950 791 751 650 101 159 139 89 40 1215 1150 116 61 1034 948 50 65 86 41 55
is_linear=0
shrinkage=0.03


Tree=144
num_leaves=24
num_cat=0
split_feature=11 26 17 26 24 11 14 23 8 11 29 21 20 28 34 29 26 8 9 23 23 34 31
split_gain=0.0524032 0.0698498 0.0678625 0.0677331 0.115606 0.0762016 0.053506 0.0413742 0.0533948 0.0340016 0.0330802 0.0259816 0.0237643 0.0180112 0.0165093 0.0281251 0.0236227 0.0129922 0.0172338 0.0118225 0.0127862 0.0106991 0.00527905
threshold=0.93090070498948474 728.50000000000011 -0.0091065983161309483 486.00000000000006 8.1500000000000004 1.1474675426007233 0.064048490176251763 3359.5000000000005 0.97638035932914435 1.0679807911548067 2.2304999796192837e-06 14.125000000000002 1.8950000000000002 0.00026388989775125003 -0.00043927096199449992 0.0025569885091883005 807.50000000000011 0.95447792888201022 0.97803430170279049 3365.5000000000005 2413.5000000000005 -0.023342609155711597 0.005449131764310151
decision_type=2 2 2 2 2 2 2 2 2 2 2 2 2 2 2 2 2 2 2 2 2 2 2
left_child=1 7 13 4 5 -4 10 8 -1 -6 -5 12 -3 -2 16 -16 -13 -9 -19 20 -15 -14 -21
right_child=2 11 3 6 9 -7 -8 17 -10 -11 -12 14 21 19 15 -17 -18 18 -20 22 -22 -23 -24
leaf_value=0.0023665999956302259 0 -0.00037853005033684897 0.0011259188006426065 0.00028842226541824992 -1.3842713604489822e-05 0 0.00094247269088603986 -0.00024098256207071242 0.00046237674371437418 -0.0011958360672773172 -0.00021267810131956534 -0.0012246059080353005 9.4317026964675337e-05 -0.00019102397005126871 0.00038757421787000645 -0.00072979283837601536 -0.00012245775738175814 0.001138669225792198 0 -0.00056465405841859488 -0.0013279344562389368 0.00085757060557476827 0
leaf_weight=28 36 21 153 127 70 82 38 21 35 33 1006 21 36 20 89 22 101 20 20 49 51 63 23
leaf_count=28 36 21 153 127 70 82 38 21 35 33 1006 21 36 20 89 22 101 20 20 49 51 63 23
internal_value=6.34985e-06 0.000284244 -7.0769e-05 -2.76147e-06 0.000367392 0.000736728 -0.000112824 0.000889431 0.00142326 -0.000443968 -0.000153255 5.75257e-05 0.000416206 -0.000618105 -0.000117433 0.000126421 -0.000361009 0.000250356 0.000576893 -0.000766346 -0.00106895 0.000620373 -0.000397127
internal_weight=2165 477 1688 1509 338 235 1171 124 63 103 1133 353 120 179 233 111 122 61 40 143 71 99 72
internal_count=2165 477 1688 1509 338 235 1171 124 63 103 1133 353 120 179 233 111 122 61 40 143 71 99 72
is_linear=0
shrinkage=0.03


Tree=145
num_leaves=21
num_cat=0
split_feature=11 17 26 24 11 26 23 14 11 11 10 28 34 5 23 26 28 23 15 9
split_gain=0.0501058 0.0726077 0.0614978 0.0991556 0.0715191 0.0501755 0.0535722 0.0473048 0.0392769 0.0366845 0.0173889 0.0149005 0.0184184 0.0134869 0.0107018 0.0103369 0.0132167 0.0138446 0.00426488 0.000761031
threshold=0.90720256906716779 -0.0091065983161309483 486.00000000000006 8.0500000000000025 1.1474675426007233 735.00000000000011 3359.5000000000005 0.064048490176251763 1.0679807911548067 1.0050618843742052 0.96321788594859392 0.014967895680282553 -0.00043927096199449992 -0.0097281326179901473 2534.5000000000005 305.50000000000006 0.008163017872992501 2413.5000000000005 0.027629464960037903 1.0141226837853934
decision_type=2 2 2 2 2 2 2 2 2 2 2 2 2 2 2 2 2 2 2 2
left_child=5 15 3 4 -3 6 -1 9 -5 -4 11 12 -7 -8 -13 -2 18 -18 -17 -12
right_child=1 2 7 8 -6 10 13 -9 -10 -11 19 14 -14 -15 -16 16 17 -19 -20 -21
leaf_value=0.0017565993621080581 0 0.0010870999766619139 4.4120970513084771e-05 0 0 -0.0003466707238393579 0.00074114636667945897 0.00091626735347061878 -0.0011629505766953419 -0.00027630559644300568 -0.00057833506562747061 0.0011374477035552264 0.00037686133565159038 -0.00016667029084637758 0.00016646704178205444 0 -8.071678883709904e-05 -0.0011873095904950111 -0.00048280499710372699 -5.8230203620041709e-05
leaf_weight=39 20 156 629 81 82 55 21 38 33 626 21 22 65 27 35 33 20 59 82 21
leaf_count=39 20 156 629 81 82 55 21 38 33 626 21 22 65 27 35 33 20 59 82 21
internal_value=6.05791e-06 -5.12541e-05 1.49858e-05 0.000366314 0.000715962 0.000361063 0.000961829 -7.89698e-05 -0.000337653 -0.000113602 9.91173e-05 0.000240453 2.04851e-05 0.00019191 0.000629366 -0.000567427 -0.000633945 -0.000956947 -0.000367944 -0.000406168
internal_weight=2165 1859 1645 352 238 306 87 1293 114 1255 219 177 120 48 57 214 194 79 115 42
internal_count=2165 1859 1645 352 238 306 87 1293 114 1255 219 177 120 48 57 214 194 79 115 42
is_linear=0
shrinkage=0.03


Tree=146
num_leaves=14
num_cat=0
split_feature=11 26 23 11 18 23 30 29 29 11 23 29 2
split_gain=0.0478337 0.0700979 0.0876438 0.0809675 0.0628961 0.0355137 0.0298903 0.0327413 0.0604963 0.0251076 0.0151779 0.0146133 0.00326792
threshold=1.2308452862358015 728.50000000000011 1636.0000000000002 0.95347012308761292 0.62233642720930893 3610.5000000000005 0.16737244951754818 2.2304999796192837e-06 6.1687477475844119e-07 0.93227049318268496 1722.0000000000002 0.0040775799885676509 0.004087355795006551
decision_type=2 2 2 2 2 2 2 2 2 2 2 2 2
left_child=1 2 -1 5 -5 -4 7 8 -3 -9 -2 -8 -12
right_child=10 6 3 4 -6 -7 11 9 -10 -11 12 -13 -14
leaf_value=0.0019529142495658663 0 -0.00041313801943083646 0.0010234360322956492 0.00079590524350386677 -9.7250393127508336e-05 4.8022016558238174e-05 0.0011704804038871889 1.664622386782992e-05 0.00083771244509800989 -0.00028488417498414464 -0.00033303569732233884 3.9896823084828517e-05 -0.0010659371870247883
leaf_weight=24 25 55 125 79 515 55 20 345 78 743 27 30 44
leaf_count=24 25 55 125 79 515 55 20 345 78 743 27 30 44
internal_value=5.89129e-06 3.80318e-05 0.000258929 0.000195204 1.99138e-05 0.00074746 -9.85874e-05 -0.000130587 0.000300682 -0.000186738 -0.000636663 0.00058939 -0.000852569
internal_weight=2165 2069 798 774 594 180 1271 1221 133 1088 96 50 71
internal_count=2165 2069 798 774 594 180 1271 1221 133 1088 96 50 71
is_linear=0
shrinkage=0.03


Tree=147
num_leaves=19
num_cat=0
split_feature=16 17 26 24 11 28 26 26 16 11 26 28 28 19 10 12 13 23
split_gain=0.0475727 0.0591708 0.059624 0.0863664 0.0784774 0.0557238 0.116282 0.047739 0.0429079 0.030336 0.0441343 0.0202436 0.01968 0.0191986 0.0169261 0.0112453 0.00495925 0.000524317
threshold=34.405600573022916 -0.0091065983161309483 486.00000000000006 6.2500000000000009 1.1474675426007233 9.5682287980188358e-05 629.50000000000011 797.50000000000011 51.522373135925527 0.85363504161653847 751.50000000000011 0.00023943800911270004 1.1753967994078484e-06 96.18500137329103 0.95615339895702556 0.93380886632878946 0.88373892663477716 3275.5000000000005
decision_type=2 2 2 2 2 2 2 2 2 2 2 2 2 2 2 2 2 2
left_child=9 11 3 4 -3 6 -4 -7 -5 10 -1 12 -2 -11 15 -13 -12 -16
right_child=1 2 5 8 -6 7 -8 -9 -10 13 16 14 -14 -15 17 -17 -18 -19
leaf_value=0.0018764173277653754 -0.00061485174705740067 0.0011697894551680164 0.0013365656828627833 0.0004114233635161233 0 -0.00061004993749287401 8.1818822527242038e-06 -7.690992907513332e-05 -0.0006294478125908131 0.00062327846224070524 0 -0.00085244489352150651 0.00047686659082721327 -0.00034751296358285247 -0.0014200386853578189 -0.00020629940044969639 0.00054802845649259252 -0.00054728210744304725
leaf_weight=27 21 139 65 55 82 203 502 640 83 29 21 38 35 38 24 120 20 23
leaf_count=27 21 139 65 55 82 203 502 640 83 29 21 38 35 38 24 120 20 23
internal_value=5.95163e-06 -2.9246e-05 3.16444e-05 0.000376185 0.000743076 -5.45683e-05 0.000171962 -0.000210548 -0.000193404 0.000546088 0.000981173 -0.000448981 6.17777e-06 3.85268e-05 -0.000586036 -0.000393323 0.000235699 -0.00111141
internal_weight=2165 2030 1769 359 221 1410 567 843 138 135 68 261 56 67 205 158 41 47
internal_count=2165 2030 1769 359 221 1410 567 843 138 135 68 261 56 67 205 158 41 47
is_linear=0
shrinkage=0.03


Tree=148
num_leaves=11
num_cat=0
split_feature=11 26 14 20 15 23 24 22 35 16
split_gain=0.0452432 0.0572062 0.0659164 0.0845459 0.0593799 0.0587198 0.0360752 0.0369446 0.0226845 0.00779775
threshold=1.315028554536241 285.50000000000006 0.061835165814397706 1.9350000000000003 0.049011443925564807 2636.5000000000005 1.0000000180025095e-35 258.21400000000006 -3.5634825655424996e-06 48.19668868323118
decision_type=2 2 2 2 2 2 2 2 2 2
left_child=1 6 4 -4 5 -3 7 -1 -6 -5
right_child=-2 2 3 9 8 -7 -8 -9 -10 -11
leaf_value=0.0021069108335953204 -0.0012127299830317496 0.00018038503020669934 0.0022096134949630745 -0.00030408466469496491 -0.001210102692148454 -0.00015942450168958798 0 0.00042113764631794765 -0.00032545444435979601 0.00043393933646846566
leaf_weight=22 24 877 24 22 42 950 37 37 108 22
leaf_count=22 24 877 24 22 42 950 37 37 108 22
internal_value=5.7114e-06 2.24468e-05 -1.01889e-05 0.000885999 -4.38246e-05 2.08048e-06 0.000727201 0.00116965 -0.000611634 5.24185e-06
internal_weight=2165 2141 2045 68 1977 1827 96 59 150 44
internal_count=2165 2141 2045 68 1977 1827 96 59 150 44
is_linear=0
shrinkage=0.03


Tree=149
num_leaves=19
num_cat=0
split_feature=16 17 26 24 11 28 26 26 9 11 26 28 28 19 10 9 9 28
split_gain=0.0448403 0.055274 0.054958 0.0799761 0.0725939 0.0526254 0.107198 0.0439299 0.0438805 0.0288908 0.0409548 0.0189138 0.0184089 0.0180735 0.0158439 0.014743 0.00578928 0.000474173
threshold=34.405600573022916 -0.0091065983161309483 486.00000000000006 6.2500000000000009 1.1474675426007233 9.5682287980188358e-05 629.50000000000011 797.50000000000011 1.0051680218883197 0.85363504161653847 751.50000000000011 0.00023943800911270004 1.1753967994078484e-06 96.18500137329103 0.95615339895702556 0.91457903069702351 0.92714578373858014 0.0031081811523376002
decision_type=2 2 2 2 2 2 2 2 2 2 2 2 2 2 2 2 2 2
left_child=9 11 3 4 -3 6 -4 -7 -5 10 -1 12 -2 -11 15 -13 -12 -16
right_child=1 2 5 8 -6 7 -8 -9 -10 13 16 14 -14 -15 17 -17 -18 -19
leaf_value=0.0018181552715599535 -0.00059495291975326838 0.0011246587847355174 0.0012859039089106611 0.00051602164132292475 0 -0.00058746551571032992 1.0099114996604713e-05 -7.5639658115357361e-05 -0.00057440210370634875 0.00060270314652007071 0 -0.00095136855257941123 0.00046094097847756196 -0.0003393850186399593 -0.00047184791471100541 -0.0001920743151358058 0.00057433836817053017 -0.0013316749381832777
leaf_weight=27 21 139 65 46 82 203 502 640 92 29 21 32 35 38 20 126 20 27
leaf_count=27 21 139 65 46 82 203 502 640 92 29 21 32 35 38 20 126 20 27
internal_value=5.58012e-06 -2.85512e-05 3.02465e-05 0.000361076 0.000714253 -5.24506e-05 0.000167617 -0.000204083 -0.000186405 0.000530016 0.000954514 -0.000434248 4.01504e-06 3.38816e-05 -0.000566722 -0.000379351 0.000232405 -0.00107606
internal_weight=2165 2030 1769 359 221 1410 567 843 138 135 68 261 56 67 205 158 41 47
internal_count=2165 2030 1769 359 221 1410 567 843 138 135 68 261 56 67 205 158 41 47
is_linear=0
shrinkage=0.03


Tree=150
num_leaves=20
num_cat=0
split_feature=16 17 19 32 23 13 9 14 16 8 5 10 23 19 25 19 15 14 9
split_gain=0.0424843 0.0525132 0.0442107 0.0413875 0.0379758 0.0272648 0.0300291 0.0238413 0.0181049 0.0295069 0.0177341 0.016798 0.011054 0.00910593 0.010769 0.00825734 0.00621407 0.00300244 0.00290846
threshold=34.405600573022916 -0.0091065983161309483 89.524997711181655 -0.030487738864957196 3416.0000000000005 0.91840965064492663 0.89224712498923886 0.018445855545492305 40.893704788219885 0.98127849492894492 -0.012505862982623548 0.88360901903274536 2549.0000000000005 96.954998016357436 3.2500000000000004 96.18500137329103 0.054314218413156257 0.016561021226398503 0.95279356316834851
decision_type=2 2 2 2 2 2 2 2 2 2 2 2 2 2 2 2 2 2 2
left_child=5 8 7 -4 -5 6 -1 17 9 11 -8 -2 -9 16 -15 -7 -10 -3 -17
right_child=1 2 3 4 -6 15 10 12 13 -11 -12 -13 -14 14 -16 18 -18 -19 -20
leaf_value=0 -0.00098073641493195475 -0.00015189971877193516 0.0010991000370255538 0.00011845436942470528 -0.00026375777312091244 0.00049370821169577531 0.00045219893009366041 -0.0014137010856717822 -0.00049227978828275806 0.00059204414067789914 0.0019141605750968057 -4.2724068771348916e-07 -0.00046318081342906227 -0.00050824923515756389 -0.0015668895424789059 -0.00041841810755431652 0 0.00028875299242993248 0
leaf_weight=25 28 31 32 1325 278 21 23 22 69 33 24 45 61 45 20 21 21 20 21
leaf_count=25 28 31 32 1325 278 21 23 22 69 33 24 45 61 45 20 21 21 20 21
internal_value=5.34531e-06 -2.784e-05 2.94304e-05 7.42735e-05 4.99324e-05 0.000515851 0.000903755 -0.00048547 -0.000423293 -8.35757e-05 0.00132879 -0.000439781 -0.000790536 -0.000630631 -0.000932859 6.14889e-06 -0.000357045 0 -0.000187626
internal_weight=2165 2030 1769 1635 1603 135 72 134 261 106 47 73 83 155 65 63 90 51 42
internal_count=2165 2030 1769 1635 1603 135 72 134 261 106 47 73 83 155 65 63 90 51 42
is_linear=0
shrinkage=0.03


Tree=151
num_leaves=14
num_cat=0
split_feature=11 14 24 24 23 11 11 32 32 33 23 24 2
split_gain=0.0432886 0.0453967 0.0800595 0.0606413 0.0598504 0.0535981 0.0362555 0.0438217 0.0211216 0.0154905 0.0142107 0.0098164 0.00288165
threshold=1.2308452862358015 0.061835165814397706 21.550000000000004 17.350000000000005 3460.5000000000005 0.87032415224060655 0.93090070498948474 9.2208457036646371e-05 -0.00065994579486179986 0.029125585926772203 1722.0000000000002 0.75000000000000011 0.004087355795006551
decision_type=2 2 2 2 2 2 2 2 2 2 2 2 2
left_child=1 3 11 4 5 -1 9 -8 -6 -5 -2 -3 -12
right_child=10 2 -4 6 8 -7 7 -9 -10 -11 12 -13 -14
leaf_value=0.0011367126035741267 0 -0.00031378156206056732 0.0021488665051013229 -8.4698690680002592e-05 0.00041058822605954183 0.00014875263266421872 -0.00082092573958568503 -4.4930807179380781e-05 -0.00038604745099732828 0.00062851208896609026 -0.00031428522253409031 0.0004549026059083127 -0.0010189348319644463
leaf_weight=50 25 26 22 180 28 1176 161 124 247 29 27 26 44
leaf_count=50 25 26 22 180 28 1176 161 124 247 29 27 26 44
internal_value=5.03657e-06 3.56806e-05 0.000750833 6.56456e-06 0.000102953 0.000194162 -0.000279126 -0.000497702 -0.000290589 7.60626e-06 -0.000606171 1.98638e-05 -0.000815115
internal_weight=2165 2069 74 1995 1501 1226 494 285 275 209 96 52 71
internal_count=2165 2069 74 1995 1501 1226 494 285 275 209 96 52 71
is_linear=0
shrinkage=0.03


Tree=152
num_leaves=11
num_cat=0
split_feature=11 26 14 24 15 23 26 24 28 35
split_gain=0.0422067 0.051912 0.0576085 0.0680186 0.0545974 0.0506408 0.0419874 0.0331065 0.0334439 0.0207776
threshold=1.315028554536241 285.50000000000006 0.061835165814397706 0.75000000000000011 0.049011443925564807 2636.5000000000005 629.50000000000011 1.0000000180025095e-35 0.0015567938253794001 -5.1565350317039727e-06
decision_type=2 2 2 2 2 2 2 2 2 2
left_child=1 7 4 -4 5 -3 -5 8 -1 -6
right_child=-2 2 3 6 9 -7 -8 -9 -10 -11
leaf_value=0.00037884938949719069 -0.0011719443870630735 0.00016818494021426887 -0.00037131127303179637 0.0023343241303586042 -0.001210753702839429 -0.00014736662099322831 0.00030925163959152994 0 0.0019784569061907509 -0.00032947599990489079
leaf_weight=36 24 877 23 23 37 950 22 37 23 113
leaf_count=36 24 877 23 23 37 950 22 37 23 113
internal_value=4.88743e-06 2.11e-05 -9.9206e-06 0.000827741 -4.14581e-05 2.49309e-06 0.00148799 0.000692483 0.00111637 -0.000585944
internal_weight=2165 2141 2045 68 1977 1827 45 96 59 150
internal_count=2165 2141 2045 68 1977 1827 45 96 59 150
is_linear=0
shrinkage=0.03


Tree=153
num_leaves=20
num_cat=0
split_feature=26 18 23 23 16 19 19 18 28 29 29 10 16 17 19 3 32 14 28
split_gain=0.0403917 0.0580209 0.058556 0.0502106 0.0483312 0.0501507 0.0367071 0.0316768 0.0300538 0.0303334 0.0615164 0.0559085 0.0196029 0.0218234 0.0143289 0.0136313 0.00824813 0.00533398 0.00485347
threshold=759.00000000000011 0.61135327986090304 1543.0000000000002 3365.5000000000005 39.051097557903113 90.125000000000014 99.264999389648452 0.98746975034313722 0.14541054865538233 2.2304999796192837e-06 6.1687477475844119e-07 1.0303925345541278 40.291809855025072 -0.005833698861989949 96.325000762939467 -0.0043642950215035487 -0.0030445747910835996 0.019955971851970754 0.19451360287551217
decision_type=2 2 2 2 2 2 2 2 2 2 2 2 2 2 2 2 2 2 2
left_child=1 3 -3 6 7 -6 15 -4 9 10 17 -12 14 -14 -11 -1 18 -2 -10
right_child=8 2 4 -5 5 -7 -8 -9 16 12 11 -13 13 -15 -16 -17 -18 -19 -20
leaf_value=0.0021875257737321791 -0.00061556562789316692 0.0012072469744537221 0 -0.00011070620047394186 0.0011481213222640299 -0.00014034815793292121 2.8591244331827114e-05 0.0010473865372983768 0.00018045892950613052 0.00024202792599486804 0.0015578261207344686 -0.00021226047651599282 -0.00079910060651974541 -0.00021824459948463764 -0.0001971064709910514 0.00088967926872637903 0 0 0.0010973363198825846
leaf_weight=24 32 35 36 36 25 673 25 58 21 132 41 20 67 708 127 38 24 23 20
leaf_count=24 32 35 36 36 25 673 25 58 21 132 41 20 67 708 127 38 24 23 20
internal_value=4.77064e-06 0.00015237 5.68503e-05 0.000754151 0 -8.52039e-05 0.00113712 0.000629261 -0.000108264 -0.000146184 0.000298394 0.000947849 -0.000199671 -0.000275204 1.54577e-05 0.001516 0.000495354 -0.000381956 0.000740222
internal_weight=2165 950 827 123 792 698 87 94 1215 1150 116 61 1034 775 259 62 65 55 41
internal_count=2165 950 827 123 792 698 87 94 1215 1150 116 61 1034 775 259 62 65 55 41
is_linear=0
shrinkage=0.03


Tree=154
num_leaves=16
num_cat=0
split_feature=11 20 15 23 15 26 24 32 15 9 20 16 23 32 11
split_gain=0.0406392 0.0746333 0.0521743 0.0507335 0.0609263 0.049135 0.0682014 0.0475762 0.037261 0.029619 0.022795 0.0210099 0.0208509 0.0180703 0.0106604
threshold=0.96768140863062624 0.70500000000000007 0.016927105385251804 1538.5000000000002 0.031920915891846903 477.50000000000006 11.450000000000001 -0.0010610478821227998 0.059542585413890556 0.89824511540717644 1.3750000000000002 33.331937259742162 1443.0000000000002 0.00068955654346925009 0.99866427367698074
decision_type=2 2 2 2 2 2 2 2 2 2 2 2 2 2 2
left_child=1 -1 7 4 -4 6 -5 -2 9 11 -7 -3 -11 14 -9
right_child=2 8 3 5 -6 10 -8 13 -10 12 -12 -13 -14 -15 -16
leaf_value=0.0017643438789348761 0.0016297458212357013 0 -0.00011998514747080791 0.00032040973040938674 0.001576955852411629 -0.00095008522752122466 -0.00072655175955028224 0.00073340526356228757 0.0012651359528023747 -0.00064027611468918627 -0.00029643763721253451 -0.0011260186012717894 0.00016463500601462505 -0.0004491987857327331 0.00010232161386508723
leaf_weight=23 21 22 39 252 29 55 68 39 22 26 728 27 690 29 95
leaf_count=23 21 22 39 252 29 55 68 39 22 26 728 27 690 29 95
internal_value=4.98082e-06 0.00017403 -9.40267e-05 -0.000169726 0.00059751 -0.000221231 8.39607e-05 0.000366685 0.000117233 7.55017e-05 -0.000349619 -0.000606514 0.000128684 0.000159375 0.000319931
internal_weight=2165 810 1355 1171 68 1103 320 184 787 765 783 49 716 163 134
internal_count=2165 810 1355 1171 68 1103 320 184 787 765 783 49 716 163 134
is_linear=0
shrinkage=0.03


Tree=155
num_leaves=18
num_cat=0
split_feature=26 18 23 19 19 34 19 26 7 23 7 23 29 28 24 24 28
split_gain=0.0378581 0.0636726 0.064631 0.0451153 0.0714268 0.0613496 0.0405099 0.0368006 0.0307978 0.0273372 0.0312764 0.0296455 0.0564368 0.0164428 0.0156019 0.0108678 0.00660489
threshold=728.50000000000011 0.7334847273477707 3242.0000000000005 90.174999237060561 94.24499893188478 0.047288454395923406 99.365001678466811 486.00000000000006 0.046539683185061208 1257.0000000000002 0.052259124539682157 3470.5000000000005 2.2304999796192837e-06 1.3632513170423934e-07 24.850000000000005 9.5500000000000025 0.0043366215427318505
decision_type=2 2 2 2 2 2 2 2 2 2 2 2 2 2 2 2 2
left_child=1 2 6 -3 7 -6 8 -5 -1 -2 11 12 -11 -12 -15 -4 -13
right_child=9 3 15 4 5 -7 -8 -9 -10 10 13 16 -14 14 -16 -17 -18
leaf_value=0.00093700992687718095 -0.00094388774207190536 0.0011854936314329247 -0.00037858466358585771 -0.00020181136001161417 0.00031673532406714027 -0.0011455272284672698 0 -0.0010943120282629088 0.002511113672233794 0.0008604362795084766 0.00013809922566482174 -0.00050077453837132988 -6.2439178703286042e-06 -0.00066233363855626903 0 0.00032125451885180417 0
leaf_weight=61 31 26 35 203 392 24 20 55 20 70 33 114 834 140 40 39 28
leaf_count=61 31 26 35 203 392 24 20 55 20 70 33 114 834 140 40 39 28
internal_value=4.99727e-06 0.000158324 0.000665681 2.49179e-05 -2.04757e-05 0.000217616 0.00114793 -0.000413959 0.00143719 -9.68093e-05 -7.13805e-05 -6.28369e-07 6.01827e-05 -0.000400107 -0.000515817 0 -0.000401689
internal_weight=2165 875 175 700 674 416 101 258 81 1290 1259 1046 904 213 180 74 142
internal_count=2165 875 175 700 674 416 101 258 81 1290 1259 1046 904 213 180 74 142
is_linear=0
shrinkage=0.03


Tree=156
num_leaves=12
num_cat=0
split_feature=11 14 24 24 23 11 11 32 23 14 33
split_gain=0.040367 0.0428159 0.0601851 0.0503612 0.0507374 0.0694199 0.0327736 0.0394858 0.0200507 0.0161112 0.0141748
threshold=1.315028554536241 0.061835165814397706 21.550000000000004 17.350000000000005 3416.0000000000005 0.87032415224060655 0.93090070498948474 9.2208457036646371e-05 3957.0000000000005 0.067244947195013657 0.029125585926772203
decision_type=2 2 2 2 2 2 2 2 2 2 2
left_child=1 3 9 4 5 -1 10 -8 -6 -3 -5
right_child=-2 2 -4 6 8 -7 7 -9 -10 -11 -12
leaf_value=0.0012639646951085885 -0.001146042020448173 0.00072905866805787962 0.0018257227597974371 -8.3169578808144144e-05 -0.00036389564106167617 0.00011394790447627601 -0.00077700616894945122 -4.3497399148236578e-05 0.00034325118465839251 -0.00025046656520571559 0.0005993706781882793
leaf_weight=47 24 20 25 180 264 1215 164 125 35 37 29
leaf_count=47 24 20 25 180 264 1215 164 125 35 37 29
internal_value=4.81048e-06 2.0696e-05 0.000680823 -5.09102e-06 7.72827e-05 0.000162045 -0.000268199 -0.000473725 -0.000268598 6.24948e-05 4.52749e-06
internal_weight=2165 2141 82 2059 1561 1262 498 289 299 57 209
internal_count=2165 2141 82 2059 1561 1262 498 289 299 57 209
is_linear=0
shrinkage=0.03


Tree=157
num_leaves=14
num_cat=0
split_feature=11 26 23 11 29 28 23 11 29 19 23 19 28
split_gain=0.0391638 0.0561477 0.0766627 0.0660445 0.0565411 0.0365147 0.0264393 0.0274745 0.0337486 0.0146747 0.0120656 0.00304024 0.00355277
threshold=1.2308452862358015 728.50000000000011 1636.0000000000002 0.95347012308761292 0.00039365885623715005 9.5682287980188358e-05 1257.0000000000002 1.0050618843742052 1.7651415767256464e-06 89.524997711181655 1722.0000000000002 93.264999389648452 0.0021378474965786502
decision_type=2 2 2 2 2 2 2 2 2 2 2 2 2
left_child=1 2 -1 5 -5 -4 -3 8 -8 -9 -2 -12 -13
right_child=10 6 3 4 -6 -7 7 9 -10 -11 11 12 -14
leaf_value=0.0018160216315324454 0 -0.00092035290081163529 0.0015083792358753271 -0.00075761623258035419 0.00012723925575648998 0.00040678997623274889 0.00075892864723169204 -0.00073216056414745058 -1.375854876200004e-05 -0.00017969847608975361 -0.00018334976520956208 -0.0012596725365812223 -0.00039391737248234708
leaf_weight=24 25 31 37 71 523 143 51 54 785 350 20 25 26
leaf_count=24 25 31 37 71 523 143 51 54 785 350 20 25 26
internal_value=4.71644e-06 3.3931e-05 0.000231739 0.000171931 1.31729e-05 0.000670637 -8.81619e-05 -6.27726e-05 3.23485e-05 -0.000265766 -0.000576563 -0.000769074 -0.000920267
internal_weight=2165 2069 798 774 594 180 1271 1240 836 404 96 71 51
internal_count=2165 2069 798 774 594 180 1271 1240 836 404 96 71 51
is_linear=0
shrinkage=0.03


Tree=158
num_leaves=12
num_cat=0
split_feature=11 14 24 20 15 20 11 20 34 21 17
split_gain=0.0376268 0.040111 0.0569197 0.0852674 0.0477071 0.0518921 0.0686018 0.0460371 0.0302642 0.0229942 0.00595684
threshold=1.315028554536241 0.061835165814397706 5.9500000000000011 1.925 0.049011443925564807 0.70500000000000007 0.97299183755563501 1.3900000000000001 -0.00016339815618209998 28.920000076293949 -0.0027939304801421999
decision_type=2 2 2 2 2 2 2 2 2 2 2
left_child=1 4 10 -4 5 6 -1 -7 9 -6 -3
right_child=-2 2 3 -5 8 7 -8 -9 -10 -11 -12
leaf_value=0.0021303093067836015 -0.0011066451154959698 0.00021722286931522513 0.0026760992326004345 0 -0.00043127242325359608 -0.00043203050348769427 0.00016998987082942303 5.3553243405258562e-05 0.00026605933431578292 -0.001492910436913371 -0.00042028545753099026
leaf_weight=21 24 20 20 20 101 194 63 1623 30 27 22
leaf_count=21 24 20 20 20 101 194 63 1623 30 27 22
internal_value=4.41391e-06 1.97989e-05 0.000658755 0.00143035 -5.11415e-06 3.53542e-05 0.000751112 0 -0.000502234 -0.000707173 -5.58002e-05
internal_weight=2165 2141 82 40 2059 1901 84 1817 158 128 42
internal_count=2165 2141 82 40 2059 1901 84 1817 158 128 42
is_linear=0
shrinkage=0.03


Tree=159
num_leaves=17
num_cat=0
split_feature=16 17 23 22 10 22 13 9 5 16 8 10 23 23 34 35
split_gain=0.0354554 0.0474374 0.0377247 0.0395304 0.0513577 0.0481406 0.023276 0.0280015 0.0152113 0.0144489 0.0261268 0.0161706 0.00878552 0.0147487 0.00676557 0.00670741
threshold=34.405600573022916 -0.0091065983161309483 1257.0000000000002 238.05700000000004 1.008767105237484 236.23700000000005 0.91840965064492663 0.89224712498923886 -0.012505862982623548 40.893704788219885 0.98113513833998389 0.88360901903274536 3304.5000000000005 2316.0000000000005 0.0040979202271556507 3.8519305570179181e-05
decision_type=2 2 2 2 2 2 2 2 2 2 2 2 2 2 2 2
left_child=6 9 -3 5 -5 -4 7 -1 -9 10 11 -2 13 -11 -14 -8
right_child=1 2 3 4 -6 -7 15 8 -10 12 -12 -13 14 -15 -16 -17
leaf_value=0 -0.00098255467703565959 -0.0010798215178979768 0.0003802375402157665 0.00035535863465708444 -1.8940346790630976e-05 -0.00040337427889156974 0.00029756547100036047 0.00041400032791380704 0.0017844624993675904 -8.4286156317426084e-05 0.0005141123547341283 -3.7800692655938699e-06 0 -0.0011539824500625185 -0.00058098158763335425 -0.00029345107611734422
leaf_weight=25 27 24 86 528 834 297 36 23 24 24 35 44 45 48 38 27
leaf_count=25 27 24 86 528 834 297 36 23 24 24 35 44 45 48 38 27
internal_value=4.34854e-06 -2.58474e-05 2.85079e-05 4.72947e-05 0.000124427 -0.00021806 0.000470835 0.000828984 0.00123889 -0.000401756 -9.2826e-05 -0.000441274 -0.000588264 -0.000855051 -0.000300196 0
internal_weight=2165 2030 1769 1745 1362 383 135 72 47 261 106 71 155 72 83 63
internal_count=2165 2030 1769 1745 1362 383 135 72 47 261 106 71 155 72 83 63
is_linear=0
shrinkage=0.03


Tree=160
num_leaves=15
num_cat=0
split_feature=11 26 23 11 15 23 30 7 16 23 23 32 19 26
split_gain=0.0358704 0.0533163 0.0724307 0.0598706 0.0559621 0.0252081 0.0248353 0.0226469 0.0276164 0.0255668 0.0116469 0.00767381 0.00281407 0.000636276
threshold=1.2308452862358015 728.50000000000011 1636.0000000000002 0.95347012308761292 0.016927105385251804 3359.5000000000005 0.13632590620985249 0.052259124539682157 36.933068774295435 1257.0000000000002 1722.0000000000002 -0.0030445747910835996 93.264999389648452 727.50000000000011
decision_type=2 2 2 2 2 2 2 2 2 2 2 2 2 2
left_child=1 2 -1 5 -5 -4 7 9 -9 -3 -2 -8 -12 -14
right_child=10 6 3 4 -6 -7 11 8 -10 -11 12 -13 13 -15
leaf_value=0.0017650306959274328 0 -0.00087196408423102084 0.00097637136575455465 0.0012816329530964139 -4.6355695420750539e-05 0.00020378028338871384 0.00072611878984948485 0.00023046367013508954 -0.00061053901854220857 -2.8838551256705404e-05 -0.00017122967322559459 0 -0.001124736633121727 -0.00038688885202058234
leaf_weight=24 25 31 96 27 567 84 38 38 149 991 20 24 28 23
leaf_count=24 25 31 96 27 567 84 38 38 149 991 20 24 28 23
internal_value=3.99206e-06 3.20121e-05 0.000224809 0.000166558 1.51193e-05 0.000641473 -8.69252e-05 -0.000119361 -0.00042291 -5.98169e-05 -0.000552264 0.00047573 -0.000741408 -0.000887518
internal_weight=2165 2069 798 774 594 180 1271 1209 187 1022 96 62 71 51
internal_count=2165 2069 798 774 594 180 1271 1209 187 1022 96 62 71 51
is_linear=0
shrinkage=0.03


Tree=161
num_leaves=16
num_cat=0
split_feature=26 26 26 32 29 26 22 29 11 32 23 23 13 14 28
split_gain=0.0351638 0.037436 0.0740312 0.0810202 0.0504584 0.104691 0.052943 0.0393856 0.0313948 0.0215445 0.0243476 0.0153561 0.0109754 0.0085318 0.00328441
threshold=285.50000000000006 403.50000000000006 477.50000000000006 -0.0013874883136041499 0.0040775799885676509 663.50000000000011 236.61750000000004 0.041314961160908457 0.99152879317798959 -3.8982577282215758e-05 3926.5000000000005 2610.5000000000005 1.1113764408729832 0.034511595384867304 0.0041645669938473011
decision_type=2 2 2 2 2 2 2 2 2 2 2 2 2 2 2
left_child=8 9 3 -3 5 -4 -6 -5 -1 10 14 -11 13 -10 -2
right_child=1 2 4 7 6 -7 -8 -9 12 11 -12 -13 -14 -15 -16
leaf_value=0.0014006867949963257 0.00043637502650963143 0.0020161608448310288 0.00097401817346856514 0.0007694166885543382 0.00038999974575176078 -2.0349643232038442e-05 -0.00036689072013020523 -0.00011734066164353863 0 -0.001449346093536024 -0.00085050146803925073 -0.00022982046687476603 -0.00027195212467470101 0.00080802338020617346 0
leaf_weight=26 27 27 102 77 91 979 573 91 26 28 25 25 24 24 20
leaf_count=26 27 27 102 77 91 979 573 91 26 28 25 25 24 24 20
internal_value=3.88849e-06 -2.16686e-05 9.58704e-06 0.000560647 -5.1133e-05 7.31444e-05 -0.000257375 0.000277914 0.000546029 -0.00051905 -0.000120982 -0.000970798 0.00016391 0.000433279 0.000234808
internal_weight=2165 2065 1940 195 1745 1081 664 168 100 125 72 53 74 50 47
internal_count=2165 2065 1940 195 1745 1081 664 168 100 125 72 53 74 50 47
is_linear=0
shrinkage=0.03


Tree=162
num_leaves=11
num_cat=0
split_feature=11 26 14 20 20 26 28 24 28 13
split_gain=0.0349849 0.0428143 0.0457129 0.064045 0.0366229 0.103171 0.0523035 0.0294861 0.0282919 0.00397247
threshold=1.315028554536241 285.50000000000006 0.061835165814397706 1.9350000000000003 1.3900000000000001 526.00000000000011 3.8006374808573482e-05 1.0000000180025095e-35 0.0015567938253794001 0.965097251338217
decision_type=2 2 2 2 2 2 2 2 2 2
left_child=1 7 4 -4 6 -6 -3 8 -1 -5
right_child=-2 2 3 9 5 -7 -8 -9 -10 -11
leaf_value=0.00034272321417497904 -0.0010674395175236794 0.00060634763374597445 0.0018872828197975954 -0.00026133281697073707 0.00054940955651928394 -8.8751534243761498e-05 -0.00060004773501282213 0 0.0018243021517275616 0.00027246760631937327
leaf_weight=36 24 34 24 20 266 1488 189 37 23 24
leaf_count=36 24 34 24 20 266 1488 189 37 23 24
internal_value=3.87232e-06 1.87575e-05 -9.28177e-06 0.000736656 -3.75311e-05 7.09313e-06 -0.000397231 0.000628537 0.001029 0
internal_weight=2165 2141 2045 68 1977 1754 223 96 59 44
internal_count=2165 2141 2045 68 1977 1754 223 96 59 44
is_linear=0
shrinkage=0.03


Tree=163
num_leaves=7
num_cat=0
split_feature=11 22 11 22 29 26
split_gain=0.0341831 0.0383797 0.0332118 0.0430307 0.0883625 0.0455538
threshold=0.7760693151947412 294.93500000000006 1.315028554536241 281.69400000000007 0.00052771640035415013 285.50000000000006
decision_type=2 2 2 2 2 2
left_child=-1 2 3 5 -5 -2
right_child=1 -3 -4 4 -6 -7
leaf_value=0.00088505536895872147 0.00061208302254972015 -0.00098246629571076467 -0.0010389744832904804 0.00011636963698476059 0.0021669314700365062 -4.7675505283511477e-05
leaf_weight=36 96 33 24 95 22 1859
leaf_count=36 96 33 24 95 22 1859
internal_value=3.91974e-06 -1.0797e-05 4.45433e-06 1.94708e-05 0.000571479 -1.28578e-05
internal_weight=2165 2129 2096 2072 117 1955
internal_count=2165 2129 2096 2072 117 1955
is_linear=0
shrinkage=0.03


Tree=164
num_leaves=25
num_cat=0
split_feature=11 26 7 22 15 23 32 17 8 14 29 23 25 26 33 26 22 23 14 31 22 14 28 30
split_gain=0.0333621 0.0478851 0.0528473 0.0414518 0.056038 0.0497758 0.079451 0.0363526 0.0457957 0.0316939 0.0286583 0.0291514 0.0274598 0.0285874 0.0246074 0.0232714 0.0214884 0.0324618 0.0205653 0.0179163 0.0172221 0.0113609 0.00752018 0.0249497
threshold=0.98421553065110701 728.50000000000011 0.08279167923851051 238.53600000000003 0.034732939818143856 2767.5000000000005 -0.0013874883136041499 0.011494192941365602 1.0561341737191605 0.030188106761355204 0.0030125182749247002 3007.5000000000005 11.65 951.00000000000011 -0.016827010604782446 1872.0000000000002 249.55300000000003 2439.5000000000005 0.029571608063581153 -0.006051953346993549 236.61750000000004 0.021546616630352403 0.096468328902932915 -0.00013129746998539996
decision_type=2 2 2 2 2 2 2 2 2 2 2 2 2 2 2 2 2 2 2 2 2 2 2 2
left_child=1 2 10 20 5 6 -5 9 -9 -6 11 -1 16 21 -12 -15 17 -3 -7 -18 -2 -14 23 -22
right_child=3 12 -4 4 7 18 -8 8 -10 -11 14 -13 13 15 -16 -17 19 -19 -20 -21 22 -23 -24 -25
leaf_value=0.0012705517214768485 0.0001565539982356131 0.00046419774429928254 0.0017521874545241838 0.0015289469799644559 -0.001574469350860454 -0.00025482288971476874 0.00019270978527618471 0.00078148445320274566 -0.00078072777466150003 -0.00036734870523915476 0.00051901108596326883 9.106593339137085e-05 0.00037394530375968319 0.001202095342324452 -0.00028539401765114494 0 -0.00066499539999360284 -0.00013873814443640222 0.00024475666323953192 -9.1658640722080395e-05 -0.00046027779033616309 -0.00037456448980402658 0 -0.0015917721989357635
leaf_weight=43 22 121 25 46 21 250 275 48 21 261 54 43 29 44 81 23 78 216 97 168 113 38 24 24
leaf_count=43 22 121 25 46 21 250 275 48 21 261 54 43 29 44 81 23 78 216 97 168 113 38 24 24
internal_value=3.87319e-06 0.000136538 0.000495206 -9.99987e-05 -2.1675e-05 0.000136359 0.000405839 -0.000329517 0.000251642 -0.000483394 0.000318058 0.000737465 7.76294e-06 0.000393801 1.89169e-05 0.000819166 -7.74085e-05 7.11084e-05 -0.000105699 -0.000291318 -0.000512616 -5.58421e-06 -0.000623539 -0.000709786
internal_weight=2165 963 246 1202 1019 668 321 351 69 282 221 86 717 134 135 67 583 337 347 246 183 67 161 137
internal_count=2165 963 246 1202 1019 668 321 351 69 282 221 86 717 134 135 67 583 337 347 246 183 67 161 137
is_linear=0
shrinkage=0.03


Tree=165
num_leaves=10
num_cat=0
split_feature=11 11 23 24 14 15 32 19 35
split_gain=0.0326869 0.0300701 0.0323553 0.0343048 0.0839573 0.0533497 0.0167216 0.0244725 0.00519985
threshold=0.7760693151947412 1.315028554536241 3460.5000000000005 16.550000000000004 0.065268148273752422 0.051138804574695156 -0.00070685338635399992 98.454998016357436 0.00084914510618000017
decision_type=2 2 2 2 2 2 2 2 2
left_child=-1 2 3 5 -5 -2 8 -8 -4
right_child=1 -3 6 4 -6 -7 7 -9 -10
leaf_value=0.00086546889379119057 0.00018903586594676386 -0.0010055229313632784 0.00040345399396028372 -0.00028910642982549846 0.0012524111431420723 -0.00062384574033249479 -0.00046017044325610677 0.00013894146325219481 -8.8208477670812714e-05
leaf_weight=36 1200 24 38 409 31 73 265 69 20
leaf_count=36 1200 24 38 409 31 73 265 69 20
internal_value=3.81139e-06 -1.05489e-05 7.86967e-07 5.85478e-05 -0.000165982 0.000138713 -0.000242555 -0.000327365 0.000188735
internal_weight=2165 2129 2105 1713 440 1273 392 334 58
internal_count=2165 2129 2105 1713 440 1273 392 334 58
is_linear=0
shrinkage=0.03


Tree=166
num_leaves=20
num_cat=0
split_feature=16 17 26 24 11 29 26 22 9 11 26 35 28 28 10 9 9 9 23
split_gain=0.0321058 0.0434098 0.039653 0.0608212 0.05398 0.0454386 0.0799159 0.0511525 0.0373917 0.0209897 0.0304893 0.0142837 0.01354 0.0148559 0.0121587 0.012499 0.00477175 0.00222592 0.00154568
threshold=34.405600573022916 -0.0091065983161309483 477.50000000000006 6.1500000000000012 1.1141302411113625 0.0040775799885676509 663.50000000000011 236.61750000000004 1.0051680218883197 0.85363504161653847 751.50000000000011 1.4782766547604919e-07 0.00023943800911270004 7.8747484425321237e-05 0.95615339895702556 0.91457903069702351 0.92714578373858014 0.95279356316834851 3365.5000000000005
decision_type=2 2 2 2 2 2 2 2 2 2 2 2 2 2 2 2 2 2 2
left_child=9 12 3 4 -3 6 -4 -7 -5 10 -1 -11 13 -2 15 -14 -12 -13 -16
right_child=1 2 5 8 -6 7 -8 -9 -10 11 16 17 14 -15 18 -17 -18 -19 -20
leaf_value=0.0015553612793795764 -0.00034102685015501553 0.0010621986688914937 0.00095430923768037947 0.00046696773446370463 4.9400854465221202e-05 0.00036482921210987551 -2.978706174257358e-06 -0.00040627177353181888 -0.00053392143261741718 0.00057123371072370427 -2.5205146637745193e-05 -0.00047522024932550273 -0.00085409610247505561 0.00061070110369473699 -0.0011994243549183011 -0.00015518154445521231 0.00049632615849006239 0 -0.00036271246455852756
leaf_weight=27 35 116 83 48 90 88 830 426 88 26 21 21 32 21 27 126 20 20 20
leaf_count=27 35 116 83 48 90 88 830 426 88 26 21 21 32 21 27 126 20 20 20
internal_value=3.67141e-06 -2.49958e-05 2.69315e-05 0.000316593 0.000641129 -4.09103e-05 8.36128e-05 -0.000267101 -0.000156629 0.000447653 0.000809457 1.86382e-05 -0.000384618 0 -0.000496331 -0.000328645 0.000177513 -0.000278661 -0.000946502
internal_weight=2165 2030 1769 342 206 1427 913 514 136 135 68 67 261 56 205 158 41 41 47
internal_count=2165 2030 1769 342 206 1427 913 514 136 135 68 67 261 56 205 158 41 41 47
is_linear=0
shrinkage=0.03


Tree=167
num_leaves=22
num_cat=0
split_feature=11 26 14 15 32 23 21 17 18 12 24 29 25 26 26 23 18 32 30 28 14
split_gain=0.0314024 0.0439693 0.0469085 0.0374839 0.0545674 0.0534738 0.0545207 0.0438413 0.0569439 0.0358664 0.0265702 0.0323313 0.0254542 0.0269335 0.0218622 0.0192137 0.0174191 0.0172403 0.0256622 0.0129832 0.00400463
threshold=0.98421553065110701 728.50000000000011 0.054235395252037862 0.016779275135539552 -0.00044552449013744998 1538.5000000000002 22.925000190734867 0.01018293608845615 0.61135327986090304 1.0946423565087355 0.25000000000000006 0.0031060449617630005 11.65 951.00000000000011 1872.0000000000002 1535.0000000000002 1.0241019827476816 -0.0027008044239045996 0.0094379903987603514 4.0688848391017521e-05 0.036236048179897506
decision_type=2 2 2 2 2 2 2 2 2 2 2 2 2 2 2 2 2 2 2 2 2
left_child=1 2 10 4 -2 6 -5 8 -7 -9 -1 -12 17 16 -15 -6 -14 20 -19 -17 -3
right_child=3 12 -4 5 15 7 -8 9 -10 -11 11 -13 13 14 -16 19 -18 18 -20 -21 -22
leaf_value=0.0011741371260889405 0.0015100970099326864 0.000540764833419499 0.0015552068316293031 0 -0.0006174130898113524 0.00029437284040732017 0.0018030205928953361 0.00033248176358422626 -0.00042711584381186792 -0.00068923355146156004 0.00060752649581281284 -0.00016072994328772083 -0.00048934509575299567 0.0011645701075408685 0 -0.00031995590788352744 0.00043359970806632194 -7.231455951943202e-05 -0.00095180118253285228 0.00043808700606119021 0
leaf_weight=25 26 41 30 37 26 108 21 180 672 33 79 112 35 44 23 20 32 492 30 79 20
leaf_count=25 26 41 30 37 26 108 21 180 672 33 79 112 35 44 23 20 32 492 30 79 20
internal_value=3.5401e-06 0.000132292 0.000476028 -9.71942e-05 0.000334104 -0.000162781 0.000688936 -0.000217466 -0.000322641 0.000152925 0.000293192 0.000146048 8.69863e-06 0.000380442 0.000793424 3.63998e-05 -5.98748e-06 -7.31357e-05 -0.000133724 0.000250629 0.000380431
internal_weight=2165 963 246 1202 151 1051 58 993 780 213 216 191 717 134 67 125 67 583 522 99 61
internal_count=2165 963 246 1202 151 1051 58 993 780 213 216 191 717 134 67 125 67 583 522 99 61
is_linear=0
shrinkage=0.03


Tree=168
num_leaves=16
num_cat=0
split_feature=11 26 23 18 17 23 26 25 15 30 23 26 23 26 2
split_gain=0.0304448 0.0414918 0.0668243 0.0536273 0.04725 0.0371407 0.0253201 0.0307005 0.0278422 0.0199867 0.0193626 0.0164907 0.0110884 0.00274733 0.00257432
threshold=1.2308452862358015 764.50000000000011 1636.0000000000002 0.61135327986090304 0.011494192941365602 3460.5000000000005 891.00000000000011 9.0500000000000025 0.020509517935028903 -1.3162481551976157e-05 1257.0000000000002 789.50000000000011 1722.0000000000002 849.50000000000011 0.004087355795006551
decision_type=2 2 2 2 2 2 2 2 2 2 2 2 2 2 2
left_child=1 2 -1 5 -5 -4 9 10 -9 11 -8 -3 -2 -11 -14
right_child=12 6 3 4 -6 -7 7 8 -10 13 -12 -13 14 -15 -16
leaf_value=0.0016664277253568998 0 0.0005586675085512031 0.001091167146064065 -5.5280860777258661e-05 0.00061823888982906765 -6.8966323884229154e-06 -0.00081311262563309248 6.0606032577451576e-05 0.00079350088980265326 -0.00099504346541860788 -6.2636502056361031e-05 -0.00025149060243329373 -0.00023462121058255434 -0.000248805422144942 -0.00087821506881254139
leaf_weight=24 25 20 78 641 106 34 31 169 68 39 583 254 27 22 44
leaf_count=24 25 20 78 641 106 34 31 169 68 39 583 254 27 22 44
internal_value=3.77277e-06 2.96942e-05 0.000186129 0.000135634 3.83829e-05 0.000740255 -8.4427e-05 0 0.000290678 -0.000304129 -0.000109159 -0.000176115 -0.000508556 -0.000797062 -0.000693442
internal_weight=2165 2069 883 859 747 112 1186 851 237 335 614 274 96 61 71
internal_count=2165 2069 883 859 747 112 1186 851 237 335 614 274 96 61 71
is_linear=0
shrinkage=0.03


Tree=169
num_leaves=18
num_cat=0
split_feature=16 17 26 32 29 26 22 26 13 9 19 8 13 26 29 19 9
split_gain=0.0301578 0.0405428 0.0368366 0.0502326 0.042133 0.0725482 0.0484343 0.034861 0.0183868 0.0248937 0.0139979 0.0126479 0.0203371 0.0188853 0.0143726 0.00629771 0.00275949
threshold=34.405600573022916 -0.0091065983161309483 477.50000000000006 -0.0013874883136041499 0.0040775799885676509 629.50000000000011 236.61750000000004 462.50000000000006 0.91840965064492663 0.89224712498923886 97.284999847412124 0.930053984778906 0.96628952774538013 728.50000000000011 0.0018312909989783002 96.18500137329103 0.95279356316834851
decision_type=2 2 2 2 2 2 2 2 2 2 2 2 2 2 2 2 2
left_child=8 11 3 -3 5 -4 -6 -5 9 -1 -11 -2 13 -13 -14 -10 -17
right_child=1 2 4 7 6 -7 -8 -9 15 10 -12 12 14 -15 -16 16 -18
leaf_value=0 -0.0010526158504116419 0.0012887846608064136 0.0010983854281337204 2.8625017206650226e-05 0.00035728177986271508 6.8379042351173043e-06 -0.00039277819904460695 0.001037212242449944 0.00043599499226547778 0.00035369253530818522 0.0016586043107219867 0.00022965991110110789 0 -0.00040489045435097067 -0.00089529893281043403 -0.00038685302872909234 0
leaf_weight=25 23 39 56 270 88 857 426 33 21 23 24 82 20 77 59 21 21
leaf_count=25 23 39 56 270 88 857 426 33 21 23 24 82 20 77 59 21 21
internal_value=3.55851e-06 -2.41823e-05 2.59477e-05 0.000305169 -3.93733e-05 8.04425e-05 -0.000257233 0.000157367 0.000433895 0.000753005 0.00113957 -0.00037175 -0.00028122 -6.09268e-05 -0.00066956 6.09278e-06 -0.000156928
internal_weight=2165 2030 1769 342 1427 913 514 303 135 72 47 261 238 159 79 63 42
internal_count=2165 2030 1769 342 1427 913 514 303 135 72 47 261 238 159 79 63 42
is_linear=0
shrinkage=0.03


Tree=170
num_leaves=26
num_cat=0
split_feature=11 15 26 28 32 17 12 19 29 24 26 32 7 22 26 28 34 5 33 22 17 31 22 19 16
split_gain=0.0296522 0.0414941 0.0408824 0.045717 0.0383715 0.0351608 0.031489 0.0308214 0.0440752 0.0299151 0.0279597 0.0277619 0.0247259 0.0205638 0.0212867 0.025711 0.0197511 0.0190152 0.0165182 0.0188385 0.014771 0.0143076 0.0132941 0.0129015 0.00935676
threshold=0.96768140863062624 0.016927105385251804 728.50000000000011 9.5682287980188358e-05 -0.0010610478821227998 0.01018293608845615 1.0946423565087355 97.155002593994155 0.015813224822963653 13.350000000000003 477.50000000000006 4.853120210565729e-05 0.049680281153183202 252.37150000000003 1874.5000000000002 2.5370581674998382e-06 -0.0076024024186133994 -0.033513336076681194 -0.0089903225145350988 255.26450000000003 0.0010880162493642502 -0.00034979332782669991 251.11600000000001 94.729999542236342 36.80927611394366
decision_type=2 2 2 2 2 2 2 2 2 2 2 2 2 2 2 2 2 2 2 2 2 2 2 2 2
left_child=2 4 3 12 -2 9 11 17 -9 10 -3 -7 -1 14 15 -4 -11 -5 24 -20 23 -16 -22 -6 -15
right_child=1 5 13 7 20 6 -8 8 -10 16 -12 -13 -14 18 21 -17 -18 -19 19 -21 22 -23 -24 -25 -26
leaf_value=0.00033793362363940108 0.0014655683662276714 0.00014898037279947225 -0.00014342907483964957 0.00069909725514506662 0.00014914961625722104 -3.7035894105738046e-06 -0.00056574550206174275 0.0018398122282131857 0 -7.3005967857012427e-05 -0.00025630144858616741 0.00065857644240365344 0.0020074603840878873 0 0 0.00045100221419815231 -0.00076130728145808657 -0.00018071472050006768 0.00072235080352626166 -0.00015185464076525283 0 -0.00091758041877461512 0.00075570672122325655 -0.00060444891515790545 -0.00078730515948532574
leaf_weight=21 21 205 83 25 39 103 39 20 23 66 516 104 23 27 38 212 138 102 23 144 49 20 44 31 49
leaf_count=21 21 205 83 25 39 103 39 20 23 66 516 104 23 27 38 212 138 102 23 144 49 20 44 31 49
internal_value=3.78956e-06 -8.05764e-05 0.000148387 0.000501451 0.000329827 -0.000148297 0.000161903 0.000245726 0.000911106 -0.000234283 -0.000136785 0.000319405 0.0013469 1.47306e-05 0.00016499 0.000273928 -0.0005574 0 -0.000190703 -3.18536e-06 0.000141591 -0.000326132 0.000393657 -0.000154616 -0.000549005
internal_weight=2165 1355 810 214 184 1171 246 170 43 925 721 207 44 596 353 295 204 127 243 167 163 58 93 70 76
internal_count=2165 1355 810 214 184 1171 246 170 43 925 721 207 44 596 353 295 204 127 243 167 163 58 93 70 76
is_linear=0
shrinkage=0.03


Tree=171
num_leaves=9
num_cat=0
split_feature=11 22 24 23 11 14 22 32
split_gain=0.0286532 0.0324131 0.028997 0.0397958 0.0579409 0.0386454 0.0242826 0.0188585
threshold=0.7760693151947412 294.93500000000006 16.550000000000004 3460.5000000000005 0.89034818636639279 0.065268148273752422 249.55300000000003 -0.00070685338635399992
decision_type=2 2 2 2 2 2 2 2
left_child=-1 2 3 4 -2 6 -4 -5
right_child=1 -3 5 7 -6 -7 -8 -9
leaf_value=0.00081061673899575197 0.0011234566265253684 -0.0009025334082543849 -3.410460941200511e-05 0.00029546152393926275 0.00010100325234680512 0.00070344008628744632 -0.00045580052733361337 -0.0003533709680970893
leaf_weight=36 50 33 264 41 1207 37 259 238
leaf_count=36 50 33 264 41 1207 37 259 238
internal_value=3.84217e-06 -9.51418e-06 4.38636e-06 7.31612e-05 0.000146633 -0.000178309 -0.000250049 -0.000245256
internal_weight=2165 2129 2096 1536 1257 560 523 279
internal_count=2165 2129 2096 1536 1257 560 523 279
is_linear=0
shrinkage=0.03


Tree=172
num_leaves=12
num_cat=0
split_feature=11 14 22 20 24 23 11 13 23 23 9
split_gain=0.0289193 0.0270239 0.04689 0.0695052 0.0379036 0.035118 0.052952 0.0272158 0.0206516 0.0180437 0.0176492
threshold=1.315028554536241 0.061835165814397706 277.73450000000008 1.9350000000000003 17.350000000000005 3416.0000000000005 0.87032415224060655 0.96417421529760683 3246.5000000000005 3957.0000000000005 0.93373179417537566
decision_type=2 2 2 2 2 2 2 2 2 2 2
left_child=1 4 -3 -4 5 6 -1 10 -9 -7 -6
right_child=-2 2 3 -5 7 9 -8 8 -10 -11 -12
leaf_value=0.0011022432448086327 -0.00097003948910989691 -0.00033226607790857088 0.0022921996349468824 4.7959647636993648e-05 -0.00036628474841606532 -0.00031000310621548735 9.6918147617993847e-05 -0.00060233862850600419 -3.7030783002802091e-05 0.00036269791937114571 0.00021620198148394429
leaf_weight=47 24 29 21 32 65 264 1215 189 101 35 143
leaf_count=47 24 29 21 32 65 264 1215 189 101 35 143
internal_value=3.78038e-06 1.74379e-05 0.000541869 0.00106592 -2.7507e-06 6.85231e-05 0.000139256 -0.000231222 -0.000418089 -0.000218504 1.73371e-05
internal_weight=2165 2141 82 53 2059 1561 1262 498 290 299 208
internal_count=2165 2141 82 53 2059 1561 1262 498 290 299 208
is_linear=0
shrinkage=0.03


Tree=173
num_leaves=20
num_cat=0
split_feature=11 26 22 21 24 11 31 29 29 22 29 34 32 14 23 34 11 35 29
split_gain=0.0279669 0.0443104 0.0460793 0.0724624 0.0448606 0.0480106 0.0224548 0.0264148 0.0449099 0.0292996 0.0193526 0.0294202 0.0266844 0.0169269 0.0164808 0.0128686 0.0125211 0.00904589 0.0075817
threshold=1.153786019837465 728.50000000000011 281.69400000000007 27.585000038146976 21.250000000000004 0.90009046236600543 0.021336670270878204 2.2304999796192837e-06 6.1687477475844119e-07 236.23700000000005 0.14457842229461632 -0.0039151381806132495 2.8364229411672138e-06 0.050721996183965452 3296.5000000000005 0.0036837696575706003 1.1818503652230021 0.006704976966917001 0.0040775799885676509
decision_type=2 2 2 2 2 2 2 2 2 2 2 2 2 2 2 2 2 2 2
left_child=1 2 4 -4 5 -1 7 8 -3 -9 11 16 15 -14 -6 -13 -2 18 -8
right_child=10 6 3 -5 14 -7 17 9 -10 -11 -12 12 13 -15 -16 -17 -18 -19 -20
leaf_value=0.0010507864339993551 -0.00014211103787807665 -0.00032587328774630369 0.0021849630497292509 0 -0.0007443083165791384 0.00016230039069270514 0.00054820650293757871 0.0003365556099713686 0.0007592376736778911 -0.00022487877177168876 0.00045631789615843449 -0.0010055364677682519 -2.2291614100421692e-05 0.00086590181545426073 0 -0.00017910995041350348 -0.0012920469070784747 -0.00016615679553420892 2.7825879041458763e-05
leaf_weight=62 20 55 24 24 53 467 81 86 74 860 22 30 52 23 50 64 37 26 55
leaf_count=62 20 55 24 24 53 467 81 86 74 860 22 30 52 23 50 64 37 26 55
internal_value=3.68774e-06 4.39756e-05 0.000238865 0.00111745 0.000162448 0.00027741 -6.10577e-05 -0.000112761 0.000276975 -0.000169775 -0.000292582 -0.000383607 -0.00015637 0.000234454 -0.000390826 -0.000496733 -0.000965841 0.000259665 0.000364484
internal_weight=2165 1917 680 48 632 529 1237 1075 129 946 248 226 169 75 103 94 57 162 136
internal_count=2165 1917 680 48 632 529 1237 1075 129 946 248 226 169 75 103 94 57 162 136
is_linear=0
shrinkage=0.03


Tree=174
num_leaves=19
num_cat=0
split_feature=11 20 17 26 24 19 23 21 21 9 23 9 5 28 24 19 28 19
split_gain=0.0274553 0.0571872 0.0278269 0.038471 0.0740498 0.042085 0.0285122 0.0660726 0.0319503 0.0228473 0.0223081 0.0182184 0.0132017 0.00744951 0.00730567 0.00688835 0.00227905 0.000987855
threshold=0.98421553065110701 0.70500000000000007 -0.0091065983161309483 486.00000000000006 11.450000000000001 91.865001678466811 1538.5000000000002 21.420000076293952 25.050000190734867 0.89824511540717644 1348.5000000000002 1.0141226837853934 -0.012787925904394898 0.00041870709227095004 20.250000000000004 96.055000305175795 0.0022190372773603002 93.125000000000014
decision_type=2 2 2 2 2 2 2 2 2 2 2 2 2 2 2 2 2 2
left_child=1 -1 14 4 5 -4 7 -5 -8 12 -11 -12 -3 -6 15 17 -17 -2
right_child=2 9 3 6 13 -7 8 -9 -10 10 11 -13 -14 -15 -16 16 -18 -19
leaf_value=0.0013382851924569178 -0.00041174345661420375 0 0.0012776036141297722 -0.00016044090018355441 -0.0011583430116924528 0.00025263312081346036 -0.00015013110270061287 0.0014734085833413464 -0.00086010873639448115 -0.00060007829578535171 0.00021663246810140694 -0.00013277468076333977 -0.00088740253850648346 -0.00022451934718804793 0 -0.00039279434351129056 -0.0013344566276215987 0
leaf_weight=31 21 23 46 69 23 196 648 28 63 33 693 153 30 28 20 20 20 20
leaf_count=31 21 23 46 69 23 196 648 28 63 33 693 153 30 28 20 20 20 20
internal_value=3.60643e-06 0.000124076 -9.04882e-05 -4.3097e-05 0.000245944 0.000472966 -0.000152131 0.000311239 -0.000220592 7.63158e-05 0.000116168 0.000149662 -0.000501879 -0.000742167 -0.000562108 -0.000685179 -0.000993646 -0.000268824
internal_weight=2165 963 1202 1101 293 242 808 97 711 932 879 846 53 51 101 81 40 41
internal_count=2165 963 1202 1101 293 242 808 97 711 932 879 846 53 51 101 81 40 41
is_linear=0
shrinkage=0.03


Tree=175
num_leaves=17
num_cat=0
split_feature=26 20 26 32 26 28 26 18 30 26 23 29 35 12 17 14
split_gain=0.0237143 0.0350541 0.0758645 0.0752972 0.0561441 0.040937 0.0348727 0.0324658 0.0246844 0.0189752 0.0178534 0.0269364 0.0249766 0.0125501 0.0119252 0.00834705
threshold=285.50000000000006 1.3900000000000001 526.00000000000011 -0.0013874883136041499 554.50000000000011 3.8006374808573482e-05 616.00000000000011 0.63258805632454607 -0.0031181331574705495 463.50000000000006 3323.5000000000005 0.00069208648448290005 0.00018770523895375002 1.0479014862391447 -0.0067958952738046991 0.034511595384867304
decision_type=2 2 2 2 2 2 2 2 2 2 2 2 2 2 2 2
left_child=8 5 3 9 14 -2 -6 -5 -1 -3 12 -12 -7 15 -4 -10
right_child=1 2 4 7 6 10 -8 -9 13 -11 11 -13 -14 -15 -16 -17
leaf_value=0.0013362026316538938 0.00051141910589728003 0.0023198931527769434 -0.00030878739850712014 0.0012267740133942828 0.00051296286633484723 -0.00093278827138773687 -5.9992996664922621e-05 9.0057226253250491e-05 0 0.0006883580899642159 0.00059588353163729025 -0.00062591051114597226 4.8978403788059945e-05 -0.00024993767189409807 -0.001554463332841316 0.00082900533488848148
leaf_weight=20 34 20 22 24 99 108 1431 199 25 24 25 34 22 31 23 24
leaf_count=20 34 20 22 24 99 108 1431 199 25 24 25 34 22 31 23 24
internal_value=3.11169e-06 -1.76268e-05 2.40727e-05 0.000489843 -5.37665e-05 -0.000371091 -2.00311e-05 0.000240329 0.000448528 0.00159454 -0.000550984 -5.60315e-05 -0.00074673 0.00015019 -0.00106533 0.00046084
internal_weight=2165 2065 1842 267 1575 223 1530 223 100 44 189 59 130 80 45 49
internal_count=2165 2065 1842 267 1575 223 1530 223 100 44 189 59 130 80 45 49
is_linear=0
shrinkage=0.03


Tree=176
num_leaves=7
num_cat=0
split_feature=11 11 22 22 18 15
split_gain=0.0272338 0.0249831 0.0306185 0.033136 0.0684813 0.0434731
threshold=1.315028554536241 0.7760693151947412 294.93500000000006 281.69400000000007 0.93436277653417876 0.047538028417046053
decision_type=2 2 2 2 2 2
left_child=1 -1 3 5 -5 -3
right_child=-2 2 -4 4 -6 -7
leaf_value=0.00076920298989772659 -0.00094164536888193754 2.747248732117759e-05 -0.00086453461144507537 0.0012146759521245735 -0.00017474354211252272 -0.00051707865853062632
leaf_weight=36 24 1816 33 58 59 139
leaf_count=36 24 1816 33 58 59 139
internal_value=3.34855e-06 1.66437e-05 1.2738e-06 1.7739e-05 0.000502176 -1.04457e-05
internal_weight=2165 2141 2105 2072 117 1955
internal_count=2165 2141 2105 2072 117 1955
is_linear=0
shrinkage=0.03


Tree=177
num_leaves=14
num_cat=0
split_feature=11 26 11 14 24 24 32 13 23 35 28 30 7
split_gain=0.0258236 0.0333295 0.0268556 0.026105 0.0469269 0.0303869 0.0361604 0.02409 0.00947123 0.00426923 0.00353616 0.00404141 0.00289691
threshold=1.2308452862358015 267.50000000000006 0.99152879317798959 0.061835165814397706 21.550000000000004 17.550000000000004 -0.0011476052921896498 0.96417421529760683 1722.0000000000002 6.3233952743549128e-07 0.00033261206124725009 -0.00098233641217644976 0.059618470801904862
decision_type=2 2 2 2 2 2 2 2 2 2 2 2 2
left_child=1 2 -1 5 9 6 -3 -7 -2 -5 -10 -12 -4
right_child=8 3 12 4 -6 7 -8 -9 10 -11 11 -13 -14
leaf_value=0.0015412330360458049 0 0.00041356121142272168 0.00038906110258540139 -0.00032265098670715181 0.0016169525352492926 1.3417215665975601e-05 -6.542518351966738e-06 -0.00039719509088220512 -0.0010525733518879862 0.00025090457585073356 -0.00067512951094819153 -1.6134958957660599e-05 0
leaf_weight=20 25 211 21 20 22 208 1242 284 21 20 20 30 21
leaf_count=20 25 211 21 20 22 208 1242 284 21 20 20 30 21
internal_value=3.14487e-06 2.71276e-05 0.00069603 3.96336e-06 0.000596518 -1.42748e-05 5.31296e-05 -0.000218513 -0.000468588 0 -0.000639489 -0.000359631 0.000150969
internal_weight=2165 2069 62 2007 62 1945 1453 492 96 40 71 50 42
internal_count=2165 2069 62 2007 62 1945 1453 492 96 40 71 50 42
is_linear=0
shrinkage=0.03


Tree=178
num_leaves=11
num_cat=0
split_feature=11 26 11 20 26 32 26 28 23 4
split_gain=0.0253117 0.0288307 0.0294474 0.0278667 0.0679351 0.0702862 0.0495807 0.0337562 0.0217051 0.00766968
threshold=1.315028554536241 267.50000000000006 0.99152879317798959 1.3900000000000001 526.00000000000011 -0.0013874883136041499 554.50000000000011 3.8006374808573482e-05 3323.5000000000005 -0.013304991824315897
decision_type=2 2 2 2 2 2 2 2 2 2
left_child=1 2 -1 7 5 -5 -6 -3 -9 -4
right_child=-2 3 9 4 6 -7 -8 8 -10 -11
leaf_value=0.0015010269837271745 -0.00090792774776410725 0.00050071729694467948 -0.00022521702896649554 0.0015432662706973248 -0.00099960014782350583 0.00023325959096041817 -7.6164742798523144e-06 -0.00066661091433582384 0 0.00041982435426997166
leaf_weight=20 24 34 20 44 44 222 1512 140 69 36
leaf_count=20 24 34 20 44 44 222 1512 140 69 36
internal_value=3.05956e-06 1.59269e-05 0.000578693 -4.14391e-06 3.47927e-05 0.000475899 -3.94613e-05 -0.000305148 -0.000455627 0.000138867
internal_weight=2165 2141 76 2065 1822 266 1556 243 209 56
internal_count=2165 2141 76 2065 1822 266 1556 243 209 56
is_linear=0
shrinkage=0.03


Tree=179
num_leaves=18
num_cat=0
split_feature=11 20 22 17 11 32 9 14 23 30 16 22 28 30 23 33 23
split_gain=0.0246282 0.0494292 0.0370488 0.0360607 0.0389758 0.0351238 0.0213409 0.024816 0.0189377 0.0187834 0.0153685 0.0146386 0.00725917 0.0214317 0.00657359 0.0082127 0.00380271
threshold=0.98421553065110701 0.70500000000000007 238.53600000000003 -0.0091065983161309483 1.153786019837465 -0.00040128162962644996 0.89824511540717644 0.061835165814397706 1348.5000000000002 -0.14128217921446012 33.331937259742162 236.61750000000004 0.096468328902932915 -0.00013129746998539996 3304.5000000000005 -0.0021289836983170995 3582.5000000000005
decision_type=2 2 2 2 2 2 2 2 2 2 2 2 2 2 2 2 2
left_child=1 -1 11 14 5 -5 10 8 -8 -6 -3 -2 13 -13 15 -4 -16
right_child=2 6 3 4 9 -7 7 -9 -10 -11 -12 12 -14 -15 16 -17 -18
leaf_value=0.0012465094898789708 0.00013326959523372352 0 -0.001194093382074337 0.00054595646048201385 0.00045732119089923799 3.4870800612791622e-05 -0.00058239061645690528 0.0010166172687265014 0.00011092748276074416 -0.00037197305876140085 -0.00090559097417545586 -0.00042802673070952454 0 -0.0014835833722932471 0 -0.0001915031101268071 -0.00042004440291784704
leaf_weight=31 22 23 26 161 22 522 33 24 822 218 30 113 24 24 20 23 27
leaf_count=31 22 23 26 161 22 522 33 24 822 218 30 113 24 24 20 23 27
internal_value=2.96647e-06 0.000117141 -8.60806e-05 -1.19453e-05 4.32732e-05 0.00016158 7.24889e-05 0.000111109 7.87286e-05 -0.000278901 -0.000486083 -0.000475909 -0.000578359 -0.000662199 -0.000558375 -0.000819381 -0.000193426
internal_weight=2165 963 1202 1019 923 683 932 879 855 240 53 183 161 137 96 49 47
internal_count=2165 963 1202 1019 923 683 932 879 855 240 53 183 161 137 96 49 47
is_linear=0
shrinkage=0.03


Tree=180
num_leaves=9
num_cat=0
split_feature=11 22 24 11 14 15 22 30
split_gain=0.0239704 0.0276594 0.0235367 0.0352939 0.0311379 0.0279336 0.0262262 0.0235983
threshold=0.7760693151947412 294.93500000000006 14.550000000000002 0.88767573226279062 0.065268148273752422 0.046886829942216858 238.53600000000003 -8.7322591880463479e-06
decision_type=2 2 2 2 2 2 2 2
left_child=-1 2 3 7 5 -4 -5 -2
right_child=1 -3 4 6 -6 -7 -8 -9
leaf_value=0.00074082120537059381 0.0013913104753941296 -0.00083425516559024486 -0.00012557259561363427 -0.00019653396700669885 0.00063795688225342555 -0.000800775865794052 0.00011198819574974799 0
leaf_weight=36 27 33 540 313 38 62 1095 21
leaf_count=36 27 33 540 313 38 62 1095 21
internal_value=2.75786e-06 -9.34005e-06 3.39218e-06 7.1419e-05 -0.000146314 -0.000203696 4.10052e-05 0.000849843
internal_weight=2165 2129 2096 1456 640 602 1408 48
internal_count=2165 2129 2096 1456 640 602 1408 48
is_linear=0
shrinkage=0.03


Tree=181
num_leaves=12
num_cat=0
split_feature=11 26 20 26 32 26 11 28 33 24 28
split_gain=0.0237264 0.026716 0.0328224 0.0631472 0.0656729 0.0466218 0.0357104 0.0270678 0.0261569 0.0253164 0.0220808
threshold=1.315028554536241 285.50000000000006 1.3900000000000001 526.00000000000011 -0.0013874883136041499 554.50000000000011 1.0388226784273125 3.8006374808573482e-05 0.0025337440208999507 1.0000000180025095e-35 0.0015567938253794001
decision_type=2 2 2 2 2 2 2 2 2 2 2
left_child=1 9 6 4 -4 -5 7 -3 -8 10 -1
right_child=-2 2 3 5 -6 -7 8 -9 -10 -11 -12
leaf_value=0.00026035627751396255 -0.00087927567731175161 0.00081140160249096565 0.0014914787895680267 -0.00096843260361198719 0.00022434587673322916 -6.4883926929300885e-06 -0.0010900898767435656 -0.00023425862427029642 -1.458151907427236e-05 -4.6687759179621927e-05 0.0015735269227924828
leaf_weight=36 24 26 44 44 222 1512 67 93 37 37 23
leaf_count=36 24 26 44 44 222 1512 67 93 37 37 23
internal_value=2.69418e-06 1.51966e-05 -6.64876e-06 3.40992e-05 0.000459395 -3.74254e-05 -0.000348884 0 -0.000746631 0.00049695 0.000872026
internal_weight=2165 2141 2045 1822 266 1556 223 119 104 96 59
internal_count=2165 2141 2045 1822 266 1556 223 119 104 96 59
is_linear=0
shrinkage=0.03


Tree=182
num_leaves=18
num_cat=0
split_feature=11 20 22 15 22 19 18 17 15 9 11 11 22 13 26 26 11
split_gain=0.0232626 0.042388 0.0369243 0.0413998 0.0396172 0.0351403 0.0280217 0.0367763 0.0242988 0.0228056 0.0210374 0.0190188 0.0154049 0.014825 0.00684238 0.0103848 0.00424118
threshold=0.96768140863062624 0.70500000000000007 238.53600000000003 0.034732939818143856 286.08700000000005 91.865001678466811 1.2383415513101241 0.01186788048536355 0.059542585413890556 0.91849485384579876 0.79589264177543095 1.0363508637297065 236.61750000000004 0.90945696037206736 1923.5000000000002 880.50000000000011 1.0210996528596903
decision_type=2 2 2 2 2 2 2 2 2 2 2 2 2 2 2 2 2
left_child=1 -1 12 4 5 -4 7 -5 9 10 -3 -8 -2 -11 15 -14 -16
right_child=2 8 3 6 -6 -7 11 -9 -10 13 -12 -13 14 -15 16 -17 -18
leaf_value=0.0013312434942569008 0.00016461349939927457 0.00018641196851265328 0.00058108456378815586 -0.00026011430575920548 0.0012861248214299289 -2.9986012052443552e-07 0 0.00062143998287672933 0.0010143904458219187 0.00062317411170331564 -0.00075494418872611786 -0.00094343078804955073 -0.00034149330788716152 6.7935094332220535e-05 0.00013811407018068204 -0.00093462057070473048 -0.00037497829387967405
leaf_weight=23 27 26 105 231 23 625 23 48 22 46 53 70 98 640 20 62 23
leaf_count=23 27 26 105 231 23 625 23 48 22 46 53 70 98 640 20 62 23
internal_value=2.53537e-06 0.000130774 -7.20341e-05 0 0.000126995 8.12671e-05 -0.000258546 -9.28132e-05 8.69704e-05 5.2535e-05 -0.00041306 -0.000706057 -0.000415775 0.000112072 -0.000508806 -0.000602707 -7.76698e-05
internal_weight=2165 810 1355 1125 753 730 372 279 787 765 79 93 230 686 203 160 43
internal_count=2165 810 1355 1125 753 730 372 279 787 765 79 93 230 686 203 160 43
is_linear=0
shrinkage=0.03


Tree=183
num_leaves=11
num_cat=0
split_feature=11 26 14 24 15 11 24 28 26 18
split_gain=0.0224422 0.0248491 0.028198 0.0413816 0.0383739 0.0247898 0.0240108 0.0205808 0.0201186 0.0173704
threshold=1.315028554536241 285.50000000000006 0.061835165814397706 0.75000000000000011 0.049011443925564807 0.79589264177543095 1.0000000180025095e-35 0.0015567938253794001 629.50000000000011 0.57562444834629767
decision_type=2 2 2 2 2 2 2 2 2 2
left_child=1 6 4 -4 5 -3 7 -1 -5 -6
right_child=-2 2 3 8 9 -7 -8 -9 -10 -11
leaf_value=0.00025087132627287737 -0.00085505527506271996 0.00094667760948766958 -0.00033475165395961649 0.0016981100056571168 0.00017591854568570851 -3.403887301933577e-06 -4.8158602538751432e-05 0.0015234653162053569 0.0002274038262851536 -0.00062338525178675167
leaf_weight=36 24 22 23 23 22 1805 37 23 22 128
leaf_count=36 24 22 23 23 22 1805 37 23 22 128
internal_value=2.65723e-06 1.48542e-05 -6.16229e-06 0.00057933 -2.8663e-05 7.93044e-06 0.000479472 0.000845066 0.00110075 -0.000485395
internal_weight=2165 2141 2045 68 1977 1827 96 59 45 150
internal_count=2165 2141 2045 68 1977 1827 96 59 45 150
is_linear=0
shrinkage=0.03


Tree=184
num_leaves=23
num_cat=0
split_feature=11 17 20 26 24 11 29 34 15 6 6 26 10 2 2 23 23 14 16 34 19 30
split_gain=0.0222227 0.0357026 0.0271574 0.0261038 0.0564345 0.0431863 0.0259997 0.0481555 0.0330966 0.0245395 0.0252169 0.0242945 0.0221075 0.0102342 0.0112866 0.0101496 0.0104217 0.00938721 0.0075133 0.00584387 0.00475567 0.000965229
threshold=0.93090070498948474 -0.0091065983161309483 0.88500000000000012 486.00000000000006 6.1500000000000012 1.1474675426007233 0.0043171885124230012 -0.014056213712528498 0.020509517935028903 0.00035412496635970004 -0.022563896269945694 699.00000000000011 1.0542606143788344 -0.0094375372644642484 0.0055999517109868004 3304.5000000000005 2316.0000000000005 0.028080492044149055 37.229917966978398 0.0043120766382717503 97.564998626708999 -0.013241826019292798
decision_type=2 2 2 2 2 2 2 2 2 2 2 2 2 2 2 2 2 2 2 2 2 2
left_child=2 15 -1 4 5 -3 7 -5 -8 10 20 -12 -6 18 -15 16 -2 -18 -11 21 -4 -17
right_child=1 3 9 6 12 -7 8 -9 -10 13 11 -13 -14 14 -16 19 17 -19 -20 -21 -22 -23
leaf_value=0.0011626027857139707 -0.00013899526459863409 0.00086261936028508824 -0.00011126419971602129 0.00093516013953834766 0 0 -0.00065855008950188316 -2.5259599592852721e-05 -6.3044479159054964e-05 -0.00062266924340656255 0.0013920010811183602 0.00033609011736100637 -0.00085005753734507228 0.00041778807290393158 -0.00017605713590058839 -7.2985470271669323e-05 -0.00028945729871177013 -0.0013548600553091796 0 -0.00042771823213746149 0.00027679212983816907 0.00015911579216896954
leaf_weight=22 33 131 89 47 89 82 127 719 278 45 27 108 36 45 63 27 24 28 40 42 38 25
leaf_count=22 33 131 89 47 89 82 127 719 278 45 27 108 36 45 63 27 24 28 40 42 38 25
internal_value=2.70029e-06 -4.7033e-05 0.00018414 0 0.000231892 0.000530737 -6.62746e-05 3.31867e-05 -0.000260605 0.000122974 0.00031388 0.000594681 -0.000254408 -0.000121716 4.89555e-05 -0.000443964 -0.000691135 -0.000960291 -0.000366935 -0.000175068 0 0
internal_weight=2165 1688 477 1509 338 213 1171 766 405 455 262 135 125 193 108 179 85 52 85 94 127 52
internal_count=2165 1688 477 1509 338 213 1171 766 405 455 262 135 125 193 108 179 85 52 85 94 127 52
is_linear=0
shrinkage=0.03


Tree=185
num_leaves=12
num_cat=0
split_feature=20 11 26 23 18 7 32 16 23 28 30
split_gain=0.0219058 0.0227887 0.0337232 0.0589678 0.0465171 0.0210545 0.0252964 0.0143444 0.00901201 0.0032463 0.00392197
threshold=3.1450000000000005 1.2308452862358015 764.50000000000011 1636.0000000000002 0.61135327986090304 0.052259124539682157 -0.0034577604951855994 40.42433266222357 1722.0000000000002 0.00033261206124725009 -0.00098233641217644976
decision_type=2 2 2 2 2 2 2 2 2 2 2
left_child=1 2 3 -1 -5 6 -4 -7 -3 -10 -11
right_child=-2 8 5 4 -6 7 -8 -9 9 10 -12
leaf_value=0.0015729776739867194 -0.00069144603699969592 0 0.00040088425085354497 0.00070173364562336332 4.1658193552116724e-05 0 -6.7424098592432812e-05 -0.00058426116170931736 -0.00098628624004777512 -0.00062931319518500699 0
leaf_weight=24 37 25 114 110 736 51 893 104 21 20 30
leaf_count=24 37 25 114 110 736 51 893 104 21 20 30
internal_value=2.40463e-06 1.6833e-05 3.97833e-05 0.000181617 0.000133194 -6.40281e-05 -1.04045e-05 -0.000386609 -0.00042513 -0.00059279 -0.000324445
internal_weight=2165 2128 2032 870 846 1162 1007 155 96 71 50
internal_count=2165 2128 2032 870 846 1162 1007 155 96 71 50
is_linear=0
shrinkage=0.03


Tree=186
num_leaves=9
num_cat=0
split_feature=11 22 24 23 11 14 22 23
split_gain=0.0219111 0.0250117 0.0217201 0.0307485 0.0572318 0.0263362 0.0215092 0.0157152
threshold=0.7760693151947412 294.93500000000006 15.950000000000001 3460.5000000000005 0.87032415224060655 0.065268148273752422 249.55300000000003 3960.5000000000005
decision_type=2 2 2 2 2 2 2 2
left_child=-1 2 3 4 -2 6 -4 -5
right_child=1 -3 5 7 -6 -7 -8 -9
leaf_value=0.00070797914194050597 0.0014773754545770186 -0.00079367538650209702 -9.3482822058317445e-06 -0.00030525560168231404 9.4858945552475746e-05 0.00057386958617717024 -0.00039790198071600719 0.00038056013010622517
leaf_weight=36 25 33 273 243 1220 37 270 28
leaf_count=36 25 33 273 243 1220 37 270 28
internal_value=2.24621e-06 -9.25957e-06 2.77794e-06 6.39128e-05 0.000128509 -0.000151377 -0.000209171 -0.000220057
internal_weight=2165 2129 2096 1516 1245 580 543 271
internal_count=2165 2129 2096 1516 1245 580 543 271
is_linear=0
shrinkage=0.03


Tree=187
num_leaves=18
num_cat=0
split_feature=11 20 22 17 11 19 9 22 25 30 22 5 23 33 23 33 34
split_gain=0.0215381 0.0411076 0.0320039 0.0312091 0.0331004 0.0301799 0.0191255 0.0216763 0.0204018 0.0174789 0.0133424 0.0111614 0.00683014 0.0161562 0.00615757 0.00798861 0.00590979
threshold=0.98421553065110701 0.70500000000000007 238.53600000000003 -0.0091065983161309483 1.153786019837465 90.125000000000014 0.89824511540717644 281.69400000000007 10.450000000000001 -0.14128217921446012 236.61750000000004 -0.012787925904394898 3592.5000000000005 -0.00071121353527639996 3304.5000000000005 -0.0021289836983170995 0.0043120766382717503
decision_type=2 2 2 2 2 2 2 2 2 2 2 2 2 2 2 2 2
left_child=1 -1 10 14 5 -5 11 8 -8 -6 -2 -3 13 -12 15 -4 -16
right_child=2 6 3 4 9 -7 7 -9 -10 -11 12 -13 -14 -15 16 -17 -18
leaf_value=0.0011397196855259071 0.00013472022299654781 0 -0.0011364709111773568 0.0010037347874992215 0.00045223027960862962 9.6176501927441554e-05 9.4454002263930843e-07 0.0010050060483335983 0.00037820023682648369 -0.00034754814766768818 -0.00037534667085962998 -0.00081475105674260037 0 -0.0012183779129603255 5.326005392791037e-05 -0.00015939508799391868 -0.0005158340224251151
leaf_weight=31 22 23 26 33 22 650 698 21 160 218 106 30 22 33 25 23 22
leaf_count=31 22 23 26 33 22 650 698 21 160 218 106 30 22 33 25 23 22
internal_value=2.25057e-06 0.000109117 -8.09361e-05 -1.18113e-05 3.9347e-05 0.000148597 6.80821e-05 0.000104795 7.58522e-05 -0.000257211 -0.000443316 -0.000460217 -0.000541615 -0.00061813 -0.000520268 -0.000771191 -0.000168091
internal_weight=2165 963 1202 1019 923 683 932 879 858 240 183 53 161 139 96 49 47
internal_count=2165 963 1202 1019 923 683 932 879 858 240 183 53 161 139 96 49 47
is_linear=0
shrinkage=0.03


Tree=188
num_leaves=10
num_cat=0
split_feature=11 9 11 20 22 15 25 22 22
split_gain=0.0206748 0.0251362 0.0234301 0.0355055 0.0332236 0.0359113 0.021222 0.0153395 0.0141045
threshold=0.7760693151947412 0.90171528579284033 0.96768140863062624 0.71500000000000008 238.53600000000003 0.034732939818143856 11.750000000000002 252.37150000000003 236.61750000000004
decision_type=2 2 2 2 2 2 2 2 2
left_child=-1 7 3 -3 8 -6 -5 -2 -4
right_child=1 2 4 6 5 -7 -8 -9 -10
leaf_value=0.00068777143422854483 0 0.0012928936490498016 0.00016205514394678175 3.1957863504817881e-05 0.0001215341353371124 -0.00023975745999379558 0.00052184626538992701 -0.00099292043088840915 -0.00047996981421036836
leaf_weight=36 26 21 27 608 753 365 92 34 203
leaf_count=36 26 21 27 608 753 365 92 34 203
internal_value=2.21285e-06 -8.92384e-06 7.61005e-06 0.00014659 -6.46655e-05 5.79002e-07 0.000102563 -0.000599899 -0.00039061
internal_weight=2165 2129 2069 721 1348 1118 700 60 230
internal_count=2165 2129 2069 721 1348 1118 700 60 230
is_linear=0
shrinkage=0.03


Tree=189
num_leaves=11
num_cat=0
split_feature=11 26 14 21 30 15 34 29 11 28
split_gain=0.0204257 0.0216504 0.0238227 0.0369293 0.0529618 0.0278288 0.0281142 0.0228838 0.0225689 0.00606087
threshold=1.315028554536241 267.50000000000006 0.061835165814397706 21.57499980926514 -1.9840331908983773e-05 0.049011443925564807 -0.00016339815618209998 0.012042839739472502 0.99152879317798959 0.00060279299608860016
decision_type=2 2 2 2 2 2 2 2 2 2
left_child=1 8 5 -4 -5 7 -7 -3 -1 -10
right_child=-2 2 3 4 -6 6 -8 -9 9 -11
leaf_value=0.0013101245218118571 -0.00081595881024582517 -5.8587817677345327e-05 -0.00042163697539059368 0.0017991913383360949 0 -0.00060301237655999054 0.00033823878428136764 0.00017390461553137056 0.00051231332378380979 -5.8583672176330125e-05
leaf_weight=20 24 1304 20 27 23 128 30 533 20 36
leaf_count=20 24 1304 20 27 23 128 30 533 20 36
internal_value=2.26077e-06 1.39609e-05 -3.23939e-06 0.00052733 0.000965901 -2.41212e-05 -0.000402688 7.41228e-06 0.000501662 0.000110143
internal_weight=2165 2141 2065 70 50 1995 158 1837 76 56
internal_count=2165 2141 2065 70 50 1995 158 1837 76 56
is_linear=0
shrinkage=0.03


Tree=190
num_leaves=23
num_cat=0
split_feature=11 17 6 29 23 14 35 11 19 4 20 14 16 23 23 22 2 4 34 20 18 35
split_gain=0.0201929 0.032185 0.0236863 0.021311 0.0198589 0.0235411 0.0194306 0.0228468 0.0151205 0.0136364 0.0191377 0.0169747 0.0113567 0.00923918 0.00923789 0.00907537 0.00800293 0.00637036 0.00530789 0.00524617 0.00151942 0.000906809
threshold=0.93090070498948474 -0.0091065983161309483 0.00035412496635970004 0.33756546059306691 1257.0000000000002 0.017356550451544505 0.00070963185076665012 0.86017510625290938 96.865001678466811 -0.0068787573079954487 1.5550000000000004 0.037787742033531156 32.447913175362572 3304.5000000000005 2316.0000000000005 252.68050000000002 -0.010142099789140947 0.014541390478947702 0.0043120766382717503 2.5050000000000003 1.0957061563708212 0.00054149273933740019
decision_type=2 2 2 2 2 2 2 2 2 2 2 2 2 2 2 2 2 2 2 2 2 2
left_child=2 13 6 4 -3 -6 7 12 -9 11 -11 20 -1 14 -2 -16 -12 19 21 -8 -4 -15
right_child=1 3 9 -5 5 -7 17 8 -10 10 16 -13 -14 18 15 -17 -18 -19 -20 -21 -22 -23
leaf_value=0.00039889826656629645 -0.0001311809739175563 -0.00079195325910756047 -0.00013081003556836325 0.00085179358033033511 0.00022262394114456197 -6.4290989285659573e-05 0.00043249408334718442 0.00058223394772730671 0 0.00093639826948207843 -0.00034713974088095354 -0.00087516718372617928 0.0016471372505184262 0.00014444040789479207 -0.00029560245944443964 -0.0013320437612590089 0.00022233572849021901 -0.00040688484856569822 -0.00040489032249897716 -0.00010658732641604728 0.00013627474065986461 -7.9202922423266694e-05
leaf_weight=24 33 26 50 23 330 1130 26 79 77 20 38 30 21 28 26 26 43 26 42 21 22 24
leaf_count=24 33 26 50 23 330 1130 26 79 77 20 38 30 21 28 26 26 43 26 42 21 22 24
internal_value=2.20326e-06 -4.51408e-05 0.000175229 0 -1.45565e-05 0 0.000357345 0.000508823 0.000298732 -5.76442e-05 0.000168576 -0.000308634 0.00111045 -0.000422006 -0.00065823 -0.000912759 -1.19677e-05 -2.38872e-05 -0.000163721 0.000139685 -7.01418e-06 0
internal_weight=2165 1688 477 1509 1486 1460 274 201 156 203 101 102 45 179 85 52 81 73 94 47 72 52
internal_count=2165 1688 477 1509 1486 1460 274 201 156 203 101 102 45 179 85 52 81 73 94 47 72 52
is_linear=0
shrinkage=0.03


Tree=191
num_leaves=12
num_cat=0
split_feature=20 8 24 22 14 15 25 11 32 20 20
split_gain=0.0197867 0.0208921 0.0319649 0.0307242 0.0463658 0.0748719 0.0254443 0.0388774 0.0272799 0.023304 0.00768037
threshold=3.1450000000000005 1.0668137089404608 1.0500000000000003 277.73450000000008 0.060133575438217908 0.038338080219771656 0.75000000000000011 0.93954383466194835 -0.0011476052921896498 1.9350000000000003 1.8350000000000002
decision_type=2 2 2 2 2 2 2 2 2 2 2
left_child=1 3 -3 6 5 -5 7 -1 -8 -6 -4
right_child=-2 2 10 4 9 -7 8 -9 -10 -11 -12
leaf_value=9.1018947092029871e-05 -0.00065734162634253153 0.0002681686930859891 -0.0014544154019499925 0.0014968114162662196 0.0019229888818226755 -0.0002298610042468811 0.00043129116613120053 -0.00035816968538070009 1.9495249671458254e-05 0.00032344184575888973 -0.00030320025263759102
leaf_weight=309 37 23 20 25 21 109 169 367 1042 23 20
leaf_count=309 37 23 20 25 21 109 169 367 1042 23 20
internal_value=2.03451e-06 1.58163e-05 -0.00050686 3.39252e-05 0.000407334 9.61043e-05 -3.01723e-07 -0.000148932 8.0358e-05 0.00122471 -0.00100989
internal_weight=2165 2128 63 2065 178 134 1887 676 1211 44 40
internal_count=2165 2128 63 2065 178 134 1887 676 1211 44 40
is_linear=0
shrinkage=0.03


Tree=192
num_leaves=14
num_cat=0
split_feature=11 26 23 18 17 23 29 29 10 28 16 14 32
split_gain=0.0194506 0.0206416 0.04982 0.0486275 0.0400593 0.0347263 0.0201396 0.0419497 0.0434018 0.0219937 0.01695 0.00556247 0.00511408
threshold=1.315028554536241 728.50000000000011 1636.0000000000002 0.7334847273477707 0.011494192941365602 3242.0000000000005 2.2304999796192837e-06 6.1687477475844119e-07 1.0319607286235308 0.14541054865538233 28.759090398615879 0.019955971851970754 -0.0030445747910835996
decision_type=2 2 2 2 2 2 2 2 2 2 2 2 2
left_child=1 2 -1 5 -5 -4 7 11 -9 10 -8 -3 -11
right_child=-2 6 3 4 -6 -7 9 8 -10 12 -12 -13 -14
leaf_value=0.001211230973662758 -0.00079634389229532739 -0.00054924660333698343 0.0009163191721036515 -0.00014359315108188045 0.00048123068762992758 1.2153335586557829e-06 0.00050217509979419818 0.0012650712297900635 -8.0534350634975859e-05 0.00060354002662511039 -0.00016079295178371181 0 0
leaf_weight=34 24 32 91 551 107 73 31 48 30 41 1056 23 24
leaf_count=34 24 32 91 551 107 73 31 48 30 41 1056 23 24
internal_value=2.07934e-06 1.35305e-05 0.000128553 7.58923e-05 -3.57265e-05 0.00053429 -6.08831e-05 0.000278792 0.000726679 -0.000103319 -0.000137803 -0.000309401 0.000409892
internal_weight=2165 2141 856 822 658 164 1285 133 78 1152 1087 55 65
internal_count=2165 2141 856 822 658 164 1285 133 78 1152 1087 55 65
is_linear=0
shrinkage=0.03


Tree=193
num_leaves=10
num_cat=0
split_feature=11 9 11 20 22 15 29 22 22
split_gain=0.019469 0.0234015 0.0214709 0.0524337 0.0281735 0.0341333 0.0166528 0.0141427 0.0121612
threshold=0.7760693151947412 0.90171528579284033 0.98421553065110701 0.70500000000000007 238.53600000000003 0.034732939818143856 0.0031060449617630005 252.37150000000003 236.61750000000004
decision_type=2 2 2 2 2 2 2 2 2
left_child=-1 7 3 -3 8 -6 -5 -2 -4
right_child=1 2 4 6 5 -7 -8 -9 -10
leaf_value=0.00066751493157174153 0 0.0014053618311882018 0.000135043702153489 0.00019741050502362887 0.00011379354459097561 -0.00025200192510105963 -6.4738043071115524e-05 -0.00095624160948815139 -0.00050767544192391008
leaf_weight=36 26 25 22 464 668 345 384 34 161
leaf_count=36 26 25 22 464 668 345 384 34 161
internal_value=2.22931e-06 -8.53655e-06 7.36647e-06 0.000121561 -7.35812e-05 -8.20984e-06 7.53667e-05 -0.000578782 -0.000413348
internal_weight=2165 2129 2069 873 1196 1013 848 60 183
internal_count=2165 2129 2069 873 1196 1013 848 60 183
is_linear=0
shrinkage=0.03


Tree=194
num_leaves=13
num_cat=0
split_feature=11 20 22 14 15 20 15 20 33 21 32 17
split_gain=0.0184392 0.0213889 0.0358686 0.039899 0.0544303 0.0275874 0.0245971 0.0351058 0.0339251 0.0168307 0.00582202 0.0081067
threshold=1.2449288749991798 3.1050000000000004 277.73450000000008 0.060133575438217908 0.039657708516888511 1.9350000000000003 0.047538028417046053 0.70500000000000007 -0.0080113206323595993 21.265000343322757 0.00017926158544540003 0.01186788048536355
decision_type=2 2 2 2 2 2 2 2 2 2 2 2
left_child=1 2 6 4 -4 -5 7 -1 -8 -3 11 -2
right_child=10 9 3 5 -6 -7 8 -9 -10 -11 -12 -13
leaf_value=0.00069301110347125511 -0.00048936261544708698 0 0.0014395706259605029 0.0019516923041082918 -0.00017490743912364307 0.00031310418975571622 -0.00078840435861220605 7.4900561631407949e-07 0.00016405022163347053 -0.0010772187398480515 -0.00088098454824648794 0.00013542054412472577
leaf_weight=66 35 21 20 21 92 26 77 1688 49 25 21 24
leaf_count=66 35 21 20 21 92 26 77 1688 49 25 21 24
internal_value=2.17811e-06 2.09795e-05 3.71974e-05 0.000465522 0.000117338 0.00117841 0 2.96439e-05 -0.000399548 -0.000594938 -0.000434736 -0.000192571
internal_weight=2165 2085 2039 159 112 47 1880 1754 126 46 80 59
internal_count=2165 2085 2039 159 112 47 1880 1754 126 46 80 59
is_linear=0
shrinkage=0.03


end of trees

feature_importances:
Close_to_MA_50=472
Rig_Count=422
EIA_Storage_Level=411
CPI_Inflation=280
Daily_Bullish=229
Daily_Bearish=205
US_10Y_Yield=184
Sentiment_EMA_60d=159
Rolling_Std_20=141
USD_Index=136
Rolling_Std_10=134
Sentiment_x_Trend=112
RSI_14=104
Sentiment_Spike=103
MACD_Pct=96
Daily_NSS=93
VIX=84
Heating_Degree_Days=84
Cooling_Degree_Days=71
Sentiment_EMA_30d=53
Sentiment_EMA_7d=50
Close_to_MA_10=46
Close_to_MA_5=43
Volume_to_MA_10=36
Close_to_EMA_20=34
Daily_Range_Pct=25
Close_to_MA_20=23
Ret_Lag_1=21
Close_to_EMA_10=19
Ret_Lag_2=8
Ret_Lag_5=8
Return=6
Ret_Lag_3=6
Ret_Lag_10=6
Log_Return=1

parameters:
[boosting: gbdt]
[objective: regression]
[metric: l2]
[tree_learner: serial]
[device_type: cpu]
[data_sample_strategy: bagging]
[data: ]
[valid: ]
[num_iterations: 200]
[learning_rate: 0.03]
[num_leaves: 31]
[num_threads: 20]
[seed: 42]
[deterministic: 0]
[force_col_wise: 0]
[force_row_wise: 0]
[histogram_pool_size: -1]
[max_depth: 5]
[min_data_in_leaf: 20]
[min_sum_hessian_in_leaf: 0.001]
[bagging_fraction: 0.8]
[pos_bagging_fraction: 1]
[neg_bagging_fraction: 1]
[bagging_freq: 0]
[bagging_seed: 400]
[bagging_by_query: 0]
[feature_fraction: 0.8]
[feature_fraction_bynode: 1]
[feature_fraction_seed: 30056]
[extra_trees: 0]
[extra_seed: 12879]
[early_stopping_round: 0]
[early_stopping_min_delta: 0]
[first_metric_only: 0]
[max_delta_step: 0]
[lambda_l1: 0.1]
[lambda_l2: 3]
[linear_lambda: 0]
[min_gain_to_split: 0]
[drop_rate: 0.1]
[max_drop: 50]
[skip_drop: 0.5]
[xgboost_dart_mode: 0]
[uniform_drop: 0]
[drop_seed: 17869]
[top_rate: 0.2]
[other_rate: 0.1]
[min_data_per_group: 100]
[max_cat_threshold: 32]
[cat_l2: 10]
[cat_smooth: 10]
[max_cat_to_onehot: 4]
[top_k: 20]
[monotone_constraints: ]
[monotone_constraints_method: basic]
[monotone_penalty: 0]
[feature_contri: ]
[forcedsplits_filename: ]
[refit_decay_rate: 0.9]
[cegb_tradeoff: 1]
[cegb_penalty_split: 0]
[cegb_penalty_feature_lazy: ]
[cegb_penalty_feature_coupled: ]
[path_smooth: 0]
[interaction_constraints: ]
[verbosity: -1]
[saved_feature_importance_type: 0]
[use_quantized_grad: 0]
[num_grad_quant_bins: 4]
[quant_train_renew_leaf: 0]
[stochastic_rounding: 1]
[linear_tree: 0]
[max_bin: 255]
[max_bin_by_feature: ]
[min_data_in_bin: 3]
[bin_construct_sample_cnt: 200000]
[data_random_seed: 175]
[is_enable_sparse: 1]
[enable_bundle: 1]
[use_missing: 1]
[zero_as_missing: 0]
[feature_pre_filter: 1]
[pre_partition: 0]
[two_round: 0]
[header: 0]
[label_column: ]
[weight_column: ]
[group_column: ]
[ignore_column: ]
[categorical_feature: ]
[forcedbins_filename: ]
[precise_float_parser: 0]
[parser_config_file: ]
[objective_seed: 16083]
[num_class: 1]
[is_unbalance: 0]
[scale_pos_weight: 1]
[sigmoid: 1]
[boost_from_average: 1]
[reg_sqrt: 0]
[alpha: 0.9]
[fair_c: 1]
[poisson_max_delta_step: 0.7]
[tweedie_variance_power: 1.5]
[lambdarank_truncation_level: 30]
[lambdarank_norm: 1]
[label_gain: ]
[lambdarank_position_bias_regularization: 0]
[eval_at: ]
[multi_error_top_k: 1]
[auc_mu_weights: ]
[num_machines: 1]
[local_listen_port: 12400]
[time_out: 120]
[machine_list_filename: ]
[machines: ]
[gpu_platform_id: -1]
[gpu_device_id: -1]
[gpu_device_id_list: ]
[gpu_use_dp: 0]
[num_gpu: 1]

end of parameters

pandas_categorical:[]
