tree
version=v4
num_class=1
num_tree_per_iteration=1
label_index=0
max_feature_idx=34
objective=regression
feature_names=Return Log_Return Ret_Lag_1 Ret_Lag_2 Ret_Lag_3 Ret_Lag_5 Ret_Lag_10 Daily_Range_Pct Close_to_MA_5 Close_to_MA_10 Close_to_MA_20 Close_to_MA_50 Close_to_EMA_10 Close_to_EMA_20 Rolling_Std_10 Rolling_Std_20 RSI_14 MACD_Pct Volume_to_MA_10 USD_Index VIX US_10Y_Yield CPI_Inflation Fed_Funds_Rate Real_Yield_10Y Gold_Silver_Ratio News_Volume Daily_Bullish Daily_Bearish Daily_NSS Sentiment_EMA_7d Sentiment_Spike Sentiment_EMA_30d Sentiment_EMA_60d Sentiment_x_Trend
feature_infos=[-0.1164914206586988:0.092862495689852706] [-0.12385427663987771:0.088800396787994604] [-0.1164914206586988:0.092862495689852706] [-0.1164914206586988:0.092862495689852706] [-0.1164914206586988:0.092862495689852706] [-0.1164914206586988:0.092862495689852706] [-0.1164914206586988:0.092862495689852706] [0:0.23762917108365739] [0.83125065699797374:1.1180168178183378] [0.76907950674990599:1.1507208680796319] [0.7126546826058221:1.251363766453035] [0.67972949752942891:1.441327379231726] [0.80557406499134387:1.1328420361132037] [0.74471501092138792:1.2179636354713963] [0.0031038011787134002:0.068021976636499698] [0.0052390161856204001:0.051417727976331103] [13.650620263885443:86.83115619591274] [-0.050545190129198198:0.022319726889085699] [0:9.9996164222411164] [79.77999878:114.11000060000001] [9.1400003430000005:82.690002440000001] [0.52000000000000002:4.25] [234.74700000000001:298.83199999999999] [0.050000000000000003:4.0999999999999996] [-1.1899999999999999:1.74] [62.225318270000002:125.88837599999999] none [0:0.46561065316200251] [0:0.48509258031845093] [-0.47961715515702968:0.45375056099146599] [-0.29246351320567382:0.29292334974528911] [-0.36019041427922521:0.55966055564785488] [-0.1111525750275293:0.17164556168772879] [-0.0605059871393979:0.1201680219062911] [-0.0434020215808366:0.055777108804306003]
tree_sizes=1164 1147 1652 840 1349 1385 1104 1352 1969 1838 2104 1672 1644 1475 2003 1559 1517 2181 1860 1326 1971 2184 1721 1709 1468 2064 1582 2017 1027 1857 1418 1766 1720 2035 1770 2355 2058 1944 1031 1665 1032 1840 1843 2415 927 1769 2077 1682 1678 1904 1732 2016 2019 1862 1951 2062 2101 2039 2221 1708 1674 2348 1834 2071 1751 2107 1923 1792 1461 1964 2290 1542 2173 2101 1545 957 2513 1916 1601

Tree=0
num_leaves=11
num_cat=0
split_feature=21 2 10 7 3 18 2 25 0 18
split_gain=0.00358159 0.0071829 0.00383571 0.00251078 0.00386753 0.00327452 0.00303575 0.00213024 0.00210542 0.00188947
threshold=0.65500000000000014 -0.0024336042531460998 1.0959267819739311 0.021306712071466654 -0.0096376872897458478 0.037103258467508005 -0.0045349170984511989 72.344721110000009 -0.011965569386349798 0.28439824205282299
decision_type=2 2 2 2 2 2 2 2 2 2
left_child=1 -1 3 7 6 -6 -5 9 -9 -2
right_child=2 -3 -4 4 5 -7 -8 8 -10 -11
leaf_value=9.7563636030626279e-05 0.00023115671939235268 0.0010973098250200981 -0.00038321694348718565 -0.00029674391023450358 6.7059174285028124e-05 0.00052937255349687264 0.00023456701174154708 0.00039639476366531805 0.00021141664397442283 8.933325208298256e-06
leaf_weight=21 214 32 23 29 29 229 70 173 1174 227
leaf_count=21 214 32 23 29 29 229 70 173 1174 227
internal_value=0.000231157 0.000625963 0.000220973 0.000230628 0.000348632 0.000456961 0.000117001 0.000204118 0.000231785 0.000108917
internal_weight=2221 53 2168 2145 357 258 99 1788 1347 441
internal_count=2221 53 2168 2145 357 258 99 1788 1347 441
is_linear=0
shrinkage=1


Tree=1
num_leaves=11
num_cat=0
split_feature=21 2 10 5 15 3 4 2 34 2
split_gain=0.00319495 0.00661223 0.00350052 0.00269891 0.00645683 0.00165431 0.00253684 0.00251105 0.000522627 0.000205246
threshold=0.65500000000000014 -0.0024336042531460998 1.0959267819739311 -0.021037320256613597 0.020163575964391656 0.0028454180670081006 0.033384162027286203 -0.0070102588416437487 3.6751178781998024e-06 -1.0000000180025095e-35
decision_type=2 2 2 2 2 2 2 2 2 2
left_child=1 -1 3 4 9 7 -7 -5 -6 -2
right_child=2 -3 -4 5 8 6 -8 -9 -10 -11
leaf_value=-0.00012774840074295448 -9.9303326775420926e-05 0.00082655753444331448 -0.00058719943432012007 -0.00018521546066123414 0.0007474355068708455 5.6177192917227414e-05 -0.00043136980380110729 -1.0207365826419644e-05 2.9956894633236822e-05 0
leaf_weight=21 50 32 23 292 39 759 23 914 20 48
leaf_count=21 50 32 23 292 39 759 23 914 20 48
internal_value=0 0.000372563 -9.93737e-06 -6.08401e-07 0.000194378 -1.87882e-05 3.38744e-05 -5.70709e-05 0.000598085 -9.71124e-06
internal_weight=2221 53 2168 2145 157 1988 782 1206 59 98
internal_count=2221 53 2168 2145 157 1988 782 1206 59 98
is_linear=0
shrinkage=0.05


Tree=2
num_leaves=17
num_cat=0
split_feature=18 14 2 3 2 11 15 32 6 14 31 19 23 24 6 32
split_gain=0.00196501 0.00212731 0.00574887 0.00168797 0.00244501 0.00190592 0.00170962 0.00163213 0.00129001 0.00116017 0.000865339 0.000891052 0.00104297 0.00130456 0.000102849 6.88758e-06
threshold=1.9664041693202505 0.035543501049331606 -0.0011404045200320999 0.0028454180670081006 -0.0070102588416437487 1.0910103627372501 0.016058537865789153 0.047605067599467303 0.012017440085102851 0.020063990436063005 -0.0050990867156228492 99.165000915000022 0.90500000000000014 -0.92499999999999993 -0.0047329058176416488 0.0014567520212359502
decision_type=2 2 2 2 2 2 2 2 2 2 2 2 2 2 2 2
left_child=1 3 -3 4 8 9 -6 -7 -1 -5 -2 12 13 -12 -14 -13
right_child=10 2 -4 5 6 7 -8 -9 -10 -11 11 15 14 -15 -16 -17
leaf_value=-0.00020738738157745479 1.8265478860907275e-05 -0.0001129074827961934 0.00070401077894348429 0.00012625036187331561 -3.8581909394350177e-05 -0.00035787202357112071 0.00010764542532849586 1.766828592129361e-05 6.0757288104338903e-06 -1.1845465460792182e-05 0 2.7361462340669938e-05 0 -0.00040502630173357818 -6.2280775232795649e-05 0
leaf_weight=239 25 27 37 561 579 43 293 21 39 122 23 20 20 86 66 20
leaf_count=239 25 27 37 561 579 43 293 21 39 122 23 20 20 86 66 20
internal_value=0 1.67696e-05 0.000295122 4.29592e-06 -3.08102e-05 6.49153e-05 5.03814e-06 -0.000164747 -0.000159902 9.43506e-05 -0.000128758 -0.000165441 -0.000210121 -0.00031818 -1.0873e-05 0
internal_weight=2221 1961 64 1897 1150 747 872 64 278 683 260 235 195 109 86 40
internal_count=2221 1961 64 1897 1150 747 872 64 278 683 260 235 195 109 86 40
is_linear=0
shrinkage=0.05


Tree=3
num_leaves=8
num_cat=0
split_feature=21 2 12 24 15 20 7
split_gain=0.00275514 0.00595283 0.00210318 0.00532085 0.00318775 0.00212163 0.00258554
threshold=0.65500000000000014 -0.0024336042531460998 1.043780184624181 -0.034999999999999996 0.039736195330334206 36.635000225000006 0.021306712071466654
decision_type=2 2 2 2 2 2 2
left_child=1 -1 4 -4 5 6 -2
right_child=2 -3 3 -5 -6 -7 -8
leaf_value=-0.00012050578126339435 -2.5818327286307931e-05 0.00077886974369175733 -0.00083331496502203812 0 0.00052930602114169495 -0.00047560718019667552 0.0001304784652921506
leaf_weight=21 1751 32 24 39 25 21 308
leaf_count=21 1751 32 24 39 25 21 308
internal_value=0 0.000345863 -9.33264e-06 -0.000287282 0 -7.73937e-06 0
internal_weight=2221 53 2168 63 2105 2080 2059
internal_count=2221 53 2168 63 2105 2080 2059
is_linear=0
shrinkage=0.05


Tree=4
num_leaves=14
num_cat=0
split_feature=25 14 2 21 20 21 7 18 14 21 2 4 10
split_gain=0.00275181 0.00672128 0.00542068 0.00383075 0.00270324 0.00279296 0.00186577 0.00201154 0.00257469 0.00126693 0.00113751 0.000372931 1.50473e-05
threshold=72.344721110000009 0.035543501049331606 -0.0044424158244763994 1.1050000000000002 37.674999235000008 0.65500000000000014 0.021609309793201654 0.28439824205282299 0.011988955443008351 2.1950000000000007 0.010436841335831651 -0.0010438917251706997 0.98471594213412994
decision_type=2 2 2 2 2 2 2 2 2 2 2 2 2
left_child=3 4 -3 -1 5 -2 7 11 -9 -7 12 -5 -8
right_child=1 2 -4 6 -6 9 10 8 -10 -11 -12 -13 -14
leaf_value=-0.00059634422726718961 0.00050351339187333611 0 0.00099724523039185459 9.1862863362274802e-05 -0.00046102481725593587 5.9511828465351632e-05 3.7326562311069135e-05 0 -0.000355798082870948 -2.8568961259555171e-05 0.00041967425821125151 -4.0685744591529432e-05 0
leaf_weight=35 27 20 29 81 26 737 24 94 121 840 23 132 32
leaf_count=35 27 20 29 81 26 737 24 94 121 840 23 132 32
internal_value=0 3.1222e-05 0.000592781 -9.80535e-05 1.02209e-05 2.18174e-05 -5.05453e-05 -9.90894e-05 -0.000206108 9.46527e-06 0.000145481 0 0
internal_weight=2221 1679 49 542 1630 1604 507 428 215 1577 79 213 56
internal_count=2221 1679 49 542 1630 1604 507 428 215 1577 79 213 56
is_linear=0
shrinkage=0.05


Tree=5
num_leaves=14
num_cat=0
split_feature=25 14 2 4 20 21 5 6 10 21 22 2 4
split_gain=0.002494 0.00610456 0.00496284 0.00363019 0.00246715 0.00254654 0.00181032 0.00167117 0.00198148 0.00114565 0.000460361 0.000690105 8.6146e-05
threshold=72.344721110000009 0.035543501049331606 -0.0044424158244763994 0.026697857318164455 37.674999235000008 0.65500000000000014 -0.00055176773640719986 -0.0060419761715006489 1.0241580781428363 2.1950000000000007 269.51850000000007 0.0012321471748916002 0.0028454180670081006
decision_type=2 2 2 2 2 2 2 2 2 2 2 2 2
left_child=3 4 -3 6 5 -2 7 12 -9 -7 11 -8 -1
right_child=1 2 -4 -5 -6 9 10 8 -10 -11 -12 -13 -14
leaf_value=0 0.00048085530236130589 0 0.0009520575623901096 -0.0006004744002795114 -0.00044035816898344666 5.6548301020607266e-05 0.00012803874349862562 -8.6881116459236105e-05 -0.00059816346219845288 -2.7145594739450208e-05 -0.00013041105321815027 -4.97762906058175e-07 8.4727978729157863e-05
leaf_weight=40 27 20 29 32 26 737 145 107 36 840 28 127 27
leaf_count=40 27 20 29 32 26 737 145 107 36 840 28 127 27
internal_value=0 2.97241e-05 0.000564973 -9.33466e-05 9.56355e-06 2.07764e-05 -4.84548e-05 -0.000162909 -0.000259488 8.83671e-06 1.59811e-05 5.0491e-05 0
internal_weight=2221 1679 49 542 1630 1604 510 210 143 1577 300 272 67
internal_count=2221 1679 49 542 1630 1604 510 210 143 1577 300 272 67
is_linear=0
shrinkage=0.05


Tree=6
num_leaves=11
num_cat=0
split_feature=21 2 10 7 2 20 32 1 7 22
split_gain=0.00206378 0.00501111 0.00281993 0.00184007 0.00255584 0.00425947 0.00364083 0.00173642 0.00220251 0.00172327
threshold=0.65500000000000014 -0.0024336042531460998 1.0959267819739311 0.021306712071466654 0.0183257608284428 32.454999920000013 0.0029949733285728505 -0.0056829182385822992 0.0080752696042176528 246.53050000000005
decision_type=2 2 2 2 2 2 2 2 2 2
left_child=1 -1 3 7 5 -5 -6 9 -9 -2
right_child=2 -3 -4 4 6 -7 -8 8 -10 -11
leaf_value=-0.00011664816406361447 -4.178918299324785e-05 0.00070112514322889709 -0.00052642948403864957 9.8199770226504009e-05 0.00083600327797251316 -0.00056977392146363866 0 0 -0.0001356757393374524 0.00013950235682718467
leaf_weight=21 188 32 23 289 24 22 22 820 506 274
leaf_count=21 188 32 23 289 24 22 22 820 506 274
internal_value=0 0.000298925 -8.4631e-06 0 0.000100855 3.00318e-05 0.000446489 -2.2889e-05 -5.39162e-05 5.51837e-05
internal_weight=2221 53 2168 2145 357 311 46 1788 1326 462
internal_count=2221 53 2168 2145 357 311 46 1788 1326 462
is_linear=0
shrinkage=0.05


Tree=7
num_leaves=14
num_cat=0
split_feature=25 14 2 21 20 21 7 18 14 16 2 4 10
split_gain=0.00226004 0.00543884 0.00432903 0.00339901 0.00220235 0.00210954 0.00162293 0.00181525 0.00229529 0.00128216 0.00104688 0.000337523 1.02287e-05
threshold=72.344721110000009 0.035543501049331606 -0.0044424158244763994 1.1050000000000002 37.674999235000008 0.65500000000000014 0.021609309793201654 0.28439824205282299 0.011988955443008351 53.082658135490036 0.010436841335831651 -0.0010438917251706997 0.98471594213412994
decision_type=2 2 2 2 2 2 2 2 2 2 2 2 2
left_child=3 4 -3 -1 5 -2 7 11 -9 -7 12 -5 -8
right_child=1 2 -4 6 -6 9 10 8 -10 -11 -12 -13 -14
leaf_value=-0.00055861034232963769 0.00043856981613983717 0 0.00089441975793306486 9.0643714519544679e-05 -0.00041622000397183005 4.458924519518748e-05 3.0774995749298886e-05 0 -0.00033315769517391729 -4.7716675135744851e-05 0.00040079810307361188 -3.3735398208524133e-05 0
leaf_weight=35 27 20 29 81 26 1010 24 94 121 567 23 132 32
leaf_count=35 27 20 29 81 26 1010 24 94 121 567 23 132 32
internal_value=0 2.78105e-05 0.000533079 -8.93319e-05 8.60815e-06 1.93699e-05 -4.40367e-05 -8.9946e-05 -0.000191865 8.20911e-06 0.000137903 0 0
internal_weight=2221 1679 49 542 1630 1604 507 428 215 1577 79 213 56
internal_count=2221 1679 49 542 1630 1604 507 428 215 1577 79 213 56
is_linear=0
shrinkage=0.05


Tree=8
num_leaves=21
num_cat=0
split_feature=25 24 0 20 18 2 5 31 20 24 12 25 4 20 14 22 4 25 20 14
split_gain=0.00208666 0.00471695 0.0026565 0.00264876 0.0027714 0.00258473 0.00218549 0.00183385 0.00162941 0.00118882 0.00153286 0.00118676 0.00325178 0.00234092 0.00117601 0.00085315 0.000607402 0.00034964 0.000291711 9.27188e-05
threshold=78.080647135000007 -0.26499999999999996 -0.00021138777294679996 24.835000035000004 0.46049833673363672 -0.017533803907394948 -0.023075128298918845 -7.6009791379849398e-05 26.774999615000002 0.59500000000000008 1.0116795486833452 71.884138600000014 0.03133280499074341 21.920000080000005 0.016254936693581704 277.73450000000008 0.012685328049833602 77.029539930000013 18.054999355000003 0.012233253158008751
decision_type=2 2 2 2 2 2 2 2 2 2 2 2 2 2 2 2 2 2 2 2
left_child=3 2 15 9 17 14 -7 -4 -8 11 18 12 -1 -13 19 -2 -9 -5 -11 -3
right_child=1 5 7 4 -6 6 8 16 -10 10 -12 13 -14 -15 -16 -17 -18 -19 -20 -21
leaf_value=-1.8202553787730702e-05 0.0006111515172890523 -9.2655673059333039e-05 0.00033638895460349089 -0.00014217135774166175 -0.00064834591684032343 0.00038257855467063137 3.5234297639567861e-05 0 -0.00021625535234499031 -0.00010628075700550965 -0.0005356269846059149 1.7626256337659444e-06 -0.00062501652815699356 0.00033963257291108053 -0.00048536679521340694 0 -0.00027317453560459876 4.3483148159187586e-05 4.0416774024309295e-05 0
leaf_weight=433 59 24 38 38 34 39 605 44 68 58 22 539 22 58 34 22 20 21 23 20
leaf_count=433 59 24 38 38 34 39 605 44 68 58 22 539 22 58 34 22 20 21 23 20
internal_value=0 5.39767e-05 0.000280514 -4.35539e-05 -0.000299732 0 3.09603e-05 4.90574e-05 1.58036e-06 -1.78858e-05 -0.000177575 0 -6.23618e-05 4.44549e-05 -0.000267048 0.000500292 -5.4342e-05 0 -5.14631e-06 0
internal_weight=2221 973 183 1248 93 790 712 102 673 1155 103 1052 455 597 78 81 64 59 81 44
internal_count=2221 973 183 1248 93 790 712 102 673 1155 103 1052 455 597 78 81 64 59 81 44
is_linear=0
shrinkage=0.05


Tree=9
num_leaves=20
num_cat=0
split_feature=25 21 2 31 4 5 3 6 20 5 3 20 15 7 21 12 3 5 18
split_gain=0.00191951 0.00468532 0.00521964 0.00512367 0.00311556 0.00178457 0.00201122 0.00183356 0.00151906 0.00308628 0.00350246 0.00211309 0.00157484 0.00130749 0.00129804 0.00105036 0.000849238 0.000808629 0.000724255
threshold=72.57634550500002 0.78500000000000014 -0.0059800538698297498 -1.5686624013160986e-23 0.026697857318164455 -0.0010438917251706997 -0.0047593341010575994 -0.0060419761715006489 24.835000035000004 -0.018016062116814748 -0.0033793042598547996 20.905000685000001 0.018921763855765255 0.00030293064861025006 2.1950000000000007 0.99381054191918328 0.0028454180670081006 0.0064714383989822009 1.2472185135597824
decision_type=2 2 2 2 2 2 2 2 2 2 2 2 2 2 2 2 2 2 2
left_child=4 2 -2 -4 5 6 15 -8 11 12 -11 14 -10 -13 -3 -1 18 -18 -7
right_child=1 8 3 -5 -6 16 7 -9 9 10 -12 13 -14 -15 -16 -17 17 -19 -20
leaf_value=-4.1080135454870505e-05 -7.0984891698524152e-05 5.6503754695812304e-05 0.00080122735693172837 0 -0.00054341180201542254 0 0 -0.00037568288523149164 0 -0.00045410473194373055 0 0 0.0004977229276361565 0.00023866495368096968 -5.1935660561840629e-05 0.0003170107426082653 0.0002542970230390963 0 -0.00021362853243425933
leaf_weight=34 35 493 57 27 33 151 53 101 21 82 112 40 21 160 613 23 62 64 39
leaf_count=34 35 493 57 27 33 151 53 101 21 82 112 40 21 160 613 23 62 64 39
internal_value=0 2.61493e-05 0.000324557 0.000543602 -8.06387e-05 -3.93146e-05 -0.000154615 -0.000253566 0 -0.000113235 -0.000211014 2.36666e-05 0.000211259 0.000172148 0 2.87052e-05 2.27297e-05 0.00013005 -2.34491e-05
internal_weight=2221 1661 119 84 560 527 211 154 1542 236 194 1306 42 200 1106 57 316 126 190
internal_count=2221 1661 119 84 560 527 211 154 1542 236 194 1306 42 200 1106 57 316 126 190
is_linear=0
shrinkage=0.05


Tree=10
num_leaves=23
num_cat=0
split_feature=25 23 0 20 18 2 0 20 19 7 0 3 25 2 2 20 21 8 3 22 4 25
split_gain=0.00179707 0.00403829 0.00289994 0.00237435 0.00249464 0.00206847 0.00184183 0.0026498 0.00161594 0.0013116 0.00169323 0.00138488 0.00125438 0.00189779 0.000991649 0.00168893 0.00138505 0.000982736 0.00055068 0.000415411 0.000407943 4.80386e-05
threshold=78.080647135000007 0.28500000000000009 -0.00021138777294679996 24.835000035000004 0.46049833673363672 -0.0064869864396887985 0.017334319359044253 26.110000610000004 96.055000305000007 0.021470098243253403 0.03148412527721841 -0.0033115746221675495 89.101940780000021 0.0065338981413148008 0.00011945331518705001 14.125000000000002 2.0550000000000002 1.0009083856994831 0.0077601698587023002 277.73450000000008 0.0068783412546631504 79.546773270000003
decision_type=2 2 2 2 2 2 2 2 2 2 2 2 2 2 2 2 2 2 2 2 2 2
left_child=3 2 19 9 18 6 7 -3 21 14 11 -11 17 -14 16 -16 -1 -7 -5 -2 -10 -4
right_child=1 5 8 4 -6 12 -8 -9 20 10 -12 -13 13 -15 15 -17 -18 -19 -20 -21 -22 -23
leaf_value=0.0001091050220426738 0.00058322914153219156 -3.9190940199284715e-05 0 2.5824203690890925e-05 -0.00061384003993274802 9.10197203707438e-05 0.00018775028259260579 -0.00050582539338426657 0 0 -0.00014512804774285265 0.00030196286011673274 0 0.00051535013689759334 0 -0.00018711874538211273 -5.8560236819537242e-05 -4.2378525825192287e-05 -0.00024215431844704259 0 -0.00023231701511475776 0.00040531916634949008
leaf_weight=198 58 140 20 39 34 243 22 51 34 44 30 94 41 32 242 238 309 268 20 20 24 20
leaf_count=198 58 140 20 39 34 243 22 51 34 44 30 94 41 32 242 238 309 268 20 20 24 20
internal_value=0 4.9809e-05 0.000264439 -4.06904e-05 -0.000283302 0 -0.000130672 -0.000195458 2.35369e-05 -1.61543e-05 0.000103855 0.000195379 5.02625e-05 0.000244708 -4.18848e-05 -9.3427e-05 0 1.14908e-05 0 0.000493301 -8.46754e-05 0.000291684
internal_weight=2221 973 176 1248 93 797 213 191 98 1155 168 138 584 73 987 480 507 511 59 78 58 40
internal_count=2221 973 176 1248 93 797 213 191 98 1155 168 138 584 73 987 480 507 511 59 78 58 40
is_linear=0
shrinkage=0.05


Tree=11
num_leaves=18
num_cat=0
split_feature=25 14 18 4 14 2 21 6 5 3 0 24 9 3 5 18 0
split_gain=0.00169806 0.00497167 0.00328564 0.00283466 0.00176709 0.00223843 0.0020607 0.00202917 0.00161122 0.00183216 0.00280726 0.00140295 0.000826202 0.00076273 0.000724951 0.000654754 0.000157736
threshold=72.57634550500002 0.035543501049331606 0.70388744176103046 0.026697857318164455 0.028269643733057653 -0.0094684240004389974 0.78500000000000014 -0.0015878956382390497 -0.0010438917251706997 -0.0047593341010575994 -0.0012696421909006498 1.5150000000000003 0.98721070733551197 0.0028454180670081006 0.0064714383989822009 1.4229006908349582 -0.012555338861034599
decision_type=2 2 2 2 2 2 2 2 2 2 2 2 2 2 2 2 2
left_child=3 4 -3 8 6 -6 7 -2 9 12 -11 -8 -1 15 -15 -10 -7
right_child=1 2 -4 -5 5 16 11 -9 13 10 -12 -13 -14 14 -16 -17 -18
leaf_value=-4.8583220582992402e-05 0 0.00087777073906701326 0 -0.00051758546656249869 -0.00059007346104071655 7.7674915563598584e-05 0 0.0004969721620066346 0 0 -0.00040975147887365891 0.00037654222578275951 0.00025204550334251508 0.0002417527824514904 0 -0.00023525156980125055 -8.9367774180573178e-05
leaf_weight=28 25 25 20 33 24 20 1455 41 162 61 93 22 29 62 64 28 29
leaf_count=28 25 25 20 33 24 20 1455 41 162 61 93 22 29 62 64 28 29
internal_value=0 2.44798e-05 0.000527561 -7.59543e-05 6.43085e-06 -0.000223753 2.09682e-05 0.000289784 -3.60928e-05 -0.000145975 -0.000240751 5.01465e-06 2.59896e-05 2.22864e-05 0.000124094 -2.02007e-05 0
internal_weight=2221 1661 45 560 1616 73 1543 66 527 211 154 1477 57 316 126 190 49
internal_count=2221 1661 45 560 1616 73 1543 66 527 211 154 1477 57 316 126 190 49
is_linear=0
shrinkage=0.05


Tree=12
num_leaves=17
num_cat=0
split_feature=18 25 21 12 4 0 20 13 2 3 20 14 23 27 0 6
split_gain=0.0015634 0.00168589 0.00227537 0.00219906 0.00202221 0.00291673 0.00169844 0.00173417 0.00153364 0.00107589 0.00104469 0.00132201 0.00162115 0.00104467 0.000932861 6.07312e-05
threshold=1.9664041693202505 75.154113580000015 0.65500000000000014 1.0321180627280324 0.026697857318164455 0.0014340739966880003 18.585000035000004 1.0036880013769103 -0.0055167092749985993 0.0028454180670081006 26.219999310000002 0.021205662705806452 0.33500000000000008 0.00045649260171060009 0.022210049706878652 0.00062795348985285012
decision_type=2 2 2 2 2 2 2 2 2 2 2 2 2 2 2 2
left_child=1 4 -3 8 6 -6 9 -8 -4 -1 11 12 13 -2 -5 -14
right_child=10 2 3 14 5 -7 7 -9 -10 -11 -12 -13 15 -15 -16 -17
leaf_value=-0.00010924847440694818 0 0.00043177632384978968 -2.1479975590764782e-05 -0.00040994481123094123 0 -0.00070618229430962232 -6.6731661736720469e-06 0.00028023066631001055 9.6601033101305014e-05 1.4763019351855736e-05 -0.0004197299070731407 0.00021278956170386537 3.0319300723411805e-05 -0.0004448326461591778 0 -3.4359609847503152e-05
leaf_weight=365 27 38 335 32 24 24 56 85 758 216 28 26 53 44 28 82
leaf_count=365 27 38 335 32 24 24 56 85 758 216 28 26 53 44 28 82
internal_value=0 1.4539e-05 5.36026e-05 3.57255e-05 -3.93879e-05 -0.000347904 -1.06259e-05 0.000133796 5.58879e-05 -5.47437e-05 -0.00011525 -5.23372e-05 -0.000112297 -0.000300641 -0.000237372 0
internal_weight=2221 1961 1191 1153 770 48 722 141 1093 581 260 232 206 71 60 135
internal_count=2221 1961 1191 1153 770 48 722 141 1093 581 260 232 206 71 60 135
is_linear=0
shrinkage=0.05


Tree=13
num_leaves=15
num_cat=0
split_feature=25 14 2 21 20 21 2 1 7 18 20 2 3 10
split_gain=0.0014341 0.00391104 0.0034652 0.00288078 0.00203432 0.0013901 0.00259338 0.00142991 0.00135793 0.00150557 0.00199598 0.000885852 0.000279241 7.27924e-06
threshold=72.344721110000009 0.035543501049331606 -0.0044424158244763994 1.1050000000000002 37.674999235000008 2.1950000000000007 0.0096651833047794507 -0.0070349461736256497 0.021609309793201654 0.28439824205282299 11.984999655000001 0.010436841335831651 0.0028454180670081006 0.98471594213412994
decision_type=2 2 2 2 2 2 2 2 2 2 2 2 2 2
left_child=3 4 -3 -1 5 6 -2 -7 9 12 -11 13 -5 -10
right_child=1 2 -4 8 -6 7 -8 -9 11 10 -12 -13 -14 -15
leaf_value=-0.00050139494281642048 0.00012116486452714914 0 0.00077452562405596844 -1.5179552600669228e-05 -0.00040429111562091219 7.1788657051278604e-05 -8.2073505713590252e-05 -6.8620908191376233e-05 2.5961589924042549e-05 3.420529439005384e-05 -0.00025465739623530833 0.00038127771186946823 9.2958870535495686e-05 0
leaf_weight=35 582 20 29 139 26 227 182 613 24 49 166 23 74 32
leaf_count=35 582 20 29 139 26 227 182 613 24 49 166 23 74 32
internal_value=0 2.17706e-05 0.000450074 -7.1524e-05 5.0302e-06 1.55188e-05 6.60989e-05 -2.46253e-05 -2.92698e-05 -7.25199e-05 -0.000166323 0.000138152 1.08174e-08 0
internal_weight=2221 1679 49 542 1630 1604 764 840 507 428 215 79 213 56
internal_count=2221 1679 49 542 1630 1604 764 840 507 428 215 79 213 56
is_linear=0
shrinkage=0.05


Tree=14
num_leaves=22
num_cat=0
split_feature=25 23 1 20 5 20 19 24 12 15 15 6 4 28 25 5 16 11 22 20 11
split_gain=0.00136002 0.00339556 0.00246676 0.00217271 0.00188145 0.0045949 0.0014531 0.00107707 0.00139502 0.0010428 0.000924695 0.00174818 0.00090148 0.00174729 0.00143497 0.000896398 0.000493912 0.000373912 0.000251533 0.000231336 0.000192616
threshold=78.080647135000007 0.28500000000000009 -0.00021141043784874997 24.835000035000004 -0.023075128298918845 33.604999540000009 96.055000305000007 0.59500000000000008 1.0116795486833452 0.020163575964391656 0.017259845827500352 -0.0088204739272973471 -0.00097049498197999994 0.00099883397760015011 75.154113580000015 -0.011218278987428649 52.40324921966117 1.0640865177306973 277.73450000000008 18.054999355000003 0.96676262049526929
decision_type=2 2 2 2 2 2 2 2 2 2 2 2 2 2 2 2 2 2 2 2 2
left_child=3 2 18 7 9 15 -4 12 19 -3 -5 -12 13 -1 -14 -6 -13 -8 20 -9 -2
right_child=1 4 6 10 5 -7 17 8 -10 -11 11 16 14 -15 -16 -17 -18 -19 -20 -21 -22
leaf_value=0 0.00073086693242657935 0 0.00027269052378129386 0 -0.00014137326954867031 -0.00070130258834979033 -0.0002118190554826851 -9.4400346594038196e-05 -0.00050376450661569836 0.0005514437441066232 0 -9.2917788424529024e-06 -8.1943962337117571e-05 0.00020524835753151467 9.6750461355744237e-05 2.3108157908003574e-05 -0.00070142922181791326 0 0 3.6554630798771252e-05 0.00012175856205431045
leaf_weight=318 29 26 40 23 92 21 28 58 22 20 22 21 476 135 123 638 27 30 20 23 29
leaf_count=318 29 26 40 23 92 21 28 58 22 20 22 21 476 135 123 638 27 30 20 23 29
internal_value=0 4.32113e-05 0.000240011 -3.5512e-05 0 -2.04899e-05 1.43662e-05 -1.19092e-05 -0.000164171 0.000299219 -0.000267028 -0.000354171 0 5.62981e-05 -3.66455e-05 0 -0.000515017 -8.64706e-05 0.000450752 0 0.000529246
internal_weight=2221 973 176 1248 797 751 98 1155 103 46 93 70 1052 453 599 730 48 58 78 81 58
internal_count=2221 973 176 1248 797 751 98 1155 103 46 93 70 1052 453 599 730 48 58 78 81 58
is_linear=0
shrinkage=0.05


Tree=15
num_leaves=16
num_cat=0
split_feature=18 25 21 12 21 20 7 6 24 0 17 10 16 9 5
split_gain=0.00137473 0.00135895 0.00198727 0.00194746 0.00126955 0.000909494 0.00123082 0.00106487 0.00089833 0.000820123 0.000737123 0.00190692 0.00126372 0.000648413 0.000202459
threshold=1.9664041693202505 75.154113580000015 0.65500000000000014 1.0321180627280324 2.2950000000000004 26.219999310000002 0.024061467463983303 -0.00012882100874944997 0.59500000000000008 0.022210049706878652 0.00027617603426525003 0.97375344916732598 61.852862473961238 0.98335989507691479 -0.0058139192594093498
decision_type=2 2 2 2 2 2 2 2 2 2 2 2 2 2 2
left_child=1 8 -3 4 -4 6 7 14 10 -5 11 -1 -12 -9 -2
right_child=5 2 3 9 -6 -7 -8 13 -10 -11 12 -13 -14 -15 -16
leaf_value=3.153294852558192e-05 0.00013418423696878433 0.00040241899122143304 0.00010549526057669441 -0.00038680213500213415 0 -0.00039410678623338045 0.0002248257202826118 0 -0.00032482634849917045 0 0.00010143229126203362 -0.00017805120796997385 -7.6526076579315933e-05 -0.0002446401118828693 -5.8176993418058683e-06
leaf_weight=162 25 38 538 32 555 28 23 21 25 28 240 201 142 107 56
leaf_count=162 25 38 538 32 555 28 23 21 25 28 240 201 142 107 56
internal_value=0 1.35073e-05 4.87364e-05 3.17405e-05 5.09673e-05 -0.000108191 -4.78171e-05 -0.000104163 -3.44927e-05 -0.00022489 -1.68018e-05 -7.13648e-05 2.22124e-05 -0.000194629 0
internal_weight=2221 1961 1191 1153 1093 260 232 209 770 60 745 363 382 128 81
internal_count=2221 1961 1191 1153 1093 260 232 209 770 60 745 363 382 128 81
is_linear=0
shrinkage=0.05


Tree=16
num_leaves=16
num_cat=0
split_feature=5 15 21 20 2 8 3 5 34 20 7 13 2 3 32
split_gain=0.00122191 0.00316595 0.00184725 0.0026699 0.0024233 0.00200593 0.00265256 0.00187009 0.00143251 0.00132313 0.0021587 0.000810559 0.000163042 6.04855e-05 5.1623e-06
threshold=-0.021037320256613597 0.020163575964391656 0.65500000000000014 24.835000035000004 0.0011121485281958001 1.014591213341528 0.0027389263940699508 -0.0029719590484940496 -7.0883417169978731e-23 20.905000685000001 0.00030293064861025006 0.9980495612843896 -1.0000000180025095e-35 0.0012321471748916002 0.0045809865331917507
decision_type=2 2 2 2 2 2 2 2 2 2 2 2 2 2 2
left_child=1 12 4 9 -2 6 -5 -7 -3 11 -11 -4 13 -1 -14
right_child=2 8 3 5 -6 7 -8 -9 -10 10 -12 -13 14 -15 -16
leaf_value=-0.00013026305370272674 0 0.00068917849984912512 1.6531848692243302e-05 -0.00021562878918105171 0.0005689458849824846 0 0.00011047108794852931 -0.00060971693059731161 2.7422355677117586e-05 -0.00013061960174405723 0.00019852773913334542 -5.396269740948274e-05 2.040379341774349e-05 0 0
leaf_weight=30 20 27 752 135 28 20 90 41 37 46 188 739 28 20 20
leaf_count=30 20 27 752 135 28 20 90 41 37 46 188 739 28 20 20
internal_value=0 0.000129897 -1.14577e-05 -2.12842e-05 0.00027923 -0.000162028 -6.35218e-05 -0.000427236 0.000399586 0 0.000111892 -1.50996e-05 -3.35909e-06 -8.7819e-05 0
internal_weight=2221 162 2059 2011 48 286 225 61 64 1725 234 1491 98 50 48
internal_count=2221 162 2059 2011 48 286 225 61 64 1725 234 1491 98 50 48
is_linear=0
shrinkage=0.05


Tree=17
num_leaves=24
num_cat=0
split_feature=18 25 23 18 2 34 4 4 0 4 31 0 14 6 6 4 33 2 6 18 0 6 24
split_gain=0.00121959 0.00131153 0.00223756 0.00155537 0.00155398 0.00148081 0.00139353 0.00113876 0.00113239 0.00112063 0.00219729 0.000850679 0.00073868 0.00111548 0.00123281 0.000911459 0.000712528 0.000625543 0.000519124 0.000478952 0.000436358 0.000176382 0.000265991
threshold=1.9184911167713488 76.510129405000001 0.28500000000000009 0.4473889048761957 -0.0064869864396887985 -0.00040106457240984996 0.022979168427029701 -0.0011299180301133497 0.012725494292412052 -0.00097049498197999994 -4.7151093688291218e-05 0.0012912706847619004 0.010424107901555501 0.004373765522994651 -0.00012882100874944997 -0.0011970279595010498 0.032962521033188454 0.005158851417683301 -0.0094790739597391486 1.0518199233353054 0.0045229539368897009 -0.0063503181705725992 0.41500000000000004
decision_type=2 2 2 2 2 2 2 2 2 2 2 2 2 2 2 2 2 2 2 2 2 2 2
left_child=1 5 3 6 8 11 -3 -6 -4 16 -11 17 21 14 18 -15 -7 -1 -14 -5 -17 -2 -23
right_child=12 2 4 19 7 9 -8 -9 -10 10 -12 -13 13 15 -16 20 -18 -19 -20 -21 -22 22 -24
leaf_value=0.00032358326384164011 0.00012083212513028196 0.00035115526075603067 -0.00016894048840865306 -8.305165419062855e-05 0.00013324778898602871 -1.9174932267787883e-05 0 0 6.66472662815546e-05 -0.00020649117868131725 0 0 -0.00022358160901311361 0.00016082219975942279 -0.00054341938033550317 0 0.00015067901259966233 0 0 0.00015326125233615232 -0.00027747232502611774 0 -0.00013685574764263277
leaf_weight=51 24 126 167 48 255 277 20 321 35 247 240 38 25 35 32 20 71 24 36 33 28 33 35
leaf_count=51 24 126 167 48 255 277 20 321 35 247 240 38 25 35 32 20 71 24 36 33 28 33 35
internal_value=0 1.29662e-05 5.4368e-05 0.000192633 7.03881e-06 -2.57004e-05 0.000288751 5.4723e-05 -0.000103353 -5.31423e-05 -0.000102683 0.000130105 -0.000100186 -0.000159728 -0.000276803 0 2.22583e-06 0.000228997 -3.98974e-05 0 -0.0001594 0 -2.56584e-05
internal_weight=2221 1953 1005 227 778 948 146 576 202 835 487 113 268 176 93 83 348 75 61 81 48 92 68
internal_count=2221 1953 1005 227 778 948 146 576 202 835 487 113 268 176 93 83 348 75 61 81 48 92 68
is_linear=0
shrinkage=0.05


Tree=18
num_leaves=20
num_cat=0
split_feature=25 24 31 18 20 18 2 18 24 2 7 0 15 3 2 20 21 3 18
split_gain=0.00111327 0.00274602 0.00193245 0.00216196 0.00192475 0.00200996 0.00190909 0.00150757 0.00100468 0.00102464 0.00100427 0.00140691 0.00170946 0.000877681 0.00086932 0.0016219 0.00122632 0.00047398 2.85792e-06
threshold=78.080647135000007 -0.26499999999999996 -1.0406826868280622e-23 0.044292761879026657 24.835000035000004 0.46049833673363672 -0.017533803907394948 1.1318056901664424 1.5150000000000003 -0.0026737454297654493 0.021470098243253403 0.03148412527721841 0.018792063015681402 -0.0033793042598547996 0.00011945331518705001 14.125000000000002 2.0550000000000002 0.0077601698587023002 0.28439824205282299
decision_type=2 2 2 2 2 2 2 2 2 2 2 2 2 2 2 2 2 2 2
left_child=4 2 3 -2 10 17 13 -5 9 -8 14 12 -12 -3 16 -16 -1 -6 -15
right_child=1 6 -4 7 5 -7 8 -9 -10 -11 11 -13 -14 18 15 -17 -18 -19 -20
leaf_value=0.00010874206818775362 0 -0.00043203073332136101 0 0.00053559597318011444 3.1879855312235158e-05 -0.00054549580102035628 -7.1990292100613927e-05 0 0.00034187273074057884 5.4727234463508443e-05 2.2732297419475324e-06 -0.00012331541614636962 0.0004385637875858938 0 0 -0.00017375330619262924 -4.7288386720608219e-05 -0.00022285341649599697 -1.6267224456425057e-05
leaf_weight=198 32 32 39 75 39 34 226 37 22 464 95 30 43 22 242 238 309 20 24
leaf_count=198 32 32 39 75 39 34 226 37 22 464 95 30 43 22 242 238 309 20 24
internal_value=0 3.92723e-05 0.000212136 0.000299676 -3.19608e-05 -0.000249688 0 0.000402237 2.46415e-05 5.87567e-06 -9.51031e-06 9.54813e-05 0.000180119 -0.000231436 -3.26669e-05 -8.16634e-05 4.12388e-06 0 0
internal_weight=2221 973 183 144 1248 93 790 112 712 690 1155 168 138 78 987 480 507 59 46
internal_count=2221 973 183 144 1248 93 790 112 712 690 1155 168 138 78 987 480 507 59 46
is_linear=0
shrinkage=0.05


Tree=19
num_leaves=14
num_cat=0
split_feature=5 15 21 20 2 8 14 5 25 34 2 3 32
split_gain=0.00107044 0.00280774 0.00148805 0.00244074 0.00221812 0.00167797 0.00305242 0.0014217 0.00137201 0.000580904 0.000142104 5.40521e-05 3.51066e-06
threshold=-0.021037320256613597 0.020163575964391656 0.65500000000000014 37.674999235000008 0.0011121485281958001 1.0029367430922889 0.016254936693581704 -0.004518088338826649 74.403822960000014 -7.0883417169978731e-23 -1.0000000180025095e-35 0.0012321471748916002 0.0045809865331917507
decision_type=2 2 2 2 2 2 2 2 2 2 2 2 2
left_child=1 10 4 5 -2 7 -7 -4 -3 -10 11 -1 -12
right_child=2 8 3 -5 -6 6 -8 -9 9 -11 12 -13 -14
leaf_value=-0.00012191433859918492 0 0 -5.7853136530464333e-05 -0.00049642556303836137 0.00053036050555566635 0 -0.00019979814580514817 6.1072262708087571e-05 0.00077192305538725738 4.1984585785450267e-05 1.6826094323468776e-05 0 0
leaf_weight=30 20 20 316 24 28 535 281 855 21 23 28 20 20
leaf_count=30 20 20 316 24 28 535 281 855 21 23 28 20 20
internal_value=0 0.000121731 -1.05857e-05 -1.96384e-05 0.000249488 -1.06272e-05 -6.72687e-05 2.46549e-05 0.000375843 0.000523782 -9.49284e-07 -8.18826e-05 0
internal_weight=2221 162 2059 2011 48 1987 816 1171 64 44 98 50 48
internal_count=2221 162 2059 2011 48 1987 816 1171 64 44 98 50 48
is_linear=0
shrinkage=0.05


Tree=20
num_leaves=21
num_cat=0
split_feature=18 11 25 14 6 11 6 11 6 20 7 23 24 18 4 5 34 9 7 12
split_gain=0.00105051 0.00121088 0.00130723 0.00192541 0.000995866 0.00166232 0.00139824 0.00125195 0.00144429 0.000801658 0.00105508 0.000794952 0.00125455 0.000604884 0.000515186 0.000479533 0.000288203 0.000192333 6.59195e-05 0.000117804
threshold=1.9184911167713488 0.9388735025392877 74.081100380000009 0.014303369033763452 -0.00045652909822064994 0.97984949219359041 -0.015872551478527248 0.95305636927784121 0.0069197977542999013 26.219999310000002 0.024061467463983303 0.13500000000000004 -0.87499999999999989 0.018039780827458354 0.0043802385218558006 -0.00097049498197999994 4.7160869405023298e-12 0.97004234858956406 0.015591159884690802 0.97531645752486795
decision_type=2 2 2 2 2 2 2 2 2 2 2 2 2 2 2 2 2 2 2 2
left_child=1 2 18 17 5 13 -7 14 -9 10 11 12 -2 -3 -6 -5 -13 -4 19 -1
right_child=9 4 3 15 7 6 -8 8 -10 -11 -12 16 -14 -15 -16 -17 -18 -19 -20 -21
leaf_value=-0.00012589256732537942 0 0.0001802826932635071 -6.8436112771264434e-05 0.00048105918328036315 -0.00025252903331730002 1.321182376955221e-05 -0.00014716528604376481 0.00011858497071851264 -3.3904760624700577e-07 -0.00035446957325348195 0.00021723886418980188 -5.7310337755909604e-05 -0.00034091003306303277 0 0 4.6623880664507543e-05 9.7279451622923183e-05 7.8007955653818653e-05 0 0
leaf_weight=26 20 61 36 51 44 125 395 421 442 29 23 104 56 193 20 42 36 46 20 31
leaf_count=26 20 61 36 51 44 125 395 421 442 29 23 104 56 193 20 42 36 46 20 31
internal_value=0 1.21162e-05 0.000114005 0.000192296 -2.18251e-07 -4.47871e-05 -9.91982e-05 3.16427e-05 5.21122e-05 -9.29055e-05 -3.65056e-05 -8.89615e-05 -0.000217016 4.7008e-05 -0.000159723 0.000344534 0 0 -1.96763e-06 -5.24577e-05
internal_weight=2221 1953 252 175 1701 774 520 927 863 268 239 216 76 254 64 93 140 82 77 57
internal_count=2221 1953 252 175 1701 774 520 927 863 268 239 216 76 254 64 93 140 82 77 57
is_linear=0
shrinkage=0.05


Tree=21
num_leaves=23
num_cat=0
split_feature=18 15 14 28 5 5 33 5 5 19 9 33 2 13 20 8 19 7 18 25 8 5
split_gain=0.000979921 0.00152955 0.00241267 0.00285942 0.00185961 0.00296244 0.00292375 0.00111403 0.00110239 0.00205511 0.00208755 0.00270984 0.00197279 0.00224996 0.0011021 0.00178043 0.000985845 0.000709494 0.000653783 0.000718082 0.000585971 5.65849e-05
threshold=0.46049833673363672 0.019882414590554804 0.021205662705806452 0.00014191353744005003 0.012853696872848501 0.0033782221335553505 0.023253266471576453 -0.0043891066835616988 0.011202522280264452 91.795001985000013 0.98871131528718192 0.0040145067938020503 -0.034714016458974394 0.94288663332223355 18.510000230000006 1.0105876208927584 92.99000168000002 0.0040619649139408505 0.22743106869717902 84.649941810000016 0.99604611673915022 0.0053721959030294504
decision_type=2 2 2 2 2 2 2 2 2 2 2 2 2 2 2 2 2 2 2 2 2 2
left_child=1 7 3 -3 5 -4 -6 18 12 -10 -11 -12 -2 -14 17 -16 -15 -9 19 -1 -20 -5
right_child=8 2 4 21 6 -7 -8 14 9 10 11 -13 13 16 15 -17 -18 -19 20 -21 -22 -23
leaf_value=-0.00015854186248245278 -0.00044563636237289754 0.00069616025293283681 6.1686752121873563e-06 7.5222962140105657e-05 0 -0.00053698705800343317 0.00068599816380280276 6.2544193728498605e-05 0.00010010704703103436 8.3011639770120282e-06 -6.890247392220771e-05 -0.00068561096032678653 0.00045424308688207359 -0.00012246611356999179 0.00023747825837255312 -2.8332808733760044e-05 1.6229368619128013e-05 -5.3401854311715919e-05 -8.5508902517631208e-05 0 0.0001549593611819616 0
leaf_weight=208 22 34 103 22 37 25 21 231 31 22 69 41 24 156 140 59 512 298 27 69 49 21
leaf_count=208 22 34 103 22 37 25 21 231 31 22 69 41 24 156 140 59 512 298 27 69 49 21
internal_value=0 2.63507e-05 0.00013376 0.000367136 6.39765e-06 -7.16165e-05 0.000255589 0 -4.14853e-05 -0.000159739 -0.000258669 -0.000355114 -6.96002e-06 1.65551e-06 3.52451e-05 0.000134667 -9.11175e-06 0 -7.26119e-05 -0.000111937 6.23569e-06 0
internal_weight=2221 1344 263 77 186 128 58 1081 877 163 132 110 714 692 728 199 668 529 353 277 76 43
internal_count=2221 1344 263 77 186 128 58 1081 877 163 132 110 714 692 728 199 668 529 353 277 76 43
is_linear=0
shrinkage=0.05


Tree=22
num_leaves=19
num_cat=0
split_feature=5 15 25 18 15 5 28 2 14 5 24 20 11 4 14 2 18 32
split_gain=0.000958472 0.0025252 0.00123326 0.0011778 0.00235003 0.0014248 0.0024682 0.00158386 0.00138197 0.00150945 0.001374 0.00103386 0.000885576 0.00183017 0.00132329 0.000124694 4.36217e-05 3.7389e-06
threshold=-0.021037320256613597 0.020163575964391656 74.403822960000014 0.46049833673363672 0.025637478934253954 0.015013575034886352 0.0025014434532127003 -0.0026737454297654493 0.018206588014456255 0.0012321471748916002 -0.94499999999999984 18.585000035000004 0.93290772316243331 -0.0050847356705910991 0.010074849542390102 -1.0000000180025095e-35 0.13003306617656266 0.0045809865331917507
decision_type=2 2 2 2 2 2 2 2 2 2 2 2 2 2 2 2 2 2
left_child=1 15 -3 5 12 8 7 -7 11 -10 -6 -2 13 -5 -14 16 -1 -17
right_child=3 2 -4 4 10 6 -8 -9 9 -11 -12 -13 14 -15 -16 17 -18 -19
leaf_value=0 0 0 0.00049692243093654438 0.00042316862060033607 0 -0.00011641708528846861 0.00056982145222249413 0.0001986363693722524 0 -0.00026767917196936057 -0.00048602687983122683 0.0001196499775830117 3.6817217357156752e-05 0 -9.8613488555347937e-05 1.7364462048956935e-05 -0.00011650678869749929 0
leaf_weight=22 638 20 44 29 20 62 28 77 130 90 46 217 226 35 461 28 28 20
leaf_count=22 638 20 44 29 20 62 28 77 130 90 46 217 226 35 461 28 28 20
internal_value=0 0.000115723 0.000356656 -9.51074e-06 -5.75955e-05 1.81664e-05 0.000152872 2.3407e-05 0 -0.000113841 -0.000343467 2.5659e-05 -2.45744e-05 0.00013129 -4.68486e-05 0 -7.66928e-05 0
internal_weight=2221 162 64 2059 817 1242 167 139 1075 220 66 855 751 64 687 98 50 48
internal_count=2221 162 64 2059 817 1242 167 139 1075 220 66 855 751 64 687 98 50 48
is_linear=0
shrinkage=0.05


Tree=23
num_leaves=19
num_cat=0
split_feature=2 21 21 7 17 7 31 3 28 6 29 21 15 3 4 11 13 6
split_gain=0.000902961 0.00465839 0.00310717 0.00255647 0.00287433 0.00196864 0.00216375 0.00157693 0.00126782 0.00194844 0.00101559 0.000887508 0.000992151 0.000753205 0.000743499 0.000603926 0.000229367 0.000214322
threshold=-0.010443385907009849 1.1050000000000002 0.78500000000000014 0.044178988474192001 0.0031445488026216506 0.024875242693317503 -5.372333445986318e-23 0.012210405194968802 0.0032753000578670003 0.0068297004678768512 0.035149132297324352 2.5250000000000004 0.010524083891651952 0.0027389263940699508 0.0048036768458100511 0.92925791840293204 0.99147557894578686 0.0045121571916989017
decision_type=2 2 2 2 2 2 2 2 2 2 2 2 2 2 2 2 2 2
left_child=1 7 5 8 -5 6 -2 -1 10 -10 -4 12 16 -14 15 -13 -3 -7
right_child=2 11 3 4 -6 17 -8 -9 9 -11 -12 14 13 -15 -16 -17 -18 -19
leaf_value=-0.00067714554642167839 0.0007172596681387708 0 -3.5553713926420407e-06 0.00074562342398470124 0 -0.0001015435521956533 0 0 0 -0.00037131336263458562 0.00021420821968720042 0 0 0.00020683947651566927 0 -0.00028713245742013291 -0.00023372187742295311 0.00010763116340967827
leaf_weight=35 33 20 1390 21 21 22 35 20 146 57 52 20 125 98 28 57 20 21
leaf_count=35 33 20 1390 21 21 22 35 20 146 57 52 20 125 98 28 57 20 21
internal_value=0 -6.5644e-05 1.53021e-05 0 0.000369897 0.000268028 0.000429727 -0.000482123 -1.19183e-05 -0.000128496 1.26562e-06 0 4.90753e-05 0.000103864 -0.000120882 -0.000207271 -0.000126029 0
internal_weight=2221 423 1798 1687 42 111 68 55 1645 203 1442 368 263 223 105 77 40 43
internal_count=2221 423 1798 1687 42 111 68 55 1645 203 1442 368 263 223 105 77 40 43
is_linear=0
shrinkage=0.05


Tree=24
num_leaves=16
num_cat=0
split_feature=25 2 22 2 21 21 7 3 23 3 8 6 15 20 8
split_gain=0.000905195 0.00129371 0.00210632 0.0011358 0.00394824 0.00293996 0.00227584 0.00208899 0.00175258 0.00107604 0.00103353 0.000689982 0.000219248 0.000659847 0.000154816
threshold=67.889943945000013 0.0030997036594858506 240.86050000000003 -0.0064869864396887985 1.1050000000000002 0.65500000000000014 0.044178988474192001 0.011428699634433001 0.71500000000000019 0.0018870184271576002 1.0029367430922889 0.0055450224500309007 0.011934614815708252 11.984999655000001 1.0053890961240179
decision_type=2 2 2 2 2 2 2 2 2 2 2 2 2 2 2
left_child=1 12 -3 4 7 -5 10 -2 9 -6 -7 -10 13 -1 -14
right_child=3 2 -4 5 8 6 -8 -9 11 -11 -12 -13 14 -15 -16
leaf_value=0 -0.00061006169597021664 0 -0.00058431287326159024 0.00046290613700693939 0 4.9204906487543745e-05 0.0003834854840256629 0 -0.0001525413418595093 0.00020448096913827673 -3.5195272319963411e-05 0 0.00011906456914158942 -0.00022380511815572391 0
leaf_weight=23 41 32 28 37 137 721 39 27 163 115 690 71 38 37 22
leaf_count=23 41 32 28 37 137 721 39 27 163 115 690 71 38 37 22
internal_value=0 -0.000106714 -0.000290546 9.358e-06 -4.79873e-05 3.4132e-05 1.88165e-05 -0.000396343 0 9.38034e-05 4.40879e-06 -9.49722e-05 0 -7.4953e-05 5.55192e-05
internal_weight=2221 180 60 2041 554 1487 1450 68 486 252 1411 234 120 60 60
internal_count=2221 180 60 2041 554 1487 1450 68 486 252 1411 234 120 60 60
is_linear=0
shrinkage=0.05


Tree=25
num_leaves=22
num_cat=0
split_feature=25 23 0 20 18 8 15 31 19 31 0 4 2 31 21 2 9 11 19 25 11
split_gain=0.000881617 0.00216701 0.00189406 0.00167959 0.00160424 0.00132479 0.00223055 0.00120728 0.000853661 0.00106228 0.000683978 0.000679016 0.00204727 0.00121736 0.00247255 0.000685198 0.000342044 0.000194893 0.000170226 0.00011739 2.38147e-05
threshold=78.080647135000007 0.28500000000000009 -0.00021138777294679996 24.835000035000004 0.24474471322972621 0.98294743033545984 0.021667406639088251 -7.6009791379849398e-05 96.795001985000013 -0.0010765695566366496 -0.0015143989472986999 0.03133280499074341 0.0011121485281958001 -0.0068204195045175496 1.9950000000000003 0.00011945331518705001 1.0099331075604268 0.96642539780915782 98.39500046000002 76.241789130000015 1.0445237062420538
decision_type=2 2 2 2 2 2 2 2 2 2 2 2 2 2 2 2 2 2 2 2 2
left_child=3 2 17 11 19 6 18 -4 10 -10 -7 13 -13 14 -1 -15 -9 -2 -3 -5 -19
right_child=1 5 7 4 -6 8 -8 16 9 -11 -12 12 -14 15 -16 -17 -18 20 -20 -21 -22
leaf_value=0.0003300357039264737 0.00053126353869873398 2.6422992021717287e-05 0.00024507491067108674 -8.8616942142834878e-05 -0.00044078019957870566 3.5539500097568588e-05 -0.00058232019022107131 -0.00024766629561781886 -9.0893965008525331e-05 0.00011189886110413862 -0.00010046888430448062 -0.00054642072615578138 0 1.3346443488435487e-05 -2.4443599201673911e-05 -6.5226047652241259e-05 0 0 -0.00011078565622199221 4.811899685300886e-05 0.00012478777480757106
leaf_weight=78 38 44 38 27 44 119 22 20 49 358 176 20 24 502 68 463 40 20 29 22 20
leaf_count=78 38 44 38 27 44 119 22 20 49 358 176 20 24 502 68 463 40 20 29 22 20
internal_value=0 3.55084e-05 0.000192718 -2.78952e-05 -0.00023096 0 -0.000172054 0 2.41431e-05 7.48024e-05 -2.90205e-05 -6.67077e-06 -0.00019291 0 0.000134211 -1.92721e-05 -9.39163e-05 0.000374879 0 0 8.33344e-05
internal_weight=2221 973 176 1248 93 797 95 98 702 407 295 1155 44 1111 146 965 60 78 73 49 40
internal_count=2221 973 176 1248 93 797 95 98 702 407 295 1155 44 1111 146 965 60 78 73 49 40
is_linear=0
shrinkage=0.05


Tree=26
num_leaves=17
num_cat=0
split_feature=5 15 21 20 18 14 2 7 25 4 25 34 25 2 18 29
split_gain=0.000856554 0.00224216 0.00109228 0.00211294 0.0025037 0.00543125 0.00184656 0.00111242 0.00106882 0.000954248 0.000948985 0.000502672 0.000460647 0.000109303 4.20393e-05 2.75176e-06
threshold=-0.021037320256613597 0.020163575964391656 0.65500000000000014 24.835000035000004 0.21627741641474257 0.026899033915171951 0.0011121485281958001 0.015864829766671203 74.403822960000014 0.03133280499074341 74.473537685000011 -7.0883417169978731e-23 76.740154030000014 -1.0000000180025095e-35 0.13003306617656266 0.0019603790760786503
decision_type=2 2 2 2 2 2 2 2 2 2 2 2 2 2 2 2
left_child=1 13 6 7 12 -6 -2 9 -3 -4 -9 -10 -5 14 -1 -15
right_child=2 8 3 4 5 -7 -8 10 11 -11 -12 -13 -14 15 -16 -17
leaf_value=0 0 0 -6.3029917165234779e-06 -0.00012475383365607081 -8.0003076105835392e-05 -0.00084187581549797748 0.00047272712067370458 0 0.00069239739606321877 -0.00028293555461406122 0.00015476646961383382 1.2888332846789397e-05 8.6311941726153053e-05 1.4896839941596423e-05 -0.00011047619591174165 0
leaf_weight=22 20 20 1325 26 137 32 28 173 21 31 196 23 91 28 28 20
leaf_count=22 20 20 1325 26 137 32 28 173 21 31 196 23 91 28 28 20
internal_value=0 0.000109437 -8.95287e-06 -1.70396e-05 -0.000142459 -0.0002655 0.00021288 1.0723e-06 0.000336388 -1.6917e-05 8.02234e-05 0.000467077 0 0 -7.18038e-05 0
internal_weight=2221 162 2059 2011 286 169 48 1725 64 1356 369 44 117 98 50 48
internal_count=2221 162 2059 2011 286 169 48 1725 64 1356 369 44 117 98 50 48
is_linear=0
shrinkage=0.05


Tree=27
num_leaves=22
num_cat=0
split_feature=18 11 16 3 3 9 1 24 1 20 20 2 22 20 7 20 2 23 17 2 1
split_gain=0.000846274 0.00100089 0.00195044 0.00121217 0.00113534 0.000939801 0.000856975 0.00186716 0.00281848 0.00176646 0.00413768 0.00101072 0.000763602 0.000653277 0.000893064 0.000844576 0.000631061 0.000482841 0.000387913 0.000230767 5.05038e-05
threshold=1.9184911167713488 0.9388735025392877 33.692053351956524 -0.0033793042598547996 0.00046706835838200008 0.94532862835233233 0.00019454436548130004 -0.91499999999999992 0.016162812039439655 21.110000610000004 26.375000000000004 0.015243036925253051 236.09900000000002 26.219999310000002 0.0044631287749349012 14.474999905000002 0.013104032318068603 0.37500000000000006 -0.0023986440761214994 -0.0026737454297654493 -0.00098064867811204978
decision_type=2 2 2 2 2 2 2 2 2 2 2 2 2 2 2 2 2 2 2 2 2
left_child=1 2 3 5 -4 -1 9 8 -8 11 -11 -3 -9 14 15 -2 19 -17 -5 -16 -6
right_child=13 6 4 18 20 -7 7 12 -10 10 -12 -13 -14 -15 16 17 -18 -19 -20 -21 -22
leaf_value=0 0 9.6553546456447213e-06 0.00047177254604398615 0.00022434023598599687 7.1066018729470652e-05 -0.00023603117045661463 -0.00046833115524288777 0.00024238185040842465 0 0.00034623869336118256 -4.0218410750481493e-05 -0.00019109814025047376 -2.1872558373568431e-05 -0.00032047947816863601 5.4683488368879053e-05 -0.00044250955383678709 0.00025331419437581924 0 0 -7.785081826619312e-05 0
leaf_weight=25 49 568 44 49 22 64 56 24 31 126 106 65 725 29 44 26 23 28 25 69 23
leaf_count=25 49 568 44 49 22 64 56 24 31 126 106 65 725 29 44 26 23 28 25 69 23
internal_value=0 1.11714e-05 0.000103778 0 0.000287841 -0.000122613 0 -3.86312e-05 -0.000255919 3.20271e-05 0.000150132 -3.90168e-06 -5.82302e-06 -8.31034e-05 -3.00235e-05 -0.000149214 2.5547e-05 -0.000280085 0.000146265 0 0
internal_weight=2221 1953 252 163 89 89 1701 836 87 865 232 633 749 268 239 103 136 54 74 113 45
internal_count=2221 1953 252 163 89 89 1701 836 87 865 232 633 749 268 239 103 136 54 74 113 45
is_linear=0
shrinkage=0.05


Tree=28
num_leaves=10
num_cat=0
split_feature=25 20 25 23 20 18 19 7 2
split_gain=0.000811726 0.0033831 0.0010537 0.00185513 0.00135934 0.0013855 0.0010505 0.000741601 0.000419538
threshold=112.36943365 37.674999235000008 78.080647135000007 0.71500000000000019 24.835000035000004 0.46049833673363672 95.975002290000006 0.021470098243253403 -0.0026737454297654493
decision_type=2 2 2 2 2 2 2 2 2
left_child=1 2 4 6 7 -6 -4 -1 -5
right_child=-2 -3 3 8 5 -7 -8 -9 -10
leaf_value=-2.6940180446729878e-05 0.00027751168477922105 -0.00053166101345656605 0.00032774821641463111 -4.499028607444497e-05 0 -0.00045498234886877446 4.1644007753550091e-05 8.3187965910359429e-05 3.3885831467788756e-05
leaf_weight=987 23 27 79 265 59 34 141 168 438
leaf_count=987 23 27 79 265 59 34 141 168 438
internal_value=0 -3.50132e-06 1.49191e-06 4.40155e-05 -2.59912e-05 -0.000209055 0.00016983 -6.42974e-06 0
internal_weight=2221 2198 2171 923 1248 93 220 1155 703
internal_count=2221 2198 2171 923 1248 93 220 1155 703
is_linear=0
shrinkage=0.05


Tree=29
num_leaves=20
num_cat=0
split_feature=5 15 25 18 15 21 18 5 24 11 16 17 14 14 25 22 34 5 15
split_gain=0.00078978 0.00207595 0.000999917 0.000947412 0.00184637 0.00128948 0.00221119 0.00181614 0.00119975 0.000960534 0.000833406 0.00110187 0.000765687 0.00144643 0.000801342 0.000536229 0.000302751 0.000147854 6.91307e-05
threshold=-0.021037320256613597 0.020163575964391656 74.403822960000014 0.46049833673363672 0.025637478934253954 1.9450000000000001 0.045977254470274606 -0.004518088338826649 -0.94499999999999984 0.9742404643199809 52.720233098282357 -0.0035399698938077492 0.019811594465699255 0.010074849542390102 80.015328105000009 237.74700000000004 -7.0883417169978731e-23 -0.032886351649868646 0.012829685734285853
decision_type=2 2 2 2 2 2 2 2 2 2 2 2 2 2 2 2 2 2 2
left_child=1 17 -3 5 12 6 9 -8 -6 -2 11 -7 13 -5 -14 -12 -4 -1 -19
right_child=3 2 16 4 8 10 7 -9 -10 -11 15 -13 14 -15 -16 -17 -18 18 -20
leaf_value=-9.9950555687993643e-05 9.0422312624484184e-05 0 0.00065384232888997468 3.7526344289814255e-05 0 -8.8650804440465209e-05 0 0.00023851940029844033 -0.00043949901827935339 -0.0001277529277188596 0 6.4739909493046946e-05 0 -0.0001060912205862873 0.00026280212221403107 -0.0001399081171434027 1.7336568338438287e-05 0 6.3397350406672174e-05
leaf_weight=34 56 20 21 233 20 160 78 227 46 128 52 355 63 417 38 186 23 24 40
leaf_count=34 56 20 21 233 20 160 78 227 46 128 52 355 63 417 38 186 23 24 40
internal_value=0 0.000105069 0.000323493 -8.61242e-06 -5.18807e-05 1.58902e-05 8.10975e-05 0.000166561 -0.000306108 -3.42284e-05 -1.99956e-05 7.19461e-06 -2.17781e-05 -4.7017e-05 8.92441e-05 -9.89356e-05 0.00044985 0 0
internal_weight=2221 162 64 2059 817 1242 489 305 66 184 753 515 751 650 101 238 44 98 64
internal_count=2221 162 64 2059 817 1242 489 305 66 184 753 515 751 650 101 238 44 98 64
is_linear=0
shrinkage=0.05


Tree=30
num_leaves=15
num_cat=0
split_feature=5 15 21 20 18 24 2 20 7 11 7 15 5 15
split_gain=0.000728362 0.00195079 0.000897849 0.00180754 0.00215199 0.00218886 0.00166311 0.000973127 0.00164425 0.000869314 0.000819342 0.000414171 0.000134579 6.28495e-05
threshold=-0.021037320256613597 0.020163575964391656 0.65500000000000014 24.835000035000004 0.21627741641474257 0.12500000000000003 0.0011121485281958001 20.905000685000001 0.0014353585302679503 0.98206421549737788 0.011893992368815201 0.025210046938541453 -0.032886351649868646 0.012829685734285853
decision_type=2 2 2 2 2 2 2 2 2 2 2 2 2 2
left_child=1 12 6 7 11 -6 -2 9 -9 -4 -3 -5 -1 -14
right_child=2 10 3 4 5 -7 -8 8 -10 -11 -12 -13 13 -15
leaf_value=-9.5358229518751611e-05 0 0 3.0528549609879231e-05 -1.0830186574821708e-05 -0.00042458917791836121 0 0.00044154796018941152 -8.8046880479981016e-05 0.00017946661287920586 -4.482973292671952e-05 0.00044747626096237626 0.00019476183241716138 0 6.0448637540143543e-05
leaf_weight=34 20 24 601 93 85 84 28 53 181 890 40 24 24 40
leaf_count=34 20 24 601 93 85 84 28 53 181 890 40 24 24 40
internal_value=0 0.000101048 -8.12513e-06 -1.56712e-05 -0.000131693 -0.000245804 0.00019231 8.66623e-07 9.74314e-05 -1.11069e-05 0.000312948 0 0 0
internal_weight=2221 162 2059 2011 286 169 48 1725 234 1491 64 117 98 64
internal_count=2221 162 2059 2011 286 169 48 1725 234 1491 64 117 98 64
is_linear=0
shrinkage=0.05


Tree=31
num_leaves=19
num_cat=0
split_feature=25 2 22 2 25 20 24 19 3 16 21 7 3 16 2 16 9 13
split_gain=0.000747566 0.00114115 0.00188881 0.00099088 0.00251132 0.00219863 0.00224446 0.00175771 0.00131926 0.00148354 0.00137927 0.00102314 0.00163881 0.00077078 0.000679924 0.000129533 0.000531726 0.000315505
threshold=67.889943945000013 0.0030997036594858506 240.86050000000003 0.0065338981413148008 88.795430635000017 32.970001220000007 -0.26499999999999996 99.985000610000014 -0.00067346603055454984 36.250740634038237 2.0750000000000006 0.021306712071466654 0.013194312090030252 52.248696096697017 0.012725494292412052 52.248696096697017 0.98594388258706533 1.0238736541092195
decision_type=2 2 2 2 2 2 2 2 2 2 2 2 2 2 2 2 2 2
left_child=1 15 -3 5 11 8 -7 14 10 -10 -2 13 -13 -5 -6 16 -1 -17
right_child=3 2 -4 4 7 6 -8 -9 9 -11 -12 12 -14 -15 -16 17 -18 -19
leaf_value=0 2.6966431547007546e-05 0 -0.00054754945600683238 4.9212632971466517e-05 0.00026998440487659533 0 -0.00064624861887380212 0.00071944038361543804 0.00022293129887631432 1.0042549887403703e-05 -0.00011454308205518021 0.00028769252698426209 -4.7902551796769006e-05 -8.0963356455023529e-05 0 0.00016165608438106055 -0.00019300355539066583 0
leaf_weight=23 229 32 28 197 21 34 24 22 102 685 378 78 26 221 24 32 38 27
leaf_count=23 229 32 28 197 21 34 24 22 102 685 378 78 26 221 24 32 38 27
internal_value=0 -9.69259e-05 -0.000269394 8.5579e-06 6.44416e-05 -1.07609e-05 -0.000304745 0.000350411 0 4.47051e-05 -5.30897e-05 1.64203e-05 0.000158074 -7.82248e-06 3.21414e-05 0 -5.56146e-05 4.50595e-05
internal_weight=2221 180 60 2041 589 1452 58 67 1394 787 607 522 104 418 45 120 61 59
internal_count=2221 180 60 2041 589 1452 58 67 1394 787 607 522 104 418 45 120 61 59
is_linear=0
shrinkage=0.05


Tree=32
num_leaves=18
num_cat=0
split_feature=25 14 4 14 6 1 15 5 5 3 1 7 12 12 3 5 34
split_gain=0.000691717 0.00307203 0.00218062 0.00134323 0.00155813 0.00131316 0.00126512 0.00195492 0.00110573 0.00131593 0.00202228 0.0010338 0.00081037 0.00063614 0.000507577 0.000714249 0.000280263
threshold=72.57634550500002 0.035543501049331606 0.030058638389086203 0.028269643733057653 -0.0043690437012403492 0.0045127561109018005 0.019689103206430251 0.00097031253320100015 -0.00055176773640719986 -0.0047593341010575994 -0.0012704489030452499 0.024875242693317503 0.99381054191918328 0.99430507421660974 0.0028454180670081006 0.0064714383989822009 0.00010807198978130001
decision_type=2 2 2 2 2 2 2 2 2 2 2 2 2 2 2 2 2
left_child=2 3 8 6 -5 -6 11 -8 9 12 -11 -2 -1 -3 16 -16 -10
right_child=1 13 -4 4 5 -7 7 -9 14 10 -12 -13 -14 -15 15 -17 -18
leaf_value=-1.6613342720983119e-05 7.9275304110353062e-06 0.00058875610449052025 -0.0004700047912386557 -0.00050663025243045056 0.00018618795209594311 -0.00030333297134347957 0.00024632700276318553 0 1.0843572985041896e-05 0 -0.00032515092870145218 -0.00015252411615519022 0.00027230557719381719 0 0.00023166445515585113 0 -0.00012908093152828968
leaf_weight=36 1192 25 27 24 28 21 135 111 146 63 99 105 25 20 61 65 38
leaf_count=36 1192 25 27 24 28 21 135 111 146 63 99 105 25 20 61 65 38
internal_value=0 1.62337e-05 -4.78818e-05 1.40594e-06 -0.000199831 0 1.453e-05 0.000118324 -1.46591e-05 -0.000105161 -0.000186321 -1.53785e-06 3.08849e-05 0.000411182 3.48531e-05 0.000113067 0
internal_weight=2221 1661 560 1616 73 49 1543 246 533 223 162 1297 61 45 310 126 184
internal_count=2221 1661 560 1616 73 49 1543 246 533 223 162 1297 61 45 310 126 184
is_linear=0
shrinkage=0.05


Tree=33
num_leaves=22
num_cat=0
split_feature=18 4 0 14 4 4 18 14 11 23 14 6 21 4 5 23 2 0 6 21 21
split_gain=0.000688749 0.00086857 0.00211221 0.00177628 0.00164709 0.0023283 0.00138272 0.0012652 0.0018169 0.000692626 0.000520544 0.000773724 0.00172762 0.000463234 0.000439446 0.000240082 0.000227173 0.000204336 9.68782e-05 0.000172502 5.5266e-05
threshold=1.9184911167713488 0.012132982356721852 0.0022229637658196006 0.036439109507628055 0.0028454180670081006 1.0000000180025095e-35 0.56827774079591264 0.015137497052063202 1.0034319207419944 0.115 0.010292411577029951 0.004373765522994651 1.7550000000000001 -0.0011970279595010498 -0.0068419027755532991 0.36500000000000005 0.0032314606584263003 -0.0019883666520918498 -0.0063503181705725992 2.2950000000000004 2.1550000000000007
decision_type=2 2 2 2 2 2 2 2 2 2 2 2 2 2 2 2 2 2 2 2 2
left_child=1 3 9 4 5 -1 -6 20 -9 14 18 12 -12 -13 -3 -15 -14 -11 -2 -20 -4
right_child=10 2 7 -5 6 -7 -8 8 -10 17 11 13 16 15 -16 -17 -18 -19 19 -21 -22
leaf_value=1.5217767948727887e-05 9.6515346555791503e-05 0 3.596278511104173e-05 0.00036255689862446167 0.00015224100908923914 -0.00017070501101755723 -1.5496877284761975e-05 0 -0.00049552416928284068 -7.5971822313905494e-05 -0.00045917680642369946 0.00011356553691985027 -0.00010189491242714654 -0.00020019379332699181 0.00025208294406183998 0 8.9388500352430595e-05 2.3133094519531969e-05 0 -0.00010133093432246131 -5.5791602745183105e-05
leaf_weight=961 23 21 22 37 332 195 115 30 54 84 40 37 34 28 44 22 20 27 25 39 31
leaf_count=961 23 21 22 37 332 195 115 30 54 84 40 37 34 28 44 22 20 27 25 39 31
internal_value=0 1.03697e-05 -6.09541e-05 2.71118e-05 1.55931e-05 -1.21913e-05 9.81602e-05 -0.000211977 -0.000329642 3.02526e-05 -7.46836e-05 -0.000123643 -0.000221225 0 0.000166629 -0.000110077 0 -8.03119e-06 0 0 0
internal_weight=2221 1953 313 1640 1603 1156 447 137 84 176 268 181 94 87 65 50 54 111 87 64 53
internal_count=2221 1953 313 1640 1603 1156 447 137 84 176 268 181 94 87 65 50 54 111 87 64 53
is_linear=0
shrinkage=0.05


Tree=34
num_leaves=20
num_cat=0
split_feature=2 21 21 5 31 25 28 8 15 8 0 20 21 28 2 20 14 0 6
split_gain=0.000656632 0.00365159 0.00216627 0.00140082 0.00108147 0.00168671 0.000886603 0.0010971 0.00119362 0.00109373 0.00118039 0.000794671 0.000821396 0.000762142 0.000712375 0.000482399 0.000532095 0.000353311 0.000178575
threshold=-0.010443385907009849 1.1050000000000002 0.78500000000000014 0.012660513179169353 -1.0406826868280622e-23 74.304531630000014 0.0032753000578670003 1.0425238528084257 0.019689103206430251 1.0029367430922889 0.014733281548659801 13.594999790000001 2.6650000000000005 0.0078189108479899509 -0.013745927265246798 12.095000265000001 0.014379948189034751 0.010436841335831651 0.0045121571916989017
decision_type=2 2 2 2 2 2 2 2 2 2 2 2 2 2 2 2 2 2 2
left_child=1 3 4 -1 5 -2 7 8 -4 13 -11 15 14 -8 -13 -3 -17 -14 -7
right_child=2 11 6 -5 -6 18 9 -9 -10 10 -12 12 17 -15 -16 16 -18 -19 -20
leaf_value=-0.0006060113067015712 0 0 0 0 0 8.7661164365463731e-05 -0.00010923226819181392 -0.00030375949137378483 0.00013626120260762712 -0.00032626059807442845 0 0.00016898817003272378 -0.00013481176177447196 0.00014631975482387298 0 -0.00033014010430229573 0 0 0.00058055456868666964
leaf_weight=35 20 43 1263 20 21 35 58 22 194 69 29 145 57 52 47 33 23 20 35
leaf_count=35 20 43 1263 20 21 35 58 22 194 69 29 145 57 52 47 33 23 20 35
internal_value=0 -5.57588e-05 1.32696e-05 -0.000424537 0.000224249 0.000301189 0 1.26639e-05 2.14807e-05 -9.68419e-05 -0.00021602 0 4.69349e-05 0 0.000111987 -0.000116631 -0.00020966 -5.0889e-05 0.000416331
internal_weight=2221 423 1798 55 111 90 1687 1479 1457 208 98 368 269 110 192 99 56 77 70
internal_count=2221 423 1798 55 111 90 1687 1479 1457 208 98 368 269 110 192 99 56 77 70
is_linear=0
shrinkage=0.05


Tree=35
num_leaves=26
num_cat=0
split_feature=3 2 21 15 22 5 15 8 4 21 15 0 34 3 32 15 15 6 14 4 34 2 29 4 2
split_gain=0.000650854 0.00180343 0.00376472 0.0018484 0.00212988 0.00157564 0.0015128 0.00129718 0.00121633 0.00157898 0.00138813 0.0016835 0.0011167 0.00110733 0.000941911 0.00107511 0.000842011 0.000786727 0.000776816 0.000653156 0.000650958 0.000442827 0.000348266 0.000113652 6.42248e-05
threshold=0.0028454180670081006 -0.0070102588416437487 1.0750000000000004 0.016058537865789153 258.87850000000009 -0.0010438917251706997 0.020163575964391656 1.0139273084283535 -0.00097049498197999994 1.0750000000000004 0.015557269387938453 0.0030997036594858506 8.5649126715807328e-16 0.0092536677957205504 6.502542984132587e-06 0.010768593451167202 0.015650524573334854 0.0091676144077696524 0.023630253735506153 0.0027389263940699508 -4.6780742438081264e-23 0.012258917222510003 0.00025129322600910003 0.0035947696661516506 -0.0059800538698297498
decision_type=2 2 2 2 2 2 2 2 2 2 2 2 2 2 2 2 2 2 2 2 2 2 2 2 2
left_child=1 2 -1 4 12 6 -5 -7 9 24 14 19 -3 -13 23 -16 17 -4 20 -12 -11 -6 -18 -10 -2
right_child=8 3 16 5 21 7 -8 -9 10 18 11 13 -14 -15 15 -17 22 -19 -20 -21 -22 -23 -24 -25 -26
leaf_value=-0.00068694802803982962 0 4.256196533367068e-05 -0.00017636402787983265 0 -0.00029826980627686102 8.0022122385344128e-05 0.0003852576058840908 -0.0002085605446158226 -6.9398328102533155e-05 0 -0.00017721098109949238 0 -0.00011719480501277439 -0.00039376833888661442 0 0.00026099838054848511 0.0001387626293457133 0 -0.00013926930153769824 8.0091832528328221e-05 0.00016177997832694457 0 0 0 0.0004729757883240272
leaf_weight=26 20 416 154 77 80 157 74 48 56 189 30 36 145 60 32 82 44 24 31 90 134 22 75 89 30
leaf_count=26 20 416 154 77 80 157 74 48 56 189 30 36 145 60 32 82 44 24 31 90 134 22 75 89 30
internal_value=0 -2.19721e-05 -0.00012531 6.16313e-06 -3.78139e-05 0.000101623 0.00022283 0 3.3296e-05 9.85145e-05 -1.1984e-05 -0.000112897 0 -0.000265909 5.34201e-05 0.000162839 -5.30989e-05 -0.000126939 4.35052e-05 0 7.75047e-05 -0.000244502 1.67731e-05 -3.78878e-07 0.000369133
internal_weight=2221 1342 323 1019 663 356 151 205 879 404 475 216 561 96 259 114 297 178 354 120 323 102 119 145 50
internal_count=2221 1342 323 1019 663 356 151 205 879 404 475 216 561 96 259 114 297 178 354 120 323 102 119 145 50
is_linear=0
shrinkage=0.05


Tree=36
num_leaves=22
num_cat=0
split_feature=18 25 14 2 23 17 10 16 17 27 28 8 14 6 21 20 24 23 2 6 24
split_gain=0.000616474 0.000791247 0.000950906 0.00136211 0.00091815 0.00081159 0.00105399 0.000917802 0.000725715 0.00140024 0.000848101 0.000570325 0.000490901 0.00066424 0.00156232 0.000742895 0.000529342 0.000336198 0.000207835 8.92216e-05 0.000206993
threshold=1.9184911167713488 75.154113580000015 0.035543501049331606 0.030181451807096454 0.12500000000000003 0.00027617603426525003 0.97375344916732598 53.323552779601492 0.0036832346380813504 0.00011456601589645001 0.0019959952138296007 0.99382823624245642 0.010292411577029951 0.004373765522994651 1.7550000000000001 20.385000230000006 -0.82499999999999984 0.36500000000000005 0.0032314606584263003 -0.0063503181705725992 0.41500000000000004
decision_type=2 2 2 2 2 2 2 2 2 2 2 2 2 2 2 2 2 2 2 2 2
left_child=1 5 3 4 -3 6 11 -8 9 -7 -10 -1 19 14 15 -14 -15 -18 -16 -2 -21
right_child=12 2 -4 -5 -6 8 7 -9 10 -11 -12 -13 13 16 18 -17 17 -19 -20 20 -22
leaf_value=-5.7761849706492225e-05 9.262288950804549e-05 0.00013267540147435001 0.00032119086841703393 -0.00023904315928077616 1.0425833083576119e-05 -3.4755272496400527e-05 -0.0002385276539239735 0 1.1435995074636186e-05 0.00021664891982601893 -0.00017372585730627183 0.00012451611572249753 0 0.00018995416462016493 -9.6530490745863054e-05 -0.00065953097536491803 -0.00020105411006432293 0 8.7181874436994443e-05 0 -0.00011669593870848123
leaf_weight=113 23 220 29 39 895 54 127 75 158 107 72 64 20 20 34 20 30 37 20 29 35
leaf_count=113 23 220 29 39 895 54 127 75 158 107 72 64 20 20 34 20 30 37 20 29 35
internal_value=0 9.79109e-06 3.72574e-05 2.49863e-05 3.93104e-05 -2.59197e-05 -8.03613e-05 -0.000157757 1.43708e-05 0.000102746 -2.6559e-05 0 -7.0676e-05 -0.000118435 -0.00020911 -0.000435285 0 -8.39605e-05 0 0 0
internal_weight=2221 1953 1183 1154 1115 770 379 202 391 161 230 177 268 181 94 40 87 67 54 87 64
internal_count=2221 1953 1183 1154 1115 770 379 202 391 161 230 177 268 181 94 40 87 67 54 87 64
is_linear=0
shrinkage=0.05


Tree=37
num_leaves=21
num_cat=0
split_feature=3 2 21 15 22 5 11 31 22 18 20 8 34 20 14 20 15 4 25 29
split_gain=0.000579742 0.00162598 0.00344702 0.00168579 0.00195732 0.00146435 0.00138219 0.00259138 0.00178283 0.00138067 0.00122055 0.00114859 0.00101603 0.000900749 0.00123719 0.000810236 0.000746068 0.000533403 0.000410609 0.000320892
threshold=0.0028454180670081006 -0.0070102588416437487 1.0750000000000004 0.016058537865789153 258.87850000000009 -0.0010438917251706997 1.0910103627372501 -0.0079167311462035993 256.23300000000006 4.0215736780217872 15.304999825000001 1.0139273084283535 4.4767808571036671e-11 13.594999790000001 0.020063990436063005 12.724999905000002 0.015650524573334854 0.0048036768458100511 87.753888775000021 0.00025129322600910003
decision_type=2 2 2 2 2 2 2 2 2 2 2 2 2 2 2 2 2 2 2 2
left_child=1 2 -1 4 12 10 9 -8 -9 13 -5 -7 -3 15 -15 -2 17 -4 -6 -18
right_child=6 3 16 5 18 11 7 8 -10 -11 -12 -13 -14 14 -16 -17 19 -19 -20 -21
leaf_value=-0.00065660099635414526 5.1560068289973056e-05 3.7250223705461671e-05 -0.00017718655266552591 0 -0.00028756883131658164 7.479242710002154e-05 0.00016265723999822512 0 -0.00063361155301875759 -0.00020236261253161596 0.00029380821807807616 -0.00019686064488304706 -0.00012282264458690409 0.00015837655310635979 0 -0.00015135193815427452 0.00013282463300980609 0 0 0
leaf_weight=26 173 436 121 37 79 157 23 31 27 36 114 48 125 385 139 65 44 57 23 75
leaf_count=26 173 436 121 37 79 157 23 31 27 36 114 48 125 385 139 65 44 57 23 75
internal_value=0 -2.06897e-05 -0.000118869 5.79627e-06 -3.59602e-05 9.714e-05 3.14721e-05 -0.000146234 -0.000352667 5.62322e-05 0.000213937 0 0 7.57309e-05 0.000112242 0 -4.90331e-05 -0.000118915 -0.000234105 1.48663e-05
internal_weight=2221 1342 323 1019 663 356 879 81 58 798 151 205 561 762 524 238 297 178 102 119
internal_count=2221 1342 323 1019 663 356 879 81 58 798 151 205 561 762 524 238 297 178 102 119
is_linear=0
shrinkage=0.05


Tree=38
num_leaves=10
num_cat=0
split_feature=25 20 25 0 21 20 6 7 27
split_gain=0.000588295 0.00283923 0.000856126 0.000937963 0.0020052 0.00173009 0.000767717 0.000733425 0.000162912
threshold=112.36943365 37.674999235000008 89.101940780000021 -1.0000000180025095e-35 0.84500000000000008 11.984999655000001 0.0025552657910429002 0.011471140813435502 0.0014184307216940004
decision_type=2 2 2 2 2 2 2 2 2
left_child=1 2 3 4 -1 -5 8 -8 -4
right_child=-2 -3 6 5 -6 -7 7 -9 -10
leaf_value=0.00039814800809431805 0.00023590571067940732 -0.00048714398632970801 7.097162829216719e-05 0.00010140240624120149 8.1679469129248762e-06 -6.8572449836487091e-05 0.00040293777440739283 0 -6.2432296593518301e-05
leaf_weight=33 23 27 50 156 920 918 33 28 33
leaf_count=33 23 27 50 156 920 918 33 28 33
internal_value=0 -3.28832e-06 1.09325e-06 -5.00488e-06 2.81091e-05 -3.90272e-05 0.000119297 0.000250355 0
internal_weight=2221 2198 2171 2027 953 1074 144 61 83
internal_count=2221 2198 2171 2027 953 1074 144 61 83
is_linear=0
shrinkage=0.05


Tree=39
num_leaves=18
num_cat=0
split_feature=25 2 22 2 25 4 20 24 3 16 4 14 0 18 15 2 8
split_gain=0.000568597 0.00104871 0.00160954 0.000770808 0.00206487 0.00376378 0.0018065 0.00192367 0.00106211 0.00134639 0.00126222 0.00070716 0.00109596 0.000623853 0.000152003 0.000537956 9.77198e-05
threshold=67.889943945000013 0.0030997036594858506 240.86050000000003 0.0065338981413148008 88.795430635000017 0.0018870184271576002 32.970001220000007 -0.26499999999999996 -0.00067346603055454984 36.250740634038237 0.0038513296127361007 0.015791434802521955 -0.016415680881980897 0.40593426848619268 0.011934614815708252 -0.0017105064119210998 1.0053890961240179
decision_type=2 2 2 2 2 2 2 2 2 2 2 2 2 2 2 2 2
left_child=1 14 -3 6 11 -6 8 -8 10 -10 -2 13 -13 -5 15 -1 -16
right_child=3 2 -4 4 5 -7 7 -9 9 -11 -12 12 -14 -15 16 -17 -18
leaf_value=-0.00022144220378850739 -0.00010575415480862681 0 -0.00050647933062376285 0.00013257280487962193 0.00066593544322205247 0 0 -0.00059155812846492398 0.00021010881814678822 7.3651662037568084e-06 3.0250583611267078e-05 0.00014080742386027447 -0.00010745438137822325 0 0.00010465517082349568 0 0
leaf_weight=28 381 32 28 170 34 33 34 24 102 685 226 42 189 121 38 32 22
leaf_count=28 381 32 28 170 34 33 34 24 102 685 226 42 189 121 38 32 22
internal_value=0 -8.44954e-05 -0.000249708 7.49979e-06 5.6935e-05 0.000316204 -9.19308e-06 -0.000275777 0 4.06692e-05 -4.702e-05 1.25166e-05 -3.97218e-05 7.09733e-05 0 -5.27415e-05 5.70103e-05
internal_weight=2221 180 60 2041 589 67 1452 58 1394 787 607 522 231 291 120 60 60
internal_count=2221 180 60 2041 589 67 1452 58 1394 787 607 522 231 291 120 60 60
is_linear=0
shrinkage=0.05


Tree=40
num_leaves=10
num_cat=0
split_feature=25 20 25 23 20 18 24 19 0
split_gain=0.000537207 0.00253023 0.000735052 0.00135092 0.00109235 0.00105578 0.000957 0.000811559 0.000498313
threshold=112.36943365 37.674999235000008 78.080647135000007 0.71500000000000019 24.835000035000004 0.24474471322972621 0.59500000000000008 95.975002290000006 -0.0070102588416437487
decision_type=2 2 2 2 2 2 2 2 2
left_child=1 2 4 7 6 -6 -1 -4 -5
right_child=-2 -3 3 8 5 -7 -8 -9 -10
leaf_value=6.7765454850038548e-06 0.0002260369026603607 -0.00045955486751821209 0.00028326551898073116 7.5644720889993624e-05 0 -0.00035476562238863103 -0.00014907174495093852 2.7905978815851991e-05 -2.0926224403019251e-05
leaf_weight=1052 23 27 79 174 49 44 103 141 529
leaf_count=1052 23 27 79 174 49 44 103 141 529
internal_value=0 -2.57618e-06 1.43352e-06 3.72598e-05 -2.1092e-05 -0.000184727 -3.15402e-06 0.000144602 0
internal_weight=2221 2198 2171 923 1248 93 1155 220 703
internal_count=2221 2198 2171 923 1248 93 1155 220 703
is_linear=0
shrinkage=0.05


Tree=41
num_leaves=20
num_cat=0
split_feature=5 25 22 3 20 2 24 20 19 32 11 24 5 14 32 7 21 28 2
split_gain=0.000515834 0.000867893 0.00090916 0.000666536 0.00127223 0.00193029 0.00274295 0.00138656 0.00103163 0.000936991 0.00245794 0.00110121 0.00115239 0.000848035 0.000791225 0.000645913 0.000338448 0.000230602 8.79842e-05
threshold=-0.021037320256613597 74.164098370000019 257.51700000000005 0.0028454180670081006 24.835000035000004 -0.0070102588416437487 0.54500000000000015 20.905000685000001 94.024997710000022 0.045564084271652407 1.0910103627372501 0.24500000000000002 0.006102430737632651 0.0098226875660130525 1.0607653421714832e-17 0.0045860614631560515 2.9750000000000005 0.00015883412135560003 -0.0012696421909006498
decision_type=2 2 2 2 2 2 2 2 2 2 2 2 2 2 2 2 2 2 2
left_child=1 -1 18 4 7 6 -6 13 -9 10 15 12 -11 -2 -12 -5 -7 -4 -3
right_child=3 2 17 9 5 16 -8 8 -10 11 14 -13 -14 -15 -16 -17 -18 -19 -20
leaf_value=-2.4485447590806236e-05 2.172415803985701e-05 -3.372327235865668e-05 0.00042667745911731966 -2.028522890327622e-05 -0.00063385725692842248 4.9375555395134558e-06 0 0 0.00025107495032213517 0.00039291043064159487 0 0 0 -6.9786572295679554e-05 -0.00056305959210173275 7.0859340576631357e-05 -0.00018749509140131217 0 7.4583332188371009e-05
leaf_weight=43 323 29 31 253 37 96 23 60 78 52 25 34 35 601 21 400 21 29 30
leaf_count=43 323 29 31 253 37 96 23 60 78 52 25 34 35 601 21 400 21 29 30
internal_value=0 8.52186e-05 0.00016547 -6.65485e-06 -3.16397e-05 -0.000156132 -0.000382424 -5.81475e-06 0.000133875 2.4999e-05 0 0.000151785 0.000249663 -3.24369e-05 -0.00033899 2.79928e-05 0 0.000298497 0
internal_weight=2221 162 119 2059 1239 177 60 1062 138 820 699 121 87 924 46 653 117 60 59
internal_count=2221 162 119 2059 1239 177 60 1062 138 820 699 121 87 924 46 653 117 60 59
is_linear=0
shrinkage=0.05


Tree=42
num_leaves=21
num_cat=0
split_feature=11 16 8 3 25 6 5 2 21 5 21 21 13 28 6 4 6 20 4 11
split_gain=0.000521761 0.00151692 0.00133626 0.0011278 0.00109418 0.00077306 0.000771894 0.00061255 0.00145959 0.00172647 0.00104218 0.000987051 0.00158853 0.000907247 0.000785 0.000590824 0.000322692 0.00030539 0.000224896 0.000123367
threshold=0.94076871443699073 33.692053351956524 1.0024724588069935 -0.0033793042598547996 72.344721110000009 -0.0023406477396165494 -0.009177458414486599 -0.010963322884137898 1.5750000000000004 0.020295389576691702 2.0750000000000006 0.65500000000000014 1.0780721974065752 0.0034207928872055505 0.0057207813605743511 0.0032314606584263003 -0.00055176773640719986 14.715000155000002 -0.0066415087273883995 0.9166556016230355
decision_type=2 2 2 2 2 2 2 2 2 2 2 2 2 2 2 2 2 2 2 2
left_child=1 3 4 6 -3 19 -1 8 9 16 14 -9 13 -13 -10 -12 -2 -8 -6 -5
right_child=7 2 -4 5 18 -7 17 11 10 -11 15 12 -14 -15 -16 -17 -18 -19 -20 -21
leaf_value=0 -3.1389902742375848e-05 0 0 0.0003546338119849679 0 0 0 0.00024166377345127764 0 0 -0.00016407128188532599 1.7129061000813285e-05 -0.00041630628916090764 -0.00010049086469105633 0.00030396257496856079 0 -0.00057129954294396165 -0.00034434575513660101 0.00053746874564967583 0
leaf_weight=36 29 20 43 21 20 39 23 39 57 20 98 1360 20 182 33 57 29 37 37 21
leaf_count=36 29 20 43 21 20 39 23 39 57 20 98 1360 20 182 33 57 29 37 37 21
internal_value=0 6.14219e-05 0.00019993 -6.47101e-06 0.000321271 9.61952e-05 -0.000143891 -9.46424e-06 -7.22961e-05 -0.00025707 0 2.06318e-07 -3.0792e-06 0 0.000121091 -8.86537e-05 -0.000398132 -0.000251329 0.000428032 0.0002454
internal_weight=2221 297 120 177 77 81 96 1924 323 78 245 1601 1562 1542 90 155 58 60 57 42
internal_count=2221 297 120 177 77 81 96 1924 323 78 245 1601 1562 1542 90 155 58 60 57 42
is_linear=0
shrinkage=0.05


Tree=43
num_leaves=27
num_cat=0
split_feature=18 18 14 9 12 17 4 4 18 14 0 25 14 7 25 22 2 16 25 25 7 34 0 17 17 0
split_gain=0.0005099 0.0011928 0.00114347 0.000947261 0.00184725 0.00127341 0.00124666 0.00123703 0.00133797 0.000765708 0.000906183 0.00161914 0.00122423 0.00107924 0.00090214 0.000400524 0.000316305 0.000372466 0.000321354 0.000214137 0.000155922 0.000149437 0.000139272 8.27983e-05 0.000385117 7.32683e-05
threshold=0.46049833673363672 0.33898305080436658 0.01256378152547165 1.0215100713031176 1.0089117041418449 0.0036832346380813504 0.0038513296127361007 0.012492689146051702 0.039588387008685007 0.0098043481191497518 -0.010443385907009849 78.080647135000007 0.026899033915171951 0.022080326998414352 84.204170975000025 273.29300000000006 0.0020910658821292507 38.488998830243453 83.467673005000009 77.932557215000017 0.0041590896018615505 -5.185279437723189e-22 0.00062795348985285012 0.0011195006697692002 0.0044570593434326003 -1.0000000180025095e-35
decision_type=2 2 2 2 2 2 2 2 2 2 2 2 2 2 2 2 2 2 2 2 2 2 2 2 2 2
left_child=1 3 20 4 6 -6 -1 8 -5 16 14 12 -12 -13 15 -11 17 -2 -19 -9 -3 -16 -4 -18 -25 -22
right_child=9 2 22 7 5 -7 -8 19 -10 10 11 13 -14 -15 21 -17 23 18 -20 -21 25 -23 -24 24 -26 -27
leaf_value=-2.582087594419136e-05 0 0.000102005441946676 0.00037361708266442882 0 -3.4632379066579204e-06 -0.00036659940231281024 0.00010602277990327538 0 0.00028960751784829386 0.00016589236894457086 -0.00011334789801288805 -4.9381114515043532e-05 -0.00056181457717544763 0.00021530102577585518 0 0 2.0451064749688931e-06 0.00021852842163934839 0 -0.00015167870856821537 0 -0.00021773881321955147 0 -0.00018547371468123267 0 -0.00011186578841879965
leaf_weight=605 38 22 45 44 93 57 241 39 98 92 264 172 23 46 20 27 38 57 27 22 23 20 33 31 22 22
leaf_count=605 38 22 45 44 93 57 241 39 98 92 264 172 23 46 20 27 38 57 27 22 23 20 33 31 22 22
internal_value=0 1.94859e-05 0.000153637 0 -1.71751e-05 -0.000178617 6.09007e-06 0.000100326 0.000188024 -2.94513e-05 -5.92e-05 -9.44154e-05 -0.000171969 0 2.14605e-05 0.000114988 3.96727e-05 9.51096e-05 0.000153948 -2.49428e-05 0 -0.000129115 0.000280038 0 -6.07724e-05 -5.19772e-05
internal_weight=2221 1344 145 1199 996 150 846 203 142 877 664 505 287 218 159 119 213 122 84 61 67 40 78 91 53 45
internal_count=2221 1344 145 1199 996 150 846 203 142 877 664 505 287 218 159 119 213 122 84 61 67 40 78 91 53 45
is_linear=0
shrinkage=0.05


Tree=44
num_leaves=9
num_cat=0
split_feature=25 20 25 8 7 6 7 2
split_gain=0.000496866 0.00224748 0.000674872 0.000951268 0.00173543 0.00070817 0.000854447 0.000111235
threshold=112.36943365 37.674999235000008 89.101940780000021 1.0425238528084257 0.021306712071466654 -0.0015878956382390497 0.011235652013151203 -0.0055167092749985993
decision_type=2 2 2 2 2 2 2 2
left_child=1 2 3 4 -1 7 -7 -4
right_child=-2 -3 5 -5 -6 6 -8 -9
leaf_value=-1.9961192870749483e-05 0.00021729663999464651 -0.00043323105584083056 -0.00010180465982994065 -0.00027033906787189401 0.00010706293589328198 0.00033693342470672051 0 2.1516683319066761e-05
leaf_weight=1680 23 27 22 30 317 46 38 38
leaf_count=1680 23 27 22 30 317 46 38 38
internal_value=0 -2.56688e-06 1.07968e-06 -4.06687e-06 0 0.000106143 0.000198459 0
internal_weight=2221 2198 2171 2027 1997 144 84 60
internal_count=2221 2198 2171 2027 1997 144 84 60
is_linear=0
shrinkage=0.05


Tree=45
num_leaves=19
num_cat=0
split_feature=25 2 22 17 28 21 13 3 10 19 9 1 19 14 25 15 20 16
split_gain=0.000484839 0.00094171 0.00143391 0.000712425 0.0011672 0.00183063 0.00279354 0.00162005 0.00108548 0.00106987 0.00121321 0.000875579 0.000899365 0.000759764 0.000621572 0.000124617 0.000477511 4.24976e-05
threshold=67.889943945000013 0.0030997036594858506 240.86050000000003 -0.0032483231431443996 0.0011009519738832503 2.0750000000000006 0.99228176925008393 -0.011176319238097849 0.99614856945496177 99.125000000000014 0.99967651231320109 0.014150616192298252 98.725002290000006 0.015791434802521955 79.546773270000003 0.011934614815708252 11.984999655000001 59.639154039307407
decision_type=2 2 2 2 2 2 2 2 2 2 2 2 2 2 2 2 2 2
left_child=1 15 -3 8 9 7 -7 -6 11 13 -11 12 -2 -5 -13 16 -1 -17
right_child=3 2 -4 4 5 6 -8 -9 -10 10 -12 14 -14 -15 -16 17 -18 -19
leaf_value=0 0 0 -0.00047693010059095205 3.9694337941168084e-06 -2.1121776035915192e-05 0.00019128210408084938 -0.00025525777378894367 0.00027448255873951748 -0.00028944385340548166 -2.9002913485535164e-05 0.00018703600369965253 0 -0.00015413272501219337 -8.6157453741032304e-05 0.0003450928426732739 8.1746240647653172e-05 -0.00018194911848058837 0
leaf_weight=23 312 32 28 713 23 65 66 164 39 52 150 21 120 293 23 40 37 20
leaf_count=23 312 32 28 713 23 65 66 164 39 52 150 21 120 293 23 40 37 20
internal_value=0 -7.79619e-05 -0.000234574 6.98799e-06 2.61901e-05 0.000111165 0 0.00021205 -4.00796e-05 0 0.000107421 -7.5252e-06 -3.93536e-05 -1.7503e-05 0.000181154 0 -4.55026e-05 5.36155e-05
internal_weight=2221 180 60 2041 1526 318 131 187 515 1208 202 476 432 1006 44 120 60 60
internal_count=2221 180 60 2041 1526 318 131 187 515 1208 202 476 432 1006 44 120 60 60
is_linear=0
shrinkage=0.05


Tree=46
num_leaves=23
num_cat=0
split_feature=18 11 16 25 3 3 6 11 6 11 6 0 9 6 0 6 6 23 24 5 20 24
split_gain=0.000485132 0.000756009 0.00136936 0.00130536 0.00182439 0.000723177 0.000721463 0.00130308 0.00110304 0.00106253 0.0012862 0.000810543 0.000719855 0.000582807 0.000575518 0.000496889 0.00131685 0.00135464 0.000459921 0.000560508 0.000364138 0.000303672
threshold=1.9184911167713488 0.9388735025392877 33.692053351956524 75.532243940000015 0.00046706835838200008 -0.0033793042598547996 -0.00045652909822064994 0.97984949219359041 -0.015872551478527248 0.95305636927784121 0.0069197977542999013 0.0020242510061710003 0.94532862835233233 -0.0023406477396165494 -0.0065967226748138994 -0.00012882100874944997 0.004373765522994651 0.37500000000000006 -0.82499999999999984 0.004029801469245451 20.385000230000006 0.6150000000000001
decision_type=2 2 2 2 2 2 2 2 2 2 2 2 2 2 2 2 2 2 2 2 2 2
left_child=1 2 5 -4 -5 12 7 11 -9 14 -11 -3 -1 -7 -8 20 17 -17 -18 -20 21 -2
right_child=15 6 3 4 -6 13 9 8 -10 10 -12 -13 -14 -15 -16 16 18 -19 19 -21 -22 -23
leaf_value=0 0.00014623884693719445 0.00011940579978356794 0 0.00067672606740259284 0 0.00024292931571835653 0 8.4829695248345146e-06 -0.0001302199884688679 0.00010845811626169517 -3.9037898669050082e-06 -3.8892178123873866e-05 -0.00019646049738225683 0 -0.00026484437006816044 -0.00061203768850343 0.00017571180912099129 0 -0.00016960234181048861 0 -0.00012607299591763877 0
leaf_weight=25 55 159 36 26 27 39 25 125 395 421 442 95 64 35 39 21 20 29 61 36 24 22
leaf_count=25 55 159 36 26 27 39 25 125 395 421 442 95 64 35 39 21 20 29 61 36 24 22
internal_value=0 8.56827e-06 8.92897e-05 0.000243534 0.000394602 0 -5.92339e-07 -3.88796e-05 -8.74603e-05 2.60216e-05 4.53222e-05 4.09817e-05 -9.24512e-05 0.000115185 -0.000149985 -6.28132e-05 -0.000116605 -0.000325158 0 -6.63089e-05 0 7.75561e-05
internal_weight=2221 1953 252 89 53 163 1701 774 520 927 863 254 89 74 64 268 167 50 117 97 101 77
internal_count=2221 1953 252 89 53 163 1701 774 520 927 863 254 89 74 64 268 167 50 117 97 101 77
is_linear=0
shrinkage=0.05


Tree=47
num_leaves=18
num_cat=0
split_feature=4 15 0 4 13 17 21 20 15 4 17 20 18 18 18 20 17
split_gain=0.000497001 0.00298514 0.00172792 0.00141235 0.00162448 0.00129749 0.0015572 0.00128999 0.00125851 0.0012179 0.00100606 0.000750607 0.000608037 0.000375747 0.00035332 0.000138863 3.58401e-06
threshold=0.012132982356721852 0.039736195330334206 0.0022229637658196006 0.0045229539368897009 1.0154064168350849 -0.0032483231431443996 1.0750000000000004 28.829999925000006 0.011266472140984552 -0.00097049498197999994 0.00066524737702660015 14.635000225000001 0.13267973674921288 1.1318056901664424 0.11442802930101202 13.924999715000002 0.0023968759550667003
decision_type=2 2 2 2 2 2 2 2 2 2 2 2 2 2 2 2 2
left_child=1 3 7 5 8 6 -1 11 -5 -7 -4 16 -6 15 -13 -12 -2
right_child=2 -3 10 4 12 9 -8 -9 -10 -11 13 14 -14 -15 -16 -17 -18
leaf_value=-0.00041447809333942882 -1.6733213724364751e-05 0.0005650205248578763 0 0 8.0918446206047778e-05 5.3752296048291428e-05 -4.8360601469225463e-05 -0.00024918844507608033 0.00023877667414588791 -5.8671717979192384e-05 0 0 -0.00011219648754307016 0 0.00022019173706838859 -0.00036210143834477349 0
leaf_weight=36 29 21 43 86 40 628 408 25 174 367 20 37 101 32 87 66 21
leaf_count=36 29 21 43 86 40 628 408 25 174 367 20 37 101 32 87 66 21
internal_value=0 1.03426e-05 -5.36059e-05 3.89647e-07 8.55193e-05 -1.99942e-05 -9.1814e-05 2.41145e-05 0.000162505 7.22361e-06 -0.000178842 9.51887e-05 -2.21454e-05 -0.000253253 0.000165541 -0.000312653 0
internal_weight=2221 1861 360 1840 401 1439 444 199 260 995 161 174 141 118 124 86 50
internal_count=2221 1861 360 1840 401 1439 444 199 260 995 161 174 141 118 124 86 50
is_linear=0
shrinkage=0.05


Tree=48
num_leaves=18
num_cat=0
split_feature=4 15 0 4 13 18 20 4 31 20 13 15 20 20 18 19 21
split_gain=0.000463608 0.002753 0.00157341 0.00130513 0.00146592 0.00122375 0.00117139 0.00110748 0.00236326 0.000955644 0.000861663 0.000930786 0.00114444 0.000695771 0.000554899 0.000318963 0.000190025
threshold=0.012132982356721852 0.036456874762681703 0.0022229637658196006 0.0045229539368897009 1.0154064168350849 0.50082493750258983 28.829999925000006 -0.00097049498197999994 -0.00042793337698489997 32.970001220000007 0.99738484935055793 0.018180274004931902 26.110000610000004 14.635000225000001 0.13267973674921288 92.99000168000002 2.1550000000000007
decision_type=2 2 2 2 2 2 2 2 2 2 2 2 2 2 2 2 2
left_child=1 3 6 7 5 -5 13 9 -9 -1 -4 16 -13 -2 -6 -15 -12
right_child=2 -3 10 4 14 -7 -8 8 -10 -11 11 12 -14 15 -16 -17 -18
leaf_value=2.044618880927674e-05 0 0.00049336696950847228 0 0.00024168501588474101 7.7154807418823058e-05 0 -0.00023806396198259401 -0.00027944007764282587 -5.6915783038934525e-06 -0.0002564719688117264 0 -0.00055712458102043 0 0 -0.00010674848247967579 0.00020436821482757011 -0.00012234815076024258
leaf_weight=925 50 26 30 157 40 103 25 115 366 28 42 36 20 32 101 92 33
leaf_count=925 50 26 30 157 40 103 25 115 366 28 42 36 20 32 101 92 33
internal_value=0 9.72863e-06 -5.20278e-05 0 8.13792e-05 0.000154606 2.10349e-05 -2.02162e-05 -8.27978e-05 6.30066e-06 -0.000171556 -0.000228246 -0.000395826 8.99143e-05 -1.93346e-05 0.000157999 -2.86051e-05
internal_weight=2221 1861 360 1835 401 260 199 1434 481 953 161 131 56 174 141 124 75
internal_count=2221 1861 360 1835 401 260 199 1434 481 953 161 131 56 174 141 124 75
is_linear=0
shrinkage=0.05


Tree=49
num_leaves=21
num_cat=0
split_feature=15 14 2 27 4 6 19 15 6 15 0 15 15 22 21 15 6 8 25 10
split_gain=0.000472024 0.00223672 0.00154127 0.00146731 0.00136566 0.00143413 0.000984473 0.0031858 0.000729771 0.000697498 0.00203359 0.00112676 0.00209106 0.00146329 0.000536059 0.000509482 0.000768315 0.000171956 9.11451e-05 1.73938e-05
threshold=0.019689103206430251 0.016948240146557655 -0.019673239221674396 0.0015716683896887004 -0.016415680881980897 0.0045121571916989017 93.555000305000007 0.024771673222926106 -0.017998696567738996 0.018428277461724357 0.00046706835838200008 0.016058537865789153 0.016404068349358151 269.51850000000007 2.1250000000000004 0.014793608559964052 -0.024094748789509245 1.0134447314408328 77.099261960000021 0.98839070879461877
decision_type=2 2 2 2 2 2 2 2 2 2 2 2 2 2 2 2 2 2 2 2
left_child=8 3 6 -2 14 -6 -3 -8 15 11 18 13 -13 -10 -4 16 -1 -12 -11 -17
right_child=1 2 4 -5 5 -7 7 -9 9 10 17 12 -14 -15 -16 19 -18 -19 -20 -21
leaf_value=0 0.0004979247104933077 0 0.00034282210681380498 0 -0.00010971932970700907 0.0001212256868184807 0 -0.000756759221937197 -1.076073027100776e-05 0 -0.0005079244449687747 0.00038791431024987511 0 -0.00018912440791171077 0 1.5580706500546315e-05 0.00030612405968697765 -8.1269732869132914e-07 9.967058831218468e-05 -2.926585137902293e-05
leaf_weight=29 38 21 42 38 152 114 25 21 1125 21 28 42 205 138 21 35 43 26 20 37
leaf_count=29 38 21 42 38 152 114 25 21 1125 21 28 42 205 138 21 35 43 26 20 37
internal_value=0 4.36492e-05 0 0.000286772 4.01211e-05 0 -0.00021774 -0.00034345 -1.253e-05 -2.47278e-05 -0.000159219 -1.26628e-05 7.85832e-05 -3.46008e-05 0.000244595 8.71412e-05 0.000178511 -0.000364372 3.76684e-06 0
internal_weight=2221 472 396 76 329 266 67 46 1749 1605 95 1510 247 1263 63 144 72 54 41 72
internal_count=2221 472 396 76 329 266 67 46 1749 1605 95 1510 247 1263 63 144 72 54 41 72
is_linear=0
shrinkage=0.05


Tree=50
num_leaves=19
num_cat=0
split_feature=5 15 7 17 21 27 31 21 25 11 3 0 17 10 3 2 18 5
split_gain=0.000464584 0.00133379 0.000761127 0.000658977 0.00138632 0.00203813 0.00137011 0.00143018 0.00180157 0.00127075 0.00141297 0.00125726 0.000949404 0.000725534 0.00036121 7.20041e-05 7.67775e-05 1.67156e-05
threshold=-0.021037320256613597 0.020526941777816703 0.011893992368815201 -0.0031752820103055994 1.0300000000000002 0.022382536262221756 -0.0068204195045175496 1.9950000000000003 70.945910085000023 1.0930799245015754 0.0096471037491607011 -0.028456490522460198 -0.0046833343947837993 0.98280299479627076 -0.00098016799246064979 -1.0000000180025095e-35 0.10402638834887007 -0.028085113564903497
decision_type=2 2 2 2 2 2 2 2 2 2 2 2 2 2 2 2 2 2
left_child=1 15 -3 4 5 -2 7 8 -5 13 -11 -6 -13 -8 -9 16 -1 -17
right_child=3 2 -4 6 11 -7 9 14 -10 10 -12 12 -14 -15 -16 17 -18 -19
leaf_value=0 -0.00053083811179628051 0 0.000387359193880998 0 0.00028141110931755974 0 8.8452532282231434e-05 -0.00018685386202971289 0.00049539562584539724 0 -0.00042650857740522338 0 -0.00015510991640084009 -9.4153780120365122e-06 5.3450809176346017e-05 0 -0.000103088612925993 3.7322419700406793e-05
leaf_weight=20 33 21 39 34 26 23 217 20 44 36 34 276 135 1149 32 23 32 27
leaf_count=20 33 21 39 34 26 23 217 20 44 36 34 276 135 1149 32 23 32 27
internal_value=0 8.03289e-05 0.00026425 -6.85022e-06 -5.8257e-05 -0.000292537 6.22709e-06 0.00016118 0.000294615 -4.63286e-06 -0.000209311 -1.50814e-05 -4.78182e-05 2.63918e-06 0 0 -5.72094e-05 0
internal_weight=2221 162 60 2059 493 56 1566 130 78 1436 70 437 411 1366 52 102 52 50
internal_count=2221 162 60 2059 493 56 1566 130 78 1436 70 437 411 1366 52 102 52 50
is_linear=0
shrinkage=0.05


Tree=51
num_leaves=22
num_cat=0
split_feature=18 11 14 6 11 6 11 6 0 19 5 0 6 6 19 24 5 8 13 5 14
split_gain=0.000452748 0.000696956 0.000730612 0.000637117 0.00114635 0.000961929 0.000953199 0.00117641 0.000710962 0.000624308 0.000705553 0.000500449 0.000431419 0.00118513 0.00211857 0.000381552 0.000520347 9.98459e-05 8.71767e-05 0.000515539 2.18796e-05
threshold=1.9184911167713488 0.9388735025392877 0.011382700808093902 -0.00045652909822064994 0.97984949219359041 -0.015872551478527248 0.95305636927784121 0.0069197977542999013 0.0020242510061710003 87.64500046000002 -0.00097049498197999994 -0.0065967226748138994 -0.00012882100874944997 0.004373765522994651 95.295001985000013 -0.82499999999999984 0.004029801469245451 0.9947226974971719 0.97884278564640426 0.0062581630155646509 0.0086865676023350508
decision_type=2 2 2 2 2 2 2 2 2 2 2 2 2 2 2 2 2 2 2 2 2
left_child=1 2 17 4 8 -6 11 -8 -3 -4 -11 -5 18 14 -14 -15 -17 20 -2 -20 -1
right_child=12 3 9 6 5 -7 7 -9 -10 10 -12 -13 13 15 -16 16 -18 -19 19 -21 -22
leaf_value=0 -3.6264637682881363e-05 0.00011147367884943918 0 0 4.4833202208138784e-06 -0.00012234206824798469 0.00010322565611956587 -3.897467434508859e-06 -3.5353560447312736e-05 0.00027477241451349748 0 -0.00024864692700724673 -0.00065641634182308443 0.00015880827604712028 0 -0.00016176202914721218 0 0 0.0001659498641894524 -1.0403361039884053e-05 -0.00011502621929495312
leaf_weight=22 31 159 24 25 125 395 421 442 95 90 68 39 21 20 29 61 36 28 50 20 20
leaf_count=22 31 159 24 25 125 395 421 442 95 90 68 39 21 20 29 61 36 28 50 20 20
internal_value=0 8.1048e-06 8.56419e-05 -5.78451e-07 -3.67107e-05 -8.24441e-05 2.4235e-05 4.27636e-05 3.73311e-05 0.000141361 0.00018071 -0.000141713 -6.08484e-05 -0.000110665 -0.000308519 0 -6.11406e-05 0 0 4.87132e-05 -7.44781e-05
internal_weight=2221 1953 252 1701 774 520 927 863 254 182 158 64 268 167 50 117 97 70 101 70 42
internal_count=2221 1953 252 1701 774 520 927 863 254 182 158 64 268 167 50 117 97 70 101 70 42
is_linear=0
shrinkage=0.05


Tree=52
num_leaves=22
num_cat=0
split_feature=15 14 25 11 5 5 27 27 5 15 6 6 0 3 34 16 21 18 18 29 14
split_gain=0.000424117 0.00208779 0.0013918 0.00152056 0.00134732 0.0012745 0.00126272 0.000800479 0.001135 0.00132452 0.000680376 0.000872597 0.00070149 0.000668262 0.000576103 0.000329325 0.00017902 0.000115641 0.000164124 2.95247e-05 2.82945e-05
threshold=0.019689103206430251 0.016948240146557655 71.095130975000018 1.1050165677518393 -0.0084521591212996482 -0.0085836969192389489 0.0015716683896887004 2.5711408853660497e-05 -0.015610934856511199 0.012145714879307701 -0.017998696567738996 0.010651726943096651 -0.0010569835171497497 0.0020910658821292507 -2.443874050332417e-13 42.023812687835452 0.68500000000000016 0.30004413062158064 0.028182251402957253 6.5050024867290013e-13 0.014379948189034751
decision_type=2 2 2 2 2 2 2 2 2 2 2 2 2 2 2 2 2 2 2 2 2
left_child=5 6 -3 4 -4 7 -2 17 15 -10 14 13 -13 -12 -7 -9 -5 18 -1 -16 -19
right_child=1 2 3 16 -6 10 -8 8 9 -11 11 12 -14 -15 19 -17 -18 20 -20 -21 -22
leaf_value=0 0.00047349288149567528 -0.00031593715392704545 0.00012962457057728901 0 -8.755334725456494e-05 0.00022933150537848306 0 -0.000107068798607826 0 -0.00036378949044199382 -5.8092104758496344e-05 0 0.00016770143893319819 1.6311597559408561e-05 3.6234970928588247e-05 4.9804725486319511e-05 0.00042955704188595213 5.8773599192500109e-05 -0.00010518362555255106 -3.0569666743287119e-05 0
leaf_weight=40 38 30 97 30 218 58 38 58 21 84 615 94 118 438 34 47 21 47 51 24 20
leaf_count=40 38 30 97 30 218 58 38 58 21 84 615 94 118 438 34 47 21 47 51 24 20
internal_value=0 4.14409e-05 0 2.24255e-05 -4.36111e-06 -1.18146e-05 0.000276397 -9.52204e-05 -0.000158707 -0.000275589 6.95633e-06 0 8.75839e-05 -2.24503e-05 0.000121887 0 0.000271515 0 -4.46169e-05 0 3.81689e-05
internal_weight=2221 472 396 366 315 1749 76 368 210 105 1381 1265 212 1053 116 105 51 158 91 58 67
internal_count=2221 472 396 366 315 1749 76 368 210 105 1381 1265 212 1053 116 105 51 158 91 58 67
is_linear=0
shrinkage=0.05


Tree=53
num_leaves=20
num_cat=0
split_feature=18 5 28 14 15 18 34 3 6 5 19 9 31 2 13 13 27 15 27
split_gain=0.000435283 0.00104178 0.00188279 0.000872695 0.00138613 0.00133506 0.0012856 0.00110166 0.000848765 0.000821907 0.00162445 0.00157764 0.00155831 0.00105947 0.00130881 0.000808822 0.00075318 0.000932725 0.000591108
threshold=0.46049833673363672 0.015013575034886352 0.0011009519738832503 0.016254936693581704 0.016838585515771002 0.36763340686440565 -0.00010825263111254999 0.0042614602673501506 0.0020860630572678506 0.010666869415028901 91.795001985000013 0.98871131528718192 -6.5168894884400398e-05 -0.034714016458974394 0.94288663332223355 1.0051618301249405 0.00017387273784570003 0.015877061786245202 0.0026249731504589006
decision_type=2 2 2 2 2 2 2 2 2 2 2 2 2 2 2 2 2 2 2
left_child=1 3 16 4 7 8 -6 -1 -5 13 -11 -12 -13 -2 -15 -16 17 -3 -18
right_child=9 2 -4 5 6 -7 -8 -9 -10 10 11 12 -14 14 15 -17 18 -19 -20
leaf_value=-3.2629859132501186e-05 -0.00032260692382697018 0 0.0004058661599187775 -0.00016946283372292492 0 0.00020275775510526729 0.00034081390445408035 0.00010241799648908468 0 0.00010325232703882433 0 -0.00055071730600700353 -6.2767046202727791e-05 0.00035059813877860843 -5.49014502540536e-05 5.5254925057870552e-05 -0.00029030408165104185 0.00028209215866974608 0
leaf_weight=505 22 35 44 191 27 29 61 208 156 31 23 43 73 24 366 295 23 41 24
leaf_count=505 22 35 44 191 27 29 61 208 156 31 23 43 73 24 366 295 23 41 24
internal_value=0 1.78829e-05 0.00013362 0 3.06347e-05 -6.13651e-05 0.000215342 4.78056e-08 -9.92732e-05 -2.73329e-05 -0.00012521 -0.000212478 -0.000294986 0 8.24634e-06 0 0 0.000121672 -0.00011945
internal_weight=2221 1344 167 1177 801 376 88 713 347 877 170 139 116 707 685 661 123 76 47
internal_count=2221 1344 167 1177 801 376 88 713 347 877 170 139 116 707 685 661 123 76 47
is_linear=0
shrinkage=0.05


Tree=54
num_leaves=21
num_cat=0
split_feature=19 32 34 20 8 4 8 7 25 0 14 6 24 21 6 0 9 25 9 2
split_gain=0.000428793 0.00176454 0.00172221 0.00166163 0.00164552 0.00279449 0.000982946 0.00109701 0.000933948 0.000913691 0.000824196 0.00224287 0.000861618 0.000712663 0.000530265 0.000191477 0.000230739 0.000163595 0.000160706 4.93674e-05
threshold=99.125000000000014 0.0047450946463126501 4.3046275342390034e-06 34.275001530000004 1.0014277913646723 0.0045229539368897009 1.0009083856994831 0.016916532066489604 77.835722415000006 -0.0033168780795635997 0.016948240146557655 0.0045121571916989017 0.41500000000000004 2.8350000000000004 -0.0093309695872262483 0.0065338981413148008 0.99506806198343178 81.604043495000013 0.99912307601013295 0.0064571395048148008
decision_type=2 2 2 2 2 2 2 2 2 2 2 2 2 2 2 2 2 2 2 2
left_child=3 2 4 6 18 -6 7 8 -1 -9 12 -12 -8 15 -15 16 -3 19 -2 -4
right_child=1 13 17 -5 5 -7 10 9 -10 -11 11 -13 -14 14 -16 -17 -18 -19 -20 -21
leaf_value=-4.4841357209366388e-05 0 0 0 -0.00035184378457987417 0.00070223001108743347 0 4.5313971782790073e-05 3.3372996475437807e-05 6.8028251044183739e-05 0.0003344009828567953 -0.00024029785287295248 1.8579630971632781e-05 -7.3090037802785458e-05 0 -0.0002764487538506535 -3.7958004161764891e-05 0.00016970506475107478 -0.00011755929963068669 0.00013330384676405431 7.9520563822766034e-05
leaf_weight=424 48 30 43 32 38 22 328 154 316 49 155 110 273 28 44 30 32 25 20 20
leaf_count=424 48 30 43 32 38 22 328 154 316 49 155 110 273 28 44 30 32 25 20 20
internal_value=0 4.82829e-05 0.000148349 -9.85567e-06 0.000263927 0.000458292 -4.74241e-07 3.1905e-05 0 0.000134119 -4.14747e-05 -0.000115177 -2.87957e-07 -5.38685e-05 -0.00017383 0 8.14433e-05 0 9.8882e-06 1.82667e-05
internal_weight=2221 380 216 1841 128 60 1809 943 740 203 866 265 601 164 72 92 62 88 68 63
internal_count=2221 380 216 1841 128 60 1809 943 740 203 866 265 601 164 72 92 62 88 68 63
is_linear=0
shrinkage=0.05


Tree=55
num_leaves=23
num_cat=0
split_feature=11 16 18 25 3 5 3 3 10 7 3 11 7 14 25 3 17 18 18 18 11 17
split_gain=0.000426895 0.00120715 0.00103909 0.00106916 0.000835131 0.000651262 0.000519128 0.000446489 0.00196304 0.00110109 0.00235454 0.00380714 0.00232131 0.000757257 0.000795817 0.000746172 0.000391595 0.000381645 0.000373912 0.000699002 0.00055062 0.000300844
threshold=0.94076871443699073 33.692053351956524 1.1742406236420213 74.164098370000019 -0.0033793042598547996 -0.009177458414486599 0.00046706835838200008 -0.013303452454881048 1.0226342724956747 0.021306712071466654 0.015198034455427853 1.0073546109778739 0.033753427715699662 0.025086663493911202 86.536391255000012 0.0098317042900023018 -0.0024712676202586496 0.20658728931237444 0.64556064516082434 1.580612701210397 0.96676262049526929 -0.0082174133842712483
decision_type=2 2 2 2 2 2 2 2 2 2 2 2 2 2 2 2 2 2 2 2 2 2
left_child=1 4 3 -3 5 -1 -5 8 18 13 11 -11 -12 14 -9 -15 -6 -10 20 -20 -2 -7
right_child=7 2 -4 6 16 21 -8 9 17 10 12 -13 -14 15 -16 -17 -18 -19 19 -21 -22 -23
leaf_value=0 -1.5071043515741492e-05 0 0 0.00057332422248691729 0.00016799038630481599 -0.00040287861433777527 5.6732240767403973e-06 -2.0915931126811487e-05 0 0 6.3909466732114262e-05 0.00040597876375739927 -0.00047036692937141322 -0.00030865899364323211 9.313029969878338e-05 0 0 -0.00046422136401595324 -0.00026544206010465347 0 0.00013320042213738924 0
leaf_weight=36 55 31 32 29 52 21 28 1179 20 93 23 98 28 40 168 39 29 30 31 30 90 39
leaf_count=36 55 31 32 29 52 21 28 1179 20 93 23 98 28 40 168 39 29 30 31 30 90 39
internal_value=0 5.57857e-05 0.000179225 0.00026826 -1.71662e-06 -0.000123714 0.000392037 -8.32723e-06 -6.9467e-05 0 9.90568e-05 0.000191694 -0.000146662 -1.56218e-05 -2.81285e-06 -0.000164954 8.26032e-05 -0.000340849 0 -0.000100632 4.40103e-05 -0.000223371
internal_weight=2221 297 120 88 177 96 57 1924 256 1668 242 191 51 1426 1347 79 81 50 206 61 145 60
internal_count=2221 297 120 88 177 96 57 1924 256 1668 242 191 51 1426 1347 79 81 50 206 61 145 60
is_linear=0
shrinkage=0.05


Tree=56
num_leaves=23
num_cat=0
split_feature=18 25 17 10 17 21 32 19 0 0 21 16 34 22 8 6 6 19 22 21 20 5
split_gain=0.000394849 0.000527997 0.000704087 0.000886719 0.000789563 0.000684562 0.00117384 0.00107273 0.000859119 0.00097727 0.000773789 0.000545444 0.00162714 0.00148113 0.000470898 0.000430178 0.0012649 0.00185877 0.000319056 0.000260443 0.000205085 0.000195783
threshold=1.9664041693202505 75.154113580000015 0.00027617603426525003 0.97375344916732598 -0.0062393786464383988 2.8350000000000004 0.11514551938272717 100.09999845000002 -0.0070102588416437487 -0.013008132880108549 2.9250000000000003 61.852862473961238 5.3006037462709095e-06 240.86050000000003 0.99382823624245642 -0.00012882100874944997 0.004373765522994651 95.42499924000002 238.53600000000003 1.9450000000000001 20.385000230000006 -0.0059590183807044488
decision_type=2 2 2 2 2 2 2 2 2 2 2 2 2 2 2 2 2 2 2 2 2 2
left_child=1 2 3 14 -5 6 7 -3 9 -7 -10 12 -4 -13 -1 20 17 -17 -18 -20 21 -2
right_child=15 5 11 4 -6 8 -8 -9 10 -11 -12 13 -14 -15 -16 16 18 -19 19 -21 -22 -23
leaf_value=-5.0674277672755872e-05 0.00017601894120721577 1.6853025158725492e-05 0 0 -0.00018685626401670794 0 0.00036103259770778307 0.00028851359290054589 -0.00023724087860583416 0.00029675102481526079 0 6.8833025467271599e-05 0.00025703529087786592 -0.0002220623075905454 0.00011456412984294568 -0.00065123552828521029 -0.00017910029464553151 0 0.00012170464503772867 0 -8.6961702125755915e-05 0
leaf_weight=113 23 826 172 28 174 55 31 40 63 31 145 72 77 70 64 20 20 28 45 48 23 53
leaf_count=113 23 826 172 28 174 55 31 40 63 31 145 72 77 70 64 20 20 28 45 48 23 53
internal_value=0 7.72659e-06 -2.08259e-05 -7.21636e-05 -0.000143239 3.03798e-05 5.40582e-05 3.61073e-05 -2.48448e-05 7.86762e-05 -9.18535e-05 1.64164e-05 6.95085e-05 -4.17108e-05 0 -5.75108e-05 -0.000108911 -0.000316462 0 2.49729e-05 0 6.32547e-05
internal_weight=2221 1961 770 379 202 1191 897 866 294 86 208 391 249 142 177 260 161 48 113 93 99 76
internal_count=2221 1961 770 379 202 1191 897 866 294 86 208 391 249 142 177 260 161 48 113 93 99 76
is_linear=0
shrinkage=0.05


Tree=57
num_leaves=22
num_cat=0
split_feature=11 3 18 7 3 2 7 2 3 21 17 0 31 0 25 19 24 0 3 25 34
split_gain=0.000375595 0.00101321 0.00180766 0.00162342 0.00300255 0.00230662 0.00215147 0.0010251 0.00132074 0.00107338 0.000943231 0.00154534 0.00106684 0.000608571 0.00153291 0.000766827 0.00059633 0.000564669 0.000294463 0.000240371 0.000127631
threshold=0.98206421549737788 -0.015872551478527248 0.59106094017406352 0.021306712071466654 0.013194312090030252 0.0183257608284428 0.033753427715699662 0.015243036925253051 -0.0048993426632203988 1.9450000000000001 0.0025307819851496005 0.004029801469245451 -1.0000000180025095e-35 0.012725494292412052 95.804243345000017 94.024997710000022 -0.77499999999999991 0.0020242510061710003 -0.00032277159682704998 76.740154030000014 4.7360375581349291e-06
decision_type=2 2 2 2 2 2 2 2 2 2 2 2 2 2 2 2 2 2 2 2 2
left_child=10 2 19 7 5 -5 -6 9 -9 -3 13 12 16 14 17 -15 -12 -1 -13 20 -2
right_child=1 3 -4 4 6 -7 -8 8 -10 -11 11 18 -14 15 -16 -17 -18 -19 -20 -21 -22
leaf_value=2.9088253956992961e-05 0 5.7312132869623869e-05 -0.00041573840200218785 8.957384402772452e-05 7.3749256777003972e-05 0.00067076515883496605 -0.00044370039274180012 1.9291411605583305e-05 -0.0002489576078593681 -5.2877374499000742e-05 0 -0.00016849186519371311 0 0 -0.00041326678061285867 0.00026668197060489355 0.00043053941718318456 -7.4947326216839768e-05 0 8.2096825414354455e-05 -0.00016295897956006229
leaf_weight=497 20 362 40 101 23 30 28 26 104 530 20 23 22 20 20 44 56 173 25 35 22
leaf_count=497 20 362 40 101 23 30 28 26 104 530 20 23 22 20 20 44 56 173 25 35 22
internal_value=0 -1.69382e-05 -0.000155801 0 0.000133047 0.000272022 -0.000126615 -2.76524e-05 -0.000158489 -2.5304e-06 2.48835e-05 0.000139923 0.000259065 0 -1.1763e-05 0.000145865 0.000345782 0 -6.21496e-06 0 -8.75357e-05
internal_weight=2221 1321 117 1204 182 131 51 1022 130 892 900 146 98 754 690 64 76 670 48 77 42
internal_count=2221 1321 117 1204 182 131 51 1022 130 892 900 146 98 754 690 64 76 670 48 77 42
is_linear=0
shrinkage=0.05


Tree=58
num_leaves=25
num_cat=0
split_feature=15 5 3 6 14 5 2 5 33 6 5 3 6 6 2 0 13 20 14 34 11 20 20 6
split_gain=0.000363027 0.00188061 0.00185028 0.00180852 0.00123302 0.00115797 0.00112247 0.00107675 0.000740315 0.00120582 0.00107669 0.000638977 0.000591348 0.000723394 0.000921746 0.000624277 0.000534624 0.000411056 0.0008219 0.000339158 0.000163032 0.000178638 0.00013043 2.4908e-05
threshold=0.019689103206430251 -0.008860169995064348 1.0000000180025095e-35 -0.032886351649868646 0.025086663493911202 -0.0085836969192389489 0.0061743773066072509 0.0091676144077696524 0.00090760678963480018 -0.0072420901061175493 -0.018417244150491997 -0.012361128366676199 -0.017998696567738996 0.010651726943096651 -0.006869933834604899 -0.0010569835171497497 1.0064116755195325 22.175000195000006 0.028777581440043502 -2.443874050332417e-13 0.97984949219359041 13.105000020000002 17.630000115000005 -0.018316337845942696
decision_type=2 2 2 2 2 2 2 2 2 2 2 2 2 2 2 2 2 2 2 2 2 2 2 2
left_child=5 2 11 -3 6 8 -5 -6 20 23 -11 -2 16 14 -14 -15 19 -4 -19 -7 22 -22 -1 -10
right_child=1 3 17 4 7 12 -8 -9 9 10 -12 -13 13 15 -16 -17 -18 18 -20 -21 21 -23 -24 -25
leaf_value=0 0 -0.00038251527892762464 -0.00012247808933413276 0.00022628769234536462 -0.00021883101375868441 0.00026814840286629778 0 4.2095896484776175e-07 0 0 -0.00036567020183576486 0.00054539883183912406 -0.00010349344136042234 0 5.9983059699498979e-07 0.00015649561883654032 0 0.00031224187880676862 0 0 0 -9.7247210897186012e-05 0.00012574829016812145 4.2179887582148821e-05
leaf_weight=64 27 28 27 95 72 49 72 69 21 53 76 36 250 94 803 118 29 24 22 38 20 80 22 32
leaf_count=64 27 28 27 95 72 49 72 69 21 53 76 36 250 94 803 118 29 24 22 38 20 80 22 32
internal_value=0 3.89317e-05 0.000196696 -1.13513e-05 9.67806e-06 -1.03484e-05 0.00011407 -7.90418e-05 -9.00192e-05 -0.000162034 -0.000244201 0.000389317 7.4182e-06 0 -1.96026e-05 8.07725e-05 0.000114295 0 0.000108573 0.00017923 0 -5.73135e-05 2.78925e-05 0
internal_weight=2221 472 136 336 308 1749 167 141 368 182 129 63 1381 1265 1053 212 116 73 46 87 186 100 86 53
internal_count=2221 472 136 336 308 1749 167 141 368 182 129 63 1381 1265 1053 212 116 73 46 87 186 100 86 53
is_linear=0
shrinkage=0.05


Tree=59
num_leaves=18
num_cat=0
split_feature=4 15 1 4 17 15 20 4 33 14 22 17 20 19 19 5 17
split_gain=0.00039483 0.0021136 0.00127228 0.00117206 0.00137046 0.00155901 0.00101912 0.000958328 0.00211474 0.00112272 0.000919695 0.000838833 0.000618404 0.000345288 0.000328547 0.000316344 1.85332e-06
threshold=0.012132982356721852 0.036456874762681703 0.0022204966003903505 0.0045229539368897009 0.0051490240810452012 0.011266472140984552 28.829999925000006 -0.00097049498197999994 0.015884013536709405 0.029479992137163801 240.16150000000002 0.00066524737702660015 14.635000225000001 93.334999085000007 97.17499924000002 -0.0060858960188774494 0.0023968759550667003
decision_type=2 2 2 2 2 2 2 2 2 2 2 2 2 2 2 2 2
left_child=1 3 6 7 5 -5 12 9 -9 -1 -6 -4 16 -13 -15 -14 -2
right_child=2 -3 11 4 10 -7 -8 8 -10 -11 -12 13 15 14 -16 -17 -18
leaf_value=2.3294596219302442e-05 -1.2032900996530308e-05 0.00043373114329056238 0 0 5.3886803080483026e-05 0.00021212672607623137 -0.00022437535658744831 -1.9213776182080485e-06 -0.00025908302499509558 -0.00022590351110525462 -0.00021109951551148573 0 0 -0.00040542867466509522 -4.1737447339450735e-06 0.00019686158120268854 0
leaf_weight=910 29 26 43 113 27 206 25 363 118 43 55 36 36 44 38 88 21
leaf_count=910 29 26 43 113 27 206 25 363 118 43 55 36 36 44 38 88 21
internal_value=0 9.59508e-06 -4.73968e-05 1.67047e-07 7.7928e-05 0.000130777 1.59866e-05 -1.82156e-05 -7.65543e-05 6.14687e-06 -6.6202e-05 -0.000155087 8.19876e-05 -0.000223452 -0.000285015 0.000146771 0
internal_weight=2221 1861 360 1835 401 319 199 1434 481 953 82 161 174 118 82 124 50
internal_count=2221 1861 360 1835 401 319 199 1434 481 953 82 161 174 118 82 124 50
is_linear=0
shrinkage=0.05


Tree=60
num_leaves=17
num_cat=0
split_feature=4 15 2 4 17 15 17 4 22 21 6 5 24 17 2 28
split_gain=0.000373106 0.00193159 0.00118766 0.00105617 0.00122389 0.00142002 0.000914292 0.000855151 0.000846595 0.000773636 0.000716475 0.000757296 0.000642783 0.000453098 0.000197775 0.000188981
threshold=0.012132982356721852 0.036456874762681703 -0.019237820344957444 0.0045229539368897009 0.0051490240810452012 0.011266472140984552 -0.0032483231431443996 -0.00097049498197999994 240.16150000000002 0.96500000000000008 0.0010452414769434504 0.0073941002791536011 -0.91499999999999992 0.0065740304639294511 0.011434830160831851 0.0032753000578670003
decision_type=2 2 2 2 2 2 2 2 2 2 2 2 2 2 2 2
left_child=1 3 -2 6 5 -5 9 -8 -6 -1 11 14 -12 -13 -4 -14
right_child=2 -3 10 4 8 -7 7 -9 -10 -11 12 13 15 -15 -16 -17
leaf_value=-0.00033163298686745944 -0.00034237109608511676 0.00041428801382827605 1.8189230728029749e-05 0 5.146189753819878e-05 0.00020167263773933908 4.4387295575979403e-05 -4.9831346492283051e-05 -0.00020109048522499507 -4.383852118622794e-05 0.00028852694719367158 -0.00034896613893631317 4.2529293272742678e-05 0 -0.0001218180658085452 -0.00010229511186480522
leaf_weight=32 29 26 101 113 27 206 626 367 55 409 23 32 102 21 28 24
leaf_count=32 29 26 101 113 27 206 626 367 55 409 23 32 102 21 28 24
internal_value=0 8.92356e-06 -4.64833e-05 0 7.37767e-05 0.000123991 -1.75272e-05 4.50001e-06 -6.02281e-05 -7.80825e-05 -2.74722e-06 -8.17453e-05 6.05612e-05 -0.000236396 0 0
internal_weight=2221 1861 360 1835 401 319 1434 993 82 441 331 182 149 53 129 126
internal_count=2221 1861 360 1835 401 319 1434 993 82 441 331 182 149 53 129 126
is_linear=0
shrinkage=0.05


Tree=61
num_leaves=26
num_cat=0
split_feature=11 16 3 17 5 14 14 7 2 5 7 28 29 3 24 17 17 17 15 13 4 20 12 28 27
split_gain=0.000349867 0.00103009 0.000729006 0.000722011 0.000581853 0.000480563 0.000413249 0.000771937 0.00111652 0.00117289 0.000760963 0.00124997 0.00137707 0.000962496 0.00136483 0.00112134 0.000737364 0.000359596 0.000314338 0.000288938 0.000255022 0.000228487 0.000224878 0.000118926 0.000101004
threshold=0.94076871443699073 33.692053351956524 -0.0033793042598547996 -0.0028751175358224493 -0.009177458414486599 0.014303369033763452 0.0098226875660130525 0.0051798846050323507 -0.00047178264363704998 -0.0040397444477967498 0.011235652013151203 0.0012107355966274502 0.0013710294027924003 -0.015872551478527248 -0.78499999999999992 -0.00035245643399574994 -0.0018678743500339997 -0.0024712676202586496 0.0086173223279225018 0.96238626236743818 -0.00084721793281639991 14.715000155000002 0.99606472541663715 7.9676568171569106e-06 2.2008098821617077e-11
decision_type=2 2 2 2 2 2 2 2 2 2 2 2 2 2 2 2 2 2 2 2 2 2 2 2 2
left_child=1 2 4 19 -1 -5 7 8 24 -10 11 12 -8 15 -15 -12 -13 -4 20 -3 -9 -6 -7 -20 -2
right_child=6 3 17 5 21 22 10 18 9 -11 13 16 -14 14 -16 -17 -18 -19 23 -21 -22 -23 -24 -25 -26
leaf_value=0 -6.7757594441487023e-05 0.00011269209473135157 0.00015801024856575003 0 0 0.00051480245530211304 -4.2601872297434047e-05 0 0 0.00026731685137280225 0 -3.503995654889739e-05 -0.00024553794320036107 0.00019397742370931724 0 -0.00033028270308262261 0.00013182712021758762 0 3.3708556117229425e-05 -0.00012844547310479634 -0.00020514505785993402 -0.00029045158998815171 0 -5.413911936478183e-05 0
leaf_weight=36 52 24 52 33 23 23 541 20 35 108 55 76 127 119 384 35 116 29 140 20 33 37 20 43 40
leaf_count=36 52 24 52 33 23 23 541 20 35 108 55 76 127 119 384 35 116 29 140 20 33 37 20 43 40
internal_value=0 4.9901e-05 -1.3527e-06 0.00016434 -0.000116716 0.000254751 -8.13846e-06 2.79444e-05 9.63262e-05 0.000185052 -2.33025e-05 -5.46652e-05 -8.95609e-05 1.38383e-05 4.8259e-05 -0.000120122 4.06116e-05 7.51355e-05 -1.95817e-05 0 -0.000125178 -0.000210941 0.000370909 0 0
internal_weight=2221 297 177 120 96 76 1924 471 235 143 1453 860 668 593 503 90 192 81 236 44 53 60 43 183 92
internal_count=2221 297 177 120 96 76 1924 471 235 143 1453 860 668 593 503 90 192 81 236 44 53 60 43 183 92
is_linear=0
shrinkage=0.05


Tree=62
num_leaves=20
num_cat=0
split_feature=19 29 34 20 15 4 12 17 3 16 25 21 3 6 23 5 0 24 34
split_gain=0.000347904 0.00168527 0.00144971 0.00144216 0.000874832 0.0010698 0.000799706 0.00112877 0.00162992 0.000944058 0.000965906 0.000587886 0.000584163 0.000462064 0.000188992 0.000118319 0.000188912 6.41262e-05 2.82941e-05
threshold=99.125000000000014 0.0013710294027924003 4.3046275342390034e-06 34.275001530000004 0.012439276383012602 0.0085166863361430516 0.99131779194779546 0.0015532995574013002 -0.013008132880108549 50.095234593700191 74.338773395000018 2.8350000000000004 -0.004986993909864899 -0.0093309695872262483 0.78000000000000014 0.0050197911912296007 0.0077690972211585507 1.4100000000000001 5.0051193070156351e-05
decision_type=2 2 2 2 2 2 2 2 2 2 2 2 2 2 2 2 2 2 2
left_child=3 2 4 6 -2 -6 9 12 -9 10 -1 15 -8 -13 18 16 -3 -16 -4
right_child=1 11 14 -5 5 -7 7 8 -10 -11 -12 13 -14 -15 17 -17 -18 -19 -20
leaf_value=-6.1841390222666971e-05 0 0.00012699498795619649 9.0436040936765479e-05 -0.00032801255339290949 0.00042327507512608361 0 0 -0.00022525553025530077 4.5950513526118309e-05 0.0002993649616008186 7.5412280156873153e-05 0 -0.0001050537850296637 -0.00025820090963029642 -0.00013967592101275491 -3.4290412145815521e-05 0 0 0
leaf_weight=174 29 42 21 32 69 30 169 55 600 35 333 28 443 44 23 33 21 20 20
leaf_count=174 29 42 21 32 69 30 169 55 600 35 333 28 443 44 23 33 21 20 20
internal_value=0 4.30297e-05 0.000143281 -9.33279e-06 0.000247708 0.000316618 -4.02443e-07 -2.48013e-05 1.46555e-05 4.72816e-05 1.84169e-05 -5.45319e-05 -7.50261e-05 -0.000162408 0 0 6.1971e-05 -8.68442e-05 5.3418e-05
internal_weight=2221 380 212 1841 128 99 1809 1267 655 542 507 168 612 72 84 96 63 43 41
internal_count=2221 380 212 1841 128 99 1809 1267 655 542 507 168 612 72 84 96 63 43 41
is_linear=0
shrinkage=0.05


Tree=63
num_leaves=23
num_cat=0
split_feature=18 18 15 9 13 4 5 4 18 5 28 2 2 13 17 1 18 6 25 23 18 4
split_gain=0.000371769 0.000921541 0.000902782 0.000753395 0.00148865 0.00139353 0.00104108 0.000862128 0.00110241 0.000675182 0.00129942 0.00146412 0.000933422 0.00109583 0.000691379 0.000473049 0.000182824 0.000159533 0.000151478 9.72814e-05 7.87911e-05 1.88171e-05
threshold=0.46049833673363672 0.33898305080436658 0.014629221121448053 1.0215100713031176 1.0278543293610933 0.0030997036594858506 0.0032314606584263003 0.012492689146051702 0.039588387008685007 0.010666869415028901 1.6755633580841879e-05 0.0030232530043786004 -0.034714016458974394 0.94288663332223355 0.0026664090224882008 0.0006277563699249001 1.2762587773729426 0.0022050818109000505 77.932557215000017 0.36500000000000005 0.38740994913881904 0.0017396617597882
decision_type=2 2 2 2 2 2 2 2 2 2 2 2 2 2 2 2 2 2 2 2 2 2
left_child=1 3 20 4 5 -1 -6 8 -5 12 17 16 -2 -14 -15 -4 -12 -11 -9 -19 -3 -22
right_child=9 2 15 7 6 -7 -8 18 -10 10 11 -13 13 14 -16 -17 -18 19 -20 -21 21 -23
leaf_value=-4.4493940875339854e-05 -0.00030332505197729916 6.8502919029145106e-05 0.00038548357720329237 0 -0.00049413771130342942 8.4082217672214332e-05 0 0 0.00025419696365710175 -3.2395303705713956e-05 -0.0001137888153693091 -0.000478987154972856 0.00032047346516736545 -3.8058016414504488e-05 7.3474094724352611e-05 0 2.7052367450264471e-05 0.00015451984428800644 -0.00012312646973878144 0 0 -5.435745488352107e-05
leaf_weight=639 22 32 38 44 24 310 23 39 98 40 31 37 24 471 190 30 20 22 22 20 21 24
leaf_count=639 22 32 38 44 24 310 23 39 98 40 31 37 24 471 190 30 20 22 22 20 21 24
internal_value=0 1.60981e-05 0.000133885 0 -1.63881e-05 0 -0.000282487 8.85478e-05 0.000161249 -2.56805e-05 -0.000114506 -0.000246221 0 6.96771e-06 0 0.00026297 0 0 -2.19249e-06 8.86574e-05 0 -2.61147e-05
internal_weight=2221 1344 145 1199 996 949 47 203 142 877 170 88 707 685 661 68 51 82 61 42 77 45
internal_count=2221 1344 145 1199 996 949 47 203 142 877 170 88 707 685 661 68 51 82 61 42 77 45
is_linear=0
shrinkage=0.05


Tree=64
num_leaves=19
num_cat=0
split_feature=18 4 15 7 7 4 4 18 6 32 15 6 6 19 22 4 20 5
split_gain=0.000354542 0.00055586 0.00127874 0.00125968 0.00180971 0.000795663 0.00145241 0.000976039 0.00073541 0.000656246 0.000470903 0.000410332 0.00111507 0.00158502 0.000271583 0.000455971 0.000158598 0.000164569
threshold=1.9664041693202505 0.012132982356721852 0.036456874762681703 0.027106143890398355 0.03910828299699546 0.0028454180670081006 1.0000000180025095e-35 0.418171325572325 0.0029759793441572007 0.0024950162952747505 0.011780327359861701 -0.00012882100874944997 0.004373765522994651 95.42499924000002 238.53600000000003 -0.0018112773626899499 20.385000230000006 -0.0059590183807044488
decision_type=2 2 2 2 2 2 2 2 2 2 2 2 2 2 2 2 2 2
left_child=1 2 5 8 -5 6 -1 -7 9 -3 -10 16 13 -13 -14 -16 17 -2
right_child=11 3 -4 4 -6 7 -8 -9 10 -11 -12 12 14 -15 15 -17 -18 -19
leaf_value=1.4343138943485022e-05 0.00016203083053159599 -0.0001525734056907202 0.0003626401888115132 -0.00051378859910528268 0 0.00012405857787308017 -0.00013186900496666568 -4.228301417697365e-06 0 0 0.00015687224208622041 -0.00061043200923291895 -0.00016702009213116504 0 0.00017374334762466903 0 -6.9424204143265692e-05 0
leaf_weight=970 23 104 25 29 20 296 197 157 21 57 85 20 20 28 36 57 23 53
leaf_count=970 23 104 25 29 20 296 197 157 21 57 85 20 20 28 36 57 23 53
internal_value=0 6.84379e-06 2.07239e-05 -4.92532e-05 -0.000274669 1.17061e-05 -6.34011e-06 6.88969e-05 0 -7.2001e-05 9.52219e-05 -5.49582e-05 -0.000105351 -0.000300584 0 1.97262e-05 0 5.8589e-05
internal_weight=2221 1961 1645 316 49 1620 1167 453 267 161 106 260 161 48 113 93 99 76
internal_count=2221 1961 1645 316 49 1620 1167 453 267 161 106 260 161 48 113 93 99 76
is_linear=0
shrinkage=0.05


Tree=65
num_leaves=24
num_cat=0
split_feature=18 11 16 25 9 14 19 8 8 24 31 5 6 3 6 6 19 21 6 1 16 5 18
split_gain=0.000334835 0.000502872 0.000900902 0.000905421 0.00144659 0.000524486 0.00102456 0.0014263 0.000896159 0.00109892 0.000910999 0.000576316 0.000481694 0.00051522 0.000387247 0.00100985 0.00143726 0.000251819 0.000247777 0.000185884 0.000163661 0.000612498 1.7347e-05
threshold=1.9664041693202505 0.9388735025392877 33.692053351956524 75.532243940000015 1.0024886708332266 0.016854256790500153 96.255001070000006 1.004720436131832 1.0174556258347203 -0.96499999999999986 -1.6897349732106977e-05 -0.013051583292987298 -0.0098412968438888488 -0.004297317249934699 -0.00012882100874944997 0.004373765522994651 95.42499924000002 1.9450000000000001 0.011340429850719702 0.0038439322297539004 39.86513522976707 0.0069344360029493504 0.25386478192859757
decision_type=2 2 2 2 2 2 2 2 2 2 2 2 2 2 2 2 2 2 2 2 2 2 2
left_child=1 2 12 -4 -5 8 7 -7 9 -3 -10 -8 22 -14 20 16 -16 18 -17 -19 -2 -22 -1
right_child=14 5 3 4 -6 6 11 -9 10 -11 -12 -13 13 -15 15 17 -18 19 -20 -21 21 -23 -24
leaf_value=0 -5.8034374907782127e-05 -0.00021034865668204065 0 0.00055272591488075352 0 0.00011628026022687469 0 -9.5233763589854881e-05 0.00029807948123629173 1.3460113837159176e-05 0 -0.00015860291361204874 -0.00016043226826161752 0 -0.00058389149826404689 0.00018085547665832563 0 0 0 -0.00016233420012320174 0.00019127229758887553 0 0.0001840012928005308
leaf_weight=23 30 55 36 28 25 165 47 140 51 996 58 197 60 56 20 22 28 32 28 31 47 22 24
leaf_count=23 30 55 36 28 25 165 47 140 51 996 58 197 60 56 20 22 28 32 28 31 47 22 24
internal_value=0 6.44601e-06 7.24474e-05 0.000197557 0.000323326 -4.7553e-07 -4.32285e-05 2.97615e-06 1.55185e-05 0 0.000150014 -0.000120562 0 -5.2937e-05 -5.35962e-05 -0.000102517 -0.000288614 0 6.11642e-05 -8.08358e-05 0 6.43353e-05 0.000131966
internal_weight=2221 1961 252 89 53 1709 549 305 1160 1051 109 244 163 116 260 161 48 113 50 63 99 69 47
internal_count=2221 1961 252 89 53 1709 549 305 1160 1051 109 244 163 116 260 161 48 113 50 63 99 69 47
is_linear=0
shrinkage=0.05


Tree=66
num_leaves=21
num_cat=0
split_feature=18 4 2 20 20 25 7 6 3 34 14 17 5 6 6 19 22 4 16 5
split_gain=0.000322703 0.000492346 0.00113785 0.00108768 0.00141122 0.00117839 0.000917722 0.000770594 0.000793595 0.000641536 0.000781 0.000549631 0.000506689 0.000347668 0.000928923 0.00130259 0.00024162 0.000411982 0.0001377 0.000567346
threshold=1.9664041693202505 0.012132982356721852 -0.018417244150491997 20.905000685000001 23.500000000000004 76.921765860000008 0.00030293064861025006 0.0029759793441572007 -0.012555338861034599 -0.00040106457240984996 0.014303369033763452 -0.0016827053272199996 -0.0018112773626899499 -0.00012882100874944997 0.004373765522994651 95.42499924000002 238.53600000000003 -0.0018112773626899499 39.86513522976707 0.0069344360029493504
decision_type=2 2 2 2 2 2 2 2 2 2 2 2 2 2 2 2 2 2 2 2
left_child=1 3 -3 9 6 -6 -5 8 -4 11 -11 -1 -9 18 15 -15 -16 -18 -2 -20
right_child=13 2 7 4 5 -7 -8 12 -10 10 -12 -13 -14 14 16 -17 17 -19 19 -21
leaf_value=0 -5.5396448341057147e-05 -0.00033182964976731456 -0.00027974344295310003 0 -0.00017349231157583601 7.0179358055781917e-05 0.00028570303260242526 0 0 6.5094674694018322e-06 -7.9464037287073857e-05 0.00027362914298363546 0.00017300961580755464 -0.00055850490400821998 -0.00015842726274454237 0 0.00016460700691916432 0 0.00018228250102256426 0
leaf_weight=65 30 29 36 23 54 253 109 41 142 762 346 33 68 20 20 28 36 57 47 22
leaf_count=65 30 29 36 23 54 253 109 41 142 762 346 33 68 20 20 28 36 57 47 22
internal_value=0 6.39728e-06 -4.61335e-05 1.95879e-05 8.70628e-05 9.92534e-06 0.000225221 0 -7.68155e-05 -9.93294e-07 -1.59795e-05 0.000114379 8.75496e-05 -5.25538e-05 -9.86355e-05 -0.000277166 0 1.66984e-05 0 5.80924e-05
internal_weight=2221 1961 316 1645 439 307 132 287 178 1206 1108 98 109 260 161 48 113 93 99 69
internal_count=2221 1961 316 1645 439 307 132 287 178 1206 1108 98 109 260 161 48 113 93 99 69
is_linear=0
shrinkage=0.05


Tree=67
num_leaves=19
num_cat=0
split_feature=18 4 15 7 7 4 4 20 19 34 4 4 20 20 19 21 28 7
split_gain=0.00031508 0.000462396 0.00114499 0.00112598 0.0016654 0.000681775 0.00132489 0.000947771 0.000341522 0.000581687 0.000281766 0.000439213 0.000836396 0.000103527 3.6373e-05 0.000106154 2.8975e-05 8.315e-06
threshold=1.9664041693202505 0.012132982356721852 0.036456874762681703 0.027106143890398355 0.03910828299699546 0.0028454180670081006 1.0000000180025095e-35 29.125000000000004 90.36500168000002 1.4650260745366982e-06 0.0048036768458100511 -0.0060858960188774494 20.385000230000006 15.710000040000002 95.295001985000013 1.8450000000000004 0.00054397291718530003 0.0050779025830000003
decision_type=2 2 2 2 2 2 2 2 2 2 2 2 2 2 2 2 2 2
left_child=1 2 5 8 -5 6 -1 -7 -3 -10 11 16 13 -13 -12 -16 17 -2
right_child=10 3 -4 4 -6 7 -8 -9 9 -11 14 12 -14 -15 15 -17 -18 -19
leaf_value=1.3182521801988347e-05 -3.3317550033744828e-05 -0.00015653627963189366 0.00034221775989863091 -0.00048802169882037564 0 3.1082480882676383e-05 -0.00012630062964044556 0.00036088365902883356 -1.1378336750578632e-05 0.00013705258394475095 -9.1552723302484954e-06 -6.6251688411408024e-05 -0.00041328701768415392 0 0 9.7682348946486971e-05 4.9323664150926131e-05 0
leaf_weight=970 24 29 25 29 20 427 197 26 161 77 36 56 24 22 21 34 23 20
leaf_count=970 24 29 25 29 20 427 197 26 161 77 36 56 24 22 21 34 23 20
internal_value=0 5.93662e-06 1.87983e-05 -4.48907e-05 -0.000257868 1.01032e-05 -6.35345e-06 6.32261e-05 0 1.70048e-05 -5.22673e-05 -9.09542e-05 -0.000154948 -1.36762e-06 0 3.88772e-05 0 -1.39788e-05
internal_weight=2221 1961 1645 316 49 1620 1167 453 267 238 260 169 102 78 91 55 67 44
internal_count=2221 1961 1645 316 49 1620 1167 453 267 238 260 169 102 78 91 55 67 44
is_linear=0
shrinkage=0.05


Tree=68
num_leaves=15
num_cat=0
split_feature=6 15 5 6 5 17 0 33 6 11 6 6 13 11
split_gain=0.000306951 0.000619443 0.00176202 0.00168561 0.00105026 0.000999885 0.000856119 0.000649083 0.00102304 0.000573373 0.000501467 0.000636538 0.000480174 0.000150913
threshold=0.046268404484033653 0.019689103206430251 -0.008860169995064348 -0.032886351649868646 -0.0085836969192389489 -0.0036881654482013994 0.011260075607849002 0.00090760678963480018 -0.0072420901061175493 0.95741642868552701 -0.017998696567738996 0.010651726943096651 1.0064116755195325 0.97984949219359041
decision_type=2 2 2 2 2 2 2 2 2 2 2 2 2 2
left_child=1 4 6 -4 7 -5 9 13 -9 -3 12 -12 -6 -1
right_child=-2 2 3 5 10 -7 -8 8 -10 -11 11 -13 -14 -15
leaf_value=2.5910637798844027e-05 -0.00014763712310065917 0.00025928809007522293 -0.00035814841202790699 -9.1483580092643956e-05 0.00016751322379827296 9.8593944707947188e-05 0.00044207683965139904 0 -0.00022857653105871358 0 -1.7866217201701189e-05 7.7283299262706452e-05 0 -5.5523333407444567e-05
leaf_weight=86 32 23 28 79 87 208 36 53 129 71 1053 207 29 100
leaf_count=86 32 23 28 79 87 208 36 53 129 71 1053 207 29 100
internal_value=0 1.43175e-06 5.57228e-05 0 -9.63105e-06 2.86264e-05 0.000208758 -8.55666e-05 -0.000153148 5.6946e-05 7.19344e-06 0 0.000105521 0
internal_weight=2221 2189 445 315 1744 287 130 368 182 94 1376 1260 116 186
internal_count=2221 2189 445 315 1744 287 130 368 182 94 1376 1260 116 186
is_linear=0
shrinkage=0.05


Tree=69
num_leaves=21
num_cat=0
split_feature=3 2 21 3 11 7 11 31 21 10 2 15 31 10 14 7 33 7 30 7
split_gain=0.000311685 0.00109679 0.00274405 0.00155842 0.00119679 0.00115055 0.00107598 0.00179196 0.000995987 0.000681989 0.000654176 0.000639854 0.000770283 0.000566326 0.00137243 0.000745438 0.000478435 0.000426205 0.000411234 0.000401001
threshold=0.0028454180670081006 -0.0045349170984511989 1.0750000000000004 0.0014340739966880003 1.0144577336847431 0.036998381789219263 1.0910103627372501 -0.0079167311462035993 1.9450000000000001 1.0226342724956747 0.0084567705534481005 0.016058537865789153 -1.9244140960341859e-14 1.0218966550827691 0.011022372610689052 0.014012820951092101 0.0055526473362735506 0.0050779025830000003 2.9834390536431098e-18 0.0057002199855936504
decision_type=2 2 2 2 2 2 2 2 2 2 2 2 2 2 2 2 2 2 2 2
left_child=1 2 -1 5 -5 19 8 -8 9 17 -11 12 -4 15 -15 -10 -13 -2 -9 -3
right_child=6 3 11 4 -6 -7 7 18 13 10 -12 16 -14 14 -16 -17 -18 -19 -20 -21
leaf_value=-0.00052040099373490585 -1.8848614247309297e-05 5.6791756143123259e-05 -0.00015138043841821723 0 -0.00040231853872978109 0.00030006667775124676 9.459242188873199e-05 0 0 0.00030329028851190719 0 0.00015516800151090139 0 2.7510731820187243e-05 -0.00023323854481812893 0.00016582629788101217 0 9.5874522620212661e-05 -0.00041213272660388617 -7.3624941895959667e-06
leaf_weight=32 81 352 161 40 34 38 23 21 258 76 36 53 92 62 78 79 76 128 37 464
leaf_count=32 81 352 161 40 34 38 23 21 258 76 36 53 92 62 78 79 76 128 37 464
internal_value=0 -1.60266e-05 -8.48697e-05 9.48963e-06 -0.000197282 3.38688e-05 2.2176e-05 -0.000134465 4.47619e-05 0.000112421 0.000221288 -3.16276e-05 -8.46067e-05 0 -8.46442e-05 3.39234e-05 3.39596e-05 2.819e-05 -0.00030745 1.43135e-05
internal_weight=2221 1342 414 928 74 854 879 81 798 321 112 382 253 477 140 337 129 209 58 816
internal_count=2221 1342 414 928 74 854 879 81 798 321 112 382 253 477 140 337 129 209 58 816
is_linear=0
shrinkage=0.05


Tree=70
num_leaves=25
num_cat=0
split_feature=11 6 21 6 3 6 14 3 20 3 5 10 5 9 2 14 25 24 7 11 7 5 22 7
split_gain=0.000295652 0.000845801 0.000862421 0.00145812 0.00152612 0.000825166 0.000923887 0.000727561 0.00090529 0.00192181 0.000722176 0.00130355 0.000832075 0.000710521 0.000617673 0.000569619 0.000562527 0.000545683 0.000945544 0.000323525 0.000311857 0.000281891 0.000793029 3.55992e-05
threshold=0.98206421549737788 -0.00045652909822064994 1.0750000000000004 0.011615459185345402 0.0052554086771945006 -0.015872551478527248 0.010028930783844502 0.0076530837359629006 26.619999885000002 -0.018918729020187295 -0.0021645895279104499 1.019919740175089 0.022507238972263754 1.0205079240967534 0.0024801685248630506 0.012179145325585752 77.932557215000017 -0.87499999999999989 0.013163672633488102 0.95945669583497728 0.0022708403712151507 0.0089752026428756033 258.49100000000004 0.0081489007301212505
decision_type=2 2 2 2 2 2 2 2 2 2 2 2 2 2 2 2 2 2 2 2 2 2 2 2
left_child=7 5 3 -3 -5 21 20 8 15 -10 11 -4 -12 -8 -11 19 -17 -9 23 -1 -7 22 -2 -19
right_child=1 2 10 4 -6 6 13 17 9 14 12 -13 -14 -15 -16 16 -18 18 -20 -21 -22 -23 -24 -25
leaf_value=-6.6549527815699217e-05 0 0.00040568162505223888 0 0.00022771055476429559 -0.00030064875790849327 0.00013700982702758691 -0.00019551048658191514 0 8.8653916515314075e-05 -0.0003687067644796887 6.4281662593875319e-05 -0.00021855026686099928 -0.00012291948911151199 0 0 6.0344602078155256e-06 0.00018904685339523781 3.8196664031229523e-05 0.00032895000599091875 2.0636079754508384e-05 -2.7256572154783497e-05 -3.9519637668692865e-05 0.0002430433540721424 0
leaf_weight=173 58 33 143 27 22 36 218 29 31 56 400 94 53 101 20 216 84 58 52 153 61 33 42 28
leaf_count=173 58 33 143 27 22 36 218 29 31 56 400 94 53 101 20 216 84 58 52 153 61 33 42 28
internal_value=0 -1.58984e-05 1.26202e-05 0.00016376 0 -6.49097e-05 -0.000102027 2.11642e-05 0 -0.000132776 0 -7.5671e-05 3.075e-05 -0.000143938 -0.000286324 2.2695e-05 7.5144e-05 0.000114362 0.000159511 -1.06185e-05 0 1.41106e-05 8.09879e-05 0
internal_weight=2221 1321 772 82 49 549 416 900 733 107 690 237 453 319 76 626 300 167 138 326 97 133 100 86
internal_count=2221 1321 772 82 49 549 416 900 733 107 690 237 453 319 76 626 300 167 138 326 97 133 100 86
is_linear=0
shrinkage=0.05


Tree=71
num_leaves=17
num_cat=0
split_feature=24 21 16 19 20 2 28 11 4 19 2 6 13 11 2 29
split_gain=0.00029686 0.00120828 0.000886588 0.00068242 0.0017032 0.00071331 0.0006887 0.000884196 0.000579274 0.000542191 0.000384813 0.000484169 0.00035521 0.000105693 4.17662e-05 1.55815e-05
threshold=0.85500000000000009 2.8450000000000002 53.082658135490036 99.125000000000014 34.275001530000004 0.0025918180839143504 0.0012107355966274502 0.9734111882476093 -0.0085927301956452481 97.079998015000015 0.0065338981413148008 0.0061714601516337508 0.94288663332223355 1.0473073717620365 0.0030997036594858506 0.044710174471386907
decision_type=2 2 2 2 2 2 2 2 2 2 2 2 2 2 2 2
left_child=1 3 8 4 5 -1 7 -5 -2 -10 11 12 -3 -4 -15 -8
right_child=2 10 13 6 -6 -7 15 -9 9 -11 -12 -13 -14 14 -16 -17
leaf_value=2.9357879645965389e-05 0 0 -7.1979350463616173e-05 0.00034993605527173111 -0.00036147953295078355 -3.84587478635507e-05 -2.7369843748881694e-05 2.6553028895993333e-05 1.288068755727974e-05 0.00049685595233155339 0 0 -0.00026263930186697315 0 6.2187144024021638e-05 0
leaf_weight=942 21 21 48 42 30 652 49 128 44 20 38 30 86 22 24 24
leaf_count=942 21 21 48 42 30 652 49 128 44 20 38 30 86 22 24 24
internal_value=0 -6.11894e-06 6.04735e-05 3.1531e-06 -5.76282e-06 0 8.24081e-05 0.000140032 0.000180971 0.000254225 -0.000131514 -0.000169889 -0.000218489 0 0 0
internal_weight=2221 2042 179 1867 1624 1594 243 170 85 64 175 137 107 94 46 73
internal_count=2221 2042 179 1867 1624 1594 243 170 85 64 175 137 107 94 46 73
is_linear=0
shrinkage=0.05


Tree=72
num_leaves=24
num_cat=0
split_feature=18 18 14 15 4 21 14 31 18 10 24 18 17 18 16 3 11 20 8 22 18 7 0
split_gain=0.000291301 0.000802459 0.000787333 0.000644978 0.00133287 0.000632551 0.00123766 0.00102179 0.00100689 0.000934611 0.00085882 0.000559637 0.000768563 0.00112382 0.000629434 0.000673898 0.000475776 0.000449467 0.000329517 0.000263748 0.000215236 7.95182e-05 3.80624e-05
threshold=0.46049833673363672 0.33898305080436658 0.01256378152547165 0.026361038426541205 -0.0061858531260923491 2.0450000000000004 0.015381679122923401 -0.0050990867156228492 0.062396940270659007 1.0168642530605452 0.87500000000000011 0.83806929314289424 0.00027617603426525003 1.580612701210397 51.576856792145669 -0.0031000193354232997 0.97580776966042826 11.664999965000002 1.0022009503596061 252.57750000000001 0.72447988623540516 0.0041590896018615505 -1.0000000180025095e-35
decision_type=2 2 2 2 2 2 2 2 2 2 2 2 2 2 2 2 2 2 2 2 2 2 2
left_child=1 5 21 11 -5 6 8 -8 -1 10 -7 14 16 -14 19 -16 -13 -11 -4 -2 -6 -3 -23
right_child=3 2 18 4 20 9 7 -9 -10 17 -12 12 13 -15 15 -17 -18 -19 -20 -21 -22 22 -24
leaf_value=0 5.8202834542049232e-05 6.9543533795513198e-05 0.00031207921342194406 0 0 -2.1905960849835539e-05 0.00017791147941869558 -5.929047899119949e-05 0.00024671076164008599 0 0.00018656278581800673 9.7237950711908014e-06 0.00018782008371575864 0 0 -0.00022905213874465144 -0.00010069565739104293 -0.00020018861904954797 0 -8.142495001877911e-05 -0.00039027450903235248 0 -8.3197112381458275e-05
leaf_weight=102 84 22 49 26 20 482 48 268 104 43 52 119 130 159 32 82 137 100 29 52 36 23 22
leaf_count=102 84 22 49 26 20 482 48 268 104 43 52 119 130 159 32 82 137 100 29 52 36 23 22
internal_value=0 1.40575e-05 0.00012391 -2.29145e-05 -0.000156054 0 4.17201e-05 -6.25152e-06 0.000138264 -3.13327e-05 0 -2.38121e-06 1.92199e-05 8.02863e-05 -6.8904e-05 -0.000154 -3.05447e-05 -0.000143444 0.00022881 0 -0.000302592 0 -4.02823e-05
internal_weight=2221 1344 145 877 82 1199 522 316 206 677 534 795 545 289 250 114 256 143 78 136 56 67 45
internal_count=2221 1344 145 877 82 1199 522 316 206 677 534 795 545 289 250 114 256 143 78 136 56 67 45
is_linear=0
shrinkage=0.05


Tree=73
num_leaves=23
num_cat=0
split_feature=5 15 14 22 20 4 18 20 34 8 21 18 20 8 33 33 11 15 13 10 13 4
split_gain=0.00028235 0.000770815 0.000736903 0.000600502 0.00120936 0.00147528 0.00130975 0.000867602 0.00124505 0.000963884 0.000823767 0.00112851 0.000860819 0.000850318 0.00110704 0.000500215 0.000309446 0.000269528 8.35033e-05 4.30965e-05 0.000209397 1.84644e-06
threshold=-0.021037320256613597 0.020526941777816703 0.024305918195617251 256.23300000000006 25.784999850000002 0.0048036768458100511 0.21627741641474257 22.175000195000006 8.9128877390993427e-05 1.0009083856994831 1.9950000000000003 0.38740994913881904 13.284999845000002 1.0076920473852835 0.011119372154235653 0.0030400037738286005 0.98206421549737788 0.019321777061750953 0.99282624405320108 0.98280299479627076 0.96382143533901332 0.0038513296127361007
decision_type=2 2 2 2 2 2 2 2 2 2 2 2 2 2 2 2 2 2 2 2 2 2
left_child=1 19 -3 10 7 6 -6 9 -9 -5 11 12 -2 16 -15 -7 -12 -13 -4 20 -1 -21
right_child=3 2 18 4 5 15 -8 8 -10 -11 13 17 -14 14 -16 -17 -18 -19 -20 21 -22 -23
leaf_value=0 0 0.00043812171220728802 9.5270379173123957e-05 2.033520212141108e-05 0 -0.0001854689530894878 -0.00039195738364690668 0 0.00037297303021963064 -0.00012150111476317185 4.6889474348024067e-05 -7.1275802410193287e-05 0.0002173485493269829 -1.4400621221066798e-05 -0.00033100155656389099 7.905393874834237e-05 -8.1145740630589372e-06 7.5215444448986082e-05 0 0 -0.0001323810968319271 1.3309123938337758e-05
leaf_weight=24 35 20 20 177 44 21 71 111 30 202 415 94 149 206 40 65 370 29 20 20 33 25
leaf_count=24 35 20 20 177 44 21 71 111 30 202 415 94 149 206 40 65 370 29 20 20 33 25
internal_value=0 6.25503e-05 0.000202077 -5.40801e-06 -4.3701e-05 -0.000146964 -0.000261908 0 0.00010131 -4.25324e-05 1.15497e-05 8.43803e-05 0.000163983 -5.4833e-06 -8.93285e-05 0 1.46866e-05 0 0 0 -4.23079e-05 2.67562e-06
internal_weight=2221 162 60 2059 721 201 115 520 141 379 1338 307 184 1031 246 86 785 123 40 102 57 45
internal_count=2221 162 60 2059 721 201 115 520 141 379 1338 307 184 1031 246 86 785 123 40 102 57 45
is_linear=0
shrinkage=0.05


Tree=74
num_leaves=16
num_cat=0
split_feature=6 15 5 3 6 14 5 33 6 6 6 34 3 20 11
split_gain=0.000300229 0.00056416 0.00150463 0.00167434 0.00147735 0.000968223 0.000893104 0.000573521 0.00090927 0.000429277 0.000545799 0.00047061 0.000340741 0.000329028 0.000106896
threshold=0.046268404484033653 0.019689103206430251 -0.008860169995064348 1.0000000180025095e-35 -0.032886351649868646 0.025086663493911202 -0.0085836969192389489 0.00090760678963480018 -0.0072420901061175493 -0.017998696567738996 0.010651726943096651 -2.443874050332417e-13 -0.012361128366676199 22.829999920000002 0.97984949219359041
decision_type=2 2 2 2 2 2 2 2 2 2 2 2 2 2 2
left_child=1 6 3 12 -4 -6 7 14 -9 11 -11 -8 -3 -5 -1
right_child=-2 2 4 13 5 -7 9 8 -10 10 -12 -13 -14 -15 -16
leaf_value=2.1530561112750761e-05 -0.00014559815883902566 0 -0.0003333640663749388 -9.1914570975032718e-05 0.00012173032936815793 -4.6311275118155624e-05 0.00019477393341045082 0 -0.00021319443864657928 -1.636435458934216e-05 7.1770459150034846e-05 0 0.00052231159681419704 0.00011245438428379076 -4.6840249476004937e-05
leaf_weight=86 32 26 28 30 158 129 58 53 129 1053 207 58 34 40 100
leaf_count=86 32 26 28 30 158 129 58 53 129 1053 207 58 34 40 100
internal_value=0 1.9822e-06 5.37577e-05 0.000194979 0 2.92603e-05 -8.43645e-06 -7.86111e-05 -0.000141926 6.83555e-06 0 9.77746e-05 0.000383014 0 0
internal_weight=2221 2189 445 130 315 287 1744 368 182 1376 1260 116 60 70 186
internal_count=2221 2189 445 130 315 287 1744 368 182 1376 1260 116 60 70 186
is_linear=0
shrinkage=0.05


Tree=75
num_leaves=10
num_cat=0
split_feature=9 24 14 25 14 18 21 34 21
split_gain=0.000284494 0.00111866 0.00050331 0.00154564 0.000702076 0.00118896 0.000530807 0.00148297 0.000777666
threshold=1.0567406349248856 -0.034999999999999996 0.035543501049331606 74.304531630000014 0.029479992137163801 0.10402638834887007 3.2550000000000003 3.8357321280616437e-06 2.8450000000000002
decision_type=2 2 2 2 2 2 2 2 2
left_child=2 -2 4 -4 6 -6 8 -8 -1
right_child=1 -3 3 -5 5 -7 7 -9 -10
leaf_value=1.1077863531657954e-05 -0.00032520906618711625 0 0 0.00039466726466674698 0 -0.0003614801549176466 0.00038569954662200285 0 -8.2695271620805187e-05
leaf_weight=1741 30 34 32 30 20 33 31 20 250
leaf_count=1741 30 34 32 30 20 33 31 20 250
internal_value=0 -0.000101735 2.8693e-06 0.000140113 0 -0.000175848 3.39256e-06 0.000158146 0
internal_weight=2221 64 2157 62 2095 53 2042 51 1991
internal_count=2221 64 2157 62 2095 53 2042 51 1991
is_linear=0
shrinkage=0.05


Tree=76
num_leaves=28
num_cat=0
split_feature=3 7 25 15 14 20 9 1 15 20 18 7 19 20 18 18 18 10 20 19 8 14 33 4 33 21 19
split_gain=0.000283651 0.000843787 0.00150945 0.000958571 0.00091306 0.000873844 0.000864126 0.00085457 0.00093389 0.000752508 0.00158397 0.00139418 0.00270947 0.00131557 0.00112788 0.000874087 0.000731085 0.000848515 0.000432482 0.000323992 0.000261621 0.000249368 0.000216906 0.000353001 0.000216486 0.000196354 0.000160793
threshold=0.0028454180670081006 0.0061480254164721004 69.517795905000014 0.017401724977636153 0.0084580057579104022 18.845000265000007 1.0121482521204228 -0.010049567082524897 0.015650524573334854 24.835000035000004 0.21627741641474257 0.0084692537337273024 99.805000305000007 18.380000115000005 0.46049833673363672 0.066555924694166921 0.29513240799688545 1.017760287876724 13.924999715000002 94.024997710000022 1.0055553140056777 0.014617963588433152 0.0066284651415993512 0.0048036768458100511 0.034357017904996352 2.6550000000000007 95.42499924000002
decision_type=2 2 2 2 2 2 2 2 2 2 2 2 2 2 2 2 2 2 2 2 2 2 2 2 2 2 2
left_child=9 5 3 24 26 19 -6 -7 -9 13 22 -12 -13 16 15 -15 17 -1 -18 25 -21 -16 23 -11 -3 -2 -4
right_child=1 2 4 -5 6 7 -8 8 -10 10 11 12 -14 14 21 -17 18 -19 -20 20 -22 -23 -24 -25 -26 -27 -28
leaf_value=-2.4488275673718831e-05 0.00013379592664229372 -9.7989579365579017e-05 0 -0.0003829728366690688 0.00021058877611192513 0 1.8385732726034481e-05 0 -0.00031751671852201554 0.00021158536734219524 0 -0.00061728653294267142 0 0 -0.00010756912428405485 0.00029165937913438192 6.3929387916924742e-05 -0.00022025998558855201 -3.4126904217946556e-05 -6.9910628551517326e-05 4.6664199580845881e-05 2.7488693218199639e-05 0 0 0.00010535126711390928 0 -0.00011819771487110606
leaf_weight=360 72 21 26 20 210 29 170 39 65 29 31 40 45 83 45 85 219 90 170 110 45 87 38 20 25 20 27
leaf_count=360 72 21 26 20 210 29 170 39 65 29 31 40 45 83 45 85 219 90 170 110 45 87 38 20 25 20 27
internal_value=0 2.17388e-05 6.74227e-05 -0.00011899 0.000107928 -2.52547e-05 0.000138476 -0.00013241 -0.00020555 -1.47423e-05 -0.00010272 -0.000226884 -0.000330481 0 9.0485e-05 0.00017606 -3.09799e-05 -7.58795e-05 8.3887e-06 1.33406e-05 -4.17734e-06 0 9.32124e-06 0.000102852 0 9.46859e-05 -1.7494e-05
internal_weight=2221 879 499 66 433 380 380 133 104 1342 203 116 85 1139 300 168 839 450 389 247 155 132 87 49 46 92 53
internal_count=2221 879 499 66 433 380 380 133 104 1342 203 116 85 1139 300 168 839 450 389 247 155 132 87 49 46 92 53
is_linear=0
shrinkage=0.05


Tree=77
num_leaves=21
num_cat=0
split_feature=25 4 0 10 16 21 12 19 5 18 6 2 21 21 31 19 21 6 2 27
split_gain=0.0002711 0.00115968 0.00149982 0.00091086 0.00123024 0.00191177 0.00107595 0.00113924 0.00102246 0.000660165 0.000601152 0.000594242 0.00102873 0.00126266 0.00107959 0.000965946 0.000629967 0.000398175 8.1061e-05 3.82022e-05
threshold=75.154113580000015 0.026697857318164455 0.0014340739966880003 1.0017568810595727 61.852862473961238 2.0550000000000002 0.99581822138225273 97.784999850000005 -0.0010438917251706997 3.068025835054466 -0.0026701399317295496 -0.018918729020187295 0.78500000000000014 0.88500000000000012 -1.0406826868280622e-23 97.405002595000013 2.9250000000000003 -0.0047329058176416488 -0.034714016458974394 8.7419319739897427e-12
decision_type=2 2 2 2 2 2 2 2 2 2 2 2 2 2 2 2 2 2 2 2
left_child=1 3 -3 6 5 -5 10 -8 -6 11 -1 15 14 -14 -13 18 -17 -11 -2 -19
right_child=9 2 -4 4 8 -7 7 -9 -10 17 -12 12 13 -15 -16 16 -18 19 -20 -21
leaf_value=7.420731142539024e-05 0 0 -0.00049381341785192489 0.00025171748211586924 -0.00022623399754795375 0 -0.00028621349726959394 0 9.2631303415752566e-06 0 -6.3459300471217057e-05 0.0003002844000562815 -0.0002944209718511307 3.3607725452047154e-05 0 -0.00032677726899767856 0 0 6.5321896892479942e-05 -0.00025164762505001443
leaf_weight=120 23 24 26 131 51 104 82 20 117 24 202 71 25 1022 22 39 20 22 45 31
leaf_count=120 23 24 26 131 51 104 82 20 117 24 202 71 25 1022 22 39 20 22 45 31
internal_value=0 -2.19581e-05 -0.000250364 -1.26962e-06 4.58476e-05 0.000124871 -5.77703e-05 -0.000197964 -3.57021e-05 1.37172e-05 0 2.57442e-05 4.00135e-05 2.01944e-05 0.000203451 -6.18485e-05 -0.000216645 -0.000115226 5.51711e-06 -0.000191684
internal_weight=2221 877 50 827 403 235 424 102 168 1344 322 1267 1140 1047 93 127 59 77 68 53
internal_count=2221 877 50 827 403 235 424 102 168 1344 322 1267 1140 1047 93 127 59 77 68 53
is_linear=0
shrinkage=0.05


Tree=78
num_leaves=17
num_cat=0
split_feature=6 15 15 2 24 4 21 0 25 4 4 7 19 2 2 6
split_gain=0.000265604 0.000502436 0.0011972 0.00101063 0.000585311 0.000602405 0.000597851 0.000803092 0.000590864 0.000573155 0.00137703 0.000723434 0.000404722 0.000178333 4.19761e-05 1.08852e-05
threshold=0.046268404484033653 0.019689103206430251 0.021667406639088251 0.0022229637658196006 -0.96499999999999986 0.00019456329478205003 2.8450000000000002 -0.0070102588416437487 75.154113580000015 -0.016415680881980897 -0.0043891066835616988 0.024147248768595805 92.935001375000013 -0.014426972877363848 0.011555400476287501 0.0052445924884126508
decision_type=2 2 2 2 2 2 2 2 2 2 2 2 2 2 2 2
left_child=1 4 3 13 5 15 8 -8 -6 11 -11 -4 -7 -3 -5 -1
right_child=-2 2 9 14 6 12 7 -9 -10 10 -12 -13 -14 -15 -16 -17
leaf_value=7.2345985130308804e-06 -0.00013721938441241426 0 0 0 -1.7653518231173356e-05 -0.00041324944711959691 2.5253332398986256e-05 -0.00012828614589489932 4.471550842805383e-05 -0.00023036355350632221 1.168298640606316e-05 0.00035769282442861761 0 0.00041141383634004302 5.4756672188107458e-05 -3.1764266500249497e-05
leaf_weight=35 32 20 43 32 632 21 69 194 744 67 192 20 27 39 32 22
leaf_count=35 32 20 43 32 632 21 69 194 744 67 192 20 27 39 32 22
internal_value=0 1.50852e-06 5.05234e-05 0.00018119 -8.20137e-06 -0.000120983 0 -6.93764e-05 1.24674e-05 0 -3.37682e-05 0.000131087 -0.000246019 0.000327826 0 0
internal_weight=2221 2189 445 123 1744 105 1639 263 1376 322 259 63 48 59 64 57
internal_count=2221 2189 445 123 1744 105 1639 263 1376 322 259 63 48 59 64 57
is_linear=0
shrinkage=0.05


end of trees

feature_importances:
Ret_Lag_1=96
VIX=92
Ret_Lag_10=87
Volume_to_MA_10=86
Ret_Lag_5=79
US_10Y_Yield=78
Ret_Lag_3=75
Gold_Silver_Ratio=75
Rolling_Std_20=69
Ret_Lag_2=66
Rolling_Std_10=64
Daily_Range_Pct=56
Return=49
Close_to_MA_50=44
USD_Index=39
Real_Yield_10Y=36
MACD_Pct=35
Close_to_MA_5=27
CPI_Inflation=26
RSI_14=25
Sentiment_x_Trend=25
Close_to_MA_20=21
Close_to_EMA_20=21
Sentiment_Spike=20
Close_to_MA_10=18
Fed_Funds_Rate=18
Daily_Bearish=17
Log_Return=13
Close_to_EMA_10=13
Sentiment_EMA_30d=12
Sentiment_EMA_60d=12
Daily_Bullish=11
Daily_NSS=8
Sentiment_EMA_7d=1

parameters:
[boosting: gbdt]
[objective: regression]
[metric: l2]
[tree_learner: serial]
[device_type: cpu]
[data_sample_strategy: bagging]
[data: ]
[valid: ]
[num_iterations: 200]
[learning_rate: 0.05]
[num_leaves: 31]
[num_threads: 20]
[seed: 42]
[deterministic: 0]
[force_col_wise: 0]
[force_row_wise: 0]
[histogram_pool_size: -1]
[max_depth: 5]
[min_data_in_leaf: 20]
[min_sum_hessian_in_leaf: 0.001]
[bagging_fraction: 0.8]
[pos_bagging_fraction: 1]
[neg_bagging_fraction: 1]
[bagging_freq: 0]
[bagging_seed: 400]
[bagging_by_query: 0]
[feature_fraction: 0.8]
[feature_fraction_bynode: 1]
[feature_fraction_seed: 30056]
[extra_trees: 0]
[extra_seed: 12879]
[early_stopping_round: 0]
[early_stopping_min_delta: 0]
[first_metric_only: 0]
[max_delta_step: 0]
[lambda_l1: 0.1]
[lambda_l2: 3]
[linear_lambda: 0]
[min_gain_to_split: 0]
[drop_rate: 0.1]
[max_drop: 50]
[skip_drop: 0.5]
[xgboost_dart_mode: 0]
[uniform_drop: 0]
[drop_seed: 17869]
[top_rate: 0.2]
[other_rate: 0.1]
[min_data_per_group: 100]
[max_cat_threshold: 32]
[cat_l2: 10]
[cat_smooth: 10]
[max_cat_to_onehot: 4]
[top_k: 20]
[monotone_constraints: ]
[monotone_constraints_method: basic]
[monotone_penalty: 0]
[feature_contri: ]
[forcedsplits_filename: ]
[refit_decay_rate: 0.9]
[cegb_tradeoff: 1]
[cegb_penalty_split: 0]
[cegb_penalty_feature_lazy: ]
[cegb_penalty_feature_coupled: ]
[path_smooth: 0]
[interaction_constraints: ]
[verbosity: -1]
[saved_feature_importance_type: 0]
[use_quantized_grad: 0]
[num_grad_quant_bins: 4]
[quant_train_renew_leaf: 0]
[stochastic_rounding: 1]
[linear_tree: 0]
[max_bin: 255]
[max_bin_by_feature: ]
[min_data_in_bin: 3]
[bin_construct_sample_cnt: 200000]
[data_random_seed: 175]
[is_enable_sparse: 1]
[enable_bundle: 1]
[use_missing: 1]
[zero_as_missing: 0]
[feature_pre_filter: 1]
[pre_partition: 0]
[two_round: 0]
[header: 0]
[label_column: ]
[weight_column: ]
[group_column: ]
[ignore_column: ]
[categorical_feature: ]
[forcedbins_filename: ]
[precise_float_parser: 0]
[parser_config_file: ]
[objective_seed: 16083]
[num_class: 1]
[is_unbalance: 0]
[scale_pos_weight: 1]
[sigmoid: 1]
[boost_from_average: 1]
[reg_sqrt: 0]
[alpha: 0.9]
[fair_c: 1]
[poisson_max_delta_step: 0.7]
[tweedie_variance_power: 1.5]
[lambdarank_truncation_level: 30]
[lambdarank_norm: 1]
[label_gain: ]
[lambdarank_position_bias_regularization: 0]
[eval_at: ]
[multi_error_top_k: 1]
[auc_mu_weights: ]
[num_machines: 1]
[local_listen_port: 12400]
[time_out: 120]
[machine_list_filename: ]
[machines: ]
[gpu_platform_id: -1]
[gpu_device_id: -1]
[gpu_device_id_list: ]
[gpu_use_dp: 0]
[num_gpu: 1]

end of parameters

pandas_categorical:[]
