tree
version=v4
num_class=1
num_tree_per_iteration=1
label_index=0
max_feature_idx=27
objective=regression
feature_names=Return Log_Return Ret_Lag_1 Ret_Lag_2 Ret_Lag_3 Ret_Lag_5 Ret_Lag_10 Daily_Range_Pct Close_to_MA_5 Close_to_MA_10 Close_to_MA_20 Close_to_MA_50 Close_to_EMA_10 Close_to_EMA_20 Rolling_Std_10 Rolling_Std_20 RSI_14 MACD_Pct Volume_to_MA_10 USD_Index US_10Y_Yield VIX CPI_Inflation USDA_WASDE_Stocks Precipitation_KeyRegions Temperature_Anomaly_KeyRegions Planting_Progress_Pct Export_Sales
feature_infos=[-0.1068233643220487:0.21776098252243731] [-0.1129709173542847:0.19701391236426749] [-0.1068233643220487:0.21776098252243731] [-0.1068233643220487:0.21776098252243731] [-0.1068233643220487:0.21776098252243731] [-0.1068233643220487:0.21776098252243731] [-0.1068233643220487:0.21776098252243731] [0:0.1318851823118696] [0.84955297096289262:1.2587276011913482] [0.89015151515151514:1.3770631910688531] [0.81774046076777451:1.5471457454170454] [0.74836538144242415:1.7154945173986833] [0.89585158866229841:1.3148350932670614] [0.83851220122397296:1.4389864811421575] [0.0046694959248203003:0.1066195432533204] [0.0065568448117416999:0.079455399387556899] [18.985032428732001:87.668664699449806] [-0.026393370433859701:0.044132612988063702] [0:9.9206634602396004] [79.77999878:110.2099991] [0.52000000000000002:3.4900000000000002] [9.1400003430000005:82.690002440000001] [234.74700000000001:296.34899999999999] [188.61000000000001:321.44999999999999] [0.17253421199999999:4.7756856670000003] [-6.4705817689999998:4.357689594] [1:98] [0:2540376]
tree_sizes=2192 2402 2840 2782 2342 2261 2701 2878 2257 2861 2622 2433 2355 2853 2795 2717 2878 2802 2886 2886 2857 2893 2894 2896 2874 2847 2879 2891 2900 2638 2914 2072 2093 2184 2255 2873 2723 2871 2886 2933 2210 2880 2365 2851 2207 2924 2869 2324 2849 2869 2541 2879 2892 2633 2903 2923 2608 2900 2924 2511 2260 2903 2903 2935 2937 2668 2926 2380 2898 2694 2586 2464 2514 2528 2946 2400 2777 2737 2382 2903 2183 2376 2534 2875

Tree=0
num_leaves=24
num_cat=0
split_feature=20 22 22 22 22 20 22 22 22 22 15 19 19 15 18 19 19 16 19 16 17 17 15
split_gain=5.1142 5.07702 3.18616 1.88847 1.64491 1.2147 1.17876 0.78367 0.938435 0.751237 0.706359 0.659459 0.487365 0.484618 0.478172 0.435343 0.169592 0.114743 0.113615 0.0897295 0.0258081 0.00982701 0.000665364
threshold=1.7850000000000004 277.73450000000008 286.08700000000005 240.86050000000003 281.69400000000007 2.3350000000000004 293.10550000000006 250.50950000000003 246.53050000000005 253.04550000000003 0.010039632970223153 99.165000915000022 96.954998015000015 0.018773586548141503 0.90598583386078513 91.795001985000013 94.755001070000006 46.298913627397248 106.06999970000003 60.316462456863505 -0.0008340069663093499 0.0060655916424586015 0.017304110836307004
decision_type=2 2 2 2 2 2 2 2 2 2 2 2 2 2 2 2 2 2 2 2 2 2 2
left_child=1 3 4 16 5 12 -4 8 -7 -9 -5 15 13 -2 -3 -12 22 -13 -8 -14 -18 -20 -1
right_child=2 14 6 10 -6 7 18 9 -10 -11 11 17 19 -15 -16 -17 20 -19 21 -21 -22 -23 -24
leaf_value=0.023285097594919413 0.024413829168720758 0.032846030082967062 0.017749650874122912 0.022736436221097663 0.033044207427920851 0.026111450243423231 0.022060577713336488 0.024122370647754826 0.029205138698024224 0.027551244074345033 0.027027105620513549 0.026520485554229402 0.025675747734864866 0.021775506937327417 0.0388319479951778 0.029150458498684327 0.025552483433255013 0.023796591420007004 0.025465062264851145 0.02420665959071501 0.024112684819539761 0.024124938927472105 0.021338935703984794
leaf_weight=20 242 30 63 20 25 246 30 198 135 79 120 24 231 89 34 375 32 27 21 47 30 20 20
leaf_count=20 242 30 63 20 25 246 30 198 135 79 120 24 231 89 34 375 32 27 21 47 30 20 20
internal_value=0.0261694 0.0282062 0.0251232 0.0274202 0.0255845 0.0254296 0.0207348 0.0263192 0.0272049 0.0251125 0.0281005 0.0283083 0.0244648 0.0236843 0.0362181 0.0286445 0.0236924 0.0251182 0.0235055 0.0254105 0.0247866 0.0247068 0.0221448
internal_weight=2158 732 1426 668 1292 1267 134 658 381 277 566 546 609 331 64 495 102 51 71 278 62 41 40
internal_count=2158 732 1426 668 1292 1267 134 658 381 277 566 546 609 331 64 495 102 51 71 278 62 41 40
is_linear=0
shrinkage=1


Tree=1
num_leaves=26
num_cat=0
split_feature=23 22 22 11 21 15 23 11 21 19 18 22 22 22 21 23 19 7 16 14 20 19 20 21 15
split_gain=6.09635 5.66412 5.6591 1.12482 0.98411 0.973658 0.773286 0.665341 0.693471 0.551178 0.429758 0.412662 0.421067 0.352075 0.325999 0.257333 0.248082 0.165932 0.15564 0.140689 0.137482 0.0578433 0.0512489 0.0322705 0.000280911
threshold=268.11500000000007 286.08700000000005 277.73450000000008 1.0764887096058686 14.320000170000002 0.010039632970223153 267.52500000000003 1.0790295074266372 36.635000225000006 99.625000000000014 0.90598583386078513 252.37150000000003 240.86050000000003 237.69500000000002 16.345000265000007 189.07500000000002 106.06999970000003 0.025971594661524652 54.494759551024664 0.019453371053432804 1.5750000000000004 92.524997710000022 2.8650000000000007 16.175000195000006 0.017814348221949404
decision_type=2 2 2 2 2 2 2 2 2 2 2 2 2 2 2 2 2 2 2 2 2 2 2 2 2
left_child=3 2 5 4 6 -2 9 8 -7 15 17 12 13 -6 -13 -1 -16 -4 -11 -5 -9 -8 -21 -14 -12
right_child=1 -3 10 19 11 7 21 20 -10 18 24 14 23 -15 16 -17 -18 -19 -20 22 -22 -23 -24 -25 -26
leaf_value=-0.0042277810810641804 -0.0029955285233087261 -0.0079566682809591293 0.0090199260129169984 -0.0022156130756354991 -0.00094944396995582498 0.0024587209919201885 0.0047585107846693552 0.00083029666985385111 -0.0012986609481988435 0.002247330577700375 0.01356131411075592 0.00030889146908053331 0 -0.0030478131275843172 -0.0042145994367852862 -0.00084625919261532173 -0.001226987508106725 0.0043215648265821595 -0.00013496078068662122 -0.005831659988715098 -0.0014633244451974208 0.0021055699207175233 -0.0032499014149335297 0.0012802466778507962 0.0093392480964010413
leaf_weight=21 38 49 21 26 168 605 21 38 46 67 24 20 43 135 130 410 36 20 35 51 55 25 21 32 21
leaf_count=21 38 49 21 26 168 605 21 38 46 67 24 20 43 135 130 410 36 20 35 51 55 25 21 32 21
internal_value=0 0.00185339 0.00241915 -0.00137065 -0.00110034 0.0016048 -0.000224882 0.00184749 0.00218704 -0.000554052 0.00968606 -0.00199178 -0.00140193 -0.00190118 -0.00316056 -0.00102737 -0.00359587 0.00695693 0.00140738 -0.00445016 -0.000495368 0.003456 -0.00517458 0.00057405 0.0119021
internal_weight=2158 917 868 1241 1143 782 579 744 651 533 86 564 378 303 186 431 166 41 102 98 93 46 72 75 45
internal_count=2158 917 868 1241 1143 782 579 744 651 533 86 564 378 303 186 431 166 41 102 98 93 46 72 75 45
is_linear=0
shrinkage=0.03


Tree=2
num_leaves=31
num_cat=0
split_feature=23 15 19 19 23 11 11 21 20 23 11 19 19 23 23 26 26 19 23 11 23 19 10 14 20 15 19 20 11 20
split_gain=5.7418 3.90675 2.27768 1.83833 1.39848 1.06953 1.06143 0.926673 0.766995 0.730106 0.526997 0.518846 0.472064 0.404042 0.38818 0.34492 0.327758 0.249087 0.242791 0.224725 0.199424 0.164068 0.156786 0.131756 0.12763 0.110284 0.083156 0.0810371 0.0543459 0.0470586
threshold=268.11500000000007 0.026333439937092754 96.715000150000023 93.854999540000009 282.36500000000007 0.97484784687345527 1.0764887096058686 14.320000170000002 1.9650000000000001 267.52500000000003 1.0857344605261365 99.625000000000014 100.31000140000002 287.91500000000002 266.43500000000006 94.500000000000014 96.500000000000014 89.979999540000009 189.07500000000002 0.98617669192046076 268.06000000000006 94.244998930000023 1.000121348403388 0.019453371053432804 0.7350000000000001 0.019345947208314205 92.014999390000014 2.4150000000000005 0.99403294950496746 2.8650000000000007
decision_type=2 2 2 2 2 2 2 2 2 2 2 2 2 2 2 2 2 2 2 2 2 2 2 2 2 2 2 2 2 2
left_child=6 2 3 10 8 16 7 9 -5 11 19 18 13 -7 17 -16 -4 27 -1 -2 -17 -19 -13 -8 -6 -18 -12 -9 -11 -25
right_child=1 -3 5 4 24 12 23 14 -10 28 26 22 -14 -15 15 20 25 21 -20 -21 -22 -23 -24 29 -26 -27 -28 -29 -30 -31
leaf_value=-0.0041067126582969319 0.0040958455995257406 -0.0077397277004312018 0.0011643919581930116 0.0092802006769078689 0.0031700596837326883 0.0013120583919429519 -0.0021516064444246389 -0.00080527146593002339 0.0031472775099932082 0.0019391841809265314 -0.0014517069663323291 0.002649792491597064 -0.0048536457869410516 -0.0014831450446786006 -0.0053719408307224513 -0.0012147418838568853 0.0056916496992111204 -0.0031615748103242369 -0.00082093318426611076 0.0021945651912210896 -0.0038525263391435147 -0.0013644700722347399 0.00022884595826249814 -0.0056600745002237654 0 0.0022729780493038042 0.00088575598076832561 0.0015724972985684872 0.0045131082292646169 -0.0031568360988220028
leaf_weight=21 83 36 72 87 23 72 26 20 27 23 32 46 24 125 47 76 29 59 410 242 44 289 56 51 24 20 21 29 23 21
leaf_count=21 83 36 72 87 23 72 26 20 27 23 32 46 24 125 47 76 29 59 410 242 44 289 56 51 24 20 21 29 23 21
internal_value=0 0.00179873 0.00220023 0.003414 0.00610276 0.000274185 -0.00133016 -0.00106747 0.00789375 -0.000217779 0.00224779 -0.000537765 -0.000956924 -0.000444929 -0.00193253 -0.00315924 0.00253674 -0.00140233 -0.000997109 0.0027004 -0.00223057 -0.00168593 0.0013649 -0.0043219 0.00162221 0.00442964 -0.000470735 0.000545284 0.00335862 -0.00502431
internal_weight=2158 917 881 539 161 342 1241 1143 114 579 378 533 221 197 564 167 121 397 431 325 120 348 102 98 47 49 53 49 46 72
internal_count=2158 917 881 539 161 342 1241 1143 114 579 378 533 221 197 564 167 121 397 431 325 120 348 102 98 47 49 53 49 46 72
is_linear=0
shrinkage=0.03


Tree=3
num_leaves=30
num_cat=0
split_feature=23 22 22 21 23 23 23 22 19 13 18 27 23 23 21 23 23 19 17 14 16 14 16 19 16 20 14 27 19
split_gain=5.40955 5.06182 5.09157 0.807543 0.819802 0.68882 0.822349 0.849778 0.663537 0.407244 0.402285 0.365127 0.360928 0.351759 0.30704 0.225506 0.217799 0.193237 0.146261 0.125901 0.123212 0.110759 0.107875 0.0507337 0.0372995 0.0310862 0.0291737 0.0150218 0.00226086
threshold=268.11500000000007 286.08700000000005 277.73450000000008 14.320000170000002 267.52500000000003 314.01500000000004 286.82500000000005 269.51850000000007 99.625000000000014 1.0444300520356384 0.76156797395705189 414499.50000000006 319.91000000000003 268.06000000000006 28.335000035000004 189.07500000000002 195.45000000000002 90.975002290000006 -0.0019745902995981996 0.020511532640940151 38.286919702130888 0.017766061823653954 43.823038014801035 92.524997710000022 54.494759551024664 2.5050000000000003 0.01518346880580315 447211.50000000006 92.99000168000002
decision_type=2 2 2 2 2 2 2 2 2 2 2 2 2 2 2 2 2 2 2 2 2 2 2 2 2 2 2 2 2
left_child=3 2 5 4 8 6 19 -8 9 15 -4 14 21 17 16 -1 -5 25 -10 -2 -19 -7 -18 -6 -20 -13 -12 -11 -14
right_child=1 -3 10 11 23 12 7 -9 18 27 26 13 28 -15 -16 -17 22 20 24 -21 -22 -23 -24 -25 -26 -27 -28 -29 -30
leaf_value=-0.0039891113157976754 0.0026711539921318098 -0.0075271769741177552 0.0055478531364351515 -0.0051314009041167228 0.0044930052540519015 0.0049664376651918562 -0.00039246376534639592 0.0040039298494656877 0.0029735419204754924 -0.0027441182039678095 0.012943909202303205 0.00010772692356840706 0.0003550878956110947 -0.0045300237014889713 -0.0056609557546675208 -0.00081917818582635435 -0.0013013968194915963 0.00020616333705668406 0.001171573670262709 0.00085954909404739729 -0.0016622403586577428 0.002606094406201289 -0.0025439898276806024 0.0019829544958013751 -0.00011003677621882065 0.0018323615235074056 0.0091244908824563015 -0.0046048404292927851 0.0011780019350673841
leaf_weight=21 211 49 27 25 21 73 324 44 32 29 20 23 21 23 29 410 111 40 36 49 113 38 218 25 37 22 39 26 22
leaf_count=21 211 49 27 25 21 73 324 44 32 29 20 23 21 23 29 410 111 40 36 49 113 38 218 25 37 22 39 26 22
internal_value=0 0.00174589 0.00228089 -0.00129112 -0.000538245 0.00150824 0.00105706 0.000134488 -0.000844262 -0.00131437 0.00917404 -0.00207796 0.00331006 -0.00107673 -0.00264358 -0.000989451 -0.00237269 -0.000639764 0.00129522 0.00234583 -0.00115612 0.00421566 -0.00213906 0.00326389 0.000488741 0.0010376 0.0106634 -0.00374383 0.0008615
internal_weight=2158 917 868 1241 637 782 628 368 591 486 86 604 154 221 383 431 354 198 105 260 153 111 329 46 73 45 59 55 43
internal_count=2158 917 868 1241 637 782 628 368 591 486 86 604 154 221 383 431 354 198 105 260 153 111 329 46 73 45 59 55 43
is_linear=0
shrinkage=0.03


Tree=4
num_leaves=25
num_cat=0
split_feature=23 22 22 11 15 21 23 11 21 19 21 22 22 22 21 23 26 10 20 14 11 20 21 18
split_gain=5.09877 4.76987 4.80365 0.966431 0.863046 0.823027 0.649687 0.574291 0.601634 0.459638 0.389394 0.353469 0.388617 0.324149 0.291215 0.21664 0.212937 0.141013 0.119644 0.119149 0.0475489 0.0417279 0.0265567 0.0214701
threshold=268.11500000000007 286.08700000000005 277.73450000000008 1.0764887096058686 0.010039632970223153 14.320000170000002 267.52500000000003 1.0790295074266372 36.635000225000006 99.625000000000014 27.325000765000002 252.37150000000003 240.86050000000003 237.69500000000002 16.345000265000007 189.07500000000002 97.500000000000014 1.000121348403388 1.5750000000000004 0.019453371053432804 0.99403294950496746 2.8650000000000007 16.175000195000006 0.91464685684289726
decision_type=2 2 2 2 2 2 2 2 2 2 2 2 2 2 2 2 2 2 2 2 2 2 2 2
left_child=3 2 4 5 -2 6 9 8 -6 15 23 12 13 -7 -13 -1 -16 -11 -9 -5 -8 -21 -14 -4
right_child=1 -3 10 19 7 11 20 18 -10 17 -12 14 22 -15 16 -17 -18 -19 -20 21 -22 -23 -24 -25
leaf_value=-0.0038748778423125089 -0.0028655776543399462 -0.0073058778168261056 0.0079531740705881798 -0.0020348920905703884 0.0022617019959633227 -0.00083796833494689164 0.0018264226843602955 0.00075098367898653333 -0.0012354875466466799 0.0025053853556573228 0.0045960421962996144 0.00037163112093029278 5.8522207979959514e-05 -0.0028505419860867893 -0.0040658970031593189 -0.00076906286838615686 -0.0016031382115652376 0.00020671089864826125 -0.0013856620164297054 -0.0053825883676226326 0.0042604576069861649 -0.0029936618191952051 0.0012745315049012952 0.011250002230703831
leaf_weight=21 38 49 27 26 605 168 23 38 46 46 20 20 43 135 113 410 53 56 55 51 23 21 32 39
leaf_count=21 38 49 27 26 605 168 23 38 46 46 20 20 43 135 113 410 53 56 55 51 23 21 32 39
internal_value=0 0.00169539 0.0022148 -0.00125309 0.00146419 -0.00100231 -0.000201227 0.00169291 0.00200847 -0.000503364 0.00891041 -0.00181758 -0.00127086 -0.00175096 -0.00289988 -0.000935954 -0.00331187 0.00128675 -0.000482008 -0.00410805 0.00317202 -0.00477747 0.00062677 0.0100849
internal_weight=2158 917 868 1241 782 1143 579 744 651 533 86 564 378 303 186 431 166 102 93 98 46 72 75 66
internal_count=2158 917 868 1241 782 1143 579 744 651 533 86 564 378 303 186 431 166 102 93 98 46 72 75 66
is_linear=0
shrinkage=0.03


Tree=5
num_leaves=24
num_cat=0
split_feature=23 22 22 11 15 22 22 22 11 19 23 23 18 11 16 23 20 15 19 14 11 20 14
split_gain=4.80034 4.49337 4.53264 0.912144 0.813088 0.772301 1.12338 0.737453 0.542278 0.567089 0.365264 0.475542 0.363924 0.297782 0.275627 0.267042 0.139252 0.13485 0.154727 0.111529 0.0427395 0.0381994 0.0300551
threshold=268.11500000000007 286.08700000000005 277.73450000000008 1.0764887096058686 0.010039632970223153 252.37150000000003 240.86050000000003 237.69500000000002 1.072069874663059 99.165000915000022 267.52500000000003 252.20000000000002 0.76156797395705189 0.98687861687918343 32.346732856889098 189.07500000000002 1.5750000000000004 0.010810827688527851 106.06999970000003 0.019453371053432804 0.99403294950496746 2.8650000000000007 0.01518346880580315
decision_type=2 2 2 2 2 2 2 2 2 2 2 2 2 2 2 2 2 2 2 2 2 2 2
left_child=3 2 4 5 -2 6 7 15 9 -6 11 -8 -4 -9 -7 -1 -10 -16 -19 -5 -12 -21 -14
right_child=1 -3 12 19 8 14 10 13 16 -11 20 -13 22 -15 17 -17 -18 18 -20 21 -22 -23 -24
leaf_value=-0.0037639153582805932 -0.002781814678213917 -0.0070910850101709366 0.0052004506263682356 -0.0019761062984923932 0.0022285672507108309 0.00017770364100113509 0.0017220091402159598 -0.0017742821543814426 0.00088349160797555329 -0.001013533453574592 0.0017374774893237784 -0.00054181726121144602 0.012266784088952201 -0.0040530895270845472 -0.0012564157781191168 -0.00031258265980909755 -0.0013196937373606487 -0.004117079228466082 -0.001361841656331872 -0.0052242160339194994 0.0041379695683717724 -0.0029079341773282394 0.008590714267641306
leaf_weight=21 38 49 27 26 591 24 127 125 43 51 21 237 20 101 34 296 59 106 28 51 23 21 39
leaf_count=21 38 49 27 26 591 24 127 125 43 51 21 237 20 101 34 296 59 106 28 51 23 21 39
internal_value=0 0.00164499 0.0021492 -0.00121591 0.00141994 -0.000972177 -0.000616195 -0.00151033 0.00164201 0.00196518 0.000567238 0.000242369 0.00865338 -0.00281927 -0.00270753 -0.000561771 -0.000362214 -0.00313607 -0.00357793 -0.00398978 0.00312302 -0.00463882 0.0100705
internal_weight=2158 917 868 1241 782 1143 951 543 744 642 408 364 86 226 192 317 102 168 134 98 44 72 59
internal_count=2158 917 868 1241 782 1143 951 543 744 642 408 364 86 226 192 317 102 168 134 98 44 72 59
is_linear=0
shrinkage=0.03


Tree=6
num_leaves=29
num_cat=0
split_feature=23 22 22 13 22 22 23 23 22 22 23 23 18 23 27 13 23 22 19 19 14 14 17 19 14 14 14 22
split_gain=4.5214 4.23302 4.27822 0.692427 0.657583 1.10272 0.626708 0.726757 0.766291 0.619668 0.362553 0.478543 0.346795 0.330982 0.298528 0.157629 0.151294 0.227208 0.167946 0.147225 0.112113 0.104563 0.0798367 0.0401198 0.0271536 0.0171762 0.012992 0.00379164
threshold=268.11500000000007 286.08700000000005 277.73450000000008 1.0482722022122872 252.37150000000003 240.86050000000003 314.01500000000004 286.82500000000005 269.51850000000007 237.69500000000002 267.52500000000003 252.20000000000002 0.90598583386078513 319.91000000000003 405289.00000000006 1.01724744206692 267.18000000000001 253.04550000000003 97.534999850000005 95.564998625000015 0.020511532640940151 0.017766061823653954 0.007360425603451951 92.524997710000022 0.025682264448434602 0.013897514621049803 0.0093373545434088014 260.61500000000007
decision_type=2 2 2 2 2 2 2 2 2 2 2 2 2 2 2 2 2 2 2 2 2 2 2 2 2 2 2 2
left_child=3 2 6 4 5 9 7 20 -9 14 11 -7 15 21 -1 -4 18 26 25 -11 -2 -8 -19 -12 -5 -6 -18 -15
right_child=1 -3 12 24 16 10 13 8 -10 19 23 -13 -14 27 -16 -17 17 22 -20 -21 -22 -23 -24 -25 -26 -27 -28 -29
leaf_value=-0.0017059594647871564 0.0024647485299023821 -0.0068826071181893348 0.0080175001834120064 -0.0032739022500513091 -0.0012204955095949117 0.0016512953905746914 0.0046885332808502623 -0.00042080630120749658 0.0037547666843980548 -0.0037872081299550656 0.0041238416108218103 -0.00059473132508369774 0.010391634510911029 0.0010839650253765285 0.00011187163530784603 0.0035835176354104816 -0.0022294190227985376 0.00012346750020515173 -0.0050912405328825119 -0.0020853520166160991 0.00075401348845101877 0.0024052525007954009 -0.0020409868051382628 0.0017858935561962425 -0.0052470906607129351 -0.0028964362279935312 -0.00417214836359024 0.0002317099592971565
leaf_weight=143 211 49 20 58 23 129 73 324 44 85 21 246 45 22 180 21 20 43 39 144 49 38 21 23 21 21 24 21
leaf_count=143 211 49 20 58 23 129 73 324 44 85 21 246 45 22 180 21 20 43 39 144 49 38 21 23 21 21 24 21
internal_value=0 0.00159619 0.00208566 -0.00118034 -0.000990011 -0.000667829 0.00137703 0.000946629 7.91394e-05 -0.0015488 0.000486561 0.00017226 0.00840483 0.00309539 -0.000686449 0.00595726 -0.00260028 -0.00177606 -0.00360313 -0.00274381 0.00215796 0.00396211 -0.000561064 0.00303524 -0.00389495 -0.00213363 -0.00342492 0.000750655
internal_weight=2158 917 868 1241 1162 971 782 628 368 552 419 375 86 154 323 41 191 108 83 229 260 111 64 44 79 44 44 43
internal_count=2158 917 868 1241 1162 971 782 628 368 552 419 375 86 154 323 41 191 108 83 229 260 111 64 44 79 44 44 43
is_linear=0
shrinkage=0.03


Tree=7
num_leaves=31
num_cat=0
split_feature=23 15 19 19 27 26 15 21 20 23 21 16 19 15 15 19 18 27 19 19 16 26 26 23 10 21 23 23 19 13
split_gain=4.26286 2.97459 1.77687 1.38746 1.29072 0.716827 0.664889 0.596597 0.580344 0.516214 0.475322 0.414962 0.387908 0.351701 0.354012 0.277114 0.308665 0.231915 0.228391 0.200224 0.191748 0.188896 0.180105 0.167083 0.133877 0.121461 0.110261 0.0469486 0.0443893 0.0392809
threshold=268.11500000000007 0.026333439937092754 96.715000150000023 93.854999540000009 417784.50000000006 95.500000000000014 0.024945833749296802 13.519999980000001 1.9550000000000003 267.52500000000003 16.244999885000002 40.46245759759001 99.625000000000014 0.018773586548141503 0.010039632970223153 92.014999390000014 0.52347936402761763 460004.50000000006 93.555000305000007 99.005001070000006 57.922801188512743 96.500000000000014 57.500000000000007 319.91000000000003 1.000121348403388 15.474999905000002 314.01500000000004 260.39000000000004 92.755001070000006 0.96853456491296896
decision_type=2 2 2 2 2 2 2 2 2 2 2 2 2 2 2 2 2 2 2 2 2 2 2 2 2 2 2 2 2 2
left_child=6 2 3 15 10 13 7 9 -7 12 -5 25 20 14 -4 16 -2 22 -19 -15 -1 27 -13 -17 -14 -9 -6 -8 -11 -27
right_child=1 -3 5 4 26 8 21 11 -10 28 -12 17 24 19 -16 23 -18 18 -20 -21 -22 -23 -24 -25 -26 29 -28 -29 -30 -31
leaf_value=-0.00053046424568333589 -0.00070693900240213867 -0.0067708772646288412 -0.0027410754767867424 0.0029737426744692996 0.00028207581168019469 0.0044801900958021477 -0.0028639668350277296 0.001090368056546568 -0.00048088990825207844 0.0040958076843193598 0.0083664906948176486 -0.0044599725900528325 0.00246099786227569 -0.00029938161985150404 0.00052951895279490361 0.0031561666726666084 0.0019156499477606264 0.0015900055488261083 -0.0014535480689326602 -0.0043402960370144536 -0.0022143765735457206 -0.0017429462894132093 -0.0020953138214722415 0.00072548896780548001 0.00016758073389677234 -0.0011189567477505823 0.0030426126964963399 -0.0053960361572412347 0.0016787114921025931 0.00028354654135182494
leaf_weight=284 57 36 35 22 32 53 21 50 33 20 82 35 42 20 171 162 124 26 110 30 80 41 330 35 56 65 25 38 23 20
leaf_count=284 57 36 35 22 32 53 21 50 33 20 82 35 42 20 171 162 124 26 110 30 80 41 330 35 56 65 25 38 23 20
internal_value=0 0.00154998 0.00190068 0.0029727 0.00531007 0.000198666 -0.001146 -0.000934921 0.00255839 -0.000157847 0.00729347 -0.00154601 -0.000458254 -0.000589252 -2.22293e-05 0.00195785 0.00107392 -0.00194327 -0.000842436 -0.00282032 -0.000913827 -0.00349165 -0.00234182 0.00274532 0.00119571 -4.62345e-05 0.00157615 -0.00460754 0.00293866 -0.000754612
internal_weight=2158 917 881 539 161 342 1241 1141 86 505 104 636 462 256 206 378 181 501 136 50 364 100 365 197 98 135 57 59 43 85
internal_count=2158 917 881 539 161 342 1241 1141 86 505 104 636 462 256 206 378 181 501 136 50 364 100 365 197 98 135 57 59 43 85
is_linear=0
shrinkage=0.03


Tree=8
num_leaves=24
num_cat=0
split_feature=23 22 22 15 13 21 23 23 23 19 21 23 27 26 23 21 23 19 17 22 19 10 18
split_gain=4.01354 3.78157 3.83837 0.708664 0.630318 0.699433 0.524397 0.436837 0.439692 0.382029 0.332752 0.30179 0.250328 0.279165 0.268593 0.232747 0.193759 0.168716 0.122477 0.0419955 0.035748 0.0260823 0.0142032
threshold=268.11500000000007 286.08700000000005 277.73450000000008 0.010039632970223153 1.0482722022122872 14.320000170000002 267.52500000000003 314.01500000000004 286.82500000000005 99.625000000000014 27.325000765000002 319.91000000000003 386887.00000000006 95.500000000000014 268.06000000000006 23.894999505000005 189.07500000000002 90.975002290000006 -0.0019745902995981996 237.88900000000004 92.524997710000022 1.0690740220089314 0.91464685684289726
decision_type=2 2 2 2 2 2 2 2 2 2 2 2 2 2 2 2 2 2 2 2 2 2 2
left_child=4 2 3 -2 5 6 9 8 -5 16 22 -9 13 15 17 -7 -1 -14 -11 -15 -8 -6 -4
right_child=1 -3 10 7 21 12 20 11 -10 18 -12 -13 14 19 -16 -17 -18 -19 -20 -21 -22 -23 -24
leaf_value=-0.0036367069933224807 -0.0026257031486871148 -0.0065091596008837226 0.0071038734210389001 0.0020491626110018956 -0.0024469385465906396 -0.0024514043582756699 0.0038952948884530499 0.0037622255143277081 0.00038459792845760033 0.0026836207327591674 0.003977013632921236 0.00069287524711795731 0.00099964579852918761 -0.00036653326213958542 -0.0040012035816907885 -0.005453928357170474 -0.00069987170275488957 -0.0010183584220394551 0.00040206793497533027 -0.0015794991854105747 0.0017171776992483778 -0.0042390405662217226 0.01008625014424324
leaf_weight=21 38 49 27 258 27 166 21 111 332 32 20 43 44 55 23 30 415 191 72 67 25 52 39
leaf_count=21 38 49 27 258 27 166 21 111 332 32 20 43 44 55 23 30 415 191 72 67 25 52 39
internal_value=0 0.001504 0.00196678 0.00129535 -0.00111195 -0.000930231 -0.000194039 0.0015029 0.0011198 -0.000462558 0.00795259 0.00293455 -0.00167237 -0.0022426 -0.000952006 -0.00295155 -0.000856188 -0.000625173 0.00115153 -0.00106449 0.00283709 -0.00370229 0.0090352
internal_weight=2158 917 868 782 1241 1162 586 744 590 540 86 154 576 318 258 196 436 235 104 122 46 79 66
internal_count=2158 917 868 782 1241 1162 586 744 590 540 86 154 576 318 258 196 436 235 104 122 46 79 66
is_linear=0
shrinkage=0.03


Tree=9
num_leaves=31
num_cat=0
split_feature=23 15 19 19 27 23 15 21 23 20 16 19 19 23 19 18 10 27 19 23 16 27 23 17 21 23 17 19 27 21
split_gain=3.78138 2.65873 1.59908 1.22576 1.16693 0.60646 0.605496 0.535898 0.458802 0.425844 0.383712 0.343453 0.326586 0.464915 0.255102 0.291581 0.253101 0.211256 0.205569 0.181686 0.173544 0.171227 0.15098 0.127034 0.112273 0.0996011 0.0405062 0.0389632 0.0272033 0.0149768
threshold=268.11500000000007 0.026333439937092754 96.715000150000023 93.854999540000009 417784.50000000006 314.01500000000004 0.024945833749296802 13.519999980000001 267.52500000000003 1.9150000000000003 40.46245759759001 99.625000000000014 99.450000760000009 286.82500000000005 92.014999390000014 0.52347936402761763 1.0022474504358974 460004.50000000006 93.555000305000007 189.07500000000002 39.406842646117916 439790.00000000006 319.91000000000003 -0.0019745902995981996 15.474999905000002 314.01500000000004 -0.0067718649769206987 92.755001070000006 461551.50000000006 23.894999505000005
decision_type=2 2 2 2 2 2 2 2 2 2 2 2 2 2 2 2 2 2 2 2 2 2 2 2 2 2 2 2 2 2
left_child=6 2 3 14 9 12 7 8 11 -5 24 19 13 -4 15 -2 -14 21 -19 -1 -8 -12 -16 -13 28 -6 -26 -10 -9 -22
right_child=1 -3 5 4 25 -7 20 10 27 -11 17 23 16 -15 22 -17 -18 18 -20 -21 29 -23 -24 -25 26 -27 -28 -29 -30 -31
leaf_value=-0.0035325648689811875 -0.00072498950730971105 -0.0064058376918672711 0.0018554541333512004 0.0080315083589263345 0.0002221406467407095 0.0049991765198382464 -0.0011600083445431663 8.666630021550438e-05 0.0038706019861357546 0.0031924913956576746 -0.0020362607182034869 0.0028196589031556805 0 -0.00070832402077479332 0.0030002925271179776 0.0018238608784242533 -0.0040364146475349713 0.001518253263370651 -0.0013676651675392547 -0.00067094430158173314 -0.0034263883494600957 -0.0049860506818762843 0.0006841200278528655 0.00038323088324998512 -0.0014909662241249211 0.0028463192960390678 -9.1575277651337756e-05 0.0015810797032900152 0.0016694039429188704 -0.005267571836709976
leaf_weight=21 57 36 104 78 32 21 29 21 20 26 345 28 28 159 162 124 30 26 110 343 48 20 35 70 34 25 51 23 29 23
leaf_count=21 57 36 104 78 32 21 29 21 20 26 345 28 28 159 162 124 30 26 110 343 48 20 35 70 34 25 51 23 29 23
internal_value=0 0.00145989 0.00179161 0.00280858 0.0050063 0.000176583 -0.00107927 -0.000877707 -0.000140935 0.00689225 -0.00145687 -0.000424496 -0.000144142 0.000297314 0.00185385 0.00100513 -0.00216787 -0.00183879 -0.000786993 -0.000853483 -0.00331797 -0.00221927 0.00260947 0.00113111 -1.43894e-05 0.00145405 -0.000697043 0.00277792 0.00107821 -0.00412937
internal_weight=2158 917 881 539 161 342 1241 1141 505 104 636 462 321 263 378 181 58 501 136 364 100 365 197 98 135 57 85 43 50 71
internal_count=2158 917 881 539 161 342 1241 1141 505 104 636 462 321 263 378 181 58 501 136 364 100 365 197 98 135 57 85 43 50 71
is_linear=0
shrinkage=0.03


Tree=10
num_leaves=28
num_cat=0
split_feature=23 22 22 11 15 21 22 22 11 19 26 15 22 18 23 23 11 26 22 21 15 20 10 15 25 19 11
split_gain=3.56143 3.37903 3.45564 0.751461 0.652678 0.617783 0.699703 0.630682 0.485971 0.348991 0.33168 0.330869 0.301892 0.299915 0.252221 0.371477 0.239286 0.175813 0.158112 0.15273 0.129654 0.0949189 0.0779696 0.0526172 0.0234609 0.01663 0.000458059
threshold=268.11500000000007 286.08700000000005 277.73450000000008 1.0764887096058686 0.010039632970223153 17.340000150000005 240.86050000000003 237.69500000000002 0.98687861687918343 95.975002290000006 96.500000000000014 0.013879059168344752 252.37150000000003 0.76156797395705189 251.04000000000002 267.52500000000003 0.96801727097686041 97.500000000000014 240.86050000000003 25.409999850000002 0.018503839133616005 2.3950000000000005 1.000121348403388 0.023559565859609003 -0.52032733749999982 107.04500195000001 1.0829419122481931
decision_type=2 2 2 2 2 2 2 2 2 2 2 2 2 2 2 2 2 2 2 2 2 2 2 2 2 2 2
left_child=3 2 4 5 -2 6 7 11 10 -10 -6 -1 18 -4 22 -16 -9 19 20 -14 -7 -5 -8 -23 -15 -19 -3
right_child=1 26 13 21 8 12 14 16 9 -11 -12 -13 17 24 15 -17 -18 25 -20 -21 -22 23 -24 -25 -26 -27 -28
leaf_value=-0.0023549198161438105 -0.0025449155175055445 -0.0045980695122006263 0.0044103951149487069 -0.0044281768305548305 0.0016241143225784042 -0.00094607518412044924 0.0026581806203158681 -0.0013010533529471742 0.0014106950199681656 -0.00027767924340195974 0.0039605383801770032 0.00040684323990567854 -0.0026063929517016124 0.0069235300528151644 -0.00045246918282115502 0.0020562804745121012 -0.0036103028616670408 -0.0017627663737272514 0.0012100935657945228 -0.0052304398848822247 -0.0035532390782609582 -0.00089506740302948114 0.00080337651925436418 -0.0033535667108226335 0.010064663068814712 -0.00039510549007432669 -0.0070239623548655674
leaf_weight=49 38 21 27 57 160 121 50 80 333 160 91 174 71 27 254 66 98 33 23 37 21 21 46 20 32 20 28
leaf_count=49 38 21 27 57 160 121 50 80 333 160 91 174 71 27 254 66 98 33 23 37 21 21 46 20 32 20 28
internal_value=0 0.00141688 0.00185449 -0.00104733 0.0012172 -0.000825905 -0.000379751 -0.00127451 0.00141653 0.000857218 0.00249544 -0.000194413 -0.00193027 0.0075343 0.00047654 6.04086e-05 -0.00260226 -0.00286203 -0.000991266 -0.00357263 -0.00137477 -0.00356516 0.00181779 -0.00221706 0.00881655 -0.0013191 -0.00615705
internal_weight=2158 917 868 1241 782 1143 817 401 744 493 251 223 326 86 416 320 178 161 165 108 142 98 96 41 59 53 49
internal_count=2158 917 868 1241 782 1143 817 401 744 493 251 223 326 86 416 320 178 161 165 108 142 98 96 41 59 53 49
is_linear=0
shrinkage=0.03


Tree=11
num_leaves=26
num_cat=0
split_feature=23 22 22 11 15 21 22 22 11 23 15 21 22 23 23 11 19 22 26 15 10 21 15 20 11
split_gain=3.35554 3.18775 3.26095 0.708849 0.615086 0.582954 0.659442 0.593915 0.462864 0.427692 0.311697 0.288686 0.284621 0.239283 0.378421 0.224765 0.165925 0.149318 0.148933 0.122199 0.0947476 0.0912477 0.0895632 0.0879868 0.0198014
threshold=268.11500000000007 286.08700000000005 277.73450000000008 1.0764887096058686 0.010039632970223153 17.340000150000005 240.86050000000003 237.69500000000002 0.95071940794535725 314.01500000000004 0.013879059168344752 27.325000765000002 252.37150000000003 252.20000000000002 267.52500000000003 0.96801727097686041 106.06999970000003 240.86050000000003 96.500000000000014 0.018503839133616005 1.000121348403388 28.759999275000002 0.017755645523550401 2.9250000000000003 0.98459072003351011
decision_type=2 2 2 2 2 2 2 2 2 2 2 2 2 2 2 2 2 2 2 2 2 2 2 2 2
left_child=3 2 4 5 -2 6 7 10 18 -10 -1 24 17 20 -15 -9 21 19 -6 -7 -8 -14 -5 -24 -4
right_child=1 -3 11 22 8 12 13 15 9 -11 -12 -13 16 14 -16 -17 -18 -19 -20 -21 -22 -23 23 -25 -26
leaf_value=-0.0022856851755268868 -0.0024705256303915609 -0.0059811105701699854 0.010269723057746887 -0.0013366501486993261 0.0020906402351567525 -0.0009179255587039763 0.0024620331495418214 -0.0012625036142352554 0.00063762708677890328 0.002516571754386535 0.00039470768145751206 0.0036075308035526956 -0.002776102182819591 -0.00056272073713335604 0.0019955128244430161 -0.0035030878029312148 -0.00084016244694577974 0.0011753033751738258 0.0045970786753232072 -0.0034514872072772544 0.00066150160764227612 -0.0051090903282165531 -0.0046066120878375813 -0.00188860317683694 0.0072174233080858881
leaf_weight=49 38 49 20 20 59 121 59 80 498 142 174 20 100 232 66 98 36 23 45 21 59 25 57 21 46
leaf_count=49 38 49 20 20 59 121 59 80 498 142 174 20 100 232 66 98 36 23 45 21 59 25 57 21 46
internal_value=0 0.00137493 0.00180005 -0.00101699 0.00118084 -0.000801838 -0.000368315 -0.00123701 0.00137443 0.00106247 -0.000188439 0.00731772 -0.00187468 0.000462824 0 -0.00252552 -0.00277968 -0.000962123 0.00323718 -0.0013351 0.0016001 -0.00330335 -0.00346265 -0.00394598 0.00832661
internal_weight=2158 917 868 1241 782 1143 817 401 744 640 223 86 326 416 298 178 161 165 104 142 118 125 98 78 66
internal_count=2158 917 868 1241 782 1143 817 401 744 640 223 86 326 416 298 178 161 165 104 142 118 125 98 78 66
is_linear=0
shrinkage=0.03


Tree=12
num_leaves=25
num_cat=0
split_feature=23 22 22 11 15 22 22 22 11 19 15 18 23 23 23 11 16 13 27 20 20 23 15 11
split_gain=3.16291 3.00366 3.07702 0.669751 0.579783 0.509857 0.776307 0.582031 0.447116 0.428341 0.294866 0.277641 0.231044 0.283838 0.229873 0.221953 0.202289 0.136907 0.119472 0.100035 0.0806829 0.0709507 0.0377811 0.00244335
threshold=268.11500000000007 286.08700000000005 277.73450000000008 1.0650275236453239 0.010039632970223153 252.37150000000003 240.86050000000003 237.69500000000002 1.0742858716224253 99.165000915000022 0.017157349618697752 0.90598583386078513 267.77500000000003 252.20000000000002 189.07500000000002 0.98687861687918343 32.346732856889098 1.01724744206692 239377.00000000003 1.5750000000000004 2.9350000000000005 266.43500000000006 0.017814348221949404 1.0829419122481931
decision_type=2 2 2 2 2 2 2 2 2 2 2 2 2 2 2 2 2 2 2 2 2 2 2 2
left_child=3 2 4 5 -2 6 7 14 9 -6 -5 17 13 -8 -1 -9 -7 -4 -18 -10 -12 -20 -13 -3
right_child=1 23 11 10 8 16 12 15 19 -11 20 22 -14 -15 -16 -17 18 -19 21 -21 -22 -23 -24 -25
leaf_value=-0.0032985149445858867 -0.0023983101837623576 -0.0042951203589750965 0.0068140921763011385 -0.0005013128219837589 0.0018470735573016771 0.00028996593413874508 0.001540209649574189 -0.0014606797876102584 0.00055258802490846767 -0.00096556741978005996 -0.0043739191025838654 0.010370578383207322 0.0036442478128841942 -0.00020453545383643357 -0.00010160749674228257 -0.0034498109960872116 -0.00076640909165828764 0.0027709201654757963 -0.0011503947792589316 -0.0013509145581067123 -0.0018304660237097941 -0.0032875359742732886 0.0066379178979180074 -0.0066472637334774286
leaf_weight=21 38 21 20 34 596 24 125 125 40 51 75 24 20 244 289 98 33 21 23 57 21 109 21 28
leaf_count=21 38 21 20 34 596 24 125 125 40 51 75 24 20 244 289 98 33 21 23 57 21 109 21 28
internal_value=0 0.00133481 0.00174755 -0.000987445 0.00114593 -0.000743861 -0.00044759 -0.00119215 0.00133395 0.00161959 -0.00302469 0.00710753 0.000565345 0.00038096 -0.000337728 -0.00235972 -0.00216341 0.00492991 -0.00253793 -0.000537724 -0.00387307 -0.00294916 0.00887606 -0.00580527
internal_weight=2158 917 868 1241 782 1111 922 533 744 647 130 86 389 369 310 223 189 41 165 97 96 132 45 49
internal_count=2158 917 868 1241 782 1111 922 533 744 647 130 86 389 369 310 223 189 41 165 97 96 132 45 49
is_linear=0
shrinkage=0.03


Tree=13
num_leaves=31
num_cat=0
split_feature=20 15 26 26 19 15 16 17 19 19 20 21 26 21 19 19 26 21 16 13 18 16 19 18 26 17 17 21 15 26
split_gain=2.48851 1.39233 0.995922 1.06482 0.660213 0.562707 0.461653 0.375045 0.427037 0.372048 0.385253 0.318377 0.292941 0.265422 0.253817 0.430245 0.25101 0.231548 0.20353 0.190921 0.17547 0.159565 0.152802 0.139845 0.122107 0.112456 0.0964525 0.0877419 0.0754313 0.0731079
threshold=1.7850000000000004 0.024945833749296802 95.500000000000014 94.500000000000014 94.755001070000006 0.014732738875457452 49.572674851113881 -0.0015083034771972497 96.64500046000002 96.575000760000009 1.7050000000000003 22.925000190000002 96.500000000000014 12.095000265000001 80.950000765000013 90.975002290000006 96.500000000000014 15.210000040000002 36.767595355890585 1.0358030931015951 0.56283772689655243 58.30452355209939 93.420001985000013 0.46627588129915615 94.500000000000014 0.0039123572057882007 -0.0028733863641214994 18.510000230000006 0.017345341720588856 94.500000000000014
decision_type=2 2 2 2 2 2 2 2 2 2 2 2 2 2 2 2 2 2 2 2 2 2 2 2 2 2 2 2 2 2
left_child=2 6 3 5 16 7 14 -1 -9 11 -11 -6 27 19 -2 29 25 -17 -5 22 24 -22 -8 28 -15 26 -4 -3 -7 -16
right_child=1 12 4 18 9 23 13 8 -10 10 -12 -13 -14 20 15 17 -18 -19 -20 -21 21 -23 -24 -25 -26 -27 -28 -29 -30 -31
leaf_value=0.00022631824337359931 -0.0021866507189299321 -0.0029878941433360939 0.00089968275020792308 0 0.0081385122362305131 0.00016210827549054685 0.0025612710031170036 0.0067485033203112449 0.0017168867888244527 0.0041636831225908321 -0.00067708091491035043 0.0033029244347209377 -0.0013860591686730595 -0.0038993759119484044 0.0011709884464275091 0.0005411957087113618 0.0026224198191386007 -0.0007739579004564617 -0.0023837243473274856 -0.0015613462887704372 -0.00049034458320841579 -0.0017584419684772122 6.049762720439778e-05 0.00099097289401106538 -0.0016049480077401713 0.0024629685676523616 -0.0010994785018265246 -0.0052808627475236288 -0.0022823814004659651 0.0034132332447461967
leaf_weight=26 37 38 48 45 33 20 30 37 30 45 20 27 45 34 29 311 102 195 100 43 250 148 85 121 81 20 38 60 20 40
leaf_count=26 37 38 48 45 33 20 30 37 30 45 20 27 45 34 29 311 102 195 100 43 250 148 85 121 81 20 38 60 20 40
internal_value=0 -0.000730587 0.00141998 0.000398273 0.00263035 0.00157314 -0.000413651 0.00342316 0.00459804 0.00436113 0.00264107 0.0061015 -0.00353069 -0.00095724 0.000178037 0.00033894 0.00155998 2.79237e-05 -0.0016359 0.000100019 -0.00128827 -0.000972642 0.000755191 0.000471438 -0.00233693 0.000494646 0 -0.00446122 -0.00101282 0.00254389
internal_weight=2158 1426 732 399 333 254 1283 93 67 125 65 60 143 671 612 575 208 506 145 158 513 398 115 161 115 106 86 98 40 69
internal_count=2158 1426 732 399 333 254 1283 93 67 125 65 60 143 671 612 575 208 506 145 158 513 398 115 161 115 106 86 98 40 69
is_linear=0
shrinkage=0.03


Tree=14
num_leaves=30
num_cat=0
split_feature=23 22 22 11 11 19 21 22 22 15 26 11 22 22 21 23 23 11 15 19 22 19 15 20 21 20 10 11 11
split_gain=2.86641 2.70912 2.79876 0.603262 0.534189 0.580493 0.519897 0.56748 0.537048 0.285816 0.277813 0.273531 0.257998 0.241965 0.239738 0.206419 0.308221 0.200976 0.1666 0.15238 0.138072 0.118128 0.112464 0.0832562 0.082538 0.0819766 0.0675006 0.0210864 0.00209075
threshold=268.11500000000007 286.08700000000005 277.73450000000008 1.0729658730864693 0.97437308456673766 95.975002290000006 17.340000150000005 240.86050000000003 237.69500000000002 0.013879059168344752 96.500000000000014 1.0857344605261365 258.87850000000009 252.37150000000003 27.325000765000002 251.04000000000002 267.52500000000003 0.9874145858928568 0.017157349618697752 106.06999970000003 240.86050000000003 94.86500168000002 0.018503839133616005 2.9250000000000003 28.759999275000002 1.4350000000000003 1.000121348403388 0.98459072003351011 1.0829419122481931
decision_type=2 2 2 2 2 2 2 2 2 2 2 2 2 2 2 2 2 2 2 2 2 2 2 2 2 2 2 2 2
left_child=3 2 4 6 10 11 7 8 9 -1 21 -6 -7 20 27 26 -17 -10 -5 24 22 -2 -8 -20 -15 -12 -9 -4 -3
right_child=1 28 14 18 5 12 13 15 17 -11 25 -13 -14 19 -16 16 -18 -19 23 -21 -22 -23 -24 -25 -26 -27 -28 -29 -30
leaf_value=-0.0021328087367210534 0.0028479432286228983 -0.0040578343354334889 0.0095525322130748207 -0.00044730484548823112 0.0017215376249364676 -9.0901104565961537e-05 -0.00085229210751312475 0.0024512352164430709 -0.0013784538445807994 0.00043851010511579484 0.0051492749642242088 -0.00053111408251736844 -0.0027974150083385978 -0.0025806321023368636 0.0033591398564832551 -0.00039737470468181912 0.0018900451918007503 -0.0035016917782835664 -0.0042923813752422579 -0.00072460957973207525 0.0012041107460593239 0.00077661587295479811 -0.0032836341327902945 -0.0017399137443053008 -0.0048016466418137919 0.0027693838495761159 0.00070954454086882899 0.0066441309112817678 -0.0063174760228600999
leaf_weight=49 39 21 20 20 302 184 121 50 99 172 32 55 38 100 20 251 66 79 63 36 22 85 21 22 25 47 45 46 28
leaf_count=49 39 21 20 20 302 184 121 50 99 172 32 55 38 100 20 251 66 79 63 36 22 85 21 22 25 47 45 46 28
internal_value=0 0.00127067 0.00166277 -0.000940063 0.0010888 0.000615461 -0.000733891 -0.000322183 -0.0011294 -0.000125127 0.00241453 0.0013656 -0.000578098 -0.00174792 0.00677493 0.00045314 7.38824e-05 -0.00235185 -0.00311438 -0.00258208 -0.000900152 0.00146965 -0.00125328 -0.00369454 -0.00308323 0.00382321 0.00167346 0.00769966 -0.00550958
internal_weight=2158 917 868 1241 782 579 1136 811 399 221 203 357 222 325 86 412 317 178 105 161 164 124 142 85 125 79 95 66 49
internal_count=2158 917 868 1241 782 579 1136 811 399 221 203 357 222 325 86 412 317 178 105 161 164 124 142 85 125 79 95 66 49
is_linear=0
shrinkage=0.03


Tree=15
num_leaves=29
num_cat=0
split_feature=23 22 22 11 11 19 21 20 22 11 15 18 22 11 19 22 18 19 19 23 20 15 25 23 20 21 14 11
split_gain=2.70134 2.55617 2.64101 0.57084 0.504498 0.546672 0.475284 0.525869 0.350632 0.257735 0.256208 0.252422 0.243037 0.228188 0.31847 0.198898 0.172305 0.154969 0.130812 0.121067 0.189887 0.119636 0.101311 0.0787548 0.0713517 0.0600954 0.0437076 0.000845978
threshold=268.11500000000007 286.08700000000005 277.73450000000008 1.0650275236453239 0.97437308456673766 95.975002290000006 17.340000150000005 2.3050000000000002 237.38300000000004 1.0857344605261365 0.017157349618697752 0.76156797395705189 258.87850000000009 0.95766985675424976 95.255001070000006 252.37150000000003 0.82880045814241898 92.524997710000022 106.06999970000003 290.59000000000009 1.4650000000000001 0.018727089944490304 1.0000000180025095e-35 238.23000000000005 2.9350000000000005 23.119999885000002 0.01518346880580315 1.0829419122481931
decision_type=2 2 2 2 2 2 2 2 2 2 2 2 2 2 2 2 2 2 2 2 2 2 2 2 2 2 2 2
left_child=3 2 4 6 19 9 7 13 -9 -6 -5 -4 -7 16 -15 21 -1 -10 25 20 -2 23 -21 -8 -12 -17 -13 -3
right_child=1 27 11 10 5 12 15 8 17 -11 24 26 -14 14 -16 18 -18 -19 -20 22 -22 -23 -24 -25 -26 -27 -28 -29
leaf_value=0.00060753432935071398 -0.00095115937073049809 -0.003941632748699124 0.0037289168778141691 -0.00043684282236666018 0.0016700619371342216 -8.8188811818631745e-05 -0.0009774734397202103 -0.0026248724829405542 0.0017643151592334962 -0.00051546520880739477 -0.0040562071240458049 0.0096960776107651858 -0.0027156443790747565 -0.0031137567433802043 -0.00080697908886078818 -0.002082602933540329 -0.0015240220429662329 0.00034939254960205128 -0.00070345881687338785 0.001704845337703591 0.0021773340108479002 -0.0029217869198435672 0.0039121333831655131 0.00056274472894147034 -0.0016578728029589083 -0.0036867673653643578 0.0064619015224277971 -0.0061344872456172419
leaf_weight=97 20 21 27 34 302 184 100 29 97 55 75 20 38 85 161 63 51 272 36 39 82 22 62 39 21 59 39 28
leaf_count=97 20 21 27 34 302 184 100 29 97 55 75 20 38 85 161 63 51 272 36 39 82 22 62 39 21 59 39 28
internal_value=0 0.00123336 0.00161432 -0.000912766 0.00105663 0.000596444 -0.000687608 -0.000288378 0.00047504 0.00132448 -0.00279416 0.0065805 -0.000561547 -0.00106639 -0.00162556 -0.00166543 -0.000112153 0.000733208 -0.00243095 0.00234511 0.0015315 -0.000885285 0.0031143 -0.000522964 -0.003585 -0.00290644 0.00775156 -0.00535232
internal_weight=2158 917 868 1241 782 579 1111 792 398 357 130 86 222 394 246 319 148 369 158 203 102 161 101 139 96 122 59 49
internal_count=2158 917 868 1241 782 579 1111 792 398 357 130 86 222 394 246 319 148 369 158 203 102 161 101 139 96 122 59 49
is_linear=0
shrinkage=0.03


Tree=16
num_leaves=31
num_cat=0
split_feature=23 22 22 11 11 19 21 22 22 15 11 15 18 22 23 23 22 11 13 19 11 23 15 23 20 18 21 15 23 16
split_gain=2.54539 2.41168 2.49286 0.538009 0.475615 0.514827 0.448113 0.503991 0.493861 0.266425 0.242858 0.240903 0.238467 0.22894 0.193533 0.26728 0.187269 0.175886 0.130248 0.1228 0.120622 0.118993 0.112839 0.07427 0.0663559 0.0650521 0.0560547 0.032456 0.0207771 0.000430528
threshold=268.11500000000007 286.08700000000005 277.73450000000008 1.0650275236453239 0.97437308456673766 95.975002290000006 17.340000150000005 240.86050000000003 237.69500000000002 0.013879059168344752 1.0857344605261365 0.017157349618697752 0.90598583386078513 258.87850000000009 251.04000000000002 267.52500000000003 252.37150000000003 0.96801727097686041 1.01724744206692 106.06999970000003 0.9389272555154895 290.59000000000009 0.018727089944490304 238.23000000000005 2.9350000000000005 0.58177143783006924 23.119999885000002 0.017814348221949404 290.59000000000009 52.512545522605052
decision_type=2 2 2 2 2 2 2 2 2 2 2 2 2 2 2 2 2 2 2 2 2 2 2 2 2 2 2 2 2 2
left_child=3 2 4 6 20 10 7 8 9 -1 -6 -5 18 -7 25 -16 22 -10 -4 26 28 -22 23 -8 -13 -9 -18 -14 -2 -3
right_child=1 29 12 11 5 13 16 14 17 -11 -12 24 27 -15 15 -17 19 -19 -20 -21 21 -23 -24 -25 -26 -27 -28 -29 -30 -31
leaf_value=-0.0020274518559810382 0.0026167524149099926 -0.0037718896981594812 0.0061874619147607264 -0.00042411197679217109 0.001620125427459756 -8.5557446953621487e-05 -0.00094843957154962743 0.003224268165283969 -0.0011021670226473361 0.00048266171331199834 -0.00050027736412552512 -0.0039361220192360253 0.009408365743160247 -0.0026362639333193118 -0.00036142231563065217 0.0018019803549198861 -0.0020211010693019491 -0.0031012614636691574 0.0023120316758497871 -0.00068292542944058164 0.00061374553920869079 0.0024912668668042094 -0.0028379444080941459 0.00054628443969413642 -0.0016103973547843366 0.0011450257300073281 -0.0035780077211558818 0.0059588330496441241 0.0043676704070889031 -0.0059256721824407577
leaf_weight=48 42 20 20 34 302 184 100 20 80 168 55 75 24 38 242 64 63 96 21 36 60 76 22 39 21 74 59 21 25 29
leaf_count=48 42 20 20 34 302 184 100 20 80 168 55 75 24 38 242 64 63 96 21 36 60 76 22 39 21 74 59 21 25 29
internal_value=0 0.00119685 0.00156696 -0.000886404 0.00102501 0.000578 -0.000667713 -0.000279929 -0.00104548 -6.8089e-05 0.00128459 -0.00271311 0.00639201 -0.000545482 0.000463565 8.56779e-05 -0.00161723 -0.00222089 0.00437622 -0.00236037 0.0022762 0.00169537 -0.000859344 -0.000506722 -0.00348014 0.00164828 -0.00282139 0.00802834 0.00336882 -0.0051996
internal_weight=2158 917 868 1241 782 579 1111 792 392 216 357 130 86 222 400 306 319 176 41 158 203 136 161 139 96 94 122 45 67 49
internal_count=2158 917 868 1241 782 579 1111 792 392 216 357 130 86 222 400 306 319 176 41 158 203 136 161 139 96 94 122 45 67 49
is_linear=0
shrinkage=0.03


Tree=17
num_leaves=30
num_cat=0
split_feature=23 22 22 11 11 19 21 20 22 26 11 18 22 11 19 23 14 18 19 26 19 20 17 21 20 20 19 14 27
split_gain=2.39933 2.27577 2.35509 0.507194 0.44916 0.484843 0.422715 0.477466 0.317411 0.248444 0.228847 0.228823 0.215658 0.209224 0.286933 0.176498 0.168135 0.159515 0.144996 0.144897 0.108963 0.103806 0.0866131 0.0851541 0.073129 0.0707664 0.0494881 0.0390223 0.0150984
threshold=268.11500000000007 286.08700000000005 277.73450000000008 1.0650275236453239 0.97437308456673766 95.975002290000006 17.340000150000005 2.3050000000000002 237.38300000000004 96.500000000000014 1.0857344605261365 0.76156797395705189 258.87850000000009 0.95766985675424976 95.255001070000006 266.43500000000006 0.019453371053432804 0.82880045814241898 92.524997710000022 97.500000000000014 94.86500168000002 2.3950000000000005 -0.009057095255575397 21.335000035000004 1.5050000000000001 2.9350000000000005 93.555000305000007 0.01518346880580315 287649.00000000006
decision_type=2 2 2 2 2 2 2 2 2 2 2 2 2 2 2 2 2 2 2 2 2 2 2 2 2 2 2 2 2
left_child=3 2 4 6 9 10 7 13 -9 20 -6 -4 -7 17 -15 22 21 -1 -10 23 -2 -5 -8 -17 -11 -18 -24 -13 -21
right_child=1 -3 11 16 5 12 15 8 18 24 -12 27 -14 14 -16 19 25 -19 -20 28 -22 -23 26 -25 -26 -27 -28 -29 -30
leaf_value=0.00059328630735704525 0.0026372371480800211 -0.0050512275762017817 0.0034918770604999735 -0.0023890477913618086 0.0015716820768239715 -8.3004598656584314e-05 -0.0027609555923513002 -0.0024924651380628343 0.0016991477231593085 0.0043098945573848838 -0.0004855370586022413 0.0091806490847042635 -0.0025592039651595629 -0.0029616002866857533 -0.00076993226635386233 -0.0018445461552153574 -0.0039698972058410829 -0.0014578185583858823 0.00033009688496513464 -0.00029825175044019352 0.00065243389194040706 0.00032369845221546709 0.00065772710514387916 -0.0040058657974004746 0.0020194898281246424 -0.0015138128461050133 -0.00084422688341051662 0.0060960382327437408 -0.0015185010944606518
leaf_weight=97 39 49 27 24 302 184 20 29 97 50 55 20 38 85 161 39 64 51 272 25 85 22 20 50 29 20 137 39 28
leaf_count=97 39 49 27 24 302 184 20 29 97 50 55 20 38 85 161 39 64 51 272 25 85 22 20 50 29 20 137 39 28
internal_value=0 0.00116198 0.00152159 -0.00086062 0.000994704 0.000560112 -0.000648179 -0.000271415 0.000455787 0.00221073 0.00124589 0.00621158 -0.000529887 -0.00101289 -0.00154829 -0.00157045 -0.00263446 -9.84195e-05 0.000701711 -0.00236973 0.00131679 -0.00104853 -0.000902647 -0.00312312 0.00354237 -0.0034451 -0.000630956 0.00732725 -0.00101465
internal_weight=2158 917 868 1241 782 579 1111 792 398 203 357 86 222 394 246 319 130 148 369 142 124 46 177 89 79 84 157 59 53
internal_count=2158 917 868 1241 782 579 1111 792 398 203 357 86 222 394 246 319 130 148 369 142 124 46 177 89 79 84 157 59 53
is_linear=0
shrinkage=0.03


Tree=18
num_leaves=31
num_cat=0
split_feature=23 22 22 11 11 21 22 22 19 18 27 26 15 20 22 23 23 22 15 11 13 26 22 19 15 21 20 18 20 27
split_gain=2.2623 2.14444 2.22351 0.478602 0.477841 0.398833 0.463551 0.449385 0.37954 0.278826 0.250662 0.233772 0.217482 0.203671 0.203143 0.184017 0.245824 0.167369 0.165649 0.161197 0.15229 0.112187 0.106809 0.102464 0.0952191 0.0890821 0.0705083 0.0598402 0.0576337 0.0140446
threshold=268.11500000000007 286.08700000000005 275.23000000000008 0.97437308456673766 1.0650275236453239 17.340000150000005 240.86050000000003 237.69500000000002 95.975002290000006 0.90598583386078513 405289.00000000006 96.500000000000014 0.017157349618697752 0.74500000000000011 258.87850000000009 251.04000000000002 267.52500000000003 252.37150000000003 0.017157349618697752 0.9874145858928568 1.0077563199129627 97.500000000000014 240.86050000000003 94.86500168000002 0.018503839133616005 25.409999850000002 1.4350000000000003 0.58177143783006924 2.9250000000000003 287649.00000000006
decision_type=2 2 2 2 2 2 2 2 2 2 2 2 2 2 2 2 2 2 2 2 2 2 2 2 2 2 2 2 2 2
left_child=4 2 3 11 5 6 7 10 13 20 -1 23 -6 -5 -10 27 -17 22 -11 -9 -4 25 24 -2 -7 -19 -13 -8 -14 -23
right_child=1 -3 9 8 12 17 15 19 14 18 -12 26 28 -15 -16 16 -18 21 -20 -21 -22 29 -24 -25 -26 -27 -28 -29 -30 -31
leaf_value=-0.0013373634052452046 0.0025600979584967714 -0.0049027215437823903 0.0057009548928056439 0.0027491815835237504 -0.00037933184853921248 -0.00073620019036476031 0.0031216543102636934 -0.0012473929158516694 -8.0527921514176595e-05 0.0089011562515435537 0.00074208997850920154 0.0046690542061220523 -0.0037721054553209498 0.00072803802755809922 -0.0024843963992137175 -0.00034768872152001417 0.0017269965664447786 -0.0020679667412963074 0.0048763093362562361 -0.0031709331680948917 0.0020040671454306931 -0.00028964833257487046 0.0011316879061715943 0.00063308847014153331 -0.0029769669527357273 -0.0041757665225437713 0.0024601818158989774 0.001118417277863191 -0.001700359420206111 -0.0014745169195631549
leaf_weight=85 39 49 20 55 34 120 20 99 184 28 131 32 71 281 38 242 64 71 29 77 30 25 20 85 21 34 47 74 25 28
leaf_count=85 39 49 20 55 34 120 20 99 184 28 131 32 71 281 38 242 64 71 29 77 30 25 20 85 21 34 47 74 25 28
internal_value=0 0.00112813 0.00147728 0.000899592 -0.000835869 -0.000629561 -0.000263464 -0.000997785 0.000437338 0.00551175 -6.47805e-05 0.00214714 -0.00255784 0.00107496 -0.000514749 0.000449383 8.06724e-05 -0.00152545 0.00702453 -0.00211905 0.00362443 -0.00222854 -0.000807457 0.0012788 -0.00110967 -0.00281175 0.00343959 0.00160459 -0.00328661 -0.000986886
internal_weight=2158 917 868 761 1241 1111 792 392 558 107 216 203 130 336 222 400 306 319 57 176 50 158 161 124 141 105 79 94 96 53
internal_count=2158 917 868 761 1241 1111 792 392 558 107 216 203 130 336 222 400 306 319 57 176 50 158 161 124 141 105 79 94 96 53
is_linear=0
shrinkage=0.03


Tree=19
num_leaves=31
num_cat=0
split_feature=23 22 22 11 11 19 22 14 21 22 20 23 19 11 21 23 25 27 22 26 27 26 22 25 21 23 22 11 13 22
split_gain=2.13394 2.02104 2.11194 0.456273 0.416353 0.410436 0.401226 0.403447 0.390246 0.323474 0.278564 0.336083 0.25591 0.240177 0.200573 0.15035 0.144894 0.135678 0.124247 0.0997356 0.0980128 0.0947282 0.0729229 0.0664084 0.057243 0.0332776 0.0325629 0.0181599 0.0179258 0.0289115
threshold=268.11500000000007 286.08700000000005 277.73450000000008 1.0181726537741689 0.95071940794535725 95.975002290000006 241.45850000000004 0.025478881185693452 17.045000080000005 258.49100000000004 2.3050000000000002 189.07500000000002 92.220001220000015 1.0790295074266372 27.325000765000002 257.59000000000003 0.079744514000000002 377691.50000000006 244.08450000000002 96.500000000000014 414499.50000000006 96.500000000000014 240.38350000000003 0.31192112250000009 25.409999850000002 238.23000000000005 255.22300000000004 0.98459072003351011 1.0098915179351462 237.69500000000002
decision_type=2 2 2 2 2 2 2 2 2 2 2 2 2 2 2 2 2 2 2 2 2 2 2 2 2 2 2 2 2 2
left_child=3 2 4 8 19 13 23 12 10 -7 16 -12 -8 -6 27 25 17 -1 -14 26 -13 24 -18 28 -17 -10 -2 -4 -5 -30
right_child=1 -3 14 6 5 9 7 -9 15 -11 11 20 18 -15 -16 21 22 -19 -20 -21 -22 -23 -24 -25 -26 -27 -28 -29 29 -31
leaf_value=-0.001286378878471066 0.0027041159262880679 -0.0047585815592296422 0.0083929295752729702 -0.0035516833517214522 0.0016098526541873535 0.00033843329251713298 0.0019994553290549159 -0.0044656070816516879 -0.00079128608997445539 -0.0020500486464641822 -0.0028885070568119933 0.00022340348468829704 0.00010872963874851568 -0.00036940123308158945 0.002768467162935329 -0.0019796347947638126 -0.0022219425267005553 0.00041390684626172651 -0.0015383332999040474 0.0038291161727646125 0.0014131157154390567 -0.00088428418520821383 -0.00056883616179066634 -0.0042725110795787148 -0.003880775149379458 0.00036966014832258225 0.00099623432518706665 0.0057629429122551959 -0.001574990478157997 -0.0029851563660537495
leaf_weight=61 23 49 20 22 330 220 32 24 99 65 21 112 64 63 20 72 60 129 100 45 163 55 51 33 27 24 36 46 59 33
leaf_count=61 23 49 20 22 330 220 32 24 99 65 21 112 64 63 20 72 60 129 100 45 163 55 51 33 27 24 36 46 59 33
internal_value=0 0.00109578 0.00143482 -0.000811683 0.000935644 0.000656421 -0.00170085 -0.000864083 -0.000433371 -0.000201082 0 0.000651341 -0.000387422 0.00128482 0.00587641 -0.00136181 -0.000642601 -0.000120145 -0.000880632 0.0027038 0.000942013 -0.00199158 -0.00150105 -0.00291857 -0.00256175 -0.000539412 0.00174599 0.00671806 -0.00246681 -0.00213973
internal_weight=2158 917 868 1241 782 678 367 220 874 285 597 296 196 393 86 277 301 190 164 104 275 154 111 147 99 123 59 66 114 92
internal_count=2158 917 868 1241 782 678 367 220 874 285 597 296 196 393 86 277 301 190 164 104 275 154 111 147 99 123 59 66 114 92
is_linear=0
shrinkage=0.03


Tree=20
num_leaves=31
num_cat=0
split_feature=23 15 19 19 27 11 11 21 26 11 14 23 19 21 19 23 19 26 26 19 15 23 23 27 23 21 23 21 27 23
split_gain=2.01263 1.47063 0.903322 0.69397 0.695475 0.464286 0.430088 0.367751 0.285789 0.27008 0.255117 0.276018 0.241643 0.227495 0.222626 0.199578 0.221793 0.200879 0.186469 0.170382 0.146962 0.141857 0.0968939 0.0959186 0.0941888 0.0906736 0.0834544 0.0814526 0.0790355 0.0747314
threshold=268.11500000000007 0.026333439937092754 96.715000150000023 93.854999540000009 417784.50000000006 1.0037784280013782 1.0181726537741689 17.045000080000005 95.500000000000014 0.99016953989183554 0.019381366562438006 243.81500000000003 99.450000760000009 16.244999885000002 92.634998320000008 189.07500000000002 91.319999695000021 96.500000000000014 69.000000000000014 92.014999390000014 0.020843595291194405 257.59000000000003 255.52000000000001 663717.50000000012 192.93000000000004 28.759999275000002 314.01500000000004 19.404999735000001 450006.50000000006 263.73500000000007
decision_type=2 2 2 2 2 2 2 2 2 2 2 2 2 2 2 2 2 2 2 2 2 2 2 2 2 2 2 2 2 2
left_child=6 2 3 9 13 8 7 15 23 28 11 -8 18 -5 -13 -1 24 -18 -7 -11 -10 -9 -16 -4 -17 -23 -6 29 -2 -12
right_child=1 -3 5 4 26 12 10 21 20 19 27 14 -14 -15 22 16 17 -19 -20 -21 -22 25 -24 -25 -26 -27 -28 -29 -30 -31
leaf_value=-0.0028057907152582297 0.0037874081948433415 -0.0047816686165594573 -0.00023182723097784749 0.0021233449034271353 0 0.0017267447012580103 -0.0024215257440840729 -0.00052260597448067496 0.0038427371968116075 7.8757636184865779e-05 -0.0025611615414269815 0.0018270937359791148 -0.0035812417427077887 0.0059386666378494438 6.7193469526816385e-05 0.00014546274956823749 -0.00043871470391439453 0.0010688576103244541 -0.0010189287723265366 0.0015686683242339841 0.0006464484637835994 -0.0015834946862874561 -0.0016973682180336065 0.0018312462887798363 0.0023270219540796602 -0.0038467347235842187 0.0022419050725606769 -0.0044493340201999824 0.0017711666851936022 -0.00040011978212913332
leaf_weight=21 43 36 85 22 32 26 75 123 41 135 108 36 27 82 48 32 395 98 115 151 23 133 57 25 51 21 25 22 49 21
leaf_count=21 43 36 85 22 32 26 75 123 41 135 108 36 27 82 48 32 395 98 115 151 23 133 57 25 51 21 25 22 49 21
internal_value=0 0.00106393 0.00131135 0.00207569 0.0037316 9.54419e-05 -0.000788525 -0.000421092 0.0011862 0.00135449 -0.00165188 -0.000961237 -0.00101685 0.00518806 -0.000151778 0 0.000105531 -0.000131405 -0.000482913 0.000878567 0.00276784 -0.00132237 -0.000869386 0.0002223 0.0015334 -0.0019343 0.000978833 -0.00260726 0.00277639 -0.00223822
internal_weight=2158 917 881 539 161 342 1241 874 174 378 367 216 168 104 141 597 576 493 141 286 64 277 105 110 83 154 57 151 92 129
internal_count=2158 917 881 539 161 342 1241 874 174 378 367 216 168 104 141 597 576 493 141 286 64 277 105 110 83 154 57 151 92 129
is_linear=0
shrinkage=0.03


Tree=21
num_leaves=31
num_cat=0
split_feature=23 22 22 19 23 27 22 23 15 20 14 22 26 19 22 10 22 22 27 15 26 22 19 23 10 23 22 27 14 14
split_gain=1.90465 1.73169 2.01054 0.45472 0.456251 0.339586 0.288624 0.250978 0.257907 0.256317 0.233473 0.207996 0.187192 0.25789 0.198167 0.158287 0.13657 0.134125 0.154112 0.137322 0.128522 0.122013 0.0652374 0.0532411 0.0468826 0.0463621 0.0590456 0.0448624 0.0408628 0.0319858
threshold=267.52500000000003 286.08700000000005 275.23000000000008 95.185001375000013 314.01500000000004 394757.00000000006 257.97750000000008 253.49500000000003 0.01182038295029285 2.3550000000000004 0.015232257938468651 260.15800000000007 95.500000000000014 101.60499955000002 241.45850000000004 1.0310466122459916 240.86050000000003 245.80900000000003 583419.00000000012 0.016308103341938256 96.500000000000014 247.54450000000003 91.900001525000008 263.73500000000007 1.0131325089627454 238.23000000000005 238.02500000000001 384773.50000000006 0.015639755667658004 0.018675645682198403
decision_type=2 2 2 2 2 2 2 2 2 2 2 2 2 2 2 2 2 2 2 2 2 2 2 2 2 2 2 2 2 2
left_child=5 2 3 11 6 12 -5 8 -7 16 -4 21 13 14 27 29 -10 18 19 -9 -13 -2 -19 -16 -11 26 -14 -1 -20 -12
right_child=1 -3 10 4 -6 7 -8 17 9 24 15 20 25 -15 23 -17 -18 22 28 -21 -22 -23 -24 -25 -26 -27 -28 -29 -30 -31
leaf_value=-0.0018505236482413564 0.00068737391016135603 -0.00450072436273098 0.007230058211988459 0.00015364804305672324 0.0032111116535961624 -0.0020645298912105232 -0.0018000048675478021 -0.00031943796648244773 -0.00064281058192489971 0.0017464244770514779 0.0034326995383733164 0.00040367188412437823 -0.00057645358704877167 -0.0043993636108934876 0.0006779079542241313 0.0014147687562826002 0.0012012952504679561 0.0010815194117437515 0.00044424377742689107 -0.0033979906460976806 0.0019334019368996477 0.0026207207920267545 -0.00072246998636866914 -0.00098551698110199378 0.00025488466144193929 -0.00040262693259209183 -0.0022199946457520129 -0.0034643833585656604 -0.0013186020638261524 0.0058899224400520327
leaf_weight=145 44 49 35 303 36 43 86 20 172 99 25 191 54 35 32 21 44 20 23 57 70 140 99 34 30 141 39 25 20 26
leaf_count=145 44 49 35 303 36 43 86 20 172 99 25 191 54 35 32 21 44 20 23 57 70 140 99 34 30 141 39 25 20 26
internal_value=0 0.000934565 0.00121456 0.000730367 2.09383e-05 -0.000849273 -0.000274081 -0.000375476 8.88345e-05 0.000371086 0.00508042 0.00139962 -0.0014297 -0.00197334 -0.00158385 0.00390963 -0.00024953 -0.00113898 -0.00184976 -0.00265118 0.000831208 0.00218083 -0.000387792 -0.000136151 0.00142726 -0.000781607 -0.00131388 -0.00212427 -0.000318836 0.00483227
internal_weight=2158 1026 977 870 425 1132 389 627 388 345 107 445 505 271 236 72 216 239 120 77 261 184 119 66 129 234 93 170 43 51
internal_count=2158 1026 977 870 425 1132 389 627 388 345 107 445 505 271 236 72 216 239 120 77 261 184 119 66 129 234 93 170 43 51
is_linear=0
shrinkage=0.03


Tree=22
num_leaves=31
num_cat=0
split_feature=23 22 22 11 11 19 22 14 22 22 22 22 11 19 18 23 23 23 22 9 11 25 27 23 23 14 22 11 9 22
split_gain=1.80361 1.72084 1.77648 0.412631 0.370615 0.363462 0.348582 0.343113 0.29894 0.308536 0.321806 0.282093 0.238475 0.22039 0.197737 0.178641 0.156967 0.108744 0.108741 0.0811899 0.0704278 0.0619222 0.0488235 0.0391891 0.0386737 0.0326674 0.0294556 0.0264076 0.0195602 0.028046
threshold=268.27500000000003 286.08700000000005 277.73450000000008 1.0181726537741689 0.95071940794535725 95.975002290000006 241.45850000000004 0.025478881185693452 252.37150000000003 240.86050000000003 238.02500000000001 258.87850000000009 1.0790295074266372 92.220001220000015 0.76156797395705189 189.07500000000002 251.04000000000002 266.13000000000005 244.08450000000002 0.97110799287041849 0.95523116219595083 0.31192112250000009 239377.00000000003 290.59000000000009 266.43500000000006 0.01518346880580315 243.75500000000002 0.93496546303904704 0.99517427416653892 237.69500000000002
decision_type=2 2 2 2 2 2 2 2 2 2 2 2 2 2 2 2 2 2 2 2 2 2 2 2 2 2 2 2 2 2
left_child=3 2 4 8 23 12 21 13 9 10 15 -7 -6 -8 -4 -1 26 -18 -15 -10 -12 28 -21 27 -24 -16 -11 -2 -5 -30
right_child=1 -3 14 6 5 11 7 -9 19 16 20 -13 -14 18 25 -17 17 -19 -20 22 -22 -23 24 -25 -26 -27 -28 -29 29 -31
leaf_value=-0.0026671979579735885 0.0024711481889366708 -0.0043684031337127083 0.0029098207486261212 -0.0033567896180826682 0.0015707608860670429 0.00019985638620377872 0.0018492795270126821 -0.0041272320020198823 -0.0001607572813457074 0.0012736757666280026 -0.00098772694968647548 -0.0024048587766221977 -0.00041358264867812978 0.00011031088564150895 0.0081314606240817482 0.00013472617826994852 -0.0001864539191778749 0.0012965858811512588 -0.0014193864329315078 -0.00055327973964399303 -0.0024999500211949147 -0.0040152947652044102 -0.00076828194453580937 0.0033941179830580949 -0.0024647114018087881 0.0053282845962792638 0.0028532095487415789 0.00091153083366548844 -0.0014194359204838755 -0.0027952168658375741
leaf_weight=21 37 49 27 22 308 242 32 24 37 47 63 43 63 64 20 286 149 61 103 28 71 33 22 41 84 39 24 26 60 32
leaf_count=21 37 49 27 22 308 242 32 24 37 47 63 43 63 64 20 286 149 61 103 28 71 33 22 41 84 39 24 26 60 32
internal_value=0 0.00102864 0.00134957 -0.000730867 0.000878732 0.000606769 -0.00157454 -0.000801788 -0.000376578 -0.000104199 -0.000602314 -0.000189681 0.00122553 -0.000367099 0.00541801 -5.52336e-05 0.000666266 0.000234219 -0.000818131 -0.00150189 -0.00182378 -0.0027132 -0.00184604 0.0025435 -0.00215113 0.0064482 0.00188148 0.00189867 -0.00227856 -0.00195514
internal_weight=2158 895 846 1263 760 656 370 223 893 722 441 285 371 199 86 307 281 210 167 171 134 147 134 104 106 59 71 63 114 92
internal_count=2158 895 846 1263 760 656 370 223 893 722 441 285 371 199 86 307 281 210 167 171 134 147 134 104 106 59 71 63 114 92
is_linear=0
shrinkage=0.03


Tree=23
num_leaves=31
num_cat=0
split_feature=23 22 22 11 11 23 23 21 22 22 20 19 19 18 23 25 27 23 19 22 21 22 25 11 23 23 11 25 13 22
split_gain=1.70093 1.62163 1.67676 0.389108 0.349989 0.355462 0.356846 0.332323 0.329163 0.323602 0.23364 0.280579 0.206119 0.185623 0.175275 0.12925 0.134866 0.123029 0.119419 0.101156 0.0808333 0.0704043 0.0576921 0.0485738 0.0362995 0.0294047 0.0245114 0.0216322 0.0167125 0.0246639
threshold=268.27500000000003 286.08700000000005 277.73450000000008 1.0181726537741689 0.95071940794535725 314.01500000000004 286.82500000000005 17.045000080000005 241.45850000000004 252.57750000000001 2.3050000000000002 80.950000765000013 92.220001220000015 0.76156797395705189 319.91000000000003 -0.053491375999999993 401056.50000000006 257.59000000000003 92.524997710000022 244.08450000000002 28.759999275000002 240.38350000000003 0.31192112250000009 0.94777839296993915 290.59000000000009 238.23000000000005 0.93496546303904704 -0.52032733749999982 1.0098915179351462 237.69500000000002
decision_type=2 2 2 2 2 2 2 2 2 2 2 2 2 2 2 2 2 2 2 2 2 2 2 2 2 2 2 2 2 2
left_child=3 2 4 7 24 6 -6 10 22 12 15 -12 -10 -4 -7 16 -1 25 -13 -14 23 -17 28 -19 26 -9 -2 -15 -5 -30
right_child=1 -3 13 8 5 14 -8 17 9 -11 11 18 19 27 -16 21 -18 20 -20 -21 -22 -23 -24 -25 -26 -27 -28 -29 29 -31
leaf_value=-0.00092779912918506714 0.0023989646551076712 -0.0042399720168532799 0.0028256437617487141 -0.0032411503940820694 0.0012630969988901846 0.0026064846911164935 -0.00037493230416650017 -0.00071813838625559576 0.0017954822660169816 -0.0039366155965970115 -0.0017258089003851635 0.0021012379610765492 0.00010705247142423803 0.0047572949518050467 0.00022889572590991685 -0.0020337130329349919 0.00071261579731251852 -0.00058969990104170778 0.00057760652733946846 -0.0013697812704878602 -0.0036054266907952046 -0.00051995980444917217 -0.0038983788077431901 -0.0019110595072446349 0.0032947187535464764 0.00037190618544816971 0.0008851977225341317 0.007259843262759122 -0.0013792236171895637 -0.002684710583704359
leaf_weight=83 37 49 27 22 186 99 328 99 32 25 39 63 64 27 43 62 96 48 210 102 21 63 33 85 41 24 26 32 59 33
leaf_count=83 37 49 27 22 186 99 328 99 32 25 39 63 64 27 43 62 96 48 210 102 21 63 33 85 41 24 26 32 59 33
internal_value=0 0.000998777 0.00131039 -0.000709911 0.000852832 0.000588381 0.000213294 -0.000365741 -0.00152926 -0.000777813 1.8005e-05 0.000598472 -0.000346121 0.00526319 0.00191413 -0.000567911 -3.22855e-05 -0.00122691 0.000946548 -0.000785204 -0.0017972 -0.00130477 -0.00263598 -0.00146453 0.00247085 -0.000479969 0.0018447 0.00626298 -0.00221374 -0.00190359
internal_weight=2158 895 846 1263 760 656 514 893 370 223 616 312 198 86 142 304 179 277 273 166 154 125 147 133 104 123 63 59 114 92
internal_count=2158 895 846 1263 760 656 514 893 370 223 616 312 198 86 142 304 179 277 273 166 154 125 147 133 104 123 63 59 114 92
is_linear=0
shrinkage=0.03


Tree=24
num_leaves=31
num_cat=0
split_feature=23 22 22 11 19 11 23 15 27 22 15 26 18 22 26 15 16 25 19 21 20 20 18 19 22 20 23 19 21 11
split_gain=1.60744 1.45073 1.70267 0.473079 0.498886 0.374741 0.26297 0.274744 0.306679 0.260481 0.301724 0.249045 0.237298 0.218408 0.209276 0.151155 0.139359 0.136739 0.125221 0.0962213 0.0927015 0.0879478 0.0736839 0.0704843 0.0650443 0.0608901 0.0601075 0.0489391 0.0418593 0.0274431
threshold=267.52500000000003 286.08700000000005 275.23000000000008 0.98617669192046076 95.185001375000013 1.0160262978698118 253.49500000000003 0.012041613794139301 414499.50000000006 241.45850000000004 0.024062863769374155 69.000000000000014 0.90598583386078513 260.15800000000007 96.500000000000014 0.017157349618697752 54.183970628244317 -1.9687181554999997 96.715000150000023 27.739999770000004 2.0450000000000004 1.5050000000000001 0.70507260530200011 92.220001220000015 244.08450000000002 2.2650000000000001 229.17500000000004 95.764999390000014 18.724999425000004 0.95523116219595083
decision_type=2 2 2 2 2 2 2 2 2 2 2 2 2 2 2 2 2 2 2 2 2 2 2 2 2 2 2 2 2 2
left_child=5 2 3 14 13 6 7 28 26 25 23 -6 16 -5 18 -14 -4 -10 -2 20 29 -16 -22 -11 -25 27 -9 -7 -1 -8
right_child=1 -3 12 4 11 9 19 8 17 10 -12 -13 15 -15 21 -17 -18 -19 -20 -21 22 -23 -24 24 -26 -27 -28 -29 -30 -31
leaf_value=-0.0020044804849196226 0.0018414906401392689 -0.0041153169413655991 0.0048224879883504894 0.0018379587344983261 0.0014341155199799685 -0.0035558075504794496 -0.0011661823795248681 -0.0010493569637479629 -0.00027234846065402963 0.0013361719929089304 -0.0032211811465139577 -0.0012373488943156472 0.0078135928800008424 0.00026817263161588921 0.0036895718799395995 0.0040604543719440708 0.0013721375675871967 0.0014347541230758857 0.0002749217402300446 -0.0031674248052128988 0 0.0015355663023717504 -0.0011289672350484623 0.00013097034333109419 -0.0011229928355094522 -0.0015650117289915215 1.8200573579567031e-07 -0.0017640702833675525 -0.00028051788971313963 -0.0029760011065006254
leaf_weight=59 97 49 21 139 35 66 25 105 51 20 38 212 28 199 54 29 29 181 97 20 88 37 125 67 73 55 81 32 22 24
leaf_count=59 97 49 21 139 35 66 25 105 51 20 38 212 28 199 54 29 29 181 97 20 88 37 125 67 73 55 81 32 22 24
internal_value=0 0.000858431 0.0011149 0.00066901 0.000174098 -0.000780326 -0.000408252 5.09524e-08 0.000316817 -0.00159618 -0.00084805 -0.000842448 0.00467284 0.000926103 0.00167023 0.00605876 0.00294625 0.00104705 0.00107902 -0.00113879 -0.000961075 0.00287259 -0.000663747 -0.000249291 -0.000504933 -0.00253308 -0.0005787 -0.00302478 -0.00158196 -0.00215442
internal_weight=2158 1026 977 870 585 1132 781 499 418 351 198 247 107 338 285 57 50 232 194 282 262 91 213 160 140 153 186 98 81 49
internal_count=2158 1026 977 870 585 1132 781 499 418 351 198 247 107 338 285 57 50 232 194 282 262 91 213 160 140 153 186 98 81 49
is_linear=0
shrinkage=0.03


Tree=25
num_leaves=31
num_cat=0
split_feature=23 22 22 11 11 23 23 21 22 22 18 23 23 23 23 11 23 14 26 26 21 18 20 10 21 22 23 14 8 11
split_gain=1.52158 1.44183 1.50119 0.350962 0.317607 0.325698 0.318699 0.301766 0.331524 0.346376 0.168948 0.166686 0.159094 0.150055 0.149007 0.121552 0.119094 0.111357 0.105772 0.0770736 0.0619281 0.0544992 0.0401625 0.0409296 0.0326762 0.0436788 0.02923 0.0280027 0.0146096 0.0137126
threshold=268.27500000000003 286.08700000000005 277.73450000000008 1.0650275236453239 0.95071940794535725 314.01500000000004 286.82500000000005 17.340000150000005 240.86050000000003 237.69500000000002 0.76156797395705189 189.07500000000002 319.91000000000003 251.04000000000002 267.52500000000003 0.96801727097686041 266.43500000000006 0.016255262433129403 97.500000000000014 96.500000000000014 21.335000035000004 0.58177143783006924 2.3950000000000005 1.0549112077030407 21.644999505000005 240.86050000000003 273.41500000000008 0.01518346880580315 0.99835626937236477 1.0829419122481931
decision_type=2 2 2 2 2 2 2 2 2 2 2 2 2 2 2 2 2 2 2 2 2 2 2 2 2 2 2 2 2 2
left_child=3 2 4 7 19 6 -6 8 9 11 -4 -1 -7 21 -15 -11 24 -5 20 26 -18 -10 -19 -24 25 -9 -2 -12 -26 -3
right_child=1 29 10 17 5 12 -8 16 13 15 27 -13 -14 14 -16 -17 18 22 -20 -21 -22 -23 23 -25 28 -27 -28 -29 -30 -31
leaf_value=-0.0024852995264597914 0.0023914728233357888 -0.0027056594668379559 0.0026487559468618459 -1.2269658459857704e-07 0.0011863901662630314 0.0024820073576923458 -0.00036154058649844956 -0.0014383378435990639 0.0028867717042033161 -0.00086189647363843741 0.0075067948145525797 0.00026849251263782352 0.00021324987249152566 -0.000293699030511 0.0011504947757348418 -0.0025332574199539485 -0.0014785704048816113 -0.0031219739816602202 -0.00077359907631762326 0.0033412880136267 -0.0033385624274173205 0.00098089404105208811 -0.00045989736419340429 -0.0024589938579925468 0.00020191535135895451 0 0.00079318548412364272 0.0048843398356810215 -0.00058010762423897784 -0.004730752340678511
leaf_weight=21 23 21 27 21 186 99 328 76 20 80 20 195 43 242 86 96 39 61 53 45 50 74 21 27 33 24 36 39 44 28
leaf_count=21 23 21 27 21 186 99 328 76 20 80 20 195 43 242 86 96 39 61 53 45 50 74 21 27 33 24 36 39 44 28
internal_value=0 0.000944642 0.00123863 -0.000671457 0.000805433 0.00055326 0.000193996 -0.000497519 -0.000186108 -0.000815755 0.0049791 0 0.00182226 0.00039223 7.8189e-05 -0.00179966 -0.00127972 -0.00214912 -0.00193835 0.00234707 -0.00258233 0.0014441 -0.00253211 -0.00167285 -0.000726545 -0.00108995 0.00149572 0.0059336 -0.000208202 -0.00399433
internal_weight=2158 895 846 1263 760 656 514 1133 814 392 86 216 142 422 328 176 319 130 142 104 89 94 109 48 177 100 59 59 77 49
internal_count=2158 895 846 1263 760 656 514 1133 814 392 86 216 142 422 328 176 319 130 142 104 89 94 109 48 177 100 59 59 77 49
is_linear=0
shrinkage=0.03


Tree=26
num_leaves=31
num_cat=0
split_feature=23 22 22 11 11 22 21 15 23 23 14 11 20 19 19 23 25 27 21 19 23 20 22 23 20 23 27 19 22 23
split_gain=1.43516 1.36102 1.41674 0.338021 0.335454 0.291081 0.289807 0.286123 0.28572 0.240058 0.201476 0.249978 0.194093 0.250956 0.19068 0.127463 0.113615 0.111261 0.107645 0.0956507 0.0852989 0.0857483 0.0828852 0.0557325 0.0550994 0.0546601 0.0440041 0.0430506 0.0266818 0.0248267
threshold=268.27500000000003 286.08700000000005 275.23000000000008 1.0160262978698118 0.96884308877837866 241.45850000000004 17.045000080000005 0.024062863769374155 314.01500000000004 286.82500000000005 0.015232257938468651 1.0174438767419167 2.3050000000000002 80.950000765000013 92.220001220000015 319.91000000000003 -0.053491375999999993 401056.50000000006 28.759999275000002 92.524997710000022 290.59000000000009 1.4850000000000001 244.08450000000002 257.59000000000003 2.2650000000000001 253.49500000000003 287649.00000000006 95.764999390000014 256.73600000000005 238.23000000000005
decision_type=2 2 2 2 2 2 2 2 2 2 2 2 2 2 2 2 2 2 2 2 2 2 2 2 2 2 2 2 2 2
left_child=3 2 4 6 20 24 12 14 9 -6 -4 -12 16 -14 -7 -10 17 -1 23 -15 21 -2 -16 29 27 -18 -25 -5 -22 -8
right_child=1 -3 10 5 8 7 18 -9 15 -11 11 -13 13 19 22 -17 25 -19 -20 -21 28 -23 -24 26 -26 -27 -28 -29 -30 -31
leaf_value=-0.00081955144546390791 -0.00039272259138322074 -0.0038807586373461531 0.0064050724882011613 -0.0033848673345437692 0.0010047437690260787 0.001799913373453926 -0.00062926766767019493 -0.0030605129264295095 0.0023115638226807321 -0.00050599002630540729 0.0050608995525705577 0.0013425079085864124 -0.0016059681464801541 0.00199115972642283 0.00011655571357593598 0.00020699777091133664 -0.00047173327660249151 0.0006815564548047667 -0.0030226765160377205 0.00058811014005432825 0.0012852275259210726 0.0016278422713921583 -0.0012111025915594038 -0.00047674873530986192 -0.0014862971786746388 -0.0018411081977781928 -0.0017575311036459331 -0.0016835063336925072 0.0028816681102959113 0.0003774583603441715
leaf_weight=81 22 49 35 66 139 33 94 38 81 291 37 35 39 60 67 43 60 96 25 203 23 73 98 45 55 61 86 32 67 24
leaf_count=81 22 49 35 66 139 33 94 38 81 291 37 35 39 60 67 43 60 96 25 203 23 73 98 45 55 61 86 32 67 24
internal_value=0 0.000917396 0.0012031 -0.000652136 0.000728105 -0.001389 -0.000319531 -0.000705217 0.000350579 -9.47787e-06 0.00441877 0.0033376 4.52243e-05 0.000584807 -0.000225007 0.00161325 -0.000491695 0 -0.00112643 0.000925891 0.00183455 0.00112946 -0.000656466 -0.000912718 -0.00241282 -0.0011961 -0.00134724 -0.00288224 0.00252526 -0.000397848
internal_weight=2158 895 846 1263 739 389 874 236 554 430 107 72 600 302 198 124 298 177 274 263 185 95 165 249 153 121 131 98 90 118
internal_count=2158 895 846 1263 739 389 874 236 554 430 107 72 600 302 198 124 298 177 274 263 185 95 165 249 153 121 131 98 90 118
is_linear=0
shrinkage=0.03


Tree=27
num_leaves=31
num_cat=0
split_feature=23 22 22 11 11 23 23 22 21 22 22 22 15 22 23 15 22 23 23 11 23 20 11 22 25 22 25 15 23 15
split_gain=1.35369 1.28269 1.34587 0.318284 0.290667 0.290277 0.297837 0.274469 0.273192 0.271325 0.183362 0.212132 0.186928 0.155801 0.142089 0.13565 0.125458 0.114413 0.101883 0.0894116 0.0685325 0.0515305 0.0507725 0.036985 0.033932 0.0320798 0.0308404 0.0258185 0.0249184 0.0207551
threshold=268.27500000000003 286.08700000000005 277.73450000000008 1.0160262978698118 0.94392395996112566 314.01500000000004 286.82500000000005 241.45850000000004 16.304999355000003 252.57750000000001 240.86050000000003 238.02500000000001 0.012779188277629852 283.52150000000006 319.91000000000003 0.024062863769374155 237.88900000000004 251.04000000000002 267.52500000000003 0.94777839296993915 265.39500000000004 2.2650000000000001 0.91474678074073801 235.65900000000002 -1.6979208564999999 243.75500000000002 -0.52032733749999982 0.010285752512298301 290.59000000000009 0.024490894016987303
decision_type=2 2 2 2 2 2 2 2 2 2 2 2 2 2 2 2 2 2 2 2 2 2 2 2 2 2 2 2 2 2
left_child=3 2 4 8 28 6 -6 21 10 15 11 12 -1 26 -7 20 23 25 -19 29 -9 24 -13 -10 -5 -12 -4 -21 -2 -18
right_child=1 -3 13 7 5 14 -8 9 16 -11 17 22 -14 -15 -16 -17 19 18 -20 27 -22 -23 -24 -25 -26 -27 -28 -29 -30 -31
leaf_value=-0.002239662828594446 0.0018233401604253342 -0.0037666643435228619 0.0038668933270069265 -0.0019695840906060768 0.001139226174550422 0.0023374943997164685 -0.00031867212455499315 -0.00037424210626307093 -0.0012118194739644725 -0.0034680365806977662 0.0010427821938637255 -3.3528556448540506e-05 0.00054837867922136446 0.0019982040881046225 0.00020092896821866319 -0.0022391670718789102 1.3075499484936389e-05 -0.0001225887796626808 0.0013051858265029235 -0.00071458825056574182 0.00089047367367893449 -0.0014425044981679611 -0.0018812036424852819 2.2573559499916529e-05 -0.0034516073320634091 0.0026495973314344884 0.0062214921026357579 -0.0022089187344894383 0.0033153149770223534 -0.00097221130826510469
leaf_weight=24 48 49 25 47 199 103 336 128 26 27 44 20 154 20 43 27 26 160 60 20 54 55 82 92 51 24 41 103 31 39
leaf_count=24 48 49 25 47 199 103 336 128 26 27 44 20 154 20 43 27 26 160 60 20 54 55 82 92 51 24 41 103 31 39
internal_value=0 0.000890957 0.0011684 -0.000633377 0.000757985 0.00055043 0.000219128 -0.00134848 -0.000310493 -0.000683978 7.41789e-05 -0.000465612 0.000145291 0.00471039 0.00173429 -0.000295228 -0.00103221 0.000609151 0.000257373 -0.00151465 0 -0.00234288 -0.00155188 -0.000232099 -0.00279822 0.00168355 0.0054454 -0.00199785 0.00248042 -0.000538415
internal_weight=2158 895 846 1263 760 681 535 389 874 236 568 280 178 86 146 209 306 288 220 188 182 153 102 118 98 68 66 123 79 65
internal_count=2158 895 846 1263 760 681 535 389 874 236 568 280 178 86 146 209 306 288 220 188 182 153 102 118 98 68 66 123 79 65
is_linear=0
shrinkage=0.03


Tree=28
num_leaves=31
num_cat=0
split_feature=23 19 11 23 21 19 11 21 17 11 11 23 20 23 15 18 19 11 11 19 17 17 23 23 14 20 15 17 23 23
split_gain=1.27691 1.01223 0.648677 0.563716 0.42435 0.371397 0.303556 0.258232 0.2001 0.17521 0.173745 0.16818 0.166223 0.20594 0.135971 0.129876 0.128561 0.124108 0.123157 0.12216 0.126509 0.120914 0.113425 0.116749 0.109651 0.106504 0.0956696 0.0848086 0.0770814 0.0628796
threshold=268.27500000000003 96.575000760000009 1.00747385617114 282.36500000000007 20.804999355000003 93.215000150000023 1.0650275236453239 14.320000170000002 0.0059732338533725511 1.0222390799739627 1.0956775162601218 314.01500000000004 2.3350000000000004 189.07500000000002 0.017157349618697752 0.90598583386078513 89.979999540000009 0.92158452943438052 0.98687861687918343 92.014999390000014 0.0042598816009012013 -0.0083453578803429473 286.82500000000005 292.89500000000004 0.012368079285911651 2.0150000000000001 0.019449407588248653 0.0010112815459357501 288.05500000000001 253.49500000000003
decision_type=2 2 2 2 2 2 2 2 2 2 2 2 2 2 2 2 2 2 2 2 2 2 2 2 2 2 2 2 2 2
left_child=6 3 11 5 27 9 7 12 15 -2 19 22 17 -14 -8 -7 -9 29 -18 20 -5 -19 25 -24 -21 -3 -15 -4 -29 -1
right_child=1 2 4 10 -6 8 14 16 -10 -11 -12 -13 13 26 -16 -17 18 21 -20 24 -22 -23 23 -25 -26 -27 -28 28 -30 -31
leaf_value=0.002016313674194472 0.0029374446051259493 0.0024807410716246518 -0.0012336533151101319 -3.1939021371146464e-05 -0.0035291862364317619 0.0032157313630933751 -0.00024926152992993595 0.0005344526308763306 0.00099528405215408263 -5.4290758161919141e-05 -0.00084228940212690239 0.0032618005003493566 -0.0023078066511926327 0.0010867187612089901 -0.0025663201585082733 0.0056930622969262505 -0.00059168647708624964 -0.0028681517529487608 -0.0015570999154380495 0.00028026985566919813 0.0023056483887709104 -0.00059349403153754218 -0.0014076573502702207 0.00099791204200168544 0.0022405501428740815 0.0003328203633822993 -2.4056566319464202e-05 0.001448693164042197 -0.00054714254226366228 -3.246285961640457e-05
leaf_weight=20 28 39 73 93 61 52 34 47 20 40 40 25 21 186 96 53 267 24 240 38 25 195 38 32 116 52 103 27 43 30
leaf_count=20 28 39 73 93 61 52 34 47 20 40 40 25 21 186 96 53 267 24 240 38 25 195 38 32 116 52 103 27 43 30
internal_value=0 0.000865294 -0.000275965 0.00175139 -0.00144688 0.00302948 -0.000615179 -0.0004532 0.00400603 0.00115884 0.000944044 0.000993093 -4.7407e-06 0.000462839 -0.00198975 0.00453641 -0.000915638 -0.000554416 -0.00105676 0.00121985 0.000453316 -0.000868312 0.000604331 -0.000267148 0.00178113 0.00130293 0.000681774 -0.000519453 0.000189988 0.000751691
internal_weight=2158 895 390 505 204 193 1263 1133 125 68 312 186 579 310 130 105 554 269 507 272 118 219 161 70 154 91 289 143 70 50
internal_count=2158 895 390 505 204 193 1263 1133 125 68 312 186 579 310 130 105 554 269 507 272 118 219 161 70 154 91 289 143 70 50
is_linear=0
shrinkage=0.03


Tree=29
num_leaves=28
num_cat=0
split_feature=23 22 22 23 21 15 27 13 23 15 25 18 23 21 22 23 23 21 14 16 20 23 23 17 14 16 22
split_gain=1.20859 1.09499 1.28769 0.266351 0.324329 0.287722 0.241744 0.198952 0.161142 0.210618 0.204459 0.148569 0.146636 0.137805 0.13778 0.124228 0.101672 0.0847824 0.0664845 0.0614474 0.0856087 0.0606054 0.0355424 0.0325867 0.0223788 0.0149603 0.0088348
threshold=267.52500000000003 286.08700000000005 277.73450000000008 314.01500000000004 21.175000195000006 0.0098140156052885525 394757.00000000006 1.0482722022122872 252.20000000000002 0.012475571117273451 -1.5085385644999998 0.76156797395705189 319.91000000000003 27.325000765000002 241.45850000000004 307.17000000000007 266.43500000000006 21.574999805000001 0.017766061823653954 29.617527955737717 2.3350000000000004 267.18000000000001 255.52000000000001 0.0053313366836353513 0.01518346880580315 52.512545522605052 260.61500000000007
decision_type=2 2 2 2 2 2 2 2 2 2 2 2 2 2 2 2 2 2 2 2 2 2 2 2 2 2 2
left_child=6 2 3 4 5 -2 13 8 9 -8 -11 -4 18 14 17 -6 23 22 -5 -10 -21 -18 -1 -16 -13 -3 -14
right_child=1 25 11 12 15 -7 7 -9 19 10 -12 24 26 -15 16 -17 21 -19 -20 20 -22 -23 -24 -25 -26 -27 -28
leaf_value=-0.0014430078629321782 -0.0012065723317095124 -0.0023005472863359107 0.0022809097639151978 0.0028935731578180945 -0.0012512536371248732 0.00095715154698575329 -0.0019471247778697445 -0.0024152286604449554 0.00081240522888089924 -0.0004672565560473265 0.0011664099959007022 0.0067896055132150648 0.00062713747527247865 -0.0029530075373324122 0.00041545945469988502 0.00058196584166563653 -0.0023291941765695807 0.00012674376177780613 0.001134463652789306 -0.001369945030740103 -0.00021788226153351343 -0.0003249770842684323 -0.0028637058399617671 -0.00073072497352092932 0.0043837997049093252 -0.0042479550816118721 -0.000143889128675007
leaf_weight=236 60 20 27 73 125 510 32 36 20 105 187 20 22 37 95 42 29 25 38 126 121 33 23 27 39 29 21
leaf_count=236 60 20 27 73 125 510 32 36 20 105 187 20 22 37 95 42 29 25 38 126 121 33 23 27 39 29 21
internal_value=0 0.000744446 0.000967583 0.000622755 0.000379228 0.000722423 -0.00067653 -0.000276062 -0.00013683 0.000306156 0.000569133 0.00445746 0.00175888 -0.00116629 -0.00101264 -0.000771628 -0.000348655 -0.00142957 0.00233365 -0.000684717 -0.000820825 -0.00133214 -0.00159124 0.000133527 0.0053489 -0.003575 0.000187695
internal_weight=2158 1026 977 891 737 570 1132 627 591 324 292 86 154 505 468 167 184 284 111 267 247 62 259 122 59 49 43
internal_count=2158 1026 977 891 737 570 1132 627 591 324 292 86 154 505 468 167 184 284 111 267 247 62 259 122 59 49 43
is_linear=0
shrinkage=0.03


Tree=30
num_leaves=31
num_cat=0
split_feature=23 15 26 23 27 15 14 27 27 16 17 13 23 15 25 15 26 23 16 16 27 25 26 16 17 25 23 17 27 24
split_gain=1.13938 0.839299 0.435177 0.373437 0.368683 0.25874 0.323262 0.22766 0.197994 0.192873 0.278425 0.187429 0.151465 0.198474 0.192562 0.148387 0.131931 0.188591 0.128379 0.121753 0.0828413 0.0820546 0.0658413 0.0580678 0.0775106 0.0462381 0.0304356 0.0199636 0.0142899 0.0110504
threshold=267.52500000000003 0.026333439937092754 95.500000000000014 282.36500000000007 416645.00000000006 0.017676100708198101 0.010778820869392702 394757.00000000006 312962.00000000006 44.787187522594188 0.0047885642425414508 1.0482722022122872 252.20000000000002 0.012475571117273451 -1.5085385644999998 0.011636016699144451 95.500000000000014 266.78000000000003 52.219900244150018 45.251808050638317 384773.50000000006 0.87577121400000013 62.000000000000007 29.617527955737717 -0.0024043545524235497 1.0000000180025095e-35 238.23000000000005 0.007360425603451951 266369.00000000006 1.3468817180000003
decision_type=2 2 2 2 2 2 2 2 2 2 2 2 2 2 2 2 2 2 2 2 2 2 2 2 2 2 2 2 2 2
left_child=7 2 5 4 18 6 15 16 -8 25 -11 12 13 -9 -15 -2 17 20 -4 -7 22 -21 -1 -14 -25 -5 28 29 -18 -28
right_child=1 -3 3 9 -6 19 8 11 -10 10 -12 -13 23 14 -16 -17 26 -19 -20 21 -22 -23 -24 24 -26 -27 27 -29 -30 -31
leaf_value=9.863892287082437e-05 -0.0014129558646472523 -0.0037002446585007614 0.0055641276179389521 0.001093606764776632 0.00018486590885246793 0.0012771318331360818 0.0029210098755752876 -0.0018904811174354766 0.00089197950773844752 -5.5875392220686251e-05 0.0025169963180646303 -0.0023447300843089012 0.00078919365499833865 -0.00045337109895173748 0.0011316038417423075 0.0005474960561619983 -0.0001179325618515057 -0.0036656029969453813 0.00237409308785107 -0.0015585917893753663 -0.0029286032541869923 0.0001614081961883893 -0.001261681522104073 -0.0015947500453688777 -0.0004105546617060131 0.0028375790653813442 -0.00043766943696050008 -0.0010381152355649437 -0.0012191010753819214 0.00013548404194981507
leaf_weight=34 73 36 43 29 26 21 53 32 285 147 49 36 20 105 187 62 20 35 24 90 25 30 177 77 170 58 48 25 73 68
leaf_count=34 73 36 43 29 26 21 53 32 285 147 49 36 20 105 187 62 20 35 24 90 25 30 177 77 170 58 48 25 73 68
internal_value=0 0.000722595 0.000890024 0.00169488 0.00335282 0.000390314 0.000729481 -0.000657096 0.00122667 0.0011296 0.000581626 -0.000268279 -0.00013298 0.000296302 0.000551823 -0.000493136 -0.00113243 -0.00158909 0.00451726 -0.00072346 -0.00125431 -0.00110602 -0.0010289 -0.000664262 -0.000796755 0.00230938 -0.000586291 -0.00027527 -0.00101798 -7.77556e-05
internal_weight=2158 1026 990 376 93 614 473 1132 338 283 196 627 591 324 292 135 505 271 67 141 236 120 211 267 247 87 234 141 93 116
internal_count=2158 1026 990 376 93 614 473 1132 338 283 196 627 591 324 292 135 505 271 67 141 236 120 211 267 247 87 234 141 93 116
is_linear=0
shrinkage=0.03


Tree=31
num_leaves=22
num_cat=0
split_feature=22 22 22 11 11 22 19 22 15 22 18 14 26 16 19 20 16 19 20 19 11
split_gain=0.980271 1.72469 0.701964 0.380737 0.366102 0.352567 0.302186 0.255241 0.254397 0.192281 0.191146 0.206229 0.159148 0.11889 0.106297 0.0798326 0.0571961 0.0531038 0.047157 0.0343573 0.0178419
threshold=286.08700000000005 275.23000000000008 240.38350000000003 0.96993143947852012 1.0144938053020709 293.10550000000006 93.555000305000007 238.02500000000001 0.016845495079837302 244.08450000000002 0.90598583386078513 0.014919065637183052 96.500000000000014 54.183970628244317 80.950000765000013 1.5050000000000001 32.346732856889098 106.49000170000001 2.2650000000000001 95.764999390000014 0.95701292046793951
decision_type=2 2 2 2 2 2 2 2 2 2 2 2 2 2 2 2 2 2 2 2 2
left_child=1 2 4 12 7 -2 8 14 -5 -8 13 -12 16 -3 -1 -14 -4 -7 19 -6 -9
right_child=5 10 3 6 18 17 9 20 -10 -11 11 -13 15 -15 -16 -17 -18 -19 -20 -21 -22
leaf_value=-0.0014429806850210297 -0.0040242586614035849 0.0040262541271407493 0.0016241952049626538 0.0015970021190443624 -0.0030646576868168618 -0.0016981985725940682 0.00057992465514140553 -0.0011073722408755735 6.9338728491964692e-06 -0.00060718028211533264 0.0075757368833080617 0.0033964592576580677 0.0031883327905088666 0.00087942497790791097 0.00021613485545935376 0.0013304973702975794 0.00041852669515441554 0 -0.0013080644873303493 -0.0015468961009223545 -0.0021401429007407921
leaf_weight=39 66 21 51 169 66 36 158 50 202 514 21 36 47 29 264 56 152 35 55 34 57
leaf_count=39 66 21 51 169 66 36 158 50 202 514 21 36 47 29 264 56 152 35 55 34 57
internal_value=0 0.000165827 -4.07277e-05 0.000329466 -0.000928927 -0.00244748 5.30729e-05 -0.000447805 0.000741661 -0.000323165 0.00385459 0.00509199 0.00125854 0.00231295 0 0.0022296 0.000742611 -0.000904541 -0.00217131 -0.00259875 -0.00170004
internal_weight=2158 2021 1914 1349 565 137 1043 410 371 672 107 57 306 50 303 103 203 71 155 100 107
internal_count=2158 2021 1914 1349 565 137 1043 410 371 672 107 57 306 50 303 103 203 71 155 100 107
is_linear=0
shrinkage=0.03


Tree=32
num_leaves=23
num_cat=0
split_feature=22 22 22 22 22 19 13 20 18 14 15 22 27 22 13 13 20 22 24 19 12 15
split_gain=0.924357 1.62868 0.662629 0.331267 0.24355 0.225546 0.223152 0.185168 0.17943 0.194694 0.174961 0.185356 0.131079 0.107287 0.107104 0.0990166 0.0911617 0.0565803 0.0504656 0.0499182 0.0190801 0.0102272
threshold=286.08700000000005 275.23000000000008 240.86050000000003 293.10550000000006 238.03350000000003 93.505001070000006 0.96554995378794228 1.8150000000000002 0.90598583386078513 0.0155813096066358 0.016845495079837302 269.51850000000007 397039.50000000006 247.54450000000003 1.0077563199129627 1.0184949967195451 1.635 236.61750000000004 2.0787402365000003 106.49000170000001 0.97854008360989864 0.015459909275830602
decision_type=2 2 2 2 2 2 2 2 2 2 2 2 2 2 2 2 2 2 2 2 2 2
left_child=1 2 4 -2 12 10 18 -8 14 -10 13 -12 17 -4 -3 -14 20 -1 -7 -5 -6 -18
right_child=3 8 5 19 16 6 7 -9 9 -11 11 -13 15 -15 -16 -17 21 -19 -20 -21 -22 -23
leaf_value=-0.001873164404107037 -0.0039053327463456056 0.0039494581861155374 0 -0.0016486295400552349 0 0.0017085518293358663 0.00053696178988836378 -0.00044785763736675851 0.0071872705181594936 0.0031828520587512421 -0.00023991034041595061 0.0016622244128070417 0.00036274320780922762 0.0017757959793507421 0.00092645409195533674 -0.0011554184089042246 -0.0017490014098584651 -0.00069791011785168841 0 0 -0.0012420913069782888 -0.0028398011922225598
leaf_weight=56 66 20 39 36 21 80 253 523 23 34 165 62 169 184 30 49 41 159 20 35 33 60
leaf_count=56 66 20 39 36 21 80 253 523 23 34 165 62 169 184 30 49 41 159 20 35 33 60
internal_value=0 0.000161232 -3.94473e-05 -0.00237645 -0.000878231 0.000330623 4.63108e-05 -0.000122637 0.00374586 0.00494645 0.000876102 0.000271469 -0.000501246 0.00147423 0.00224821 4.0887e-06 -0.00190216 -0.00102517 0.00137528 -0.000879068 -0.00080094 -0.0024479
internal_weight=2158 2021 1914 137 588 1326 876 776 107 57 450 227 433 223 50 218 155 215 100 71 54 101
internal_count=2158 2021 1914 137 588 1326 876 776 107 57 450 227 433 223 50 218 155 215 100 71 54 101
is_linear=0
shrinkage=0.03


Tree=33
num_leaves=23
num_cat=0
split_feature=22 22 22 11 11 19 19 22 15 22 18 16 26 19 15 20 16 20 10 19 19 11
split_gain=0.871515 1.53821 0.625666 0.350214 0.333961 0.312332 0.268567 0.231592 0.225852 0.182052 0.16887 0.166345 0.147306 0.101917 0.0784264 0.0760626 0.0515458 0.043634 0.0416753 0.0381338 0.0189777 0.0146202
threshold=286.08700000000005 275.23000000000008 240.38350000000003 0.96993143947852012 1.0144938053020709 104.96500015000002 93.555000305000007 238.02500000000001 0.016845495079837302 244.08450000000002 0.99789298715733832 52.219900244150018 96.500000000000014 80.950000765000013 0.017157349618697752 1.4350000000000003 32.346732856889098 2.2750000000000004 0.96221753837173252 95.255001070000006 107.42500305000002 0.95701292046793951
decision_type=2 2 2 2 2 2 2 2 2 2 2 2 2 2 2 2 2 2 2 2 2 2
left_child=1 2 4 12 7 18 8 13 -5 -8 11 -3 16 -1 -12 -14 -4 19 -2 -6 -7 -9
right_child=5 10 3 6 17 20 9 21 -10 -11 14 -13 15 -15 -16 -17 -18 -19 -20 -21 -22 -23
leaf_value=-0.0014034288607916094 -0.0019998565062280529 0.0044499345216090259 0.0015428924672574232 0.0015010192196069779 -0.0029875865576323123 -0.00087747028297470767 0.00056982715974341117 -0.0010548311930615455 2.0497933139375359e-06 -0.00058519853125170212 0.0064463253173232087 0.0010118933985941111 0.0035151869893074034 0.00022098374771479216 0.0032874091851711274 0.0015166439797636121 0.00039597486375261685 -0.0011468009414170315 -0.0039573180235922337 -0.0015549926445718204 0.00018248515150376727 -0.0020187720381494223
leaf_weight=39 25 22 51 169 62 33 158 50 202 514 24 37 29 264 24 74 152 48 59 45 20 57
leaf_count=39 25 22 51 169 62 33 158 50 202 514 24 37 29 264 24 74 152 48 59 45 20 57
internal_value=0 0.000156565 -3.84174e-05 0.000310987 -0.000877036 -0.00230752 4.57995e-05 -0.000417182 0.000695133 -0.000308729 0.00364022 0.00239667 0.00120201 0 0.00502742 0.00213658 0.000704973 -0.00206372 -0.00344042 -0.00243285 -0.000425959 -0.00161005
internal_weight=2158 2021 1914 1349 565 137 1043 410 371 672 107 59 306 303 48 103 203 155 84 107 53 107
internal_count=2158 2021 1914 1349 565 137 1043 410 371 672 107 59 306 303 48 103 203 155 84 107 53 107
is_linear=0
shrinkage=0.03


Tree=34
num_leaves=24
num_cat=0
split_feature=22 22 22 11 11 19 19 15 22 22 18 26 15 15 13 20 20 19 24 10 11 19 11
split_gain=0.82171 1.45273 0.591298 0.360144 0.32239 0.294362 0.247599 0.207277 0.182574 0.169403 0.159489 0.117457 0.110432 0.10885 0.0943578 0.0733488 0.0461079 0.0559525 0.0459225 0.0384903 0.034301 0.0179715 0.00683167
threshold=286.08700000000005 275.23000000000008 240.86050000000003 0.96884308877837866 1.00747385617114 104.96500015000002 93.555000305000007 0.016845495079837302 244.08450000000002 237.88900000000004 0.90598583386078513 96.500000000000014 0.012226189208977152 0.017157349618697752 1.0077563199129627 1.4350000000000003 2.2850000000000006 95.764999390000014 2.1531598665000002 0.96221753837173252 0.91061213508033678 107.42500305000002 1.0486049918105667
decision_type=2 2 2 2 2 2 2 2 2 2 2 2 2 2 2 2 2 2 2 2 2 2 2
left_child=1 2 4 11 9 19 7 -5 -8 12 14 18 -1 -12 -3 -13 17 -6 -4 -2 -11 -7 -18
right_child=5 10 3 6 16 21 8 -9 -10 20 13 15 -14 -15 -16 -17 22 -19 -20 -21 -22 -23 -24
leaf_value=-0.0012213419561312362 -0.0019421683667997754 0.0037192985862493514 0.00099004020262138644 0.0014442134292713537 -0.002780044153102827 -0.00085192042140646229 0.00060403486665745721 1.1246986492230515e-05 -0.00056049856652049456 0 0.0061468039108761429 0.0034889493037400573 0.00034549627972534688 0.002991240263544023 0.00087017950370547274 0.0014865806316714345 -0.00033615782654045946 -0.0012192164594975606 -0.00022845362764783203 -0.0038405770853161807 -0.0014021789958817915 0.0001772713077121547 -0.0013452679350421848
leaf_weight=48 25 20 152 170 78 33 155 203 518 20 28 28 227 29 30 71 20 43 29 59 120 20 32
leaf_count=48 25 20 152 170 78 33 155 203 518 20 28 28 227 29 30 71 20 43 29 59 120 20 32
internal_value=0 0.000152249 -3.71942e-05 0.0003123 -0.000829624 -0.00224039 5.30903e-05 0.000674478 -0.000287343 -0.000365207 0.00353773 0.00126632 5.7708e-05 0.00467232 0.00211923 0.00211213 -0.00191794 -0.0022645 0.000778146 -0.00334036 -0.00121173 -0.0004119 -0.00102742
internal_weight=2158 2021 1914 1326 588 137 1046 373 673 415 107 280 275 57 50 99 173 121 181 84 140 53 52
internal_count=2158 2021 1914 1326 588 137 1046 373 673 415 107 280 275 57 50 99 173 121 181 84 140 53 52
is_linear=0
shrinkage=0.03


Tree=35
num_leaves=31
num_cat=0
split_feature=23 22 22 11 11 23 23 22 19 22 22 22 14 22 23 23 23 16 17 22 17 11 19 25 9 26 22 17 23 22
split_gain=0.894093 0.816869 0.871692 0.240551 0.219927 0.217375 0.223352 0.1786 0.205567 0.174355 0.172048 0.181592 0.138472 0.121608 0.115397 0.109819 0.109394 0.0897422 0.0770912 0.0759546 0.0458908 0.0415097 0.0403913 0.0394572 0.025503 0.0241194 0.0224475 0.0199404 0.0168084 0.0154162
threshold=268.27500000000003 286.08700000000005 277.73450000000008 1.0160262978698118 0.94392395996112566 314.01500000000004 286.82500000000005 241.45850000000004 92.380001070000006 252.37150000000003 240.86050000000003 238.02500000000001 0.025682264448434602 283.52150000000006 319.91000000000003 251.04000000000002 189.07500000000002 32.346732856889098 -0.0095312169650906484 244.08450000000002 -0.0011371722422255997 0.91061213508033678 96.005001070000006 0.032243039000000008 1.0078189033029996 96.500000000000014 243.75500000000002 0.00053398272248365007 273.41500000000008 237.69500000000002
decision_type=2 2 2 2 2 2 2 2 2 2 2 2 2 2 2 2 2 2 2 2 2 2 2 2 2 2 2 2 2 2
left_child=3 2 4 9 25 6 -6 23 -9 10 11 16 19 22 -7 26 -1 -11 -17 -10 -19 -13 -4 27 -22 28 -12 -5 -2 -29
right_child=1 -3 13 7 5 14 -8 8 12 17 15 21 -14 -15 -16 18 -18 20 -20 -21 24 -23 -24 -25 -26 -27 -28 29 -30 -31
leaf_value=-0.0020281586284029551 0.0021200703904032704 -0.0029894150932878254 0.0054634875445203346 -0.0025325687192380426 0.00094457812066371834 0.0020004924082817383 -0.00031819851020729656 0.0014309989295497132 8.4765600492520365e-05 0.0004888649125769735 0.0010356999970681498 0 -0.0032110757950855333 0.0014192389585077764 7.5280779964404326e-05 -0.0012503751572055209 0.00016770576156784617 -0.0022217830933947513 0.0004313199216726103 -0.001152285927095883 -0.00054987111403708051 -0.0015436486325028922 0.0032672397654769673 -0.0028473499414644072 -0.0017354540374130011 0.0028026891828992879 0.0024275921737030148 -0.00082686048423745776 0.000619685205136193 -0.0018535303358520779
leaf_weight=21 20 49 32 22 199 103 336 36 67 24 47 20 22 20 43 27 282 46 174 111 68 112 34 41 29 36 24 56 23 34
leaf_count=21 20 49 32 22 199 103 336 36 67 24 47 20 22 20 43 27 282 46 174 111 68 112 34 41 29 36 24 56 23 34
internal_value=0 0.000724466 0.00094639 -0.000514364 0.000615164 0.000434085 0.000146796 -0.00113601 -0.00059578 -0.000233273 -2.24676e-05 -0.000396287 -0.000980829 0.0037983 0.00145826 0.000563641 0 -0.00110242 0.000185497 -0.000672022 -0.00139186 -0.00132047 0.00444251 -0.00194053 -0.000949028 0.00211367 0.00157505 -0.00155977 0.00141804 -0.00126379
internal_weight=2158 895 846 1263 760 681 535 389 236 874 707 435 200 86 146 272 303 167 201 178 143 132 66 153 97 79 71 112 43 90
internal_count=2158 895 846 1263 760 681 535 389 236 874 707 435 200 86 146 272 303 167 201 178 143 132 66 153 97 79 71 112 43 90
is_linear=0
shrinkage=0.03


Tree=36
num_leaves=29
num_cat=0
split_feature=23 22 22 15 22 20 15 14 23 16 19 15 15 16 18 19 18 27 16 14 26 22 15 19 22 16 19 26
split_gain=0.843779 0.770017 0.822538 0.213988 0.187696 0.323024 0.242011 0.166296 0.141854 0.140159 0.140034 0.136015 0.131638 0.122518 0.117991 0.107131 0.0895604 0.0755382 0.0710581 0.0695027 0.0388181 0.0360012 0.0170528 0.0160423 0.0141064 0.01377 0.00939461 0.00650787
threshold=268.27500000000003 286.08700000000005 277.73450000000008 0.0098140156052885525 252.37150000000003 2.3550000000000004 0.020408573108612053 0.016064460416388003 189.07500000000002 57.137597542215595 98.92499924000002 0.017755645523550401 0.020247504264305206 39.406842646117916 0.76156797395705189 94.985000610000014 0.34046839423451308 376665.50000000006 54.653248001428686 0.012458055303258601 97.500000000000014 240.86050000000003 0.026723433204246656 96.005001070000006 252.76950000000002 52.512545522605052 97.034999850000005 95.500000000000014
decision_type=2 2 2 2 2 2 2 2 2 2 2 2 2 2 2 2 2 2 2 2 2 2 2 2 2 2 2 2
left_child=4 2 3 -2 5 6 9 12 -7 16 -9 17 -5 22 -4 -8 -1 -10 -13 24 26 -11 -6 -16 -15 -3 -21 -17
right_child=1 25 14 7 13 8 15 10 11 21 -12 18 -14 19 23 27 -18 -19 -20 20 -22 -23 -24 -25 -26 -27 -28 -29
leaf_value=0.00061281366957903851 -0.0016379404487864423 -0.001760389657957213 0.0017580685238353906 0.0013419268314795929 0.00068267617620793844 -0.0019700795453549786 -0.0032271073015543391 0.00044042975161499224 7.3143196829848658e-05 -0.0017625849150066429 -0.0016818719636998137 0.00037690335584099945 -0.00099700529987669794 -0.0012710680058589786 0.0051592209282759075 -0.00051868227441030158 -0.00045099590688291939 0.0014740765866499714 -0.00081703639877499278 -0.0016987667559749547 -0.000911385305924341 -0.00051136097308772149 -0.00048134224406385333 0.0031210971176624295 -0.00017144349172511803 -0.0035036043521016833 -0.0030315219201147558 -0.0015226005583535878
leaf_weight=85 35 20 27 325 20 21 45 350 54 84 29 116 21 31 36 27 374 127 71 26 23 39 23 23 27 29 47 23
leaf_count=85 35 20 27 325 20 21 45 350 54 84 29 116 21 31 36 27 374 127 71 26 23 39 23 23 27 29 47 23
internal_value=0 0.00070385 0.000919393 0.000597507 -0.000499618 -0.000337933 -0.00073482 0.000711665 0.000345215 -0.000496905 0.000266144 0.000490449 0.00118886 -0.00135325 0.00368992 -0.00214075 -0.000246568 0.0010753 -6.23879e-05 -0.00174663 -0.00226034 -0.00139737 0 0.00447996 -0.000821603 -0.00290153 -0.00262675 -0.00106011
internal_weight=2158 895 846 760 1263 1066 677 725 389 582 379 368 346 197 86 95 459 181 187 154 96 123 43 59 58 49 73 50
internal_count=2158 895 846 760 1263 1066 677 725 389 582 379 368 346 197 86 95 459 181 187 154 96 123 43 59 58 49 73 50
is_linear=0
shrinkage=0.03


Tree=37
num_leaves=31
num_cat=0
split_feature=23 22 22 19 11 11 11 26 23 27 19 22 14 22 26 26 22 11 17 20 19 23 19 20 19 23 27 19 27 14
split_gain=0.797609 0.689183 0.829808 0.282022 0.292737 0.216647 0.19233 0.168813 0.166878 0.159413 0.144968 0.13195 0.170954 0.113591 0.098659 0.0958236 0.0839337 0.0557223 0.0682914 0.051289 0.0461235 0.0453695 0.040428 0.0365212 0.0337293 0.0328001 0.0325294 0.0275042 0.0222747 0.0214377
threshold=267.52500000000003 286.08700000000005 277.73450000000008 95.185001375000013 0.97484784687345527 1.0160262978698118 1.0790295074266372 69.000000000000014 253.49500000000003 418588.50000000006 80.950000765000013 241.45850000000004 0.025478881185693452 283.52150000000006 94.500000000000014 96.500000000000014 260.15800000000007 0.94885687975999577 -0.0017594148428035999 1.0750000000000004 92.220001220000015 253.05500000000004 95.514999390000014 2.2650000000000001 96.005001070000006 238.23000000000005 433308.00000000006 95.764999390000014 397039.50000000006 0.018723161027867901
decision_type=2 2 2 2 2 2 2 2 2 2 2 2 2 2 2 2 2 2 2 2 2 2 2 2 2 2 2 2 2 2
left_child=5 2 3 6 15 8 16 -6 9 25 -11 23 20 24 -12 -5 -2 22 29 -8 -13 -22 -10 27 -4 28 -20 -7 -1 -19
right_child=1 -3 13 4 7 11 19 -9 17 10 14 12 -14 -15 -16 -17 -18 18 26 -21 21 -23 -24 -25 -26 -27 -28 -29 -30 -31
leaf_value=-0.00087616735880580198 0.0017795700108426688 -0.0028194389192014932 0.0051637391759590673 0.00039942079495920452 0.0009271309506939723 -0.0026310036759267549 0.00067527018301188956 -0.00097464019154687551 0.00043265698450049969 -0.0015655038056150079 0 0.0010088777097740343 -0.0029117057983978436 0.0012886056405092988 0.0012846559771999243 0.002045749648228391 0.00085392084851276914 -0.0026787340451152092 -0.0011805978125567493 -0.0010666115129366516 0.00036478509778389704 -0.00077030817661004173 -0.00071682836361670573 -0.0010761104347153118 0.0030974216891718758 6.3525716176821446e-05 -4.4704501345918018e-05 -0.0012401097586209121 0 -0.0012454562065336299
leaf_weight=140 171 49 32 94 49 66 20 229 39 24 91 20 25 20 147 53 231 30 52 44 39 114 75 55 34 60 50 32 37 36
leaf_count=140 171 49 32 94 49 66 20 229 39 24 91 20 25 20 147 53 231 30 52 44 39 114 75 55 34 60 50 32 37 36
internal_value=0 0.000604562 0.000782063 0.000504466 -4.78762e-05 -0.0005498 0.00101366 -0.000626562 -0.000265919 5.83962e-05 0.000572688 -0.00117038 -0.000630713 0.00358476 0.000806504 0.00102308 0.00125855 -0.000848576 -0.00120103 -0.000474105 -0.000269009 -0.000461 -0.000297154 -0.00184067 0.00420617 -0.000497558 -0.000658754 -0.00222425 -0.000703898 -0.00197198
internal_weight=2158 1026 977 891 425 1132 466 278 781 499 262 351 198 86 238 147 402 282 168 64 173 153 114 153 66 237 102 98 177 66
internal_count=2158 1026 977 891 425 1132 466 278 781 499 262 351 198 86 238 147 402 282 168 64 173 153 114 153 66 237 102 98 177 66
is_linear=0
shrinkage=0.03


Tree=38
num_leaves=31
num_cat=0
split_feature=23 22 22 15 21 21 20 15 14 23 16 18 16 25 18 26 23 27 19 22 15 19 21 15 8 16 19 22 9 18
split_gain=0.754619 0.685755 0.731994 0.194389 0.202906 0.177008 0.235963 0.177651 0.165668 0.120736 0.11465 0.108178 0.108082 0.10787 0.0973257 0.0932153 0.13461 0.0646655 0.0626248 0.0560674 0.0455984 0.0409144 0.0187382 0.0185792 0.0135362 0.0133863 0.0130299 0.0109011 0.0113152 0.00605527
threshold=268.27500000000003 286.08700000000005 277.73450000000008 0.0098140156052885525 36.635000225000006 18.144999505000005 2.3550000000000004 0.020408573108612053 0.016064460416388003 189.07500000000002 52.675795122582961 0.76156797395705189 52.512545522605052 -0.75582280149999981 0.4557953076880385 95.500000000000014 266.78000000000003 335901.00000000006 92.380001070000006 240.86050000000003 0.018676681109882853 95.415000915000022 23.894999505000005 0.018503839133616005 0.99736565269125232 52.512545522605052 96.005001070000006 237.65450000000001 0.97297696338003459 0.88758969944506816
decision_type=2 2 2 2 2 2 2 2 2 2 2 2 2 2 2 2 2 2 2 2 2 2 2 2 2 2 2 2 2 2
left_child=5 2 3 -2 8 6 7 12 -5 -8 17 -4 14 24 -1 16 20 -11 -12 -14 21 -7 -18 -6 -9 -3 -13 29 -29 -17
right_child=1 25 11 4 23 15 9 13 -10 10 18 26 19 -15 -16 27 22 -19 -20 -21 -22 -23 -24 -25 -26 -27 -28 28 -30 -31
leaf_value=0.00078362819602005866 -0.0015649097997617596 -0.0016295374445617198 0.0016303445998512741 0.0013077117300369764 -0.00048546301586449976 9.0698647277389204e-05 -0.0018716533055782992 -0.001306681544490857 0.00035312576709577035 -3.1428348154544695e-05 0.0010426912454422565 0.0048798960831922455 -0.0015904047838412225 -0.0030897462169935065 -0.00042872964165356029 -0.00039489654773338273 -0.0014633720136433838 0.0010916562825762951 -0.00050141877742928707 -0.0003263374230786388 -0.0020749064905685368 -0.0010632038384087775 -0.0029821411270876319 -0.0019426303926988371 -7.8218938825143998e-05 -0.0033202360566705461 0.0029490977893583473 0 -0.00086263447271040547 0.00027866399515187368
leaf_weight=80 35 20 27 319 26 45 21 23 360 55 27 36 87 40 219 21 24 180 131 61 23 56 48 20 21 29 23 24 52 25
leaf_count=80 35 20 27 319 26 45 21 23 360 55 27 36 87 40 219 21 24 180 131 61 23 56 48 20 21 29 23 24 52 25
internal_value=0 0.000665026 0.000868584 0.000564661 0.000673614 -0.000473083 -0.000262299 -0.000681947 0.000807274 0.000269064 0.000395528 0.00348258 -0.000433114 -0.00195013 -9.28221e-05 -0.00108728 -0.00149714 0.000817075 -0.000213786 -0.00109523 -0.000849826 -0.000523828 -0.00254396 -0.0012107 -0.000801804 -0.00273655 0.00423891 -0.000397601 -0.000616396 0
internal_weight=2158 895 846 760 725 1263 945 531 679 414 393 86 447 84 299 318 196 235 158 148 124 101 72 46 44 49 59 122 76 46
internal_count=2158 895 846 760 725 1263 945 531 679 414 393 86 447 84 299 318 196 235 158 148 124 101 72 46 44 49 59 122 76 46
is_linear=0
shrinkage=0.03


Tree=39
num_leaves=31
num_cat=0
split_feature=23 11 11 17 26 23 14 11 27 23 15 18 23 23 23 23 23 26 27 25 11 26 17 15 23 16 17 27 27 24
split_gain=0.713572 0.537912 0.308052 0.294977 0.234496 0.225901 0.20677 0.196801 0.140514 0.13544 0.155908 0.142487 0.12679 0.153137 0.151047 0.117744 0.110688 0.110671 0.102257 0.0754097 0.0662358 0.0658915 0.0647452 0.0629732 0.0612177 0.0461417 0.0537916 0.0345754 0.0149488 0.00881813
threshold=267.52500000000003 1.1133416947912702 0.99268225198207916 0.0025321391355896503 95.500000000000014 284.31000000000006 0.0155813096066358 1.0650275236453239 401056.50000000006 252.20000000000002 0.012475571117273451 0.31706620977742489 278.31500000000005 316.64500000000004 275.7050000000001 273.41500000000008 292.89500000000004 95.500000000000014 433308.00000000006 1.0000000180025095e-35 1.16577566261554 95.500000000000014 -0.0021741785794211492 0.017157349618697752 266.43500000000006 29.617527955737717 -0.0095312169650906484 384773.50000000006 287649.00000000006 1.3531132465000002
decision_type=2 2 2 2 2 2 2 2 2 2 2 2 2 2 2 2 2 2 2 2 2 2 2 2 2 2 2 2 2 2
left_child=7 2 4 12 15 -6 18 8 21 10 -10 -12 14 -14 -4 22 -17 -8 -5 -7 -3 24 -2 -9 27 -11 -27 -1 29 -23
right_child=1 20 3 6 5 19 17 23 9 25 11 -13 13 -15 -16 16 -18 -19 -20 -21 -22 28 -24 -25 -26 26 -28 -29 -30 -31
leaf_value=-0.00067102378590763625 0.0022890440709516405 -0.0011904573264221348 -4.3059134498859447e-05 0.0041478887866437438 0.0046638733511790631 0.00059534895488371452 -0.00013581686854207266 -0.00032679586028825725 -0.0015638629326766187 0.00069852276947183004 0.0018245188193819063 0.0002049903586985622 -0.00090237756890864935 0.00098673566713746949 0.0021851705425651744 -0.00074043687460306534 0.0011794988790312885 0.0014440010110607973 0.0015737857511530647 0.002267147870898178 -0.0034163749010666556 -0.00040375587783861332 0.00046059073519427333 -0.0020202239981502029 -0.0021958193364444859 -0.0019368764583254231 -0.00050607750540867039 -0.0019503553516338938 -0.00057679511442893265 0.00017688290770941727
leaf_weight=170 49 44 89 24 31 44 89 31 32 20 65 212 210 45 37 62 46 67 52 80 22 38 35 96 42 29 192 25 127 53
leaf_count=170 49 44 89 24 31 44 89 31 32 20 65 212 210 45 37 62 46 67 52 80 22 38 35 96 42 29 192 25 127 53
internal_value=-1.76149e-07 0.000571153 0.000754133 0.000342387 0.00146982 0.00234406 0.00118488 -0.000520702 -0.000375284 -4.65273e-05 0.000362818 0.000601011 -0.000164531 -0.000554734 0.000599694 0.000740012 5.31094e-05 0.000528462 0.00246893 0.00170744 -0.00201712 -0.00076513 0.00157686 -0.00163609 -0.00111712 -0.0005831 -0.000715222 -0.000859461 -0.000365409 -3.47261e-05
internal_weight=2158 1026 960 613 347 155 232 1132 1005 550 309 277 381 255 126 192 108 156 76 124 66 455 84 127 237 241 221 195 218 91
internal_count=2158 1026 960 613 347 155 232 1132 1005 550 309 277 381 255 126 192 108 156 76 124 66 455 84 127 237 241 221 195 218 91
is_linear=0
shrinkage=0.03


Tree=40
num_leaves=23
num_cat=0
split_feature=22 22 22 11 11 19 19 15 22 14 11 22 27 26 14 22 22 10 17 22 19 11
split_gain=0.599812 1.04941 0.444148 0.267661 0.234022 0.231975 0.195555 0.177816 0.159979 0.145626 0.175652 0.130739 0.0999978 0.0669699 0.0397145 0.0363199 0.0639651 0.0344183 0.0297279 0.0294898 0.0165336 0.00625623
threshold=286.08700000000005 275.23000000000008 240.38350000000003 0.95071940794535725 1.004124712548365 104.96500015000002 93.505001070000006 0.016845495079837302 238.02500000000001 0.015232257938468651 1.0314512638760489 244.08450000000002 397039.50000000006 96.500000000000014 0.019082881732613705 238.05700000000004 236.61750000000004 0.9830242770482025 -0.009057095255575397 256.23300000000006 107.42500305000002 0.95829892337864975
decision_type=2 2 2 2 2 2 2 2 2 2 2 2 2 2 2 2 2 2 2 2 2 2
left_child=1 2 4 13 8 18 7 -5 12 -3 14 -8 -1 17 -11 16 -6 -4 -2 -15 -7 -10
right_child=5 9 3 6 15 20 11 -9 21 10 -12 -13 -14 19 -16 -17 -18 -19 -20 -21 -22 -23
leaf_value=-0.00058548430815478787 -0.001860341225107036 0.0046648937677964564 0.0010984303819326063 0.0012986965898880809 -0.002382014809221756 -0.00072077175918692615 0.00053435772599119062 1.6860896191023781e-05 -0.00093591930582803088 0.0018142125978553667 -6.2806888119033418e-07 -0.00040032550320752576 0.00054065318378845525 0.0012816073848535454 0.0040160207963652076 -0.0025119054487773352 -0.00086389775746870817 -0.00012755998107604681 -0.0034516009854582645 0.0029972889109932143 0.0002838503354495125 -0.0017209059374129517
leaf_weight=124 33 35 107 188 40 33 171 211 52 24 22 594 162 30 26 41 100 20 51 28 20 46
leaf_count=124 33 35 107 188 40 33 171 211 52 24 22 594 162 30 26 41 100 20 51 28 20 46
internal_value=-8.58553e-08 0.000129127 -3.16526e-05 0.000262479 -0.000738448 -0.00191507 9.07674e-05 0.00063007 -0.00030791 0.00300657 0.00210649 -0.000187055 4.1606e-05 0.00132045 0.00307427 -0.00162866 -0.00133274 0.000882435 -0.002891 0.00219748 -0.000287877 -0.00134835
internal_weight=2158 2021 1914 1349 565 137 1164 399 384 107 72 765 286 185 50 181 140 127 84 58 53 98
internal_count=2158 2021 1914 1349 565 137 1164 399 384 107 72 765 286 185 50 181 140 127 84 58 53 98
is_linear=0
shrinkage=0.03


Tree=41
num_leaves=31
num_cat=0
split_feature=20 22 11 26 26 22 15 19 22 21 20 26 20 11 19 22 18 27 19 19 22 26 20 19 15 25 14 22 16 19
split_gain=0.568492 0.582989 0.488412 0.377183 0.202164 0.178685 0.169593 0.134844 0.243365 0.129261 0.157682 0.141815 0.113998 0.106905 0.106452 0.105176 0.0887113 0.0876724 0.0856857 0.0807709 0.0791534 0.0697331 0.0644436 0.063899 0.0525342 0.0384923 0.0335746 0.0251931 0.0119746 0.00533782
threshold=1.8050000000000004 277.73450000000008 1.0438807466250568 96.500000000000014 84.500000000000014 283.52150000000006 0.014694176436126352 90.975002290000006 237.38300000000004 15.210000040000002 2.3350000000000004 95.500000000000014 2.3950000000000005 0.92158452943438052 98.354999540000009 259.65650000000005 0.46627588129915615 500409.50000000006 88.665000915000022 96.005001070000006 272.28950000000003 57.500000000000007 2.0050000000000003 90.045001985000013 0.015809784913019504 0.43754799600000005 0.016444893121050803 236.61750000000004 44.672279198556687 97.39500046000002
decision_type=2 2 2 2 2 2 2 2 2 2 2 2 2 2 2 2 2 2 2 2 2 2 2 2 2 2 2 2 2 2
left_child=1 3 7 4 6 12 15 8 -2 10 13 17 27 -9 23 -1 -8 -11 24 -3 25 -12 -13 -6 -10 28 -14 -4 -5 -29
right_child=2 19 5 20 14 -7 16 9 18 11 21 22 26 -15 -16 -17 -18 -19 -20 -21 -22 -23 -24 -25 -26 -27 -28 29 -30 -31
leaf_value=0.00082322178367286202 -0.0016417365270666776 0.0046069091921371805 -0.002697818564655988 0.0018040093248305111 0.0012986609853271928 -0.0030661355690921057 -0.00098454799355944425 0.001264769748994149 6.1693780779914552e-06 -0.0013718590978993709 -0.00027253428054973481 0.0011339441891759633 0.00050470017386420121 -0.00061161461655167898 -0.0019628063045585382 0.0034839528199906147 0.00060712790020238762 0 0.0025006198393090107 0.0021133888385569052 0 0.00088661414582330209 -0.00025228995797856789 -0.00040056384536630945 0.0015443868436384944 0.0023825629150212211 -0.00062514646696799892 -0.0015493587742824643 0.00063759274081925726 -0.00081813495989459055
leaf_weight=36 29 30 22 22 20 50 42 29 48 186 55 38 30 241 38 26 112 49 40 35 25 208 129 252 39 83 79 93 34 38
leaf_count=36 29 30 22 22 20 50 42 29 48 186 55 38 30 241 38 26 112 49 40 35 25 208 129 252 39 83 79 93 34 38
internal_value=-4.17942e-08 0.000661819 -0.000358565 0.00039861 3.33213e-07 -0.00140363 0.000708737 -5.59431e-05 0.000753829 -0.000194916 0.000106691 -0.000601523 -0.0010645 -0.000395084 -0.000484309 0.00202422 0.000150128 -0.00107559 0.00133284 0.00336206 0.00165008 0.000632729 5.01555e-05 -0.000260332 0.00073952 0.00192817 -0.000285146 -0.00159478 0.00117207 -0.00136778
internal_weight=2158 755 1403 690 526 312 216 1091 156 935 533 402 262 270 310 62 154 235 127 65 164 263 167 272 87 139 109 153 56 131
internal_count=2158 755 1403 690 526 312 216 1091 156 935 533 402 262 270 310 62 154 235 127 65 164 263 167 272 87 139 109 153 56 131
is_linear=0
shrinkage=0.03


Tree=42
num_leaves=25
num_cat=0
split_feature=11 22 22 22 11 22 22 22 11 27 15 11 22 26 14 11 21 18 21 17 17 27 9 15
split_gain=0.544962 0.458929 0.466251 0.825509 0.215026 0.193858 0.142787 0.123228 0.114359 0.0788543 0.117554 0.0683801 0.0567416 0.0474593 0.0388477 0.0466209 0.0254225 0.0228421 0.0204132 0.0177803 0.0176423 0.0171269 0.0120571 0.00944664
threshold=1.1133416947912702 240.86050000000003 286.08700000000005 277.73450000000008 0.95071940794535725 238.02500000000001 259.28300000000007 293.10550000000006 1.0192159692146188 397039.50000000006 0.012779188277629852 0.95829892337864975 283.52150000000006 96.500000000000014 0.01518346880580315 1.0239348330847002 21.644999505000005 0.53952964111678081 14.320000170000002 0.0034611371795581504 -0.0018964149088185498 385100.50000000006 0.96612709245826012 0.016061816555374451
decision_type=2 2 2 2 2 2 2 2 2 2 2 2 2 2 2 2 2 2 2 2 2 2 2 2
left_child=1 5 3 4 13 8 -6 -4 9 16 -11 22 21 -3 -5 -16 -1 -9 -10 -20 -19 -2 -7 -13
right_child=12 2 7 14 6 11 -8 17 18 10 -12 23 -14 -15 15 -17 -18 20 19 -21 -22 -23 -24 -25
leaf_value=-0.00070481631301798787 -0.00075947554936283269 0.00092431025834574889 -0.0027710934845464569 0.0049511818928377966 8.5341274302582859e-07 0 0.00078441769881594655 9.9090350525719766e-05 -0.00049289858092864348 -0.0014505391260609029 0.00078514613768571951 -0.001386057413352484 -0.0032989221248647259 0.0020862399354277146 0.0036033780188544804 0.001470921343723603 0.00026943800571965624 -0.0016965760637872983 -0.0024250522436840192 -0.00094137448244146062 -0.00036914670195619694 -0.0019134646504600013 -0.00091398988837110143 -0.0023728285600480284
leaf_weight=112 31 113 41 20 842 20 281 20 35 23 147 43 28 58 37 23 25 20 20 31 31 53 48 56
leaf_count=112 31 113 41 20 842 20 281 20 35 23 147 43 28 58 37 23 25 20 20 31 31 53 48 56
internal_value=0 0.000110895 0.000387925 0.00054152 0.000354737 -0.000618256 0.000200111 -0.00145793 -0.000243768 1.86683e-05 0.000458413 -0.00147498 -0.0020292 0.00134569 0.00348402 0.00287263 -0.000504629 -0.000629999 -0.00120453 -0.00161635 -0.000970015 -0.00153683 -0.000660282 -0.00199238
internal_weight=2158 2046 1486 1374 1294 560 1123 112 393 307 170 167 112 171 80 60 137 71 86 51 51 84 68 99
internal_count=2158 2046 1486 1374 1294 560 1123 112 393 307 170 167 112 171 80 60 137 71 86 51 51 84 68 99
is_linear=0
shrinkage=0.03


Tree=43
num_leaves=31
num_cat=0
split_feature=23 22 22 11 11 23 23 20 22 22 20 23 23 11 11 17 15 16 15 14 22 27 27 18 15 22 23 10 25 18
split_gain=0.593254 0.529126 0.559795 0.169781 0.167774 0.173312 0.175967 0.126315 0.17889 0.123031 0.133853 0.131689 0.103727 0.0998427 0.0741283 0.10246 0.0702518 0.0668072 0.0513619 0.045336 0.0441015 0.0429916 0.0382428 0.03417 0.0297156 0.0278439 0.0213617 0.0136228 0.0121483 0.0106908
threshold=268.27500000000003 286.08700000000005 277.73450000000008 1.0160262978698118 0.9389272555154895 314.01500000000004 286.82500000000005 2.3750000000000004 252.57750000000001 252.37150000000003 2.3050000000000002 189.07500000000002 319.91000000000003 1.0174438767419167 0.91474678074073801 -0.0063647144652965492 0.019838906452616652 32.346732856889098 0.016173306042154355 0.016806945977533603 241.45850000000004 414499.50000000006 239377.00000000003 0.82880045814241898 0.018217101696236204 248.33200000000002 266.43500000000006 1.0415053325907186 0.19137162400000002 0.47928055563659805
decision_type=2 2 2 2 2 2 2 2 2 2 2 2 2 2 2 2 2 2 2 2 2 2 2 2 2 2 2 2 2 2
left_child=3 2 4 9 29 6 -6 16 18 10 14 -12 -7 -4 23 -16 20 -11 25 -15 28 -13 -19 -1 -22 -9 -24 -20 -5 -2
right_child=1 -3 13 7 5 12 -8 8 -10 17 11 21 -14 19 15 -17 -18 22 27 -21 24 -23 26 -25 -26 -27 -28 -29 -30 -31
leaf_value=0.00093451247719349324 0.0024518828999849835 -0.0023969136455655096 0.0040638924423367423 -0.001125777117704684 0.0008053799925206844 0.0017613315785188928 -0.00030685188864609266 0 -0.0025381961075056875 0.00044942607108503581 -0.0017022997278677806 0.00021030773360936384 0 0.0027704151501613001 -0.0016515446448846036 -0.00028256286511281871 -0.0023853230667942814 -2.6863320481165172e-05 0 0.00050599001012077282 -0.00088569068338256328 0.0010251808982412332 -0.00037503113690763714 -0.00037067769674467853 0.00044347197178791725 0.0012537812756684918 -0.0016156669509008236 -0.00082774470008444034 -0.0021773546847204369 0.001257090470424908
leaf_weight=51 34 49 46 70 202 106 342 34 27 24 21 114 43 20 61 288 57 27 44 20 35 149 23 23 22 35 93 39 26 33
leaf_count=51 34 49 46 70 202 106 342 34 27 24 21 114 43 20 61 288 57 27 44 20 35 149 23 23 22 35 93 39 26 33
internal_value=0 0.000589218 0.000768341 -0.000419894 0.000501942 0.000356514 0.000101361 -0.000942333 -0.000331986 -0.000183127 -5.43238e-06 0.000493024 0.00126119 0.00305526 -0.000347543 -0.000534447 -0.00144432 -0.000913035 5.4327e-05 0.00175133 -0.00106106 0.000685464 -0.00116407 0.000489312 -0.000322155 0.000671154 -0.00140063 -0.000424628 -0.00146102 0.00193466
internal_weight=2158 895 846 1263 760 693 544 389 179 874 707 284 149 86 423 349 210 167 152 40 153 263 143 74 57 69 116 83 96 67
internal_count=2158 895 846 1263 760 693 544 389 179 874 707 284 149 86 423 349 210 167 152 40 153 263 143 74 57 69 116 83 96 67
is_linear=0
shrinkage=0.03


Tree=44
num_leaves=23
num_cat=0
split_feature=11 20 22 26 26 11 17 21 19 17 26 22 20 22 22 22 25 25 20 17 19 19
split_gain=0.497123 0.429085 0.601163 0.322123 0.244456 0.223051 0.136277 0.131606 0.0998853 0.0917617 0.103335 0.0866093 0.111715 0.0522753 0.0503851 0.0455804 0.0433403 0.0361878 0.0353292 0.0339834 0.0112305 0.00977468
threshold=1.1133416947912702 1.8050000000000004 277.73450000000008 96.500000000000014 84.500000000000014 1.0218714423231006 -0.0017155292050441996 27.994999885000002 98.354999540000009 -0.012750480759550297 89.500000000000014 286.08700000000005 2.3750000000000004 272.28950000000003 283.52150000000006 251.11600000000001 -0.52032733749999982 0.43754799600000005 2.3250000000000006 -0.004672260975132049 92.380001070000006 95.64500046000002
decision_type=2 2 2 2 2 2 2 2 2 2 2 2 2 2 2 2 2 2 2 2 2 2
left_child=1 2 3 4 6 7 -1 9 -6 18 -11 12 19 17 20 -14 -4 -5 -3 -7 -2 -22
right_child=14 5 16 13 8 11 -8 -9 -10 10 -12 -13 15 -15 -16 -17 -18 -19 -20 -21 21 -23
leaf_value=-0.00047792553652834614 -0.0020571917222114277 -0.0019705459955334662 0.0020154646313325923 0.0010765768589611215 -0.00025230317855854225 -0.0022818474161624904 0.00132300441608861 -0.001718008940410171 -0.0019022275543986603 -0.00032772136579525786 0.00039171886940522727 -0.0024178007744252682 0.00021603302774154053 7.9676576185232502e-05 -0.0031425098614959878 -0.0010397633163851091 0.0042862563649049175 0.002247046539593222 -9.6013413742184627e-05 -0.00095544810599045992 -0.00028285478554399945 -0.0013864222584730561
leaf_weight=47 31 24 21 56 272 24 150 36 38 250 607 29 118 22 28 32 38 83 20 179 20 33
leaf_count=47 31 24 21 56 272 24 150 36 38 250 607 29 118 22 28 32 38 83 20 179 20 33
internal_value=0 0.000105577 0.000691238 0.000427081 4.87551e-05 -0.000215231 0.000877946 3.09816e-05 -0.000469664 0.000106017 0.000178213 -0.000825496 -0.000679749 0.00159228 -0.00193842 -3.71143e-05 0.00357507 0.00180798 -0.00120622 -0.00113739 -0.00146951 -0.00103849
internal_weight=2158 2046 727 668 507 1319 197 937 310 901 857 382 353 161 112 150 59 139 44 203 84 53
internal_count=2158 2046 727 668 507 1319 197 937 310 901 857 382 353 161 112 150 59 139 44 203 84 53
is_linear=0
shrinkage=0.03


Tree=45
num_leaves=31
num_cat=0
split_feature=23 22 22 22 20 16 19 22 19 19 19 14 19 16 19 16 16 22 22 22 27 26 23 18 20 26 14 20 13 9
split_gain=0.545592 0.471787 0.503714 0.133695 0.227756 0.132123 0.123755 0.174348 0.121222 0.112981 0.126797 0.112382 0.107842 0.0914853 0.0850814 0.0839716 0.0788252 0.0739825 0.106704 0.0588746 0.0507384 0.0498425 0.0468672 0.0422682 0.0320746 0.0281032 0.0128847 0.0121354 0.00979397 0.00453308
threshold=268.27500000000003 286.08700000000005 277.73450000000008 252.37150000000003 2.3550000000000004 65.999952919302828 94.194999695000021 258.49100000000004 94.665000915000022 80.950000765000013 92.325000760000009 0.019634376973019601 92.014999390000014 39.406842646117916 96.005001070000006 52.219900244150018 54.494759551024664 240.38350000000003 237.69500000000002 244.08450000000002 239377.00000000003 94.500000000000014 266.78000000000003 0.81824033888070657 1.2350000000000001 97.500000000000014 0.0139517151851753 2.9250000000000003 1.0112515908057433 1.0404290123310294
decision_type=2 2 2 2 2 2 2 2 2 2 2 2 2 2 2 2 2 2 2 2 2 2 2 2 2 2 2 2 2 2
left_child=3 2 5 4 8 6 12 -8 11 -6 21 23 -2 27 -4 -16 -12 18 -10 -19 -15 -11 26 -1 -7 -24 -22 -5 -3 -26
right_child=1 28 14 13 9 24 7 -9 17 10 16 -13 -14 20 15 -17 -18 19 -20 -21 22 -23 25 -25 29 -27 -28 -29 -30 -31
leaf_value=-0.00027541963742590844 0.00040105075470021868 -0.0014108024793863295 0.0039380542324899239 0.00057187310497924359 -0.0011838626663637113 0.00010624966464693778 0.00052400548677220579 -0.0012022001719451509 1.532317359420219e-05 0.00020832259061039776 0.00055244922191355253 -0.0025289929825812575 0.0015062941558667746 -0.00017685063040397803 0.0031324761254204942 0.00034849004409625201 -0.00051908029757594533 0.00065072241006590252 -0.0011031565351661778 -0.00056661138890688918 -0.000134773550205864 0.0018511700220735056 -0.0025206822248264437 -0.0012479977598850382 -0.0016508302714210003 -0.00087395911184804786 -0.0013400903931734237 -0.00039585247077047824 -0.0028630515864262211 -0.0006657406195066869
leaf_weight=87 155 24 42 22 39 22 284 63 136 28 154 45 187 28 21 23 100 101 161 52 23 68 62 95 20 20 21 21 25 29
leaf_count=87 155 24 42 22 39 22 284 63 136 28 154 45 187 28 21 23 100 101 161 52 23 68 62 95 20 20 21 21 25 29
internal_value=-3.36677e-07 0.000564573 0.000733845 -0.000403152 -0.000266192 0.000480883 0.000610359 0.000199427 -0.000599775 0.000306718 0.000484258 -0.00116833 0.00101676 -0.00112403 0.00290362 0.00178396 0.000118441 -0.000304365 -0.000582591 0.000216515 -0.00146452 0.00141002 -0.00172341 -0.000803523 -0.000724943 -0.00217056 -0.000793701 3.28256e-05 -0.00225419 -0.00115279
internal_weight=2158 895 846 1263 1066 760 689 347 677 389 350 227 342 197 86 44 254 450 297 153 154 96 126 182 71 82 44 43 49 49
internal_count=2158 895 846 1263 1066 760 689 347 677 389 350 227 342 197 86 44 254 450 297 153 154 96 126 182 71 82 44 43 49 49
is_linear=0
shrinkage=0.03


Tree=46
num_leaves=31
num_cat=0
split_feature=23 19 22 22 11 11 22 11 23 22 11 19 22 14 22 22 17 23 22 19 17 11 17 19 25 27 20 27 12 23
split_gain=0.516438 0.435987 0.438188 0.423373 0.146421 0.144681 0.140072 0.165792 0.129169 0.134115 0.119657 0.105352 0.0751511 0.110017 0.0723875 0.07051 0.072652 0.0696083 0.0631385 0.0416573 0.0404567 0.0404274 0.058383 0.0353245 0.0323728 0.0305297 0.0290833 0.0283557 0.0280978 0.0280234
threshold=267.52500000000003 96.685001375000013 277.73450000000008 258.87850000000009 1.0226042758411544 1.0956775162601218 256.03400000000005 1.0273939184589505 253.49500000000003 240.86050000000003 0.98459072003351011 95.185001375000013 241.45850000000004 0.025478881185693452 260.15800000000007 237.88900000000004 -0.0045926230228520498 251.04000000000002 253.04550000000003 96.005001070000006 -0.0018228644896726997 0.94885687975999577 -0.0017594148428035999 92.380001070000006 0.19137162400000002 620251.50000000012 2.8150000000000004 433308.00000000006 1.0164101029267465 292.89500000000004
decision_type=2 2 2 2 2 2 2 2 2 2 2 2 2 2 2 2 2 2 2 2 2 2 2 2 2 2 2 2 2 2
left_child=4 2 5 6 8 11 10 20 9 15 25 14 24 23 -2 16 -1 -11 -13 -4 -8 -10 26 -14 -6 -3 -23 -24 -5 -12
right_child=1 3 19 28 12 -7 7 -9 21 17 29 18 13 -15 -16 -17 -18 -19 -20 -21 -22 22 27 -25 -26 -27 -28 -29 -30 -31
leaf_value=-0.00076901495353358059 0.0014812274572778331 0 0.0038226601205939474 -0.0016016598483920099 -0.0012110955691793661 -0.00081430282861065973 0.00084615357898963747 -0.00023984203653984172 -0.00024939600688319289 0.001494969403129071 -0.0016674527411482164 -0.001285455659125 0.00085044840114590313 -0.0024324117395281789 0.00064661759601248626 -0.00087917633774878376 0.00029572703775154779 0 0.00047954626956594765 0.0020445920520533734 0.0023459517507101683 -0.002503214344009757 -0.00098818607837061517 -0.00043889693716672528 -0.0025040155418682842 0.0012673573958605767 -0.0010345300052082165 0 -0.0031306126636007556 -0.00028996261077450725
leaf_weight=76 178 55 42 74 101 51 38 61 114 74 48 29 20 24 245 103 227 45 43 38 50 29 55 137 31 25 44 52 22 27
leaf_count=76 178 55 42 74 101 51 38 61 114 74 48 29 20 24 245 103 227 45 43 38 50 29 55 137 31 25 44 52 22 27
internal_value=-5.88553e-07 0.000485248 0.000980086 -0.000282205 -0.000443619 0.00066618 0.000258899 0.000918489 -0.000227367 4.94531e-05 -0.00035775 0.000826097 -0.000997385 -0.000568784 0.00100757 -0.000204478 1.71435e-05 0.000935292 -0.000198132 0.00305078 0.0017488 -0.000730351 -0.00101532 -0.000251319 -0.00155384 0.00041994 -0.00168446 -0.000519655 -0.00201163 -0.00122137
internal_weight=2158 1026 626 400 1132 546 304 149 819 525 155 495 313 181 423 406 303 119 72 80 88 294 180 157 132 80 73 107 96 75
internal_count=2158 1026 626 400 1132 546 304 149 819 525 155 495 313 181 423 406 303 119 72 80 88 294 180 157 132 80 73 107 96 75
is_linear=0
shrinkage=0.03


Tree=47
num_leaves=24
num_cat=0
split_feature=11 20 22 26 26 11 17 26 17 20 22 20 20 22 22 22 22 25 22 20 15 17 15
split_gain=0.434287 0.362825 0.513887 0.283635 0.219719 0.19725 0.121776 0.0888748 0.0841252 0.082496 0.0719272 0.0958957 0.0666283 0.0541717 0.0518362 0.0494888 0.0417303 0.0394121 0.0393066 0.0347875 0.0313119 0.0307088 0.00886098
threshold=1.1133416947912702 1.8050000000000004 277.73450000000008 96.500000000000014 84.500000000000014 1.0218714423231006 -0.0017155292050441996 89.500000000000014 -0.011842168754522148 2.6350000000000002 286.08700000000005 2.3750000000000004 2.6450000000000005 261.47800000000007 288.11750000000001 272.28950000000003 283.52150000000006 -0.52032733749999982 251.11600000000001 0.63500000000000012 0.010544009426229501 -0.004672260975132049 0.018676681109882853
decision_type=2 2 2 2 2 2 2 2 2 2 2 2 2 2 2 2 2 2 2 2 2 2 2
left_child=1 2 3 4 6 7 -1 14 9 -9 11 21 -10 -6 20 19 22 -4 -13 -5 -3 -7 -2
right_child=16 5 17 15 13 10 -8 8 12 -11 -12 18 -14 -15 -16 -17 -18 -19 -20 -21 -22 -23 -24
leaf_value=-0.00045643167246817027 -0.00054844676169820805 -0.0014053148758913655 0.0018195523625578391 0.00032258381830927514 -0.00072731237634159811 -0.002150943770930171 0.0012440041196370645 -0.0018585932268337768 0.0005139885662273513 0.00040780361328759918 -0.0022270933590829373 0.00019352725435790855 -0.00017615063920858298 9.7366549655562265e-05 -0.0017814005743712186 1.7437144619179881e-05 -0.0029214150930016204 0.0039782996716407623 -0.00097172892512753593 0.0018949558849068126 -0.00015749355694192937 -0.00088731092756255138 -0.0015945884932880288
leaf_weight=47 21 20 21 20 211 24 150 32 452 22 29 118 166 99 23 22 28 38 32 119 222 179 63
leaf_count=47 21 20 21 20 211 24 150 32 452 22 29 118 166 99 23 22 28 38 32 119 222 179 63
internal_value=-8.63701e-07 9.76921e-05 0.000636313 0.000391708 3.63825e-05 -0.000197167 0.000822909 3.41997e-05 0.000220603 -0.000890074 -0.000771122 -0.000637082 0.00032378 -0.000454835 -0.000426264 0.001485 -0.00181275 0.00330306 -3.99822e-05 0.00169406 -0.000278324 -0.00106122 -0.00137788
internal_weight=2158 2046 727 668 507 1319 197 937 672 54 382 353 618 310 265 161 112 59 150 139 242 203 84
internal_count=2158 2046 727 668 507 1319 197 937 672 54 382 353 618 310 265 161 112 59 150 139 242 203 84
is_linear=0
shrinkage=0.03


Tree=48
num_leaves=31
num_cat=0
split_feature=23 22 22 11 11 23 22 15 11 23 15 27 23 25 22 15 11 23 27 22 21 15 13 25 23 21 20 13 3 15
split_gain=0.472022 0.37526 0.462465 0.205258 0.130261 0.128479 0.168446 0.124034 0.213872 0.117965 0.125589 0.130958 0.0912166 0.0907426 0.0690107 0.0883424 0.0551047 0.0465784 0.0385469 0.0412576 0.0475002 0.0413938 0.0334106 0.0306405 0.0283396 0.0249075 0.0215789 0.00847852 0.0059306 0.00523814
threshold=267.52500000000003 286.08700000000005 275.23000000000008 0.98617669192046076 1.0226042758411544 315.46500000000003 252.37150000000003 0.015146468237123602 1.0174438767419167 253.49500000000003 0.012041613794139301 414499.50000000006 319.91000000000003 -1.9687181554999997 241.45850000000004 0.024945833749296802 0.9389272555154895 292.89500000000004 623651.00000000012 245.80900000000003 16.345000265000007 0.015966476668715753 1.0526337123809275 0.19137162400000002 229.17500000000004 13.375000000000002 1.8050000000000004 1.0112515908057433 0.0005088264760627002 0.0110658461659722
decision_type=2 2 2 2 2 2 2 2 2 2 2 2 2 2 2 2 2 2 2 2 2 2 2 2 2 2 2 2 2 2
left_child=4 2 3 16 9 6 -5 -4 -9 10 26 24 -7 -13 23 22 28 -18 19 21 -21 -11 25 -6 -12 -16 -1 -3 -2 -28
right_child=1 27 7 5 14 12 -8 8 -10 18 11 13 -14 -15 15 -17 17 -19 -20 20 -22 -23 -24 -25 -26 -27 29 -29 -30 -31
leaf_value=0 0.0020837084656838878 -0.0012647018010914326 0.0042738489569830044 0.00096763651953323893 -0.001147090822831481 0.0018566276881222922 -0.0004343023542305742 0.003133314728488525 0 -0.00031018971195444467 -0.00062745305433337768 -0.00032171709616245193 0 0.0010277399659216827 -0.00036011564027211521 -0.0021003013808679367 0.00031308104533409276 0.0012534475081839205 0.00046150744739653811 0 -0.00092474160775875768 -0.0018638192485045041 -0.0011907241879962384 -0.0024043651381507516 7.3571954907882697e-05 0.00048857463842732075 -0.0015683323370874857 -0.0026291355880407184 0.0010380346222987607 -0.00064961552426555293
leaf_weight=20 46 24 27 94 101 53 396 44 36 29 112 54 42 191 78 27 119 94 20 80 110 55 26 31 83 50 39 25 26 26
leaf_count=20 46 24 27 94 101 53 396 44 36 29 112 54 42 191 78 27 119 94 20 80 110 55 26 31 83 50 39 25 26 26
internal_value=-1.06532e-06 0.000463347 0.00059492 0.000360572 -0.000424675 3.31908e-05 -0.000157826 0.00245161 0.00175439 -0.000220395 4.38917e-05 0.000253763 0.00104107 0.000718015 -0.000947238 -0.000535658 0.00101961 0.000746015 -0.000701055 -0.000798192 -0.000522635 -0.0013727 -0.000230202 -0.00148077 -0.000314909 -4.12271e-06 -0.000997936 -0.0020595 0.00176659 -0.00126171
internal_weight=2158 1026 977 870 1132 585 490 107 80 819 525 440 95 245 313 181 285 213 294 274 190 84 154 132 195 128 85 49 72 65
internal_count=2158 1026 977 870 1132 585 490 107 80 819 525 440 95 245 313 181 285 213 294 274 190 84 154 132 195 128 85 49 72 65
is_linear=0
shrinkage=0.03


Tree=49
num_leaves=31
num_cat=0
split_feature=23 22 22 11 20 19 11 14 11 20 22 22 20 19 22 27 11 19 19 19 16 27 19 15 11 27 19 18 23 15
split_gain=0.447151 0.375204 0.403923 0.160003 0.147959 0.14127 0.128171 0.1193 0.14648 0.0980428 0.141667 0.0980091 0.107974 0.132895 0.0893703 0.0725491 0.0688803 0.0887583 0.0653139 0.0579153 0.0566591 0.0524253 0.0516872 0.0374227 0.0345582 0.0328613 0.0322591 0.0302239 0.0188354 0.0153588
threshold=268.27500000000003 286.08700000000005 275.23000000000008 1.0280788115632815 1.3150000000000002 99.055000305000007 1.0160262978698118 0.014401841279637452 1.0174438767419167 2.3750000000000004 252.57750000000001 252.37150000000003 2.3050000000000002 80.950000765000013 253.79800000000003 363552.50000000006 0.91474678074073801 94.524997710000022 96.954998015000015 92.380001070000006 32.346732856889098 344072.50000000006 92.755001070000006 0.019838906452616652 0.97699204614031376 239377.00000000003 97.694999695000021 0.82880045814241898 266.43500000000006 0.018161170439907805
decision_type=2 2 2 2 2 2 2 2 2 2 2 2 2 2 2 2 2 2 2 2 2 2 2 2 2 2 2 2 2 2
left_child=6 2 3 5 21 14 11 -4 -9 18 19 12 16 -14 -2 -10 27 -18 23 -11 -13 -5 -15 -8 -7 -22 -6 -1 -27 -20
right_child=1 -3 7 4 26 24 9 8 15 10 -12 20 13 22 -16 -17 17 -19 29 -21 25 -23 -24 -25 -26 28 -28 -29 -30 -31
leaf_value=0.00091617463090313731 0.002237012938635939 -0.0020018526510894295 0.004310977280437946 -0.00070784893236954568 -0.00095107058670065837 0.00017610117881226218 -0.0012049878759775312 0.0030089103880205324 0.0016510006526315752 0.0010757001313927152 -0.0022443180168047546 0.00043839683488011363 -0.0011312271888717078 0.0014529795318058774 0.00078469115194584763 -0.00074067018060436981 -0.0014119317597150803 -0.00022545155271654947 -0.00087418986644063673 -0.00025668889557861765 0 0.0008630394184995033 0.0004235409878185729 -0.0023916793061876072 -0.0012949454326881093 -0.00029737206595018505 0 -0.00030221523350337521 -0.0014626457975568012 0
leaf_weight=51 46 49 24 20 128 20 104 41 21 38 27 24 39 65 341 21 74 275 27 114 27 115 180 46 31 23 38 23 93 33
leaf_count=51 46 49 24 20 128 20 104 41 21 38 27 24 39 65 341 21 74 275 27 114 27 115 180 46 31 23 38 23 93 33
internal_value=-1.11341e-06 0.000510165 0.000661394 0.000405439 -0.000118342 0.000771672 -0.000365911 0.00238126 0.00174288 -0.000820093 -0.000280043 -0.000159629 -5.9762e-07 0.000446696 0.000970371 0.000395983 -0.000308329 -0.000488913 -0.00126269 6.16541e-05 -0.000811026 0.000604763 0.000713649 -0.0016022 -0.000668079 -0.00104314 -0.000724473 0.000498506 -0.00126176 -0.00035239
internal_weight=2158 895 846 739 301 438 1263 107 83 389 179 874 707 284 387 42 423 349 210 152 167 135 245 150 51 143 166 74 116 60
internal_count=2158 895 846 739 301 438 1263 107 83 389 179 874 707 284 387 42 423 349 210 152 167 135 245 150 51 143 166 74 116 60
is_linear=0
shrinkage=0.03


Tree=50
num_leaves=27
num_cat=0
split_feature=11 22 20 22 22 26 26 22 20 11 10 27 11 19 27 11 14 22 21 22 20 21 27 8 14 10
split_gain=0.379352 0.323035 0.334211 0.437952 0.222839 0.170412 0.216378 0.155481 0.151653 0.120227 0.107984 0.0806747 0.0754947 0.0659439 0.0983232 0.0550987 0.0448882 0.042461 0.0416696 0.0349976 0.02884 0.017083 0.0131062 0.0127043 0.00626958 0.00351901
threshold=1.1133416947912702 240.86050000000003 1.8750000000000002 277.73450000000008 251.43850000000003 96.500000000000014 84.500000000000014 238.02500000000001 2.3350000000000004 0.99268225198207916 0.9884349649884927 620251.50000000012 1.0192159692146188 80.950000765000013 397039.50000000006 0.95829892337864975 0.012578834294190652 272.28950000000003 19.300000195000006 283.52150000000006 1.6950000000000001 14.320000170000002 385100.50000000006 0.9821584477046138 0.018108562850849202 1.022076909349656
decision_type=2 2 2 2 2 2 2 2 2 2 2 2 2 2 2 2 2 2 2 2 2 2 2 2 2 2
left_child=1 7 3 5 8 6 -3 12 16 11 -10 -6 13 -1 -15 23 -4 -7 -11 22 -5 -14 -2 -9 -17 -23
right_child=19 2 4 20 9 17 -8 15 10 18 -12 -13 21 14 -16 24 -18 -19 -20 -21 -22 25 -24 -25 -26 -27
leaf_value=-0.0010981387964682653 -0.00059772153254561997 0.0010095011696361384 0.00027513174535124559 0.0024103071066240468 -0.0003584556597507571 0.0015832184286406661 -0.00034193739522301941 0 0.0016650147847414535 -0.0006662615111689208 0.00038296667580529892 0.001175675537866099 -0.0003208232571875366 -0.00038317922893293141 0.00075542054061317144 -0.0014367896255667078 -0.00082640275872545308 1.9137846230043334e-05 -0.0016242945783829128 -0.00272126390849208 0.0042952441346386198 -0.0018563884810677595 -0.001619527337141335 -0.00082210742088500402 -0.0024058633746047104 -0.0008589937835095043
leaf_weight=39 31 186 47 44 159 140 243 21 87 110 212 37 35 127 141 72 89 22 88 28 22 20 53 47 27 31
leaf_count=39 31 186 47 44 159 140 243 21 87 110 212 37 35 127 141 72 89 22 88 28 22 20 53 47 27 31
internal_value=-1.17817e-06 9.08425e-05 0.000323471 0.000828681 -7.38207e-05 0.000560841 0.000238009 -0.000520582 0.000389732 -0.000592897 0.000770311 -4.9123e-05 -0.00018458 2.6939e-05 0.000205289 -0.00128763 -0.000424598 0.00139064 -0.00111315 -0.00169467 0.00313813 -0.000965765 -0.00128919 -0.000551775 -0.0017525 -0.001336
internal_weight=2158 2046 1486 657 829 591 429 560 435 394 299 196 393 307 268 167 136 162 198 112 66 86 84 68 99 51
internal_count=2158 2046 1486 657 829 591 429 560 435 394 299 196 393 307 268 167 136 162 198 112 66 86 84 68 99 51
is_linear=0
shrinkage=0.03


Tree=51
num_leaves=31
num_cat=0
split_feature=23 19 22 22 22 11 23 11 18 19 19 11 22 23 22 11 18 27 15 15 22 23 22 19 15 22 19 11 23 27
split_gain=0.403884 0.344828 0.337016 0.281277 0.159447 0.121455 0.112078 0.111201 0.0954397 0.119298 0.0989549 0.0948046 0.092044 0.0892122 0.113132 0.0835744 0.0716794 0.071198 0.04732 0.0471608 0.0458488 0.047142 0.0446517 0.0396734 0.0378926 0.0358129 0.0345645 0.0316217 0.027845 0.0271502
threshold=267.43000000000001 96.685001375000013 277.73450000000008 258.49100000000004 256.03400000000005 0.98687861687918343 278.19500000000005 1.0650275236453239 0.49303694832781092 95.185001375000013 92.325000760000009 0.98459072003351011 257.0985 253.49500000000003 240.86050000000003 0.99207431751621178 0.41910563358376024 406616.00000000006 0.013879059168344752 0.018455241488102601 239.82900000000004 266.43500000000006 245.80900000000003 97.944999695000021 0.017157349618697752 237.69500000000002 96.005001070000006 1.0486049918105667 251.04000000000002 620251.50000000012
decision_type=2 2 2 2 2 2 2 2 2 2 2 2 2 2 2 2 2 2 2 2 2 2 2 2 2 2 2 2 2 2
left_child=7 2 5 4 11 -2 -5 13 10 -10 -7 29 19 14 15 17 -16 -1 -14 -6 -15 22 -22 27 -9 -17 -4 -8 -18 -3
right_child=1 3 26 6 12 8 23 24 9 -11 -12 -13 18 20 16 25 28 -19 -20 -21 21 -23 -24 -25 -26 -27 -28 -29 -30 -31
leaf_value=-0.00051513474339541661 0.001378905093637392 0 0.0033878700653480931 0.00024873335413827459 0.0025444828398162272 -0.0013713901879722778 -3.343442699406295e-05 -0.00020294519353774375 0.00079967741667852799 -0.00076760532239335581 0.00072423548273922451 -0.0011062410780853641 0.00083903080255952355 -0.0020274413688027336 0.0019164786946869665 -0.0004412321370291465 0.00061637731432399173 0.00039061522352618766 -0.00078962076862302167 0.00051124415739572471 -0.00080205306702806989 -0.0012072566669475481 0 -0.0023221522301790261 -0.0015388892468151435 -0.0014281486804935742 0.0017625702627701685 -0.0017084621812861699 -0.00023830312837638373 0.0011513734500711928
leaf_weight=143 134 55 42 28 40 52 23 31 281 49 30 75 46 22 30 95 83 169 22 20 106 81 139 62 96 65 38 25 51 25
leaf_count=143 134 55 42 28 40 52 23 31 281 49 30 75 46 22 30 95 83 169 22 20 106 81 139 62 96 65 38 25 51 25
internal_value=-1.39264e-06 0.000419778 0.000866774 -0.000238246 0.000294946 0.000590582 -0.00134752 -0.00040102 0.000324204 0.00055628 -0.000569065 -0.000336977 0.0010801 -0.000288495 -7.15795e-05 -0.000311609 0.000598756 -1.5255e-05 0.000264829 0.00193541 -0.000674989 -0.000568624 -0.00034124 -0.00177944 -0.00124036 -0.000867181 0.00268418 -0.000984131 0.000269511 0.000351926
internal_weight=2158 1047 626 421 283 546 138 1111 412 330 82 155 128 984 636 472 164 312 68 60 348 326 245 110 127 160 80 48 134 80
internal_count=2158 1047 626 421 283 546 138 1111 412 330 82 155 128 984 636 472 164 312 68 60 348 326 245 110 127 160 80 48 134 80
is_linear=0
shrinkage=0.03


Tree=52
num_leaves=31
num_cat=0
split_feature=23 19 22 22 11 21 11 11 22 22 22 19 21 19 19 23 21 22 22 19 14 21 22 22 11 9 16 22 21 22
split_gain=0.381321 0.318082 0.369965 0.303039 0.132761 0.113367 0.112117 0.111439 0.111955 0.0961475 0.174636 0.110307 0.0718108 0.0705117 0.0930952 0.0686659 0.0656859 0.129454 0.0534897 0.0500987 0.0411922 0.037767 0.0366796 0.064955 0.0260395 0.0233077 0.0227681 0.0222906 0.015271 0.0140754
threshold=268.27500000000003 96.61500168000002 258.87850000000009 277.73450000000008 1.0790295074266372 36.635000225000006 0.99617697078246936 1.0288829379997309 256.23300000000006 240.86050000000003 252.37150000000003 91.854999540000009 18.144999505000005 80.950000765000013 82.810001375000013 251.04000000000002 17.725000380000004 260.15800000000007 240.86050000000003 91.795001985000013 0.013482458470154052 24.994999885000002 238.05700000000004 236.61750000000004 0.98459072003351011 1.0137828878742163 31.510340608903707 237.69500000000002 14.795000075000003 237.48750000000004
decision_type=2 2 2 2 2 2 2 2 2 2 2 2 2 2 2 2 2 2 2 2 2 2 2 2 2 2 2 2 2 2
left_child=6 3 5 4 16 7 12 8 -3 22 11 -11 13 -1 -15 -13 19 -18 -16 -2 -12 -6 23 28 -5 -4 -14 -25 -8 -28
right_child=1 2 25 24 21 -7 9 -9 -10 10 20 15 26 14 18 -17 17 -19 -20 -21 -22 -23 -24 27 -26 -27 29 -29 -30 -31
leaf_value=-0.0010706506016256751 0.00030125889930528621 0.00041425345940477318 -0.0013175649690320311 0.0038804042387221541 -0.00099174368033185596 -0.0011896038513126161 -0.00097305280968014679 -0.00024493072147064535 0.0020732545141100641 0.0015316361977806866 -0.00066651072856774058 0.00060284711149605826 0.00013112227273462661 0.0021485906427895479 -0.00018054597629737961 -0.00050145159945010162 0.0015313217237126083 5.7011720274372406e-05 0.00048966549139164278 0.0018748722991190985 -0.0021946997061452786 0.00041286119383395365 -0.0018792163856327531 -0.00014456101005715837 0.00215653508650139 -0.0025855631915431827 0 -0.0010728293297113849 -0.0025982156035236335 -0.00083913141845153982
leaf_weight=39 30 106 68 20 49 35 20 88 61 36 37 65 28 21 222 199 83 161 199 83 45 22 54 80 59 30 27 39 21 131
leaf_count=39 30 106 68 20 49 35 20 88 61 36 37 65 28 21 222 199 83 161 199 83 45 22 54 80 59 30 27 39 21 131
internal_value=-1.43122e-06 0.000470605 -0.000169209 0.000965521 0.000637771 0.000361657 -0.000338412 0.00059011 0.00104683 -0.000637671 -0.000339727 0 -6.59618e-05 0.000122644 0.000236886 -0.00021699 0.000876244 0.000574967 0.000129553 0.00148972 -0.00155763 -0.000515158 -0.00115151 -0.000877127 0.00267351 -0.00175823 -0.00056779 -0.000480188 -0.00191893 -0.000710562
internal_weight=2158 895 388 507 428 290 1263 255 167 596 382 300 667 481 442 264 357 244 421 113 82 71 214 160 79 98 186 119 41 158
internal_count=2158 895 388 507 428 290 1263 255 167 596 382 300 667 481 442 264 357 244 421 113 82 71 214 160 79 98 186 119 41 158
is_linear=0
shrinkage=0.03


Tree=53
num_leaves=28
num_cat=0
split_feature=23 22 22 10 23 21 22 14 23 20 10 23 14 23 27 18 27 17 22 26 25 26 10 23 0 21 18
split_gain=0.361506 0.229256 0.351586 0.13977 0.136762 0.178505 0.113212 0.112004 0.0999448 0.102566 0.0964467 0.0762487 0.0713967 0.0706205 0.0805868 0.0649993 0.0735524 0.0673223 0.0586432 0.0573207 0.0464337 0.0444165 0.0305559 0.0192614 0.00222387 0.00111841 0.000581975
threshold=267.43000000000001 286.08700000000005 275.23000000000008 0.95733209647785245 314.01500000000004 21.265000345000004 293.10550000000006 0.014401841279637452 266.43500000000006 2.3850000000000002 1.0354458660472845 319.91000000000003 0.022871271973883851 189.07500000000002 414499.50000000006 0.31706620977742489 429776.50000000006 -0.0083453578803429473 243.94800000000001 94.500000000000014 -0.86341275899999992 88.500000000000014 0.9911956996197866 260.74000000000007 -0.013101695404001749 23.894999505000005 0.82672723803662251
decision_type=2 2 2 2 2 2 2 2 2 2 2 2 2 2 2 2 2 2 2 2 2 2 2 2 2 2 2
left_child=8 2 3 19 5 -5 26 -4 9 12 22 -6 15 -11 23 16 -1 -17 -16 -2 -14 -10 -9 -15 -21 -23 -3
right_child=1 6 7 4 11 -7 -8 10 21 13 -12 -13 20 14 18 17 -18 -19 -20 24 -22 25 -24 -25 -26 -27 -28
leaf_value=-0.00056112954220589016 4.426651544054038e-05 -0.0026891387947411698 0.003997457114160061 0.0002665648064879475 0.0014549072212737405 -0.00092391588128342924 0.00022817523875791164 0.003084875323176384 -0.002172546476125717 -0.001490067711692642 -5.1947255011485963e-05 0 -0.00046858857254053211 -0.0005699681689527291 0.0012010634993604309 -0.0014787451184294636 0.001006872669665207 -0.00039582601507266084 3.0426465990021824e-05 0.0012761901807098182 -0.0022103531857331593 -0.00035747618560509923 0.0013687230214770687 9.143244873718428e-05 0.0023151804592926057 -0.00099757212094430422 -0.0014531810623593627
leaf_weight=47 23 21 24 494 102 146 26 24 37 21 22 43 32 78 94 61 57 457 74 27 35 32 37 66 35 20 23
leaf_count=47 23 21 24 494 102 146 26 24 37 21 22 43 32 78 94 61 57 457 74 27 35 32 37 66 35 20 23
internal_value=-1.47247e-06 0.000396914 0.000518244 0.000313395 0.000182984 -1.3511e-06 -0.0012377 0.00213773 -0.000379627 -0.000291146 0.00152308 0.00101158 -0.000500786 0.000133832 0.000257129 -0.000392466 0.000271089 -0.000531735 0.000706408 0.00146677 -0.00144171 -0.00134781 0.00213118 -0.000247597 0.00193777 -0.000674448 -0.00215639
internal_weight=2158 1047 977 870 785 640 70 107 1111 1022 83 145 689 333 312 622 104 518 168 85 67 89 61 144 62 52 44
internal_count=2158 1047 977 870 785 640 70 107 1111 1022 83 145 689 333 312 622 104 518 168 85 67 89 61 144 62 52 44
is_linear=0
shrinkage=0.03


Tree=54
num_leaves=31
num_cat=0
split_feature=23 19 22 22 22 11 23 11 18 19 19 11 22 23 22 11 18 27 22 15 15 23 22 19 19 15 22 11 23 23
split_gain=0.341197 0.294751 0.28468 0.243944 0.141284 0.10799 0.100876 0.0990298 0.0879155 0.107189 0.0883467 0.084187 0.0814464 0.0799701 0.0983789 0.0738093 0.0641064 0.0631293 0.0423728 0.0419483 0.0411283 0.0385485 0.038784 0.033198 0.0330165 0.0322949 0.031425 0.0276692 0.0250362 0.0248717
threshold=267.43000000000001 96.685001375000013 277.73450000000008 258.49100000000004 256.03400000000005 0.98687861687918343 278.19500000000005 1.0650275236453239 0.49303694832781092 95.185001375000013 92.325000760000009 0.98459072003351011 257.0985 253.49500000000003 240.86050000000003 0.99207431751621178 0.41910563358376024 397039.50000000006 239.82900000000004 0.013641572869851253 0.018455241488102601 266.43500000000006 245.80900000000003 97.944999695000021 96.005001070000006 0.017157349618697752 237.69500000000002 1.0486049918105667 251.04000000000002 292.89500000000004
decision_type=2 2 2 2 2 2 2 2 2 2 2 2 2 2 2 2 2 2 2 2 2 2 2 2 2 2 2 2 2 2
left_child=7 2 5 4 11 -2 -5 13 10 -10 -7 -3 20 14 15 17 -16 -1 -15 -14 -6 22 -20 27 -4 -9 -17 -8 -18 -13
right_child=1 3 24 6 12 8 23 25 9 -11 -12 29 19 18 16 26 28 -19 21 -21 -22 -23 -24 -25 -26 -27 -28 -29 -30 -31
leaf_value=-0.00053119344667772693 0.0012879045578185471 0.00032701608823737369 0.003149114416349073 0.00025454402830580182 0.0023883924494247609 -0.0013224817671514343 -2.8021950100082896e-05 -0.00019329714502509885 0.00074707967070107193 -0.00073765284906607113 0.00065355375665991059 -0.0014615281055092202 0.000870169354003987 -0.0019282023952059124 0.0018150565862400274 -0.00040160485598516969 0.0005845495735952032 0.00033632052406802414 -0.00074776943615163349 -0.00059864371794485899 0.00047477536349158203 -0.0011052624498857412 0 -0.0021673213316216354 0.0015812624508085159 -0.0014374451663695545 -0.0013292496330104767 -0.0016043176275606337 -0.00022428166141868973 -0.00017393057976317192
leaf_weight=125 134 80 42 28 40 52 23 31 281 49 30 48 41 22 30 95 83 187 106 27 20 81 139 62 38 96 65 25 51 27
leaf_count=125 134 80 42 28 40 52 23 31 281 49 30 48 41 22 30 95 83 187 106 27 20 81 139 62 38 96 65 25 51 27
internal_value=-1.45079e-06 0.000385543 0.000798901 -0.00022242 0.000273531 0.000544478 -0.00125571 -0.000368868 0.000292887 0.000515993 -0.000564233 -0.000320491 0.00101302 -0.000262501 -5.69551e-05 -0.000281156 0.000567917 -2.24318e-06 -0.000628319 0.000243262 0.00181794 -0.000525795 -0.000318306 -0.001666 0.00247014 -0.00116108 -0.00080301 -0.00092622 0.000255108 -0.00104585
internal_weight=2158 1047 626 421 283 546 138 1111 412 330 82 155 128 984 636 472 164 312 348 68 60 326 245 110 80 127 160 48 134 75
internal_count=2158 1047 626 421 283 546 138 1111 412 330 82 155 128 984 636 472 164 312 348 68 60 326 245 110 80 127 160 48 134 75
is_linear=0
shrinkage=0.03


Tree=55
num_leaves=31
num_cat=0
split_feature=23 11 27 11 22 17 11 21 20 23 25 15 11 20 20 11 20 22 14 26 11 17 11 23 8 25 11 27 9 27
split_gain=0.322079 0.284306 0.19634 0.171795 0.181931 0.146824 0.101806 0.106709 0.101015 0.0926014 0.0803444 0.083629 0.0693486 0.0683378 0.0674428 0.0533188 0.0442405 0.0703926 0.0399905 0.0391443 0.0385518 0.0253811 0.0232326 0.0119998 0.00857232 0.00852687 0.00836628 0.00314154 0.00201045 0.00113426
threshold=268.27500000000003 1.1133416947912702 214221.00000000003 1.0037784280013782 279.88200000000006 0.0025321391355896503 1.0438807466250568 17.045000080000005 2.3350000000000004 189.07500000000002 -0.12716595799999997 0.019617246347454154 1.0375465340288654 2.6150000000000007 0.72500000000000009 0.92158452943438052 2.3950000000000005 251.43850000000003 0.023096875928092803 95.500000000000014 0.93597718018346721 -0.0017155292050441996 1.16577566261554 265.39500000000004 0.99911293958062142 -0.14579773299999996 0.9663029432910516 441607.50000000006 1.0262633875213949 331639.50000000006
decision_type=2 2 2 2 2 2 2 2 2 2 2 2 2 2 2 2 2 2 2 2 2 2 2 2 2 2 2 2 2 2
left_child=6 2 -2 4 13 14 7 8 10 -10 15 -12 -7 -4 -5 -1 25 23 -11 20 -9 -22 27 28 26 -8 -21 -3 -18 -26
right_child=1 22 3 5 -6 12 16 19 9 18 11 -13 -14 -15 -16 -17 17 -19 -20 24 21 -23 -24 -25 29 -27 -28 -29 -30 -31
leaf_value=0.0010936462245944483 0.0026822861753977262 -0.0004049571166466922 0.00059211140280380516 0.00092258609328418971 0.0031278382335704832 0.0015550141087282568 -0.00094900160921984459 7.2140907025895998e-05 -0.0014534796628021549 0.0006952929903037906 -0.00051355738291363655 -0.00252773944320886 0.00028334712286180415 0.0022601650593659052 -0.00056330597093313516 -0.00014266497111908394 -0.00038838633604329796 -0.0017349954717533868 -0.00013476182408512458 -0.00020413540133085918 -0.0016528216929853721 -0.00074990216133329394 -0.0023196187298744919 0.000601834604574833 -0.00013145491258344716 -0.0017407843796163796 0.00050133593377276245 -0.0012728882815156665 0 -0.00063626601960776108
leaf_weight=36 38 24 292 29 32 61 61 24 21 256 146 22 125 25 227 199 25 26 58 47 58 102 22 23 26 49 21 20 29 34
leaf_count=36 38 24 292 29 32 61 61 24 21 256 146 22 125 25 227 199 25 26 58 47 58 102 22 23 26 49 21 20 29 34
internal_value=-1.52975e-06 0.000432178 0.000586069 0.000478318 0.000975633 7.7554e-05 -0.00031134 -0.000185991 6.85219e-06 0.000395127 -0.000308661 -0.000808467 0.000722527 0.000739789 -0.000380374 3.78471e-05 -0.000911483 -0.000415192 0.000532506 -0.000650289 -0.00093488 -0.00110408 -0.00143591 8.52447e-06 -0.000213858 -0.00134124 0 -0.000885657 -0.000195984 -0.000472436
internal_weight=2158 895 829 791 349 442 1263 1050 738 335 403 168 186 317 256 235 213 103 314 312 184 160 66 77 128 110 68 44 54 60
internal_count=2158 895 829 791 349 442 1263 1050 738 335 403 168 186 317 256 235 213 103 314 312 184 160 66 77 128 110 68 44 54 60
is_linear=0
shrinkage=0.03


Tree=56
num_leaves=28
num_cat=0
split_feature=11 22 20 22 22 22 26 26 22 20 11 22 17 27 27 27 22 20 11 25 20 27 22 22 14 9 14
split_gain=0.29362 0.239978 0.247465 0.326914 0.18121 0.143725 0.132234 0.180941 0.126684 0.118176 0.0994517 0.0871135 0.0617087 0.0641629 0.0804844 0.0597603 0.0535028 0.053923 0.0429909 0.0381989 0.0263001 0.0249802 0.0238094 0.0172549 0.0168985 0.0112689 0.00387624
threshold=1.1133416947912702 240.86050000000003 1.8750000000000002 277.73450000000008 251.11600000000001 246.95500000000001 96.500000000000014 84.500000000000014 238.02500000000001 2.8550000000000004 0.99268225198207916 244.08450000000002 -0.0045926230228520498 405289.00000000006 504152.50000000006 620251.50000000012 237.46850000000003 1.9550000000000003 0.95523116219595083 0.55168293600000007 1.6950000000000001 321065.00000000006 286.08700000000005 267.49850000000004 0.014072850265423651 0.96909820977760153 0.018108562850849202
decision_type=2 2 2 2 2 2 2 2 2 2 2 2 2 2 2 2 2 2 2 2 2 2 2 2 2 2 2
left_child=1 8 3 6 5 11 7 -3 12 -7 15 -4 16 24 -15 -6 17 -1 25 -8 -5 -2 -12 -23 -14 -10 -20
right_child=21 2 4 20 10 9 19 -9 18 -11 22 -13 13 14 -16 -17 -18 -19 26 -21 -22 23 -24 -25 -26 -27 -28
leaf_value=-0.00020131620752625166 -0.00037442080670987944 0.00090312123665610086 0.00046313021506443872 0.0020339656306741136 -0.00027732441803897943 0.0016731940378434957 0.0006499241996811738 -0.00033270953129070472 1.3232079766956815e-05 0 -0.00077132372223984516 -0.00065638916003436017 0 0.0011427012834773916 -0.00022046933532945571 0.001035632913102745 0 -0.0022612229725045541 -0.0012540955721557913 0.0016755281361469697 0.0037876029542606806 -0.0012465160956349351 -0.0017021551717305555 -0.0024018468310070388 -0.00062726747673030447 -0.00071724529733712013 -0.0020917015130278364
leaf_weight=24 22 186 127 44 170 104 77 243 20 62 170 120 64 81 68 37 36 30 76 85 22 57 39 33 90 43 28
leaf_count=24 22 186 127 44 170 104 77 243 20 62 170 120 64 81 68 37 36 30 76 85 22 57 39 33 90 43 28
internal_value=-1.74528e-06 7.90446e-05 0.000279718 0.000714491 -6.16795e-05 0.000378882 0.00048225 0.000196983 -0.00044766 0.00105988 -0.000506117 -6.91227e-05 -0.000143735 5.25893e-05 0.000503261 -2.43674e-05 -0.000830973 -0.00142056 -0.00113991 0.00121343 0.00271109 -0.00149179 -0.000966584 -0.00172484 -0.000364529 -0.000441889 -0.00152595
internal_weight=2158 2046 1486 657 829 413 591 429 560 166 416 247 393 303 149 207 90 54 167 162 66 112 209 90 154 63 104
internal_count=2158 2046 1486 657 829 413 591 429 560 166 416 247 393 303 149 207 90 54 167 162 66 112 209 90 154 63 104
is_linear=0
shrinkage=0.03


Tree=57
num_leaves=31
num_cat=0
split_feature=23 19 11 23 26 27 11 21 11 21 20 19 26 20 18 25 18 26 19 27 19 20 19 27 26 26 23 11 23 20
split_gain=0.289178 0.252858 0.179695 0.172735 0.200751 0.133463 0.133677 0.130885 0.0938157 0.0982647 0.091281 0.096771 0.0837008 0.0789013 0.0924139 0.0731589 0.0727683 0.0700521 0.0532897 0.0500885 0.043841 0.0396947 0.0406707 0.0396018 0.0384429 0.0358711 0.0357298 0.0354623 0.0241022 0.0240803
threshold=268.27500000000003 96.61500168000002 1.00747385617114 293.67500000000001 79.500000000000014 299700.00000000006 1.0521252631052971 20.804999355000003 1.0438807466250568 17.045000080000005 2.3350000000000004 80.950000765000013 95.500000000000014 0.78500000000000014 0.52347936402761763 -0.12716595799999997 0.361791266207936 69.000000000000014 92.325000760000009 583419.00000000012 96.024997710000022 2.3950000000000005 94.310001370000023 663717.50000000012 94.500000000000014 95.500000000000014 286.48500000000007 0.93597718018346721 260.74000000000007 0.64500000000000013
decision_type=2 2 2 2 2 2 2 2 2 2 2 2 2 2 2 2 2 2 2 2 2 2 2 2 2 2 2 2 2 2
left_child=8 3 12 4 -2 20 -7 17 9 10 15 -12 23 29 -15 16 -1 -4 -13 -17 -6 -10 -23 24 -3 27 -14 -11 -24 -5
right_child=1 2 7 13 5 6 -8 -9 21 25 11 18 26 14 -16 19 -18 -19 -20 -21 -22 22 28 -25 -26 -27 -28 -29 -30 -31
leaf_value=0.0011670611128265166 -0.00019150313631689642 0.00024147389986431406 0.0011546661180630326 0.00020816183106042442 0.0044048418289166875 0.0019387444850834891 0 -0.0019391347141635997 -0.0012796357974411629 6.8254705164581527e-05 -0.000981102113012457 0.0012646414524960248 0.00057752200273726453 -0.0010574266442859713 0.00039488281705961126 -0.00098875768309396035 -0.00019409903432682129 -0.00057127840689700409 0.00031339922770676074 0.00037628319769954455 0.0019344864155123515 0.00029041587692833076 -0.00037194449258491988 0.0010562473664445301 -0.00094254704017387037 -0.00020161481350281296 0.0021412257215669074 -0.0010555742971047487 -0.0017634244843253064 0.0015510039759865321
leaf_weight=42 51 51 24 24 23 108 41 61 110 24 39 76 37 54 138 143 193 118 220 25 21 40 43 25 42 128 30 160 20 47
leaf_count=42 51 51 24 24 23 108 41 61 110 24 39 76 37 54 138 143 193 118 220 25 21 40 43 25 42 128 30 160 20 47
internal_value=-1.82288e-06 0.000409061 -0.000160742 0.000850486 0.0014272 0.00186919 0.00138899 -0.000781087 -0.000295454 -0.000174999 9.91233e-06 0.00037915 0.000504373 0.000300691 -1.39769e-06 -0.000289776 4.03746e-05 -0.000252556 0.000571174 -0.000766851 0.00336166 -0.000871635 -0.000398946 0 -0.000265669 -0.000620605 0.001343 -0.000893195 -0.00088121 0.00114795
internal_weight=2158 895 388 507 244 193 149 203 1263 1050 738 335 185 263 192 403 235 142 296 168 44 213 103 118 93 312 67 184 63 71
internal_count=2158 895 388 507 244 193 149 203 1263 1050 738 335 185 263 192 403 235 142 296 168 44 213 103 118 93 312 67 184 63 71
is_linear=0
shrinkage=0.03


Tree=58
num_leaves=31
num_cat=0
split_feature=23 11 27 11 21 22 20 11 21 20 22 23 20 22 15 21 27 14 15 14 11 17 22 13 22 15 27 13 21 13
split_gain=0.272818 0.242399 0.171025 0.153017 0.137705 0.101374 0.0929602 0.0900589 0.0836486 0.06831 0.100673 0.0540972 0.0802187 0.0593893 0.0418185 0.0415224 0.0411026 0.035954 0.0272914 0.0258528 0.0252852 0.0276674 0.0229108 0.0216991 0.0190823 0.0190144 0.0138318 0.011155 0.010181 0.00952127
threshold=268.27500000000003 1.1133416947912702 214221.00000000003 1.0280788115632815 36.635000225000006 277.73450000000008 1.3150000000000002 1.0160262978698118 16.304999355000003 2.3750000000000004 252.57750000000001 189.07500000000002 2.3350000000000004 236.09900000000002 0.019838906452616652 28.759999275000002 418588.50000000006 0.023263183374753155 0.015966476668715753 0.017983830762624452 0.98373600235737635 -0.0012240821712342497 241.45850000000004 1.0797062491453426 248.33200000000002 0.018217101696236204 414499.50000000006 1.0082887966901872 13.105000020000002 1.0502814211987395
decision_type=2 2 2 2 2 2 2 2 2 2 2 2 2 2 2 2 2 2 2 2 2 2 2 2 2 2 2 2 2 2
left_child=7 2 -2 4 5 -4 16 8 11 14 18 -1 13 -13 22 20 -5 -14 24 -8 26 -22 28 29 -11 -24 -10 -16 -9 -3
right_child=1 23 3 6 -6 -7 19 9 15 10 -12 12 17 -15 27 -17 -18 -19 -20 -21 21 -23 25 -25 -26 -27 -28 -29 -30 -31
leaf_value=-0.0013468838983892717 0.0024970759648220752 -0.0012835270530017822 0.00073263631365924728 -0.00020737756097337186 -0.0010122056650671374 0.0021750364626981844 -0.00018140448951282237 -0.00020572566939517856 -0.00035097495424358735 0 -0.0018711788817807765 0.0010731244502333742 0.00076083755240864551 -0.00029931078068536711 -0.00244724696688354 -0.0016993337038796966 0.00089834341244392712 -9.7442947578965685e-05 -0.00026110630057079361 -0.00096436190110092094 -0.0016873917791247366 -0.00043927372453442536 -0.00064988342795792655 -0.0022066166763278568 0.0010383200536016374 0.00041417778112277714 0.00018426325099707972 -0.0011656175140158406 -0.0011966290328709872 -0.00020007884170627219
leaf_weight=21 38 22 403 40 34 52 101 20 114 34 27 30 191 277 23 25 86 49 85 75 24 82 35 21 33 22 61 34 76 23
leaf_count=21 38 22 403 40 34 52 101 20 114 34 27 30 191 277 23 25 86 49 85 75 24 82 35 21 33 22 61 34 76 23
internal_value=-1.49626e-06 0.000397557 0.000539855 0.000439007 0.00076701 0.000908469 -8.29748e-05 -0.000286741 -0.000113291 -0.000667467 -0.000213617 9.7778e-05 0.000161071 -0.000152408 -0.00103726 -0.000513892 0.00052483 0.00057348 7.15164e-05 -0.000535564 -0.000392136 -0.000763033 -0.000735912 -0.0013264 0.000535252 -0.000187409 -0.000147374 -0.00176777 -0.00102537 -0.00081137
internal_weight=2158 895 829 791 489 455 302 1263 874 389 179 568 547 307 210 306 126 240 152 176 281 106 153 66 67 57 175 57 96 45
internal_count=2158 895 829 791 489 455 302 1263 874 389 179 568 547 307 210 306 126 240 152 176 281 106 153 66 67 57 175 57 96 45
is_linear=0
shrinkage=0.03


Tree=59
num_leaves=27
num_cat=0
split_feature=11 22 20 22 22 22 22 26 26 20 11 22 11 19 19 27 11 22 20 19 27 22 10 8 11 14
split_gain=0.255561 0.206978 0.21299 0.267498 0.160329 0.124914 0.113715 0.112901 0.158734 0.105734 0.0886308 0.0789538 0.0528944 0.0507437 0.070882 0.0505473 0.0388236 0.0339095 0.026028 0.0228065 0.0217908 0.0147001 0.0133375 0.0106797 0.00398524 0.00278569
threshold=1.1133416947912702 240.86050000000003 1.8450000000000004 277.73450000000008 251.11600000000001 246.95500000000001 238.02500000000001 96.500000000000014 84.500000000000014 2.8550000000000004 0.99268225198207916 244.08450000000002 1.0192159692146188 80.950000765000013 82.810001375000013 620251.50000000012 0.95523116219595083 272.28950000000003 1.6950000000000001 100.31000140000002 321065.00000000006 267.49850000000004 1.0094775081918128 0.9821584477046138 1.0292340003211928 0.018108562850849202
decision_type=2 2 2 2 2 2 2 2 2 2 2 2 2 2 2 2 2 2 2 2 2 2 2 2 2 2
left_child=1 6 3 7 5 11 12 8 -3 -7 15 -4 13 -1 -15 -6 23 -9 -5 -12 -2 -22 -14 -8 -24 -18
right_child=20 2 4 18 10 9 16 17 -10 -11 19 -13 22 14 -16 -17 25 -19 -20 -21 21 -23 24 -25 -26 -27
leaf_value=-0.00093566937128780397 -0.00033785440677614966 0.00085322642099557489 0.00044912310714224495 0.0018627524771669412 -0.00024016198038925667 0.0015787750049115858 3.7347381344131579e-05 0.0013072189578412301 -0.00031368820854861822 0 -0.000731766235992875 -0.0006131608432453715 -0.001528145372668015 0.0016365132809483577 2.6768505970744437e-05 0.00096695194377465843 -0.0011816701073223699 0 0.0036212986462882584 -0.0017453944937791674 -0.0011592016098428098 -0.00224467225353617 0 -0.00067622070979665618 -0.00064966328309333694 -0.0019679226038399437
leaf_weight=39 22 184 129 44 172 104 20 139 237 62 187 120 20 27 241 37 76 22 20 29 57 33 20 43 46 28
leaf_count=39 22 184 129 44 172 104 20 139 237 62 187 120 20 27 241 37 76 22 20 29 57 33 20 43 46 28
internal_value=-2.03366e-06 7.3245e-05 0.0002597 0.000669151 -5.20411e-05 0.000362911 -0.000415761 0.000458095 0.000190022 0.000998668 -0.000464173 -5.12258e-05 -0.000127446 4.82908e-05 0.000205578 -8.58976e-06 -0.00107159 0.00113507 0.00250571 -0.000889096 -0.00139224 -0.00161047 -0.000782615 -0.000405772 -0.000492484 -0.00143865
internal_weight=2158 2046 1486 646 840 415 560 582 421 166 425 249 393 307 268 209 167 161 64 216 112 90 86 63 66 104
internal_count=2158 2046 1486 646 840 415 560 582 421 166 425 249 393 307 268 209 167 161 64 216 112 90 86 63 66 104
is_linear=0
shrinkage=0.03


Tree=60
num_leaves=24
num_cat=0
split_feature=11 22 22 22 22 11 19 19 17 27 27 22 19 17 6 11 17 14 11 19 14 27 27
split_gain=0.241311 0.19565 0.192217 0.330111 0.133731 0.125923 0.0990318 0.078209 0.0528211 0.0497804 0.0837805 0.0451681 0.0630702 0.0353672 0.0234013 0.0207126 0.0181085 0.0156213 0.00955787 0.00687517 0.00672936 0.00585905 0.0056185
threshold=1.1133416947912702 240.38350000000003 286.08700000000005 277.73450000000008 238.03350000000003 0.9389272555154895 93.369998930000023 106.06999970000003 -0.0045926230228520498 405289.00000000006 504152.50000000006 237.46850000000003 91.900001525000008 -0.00016481143384644995 0.0071039950206200509 1.16577566261554 -0.013878427859715848 0.014072850265423651 0.95829892337864975 107.42500305000002 0.015933278417575903 397039.50000000006 339073.00000000006
decision_type=2 2 2 2 2 2 2 2 2 2 2 2 2 2 2 2 2 2 2 2 2 2 2
left_child=1 4 3 5 8 13 -7 16 11 17 -11 12 -1 -3 20 22 -4 -10 -6 -9 -5 -13 -2
right_child=15 2 7 14 18 6 -8 19 9 10 -12 21 -14 -15 -16 -17 -18 -19 -20 -21 -22 -23 -24
leaf_value=-0.0026051070747727693 -0.00033905182435663172 0.0013901487192098283 -0.00050453630888036311 0.0034587232197767922 -0.00063383024440640044 0.00053964074453824278 -4.8822648253234622e-05 -0.00024944821311245584 0 0.0010861844778907053 -0.00027014127447399881 -0.0003600114166204419 -0.00037911294764832269 0 0.0012140634175197315 -0.0020971825291106307 -0.0018621388000364487 -0.00056652394558070215 -0.0014824188741712043 0.00048218751342626225 0.0019703163113233375 0.00034855968970389634 -0.0011845854427833188
leaf_weight=21 22 99 20 20 33 368 826 21 64 81 76 20 33 24 28 32 51 99 90 20 32 20 58
leaf_count=21 22 99 20 20 33 368 826 21 64 81 76 20 33 24 28 32 51 99 90 20 32 20 58
internal_value=-2.13344e-06 7.09769e-05 0.00024722 0.000344843 -0.00041824 0.000227792 0.000130336 -0.000936181 -0.000150754 2.45481e-05 0.000413078 -0.000773081 -0.00133095 0.00114096 0.00220817 -0.00135306 -0.0015337 -0.000331624 -0.00128589 3.90018e-05 0.00265384 0 -0.000996157
internal_weight=2158 2046 1509 1397 537 1317 1194 112 414 320 157 94 54 123 80 112 71 163 123 41 52 40 80
internal_count=2158 2046 1509 1397 537 1317 1194 112 414 320 157 94 54 123 80 112 71 163 123 41 52 40 80
is_linear=0
shrinkage=0.03


Tree=61
num_leaves=31
num_cat=0
split_feature=23 19 22 22 15 11 11 21 22 20 19 15 10 11 15 15 21 15 20 23 17 19 20 11 19 20 23 19 19 16
split_gain=0.232967 0.210979 0.269291 0.192035 0.0924757 0.0921907 0.0813442 0.0662953 0.0659428 0.14479 0.0787817 0.078345 0.0622208 0.100379 0.0608777 0.0519169 0.0470795 0.0498461 0.0519384 0.0615068 0.0407628 0.0357188 0.0314054 0.0300496 0.0292423 0.0241435 0.0213315 0.0208904 0.017771 0.0175021
threshold=268.27500000000003 96.61500168000002 258.87850000000009 277.73450000000008 0.019345947208314205 1.0790295074266372 0.99921912016109382 13.519999980000001 252.37150000000003 2.4250000000000003 96.715000150000023 0.015664628515081654 1.031723764668258 0.99016953989183554 0.017345341720588856 0.0096641792997567508 18.144999505000005 0.010460892103067653 2.2950000000000004 253.49500000000003 -0.0049441062559191992 99.450000760000009 1.0750000000000004 0.99073857114331909 80.604999540000009 1.8750000000000002 229.17500000000004 96.005001070000006 91.795001985000013 31.510340608903707
decision_type=2 2 2 2 2 2 2 2 2 2 2 2 2 2 2 2 2 2 2 2 2 2 2 2 2 2 2 2 2 2
left_child=6 3 4 5 7 12 16 25 9 10 20 28 13 -2 -14 -10 17 -1 19 -19 -8 -9 -7 -6 -20 -3 -12 -5 -11 -18
right_child=1 2 -4 27 23 22 8 21 15 11 26 -13 14 -15 -16 -17 29 18 24 -21 -22 -23 -24 -25 -26 -27 -28 -29 -30 -31
leaf_value=-0.0011369107990629142 0.0011974902247621278 0.00049947341654257361 -0.0015098333025190655 0.0026935276468724369 3.4027461221044441e-05 0.00041800514964349784 -0.0023467359105125065 0.0011597818637559146 0 0.0019900333259720354 -0.00081503095778170975 -0.00011376097086108626 0.0026194877851240593 1.8070357522145578e-05 0.00071334137303347221 -0.0018580804405479944 0.00017278835598774782 0.00017880942978763152 -0.00042486958391964438 -0.00084627759160562028 -0.00090716820453884655 0 -0.0008745371050968327 -0.0010765152503581096 0.00062032242337674173 -0.00070183091209823816 8.4718647587578747e-05 0.0013611445114090058 0.00061544633636949591 -0.00055885584283162624
leaf_weight=26 108 22 98 42 33 21 23 128 20 23 29 93 28 174 47 54 28 174 23 73 194 27 50 44 209 36 95 37 29 170
leaf_count=26 108 22 98 42 33 21 23 128 20 23 29 93 28 174 47 54 28 174 23 73 194 27 50 44 209 36 95 37 29 170
internal_value=-2.24123e-06 0.000366406 -0.000153559 0.000769752 0.000298072 0.000506967 -0.000265932 0.000626286 -0.000535876 -0.000398371 -0.000738413 0.000380347 0.000706409 0.000482999 0.00148955 -0.00138159 -4.6182e-05 0.000102849 0.000178621 -0.000114246 -0.00108358 0.000951956 -0.000450073 -0.000567772 0.00050245 -0.000194574 -0.000106544 0.00213181 0.00130612 -0.000439967
internal_weight=2158 895 388 507 290 428 1263 213 560 486 341 145 357 282 75 74 703 505 479 247 217 155 71 77 232 58 124 79 52 198
internal_count=2158 895 388 507 290 428 1263 213 560 486 341 145 357 282 75 74 703 505 479 247 217 155 71 77 232 58 124 79 52 198
is_linear=0
shrinkage=0.03


Tree=62
num_leaves=31
num_cat=0
split_feature=23 19 22 22 22 23 23 22 23 22 16 23 17 15 21 17 23 18 16 17 16 27 27 18 23 6 10 22 9 17
split_gain=0.220061 0.204878 0.187884 0.179557 0.157231 0.0713198 0.0675721 0.0656974 0.11327 0.111501 0.0635464 0.0629488 0.0622063 0.102199 0.0512881 0.052534 0.0510162 0.0482159 0.0471032 0.0428135 0.0559669 0.036506 0.0349404 0.0342297 0.0281806 0.0272386 0.0214907 0.020506 0.014409 0.0141705
threshold=267.43000000000001 96.685001375000013 277.73450000000008 257.97750000000008 256.03400000000005 266.43500000000006 278.19500000000005 240.38350000000003 251.04000000000002 238.03350000000003 44.787187522594188 288.89000000000004 0.0016423327662780003 0.014600244250492852 11.295000075000003 -0.0056209296022171991 268.06000000000006 0.46627588129915615 42.948386804145848 -0.0088185084953567479 53.787230788462686 474077.50000000006 431329.50000000006 0.77891931780104862 292.89500000000004 0.0071039950206200509 0.9650479753826382 295.02700000000004 0.9896476300933198 0.0048739006229648009
decision_type=2 2 2 2 2 2 2 2 2 2 2 2 2 2 2 2 2 2 2 2 2 2 2 2 2 2 2 2 2 2
left_child=5 2 10 4 18 7 -5 9 17 19 22 23 16 -14 15 -10 -12 -9 -3 -1 -21 -6 26 -8 -20 -4 -2 -7 -19 -16
right_child=1 3 25 6 21 27 11 8 14 -11 12 -13 13 -15 29 -17 -18 28 24 20 -22 -23 -24 -25 -26 -27 -28 -29 -30 -31
leaf_value=-0.0012994607900385744 0.002261046687847581 0.00042006843917537484 0.0024847538679336704 0.00026495048288127475 0.00031251881265167243 -0.0013916803049184242 -0.0024019039117265492 0.0022332231029868125 -0.0021507695578038689 -0.0012030761258070939 0.0011501599185329934 0 0.0024586465650424361 0.00036418150372530484 0.00013642601669740467 -0.00038717807547107114 -0.00025635548204334144 0.0011564640700100705 -0.0010254328409442677 0.00010466780339310675 -0.00067405674779040146 0.0016127723330693483 0.00046542108419816942 -0.0010889327970257973 0 0.0010285844459198413 0.00086536800533400032 -0.00017381927150654519 0.00021811602127786499 -0.00042298152948976221
leaf_weight=29 28 49 51 28 37 66 37 20 20 132 25 27 24 177 195 84 195 25 69 291 113 67 63 70 37 29 34 23 63 50
leaf_count=29 28 49 51 28 37 66 37 20 20 132 25 27 24 177 195 84 195 25 69 291 113 67 63 70 37 29 34 23 63 50
internal_value=-2.02567e-06 0.000308489 0.000653363 -0.00019754 0.000283463 -0.000297365 -0.000981977 -0.000222147 3.93369e-05 -0.000438644 0.000445327 -0.00126478 0.000258173 0.000640052 -0.000216882 -0.000772155 -7.84684e-05 0.000889222 -0.000306691 -0.000196459 -0.000106863 0.00118614 0.0010448 -0.00158876 -0.00067147 0.00201314 0.00156918 -0.00111571 0.000528399 8.81074e-06
internal_weight=2158 1047 626 421 259 1111 162 1022 457 565 546 134 421 201 349 104 220 108 155 433 404 104 125 107 106 80 62 89 88 245
internal_count=2158 1047 626 421 259 1111 162 1022 457 565 546 134 421 201 349 104 220 108 155 433 404 104 125 107 106 80 62 89 88 245
is_linear=0
shrinkage=0.03


Tree=63
num_leaves=31
num_cat=0
split_feature=11 23 19 22 22 22 22 20 15 19 19 14 23 19 18 18 19 16 11 11 21 27 14 19 11 22 21 15 9 22
split_gain=0.214092 0.255155 0.167456 0.160263 0.147971 0.105763 0.0679622 0.103765 0.0874852 0.0716085 0.0654791 0.0579397 0.0920619 0.0701368 0.0545455 0.0539973 0.0509209 0.0456545 0.044634 0.0362487 0.0313092 0.0189903 0.0183593 0.0178468 0.0171174 0.0121853 0.0100525 0.00633593 0.00545226 0.00011658
threshold=1.1133416947912702 268.27500000000003 96.715000150000023 257.97750000000008 277.73450000000008 256.03400000000005 252.37150000000003 2.3650000000000007 0.020408573108612053 80.950000765000013 92.325000760000009 0.016064460416388003 278.74000000000007 92.014999390000014 0.083877510336946418 0.31706620977742489 95.255001070000006 39.406842646117916 1.0288829379997309 0.96419882371350518 19.300000195000006 321065.00000000006 0.01518346880580315 97.435001375000013 1.0239348330847002 267.49850000000004 27.739999770000004 0.026723433204246656 1.0010112016716972 249.55300000000003
decision_type=2 2 2 2 2 2 2 2 2 2 2 2 2 2 2 2 2 2 2 2 2 2 2 2 2 2 2 2 2 2
left_child=1 6 4 5 11 19 7 8 15 -9 -11 12 -3 -13 -5 -1 -10 27 -7 -4 28 -2 -6 -16 -24 29 -22 -8 -19 -23
right_child=21 2 3 14 22 18 17 9 16 10 -12 13 -14 -15 23 -17 -18 20 -20 -21 26 25 24 -25 -26 -27 -28 -29 -30 -31
leaf_value=0.0004523429064386475 -0.00028311504845244243 0.0025145924742682835 0.00047598846502393028 0.0002004230567298901 0.0030604862765675144 0.0015484508030397231 0.00049873337096401624 -0.00086769731466192744 -0.0019096212295240701 0.0011358532246367463 0.00016553550329060889 -0.00020884278936811334 0.00065206378691466042 0.00079745265142410057 -0.00032464739575010273 -0.00031998689520729249 -0.00032152003927403709 4.4266151322517538e-05 7.740475988248363e-05 -0.0005489969196680733 -0.0009652572662178986 -0.0013329474461264907 0.0020551030369630702 -0.0015303926286686742 0.00064393193008039479 -0.0020647876387297668 -0.0018788490562603392 -0.0001739491180051118 -0.00053374314095443957 -0.00063031322790052871
leaf_weight=94 22 31 48 25 20 72 20 39 46 92 223 122 136 119 22 490 39 21 31 78 81 29 35 69 21 33 28 23 21 28
leaf_count=94 22 31 48 25 20 72 20 39 46 92 223 122 136 119 22 490 39 21 31 78 81 29 35 69 21 33 28 23 21 28
internal_value=-1.6337e-06 6.71494e-05 0.000473867 -2.2881e-05 0.000833457 0.000428115 -0.000207599 -0.000106199 -0.000327991 0.000304243 0.000461121 0.000593659 0.00102857 0.000276887 -0.000934901 -0.000189985 -0.00122806 -0.000723629 0.00113956 -0.000134231 -0.000969778 -0.00127418 0.00205741 -0.0012782 0.00159913 -0.0014777 -0.00124216 7.49687e-05 -0.000180663 -0.00105634
internal_weight=2158 2046 829 345 484 229 1217 1023 669 354 315 408 167 241 116 584 85 194 103 126 151 112 76 91 56 90 109 43 42 57
internal_count=2158 2046 829 345 484 229 1217 1023 669 354 315 408 167 241 116 584 85 194 103 126 151 112 76 91 56 90 109 43 42 57
is_linear=0
shrinkage=0.03


Tree=64
num_leaves=31
num_cat=0
split_feature=11 23 19 22 22 22 11 22 20 15 19 19 14 23 19 18 18 19 11 16 21 14 11 19 11 11 20 9 15 9
split_gain=0.202584 0.24092 0.157962 0.151026 0.139891 0.100857 0.0645519 0.064095 0.097738 0.0825839 0.0675449 0.0615662 0.0546232 0.0866473 0.0660788 0.0516259 0.0508644 0.0477383 0.0474102 0.0430596 0.0295019 0.0170103 0.0236204 0.0165488 0.0162441 0.00936125 0.00601776 0.00517777 0.00383544 0.000125281
threshold=1.1133416947912702 268.27500000000003 96.715000150000023 257.97750000000008 277.73450000000008 256.23300000000006 1.0288829379997309 252.37150000000003 2.3650000000000007 0.020408573108612053 80.950000765000013 92.325000760000009 0.016064460416388003 278.74000000000007 92.014999390000014 0.083877510336946418 0.31706620977742489 95.255001070000006 0.94717177898326865 39.406842646117916 19.300000195000006 0.0155813096066358 1.0174438767419167 97.435001375000013 1.16577566261554 0.98411765921131111 2.9250000000000003 1.0010112016716972 0.018676681109882853 1.03882940421402
decision_type=2 2 2 2 2 2 2 2 2 2 2 2 2 2 2 2 2 2 2 2 2 2 2 2 2 2 2 2 2 2
left_child=1 7 4 5 12 18 -7 8 9 16 -10 -12 13 -3 -14 -5 -1 -11 -4 26 27 -6 -23 -17 28 -22 -9 -21 -2 -30
right_child=24 2 3 15 21 6 -8 19 10 17 11 -13 14 -15 -16 23 -18 -19 -20 20 25 22 -24 -25 -26 -27 -28 -29 29 -31
leaf_value=0.00043891546136184939 -0.0003008296272124756 0.002441512098535895 0.00087764361981503859 0.00019464163752295111 0.0028816679400624707 0.0019215629943372572 7.5155180507863398e-05 0.00045557213351940333 -0.00084231717684888274 -0.001853551504043664 0.001102144030936723 0.00016059160586829485 -0.00020262844896898037 0.0006326446570910642 0.00077372844790224915 -0.00031533144365834148 -0.00031040684216989632 -0.00031211557634087516 -0.00035600321316573639 4.2998532690531141e-05 -0.00067703532157966663 0.002035922446534695 0.00045900971176368854 -0.0014851367275263848 -0.0019126395924355495 -0.0014794322186190744 -0.00019812509006905283 -0.00051845869440479535 -0.0013485173423804582 -0.00065074709873297256
leaf_weight=94 21 31 36 25 23 50 31 22 39 46 92 223 122 136 119 22 490 39 112 21 42 33 20 69 32 67 21 21 30 29
leaf_count=94 21 31 36 25 23 50 31 22 39 46 92 223 122 136 119 22 490 39 112 21 42 33 20 69 32 67 21 21 30 29
internal_value=-1.57874e-06 6.52923e-05 0.000460534 -2.16832e-05 0.000809784 0.000415866 0.00126103 -0.000201634 -0.000103062 -0.00031838 0.000295153 0.000447696 0.000576344 0.000998814 0.000268281 -0.000907278 -0.000184124 -0.00119304 -3.19164e-05 -0.000702844 -0.000941934 0.00200027 0.00151594 -0.00124144 -0.00123949 -0.00120649 7.08956e-05 -0.000173491 -0.000912898 -0.00107211
internal_weight=2158 2046 829 345 484 229 81 1217 1023 669 354 315 408 167 241 116 584 85 148 194 151 76 53 91 112 109 43 42 80 59
internal_count=2158 2046 829 345 484 229 81 1217 1023 669 354 315 408 167 241 116 584 85 148 194 151 76 53 91 112 109 43 42 80 59
is_linear=0
shrinkage=0.03


Tree=65
num_leaves=28
num_cat=0
split_feature=11 23 19 27 25 11 23 17 21 20 11 17 18 27 19 19 21 11 23 19 27 14 27 27 15 11 17
split_gain=0.191723 0.227505 0.148975 0.113264 0.0841389 0.0827105 0.0787489 0.0594132 0.0587529 0.0732963 0.0690075 0.0930376 0.0588579 0.0575799 0.0565124 0.0653023 0.0530873 0.0568912 0.0313352 0.0389437 0.0216207 0.0182959 0.0178249 0.0132583 0.010014 0.00797568 0.00267155
threshold=1.1133416947912702 268.27500000000003 96.715000150000023 263505.00000000006 -0.15660961799999998 0.99016953989183554 314.01500000000004 0.0042598816009012013 18.144999505000005 2.3550000000000004 0.95766985675424976 -0.0070140320323253489 0.82880045814241898 447211.50000000006 80.950000765000013 92.325000760000009 32.64999962000001 1.0288829379997309 266.43500000000006 106.49000170000001 287649.00000000006 0.015989808692611806 321065.00000000006 527162.00000000012 0.019283187998561251 1.16577566261554 0.00079617764314065013
decision_type=2 2 2 2 2 2 2 2 2 2 2 2 2 2 2 2 2 2 2 2 2 2 2 2 2 2 2
left_child=1 8 3 4 -3 13 16 -7 9 10 12 -12 -1 -5 -11 -16 17 -4 21 20 -20 23 -2 -10 -18 -24 -23
right_child=22 2 6 5 -6 7 -8 -9 18 14 11 -13 -14 -15 15 -17 24 -19 19 -21 -22 26 25 -25 -26 -27 -28
leaf_value=0.00060411385049613043 -0.00024536520430727091 0.00042657184571726249 0.0003753346108154399 0.0019709861860097528 0.0029352756854700477 3.1572994807633421e-05 0.0017062056271189992 0.00095398409639366275 0.00012476841925883724 -0.00081767939456294685 -0.0020593679404050549 -0.00037452677418679114 -0.00060118681126612424 0.00055655630293213537 0.0011098523991510132 0.00012410541526849321 -0.00049235605332269815 -0.00049558403106740394 -0.00033732436700665858 0 -0.0014380395554431237 -0.0010602583012584111 -0.0010672646205368891 -0.0006613946077122818 -0.001643595843975033 -0.0020110000446438791 -0.00034143639195099242
leaf_weight=108 22 23 162 58 36 212 21 93 92 39 33 320 52 62 80 278 28 114 31 30 78 22 63 23 20 27 31
leaf_count=108 22 23 162 58 36 212 21 93 92 39 33 320 52 62 80 278 28 114 31 30 78 22 63 23 20 27 31
internal_value=-1.50734e-06 6.35085e-05 0.000447619 0.000786791 0.00203072 0.000602701 -2.04333e-05 0.000324835 -0.000195831 -7.07353e-05 -0.000309837 -0.00054588 0.000192457 0.00127563 0.000230694 0.000355219 -0.000146481 4.28656e-06 -0.000555461 -0.000896429 -0.00115818 -0.000251964 -0.00120581 -1.09483e-05 -0.00105702 -0.00140234 -0.00070948
internal_weight=2158 2046 829 484 59 425 345 305 1217 910 513 353 160 120 397 358 324 276 307 139 109 168 112 115 48 90 53
internal_count=2158 2046 829 484 59 425 345 305 1217 910 513 353 160 120 397 358 324 276 307 139 109 168 112 115 48 90 53
is_linear=0
shrinkage=0.03


Tree=66
num_leaves=31
num_cat=0
split_feature=23 19 23 21 23 14 27 20 15 27 15 18 20 13 18 10 23 15 20 23 23 19 15 15 20 27 14 19 19 23
split_gain=0.1787 0.164373 0.0999081 0.0811309 0.0664417 0.0894313 0.0951584 0.0649207 0.0847954 0.0614329 0.0715313 0.103741 0.078547 0.0560421 0.0507629 0.0484164 0.044285 0.0401542 0.0579476 0.0397422 0.0376443 0.0374236 0.0364607 0.0362531 0.0570137 0.0335545 0.0279124 0.026784 0.0241914 0.0226737
threshold=267.43000000000001 96.61500168000002 314.01500000000004 20.625000000000004 293.67500000000001 0.010843051539523302 454792.50000000006 0.96500000000000008 0.015630544509721903 417784.50000000006 0.019449407588248653 0.31706620977742489 2.4250000000000003 1.0120707463658831 0.86297231265819085 0.98923714057685885 319.91000000000003 0.0098140156052885525 1.8450000000000004 266.43500000000006 251.04000000000002 93.555000305000007 0.019708440740153155 0.0098140156052885525 2.3050000000000002 500409.50000000006 0.023567863442736453 95.125000000000014 95.185001375000013 260.74000000000007
decision_type=2 2 2 2 2 2 2 2 2 2 2 2 2 2 2 2 2 2 2 2 2 2 2 2 2 2 2 2 2 2
left_child=9 4 3 17 5 28 14 16 -9 19 11 20 27 26 -7 -10 22 -3 -19 29 25 -8 -6 -13 -25 -11 -5 -12 -2 -1
right_child=1 2 -4 13 7 6 21 8 15 10 12 23 -14 -15 -16 -17 -18 18 -20 -21 -22 -23 -24 24 -26 -27 -28 -29 -30 -31
leaf_value=-0.00046160934276526352 0.00045282719107344748 -0.00085714355006654688 0.0015513977136246725 -0.00078285663833376016 0.0014275120689825557 0.00091250995144836675 0.00073087265627471863 0.0011861768721538627 8.1703829990389446e-05 0.0024667789159575479 -0.0020371902140097751 -0.001278838059731892 0.00011184850593863595 -0.0017366610222050674 0.0019587192050577141 -0.0011474417259701741 -3.6676879331935194e-05 0.00078604994410804156 -0.00019766434649941438 -0.0011596857317410765 1.0397327598184339e-05 -0.00050887623211102822 0 -0.00032767396200852189 0.00050909330790987377 0.00076172078538552985 0.00016968343449899782 -0.00067587251888403968 -0.00068628362111880308 8.2397391102858816e-05
leaf_weight=431 29 37 27 69 66 105 52 28 44 23 30 20 61 45 99 64 41 89 126 72 25 34 20 180 122 34 38 42 34 71
leaf_count=431 29 37 27 69 66 105 52 28 44 23 30 20 61 45 99 64 41 89 126 72 25 34 20 180 122 34 38 42 34 71
internal_value=-1.55699e-06 0.000278122 -0.000165648 -0.000291356 0.000593244 0.000864657 0.00108771 0.000215694 -0.000222685 -0.000267836 -3.10291e-05 0.000161944 -0.000636424 -0.00083705 0.00144194 -0.000623 0.00070665 2.79434e-05 0.000197413 -0.000483721 0.00111004 0.000206041 0.00109186 -7.28982e-05 1.02142e-06 0.00153212 -0.000418355 -0.00130432 -0.000116174 -0.000378693
internal_weight=2158 1047 431 404 616 353 290 263 136 1111 537 404 133 152 204 108 127 252 215 574 82 86 86 322 302 57 107 72 63 502
internal_count=2158 1047 431 404 616 353 290 263 136 1111 537 404 133 152 204 108 127 252 215 574 82 86 86 322 302 57 107 72 63 502
is_linear=0
shrinkage=0.03


Tree=67
num_leaves=25
num_cat=0
split_feature=11 23 27 11 21 22 20 22 22 22 23 23 17 18 16 27 27 23 24 27 11 22 20 22
split_gain=0.176116 0.202691 0.125533 0.115893 0.105691 0.0799506 0.0719721 0.0543108 0.0862212 0.107734 0.0712763 0.0521502 0.0487777 0.0405444 0.0388863 0.0368625 0.0277677 0.0211427 0.0187026 0.0164023 0.0128125 0.00982941 0.00564503 0.000231019
threshold=1.1133416947912702 268.27500000000003 189968.00000000003 1.0292340003211928 36.635000225000006 277.73450000000008 1.3150000000000002 252.37150000000003 240.38350000000003 238.02500000000001 251.04000000000002 265.39500000000004 -0.004511583424951099 0.46627588129915615 39.406842646117916 418588.50000000006 239377.00000000003 266.78000000000003 0.7385807350000001 321065.00000000006 0.95829892337864975 267.49850000000004 2.9250000000000003 249.55300000000003
decision_type=2 2 2 2 2 2 2 2 2 2 2 2 2 2 2 2 2 2 2 2 2 2 2 2
left_child=1 7 -3 4 5 -4 15 8 9 12 13 -12 -1 -10 22 -5 -16 -18 -8 -2 -11 23 -9 -21
right_child=19 2 3 6 -6 -7 18 14 10 20 11 -13 -14 -15 16 -17 17 -19 -20 21 -22 -23 -24 -25
leaf_value=-0.00068604517403278139 -0.00022810694923037258 0.0027366224458175046 0.00058617078054214416 -0.00027336835228274336 -0.00090052394441833398 0.0017497763860288118 0.00011965359532623549 0.00045749310233994674 0.0021101132615336349 -0.00055329377806683975 -0.00022525605590834437 0.00055176597419023983 8.9047554181015588e-05 0.00053193442433748092 0 0.00080848346900061832 -0.00042021918497533382 -0.0013781367630057502 -0.00063101466689811784 -0.0012149563379120079 -0.0013011428741325115 -0.0018831635908333254 -0.00016607560060749 -0.00054720045558722882
leaf_weight=94 22 20 411 37 35 65 29 22 20 52 270 108 299 88 28 83 44 79 149 29 92 33 21 28
leaf_count=94 22 20 411 37 35 65 29 22 20 52 270 108 299 88 28 83 44 79 149 29 92 33 21 28
internal_value=-1.37614e-06 6.08796e-05 0.000423494 0.000359297 0.000633923 0.000754691 -0.000102134 -0.000183809 -9.28108e-05 -0.000356489 0.000192511 0 -9.00001e-05 0.00086839 -0.000645339 0.000450617 -0.000873091 -0.00106581 -0.00049197 -0.00115568 -0.00105745 -0.00134445 8.79245e-05 -0.00095375
internal_weight=2158 2046 829 809 511 476 298 1217 1023 537 486 378 393 108 194 120 151 123 178 112 144 90 43 57
internal_count=2158 2046 829 809 511 476 298 1217 1023 537 486 378 393 108 194 120 151 123 178 112 144 90 43 57
is_linear=0
shrinkage=0.03


Tree=68
num_leaves=31
num_cat=0
split_feature=11 23 19 22 22 22 11 22 22 22 23 19 15 23 22 11 16 11 10 19 27 14 23 27 19 10 22 14 15 22
split_gain=0.166669 0.190965 0.127565 0.135058 0.119531 0.0888048 0.0552005 0.0512371 0.0813467 0.10156 0.0673067 0.068676 0.050589 0.103391 0.0594876 0.0414175 0.0366639 0.0362716 0.0356598 0.0332949 0.0261554 0.021038 0.0196966 0.0153124 0.0150855 0.0126707 0.00893242 0.00828883 0.00573668 3.81429e-05
threshold=1.1133416947912702 268.27500000000003 96.715000150000023 257.97750000000008 277.73450000000008 256.23300000000006 1.0288829379997309 252.37150000000003 240.38350000000003 238.03350000000003 251.04000000000002 91.319999695000021 0.014839412036224651 319.91000000000003 273.29300000000006 0.94717177898326865 39.406842646117916 1.0192159692146188 1.000121348403388 97.334999085000007 239377.00000000003 0.023467644066640456 266.78000000000003 321065.00000000006 95.764999390000014 0.98794068144471103 267.49850000000004 0.019381366562438006 0.026723433204246656 249.55300000000003
decision_type=2 2 2 2 2 2 2 2 2 2 2 2 2 2 2 2 2 2 2 2 2 2 2 2 2 2 2 2 2 2
left_child=1 7 4 5 12 15 -7 8 9 17 18 -12 13 -3 -14 -4 28 -1 -10 -5 -18 -21 -22 -2 -6 -26 29 -11 -9 -25
right_child=23 2 3 19 24 6 -8 16 10 27 11 -13 14 -15 -16 -17 20 -19 -20 21 22 -23 -24 26 25 -27 -28 -29 -30 -31
leaf_value=2.3474477615602327e-05 -0.00022156127023196818 0.001699071959243156 0.00082163759882914248 4.2669558577472336e-05 0.0025158634301973505 0.0017965291262987781 7.9300721470531229e-05 0.00048557353817990846 0.001394647849626331 -0.00089091593074386538 0.0012639183992420189 -0.00013073099155216881 0.00045489952555608784 -0.00050595437006268186 -0.00088650835632142846 -0.00033135822061778957 0 -0.00065811213020813353 0.00022324611159591851 -0.0013599973827048703 -0.00040789275147253646 -0.00010400852963159029 -0.0013373094707261771 -0.0011797226100228725 0.0019222194510088726 0.00062291538210896148 -0.0018283302947906229 -0.0017487450934540202 -0.00014690350287128239 -0.00053135051176851167
leaf_weight=328 22 71 36 23 29 50 31 20 54 98 34 344 283 23 31 112 28 86 54 72 44 21 79 29 21 26 33 25 23 28
leaf_count=328 22 71 36 23 29 50 31 20 54 98 34 344 283 23 31 112 28 86 54 72 44 21 79 29 21 26 33 25 23 28
internal_value=-1.47682e-06 5.90481e-05 0.000411049 -2.1463e-05 0.000724942 0.000391816 0.00118489 -0.000178407 -8.99234e-05 -0.000346098 0.000187103 0 0.00050859 0.00112832 0.00031055 -2.71335e-05 -0.000626757 -0.000112127 0.000843891 -0.00085935 -0.000847954 -0.00111243 -0.001035 -0.00112442 0.00182576 0.00129391 -0.0013073 -0.00110216 8.344e-05 -0.000927601
internal_weight=2158 2046 829 345 484 229 81 1217 1023 537 486 378 408 94 314 148 194 414 108 116 151 93 123 112 76 47 90 123 43 57
internal_count=2158 2046 829 345 484 229 81 1217 1023 537 486 378 408 94 314 148 194 414 108 116 151 93 123 112 76 47 90 123 43 57
is_linear=0
shrinkage=0.03


Tree=69
num_leaves=28
num_cat=0
split_feature=11 23 19 27 25 11 23 17 27 21 20 11 17 18 19 19 11 17 26 23 14 27 11 11 19 17 8
split_gain=0.157776 0.180134 0.120152 0.0974444 0.0767622 0.072025 0.0659348 0.0572751 0.0524269 0.0487451 0.0613028 0.0612176 0.083679 0.0526398 0.0508236 0.0590138 0.0470882 0.0805184 0.0291916 0.0389201 0.0160815 0.0142887 0.00602848 0.00592739 0.00799984 0.00725172 0.000468136
threshold=1.1133416947912702 268.27500000000003 96.715000150000023 263505.00000000006 -0.15660961799999998 0.99268225198207916 314.01500000000004 0.0042598816009012013 447211.50000000006 18.144999505000005 2.3550000000000004 0.95766985675424976 -0.0070140320323253489 0.82880045814241898 80.950000765000013 92.325000760000009 0.94622026524347791 0.0010112815459357501 95.500000000000014 266.78000000000003 0.016401282742296002 321065.00000000006 1.16577566261554 0.9663029432910516 106.49000170000001 0.0023239048771516503 0.98355432018409472
decision_type=2 2 2 2 2 2 2 2 2 2 2 2 2 2 2 2 2 2 2 2 2 2 2 2 2 2 2
left_child=1 9 3 4 -3 8 16 -7 -5 10 11 13 -13 -1 -12 -16 26 -18 19 20 -11 -2 -23 24 -20 -25 -4
right_child=21 2 6 5 -6 7 -8 -9 -10 18 14 12 -14 -15 15 -17 17 -19 23 -21 -22 22 -24 25 -26 -27 -28
leaf_value=0.00058438360176974076 -0.00021520343178812963 0.0003274946842866484 0.0010309956277321491 0.0017710672275030185 0.0027196053022367724 -9.0909912088296969e-06 0.0015586732786402782 0.0008726637562330654 0.0004730199357333784 -6.2164279302613491e-05 -0.00077675060993788057 -0.0019358409202438502 -0.00033760451415896012 -0.00055380177329171379 0.0010523282884128597 0.00011457945840803766 -0.00072255060428550474 0.00029314968832058167 -0.00052721104920628735 -0.001316003531590104 -0.00083856491232967684 -0.00096247212222624499 -0.0018243970453123825 0.00050957366059999911 3.2037119314606696e-05 -0.00017685172620796313 0.00035879344196990132
leaf_weight=108 22 23 20 62 36 203 21 93 67 77 39 33 320 52 80 278 163 117 46 69 42 63 27 24 27 22 24
leaf_count=108 22 23 20 62 36 203 21 93 67 77 39 33 320 52 80 278 163 117 46 69 42 63 27 24 27 22 24
internal_value=-1.46687e-06 5.73835e-05 0.000399287 0.000703925 0.00185809 0.000532672 -2.0217e-05 0.000259851 0.00112879 -0.000173189 -5.8954e-05 -0.000277905 -0.000500536 0.000194698 0.000216423 0.000334836 -0.000136264 -0.000287924 -0.000500771 -0.000735594 -0.000365893 -0.00109408 -0.00127122 -0.000101751 -0.000282188 0.000120676 0.000747128
internal_weight=2158 2046 829 484 59 425 345 296 129 1217 910 513 353 160 397 358 324 280 307 188 119 112 90 119 73 46 44
internal_count=2158 2046 829 484 59 425 345 296 129 1217 910 513 353 160 397 358 324 280 307 188 119 112 90 119 73 46 44
is_linear=0
shrinkage=0.03


Tree=70
num_leaves=27
num_cat=0
split_feature=11 23 27 11 19 22 20 21 22 22 23 19 27 18 27 11 26 23 24 27 21 11 22 11 19 17
split_gain=0.149128 0.170287 0.113093 0.103512 0.106118 0.108602 0.064294 0.0459945 0.0612976 0.10521 0.0720386 0.0725465 0.0670549 0.0335651 0.0335342 0.0331239 0.0275675 0.0364332 0.0176255 0.0132857 0.0115867 0.0095123 0.00804934 0.0055294 0.00759071 0.00686264
threshold=1.1133416947912702 268.27500000000003 189968.00000000003 1.0292340003211928 98.880001070000006 277.73450000000008 1.3150000000000002 18.144999505000005 240.38350000000003 238.02500000000001 251.04000000000002 91.54999924000002 397039.50000000006 0.46627588129915615 418588.50000000006 0.96732420181778911 95.500000000000014 266.78000000000003 0.7385807350000001 321065.00000000006 24.380000115000005 0.95829892337864975 267.49850000000004 0.9663029432910516 106.49000170000001 0.0023239048771516503
decision_type=2 2 2 2 2 2 2 2 2 2 2 2 2 2 2 2 2 2 2 2 2 2 2 2 2 2
left_child=1 7 -3 4 5 -4 14 8 9 12 13 -12 -1 -10 -5 -6 17 20 -8 -2 -9 -11 -21 24 -18 -25
right_child=19 2 3 6 15 -7 18 16 10 21 11 -13 -14 -15 -16 -17 23 -19 -20 22 -22 -23 -24 25 -26 -27
leaf_value=-0.00049026979413208755 -0.00020902802357348896 0.002583931335786474 0.00057339565780159085 -0.00027591283980444513 0.00050278163193641888 0.0020246649601779478 0.00011410454265424049 -0.00049820775361742559 0.0020006632160927563 -0.00053274041917341362 0.0016936481381583557 -0.00011568996994742519 0.00043004811547306951 0.0005345521447254367 0.00075523569950434772 -0.00083778000539168709 -0.00051173123805269732 -0.0012770874308422207 -0.0006123101891844999 -0.00086982073932775721 0.00019589817347670239 -0.0012909709118936981 -0.0017333793121198302 0.00049489794355493351 3.1110326044394491e-05 -0.00017177685373462738
leaf_weight=137 22 20 382 37 20 55 29 99 20 41 20 383 146 82 83 54 46 69 149 57 20 81 33 24 27 22
leaf_count=137 22 20 382 37 20 55 29 99 20 41 20 383 146 82 83 54 46 69 149 57 20 81 33 24 27 22
internal_value=-1.36117e-06 5.5815e-05 0.000388273 0.000327165 0.00058686 0.000767105 -0.00010859 -0.00016832 -5.72464e-05 -0.000334175 0.000159137 -1.45008e-05 -5.07098e-06 0.000867784 0.000412852 -0.000433593 -0.000486564 -0.000714831 -0.000477226 -0.00106365 -0.000355891 -0.00106695 -0.00123499 -9.79892e-05 -0.000272706 0.000115353
internal_weight=2158 2046 829 809 511 437 298 1217 910 405 505 403 283 102 120 74 307 188 178 112 119 122 90 119 73 46
internal_count=2158 2046 829 809 511 437 298 1217 910 405 505 403 283 102 120 74 307 188 178 112 119 122 90 119 73 46
is_linear=0
shrinkage=0.03


Tree=71
num_leaves=26
num_cat=0
split_feature=11 22 20 22 19 22 26 26 20 11 22 11 19 27 25 20 22 3 10 11 11 15 15 15 9
split_gain=0.140952 0.116713 0.111962 0.167852 0.102861 0.089164 0.0745691 0.127666 0.0704641 0.0590163 0.0571249 0.0360239 0.0361174 0.054194 0.0287869 0.0244608 0.015152 0.0130168 0.0099899 0.00989664 0.00928877 0.00711435 0.00435351 0.00308044 0.000246611
threshold=1.1133416947912702 240.38350000000003 1.8750000000000002 277.73450000000008 91.125000000000014 238.02500000000001 96.500000000000014 84.500000000000014 2.7950000000000004 1.0358347569888851 244.17800000000003 1.0174438767419167 80.950000765000013 397039.50000000006 0.52376573700000006 1.6950000000000001 255.54900000000001 0.044025211315630357 1.0090671624174263 0.95829892337864975 1.0478935729862433 0.018217101696236204 0.018676681109882853 0.014308016380848851 1.0414686569347671
decision_type=2 2 2 2 2 2 2 2 2 2 2 2 2 2 2 2 2 2 2 2 2 2 2 2 2
left_child=1 5 3 6 8 11 7 -3 -4 10 -6 12 -1 -14 -8 -5 -11 22 -13 -7 -10 -20 -2 -21 -24
right_child=17 2 4 15 9 19 14 -9 20 16 -12 18 13 -15 -16 -17 -18 -19 21 23 -22 -23 24 -25 -26
leaf_value=-0.00075970719608015633 -0.00018026201400373661 0.00071357219126934616 0.0022317051893655194 0.0013132411526205639 0.0006548430515509663 -0.00050238052688023939 0.00036387785559287294 -0.00030565594312825805 0.00066698879820548682 -0.00040899862554916335 -0.00013508174474514823 -0.0012608781184286011 -0.00023286079932448791 0.00061100930108768032 0.0012473751133585118 0.0028677479585875634 -0.0011159914799127727 -0.0018543300709154987 -0.00057640541125425786 -0.00065786965888014494 -0.00012317722171808227 0 -0.0011244618375256487 -0.0013816448961057879 -0.00052159971066284918
leaf_weight=39 20 186 27 44 98 52 74 266 21 122 490 20 126 140 88 22 49 20 46 31 22 22 43 61 29
leaf_count=39 20 186 27 44 98 52 74 266 21 122 490 20 126 140 88 22 49 20 46 31 22 22 43 61 29
internal_value=-1.28548e-06 5.42625e-05 0.000190673 0.000476049 -4.00887e-05 -0.000323123 0.000314041 0.000107788 0.00104688 -0.000145529 0 -7.99495e-05 6.59827e-05 0.00020067 0.000866915 0.00191125 -0.00063434 -0.00103408 -0.000614504 -0.000960965 0.000200924 -0.000365397 -0.000805482 -0.00117972 -0.00093321
internal_weight=2158 2046 1509 680 829 537 614 452 70 759 588 393 305 266 162 66 171 112 88 144 43 68 92 92 72
internal_count=2158 2046 1509 680 829 537 614 452 70 759 588 393 305 266 162 66 171 112 88 144 43 68 92 92 72
is_linear=0
shrinkage=0.03


Tree=72
num_leaves=26
num_cat=0
split_feature=11 23 19 27 11 20 20 21 20 11 19 15 19 19 11 26 23 27 21 3 11 12 20 0 0
split_gain=0.133445 0.152942 0.105504 0.0938 0.11204 0.0578449 0.0522921 0.0429558 0.0533752 0.0538685 0.0631615 0.0599889 0.0471561 0.0564603 0.0345812 0.0258836 0.0338032 0.0123889 0.0106521 0.00521384 0.00511551 0.00726819 0.00659951 0.00262379 0.000420921
threshold=1.1133416947912702 268.27500000000003 99.165000915000022 189968.00000000003 1.0302458602628339 1.6650000000000003 1.3150000000000002 18.144999505000005 2.3650000000000007 0.94030995530628692 94.665000915000022 0.016683298693641404 80.950000765000013 92.325000760000009 0.98800441124948335 95.500000000000014 266.78000000000003 321065.00000000006 24.380000115000005 0.042239212771229308 0.9663029432910516 0.96893843074974495 2.0050000000000003 -1.0000000180025095e-35 -0.0004950641855617999
decision_type=2 2 2 2 2 2 2 2 2 2 2 2 2 2 2 2 2 2 2 2 2 2 2 2 2
left_child=1 7 3 -3 5 -5 -6 8 9 11 -11 -1 -10 -14 -4 16 18 -2 -9 -19 21 -17 -22 -16 -18
right_child=17 2 14 4 6 -7 -8 15 12 10 -12 -13 13 -15 23 20 24 19 -20 -21 22 -23 -24 -25 -26
leaf_value=-0.00013557723696158063 -0.00017955908260267715 0.0024833340468550366 1.0484915319830172e-05 0.00039258969148937823 0.0004286748030480291 0.0011026421744237617 -0.00040374407524101447 -0.00047824792495113798 -0.00073748577035148623 -0.00091566784750762528 -0.00012757801854938641 0.0013234239457398525 0.0010548522924708032 0.00011320598659370278 -0.0015744824905134737 5.7182931806892153e-05 -0.00075426535364240405 -0.00092236295051243095 0.00018333430660589196 -0.0018146674025753911 0.00054356417299381325 -0.00048284345040126343 -0.00011318263789224955 -0.00060168513708880962 -0.0014760445537181886
leaf_weight=71 22 20 29 265 113 194 164 99 39 144 280 36 76 264 24 25 29 70 20 20 20 48 26 20 40
leaf_count=71 22 20 29 265 113 194 164 99 39 144 280 36 76 264 24 25 29 70 20 20 20 48 26 20 40
internal_value=-1.47747e-06 5.25334e-05 0.000367665 0.000475357 0.000413426 0.000700965 -5.30534e-05 -0.000159792 -5.23517e-05 -0.000248903 -0.000403815 0.000335233 0.000215063 0.000334965 -0.000698418 -0.000467319 -0.000688469 -0.00100642 -0.000341456 -0.00117138 -9.01138e-05 -0.000259089 0.000114019 -0.00122217 -0.00123065
internal_weight=2158 2046 829 756 736 459 277 1217 910 531 424 107 379 340 73 307 188 112 119 90 119 73 46 44 69
internal_count=2158 2046 829 756 736 459 277 1217 910 531 424 107 379 340 73 307 188 112 119 90 119 73 46 44 69
is_linear=0
shrinkage=0.03


Tree=73
num_leaves=27
num_cat=0
split_feature=11 23 19 22 15 15 11 22 22 19 11 22 27 8 27 22 22 15 18 10 25 15 22 22 0 15
split_gain=0.126117 0.144121 0.0995591 0.110184 0.0683769 0.0546668 0.0419131 0.0413585 0.0779705 0.0419073 0.0328492 0.0323966 0.0285517 0.0287112 0.0398447 0.0237853 0.0400226 0.0216633 0.0180167 0.017045 0.0156728 0.0116635 0.00839335 0.00288728 0.00224288 0.000340463
threshold=1.1133416947912702 268.27500000000003 99.165000915000022 277.73450000000008 0.0098140156052885525 0.017157349618697752 0.99617697078246936 240.86050000000003 251.11600000000001 91.854999540000009 0.98800441124948335 283.52150000000006 617279.00000000012 0.97044611338382436 567971.50000000012 237.69500000000002 236.61750000000004 0.0093812719252883512 1.0027872772862312 0.98174854409026269 -0.52032733749999982 0.018676681109882853 267.49850000000004 249.55300000000003 -1.0000000180025095e-35 0.015838256679715404
decision_type=2 2 2 2 2 2 2 2 2 2 2 2 2 2 2 2 2 2 2 2 2 2 2 2 2 2
left_child=1 6 3 4 -3 -6 12 15 9 -9 -4 20 13 18 -15 16 -8 -10 -1 -14 -5 -2 23 -23 -12 -17
right_child=21 2 10 11 5 -7 7 8 17 -11 24 -13 19 14 -16 25 -18 -19 -20 -21 -22 22 -24 -25 -26 -27
leaf_value=0.00084758633273118668 -0.00014966710202861576 -0.00092306083810884346 1.0180857009254389e-05 0.00093119131630053735 0.00066335203931624717 9.2762750007241267e-05 -0.0013754973814177971 0.001065935804584139 0 -1.4689219487328855e-05 -0.0015291373803466557 0.00030005887628573437 0.001025338257813977 -5.3944001422793487e-05 -0.00099753458400567369 -0.00073250619631726286 0 -0.0010036487961694927 -5.8098120354115954e-05 0 0.002283931010618107 -0.0010364960749303139 -0.0016021090921324987 -0.00031412559371286382 -0.00058449413491013869 -0.0013430933308706658
leaf_weight=46 21 35 29 24 337 299 25 36 20 216 24 22 36 489 44 39 77 92 24 28 39 30 35 26 20 45
leaf_count=46 21 35 29 24 337 299 25 36 20 216 24 22 36 489 44 39 77 92 24 28 39 30 35 26 20 45
internal_value=-1.60023e-06 5.08678e-05 0.00035681 0.000461493 0.000325613 0.00040038 -0.000155194 -0.000348857 -0.00015152 0.000131431 -0.000678343 0.001483 2.90718e-07 -5.94992e-05 -0.000139179 -0.000716126 -0.000357601 -0.000810238 0.000498368 0.000602026 0.00183808 -0.000978596 -0.00113357 -0.000765136 -0.00118895 -0.00110685
internal_weight=2158 2046 829 756 671 636 1217 550 364 252 73 85 667 603 533 186 102 112 70 64 63 112 91 56 44 84
internal_count=2158 2046 829 756 671 636 1217 550 364 252 73 85 667 603 533 186 102 112 70 64 63 112 91 56 44 84
is_linear=0
shrinkage=0.03


Tree=74
num_leaves=31
num_cat=0
split_feature=23 19 22 23 21 15 23 22 15 19 20 23 23 22 13 18 18 8 22 22 15 19 21 22 19 27 19 15 15 19
split_gain=0.118706 0.113251 0.104744 0.0704934 0.0684429 0.0560702 0.0649915 0.0517128 0.104889 0.0509888 0.0496225 0.0874561 0.0465136 0.0803334 0.0402362 0.0340879 0.0337776 0.0312127 0.028976 0.0330429 0.0266394 0.0241822 0.0272204 0.0281588 0.0399297 0.0164413 0.0162765 0.0155837 0.0154472 0.0124574
threshold=267.43000000000001 96.084999085000007 277.73450000000008 314.01500000000004 29.595000265000003 0.014872228845068251 319.91000000000003 262.36600000000004 0.021571495155608102 94.86500168000002 1.8150000000000002 287.91500000000002 253.05500000000004 240.86050000000003 0.93852900080922852 0.53593609629104433 0.41910563358376024 0.97044611338382436 237.69500000000002 237.28350000000003 0.020329496799518003 92.380001070000006 27.015000345000001 245.80900000000003 96.514999390000014 447211.50000000006 95.89500046000002 0.015029278586950303 0.017814348221949404 97.86500168000002
decision_type=2 2 2 2 2 2 2 2 2 2 2 2 2 2 2 2 2 2 2 2 2 2 2 2 2 2 2 2 2 2
left_child=12 2 5 4 10 6 9 15 -9 -2 11 -3 13 17 -12 -7 -15 -1 19 -19 25 -14 23 24 -23 -6 -25 -18 -4 -20
right_child=1 3 28 -5 20 7 -8 8 -10 -11 14 -13 21 16 -16 -17 27 18 29 -21 -22 22 -24 26 -26 -27 -28 -29 -30 -31
leaf_value=0.00057715770427917905 0.0013695349583035389 0.0010348736122795406 0.0023793364602606739 0.001235945097213103 0 -0.00025637082835929773 -0.00052315412424650269 -0.00053879654798918628 0.0012541489277937215 -5.9999217744916674e-05 0.00087329840765375158 -0.00043498320704675274 0.00024446394538639915 0.0014562982091297122 -0.00041311814526626708 0.00080219196471553917 -0.00014878465149085969 -0.00044366004456002615 -0.00078453166884917287 0.00015277053853268239 -0.0017224293985674457 -0.0011241680772614197 -0.0014151956905843689 9.8728677451920988e-06 -0.00015285005052972242 -0.0010558426212823099 -0.00052758204509387716 0.00052869837300501628 0.00096311914181121849 -7.3082945379428566e-05
leaf_weight=36 112 85 28 32 28 30 23 149 35 23 22 59 34 30 226 118 39 157 124 167 30 99 31 125 75 22 74 81 25 39
leaf_count=36 112 85 28 32 28 30 23 149 35 23 22 59 34 30 226 118 39 157 124 167 30 99 31 125 75 22 74 81 25 39
internal_value=-1.79665e-06 0.000225887 0.000526924 -9.29051e-05 -0.000191762 0.000380051 0.000847558 0.000146676 -0.000176595 0.00110528 -1.98265e-05 0.000413104 -0.000219073 -5.71523e-05 -0.000283903 0.000567204 0.00054667 -0.000236771 -0.000304145 -0.000127486 -0.000986561 -0.000460337 -0.000527517 -0.000442134 -0.000725905 -0.000461101 -0.000176623 0.000284313 0.00179707 -0.000634084
internal_weight=2158 1047 543 504 472 490 158 332 184 135 392 144 1111 673 248 148 150 523 487 324 80 438 404 373 174 50 199 120 53 163
internal_count=2158 1047 543 504 472 490 158 332 184 135 392 144 1111 673 248 148 150 523 487 324 80 438 404 373 174 50 199 120 53 163
is_linear=0
shrinkage=0.03


Tree=75
num_leaves=25
num_cat=0
split_feature=11 23 27 11 19 23 11 23 17 26 23 11 17 27 23 15 16 23 8 23 27 17 3 19
split_gain=0.115459 0.130105 0.0976257 0.0867927 0.0859247 0.0509711 0.0396401 0.0377885 0.036344 0.0389534 0.0292652 0.0284873 0.0281038 0.0270672 0.0496813 0.0719659 0.0359968 0.0248157 0.0161916 0.016072 0.0113256 0.00940271 0.00423426 0.000433882
threshold=1.1133416947912702 268.27500000000003 189968.00000000003 1.0292340003211928 98.880001070000006 316.29500000000002 0.99921912016109382 282.36500000000007 -0.0071960763446311986 53.000000000000007 268.06000000000006 0.96732420181778911 0.0025321391355896503 414499.50000000006 252.20000000000002 0.012707343968855303 29.617527955737717 267.52500000000003 0.99611166389288985 319.91000000000003 321065.00000000006 0.00846418303766505 0.042239212771229308 91.125000000000014
decision_type=2 2 2 2 2 2 2 2 2 2 2 2 2 2 2 2 2 2 2 2 2 2 2 2
left_child=1 6 -3 4 7 12 13 -4 -8 21 -11 -6 -5 17 15 -15 -16 18 -1 -7 -2 -10 23 -22
right_child=20 2 3 5 11 19 8 -9 9 10 -12 -13 -14 14 16 -17 -18 -19 -20 -21 22 -23 -24 -25
leaf_value=-5.3595534136402423e-05 -0.00014407773749680136 0.0023790009074977463 0.0010855669638168183 -0.00060392720992041913 0.00046669093402202375 0.0011764496356248854 -0.0014696425659080537 0.00046082789910039594 -0.0011044809954927569 -5.3439281949508704e-05 -0.00086254271778694164 -0.00077235625546467901 1.2060273641206245e-05 -0.00086715393925883939 0.00077104145286676403 0.00073659876608836103 -0.00042933885984348306 0.00059607895456945462 -0.0005027241843547273 0 -0.001190313356498686 -0.00015508556087099186 -0.0016960039682952419 -0.00058599357718048856
leaf_weight=174 22 20 149 131 20 29 25 288 58 364 46 54 116 27 25 172 127 30 148 22 25 21 20 45
leaf_count=174 22 20 149 131 20 29 25 288 58 364 46 54 116 27 25 172 127 30 148 22 25 21 20 45
internal_value=-1.7292e-06 4.84125e-05 0.000339152 0.000282144 0.000520186 -0.000116382 -0.000147287 0.000682681 -0.000347246 -0.000280859 -0.000153394 -0.000395721 -0.000303659 0 0.000185349 0.000500756 -0.000208551 -0.000186421 -0.000270233 0.000721327 -0.000936582 -0.000894703 -0.00109363 -0.000857801
internal_weight=2158 2046 829 809 511 298 1217 437 514 489 410 74 247 703 351 199 152 352 322 51 112 79 90 70
internal_count=2158 2046 829 809 511 298 1217 437 514 489 410 74 247 703 351 199 152 352 322 51 112 79 90 70
is_linear=0
shrinkage=0.03


Tree=76
num_leaves=29
num_cat=0
split_feature=11 23 19 22 22 22 11 15 23 22 17 11 17 21 11 11 15 22 17 16 22 6 15 21 15 22 22 22
split_gain=0.10938 0.122949 0.0860716 0.108815 0.0871314 0.0755627 0.0443675 0.0440029 0.0872051 0.0497659 0.0398495 0.0375044 0.0441753 0.0425508 0.034821 0.0314704 0.0281525 0.0353327 0.0439889 0.0255893 0.0183789 0.0155529 0.0103288 0.0101504 0.00908839 0.00710896 0.00535988 0.00246071
threshold=1.1133416947912702 268.27500000000003 96.715000150000023 257.97750000000008 277.73450000000008 256.23300000000006 1.0288829379997309 0.014793776318392951 319.91000000000003 273.29300000000006 0.0021232371413651007 0.99207431751621178 -0.0083453578803429473 13.105000020000002 1.037004231955424 0.94717177898326865 0.010677607089941551 237.46850000000003 -0.0044152788216531491 26.001043629416888 252.37150000000003 0.0055114841379717006 0.018676681109882853 14.644999980000001 0.017814348221949404 267.49850000000004 259.18850000000003 249.55300000000003
decision_type=2 2 2 2 2 2 2 2 2 2 2 2 2 2 2 2 2 2 2 2 2 2 2 2 2 2 2 2
left_child=1 11 4 5 7 15 -7 8 -3 -9 26 16 -13 14 -14 -4 23 18 -18 -19 -15 24 -2 -1 -6 27 -5 -24
right_child=22 2 3 10 21 6 -8 9 -10 -11 -12 12 13 20 -16 -17 17 19 -20 -21 -22 -23 25 -25 -26 -27 -28 -29
leaf_value=-0.0011902148982679303 -0.0001243503451749513 0.0015313178086653351 0.00069627651504738052 -0.00072272450143986554 0.0025767499216070226 0.0016270273847724583 7.5068527675114168e-05 0.00035573159095984261 -0.00053239982350066352 -0.00085635213570838626 3.6736264147541732e-05 -0.0016928265712423513 0.00033163474836494556 -0.00032362351444956513 -0.00042024423029265713 -0.00030652794031102047 -0.0003735558566132245 0.00090546187374275174 0.00088982923081229351 -9.5167583253766795e-05 -0.00087489411421864678 0.00075069571179337804 -0.00096320778921607042 -9.0527008206624042e-05 0.0012025740052987303 -0.0014966894112803857 -0.0014914296350549332 -0.00028004569141194222
leaf_weight=21 21 68 36 46 21 50 31 286 22 32 32 20 148 255 86 112 30 23 87 440 85 29 30 22 26 35 38 26
leaf_count=21 21 68 36 46 21 50 31 286 22 32 32 20 148 255 86 112 30 23 87 440 85 29 30 22 26 35 38 26
internal_value=-1.89397e-06 4.68726e-05 0.000329534 -2.43247e-05 0.000587484 0.000345675 0.00107781 0.000401592 0.000993579 0.000222054 -0.000777107 -0.000143321 -0.000313925 -0.000257802 4.19248e-05 -3.94324e-05 1.47758e-05 7.48484e-05 0.00054004 -3.71505e-05 -0.0004724 0.0015283 -0.000911834 -0.00071061 0.00191996 -0.00105762 -0.00111922 -0.000709135
internal_weight=2158 2046 829 345 484 229 81 408 90 318 116 1217 594 574 234 148 623 580 117 463 340 76 112 43 47 91 84 56
internal_count=2158 2046 829 345 484 229 81 408 90 318 116 1217 594 574 234 148 623 580 117 463 340 76 112 43 47 91 84 56
is_linear=0
shrinkage=0.03


Tree=77
num_leaves=29
num_cat=0
split_feature=11 23 27 11 19 22 20 21 22 22 23 19 27 10 27 22 23 27 21 14 19 27 27 14 22 9 17 22
split_gain=0.103603 0.11613 0.0920824 0.0794867 0.0771196 0.0827004 0.0512505 0.0361681 0.0496963 0.0852165 0.0611326 0.0577117 0.0541414 0.0287942 0.0277103 0.0263595 0.0171204 0.0277904 0.0147791 0.0144357 0.0142661 0.0107559 0.0106713 0.00690238 0.00558693 0.00479645 0.000973709 0.000191665
threshold=1.1133416947912702 268.27500000000003 189968.00000000003 1.0292340003211928 98.880001070000006 279.88200000000006 1.3150000000000002 18.144999505000005 240.38350000000003 238.02500000000001 251.04000000000002 91.54999924000002 397039.50000000006 1.000121348403388 418588.50000000006 259.18850000000003 266.43500000000006 287649.00000000006 18.765000345000001 0.015989808692611806 105.18000030000002 527162.00000000012 321065.00000000006 0.018108562850849202 267.49850000000004 0.99162491849509349 0.00038193426047725007 249.55300000000003
decision_type=2 2 2 2 2 2 2 2 2 2 2 2 2 2 2 2 2 2 2 2 2 2 2 2 2 2 2 2
left_child=1 7 -3 4 5 -4 14 8 9 12 13 -12 -1 -10 -5 -6 19 25 -8 21 -19 -9 -2 -11 27 -18 -21 -24
right_child=22 2 3 6 15 -7 18 16 10 23 11 -13 -14 -15 -16 -17 17 20 -20 26 -22 -23 24 -25 -26 -27 -28 -29
leaf_value=-0.0004305169508387062 -0.0001180624330881983 0.0023010904872124748 0.0004781304353970768 -0.00027547183221873924 0 0.0017571230295558714 -0.00026172265942011068 0.0001458506264288219 0.0012975707233951349 -0.00073311097079403547 0.0015178503203870993 -9.6430585557129677e-05 0.00039683820977177449 0.00020016441757965368 0.00066046371262096465 -0.0012468559264459393 0.00023532116221560334 -0.0012261931261042507 -0.00096903814333823633 -0.00088236352261579173 -0.00020490437970595217 -0.0005664950213104021 -0.00093317644761409615 -0.0014717792348162599 -0.0014704974045812644 -0.00033418051542581195 -0.00029431129692503334 -0.00036532323829155286
leaf_weight=137 22 20 383 37 53 54 137 92 53 92 20 383 146 49 83 21 21 66 41 21 25 23 29 30 33 27 32 28
leaf_count=137 22 20 383 37 53 54 137 92 53 92 20 383 146 49 83 21 21 66 41 21 25 23 29 30 33 27 32 28
internal_value=-2.01578e-06 4.54079e-05 0.000320152 0.000264696 0.000492597 0.000646675 -0.000116409 -0.00013939 -4.05687e-05 -0.000290346 0.000153997 -5.33289e-06 0 0.000806573 0.000347199 -0.000373786 -0.000421489 -0.00067616 -0.000445907 -0.000190272 -0.000983505 0 -0.000887628 -0.00094963 -0.00103941 -2.40814e-05 -0.000594894 -0.000717063
internal_weight=2158 2046 829 809 511 437 298 1217 910 405 505 403 283 102 120 74 307 139 178 168 91 115 112 122 90 48 53 57
internal_count=2158 2046 829 809 511 437 298 1217 910 405 505 403 283 102 120 74 307 139 178 168 91 115 112 122 90 48 53 57
is_linear=0
shrinkage=0.03


Tree=78
num_leaves=25
num_cat=0
split_feature=11 23 27 11 20 26 20 20 11 10 26 27 2 27 23 17 27 23 23 24 18 27 0 3
split_gain=0.0981146 0.109392 0.0868964 0.0749408 0.0741851 0.106436 0.0546731 0.0482561 0.0348676 0.0348058 0.0352989 0.0262967 0.0260596 0.0306551 0.0326439 0.025452 0.0300416 0.0221841 0.0207826 0.0147559 0.0104536 0.00994823 0.00429818 0.0037176
threshold=1.1133416947912702 268.27500000000003 189968.00000000003 1.0292340003211928 1.635 96.500000000000014 1.8750000000000002 1.3150000000000002 0.99921912016109382 0.97885790047153054 53.000000000000007 357815.50000000006 -0.015256265251719249 418588.50000000006 253.49500000000003 -0.0045926230228520498 609611.50000000012 268.06000000000006 197.78000000000003 0.7385807350000001 1.1246374489433777 321065.00000000006 -0.00045749377523899995 0.042239212771229308
decision_type=2 2 2 2 2 2 2 2 2 2 2 2 2 2 2 2 2 2 2 2 2 2 2 2
left_child=1 8 -3 4 5 -4 -6 11 12 -10 20 -5 13 22 -15 16 -14 -12 -17 -9 -11 -2 -1 -23
right_child=21 2 3 7 6 -7 -8 19 9 10 17 -13 15 14 -16 18 -18 -19 -20 -21 -22 23 -24 -25
leaf_value=0.00011768513148542427 -0.0001146745568839833 0.0022353449791969195 -0.00021141723397603816 -0.00056705091719049959 0.0015897220755813997 0.0010007193761350131 0.00052127687841843032 0.00010103525498416274 -0.0013778738232795148 -0.0011789277583050231 -5.0028061558311057e-05 0.00055030010909644313 -0.00060051223689986083 0.0012937907071939357 0 0.00049139891900510204 0.00056473362006779235 -0.00077702908800248132 -6.9058787766010967e-05 -0.00055720525994081981 -0.00029793965655570742 -0.00078590328728740785 -0.00030437874640463976 -0.0015815675050419354
leaf_weight=41 22 20 205 20 73 93 140 29 27 44 367 100 132 44 33 71 20 43 326 149 33 70 36 20
leaf_count=41 22 20 205 20 73 93 140 29 27 44 367 100 132 44 33 71 20 43 326 149 33 70 36 20
internal_value=-2.29565e-06 4.38169e-05 0.000310506 0.000256516 0.000477842 0.000158915 0.000907194 -0.000113303 -0.00013549 -0.000323033 -0.000255699 0.000336134 0 0.000345454 0.000767495 -9.49277e-05 -0.000424894 -0.000135279 2.46193e-05 -0.000433239 -0.000848483 -0.000864155 -4.25543e-05 -0.00101112
internal_weight=2158 2046 829 809 511 298 213 298 1217 514 487 120 703 154 77 549 152 410 397 178 77 112 77 90
internal_count=2158 2046 829 809 511 298 213 298 1217 514 487 120 703 154 77 549 152 410 397 178 77 112 77 90
is_linear=0
shrinkage=0.03


Tree=79
num_leaves=31
num_cat=0
split_feature=23 21 16 17 27 23 23 20 27 21 18 23 10 20 27 22 23 16 23 22 21 22 23 27 14 20 26 22 22 16
split_gain=0.0938124 0.0713279 0.0632199 0.0700779 0.141904 0.0702258 0.0428558 0.0489552 0.0395118 0.0524675 0.0527092 0.0498147 0.0490182 0.0355336 0.0295348 0.0354798 0.0339052 0.0294439 0.0251704 0.03167 0.020874 0.0193237 0.0169223 0.0147675 0.0136011 0.0135835 0.0135787 0.0109269 0.0291293 0.0104511
threshold=267.43000000000001 35.950000765000006 43.5178173819561 0.0018173877017604503 230658.00000000003 284.31000000000006 268.06000000000006 0.74500000000000011 418588.50000000006 11.215000155000002 0.31706620977742489 253.49500000000003 0.9675328906153936 2.3050000000000002 407429.50000000006 257.97750000000008 268.27500000000003 32.346732856889098 266.43500000000006 236.61750000000004 13.744999885000002 237.44500000000002 295.24000000000007 500409.50000000006 0.014919065637183052 1.9750000000000003 88.500000000000014 237.69500000000002 241.45850000000004 36.993142107795727
decision_type=2 2 2 2 2 2 2 2 2 2 2 2 2 2 2 2 2 2 2 2 2 2 2 2 2 2 2 2 2 2
left_child=8 2 14 6 -5 -6 -4 -8 18 12 11 23 -10 17 16 20 -2 -12 19 25 -16 -15 -17 -11 -14 -1 -20 29 -29 -21
right_child=1 -3 3 4 5 -7 7 -9 9 10 13 -13 24 21 15 22 -18 -19 26 27 -22 -23 -24 -25 -26 -27 -28 28 -30 -31
leaf_value=-0.00031887452968306122 0.00026536932088368177 -0.00087072415345839814 0.00087875908009214874 0.0026841021800355518 -0.00022237663187285971 0.00065537508802324845 0.00078146295678360679 -0.00033429639850254204 -0.0019479591886379887 0.0018105610031343528 0.00063600679237226193 -0.00032140894047915936 0.00028484783190651798 -0.00049089674971511833 0 -0.00089515341786583036 0.0015925890409692737 -0.00049280835688320708 -0.0013391223010165911 -0.00047803750258754011 0.00098011813224192063 0.00039946085222767789 0.00020024238044962932 0.00067049777789450276 -0.00052314374673637163 -0.0014007840720805687 -0.00034452060740053033 -0.00055691741788548152 0 0.00021131205464705764
leaf_weight=30 34 51 33 23 140 184 37 357 20 27 21 23 23 22 20 21 57 154 37 23 68 150 22 40 52 31 35 164 167 92
leaf_count=30 34 51 33 23 140 184 37 357 20 27 21 23 23 22 20 21 57 154 37 23 68 150 22 40 52 31 35 164 167 92
internal_value=-2.3291e-06 0.000199917 0.000258566 0.000125423 0.000443413 0.000267352 -0.000126413 -0.000220209 -0.000195631 -3.17128e-06 0.000130382 0.000774421 -0.000643723 -2.9785e-05 0.00070667 0.000378253 0.00113759 -0.000337461 -0.000366985 -0.000282602 0.00073053 0.000266058 -0.000274723 0.00119391 -0.000235398 -0.00093081 -0.000908074 -0.00018535 -0.000274188 4.46476e-05
internal_weight=2158 1047 996 774 347 324 427 394 1111 532 437 90 95 347 222 131 91 175 579 507 88 172 43 67 75 61 72 446 331 115
internal_count=2158 1047 996 774 347 324 427 394 1111 532 437 90 95 347 222 131 91 175 579 507 88 172 43 67 75 61 72 446 331 115
is_linear=0
shrinkage=0.03


Tree=80
num_leaves=23
num_cat=0
split_feature=22 22 26 22 14 14 19 22 19 15 16 26 16 17 16 22 17 15 19 19 21 15
split_gain=0.0863427 0.16925 0.143785 0.0635047 0.0629926 0.0607009 0.0891182 0.0606822 0.0578515 0.0529431 0.0476007 0.0413387 0.0385428 0.0315265 0.0393741 0.028264 0.0198072 0.0179247 0.0155917 0.0102799 0.00540332 0.0088136
threshold=286.08700000000005 271.27850000000007 79.500000000000014 240.38350000000003 0.014401841279637452 0.016872732465049254 90.975002290000006 238.03350000000003 104.96500015000002 0.014900051070566153 44.787187522594188 96.500000000000014 50.503849094693791 -0.0045926230228520498 53.787230788462686 237.46850000000003 -0.009219885873065348 0.016507787101318054 95.975002290000006 107.42500305000002 16.085000035000004 0.016061816555374451
decision_type=2 2 2 2 2 2 2 2 2 2 2 2 2 2 2 2 2 2 2 2 2 2
left_child=1 3 -3 7 -4 6 17 13 16 -7 -11 -8 -6 15 -15 -1 -2 -5 -14 -10 21 -9
right_child=8 2 4 5 12 9 11 20 19 10 -12 -13 18 14 -16 -17 -18 -19 -20 -21 -22 -23
leaf_value=-0.0010467478881928732 -0.00046421916655857459 -0.00070537712898415829 0.0029084535750115046 0.0017909414907559178 0.0017833886847577309 -0.0015130991148948668 3.1053236961510563e-05 -0.00052195394865287069 -0.00027272741681457879 0.00046011392899090423 -0.00023695883921755008 0.0006252077214898438 0.00085435821944614858 0.00023869145444724464 -0.00044718376394770786 0 -0.0016033078253550347 0.00043290765931702812 0 0.00056580975153649755 -0.00038048101521122297 -0.0013090789884861026
leaf_weight=54 32 35 22 38 43 24 540 41 33 109 417 134 49 228 111 40 52 21 24 20 36 55
leaf_count=54 32 35 22 38 43 24 540 41 33 109 417 134 49 228 111 40 52 21 24 20 36 55
internal_value=-2.26251e-06 4.58954e-05 0.000941044 -3.67448e-05 0.00138227 7.81229e-05 0.000258275 -0.000302563 -0.000729603 -0.000156559 -8.62168e-05 0.000154375 0.00104479 -0.000121988 4.63459e-06 -0.000605457 -0.00121523 0.00137284 0.000550969 0 -0.00086698 -0.00101269
internal_weight=2158 2021 173 1848 138 1283 733 565 137 550 526 674 116 433 339 94 84 59 73 53 132 96
internal_count=2158 2021 173 1848 138 1283 733 565 137 550 526 674 116 433 339 94 84 59 73 53 132 96
is_linear=0
shrinkage=0.03


Tree=81
num_leaves=25
num_cat=0
split_feature=11 23 27 11 20 26 20 20 11 17 26 21 0 27 27 17 24 21 18 18 11 27 17 11
split_gain=0.0901019 0.0948224 0.0775973 0.069007 0.0692674 0.0910983 0.0599939 0.0433584 0.0322686 0.0295035 0.0313364 0.0274255 0.0247967 0.0244172 0.0205455 0.0251874 0.0136969 0.0136919 0.016052 0.00964807 0.00904003 0.00859228 0.00629185 0.00300209
threshold=1.1133416947912702 268.27500000000003 189968.00000000003 1.0292340003211928 1.6650000000000003 96.500000000000014 1.8750000000000002 1.3150000000000002 0.99921912016109382 -0.0071960763446311986 53.000000000000007 12.095000265000001 -0.014524207871371398 418588.50000000006 617279.00000000012 -0.0045926230228520498 0.7385807350000001 14.974999905000002 0.91464685684289726 1.1246374489433777 0.96348682353617543 321065.00000000006 -0.0018964149088185498 1.16577566261554
decision_type=2 2 2 2 2 2 2 2 2 2 2 2 2 2 2 2 2 2 2 2 2 2 2 2
left_child=1 8 -3 4 5 -4 -6 13 12 -10 19 -12 17 -5 15 -14 -9 18 -1 -11 -16 -2 -19 -23
right_child=21 2 3 7 6 -7 -8 16 9 10 11 -13 14 -15 20 -17 -18 22 -20 -21 -22 23 -24 -25
leaf_value=0.00086735793597349036 -0.00011622513084591405 0.002109980531435992 -0.00017814180861819081 -0.0002728151764512356 0.0016578706153740103 0.00093185199791516514 0.00049666556132975295 9.238400715403259e-05 -0.0013184866740529495 -0.0011014925797093421 0.00024121475761742605 -0.00029022234193721316 -0.00049467791676711796 0.00060487806292595838 0.00082327653776155779 -9.6841427360140558e-06 -0.00053853754689742336 -0.00017913677351083607 0 -0.00026168976892094022 0 -0.00071309085508619314 0.00035611470968069625 -0.0014026023310476114
leaf_weight=58 22 20 213 37 64 94 140 29 25 46 118 292 142 83 27 337 149 49 34 33 25 63 31 27
leaf_count=58 22 20 213 37 64 94 140 29 25 46 118 292 142 83 27 337 149 49 34 33 25 63 31 27
internal_value=-2.20441e-06 4.1927e-05 0.000290287 0.000239048 0.000451553 0.000153908 0.000881909 -0.000115606 -0.000124888 -0.000305396 -0.000244894 -0.000129758 3.07541e-06 0.000309444 -9.40618e-05 -0.000160442 -0.000419045 0.00031911 0.000567389 -0.000795845 0.000452288 -0.000828176 0 -0.000966051
internal_weight=2158 2046 829 809 511 307 204 298 1217 514 489 410 703 120 531 479 178 172 92 79 52 112 80 90
internal_count=2158 2046 829 809 511 307 204 298 1217 514 489 410 703 120 531 479 178 172 92 79 52 112 80 90
is_linear=0
shrinkage=0.03


Tree=82
num_leaves=27
num_cat=0
split_feature=11 23 27 11 21 22 23 21 22 22 23 27 22 10 26 23 10 14 23 10 10 11 12 20 27 0
split_gain=0.0852263 0.0894541 0.0731842 0.0649902 0.0663493 0.0465836 0.0408493 0.0310298 0.0424586 0.0727783 0.0553504 0.0467893 0.0305417 0.0250253 0.0173424 0.0240945 0.0163851 0.0134155 0.0127369 0.00808684 0.00638345 0.00449891 0.00607599 0.00579112 0.00425692 0.00116737
threshold=1.1133416947912702 268.27500000000003 189968.00000000003 1.0292340003211928 36.635000225000006 277.73450000000008 316.29500000000002 18.144999505000005 240.38350000000003 238.02500000000001 251.04000000000002 397039.50000000006 246.95500000000001 1.000121348403388 95.500000000000014 266.78000000000003 1.03453904572014 0.016401282742296002 319.91000000000003 1.1142769114868953 0.99356515622008679 0.9663029432910516 0.96893843074974495 2.0050000000000003 321065.00000000006 -0.0004950641855617999
decision_type=2 2 2 2 2 2 2 2 2 2 2 2 2 2 2 2 2 2 2 2 2 2 2 2 2 2
left_child=1 7 -3 4 5 -4 16 8 9 11 13 -1 -12 -10 15 17 -5 -9 -8 24 -11 22 -16 -23 -2 -17
right_child=19 2 3 6 -6 -7 18 14 10 20 12 -13 -14 -15 21 25 -18 -19 -20 -21 -22 23 -24 -25 -26 -27
leaf_value=-0.00039268340422701005 -5.0070587281053026e-05 0.0020496953858860898 0.00040439100976362576 -0.00049095664978761897 -0.00077280836997670123 0.0012977034928679295 0.0010406302507966756 0 0.0012304337661803906 -0.00054266357384040009 -0.00025819300959988543 0.00037643812888548994 0.00026303174681214435 0.00019924947217572482 5.2100222557783122e-05 -0.00057378162592649454 0 -0.00069185411790115107 0 -0.0014342878917029693 -0.0011547354798341985 0.00052289381969187945 -0.00043564503514492996 -8.1660337590922896e-05 -0.00072761608491252574 -0.0012536537755258018
leaf_weight=137 21 20 411 141 35 65 29 77 53 63 210 146 193 49 25 29 106 42 22 22 59 20 48 26 69 40
leaf_count=137 21 20 411 141 35 65 29 77 53 63 210 146 193 49 25 29 106 42 22 22 59 20 48 26 69 40
internal_value=-2.16861e-06 4.07139e-05 0.000281973 0.000232091 0.000438352 0.000535131 -0.000111849 -0.000121261 -2.95424e-05 -0.00026076 0.000150109 0 -1.11526e-06 0.000770931 -0.000382412 -0.000563845 -0.000280271 -0.000266279 0.000635854 -0.000805516 -0.000870037 -6.84672e-05 -0.000229622 0.000122892 -0.000604777 -0.00102305
internal_weight=2158 2046 829 809 511 476 298 1217 910 405 505 283 403 102 307 188 247 119 51 112 122 119 73 46 90 69
internal_count=2158 2046 829 809 511 476 298 1217 910 405 505 283 403 102 307 188 247 119 51 112 122 119 73 46 90 69
is_linear=0
shrinkage=0.03


Tree=83
num_leaves=31
num_cat=0
split_feature=11 23 17 11 15 22 22 23 26 23 22 23 21 22 22 23 27 22 11 10 26 23 14 11 14 11 22 26 14 27
split_gain=0.0806294 0.0872514 0.0729771 0.124604 0.0858889 0.064087 0.0532125 0.0355775 0.0346738 0.0315841 0.0414952 0.0390406 0.0301843 0.0421046 0.0687226 0.0504574 0.0443843 0.0316228 0.0256986 0.0234258 0.0159516 0.0225103 0.0134531 0.0126483 0.0126036 0.00887925 0.00685698 0.00657927 0.00635449 0.00415287
threshold=1.1004912740460153 268.27500000000003 0.0025321391355896503 0.99268225198207916 0.017676100708198101 271.27850000000007 255.22300000000004 282.36500000000007 95.500000000000014 316.64500000000004 260.15800000000007 278.31500000000005 18.144999505000005 240.38350000000003 238.02500000000001 251.04000000000002 397039.50000000006 246.95500000000001 1.0521252631052971 1.000121348403388 95.500000000000014 266.78000000000003 0.016669395775574952 0.96471544235783602 0.016401282742296002 1.0153763867070533 267.49850000000004 94.500000000000014 0.018108562850849202 239377.00000000003
decision_type=2 2 2 2 2 2 2 2 2 2 2 2 2 2 2 2 2 2 2 2 2 2 2 2 2 2 2 2 2 2
left_child=1 12 3 5 7 6 -3 -4 27 11 -11 -5 13 14 16 19 -1 -17 -10 -15 21 24 -2 -7 -14 -9 -24 -6 -16 -22
right_child=22 2 4 9 8 23 -8 25 18 10 -12 -13 20 15 28 17 -18 -19 -20 -21 29 -23 26 -25 -26 -27 -28 -29 -30 -31
leaf_value=-0.00038098826812853545 0 0.0014506089640233446 0.0022860776899382468 0.00024222282246046236 0 0.0023043367321567659 0.00013377995233720255 0.001437306539395884 0.0011117550312326504 0.0013605912386609072 -0.00036984463680535555 -0.00063061263167317244 0 0.0011942043228385349 -0.00063913496766209354 -0.00024948869653162548 0.00036932845590749756 0.00028534942863108072 -6.7825684691012026e-05 0.00019339153411332516 0.00025541502836329689 -0.00099564100290729617 -0.00056960634140435743 0.0008744536386989058 -0.00067158118982496128 0.0006019228016550187 -0.001228819177119294 -0.0007010039807064458 -0.0013388880626861786 -0.00017067173650792364
leaf_weight=137 25 33 29 53 30 20 190 30 38 21 24 207 77 53 92 209 145 188 21 49 21 68 80 24 42 59 39 27 30 97
leaf_count=137 25 33 29 53 30 20 190 30 38 21 24 207 77 53 92 209 145 188 21 49 21 68 80 24 42 59 39 27 30 97
internal_value=-2.25048e-06 4.55243e-05 0.000288133 9.89958e-05 0.000735315 0.000575094 0.000347646 0.00130466 0.000124314 -0.000308498 0.000384498 -0.000440948 -0.000113972 -2.31244e-05 -0.000253332 0.00015739 0 0 0.000647771 0.000749093 -0.000372182 -0.000546707 -0.000686829 0.00162783 -0.000259015 0.000929687 -0.000819091 -0.000367612 -0.000845082 -6.81235e-05
internal_weight=2158 2014 806 572 234 267 223 118 116 305 45 260 1208 903 404 499 282 397 59 102 305 187 144 44 119 89 119 57 122 118
internal_count=2158 2014 806 572 234 267 223 118 116 305 45 260 1208 903 404 499 282 397 59 102 305 187 144 44 119 89 119 57 122 118
is_linear=0
shrinkage=0.03


end of trees

feature_importances:
CPI_Inflation=417
USDA_WASDE_Stocks=313
Close_to_MA_50=262
USD_Index=245
Rolling_Std_20=150
Export_Sales=141
US_10Y_Yield=139
VIX=118
Planting_Progress_Pct=93
Rolling_Std_10=80
MACD_Pct=76
Volume_to_MA_10=72
RSI_14=60
Close_to_MA_20=36
Temperature_Anomaly_KeyRegions=36
Close_to_EMA_20=25
Close_to_MA_10=15
Close_to_MA_5=9
Precipitation_KeyRegions=8
Return=7
Ret_Lag_2=5
Close_to_EMA_10=4
Ret_Lag_10=3
Ret_Lag_1=1
Daily_Range_Pct=1

parameters:
[boosting: gbdt]
[objective: regression]
[metric: l2]
[tree_learner: serial]
[device_type: cpu]
[data_sample_strategy: bagging]
[data: ]
[valid: ]
[num_iterations: 200]
[learning_rate: 0.03]
[num_leaves: 31]
[num_threads: 20]
[seed: 42]
[deterministic: 0]
[force_col_wise: 0]
[force_row_wise: 0]
[histogram_pool_size: -1]
[max_depth: 6]
[min_data_in_leaf: 20]
[min_sum_hessian_in_leaf: 0.001]
[bagging_fraction: 0.8]
[pos_bagging_fraction: 1]
[neg_bagging_fraction: 1]
[bagging_freq: 0]
[bagging_seed: 400]
[bagging_by_query: 0]
[feature_fraction: 0.8]
[feature_fraction_bynode: 1]
[feature_fraction_seed: 30056]
[extra_trees: 0]
[extra_seed: 12879]
[early_stopping_round: 0]
[early_stopping_min_delta: 0]
[first_metric_only: 0]
[max_delta_step: 0]
[lambda_l1: 0.1]
[lambda_l2: 1]
[linear_lambda: 0]
[min_gain_to_split: 0]
[drop_rate: 0.1]
[max_drop: 50]
[skip_drop: 0.5]
[xgboost_dart_mode: 0]
[uniform_drop: 0]
[drop_seed: 17869]
[top_rate: 0.2]
[other_rate: 0.1]
[min_data_per_group: 100]
[max_cat_threshold: 32]
[cat_l2: 10]
[cat_smooth: 10]
[max_cat_to_onehot: 4]
[top_k: 20]
[monotone_constraints: ]
[monotone_constraints_method: basic]
[monotone_penalty: 0]
[feature_contri: ]
[forcedsplits_filename: ]
[refit_decay_rate: 0.9]
[cegb_tradeoff: 1]
[cegb_penalty_split: 0]
[cegb_penalty_feature_lazy: ]
[cegb_penalty_feature_coupled: ]
[path_smooth: 0]
[interaction_constraints: ]
[verbosity: -1]
[saved_feature_importance_type: 0]
[use_quantized_grad: 0]
[num_grad_quant_bins: 4]
[quant_train_renew_leaf: 0]
[stochastic_rounding: 1]
[linear_tree: 0]
[max_bin: 255]
[max_bin_by_feature: ]
[min_data_in_bin: 3]
[bin_construct_sample_cnt: 200000]
[data_random_seed: 175]
[is_enable_sparse: 1]
[enable_bundle: 1]
[use_missing: 1]
[zero_as_missing: 0]
[feature_pre_filter: 1]
[pre_partition: 0]
[two_round: 0]
[header: 0]
[label_column: ]
[weight_column: ]
[group_column: ]
[ignore_column: ]
[categorical_feature: ]
[forcedbins_filename: ]
[precise_float_parser: 0]
[parser_config_file: ]
[objective_seed: 16083]
[num_class: 1]
[is_unbalance: 0]
[scale_pos_weight: 1]
[sigmoid: 1]
[boost_from_average: 1]
[reg_sqrt: 0]
[alpha: 0.9]
[fair_c: 1]
[poisson_max_delta_step: 0.7]
[tweedie_variance_power: 1.5]
[lambdarank_truncation_level: 30]
[lambdarank_norm: 1]
[label_gain: ]
[lambdarank_position_bias_regularization: 0]
[eval_at: ]
[multi_error_top_k: 1]
[auc_mu_weights: ]
[num_machines: 1]
[local_listen_port: 12400]
[time_out: 120]
[machine_list_filename: ]
[machines: ]
[gpu_platform_id: -1]
[gpu_device_id: -1]
[gpu_device_id_list: ]
[gpu_use_dp: 0]
[num_gpu: 1]

end of parameters

pandas_categorical:[]
