Date,USD_Index,US_10Y_Yield,VIX,CPI_Inflation,Fed_Funds_Rate,Real_Yield_10Y,Gold_Silver_Ratio,ETF_Holdings
7/1/2014,80.04000092,2.52,12.96000004,237.231,0.1,0.35,66.84049988,780.19
8/1/2014,80.04000092,2.52,12.96000004,237.231,0.1,0.36,66.71155814,776.89
9/1/2014,80.04000092,2.52,12.96000004,237.231,0.1,0.35,66.43920162,776.89
10/1/2014,80.04000092,2.52,12.96000004,237.231,0.1,0.32,66.61852399,776.89
12/1/2014,80.04000092,2.52,12.96000004,237.231,0.1,0.32,66.61852399,776.89
6/2/2014,80.04000092,2.52,12.96000004,237.231,0.1,0.31,66.46357759,785.28
7/2/2014,80.04000092,2.52,12.96000004,237.231,0.1,0.22,66.15708216,785.28
9/2/2014,80.04000092,2.52,12.96000004,237.231,0.1,0.22,66.18026982,785.28
10/2/2014,80.04000092,2.52,12.96000004,237.231,0.1,0.26,66.7774612,785.28
12/2/2014,80.04000092,2.52,12.96000004,237.231,0.1,0.32,66.47602627,785.28
6/3/2014,80.04000092,2.52,12.96000004,237.231,0.1,0.41,66.42643741,787.08
7/3/2014,80.04000092,2.52,12.96000004,237.231,0.1,0.44,66.29009647,787.08
9/3/2014,80.04000092,2.52,12.96000004,237.231,0.1,0.41,65.7570181,787.08
10/3/2014,80.04000092,2.52,12.96000004,237.231,0.1,0.4,66.02858297,787.08
11/3/2014,80.04000092,2.52,12.96000004,237.231,0.1,0.41,65.81779968,787.08
12/3/2014,80.04000092,2.52,12.96000004,237.231,0.1,0.43,65.79621304,787.08
6/4/2014,80.04000092,2.52,12.96000004,237.231,0.1,0.43,65.82437575,787.08
7/4/2014,80.04000092,2.52,12.96000004,237.231,0.1,0.39,65.26261929,787.08
8/4/2014,80.04000092,2.52,12.96000004,237.231,0.1,0.41,64.86225022,787.08
9/4/2014,80.04000092,2.52,12.96000004,237.231,0.1,0.41,64.70916892,782.88
11/4/2014,80.04000092,2.52,12.96000004,237.231,0.1,0.43,64.48455494,782.62
12/4/2014,80.04000092,2.52,12.96000004,237.231,0.1,0.38,64.36991003,782.62
6/5/2014,80.04000092,2.52,12.96000004,237.231,0.1,0.39,63.65750868,782.62
8/5/2014,80.04000092,2.52,12.96000004,237.231,0.1,0.35,62.84977493,782.62
9/5/2014,80.04000092,2.52,12.96000004,237.231,0.1,0.35,63.03505548,785.02
11/5/2014,80.04000092,2.52,12.96000004,237.231,0.1,0.31,62.78638738,785.02
12/5/2014,80.04000092,2.52,12.96000004,237.231,0.1,0.29,62.63085346,785.02
20/05/2014,80.04000092,2.52,12.96000004,237.231,0.1,0.26,62.36553739,785.02
21/05/2014,80.09999847,2.54,11.90999985,237.231,0.1,0.27,62.58006457,785.02
22/05/2014,80.25,2.56,12.02999973,237.231,0.1,0.27,62.9218856,790.7
23/05/2014,80.38999939,2.54,11.35999966,237.231,0.09,0.32,62.96103194,796.39
26/05/2014,80.38999939,2.54,11.35999966,237.231,0.09,0.38,62.60938973,796.39
27/05/2014,80.34999847,2.52,11.51000023,237.231,0.09,0.37,62.61083885,796.39
28/05/2014,80.56999969,2.44,11.68000031,237.231,0.09,0.37,62.61083885,796.39
29/05/2014,80.48999786,2.45,11.56999969,237.231,0.09,0.36,62.79214084,798.19
30/05/2014,80.37000275,2.48,11.39999962,237.231,0.09,0.31,62.76530068,800.28
6/6/2014,80.41000366,2.6,10.72999954,237.231,0.09,0.28,62.97212868,800.28
8/6/2014,80.41000366,2.6,10.72999954,237.231,0.09,0.27,62.38408006,800.05
10/6/2014,80.81999969,2.64,10.98999977,237.231,0.09,0.25,62.4445399,800.05
11/6/2014,80.79000092,2.65,11.60000038,237.231,0.09,0.28,62.61023911,808.73
13/06/2014,80.58000183,2.6,12.18000031,237.231,0.09,0.31,62.22531827,808.73
16/06/2014,80.47000122,2.61,12.64999962,237.231,0.09,0.32,62.700826,806.03
17/06/2014,80.62999725,2.66,12.06000042,237.231,0.09,0.24,62.4442722,803.34
18/06/2014,80.58000183,2.61,10.60999966,237.231,0.09,0.26,62.82752627,805.14
19/06/2014,80.31999969,2.64,10.61999989,237.231,0.09,0.25,62.65858895,803.34
20/06/2014,80.37000275,2.63,10.85000038,237.231,0.09,0.25,62.29906826,804.84
23/06/2014,80.26000214,2.63,10.97999954,237.231,0.09,0.25,62.26136029,805.44
24/06/2014,80.33000183,2.59,12.13000011,237.231,0.09,0.25,63.33922312,801.84
25/06/2014,80.22000122,2.57,11.59000015,237.231,0.09,0.2,63.29415276,801.84
26/06/2014,80.23000336,2.53,11.63000011,237.231,0.09,0.22,63.49508467,801.84
27/06/2014,80.04000092,2.54,11.26000023,237.231,0.09,0.2,63.18991914,801.84
30/06/2014,79.77999878,2.53,11.56999969,237.231,0.09,0.29,62.98764417,801.84
7/7/2014,80.22000122,2.63,11.32999992,237.231,0.09,0.29,62.89206792,801.84
8/7/2014,80.18000031,2.58,11.97999954,237.231,0.09,0.25,63.62384069,801.84
10/7/2014,80.12999725,2.55,12.59000015,237.231,0.09,0.26,63.7664621,800.05
11/7/2014,80.19000244,2.53,12.07999992,237.231,0.09,0.25,64.86813981,800.05
14/07/2014,80.19000244,2.55,11.81999969,237.498,0.09,0.24,65.38403359,797.65
15/07/2014,80.38999939,2.56,11.96000004,237.498,0.09,0.19,65.70096911,797.65
16/07/2014,80.55999756,2.55,11,237.498,0.09,0.19,65.76725939,795.86
17/07/2014,80.51999664,2.47,14.53999996,237.498,0.09,0.19,65.2293138,795.86
18/07/2014,80.51999664,2.5,12.06000042,237.498,0.09,0.22,65.8681426,795.86
21/07/2014,80.55999756,2.49,12.81000042,237.498,0.09,0.2,66.26956508,795.6
22/07/2014,80.77999878,2.48,12.23999977,237.498,0.09,0.19,66.12148383,795.6
23/07/2014,80.80999756,2.48,11.52000046,237.498,0.09,0.16,66.93176066,795.6
24/07/2014,80.87000275,2.52,11.84000015,237.498,0.09,0.21,66.20917989,797.69
25/07/2014,81.02999878,2.48,12.68999958,237.498,0.09,0.23,66.80249826,799.19
28/07/2014,81.02999878,2.5,12.56000042,237.498,0.09,0.26,66.42358342,800.08
29/07/2014,81.20999908,2.47,13.27999973,237.498,0.09,0.24,65.68849878,800.08
30/07/2014,81.41999817,2.57,13.32999992,237.498,0.09,0.26,66.0399758,800.08
31/07/2014,81.45999908,2.58,16.95000076,237.498,0.09,0.24,66.05130273,797.09
7/8/2014,81.51999664,2.43,16.65999985,237.498,0.09,0.25,66.27774875,795.6
8/8/2014,81.38999939,2.44,15.77000046,237.498,0.09,0.23,66.09435391,795.6
9/8/2014,81.38999939,2.44,15.77000046,237.498,0.09,0.21,65.97214728,795.6
10/8/2014,81.38999939,2.44,15.77000046,237.498,0.09,0.23,66.28518411,795
12/8/2014,81.5,2.46,14.13000011,237.498,0.09,0.23,66.28518411,795
13/08/2014,81.59999847,2.43,12.89999962,237.46,0.09,0.27,66.26291268,793.2
14/08/2014,81.58999634,2.4,12.42000008,237.46,0.09,0.24,66.4067426,790.51
15/08/2014,81.41999817,2.34,13.14999962,237.46,0.09,0.28,66.3606814,785.72
18/08/2014,81.58000183,2.39,12.31999969,237.46,0.09,0.31,66.33476576,785.72
19/08/2014,81.87999725,2.4,12.21000004,237.46,0.09,0.35,66.32604484,785.72
20/08/2014,82.25,2.43,11.77999973,237.46,0.09,0.39,66.1642994,785.72
21/08/2014,82.15000153,2.41,11.76000023,237.46,0.09,0.44,65.94717547,788.72
22/08/2014,82.33999634,2.4,11.47000027,237.46,0.09,0.42,66.76738581,788.4
25/08/2014,82.55000305,2.39,11.69999981,237.46,0.09,0.49,66.31618979,788.4
26/08/2014,82.65000153,2.39,11.63000011,237.46,0.09,0.47,66.47984435,788.4
27/08/2014,82.43000031,2.37,11.77999973,237.46,0.09,0.48,66.20925933,784.22
28/08/2014,82.48000336,2.34,12.05000019,237.46,0.09,0.56,66.14156445,784.22
29/08/2014,82.75,2.35,12.09000015,237.46,0.09,0.61,66.4264022,784.22
6/9/2014,83.76000214,2.46,12.09000015,237.46,0.09,0.56,68.3482391,776.44
7/9/2014,83.76000214,2.46,12.09000015,237.46,0.09,0.58,68.74965194,774.65
9/9/2014,84.27999878,2.5,13.5,237.46,0.09,0.52,68.93242507,773.45
10/9/2014,84.25,2.54,12.88000011,237.46,0.09,0.54,69.06988606,773.45
12/9/2014,84.23999786,2.62,13.31000042,237.46,0.09,0.5,70.26871348,773.45
15/09/2014,84.26000214,2.6,14.11999989,237.477,0.09,0.57,69.46844569,772.25
16/09/2014,84.06999969,2.6,12.72999954,237.477,0.09,0.55,69.50787554,772.25
17/09/2014,84.69999695,2.62,12.64999962,237.477,0.09,0.55,71.18075756,769.86
18/09/2014,84.31999969,2.63,12.02999973,237.477,0.09,0.46,70.57524929,768.66
19/09/2014,84.80000305,2.59,12.10999966,237.477,0.09,0.49,71.41932771,767.47
22/09/2014,84.66999817,2.57,13.68999958,237.477,0.09,0.52,71.04886188,767.47
23/09/2014,84.66000366,2.54,14.93000031,237.477,0.09,0.5,70.2386455,767.47
24/09/2014,85.05000305,2.57,13.27000046,237.477,0.09,0.44,70.48455309,767.47
25/09/2014,85.19999695,2.52,15.64000034,237.477,0.09,0.39,70.83750174,762.08
26/09/2014,85.63999939,2.54,14.85000038,237.477,0.09,0.37,70.51303822,762.08
29/09/2014,85.58999634,2.5,15.97999954,237.477,0.09,0.35,70.77439965,759.44
30/09/2014,85.94000244,2.52,16.30999947,237.477,0.09,0.35,71.0824566,761.23
6/10/2014,85.70999908,2.43,15.46000004,237.477,0.09,0.29,71.08856855,761.23
7/10/2014,85.66999817,2.36,17.20000076,237.477,0.09,0.29,71.43841,759.14
9/10/2014,85.51999664,2.34,18.76000023,237.477,0.09,0.28,71.34230303,760.93
10/10/2014,85.91000366,2.31,21.23999977,237.477,0.09,0.3,71.65259104,760.93
11/10/2014,85.91000366,2.31,21.23999977,237.477,0.09,0.29,71.89088873,751.96
12/10/2014,85.91000366,2.31,21.23999977,237.477,0.09,0.33,71.46937961,751.96
13/10/2014,85.43000031,2.31,24.63999939,237.43,0.09,0.34,72.4310479,749.87
14/10/2014,85.81999969,2.21,22.79000092,237.43,0.09,0.38,71.78333394,749.87
15/10/2014,85.15000153,2.15,25.27000046,237.43,0.09,0.39,71.84873799,745.39
16/10/2014,85,2.17,25.20000076,237.43,0.09,0.38,71.81419761,745.39
17/10/2014,85.19000244,2.22,21.98999977,237.43,0.09,0.39,71.52749429,743.59
20/10/2014,84.94999695,2.2,18.56999969,237.43,0.09,0.42,71.1016934,742.4
21/10/2014,85.30999756,2.23,16.07999992,237.43,0.09,0.42,73.09498633,741.2
22/10/2014,85.73999786,2.25,17.87000084,237.43,0.09,0.43,72.84319214,741.2
23/10/2014,85.83999634,2.29,16.53000069,237.43,0.09,0.43,72.29675917,741.21
24/10/2014,85.73000336,2.29,16.11000061,237.43,0.09,0.43,73.29691851,738.82
27/10/2014,85.5,2.27,16.04000092,237.43,0.09,0.43,74.28979167,735.82
28/10/2014,85.41000366,2.3,14.39000034,237.43,0.09,0.45,74.21387955,732.83
29/10/2014,85.94999695,2.34,15.14999962,237.43,0.09,0.38,74.50155735,727.15
30/10/2014,86.15000153,2.32,14.52000046,237.43,0.09,0.44,74.06271994,725.36
31/10/2014,86.87999725,2.35,14.02999973,237.43,0.09,0.44,74.23391737,724.46
6/11/2014,88.01000214,2.39,13.67000008,237.43,0.09,0.46,74.19809156,722.67
7/11/2014,87.63999939,2.32,13.11999989,237.43,0.09,0.47,74.34846663,720.62
8/11/2014,87.63999939,2.32,13.11999989,237.43,0.09,0.43,72.65481538,720.62
9/11/2014,87.63999939,2.32,13.11999989,237.43,0.09,0.48,73.69339296,723.01
11/11/2014,87.52999878,2.38,12.92000008,237.43,0.09,0.48,74.00741778,723.01
12/11/2014,87.81999969,2.37,13.02000046,237.43,0.09,0.53,73.27194036,720.91
13/11/2014,87.66999817,2.35,13.78999996,236.983,0.09,0.49,73.80524354,720.91
14/11/2014,87.52999878,2.32,13.31000042,236.983,0.09,0.45,73.05838237,720.91
17/11/2014,87.93000031,2.34,13.98999977,236.983,0.09,0.44,72.99871411,720.91
18/11/2014,87.58000183,2.32,13.85999966,236.983,0.09,0.42,72.31484317,720.91
19/11/2014,87.65000153,2.36,13.96000004,236.983,0.09,0.42,72.31085033,718.82
20/11/2014,87.58999634,2.34,13.57999992,236.983,0.09,0.42,72.31085033,718.82
21/11/2014,88.30999756,2.31,12.89999962,236.983,0.09,0.39,75.87319561,717.63
24/11/2014,88.15000153,2.3,12.61999989,236.983,0.12,0.43,73.16193822,717.63
25/11/2014,87.91999817,2.27,12.25,236.983,0.12,0.51,73.08629218,720.02
26/11/2014,87.61000061,2.24,12.06999969,236.983,0.12,0.5,73.87371204,720.02
27/11/2014,87.61000061,2.24,12.06999969,236.983,0.12,0.48,73.09321831,720.02
28/11/2014,88.36000061,2.18,13.32999992,236.983,0.12,0.56,73.48110882,720.91
6/12/2014,89.33000183,2.31,11.89000034,236.983,0.12,0.55,73.67414778,719.12
8/12/2014,89.04000092,2.26,14.21000004,236.983,0.12,0.49,72.097655,721.81
9/12/2014,88.69000244,2.22,15.35000038,236.983,0.12,0.47,71.72708025,724.8
11/12/2014,88.66000366,2.19,20.07999992,236.983,0.12,0.49,71.81546248,725.75
12/12/2014,88.36000061,2.1,21.07999992,236.983,0.12,0.46,71.80210733,725.75
15/12/2014,88.45999908,2.12,20.42000008,236.252,0.12,0.5,73.0441048,723.36
16/12/2014,88.12999725,2.07,23.56999969,236.252,0.12,0.42,75.97200209,721.56
17/12/2014,89.12999725,2.14,19.44000053,236.252,0.12,0.49,75.15575258,721.56
18/12/2014,89.23999786,2.22,16.80999947,236.252,0.12,0.57,75.16672626,721.56
19/12/2014,89.59999847,2.17,16.48999977,236.252,0.12,0.49,74.78581773,724.55
22/12/2014,89.76999664,2.17,15.25,236.252,0.12,0.47,75.3850047,724.55
23/12/2014,90.05999756,2.26,14.80000019,236.252,0.12,0.56,74.88239407,712.9
24/12/2014,89.97000122,2.27,14.36999989,236.252,0.12,0.59,74.87398551,712.9
25/12/2014,89.97000122,2.27,14.36999989,236.252,0.12,0.59,74.87398551,712.9
26/12/2014,90.02999878,2.25,14.5,236.252,0.12,0.58,74.18694669,712.3
29/12/2014,90.19000244,2.22,15.06000042,236.252,0.12,0.57,75.05715946,712.3
30/12/2014,89.98999786,2.2,15.92000008,236.252,0.12,0.56,73.90393892,710.81
31/12/2014,90.26999664,2.17,19.20000076,236.252,0.12,0.49,76.06168046,709.02
1/1/2015,90.26999664,2.17,19.20000076,236.252,0.11,0.49,76.06168046,709.02
4/1/2015,91.08000183,2.12,17.79000092,236.252,0.11,0.41,75.37816096,709.02
5/1/2015,91.37999725,2.04,19.92000008,236.252,0.11,0.4,74.41127145,710.81
6/1/2015,91.5,1.97,21.12000084,236.252,0.11,0.41,73.43853531,707.82
7/1/2015,91.88999939,1.96,19.30999947,236.252,0.11,0.39,73.32525492,704.83
9/1/2015,91.94000244,1.98,17.54999924,236.252,0.11,0.41,73.90373903,704.83
10/1/2015,91.94000244,1.98,17.54999924,236.252,0.11,0.36,74.20969265,707.82
12/1/2015,91.98000336,1.92,19.60000038,236.252,0.11,0.35,74.55095026,707.82
13/01/2015,92.30999756,1.91,20.55999947,234.747,0.11,0.37,72.07591526,707.82
14/01/2015,92.16000366,1.86,21.47999954,234.747,0.11,0.29,72.80019285,707.59
15/01/2015,92.34999847,1.77,22.38999939,234.747,0.11,0.19,74.07602381,717.15
16/01/2015,92.51999664,1.83,20.95000076,234.747,0.11,0.23,71.9826372,730.89
19/01/2015,92.51999664,1.83,20.95000076,234.747,0.11,0.23,71.9826372,730.89
20/01/2015,93.05000305,1.82,19.88999939,234.747,0.11,0.23,72.11232601,742.24
21/01/2015,92.90000153,1.87,18.85000038,234.747,0.11,0.26,71.16452447,740.45
22/01/2015,94.23999786,1.9,16.39999962,234.747,0.11,0.29,70.8982832,740.45
23/01/2015,95,1.81,16.65999985,234.747,0.11,0.21,70.69568735,741.65
26/01/2015,94.80000305,1.83,15.52000046,234.747,0.11,0.22,71.20833148,743.44
27/01/2015,94.01999664,1.83,17.21999931,234.747,0.11,0.17,71.49102803,752.7
28/01/2015,94.47000122,1.73,20.44000053,234.747,0.11,0.12,71.17002258,752.7
29/01/2015,94.77999878,1.77,18.76000023,234.747,0.11,0.15,74.8657369,758.37
30/01/2015,94.80000305,1.68,20.96999931,234.747,0.11,0.03,74.36598662,758.37
1/2/2015,94.80000305,1.68,20.96999931,234.747,0.11,0.03,74.04699193,766.73
2/2/2015,94.5,1.68,19.43000031,234.747,0.11,0.09,72.79398607,764.94
3/2/2015,93.59999847,1.79,17.32999992,234.747,0.11,0.1,72.71995339,767.93
4/2/2015,93.98999786,1.81,18.32999992,234.747,0.11,0.13,73.45750743,773.31
6/2/2015,94.69999695,1.95,17.29000092,234.747,0.11,0.24,73.98369479,773.31
7/2/2015,94.69999695,1.95,17.29000092,234.747,0.11,0.25,72.75712365,773.31
9/2/2015,94.44999695,1.96,18.54999924,234.747,0.11,0.31,73.06163315,773.31
10/2/2015,94.76000214,2.01,17.22999954,234.747,0.11,0.32,72.79784646,773.31
11/2/2015,94.98999786,2,16.95999908,234.747,0.11,0.33,72.72022795,771.51
12/2/2015,94.08999634,1.99,15.34000015,234.747,0.11,0.34,70.98622576,768.26
13/02/2015,94.19999695,2.02,14.68999958,235.342,0.11,0.34,70.98622576,768.26
16/02/2015,94.19999695,2.02,14.68999958,235.342,0.11,0.43,73.83571762,768.26
17/02/2015,94.05999756,2.14,15.80000019,235.342,0.11,0.36,73.8276893,767.96
18/02/2015,94.19999695,2.07,15.44999981,235.342,0.11,0.37,73.73403911,769.46
19/02/2015,94.40000153,2.11,15.28999996,235.342,0.11,0.38,74.05767621,771.25
20/02/2015,94.25,2.13,14.30000019,235.342,0.11,0.34,73.87825863,771.25
23/02/2015,94.56999969,2.06,14.56000042,235.342,0.11,0.27,73.96490441,771.25
24/02/2015,94.48999786,1.99,13.68999958,235.342,0.11,0.24,73.12469652,771.25
25/02/2015,94.20999908,1.96,13.84000015,235.342,0.11,0.24,72.94216741,771.25
26/02/2015,95.29000092,2.03,13.90999985,235.342,0.11,0.17,73.4330491,771.25
27/02/2015,95.25,2,13.34000015,235.342,0.11,0.25,73.60882437,763.49
2/3/2015,95.45999908,2.08,13.03999996,235.342,0.11,0.26,74.05585207,760.8
3/3/2015,95.37999725,2.12,13.85999966,235.342,0.11,0.25,74.4235047,760.8
4/3/2015,95.97000122,2.12,14.22999954,235.342,0.11,0.27,74.13216134,760.8
6/3/2015,97.62000275,2.24,15.19999981,235.342,0.11,0.41,73.75189726,756.32
7/3/2015,97.62000275,2.24,15.19999981,235.342,0.11,0.44,74.03364113,753.04
8/3/2015,97.62000275,2.24,15.19999981,235.342,0.11,0.41,74.3034639,753.04
9/3/2015,97.58999634,2.2,15.06000042,235.342,0.11,0.39,74.98859115,753.04
11/3/2015,99.80000305,2.11,16.87000084,235.342,0.11,0.39,74.36261365,750.95
12/3/2015,99.15000153,2.1,15.42000008,235.342,0.11,0.44,74.47179414,750.67
13/03/2015,100.3300018,2.13,16,235.976,0.11,0.45,73.92475234,750.67
16/03/2015,99.59999847,2.1,15.60999966,235.976,0.11,0.42,73.78871794,747.98
17/03/2015,99.58999634,2.06,15.65999985,235.976,0.11,0.23,74.1642546,749.77
18/03/2015,98.55000305,1.93,13.97000027,235.976,0.11,0.19,72.62392885,749.77
19/03/2015,99.09999847,1.98,14.06999969,235.976,0.11,0.17,70.24367155,744.4
20/03/2015,97.91000366,1.93,13.02000046,235.976,0.11,0.17,70.41251886,744.4
23/03/2015,97.02999878,1.92,13.40999985,235.976,0.11,0.11,70.25290322,744.4
24/03/2015,97.19000244,1.88,13.61999989,235.976,0.11,0.12,70.51237227,743.21
25/03/2015,96.98000336,1.93,15.43999958,235.976,0.11,0.21,70.38313245,737.24
26/03/2015,97.44000244,2.01,15.80000019,235.976,0.11,0.19,70.36125062,737.24
27/03/2015,97.29000092,1.95,15.06999969,235.976,0.11,0.23,71.12925966,737.24
30/03/2015,97.98000336,1.96,14.51000023,235.976,0.11,0.18,71.35275437,737.24
31/03/2015,98.36000061,1.94,15.28999996,235.976,0.12,0.07,70.8812445,737.24
2/4/2015,97.44000244,1.92,14.67000008,235.976,0.12,0.11,71.97051211,737.24
3/4/2015,97.44000244,1.85,14.67000008,235.976,0.12,0.02,71.97051211,737.24
5/4/2015,97.44000244,1.85,14.67000008,235.976,0.12,0.07,71.28400261,735.45
6/4/2015,97.11000061,1.92,14.73999977,235.976,0.12,0.04,71.95244699,733.06
8/4/2015,98.06999969,1.92,13.97999954,235.976,0.12,0.08,73.18126134,733.06
9/4/2015,99.16000366,1.97,13.09000015,235.976,0.12,0.13,73.84310865,736.04
11/4/2015,99.38999939,1.96,12.57999992,235.976,0.12,0.14,73.58582247,734.29
12/4/2015,99.38999939,1.96,12.57999992,235.976,0.12,0.14,73.66707606,734.29
13/04/2015,99.48999786,1.94,13.93999958,236.222,0.12,0.1,73.85301948,736.08
14/04/2015,98.76000214,1.9,13.67000008,236.222,0.12,0.07,73.85211546,736.08
15/04/2015,98.33000183,1.91,12.84000015,236.222,0.12,0.05,73.60531264,736.08
16/04/2015,97.41999817,1.9,12.60000038,236.222,0.12,-0.02,74.15695547,739.06
17/04/2015,97.51999664,1.87,13.89000034,236.222,0.12,0.01,75.14323314,739.06
20/04/2015,97.94000244,1.9,13.30000019,236.222,0.12,0.06,75.17185124,742.35
21/04/2015,97.98000336,1.92,13.25,236.222,0.12,0.12,75.16306737,742.35
22/04/2015,98.01999664,1.99,12.71000004,236.222,0.12,0.07,75.48028295,742.35
23/04/2015,97.27999878,1.96,12.47999954,236.222,0.12,0.04,75.18392834,742.35
24/04/2015,96.91999817,1.93,12.28999996,236.222,0.12,0.03,73.41672322,739.06
27/04/2015,96.76999664,1.94,13.11999989,236.222,0.12,0.11,73.18984794,739.06
28/04/2015,96.08999634,2,12.40999985,236.222,0.12,0.14,72.5734879,739.06
29/04/2015,95.12000275,2.06,13.39000034,236.222,0.12,0.11,73.3316785,739.36
30/04/2015,94.59999847,2.05,14.55000019,236.222,0.12,0.18,72.90050249,741.75
1/5/2015,95.30000305,2.12,12.69999981,236.222,0.12,0.24,72.286521,741.75
2/5/2015,95.30000305,2.12,12.69999981,236.222,0.12,0.25,72.06619607,741.75
3/5/2015,95.30000305,2.12,12.69999981,236.222,0.12,0.34,72.20942143,741.75
5/5/2015,95.12999725,2.19,14.31000042,236.222,0.12,0.3,72.66470446,739.07
6/5/2015,94.12999725,2.25,15.14999962,236.222,0.12,0.28,72.32088654,728.32
8/5/2015,94.79000092,2.16,12.85999966,236.222,0.12,0.4,72.59786028,728.32
10/5/2015,94.79000092,2.16,12.85999966,236.222,0.12,0.4,72.23500661,728.32
11/5/2015,95.01000214,2.28,13.85000038,236.222,0.12,0.41,70.80839034,728.32
13/05/2015,93.62000275,2.27,13.76000023,237.001,0.12,0.36,70.227524,723.91
14/05/2015,93.36000061,2.23,12.73999977,237.001,0.12,0.31,69.84895951,723.91
15/05/2015,93.13999939,2.14,12.38000011,237.001,0.12,0.37,69.32023804,718.24
18/05/2015,94.19000244,2.23,12.72999954,237.001,0.12,0.42,70.78592835,718.24
19/05/2015,95.26999664,2.27,12.85000038,237.001,0.12,0.38,70.72900136,715.26
20/05/2015,95.44999695,2.26,12.88000011,237.001,0.12,0.35,70.38747122,715.26
21/05/2015,95.26000214,2.19,12.10999966,237.001,0.12,0.34,70.71638287,715.26
22/05/2015,96.01000214,2.21,12.13000011,237.001,0.12,0.34,70.71638287,715.26
25/05/2015,96.01000214,2.21,12.13000011,237.001,0.12,0.32,70.94538091,715.86
26/05/2015,97.30000305,2.14,14.06000042,237.001,0.12,0.34,71.27659512,715.86
27/05/2015,97.37000275,2.14,13.27000046,237.001,0.12,0.33,71.34450155,715.86
28/05/2015,96.97000122,2.13,13.31000042,237.001,0.12,0.32,71.28985995,715.86
29/05/2015,96.91000366,2.12,13.84000015,237.001,0.13,0.39,71.30941433,714.07
1/6/2015,97.38999939,2.19,13.97000027,237.001,0.13,0.44,71.14937188,709.89
2/6/2015,95.83999634,2.27,14.23999977,237.001,0.13,0.55,71.95699105,709.89
3/6/2015,95.47000122,2.38,13.65999985,237.001,0.13,0.5,73.0250465,709.89
4/6/2015,95.45999908,2.31,14.71000004,237.001,0.13,0.55,73.1200344,708.7
5/6/2015,96.30999756,2.41,14.21000004,237.001,0.13,0.54,73.55024359,708.7
7/6/2015,96.30999756,2.41,14.21000004,237.001,0.13,0.56,73.81654162,705.72
8/6/2015,95.30000305,2.39,15.28999996,237.001,0.13,0.63,74.35431297,704.22
10/6/2015,94.65000153,2.5,13.22000027,237.001,0.13,0.56,73.96101168,704.22
11/6/2015,94.98000336,2.39,12.85000038,237.001,0.13,0.55,74.5226995,703.98
15/06/2015,94.80999756,2.36,15.39000034,237.657,0.13,0.51,73.73102968,701.9
16/06/2015,95,2.32,14.81000042,237.657,0.13,0.44,73.97543467,701.9
17/06/2015,94.30000305,2.32,14.5,237.657,0.13,0.42,73.80176006,701.9
18/06/2015,94.04000092,2.35,13.18999958,237.657,0.13,0.46,74.40549583,701.9
19/06/2015,94.08999634,2.26,13.96000004,237.657,0.13,0.4,74.60879242,701.9
22/06/2015,94.33000183,2.37,12.73999977,237.657,0.13,0.47,73.35316446,705.48
23/06/2015,95.43000031,2.42,12.10999966,237.657,0.13,0.5,74.76480581,705.48
24/06/2015,95.26000214,2.38,13.26000023,237.657,0.13,0.48,73.99040934,706.37
25/06/2015,95.19000244,2.4,14.01000023,237.657,0.13,0.49,74.12211182,713.23
26/06/2015,95.47000122,2.49,14.02000046,237.657,0.13,0.57,74.54083572,711.44
29/06/2015,94.79000092,2.33,18.85000038,237.657,0.13,0.46,75.23621254,711.44
30/06/2015,95.48999786,2.35,18.22999954,237.657,0.13,0.48,75.33277776,711.44
1/7/2015,96.30999756,2.43,16.09000015,237.657,0.13,0.54,75.16718085,711.44
4/7/2015,96.11000061,2.4,16.79000092,237.657,0.13,0.49,74.85357677,709.65
5/7/2015,96.11000061,2.4,16.79000092,237.657,0.13,0.49,74.85357677,709.65
7/7/2015,96.87000275,2.27,16.09000015,237.657,0.13,0.43,74.58349465,709.65
8/7/2015,96.29000092,2.22,19.65999985,237.657,0.13,0.4,77.08361466,709.65
9/7/2015,96.61000061,2.32,19.96999931,237.657,0.13,0.39,76.80068824,709.37
10/7/2015,96.02999878,2.42,16.82999992,237.657,0.13,0.47,75.52948712,707.58
12/7/2015,96.02999878,2.42,16.82999992,237.657,0.13,0.55,74.84483581,707.58
13/07/2015,96.86000061,2.44,13.89999962,238.034,0.13,0.58,74.83803841,709.07
14/07/2015,96.63999939,2.41,13.36999989,238.034,0.13,0.56,75.40372952,709.07
15/07/2015,97.12999725,2.36,13.22999954,238.034,0.13,0.52,76.3375007,709.07
16/07/2015,97.66000366,2.36,12.10999966,238.034,0.13,0.52,76.43678616,707.88
17/07/2015,97.86000061,2.34,11.94999981,238.034,0.13,0.51,76.36977545,696.25
20/07/2015,98.02999878,2.38,12.25,238.034,0.13,0.56,75.05594844,694.46
21/07/2015,97.33000183,2.35,12.22000027,238.034,0.13,0.53,74.71054374,689.69
22/07/2015,97.59999847,2.33,12.11999989,238.034,0.13,0.53,74.17425874,687.31
23/07/2015,97.12000275,2.28,12.64000034,238.034,0.13,0.49,74.50793632,684.63
24/07/2015,97.23999786,2.27,13.73999977,238.034,0.13,0.51,74.98790895,680.15
27/07/2015,96.5,2.23,15.60000038,238.034,0.13,0.5,75.13361726,680.15
28/07/2015,96.76999664,2.26,13.43999958,238.034,0.13,0.51,74.92994884,680.15
29/07/2015,96.98000336,2.29,12.5,238.034,0.13,0.52,74.16179828,680.15
30/07/2015,97.55999756,2.28,12.13000011,238.034,0.13,0.51,74.08617695,680.15
31/07/2015,97.37000275,2.2,12.11999989,238.034,0.13,0.46,74.25064444,672.7
1/8/2015,97.37000275,2.2,12.11999989,238.034,0.14,0.46,75.0482254,672.7
4/8/2015,97.93000031,2.23,13,238.034,0.14,0.52,74.96219497,670.62
5/8/2015,97.95999908,2.28,12.51000023,238.034,0.14,0.58,74.63907511,667.93
6/8/2015,97.83000183,2.23,13.77000046,238.034,0.14,0.56,74.31492471,667.93
7/8/2015,97.55999756,2.18,13.39000034,238.034,0.14,0.52,73.84584076,667.69
9/8/2015,97.55999756,2.18,13.39000034,238.034,0.14,0.55,72.22185775,667.69
10/8/2015,97.16000366,2.24,12.22999954,238.034,0.14,0.49,72.48216515,667.69
12/8/2015,96.26000214,2.14,13.60999966,238.034,0.14,0.52,72.59096376,671.87
13/08/2015,96.44999695,2.19,13.48999977,238.033,0.14,0.57,72.46687177,671.87
14/08/2015,96.56999969,2.2,12.82999992,238.033,0.14,0.58,73.16896921,671.87
17/08/2015,96.81999969,2.16,13.02000046,238.033,0.14,0.58,73.13500948,671.87
18/08/2015,96.97000122,2.2,13.78999996,238.033,0.14,0.62,75.54608765,671.87
19/08/2015,96.45999908,2.12,15.25,238.033,0.14,0.55,74.33447564,671.87
20/08/2015,95.75,2.09,19.13999939,238.033,0.14,0.53,74.30559936,675.44
21/08/2015,94.83000183,2.05,28.03000069,238.033,0.14,0.52,75.78589653,677.83
24/08/2015,93.30999756,2.01,40.74000168,238.033,0.14,0.52,78.13304551,681.1
25/08/2015,94.52999878,2.12,36.02000046,238.033,0.14,0.59,77.90554264,681.1
26/08/2015,95.09999847,2.18,30.31999969,238.033,0.14,0.65,80.07119754,681.1
27/08/2015,95.61000061,2.18,26.10000038,238.033,0.14,0.6,77.83094523,682.59
28/08/2015,96.11000061,2.19,26.04999924,238.033,0.14,0.58,77.95665549,682.59
31/08/2015,95.94999695,2.21,28.43000031,238.033,0.14,0.58,77.62914191,682.59
1/9/2015,95.44999695,2.17,31.39999962,238.033,0.14,0.6,77.92376362,682.59
2/9/2015,95.83000183,2.2,26.09000015,238.033,0.14,0.64,77.24575271,682.59
3/9/2015,96.41000366,2.18,25.61000061,238.033,0.14,0.64,76.43177641,682.59
4/9/2015,96.23000336,2.13,27.79999924,238.033,0.14,0.62,77.04895495,682.35
6/9/2015,96.23000336,2.13,27.79999924,238.033,0.14,0.62,77.04895495,682.35
7/9/2015,96.23000336,2.13,27.79999924,238.033,0.14,0.67,75.95932369,682.35
9/9/2015,96.01000214,2.21,26.22999954,238.033,0.14,0.65,75.65897606,678.18
10/9/2015,95.45999908,2.23,24.37000084,238.033,0.14,0.64,75.81659241,678.18
11/9/2015,95.19000244,2.2,23.20000076,238.033,0.14,0.61,76.15597084,678.18
12/9/2015,95.19000244,2.2,23.20000076,238.033,0.14,0.62,77.15399625,678.18
14/09/2015,95.25,2.18,24.25,237.498,0.14,0.72,77.01655353,678.18
15/09/2015,95.61000061,2.28,22.54000092,237.498,0.14,0.73,75.22516008,678.18
16/09/2015,95.41999817,2.3,21.35000038,237.498,0.14,0.63,74.61101972,678.18
17/09/2015,94.55000305,2.21,21.13999939,237.498,0.14,0.58,75.10228022,678.18
18/09/2015,94.86000061,2.13,22.28000069,237.498,0.14,0.66,74.46766595,674.61
21/09/2015,95.88999939,2.2,20.13999939,237.498,0.14,0.63,76.27118644,675.8
22/09/2015,96.27999878,2.14,22.44000053,237.498,0.14,0.64,76.5629226,676.4
23/09/2015,96.06999969,2.16,22.12999916,237.498,0.14,0.64,76.28430075,680.27
24/09/2015,95.98999786,2.13,23.46999931,237.498,0.14,0.71,75.86389541,684.14
25/09/2015,96.26999664,2.17,23.62000084,237.498,0.14,0.71,77.86490519,684.14
28/09/2015,96.02999878,2.1,27.62999916,237.498,0.14,0.66,77.36289084,684.14
29/09/2015,95.88999939,2.05,26.82999992,237.498,0.14,0.65,76.86212608,687.42
30/09/2015,96.34999847,2.06,24.5,237.498,0.12,0.59,76.80959497,689.2
2/10/2015,95.83000183,1.99,20.94000053,237.498,0.12,0.51,74.52972261,689.2
3/10/2015,95.83000183,1.99,20.94000053,237.498,0.12,0.56,72.48121258,688.98
4/10/2015,95.83000183,1.99,20.94000053,237.498,0.12,0.53,71.76919972,688.98
6/10/2015,95.45999908,2.05,19.39999962,237.498,0.12,0.53,71.41969461,687.2
7/10/2015,95.5,2.08,18.39999962,237.498,0.12,0.54,72.63324458,687.2
8/10/2015,95.31999969,2.12,17.42000008,237.498,0.12,0.58,73.14188422,687.2
9/10/2015,94.80999756,2.12,17.07999992,237.498,0.12,0.58,73.47209448,687.2
11/10/2015,94.80999756,2.12,17.07999992,237.498,0.12,0.54,73.33459306,687.2
12/10/2015,94.83999634,2.12,16.17000008,237.498,0.12,0.5,73.28903417,694.94
13/10/2015,94.76000214,2.06,17.67000008,237.733,0.12,0.54,73.54507138,700
14/10/2015,93.93000031,1.99,18.03000069,237.733,0.12,0.56,73.50639848,693.75
15/10/2015,94.37000275,2.04,16.04999924,237.733,0.12,0.59,74.12344518,697.32
16/10/2015,94.54000092,2.04,15.05000019,237.733,0.12,0.6,74.06476075,697.32
19/10/2015,94.95999908,2.04,14.97999954,237.733,0.12,0.59,74.38837718,697.32
20/10/2015,94.84999847,2.08,15.75,237.733,0.12,0.57,73.72811597,697.32
21/10/2015,95.05000305,2.04,16.70000076,237.733,0.12,0.58,73.54280317,695.54
22/10/2015,96.33999634,2.04,14.44999981,237.733,0.12,0.59,73.39622818,695.54
23/10/2015,97.06999969,2.09,14.46000004,237.733,0.12,0.57,73.57800879,695.54
26/10/2015,96.86000061,2.07,15.28999996,237.733,0.12,0.63,72.26792534,694.34
27/10/2015,96.91000366,2.05,15.43000031,237.733,0.12,0.67,73.80339523,694.34
28/10/2015,97.77999878,2.1,14.32999992,237.733,0.12,0.63,73.33290512,692.26
29/10/2015,97.27999878,2.19,14.60999966,237.733,0.12,0.65,73.69104269,689.28
30/10/2015,96.94999695,2.16,15.06999969,237.733,0.12,0.65,73.09104693,686.3
2/11/2015,96.93000031,2.2,14.14999962,237.733,0.12,0.68,73.45814381,680.11
3/11/2015,97.16000366,2.23,14.53999996,237.733,0.12,0.71,73.6856172,671.77
5/11/2015,97.94000244,2.26,15.05000019,237.733,0.12,0.75,74.00653023,669.09
6/11/2015,99.16000366,2.34,14.32999992,237.733,0.12,0.76,75.45429378,666.11
8/11/2015,99.16000366,2.34,14.32999992,237.733,0.12,0.77,75.80105567,663.43
9/11/2015,98.98000336,2.36,16.52000046,237.733,0.12,0.77,76.05524785,663.43
11/11/2015,99.01000214,2.32,16.05999947,237.733,0.12,0.78,75.98425552,661.94
12/11/2015,98.65000153,2.32,18.37000084,237.733,0.12,0.76,76.09660238,661.94
13/11/2015,98.98999786,2.28,20.07999992,238.017,0.12,0.76,76.20420313,661.94
16/11/2015,99.44000244,2.27,18.15999985,238.017,0.12,0.72,75.41989735,661.94
17/11/2015,99.62999725,2.25,18.84000015,238.017,0.12,0.71,75.90909479,661.94
18/11/2015,99.65000153,2.27,16.85000038,238.017,0.12,0.68,75.69161833,661.94
19/11/2015,98.98999786,2.24,16.98999977,238.017,0.12,0.66,76.30795608,660.75
20/11/2015,99.56999969,2.26,15.47000027,238.017,0.12,0.64,75.97208822,655.69
23/11/2015,99.80000305,2.25,15.61999989,238.017,0.12,0.62,75.8204583,655.69
24/11/2015,99.52999878,2.24,15.93000031,238.017,0.12,0.62,75.5575934,655.69
25/11/2015,99.80000305,2.23,15.18999958,238.017,0.12,0.62,75.5575934,655.69
26/11/2015,99.80000305,2.23,15.18999958,238.017,0.12,0.62,75.39976606,654.8
27/11/2015,100.0199966,2.22,15.11999989,238.017,0.12,0.62,75.85765369,654.8
30/11/2015,100.1699982,2.21,16.12999916,238.017,0.24,0.58,75.68836896,654.8
1/12/2015,99.80000305,2.15,14.67000008,238.017,0.24,0.62,75.41311569,639.02
2/12/2015,99.98999786,2.18,15.90999985,238.017,0.24,0.72,75.54969879,638.8
3/12/2015,97.62000275,2.33,18.11000061,238.017,0.24,0.68,74.76732102,638.8
5/12/2015,98.34999847,2.28,14.81000042,238.017,0.24,0.67,75.23589938,634.63
6/12/2015,98.34999847,2.28,14.81000042,238.017,0.24,0.68,76.38209347,634.63
8/12/2015,98.47000122,2.24,17.60000038,238.017,0.24,0.69,76.08020399,634.63
10/12/2015,97.94000244,2.24,19.34000015,238.017,0.24,0.73,76.1874315,634.63
11/12/2015,97.56999969,2.13,24.38999939,238.017,0.24,0.67,77.70401966,634.63
14/12/2015,97.59999847,2.23,22.72999954,237.761,0.24,0.78,77.90867281,634.63
15/12/2015,98.22000122,2.28,20.95000076,237.761,0.24,0.8,77.35808167,634.63
16/12/2015,97.87000275,2.3,17.86000061,237.761,0.24,0.84,75.81938168,634.63
17/12/2015,99.26999664,2.24,18.94000053,237.761,0.24,0.77,76.79603002,630.17
18/12/2015,98.69999695,2.19,20.70000076,237.761,0.24,0.73,75.72442876,648.91
21/12/2015,98.45999908,2.2,18.70000076,237.761,0.24,0.75,75.65205591,645.94
22/12/2015,98.23999786,2.24,16.60000038,237.761,0.24,0.78,75.1503318,645.94
23/12/2015,98.33999634,2.27,15.56999969,237.761,0.24,0.76,74.90369072,645.94
24/12/2015,97.98000336,2.25,15.73999977,237.761,0.24,0.73,74.96693706,644.75
25/12/2015,97.98000336,2.25,15.73999977,237.761,0.24,0.73,74.96693706,644.75
28/12/2015,97.91999817,2.24,16.90999985,237.761,0.24,0.74,77.16427513,643.56
29/12/2015,98.09999847,2.32,16.07999992,237.761,0.24,0.79,77.42329627,643.56
30/12/2015,98.26999664,2.31,17.29000092,237.761,0.24,0.77,76.74098492,643.56
31/12/2015,98.62999725,2.27,18.20999908,237.761,0.24,0.73,76.97278245,642.37
1/1/2016,98.62999725,2.27,18.20999908,237.761,0.34,0.73,76.97278245,642.37
2/1/2016,98.62999725,2.27,18.20999908,237.761,0.34,0.69,77.80994031,642.37
3/1/2016,98.62999725,2.27,18.20999908,237.761,0.34,0.69,77.31020121,642.37
4/1/2016,98.87000275,2.24,20.70000076,237.761,0.34,0.65,78.23314765,640.97
6/1/2016,99.18000031,2.18,20.59000015,237.761,0.34,0.66,77.27240657,645.13
7/1/2016,98.22000122,2.16,24.98999977,237.761,0.34,0.65,78.93299176,649.59
8/1/2016,98.54000092,2.13,27.01000023,237.761,0.34,0.72,79.14110691,651.68
9/1/2016,98.54000092,2.13,27.01000023,237.761,0.34,0.69,79.01018877,651.68
11/1/2016,98.73000336,2.17,24.29999924,237.761,0.34,0.65,76.88228807,654.06
12/1/2016,98.97000122,2.12,22.46999931,237.761,0.34,0.67,78.17572891,654.06
13/01/2016,98.93000031,2.08,25.21999931,237.652,0.34,0.67,78.61567371,657.92
14/01/2016,99.08999634,2.1,23.95000076,237.652,0.34,0.67,78.61567371,657.92
15/01/2016,98.95999908,2.03,27.02000046,237.652,0.34,0.68,77.24309362,657.92
18/01/2016,99.12000275,2.03,27.02000046,237.652,0.34,0.69,78.25687079,660.3
19/01/2016,98.98999786,2.06,26.04999924,237.652,0.34,0.74,78.04444801,662.09
20/01/2016,99.08999634,2.01,27.59000015,237.652,0.34,0.72,78.13144869,664.17
21/01/2016,99.05999756,2.02,26.69000053,237.652,0.34,0.69,77.68258209,664.17
22/01/2016,99.56999969,2.07,22.34000015,237.652,0.34,0.65,77.12458584,669.23
25/01/2016,99.36000061,2.03,24.14999962,237.652,0.34,0.62,77.29224432,669.23
26/01/2016,99.36000061,2.01,22.5,237.652,0.34,0.58,78.47495827,669.23
27/01/2016,98.90000153,2.02,23.11000061,237.652,0.34,0.53,78.45948536,669.23
28/01/2016,98.51000214,2,22.42000008,237.652,0.38,0.57,78.71449419,681.43
29/01/2016,99.61000061,1.94,20.20000076,237.652,0.38,0.51,78.96469929,685.59
2/2/2016,98.87000275,1.87,21.97999954,237.652,0.38,0.5,77.5339693,690.05
3/2/2016,97.29000092,1.88,21.64999962,237.652,0.38,0.51,78.02641824,693.62
5/2/2016,97.02999878,1.86,23.37999916,237.652,0.38,0.53,78.42048589,698.46
6/2/2016,97.02999878,1.86,23.37999916,237.652,0.38,0.52,77.70498157,703.52
8/2/2016,96.56999969,1.75,26,237.652,0.38,0.53,77.61589823,702.03
9/2/2016,96.06999969,1.74,26.54000092,237.652,0.38,0.5,78.20252129,702.03
11/2/2016,95.55999756,1.63,28.13999939,237.652,0.38,0.45,79.03604151,716.01
12/2/2016,95.98000336,1.74,25.39999962,237.652,0.38,0.49,78.49857381,710.95
15/02/2016,95.98000336,1.74,25.39999962,237.336,0.38,0.49,78.49857381,710.95
16/02/2016,96.87000275,1.78,24.11000061,237.336,0.38,0.53,78.79835522,710.95
17/02/2016,96.79000092,1.81,22.30999947,237.336,0.38,0.53,78.78610435,710.95
18/02/2016,96.94999695,1.75,21.63999939,237.336,0.38,0.51,79.47753756,713.63
19/02/2016,96.59999847,1.76,20.53000069,237.336,0.38,0.5,80.06246889,732.96
22/02/2016,97.37999725,1.77,19.37999916,237.336,0.38,0.46,79.68245655,752.29
23/02/2016,97.48000336,1.74,20.97999954,237.336,0.38,0.42,80.22973918,752.29
24/02/2016,97.45999908,1.75,20.71999931,237.336,0.38,0.39,81.00313667,760.32
25/02/2016,97.29000092,1.71,19.11000061,237.336,0.38,0.32,81.64852979,760.32
26/02/2016,98.15000153,1.76,19.80999947,237.336,0.38,0.35,83.0417345,762.4
29/02/2016,98.20999908,1.74,20.54999924,237.336,0.38,0.32,82.83432009,777.27
2/3/2016,98.20999908,1.84,17.09000015,237.336,0.36,0.35,83.50641861,786.2
3/3/2016,97.56999969,1.83,16.70000076,237.336,0.36,0.33,82.72345225,788.57
5/3/2016,97.33999634,1.88,16.86000061,237.336,0.36,0.3,83.10092265,793.33
6/3/2016,97.33999634,1.88,16.86000061,237.336,0.36,0.37,80.98335847,793.12
8/3/2016,97.20999908,1.83,18.67000008,237.336,0.36,0.43,80.85514558,793.12
10/3/2016,96.06999969,1.93,18.04999924,237.336,0.36,0.37,82.03978094,790.74
11/3/2016,96.16999817,1.98,16.5,237.336,0.36,0.39,81.83653618,792.82
14/03/2016,96.62000275,1.97,16.92000008,238.08,0.36,0.45,81.82169296,798.77
15/03/2016,96.62999725,1.97,16.84000015,238.08,0.36,0.44,80.64970352,798.77
16/03/2016,95.88999939,1.94,14.98999977,238.08,0.36,0.45,80.19074962,790.14
17/03/2016,94.76000214,1.91,14.43999958,238.08,0.36,0.47,80.65552377,792.23
18/03/2016,94.98999786,1.88,14.02000046,238.08,0.36,0.36,80.80058296,795.2
21/03/2016,95.29000092,1.92,13.78999996,238.08,0.36,0.34,78.9227344,807.09
22/03/2016,95.65000153,1.94,14.17000008,238.08,0.36,0.27,79.32431154,818.98
23/03/2016,96.05000305,1.88,14.93999958,238.08,0.36,0.28,78.51777539,821.66
24/03/2016,96.13999939,1.91,14.73999977,238.08,0.36,0.31,78.61686481,821.66
25/03/2016,96.13999939,1.91,14.73999977,238.08,0.36,0.3,80.17427691,821.66
28/03/2016,95.94000244,1.89,15.23999977,238.08,0.36,0.34,80.40287181,823.74
29/03/2016,95.16000366,1.81,13.81999969,238.08,0.36,0.34,80.40287181,823.74
30/03/2016,94.83999634,1.83,13.56000042,238.08,0.36,0.33,80.288272,823.74
31/03/2016,94.58999634,1.78,13.94999981,238.08,0.36,0.2,81.09207441,820.47
1/4/2016,94.62000275,1.79,13.10000038,238.08,0.36,0.18,80.68525568,819.28
2/4/2016,94.62000275,1.79,13.10000038,238.08,0.36,0.16,79.83182071,819.28
3/4/2016,94.62000275,1.79,13.10000038,238.08,0.37,0.17,81.25249076,818.09
4/4/2016,94.51000214,1.78,14.11999989,238.08,0.37,0.14,81.51518995,815.72
5/4/2016,94.62999725,1.73,15.42000008,238.08,0.37,0.14,81.27563837,815.43
7/4/2016,94.48000336,1.7,16.15999985,238.08,0.37,0.17,81.21844248,819.6
8/4/2016,94.23999786,1.72,15.35999966,238.08,0.37,0.12,81.56505278,819.6
10/4/2016,94.23999786,1.72,15.35999966,238.08,0.37,0.14,80.77623212,817.81
11/4/2016,93.94999695,1.73,16.26000023,238.08,0.37,0.17,78.67158839,817.81
13/04/2016,94.73999786,1.77,13.84000015,238.992,0.37,0.22,77.64488765,815.14
14/04/2016,94.90000153,1.8,13.72000027,238.992,0.37,0.21,76.38302103,810.08
15/04/2016,94.69999695,1.76,13.61999989,238.992,0.37,0.24,75.76225819,806.82
18/04/2016,94.48999786,1.78,13.35000038,238.992,0.37,0.2,75.60855812,812.46
19/04/2016,93.98000336,1.79,13.23999977,238.992,0.37,0.21,75.91851399,812.46
20/04/2016,94.48999786,1.85,13.27999973,238.992,0.37,0.19,73.8448827,805.03
21/04/2016,94.59999847,1.88,13.94999981,238.992,0.37,0.23,73.1539264,805.03
22/04/2016,95.12000275,1.89,13.22000027,238.992,0.37,0.24,73.10078237,805.03
25/04/2016,94.83999634,1.91,14.07999992,238.992,0.37,0.25,72.72135167,805.03
26/04/2016,94.56999969,1.94,13.96000004,238.992,0.37,0.26,72.85504767,802.65
27/04/2016,94.38999939,1.87,13.77000046,238.992,0.37,0.27,72.61778825,802.65
28/04/2016,93.76000214,1.84,15.22000027,238.992,0.37,0.19,72.26657422,802.65
29/04/2016,93.08000183,1.83,15.69999981,238.992,0.37,0.12,72.09594008,804.14
1/5/2016,93.08000183,1.83,15.69999981,238.992,0.37,0.12,72.47175126,804.14
2/5/2016,92.62999725,1.88,14.68000031,238.992,0.37,0.2,73.32917655,824.94
4/5/2016,93.18000031,1.79,16.04999924,238.992,0.37,0.17,73.86401982,824.94
5/5/2016,93.77999878,1.76,15.90999985,238.992,0.37,0.16,73.69913859,825.54
7/5/2016,93.88999939,1.79,14.72000027,238.992,0.37,0.13,73.48283557,829.44
8/5/2016,93.88999939,1.79,14.72000027,238.992,0.37,0.18,73.85046134,834.19
9/5/2016,94.15000153,1.77,14.56999969,238.992,0.37,0.18,74.14176908,836.87
10/5/2016,94.29000092,1.77,13.63000011,238.992,0.37,0.15,74.02049593,839.25
12/5/2016,94.13999939,1.75,14.40999985,238.992,0.37,0.14,73.66778247,841.92
13/05/2016,94.61000061,1.71,15.03999996,239.557,0.37,0.15,74.34307115,845.19
16/05/2016,94.56999969,1.75,14.68000031,239.557,0.37,0.13,74.31493085,851.13
17/05/2016,94.55000305,1.76,15.56999969,239.557,0.37,0.15,74.2853815,851.13
18/05/2016,95.08000183,1.87,15.94999981,239.557,0.37,0.15,74.04699193,855.89
19/05/2016,95.29000092,1.85,16.32999992,239.557,0.37,0.26,74.39835799,855.89
20/05/2016,95.30999756,1.85,15.19999981,239.557,0.37,0.29,76.10898381,860.34
23/05/2016,95.23000336,1.84,15.81999969,239.557,0.37,0.29,75.81573295,869.26
24/05/2016,95.56999969,1.86,14.42000008,239.557,0.37,0.3,76.24009672,872.52
25/05/2016,95.34999847,1.87,13.89999962,239.557,0.37,0.31,75.68049997,868.66
26/05/2016,95.16999817,1.83,13.43000031,239.557,0.37,0.29,75.26915184,868.66
27/05/2016,95.51999664,1.85,13.11999989,239.557,0.37,0.25,74.67866474,868.66
30/05/2016,95.51999664,1.85,13.11999989,239.557,0.37,0.27,74.71377737,868.66
31/05/2016,95.88999939,1.84,14.18999958,239.557,0.37,0.27,74.71377737,868.66
1/6/2016,95.45999908,1.85,14.19999981,239.557,0.37,0.3,76.05810415,868.66
4/6/2016,94.02999878,1.71,13.47000027,239.557,0.38,0.31,76.1913752,870.74
5/6/2016,94.02999878,1.71,13.47000027,239.557,0.38,0.27,75.58888549,875.2
6/6/2016,93.90000153,1.73,13.64999962,239.557,0.38,0.19,75.8656506,881.44
7/6/2016,93.83000183,1.72,14.05000019,239.557,0.38,0.19,75.76089687,881.15
9/6/2016,94.09999847,1.68,14.64000034,239.557,0.38,0.15,75.9846103,881.15
10/6/2016,94.59999847,1.64,17.03000069,239.557,0.38,0.12,74.24563992,881.15
12/6/2016,94.59999847,1.64,17.03000069,239.557,0.38,0.12,73.62197485,887.38
13/06/2016,94.37000275,1.62,20.96999931,240.222,0.38,0.12,73.5431698,893.92
14/06/2016,94.93000031,1.62,20.5,240.222,0.38,0.15,73.69750181,896.29
15/06/2016,94.61000061,1.6,20.13999939,240.222,0.38,0.17,73.84261843,898.67
16/06/2016,94.56999969,1.57,19.37000084,240.222,0.38,0.13,73.52050004,900.75
17/06/2016,94.20999908,1.62,19.40999985,240.222,0.38,0.15,73.66715845,902.53
20/06/2016,93.61000061,1.67,18.37000084,240.222,0.38,0.2,74.28161082,907.88
21/06/2016,94.01999664,1.71,18.47999954,240.222,0.38,0.24,73.70165005,908.77
22/06/2016,93.72000122,1.69,21.17000008,240.222,0.38,0.28,73.39263702,912.33
23/06/2016,93.52999878,1.74,17.25,240.222,0.38,0.25,73.27361905,915.9
24/06/2016,95.44999695,1.57,25.76000023,240.222,0.38,0.24,72.70002203,915.9
27/06/2016,96.54000092,1.46,23.85000038,240.222,0.38,0.15,74.21984882,934.31
28/06/2016,96.25,1.46,18.75,240.222,0.38,0.12,74.54904268,947.38
29/06/2016,95.76999664,1.5,16.63999939,240.222,0.38,0.09,73.73171125,947.38
30/06/2016,96.13999939,1.49,15.63000011,240.222,0.38,0.1,72.09999235,950.05
1/7/2016,95.65000153,1.46,14.77000046,240.222,0.38,0.09,70.95038061,950.05
3/7/2016,95.65000153,1.46,14.77000046,240.222,0.39,0.03,68.39438745,953.91
4/7/2016,95.65000153,1.46,14.77000046,240.222,0.39,0.03,68.39438745,953.91
6/7/2016,96.05999756,1.38,14.96000004,240.222,0.39,-0.03,68.27746288,982.72
7/7/2016,96.33000183,1.4,14.76000023,240.222,0.39,-0.05,67.70337474,982.44
9/7/2016,96.30000305,1.37,13.19999981,240.222,0.39,-0.03,68.69885607,978.29
10/7/2016,96.30000305,1.37,13.19999981,240.222,0.39,-0.06,67.63385868,981.26
11/7/2016,96.56999969,1.43,13.53999996,240.222,0.39,0.01,66.86735117,981.26
12/7/2016,96.44000244,1.53,13.55000019,240.222,0.39,0.07,66.27421914,965.22
13/07/2016,96.22000122,1.48,13.03999996,240.101,0.39,0.03,65.90083304,965.22
14/07/2016,96.08000183,1.53,12.81999969,240.101,0.39,0.08,65.64272175,962.85
15/07/2016,96.58000183,1.6,12.67000008,240.101,0.39,0.11,65.91304348,962.85
18/07/2016,96.55999756,1.59,12.43999958,240.101,0.39,0.1,66.27419592,965.22
19/07/2016,97.05000305,1.56,11.97000027,240.101,0.39,0.12,66.65832163,965.22
20/07/2016,97.19999695,1.59,11.77000046,240.101,0.39,0.13,67.34756406,965.22
21/07/2016,97,1.57,12.73999977,240.101,0.39,0.05,67.25131284,963.14
22/07/2016,97.47000122,1.57,12.02000046,240.101,0.39,0.06,67.30935561,963.14
25/07/2016,97.29000092,1.58,12.86999989,240.101,0.39,0.08,67.25975347,958.69
26/07/2016,97.16000366,1.57,13.05000019,240.101,0.39,0.07,67.19409336,954.23
27/07/2016,97.05000305,1.52,12.82999992,240.101,0.39,0.03,66.44627926,954.23
28/07/2016,96.73999786,1.52,12.72000027,240.101,0.39,0,66.08631245,954.23
29/07/2016,95.52999878,1.46,11.86999989,240.101,0.39,-0.03,66.4139416,958.09
1/8/2016,95.70999908,1.51,12.43999958,240.101,0.4,0.05,66.03469408,964.03
2/8/2016,95.05999756,1.55,13.36999989,240.101,0.4,0.11,66.02148458,969.97
3/8/2016,95.55999756,1.55,12.85999966,240.101,0.4,0.09,66.35838329,969.65
4/8/2016,95.76000214,1.51,12.42000008,240.101,0.4,0.04,66.5882603,973.21
6/8/2016,96.19000244,1.59,11.39000034,240.101,0.4,0.09,67.56319404,980.34
7/8/2016,96.19000244,1.59,11.39000034,240.101,0.4,0.08,67.45245083,973.81
8/8/2016,96.40000153,1.59,11.5,240.101,0.4,0.06,67.57848267,972.62
9/8/2016,96.18000031,1.55,11.65999985,240.101,0.4,0.06,66.76765654,972.62
11/8/2016,95.86000061,1.57,11.68000031,240.101,0.4,0.1,67.17874551,972.32
12/8/2016,95.72000122,1.51,11.55000019,240.101,0.4,0.07,67.90361878,960.45
15/08/2016,95.62999725,1.55,11.81000042,240.545,0.4,0.1,67.62020618,960.45
16/08/2016,94.79000092,1.57,12.64000034,240.545,0.4,0.13,68.04212158,962.23
17/08/2016,94.72000122,1.56,12.18999958,240.545,0.4,0.09,68.41085728,957.78
18/08/2016,94.16000366,1.53,11.43000031,240.545,0.4,0.06,68.51926969,955.99
19/08/2016,94.51000214,1.58,11.34000015,240.545,0.4,0.1,69.44717803,955.99
22/08/2016,94.51999664,1.55,12.27000046,240.545,0.4,0.08,70.99187613,958.37
23/08/2016,94.54000092,1.55,12.38000011,240.545,0.4,0.07,70.89370631,958.37
24/08/2016,94.79000092,1.56,13.44999981,240.545,0.4,0.08,71.41547689,958.37
25/08/2016,94.76999664,1.58,13.63000011,240.545,0.4,0.09,71.44171067,956.59
26/08/2016,95.56999969,1.62,13.64999962,240.545,0.4,0.15,70.87690896,956.59
29/08/2016,95.58000183,1.57,12.93999958,240.545,0.4,0.11,70.50954513,956.59
30/08/2016,96.05000305,1.57,13.11999989,240.545,0.4,0.11,70.608816,955.4
31/08/2016,96.01999664,1.58,13.42000008,240.545,0.4,0.11,70.18043404,943.23
2/9/2016,95.87999725,1.6,11.97999954,240.545,0.4,0.12,69.58688693,937.89
3/9/2016,95.87999725,1.6,11.97999954,240.545,0.4,0.13,68.58788335,937.89
5/9/2016,95.87999725,1.6,11.97999954,240.545,0.4,0.13,68.58788335,937.89
6/9/2016,94.81999969,1.55,12.02000046,240.545,0.4,0.06,67.30510443,952.14
8/9/2016,95.02999878,1.61,12.51000023,240.545,0.4,0.03,68.03481937,951.81
9/9/2016,95.33999634,1.67,17.5,240.545,0.4,0.09,68.23541809,950.62
11/9/2016,95.33999634,1.67,17.5,240.545,0.4,0.17,68.98143367,939.94
12/9/2016,95.09999847,1.68,15.15999985,240.545,0.4,0.17,69.83874893,939.94
13/09/2016,95.62999725,1.73,17.85000038,241.176,0.4,0.24,69.82530665,935.49
14/09/2016,95.33000183,1.7,18.13999939,241.176,0.4,0.21,69.61858474,935.49
15/09/2016,95.29000092,1.71,16.29999924,241.176,0.4,0.22,69.28108156,932.22
16/09/2016,96.11000061,1.7,15.36999989,241.176,0.4,0.19,69.52771627,942.61
19/09/2016,95.83999634,1.7,15.52999973,241.176,0.4,0.2,68.39008866,942.61
20/09/2016,96.01999664,1.69,15.92000008,241.176,0.4,0.2,68.43969638,938.75
21/09/2016,95.66000366,1.66,13.30000019,241.176,0.4,0.15,67.40322914,944.39
22/09/2016,95.44999695,1.63,12.02000046,241.176,0.4,0.08,66.95304664,950.92
23/09/2016,95.48000336,1.62,12.28999996,241.176,0.4,0.05,67.76465639,951.22
26/09/2016,95.30999756,1.59,14.5,241.176,0.4,0.05,68.64623385,951.22
27/09/2016,95.44000244,1.56,13.10000038,241.176,0.4,0.04,69.46613045,949.14
28/09/2016,95.43000031,1.57,12.39000034,241.176,0.4,0.01,69.28166252,949.14
29/09/2016,95.54000092,1.56,14.02000046,241.176,0.4,0.02,69.14464907,949.14
30/09/2016,95.45999908,1.6,13.28999996,241.176,0.4,0,68.61905288,947.95
2/10/2016,95.45999908,1.6,13.28999996,241.176,0.4,0,69.64618221,947.95
3/10/2016,95.75,1.63,13.56999969,241.176,0.4,0.07,71.4898716,947.95
5/10/2016,96.12999725,1.72,12.98999977,241.176,0.4,0.1,71.74775407,947.63
6/10/2016,96.66000366,1.75,12.84000015,241.176,0.4,0.11,72.29292232,947.63
8/10/2016,96.51999664,1.73,13.47999954,241.176,0.4,0.1,72.09074505,958.9
10/10/2016,96.51999664,1.73,13.38000011,241.176,0.4,0.1,72.09074505,958.9
11/10/2016,97.69999695,1.77,15.35999966,241.176,0.4,0.13,71.7804792,958.9
13/10/2016,97.51999664,1.75,16.69000053,241.741,0.4,0.15,71.67573653,958.9
14/10/2016,98.01999664,1.8,16.12000084,241.741,0.4,0.12,72.08500925,961.57
17/10/2016,97.88999939,1.77,16.20999908,241.741,0.4,0.13,72.04622554,965.43
18/10/2016,97.90000153,1.75,15.27999973,241.741,0.4,0.09,71.98439008,967.21
19/10/2016,97.87000275,1.76,14.40999985,241.741,0.4,0.09,71.673019,967.21
20/10/2016,98.31999969,1.76,13.75,241.741,0.4,0.08,71.97434607,967.21
21/10/2016,98.69999695,1.74,13.34000015,241.741,0.4,0.08,72.31173107,970.17
24/10/2016,98.66999817,1.77,13.02000046,241.741,0.4,0.07,72.5527297,953.56
25/10/2016,98.72000122,1.77,13.46000004,241.741,0.4,0.11,71.85969595,953.56
26/10/2016,98.62999725,1.79,14.23999977,241.741,0.4,0.07,71.71290145,956.83
27/10/2016,98.88999939,1.85,15.35999966,241.741,0.4,0.08,71.92494255,942.59
28/10/2016,98.34999847,1.86,16.19000053,241.741,0.4,0.13,72.02340478,942.59
31/10/2016,98.44999695,1.84,17.05999947,241.741,0.4,0.13,71.81061043,942.59
1/11/2016,97.69999695,1.83,18.55999947,241.741,0.4,0.11,71.58541055,942.59
2/11/2016,97.40000153,1.81,19.31999969,241.741,0.41,0.11,69.97008476,945.26
3/11/2016,97.16000366,1.82,22.07999992,241.741,0.41,0.11,70.03215753,945.26
4/11/2016,97.06999969,1.79,22.51000023,241.741,0.41,0.14,70.83174763,949.69
5/11/2016,97.06999969,1.79,22.51000023,241.741,0.41,0.11,71.05550736,949.69
7/11/2016,97.77999878,1.83,18.70999908,241.741,0.41,0.12,70.53078846,949.69
8/11/2016,97.86000061,1.88,18.73999977,241.741,0.41,0.15,69.4708145,949.69
10/11/2016,98.79000092,2.15,14.73999977,241.741,0.41,0.25,69.32505046,955.03
11/11/2016,98.79000092,2.15,14.17000008,241.741,0.41,0.27,67.61594501,941.68
14/11/2016,100.1100006,2.23,14.47999954,242.026,0.41,0.27,67.61594501,934.56
15/11/2016,100.1900024,2.23,13.36999989,242.026,0.41,0.4,72.35882519,928.93
16/11/2016,100.4100037,2.22,13.72000027,242.026,0.41,0.41,71.87738847,927.45
17/11/2016,100.8899994,2.29,13.35000038,242.026,0.41,0.39,72.33061703,926.26
18/11/2016,101.2099991,2.34,12.85000038,242.026,0.41,0.42,72.57920311,920.63
21/11/2016,101.0500031,2.33,12.42000008,242.026,0.41,0.44,72.74423263,915.29
22/11/2016,101.0400009,2.31,12.40999985,242.026,0.41,0.42,73.25581633,908.76
23/11/2016,101.6999969,2.36,12.43000031,242.026,0.41,0.41,72.85087282,904.91
24/11/2016,101.6999969,2.36,12.43000031,242.026,0.41,0.44,72.58133539,891.57
25/11/2016,101.4899979,2.36,12.34000015,242.026,0.41,0.44,72.58133539,891.57
28/11/2016,101.3300018,2.32,13.14999962,242.026,0.41,0.47,71.56219029,885.04
29/11/2016,100.9300003,2.3,12.89999962,242.026,0.41,0.47,71.81807451,885.04
30/11/2016,101.5,2.37,13.32999992,242.026,0.41,0.44,71.29824587,885.04
1/12/2016,101.0400009,2.45,14.06999969,242.026,0.41,0.43,71.36413745,883.86
2/12/2016,100.7699966,2.4,14.11999989,242.026,0.54,0.48,71.03549164,870.22
4/12/2016,100.7699966,2.4,14.11999989,242.026,0.54,0.49,70.14265847,870.22
5/12/2016,100.1399994,2.39,12.14000034,242.026,0.54,0.45,69.78126733,869.9
7/12/2016,100.2300034,2.34,12.22000027,242.026,0.54,0.44,69.74910344,869.9
8/12/2016,101.0699997,2.4,12.64000034,242.026,0.54,0.42,68.30204386,863.67
9/12/2016,101.5699997,2.47,11.75,242.026,0.54,0.45,68.71072394,860.71
10/12/2016,101.5699997,2.47,11.75,242.026,0.54,0.51,68.61573465,857.45
12/12/2016,100.9599991,2.49,12.64000034,242.026,0.54,0.51,67.97733424,856.26
13/12/2016,101.0299988,2.48,12.72000027,242.637,0.54,0.53,68.3992667,856.26
14/12/2016,102,2.54,13.18999958,242.637,0.54,0.6,67.70639109,849.44
15/12/2016,103.1299973,2.6,12.78999996,242.637,0.54,0.7,70.94420498,842.33
16/12/2016,102.9499969,2.6,12.19999981,242.637,0.54,0.74,70.2841613,836.99
19/12/2016,103.1399994,2.54,11.71000004,242.637,0.54,0.68,71.16561002,828.1
20/12/2016,103.2900009,2.57,11.44999981,242.637,0.54,0.67,70.48087329,828.1
21/12/2016,103.0199966,2.55,11.27000046,242.637,0.54,0.64,71.05791933,824.54
22/12/2016,103.0899963,2.55,11.43000031,242.637,0.54,0.6,71.37528162,824.54
23/12/2016,103.0100021,2.55,11.43999958,242.637,0.54,0.58,72.07717717,824.54
26/12/2016,103.0100021,2.55,11.43999958,242.637,0.54,0.58,72.07717717,824.54
27/12/2016,103.0199966,2.57,11.98999977,242.637,0.54,0.58,71.39808249,823.36
28/12/2016,103.2600021,2.51,12.94999981,242.637,0.54,0.56,71.26595136,823.36
29/12/2016,102.6800003,2.49,13.36999989,242.637,0.54,0.55,71.5461249,823.36
30/12/2016,102.3899994,2.45,14.03999996,242.637,0.54,0.5,72.16365521,822.17
2/1/2017,102.3899994,2.45,14.03999996,242.637,0.65,0.5,72.16365521,822.17
3/1/2017,103.2099991,2.45,12.85000038,242.637,0.65,0.47,70.94643926,813.87
5/1/2017,101.5199966,2.37,11.67000008,242.637,0.65,0.47,70.53760895,813.87
6/1/2017,102.2200012,2.42,11.31999969,242.637,0.65,0.42,71.13482738,813.59
8/1/2017,102.2200012,2.42,11.31999969,242.637,0.65,0.46,71.1709008,813.59
9/1/2017,101.9300003,2.38,11.56000042,242.637,0.65,0.43,71.16657004,805
11/1/2017,101.7799988,2.38,11.26000023,242.637,0.65,0.43,70.47550953,805
12/1/2017,101.3499985,2.36,11.53999996,242.637,0.65,0.39,71.23874803,805
13/01/2017,101.1800003,2.4,11.22999954,243.618,0.65,0.38,71.44815109,805
16/01/2017,101.1800003,2.4,11.22999954,243.618,0.65,0.41,71.48924031,807.96
17/01/2017,100.3300018,2.33,11.86999989,243.618,0.65,0.41,71.48924031,807.96
18/01/2017,100.9300003,2.42,12.47999954,243.618,0.65,0.36,70.86890719,807.96
19/01/2017,101.1500015,2.47,12.77999973,243.618,0.65,0.42,70.28140446,807.96
20/01/2017,100.7399979,2.48,11.53999996,243.618,0.65,0.43,70.77857555,807.96
23/01/2017,100.1600037,2.41,11.77000046,243.618,0.65,0.44,70.85368402,809.15
24/01/2017,100.3499985,2.47,11.06999969,243.618,0.65,0.39,70.84548263,807.07
25/01/2017,100.0299988,2.53,10.81000042,243.618,0.65,0.41,70.57554592,804.11
26/01/2017,100.3799973,2.51,10.63000011,243.618,0.65,0.45,70.66218317,799.07
27/01/2017,100.5299988,2.49,10.57999992,243.618,0.65,0.43,70.74462105,799.07
30/01/2017,100.4300003,2.49,11.88000011,243.618,0.65,0.41,69.47952919,799.07
31/01/2017,99.51000214,2.45,11.98999977,243.618,0.65,0.42,69.68811875,799.07
1/2/2017,99.63999939,2.48,11.81000042,243.618,0.65,0.4,69.01553424,799.07
2/2/2017,99.84999847,2.48,11.93000031,243.618,0.66,0.43,69.20780541,809.74
3/2/2017,99.87000275,2.49,10.97000027,243.618,0.66,0.43,69.91724637,811.22
5/2/2017,99.87000275,2.49,10.97000027,243.618,0.66,0.44,69.81608101,814.5
6/2/2017,99.91000366,2.42,11.36999989,243.618,0.66,0.4,69.62132862,818.65
8/2/2017,100.2799988,2.34,11.44999981,243.618,0.66,0.4,69.59905064,826.95
10/2/2017,100.8000031,2.41,10.85000038,243.618,0.66,0.38,69.98812057,832.58
11/2/2017,100.8000031,2.41,10.85000038,243.618,0.66,0.41,69.70090426,832.58
13/02/2017,100.9599991,2.43,11.06999969,244.006,0.66,0.4,68.9146929,836.72
14/02/2017,101.25,2.47,10.73999977,244.006,0.66,0.43,68.77106075,840.87
15/02/2017,101.1800003,2.51,11.97000027,244.006,0.66,0.46,68.48142582,840.87
16/02/2017,100.4400024,2.45,11.76000023,244.006,0.66,0.45,68.62984993,843.54
17/02/2017,100.9499969,2.42,11.48999977,244.006,0.66,0.43,68.64861977,843.54
20/02/2017,100.9499969,2.42,11.48999977,244.006,0.66,0.41,68.68305885,841.17
21/02/2017,101.3700027,2.43,11.56999969,244.006,0.66,0.41,68.68305885,841.17
22/02/2017,101.3300018,2.42,11.73999977,244.006,0.66,0.4,68.78821655,841.17
23/02/2017,101.0500031,2.38,11.71000004,244.006,0.66,0.38,68.66570275,841.17
24/02/2017,101.0899963,2.31,11.47000027,244.006,0.66,0.35,69.0222432,841.17
27/02/2017,101.1299973,2.36,12.09000015,244.006,0.66,0.31,68.55195458,841.17
28/02/2017,101.1200027,2.36,12.92000008,244.006,0.66,0.35,68.50822808,841.17
1/3/2017,101.7799988,2.46,12.53999996,244.006,0.66,0.34,68.00216995,841.17
2/3/2017,102.1999969,2.49,11.81000042,244.006,0.79,0.43,67.71674731,843.54
3/3/2017,101.5400009,2.49,10.96000004,244.006,0.79,0.48,69.57921659,845.32
4/3/2017,101.5400009,2.49,10.96000004,244.006,0.79,0.45,69.24902329,840.58
5/3/2017,101.5400009,2.49,10.96000004,244.006,0.79,0.48,69.08321431,836.77
7/3/2017,101.8099976,2.52,11.44999981,244.006,0.79,0.49,69.46603792,836.77
8/3/2017,102.0699997,2.57,11.85999966,244.006,0.79,0.56,70.02955335,836.77
10/3/2017,101.25,2.58,11.65999985,244.006,0.79,0.6,70.75854895,834.1
11/3/2017,101.25,2.58,11.65999985,244.006,0.79,0.57,71.11887653,825.22
13/03/2017,101.3799973,2.62,11.35000038,243.892,0.79,0.61,71.00088942,832.03
14/03/2017,101.6999969,2.6,12.30000019,243.892,0.79,0.61,71.1688767,834.99
15/03/2017,100.7399979,2.51,11.63000011,243.892,0.79,0.5,71.06228925,839.43
16/03/2017,100.2699966,2.53,11.21000004,243.892,0.79,0.51,70.91235162,837.06
17/03/2017,100.3000031,2.5,11.27999973,243.892,0.79,0.49,70.76356921,834.1
20/03/2017,100.4100037,2.47,11.34000015,243.892,0.79,0.47,70.88432938,830.25
21/03/2017,99.80999756,2.43,12.47000027,243.892,0.79,0.45,71.0028507,834.4
22/03/2017,99.68000031,2.4,12.81000042,243.892,0.79,0.43,71.20547412,834.4
23/03/2017,99.76000214,2.41,13.11999989,243.892,0.79,0.46,70.99584604,834.4
24/03/2017,99.62999725,2.4,12.96000004,243.892,0.79,0.42,70.44018056,832.62
27/03/2017,99.16999817,2.38,12.5,243.892,0.79,0.41,69.43584235,835.28
28/03/2017,99.70999908,2.42,11.52999973,243.892,0.79,0.45,68.87791619,833.51
29/03/2017,100,2.39,11.42000008,243.892,0.79,0.41,68.76234257,833.51
30/03/2017,100.4100037,2.42,11.53999996,243.892,0.79,0.46,68.46302098,832.32
31/03/2017,100.3499985,2.4,12.36999989,243.892,0.79,0.43,68.40142622,832.32
1/4/2017,100.3499985,2.4,12.36999989,243.892,0.9,0.39,68.75927931,836.77
4/4/2017,100.5400009,2.36,11.78999996,243.892,0.9,0.4,68.57174062,836.77
5/4/2017,100.5599976,2.34,12.89000034,243.892,0.9,0.37,68.55664424,836.77
7/4/2017,101.1800003,2.38,12.86999989,243.892,0.9,0.39,68.60356777,836.77
8/4/2017,101.1800003,2.38,12.86999989,243.892,0.9,0.44,69.18367937,836.49
9/4/2017,101.1800003,2.38,12.86999989,243.892,0.9,0.44,69.91729287,838.26
10/4/2017,101.0199966,2.37,14.05000019,243.892,0.9,0.41,69.71973702,842.41
12/4/2017,100.7799988,2.28,15.77000046,243.892,0.9,0.38,69.76859214,842.41
13/04/2017,100.5599976,2.24,15.96000004,244.193,0.9,0.32,69.54946196,848.92
14/04/2017,100.5599976,2.24,15.96000004,244.193,0.9,0.32,69.54946196,848.92
17/04/2017,100.3000031,2.26,14.65999985,244.193,0.9,0.38,69.72368044,848.92
18/04/2017,99.5,2.18,14.42000008,244.193,0.9,0.33,70.77420361,848.92
19/04/2017,99.73999786,2.21,14.93000031,244.193,0.9,0.36,70.65505332,860.76
20/04/2017,99.77999878,2.24,14.14999962,244.193,0.9,0.39,71.24833165,854.25
21/04/2017,99.98000336,2.24,14.63000011,244.193,0.9,0.4,72.20415199,858.69
24/04/2017,99.08999634,2.28,10.84000015,244.193,0.9,0.41,71.48140292,860.17
25/04/2017,98.81999969,2.35,10.76000023,244.193,0.9,0.44,71.98680511,854.25
26/04/2017,98.95999908,2.32,10.85000038,244.193,0.9,0.42,72.7309358,854.25
27/04/2017,99.08000183,2.3,10.35999966,244.193,0.9,0.39,73.19432354,853.36
28/04/2017,99.05000305,2.29,10.81999969,244.193,0.9,0.37,73.64900103,853.36
1/5/2017,99.13999939,2.33,10.10999966,244.193,0.91,0.41,74.69010712,853.36
4/5/2017,98.76000214,2.36,10.46000004,244.193,0.91,0.41,74.8464454,853.36
5/5/2017,98.65000153,2.36,10.56999969,244.193,0.91,0.46,75.59896047,853.36
6/5/2017,98.65000153,2.36,10.56999969,244.193,0.91,0.5,75.50480418,853.08
7/5/2017,98.65000153,2.36,10.56999969,244.193,0.91,0.5,75.53500076,853.08
9/5/2017,99.58999634,2.42,9.960000038,244.193,0.91,0.53,75.64047743,851.89
10/5/2017,99.66999817,2.41,10.21000004,244.193,0.91,0.56,75.85582789,851.89
12/5/2017,99.25,2.33,10.39999962,244.193,0.91,0.56,75.3699535,851.89
15/05/2017,98.91000366,2.34,10.42000008,244.004,0.91,0.51,75.43339989,851.89
16/05/2017,98.11000061,2.33,10.64999962,244.004,0.91,0.49,75.01528819,851.89
17/05/2017,97.41999817,2.22,15.59000015,244.004,0.91,0.52,74.18633624,851.89
18/05/2017,97.87999725,2.23,14.65999985,244.004,0.91,0.51,73.98310317,851.89
19/05/2017,97.15000153,2.23,12.03999996,244.004,0.91,0.44,74.62022629,851.89
22/05/2017,96.98000336,2.25,10.93000031,244.004,0.91,0.43,75.30834061,850.71
23/05/2017,97.34999847,2.29,10.72000027,244.004,0.91,0.41,74.78805679,850.71
24/05/2017,97.23999786,2.26,10.02000046,244.004,0.91,0.43,73.54021916,852.48
25/05/2017,97.25,2.25,9.989999771,244.004,0.91,0.46,73.41876297,847.45
26/05/2017,97.40000153,2.25,9.81000042,244.004,0.91,0.45,73.33841126,847.45
29/05/2017,97.40000153,2.25,9.81000042,244.004,0.91,0.45,73.21595252,847.45
30/05/2017,97.27999878,2.21,10.38000011,244.004,0.91,0.44,73.34374276,847.45
31/05/2017,96.91999817,2.21,10.40999985,244.004,0.91,0.44,73.34374276,847.45
1/6/2017,97.19999695,2.21,9.890000343,244.004,0.91,0.4,72.58453762,847.45
2/6/2017,96.72000122,2.15,9.75,244.004,0.91,0.4,73.23813898,847.45
3/6/2017,96.72000122,2.15,9.75,244.004,1.04,0.4,73.47909284,847.45
4/6/2017,96.72000122,2.15,9.75,244.004,1.04,0.36,73.01424398,851
6/6/2017,96.63999939,2.14,10.44999981,244.004,1.04,0.39,72.90704874,851
7/6/2017,96.75,2.18,10.39000034,244.004,1.04,0.37,73.22509595,855.16
9/6/2017,97.26999664,2.21,10.69999981,244.004,1.04,0.4,73.35531833,864.93
10/6/2017,97.26999664,2.21,10.69999981,244.004,1.04,0.41,73.41808512,867
11/6/2017,97.26999664,2.21,10.69999981,244.004,1.04,0.43,73.78002335,867
12/6/2017,97.13999939,2.21,11.46000004,244.004,1.04,0.46,74.8551501,867
13/06/2017,96.98000336,2.21,10.42000008,244.163,1.04,0.46,75.62432686,867
14/06/2017,96.94000244,2.15,10.64000034,244.163,1.04,0.44,74.40229279,854.87
15/06/2017,97.43000031,2.16,10.89999962,244.163,1.04,0.49,75.02246434,853.68
16/06/2017,97.16000366,2.16,10.38000011,244.163,1.04,0.49,75.37869825,853.68
19/06/2017,97.52999878,2.19,10.36999989,244.163,1.04,0.52,75.48382977,853.68
20/06/2017,97.75,2.16,10.85999966,244.163,1.04,0.5,75.67995766,853.68
21/06/2017,97.55999756,2.16,10.75,244.163,1.04,0.5,76.02568384,853.98
22/06/2017,97.54000092,2.15,10.47999954,244.163,1.04,0.46,75.6579741,853.98
23/06/2017,97.30000305,2.15,10.02000046,244.163,1.04,0.45,75.54726555,851.02
26/06/2017,97.43000031,2.14,9.899999619,244.163,1.04,0.43,75.25966721,853.68
27/06/2017,96.47000122,2.21,11.06000042,244.163,1.04,0.5,75.1930507,853.68
28/06/2017,96.05000305,2.22,10.02999973,244.163,1.04,0.49,74.66347524,853.68
29/06/2017,95.62999725,2.27,11.43999958,244.163,1.04,0.55,75.01506801,853.68
30/06/2017,95.66000366,2.31,11.18000031,244.163,1.04,0.58,74.88531457,852.5
2/7/2017,95.66000366,2.31,11.18000031,244.163,1.15,0.6,75.94312992,846.29
3/7/2017,96.19999695,2.35,11.22000027,244.163,1.15,0.6,75.94312992,846.29
4/7/2017,96.19999695,2.35,11.22000027,244.163,1.15,0.58,77.03572932,840.67
6/7/2017,95.81999969,2.37,12.53999996,244.163,1.15,0.61,76.73761208,840.67
7/7/2017,96.01000214,2.39,11.18999958,244.163,1.15,0.66,78.62858323,835.35
8/7/2017,96.01000214,2.39,11.18999958,244.163,1.15,0.66,77.81344301,832.39
9/7/2017,96.01000214,2.39,11.18999958,244.163,1.15,0.62,77.31413712,832.39
11/7/2017,95.73999786,2.37,10.89000034,244.163,1.15,0.57,76.90510733,832.39
12/7/2017,95.79000092,2.33,10.30000019,244.163,1.15,0.58,77.75860078,828.84
13/07/2017,95.73000336,2.35,9.899999619,244.243,1.15,0.57,77.22236144,828.84
14/07/2017,95.11000061,2.33,9.510000229,244.243,1.15,0.54,76.80997554,827.07
17/07/2017,95.12999725,2.31,9.819999695,244.243,1.15,0.51,76.50721035,821.45
18/07/2017,94.66000366,2.27,9.890000343,244.243,1.15,0.51,76.37683793,816.12
19/07/2017,94.80000305,2.27,9.789999962,244.243,1.15,0.5,76.3727876,816.12
20/07/2017,94.26999664,2.27,9.579999924,244.243,1.15,0.48,76.43510423,813.76
21/07/2017,93.94000244,2.24,9.359999657,244.243,1.15,0.48,76.46664042,809.62
24/07/2017,93.98000336,2.26,9.430000305,244.243,1.15,0.52,75.87439964,800.45
25/07/2017,94.05000305,2.33,9.430000305,244.243,1.15,0.49,76.0889388,795.42
26/07/2017,93.66999817,2.29,9.600000381,244.243,1.15,0.49,76.20545869,791.88
27/07/2017,93.86000061,2.32,10.10999966,244.243,1.15,0.47,76.11618207,791.88
28/07/2017,93.26000214,2.3,10.28999996,244.243,1.15,0.48,75.61790899,791.88
31/07/2017,92.86000061,2.3,10.26000023,244.243,1.16,0.47,76.0760358,791.88
2/8/2017,92.83000183,2.27,10.27999973,244.243,1.16,0.48,76.16937237,791.88
3/8/2017,92.80999756,2.24,10.43999958,244.243,1.16,0.46,76.40111241,791.88
5/8/2017,93.54000092,2.27,10.02999973,244.243,1.16,0.47,77.56750335,787.14
6/8/2017,93.54000092,2.27,10.02999973,244.243,1.16,0.46,77.56611177,786.87
8/8/2017,93.63999939,2.29,10.96000004,244.243,1.16,0.46,76.79706464,786.87
9/8/2017,93.51999664,2.24,11.10999966,244.243,1.16,0.42,75.62076914,786.87
11/8/2017,93.06999969,2.19,15.51000023,244.243,1.16,0.4,75.35219559,786.87
12/8/2017,93.06999969,2.19,15.51000023,244.243,1.16,0.4,75.56480978,786.87
14/08/2017,93.45999908,2.22,12.32999992,245.183,1.16,0.45,75.13016558,791.01
15/08/2017,93.84999847,2.27,12.03999996,245.183,1.16,0.49,76.31515341,791.01
16/08/2017,93.48999786,2.23,11.73999977,245.183,1.16,0.45,75.48028836,795.44
17/08/2017,93.62000275,2.19,15.55000019,245.183,1.16,0.42,75.53728553,795.44
18/08/2017,93.43000031,2.19,14.26000023,245.183,1.16,0.43,75.71849151,799.29
21/08/2017,93.09999847,2.18,13.18999958,245.183,1.16,0.43,75.95174964,799.29
22/08/2017,93.55000305,2.22,11.35000038,245.183,1.16,0.45,75.76347033,799.29
23/08/2017,93.15000153,2.17,12.25,245.183,1.16,0.42,75.67520289,799.29
24/08/2017,93.27999878,2.19,12.22999954,245.183,1.16,0.44,75.89075186,799.29
25/08/2017,92.73999786,2.17,11.27999973,245.183,1.16,0.42,75.85984223,805.2
28/08/2017,92.20999908,2.16,11.31999969,245.183,1.16,0.41,75.13624976,814.36
29/08/2017,92.34999847,2.13,11.69999981,245.183,1.16,0.39,75.37021633,816.43
30/08/2017,92.87999725,2.15,11.22000027,245.183,1.16,0.39,75.16088405,816.43
31/08/2017,92.66999817,2.12,10.59000015,245.183,1.16,0.36,75.29748202,816.43
1/9/2017,92.80999756,2.16,10.13000011,245.183,1.15,0.37,74.75026865,831.21
2/9/2017,92.80999756,2.16,10.13000011,245.183,1.15,0.37,74.75026865,831.21
3/9/2017,92.80999756,2.16,10.13000011,245.183,1.15,0.3,75.04623159,840.08
5/9/2017,92.30999756,2.07,12.22999954,245.183,1.15,0.32,74.87090399,837.12
6/9/2017,92.29000092,2.1,11.63000011,245.183,1.15,0.26,74.66140762,836.87
8/9/2017,91.33000183,2.06,12.11999989,245.183,1.15,0.25,74.66577734,834.5
10/9/2017,91.33000183,2.06,12.11999989,245.183,1.15,0.31,74.74588978,835.68
11/9/2017,91.86000061,2.14,10.72999954,245.183,1.15,0.33,74.62770409,838.64
13/09/2017,92.51999664,2.2,10.5,246.435,1.15,0.35,74.46545533,838.64
14/09/2017,92.12000275,2.2,10.43999958,246.435,1.15,0.35,74.850263,838.64
15/09/2017,91.87000275,2.2,10.17000008,246.435,1.15,0.35,74.97586848,838.64
18/09/2017,92.05000305,2.23,10.14999962,246.435,1.15,0.36,76.52159301,843.96
19/09/2017,91.79000092,2.24,10.18000031,246.435,1.15,0.37,75.96394152,846.03
20/09/2017,92.51000214,2.28,9.779999733,246.435,1.15,0.43,76.05356453,846.03
21/09/2017,92.26000214,2.27,9.670000076,246.435,1.15,0.44,76.20003275,852.23
22/09/2017,92.16999817,2.26,9.590000153,246.435,1.15,0.42,76.51304846,856.08
25/09/2017,92.65000153,2.22,10.21000004,246.435,1.15,0.38,76.60472757,856.08
26/09/2017,92.97000122,2.24,10.17000008,246.435,1.15,0.4,77.18399988,862.58
27/09/2017,93.36000061,2.31,9.869999886,246.435,1.15,0.44,76.63005054,864.65
28/09/2017,93.08999634,2.31,9.550000191,246.435,1.15,0.44,76.64102695,864.65
29/09/2017,93.08000183,2.33,9.510000229,246.435,1.15,0.49,77.16625356,864.65
1/10/2017,93.08000183,2.33,9.510000229,246.435,1.15,0.51,76.73801757,859.33
2/10/2017,93.55999756,2.34,9.449999809,246.435,1.15,0.49,76.68415946,854.3
3/10/2017,93.56999969,2.33,9.510000229,246.435,1.15,0.48,76.90031832,854.3
4/10/2017,93.45999908,2.33,9.630000114,246.435,1.15,0.49,76.58303994,851.06
5/10/2017,93.95999908,2.35,9.18999958,246.435,1.15,0.5,75.98900636,854.02
7/10/2017,93.80000305,2.37,9.649999619,246.435,1.15,0.5,75.774416,858.45
8/10/2017,93.80000305,2.37,9.649999619,246.435,1.15,0.47,75.23170644,858.45
10/10/2017,93.29000092,2.35,10.07999992,246.435,1.15,0.46,75.27662876,858.45
11/10/2017,92.95999908,2.35,9.850000381,246.435,1.15,0.44,75.14380429,858.45
13/10/2017,93.08999634,2.28,9.609999657,246.626,1.15,0.43,74.99279944,853.13
16/10/2017,93.27999878,2.3,9.909999847,246.626,1.15,0.46,75.07363467,853.13
17/10/2017,93.48999786,2.3,10.31000042,246.626,1.15,0.48,75.52834738,853.13
18/10/2017,93.36000061,2.34,10.06999969,246.626,1.15,0.5,75.54151948,853.13
19/10/2017,93.26999664,2.33,10.05000019,246.626,1.15,0.49,74.8154182,853.13
20/10/2017,93.69999695,2.39,9.970000267,246.626,1.15,0.52,75.04406489,853.13
23/10/2017,93.94000244,2.38,11.06999969,246.626,1.15,0.52,75.05286293,853.13
24/10/2017,93.95999908,2.42,11.15999985,246.626,1.15,0.55,75.41255285,853.13
25/10/2017,93.70999908,2.44,11.22999954,246.626,1.15,0.56,75.61062498,853.13
26/10/2017,94.61000061,2.46,11.30000019,246.626,1.15,0.57,75.5368679,851.95
27/10/2017,94.91999817,2.42,9.800000191,246.626,1.15,0.54,75.94898967,850.77
30/10/2017,94.48999786,2.37,10.5,246.626,1.15,0.5,75.83025664,850.77
31/10/2017,94.55000305,2.38,10.18000031,246.626,1.15,0.5,76.11895255,850.77
1/11/2017,94.81999969,2.37,10.19999981,246.626,1.16,0.49,74.36959945,849.59
4/11/2017,94.94000244,2.34,9.140000343,246.626,1.16,0.48,74.58172661,846.04
5/11/2017,94.94000244,2.34,9.140000343,246.626,1.16,0.48,75.41383547,845.75
7/11/2017,94.91000366,2.32,9.890000343,246.626,1.16,0.46,74.40535313,845.45
8/11/2017,94.87000275,2.32,9.779999733,246.626,1.16,0.44,75.34456666,844.27
9/11/2017,94.44000244,2.33,10.5,246.626,1.16,0.45,74.92107495,843.09
10/11/2017,94.38999939,2.4,11.28999996,246.626,1.16,0.46,75.8779387,843.09
12/11/2017,94.38999939,2.4,11.28999996,246.626,1.16,0.52,75.54025379,843.09
13/11/2017,94.48999786,2.4,11.5,247.284,1.16,0.52,75.03377754,843.39
14/11/2017,93.83000183,2.38,11.59000015,247.284,1.16,0.51,75.15247458,843.39
15/11/2017,93.80999756,2.33,13.13000011,247.284,1.16,0.48,75.30973112,843.39
16/11/2017,93.93000031,2.37,11.76000023,247.284,1.16,0.53,74.89446779,843.39
17/11/2017,93.66000366,2.35,11.43000031,247.284,1.16,0.49,74.65146121,843.39
20/11/2017,94.08000183,2.37,10.64999962,247.284,1.16,0.52,75.74731093,843.39
21/11/2017,93.94999695,2.36,9.729999542,247.284,1.16,0.52,75.58558148,843.39
22/11/2017,93.22000122,2.32,9.880000114,247.284,1.16,0.48,75.52774623,843.39
23/11/2017,93.22000122,2.32,9.880000114,247.284,1.16,0.48,75.52774623,843.39
24/11/2017,92.76000214,2.34,9.670000076,247.284,1.16,0.5,75.77291579,843.39
27/11/2017,92.90000153,2.32,9.869999886,247.284,1.16,0.49,76.06561171,842.21
28/11/2017,93.26000214,2.34,10.02999973,247.284,1.16,0.5,77.01504299,839.55
29/11/2017,93.26000214,2.37,10.69999981,247.284,1.16,0.53,77.90605326,839.55
30/11/2017,93.01000214,2.42,11.27999973,247.284,1.16,0.56,77.71944534,839.55
1/12/2017,92.90000153,2.37,11.43000031,247.284,1.3,0.51,78.46842851,848.11
4/12/2017,93.19000244,2.37,11.68000031,247.284,1.3,0.5,78.25472966,846.93
5/12/2017,93.37999725,2.36,11.32999992,247.284,1.3,0.5,78.98328488,845.47
6/12/2017,93.61000061,2.33,11.02000046,247.284,1.3,0.47,79.58155069,845.47
7/12/2017,93.80000305,2.37,10.15999985,247.284,1.3,0.5,79.52911465,842.81
9/12/2017,93.90000153,2.38,9.579999924,247.284,1.3,0.5,79.13065241,842.81
10/12/2017,93.90000153,2.38,9.579999924,247.284,1.3,0.51,79.23169949,842.81
12/12/2017,94.09999847,2.4,9.920000076,247.284,1.3,0.51,79.48273762,842.81
13/12/2017,93.43000031,2.36,10.18000031,247.805,1.3,0.48,78.90268583,844.29
14/12/2017,93.48999786,2.35,10.48999977,247.805,1.3,0.48,79.10410212,844.29
15/12/2017,93.93000031,2.35,9.420000076,247.805,1.3,0.47,78.50169442,837.2
18/12/2017,93.69999695,2.39,9.529999733,247.805,1.3,0.5,78.30024103,837.2
19/12/2017,93.47000122,2.46,10.02999973,247.805,1.3,0.55,78.47005803,836.02
20/12/2017,93.34999847,2.49,9.720000267,247.805,1.3,0.57,78.21225581,836.02
21/12/2017,93.27999878,2.48,9.619999886,247.805,1.3,0.55,78.46087267,836.02
22/12/2017,93.34999847,2.48,9.899999619,247.805,1.3,0.54,77.97273321,837.5
25/12/2017,93.34999847,2.48,9.899999619,247.805,1.3,0.54,77.97273321,837.5
26/12/2017,93.26000214,2.47,10.25,247.805,1.3,0.53,77.73002058,837.5
27/12/2017,93.02999878,2.42,10.47000027,247.805,1.3,0.48,77.44148506,837.5
28/12/2017,92.59999847,2.43,10.18000031,247.805,1.3,0.47,76.88331269,837.5
29/12/2017,92.12000275,2.4,11.03999996,247.805,1.3,0.44,76.5709314,837.5
1/1/2018,92.12000275,2.4,11.03999996,247.805,1.41,0.44,76.5709314,837.5
2/1/2018,91.84999847,2.46,9.770000458,247.805,1.41,0.46,76.73032702,836.32
3/1/2018,92.16000366,2.44,9.149999619,247.805,1.41,0.46,76.590049,836.32
5/1/2018,91.94999695,2.47,9.220000267,247.805,1.41,0.45,76.75839709,836.04
6/1/2018,91.94999695,2.47,9.220000267,247.805,1.41,0.46,76.73932314,834.86
8/1/2018,92.33000183,2.49,9.520000458,247.805,1.41,0.47,77.27379508,834.86
10/1/2018,92.33000183,2.55,9.819999695,247.805,1.41,0.52,77.45039486,831.91
11/1/2018,91.84999847,2.54,9.880000114,247.805,1.41,0.52,77.66315365,828.96
15/01/2018,90.97000122,2.55,10.15999985,248.859,1.41,0.54,78.16976713,828.96
16/01/2018,90.38999939,2.54,11.65999985,248.859,1.41,0.54,78.11822634,828.96
17/01/2018,90.54000092,2.57,11.90999985,248.859,1.41,0.54,78.11822634,828.96
18/01/2018,90.5,2.62,12.22000027,248.859,1.41,0.51,77.9932277,828.96
19/01/2018,90.56999969,2.64,11.27000046,248.859,1.41,0.53,78.22274398,828.96
22/01/2018,90.40000153,2.66,11.02999973,248.859,1.41,0.57,78.49405242,840.76
23/01/2018,90.12000275,2.63,11.10000038,248.859,1.41,0.58,78.46244445,846.67
24/01/2018,89.20999908,2.65,11.47000027,248.859,1.41,0.6,78.60729098,846.67
25/01/2018,89.38999939,2.63,11.57999992,248.859,1.41,0.57,79.24651364,849.32
26/01/2018,89.06999969,2.66,11.07999992,248.859,1.41,0.58,77.81349118,849.32
29/01/2018,89.30999756,2.7,13.84000015,248.859,1.41,0.56,77.6252053,849.32
30/01/2018,89.19000244,2.73,14.78999996,248.859,1.41,0.57,77.75859958,848.14
31/01/2018,89.12999725,2.72,13.53999996,248.859,1.41,0.61,77.75859958,846.67
1/2/2018,88.66999817,2.78,13.47000027,248.859,1.41,0.63,78.49291636,845.48
2/2/2018,89.19999695,2.84,17.30999947,248.859,1.41,0.61,77.8307349,841.35
3/2/2018,89.19999695,2.84,17.30999947,248.859,1.42,0.67,78.5313732,841.35
4/2/2018,89.19999695,2.84,17.30999947,248.859,1.42,0.7,79.97720698,841.35
5/2/2018,89.55000305,2.77,37.31999969,248.859,1.42,0.67,80.11298785,841.35
7/2/2018,90.26000214,2.84,27.72999954,248.859,1.42,0.69,80.13656929,829.26
8/2/2018,90.23000336,2.85,33.45999908,248.859,1.42,0.74,80.9329894,826.9
10/2/2018,90.44000244,2.83,29.05999947,248.859,1.42,0.76,80.72208477,826.31
11/2/2018,90.44000244,2.83,29.05999947,248.859,1.42,0.78,81.47803667,820.71
13/02/2018,89.69999695,2.83,24.96999931,249.529,1.42,0.79,80.02175032,820.71
14/02/2018,89.12000275,2.91,19.26000023,249.529,1.42,0.78,80.45677458,823.66
15/02/2018,88.58999634,2.9,19.12999916,249.529,1.42,0.82,80.40692941,823.66
16/02/2018,89.09999847,2.87,19.45999908,249.529,1.42,0.79,80.59247429,821.3
19/02/2018,89.09999847,2.87,19.45999908,249.529,1.42,0.78,81.0542064,824.54
20/02/2018,89.72000122,2.88,20.60000038,249.529,1.42,0.78,81.0542064,824.54
21/02/2018,90.08000183,2.94,20.02000046,249.529,1.42,0.78,80.90107218,827.79
22/02/2018,89.75,2.92,18.71999931,249.529,1.42,0.82,80.10118,827.79
23/02/2018,89.87999725,2.88,16.48999977,249.529,1.42,0.81,80.25815415,827.79
26/02/2018,89.81999969,2.86,15.80000019,249.529,1.42,0.76,80.61422461,829.26
27/02/2018,90.36000061,2.9,18.59000015,249.529,1.42,0.73,80.44371696,831.03
28/02/2018,90.61000061,2.87,19.85000038,249.529,1.42,0.77,80.4784012,831.03
1/3/2018,90.31999969,2.81,22.46999931,249.529,1.42,0.75,80.5868689,831.03
4/3/2018,89.94000244,2.86,19.59000015,249.529,1.51,0.71,80.42592365,833.98
5/3/2018,90.08000183,2.88,18.72999954,249.529,1.51,0.74,80.59418982,833.98
7/3/2018,89.63999939,2.89,17.76000023,249.529,1.51,0.75,80.67695119,833.98
8/3/2018,90.12000275,2.86,16.54000092,249.529,1.51,0.76,79.7846224,833.98
9/3/2018,90.08999634,2.9,14.64000034,249.529,1.51,0.76,80.71585346,833.73
10/3/2018,90.08999634,2.9,14.64000034,249.529,1.51,0.75,80.30542457,833.73
12/3/2018,89.90000153,2.87,15.77999973,249.529,1.51,0.78,79.92264367,833.73
13/03/2018,89.66000366,2.84,16.35000038,249.577,1.51,0.77,80.10442418,833.73
14/03/2018,89.69999695,2.81,17.22999954,249.577,1.51,0.75,80.07126174,833.73
15/03/2018,90.13999939,2.82,16.59000015,249.577,1.51,0.74,80.42752781,833.73
16/03/2018,90.23000336,2.85,15.80000019,249.577,1.51,0.74,80.52345118,838.15
19/03/2018,89.90000153,2.85,19.02000046,249.577,1.51,0.77,80.93445723,840.22
20/03/2018,90.37000275,2.89,18.20000076,249.577,1.51,0.77,81.00892752,850.84
21/03/2018,89.77999878,2.89,17.86000061,249.577,1.51,0.81,81.30852562,850.54
22/03/2018,89.86000061,2.83,23.34000015,249.577,1.51,0.8,80.74218517,850.54
23/03/2018,89.44000244,2.82,24.87000084,249.577,1.51,0.75,81.24694068,850.54
26/03/2018,89.02999878,2.85,21.03000069,249.577,1.51,0.75,81.62734379,850.54
27/03/2018,89.37000275,2.78,22.5,249.577,1.51,0.77,81.43338305,847.3
28/03/2018,90.05999756,2.77,22.87000084,249.577,1.51,0.71,81.34514056,846.12
29/03/2018,90.15000153,2.74,19.96999931,249.577,1.51,0.72,81.71551727,846.12
30/03/2018,90.15000153,2.74,19.96999931,249.577,1.51,0.69,81.53856153,846.12
1/4/2018,90.15000153,2.74,19.96999931,249.577,1.51,0.69,81.53856153,846.12
4/4/2018,90.13999939,2.79,20.05999947,249.577,1.69,0.68,80.71810371,852.31
5/4/2018,90.45999908,2.83,18.94000053,249.577,1.69,0.71,81.53178191,852.31
6/4/2018,90.11000061,2.77,21.48999977,249.577,1.69,0.71,82.41101111,852.03
7/4/2018,90.11000061,2.77,21.48999977,249.577,1.69,0.75,81.14583784,854.09
9/4/2018,89.83999634,2.78,21.77000046,249.577,1.69,0.7,81.55155307,859.99
10/4/2018,89.58999634,2.8,20.46999931,249.577,1.69,0.71,80.9927877,859.99
12/4/2018,89.75,2.83,18.48999977,249.577,1.69,0.72,81.00929622,859.99
13/04/2018,89.80000305,2.82,17.40999985,250.227,1.69,0.68,81.04313117,859.99
16/04/2018,89.43000031,2.83,16.55999947,250.227,1.69,0.7,81.39633642,865.89
17/04/2018,89.51999664,2.82,15.25,250.227,1.69,0.69,80.87563314,865.89
18/04/2018,89.62000275,2.87,15.60000038,250.227,1.69,0.71,80.87264116,865.89
19/04/2018,89.94000244,2.92,15.96000004,250.227,1.69,0.68,80.32435027,865.89
20/04/2018,90.31999969,2.96,16.87999916,250.227,1.69,0.71,78.41679999,865.89
23/04/2018,90.94000244,2.98,16.34000015,250.227,1.69,0.75,78.20230167,865.89
24/04/2018,90.76999664,3,18.02000046,250.227,1.69,0.79,77.95532753,865.89
25/04/2018,91.16999817,3.03,17.84000015,250.227,1.69,0.8,79.8081026,865.89
26/04/2018,91.55999756,3,16.23999977,250.227,1.69,0.83,79.78666042,871.2
27/04/2018,91.54000092,2.96,15.40999985,250.227,1.69,0.86,80.14072221,871.2
30/04/2018,91.83999634,2.95,15.93000031,250.227,1.69,0.82,79.83381728,871.2
1/5/2018,92.44999695,2.97,15.48999977,250.227,1.69,0.79,80.47665718,871.2
2/5/2018,92.51000214,2.97,15.97000027,250.227,1.69,0.78,80.68905891,871.2
3/5/2018,92.41000366,2.94,15.89999962,250.227,1.7,0.81,81.28936248,866.77
4/5/2018,92.56999969,2.95,14.77000046,250.227,1.7,0.8,79.95825587,866.77
6/5/2018,92.56999969,2.95,14.77000046,250.227,1.7,0.78,80.10634337,865.59
7/5/2018,92.75,2.95,14.75,250.227,1.7,0.79,79.87708105,864.13
9/5/2018,93.04000092,3,13.42000008,250.227,1.7,0.78,79.94881756,864.13
10/5/2018,92.65000153,2.97,13.22999954,250.227,1.7,0.81,80.05857706,864.13
11/5/2018,92.54000092,2.97,12.64999962,250.227,1.7,0.82,79.67553981,862.95
12/5/2018,92.54000092,2.97,12.64999962,250.227,1.7,0.8,79.18465376,862.95
14/05/2018,92.58999634,3,12.93000031,250.792,1.7,0.82,79.09570358,857.64
15/05/2018,93.22000122,3.08,14.63000011,250.792,1.7,0.85,79.45081619,856.17
16/05/2018,93.38999939,3.09,13.42000008,250.792,1.7,0.9,79.59120693,856.17
17/05/2018,93.47000122,3.11,13.43000031,250.792,1.7,0.92,79.16793773,856.17
18/05/2018,93.63999939,3.06,13.42000008,250.792,1.7,0.95,78.48656204,856.17
21/05/2018,93.68000031,3.06,13.07999992,250.792,1.7,0.91,78.73314332,855.28
22/05/2018,93.61000061,3.06,13.22000027,250.792,1.7,0.9,78.42207498,852.04
23/05/2018,94.01000214,3.01,12.57999992,250.792,1.7,0.91,78.24691038,852.04
24/05/2018,93.77999878,2.98,12.52999973,250.792,1.7,0.87,78.91419394,852.04
25/05/2018,94.19000244,2.93,13.22000027,250.792,1.7,0.86,78.43691285,852.04
28/05/2018,94.19000244,2.93,13.22000027,250.792,1.7,0.84,79.07893803,848.5
29/05/2018,94.83000183,2.77,17.02000046,250.792,1.7,0.84,79.07893803,848.5
30/05/2018,94.15000153,2.84,14.93999958,250.792,1.7,0.73,79.6504095,851.45
31/05/2018,93.98999786,2.83,15.43000031,250.792,1.7,0.78,78.97930656,851.45
2/6/2018,94.19000244,2.89,13.46000004,250.792,1.7,0.76,79.26472026,847.03
3/6/2018,94.19000244,2.89,13.46000004,250.792,1.82,0.8,79.00903162,836.42
4/6/2018,94.01999664,2.94,12.73999977,250.792,1.82,0.82,78.94865367,836.42
6/6/2018,93.66000366,2.97,11.64000034,250.792,1.82,0.79,78.67928332,836.13
7/6/2018,93.40000153,2.93,12.13000011,250.792,1.82,0.83,77.94135081,832.59
8/6/2018,93.55000305,2.93,12.18000031,250.792,1.82,0.8,77.46033003,832.59
9/6/2018,93.55000305,2.93,12.18000031,250.792,1.82,0.82,77.7584735,828.76
11/6/2018,93.58000183,2.96,12.35000038,250.792,1.82,0.83,76.83525416,828.76
12/6/2018,93.80000305,2.96,12.34000015,250.792,1.82,0.83,76.86509016,828.76
13/06/2018,93.70999908,2.98,12.93999958,251.018,1.82,0.86,76.49973999,828.76
14/06/2018,94.76999664,2.94,12.11999989,251.018,1.82,0.82,75.69952471,828.76
15/06/2018,94.79000092,2.93,11.97999954,251.018,1.82,0.81,77.47386346,828.76
18/06/2018,94.75,2.92,12.31000042,251.018,1.82,0.8,77.7601694,828.76
19/06/2018,95.08999634,2.89,13.35000038,251.018,1.82,0.77,78.24326903,828.76
20/06/2018,95.05999756,2.93,12.78999996,251.018,1.82,0.81,78.04039448,828.76
21/06/2018,94.87000275,2.9,14.64000034,251.018,1.82,0.79,77.71372318,824.63
22/06/2018,94.51999664,2.9,13.77000046,251.018,1.82,0.78,77.09715238,824.63
25/06/2018,94.27999878,2.87,17.32999992,251.018,1.82,0.77,77.60607872,820.21
26/06/2018,94.68000031,2.88,15.92000008,251.018,1.82,0.76,77.38637198,824.63
27/06/2018,95.29000092,2.83,17.90999985,251.018,1.82,0.72,77.62563068,821.69
28/06/2018,95.38999939,2.84,16.85000038,251.018,1.82,0.74,78.22707242,820.51
29/06/2018,94.62999725,2.85,16.09000015,251.018,1.82,0.74,77.70119484,819.04
2/7/2018,94.87000275,2.87,15.60000038,251.018,1.91,0.73,78.74746028,809.31
3/7/2018,94.58999634,2.83,16.13999939,251.018,1.91,0.71,78.46038126,803.42
5/7/2018,94.47000122,2.84,14.97000027,251.018,1.91,0.71,78.46038126,803.42
6/7/2018,94.04000092,2.82,13.36999989,251.018,1.91,0.71,78.54198491,803.42
8/7/2018,94.04000092,2.82,13.36999989,251.018,1.91,0.7,78.48695657,802.24
9/7/2018,94.08000183,2.86,12.68999958,251.018,1.91,0.73,78.37164487,800.77
11/7/2018,94.72000122,2.85,13.63000011,251.018,1.91,0.74,78.34781157,799.02
12/7/2018,94.80999756,2.85,12.57999992,251.018,1.91,0.74,78.99822153,799.02
13/07/2018,94.75,2.83,12.18000031,251.214,1.91,0.75,78.31173849,795.19
16/07/2018,94.51000214,2.85,12.82999992,251.214,1.91,0.72,78.75976557,795.19
17/07/2018,94.97000122,2.86,12.06000042,251.214,1.91,0.75,78.68446156,794.01
18/07/2018,95.08000183,2.88,12.10000038,251.214,1.91,0.77,78.84343165,794.01
19/07/2018,95.16999817,2.84,12.86999989,251.214,1.91,0.79,79.10082102,794.01
20/07/2018,94.45999908,2.89,12.85999966,251.214,1.91,0.75,79.68709337,798.13
23/07/2018,94.66999817,2.96,12.61999989,251.214,1.91,0.78,79.37379071,798.13
24/07/2018,94.61000061,2.95,12.40999985,251.214,1.91,0.85,79.64601754,802.55
25/07/2018,94.36000061,2.94,12.28999996,251.214,1.91,0.84,79.15022964,802.55
26/07/2018,94.75,2.98,12.14000034,251.214,1.91,0.81,79.27638093,800.2
27/07/2018,94.68000031,2.96,13.02999973,251.214,1.91,0.87,79.36909384,800.2
30/07/2018,94.36000061,2.98,14.26000023,251.214,1.91,0.84,79.2044562,800.2
31/07/2018,94.48999786,2.96,12.82999992,251.214,1.91,0.85,78.92084127,800.2
1/8/2018,94.62000275,3,13.14999962,251.214,1.91,0.84,78.94838395,800.2
2/8/2018,95.16999817,2.98,12.18999958,251.214,1.91,0.87,79.11524102,796.96
3/8/2018,95.13999939,2.95,11.64000034,251.214,1.91,0.86,78.97448876,796.96
5/8/2018,95.13999939,2.95,11.64000034,251.214,1.91,0.83,78.81344543,794.89
6/8/2018,95.36000061,2.94,11.27000046,251.214,1.91,0.83,79.03478878,788.71
8/8/2018,95.09999847,2.96,10.85000038,251.214,1.91,0.85,78.97107429,787.53
10/8/2018,96.36000061,2.87,13.15999985,251.214,1.91,0.85,78.86315971,786.08
11/8/2018,96.36000061,2.87,13.15999985,251.214,1.91,0.82,78.5978371,786.08
13/08/2018,96.38999939,2.88,14.77999973,251.663,1.91,0.78,79.33315812,786.08
14/08/2018,96.73000336,2.89,13.31000042,251.663,1.91,0.78,79.66963441,784.6
15/08/2018,96.69999695,2.86,14.64000034,251.663,1.91,0.8,79.40100035,776.65
16/08/2018,96.65000153,2.87,13.44999981,251.663,1.91,0.78,81.65176053,774.59
17/08/2018,96.09999847,2.87,12.64000034,251.663,1.91,0.79,80.02993721,773.41
20/08/2018,95.90000153,2.82,12.48999977,251.663,1.91,0.79,80.49397823,772.24
21/08/2018,95.26000214,2.85,12.85999966,251.663,1.91,0.75,80.9826046,772.24
22/08/2018,95.15000153,2.82,12.25,251.663,1.91,0.77,80.84875215,768.7
23/08/2018,95.62000275,2.82,12.40999985,251.663,1.91,0.74,81.18765366,768.7
24/08/2018,95.15000153,2.82,11.98999977,251.663,1.91,0.73,81.70991706,767.23
27/08/2018,94.77999878,2.85,12.15999985,251.663,1.91,0.73,81.62257431,764.58
28/08/2018,94.72000122,2.88,12.5,251.663,1.91,0.74,81.44705007,764.58
29/08/2018,94.59999847,2.89,12.25,251.663,1.91,0.77,81.7633919,759.87
30/08/2018,94.72000122,2.86,13.52999973,251.663,1.91,0.77,82.00572049,759.87
31/08/2018,95.13999939,2.86,12.85999966,251.663,1.91,0.76,82.73122412,757.81
1/9/2018,95.13999939,2.86,12.85999966,251.663,1.91,0.78,83.13478817,755.16
2/9/2018,95.13999939,2.86,12.85999966,251.663,1.95,0.78,83.13478817,755.16
3/9/2018,95.13999939,2.86,12.85999966,251.663,1.95,0.8,84.82326735,746.91
4/9/2018,95.41999817,2.9,13.15999985,251.663,1.95,0.81,84.63663563,746.91
5/9/2018,95.12999725,2.9,13.90999985,251.663,1.95,0.8,85.10835102,746.91
7/9/2018,95.37000275,2.94,14.88000011,251.663,1.95,0.84,84.8510658,745.44
8/9/2018,95.37000275,2.94,14.88000011,251.663,1.95,0.84,84.73612898,745.44
10/9/2018,95.15000153,2.94,14.15999985,251.663,1.95,0.86,85.06974242,745.18
11/9/2018,95.05999756,2.98,13.22000027,251.663,1.95,0.85,84.88584542,745.18
13/09/2018,94.54000092,2.97,12.36999989,252.182,1.95,0.87,84.98904262,742.53
14/09/2018,94.98000336,2.99,12.06999969,252.182,1.95,0.89,85.10183845,742.53
17/09/2018,94.51000214,2.99,13.68000031,252.182,1.95,0.89,84.9525544,742.53
18/09/2018,94.62000275,3.05,12.78999996,252.182,1.95,0.92,84.97586481,742.23
19/09/2018,94.55000305,3.08,11.75,252.182,1.95,0.93,84.72760168,742.23
20/09/2018,93.91000366,3.07,11.80000019,252.182,1.95,0.92,84.85402309,742.23
21/09/2018,94.22000122,3.07,11.68000031,252.182,1.95,0.92,83.8320798,742.23
24/09/2018,94.26000214,3.08,12.19999981,252.182,1.95,0.92,84.1554989,742.23
25/09/2018,94.12999725,3.1,12.42000008,252.182,1.95,0.94,83.34491038,742.23
26/09/2018,94.19000244,3.06,12.89000034,252.182,1.95,0.92,83.46731734,742.23
27/09/2018,95,3.06,12.40999985,252.182,1.95,0.91,83.25470256,742.23
28/09/2018,95.19000244,3.05,12.11999989,252.182,1.95,0.91,81.48122739,742.23
1/10/2018,95.30000305,3.09,12,252.182,2.19,0.95,82.31174464,740.17
4/10/2018,95.75,3.19,14.22000027,252.182,2.19,0.93,82.29979827,737.82
5/10/2018,95.62000275,3.23,14.81999969,252.182,2.19,0.99,82.13159947,731.64
7/10/2018,95.62000275,3.23,14.81999969,252.182,2.19,1.03,82.50861008,731.64
8/10/2018,95.76999664,3.23,15.68999958,252.182,2.19,1.07,82.44903089,730.17
9/10/2018,95.68000031,3.21,15.94999981,252.182,2.19,1.07,83.06333116,730.17
10/10/2018,95.51000214,3.22,22.95999908,252.182,2.19,1.04,82.8529494,730.17
12/10/2018,95.22000122,3.15,21.30999947,252.182,2.19,1.06,83.43037806,738.99
15/10/2018,95.06999969,3.16,21.29999924,252.772,2.19,1.02,84.17612747,738.99
16/10/2018,95.05000305,3.16,17.62000084,252.772,2.19,1.03,83.63773446,744.64
17/10/2018,95.58000183,3.19,17.39999962,252.772,2.19,1.03,83.67904018,748.76
18/10/2018,95.90000153,3.17,20.05999947,252.772,2.19,1.03,83.88927131,748.76
19/10/2018,95.70999908,3.2,19.88999939,252.772,2.19,1.06,83.86101635,748.76
22/10/2018,96.01000214,3.2,19.63999939,252.772,2.19,1.07,84.39413752,748.76
23/10/2018,95.95999908,3.17,20.70999908,252.772,2.19,1.09,84.04554558,745.82
24/10/2018,96.43000031,3.1,25.22999954,252.772,2.19,1.09,84.09309495,747.88
25/10/2018,96.68000031,3.14,24.21999931,252.772,2.19,1.08,83.74525058,747.88
26/10/2018,96.36000061,3.08,24.15999985,252.772,2.19,1.03,84.03258119,749.64
29/10/2018,96.58000183,3.08,24.70000076,252.772,2.19,1.09,84.38723042,749.64
30/10/2018,97.01000214,3.12,23.35000038,252.772,2.19,1.02,84.21591942,749.64
31/10/2018,97.12999725,3.15,21.22999954,252.772,2.19,1.02,85.17075971,754.94
1/11/2018,96.27999878,3.14,19.34000015,252.772,2.19,1.07,84.88509241,754.94
4/11/2018,96.54000092,3.22,19.51000023,252.772,2.19,1.1,85.19924387,754.06
5/11/2018,96.34999847,3.2,19.95999908,252.772,2.2,1.12,83.91608339,760.82
6/11/2018,96.31999969,3.22,19.90999985,252.772,2.2,1.16,83.69484211,759.06
7/11/2018,96,3.22,16.36000061,252.772,2.2,1.14,84.20980835,757.29
9/11/2018,96.91000366,3.19,17.36000061,252.772,2.2,1.15,84.64518144,756.7
10/11/2018,96.91000366,3.19,17.36000061,252.772,2.2,1.15,84.40253039,755.23
12/11/2018,97.54000092,3.19,20.45000076,252.772,2.2,1.17,85.00625967,755.23
13/11/2018,97.30000305,3.14,20.02000046,252.594,2.2,1.15,85.54208687,755.23
14/11/2018,96.80000305,3.12,21.25,252.594,2.2,1.15,85.96679911,762
15/11/2018,96.93000031,3.11,19.97999954,252.594,2.2,1.12,85.95183343,761.15
16/11/2018,96.47000122,3.08,18.13999939,252.594,2.2,1.12,85.94094615,761.15
19/11/2018,96.19000244,3.06,20.10000038,252.594,2.2,1.11,85.18648656,761.15
20/11/2018,96.80999756,3.06,22.47999954,252.594,2.2,1.06,85.02577418,759.68
21/11/2018,96.70999908,3.06,20.79999924,252.594,2.2,1.07,85.04971925,760.86
22/11/2018,96.70999908,3.06,20.79999924,252.594,2.2,1.09,85.56187423,760.86
23/11/2018,96.91999817,3.05,21.52000046,252.594,2.2,1.09,84.65470218,762.92
26/11/2018,97.06999969,3.07,18.89999962,252.594,2.2,1.09,84.65470218,762.92
27/11/2018,97.37000275,3.06,19.02000046,252.594,2.2,1.09,85.85894271,762.92
28/11/2018,96.79000092,3.06,18.48999977,252.594,2.2,1.11,86.03257313,761.74
29/11/2018,96.77999878,3.03,18.79000092,252.594,2.2,1.15,86.13283512,761.74
30/11/2018,97.26999664,3.01,18.06999969,252.594,2.2,1.12,85.39467147,761.74
1/12/2018,97.26999664,3.01,18.06999969,252.594,2.2,1.05,85.76332907,761.74
2/12/2018,97.26999664,3.01,18.06999969,252.594,2.2,1.04,86.57584526,761.74
3/12/2018,97.04000092,2.98,16.44000053,252.594,2.27,1.02,85.80071356,758.21
4/12/2018,96.97000122,2.91,20.73999977,252.594,2.27,0.97,85.46931915,758.21
6/12/2018,96.80999756,2.87,21.19000053,252.594,2.27,0.97,85.46931915,758.21
7/12/2018,96.51000214,2.85,23.22999954,252.594,2.27,0.97,86.03891216,758.21
9/12/2018,96.51000214,2.85,23.22999954,252.594,2.27,0.96,85.56135653,759.73
10/12/2018,97.22000122,2.85,22.63999939,252.594,2.27,0.99,85.90274748,760.32
11/12/2018,97.38999939,2.89,21.76000023,252.594,2.27,1.06,85.65418712,763.56
12/12/2018,97.04000092,2.91,21.45999908,252.594,2.27,1.08,84.50933733,763.56
13/12/2018,97.05999756,2.91,20.64999962,252.767,2.27,1.08,84.370965,763.56
14/12/2018,97.44000244,2.89,21.62999916,252.767,2.27,1.07,85.23393094,763.56
17/12/2018,97.09999847,2.86,24.52000046,252.767,2.27,1.05,85.21074046,763.56
18/12/2018,97.13999939,2.82,25.57999992,252.767,2.27,1.01,85.64963647,771.79
19/12/2018,97.04000092,2.77,25.57999992,252.767,2.27,0.97,85.16528392,771.79
20/12/2018,96.27999878,2.79,28.37999916,252.767,2.27,1.03,85.65037303,769.14
21/12/2018,96.95999908,2.79,30.11000061,252.767,2.27,1.02,85.9768246,772.67
24/12/2018,96.55000305,2.74,36.06999969,252.767,2.27,0.99,86.21862333,774.14
25/12/2018,96.55000305,2.74,36.06999969,252.767,2.27,0.99,86.21862333,774.14
26/12/2018,97.05000305,2.81,30.40999985,252.767,2.27,1.04,84.59077417,790.02
27/12/2018,96.48000336,2.77,29.95999908,252.767,2.27,1.03,84.08268383,787.67
28/12/2018,96.38999939,2.72,28.34000015,252.767,2.27,0.99,83.51167993,787.67
31/12/2018,96.16999817,2.69,25.42000008,252.767,2.27,0.98,82.82900804,787.67
1/1/2019,96.16999817,2.69,25.42000008,252.767,2.4,0.98,82.82900804,787.67
2/1/2019,96.81999969,2.66,23.21999931,252.767,2.4,0.96,82.4218257,795.31
3/1/2019,96.30999756,2.56,25.45000076,252.767,2.4,0.88,82.2488235,795.31
4/1/2019,96.19000244,2.67,21.37999916,252.767,2.4,0.91,81.72666302,798.25
5/1/2019,96.19000244,2.67,21.37999916,252.767,2.4,0.92,82.12394382,796.78
7/1/2019,95.70999908,2.7,21.39999962,252.767,2.4,0.91,82.1195391,796.53
8/1/2019,95.90000153,2.73,20.46999931,252.767,2.4,0.91,82.36760103,799.18
10/1/2019,95.54000092,2.74,19.5,252.767,2.4,0.93,82.55895906,797.71
11/1/2019,95.66999817,2.71,18.19000053,252.767,2.4,0.88,82.62823415,797.71
14/01/2019,95.58999634,2.71,19.06999969,252.561,2.4,0.9,82.5869664,797.71
15/01/2019,95.97000122,2.72,18.60000038,252.561,2.4,0.91,82.73510809,797.71
16/01/2019,96.05999756,2.73,19.04000092,252.561,2.4,0.91,82.98637656,797.71
17/01/2019,96.06999969,2.75,18.05999947,252.561,2.4,0.96,83.46802867,797.71
18/01/2019,96.33999634,2.79,17.79999924,252.561,2.4,0.96,83.58121691,809.76
21/01/2019,96.33999634,2.79,17.79999924,252.561,2.4,0.96,83.58121691,809.76
22/01/2019,96.30000305,2.74,20.79999924,252.561,2.4,0.95,84.04875908,809.76
23/01/2019,96.12000275,2.76,19.52000046,252.561,2.4,0.96,83.76966397,809.76
24/01/2019,96.59999847,2.72,18.88999939,252.561,2.4,0.95,83.94146099,809.76
25/01/2019,95.79000092,2.76,17.42000008,252.561,2.4,0.97,82.95927038,809.76
28/01/2019,95.75,2.75,18.87000084,252.561,2.4,0.97,82.90789069,815.64
29/01/2019,95.81999969,2.72,19.12999916,252.561,2.4,0.94,82.87089385,823.87
30/01/2019,95.33999634,2.7,17.65999985,252.561,2.4,0.86,82.48740648,823.87
31/01/2019,95.58000183,2.63,16.56999969,252.561,2.4,0.78,82.36799426,823.87
1/2/2019,95.58000183,2.7,16.13999939,252.561,2.4,0.82,82.92821253,817.4
4/2/2019,95.84999847,2.73,15.72999954,252.561,2.4,0.86,82.98920614,813.29
5/2/2019,96.09999847,2.71,15.56999969,252.561,2.4,0.84,83.22988945,811.82
7/2/2019,96.51000214,2.65,16.37000084,252.561,2.4,0.84,83.64205343,809.76
8/2/2019,96.63999939,2.63,15.72000027,252.561,2.4,0.81,83.53429081,803.29
9/2/2019,96.63999939,2.63,15.72000027,252.561,2.4,0.81,83.28789519,802.12
10/2/2019,96.63999939,2.63,15.72000027,252.561,2.4,0.83,83.47704122,802.12
12/2/2019,96.70999908,2.68,15.43000031,252.561,2.4,0.85,83.60153026,798.89
13/02/2019,97.12999725,2.71,15.64999962,253.319,2.4,0.85,83.89657468,796.85
14/02/2019,96.98000336,2.66,16.21999931,253.319,2.4,0.81,84.50322896,796.85
15/02/2019,96.91999817,2.66,14.90999985,253.319,2.4,0.8,83.83260265,793.03
18/02/2019,96.91999817,2.66,14.90999985,253.319,2.4,0.8,83.83260265,793.03
19/02/2019,96.51999664,2.65,14.88000011,253.319,2.4,0.78,84.0346155,792.45
20/02/2019,96.44999695,2.65,14.02000046,253.319,2.4,0.76,83.14043963,794.5
21/02/2019,96.61000061,2.69,14.46000004,253.319,2.4,0.78,83.81356275,789.51
22/02/2019,96.51000214,2.65,13.51000023,253.319,2.4,0.74,83.55544077,789.51
25/02/2019,96.41000366,2.67,14.85000038,253.319,2.4,0.75,83.78515263,788.33
26/02/2019,96,2.64,15.17000008,253.319,2.4,0.72,83.72401616,788.33
27/02/2019,96.15000153,2.69,14.69999981,253.319,2.4,0.76,84.07988495,788.33
28/02/2019,96.16000366,2.73,14.77999973,253.319,2.4,0.78,84.48964087,784.22
1/3/2019,96.52999878,2.76,13.56999969,253.319,2.41,0.8,85.46377826,772.46
4/3/2019,96.68000031,2.72,14.63000011,253.319,2.41,0.78,85.55637157,766.59
5/3/2019,96.84999847,2.72,14.73999977,253.319,2.41,0.79,85.35286025,766.59
6/3/2019,96.87000275,2.69,15.73999977,253.319,2.41,0.78,85.64287157,766.59
7/3/2019,97.66999817,2.64,16.59000015,253.319,2.41,0.74,85.81551107,766.59
9/3/2019,97.37000275,2.62,16.04999924,253.319,2.41,0.72,84.92666143,766.59
10/3/2019,97.37000275,2.62,16.04999924,253.319,2.41,0.73,84.80621748,769.53
12/3/2019,96.94000244,2.61,13.77000046,253.319,2.41,0.71,84.51558376,772.46
13/03/2019,96.55000305,2.61,13.40999985,254.277,2.41,0.69,85.00747916,772.46
14/03/2019,96.79000092,2.63,13.5,254.277,2.41,0.69,85.64995953,772.46
15/03/2019,96.59999847,2.59,12.88000011,254.277,2.41,0.65,85.34714657,771.04
18/03/2019,96.51999664,2.6,13.10000038,254.277,2.41,0.64,85.25998389,779.27
19/03/2019,96.37999725,2.61,13.56000042,254.277,2.41,0.66,85.28854523,778.09
20/03/2019,95.76000214,2.54,13.90999985,254.277,2.41,0.58,85.30665856,778.09
21/03/2019,96.5,2.54,13.63000011,254.277,2.41,0.58,84.96617211,778.09
22/03/2019,96.65000153,2.44,16.47999954,254.277,2.41,0.54,85.47409272,781.03
25/03/2019,96.56999969,2.43,16.32999992,254.277,2.41,0.55,85.2453748,781.03
26/03/2019,96.73999786,2.41,14.68000031,254.277,2.41,0.55,85.50517364,784.26
27/03/2019,96.76999664,2.39,15.14999962,254.277,2.41,0.55,85.95708359,784.26
28/03/2019,97.19999695,2.39,14.43000031,254.277,2.41,0.56,86.4419335,784.26
29/03/2019,97.27999878,2.41,13.71000004,254.277,2.41,0.53,85.85657131,784.26
1/4/2019,97.25,2.49,13.39999962,254.277,2.42,0.59,85.60228922,772.8
2/4/2019,97.36000061,2.48,13.35999966,254.277,2.42,0.58,85.8969257,768.1
3/4/2019,97.08999634,2.52,13.73999977,254.277,2.42,0.61,85.65641962,764.29
4/4/2019,97.30999756,2.51,13.57999992,254.277,2.42,0.61,85.69908707,762.55
6/4/2019,97.40000153,2.5,12.81999969,254.277,2.42,0.6,85.78076218,761.67
7/4/2019,97.40000153,2.5,12.81999969,254.277,2.42,0.61,85.4873754,760.49
9/4/2019,97.01000214,2.51,14.27999973,254.277,2.42,0.6,85.93749875,757.85
10/4/2019,96.94999695,2.48,13.30000019,254.277,2.42,0.54,86.11933144,757.85
11/4/2019,97.18000031,2.51,13.02000046,254.277,2.42,0.57,86.92660175,757.85
12/4/2019,96.97000122,2.56,12.01000023,254.277,2.42,0.61,86.5013384,757.85
15/04/2019,96.94000244,2.55,12.31999969,255.233,2.42,0.61,86.08509853,754.03
16/04/2019,97.04000092,2.6,12.18000031,255.233,2.42,0.64,85.46101626,752.27
17/04/2019,97.01000214,2.59,12.60000038,255.233,2.42,0.65,85.26238131,752.86
18/04/2019,97.47000122,2.57,12.09000015,255.233,2.42,0.62,85.15096747,751.68
19/04/2019,97.47000122,2.57,12.09000015,255.233,2.42,0.62,85.15096747,751.68
22/04/2019,97.27999878,2.59,12.42000008,255.233,2.42,0.64,85.14408095,751.68
23/04/2019,97.56999969,2.57,12.27999973,255.233,2.42,0.62,85.92026461,749.63
24/04/2019,98.09999847,2.53,13.14000034,255.233,2.42,0.57,85.61552022,747.87
25/04/2019,98.19999695,2.54,13.25,255.233,2.42,0.56,85.84886909,747.87
26/04/2019,98.01000214,2.51,12.72999954,255.233,2.42,0.54,85.64858264,746.69
29/04/2019,97.86000061,2.54,13.10999966,255.233,2.42,0.58,86.1358116,746.69
30/04/2019,97.48000336,2.51,13.11999989,255.233,2.42,0.56,86.09396521,746.69
2/5/2019,97.83000183,2.55,14.42000008,255.233,2.39,0.59,87.49743833,746.69
3/5/2019,97.51999664,2.54,12.86999989,255.233,2.39,0.66,87.3246186,745.52
4/5/2019,97.51999664,2.54,12.86999989,255.233,2.39,0.63,85.81203371,740.82
6/5/2019,97.51999664,2.51,15.43999958,255.233,2.39,0.6,86.26909342,739.64
7/5/2019,97.62999725,2.45,19.31999969,255.233,2.39,0.58,86.37281492,739.94
8/5/2019,97.62000275,2.49,19.39999962,255.233,2.39,0.62,86.49270148,739.94
9/5/2019,97.37000275,2.45,19.10000038,255.233,2.39,0.6,87.27136869,739.94
11/5/2019,97.33000183,2.47,16.04000092,255.233,2.39,0.59,87.30816011,733.23
12/5/2019,97.33000183,2.47,16.04000092,255.233,2.39,0.55,88.36402836,736.46
13/05/2019,97.31999969,2.4,20.54999924,255.296,2.39,0.56,87.76436849,736.46
14/05/2019,97.52999878,2.42,18.05999947,255.296,2.39,0.54,87.87283498,733.23
15/05/2019,97.56999969,2.37,16.44000053,255.296,2.39,0.56,88.74922245,733.23
16/05/2019,97.83999634,2.4,15.28999996,255.296,2.39,0.58,88.82771382,736.17
17/05/2019,98,2.39,15.96000004,255.296,2.39,0.6,88.56269973,736.17
20/05/2019,97.93000031,2.41,16.30999947,255.296,2.39,0.6,88.49926857,739.69
21/05/2019,98.05999756,2.43,14.94999981,255.296,2.39,0.6,88.35854133,738.81
22/05/2019,98.11000061,2.39,14.75,255.296,2.39,0.58,88.13885425,738.81
23/05/2019,97.84999847,2.31,16.92000008,255.296,2.39,0.56,88.36087876,738.81
24/05/2019,97.61000061,2.32,15.85000038,255.296,2.39,0.56,88.36087876,738.81
27/05/2019,97.61000061,2.32,15.85000038,255.296,2.39,0.53,89.38449602,737.34
28/05/2019,97.95999908,2.26,17.5,255.296,2.39,0.5,89.10381288,740.86
29/05/2019,98.13999939,2.25,17.89999962,255.296,2.39,0.48,89.01106308,740.86
30/05/2019,98.13999939,2.22,17.29999924,255.296,2.39,0.4,89.86924108,743.21
31/05/2019,97.75,2.14,18.70999908,255.296,2.38,0.34,89.96122866,759.65
2/6/2019,97.75,2.14,18.70999908,255.296,2.38,0.38,89.83165849,759.65
3/6/2019,97.13999939,2.07,18.86000061,255.296,2.38,0.37,90.0298275,757.59
5/6/2019,97.37000275,2.12,16.09000015,255.296,2.38,0.39,89.96502373,757.59
6/6/2019,97.02999878,2.12,15.93000031,255.296,2.38,0.35,89.44910713,756.42
8/6/2019,96.61000061,2.09,16.29999924,255.296,2.38,0.42,90.70181395,756.42
9/6/2019,96.61000061,2.09,16.29999924,255.296,2.38,0.43,90.19447809,756.18
11/6/2019,96.69000244,2.15,15.98999977,255.296,2.38,0.42,90.47004574,759.7
12/6/2019,97,2.13,15.90999985,255.296,2.38,0.42,90.05446339,759.7
13/06/2019,97.01000214,2.1,15.81999969,255.213,2.38,0.46,90.65755736,764.1
14/06/2019,97.56999969,2.09,15.27999973,255.213,2.38,0.48,90.36721611,764.1
17/06/2019,97.55999756,2.09,15.35000038,255.213,2.38,0.42,89.89319204,764.1
18/06/2019,97.63999939,2.06,15.14999962,255.213,2.38,0.36,89.9698898,764.1
19/06/2019,97.12000275,2.03,14.32999992,255.213,2.38,0.27,90.04460772,764.1
20/06/2019,96.62999725,2.01,14.75,255.213,2.38,0.34,91.41622293,799.03
21/06/2019,96.22000122,2.07,15.39999962,255.213,2.38,0.31,92.0288942,801.96
24/06/2019,95.98000336,2.02,15.26000023,255.213,2.38,0.33,92.53155389,799.61
25/06/2019,96.16000366,2,16.28000069,255.213,2.38,0.35,92.3640631,797.85
26/06/2019,96.20999908,2.05,16.20999908,255.213,2.38,0.33,92.62742726,795.8
27/06/2019,96.19000244,2.01,15.81999969,255.213,2.38,0.31,92.42115828,794.04
28/06/2019,96.12999725,2,15.07999992,255.213,2.4,0.34,91.72514104,800.2
1/7/2019,96.83999634,2.03,14.06000042,255.213,2.4,0.33,92.68839576,798.44
2/7/2019,96.73000336,1.98,12.93000031,255.213,2.4,0.31,92.95174172,798.44
3/7/2019,96.76999664,1.96,12.56999969,255.213,2.4,0.31,92.95174172,798.44
5/7/2019,97.25,2.04,13.27999973,255.213,2.4,0.35,93.62514616,796.97
6/7/2019,97.25,2.04,13.27999973,255.213,2.4,0.35,93.30750659,795.8
8/7/2019,97.37999725,2.05,13.96000004,255.213,2.4,0.36,92.74621814,794.08
10/7/2019,97.09999847,2.07,13.02999973,255.213,2.4,0.33,93.09433858,800.54
11/7/2019,97.05000305,2.13,12.93000031,255.213,2.4,0.36,93.20369102,800.54
15/07/2019,96.93000031,2.09,12.68000031,255.802,2.4,0.35,92.99518508,800.54
16/07/2019,97.40000153,2.13,12.85999966,255.802,2.4,0.32,92.30870032,800.54
17/07/2019,97.22000122,2.06,13.97000027,255.802,2.4,0.33,90.33332799,799.37
18/07/2019,96.79000092,2.04,13.52999973,255.802,2.4,0.31,89.42931355,803.18
19/07/2019,97.15000153,2.05,14.44999981,255.802,2.4,0.25,88.46773582,814.62
22/07/2019,97.26000214,2.05,13.52999973,255.802,2.4,0.25,88.42215824,820.49
23/07/2019,97.70999908,2.08,12.60999966,255.802,2.4,0.26,87.22766435,825.18
24/07/2019,97.73000336,2.05,12.06999969,255.802,2.4,0.27,86.56506651,823.13
25/07/2019,97.81999969,2.08,12.73999977,255.802,2.4,0.26,85.94901386,822.25
26/07/2019,98.01000214,2.08,12.15999985,255.802,2.4,0.28,86.53528145,819.32
29/07/2019,98.04000092,2.06,12.82999992,255.802,2.4,0.3,86.891267,818.14
30/07/2019,98.05000305,2.06,13.93999958,255.802,2.4,0.29,86.73020363,824.89
31/07/2019,98.51999664,2.02,16.12000084,255.802,2.4,0.28,86.67474255,824.89
1/8/2019,98.38999939,1.9,17.87000084,255.802,2.4,0.26,87.24458075,823.42
2/8/2019,98.09999847,1.86,17.61000061,255.802,2.13,0.2,88.1396935,827.82
3/8/2019,98.09999847,1.86,17.61000061,255.802,2.13,0.2,89.11354733,830.76
4/8/2019,98.09999847,1.86,17.61000061,255.802,2.13,0.15,89.60538618,835.16
5/8/2019,97.5,1.75,24.59000015,255.802,2.13,0.11,89.75312178,836.92
7/8/2019,97.54000092,1.71,19.48999977,255.802,2.13,0.09,87.85847731,845.42
8/8/2019,97.62000275,1.72,16.90999985,255.802,2.13,0.07,88.61606021,839.85
10/8/2019,97.48999786,1.74,17.96999931,255.802,2.13,0.08,88.57193776,839.85
11/8/2019,97.48999786,1.74,17.96999931,255.802,2.13,0.04,88.34439157,847.77
13/08/2019,97.80999756,1.68,17.52000046,256.036,2.13,0.05,88.59400841,836.66
14/08/2019,97.98999786,1.59,22.10000038,256.036,2.13,0.02,87.86298045,844.29
15/08/2019,98.13999939,1.52,21.18000031,256.036,2.13,-0.02,88.41051896,844.29
16/08/2019,98.13999939,1.55,18.46999931,256.036,2.13,0.01,88.47098389,843.41
19/08/2019,98.34999847,1.6,16.87999916,256.036,2.13,0.04,88.70758328,843.41
20/08/2019,98.19000244,1.55,17.5,256.036,2.13,0.02,87.87524812,845.17
21/08/2019,98.30000305,1.59,15.80000019,256.036,2.13,0.05,87.85985259,851.91
22/08/2019,98.16999817,1.62,16.68000031,256.036,2.13,0.07,88.00399989,854.84
23/08/2019,97.63999939,1.52,19.87000084,256.036,2.13,-0.02,87.76084711,859.83
26/08/2019,98.08000183,1.54,19.31999969,256.036,2.13,0,86.60349531,859.83
27/08/2019,98,1.49,20.30999947,256.036,2.13,-0.06,84.95506947,873.32
28/08/2019,98.20999908,1.47,19.35000038,256.036,2.13,-0.08,84.01442182,882.41
29/08/2019,98.51000214,1.5,17.87999916,256.036,2.13,-0.09,84.02598202,880.36
30/08/2019,98.91999817,1.5,18.97999954,256.036,2.13,-0.05,83.53588233,878.31
1/9/2019,98.91999817,1.5,18.97999954,256.036,2.04,-0.05,83.53588233,878.31
4/9/2019,98.44999695,1.47,17.32999992,256.036,2.04,-0.03,81.02625851,890.04
5/9/2019,98.41000366,1.57,16.27000046,256.036,2.04,-0.04,79.94946053,895.9
7/9/2019,98.38999939,1.55,15,256.036,2.04,0.01,81.22855989,889.75
8/9/2019,98.38999939,1.55,15,256.036,2.04,0.01,83.82679857,889.75
9/9/2019,98.27999878,1.63,15.27000046,256.036,2.04,0.06,83.36755792,882.42
10/9/2019,98.33000183,1.72,15.19999981,256.036,2.04,0.12,82.60628671,882.42
12/9/2019,98.30999756,1.79,14.22000027,256.036,2.04,0.15,82.87948605,882.42
13/09/2019,98.26000214,1.9,13.73999977,256.43,2.04,0.16,83.07188741,880.37
16/09/2019,98.65000153,1.84,14.67000008,256.43,2.04,0.23,85.50699438,874.51
17/09/2019,98.26000214,1.81,14.43999958,256.43,2.04,0.17,83.96737913,874.51
18/09/2019,98.59999847,1.8,13.94999981,256.43,2.04,0.15,83.54240193,880.37
19/09/2019,98.26999664,1.79,14.05000019,256.43,2.04,0.21,84.71480717,883.6
20/09/2019,98.51000214,1.74,15.31999969,256.43,2.04,0.18,84.30765565,883.6
23/09/2019,98.59999847,1.72,14.90999985,256.43,2.04,0.13,84.97575685,894.15
24/09/2019,98.33999634,1.64,17.04999924,256.43,2.04,0.11,81.91935053,908.52
25/09/2019,99.04000092,1.73,15.96000004,256.43,2.04,0.06,82.74018249,908.52
26/09/2019,99.20999908,1.7,16.06999969,256.43,2.04,0.13,83.76572679,924.94
27/09/2019,99.11000061,1.69,17.21999931,256.43,2.04,0.13,84.68625075,924.94
30/09/2019,99.37999725,1.68,16.23999977,256.43,2.04,0.16,85.40906858,922.88
1/10/2019,99.12999725,1.65,18.55999947,256.43,2.04,0.15,86.73806894,920.83
4/10/2019,98.80999756,1.52,17.04000092,256.43,1.83,0.13,86.15277461,920.83
5/10/2019,98.80999756,1.52,17.04000092,256.43,1.83,0.1,85.32287862,923.76
6/10/2019,98.80999756,1.52,17.04000092,256.43,1.83,0.06,85.70372784,923.76
7/10/2019,98.98999786,1.56,17.86000061,256.43,1.83,0.02,85.87228464,923.76
9/10/2019,99.12000275,1.59,18.63999939,256.43,1.83,0.05,85.79365804,923.76
10/10/2019,98.70999908,1.67,17.56999969,256.43,1.83,0.06,84.98608741,923.76
12/10/2019,98.30000305,1.76,15.57999992,256.43,1.83,0.1,84.95599736,923.76
14/10/2019,98.44999695,1.76,14.56999969,257.155,1.83,0.15,85.31963526,921.71
15/10/2019,98.29000092,1.77,13.53999996,257.155,1.83,0.2,84.91008821,921.71
16/10/2019,98.01000214,1.75,13.68000031,257.155,1.83,0.2,84.59225844,921.71
17/10/2019,97.61000061,1.76,13.78999996,257.155,1.83,0.21,85.37092254,919.66
18/10/2019,97.27999878,1.76,14.25,257.155,1.83,0.18,85.75874672,918.19
21/10/2019,97.33000183,1.8,14,257.155,1.83,0.17,85.09923064,918.19
22/10/2019,97.52999878,1.78,14.46000004,257.155,1.83,0.16,85.03027553,924.64
23/10/2019,97.47000122,1.77,14.01000023,257.155,1.83,0.19,84.58291128,924.64
24/10/2019,97.62999725,1.77,13.71000004,257.155,1.83,0.17,84.97447542,919.66
25/10/2019,97.83000183,1.8,12.64999962,257.155,1.83,0.16,85.0545189,918.48
28/10/2019,97.76000214,1.85,13.10999966,257.155,1.83,0.15,84.49743488,918.48
29/10/2019,97.69000244,1.84,13.19999981,257.155,1.83,0.15,83.95386568,918.48
30/10/2019,97.65000153,1.78,12.32999992,257.155,1.83,0.21,83.63268979,918.48
31/10/2019,97.34999847,1.69,13.22000027,257.155,1.83,0.23,83.67565177,917.31
1/11/2019,97.23999786,1.73,12.30000019,257.155,1.83,0.21,83.81700289,915.55
2/11/2019,97.23999786,1.73,12.30000019,257.155,1.83,0.15,83.90141165,915.55
3/11/2019,97.23999786,1.73,12.30000019,257.155,1.55,0.14,83.75916598,914.67
4/11/2019,97.51000214,1.79,12.82999992,257.155,1.55,0.15,83.71266821,914.67
6/11/2019,97.94999695,1.81,12.61999989,257.155,1.55,0.18,84.53984846,915.85
7/11/2019,98.13999939,1.92,12.72999954,257.155,1.55,0.15,84.87298686,915.85
9/11/2019,98.34999847,1.94,12.06999969,257.155,1.55,0.23,86.28167416,914.38
10/11/2019,98.34999847,1.94,12.06999969,257.155,1.55,0.23,87.07024766,901.19
11/11/2019,98.19999695,1.94,12.68999958,257.155,1.55,0.23,86.83331795,901.19
12/11/2019,98.30999756,1.92,12.68000031,257.155,1.55,0.22,87.07201365,897.09
13/11/2019,98.37000275,1.88,13,257.879,1.55,0.22,86.50135455,896.77
14/11/2019,98.16000366,1.82,13.05000019,257.879,1.55,0.2,86.51031603,896.77
15/11/2019,98,1.84,12.05000019,257.879,1.55,0.21,86.65328057,896.77
18/11/2019,97.79000092,1.81,12.46000004,257.879,1.55,0.18,86.59993945,891.79
19/11/2019,97.86000061,1.79,12.85999966,257.879,1.55,0.16,86.1427816,891.79
20/11/2019,97.93000031,1.73,12.77999973,257.879,1.55,0.13,86.15789567,891.79
21/11/2019,97.98999786,1.77,13.13000011,257.879,1.55,0.14,85.81231912,891.79
22/11/2019,98.26999664,1.77,12.34000015,257.879,1.55,0.15,86.14070786,891.79
25/11/2019,98.31999969,1.76,11.86999989,257.879,1.55,0.14,86.33749929,896.48
26/11/2019,98.25,1.74,11.53999996,257.879,1.55,0.12,85.71931826,896.48
27/11/2019,98.41000366,1.77,11.75,257.879,1.55,0.14,85.93897635,896.48
28/11/2019,98.41000366,1.77,11.75,257.879,1.55,0.14,85.93897635,896.48
29/11/2019,98.26999664,1.78,12.61999989,257.879,1.55,0.17,86.36926085,895.6
2/12/2019,97.86000061,1.83,14.90999985,257.879,1.55,0.18,86.85554825,889.16
3/12/2019,97.73999786,1.72,15.96000004,257.879,1.55,0.09,86.31824532,889.16
4/12/2019,97.65000153,1.77,14.80000019,257.879,1.55,0.11,87.75376093,888.57
6/12/2019,97.69999695,1.84,13.61999989,257.879,1.55,0.13,87.17389173,888.57
7/12/2019,97.69999695,1.84,13.61999989,257.879,1.55,0.15,88.53224294,886.23
8/12/2019,97.69999695,1.84,13.61999989,257.879,1.55,0.14,88.2712367,886.23
9/12/2019,97.63999939,1.83,15.85999966,257.879,1.55,0.14,88.12966476,885.93
11/12/2019,97.16000366,1.79,14.98999977,257.879,1.55,0.1,87.75681259,886.22
12/12/2019,97.40000153,1.9,13.93999958,257.879,1.55,0.18,87.07034793,886.22
13/12/2019,97.16999817,1.82,12.63000011,258.63,1.55,0.12,87.2516508,886.22
16/12/2019,97.06999969,1.89,12.14000034,258.63,1.55,0.16,86.66784641,886.22
17/12/2019,97.20999908,1.89,12.28999996,258.63,1.55,0.14,86.8535705,880.66
18/12/2019,97.41000366,1.92,12.57999992,258.63,1.55,0.16,86.86368504,883.29
19/12/2019,97.41999817,1.92,12.5,258.63,1.55,0.15,86.65728117,883.29
20/12/2019,97.70999908,1.92,12.51000023,258.63,1.55,0.15,86.09878146,885.93
23/12/2019,97.66000366,1.93,12.60999966,258.63,1.55,0.18,85.1864627,885.93
24/12/2019,97.65000153,1.9,12.67000008,258.63,1.55,0.15,84.4230432,888.86
25/12/2019,97.65000153,1.9,12.67000008,258.63,1.55,0.15,84.4230432,888.86
26/12/2019,97.58999634,1.9,12.64999962,258.63,1.55,0.16,84.34671537,892.37
27/12/2019,96.91999817,1.88,13.43000031,258.63,1.55,0.15,84.81147235,893.25
30/12/2019,96.73999786,1.9,14.81999969,258.63,1.55,0.15,84.57113692,893.25
31/12/2019,96.38999939,1.92,13.77999973,258.63,1.55,0.15,85.23110138,893.25
1/1/2020,96.38999939,1.92,13.77999973,258.63,1.55,0.15,85.23110138,893.25
4/1/2020,96.83999634,1.8,14.02000046,258.63,1.55,0.08,84.85472747,895.3
5/1/2020,96.83999634,1.8,14.02000046,258.63,1.55,0.03,85.74274314,895.3
6/1/2020,96.66999817,1.81,13.85000038,258.63,1.55,0.06,86.54472789,896.18
7/1/2020,96.98000336,1.83,13.78999996,258.63,1.55,0.09,85.81568302,896.18
9/1/2020,97.44999695,1.85,12.53999996,258.63,1.55,0.12,86.10128709,886.81
10/1/2020,97.36000061,1.83,12.56000042,258.63,1.55,0.11,86.88129329,882.12
12/1/2020,97.36000061,1.83,12.56000042,258.63,1.55,0.07,86.36942928,874.52
13/01/2020,97.34999847,1.85,12.31999969,259.127,1.55,0.08,86.37732751,874.52
14/01/2020,97.37000275,1.82,12.39000034,259.127,1.55,0.05,87.26943776,874.52
15/01/2020,97.23000336,1.79,12.42000008,259.127,1.55,0.04,86.59822276,878.32
16/01/2020,97.31999969,1.81,12.31999969,259.127,1.55,0.07,86.65734266,879.49
17/01/2020,97.61000061,1.84,12.10000038,259.127,1.55,0.09,86.53750106,898.82
20/01/2020,97.61000061,1.84,12.10000038,259.127,1.55,0.09,86.53750106,898.82
21/01/2020,97.52999878,1.78,12.85000038,259.127,1.55,0.04,87.67957144,898.82
22/01/2020,97.52999878,1.77,12.90999985,259.127,1.55,0.05,87.51899481,898.82
23/01/2020,97.69000244,1.74,12.97999954,259.127,1.55,0.04,88.03240378,900.58
24/01/2020,97.84999847,1.7,14.56000042,259.127,1.55,0.02,87.00781108,900.58
27/01/2020,97.95999908,1.61,18.22999954,259.127,1.55,-0.02,87.60000271,899.41
28/01/2020,98.01999664,1.65,16.28000069,259.127,1.55,0,90.17353825,899.41
29/01/2020,97.98999786,1.6,16.38999939,259.127,1.55,-0.04,90.05794681,903.5
30/01/2020,97.87000275,1.57,15.48999977,259.127,1.55,-0.07,88.20744372,903.5
31/01/2020,97.38999939,1.51,18.84000015,259.127,1.55,-0.14,88.0758966,903.21
1/2/2020,97.38999939,1.51,18.84000015,259.127,1.58,-0.09,89.41043116,912.58
3/2/2020,97.80000305,1.54,17.96999931,259.127,1.58,-0.03,88.45276331,912.58
4/2/2020,97.95999908,1.61,16.04999924,259.127,1.58,0,88.66754096,914.91
6/2/2020,98.5,1.65,14.96000004,259.127,1.58,-0.02,87.9813376,914.91
7/2/2020,98.68000031,1.59,15.47000027,259.127,1.58,-0.07,88.79705034,916.08
9/2/2020,98.68000031,1.59,15.47000027,259.127,1.58,-0.1,88.67552667,916.08
10/2/2020,98.83000183,1.56,15.03999996,259.127,1.58,-0.06,89.09121833,922.23
11/2/2020,98.72000122,1.59,15.18000031,259.127,1.58,-0.04,89.67845102,922.23
12/2/2020,99.05000305,1.62,13.73999977,259.127,1.58,-0.06,89.49431485,922.23
13/02/2020,99.06999969,1.61,14.14999962,259.25,1.58,-0.07,89.3423617,923.99
14/02/2020,99.12000275,1.59,13.68000031,259.25,1.58,-0.07,89.3423617,923.99
17/02/2020,99.12000275,1.59,13.68000031,259.25,1.58,-0.1,88.24664686,929.84
18/02/2020,99.45999908,1.55,14.82999992,259.25,1.58,-0.09,87.8799484,931.6
19/02/2020,99.59999847,1.56,14.38000011,259.25,1.58,-0.11,88.29537245,933.94
20/02/2020,99.87000275,1.52,15.56000042,259.25,1.58,-0.15,88.79650039,933.94
21/02/2020,99.26000214,1.46,17.07999992,259.25,1.58,-0.21,88.6368466,933.94
24/02/2020,99.29000092,1.38,25.03000069,259.25,1.58,-0.2,90.57361125,940.09
25/02/2020,98.97000122,1.33,27.85000038,259.25,1.58,-0.21,92.00044768,935.69
26/02/2020,99,1.33,27.55999947,259.25,1.58,-0.23,92.87574539,934.23
27/02/2020,98.44000244,1.3,39.15999985,259.25,1.58,-0.28,95.44761449,934.23
28/02/2020,98.12999725,1.13,40.11000061,259.25,0.65,-0.31,95.46735219,931.01
1/3/2020,98.12999725,1.13,40.11000061,259.25,0.65,-0.43,95.86665908,934.52
2/3/2020,97.36000061,1.1,33.41999817,259.25,0.65,-0.44,95.48495662,934.52
3/3/2020,97.15000153,1.02,36.81999969,259.25,0.65,-0.48,96.09042298,947.4
4/3/2020,97.33999634,1.02,31.98999977,259.25,0.65,-0.57,97.060531,955.6
6/3/2020,95.94999695,0.74,41.93999863,259.25,0.65,-0.45,98.49420941,963.79
7/3/2020,95.94999695,0.74,41.93999863,259.25,0.65,-0.24,98.13675394,962.03
8/3/2020,95.94999695,0.74,41.93999863,259.25,0.65,-0.14,98.11704318,953.26
9/3/2020,94.90000153,0.54,54.45999908,259.25,0.65,-0.04,99.57396183,944.18
11/3/2020,96.51000214,0.82,53.90000153,259.25,0.65,0.04,104.8491918,931.59
12/3/2020,97.47000122,0.88,75.47000122,259.25,0.65,0,116.3404313,929.84
13/03/2020,98.75,0.94,57.83000183,258.076,0.65,0.39,122.2952956,929.84
16/03/2020,98.08999634,0.73,82.69000244,258.076,0.65,0.55,125.888376,923.69
17/03/2020,99.58000183,1.02,75.91000366,258.076,0.65,0.62,122.2286485,922.23
18/03/2020,101.1600037,1.18,76.44999695,258.076,0.65,0.17,120.171674,908.18
19/03/2020,102.7600021,1.12,72,258.076,0.65,-0.04,118.4877092,923.99
20/03/2020,102.8199997,0.92,66.04000092,258.076,0.65,-0.13,116.6772043,935.98
23/03/2020,102.4899979,0.76,61.59000015,258.076,0.65,-0.19,110.0155059,949.15
24/03/2020,101.7399979,0.84,61.66999817,258.076,0.65,-0.24,112.7117443,953.54
25/03/2020,101.0500031,0.88,63.95000076,258.076,0.65,-0.22,112.0085535,964.66
26/03/2020,99.41999817,0.83,61,258.076,0.65,-0.25,115.2479721,964.36
27/03/2020,98.37000275,0.72,65.54000092,258.076,0.65,-0.17,112.3138085,967
30/03/2020,99.18000031,0.7,57.08000183,258.076,0.05,-0.29,113.3275881,968.75
31/03/2020,99.05000305,0.7,53.54000092,258.076,0.05,-0.4,111.3798289,971.97
2/4/2020,100.1800003,0.63,50.90999985,258.076,0.05,-0.46,113.1684654,978.99
3/4/2020,100.5800018,0.62,46.79999924,258.076,0.05,-0.47,110.9787567,984.26
5/4/2020,100.5800018,0.62,46.79999924,258.076,0.05,-0.42,107.9496859,985.71
6/4/2020,100.6900024,0.67,45.24000168,258.076,0.05,-0.42,109.9491642,988.63
8/4/2020,100.1200027,0.77,43.34999847,258.076,0.05,-0.5,108.5464185,994.19
9/4/2020,99.51999664,0.73,41.66999817,258.076,0.05,-0.5,108.5464185,994.19
11/4/2020,99.51999664,0.73,41.66999817,258.076,0.05,-0.5,112.7204625,1009.7
12/4/2020,99.51999664,0.73,41.66999817,258.076,0.05,-0.53,109.301885,1017.59
13/04/2020,99.34999847,0.76,41.16999817,256.032,0.05,-0.56,111.8145919,1021.69
14/04/2020,98.88999939,0.76,37.75999832,256.032,0.05,-0.42,110.5371376,1021.69
15/04/2020,99.45999908,0.63,40.84000015,256.032,0.05,-0.36,110.8617116,1021.69
16/04/2020,100.0299988,0.61,40.11000061,256.032,0.05,-0.31,109.3854463,1029.59
17/04/2020,99.77999878,0.65,38.15000153,256.032,0.05,-0.38,113.2541483,1033.39
20/04/2020,99.95999908,0.63,43.83000183,256.032,0.05,-0.43,113.1570271,1042.46
21/04/2020,100.2600021,0.58,45.40999985,256.032,0.05,-0.44,112.9332875,1042.46
22/04/2020,100.3899994,0.63,41.97999954,256.032,0.05,-0.51,112.9867597,1048.31
23/04/2020,100.4300003,0.61,41.38000107,256.032,0.05,-0.5,112.617591,1048.31
24/04/2020,100.3799973,0.6,35.93000031,256.032,0.05,-0.52,112.8149343,1056.5
27/04/2020,100.0400009,0.67,33.29000092,256.032,0.05,-0.51,112.3614803,1056.5
28/04/2020,99.87000275,0.62,33.56999969,256.032,0.05,-0.43,113.0487299,1056.5
29/04/2020,99.56999969,0.63,31.22999954,256.032,0.05,-0.42,114.0079398,1067.9
30/04/2020,99.01999664,0.64,34.15000153,256.032,0.05,-0.43,115.9421281,1071.71
2/5/2020,98.80000305,0.64,37.18999863,256.032,0.05,-0.44,113.1965203,1076.39
3/5/2020,98.80000305,0.64,37.18999863,256.032,0.05,-0.38,112.377387,1075.8
5/5/2020,99.70999908,0.66,33.61000061,256.032,0.05,-0.45,110.6413069,1081.65
6/5/2020,100.0899963,0.72,34.11999893,256.032,0.05,-0.43,108.6340565,1081.65
8/5/2020,99.73000336,0.69,27.97999954,256.032,0.05,-0.4,108.4228756,1081.07
10/5/2020,99.73000336,0.69,27.97999954,256.032,0.05,-0.4,108.6504746,1083.66
11/5/2020,100.2399979,0.73,27.56999969,256.032,0.05,-0.43,109.4234829,1092.14
13/05/2020,100.2399979,0.64,35.27999878,255.802,0.05,-0.43,107.7156675,1104.72
14/05/2020,100.4700012,0.63,32.61000061,255.802,0.05,-0.45,102.862846,1113.78
15/05/2020,100.4000015,0.64,31.88999939,255.802,0.05,-0.44,99.16399331,1113.78
18/05/2020,99.66999817,0.73,29.29999924,255.802,0.05,-0.45,97.48490565,1113.78
19/05/2020,99.37000275,0.7,30.53000069,255.802,0.05,-0.48,97.24474486,1112.32
20/05/2020,99.12000275,0.68,27.98999977,255.802,0.05,-0.46,99.25007735,1112.32
21/05/2020,99.37000275,0.68,29.53000069,255.802,0.05,-0.46,98.19972934,1116.71
22/05/2020,99.86000061,0.66,28.15999985,255.802,0.05,-0.46,98.19972934,1116.71
25/05/2020,99.86000061,0.66,28.15999985,255.802,0.05,-0.44,97.05664657,1116.71
26/05/2020,98.91000366,0.69,28.01000023,255.802,0.05,-0.46,96.70360563,1119.05
27/05/2020,99.05999756,0.68,27.62000084,255.802,0.05,-0.48,95.74182761,1119.63
28/05/2020,98.37999725,0.7,28.59000015,255.802,0.05,-0.5,94.19197257,1123.14
29/05/2020,98.33999634,0.65,27.51000023,255.802,0.08,-0.52,92.59378097,1128.4
1/6/2020,97.83000183,0.66,28.22999954,255.802,0.08,-0.5,94.75475816,1129.28
2/6/2020,97.66999817,0.68,26.84000015,255.802,0.08,-0.44,94.73802208,1133.37
3/6/2020,97.27999878,0.77,25.65999985,255.802,0.08,-0.4,95.36728853,1132.2
4/6/2020,96.68000031,0.82,25.80999947,255.802,0.08,-0.36,96.0958479,1128.11
5/6/2020,96.94000244,0.91,24.52000046,255.802,0.08,-0.4,95.04701399,1125.48
7/6/2020,96.94000244,0.91,24.52000046,255.802,0.08,-0.42,96.47237172,1124.6
8/6/2020,96.62000275,0.88,25.80999947,255.802,0.08,-0.52,96.38277107,1129.49
10/6/2020,95.95999908,0.75,27.56999969,255.802,0.08,-0.55,96.92764286,1135.05
11/6/2020,96.73000336,0.66,40.79000092,255.802,0.08,-0.5,99.03218757,1136.22
15/06/2020,96.68000031,0.71,34.40000153,257.042,0.08,-0.52,98.98728796,1136.22
16/06/2020,96.95999908,0.75,33.66999817,257.042,0.08,-0.52,98.09437265,1136.22
17/06/2020,97.16000366,0.74,33.47000122,257.042,0.08,-0.52,97.38131183,1136.22
18/06/2020,97.41999817,0.71,32.93999863,257.042,0.08,-0.57,98.5994424,1136.22
19/06/2020,97.62000275,0.7,35.11999893,257.042,0.08,-0.6,97.90825217,1159.31
22/06/2020,97.04000092,0.71,31.77000046,257.042,0.08,-0.63,98.21099327,1166.04
23/06/2020,96.69000244,0.72,31.37000084,257.042,0.08,-0.66,98.17184185,1169.25
24/06/2020,97.15000153,0.69,33.84000015,257.042,0.08,-0.64,99.99999741,1176.85
25/06/2020,97.43000031,0.68,32.22000122,257.042,0.08,-0.65,98.53492326,1175.39
26/06/2020,97.5,0.64,34.72999954,257.042,0.08,-0.68,98.34655326,1178.9
29/06/2020,97.54000092,0.64,31.78000069,257.042,0.08,-0.7,98.70968265,1178.9
30/06/2020,97.38999939,0.66,30.43000031,257.042,0.08,-0.68,96.7045987,1178.9
1/7/2020,97.19999695,0.69,28.62000084,257.042,0.09,-0.68,97.78856272,1182.11
2/7/2020,97.31999969,0.68,27.68000031,257.042,0.09,-0.73,97.78557612,1191.47
4/7/2020,97.31999969,0.68,27.68000031,257.042,0.09,-0.73,97.78557612,1191.47
5/7/2020,97.31999969,0.68,27.68000031,257.042,0.09,-0.76,96.65477886,1191.47
7/7/2020,96.87999725,0.65,29.43000031,257.042,0.09,-0.78,96.85419401,1199.36
8/7/2020,96.43000031,0.67,28.07999992,257.042,0.09,-0.75,95.14700799,1202.57
9/7/2020,96.69999695,0.62,29.26000023,257.042,0.09,-0.77,95.28651383,1200.82
10/7/2020,96.65000153,0.65,27.29000092,257.042,0.09,-0.76,94.72685929,1200.46
12/7/2020,96.65000153,0.65,27.29000092,257.042,0.09,-0.78,91.88695691,1203.97
13/07/2020,96.45999908,0.64,32.18999863,258.352,0.09,-0.78,93.08518614,1206.89
14/07/2020,96.26000214,0.63,29.52000046,258.352,0.09,-0.77,92.01930778,1206.89
15/07/2020,96.08000183,0.64,27.76000023,258.352,0.09,-0.79,92.25521747,1206.89
16/07/2020,96.34999847,0.62,28,258.352,0.09,-0.82,91.8618287,1206.89
17/07/2020,95.94000244,0.64,25.68000031,258.352,0.09,-0.84,90.2355384,1211.86
20/07/2020,95.83000183,0.62,24.45999908,258.352,0.09,-0.87,85.70498426,1219.75
21/07/2020,95.12000275,0.61,24.84000015,258.352,0.09,-0.88,80.75639912,1225.01
22/07/2020,94.97000122,0.6,24.31999969,258.352,0.09,-0.9,82.3316627,1227.05
23/07/2020,94.69000244,0.59,26.07999992,258.352,0.09,-0.92,83.18572439,1228.81
24/07/2020,94.44000244,0.59,25.84000015,258.352,0.09,-0.9,78.89361061,1234.65
27/07/2020,93.66999817,0.62,24.73999977,258.352,0.09,-0.92,80.14093346,1243.12
28/07/2020,93.76000214,0.59,25.44000053,258.352,0.09,-0.95,80.41411349,1241.95
29/07/2020,93.26000214,0.58,24.10000038,258.352,0.09,-0.97,83.21765365,1241.95
30/07/2020,93.01999664,0.55,24.76000023,258.352,0.09,-1,81.14432658,1241.95
31/07/2020,93.48999786,0.55,24.45999908,258.352,0.1,-1.02,80.60680809,1248.38
1/8/2020,93.48999786,0.55,24.45999908,258.352,0.1,-1.05,76.93372359,1257.73
4/8/2020,93.37999725,0.52,23.76000023,258.352,0.1,-1.06,75.57018694,1267.96
5/8/2020,92.83000183,0.55,22.98999977,258.352,0.1,-1.08,72.26899859,1267.96
6/8/2020,92.79000092,0.55,22.64999962,258.352,0.1,-1.04,73.00693373,1262.12
7/8/2020,93.44000244,0.57,22.20999908,258.352,0.1,-1.02,69.21262219,1262.12
9/8/2020,93.44000244,0.57,22.20999908,258.352,0.1,-0.99,74.22513834,1257.93
10/8/2020,93.58000183,0.59,22.12999916,258.352,0.1,-0.98,74.54825776,1250.63
12/8/2020,93.44000244,0.69,22.28000069,258.352,0.1,-0.96,70.65429096,1252.09
13/08/2020,93.33999634,0.71,22.12999916,259.316,0.1,-0.94,74.31421294,1248.29
14/08/2020,93.09999847,0.71,22.04999924,259.316,0.1,-0.97,71.80841534,1252.38
17/08/2020,92.84999847,0.69,21.35000038,259.316,0.1,-1.01,71.28240007,1252.38
18/08/2020,92.26999664,0.67,21.51000023,259.316,0.1,-0.99,71.70784964,1252.38
19/08/2020,92.88999939,0.68,22.54000092,259.316,0.1,-0.97,71.3000541,1252.38
20/08/2020,92.79000092,0.65,22.71999931,259.316,0.1,-1,72.43793472,1252.38
21/08/2020,93.25,0.64,22.54000092,259.316,0.1,-1.02,72.50263272,1252.38
24/08/2020,93.30000305,0.65,22.37000084,259.316,0.1,-1.01,72.81938257,1248.87
25/08/2020,93.01999664,0.69,22.03000069,259.316,0.1,-1.03,70.75099998,1252.09
26/08/2020,93.01000214,0.69,23.27000046,259.316,0.1,-0.99,71.14401923,1251.5
27/08/2020,93.01000214,0.74,24.46999931,259.316,0.1,-1.03,71.15537603,1251.5
28/08/2020,92.37000275,0.74,22.95999908,259.316,0.1,-1.08,69.1915447,1251.5
31/08/2020,92.13999939,0.72,26.40999985,259.316,0.09,-1.08,69.09358797,1250.63
1/9/2020,92.33999634,0.68,26.12000084,259.316,0.09,-1.07,70.98976056,1250.04
3/9/2020,92.73999786,0.63,33.59999847,259.316,0.09,-1.02,72.10024057,1250.04
4/9/2020,92.72000122,0.72,30.75,259.316,0.09,-0.98,72.39238444,1250.04
6/9/2020,92.72000122,0.72,30.75,259.316,0.09,-0.98,72.39238444,1250.04
7/9/2020,92.72000122,0.72,30.75,259.316,0.09,-0.99,71.9550319,1250.04
9/9/2020,93.26000214,0.71,28.80999947,259.316,0.09,-1,72.14616793,1252.96
10/9/2020,93.33999634,0.68,29.70999908,259.316,0.09,-1.01,71.94345041,1252.96
11/9/2020,93.33000183,0.67,26.87000084,259.316,0.09,-0.98,72.47092358,1248
12/9/2020,93.33000183,0.67,26.87000084,259.316,0.09,-0.97,71.7286705,1248
14/09/2020,93.06999969,0.68,25.85000038,259.997,0.09,-0.99,71.53879912,1247.57
15/09/2020,93.05000305,0.68,25.59000015,259.997,0.09,-0.99,71.65783162,1247.57
16/09/2020,93.20999908,0.69,26.04000092,259.997,0.09,-0.97,71.89179011,1246.98
17/09/2020,92.97000122,0.69,26.45999908,259.997,0.09,-0.97,72.22509932,1259.83
18/09/2020,92.93000031,0.7,25.82999992,259.997,0.09,-0.94,78.24190164,1278.82
21/09/2020,93.54000092,0.68,27.78000069,259.997,0.09,-0.94,77.67776857,1278.23
22/09/2020,93.98999786,0.68,26.86000061,259.997,0.09,-0.92,80.8160263,1267.14
23/09/2020,94.38999939,0.68,28.57999992,259.997,0.09,-0.91,80.81581652,1267.14
24/09/2020,94.34999847,0.67,28.51000023,259.997,0.09,-0.92,80.70990725,1266.84
25/09/2020,94.58000183,0.66,26.37999916,259.997,0.09,-0.94,79.59877841,1268.89
28/09/2020,94.26000214,0.67,26.19000053,259.997,0.09,-0.98,77.69893823,1268.89
29/09/2020,93.88999939,0.66,26.27000046,259.997,0.09,-0.94,80.54879676,1268.89
30/09/2020,93.88999939,0.69,26.37000084,259.997,0.09,-0.95,78.88231975,1276.19
1/10/2020,93.70999908,0.68,26.70000076,259.997,0.09,-0.94,79.27078128,1275.6
2/10/2020,93.83999634,0.7,27.62999916,259.997,0.09,-0.9,78.05485009,1275.6
3/10/2020,93.83999634,0.7,27.62999916,259.997,0.09,-0.9,79.64390066,1271.52
4/10/2020,93.83999634,0.7,27.62999916,259.997,0.09,-0.9,78.98356295,1271.52
6/10/2020,93.83000183,0.76,29.47999954,259.997,0.09,-0.94,79.22976818,1271.52
7/10/2020,93.62999725,0.81,28.05999947,259.997,0.09,-0.94,76.56866972,1271.52
8/10/2020,93.61000061,0.78,26.36000061,259.997,0.09,-0.94,76.2110526,1277.65
9/10/2020,93.05999756,0.79,25,259.997,0.09,-0.96,78.40654178,1277.65
11/10/2020,93.05999756,0.79,25,259.997,0.09,-0.96,78.03726908,1277.94
12/10/2020,93.06999969,0.79,25.06999969,259.997,0.09,-0.95,78.66737853,1276.06
13/10/2020,93.52999878,0.74,26.06999969,260.319,0.09,-0.95,78.00074231,1272.56
14/10/2020,93.37999725,0.73,26.39999962,260.319,0.09,-0.93,77.31678859,1272.85
15/10/2020,93.86000061,0.74,26.96999931,260.319,0.09,-0.91,76.60905495,1269.93
16/10/2020,93.68000031,0.76,27.40999985,260.319,0.09,-0.91,76.38210649,1269.35
19/10/2020,93.43000031,0.78,29.18000031,260.319,0.09,-0.89,77.07682566,1265.55
20/10/2020,93.06999969,0.81,29.35000038,260.319,0.09,-0.9,77.23230347,1263.8
21/10/2020,92.61000061,0.83,28.64999962,260.319,0.09,-0.91,78.05628463,1263.8
22/10/2020,92.94999695,0.87,28.11000061,260.319,0.09,-0.92,77.82761646,1266.72
23/10/2020,92.76999664,0.85,27.54999924,260.319,0.09,-0.91,80.44074769,1258.25
26/10/2020,93.05000305,0.81,32.45999908,260.319,0.09,-0.86,79.93486951,1258.25
27/10/2020,92.94000244,0.79,33.34999847,260.319,0.09,-0.82,79.49358421,1257.67
28/10/2020,93.41000366,0.79,40.27999878,260.319,0.09,-0.84,78.74697924,1255.92
29/10/2020,93.95999908,0.85,37.59000015,260.319,0.09,-0.82,78.52293668,1255.92
30/10/2020,94.04000092,0.88,38.02000046,260.319,0.09,-0.86,79.39155004,1252.42
2/11/2020,94.05000305,0.87,37.13000107,260.319,0.09,-0.87,77.28338506,1252.42
3/11/2020,93.55000305,0.9,35.54999924,260.319,0.09,-0.82,76.04694907,1260.3
5/11/2020,92.52999878,0.79,27.57999992,260.319,0.09,-0.77,78.2436138,1249.79
6/11/2020,92.23000336,0.83,24.86000061,260.319,0.09,-0.78,76.71603084,1249.79
8/11/2020,92.23000336,0.83,24.86000061,260.319,0.09,-0.78,76.72673264,1240.74
9/11/2020,92.73000336,0.96,25.75,260.319,0.09,-0.83,77.09345019,1239.57
11/11/2020,93.04000092,0.98,23.45000076,260.319,0.09,-0.83,76.16219928,1234.32
12/11/2020,92.95999908,0.88,25.35000038,260.319,0.09,-0.81,76.14379498,1231.4
13/11/2020,92.76000214,0.89,23.10000038,260.911,0.09,-0.83,76.49685336,1226.3
16/11/2020,92.56999969,0.91,22.45000076,260.911,0.09,-0.82,76.6790798,1219
17/11/2020,92.41999817,0.87,22.70999908,260.911,0.09,-0.84,77.43935016,1217.25
18/11/2020,92.31999969,0.88,23.84000015,260.911,0.09,-0.86,76.90980813,1220.17
19/11/2020,92.29000092,0.86,23.11000061,260.911,0.09,-0.85,77.79376931,1213.16
20/11/2020,92.38999939,0.83,23.70000076,260.911,0.09,-0.86,77.48583475,1199.74
23/11/2020,92.51000214,0.86,22.65999985,260.911,0.09,-0.87,77.31203466,1194.78
24/11/2020,92.23000336,0.88,21.63999939,260.911,0.09,-0.87,77.31203466,1194.78
25/11/2020,91.98999786,0.88,21.25,260.911,0.09,-0.91,79.00944727,1194.78
26/11/2020,91.98999786,0.88,21.25,260.911,0.09,-0.93,78.8009195,1194.78
27/11/2020,91.79000092,0.84,20.84000015,260.911,0.09,-0.89,75.48370591,1191.28
30/11/2020,91.87000275,0.84,20.56999969,260.911,0.09,-0.9,75.99167451,1191.28
2/12/2020,91.12000275,0.95,21.17000008,260.911,0.09,-0.94,76.25690443,1189.82
3/12/2020,90.70999908,0.92,21.28000069,260.911,0.09,-0.92,75.85423673,1182.7
5/12/2020,90.69999695,0.97,20.79000092,260.911,0.09,-0.94,75.25161099,1179.78
6/12/2020,90.69999695,0.97,20.79000092,260.911,0.09,-0.97,75.78998735,1179.78
8/12/2020,90.97000122,0.92,20.68000031,260.911,0.09,-0.96,76.66527172,1179.78
10/12/2020,90.79000092,0.92,22.52000046,260.911,0.09,-0.96,76.30144252,1179.78
11/12/2020,90.98000336,0.9,23.30999947,260.911,0.09,-0.97,76.55626167,1175.99
14/12/2020,90.70999908,0.9,24.71999931,262.045,0.09,-0.98,76.24348154,1171.32
15/12/2020,90.47000122,0.92,22.88999939,262.045,0.09,-0.99,75.35495285,1170.15
16/12/2020,90.44999695,0.92,22.5,262.045,0.09,-1,74.28857035,1170.15
17/12/2020,89.81999969,0.94,21.93000031,262.045,0.09,-1,72.30651048,1167.82
18/12/2020,90.01999664,0.95,21.56999969,262.045,0.09,-1,72.66946682,1167.82
21/12/2020,90.04000092,0.95,25.15999985,262.045,0.09,-1,71.51229012,1169.86
22/12/2020,90.65000153,0.93,24.22999954,262.045,0.09,-1.01,73.38994946,1167.53
23/12/2020,90.41000366,0.96,23.30999947,262.045,0.09,-1.01,72.59526001,1167.53
24/12/2020,90.33000183,0.94,21.53000069,262.045,0.09,-1.03,72.83328675,1167.53
25/12/2020,90.33000183,0.94,21.53000069,262.045,0.09,-1.03,72.83328675,1167.53
28/12/2020,90.33999634,0.94,21.70000076,262.045,0.09,-1.03,70.94482298,1169.86
29/12/2020,90.01000214,0.94,23.07999992,262.045,0.09,-1.02,71.91445084,1169.86
30/12/2020,89.62999725,0.93,22.77000046,262.045,0.09,-1.03,71.39081614,1169.86
31/12/2020,89.94000244,0.93,22.75,262.045,0.09,-1.06,71.89351067,1170.74
1/1/2021,89.94000244,0.93,22.75,262.045,0.09,-1.06,71.89351067,1170.74
2/1/2021,89.94000244,0.93,22.75,262.045,0.09,-1.08,71.27620301,1187.95
3/1/2021,89.94000244,0.93,22.75,262.045,0.09,-1.07,70.82441738,1186.78
4/1/2021,89.87999725,0.93,26.96999931,262.045,0.09,-1.02,70.69662457,1186.78
6/1/2021,89.52999878,1.04,25.06999969,262.045,0.09,-1.01,70.30514688,1182.11
7/1/2021,89.83000183,1.08,22.37000084,262.045,0.09,-0.93,74.61150114,1182.11
9/1/2021,90.09999847,1.13,21.55999947,262.045,0.09,-0.91,73.2834087,1181.71
10/1/2021,90.09999847,1.13,21.55999947,262.045,0.09,-0.93,72.60084967,1181.71
11/1/2021,90.54000092,1.15,24.07999992,262.045,0.09,-0.96,72.63322658,1171.21
12/1/2021,90.05000305,1.15,23.32999992,262.045,0.09,-0.94,71.86747565,1161
13/01/2021,90.31999969,1.1,22.20999908,262.687,0.09,-0.99,73.68781441,1177.63
14/01/2021,90.23999786,1.15,23.25,262.687,0.09,-0.99,73.68781441,1177.63
15/01/2021,90.77999878,1.11,24.34000015,262.687,0.09,-1,72.76791206,1174.13
18/01/2021,90.77999878,1.11,24.34000015,262.687,0.09,-1.02,72.50719199,1174.13
19/01/2021,90.5,1.1,23.23999977,262.687,0.09,-0.98,72.23685278,1174.13
20/01/2021,90.47000122,1.1,21.57999992,262.687,0.09,-0.99,72.70411922,1173.25
21/01/2021,90.12999725,1.12,21.31999969,262.687,0.09,-1.03,72.86977136,1173.25
22/01/2021,90.23999786,1.1,21.90999985,262.687,0.09,-1.03,72.4940264,1172.38
25/01/2021,90.38999939,1.05,23.19000053,262.687,0.09,-1.04,72.70255613,1169.17
26/01/2021,90.16999817,1.05,23.02000046,262.687,0.09,-1.06,70.93673999,1164.79
27/01/2021,90.65000153,1.04,37.20999908,262.687,0.09,-1.02,68.67286524,1160.13
28/01/2021,90.45999908,1.07,30.20999908,262.687,0.08,-1.02,63.29682303,1157.5
29/01/2021,90.58000183,1.11,33.09000015,262.687,0.08,-1.03,69.37916715,1157.5
2/2/2021,91.19999695,1.12,25.55999947,262.687,0.08,-1.04,68.16727188,1157.5
3/2/2021,91.12000275,1.15,22.90999985,262.687,0.08,-1.02,68.21874132,1159.84
4/2/2021,91.52999878,1.15,21.77000046,262.687,0.08,-1.02,67.03561222,1156.51
6/2/2021,91.04000092,1.19,20.87000084,262.687,0.08,-1.03,66.4454133,1152.43
7/2/2021,91.04000092,1.19,20.87000084,262.687,0.08,-1.04,66.99153362,1148.34
8/2/2021,90.93000031,1.19,21.23999977,262.687,0.08,-1.06,67.98404432,1146.59
9/2/2021,90.44000244,1.18,21.62999916,262.687,0.08,-1.04,67.48391527,1142.22
11/2/2021,90.41999817,1.16,21.25,262.687,0.08,-1.01,66.66910583,1142.22
12/2/2021,90.48000336,1.2,19.96999931,262.687,0.08,-1.01,66.66910583,1142.22
15/02/2021,90.48000336,1.2,19.96999931,263.579,0.08,-0.94,65.78571453,1136.68
16/02/2021,90.51000214,1.3,21.45999908,263.579,0.08,-0.92,64.84220652,1132.89
17/02/2021,90.94999695,1.29,21.5,263.579,0.08,-0.87,65.49470201,1132.89
18/02/2021,90.58999634,1.29,22.48999977,263.579,0.08,-0.8,65.16218979,1127.64
19/02/2021,90.36000061,1.34,22.04999924,263.579,0.08,-0.79,64.33429261,1115.4
22/02/2021,90.01000214,1.37,23.45000076,263.579,0.08,-0.79,65.17373296,1110.44
23/02/2021,90.16999817,1.37,23.11000061,263.579,0.08,-0.79,64.48648461,1106.36
24/02/2021,90.18000031,1.38,21.34000015,263.579,0.08,-0.6,64.20378769,1100.24
25/02/2021,90.12999725,1.54,28.88999939,263.579,0.08,-0.71,65.45337276,1093.53
26/02/2021,90.93000031,1.44,27.95000076,263.579,0.07,-0.71,64.6414246,1084.5
2/3/2021,90.79000092,1.42,24.10000038,263.579,0.07,-0.78,64.54748421,1087.12
3/3/2021,90.94999695,1.47,26.67000008,263.579,0.07,-0.74,65.07948651,1082.38
5/3/2021,91.98000336,1.56,24.65999985,263.579,0.07,-0.66,66.84752497,1078.3
6/3/2021,91.98000336,1.56,24.65999985,263.579,0.07,-0.66,67.22888712,1069.26
8/3/2021,92.30999756,1.59,25.46999931,263.579,0.07,-0.62,66.46988773,1063.43
9/3/2021,91.95999908,1.55,24.03000069,263.579,0.07,-0.66,65.64937772,1061.98
11/3/2021,91.41999817,1.54,21.90999985,263.579,0.07,-0.73,65.95280236,1060.23
12/3/2021,91.68000031,1.64,20.69000053,263.579,0.07,-0.74,65.83212314,1055.27
15/03/2021,91.83000183,1.62,20.03000069,264.961,0.07,-0.62,66.44126954,1052.07
16/03/2021,91.87000275,1.62,19.79000092,264.961,0.07,-0.65,65.8553311,1050.32
17/03/2021,91.40000153,1.63,19.22999954,264.961,0.07,-0.68,66.6281633,1050.32
18/03/2021,91.84999847,1.71,21.57999992,264.961,0.07,-0.67,66.33883993,1048.28
19/03/2021,91.91999817,1.74,20.95000076,264.961,0.07,-0.56,65.81056979,1048.28
22/03/2021,91.80000305,1.69,18.87999916,264.961,0.07,-0.57,66.23307609,1051.78
23/03/2021,92.33999634,1.63,20.29999924,264.961,0.07,-0.64,67.51097865,1051.78
24/03/2021,92.52999878,1.62,21.20000076,264.961,0.07,-0.66,68.44047218,1045.36
25/03/2021,92.87999725,1.63,19.80999947,264.961,0.07,-0.69,68.76314471,1043.03
26/03/2021,92.76999664,1.67,18.86000061,264.961,0.07,-0.69,68.93533964,1043.03
29/03/2021,92.94000244,1.73,20.73999977,264.961,0.07,-0.67,69.0339557,1036.62
30/03/2021,93.30000305,1.73,19.61000061,264.961,0.07,-0.63,69.18414327,1037.5
31/03/2021,93.23000336,1.74,19.39999962,264.961,0.07,-0.62,69.81053871,1037.5
1/4/2021,92.93000031,1.69,17.32999992,264.961,0.07,-0.63,69.90251805,1037.5
2/4/2021,92.93000031,1.72,17.32999992,264.961,0.07,-0.66,69.24002555,1032.83
3/4/2021,92.93000031,1.72,17.32999992,264.961,0.07,-0.64,69.24002555,1032.83
5/4/2021,92.59999847,1.73,17.90999985,264.961,0.07,-0.62,69.74114469,1032.83
6/4/2021,92.33999634,1.67,18.12000084,264.961,0.07,-0.65,69.07425065,1029.04
8/4/2021,92.05999756,1.64,16.95000076,264.961,0.07,-0.66,68.96128044,1028.69
10/4/2021,92.16000366,1.67,16.69000053,264.961,0.07,-0.69,68.70820259,1026.07
11/4/2021,92.16000366,1.67,16.69000053,264.961,0.07,-0.64,68.87519229,1026.07
13/04/2021,91.84999847,1.64,16.64999962,266.614,0.07,-0.64,69.65758285,1026.07
14/04/2021,91.69000244,1.64,16.98999977,266.614,0.07,-0.69,68.70204838,1026.07
15/04/2021,91.66999817,1.56,16.56999969,266.614,0.07,-0.69,67.99529947,1022.86
16/04/2021,91.55999756,1.59,16.25,266.614,0.07,-0.77,68.01510506,1022.86
19/04/2021,91.06999969,1.61,17.29000092,266.614,0.07,-0.77,68.16352874,1019.66
20/04/2021,91.23999786,1.58,18.68000031,266.614,0.07,-0.73,68.49909284,1021.7
21/04/2021,91.16000366,1.57,17.5,266.614,0.07,-0.74,68.79427567,1021.7
22/04/2021,91.33000183,1.57,18.70999908,266.614,0.07,-0.76,67.46847404,1021.7
23/04/2021,90.86000061,1.58,17.32999992,266.614,0.07,-0.76,68.0522643,1021.7
26/04/2021,90.80999756,1.58,17.63999939,266.614,0.07,-0.76,68.14434263,1021.7
27/04/2021,90.91000366,1.63,17.55999947,266.614,0.07,-0.78,67.87989474,1021.7
28/04/2021,90.61000061,1.63,17.28000069,266.614,0.07,-0.76,67.31788414,1021.7
29/04/2021,90.61000061,1.65,17.61000061,266.614,0.07,-0.78,67.9881904,1021.7
30/04/2021,91.27999878,1.65,18.61000061,266.614,0.07,-0.77,67.86550531,1017.04
1/5/2021,91.27999878,1.65,18.61000061,266.614,0.07,-0.76,68.35957162,1017.04
2/5/2021,91.27999878,1.65,18.61000061,266.614,0.06,-0.79,66.48851173,1018.2
3/5/2021,90.94999695,1.63,18.30999947,266.614,0.06,-0.81,66.9128482,1018.2
4/5/2021,91.29000092,1.61,19.47999954,266.614,0.06,-0.88,67.31944461,1019.33
5/5/2021,91.30999756,1.59,19.14999962,266.614,0.06,-0.87,66.10953343,1019.33
7/5/2021,90.23000336,1.6,16.69000053,266.614,0.06,-0.89,66.67759022,1025.15
8/5/2021,90.23000336,1.6,16.69000053,266.614,0.06,-0.91,66.86924538,1025.15
10/5/2021,90.20999908,1.63,19.65999985,266.614,0.06,-0.89,66.38102657,1025.15
11/5/2021,90.13999939,1.64,21.84000015,266.614,0.06,-0.85,66.9310681,1025.15
13/05/2021,90.75,1.66,23.12999916,268.383,0.06,-0.85,67.43824903,1024.28
14/05/2021,90.31999969,1.63,18.80999947,268.383,0.06,-0.88,67.19189783,1028.36
17/05/2021,90.22000122,1.64,19.71999931,268.383,0.06,-0.9,66.08280201,1035.93
18/05/2021,89.75,1.64,21.34000015,268.383,0.06,-0.88,65.96736961,1035.93
19/05/2021,90.19000244,1.68,22.18000031,268.383,0.06,-0.8,67.17009739,1031.27
20/05/2021,89.80999756,1.63,20.67000008,268.383,0.06,-0.78,67.08256259,1037.09
21/05/2021,90.01999664,1.63,20.14999962,268.383,0.06,-0.8,68.31070434,1042.92
24/05/2021,89.83000183,1.61,18.39999962,268.383,0.06,-0.83,67.57987716,1046.12
25/05/2021,89.63999939,1.56,18.84000015,268.383,0.06,-0.86,67.69982278,1046.12
26/05/2021,90.04000092,1.58,17.36000061,268.383,0.06,-0.82,68.26194683,1044.08
27/05/2021,89.97000122,1.61,16.73999977,268.383,0.06,-0.81,67.89999315,1044.08
28/05/2021,90.02999878,1.58,16.76000023,268.383,0.06,-0.84,67.96341935,1043.21
31/05/2021,90.02999878,1.58,16.76000023,268.383,0.06,-0.84,67.96341935,1043.21
1/6/2021,89.83000183,1.62,17.89999962,268.383,0.08,-0.84,67.75985514,1045.83
4/6/2021,90.13999939,1.56,16.42000008,268.383,0.08,-0.85,67.67543973,1041.75
5/6/2021,90.13999939,1.56,16.42000008,268.383,0.08,-0.79,68.14275359,1041.75
7/6/2021,89.94999695,1.57,16.42000008,268.383,0.08,-0.84,67.78579104,1043.16
8/6/2021,90.08000183,1.53,17.06999969,268.383,0.08,-0.82,67.74044091,1037.33
9/6/2021,90.12000275,1.5,17.88999939,268.383,0.08,-0.83,68.27349597,1037.33
10/6/2021,90.08000183,1.45,16.10000038,268.383,0.08,-0.82,67.65052385,1043.16
12/6/2021,90.55999756,1.47,15.64999962,268.383,0.08,-0.9,67.61377806,1044.61
14/06/2021,90.51999664,1.51,16.38999939,270.654,0.08,-0.85,66.73776225,1044.61
15/06/2021,90.54000092,1.51,17.02000046,270.654,0.08,-0.85,66.51441582,1044.61
16/06/2021,91.12999725,1.57,18.14999962,270.654,0.08,-0.87,67.00025083,1044.61
17/06/2021,91.88999939,1.52,17.75,270.654,0.08,-0.75,66.88849104,1045.78
18/06/2021,92.23000336,1.45,20.70000076,270.654,0.08,-0.75,68.63488849,1041.99
21/06/2021,91.86000061,1.5,17.88999939,270.654,0.08,-0.79,68.10617197,1053.06
22/06/2021,91.73000336,1.48,16.65999985,270.654,0.08,-0.75,68.49125853,1049.56
23/06/2021,91.80000305,1.5,16.31999969,270.654,0.08,-0.83,68.72098724,1049.56
24/06/2021,91.81999969,1.49,15.97000027,270.654,0.08,-0.84,68.26643413,1046.65
25/06/2021,91.80999756,1.54,15.61999989,270.654,0.08,-0.81,68.16907572,1042.87
28/06/2021,91.87999725,1.49,15.76000023,270.654,0.08,-0.8,68.11593918,1042.87
29/06/2021,92.05000305,1.49,16.02000046,270.654,0.08,-0.84,67.87702905,1045.78
30/06/2021,92.44000244,1.45,15.82999992,270.654,0.08,-0.83,68.13543856,1045.78
1/7/2021,92.59999847,1.48,15.47999954,270.654,0.08,-0.87,67.67819556,1045.78
4/7/2021,92.23000336,1.44,15.06999969,270.654,0.1,-0.87,68.10738149,1043.16
5/7/2021,92.23000336,1.44,15.06999969,270.654,0.1,-0.89,67.31618576,1042.58
6/7/2021,92.55000305,1.37,16.44000053,270.654,0.1,-0.89,67.31618576,1042.58
7/7/2021,92.63999939,1.33,16.20000076,270.654,0.1,-0.94,68.57459838,1042.23
9/7/2021,92.12999725,1.37,16.18000031,270.654,0.1,-0.95,68.99655143,1040.48
10/7/2021,92.12999725,1.37,16.18000031,270.654,0.1,-0.92,69.30334814,1040.19
12/7/2021,92.23000336,1.38,16.17000008,270.654,0.1,-0.91,69.05497575,1040.19
13/07/2021,92.75,1.42,17.12000084,271.903,0.1,-0.95,68.86753119,1037.28
14/07/2021,92.41000366,1.37,16.32999992,271.903,0.1,-0.94,69.28585259,1037.28
15/07/2021,92.62000275,1.31,17.01000023,271.903,0.1,-0.97,69.5077356,1034.37
16/07/2021,92.69000244,1.31,18.45000076,271.903,0.1,-1.01,69.32322367,1034.37
19/07/2021,92.88999939,1.19,22.5,271.903,0.1,-1.02,70.39220894,1028.55
20/07/2021,92.97000122,1.23,19.72999954,271.903,0.1,-1.05,71.98519425,1028.55
21/07/2021,92.75,1.3,17.90999985,271.903,0.1,-1.03,72.50270555,1028.55
22/07/2021,92.81999969,1.27,17.69000053,271.903,0.1,-0.98,71.43592845,1028.55
23/07/2021,92.91000366,1.3,17.20000076,271.903,0.1,-1.01,71.16104933,1027.38
26/07/2021,92.65000153,1.29,17.57999992,271.903,0.1,-1.05,71.43310314,1027.38
27/07/2021,92.43000031,1.25,19.36000061,271.903,0.1,-1.11,71.10891266,1025.64
28/07/2021,92.31999969,1.26,18.30999947,271.903,0.1,-1.13,73.05537521,1025.64
29/07/2021,91.86000061,1.28,17.70000076,271.903,0.1,-1.15,72.39700414,1025.64
30/07/2021,92.16999817,1.24,18.23999977,271.903,0.1,-1.15,71.07591816,1031.46
1/8/2021,92.16999817,1.24,18.23999977,271.903,0.1,-1.16,71.00438672,1031.46
2/8/2021,92.05000305,1.2,19.45999908,271.903,0.09,-1.17,71.13902383,1029.71
3/8/2021,92.08000183,1.19,18.04000092,271.903,0.09,-1.19,70.801063,1027.97
4/8/2021,92.26999664,1.19,17.96999931,271.903,0.09,-1.16,71.1506744,1027.97
6/8/2021,92.80000305,1.31,16.14999962,271.903,0.09,-1.1,71.41274459,1027.61
7/8/2021,92.80000305,1.31,16.14999962,271.903,0.09,-1.06,72.39223347,1025.28
9/8/2021,92.94999695,1.33,16.71999931,271.903,0.09,-1.04,74.10879753,1023.54
10/8/2021,93.05999756,1.36,16.79000092,271.903,0.09,-1.04,73.95303029,1023.54
11/8/2021,92.91000366,1.35,16.17000008,271.903,0.09,-1.07,74.5676048,1023.54
12/8/2021,93.04000092,1.36,15.59000015,271.903,0.09,-1.05,75.69790239,1023.54
13/08/2021,92.51999664,1.29,15.44999981,272.676,0.09,-1.08,74.68865607,1021.79
16/08/2021,92.62999725,1.26,16.12000084,272.676,0.09,-1.1,75.14297615,1020.63
17/08/2021,93.12999725,1.26,17.90999985,272.676,0.09,-1.07,75.48206808,1017.14
18/08/2021,93.13999939,1.27,21.56999969,272.676,0.09,-1.05,76.09772449,1015.1
19/08/2021,93.56999969,1.24,21.67000008,272.676,0.09,-1.04,76.66666683,1015.1
20/08/2021,93.5,1.26,18.55999947,272.676,0.09,-1.01,77.08288402,1011.61
23/08/2021,92.95999908,1.25,17.14999962,272.676,0.09,-1.02,76.24846456,1006.66
24/08/2021,92.88999939,1.29,17.21999931,272.676,0.09,-1.01,75.57974139,1004.63
25/08/2021,92.83000183,1.35,16.79000092,272.676,0.09,-1,75.22611409,1001.72
26/08/2021,93.05999756,1.34,18.84000015,272.676,0.09,-0.99,76.11483849,1001.72
27/08/2021,92.69000244,1.31,16.38999939,272.676,0.09,-1.08,75.50291005,1001.72
30/08/2021,92.65000153,1.29,16.19000053,272.676,0.09,-1.08,75.50083761,1001.72
31/08/2021,92.62999725,1.3,16.47999954,272.676,0.09,-1.03,75.75125498,1000.26
2/9/2021,92.23000336,1.29,16.40999985,272.676,0.08,-1.03,74.99276056,1000.26
3/9/2021,92.04000092,1.33,16.40999985,272.676,0.08,-1.03,75.75706602,998.52
4/9/2021,92.04000092,1.33,16.40999985,272.676,0.08,-1.01,73.93991151,998.52
6/9/2021,92.04000092,1.33,16.40999985,272.676,0.08,-1.01,73.93991151,998.52
7/9/2021,92.51999664,1.38,18.13999939,272.676,0.08,-0.98,73.80208973,998.52
8/9/2021,92.65000153,1.35,17.95999908,272.676,0.08,-1.03,74.57521306,998.52
9/9/2021,92.48000336,1.3,18.79999924,272.676,0.08,-1.08,74.47893207,998.17
11/9/2021,92.58000183,1.35,20.95000076,272.676,0.08,-1.05,75.01991238,998.17
12/9/2021,92.58000183,1.35,20.95000076,272.676,0.08,-1.04,75.4431011,1000.21
13/09/2021,92.62000275,1.33,19.37000084,273.91,0.08,-1.05,75.69415413,1000.21
14/09/2021,92.65000153,1.28,19.45999908,273.91,0.08,-1.04,75.44088412,998.46
15/09/2021,92.48999786,1.31,18.18000031,273.91,0.08,-1.01,77.11849126,999.92
16/09/2021,92.86000061,1.34,18.69000053,273.91,0.08,-0.96,78.4660246,1001.66
17/09/2021,93.19999695,1.37,20.80999947,273.91,0.08,-0.98,79.49285026,1001.66
20/09/2021,93.23999786,1.31,25.70999908,273.91,0.08,-0.96,78.67806688,1000.79
21/09/2021,93.19999695,1.33,24.36000061,273.91,0.08,-0.96,77.69032277,1000.79
22/09/2021,93.45999908,1.32,20.87000084,273.91,0.08,-0.9,77.18840808,992.65
23/09/2021,93.09999847,1.41,18.62999916,273.91,0.08,-0.87,78.15347119,993.52
24/09/2021,93.33000183,1.47,17.75,273.91,0.08,-0.87,77.23882384,990.32
27/09/2021,93.37999725,1.48,18.76000023,273.91,0.08,-0.84,77.38742868,990.03
28/09/2021,93.76999664,1.54,23.25,273.91,0.08,-0.82,80.22275173,990.03
29/09/2021,94.33999634,1.55,22.55999947,273.91,0.08,-0.85,79.7102791,990.03
30/09/2021,94.25,1.52,23.13999939,273.91,0.08,-0.9,78.05419734,986.54
2/10/2021,94.04000092,1.48,21.10000038,273.91,0.08,-0.89,78.08824603,986.54
3/10/2021,94.04000092,1.48,21.10000038,273.91,0.08,-0.91,77.92046402,986.54
5/10/2021,93.98000336,1.54,21.29999924,273.91,0.08,-0.9,78.22358302,986.54
6/10/2021,94.26999664,1.53,21,273.91,0.08,-0.88,77.67320726,986.54
8/10/2021,94.06999969,1.61,18.77000046,273.91,0.08,-0.89,77.44168538,985.05
9/10/2021,94.06999969,1.61,18.77000046,273.91,0.08,-0.89,77.50000101,985.05
11/10/2021,94.31999969,1.61,20,273.91,0.08,-0.9,78.17794272,985.05
12/10/2021,94.51999664,1.59,19.85000038,273.91,0.08,-0.96,77.48498588,982.72
13/10/2021,94.08000183,1.56,18.63999939,276.55,0.08,-1,76.59873802,982.72
14/10/2021,93.95999908,1.52,16.86000061,276.55,0.08,-0.97,75.75445894,980.1
15/10/2021,93.94000244,1.59,16.29999924,276.55,0.08,-0.95,75.92823846,980.1
18/10/2021,93.94999695,1.59,16.30999947,276.55,0.08,-0.89,74.16394214,980.1
19/10/2021,93.79000092,1.65,15.69999981,276.55,0.08,-0.92,73.04700259,980.1
20/10/2021,93.55999756,1.65,15.48999977,276.55,0.08,-0.96,73.75569272,978.07
21/10/2021,93.76999664,1.68,15.01000023,276.55,0.08,-0.98,73.49870798,978.07
22/10/2021,93.61000061,1.66,15.43000031,276.55,0.08,-1.02,73.49828923,978.07
25/10/2021,93.80999756,1.64,15.23999977,276.55,0.08,-1.06,74.42912556,979.81
26/10/2021,93.94999695,1.63,15.97999954,276.55,0.08,-1.11,74.32717705,983.01
27/10/2021,93.86000061,1.54,16.97999954,276.55,0.08,-1,74.70248921,982.14
28/10/2021,93.34999847,1.57,16.53000069,276.55,0.08,-0.96,74.46231041,982.14
29/10/2021,94.12000275,1.55,16.26000023,276.55,0.08,-0.92,74.59690978,979.52
1/11/2021,93.87999725,1.58,16.40999985,276.55,0.08,-0.95,76.11489154,979.52
2/11/2021,94.08999634,1.56,16.03000069,276.55,0.08,-0.93,75.93214451,978.07
3/11/2021,93.86000061,1.6,15.10000038,276.55,0.08,-1.03,75.00209109,975.41
5/11/2021,94.31999969,1.45,16.47999954,276.55,0.08,-1.09,75.20702187,975.41
6/11/2021,94.31999969,1.45,16.47999954,276.55,0.08,-1.11,74.47528123,975.41
8/11/2021,94.05000305,1.51,17.21999931,276.55,0.08,-1.17,75.27659984,975.41
10/11/2021,94.84999847,1.56,18.72999954,276.55,0.08,-1.14,74.59926357,975.41
11/11/2021,95.18000031,1.56,17.65999985,276.55,0.08,-1.14,73.64135439,975.99
15/11/2021,95.41000366,1.63,16.48999977,278.919,0.08,-1.15,73.70186374,975.99
16/11/2021,95.91999817,1.63,16.37000084,278.919,0.08,-1.13,74.3258832,975.99
17/11/2021,95.83000183,1.6,17.11000061,278.919,0.08,-1.1,74.31045371,975.99
18/11/2021,95.54000092,1.59,17.59000015,278.919,0.08,-1.1,74.29172984,976.87
19/11/2021,96.06999969,1.54,17.90999985,278.919,0.08,-1.14,74.73595717,976.87
22/11/2021,96.5,1.63,19.17000008,278.919,0.08,-1.11,74.70540355,985
23/11/2021,96.48999786,1.67,19.37999916,278.919,0.08,-0.98,74.33016151,990.53
24/11/2021,96.83999634,1.64,18.57999992,278.919,0.08,-0.95,76.10411951,991.11
25/11/2021,96.83999634,1.64,18.57999992,278.919,0.08,-0.97,75.93207157,991.11
26/11/2021,96.08999634,1.48,28.62000084,278.919,0.08,-0.97,75.93207157,991.11
29/11/2021,96.33999634,1.52,22.95999908,278.919,0.08,-1.07,77.26230241,992.85
30/11/2021,95.98999786,1.43,27.19000053,278.919,0.08,-1.02,78.17448421,992.85
1/12/2021,96.05000305,1.43,31.12000084,278.919,0.08,-1.07,77.90907196,992.85
2/12/2021,96.12999725,1.44,27.95000076,278.919,0.08,-1.01,79.89595913,990.82
3/12/2021,96.12000275,1.35,30.67000008,278.919,0.08,-1.03,79.02602769,986.17
4/12/2021,96.12000275,1.35,30.67000008,278.919,0.08,-1.08,79.39407548,984.38
5/12/2021,96.12000275,1.35,30.67000008,278.919,0.08,-1.01,79.96670635,982.64
7/12/2021,96.37000275,1.48,21.88999939,278.919,0.08,-0.99,79.27246917,982.64
8/12/2021,95.88999939,1.52,19.89999962,278.919,0.08,-1,79.65163345,982.64
10/12/2021,96.05000305,1.48,18.69000053,278.919,0.08,-0.98,80.75907438,982.64
11/12/2021,96.05000305,1.48,18.69000053,278.919,0.08,-0.96,80.45577783,982.64
13/12/2021,96.31999969,1.42,20.30999947,280.845,0.08,-0.98,80.13907472,982.64
14/12/2021,96.56999969,1.44,21.88999939,280.845,0.08,-0.93,80.8882028,980.6
15/12/2021,96.51000214,1.47,19.29000092,280.845,0.08,-0.92,81.95090306,977.7
16/12/2021,96.04000092,1.44,20.56999969,280.845,0.08,-0.98,80.00890589,977.7
17/12/2021,96.56999969,1.41,21.56999969,280.845,0.08,-0.97,80.14395749,978.57
20/12/2021,96.55000305,1.43,22.87000084,280.845,0.08,-0.96,80.52525171,978.57
21/12/2021,96.48999786,1.48,21.01000023,280.845,0.08,-0.96,79.45515777,978.57
22/12/2021,96.08000183,1.46,18.62999916,280.845,0.08,-1.01,79.04527861,973.63
23/12/2021,96.01999664,1.5,17.95999908,280.845,0.08,-0.97,78.98477914,973.63
24/12/2021,96.01999664,1.5,17.95999908,280.845,0.08,-0.97,78.98477914,973.63
27/12/2021,96.08999634,1.48,17.68000031,280.845,0.08,-1.02,78.68488482,973.63
28/12/2021,96.19999695,1.49,17.54000092,280.845,0.08,-1.01,78.32633579,975.66
29/12/2021,95.93000031,1.55,16.95000076,280.845,0.08,-0.98,79.0047273,975.66
30/12/2021,95.97000122,1.52,17.32999992,280.845,0.08,-1.06,78.71721212,975.66
31/12/2021,95.66999817,1.52,17.21999931,280.845,0.08,-1.04,78.33933768,975.66
2/1/2022,95.66999817,1.52,17.21999931,280.845,0.08,-0.97,78.95568022,975.66
3/1/2022,96.23999786,1.63,16.60000038,280.845,0.08,-0.91,78.73947355,980.31
4/1/2022,96.29000092,1.66,16.90999985,280.845,0.08,-0.82,78.81641493,979.99
6/1/2022,96.25,1.73,19.61000061,280.845,0.08,-0.73,80.66654498,978.82
7/1/2022,95.73999786,1.76,18.76000023,280.845,0.08,-0.72,80.24471163,977.08
8/1/2022,95.73999786,1.76,18.76000023,280.845,0.08,-0.7,80.12118386,977.08
9/1/2022,95.73999786,1.76,18.76000023,280.845,0.08,-0.79,79.7421729,976.21
11/1/2022,95.62000275,1.75,18.40999985,280.845,0.08,-0.74,78.75861599,976.21
12/1/2022,95,1.74,17.62000084,280.845,0.08,-0.73,78.6525544,976.21
13/01/2022,94.79000092,1.7,20.30999947,282.543,0.08,-0.66,79.28506201,976.21
14/01/2022,95.16999817,1.78,19.19000053,282.543,0.08,-0.66,79.28506201,976.21
17/01/2022,95.16999817,1.78,19.19000053,282.543,0.08,-0.59,77.16183789,976.21
18/01/2022,95.73000336,1.87,22.79000092,282.543,0.08,-0.57,76.07941833,981.44
19/01/2022,95.51000214,1.83,23.85000038,282.543,0.08,-0.5,74.56193464,980.86
20/01/2022,95.73999786,1.83,25.59000015,282.543,0.08,-0.59,75.33931525,1008.45
21/01/2022,95.63999939,1.75,28.85000038,282.543,0.08,-0.63,77.39861085,1008.45
24/01/2022,95.91999817,1.75,29.89999962,282.543,0.08,-0.63,77.53180274,1013.1
25/01/2022,95.94999695,1.78,31.15999985,282.543,0.08,-0.53,76.86395117,1014.26
26/01/2022,96.48999786,1.85,31.95999908,282.543,0.08,-0.59,79.09407764,1014.26
27/01/2022,97.26000214,1.81,30.48999977,282.543,0.08,-0.66,80.03318181,1014.26
28/01/2022,97.26999664,1.78,27.65999985,282.543,0.08,-0.65,80.15181796,1017.75
31/01/2022,96.54000092,1.79,24.82999992,282.543,0.08,-0.62,79.67339331,1018.04
2/2/2022,95.94000244,1.78,22.09000015,282.543,0.08,-0.63,79.66183417,1016.59
3/2/2022,95.37999725,1.82,24.35000038,282.543,0.08,-0.56,80.58100559,1014.84
5/2/2022,95.48000336,1.93,23.21999931,282.543,0.08,-0.48,80.38264494,1011.6
6/2/2022,95.48000336,1.93,23.21999931,282.543,0.08,-0.48,78.89582071,1011.6
8/2/2022,95.63999939,1.96,21.44000053,282.543,0.08,-0.46,78.74973053,1015.96
9/2/2022,95.48999786,1.94,19.95999908,282.543,0.08,-0.48,78.64243728,1015.96
11/2/2022,96.08000183,1.92,27.36000061,282.543,0.08,-0.42,78.07304824,1015.96
12/2/2022,96.08000183,1.92,27.36000061,282.543,0.08,-0.51,78.7811397,1019.44
14/02/2022,96.37000275,1.98,28.32999992,284.5,0.08,-0.5,78.33927674,1019.44
15/02/2022,95.98999786,2.05,25.70000076,284.5,0.08,-0.43,79.47553779,1019.44
16/02/2022,95.69999695,2.03,24.29000092,284.5,0.08,-0.43,79.24240348,1019.44
17/02/2022,95.80000305,1.97,28.11000061,284.5,0.08,-0.46,79.61380194,1019.44
18/02/2022,96.04000092,1.92,27.75,284.5,0.08,-0.49,79.13801164,1024.09
21/02/2022,96.04000092,1.92,27.75,284.5,0.08,-0.49,79.13801164,1024.09
22/02/2022,96.02999878,1.94,28.80999947,284.5,0.08,-0.51,78.40483365,1024.09
23/02/2022,96.19000244,1.99,31.02000046,284.5,0.08,-0.54,77.75198238,1029.31
24/02/2022,97.13999939,1.96,30.31999969,284.5,0.08,-0.59,77.98346882,1029.31
25/02/2022,96.62000275,1.97,27.59000015,284.5,0.08,-0.57,78.61399427,1026.99
28/02/2022,96.70999908,1.83,30.14999962,284.5,0.08,-0.79,77.9688855,1029.02
1/3/2022,97.41000366,1.72,33.31999969,284.5,0.2,-0.9,76.07112063,1042.38
2/3/2022,97.38999939,1.86,30.73999977,284.5,0.2,-0.85,76.27764688,1050.22
3/3/2022,97.79000092,1.86,30.47999954,284.5,0.2,-0.83,76.74667845,1050.22
5/3/2022,98.65000153,1.74,31.97999954,284.5,0.2,-0.93,76.21984357,1054.28
6/3/2022,98.65000153,1.74,31.97999954,284.5,0.2,-0.99,77.54443571,1062.7
8/3/2022,99.05999756,1.86,35.13000107,284.5,0.2,-1.04,75.87399355,1067.34
10/3/2022,98.51000214,1.98,30.22999954,284.5,0.2,-0.9,77.10137154,1063.28
11/3/2022,99.12000275,2,30.75,284.5,0.2,-0.88,76.25753764,1061.53
14/03/2022,99.05999756,2.14,31.77000046,287.674,0.2,-0.94,75.94805343,1064.15
15/03/2022,99.06999969,2.15,29.82999992,287.674,0.2,-0.79,77.62636729,1064.15
16/03/2022,98.37999725,2.19,26.67000008,287.674,0.2,-0.69,76.76233181,1061.83
17/03/2022,98.01000214,2.2,25.67000008,287.674,0.2,-0.61,77.34089964,1070.53
18/03/2022,98.23000336,2.14,23.87000084,287.674,0.2,-0.71,75.91072559,1073.44
21/03/2022,98.5,2.32,23.53000069,287.674,0.2,-0.72,76.95868799,1082.44
22/03/2022,98.48999786,2.38,22.94000053,287.674,0.2,-0.58,76.28352215,1083.6
23/03/2022,98.62000275,2.32,23.56999969,287.674,0.2,-0.53,77.18303932,1083.6
24/03/2022,98.79000092,2.34,21.67000008,287.674,0.2,-0.62,76.94080134,1087.66
25/03/2022,98.80999756,2.48,20.80999947,287.674,0.2,-0.58,75.73745191,1087.66
28/03/2022,99.08999634,2.46,19.62999916,287.674,0.2,-0.47,76.33522568,1093.18
29/03/2022,98.40000153,2.41,18.89999962,287.674,0.2,-0.49,77.04162416,1093.18
30/03/2022,97.79000092,2.35,19.32999992,287.674,0.2,-0.45,77.35879716,1091.44
31/03/2022,98.30999756,2.32,20.55999947,287.674,0.2,-0.51,77.02266465,1091.44
1/4/2022,98.62999725,2.39,19.62999916,287.674,0.2,-0.52,77.59244969,1091.44
2/4/2022,98.62999725,2.39,19.62999916,287.674,0.33,-0.41,77.87922896,1091.73
3/4/2022,98.62999725,2.39,19.62999916,287.674,0.33,-0.38,78.47380328,1089.98
4/4/2022,98.98999786,2.42,18.56999969,287.674,0.33,-0.3,78.39612011,1087.3
5/4/2022,99.47000122,2.54,21.03000069,287.674,0.33,-0.22,78.44612678,1087.3
7/4/2022,99.75,2.66,21.54999924,287.674,0.33,-0.16,78.18704016,1088.75
8/4/2022,99.80000305,2.72,21.15999985,287.674,0.33,-0.15,78.23038626,1090.49
10/4/2022,99.80000305,2.72,21.15999985,287.674,0.33,-0.12,77.8404996,1090.49
11/4/2022,99.93000031,2.79,24.37000084,287.674,0.33,-0.14,76.66083368,1093.1
13/04/2022,99.87999725,2.7,21.81999969,288.561,0.33,-0.1,76.13374194,1104.42
14/04/2022,100.3199997,2.83,22.70000076,288.561,0.33,-0.06,76.71856689,1099.49
15/04/2022,100.3199997,2.83,22.70000076,288.561,0.33,-0.06,76.71856689,1099.49
18/04/2022,100.7799988,2.85,22.17000008,288.561,0.33,-0.07,75.85692696,1100.36
19/04/2022,100.9599991,2.93,21.37000084,288.561,0.33,0,77.02335054,1106.74
20/04/2022,100.3899994,2.85,20.31999969,288.561,0.33,-0.07,77.25761826,1106.74
21/04/2022,100.5800018,2.9,22.68000031,288.561,0.33,-0.12,78.99354216,1104.13
22/04/2022,101.2200012,2.9,28.20999908,288.561,0.33,-0.08,79.60588706,1104.13
25/04/2022,101.75,2.81,27.02000046,288.561,0.33,-0.1,79.98986014,1101.23
26/04/2022,102.3000031,2.77,33.52000046,288.561,0.33,-0.08,80.7662917,1099.49
27/04/2022,102.9499969,2.82,31.60000038,288.561,0.33,-0.06,80.39474847,1095.71
28/04/2022,103.6200027,2.85,29.98999977,288.561,0.33,-0.12,81.65938756,1095.71
29/04/2022,102.9599991,2.89,33.40000153,288.561,0.33,0.01,82.86892244,1094.55
1/5/2022,102.9599991,2.89,33.40000153,288.561,0.77,0.18,82.58516666,1092.23
4/5/2022,102.5899963,2.93,25.42000008,288.561,0.77,0.14,82.61350183,1089.04
5/5/2022,103.75,3.05,31.20000076,288.561,0.77,0.07,83.48985067,1089.04
7/5/2022,103.6600037,3.12,30.19000053,288.561,0.77,0.18,83.66071571,1084.98
8/5/2022,103.6600037,3.12,30.19000053,288.561,0.77,0.26,84.26427265,1082
9/5/2022,103.6500015,3.05,34.75,288.561,0.77,0.3,85.25847079,1075.9
10/5/2022,103.9199982,2.99,32.99000168,288.561,0.77,0.34,86.01683389,1068.65
12/5/2022,104.8499985,2.84,31.77000046,288.561,0.77,0.21,85.96751931,1066.62
13/05/2022,104.5599976,2.93,28.87000084,291.298,0.77,0.25,87.8643374,1060.82
16/05/2022,104.1900024,2.88,27.46999931,291.298,0.77,0.24,86.1322955,1055.89
17/05/2022,103.3600006,2.98,26.10000038,291.298,0.77,0.2,84.21174891,1053.28
18/05/2022,103.8099976,2.89,30.95999908,291.298,0.77,0.27,83.64539688,1049.21
19/05/2022,102.7200012,2.84,29.35000038,291.298,0.77,0.17,84.33102422,1049.21
20/05/2022,103.1500015,2.78,29.43000031,291.298,0.77,0.25,84.08073298,1056.18
23/05/2022,102.0800018,2.86,28.47999954,291.298,0.77,0.23,84.99700012,1063.43
24/05/2022,101.8600006,2.76,29.45000076,291.298,0.77,0.26,85.06191986,1068.07
25/05/2022,102.0599976,2.75,28.37000084,291.298,0.77,0.21,84.53519462,1068.07
26/05/2022,101.8300018,2.75,27.5,291.298,0.77,0.19,84.45562212,1069.81
27/05/2022,101.6699982,2.74,25.71999931,291.298,0.77,0.13,84.1985336,1069.81
30/05/2022,101.6699982,2.74,25.71999931,291.298,0.77,0.11,83.92112845,1069.81
31/05/2022,101.75,2.85,26.19000053,291.298,0.77,0.11,83.92112845,1069.81
1/6/2022,102.5500031,2.94,25.69000053,291.298,0.77,0.21,85.10923423,1068.36
4/6/2022,102.1399994,2.96,24.79000092,291.298,1.21,0.29,84.23048726,1067.2
5/6/2022,102.1399994,2.96,24.79000092,291.298,1.21,0.26,83.87256333,1066.04
6/6/2022,102.4400024,3.04,25.06999969,291.298,1.21,0.22,84.30333832,1066.04
7/6/2022,102.3199997,2.98,24.02000046,291.298,1.21,0.28,83.31974272,1063.06
9/6/2022,103.2200012,3.04,26.09000015,291.298,1.21,0.25,83.37469953,1063.06
10/6/2022,104.1500015,3.15,27.75,291.298,1.21,0.28,83.89508355,1065.39
12/6/2022,104.1500015,3.15,27.75,291.298,1.21,0.29,84.81901059,1065.39
13/06/2022,105.0800018,3.43,34.02000046,294.957,1.21,0.39,85.40592301,1068.87
14/06/2022,105.5199966,3.49,32.68999863,294.957,1.21,0.69,86.08024085,1068.87
15/06/2022,105.1600037,3.33,29.62000084,294.957,1.21,0.89,86.4300692,1063.94
16/06/2022,103.6299973,3.28,32.95000076,294.957,1.21,0.63,84.81917637,1063.94
17/06/2022,104.6999969,3.25,31.12999916,294.957,1.21,0.66,84.40572105,1063.94
20/06/2022,104.6999969,3.25,31.12999916,294.957,1.21,0.67,85.08784033,1075.54
21/06/2022,104.4400024,3.31,30.19000053,294.957,1.21,0.67,85.08784033,1075.54
22/06/2022,104.1999969,3.16,28.95000076,294.957,1.21,0.7,84.3339156,1073.8
23/06/2022,104.4300003,3.09,29.04999924,294.957,1.21,0.62,85.68692877,1071.77
24/06/2022,104.1900024,3.13,27.22999954,294.957,1.21,0.59,86.80581908,1063.07
27/06/2022,103.9400024,3.2,26.95000076,294.957,1.21,0.57,86.49839303,1061.04
28/06/2022,104.5100021,3.2,28.36000061,294.957,1.21,0.65,86.05794179,1056.4
29/06/2022,105.1100006,3.1,28.15999985,294.957,1.21,0.72,87.39240865,1054.37
30/06/2022,104.6900024,2.98,28.70999908,294.957,1.21,0.74,87.75401662,1052.63
1/7/2022,105.1399994,2.88,26.70000076,294.957,1.21,0.65,88.95079441,1050.31
2/7/2022,105.1399994,2.88,26.70000076,294.957,1.68,0.54,91.79466312,1041.9
3/7/2022,105.1399994,2.88,26.70000076,294.957,1.68,0.54,91.79466312,1041.9
4/7/2022,105.1399994,2.88,26.70000076,294.957,1.68,0.52,92.4732335,1032.04
6/7/2022,107.0999985,2.93,26.72999954,294.957,1.68,0.64,90.90385683,1024.43
7/7/2022,107.1299973,3.01,26.07999992,294.957,1.68,0.68,90.88484719,1024.43
9/7/2022,107.0100021,3.09,24.63999939,294.957,1.68,0.72,90.81233329,1023.27
10/7/2022,107.0100021,3.09,24.63999939,294.957,1.68,0.67,90.73268219,1023.27
11/7/2022,108.0199966,2.99,26.17000008,294.957,1.68,0.64,91.18472054,1021.53
12/7/2022,108.0699997,2.96,27.29000092,294.957,1.68,0.6,90.61552445,1019.79
13/07/2022,107.9599991,2.91,26.81999969,294.913,1.68,0.62,93.81363538,1016.89
14/07/2022,108.5400009,2.96,26.39999962,294.913,1.68,0.57,91.78348035,1014.28
15/07/2022,108.0599976,2.93,24.22999954,294.913,1.68,0.59,90.95843318,1009.06
18/07/2022,107.3700027,2.96,25.29999924,294.913,1.68,0.62,91.59078699,1009.06
19/07/2022,106.6800003,3.01,24.5,294.913,1.68,0.66,91.17978462,1005.87
20/07/2022,107.0800018,3.04,23.87999916,294.913,1.68,0.58,91.65194659,1005.87
21/07/2022,106.9100037,2.91,23.11000061,294.913,1.68,0.43,92.92978535,1005.87
22/07/2022,106.7300034,2.77,23.03000069,294.913,1.68,0.45,93.96523129,1005.29
25/07/2022,106.4800034,2.81,23.36000061,294.913,1.68,0.45,92.91393934,1005.29
26/07/2022,107.1900024,2.81,24.69000053,294.913,1.68,0.36,92.65887038,1005.29
27/07/2022,106.4499969,2.78,23.23999977,294.913,1.68,0.2,88.27861393,1005.29
28/07/2022,106.3499985,2.68,22.32999992,294.913,1.68,0.14,87.46279085,1005.87
29/07/2022,105.9000015,2.67,21.32999992,294.913,2.33,0.09,87.04851669,1005.87
2/8/2022,106.2399979,2.75,23.93000031,294.913,2.33,0.27,88.09251509,1002.97
3/8/2022,106.5100021,2.73,21.95000076,294.913,2.33,0.23,88.49735818,1000.65
4/8/2022,105.6900024,2.68,21.44000053,294.913,2.33,0.22,88.98452247,1000.32
6/8/2022,106.6200027,2.83,21.14999962,294.913,2.33,0.37,89.45456393,999.16
7/8/2022,106.6200027,2.83,21.14999962,294.913,2.33,0.29,86.77156813,999.16
8/8/2022,106.4400024,2.77,21.29000092,294.913,2.33,0.33,87.6918557,999.16
9/8/2022,106.3700027,2.8,21.77000046,294.913,2.33,0.35,86.66859445,997.42
11/8/2022,105.0899963,2.87,20.20000076,294.913,2.33,0.4,88.04978512,997.42
12/8/2022,105.6299973,2.84,19.53000069,294.913,2.33,0.37,86.98553812,995.97
15/08/2022,106.5500031,2.79,19.95000076,295.097,2.33,0.35,87.96602996,993.94
16/08/2022,106.5,2.82,19.69000053,295.097,2.33,0.38,88.37278365,992.2
17/08/2022,106.5699997,2.89,19.89999962,295.097,2.33,0.43,89.30546443,989.01
18/08/2022,107.4800034,2.88,19.55999947,295.097,2.33,0.36,90.25607019,985.83
19/08/2022,108.1699982,2.98,20.60000038,295.097,2.33,0.43,91.69902003,989.01
22/08/2022,109.0500031,3.03,23.79999924,295.097,2.33,0.46,91.87728895,987.56
23/08/2022,108.6200027,3.05,24.11000061,295.097,2.33,0.47,91.87882015,984.38
24/08/2022,108.6800003,3.11,22.81999969,295.097,2.33,0.49,92.50066189,984.38
25/08/2022,108.4700012,3.03,21.78000069,295.097,2.33,0.43,91.9732063,984.38
26/08/2022,108.8000031,3.04,25.55999947,295.097,2.33,0.47,92.64140858,982.64
29/08/2022,108.8399963,3.12,26.20999908,295.097,2.33,0.54,93.59202086,980.61
30/08/2022,108.7699966,3.11,26.20999908,295.097,2.33,0.56,94.89508858,976.26
31/08/2022,108.6999969,3.15,25.87000084,295.097,2.33,0.67,96.43058961,973.37
2/9/2022,109.5299988,3.2,25.46999931,295.097,2.56,0.81,96.66685192,973.08
3/9/2022,109.5299988,3.2,25.46999931,295.097,2.56,0.73,96.18587637,973.08
5/9/2022,109.5299988,3.2,25.46999931,295.097,2.56,0.73,96.18587637,973.08
6/9/2022,110.2099991,3.33,26.90999985,295.097,2.56,0.85,95.55493212,971.05
8/9/2022,109.7099991,3.29,23.61000061,295.097,2.56,0.82,94.57463368,971.05
9/9/2022,109,3.33,22.79000092,295.097,2.56,0.88,93.18057867,968.15
11/9/2022,109,3.33,22.79000092,295.097,2.56,0.91,91.98198436,966.64
12/9/2022,108.3300018,3.37,23.87000084,295.097,2.56,0.95,87.47659069,964.91
13/09/2022,109.8199997,3.42,27.27000046,296.349,2.56,0.98,87.93192644,962.88
14/09/2022,109.6600037,3.41,26.15999985,296.349,2.56,0.95,87.12957432,960.56
15/09/2022,109.7399979,3.45,26.27000046,296.349,2.56,1.02,86.85267748,962.01
16/09/2022,109.7600021,3.45,26.29999924,296.349,2.56,1.07,86.63453525,960.85
19/09/2022,109.7399979,3.49,25.76000023,296.349,2.56,1.15,86.45254445,957.95
20/09/2022,110.2200012,3.57,27.15999985,296.349,2.56,1.17,86.88619063,953.32
21/09/2022,110.6399994,3.51,27.98999977,296.349,2.56,1.13,85.7555013,952.16
22/09/2022,111.3499985,3.7,27.35000038,296.349,2.56,1.29,85.47166053,950.13
23/09/2022,113.1900024,3.69,29.92000008,296.349,2.56,1.32,87.32551794,947.23
26/09/2022,114.0999985,3.88,32.25999832,296.349,2.56,1.56,88.19406915,943.47
27/09/2022,114.1100006,3.97,32.59999847,296.349,2.56,1.64,89.10006868,940.86
28/09/2022,112.5999985,3.72,30.18000031,296.349,2.56,1.39,88.33794777,943.18
29/09/2022,112.25,3.76,31.84000015,296.349,2.56,1.57,89.11396457,941.15
30/09/2022,112.1200027,3.83,31.62000084,296.349,2.56,1.68,87.67933042,939.7
1/10/2022,112.1200027,3.83,31.62000084,296.349,3.08,1.43,82.50402547,942.89
2/10/2022,112.1200027,3.83,31.62000084,296.349,3.08,1.38,81.81299244,944.63
3/10/2022,111.75,3.67,30.10000038,296.349,3.08,1.54,83.56853444,946.34
5/10/2022,111.0699997,3.76,28.54999924,296.349,3.08,1.61,83.11240632,946.34
6/10/2022,112.2600021,3.83,30.52000046,296.349,3.08,1.62,84.21652375,944.31
8/10/2022,112.8000031,3.89,31.36000061,296.349,3.08,1.62,85.25772498,944.31
10/10/2022,113.1399994,3.89,32.45000076,296.349,3.08,1.62,86.41066285,944.31
11/10/2022,113.2200012,3.93,33.63000107,296.349,3.08,1.62,88.47865377,945.47
13/10/2022,112.3600006,3.97,31.94000053,298.007,3.08,1.63,88.55658169,944.31
14/10/2022,113.3099976,4,32.02000046,298.007,3.08,1.59,91.12961459,941.13
17/10/2022,112.0400009,4.02,31.37000084,298.007,3.08,1.57,88.73299877,939.1
18/10/2022,112.1299973,4.01,30.5,298.007,3.08,1.6,88.79436088,938.81
19/10/2022,112.9800034,4.14,30.76000023,298.007,3.08,1.72,88.75981461,932.73
20/10/2022,112.8799973,4.24,29.97999954,298.007,3.08,1.73,87.36740688,930.99
21/10/2022,112.0100021,4.21,29.69000053,298.007,3.08,1.69,86.69852773,928.1
24/10/2022,111.9899979,4.25,29.85000038,298.007,3.08,1.66,85.98622977,928.39
25/10/2022,110.9499969,4.1,28.45999908,298.007,3.08,1.59,85.46460462,928.39
26/10/2022,109.6999969,4.04,27.28000069,298.007,3.08,1.6,85.42094657,928.39
27/10/2022,110.5899963,3.96,27.38999939,298.007,3.08,1.51,85.26028835,925.2
28/10/2022,110.6699982,4.02,25.75,298.007,3.08,1.51,85.63221551,922.59
31/10/2022,111.5299988,4.1,25.87999916,298.007,3.08,1.58,85.53725618,920.57
1/11/2022,111.4800034,4.07,25.80999947,298.007,3.78,1.56,83.61713882,919.12
2/11/2022,111.3499985,4.1,25.86000061,298.007,3.78,1.57,83.96428159,915.07
3/11/2022,112.9300003,4.14,25.29999924,298.007,3.78,1.74,83.72607429,911.59
4/11/2022,110.8799973,4.17,24.54999924,298.007,3.78,1.69,80.4473269,906.96
5/11/2022,110.8799973,4.17,24.54999924,298.007,3.78,1.69,80.22298509,905.48
7/11/2022,110.1200027,4.22,24.35000038,298.007,3.78,1.64,79.71783921,908.38
8/11/2022,109.6200027,4.14,25.54000092,298.007,3.78,1.7,80.2939219,908.38
10/11/2022,108.2099991,3.82,23.53000069,298.007,3.78,1.43,80.74457006,911.57
11/11/2022,106.2900009,3.82,22.52000046,298.007,3.78,1.43,81.58551268,910.12
14/11/2022,106.6600037,3.88,23.72999954,298.786,3.78,1.51,80.28245752,910.41
15/11/2022,106.4000015,3.8,24.54000092,298.786,3.78,1.45,82.50616324,904.62
16/11/2022,106.2799988,3.67,24.11000061,298.786,3.78,1.38,82.4497779,906.35
17/11/2022,106.6900024,3.77,23.93000031,298.786,3.78,1.49,84.02768099,906.35
18/11/2022,106.9300003,3.82,23.12000084,298.786,3.78,1.57,83.51926194,904.62
21/11/2022,107.8399963,3.83,22.36000061,298.786,3.78,1.52,83.33253139,906.06
22/11/2022,107.2200012,3.76,21.29000092,298.786,3.78,1.44,82.64238928,906.93
23/11/2022,106.0800018,3.71,20.35000038,298.786,3.78,1.39,81.70154964,906.93
24/11/2022,106.0800018,3.71,20.35000038,298.786,3.78,1.39,81.70154964,906.93
25/11/2022,105.9599991,3.68,20.5,298.786,3.78,1.36,81.83431091,908.96
28/11/2022,106.6800003,3.69,22.20999908,298.786,3.78,1.43,83.21855515,908.09
29/11/2022,106.8199997,3.75,21.88999939,298.786,3.78,1.5,82.45613966,908.09
30/11/2022,105.9499969,3.68,20.57999992,298.786,3.78,1.34,81.02088454,908.09
1/12/2022,104.7300034,3.53,19.84000015,298.786,4.1,1.17,79.56443189,906.64
4/12/2022,104.5500031,3.51,19.05999947,298.786,4.1,1.08,77.95381613,905.49
5/12/2022,105.2900009,3.6,20.75,298.786,4.1,1.21,79.61620216,903.46
7/12/2022,105.0999985,3.42,22.68000031,298.786,4.1,1.2,79.97559614,906.06
8/12/2022,104.7699966,3.48,22.29000092,298.786,4.1,1.16,78.6217557,908.09
9/12/2022,104.8099976,3.57,22.82999992,298.786,4.1,1.2,77.55712494,908.09
10/12/2022,104.8099976,3.57,22.82999992,298.786,4.1,1.31,76.4011042,910.4
12/12/2022,105.1299973,3.61,25,298.786,4.1,1.33,76.67958883,910.4
13/12/2022,103.9800034,3.51,22.54999924,298.832,4.1,1.27,76.21108269,912.72
14/12/2022,103.7699966,3.49,21.13999939,298.832,4.1,1.3,75.48233795,911.56
15/12/2022,104.5599976,3.44,22.82999992,298.832,4.1,1.28,76.84192024,913.88
16/12/2022,104.6999969,3.48,22.62000084,298.832,4.1,1.35,77.31847747,910.4
19/12/2022,104.7200012,3.57,22.42000008,298.832,4.1,1.42,77.62820805,912.14
20/12/2022,103.9700012,3.69,21.47999954,298.832,4.1,1.45,75.36731281,913.88
21/12/2022,104.1600037,3.68,20.06999969,298.832,4.1,1.41,75.55232103,913.88
22/12/2022,104.4300003,3.67,21.96999931,298.832,4.1,1.48,76.12029361,913.88
23/12/2022,104.3099976,3.75,20.87000084,298.832,4.1,1.55,75.57229545,913.01
26/12/2022,104.3099976,3.75,20.87000084,298.832,4.1,1.55,75.57229545,913.01
27/12/2022,104.1800003,3.84,21.64999962,298.832,4.1,1.58,75.49084774,918.51
28/12/2022,104.4599991,3.88,22.13999939,298.832,4.1,1.6,76.40197846,918.51
29/12/2022,103.8399963,3.83,21.44000053,298.832,4.1,1.56,75.56691033,918.51
30/12/2022,103.5199966,3.88,21.67000008,298.832,4.1,1.58,76.25932396,917.64
2/1/2023,103.5199966,3.88,21.67000008,298.832,4.33,1.58,76.25932396,917.64
3/1/2023,104.5199966,3.79,22.89999962,298.832,4.33,1.53,76.46618521,917.64
5/1/2023,105.0400009,3.71,22.45999908,298.832,4.33,1.47,77.87491859,916.77
6/1/2023,103.8799973,3.55,21.12999916,298.832,4.33,1.49,78.8889885,916.77
8/1/2023,103.8799973,3.55,21.12999916,298.832,4.33,1.34,78.25539047,915.33
9/1/2023,103,3.53,21.96999931,298.832,4.33,1.31,78.97688764,915.33
11/1/2023,103.1900024,3.54,21.09000015,298.832,4.33,1.37,79.61883601,914.17
12/1/2023,102.25,3.43,18.82999992,298.832,4.33,1.31,80.3618126,912.43
13/01/2023,102.1999969,3.49,18.35000038,300.42,4.33,1.22,79.4325915,912.14
16/01/2023,102.1999969,3.49,18.35000038,300.42,4.33,1.31,79.17130755,912.14
17/01/2023,102.3899994,3.53,19.36000061,300.42,4.33,1.31,79.17130755,912.14
18/01/2023,102.3600006,3.37,20.34000015,300.42,4.33,1.36,79.6525197,909.24
19/01/2023,102.0599976,3.39,20.52000046,300.42,4.33,1.25,80.9349753,910.98
20/01/2023,102.0100021,3.48,19.85000038,300.42,4.33,1.19,80.91689817,912.43
23/01/2023,102.1399994,3.52,19.80999947,300.42,4.33,1.25,80.8392795,917.05
24/01/2023,101.9199982,3.46,19.20000076,300.42,4.33,1.24,82.17209633,917.05
25/01/2023,101.6399994,3.46,19.07999992,300.42,4.33,1.19,81.77512836,917.34
26/01/2023,101.8399963,3.49,18.72999954,300.42,4.33,1.17,81.42958572,919.37
27/01/2023,101.9300003,3.52,18.51000023,300.42,4.33,1.16,80.61428964,919.37
30/01/2023,102.2799988,3.55,19.94000053,300.42,4.33,1.19,81.9738998,918.5
31/01/2023,102.0999985,3.52,19.39999962,300.42,4.33,1.26,81.32374655,917.05
1/2/2023,101.2200012,3.39,17.87000084,300.42,4.33,1.28,81.24895005,917.05
2/2/2023,101.75,3.4,18.72999954,300.42,4.57,1.14,81.96080338,918.5
3/2/2023,102.9199982,3.53,18.32999992,300.42,4.57,1.18,81.42687246,920.24
5/2/2023,102.9199982,3.53,18.32999992,300.42,4.57,1.31,83.41094542,920.24
6/2/2023,103.6200027,3.63,19.43000031,300.42,4.57,1.38,84.15024337,917.92
8/2/2023,103.4100037,3.63,19.62999916,300.42,4.57,1.36,84.62720541,920.82
10/2/2023,103.6299973,3.74,20.53000069,300.42,4.57,1.29,83.93615486,921.1
11/2/2023,103.6299973,3.74,20.53000069,300.42,4.57,1.34,84.4549007,920.79
13/02/2023,103.3499985,3.72,20.34000015,301.45,4.57,1.41,84.54207204,920.79
14/02/2023,103.2300034,3.77,18.90999985,301.45,4.57,1.41,84.87945536,920.79
15/02/2023,103.9199982,3.81,18.22999954,301.45,4.57,1.46,84.88234046,920.79
16/02/2023,103.8600006,3.86,20.17000008,301.45,4.57,1.46,85.12949,921.08
17/02/2023,103.8600006,3.82,20.02000046,301.45,4.57,1.49,84.94742661,921.08
20/02/2023,103.8600006,3.82,20.02000046,301.45,4.57,1.46,84.83451663,919.92
21/02/2023,104.1800003,3.95,22.87000084,301.45,4.57,1.46,84.83451663,919.92
22/02/2023,104.5899963,3.93,22.29000092,301.45,4.57,1.53,83.81727758,919.92
23/02/2023,104.5999985,3.88,21.13999939,301.45,4.57,1.52,84.57596876,919.06
24/02/2023,105.2099991,3.95,21.67000008,301.45,4.57,1.49,85.35612086,917.32
27/02/2023,104.6699982,3.92,20.95000076,301.45,4.57,1.57,86.936464,917.32
28/02/2023,104.8700027,3.92,20.70000076,301.45,4.57,1.56,87.90517626,917.61
1/3/2023,104.4800034,4.01,20.57999992,301.45,4.57,1.49,87.2525159,915.3
2/3/2023,105.0299988,4.08,19.59000015,301.45,4.65,1.57,87.68070916,912.69
3/3/2023,104.5199966,3.97,18.48999977,301.45,4.65,1.6,88.29336097,912.69
4/3/2023,104.5199966,3.97,18.48999977,301.45,4.65,1.45,87.59777723,912.12
5/3/2023,104.5199966,3.97,18.48999977,301.45,4.65,1.49,88.06233751,912.12
7/3/2023,105.6200027,3.97,19.59000015,301.45,4.65,1.59,90.45078025,906.62
8/3/2023,105.6600037,3.98,19.11000061,301.45,4.65,1.66,90.61234827,906.62
10/3/2023,104.5800018,3.7,24.79999924,301.45,4.65,1.63,91.35081566,903.15
11/3/2023,104.5800018,3.7,24.79999924,301.45,4.65,1.44,91.38650307,901.42
13/03/2023,103.5999985,3.55,26.52000046,301.821,4.65,1.31,87.7208285,913.27
14/03/2023,103.5999985,3.64,23.72999954,301.821,4.65,1.33,86.9259828,913.27
15/03/2023,104.6500015,3.51,26.13999939,301.821,4.65,1.22,88.48167359,914.72
16/03/2023,104.4199982,3.56,22.98999977,301.821,4.65,1.34,88.89197973,914.72
17/03/2023,103.7099991,3.39,25.51000023,301.821,4.65,1.29,88.13028784,921.08
20/03/2023,103.2799988,3.47,24.14999962,301.821,4.65,1.33,87.83561302,924.55
21/03/2023,103.2600021,3.59,21.37999916,301.821,4.65,1.36,86.81240153,923.11
22/03/2023,102.3499985,3.48,22.26000023,301.821,4.65,1.2,85.85667538,923.11
23/03/2023,102.5299988,3.38,22.61000061,301.821,4.65,1.19,86.14760311,925.42
24/03/2023,103.1200027,3.38,21.73999977,301.821,4.65,1.16,85.26261443,923.97
27/03/2023,102.8600006,3.53,20.60000038,301.821,4.65,1.29,84.68812146,923.97
28/03/2023,102.4300003,3.55,19.96999931,301.821,4.65,1.24,84.56525788,927.73
29/03/2023,102.6399994,3.57,19.12000084,301.821,4.65,1.24,84.10763269,929.47
30/03/2023,102.1399994,3.55,19.02000046,301.821,4.65,1.21,82.85080803,929.47
31/03/2023,102.5100021,3.48,18.70000076,301.821,4.65,1.16,81.78268743,928.02
1/4/2023,102.5100021,3.48,18.70000076,301.821,4.83,1.14,82.86621385,930.04
4/4/2023,101.5899963,3.35,19,301.821,4.83,1.1,80.81688126,930.04
5/4/2023,101.8499985,3.3,19.07999992,301.821,4.83,1.07,80.95581771,930.91
7/4/2023,101.8199997,3.39,18.39999962,301.821,4.83,1.06,80.3956066,930.91
8/4/2023,101.8199997,3.39,18.39999962,301.821,4.83,1.14,80.3956066,930.91
9/4/2023,101.8199997,3.39,18.39999962,301.821,4.83,1.14,80.05714891,933.22
10/4/2023,102.5800018,3.41,18.96999931,301.821,4.83,1.14,79.77398462,932.93
12/4/2023,101.5,3.41,19.09000015,301.821,4.83,1.14,79.15682875,934.08
13/04/2023,101.0100021,3.45,17.79999924,302.845,4.83,1.16,78.89387051,930.61
14/04/2023,101.5500031,3.52,17.06999969,302.845,4.83,1.22,78.75235872,927.72
17/04/2023,102.0999985,3.6,16.95000076,302.845,4.83,1.28,79.59924924,925.7
18/04/2023,101.75,3.58,16.82999992,302.845,4.83,1.3,79.50729122,924.25
19/04/2023,101.9700012,3.6,16.45999908,302.845,4.83,1.32,78.65646978,926.57
20/04/2023,101.8399963,3.54,17.17000008,302.845,4.83,1.28,79.13907179,926.57
21/04/2023,101.8199997,3.57,16.77000046,302.845,4.83,1.29,79.0124951,923.68
24/04/2023,101.3499985,3.52,16.88999939,302.845,4.83,1.24,78.60191238,927.43
25/04/2023,101.8600006,3.4,18.76000023,302.845,4.83,1.15,80.15435684,930.04
26/04/2023,101.4700012,3.43,18.84000015,302.845,4.83,1.18,79.83997137,930.04
27/04/2023,101.5,3.53,17.03000069,302.845,4.83,1.26,79.65016372,926.28
28/04/2023,101.6699982,3.44,15.77999973,302.845,4.83,1.26,79.60718156,926.28
1/5/2023,102.1500015,3.59,16.07999992,302.845,5.06,1.36,79.30744783,924.83
4/5/2023,101.4000015,3.37,20.09000015,302.845,5.06,1.24,79.29066691,928.3
5/5/2023,101.2099991,3.44,17.19000053,302.845,5.06,1.18,79.62788463,928.3
6/5/2023,101.2099991,3.44,17.19000053,302.845,5.06,1.18,78.66333828,930.03
7/5/2023,101.2099991,3.44,17.19000053,302.845,5.06,1.23,78.36693556,931.77
9/5/2023,101.6399994,3.53,17.70999908,302.845,5.06,1.29,79.04119497,937.55
10/5/2023,101.4800034,3.43,16.94000053,302.845,5.06,1.3,79.23573643,934.95
12/5/2023,102.6800003,3.46,17.03000069,302.845,5.06,1.26,79.7494193,938.99
15/05/2023,102.4300003,3.5,17.12000084,303.334,5.06,1.23,83.06328678,937.84
16/05/2023,102.5599976,3.54,17.98999977,303.334,5.06,1.28,83.96548647,937.54
17/05/2023,102.8799973,3.57,16.87000084,303.334,5.06,1.31,83.64073164,934.07
18/05/2023,103.5800018,3.65,16.04999924,303.334,5.06,1.35,83.76795995,934.94
19/05/2023,103.1999969,3.7,16.80999947,303.334,5.06,1.35,83.39086745,936.96
22/05/2023,103.1999969,3.72,17.20999908,303.334,5.06,1.42,83.27303384,936.96
23/05/2023,103.4899979,3.7,18.53000069,303.334,5.06,1.46,82.7215696,942.74
24/05/2023,103.8899994,3.73,20.03000069,303.334,5.06,1.48,83.27219212,943.89
25/05/2023,104.2099991,3.83,19.13999939,303.334,5.06,1.44,84.0248763,941.29
26/05/2023,104.2099991,3.8,17.95000076,303.334,5.06,1.48,84.9145606,941.29
29/05/2023,104.2099991,3.8,17.95000076,303.334,5.06,1.58,85.27604825,941.29
30/05/2023,104.1699982,3.69,17.45999908,303.334,5.06,1.57,83.65318394,941.29
31/05/2023,104.3199997,3.64,17.94000053,303.334,5.06,1.57,83.65318394,941.29
1/6/2023,103.5599976,3.61,15.64999962,303.334,5.06,1.47,84.67027027,939.56
2/6/2023,104.0199966,3.69,14.60000038,303.334,5.06,1.46,83.66277356,939.56
3/6/2023,104.0199966,3.69,14.60000038,303.334,5.08,1.45,82.84816754,938.11
4/6/2023,104.0199966,3.69,14.60000038,303.334,5.08,1.51,82.57835526,938.11
6/6/2023,104.1299973,3.7,13.96000004,303.334,5.08,1.5,83.19877484,939.56
7/6/2023,104.0999985,3.79,13.93999958,303.334,5.08,1.5,83.37575505,938.11
9/6/2023,103.5599976,3.75,13.82999992,303.334,5.08,1.58,82.88322964,934.65
10/6/2023,103.5599976,3.75,13.82999992,303.334,5.08,1.53,80.92647463,934.65
11/6/2023,103.5599976,3.75,13.82999992,303.334,5.08,1.55,80.63614616,931.76
12/6/2023,103.6299973,3.73,15.01000023,303.334,5.08,1.56,81.52178441,931.43
13/06/2023,103.3399963,3.84,14.60999966,304.014,5.08,1.64,81.8572122,931.43
14/06/2023,103.0100021,3.83,13.88000011,304.014,5.08,1.62,81.32174339,929.7
15/06/2023,102.1200027,3.72,14.5,304.014,5.08,1.51,81.94717624,929.7
16/06/2023,102.3000031,3.77,13.53999996,304.014,5.08,1.55,81.34241598,934.03
19/06/2023,102.3000031,3.77,13.53999996,304.014,5.08,1.55,81.34241598,934.03
20/06/2023,102.5400009,3.74,13.88000011,304.014,5.08,1.52,83.45190074,934.03
21/06/2023,102.0699997,3.72,13.19999981,304.014,5.08,1.51,84.89066631,932.3
22/06/2023,102.3899994,3.8,12.90999985,304.014,5.08,1.56,85.2513764,929.7
23/06/2023,102.9000015,3.74,13.43999958,304.014,5.08,1.53,85.95037852,927.1
26/06/2023,102.6900024,3.72,14.25,304.014,5.08,1.54,84.354305,925.66
27/06/2023,102.4899979,3.77,13.73999977,304.014,5.08,1.57,83.43868821,925.66
28/06/2023,102.9100037,3.71,13.43000031,304.014,5.08,1.53,83.62340591,926.81
29/06/2023,103.3399963,3.85,13.53999996,304.014,5.08,1.65,84.51153046,924.5
30/06/2023,102.9100037,3.81,13.59000015,304.014,5.08,1.59,84.22183343,921.9
2/7/2023,102.9100037,3.81,13.59000015,304.014,5.12,1.61,83.93168933,921.9
3/7/2023,102.9899979,3.86,13.56999969,304.014,5.12,1.61,83.93168933,921.9
4/7/2023,102.9899979,3.86,13.56999969,304.014,5.12,1.69,82.75207716,917.86
6/7/2023,103.1699982,4.05,15.43999958,304.014,5.12,1.78,84.13558502,917.86
7/7/2023,102.2699966,4.06,14.82999992,304.014,5.12,1.79,83.41417071,915.26
8/7/2023,102.2699966,4.06,14.82999992,304.014,5.12,1.76,83.14975929,915.26
9/7/2023,102.2699966,4.06,14.82999992,304.014,5.12,1.75,83.65676219,914.95
11/7/2023,101.7300034,3.99,14.84000015,304.014,5.12,1.6,81.10618157,914.66
12/7/2023,100.5199966,3.86,13.53999996,304.014,5.12,1.52,79.10206633,914.66
13/07/2023,99.76999664,3.76,13.60999966,304.609,5.12,1.59,78.36011755,914.66
14/07/2023,99.91000366,3.83,13.34000015,304.609,5.12,1.56,78.58638042,912.93
17/07/2023,99.83999634,3.81,13.47999954,304.609,5.12,1.57,78.82315341,912.07
18/07/2023,99.94000244,3.8,13.30000019,304.609,5.12,1.53,78.41310166,913.8
19/07/2023,100.2799988,3.75,13.76000023,304.609,5.12,1.5,79.3509383,913.8
20/07/2023,100.8799973,3.85,13.98999977,304.609,5.12,1.49,79.53275781,919
21/07/2023,101.0699997,3.84,13.60000038,304.609,5.12,1.48,80.22180319,919
24/07/2023,101.3499985,3.86,13.90999985,304.609,5.12,1.52,79.50161877,919
25/07/2023,101.3499985,3.91,13.85999966,304.609,5.12,1.5,79.31117679,917.26
26/07/2023,100.8899994,3.86,13.18999958,304.609,5.12,1.64,80.2690221,915.82
27/07/2023,101.7699966,4.01,14.40999985,304.609,5.12,1.58,80.44316606,912.93
28/07/2023,101.6200027,3.96,13.32999992,304.609,5.12,1.6,79.2830125,912.93
31/07/2023,101.8600006,3.97,13.63000011,304.609,5.33,1.68,80.16771053,909.18
2/8/2023,102.5899963,4.08,16.09000015,304.609,5.33,1.72,81.56100228,909.18
3/8/2023,102.5400009,4.2,15.92000008,304.609,5.33,1.83,81.9129977,906
5/8/2023,102.0199966,4.05,17.10000038,304.609,5.33,1.67,82.12727815,906
6/8/2023,102.0199966,4.05,17.10000038,304.609,5.33,1.68,83.54939,903.69
8/8/2023,102.5299988,4.02,15.98999977,304.609,5.33,1.66,84.69868626,903.69
9/8/2023,102.4899979,4,15.96000004,304.609,5.33,1.66,84.56512391,903.38
11/8/2023,102.8399963,4.16,14.84000015,304.609,5.33,1.76,84.16424866,903.38
12/8/2023,102.8399963,4.16,14.84000015,304.609,5.33,1.8,84.36535426,899.63
14/08/2023,103.1900024,4.19,14.81999969,306.082,5.33,1.83,84.3755543,895.87
15/08/2023,103.2099991,4.21,16.45999908,306.082,5.33,1.89,84.20004682,894.43
16/08/2023,103.4199982,4.28,16.78000069,306.082,5.33,1.96,84.34608604,894.43
17/08/2023,103.4400024,4.3,17.88999939,306.082,5.33,1.97,83.10983543,887.5
18/08/2023,103.3799973,4.26,17.29999924,306.082,5.33,1.94,83.10641115,890.1
21/08/2023,103.3300018,4.34,17.12999916,306.082,5.33,2,81.24356245,889.23
22/08/2023,103.5599976,4.34,16.96999931,306.082,5.33,1.99,80.97352768,884.9
23/08/2023,103.3600006,4.19,15.97999954,306.082,5.33,1.84,78.74645698,884.9
24/08/2023,103.9800034,4.23,17.20000076,306.082,5.33,1.91,79.22844641,884.04
25/08/2023,104.0800018,4.25,15.68000031,306.082,5.33,1.92,78.90586415,884.04
28/08/2023,104.0599976,4.2,15.07999992,306.082,5.33,1.9,79.12781399,886.64
29/08/2023,103.5500031,4.12,14.44999981,306.082,5.33,1.83,78.15716054,889.23
30/08/2023,103.1600037,4.12,13.88000011,306.082,5.33,1.86,78.60839766,890.1
31/08/2023,103.6200027,4.09,13.56999969,306.082,5.33,1.85,79.2007168,890.1
1/9/2023,104.2399979,4.18,13.09000015,306.082,5.33,1.92,80.05117286,890.97
2/9/2023,104.2399979,4.18,13.09000015,306.082,5.33,1.92,80.05117286,890.97
3/9/2023,104.2399979,4.18,13.09000015,306.082,5.33,1.98,81.76415252,889.81
5/9/2023,104.8099976,4.27,14.01000023,306.082,5.33,2,82.65534893,886.64
6/9/2023,104.8600006,4.3,14.44999981,306.082,5.33,1.95,83.55119548,886.64
8/9/2023,105.0899963,4.26,13.84000015,306.082,5.33,1.93,83.80220198,886.64
10/9/2023,105.0899963,4.26,13.84000015,306.082,5.33,1.94,83.24892851,884.89
11/9/2023,104.5699997,4.29,13.80000019,306.082,5.33,1.93,82.64366247,884.89
13/09/2023,104.7699966,4.25,13.47999954,307.276,5.33,1.9,83.32314599,882
14/09/2023,105.4100037,4.29,12.81999969,307.276,5.33,1.95,83.96342834,879.7
15/09/2023,105.3199997,4.33,13.78999996,307.276,5.33,1.98,83.18342977,880.27
18/09/2023,105.1999969,4.32,14,307.276,5.33,1.96,83.13963373,880.27
19/09/2023,105.1999969,4.37,14.10999966,307.276,5.33,2,83.29740362,878.83
20/09/2023,105.1600037,4.35,15.14000034,307.276,5.33,2,82.51409884,878.25
21/09/2023,105.3600006,4.49,17.54000092,307.276,5.33,2.11,81.86316035,878.83
22/09/2023,105.5800018,4.44,17.20000076,307.276,5.33,2.07,81.59857474,877.39
25/09/2023,106,4.55,16.89999962,307.276,5.33,2.18,82.80837925,876.52
26/09/2023,106.2300034,4.56,18.94000053,307.276,5.33,2.23,82.80609853,872.77
27/09/2023,106.6699982,4.61,18.21999931,307.276,5.33,2.27,83.26734152,873.64
28/09/2023,106.2200012,4.59,17.34000015,307.276,5.33,2.2,82.62936153,873.64
29/09/2023,106.1699982,4.59,17.52000046,307.276,5.33,2.24,83.11296863,873.64
1/10/2023,106.1699982,4.59,17.52000046,307.276,5.33,2.34,86.24752401,875.08
2/10/2023,106.9000015,4.69,17.61000061,307.276,5.33,2.45,86.15544522,873.35
3/10/2023,107,4.81,19.78000069,307.276,5.33,2.4,86.77705928,869.31
4/10/2023,106.8000031,4.73,18.57999992,307.276,5.33,2.41,87.13545725,867.58
5/10/2023,106.3300018,4.72,18.48999977,307.276,5.33,2.47,84.96749644,865.85
7/10/2023,106.0400009,4.78,17.45000076,307.276,5.33,2.47,85.06968705,861.81
8/10/2023,106.0400009,4.78,17.45000076,307.276,5.33,2.34,85.4610617,861.51
10/10/2023,105.8300018,4.66,17.03000069,307.276,5.33,2.26,85.29398307,862.37
11/10/2023,105.8199997,4.58,16.09000015,307.276,5.33,2.36,85.77918798,862.37
13/10/2023,106.6500015,4.63,19.31999969,307.696,5.33,2.29,84.80662143,862.37
16/10/2023,106.2399979,4.71,17.20999908,307.696,5.33,2.33,84.96682546,855.45
17/10/2023,106.25,4.83,17.87999916,307.696,5.33,2.42,84.09656992,853.43
18/10/2023,106.5699997,4.91,19.21999931,307.696,5.33,2.47,85.22053818,848.24
19/10/2023,106.25,4.98,21.39999962,307.696,5.33,2.49,86.0051601,848.24
20/10/2023,106.1600037,4.93,21.70999908,307.696,5.33,2.46,84.90000489,863.24
23/10/2023,105.5400009,4.86,20.37000084,307.696,5.33,2.45,85.65794061,860.07
24/10/2023,106.2699966,4.83,18.96999931,307.696,5.33,2.43,85.9443011,860.07
25/10/2023,106.5299988,4.95,20.19000053,307.696,5.33,2.52,86.72902502,861.8
26/10/2023,106.5999985,4.86,20.68000031,307.696,5.33,2.44,87.20761373,861.8
27/10/2023,106.5599976,4.84,21.27000046,307.696,5.33,2.42,87.33420885,861.8
30/10/2023,106.1200027,4.88,19.75,307.696,5.33,2.44,85.74005612,859.49
31/10/2023,106.6600037,4.88,18.13999939,307.696,5.33,2.46,86.9138823,859.49
1/11/2023,106.8799973,4.77,16.87000084,307.696,5.33,2.36,87.22945098,861.51
4/11/2023,105.0199966,4.57,14.90999985,307.696,5.33,2.27,87.27528564,861.51
5/11/2023,105.0199966,4.57,14.90999985,307.696,5.33,2.18,85.83681659,863.24
7/11/2023,105.5400009,4.58,14.81000042,307.696,5.33,2.25,85.60196817,867.57
8/11/2023,105.5899963,4.49,14.44999981,307.696,5.33,2.19,87.3822685,867.28
9/11/2023,105.9100037,4.62,15.28999996,307.696,5.33,2.15,86.17035613,867.28
10/11/2023,105.8600006,4.61,14.17000008,307.696,5.33,2.29,86.03214949,867.28
12/11/2023,105.8600006,4.61,14.17000008,307.696,5.33,2.29,86.99527177,868.14
13/11/2023,105.6600037,4.63,14.76000023,308.148,5.33,2.32,87.24606568,870.45
14/11/2023,104.1100006,4.44,14.15999985,308.148,5.33,2.16,85.00368338,870.45
15/11/2023,104.3899994,4.53,14.18000031,308.148,5.33,2.22,83.46178091,870.45
16/11/2023,104.3700027,4.45,14.31999969,308.148,5.33,2.18,83.03616306,870.45
17/11/2023,103.8199997,4.44,13.80000019,308.148,5.33,2.16,83.22902996,883.43
20/11/2023,103.4700012,4.42,13.40999985,308.148,5.33,2.12,83.87547867,883.43
21/11/2023,103.5899963,4.41,13.35000038,308.148,5.33,2.16,83.8527037,883.43
22/11/2023,103.9199982,4.42,12.85000038,308.148,5.33,2.16,84.12470218,882.28
23/11/2023,103.9199982,4.42,12.85000038,308.148,5.33,2.16,84.12470218,882.28
24/11/2023,103.4000015,4.47,12.46000004,308.148,5.33,2.21,82.29684378,882.28
27/11/2023,103.1999969,4.39,12.68999958,308.148,5.33,2.18,81.54182785,882.28
28/11/2023,102.75,4.34,12.68999958,308.148,5.33,2.12,81.81708489,880.55
29/11/2023,102.7699966,4.27,12.97999954,308.148,5.33,2.06,81.64884869,878.53
30/11/2023,103.5,4.37,12.92000008,308.148,5.33,2.14,80.57960837,876.51
1/12/2023,103.2699966,4.22,12.63000011,308.148,5.33,2,81.21886958,878.82
4/12/2023,103.6399994,4.28,13.07999992,308.148,5.33,2.07,82.43127471,881.12
5/12/2023,104.0500031,4.18,12.85000038,308.148,5.33,2.01,83.40564366,880.83
6/12/2023,104.1500015,4.12,12.97000027,308.148,5.33,1.98,84.9972793,880.83
7/12/2023,103.5400009,4.14,13.06000042,308.148,5.33,1.97,85.53429944,880.55
9/12/2023,104.0100021,4.23,12.35000038,308.148,5.33,2.02,86.99229422,880.55
10/12/2023,104.0100021,4.23,12.35000038,308.148,5.33,2.04,86.85724049,878.54
12/12/2023,103.8700027,4.2,12.06999969,308.148,5.33,2.04,87.02041504,875.65
13/12/2023,102.8700027,4.04,12.18999958,308.741,5.33,1.88,87.56129044,877.96
14/12/2023,101.9599991,3.92,12.47999954,308.741,5.33,1.7,84.2546437,877.67
15/12/2023,102.5500031,3.91,12.27999973,308.741,5.33,1.69,84.67113132,879.69
18/12/2023,102.5100021,3.95,12.56000042,308.741,5.33,1.74,85.02790911,879.69
19/12/2023,102.1699982,3.93,12.52999973,308.741,5.33,1.74,84.7920111,877.67
20/12/2023,102.4100037,3.86,13.67000008,308.741,5.33,1.67,83.56265617,878.25
21/12/2023,101.8399963,3.89,13.64999962,308.741,5.33,1.7,83.88941631,878.25
22/12/2023,101.6999969,3.9,13.02999973,308.741,5.33,1.71,84.68917333,878.25
25/12/2023,101.6999969,3.9,13.02999973,308.741,5.33,1.71,84.68917333,878.25
26/12/2023,101.4700012,3.89,12.98999977,308.741,5.33,1.71,85.24685338,878.25
27/12/2023,100.9899979,3.79,12.43000031,308.741,5.33,1.64,85.41127804,881.71
28/12/2023,101.2300034,3.84,12.47000027,308.741,5.33,1.68,85.93270222,880.55
29/12/2023,101.3300018,3.88,12.44999981,308.741,5.33,1.72,86.46291229,879.11
1/1/2024,101.3300018,3.88,12.44999981,308.741,5.33,1.72,86.46291229,879.11
2/1/2024,102.1999969,3.95,13.19999981,308.741,5.33,1.74,86.98436437,878.54
3/1/2024,102.4599991,3.91,14.03999996,308.741,5.33,1.71,88.65161801,874.21
4/1/2024,102.4199982,3.99,14.13000011,308.741,5.33,1.77,88.83814087,874.21
5/1/2024,102.4100037,4.05,13.35000038,308.741,5.33,1.83,88.33146126,869.6
7/1/2024,102.4100037,4.05,13.35000038,308.741,5.33,1.79,87.6557051,869.6
8/1/2024,102.2099991,4.01,13.07999992,308.741,5.33,1.8,88.47363272,869.6
10/1/2024,102.3600006,4.04,12.68999958,308.741,5.33,1.82,88.34556382,864.99
11/1/2024,102.2900009,3.98,12.43999958,308.741,5.33,1.76,89.37746773,863.84
15/01/2024,102.4000015,3.96,12.69999981,309.698,5.33,1.69,88.36455803,863.84
16/01/2024,103.3600006,4.07,13.84000015,309.698,5.33,1.69,88.36455803,863.84
17/01/2024,103.4499969,4.1,14.78999996,309.698,5.33,1.77,88.34430516,864.4
18/01/2024,103.5400009,4.14,14.13000011,309.698,5.33,1.8,88.94119333,862.1
19/01/2024,103.2900009,4.15,13.30000019,309.698,5.33,1.8,89.05457237,862.1
22/01/2024,103.3300018,4.11,13.18999958,309.698,5.33,1.81,89.78335372,860.95
23/01/2024,103.6200027,4.14,12.55000019,309.698,5.33,1.8,91.13387353,858.93
24/01/2024,103.2399979,4.18,13.14000034,309.698,5.33,1.85,90.61072734,858.93
25/01/2024,103.5699997,4.14,13.44999981,309.698,5.33,1.88,88.50362991,858.93
26/01/2024,103.4700012,4.15,13.26000023,309.698,5.33,1.85,88.4294973,858.93
29/01/2024,103.6100006,4.08,13.60000038,309.698,5.33,1.85,88.63107551,856.05
30/01/2024,103.4000015,4.06,13.31000042,309.698,5.33,1.78,87.52700788,854.89
31/01/2024,103.2699966,3.99,14.35000038,309.698,5.33,1.8,87.91708007,852.88
1/2/2024,103.0500031,3.87,13.88000011,309.698,5.33,1.73,88.86381716,851.15
2/2/2024,103.9199982,4.03,13.85000038,309.698,5.33,1.68,88.75919042,851.72
4/2/2024,103.9199982,4.03,13.85000038,309.698,5.33,1.82,89.69208213,851.72
5/2/2024,104.4499969,4.17,13.67000008,309.698,5.33,1.9,90.69621823,851.72
7/2/2024,104.0400009,4.09,12.82999992,309.698,5.33,1.85,90.85428625,847.69
8/2/2024,104.1500015,4.15,12.78999996,309.698,5.33,1.86,91.35469801,842.22
9/2/2024,104.0800018,4.17,12.93000031,309.698,5.33,1.91,90.05982287,843.66
10/2/2024,104.0800018,4.17,12.93000031,309.698,5.33,1.92,89.81268021,841.92
12/2/2024,104.1699982,4.17,13.93000031,309.698,5.33,1.93,88.87225257,841.92
13/02/2024,104.9599991,4.31,15.85000038,310.967,5.33,2.02,90.19279344,840.48
14/02/2024,104.7200012,4.27,14.38000011,310.967,5.33,1.97,89.12722693,839.04
15/02/2024,104.3000031,4.24,14.01000023,310.967,5.33,1.94,87.38215425,837.31
16/02/2024,104.2799988,4.3,14.23999977,310.967,5.33,1.97,85.81851063,837.89
19/02/2024,104.2799988,4.3,14.23999977,310.967,5.33,1.97,85.81851063,837.89
20/02/2024,104.0800018,4.27,15.42000008,310.967,5.33,1.95,87.74776772,836.16
21/02/2024,104.0100021,4.32,15.34000015,310.967,5.33,1.98,88.499412,829.82
22/02/2024,103.9599991,4.33,14.53999996,310.967,5.33,2.02,88.71952582,827.81
23/02/2024,103.9400024,4.26,13.75,310.967,5.33,1.96,88.75440758,827.81
26/02/2024,103.8300018,4.28,13.73999977,310.967,5.33,1.97,90.08748866,827.81
27/02/2024,103.8300018,4.31,13.43000031,310.967,5.33,1.99,90.3076826,826.94
28/02/2024,103.9800034,4.27,13.84000015,310.967,5.33,1.94,90.71842989,825.5
29/02/2024,104.1600037,4.25,13.39999962,310.967,5.33,1.92,90.25412151,822.91
1/3/2024,103.8600006,4.19,13.10999966,310.967,5.33,1.87,90.14686552,823.77
4/3/2024,103.8300018,4.22,13.48999977,310.967,5.33,1.88,89.05757227,821.47
5/3/2024,103.8000031,4.13,14.46000004,310.967,5.33,1.81,89.78243303,821.47
6/3/2024,103.3700027,4.11,14.5,310.967,5.33,1.81,88.59179736,817.44
7/3/2024,102.8199997,4.09,14.43999958,310.967,5.33,1.81,88.55149469,816.57
9/3/2024,102.7399979,4.09,14.73999977,310.967,5.33,1.81,89.51066333,815.13
10/3/2024,102.7399979,4.09,14.73999977,310.967,5.33,1.83,89.03802535,815.13
12/3/2024,102.9599991,4.16,13.84000015,310.967,5.33,1.86,89.29486156,815.13
13/03/2024,102.7900009,4.19,13.75,312.345,5.33,1.89,87.15893803,816.86
14/03/2024,103.3600006,4.29,14.39999962,312.345,5.33,1.99,86.95826776,816.86
15/03/2024,103.4300003,4.31,14.40999985,312.345,5.33,1.99,85.6071422,831.84
18/03/2024,103.5800018,4.34,14.32999992,312.345,5.33,2.03,86.11454248,833.32
19/03/2024,103.8099976,4.3,13.81999969,312.345,5.33,2,86.37638152,837.35
20/03/2024,103.4100037,4.27,13.03999996,312.345,5.33,1.96,86.54794263,838.5
21/03/2024,104,4.27,12.92000008,312.345,5.33,1.93,87.82646467,838.5
22/03/2024,104.4300003,4.22,13.06000042,312.345,5.33,1.87,87.40078353,835.33
25/03/2024,104.2300034,4.25,13.18999958,312.345,5.33,1.92,87.88846131,835.33
26/03/2024,104.2900009,4.24,13.23999977,312.345,5.33,1.92,88.86166382,830.15
27/03/2024,104.3499985,4.2,12.77999973,312.345,5.33,1.88,88.9583796,830.15
28/03/2024,104.5500031,4.2,13.01000023,312.345,5.33,1.88,89.42210038,830.15
29/03/2024,104.5500031,4.2,13.01000023,312.345,5.33,1.88,89.42210038,830.15
1/4/2024,105.0199966,4.33,13.64999962,312.345,5.33,1.98,89.62490814,826.98
3/4/2024,104.25,4.36,14.32999992,312.345,5.33,2,87.6220712,829
4/4/2024,104.1200027,4.31,16.35000038,312.345,5.33,2,85.15123134,830.72
6/4/2024,104.3000031,4.39,16.03000069,312.345,5.33,1.97,84.33309139,832.45
7/4/2024,104.3000031,4.39,16.03000069,312.345,5.33,2.02,84.87956144,826.41
9/4/2024,104.1500015,4.36,14.97999954,312.345,5.33,2.04,84.14044314,827.85
10/4/2024,105.25,4.55,15.80000019,312.345,5.33,2,84.02351788,828.71
11/4/2024,105.2799988,4.56,14.90999985,312.345,5.33,2.15,83.31604953,828.45
12/4/2024,106.0400009,4.5,17.30999947,312.345,5.33,2.16,83.57467345,830.75
15/04/2024,106.2099991,4.63,19.22999954,313.023,5.33,2.11,83.39055109,826.72
16/04/2024,106.2600021,4.67,18.39999962,313.023,5.33,2.2,82.57303849,828.45
17/04/2024,105.9499969,4.59,18.20999908,313.023,5.33,2.24,84.42686566,830.18
18/04/2024,106.1500015,4.64,18,313.023,5.33,2.2,83.66964986,827.59
19/04/2024,106.1500015,4.62,18.70999908,313.023,5.33,2.24,84.09403823,827.59
22/04/2024,106.0800018,4.62,16.94000053,313.023,5.33,2.21,83.25464646,831.9
23/04/2024,105.6900024,4.61,15.68999958,313.023,5.33,2.21,85.70168697,831.9
24/04/2024,105.8600006,4.65,15.97000027,313.023,5.33,2.2,85.16702662,833.63
25/04/2024,105.5999985,4.7,15.36999989,313.023,5.33,2.24,85.07173366,833.63
26/04/2024,105.9400024,4.67,15.02999973,313.023,5.33,2.28,85.20957243,834.78
29/04/2024,105.5800018,4.63,14.67000008,313.023,5.33,2.24,85.70904576,832.19
30/04/2024,106.2200012,4.69,15.64999962,313.023,5.33,2.22,85.68297124,832.19
1/5/2024,105.7600021,4.63,15.39000034,313.023,5.33,2.28,86.82504784,832.19
2/5/2024,105.3000031,4.58,14.68000031,313.023,5.33,2.25,86.82471496,831.04
3/5/2024,105.0299988,4.5,13.48999977,313.023,5.33,2.21,86.49136423,829.6
4/5/2024,105.0299988,4.5,13.48999977,313.023,5.33,2.15,86.93514942,830.47
6/5/2024,105.0500031,4.49,13.48999977,313.023,5.33,2.14,84.82590309,832.19
7/5/2024,105.4100037,4.47,13.22999954,313.023,5.33,2.15,84.79654228,830.47
8/5/2024,105.5500031,4.48,13,313.023,5.33,2.17,84.55831631,830.47
9/5/2024,105.2300034,4.45,12.68999958,313.023,5.33,2.13,82.89848216,830.47
11/5/2024,105.3099976,4.5,12.55000019,313.023,5.33,2.16,83.72414079,831.92
12/5/2024,105.3099976,4.5,12.55000019,313.023,5.33,2.15,82.77878325,831.92
13/05/2024,105.2200012,4.48,13.60000038,313.175,5.33,2.12,82.61891704,831.92
14/05/2024,105.0100021,4.45,13.42000008,313.175,5.33,2.05,80.93447029,833.36
15/05/2024,104.3499985,4.36,12.44999981,313.175,5.33,2.07,80.22922388,833.36
16/05/2024,104.4599991,4.38,12.42000008,313.175,5.33,2.1,77.69510363,838.54
17/05/2024,104.4499969,4.42,11.98999977,313.175,5.33,2.11,75.57521391,838.54
20/05/2024,104.5699997,4.44,12.14999962,313.175,5.33,2.09,75.99158871,838.54
21/05/2024,104.6600037,4.41,11.85999966,313.175,5.33,2.1,76.34446223,838.54
22/05/2024,104.9400024,4.43,12.28999996,313.175,5.33,2.17,77.10341994,833.36
23/05/2024,105.1100006,4.47,12.77000046,313.175,5.33,2.14,76.90405558,832.21
24/05/2024,104.7200012,4.46,11.93000031,313.175,5.33,2.14,76.90405558,832.21
27/05/2024,104.7200012,4.46,11.93000031,313.175,5.33,2.2,73.66675743,832.21
28/05/2024,104.6100006,4.54,12.92000008,313.175,5.33,2.25,72.67335693,832.21
29/05/2024,105.0999985,4.61,14.27999973,313.175,5.33,2.19,74.64317146,832.21
30/05/2024,104.7200012,4.55,14.47000027,313.175,5.33,2.16,76.67095206,832.21
31/05/2024,104.6699982,4.51,12.92000008,313.175,5.33,2.08,76.58366373,832.21
2/6/2024,104.6699982,4.51,12.92000008,313.175,5.33,2.02,78.86258585,832.21
3/6/2024,104.1399994,4.41,13.10999966,313.175,5.33,1.99,78.60625422,833.65
5/6/2024,104.2699966,4.29,12.63000011,313.175,5.33,2,75.85688445,837.1
6/6/2024,104.0999985,4.28,12.57999992,313.175,5.33,2.13,78.58189954,835.67
8/6/2024,104.8899994,4.43,12.22000027,313.175,5.33,2.16,77.52023988,835.67
9/6/2024,104.8899994,4.43,12.22000027,313.175,5.33,2.12,79.20571331,830.77
11/6/2024,105.2300034,4.39,12.85000038,313.175,5.33,2.09,77.41251173,830.77
12/6/2024,104.6500015,4.31,12.03999996,313.175,5.33,2.03,79.34460053,829.34
13/06/2024,105.1999969,4.24,11.93999958,313.044,5.33,2.03,79.29392111,825.31
14/06/2024,105.5500031,4.2,12.65999985,313.044,5.33,2.06,78.85421457,825.31
17/06/2024,105.3199997,4.28,12.75,313.044,5.33,2.01,78.98322212,825.31
18/06/2024,105.2600021,4.22,12.30000019,313.044,5.33,2.01,78.98322212,825.31
19/06/2024,105.2600021,4.22,12.30000019,313.044,5.33,2,76.48167793,833.65
20/06/2024,105.5899963,4.25,13.27999973,313.044,5.33,2.02,78.3282016,831.93
21/06/2024,105.8000031,4.25,13.19999981,313.044,5.33,2.03,79.01251228,829.05
24/06/2024,105.4700012,4.25,13.32999992,313.044,5.33,2.01,80.33429643,829.05
25/06/2024,105.6100006,4.23,12.84000015,313.044,5.33,2.06,79.53232279,829.05
26/06/2024,106.0500031,4.32,12.55000019,313.044,5.33,2.03,80.38246279,829.05
27/06/2024,105.9100037,4.29,12.23999977,313.044,5.33,2.08,79.61487123,829.05
28/06/2024,105.8700027,4.36,12.43999958,313.044,5.33,2.16,79.44027844,827.61
2/7/2024,105.7200012,4.43,12.02999973,313.044,5.33,2.13,79.14012024,833.37
3/7/2024,105.4000015,4.36,12.09000015,313.044,5.33,2.09,77.24892048,834.8
5/7/2024,104.8799973,4.28,12.47999954,313.044,5.33,2.09,77.24892048,834.8
6/7/2024,104.8799973,4.28,12.47999954,313.044,5.33,2,76.09595906,834.8
8/7/2024,105.0100021,4.28,12.36999989,313.044,5.33,2.01,76.92207031,834.8
10/7/2024,105.0500031,4.28,12.85000038,313.044,5.33,2.04,76.6963521,833.37
11/7/2024,104.4400024,4.2,12.92000008,313.044,5.33,2.01,77.20246059,833.37
15/07/2024,104.1900024,4.23,13.11999989,313.569,5.33,1.95,76.92552938,835.09
16/07/2024,104.2699966,4.17,13.18999958,313.569,5.33,1.94,78.15838972,835.09
17/07/2024,103.75,4.16,14.47999954,313.569,5.33,1.96,78.99386517,836.53
18/07/2024,104.1699982,4.2,15.93000031,313.569,5.33,1.91,78.93572452,842.02
19/07/2024,104.4000015,4.25,16.52000046,313.569,5.33,1.9,81.45469422,842.02
22/07/2024,104.3099976,4.26,14.90999985,313.569,5.33,1.89,81.74028939,840.01
23/07/2024,104.4499969,4.25,14.72000027,313.569,5.33,1.93,82.35354971,840.01
24/07/2024,104.3899994,4.28,18.04000092,313.569,5.33,1.96,82.13157378,840.01
25/07/2024,104.3600006,4.27,18.45999908,313.569,5.33,1.96,82.54153852,841.74
26/07/2024,104.3199997,4.2,16.38999939,313.569,5.33,2,82.88570248,841.74
29/07/2024,104.5599976,4.17,16.60000038,313.569,5.33,1.99,84.57942135,845.19
30/07/2024,104.5500031,4.15,17.69000053,313.569,5.33,1.93,85.42713381,843.17
31/07/2024,104.0999985,4.09,16.36000061,313.569,5.33,1.92,85.81381528,843.17
1/8/2024,104.4199982,3.99,18.59000015,313.569,5.33,1.9,84.78759102,843.17
2/8/2024,103.2099991,3.8,23.38999939,313.569,5.33,1.85,84.31788207,846.05
3/8/2024,103.2099991,3.8,23.38999939,313.569,5.33,1.79,85.94825646,845.47
4/8/2024,103.2099991,3.8,23.38999939,313.569,5.33,1.76,85.87764378,845.47
5/8/2024,102.6900024,3.78,38.56999969,313.569,5.33,1.71,88.70216916,844.9
7/8/2024,103.1999969,3.96,27.85000038,313.569,5.33,1.78,88.17168728,848.06
8/8/2024,103.2099991,3.99,23.79000092,313.569,5.33,1.85,89.09802485,844.04
10/8/2024,103.1399994,3.94,20.37000084,313.569,5.33,1.87,88.07999822,846.91
11/8/2024,103.1399994,3.94,20.37000084,313.569,5.33,1.84,88.4818329,846.91
13/08/2024,102.5599976,3.85,18.12000084,314.062,5.33,1.79,88.20431703,849.79
14/08/2024,102.5699997,3.83,16.19000053,314.062,5.33,1.76,89.06661774,845.76
15/08/2024,102.9800034,3.92,15.22999954,314.062,5.33,1.77,89.50612491,845.76
16/08/2024,102.4599991,3.89,14.80000019,314.062,5.33,1.8,86.55353114,847.78
19/08/2024,101.8899994,3.86,14.64999962,314.062,5.33,1.81,86.82327154,854.97
20/08/2024,101.4400024,3.82,15.88000011,314.062,5.33,1.79,85.56087785,859
21/08/2024,101.0400009,3.79,16.27000046,314.062,5.33,1.75,85.25887134,857.27
22/08/2024,101.5100021,3.86,17.54999924,314.062,5.33,1.72,85.09973933,856.7
23/08/2024,100.7200012,3.81,15.85999966,314.062,5.33,1.76,85.46162373,857.85
26/08/2024,100.8499985,3.82,16.14999962,314.062,5.33,1.68,84.214059,856.12
27/08/2024,100.5500031,3.83,15.43000031,314.062,5.33,1.67,83.9877243,856.12
28/08/2024,101.0899963,3.84,17.11000061,314.062,5.33,1.68,84.00387239,856.12
29/08/2024,101.3399963,3.87,15.64999962,314.062,5.33,1.69,85.72113892,856.12
30/08/2024,101.6999969,3.91,15,314.062,5.33,1.71,85.45183946,857.27
1/9/2024,101.6999969,3.91,15,314.062,5.33,1.76,86.79823085,862.74
2/9/2024,101.6999969,3.91,15,314.062,5.13,1.76,86.79823085,862.74
4/9/2024,101.3600006,3.77,21.31999969,314.062,5.13,1.73,89.08088739,862.74
5/9/2024,101.1100006,3.73,19.89999962,314.062,5.13,1.7,88.52202643,862.74
7/9/2024,101.1800003,3.72,22.37999916,314.062,5.13,1.7,87.44428838,862.74
8/9/2024,101.1800003,3.72,22.37999916,314.062,5.13,1.69,89.66843892,862.74
9/9/2024,101.5500031,3.7,19.45000076,314.062,5.13,1.66,88.43095035,862.74
10/9/2024,101.6299973,3.65,19.07999992,314.062,5.13,1.63,88.90894474,864.46
12/9/2024,101.3700027,3.68,17.06999969,314.062,5.13,1.61,87.94944935,866.18
13/09/2024,101.1100006,3.66,16.55999947,314.732,5.13,1.63,85.77480243,870.78
16/09/2024,100.7600021,3.63,17.13999939,314.732,5.13,1.58,84.08417534,870.51
17/09/2024,100.8899994,3.65,17.61000061,314.732,5.13,1.54,83.85817523,872.23
18/09/2024,100.5999985,3.7,18.22999954,314.732,5.13,1.53,83.74865581,872.23
19/09/2024,100.6100006,3.73,16.32999992,314.732,5.13,1.58,84.72693665,872.23
20/09/2024,100.7200012,3.73,16.14999962,314.732,5.13,1.56,83.23149197,873.96
23/09/2024,100.9199982,3.75,15.89000034,314.732,5.13,1.58,84.03579203,875.39
24/09/2024,100.3700027,3.74,15.39000034,314.732,5.13,1.58,85.36743859,875.39
25/09/2024,100.9199982,3.79,15.40999985,314.732,5.13,1.55,82.56360581,877.12
26/09/2024,100.5599976,3.79,15.36999989,314.732,5.13,1.61,83.89172677,877.12
27/09/2024,100.4199982,3.75,16.95999908,314.732,5.13,1.63,83.36923576,877.12
30/09/2024,100.7799988,3.81,16.72999954,314.732,5.13,1.6,83.8954321,871.94
1/10/2024,101.1900024,3.74,19.26000023,314.732,5.13,1.63,84.58799047,871.94
4/10/2024,102.5199966,3.98,19.20999908,314.732,4.83,1.55,84.82429877,874.82
5/10/2024,102.5199966,3.98,19.20999908,314.732,4.83,1.58,83.69482977,874.82
6/10/2024,102.5199966,3.98,19.20999908,314.732,4.83,1.64,82.54683792,877.4
7/10/2024,102.5400009,4.03,22.63999939,314.732,4.83,1.75,82.35184837,876.26
9/10/2024,102.9300003,4.06,20.86000061,314.732,4.83,1.76,83.31390704,876.26
10/10/2024,102.9899979,4.09,20.93000031,314.732,4.83,1.77,86.14725875,876.26
12/10/2024,102.8899994,4.08,20.45999908,314.732,4.83,1.77,85.65324783,876.26
14/10/2024,103.3000031,4.08,19.70000076,315.631,4.83,1.76,84.52185675,876.26
15/10/2024,103.2600021,4.03,20.63999939,315.631,4.83,1.75,84.31472269,877.98
16/10/2024,103.5899963,4.02,19.57999992,315.631,4.83,1.75,85.18482879,880.57
17/10/2024,103.8300018,4.09,19.11000061,315.631,4.83,1.75,84.41652762,884.59
18/10/2024,103.4899979,4.08,18.03000069,315.631,4.83,1.75,84.19395405,884.59
21/10/2024,104.0100021,4.19,18.37000084,315.631,4.83,1.79,85.23105197,884.59
22/10/2024,104.0800018,4.2,18.20000076,315.631,4.83,1.77,82.15366397,888.63
23/10/2024,104.4300003,4.24,19.23999977,315.631,4.83,1.88,80.40096074,891.79
24/10/2024,104.0599976,4.21,19.07999992,315.631,4.83,1.87,78.78613448,895.24
25/10/2024,104.2600021,4.25,20.32999992,315.631,4.83,1.93,80.68965373,893.8
28/10/2024,104.3199997,4.28,19.79999924,315.631,4.83,1.91,81.36919156,893.8
29/10/2024,104.2799988,4.28,19.34000015,315.631,4.83,1.96,81.56711752,889.78
30/10/2024,103.9899979,4.29,20.35000038,315.631,4.83,1.99,81.07891676,891.5
31/10/2024,103.9800034,4.28,23.15999985,315.631,4.83,1.98,80.78437716,889.78
1/11/2024,104.2799988,4.37,21.87999916,315.631,4.83,1.95,82.22267735,892.65
3/11/2024,104.2799988,4.37,21.87999916,315.631,4.83,1.95,83.86059655,891.79
4/11/2024,103.8899994,4.31,21.97999954,315.631,4.64,2.04,84.15586359,888.63
6/11/2024,105.0899963,4.42,16.27000046,315.631,4.64,2.03,84.23953621,888.63
7/11/2024,104.5100021,4.31,15.19999981,315.631,4.64,1.99,83.91670958,886.91
9/11/2024,105,4.3,14.93999958,315.631,4.64,2.04,85.44249192,883.46
10/11/2024,105,4.3,14.93999958,315.631,4.64,1.98,84.94884162,880.58
11/11/2024,105.5400009,4.3,14.97000027,315.631,4.64,1.95,85.70107669,876.85
12/11/2024,106.0199966,4.43,14.71000004,315.631,4.64,1.95,85.50097816,871.97
13/11/2024,106.4800034,4.44,14.02000046,316.528,4.64,2.08,84.72919019,870.53
14/11/2024,106.6699982,4.43,14.31000042,316.528,4.64,2.09,84.36744152,868.52
15/11/2024,106.6900024,4.43,16.13999939,316.528,4.64,2.1,84.18119837,867.37
18/11/2024,106.2799988,4.42,15.57999992,316.528,4.64,2.1,84.47861205,869.93
19/11/2024,106.2099991,4.39,16.35000038,316.528,4.64,2.08,83.77242527,871.65
20/11/2024,106.6800003,4.41,17.15999985,316.528,4.64,2.05,84.18034101,872.23
21/11/2024,106.9700012,4.43,16.87000084,316.528,4.64,2.06,85.54722848,875.39
22/11/2024,107.4899979,4.41,15.23999977,316.528,4.64,2.09,86.44215971,877.97
25/11/2024,106.8199997,4.27,14.60000038,316.528,4.64,2.07,86.55338404,877.97
26/11/2024,107.0100021,4.3,14.10000038,316.528,4.64,1.98,86.62032864,879.41
27/11/2024,106.0800018,4.25,14.10000038,316.528,4.64,2.02,86.22811658,879.41
28/11/2024,106.0800018,4.25,14.10000038,316.528,4.64,1.99,87.67227581,878.55
29/11/2024,105.7399979,4.18,13.51000023,316.528,4.64,1.99,87.67227581,878.55
1/12/2024,105.7399979,4.18,13.51000023,316.528,4.64,1.92,86.58954037,878.55
2/12/2024,106.4499969,4.19,13.34000015,316.528,4.48,1.93,86.53486006,875.96
3/12/2024,106.3700027,4.23,13.30000019,316.528,4.48,1.95,85.10152137,873.66
4/12/2024,106.3399963,4.19,13.44999981,316.528,4.48,1.9,84.23425233,873.66
6/12/2024,105.9700012,4.15,12.77000046,316.528,4.48,1.92,84.36436153,871.94
7/12/2024,105.9700012,4.15,12.77000046,316.528,4.48,1.91,84.60847906,871.94
8/12/2024,105.9700012,4.15,12.77000046,316.528,4.48,1.93,82.71976456,870.79
9/12/2024,106.1500015,4.2,14.18999958,316.528,4.48,1.93,83.35445367,870.79
11/12/2024,106.7099991,4.26,13.57999992,316.528,4.48,1.96,83.9567602,873.38
12/12/2024,106.9599991,4.32,13.92000008,316.528,4.48,2,86.06058489,868.5
13/12/2024,107,4.4,13.81000042,317.604,4.48,2.07,86.64165521,863.9
16/12/2024,106.8600006,4.39,14.68999958,317.604,4.48,2.07,86.37325663,864.19
17/12/2024,106.9599991,4.4,15.86999989,317.604,4.48,2.09,86.49461637,864.19
18/12/2024,108.0299988,4.5,27.62000084,317.604,4.48,2.18,86.69845489,863.9
19/12/2024,108.4100037,4.57,24.09000015,317.604,4.48,2.28,89.09740714,860.74
20/12/2024,107.6200027,4.52,18.36000061,317.604,4.48,2.23,88.62778033,877.4
23/12/2024,108.0400009,4.59,16.78000069,317.604,4.48,2.27,87.4029713,873.95
24/12/2024,108.2600021,4.59,14.27000046,317.604,4.48,2.24,87.40908516,873.95
25/12/2024,108.2600021,4.59,14.27000046,317.604,4.48,2.24,87.40908516,873.95
26/12/2024,108.1299973,4.58,14.72999954,317.604,4.48,2.23,87.82241059,872.8
27/12/2024,108,4.62,15.94999981,317.604,4.48,2.28,88.25492802,872.52
30/12/2024,108.1299973,4.55,17.39999962,317.604,4.48,2.24,89.53824012,872.52
31/12/2024,108.4899979,4.58,17.35000038,317.604,4.48,2.24,90.85003119,872.52
1/1/2025,108.4899979,4.58,17.35000038,317.604,4.33,2.24,90.85003119,872.52
4/1/2025,108.9499969,4.6,16.12999916,317.604,4.33,2.23,89.76098594,872.52
5/1/2025,108.9499969,4.6,16.12999916,317.604,4.33,2.26,88.74052277,871.08
7/1/2025,108.5400009,4.67,17.81999969,317.604,4.33,2.28,86.95537488,871.08
8/1/2025,109.0899963,4.67,17.70000076,317.604,4.33,2.29,87.25654111,871.08
9/1/2025,109.1800003,4.68,17.70000076,317.604,4.33,2.27,87.49835904,871.08
10/1/2025,109.6500015,4.77,19.54000092,317.604,4.33,2.29,87.16183355,871.08
12/1/2025,109.6500015,4.77,19.54000092,317.604,4.33,2.34,87.11524346,876.82
13/01/2025,109.9599991,4.79,19.19000053,318.961,4.33,2.34,88.84716478,874.52
14/01/2025,109.2699966,4.78,18.70999908,318.961,4.33,2.34,88.8590204,872.52
15/01/2025,109.0899963,4.66,16.12000084,318.961,4.33,2.24,86.60876717,872.52
16/01/2025,108.9599991,4.61,16.60000038,318.961,4.33,2.19,87.12368239,868.78
17/01/2025,109.3499985,4.61,15.97000027,318.961,4.33,2.2,88.66595683,879.12
20/01/2025,109.3499985,4.61,15.97000027,318.961,4.33,2.2,88.66595683,879.12
21/01/2025,108.0599976,4.57,15.06000042,318.961,4.33,2.19,87.98824463,871.66
22/01/2025,108.1699982,4.6,15.10000038,318.961,4.33,2.2,88.59438744,869.36
23/01/2025,108.0500031,4.65,15.02000046,318.961,4.33,2.23,90.08248516,864.19
24/01/2025,107.4400024,4.63,14.85000038,318.961,4.33,2.2,89.52390113,860.17
27/01/2025,107.3399963,4.53,17.89999962,318.961,4.33,2.13,90.48390382,857.02
28/01/2025,107.8700027,4.55,16.40999985,318.961,4.33,2.13,90.04458989,861.04
29/01/2025,108,4.55,16.55999947,318.961,4.33,2.15,88.64524043,865.34
30/01/2025,107.8000031,4.52,15.84000015,318.961,4.33,2.14,87.22655229,864.19
31/01/2025,108.3700027,4.58,16.43000031,318.961,4.33,2.16,87.54046764,864.77
1/2/2025,108.3700027,4.58,16.43000031,318.961,4.33,2.09,87.48765287,865.63
4/2/2025,107.9599991,4.52,17.20999908,318.961,4.33,2.08,86.75808825,863.05
5/2/2025,107.5800018,4.43,15.77000046,318.961,4.33,2.01,87.39690884,864.19
6/2/2025,107.6900024,4.45,15.5,318.961,4.33,2.03,87.82827552,864.19
7/2/2025,108.0400009,4.49,16.54000092,318.961,4.33,2.07,88.6748146,868.5
9/2/2025,108.0400009,4.49,16.54000092,318.961,4.33,2.07,89.96975187,871.08
10/2/2025,108.3199997,4.51,15.81000042,318.961,4.33,2.08,90.36331764,871.94
12/2/2025,107.9400024,4.62,15.89000034,318.961,4.33,2.16,88.97385004,866.5
13/02/2025,107.3099976,4.52,15.10000038,319.679,4.33,2.08,89.61408164,864.2
14/02/2025,106.5699997,4.47,14.77000046,319.679,4.33,2.04,87.9119604,863.06
17/02/2025,106.5699997,4.47,14.77000046,319.679,4.33,2.04,87.9119604,863.06
18/02/2025,107.0500031,4.55,15.35000038,319.679,4.33,2.1,87.99111503,869.94
19/02/2025,107.1699982,4.53,15.27000046,319.679,4.33,2.08,88.48543326,877.98
20/02/2025,106.3399963,4.5,15.65999985,319.679,4.33,2.05,87.90814432,883.72
21/02/2025,106.6100006,4.42,18.20999908,319.679,4.33,2,89.08296769,904.38
24/02/2025,106.5999985,4.4,18.97999954,319.679,4.33,1.98,90.49577385,907.53
25/02/2025,106.3099976,4.3,19.43000031,319.679,4.33,1.92,91.33360415,907.82
26/02/2025,106.4199982,4.25,19.10000038,319.679,4.33,1.89,90.43500443,906.96
27/02/2025,107.2399979,4.29,21.12999916,319.679,4.33,1.92,90.66381237,906.1
28/02/2025,107.6100006,4.24,19.62999916,319.679,4.33,1.86,90.86774276,904.38
1/3/2025,107.6100006,4.24,19.62999916,319.679,4.33,1.8,90.22851574,900.93
2/3/2025,107.6100006,4.24,19.62999916,319.679,4.33,1.87,90.61915855,901.8
3/3/2025,106.75,4.16,22.78000069,319.679,4.33,1.94,88.72420407,900.36
4/3/2025,105.7399979,4.22,23.51000023,319.679,4.33,1.95,88.21341445,898.64
6/3/2025,104.0599976,4.29,24.87000084,319.679,4.33,1.99,89.24357629,894.34
7/3/2025,103.8399963,4.32,23.37000084,319.679,4.33,1.91,89.57396943,891.75
9/3/2025,103.8399963,4.32,23.37000084,319.679,4.33,1.97,88.57029491,895.2
10/3/2025,103.9100037,4.22,27.86000061,319.679,4.33,1.99,87.77625122,898.64
11/3/2025,103.4400024,4.28,26.92000008,319.679,4.33,1.98,87.64207112,905.81
12/3/2025,103.6100006,4.32,24.22999954,319.679,4.33,2.01,87.59177395,906.41
13/03/2025,103.8300018,4.27,24.65999985,319.785,4.33,2.02,88.04366627,907.27
14/03/2025,103.7200012,4.31,21.77000046,319.785,4.33,1.99,87.77293223,907.27
17/03/2025,103.3700027,4.31,20.51000023,319.785,4.33,1.94,89.3568812,909.28
18/03/2025,103.2399979,4.29,21.70000076,319.785,4.33,1.93,89.97809931,910.43
19/03/2025,103.4300003,4.25,19.89999962,319.785,4.33,1.92,90.66385906,930.51
20/03/2025,103.8499985,4.24,19.79999924,319.785,4.33,1.98,90.5786909,929.07
21/03/2025,104.0899963,4.25,19.28000069,319.785,4.33,1.96,88.92712337,929.36
24/03/2025,104.2600021,4.34,17.47999954,319.785,4.33,1.98,88.76384152,929.36
25/03/2025,104.1800003,4.31,17.14999962,319.785,4.33,1.99,87.69235199,929.65
26/03/2025,104.5500031,4.35,18.32999992,319.785,4.33,1.9,89.09190366,931.94
27/03/2025,104.0699997,4.38,18.69000053,319.785,4.33,1.85,90.62889928,933.38
28/03/2025,104.0400009,4.27,21.64999962,319.785,4.33,1.84,91.30803372,931.37
31/03/2025,104.2099991,4.23,22.28000069,319.785,4.33,1.88,91.01422802,931.94
2/4/2025,103.8099976,4.2,21.51000023,319.785,4.33,1.78,97.25537035,936.24
3/4/2025,102.0699997,4.06,30.02000046,319.785,4.33,1.83,103.4482786,932.8
4/4/2025,103.0199966,4.01,45.31000137,319.785,4.33,1.96,100.0101669,926.78
6/4/2025,103.0199966,4.01,45.31000137,319.785,4.33,2.04,100.3108947,925.92
7/4/2025,103.2600021,4.15,46.97999954,319.785,4.33,2.07,100.7980742,937.09
8/4/2025,102.9599991,4.26,52.33000183,319.785,4.33,2.21,102.8724202,949.71
9/4/2025,102.9000015,4.34,33.61999893,319.785,4.33,2.28,101.2506288,953.15
11/4/2025,99.77999878,4.48,37.56000137,319.785,4.33,2.15,99.86289864,953.15
12/4/2025,99.77999878,4.48,37.56000137,319.785,4.33,2.16,99.87587527,953.15
14/04/2025,99.63999939,4.38,30.88999939,320.302,4.33,2.12,101.0326256,957.17
15/04/2025,100.2200012,4.35,30.12000084,320.302,4.33,2.11,102.0573763,952.29
16/04/2025,99.37999725,4.29,32.63999939,320.302,4.33,2.11,102.0573763,952.29
17/04/2025,99.37999725,4.34,29.64999962,320.302,4.33,2.2,104.8190584,959.17
18/04/2025,99.37999725,4.34,29.64999962,320.302,4.33,2.14,103.4306551,947.7
21/04/2025,98.27999878,4.42,33.81999969,320.302,4.33,2.11,97.74747588,949.14
22/04/2025,98.91999817,4.41,30.56999969,320.302,4.33,2.02,99.51616256,948.56
23/04/2025,99.83999634,4.4,28.45000076,320.302,4.33,2.02,99.4998351,946.27
24/04/2025,99.29000092,4.32,26.46999931,320.302,4.33,1.98,101.0154541,946.27
25/04/2025,99.47000122,4.29,24.84000015,320.302,4.33,1.96,99.73853934,947.13
28/04/2025,99.01000214,4.23,25.14999962,320.302,4.33,1.94,101.5954068,944.26
29/04/2025,99.23999786,4.19,24.17000008,320.302,4.33,2,99.72351058,945.41
30/04/2025,99.47000122,4.17,24.70000076,320.302,4.33,2.06,101.0316005,944.26
2/5/2025,100,4.33,22.68000031,320.302,4.33,2.08,102.8194336,939.39
3/5/2025,100,4.33,22.68000031,320.302,4.33,2.04,103.0229822,937.95
5/5/2025,99.83000183,4.36,23.63999939,320.302,4.33,2.01,103.9439331,937.67
6/5/2025,99.23999786,4.3,24.76000023,320.302,4.33,2.08,101.8160561,939.67
8/5/2025,100.6399994,4.37,22.47999954,320.302,4.33,2.08,102.0749185,937.94
9/5/2025,100.3399963,4.37,21.89999962,320.302,4.33,2.16,99.4195366,939.09
11/5/2025,100.3399963,4.37,21.89999962,320.302,4.33,2.17,98.58525149,936.51
12/5/2025,101.7900009,4.45,18.38999939,320.302,4.33,2.16,98.72152084,931.92
13/05/2025,101,4.49,18.21999931,320.62,4.33,2.11,99.15643148,927.62
14/05/2025,101.0400009,4.53,18.62000084,320.62,4.33,2.09,98.9489367,918.73
15/05/2025,100.8799973,4.45,17.82999992,320.62,4.33,2.1,99.92572431,921.03
16/05/2025,101.0899963,4.43,17.23999977,320.62,4.33,2.13,99.46331396,921.6
19/05/2025,100.4300003,4.46,18.13999939,320.62,4.33,2.23,98.89429893,919.88
20/05/2025,100.1200027,4.48,18.09000015,320.62,4.33,2.2,99.62477564,923.89
21/05/2025,99.55999756,4.58,20.87000084,320.62,4.33,2.18,100.5801077,922.46
22/05/2025,99.95999908,4.54,20.28000069,320.62,4.33,2.18,100.5801077,922.46
23/05/2025,99.11000061,4.51,22.29000092,320.62,4.33,2.11,99.53237515,922.46
26/05/2025,98.93000031,4.51,22.29000092,320.62,4.33,2.15,99.80606357,925.61
27/05/2025,99.51999664,4.43,18.95999908,320.62,4.33,2.11,99.66349197,930.2
28/05/2025,99.87999725,4.47,19.30999947,320.62,4.33,2.07,99.99088147,930.2
29/05/2025,99.27999878,4.43,19.18000031,320.62,4.33,2.13,97.52047347,933.07
30/05/2025,99.33000183,4.41,18.56999969,320.62,4.33,2.14,97.09880623,935.64
1/6/2025,99.33000183,4.41,18.56999969,320.62,4.33,2.06,97.72878419,935.64
2/6/2025,98.69999695,4.46,18.36000061,320.62,4.33,2.11,93.88607214,935.64
3/6/2025,99.25,4.46,17.69000053,320.62,4.33,2.2,92.23316615,934.21
5/6/2025,98.73999786,4.4,18.47999954,320.62,4.33,2.18,90.82261564,936.22
6/6/2025,99.19000244,4.51,16.77000046,320.62,4.33,2.18,90.87898634,935.91
8/6/2025,99.19000244,4.51,16.77000046,320.62,4.33,2.14,91.83487295,934.19
10/6/2025,99.05000305,4.47,16.95000076,320.62,4.33,2.11,93.36149409,937.91
11/6/2025,98.62999725,4.41,17.26000023,320.62,4.33,2.13,94.57292022,940.49
13/06/2025,98.18000031,4.41,20.81999969,321.435,4.33,2.16,93.36154791,941.93
16/06/2025,98,4.46,19.11000061,321.435,4.33,2.08,91.30763235,945.94
17/06/2025,98.81999969,4.39,21.60000038,321.435,4.33,2.07,91.94922001,947.37
18/06/2025,98.91000366,4.38,20.13999939,321.435,4.33,2.07,91.94922001,947.37
19/06/2025,98.91000366,4.38,20.13999939,321.435,4.33,2.05,93.62074535,950.24
20/06/2025,98.70999908,4.38,20.62000084,321.435,4.33,2.04,93.42793026,957.4
23/06/2025,98.41999817,4.34,19.82999992,321.435,4.33,2.01,92.92176361,955.68
24/06/2025,97.86000061,4.3,17.47999954,321.435,4.33,2.01,92.20175092,953.39
25/06/2025,97.68000031,4.29,16.76000023,321.435,4.33,1.98,91.114091,953.39
26/06/2025,97.15000153,4.26,16.59000015,321.435,4.33,2,90.84274676,954.82
27/06/2025,97.40000153,4.29,16.31999969,321.435,4.33,1.95,91.88887072,952.53
30/06/2025,96.87999725,4.24,16.72999954,321.435,4.33,1.97,92.4754693,948.23
1/7/2025,96.81999969,4.26,16.82999992,321.435,4.33,2,91.9123736,947.66
2/7/2025,96.77999878,4.3,16.63999939,321.435,4.33,2.02,90.5719895,947.66
3/7/2025,97.18000031,4.35,16.37999916,321.435,4.33,2.02,90.61862302,947.66
4/7/2025,97.18000031,4.35,16.37999916,321.435,4.33,2.05,91.00641263,947.66
5/7/2025,97.18000031,4.35,16.37999916,321.435,4.33,2.07,90.67229625,946.51
7/7/2025,97.48000336,4.4,17.79000092,321.435,4.33,2.01,91.10065581,947.37
8/7/2025,97.51000214,4.42,16.80999947,321.435,4.33,2.01,89.56747296,948.8
10/7/2025,97.65000153,4.35,15.77999973,321.435,4.33,2.06,86.77216139,947.64
11/7/2025,97.84999847,4.43,16.39999962,321.435,4.33,2.04,87.13795027,947.64
14/07/2025,98.08000183,4.43,17.20000076,322.169,4.33,2.09,88.01078609,947.64
15/07/2025,98.62000275,4.5,17.37999916,322.169,4.33,2.05,88.56629443,950.79
16/07/2025,98.38999939,4.46,17.15999985,322.169,4.33,2.04,87.7680292,948.5
17/07/2025,98.73000336,4.47,16.52000046,322.169,4.33,2.03,87.72205315,943.62
18/07/2025,98.48000336,4.44,16.40999985,322.169,4.33,1.98,87.00288358,947.06
21/07/2025,97.84999847,4.38,16.64999962,322.169,4.33,1.96,87.46693738,954.8
22/07/2025,97.38999939,4.35,16.5,322.169,4.33,2.03,86.4122437,954.8
23/07/2025,97.20999908,4.4,15.36999989,322.169,4.33,1.98,86.38938028,957.09
24/07/2025,97.37999725,4.43,15.39000034,322.169,4.33,1.96,87.3529493,957.09
25/07/2025,97.65000153,4.4,14.93000031,322.169,4.33,1.98,87.02203789,956.23
28/07/2025,98.66000366,4.42,15.02999973,322.169,4.33,1.91,87.26499145,956.23
29/07/2025,98.91000366,4.34,15.97999954,322.169,4.33,1.96,87.73358576,955.37
30/07/2025,99.94000244,4.38,15.47999954,322.169,4.33,1.98,90.09630441,954.51
31/07/2025,100.0299988,4.37,16.71999931,322.169,4.33,1.9,91.002258,953.08
1/8/2025,98.69000244,4.23,20.37999916,322.169,4.33,1.85,90.72918317,954.8
4/8/2025,98.77999878,4.22,17.52000046,322.169,4.33,1.86,89.73651067,955.94
5/8/2025,98.77999878,4.22,17.85000038,322.169,4.33,1.88,89.49849345,952.79
7/8/2025,98.40000153,4.23,16.56999969,322.169,4.33,1.88,89.11106359,959.09
8/8/2025,98.18000031,4.27,15.14999962,322.169,4.33,1.88,89.52026743,959.64
9/8/2025,98.18000031,4.27,15.14999962,322.169,4.33,1.87,89.03138997,964.22
10/8/2025,98.18000031,4.27,15.14999962,322.169,4.33,1.91,88.36381055,964.22
12/8/2025,98.09999847,4.29,14.72999954,322.169,4.33,1.87,87.24122453,964.22
13/08/2025,97.83999634,4.24,14.48999977,323.291,4.33,1.9,87.81001758,961.35
14/08/2025,98.25,4.29,14.82999992,323.291,4.33,1.95,88.03504279,965.36
15/08/2025,97.84999847,4.33,15.09000015,323.291,4.33,1.96,87.78951628,965.36
18/08/2025,98.16999817,4.34,14.98999977,323.291,4.33,1.95,88.9240697,962.21
19/08/2025,98.26999664,4.3,15.56999969,323.291,4.33,1.94,88.67258295,958.2
20/08/2025,98.22000122,4.29,15.68999958,323.291,4.33,1.94,87.75080508,956.77
21/08/2025,98.62000275,4.33,16.60000038,323.291,4.33,1.85,86.51642297,956.77
22/08/2025,97.72000122,4.26,14.22000027,323.291,4.33,1.87,87.23014223,958.49
25/08/2025,98.43000031,4.28,14.78999996,323.291,4.33,1.84,87.82852194,959.92
26/08/2025,98.23000336,4.26,14.61999989,323.291,4.33,1.81,87.99917729,962.5
27/08/2025,98.23000336,4.24,14.85000038,323.291,4.33,1.81,87.56826152,967.94
28/08/2025,97.80999756,4.22,14.43000031,323.291,4.33,1.82,86.41044491,977.68
29/08/2025,97.76999664,4.23,15.35999966,323.291,4.22,1.82,86.41044491,977.68
1/9/2025,97.76999664,4.23,15.35999966,323.291,4.22,1.87,86.42107512,990.56
4/9/2025,98.34999847,4.17,15.30000019,323.291,4.22,1.82,86.49559403,984.26
5/9/2025,97.76999664,4.1,15.18000031,323.291,4.22,1.79,87.15993523,981.97
6/9/2025,97.76999664,4.1,15.18000031,323.291,4.22,1.73,87.96805365,981.97
7/9/2025,97.76999664,4.1,15.18000031,323.291,4.22,1.7,87.82166304,979.68
9/9/2025,97.79000092,4.08,15.03999996,323.291,4.22,1.72,89.12618513,979.68
10/9/2025,97.77999878,4.04,15.35000038,323.291,4.22,1.69,88.58094836,979.95
12/9/2025,97.55000305,4.06,14.76000023,323.291,4.22,1.67,87.2221029,977.95
15/09/2025,97.30000305,4.05,15.68999958,324.245,4.22,1.7,86.09714802,974.8
16/09/2025,96.62999725,4.04,16.36000061,324.245,4.22,1.68,86.60536019,976.8
17/09/2025,96.87000275,4.06,15.72000027,324.245,4.22,1.67,86.85691046,979.95
18/09/2025,97.34999847,4.11,15.69999981,324.245,4.22,1.68,88.24601021,975.66
19/09/2025,97.63999939,4.14,15.44999981,324.245,4.22,1.73,87.36422872,975.66
22/09/2025,97.33000183,4.15,16.10000038,324.245,4.22,1.75,86.31512273,994.56
23/09/2025,97.26000214,4.12,16.63999939,324.245,4.22,1.78,85.4060588,1000.57
24/09/2025,97.87000275,4.16,16.18000031,324.245,4.22,1.75,85.54942032,1000.57
25/09/2025,98.55000305,4.18,16.73999977,324.245,4.22,1.78,85.25253127,996.85
26/09/2025,98.15000153,4.2,15.28999996,324.245,4.22,1.8,83.6051641,996.85
29/09/2025,97.91000366,4.15,16.12000084,324.245,4.22,1.82,81.67932312,1005.72
30/09/2025,97.76999664,4.16,16.28000069,324.245,4.22,1.8,81.97245221,1011.73
1/10/2025,97.70999908,4.12,16.29000092,324.245,4.22,1.8,83.03894203,1012.88
2/10/2025,97.84999847,4.1,16.62999916,324.245,4.09,1.77,81.78261631,1018.89
3/10/2025,97.72000122,4.13,16.64999962,324.245,4.09,1.76,83.47173807,1015.74
4/10/2025,97.72000122,4.13,16.64999962,324.245,4.09,1.8,81.53455131,1014.88
6/10/2025,98.11000061,4.18,16.37000084,324.245,4.09,1.84,82.12012686,1013.16
7/10/2025,98.58000183,4.14,17.23999977,324.245,4.09,1.79,84.28750134,1013.15
9/10/2025,99.54000092,4.14,16.43000031,324.245,4.09,1.78,83.09972451,1014.58
10/10/2025,98.98000336,4.05,21.65999985,324.245,4.09,1.8,84.2326612,1013.44
11/10/2025,98.98000336,4.05,21.65999985,324.245,4.09,1.75,84.70535442,1017.16
12/10/2025,98.98000336,4.05,21.65999985,324.245,4.09,1.75,81.95890704,1018.88
13/10/2025,99.26999664,4.05,19.03000069,324.245,4.09,1.73,82.25742861,1021.45
14/10/2025,99.05000305,4.03,20.80999947,324.245,4.09,1.76,81.78293325,1022.6
15/10/2025,98.79000092,4.05,20.63999939,324.245,4.09,1.71,80.72346513,1034.62
16/10/2025,98.38999939,3.99,25.30999947,324.245,4.09,1.75,84.02655294,1047.21
17/10/2025,98.43000031,4.02,20.78000069,324.245,4.09,1.74,84.82951439,1058.66
20/10/2025,98.58999634,4,18.22999954,324.245,4.09,1.7,86.14752129,1058.66
21/10/2025,98.93000031,3.98,17.87000084,324.245,4.09,1.68,85.21522992,1052.37
22/10/2025,98.90000153,3.97,18.60000038,324.245,4.09,1.71,85.09343947,1052.37
23/10/2025,98.94000244,4.01,17.29999924,324.245,4.09,1.73,85.13136399,1046.93
24/10/2025,98.94999695,4.02,16.37000084,324.245,4.09,1.73,85.94776596,1038.92
27/10/2025,98.77999878,4.01,15.78999996,324.245,4.09,1.71,84.16339419,1038.92
28/10/2025,98.69000244,3.99,16.42000008,324.245,4.09,1.78,83.47896932,1036.05
29/10/2025,99.22000122,4.08,16.92000008,324.245,4.09,1.82,82.62368739,1040.35
30/10/2025,99.52999878,4.11,16.90999985,324.245,4.09,1.81,82.97287149,1039.2
31/10/2025,99.80000305,4.11,17.44000053,324.245,3.88,1.82,83.53449733,1041.78
2/11/2025,99.80000305,4.11,17.44000053,324.245,3.88,1.81,83.76193214,1038.63
3/11/2025,99.87000275,4.13,17.17000008,324.245,3.88,1.87,83.16027276,1038.63
4/11/2025,100.2200012,4.1,19,324.245,3.88,1.83,83.27195901,1040.35
6/11/2025,99.73000336,4.11,19.5,324.245,3.88,1.83,83.29133525,1042.06
7/11/2025,99.59999847,4.11,19.07999992,324.245,3.88,1.84,81.94591062,1042.06
8/11/2025,99.59999847,4.11,19.07999992,324.245,3.88,1.84,81.13318982,1046.36
9/11/2025,99.59999847,4.11,19.07999992,324.245,3.88,1.81,78.83446795,1046.64
11/11/2025,99.45999908,4.13,17.28000069,324.245,3.88,1.83,78.88796395,1048.93
12/11/2025,99.48000336,4.08,17.51000023,324.245,3.88,1.86,80.79857848,1044
13/11/2025,99.18000031,4.11,20,325.063,3.88,1.85,80.36148245,1041.43
14/11/2025,99.26999664,4.14,19.82999992,325.063,3.88,1.85,80.50148637,1041.43
17/11/2025,99.58999634,4.13,22.37999916,325.063,3.88,1.86,80.28548686,1043.72
18/11/2025,99.55000305,4.12,24.69000053,325.063,3.88,1.86,80.73118528,1039.43
19/11/2025,100.2300034,4.13,23.65999985,325.063,3.88,1.82,81.74162094,1040.57
20/11/2025,100.1600037,4.1,26.42000008,325.063,3.88,1.81,81.35798889,1040.86
21/11/2025,100.1800003,4.06,23.43000031,325.063,3.88,1.79,81.26595887,1040.86
24/11/2025,100.1399994,4.04,20.52000046,325.063,3.88,1.77,78.71343576,1045.43
25/11/2025,99.66000366,4.01,18.55999947,325.063,3.88,1.77,78.71343576,1045.43
26/11/2025,99.59999847,4,17.19000053,325.063,3.88,1.79,74.73159956,1045.43
27/11/2025,99.59999847,4,17.19000053,325.063,3.72,1.85,72.56838402,1050.01
28/11/2025,99.45999908,4.02,16.35000038,325.063,3.72,1.85,72.2039214,1048.3
2/12/2025,99.36000061,4.09,16.59000015,325.063,3.72,1.82,72.50046962,1046.58
3/12/2025,98.84999847,4.06,16.07999992,325.063,3.72,1.85,74.09009791,1050.58
5/12/2025,98.98999786,4.14,15.40999985,325.063,3.72,1.88,72.11153056,1050.25
6/12/2025,98.98999786,4.14,15.40999985,325.063,3.72,1.91,72.46924045,1049.11
8/12/2025,99.08999634,4.17,16.65999985,325.063,3.72,1.92,69.91474488,1047.97
9/12/2025,99.22000122,4.18,16.93000031,325.063,3.72,1.88,69.50098196,1046.82
11/12/2025,98.34999847,4.14,14.85000038,325.063,3.72,1.89,67.0353039,1050.83
12/12/2025,98.40000153,4.19,15.73999977,325.063,3.72,1.93,70.07757459,1053.11
15/12/2025,98.15000153,4.18,16.5,326.031,3.72,1.93,68.42548918,1051.68
16/12/2025,98.15000153,4.15,16.47999954,326.031,3.72,1.92,68.65231176,1051.68
17/12/2025,98.37000275,4.16,17.62000084,326.031,3.72,1.92,65.63552142,1052.54
18/12/2025,98.43000031,4.12,16.87000084,326.031,3.72,1.88,67.18323952,1052.54
19/12/2025,98.59999847,4.16,14.90999985,326.031,3.72,1.92,65.24646305,1052.54
22/12/2025,98.29000092,4.17,14.07999992,326.031,3.72,1.94,65.45224595,1064.56
23/12/2025,97.94000244,4.18,14,326.031,3.72,1.94,63.59934406,1064.56
24/12/2025,97.98000336,4.15,13.47000027,326.031,3.72,1.91,63.07950345,1068.27
25/12/2025,97.98000336,4.15,13.47000027,326.031,3.72,1.91,63.07950345,1068.27
26/12/2025,98.01999664,4.14,13.60000038,326.031,3.72,1.91,59.21475949,1071.13
29/12/2025,98.04000092,4.12,14.19999981,326.031,3.72,1.9,61.91450876,1071.99
30/12/2025,98.23999786,4.14,14.32999992,326.031,3.72,1.9,56.48021385,1071.99
31/12/2025,98.27999878,4.18,14.94999981,326.031,3.72,1.93,61.67621884,1070.56
1/1/2026,98.27999878,4.18,14.94999981,326.031,3.64,1.93,61.67621884,1070.56
4/1/2026,98.41999817,4.19,14.51000023,326.031,3.64,1.94,61.14859002,1065.13
5/1/2026,98.26999664,4.17,14.89999962,326.031,3.64,1.91,58.25455356,1065.13
6/1/2026,98.58000183,4.18,14.75,326.031,3.64,1.91,55.65876398,1067.13
7/1/2026,98.68000031,4.15,15.38000011,326.031,3.64,1.88,57.681982,1067.13
13/01/2026,99.12999725,4.18,15.97999954,326.588,3.64,1.92,59.55484758,1067.13
14/01/2026,99.12999725,4.15,16.75,326.588,3.64,1.9,56.92281897,1064.56
15/01/2026,99.31999969,4.17,15.84000015,326.588,3.64,1.9,54.4179148,1070.8
16/01/2026,99.38999939,4.24,15.85999966,326.588,3.64,1.88,53.43922417,1074.23
19/01/2026,99.38999939,4.24,15.85999966,326.588,3.64,1.86,50.91174809,1074.23
20/01/2026,98.63999939,4.3,20.09000015,326.588,3.64,1.88,50.24489347,1074.8
21/01/2026,98.76000214,4.26,16.89999962,326.588,3.64,1.91,52.08704322,1085.67
22/01/2026,98.36000061,4.26,15.64000034,326.588,3.64,1.91,52.08704322,1085.67
23/01/2026,97.59999847,4.24,16.09000015,326.588,3.64,1.97,50.52332158,1081.66
26/01/2026,97.04000092,4.22,16.14999962,326.588,3.64,1.92,52.39995502,1077.66
27/01/2026,96.22000122,4.24,16.35000038,326.588,3.64,1.95,51.14611893,1079.66
28/01/2026,96.44999695,4.26,16.35000038,326.588,3.64,1.92,49.30592068,1086.53
29/01/2026,96.27999878,4.24,16.87999916,326.588,3.64,1.9,44.14059884,1086.53
30/01/2026,96.98999786,4.26,17.44000053,326.588,3.64,1.9,48.14021375,1087.38
1/2/2026,96.98999786,4.26,17.44000053,326.588,3.64,1.9,46.8707738,1089.96
2/2/2026,97.61000061,4.29,16.34000015,326.588,3.64,1.89,46.63749294,1086.53
3/2/2026,97.44000244,4.28,18,326.588,3.64,1.9,60.21075293,1087.1
4/2/2026,97.62000275,4.29,18.63999939,326.588,3.64,1.94,60.2060487,1087.1
6/2/2026,97.62999725,4.22,20.37000084,326.588,3.64,1.92,59.05084422,1083.38
7/2/2026,97.62999725,4.22,20.37000084,326.588,3.64,1.94,58.46135387,1081.95
13/02/2026,96.87999725,4.04,20.60000038,327.46,3.64,1.89,63.52363085,1077.95
16/02/2026,96.87999725,4.04,20.60000038,327.46,3.64,1.88,64.52336165,1076.23
17/02/2026,97.16000366,4.05,20.29000092,327.46,3.64,1.87,61.54755075,1079.66
18/02/2026,97.69999695,4.09,19.62000084,327.46,3.64,1.84,62.37751702,1079.32
19/02/2026,97.93000031,4.08,20.22999954,327.46,3.64,1.86,60.55352856,1081.32
20/02/2026,97.80000305,4.08,19.09000015,327.46,3.64,1.8,65.17486499,1076.18
23/02/2026,97.69999695,4.03,21.01000023,327.46,3.64,1.77,64.50784362,1077.03
24/02/2026,97.87999725,4.04,19.54999924,327.46,3.64,1.77,64.50784362,1077.03
25/02/2026,97.69999695,4.05,17.93000031,327.46,3.64,1.79,66.48195291,1075.61
26/02/2026,97.79000092,4.02,18.62999916,327.46,3.64,1.8,64.33446216,1075.61
27/02/2026,97.61000061,3.97,19.86000061,327.46,3.64,1.79,64.15135365,1078.75
2/3/2026,98.37999725,4.05,21.44000053,327.46,3.64,1.8,61.48657658,1078.75
3/3/2026,99.05000305,4.06,23.56999969,327.46,3.64,1.77,60.15394794,1086.47
4/3/2026,98.76999664,4.09,21.14999962,327.46,3.64,1.78,58.95239674,1094.19
6/3/2026,98.98999786,4.15,29.48999977,327.46,3.64,1.77,57.25156128,1097.62
7/3/2026,98.98999786,4.15,29.48999977,327.46,3.64,1.74,59.5013671,1097.9
13/03/2026,100.3600006,4.28,27.19000053,330.293,3.64,1.72,56.43490694,1101.33
16/03/2026,99.70999908,4.23,23.51000023,330.293,3.64,1.76,59.97009772,1101.33
17/03/2026,99.58000183,4.2,22.37000084,330.293,3.64,1.77,61.59208081,1099.04
18/03/2026,100.0899963,4.26,25.09000015,330.293,3.64,1.8,61.96313815,1081.04
19/03/2026,99.23000336,4.25,24.05999947,330.293,3.64,1.82,62.00864304,1075.89
20/03/2026,99.65000153,4.39,26.78000069,330.293,3.64,1.8,61.39758497,1073.32
23/03/2026,98.94999695,4.34,26.14999962,330.293,3.64,1.78,60.590015,1070.71
24/03/2026,99.43000031,4.39,26.95000076,330.293,3.64,1.82,58.70592801,1073.57
25/03/2026,99.59999847,4.33,25.32999992,330.293,3.64,1.85,60.74648509,1077.28
26/03/2026,99.90000153,4.42,27.44000053,330.293,3.64,1.89,60.42045489,1075.85
27/03/2026,100.1500015,4.44,31.04999924,330.293,3.64,1.92,62.44283942,1071.56
30/03/2026,100.5100021,4.35,30.61000061,330.293,3.64,1.87,62.22044989,1070.71
31/03/2026,99.95999908,4.3,25.25,330.293,3.64,1.83,62.88193231,1069.56
2/4/2026,100.0299988,4.31,23.87000084,330.293,3.64,1.86,63.30951045,1066.99
3/4/2026,100.0299988,4.35,23.87000084,330.293,3.64,1.88,64.88815785,1062.13
5/4/2026,100.0299988,4.35,23.87000084,330.293,3.64,2.01,65.89388498,1056.99
6/4/2026,99.98000336,4.34,24.17000008,330.293,3.64,2.01,63.78223968,1052.7
13/04/2026,98.37000275,4.3,19.12000084,332.407,3.64,2.06,63.50578389,1052.99
14/04/2026,98.12000275,4.26,18.36000061,332.407,3.64,2.02,62.87640857,1052.42
15/04/2026,98.05999756,4.29,18.17000008,332.407,3.64,2.08,64.65842316,1052.7
16/04/2026,98.22000122,4.32,17.94000053,332.407,3.64,2.13,64.59127354,1049.56
17/04/2026,98.09999847,4.26,17.47999954,332.407,3.64,2.04,64.35925375,1046.13
20/04/2026,98.05000305,4.26,18.87000084,332.407,3.64,2,62.22519676,1047.28
21/04/2026,98.41000366,4.3,19.5,332.407,3.64,2.02,63.04717992,1050.99
22/04/2026,98.58999634,4.3,18.92000008,332.407,3.64,1.97,63.95132963,1050.99
23/04/2026,98.80000305,4.34,19.30999947,332.407,3.64,1.99,63.95132963,1050.99
24/04/2026,98.51000214,4.31,18.70999908,332.407,3.64,1.98,64.08939603,1054.42
27/04/2026,98.48000336,4.35,18.02000046,332.407,3.64,1.96,64.83864243,1054.42
28/04/2026,98.62000275,4.36,17.82999992,332.407,3.64,1.96,63.13809504,1052.99
29/04/2026,98.91999817,4.42,18.80999947,332.407,3.64,1.95,62.82628012,1052.42
30/04/2026,98.08000183,4.4,16.88999939,332.407,3.64,1.95,62.39059874,1052.42
1/5/2026,98.20999908,4.39,16.98999977,332.407,3.64,1.92,62.79411222,1047.19
2/5/2026,98.20999908,4.39,16.98999977,332.407,3.64,1.89,60.77515172,1049.48
3/5/2026,98.20999908,4.39,16.98999977,332.407,3.64,1.9,60.38419648,1051.76
5/5/2026,98.48000336,4.43,17.37999916,332.407,3.64,1.93,60.87830104,1052.91
6/5/2026,98.01999664,4.36,17.38999939,332.407,3.64,1.9,59.42890894,1060.62
13/05/2026,98.48000336,4.46,17.87000084,333.979,3.64,1.91,60.11932701,1059.76
14/05/2026,98.87999725,4.47,17.26000023,333.979,3.64,1.92,61.48852536,1055.48
15/05/2026,99.26999664,4.59,18.43000031,333.979,3.64,1.92,60.75642403,1050.91
18/05/2026,98.97000122,4.61,17.81999969,333.979,3.64,1.92,62.34811271,1049.19
19/05/2026,99.30000305,4.67,18.05999947,333.979,3.64,1.89,61.82396089,1046.62
20/05/2026,99.11000061,4.57,17.44000053,333.979,3.64,1.91,62.33617329,1044.34
21/05/2026,99.19000244,4.57,16.76000023,333.979,3.64,1.92,62.72112404,1040.91
22/05/2026,99.31999969,4.56,16.70000076,333.979,3.64,1.96,63.5079459,1039.2
25/05/2026,99.31999969,4.56,16.59000015,333.979,3.64,1.94,62.7560096,1035.77
26/05/2026,99.16999817,4.5,17.01000023,333.979,3.63,1.91,60.95904099,1035.77
27/05/2026,99.20999908,4.48,16.29000092,333.979,3.63,1.95,61.8499574,1035.77
28/05/2026,99.01999664,4.45,15.73999977,333.979,3.63,1.96,62.31602148,1034.05
29/05/2026,98.91000366,4.45,15.31999969,333.979,3.63,1.94,60.95351036,1033.2
1/6/2026,99.19999695,4.47,16.04999924,333.979,3.63,1.96,58.96789271,1033.48
2/6/2026,99.22000122,4.46,15.77000046,333.979,3.63,1.93,58.71509546,1034
3/6/2026,99.52999878,4.49,16.05999947,333.979,3.63,1.95,55.19915964,1036.28
4/6/2026,99.41000366,4.47,15.39999962,333.979,3.63,1.99,54.94655525,1038.28
5/6/2026,100.0699997,4.55,21.51000023,333.979,3.63,1.99,52.8496554,1039.99
7/6/2026,100.0699997,4.55,21.51000023,333.979,3.63,2,55.09350806,1039.99
15/06/2026,99.62999725,4.47,16.20000076,332.568,3.63,2.1,59.04277577,1037.42
16/06/2026,99.54000092,4.43,16.40999985,332.568,3.63,2.13,59.06737918,1038.85
17/06/2026,100.0899963,4.49,18.44000053,332.568,3.63,2.18,60.2221044,1036.85
18/06/2026,100.8499985,4.46,16.39999962,332.568,3.63,2.13,59.73948832,1036.85
19/06/2026,100.8499985,4.46,16.39999962,332.568,3.63,2.18,59.41057552,1037.71
22/06/2026,101.0199966,4.51,17.28000069,332.568,3.63,2.16,59.57071317,1034.85
23/06/2026,101.4100037,4.5,19.48999977,332.568,3.63,2.16,59.57071317,1034.85
24/06/2026,101.6100006,4.41,18.62999916,332.568,3.63,2.1,58.97909553,1034.85
25/06/2026,101.4300003,4.4,18.88999939,332.568,3.63,2.09,59.61876243,1034.85
26/06/2026,101.3600006,4.38,18.40999985,332.568,3.63,2.06,59.47914607,1032.57
29/06/2026,101.1100006,4.38,17.64999962,332.568,3.63,2.07,60.31131192,1029.14
30/06/2026,101.1900024,4.44,16.45000076,332.568,3.63,2.07,59.66376431,1028.86
1/7/2026,101.3899994,4.48,16.59000015,332.568,3.63,2.07,59.60749792,1028
4/7/2026,100.8600006,4.49,16.14999962,332.568,3.63,2.11,60.38298656,1026.86
5/7/2026,100.8600006,4.49,16.14999962,332.568,3.63,2.11,60.66495677,1025.14
7/7/2026,101.1399994,4.55,16.12999916,332.568,3.63,2.19,62.90849031,1019.92
13/07/2026,101.2799988,4.62,17.15999985,332.568,3.63,2.21,63.3671861,1019.92
14/07/2026,100.9400024,4.58,16.5,332.568,3.63,2.2,65.44381793,1016.49
15/07/2026,100.5,4.55,15.67000008,332.568,3.63,2.21,63.59541568,1013.64
16/07/2026,100.7300034,4.57,16.72999954,332.568,3.63,2.16,64.02598664,1013.64
17/07/2026,100.75,4.55,18.77000046,332.568,3.63,2.17,62.11408845,1013.64
20/07/2026,100.9899979,4.6,18.64999962,332.568,3.63,2.15,61.77032916,1012.21
21/07/2026,101.1800003,4.63,17.04999924,332.568,3.63,2.14,61.95939532,1012.21
22/07/2026,101.1399994,4.67,16.63999939,332.568,3.63,2.23,61.65695308,1013.07
23/07/2026,101.4300003,4.71,18.70000076,332.568,3.63,2.21,63.7551924,1020.49
24/07/2026,101.4700012,4.69,18.57999992,332.568,3.63,2.21,63.7551924,1020.49
27/07/2026,101.5100021,4.65,18.67000008,332.568,3.63,2.28,63.81949235,1022.2
28/07/2026,101.3799973,4.61,18.20999908,332.568,3.63,2.29,66.58980767,1017.64
29/07/2026,100.8000031,4.67,20.65999985,332.568,3.63,2.23,68.73665295,1013.35
30/07/2026,100.0100021,4.68,17.09000015,332.568,3.63,2.19,69.07691831,1007.08
1/8/2026,100.0100021,4.68,17.09000015,332.568,3.63,2.18,68.87718082,1005.08
4/8/2026,100.0100021,4.68,17.09000015,332.568,3.63,2.16,69.1413855,1005.08
5/8/2026,100.0100021,4.68,17.09000015,332.568,3.63,2.2,67.63790746,1005.08
6/8/2026,100.0100021,4.68,17.09000015,332.568,3.63,2.25,67.70908065,1005.36
7/8/2026,100.0100021,4.68,17.09000015,332.568,3.63,2.26,67.81821628,1001.37
1/9/2026,100.0100021,4.68,17.09000015,332.568,3.63,2.26,67.81821628,1001.37
2/9/2026,100.0100021,4.68,17.09000015,332.568,3.63,2.24,67.10433173,1002.79
3/9/2026,100.0100021,4.68,17.09000015,332.568,3.63,2.3,68.03268979,1002.51
4/9/2026,100.0100021,4.68,17.09000015,332.568,3.63,2.31,69.99002475,1002.51
6/9/2026,100.0100021,4.68,17.09000015,332.568,3.63,2.31,68.4123391,1005.65
7/9/2026,100.0100021,4.68,17.09000015,332.568,3.63,2.32,68.62011115,1002.45
2/10/2026,100.0100021,4.68,17.09000015,332.568,3.63,2.36,69.35142587,1002.45
3/10/2026,100.0100021,4.68,17.09000015,332.568,3.63,2.33,69.09923334,1004.45
4/10/2026,100.0100021,4.68,17.09000015,332.568,3.63,2.32,70.81071541,1001.88
6/10/2026,100.0100021,4.68,17.09000015,332.568,3.63,2.35,71.30130206,1001.88
7/10/2026,100.0100021,4.68,17.09000015,332.568,3.63,2.31,71.60676827,999.02
2/11/2026,100.0100021,4.68,17.09000015,332.568,3.63,2.35,70.60139045,1003.59
3/11/2026,100.0100021,4.68,17.09000015,332.568,3.63,2.37,69.19520967,1005.87
5/11/2026,100.0100021,4.68,17.09000015,332.568,3.63,2.39,69.09311773,1007.87
6/11/2026,100.0100021,4.68,17.09000015,332.568,3.63,2.43,70.01280449,1009.3
1/12/2026,100.0100021,4.68,17.09000015,332.568,3.63,2.43,69.34670316,1009.3
2/12/2026,100.0100021,4.68,17.09000015,332.568,3.63,2.44,69.68292502,1009.3
3/12/2026,100.0100021,4.68,17.09000015,332.568,3.63,2.41,70.44645259,1008.73
5/12/2026,100.0100021,4.68,17.09000015,332.568,3.63,2.41,69.72849703,1009.3
6/12/2026,100.0100021,4.68,17.09000015,332.568,3.63,2.41,69.7118115,1007.87
