tree
version=v4
num_class=1
num_tree_per_iteration=1
label_index=0
max_feature_idx=24
objective=regression
feature_names=Return Log_Return Ret_Lag_1 Ret_Lag_2 Ret_Lag_3 Ret_Lag_5 Ret_Lag_10 Daily_Range_Pct Close_to_MA_5 Close_to_MA_10 Close_to_MA_20 Close_to_MA_50 Close_to_EMA_10 Close_to_EMA_20 Rolling_Std_10 Rolling_Std_20 RSI_14 MACD_Pct Volume_to_MA_10 Global_Industrial_Production_Index USD_Index US_10Y_Yield VIX CPI_Inflation China_PMI
feature_infos=[-0.066940172742521994:0.074641947929079799] [-0.069285956656344794:0.071987534405050499] [-0.066940172742521994:0.074641947929079799] [-0.066940172742521994:0.074641947929079799] [-0.066940172742521994:0.074641947929079799] [-0.066940172742521994:0.074641947929079799] [-0.066940172742521994:0.074641947929079799] [0:0.092802595159413206] [0.91318316788809784:1.0730283848102866] [0.87986156167578455:1.1066018538739253] [0.85692473313438489:1.1552927409995728] [0.79659082927529956:1.1777746655552006] [0.89466740749189477:1.0920323555297982] [0.8686804240890813:1.1281657463110899] [0.0024529130098374001:0.036179077589099801] [0.0057965333731078003:0.029331550672483601] [13.140122716746744:90.832403572489085] [-0.0188041687703022:0.016289486570868299] [0.030548428479792201:9.6792988700484308] [84.561899999999994:104.10039999999999] [88.589996337890597:114.11000061035099] [0.52000000000000002:4.25] [9.1400003433227504:82.690002441406193] [0.0088000000000000005:8.9794] [48:52.100000000000001]
tree_sizes=2329 2466 2454 2680 1997 2578 2399 2569 2490 2418 2358 2239 2347 1990 2619 1932 2697 2078 2609 2118 2624 2370 2534 2614 2632 2744 2423 2779 2832 2025 2821 2899 2833 2780 2890 2446 2894 2805 2701 2863 2914 2825 2284 2848 2854 2798 2694 2543 2503 2729 2820 2699 2843 2897 2879 2935 2921 2850 2545 2916 2844 2809 2868 2937 2862 2887 2930 2774

Tree=0
num_leaves=26
num_cat=0
split_feature=19 21 21 19 22 24 19 21 20 11 19 13 19 20 11 22 24 15 21 11 21 11 22 11 13
split_gain=4.78757 1.41684 1.09143 1.17457 0.69859 0.692934 0.668699 0.681816 0.49425 0.44367 0.357828 0.191142 0.18454 0.17746 0.177381 0.16936 0.167721 0.157362 0.121123 0.0730651 0.0684103 0.042469 0.0337533 0.0107485 0.00389609
threshold=98.882750000000016 1.8250000000000004 3.6150000000000007 100.42605000000002 11.215000152587852 50.350000000000001 103.34875000000001 1.7750000000000001 106.44499969482401 1.013979980572999 100.25970000000002 0.97496442325619581 100.07525000000003 90.935001373290959 0.9576351624063687 19.144999504089302 50.150000000000013 0.012426528959873902 0.65500000000000014 1.0905671561090862 3.9450000000000007 1.0102340726937626 13.574999809265101 1.0355847460651899 1.0013581036006689
decision_type=2 2 2 2 2 2 2 2 2 2 2 2 2 2 2 2 2 2 2 2 2 2 2 2 2
left_child=1 5 3 4 12 11 7 14 -9 -7 13 -1 -2 -6 -5 -11 -8 -3 -17 23 24 -18 -13 -19 -4
right_child=2 17 20 6 10 9 16 8 -10 15 -12 22 -14 -15 -16 18 21 19 -20 -21 -22 -23 -24 -25 -26
leaf_value=0.02250153149377556 0.020428737766732197 0.021250453346233298 0.022402471270509518 0.017734053750141938 0.017475217869940499 0.025667103353849505 0.0215254549680279 0.017213273200926776 0.020344811266164504 0.020797122236897884 0.015999355251594859 0.020648840598009009 0.02340460870565397 0.01991767822608528 0.020335411116714129 0.02144838061260413 0.019802025937859808 0.018843008835046967 0.02367736174422326 0.019993959549427315 0.024336030596706838 0.018468060542584302 0.019177797761057651 0.017594645285225887 0.021080291382348446
leaf_weight=34 32 24 22 29 28 85 45 605 47 31 24 20 58 326 108 33 77 25 178 20 21 32 38 35 20
leaf_count=34 32 24 22 29 28 85 45 605 47 31 24 20 58 326 108 33 77 25 178 20 21 32 38 35 20
internal_value=0.01986 0.0223232 0.0189849 0.0188102 0.0200329 0.0231008 0.0182006 0.0178478 0.017444 0.0237494 0.0194726 0.0207462 0.0223974 0.0197268 0.0197951 0.0230423 0.01999 0.0192179 0.023352 0.0185615 0.0228065 0.019374 0.0197407 0.0180404 0.0218857
internal_weight=1997 523 1474 1411 468 419 943 789 652 327 378 92 90 354 137 242 154 104 211 80 63 109 58 60 42
internal_count=1997 523 1474 1411 468 419 943 789 652 327 378 92 90 354 137 242 154 104 211 80 63 109 58 60 42
is_linear=0
shrinkage=1


Tree=1
num_leaves=27
num_cat=0
split_feature=19 23 21 23 19 21 24 24 19 23 23 23 22 13 23 24 15 13 20 20 13 22 19 13 22 19
split_gain=4.50781 1.50655 1.33468 1.03233 0.88907 0.835059 0.651821 0.478839 0.468242 0.430036 0.324573 0.297817 0.263901 0.180115 0.165484 0.158177 0.148503 0.117511 0.0997758 0.0811281 0.0634416 0.05796 0.0411051 0.032544 0.0318526 0.00677763
threshold=98.882750000000016 8.2272000000000016 1.8250000000000004 0.5375000000000002 101.45125000000002 1.9950000000000003 50.350000000000001 50.150000000000013 103.34875000000001 2.6553500000000008 2.4561000000000006 1.9056500000000003 16.894999504089352 0.97496442325619581 0.21195000000000003 50.150000000000013 0.012426528959873902 0.99797253465220204 97.795001983642564 105.104999542236 1.0413483572514004 18.865000724792452 101.38210000000002 0.9753961259696865 13.574999809265101 98.402000000000015
decision_type=2 2 2 2 2 2 2 2 2 2 2 2 2 2 2 2 2 2 2 2 2 2 2 2 2 2
left_child=2 3 6 14 5 12 13 22 10 17 -6 -7 -5 -1 -2 -10 -4 -8 -19 -9 25 -11 -3 -16 -15 -18
right_child=1 7 16 4 8 11 9 19 15 21 -12 -13 -14 24 23 -17 20 18 -20 -21 -22 -23 -24 -25 -26 -27
leaf_value=0.002564589272599135 -0.0041961227886712369 -0.0048316699547523807 0.0013504478295519947 -0.001753609021486611 -0.0013879148421816014 0.0026521506577941844 0.0057510199570655826 -0.0028658425174653526 0.0016166170673930773 0 -0.0037661936911330979 0.0007810208489511713 0 0.00076634190158386315 -0.0012320536132432276 -0.00047255823410682337 -0.0021794750662520526 0.0034941093884170889 0.0054743070739966173 -0.00013992072709582067 0 0.0020078315103183621 -0.0074748021934343423 -0.0029357858734286348 -0.00066222136493664801 -0.00097544427698647424
leaf_weight=34 66 43 24 134 301 109 49 23 45 23 65 283 188 20 43 109 35 195 38 21 24 22 22 22 38 21
leaf_count=34 66 43 24 134 301 109 49 23 45 23 65 283 188 20 43 109 35 195 38 21 24 22 22 22 38 21
internal_value=0 -0.00084852 0.00239076 -0.000573349 -0.000300665 0.000383237 0.00314551 -0.00423066 -0.00124441 0.00377466 -0.00182757 0.00131437 -0.000741585 0.000860507 -0.00309753 0.000125051 -0.000622437 0.00421164 0.00385189 -0.00166352 -0.00126071 0.000938985 -0.00587142 -0.0018899 -0.000114126 -0.00180563
internal_weight=1997 1474 523 1365 1234 714 419 109 520 327 366 392 322 92 131 154 104 282 233 44 80 45 65 65 58 56
internal_count=1997 1474 523 1365 1234 714 419 109 520 327 366 392 322 92 131 154 104 282 233 44 80 45 65 65 58 56
is_linear=0
shrinkage=0.03


Tree=2
num_leaves=26
num_cat=0
split_feature=19 23 22 15 23 19 24 19 23 20 19 23 11 24 11 24 19 11 22 23 19 11 17 19 14
split_gain=4.24791 1.42227 0.98101 1.33819 0.973463 0.836963 0.450345 0.440953 0.414144 0.638844 0.380239 0.305469 0.237771 0.190287 0.181145 0.149027 0.0818387 0.0804205 0.0683545 0.0617799 0.0379863 0.0366141 0.0499717 0.0360876 0.0142766
threshold=98.882750000000016 8.2272000000000016 19.964999198913503 0.010518752887121252 0.5375000000000002 101.45125000000002 50.150000000000013 103.34875000000001 2.0116000000000005 103.49499893188451 100.07525000000003 2.4561000000000006 0.94420154435796422 50.600000000000001 1.0241010643287118 50.150000000000013 98.329350000000019 1.0147221402098594 12.335000038146902 1.5337500000000002 101.38210000000002 1.1108485115412852 0.0019049725480523502 98.402000000000015 0.012198859413546053
decision_type=2 2 2 2 2 2 2 2 2 2 2 2 2 2 2 2 2 2 2 2 2 2 2 2 2
left_child=2 4 3 19 12 8 20 11 10 -10 -6 -7 24 -4 -15 -9 -5 -8 -18 -1 -3 22 -16 -20 -2
right_child=1 6 13 16 5 7 17 15 9 -11 -12 -13 -14 14 21 -17 18 -19 23 -21 -22 -23 -24 -25 -26
leaf_value=0.0025084643087390323 -0.00075733384208288043 -0.0046900141503323214 0.0010108263398054985 -0.0022189023736864325 0.00039092129319926079 -0.0013464153060984557 -0.00027697616994380953 0.0015691728946226444 -0.00070573738949897236 0.0018363913267706361 0.0029590861025421572 -0.0036549197787588291 -0.0041642059361612473 0.005244065388359807 0.0029085547266906853 -0.00045851035448034631 -0.0013414902542252093 -0.0029937378125531331 0.0010842920660753198 0.0050301159037923326 -0.0072603078043979152 0.0016092932352542197 0.0043384253858165306 -0.00018766242480638471 -0.0020055705565959212
leaf_weight=22 29 43 29 23 131 301 24 45 379 115 89 65 73 65 117 109 39 20 25 48 22 21 54 80 29
leaf_count=22 29 43 29 23 131 301 24 45 379 115 89 65 73 65 117 109 39 20 25 48 22 21 54 80 29
internal_value=0 -0.000824078 0.00232044 0.00087079 -0.000556643 -0.00029177 -0.00411037 -0.00120748 0.000371693 -0.000105371 0.00145212 -0.00177341 -0.00300787 0.00350404 0.00376874 0.000120941 -0.000576919 -0.00161762 -0.000280474 0.00432634 -0.00570224 0.00322916 0.00340013 9.42541e-05 -0.00145571
internal_weight=1997 1474 523 237 1365 1234 109 520 714 494 220 366 131 286 257 154 167 44 144 70 65 192 171 105 58
internal_count=1997 1474 523 237 1365 1234 109 520 714 494 220 366 131 286 257 154 167 44 144 70 65 192 171 105 58
is_linear=0
shrinkage=0.03


Tree=3
num_leaves=29
num_cat=0
split_feature=19 21 21 19 19 21 24 20 24 19 11 19 15 16 21 20 24 24 21 11 21 19 11 21 20 11 13 9
split_gain=4.00377 1.19265 0.962211 0.994212 0.564154 0.602097 0.426233 0.424976 0.401792 0.452673 0.381267 0.365362 0.253989 0.215752 0.171718 0.156861 0.14599 0.140407 0.107234 0.0743468 0.0649539 0.0503579 0.0401881 0.0384487 0.0378379 0.0291667 0.00410474 0.000936779
threshold=98.882750000000016 1.7750000000000001 3.6150000000000007 100.42605000000002 103.34875000000001 1.8050000000000004 50.350000000000001 106.44499969482401 51.150000000000013 100.07525000000003 1.0061309726379015 100.25970000000002 0.011074594782898552 34.130481617115521 1.3750000000000002 90.935001373290959 49.95000000000001 50.150000000000013 0.65500000000000014 1.0946596163418463 3.9450000000000007 99.017550000000014 1.0102340726937626 1.5150000000000003 91.795001983642564 1.0355847460651899 1.0013581036006689 1.0137102603646648
decision_type=2 2 2 2 2 2 2 2 2 2 2 2 2 2 2 2 2 2 2 2 2 2 2 2 2 2 2 2
left_child=1 6 3 8 5 16 13 -7 11 21 -8 15 -3 -1 18 -2 -5 -6 -12 25 26 -10 -19 -15 -16 -14 -4 -11
right_child=2 12 20 4 17 7 10 -9 9 27 14 -13 19 23 24 -17 -18 22 -20 -21 -22 -23 -24 -25 -26 -27 -28 -29
leaf_value=0.0034167404049076141 -0.0022788973553427333 0.002331414401375223 0.0023944446816230596 0.0005605355324059928 0.0015231210968821591 -0.0024770201132158429 0.0056839135447517035 0.00042596255478565584 -0.0011066210870631038 0.0036094644108544227 0.0016997121145596373 -0.0041485102267368977 -0.00075582459583245325 -0.00067679203011357456 0.00034208769232034681 4.5484592312217889e-05 -0.0013194148769136518 -2.8643636219875096e-05 0.0037635435095868227 0.00046005325737808432 0.004272939686748114 0.00043648579152068116 -0.001324321437627077 0.00084401891610052962 0.0020688896124200842 -0.0021253248820767589 0.0011106823100043195 0.0021846774679195892
leaf_weight=23 28 24 22 95 45 588 63 47 23 45 36 22 40 31 24 243 59 77 162 20 21 86 32 27 36 37 20 21
leaf_count=23 28 24 22 95 45 588 63 47 23 45 36 22 40 31 24 243 59 77 162 20 21 86 32 27 36 37 20 21
internal_value=0 0.00225265 -0.00080016 -0.000964332 -0.00152515 -0.00184921 0.00303771 -0.0022571 0.000160145 0.00129837 0.00353173 -0.000511583 -0.000334465 0.00102411 0.0029747 -0.000191139 -0.000144216 0.000116947 0.0034138 -0.00104174 0.00278752 7.65033e-05 -0.00044488 0 0.00144428 -0.00147117 0.00189294 0.00324027
internal_weight=1997 523 1474 1411 943 789 402 635 468 175 321 293 121 81 258 271 154 154 198 97 63 109 109 58 60 77 42 66
internal_count=1997 523 1474 1411 943 789 402 635 468 175 321 293 121 81 258 271 154 154 198 97 63 109 109 58 60 77 42 66
is_linear=0
shrinkage=0.03


Tree=4
num_leaves=21
num_cat=0
split_feature=21 23 23 23 24 21 15 24 11 11 15 15 20 20 24 11 21 20 11 11
split_gain=3.73935 1.53726 1.06569 1.05531 1.09816 0.810985 0.557479 0.41598 0.322162 0.218391 0.203027 0.184529 0.206529 0.0966833 0.0813121 0.072409 0.0606073 0.0375187 0.0359205 0.0133556
threshold=1.2350000000000001 8.2272000000000016 0.5375000000000002 1.7667500000000003 50.350000000000001 3.6150000000000007 0.0094919942432799016 50.150000000000013 1.0349166702293511 0.94420154435796422 0.0098914345282360514 0.0094919942432799016 94.674999237060504 98.32500076293941 51.45000000000001 1.0147221402098594 3.9450000000000007 93.844997406005859 0.94600152704397034 0.91668251301190773
decision_type=2 2 2 2 2 2 2 2 2 2 2 2 2 2 2 2 2 2 2 2
left_child=11 2 9 4 8 6 -5 18 -4 19 -6 12 -1 14 17 -9 -7 -13 -3 -2
right_child=1 7 3 5 10 16 -8 15 -10 -11 -12 13 -14 -15 -16 -17 -18 -19 -20 -21
leaf_value=0.0035783269916261941 -0.00064522839119724395 -0.0039411876366606778 0.00070483478943310232 -0.0026457400197945537 0.0045958603379818112 0.0018406933482822982 -0.0004921673162667816 -0.00025688188701868055 -0.0018233092057311699 -0.0039588895083681949 0.0017486776464459735 0.0016838340365065961 -0.00042336883937241508 0.0049944760021838272 0.0040346446294337512 -0.0028423914920006474 0.0041505782868374473 0.0033046697061508896 -0.0063415984992797559 -0.0018513163612224161
leaf_weight=20 27 27 273 124 77 42 869 24 53 73 40 47 23 54 79 20 21 35 38 31
leaf_count=20 27 27 273 124 77 42 869 24 53 73 40 47 23 54 79 20 21 35 38 31
internal_value=0 -0.000499802 -0.000266013 -3.64011e-05 0.00118883 -0.00055387 -0.000766502 -0.00393444 0.000280324 -0.0028505 0.00367096 0.00336388 0.00140873 0.00373268 0.00326274 -0.00153583 0.00271035 0.00244328 -0.00546478 -0.00136116
internal_weight=1997 1739 1630 1499 443 1056 993 109 326 131 117 258 43 215 161 44 63 82 65 58
internal_count=1997 1739 1630 1499 443 1056 993 109 326 131 117 258 43 215 161 44 63 82 65 58
is_linear=0
shrinkage=0.03


Tree=5
num_leaves=28
num_cat=0
split_feature=19 23 23 22 19 14 23 19 14 22 22 23 23 11 19 19 11 22 19 19 22 11 11 11 19 11 11
split_gain=3.56666 1.2395 0.829735 0.82518 0.724125 0.716559 0.447222 0.417845 0.367388 0.340776 0.393929 0.290076 0.20617 0.204685 0.14352 0.113029 0.0726525 0.0708706 0.0584645 0.0552038 0.0708179 0.0423963 0.0310247 0.0204796 0.018026 0.0128486 0.0123306
threshold=98.882750000000016 8.2272000000000016 0.5375000000000002 19.964999198913503 101.35350000000001 0.011595944334350601 1.7667500000000003 104.00915000000002 0.022837640334674003 11.215000152587852 20.220000267028755 1.5337500000000002 1.9056500000000003 0.94420154435796422 88.776900000000026 101.43405000000001 0.99463472897841831 17.025000572204554 98.805550000000011 98.329350000000019 12.335000038146902 1.0259828550704633 1.0014425899703678 1.1108485115412852 98.402000000000015 0.91956405799090246 0.91668251301190773
decision_type=2 2 2 2 2 2 2 2 2 2 2 2 2 2 2 2 2 2 2 2 2 2 2 2 2 2 2
left_child=3 2 13 5 9 11 17 -8 15 12 -11 18 -4 26 -5 25 -16 -6 -1 -7 -21 -18 -13 -23 -22 -3 -2
right_child=1 8 4 14 6 19 7 -9 -10 10 -12 22 -14 -15 16 -17 21 -19 -20 20 24 23 -24 -25 -26 -27 -28
leaf_value=0 -0.00062656285575524498 -0.0025025657466189429 0.0031173393489493024 0.004938813989135352 -8.514385069620881e-05 -0.0020609853555533016 -0.0019786118062554638 0.00032408160833111995 0 -0.00056618781853144814 0.0010814789033061869 0.0051953495404181574 0.00060431706957751882 -0.0038417276705841759 0.0012527007302569765 -0.0068335513553836134 0.0042907575281957789 0.0012986683188175613 0.0019627502518554177 -0.0014746715399303605 0.00084868798276115933 0.0029569265853511932 0.0030081999211834043 0.0014653358246750111 -0.00012297419253029927 -0.0042965222019702197 -0.0017975124567747114
leaf_weight=27 27 21 58 43 75 21 348 86 20 333 213 25 67 73 30 21 35 54 22 34 22 157 31 21 55 47 31
leaf_count=27 27 21 58 43 75 21 348 86 20 333 213 25 67 73 30 21 35 54 22 34 22 157 31 21 55 47 31
internal_value=0 -0.000754485 -0.000504678 0.00212687 -0.00025995 0.000795959 -0.00105387 -0.00151573 -0.00382251 0.000402301 7.19008e-05 0.00263925 0.00180966 -0.00276782 0.00321269 -0.00464031 0.00287595 0.000476583 0.000848374 -0.000656556 -0.000348038 0.00308364 0.00411125 0.00280688 0.000123503 -0.00383028 -0.00132312
internal_weight=1997 1474 1365 523 1234 237 563 434 109 671 546 105 125 131 286 89 243 129 49 132 111 213 56 178 77 68 58
internal_count=1997 1474 1365 523 1234 237 563 434 109 671 546 105 125 131 286 89 243 129 49 132 111 213 56 178 77 68 58
is_linear=0
shrinkage=0.03


Tree=6
num_leaves=26
num_cat=0
split_feature=19 23 23 23 24 19 23 19 24 20 23 16 11 11 11 19 24 11 19 19 11 19 15 11 24
split_gain=3.36198 1.17052 0.782599 0.758507 0.974555 0.681559 0.420779 0.393542 0.374363 0.340364 0.401712 0.29164 0.257328 0.191811 0.104555 0.104418 0.089579 0.0646685 0.0560035 0.0403854 0.0364606 0.031915 0.0285598 0.0113957 0.00850402
threshold=98.882750000000016 8.2272000000000016 0.5375000000000002 2.5012000000000003 50.350000000000001 101.35350000000001 1.7667500000000003 104.00915000000002 50.150000000000013 109.64000320434552 2.1784000000000003 34.130481617115521 1.0147221402098594 0.94420154435796422 1.1108485115412852 98.402000000000015 51.850000000000001 1.0147221402098594 102.41995000000001 98.488550000000018 1.0218945522437139 101.38210000000002 0.011159773893041602 0.91513261432523929 51.150000000000013
decision_type=2 2 2 2 2 2 2 2 2 2 2 2 2 2 2 2 2 2 2 2 2 2 2 2 2
left_child=3 2 13 4 11 9 18 -8 21 10 -4 -1 -6 23 24 -13 20 -10 -7 -18 -5 -3 -17 -2 -14
right_child=1 8 5 16 12 6 7 -9 17 -11 -12 15 14 -15 -16 22 19 -19 -20 -21 -22 -23 -24 -25 -26
leaf_value=0.002933596780678878 -0.00049500202860824926 -0.0042280898693610328 0.0010401897320061067 -0.00012040856177603977 0.0050033946033786322 0.0013177059716389826 -0.0019194235393791166 0.00031447091082849636 -0.00022030326381325722 0.0028863837259781103 -0.00048178626234094253 -0.0019970892418641594 0.0027491455329727616 -0.0037280332947502268 0.0011991381614402468 0.0010321390096297753 0.0017089093521353788 -0.002669112016579934 0 0 -0.0016447583079338072 -0.0066061283764631855 -0.00035053570258862559 -0.0016621597173648911 0.0036378102928562007
leaf_weight=26 22 43 283 36 84 44 348 86 24 45 343 31 95 73 34 20 23 20 85 21 29 22 33 36 91
leaf_count=26 22 43 283 36 84 44 348 86 24 45 343 31 95 73 34 20 23 20 85 21 29 22 33 36 91
internal_value=0 -0.000732419 -0.000489592 0.00206504 0.00265039 -0.000251841 -0.00102212 -0.00147016 -0.00371396 0.000390555 0.000202041 0.000198711 0.00352411 -0.00268757 0.00292564 -0.000637061 -0.00013483 -0.00143464 0.000461873 0.000865924 -0.000860574 -0.00516632 0.000125124 -0.00128619 0.00321709
internal_weight=1997 1474 1365 523 414 1234 563 434 109 671 626 110 304 131 220 84 109 44 129 44 65 65 53 58 186
internal_count=1997 1474 1365 523 414 1234 563 434 109 671 626 110 304 131 220 84 109 44 129 44 65 65 53 58 186
is_linear=0
shrinkage=0.03


Tree=7
num_leaves=28
num_cat=0
split_feature=19 23 21 23 19 21 19 24 23 19 24 23 23 16 16 16 15 21 14 19 10 19 19 23 19 17 15
split_gain=3.16702 1.10556 0.965361 0.738141 0.641149 0.658154 0.571226 0.456947 0.396267 0.370661 0.351948 0.297613 0.221648 0.206711 0.138802 0.130133 0.109411 0.0744892 0.0650354 0.0527444 0.0523424 0.040857 0.0293845 0.0235868 0.0222918 0.0056138 0.00535344
threshold=98.882750000000016 8.2272000000000016 1.8250000000000004 0.5375000000000002 101.35350000000001 1.9950000000000003 101.02925 50.350000000000001 1.7667500000000003 104.00915000000002 50.150000000000013 2.6553500000000008 1.9056500000000003 34.130481617115521 53.23083328460563 32.392796947979477 0.012426528959873902 0.65500000000000014 0.022837640334674003 102.41995000000001 1.048630274350778 98.488550000000018 101.38210000000002 1.1259500000000002 101.03525 0.0021068835880058002 0.014851358466511852
decision_type=2 2 2 2 2 2 2 2 2 2 2 2 2 2 2 2 2 2 2 2 2 2 2 2 2 2 2
left_child=2 3 7 15 5 6 -5 13 19 -10 22 14 -7 -1 -9 -2 -4 -16 -12 -6 25 -13 -3 -15 -17 -18 -25
right_child=1 10 16 4 8 12 -8 11 9 -11 18 21 -14 23 17 24 20 -19 -20 -21 -22 -23 -24 26 -26 -27 -28
leaf_value=0.0031275382025414723 -0.0010341524335075872 -0.0041041298931972546 0.0011295363948633894 -0.00029802001452067565 0.0012790532656790068 0.0023298103002535012 -0.0051603021677583457 0.0047396407533775676 -0.0018620058300410913 0.00030514522743171007 -0.0024180122411996126 0.0016597782344324513 0.00071071153105958416 0.00054383739987227681 0.0015560120853284993 -0.0036512200473384424 -0.0019266361670258142 0.00333841733113581 0 0 1.3384425212912577e-05 -4.0695645907164845e-06 -0.0064165613884511197 -0.00091849670991567625 -0.0020404600513478119 -0.00085239144053775816 -4.6821602704850103e-05
leaf_weight=23 40 43 24 256 44 109 23 76 348 86 24 23 283 28 35 65 35 171 20 85 22 22 22 20 26 23 21
leaf_count=23 40 43 24 256 44 109 23 76 348 86 24 23 283 28 35 65 35 171 20 85 22 22 22 20 26 23 21
internal_value=0 -0.00071101 0.00200412 -0.000474948 -0.000243972 0.000378992 -0.000726566 0.00264627 -0.000991114 -0.00142596 -0.00360874 0.00317353 0.00117334 0.000725954 0.00353773 -0.00260965 -0.000554953 0.00305905 -0.00139553 0.000448494 -0.00110504 0.000798719 -0.00501762 -6.49603e-05 -0.00325079 -0.00157316 -0.000555203
internal_weight=1997 1474 523 1365 1234 671 279 419 563 434 109 327 392 92 282 131 104 206 44 129 80 45 65 69 91 58 41
internal_count=1997 1474 523 1365 1234 671 279 419 563 434 109 327 392 92 282 131 104 206 44 129 80 45 65 69 91 58 41
is_linear=0
shrinkage=0.03


Tree=8
num_leaves=27
num_cat=0
split_feature=19 23 21 23 19 21 19 24 23 19 15 11 23 23 11 11 15 21 22 20 11 19 22 14 11 8
split_gain=2.98388 1.0439 0.909302 0.696243 0.602773 0.620246 0.538798 0.430054 0.373188 0.349118 0.332888 0.297936 0.208474 0.197859 0.170216 0.133491 0.103274 0.0715313 0.0679773 0.0510492 0.0477532 0.0347321 0.01912 0.0106846 0.00738413 0.00547097
threshold=98.882750000000016 8.2272000000000016 1.8250000000000004 0.5375000000000002 101.35350000000001 1.9950000000000003 101.02925 50.350000000000001 1.7667500000000003 104.00915000000002 0.017828745136757352 1.0061309726379015 1.9056500000000003 3.4936000000000003 0.94420154435796422 0.95584203224015929 0.012426528959873902 0.65500000000000014 17.025000572204554 104.27999877929652 1.0905671561090862 101.43405000000001 13.574999809265101 0.012198859413546053 1.0355847460651899 0.99558007738432652
decision_type=2 2 2 2 2 2 2 2 2 2 2 2 2 2 2 2 2 2 2 2 2 2 2 2 2 2
left_child=2 3 7 14 5 6 -5 15 18 -10 21 -9 -7 17 23 -1 -4 -13 -6 -12 24 -3 -17 -2 -18 -24
right_child=1 10 16 4 8 12 -8 11 9 -11 19 13 -14 -15 -16 22 20 -19 -20 -21 -22 -23 25 -25 -26 -27
leaf_value=0.0022771534667263039 -0.00059099143077619382 -0.0039435802872995942 0.0010970057414565234 -0.00028911419291534384 -0.00011439931472322268 0.0022605514244684443 -0.0050119434688240296 0.0049548591476949776 -0.0018063057098220124 0.00029609608622709418 -0.0022212968921022755 0.0013813136810974871 0.00068946526339482592 -3.952796935387272e-06 -0.0035156873226971242 0.00060978157708554395 -0.00079605271584855817 0.0030691238560810363 0.0012420032423243604 0 5.8389061895598245e-05 -0.0062649406614628715 0 -0.0016876723092049358 -0.0018731936118565498 -0.00081559144846952134
leaf_weight=31 29 48 24 256 75 109 23 65 348 86 20 36 283 22 73 20 25 204 54 20 20 21 20 29 35 21
leaf_count=31 29 48 24 256 75 109 23 65 348 86 20 36 283 22 73 20 25 204 54 20 20 21 20 29 35 21
internal_value=0 -0.000690411 0.00194505 -0.000460956 -0.000236554 0.000367381 -0.000705675 0.00256831 -0.000961036 -0.00138308 -0.00350628 0.0030799 0.0011386 0.00258627 -0.00253425 0.00070408 -0.000537915 0.00283518 0.000435506 -0.00118603 -0.00107292 -0.00477234 -7.07975e-05 -0.00120949 -0.00149397 -0.00048083
internal_weight=1997 1474 523 1365 1234 671 279 419 563 434 109 327 392 262 131 92 104 240 129 40 80 69 61 58 60 41
internal_count=1997 1474 523 1365 1234 671 279 419 563 434 109 327 392 262 131 92 104 240 129 40 80 69 61 58 60 41
is_linear=0
shrinkage=0.03


Tree=9
num_leaves=26
num_cat=0
split_feature=19 23 21 21 22 22 23 24 23 24 11 16 23 19 15 21 21 14 21 10 11 20 17 11 9
split_gain=2.81096 0.985571 0.856315 0.661107 0.611795 0.478932 0.427097 0.404572 0.358623 0.315588 0.280189 0.188669 0.186788 0.174372 0.0974813 0.0666702 0.0653649 0.0586018 0.0539368 0.0479509 0.0261667 0.0222349 0.0155976 0.00900675 0.0043098
threshold=98.882750000000016 8.2272000000000016 1.8250000000000004 3.6150000000000007 11.494999885559052 16.894999504089352 0.37465000000000009 50.350000000000001 1.9056500000000003 50.150000000000013 1.0061309726379015 34.130481617115521 3.4936000000000003 100.18585 0.012426528959873902 0.65500000000000014 2.3850000000000002 0.022837640334674003 3.9450000000000007 1.048630274350778 0.94600152704397034 94.844997406005859 -0.0014007160713202496 1.0355847460651899 1.0137102603646648
decision_type=2 2 2 2 2 2 2 2 2 2 2 2 2 2 2 2 2 2 2 2 2 2 2 2 2
left_child=2 3 7 4 8 13 -7 11 24 20 -9 -1 15 -6 -4 -12 -10 -11 -5 23 -3 22 -13 -16 -2
right_child=1 9 14 18 5 6 -8 10 16 17 12 21 -14 -15 19 -17 -18 -19 -20 -21 -22 -23 -24 -25 -26
leaf_value=0.0029778462085305359 0.0031963762504070305 -0.0033891146300094469 0.0010654120150208474 0.001696407050554922 -0.00050059985145751854 -0.0029587608089049655 0.00010044053600912152 0.0048084655851125717 0.00061536645604677392 -0.0022764616633951661 0.0013409942790765213 0.00075567952564839903 -3.8393563793405169e-06 -0.0017158643804445499 -0.00077308967433726563 0.0029774992806609808 -0.00075437104787220652 0 0.0038825925663113587 2.392211774080667e-05 -0.0055139480886551052 -0.00089362610810944307 -0.00024792237821763942 -0.0019066819550798218 0.0017812175670904771
leaf_weight=23 42 27 24 42 149 44 456 65 75 24 36 26 22 464 25 204 52 20 21 22 38 21 22 33 20
leaf_count=23 42 27 24 42 149 44 456 65 75 24 36 26 22 464 25 204 52 20 21 22 38 21 22 33 20
internal_value=0 -0.000670471 0.00188749 -0.000447446 -0.000595222 -0.000864641 -0.00016815 0.00249234 0.000971768 -0.00340666 0.00298864 0.0006829 0.00250919 -0.00142666 -0.000521352 0.00275105 2.95796e-05 -0.00130652 0.00252129 -0.0010417 -0.0047415 -7.08377e-05 0.000238799 -0.0014903 0.00282301
internal_weight=1997 1474 523 1365 1302 1113 500 419 189 109 327 92 262 613 104 240 127 44 63 80 65 69 48 58 62
internal_count=1997 1474 523 1365 1302 1113 500 419 189 109 327 92 262 613 104 240 127 44 63 80 65 69 48 58 62
is_linear=0
shrinkage=0.03


Tree=10
num_leaves=25
num_cat=0
split_feature=21 21 24 21 15 21 11 21 24 24 22 15 20 11 11 24 21 20 24 21 20 24 21 13
split_gain=2.61635 0.610587 0.630739 0.935188 0.576028 0.527015 0.228055 0.289813 0.226691 0.226653 0.175249 0.143986 0.163663 0.110665 0.0981648 0.0964195 0.0923024 0.079045 0.0655098 0.0505109 0.032131 0.0194519 0.00517096 0.00440761
threshold=1.2350000000000001 3.6150000000000007 50.350000000000001 2.3950000000000005 0.0098914345282360514 1.7850000000000004 1.010447551509843 2.9750000000000005 51.350000000000001 51.150000000000013 27.704999923706001 0.0094919942432799016 94.674999237060504 0.97393611953866865 1.0218945522437139 49.95000000000001 2.8850000000000002 98.32500076293941 51.45000000000001 3.9450000000000007 93.844997406005859 51.850000000000001 1.6050000000000002 1.0013581036006689
decision_type=2 2 2 2 2 2 2 2 2 2 2 2 2 2 2 2 2 2 2 2 2 2 2 2
left_child=11 2 5 4 8 14 10 -8 -4 -6 -7 12 -1 21 15 -2 -15 18 20 23 -13 -5 -16 -3
right_child=1 19 3 13 9 6 7 -9 -10 -11 -12 17 -14 16 22 -17 -18 -19 -20 -21 -22 -23 -24 -25
leaf_value=0.0030251385931457787 0.00088759633535241277 0.0021185217346469665 0.0042174069022848501 0.00037807363369879692 -0.00087813912718216096 -0.00081616315014927427 -0.0026937189445774435 -8.0235273926518831e-06 0.00106262984963738 0.00096663878762989601 -0.0026422085132050731 0.0012929373918304917 -0.00053411424393561902 -0.00096583769179506621 -0.0015400759250753454 -0.00027417496073617401 -0.0023690067841006177 0.0042732408854094413 0.0034046403065789489 0.0037714093131097875 0.0027628016794721284 -0.00067331150676020314 -0.00053240583472601748 0.00090866820151651545
leaf_weight=20 127 22 62 36 81 424 197 47 36 212 55 47 23 126 26 123 76 54 79 21 35 26 22 20
leaf_count=20 127 22 62 36 81 424 197 47 36 212 55 47 23 126 26 123 76 54 79 21 35 26 22 20
internal_value=0 -0.000418605 -0.000529608 0.000193041 0.0011273 -0.000995878 -0.00143311 -0.00219078 0.00311125 0.000445193 -0.00103715 0.00281325 0.0010843 -0.00117836 5.61447e-05 0.000305238 -0.00151761 0.00313852 0.00271539 0.00244967 0.00198219 -1.88998e-05 -0.00115974 0.0016467
internal_weight=1997 1739 1676 655 391 1021 723 244 98 293 479 258 43 264 298 250 202 215 161 63 82 62 48 42
internal_count=1997 1739 1676 655 391 1021 723 244 98 293 479 258 43 264 298 250 202 215 161 63 82 62 48 42
is_linear=0
shrinkage=0.03


Tree=11
num_leaves=24
num_cat=0
split_feature=19 23 21 23 21 23 23 23 19 24 24 11 11 14 21 18 14 21 10 11 11 11 17
split_gain=2.50698 0.902889 0.760443 0.616549 0.505354 0.520955 0.523442 0.367178 0.356999 0.294537 0.155672 0.203425 0.155483 0.141535 0.0776324 0.0733542 0.0548631 0.0470588 0.0322841 0.0250091 0.011377 0.0101369 0.00961882
threshold=98.882750000000016 8.2272000000000016 1.7750000000000001 0.5375000000000002 3.6150000000000007 2.2220500000000007 5.0351500000000007 3.4936000000000003 101.45125000000002 50.150000000000013 50.350000000000001 1.0147221402098594 0.94420154435796422 0.011734603477885401 0.65500000000000014 0.62936342132344592 0.022837640334674003 3.9450000000000007 1.048630274350778 0.94600152704397034 1.0355847460651899 0.91668251301190773 0.00085904196414865019
decision_type=2 2 2 2 2 2 2 2 2 2 2 2 2 2 2 2 2 2 2 2 2 2 2
left_child=2 3 7 12 5 8 -7 10 -5 19 15 -12 21 -4 -13 -1 -11 -6 20 -3 -15 -2 -9
right_child=1 9 13 4 17 6 -8 22 -10 16 11 14 -14 18 -16 -17 -18 -19 -20 -21 -22 -23 -24
leaf_value=-0.00013846019146564816 -0.00047120732171710447 -0.0032263759765774011 0.0011831315747247292 0.00092001824407182025 0.0016015024285541499 -0.001856680587198982 1.0267715672004876e-05 0.00027785656205378469 -0.00050404873263792786 -0.0021591875548660753 0.004358579457896512 0.00095450479921247973 -0.0033079066063101225 -0.00071957403256965331 0.0027316370940797269 0.0019523028253577649 0 0.0036634098623286593 0 -0.0052917988208624036 -0.0018402313948158295 -0.0015280483343813101 -0.00055045252051320859
leaf_weight=20 27 27 38 327 42 304 237 20 303 24 81 33 73 31 185 39 20 21 22 38 30 31 24
leaf_count=20 27 27 38 327 42 304 237 20 303 24 81 33 73 31 185 39 20 21 22 38 30 31 24
internal_value=0 -0.000632831 0.00178286 -0.000419272 -0.000207975 -0.000351799 -0.00103477 0.00240992 0.000230642 -0.00325181 0.00272737 0.00301314 -0.00237028 -0.000278528 0.00248191 0.00120307 -0.0012218 0.00238218 -0.000989554 -0.00454119 -0.0013399 -0.00110324 -0.000109474
internal_weight=1997 1474 523 1365 1234 1171 541 402 630 109 358 299 131 121 218 59 44 63 83 65 61 58 44
internal_count=1997 1474 523 1365 1234 1171 541 402 630 109 358 299 131 121 218 59 44 63 83 65 61 58 44
is_linear=0
shrinkage=0.03


Tree=12
num_leaves=25
num_cat=0
split_feature=19 23 21 23 21 23 23 24 19 11 11 16 23 11 24 14 21 21 16 14 17 11 13 11
split_gain=2.36101 0.852382 0.717833 0.581632 0.476898 0.490087 0.492806 0.336761 0.33601 0.278731 0.238798 0.165306 0.147586 0.145624 0.0833118 0.0803091 0.0754337 0.0440377 0.0327013 0.022548 0.0216375 0.00934618 0.00430918 0.00299008
threshold=98.882750000000016 8.2272000000000016 1.8250000000000004 0.5375000000000002 3.6150000000000007 2.2220500000000007 5.0351500000000007 50.350000000000001 101.45125000000002 0.90168829760159974 1.013979980572999 34.130481617115521 3.4936000000000003 0.94420154435796422 50.150000000000013 0.011734603477885401 0.65500000000000014 3.9450000000000007 69.311757018972756 0.010416743504231151 -0.0014007160713202496 0.91668251301190773 1.0013581036006689 1.0355847460651899
decision_type=2 2 2 2 2 2 2 2 2 2 2 2 2 2 2 2 2 2 2 2 2 2 2 2
left_child=2 3 7 13 5 8 -7 11 -5 -3 -9 -1 16 21 -11 -4 -12 22 23 -13 -21 -2 -6 -17
right_child=1 9 15 4 17 6 -8 10 -10 14 12 19 -14 -15 -16 18 -18 -19 -20 20 -22 -23 -24 -25
leaf_value=0.002777897999738343 -0.00045757595763175883 -0.00037178192389131123 0.00079244070951826862 0.00089250184492443735 0.002011773103549469 -0.0018011627923559823 9.9609797933745917e-06 0.0041514518812385409 -0.00048897702012695135 -0.0046807315617799754 0.00092671184187330402 -0.00092849764054907214 -0.00011118719450730297 -0.0032100104566764186 -0.0020935470978729427 -0.00075195795693434777 0.0026765068019152078 0.0035585031509399413 0 0.00088717692322796212 -0.00030169521236362369 -0.0014836394236190243 0.00083694905554875735 -0.0017014134781943124
leaf_weight=23 27 27 29 327 22 304 237 85 303 59 33 20 20 73 23 23 189 21 20 24 25 31 20 32
leaf_count=23 27 27 29 327 22 304 237 85 303 59 33 20 20 73 23 23 189 21 20 24 25 31 20 32
internal_value=0 -0.000614296 0.00173001 -0.000406726 -0.000201424 -0.000341205 -0.00100366 0.00228391 0.0002236 -0.00315908 0.002737 0.000629102 0.0022128 -0.00230174 -0.00402517 -0.000473464 0.00243518 0.00231459 -0.00100641 -7.37586e-05 0.000226707 -0.00107269 0.00155457 -0.00137846
internal_weight=1997 1474 523 1365 1234 1171 541 419 630 109 327 92 242 131 82 104 222 63 75 69 49 58 42 55
internal_count=1997 1474 523 1365 1234 1171 541 419 630 109 327 92 242 131 82 104 222 63 75 69 49 58 42 55
is_linear=0
shrinkage=0.03


Tree=13
num_leaves=21
num_cat=0
split_feature=21 23 23 23 24 23 15 15 11 24 11 15 15 20 20 24 20 23 20 11
split_gain=2.19416 0.938911 0.660756 0.687878 0.707444 0.552515 0.352669 0.263746 0.237283 0.174211 0.136367 0.128482 0.125182 0.14385 0.0691317 0.0569263 0.043271 0.0307483 0.0295266 0.00860661
threshold=1.2350000000000001 8.2272000000000016 0.5375000000000002 1.7667500000000003 50.350000000000001 6.3659000000000008 0.0094348250416137012 0.017828745136757352 1.0349166702293511 50.150000000000013 0.94420154435796422 0.0098914345282360514 0.0094919942432799016 94.674999237060504 98.32500076293941 51.45000000000001 104.27999877929652 8.3472000000000026 93.014999389648423 0.91668251301190773
decision_type=2 2 2 2 2 2 2 2 2 2 2 2 2 2 2 2 2 2 2 2
left_child=12 2 10 4 8 6 -5 17 -4 -7 19 -6 13 -1 15 18 -9 -3 -14 -2
right_child=1 7 3 5 11 9 -8 16 -10 -11 -12 -13 14 -15 -16 -17 -18 -19 -20 -21
leaf_value=0.002784187694745404 -0.00044433895839548706 -0.0055729530467228455 0.00060406496976894188 -0.002268920778793323 0.0037042156841892459 0.0016124394427318846 -0.00051394050938245012 -0.0019459663272968358 -0.0015646030473031309 -0.00025221866599212469 -0.0031150114884650384 0.0014064404583740524 0.00064343639191793045 -0.0005503195000055712 0.0039431754616173834 0.0031261134339496495 0 -0.0034300943868500848 0.0021766557347029447 -0.001440521162454388
leaf_weight=20 27 21 273 121 77 132 739 20 53 64 73 40 23 23 54 79 20 48 59 31
leaf_count=20 27 21 273 121 77 132 739 20 53 64 73 40 23 23 54 79 20 48 59 31
internal_value=0 -0.000383312 -0.000200181 -1.8964e-05 0.000969861 -0.000437147 -0.000766695 -0.00306789 0.000238609 0.000990153 -0.00223522 0.00296265 0.00257632 0.000960461 0.00287966 0.00248229 -0.000994847 -0.00419542 0.00179568 -0.00104302
internal_weight=1997 1739 1630 1499 443 1056 860 109 326 196 131 117 258 43 215 161 40 69 82 58
internal_count=1997 1739 1630 1499 443 1056 860 109 326 196 131 117 258 43 215 161 40 69 82 58
is_linear=0
shrinkage=0.03


Tree=14
num_leaves=28
num_cat=0
split_feature=19 21 21 22 19 19 21 20 21 15 20 7 22 20 11 15 21 21 22 11 21 20 16 15 19 9 15
split_gain=2.10337 0.646659 0.58169 0.630032 0.358311 0.530722 0.521581 0.209644 0.166256 0.150027 0.13206 0.103107 0.0970264 0.0959745 0.0746499 0.0500058 0.113628 0.0495941 0.0458973 0.0451866 0.0411778 0.0381682 0.0312772 0.0226336 0.0148358 0.00313569 0.000171802
threshold=98.882750000000016 1.7750000000000001 3.6150000000000007 11.494999885559052 100.25970000000002 103.34875000000001 1.8050000000000004 97.475002288818359 2.3950000000000005 0.011074594782898552 90.935001373290959 0.014666746054300302 19.144999504089302 96.444999694824162 1.0102340726937626 0.010858887754396951 1.4750000000000003 1.1050000000000002 20.510000228881804 1.0946596163418463 3.9450000000000007 93.844997406005859 50.146609727321433 0.011196501423502902 98.402000000000015 1.0044892067454823 0.014805496483366551
decision_type=2 2 2 2 2 2 2 2 2 2 2 2 2 2 2 2 2 2 2 2 2 2 2 2 2 2 2
left_child=1 7 3 8 10 6 -6 11 13 -3 -5 15 -12 23 -7 17 -17 -1 -13 24 26 -20 -10 -2 -11 -15 -4
right_child=2 9 20 4 5 14 -8 -9 22 19 12 18 -14 25 -16 16 -18 -19 21 -21 -22 -23 -24 -25 -26 -27 -28
leaf_value=0.0019240925909458275 0.0011505358204064863 0.001773454002588987 0.00087624899251386519 -0.0020543908690070284 -3.5086827333115274e-05 0.00071490152328674574 -0.0020187187768532728 0.0037475068314709297 0.00025592883413524503 -0.0015996192417947982 -0.00029821987391804824 0.00013687912641594617 0.00083392295026453206 0.003197707451879978 -0.00082625514175742863 0.0023625965517085905 0.00017689623528692339 0.003547441551203115 0.0018813377644057521 0.00033166230669511216 0.0034104261838577006 0.00017746898458738411 -0.0011595093628782177 4.374162972327476e-05 -0.000558694470035047 0.0017097482771745748 0.0018619448862207883
leaf_weight=50 66 24 21 28 154 115 581 70 20 40 210 38 99 23 35 77 34 53 60 20 21 20 30 30 37 20 21
leaf_count=50 66 24 21 28 154 115 581 70 20 40 210 38 99 23 35 77 34 53 60 20 21 20 30 30 37 20 21
internal_value=0 0.00163273 -0.000579978 -0.000708029 -0.000958511 -0.00127556 -0.00160779 0.00221108 0.000892217 -0.000266504 -0.000115708 0.00186784 5.63481e-05 0.00142923 0.00033234 0.00227518 0.00172745 0.00281433 0.00109098 -0.000814795 0.00220734 0.00149986 -0.000540594 0.000839607 -0.00115147 0.0026284 0.0014707
internal_weight=1997 523 1474 1411 1222 885 735 402 189 121 337 332 309 139 150 214 111 103 118 97 63 80 50 96 77 43 42
internal_count=1997 523 1474 1411 1222 885 735 402 189 121 337 332 309 139 150 214 111 103 118 97 63 80 50 96 77 43 42
is_linear=0
shrinkage=0.03


Tree=15
num_leaves=20
num_cat=0
split_feature=21 23 23 23 24 23 15 11 11 24 24 23 11 15 15 24 22 11 11
split_gain=1.95443 0.844942 0.587937 0.616979 0.611297 0.521384 0.313436 0.250982 0.216185 0.154553 0.141563 0.188349 0.126839 0.110461 0.0867768 0.0732556 0.0665237 0.00936791 0.00789936
threshold=1.2950000000000002 8.2272000000000016 0.5375000000000002 1.7667500000000003 50.350000000000001 6.3659000000000008 0.0094348250416137012 0.90168829760159974 1.0349166702293511 50.150000000000013 51.45000000000001 0.94425000000000014 0.94420154435796422 0.0098914345282360514 0.0094348250416137012 50.150000000000013 25.569999694824155 1.0374747064179621 0.91668251301190773
decision_type=2 2 2 2 2 2 2 2 2 2 2 2 2 2 2 2 2 2 2
left_child=10 2 12 4 8 6 -5 -3 -4 -7 11 -1 18 -6 -13 -9 -16 -18 -2
right_child=1 7 3 5 13 9 -8 15 -10 -11 -12 14 -14 -15 16 -17 17 -19 -20
leaf_value=0.0033342363496621451 -0.00039336352425743828 -0.00027640762088828653 0.00058250133773115687 -0.0021688228124241175 0.0034879259089694212 0.0015415393953295635 -0.00051019934080207832 -0.0043594099774956702 -0.0014869982211643622 -0.00021200574727442401 0.0031266363824927999 -0.00062363519406189089 -0.002967265825819325 0.0013339328390614288 0.00052417243515528577 -0.001921823401469737 0.0029653343699340305 0.0013683567669774805 -0.0013475002498271351
leaf_weight=44 27 27 273 121 75 132 722 59 53 64 123 22 73 40 48 23 20 20 31
leaf_count=44 27 27 273 121 75 132 722 59 53 64 123 22 73 40 48 23 20 20 31
internal_value=0 -0.00037611 -0.000200283 -2.71067e-05 0.000909686 -0.000428102 -0.000754112 -0.00292207 0.000233356 0.000955555 0.00233486 0.00166703 -0.00211903 0.00278253 0.000949084 -0.00374323 0.00137856 0.00229287 -0.000968376
internal_weight=1997 1720 1611 1480 441 1039 843 109 326 196 277 154 131 115 110 82 88 40 58
internal_count=1997 1720 1611 1480 441 1039 843 109 326 196 277 154 131 115 110 82 88 40 58
is_linear=0
shrinkage=0.03


Tree=16
num_leaves=29
num_cat=0
split_feature=19 21 21 19 19 21 20 24 19 24 11 19 15 16 20 11 24 21 21 11 21 19 11 21 11 11 20 15
split_gain=1.87469 0.583456 0.526735 0.508608 0.395221 0.348568 0.259785 0.240281 0.268565 0.197673 0.200767 0.184224 0.136309 0.123467 0.120046 0.116021 0.0965776 0.0886818 0.0508484 0.0406161 0.0384886 0.0327096 0.0289942 0.0263181 0.0215075 0.0131162 0.00893991 6.63199e-06
threshold=98.882750000000016 1.7750000000000001 3.6150000000000007 100.42605000000002 103.34875000000001 1.7750000000000001 106.44499969482401 51.150000000000013 100.07525000000003 50.350000000000001 1.005565090823737 100.25970000000002 0.011074594782898552 34.130481617115521 90.935001373290959 0.9576351624063687 50.150000000000013 1.5650000000000002 0.65500000000000014 1.0946596163418463 3.9450000000000007 99.017550000000014 1.0102340726937626 1.5150000000000003 1.0298387381237988 1.0355847460651899 96.615001678466768 0.014805496483366551
decision_type=2 2 2 2 2 2 2 2 2 2 2 2 2 2 2 2 2 2 2 2 2 2 2 2 2 2 2 2
left_child=1 9 3 7 5 15 -7 11 21 13 -11 14 -3 -1 -2 -5 -6 18 -12 25 27 -9 -18 -15 -19 -14 -10 -4
right_child=2 12 20 4 16 6 -8 8 26 10 17 -13 19 23 -16 -17 22 24 -20 -21 -22 -23 -24 -25 -26 -27 -28 -29
leaf_value=0.0025137909654295069 -0.001980106157732421 0.0016816837667673824 0.00081820360312915652 -0.0016171517238020895 0.0014625040246983583 -0.0017982313318133682 0.00045932278214786494 -0.00087882406963035471 0.0016007240219758105 0.0040314409119948267 0.0010679154687158359 -0.002969094098910041 -0.00057412957862479515 -0.00063083096176887925 5.2814602728429862e-05 0.00048825232298893063 0.00012598087701861424 0.0014297797904688524 0.0025209607453660367 0.00029616360166775327 0.0032686198963360353 0.00036199876929408513 -0.00091441610201515927 0.00062541429753348767 2.298623527814116e-05 -0.0015667200926201123 0.0029439684153933611 0.0017644814693114973
leaf_weight=23 28 24 21 29 45 605 47 23 25 61 36 22 40 31 243 108 77 21 177 20 21 86 32 27 26 37 41 21
leaf_count=23 28 24 21 29 45 605 47 23 25 61 36 22 40 31 243 108 77 21 177 20 21 86 32 27 26 37 41 21
internal_value=0 0.0015422 -0.000546765 -0.000668702 -0.00106997 -0.00134174 -0.00163045 0.000133992 0.00101516 0.00209163 0.00242941 -0.00038376 -0.000260763 0.000703122 -0.000152707 1.23547e-05 0.000302748 0.00202804 0.00229553 -0.000784237 0.00210514 6.7292e-05 -0.00015772 0 0.000730745 -0.00110352 0.00251143 0.00139114
internal_weight=1997 523 1474 1411 943 789 652 468 175 402 321 293 121 81 271 137 154 260 213 97 63 109 109 58 47 77 66 42
internal_count=1997 523 1474 1411 943 789 652 468 175 402 321 293 121 81 271 137 154 260 213 97 63 109 109 58 47 77 66 42
is_linear=0
shrinkage=0.03


Tree=17
num_leaves=22
num_cat=0
split_feature=19 23 21 23 21 19 22 23 23 15 20 23 14 21 15 14 10 21 19 17 17
split_gain=1.76579 0.675811 0.551055 0.450489 0.386278 0.368475 0.264875 0.250654 0.244861 0.232132 0.136146 0.0891133 0.0728388 0.0705373 0.0664281 0.0385892 0.0330022 0.0303611 0.0302275 0.00821488 0.00610378
threshold=98.882750000000016 8.2272000000000016 1.8250000000000004 0.21195000000000003 3.6750000000000003 100.78055000000002 11.074999809265101 3.4936000000000003 2.3367000000000004 0.017828745136757352 97.795001983642564 1.1741500000000002 0.0094570974329857508 1.6950000000000001 0.012426528959873902 0.022837640334674003 1.048630274350778 3.9450000000000007 101.43405000000001 0.00085904196414865019 0.0021068835880058002
decision_type=2 2 2 2 2 2 2 2 2 2 2 2 2 2 2 2 2 2 2 2 2
left_child=2 3 7 -2 5 6 -5 10 -7 18 11 13 -13 -1 -4 -11 20 -6 -3 -9 -16
right_child=1 9 14 4 17 8 -8 19 -10 15 -12 12 -14 -15 16 -17 -18 -19 -20 -21 -22
leaf_value=0.0015895833210704628 -0.0027477611955533275 -0.0031179681750660646 0.00086917453726753592 0.0018186587519689226 0.0014029158466280652 -0.00034960689425128644 -1.0105223318560159e-05 0.00025912916662803448 -0.0014979302409159853 -0.0017504702521421544 0.0035232041223275967 0.0032232326043304055 0.0018560736493718831 -0.00014494642029037801 -0.0015610553134853642 0 0 0.0031750183505090796 -0.0051792226447300469 -0.0005048322837520391 -0.00057037612653050476
leaf_weight=67 66 48 24 85 38 498 398 20 259 20 67 63 152 26 35 20 22 21 21 24 23
leaf_count=67 66 48 24 85 38 498 398 20 259 20 67 63 152 26 35 20 22 21 21 24 23
internal_value=6.07886e-09 -0.000529931 0.00149744 -0.00034486 -0.000218445 -0.00033404 0.000308621 0.00198296 -0.00074791 -0.00279609 0.0022341 0.00193348 0.00228364 0.00107636 -0.000430305 -0.000849918 -0.000863103 0.00212607 -0.00385319 -9.28688e-05 -0.00123537
internal_weight=1997 1474 523 1365 1299 1240 483 419 757 109 375 308 215 93 104 40 80 59 69 44 58
internal_count=1997 1474 523 1365 1299 1240 483 419 757 109 375 308 215 93 104 40 80 59 69 44 58
is_linear=0
shrinkage=0.03


Tree=18
num_leaves=28
num_cat=0
split_feature=19 21 21 22 19 19 21 24 11 21 16 20 22 24 20 22 15 21 21 10 16 14 17 15 11 12 8
split_gain=1.66336 0.519061 0.471242 0.53548 0.287987 0.459955 0.434988 0.249086 0.18108 0.137976 0.125897 0.11611 0.0877141 0.0848455 0.0749812 0.0669484 0.0627191 0.0425386 0.0330891 0.0313417 0.0273127 0.0233954 0.0174535 0.0165484 0.00560995 0.00454968 0.00229202
threshold=98.882750000000016 1.8250000000000004 3.6150000000000007 11.494999885559052 100.25970000000002 103.34875000000001 1.8050000000000004 50.350000000000001 1.0061309726379015 2.3950000000000005 34.130481617115521 90.935001373290959 19.144999504089302 50.150000000000013 96.444999694824162 18.865000724792452 0.012426528959873902 0.65500000000000014 3.9450000000000007 1.048630274350778 50.146609727321433 0.010416743504231151 -0.0014007160713202496 0.011196501423502902 1.0442646824414068 0.99984659538584897 1.0042385999822154
decision_type=2 2 2 2 2 2 2 2 2 2 2 2 2 2 2 2 2 2 2 2 2 2 2 2 2 2 2
left_child=1 7 3 9 11 6 -6 10 -9 14 -1 -5 -13 -7 23 -10 -3 -17 25 24 -11 -12 -23 -2 -18 -4 -16
right_child=2 16 18 4 5 13 -8 8 15 20 21 12 -14 -15 26 17 19 -19 -20 -21 -22 22 -24 -25 -26 -27 -28
leaf_value=0.0023751541385790913 0.0010756198143171242 0.00084414234205149117 0.0017714293831536036 -0.0019224586860630015 -1.6843690111812563e-05 0.0014298429307325379 -0.00182978798896809 0.0037835038697177715 0.00058296475730635028 0.00028424049840707858 -0.00097682692838965777 -0.00028004526445855974 0.00079615155978128311 -9.2385767862960733e-05 0.0030222713223525452 0.00098012942202213051 -0.00073146323792420195 0.0023171850564427604 0.0030840975430540059 0 -0.0010392691564498346 0.00079166116706299368 -0.00027223639577054055 9.869621634378187e-05 -0.0016901254485547541 0.00067074209189211783 0.0016337510135490446
leaf_weight=23 66 24 21 28 154 45 581 65 36 20 20 210 99 105 20 36 34 190 21 22 30 24 25 30 24 21 23
leaf_count=23 66 24 21 28 154 45 581 65 36 20 20 210 99 105 20 36 34 190 21 22 30 24 25 30 24 21 23
internal_value=0 0.00145335 -0.000514346 -0.000629772 -0.000860828 -0.00114511 -0.00145455 0.0019246 0.00231441 0.000845029 0.000496814 -0.000104218 5.65342e-05 0.00035086 0.00133431 0.00192554 -0.000416906 0.00212267 0.0019934 -0.000838009 -0.000455849 -0.000111428 0.000194268 0.000805424 -0.00120092 0.00131925 0.00240177
internal_weight=1997 523 1474 1411 1222 885 735 419 327 189 92 337 309 150 139 262 104 226 63 80 50 69 49 96 58 42 43
internal_count=1997 523 1474 1411 1222 885 735 419 327 189 92 337 309 150 139 262 104 226 63 80 50 69 49 96 58 42 43
is_linear=0
shrinkage=0.03


Tree=19
num_leaves=22
num_cat=0
split_feature=21 23 23 23 24 23 15 11 11 24 24 15 22 11 15 24 20 20 11 24 23
split_gain=1.54072 0.707915 0.485836 0.517262 0.494157 0.453275 0.279537 0.222923 0.188774 0.122942 0.11542 0.164716 0.147246 0.108851 0.0902123 0.0632975 0.0139062 0.0077322 0.00501063 0.00467378 0.00115896
threshold=1.2950000000000002 8.2272000000000016 0.5375000000000002 1.7667500000000003 50.350000000000001 6.3659000000000008 0.0093609962679188519 0.90168829760159974 1.0349166702293511 50.150000000000013 51.45000000000001 0.011239834661961301 24.464999198913503 0.93937491386007499 0.0098914345282360514 50.150000000000013 90.334999084472614 96.944999694824162 0.95697324122657046 50.850000000000001 8.5004000000000008
decision_type=2 2 2 2 2 2 2 2 2 2 2 2 2 2 2 2 2 2 2 2 2
left_child=10 2 13 4 8 6 -5 -3 -4 -7 11 -1 -13 17 -6 20 -12 -2 -15 -14 -9
right_child=1 7 3 5 14 9 -8 15 -10 -11 16 12 19 18 -16 -17 -18 -19 -20 -21 -22
leaf_value=-0.00023044776459023154 -0.0012436786137278312 -0.00016952973484460793 0.00056094080482511422 -0.0020753988728944312 0.0031681865175303657 0.0014304673070686736 -0.00046377030065634814 -0.0049785099368203764 -0.0013718882692563864 -0.00012766276048138166 0.0015374412934428879 0.00039476252650347303 0.0030978147445453537 -0.0016568127261555711 0.0012064885602037353 -0.0017329332460649309 0.0029883789382874966 -0.00030185242639709035 -0.0029387131713722882 0.0018527321818595129 -0.0032841598053391166
leaf_weight=36 22 27 273 113 75 132 730 21 53 64 20 39 53 22 40 23 103 31 56 26 38
leaf_count=36 22 27 273 113 75 132 730 21 53 64 20 39 53 22 40 23 103 31 56 26 38
internal_value=5.15514e-07 -0.000332724 -0.000171632 -1.40402e-05 0.000843584 -0.000381401 -0.000685559 -0.00266315 0.000234299 0.000908396 0.00207427 0.00146819 0.00200921 -0.00191574 0.002528 -0.00343614 0.00279095 -0.000764146 -0.00264068 0.00275382 -0.00401016
internal_weight=1997 1720 1611 1480 441 1039 843 109 326 196 277 154 118 131 115 82 123 53 78 79 59
internal_count=1997 1720 1611 1480 441 1039 843 109 326 196 277 154 118 131 115 82 123 53 78 79 59
is_linear=0
shrinkage=0.03


Tree=20
num_leaves=28
num_cat=0
split_feature=19 23 23 23 24 22 22 24 23 11 11 16 11 23 11 24 19 16 17 11 20 23 11 11 20 11 19
split_gain=1.4812 0.582152 0.388367 0.359182 0.472574 0.31513 0.515965 0.219738 0.216921 0.215779 0.210004 0.152441 0.126571 0.110862 0.102063 0.0591164 0.056473 0.0534574 0.0486662 0.0426779 0.0232369 0.0231328 0.0145762 0.00963396 0.00715621 0.00415298 0.00142109
threshold=98.882750000000016 8.2272000000000016 0.5375000000000002 2.5012000000000003 50.350000000000001 17.510000228881804 11.494999885559052 50.150000000000013 1.9056500000000003 1.0290836615492764 0.90168829760159974 34.921578168352021 1.0241010643287118 7.0124500000000003 0.93937491386007499 50.150000000000013 98.402000000000015 48.295587349241337 -0.00052115082336009989 1.1150112788993116 92.584999084472614 1.5337500000000002 1.0043173163528027 1.0290836615492764 96.944999694824162 0.95697324122657046 101.38210000000002
decision_type=2 2 2 2 2 2 2 2 2 2 2 2 2 2 2 2 2 2 2 2 2 2 2 2 2 2 2
left_child=3 2 14 4 11 6 8 13 -4 -8 -3 -1 -6 -7 24 26 -13 -9 20 21 -5 -14 -18 -20 -2 -16 -12
right_child=1 10 5 18 12 7 9 17 -10 -11 15 16 19 -15 25 -17 22 -19 23 -21 -22 -23 -24 -25 -26 -27 -28
leaf_value=0.0019561597897007794 -0.0012079904370374329 -0.00016462550175908421 0.0022633014732883093 0.0012576726632700726 0.0032738979469000727 0.00056487652185678247 -0.00061881026422646039 0.00033144010991166013 8.268275386308233e-05 -0.0019689770578438003 -0.0031599966399371623 -0.0015558217264479025 0.0018689491821965738 0.0018812391514697209 -0.0016092693736047847 -0.0016831114342203363 0.00046906221138675799 -0.00073020499546837519 -9.9410727359354481e-05 0.0006076167815461241 0 0.0032924214346068247 -0.00053504202098966661 -0.0010438815546599592 -0.00029307984250044687 -0.0028520984445747576 -0.0048108337255923644
leaf_weight=28 22 27 62 21 105 208 423 61 127 148 37 31 151 86 22 23 30 119 24 28 28 20 21 36 31 56 22
leaf_count=28 22 27 62 21 105 208 423 61 127 148 37 31 151 86 22 23 30 119 24 28 28 20 21 36 31 56 22
internal_value=2.09686e-07 -0.000485023 -0.000313086 0.00137181 0.00177491 -0.000144883 -0.000525075 0.000458214 0.000821955 -0.000976841 -0.00258848 6.04716e-05 0.0023832 0.000965176 -0.00186171 -0.00333884 -0.000566461 -0.000354007 -0.000134183 0.00188421 0.000526975 0.00207105 0 -0.000723096 -0.000743747 -0.00256434 -0.00389548
internal_weight=1997 1474 1365 523 414 1234 760 474 189 571 109 110 304 294 131 82 82 180 109 199 49 171 51 60 53 78 59
internal_count=1997 1474 1365 523 414 1234 760 474 189 571 109 110 304 294 131 82 82 180 109 199 49 171 51 60 53 78 59
is_linear=0
shrinkage=0.03


Tree=21
num_leaves=25
num_cat=0
split_feature=19 23 21 23 21 23 15 24 23 14 15 11 20 24 21 19 20 11 21 19 19 12 20 11
split_gain=1.39583 0.550136 0.444831 0.366971 0.300147 0.374929 0.440399 0.251069 0.210106 0.198519 0.105586 0.0956828 0.0930796 0.0946282 0.0859055 0.0650607 0.0634511 0.0326542 0.0262783 0.0110201 0.0097621 0.00695152 0.00661641 0.00336329
threshold=98.882750000000016 8.2272000000000016 1.7750000000000001 0.5375000000000002 3.6750000000000003 2.2220500000000007 0.011985326868166403 49.350000000000001 3.4936000000000003 0.022837640334674003 0.011074594782898552 0.93937491386007499 97.795001983642564 50.350000000000001 0.65500000000000014 98.805550000000011 104.15500259399352 1.0946596163418463 3.9450000000000007 101.43405000000001 98.402000000000015 1.0074280817530601 96.944999694824162 0.95697324122657046
decision_type=2 2 2 2 2 2 2 2 2 2 2 2 2 2 2 2 2 2 2 2 2 2 2 2
left_child=2 3 8 11 5 7 -7 -5 12 16 -4 22 13 15 -15 -1 19 20 -6 -3 -12 -10 -2 -13
right_child=1 9 10 4 18 6 -8 -9 21 -11 17 23 -14 14 -16 -17 -18 -19 -20 -21 -22 -23 -24 -25
leaf_value=-0.00053548505564220247 -0.0011733263671985302 -0.0029743740130215883 0.0014644376584980637 -0.0014944795083591251 0.0012465433218301486 -0.0019975520251836213 -0.00019489520260543554 0.00045454326320658165 0.00019178753493906696 4.0894549007394476e-05 -0.0013662222448123118 -0.001563090359225221 0.0031616173780621747 0.00041230447075213308 0.0022433194216557512 0.0016007504235021769 -0.0014347268022247587 0.0002539476214775017 0.0029009448232298544 -0.004698178963227705 -0.0004795120903689071 -0.00050693302454469223 -0.00028456220881344053 -0.002768036594516353
leaf_weight=24 22 45 24 65 38 188 357 565 23 20 40 22 64 31 216 23 23 20 21 21 37 21 31 56
leaf_count=24 22 45 24 65 38 188 357 565 23 20 40 22 64 31 216 23 23 20 21 21 37 21 31 56
internal_value=0 -0.000471061 0.00133147 -0.00030385 -0.000140274 -0.000248022 -0.000824743 0.00024665 0.00181137 -0.00251596 -0.000240104 -0.00180926 0.00205162 0.00178992 0.0020282 0.000458977 -0.00311794 -0.000703099 0.00192393 -0.00362957 -0.000990212 -7.88806e-05 -0.000723935 -0.00249024
internal_weight=1997 1474 523 1365 1234 1175 545 630 402 109 121 131 358 294 247 47 89 97 59 66 77 44 53 78
internal_count=1997 1474 523 1365 1234 1175 545 630 402 109 121 131 358 294 247 47 89 97 59 66 77 44 53 78
is_linear=0
shrinkage=0.03


Tree=22
num_leaves=27
num_cat=0
split_feature=19 23 23 23 24 11 19 19 23 11 16 15 11 19 11 20 24 19 22 11 11 23 15 20 22 11
split_gain=1.31529 0.518978 0.346707 0.323474 0.424672 0.297598 0.305846 0.262093 0.226753 0.189402 0.137391 0.136733 0.114854 0.103174 0.0896863 0.0877662 0.0530053 0.0506184 0.0421065 0.0383443 0.021437 0.0207593 0.0162072 0.00611064 0.00277929 0.00263698
threshold=98.882750000000016 8.2272000000000016 0.5375000000000002 2.5012000000000003 50.350000000000001 1.0266135469813402 101.02925 101.35350000000001 2.3367000000000004 0.90168829760159974 34.921578168352021 0.010858887754396951 1.0223797887109078 99.017550000000014 0.93937491386007499 90.935001373290959 50.150000000000013 98.402000000000015 18.865000724792452 1.1108485115412852 1.0308319997159872 1.5337500000000002 0.011159773893041602 96.944999694824162 14.030000209808302 0.95697324122657046
decision_type=2 2 2 2 2 2 2 2 2 2 2 2 2 2 2 2 2 2 2 2 2 2 2 2 2 2
left_child=3 2 14 4 10 7 15 13 -9 -3 -1 -8 -6 -4 23 -7 -11 -12 20 21 24 -14 -19 -2 -5 -16
right_child=1 9 5 18 12 6 11 8 -10 16 17 -13 19 -15 25 -17 -18 22 -20 -21 -22 -23 -24 -25 -26 -27
leaf_value=0.001849648147307593 -0.0011396570145937048 -0.00013726220727715239 -0.00063830629724543535 -0.0002981664304591148 0.0031137617774880848 -0.001969267939640717 -0.0029019527904471602 6.1369413123958858e-05 -0.0013686709933582338 -0.0036851894751191139 -0.0014816870496142654 -0.00064756331776896889 0.0017812145926971524 0.00080431112676802397 -0.0015182364399180463 2.8361540565985883e-05 -0.0015775168857071547 0.0006860409661728357 0.00072642393799668002 0.00068970691141273294 -0.0010927214768648677 0.0031477301801953995 -0.0003833555437981886 -0.00027629211313615087 0.00014559202263428068 -0.0026864524291534174
leaf_weight=28 22 27 47 22 103 21 76 329 140 59 31 42 147 407 22 172 23 20 32 34 34 20 31 31 21 56
leaf_count=28 22 27 47 22 103 21 76 329 140 59 31 42 147 407 22 172 23 20 32 34 34 20 31 31 21 56
internal_value=0 -0.000457518 -0.00029504 0.00129223 0.00167484 -0.00013597 -0.000938182 0.000131807 -0.000361129 -0.00244377 4.8336e-05 -0.00213694 0.00225145 0.000647297 -0.00175834 -0.000182564 -0.00315629 -0.000545476 -0.00013571 0.00178149 -0.00053718 0.00198049 0 -0.000704694 -1.48819e-05 -0.00241832
internal_weight=1997 1474 1365 523 414 1234 311 923 469 109 110 118 304 454 131 193 82 82 109 201 77 167 51 53 43 78
internal_count=1997 1474 1365 523 414 1234 311 923 469 109 110 118 304 454 131 193 82 82 109 201 77 167 51 53 43 78
is_linear=0
shrinkage=0.03


Tree=23
num_leaves=28
num_cat=0
split_feature=19 21 21 22 19 19 21 24 11 21 20 16 24 20 22 15 21 21 11 13 11 14 15 15 13 19 9
split_gain=1.24029 0.39763 0.373373 0.435184 0.253642 0.369923 0.347315 0.187227 0.14288 0.116806 0.101201 0.0996284 0.0696446 0.0637108 0.0514301 0.047745 0.0337021 0.0288468 0.0286303 0.0270166 0.0222763 0.0216466 0.0136946 0.0116695 0.00545919 0.00293769 0.00205619
threshold=98.882750000000016 1.8250000000000004 3.6150000000000007 11.494999885559052 103.34875000000001 100.25970000000002 1.8050000000000004 50.350000000000001 1.0061309726379015 2.3950000000000005 90.935001373290959 34.130481617115521 50.150000000000013 96.444999694824162 18.865000724792452 0.012426528959873902 0.65500000000000014 3.9450000000000007 1.0102340726937626 0.99626153329550771 1.0905671561090862 0.010416743504231151 0.011196501423502902 0.013587340102096852 1.0013581036006689 98.402000000000015 1.0044892067454823
decision_type=2 2 2 2 2 2 2 2 2 2 2 2 2 2 2 2 2 2 2 2 2 2 2 2 2 2 2
left_child=1 7 3 9 5 10 -7 11 -9 13 -5 -1 -6 22 -10 -3 -16 24 -14 -11 25 -13 -2 -23 -4 -17 -15
right_child=2 15 17 4 12 6 -8 8 14 19 -12 21 18 26 16 20 -18 -19 -20 -21 -22 23 -24 -25 -26 -27 -28
leaf_value=0.0020964981151046229 0.00098724550679899457 0.00071200803520157937 0.0015758251159087471 -0.0017838039643548684 0.0013580600963500531 -9.0177862075037279e-06 -0.0016309860963609156 0.0033135124726051631 0.00047053888800862318 0.00032640453840472865 6.404153241563753e-05 -0.00094532799055533755 0.00028365899472673599 0.0027181099373847243 0.00080548871943815232 -0.0012848226135676285 0.0020046354469158128 0.0028030319642275568 -0.00077532122957266181 -0.00099571977446847129 0 0.0007449845482738705 8.7040535624950148e-05 -0.00012285200387705114 0.00049656959280504711 -0.00047398955660173667 0.0013993054516613485
leaf_weight=23 66 24 22 28 45 154 581 65 36 20 309 20 73 23 36 37 190 21 32 30 20 20 30 29 20 23 20
leaf_count=23 66 24 22 28 45 154 581 65 36 20 309 20 73 23 36 37 190 21 32 30 20 20 30 29 20 23 20
internal_value=0 0.00125449 -0.00044464 -0.000547579 -0.000756037 -0.000918461 -0.0012957 0.00166717 0.00200546 0.000781321 -8.54362e-05 0.000423905 0.000383284 0.00123188 0.00165817 -0.000379624 0.00183123 0.00178654 -1.50456e-05 -0.000412016 -0.000748897 -0.000112754 0.000740657 0.000179182 0.00115516 -0.00103605 0.00221864
internal_weight=1997 523 1474 1411 1222 1072 735 419 327 189 337 92 150 139 262 104 226 63 105 50 80 69 96 49 42 60 43
internal_count=1997 523 1474 1411 1222 1072 735 419 327 189 337 92 150 139 262 104 226 63 105 50 80 69 96 49 42 60 43
is_linear=0
shrinkage=0.03


Tree=24
num_leaves=28
num_cat=0
split_feature=19 23 21 20 22 11 23 24 14 23 23 11 16 23 21 20 21 21 13 11 20 15 19 13 15 21 21
split_gain=1.16747 0.472682 0.375061 0.319147 0.334824 0.287401 0.248628 0.243722 0.180429 0.168772 0.161761 0.127669 0.0917115 0.0781707 0.0684396 0.0571134 0.0483139 0.0372196 0.0325135 0.0264184 0.0215886 0.0169201 0.0106007 0.0100037 0.00886512 0.00541792 0.0013059
threshold=98.882750000000016 8.2272000000000016 1.8650000000000004 102.41500091552702 10.965000152587852 1.0266135469813402 0.5375000000000002 50.350000000000001 0.022837640334674003 2.0116000000000005 2.2915000000000005 1.013979980572999 34.130481617115521 3.4936000000000003 3.9450000000000007 104.15500259399352 0.65500000000000014 2.4150000000000005 1.0057950891928569 1.0946596163418463 94.805000305175767 0.013111279974893452 101.43405000000001 1.0105306304283677 0.013522442517323601 3.3500000000000005 3.4000000000000008
decision_type=2 2 2 2 2 2 2 2 2 2 2 2 2 2 2 2 2 2 2 2 2 2 2 2 2 2 2
left_child=2 3 7 4 9 6 -6 12 15 23 -7 -9 -1 16 18 22 -13 -11 26 21 24 -4 -3 -2 -14 -20 -5
right_child=1 8 19 14 5 10 -8 11 -10 17 -12 13 20 -15 -16 -17 -18 -19 25 -21 -22 -23 -24 -25 -26 -27 -28
leaf_value=0.0018209592614487819 0.0027070956766605376 -0.0027571702272347785 -2.11889198315995e-05 0.0006691034622067078 -0.0015987964800316841 -0.0007416435565407338 -0.00014635828615044009 0.003018266302511789 0.00010465005954029038 0.0004235895130384181 -0.0024307131422585675 0.00053249905103610435 0.00066061356450830186 -6.7712469071141499e-05 0.0027227633695372125 -0.0013009267786110285 0.0019346457150540887 -0.00098262175373004163 -0.00012006714421191383 0.00022825193937335694 -0.00079985350349124924 -0.0012446124825351448 -0.0044114042669534679 0.0014155968532722908 -7.595567785392631e-05 0.00042368856372989038 0.0015318586837189893
leaf_weight=26 29 45 20 21 124 113 749 85 20 62 106 33 20 20 21 23 194 22 20 20 31 43 21 31 31 32 35
leaf_count=26 29 45 20 21 124 113 749 85 20 62 106 33 20 20 21 23 194 22 20 20 31 43 21 31 31 32 35
internal_value=0 -0.000430733 0.00121776 -0.000275568 -0.000425751 -0.000606818 -0.000357687 0.00156808 -0.00232641 0.000921364 -0.00158015 0.0019715 0.000293696 0.00158846 0.00113253 -0.00290114 0.0017472 1.27746e-05 0.000773647 -0.000600174 -0.000170518 -0.000909499 -0.00338628 0.00212315 0.000162352 0.000159629 0.00127837
internal_weight=1997 1474 523 1365 1236 1092 873 440 109 144 219 332 108 247 129 89 227 84 108 83 82 63 66 60 51 52 56
internal_count=1997 1474 523 1365 1236 1092 873 440 109 144 219 332 108 247 129 89 227 84 108 83 82 63 66 60 51 52 56
is_linear=0
shrinkage=0.03


Tree=25
num_leaves=30
num_cat=0
split_feature=19 23 21 23 22 11 24 23 23 11 23 11 24 16 23 19 23 24 20 21 11 20 20 21 11 17 20 22 19
split_gain=1.09907 0.446157 0.35348 0.303063 0.363191 0.263413 0.229348 0.210882 0.183116 0.171409 0.133819 0.121086 0.0927927 0.0865348 0.0802903 0.0611188 0.0581198 0.0526779 0.0339369 0.0310861 0.0250713 0.0205624 0.0203265 0.0164735 0.0150398 0.00949531 0.0055984 0.00323876 0.00286388
threshold=98.882750000000016 8.2272000000000016 1.8650000000000004 6.3659000000000008 11.494999885559052 1.0266135469813402 50.350000000000001 0.21195000000000003 1.9056500000000003 0.89053341613448689 2.2915000000000005 1.0061309726379015 50.150000000000013 34.130481617115521 3.4936000000000003 100.78055000000002 7.0124500000000003 50.150000000000013 92.63499832153316 0.63500000000000012 1.0946596163418463 105.24499893188452 94.805000305175767 3.9450000000000007 1.0308319997159872 -0.0014007160713202496 96.615001678466768 20.729999542236254 101.38210000000002
decision_type=2 2 2 2 2 2 2 2 2 2 2 2 2 2 2 2 2 2 2 2 2 2 2 2 2 2 2 2 2
left_child=2 3 6 4 8 7 13 -6 26 -3 -7 -8 16 -1 19 -14 27 28 -10 -13 24 -17 25 -18 -4 -15 -2 -5 -11
right_child=1 9 20 12 5 10 11 -9 18 17 -12 14 15 22 -16 21 23 -19 -20 -21 -22 -23 -24 -25 -26 -27 -28 -29 -30
leaf_value=0.001768353769607428 0.0012662339168787 0 -0.00021590962477734891 0 -0.0021453450231812897 -0.00081547386724315114 0.0031264372159811584 -0.0002808568015185301 -0.0007940063689369708 -0.0027404773386195298 -0.0024303589930048087 0.00045386891242157185 0.0011197340564559335 0.00057842446718132121 -9.207703241174932e-06 -0.0013997905414106081 0.0013503954833594272 -0.0013786208438174798 0.00034967309331599002 0.0018638169332547737 0.00022173047544700756 0 -0.00077660774777177724 0.0026447932336648751 -0.0013146742740160942 -0.00017311102869168208 0.0024487119466066356 0.00053542006117514459 -0.0042632332722777897
leaf_weight=26 24 24 28 22 59 100 65 719 29 39 102 22 22 26 22 22 67 24 98 223 20 20 31 21 35 25 38 22 22
leaf_count=26 24 24 28 22 59 100 65 719 29 39 102 22 22 26 22 22 67 24 98 223 20 20 31 21 35 25 38 22 22
internal_value=0 -0.000417902 0.00118157 -0.000267084 -0.000451858 -0.000685655 0.00152172 -0.000428675 0.000741858 -0.00225972 -0.00165364 0.00191311 0.000816434 0.000284502 0.00159598 -7.75539e-05 0.00126976 -0.00288534 6.09175e-05 0.00175176 -0.000582539 -0.000785928 -0.00016548 0.00171924 -0.000884213 0.000156088 0.00206596 0.000285915 -0.00339796
internal_weight=1997 1474 523 1365 1169 980 440 778 189 109 202 332 196 108 267 64 132 85 127 245 83 42 82 88 63 51 62 44 61
internal_count=1997 1474 523 1365 1169 980 440 778 189 109 202 332 196 108 267 64 132 85 127 245 83 42 82 88 63 51 62 44 61
is_linear=0
shrinkage=0.03


Tree=26
num_leaves=26
num_cat=0
split_feature=19 20 22 24 19 19 22 24 16 22 24 10 20 20 24 19 19 19 24 16 15 15 17 8 18
split_gain=1.03483 0.326438 0.378817 0.246419 0.240925 0.385947 0.235656 0.108346 0.107822 0.0981966 0.0941376 0.0940867 0.0936489 0.0868311 0.0645734 0.0533062 0.05609 0.0454773 0.0391893 0.0171865 0.0150754 0.0145847 0.0118857 0.00371198 0.000235412
threshold=98.882750000000016 106.56000137329052 11.494999885559052 50.350000000000001 103.34875000000001 100.25970000000002 11.934999942779502 50.850000000000001 34.921578168352021 18.430000305175753 51.150000000000013 0.99505996375291872 92.63499832153316 90.935001373290959 50.150000000000013 101.02135000000001 100.07525000000003 98.402000000000015 50.150000000000013 51.393001095665518 0.011159773893041602 0.014735173417996801 0.0025079463745937502 0.99533427808587649 0.77379248651836463
decision_type=2 2 2 2 2 2 2 2 2 2 2 2 2 2 2 2 2 2 2 2 2 2 2 2 2
left_child=3 2 12 8 5 13 -5 -8 -1 21 -11 -7 -2 -4 -6 16 -14 -10 24 -16 -19 -9 -17 -22 -3
right_child=1 18 4 6 14 11 7 9 17 10 -12 -13 15 -15 19 22 -18 20 -20 -21 23 -23 -24 -25 -26
leaf_value=0.0016433352182011103 -0.00077098018801771099 0.0011817392616604381 -0.0016234389341853814 -0.00078357329149397888 0.0013314787138091479 -0.00087967056250562805 0.0027239168613892176 0.0005997060816735029 -0.0013653561041573991 0.00064846691872191831 0.0020750276712200571 -0.0016108337418738205 0.00038805614878121457 8.7825033716208028e-05 0.00025401422575453925 0.00062261085527495958 0.0020071808450988359 0.00067324441875098271 0.00023661773485722591 -0.00054991576867178074 0 -0.00046567224182633384 -0.00014092896409177532 -0.00046621759114585823 0.0021517879341895292
leaf_weight=28 29 25 28 34 45 326 86 23 31 67 161 379 36 318 70 36 62 20 25 35 20 20 26 33 34
leaf_count=28 29 25 28 34 45 326 86 23 31 67 161 379 36 318 70 36 62 20 25 35 20 20 26 33 34
internal_value=0 -0.000405589 -0.000517206 0.00114644 -0.000714931 -0.000876267 0.00152403 0.00175376 2.37607e-06 0.00142597 0.00167358 -0.00127871 0.000720593 -4.62926e-05 0.000393947 0.00101268 0.00145263 -0.000422292 0.00139047 0 0 3.66779e-05 0.000257643 -0.000273842 0.0018173
internal_weight=1997 1474 1390 523 1201 1051 391 357 132 271 228 705 189 346 150 160 98 104 84 105 73 43 62 53 59
internal_count=1997 1474 1390 523 1201 1051 391 357 132 271 228 705 189 346 150 160 98 104 84 105 73 43 62 53 59
is_linear=0
shrinkage=0.03


Tree=27
num_leaves=30
num_cat=0
split_feature=19 23 21 23 23 23 24 24 23 19 14 11 24 11 16 23 11 19 23 20 21 10 20 20 11 21 17 19 22
split_gain=0.973983 0.412218 0.314338 0.280072 0.34988 0.369808 0.347709 0.202654 0.185338 0.1902 0.161161 0.111357 0.0838694 0.0791819 0.0771206 0.0662477 0.0556924 0.0556687 0.051303 0.0500745 0.0410104 0.0232031 0.0186427 0.0186091 0.0137655 0.0136871 0.00870454 0.00845357 0.00266463
threshold=98.882750000000016 8.2272000000000016 1.8650000000000004 6.3659000000000008 2.3367000000000004 0.5375000000000002 49.350000000000001 50.350000000000001 2.8322500000000006 103.69385000000001 0.022837640334674003 1.013979980572999 50.150000000000013 0.93937491386007499 34.130481617115521 3.4936000000000003 1.0428357903528103 100.78055000000002 7.0124500000000003 104.15500259399352 0.65500000000000014 1.0540779320109823 94.805000305175767 105.24499893188452 1.0308319997159872 3.9450000000000007 -0.0014007160713202496 101.43405000000001 20.729999542236254
decision_type=2 2 2 2 2 2 2 2 2 2 2 2 2 2 2 2 2 2 2 2 2 2 2 2 2 2 2 2 2
left_child=2 3 7 4 5 13 -7 14 9 -6 19 -9 18 -2 -1 20 -10 -14 28 27 -13 24 26 -19 -4 -20 -16 -3 -5
right_child=1 10 21 12 8 6 -8 11 16 -11 -12 15 17 -15 22 -17 -18 23 25 -21 -22 -23 -24 -25 -26 -27 -28 -29 -30
leaf_value=0.0016697938472239506 -0.00057182196908009538 -0.0025688674330873332 -0.00019664327990954162 0 -0.0025010841460157696 -0.001605273714951056 0.00041505365067254842 0.0027801101293393172 -2.9342196033562336e-05 -0.0001829501051812413 0.00012666591115495455 0.00046264251996763051 0.0010872980068721201 -0.0021795827622843695 0.00055670335847470497 -7.1714373904147307e-05 -0.0013272069848453004 -0.0013162597897665006 0.0012982018040254522 -0.0011971553245966788 0.0017619553891583704 0.00022089732824159518 -0.00074087472790415631 0 -0.0012526904518793648 0.0025166961926628242 -0.00015951035037869586 -0.0041248419731855389 0.00052132149191659312
leaf_weight=26 53 45 28 22 131 86 628 85 103 46 20 33 22 78 26 20 44 22 67 23 194 20 31 20 35 21 25 21 22
leaf_count=26 53 45 28 22 131 86 628 85 103 46 20 33 22 78 26 20 44 22 67 23 194 20 31 20 35 21 25 21 22
internal_value=6.90048e-08 -0.000393123 0.00111258 -0.000248075 -0.000425789 -0.000100066 0.000165608 0.00143346 -0.00126313 -0.0019199 -0.00216351 0.00180149 0.000793417 -0.0015611 0.000268442 0.00144276 -0.000444432 -5.39844e-05 0.00122415 -0.00270718 0.00158908 -0.000549532 -0.000154509 -0.00073295 -0.000840617 0.0016477 0.00015161 -0.0031629 0.000292601
internal_weight=1997 1474 523 1365 1169 845 714 440 324 177 109 332 196 131 108 247 147 64 132 89 227 83 82 42 63 88 51 66 44
internal_count=1997 1474 523 1365 1169 845 714 440 324 177 109 332 196 131 108 247 147 64 132 89 227 83 82 42 63 88 51 66 44
is_linear=0
shrinkage=0.03


Tree=28
num_leaves=31
num_cat=0
split_feature=19 21 21 23 11 15 23 19 19 15 23 23 15 24 15 24 19 11 24 19 11 14 24 19 14 19 11 16 11 21
split_gain=0.918012 0.374676 0.37386 0.257506 0.254419 0.215068 0.204487 0.175336 0.155446 0.154026 0.149148 0.102926 0.180056 0.0680117 0.121339 0.0595962 0.0432604 0.0415856 0.0413227 0.0289486 0.0275426 0.0256069 0.022035 0.0177079 0.0170208 0.0162608 0.0138502 0.0109788 0.00684739 0.00582572
threshold=100.18585 1.3050000000000004 3.6150000000000007 8.2272000000000016 1.0259828550704633 0.010518752887121252 0.23350000000000001 98.882750000000016 100.07525000000003 0.017828745136757352 1.7667500000000003 2.2915000000000005 0.010703465435944451 51.45000000000001 0.011239834661961301 50.850000000000001 99.62660000000001 0.97784114676567724 51.650000000000013 101.45125000000002 0.95871117028491271 0.022837640334674003 49.750000000000007 95.960900000000009 0.017056327602163204 101.43405000000001 0.98940723258080987 70.55306330821729 1.0065384774109714 3.9450000000000007
decision_type=2 2 2 2 2 2 2 2 2 2 2 2 2 2 2 2 2 2 2 2 2 2 2 2 2 2 2 2 2 2
left_child=1 13 3 4 6 7 20 26 17 25 -8 19 -13 14 -1 -16 -9 22 -19 -6 -2 -11 -7 -15 -17 -5 -3 -18 -10 -4
right_child=2 5 29 9 11 8 10 16 28 21 -12 12 -14 23 15 24 27 18 -20 -21 -22 -23 -24 -25 -26 -27 -28 -29 -30 -31
leaf_value=-0.0003218633879247742 -0.00093811248550460164 0.0031262853039162497 0.001253776671447079 -0.0023700728164950135 -2.3508457442845345e-05 0.00095114451513399147 0.00071768149997605455 -0.00071694517957691386 0.0020496997186647994 -0.0012605739219912462 -0.00036594449354994873 -0.003751494051238825 -0.00084632915429511027 0.0029611568568895259 0.0023326224652761274 0.001204979443651003 0.0011943631547166862 -0.00053772641939418299 0.00013716313117202719 -0.0012427826118106373 -0.0022822731929520762 0.00012304690775428233 0 0.0018178141102078371 0 -0.0040067214911634272 0.001774791720404249 7.1760724498225103e-05 0.00084125389463522216 0.0024446271312507715
leaf_weight=35 38 27 33 48 34 36 144 25 27 20 525 42 42 35 57 35 26 247 112 52 44 20 56 89 20 21 45 20 21 21
leaf_count=35 38 27 33 48 34 36 144 25 27 20 525 42 42 35 57 35 26 247 112 52 44 20 56 89 20 21 45 20 21 21
internal_value=0 0.000701697 -0.000588818 -0.000718989 -0.000550009 0.00030008 -0.000306797 0.00132146 0 -0.00210154 -0.000127497 -0.00159881 -0.00236125 0.0016375 0.00114321 0.00162639 0.00020992 -0.000168669 -0.000319046 -0.000801038 -0.00171432 -0.000509465 0.000382991 0.00218564 0.00081232 -0.00296116 0.00235858 0.000782017 0.00161019 0.00180746
internal_weight=1997 913 1084 1030 921 642 751 143 499 109 669 170 84 271 147 112 71 451 359 86 82 40 92 124 55 69 72 46 48 54
internal_count=1997 913 1084 1030 921 642 751 143 499 109 669 170 84 271 147 112 71 451 359 86 82 40 92 124 55 69 72 46 48 54
is_linear=0
shrinkage=0.03


Tree=29
num_leaves=21
num_cat=0
split_feature=21 23 23 23 23 24 15 11 11 24 11 24 15 20 15 24 20 20 20 11
split_gain=0.863663 0.418517 0.295681 0.353773 0.311226 0.292577 0.21031 0.146625 0.136382 0.0781616 0.070874 0.0674715 0.116852 0.0911154 0.0539544 0.0400777 0.0131269 0.00591209 0.00210062 0.00202591
threshold=1.2950000000000002 8.2272000000000016 0.5375000000000002 1.7667500000000003 6.3659000000000008 50.350000000000001 0.0093609962679188519 0.90168829760159974 1.0355847460651899 50.150000000000013 0.93937491386007499 51.45000000000001 0.011239834661961301 93.45000076293941 0.0098914345282360514 50.150000000000013 90.334999084472614 96.975002288818359 92.920001983642507 0.95697324122657046
decision_type=2 2 2 2 2 2 2 2 2 2 2 2 2 2 2 2 2 2 2 2
left_child=11 2 10 5 6 8 -5 -3 -4 -6 17 12 -1 18 -7 -9 -13 -2 -14 -12
right_child=1 7 3 4 9 14 -8 15 -10 -11 19 16 13 -15 -16 -17 -18 -19 -20 -21
leaf_value=-0.00034123196318191855 -0.00093135819927556444 -6.883184808040298e-06 0.00050523729762086075 -0.0017638456526512622 0.0011779714582578864 0.002507197999150345 -0.00036519162176048425 -0.0031286487465724353 -0.001173383713727269 -5.4566841436406736e-05 -0.0012567848402642362 0.00099932001916957754 0.00013962828262773311 0.0022602260783314704 0.0009522274350463525 -0.0012765917932829323 0.0022804732069802974 -0.00013130822344382682 0.00074722371936735256 -0.0023112709308533296
leaf_weight=36 23 27 276 113 132 75 730 59 50 64 22 20 28 68 40 23 103 30 22 56
leaf_count=36 23 27 276 113 132 75 730 59 50 64 22 20 28 68 40 23 103 30 22 56
internal_value=0 -0.000249178 -0.000124867 -1.49466e-06 -0.000305683 0.000707458 -0.000558097 -0.00204136 0.000235805 0.000762048 -0.00148539 0.00155295 0.00108107 0.00153942 0.00200507 -0.00266695 0.00210609 -0.000544873 0.000475203 -0.0020715
internal_weight=1997 1720 1611 1480 1039 441 843 109 326 196 131 277 154 118 115 82 123 53 50 78
internal_count=1997 1720 1611 1480 1039 441 843 109 326 196 131 277 154 118 115 82 123 53 50 78
is_linear=0
shrinkage=0.03


Tree=30
num_leaves=31
num_cat=0
split_feature=19 20 21 19 21 24 19 15 19 19 19 19 19 24 24 15 20 21 20 19 19 24 11 19 11 8 11 21 20 19
split_gain=0.825177 0.357062 0.330271 0.25197 0.238112 0.213255 0.364664 0.194466 0.1564 0.147008 0.0916222 0.0679797 0.178787 0.0602543 0.0598281 0.108276 0.0822087 0.055721 0.0527275 0.0592789 0.0402379 0.0247062 0.0211729 0.0165556 0.0134495 0.00810359 0.0065537 0.00646959 0.00573929 0.00429335
threshold=100.18585 105.79500198364201 1.3050000000000004 103.34875000000001 1.8050000000000004 50.250000000000007 102.39720000000001 0.010518752887121252 98.882750000000016 100.07525000000003 101.82285000000002 101.40940000000002 101.02925 50.150000000000013 51.45000000000001 0.011239834661961301 93.45000076293941 3.2650000000000001 90.935001373290959 99.017550000000014 99.62660000000001 49.750000000000007 1.0091750865409874 95.960900000000009 0.98940723258080987 1.0028494454692407 1.0065384774109714 3.9450000000000007 92.920001983642507 103.69385000000001
decision_type=2 2 2 2 2 2 2 2 2 2 2 2 2 2 2 2 2 2 2 2 2 2 2 2 2 2 2 2 2 2
left_child=2 3 14 4 11 10 -7 8 24 18 -6 12 -2 -5 15 -1 28 -3 -9 -20 -10 -13 29 -16 -4 -22 -11 -19 -17 -15
right_child=1 17 7 13 5 6 -8 9 20 26 -12 21 -14 22 23 16 -18 27 19 -21 25 -23 -24 -25 -26 -27 -28 -29 -30 -31
leaf_value=-0.00030252310872310774 0.0002183044303402615 0.00014766822467989673 0.0029869112095662525 0.001273646771300422 -0.0020162675270493351 0.00022077401124643388 -0.0023913778828626329 -0.0011911066988505787 -0.00068510300239834655 0.0019989724890661555 -0.00099983126814958854 0.00025361941320847515 -0.0022879737026989459 0 0.0028080870596071082 0 0.0021934019804972669 0.0012140667934768966 -0.00036587748451485149 0.000359229818848128 0.0011628804905904691 0.0015580337514931504 -0.00064403644666719407 0.0017047726228212317 0.0016700715561113928 0.00015663771722566983 0.00081228512542491605 0.0023408891219561072 0.00077511536943810906 0.00040038686461894857
leaf_weight=35 89 40 27 45 251 171 65 40 25 27 144 53 34 22 35 23 68 41 237 174 24 21 33 89 45 22 21 21 21 54
leaf_count=35 89 40 27 45 251 171 65 40 25 27 144 53 34 22 35 23 68 41 237 174 24 21 33 89 45 22 21 21 21 54
internal_value=0 -0.000558182 0.000665341 -0.000735679 -0.000943778 -0.00122774 -0.000493071 0.000287887 0.00125916 1.58501e-06 -0.00165675 -1.74722e-05 -0.000463159 0.000362707 0.00154416 0.00107763 0.00153434 0.00111209 -0.000161613 -5.14894e-05 0.000206417 0.000679629 0 0.00206017 0.00223913 0.000759036 0.00156819 0.00167445 0.000423014 0.000253623
internal_weight=1997 1084 913 982 828 631 236 642 143 499 395 197 123 154 271 147 112 102 451 411 71 74 109 124 72 46 48 62 44 76
internal_count=1997 1084 913 982 828 631 236 642 143 499 395 197 123 154 271 147 112 102 451 411 71 74 109 124 72 46 48 62 44 76
is_linear=0
shrinkage=0.03


Tree=31
num_leaves=31
num_cat=0
split_feature=19 21 21 11 23 15 15 23 19 19 19 23 15 22 19 21 19 11 19 19 11 19 11 11 8 11 11 21 22 6
split_gain=0.77745 0.322629 0.311096 0.219963 0.222037 0.183597 0.177957 0.170175 0.147355 0.138922 0.126309 0.101798 0.150231 0.0938838 0.0447113 0.0415272 0.0380942 0.029597 0.0262008 0.0239529 0.0220091 0.015963 0.0123028 0.00977242 0.00750134 0.00587761 0.0052455 0.00432408 0.00220962 2.24299e-07
threshold=100.18585 3.6150000000000007 1.3050000000000004 1.0259828550704633 8.2272000000000016 0.010518752887121252 0.017828745136757352 0.21195000000000003 98.882750000000016 100.07525000000003 100.78055000000002 2.2915000000000005 0.009162900380268053 21.920000076293903 93.309500000000014 0.65500000000000014 99.62660000000001 1.0156504202479282 101.45125000000002 101.38210000000002 0.99463472897841831 98.853950000000012 0.98940723258080987 0.94600152704397034 1.0028494454692407 1.0065384774109714 0.96504972546207879 3.9450000000000007 14.589999675750702 0.0083243143383121016
decision_type=2 2 2 2 2 2 2 2 2 2 2 2 2 2 2 2 2 2 2 2 2 2 2 2 2 2 2 2 2 2
left_child=2 3 14 4 7 8 23 26 22 13 -9 18 -13 17 -1 -16 -10 -7 -5 -14 -17 -22 -4 -6 -18 -11 -2 -3 -20 -15
right_child=1 27 5 11 6 9 -8 10 16 25 -12 12 19 29 15 20 24 -19 28 -21 21 -23 -24 -25 -26 -27 -28 -29 -30 -31
leaf_value=0.0022515536682172254 -0.00097234410321938669 0.0011644667585051672 0.0029005041175654955 -5.721255060884032e-06 -0.0018846793909490639 -2.6024257124310159e-05 4.0735897466739897e-05 0.0010541362025427408 -0.00066534041007980708 0.0019411450226325543 -0.00027659460735969516 -0.0043966183923184864 -0.00071729991264531708 0.00061484830656724921 9.0867333061572512e-05 0.00054259058944572803 0.001129389515351504 -0.0005712241779159134 -0.0014346417544240299 -0.0019863808944492654 0.0017669128948010697 0.00068815786315203043 0.0016210585801821687 -0.0033425373860141807 0.00015214289978409751 0.00078902423034676102 -0.0021310178127139806 0.0022738545249554919 -0.00055022153935611385 0.001253757617233888
leaf_weight=65 20 33 27 34 27 174 27 70 25 27 622 23 33 40 30 33 24 215 32 50 116 27 45 33 22 21 39 21 20 22
leaf_count=65 20 33 27 34 27 174 27 70 25 27 622 23 33 40 30 33 24 215 32 50 116 27 45 33 22 21 39 21 20 22
internal_value=3.97692e-07 -0.000541111 0.000646499 -0.000662194 -0.000446259 0.000279992 -0.00187814 -0.000274115 0.00122374 1.63426e-06 -0.000136327 -0.00158192 -0.00221694 -0.000156844 0.0014995 0.00123798 0.000200489 -0.00033574 -0.000748254 -0.00153207 0.00141495 0.00159026 0.00217511 -0.00277733 0.000739022 0.00152471 -0.001811 0.00168394 -0.00116788 0.000905479
internal_weight=1997 1084 913 1030 838 642 87 751 143 499 692 192 106 451 271 206 71 389 86 83 176 143 72 60 46 48 59 54 52 62
internal_count=1997 1084 913 1030 838 642 87 751 143 499 692 192 106 451 271 206 71 389 86 83 176 143 72 60 46 48 59 54 52 62
is_linear=0
shrinkage=0.03


Tree=32
num_leaves=31
num_cat=0
split_feature=19 20 21 19 22 21 15 20 19 19 22 19 19 20 21 21 20 11 21 14 22 14 20 11 11 11 21 8 20 14
split_gain=0.73433 0.322803 0.293041 0.234 0.261002 0.339033 0.173246 0.154424 0.138831 0.131233 0.0887421 0.0874144 0.0672633 0.0499309 0.0490274 0.0482708 0.0476037 0.0565772 0.0423323 0.0366001 0.0363266 0.0188899 0.0168612 0.0123508 0.0112313 0.00526377 0.00469567 0.00242347 0.00194361 0.00193296
threshold=100.18585 105.79500198364201 1.3050000000000004 103.34875000000001 11.555000305175751 1.8050000000000004 0.010518752887121252 90.674999237060518 98.882750000000016 100.07525000000003 21.920000076293903 101.02135000000001 101.40940000000002 90.935001373290959 3.2650000000000001 2.9450000000000007 98.32500076293941 0.99463472897841831 0.65500000000000014 0.0082372740121662517 11.265000343322702 0.016023085299870003 95.084999084472614 1.0147221402098594 0.98940723258080987 1.0085570257058034 3.9450000000000007 1.0028494454692407 96.354999542236314 0.0095741496975035017
decision_type=2 2 2 2 2 2 2 2 2 2 2 2 2 2 2 2 2 2 2 2 2 2 2 2 2 2 2 2 2 2
left_child=2 3 16 4 11 12 8 -7 24 10 13 -2 -6 -8 27 22 17 -1 -19 -13 -10 -20 -5 28 -4 -11 -16 -3 -17 -22
right_child=1 14 6 15 5 7 9 -9 20 25 -12 19 -14 -15 26 23 -18 18 21 -21 29 -23 -24 -25 -26 -27 -28 -29 -30 -31
leaf_value=-0.00010111847102297875 0.0021439547961496787 0.00038505870795675688 0.0028165967166423798 0 -0.00045325075034352558 -5.3851294045139532e-05 -0.0014783539631171151 -0.0016751962723116128 0.00097618686003988825 0.0018655196583894048 0.00088063346313789394 -0.00097154108121100312 0.00068859961481703552 -0.00021395848466135775 0.0011570764776053172 -9.6992029127879717e-06 0.0023125952150938769 0.00023457750490342734 0.0017206666623551814 0.00044387815836211973 0 0.00053537140481057577 0.0010960245804817531 -0.00069704858855240877 0.0015734840569734249 0.00074005288683942389 0.0022087396370638586 0 0.00030594283117014645 -0.00056356685631908481
leaf_weight=22 22 20 27 20 123 64 31 468 31 28 62 22 73 358 41 25 55 31 140 56 20 23 63 26 45 20 21 20 20 20
leaf_count=22 22 20 27 20 123 64 31 468 31 28 62 22 73 358 41 25 55 31 140 56 20 23 63 26 45 20 21 20 20 20
internal_value=4.95591e-07 -0.000525739 0.000628465 -0.000694608 -0.000895232 -0.00109385 0.000272579 -0.00148624 0.00118934 2.00533e-06 -0.000151855 0.000517491 -1.14047e-05 -0.000325945 0.00106187 0.000363533 0.00145643 0.00121495 0.00137933 0 0.000194731 0.00157599 0.000857087 -0.000175662 0.00211294 0.00148247 0.00159031 0.000150815 6.897e-05 -0.000346765
internal_weight=1997 1084 913 982 828 728 642 532 143 499 451 100 196 389 102 154 271 216 194 78 71 163 83 71 72 48 62 40 45 40
internal_count=1997 1084 913 982 828 728 642 532 143 499 451 100 196 389 102 154 271 216 194 78 71 163 83 71 72 48 62 40 45 40
is_linear=0
shrinkage=0.03


Tree=33
num_leaves=30
num_cat=0
split_feature=19 20 23 21 11 15 23 19 19 19 23 15 20 19 21 20 11 21 19 19 19 19 11 8 15 11 11 21 8
split_gain=0.691442 0.304604 0.294606 0.275938 0.210495 0.163244 0.148408 0.132004 0.131157 0.124023 0.0964656 0.139597 0.0473851 0.0535452 0.046231 0.0445515 0.0535683 0.0396122 0.0381156 0.0347487 0.0224497 0.0161021 0.0102305 0.00686473 0.00623678 0.00504745 0.00470417 0.00416516 0.00230458
threshold=100.18585 105.79500198364201 8.2272000000000016 1.3050000000000004 1.0259828550704633 0.010518752887121252 0.21195000000000003 100.78055000000002 98.882750000000016 100.07525000000003 2.2915000000000005 0.009162900380268053 90.935001373290959 99.017550000000014 3.2650000000000001 98.32500076293941 0.99463472897841831 0.65500000000000014 101.43405000000001 99.62660000000001 101.45125000000002 98.853950000000012 0.98940723258080987 1.0028494454692407 0.017828745136757352 0.96504972546207879 1.0065384774109714 3.9450000000000007 1.0028494454692407
decision_type=2 2 2 2 2 2 2 2 2 2 2 2 2 2 2 2 2 2 2 2 2 2 2 2 2 2 2 2 2
left_child=3 2 4 15 6 8 25 -8 22 12 20 -12 -7 -14 28 16 -1 -18 24 -10 -6 -19 -5 -21 -4 -2 -11 -16 -3
right_child=1 14 18 5 10 9 7 -9 19 26 11 -13 13 -15 27 -17 17 21 -20 23 -22 -23 -24 -25 -26 -27 -28 -29 -30
leaf_value=-9.8216806017064842e-05 -0.00089670011487656405 0.00037405701292612194 -0.0021329911207344301 0.0027351166011233413 -1.0268329820246432e-05 -0.0011230686276969386 0.001034712351616472 -0.00029619713431314475 -0.00063769440128145605 0.0018310236613521868 -0.00422510845772922 -0.0013159387016444114 -0.00034185191815661042 0.0003474449108880279 0.0011231906812504998 0.0022444562256070119 0.00022776009323570177 0.0016812852622947936 -0.00360835953395475 0.0010764537436142565 -0.0010944577505381532 0.00062609378131622047 0.0015273057043390429 0.0001356348499058462 -0.0010230384756578133 -0.0020196860115509478 0.00074370228168977941 0.0021454893610739828 0
leaf_weight=22 20 20 46 27 34 40 74 593 25 27 23 57 237 174 41 55 31 136 21 24 52 27 45 22 23 39 21 21 20
leaf_count=22 20 20 46 27 34 40 74 593 25 27 23 57 237 174 41 55 31 136 21 24 52 27 45 22 23 39 21 21 20
internal_value=9.97718e-07 -0.000509593 -0.000673689 0.000610396 -0.000502854 0.000264878 -0.000276418 -0.000142721 0.00115479 2.0528e-06 -0.00146762 -0.0022312 -0.000147353 -4.26163e-05 0.0010323 0.00141392 0.00117924 0.00133926 -0.00230975 0.000186818 -0.000705352 0.00152968 0.00205259 0.000702786 -0.00182576 -0.0017103 0.00144143 0.00154563 0.00014518
internal_weight=1997 1084 982 913 892 642 726 667 143 499 166 80 451 411 102 271 216 194 90 71 86 163 72 46 69 59 48 62 40
internal_count=1997 1084 982 913 892 642 726 667 143 499 166 80 451 411 102 271 216 194 90 71 86 163 72 46 69 59 48 62 40
is_linear=0
shrinkage=0.03


Tree=34
num_leaves=31
num_cat=0
split_feature=19 20 23 19 19 21 23 24 15 19 19 22 19 24 15 22 15 21 20 21 11 22 11 24 19 23 15 11 21 11
split_gain=0.652674 0.287894 0.283503 0.297529 0.279941 0.259725 0.196807 0.222589 0.154144 0.123567 0.117224 0.0830823 0.082865 0.0519807 0.090941 0.0746424 0.0485969 0.0435943 0.0402983 0.0401165 0.034322 0.0330213 0.0271681 0.02558 0.0140534 0.0108233 0.0101098 0.00929606 0.00857412 0.00416474
threshold=100.18585 105.79500198364201 2.3367000000000004 100.98660000000002 103.34875000000001 1.3050000000000004 0.23350000000000001 49.350000000000001 0.010518752887121252 98.882750000000016 100.07525000000003 21.375000000000004 101.02135000000001 51.45000000000001 0.011239834661961301 25.569999694824155 0.017828745136757352 3.2650000000000001 90.935001373290959 1.8750000000000002 1.010447551509843 11.265000343322702 0.95871117028491271 50.250000000000007 95.960900000000009 4.5257000000000014 0.016379287827204853 0.98940723258080987 2.9250000000000003 1.0085570257058034
decision_type=2 2 2 2 2 2 2 2 2 2 2 2 2 2 2 2 2 2 2 2 2 2 2 2 2 2 2 2 2 2
left_child=5 2 6 20 16 13 22 19 9 27 11 18 -9 14 -1 -16 -5 -3 -10 -8 23 -11 -2 -4 -15 -13 -22 -7 -6 -12
right_child=1 17 3 4 28 8 7 12 10 21 29 25 -14 24 15 -17 -18 -19 -20 -21 26 -23 -24 -25 -26 -27 -28 -29 -30 -31
leaf_value=-0.00032303649522752193 -0.00074712725094734482 0.00013970609422540292 0.00080749506855221271 -0.0025751470559167377 0.0001843732438610459 0.0026559935446296419 -0.00023706838835237752 0.0020595560161315875 -0.0013830351385798665 0.00092799823525274402 0.0017595722037126664 0.0010405540057762089 0.00018380578242868065 0.0025467305021981395 0.00010921191002610915 0.0018772378471106864 -0.00090089252242502808 0.0015022474902548959 -0.00022326941330152165 -0.0018050910987143143 -5.2380207580803278e-05 -0.00033247188140819896 -0.0020119685752747148 -0.00036809468591077763 0.0015217700225301088 9.5684591350145623e-05 -0.00097541899994511383 0.0014824826267912335 -0.0004463524583276778 0.00069765987885849813
leaf_weight=35 38 40 46 178 31 27 26 22 30 31 28 48 389 35 35 77 25 62 349 60 28 40 51 21 89 24 30 45 37 20
leaf_count=35 38 40 46 178 31 27 26 22 30 31 28 48 389 35 35 77 25 62 349 60 28 40 51 21 89 24 30 45 37 20
internal_value=9.24653e-07 -0.000495103 -0.000654686 -0.00127541 -0.00183249 0.000593035 -0.00022865 0 0.000257645 0.00112241 2.07866e-06 -0.000143007 0.000296248 0.00137268 0.000937344 0.00135713 -0.00238909 0.00100359 -0.000326364 -0.00137369 -3.89113e-05 0.000181453 -0.00151956 0.000394914 0.00185313 0.000772319 -0.000589102 0.001994 -0.000116833 0.0014016
internal_weight=1997 1084 982 396 271 913 586 497 642 143 499 451 411 271 147 112 203 102 379 86 125 71 89 67 124 72 58 72 68 48
internal_count=1997 1084 982 396 271 913 586 497 642 143 499 451 411 271 147 112 203 102 379 86 125 71 89 67 124 72 58 72 68 48
is_linear=0
shrinkage=0.03


Tree=35
num_leaves=26
num_cat=0
split_feature=21 20 22 21 15 15 21 21 22 11 11 20 11 11 20 13 22 15 21 17 20 15 21 11 21
split_gain=0.60732 0.177483 0.173625 0.201463 0.155267 0.124196 0.1082 0.0781939 0.0585466 0.0555751 0.0473163 0.041199 0.0680298 0.03552 0.0269595 0.0268262 0.0259385 0.0304359 0.0244418 0.0218947 0.0180966 0.00813267 0.00112815 0.000105755 3.821e-05
threshold=1.3050000000000004 106.56000137329052 11.444999694824203 1.8050000000000004 0.010263929881382602 0.0090960250114102015 2.3950000000000005 1.9500000000000002 16.894999504089352 0.98640438030316735 0.99640054290868807 98.895000457763658 0.96636623814837208 1.0039417076374013 92.045001983642564 0.99626153329550771 24.865000724792452 0.01164239751264 3.4000000000000008 -0.00063300561837519986 90.334999084472614 0.013587340102096852 3.9450000000000007 1.0355847460651899 2.2550000000000003
decision_type=2 2 2 2 2 2 2 2 2 2 2 2 2 2 2 2 2 2 2 2 2 2 2 2 2
left_child=11 2 6 4 9 7 13 -5 -6 -4 -7 12 -1 24 20 -8 21 -18 -3 -15 -14 -16 -20 -17 -2
right_child=1 18 3 5 8 10 15 -9 -10 -11 -12 -13 14 19 16 23 17 -19 22 -21 -22 -23 -24 -25 -26
leaf_value=-0.00046461445492293154 0.0021311513761590631 0.00036098367682258999 0.0021725419308332833 -0.0031625521277180977 -0.00063594901480539326 -0.00029389886421968015 0.00029576202884449491 -0.0010360853960994093 0.00013153927530322723 0.0005805559965981436 -0.00075133139181195977 0.0021447980507835742 0.0007674811748521669 -0.00020236500618713241 0.00078176060713927391 -0.00045738767346899424 0.00024686433860244086 0.0016439998957999598 0.0010527710452210156 0.00081626171208336014 0.0022262335062365642 0 0.0020410313924181865 -0.0012202266073701056 0.0011823654051040648
leaf_weight=20 20 34 33 26 148 423 20 58 212 69 457 49 20 20 27 20 25 67 29 67 43 33 21 21 35
leaf_count=20 20 34 33 26 148 423 20 58 212 69 457 49 20 20 27 20 25 67 29 67 43 33 21 21 35
internal_value=1.09527e-06 -0.000210629 -0.00028168 -0.000399772 0.000109648 -0.000646882 0.00053106 -0.00175903 -0.000176561 0.00114083 -0.00053544 0.00128493 0.0010846 0.000990038 0.00124409 -0.000487728 0.000971578 0.00130334 0.00111906 0.000548365 0.00182924 0.000400671 0.00155855 -0.000939289 0.00161285
internal_weight=1997 1713 1629 1426 462 964 203 84 360 102 880 284 235 142 215 61 152 92 84 87 63 60 50 41 55
internal_count=1997 1713 1629 1426 462 964 203 84 360 102 880 284 235 142 215 61 152 92 84 87 63 60 50 41 55
is_linear=0
shrinkage=0.03


Tree=36
num_leaves=31
num_cat=0
split_feature=19 20 23 19 19 21 23 11 14 23 19 20 23 19 21 11 20 20 19 23 19 11 20 19 11 19 14 21 21 21
split_gain=0.594593 0.2602 0.265506 0.27705 0.262464 0.226459 0.184375 0.146739 0.12476 0.0943091 0.0929194 0.0613246 0.0487862 0.0472479 0.0392016 0.0376378 0.0369826 0.0459884 0.0436655 0.0319381 0.0312532 0.0300655 0.0288258 0.0261481 0.0248254 0.0199191 0.0175363 0.0100729 0.00788846 0.00437862
threshold=100.18585 105.79500198364201 2.3367000000000004 100.98660000000002 103.34875000000001 1.3050000000000004 0.23350000000000001 1.0450887965774411 0.0091142508105148522 1.5337500000000002 101.03525 90.935001373290959 1.9056500000000003 99.54525000000001 3.1950000000000007 0.99849203794366759 98.32500076293941 92.045001983642564 97.244700000000009 7.8480500000000006 98.329350000000019 1.0473862100461555 92.75500106811522 95.960900000000009 0.96055564413530459 98.870050000000006 0.0098702240469979025 2.2450000000000006 2.9250000000000003 3.9450000000000007
decision_type=2 2 2 2 2 2 2 2 2 2 2 2 2 2 2 2 2 2 2 2 2 2 2 2 2 2 2 2 2 2
left_child=5 2 6 19 15 16 24 10 9 -7 -8 -10 27 20 -3 -5 17 25 23 21 -13 -4 -15 -19 -2 -1 -9 -11 -6 -16
right_child=1 14 3 4 28 8 7 26 11 12 -12 13 -14 22 29 -17 -18 18 -20 -21 -22 -23 -24 -25 -26 -27 -28 -29 -30 -31
leaf_value=0.0022368450127542017 -0.00074664996540537321 7.9317338048177151e-05 0.00043469034304349297 -0.0018345985366031528 0.00018825212714409644 -0.00030056682031718082 0.0016220415120038229 -0.0022822369225323201 -0.0010634830689012277 0.0024020163164135406 4.3238054923447817e-05 -0.0010896375619340688 0.00041276619380580318 -0.00022444752798988842 0.0010102581227198241 -0.0028602565503296402 0.0020575248226856013 0.00049685991660052377 -0.00024491306566466975 -0.0011179803825382675 2.7845098675017998e-05 -0.00078656899056990038 0.00080738490242331931 0.0014679404012483332 -0.0019574112807959317 0.00075656179594807329 -0.0007525170677108691 0.0011144618320724237 -0.00041833325371599608 0.0019825837313705548
leaf_weight=41 40 37 84 116 31 29 36 22 40 43 416 23 30 25 44 87 55 66 27 20 314 21 116 61 49 21 23 22 37 21
leaf_count=41 40 37 84 116 31 29 36 22 40 43 416 23 30 25 44 87 55 66 27 20 314 21 116 61 49 21 23 22 37 21
internal_value=1.52643e-06 -0.000471846 -0.000623648 -0.00122432 -0.00176185 0.000566743 -0.000211225 9.02399e-06 0.000253104 0.0011048 0.000178909 4.17062e-05 0.00156372 0.000142481 0.000952355 -0.00230074 0.00129506 0.00107851 0.000757706 -3.0424e-05 -4.25447e-05 0.00015702 0.000603017 0.000994546 -0.00146092 0.00180305 -0.00159895 0.00203517 -9.96028e-05 0.00139513
internal_weight=1997 1084 982 396 271 913 586 497 642 124 452 518 95 478 102 203 271 216 154 125 337 105 141 127 89 62 45 65 68 65
internal_count=1997 1084 982 396 271 913 586 497 642 124 452 518 95 478 102 203 271 216 154 125 337 105 141 127 89 62 45 65 68 65
is_linear=0
shrinkage=0.03


Tree=37
num_leaves=31
num_cat=0
split_feature=19 20 21 19 22 21 15 20 19 19 22 19 19 24 24 15 20 20 21 11 19 11 19 15 11 12 20 11 21 11
split_gain=0.560534 0.245971 0.213666 0.202476 0.208508 0.278706 0.132848 0.129659 0.110952 0.10273 0.076868 0.0722587 0.0599572 0.0525774 0.0435786 0.0811753 0.0700452 0.0405929 0.0368669 0.0328982 0.0293167 0.0165284 0.011896 0.00960332 0.00720404 0.00613671 0.00509637 0.00402525 0.00389902 0.00361474
threshold=100.18585 105.79500198364201 1.3050000000000004 103.34875000000001 11.704999923706001 1.8050000000000004 0.010518752887121252 90.674999237060518 98.882750000000016 100.07525000000003 21.920000076293903 101.02135000000001 101.40940000000002 50.150000000000013 51.45000000000001 0.011575651774710252 93.45000076293941 90.935001373290959 3.1950000000000007 1.0227615292265544 99.62660000000001 1.0091750865409874 95.960900000000009 0.0094348250416137012 0.98940723258080987 1.012612480466289 92.920001983642507 0.95325362248258672 3.9450000000000007 1.0003473090281509
decision_type=2 2 2 2 2 2 2 2 2 2 2 2 2 2 2 2 2 2 2 2 2 2 2 2 2 2 2 2 2 2
left_child=2 3 14 4 11 12 8 -7 24 10 17 -2 -6 -5 15 23 26 -8 -3 -13 -10 27 -16 -1 -4 -22 -17 -15 -20 -11
right_child=1 18 6 13 5 7 9 -9 20 29 -12 19 -14 21 22 16 -18 -19 28 -21 25 -23 -24 -25 -26 -27 -28 -29 -30 -31
leaf_value=-0.00066719644366424868 0.001922188561895619 7.7000440611874705e-05 0.0024899318896766218 0.0012290787933313327 -0.00041207009187482687 0 -0.0013303816750121766 -0.0015052433539648842 -0.0005984982516031149 0.0017964306324720382 0.00083301803260941857 0.00060378919898120811 0.00066684038419830222 0 0.002347258290275931 0 0.0019496187100275643 -0.00018818991770416571 0.00098062386649350316 -0.00057595055964442768 0.00094801904643989265 -0.00053142959136954126 0.0013888301269927373 0.00014915182258648036 0.0013935766711871585 5.3906451178980714e-05 0.00061684914861273555 0.00049710629609338265 0.0019258097458884796 0.0007880848357786558
leaf_weight=21 22 37 27 45 123 62 31 465 25 21 62 42 73 41 35 23 62 358 44 41 26 33 89 21 45 20 20 35 21 27
leaf_count=21 22 37 27 45 123 62 31 465 25 21 62 42 73 41 35 23 62 358 44 41 26 33 89 21 45 20 20 35 21 27
internal_value=1.59266e-06 -0.000457978 0.000550425 -0.000605624 -0.000792459 -0.000975044 0.000245608 -0.00133368 0.00104854 7.87118e-06 -0.000127549 0.000433805 0 0.000378192 0.00125795 0.000855858 0.00130249 -0.000290083 0.000926426 0 0.000155105 0 0.00169997 -0.000195279 0.00187428 0.000632522 0.000278136 0.000261698 0.001356 0.00131812
internal_weight=1997 1084 913 982 828 723 642 527 143 499 451 105 196 154 271 147 105 389 102 83 71 109 124 42 72 46 43 76 65 48
internal_count=1997 1084 913 982 828 723 642 527 143 499 451 105 196 154 271 147 105 389 102 83 71 109 124 42 72 46 43 76 65 48
is_linear=0
shrinkage=0.03


Tree=38
num_leaves=29
num_cat=0
split_feature=23 24 20 23 15 23 20 23 22 23 16 24 24 13 20 23 23 24 20 18 14 9 14 15 15 24 22 9
split_gain=0.443095 0.711806 0.216427 0.254472 0.199275 0.185481 0.114724 0.0924191 0.0732088 0.108955 0.059199 0.0578024 0.0699517 0.0381965 0.0379015 0.035925 0.0346679 0.0256151 0.0139897 0.012546 0.0117381 0.00817503 0.00748919 0.00632052 0.00571572 0.0141761 0.00463911 0.00341133
threshold=1.8697500000000002 50.350000000000001 105.79500198364201 8.2272000000000016 0.0093609962679188519 0.5375000000000002 98.215000152587862 2.5551000000000008 16.894999504089352 2.3367000000000004 53.23083328460563 49.95000000000001 49.550000000000004 0.97137008133909564 91.319999694824162 8.3472000000000026 8.2073500000000017 51.250000000000007 95.50500106811522 0.53433073527714325 0.0069234466509476506 0.97672783967589505 0.015368244688354902 0.017828745136757352 0.014735173417996801 51.45000000000001 22.194999694824151 1.0084629864151846
decision_type=2 2 2 2 2 2 2 2 2 2 2 2 2 2 2 2 2 2 2 2 2 2 2 2 2 2 2 2
left_child=1 5 3 4 7 13 11 17 9 -6 22 12 -7 21 -10 -5 27 -2 -13 -8 -12 -1 -3 -17 26 -26 -22 -4
right_child=2 10 16 15 8 6 19 -9 14 -11 20 18 -14 -15 -16 23 -18 -19 -20 -21 24 -23 -24 -25 25 -27 -28 -29
leaf_value=-0.00075992438056179002 -0.0016015516446313994 0.0023962064299087684 0.001565055969692449 -0.0032968933460387315 0 -0.00021797169435249509 0.00020836372259301633 -0.0030221761946595503 -0.00044177885480557293 -0.0009261333581212116 0.00039997109216011059 -0.00025427407386174812 0.00099852470261929172 -0.0016411657447338497 0.00028942921864842219 -0.0018827167688968015 7.475121214903131e-05 -0.00031604763599607397 -0.0010069038534439318 0.0012910080253070136 0.001658437424087897 0 0.0012649406476132571 -0.00083363801660016172 0.00015078108125957302 0.0013738333191722629 0.0011192879470868502 0.00065764094330370416
leaf_weight=36 31 77 43 21 236 128 20 31 81 230 25 57 61 75 263 46 37 39 61 66 99 20 24 23 25 21 99 22
leaf_count=36 31 77 43 21 236 128 20 31 81 230 25 57 61 75 263 46 37 39 61 66 99 20 24 23 25 21 99 22
internal_value=2.27535e-06 0.000499826 -0.000398368 -0.000534558 -0.000378948 -0.000206666 0.000112912 -0.00163335 -0.000217015 -0.000462918 0.00150632 -0.000150603 0.000162054 -0.00118172 0.000107778 -0.00205524 0.00090125 -0.000942135 -0.000673747 0.001079 0.00123821 -0.000495761 0.00217184 -0.00159279 0.00130987 0.000790312 0.00141092 0.001318
internal_weight=1997 894 1103 1001 911 524 393 101 810 466 370 307 189 131 344 90 102 70 118 86 269 56 101 69 244 46 198 65
internal_count=1997 894 1103 1001 911 524 393 101 810 466 370 307 189 131 344 90 102 70 118 86 269 56 101 69 244 46 198 65
is_linear=0
shrinkage=0.03


Tree=39
num_leaves=31
num_cat=0
split_feature=19 20 23 19 19 19 23 24 14 23 19 22 19 15 15 23 11 23 23 11 19 19 14 19 11 20 11 24 11 9
split_gain=0.50148 0.220146 0.232747 0.245842 0.233531 0.188624 0.157302 0.17818 0.117662 0.0865179 0.0657097 0.0592612 0.0518325 0.0457802 0.0452329 0.0378578 0.0373569 0.0325807 0.02924 0.0275325 0.0233498 0.0392259 0.0212815 0.0187327 0.0180512 0.0152653 0.00683503 0.00672176 0.00608056 0.00299039
threshold=100.18585 105.79500198364201 2.3367000000000004 100.98660000000002 103.34875000000001 97.244700000000009 0.21195000000000003 49.350000000000001 0.0091142508105148522 1.3007500000000001 101.02135000000001 21.114999771118153 100.07525000000003 0.017828745136757352 0.010518752887121252 2.1784000000000003 1.1030139102451371 8.2073500000000017 7.8480500000000006 1.0473862100461555 95.784900000000007 95.960900000000009 0.011976763533974501 98.853950000000012 1.0757743070355275 97.694999694824162 0.97348601250209688 51.350000000000001 1.0080692805849087 1.0106614210338984
decision_type=2 2 2 2 2 2 2 2 2 2 2 2 2 2 2 2 2 2 2 2 2 2 2 2 2 2 2 2 2 2
left_child=5 2 6 18 13 16 26 25 9 -7 -9 12 14 -5 -10 27 20 29 19 -4 24 -22 -13 -24 -1 -8 -2 -11 -6 -3
right_child=1 17 3 4 28 8 7 10 11 15 -12 22 -14 -15 -16 -17 -18 -19 -20 -21 21 -23 23 -25 -26 -27 -28 -29 -30 -31
leaf_value=0.0021922263738445263 -0.00086049342900514601 0.0014998160500393207 0.0004355195424752309 -0.0023277170013326774 6.0745948775937517e-05 -0.0002971867332002148 -0.0015464764188975095 0.0018107793321428089 0.00062145674020958768 0.0021969610582320731 0.00014296820564148403 0 0.0011776993326576691 -0.00072129109186621807 -0.00027671528620497982 9.7641696887356885e-05 6.6223014582646928e-06 7.2567691459737122e-05 -0.0010528621797316841 -0.00072938355016098784 0 0.0014021173299221448 0.0016365842054812951 0.00055465501237440069 0.00084457829543490605 -0.0004588087560852208 -0.0018998731873338904 0.0012799256363392082 -0.00051826962449454843 0.00059731915273836679
leaf_weight=65 26 45 84 178 48 29 59 22 56 38 412 29 27 25 367 20 21 37 20 21 21 65 25 75 22 27 40 53 20 20
leaf_count=65 26 45 84 178 48 29 59 22 56 38 412 29 27 25 367 20 21 37 20 21 21 65 25 75 22 27 40 53 20 20
internal_value=2.12992e-06 -0.000432476 -0.000572257 -0.00113466 -0.00164089 0.000521326 -0.000185808 -3.72637e-06 0.000291092 0.00107044 0.000238377 9.59548e-05 -6.08262e-05 -0.00214909 -0.000149548 0.001454 0.00135336 0.000876629 -9.02685e-06 0.000169554 0.00149862 0.00104193 0.000662203 0.000868366 0.001899 -0.00124868 -0.00155415 0.00171519 -7.11175e-05 0.00128084
internal_weight=1997 1084 982 396 271 913 586 520 719 140 434 579 450 203 423 111 194 102 125 105 173 86 129 100 87 86 66 91 68 65
internal_count=1997 1084 982 396 271 913 586 520 719 140 434 579 450 203 423 111 194 102 125 105 173 86 129 100 87 86 66 91 68 65
is_linear=0
shrinkage=0.03


Tree=40
num_leaves=31
num_cat=0
split_feature=19 20 23 19 19 21 23 24 15 19 19 19 15 20 19 24 15 20 21 21 11 19 24 11 19 15 15 21 11 8
split_gain=0.473154 0.20809 0.21913 0.231208 0.219868 0.179834 0.149065 0.178951 0.112866 0.097134 0.0874445 0.0575571 0.0426178 0.0385772 0.0440775 0.0373731 0.0727043 0.0601833 0.0325018 0.0310076 0.0277758 0.0256116 0.0227496 0.0210251 0.0107587 0.0088533 0.0085323 0.00724187 0.00722735 0.00581215
threshold=100.18585 105.79500198364201 2.3367000000000004 100.98660000000002 103.34875000000001 1.3050000000000004 0.23350000000000001 49.350000000000001 0.010518752887121252 98.882750000000016 100.07525000000003 101.02135000000001 0.017828745136757352 90.935001373290959 99.017550000000014 51.45000000000001 0.011575651774710252 93.45000076293941 1.8750000000000002 3.2650000000000001 1.010447551509843 99.62660000000001 50.250000000000007 0.95871117028491271 98.870050000000006 0.016379287827204853 0.0094348250416137012 2.9250000000000003 0.98940723258080987 1.0028494454692407
decision_type=2 2 2 2 2 2 2 2 2 2 2 2 2 2 2 2 2 2 2 2 2 2 2 2 2 2 2 2 2 2
left_child=5 2 6 20 12 15 23 18 9 28 13 -9 -5 -10 -15 16 26 -18 -8 -3 22 -11 -4 -2 -17 -22 -1 -6 -7 -23
right_child=1 19 3 4 27 8 7 11 10 21 -12 -13 -14 14 -16 24 17 -19 -20 -21 25 29 -24 -25 -26 -27 -28 -29 -30 -31
leaf_value=-0.0006524656955576079 -0.00061382814711676188 0.00011100435074810619 0.00076935658135768412 -0.0022582756333253424 0.00020906523260782705 0.0023357967329876764 -0.00017996995991820261 0.0017588178917927585 -0.00099696097652450543 -0.00057341099821496761 0.001216269817488382 0.00018847091492313594 -0.0007004846216251071 -0.00029483774510577748 0.00033112083590345194 0.0017200459242404367 0.00024943274723707214 0.0018048712607207041 -0.0016011007161902597 0.0012742530143642354 -5.2337402815063388e-06 0.00091308913819491857 -0.00033395019499585026 -0.0017396666289647468 0.00063513181089762264 -0.00086466902906953864 0.00010306250686434478 -0.00037825553745068116 0.001272978843098668 5.7719707124583091e-05
leaf_weight=21 38 40 46 178 31 27 26 22 40 25 48 389 25 237 174 103 43 62 60 62 28 24 21 51 21 30 21 37 45 22
leaf_count=21 38 40 46 178 31 27 26 22 40 25 48 389 25 237 174 103 43 62 60 62 28 24 21 51 21 30 21 37 45 22
internal_value=2.37278e-06 -0.000419736 -0.00055569 -0.00110144 -0.00159238 0.000506734 -0.000180531 1.6928e-05 0.000226597 0.000966704 6.99317e-06 0.000283875 -0.00208551 -0.000117479 -2.23914e-05 0.00115608 0.000781048 0.00120455 -0.00121295 0.00085271 -9.07669e-06 0.000128418 0.000379601 -0.00130447 0.00156686 -0.000507738 -0.000211323 -6.78786e-05 0.00173917 0.000577761
internal_weight=1997 1084 982 396 271 913 586 497 642 143 499 411 203 451 411 271 147 105 86 102 125 71 67 89 124 58 42 68 72 46
internal_count=1997 1084 982 396 271 913 586 497 642 143 499 411 203 451 411 271 147 105 86 102 125 71 67 89 124 58 42 68 72 46
is_linear=0
shrinkage=0.03


Tree=41
num_leaves=31
num_cat=0
split_feature=19 20 19 21 22 21 20 15 19 19 22 21 19 24 20 24 15 20 21 19 19 11 20 15 11 16 20 9 16 19
split_gain=0.446409 0.196417 0.174653 0.169462 0.1671 0.23396 0.112176 0.10667 0.0915143 0.0823808 0.0661472 0.0608609 0.050019 0.0474635 0.0357308 0.0349728 0.0685404 0.0564473 0.0290389 0.0242646 0.0203277 0.0156453 0.0101871 0.00808963 0.00651419 0.00540419 0.00428255 0.00414764 0.00379049 0.00349818
threshold=100.18585 105.79500198364201 103.34875000000001 1.3050000000000004 11.704999923706001 1.8050000000000004 90.674999237060518 0.010518752887121252 98.882750000000016 100.07525000000003 21.920000076293903 2.3950000000000005 101.40940000000002 50.150000000000013 90.935001373290959 51.45000000000001 0.011575651774710252 93.45000076293941 3.2650000000000001 99.62660000000001 101.02135000000001 1.0091750865409874 90.334999084472614 0.0094348250416137012 0.98940723258080987 70.55306330821729 92.920001983642507 1.0084629864151846 52.848475426493906 103.69385000000001
decision_type=2 2 2 2 2 2 2 2 2 2 2 2 2 2 2 2 2 2 2 2 2 2 2 2 2 2 2 2 2 2
left_child=3 2 4 15 11 12 -7 8 24 10 14 20 -6 -4 -9 16 23 26 -3 -10 -2 29 -17 -1 -5 -21 -18 -20 -26 -15
right_child=1 18 13 7 5 6 -8 9 19 -11 -12 -13 -14 21 -16 22 17 -19 27 25 -22 -23 -24 -25 28 -27 -28 -29 -30 -31
leaf_value=-0.00063378143486228175 0.0017083474328822414 0.00010775544873450131 0.0011825866547372677 0.0022682255136647392 -0.00036012676669962539 0 -0.0013650014968744771 -0.001241568699821073 -0.00055687030231750285 0.001180526371864716 0.00077633780002083971 -0.0005572726361963244 0.00062531479096749622 0 -0.00016912401134302595 0.00058448929951659262 0 0.001751584601078537 0.0015001346011157715 0.00085533183337085776 0.0004552419570645725 -0.00050254910096854844 0.0016654126226968531 0.00010011117007922042 0.00058396254529777378 1.7395375895180863e-05 0.0005535022710558094 0.00058270918217528131 0.0015990496718038159 0.00039644723403352229
leaf_weight=21 22 40 45 27 123 62 465 31 25 48 62 36 73 22 358 20 23 62 40 26 47 33 104 21 20 20 20 22 25 54
leaf_count=21 22 40 45 27 123 62 465 31 25 48 62 36 73 22 358 20 23 62 40 26 47 33 104 21 20 20 20 22 25 54
internal_value=2.44811e-06 -0.000407514 -0.000539652 0.000492389 -0.000713344 -0.000876915 -0.0012055 0.000220278 0.000939788 6.61871e-06 -0.000114019 0.000382307 0 0.000373445 -0.000265245 0.00112281 0.000758529 0.00116984 0.000828406 0.000124731 0.000916337 4.40889e-06 0.00152114 -0.000203273 0.00168971 0.000562963 0.00024212 0.00123663 0.00123562 0.000267164
internal_weight=1997 1084 982 913 828 723 527 642 143 499 451 105 196 154 389 271 147 105 102 71 69 109 124 42 72 46 43 62 45 76
internal_count=1997 1084 982 913 828 723 527 642 143 499 451 105 196 154 389 271 147 105 102 71 69 109 124 42 72 46 43 62 45 76
is_linear=0
shrinkage=0.03


Tree=42
num_leaves=24
num_cat=0
split_feature=21 23 23 23 22 24 23 11 14 24 11 24 15 22 20 11 20 23 22 20 11 22 21
split_gain=0.407593 0.216978 0.155235 0.208166 0.186071 0.154785 0.125158 0.0981645 0.0931585 0.0567157 0.0479783 0.0386758 0.065078 0.0524892 0.0337234 0.0240357 0.00926994 0.00693635 0.00635439 0.00175817 0.00172772 0.00119003 0.00113006
threshold=1.3050000000000004 8.2272000000000016 0.5375000000000002 1.7667500000000003 18.865000724792452 50.350000000000001 2.3367000000000004 1.0355847460651899 0.022837640334674003 50.150000000000013 0.93154011400293923 51.45000000000001 0.011239834661961301 25.569999694824155 104.15500259399352 1.0029062365982961 90.334999084472614 8.5004000000000008 15.230000019073453 97.475002288818359 0.95697324122657046 22.430000305175753 1.2350000000000001
decision_type=2 2 2 2 2 2 2 2 2 2 2 2 2 2 2 2 2 2 2 2 2 2 2
left_child=11 2 10 5 6 7 -5 -4 14 -6 18 12 -1 22 17 -7 -13 -3 -2 -15 -12 -18 -14
right_child=1 8 3 4 9 15 -8 -9 -10 -11 20 16 13 19 -16 -17 21 -19 -20 -21 -22 -23 -24
leaf_value=-0.0003341997317528646 3.0370928150100195e-05 -0.0030320674404501913 0.00043864789134756598 -0.00010141563335679575 0.00076137441640894399 0.0023089227703484618 -0.0009052472948494557 -0.00098353605407892767 0.00025180035217532091 -2.2252435215398086e-05 -0.00092282973764644513 0.00056778961340231556 0 0.0010746729988633178 -0.00065042925224406646 0.0011311633835205841 0.0022070151168107986 -0.0017532343515827642 -0.00058957614450316342 0.0018784312957309578 -0.0017095196456832222 0.0013765044496912094 0.00030681770529759965
leaf_weight=37 25 21 276 371 164 32 345 50 20 153 30 20 24 40 23 82 24 45 20 37 56 80 22
leaf_count=37 25 21 276 371 164 32 345 50 20 153 30 20 24 40 23 82 24 45 20 37 56 80 22
internal_value=3.02769e-06 -0.000170149 -7.97246e-05 6.56979e-06 -0.000224122 0.000554254 -0.000493643 0.000209007 -0.0014607 0.000374842 -0.00106547 0.00105503 0.000702411 0.00103861 -0.00187738 0.00150505 0.00147677 -0.00224409 -0.000186771 0.00151849 -0.00148334 0.00161593 0.000156294
internal_weight=1997 1713 1604 1473 1033 440 716 326 109 317 131 284 160 123 89 114 124 66 45 77 86 104 46
internal_count=1997 1713 1604 1473 1033 440 716 326 109 317 131 284 160 123 89 114 124 66 45 77 86 104 46
is_linear=0
shrinkage=0.03


Tree=43
num_leaves=31
num_cat=0
split_feature=19 20 23 19 19 23 24 23 24 11 11 20 19 22 15 15 21 23 21 23 11 24 21 15 11 21 21 11 10 9
split_gain=0.40277 0.178578 0.192311 0.208168 0.19728 0.151722 0.266921 0.125247 0.151331 0.0726734 0.0579723 0.0563368 0.0511151 0.0452951 0.0400918 0.0395698 0.0285711 0.0285194 0.0263828 0.0255208 0.0245844 0.0175011 0.0122847 0.0161102 0.0103936 0.00843035 0.00669432 0.0061008 0.00567259 0.00416648
threshold=100.18585 105.79500198364201 2.3367000000000004 100.98660000000002 103.34875000000001 2.1743500000000004 50.350000000000001 0.21195000000000003 49.350000000000001 1.0207454716025544 1.0215669777753418 90.935001373290959 101.02135000000001 16.105000495910605 0.017828745136757352 0.014194299170645151 1.8750000000000002 1.0669000000000002 3.4000000000000008 7.8480500000000006 1.0473862100461555 51.650000000000013 0.64500000000000013 0.014885743188724003 1.0039417076374013 1.4450000000000001 2.9250000000000003 0.97348601250209688 1.028672167968488 1.0084629864151846
decision_type=2 2 2 2 2 2 2 2 2 2 2 2 2 2 2 2 2 2 2 2 2 2 2 2 2 2 2 2 2 2
left_child=5 2 7 19 14 6 9 27 16 15 -8 -7 -10 21 -5 17 -9 -1 -3 20 -4 -13 -12 -24 -23 -15 -6 -2 -27 -20
right_child=1 18 3 4 26 11 10 8 12 -11 22 13 -14 25 -16 -17 -18 -19 29 -21 -22 24 23 -25 -26 28 -28 -29 -30 -31
leaf_value=0.00037439113724282763 -0.00073055188421211723 0.00016236924744494584 0.00043084677887998295 -0.0021233404867472025 0.00022335132097941823 -0.001231987599729161 0.0017468377605073604 -0.00016820217130912674 0.001614576154509964 -0.00095697706142348828 0.00014251513657088959 -0.00080380122746340915 0.0001398703077637557 0 -0.00061676765113280951 0.0010443654570595493 -0.0015101499805211653 -0.00048749284988509547 0.001493079064757024 -0.00096536351572389578 -0.00066557404407384716 0.00037232512517446846 0.0011068066514616369 0.00030567532604327429 -0.00037972581121013376 0.00069713337932214971 -0.00034642775988475859 -0.0017033640669613349 0 0.0005394504350343985
leaf_weight=77 26 45 84 178 31 34 132 26 22 60 26 49 412 37 25 41 60 61 37 20 21 28 196 39 36 76 37 40 21 20
leaf_count=77 26 45 84 178 31 34 132 26 22 60 26 49 412 37 25 41 60 61 37 20 21 28 196 39 36 76 37 40 21 20
internal_value=2.96115e-06 -0.00038637 -0.000512458 -0.00102374 -0.00148945 0.000468411 0.000726558 -0.000160684 0 -5.22262e-05 0.00120671 -0.000102068 0.000225061 4.57117e-05 -0.00195644 0.000238007 -0.00114552 0 0.000791597 0 0.00017905 -0.000381074 0.000916473 0.000988423 -3.88348e-06 0.000427992 -4.37248e-05 -0.00138153 0.000574246 0.00122527
internal_weight=1997 1084 982 396 271 913 632 586 520 239 393 281 434 247 203 179 86 138 102 125 105 113 261 235 64 134 68 66 97 57
internal_count=1997 1084 982 396 271 913 632 586 520 239 393 281 434 247 203 179 86 138 102 125 105 113 261 235 64 134 68 66 97 57
is_linear=0
shrinkage=0.03


Tree=44
num_leaves=31
num_cat=0
split_feature=19 20 23 19 19 19 23 24 23 23 11 20 22 19 11 11 19 23 23 19 11 24 19 19 13 11 11 24 8 11
split_gain=0.379511 0.168874 0.181057 0.195763 0.185774 0.143613 0.119509 0.15199 0.0678786 0.179009 0.0536332 0.0513892 0.0515818 0.0445903 0.0367933 0.0275428 0.0273227 0.0259536 0.0246242 0.0241118 0.0241066 0.02071 0.0199838 0.0310205 0.0181037 0.0146442 0.0142351 0.00856251 0.00725909 0.00693127
threshold=100.18585 105.79500198364201 2.3367000000000004 100.98660000000002 103.34875000000001 97.244700000000009 0.23350000000000001 49.350000000000001 2.1784000000000003 1.2339500000000003 1.0043173163528027 90.935001373290959 16.105000495910605 101.02135000000001 0.99849203794366759 1.1030139102451371 99.481550000000013 1.9056500000000003 8.2073500000000017 98.329350000000019 1.010447551509843 50.250000000000007 95.784900000000007 95.960900000000009 0.97073949965388195 1.0450887965774411 1.0757743070355275 51.650000000000013 1.0009403023051002 1.084062140758707
decision_type=2 2 2 2 2 2 2 2 2 2 2 2 2 2 2 2 2 2 2 2 2 2 2 2 2 2 2 2 2 2
left_child=5 2 6 20 14 15 24 25 9 10 16 -10 27 -9 -5 22 -7 19 -3 -11 21 -4 26 -24 -2 -8 -1 -13 -14 -19
right_child=1 18 3 4 -6 8 7 13 11 17 -12 12 28 -15 -16 -17 -18 29 -20 -21 -22 -23 23 -25 -26 -27 -28 -29 -30 -31
leaf_value=0.0019382480479438195 -0.00033973861898474363 0.0011223168214359743 0.00074595789637223393 -0.0014550716094075679 -4.1162243897459747e-05 0.00042830786257583943 -0.00077612455506056825 0.0015682448786075993 -0.0011960839663316229 7.6075179482121825e-05 -0.00079668859007156066 -0.00078016947825439262 0.00062116265218853525 0.00018136261621996079 -0.0024326058218589013 2.808983363634476e-06 -0.00071401350921951236 0.00059410207475657051 5.9509253337685203e-05 0.0012910973836042726 -0.00045444332041296223 -0.00030128886914727361 0 0.0012049961851444094 -0.0014623818883472786 -0.0018853497184489084 0.00071734354770666437 -0.00010468440532373885 9.9685889511601995e-05 0
leaf_weight=65 27 65 46 116 68 96 64 22 34 22 80 49 75 389 87 21 21 45 37 174 58 21 21 65 62 22 22 44 59 20
leaf_count=65 27 65 46 116 68 96 64 22 34 22 80 49 75 389 87 21 21 45 37 174 58 21 21 65 62 22 22 44 59 20
internal_value=2.8994e-06 -0.000374979 -0.000497646 -0.000993787 -0.00144542 0.000454754 -0.000156138 2.00601e-05 0.000253184 0.00047426 -0.000195425 -0.000123636 2.83783e-05 0.000266507 -0.00189859 0.00118129 0.000193539 0.000989998 0.000770236 0.00117102 0 0.000373995 0.00130627 0.000883532 -0.0011627 -0.00111277 0.00167526 -0.000497014 0.000416219 0.000389209
internal_weight=1997 1084 982 396 271 913 586 497 719 458 197 261 227 411 203 194 117 261 102 196 125 67 173 86 89 86 87 93 134 65
internal_count=1997 1084 982 396 271 913 586 497 719 458 197 261 227 411 203 194 117 261 102 196 125 67 173 86 89 86 87 93 134 65
is_linear=0
shrinkage=0.03


Tree=45
num_leaves=31
num_cat=0
split_feature=19 20 23 19 19 19 23 24 14 23 19 24 11 15 19 11 23 11 15 14 23 19 19 17 12 11 11 11 16 11
split_gain=0.35776 0.159449 0.170548 0.18429 0.174712 0.135544 0.113408 0.151482 0.0872965 0.0700291 0.0572792 0.0397282 0.048278 0.038378 0.0328393 0.029885 0.0264495 0.0257436 0.024225 0.0232608 0.0230421 0.0187242 0.0293643 0.014764 0.0138793 0.01364 0.0130772 0.00992271 0.00610457 0.00507327
threshold=100.18585 105.79500198364201 2.3367000000000004 100.98660000000002 103.34875000000001 97.244700000000009 1.4393000000000002 49.350000000000001 0.0091142508105148522 1.3007500000000001 101.45125000000002 51.750000000000007 1.0193833815592968 0.017828745136757352 99.62660000000001 0.92664820454485064 2.1784000000000003 1.1030139102451371 0.016379287827204853 0.01026748809021045 8.2073500000000017 95.784900000000007 95.960900000000009 0.00023896526268585004 1.0129475435492077 1.0450887965774411 1.0671671411862118 1.0080692805849087 51.150584595486116 1.0080692805849087
decision_type=2 2 2 2 2 2 2 2 2 2 2 2 2 2 2 2 2 2 2 2 2 2 2 2 2 2 2 2 2 2
left_child=5 2 6 18 13 17 15 25 9 -7 -9 12 19 -5 -14 -2 28 21 27 -10 -3 26 -23 -20 -13 -8 -1 -4 -11 -6
right_child=1 20 3 4 29 8 7 10 11 16 -12 24 14 -15 -16 -17 -18 -19 23 -21 -22 22 -24 -25 -26 -27 -28 -29 -30 -31
leaf_value=0.0019263111465289944 0 0.0010891574596224181 0.00063823639396910683 -0.0020051195751348842 7.8176534696653183e-05 -0.00030680316113866868 -0.00075319901651461029 0.00097408120437875764 -0.00035335511877201498 0.002126950067114085 9.2852872167292514e-05 0.00080927374321841986 -0.00063678981096238884 -0.00053782833731656863 0.00017533461103448643 -0.0012756692207938237 9.7598144585000612e-05 2.7285459853539336e-06 0 0.00035082463653361229 5.7770951899185185e-05 0 0.0011693940238011152 -0.00094713648930192006 0 -0.0018312483466351808 0.00080947361233328207 0 0.0011804469541358926 -0.0004565177820123998
leaf_weight=60 24 65 41 178 48 29 64 88 47 24 302 77 144 25 57 86 20 21 21 226 37 21 65 29 28 22 27 34 67 20
leaf_count=60 24 65 41 178 48 29 64 88 47 24 302 77 144 25 57 86 20 21 21 226 37 21 65 29 28 22 27 34 67 20
internal_value=2.71644e-06 -0.000364129 -0.000483378 -0.000964951 -0.00140315 0.000441475 -0.000151746 4.35031e-05 0.0002455 0.000916948 0.000301349 7.66734e-05 -3.47136e-05 -0.00184265 -0.000391907 -0.00101645 0.00126334 0.00114742 0 0.000217796 0.000748346 0.00126832 0.000856523 -0.000516862 0.000603392 -0.00108134 0.00162693 0.000328034 0.00148309 -3.99453e-05
internal_weight=1997 1084 982 396 271 913 586 476 719 140 390 579 474 203 201 110 111 194 125 273 102 173 86 50 105 86 87 75 91 68
internal_count=1997 1084 982 396 271 913 586 476 719 140 390 579 474 203 201 110 111 194 125 273 102 173 86 50 105 86 87 75 91 68
is_linear=0
shrinkage=0.03


Tree=46
num_leaves=29
num_cat=0
split_feature=19 23 22 22 21 23 24 24 14 23 23 15 24 16 23 20 16 16 10 24 24 10 14 10 15 23 19 17
split_gain=0.338893 0.148279 0.126117 0.195364 0.124039 0.0874983 0.0846424 0.0843028 0.0786975 0.0755384 0.0676808 0.125815 0.0775583 0.0410356 0.0313251 0.0293479 0.028863 0.0263693 0.025888 0.0187184 0.0415688 0.018535 0.0181958 0.0153992 0.0102781 0.00719371 0.00691353 0.00381297
threshold=98.882750000000016 8.2272000000000016 17.025000572204554 11.494999885559052 1.8650000000000004 0.5375000000000002 50.150000000000013 50.350000000000001 0.022837640334674003 2.1111000000000004 2.3367000000000004 0.012047586422569052 50.250000000000007 34.921578168352021 3.4936000000000003 104.15500259399352 48.539424921372444 57.055420487968611 1.0222590423019629 50.850000000000001 51.150000000000013 0.99210782914236273 0.010416743504231151 1.0540779320109823 0.013187403092757002 1.1259500000000002 101.43405000000001 0.0021733653409487506
decision_type=2 2 2 2 2 2 2 2 2 2 2 2 2 2 2 2 2 2 2 2 2 2 2 2 2 2 2 2
left_child=4 2 3 9 7 27 17 13 15 18 12 -12 -5 -1 19 26 -8 -7 -2 -9 -21 -11 -15 24 -6 -24 -3 -4
right_child=1 8 5 10 23 6 16 14 -10 21 11 -13 -14 22 -16 -17 -18 -19 -20 20 -22 -23 25 -25 -26 -27 -28 -29
leaf_value=0.0010875455337207248 0.0014261982876542178 -0.0015490770225866149 -0.00051111853355541824 -0.00062321229839629275 0 0.0007566442790469817 0.00030555381539306835 0.0016208738430949121 0.00027388810792139596 0.00030993070895154334 -0.0018777207610064395 -0.00035712849351797813 0.00034287089085949945 -0.00087783973943442108 0 -0.0005300460557627958 -0.00043505576250515873 0 0.00032311973206066927 0.00028746852456459969 0.0012561942142542048 -0.00053809362706148402 0.00050580516299603259 0.00024027470446058683 -0.00087577032823306074 -0.00016443762307587477 -0.0027653529752384529 -0.0014252830359407444
leaf_weight=28 60 45 26 325 20 260 71 86 20 36 97 111 92 25 22 23 124 49 41 66 158 52 21 20 43 34 21 21
leaf_count=28 60 45 26 325 20 260 71 86 20 36 97 111 92 25 22 23 124 49 41 66 158 52 21 20 43 34 21 21
internal_value=2.84493e-06 -0.000228465 -0.000140499 -0.000378868 0.000659676 0.000206262 0.000326758 0.000862176 -0.0012915 0.000455356 -0.000636254 -0.0010862 -0.000402584 0.000101719 0.0010995 -0.00167574 -0.000149909 0.000636758 0.00101538 0.00117689 0.000986646 -0.000157882 -0.00021545 -0.000375588 -0.000618675 4.23642e-05 -0.00201635 -0.00100326
internal_weight=1997 1474 1365 814 523 551 504 440 109 189 625 208 417 108 332 89 195 309 101 310 224 88 80 83 63 55 66 47
internal_count=1997 1474 1365 814 523 551 504 440 109 189 625 208 417 108 332 89 195 309 101 310 224 88 80 83 63 55 66 47
is_linear=0
shrinkage=0.03


Tree=47
num_leaves=27
num_cat=0
split_feature=21 11 20 24 21 22 20 21 20 17 11 15 15 22 24 15 20 17 20 11 15 21 15 22 14 15
split_gain=0.306933 0.10824 0.0873244 0.134054 0.125772 0.0784448 0.0716159 0.0912158 0.0662513 0.0658683 0.0548829 0.0467701 0.0403072 0.0338779 0.0283552 0.0542587 0.0406512 0.0199686 0.00862413 0.00541198 0.00458236 0.00423869 0.00400338 0.00275534 0.00159149 0.00111252
threshold=1.3050000000000004 1.010447551509843 102.68999862670852 50.250000000000007 2.3950000000000005 11.074999809265101 107.65999984741151 2.0350000000000006 90.935001373290959 0.00073060766677105003 1.048162225090868 0.0090960250114102015 0.0098914345282360514 25.664999961853002 51.45000000000001 0.011239834661961301 93.45000076293941 -0.00057302142792939987 90.334999084472614 1.058411055695754 0.010858887754396951 3.8350000000000004 0.015906004571424204 22.430000305175753 0.013357957389507001 0.013809097609186452
decision_type=2 2 2 2 2 2 2 2 2 2 2 2 2 2 2 2 2 2 2 2 2 2 2 2 2 2
left_child=14 5 3 9 8 20 7 12 -5 11 -11 -3 -7 -9 15 -1 22 -6 -16 25 -2 -8 -17 -20 -22 -4
right_child=1 2 19 4 17 6 21 13 -10 10 -12 -13 -14 -15 18 16 -18 -19 23 -21 24 -23 -24 -25 -26 -27
leaf_value=-0.00033452941256875517 0.0015816350915384561 -0.0030154228425500066 0.00034342271780561927 -0.00089464569999836375 -0.00029472787170379888 0.00090303914987517489 0.00060670059346427615 -0.00021587007997010487 0.00043872989051537905 -0.00014127298204417906 -0.001303752139130774 -0.0012531810274753108 0.0001097931289359517 -0.00091441133757901982 0.00042664117991392107 0.00043787019308656451 0.001412272355433189 -0.001268637048277574 0.0019931057851016519 0 0.00028338699875166639 0.0015787691635944479 0 0.0011762008794466965 0.0010052735692422305 0.0010051683416671081
leaf_weight=37 21 21 27 38 38 78 27 489 206 96 66 86 260 76 20 34 68 77 24 22 23 20 21 80 20 22
leaf_count=37 21 21 27 38 38 78 27 489 206 96 66 86 260 76 20 34 68 77 24 22 23 20 21 80 20 22
internal_value=2.64211e-06 -0.000147437 -0.00043481 -0.000549989 -0.000159784 4.79408e-05 -1.79265e-05 -8.09623e-05 0.000216024 -0.00105711 -0.000638373 -0.00165154 0.000303823 -0.000316583 0.00091574 0.000608238 0.00091644 -0.000978001 0.00128048 0.000535784 0.00105705 0.00110712 0.000235566 0.00141048 0.000702546 0.000714694
internal_weight=1997 1713 699 628 359 1014 950 903 244 269 162 107 338 565 284 160 123 115 124 71 64 47 55 104 43 49
internal_count=1997 1713 699 628 359 1014 950 903 244 269 162 107 338 565 284 160 123 115 124 71 64 47 55 104 43 49
is_linear=0
shrinkage=0.03


Tree=48
num_leaves=27
num_cat=0
split_feature=19 23 21 20 11 23 23 24 19 24 14 21 23 20 14 11 20 23 24 11 19 23 14 11 17 11
split_gain=0.306402 0.138119 0.122164 0.108055 0.0996922 0.144989 0.097849 0.0745056 0.0631127 0.055736 0.0547851 0.0359677 0.0314849 0.0464413 0.0298771 0.026934 0.0248153 0.0225289 0.0195002 0.0333564 0.0325368 0.0155791 0.0133747 0.0117137 0.0100837 0.0037666
threshold=98.853950000000012 8.2272000000000016 1.7750000000000001 98.215000152587862 1.0266135469813402 2.1111000000000004 0.5375000000000002 50.150000000000013 100.78055000000002 51.150000000000013 0.010528639343321152 3.9450000000000007 2.0715500000000007 103.49499893188451 0.011734603477885401 0.92664820454485064 98.295001983642564 0.78200000000000014 50.350000000000001 1.005078458098694 98.805550000000011 3.4936000000000003 0.022837640334674003 0.94600152704397034 0.0027728751532996002 1.0318127093824734
decision_type=2 2 2 2 2 2 2 2 2 2 2 2 2 2 2 2 2 2 2 2 2 2 2 2 2 2
left_child=2 3 16 4 6 9 15 23 -8 -6 -7 12 17 -14 -4 -2 18 -5 20 -20 -1 -21 -9 -3 25 -16
right_child=1 7 14 11 5 10 8 22 -10 -11 -12 -13 13 -15 24 -17 -18 -19 19 21 -22 -23 -24 -25 -26 -27
leaf_value=-0.00049837236193707218 0 -0.0010827567488387491 0.00051354136611553259 0 -0.00070912626304198048 -0.0022424509366514699 0.00043808010796178733 -0.00069677691112272444 -0.00016411042843946199 0.00045207765218452546 -0.00085460245694765548 0.0015577812453901223 -0.00052442205931264451 0.00045009505099151279 -0.00026779634205740876 -0.0011926110109738406 0.001564527185622137 0.00084999432331625069 0.001931471911817789 0.00084299795063184284 0.0010036181109608149 0 0.00027358116262725423 -0.0023203115807129784 -5.7701086904696213e-06 -0.0010894783443957568
leaf_weight=25 24 27 38 30 71 56 230 24 481 74 69 21 81 94 23 83 59 94 29 201 23 22 20 38 36 24
leaf_count=25 24 27 38 30 71 56 230 24 481 74 69 21 81 94 23 83 59 94 29 201 23 22 20 38 36 24
internal_value=2.8087e-06 -0.000204756 0.0006641 -0.000122311 -0.000266404 -0.000766764 -9.68513e-05 -0.00123167 2.68192e-05 -9.69265e-05 -0.00151303 0.000357563 0.000258355 0 -0.00013811 -0.000939042 0.000942449 0.000622 0.000805348 0.000914153 0.000165901 0.000760431 -0.00019276 -0.0018759 -0.000474733 -0.000763835
internal_weight=1997 1517 480 1408 1088 270 818 109 711 145 125 320 299 175 121 107 359 124 300 252 48 223 44 65 83 47
internal_count=1997 1517 480 1408 1088 270 818 109 711 145 125 320 299 175 121 107 359 124 300 252 48 223 44 65 83 47
is_linear=0
shrinkage=0.03


Tree=49
num_leaves=29
num_cat=0
split_feature=19 23 21 22 22 23 24 23 11 23 24 19 19 15 10 20 16 11 24 11 19 17 23 15 14 11 21 18
split_gain=0.288682 0.130337 0.115469 0.114946 0.171033 0.075253 0.0703036 0.0656846 0.0637387 0.116752 0.0590381 0.0439425 0.030663 0.0299589 0.0236022 0.0231725 0.0227624 0.0184408 0.0183358 0.0313259 0.0307217 0.0161653 0.0146603 0.0129308 0.0126524 0.00467333 0.00407998 0.00297395
threshold=98.853950000000012 8.2272000000000016 1.7750000000000001 17.100000381469652 11.494999885559052 0.5375000000000002 50.150000000000013 2.1111000000000004 1.0290836615492764 2.2915000000000005 50.150000000000013 104.00915000000002 99.031550000000024 0.011272105945662402 1.0238073140186319 98.295001983642564 48.539424921372444 0.99972075372451075 50.350000000000001 1.005078458098694 98.805550000000011 0.0027728751532996002 3.4936000000000003 0.014696656923582551 0.022837640334674003 1.0318127093824734 2.1750000000000003 0.82370600007637196
decision_type=2 2 2 2 2 2 2 2 2 2 2 2 2 2 2 2 2 2 2 2 2 2 2 2 2 2 2 2
left_child=2 3 15 4 7 26 23 14 11 -10 12 -6 -7 -4 -2 18 -12 -9 20 -20 -1 25 -21 -3 -8 -15 -5 -23
right_child=1 6 13 5 8 10 24 17 9 -11 16 -13 -14 21 -16 -17 -18 -19 19 22 -22 27 -24 -25 -26 -27 -28 -29
leaf_value=-0.00048399623870276485 0.0013392179668017272 -0.0023963503710692745 0.00073162606713147115 -0.0004017935606207175 -0.000494841182038815 -0.00027758899424225097 -0.00067670973024331032 0.00040819549243596774 -0.00036996621852280397 -0.0021338286530947137 0.00034014605549246706 0.00053594629875825428 0.00065763166651001427 -0.00029279076086421464 0.00027908276655518158 0.0015183736343853526 -0.00030088597408274407 -0.00047093377073277658 0.0018754592701792716 0.00081783320988548032 0.00097476409876253453 -0.00019931478532200106 0 -0.0011601125917397438 0.00026576457225850652 -0.0011013124431125247 -0.0013076557447202503 0.0002830711194652725
leaf_weight=25 61 31 25 23 451 30 24 30 85 62 73 37 293 28 40 59 142 58 29 201 23 22 22 34 20 25 23 21
leaf_count=25 61 31 25 23 451 30 24 30 85 62 73 37 293 28 40 59 142 58 29 201 23 22 22 34 20 25 23 21
internal_value=2.49987e-06 -0.00019893 0.000644429 -0.000118774 -0.000348131 0.000199753 -0.00119658 0.000433384 -0.000585771 -0.00114357 0.000304049 -0.000409616 0.000560921 -0.000134914 0.000955627 0.000915083 -6.87773e-05 -0.000136304 0.000781819 0.000887419 0.000159397 -0.000396719 0.000737738 -0.00182253 -0.00018526 -0.000743057 -0.00093674 0
internal_weight=1997 1517 480 1408 824 584 109 189 635 147 538 488 323 121 101 359 215 88 300 252 48 96 223 65 44 53 46 43
internal_count=1997 1517 480 1408 824 584 109 189 635 147 538 488 323 121 101 359 215 88 300 252 48 96 223 65 44 53 46 43
is_linear=0
shrinkage=0.03


Tree=50
num_leaves=31
num_cat=0
split_feature=19 20 19 22 21 19 20 15 22 19 11 19 22 19 24 11 11 21 19 19 19 19 19 11 11 12 3 9 12 20
split_gain=0.272577 0.125981 0.135193 0.111064 0.167201 0.10095 0.0846463 0.054456 0.0649128 0.0720323 0.0477969 0.0471666 0.0532561 0.0393857 0.0370272 0.0215665 0.0212789 0.0184475 0.0153376 0.0251891 0.0150502 0.0146624 0.013282 0.0131586 0.0111299 0.0076553 0.0058254 0.00415097 0.00390788 0.00342205
threshold=100.18585 105.79500198364201 103.34875000000001 11.704999923706001 1.8050000000000004 97.244700000000009 90.674999237060518 0.0105978121657658 21.375000000000004 100.07525000000003 1.0227615292265544 98.870050000000006 22.494999885559054 101.40940000000002 50.150000000000013 1.0171089050510134 1.1030139102451371 3.4000000000000008 95.784900000000007 95.960900000000009 99.62660000000001 101.25965000000001 101.45125000000002 1.0091750865409874 1.0757743070355275 1.0030565232714233 -0.0035864785031642496 1.0084629864151846 1.0115014292880693 96.545001983642564
decision_type=2 2 2 2 2 2 2 2 2 2 2 2 2 2 2 2 2 2 2 2 2 2 2 2 2 2 2 2 2 2
left_child=5 2 3 10 13 16 -6 11 9 15 21 12 26 -5 -4 -9 18 -3 24 -20 -13 -2 -12 -16 -1 -10 -7 -19 -22 -27
right_child=1 17 14 4 6 7 -8 8 25 -11 22 20 -14 -15 23 -17 -18 27 19 -21 28 -23 -24 -25 -26 29 -28 -29 -30 -31
leaf_value=0.0016631946752313524 0.0014843894531592153 0.00013079580020554282 0.0010964232867016739 -0.00028845350056285347 5.4124323590128472e-06 0.00061631482240876985 -0.0011274146111247372 0 0.00094497426385483274 0.0011119328615470574 2.0252853321532401e-05 -0.00035457133749233825 -0.00017538515997252293 0.00058390335472712808 0.00028809465424122903 -0.00044998362319719447 0 0.0012830307294345018 -4.5920203745497051e-05 0.0010207208935515319 0.00071003197228464371 0.00033510811212049293 -0.00087265680386664597 -0.00040956134322058299 0.00056894102232004317 0 0.0016047056005407984 0.00039211250954706759 0 0.00052792312913452807
leaf_weight=65 25 45 45 123 62 20 465 189 65 38 26 34 20 73 76 200 21 37 21 65 25 32 22 33 22 20 64 20 22 22
leaf_count=65 25 45 45 123 62 20 465 189 65 38 26 34 20 73 76 200 21 37 21 65 25 32 22 33 22 20 64 20 22 22
internal_value=2.25986e-06 -0.000317756 -0.000423979 -0.000577159 -0.000710765 0.000385427 -0.000988701 0.000215543 5.52894e-05 -0.000104568 0.000312532 0.0006592 0.00108158 2.25412e-05 0.000378669 -0.000233643 0.000995331 0.000669962 0.00110468 0.000728245 7.37298e-05 0.000907805 -0.00033723 4.78018e-05 0.00143019 0.000716066 0.00141469 0.0010343 0.000446997 0.000278297
internal_weight=1997 1084 982 828 723 913 527 719 534 427 105 185 104 196 154 389 194 102 173 86 81 57 48 109 87 107 84 57 47 42
internal_count=1997 1084 982 828 723 913 527 719 534 427 105 185 104 196 154 389 194 102 173 86 81 57 48 109 87 107 84 57 47 42
is_linear=0
shrinkage=0.03


Tree=51
num_leaves=29
num_cat=0
split_feature=19 23 21 22 22 23 24 23 23 15 24 24 24 16 19 23 16 10 14 17 10 15 16 14 14 15 17 0
split_gain=0.25738 0.117919 0.103984 0.103646 0.154445 0.068266 0.0649104 0.0593305 0.0591367 0.11557 0.0662273 0.0535933 0.0350802 0.0339202 0.0288051 0.024433 0.0212267 0.0209841 0.0155901 0.0152497 0.0144273 0.0122025 0.0116637 0.012178 0.0116083 0.0115285 0.0037663 0.00128995
threshold=98.853950000000012 8.2272000000000016 1.8350000000000002 17.025000572204554 11.494999885559052 0.5375000000000002 50.150000000000013 2.1111000000000004 2.3367000000000004 0.012047586422569052 50.250000000000007 50.150000000000013 50.350000000000001 34.921578168352021 99.031550000000024 3.4936000000000003 48.539424921372444 1.0238073140186319 0.010416743504231151 0.0027728751532996002 0.99210782914236273 0.014696656923582551 45.232459798662525 0.0069234466509476506 0.022837640334674003 0.013111279974893452 0.0021733653409487506 0.0043139403864358014
decision_type=2 2 2 2 2 2 2 2 2 2 2 2 2 2 2 2 2 2 2 2 2 2 2 2 2 2 2 2
left_child=2 3 12 4 7 26 21 17 10 -10 -6 14 13 -1 -7 22 -13 -2 -15 25 -9 -3 -14 -24 -8 -4 -5 -21
right_child=1 6 19 5 8 11 24 20 9 -11 -12 16 15 18 -16 -17 -18 -19 -20 27 -22 -23 23 -25 -26 -27 -28 -29
leaf_value=0.0011016020314194835 0.001269986080651682 -0.0022939409329555925 0 -0.00041198132143148946 -0.00054305930473990197 -0.000266937634711212 -0.00063683033731766036 0.00027826237191471299 -0.0017374165695890006 -0.00029366585683350543 0.0003497017718759707 0.00032872034731003252 0.0018100663839528955 -0.00083264587502079933 0.00062538883528046572 0 -0.00028934019593604415 0.00026343316383228252 0.00016216199042408391 0 -0.0004679854561877876 -0.0010934475301897951 6.4188249076583539e-05 0.0010173896495346438 0.0002670163775661162 -0.00090296352251122375 -0.0012805685963143002 0.00029971372012680927
leaf_weight=25 61 31 20 26 325 31 24 36 97 115 92 73 26 21 296 22 143 40 30 21 52 34 20 240 20 35 21 20
leaf_count=25 61 31 20 26 325 31 24 36 97 115 92 73 26 21 296 22 143 40 30 21 52 34 20 240 20 35 21 20
internal_value=2.86302e-06 -0.000187248 0.00060907 -0.000110896 -0.000330665 0.00018877 -0.00113627 0.000410697 -0.000558488 -0.00097339 -0.000338553 0.000288343 0.000831277 0.000199357 0.000531093 0.000976347 -6.60815e-05 0.000907254 -0.000197907 -0.000248238 -0.000129298 -0.00173753 0.00105021 0.000956088 -0.00016252 -0.000582124 -0.000881167 0.000131425
internal_weight=1997 1517 480 1408 818 590 109 189 629 212 417 543 384 76 327 308 216 101 51 96 88 65 286 260 44 55 47 41
internal_count=1997 1517 480 1408 818 590 109 189 629 212 417 543 384 76 327 308 216 101 51 96 88 65 286 260 44 55 47 41
is_linear=0
shrinkage=0.03


Tree=52
num_leaves=30
num_cat=0
split_feature=19 11 21 19 21 22 19 21 24 21 15 24 16 11 21 11 14 19 19 21 10 21 11 21 16 15 8 14 15
split_gain=0.243415 0.0958906 0.0889685 0.0878787 0.0792925 0.0812685 0.0842441 0.0732478 0.0638395 0.0592587 0.0386185 0.0344308 0.032488 0.0319068 0.0295681 0.0230112 0.0169248 0.0136498 0.0130733 0.0173158 0.0125477 0.0113097 0.00855238 0.00619063 0.00588018 0.00350377 0.00198999 0.00149042 0.00117285
threshold=98.882750000000016 1.0266135469813402 1.8650000000000004 101.02925 3.6750000000000003 11.074999809265101 103.38335000000002 1.9150000000000003 50.350000000000001 2.1750000000000003 0.010771837485869752 50.150000000000013 34.921578168352021 1.0223797887109078 3.0450000000000004 1.0061309726379015 0.010416743504231151 100.42605000000002 98.488550000000018 0.69500000000000006 1.0540779320109823 2.6150000000000007 1.0371049586056047 2.2850000000000006 48.295587349241337 0.010943648895955052 1.0058706735741552 0.018219324912827104 0.018889189022935352
decision_type=2 2 2 2 2 2 2 2 2 2 2 2 2 2 2 2 2 2 2 2 2 2 2 2 2 2 2 2 2
left_child=2 4 8 9 5 15 7 -7 12 27 11 26 -1 28 -8 -2 -14 23 19 -15 22 -12 -4 -11 -18 -17 -5 -3 -10
right_child=1 3 20 10 -6 6 14 -9 13 17 21 -13 16 18 -16 25 24 -19 -20 -21 -22 -23 -24 -25 -26 -27 -28 -29 -30
leaf_value=0.00094779793124501438 0.001127754875594242 -0.00092461334049585267 -0.00010037048870830663 -0.0013211003898829219 0.001231995792829477 9.2660910884546064e-05 0.00089568995319020284 -0.00048371273660346948 0.0014982121427860725 0.0008815453195890698 -0.00097196962548803305 -0.0025292981339734978 -0.000851199341006577 0.00034179208259304096 -3.3354371328771645e-05 0.00039322080082175408 0.00035531100052438915 -0.0001832565119373612 9.1715230355755628e-05 0.0010391964761469262 0.00023636277911386316 -5.6440021179241732e-05 -0.00092580274507636203 0.00018261923951521408 -0.00023553363016309538 -7.9005213387842681e-05 -0.00046845954130615366 -0.00028817538576285265 0.0006908901775521892
leaf_weight=28 54 65 34 24 40 285 77 596 90 25 33 31 25 67 41 21 30 39 38 117 20 31 29 50 25 20 21 21 20
leaf_count=28 54 65 34 24 40 285 77 596 90 25 33 31 25 67 41 21 30 39 38 117 20 31 29 50 25 20 21 21 20
internal_value=2.67504e-06 -0.000193131 0.000559565 -0.000635147 -5.75176e-05 -0.000108488 -0.000190813 -0.000293963 0.000731373 -0.000211248 -0.00121365 -0.00169183 6.64745e-05 0.000937808 0.000550109 0.00071894 -0.000212845 0.000216552 0.000697058 0.000804687 -0.000313374 -0.000582355 -0.000535735 0.000463602 3.37637e-05 9.50416e-05 -0.00100725 -0.000808786 0.001386
internal_weight=1997 1474 523 340 1134 1094 999 881 440 200 140 76 108 332 118 95 80 114 222 184 83 64 63 75 55 41 45 86 110
internal_count=1997 1474 523 340 1134 1094 999 881 440 200 140 76 108 332 118 95 80 114 222 184 83 64 63 75 55 41 45 86 110
is_linear=0
shrinkage=0.03


Tree=53
num_leaves=31
num_cat=0
split_feature=19 11 23 24 23 24 23 22 24 23 11 20 11 20 23 14 14 22 24 16 11 18 24 11 11 19 11 19 24 12
split_gain=0.232006 0.113495 0.0945358 0.16446 0.0902138 0.0767969 0.0728275 0.0538334 0.0768441 0.0765463 0.0491672 0.0422551 0.036647 0.0352412 0.0571004 0.0678957 0.0347631 0.0298277 0.0273658 0.0192966 0.0122986 0.0119041 0.0114674 0.0107092 0.010516 0.0172237 0.00741521 0.00566093 0.00459719 0.00398908
threshold=100.18585 1.0266135469813402 2.1743500000000004 50.350000000000001 8.2272000000000016 50.150000000000013 0.23350000000000001 17.025000572204554 50.150000000000013 2.3367000000000004 1.0207454716025544 90.935001373290959 1.0061309726379015 102.95499801635701 2.2915000000000005 0.010565152147633603 0.01026748809021045 16.105000495910605 50.050000000000004 38.680406913226911 0.93311887835353224 1.1576781990439982 51.650000000000013 0.94600152704397034 1.0757743070355275 95.784900000000007 1.0039417076374013 98.870050000000006 50.250000000000007 1.0133859032328412
decision_type=2 2 2 2 2 2 2 2 2 2 2 2 2 2 2 2 2 2 2 2 2 2 2 2 2 2 2 2 2 2
left_child=2 4 3 10 6 23 20 9 -9 -8 16 -4 -5 14 21 -16 19 22 -18 -1 -2 -3 -13 -6 25 -14 -24 -26 -19 -30
right_child=1 13 11 12 5 -7 7 8 -10 -11 -12 17 24 -15 15 -17 18 28 -20 -21 -22 -23 26 -25 27 -27 -28 -29 29 -31
leaf_value=7.986785962174717e-05 -5.4657984539517189e-05 -0.00065586323710874867 -0.0010710108530275256 0.0015131904556876406 -0.00091874799194920336 0.00017562000885040365 0.00012148151579467124 0.0007342493776750416 -0.00018441297647576207 -0.00075856591732877154 -0.0007942513392736742 -0.00065206692543346421 0.001595809339856108 0.00010552877697971944 -0.0025081154751309819 -0.00077772201945065583 0.00074332679394865399 2.1803556652942102e-05 -0.0001864485067914107 -0.00096225464806474494 -0.0010915096627920448 3.7368634816907014e-05 0.00031511208567977077 -0.0021129988021052937 0.00061799105283959449 0.00073225583770814505 -0.00032022432983865506 6.083527202779231e-05 0.00058430940501774382 0
leaf_weight=25 20 64 34 88 27 27 252 191 135 133 60 49 35 21 42 55 92 45 34 28 62 22 28 33 80 153 36 37 69 20
leaf_count=25 20 64 34 88 27 27 252 191 135 133 60 49 35 21 42 55 92 45 34 28 62 22 28 33 80 153 36 37 69 20
internal_value=2.55807e-06 -0.000292563 0.000356173 0.000560166 -0.000140272 -0.00105284 -3.51766e-05 5.89645e-05 0.000345247 -0.00017594 -4.86436e-05 -9.23506e-05 0.000937207 -0.000930982 -0.00106616 -0.00157552 0.000187638 3.40424e-05 0.00046932 -0.000422756 -0.000878469 -0.000445651 -0.000309767 -0.00164864 0.000756816 0.00091649 0 0.000469229 0.00034634 0.000475033
internal_weight=1997 1084 913 632 880 87 793 711 326 385 239 281 393 204 183 97 179 247 126 53 82 86 113 60 305 188 64 117 134 89
internal_count=1997 1084 913 632 880 87 793 711 326 385 239 281 393 204 183 97 179 247 126 53 82 86 113 60 305 188 64 117 134 89
is_linear=0
shrinkage=0.03


Tree=54
num_leaves=31
num_cat=0
split_feature=19 20 19 22 21 22 15 20 19 19 21 19 24 20 21 20 17 15 24 24 21 22 21 20 20 20 20 15 21 19
split_gain=0.218917 0.106826 0.115838 0.0962747 0.140648 0.0790313 0.075519 0.074241 0.0624018 0.0498739 0.0383826 0.0357027 0.0326081 0.0378925 0.0318001 0.0203244 0.0170603 0.0158584 0.0214989 0.0149017 0.014875 0.0117692 0.0107519 0.00899912 0.00652289 0.00535859 0.00464698 0.00361621 0.00308138 0.00304027
threshold=100.18585 105.79500198364201 103.34875000000001 11.704999923706001 1.8050000000000004 19.964999198913503 0.010577451016276001 90.674999237060518 100.07525000000003 98.882750000000016 2.3850000000000002 101.40940000000002 51.150000000000013 98.215000152587862 2.9450000000000007 90.935001373290959 0.006508922795071901 0.011806141958081601 51.050000000000004 50.150000000000013 2.0950000000000002 10.5349998474121 3.4000000000000008 96.444999694824162 95.084999084472614 90.334999084472614 96.57500076293941 0.0094348250416137012 3.0850000000000004 99.62660000000001
decision_type=2 2 2 2 2 2 2 2 2 2 2 2 2 2 2 2 2 2 2 2 2 2 2 2 2 2 2 2 2 2
left_child=5 2 3 10 11 6 9 -6 15 -1 23 -5 13 17 24 -8 22 27 -19 -17 -15 -11 -3 -2 -4 -14 28 -7 -16 -23
right_child=1 16 14 4 7 12 8 -9 -10 21 -12 -13 25 20 26 19 -18 18 -20 -21 -22 29 -24 -25 -26 -27 -28 -29 -30 -31
leaf_value=0.0012586375964165199 0.00040829976201750974 0.00023233203916538513 9.1407109584127147e-05 -0.00027266262950897431 2.4972384678957969e-05 -0.00058902390314532181 -0.0010446721538254575 -0.0010337224044934127 0.0010393875111384611 0.00069793907121294815 -0.00038770734595600516 0.0005576808629714808 0.00038134485103189945 0.0013257065142388454 0 -0.00044427235746616545 -2.6253732054361267e-05 0.00059917199153860558 -0.00036892687127692626 -1.9780028301933525e-06 0.00029617145842113983 -0.00034631659856273068 0.0011048124206790117 0.0013545959650405816 0.00091914629957318529 0.0011419545042633545 0.00024349218272670572 0 -0.00050204572123493561 3.7186508584353653e-05
leaf_weight=71 46 31 20 123 62 20 26 465 37 21 39 73 24 47 28 108 20 79 23 223 30 26 51 20 63 124 20 28 23 26
leaf_count=71 46 31 20 123 62 20 26 465 37 21 39 73 24 47 28 108 20 79 23 223 30 26 51 20 63 124 20 28 23 26
internal_value=2.37984e-06 -0.000284253 -0.000382247 -0.000524192 -0.000648734 0.000345919 0.000105848 -0.000903677 -0.00010273 0.000694 0.000303097 2.26305e-05 0.000681165 0.000429123 0.000360042 -0.000232053 0.000624598 0.000125992 0.000350287 -0.000156231 0.00097199 9.47047e-05 0.00081789 0.00075577 0.000758868 0.00104213 -6.859e-05 -0.000286832 -0.000250996 -0.000100878
internal_weight=1997 1084 982 828 723 913 538 527 394 144 105 196 375 227 154 357 102 150 102 331 77 73 82 66 83 148 71 48 51 52
internal_count=1997 1084 982 828 723 913 538 527 394 144 105 196 375 227 154 357 102 150 102 331 77 73 82 66 83 148 71 48 51 52
is_linear=0
shrinkage=0.03


Tree=55
num_leaves=31
num_cat=0
split_feature=19 11 23 23 19 23 15 23 23 22 11 20 17 15 11 20 22 11 14 23 15 11 22 13 15 11 11 14 13 8
split_gain=0.205855 0.104203 0.0857415 0.0852524 0.0954376 0.0820381 0.0762965 0.0645364 0.051524 0.0680176 0.0514968 0.0377072 0.0349313 0.0549244 0.0311817 0.0297651 0.0275491 0.0263513 0.0228638 0.0203598 0.0192259 0.0150657 0.0142408 0.0125119 0.0119202 0.00891373 0.00790489 0.00573907 0.00572542 0.00502897
threshold=100.18585 1.0266135469813402 2.1743500000000004 1.1741500000000002 93.309500000000014 8.2272000000000016 0.017828745136757352 0.23350000000000001 1.7358000000000002 20.220000267028755 0.96145377694712131 90.935001373290959 0.0026076786423702004 0.0094348250416137012 1.0043173163528027 95.584999084472614 16.105000495910605 1.0458953164773441 0.0093309676617193017 1.0669000000000002 0.0088547510741693505 0.99996202838761694 21.604999542236303 0.97073949965388195 0.013073707703223402 1.0338176459014492 0.94600152704397034 0.011503639882450952 1.0193203383801654 1.0009403023051002
decision_type=2 2 2 2 2 2 2 2 2 2 2 2 2 2 2 2 2 2 2 2 2 2 2 2 2 2 2 2 2 2
left_child=2 5 3 4 -1 7 26 23 10 -10 -9 -4 13 -3 19 27 24 -17 21 -6 -20 -5 -16 -2 -13 -22 -7 -14 -15 -18
right_child=1 12 11 18 14 6 -8 8 9 -11 -12 16 15 28 22 17 29 -19 20 -21 25 -23 -24 -25 -26 -27 -28 -29 -30 -31
leaf_value=0.0011386827328030698 -0.00014685795295372374 -0.0024936840971610669 -0.0010152825204389436 0.0019347436331212521 0.00049763063513870594 -0.00091237323967340803 0.00022616312333515712 -0.00028109397635216735 -0.00026291841319719885 0.00044371828500406143 0.0010157247204968538 -2.3115387891278892e-05 -0.0015594576520047015 -0.00098134318807029282 -0.00075879616945981972 0.0006663655158974087 0.00049862588603986967 -0.00054015558427532339 -0.00011993170695911558 -0.00028007036135386447 0.00098847187719626451 0.00093192425302284594 0 -0.001092766851073455 -0.00070889481300088976 0.00049665319608872718 -0.0020213736661655059 -0.00061015961088894597 -0.00011834537565508592 5.7534726208541539e-05
leaf_weight=65 27 28 34 29 70 27 27 35 418 171 87 72 20 34 74 25 75 41 20 47 94 84 29 55 41 120 33 36 20 59
leaf_count=65 27 28 34 29 70 27 27 35 418 171 87 72 20 34 74 25 75 41 20 47 94 84 29 55 41 120 33 36 20 59
internal_value=2.63891e-06 -0.000275264 0.000335814 0.000530145 0.000132324 -0.000129201 -0.000999325 -2.88235e-05 5.95802e-05 -5.22767e-05 0.000620036 -9.09512e-05 -0.000886998 -0.00138734 -0.000155241 -0.000517769 2.77687e-05 -3.52393e-05 0.000846946 0.000160071 0.000644601 0.00123031 -0.000540354 -0.000822975 -0.00030229 0.000730232 -0.00159464 -0.00102324 -0.000724223 0.000328501
internal_weight=1997 1084 913 632 285 880 87 793 711 589 122 281 204 82 220 122 247 66 347 117 234 113 103 82 113 214 60 56 54 134
internal_count=1997 1084 913 632 285 880 87 793 711 589 122 281 204 82 220 122 247 66 347 117 234 113 103 82 113 214 60 56 54 134
is_linear=0
shrinkage=0.03


Tree=56
num_leaves=31
num_cat=0
split_feature=19 23 22 22 24 24 23 23 15 23 23 10 11 19 24 19 23 10 24 11 22 15 14 15 10 14 12 14 17 10
split_gain=0.1955 0.0925202 0.0828997 0.125609 0.0544212 0.0541196 0.0774037 0.0537464 0.0512209 0.111731 0.0472415 0.0437199 0.0432657 0.0258245 0.019117 0.0178141 0.017375 0.0162858 0.0153456 0.0138584 0.0137599 0.0148113 0.0131849 0.011626 0.0107042 0.0106423 0.00955671 0.00676794 0.00363383 0.00184213
threshold=98.853950000000012 8.2272000000000016 17.025000572204554 11.494999885559052 50.150000000000013 50.350000000000001 2.5012000000000003 0.5375000000000002 0.010727322018158953 2.5551000000000008 2.1111000000000004 0.99390953637647561 1.0080692805849087 103.34875000000001 49.95000000000001 98.805550000000011 1.5337500000000002 1.0238073140186319 50.250000000000007 0.99972075372451075 18.865000724792452 0.015822835346100753 0.011208780793395301 0.014696656923582551 0.95599319727184973 0.0078838040044575033 1.0003468438332226 0.017509858392060502 0.0021733653409487506 1.0210458795617472
decision_type=2 2 2 2 2 2 2 2 2 2 2 2 2 2 2 2 2 2 2 2 2 2 2 2 2 2 2 2 2 2
left_child=5 2 3 10 23 11 16 28 9 -5 17 15 14 -10 -9 24 25 -2 -14 -12 21 29 -18 -3 -1 -7 -6 -27 -4 -8
right_child=1 4 7 8 26 6 20 12 13 -11 19 -13 18 -15 -16 -17 22 -19 -20 -21 -22 -23 -24 -25 -26 27 -28 -29 -30 -31
leaf_value=0.00057917748317829268 0.0011409591837680988 -0.0020837828245712444 -0.00032808094062945911 -0.00048325979838475841 0.00020506907964125274 0 0.00018676454901695249 0.00077619180644504981 -0.00037775122501495346 -0.0020443991738540879 0.0003639826956054857 -0.00078877991820495053 0.00016162054060030068 0.00025206860626436102 0.00026941780847817854 0.0011297025128521702 0.0016126948035588219 0.00023852156898682576 -0.0003388849998842524 -0.00039714832274268886 0.00054355851902990887 -0.00095373679098806211 0.00049746457673609256 -0.00093939533717930313 -0.00031045846108140217 0.00092611411136318128 -0.00062043751137597222 0.00027621943333788832 -0.0011520809167149392 -0.00018900400892281056
leaf_weight=20 61 31 26 208 24 21 24 128 301 54 30 43 113 66 202 21 62 40 100 58 22 20 23 34 26 144 20 33 21 21
leaf_count=20 61 31 26 208 24 21 24 128 301 54 30 43 113 66 202 21 62 40 100 58 22 20 23 34 26 144 20 33 21 21
internal_value=2.1796e-06 -0.000163316 -9.5423e-05 -0.000292143 -0.0010042 0.000530703 0.000704422 0.000172274 -0.000497834 -0.000822978 0.000375635 -2.76803e-05 0.000261062 -0.000255957 0.000476799 0.000421085 0.000944917 0.000818812 -5.98254e-05 -0.00010279 -4.56318e-05 -0.000295719 0.0013551 -0.00155394 1.66032e-05 0.000747826 -0.000108944 0.000824034 -0.000775083 0
internal_weight=1997 1517 1408 818 109 480 370 590 629 262 189 110 543 367 330 67 283 101 213 88 87 65 85 65 46 198 44 177 47 45
internal_count=1997 1517 1408 818 109 480 370 590 629 262 189 110 543 367 330 67 283 101 213 88 87 65 85 65 46 198 44 177 47 45
is_linear=0
shrinkage=0.03


Tree=57
num_leaves=31
num_cat=0
split_feature=19 20 23 19 24 23 24 23 14 15 11 24 11 20 11 22 21 22 15 21 21 21 24 11 21 0 15 23 8 21
split_gain=0.185234 0.105226 0.200625 0.0971243 0.0968067 0.1799 0.072346 0.0645176 0.0544847 0.0516971 0.0507245 0.0395897 0.0375726 0.0354699 0.0322106 0.0281002 0.0277899 0.0273432 0.0258613 0.0246371 0.0209783 0.0158364 0.0145985 0.0134565 0.0113701 0.00748624 0.00720557 0.00714895 0.00661883 0.00584925
threshold=100.66365 105.79500198364201 2.3367000000000004 103.34875000000001 50.250000000000007 2.0358000000000005 49.350000000000001 0.5375000000000002 0.017972747409207856 0.012708640343044203 1.0100015491701997 49.95000000000001 0.99713327648070293 90.935001373290959 1.0196229291052232 21.114999771118153 1.8950000000000002 16.595000267028755 0.010892348428538352 1.9150000000000003 1.8750000000000002 3.9450000000000007 51.650000000000013 0.9537714542914898 0.69500000000000006 0.0075225162899181007 0.011737278778688952 1.1259500000000002 1.0047631429385413 2.9250000000000003
decision_type=2 2 2 2 2 2 2 2 2 2 2 2 2 2 2 2 2 2 2 2 2 2 2 2 2 2 2 2 2 2
left_child=4 2 6 9 7 14 20 23 16 12 11 25 -4 -7 -6 27 -8 22 -13 -11 -2 28 -15 -1 26 -9 -16 -12 -3 -5
right_child=1 21 3 29 5 13 8 10 -10 19 15 18 -14 17 24 -17 -18 -19 -20 -21 -22 -23 -24 -25 -26 -27 -28 -29 -30 -31
leaf_value=-0.00031152504214551299 -6.8541211722832524e-06 0.00055489619063213468 -0.0010833130537066609 0.00028553799961264303 0.00131117011016985 -0.00097491735337701217 0.00079238981865546515 0.0010717171894894057 -0.00095451741092480145 0 -0.00085847068531438701 -0.00088097073170153987 -0.0023127105156963809 -0.00054799160453330835 0 0.00042186039186910626 9.249738190146399e-05 0.00044080051610764759 0.00024151562115472307 -0.0010353690994819229 -0.001150618788465136 0.0013582891026797535 1.7967468075286805e-05 -0.0013686566078229933 0.00080860114395727583 0.00018746411250057546 0.00055366046356691704 -0.00022044350127689542 0 -0.00026434143577745614
leaf_weight=29 26 49 60 31 134 34 63 60 38 29 58 22 63 63 31 26 333 96 92 93 60 21 88 36 192 21 36 44 32 37
leaf_count=29 26 49 60 31 134 34 63 60 38 29 58 22 63 63 31 26 333 96 92 93 60 21 88 36 192 21 36 44 32 37
internal_value=2.16363e-06 -0.000304074 -0.000417645 -0.00101696 0.000274635 0.000492451 -4.98885e-05 -9.63187e-05 0.000102025 -0.00129438 6.95003e-05 0.00038111 -0.00175077 -7.74355e-05 0.000906704 -0.000381236 0.000213116 3.74407e-05 0 -0.000799357 -0.000843366 0.000589345 -0.000200476 -0.000954334 0.000681667 0.000884134 0.000267256 -0.000617182 0.00033927 0
internal_weight=1997 935 833 313 1062 674 520 388 434 245 323 195 123 281 393 128 396 247 114 122 86 102 151 65 259 81 67 102 81 68
internal_count=1997 935 833 313 1062 674 520 388 434 245 323 195 123 281 393 128 396 247 114 122 86 102 151 65 259 81 67 102 81 68
is_linear=0
shrinkage=0.03


Tree=58
num_leaves=27
num_cat=0
split_feature=19 21 11 19 21 22 19 21 21 15 20 21 21 21 20 11 11 17 15 20 10 11 21 11 22 11
split_gain=0.174723 0.0716701 0.0689036 0.072666 0.0617468 0.0604413 0.0670831 0.0587237 0.0380294 0.0297936 0.025542 0.0232945 0.0230715 0.0220756 0.0181637 0.0356806 0.0177539 0.0163638 0.0150838 0.0105119 0.00932452 0.00723133 0.00694612 0.00571973 0.00422778 0.00085102
threshold=98.853950000000012 1.8650000000000004 1.0250405128133087 101.02925 3.6750000000000003 11.074999809265101 103.38335000000002 1.9150000000000003 2.1750000000000003 0.010771837485869752 97.655002593994126 3.0450000000000004 1.7250000000000003 1.3350000000000002 96.145000457763658 1.005078458098694 1.0061309726379015 0.0063601663640376503 0.011312786907566052 97.395000457763658 1.0540779320109823 1.0371049586056047 2.6150000000000007 1.084062140758707 14.355000019073453 0.94315480918116112
decision_type=2 2 2 2 2 2 2 2 2 2 2 2 2 2 2 2 2 2 2 2 2 2 2 2 2 2
left_child=1 10 4 8 5 16 7 -7 13 19 12 -8 14 -4 15 -1 -2 23 -16 -5 21 -3 -11 -10 -14 -12
right_child=2 20 3 9 -6 6 11 -9 17 22 25 -13 24 -15 18 -17 -18 -19 -20 -21 -22 -23 -24 -25 -26 -27
leaf_value=0.0015678147289084356 0.00099627602653662591 -6.144553277907626e-05 0.00019280767721250989 -0.0017433075713407661 0.0011166365585639141 8.8785505013848297e-05 0.0008182794775706357 -0.00041558619357984059 0.00050448731182136958 -0.00078520063745478785 0.00059754197321176025 -2.1676949435481531e-06 -0.00037956130288408277 -0.00078250768704773771 -0.00051794698990748403 0.00053947707391658023 5.7134960867607816e-05 -0.000502772931076054 0.00061496200785040862 -0.00068943444895558067 0.00018757706720914157 -0.00082158000543713569 -5.3216267636426808e-05 0 0.00015858859448663647 0.0013593022487974457
leaf_weight=42 54 34 21 53 39 306 77 592 75 35 21 40 20 87 20 189 38 20 20 26 20 29 32 22 30 55
leaf_count=42 54 34 21 53 39 306 77 592 75 35 21 40 20 87 20 189 38 20 20 26 20 29 32 22 30 55
internal_value=1.9476e-06 0.000501679 -0.000154424 -0.000509829 -3.64077e-05 -8.07086e-05 -0.000150048 -0.000240473 -0.000154335 -0.00103249 0.000671272 0.00051472 0.000533849 -0.000565311 0.000643213 0.000745331 0.000645413 0.000201179 0 -0.00144692 -0.000272129 -0.000465594 -0.000485638 0.000380585 -1.06943e-06 0.00119827
internal_weight=1997 480 1517 371 1146 1107 1015 898 225 146 397 117 321 108 271 231 92 117 40 79 83 63 67 97 50 76
internal_count=1997 480 1517 371 1146 1107 1015 898 225 146 397 117 321 108 271 231 92 117 40 79 83 63 67 97 50 76
is_linear=0
shrinkage=0.03


Tree=59
num_leaves=31
num_cat=0
split_feature=19 16 24 23 23 21 23 19 21 23 14 23 13 19 24 16 24 17 23 24 21 17 14 19 16 24 8 23 21 23
split_gain=0.167167 0.090801 0.0873821 0.162624 0.0630312 0.0777324 0.0594255 0.0506141 0.0514679 0.0611899 0.0475632 0.0410109 0.0345728 0.0414312 0.0316073 0.0289651 0.0211525 0.0256708 0.0151156 0.0231389 0.018524 0.0165215 0.0148565 0.0144862 0.0139865 0.0117711 0.011538 0.0111553 0.0107699 0.0114771
threshold=100.66365 50.394298201548047 50.250000000000007 2.0358000000000005 2.2220500000000007 3.0450000000000004 0.5375000000000002 103.38335000000002 3.5000000000000004 2.3367000000000004 0.010416743504231151 2.8322500000000006 0.99115854588262298 99.031550000000024 50.250000000000007 53.591975146061458 49.250000000000007 0.0062166820753429509 7.148600000000001 51.650000000000013 1.3050000000000004 -0.00027154266080854997 0.016780625945319105 102.39720000000001 63.052852240286249 50.050000000000004 1.006330371631907 2.4815000000000005 0.69500000000000006 0.94425000000000014
decision_type=2 2 2 2 2 2 2 2 2 2 2 2 2 2 2 2 2 2 2 2 2 2 2 2 2 2 2 2 2 2
left_child=2 7 6 15 16 10 -1 8 9 14 -6 -11 25 -14 -2 22 -3 -18 19 20 -5 -21 -4 -7 -15 -8 -12 -9 29 -17
right_child=1 4 3 18 5 23 12 27 -10 11 26 -13 13 24 -16 28 17 -19 -20 21 -22 -23 -24 -25 -26 -27 -28 -29 -30 -31
leaf_value=-0.00091488554226022885 -0.00012628787374466667 -0.00093862745453688213 0.0014664895521207272 0.0002219921552762389 -0.0021902319167056701 0.00052644682710058992 0.00075919364751299225 0.00094852805064059775 0.00095175648797714307 -0.0012755078237503767 -0.001300001229867339 -0.00029863321516836546 -0.00058311324497089319 0.00042082106640445994 0.00066290144993519005 0.00082610869061733989 3.921850889285915e-05 -0.001067640501141016 0.00064058086887487902 0.00038549845513521821 -0.00061567132016270465 -0.00029443543504748958 0.00031851252121850847 -0.00046709461463615299 -0.00037284802319481971 4.4318685098551205e-05 -0.00049987824467502323 8.4318664491987748e-05 0.000779586059283449 0
leaf_weight=65 170 32 94 24 47 24 66 49 33 64 49 127 103 89 60 20 150 20 22 83 105 47 20 27 21 44 53 30 215 44
leaf_count=65 170 32 94 24 47 24 66 49 33 64 49 127 103 89 60 20 150 20 22 83 105 47 20 27 21 44 53 30 215 44
internal_value=1.94925e-06 -0.000288896 0.000260867 0.000467846 -0.00062907 -0.00101016 -9.12459e-05 -2.60137e-05 -0.000153696 -0.000249505 -0.00135416 -0.000646526 6.75549e-05 -0.000144731 6.85791e-05 0.000861738 -0.000233858 -7.89383e-05 -7.35072e-05 -0.000147932 -0.000436241 0.000116404 0.0012957 0 0.000240281 0.000503246 -0.000922267 0.000663004 0.000669713 0.000248138
internal_weight=1997 935 1062 674 402 200 388 533 454 421 149 191 323 213 230 393 202 170 281 259 129 130 114 51 110 110 102 79 279 64
internal_count=1997 935 1062 674 402 200 388 533 454 421 149 191 323 213 230 393 202 170 281 259 129 130 114 51 110 110 102 79 279 64
is_linear=0
shrinkage=0.03


Tree=60
num_leaves=31
num_cat=0
split_feature=19 20 23 19 24 23 24 23 14 11 19 24 20 11 22 11 22 15 14 10 11 24 17 23 14 0 23 15 11 14
split_gain=0.157726 0.094028 0.182882 0.0883429 0.0824091 0.153166 0.0623143 0.0559826 0.0492281 0.0453055 0.0413551 0.0360577 0.0316967 0.0273048 0.0246714 0.0246673 0.0241958 0.0241203 0.0201991 0.0141457 0.0127871 0.012575 0.0122934 0.0116096 0.00934714 0.00663012 0.00630265 0.00602376 0.00581536 0.00532906
threshold=100.66365 105.24499893188452 2.3367000000000004 103.34875000000001 50.250000000000007 2.0358000000000005 49.350000000000001 0.5375000000000002 0.017972747409207856 1.0100015491701997 101.02925 49.95000000000001 90.935001373290959 1.0061309726379015 21.114999771118153 1.0458953164773441 16.595000267028755 0.010892348428538352 0.015593897377690803 0.99210782914236273 0.9537714542914898 51.650000000000013 0.0071350927115626508 8.064700000000002 0.0081880033958777014 0.0075225162899181007 1.0669000000000002 0.014735173417996801 1.0384074431001078 0.0069234466509476506
decision_type=2 2 2 2 2 2 2 2 2 2 2 2 2 2 2 2 2 2 2 2 2 2 2 2 2 2 2 2 2 2
left_child=4 2 6 10 7 13 24 20 15 11 19 25 -7 -6 26 -8 21 -13 -12 -4 -1 -14 23 -3 -2 -9 -11 29 -29 -15
right_child=1 22 3 -5 5 12 8 9 -10 14 18 17 16 27 -16 -17 -18 -19 -20 -21 -22 -23 -24 -25 -26 -27 -28 28 -30 -31
leaf_value=-0.00026390712787397206 -0.0014344762728516276 0.0011356688513371503 0 0 0.0013121345190477761 -0.00091943714849684107 0.00026862036067123356 0.0010180847149573221 -0.00090320079039352434 -0.00083601950293005851 -0.0016119198546064302 -0.00085439639117406764 -0.00050826340322646492 0.00019487210641044281 0.00038830900415066732 -0.00073625561158934775 0.00041724328560029756 0.0002299707739898182 -0.00042851434100884948 -0.00090932832229266157 -0.001288681219759825 1.4826326277839497e-05 0 0.00029772480064527878 -0.00051496460342214181 0.00017332033446820622 -0.00023504950323753295 0.00059879908467909057 0 0.00079103413959351852
leaf_weight=29 20 37 30 68 96 34 375 60 38 53 155 22 63 30 26 21 96 92 23 33 36 88 21 48 66 21 49 20 24 223
leaf_count=29 20 37 30 68 96 34 375 60 38 53 155 22 63 30 26 21 96 92 23 33 36 88 21 48 66 21 49 20 24 223
internal_value=1.88945e-06 -0.00028058 -0.000390352 -0.000967562 0.000253432 0.000454455 -4.03989e-05 -8.83271e-05 0.000100181 6.55531e-05 -0.00123604 0.000360471 -7.06277e-05 0.000836737 -0.000359792 0.000206054 3.7352e-05 0 -0.00147902 -0.000490261 -0.000887855 -0.000185588 0.000545507 0.000706325 -0.000777318 0.000840442 -0.000581529 0.000669118 0.000225878 0.0007332
internal_weight=1997 935 829 309 1062 674 520 388 434 323 241 195 281 393 128 396 247 114 178 63 65 151 106 85 86 81 102 297 44 253
internal_count=1997 935 829 309 1062 674 520 388 434 323 241 195 281 393 128 396 247 114 178 63 65 151 106 85 86 81 102 297 44 253
is_linear=0
shrinkage=0.03


Tree=61
num_leaves=31
num_cat=0
split_feature=19 20 23 19 24 23 24 23 11 19 21 21 24 20 16 22 22 15 21 23 21 19 21 10 11 21 23 9 0 23
split_gain=0.148787 0.0887957 0.172169 0.0832337 0.0777353 0.144369 0.0588084 0.0529257 0.0427275 0.0386842 0.0368945 0.0577517 0.0340715 0.0298871 0.0259577 0.0233604 0.0227472 0.0227455 0.0180477 0.0175529 0.0169221 0.0142508 0.0134774 0.0124496 0.0118816 0.0100128 0.0106151 0.0061401 0.00607926 0.00587643
threshold=100.66365 105.24499893188452 2.3367000000000004 103.34875000000001 50.250000000000007 2.0358000000000005 49.350000000000001 0.5375000000000002 1.0100015491701997 101.02925 1.8950000000000002 2.6550000000000007 49.95000000000001 90.935001373290959 53.591975146061458 21.114999771118153 16.595000267028755 0.010892348428538352 1.8750000000000002 8.555200000000001 1.9150000000000003 102.53825000000002 3.9450000000000007 0.99064321301670166 0.9537714542914898 0.69500000000000006 0.94425000000000014 1.0125630909029244 0.0075225162899181007 1.1259500000000002
decision_type=2 2 2 2 2 2 2 2 2 2 2 2 2 2 2 2 2 2 2 2 2 2 2 2 2 2 2 2 2 2
left_child=4 2 6 9 7 14 18 24 12 20 21 -12 28 -7 -6 29 23 -14 -2 -11 -4 -8 27 -15 -1 26 -16 -3 -9 -10
right_child=1 22 3 -5 5 13 10 8 15 19 11 -13 17 16 25 -17 -18 -19 -20 -21 -22 -23 -24 -25 -26 -27 -28 -29 -30 -31
leaf_value=-0.00025625382163561882 0 0.0004676190225272289 5.254369630064395e-06 0 0.0012244735244745085 -0.00089264212144272656 0.0010789485660565713 0.00098804287213381738 -0.0007861487166117481 -0.0015609536098961073 -0.00031390739599696264 0.00045222761607919887 -0.0008298789265606066 0.00011769323750326532 0.00077976024523377426 0.00037709118947774797 0.00040485502721936221 0.00022314583844385081 -0.0010396069324113519 -0.00043516572460066528 -0.00088469275786797201 0 0.0012454075272279707 -0.00040725137408741786 -0.0012510656766291405 0.00073517717685697595 0 0 0.00016835706321183927 -0.0001964435644564219
leaf_weight=29 26 61 26 68 114 34 42 60 58 155 228 143 22 60 20 26 96 92 60 23 37 21 21 91 36 215 44 24 21 44
leaf_count=29 26 61 26 68 114 34 42 60 58 155 228 143 22 60 20 26 96 92 60 23 37 21 21 91 36 215 44 24 21 44
internal_value=1.58243e-06 -0.000272723 -0.000379457 -0.000939526 0.000245937 0.000441199 -3.97236e-05 -8.58059e-05 6.35758e-05 -0.00120012 9.66674e-05 -1.01183e-05 0.000350203 -6.82957e-05 0.000812357 -0.000349157 3.62222e-05 0 -0.000755705 -0.00143549 -0.000476195 0.000762724 0.000529719 -0.000179525 -0.000863289 0.000629479 0.000222398 0.000305593 0.000816762 -0.000565269
internal_weight=1997 935 829 309 1062 674 520 388 323 241 434 371 195 281 393 128 247 114 86 178 63 63 106 151 65 279 64 85 81 102
internal_count=1997 935 829 309 1062 674 520 388 323 241 434 371 195 281 393 128 247 114 86 178 63 63 106 151 65 279 64 85 81 102
is_linear=0
shrinkage=0.03


Tree=62
num_leaves=31
num_cat=0
split_feature=23 24 15 20 23 20 21 21 23 21 24 10 16 21 15 24 16 21 16 20 21 7 14 14 9 16 15 21 14 14
split_gain=0.137593 0.209645 0.0994089 0.0694799 0.0902537 0.0609487 0.0620987 0.0552269 0.050496 0.0417745 0.037589 0.037046 0.0366402 0.0302395 0.0236209 0.0186215 0.0144857 0.0123363 0.00928324 0.00885253 0.0125983 0.00739736 0.00604183 0.00508006 0.00502691 0.00496538 0.00482093 0.00279854 0.00177863 0.000880857
threshold=2.1493000000000007 50.350000000000001 0.0088999760943204009 105.24499893188452 7.8480500000000006 98.215000152587862 2.6550000000000007 2.0450000000000004 7.148600000000001 1.8750000000000002 49.95000000000001 1.0069047088301859 50.819223033685375 2.3750000000000004 0.011150684434752351 49.550000000000004 32.392796947979477 3.9450000000000007 50.660841143018224 96.874999999999957 0.72500000000000009 0.013876321153683152 0.0095741496975035017 0.015330608002603451 1.0125630909029244 72.90166131367755 0.022726935598745456 2.0250000000000004 0.012516372187649302 0.015532725239889002
decision_type=2 2 2 2 2 2 2 2 2 2 2 2 2 2 2 2 2 2 2 2 2 2 2 2 2 2 2 2 2 2
left_child=1 5 7 4 8 6 9 -2 11 10 -1 -4 23 19 22 -6 -11 24 -8 20 -14 -17 -7 -3 26 -21 -5 -16 -20 -10
right_child=2 12 3 17 15 14 18 -9 29 16 -12 -13 13 -15 27 21 -18 -19 28 25 -22 -23 -24 -25 -26 -27 -28 -29 -30 -31
leaf_value=0.00039712614906527264 -0.0022940481505780057 0.0014270122358947992 -3.8240578151400743e-05 0.00016197667314138796 -0.0016179316712712699 0.00038922804200090469 0.00084108205727840711 -0.00037371697837079411 0.0010788953110095463 0 -0.00046960841356327433 -0.00055302578930621334 5.5518307600562507e-05 -0.00027997536308342413 0.0011846993481432198 -0.0010859302591476267 -0.00072925958422302912 0.0012097435807809235 0 0.0010794704944861746 0.0006369644685801989 -0.00028397213885980865 -0.0002307202903921866 0.0006261169299611758 0 0.00026484632744852983 0.00087302932695352609 0.00041988570755347615 0.00031223958437996251 0.00035399225510826169
leaf_weight=86 32 74 385 41 43 24 37 31 23 31 91 197 56 30 33 28 230 21 24 72 178 40 30 28 26 20 20 25 20 21
leaf_count=86 32 74 385 41 43 24 37 31 23 31 91 197 56 30 33 28 230 21 24 72 178 40 30 28 26 20 20 25 20 21
internal_value=1.49065e-06 0.000230269 -0.000269543 -0.000178904 -0.000285776 -0.00012034 -0.000261212 -0.0014166 -0.000139679 -0.000406092 -3.1764e-05 -0.000218285 0.00071906 0.000557045 0.000502435 -0.00107432 -0.000647406 0.000518808 0.000481025 0.000643866 0.000511409 -0.000668621 0 0.0012445 0.000306087 0.000939388 0.000453817 0.00091859 9.96214e-05 0.00081514
internal_weight=1997 1089 908 845 737 631 519 63 626 438 177 582 458 356 112 111 261 108 81 326 234 68 54 102 87 92 61 58 44 44
internal_count=1997 1089 908 845 737 631 519 63 626 438 177 582 458 356 112 111 261 108 81 326 234 68 54 102 87 92 61 58 44 44
is_linear=0
shrinkage=0.03


Tree=63
num_leaves=31
num_cat=0
split_feature=19 23 11 23 21 19 23 14 24 23 23 21 24 11 16 19 21 11 11 20 20 24 11 19 10 14 14 11 14 10
split_gain=0.134259 0.0658737 0.0663254 0.0676042 0.0557877 0.0486473 0.0503388 0.0518589 0.0433746 0.0430023 0.0512333 0.0310039 0.0256926 0.0247765 0.021764 0.018467 0.0166035 0.0140961 0.0139568 0.0135197 0.00957039 0.0132724 0.00898634 0.00792945 0.00757334 0.00712039 0.00600149 0.00528973 0.00163523 0.000966591
threshold=98.853950000000012 8.2272000000000016 1.0250405128133087 0.5375000000000002 1.8750000000000002 101.02925 2.2915000000000005 0.010598638496310752 50.150000000000013 1.7358000000000002 5.7931000000000017 2.1750000000000003 50.350000000000001 0.93154011400293923 34.921578168352021 99.031550000000024 1.3350000000000002 1.0061309726379015 1.0392856015841543 94.57500076293941 97.395000457763658 51.150000000000013 0.94600152704397034 100.42605000000002 1.0540779320109823 0.022837640334674003 0.013631215240858552 1.0371049586056047 0.012141004145704201 0.99021499284984416
decision_type=2 2 2 2 2 2 2 2 2 2 2 2 2 2 2 2 2 2 2 2 2 2 2 2 2 2 2 2 2 2
left_child=4 2 3 13 12 11 18 -8 22 15 -11 16 14 28 -1 -5 -4 -14 -7 -16 21 -19 -3 -13 27 -10 -15 -6 -2 -21
right_child=1 8 5 9 24 6 7 -9 25 10 -12 23 17 26 19 -17 -18 20 -20 29 -22 -23 -24 -25 -26 -27 -28 -29 -30 -31
leaf_value=0.00079441981415810257 0.0001068724667868362 -0.0006649305281420571 0.00011144213237672705 -9.3218446725272918e-05 -4.7571741575666233e-05 2.640957722906019e-06 -0.0023229181423051548 -0.0002998251784883905 -0.00043646678488701583 -0.00010762288871134282 0.00049194033163359738 0.00035121881042253402 0.0011618135411673308 -0.0012387966611097717 0.00034054551042870363 0.00065206377949163479 -0.00071443070465267568 0.00015579994500724721 -0.00079790604422832361 -0.00013942023619477239 0.0011391390056603335 0.00068959227788969297 -0.0017039259321486148 -0.00012589293499136477 0.00014302341047940509 0.00028663455255861791 -0.00047851146685609001 -0.00073815242582932108 -0.00023651704671127455 -0.00076177960341530186
leaf_weight=28 25 27 21 28 31 39 34 23 24 580 163 77 65 42 21 164 87 90 28 20 32 124 38 40 20 20 37 29 20 20
leaf_count=28 25 27 21 28 31 39 34 23 24 580 163 77 65 42 21 164 87 90 28 20 32 124 38 40 20 20 37 29 20 20
internal_value=1.65493e-06 -0.000135233 -7.75867e-05 3.811e-05 0.000439895 -0.000436332 -0.000916253 -0.00157755 -0.000845123 0.000128244 2.0362e-05 -0.000155685 0.000586666 -0.000613119 9.56109e-05 0.000527913 -0.000526772 0.000716821 -0.000294612 -0.000184406 0.000582868 0.000480822 -0.00133441 0.000162995 -0.000255103 -4.20521e-05 -0.000930646 -0.000437162 0 -0.000534761
internal_weight=1997 1517 1408 1059 480 349 124 57 109 935 743 225 400 124 89 192 108 311 67 61 246 214 65 117 80 44 79 60 45 40
internal_count=1997 1517 1408 1059 480 349 124 57 109 935 743 225 400 124 89 192 108 311 67 61 246 214 65 117 80 44 79 60 45 40
is_linear=0
shrinkage=0.03


Tree=64
num_leaves=31
num_cat=0
split_feature=19 20 23 19 24 23 24 23 11 15 17 11 24 20 19 11 22 22 15 23 24 17 11 23 9 20 20 24 0 23
split_gain=0.127598 0.0767133 0.153246 0.0742134 0.0661537 0.123451 0.051703 0.0456943 0.0372144 0.0364932 0.0322434 0.0307913 0.0305669 0.0271142 0.0238456 0.0221519 0.0209276 0.0204995 0.0204034 0.0139792 0.0114139 0.0108004 0.0103355 0.0100136 0.00877079 0.00706843 0.00566511 0.0138407 0.00564055 0.00533492
threshold=100.66365 105.24499893188452 2.3367000000000004 103.34875000000001 50.250000000000007 2.0358000000000005 49.350000000000001 0.5375000000000002 1.0100015491701997 0.012708640343044203 0.0057107671886383006 0.99713327648070293 49.95000000000001 90.935001373290959 103.38335000000002 1.0029062365982961 21.114999771118153 16.595000267028755 0.010892348428538352 7.8480500000000006 51.650000000000013 0.0071350927115626508 0.9537714542914898 8.064700000000002 1.0150171774806955 97.694999694824162 96.874999999999957 51.350000000000001 0.0075225162899181007 1.0669000000000002
decision_type=2 2 2 2 2 2 2 2 2 2 2 2 2 2 2 2 2 2 2 2 2 2 2 2 2 2 2 2 2 2
left_child=4 2 6 9 7 15 25 22 12 11 14 -4 28 -7 -8 24 29 20 -14 -11 -15 23 -1 -3 -6 -2 27 -17 -9 -10
right_child=1 21 3 -5 5 13 10 8 16 19 -12 -13 18 17 -16 26 -18 -19 -20 -21 -22 -23 -24 -25 -26 -27 -28 -29 -30 -31
leaf_value=-0.00022660863292403517 -0.00090149854704504818 0.0010434640919656406 -0.00090328457273665017 0 0.0014307588392402976 -0.00084805337493973115 4.7513242482341271e-05 0.00093453411704032361 -0.00076457843198537967 0 -0.00083630291079171009 -0.0020192584497981444 -0.00078936329477912056 -0.00047585424046519615 0.00063642214357645963 0.00014126402888094377 0.00036055781837138862 0.0003868551434023118 0.0002082164085492672 -0.0008373298171738331 2.24230605657631e-05 0 -0.0011631178757226144 0.0002599498172200342 0.00044373451713877531 -0.0001452720205852529 0.00089259718534930672 0.00067950051024711906 0.00014339149698869072 -0.00020470294921891763
leaf_weight=29 59 37 60 68 63 34 325 60 53 20 29 63 22 63 80 84 26 96 92 98 88 21 36 48 22 27 77 147 21 49
leaf_count=29 59 37 60 68 63 34 325 60 53 20 29 63 22 63 80 84 26 96 92 98 88 21 36 48 22 27 77 147 21 49
internal_value=1.35782e-06 -0.000252554 -0.000351914 -0.000880262 0.000227755 0.000407933 -3.11077e-05 -7.7766e-05 6.04403e-05 -0.00112632 9.64378e-05 -0.00151075 0.000328418 -6.24679e-05 0.000172511 0.000751194 -0.000323933 3.65562e-05 0 -0.000691058 -0.000167494 0.000492501 -0.000800509 0.00064406 0.00121831 -0.00070296 0.000609049 0.000498162 0.000770258 -0.000529344
internal_weight=1997 935 829 309 1062 674 520 388 323 241 434 123 195 281 405 393 128 247 114 118 151 106 65 85 85 86 308 231 81 102
internal_count=1997 935 829 309 1062 674 520 388 323 241 434 123 195 281 405 393 128 247 114 118 151 106 65 85 85 86 308 231 81 102
is_linear=0
shrinkage=0.03


Tree=65
num_leaves=31
num_cat=0
split_feature=19 23 11 23 19 23 24 22 23 15 24 23 16 11 24 20 24 20 23 23 15 17 11 15 20 12 7 11 22 4
split_gain=0.120475 0.0586282 0.0607538 0.061645 0.043323 0.0459251 0.0397221 0.0396633 0.0548662 0.036655 0.0324327 0.0490568 0.0281447 0.0225819 0.0219066 0.0242143 0.0194297 0.0186216 0.0144839 0.0181456 0.0144431 0.0142186 0.0129971 0.00909027 0.00666904 0.00636015 0.00616432 0.00601684 0.00477351 0.0028239
threshold=98.853950000000012 8.2272000000000016 1.0250405128133087 0.5375000000000002 101.02925 2.2915000000000005 50.150000000000013 19.469999313354453 2.3367000000000004 0.009162900380268053 50.350000000000001 2.5012000000000003 34.921578168352021 0.93154011400293923 51.150000000000013 102.95499801635701 50.150000000000013 94.615001678466768 1.3007500000000001 1.2593000000000003 0.011575651774710252 -0.00020251778287289998 1.0392856015841543 0.014696656923582551 92.524997711181626 1.0003468438332226 0.0083248764363595528 1.1150112788993116 15.230000019073453 -0.0035864785031642496
decision_type=2 2 2 2 2 2 2 2 2 2 2 2 2 2 2 2 2 2 2 2 2 2 2 2 2 2 2 2 2 2
left_child=10 2 3 13 14 22 23 8 -5 -7 12 18 -1 28 15 -4 -9 -14 19 20 -12 24 -6 -3 -13 -8 -16 29 -2 -20
right_child=1 6 4 7 5 9 25 16 -10 -11 11 21 17 -15 26 -17 -18 -19 27 -21 -22 -23 -24 -25 -26 -27 -28 -29 -30 -31
leaf_value=0.00076602963563697089 0.00022484175602977092 -0.0017309192731190704 -0.00069707294871632964 0.00021390101730014096 1.0348794527817512e-05 -0.0024680736097507177 0.00022092390965670344 0.00061053243360559772 -0.00034765330920220091 -0.00071173135315600255 0.00014419481318676843 0.00066864870308199896 0.00027987912180385766 -0.00088794802581323887 0.00047775878900761852 0.00016398908629875026 5.053009092109277e-05 -0.00063035382287865828 0.00049274770809279293 -0.0002144585845050063 0.00088452597359140643 -0.00046009194871768095 -0.00076158226525475231 -0.0007192380717822483 0 -0.00046486410591751337 0 0.00030503237935835897 -0.00037681387318298223 0.0012317550632618929
leaf_weight=28 25 31 88 402 39 23 24 179 255 34 49 21 25 79 34 36 99 57 23 21 82 42 28 34 24 20 67 22 20 86
leaf_count=28 25 31 88 402 39 23 24 179 255 34 49 21 25 79 34 36 99 57 23 21 82 42 28 34 24 20 67 22 20 86
internal_value=1.28964e-06 -0.000128302 -7.37831e-05 3.68384e-05 -0.000417169 -0.00087053 -0.000798198 0.000123025 0 -0.00150249 0.000416505 0.000550964 -9.62888e-06 -0.000584824 -0.000151295 -0.000423775 0.000422756 -0.000316671 0.000742647 0.000496126 0.000633526 -3.98179e-05 -0.000274587 -0.0012661 0.000288695 -2.75344e-05 0.000154697 0.00100003 0 0.00110899
internal_weight=1997 1517 1408 1059 349 124 109 935 657 57 480 370 110 124 225 124 278 82 283 152 131 87 67 65 45 44 101 131 45 109
internal_count=1997 1517 1408 1059 349 124 109 935 657 57 480 370 110 124 225 124 278 82 283 152 131 87 67 65 45 44 101 131 45 109
is_linear=0
shrinkage=0.03


Tree=66
num_leaves=31
num_cat=0
split_feature=19 16 21 19 20 20 15 21 20 21 19 21 11 20 21 20 19 11 11 15 20 20 21 14 11 19 11 21 20 21
split_gain=0.116058 0.0733504 0.0468103 0.0379177 0.0428254 0.0439485 0.0377652 0.0415811 0.0332917 0.0288997 0.022184 0.0384331 0.0212354 0.0238973 0.0192294 0.0157852 0.0127551 0.0123924 0.0122983 0.0108454 0.0247202 0.0105599 0.0093769 0.00915678 0.00623094 0.00491847 0.00661261 0.0044459 0.00345913 0.00328278
threshold=100.66365 50.280747330526438 1.3050000000000004 103.38335000000002 105.79500198364201 93.944999694824162 0.010469993595746852 2.2650000000000001 105.24499893188452 2.3550000000000004 103.38335000000002 2.8450000000000002 1.0171089050510134 95.13499832153316 1.7850000000000004 94.104999542236314 99.017550000000014 0.98711096626367678 0.98383552498167137 0.0097129215667294006 92.680000305175767 102.68999862670852 2.9450000000000007 0.020168695041736202 1.0147221402098594 98.853950000000012 1.0338176459014492 0.76500000000000012 94.435001373290959 3.4000000000000008
decision_type=2 2 2 2 2 2 2 2 2 2 2 2 2 2 2 2 2 2 2 2 2 2 2 2 2 2 2 2 2 2
left_child=2 3 19 4 5 18 7 15 10 -7 11 14 13 28 -3 -4 -15 -9 -2 20 -1 23 -5 -14 -12 26 -21 -28 -8 -6
right_child=1 8 6 22 29 9 12 17 -10 -11 24 -13 21 16 -16 -17 -18 -19 -20 25 -22 -23 -24 -25 -26 -27 27 -29 -30 -31
leaf_value=0.00080467987763740197 0.00078075738653314076 2.7815843018205747e-05 1.9254191686270818e-05 0.00083234810295409317 0.00016774921478896306 -0.00013933272888613359 -5.3710416610633828e-05 -0.00070755916086025542 0.00023030143164651237 -0.00075355354581370187 0.00025402740740941625 -0.0015983312231573189 -0.0003578188688886232 -9.276893123279551e-05 -0.00067086965784968254 0.00094450815900451956 0.00046709271460819831 0.0001500777031278944 0 0.00097438218606431487 -0.00044935878841527574 0.00022170253300636604 5.637709633447224e-06 0.00012793072180647869 -0.00036556847266660169 0.0002440777619498128 0.00027407555952585038 0.00082945658059735937 -0.00051033279580995445 0.000800187516645038
leaf_weight=25 36 32 28 52 28 184 93 24 39 127 26 43 217 36 238 100 163 28 39 81 28 36 26 31 28 46 69 33 24 37
leaf_count=25 36 32 28 52 28 184 93 24 39 127 26 43 217 36 238 100 163 28 39 81 28 36 26 31 28 46 69 33 24 37
internal_value=1.24948e-06 -0.000240838 0.000217235 -2.16477e-06 -0.000113748 -0.000239498 9.25389e-05 0.000473022 -0.000543679 -0.000401383 -0.000634482 -0.000731677 -1.72114e-05 0.000146258 -0.000577195 0.000767083 0.000350854 -0.000195033 0.000388757 0.000549993 9.05606e-05 -0.000209501 0.000598312 -0.000284782 -1.35045e-05 0.000642425 0.000724381 0.000489192 -0.000176331 0.000579877
internal_weight=1997 935 1062 529 451 386 780 180 406 311 367 313 600 316 270 128 199 52 75 282 53 284 78 248 54 229 183 102 117 65
internal_count=1997 935 1062 529 451 386 780 180 406 311 367 313 600 316 270 128 199 52 75 282 53 284 78 248 54 229 183 102 117 65
is_linear=0
shrinkage=0.03


Tree=67
num_leaves=30
num_cat=0
split_feature=19 16 22 15 21 19 20 20 20 21 19 21 8 20 20 19 15 22 19 16 19 15 15 19 21 20 8 21 8
split_gain=0.109215 0.0691732 0.0542998 0.0468148 0.0371956 0.035772 0.0404901 0.0414969 0.031455 0.0271286 0.02088 0.036133 0.0185734 0.0148408 0.0143494 0.0114796 0.0140508 0.0109799 0.0103295 0.0155886 0.0117742 0.0102336 0.00879519 0.011115 0.00871886 0.00780032 0.00544753 0.00456719 0.00407274
threshold=100.66365 50.280747330526438 19.860000610351552 0.010469993595746852 2.2650000000000001 103.38335000000002 105.79500198364201 93.944999694824162 105.24499893188452 2.3550000000000004 103.38335000000002 2.8450000000000002 1.0058706735741552 90.935001373290959 94.104999542236314 99.017550000000014 0.016764641707936553 13.0650000572204 95.784900000000007 72.90166131367755 95.960900000000009 0.010858887754396951 0.0093864724545907018 98.853950000000012 2.9450000000000007 94.615001678466768 0.99082521880619623 3.0550000000000002 1.002162850907178
decision_type=2 2 2 2 2 2 2 2 2 2 2 2 2 2 2 2 2 2 2 2 2 2 2 2 2 2 2 2 2
left_child=2 5 3 4 14 6 7 21 10 -9 11 12 -3 -5 -1 25 -17 -6 19 -4 -20 -2 -22 -24 -7 -15 -16 -12 -8
right_child=1 8 18 13 17 24 28 9 -10 -11 27 -13 -14 15 26 16 -18 -19 20 -21 22 -23 23 -25 -26 -27 -28 -29 -30
leaf_value=1.8696481044853807e-05 0.00071701041859789541 -0.00080057266454470718 0.00095608307289247226 -0.00080558520907329182 9.5650531889987167e-05 0.00080784880057337496 0.00073997672397332881 -0.00013517534121575237 0.00022356511851539835 -0.00073112356080537206 0.00025048431618463087 -0.0015514710479500617 -0.00025216674015055533 0 0.00024428111365572969 0.00019471455148343264 -0.00035541795075294113 -0.00073217552368129999 -0.00021903068914781959 0 0 0 0.00073827586824606569 0.00027610503312447393 5.4748418656850381e-06 -0.00036074051338376933 0.0010459234825326486 -0.00028469542113386775 4.2899244761263778e-05
leaf_weight=28 38 145 84 26 31 52 44 184 39 127 22 43 125 73 21 192 50 20 21 24 27 37 104 146 26 138 77 32 21
leaf_count=28 38 145 84 26 31 52 44 184 39 127 22 43 125 73 21 192 50 20 21 24 27 37 104 146 26 138 77 32 21
internal_value=1.57407e-06 -0.000233221 0.000211138 3.72083e-05 0.000456087 -1.28749e-06 -0.000109837 -0.000232271 -0.000527304 -0.000389716 -0.000615639 -0.000709941 -0.000559619 -0.000111954 0.000736208 -6.38478e-05 6.77103e-05 -0.000179132 0.000484015 0.000764273 0.000370195 0.000377662 0.000426284 0.000482496 0.00058182 -0.000228493 0.000908649 -1.15238e-05 0.000564284
internal_weight=1997 935 1062 656 177 529 451 386 406 311 367 313 270 479 126 453 242 51 406 108 298 75 277 250 78 211 98 54 65
internal_count=1997 935 1062 656 177 529 451 386 406 311 367 313 270 479 126 453 242 51 406 108 298 75 277 250 78 211 98 54 65
is_linear=0
shrinkage=0.03


end of trees

feature_importances:
Global_Industrial_Production_Index=296
Close_to_MA_50=259
CPI_Inflation=244
US_10Y_Yield=223
China_PMI=176
USD_Index=171
Rolling_Std_20=141
VIX=102
Rolling_Std_10=66
RSI_14=49
MACD_Pct=31
Close_to_MA_20=25
Close_to_EMA_20=19
Close_to_MA_5=17
Close_to_MA_10=13
Close_to_EMA_10=9
Return=5
Volume_to_MA_10=5
Daily_Range_Pct=3
Ret_Lag_2=1
Ret_Lag_3=1
Ret_Lag_10=1

parameters:
[boosting: gbdt]
[objective: regression]
[metric: l2]
[tree_learner: serial]
[device_type: cpu]
[data_sample_strategy: bagging]
[data: ]
[valid: ]
[num_iterations: 200]
[learning_rate: 0.03]
[num_leaves: 31]
[num_threads: 20]
[seed: 42]
[deterministic: 0]
[force_col_wise: 0]
[force_row_wise: 0]
[histogram_pool_size: -1]
[max_depth: 6]
[min_data_in_leaf: 20]
[min_sum_hessian_in_leaf: 0.001]
[bagging_fraction: 0.8]
[pos_bagging_fraction: 1]
[neg_bagging_fraction: 1]
[bagging_freq: 0]
[bagging_seed: 400]
[bagging_by_query: 0]
[feature_fraction: 0.8]
[feature_fraction_bynode: 1]
[feature_fraction_seed: 30056]
[extra_trees: 0]
[extra_seed: 12879]
[early_stopping_round: 0]
[early_stopping_min_delta: 0]
[first_metric_only: 0]
[max_delta_step: 0]
[lambda_l1: 0.1]
[lambda_l2: 1]
[linear_lambda: 0]
[min_gain_to_split: 0]
[drop_rate: 0.1]
[max_drop: 50]
[skip_drop: 0.5]
[xgboost_dart_mode: 0]
[uniform_drop: 0]
[drop_seed: 17869]
[top_rate: 0.2]
[other_rate: 0.1]
[min_data_per_group: 100]
[max_cat_threshold: 32]
[cat_l2: 10]
[cat_smooth: 10]
[max_cat_to_onehot: 4]
[top_k: 20]
[monotone_constraints: ]
[monotone_constraints_method: basic]
[monotone_penalty: 0]
[feature_contri: ]
[forcedsplits_filename: ]
[refit_decay_rate: 0.9]
[cegb_tradeoff: 1]
[cegb_penalty_split: 0]
[cegb_penalty_feature_lazy: ]
[cegb_penalty_feature_coupled: ]
[path_smooth: 0]
[interaction_constraints: ]
[verbosity: -1]
[saved_feature_importance_type: 0]
[use_quantized_grad: 0]
[num_grad_quant_bins: 4]
[quant_train_renew_leaf: 0]
[stochastic_rounding: 1]
[linear_tree: 0]
[max_bin: 255]
[max_bin_by_feature: ]
[min_data_in_bin: 3]
[bin_construct_sample_cnt: 200000]
[data_random_seed: 175]
[is_enable_sparse: 1]
[enable_bundle: 1]
[use_missing: 1]
[zero_as_missing: 0]
[feature_pre_filter: 1]
[pre_partition: 0]
[two_round: 0]
[header: 0]
[label_column: ]
[weight_column: ]
[group_column: ]
[ignore_column: ]
[categorical_feature: ]
[forcedbins_filename: ]
[precise_float_parser: 0]
[parser_config_file: ]
[objective_seed: 16083]
[num_class: 1]
[is_unbalance: 0]
[scale_pos_weight: 1]
[sigmoid: 1]
[boost_from_average: 1]
[reg_sqrt: 0]
[alpha: 0.9]
[fair_c: 1]
[poisson_max_delta_step: 0.7]
[tweedie_variance_power: 1.5]
[lambdarank_truncation_level: 30]
[lambdarank_norm: 1]
[label_gain: ]
[lambdarank_position_bias_regularization: 0]
[eval_at: ]
[multi_error_top_k: 1]
[auc_mu_weights: ]
[num_machines: 1]
[local_listen_port: 12400]
[time_out: 120]
[machine_list_filename: ]
[machines: ]
[gpu_platform_id: -1]
[gpu_device_id: -1]
[gpu_device_id_list: ]
[gpu_use_dp: 0]
[num_gpu: 1]

end of parameters

pandas_categorical:[]
