tree
version=v4
num_class=1
num_tree_per_iteration=1
label_index=0
max_feature_idx=24
objective=regression
feature_names=Return Log_Return Ret_Lag_1 Ret_Lag_2 Ret_Lag_3 Ret_Lag_5 Ret_Lag_10 Daily_Range_Pct Close_to_MA_5 Close_to_MA_10 Close_to_MA_20 Close_to_MA_50 Close_to_EMA_10 Close_to_EMA_20 Rolling_Std_10 Rolling_Std_20 RSI_14 MACD_Pct Volume_to_MA_10 Global_Industrial_Production_Index USD_Index US_10Y_Yield VIX CPI_Inflation China_PMI
feature_infos=[-0.066940172742521994:0.074641947929079799] [-0.069285956656344794:0.071987534405050499] [-0.066940172742521994:0.074641947929079799] [-0.066940172742521994:0.074641947929079799] [-0.066940172742521994:0.074641947929079799] [-0.066940172742521994:0.074641947929079799] [-0.066940172742521994:0.074641947929079799] [0:0.092802595159413206] [0.91318316788809784:1.0730283848102866] [0.87986156167578455:1.1066018538739253] [0.85692473313438489:1.1552927409995728] [0.79659082927529956:1.1777746655552006] [0.89466740749189477:1.0920323555297982] [0.8686804240890813:1.1281657463110899] [0.0024529130098374001:0.036179077589099801] [0.0057965333731078003:0.029331550672483601] [13.140122716746744:90.832403572489085] [-0.0188041687703022:0.016289486570868299] [0.030548428479792201:9.6792988700484308] [84.561899999999994:104.10039999999999] [88.589996337890597:114.11000061035099] [0.52000000000000002:4.25] [9.1400003433227504:82.690002441406193] [0.0088000000000000005:8.9794] [48:52.600000000000001]
tree_sizes=2519 1851 1931 2560 2272 1732 1924 1757 1748 2768 2479 2460 1583 2478 2878 2467 2864 1643 2796 2342 1666 1697 2068 2868 1723 2336 2744 2407 1794 2174 2377 2370 2614 2353 2541 2349 2606 2865 2366 2448 1724 2838 2594 2534 2719 2009 2625 2878 2276 2606 2830 2442 2678 2293 2755 2378 2476 1831 2818 2429 2235 2073 2370 1824 2324 2056 2330 2295 2764 2425 2532 2129 1926 2005 1957 1441 2654 1903 1784 1920 2099 2273 1889 2497 2155 2815 1938 2411 2028 1841 2542 1275 2594 2104 2813 1765 2843 1628 2799 2863 2823 1680 1276 2832 2236 1543 2808

Tree=0
num_leaves=27
num_cat=0
split_feature=19 24 21 22 15 19 17 15 20 22 15 16 15 20 17 20 17 15 15 16 24 12 17 21 17 11
split_gain=0.286416 0.191091 0.102634 0.100062 0.0802576 0.0779171 0.125573 0.0725475 0.0966382 0.106071 0.0773815 0.0481614 0.0358441 0.0315423 0.0290885 0.0284283 0.0280112 0.0272261 0.0252068 0.0238975 0.0176792 0.015819 0.0114204 0.0101109 0.00643414 0.00277113
threshold=98.941250000000011 50.350000000000001 3.6500000000000004 11.494999885559052 0.015875362578722855 98.853950000000012 -0.0041781951554927489 0.021974976331153504 99.874999999999957 18.595000267028755 0.016069926540268006 51.34413010331108 0.0087469432675550008 90.334999084472614 -0.0046441300346196993 92.81499862670897 0.0016344976523189002 0.013916714597153802 0.011099622681272002 50.146609727321433 49.95000000000001 0.99668429210689224 -0.0063283763167818995 1.635 -0.0037081140202443997 1.0517407469491131
decision_type=2 2 2 2 2 2 2 2 2 2 2 2 2 2 2 2 2 2 2 2 2 2 2 2 2 2
left_child=1 5 3 14 11 6 22 8 9 -5 -10 24 -13 -14 -2 -16 -7 -4 -17 -6 -8 -19 -1 25 -3 -21
right_child=2 4 17 7 19 16 20 -9 10 -11 -12 12 13 -15 15 18 -18 21 -20 23 -22 -23 -24 -25 -26 -27
leaf_value=0.0048952578932065158 0.0053560742469522743 0.0067394089221705367 0.0055939965804838697 0.0035143019970586397 0.0050491205038739745 0.0054906709520261701 0.0031519853577068927 0.0052174409684743375 0.0033569350984108226 0.0041627677225741207 0.0018342995632581421 0.0040270050758327933 0.0040270050758327933 0.0052597923621296849 0.0033589404409997223 0.0047906962990665568 0.0040270050758327933 0.0048736136385437541 0.0040270050758327933 0.0043312495288670236 0.0018698761875234528 0.0039530641834723875 0.0040270050758327933 0.003404721645867078 0.0054689236347130986 0.0039853972737468914
leaf_weight=24 24 22 28 678 22 22 33 24 135 331 43 25 24 189 26 71 22 27 68 34 32 29 21 21 32 22
leaf_count=24 24 22 28 678 22 22 33 24 135 331 43 25 24 189 26 71 22 27 68 34 32 29 21 21 32 22
internal_value=0.00402701 0.00461454 0.00381098 0.00374812 0.00496825 0.00373554 0.00329653 0.00364672 0.00361147 0.00372992 0.00296215 0.0052197 0.00500395 0.00513003 0.00438057 0.00421346 0.00475826 0.00481441 0.00439835 0.00419211 0.00245222 0.00435134 0.00445859 0.00397574 0.00608098 0.0041444
internal_weight=2029 545 1484 1400 391 154 110 1211 1187 1009 178 292 238 213 189 165 44 84 139 99 65 56 45 77 54 56
internal_count=2029 545 1484 1400 391 154 110 1211 1187 1009 178 292 238 213 189 165 44 84 139 99 65 56 45 77 54 56
is_linear=0
shrinkage=1


Tree=1
num_leaves=19
num_cat=0
split_feature=23 19 23 23 19 13 19 14 22 23 19 15 21 13 13 23 9 23
split_gain=0.382252 0.234418 0.120997 0.0819061 0.103642 0.0892955 0.0786052 0.0666782 0.0603028 0.0593341 0.0540482 0.0471153 0.0598135 0.0226781 0.0175708 0.0172125 0.00927983 0.00107672
threshold=8.775800000000002 97.244700000000009 0.78200000000000014 1.7358000000000002 98.329350000000019 0.99796375904544898 101.35350000000001 0.013304146144827103 18.904999732971152 1.6852000000000003 98.853950000000012 0.012759140428243701 0.65500000000000014 0.97520727192182399 0.99819333016120082 1.3824000000000003 1.0082730553144603 0.23350000000000001
decision_type=2 2 2 2 2 2 2 2 2 2 2 2 2 2 2 2 2 2
left_child=1 11 8 4 7 6 -5 -4 13 -6 -7 12 -1 17 -10 16 -13 -3
right_child=-2 2 3 5 9 10 -8 -9 14 -11 -12 15 -14 -15 -16 -17 -18 -19
leaf_value=0.00025405390296083199 -0.0038453678385071133 -0.00096288881873312802 -0.0020756016562227158 0.00048927142631916942 0.00034141723230653837 0.00039230385291938707 -0.00021922532865655984 8.9023032387637553e-05 0.0006092951406911015 0.0013528757052792405 -0.00045606294323811714 0.0012010249644517899 0.0020628099523019045 -0.0017271394629917469 -0.00055799882905557753 -3.7870875917948201e-05 0.00037212698067478993 -0.00035332688690546237
leaf_weight=28 22 27 23 302 345 72 256 22 24 65 574 32 63 53 20 25 46 30
leaf_count=28 22 27 23 302 345 72 256 22 24 65 574 32 63 53 20 25 46 30
internal_value=0 4.42355e-05 -6.0475e-05 1.26287e-05 0.000356696 -0.000115095 0.000159049 -0.000973194 -0.000862356 0.000511971 -0.000356411 0.00103347 0.00154769 -0.00123585 1.14312e-05 0.0005398 0.000761061 -0.000705414
internal_weight=2029 2007 1813 1659 455 1204 558 45 154 410 646 194 91 110 44 103 78 57
internal_count=2029 2007 1813 1659 455 1204 558 45 154 410 646 194 91 110 44 103 78 57
is_linear=0
shrinkage=0.03


Tree=2
num_leaves=20
num_cat=0
split_feature=23 19 23 10 23 19 15 22 20 11 19 15 11 22 16 23 24 12 20
split_gain=0.360629 0.221224 0.114339 0.0858484 0.0772759 0.0744669 0.0599506 0.0569585 0.0537593 0.0516492 0.0493919 0.0442812 0.0439852 0.0182485 0.0167903 0.0161785 0.0135201 0.00845256 0.00780692
threshold=8.775800000000002 97.244700000000009 0.78200000000000014 0.99521535542003547 1.8111000000000004 98.329350000000019 0.018248016105493401 18.904999732971152 102.54500198364202 0.92473868526057068 99.797050000000013 0.012791730901822252 1.0943536512508072 20.960000038146905 47.194591637312335 1.3824000000000003 51.45000000000001 1.0131443443588621 96.829998016357408
decision_type=2 2 2 2 2 2 2 2 2 2 2 2 2 2 2 2 2 2 2
left_child=1 11 7 6 5 -5 10 9 -6 -3 -4 12 16 -8 -9 17 -1 -13 -11
right_child=-2 2 3 4 8 -7 13 14 -10 18 -12 15 -14 -15 -16 -17 -18 -19 -20
leaf_value=0.0012131635626025782 -0.0037350222649781598 -0.00018601028146689424 0.00060820154403843968 -0.0013146768898889421 -0.0004534692555129486 0.00037716894223765811 0.00034219451277301864 0.00059509816925972707 0.00028699069057421927 -0.001163627067077255 1.6143278410455499e-06 0.00099894314436289487 8.2015995169058427e-05 0.0015938495590996284 -0.00054604504403791252 -3.6778438836336131e-05 0.0024074648865631647 0.00018291183120745699 -0.0021947221824084409
leaf_weight=38 22 37 171 24 585 278 25 24 98 42 440 48 20 38 20 25 34 29 31
leaf_count=38 22 37 171 24 585 278 25 24 98 42 440 48 20 38 20 25 34 29 31
internal_value=0 4.29649e-05 -5.87116e-05 1.23025e-05 -0.000164257 0.000228921 0.000274637 -0.000838226 -0.000342574 -0.00120122 0.000176998 0.00100398 0.00149782 0.00115714 9.12241e-06 0.000519217 0.00184349 0.000736353 -0.00166577
internal_weight=2029 2007 1813 1659 985 302 674 154 683 110 611 194 92 63 44 102 72 77 73
internal_count=2029 2007 1813 1659 985 302 674 154 683 110 611 194 92 63 44 102 72 77 73
is_linear=0
shrinkage=0.03


Tree=3
num_leaves=28
num_cat=0
split_feature=19 24 21 24 20 15 21 15 19 17 11 24 20 10 20 24 20 15 17 16 11 24 9 17 21 7 15
split_gain=0.243259 0.170249 0.0927975 0.0754424 0.0843681 0.0846706 0.0885343 0.0726492 0.0722497 0.113339 0.0675209 0.0646996 0.0613845 0.0501508 0.0394646 0.0689365 0.0497904 0.0262194 0.0257411 0.0213059 0.0211181 0.0177519 0.0122918 0.0105088 0.00918166 0.00538617 0.00223553
threshold=98.941250000000011 50.350000000000001 3.6500000000000004 51.850000000000001 96.829998016357408 0.020055110339296703 2.2250000000000005 0.015875362578722855 98.853950000000012 -0.0041781951554927489 1.0039922944036312 51.650000000000013 92.81499862670897 0.9961624212470388 96.685001373290959 51.45000000000001 99.409999847412124 0.013916714597153802 0.0016344976523189002 50.146609727321433 0.94927323524743923 49.95000000000001 0.9888271741717739 -0.0063283763167818995 1.635 0.0081773078409269513 0.018072348025255553
decision_type=2 2 2 2 2 2 2 2 2 2 2 2 2 2 2 2 2 2 2 2 2 2 2 2 2 2 2
left_child=1 8 3 4 10 6 -6 13 9 23 11 -2 -12 25 15 -15 -16 -4 -10 -9 -5 -11 -19 -1 26 -3 -21
right_child=2 7 17 20 5 -7 -8 19 18 21 12 -13 -14 14 16 -17 -18 22 -20 24 -22 -23 -24 -25 -26 -27 -28
leaf_value=0.00081206217885017393 0.00019958116134104594 0.002708202323211091 0.0015190453438152526 -0.0005242558483566556 -0.00010884393127751536 0.001220685955993831 -0.00083768353149802851 0.00094864541251698273 0.0013983783446981206 -0.00081929739203084916 -0.00087810131705565642 0.0018777960408478975 -8.9596836332793483e-06 -0.00019087750480521209 0.0021094822064517257 0.0010947972958277783 0.00062657822031692099 0.00087868665108856343 0 0.00031548055230639878 -0.0021539833717979487 -0.0020898857620460063 0 0 -0.00060786622504449702 0.0014000071817366726 0
leaf_weight=24 306 20 28 20 274 24 362 22 22 33 104 22 265 59 48 87 50 20 22 24 23 32 36 21 21 28 32
leaf_count=24 306 20 28 20 274 24 362 22 22 33 104 22 265 59 48 87 50 20 22 24 23 32 36 21 21 28 32
internal_value=0 0.000541801 -0.000198744 -0.000258617 -0.000216213 -0.000459144 -0.00052906 0.000875862 -0.000287192 -0.000710287 9.85217e-06 0.000326628 -0.00026374 0.00111496 0.00091106 0.000557072 0.00139717 0.000755149 0.000696159 0.000136558 -0.00149329 -0.00151246 0.000300621 0.00039088 -6.61926e-05 0.00205046 9.14042e-05
internal_weight=2029 545 1484 1400 1357 660 636 391 154 110 697 328 369 292 244 146 98 84 44 99 43 65 56 45 77 48 56
internal_count=2029 545 1484 1400 1357 660 636 391 154 110 697 328 369 292 244 146 98 84 44 99 43 65 56 45 77 48 56
is_linear=0
shrinkage=0.03


Tree=4
num_leaves=24
num_cat=0
split_feature=23 22 23 18 23 24 13 22 23 11 24 15 23 11 22 15 24 24 15 7 22 20 20
split_gain=0.335802 0.163165 0.130135 0.116481 0.08479 0.097182 0.0576169 0.0563162 0.0547483 0.120224 0.0530255 0.0436562 0.043443 0.0420069 0.0399828 0.0362144 0.0355467 0.0335469 0.0305554 0.0090486 0.00876395 0.00699338 0.00497461
threshold=8.775800000000002 20.824999809265055 0.78200000000000014 0.41186462901082782 1.7667500000000003 50.350000000000001 1.0062223237217689 15.284999847412053 8.064700000000002 0.94600152704397034 50.050000000000004 0.0088063895243828006 1.6552000000000002 0.92473868526057068 10.255000114440902 0.013761852641181351 49.550000000000004 51.350000000000001 0.014482850586202351 0.027121414248925352 17.224999427795353 96.354999542236314 96.829998016357408
decision_type=2 2 2 2 2 2 2 2 2 2 2 2 2 2 2 2 2 2 2 2 2 2 2
left_child=1 2 13 10 5 7 14 -4 11 -10 16 -5 -7 -1 -6 -13 -3 -8 -11 21 22 -12 -15
right_child=-2 3 4 8 6 12 17 -9 9 18 19 15 -14 20 -16 -17 -18 -19 -20 -21 -22 -23 -24
leaf_value=-0.00017103897993802093 -0.0036038055338937299 -0.00013002125945691341 -0.00041833197587289348 -0.0004999650689340862 0.00093705560181075944 0.00029126755640561679 -0.00075933145710891032 0.00046159020935852808 0.0014064446761002463 -0.0016305034464582733 0 0.001138985481238532 0.0015807430452040325 -0.0011705374469275812 -8.4889629555964672e-05 0.00053868314380552888 -0.0019422944957712808 -0.0001294715782755734 -6.4922308930868476e-05 -0.00035879893764980477 -0.00059836890062849436 0.00067000127918759571 -0.0022167170747286742
leaf_weight=39 22 22 134 20 36 48 205 126 30 27 22 198 64 36 488 226 25 142 26 21 20 26 26
leaf_count=39 22 22 134 20 36 48 205 126 30 27 22 198 64 36 488 226 25 142 26 21 20 26 26
internal_value=0 4.18166e-05 -0.000142255 0.000436561 -4.79173e-05 0.000327527 -0.0002119 0 0.000628092 -4.5324e-05 -0.000405874 0.000760539 0.00106213 -0.00107843 -7.31423e-06 0.000828092 -0.00117688 -0.000511312 -0.000933463 8.57549e-05 -0.00146659 0.000344825 -0.0016851
internal_weight=2029 2007 1364 643 1243 372 871 260 527 83 116 444 112 121 524 424 47 347 53 69 82 48 62
internal_count=2029 2007 1364 643 1243 372 871 260 527 83 116 444 112 121 524 424 47 347 53 69 82 48 62
is_linear=0
shrinkage=0.03


Tree=5
num_leaves=18
num_cat=0
split_feature=23 19 23 10 23 14 22 19 19 11 14 23 16 16 18 11 17
split_gain=0.316728 0.188857 0.100893 0.0774635 0.0655313 0.0691063 0.0506272 0.0495973 0.0474456 0.0467241 0.0372845 0.031373 0.0283743 0.0156308 0.0132575 0.0156434 0.00482228
threshold=8.775800000000002 97.244700000000009 0.78200000000000014 0.99521535542003547 1.8111000000000004 0.008330861053501103 18.904999732971152 101.93900000000001 98.853950000000012 0.92473868526057068 0.0081412417413042511 2.7947500000000001 40.832175732509661 47.194591637312335 0.56006227588680779 1.0853897131387222 0.0053264793669188003
decision_type=2 2 2 2 2 2 2 2 2 2 2 2 2 2 2 2 2
left_child=1 10 6 7 5 -5 9 12 -6 -3 -1 -9 -4 -8 -12 16 -16
right_child=-2 2 3 4 8 -7 13 11 -10 -11 14 -13 -14 -15 15 -17 -18
leaf_value=0.0019695715389447285 -0.0035003920469595033 -0.00015956565944208321 0.00074354621887091942 0.0010920002849622204 0.00040702551096151381 -1.2895023165738278e-05 0.00057662202307954429 1.5042871655636156e-05 -0.00040464083006748285 -0.0015699430084158037 0 -0.0010510217121669225 0.00023685768813691967 -0.00052369125832670504 0.0010886676811260258 0 0.00028831710287236743
leaf_weight=29 22 37 175 62 68 240 24 178 615 73 27 27 294 20 95 23 20
leaf_count=29 22 37 175 62 68 240 24 178 615 73 27 27 294 20 95 23 20
internal_value=0 4.01834e-05 -5.36415e-05 1.29612e-05 -0.000154651 0.000206892 -0.000785944 0.000262224 -0.000318968 -0.00112828 0.000928175 -0.000115223 0.000433483 9.28965e-06 0.000716307 0.000835823 0.000979024
internal_weight=2029 2007 1813 1659 985 302 154 674 683 110 194 205 469 44 165 138 115
internal_count=2029 2007 1813 1659 985 302 154 674 683 110 194 205 469 44 165 138 115
is_linear=0
shrinkage=0.03


Tree=6
num_leaves=20
num_cat=0
split_feature=23 19 23 19 11 24 24 15 23 15 11 11 19 11 19 20 9 15 19
split_gain=0.298839 0.178534 0.0951797 0.064037 0.0954997 0.0878968 0.0787854 0.0556556 0.0491625 0.0385684 0.0392637 0.0299714 0.0235991 0.020102 0.020084 0.0158614 0.0155661 0.0150684 0.00519554
threshold=8.775800000000002 97.244700000000009 0.78200000000000014 101.02925 1.0507291554247311 49.550000000000004 51.850000000000001 0.020055110339296703 2.0116000000000005 0.012791730901822252 1.0550116249059924 0.97301956394944822 101.15955000000001 0.94927323524743923 100.69815000000001 96.685001373290959 1.0052796977811702 0.016454681168589901 95.960900000000009
decision_type=2 2 2 2 2 2 2 2 2 2 2 2 2 2 2 2 2 2 2
left_child=1 9 11 4 5 -4 7 -5 -6 10 -1 12 14 -8 -3 -12 -11 -13 -18
right_child=-2 2 3 6 8 -7 13 -9 -10 16 15 17 -14 -15 -16 -17 18 -19 -20
leaf_value=0.0021966933269674574 -0.0033999461376148718 -0.00052136836864300211 0.0014784624230784265 -0.00016228230480777009 8.4479062625457746e-05 0.00025006161584105419 -0.00048051609770794 0.0012423408745358196 -0.000801839223051932 0.00088483084338209156 0.00028208482056116306 -0.0020333159873262042 -0.0012743557370849883 -0.0020685373696032907 0.00041494974109434313 0.0014751450046896933 0.00032154474615091254 -0.00067235921105990813 -0.00021411521288910475
leaf_weight=35 22 52 58 693 103 627 20 25 110 43 37 23 23 23 30 20 37 26 22
leaf_count=35 22 52 58 693 103 627 20 25 110 43 37 23 23 23 30 20 37 26 22
internal_value=0 3.91876e-05 -5.19934e-05 1.26451e-05 0.000185817 0.000360449 -0.000187741 -0.000107542 -0.000360833 0.000902589 0.00136321 -0.00076327 -0.000427864 -0.00142581 -0.000141796 0.000770643 0.000448802 -0.00139907 7.15675e-05
internal_weight=2029 2007 1813 1659 898 685 761 718 213 194 92 154 105 43 82 57 102 49 59
internal_count=2029 2007 1813 1659 898 685 761 718 213 194 92 154 105 43 82 57 102 49 59
is_linear=0
shrinkage=0.03


Tree=7
num_leaves=18
num_cat=0
split_feature=23 19 23 10 23 21 14 15 19 15 21 21 16 9 19 17 19
split_gain=0.281927 0.168832 0.0900148 0.0721999 0.0595776 0.0673569 0.0653261 0.0505815 0.041532 0.0363813 0.0492913 0.0263948 0.0343616 0.0146547 0.0127515 0.00658441 0.00491139
threshold=8.775800000000002 97.244700000000009 0.78200000000000014 0.99521535542003547 1.8111000000000004 3.5350000000000006 0.008330861053501103 0.018248016105493401 99.797050000000013 0.012791730901822252 0.65500000000000014 2.2450000000000006 40.832175732509661 1.0052796977811702 100.69815000000001 -0.004116099618435249 95.960900000000009
decision_type=2 2 2 2 2 2 2 2 2 2 2 2 2 2 2 2 2
left_child=1 9 11 7 6 -6 -5 8 -4 10 -1 12 -3 -11 -14 -9 -15
right_child=-2 2 3 4 5 -7 -8 15 -10 13 -12 -13 14 16 -16 -17 -18
leaf_value=0.00014611219432895424 -0.0033023822812930392 0.00030435025963831594 0.00055817354966457896 0.0010557170553088544 -0.0003993780407739879 0.00065363168988200222 -1.853531473910405e-05 0.00065707423050657889 1.3506831743811462e-06 0.00085888920945581038 0.0017851730262430814 -0.0012060239529374109 -0.0012570693592631047 0.00031215225580442501 -0.0001064759161831303 0.001590503256418742 -0.00020797103661891961
leaf_weight=28 22 36 171 62 626 57 240 40 440 43 64 67 30 37 21 23 22
leaf_count=28 22 36 171 62 626 57 240 40 440 43 64 67 30 37 21 23 22
internal_value=0 3.8018e-05 -5.0608e-05 1.22032e-05 -0.00014955 -0.000306286 0.000194862 0.000252909 0.000162748 0.000877657 0.00132552 -0.000742324 -0.000341485 0.000435627 -0.000852147 0.00106425 6.79742e-05
internal_weight=2029 2007 1813 1659 985 683 302 674 611 194 92 154 87 102 51 63 59
internal_count=2029 2007 1813 1659 985 683 302 674 611 194 92 154 87 102 51 63 59
is_linear=0
shrinkage=0.03


Tree=8
num_leaves=18
num_cat=0
split_feature=23 19 23 11 15 24 23 24 19 15 21 22 11 23 9 11 17
split_gain=0.266012 0.159282 0.0851053 0.048782 0.0923213 0.0791183 0.0485193 0.0456273 0.0371598 0.0341761 0.0461628 0.020367 0.0194843 0.0140961 0.00726967 0.00260379 0.000680558
threshold=8.775800000000002 97.244700000000009 0.23350000000000001 1.0457355205971308 0.018072348025255553 49.100000000000009 2.0116000000000005 51.150000000000013 99.017550000000014 0.012791730901822252 0.65500000000000014 20.025000572204554 1.0006833293861088 1.3824000000000003 1.0082730553144603 1.0425501255135992 -0.0033470735050549999
decision_type=2 2 2 2 2 2 2 2 2 2 2 2 2 2 2 2 2
left_child=1 9 11 4 5 -4 7 -5 -8 10 -1 16 -6 14 -11 -12 -3
right_child=-2 2 3 6 12 -7 8 -9 -10 13 15 -13 -14 -15 -16 -17 -18
leaf_value=0.00014187996984852864 -0.0032076183207657024 -0.00063271225612102587 0.0017857122483917254 -0.00068313203139272927 0.0012995793493930251 -2.8445801939907149e-05 4.4366203362076739e-05 0.00050222487815855337 -0.000932946503479392 0.0010144274152434345 0.0022997494386509058 -5.7581203356385221e-05 0.00036191787045568996 -9.6521716484298492e-05 0.00027360526019575725 0.0012955887360232214 -0.0014219473494682458
leaf_weight=28 22 21 21 43 59 1301 40 83 129 32 23 24 48 25 45 41 44
leaf_count=28 22 21 21 43 59 1301 40 83 129 32 23 24 48 25 45 41 44
internal_value=0 3.71274e-05 -4.89106e-05 -2.18538e-07 7.06e-05 0 -0.000352483 7.18825e-05 -0.000685083 0.000852695 0.00128735 -0.000948298 0.00091397 0.000422839 0.000628999 0.00173244 -0.00122587
internal_weight=2029 2007 1813 1724 1429 1322 295 126 169 194 92 89 107 102 77 64 65
internal_count=2029 2007 1813 1724 1429 1322 295 126 169 194 92 89 107 102 77 64 65
is_linear=0
shrinkage=0.03


Tree=9
num_leaves=30
num_cat=0
split_feature=23 19 24 14 22 19 22 16 24 15 23 22 17 23 19 21 10 24 11 18 23 23 17 16 10 21 15 15 14
split_gain=0.250983 0.151485 0.145884 0.0775498 0.0711148 0.111357 0.0876898 0.0709709 0.0647869 0.0608549 0.0664699 0.0799704 0.0526261 0.0466574 0.0461158 0.043496 0.0380767 0.038351 0.0373363 0.0347362 0.0340854 0.0296944 0.0419014 0.0178782 0.0154101 0.00783178 0.00750477 0.00584384 0.00291776
threshold=8.775800000000002 98.941250000000011 50.350000000000001 0.013304146144827103 20.760000228881804 101.27910000000001 11.494999885559052 56.606967200653166 49.550000000000004 0.015875362578722855 1.6552000000000002 13.010000228881802 -0.0041781951554927489 1.3007500000000001 104.09700000000001 1.8550000000000002 0.98439847301741035 50.050000000000004 1.0065384774109714 0.41580925259238222 1.1259500000000002 2.1493000000000007 0.0015229768892709502 50.146609727321433 0.98492686396778917 1.635 0.014110400279899652 0.017697632411990953 0.016006320788550302
decision_type=2 2 2 2 2 2 2 2 2 2 2 2 2 2 2 2 2 2 2 2 2 2 2 2 2 2 2 2 2
left_child=1 2 3 12 6 7 21 19 15 10 13 -12 -1 -4 -10 -8 26 -18 28 -6 -14 22 -3 -11 -23 -25 -7 -9 -5
right_child=-2 4 9 18 5 16 8 27 14 23 11 -13 20 -15 -16 -17 17 -19 -20 -21 -22 24 -24 25 -26 -27 -28 -29 -30
leaf_value=8.2904698648329433e-05 -0.0031155737460307454 0.0012162294266255278 0.0010483035532909092 0.00036408610073184334 0 -5.0492237089201797e-05 0.0011185257960423768 0 -0.00054757352172131772 0.00084403752260234037 0.00034371152458511094 0.0022021648934845563 -0.00069921569619327782 5.4294160045409467e-05 0.00083102971236179905 -7.8623443236210737e-05 -0.0013453645327279808 0 -0.00053267539226050894 0.0010961151715368034 -0.0023755266244280268 0.00042428385288803837 4.8547516465822062e-05 5.1773353620726418e-05 -0.00048301577057851403 -0.00058411087959327483 0.00057966593329911121 -0.00074388227571866347 0.0012247347610278259
leaf_weight=28 22 56 102 20 26 35 31 23 687 22 36 70 38 84 20 167 49 38 20 154 22 23 65 56 45 21 23 20 26
leaf_count=28 22 56 102 20 26 35 31 23 687 22 36 70 38 84 20 167 49 38 20 154 22 23 65 56 45 21 23 20 26
internal_value=0 3.61804e-05 0.000463736 -0.000303063 -0.00012136 0.000234829 -0.00024402 0.000659587 -0.000368317 0.000773405 0.000992018 0.00160814 -0.000893284 0.00061813 -0.000503219 9.84125e-05 -0.000397915 -0.000797613 0.000440708 0.000925289 -0.00139191 0.000334175 0.000619092 9.5135e-05 -0.000130955 -8.84533e-05 0.00015414 -0.000380225 0.000930078
internal_weight=2029 2007 545 154 1462 368 1094 223 905 391 292 106 88 186 707 198 145 87 66 180 60 189 121 99 68 77 58 43 46
internal_count=2029 2007 545 154 1462 368 1094 223 905 391 292 106 88 186 707 198 145 87 66 180 60 189 121 99 68 77 58 43 46
is_linear=0
shrinkage=0.03


Tree=10
num_leaves=26
num_cat=0
split_feature=24 21 21 15 14 21 21 20 24 24 24 10 13 14 22 24 15 21 11 24 22 24 14 20 11
split_gain=0.143922 0.13776 0.0925881 0.0796408 0.0783044 0.0727342 0.118882 0.0615753 0.0605314 0.0589488 0.0570279 0.0546506 0.0360407 0.0354675 0.0278729 0.022599 0.0209159 0.0204826 0.0166658 0.0159198 0.0522445 0.0268975 0.0152154 0.00785841 0.000393408
threshold=50.250000000000007 2.3850000000000002 3.6500000000000004 0.021974976331153504 0.009071468892561203 1.3050000000000004 1.7850000000000004 90.235000610351562 49.550000000000004 51.850000000000001 49.550000000000004 0.99092305023024629 0.99103833946488362 0.014893135687670452 15.974999904632552 51.250000000000007 0.014482850586202351 2.1750000000000003 1.0922775424914968 51.850000000000001 18.845000267028755 50.850000000000001 0.013779468175065751 93.264999389648423 0.97609817659534504
decision_type=2 2 2 2 2 2 2 2 2 2 2 2 2 2 2 2 2 2 2 2 2 2 2 2 2
left_child=2 4 3 5 11 -1 8 -6 -7 12 -8 -2 15 -4 17 -3 23 -13 -16 21 -21 -9 -11 -14 -17
right_child=1 9 13 -5 7 6 10 19 -10 22 -12 14 16 -15 18 24 -18 -19 -20 20 -22 -23 -24 -25 -26
leaf_value=-0.0020651276663917559 0.0024965186360059303 -7.3491609708677662e-05 0.0013649908446357584 0.0013206286602839826 -0.00086920383873262559 0.0014849570948903543 -0.00020744505487026228 0.00076587397751206037 2.1996134549171762e-05 -0.0016756911846319341 -0.00079551559220424441 -0.00025390688604854332 -0.00033648580922163092 1.2573462120669206e-06 0.0016675275667180675 0.0011790717354576504 -0.00083722684212024219 0.00073945969382159245 0.00037850367807021199 0.0020964690409177407 0.00034222710391386993 0.00015305498251323081 -0.00037133147992679603 9.4885603916880314e-05 0.00050063017939100971
leaf_weight=22 23 35 39 24 34 28 276 91 248 28 371 25 64 38 42 20 48 45 21 21 73 285 22 75 31
leaf_count=22 23 35 39 24 34 28 276 91 248 28 371 25 64 38 42 20 48 45 21 21 73 285 22 75 31
internal_value=0 0.000261113 -0.000244209 -0.000326119 0.000510771 -0.000372464 -0.000326681 0.000319325 0.000186068 -0.000239769 -0.000549991 0.00110421 -5.31e-05 0.000739086 0.000824211 0.000438333 -0.000296194 0.000343853 0.00129736 0.000413336 0.000783654 0.000310966 -0.00117913 -8.32877e-05 0.000841936
internal_weight=2029 983 1046 969 660 945 923 504 276 323 647 156 273 77 133 86 187 70 63 470 94 376 50 139 51
internal_count=2029 983 1046 969 660 945 923 504 276 323 647 156 273 77 133 86 187 70 63 470 94 376 50 139 51
is_linear=0
shrinkage=0.03


Tree=11
num_leaves=27
num_cat=0
split_feature=23 19 24 22 19 22 16 24 10 14 23 16 22 21 10 24 22 18 23 17 19 11 17 16 11 24
split_gain=0.233305 0.13702 0.132036 0.0653401 0.102013 0.0785981 0.0657056 0.0592217 0.0522364 0.0517387 0.0771067 0.0435481 0.0426798 0.0391193 0.0351923 0.0363428 0.0348013 0.031791 0.0276937 0.0388802 0.0243559 0.0195322 0.0172921 0.0140968 0.00545363 0.0038927
threshold=8.775800000000002 98.941250000000011 50.050000000000004 20.760000228881804 101.27910000000001 11.494999885559052 56.606967200653166 49.550000000000004 0.97161754161692626 0.009239334193264951 1.6552000000000002 57.18150589030671 16.144999504089302 1.8550000000000002 0.98439847301741035 50.050000000000004 17.510000228881804 0.41580925259238222 2.1493000000000007 0.0015229768892709502 98.753400000000013 1.0187093935743012 0.0022840071060004001 46.526888616824628 0.94965152489780669 49.650000000000013
decision_type=2 2 2 2 2 2 2 2 2 2 2 2 2 2 2 2 2 2 2 2 2 2 2 2 2 2
left_child=1 2 8 5 6 18 17 13 -1 10 22 -9 20 -7 24 -16 -14 -5 19 -3 -11 -10 -4 -20 -6 -8
right_child=-2 3 9 4 14 7 25 11 21 12 -12 -13 16 -15 15 -17 -18 -19 23 -21 -22 -23 -24 -25 -26 -27
leaf_value=0.00039707363895805819 -0.0030033423609059787 0.001165512082381419 0.0009244651622384002 0 0.00054581689595111784 0.0010634882164013105 0 -0.00036311141880933254 -0.0020187591323224097 -0.00040252187353159697 0.0025194146179353758 -0.0010121941137212244 0.0017592885661125181 -7.1038730130697201e-05 -0.0012954359476547688 0 0.00050799401288025025 0.0010528605764821893 0.00035946484450967268 3.9502654097635636e-05 0.00056666457754737855 -0.00054984775226977133 0 -0.00048979438117451295 0 -0.000667881434750078
leaf_weight=20 22 56 56 26 20 31 23 587 22 69 30 120 24 167 49 38 243 154 25 65 33 26 22 43 38 20
leaf_count=20 22 56 56 26 20 31 23 587 22 69 30 120 24 167 49 38 243 154 25 65 33 26 22 43 38 20
internal_value=0 3.5379e-05 0.000442054 -0.000114368 0.000226913 -0.00023201 0.000633643 -0.000349766 -0.000767229 0.000621967 0.00121356 -0.000478792 0.0004379 9.59654e-05 -0.000378118 -0.000762764 0.000637809 0.000889497 0.000314929 0.000590503 -5.7378e-05 -0.00131178 0.000647794 -0.000133404 0.000151152 -0.000365064
internal_weight=2029 2007 545 1462 368 1094 223 905 68 477 108 707 369 198 145 87 267 180 189 121 102 48 78 68 58 43
internal_count=2029 2007 545 1462 368 1094 223 905 68 477 108 707 369 198 145 87 267 180 189 121 102 48 78 68 58 43
is_linear=0
shrinkage=0.03


Tree=12
num_leaves=16
num_cat=0
split_feature=23 19 23 16 23 14 19 19 19 11 21 23 22 21 17
split_gain=0.220099 0.129369 0.0745379 0.055059 0.0537614 0.0618986 0.0530227 0.0460933 0.0575084 0.0285637 0.0389884 0.0237525 0.0171269 0.00773876 0.00080129
threshold=8.775800000000002 97.244700000000009 0.23350000000000001 51.109947773067923 1.9643500000000003 0.008330861053501103 98.853950000000012 97.858700000000013 101.25965000000001 1.1031440244421296 0.87500000000000011 1.3824000000000003 20.025000572204554 0.63500000000000012 -0.0033470735050549999
decision_type=2 2 2 2 2 2 2 2 2 2 2 2 2 2 2
left_child=1 9 12 7 5 -5 -6 -4 -9 10 11 13 14 -1 -3
right_child=-2 2 3 4 6 -7 -8 8 -10 -11 -12 -13 -14 -15 -16
leaf_value=0.00019347447947883563 -0.0029171595984826913 -0.00056573430459353738 -0.0011448721518011198 0.00087850906785111869 0.00035358015799258829 -9.9060712195555816e-05 -0.00050135259191004078 0.00042073781510244883 -6.0112225562984913e-05 -0.00015408540926529728 0.0019654385333816552 -0.00013194861894716387 -5.5239109620451914e-05 0.00096155539442956128 -0.0013288901772117241
leaf_weight=26 22 21 22 74 72 246 429 482 399 21 28 22 24 97 44
leaf_count=26 22 21 22 74 72 246 429 482 399 21 28 22 24 97 44
internal_value=0 3.43085e-05 -4.30749e-05 0 -0.000176825 0.000119689 -0.000372052 0.000162433 0.000199741 0.000769381 0.000898961 0.000660421 -0.000884747 0.00082626 -0.00114009
internal_weight=2029 2007 1813 1724 821 320 501 903 881 194 173 145 89 123 65
internal_count=2029 2007 1813 1724 821 320 501 903 881 194 173 145 89 123 65
is_linear=0
shrinkage=0.03


Tree=13
num_leaves=26
num_cat=0
split_feature=23 22 18 23 23 17 16 24 23 15 15 14 22 22 15 24 21 11 22 23 7 22 20 13 14
split_gain=0.207617 0.105986 0.0913704 0.0900011 0.115845 0.0654403 0.0537138 0.0465712 0.0385527 0.0792934 0.041069 0.0573979 0.0380029 0.0367479 0.0317762 0.0300285 0.0273897 0.0336444 0.0272229 0.0175918 0.0133056 0.0131327 0.0107144 0.00610435 0.00321379
threshold=8.775800000000002 20.760000228881804 0.60104624169630416 1.0789000000000002 1.7358000000000002 0.0013057198774169502 52.654722481144439 50.050000000000004 8.064700000000002 0.014926360124227203 0.0088063895243828006 0.0082570441001131503 10.255000114440902 15.710000038146951 0.01346198031342285 51.350000000000001 1.8450000000000004 0.92473868526057068 12.934999942779502 1.6852000000000003 0.022310314676213954 17.319999694824155 96.014999389648423 0.99207735226498295 0.014714363869296051
decision_type=2 2 2 2 2 2 2 2 2 2 2 2 2 2 2 2 2 2 2 2 2 2 2 2 2
left_child=1 3 7 16 5 19 12 14 10 -10 -4 -12 -6 -7 -3 -8 18 -18 -1 -5 24 -19 -20 -16 -9
right_child=-2 2 8 4 6 13 15 20 9 -11 11 -13 -14 -15 23 -17 17 21 22 -21 -22 -23 -24 -25 -26
leaf_value=-0.0008969904381914862 -0.0028334497550259463 -0.0016960598010068329 -0.00053602917557249647 0.00073119275001159751 0.0010427142670828727 -0.00016513191623492346 -0.00068169651477500829 0.00052989550287436168 -0.0011617312568229284 0.00082029246784786649 0.0021182175043172068 0.00063944752017994037 -3.8363870306086806e-05 0.00080528254222607593 1.3244651956483714e-05 -0.00010727231904558814 -7.0755657402332871e-05 -0.0013791696119231772 -4.9148485455662002e-05 0.0017197766667052816 -0.0002741432501905365 -0.00034014912812995135 0.00078407090237098077 -0.00060316705378603991 0
leaf_weight=27 22 25 20 64 30 103 213 48 32 39 27 353 486 50 20 156 39 84 24 38 39 23 20 20 27
leaf_count=27 22 25 20 64 30 103 213 48 32 39 27 353 486 50 20 156 39 84 24 38 39 23 20 20 27
internal_value=0 3.31109e-05 0.000348968 -0.00011612 -6.6515e-06 0.000552713 -0.000171652 -0.000215079 0.000569687 -3.50755e-05 0.000684334 0.000757676 2.05821e-05 0.000135686 -0.000855847 -0.000447905 -0.000674781 -0.000913083 -0.000137208 0.00114174 0.000128449 -0.00118882 0.000271928 -0.000228985 0.000378123
internal_weight=2029 2007 650 1357 1140 255 885 179 471 71 400 380 516 153 65 369 217 146 71 102 114 107 44 40 75
internal_count=2029 2007 650 1357 1140 255 885 179 471 71 400 380 516 153 65 369 217 146 71 102 114 107 44 40 75
is_linear=0
shrinkage=0.03


Tree=14
num_leaves=31
num_cat=0
split_feature=19 18 22 21 22 20 15 17 11 21 22 19 11 19 4 11 16 20 20 21 3 20 18 19 15 15 11 19 16 19
split_gain=0.139173 0.0704569 0.0736981 0.0627637 0.0637648 0.0523877 0.0484045 0.0483645 0.0436276 0.0382562 0.0813774 0.0597081 0.0347275 0.0313567 0.0278393 0.0255173 0.0242143 0.0212483 0.0152629 0.0138973 0.0122929 0.0117236 0.0145373 0.0114281 0.00898725 0.0074703 0.00641182 0.00606342 0.00186716 0.000814155
threshold=98.941250000000011 0.51218077638143866 15.230000019073453 3.5350000000000006 11.215000152587852 97.865001678466768 0.014462033838605002 0.0052757747257665506 0.95646607849404119 2.2250000000000005 18.595000267028755 102.39720000000001 1.0712386221518877 100.60710000000002 -0.0017309435031984998 0.99729969183132428 62.792946944658247 96.25500106811522 93.354999542236314 1.3900000000000001 -0.0015987342127886499 97.165000915527315 0.5659442040674082 101.23795000000001 0.013148340693509352 0.018889189022935352 1.0244847970805739 100.18585 54.3418876620416 96.910500000000013
decision_type=2 2 2 2 2 2 2 2 2 2 2 2 2 2 2 2 2 2 2 2 2 2 2 2 2 2 2 2 2 2
left_child=1 14 5 4 18 15 -7 9 -9 10 -6 -11 16 -5 -1 -3 19 29 26 -4 -16 22 -20 25 -22 -15 -2 -10 -17 -14
right_child=3 2 12 13 7 6 -8 8 27 11 -12 -13 17 23 20 28 -18 -19 21 -21 24 -23 -24 -25 -26 -27 -28 -29 -30 -31
leaf_value=-0.00091453962432019203 0.00033748750627526772 3.1718909154616049e-05 0.00064815789080557807 0.0016039072027488144 -0.00030249283776310722 0.0013160593280657561 -0.00037758565996773541 0.00023183757229708134 -0.00041300752654206013 -0.00062109364878106996 0.00048434607599066095 -2.5416240306021422e-07 -0.00028753041814447248 -0.00046218021012927322 -0.00048661768610548716 -0.00046900056781513352 0.0018994261867577031 0.00097313486219250723 0.0014506561612943184 0.001292105157743208 0.00064964609885249621 1.4996822404542133e-05 0.00037811116502184345 0.00069599690128816286 -1.3766178252318666e-06 0.00027899816732567093 -0.00030004710236431229 -0.0013286912356755541 -0.0013473908687415329 0
leaf_weight=36 22 30 143 21 332 37 21 21 20 360 182 243 20 21 22 20 30 20 23 63 32 34 46 29 25 25 34 71 22 24
leaf_count=36 22 30 143 21 332 37 21 21 20 360 182 243 20 21 22 20 30 20 23 63 32 34 46 29 25 25 34 71 22 24
internal_value=0 0.000409978 0.00058811 -0.000150159 -0.000203195 0 0.000655989 -0.000277732 -0.000878217 -0.000214107 -1.76598e-05 -0.000376286 0.00084594 0.000579916 -0.000229549 -0.000545969 0.0010165 0.000164865 0.000352328 0.000864877 5.2629e-05 0.000568383 0.0007941 0.000236393 0.000317285 0 0 -0.00116673 -0.00101951 -0.000149325
internal_weight=2029 545 430 1484 1388 130 58 1229 112 1117 514 603 300 96 115 72 236 64 159 206 79 103 69 75 57 46 56 91 42 44
internal_count=2029 545 430 1484 1388 130 58 1229 112 1117 514 603 300 96 115 72 236 64 159 206 79 103 69 75 57 46 56 91 42 44
is_linear=0
shrinkage=0.03


Tree=15
num_leaves=26
num_cat=0
split_feature=23 22 23 23 18 17 11 24 24 10 23 15 15 22 24 21 11 22 23 15 14 22 24 7 15
split_gain=0.192423 0.0949166 0.0831492 0.106365 0.0829016 0.0603955 0.0435818 0.0440226 0.0393353 0.0374069 0.0491565 0.0387709 0.0376764 0.033317 0.0286247 0.0252304 0.0318557 0.0252959 0.0158667 0.0155717 0.0306715 0.0119503 0.0096443 0.00611579 0.00307637
threshold=8.775800000000002 20.760000228881804 1.0789000000000002 1.7358000000000002 0.41186462901082782 0.0013057198774169502 1.086996633077473 51.250000000000007 50.050000000000004 0.99021499284984416 8.064700000000002 0.01534821507792985 0.013916714597153802 15.710000038146951 49.550000000000004 1.8450000000000004 0.92473868526057068 12.934999942779502 1.6852000000000003 0.017697632411990953 0.011190173704226052 17.319999694824155 49.95000000000001 0.027121414248925352 0.014300051644151652
decision_type=2 2 2 2 2 2 2 2 2 2 2 2 2 2 2 2 2 2 2 2 2 2 2 2 2
left_child=1 2 15 5 8 18 7 -5 14 19 12 -12 -11 -7 -3 17 -17 -1 -4 20 -6 -18 -19 24 -10
right_child=-2 4 3 6 9 13 -8 -9 23 10 11 -13 -14 -15 -16 16 21 22 -20 -21 -22 -23 -24 -25 -26
leaf_value=-0.00086211910863806095 -0.0027278586666545138 -8.7047764322841924e-05 0.00070300013274267813 -0.000310490856991942 0.001583896995987743 -0.00015487860690840393 -0.0010588011586087499 0.00012141843769309478 0.0004799972601019992 0.00073641905412084136 -0.0012168372564558539 0.00037952943252665661 5.9669604284708651e-05 0.0007683494200224659 -0.0017249267560367186 -5.4566731484374028e-05 -0.0013255266698871684 0.00074941850646532005 0.0016511258071718307 0.0013632051401461162 0.00027902080314406367 -0.00032426363410922935 -3.3813020791858432e-05 -0.00032861154179342764 0
leaf_weight=27 22 22 64 453 23 103 46 386 25 186 30 20 140 50 25 39 84 20 38 53 80 23 24 21 25
leaf_count=27 22 22 64 453 23 103 46 386 25 186 30 20 140 50 25 39 84 20 38 53 80 23 24 21 25
internal_value=0 3.18156e-05 -0.000109317 -4.00544e-06 0.00033078 0.000531904 -0.000162232 -0.000108302 -0.000371947 0.000492681 0.000316636 -0.000524546 0.000456036 0.00013038 -0.00103855 -0.000646246 -0.000875066 -0.000128429 0.00109795 0.000893167 0.000611675 -0.00114307 0.000264277 3.59522e-05 0.000251334
internal_weight=2029 2007 1357 1140 650 255 885 839 118 532 376 50 326 153 47 217 146 71 102 156 103 107 44 71 50
internal_count=2029 2007 1357 1140 650 255 885 839 118 532 376 50 326 153 47 217 146 71 102 156 103 107 44 71 50
is_linear=0
shrinkage=0.03


Tree=16
num_leaves=31
num_cat=0
split_feature=19 24 24 19 17 21 10 21 24 24 20 20 11 15 20 24 20 10 19 17 16 20 24 15 15 18 21 17 18 10
split_gain=0.125066 0.109616 0.0589217 0.0563636 0.084389 0.0523068 0.0522341 0.047497 0.0462367 0.0650856 0.0587511 0.0632264 0.0388333 0.0383102 0.0368424 0.0532786 0.032439 0.0267078 0.025138 0.0206848 0.0182492 0.0161869 0.0154776 0.0145259 0.0140213 0.00976736 0.00864295 0.00810221 0.00548376 0.00160772
threshold=98.941250000000011 50.350000000000001 49.45000000000001 98.853950000000012 -0.0041781951554927489 1.8550000000000002 0.9961624212470388 3.6500000000000004 51.850000000000001 51.150000000000013 105.79500198364201 100.24999999999952 1.086996633077473 0.015875362578722855 96.685001373290959 51.45000000000001 99.409999847412124 0.97246424548489374 103.38335000000002 0.0016344976523189002 49.409669244197765 106.53000259399352 49.95000000000001 0.0091279815972974011 0.01534821507792985 0.55238665010313048 1.6150000000000004 -0.0063283763167818995 0.97819147350319835 1.0205097751987371
decision_type=2 2 2 2 2 2 2 2 2 2 2 2 2 2 2 2 2 2 2 2 2 2 2 2 2 2 2 2 2 2
left_child=1 3 5 4 27 -2 24 18 9 10 11 -4 17 14 15 -8 -16 -11 23 -5 -12 -9 -6 -7 28 -10 29 -1 -3 -15
right_child=2 6 8 19 22 7 13 21 25 12 20 -13 -14 26 16 -17 -18 -19 -20 -21 -22 -23 -24 -25 -26 -27 -28 -29 -30 -31
leaf_value=0.00067062859453260895 0.0012352652416863876 0.0022133419482658306 -0.00030916930162188462 0.0012202891476816781 -0.00069316225394825727 0.00019281167588196694 -0.00032266171711962672 0.0015970348195571984 -0.00036382701128189051 0.0009438331647875852 0.00097801662950466059 -0.0011938103147414187 -0.00096428449607740803 0.00030054052731872571 0.0017115454112122555 0.00081294408972131676 0.00049320841148523063 0.00011450772767249658 0.00073066354973707357 0 0 0.00021607058342424748 -0.0018776722685010596 -0.00045345156530865856 0.00052970865806988021 -0.0015118620251155185 -0.00055420791683718563 -1.261122288732704e-05 0.00097174626056637078 0
leaf_weight=24 41 26 660 22 33 34 59 20 20 41 35 85 25 22 48 87 50 305 23 22 22 22 32 121 21 30 23 21 20 35
leaf_count=24 41 26 660 22 33 34 59 20 20 41 35 85 25 22 48 87 50 305 23 22 22 22 32 121 21 30 23 21 20 35
internal_value=0 0.00038873 -0.00014226 -0.000274316 -0.000649031 0.000260884 0.000657565 6.09529e-05 -0.000230888 -0.000189182 -0.000342103 -0.000415588 0.000133357 0.000482908 0.000670199 0.000334554 0.00113151 0.000223863 -0.00013987 0.000589409 0.000557245 0.000965287 -0.00134137 -0.000292133 0.00143854 -0.00112761 -5.25145e-05 0.000293223 0.00176951 0.000104264
internal_weight=2029 545 1484 154 110 261 391 220 1223 1173 802 745 371 324 244 146 98 346 178 44 57 42 65 155 67 50 80 45 46 57
internal_count=2029 545 1484 154 110 261 391 220 1223 1173 802 745 371 324 244 146 98 346 178 44 57 42 65 155 67 50 80 45 46 57
is_linear=0
shrinkage=0.03


Tree=17
num_leaves=17
num_cat=0
split_feature=23 19 23 10 15 23 15 14 22 15 21 12 9 22 15 19
split_gain=0.176904 0.100079 0.0610835 0.0527637 0.0406164 0.037484 0.0572492 0.0455347 0.0284445 0.0251607 0.0376448 0.0140806 0.012384 0.0105598 0.00484126 0.00342138
threshold=8.775800000000002 97.244700000000009 0.23350000000000001 0.99521535542003547 0.018248016105493401 1.9643500000000003 0.008465641009179202 0.008330861053501103 10.374999999999952 0.012759140428243701 0.65500000000000014 0.98079930064972909 1.0052796977811702 20.960000038146905 0.015689566924494004 95.960900000000009
decision_type=2 2 2 2 2 2 2 2 2 2 2 2 2 2 2 2
left_child=1 9 11 4 8 7 -7 -5 -4 10 -1 -3 -11 -6 -13 -14
right_child=-2 2 3 5 13 6 -8 -9 -10 12 -12 14 15 -15 -16 -17
leaf_value=2.2292159230785501e-05 -0.0026153238906484583 0 0.0010332208928652106 0.00069118115955246707 0.00026506524293038705 -0.0016270735696224229 -0.00021509474254749968 -7.9493729340800542e-05 7.4233536465061697e-05 0.00069193943854506032 0.0014580237769841913 -0.0013396615640570719 0.00019690541771412356 0.0012679272396489976 -0.00053954741549130307 -0.00026102981219604688
leaf_weight=28 22 21 29 87 25 27 589 300 629 43 63 35 38 38 33 22
leaf_count=28 22 21 29 87 25 27 589 300 629 43 63 35 38 38 33 22
internal_value=0 3.07245e-05 -3.71478e-05 8.91006e-07 0.000198206 -0.000138016 -0.000284382 8.73617e-05 0.000122555 0.000677338 0.00105391 -0.000799146 0.000308855 0.000927201 -0.0010083 0
internal_weight=2029 2007 1813 1724 721 1003 616 387 658 194 91 89 103 63 68 60
internal_count=2029 2007 1813 1724 721 1003 616 387 658 194 91 89 103 63 68 60
is_linear=0
shrinkage=0.03


Tree=18
num_leaves=30
num_cat=0
split_feature=19 24 24 22 20 17 20 21 21 15 20 14 22 20 11 22 22 20 19 14 17 15 20 15 15 20 15 11 18
split_gain=0.113095 0.103951 0.0553917 0.0643833 0.0515091 0.0535321 0.0523897 0.049518 0.044699 0.0434157 0.0812629 0.0431853 0.0389243 0.0330642 0.0509309 0.0309788 0.0280664 0.0248843 0.0242533 0.0221004 0.0195639 0.0182677 0.0171858 0.0162867 0.0144131 0.0136753 0.0162784 0.00730835 0.00457054
threshold=98.941250000000011 50.050000000000004 49.45000000000001 11.494999885559052 105.79500198364201 0.0052757747257665506 96.715000152587862 1.8550000000000002 3.5850000000000004 0.012791730901822252 97.034999847412067 0.011530371100085151 16.195000648498503 94.674999237060504 1.0425501255135992 18.765000343322704 23.460000038146905 92.75500106811522 103.38335000000002 0.014027078740613902 -0.0046441300346196993 0.010479303423882253 92.81499862670897 0.011099622681272002 0.0091279815972974011 96.115001678466768 0.014763948080146803 0.97042267863656073 0.68372384657695962
decision_type=2 2 2 2 2 2 2 2 2 2 2 2 2 2 2 2 2 2 2 2 2 2 2 2 2 2 2 2 2
left_child=1 11 7 20 5 6 -5 -2 18 10 13 -1 25 14 -3 -14 -10 -17 24 -6 -4 -12 -22 -24 -9 -11 -27 -7 -15
right_child=2 9 3 4 19 27 -8 8 16 12 21 -13 15 28 -16 17 -18 -19 -20 -21 22 -23 23 -25 -26 26 -28 -29 -30
leaf_value=-0.0014424104775169065 0.0012040930923872758 0.001544579908737239 0.0010807159183267505 -8.1413645937528781e-05 -0.00014386128751461258 -0.00036806848744994828 -0.00054987846852822713 0.0001858065048964428 0.0015533724915451153 -0.00091906502403435301 0.002602124637021916 0 0.0012739191025092794 0.00020250404828514617 0.00017676383622545892 -0.00038058165717037 0 0.00049161343601402806 0.00071002082765335211 0.0009729618715600257 -0.00051813105901237573 0.0011534401121316477 0.00060145146396826021 -5.4039776669410235e-06 -0.00045892590099036841 0.00049949660950340336 -0.00059207100578350942 -0.0013334996069236894 -0.00029181034160727587
leaf_weight=34 41 46 24 491 20 20 408 34 25 23 23 34 36 25 64 36 20 106 23 37 26 35 71 68 118 24 23 58 36
leaf_count=34 41 46 24 491 20 20 408 34 25 23 23 34 36 25 64 36 20 106 23 37 26 35 71 68 118 24 23 58 36
internal_value=0 0.000369968 -0.000134967 -0.000220956 -0.000315372 -0.000368468 -0.000297729 0.000255817 6.08693e-05 0.000530134 0.00083273 -0.000701472 0.000236451 0.000474146 0.000784549 0.000478526 0.000902621 0.000248399 -0.000142434 0.000533646 0.000278737 0.00181313 0.000138205 0.000285226 -0.00029483 -0.000334927 0 -0.00113172 -4.08367e-05
internal_weight=2029 545 1484 1223 1034 977 899 261 220 477 229 68 248 171 110 178 45 142 175 57 189 58 165 139 152 70 47 78 61
internal_count=2029 545 1484 1223 1034 977 899 261 220 477 229 68 248 171 110 178 45 142 175 57 189 58 165 139 152 70 47 78 61
is_linear=0
shrinkage=0.03


Tree=19
num_leaves=25
num_cat=0
split_feature=23 22 23 23 18 23 14 10 21 10 24 23 15 24 14 15 11 21 10 22 21 24 14 24
split_gain=0.164096 0.0828974 0.0825523 0.0687582 0.0639949 0.0551015 0.05263 0.0476758 0.0524264 0.0476168 0.0403265 0.0696313 0.0291501 0.027457 0.02651 0.0217908 0.020541 0.0295626 0.0147887 0.0127312 0.0114309 0.00553338 0.00361686 0.00252248
threshold=8.775800000000002 18.595000267028755 1.0789000000000002 1.7358000000000002 0.30697182396785677 1.7358000000000002 0.0078263501049659519 0.99504740409853287 3.5250000000000004 0.98159587187163055 51.250000000000007 3.4936000000000003 0.017697632411990953 49.350000000000001 0.008330861053501103 0.010158605266663852 0.91668251301190773 1.8750000000000002 1.0145845750866298 12.934999942779502 2.1750000000000003 49.650000000000013 0.011488775115904452 50.95000000000001
decision_type=2 2 2 2 2 2 2 2 2 2 2 2 2 2 2 2 2 2 2 2 2 2 2 2
left_child=1 2 16 9 15 6 -6 12 -9 -4 13 -12 -7 -5 -11 -3 -1 19 -8 -18 23 -22 -19 -17
right_child=-2 4 3 10 5 7 18 8 -10 14 11 -13 -14 -15 -16 20 17 22 -20 -21 21 -23 -24 -25
leaf_value=0 -0.0025186006711876911 -0.0012446571405577871 0.0017286321725696323 3.5437981620568521e-05 0.0018947157483547921 0.00024863551793515492 0.00071363968879577765 -0.00040943595894497587 0.00065479208775444538 0.00079245567490722685 -4.3700482417207688e-05 0.0017288773528167177 0.0012236423950284581 -0.00054874508241549197 1.7845025123097002e-05 0.00030107032685455949 -0.00079725041147321455 -0.00164111263893785 0.00024186522258323951 0 0 -0.00071368021009997893 -0.00090103438894253811 -1.2120283802297692e-05
leaf_weight=29 22 20 23 87 29 126 170 177 52 60 362 20 40 261 139 32 27 30 132 44 23 32 65 27
leaf_count=29 22 20 23 87 29 126 170 177 52 60 362 20 40 261 139 32 27 30 132 44 23 32 65 27
internal_value=0 2.98547e-05 -0.000135353 -1.66676e-05 0.000253582 0.00036673 0.000653741 0.000117602 -0.000152937 0.000440921 -0.000160341 4.55435e-05 0.000507461 -0.00039442 0.00026919 -0.000335397 -0.000696435 -0.000824589 0.000518813 -0.000296716 -0.000140354 -0.000459584 -0.00118065 0.000109933
internal_weight=2029 2007 1147 952 860 726 331 395 229 222 730 382 166 348 199 134 195 166 302 71 114 55 95 59
internal_count=2029 2007 1147 952 860 726 331 395 229 222 730 382 166 348 199 134 195 166 302 71 114 55 95 59
is_linear=0
shrinkage=0.03


Tree=20
num_leaves=17
num_cat=0
split_feature=23 19 23 10 23 24 20 11 14 19 23 17 17 18 24 22
split_gain=0.154827 0.0856081 0.0540288 0.0490641 0.0333193 0.0449109 0.0359282 0.0227629 0.0269217 0.0222446 0.0324849 0.0252716 0.0131484 0.0128803 0.00560182 0.0049771
threshold=8.775800000000002 97.244700000000009 0.23350000000000001 0.99521535542003547 1.9643500000000003 50.350000000000001 102.54500198364202 1.1031440244421296 0.0081412417413042511 101.93900000000001 1.0789000000000002 -0.0052290973533459994 -0.0033470735050549999 0.59463952865725456 50.850000000000001 17.025000572204554
decision_type=2 2 2 2 2 2 2 2 2 2 2 2 2 2 2 2
left_child=1 7 12 9 5 -5 -6 8 -1 10 -4 -11 -3 -10 -15 -14
right_child=-2 2 3 4 6 -7 -8 -9 13 11 -12 -13 15 14 -16 -17
leaf_value=0.0017469437019899485 -0.0024463279443266597 -8.1863728355905359e-05 -0.00018917784431100553 -0.00018998831802521118 -0.00037168059956721965 0.00045722514670063364 0.00023674597910455 -0.00019110391771854748 0 -0.00098127026529982683 0.0004113914462337818 4.502036252030893e-05 -0.0013167591248771972 0.0011591455280780792 0.00050754319457463793 -0.00046654830853679285
leaf_weight=23 22 28 92 221 518 166 98 21 30 23 424 182 34 29 91 27
leaf_count=23 22 28 92 221 518 166 98 21 30 23 424 182 34 29 91 27
internal_value=0 2.90973e-05 -3.35574e-05 2.11645e-06 -0.000131758 8.03587e-05 -0.000269796 0.000627182 0.00074428 0.000192432 0.000298352 -5.97658e-05 -0.000750266 0.00056012 0.000698085 -0.00100242
internal_weight=2029 2007 1813 1724 1003 387 616 194 173 721 516 205 89 150 120 61
internal_count=2029 2007 1813 1724 1003 387 616 194 173 721 516 205 89 150 120 61
is_linear=0
shrinkage=0.03


Tree=21
num_leaves=18
num_cat=0
split_feature=23 19 24 24 23 11 10 14 22 23 21 20 20 23 15 15 10
split_gain=0.146054 0.0810878 0.0922932 0.0567877 0.0495938 0.0523752 0.0402842 0.0399139 0.0370281 0.0349567 0.0349331 0.0335371 0.0318195 0.0246908 0.0123781 0.0073529 0.00191777
threshold=8.775800000000002 98.941250000000011 50.050000000000004 51.850000000000001 0.23350000000000001 1.086996633077473 0.9961624212470388 0.011530371100085151 16.144999504089302 1.0789000000000002 3.6500000000000004 97.954998016357365 96.514999389648423 2.8322500000000006 0.016454681168589901 0.012304904970474402 0.97060358648186174
decision_type=2 2 2 2 2 2 2 2 2 2 2 2 2 2 2 2 2
left_child=1 2 7 4 14 10 9 -1 11 -4 -6 -8 -10 -5 16 -11 -3
right_child=-2 3 6 13 5 -7 8 -9 12 15 -12 -13 -14 -15 -16 -17 -18
leaf_value=-0.0013801031149391616 -0.0023761288833035071 -0.00056247993070532439 0 -0.0018403546825132291 0 -0.00090030940699424317 -0.00085944801683609292 0 0.00028026238343060257 0.0016621068383433988 0.00066519520473899316 0.00026240901070597925 0.0010468884014431387 -0.00032402728851176451 -0.00017267273237424281 0.00084050236583468223 -0.0013488767704527293
leaf_weight=34 22 27 23 22 1194 55 38 34 195 41 74 56 74 28 35 50 27
leaf_count=34 22 27 23 22 1194 55 38 34 195 41 74 56 74 28 35 50 27
internal_value=0 2.8148e-05 0.000341244 -8.667e-05 -4.88841e-05 -2.56087e-07 0.000492417 -0.000667479 0.000323865 0.000995552 3.70987e-05 -0.000163802 0.000505363 -0.00107304 -0.00073038 0.00125733 -0.0010276
internal_weight=2029 2007 545 1462 1412 1323 477 68 363 114 1268 94 269 50 89 91 54
internal_count=2029 2007 545 1462 1412 1323 477 68 363 114 1268 94 269 50 89 91 54
is_linear=0
shrinkage=0.03


Tree=22
num_leaves=22
num_cat=0
split_feature=23 19 24 24 23 23 16 19 10 13 15 22 11 20 23 11 23 20 13 15 20
split_gain=0.137763 0.076625 0.0874631 0.0537173 0.0470268 0.0549024 0.0661942 0.0468549 0.0546268 0.0440835 0.0368698 0.0299889 0.0326906 0.0290462 0.0230986 0.0159303 0.0140967 0.0137295 0.0116761 0.00927647 0.00481165
threshold=8.775800000000002 98.941250000000011 50.350000000000001 51.850000000000001 0.78200000000000014 1.7358000000000002 51.266216290720514 98.853950000000012 0.97161754161692626 0.99682637129010765 0.015875362578722855 18.904999732971152 0.92473868526057068 96.645000457763658 2.8322500000000006 1.0469738531435164 1.1259500000000002 93.584999084472614 0.99819333016120082 0.014359848208978001 99.970001220703111
decision_type=2 2 2 2 2 2 2 2 2 2 2 2 2 2 2 2 2 2 2 2 2
left_child=1 2 7 4 11 15 -7 8 -1 19 13 12 -3 -11 -5 -6 -10 -9 -13 -4 -12
right_child=-2 3 9 14 5 6 -8 17 16 10 20 18 -14 -15 -16 -17 -18 -19 -20 -21 -22
leaf_value=0.00025195643689053564 -0.002307944256002488 0 0.0016791098107082339 -0.0017875444772855742 0.00054554939042423005 0.00013117252065251967 -0.00034759126499436956 0 -0.00068511184758972363 0.0003028591213481822 0 0.00054970502268522983 -0.0011719793853384591 0.0010096355816303281 -0.00031464166545453642 -0.00019858992582885547 -0.0018139570868655067 0.00099457445102278143 -0.00038491199604634728 0.00058433100556430867 -0.00049641340551897888
leaf_weight=38 22 37 38 22 190 586 459 20 50 148 62 24 73 100 28 23 22 24 20 23 20
leaf_count=38 22 37 38 22 190 586 459 20 50 148 62 24 73 100 28 23 22 24 20 23 20
internal_value=0 2.71036e-05 0.000331497 -8.44656e-05 -4.76539e-05 1.07546e-05 -7.63802e-05 -0.000259608 -0.000602121 0.000572032 0.000419115 -0.000541129 -0.000806617 0.000602808 -0.00104388 0.000450625 -0.00109126 0.00052436 5.90994e-05 0.00133079 -0.000100868
internal_weight=2029 2007 545 1462 1412 1258 1045 154 110 391 330 154 110 248 50 213 72 44 44 61 82
internal_count=2029 2007 545 1462 1412 1258 1045 154 110 391 330 154 110 248 50 213 72 44 44 61 82
is_linear=0
shrinkage=0.03


Tree=23
num_leaves=31
num_cat=0
split_feature=19 24 24 22 16 15 21 21 14 15 20 22 22 20 11 14 22 19 20 19 20 15 21 21 20 18 15 20 15 15
split_gain=0.0857679 0.0826132 0.0473205 0.0554884 0.0485925 0.0520772 0.046472 0.0387574 0.0370554 0.0362723 0.0715085 0.0327059 0.0300118 0.0287187 0.0439611 0.0250774 0.0244019 0.0208009 0.0206537 0.0200915 0.034376 0.0167477 0.0165663 0.013422 0.0129232 0.0128216 0.0123408 0.0108834 0.0147209 0.0108326
threshold=98.941250000000011 50.050000000000004 49.45000000000001 11.215000152587852 52.654722481144439 0.017312175234821654 1.8550000000000002 3.6500000000000004 0.011530371100085151 0.012791730901822252 97.034999847412067 16.195000648498503 18.765000343322704 94.674999237060504 1.0425501255135992 0.019007403560025202 23.115000724792452 103.38335000000002 92.75500106811522 101.22290000000002 97.155002593994126 0.010479303423882253 2.7850000000000006 2.9550000000000005 92.81499862670897 0.56006227588680779 0.0091279815972974011 96.115001678466768 0.014763948080146803 0.010461205268614352
decision_type=2 2 2 2 2 2 2 2 2 2 2 2 2 2 2 2 2 2 2 2 2 2 2 2 2 2 2 2 2 2
left_child=1 8 6 24 5 15 -2 17 -1 10 13 27 -13 14 -3 -5 -9 26 -14 20 -6 -12 -21 -7 -4 -26 -8 -11 -29 -27
right_child=2 9 3 4 19 23 7 16 -10 11 21 12 18 -15 -16 -17 -18 -19 -20 22 -22 -23 -24 -25 25 29 -28 28 -30 -31
leaf_value=-0.0013186018415859767 0.0011617317959400158 0.0014004423087958166 -0.00015379981559023937 -0.00019488681099720702 -0.00046935651382222065 0.00066978186776614154 0.00017695345295194002 0.0015414358326436384 0 -0.00085091217054286976 0.0024112356979167087 0.0011975784345602339 -0.00037830945172479273 -7.3797184163918082e-05 0.00012892623662393398 -0.0011768874743810064 0 0.00066283801393001341 0.00041746301963168113 1.9013458291634117e-05 -0.0013933897032908308 0.001030977983396345 -0.00060247022627599482 -5.3663295030634361e-05 0.00095720244881168399 0.00062676402781895984 -0.00041515671979373776 0.00044969929710030559 -0.00058427551118074919 0
leaf_weight=34 41 46 32 611 129 79 34 22 34 23 23 36 36 61 64 25 20 23 106 69 62 35 67 22 36 35 121 24 23 56
leaf_count=34 41 46 32 611 129 79 34 22 34 23 23 36 36 61 64 25 20 23 106 69 62 35 67 22 36 35 121 24 23 56
internal_value=0 0.000322025 -0.000117696 -0.000197316 -0.000276956 -0.000136208 0.000243266 5.404e-05 -0.000631367 0.000465251 0.000741784 0.000195902 0.000418891 0.0004048 0.000695504 -0.000239984 0.000871872 -0.000125964 0.000193504 -0.000583649 -0.000790624 0.00166076 -0.000267424 0.000483807 0.000315274 0.000457182 -0.000265742 -0.000326789 0 0.000218508
internal_weight=2029 545 1484 1223 1064 737 261 220 68 477 229 248 178 171 110 636 42 178 142 327 191 58 136 101 159 127 155 70 47 91
internal_count=2029 545 1484 1223 1064 737 261 220 68 477 229 248 178 171 110 636 42 178 142 327 191 58 136 101 159 127 155 70 47 91
is_linear=0
shrinkage=0.03


Tree=24
num_leaves=18
num_cat=0
split_feature=23 19 23 16 15 22 23 14 19 15 21 22 23 12 12 15 21
split_gain=0.127796 0.0688583 0.0455022 0.0413401 0.0589625 0.0710924 0.0367013 0.0459525 0.0378777 0.0211588 0.037589 0.016534 0.0127303 0.0115213 0.00580159 0.00267137 0.00121498
threshold=8.775800000000002 97.244700000000009 0.23350000000000001 51.266216290720514 0.016691972851690703 33.190000534057553 1.9643500000000003 0.008330861053501103 98.853950000000012 0.012493881967692551 0.65500000000000014 20.960000038146905 1.3824000000000003 0.98079930064972909 1.0131443443588621 0.015689566924494004 0.71500000000000008
decision_type=2 2 2 2 2 2 2 2 2 2 2 2 2 2 2 2 2
left_child=1 9 13 4 5 -4 7 -5 -8 10 -1 -6 14 -3 -11 -15 -12
right_child=-2 2 3 6 11 -7 8 -9 -10 12 16 -13 -14 15 -16 -17 -18
leaf_value=0 -0.0022228243116127408 0 9.8005611226240866e-05 0.0007583803376119124 0.00027629032817097721 -0.0015240152107737956 0.00029837728454610137 -9.3904334851641235e-05 -0.00042611748201442257 0.00064113167928119832 0.00069453085054244318 0.0010819690434019202 -0.00026046288381460021 -0.0011532950825057923 1.5322317411615085e-05 -0.00046801058905582656 0.0015734575457288884
leaf_weight=26 22 21 772 72 54 24 71 242 421 51 20 68 26 35 32 33 39
leaf_count=26 22 21 772 72 54 24 71 242 421 51 20 68 26 35 32 33 39
internal_value=0 2.61657e-05 -2.98642e-05 2.73298e-06 0.000142013 4.34855e-05 -0.000152163 9.37873e-05 -0.000315088 0.000562637 0.000929097 0.000754893 0.000243745 -0.000687645 0.000438625 -0.000875811 0.00134206
internal_weight=2029 2007 1813 1724 918 796 806 314 492 194 85 122 109 89 83 68 59
internal_count=2029 2007 1813 1724 918 796 806 314 492 194 85 122 109 89 83 68 59
is_linear=0
shrinkage=0.03


Tree=25
num_leaves=25
num_cat=0
split_feature=23 22 23 19 23 19 11 14 16 22 13 11 24 14 23 24 19 14 14 11 21 22 13 14
split_gain=0.120572 0.065834 0.0643049 0.0603331 0.0563736 0.0652227 0.07352 0.0507226 0.0477849 0.0416048 0.0384255 0.0378918 0.0344698 0.0266592 0.0241073 0.0273732 0.0417662 0.0235049 0.0180167 0.0172717 0.0253968 0.0113811 0.00608118 0.0019706
threshold=8.775800000000002 18.595000267028755 1.0789000000000002 101.27910000000001 2.3367000000000004 98.853950000000012 1.0091374327871756 0.0082570441001131503 42.644059604993025 14.030000209808302 1.0141332601189188 1.0573426929917351 50.150000000000013 0.011719684111680702 1.7667500000000003 50.150000000000013 101.35350000000001 0.0087509172346337018 0.015593897377690803 0.91668251301190773 1.8650000000000004 12.934999942779502 0.99433703902202175 0.011488775115904452
decision_type=2 2 2 2 2 2 2 2 2 2 2 2 2 2 2 2 2 2 2 2 2 2 2 2
left_child=1 2 19 7 8 9 -7 11 12 -6 13 -3 -4 -9 -5 16 -16 -10 -12 -1 21 -21 -17 -22
right_child=-2 3 4 14 5 6 -8 10 17 -11 18 -13 -14 -15 15 22 -18 -19 -20 20 23 -23 -24 -25
leaf_value=0 -0.0021590389128288492 0.0020275625377122698 1.6866777348332104e-05 0.00048735654608213474 0 -0.00015524629686708346 -0.0011872467139132357 -4.6879575291841904e-05 0.00032339943441752852 0.0016280314640275068 0.00015457785595121269 0.00021507619979092851 0.0011851560743969111 0.00059736527346671215 0 0.00038289668888901357 -0.0012732124236466077 -0.00011311045674944532 -0.00042091816151514647 -0.000707007958653516 -0.001442505597560243 1.3287820380863318e-05 -0.00013636920132495923 -0.00080090281647757027
leaf_weight=29 22 28 44 34 41 194 97 61 164 20 166 23 62 299 44 29 51 330 68 27 32 42 57 65
leaf_count=29 22 28 44 34 41 194 97 61 164 20 166 23 62 299 44 29 51 330 68 27 32 42 57 65
internal_value=0 2.54619e-05 -0.000121587 0.000224982 -1.64446e-05 -0.000320161 -0.000512408 0.000371572 0.00015698 0.000542037 0.000285839 0.00128771 0.000732933 0.000480064 -0.000200584 -0.000348261 -0.000697511 2.61037e-05 -9.73835e-07 -0.000616888 -0.000734653 -0.000231784 6.63778e-06 -0.00105574
internal_weight=2029 2007 1147 860 952 352 291 645 600 61 594 51 106 360 215 181 95 494 234 195 166 69 86 97
internal_count=2029 2007 1147 860 952 352 291 645 600 61 594 51 106 360 215 181 95 494 234 195 166 69 86 97
is_linear=0
shrinkage=0.03


Tree=26
num_leaves=29
num_cat=0
split_feature=19 24 14 24 13 17 20 20 24 24 19 17 14 15 20 24 17 16 20 14 19 14 17 24 19 15 20 15
split_gain=0.0731736 0.0742613 0.049225 0.0460489 0.0391823 0.0356634 0.0361652 0.0542589 0.0502371 0.0388667 0.0376106 0.034731 0.0345148 0.0325448 0.0270638 0.0503982 0.0269447 0.0236466 0.0228184 0.0207606 0.0160251 0.0112683 0.00872392 0.0048808 0.00455483 0.0044788 0.00433188 0.00222422
threshold=98.941250000000011 50.350000000000001 0.013304146144827103 51.850000000000001 0.99682637129010765 0.0052757747257665506 96.829998016357408 92.81499862670897 49.350000000000001 51.650000000000013 102.24035000000002 -0.0041781951554927489 0.02353319530178315 0.015875362578722855 96.645000457763658 51.050000000000004 0.00091447998934655005 48.477166948440299 98.895000457763658 0.016006320788550302 98.805550000000011 0.013779468175065751 -0.0037081140202443997 49.650000000000013 100.42605000000002 0.014300051644151652 99.970001220703111 0.018072348025255553
decision_type=2 2 2 2 2 2 2 2 2 2 2 2 2 2 2 2 2 2 2 2 2 2 2 2 2 2 2 2
left_child=1 2 11 5 22 6 7 17 10 -9 -8 -1 -10 14 15 -6 -4 -2 -16 24 -13 -5 -3 -21 -7 -26 27 -15
right_child=3 4 16 21 13 19 8 9 12 -11 -12 20 -14 26 18 -17 -18 -19 -20 23 -22 -23 -24 -25 25 -27 -28 -29
leaf_value=5.6517927788984787e-05 6.3298559013777708e-05 0.0017044715295545755 0.00088720939540776016 -0.0014289550640347315 -0.00048735372414579616 9.3005619099447199e-05 0.00068419646673537494 0.00020198224278272659 -0.0003588095657680409 0.0010963293793253026 -0.00050338890738785269 -0.0015328594602806811 0.00084593437824930461 0.00025699938490817494 0.0014789027687162159 0.00065924111490341596 -0.00026407423403579746 -0.00059656276593187394 0.00044455617746299187 -0.0013590267691359823 -0.00030552454479038717 -0.00028356427966576552 0.00067973186905411159 -0.00047711138029990247 -0.00052366809841049343 0 -0.00048551924639780614 -0.00011430149891072816
leaf_weight=28 78 29 37 28 49 22 89 409 521 51 29 37 20 21 44 99 29 103 56 28 23 22 32 27 37 20 20 41
leaf_count=28 78 29 37 28 49 22 89 409 521 51 29 37 20 21 44 99 29 103 56 28 23 22 32 27 37 20 20 41
internal_value=0 0.000297654 -0.000246132 -0.0001085 0.000519565 -7.46766e-05 -2.40415e-05 0.000133614 -0.000181906 0.000309809 0.000365345 -0.000718452 -0.000307258 0.000374937 0.000547979 0.000258768 0.000340175 -0.000296934 0.000939508 -0.000539873 -0.00112428 -0.000999249 0.00123492 -0.000995909 -0.0001764 -0.000331916 -0.000112561 0
internal_weight=2029 545 154 1484 391 1434 1300 641 659 460 118 88 541 330 248 148 66 181 100 134 60 50 61 55 79 57 82 62
internal_count=2029 545 154 1484 391 1434 1300 641 659 460 118 88 541 330 248 148 66 181 100 134 60 50 61 55 79 57 82 62
is_linear=0
shrinkage=0.03


Tree=27
num_leaves=26
num_cat=0
split_feature=23 22 23 19 18 23 17 13 24 23 11 19 22 24 23 24 20 11 21 21 23 22 16 14 14
split_gain=0.111769 0.0597349 0.0593973 0.0544379 0.0607773 0.0522727 0.0551111 0.0460238 0.0356594 0.0554967 0.0342565 0.0309861 0.0244566 0.024284 0.0225781 0.0253063 0.0397361 0.0164039 0.0240067 0.0129679 0.0109485 0.0103034 0.00562498 0.00293767 0.00204142
threshold=8.775800000000002 18.595000267028755 1.0789000000000002 101.27910000000001 0.30697182396785677 1.7358000000000002 0.0013057198774169502 1.0141332601189188 51.250000000000007 3.4936000000000003 0.9688320192992611 98.356050000000025 20.824999809265055 49.350000000000001 1.7667500000000003 50.150000000000013 102.54500198364202 0.91668251301190773 1.8750000000000002 2.0650000000000004 1.6852000000000003 12.934999942779502 51.109947773067923 0.011488775115904452 0.021293539709196955
decision_type=2 2 2 2 2 2 2 2 2 2 2 2 2 2 2 2 2 2 2 2 2 2 2 2 2
left_child=1 2 17 4 10 6 20 12 13 -10 -3 -9 -6 -7 -5 16 -16 -1 21 -8 -4 -19 -17 -20 -12
right_child=-2 3 5 14 7 8 19 11 9 -11 24 -13 -14 -15 15 22 -18 18 23 -21 -22 -23 -24 -25 -26
leaf_value=0 -0.0020787448066732156 -0.0012760106084123252 0.00057790936146799739 0.00047591946921477629 0.00014889105992157238 4.2515771583897396e-05 -0.00026989596622217804 0.00049981947889593255 -2.5390373461125495e-05 0.0015553990386958632 0.00010795157091019467 -0.00020297212066246797 0.00084034879315455829 -0.00050577520496098197 -0.0011851362548394326 0.00028330044252770887 0 -0.0006816446918528527 -0.0014464579540034454 0.00031507814699284611 0.0014573576300804102 0 -0.00018951700602968535 -0.00076861493234173391 -0.00023983945384887709
leaf_weight=29 22 24 53 34 70 87 72 105 362 20 53 113 260 261 55 42 40 27 30 63 34 44 44 65 20
leaf_count=29 22 24 53 34 70 87 72 105 362 20 53 113 260 261 55 42 40 27 30 63 34 44 44 65 20
internal_value=0 2.4501e-05 -0.000115488 0.000214609 0.000353927 -1.43209e-05 0.000384203 0.000478587 -0.00013998 5.33856e-05 -0.000317424 0.000122566 0.000703632 -0.000360377 -0.000189158 -0.000332502 -0.000668427 -0.000591494 -0.000706417 0 0.000968348 -0.000227817 7.51326e-06 -0.00102676 0
internal_weight=2029 2007 1147 860 645 952 222 548 730 382 97 218 330 348 215 181 95 195 166 135 87 71 86 95 73
internal_count=2029 2007 1147 860 645 952 222 548 730 382 97 218 330 348 215 181 95 195 166 135 87 71 86 95 73
is_linear=0
shrinkage=0.03


Tree=28
num_leaves=19
num_cat=0
split_feature=23 19 23 10 15 21 23 15 19 15 21 23 17 11 9 15 21 21
split_gain=0.105449 0.0551451 0.0390443 0.0392306 0.027961 0.0278081 0.0387371 0.0298065 0.0200304 0.019178 0.0336679 0.0115645 0.0113373 0.00816285 0.00527781 0.00377668 0.000855034 0.000455965
threshold=8.775800000000002 97.244700000000009 0.23350000000000001 0.99521535542003547 0.018248016105493401 3.5350000000000006 1.9643500000000003 0.013916714597153802 98.488550000000018 0.012493881967692551 0.65500000000000014 1.3824000000000003 -0.0033470735050549999 0.98504095566019212 1.0082730553144603 0.015689566924494004 0.71500000000000008 0.7350000000000001
decision_type=2 2 2 2 2 2 2 2 2 2 2 2 2 2 2 2 2 2
left_child=1 9 12 4 8 6 -5 -7 -4 10 -1 14 -3 -6 -11 -14 -12 -16
right_child=-2 2 3 5 13 7 -8 -9 -10 11 16 -13 15 -15 17 -17 -18 -19
leaf_value=0 -0.0020190938198938967 -1.648558075499624e-05 -0.00054135605015510099 6.7337389133228376e-05 0.0010913451135550673 0.0013218227815814316 -0.00031746284157704527 0 0.00015496515910958322 0.00068579003426323952 0.00062930550772164558 -0.00028158910317708634 -0.0011915043776914956 0.00020420853566611186 0.00018360507636356891 -0.00043081187238021811 0.0014588438230719474 0
leaf_weight=26 22 28 37 387 37 23 559 34 621 35 20 26 30 26 26 31 39 22
leaf_count=26 22 28 37 387 37 23 559 34 621 35 20 26 30 26 26 31 39 22
internal_value=0 2.38173e-05 -2.61579e-05 3.91325e-06 0.00017424 -0.000115589 -0.000156972 0.000510364 0.000110496 0.000503976 0.00085164 0.000200313 -0.000635563 0.000781012 0.000388539 -0.000866494 0.00124282 0.000100997
internal_weight=2029 2007 1813 1724 721 1003 946 57 658 194 85 109 89 63 83 61 59 48
internal_count=2029 2007 1813 1724 721 1003 946 57 658 194 85 109 89 63 83 61 59 48
is_linear=0
shrinkage=0.03


Tree=29
num_leaves=23
num_cat=0
split_feature=23 24 23 16 21 15 21 21 11 24 15 20 17 11 9 15 20 17 21 15 23 12
split_gain=0.0994893 0.0474841 0.0926648 0.0530688 0.0475227 0.066101 0.0384577 0.0558058 0.0461235 0.0389743 0.0263353 0.0249108 0.0221416 0.0216836 0.020786 0.0165273 0.0159258 0.0144312 0.0168446 0.0118326 0.00748307 0.00618429
threshold=8.775800000000002 50.250000000000007 2.1493000000000007 47.71662606236135 1.3550000000000002 0.015076140770187601 3.6500000000000004 1.7850000000000004 0.94315480918116112 49.550000000000004 0.014482850586202351 96.924999237060504 -0.0037081140202443997 1.0328086395923348 1.0191341553965596 0.013916714597153802 92.75500106811522 0.0035591361865283506 2.3150000000000004 0.016739991870188004 1.3824000000000003 0.99872925114511901
decision_type=2 2 2 2 2 2 2 2 2 2 2 2 2 2 2 2 2 2 2 2 2 2
left_child=1 4 3 12 5 -1 7 9 -9 -6 11 -5 -3 17 19 -8 -16 18 -4 -15 -12 -17
right_child=-2 2 13 10 6 -7 15 8 -10 -11 20 -13 -14 14 16 21 -18 -19 -20 -21 -22 -23
leaf_value=-0.0023029064674462587 -0.0019611546242528635 0.001948325882409699 0.0003371000239642902 0.00026913892988466307 0.0012783032273713112 0 0.001148162682733402 0.0002259705724491363 -0.00040691299379324696 8.945522178793443e-05 2.8143636717603919e-05 0.00089440614370881421 0.00065793023406096347 -0.0012171889987375054 0.00063983675504901579 0.00050764622485265131 -0.00048887844747514471 -0.00058847325434223472 -7.6228663187805524e-05 -0.00023183193370970265 -0.00054929983662441368 -8.9467008562328719e-05
leaf_weight=20 22 29 130 230 28 21 28 122 522 234 43 89 40 34 20 24 23 33 255 30 27 25
leaf_count=20 22 29 130 230 28 21 28 122 522 234 43 89 40 34 20 24 23 33 255 30 27 25
internal_value=0 2.31858e-05 0.000173275 0.000485731 -0.000117996 -0.00111141 -7.24254e-05 -0.00013002 -0.000282203 0.000232292 0.000337245 0.000455211 0.00126321 -9.40065e-05 -0.000473008 0.000559766 0 0 5.60766e-05 -0.000812129 -0.000156931 0.0001473
internal_weight=2029 2007 983 458 1024 41 983 906 644 262 389 319 69 525 107 77 43 418 385 64 70 49
internal_count=2029 2007 983 458 1024 41 983 906 644 262 389 319 69 525 107 77 43 418 385 64 70 49
is_linear=0
shrinkage=0.03


Tree=30
num_leaves=25
num_cat=0
split_feature=19 24 24 11 24 24 19 15 17 13 20 15 24 11 13 21 15 18 11 15 14 20 24 17
split_gain=0.0607188 0.0646243 0.0436719 0.0352777 0.0355438 0.0583148 0.0403497 0.0399911 0.0333395 0.029311 0.02546 0.0554956 0.0466281 0.032732 0.0209213 0.017079 0.0169879 0.0144635 0.0143801 0.010514 0.0101775 0.00924811 0.00509574 0.000141275
threshold=98.941250000000011 50.050000000000004 51.850000000000001 1.086996633077473 51.250000000000007 49.45000000000001 100.91030000000002 0.017312175234821654 -0.0029618392916792497 0.99715229485134416 96.615001678466768 0.014763948080146803 51.050000000000004 1.059153160100099 0.98493873380069941 1.7850000000000004 0.011826132889143552 0.60104624169630416 1.005565090823737 0.012377264037943852 0.013779468175065751 98.639999389648423 51.050000000000004 0.0022281813699913003
decision_type=2 2 2 2 2 2 2 2 2 2 2 2 2 2 2 2 2 2 2 2 2 2 2 2
left_child=1 8 3 4 5 6 -2 -7 -1 15 12 17 18 -14 21 19 -16 -12 -11 -3 -4 -6 -21 -5
right_child=2 9 20 23 14 7 -8 -9 -10 10 11 -13 13 -15 16 -17 -18 -19 -20 22 -22 -23 -24 -25
leaf_value=1.4034517754667566e-05 0.0010218074093492828 0.0014642882487521721 -0.0013770399978625233 -0.0010743010842169706 0.0011297561614879998 -0.00033489061330997861 6.6221677605622412e-05 0.00020119201067527308 -0.0012240440029384833 3.7155635629056218e-05 0.00019731242565117449 -0.00036839390433908973 0.00081398717723131985 -3.6202443980867645e-05 0.00032731677728831224 0 -0.00017002256727411804 0.0012169576274863045 -0.00069744927986837202 0.00016279967777830146 -0.00027477456775048506 0.00019464799749299084 0.00095753729671239852 -0.00045860582284419047
leaf_weight=34 52 38 28 25 32 687 194 145 34 26 25 34 79 70 143 20 99 69 65 27 22 27 24 30
leaf_count=34 52 38 28 25 32 687 194 145 34 26 25 34 79 70 143 20 99 69 65 27 22 27 24 30
internal_value=0 0.000271322 -9.86537e-05 -6.56772e-05 -3.34045e-05 -0.000115813 0.00028368 -0.000237732 -0.000570295 0.000398519 0.0002573 0.000600181 6.02496e-05 0.000396991 0.000251203 0.00084135 0.000111652 0.000982286 -0.000456831 0.00101782 -0.000965764 0.000762202 0.000605708 -0.000806225
internal_weight=2029 545 1484 1434 1379 1078 246 832 68 477 368 128 240 149 301 109 242 94 91 89 50 59 51 55
internal_count=2029 545 1484 1434 1379 1078 246 832 68 477 368 128 240 149 301 109 242 94 91 89 50 59 51 55
is_linear=0
shrinkage=0.03


Tree=31
num_leaves=25
num_cat=0
split_feature=23 22 23 23 19 19 11 14 15 13 13 11 14 11 22 21 11 21 22 15 22 19 15 14
split_gain=0.0933602 0.0520091 0.0526683 0.0475507 0.0457821 0.0455111 0.0745508 0.0416633 0.0450699 0.0501438 0.0409633 0.0329004 0.0225413 0.0211287 0.0203005 0.0190347 0.0148158 0.0213758 0.010039 0.0264467 0.00984768 0.00922571 0.00533038 0.00262524
threshold=8.775800000000002 18.595000267028755 1.0789000000000002 2.5551000000000008 101.27910000000001 98.853950000000012 1.0091374327871756 0.0082570441001131503 0.0093819334694710526 1.0141332601189188 0.98493873380069941 1.0573426929917351 0.0087509172346337018 0.99926682029473668 14.744999885559052 2.5350000000000006 0.91668251301190773 1.8750000000000002 25.569999694824155 0.014110400279899652 12.934999942779502 101.70440000000001 0.012493881967692551 0.011488775115904452
decision_type=2 2 2 2 2 2 2 2 2 2 2 2 2 2 2 2 2 2 2 2 2 2 2 2
left_child=1 2 16 10 7 -5 -7 11 -9 -10 14 -3 -12 18 -4 -15 -1 20 22 -20 -18 -17 -6 -19
right_child=-2 4 3 5 13 6 -8 8 9 -11 12 -13 -14 15 -16 21 17 23 19 -21 -22 -23 -24 -25
leaf_value=0 -0.0018994635353877167 0.0018469522574852252 0.00098463134675032715 0.00055026108321617356 0.00054737828826335693 -9.4162921335901056e-05 -0.0012421643763488855 -0.00078704523708952097 0.00054273330953475796 -2.6674125858485366e-05 0.00028918369695178018 0.00015520261073834261 -0.00011644129770922386 9.2385437026678102e-05 0.00010840851671169869 -0.0013668031366137058 -0.00065629826319803079 -0.0013702180459794979 -0.00093066433949732326 0.0003338707497971662 4.4738024628410699e-06 -0.00041092716516452908 0 -0.00071898445583858767
leaf_weight=29 22 28 65 39 37 149 82 33 344 217 179 23 387 23 51 22 27 30 26 28 44 41 38 65
leaf_count=29 22 28 65 39 37 149 82 33 344 217 179 23 387 23 51 22 27 30 26 28 44 41 38 65
internal_value=0 2.27696e-05 -0.000107741 -1.22947e-05 0.000200241 -0.000351342 -0.000518207 0.000328104 0.000249863 0.000317488 0.000117858 0.00115936 6.83217e-06 -0.0001692 0.000629256 -0.000534232 -0.000555967 -0.000665298 5.33149e-05 -0.000226285 -0.000210764 -0.000807741 0.000294429 -0.000968018
internal_weight=2029 2007 1147 952 860 270 231 645 594 561 682 51 566 215 116 86 195 166 129 54 71 63 75 95
internal_count=2029 2007 1147 952 860 270 231 645 594 561 682 51 566 215 116 86 195 166 129 54 71 63 75 95
is_linear=0
shrinkage=0.03


Tree=32
num_leaves=28
num_cat=0
split_feature=19 18 22 17 21 20 20 20 11 19 22 14 21 19 14 11 4 15 11 20 11 14 21 14 17 11 21
split_gain=0.0551408 0.0448327 0.0382552 0.0379965 0.034567 0.0415514 0.0375788 0.0260789 0.0393636 0.0379979 0.0334506 0.0258013 0.0259634 0.0223345 0.0216572 0.0209951 0.0171787 0.0154923 0.0129066 0.00996424 0.0107728 0.00811043 0.00972901 0.00527751 0.00656165 0.00301631 0.00150543
threshold=98.941250000000011 0.51218077638143866 13.295000076293901 0.0052757747257665506 3.6500000000000004 96.829998016357408 92.124999999999957 96.645000457763658 1.0712386221518877 98.329350000000019 16.144999504089302 0.022546375215100101 2.2250000000000005 100.25970000000002 0.014893135687670452 0.95646607849404119 -0.0017309435031984998 0.012181600887146952 1.0077593893180816 98.639999389648423 1.0357744139256611 0.016006320788550302 2.3350000000000004 0.0077439805912291508 0.0028909160703165502 1.0296442223996403 1.0300000000000002
decision_type=2 2 2 2 2 2 2 2 2 2 2 2 2 2 2 2 2 2 2 2 2 2 2 2 2 2 2
left_child=1 16 19 4 5 6 17 8 10 18 -4 12 -7 -8 -6 -5 -1 -2 -9 -3 -21 22 -17 -18 -25 -23 -10
right_child=3 2 7 15 14 11 13 9 26 -11 -12 -13 -14 -15 -16 21 23 -19 -20 20 -22 25 -24 24 -26 -27 -28
leaf_value=-0.00078344262181151956 0 -0.00062038685041479762 -8.0033851383486752e-05 0.00020008360715159638 0.0010552192771690898 -6.3446225419873362e-05 0.00051567832457289438 2.5092888541015168e-05 -6.4793132536578908e-05 0.0019557047312014869 0.00076236921366483479 0.00072672120707907855 -0.0004873557964659633 6.6255951344815203e-05 0 0 0.00040918117934571845 -0.00068280423550648895 0.00095979690458625547 0.00055161027672558864 -0.00033851784432772545 -0.001416137014229137 -0.00070135530592025524 -0.00043529793398587835 0.00013968004502664999 -0.00056332859179071548 -0.00055114252704863804
leaf_weight=36 63 29 49 21 39 249 141 35 32 27 160 20 321 405 37 27 20 68 31 22 23 25 41 34 25 27 22
leaf_count=36 63 29 49 21 39 249 141 35 32 27 160 20 321 405 37 27 20 68 31 22 23 25 41 34 25 27 22
internal_value=0 0.000258708 0.000401979 -9.38623e-05 -4.2065e-05 -8.1587e-05 7.53342e-05 0.000533058 0.000359566 0.00098273 0.000551142 -0.000266546 -0.000307864 0.000188531 0.00057035 -0.000562325 -0.000249986 -0.000371588 0.000516669 -0.00018732 3.39697e-05 -0.000721091 -0.000415351 0 -0.000143396 -0.00104892 -0.000323899
internal_weight=2029 545 430 1484 1343 1267 677 356 263 93 209 590 570 546 76 141 115 131 66 74 45 120 68 79 59 52 54
internal_count=2029 545 430 1484 1343 1267 677 356 263 93 209 590 570 546 76 141 115 131 66 74 45 120 68 79 59 52 54
is_linear=0
shrinkage=0.03


Tree=33
num_leaves=25
num_cat=0
split_feature=23 19 23 15 23 20 23 15 23 19 21 11 23 13 18 11 19 10 23 21 23 15 0 5
split_gain=0.0860256 0.0433212 0.0496926 0.0677558 0.0377755 0.034933 0.0404735 0.0562838 0.0428878 0.0340228 0.0323713 0.0320742 0.0308622 0.022105 0.026044 0.0203206 0.0199405 0.0200292 0.0128743 0.0116837 0.0115808 0.00818269 0.00618387 0.00445589
threshold=8.775800000000002 98.941250000000011 1.6552000000000002 0.012411507991978252 3.4936000000000003 102.3749999999995 2.3367000000000004 0.0085296670487468515 0.78200000000000014 97.244700000000009 1.5350000000000004 1.0084268175793152 1.7358000000000002 1.0130706929299447 0.40524813457675818 0.97301956394944822 98.882750000000016 0.97161754161692626 1.3824000000000003 0.63500000000000012 6.2811000000000012 0.014763948080146803 0.00050795714899240008 0.0013546929247420503
decision_type=2 2 2 2 2 2 2 2 2 2 2 2 2 2 2 2 2 2 2 2 2 2 2 2
left_child=1 2 9 22 21 6 8 -8 15 18 -6 -9 -10 14 -7 -3 17 -11 19 -1 -16 -5 -4 -15
right_child=-2 5 3 4 10 13 7 11 12 16 -12 -13 -14 23 20 -17 -18 -19 -20 -21 -22 -23 -24 -25
leaf_value=0 -0.0018234243674998412 -0.00016808379466649813 0.00092083993204869323 0.00020800809153380601 0 -0.00020831333906690198 -0.0018889043035783934 -3.5137237659455422e-05 0.00040881424422712997 0.00021614684723754183 0.0016905728577822445 -0.00057063158525220829 -2.4269515150759677e-05 0 2.3424170316300449e-05 -0.00095547296892385929 0.00057671203462245026 -0.0005043351895392792 -0.00022594760823235643 0.00060193016298726429 0.00087530710811261074 -0.00037149919173184862 0.0021076790139464155 -0.00046750039144212175
leaf_weight=33 22 105 23 34 20 30 20 255 213 39 24 181 444 24 26 49 22 138 22 119 89 46 25 26
leaf_count=33 22 105 23 34 20 30 20 255 213 39 24 181 444 24 26 49 22 138 22 119 89 46 25 26
internal_value=0 2.1761e-05 0.000250888 0.000672586 0.000267661 -6.17147e-05 -0.000120995 -0.000346864 2.58101e-06 4.71321e-05 0.000969728 -0.000265103 0.000111985 0.000306799 0.000499674 -0.00044252 -0.000210962 -0.000328409 0.00035897 0.000464161 0.000710432 -8.86442e-05 0.00163061 -0.000192544
internal_weight=2029 2007 545 172 124 1462 1267 456 811 373 44 436 657 195 145 154 199 177 174 152 115 80 48 50
internal_count=2029 2007 545 172 124 1462 1267 456 811 373 44 436 657 195 145 154 199 177 174 152 115 80 48 50
is_linear=0
shrinkage=0.03


Tree=34
num_leaves=27
num_cat=0
split_feature=23 22 24 23 19 18 10 10 19 19 13 21 23 24 20 11 24 15 21 23 17 19 19 23 17 7
split_gain=0.0811555 0.0464767 0.0462587 0.0551545 0.0392535 0.0406583 0.0379396 0.0363355 0.0524011 0.0331547 0.039409 0.0299585 0.0264023 0.0255023 0.0226614 0.0214114 0.0290338 0.0213617 0.0186728 0.0167442 0.0142877 0.0139492 0.0258265 0.0127098 0.00904734 0.00848151
threshold=8.775800000000002 16.894999504089352 50.350000000000001 2.7947500000000001 101.27910000000001 0.54658103651456558 0.97633197776334646 1.0145845750866298 98.853950000000012 101.35350000000001 0.9790148239094657 2.8950000000000005 1.7358000000000002 49.550000000000004 96.865001678466768 0.94315480918116112 50.150000000000013 0.010056517822365052 2.2550000000000003 2.0116000000000005 -0.0031798967997379497 101.93900000000001 102.41995000000001 2.1493000000000007 0.00085279410226950009 0.03491559209741691
decision_type=2 2 2 2 2 2 2 2 2 2 2 2 2 2 2 2 2 2 2 2 2 2 2 2 2 2
left_child=1 2 9 6 5 17 23 13 -9 10 18 20 -6 -7 -12 -14 -17 -3 -1 -8 -5 24 -23 -4 -11 -19
right_child=-2 4 3 11 12 7 19 8 -10 21 14 -13 15 -15 -16 16 -18 25 -20 -21 -22 22 -24 -25 -26 -27
leaf_value=0.0002602359305601567 -0.0017711000247939447 -0.001013166757233973 0.0014837908299588079 -0.00075346804687287654 0.00056660652145690521 0.0013573643809184431 0.00037725625338895372 0.00054694869681037232 -0.0003283354996699716 0.00066623516977997496 -0.000613157484808187 -0.0015617893979863516 0.00059118886790903553 0.00048553720359805174 -0.0015633864821621068 -0.00072695633517846892 0 9.9660242439681128e-05 -0.00061144116884762686 -3.6519756091381325e-05 2.7346129235811528e-05 -0.00060748590437988571 0.00014192604377400131 0.00034113279944618369 0 -0.00053649712307114066
leaf_weight=56 22 20 26 29 37 39 131 121 120 29 122 21 20 302 37 103 105 130 34 232 49 80 74 27 42 21
leaf_count=56 22 20 26 29 37 39 131 121 120 29 122 21 20 302 37 103 105 130 34 232 49 80 74 27 42 21
internal_value=0 2.10958e-05 -0.000123585 6.84238e-05 0.000164583 0.000276376 0.000225187 0.000396932 9.917e-05 -0.000338223 -0.000577576 -0.000555961 -0.000141646 0.000597697 -0.000861419 -0.000271655 -0.000371406 -0.000116418 -3.91977e-05 0.000105189 -0.000230845 -5.8681e-05 -0.000229432 0.000974335 0.000268056 0
internal_weight=2029 2007 989 515 1018 753 416 582 241 474 249 99 265 341 159 228 208 171 90 363 78 225 154 53 71 151
internal_count=2029 2007 989 515 1018 753 416 582 241 474 249 99 265 341 159 228 208 171 90 363 78 225 154 53 71 151
is_linear=0
shrinkage=0.03


Tree=35
num_leaves=25
num_cat=0
split_feature=21 15 20 22 21 22 14 15 20 10 21 22 14 17 22 18 11 20 15 22 22 17 14 7
split_gain=0.0439197 0.0468379 0.0442439 0.0434032 0.0334507 0.0374065 0.031047 0.027786 0.0202057 0.0339969 0.0256349 0.0201472 0.019407 0.017071 0.0160058 0.017278 0.0132327 0.0112643 0.0124703 0.00787544 0.00568547 0.0048491 0.00474508 0.00384899
threshold=1.8350000000000002 0.0088511921939057013 90.334999084472614 24.345000267028755 3.5250000000000004 11.444999694824203 0.0087509172346337018 0.021504515387765901 96.829998016357408 1.0324931291225363 2.2350000000000008 13.295000076293901 0.014675412015561903 -0.0046441300346196993 16.595000267028755 0.53077717515202882 1.0061309726379015 92.81499862670897 0.011099622681272002 18.499999999999954 21.345000267028755 0.0021864749400713501 0.013808004623177052 0.013290090753008051
decision_type=2 2 2 2 2 2 2 2 2 2 2 2 2 2 2 2 2 2 2 2 2 2 2 2
left_child=1 3 22 11 5 13 19 8 9 -7 -10 -1 20 -2 16 -16 -8 -15 -19 -4 -6 -13 -3 -14
right_child=4 2 6 -5 12 7 14 -9 10 -11 -12 21 23 17 15 -17 -18 18 -20 -21 -22 -23 -24 -25
leaf_value=-0.0007733706508297473 0.00099042419346211412 -0.0001576968434965238 0.00038228594080040541 -0.0016632197998198012 0.00017620594619906373 0 0.00018930329053539239 0.00076075746487502176 -4.0352084835718287e-05 -0.00079062287873124363 -0.00054097288946132916 0.00061228741512803198 0.00025201213551521171 -0.00045694102109588967 -1.1983019668225416e-05 0.00043715720859690031 -0.00037322153472262672 0.00049001153044567517 -1.9741237212064695e-05 0.0011766796114388853 0.0010649634175386061 0 -0.0010140084222158684 -0.00027667786677678421
leaf_weight=23 22 23 35 20 20 381 102 22 144 56 345 21 21 25 84 327 58 71 82 47 33 21 20 26
leaf_count=23 22 23 35 20 20 381 102 22 144 56 345 21 21 25 84 327 58 71 82 47 33 21 20 26
internal_value=0 0.00017704 0.000261135 -0.000471698 -0.000109652 -0.000157475 0.000325826 -0.000237598 -0.000265348 -0.000107191 -0.000400056 -3.99755e-05 0.000405773 0.000206675 0.000239243 0.000338274 0 8.8055e-05 0.000198976 0.000882445 0.000794613 0.000300524 -0.000638157 0
internal_weight=2029 781 696 85 1248 1148 653 948 926 437 489 65 100 200 571 411 160 178 153 82 53 42 43 47
internal_count=2029 781 696 85 1248 1148 653 948 926 437 489 65 100 200 571 411 160 178 153 82 53 42 43 47
is_linear=0
shrinkage=0.03


Tree=36
num_leaves=28
num_cat=0
split_feature=23 19 23 14 23 11 23 23 20 19 7 23 17 19 11 21 17 23 21 20 23 20 16 11 20 17 14
split_gain=0.075177 0.0377176 0.046874 0.0615422 0.038448 0.032191 0.0332852 0.0429869 0.036703 0.0289299 0.0271112 0.0257916 0.0200597 0.030705 0.0187414 0.0304823 0.0147786 0.0117675 0.0138316 0.010944 0.00849154 0.00719084 0.00615965 0.00415116 0.00338736 0.00291288 0.000376427
threshold=8.775800000000002 98.941250000000011 1.6552000000000002 0.011719684111680702 3.4936000000000003 1.0457355205971308 0.78200000000000014 1.7358000000000002 102.3749999999995 97.244700000000009 0.017145894762869204 2.0116000000000005 -0.0052290973533459994 98.356050000000025 0.97301956394944822 2.2550000000000003 0.0031513275848814508 1.2030500000000002 0.63500000000000012 95.63499832153316 6.2811000000000012 97.055000305175767 55.57848970676249 1.0364235512686573 96.185001373290959 0.0012802091077208503 0.013779468175065751
decision_type=2 2 2 2 2 2 2 2 2 2 2 2 2 2 2 2 2 2 2 2 2 2 2 2 2 2 2
left_child=1 2 9 21 23 6 14 16 -9 17 -6 19 -11 -14 15 -3 -8 18 -1 -7 25 -4 -19 -5 -16 -13 -22
right_child=-2 5 3 4 10 11 7 8 -10 12 -12 20 13 -15 24 -17 -18 22 -20 -21 26 -23 -24 -25 -26 -27 -28
leaf_value=0 -0.0017047535862125779 0.00032385010161120793 0.00080175895371939986 0.00014020667779550422 0.0016803372820596331 0.00048928747893941984 0.00063481747594584391 -0.0001187900896067049 0.00036708150285241358 0.00045000697844079694 4.9999590430940818e-06 -0.0012041524313813582 -0.0011580586910165626 -0.00011253179104422837 -0.00047986287510721012 -0.00067097807408491564 0 0.00028754344629872803 0.00070668630574616676 -0.00032148858329254348 -0.00035294736894346502 0.0019563386373478791 -0.00028775649608790195 -0.00027704743358174851 -0.0013346176319755615 -0.00056492272308447731 0
leaf_weight=27 22 52 23 23 22 30 134 767 169 31 20 32 33 135 29 53 54 33 82 25 20 28 32 56 20 52 25
leaf_count=27 22 52 23 23 22 30 134 767 169 31 20 32 33 135 29 53 54 33 82 25 20 28 32 56 20 52 25
internal_value=0 2.01712e-05 0.000234042 0.000643364 0.000240377 -5.76096e-05 -1.70387e-06 5.27221e-05 -2.75634e-05 3.60552e-05 0.000970994 -0.000427587 -0.00020139 -0.000341292 -0.000416075 -0.000151592 0.000466346 0.000324359 0.000513475 6.80216e-05 -0.000660868 0.00151877 0 -0.000117834 -0.000908457 -0.000855035 -0.000222497
internal_weight=2029 2007 545 172 121 1462 1278 1124 936 373 42 184 199 168 154 105 188 174 109 55 129 51 65 79 49 84 45
internal_count=2029 2007 545 172 121 1462 1278 1124 936 373 42 184 199 168 154 105 188 174 109 55 129 51 65 79 49 84 45
is_linear=0
shrinkage=0.03


Tree=37
num_leaves=31
num_cat=0
split_feature=24 19 24 15 21 21 11 24 20 15 21 22 11 21 20 18 19 19 21 22 11 21 22 22 10 20 22 19 19 13
split_gain=0.0445558 0.0533859 0.0417722 0.0471378 0.0654001 0.0455132 0.0420843 0.0338515 0.0414892 0.0337641 0.0326723 0.0331092 0.0307001 0.0294506 0.0244367 0.0359092 0.0223514 0.0221235 0.0205999 0.0185669 0.0227624 0.01791 0.0177598 0.017754 0.0168524 0.0144186 0.0138316 0.0126269 0.0092093 0.00831006
threshold=50.250000000000007 98.870050000000006 49.45000000000001 0.017697632411990953 1.3150000000000002 1.8550000000000002 1.0026214938711135 51.850000000000001 92.81499862670897 0.015875362578722855 1.7750000000000001 26.930000305175753 0.97081547552040404 3.5350000000000006 98.81499862670897 0.30096309579022523 102.34185000000001 103.03685 0.70500000000000007 13.295000076293901 1.077493217364893 2.1950000000000007 13.0650000572204 23.460000038146905 0.97693115097112559 96.685001373290959 24.569999694824151 103.34875000000001 100.83590000000001 1.0021419023359794
decision_type=2 2 2 2 2 2 2 2 2 2 2 2 2 2 2 2 2 2 2 2 2 2 2 2 2 2 2 2 2 2
left_child=2 9 5 4 -4 -1 26 8 12 18 22 -12 -3 16 15 -10 -7 -9 25 -20 -21 -14 -6 -15 -16 -2 -5 -19 -8 -11
right_child=1 7 3 6 10 13 28 17 14 29 11 -13 21 23 24 -17 -18 27 19 20 -22 -23 -24 -25 -26 -27 -28 -29 -30 -31
leaf_value=0.0010001997785043662 -0.00019442541418642837 0.0004536296616564262 -0.0019892443504015149 0.0011653615228760126 -0.00061998566578735004 -0.00043439041207384428 -0.00068630043065641075 0 0.0014275333220222298 0.00040005710542512441 -0.00057006493957229866 9.9385521314862004e-05 -0.00090944388845236963 0.0010834528997900985 0.00040553859710369423 0.00025394852798542083 0.00023073473010913064 -0.0016249071371910923 0.00017369697777179014 0.0011868899697503779 0.00024047306031362887 -0.00018820409019053842 0.00013772399883901957 0 -0.00052437017936224361 0.00058902610738683454 0.00016882147081196308 -0.00032669922709465022 1.4603270569006608e-05 -0.00020735196643225799
leaf_weight=48 41 35 21 38 32 119 29 29 27 26 344 73 59 30 22 252 66 21 48 105 41 95 173 21 52 36 31 21 21 73
leaf_count=48 41 35 21 38 32 119 29 29 27 26 344 73 59 30 22 252 66 21 48 105 41 95 173 21 52 36 31 21 21 73
internal_value=0 0.000145466 -0.000135694 -0.00025294 -0.000356486 0.000168144 0.000279864 -2.17725e-05 5.42396e-05 0.000429938 -0.00029344 -0.000445737 -0.000296335 0 0.000250722 0.000382928 -0.000181009 -0.000636395 0.000603123 0.000771392 0.000944967 -0.000487963 2.44878e-06 0.000626519 -0.00020619 0.000136258 0.000769306 -0.00106826 -0.000338583 -1.5425e-05
internal_weight=2029 983 1046 762 643 284 119 613 542 370 622 417 189 236 353 279 185 71 271 194 146 154 205 51 74 77 69 42 50 99
internal_count=2029 983 1046 762 643 284 119 613 542 370 622 417 189 236 353 279 185 71 271 194 146 154 205 51 74 77 69 42 50 99
is_linear=0
shrinkage=0.03


Tree=38
num_leaves=25
num_cat=0
split_feature=23 22 23 23 18 16 22 13 23 15 15 24 15 24 14 14 15 15 18 16 22 24 20 20
split_gain=0.0706939 0.0395132 0.0394243 0.0395695 0.0379914 0.0373435 0.0305649 0.0304763 0.0292015 0.0333132 0.0269317 0.0253246 0.0248908 0.0223766 0.0176571 0.0159397 0.0139166 0.0139155 0.0126099 0.00906315 0.00599164 0.00415173 0.00220222 0.00209781
threshold=8.775800000000002 18.595000267028755 1.0789000000000002 2.5551000000000008 0.30697182396785677 42.644059604993025 13.0650000572204 0.99796375904544898 8.064700000000002 0.016069926540268006 0.0097072537742742514 50.150000000000013 0.013916714597153802 51.350000000000001 0.010354489900611002 0.0087509172346337018 0.017697632411990953 0.010158605266663852 0.32361752761488127 40.045569960747464 27.670000076293903 50.600000000000001 96.615001678466768 96.829998016357408
decision_type=2 2 2 2 2 2 2 2 2 2 2 2 2 2 2 2 2 2 2 2 2 2 2 2
left_child=1 2 18 5 17 11 14 10 12 -10 -6 -4 -9 -8 -5 -7 -12 -3 -1 22 21 -19 -20 -21
right_child=-2 4 3 6 7 15 13 8 9 -11 16 -13 -14 -15 -16 -17 -18 20 19 23 -22 -23 -24 -25
leaf_value=0 -0.0016530269812792537 -0.0010090931795670517 3.6653376530416095e-05 -0.0016107679968276483 -0.00038883363606873902 0.00024688467814555393 -0.00031406167287956899 0.0004130408491132079 -0.0011390247394686894 0.00023111969914287327 0.0004343069559887565 0.00097914869442526512 -5.8661719405790784e-05 0.00038688004578476203 -0.00045810528436253416 -9.9783474102712021e-05 0.00099976544332291408 -0.00043930084408973067 -4.8767688389066164e-05 -0.00058015863383329336 0.000146461734744279 0 -0.00047523242114019874 -0.0012049683426407032
leaf_weight=32 22 20 53 21 23 170 136 215 33 24 192 66 170 55 58 393 69 50 42 57 37 27 37 27
leaf_count=32 22 20 53 21 23 170 136 215 33 24 192 66 170 55 58 393 69 50 42 57 37 27 37 27
internal_value=0 1.96714e-05 -9.38685e-05 -1.08515e-05 0.000174519 0.000107591 -0.000320392 0.000262324 9.76e-05 -0.000516359 0.000506922 0.000588185 0.000197372 -9.56311e-05 -0.000818314 0 0.000598492 -0.000277396 -0.000481733 -0.000588684 -0.000115282 -0.000279782 -0.000289448 -0.000828098
internal_weight=2029 2007 1147 952 860 682 270 726 442 57 284 119 385 191 79 563 261 134 195 163 114 77 79 84
internal_count=2029 2007 1147 952 860 682 270 726 442 57 284 119 385 191 79 563 261 134 195 163 114 77 79 84
is_linear=0
shrinkage=0.03


Tree=39
num_leaves=26
num_cat=0
split_feature=23 22 24 23 19 14 15 13 19 13 11 13 23 11 24 20 19 14 15 14 11 11 23 11 24
split_gain=0.0666721 0.0374497 0.0381888 0.0468014 0.0327686 0.0351881 0.0370153 0.0350491 0.0277093 0.0350893 0.0276231 0.0259059 0.0224254 0.0195719 0.0259694 0.0192135 0.0182656 0.0167318 0.0157975 0.0135294 0.0121722 0.0111232 0.00997007 0.00685434 0.00531699
threshold=8.775800000000002 16.894999504089352 50.350000000000001 2.7947500000000001 101.27910000000001 0.0079485277037672011 0.0093819334694710526 1.0092704863464648 101.35350000000001 0.9790148239094657 1.0573426929917351 0.98337730679041058 1.7358000000000002 0.94315480918116112 50.150000000000013 96.865001678466768 103.03685 0.012440807138757703 0.014869916744637902 0.010014584276526102 0.94927323524743923 1.0236266392426321 0.5375000000000002 1.0152936920774078 49.650000000000013
decision_type=2 2 2 2 2 2 2 2 2 2 2 2 2 2 2 2 2 2 2 2 2 2 2 2 2
left_child=1 2 8 11 5 10 -7 -8 9 22 -3 17 -6 -14 -15 -11 23 -4 -13 24 -18 -21 -1 -5 -10
right_child=-2 4 3 16 12 6 7 -9 19 15 -12 18 13 14 -16 -17 20 -19 -20 21 -22 -23 -24 -25 -26
leaf_value=-0.00031936199265272499 -0.0016055922557640333 0.0016700821166325893 0.001180159094522854 0.00011902560866755349 0.0005191918528561426 -0.00070152842254298637 0.00044528277335293271 0 0.0003297374749774856 -0.00056051414991408106 8.2910684230939842e-05 0.00015841502909043361 0.00057164777649034348 -0.00068402414793224749 0 -0.0014425129235207444 -0.00025186050809471839 0.00014615416476347794 -0.00054789624232798816 -0.00045484403933320812 -0.0015309099845842201 0.0001542797031928785 0.00030383737911761274 -0.00048475443408824501 -6.373199307958462e-05
leaf_weight=51 22 27 37 32 37 37 360 307 73 122 22 315 20 103 105 37 20 35 29 89 21 29 39 26 34
leaf_count=51 22 27 37 32 37 37 360 307 73 122 22 315 20 103 105 37 20 35 29 89 21 29 39 26 34
internal_value=0 1.88385e-05 -0.000110858 6.31788e-05 0.00014777 0.000250057 0.000189891 0.000244808 -0.000305999 -0.000524848 0.00103338 0.000207985 -0.000131449 -0.000251942 -0.000347844 -0.000792242 -0.000511296 0.000727501 8.87602e-05 -4.92815e-05 -0.000999264 -0.000279896 -1.59706e-05 -0.000104416 0.0001775
internal_weight=2029 2007 989 515 1018 753 704 667 474 249 49 416 265 228 208 159 99 72 344 225 41 118 90 58 107
internal_count=2029 2007 989 515 1018 753 704 667 474 249 49 416 265 228 208 159 99 72 344 225 41 118 90 58 107
is_linear=0
shrinkage=0.03


Tree=40
num_leaves=18
num_cat=0
split_feature=23 19 24 24 11 23 10 14 20 20 15 24 23 23 17 7 17
split_gain=0.0628985 0.0320187 0.0427908 0.0363897 0.0314807 0.0296631 0.0267094 0.0266651 0.0247861 0.0229264 0.043966 0.0304218 0.0213513 0.0149224 0.00946811 0.0062358 0.000689269
threshold=8.775800000000002 98.941250000000011 50.050000000000004 51.850000000000001 1.086996633077473 0.23350000000000001 0.9961624212470388 0.011530371100085151 92.220001220703111 96.685001373290959 0.014763948080146803 51.050000000000004 1.0789000000000002 2.8322500000000006 -0.0033470735050549999 0.016264493122594401 0.0022281813699913003
decision_type=2 2 2 2 2 2 2 2 2 2 2 2 2 2 2 2 2
left_child=1 2 7 4 5 14 12 -1 -7 11 -11 -8 -4 -5 -3 -14 -6
right_child=-2 3 6 13 16 8 9 -9 -10 10 -12 -13 15 -15 -16 -17 -18
leaf_value=-0.0010545089482296521 -0.0015595187270284992 0 0 -0.001445479637801485 -0.00098511792246538856 -0.00034602773901844008 -0.00039512433994660207 4.9411730238768663e-05 9.0073927609398856e-05 0.0008616201092527657 -0.00032990783611118484 0.00029183446073480544 0.0011077118454045644 -0.00023132460171372852 -0.00072782892000395792 0.00030038453277200463 -0.00037774623311199849
leaf_weight=34 22 28 23 22 25 128 98 34 1140 91 35 139 67 28 61 24 30
leaf_count=34 22 28 23 22 25 128 98 34 1140 91 35 139 67 28 61 24 30
internal_value=0 1.82713e-05 0.000215415 -5.32657e-05 -2.26279e-05 3.9396e-06 0.000319654 -0.000466354 4.3449e-05 0.000181681 0.000507027 0 0.000727504 -0.000842244 -0.000519853 0.000932978 -0.000720057
internal_weight=2029 2007 545 1462 1412 1357 477 68 1268 363 126 237 114 50 89 91 55
internal_count=2029 2007 545 1462 1412 1357 477 68 1268 363 126 237 114 50 89 91 55
is_linear=0
shrinkage=0.03


Tree=41
num_leaves=31
num_cat=0
split_feature=24 19 21 14 22 21 21 15 24 20 11 19 13 19 20 21 19 20 19 22 20 14 21 21 17 19 13 20 14 11
split_gain=0.0372176 0.0457355 0.0368773 0.0527532 0.0424739 0.0545456 0.0396214 0.030082 0.0292557 0.0368661 0.0287545 0.0277257 0.032266 0.0262107 0.0229753 0.0190343 0.0187009 0.0181951 0.0177719 0.0168694 0.0205852 0.016429 0.0162531 0.015947 0.0156246 0.0188479 0.0146016 0.0125723 0.0117292 0.0106201
threshold=50.250000000000007 98.870050000000006 1.3550000000000002 0.013871886956312751 17.025000572204554 2.1950000000000007 3.5250000000000004 0.015875362578722855 51.850000000000001 92.81499862670897 0.97081547552040404 101.35350000000001 0.9790148239094657 101.03525 98.81499862670897 0.70500000000000007 100.12380000000002 96.865001678466768 103.03685 13.295000076293901 90.784999847412067 0.014675412015561903 2.1950000000000007 2.2550000000000003 0.0037617454590874004 100.25970000000002 0.99062564552350452 96.685001373290959 0.010014584276526102 1.0236266392426321
decision_type=2 2 2 2 2 2 2 2 2 2 2 2 2 2 2 2 2 2 2 2 2 2 2 2 2 2 2 2 2 2
left_child=2 7 3 -1 11 24 13 15 9 10 -3 12 23 -7 16 27 -11 -14 -10 -17 -21 -8 -12 -4 25 -6 -16 -2 -13 -30
right_child=1 8 4 -5 5 6 21 -9 18 14 22 28 17 -15 26 19 -18 -19 -20 20 -22 -23 -24 -25 -26 -27 -28 -29 29 -31
leaf_value=-0.0020663178607023187 -0.00019595601166033056 0.00044306514011501955 0.00024258733195943181 0 0.0011194600897207337 -0.000806006121056664 0.00073381938557577089 -2.3220759147370696e-05 0 0.00087297202038878025 -0.00086996254760306321 0.0001719823008824687 -0.00054029390899231649 -0.00011088398312412826 0.0001702316670756166 0.00014927121395295233 0.00022037899042169249 -0.0013955044868903665 -0.00098060699564615945 3.528972938737093e-05 0.0010608991774370376 0 -0.00018004018921101306 -0.0005534410300169838 0 0.00034187292621231101 -0.00061990599152049973 0.0005366654424248515 -0.00045918528878470305 0.00014719345278572289
leaf_weight=20 41 35 57 21 53 73 53 99 29 55 59 108 119 185 35 48 224 38 42 28 118 40 95 35 40 98 39 36 77 29
leaf_count=20 41 35 57 21 53 73 53 99 29 55 59 108 119 185 35 48 224 38 42 28 118 40 95 35 40 98 39 36 77 29
internal_value=0 0.000132557 -0.000124411 -0.0010022 -8.4658e-05 9.13488e-05 -0.000123907 0.000395927 -2.19103e-05 4.83841e-05 -0.000281744 -0.000296915 -0.000512455 -0.000321501 0.000233909 0.0005596 0.000362399 -0.000773797 -0.000593409 0.000720947 0.000886193 0.000389932 -0.000467623 -3.06861e-05 0.000501134 0.000640107 -0.000208905 0.000110596 -3.09515e-05 -0.000265427
internal_weight=2029 983 1046 41 1005 542 351 370 613 542 189 463 249 258 353 271 279 157 71 194 146 93 154 92 191 151 74 77 214 106
internal_count=2029 983 1046 41 1005 542 351 370 613 542 189 463 249 258 353 271 279 157 71 194 146 93 154 92 191 151 74 77 214 106
is_linear=0
shrinkage=0.03


Tree=42
num_leaves=28
num_cat=0
split_feature=23 22 18 24 23 10 10 23 24 21 21 11 11 9 21 15 21 21 22 11 15 20 7 21 5 11 0
split_gain=0.0575153 0.032945 0.0337961 0.0326975 0.0398734 0.0333434 0.0280443 0.0264087 0.0224556 0.0286958 0.0218647 0.0208269 0.0169105 0.0181765 0.0167144 0.013392 0.0132074 0.012697 0.0118949 0.0117997 0.011308 0.0133175 0.0100268 0.00572669 0.00492704 0.001763 0.00106184
threshold=8.775800000000002 18.595000267028755 0.30697182396785677 50.350000000000001 2.1493000000000007 0.99720762600431156 0.99021499284984416 1.2030500000000002 49.550000000000004 1.7850000000000004 1.8550000000000002 0.92473868526057068 1.0328086395923348 1.0191341553965596 3.5250000000000004 0.013853983894932602 2.6150000000000007 1.7850000000000004 13.0650000572204 0.9688320192992611 0.017697632411990953 95.895000457763658 0.0033894733344360505 2.1750000000000003 -0.00048452235643124995 0.98179942729820524 0.0089842443669213012
decision_type=2 2 2 2 2 2 2 2 2 2 2 2 2 2 2 2 2 2 2 2 2 2 2 2 2 2 2
left_child=1 3 19 8 5 24 20 15 10 18 -1 -11 22 -14 -9 -8 -12 -7 -10 -3 21 -4 -6 26 -5 -22 -21
right_child=-2 2 6 4 12 17 7 14 9 11 16 -13 13 -15 -16 -17 -18 -19 -20 23 25 -23 -24 -25 -26 -27 -28
leaf_value=0.00074097802910364407 -0.0014916384782156216 -0.00071585332534204304 0.00075309996100582377 0.0013688922114069423 -0.00045170278897190967 -0.0004785204487429424 0.00066225981390925879 -0.00010453189778931611 -0.00057452389583423997 0 -0.00030081130706202127 -0.00073949943530985578 -0.0010210111980193425 0 0.00044380392268517348 0 0.0003200512945186347 0.00026658461134231574 2.7317986880053802e-05 0.00017844297713600097 0.0010938819026175353 0.00012231818331472042 5.1672593025850658e-05 -0.00038525777520555281 0.00049148239417367483 0.00035559448925778265 0
leaf_weight=31 22 38 53 30 40 21 95 316 34 36 110 180 34 32 58 39 38 136 145 41 41 104 253 33 27 20 22
leaf_count=31 22 38 53 30 40 21 95 316 34 36 110 180 34 32 58 39 38 136 145 41 41 104 253 33 27 20 22
internal_value=0 1.71285e-05 0.00015864 -8.64067e-05 6.9816e-05 0.000396241 0.000241628 0.000111478 -0.000247425 -0.000373921 1.55736e-05 -0.000608077 -0.000116993 -0.000548096 -1.05391e-05 0.00047181 -0.000120188 0.000145536 -7.28884e-05 -0.000267218 0.000529321 0.000357663 -8.14618e-06 -5.31566e-05 0.00102064 0.000909847 7.72277e-05
internal_weight=2029 2007 860 1147 573 214 726 508 574 395 179 216 359 66 374 134 148 157 179 134 218 157 293 96 57 61 63
internal_count=2029 2007 860 1147 573 214 726 508 574 395 179 216 359 66 374 134 148 157 179 134 218 157 293 96 57 61 63
is_linear=0
shrinkage=0.03


Tree=43
num_leaves=27
num_cat=0
split_feature=23 22 24 23 10 19 18 10 19 19 13 21 24 23 11 24 20 15 21 11 19 19 23 7 19 15
split_gain=0.0542741 0.0313278 0.0315999 0.0397707 0.0293631 0.0283309 0.0309774 0.0296915 0.0396298 0.0231806 0.0303379 0.0229282 0.0206489 0.0206352 0.0184901 0.0245196 0.0169508 0.0163497 0.0134235 0.0119689 0.0107974 0.0218121 0.0095216 0.00724772 0.00547626 0.0036925
threshold=8.775800000000002 16.894999504089352 50.350000000000001 2.7947500000000001 0.97633197776334646 101.27910000000001 0.54658103651456558 1.0145845750866298 98.853950000000012 101.35350000000001 0.9790148239094657 2.8950000000000005 49.550000000000004 1.7358000000000002 0.94315480918116112 50.150000000000013 96.865001678466768 0.010056517822365052 2.2550000000000003 1.086996633077473 101.93900000000001 102.41995000000001 2.1493000000000007 0.03491559209741691 101.58235000000001 0.016691972851690703
decision_type=2 2 2 2 2 2 2 2 2 2 2 2 2 2 2 2 2 2 2 2 2 2 2 2 2 2
left_child=1 2 9 4 22 6 17 12 -9 10 18 25 -8 -7 -15 -16 -12 -3 -1 -6 24 -22 -4 -19 -11 -5
right_child=-2 5 3 11 19 13 7 8 -10 20 16 -13 -14 14 15 -17 -18 23 -20 -21 21 -23 -24 -25 -26 -27
leaf_value=0.00024545644371583444 -0.0014488349266998143 -0.0008957897912976997 0.0012953077134831496 -0.00031661841934433374 0.00015196407271100203 0.0004989094744669273 0.001202216576359933 0.00045707613863260859 -0.00030457563353820282 0 -0.00050857398442628724 -0.0013539510844910348 0.00041467634264879985 0.00055931716488807329 -0.00066045503743533533 0 -0.001339975536114683 8.2269990284567735e-05 -0.00049709865082986652 -0.00037330084137751591 -0.00054399620948781906 0.00014427804047241808 0.0002818611111392134 -0.00050615745926783852 0.00045646847904770935 5.6580408010631795e-05
leaf_weight=56 22 20 26 58 322 37 39 121 120 28 122 21 302 20 103 105 37 130 34 41 80 74 27 21 43 20
leaf_count=56 22 20 26 58 322 37 39 121 120 28 122 21 302 20 103 105 37 130 34 41 80 74 27 21 43 20
internal_value=0 1.68026e-05 -0.000101678 5.6186e-05 0.000190099 0.000134839 0.000230074 0.000335584 6.57423e-05 -0.000279269 -0.000479524 -0.000472792 0.000516771 -0.000124342 -0.000240321 -0.000333871 -0.00072796 -0.000111452 -4.47731e-06 8.35323e-05 -4.32385e-05 -0.000195115 0.00084936 0 0.000242652 -0.000183447
internal_weight=2029 2007 989 515 416 1018 753 582 241 474 249 99 341 265 228 208 159 171 90 363 225 154 53 151 71 78
internal_count=2029 2007 989 515 416 1018 753 582 241 474 249 99 341 265 228 208 159 171 90 363 225 154 53 151 71 78
is_linear=0
shrinkage=0.03


Tree=44
num_leaves=29
num_cat=0
split_feature=23 22 24 23 10 19 20 19 13 7 20 19 13 22 19 23 23 11 19 19 6 23 23 8 11 19 3 19
split_gain=0.0512 0.0295153 0.0298029 0.0375242 0.0278085 0.0267038 0.0496728 0.0218751 0.0286144 0.0196079 0.0158535 0.014464 0.0142828 0.0166541 0.0128603 0.0122156 0.0116719 0.0105729 0.0101023 0.0205762 0.0095704 0.00882078 0.00809771 0.0071508 0.00589209 0.00519987 0.00331638 0.0015599
threshold=8.775800000000002 16.894999504089352 50.350000000000001 2.7947500000000001 0.97633197776334646 101.35350000000001 99.194999694824162 101.35350000000001 0.9790148239094657 0.0088132407976903009 96.865001678466768 103.03685 0.99715229485134416 36.079999923706005 99.797050000000013 1.7358000000000002 2.0116000000000005 0.94927323524743923 101.93900000000001 102.41995000000001 0.012054474931941601 2.1493000000000007 0.5375000000000002 0.98582408948400013 1.0152936920774078 101.58235000000001 -0.0078345905730555481 100.42605000000002
decision_type=2 2 2 2 2 2 2 2 2 2 2 2 2 2 2 2 2 2 2 2 2 2 2 2 2 2 2 2
left_child=1 2 7 4 21 9 15 8 22 20 -10 24 13 -11 -14 -7 -6 -13 25 -20 26 -4 -1 -17 -5 -9 -3 -22
right_child=-2 5 3 11 16 6 -8 18 10 12 -12 17 14 -15 -16 23 -18 -19 19 -21 27 -23 -24 -25 -26 -27 -28 -29
leaf_value=-0.00028085023380565238 -0.0014072596556304587 0.00019250677533345882 0.0012578877169515986 0.00011224555097578558 0.00030870535434223708 0.00048433606676438729 -0.0014725793119843885 0 -0.0004934408164862826 0.000404254424374961 -0.0013008341267766233 -0.00019285745387397971 0.00012802224450533068 -0.00036792863655835388 -0.00024829478119465056 0.00030979534082114699 -3.5846174953659289e-05 -0.0013873782085636111 -0.00052787781784880078 0.00014000740501083782 0.0002063018820518928 0.00027370729526904011 0.00028228626759373583 -0.00020976759633342502 -0.00044596447231661938 0.00044308565673567172 0.00065899463581579475 -7.9012136181435454e-05
leaf_weight=51 22 39 26 32 131 37 22 28 122 195 37 20 235 24 124 24 232 21 80 74 30 27 39 138 26 43 129 21
leaf_count=51 22 39 26 32 131 37 22 28 122 195 37 20 235 24 124 24 232 21 80 74 30 27 39 138 26 43 129 21
internal_value=0 1.62663e-05 -9.86855e-05 5.44854e-05 0.000184709 0.000130875 -0.000152601 -0.000271186 -0.000465751 0.000213332 -0.000707031 -0.000459093 0.000114356 0.000304708 0 0 8.07608e-05 -0.000894579 -4.14843e-05 -0.000188758 0.000459212 0.000826422 -3.43694e-06 -0.000112962 -9.04566e-05 0.000234474 0.000570234 3.18671e-05
internal_weight=2029 2007 989 515 416 1018 221 474 249 797 159 99 578 219 359 199 363 41 225 154 219 53 90 162 58 71 168 51
internal_count=2029 2007 989 515 416 1018 221 474 249 797 159 99 578 219 359 199 363 41 225 154 219 53 90 162 58 71 168 51
is_linear=0
shrinkage=0.03


Tree=45
num_leaves=21
num_cat=0
split_feature=23 19 23 15 23 24 11 23 23 7 15 20 19 23 19 17 1 15 15 17
split_gain=0.0482976 0.025755 0.0397018 0.0497019 0.0297891 0.029174 0.0279646 0.0254222 0.0239184 0.0222003 0.021976 0.0215469 0.0139731 0.0126972 0.0112736 0.00831525 0.00788305 0.00686252 0.0041821 0.000536453
threshold=8.775800000000002 98.941250000000011 1.6552000000000002 0.012411507991978252 3.4936000000000003 51.850000000000001 1.086996633077473 1.3824000000000003 0.23350000000000001 0.017145894762869204 0.01346198031342285 92.220001220703111 97.858700000000013 2.8322500000000006 98.882750000000016 -0.0033470735050549999 0.00050782811242905011 0.014763948080146803 0.015076140770187601 0.0022281813699913003
decision_type=2 2 2 2 2 2 2 2 2 2 2 2 2 2 2 2 2 2 2 2
left_child=1 2 7 16 17 6 8 12 15 -6 -9 -10 18 -7 -14 -3 -4 -5 -1 -8
right_child=-2 5 3 4 9 13 19 10 11 -11 -12 -13 14 -15 -16 -17 -18 -19 -20 -21
leaf_value=0.00045887623833021113 -0.0013668774233564086 0 0.00069607830181485039 0.00016988337749748356 0.0014719550907902883 -0.0013105512932828705 -0.00092947947248243359 -0.0009768025041378746 -0.0003228484527075928 0 3.0761338397057655e-05 8.3607798684071273e-05 -0.00017310171938369245 -0.00018479703902317098 0.00053302828768652907 -0.00065998315937711941 0.0018627255142379838 -0.00035427804539358475 4.886531255445179e-05 -0.0003484743543921204
leaf_weight=100 22 28 23 34 23 22 25 38 128 21 28 1140 133 28 22 61 25 46 52 30
leaf_count=100 22 28 23 34 23 22 25 38 128 21 28 1140 133 28 22 61 25 46 52 30
internal_value=0 1.57117e-05 0.000192651 0.000568731 0.000218029 -4.82832e-05 -2.06204e-05 1.01528e-05 4.29499e-06 0.000843529 -0.000510496 3.99914e-05 0.000133118 -0.000754937 -5.08717e-05 -0.000465738 0.00139055 -9.51253e-05 0.000339453 -0.000678021
internal_weight=2029 2007 545 172 124 1462 1412 373 1357 44 66 1268 307 50 155 89 48 80 152 55
internal_count=2029 2007 545 172 124 1462 1412 373 1357 44 66 1268 307 50 155 89 48 80 152 55
is_linear=0
shrinkage=0.03


Tree=46
num_leaves=28
num_cat=0
split_feature=23 22 18 19 20 13 24 23 10 19 19 22 24 21 21 19 22 20 14 13 15 16 10 21 21 14 0
split_gain=0.0455628 0.027273 0.0298034 0.0295959 0.0454079 0.0298585 0.0276007 0.034656 0.0291852 0.0239252 0.0299245 0.0245975 0.0190922 0.0253391 0.0196663 0.0175018 0.0172293 0.0169481 0.0161231 0.0146835 0.0115769 0.0105233 0.00833299 0.00738621 0.007294 0.00454571 0.00124682
threshold=8.775800000000002 18.595000267028755 0.3808532253481694 101.35350000000001 99.124999999999957 0.99796375904544898 50.350000000000001 2.1493000000000007 1.0208752123674316 99.006450000000015 104.09700000000001 14.030000209808302 49.550000000000004 1.7850000000000004 1.8550000000000002 102.73805000000002 20.960000038146905 94.435001373290959 0.010014584276526102 1.0040597828127338 0.010158605266663852 41.153486131229805 0.99521535542003547 2.1750000000000003 2.3550000000000004 0.017436994694571304 0.003909770416324101
decision_type=2 2 2 2 2 2 2 2 2 2 2 2 2 2 2 2 2 2 2 2 2 2 2 2 2 2 2
left_child=1 6 20 5 22 16 12 8 17 11 -11 -9 14 21 -1 -16 -4 -8 -7 -15 -3 -14 -5 26 -10 -25 -22
right_child=-2 2 3 4 -6 18 7 9 24 10 -12 -13 13 19 15 -17 -18 -19 -20 -21 23 -23 -24 25 -26 -27 -28
leaf_value=0.00070311714660027745 -0.0013276539891958236 -0.0009058094779362104 1.8195271679856385e-05 0.00030522325678656882 -0.001439461441444499 0.0005510939344641519 0.0014824383385155511 0 0.00013294335468475458 -0.00031622194682679171 0.00082861010663743534 0.0012457589972764253 0.00033750699942068353 -0.00038562263281958066 -0.00035314523970125014 0.00032175876327365051 0.00077314896311367733 0.00045444259542273352 4.3412120397510758e-05 -0.0010258313275175168 0.00020043953883791025 -0.00019721905553337171 -0.00017244305142521626 -1.7486903409007929e-05 -0.000451908264362898 -0.00063894855633511076 0
leaf_weight=31 22 20 43 64 20 74 22 41 70 278 20 20 40 162 100 48 156 97 296 54 40 139 59 35 25 27 26
leaf_count=31 22 20 43 64 20 74 22 41 70 278 20 20 40 162 100 48 156 97 296 54 40 139 59 35 25 27 26
internal_value=0 1.52214e-05 0.000144093 0.000226753 -0.000143998 0.000325281 -7.88321e-05 6.43773e-05 0.000368934 -0.000109356 -0.00022684 0.000410594 -0.000226873 -0.000343561 1.44348e-05 -0.000113433 0.000625925 0.000680262 0.000154246 -0.000563489 -0.000232287 -5.98493e-05 5.23623e-05 -9.75876e-05 0 -0.000341589 8.85268e-05
internal_weight=2029 2007 860 712 143 569 1147 573 214 359 298 61 574 395 179 148 199 119 370 216 148 179 123 128 95 62 66
internal_count=2029 2007 860 712 143 569 1147 573 214 359 298 61 574 395 179 148 199 119 370 216 148 179 123 128 95 62 66
is_linear=0
shrinkage=0.03


Tree=47
num_leaves=31
num_cat=0
split_feature=24 21 14 22 21 21 20 21 11 16 14 11 15 24 21 11 24 24 21 24 17 22 15 24 11 15 22 15 14 4
split_gain=0.0280555 0.0352685 0.0460233 0.0337756 0.0463845 0.0323806 0.0349887 0.0310551 0.0269635 0.0236013 0.0237999 0.0225159 0.0216724 0.0187061 0.0231488 0.0244972 0.018387 0.0154148 0.0148842 0.0132008 0.0131852 0.0118115 0.0105344 0.00941428 0.0153396 0.00780646 0.00736394 0.00670885 0.00195686 0.000234681
threshold=50.250000000000007 1.3550000000000002 0.013871886956312751 17.025000572204554 2.1950000000000007 2.3850000000000002 90.334999084472614 3.5250000000000004 1.0334471155280835 37.824710863815987 0.0084608035142269521 1.086996633077473 0.021114776511078404 49.550000000000004 1.8050000000000004 0.93154011400293923 51.850000000000001 49.100000000000009 1.8550000000000002 49.45000000000001 0.0037617454590874004 13.0650000572204 0.0091578522395095521 51.250000000000007 0.98324027458958463 0.010664116519700052 18.595000267028755 0.012547247878705552 0.013779468175065751 0.0090526427594691001
decision_type=2 2 2 2 2 2 2 2 2 2 2 2 2 2 2 2 2 2 2 2 2 2 2 2 2 2 2 2 2 2
left_child=1 2 -1 13 20 6 27 12 16 -8 11 -11 -6 18 21 -16 23 -9 -3 -20 26 -15 -12 25 -25 -7 -5 -2 -18 -22
right_child=5 3 -4 4 7 8 9 17 -10 10 22 -13 -14 14 15 -17 28 -19 19 -21 29 -23 -24 24 -26 -27 -28 -29 -30 -31
leaf_value=-0.0019587723097231769 0 0.00060376624009804804 0 0.00010678968376659384 -0.00037817484191788323 0.00024540192519115016 0.0012568488885590339 0.00097462864146711159 -0.00069894083344406669 0.00086281922641311484 -0.00031500662422206786 -0.00012545288886342727 0.00054433107479353964 -0.00057217892789206398 0 -0.0008846069620799665 -0.00083967684199368314 5.6184033686092689e-05 -0.00027614092251114291 0.00051153429198477957 -8.6977952854275426e-05 2.7080692707976275e-05 0.00019843440827091837 0.00088535302870200374 8.1521880151507674e-05 -0.00039703499208491768 0.00071723492791026162 -0.00084450442200694755 -0.00015393862188363487 4.9926070380024599e-05
leaf_weight=20 20 29 21 36 236 20 23 25 59 91 34 20 22 36 40 113 20 68 115 20 20 110 446 28 128 46 115 26 22 20
leaf_count=20 20 29 21 36 236 20 23 25 59 91 34 20 22 36 40 113 20 68 115 20 20 110 446 28 128 46 115 26 22 20
internal_value=0 -0.000108033 -0.000965495 -6.91448e-05 8.74431e-05 0.000115075 0.000237003 -0.000110485 -0.000124771 0.000300137 0.000255777 0.000658436 -0.000286131 -0.00025871 -0.000399547 -0.000660386 0 0.000342735 0 -0.000134486 0.000465481 -0.000103161 0.000155249 0.000115176 0.000249628 -0.000156824 0.000593095 -0.000530317 -0.000562181 0
internal_weight=2029 1046 41 1005 542 983 660 351 323 614 591 111 258 463 299 153 264 93 164 135 191 146 480 222 156 66 151 46 42 40
internal_count=2029 1046 41 1005 542 983 660 351 323 614 591 111 258 463 299 153 264 93 164 135 191 146 480 222 156 66 151 46 42 40
is_linear=0
shrinkage=0.03


Tree=48
num_leaves=24
num_cat=0
split_feature=23 19 18 23 14 21 24 11 11 23 23 20 24 21 11 17 23 23 19 21 21 14 21
split_gain=0.0422711 0.0230685 0.0301475 0.0418746 0.0472675 0.0308625 0.0243105 0.0254714 0.0227111 0.0206637 0.0205262 0.0200795 0.0237014 0.0185648 0.0169857 0.0160845 0.0173982 0.0117805 0.0105873 0.00977625 0.00763673 0.00554146 0.00153416
threshold=8.775800000000002 99.797050000000013 0.51218077638143866 1.6552000000000002 0.0092027524512601506 1.8350000000000002 51.850000000000001 0.99478228438127314 1.0469738531435164 0.85785000000000011 1.0669000000000002 96.084999084472614 51.250000000000007 2.9050000000000007 0.93937491386007499 0.0063347278018871514 1.8111000000000004 2.8322500000000006 98.356050000000025 2.1100000000000008 1.7450000000000003 0.012280075964654401 2.4650000000000003
decision_type=2 2 2 2 2 2 2 2 2 2 2 2 2 2 2 2 2 2 2 2 2 2 2
left_child=1 2 10 5 19 9 7 11 -6 -4 21 12 -3 -13 -7 16 -9 -8 -12 -5 -20 -1 -17
right_child=-2 6 3 4 8 14 17 15 -10 -11 18 13 -14 -15 -16 22 -18 -19 20 -21 -22 -23 -24
leaf_value=0.00054284154548076913 -0.0012787041047021099 0.00016241228604468649 0.000643184352753451 0.0019736366388387978 0.00062676026669479057 0.00019973072577600498 -0.0012430323371056306 0.00020687770996263009 -2.1087121420714537e-05 3.9815799383791892e-05 -0.00097203036297399269 -0.0001254291216031458 0.001017543231517576 0.0004421881509562289 -0.00069573458244390511 -0.00091829862823526905 -0.00019559472587312354 -0.00015814764155421188 0 0.00072769863607361916 -0.00046421389753231778 0 -0.00027920437775254769
leaf_weight=31 22 150 71 23 98 20 22 114 79 221 25 282 40 62 64 27 472 28 53 24 55 20 26
leaf_count=31 22 150 71 23 98 20 22 114 79 221 25 282 40 62 64 27 472 28 53 24 55 20 26
internal_value=0 1.47537e-05 0.000142895 0.00024799 0.000572987 4.54111e-05 -6.49897e-05 -3.43878e-05 0.00032226 0.000198459 -0.000183077 0.000115149 0.000362532 -1.34452e-05 -0.000447393 -0.000164025 -0.000111968 -0.000709334 -0.000388568 0.00142833 -0.000218305 0.000292284 -0.000671313
internal_weight=2029 2007 784 600 224 376 1223 1173 177 292 184 534 190 344 84 639 586 50 133 47 108 51 53
internal_count=2029 2007 784 600 224 376 1223 1173 177 292 184 534 190 344 84 639 586 50 133 47 108 51 53
is_linear=0
shrinkage=0.03


Tree=49
num_leaves=28
num_cat=0
split_feature=23 22 24 23 10 18 19 20 10 19 19 13 21 22 21 14 23 11 17 22 21 14 10 23 16 24 15
split_gain=0.0398802 0.0241838 0.0243106 0.0310934 0.0243022 0.0235387 0.0256237 0.0493879 0.0257072 0.0258121 0.0188668 0.0274214 0.0184117 0.0170765 0.013691 0.0132187 0.0106863 0.00992021 0.00957602 0.00921689 0.0084562 0.0077194 0.00762531 0.00661974 0.00398436 0.00384962 0.00355903
threshold=8.775800000000002 16.894999504089352 50.350000000000001 2.7947500000000001 0.97633197776334646 0.4351593158912696 101.35350000000001 99.194999694824162 1.0145845750866298 98.853950000000012 101.40940000000002 0.98597644149972286 2.8950000000000005 20.824999809265055 1.5450000000000002 0.0093596174885164016 0.5375000000000002 1.086996633077473 -0.0031798967997379497 31.775000572204554 2.1750000000000003 0.012440807138757703 1.0242723071226336 1.7358000000000002 58.713061001799709 49.650000000000013 0.013221202613234203
decision_type=2 2 2 2 2 2 2 2 2 2 2 2 2 2 2 2 2 2 2 2 2 2 2 2 2 2 2
left_child=1 2 10 4 21 19 8 23 13 -10 11 16 18 -7 -13 24 -1 -6 -5 20 26 -4 -17 -8 -12 -22 -3
right_child=-2 5 3 12 17 6 7 -9 9 -11 15 14 -14 -15 -16 22 -18 -19 -20 -21 25 -23 -24 -25 -26 -27 -28
leaf_value=-0.00034617984679061919 -0.0012420108779940917 0.00036211234894430926 0.0011076245235519542 -0.00058869650230044493 0.00013266067043873631 0.00010081065541258218 0.00045444396007806063 -0.0014886456296912261 0.00033763389884992391 -0.00026220883239600547 0.00038455912397799809 0 -0.0012095859206747263 0.00056195584184878615 -0.00084489026117928159 -0.00035006456264324067 0.00019884279011166654 -0.00034532895384888562 4.8453428460052233e-05 -0.00073116306684503792 0 0.00017044837860157711 0.00015077021703265408 -2.5207688405574645e-05 0 -0.00049134852976535719 0
leaf_weight=63 22 30 30 29 322 122 29 20 128 126 61 26 21 275 114 102 59 41 49 24 28 23 27 133 22 45 58
leaf_count=63 22 30 30 29 322 122 29 20 128 126 61 26 21 275 114 102 59 41 49 24 28 23 27 133 22 45 58
internal_value=0 1.4334e-05 -8.95606e-05 4.83015e-05 0.000167321 0.000118202 0.000187947 -0.000114787 0.00027723 2.8448e-05 -0.00024545 -0.000416005 -0.000418491 0.000428391 -0.000703434 -1.96213e-05 -5.87394e-05 6.96307e-05 -0.000154914 -0.000179032 -7.42032e-05 0.000767169 -0.000221808 4.45122e-05 0.000257806 -0.000321332 9.84005e-05
internal_weight=2029 2007 989 515 416 1018 833 182 651 254 474 262 99 397 140 212 122 363 78 185 161 53 129 162 83 73 88
internal_count=2029 2007 989 515 416 1018 833 182 651 254 474 262 99 397 140 212 122 363 78 185 161 53 129 162 83 73 88
is_linear=0
shrinkage=0.03


Tree=50
num_leaves=31
num_cat=0
split_feature=19 18 24 20 11 21 15 19 19 24 20 15 20 22 24 10 22 19 21 21 12 21 15 20 16 21 18 24 21 21
split_gain=0.0259995 0.0277826 0.0197099 0.0209369 0.0283297 0.024915 0.0239052 0.0219411 0.0289299 0.0182201 0.018242 0.0181464 0.0175428 0.0255606 0.0231688 0.0241104 0.0168376 0.0159746 0.0152894 0.0271449 0.0115448 0.0114451 0.0107492 0.00682221 0.00645011 0.00634891 0.00614143 0.00545066 0.00434227 0.00178926
threshold=99.797050000000013 0.51218077638143866 51.850000000000001 96.75500106811522 1.0039922944036312 1.6950000000000001 0.020055110339296703 101.23795000000001 100.83590000000001 51.250000000000007 93.13499832153316 0.0094123767033067515 90.334999084472614 16.105000495910605 50.350000000000001 0.97957244220690409 17.100000381469652 100.1632 1.0300000000000002 2.1250000000000004 0.98533641384922432 3.7550000000000003 0.013010088373979002 93.805000305175767 49.669621864428144 1.7850000000000004 0.55238665010313048 50.95000000000001 0.63500000000000012 2.4150000000000005
decision_type=2 2 2 2 2 2 2 2 2 2 2 2 2 2 2 2 2 2 2 2 2 2 2 2 2 2 2 2 2 2
left_child=1 11 3 4 9 23 7 8 -5 16 -11 -1 -3 14 20 -16 -2 -7 28 -20 -14 -9 27 -6 -8 -24 -4 -13 -15 -27
right_child=2 12 26 6 5 17 24 21 -10 10 -12 22 13 18 15 -17 -18 -19 19 -21 -22 -23 25 -25 -26 29 -28 -29 -30 -31
leaf_value=-0.00084378291118229114 -0.00011968426913324179 -0.0003639322376976771 -7.2592382169594702e-05 -0.0001348374892951216 -0.0011439736477285624 0.00075915363344194531 0.00073194652988708443 -0.00014027662264754813 -0.0008990151120674704 0 0.0011212605737498959 0.00068224228656088765 8.2907724817613912e-05 -4.1107822868070793e-05 0.0011368112765438856 6.2364874216857259e-05 0.00036494737229203679 -8.8260960948164546e-05 0.00083811813237348652 0 -0.00055161181246247981 0.00054682239077307967 0 -0.00023826871348033558 0 -0.00066966098554817452 -0.00095406445435759031 0 0.0002829684826645588 -6.457225210033356e-05
leaf_weight=30 108 36 20 110 24 21 27 334 90 20 39 21 30 31 24 107 137 217 140 39 65 21 64 27 20 25 30 23 128 21
leaf_count=30 108 36 20 110 24 21 27 334 90 20 39 21 30 31 24 107 137 217 140 39 65 21 64 27 20 25 30 23 128 21
internal_value=0 0.00013516 -8.52675e-05 -5.78118e-05 6.49622e-05 -0.000140725 -0.000183633 -0.000242338 -0.000496405 0.000270157 0.000751346 -0.000177466 0.000236159 0.000280349 1.90284e-05 0.000289058 0.000139501 0 0.000445656 0.000643834 -0.000321211 -8.97825e-05 -2.37027e-05 -0.000735978 0.000437697 -0.000199706 -0.000668636 0.0003443 0.000201172 -0.000464506
internal_weight=2029 784 1245 1195 593 289 602 555 200 304 59 184 600 564 226 131 245 238 338 179 95 355 154 51 47 110 50 44 159 46
internal_count=2029 784 1245 1195 593 289 602 555 200 304 59 184 600 564 226 131 245 238 338 179 95 355 154 51 47 110 50 44 159 46
is_linear=0
shrinkage=0.03


Tree=51
num_leaves=26
num_cat=0
split_feature=23 22 24 23 17 15 19 19 14 15 10 19 13 23 23 19 19 24 21 14 23 15 10 10 16
split_gain=0.0360103 0.0212236 0.0215932 0.0292964 0.028058 0.0225933 0.0212068 0.0200749 0.0270477 0.0287039 0.0277838 0.0172394 0.0254177 0.0168933 0.0163759 0.0272231 0.0131614 0.012571 0.0125079 0.0123542 0.00975452 0.00751298 0.0071805 0.00590601 0.00380514
threshold=8.775800000000002 16.894999504089352 50.350000000000001 2.1493000000000007 0.0013057198774169502 0.0138261508573443 104.09700000000001 101.27910000000001 0.0079485277037672011 0.0093819334694710526 1.0145845750866298 101.40940000000002 0.98597644149972286 1.7358000000000002 8.5004000000000008 101.70440000000001 103.03685 51.150000000000013 1.5450000000000002 0.0093596174885164016 0.5375000000000002 0.0092587735782045013 1.0242723071226336 1.0103751108829819 58.713061001799709
decision_type=2 2 2 2 2 2 2 2 2 2 2 2 2 2 2 2 2 2 2 2 2 2 2 2 2
left_child=1 2 11 4 5 -4 16 8 17 -10 -11 12 20 -9 15 -15 -5 -3 -14 24 -1 -6 -21 -16 -13
right_child=-2 7 3 6 21 -7 -8 13 9 10 -12 19 18 14 23 -17 -18 -19 -20 22 -22 -23 -24 -25 -26
leaf_value=-0.00032530199707298381 -0.001180572740085747 0.00027702527937279749 0.00086864728761020665 -7.4062722435341716e-05 -0.0004854765606299043 -0.00012484595729204425 0.00075676768931693262 0.00045566158529714137 -0.00064724879028653956 0.00034703183232242244 -3.8050582322804949e-05 0.00037711761021355704 0 -0.00094246546085923909 0.00056891844117154295 -9.3369140717159245e-05 -0.00056454858962667323 0.0014390573549570272 -0.00080563624894003502 -0.00033570200829479601 0.00019600116757210345 0.00010602736708712585 0.00014951922855522884 0 0
leaf_weight=63 22 27 88 214 24 20 20 37 37 397 270 61 26 50 25 133 72 22 114 102 59 77 27 20 22
leaf_count=63 22 27 88 214 24 20 20 37 37 397 270 61 26 50 25 133 72 22 114 102 59 77 27 20 22
internal_value=0 1.32576e-05 -8.39643e-05 4.56931e-05 0.000322957 0.000657687 -0.000134343 0.000110644 0.00019107 0.000137889 0.000186837 -0.000230952 -0.000393899 -0.000106468 -0.000212383 -0.000345528 -0.000209531 0.000877101 -0.000670469 -1.45866e-05 -4.92623e-05 -8.49784e-06 -0.000210698 0.000259597 0.000253379
internal_weight=2029 2007 989 515 209 108 306 1018 753 704 667 474 262 265 228 183 286 49 140 212 122 101 129 45 83
internal_count=2029 2007 989 515 209 108 306 1018 753 704 667 474 262 265 228 183 286 49 140 212 122 101 129 45 83
is_linear=0
shrinkage=0.03


Tree=52
num_leaves=29
num_cat=0
split_feature=19 18 14 24 19 15 16 22 15 21 10 22 24 15 18 24 22 11 14 19 19 21 14 8 21 18 20 22
split_gain=0.023832 0.0260052 0.0279517 0.017931 0.0192964 0.0184183 0.0266037 0.0249549 0.0172681 0.0169508 0.0153376 0.0159371 0.0163376 0.0142493 0.0135791 0.0122139 0.0329685 0.02115 0.0119685 0.00739497 0.0117093 0.00676778 0.00573081 0.00497299 0.00437956 0.00397745 0.00220574 0.0010695
threshold=99.797050000000013 0.51218077638143866 0.007200043540925901 51.850000000000001 102.39720000000001 0.017312175234821654 56.869737636944699 11.755000114440902 0.0094123767033067515 3.5250000000000004 1.0045908912755295 16.894999504089352 51.150000000000013 0.016219147563021504 0.3808532253481694 50.050000000000004 20.824999809265055 1.0241010643287118 0.012280075964654401 104.09700000000001 103.69385000000001 1.7850000000000004 0.013779468175065751 0.99398293417577654 3.0850000000000004 0.5659442040674082 95.63499832153316 20.624999999999954
decision_type=2 2 2 2 2 2 2 2 2 2 2 2 2 2 2 2 2 2 2 2 2 2 2 2 2 2 2 2
left_child=1 8 -3 4 5 7 24 14 -1 -9 15 12 -12 -13 -2 16 -4 -17 26 20 25 27 -5 -22 -7 -6 -10 -20
right_child=3 2 10 22 19 6 -8 9 18 -11 11 13 -14 -15 -16 17 -18 -19 21 -21 23 -23 -24 -25 -26 -27 -28 -29
leaf_value=-0.0008232178671375638 0.00077390555482214458 0.0011228523803874849 -0.00037880193119254447 -0.00094217124099618406 0 0.000457361315387035 -0.00052011878306448866 -0.00031947030883434073 0 0.00021200873786671404 -0.00067497439997532625 0.00033874041241450372 1.3939752259334038e-05 -0.00020878949103867993 0 0.0007219635656458257 0.00073395569817221265 -2.3599070783737741e-06 0.00011713307938570605 0.00073514576257938254 9.8202902446275619e-05 -0.00050567899247044292 -9.7882641821026619e-05 -0.00031787479117629115 0 0.00036157916506942314 0.00044004618521855288 -0.00014736998120609384
leaf_weight=30 25 30 57 28 37 104 36 569 20 52 47 155 65 51 126 115 39 41 28 20 30 45 22 59 24 113 36 25
leaf_count=30 25 30 57 28 37 104 36 569 20 52 47 155 65 51 126 115 39 41 28 20 30 45 22 59 24 113 36 25
internal_value=0 0.000129069 0.000226876 -8.19683e-05 -5.56507e-05 -0.00012094 0.000157409 -0.000184079 -0.000173153 -0.000269874 0.000172582 2.35351e-05 -0.000252024 0.00018834 0.000148479 0.00034797 4.52342e-05 0.000513686 -2.26686e-05 0.000168316 0.000105517 -0.000239353 -0.000638711 -0.000144758 0.000373774 0.000273856 0.000301445 0
internal_weight=2029 784 600 1245 1195 936 164 772 184 621 570 318 112 206 151 252 96 156 154 259 239 98 50 89 128 150 56 53
internal_count=2029 784 600 1245 1195 936 164 772 184 621 570 318 112 206 151 252 96 156 154 259 239 98 50 89 128 150 56 53
is_linear=0
shrinkage=0.03


Tree=53
num_leaves=24
num_cat=0
split_feature=23 22 18 19 20 10 19 23 11 23 16 20 22 22 19 11 24 14 22 11 23 7 23
split_gain=0.0335382 0.019168 0.0204414 0.0215012 0.0442001 0.0223671 0.0224616 0.0196594 0.0332085 0.0294313 0.0272473 0.0205027 0.0153839 0.014601 0.010397 0.00976681 0.0115998 0.00882122 0.00794548 0.00786493 0.0056303 0.00555461 0.00372141
threshold=8.775800000000002 16.894999504089352 0.4351593158912696 101.35350000000001 99.194999694824162 1.0145845750866298 98.853950000000012 2.5551000000000008 1.0341049439973313 1.0789000000000002 42.644059604993025 94.354999542236314 20.824999809265055 14.164999961853001 100.21900000000001 0.92473868526057068 49.850000000000001 0.0087509172346337018 31.775000572204554 0.93425047534016969 1.7358000000000002 0.03282663678123756 1.7667500000000003
decision_type=2 2 2 2 2 2 2 2 2 2 2 2 2 2 2 2 2 2 2 2 2 2 2
left_child=1 7 18 5 20 12 -7 9 11 15 13 14 -4 -11 -9 -1 -17 -12 21 -13 -5 22 -3
right_child=-2 2 3 4 -6 6 -8 8 -10 10 17 19 -14 -15 -16 16 -18 -19 -20 -21 -22 -23 -24
leaf_value=4.0634346429214922e-05 -0.0011393498369371114 0.00018351786492980626 8.1816053171301391e-05 0.0004216998461983167 -0.001406049685286624 0.00030919405399702576 -0.00025071199739779942 -0.00011657947842931289 -0.0011204453799618043 0.00088432126314783423 0.00017956465817583195 0 0.00051993796030475774 8.8334588888649106e-05 0.00054576833266658403 -0.0009095393101079659 -0.00024364204806740175 -8.7156012463578987e-05 -0.00068585344419814641 -0.0006558062539828058 -1.8622467614151707e-05 -0.00052757789460676052 -0.00012893034991480647
leaf_weight=31 22 56 122 29 20 128 126 32 40 52 159 22 275 50 40 42 100 365 24 56 133 20 85
leaf_count=31 22 56 122 29 20 128 126 32 40 52 159 22 275 50 40 42 100 365 24 56 133 20 85
internal_value=0 1.27749e-05 0.000105385 0.000170552 -0.000105855 0.000252472 1.97867e-05 -7.95308e-05 -0.000353524 -1.02655e-05 8.16672e-05 -0.000123078 0.000393383 0.000527904 0.000212731 -0.000358723 -0.00046656 -3.21439e-07 -0.000171252 -0.0004698 4.38993e-05 -7.22631e-05 0
internal_weight=2029 2007 1018 833 182 651 254 989 190 799 626 150 397 102 72 173 142 524 185 78 162 161 141
internal_count=2029 2007 1018 833 182 651 254 989 190 799 626 150 397 102 72 173 142 524 185 78 162 161 141
is_linear=0
shrinkage=0.03


Tree=54
num_leaves=30
num_cat=0
split_feature=19 18 17 15 20 24 20 24 19 15 20 22 24 17 21 21 20 12 20 15 21 22 24 19 22 21 12 6 22
split_gain=0.0217022 0.0238273 0.0219886 0.0180185 0.0178666 0.0179358 0.0197249 0.0174644 0.0165362 0.0164695 0.0162202 0.0203662 0.0196595 0.0354663 0.0147842 0.0247826 0.0134132 0.0100526 0.0099868 0.00922835 0.005475 0.00518712 0.00493367 0.00442291 0.0037939 0.00555159 0.00378718 0.0016456 0.000995251
threshold=99.797050000000013 0.51218077638143866 0.0052757747257665506 0.017312175234821654 96.829998016357408 51.850000000000001 92.38000106811522 49.350000000000001 102.24035000000002 0.0094123767033067515 90.334999084472614 16.105000495910605 50.350000000000001 -0.00055216970866049989 1.0300000000000002 2.1250000000000004 110.65499877929652 0.98533641384922432 102.54500198364202 0.013010088373979002 1.7850000000000004 12.105000019073453 50.95000000000001 93.309500000000014 18.765000343322704 3.0050000000000003 1.0002398978761955 0.0023967173537673002 20.624999999999954
decision_type=2 2 2 2 2 2 2 2 2 2 2 2 2 2 2 2 2 2 2 2 2 2 2 2 2 2 2 2 2
left_child=1 9 3 4 5 6 -2 8 -6 -1 -3 12 17 -14 23 -16 -9 -12 21 22 28 -4 -11 -13 -5 26 -26 -22 -21
right_child=2 10 18 24 7 -7 -8 16 -10 19 11 14 13 -15 15 -17 -18 -19 -20 20 27 -23 -24 -25 25 -27 -28 -29 -30
leaf_value=-0.00080032694590608433 -0.00027049707121258712 -0.00036007829153724644 -7.8195810531843038e-05 0 0.00050865749819828257 -0.00059313922637217753 0.00018933936675410382 -0.00035037637733702193 -0.0003442242832737975 0.00064245103892277596 8.5641190522320321e-05 0.00038862037234191251 0.0009092138650570996 -7.6145585526779552e-05 0.0007870307412246822 0 0.00032681645808042961 -0.00050383048842063123 0 0.00011408069936177607 -0.00010308702176229821 -0.00080528067977675302 0 2.0282881710279197e-05 0.00076946732608249057 0 0.00016155906535360762 -0.00068452582874202299 -0.00011886459826068443
leaf_weight=30 102 36 22 30 51 36 388 367 29 21 30 55 49 82 140 39 23 65 33 32 26 60 23 104 36 34 34 20 32
leaf_count=30 102 36 22 30 51 36 388 367 29 21 30 55 49 82 140 39 23 65 33 32 26 60 23 104 36 34 34 20 32
internal_value=0 0.000123096 -7.82903e-05 -3.50028e-05 -8.13699e-05 3.38627e-05 8.71524e-05 -0.0002165 0.000162018 -0.000165818 0.000216816 0.000259521 2.44171e-05 0.000273792 0.000407336 0.00060108 -0.000302033 -0.000287478 -0.000473807 -1.84921e-05 -0.000183029 -0.000649646 0.000321111 0.000168078 0.000285464 0.000370529 0.000522885 -0.000428902 0
internal_weight=2029 784 1245 1130 996 526 490 470 80 184 600 564 226 131 338 179 390 95 115 154 110 82 44 159 134 104 70 46 64
internal_count=2029 784 1245 1130 996 526 490 470 80 184 600 564 226 131 338 179 390 95 115 154 110 82 44 159 134 104 70 46 64
is_linear=0
shrinkage=0.03


Tree=55
num_leaves=25
num_cat=0
split_feature=23 22 18 19 20 13 14 23 11 23 16 20 22 22 14 19 11 20 15 11 17 22 23 15
split_gain=0.0310679 0.0171071 0.0186063 0.0192452 0.0412719 0.0209292 0.0209466 0.0184053 0.030593 0.0273086 0.026288 0.0189294 0.0169668 0.0113641 0.0105467 0.00989973 0.00917485 0.00899732 0.00776875 0.00752444 0.0057463 0.00919441 0.00524795 0.00259927
threshold=8.775800000000002 16.894999504089352 0.4351593158912696 101.35350000000001 99.194999694824162 1.0065028407797654 0.016535938053391753 2.5551000000000008 1.0341049439973313 1.0789000000000002 37.824710863815987 94.354999542236314 21.234999656677203 14.744999885559052 0.0087509172346337018 100.21900000000001 0.92473868526057068 96.829998016357408 0.010017640328169802 0.93425047534016969 0.00048065879795645007 27.090000152587852 1.7358000000000002 0.013024877181991851
decision_type=2 2 2 2 2 2 2 2 2 2 2 2 2 2 2 2 2 2 2 2 2 2 2 2
left_child=1 7 18 5 22 12 -7 9 11 16 13 15 -4 -11 -12 -9 -1 -18 -3 -13 21 -20 -5 -22
right_child=-2 2 3 4 -6 6 -8 8 -10 10 14 19 -14 -15 -16 -17 17 -19 20 -21 23 -23 -24 -25
leaf_value=4.1235956420905487e-05 -0.0010968334652159525 -0.00072676022982757008 8.4029407487453331e-05 0.00040937686263932849 -0.0013558660814804691 0.00019772868672672937 -0.00036452357557391221 -0.00011641322864174567 -0.0010766267189557276 0.0013316014623269438 0.00022091978426783498 0 0.00057406571571868561 0.00013476943133652886 -5.4369255883069407e-05 0.00052933097818139488 -0.00026863305947909971 -0.0009102779660240879 -0.0004692761890066322 -0.00063364259321487654 0.00034624162106774748 0.00018494888554726328 -1.4354070683410426e-05 0
leaf_weight=31 22 20 114 29 20 252 75 32 40 20 175 22 210 21 410 40 108 34 59 56 22 20 133 64
leaf_count=31 22 20 114 29 20 252 75 32 40 20 175 22 210 21 410 40 108 34 59 56 22 20 133 64
internal_value=0 1.20403e-05 9.96007e-05 0.000161867 -9.89909e-05 0.000239437 5.89072e-05 -7.50668e-05 -0.000340103 -7.94563e-06 8.04859e-05 -0.000117999 0.000411665 0.000807823 2.30992e-05 0.000203574 -0.0003438 -0.000448537 -0.000164002 -0.000451631 -7.37495e-05 -0.000265908 4.51402e-05 6.93129e-05
internal_weight=2029 2007 1018 833 182 651 327 989 190 799 626 150 324 41 585 72 173 142 185 78 165 79 162 86
internal_count=2029 2007 1018 833 182 651 327 989 190 799 626 150 324 41 585 72 173 142 185 78 165 79 162 86
is_linear=0
shrinkage=0.03


Tree=56
num_leaves=27
num_cat=0
split_feature=23 19 23 14 23 23 7 11 24 19 15 22 15 23 22 16 11 24 22 24 0 19 24 15 10 22
split_gain=0.0293046 0.0163744 0.0321347 0.0384271 0.0256082 0.0222229 0.0211567 0.0210216 0.0196873 0.0317143 0.0200452 0.0202441 0.0173028 0.0165191 0.0132836 0.0154312 0.0123358 0.0103511 0.0126256 0.00886689 0.00762932 0.00679519 0.0063593 0.00556631 0.00291813 0.000159072
threshold=8.775800000000002 98.941250000000011 1.6552000000000002 0.011719684111680702 3.4936000000000003 1.3824000000000003 0.017145894762869204 1.0457355205971308 49.45000000000001 101.0665 0.017133296139131903 11.215000152587852 0.01346198031342285 2.0116000000000005 16.144999504089302 50.879925749135651 1.0026214938711135 49.550000000000004 18.204999923706001 50.850000000000001 0.00050795714899240008 102.85640000000002 51.350000000000001 0.014763948080146803 1.0061183956067257 19.125000000000004
decision_type=2 2 2 2 2 2 2 2 2 2 2 2 2 2 2 2 2 2 2 2 2 2 2 2 2 2
left_child=1 2 5 20 23 14 -6 8 9 24 11 -10 -7 22 15 -1 -12 25 -19 -16 -4 -11 -9 -5 -3 -15
right_child=-2 7 3 4 6 12 -8 13 10 21 16 -13 -14 17 19 -17 -18 18 -20 -21 -22 -23 -24 -25 -26 -27
leaf_value=2.3070643821699635e-05 -0.0010653591272623644 0.0012247079130309948 0.0005620116042264272 0.00010537114825565368 0.0013883561510592698 -0.00090934534295676985 0 -0.00024351753647904839 0.00024152049042289899 -5.524232378476141e-05 0.00053908043003387065 -0.00015642230918728287 0 0 0.00051364395576698979 -0.00081369790530208357 0 -0.00099178872970668089 -4.0080306908259016e-05 7.6672717891845173e-05 0.0016276230855534473 0.00039577402146785879 0.00036977111516171135 -0.00035435171363591825 0.00041428455947432668 -0.00014378537698488296
leaf_weight=58 22 27 25 34 22 38 20 24 128 117 76 811 28 20 71 25 58 56 25 153 26 37 31 45 24 28
leaf_count=58 22 27 25 34 22 38 20 24 128 117 76 811 28 20 71 25 58 56 25 153 26 37 31 45 24 28
internal_value=0 1.1583e-05 0.000152916 0.000490891 0.000166935 0 0.000766936 -3.91207e-05 1.8176e-06 0.000272669 -4.73418e-05 -9.87859e-05 -0.000498909 -0.000338153 0.00010388 -0.00019994 0.000288991 -0.000525408 -0.000738708 0.000230178 0.00118381 3.56182e-05 4.90132e-05 -0.000120152 0.000916326 -9.65093e-05
internal_weight=2029 2007 545 172 121 373 42 1462 1278 205 1073 939 66 184 307 83 134 129 81 224 51 154 55 79 51 48
internal_count=2029 2007 545 172 121 373 42 1462 1278 205 1073 939 66 184 307 83 134 129 81 224 51 154 55 79 51 48
is_linear=0
shrinkage=0.03


Tree=57
num_leaves=20
num_cat=0
split_feature=23 19 23 15 23 11 24 17 23 11 21 15 12 19 23 17 22 12 17
split_gain=0.0276559 0.015535 0.0304237 0.0364425 0.020892 0.020119 0.0188002 0.0180891 0.0178851 0.0184068 0.0177673 0.01637 0.0135498 0.0110018 0.00969876 0.00658425 0.00489723 0.00252591 0.000532397
threshold=8.775800000000002 98.941250000000011 1.6552000000000002 0.014926360124227203 1.3824000000000003 1.086996633077473 51.850000000000001 -0.0013591077034234497 0.23350000000000001 0.93937491386007499 1.8450000000000004 0.01346198031342285 1.0072233690324215 98.488550000000018 2.8322500000000006 -0.0033470735050549999 13.394999980926451 1.0021577058571589 0.0022281813699913003
decision_type=2 2 2 2 2 2 2 2 2 2 2 2 2 2 2 2 2 2 2
left_child=1 2 4 7 10 6 8 -4 15 -10 16 -6 -9 17 -8 -3 -1 -5 -7
right_child=-2 5 3 13 11 18 14 12 9 -11 -12 -13 -14 -15 -16 -17 -18 -19 -20
leaf_value=-0.0001662434317100712 -0.0010347879430198151 0 0.0015842220750896053 0 -0.00088276447986180954 -0.00082985080234133273 -0.0010568564372218175 0 0.00039352962204627098 0 -0.00054570582558517342 0 0.00078210850843202521 0.00039988365735588291 -7.7754407655447716e-05 -0.00057299546239101477 0.00022904044020003364 -0.00054839898538193671 -0.00028550723410796397
leaf_weight=22 22 28 26 20 38 25 22 20 117 1151 31 28 53 30 28 61 254 23 30
leaf_count=22 22 28 26 20 38 25 22 20 117 1151 31 28 53 30 28 61 254 23 30
internal_value=0 1.14268e-05 0.000149115 0.000477964 0 -3.79163e-05 -1.35261e-05 0.000850411 5.53598e-06 3.66869e-05 0.000101036 -0.000483436 0.000530637 0 -0.000579658 -0.00040042 0.000186216 -0.000335223 -0.000596908
internal_weight=2029 2007 545 172 373 1462 1407 99 1357 1268 307 66 73 73 50 89 276 43 55
internal_count=2029 2007 545 172 373 1462 1407 99 1357 1268 307 66 73 73 50 89 276 43 55
is_linear=0
shrinkage=0.03


Tree=58
num_leaves=31
num_cat=0
split_feature=19 14 15 17 22 17 10 15 20 15 7 12 20 15 18 20 21 19 21 11 22 11 15 21 22 14 22 21 12 11
split_gain=0.0182712 0.0207425 0.0327564 0.0220914 0.0217335 0.0194883 0.0158868 0.0158689 0.0163588 0.0152312 0.0142645 0.0142018 0.0130552 0.0163743 0.0127975 0.0111316 0.0107982 0.0147983 0.0103853 0.0103639 0.0100561 0.00874782 0.00602803 0.00498632 0.00558525 0.00428908 0.00348529 0.00488352 0.00384822 0.00263054
threshold=99.797050000000013 0.0091411697074750015 0.0092587735782045013 -0.0036342589009311995 15.974999904632552 0.0052757747257665506 1.003627900024793 0.017312175234821654 96.829998016357408 0.012791730901822252 0.012568801977365452 1.0091497434207739 92.220001220703111 0.012830254329796903 0.30096309579022523 96.865001678466768 3.5250000000000004 101.58235000000001 1.7850000000000004 1.0351530499383361 12.934999942779502 0.98074956263115964 0.013916714597153802 3.0450000000000004 12.105000019073453 0.007200043540925901 17.884999275207502 3.0050000000000003 1.0002398978761955 1.059153160100099
decision_type=2 2 2 2 2 2 2 2 2 2 2 2 2 2 2 2 2 2 2 2 2 2 2 2 2 2 2 2 2 2
left_child=1 3 11 -1 25 7 19 8 12 10 -8 -3 13 -2 -14 29 17 -10 -11 20 -4 -7 -18 24 -23 -5 -9 28 -28 -6
right_child=5 2 6 4 15 21 9 26 16 18 -12 -13 14 -15 -16 -17 22 -19 -20 -21 -22 23 -24 -25 -26 -27 27 -29 -30 -31
leaf_value=0.0010877869310961859 0 -0.0012769234849216524 0 8.217493604336459e-06 0.00043257019113350129 0 0.00065507181212888087 0 -0.0004174411999280355 0 -8.1805041485899348e-06 -2.8316688702695741e-05 0.00050997797315496774 -0.00076824971173915105 3.4356988186680509e-05 0.0011882303935874786 0.00050657471357974117 -3.9958876853306143e-05 -0.0003806094692521685 -0.00013551646523909375 0.00048394823751746202 -9.4920076213644004e-05 -6.9837601738981887e-05 -4.8640259269159278e-05 -0.00090417034575734651 -0.00042992499747368339 0.00072759105708744185 0 0.00013648544589644492 0
leaf_weight=36 60 22 46 20 20 23 47 26 233 148 53 21 62 36 368 20 26 188 106 34 158 20 23 24 48 33 37 36 35 20
leaf_count=36 60 22 46 20 20 23 47 26 233 148 53 21 62 36 368 20 26 188 106 34 158 20 23 24 48 33 37 36 35 20
internal_value=0 0.000112649 3.25009e-05 0.000431724 0.000188689 -7.21303e-05 9.55528e-05 -3.12219e-05 -7.4895e-05 -2.42569e-05 0.000277245 -0.000749823 3.52215e-05 -0.000270563 0.00011092 0.000589433 -0.000204314 -0.000256477 -0.000155345 0.000285665 0.000370815 -0.000444503 0.000180028 -0.000575416 -0.000714459 -0.000211942 0.000269321 0.000344402 0.00048715 0.000195184
internal_weight=2029 784 635 149 113 1245 592 1130 996 354 100 43 526 96 430 60 470 421 254 238 204 115 49 92 68 53 134 108 72 40
internal_count=2029 784 635 149 113 1245 592 1130 996 354 100 43 526 96 430 60 470 421 254 238 204 115 49 92 68 53 134 108 72 40
is_linear=0
shrinkage=0.03


Tree=59
num_leaves=26
num_cat=0
split_feature=23 10 21 23 23 14 21 19 19 18 14 23 24 24 24 22 16 22 24 22 23 23 9 13 14
split_gain=0.0254309 0.0153409 0.0179509 0.0236316 0.0143961 0.0210372 0.0151745 0.0173017 0.0250185 0.0136118 0.0127974 0.0110227 0.0135703 0.00985604 0.0203628 0.0179442 0.00968716 0.0118554 0.00927259 0.00898445 0.00693522 0.00647754 0.00289098 0.0028842 0.00268635
threshold=8.775800000000002 0.99045967091311271 2.1850000000000005 1.8413000000000002 1.8111000000000004 0.008330861053501103 3.5250000000000004 98.853950000000012 98.488550000000018 0.83133485723806411 0.014675412015561903 2.1493000000000007 51.750000000000007 49.550000000000004 50.600000000000001 15.364999771118102 48.477166948440299 39.389999389648409 51.150000000000013 18.765000343322704 2.0116000000000005 1.6777500000000003 0.99370795788779231 0.95821655112041115 0.0064343872224318513
decision_type=2 2 2 2 2 2 2 2 2 2 2 2 2 2 2 2 2 2 2 2 2 2 2 2 2
left_child=1 2 16 22 5 18 7 8 -6 -9 -8 20 -13 15 -15 -7 17 19 24 -1 -5 -20 23 -4 -3
right_child=-2 4 3 11 6 13 10 9 -10 -11 -12 12 -14 14 -16 -17 -18 -19 21 -21 -22 -23 -24 -25 -26
leaf_value=0.00025356127135709095 -0.00099257303677175368 0.00040816975280706013 0 5.9956901706755148e-05 -0.00028063401960359141 -0.00034834483891725543 0.00070261482763624584 -8.6815331745463865e-05 0.00077330227140173509 -0.0003804208162933256 -5.1384608773514626e-05 0.00016534267049269781 -0.00040642639699027593 -0.00035453434018793722 8.5797875472344459e-05 0.00055299372433329972 -0.00018917777032591401 -0.00019935735716717317 0.00024709615349907519 0.00068734645730960384 0.00093733718310249974 0.0012496047747720565 0 -0.00057068986418173419 0
leaf_weight=154 22 21 20 25 35 24 33 341 39 294 34 178 45 154 224 62 24 23 22 90 23 20 20 64 38
leaf_count=154 22 21 20 25 35 24 33 341 39 294 34 178 45 154 224 62 24 23 22 90 23 20 20 64 38
internal_value=0 1.0659e-05 0.000129446 0 -4.61527e-05 6.54741e-05 -0.000131268 -0.000174769 0.000237724 -0.000227854 0.000280742 0.000139543 3.52711e-05 -1.40179e-05 -8.61433e-05 0.000265862 0.000305947 0.000362186 0.000456634 0.000427961 0.000552142 0.000812207 -0.000390018 -0.000467457 0.000144196
internal_weight=2029 2007 666 375 1341 565 776 709 74 635 67 271 223 464 378 86 291 267 101 244 48 42 104 84 59
internal_count=2029 2007 666 375 1341 565 776 709 74 635 67 271 223 464 378 86 291 267 101 244 48 42 104 84 59
is_linear=0
shrinkage=0.03


Tree=60
num_leaves=23
num_cat=0
split_feature=23 10 19 22 22 7 23 15 14 11 11 19 17 15 20 24 11 17 11 23 5 4
split_gain=0.0239931 0.0143823 0.0164492 0.0178095 0.0183679 0.0156295 0.0136214 0.022067 0.0199837 0.0157352 0.0143767 0.0137211 0.0132985 0.0115533 0.0100057 0.0159867 0.0108097 0.00788849 0.00946786 0.00352754 0.0025337 0.00159287
threshold=8.775800000000002 0.99045967091311271 99.238900000000015 18.904999732971152 10.374999999999952 0.0074195303154527504 1.8111000000000004 0.008465641009179202 0.008330861053501103 1.086996633077473 1.0207741018712981 99.780900000000017 -0.0018217893589615498 0.011099622681272002 95.545001983642564 51.050000000000004 0.99982210923951798 -0.0073973571776192494 0.9672770025560905 1.5064500000000003 0.0017809483541195001 0.00066790001874510012
decision_type=2 2 2 2 2 2 2 2 2 2 2 2 2 2 2 2 2 2 2 2 2 2
left_child=1 2 5 4 -4 -1 8 -8 10 11 21 -9 -6 -7 15 -10 -16 -5 -19 -12 -15 -3
right_child=-2 6 3 17 12 13 7 9 14 -11 19 -13 -14 20 16 -17 -18 18 -20 -21 -22 -23
leaf_value=0.00096057868436469709 -0.00096409049646362002 -0.00016958853609061664 0.0007002383238413249 -8.3216092638287907e-05 -0.00031084601381162148 -0.00021310570634502384 -0.00086265498669520929 0.00021483666760267371 -0.00050251840718836709 -0.00055765072607318869 0.00030255999546176916 -0.00011377986155315919 9.309404959511835e-05 0.00053171492030166774 -0.00013666641848013728 3.420667546389859e-05 0.00023828347035644883 0.00061974669028662692 0.00010139946799282716 0.0010257990669342689 4.5879129579501039e-05 0.00018992211646400392
leaf_weight=36 22 20 22 33 197 34 35 140 82 59 28 542 101 54 101 102 179 73 86 31 30 22
leaf_count=36 22 20 22 33 197 34 35 140 82 59 28 542 101 54 101 102 179 73 86 31 30 22
internal_value=0 1.03702e-05 0.000125422 3.68562e-05 -9.32911e-05 0.000398382 -4.45851e-05 -0.00012742 6.39081e-05 -8.75331e-05 0.000445163 -4.17138e-05 -0.000164053 0.000195024 -1.34079e-05 -0.000190193 9.23525e-05 0.000268672 0.000360519 0.00074333 0.000396077 0
internal_weight=2029 2007 666 512 320 154 1341 776 565 741 101 682 298 118 464 184 280 192 159 59 84 42
internal_count=2029 2007 666 512 320 154 1341 776 565 741 101 682 298 118 464 184 280 192 159 59 84 42
is_linear=0
shrinkage=0.03


Tree=61
num_leaves=22
num_cat=0
split_feature=23 11 19 23 23 23 21 15 23 15 23 24 15 13 23 20 23 22 20 22 17
split_gain=0.0226427 0.0137846 0.0193059 0.0334529 0.0407867 0.0191974 0.022338 0.0170964 0.0181182 0.0323442 0.0195336 0.0157566 0.0145723 0.0121135 0.0104548 0.00575275 0.00500345 0.0035365 0.00186418 0.000793076 0.000237654
threshold=8.775800000000002 1.086996633077473 99.797050000000013 1.6552000000000002 2.0358000000000005 1.3824000000000003 1.8450000000000004 0.017133296139131903 2.3367000000000004 0.0085296670487468515 0.23350000000000001 51.650000000000013 0.01346198031342285 1.0119976403565378 1.9056500000000003 96.615001678466768 7.6588000000000003 17.884999275207502 97.055000305175767 16.595000267028755 0.0037032457663310502
decision_type=2 2 2 2 2 2 2 2 2 2 2 2 2 2 2 2 2 2 2 2 2
left_child=1 2 3 5 18 6 -1 8 10 -10 -4 -6 -7 17 15 20 -15 -9 -5 -16 -3
right_child=-2 14 7 4 11 12 -8 13 9 -11 -12 -13 -14 16 19 -17 -18 -19 -20 -21 -22
leaf_value=0.00023415724979057923 -0.00093642529557742501 -0.00038037529685867156 -0.0004923845053883269 0.00077975202340481648 -2.5493678388143462e-05 -0.00083899841310742943 -0.00028853815417861586 0 -0.0014036409105839475 -0.00016668339048729768 7.5635514721991853e-05 0.00050315452768900915 0 -0.00038406039050314575 -0.00081139212018913694 0.00027550082501294395 0.00016658409092009863 0.0005056750639333775 0.001629732482800526 -0.00028688484672359965 -1.4266255514129276e-06
leaf_weight=272 22 20 59 36 98 38 96 22 20 405 555 86 28 29 26 30 20 90 20 35 22
leaf_count=272 22 20 59 36 98 38 96 22 20 405 555 86 28 29 26 30 20 90 20 35 22
internal_value=0 1.02251e-05 3.26653e-05 0.000161879 0.000445335 0 8.92594e-05 -3.74863e-05 -8.42689e-05 -0.000235094 1.54639e-05 0.00020676 -0.000462597 0.000244559 -0.00028146 0 -0.000100471 0.000421612 0.00115921 -0.000568314 -0.000256295
internal_weight=2029 2007 1874 674 240 434 368 1200 1039 425 614 184 66 161 133 72 49 112 56 61 42
internal_count=2029 2007 1874 674 240 434 368 1200 1039 425 614 184 66 161 133 72 49 112 56 61 42
is_linear=0
shrinkage=0.03


Tree=62
num_leaves=25
num_cat=0
split_feature=23 10 21 23 24 21 23 21 22 21 21 24 23 16 23 24 16 22 22 18 23 16 23 15
split_gain=0.021355 0.0136509 0.0161163 0.0211153 0.0126367 0.0349914 0.0180386 0.0175713 0.0177747 0.015097 0.0213761 0.0178198 0.0126638 0.0116776 0.0101128 0.012071 0.00913574 0.0109937 0.00791888 0.00680801 0.00617846 0.00275848 0.00452778 0.0026903
threshold=8.775800000000002 0.99045967091311271 2.1850000000000005 1.8413000000000002 50.250000000000007 1.3550000000000002 2.0116000000000005 1.7650000000000003 13.355000019073453 1.7850000000000004 3.5250000000000004 49.550000000000004 1.2030500000000002 64.341913880975866 2.1493000000000007 51.750000000000007 48.477166948440299 39.389999389648409 18.765000343322704 0.84108601309380637 2.0116000000000005 27.270863013602177 0.5375000000000002 0.013109467532949502
decision_type=2 2 2 2 2 2 2 2 2 2 2 2 2 2 2 2 2 2 2 2 2 2 2 2
left_child=1 2 16 21 5 -3 7 12 -9 11 -11 -7 -6 19 20 -16 17 18 -1 -8 -5 -4 -23 -15
right_child=-2 4 3 14 6 9 13 8 -10 10 -12 -13 -14 23 15 -17 -18 -19 -20 -21 -22 22 -24 -25
leaf_value=0.00024171632978048423 -0.00090955395628090777 -0.0013308345418190585 0 5.3817606548993625e-05 0.00029155079004916803 0.00088744398012757309 0.00010150174084183005 0.00025150162906475304 0.0012324616729120651 -0.00027270725617301576 0.0003060857504717119 0 -0.00014231094888106523 -0.0007070775203610538 0.00015414938956642831 -0.00038509598372342147 -0.0001909545855782926 -0.00019435910432366653 0.00065285229849357891 -0.00017506488074225975 0.00089094444015063346 -0.00063766829647562084 -6.5155819138245917e-05 -0.00014173553329815416
leaf_weight=154 22 21 20 25 105 24 172 85 25 385 62 122 133 31 178 45 24 23 90 143 23 50 34 33
leaf_count=154 22 21 20 25 105 24 172 85 25 385 62 122 133 31 178 45 24 23 90 143 23 50 34 33
internal_value=0 9.77552e-06 0.000121903 -3.39611e-07 -4.37259e-05 -0.000144867 3.7655e-05 0.000196298 0.000510569 -9.56475e-05 -0.000185227 0.000157598 3.69653e-05 -0.00010025 0.000131104 3.07068e-05 0.000289168 0.000344071 0.000407655 -1.47137e-05 0.000526162 -0.000369409 -0.000444724 -0.000468392
internal_weight=2029 2007 666 375 1341 614 727 348 110 593 447 146 238 379 271 223 291 267 244 315 48 104 84 64
internal_count=2029 2007 666 375 1341 614 727 348 110 593 447 146 238 379 271 223 291 267 244 315 48 104 84 64
is_linear=0
shrinkage=0.03


Tree=63
num_leaves=19
num_cat=0
split_feature=23 11 19 23 23 23 21 24 11 24 20 24 23 23 14 20 20 10
split_gain=0.0201451 0.0132715 0.0176885 0.0313168 0.037499 0.0174765 0.0204842 0.0148418 0.0160815 0.0167618 0.0157014 0.0145209 0.00949048 0.00883287 0.00824847 0.00524882 0.00123914 5.37689e-05
threshold=8.775800000000002 1.086996633077473 99.797050000000013 1.6552000000000002 2.0358000000000005 1.3824000000000003 1.8450000000000004 51.850000000000001 0.99478228438127314 49.350000000000001 96.084999084472614 51.650000000000013 1.9056500000000003 2.8322500000000006 0.013619090610212952 96.615001678466768 97.055000305175767 1.0546816250870379
decision_type=2 2 2 2 2 2 2 2 2 2 2 2 2 2 2 2 2 2
left_child=1 2 3 5 16 6 -1 8 10 -10 -4 -6 15 -9 -7 17 -5 -3
right_child=-2 12 7 4 11 14 -8 13 9 -11 -12 -13 -14 -15 -16 -17 -18 -19
leaf_value=0.00022289109488330002 -0.00088345371016665647 -0.00036308510522940193 0.0003253868800530125 0.00075096048740040807 -2.1920053907017447e-05 -0.00068355194751744733 -0.00027744709892611296 -0.00099135730245515055 0.00020397813632331923 -0.00019342710260660372 -5.8215570631032077e-06 0.00048432723278121303 -0.000550729810253547 -5.5915007227228882e-05 0 0.00025414380253219393 0.0015592783072165078 -8.4068371772604061e-06
leaf_weight=272 22 20 190 36 98 43 96 22 110 506 344 86 61 28 23 30 20 22
leaf_count=272 22 20 190 36 98 43 96 22 110 506 344 86 61 28 23 30 20 22
internal_value=0 9.44962e-06 3.14985e-05 0.000155212 0.000429447 0 8.38398e-05 -3.55606e-05 -1.06738e-05 -0.000117384 0.000106805 0.000199818 -0.000276753 -0.000537701 -0.000442771 0 0.00111457 -0.000251585
internal_weight=2029 2007 1874 674 240 434 368 1200 1150 616 534 184 133 50 66 72 56 42
internal_count=2029 2007 1874 674 240 434 368 1200 1150 616 534 184 133 50 66 72 56 42
is_linear=0
shrinkage=0.03


Tree=64
num_leaves=25
num_cat=0
split_feature=23 22 11 23 18 18 11 23 15 11 23 19 11 19 22 15 20 17 9 15 22 15 23 22
split_gain=0.0189984 0.0126492 0.0154528 0.0253394 0.017755 0.0151703 0.0154122 0.0291229 0.0267485 0.0139661 0.0135335 0.0115349 0.0101648 0.00914255 0.00895069 0.00809215 0.00849124 0.00822999 0.00697742 0.00986667 0.0067646 0.00370973 0.0029522 0.00114481
threshold=8.775800000000002 16.894999504089352 1.0328086395923348 2.5551000000000008 0.22833218012244658 0.4351593158912696 0.93620321621072322 8.064700000000002 0.01469646175123695 1.0753692247482662 0.85785000000000011 99.54525000000001 0.93154011400293923 99.797050000000013 14.984999656677202 0.011813231630872252 92.954998016357365 0.0066376484526939504 1.0039324582878553 0.012877719491906253 27.090000152587852 0.013148340693509352 2.0715500000000007 22.760000228881804
decision_type=2 2 2 2 2 2 2 2 2 2 2 2 2 2 2 2 2 2 2 2 2 2 2 2
left_child=1 2 4 15 14 18 11 9 -9 -8 12 -7 -6 -12 22 16 -4 -17 19 -3 -21 -20 -1 -23
right_child=-2 5 3 -5 10 6 7 8 -10 -11 13 -13 -14 -15 -16 17 -18 -19 21 20 -22 23 -24 -25
leaf_value=0.00022426050096356238 -0.00085810241746999652 -0.00091196013383821337 -0.00046492683022266389 -0.00096699921378479668 0 6.7910869316808046e-06 0.00021331284605313703 -0.0010040817766880186 5.2701997288845861e-05 -0.00018953550945042041 0.00018121552086749029 0.00092613035512309017 -0.00067121598330917407 -8.1424392764158313e-05 0 -0.0005056017831123412 0.00019441215074347872 5.0235028636961932e-05 0.00033377883358237648 -0.00034914864985890185 0.00017733434061519801 0 0.00079287683402556777 -0.00020806419642758553
leaf_weight=38 22 21 20 40 33 28 612 38 37 80 168 38 51 403 27 66 85 23 26 51 29 27 35 31
leaf_count=38 22 21 20 40 33 28 612 38 37 80 168 38 51 403 27 66 85 23 26 51 29 27 35 31
internal_value=0 9.00268e-06 -6.56842e-05 -0.00027813 0 8.44992e-05 0.000140969 9.79842e-05 -0.000449428 0.000162205 -5.65683e-05 0.000586806 -0.000409868 0 0.000370714 -0.00011648 3.73206e-05 -0.000329663 -0.000153028 -0.000322537 -0.000121428 1.68895e-05 0.000544456 -7.75665e-05
internal_weight=2029 2007 989 234 755 1018 833 767 75 692 655 66 84 571 100 194 105 89 185 101 80 84 73 58
internal_count=2029 2007 989 234 755 1018 833 767 75 692 655 66 84 571 100 194 105 89 185 101 80 84 73 58
is_linear=0
shrinkage=0.03


Tree=65
num_leaves=22
num_cat=0
split_feature=23 11 19 23 23 23 22 15 23 15 23 24 15 13 23 20 23 22 15 22 17
split_gain=0.0179216 0.0120106 0.0163193 0.0296422 0.0351489 0.0162515 0.0168103 0.0152465 0.0167793 0.0293206 0.0169262 0.0136621 0.0130688 0.0107047 0.0086223 0.00498252 0.00466465 0.00324471 0.00214719 0.00069971 9.82497e-05
threshold=8.775800000000002 1.086996633077473 99.797050000000013 1.6552000000000002 2.0358000000000005 1.3824000000000003 18.904999732971152 0.017133296139131903 2.3367000000000004 0.0085296670487468515 0.23350000000000001 51.650000000000013 0.01346198031342285 1.0119976403565378 1.9056500000000003 96.615001678466768 7.6588000000000003 17.884999275207502 0.0093819334694710526 16.595000267028755 0.0043299089264077009
decision_type=2 2 2 2 2 2 2 2 2 2 2 2 2 2 2 2 2 2 2 2 2
left_child=1 2 3 5 18 6 -1 8 10 -10 -4 -6 -7 17 15 20 -15 -9 -5 -16 -3
right_child=-2 14 7 4 11 12 -8 13 9 -11 -12 -13 -14 16 19 -17 -18 -19 -20 -21 -22
leaf_value=-0.00014529775433571546 -0.00083347862477049881 -0.00034717969705657612 -0.00045510761182522401 0.00047764700210453675 -2.182155052662093e-05 -0.00078632438383423352 0.00025718843722135948 0 -0.0013376803447193066 -0.00015859492269585201 7.3242793897809351e-05 0.00046856610003374822 0 -0.00036602718546637338 -0.00075431206325689954 0.00024892974557212346 0.00016640016997033463 0.0004785062377916771 0.0013101297877917719 -0.00025442424165885314 0
leaf_weight=156 22 21 59 20 98 38 212 22 20 405 555 86 28 29 26 30 20 90 36 35 21
leaf_count=156 22 21 59 20 98 38 212 22 20 405 555 86 28 29 26 30 20 90 36 35 21
internal_value=0 8.68925e-06 2.97363e-05 0.00014861 0.000415395 0 7.85078e-05 -3.46014e-05 -7.8908e-05 -0.000224133 1.69375e-05 0.000192459 -0.00042937 0.000231531 -0.000263489 0 -8.97282e-05 0.00039818 0.00107904 -0.000524608 -0.000244156
internal_weight=2029 2007 1874 674 240 434 368 1200 1039 425 614 184 66 161 133 72 49 112 56 61 42
internal_count=2029 2007 1874 674 240 434 368 1200 1039 425 614 184 66 161 133 72 49 112 56 61 42
is_linear=0
shrinkage=0.03


Tree=66
num_leaves=25
num_cat=0
split_feature=21 15 20 14 19 21 19 21 20 10 11 15 11 21 11 11 7 21 19 12 7 14 19 10
split_gain=0.0132164 0.0235276 0.0263486 0.0157562 0.0141437 0.0142591 0.0145938 0.0124219 0.0133344 0.0190434 0.0152108 0.0130941 0.0117536 0.0105431 0.0120145 0.0113465 0.00911821 0.00831354 0.00826953 0.00397759 0.00358384 0.00278459 0.00140507 0.00607388
threshold=1.8350000000000002 0.008883869543856452 90.334999084472614 0.0087509172346337018 104.09700000000001 3.5250000000000004 100.60710000000002 2.8450000000000002 96.829998016357408 1.0324931291225363 0.9473675022645327 0.0098741199974489522 0.92255975073056107 1.655 1.0142042327180671 1.0190073388446903 0.017577880174165002 3.9550000000000005 99.797050000000013 0.97617130377090011 0.013290090753008051 0.013808004623177052 98.356050000000025 0.99587842475891453
decision_type=2 2 2 2 2 2 2 2 2 2 2 2 2 2 2 2 2 2 2 2 2 2 2 2
left_child=1 13 21 22 5 7 -7 8 9 -2 -10 -9 -13 15 -15 -1 18 20 -5 -18 -8 -3 -4 -24
right_child=4 2 3 16 -6 6 17 11 10 -11 -12 12 -14 14 -16 -17 19 -19 -20 -21 -22 -23 23 -25
leaf_value=-0.0010693898727574076 0.0001763216960809471 -0.00012299266901936786 0.00086443917282132826 0.00034018068576745149 0.00069674348264067839 0.00088883847037330268 0 0.00033494677103084066 0.00018291330092754188 -0.00032789919349732638 -0.0002504644449214211 3.6529042690364246e-05 -0.00045315676316583876 0.00050868349429219963 -0.00049447473421142523 0 0.00032702295708915462 0.00045596947564627044 3.3844915360252619e-05 -8.6174030125117562e-05 -0.0004337465718943769 -0.00083802899625152355 0.00063705947858397848 0
leaf_weight=26 330 23 33 236 20 24 24 22 82 81 366 42 205 20 21 20 22 27 155 157 25 20 28 20
leaf_count=26 330 23 33 236 20 24 24 22 82 81 366 42 205 20 21 20 22 27 155 157 25 20 28 20
internal_value=0 9.57314e-05 0.000157156 0.000208242 -6.15269e-05 -7.68744e-05 0.00025605 -0.000109247 -4.91441e-05 6.91135e-05 -0.000164229 -0.00028917 -0.000357982 -0.000356378 0 -0.000663088 0.000145024 8.3123e-06 0.000226792 -1.71887e-05 -0.000182542 -0.000535237 0.000609329 0.000358654
internal_weight=2029 781 694 651 1248 1228 100 1128 859 411 448 269 247 87 41 46 570 76 391 179 49 43 81 48
internal_count=2029 781 694 651 1248 1228 100 1128 859 411 448 269 247 87 41 46 570 76 391 179 49 43 81 48
is_linear=0
shrinkage=0.03


Tree=67
num_leaves=24
num_cat=0
split_feature=21 15 20 22 14 19 21 22 19 15 22 19 7 20 19 19 18 16 19 17 12 14 22
split_gain=0.0123549 0.0222666 0.0250335 0.0247607 0.0148633 0.0133422 0.0134853 0.0165123 0.0137313 0.0110238 0.010553 0.0103434 0.00859137 0.00813297 0.00773885 0.00756127 0.00678461 0.00652825 0.00633772 0.00524725 0.00375346 0.00252899 0.00122666
threshold=1.8350000000000002 0.008883869543856452 90.334999084472614 24.345000267028755 0.0087509172346337018 104.09700000000001 3.5250000000000004 10.444999694824203 100.60710000000002 0.017870077381183205 13.295000076293901 102.39720000000001 0.017577880174165002 105.48499679565401 99.797050000000013 101.0665 1.1040091574628148 49.409669244197765 100.12380000000002 0.0022281813699913003 0.97617130377090011 0.013808004623177052 15.954999923706001
decision_type=2 2 2 2 2 2 2 2 2 2 2 2 2 2 2 2 2 2 2 2 2 2 2
left_child=1 3 21 10 22 6 7 17 -8 11 -1 -9 14 -10 -6 -11 -15 -2 -19 -12 -14 -3 -4
right_child=5 2 4 -5 12 -7 8 9 13 15 19 -13 20 16 -16 -17 -18 18 -20 -21 -22 -23 -24
leaf_value=-0.00055440695102151947 0.00061334579831060594 -0.00011945661983463651 0.00020082362530390836 -0.0012222206426085905 0.00033001832949748508 0.00067683650996436229 0.00086323992895893746 -0.00023667885826416833 -0.00040831444267314511 -6.8071781384181418e-05 0.00053418127060285761 -2.8389280379146503e-06 0.00031763881426709502 0 3.2836076314337189e-05 0.00047397678903667484 0.00067007944865950524 0.00048984381868301527 -7.7448764916495088e-05 -6.9771863054484045e-06 -8.360517251893254e-05 -0.00081408529123291374 0.00071699673698978064
leaf_weight=23 30 23 26 21 236 20 24 681 23 35 23 262 22 33 155 40 20 22 58 20 157 20 55
leaf_count=23 30 23 26 21 236 20 24 681 23 35 23 262 22 33 155 40 20 22 58 20 157 20 55
internal_value=0 9.27409e-05 0.000152582 -0.000346827 0.000202465 -5.93098e-05 -7.42811e-05 -0.000105818 0.000249277 -0.000145416 -9.4319e-06 -0.000174959 0.000140863 7.74054e-06 0.000220247 0.00018398 0.000248066 0.000231627 4.56411e-05 0.00021986 -1.61329e-05 -0.000521881 0.000592367
internal_weight=2029 781 694 87 651 1248 1228 1128 100 1018 66 943 570 76 391 75 53 110 80 43 179 43 81
internal_count=2029 781 694 87 651 1248 1228 1128 100 1018 66 943 570 76 391 75 53 110 80 43 179 43 81
is_linear=0
shrinkage=0.03


Tree=68
num_leaves=31
num_cat=0
split_feature=24 21 14 22 19 15 21 24 19 22 21 24 18 18 11 16 19 21 10 21 8 19 11 14 24 13 19 11 24 22
split_gain=0.0121458 0.0300446 0.0291307 0.0220806 0.0175788 0.0195107 0.017416 0.0170216 0.0210287 0.0170193 0.0157746 0.013902 0.013205 0.0162985 0.0131777 0.0120743 0.0133833 0.0104187 0.00963045 0.00843544 0.00678925 0.00574746 0.014669 0.00563618 0.00540677 0.00526602 0.0052519 0.00756376 0.00508007 0.00725775
threshold=50.250000000000007 1.3550000000000002 0.013871886956312751 14.744999885559052 98.870050000000006 0.016219147563021504 2.1950000000000007 49.45000000000001 101.22290000000002 18.595000267028755 0.70500000000000007 51.850000000000001 0.54658103651456558 0.89738217158183653 1.0489610558221589 40.832175732509661 100.07525000000003 1.8050000000000004 1.0235468877458602 2.1750000000000003 1.0133831850386839 101.03525 0.97968893215406794 0.010324974196070752 50.850000000000001 1.0021419023359794 103.03685 0.94927323524743923 49.850000000000001 13.0650000572204
decision_type=2 2 2 2 2 2 2 2 2 2 2 2 2 2 2 2 2 2 2 2 2 2 2 2 2 2 2 2 2 2
left_child=1 2 -1 17 5 10 9 14 -9 -5 24 15 -12 -14 -8 -6 19 28 -18 -17 -11 22 -19 -23 -2 -7 -13 -28 -3 -30
right_child=4 3 -4 6 11 25 7 8 -10 20 12 26 13 -15 -16 16 18 21 -20 -21 -22 23 -24 -25 -26 -27 27 -29 29 -31
leaf_value=-0.0016527914242220243 0.00034232906616359418 0.00031204520803876221 0 0 0.00039785872623324396 0.00018655956556904129 0.00044964344378914335 -0.00048516983836531063 2.822133850672148e-06 0.00055932699197616708 0 0 0.0010115991051379216 0.00031279333008397986 -0.00018245546566322447 -0.0005031705073347049 0.00017227997910944023 0 -0.00021310935162535834 -9.561880263154979e-06 0 0 -0.0010606681954038019 -0.00038424555157907882 -0.00017457611089608132 -0.00026774375518447336 -3.1482919302236814e-05 -0.0010179496166984672 -0.00047644821066808489 8.1269073627481699e-05
leaf_weight=20 27 29 21 160 69 26 80 129 174 116 43 29 67 88 38 69 255 25 69 80 29 42 35 79 51 68 20 22 34 35
leaf_count=20 27 29 21 160 69 26 80 129 174 116 43 29 67 88 38 69 255 25 69 80 29 42 35 79 51 68 20 22 34 35
internal_value=0 -7.17926e-05 -0.00086118 -3.57826e-05 7.49984e-05 0.000238657 4.79665e-05 -7.17366e-05 -0.000195981 0.000222694 0.000368155 -1.91259e-05 0.000509908 0.000638637 0.000221053 2.76974e-05 -2.06971e-05 -0.000263817 8.05724e-05 -0.000259976 0.000457006 -0.000398243 -0.000668966 -0.000235027 0 -0.000109865 -0.000413653 -0.000629627 0 -0.000153571
internal_weight=2029 1046 41 1005 983 370 726 421 303 305 276 613 198 155 118 542 473 279 324 149 145 181 60 121 78 94 71 42 98 69
internal_count=2029 1046 41 1005 983 370 726 421 303 305 276 613 198 155 118 542 473 279 324 149 145 181 60 121 78 94 71 42 98 69
is_linear=0
shrinkage=0.03


Tree=69
num_leaves=26
num_cat=0
split_feature=23 10 15 23 23 24 24 24 15 23 24 23 15 22 22 23 10 23 23 23 13 7 20 16 16
split_gain=0.0158045 0.0117571 0.0131752 0.0130897 0.0117156 0.0229243 0.00983253 0.0163539 0.0138844 0.0137446 0.0120249 0.0119725 0.01233 0.0118166 0.0113532 0.016844 0.015907 0.0103126 0.0220927 0.00865747 0.0085367 0.00721726 0.00590097 0.00424073 0.00138273
threshold=8.775800000000002 0.99045967091311271 0.018248016105493401 0.5375000000000002 2.1493000000000007 50.350000000000001 50.250000000000007 49.45000000000001 0.010855314589728203 2.0116000000000005 49.95000000000001 1.6552000000000002 0.012021046902661002 25.734999656677203 17.025000572204554 2.0715500000000007 1.0336309919856188 3.4936000000000003 4.918000000000001 1.2030500000000002 1.007136210961374 0.010376327180930752 95.810001373291016 28.742928275575839 46.559784646483273
decision_type=2 2 2 2 2 2 2 2 2 2 2 2 2 2 2 2 2 2 2 2 2 2 2 2 2
left_child=1 2 3 22 5 -5 7 14 10 11 -9 19 -13 -10 15 -3 -16 20 -19 -8 -11 -6 -1 -24 -4
right_child=-2 6 24 4 21 -7 9 8 13 17 -12 12 -14 -15 16 -17 -18 18 -20 -21 -22 -23 23 -25 -26
leaf_value=6.5243184054270318e-06 -0.00078269195886652748 -0.00037484590606888074 0.00060812149759686474 9.0779459930672601e-05 -0.00022290286593212698 0.00082085798992775373 0.00024652175102459774 -0.00015033385180868207 -0.00023479719549272934 0 -0.0010755519700709128 0.00062789052025518678 0 0.00026178736691160698 0.000560801177722169 0.00035860993116288087 -0.00015663921871266604 0.00093298240701667964 -5.7146716147504178e-05 -0.00011059097507742665 -0.00035352867262706996 9.7178114049157512e-05 0 -0.00063318306324296062 9.7380685299867749e-05
leaf_weight=24 22 84 51 175 94 54 105 35 272 128 33 79 31 45 71 38 36 24 85 133 142 187 20 38 23
leaf_count=24 22 84 51 175 94 54 105 35 272 128 33 79 31 45 71 38 36 24 85 133 142 187 20 38 23
internal_value=0 8.17243e-06 0.000112344 5.89782e-05 0.000119801 0.000278802 -4.13735e-05 -0.000130622 -0.000251394 2.99574e-05 -0.000651895 0.000168904 0.000429148 -0.000154269 5.9591e-05 -0.000120944 0.000292426 -8.98384e-05 0.00014009 3.47787e-05 -0.000193906 0 -0.000280048 -0.000447578 0.000492793
internal_weight=2029 2007 666 592 510 229 1341 614 385 727 68 348 110 317 229 122 107 379 109 238 270 281 82 58 74
internal_count=2029 2007 666 592 510 229 1341 614 385 727 68 348 110 317 229 122 107 379 109 238 270 281 82 58 74
is_linear=0
shrinkage=0.03


Tree=70
num_leaves=27
num_cat=0
split_feature=23 10 21 23 11 22 24 23 14 11 21 20 17 24 14 24 22 24 23 17 11 21 3 23 20 4
split_gain=0.0149091 0.0111417 0.0130195 0.0168477 0.00976588 0.0102639 0.0100011 0.00946985 0.015617 0.0114599 0.0108006 0.015232 0.0114514 0.0110938 0.0107653 0.00919123 0.0146057 0.0141469 0.00871993 0.0103577 0.0066958 0.00613401 0.00569476 0.0054563 0.00528293 0.00151269
threshold=8.775800000000002 0.99045967091311271 2.1850000000000005 1.8413000000000002 1.0017609638388978 39.389999389648409 51.050000000000004 1.8111000000000004 0.008330861053501103 1.0207741018712981 3.5250000000000004 96.75500106811522 0.0052757747257665506 49.350000000000001 0.014675412015561903 49.550000000000004 15.364999771118102 50.600000000000001 2.1493000000000007 -0.0010804413968056499 0.91513261432523929 1.7850000000000004 0.0059607620810903008 2.0116000000000005 96.57500076293941 0.00066790001874510012
decision_type=2 2 2 2 2 2 2 2 2 2 2 2 2 2 2 2 2 2 2 2 2 2 2 2 2 2
left_child=1 2 4 20 5 22 -6 8 9 25 11 12 -9 -13 -12 16 -10 -17 23 -20 -4 -11 -1 -5 -22 -3
right_child=-2 7 3 18 6 -7 -8 10 15 21 14 13 -14 -15 -16 17 -18 -19 19 -21 24 -23 -24 -25 -26 -27
leaf_value=0.00049940713327834723 -0.00076023210920191 -0.00017725331106755349 0 3.4107344574294977e-05 -0.00043643418808510015 -0.00016570176882669329 0.00035538342640401151 3.7887223600908844e-05 -0.00029419627604191192 0.00020208909910082094 0.00062583693592151732 0 -0.00043250556516679083 -0.00041550573794937613 -6.4543979721409924e-05 -0.00031142730613900046 0.00051137640419793089 5.3018811796015751e-05 -6.342866680393824e-05 0.00044491143366427754 -3.1486262447170661e-05 0.00099758105967193839 4.4449925211665678e-05 0.00082473826839122926 -0.00065978103185839506 0.00017465848986403612
leaf_weight=167 22 20 24 25 32 23 22 349 24 30 33 84 52 224 34 154 62 224 180 43 30 29 47 23 50 22
leaf_count=167 22 20 24 25 32 23 22 349 24 30 33 84 52 224 34 154 62 224 180 43 30 29 47 23 50 22
internal_value=0 7.89793e-06 0.00010934 0 0.000259687 0.000344778 -5.87002e-05 -4.02914e-05 4.9482e-05 0.000387128 -0.000109495 -0.000146616 -1.65728e-05 -0.000305615 0.00023558 -1.8237e-05 0.000251285 -8.79736e-05 0.000116824 2.27478e-05 -0.000330234 0.000653203 0.000414112 0.000483276 -0.000464505 0
internal_weight=2029 2007 666 375 291 237 54 1341 565 101 776 709 401 308 67 464 86 378 271 223 104 59 214 48 80 42
internal_count=2029 2007 666 375 291 237 54 1341 565 101 776 709 401 308 67 464 86 378 271 223 104 59 214 48 80 42
is_linear=0
shrinkage=0.03


Tree=71
num_leaves=22
num_cat=0
split_feature=23 13 15 22 19 21 19 20 15 23 3 20 19 17 11 23 21 18 13 24 17
split_gain=0.0140688 0.0110864 0.0210918 0.0196611 0.0193519 0.0151631 0.0140728 0.016749 0.0149038 0.0184799 0.0124066 0.00850471 0.00774582 0.00992998 0.00657823 0.00276375 0.00219883 0.00172338 0.00149122 0.0013328 0.00254477
threshold=8.775800000000002 1.0063646747852422 0.016691972851690703 33.190000534057553 99.238900000000015 2.9650000000000003 98.600400000000022 92.81499862670897 0.016219147563021504 1.6777500000000003 0.0032590708180501504 96.645000457763658 98.753400000000013 0.0063347278018871514 1.0000020299411203 7.0124500000000003 0.74500000000000011 0.59733436294800157 1.0152906951883767 50.95000000000001 -0.0030382528846081996
decision_type=2 2 2 2 2 2 2 2 2 2 2 2 2 2 2 2 2 2 2 2 2
left_child=1 2 3 4 10 -6 8 17 9 11 -1 -3 -9 -14 19 -16 -10 -8 -19 20 -4
right_child=-2 6 14 -5 5 -7 7 12 16 -11 -12 -13 13 -15 15 -17 -18 18 -20 -21 -22
leaf_value=0.00044576592639794933 -0.00073841674152873055 -5.5195903412187333e-05 0.00027394386808986157 -0.00070237090861932801 -8.7075897347410275e-05 0.00028438495366597474 -0.00011888492153451333 -0.00063528747077140472 0 0.00084841809285755593 -6.6639253515194125e-06 0.00040558007243438624 1.5669396037723033e-07 -0.00036463346140906699 -2.1740172175486798e-05 0.00035110591690648687 -0.00040302832821801461 -0.0002220113821525086 -0.00084735112014765787 0.00012664004459153288 0.00080841208044844467
leaf_weight=148 22 102 39 32 646 114 22 22 21 37 66 49 404 76 39 21 40 22 37 25 45
leaf_count=148 22 102 39 32 646 114 22 22 21 37 66 49 404 76 39 21 40 22 37 25 45
internal_value=0 7.76195e-06 6.84121e-05 1.30691e-05 4.03475e-05 -2.71141e-05 -7.42697e-05 -0.00015696 0.000107193 0.000247797 0.000292896 7.62752e-05 -8.47414e-05 -5.20027e-05 0.000378189 6.31922e-05 -0.000274766 -0.000561463 -0.00067176 0.000522158 0.000601702
internal_weight=2029 2007 1175 1006 974 760 832 583 249 188 214 151 502 480 169 60 61 81 59 109 84
internal_count=2029 2007 1175 1006 974 760 832 583 249 188 214 151 502 480 169 60 61 81 59 109 84
is_linear=0
shrinkage=0.03


Tree=72
num_leaves=20
num_cat=0
split_feature=19 19 21 14 11 20 21 15 19 19 15 22 14 19 19 17 14 0 0
split_gain=0.0102389 0.0125288 0.0172628 0.0156435 0.0123853 0.0112219 0.0149272 0.0102682 0.0171731 0.0149062 0.0123709 0.0123412 0.0120481 0.00975413 0.00938444 0.00635606 0.00340036 0.0019863 0.00137556
threshold=104.09700000000001 100.60710000000002 3.5350000000000006 0.0079485277037672011 1.086996633077473 90.334999084472614 1.8650000000000004 0.017312175234821654 101.45125000000002 101.43405000000001 0.014359848208978001 27.585000038146905 0.016359921452507902 101.03525 98.402000000000015 0.0041772968997006001 0.013808004623177052 0.0030586351972354008 -0.0038366352507518994
decision_type=2 2 2 2 2 2 2 2 2 2 2 2 2 2 2 2 2 2 2
left_child=1 2 3 4 14 16 -7 8 9 11 12 -3 -10 15 -1 17 -5 -9 -12
right_child=-2 7 -4 5 -6 6 -8 13 10 -11 18 -13 -14 -15 -16 -17 -18 -19 -20
leaf_value=0.001113443606371141 0.00065812627681797109 -0.00034265904928009345 0.00089942617706467644 -6.9027427605201059e-05 -0.00018253105832263827 0.00012387496242150149 -0.00012711043383637312 0.00026774837427240397 0 -0.0010968994737856766 -6.4616646333597597e-05 8.398823528883179e-05 0.00067519182024523621 0.0004880654143160019 0.00029201307830642995 -0.00045792965230066329 -0.00077304591645952316 -6.7898202740417204e-07 -0.0005649272384675774
leaf_weight=22 20 226 21 25 21 544 343 34 416 21 24 69 24 48 71 23 20 21 36
leaf_count=22 20 226 21 25 21 544 343 34 416 21 24 69 24 48 71 23 20 21 36
internal_value=0 -7.70219e-06 6.10141e-05 4.04734e-05 0.000370595 0 2.34075e-05 -8.87003e-05 -0.000129652 -0.000302953 -1.37512e-05 -0.000232785 3.54385e-05 0.00015182 0.000528023 -2.06843e-05 -0.000457145 0.000113505 -0.000418323
internal_weight=2029 2009 1067 1046 114 932 887 942 816 316 500 295 440 126 93 78 45 55 60
internal_count=2029 2009 1067 1046 114 932 887 942 816 316 500 295 440 126 93 78 45 55 60
is_linear=0
shrinkage=0.03


Tree=73
num_leaves=21
num_cat=0
split_feature=23 13 15 22 19 21 19 20 15 23 22 20 19 17 22 18 17 9 21 17
split_gain=0.013238 0.0106411 0.0193835 0.0186383 0.0175964 0.0140092 0.0128584 0.0157107 0.0139841 0.0174501 0.0110217 0.00805138 0.00738077 0.00928207 0.00507867 0.00485208 0.00377089 0.00270325 0.00203889 0.00120228
threshold=8.775800000000002 1.0063646747852422 0.016691972851690703 33.190000534057553 99.238900000000015 2.9650000000000003 98.600400000000022 92.81499862670897 0.016219147563021504 1.6777500000000003 13.010000228881802 96.645000457763658 98.753400000000013 0.0063347278018871514 22.300000190734803 0.60104624169630416 -0.0027363930275783495 1.0134679906760242 0.74500000000000011 -0.0059232707269132488
decision_type=2 2 2 2 2 2 2 2 2 2 2 2 2 2 2 2 2 2 2 2
left_child=1 2 3 4 10 -6 8 17 9 11 -1 -3 -9 -14 16 -16 19 -8 -10 -4
right_child=-2 6 14 -5 5 -7 7 12 18 -11 -12 -13 13 -15 15 -17 -18 -19 -20 -21
leaf_value=-4.7538825024205872e-06 -0.00071643997267971794 -5.798586422308501e-05 9.3782994401408348e-05 -0.00068273068369175728 -8.1701041516123881e-05 0.00027543007155890454 -0.00019821697499719447 -0.00061941390150510101 0 0.00082007362571312112 0.00042206668032858277 0.00039074912835261784 3.9170129716189329e-07 -0.00035211285778855017 0 0.00063957024763324096 0.0003720875009841455 -0.00073353944585703181 -0.00039320515546516129 -0.00018945694408728742
leaf_weight=64 22 102 20 32 646 114 35 22 21 37 150 49 404 76 20 73 32 46 40 24
leaf_count=64 22 102 20 32 646 114 35 22 21 37 150 49 404 76 20 73 32 46 40 24
internal_value=0 7.35425e-06 6.68054e-05 1.36116e-05 4.0243e-05 -2.38977e-05 -7.29841e-05 -0.000152077 0.000100068 0.000236655 0.000281038 6.9506e-05 -8.19097e-05 -4.98005e-05 0.00036386 0.00052494 0.000123531 -0.000544051 -0.000269528 0
internal_weight=2029 2007 1175 1006 974 760 832 583 249 188 214 151 502 480 169 93 76 81 61 44
internal_count=2029 2007 1175 1006 974 760 832 583 249 188 214 151 502 480 169 93 76 81 61 44
is_linear=0
shrinkage=0.03


Tree=74
num_leaves=21
num_cat=0
split_feature=19 21 15 22 20 22 21 11 14 11 19 22 21 9 21 21 11 19 14 14
split_gain=0.00970489 0.0115873 0.0189011 0.0214089 0.0208009 0.012325 0.0130994 0.0131374 0.0123112 0.0118379 0.0116714 0.00991554 0.00908469 0.00871986 0.00808809 0.00702718 0.00664911 0.0039406 0.00197235 0.000889894
threshold=104.09700000000001 1.8350000000000002 0.008883869543856452 24.345000267028755 90.334999084472614 10.444999694824203 3.5250000000000004 0.92473868526057068 0.007200043540925901 1.0000020299411203 100.60710000000002 13.639999866485551 2.7950000000000004 0.98949112686295349 1.3550000000000002 3.9550000000000005 0.99671925311357079 100.12380000000002 0.013808004623177052 0.0094252833646614013
decision_type=2 2 2 2 2 2 2 2 2 2 2 2 2 2 2 2 2 2 2 2
left_child=1 2 3 9 18 16 7 13 -6 -1 -8 -11 -9 -7 -10 -12 -3 -18 -4 -19
right_child=-2 5 4 -5 8 6 10 12 14 11 15 -13 -14 -15 -16 -17 17 19 -20 -21
leaf_value=0.0005171055979815058 0.00064056846933505899 0.00066288763528036024 -0.00010082364885238346 -0.0011377414180685512 0.00070513722141523185 0 0.00078116444304585455 -0.00010324607162731955 0 -0.00080765056403885992 -0.00018139137659221887 0 -0.00032527836304339951 0.00061712231450756323 0.00023016084135184378 0.0004088015644769517 0.00036589543004187622 -0.00017200758121762189 -0.00074143446434962756 0
leaf_weight=21 20 25 23 21 40 73 24 657 242 20 49 25 260 28 369 27 27 29 20 29
leaf_count=21 20 25 23 21 40 73 24 657 242 20 49 25 260 28 369 27 27 29 20 29
internal_value=0 -7.6463e-06 8.0925e-05 -0.000323563 0.000136341 -6.64381e-05 -9.81867e-05 -0.000132264 0.000182127 -6.6148e-06 0.000216891 -0.000322163 -0.000169753 0.000177026 0.000141889 0 0.000227194 5.79471e-05 -0.000477043 -3.83326e-05
internal_weight=2029 2009 781 87 694 1228 1118 1018 651 66 100 45 917 101 611 76 110 85 43 58
internal_count=2029 2009 781 87 694 1228 1118 1018 651 66 100 45 917 101 611 76 110 85 43 58
is_linear=0
shrinkage=0.03


Tree=75
num_leaves=15
num_cat=0
split_feature=23 11 24 24 21 23 23 14 21 17 23 20 22 15
split_gain=0.0122939 0.0100679 0.0104665 0.0126109 0.0281908 0.0270992 0.0268642 0.0245864 0.0204121 0.00824258 0.0062525 0.0037438 0.00093459 0.000181825
threshold=8.775800000000002 1.086996633077473 48.500000000000007 50.250000000000007 1.3550000000000002 2.1493000000000007 1.6552000000000002 0.013871886956312751 1.7850000000000004 0.0045349359825506514 1.9056500000000003 96.615001678466768 16.595000267028755 0.010199870265803003
decision_type=2 2 2 2 2 2 2 2 2 2 2 2 2 2
left_child=1 2 -1 4 7 6 -5 -4 -6 -7 11 13 -12 -3
right_child=-2 10 3 5 8 9 -8 -9 -10 -11 12 -13 -14 -15
leaf_value=0.00055882841703880164 -0.00069036567451574076 0 -0.0015480837538655444 6.6455700766045127e-05 0.00020324749489406902 0 0.00060166284122490602 0 -0.00010971703815691818 -0.0004423817962212654 -0.00068948775178028475 0.00019751362676352952 -0.00020217532969763852 -0.0003252588238630613
leaf_weight=32 22 21 20 222 257 460 152 21 669 41 26 30 35 21
leaf_count=32 22 21 20 222 257 460 152 21 669 41 26 30 35 21
internal_value=0 7.14934e-06 2.65458e-05 1.53728e-05 -5.7322e-05 9.91093e-05 0.000292997 -0.000819409 -1.94958e-05 -3.99488e-05 -0.000241922 -7.16439e-06 -0.00046604 -0.000224324
internal_weight=2029 2007 1874 1842 967 875 374 41 926 501 133 72 61 42
internal_count=2029 2007 1874 1842 967 875 374 41 926 501 133 72 61 42
is_linear=0
shrinkage=0.03


Tree=76
num_leaves=28
num_cat=0
split_feature=23 10 23 19 14 17 11 17 14 23 19 11 14 22 23 14 21 23 21 23 21 20 11 17 18 20 11
split_gain=0.011592 0.00974991 0.0110031 0.0156895 0.0201271 0.0129143 0.0111229 0.0095845 0.00808259 0.0141421 0.012533 0.0102466 0.00800674 0.00788519 0.0067969 0.0108952 0.00927405 0.00640963 0.00826916 0.00612191 0.0042502 0.00359781 0.0131602 0.00262211 0.00208105 0.00193052 0.00155919
threshold=8.775800000000002 0.99045967091311271 1.0789000000000002 99.797050000000013 0.009239334193264951 -0.0033470735050549999 0.95436477448514678 0.00048065879795645007 0.0085663333084993517 2.1111000000000004 101.38210000000002 1.0178898412956998 0.013304146144827103 16.494999885559054 1.2030500000000002 0.016359921452507902 1.3900000000000001 2.7947500000000001 2.6150000000000007 6.0964000000000009 1.7850000000000004 96.295001983642564 0.91513261432523929 0.0033636697344416005 0.93827978057261074 93.354999542236314 0.99653136965031042
decision_type=2 2 2 2 2 2 2 2 2 2 2 2 2 2 2 2 2 2 2 2 2 2 2 2 2 2 2
left_child=1 2 7 4 -4 6 -5 21 9 11 -11 26 -6 17 15 -15 -16 18 -10 -7 -13 24 -23 -19 -1 -12 -3
right_child=-2 8 3 5 12 19 -8 -9 13 10 25 20 -14 14 16 -17 -18 23 -20 -21 -22 22 -24 -25 -26 -27 -28
leaf_value=-0.00019466200819578114 -0.0006705551847775022 0.00015421809701459299 0.0011598186642862854 0.00017787915314759382 -2.5108213830575778e-05 0.0001199723924988698 -0.00028863366950087656 0.00035270710996925257 -0.00018559566501474207 -0.00061876071949761046 0 0.00015130943443821093 0.00044224044805447367 0.00032845203873454776 -0.00027893162262369111 -0.00020217621548447844 8.3985996119378382e-06 -0.00021279959513672761 0.00014959139048005454 0.0005699510609048831 0.00068792686590986351 0 -0.00086563092170981681 -0.00082338769193406091 0.00012990265366222178 0.00030178080048252643 -0.0001341628842968242
leaf_weight=42 22 30 29 65 46 162 121 25 317 35 23 42 62 113 130 42 365 41 73 42 52 23 29 20 20 22 36
leaf_count=42 22 30 29 65 46 162 121 25 317 35 23 42 62 113 130 42 365 41 73 42 52 23 29 20 20 22 36
internal_value=0 6.73228e-06 0.000101727 0.000166791 0.000445476 6.03328e-05 -0.000109483 -0.000122957 -3.82514e-05 0.000114362 -0.000187926 0.000284367 0.000217257 -7.43145e-05 -2.63625e-06 0.000165064 -6.14237e-05 -0.000170749 -0.000114961 0.000229578 0.000483857 -0.000255516 -0.000447959 -0.000471431 -4.19446e-05 8.81176e-05 0
internal_weight=2029 2007 666 527 137 390 186 139 1341 240 80 160 108 1101 650 155 495 451 390 204 94 114 52 61 62 45 66
internal_count=2029 2007 666 527 137 390 186 139 1341 240 80 160 108 1101 650 155 495 451 390 204 94 114 52 61 62 45 66
is_linear=0
shrinkage=0.03


Tree=77
num_leaves=20
num_cat=0
split_feature=23 11 19 23 23 23 21 24 11 24 20 24 15 23 23 20 15 22 17
split_gain=0.0109388 0.00938478 0.0104455 0.0249994 0.0271073 0.0128854 0.0137334 0.0123151 0.0122196 0.013331 0.0128917 0.0116208 0.00989373 0.00634455 0.00578515 0.00355154 0.00209335 0.000734336 0.000183193
threshold=8.775800000000002 1.086996633077473 99.797050000000013 1.6552000000000002 2.0358000000000005 1.3824000000000003 1.8450000000000004 51.850000000000001 0.99478228438127314 49.350000000000001 95.810001373291016 51.650000000000013 0.01346198031342285 2.8322500000000006 1.9056500000000003 96.615001678466768 0.0093819334694710526 16.595000267028755 0.0037032457663310502
decision_type=2 2 2 2 2 2 2 2 2 2 2 2 2 2 2 2 2 2 2
left_child=1 2 3 5 16 6 -1 8 10 -10 -4 -6 -7 -9 15 18 -5 -16 -3
right_child=-2 14 7 4 11 12 -8 13 9 -11 -12 -13 -14 -15 17 -17 -18 -19 -20
leaf_value=0.00016908922335454377 -0.00065131316155843107 -0.00032533698752480891 0.00031338473263844372 0.00038248981462259379 -2.8116480697380291e-05 -0.00070656515020304004 -0.00024067804206529637 -0.00087209171121535101 0.00018951619793133924 -0.00016455129030380693 0 0.00042331709431339822 0 -5.3108821795643133e-05 -0.00066187821183767584 0.00019188426066126161 0.0011658009553982599 -0.00019443297985950872 0
leaf_weight=272 22 20 171 20 98 38 96 22 110 506 363 86 28 28 26 30 36 35 22
leaf_count=272 22 20 171 20 98 38 96 22 110 506 363 86 28 28 26 30 36 35 22
internal_value=0 6.62359e-06 2.54021e-05 0.000120624 0.000366025 -8.71479e-06 5.37008e-05 -2.56388e-05 -2.77491e-06 -9.6258e-05 9.94342e-05 0.000167811 -0.000397112 -0.000482319 -0.000233796 -6.27916e-06 0.000950297 -0.000449521 -0.000218763
internal_weight=2029 2007 1874 674 240 434 368 1200 1150 616 534 184 66 50 133 72 56 61 42
internal_count=2029 2007 1874 674 240 434 368 1200 1150 616 534 184 66 50 133 72 56 61 42
is_linear=0
shrinkage=0.03


Tree=78
num_leaves=18
num_cat=0
split_feature=23 11 24 21 23 16 22 23 24 15 17 22 22 17 2 24 18
split_gain=0.0103148 0.00934498 0.0105746 0.0413501 0.0198627 0.0232668 0.0196306 0.0209412 0.0152918 0.0121163 0.00857355 0.018468 0.00658025 0.00537289 0.00522451 0.00519931 0.00159955
threshold=8.775800000000002 0.92255975073056107 50.250000000000007 1.3550000000000002 2.1493000000000007 47.71662606236135 17.025000572204554 8.064700000000002 49.550000000000004 0.011937742996746001 -0.0027363930275783495 13.0650000572204 10.5349998474121 0.00048065879795645007 -0.0036504867597874995 50.150000000000013 0.80488838266792107
decision_type=2 2 2 2 2 2 2 2 2 2 2 2 2 2 2 2 2
left_child=1 13 3 -3 5 14 8 -8 -5 -7 12 -12 -6 15 -4 -1 -17
right_child=-2 2 4 6 10 9 7 -9 -10 -11 11 -13 -14 -15 -16 16 -18
leaf_value=0.00040586008620448411 -0.0006326233026642433 -0.001161402808329571 0.00012915910525979207 2.2268804149776273e-05 0.00015378734950042728 0.00026026972325362044 0.00019439127710314718 -0.00028464873408838771 -0.00032962237997719002 -6.5731404475098866e-05 -0.00025755697963835778 0.0001828827514456169 -0.00034007844196746697 0.0007366045060863888 0.00094297991408190374 -0.0002403028175176587 5.9341848118929185e-05
leaf_weight=35 22 30 20 164 20 218 379 100 267 171 136 225 130 21 44 23 24
leaf_count=35 22 30 20 164 20 218 379 100 267 171 136 225 130 21 44 23 24
internal_value=0 6.24947e-06 -7.34048e-06 -8.02856e-05 6.06893e-05 0.000206695 -4.01156e-05 8.77483e-05 -0.000189038 0.00010947 -6.30362e-05 8.41491e-06 -0.00025378 0.000283967 0.000740714 0.000124425 -2.67442e-05
internal_weight=2029 2007 1904 940 964 453 910 479 431 389 511 361 150 103 64 82 47
internal_count=2029 2007 1904 940 964 453 910 479 431 389 511 361 150 103 64 82 47
is_linear=0
shrinkage=0.03


Tree=79
num_leaves=20
num_cat=0
split_feature=23 13 15 22 19 21 19 20 15 23 22 15 19 17 11 23 9 21 21
split_gain=0.00973369 0.00964467 0.0176154 0.0154343 0.014844 0.013334 0.0110045 0.0137684 0.0125225 0.0161045 0.00992279 0.00742727 0.00648794 0.0081495 0.0055291 0.00246924 0.00239159 0.00189081 0.00120172
threshold=8.775800000000002 1.0063646747852422 0.016691972851690703 33.190000534057553 99.238900000000015 2.9650000000000003 98.600400000000022 92.81499862670897 0.016219147563021504 1.6777500000000003 13.010000228881802 0.013010088373979002 98.753400000000013 0.0063347278018871514 1.0000020299411203 7.0124500000000003 1.0134679906760242 0.74500000000000011 2.8150000000000004
decision_type=2 2 2 2 2 2 2 2 2 2 2 2 2 2 2 2 2 2 2
left_child=1 2 3 4 10 -6 8 16 9 11 -1 -3 -9 -14 18 -16 -8 -10 -4
right_child=-2 6 14 -5 5 -7 7 12 17 -11 -12 -13 13 -15 15 -17 -18 -19 -20
leaf_value=-1.194784857261066e-05 -0.00061446976937282747 0.0002079607089051731 0.0005421255843970908 -0.00062127624927300288 -7.8628499203644412e-05 0.00026983511316205336 -0.00017910786572610961 -0.00058216921450651206 0 0.00077888450591892338 0.00039202614199672359 -0.00023681358363828622 0 -0.00033008643408463179 -2.50430525309639e-05 0.00032797952375205404 -0.00069048297668818342 -0.00037901898392862299 6.1736250719563512e-05
leaf_weight=64 22 107 88 32 646 114 35 22 21 37 150 44 404 76 39 21 46 40 21
leaf_count=64 22 107 88 32 646 114 35 22 21 37 150 44 404 76 39 21 46 40 21
internal_value=0 6.15772e-06 6.28374e-05 1.19917e-05 3.649e-05 -2.21309e-05 -7.02666e-05 -0.000143525 8.91466e-05 0.000219052 0.000257764 5.79154e-05 -7.73721e-05 -4.68363e-05 0.000346007 5.26857e-05 -0.000510983 -0.000259905 0.000478249
internal_weight=2029 2007 1175 1006 974 760 832 583 249 188 214 151 502 480 169 60 81 61 109
internal_count=2029 2007 1175 1006 974 760 832 583 249 188 214 151 502 480 169 60 81 61 109
is_linear=0
shrinkage=0.03


Tree=80
num_leaves=22
num_cat=0
split_feature=19 21 20 7 22 22 22 22 23 18 11 11 19 19 23 11 22 19 21 22 11
split_gain=0.00921244 0.00966597 0.0138099 0.0121402 0.0139949 0.0110449 0.0105404 0.0123417 0.0129636 0.0162318 0.0136455 0.0100308 0.00969669 0.00850458 0.0205089 0.00557076 0.00523519 0.00328974 0.00310383 0.00200867 0.000789261
threshold=104.09700000000001 1.8350000000000002 90.334999084472614 0.017577880174165002 13.010000228881802 30.494999885559054 10.444999694824203 20.760000228881804 8.064700000000002 0.82665668340367249 0.94600152704397034 0.97570903026598654 99.797050000000013 102.39720000000001 2.7947500000000001 0.99671925311357079 12.055000305175751 100.12380000000002 1.3550000000000002 12.184999942779502 1.0236266392426321
decision_type=2 2 2 2 2 2 2 2 2 2 2 2 2 2 2 2 2 2 2 2 2
left_child=1 2 18 4 19 11 15 13 9 -9 -10 -5 -6 16 -15 -3 -8 -17 -1 -4 -19
right_child=-2 6 3 5 12 -7 7 8 10 -11 -12 -13 -14 14 -16 17 -18 20 -20 -21 -22
leaf_value=0 0.00062400730830683773 0.00060964985233015175 0 0.00057528763960115606 0.00035023789009155481 -0.00055196326494695168 -3.0828673390021692e-05 -3.3343843476359324e-05 0.00016533249479375387 0.00048654335214857861 -0.0004161952036622635 -7.400330628784333e-05 5.3039154343025826e-05 0.00014523658763103544 -0.00057807226010217244 0.00033400916662399793 -0.00027077444400144254 4.2428645150115025e-06 -0.00063233901339764193 -0.00036675835117647377 -0.00015309785065619508
leaf_weight=20 20 25 20 24 291 36 138 95 56 100 80 138 190 177 43 27 429 26 26 36 32
leaf_count=20 20 25 20 24 291 36 138 95 56 100 80 138 190 177 43 27 429 26 26 36 32
internal_value=0 -7.53475e-06 7.31956e-05 0.000108197 0.00018394 -8.20448e-05 -6.13375e-05 -9.08394e-05 5.61808e-05 0.000219081 -0.000155386 6.72228e-06 0.000239419 -0.000156474 0 0.000209599 -0.000217814 5.13324e-05 -0.000412635 -0.000235794 -3.28419e-05
internal_weight=2029 2009 781 735 537 198 1228 1118 331 195 136 162 481 787 220 110 567 85 46 56 58
internal_count=2029 2009 781 735 537 198 1228 1118 331 195 136 162 481 787 220 110 567 85 46 56 58
is_linear=0
shrinkage=0.03


Tree=81
num_leaves=24
num_cat=0
split_feature=23 13 15 22 23 23 14 22 9 21 20 10 21 17 15 15 23 24 22 18 0 17 17
split_gain=0.00909157 0.00912893 0.0163085 0.0144668 0.0125728 0.0167703 0.00941266 0.0156301 0.0126194 0.01063 0.0106426 0.0104948 0.00864186 0.00651633 0.00504577 0.00492912 0.00728455 0.00478392 0.00444316 0.00412184 0.00317147 0.00311303 0.00111031
threshold=8.775800000000002 1.0063646747852422 0.016691972851690703 33.190000534057553 0.5375000000000002 1.7358000000000002 0.014893135687670452 15.284999847412053 1.0185673491443283 2.1750000000000003 97.395000457763658 1.0530192500939721 2.2750000000000004 0.00039908013780555002 0.012493881967692551 0.014666473338783853 7.148600000000001 50.600000000000001 22.300000190734803 0.65925133272144343 -0.010923583577637298 -0.0027363930275783495 -0.0059232707269132488
decision_type=2 2 2 2 2 2 2 2 2 2 2 2 2 2 2 2 2 2 2 2 2 2 2
left_child=1 2 3 4 13 -6 7 9 14 10 -3 -10 -11 -1 -9 17 20 -8 21 -20 -17 22 -4
right_child=-2 6 18 -5 5 -7 15 8 11 12 -12 -13 -14 -15 -16 16 -18 -19 19 -21 -22 -23 -24
leaf_value=-0.00043053362823082671 -0.00059399634895279359 -0.00063459454189338112 8.4746128463718495e-05 -0.00060096458823152875 0.00029014711928638913 -6.9920441225557571e-07 -0.00032832709508313034 8.5409791344600059e-05 0.00048070347710307555 0.00043699939663056285 0 -3.6850202052543523e-06 -0.00012853453701515514 3.6768444491407037e-05 -0.00022033525198916139 0 1.9093369624897599e-05 0.00023849736736156047 6.5314204356963594e-05 0.00063262306803881071 -0.00046739866396237629 0.00033351964182855396 -0.00018422336342744527
leaf_weight=72 22 68 20 32 236 641 21 112 112 29 41 44 123 25 78 21 31 33 30 63 119 32 24
leaf_count=72 22 68 20 32 236 641 21 112 112 29 41 44 123 25 78 21 31 33 30 63 119 32 24
internal_value=0 5.78881e-06 6.09728e-05 1.19277e-05 3.57364e-05 7.43918e-05 -6.85235e-05 -1.94771e-06 0.000125068 -0.000181613 -0.000406858 0.00032582 0 -0.000280336 -2.48962e-05 -0.000234053 -0.000312684 0 0.000333487 0.000484177 -0.00040704 0.000106237 0
internal_weight=2029 2007 1175 1006 974 877 832 607 346 261 109 156 152 97 190 225 171 54 169 93 140 76 44
internal_count=2029 2007 1175 1006 974 877 832 607 346 261 109 156 152 97 190 225 171 54 169 93 140 76 44
is_linear=0
shrinkage=0.03


Tree=82
num_leaves=20
num_cat=0
split_feature=19 21 24 22 7 15 19 22 20 19 22 21 15 19 19 11 19 20 14
split_gain=0.00880703 0.00870814 0.0230333 0.0140713 0.0137294 0.0168809 0.0138421 0.00988762 0.0114103 0.0124451 0.0112094 0.0110391 0.0105728 0.0103376 0.00975708 0.00521849 0.00304997 0.0025724 0.00076236
threshold=104.09700000000001 1.8350000000000002 49.550000000000004 13.010000228881802 0.017577880174165002 0.0098246667136297518 99.238900000000015 10.444999694824203 102.54500198364202 100.60710000000002 25.264999389648406 2.7350000000000008 0.013673237776555451 101.22290000000002 102.39720000000001 0.99671925311357079 100.12380000000002 96.115001678466768 0.0094252833646614013
decision_type=2 2 2 2 2 2 2 2 2 2 2 2 2 2 2 2 2 2 2
left_child=1 2 -1 17 6 -6 -5 15 10 12 14 -12 -10 -11 -9 -3 -17 -4 -18
right_child=-2 7 3 4 5 -7 -8 8 9 13 11 -13 -14 -15 -16 16 18 -19 -20
leaf_value=0.00073058162038214497 0.00061007893873777773 0.00059141278062732172 -7.8841702938079827e-05 0.00028354105630517239 -0.00094840885885059826 -2.6865887277821017e-05 -2.9175232179113661e-05 -0.00023454216565096898 0.00097816934064030641 -0.00024040939842498947 0.00050017192364457325 -0.00022643684411421418 0 0.0002254253028227852 0 0.00032181981873665274 -0.00015701846712036057 -0.00072266855463385576 0
leaf_weight=44 20 25 24 292 20 181 197 586 23 87 46 24 20 82 250 27 29 23 29
leaf_count=44 20 25 24 292 20 181 197 586 23 87 46 24 20 82 250 27 29 23 29
internal_value=0 -7.40465e-06 6.9125e-05 2.46336e-05 6.29445e-05 -0.000137654 0.000151634 -5.85347e-05 -8.71759e-05 0.00010272 -0.000134983 0.000209115 0.000552845 0 -0.000167594 0.0002037 4.92321e-05 -0.000464898 -3.01185e-05
internal_weight=2029 2009 781 737 690 201 489 1228 1118 212 906 70 43 169 836 110 85 47 58
internal_count=2029 2009 781 737 690 201 489 1228 1118 212 906 70 43 169 836 110 85 47 58
is_linear=0
shrinkage=0.03


Tree=83
num_leaves=27
num_cat=0
split_feature=23 13 21 7 19 24 21 24 21 21 15 23 21 23 23 19 15 19 9 23 9 0 22 4 22 8
split_gain=0.00837377 0.00882989 0.00901579 0.0103064 0.00902672 0.00818706 0.0248313 0.0131309 0.0245572 0.0136402 0.0115899 0.0101125 0.00893613 0.00847683 0.010529 0.00821928 0.00771361 0.00741677 0.00657639 0.00817483 0.00378843 0.00341115 0.00357169 0.00288826 0.00235538 0.00137971
threshold=8.775800000000002 0.98522697263847481 2.1850000000000005 0.010979060805964152 98.600400000000022 50.250000000000007 1.3550000000000002 49.45000000000001 1.8550000000000002 1.5050000000000001 0.014482850586202351 2.1493000000000007 1.7650000000000003 3.4936000000000003 4.918000000000001 99.006450000000015 0.014522864034678552 99.797050000000013 0.98306659221555581 2.0358000000000005 0.99911575589651513 -0.0087855445518843969 12.759999752044601 -0.0053281326197001993 16.054999351501404 0.98582408948400013
decision_type=2 2 2 2 2 2 2 2 2 2 2 2 2 2 2 2 2 2 2 2 2 2 2 2 2 2
left_child=1 2 4 21 16 6 -3 8 -8 -9 11 12 -7 20 -15 -13 -1 25 24 -20 -12 -4 -23 -19 -5 -6
right_child=-2 5 3 18 17 10 7 9 -10 -11 13 15 -14 14 -16 -17 -18 23 19 -21 -22 22 -24 -25 -26 -27
leaf_value=-0.00048524575411220609 -0.00057009079439929969 -0.0011048489453652026 0 0.00016988496172402762 0.00025022256301473019 6.2197474270248265e-05 0.0007104642419872106 0.00030899178045585234 -3.0861799609274899e-05 -0.00023017608049047674 0 0.00038489546607631974 0.00039470147984350137 0.00067278138358545095 -7.301040738654722e-05 -0.00011064132190825019 0.00028008211799897254 0.00039012906076532091 0 0.00072162810890850687 -0.00036752473611185055 0 -0.00044439573119931175 1.1941588266187733e-06 -9.1824178432580079e-05 0.00089999625875498165
leaf_weight=22 22 21 21 52 22 196 47 42 211 391 36 33 147 20 69 209 20 39 25 32 111 23 58 60 69 31
leaf_count=22 22 21 21 52 22 196 47 42 211 391 36 33 147 20 69 209 20 39 25 32 111 23 58 60 69 31
internal_value=0 5.52556e-06 0.000119774 0 0.000276688 -2.7899e-05 -0.000103351 -6.70272e-05 9.48246e-05 -0.000170374 3.39323e-05 0.000108397 0.000214153 -0.000137671 6.68631e-05 -2.94166e-05 -5.29983e-05 0.000387144 0.000147768 0.000411626 -0.000281391 -0.000228273 -0.00032077 0.00018678 0 0.000695463
internal_weight=2029 2007 474 280 194 1533 712 691 258 433 821 585 343 236 89 242 42 152 178 57 147 102 81 99 121 53
internal_count=2029 2007 474 280 194 1533 712 691 258 433 821 585 343 236 89 242 42 152 178 57 147 102 81 99 121 53
is_linear=0
shrinkage=0.03


Tree=84
num_leaves=23
num_cat=0
split_feature=19 14 19 24 24 19 11 11 20 19 17 17 15 19 22 11 24 20 3 15 22 14
split_gain=0.00831184 0.00847493 0.0107232 0.0108596 0.0112964 0.0122072 0.0100126 0.00953106 0.0131349 0.0120477 0.0123008 0.0113187 0.00913187 0.0195892 0.00714939 0.00768865 0.00712522 0.00609177 0.00459152 0.00427488 0.00336318 0.00192356
threshold=104.09700000000001 0.0085663333084993517 98.356050000000025 49.750000000000007 50.250000000000007 101.40940000000002 1.0320495267089227 0.98442891025147361 94.274997711181626 99.797050000000013 0.0063347278018871514 -0.00024963518357554995 0.017312175234821654 98.600400000000022 14.085000038146902 1.0661732890828721 51.750000000000007 92.124999999999957 0.00020858599296635002 0.0099174244866646003 24.569999694824151 0.016508056789457253
decision_type=2 2 2 2 2 2 2 2 2 2 2 2 2 2 2 2 2 2 2 2 2 2
left_child=1 2 -1 6 5 -5 19 8 17 14 11 -11 13 -10 18 -16 -6 -3 -9 -4 -14 -19
right_child=-2 7 3 4 16 -7 -8 9 12 10 -12 -13 20 -15 15 -17 -18 21 -20 -21 -22 -23
leaf_value=0.00059810742482368368 0.00059293062339669893 0 0.00010835027967446617 -0.00057563404274446053 0.00027979815073380683 9.0393361723272388e-05 0 0 -0.00089248540590051561 -0.00029443149983645912 -0.00063122232402081785 -7.246936064661019e-06 0.00062569847225677215 0 0.00019899086263000916 -8.0017039302270859e-05 -0.0001481269710544122 0.00029250846929498945 -0.00029541971262335925 0.00092294722081472471 8.4377199685310613e-05 0.00090009722183458508
leaf_weight=39 20 33 20 57 93 31 25 83 23 223 52 326 23 358 233 124 45 39 85 26 50 21
leaf_count=39 20 33 20 57 93 31 25 83 23 223 52 326 23 358 233 124 45 39 85 26 50 21
internal_value=0 -6.97368e-06 0.000128382 5.48336e-05 -3.52731e-05 -0.000308923 0.000379825 -3.60106e-05 6.35209e-05 -8.70375e-05 -0.000179032 -0.000129677 0 -6.23805e-05 1.27109e-05 9.37479e-05 0.000118613 0.00038637 -0.000141277 0.000642445 0.000301622 0.000565614
internal_weight=2029 2009 336 297 226 88 71 1673 547 1126 601 549 454 381 525 357 138 93 168 46 73 60
internal_count=2029 2009 336 297 226 88 71 1673 547 1126 601 549 454 381 525 357 138 93 168 46 73 60
is_linear=0
shrinkage=0.03


Tree=85
num_leaves=31
num_cat=0
split_feature=13 15 22 19 14 22 9 11 14 14 21 19 11 22 7 21 11 15 11 24 15 15 17 23 23 20 23 14 23 6
split_gain=0.00802798 0.0134625 0.0122312 0.0128467 0.0102228 0.0137792 0.0114634 0.0100527 0.00997958 0.00994432 0.00930704 0.00934617 0.00821685 0.00818539 0.00785563 0.00781173 0.00560156 0.00527717 0.00487642 0.00431129 0.0042782 0.00910737 0.00397617 0.00769811 0.00320045 0.00244633 0.00239146 0.00234578 0.00255732 0.00180534
threshold=1.0065028407797654 0.017312175234821654 33.190000534057553 99.238900000000015 0.014893135687670452 15.284999847412053 1.0185673491443283 1.0753692247482662 0.017436994694571304 0.016155971765705553 2.1750000000000003 101.40940000000002 1.0236266392426321 13.010000228881802 0.0078784574160970528 2.2750000000000004 1.0351530499383361 0.014666473338783853 0.98026845989399847 50.600000000000001 0.012493881967692551 0.011398937113849402 -0.0030382528846081996 5.3234000000000012 7.148600000000001 101.23500061035152 2.6553500000000008 0.025713128000793454 4.5254000000000003 0.0052505815874058512
decision_type=2 2 2 2 2 2 2 2 2 2 2 2 2 2 2 2 2 2 2 2 2 2 2 2 2 2 2 2 2 2
left_child=1 2 3 13 5 10 20 12 9 -5 11 -2 -8 25 -15 -12 -17 19 -10 -6 21 -7 26 -24 27 -1 -3 28 -19 -22
right_child=4 22 -4 8 17 6 7 -9 18 -11 15 -13 -14 14 -16 16 -18 24 -20 -21 29 -23 23 -25 -26 -27 -28 -29 -30 -31
leaf_value=-0.00018573848384507334 -0.00062334728229325258 0.00036576535184444355 -0.00054001525006481513 -2.0399486647182037e-05 -0.00031076203277122905 -0.00012196410720802802 2.6195761193153687e-05 0 -0.00058753853630041702 0.00044899004237146958 0.00041281216216739272 0 0.00067854501082568758 0.00071397502431645981 0.0001767259377866631 5.2440520922812677e-05 -0.00031864442232537517 -0.00028967426196903215 0 0.00022723124052315732 -0.00033802539060971785 0.00040738699854688443 9.6639693431955351e-05 0.00079909689014924588 0 0.00017762348183896393 0 0 -0.00075245067822470447 0
leaf_weight=41 62 21 34 691 21 65 37 52 39 42 29 45 67 44 110 56 66 88 21 33 43 46 41 37 35 23 56 20 31 33
leaf_count=41 62 21 34 691 21 65 37 52 39 42 29 45 67 44 110 56 66 88 21 33 43 46 41 37 35 23 56 20 31 33
internal_value=0 4.8964e-05 7.19567e-06 2.90783e-05 -7.23597e-05 -2.27289e-06 0.000117048 0.000307986 -2.36526e-05 2.98382e-06 -0.000172328 -0.000385715 0.00047749 0.000233824 0.000353196 0 -0.000124879 -0.000243189 -0.000392956 0 -2.70695e-05 7.22996e-05 0.000309481 0.000473728 -0.000323311 -8.27773e-06 0.000100699 -0.000388891 -0.000440495 -0.000210216
internal_weight=2029 1200 1045 1011 829 601 343 156 793 733 258 107 104 218 154 151 122 228 60 54 187 111 155 78 174 64 77 139 119 76
internal_count=2029 1200 1045 1011 829 601 343 156 793 733 258 107 104 218 154 151 122 228 60 54 187 111 155 78 174 64 77 139 119 76
is_linear=0
shrinkage=0.03


Tree=86
num_leaves=21
num_cat=0
split_feature=19 14 23 23 23 16 15 19 14 19 15 23 22 24 22 10 22 21 16 21
split_gain=0.00791088 0.0079999 0.0102664 0.0171138 0.0106584 0.00813217 0.0147842 0.0120361 0.013827 0.00932915 0.00776862 0.012409 0.0069539 0.00685811 0.00570152 0.00549535 0.00334748 0.00504213 0.00236802 0.00166978
threshold=104.09700000000001 0.0085663333084993517 2.3367000000000004 2.7248500000000004 0.67770000000000008 51.191524427831276 0.017312175234821654 97.858700000000013 0.017436994694571304 98.600400000000022 0.016219147563021504 1.6552000000000002 27.090000152587852 49.100000000000009 14.085000038146902 1.0212670312457532 17.695000648498503 3.0050000000000003 37.943823534036817 0.74500000000000011
decision_type=2 2 2 2 2 2 2 2 2 2 2 2 2 2 2 2 2 2 2 2
left_child=1 2 4 -4 -1 6 7 -3 -9 10 11 -7 13 -11 15 -6 -8 -18 -16 -12
right_child=-2 5 3 -5 14 9 16 8 -10 12 19 -13 -14 -15 18 -17 17 -19 -20 -21
leaf_value=-0.00033815053386613729 0.00057856847433140511 -0.00062403281525997764 -0.00075783602794600197 0.00022498042464802232 0.00024266562163188611 0 0 4.3198343794508726e-05 -0.00040691371906808964 0.00017469402278815819 0 0.0005651143612969685 0.00026195184013788375 -0.0002273658795858329 0 -0.00013648241230949617 0.00047237883369497793 0 0.00049746814363782379 -0.00030516630179045027
leaf_weight=24 20 28 28 28 95 121 21 634 67 32 20 48 25 509 22 42 93 28 97 47
leaf_count=24 20 28 28 28 95 121 21 634 67 32 20 48 25 509 22 42 93 28 97 47
internal_value=0 -6.69962e-06 0.000124757 -0.00021847 0.000204611 -3.49517e-05 2.57782e-05 -2.5118e-05 0 -0.000104592 4.38531e-05 0.000162341 -0.000171748 -0.000197771 0.000268286 0.000104545 0.000306397 0.00036706 0.000429353 -0.000208893
internal_weight=2029 2009 336 56 280 1673 871 729 701 802 236 169 566 541 256 137 142 121 119 67
internal_count=2029 2009 336 56 280 1673 871 729 701 802 236 169 566 541 256 137 142 121 119 67
is_linear=0
shrinkage=0.03


Tree=87
num_leaves=26
num_cat=0
split_feature=11 14 23 23 23 21 11 23 21 22 14 21 17 9 23 15 17 21 0 21 12 23 11 14 7
split_gain=0.00758818 0.00848519 0.0130869 0.0175035 0.0106081 0.00893471 0.00813228 0.0115077 0.0191253 0.00983379 0.0149126 0.0144373 0.00926551 0.00823344 0.00792089 0.0101732 0.00474664 0.00553592 0.00318613 0.0023784 0.00201544 0.00171893 0.00137035 0.00115098 0.000452613
threshold=1.086996633077473 0.008406764054332402 2.3367000000000004 2.7248500000000004 0.94425000000000014 2.3950000000000005 0.98442891025147361 8.064700000000002 2.5350000000000006 31.775000572204554 0.012668939593229952 2.1250000000000004 -0.0080013071780434489 1.0002336859670804 7.0124500000000003 0.014023865174541402 0.0025338037635757003 1.0750000000000004 0.0036393752965844005 2.9750000000000005 1.0357539751580365 1.6552000000000002 0.93517626463241899 0.011999191747516453 0.0095277454163729021
decision_type=2 2 2 2 2 2 2 2 2 2 2 2 2 2 2 2 2 2 2 2 2 2 2 2 2
left_child=1 2 4 -4 -1 21 9 14 -9 11 -11 13 -13 -3 15 -8 17 -2 -16 -10 23 -6 -12 -18 -7
right_child=16 6 3 -5 5 24 7 8 19 10 22 12 -14 -15 18 -17 20 -19 -20 -21 -22 -23 -24 -25 -26
leaf_value=-0.00026729205562151036 0 0.00048426209336011213 -0.00077539021030367751 0.00029717356487261973 0.00017112337837170346 -0.00010515856864448221 7.564015228186596e-06 0.00018527929389687336 -0.0011168109065974536 -0.00091631730532805834 0.0002205172455413214 -0.0004355546079010916 7.0544487624361361e-05 0 0.00041256964168480962 -0.00020154613597126404 0 -0.00065862108417786658 0 -0.0003493447505483905 -0.00021559713567694417 0.00052844531638010473 -8.6209244877946629e-05 0.00022565439442405474 7.1971104135237887e-05
leaf_weight=23 20 121 27 21 47 26 606 22 22 20 21 35 308 38 45 300 20 35 32 25 35 116 21 23 20
leaf_count=23 20 121 27 21 47 26 606 22 22 20 21 35 308 38 45 300 20 35 32 25 35 116 21 23 20
internal_value=0 1.49125e-05 0.000167708 -0.000248431 0.000267378 0.000341496 -9.79403e-06 -6.06917e-05 -0.000435831 7.97724e-05 -0.000258538 0.000127951 9.06477e-06 0.000364006 -3.08945e-05 -5.8516e-05 -0.000218671 -0.000435763 0.000252229 -0.000786867 -2.40408e-05 0.000445378 0 6.50517e-05 0
internal_weight=2029 1896 280 48 232 209 1616 1052 69 564 62 502 343 159 983 906 133 55 77 47 78 163 42 43 46
internal_count=2029 1896 280 48 232 209 1616 1052 69 564 62 502 343 159 983 906 133 55 77 47 78 163 42 43 46
is_linear=0
shrinkage=0.03


Tree=88
num_leaves=21
num_cat=0
split_feature=19 19 21 14 11 16 22 23 23 15 15 15 14 14 24 21 20 7 23 12
split_gain=0.00747911 0.0072349 0.0135683 0.0102603 0.0106972 0.00890142 0.0114115 0.0106006 0.00815014 0.0207756 0.0146042 0.0107056 0.00661552 0.0102162 0.00818824 0.00524079 0.00332667 0.00188827 0.0016561 0.000546548
threshold=104.09700000000001 100.60710000000002 3.5350000000000006 0.007200043540925901 1.086996633077473 40.832175732509661 16.144999504089302 0.5375000000000002 2.3252000000000006 0.018072348025255553 0.0085296670487468515 0.0097282985083700022 0.018000452278015503 0.015593897377690803 49.95000000000001 3.0050000000000003 95.895000457763658 0.013452733859320502 1.6552000000000002 1.0051573084985463
decision_type=2 2 2 2 2 2 2 2 2 2 2 2 2 2 2 2 2 2 2 2
left_child=1 2 3 4 18 7 -7 -5 12 10 -10 -12 13 14 -3 19 -15 -17 -1 -11
right_child=-2 8 -4 5 -6 6 -8 -9 9 15 11 -13 -14 16 -16 17 -18 -19 -20 -21
leaf_value=0.00018676665945289035 0.00056262450750883938 0.00011512035908844294 0.00078779284399934117 -0.00014146588917423667 -0.00012988647758694632 -0.00018172799043367254 4.5294524436575374e-05 0.00037626697044523745 -0.0010654598921537399 0.00058675585661468836 0.00022786220695035389 -0.00026489493798081243 -0.00035757828425419955 0.00071689174628744904 -0.00016181423341691292 0.00017921877073656233 9.6109763586095325e-06 -0.00022092186775989829 0.00076331891805003738 8.9616136889989392e-05
leaf_weight=26 20 235 21 42 20 317 500 108 20 28 38 317 37 25 161 20 20 20 33 21
leaf_count=26 20 235 21 42 20 317 500 108 20 28 38 317 37 25 161 20 20 20 33 21
internal_value=0 -6.45417e-06 4.53488e-05 2.68396e-05 0.000353349 0 -3.92383e-05 0.000211457 -6.82984e-05 -0.000158307 -0.000259906 -0.00020323 1.29594e-05 5.15736e-05 0 0.000234575 0.000474805 0 0.000566592 0.000439749
internal_weight=2029 2009 1067 1046 79 967 817 150 942 464 375 355 478 441 396 89 45 40 59 49
internal_count=2029 2009 1067 1046 79 967 817 150 942 464 375 355 478 441 396 89 45 40 59 49
is_linear=0
shrinkage=0.03


Tree=89
num_leaves=19
num_cat=0
split_feature=11 24 24 21 23 23 21 15 11 24 15 23 23 23 23 13 15 20
split_gain=0.00711809 0.00835503 0.0106432 0.0209098 0.0184381 0.0216187 0.0178083 0.0162615 0.0144296 0.0115039 0.0112771 0.00526192 0.0263539 0.0106262 0.00405994 0.00397334 0.002974 0.00206774
threshold=1.086996633077473 48.500000000000007 50.250000000000007 1.3550000000000002 2.1493000000000007 1.6552000000000002 1.7850000000000004 0.015129622813124051 0.94315480918116112 49.550000000000004 0.011609133788570552 3.4936000000000003 4.5254000000000003 2.7947500000000001 1.2030500000000002 1.0374263220262088 0.014763948080146803 96.685001373290959
decision_type=2 2 2 2 2 2 2 2 2 2 2 2 2 2 2 2 2 2
left_child=1 -1 3 7 5 14 9 -3 -8 -5 -7 13 -13 -6 -4 -2 17 -17
right_child=15 2 4 6 11 10 8 -9 -10 -11 -12 12 -14 -15 -16 16 -18 -19
leaf_value=0.00048883179920217526 -0.00049514875816955301 -0.0012856381907424127 0.00020870373321231456 0.00075889657085544647 -1.0942210228157429e-05 0.00072868478706284226 0.0001550034468048526 0 -0.00018075183411389519 9.2836024912970101e-05 0.00012078751322331884 0.0010997176673928541 -3.0870134450759941e-05 -0.00045006895193853324 -4.4694097949235476e-05 -0.00010568676471263422 -0.00032036628650741712 0.00021269770788967434
leaf_weight=32 36 21 84 28 293 94 135 20 556 229 58 20 125 63 138 36 30 31
leaf_count=32 36 21 84 28 293 94 135 20 556 229 58 20 125 63 138 36 30 31
internal_value=0 1.46266e-05 4.61939e-06 -6.10573e-05 8.22624e-05 0.000242344 -2.87018e-05 -0.000719254 -0.000110691 0.000179691 0.000518637 -3.15079e-05 0.000110989 -9.80992e-05 3.82392e-05 -0.000211612 -7.17902e-05 0
internal_weight=2029 1896 1864 989 875 374 948 41 691 257 152 501 145 356 222 133 97 67
internal_count=2029 1896 1864 989 875 374 948 41 691 257 152 501 145 356 222 133 97 67
is_linear=0
shrinkage=0.03


Tree=90
num_leaves=27
num_cat=0
split_feature=13 20 20 15 21 21 15 19 20 15 23 14 14 17 19 20 20 15 22 19 22 21 22 9 21 14
split_gain=0.00723421 0.0110892 0.0139154 0.0105005 0.0210257 0.0148528 0.00990742 0.0083958 0.011186 0.00924642 0.0145302 0.00821189 0.00746829 0.0067524 0.00713883 0.00827062 0.00643324 0.0112274 0.00539721 0.00523818 0.00833919 0.0028744 0.00242253 0.00174223 0.00150411 0.000883977
threshold=1.0063646747852422 94.274997711181626 90.975002288818359 0.017414419177783556 1.3350000000000002 2.0350000000000006 0.012438639456129901 98.600400000000022 92.81499862670897 0.016219147563021504 1.6777500000000003 0.017436994694571304 0.0090492870946995516 0.0064868436495069013 98.753400000000013 96.645000457763658 96.645000457763658 0.010180659791603252 13.010000228881802 101.46345000000001 16.144999504089302 3.0050000000000003 17.819999694824151 1.0134679906760242 0.74500000000000011 0.014775905310875552
decision_type=2 2 2 2 2 2 2 2 2 2 2 2 2 2 2 2 2 2 2 2 2 2 2 2 2 2
left_child=1 2 6 4 -3 18 22 9 23 10 16 -7 -4 14 -10 -16 17 -2 -6 20 -14 -5 -1 -9 -11 -15
right_child=7 3 12 21 5 11 -8 8 13 24 -12 -13 19 25 15 -17 -18 -19 -20 -21 -22 -23 -24 -25 -26 -27
leaf_value=0 0.00018006360946067919 -0.00083396393264411023 0.00088780855938792218 0.00039488987143293183 -7.4933009885446434e-05 -5.5014818064569779e-05 -0.00050680468555348098 -0.00015835193362242231 -0.00053369253035634749 0 0.00071256381440846443 -0.0004861020930260024 -0.00012327035309007281 -0.00010468900745586324 0.00016480448069636255 -0.00010618883289159918 0.00032296081652515566 -0.00042582981733779886 0.00025060143313064201 0.00064261897109944605 0.0003179065895400708 0 0.00033732100477856065 -0.00062406380691545753 -0.0003333114818059385 -0.00047797591719203267
leaf_weight=22 53 28 24 68 42 491 33 35 22 21 37 46 50 39 177 231 49 49 203 30 99 30 26 46 40 38
leaf_count=22 53 28 24 68 42 491 33 35 22 21 37 46 50 39 177 231 49 49 203 30 99 30 26 46 40 38
internal_value=0 4.71468e-05 0.000210526 -8.2918e-07 -3.97022e-05 -6.40296e-06 -9.29321e-05 -6.786e-05 -0.00013147 7.02767e-05 0.000183373 -9.83533e-05 0.000346178 -7.16617e-05 -1.75767e-05 4.15498e-06 3.01315e-05 -8.3185e-05 0.000182523 0.000252361 0.000150026 0.000287321 0.000134917 -0.000463801 -0.00022723 -0.000331136
internal_weight=2029 1192 284 908 810 782 81 837 588 249 188 537 203 507 430 408 151 102 245 179 149 98 48 81 61 77
internal_count=2029 1192 284 908 810 782 81 837 588 249 188 537 203 507 430 408 151 102 245 179 149 98 48 81 61 77
is_linear=0
shrinkage=0.03


Tree=91
num_leaves=13
num_cat=0
split_feature=19 23 11 7 22 22 23 23 23 19 24 24
split_gain=0.00715102 0.00671204 0.00857747 0.00787391 0.00788989 0.00776156 0.0125787 0.0159497 0.0105241 0.0165356 0.0116907 0.00486899
threshold=104.09700000000001 8.775800000000002 0.92255975073056107 0.03282663678123756 13.775000095367352 16.894999504089352 1.0789000000000002 2.1493000000000007 8.064700000000002 101.43405000000001 49.550000000000004 49.850000000000001
decision_type=2 2 2 2 2 2 2 2 2 2 2 2
left_child=1 2 3 4 -1 6 11 -8 10 -10 -7 -4
right_child=-2 -3 5 -5 -6 8 7 -9 9 -11 -12 -13
leaf_value=0 0.00055019905684457627 -0.00051582168415188789 -0.00063355077307840639 -0.00016667091217823323 0.00059517617154199534 0.00035527144839267016 9.6378768645641118e-05 -0.00017335792579702602 0 -0.00096972919251261795 3.0140122315198232e-05 -0.0001758699633882155
leaf_weight=25 20 22 43 20 58 120 415 366 79 21 739 101
leaf_count=25 20 22 43 20 58 120 415 366 79 21 739 101
internal_value=0 -6.26206e-06 0 0.000264862 0.000405306 -1.49965e-05 -7.8125e-05 -2.62517e-05 4.27868e-05 -0.000239765 7.94088e-05 -0.000336655
internal_weight=2029 2009 1987 103 83 1884 925 781 959 100 859 144
internal_count=2029 2009 1987 103 83 1884 925 781 959 100 859 144
is_linear=0
shrinkage=0.03


Tree=92
num_leaves=28
num_cat=0
split_feature=13 15 20 21 23 21 20 24 19 20 15 23 19 22 20 24 19 19 11 19 15 22 21 23 11 21 9
split_gain=0.00697488 0.0109011 0.0103184 0.0197914 0.0168461 0.0126174 0.00918025 0.0114411 0.00813767 0.0107279 0.00876203 0.0136381 0.00719408 0.00620707 0.00599832 0.0141201 0.00507048 0.00697711 0.00889485 0.00851167 0.00325946 0.00302816 0.00376806 0.00521451 0.00161011 0.00140137 0.00117408
threshold=1.0065028407797654 0.017312175234821654 94.104999542236314 1.3350000000000002 5.2704000000000013 2.0350000000000006 90.975002288818359 51.750000000000007 98.600400000000022 92.81499862670897 0.016219147563021504 1.6777500000000003 104.05040000000001 13.010000228881802 96.645000457763658 51.050000000000004 98.753400000000013 100.60710000000002 1.0943536512508072 101.0665 0.012438639456129901 17.695000648498503 3.0050000000000003 5.3234000000000012 0.97968893215406794 0.74500000000000011 1.0134679906760242
decision_type=2 2 2 2 2 2 2 2 2 2 2 2 2 2 2 2 2 2 2 2 2 2 2 2 2 2 2
left_child=1 2 4 -4 6 13 20 -8 10 26 11 14 -7 -5 15 -2 -11 18 -18 -19 -1 -3 23 24 -23 -12 -10
right_child=8 21 3 5 -6 12 7 -9 9 16 25 -13 -14 -15 -16 -17 17 19 -20 -21 -22 22 -24 -25 -26 -27 -28
leaf_value=0.00013441183009184896 -0.00053124733070172825 0 -0.00079593432255787775 -0.00011400465621069693 -0.00055603228707332164 -0.00012788764088000754 0.00023169841461080629 0.00095952477927858113 -0.00015656366508284752 -0.00052105712109123882 0 0.00069126152260057434 0.00025473504926247357 0.00023822548283999743 0.00031240068547980628 0.00016835687074247591 0.00015140488462078719 -0.00045195166655519805 -0.00044259649254672694 -3.6727245483925792e-05 -0.00031092718631095653 0.00029374762951629236 0 0.0007165941876961237 0 -0.00032349280504120805 -0.00060519027257179643
leaf_weight=49 40 22 29 44 21 497 103 31 32 22 21 37 43 208 49 62 193 65 23 199 20 39 30 40 24 40 46
leaf_count=49 40 22 29 44 21 497 103 31 32 22 21 37 43 208 49 62 193 65 23 199 20 39 30 40 24 40 46
internal_value=0 4.56035e-05 7.70652e-06 -3.8563e-05 0.000190044 -6.07918e-06 0.000284277 0.000428159 -6.74822e-05 -0.000130841 6.80346e-05 0.000178377 -9.14597e-05 0.00016466 2.92459e-05 -7.93656e-05 -7.23824e-05 -4.45406e-05 7.25817e-05 -0.000151601 0 0.000280185 0.000334261 0.000420201 0.000176883 -0.000221043 -0.000463425
internal_weight=2029 1200 1045 821 224 792 203 134 829 580 249 188 540 252 151 102 502 480 216 264 69 155 133 103 63 61 78
internal_count=2029 1200 1045 821 224 792 203 134 829 580 249 188 540 252 151 102 502 480 216 264 69 155 133 103 63 61 78
is_linear=0
shrinkage=0.03


Tree=93
num_leaves=22
num_cat=0
split_feature=19 14 15 23 11 15 11 19 17 17 15 19 14 11 15 23 1 6 17 23 17
split_gain=0.00666534 0.00643636 0.00892051 0.0192436 0.0111005 0.00895751 0.0078362 0.0104224 0.00964088 0.0107243 0.00950252 0.019828 0.015413 0.00769067 0.00583811 0.00737104 0.00401645 0.00396067 0.00291727 0.00270692 0.000921245
threshold=104.09700000000001 0.0085663333084993517 0.008465641009179202 2.0715500000000007 0.98705045475741116 0.010107668198816052 0.98442891025147361 99.797050000000013 0.0063347278018871514 -0.00024963518357554995 0.017312175234821654 98.600400000000022 0.017436994694571304 1.086996633077473 0.014926360124227203 1.6552000000000002 -0.0053122659832212987 0.010989204177508901 0.0020885003384960503 3.4936000000000003 -0.0037796339851740995
decision_type=2 2 2 2 2 2 2 2 2 2 2 2 2 2 2 2 2 2 2 2 2
left_child=1 2 3 18 5 -4 10 14 9 -9 11 -3 -13 17 15 -8 -12 -6 -1 -16 -18
right_child=-2 6 4 -5 13 -7 7 8 -10 -11 16 12 -14 -15 19 -17 20 -19 -20 -21 -22
leaf_value=0.00030514637695783415 0.00053094830144462843 -0.00075767839866979359 0.00022939964644610883 -0.00074776617210778979 0.00048520379590038528 -0.00041004345060970918 -9.3310281850397303e-06 -0.00027928631724872887 -0.0005664910288628647 -7.1577453177310699e-08 0.00058879986555817037 0.00012883237358476932 -0.00039853037666346482 -9.4601313849644987e-05 -0.00021885368661120688 0.00025419630258296486 0 0 -3.3304949777878136e-05 0 0.00019254381847713374
leaf_weight=41 20 28 34 30 130 38 228 223 52 326 38 371 55 20 107 142 20 22 21 48 35
leaf_count=41 20 28 34 30 130 38 228 223 52 326 38 371 55 20 107 142 20 22 21 48 35
internal_value=0 -6.26049e-06 0.000111435 -0.000119326 0.00021082 -6.79823e-05 -3.17427e-05 -7.81333e-05 -0.0001638 -0.000119243 5.82464e-05 0 5.2946e-05 0.000344587 1.43561e-05 8.41328e-05 0.000332806 0.000422224 0.000144182 -0.000132448 9.50105e-05
internal_weight=2029 2009 336 92 244 72 1673 1126 601 549 547 454 426 172 525 370 93 152 62 155 55
internal_count=2029 2009 336 92 244 72 1673 1126 601 549 547 454 426 172 525 370 93 152 62 155 55
is_linear=0
shrinkage=0.03


Tree=94
num_leaves=31
num_cat=0
split_feature=13 15 20 24 22 11 24 14 11 14 22 9 22 22 19 24 5 15 8 14 20 17 17 24 20 24 14 13 11 15
split_gain=0.00660831 0.0101079 0.00982164 0.0151179 0.0146892 0.0125876 0.0100225 0.0112666 0.00961531 0.00798386 0.0118718 0.0097568 0.00796245 0.00661048 0.00775304 0.00532494 0.0052809 0.00453746 0.00441555 0.00429435 0.00372638 0.003693 0.00360809 0.0043373 0.00275312 0.00262836 0.00379598 0.00275956 0.00254759 0.00362884
threshold=1.0065028407797654 0.017312175234821654 94.104999542236314 51.350000000000001 33.190000534057553 0.97042267863656073 51.750000000000007 0.017436994694571304 1.0093383133821086 0.014893135687670452 15.284999847412053 1.0141543397383139 12.055000305175751 21.295000076293906 98.600400000000022 51.650000000000013 -0.005039847759884899 0.014023865174541402 0.99654524144477585 0.014286789376363152 93.319999694824162 0.0032560601441014507 -0.0030382528846081996 50.95000000000001 96.615001678466768 51.750000000000007 0.019624449328887003 1.0114608372196063 1.0448106100341921 0.012493881967692551
decision_type=2 2 2 2 2 2 2 2 2 2 2 2 2 2 2 2 2 2 2 2 2 2 2 2 2 2 2 2 2 2
left_child=1 2 3 5 6 -1 7 -4 15 10 12 28 20 14 -13 -5 -14 -7 -11 -8 -2 -22 -3 -24 -15 26 27 -20 29 -12
right_child=9 22 4 8 -6 17 19 -9 -10 18 11 13 16 24 -16 -17 -18 -19 25 -21 21 -23 23 -25 -26 -27 -28 -29 -30 -31
leaf_value=0.00041926666305057311 -0.00025352482247912765 7.1985422263074153e-05 5.5121838179029584e-05 0.00018370333255268633 -0.00071460980150316446 0 -0.00053160006604739457 -0.00039632078396696771 2.7334090538455967e-05 0 0.00025827243633574578 0.00085658387523144478 0 -0.00010419242968443237 0.00019309050739023159 0.00098423826768994326 -0.00040827714067511676 -0.00043145697609461999 0 0 0.00026665563603655754 -8.3998747200894275e-05 0.00057940881258238929 0 0.00019450390475209465 0 -1.3015986268874253e-05 -0.00050288461253832463 -0.00022614248666901279 -0.0001290542721781094
leaf_weight=37 33 77 677 24 27 42 44 52 41 43 36 29 24 44 76 34 111 46 24 21 59 31 53 25 54 27 44 90 57 47
leaf_count=37 33 77 677 24 27 42 44 52 41 43 36 29 24 44 76 34 111 46 24 21 59 31 53 25 54 27 44 90 57 47
internal_value=0 4.41873e-05 7.58255e-06 0.000185528 -3.74847e-05 -1.14699e-05 -9.8155e-06 1.83118e-05 0.00046189 -6.58815e-05 -3.31102e-06 0.000107034 -0.00016144 0.000243012 0.000410995 0.000712558 -0.000319886 -0.000228959 -0.00021698 -0.000366226 0 0.000113312 0.000270113 0.000424339 3.03945e-05 -0.000281656 -0.000328144 -0.000422515 -6.91829e-05 4.30327e-06
internal_weight=2029 1200 1045 224 821 125 794 729 99 829 601 343 258 203 105 58 135 88 228 65 123 90 155 78 98 185 158 114 140 83
internal_count=2029 1200 1045 224 821 125 794 729 99 829 601 343 258 203 105 58 135 88 228 65 123 90 155 78 98 185 158 114 140 83
is_linear=0
shrinkage=0.03


Tree=95
num_leaves=18
num_cat=0
split_feature=19 21 23 21 15 15 22 15 22 23 16 14 7 23 16 10 0
split_gain=0.00637731 0.00596641 0.0141214 0.0124444 0.0101821 0.00847751 0.00796297 0.0112816 0.0237526 0.0103009 0.01199 0.00909249 0.006069 0.0113462 0.0056393 0.00316876 0.00211982
threshold=104.09700000000001 3.6500000000000004 6.2811000000000012 2.8150000000000004 0.0098741199974489522 0.013969321140784403 17.025000572204554 0.0092587735782045013 24.239999771118153 1.0789000000000002 37.824710863815987 0.0079485277037672011 0.014034306368386951 2.7947500000000001 38.410450024131116 0.99237719608511521 0.00057556909993510018
decision_type=2 2 2 2 2 2 2 2 2 2 2 2 2 2 2 2 2
left_child=1 3 -3 6 -5 -4 9 8 -8 14 -11 -9 13 -6 -1 -14 -7
right_child=-2 2 5 4 12 16 7 11 -10 10 -12 -13 15 -15 -16 -17 -18
leaf_value=-7.6611217105221962e-06 0.00051932743293998235 -0.00032914290439499465 0.00099605509177358312 0.00027820222859736534 -0.00011618456578232781 0.00035980653164110018 0.00016938178637064991 0.00058679248507877884 -0.00097167635967748028 0.00046418523654574527 -2.6474348608245987e-05 9.3408521593687686e-05 6.5085334686693486e-08 -0.00072474946552501926 -0.0003953071883909977 -0.00024194662239317272 0
leaf_weight=75 20 22 21 31 79 20 33 38 26 47 648 634 83 59 102 70 21
leaf_count=75 20 22 21 31 79 20 33 38 26 47 648 634 83 59 102 70 21
internal_value=0 -6.14339e-06 0.000237395 -1.84459e-05 -0.000189009 0.000488078 1.40419e-05 8.84194e-05 -0.000291271 -4.49025e-05 3.01586e-06 0.000126596 -0.000249837 -0.000401293 -0.00024887 -9.20308e-05 0.000138945
internal_weight=2029 2009 84 1925 322 62 1603 731 59 872 695 672 291 138 177 153 41
internal_count=2029 2009 84 1925 322 62 1603 731 59 872 695 672 291 138 177 153 41
is_linear=0
shrinkage=0.03


Tree=96
num_leaves=31
num_cat=0
split_feature=13 15 23 23 22 15 23 23 19 15 23 24 22 23 23 23 14 15 21 17 23 19 19 19 23 21 23 21 11 14
split_gain=0.00621702 0.00885411 0.00915737 0.0140702 0.00934708 0.0127766 0.0123852 0.00980556 0.00707221 0.00787614 0.0125373 0.00675019 0.00743854 0.0102132 0.00719754 0.00646487 0.0055338 0.00471228 0.00555105 0.00306369 0.00572358 0.00305246 0.00285211 0.00279882 0.00309195 0.00267873 0.00180822 0.00129495 0.00108626 0.000480489
threshold=1.0063646747852422 0.017312175234821654 8.2272000000000016 8.5004000000000008 31.385000228881804 0.012679086911434302 0.5375000000000002 1.7358000000000002 98.600400000000022 0.016219147563021504 1.6777500000000003 49.550000000000004 11.074999809265101 7.148600000000001 2.5551000000000008 1.6705000000000003 0.011162875639057601 0.013010088373979002 0.64500000000000013 -0.0030382528846081996 5.3234000000000012 95.960900000000009 100.12380000000002 101.93900000000001 7.0124500000000003 2.7750000000000004 2.6553500000000008 0.74500000000000011 1.0236266392426321 0.018610067177154455
decision_type=2 2 2 2 2 2 2 2 2 2 2 2 2 2 2 2 2 2 2 2 2 2 2 2 2 2 2 2 2 2
left_child=1 2 4 -4 6 -6 16 -8 9 10 17 15 22 14 -14 -10 -1 18 -2 26 -21 -19 -13 24 -17 -15 -3 -11 -24 -28
right_child=8 19 3 -5 5 -7 7 -9 11 27 -12 12 13 25 -16 23 -18 21 -20 20 -22 -23 28 -25 -26 -27 29 -29 -30 -31
leaf_value=-0.00050472944532909119 -0.00020871854934375732 0.00030138732491865418 -0.00095202510046179991 0 -0.00092832115392333693 0 0.00025901724550352685 2.4905256825745407e-05 0.00037687652828462888 0 0.00065944433017437788 0.00030628340978753466 -0.00020817877645448732 0.00020625860885411384 -0.00059414361578460733 0.00013603105763981089 0 0 0.00027166154126537331 6.7004766277802574e-05 0.00068730055041158118 -0.00044226691283984112 4.6198550644995903e-05 -0.00033333442613925752 -0.00028064382408878632 -0.00014050235010934275 -0.00010518489464071722 -0.00030877914722006564 -0.00017323852404131849 6.2031105000140326e-05
leaf_weight=44 21 21 21 33 20 22 237 610 39 21 37 28 216 47 76 60 51 21 86 41 36 23 20 25 20 25 28 40 32 28
leaf_count=44 21 21 21 33 20 22 237 610 39 21 37 28 216 47 76 60 51 21 86 41 36 23 20 25 20 25 28 40 32 28
internal_value=0 4.33268e-05 8.72518e-06 -0.000363732 3.25591e-05 -0.000391731 5.50532e-05 9.41783e-05 -6.32815e-05 6.27934e-05 0.000167941 -0.00012178 -0.000180991 -0.00024021 -0.000320559 4.00879e-05 -0.000259876 2.42237e-05 0.000148544 0.000255635 0.000400568 -0.000208016 5.10558e-05 -5.90785e-05 0 4.44843e-05 6.89623e-05 -0.000210364 -3.29566e-05 0
internal_weight=2029 1192 1038 54 984 42 942 847 837 249 188 588 444 364 292 144 95 151 107 154 77 44 80 105 80 72 77 61 52 56
internal_count=2029 1192 1038 54 984 42 942 847 837 249 188 588 444 364 292 144 95 151 107 154 77 44 80 105 80 72 77 61 52 56
is_linear=0
shrinkage=0.03


Tree=97
num_leaves=17
num_cat=0
split_feature=11 19 14 20 15 21 21 11 19 21 15 20 20 14 21 2
split_gain=0.00613177 0.00766468 0.0129791 0.00892215 0.0140799 0.00824305 0.0140135 0.00796529 0.00763539 0.00678467 0.009677 0.0143775 0.00479629 0.00355575 0.00532521 1.26643e-05
threshold=1.086996633077473 100.60710000000002 0.0075981909771663013 101.71999740600552 0.0138261508573443 1.8650000000000004 1.635 0.93937491386007499 104.09700000000001 3.9550000000000005 0.021974976331153504 99.194999694824162 96.185001373290959 0.019173894905634602 1.0750000000000004 0.0053371352507240507
decision_type=2 2 2 2 2 2 2 2 2 2 2 2 2 2 2 2
left_child=1 2 12 5 -5 6 -4 -7 9 10 11 -3 -1 14 15 -2
right_child=13 8 3 4 -6 7 -8 -9 -10 -11 -12 -13 -14 -15 -16 -17
leaf_value=0.00065234547806408325 -1.1144628996719664e-05 -3.8542433649587849e-05 0 0.00086977349850750557 0 0.00027588555758462893 0.00035028161460650152 -0.00018904302407445203 0.00050677473844760762 0.00038290243222270095 0.00042689468202391459 -0.0003689984819266223 6.6041701680256198e-06 5.1092008736146522e-05 -0.00042687361239222805 2.0458518128309923e-05
leaf_weight=46 20 733 412 28 25 33 131 237 20 27 30 148 26 22 71 20
leaf_count=46 20 733 412 28 25 33 131 237 20 27 30 148 26 22 71 20
internal_value=0 1.32192e-05 7.53467e-05 3.91142e-05 0.000414254 1.04942e-05 8.11662e-05 -0.00012034 -4.44981e-05 -5.99744e-05 -7.67952e-05 -9.78128e-05 0.000463542 -0.000196748 -0.000272672 0
internal_weight=2029 1896 938 866 53 813 543 270 958 938 911 881 72 133 111 40
internal_count=2029 1896 938 866 53 813 543 270 958 938 911 881 72 133 111 40
is_linear=0
shrinkage=0.03


Tree=98
num_leaves=31
num_cat=0
split_feature=11 19 23 14 20 22 23 15 15 22 19 21 23 21 11 22 20 22 10 15 19 23 22 11 17 22 21 9 14 20
split_gain=0.00574843 0.00730023 0.0153612 0.0218657 0.0131987 0.0129519 0.00827962 0.0173567 0.0121018 0.0107463 0.00982854 0.0100575 0.00803765 0.0124689 0.014179 0.00791163 0.00750144 0.00748843 0.0072055 0.0062786 0.00967652 0.00598696 0.00546699 0.00676881 0.00489888 0.00637387 0.00386737 0.00225961 0.00193361 0.000741269
threshold=1.084062140758707 100.60710000000002 1.5946000000000002 0.011646700804854302 90.784999847412067 20.289999961853002 2.3367000000000004 0.018072348025255553 0.0085296670487468515 27.090000152587852 102.73805000000002 2.3950000000000005 1.3824000000000003 1.8450000000000004 0.93937491386007499 16.595000267028755 98.954998016357365 12.934999942779502 1.0015344393256058 0.014359848208978001 98.693900000000014 2.1111000000000004 20.624999999999954 1.0320495267089227 0.0021864749400713501 24.569999694824151 3.0050000000000003 1.0462049151708377 0.017491788577649502 96.25500106811522
decision_type=2 2 2 2 2 2 2 2 2 2 2 2 2 2 2 2 2 2 2 2 2 2 2 2 2 2 2 2 2 2
left_child=1 2 12 5 -5 16 10 8 -8 -10 11 18 13 17 -15 -6 -4 -1 -3 20 -14 -13 23 -12 25 -2 -9 28 29 -26
right_child=24 6 3 4 15 -7 7 26 9 -11 22 21 19 14 -16 -17 -18 -19 -20 -21 -22 -23 -24 -25 27 -27 -28 -29 -30 -31
leaf_value=-0.00029372971115766895 -0.00059680992100662222 0.0001984770349263732 0.00045276117452315166 -0.00066997258531839837 -8.3932274757696896e-05 0.0011638100784039124 -0.00097141261358878444 0.00039532214753329757 -0.000277274010544482 0.00010359132450600095 0.0005428147556432283 -0.0005444037745891483 -0.00098535182189358334 0.00026785241276957092 -0.00039820742236219657 0.00024083617408402071 0 0.00019303301209194201 -0.00010487201848943522 0 0 -5.5757653102266917e-05 0 0 5.7436723076014968e-05 0 0 -0.00025114777744914007 0.00030920763247247254 -0.00016485030447471546
leaf_weight=27 41 157 115 21 107 23 20 49 256 76 67 45 22 33 106 145 42 238 113 22 22 78 31 28 20 20 37 27 20 21
leaf_count=27 41 157 115 21 107 23 20 49 256 76 67 45 22 33 106 145 42 238 113 22 22 78 31 28 20 20 37 27 20 21
internal_value=0 1.38229e-05 7.51703e-05 0.00020079 1.95547e-05 0.000457461 -4.22301e-05 -0.000139558 -0.000237061 -0.00018103 3.42492e-05 -3.31052e-05 -3.97052e-05 3.47962e-06 -0.000217866 9.12941e-05 0.000328285 0.000131242 6.05312e-05 -0.000344932 -0.000550197 -0.000261673 0.000266559 0.000381119 -0.000179149 -0.000385695 0.000223178 0 6.56907e-05 0
internal_weight=2029 1880 923 453 273 180 957 438 352 332 519 393 470 404 139 252 157 265 270 66 44 123 126 95 149 61 86 88 61 41
internal_count=2029 1880 923 453 273 180 957 438 352 332 519 393 470 404 139 252 157 265 270 66 44 123 126 95 149 61 86 88 61 41
is_linear=0
shrinkage=0.03


Tree=99
num_leaves=31
num_cat=0
split_feature=13 20 20 15 24 24 11 21 19 14 9 21 21 20 24 11 10 9 11 8 23 21 20 10 12 11 23 8 19 21
split_gain=0.00580121 0.00902774 0.0114279 0.00871152 0.00843248 0.0100588 0.0205303 0.0110116 0.0157989 0.00729353 0.00817272 0.00709782 0.0067615 0.00671262 0.00663012 0.0109776 0.00647726 0.00642101 0.00549016 0.00481132 0.00478041 0.00943363 0.00696793 0.00568116 0.00423628 0.00463422 0.00414925 0.00408576 0.00306379 0.00239947
threshold=1.0065028407797654 94.274997711181626 90.975002288818359 0.012438639456129901 49.45000000000001 50.050000000000004 0.93620321621072322 2.2050000000000005 104.05040000000001 0.014893135687670452 1.0185673491443283 2.1750000000000003 1.8350000000000002 98.295001983642564 51.650000000000013 1.0093383133821086 1.0530192500939721 0.96609430917066141 1.0712386221518877 0.99012286355714541 1.9643500000000003 2.1550000000000007 96.145000457763658 1.0080624787363994 1.0014588297353317 0.9746501681258718 0.85785000000000011 0.99654524144477585 98.600400000000022 2.6150000000000007
decision_type=2 2 2 2 2 2 2 2 2 2 2 2 2 2 2 2 2 2 2 2 2 2 2 2 2 2 2 2 2 2
left_child=1 2 3 -1 12 6 17 13 -9 10 20 -8 -3 -7 24 -16 18 -6 28 -14 21 26 -23 -22 25 -4 -2 -11 -12 -21
right_child=9 4 14 -5 5 7 11 8 -10 27 16 -13 19 -15 15 -17 -18 -19 -20 29 23 22 -24 -25 -26 -27 -28 -29 -30 -31
leaf_value=0.00012997427851427345 0.00014746840264544719 0.00068509533692849795 0.00033203719290239472 -0.00046405049355733875 0 0.0001173093405553908 -0.00018193884614455021 -0.00013080917312519787 0.00065822651039343328 0 0.00056585944062389907 -0.00060026727407239372 0.00039162776211742312 0.00066739747103420081 0.00096170784591916275 0 -0.00010445672258562686 0.0005237437211132298 -6.1953206243924792e-05 -0.00015706120487690595 6.353646392498405e-05 0.00067641248910998303 0 -0.00032600662092923164 0.00054079544324821868 -3.3800277054844488e-05 -0.00021697354084078099 -0.00026826293963952067 0.0001756850452612695 0.00014565815157794321
leaf_weight=49 26 23 41 34 31 136 146 295 23 43 39 71 33 29 33 25 66 35 34 53 30 26 26 120 25 80 117 185 117 38
leaf_count=49 26 23 41 34 31 136 146 295 23 43 39 71 33 29 33 25 66 35 34 53 30 26 26 120 25 80 117 185 117 38
internal_value=0 4.15707e-05 0.000188181 -8.02744e-05 -1.38919e-06 -4.46241e-05 -0.000188021 3.34116e-05 -6.24517e-05 -6.15622e-05 -1.57101e-06 -0.000334698 0.000202412 0.000235502 0.000311898 0.000604589 0.000121394 0.000247258 0.00021569 8.41177e-05 -0.000101572 0 0.000338762 -0.000228326 0.000171894 6.72766e-05 -0.000129314 -0.000205899 0.00029532 0
internal_weight=2029 1200 287 83 913 766 283 483 318 829 601 217 147 165 204 58 256 66 190 124 345 195 52 150 146 121 143 228 156 91
internal_count=2029 1200 287 83 913 766 283 483 318 829 601 217 147 165 204 58 256 66 190 124 345 195 52 150 146 121 143 228 156 91
is_linear=0
shrinkage=0.03


Tree=100
num_leaves=31
num_cat=0
split_feature=13 20 20 15 15 21 21 14 22 9 22 20 22 21 9 16 22 5 15 21 20 14 23 1 10 21 19 11 15 8
split_gain=0.00547812 0.00854006 0.0108052 0.00822545 0.00790968 0.0158504 0.0107773 0.00685311 0.0100095 0.00825618 0.00676622 0.00642872 0.00634772 0.00892431 0.00608727 0.00931831 0.00543126 0.00480847 0.0039777 0.00325823 0.0031214 0.00308263 0.00284288 0.00259899 0.00251837 0.00241554 0.00239577 0.00221449 0.00304342 0.00214875
threshold=1.0065028407797654 94.274997711181626 90.975002288818359 0.012438639456129901 0.017414419177783556 1.3350000000000002 2.0350000000000006 0.014893135687670452 15.284999847412053 1.0141543397383139 12.055000305175751 101.7949981689445 21.295000076293906 2.7750000000000004 0.99343552003158975 41.153486131229805 13.010000228881802 -0.005039847759884899 0.014666473338783853 1.5350000000000004 93.319999694824162 0.008330861053501103 7.148600000000001 -0.010983684019758199 1.0530192500939721 3.0050000000000003 98.600400000000022 1.0448106100341921 0.012493881967692551 0.9923849818478917
decision_type=2 2 2 2 2 2 2 2 2 2 2 2 2 2 2 2 2 2 2 2 2 2 2 2 2 2 2 2 2 2
left_child=1 2 3 -1 5 -3 16 8 10 27 20 -8 13 -11 15 -4 -7 -12 26 -16 -2 -22 23 -20 -14 -6 -9 28 -10 -17
right_child=7 4 14 -5 25 6 11 18 9 12 17 -13 24 -15 19 29 -18 -19 22 -21 21 -23 -24 -25 -26 -27 -28 -29 -30 -31
leaf_value=0.00012615303779952227 -0.00022961321282876751 -0.00072499155093602643 0.00050873437542090741 -0.00045052672877375567 0.00034412354716748395 -0.00010697152130623263 -0.00014214380685378738 0.00022044955662983869 0.00024015822176148209 0.00055170768327072333 0 9.6842638285972679e-05 0.00012132150391661975 0 0.00023206581455694202 -0.00021093651490302237 0.00022353502810398886 -0.00037800171799048189 0 0.00073207886460193881 0.00037471312706798525 0 0 -0.00038278027839405693 -0.00023229125588633385 0 -0.00016854908809598002 -0.00020817612609996637 -0.0001125330224604113 7.7823718453146277e-05
leaf_weight=49 33 28 36 34 69 43 422 27 36 78 24 117 78 27 53 42 204 111 20 42 26 64 35 119 20 30 27 57 47 31
leaf_count=49 33 28 36 34 69 43 422 27 36 78 24 117 78 27 53 42 204 111 20 42 26 64 35 119 20 30 27 57 47 31
internal_value=0 4.073e-05 0.00018331 -7.69141e-05 -9.59209e-07 -3.50997e-05 -5.82143e-06 -5.94952e-05 -1.19444e-06 9.97593e-05 -0.000146858 -8.46285e-05 0.000225035 0.000388687 0.000303679 0.000111302 0.000153701 -0.000293001 -0.000199397 0.000489697 0 0.0001057 -0.00026923 -0.000329972 1.72352e-05 0.000247295 0 -6.09216e-05 5.76511e-06 -4.83772e-05
internal_weight=2029 1200 287 83 913 814 786 829 601 343 258 539 203 105 204 109 247 135 228 95 123 90 174 139 98 99 54 140 83 73
internal_count=2029 1200 287 83 913 814 786 829 601 343 258 539 203 105 204 109 247 135 228 95 123 90 174 139 98 99 54 140 83 73
is_linear=0
shrinkage=0.03


Tree=101
num_leaves=17
num_cat=0
split_feature=19 21 21 14 15 24 21 22 14 11 21 20 20 15 10 7
split_gain=0.00535106 0.00523655 0.0102807 0.0101991 0.0086793 0.00744555 0.0165391 0.0164799 0.0120086 0.00744067 0.00999727 0.00606845 0.00763028 0.00739352 0.00349778 0.00180648
threshold=104.09700000000001 3.6500000000000004 2.8450000000000002 0.014893135687670452 0.010461205268614352 50.250000000000007 1.3550000000000002 14.744999885559052 0.013871886956312751 0.92255975073056107 2.9350000000000005 90.784999847412067 98.954998016357365 0.012547247878705552 0.92872114299789477 0.012366926581937701
decision_type=2 2 2 2 2 2 2 2 2 2 2 2 2 2 2 2
left_child=1 2 5 -3 -4 6 8 -8 -1 14 -11 13 -13 -7 -6 -5
right_child=-2 3 4 15 9 11 7 -9 -10 10 -12 12 -14 -15 -16 -17
leaf_value=-0.0011479342424177696 0.00047621577060116192 0.00057820736408466472 0.00019843249720839884 9.5002699576850438e-05 -0.00013629277083756667 2.4284103008135889e-05 -0.0002033635016185404 8.3562834851027485e-05 0 -0.00065153751780532964 -0.00015673490055704745 0.00016712403975560378 -5.3325396911488582e-05 -0.00044297489744792804 0.00035374839789659271 -0.00023750017248900032
leaf_weight=20 20 39 37 20 20 80 279 494 21 65 141 540 166 40 22 25
leaf_count=20 20 39 37 20 20 80 279 494 21 65 141 540 166 40 22 25
internal_value=0 -5.16115e-06 -1.67821e-05 0.000222922 -0.000183368 1.04333e-05 -5.17702e-05 -1.62509e-05 -0.00063368 -0.000252947 -0.000329748 7.53492e-05 0.000111045 -0.000109049 5.28852e-05 -2.5651e-05
internal_weight=2029 2009 1925 84 285 1640 814 773 41 248 206 826 706 120 42 45
internal_count=2029 2009 1925 84 285 1640 814 773 41 248 206 826 706 120 42 45
is_linear=0
shrinkage=0.03


Tree=102
num_leaves=13
num_cat=0
split_feature=23 11 7 22 22 22 23 23 23 15 10 7
split_gain=0.00536703 0.00673959 0.00657916 0.00636276 0.00592741 0.00675507 0.0113181 0.0111772 0.0103536 0.0176451 0.0103869 0.00408137
threshold=8.775800000000002 0.92255975073056107 0.03282663678123756 13.775000095367352 37.264999389648402 18.595000267028755 1.0789000000000002 1.7358000000000002 8.064700000000002 0.014604228515160552 0.99504740409853287 0.018470038850225603
decision_type=2 2 2 2 2 2 2 2 2 2 2 2
left_child=1 2 3 -1 5 6 11 -8 10 -10 -7 -3
right_child=-2 4 -4 -5 -6 8 7 -9 9 -11 -12 -13
leaf_value=0 -0.00045589654505981701 -0.00034933781913553758 -0.00014498181787452524 0.00054064864826278147 -0.00043959520964667066 0.000281024203151024 0.00017742300773204684 -6.5403288876005565e-05 -0.00064257982303140713 0.00011971699098487281 2.3030033179429366e-05 0
leaf_weight=25 22 133 20 58 27 223 222 714 46 53 458 28
leaf_count=25 22 133 20 58 27 223 222 714 46 53 458 28
internal_value=0 4.98835e-06 0.00024098 0.000370316 -6.32301e-06 0 -4.78327e-05 -4.48028e-06 6.75847e-05 -0.000207365 0.0001122 -0.000279767
internal_weight=2029 2007 103 83 1904 1877 1097 936 780 99 681 161
internal_count=2029 2007 103 83 1904 1877 1097 936 780 99 681 161
is_linear=0
shrinkage=0.03


Tree=103
num_leaves=31
num_cat=0
split_feature=13 15 24 21 23 14 11 11 14 22 9 11 22 17 22 17 19 22 5 19 22 15 17 23 15 15 15 19 23 11
split_gain=0.00522434 0.00760665 0.00780738 0.0264774 0.0143784 0.0112727 0.00779206 0.00746473 0.0063861 0.00930467 0.00779972 0.00759545 0.00647134 0.00622498 0.00613407 0.00570666 0.00643386 0.00539159 0.00453727 0.00377165 0.00418383 0.00352581 0.00303673 0.00547969 0.00262738 0.00738596 0.00198188 0.00327012 0.00154946 0.00142375
threshold=1.0065028407797654 0.017312175234821654 50.250000000000007 1.3350000000000002 2.1493000000000007 0.017436994694571304 1.0061309726379015 0.93620321621072322 0.014893135687670452 15.284999847412053 1.0185673491443283 1.0753692247482662 22.760000228881804 -0.00061305409684919991 12.055000305175751 -0.0027363930275783495 99.797050000000013 12.505000114440902 -0.005039847759884899 98.600400000000022 25.569999694824155 0.015875362578722855 -0.0030382528846081996 5.3234000000000012 0.012493881967692551 0.011398937113849402 0.018072348025255553 101.45125000000002 2.6553500000000008 1.0386161546491917
decision_type=2 2 2 2 2 2 2 2 2 2 2 2 2 2 2 2 2 2 2 2 2 2 2 2 2 2 2 2 2 2
left_child=1 2 3 -1 6 7 13 -5 9 14 24 12 -12 -4 29 16 -6 -17 -16 21 26 -10 28 -24 25 -11 27 -21 -3 -2
right_child=8 22 4 5 15 -7 -8 -9 19 10 11 -13 -14 -15 18 17 -18 -19 -20 20 -22 -23 23 -25 -26 -27 -28 -29 -30 -31
leaf_value=-0.0010592806111697269 0.00011111418941055445 0.00027008227164730089 0.00083776853750101128 0.00027841019531684542 0.00013179586407290224 -0.00049065796141180079 4.4697752315551038e-05 -2.4776658074584962e-05 0.0002015384665291224 -0.00011985136763393134 0.00053642087349892132 0 0 9.5276395208202292e-05 0 -0.0001297928759237178 -0.00030932962712739191 0.00020298560402000736 -0.00036407657410200038 -0.00056544430769004273 0 -0.00019513704510704292 4.9220910923655272e-05 0.00064958120499106458 -0.00016656819730798649 0.00035758437845621264 -8.2051397340943694e-05 0 0 -9.012133505095863e-05
leaf_weight=22 62 21 42 84 33 41 54 462 34 65 78 52 26 27 24 51 87 142 111 62 22 45 41 37 76 46 43 22 56 61
leaf_count=22 62 21 42 84 33 41 54 462 34 65 78 52 26 27 24 51 87 142 111 62 22 45 41 37 76 46 43 22 56 61
internal_value=0 3.97263e-05 7.56225e-06 -5.86522e-05 0.000106837 -1.43101e-05 0.000380243 1.68067e-05 -5.81493e-05 -1.67645e-06 9.54535e-05 0.000253283 0.000401282 0.000595597 -0.00014226 0 -0.00016314 9.93696e-05 -0.000281308 -0.000193252 -0.000282215 0 0.000235905 0.0003766 -2.09015e-05 5.26453e-05 -0.00035036 -0.000449833 5.19201e-05 0
internal_weight=2029 1200 1045 609 436 587 123 546 829 601 343 156 104 69 258 313 120 193 135 228 149 79 155 78 187 111 127 84 77 123
internal_count=2029 1200 1045 609 436 587 123 546 829 601 343 156 104 69 258 313 120 193 135 228 149 79 155 78 187 111 127 84 77 123
is_linear=0
shrinkage=0.03


Tree=104
num_leaves=24
num_cat=0
split_feature=19 14 15 11 15 11 19 20 17 17 11 15 14 22 22 22 21 22 21 21 19 20 14
split_gain=0.00504757 0.00510228 0.00729877 0.00925442 0.0077362 0.00642416 0.00862073 0.00861634 0.00743571 0.00983183 0.00634454 0.00541875 0.0126691 0.00724176 0.00475277 0.00645243 0.00454864 0.00437084 0.00424318 0.00410564 0.00400134 0.0016664 0.00120608
threshold=104.09700000000001 0.0085663333084993517 0.008465641009179202 0.98705045475741116 0.010107668198816052 0.98442891025147361 99.797050000000013 94.274997711181626 0.0063347278018871514 -0.00024963518357554995 1.086996633077473 0.0096205342077297518 0.0098769005452450532 17.025000572204554 14.085000038146902 22.194999694824151 2.1100000000000008 14.474999904632552 2.2150000000000003 2.7950000000000004 100.03305000000002 97.204998016357365 0.0067580223949447503
decision_type=2 2 2 2 2 2 2 2 2 2 2 2 2 2 2 2 2 2 2 2 2 2 2
left_child=1 2 16 4 -4 7 14 19 9 -8 17 12 -9 -13 18 -16 21 -5 -7 20 -3 -1 -18
right_child=-2 5 3 10 -6 6 8 11 -10 -11 -12 13 -14 -15 15 -17 22 -19 -20 -21 -22 -23 -24
leaf_value=0 0.0004624419253252979 6.3065870658165823e-05 0.00021069568177419046 0.00015893220959167759 -0.00038192464090668814 -0.00029614160191649986 -0.00026103871086089771 7.8710283651681879e-05 -0.000504131420883394 0 -7.582857095569904e-05 -0.00011080591441090551 -0.00086555428275771973 0.00014014682954098867 0.00020783599985040128 -3.5381534973566882e-05 0 0.00056363981056734675 0 0 0.00064171264422184331 -0.00047294522693444943 0.0002295278492310899
leaf_weight=21 20 33 34 76 38 66 223 20 52 326 20 167 20 247 182 175 20 76 102 21 39 28 23
leaf_count=21 20 33 34 76 38 66 223 20 52 326 20 167 20 247 182 175 20 76 102 21 39 28 23
internal_value=0 -5.08201e-06 9.95255e-05 0.000189898 -6.19276e-05 -2.79301e-05 -7.00587e-05 5.3287e-05 -0.000148037 -0.000107998 0.000312403 0 -0.000329847 3.16651e-05 1.36156e-05 8.0466e-05 -0.000107364 0.000383255 -0.000110326 0.000314723 0.000422092 -0.000315812 6.37676e-05
internal_weight=2029 2009 336 244 72 1673 1126 547 601 549 172 454 40 414 525 357 92 152 168 93 72 49 43
internal_count=2029 2009 336 244 72 1673 1126 547 601 549 172 454 40 414 525 357 92 152 168 93 72 49 43
is_linear=0
shrinkage=0.03


Tree=105
num_leaves=16
num_cat=0
split_feature=23 11 7 22 23 23 22 24 11 22 20 17 17 7 22
split_gain=0.00491445 0.00601067 0.00608481 0.00570516 0.00540442 0.0100043 0.00853162 0.0137247 0.0101162 0.00824174 0.00468327 0.00317315 0.00267162 0.000719207 0.000158766
threshold=8.775800000000002 0.92255975073056107 0.03282663678123756 13.775000095367352 0.67770000000000008 0.85785000000000011 31.385000228881804 50.150000000000013 0.98442891025147361 18.904999732971152 96.829998016357408 0.0023939231524835003 0.0055539052854341507 0.020612171880259902 14.474999904632552
decision_type=2 2 2 2 2 2 2 2 2 2 2 2 2 2 2
left_child=1 2 3 -1 9 11 8 -8 -7 10 14 -6 13 -11 -3
right_child=-2 4 -4 -5 5 6 7 -9 -10 12 -12 -13 -14 -15 -16
leaf_value=0 -0.00043631163002599192 0 -0.00014067124871404042 0.00051393355115443085 0.00072059645653580839 0.00013861447391065986 -0.00085838477874899076 4.9206702620722349e-05 -3.2906210803643651e-05 0.0002651777903578477 -0.00068736584166831827 1.9610234509772529e-05 -0.00017159248158895934 0 -0.00015340011905494102
leaf_weight=25 22 20 20 58 22 407 26 21 1252 29 33 21 31 20 22
leaf_count=25 22 20 20 58 22 407 26 21 1252 29 33 21 31 20 22
internal_value=0 4.70976e-06 0.000227616 0.000352692 -5.88705e-06 7.56259e-06 -2.20892e-06 -0.000397788 7.42363e-06 -0.000175957 -0.000401435 0.000454662 7.37604e-07 0.000171014 -9.62479e-05
internal_weight=2029 2007 103 83 1904 1749 1706 47 1659 155 75 43 80 49 42
internal_count=2029 2007 103 83 1904 1749 1706 47 1659 155 75 43 80 49 42
is_linear=0
shrinkage=0.03


Tree=106
num_leaves=31
num_cat=0
split_feature=13 20 20 24 24 11 22 24 22 14 15 18 24 11 20 14 22 9 11 22 22 9 5 12 22 15 10 20 17 24
split_gain=0.00488547 0.00754658 0.00947134 0.00793474 0.0088117 0.0172487 0.00939768 0.00873662 0.00867676 0.00738512 0.00713696 0.00648975 0.00599647 0.00955256 0.00595008 0.00578902 0.00839609 0.00732448 0.00705136 0.00603514 0.00565196 0.00562543 0.00426707 0.003876 0.00447514 0.00357752 0.00328636 0.00288209 0.00328665 0.00282036
threshold=1.0065028407797654 94.274997711181626 90.975002288818359 49.45000000000001 50.050000000000004 0.93620321621072322 29.465000152587852 51.750000000000007 13.944999694824203 0.014877252785595851 0.012438639456129901 0.60104624169630416 51.650000000000013 1.0093383133821086 109.02500152587852 0.014893135687670452 15.284999847412053 1.0185673491443283 1.0753692247482662 22.760000228881804 12.055000305175751 0.96609430917066141 -0.005039847759884899 1.0014588297353317 20.960000038146905 0.014666473338783853 1.0015344393256058 93.319999694824162 0.0032560601441014507 50.600000000000001
decision_type=2 2 2 2 2 2 2 2 2 2 2 2 2 2 2 2 2 2 2 2 2 2 2 2 2 2 2 2 2 2
left_child=1 2 10 8 5 21 -7 11 -3 -9 -1 -6 23 -14 26 16 20 -18 19 -19 27 -5 -22 24 -4 29 -10 -2 -29 -17
right_child=15 3 12 4 7 6 -8 9 14 -11 -12 -13 13 -15 -16 25 17 18 -20 -21 22 -23 -24 -25 -26 -27 -28 28 -30 -31
leaf_value=0.00011677291750442236 -0.00022352603227644818 -8.5165804408238819e-05 -3.1667216537386871e-05 0 -5.1848673414796185e-05 -0.00021502626252276966 -0.00087708672227907098 -0.00048871159835834981 0.00060379377093020101 1.6103430136406255e-05 -0.00041903901247839843 0.00018593218667313543 0.00089612657061832789 0 0 -0.00023322562911463053 -2.2747354233247957e-05 0.0005160801468293264 0 0 0 0.0004799045391264372 -0.00034998171168704824 0.00050152296083111792 0.00035373318342574162 -0.00025137996701457137 0 0.00024570813230537849 -8.4914790842049109e-05 0.00019864651348496621
leaf_weight=49 33 48 88 31 145 191 26 47 58 34 34 257 33 25 21 21 187 78 52 26 24 35 111 25 33 174 20 59 31 33
leaf_count=49 33 48 88 31 145 191 26 47 58 34 34 257 33 25 21 21 187 78 52 26 24 35 111 25 33 174 20 59 31 33
internal_value=0 3.83367e-05 0.000172368 -6.5584e-07 -4.27034e-05 -0.00017697 -0.000311772 2.99712e-05 0.000196987 -0.000242616 -6.93776e-05 9.28055e-05 0.000285217 0.000563075 0.000363272 -5.63103e-05 -2.27425e-06 8.97049e-05 0.000242898 0.000385562 -0.000136014 0.000219505 -0.000269507 0.000151348 5.08897e-05 -0.000185015 0.000484595 0 9.91782e-05 0
internal_weight=2029 1200 287 913 766 283 217 483 147 81 83 402 204 58 99 829 601 343 156 104 258 66 135 146 121 228 78 123 90 54
internal_count=2029 1200 287 913 766 283 217 483 147 81 83 402 204 58 99 829 601 343 156 104 258 66 135 146 121 228 78 123 90 54
is_linear=0
shrinkage=0.03


end of trees

feature_importances:
CPI_Inflation=344
Global_Industrial_Production_Index=261
Rolling_Std_20=242
VIX=238
US_10Y_Yield=233
China_PMI=199
Close_to_MA_50=196
USD_Index=178
Rolling_Std_10=146
MACD_Pct=109
Close_to_MA_20=67
Close_to_EMA_20=55
RSI_14=51
Volume_to_MA_10=51
Daily_Range_Pct=33
Close_to_MA_10=30
Close_to_EMA_10=19
Return=10
Close_to_MA_5=8
Ret_Lag_5=7
Ret_Lag_3=6
Ret_Lag_2=5
Ret_Lag_10=4
Log_Return=3
Ret_Lag_1=2

parameters:
[boosting: gbdt]
[objective: regression]
[metric: l2]
[tree_learner: serial]
[device_type: cpu]
[data_sample_strategy: bagging]
[data: ]
[valid: ]
[num_iterations: 200]
[learning_rate: 0.03]
[num_leaves: 31]
[num_threads: 20]
[seed: 42]
[deterministic: 0]
[force_col_wise: 0]
[force_row_wise: 0]
[histogram_pool_size: -1]
[max_depth: 6]
[min_data_in_leaf: 20]
[min_sum_hessian_in_leaf: 0.001]
[bagging_fraction: 0.8]
[pos_bagging_fraction: 1]
[neg_bagging_fraction: 1]
[bagging_freq: 0]
[bagging_seed: 400]
[bagging_by_query: 0]
[feature_fraction: 0.8]
[feature_fraction_bynode: 1]
[feature_fraction_seed: 30056]
[extra_trees: 0]
[extra_seed: 12879]
[early_stopping_round: 0]
[early_stopping_min_delta: 0]
[first_metric_only: 0]
[max_delta_step: 0]
[lambda_l1: 0.1]
[lambda_l2: 1]
[linear_lambda: 0]
[min_gain_to_split: 0]
[drop_rate: 0.1]
[max_drop: 50]
[skip_drop: 0.5]
[xgboost_dart_mode: 0]
[uniform_drop: 0]
[drop_seed: 17869]
[top_rate: 0.2]
[other_rate: 0.1]
[min_data_per_group: 100]
[max_cat_threshold: 32]
[cat_l2: 10]
[cat_smooth: 10]
[max_cat_to_onehot: 4]
[top_k: 20]
[monotone_constraints: ]
[monotone_constraints_method: basic]
[monotone_penalty: 0]
[feature_contri: ]
[forcedsplits_filename: ]
[refit_decay_rate: 0.9]
[cegb_tradeoff: 1]
[cegb_penalty_split: 0]
[cegb_penalty_feature_lazy: ]
[cegb_penalty_feature_coupled: ]
[path_smooth: 0]
[interaction_constraints: ]
[verbosity: -1]
[saved_feature_importance_type: 0]
[use_quantized_grad: 0]
[num_grad_quant_bins: 4]
[quant_train_renew_leaf: 0]
[stochastic_rounding: 1]
[linear_tree: 0]
[max_bin: 255]
[max_bin_by_feature: ]
[min_data_in_bin: 3]
[bin_construct_sample_cnt: 200000]
[data_random_seed: 175]
[is_enable_sparse: 1]
[enable_bundle: 1]
[use_missing: 1]
[zero_as_missing: 0]
[feature_pre_filter: 1]
[pre_partition: 0]
[two_round: 0]
[header: 0]
[label_column: ]
[weight_column: ]
[group_column: ]
[ignore_column: ]
[categorical_feature: ]
[forcedbins_filename: ]
[precise_float_parser: 0]
[parser_config_file: ]
[objective_seed: 16083]
[num_class: 1]
[is_unbalance: 0]
[scale_pos_weight: 1]
[sigmoid: 1]
[boost_from_average: 1]
[reg_sqrt: 0]
[alpha: 0.9]
[fair_c: 1]
[poisson_max_delta_step: 0.7]
[tweedie_variance_power: 1.5]
[lambdarank_truncation_level: 30]
[lambdarank_norm: 1]
[label_gain: ]
[lambdarank_position_bias_regularization: 0]
[eval_at: ]
[multi_error_top_k: 1]
[auc_mu_weights: ]
[num_machines: 1]
[local_listen_port: 12400]
[time_out: 120]
[machine_list_filename: ]
[machines: ]
[gpu_platform_id: -1]
[gpu_device_id: -1]
[gpu_device_id_list: ]
[gpu_use_dp: 0]
[num_gpu: 1]

end of parameters

pandas_categorical:[]
