tree
version=v4
num_class=1
num_tree_per_iteration=1
label_index=0
max_feature_idx=24
objective=regression
feature_names=Return Log_Return Ret_Lag_1 Ret_Lag_2 Ret_Lag_3 Ret_Lag_5 Ret_Lag_10 Daily_Range_Pct Close_to_MA_5 Close_to_MA_10 Close_to_MA_20 Close_to_MA_50 Close_to_EMA_10 Close_to_EMA_20 Rolling_Std_10 Rolling_Std_20 RSI_14 MACD_Pct Volume_to_MA_10 Global_Industrial_Production_Index USD_Index US_10Y_Yield VIX CPI_Inflation China_PMI
feature_infos=[-0.066940172742521994:0.074641947929079799] [-0.069285956656344794:0.071987534405050499] [-0.066940172742521994:0.074641947929079799] [-0.066940172742521994:0.074641947929079799] [-0.066940172742521994:0.074641947929079799] [-0.066940172742521994:0.074641947929079799] [-0.066940172742521994:0.074641947929079799] [0:0.092802595159413206] [0.91318316788809784:1.0730283848102866] [0.87986156167578455:1.1066018538739253] [0.85692473313438489:1.1552927409995728] [0.79659082927529956:1.1777746655552006] [0.89466740749189477:1.0920323555297982] [0.8686804240890813:1.1281657463110899] [0.0024529130098374001:0.036179077589099801] [0.0057965333731078003:0.029331550672483601] [13.140122716746744:90.832403572489085] [-0.0188041687703022:0.016289486570868299] [0.030548428479792201:9.6792988700484308] [84.561899999999994:104.10039999999999] [88.589996337890597:114.11000061035099] [0.52000000000000002:4.25] [9.1400003433227504:82.690002441406193] [0.0088000000000000005:8.9794] [48:52.600000000000001]
tree_sizes=2004 1659 2224 2085 2302 2034 1705 1718 2123 2132 2814 2100 2336 2356 2872 2280 2890 2068 2862 2442 2768 2331 2133 2861 2408 1832 2894 2680 1731 2370 2817 1814 2799 1727 1891 1653 1713 2857 2530 1766 1833 2884 2671 2744 1597 2879 2319 2839 2916 1766 2834 1221 2832 1315 2827 1243 2880 2826 1496 1139 2911 2774 1108 2924 1642 2923 1712 1047 2840 1803 2431 1530 1688 1836 1453 2749 1337 2887

Tree=0
num_leaves=21
num_cat=0
split_feature=19 19 19 16 15 15 24 21 15 15 21 15 21 8 17 18 13 20 2 3
split_gain=0.0745526 0.0263361 0.032198 0.0361073 0.0590841 0.028875 0.0264103 0.0233167 0.0196064 0.0149179 0.0274242 0.0137058 0.0133445 0.0112731 0.0110094 0.0104562 0.010116 0.00370896 0.00344055 0.00138986
threshold=97.244700000000009 97.858700000000013 98.805550000000011 55.288539900540478 0.019602230350724854 0.014482850586202351 50.350000000000001 2.2450000000000006 0.015875362578722855 0.012493881967692551 0.64500000000000013 0.013289135382049202 2.8450000000000002 0.99264162726002714 0.0070854226289785516 0.54668294559868003 1.0113631990861969 92.524997711181626 -0.0026860905211202493 0.0050602220385867506
decision_type=2 2 2 2 2 2 2 2 2 2 2 2 2 2 2 2 2 2 2 2
left_child=9 -2 6 4 7 12 11 -4 15 10 -1 -3 -5 -6 -7 -8 -11 -12 -10 -18
right_child=1 2 3 5 13 14 8 -9 18 16 17 -13 -14 -15 -16 -17 19 -19 -20 -21
leaf_value=0.001971202469855402 0.00089749988320260996 0.0020633946532321577 0.0020586094636723434 0.0019224280745090765 0.0022681001200296892 0.0014819088579997373 0.0020391442498458286 0.0017822410146457459 0.0021393911863519968 0.0025598577720879713 0.003618599155267699 0.0012447216384549771 0.0014102638090301672 0.0032417537874147575 0.00070002037872660149 0.0027802498419239731 0.0021322914049649801 0.0027489740070720764 0.0016420826427986529 0.0018464107967072637
leaf_weight=23 22 39 493 244 31 88 32 594 21 50 25 27 61 34 32 100 28 37 22 31
leaf_count=23 22 39 493 244 31 88 32 594 21 50 25 27 61 34 32 100 28 37 22 31
internal_value=0.0019712 0.00191212 0.00192663 0.00187582 0.00196575 0.00163969 0.00224572 0.00191031 0.00244328 0.002529 0.00284411 0.00176741 0.00180869 0.00283438 0.00123983 0.00262501 0.00225029 0.00316783 0.00195144 0.0019712
internal_weight=2034 1840 1818 1577 1152 425 241 1087 175 194 85 66 305 65 120 132 109 62 43 59
internal_count=2034 1840 1818 1577 1152 425 241 1087 175 194 85 66 305 65 120 132 109 62 43 59
is_linear=0
shrinkage=1


Tree=1
num_leaves=17
num_cat=0
split_feature=23 19 23 22 19 14 13 19 22 14 23 14 21 13 21 17
split_gain=0.099038 0.0646374 0.0304347 0.0310222 0.0294656 0.0413565 0.0317385 0.0395486 0.0352506 0.0142467 0.00639637 0.00528848 0.00468374 0.0109336 0.00163453 0.00151539
threshold=8.775800000000002 97.244700000000009 0.5375000000000002 23.460000038146905 98.329350000000019 0.013831816115274653 0.99742459757053148 98.356050000000025 19.345000267028755 0.0095254706721229019 1.3824000000000003 0.0115462892947893 2.1250000000000004 0.96840161062994423 0.78500000000000014 0.0056601623652581005
decision_type=2 2 2 2 2 2 2 2 2 2 2 2 2 2 2 2
left_child=1 9 3 12 5 -4 8 -8 -6 14 11 -11 -3 -14 -1 -13
right_child=-2 2 4 -5 6 -7 7 -9 -10 10 -12 15 13 -15 -16 -17
leaf_value=0.00053264296512563962 -0.0019573522212550688 -0.00010353796621379644 -0.0015492399215268401 0.00048967891829934987 1.7318082555250528e-05 0.00014111279722835333 0.0011273989700357958 -0.00012267179385352565 0.00047095626319108207 2.1135333541678841e-05 0 0.00068318058323597398 -0.0003585819439303645 -0.0011775089297443627 0.0014192545641721647 0.00011970198227624808
leaf_weight=21 22 22 25 21 466 20 22 913 241 31 32 69 46 42 21 20
leaf_count=21 22 22 25 21 466 20 22 913 241 31 32 69 46 42 21 20
internal_value=0 2.24661e-05 -3.16352e-05 -0.000470414 9.18393e-07 -0.000746019 2.36562e-05 -8.88802e-05 0.000176637 0.000542403 0.000371417 0.000471179 -0.000683492 -0.00079198 0.00106841 0.000592626
internal_weight=2034 2012 1818 131 1687 45 1642 935 707 194 152 120 110 88 42 89
internal_count=2034 2012 1818 131 1687 45 1642 935 707 194 152 120 110 88 42 89
is_linear=0
shrinkage=0.03


Tree=2
num_leaves=24
num_cat=0
split_feature=23 22 23 19 14 23 11 19 23 15 11 22 20 17 22 11 15 11 19 19 11 14 23
split_gain=0.0934526 0.0614481 0.0356415 0.0381585 0.0351247 0.0327545 0.0245429 0.0230516 0.0193528 0.0307083 0.0441577 0.0332491 0.0183134 0.0174899 0.0149699 0.0167285 0.00901921 0.00867524 0.00817304 0.0069338 0.00632734 0.00361193 0.000719393
threshold=8.775800000000002 18.319999694824155 1.0789000000000002 98.853950000000012 0.0083477709847365519 2.4561000000000006 1.034451061364851 100.42605000000002 1.3471000000000002 0.017765102101412102 1.024757145788715 33.190000534057553 92.954998016357365 0.0057575010280434009 16.144999504089302 1.0062869070094769 0.011424220456581652 0.91774244246578551 99.481550000000013 98.882750000000016 0.97253694430076243 0.006702713747128301 0.21195000000000003
decision_type=2 2 2 2 2 2 2 2 2 2 2 2 2 2 2 2 2 2 2 2 2 2 2
left_child=1 2 17 14 7 12 -7 -3 13 11 -11 -10 -5 16 15 -4 -6 -1 20 -15 -19 -9 -20
right_child=-2 4 3 5 8 6 -8 21 9 10 -12 -13 -14 19 -16 -17 -18 18 22 -21 -22 -23 -24
leaf_value=0 -0.0019011847789439816 0.0013037888310703468 0.00076626859051997164 -0.00046099637751831319 7.9883843620741062e-05 -0.00026939258826806666 -0.0011581090191580554 0 -1.3966697829115322e-05 0.00085994439295541784 -0.0001452454250509618 -0.0011747598899528385 6.477658040201328e-05 0.00014779661585473351 0.001029492117324844 0 0.00061112875047846025 0 -0.00055723232096687966 -0.00051663952982863002 -0.00048995924268989519 0.00047433572352331672 -0.0011870052762928283
leaf_weight=30 22 42 33 67 53 203 36 20 385 85 64 23 483 26 29 79 150 25 38 22 72 20 27
leaf_count=30 22 42 33 67 53 203 36 20 385 85 64 23 483 26 29 79 150 25 38 22 72 20 27
internal_value=0 2.19937e-05 -0.000123949 -4.33588e-05 0.00020928 -0.000127597 -0.000420026 0.000805268 0.000144167 3.92991e-05 0.000410095 -8.94508e-05 0 0.000363897 0.000404472 0.000208409 0.000488207 -0.000496517 -0.000582926 -9.98408e-05 -0.000347436 0.000189617 -0.000878306
internal_weight=2034 2012 1122 930 890 789 239 82 808 557 149 408 550 251 141 112 203 192 162 48 97 40 65
internal_count=2034 2012 1122 930 890 789 239 82 808 557 149 408 550 251 141 112 203 192 162 48 97 40 65
is_linear=0
shrinkage=0.03


Tree=3
num_leaves=22
num_cat=0
split_feature=19 19 19 10 15 24 21 15 15 21 15 10 15 18 9 20 9 20 2 20 15
split_gain=0.0634025 0.0235928 0.0288584 0.035476 0.0575577 0.0232286 0.0213173 0.0177841 0.0132386 0.0248364 0.0122698 0.0106187 0.0100424 0.00951873 0.00841159 0.00548858 0.00469708 0.00384339 0.00316756 0.00189473 0.00103262
threshold=97.244700000000009 97.858700000000013 98.805550000000011 1.0271389310503267 0.019602230350724854 50.350000000000001 2.2450000000000006 0.015875362578722855 0.012493881967692551 0.64500000000000013 0.013289135382049202 1.0092077718440384 0.015301799252968552 0.54668294559868003 0.98566220956888528 104.47000122070251 1.0223713158817602 92.524997711181626 -0.0026860905211202493 96.615001678466768 0.017133296139131903
decision_type=2 2 2 2 2 2 2 2 2 2 2 2 2 2 2 2 2 2 2 2 2
left_child=8 -2 5 4 6 10 -4 13 9 -1 -3 -10 16 -7 -6 -14 -5 -11 -9 20 -13
right_child=1 2 3 12 14 7 -8 18 11 17 -12 19 15 -15 -16 -17 -18 -19 -20 -21 -22
leaf_value=0 -0.0010148268463494987 9.2044184810947621e-05 5.7352775122623553e-05 -0.00043919428256506624 0.0003145131909477641 5.715294876559213e-05 -0.00018564144770716304 0.00015812893379056319 0.0006494038250082387 0.0015603335412362447 -0.00068130397319535933 -0.00025423530086741915 -0.00088256966301144928 0.00076815574824300561 0.001197880077787808 -0.00012414408931964198 -4.9868804186855147e-05 0.000709858075544042 -0.00031732367082250952 0.00019978691004871507 0
leaf_weight=23 22 39 577 69 31 32 703 21 38 25 27 20 60 100 34 22 81 37 22 31 20
leaf_count=23 22 39 577 69 31 32 703 21 38 25 27 20 60 100 34 22 81 37 22 31 20
internal_value=0 -5.44063e-05 -4.05832e-05 -8.87683e-05 -2.71556e-05 0.000261386 -7.3803e-05 0.000446876 0.000514472 0.000811523 -0.000184996 0.000250281 -0.000431437 0.000620074 0.000833185 -0.000719181 -0.000250549 0.00111973 -1.86275e-05 0 -0.00010217
internal_weight=2034 1840 1818 1577 1345 241 1280 175 194 85 66 109 232 132 65 82 150 62 43 71 40
internal_count=2034 1840 1818 1577 1345 241 1280 175 194 85 66 109 232 132 65 82 150 62 43 71 40
is_linear=0
shrinkage=0.03


Tree=4
num_leaves=25
num_cat=0
split_feature=23 22 23 21 23 13 24 7 22 24 11 18 11 13 20 18 18 8 24 10 10 21 20 22
split_gain=0.087282 0.0567146 0.033364 0.0322117 0.0273784 0.0261877 0.0435285 0.0212997 0.0240712 0.0202307 0.0185175 0.0159597 0.0147856 0.0130413 0.0129556 0.0118091 0.0105982 0.00995036 0.00856016 0.0112364 0.00777498 0.00807143 0.00536636 0.0016269
threshold=8.775800000000002 18.319999694824155 1.0789000000000002 2.1750000000000003 1.7358000000000002 1.0128335231136456 49.350000000000001 0.019882282908803801 36.079999923706005 51.250000000000007 0.99296306339589047 0.36890804655666448 1.0324673930111912 1.0263460346674134 90.334999084472614 0.44178084618802788 0.24871230252065649 1.0178358821518796 50.350000000000001 1.0101003994258935 0.97338482086208133 2.2550000000000003 98.295001983642564 21.095000267028755
decision_type=2 2 2 2 2 2 2 2 2 2 2 2 2 2 2 2 2 2 2 2 2 2 2 2
left_child=1 2 15 7 18 6 -5 14 13 11 -8 -6 -11 -9 -3 -1 -16 23 19 -4 21 -17 -20 -7
right_child=-2 3 4 5 9 17 10 8 -10 12 -12 -13 -14 -15 16 20 -18 -19 22 -21 -22 -23 -24 -25
leaf_value=0 -0.0018374091456846698 -5.4914325801655643e-05 0.00039642569066627938 0.0012184193231281823 0.00012957193952105523 -0.00030506245081778619 0.00018298795491526022 0.00042606586392956791 -0.00090981425664254597 0.00013599290792933768 -0.00037155808524440097 -0.00039813477919542489 -0.00027287797682765808 -0.00024864599482283335 0 0 0.00057103615903107078 0 0.00026556783097236538 -0.00018512130484853501 -0.00080132780299231588 -0.00060558948885988098 0.00089922794091515238 -0.00091129937173137741
leaf_weight=38 22 29 50 29 53 30 171 76 20 269 78 279 111 32 35 34 322 38 78 66 88 32 24 30
leaf_count=38 22 29 50 29 53 30 171 76 20 269 78 279 111 32 35 34 322 38 78 66 88 32 24 30
internal_value=0 2.11933e-05 -0.000118949 0.000201169 -4.087e-05 -2.08412e-06 0.000138614 0.000355394 0 -0.000133696 0 -0.000304747 8.28281e-06 0.000198181 0.000466491 -0.00047943 0.000517261 -0.00042888 0.000247832 4.11503e-05 -0.000595628 -0.00026872 0.000451073 -0.000667331
internal_weight=2034 2012 1122 890 930 376 278 514 128 712 249 332 380 108 386 192 357 98 218 116 154 66 102 60
internal_count=2034 2012 1122 890 930 376 278 514 128 712 249 332 380 108 386 192 357 98 218 116 154 66 102 60
is_linear=0
shrinkage=0.03


Tree=5
num_leaves=22
num_cat=0
split_feature=23 22 14 23 19 23 18 16 19 23 11 11 19 19 22 22 11 18 10 14 4
split_gain=0.0823297 0.0532064 0.0319083 0.0314809 0.0325342 0.0302069 0.0287057 0.0382561 0.0317682 0.0242645 0.023619 0.0225654 0.021831 0.0202052 0.0152075 0.0142536 0.0155377 0.0111229 0.00723965 0.00336216 0.000951749
threshold=8.775800000000002 18.319999694824155 0.0083477709847365519 1.0789000000000002 98.853950000000012 2.4561000000000006 0.38243504772803755 52.434660133333303 100.60710000000002 1.4908000000000003 0.96424846430492661 1.034451061364851 101.43405000000001 100.42605000000002 9.6599998474121076 16.144999504089302 1.0062869070094769 0.44178084618802788 0.97338482086208133 0.006702713747128301 0.0018589188889593501
decision_type=2 2 2 2 2 2 2 2 2 2 2 2 2 2 2 2 2 2 2 2 2
left_child=1 3 13 17 15 14 9 12 -9 20 -11 -7 -8 -3 -6 16 -5 -1 -19 -15 -4
right_child=-2 2 6 4 5 11 7 8 -10 10 -12 -13 -14 19 -16 -17 -18 18 -20 -21 -22
leaf_value=0 -0.001784683468002502 0.0012310232170207728 0 0.00072237858577949845 0.00069919201659245631 -0.00025311839894429262 0.00055220922888147466 0.00017463127924684954 -0.00047695172938053761 -0.001337631891220808 -0.00019470178509596735 -0.0011065044756978749 0 0 -3.0465895791005874e-05 0.0009815566972596571 -1.1546090523916062e-05 -0.00026004268950087701 -0.00077755808460609874 0.00045551091246306898 0.00047814264080741194
leaf_weight=38 22 42 20 33 26 203 279 216 96 24 74 36 78 20 524 29 79 66 88 20 21
leaf_count=38 22 42 20 33 26 203 279 216 96 24 74 36 78 20 524 29 79 66 88 20 21
internal_value=0 2.04221e-05 0.000194784 -0.000115265 -3.93226e-05 -0.000117333 0.000132546 0.000216469 -1.71544e-05 -0.000248604 -0.00051559 -0.000398237 0.000428502 0.000762918 0 0.00037383 0.00018263 -0.000465457 -0.000578229 0.0001802 0.000315212
internal_weight=2034 2012 890 1122 930 789 808 669 312 139 98 239 357 82 550 141 112 192 154 40 41
internal_count=2034 2012 890 1122 930 789 808 669 312 139 98 239 357 82 550 141 112 192 154 40 41
is_linear=0
shrinkage=0.03


Tree=6
num_leaves=18
num_cat=0
split_feature=23 19 23 19 16 15 23 7 15 20 20 13 11 15 4 8 3
split_gain=0.0776622 0.049571 0.0257431 0.0247689 0.0306606 0.030274 0.0300106 0.0156405 0.0120828 0.0188669 0.0119201 0.00894154 0.00324285 0.00210438 0.00202777 0.00149907 0.00115638
threshold=8.775800000000002 97.244700000000009 0.5375000000000002 97.858700000000013 50.137965392052458 0.019602230350724854 1.9643500000000003 0.017169126133212701 0.012493881967692551 92.524997711181626 96.645000457763658 1.0066769257325612 0.92282305169170786 0.015076140770187601 -0.0079052510462690982 1.0125248183057496 0.0089806116257654025
decision_type=2 2 2 2 2 2 2 2 2 2 2 2 2 2 2 2 2
left_child=1 8 7 -4 5 -5 -6 12 9 -1 -11 -10 -3 -9 -14 16 -13
right_child=-2 2 3 4 6 -7 -8 13 11 10 -12 15 14 -15 -16 -17 -18
leaf_value=0.0014845526971710987 -0.0017334708445604242 -0.00010687615635937877 -0.00097322500100278334 0.00011030304299381816 0.00011470406281115874 0.0010163464535726233 -0.00024047357294068098 -0.00017743045327785824 0.000573192291053313 0 0.0008426779877128346 0.00027180568064036576 -0.00024139865913561413 0.00022664452885510399 -0.00092458609991459811 -0.00015706050970662285 0
leaf_weight=25 22 20 22 746 338 35 546 20 40 33 27 22 20 23 48 27 20
leaf_count=25 22 20 22 746 338 35 546 20 40 33 27 22 20 23 48 27 20
internal_value=0 1.97195e-05 -2.7465e-05 2.33786e-06 1.76053e-05 0.000155991 -0.000101304 -0.000431099 0.000475149 0.000758486 0.000387401 0.000222039 -0.000658635 0 -0.000773538 0 0.000123746
internal_weight=2034 2012 1818 1687 1665 781 884 131 194 85 60 109 88 43 68 69 42
internal_count=2034 2012 1818 1687 1665 781 884 131 194 85 60 109 88 43 68 69 42
is_linear=0
shrinkage=0.03


Tree=7
num_leaves=18
num_cat=0
split_feature=23 19 23 19 16 15 23 21 15 21 10 10 14 10 14 13 21
split_gain=0.073268 0.0468975 0.024416 0.0233709 0.0288668 0.0285108 0.0282604 0.0169869 0.0113788 0.0221614 0.00950388 0.00598998 0.0116202 0.00130529 0.00113331 0.000614265 0.000359676
threshold=8.775800000000002 97.244700000000009 0.5375000000000002 97.858700000000013 50.137965392052458 0.019602230350724854 1.9643500000000003 2.2350000000000008 0.012493881967692551 0.64500000000000013 1.0092077718440384 1.0032044175672439 0.0148794524603375 1.0361452349821494 0.015310976704375902 0.96090954399807194 0.85500000000000009
decision_type=2 2 2 2 2 2 2 2 2 2 2 2 2 2 2 2 2
left_child=1 8 7 -4 5 -5 -6 11 9 -1 -10 12 -3 14 -12 -9 -11
right_child=-2 2 3 4 6 -7 -8 15 10 16 13 -13 -14 -15 -16 -17 -18
leaf_value=0 -0.0016837277062409354 -0.00030011496516979406 -0.00094529768524934414 0.00010699838152995434 0.00011127309304488454 0.00098670303577091533 -0.00023327255363440863 -0.00030759739555235552 0.00059167274400869451 0.00063881410696459086 0 -0.00050599831369306362 0.00056398875162435257 -0.00017829247519694037 0.00024694939817709378 -0.00094852956603621913 0.0013148189227307034
leaf_weight=23 22 26 22 746 338 35 546 20 38 32 26 20 25 22 23 40 30
leaf_count=23 22 26 22 746 338 35 546 20 38 32 26 20 25 22 23 40 30
internal_value=0 1.91417e-05 -2.67102e-05 2.26821e-06 1.71492e-05 0.000151469 -9.81678e-05 -0.000419808 0.000462144 0.000737603 0.000215312 -5.64633e-05 6.84731e-05 0 9.41951e-05 -0.000792611 0.00102921
internal_weight=2034 2012 1818 1687 1665 781 884 131 194 85 109 71 51 71 49 60 62
internal_count=2034 2012 1818 1687 1665 781 884 131 194 85 109 71 51 71 49 60 62
is_linear=0
shrinkage=0.03


Tree=8
num_leaves=23
num_cat=0
split_feature=23 22 14 23 19 23 18 11 19 23 11 15 11 19 20 22 11 18 11 23 14 4
split_gain=0.0691194 0.0478508 0.0285717 0.0281897 0.0307963 0.0281779 0.0263192 0.0287289 0.0320736 0.022292 0.0225536 0.0204925 0.0203868 0.0175703 0.01686 0.0135271 0.0143608 0.00999503 0.00500291 0.00479662 0.00317879 0.000885985
threshold=8.775800000000002 18.319999694824155 0.0083477709847365519 1.0789000000000002 98.853950000000012 2.4561000000000006 0.38243504772803755 0.99512159251524823 101.0665 1.4908000000000003 0.96424846430492661 0.014068668305310502 1.034451061364851 100.42605000000002 92.954998016357365 16.144999504089302 1.0062869070094769 0.44178084618802788 0.91774244246578551 1.0261000000000002 0.006702713747128301 0.0018589188889593501
decision_type=2 2 2 2 2 2 2 2 2 2 2 2 2 2 2 2 2 2 2 2 2 2
left_child=1 3 13 17 15 14 9 11 -9 21 -11 -8 -7 -3 -6 16 -5 -1 -19 -20 -15 -4
right_child=-2 2 6 4 5 12 7 8 -10 10 -12 -13 -14 20 -16 -17 -18 18 19 -21 -22 -23
leaf_value=0 -0.0016354120342749292 0.0011600625740613266 0 0.00069556583129622813 -0.00043778280030614151 -0.00024621428540558553 9.5134646126202185e-05 0.00018546164732873908 -0.00045670241999720343 -0.0012989801274798807 -0.00018186915600905195 0.00068053644764643417 -0.0010603782756228907 0 6.6517891054810043e-05 0.00095642977054230874 -8.4425920762441792e-06 0 -0.00075348762134090066 -0.00019918338641965468 0.00044023654237389568 0.00045446718410080807
leaf_weight=38 22 42 20 33 67 203 104 326 87 24 74 152 36 20 483 29 79 23 94 37 20 21
leaf_count=38 22 42 20 33 67 203 104 326 87 24 74 152 36 20 483 29 79 23 94 37 20 21
internal_value=0 1.85454e-05 0.000183973 -0.000110052 -3.79909e-05 -0.00011397 0.000124841 0.000205324 4.21646e-05 -0.00023979 -0.000496108 0.000455686 -0.000385257 0.000721969 0 0.00036385 0.00017676 -0.000441548 -0.00054845 -0.000622351 0.000171725 0.000298668
internal_weight=2034 2012 890 1122 930 789 808 669 413 139 98 256 239 82 550 141 112 192 154 131 40 41
internal_count=2034 2012 890 1122 930 789 808 669 413 139 98 256 239 82 550 141 112 192 154 131 40 41
is_linear=0
shrinkage=0.03


Tree=9
num_leaves=23
num_cat=0
split_feature=23 22 14 23 19 23 18 16 15 19 23 11 11 19 20 22 11 18 10 21 14 4
split_gain=0.0652008 0.0451895 0.026923 0.0266529 0.0290493 0.0265854 0.0247704 0.0339196 0.0386299 0.0268082 0.0212002 0.0211881 0.0191512 0.0164875 0.0158762 0.0127217 0.0135698 0.00944549 0.00685792 0.00655987 0.00302298 0.000788829
threshold=8.775800000000002 18.319999694824155 0.0083477709847365519 1.0789000000000002 98.853950000000012 2.4561000000000006 0.38243504772803755 52.434660133333303 0.018485685120263402 100.60710000000002 1.4908000000000003 0.96424846430492661 1.034451061364851 100.42605000000002 92.954998016357365 16.144999504089302 1.0062869070094769 0.44178084618802788 0.97338482086208133 2.2550000000000003 0.006702713747128301 0.0018589188889593501
decision_type=2 2 2 2 2 2 2 2 2 2 2 2 2 2 2 2 2 2 2 2 2 2
left_child=1 3 13 17 15 14 10 8 -8 -9 21 -12 -7 -3 -6 16 -5 -1 19 -19 -15 -4
right_child=-2 2 6 4 5 12 7 9 -10 -11 11 -13 -14 20 -16 -17 -18 18 -20 -21 -22 -23
leaf_value=0 -0.0015884828562645807 0.0011260700484150262 0 0.000675312587097698 -0.00042484244337966256 -0.00023886406081446158 0.00021011268098059885 0.00015505290160757384 0.00096825362603481424 -0.00044302516396606896 -0.0012615695051103829 -0.00017648583023343234 -0.0010294266579471327 0 6.4526477711099721e-05 0.00092869330634712233 -8.1924805275775715e-06 0 -0.00072563781341396564 -0.00053083606824194164 0.0004276583667711488 0.00044145289990542964
leaf_weight=38 22 42 20 33 67 203 273 216 84 96 24 74 36 20 483 29 79 34 88 32 20 21
leaf_count=38 22 42 20 33 67 203 273 216 84 96 24 74 36 20 483 29 79 34 88 32 20 21
internal_value=0 1.7905e-05 0.000178704 -0.000107019 -3.68523e-05 -0.000110729 0.000121171 0.000199322 0.000399085 -2.02139e-05 -0.000232271 -0.000482583 -0.000374238 0.000701176 0 0.000353282 0.000170843 -0.000429393 -0.000533315 -0.000225106 0.000165282 0.000291851
internal_weight=2034 2012 890 1122 930 789 808 669 357 312 139 98 239 82 550 141 112 192 154 66 40 41
internal_count=2034 2012 890 1122 930 789 808 669 357 312 139 98 239 82 550 141 112 192 154 66 40 41
is_linear=0
shrinkage=0.03


Tree=10
num_leaves=30
num_cat=0
split_feature=24 21 21 21 22 21 20 11 24 10 11 18 22 14 14 17 11 24 15 21 13 22 24 10 22 24 14 15 14
split_gain=0.0405778 0.0342148 0.0330759 0.0280561 0.0296673 0.0422934 0.0251125 0.0185041 0.0224506 0.018447 0.0176535 0.0141488 0.0127735 0.0310422 0.0130834 0.0124097 0.0217554 0.0120417 0.0108233 0.010523 0.0105184 0.00893312 0.00800878 0.0126266 0.0070442 0.006537 0.00474689 0.00370497 0.00243835
threshold=50.250000000000007 3.5250000000000004 2.4150000000000005 2.8150000000000004 18.595000267028755 1.3550000000000002 90.334999084472614 1.024757145788715 50.050000000000004 1.0328080767876997 1.0438817403970664 0.36890804655666448 16.894999504089352 0.0079370456827197507 0.016155971765705553 -0.0086770964816673974 0.99640054290868807 50.050000000000004 0.010708330767729953 2.6150000000000007 1.0030094722986604 26.020000457763654 51.850000000000001 0.97803543895002287 21.345000267028755 51.250000000000007 0.014250120828146402 0.012547247878705552 0.014570077327086251
decision_type=2 2 2 2 2 2 2 2 2 2 2 2 2 2 2 2 2 2 2 2 2 2 2 2 2 2 2 2 2
left_child=1 3 6 4 11 -6 27 8 -3 -7 22 17 14 -14 18 -5 21 -1 -8 -13 -15 -17 23 -4 -18 -25 -24 -2 -9
right_child=2 7 10 15 5 9 12 28 -10 -11 -12 19 13 20 -16 16 24 -19 -20 -21 -22 -23 26 25 -26 -27 -28 -29 -30
leaf_value=0.00038484587914879535 0 0.0014440242237372149 0.00053206432261951992 -0.0013237923657787698 -0.00081546051598686191 0.00038589038093472073 0.00025466044108113486 0.00012995762580872644 8.5385941644199189e-05 -0.00043052458452992143 -0.00082634727576554848 -0.00034832798443465641 0.0012599165125821642 0.00061201322236262388 0.00067275201282647782 0.00043515307379938248 -0.00031542112610231227 -0.00036612233610099385 -0.00012371380568858091 0.00019279168683403571 0.00018539267961631674 -0.00032332742262536026 -0.00064095380343496796 -0.00034048957491015445 -0.0010719394741866449 3.7844512455628874e-05 0 -0.0006226139834875034 -0.00029647704543146703
leaf_weight=53 20 24 38 20 34 213 131 20 29 24 28 427 38 87 37 26 38 26 129 27 219 27 27 53 38 133 22 26 20
leaf_count=53 20 24 38 20 34 213 131 20 29 24 28 427 38 87 37 26 38 26 129 27 219 27 27 53 38 133 22 26 20
internal_value=0 -0.000130429 0.000137539 -0.000186294 -0.000111197 0.000137045 0.000253733 0.000406014 0.000771522 0.000289149 -0.000117692 -0.000243052 0.000305105 0.000434146 0.000144621 -0.000568072 -0.000418547 9.87047e-05 5.56796e-05 -0.0003092 0.000318057 0 -3.13101e-05 3.30455e-05 -0.00074165 -5.51619e-05 -0.000380284 -0.000389545 -1.21197e-05
internal_weight=2034 1046 988 953 804 271 687 93 53 237 301 533 641 344 297 149 129 79 260 454 306 53 273 224 76 186 49 46 40
internal_count=2034 1046 988 953 804 271 687 93 53 237 301 533 641 344 297 149 129 79 260 454 306 53 273 224 76 186 49 46 40
is_linear=0
shrinkage=0.03


Tree=11
num_leaves=23
num_cat=0
split_feature=23 22 23 19 23 21 16 24 14 11 11 23 22 20 17 8 18 18 18 10 21 19
split_gain=0.0596901 0.0403995 0.0242793 0.0267673 0.0262181 0.0241045 0.0235032 0.0397931 0.0224167 0.0189279 0.0165689 0.0156258 0.0232346 0.0151296 0.0109352 0.0107764 0.00850416 0.00785546 0.00842963 0.0064751 0.00616433 0.00557295
threshold=8.775800000000002 18.319999694824155 1.0789000000000002 98.882750000000016 2.4561000000000006 2.1750000000000003 56.869737636944699 49.350000000000001 0.0081677640004843028 0.99664669938200001 1.034451061364851 1.3007500000000001 31.775000572204554 92.954998016357365 0.0041322045406399005 1.0194905393833602 0.44178084618802788 0.55054002227918197 1.3584331794782398 0.97338482086208133 2.2550000000000003 98.870050000000006
decision_type=2 2 2 2 2 2 2 2 2 2 2 2 2 2 2 2 2 2 2 2 2 2
left_child=1 2 16 17 13 8 7 -7 21 -9 -6 14 -13 -5 -10 -8 -1 -4 -19 20 -18 -3
right_child=-2 5 3 4 10 6 15 9 11 -11 -12 12 -14 -15 -16 -17 19 18 -20 -21 -22 -23
leaf_value=0 -0.0015199504644083587 0.0011664264280415537 0 -0.00041304402244499855 -0.00024199130909953367 0.0010822499592957849 -0.0008263463096625012 0.00015677171850312215 0.00055394090674351897 -0.00036145019797186246 -0.0009864923722123272 0.00016980933821144996 -0.00069775228082172335 6.4531976992997038e-05 0 0 0 0.00058535367371902495 0 -0.00069378085882962793 -0.00050526038508608259 0.00028293581762472568
leaf_weight=38 22 34 34 67 195 32 40 183 149 95 36 228 30 483 51 26 34 89 26 88 32 22
leaf_count=38 22 34 34 67 195 32 40 183 149 95 36 228 30 483 51 26 34 89 26 88 32 22
internal_value=0 1.70529e-05 -0.000100973 -3.3854e-05 -0.000107141 0.000169158 -5.71038e-06 9.60162e-05 0.000302665 -1.02266e-05 -0.0003747 0.000223399 5.50425e-05 2.6585e-07 0.000424299 -0.000522595 -0.000408674 0.00032844 0.000447703 -0.000507286 -0.000207206 0.000883025
internal_weight=2034 2012 1122 930 781 890 376 310 514 278 231 458 258 550 200 66 192 149 115 154 66 56
internal_count=2034 2012 1122 930 781 890 376 310 514 278 231 458 258 550 200 66 192 149 115 154 66 56
is_linear=0
shrinkage=0.03


Tree=12
num_leaves=25
num_cat=0
split_feature=23 22 24 23 14 18 16 19 19 11 23 11 19 19 18 19 21 24 14 22 20 21 9 14
split_gain=0.0563081 0.0381689 0.0232584 0.0315792 0.0228479 0.022036 0.0308107 0.0233391 0.0213147 0.0225688 0.0191561 0.0195275 0.0180816 0.013425 0.0115012 0.0122379 0.0120899 0.0114211 0.0104634 0.00953875 0.00672683 0.00583573 0.00488568 0.00267871
threshold=8.775800000000002 18.319999694824155 50.350000000000001 2.1493000000000007 0.0083477709847365519 0.38243504772803755 52.434660133333303 100.60710000000002 99.006450000000015 1.0097376437413186 1.4393000000000002 0.96424846430492661 101.43405000000001 100.42605000000002 0.36890804655666448 102.41995000000001 1.8050000000000004 50.050000000000004 0.016155971765705553 9.9049997329711914 99.985000610351562 1.8750000000000002 1.003122319468267 0.006702713747128301
decision_type=2 2 2 2 2 2 2 2 2 2 2 2 2 2 2 2 2 2 2 2 2 2 2 2
left_child=1 2 14 18 13 10 12 -8 20 -10 -6 -12 -7 -3 17 16 -16 21 19 -4 -5 -1 -17 -15
right_child=-2 4 3 8 5 6 7 -9 9 -11 11 -13 -14 23 15 22 -18 -19 -20 -21 -22 -23 -24 -25
leaf_value=0.00067450859594660303 -0.0014763345042162613 0.0010319269043677702 0.00075796246112741787 0.00073992127794306726 0.00028285381277432528 0.00048818405444513445 0.0001387344608745915 -0.00041874697600424135 -4.5928031973467512e-05 -0.00062542128020095795 -0.0012061559505073818 -0.00016466922161405246 0 0 -0.00014249015762675711 0.00026357682535516297 -0.00051426492993910083 -0.00035854103439487522 0.0010094008090506708 0.0001220026567812549 6.805479471375671e-06 0 -0.00018548250419248797 0.00040051300158458101
leaf_weight=25 22 42 28 24 40 279 216 96 196 96 24 75 78 20 164 41 225 30 20 165 37 29 42 20
leaf_count=25 22 42 28 24 40 279 216 96 196 96 24 75 78 20 164 41 225 30 20 165 37 29 42 20
internal_value=0 1.64895e-05 -9.81854e-05 3.25815e-05 0.000164372 0.000111021 0.000184908 -2.40034e-05 -0.000135472 -0.00024817 -0.000221941 -0.000456688 0.000375422 0.000646257 -0.00023651 -0.000295223 -0.000365987 5.76981e-05 0.000324443 0.000233162 0.000350914 0.000345802 1.12475e-06 0.000152842
internal_weight=2034 2012 1122 566 890 808 669 312 353 292 139 99 357 82 556 472 389 84 213 193 61 54 83 40
internal_count=2034 2012 1122 566 890 808 669 312 353 292 139 99 357 82 556 472 389 84 213 193 61 54 83 40
is_linear=0
shrinkage=0.03


Tree=13
num_leaves=25
num_cat=0
split_feature=23 22 24 14 15 16 18 23 15 21 11 6 21 22 21 17 20 10 16 21 23 11 15 24
split_gain=0.053127 0.0358399 0.0220408 0.0219001 0.0284197 0.0335562 0.0203328 0.019657 0.0178131 0.0177464 0.0164473 0.0156383 0.0156193 0.01443 0.0182583 0.0132413 0.0111179 0.0196228 0.0082144 0.00691007 0.00524886 0.00503018 0.0031651 0.00140535
threshold=8.775800000000002 18.319999694824155 51.050000000000004 0.0099878985202095528 0.0092711942976063024 49.81515270170339 0.38243504772803755 2.1493000000000007 0.014023865174541402 1.7150000000000001 1.0317730044349427 0.0050896159298506509 1.6150000000000004 13.170000076293901 1.8750000000000002 0.0029261282119876502 95.584999084472614 1.0304109153220784 48.096376726614942 2.2850000000000006 2.0358000000000005 0.98492317669072327 0.010534054126063602 50.600000000000001
decision_type=2 2 2 2 2 2 2 2 2 2 2 2 2 2 2 2 2 2 2 2 2 2 2 2
left_child=1 2 8 11 -5 6 -6 16 13 -9 -11 15 -7 21 -15 22 17 -4 19 -10 -18 -1 -3 -13
right_child=-2 3 7 4 5 12 -8 9 18 10 -12 23 -14 14 -16 -17 20 -19 -20 -21 -22 -23 -24 -25
leaf_value=0 -0.001433970106117751 0.000181979158482136 0.0010429995787080103 -0.00096342044347495022 -0.00011928104126433791 0.00016826902033286527 0.00047171700898909286 0.00069624118109388056 0 -3.4196099796023004e-05 -0.00065360411625355476 -0.00011821323206759584 -0.00021153302951342208 0.00019695792314790498 -0.00021818308803741272 0.0014006352741676178 0.00020827219863159871 9.5950061491189054e-06 -0.00075662767969576316 -0.00066107429353439297 -0.0002894618927258188 -0.00047611638435280789 0.00068705769610398146 0.0001717012651315599
leaf_weight=23 22 47 40 21 56 155 254 22 54 227 49 22 242 179 199 22 70 38 71 22 22 106 40 31
leaf_count=23 22 47 40 21 56 155 254 22 54 227 49 22 242 179 199 22 70 38 71 22 22 106 40 31
internal_value=0 1.60739e-05 -9.49945e-05 0.000159411 8.38697e-05 0.000120531 0.00035527 5.71504e-05 -0.00020837 -8.18173e-05 -0.000156956 0.00047788 -5.56597e-05 -0.000115801 -1.36786e-05 0.0006829 0.00031735 0.000584015 -0.000504429 -0.000223094 5.51581e-05 -0.000389559 0.000453459 0
internal_weight=2034 2012 1122 890 728 707 310 468 654 298 276 162 397 507 378 109 170 78 147 76 92 129 87 53
internal_count=2034 2012 1122 890 728 707 310 468 654 298 276 162 397 507 378 109 170 78 147 76 92 129 87 53
is_linear=0
shrinkage=0.03


Tree=14
num_leaves=31
num_cat=0
split_feature=19 16 15 15 18 21 22 20 21 11 18 20 22 15 9 8 19 15 7 22 18 7 17 21 11 0 5 19 5 21
split_gain=0.0356626 0.0242258 0.0374097 0.0196142 0.0189173 0.0150366 0.0245875 0.0190454 0.0186942 0.0139693 0.0113215 0.0107491 0.00958958 0.00956275 0.0297968 0.00878657 0.00856282 0.00836223 0.0107773 0.00829466 0.00794275 0.00737818 0.00714712 0.00593766 0.00555005 0.00500581 0.00479805 0.00402242 0.00310314 0.00290999
threshold=98.805550000000011 55.288539900540478 0.019602230350724854 0.014482850586202351 0.52683186613345134 2.2450000000000006 18.319999694824155 94.57500076293941 3.5250000000000004 1.0588151418940417 0.36890804655666448 93.354999542236314 9.8749999999999982 0.012493881967692551 1.0253380273363237 0.98847713466640419 97.244700000000009 0.011587143027782852 0.0080492228098871521 14.644999980926451 1.2795323632856657 0.0033894733344360505 0.0067736404429711511 2.8450000000000002 1.0186610933759768 -0.0042709480705791494 -0.0070426783458164988 98.402000000000015 0.012377496240882651 1.8250000000000004
decision_type=2 2 2 2 2 2 2 2 2 2 2 2 2 2 2 2 2 2 2 2 2 2 2 2 2 2 2 2 2 2
left_child=4 2 5 12 9 6 10 11 -9 16 -2 -7 -3 14 17 -4 -1 18 -6 -18 25 -14 26 -23 -8 -15 -5 -27 -28 -22
right_child=1 3 15 22 13 7 24 8 -10 -11 -12 -13 21 20 -16 -17 19 -19 -20 -21 29 23 -24 -25 -26 27 28 -29 -30 -31
leaf_value=0 0.00035028938289112624 0.00040911135102622212 0.00016447752304375171 0 0.00050898631583279287 -1.5463351215779157e-05 0.00041692498103231359 -0.00031860227704445614 0.00021096178891912132 0.00028097695019484186 -0.00015680445993785633 0.00050238823547603232 -0.00068467624532058834 0.00054031845630379393 0.0014483161571385737 0.0010285940920474711 -3.8213578327982253e-05 0.00080822275729420091 -8.6465176203785361e-05 -0.0010437747086195842 0 -2.2161031123060042e-05 -0.00099251824744830009 -0.00039454313588582654 0 0 -0.0006696788645491412 0.0004889599976928106 -4.9801395769463839e-05 -0.00038340426684843132
leaf_weight=22 43 24 29 20 42 89 163 392 63 44 266 50 25 53 27 36 21 25 58 22 22 202 37 54 21 79 40 20 23 22
leaf_count=22 43 24 29 20 42 89 163 392 63 44 266 50 25 53 27 36 21 25 58 22 22 202 37 54 21 79 40 20 23 22
internal_value=0 -6.80187e-05 8.77976e-07 -0.000261375 0.000232678 -3.85846e-05 7.99576e-05 -0.000141982 -0.000238397 -9.03736e-05 -7.56583e-05 0.000151644 -0.000120171 0.000342428 0.00053171 0.000696853 -0.000387652 0.00029999 0.000136485 -0.000632898 0.000178456 -0.000177305 -0.000591516 -0.000113613 0.000356503 0.000287658 -0.000367354 0.000118344 -0.000494564 -0.000130127
internal_weight=2034 1577 1152 425 457 1087 493 594 455 109 309 139 305 348 152 65 65 125 100 43 196 281 120 256 184 152 83 99 63 44
internal_count=2034 1577 1152 425 457 1087 493 594 455 109 309 139 305 348 152 65 65 125 100 43 196 281 120 256 184 152 83 99 63 44
is_linear=0
shrinkage=0.03


Tree=15
num_leaves=24
num_cat=0
split_feature=23 22 23 14 18 13 15 23 17 21 23 11 24 18 11 23 18 23 10 21 21 8 21
split_gain=0.0491999 0.0322382 0.020874 0.0204199 0.0195608 0.0235594 0.0260187 0.0183794 0.0192826 0.0177031 0.0174227 0.0178198 0.0148089 0.0128692 0.0121995 0.00928492 0.00750695 0.00626874 0.00600585 0.00548399 0.00510034 0.00291315 0.00108592
threshold=8.775800000000002 18.319999694824155 1.0789000000000002 0.0083477709847365519 0.38243504772803755 0.99834284197032452 0.018485685120263402 1.7358000000000002 0.0028909160703165502 2.8250000000000006 1.4908000000000003 0.96424846430492661 51.250000000000007 0.36890804655666448 1.0324673930111912 1.7667500000000003 0.44178084618802788 1.6777500000000003 0.97338482086208133 2.2550000000000003 2.2350000000000008 1.0049948978092875 1.0850000000000002
decision_type=2 2 2 2 2 2 2 2 2 2 2 2 2 2 2 2 2 2 2 2 2 2 2
left_child=1 2 16 15 10 6 -6 8 20 -7 21 -12 13 -9 -14 22 -1 -10 19 -18 -4 -5 -3
right_child=-2 3 7 4 5 9 -8 12 17 -11 11 -13 14 -15 -16 -17 18 -19 -20 -21 -22 -23 -24
leaf_value=0 -0.0013799138836076725 0.00048099947811570016 0.00030884372055620449 0.00050824634976951138 0.000201045833449607 0.0001409590425956937 0.00092736218390413198 0.00013744465833264661 -0.00030462764482343051 -0.00031196859862047326 -0.0011560692054871471 -0.00015592085112817584 0.00013310067403072025 -0.00033533209516330571 -0.00023722244338672942 7.8177545270591503e-05 8.6908208123142115e-06 0.0001633082748831887 -0.0006461581991471381 -0.00046294758258260451 0.00091848392860963937 0 0.0011941624414783135
leaf_weight=38 22 29 100 20 199 304 64 53 57 102 24 74 269 279 111 31 34 37 88 32 24 21 22
leaf_count=38 22 29 100 20 199 304 64 53 57 102 24 74 269 279 111 31 34 37 88 32 24 21 22
internal_value=0 1.55082e-05 -8.97425e-05 0.000151514 0.000100867 0.000170668 0.000391999 -2.72933e-05 0.000208642 1.93114e-05 -0.000212472 -0.000440362 -0.000103931 -0.000250664 1.67146e-05 0.000607198 -0.000374978 -8.90809e-05 -0.00046762 -0.000178703 0.000457243 0.000258326 0.000863379
internal_weight=2034 2012 1122 890 808 669 263 930 218 406 139 98 712 332 380 82 192 94 154 66 124 41 51
internal_count=2034 2012 1122 890 808 669 263 930 218 406 139 98 712 332 380 82 192 94 154 66 124 41 51
is_linear=0
shrinkage=0.03


Tree=16
num_leaves=31
num_cat=0
split_feature=19 24 10 15 20 24 21 15 15 24 20 11 24 19 20 8 9 11 15 12 16 20 10 19 20 4 21 11 17 8
split_gain=0.0324346 0.0462414 0.0245563 0.0377265 0.0183559 0.0196915 0.0254185 0.0183348 0.0132919 0.0126823 0.0211797 0.0145778 0.0109763 0.0125188 0.00930895 0.00847512 0.00796391 0.00730555 0.00668972 0.00491494 0.00466906 0.00420558 0.00361045 0.00341437 0.00310969 0.00225788 0.0020064 0.0018363 0.00170544 0.000679672
threshold=98.805550000000011 50.350000000000001 1.0271389310503267 0.019602230350724854 97.50500106811522 49.100000000000009 2.2450000000000006 0.011040353747473352 0.015875362578722855 51.150000000000013 96.685001373290959 1.0783251958379672 49.750000000000007 100.83590000000001 99.50500106811522 0.98283941203958103 0.98566220956888528 1.0060349957595747 0.015301799252968552 1.0222514345136531 49.928487669856118 104.47000122070251 0.998373856965317 99.729450000000014 90.975002288818359 0.0122704138757411 0.78500000000000014 1.0426199158982978 0.0061489450816066011 1.0203431586454552
decision_type=2 2 2 2 2 2 2 2 2 2 2 2 2 2 2 2 2 2 2 2 2 2 2 2 2 2 2 2 2 2
left_child=1 7 3 4 12 -6 -7 -1 9 10 22 14 13 -2 -11 -14 -5 -9 19 23 -10 28 -3 -4 -13 26 -22 -25 -20 -21
right_child=2 8 18 16 5 6 -8 17 20 11 -12 24 15 -15 -16 -17 -18 -19 21 29 25 -23 -24 27 -26 -27 -28 -29 -30 -31
leaf_value=-0.0011693305219190994 0.00089889834199100732 0.00021376038800438187 0 0.00019452484766225098 0.00064033231533407663 9.2734534568001471e-06 -0.00043364988173313023 0.00018633243825752287 0.00044064229382837026 0.0011545363147465867 0.00066414125187162179 -8.342385125745611e-06 0.00027991912249726244 0.00011377559539929886 0.00032628370166639796 -5.8330364535630908e-05 0.0010251179821257079 -0.00040193574509976316 -0.00033053638802536215 9.457028496698886e-05 0 -5.8107955436951104e-05 -0.00020795745387869446 -4.4454950403989e-05 0.00040260436809198423 0.00014638418161310254 -0.00031592055474854584 -0.00058249971492411773 -0.00096486968101949463 -9.6550236175475717e-05
leaf_weight=20 24 21 20 31 21 183 268 31 21 62 60 20 73 125 31 586 34 36 28 33 21 22 56 22 21 24 33 43 32 32
leaf_count=20 24 21 20 31 21 183 268 31 21 62 60 20 73 125 31 586 34 36 28 33 21 22 56 22 21 24 33 43 32 32
internal_value=0 0.000222194 -6.4572e-05 -1.29807e-05 -5.11912e-05 -0.000200546 -0.000247667 -0.000380283 0.000372587 0.000482429 0.000241752 0.000702659 3.24874e-05 0.000265388 0.000916775 -1.59483e-05 0.000683393 -8.68968e-05 -0.000349453 -0.000196423 4.00922e-05 -0.000587503 -5.3216e-05 -0.000345222 0.000135288 -3.39862e-05 -0.0001699 -0.00044928 -0.000728299 0
internal_weight=2034 457 1577 1345 1280 472 451 87 370 271 137 134 808 149 93 659 65 67 232 150 99 82 77 85 41 78 54 65 60 65
internal_count=2034 457 1577 1345 1280 472 451 87 370 271 137 134 808 149 93 659 65 67 232 150 99 82 77 85 41 78 54 65 60 65
is_linear=0
shrinkage=0.03


Tree=17
num_leaves=22
num_cat=0
split_feature=23 22 23 19 23 14 15 16 18 19 4 20 16 22 22 18 18 18 10 21 21
split_gain=0.0454026 0.0293501 0.0193576 0.0213717 0.0229707 0.0187367 0.0251819 0.0296596 0.017323 0.0170753 0.0152957 0.0136326 0.0131394 0.00701096 0.0119918 0.00699127 0.00676527 0.0071924 0.00559234 0.00513972 0.00423292
threshold=8.775800000000002 18.319999694824155 1.0789000000000002 98.882750000000016 2.4561000000000006 0.0099878985202095528 0.0092711942976063024 49.81515270170339 0.38243504772803755 100.60710000000002 0.010005645202630501 92.954998016357365 59.351985039555892 20.624999999999954 23.005000114440854 0.44178084618802788 0.55054002227918197 1.3584331794782398 0.97338482086208133 2.2550000000000003 2.3250000000000006
decision_type=2 2 2 2 2 2 2 2 2 2 2 2 2 2 2 2 2 2 2 2 2
left_child=1 2 15 16 11 10 -7 8 -8 -9 13 -5 -6 20 -15 -1 -4 -18 19 -17 -3
right_child=-2 5 3 4 12 6 7 9 -10 -11 -12 -13 -14 14 -16 18 17 -19 -20 -21 -22
leaf_value=0 -0.0013252273966436799 0.00025900747706847528 0 -0.00038148956984343171 -0.00022952746314608224 -0.00091059217215727335 -0.00010408306843907522 9.1537011752645082e-05 0.00043809002467759826 -0.00030646763670402803 0.0011855539654497987 7.0771707482838011e-05 -0.00094022198532547907 0.00086843241786905168 0.00011008274972153317 1.1016611406687708e-05 0.00053686667014650686 0 -0.0006217138346577628 -0.00044457754171030089 -0.00033034745116442948
leaf_weight=38 22 20 34 67 200 21 56 243 254 154 23 483 31 36 62 34 89 26 88 32 21
leaf_count=38 22 20 34 67 200 21 56 243 254 154 23 483 31 36 62 34 89 26 88 32 21
internal_value=0 1.52652e-05 -8.50782e-05 -2.4826e-05 -9.06776e-05 0.000145086 7.48693e-05 0.000109623 0.000330483 -5.56971e-05 0.000439828 9.64104e-06 -0.000341475 0.000287419 0.000424921 -0.00035974 0.000298646 0.000409659 -0.000449148 -0.00016844 0
internal_weight=2034 2012 1122 930 781 890 728 707 310 397 162 550 231 139 98 192 149 115 154 66 41
internal_count=2034 2012 1122 930 781 890 728 707 310 397 162 550 231 139 98 192 149 115 154 66 41
is_linear=0
shrinkage=0.03


Tree=18
num_leaves=31
num_cat=0
split_feature=24 19 21 21 22 21 11 22 10 11 24 24 15 24 20 11 20 22 19 11 15 22 19 18 14 19 21 14 2 10
split_gain=0.0293741 0.036968 0.0279025 0.0212424 0.0208495 0.0244275 0.016485 0.0179451 0.0162551 0.0148378 0.0185611 0.0134618 0.0122574 0.0114542 0.0197064 0.0138374 0.0113639 0.0102772 0.0101019 0.0102084 0.0094791 0.00921711 0.00774545 0.00701433 0.00697135 0.00503382 0.00393983 0.00390306 0.00358444 0.00341165
threshold=50.250000000000007 98.870050000000006 3.5250000000000004 2.8150000000000004 14.744999885559052 1.1250000000000002 1.0156798809713605 21.525000572204554 1.038326117178425 1.024757145788715 50.050000000000004 51.850000000000001 0.015875362578722855 51.150000000000013 96.685001373290959 1.0783251958379672 92.220001220703111 21.345000267028755 101.22290000000002 0.98492317669072327 0.0086932397315817016 12.824999809265101 101.40940000000002 0.96019144217557573 0.023924853653559952 101.93900000000001 0.78500000000000014 0.0084724673207376509 -0.0026860905211202493 0.998373856965317
decision_type=2 2 2 2 2 2 2 2 2 2 2 2 2 2 2 2 2 2 2 2 2 2 2 2 2 2 2 2 2 2
left_child=2 12 3 4 22 -6 7 11 -7 10 -4 16 13 14 29 21 -3 -5 -19 -20 -8 -15 23 -1 26 -24 -14 -22 -28 -2
right_child=1 6 9 17 5 8 20 -9 -10 -11 -12 -13 24 15 -16 -17 -18 18 19 -21 27 -23 25 -25 -26 -27 28 -29 -30 -31
leaf_value=-0.00025336342606229682 0.00020293271930528462 -0.00020983818873215518 0.0013116722072660921 -7.0191174714743872e-05 -0.0009846080581524543 0.00011391342664879161 0.00021429591431660808 0.00068497646980852423 -0.00049472618415581692 0 6.6454147547483438e-05 -0.00048955809403269089 0.000108248773496598 0.00023957590679700455 0.00063726198175620495 0.00011669173976406454 0.00020636674761946778 -0.0011194507816202333 0 -0.00083792717649601401 0 0.0010868309846881136 9.6288372458622995e-05 -0.00075845578868280743 0.00051172515510868684 -0.00026360265203618691 0 -0.00034319873659947468 -0.000552591438253082 -0.00020485032824983231
leaf_weight=102 21 73 24 50 20 464 31 41 41 40 29 39 35 27 60 41 224 36 39 24 24 66 50 54 22 73 21 186 21 56
leaf_count=102 21 73 24 50 20 464 31 41 41 40 29 39 35 27 60 41 224 36 39 24 24 66 50 54 22 73 21 186 21 56
internal_value=0 0.000117239 -0.000110753 -0.000161458 -9.55192e-05 1.04838e-05 -2.0277e-05 9.81248e-05 5.76902e-05 0.000373106 0.00069973 1.57928e-05 0.00035445 0.000459882 0.000229428 0.000669829 9.36392e-05 -0.000494253 -0.000675582 -0.000361539 -0.000217532 0.000877934 -0.000305026 -0.000451029 3.41305e-05 -9.35152e-05 -6.86747e-05 -0.000296209 -0.000284967 -5.39993e-05
internal_weight=2034 988 1046 953 804 525 618 377 505 93 53 336 370 271 137 134 297 149 99 63 241 93 279 156 99 123 77 210 42 77
internal_count=2034 988 1046 953 804 525 618 377 505 93 53 336 370 271 137 134 297 149 99 63 241 93 279 156 99 123 77 210 42 77
is_linear=0
shrinkage=0.03


Tree=19
num_leaves=26
num_cat=0
split_feature=23 22 24 23 14 18 16 15 15 23 11 21 11 22 21 15 20 10 23 10 11 23 21 8 21
split_gain=0.0407139 0.0266609 0.0183698 0.0182291 0.0169089 0.0167515 0.0243792 0.0304043 0.0153532 0.0151724 0.0165446 0.0150063 0.0149388 0.0123979 0.0154356 0.0121177 0.0105478 0.0171161 0.00790614 0.00733004 0.00462432 0.00424542 0.00381022 0.00251428 0.00142671
threshold=8.775800000000002 18.319999694824155 51.050000000000004 2.1493000000000007 0.0083477709847365519 0.38243504772803755 52.434660133333303 0.018485685120263402 0.014023865174541402 1.4393000000000002 0.96424846430492661 1.7150000000000001 1.0231948516886804 13.170000076293901 1.8750000000000002 0.0099653747993980017 95.584999084472614 1.0304109153220784 1.7667500000000003 0.96423594213751362 0.98492317669072327 2.0358000000000005 1.4950000000000003 1.0049948978092875 1.0850000000000002
decision_type=2 2 2 2 2 2 2 2 2 2 2 2 2 2 2 2 2 2 2 2 2 2 2 2 2
left_child=1 2 8 16 18 9 7 -7 13 23 -11 -5 -13 20 -15 -8 17 -4 24 -10 -1 -18 -21 -6 -3
right_child=-2 4 3 11 5 6 15 -9 19 10 -12 12 -14 14 -16 -17 21 -19 -20 22 -22 -23 -24 -25 -26
leaf_value=0 -0.00125507576747433 0.00041452434330713006 0.00099808274945471331 0.00063727333359217834 0.00047580285643094352 0.00015749097683401752 0.00053008384697604918 0.00083063577135942645 0 -0.0010976073688315228 -0.0001361722815305065 -4.8455372252117179e-07 -0.00051830946799570176 0.0001897573444458127 -0.00019255457521890715 -9.8086937279680256e-05 0.00019166736870767994 2.3768226813095114e-05 5.8466813175982672e-05 -0.00023066218107473105 -0.0004350851209459948 -0.00025207340795263327 -0.00070845167517931157 0 0.0011142839312644514
leaf_weight=23 22 29 40 22 20 273 29 84 22 24 75 205 71 179 199 283 70 38 31 49 106 22 76 20 22
leaf_count=23 22 29 40 22 20 273 29 84 22 24 75 205 71 179 199 283 70 38 31 49 106 22 76 20 22
internal_value=0 1.43161e-05 -8.12436e-05 5.73523e-05 0.000138109 9.16189e-05 0.000156421 0.000326136 -0.000184939 -0.000197733 -0.000407893 -7.61231e-05 -0.000145914 -9.86105e-05 -3.57412e-06 -2.86076e-05 0.000307948 0.000567701 0.000553436 -0.000459734 -0.000351843 5.17279e-05 -0.000548285 0.000246503 0.000789697
internal_weight=2034 2012 1122 468 890 808 669 357 654 139 99 298 276 507 378 312 170 78 82 147 129 92 125 40 51
internal_count=2034 2012 1122 468 890 808 669 357 654 139 99 298 276 507 378 312 170 78 82 147 129 92 125 40 51
is_linear=0
shrinkage=0.03


Tree=20
num_leaves=30
num_cat=0
split_feature=23 22 24 23 14 16 18 24 19 19 4 19 19 18 20 10 23 23 23 16 24 22 22 19 19 11 23 14 10
split_gain=0.0384161 0.025188 0.0173466 0.0172261 0.0161474 0.0168679 0.0213182 0.0163505 0.0154627 0.0143715 0.0141151 0.0138802 0.0136322 0.011777 0.0099832 0.0160212 0.0086897 0.0159299 0.00747448 0.00721686 0.00720047 0.00630555 0.0110018 0.00489373 0.00478237 0.00450027 0.00401114 0.0031399 0.00281131
threshold=8.775800000000002 18.319999694824155 51.050000000000004 2.1493000000000007 0.0099878985202095528 55.39423128475412 0.38243504772803755 49.95000000000001 100.60710000000002 101.43405000000001 0.010005645202630501 99.006450000000015 104.09700000000001 0.32809204466074382 95.584999084472614 1.0304109153220784 1.0669000000000002 1.7358000000000002 1.2030500000000002 58.302249698317638 50.050000000000004 20.624999999999954 23.005000114440854 101.93900000000001 98.488550000000018 0.91774244246578551 2.0358000000000005 0.011276869854115452 0.98647925824987237
decision_type=2 2 2 2 2 2 2 2 2 2 2 2 2 2 2 2 2 2 2 2 2 2 2 2 2 2 2 2 2
left_child=1 2 13 14 10 6 7 -6 18 -8 21 24 -13 20 15 -4 25 -18 -7 -10 23 28 -23 -1 -5 -15 -16 -22 -3
right_child=-2 4 3 11 5 8 9 -9 19 -11 -12 12 -14 16 26 -17 17 -19 -20 -21 27 22 -24 -25 -26 -27 -28 -29 -30
leaf_value=0.00062365221712288666 -0.0012190605322627919 0.00017885539955353702 0.00096887058040081718 0 0.00030454818896949291 0.000300663014045263 0.00034065476416598057 -0.00056637211307575589 -4.7983851677192175e-05 -8.1098040142921785e-05 0.0011239033657038816 -0.00026460186638823952 0.0004985496843832412 0 0.0001859983358873238 2.3073468411054743e-05 6.9512323768958591e-05 -0.0002998704226002928 -0.00012689403867668906 -0.00082906370038350965 9.796343061183926e-07 0.00081575630998515782 8.9544679478941749e-05 0 0.00049310380458233083 -0.00051376860531186677 -0.00024483999231850488 -0.00041337540835541275 -0.00029491014330415051
leaf_weight=28 22 21 40 20 24 54 346 55 28 78 23 217 20 23 70 38 159 255 108 35 21 36 62 24 41 124 22 20 20
leaf_count=28 22 21 40 20 24 54 346 55 28 78 23 217 20 23 70 38 159 255 108 35 21 36 62 24 41 124 22 20 20
internal_value=0 1.39899e-05 -7.88447e-05 5.57008e-05 0.000134348 6.88128e-05 0.00016805 -0.000263789 -0.000139526 0.000256001 0.000408219 -7.38275e-05 -0.000185772 -0.000179643 0.000299404 0.000552197 -0.000233266 -0.000150951 0 -0.000534966 0.000110949 0.000261186 0.000392165 0.000360161 0.000308697 -0.000442234 4.91888e-05 -0.000134746 0
internal_weight=2034 2012 1122 468 890 728 503 79 225 424 162 298 237 654 170 78 561 414 162 63 93 139 98 52 61 147 92 41 41
internal_count=2034 2012 1122 468 890 728 503 79 225 424 162 298 237 654 170 78 561 414 162 63 93 139 98 52 61 147 92 41 41
is_linear=0
shrinkage=0.03


Tree=21
num_leaves=25
num_cat=0
split_feature=23 22 24 23 14 18 11 19 15 11 15 21 11 18 19 20 10 21 22 10 23 23 21 14
split_gain=0.0362505 0.0236435 0.0163751 0.0162378 0.0156257 0.0148583 0.0195656 0.0202742 0.015718 0.0141341 0.0140929 0.0137017 0.0142962 0.0114334 0.00977561 0.00945007 0.0149924 0.00895192 0.00753379 0.00685811 0.00414124 0.00378983 0.00347077 0.00206897
threshold=8.775800000000002 18.319999694824155 51.050000000000004 2.1493000000000007 0.0083477709847365519 0.38243504772803755 0.99512159251524823 101.0665 0.014068668305310502 0.95957757224025653 0.014023865174541402 1.7150000000000001 1.0231948516886804 0.96019144217557573 100.42605000000002 95.584999084472614 1.0304109153220784 1.8750000000000002 15.230000019073453 0.96423594213751362 1.4393000000000002 2.0358000000000005 1.4950000000000003 0.006702713747128301
decision_type=2 2 2 2 2 2 2 2 2 2 2 2 2 2 2 2 2 2 2 2 2 2 2 2
left_child=1 2 10 15 14 9 8 -8 -7 -6 13 -5 -13 17 -3 16 -4 -1 -15 -12 -11 -17 -21 -16
right_child=-2 4 3 11 5 6 7 -9 -10 20 19 12 -14 18 23 21 -18 -19 -20 22 -22 -23 -24 -25
leaf_value=0.0001729937992985705 -0.0011840788221553615 0.00085840522664664093 0.00094051338216607887 0.00060977799258113885 -0.00082189356735370197 3.5926202272198029e-05 0.00012691969057763709 -0.00038481429992349476 0.00054824708031453917 0.00022028939895972144 0 0 -0.00050218053065176111 -0.00043594014651872771 0 0.00018049697408741209 2.2399010781485297e-05 -0.00013840359348094873 0 -0.00021607280143420214 -0.00015836757204888273 -0.00023781414721831776 -0.00067695303527183232 0.00032825101088799005
leaf_weight=161 22 42 40 22 25 104 326 87 152 35 22 205 71 111 20 70 38 167 68 49 79 22 76 20
leaf_count=161 22 42 40 22 25 104 326 87 152 35 22 205 71 111 20 70 38 167 68 49 79 22 76 20
internal_value=0 1.37123e-05 -7.61767e-05 5.44193e-05 0.000130358 8.55191e-05 0.000146706 1.12055e-05 0.00035274 -0.000186487 -0.000174151 -7.10954e-05 -0.000138204 -9.11868e-05 0.000529691 0.000291112 0.000537147 5.38964e-06 -0.000283867 -0.000437474 -1.51216e-05 4.67264e-05 -0.000523246 9.88527e-05
internal_weight=2034 2012 1122 468 890 808 669 413 256 139 654 298 276 507 82 170 78 328 179 147 114 92 125 40
internal_count=2034 2012 1122 468 890 808 669 413 256 139 654 298 276 507 82 170 78 328 179 147 114 92 125 40
is_linear=0
shrinkage=0.03


Tree=22
num_leaves=23
num_cat=0
split_feature=23 22 23 19 23 22 20 18 11 16 24 23 11 18 10 22 19 18 10 20 4 11
split_gain=0.0341966 0.0222987 0.0156446 0.0182342 0.0196005 0.0131816 0.0126532 0.0120661 0.0182745 0.0355045 0.0220721 0.0176423 0.0145962 0.00629188 0.00612768 0.0103833 0.00606239 0.00576529 0.00467539 0.0030472 0.00165861 0.000259246
threshold=8.775800000000002 18.319999694824155 1.0789000000000002 98.882750000000016 2.5551000000000008 12.449999809265103 92.954998016357365 0.38243504772803755 1.0705548063417456 64.928800017159844 49.350000000000001 1.4393000000000002 0.95487242716776377 0.17304503737269869 0.99483553861133189 16.105000495910605 98.375100000000018 0.44178084618802788 0.97338482086208133 96.06499862670897 0.0027800936588547507 0.91774244246578551
decision_type=2 2 2 2 2 2 2 2 2 2 2 2 2 2 2 2 2 2 2 2 2 2
left_child=1 2 17 14 6 -6 -5 11 9 10 -9 20 -13 -14 -4 -16 19 -1 21 -10 -3 -19
right_child=-2 7 3 4 5 -7 -8 8 16 -11 -12 12 13 -15 15 -17 -18 18 -20 -21 -22 -23
leaf_value=0 -0.0011501008862548549 0 0.00064059442732832396 -0.00033840709907817653 -0.00090838871281646958 -0.00020241923644414515 6.7467760323842375e-05 0.00091532705305773449 -0.00018280801506691865 0.0014711138181654469 0.00013853595095444246 -0.0010678285562898964 -0.00034446058344642203 0.0001421950591406237 0 0.00064871580369718791 -0.00050963575895245105 0 -0.0005602173519299857 0.00027942647638597661 0.00050946681072107619 -0.0001889603081184429
leaf_weight=38 22 23 36 79 32 178 492 36 32 20 594 20 51 33 87 26 35 23 88 20 26 43
leaf_count=38 22 23 36 79 32 178 492 36 32 20 594 20 51 33 87 26 35 23 88 20 26 43
internal_value=0 1.32624e-05 -7.39848e-05 -1.94987e-05 -8.05893e-05 -0.000328009 5.57524e-06 0.000126579 0.000178425 0.000235314 0.000189059 -0.000103218 -0.000338112 -0.000118557 0.000279117 0.000133031 -0.000210359 -0.000320889 -0.000402107 0 0.000332123 -0.000141302
internal_weight=2034 2012 1122 930 781 210 571 890 737 650 630 153 104 84 149 113 87 192 154 52 49 66
internal_count=2034 2012 1122 930 781 210 571 890 737 650 630 153 104 84 149 113 87 192 154 52 49 66
is_linear=0
shrinkage=0.03


Tree=23
num_leaves=31
num_cat=0
split_feature=24 19 21 21 21 22 11 22 11 24 24 24 15 16 18 22 22 11 20 22 15 20 19 11 14 21 14 24 15 11
split_gain=0.0242047 0.030463 0.0231646 0.0177516 0.0177106 0.0259347 0.0152593 0.0156172 0.0129275 0.0165046 0.0128148 0.0118488 0.0108526 0.0103685 0.0101717 0.00988394 0.0134697 0.0144769 0.0102133 0.00863051 0.00860264 0.00739227 0.00696212 0.0098637 0.00666255 0.00380782 0.00334379 0.0029893 0.00285688 0.00221532
threshold=50.250000000000007 98.870050000000006 3.5250000000000004 2.8150000000000004 1.1250000000000002 18.595000267028755 1.0156798809713605 21.525000572204554 1.024757145788715 50.050000000000004 49.650000000000013 51.850000000000001 0.016219147563021504 40.28211445539889 0.70577519911803188 22.925000190734853 16.144999504089302 1.0783251958379672 96.645000457763658 21.345000267028755 0.0086932397315817016 98.295001983642564 101.22290000000002 0.98492317669072327 0.023924853653559952 0.78500000000000014 0.0084724673207376509 51.45000000000001 0.018072348025255553 1.0105741744578542
decision_type=2 2 2 2 2 2 2 2 2 2 2 2 2 2 2 2 2 2 2 2 2 2 2 2 2 2 2 2 2 2
left_child=2 12 3 4 -1 14 7 11 9 -4 -7 13 15 -3 -6 16 21 -18 27 29 -8 -2 -21 -24 25 -14 -22 -17 -28 -5
right_child=1 6 8 19 5 10 20 -9 -10 -11 -12 -13 24 -15 -16 18 17 -19 -20 22 26 -23 23 -25 -26 -27 28 -29 -30 -31
leaf_value=-0.00095589423498937073 -4.8304268019273866e-05 0.00050732933228636796 0.0012209865521709434 5.4830366521715534e-05 -4.085309807738718e-06 0.00049639948937479721 0.00020076298409185255 0.00064389498668278322 0 4.3720150343142444e-05 1.8747982854971237e-05 -0.0004545611745059432 7.1030205004396572e-05 4.0467152597010868e-06 -0.00028683824606489885 -0.00022385625416479474 0.0011188133021153635 1.4819947337465619e-05 0.00049589232144781439 -0.0010004755160645455 0 0.00047129152483494881 0 -0.00080695406209677458 0.00048003483558726583 -0.00031463493735764137 -0.000370352354671745 0.00015253708632995505 0 -0.00028316342692162898
leaf_weight=20 29 45 24 25 212 81 31 41 40 29 170 39 33 252 321 41 58 20 50 36 24 51 39 24 22 39 163 27 23 25
leaf_count=20 29 45 24 25 212 81 31 41 40 29 170 39 33 252 321 41 58 20 50 36 24 51 39 24 22 39 163 27 23 25
internal_value=0 0.000106488 -0.000100473 -0.000146871 -8.62052e-05 -5.90082e-05 -1.79208e-05 9.58257e-05 0.000339566 0.000645116 0.000186153 1.83339e-05 0.000321858 9.18153e-05 -0.00018021 0.000417108 0.000581001 0.000877484 0.000169408 -0.000451464 -0.000207914 0.00024763 -0.00061783 -0.000340084 9.16243e-06 -9.82243e-05 -0.000283126 -3.0883e-05 -0.000326406 -5.75816e-05
internal_weight=2034 988 1046 953 804 784 618 377 93 53 251 336 370 297 533 276 158 78 118 149 241 80 99 63 94 72 210 68 186 50
internal_count=2034 988 1046 953 804 784 618 377 93 53 251 336 370 297 533 276 158 78 118 149 241 80 99 63 94 72 210 68 186 50
is_linear=0
shrinkage=0.03


Tree=24
num_leaves=26
num_cat=0
split_feature=23 22 24 23 21 16 24 14 11 15 21 11 23 22 22 23 8 20 13 12 16 21 15 11 13
split_gain=0.0306327 0.0200012 0.014835 0.0152019 0.014503 0.0157608 0.0291069 0.013469 0.0134223 0.0130256 0.0117212 0.0133848 0.0116782 0.0173252 0.0107696 0.0137992 0.00991151 0.00912017 0.0105862 0.00858236 0.00669929 0.00574448 0.00421133 0.00418536 0.00370678
threshold=8.775800000000002 18.319999694824155 51.050000000000004 2.1493000000000007 2.1550000000000007 56.869737636944699 49.350000000000001 0.0079370456827197507 0.99664669938200001 0.014023865174541402 1.7150000000000001 1.0231948516886804 1.3007500000000001 36.079999923706005 13.170000076293901 0.5375000000000002 1.0194905393833602 95.584999084472614 1.0249795110246669 1.0229673523745644 48.096376726614942 2.2850000000000006 0.0093608225716887029 0.98492317669072327 1.0057410614207332
decision_type=2 2 2 2 2 2 2 2 2 2 2 2 2 2 2 2 2 2 2 2 2 2 2 2 2
left_child=1 2 9 17 7 6 -6 22 -8 14 -5 -12 19 -14 23 -16 -7 18 -4 -9 21 -11 -3 -1 -19
right_child=-2 4 3 10 5 16 8 12 -10 20 11 -13 13 -15 15 -17 -18 24 -20 -21 -22 -23 -24 -25 -26
leaf_value=0 -0.0010883887111330811 0.00016990725702160724 0.00089090635828100709 0.00056087475504888133 0.00091353247403061348 -0.00072764584883797643 0.00011533343203694722 0.00041693941144116398 -0.00031754002062552895 0 0 -0.00048155439740048674 0.00010481532143591317 -0.00075353860482573506 -0.00046135982013519798 6.8942958188330036e-05 0 0.00028601874617967184 9.0747026896967391e-05 -8.8631563855764948e-05 -0.00064215829493089881 -0.0005579602221512924 0.00095130843904917114 -0.0003983681905698074 -7.5834202080626381e-05
leaf_weight=23 22 22 38 22 32 40 188 172 95 54 205 71 237 22 50 328 26 38 40 25 71 22 31 106 54
leaf_count=23 22 22 38 22 32 40 188 172 95 54 205 71 237 22 50 328 26 38 40 25 71 22 31 106 54
internal_value=0 1.26836e-05 -6.9856e-05 5.42859e-05 0.000120068 -1.2592e-05 6.79138e-05 0.000225079 -2.00205e-05 -0.000163219 -6.68553e-05 -0.000129566 0.00016289 1.77487e-05 -8.32546e-05 0 -0.000436879 0.000283332 0.000524886 0.000337506 -0.000416318 -0.000160774 0.000691662 -0.000318817 4.28371e-05
internal_weight=2034 2012 1122 468 890 381 315 509 283 654 298 276 456 259 507 378 66 170 78 197 147 76 53 129 92
internal_count=2034 2012 1122 468 890 381 315 509 283 654 298 276 456 259 507 378 66 170 78 197 147 76 53 129 92
is_linear=0
shrinkage=0.03


Tree=25
num_leaves=19
num_cat=0
split_feature=23 22 22 21 16 24 14 11 19 22 20 23 21 19 17 9 24 19
split_gain=0.0288998 0.0188535 0.0141588 0.0136646 0.01484 0.027434 0.0127673 0.01264 0.0121884 0.0134668 0.0117688 0.0109606 0.0168482 0.0102207 0.00995865 0.00936649 0.00809057 0.00349101
threshold=8.775800000000002 18.319999694824155 9.6599998474121076 2.1550000000000007 56.869737636944699 49.350000000000001 0.0079370456827197507 0.99664669938200001 98.805550000000011 16.144999504089302 97.865001678466768 1.3007500000000001 1.1250000000000002 104.09700000000001 0.0041322045406399005 1.0249420008865264 49.550000000000004 98.870050000000006
decision_type=2 2 2 2 2 2 2 2 2 2 2 2 2 2 2 2 2 2
left_child=1 2 -1 6 5 -5 17 -7 9 10 -4 14 -13 16 -8 -6 -10 -3
right_child=-2 3 8 4 15 7 11 -9 13 -11 -12 12 -14 -15 -16 -17 -18 -19
leaf_value=0.0005973171536267425 -0.0010571566697048103 0.00090568794443441388 -0.0002595136038474336 0.00088695697393127791 -0.00085378331185867343 0.00011189173618867432 0.00045274346892078097 -0.00030811304921553529 3.0891547064212235e-05 0.00061472372560529044 0.00027816249242649697 -0.00032631135341802198 0.00019063847682142222 0.00048890305829367463 0 -3.7294908401963764e-05 -0.00019296740426259537 0.0001575081038436937
leaf_weight=26 22 32 77 32 27 188 146 95 153 39 68 81 178 20 51 39 739 21
leaf_count=26 22 32 77 32 27 188 146 95 153 39 68 81 178 20 51 39 739 21
internal_value=0 1.23186e-05 -6.77684e-05 0.000116612 -1.19358e-05 6.59439e-05 0.000218551 -1.91243e-05 -8.68109e-05 0.000127244 0 0.000157785 1.67952e-05 -0.000133375 0.000326976 -0.000423847 -0.000151219 0.000673201
internal_weight=2034 2012 1122 890 381 315 509 283 1096 184 145 456 259 912 197 66 892 53
internal_count=2034 2012 1122 890 381 315 509 283 1096 184 145 456 259 912 197 66 892 53
is_linear=0
shrinkage=0.03


Tree=26
num_leaves=31
num_cat=0
split_feature=24 19 24 15 22 10 16 20 20 19 16 15 22 18 17 17 19 18 20 20 18 16 17 22 14 20 22 17 20 1
split_gain=0.0210892 0.0262304 0.0196943 0.0194818 0.0192818 0.0144664 0.0134165 0.0139423 0.0192632 0.0127612 0.0105704 0.0101744 0.0100544 0.0119949 0.00949151 0.00938504 0.00937073 0.00933017 0.0110804 0.0090734 0.00891715 0.00889208 0.0110529 0.00767971 0.00601642 0.00530582 0.00483543 0.00917323 0.00460159 0.00411122
threshold=50.250000000000007 98.870050000000006 49.45000000000001 0.018282776817423855 31.775000572204554 0.99044033255606601 48.477166948440299 98.954998016357365 92.954998016357365 103.03685 40.903501892742163 0.016219147563021504 22.925000190734853 0.54668294559868003 -0.0044018415898574989 0.0021621141655849005 100.12380000000002 1.0078272279516167 96.990001678466811 96.645000457763658 1.0536985517765916 52.294120274231396 -0.0024589755862225995 16.144999504089302 0.023924853653559952 93.405002593994126 14.784999847412053 0.0062600794249419011 97.374999999999957 0.012564759383657802
decision_type=2 2 2 2 2 2 2 2 2 2 2 2 2 2 2 2 2 2 2 2 2 2 2 2 2 2 2 2 2 2
left_child=2 11 5 4 17 28 9 8 -8 10 -3 12 13 -2 -11 -16 -10 18 -4 -14 -19 22 -5 -15 -13 -12 -7 29 -1 -28
right_child=1 6 3 21 -6 26 7 -9 16 14 25 24 19 23 15 -17 -18 20 -20 -21 -22 -23 -24 -25 -26 -27 27 -29 -30 -31
leaf_value=4.8133292218984051e-05 0 0.00065068217500481964 5.0643819950265931e-05 2.0889577673127249e-05 -0.0009453717172611504 -0.00015416679009103973 -0.00033973162624423146 -0.00070974364418846861 0.00053720352936607711 -0.00071130120807460367 -4.1656030708944172e-05 -0.00010419783658608763 -4.3471840670858709e-05 0.00035502807204096316 0.00034477384467941841 -0.0004413883993147672 0 -0.00099246519963807332 -0.00024872748033998168 0.00045389374150031739 -0.00026997041679065263 -0.00015259130867814426 0.00086467393168381283 0.00096058739518684879 0.00044829159761961224 0.00029915729805730403 0.00012341426477170266 -0.00034988106658682228 0.00079314450180920006 0.00067487375092293537
leaf_weight=22 35 52 198 44 34 95 137 35 38 20 68 72 68 60 34 21 143 21 219 50 186 33 27 63 22 70 91 24 32 20
leaf_count=22 35 52 198 44 34 95 137 35 38 20 68 72 68 60 34 21 143 21 219 50 186 33 27 63 22 70 91 24 32 20
internal_value=0 9.97471e-05 -9.34342e-05 -0.000174424 -0.000236796 0.000113194 -1.53515e-05 -0.000140604 -6.65301e-05 0.000140118 0.000276712 0.000299602 0.00039151 0.000555341 -0.000165537 0 0.000124505 -0.000191937 -9.96218e-05 0.000144109 -0.000362109 0.000190122 0.000390985 0.000694631 0 0.000110546 0 0.000123378 0.000550561 0.000254701
internal_weight=2034 988 1046 762 658 284 618 353 318 265 190 370 276 158 75 55 181 624 417 118 207 104 71 123 94 138 230 135 54 111
internal_count=2034 988 1046 762 658 284 618 353 318 265 190 370 276 158 75 55 181 624 417 118 207 104 71 123 94 138 230 135 54 111
is_linear=0
shrinkage=0.03


Tree=27
num_leaves=29
num_cat=0
split_feature=23 22 24 23 14 16 20 14 4 19 21 11 18 20 10 19 10 20 24 16 24 21 20 21 22 21 16 21
split_gain=0.0268458 0.0173824 0.0131774 0.0141367 0.0126846 0.0150937 0.0169996 0.0166709 0.0138431 0.0122232 0.0101418 0.0128518 0.00980228 0.00842129 0.0125024 0.00753133 0.00921661 0.0068579 0.00684868 0.00665111 0.00654546 0.0058103 0.00511007 0.00456535 0.00441514 0.0096079 0.00348385 0.00302962
threshold=8.775800000000002 18.319999694824155 51.050000000000004 2.1493000000000007 0.0099080271948315517 55.39423128475412 96.25500106811522 0.022800988205325005 0.010005645202630501 100.60710000000002 1.7150000000000001 1.0231948516886804 0.32809204466074382 95.584999084472614 1.0304109153220784 102.73805000000002 0.97548129484259893 96.615001678466768 49.650000000000013 58.302249698317638 50.050000000000004 1.7250000000000003 96.514999389648423 1.8750000000000002 20.624999999999954 1.1050000000000002 55.722116661119394 2.3250000000000006
decision_type=2 2 2 2 2 2 2 2 2 2 2 2 2 2 2 2 2 2 2 2 2 2 2 2 2 2 2 2
left_child=1 2 12 13 8 6 18 -8 24 17 -5 -12 20 14 -4 16 -14 -7 -6 -11 23 -22 -17 -1 27 -26 -15 -3
right_child=-2 4 3 10 5 9 7 -9 -10 19 11 -13 15 26 -16 22 -18 -19 -20 -21 21 -23 -24 -25 25 -27 -28 -29
leaf_value=0.000650180425979197 -0.001018605008640367 0.00020470698668421908 0.00087518299743533123 0.00051730161916930227 0.0008689609777980617 -0.00014475008342803146 -6.1627982159562811e-05 0.00060557031423147574 0.0010762793294599522 -2.5233916075225782e-05 0 -0.00046817346492631864 0 0.00024465174495398584 2.6789646703176769e-05 -6.3528066863571949e-05 -0.00031508449780489576 0.00026188351182071003 0.00027016361516820275 -0.00077395721453164389 0.00013838984181139885 -0.00049668444312092933 0.00047391869198657908 0 1.8614109709923121e-05 0.00068756642223052043 -0.00010056316828791131 -0.00028972166013078424
leaf_weight=24 22 20 40 22 27 107 285 37 22 28 205 71 129 46 38 34 377 56 156 35 20 21 21 28 57 39 46 21
leaf_count=24 22 20 40 22 27 107 285 37 22 28 205 71 129 46 38 34 377 56 156 35 20 21 21 28 57 39 46 21
internal_value=0 1.21547e-05 -6.46724e-05 5.20867e-05 0.000112339 5.44164e-05 0.000148484 7.38721e-06 0.000357885 -0.00014229 -6.44509e-05 -0.000123353 -0.000152757 0.000273096 0.000505409 -0.000202024 -0.000240119 0 0.000379058 -0.00049366 0.000111511 -0.000119545 9.29059e-05 0.000349111 0.000213821 0.00032559 4.05609e-05 0
internal_weight=2034 2012 1122 468 890 731 505 322 159 226 298 276 654 170 78 561 506 163 183 63 93 41 55 52 137 96 92 41
internal_count=2034 2012 1122 468 890 731 505 322 159 226 298 276 654 170 78 561 506 163 183 63 93 41 55 52 137 96 92 41
is_linear=0
shrinkage=0.03


Tree=28
num_leaves=18
num_cat=0
split_feature=23 19 23 15 11 14 23 23 24 15 11 10 21 15 14 8 21
split_gain=0.0253385 0.0157435 0.0145438 0.0137384 0.0278306 0.0120988 0.0109977 0.0146199 0.0100432 0.00978413 0.00908412 0.00613284 0.00561972 0.00536169 0.0036199 0.00272304 0.00250904
threshold=8.775800000000002 95.960900000000009 0.5375000000000002 0.018282776817423855 1.024757145788715 0.0116935969668515 8.2073500000000017 8.5004000000000008 49.95000000000001 0.014482850586202351 1.1045178701008191 1.0068854444866815 0.76500000000000012 0.016454681168589901 0.023388845666950753 1.012808313285932 0.63500000000000012
decision_type=2 2 2 2 2 2 2 2 2 2 2 2 2 2 2 2 2
left_child=1 10 5 6 8 -3 9 -8 -5 -4 12 13 15 -7 -6 16 -1
right_child=-2 2 3 4 14 11 7 -9 -10 -11 -12 -13 -14 -15 -16 -17 -18
leaf_value=0 -0.00098937547008466457 -0.00070073021985444931 4.3433352508075236e-05 0.0011460415526858662 -0.00030083140043665925 -8.2888741884380572e-05 -0.00073502821949050681 5.953304663878575e-05 0.00034393256125519946 -0.00014303835434920727 -0.00014718751012281117 -0.00051748446800879071 0.00096669903637043066 0.00047164279581712822 5.8425533300032828e-05 0 0.00051472777128472671
leaf_weight=24 22 47 1188 27 48 44 42 28 70 320 20 20 20 20 29 20 45
leaf_count=24 22 47 1188 27 48 44 42 28 70 320 20 20 20 20 29 20 45
internal_value=0 1.20185e-05 -8.47141e-06 1.27596e-05 0.000265831 -0.000313089 -1.33963e-05 -0.000378588 0.000607228 1.80712e-06 0.000331949 -5.52079e-05 0.000447676 4.88385e-05 -0.000128051 0.000288263 0.000376626
internal_weight=2034 2012 1883 1752 174 131 1578 70 97 1508 129 84 109 64 77 89 69
internal_count=2034 2012 1883 1752 174 131 1578 70 97 1508 129 84 109 64 77 89 69
is_linear=0
shrinkage=0.03


Tree=29
num_leaves=25
num_cat=0
split_feature=23 24 23 15 16 21 24 11 21 21 11 24 20 15 9 16 24 17 23 24 24 16 15 20
split_gain=0.0239068 0.0142504 0.0288283 0.0185072 0.0275082 0.0244427 0.0123215 0.0119951 0.0127651 0.0103596 0.00998316 0.00931946 0.0125554 0.00915899 0.0164062 0.0112034 0.00950538 0.00620844 0.0060562 0.00539491 0.00487918 0.00373724 0.00132853 0.000515289
threshold=8.775800000000002 50.250000000000007 2.1493000000000007 0.018282776817423855 57.907924489719406 1.3150000000000002 49.45000000000001 1.0207095175261343 1.6850000000000003 1.8550000000000002 1.0355611780217253 51.750000000000007 92.38000106811522 0.0098759755214408024 1.0298020487369561 48.907610798061356 51.45000000000001 -0.0059804497229982495 4.918000000000001 49.650000000000013 51.350000000000001 50.137965392052458 0.011218101123659353 94.274997711181626
decision_type=2 2 2 2 2 2 2 2 2 2 2 2 2 2 2 2 2 2 2 2 2 2 2 2
left_child=1 3 13 5 19 -1 9 11 18 -7 -8 12 -4 14 20 23 -17 -13 -9 -5 -3 -21 -10 -15
right_child=-2 2 7 4 -6 6 10 8 22 -11 -12 17 -14 15 -16 16 -18 -19 -20 21 -22 -23 -24 -25
leaf_value=-0.0011143504933200099 -0.00096098470311287956 7.1707769487147743e-05 -0.0001248499380939297 0.00084398219635976207 -0.00064011559515545912 0.00047334143814330268 -0.00011748097727174405 0.00035370228871675754 -0.0007224370418007311 0 -0.00057864019883837659 -0.00067937756303165634 0.00028623883394516647 0.0007845177508145571 0.0013122234478609503 0.00025528759389139433 -9.4717447535674042e-05 -2.2927095655065312e-05 -0.00020537151572587448 0.00042107075317155405 0.00053842574443954694 0 -0.00030410241615902998 0.00028346520200514199
leaf_weight=21 22 63 94 34 21 48 570 33 31 211 50 20 178 24 20 131 132 64 30 45 51 24 80 37
leaf_count=21 22 63 94 34 21 48 570 33 31 211 50 20 178 24 20 131 132 64 30 45 51 24 80 37
internal_value=0 1.17063e-05 9.41933e-05 -6.49682e-05 0.00027018 -0.000114722 -8.61922e-05 -5.17365e-05 -0.000257662 7.97813e-05 -0.000160374 4.09491e-05 0.000133245 0.000269345 0.000489957 0.000167647 6.85627e-05 -0.000220673 4.15525e-05 0.00048899 0.000309456 0.000261652 -0.000453128 0.000538462
internal_weight=2034 2012 988 1024 124 900 879 530 174 259 620 356 272 458 134 324 263 84 63 103 114 69 111 61
internal_count=2034 2012 988 1024 124 900 879 530 174 259 620 356 272 458 134 324 263 84 63 103 114 69 111 61
is_linear=0
shrinkage=0.03


Tree=30
num_leaves=31
num_cat=0
split_feature=24 19 21 21 21 11 11 24 24 21 11 15 24 20 11 24 13 19 17 15 19 14 18 15 17 20 13 21 14 15
split_gain=0.017626 0.0233175 0.0189381 0.014253 0.0153338 0.0129595 0.0111782 0.012298 0.0102284 0.0146933 0.0114286 0.00912932 0.00920984 0.0149183 0.00984597 0.00839769 0.0120147 0.00886194 0.00803417 0.00757791 0.0062743 0.00529872 0.00486195 0.00732055 0.00473074 0.0036438 0.00335059 0.00334114 0.00282924 0.00251848
threshold=50.250000000000007 98.870050000000006 3.5250000000000004 2.8150000000000004 1.1250000000000002 1.0156798809713605 1.024757145788715 50.050000000000004 49.650000000000013 2.1750000000000003 1.0324673930111912 0.016219147563021504 51.150000000000013 96.685001373290959 1.071813011842405 51.850000000000001 0.97988474626447319 100.1632 0.0033905160899452501 0.0086932397315817016 103.69385000000001 0.023924853653559952 0.98298785401001532 0.014734565961447602 -0.0046862189926941992 90.935001373290959 0.99981484702146728 0.74500000000000011 0.0084724673207376509 0.018072348025255553
decision_type=2 2 2 2 2 2 2 2 2 2 2 2 2 2 2 2 2 2 2 2 2 2 2 2 2 2 2 2 2 2
left_child=2 11 3 4 -1 15 7 -4 10 -10 -6 12 13 26 18 16 -3 -18 -14 -7 22 27 23 -5 -17 -16 -2 -13 -21 -30
right_child=1 5 6 20 8 19 -8 -9 9 -11 -12 21 14 -15 25 24 17 -19 -20 28 -22 -23 -24 -25 -26 -27 -28 -29 29 -31
leaf_value=-0.00088116682347442424 0.00017973919678479429 0.000497765765645915 0.0010988487916253507 0 0.00020192441719410524 0.00018847075692610815 0 5.8164281601784745e-05 -1.4743107323738514e-05 -0.00038256282034970351 -0.00020543183501868045 8.5354955256272124e-05 0.00046878456238678078 0.00052121849037653403 -7.2641644758455771e-05 -0.00058456958622925661 -0.00020486013355009534 0.00016651026649536411 0.0012596759666792219 0 0 0.00041809152456952014 -0.0008303671793953981 -0.00056518549305136976 0 0.00038896331691648815 -0.00021696033563348466 -0.00027785944674953655 -0.00034430225813944493 0
leaf_weight=20 20 70 24 35 221 31 40 29 335 149 79 27 66 60 22 21 80 179 26 24 35 22 39 40 27 23 59 45 163 23
leaf_count=20 20 70 24 35 221 31 40 29 335 149 79 27 66 60 22 21 80 179 26 24 35 22 39 40 27 23 59 45 163 23
internal_value=0 9.142e-05 -8.51858e-05 -0.000127393 -7.26086e-05 -1.68748e-05 0.000312159 0.000596595 -4.70642e-05 -0.000134718 8.4361e-05 0.000279946 0.000366915 0.00016108 0.000551335 8.75141e-05 0.000147635 3.99161e-05 0.000735697 -0.000192255 -0.00040055 0 -0.000508305 -0.000292636 -0.000257943 0.000101399 -7.80387e-05 -0.000101255 -0.000263303 -0.000303056
internal_weight=2034 988 1046 953 804 618 93 53 784 484 300 370 276 139 137 377 329 259 92 241 149 94 114 75 48 45 79 72 210 186
internal_count=2034 988 1046 953 804 618 93 53 784 484 300 370 276 139 137 377 329 259 92 241 149 94 114 75 48 45 79 72 210 186
is_linear=0
shrinkage=0.03


Tree=31
num_leaves=19
num_cat=0
split_feature=23 22 22 14 15 11 9 4 19 14 15 19 15 23 6 22 21 4
split_gain=0.0216609 0.015553 0.01234 0.0108063 0.0200847 0.0217922 0.0133525 0.0120498 0.0101421 0.0118629 0.0220521 0.00935924 0.00974176 0.00727243 0.00490744 0.0041108 0.00321392 0.000257059
threshold=8.775800000000002 18.319999694824155 9.6599998474121076 0.0099080271948315517 0.0092711942976063024 0.99512159251524823 0.99905574225818417 0.010005645202630501 98.805550000000011 0.014250120828146402 0.012877719491906253 104.05040000000001 0.014006966617306852 8.2272000000000016 0.006746808534165801 20.510000228881804 2.3550000000000004 0.0010766423435419504
decision_type=2 2 2 2 2 2 2 2 2 2 2 2 2 2 2 2 2 2
left_child=1 2 -1 7 -5 13 -7 14 9 10 -4 12 -10 -6 15 -3 -11 -16
right_child=-2 3 8 4 5 6 -8 -9 11 16 -12 -13 -14 -15 17 -17 -18 -19
leaf_value=0.00055873392871581015 -0.00091481444357044016 0 0.00027054910517996177 -0.00082871213646087028 0.00035112687688775083 0.00021213647052168081 -0.00016020766941477236 0.0010051897598592483 -8.2115312309960278e-05 0.00063838891495162471 -0.0005328006876721595 0.00040073902712255306 -0.00033267355071431553 0 -0.0001068948608922905 0.00044474975319634024 1.1658595373813541e-05 0
leaf_weight=26 22 29 74 21 243 116 302 22 690 38 50 26 196 49 20 67 22 21
leaf_count=26 22 29 74 21 243 116 302 22 690 38 50 26 196 49 20 67 22 21
internal_value=0 1.10652e-05 -6.15218e-05 0.000105907 5.20364e-05 8.3435e-05 -4.94581e-05 0.000332954 -7.94665e-05 0.000115047 -3.10532e-05 -0.000122079 -0.000141238 0.000283431 0.000196763 0.000317055 0.000461726 -1.43127e-05
internal_weight=2034 2012 1122 890 731 710 418 159 1096 184 124 912 886 292 137 96 60 41
internal_count=2034 2012 1122 890 731 710 418 159 1096 184 124 912 886 292 137 96 60 41
is_linear=0
shrinkage=0.03


Tree=32
num_leaves=31
num_cat=0
split_feature=19 10 15 20 14 14 11 20 15 21 21 22 20 20 22 22 20 12 18 12 20 21 12 19 12 15 22 0 19 20
split_gain=0.0148535 0.0163603 0.023927 0.0147111 0.0134162 0.024311 0.0155401 0.0146398 0.0135641 0.0123049 0.021174 0.0095275 0.00833406 0.00965285 0.0087425 0.00726084 0.00697971 0.00523769 0.00505836 0.00479028 0.00415435 0.00401103 0.00361149 0.00376289 0.00300549 0.00297635 0.00280446 0.00259554 0.00257315 0.00158748
threshold=98.805550000000011 1.0271389310503267 0.019602230350724854 97.50500106811522 0.0092602030211348524 0.014220538330598451 0.96959096282549118 97.055000305175767 0.012791730901822252 2.2450000000000006 3.5250000000000004 17.319999694824155 92.220001220703111 94.57500076293941 23.319999694824155 20.824999809265055 102.79000091552702 1.0232899613812487 0.65664103723671874 0.98807730626276602 92.38000106811522 0.71500000000000008 1.0210908573890081 99.780900000000017 1.0316531570577141 0.015875362578722855 25.569999694824155 -0.0026860905211202493 101.02260000000001 95.465000152587862
decision_type=2 2 2 2 2 2 2 2 2 2 2 2 2 2 2 2 2 2 2 2 2 2 2 2 2 2 2 2 2 2
left_child=4 2 3 12 7 6 -6 20 21 18 -11 -10 14 -14 -2 22 -17 25 -5 -4 -1 -8 23 -3 29 26 -7 -27 -25 -24
right_child=1 15 19 9 5 17 8 -9 11 10 -12 -13 13 -15 -16 16 -18 -19 -20 -21 -22 -23 24 28 -26 27 -28 -29 -30 -31
leaf_value=0.00052277425204849117 -0.00027920712621656499 0 0.00013449485054720315 0.00026571582236369567 -0.00088004868431016802 0.00076298563704327782 0 0.0010707886496425739 -0.00067537310873740347 -0.00043865051443378573 0.00012520443629601027 0 0.00027228969734001326 1.2017840682077533e-05 0.0003417563591085906 -0.00090287465918754604 -6.9739575842574515e-05 0 -7.3045916146433093e-05 0.00081681858057466644 0 0.0003498164991135127 0.00026908027866323077 -0.00075233617079045094 -0.0002695046666194685 0.00039650237383320931 0.00014583440591237515 0 -0.00017243699273570781 0
leaf_weight=22 115 24 30 54 23 42 27 27 37 217 72 52 188 485 20 31 25 25 129 35 52 59 27 20 28 29 25 37 43 34
leaf_count=22 115 24 30 54 23 42 27 27 37 217 72 52 188 485 20 31 25 25 129 35 52 59 27 20 28 29 25 37 43 34
internal_value=0 -4.29697e-05 -5.20355e-07 -3.14404e-05 0.000151084 5.43242e-05 -0.000156667 0.000458851 -4.00888e-05 -0.000165682 -0.000287882 -0.00031195 4.33774e-05 8.9471e-05 -0.000163317 -0.000275132 -0.00059132 0.000336922 1.1513e-05 0.000554164 0.000184276 0.000207125 -0.000154805 -0.000291783 0 0.000412157 0.000582354 0.000188491 -0.000412286 9.82582e-05
internal_weight=2034 1577 1345 1280 457 356 198 101 175 472 289 89 808 673 135 232 56 158 183 65 74 86 176 87 89 133 67 66 63 61
internal_count=2034 1577 1345 1280 457 356 198 101 175 472 289 89 808 673 135 232 56 158 183 65 74 86 176 87 89 133 67 66 63 61
is_linear=0
shrinkage=0.03


Tree=33
num_leaves=18
num_cat=0
split_feature=23 19 23 11 23 15 21 15 19 21 11 7 11 21 11 8 21
split_gain=0.019767 0.0125916 0.012518 0.0123729 0.023384 0.0227205 0.0179431 0.0156655 0.0120602 0.00975492 0.0079196 0.0065991 0.00509115 0.00470758 0.00257555 0.00243261 0.0022155
threshold=8.775800000000002 95.960900000000009 0.5375000000000002 1.0103728552504598 2.0358000000000005 0.019602230350724854 1.1050000000000002 0.011609133788570552 98.853950000000012 2.2350000000000008 1.1045178701008191 0.014597921313367502 0.97966276543000086 0.76500000000000012 0.92994882209153784 1.012808313285932 0.63500000000000012
decision_type=2 2 2 2 2 2 2 2 2 2 2 2 2 2 2 2 2
left_child=1 10 9 5 7 6 -4 -5 -6 12 13 -7 -3 15 -11 16 -1
right_child=-2 2 3 4 8 11 -8 -9 -10 14 -12 -13 -14 -15 -16 -17 -18
leaf_value=0 -0.0008736959224485833 0.00018870277784911816 -0.00076374455893655178 0.00029860529707118673 9.8852975568085714e-05 0.0011779780225743624 7.6614490772598256e-05 -9.6900130221082328e-05 -0.00028377753179479757 -0.00013921730599366126 -0.00014616334684355284 0.00017273394919798839 -0.0003038752832849111 0.00088532355826880253 -0.00076615293712883783 0 0.00046863018297327747
leaf_weight=24 22 37 22 187 78 21 881 157 386 24 20 20 34 20 36 20 45
leaf_count=24 22 37 22 187 78 21 881 157 386 24 20 20 34 20 36 20 45
internal_value=0 1.07678e-05 -7.39235e-06 1.21882e-05 -7.19221e-05 8.73553e-05 5.19998e-05 0.000109645 -0.00021293 -0.000290099 0.000296945 0.000774832 -6.45735e-06 0.000406111 -0.000570952 0.000256449 0.000340342
internal_weight=2034 2012 1883 1752 808 944 903 344 464 131 129 41 71 109 60 89 69
internal_count=2034 2012 1883 1752 808 944 903 344 464 131 129 41 71 109 60 89 69
is_linear=0
shrinkage=0.03


Tree=34
num_leaves=20
num_cat=0
split_feature=23 22 21 24 11 8 22 22 20 11 17 23 23 10 11 23 13 11 21
split_gain=0.0186499 0.0141527 0.0124649 0.0144361 0.0173465 0.0119262 0.0119233 0.0115832 0.0116413 0.0106551 0.0189349 0.00953892 0.013391 0.013014 0.0108334 0.00825336 0.00769783 0.00580995 0.00674982
threshold=8.775800000000002 16.894999504089352 2.1550000000000007 49.45000000000001 1.0705548063417456 1.0291335532108479 9.6599998474121076 40.815000534057553 90.334999084472614 0.99108816547578793 -0.0078045058241302994 1.1259500000000002 2.5551000000000008 0.98571416133569179 1.034451061364851 8.064700000000002 0.99896019477765019 0.91774244246578551 1.7050000000000003
decision_type=2 2 2 2 2 2 2 2 2 2 2 2 2 2 2 2 2 2 2
left_child=1 6 5 4 15 7 -1 8 -3 10 -5 17 13 -13 -14 -4 -11 -8 -19
right_child=-2 2 3 9 -6 -7 11 -9 -10 16 -12 12 14 -15 -16 -17 -18 18 -20
leaf_value=0.00053794702366899915 -0.00084862465638181443 -0.00022999677802451786 0.000648226151950439 -0.00083197268641587081 -0.00035225561506942746 -0.00046838617552368142 3.3863043360826029e-05 -0.00030085645412856885 0.00028246035878660915 0 0.00012633177449305357 0.00029828928366620742 -0.00011703295647002003 -4.0694767356011829e-05 -0.00071473253304138776 0 -0.00046911815932309885 0 -0.00048885740109333052
leaf_weight=26 22 36 63 20 26 21 26 32 513 32 156 127 151 464 39 22 102 47 109
leaf_count=26 22 36 63 20 26 21 26 32 513 32 156 127 151 464 39 22 102 47 109
internal_value=0 1.04804e-05 8.99532e-05 -2.92178e-05 0.000253599 0.000178179 -6.8702e-05 0.000207468 0.000243045 -0.000140621 0 -8.8734e-05 -3.85171e-05 2.74628e-05 -0.000258525 0.000475744 -0.00034145 -0.000286444 -0.000358812
internal_weight=2034 2012 1023 421 111 602 989 581 549 310 176 963 781 591 190 85 134 182 156
internal_count=2034 2012 1023 421 111 602 989 581 549 310 176 963 781 591 190 85 134 182 156
is_linear=0
shrinkage=0.03


Tree=35
num_leaves=17
num_cat=0
split_feature=14 22 21 22 22 17 22 21 14 21 11 1 9 10 18 11
split_gain=0.0106123 0.0139645 0.0116528 0.0118341 0.0132743 0.0120817 0.0109598 0.0104071 0.0140758 0.0114647 0.00860198 0.00694034 0.00575599 0.00562602 0.0035665 0.00119337
threshold=0.023388845666950753 40.815000534057553 1.8350000000000002 18.319999694824155 22.925000190734853 0.0033636697344416005 9.6599998474121076 3.5250000000000004 0.012292192836657752 2.8450000000000002 1.0067724801542923 0.014395592397185403 1.0245557145224711 0.99385616593505821 0.96019144217557573 1.0161233968206149
decision_type=2 2 2 2 2 2 2 2 2 2 2 2 2 2 2 2
left_child=1 2 3 10 5 -5 -4 9 -9 -8 14 15 -6 -12 -1 -2
right_child=11 -3 6 4 12 -7 7 8 -10 -11 13 -13 -14 -15 -16 -17
leaf_value=0.0001852078426375066 0.00073671430648015492 -0.00078350219423217434 0.00052240631972219685 0.00022916122750172728 9.5060106047700773e-05 0.00087623769162995056 -4.3412530070884156e-05 0.00084493949789975881 0 -0.00027231129108944775 -0.00062817335839241014 0 -0.00038238066008314492 -9.181475243284525e-05 -6.1932217298845695e-05 0.00017389667938606671
leaf_weight=129 28 20 26 141 179 40 822 23 66 279 26 25 24 117 64 25
leaf_count=129 28 20 26 141 179 40 822 23 66 279 26 25 24 117 64 25
internal_value=0 -1.32863e-05 -3.3804e-06 9.05334e-05 0.000205241 0.000392674 -6.1481e-05 -7.7185e-05 0.000222759 -0.000104334 -3.18795e-05 0.00034136 2.23103e-05 -0.000213853 8.78939e-05 0.000534926
internal_weight=2034 1956 1936 720 384 181 1216 1190 89 1101 336 78 203 143 193 53
internal_count=2034 1956 1936 720 384 181 1216 1190 89 1101 336 78 203 143 193 53
is_linear=0
shrinkage=0.03


Tree=36
num_leaves=18
num_cat=0
split_feature=23 19 23 11 23 14 23 18 19 14 17 11 11 20 21 8 17
split_gain=0.0172515 0.0114379 0.0112269 0.011321 0.0212115 0.0161908 0.0112903 0.0139811 0.0111607 0.0106232 0.00813472 0.007346 0.00494932 0.00471614 0.00418193 0.00225574 0.00217232
threshold=8.775800000000002 95.960900000000009 0.5375000000000002 1.0103728552504598 2.0358000000000005 0.0083915364883820516 5.6545000000000014 0.3468507392796602 98.853950000000012 0.0116935969668515 -0.0029304749600018499 1.1045178701008191 1.003898223451184 96.25500106811522 0.76500000000000012 1.012808313285932 6.3874477387643351e-05
decision_type=2 2 2 2 2 2 2 2 2 2 2 2 2 2 2 2 2
left_child=1 11 9 6 5 -5 10 -8 -6 -3 -4 14 13 -11 15 16 -1
right_child=-2 2 3 4 8 -7 7 -9 -10 12 -12 -13 -14 -15 -16 -17 -18
leaf_value=0 -0.0008164586647332687 -0.00063681317273585585 0.00018449468309295441 0.00050003811558111018 9.5241660592617776e-05 0 -0.00021437876224668034 0.00043725141371980727 -0.00027197597046482442 0.00033447391943841734 -2.7412536690157506e-05 -0.00014101698739770136 -0.00045378059361662182 -0.00014363395786494947 0.00084460722794756288 0 0.00043237247058190405
leaf_weight=20 22 47 222 72 78 272 30 141 386 33 551 20 20 31 20 20 49
leaf_count=20 22 47 222 72 78 272 30 141 386 33 551 20 20 31 20 20 49
internal_value=0 9.8277e-06 -7.40978e-06 1.10442e-05 -6.93374e-05 0.000103295 8.30207e-05 0.000304907 -0.000203722 -0.000275156 2.97294e-05 0.00028264 -3.23949e-05 5.80896e-05 0.000388223 0.000244087 0.000324966
internal_weight=2034 2012 1883 1752 808 344 944 171 464 131 773 129 84 64 109 89 69
internal_count=2034 2012 1883 1752 808 344 944 171 464 131 773 129 84 64 109 89 69
is_linear=0
shrinkage=0.03


Tree=37
num_leaves=31
num_cat=0
split_feature=24 19 21 21 21 19 11 22 14 15 24 10 22 20 15 22 18 20 15 22 14 19 9 11 17 21 14 15 10 5
split_gain=0.014305 0.0176762 0.0158439 0.0113999 0.0140468 0.0111244 0.0108982 0.0123649 0.00968997 0.00950075 0.00926304 0.00964942 0.00923038 0.0101955 0.00766571 0.00960436 0.0107255 0.00662554 0.00637674 0.00494685 0.00463676 0.00437984 0.00411903 0.00333586 0.00278147 0.00254141 0.00233009 0.00235617 0.00193642 0.00132559
threshold=50.250000000000007 98.870050000000006 3.5250000000000004 1.1250000000000002 1.8050000000000004 102.41995000000001 1.0156798809713605 21.525000572204554 0.012292192836657752 0.017312175234821654 51.850000000000001 0.97803543895002287 13.0650000572204 93.944999694824162 0.016219147563021504 22.850000381469652 0.61221476665622354 96.645000457763658 0.0086932397315817016 16.144999504089302 0.023924853653559952 104.08085000000001 0.99490246889401168 1.0460290961167387 0.0019349414506572001 0.70500000000000007 0.0084724673207376509 0.018072348025255553 0.99460856707875356 0.0028335953869860005
decision_type=2 2 2 2 2 2 2 2 2 2 2 2 2 2 2 2 2 2 2 2 2 2 2 2 2 2 2 2 2 2
left_child=2 14 3 -1 12 9 7 10 -4 -6 11 -3 28 -14 15 16 -2 25 -8 -18 23 -7 -10 -16 -19 -17 -20 -28 -5 -24
right_child=1 6 8 4 5 21 18 -9 22 -11 -12 -13 13 -15 20 17 19 24 26 -21 -22 -23 29 -25 -26 -27 27 -29 -30 -31
leaf_value=-0.00082674692464726311 6.968549659094684e-06 0.00040370654034285015 0.00082048799417680127 -0.00053504110281521987 -0.00030205416836119305 0.00014682140181413906 0.00017270586995073243 0.0005717190646038424 0.00041938870327166197 1.4233620535463179e-05 -0.0004029303265968338 0 -0.00024501732919841656 0.00023657373747539137 0 -0.00025725397065508407 0.00032799241913432657 0.00061808927287347615 0 0.00087470997556830918 0.00038263755359018787 -0.00029465261668982828 8.5929887337160455e-06 -0.00036236253416101482 2.2230904407998808e-05 5.8545040258572296e-05 -0.00031453375137878133 0 0 -0.00024070273219099777
leaf_weight=20 43 64 23 20 418 109 31 41 21 85 39 233 42 212 44 36 55 23 24 58 22 21 28 28 27 34 163 23 26 21
leaf_count=20 43 64 23 20 418 109 31 41 21 85 39 233 42 212 44 36 55 23 24 58 22 21 28 28 27 34 163 23 26 21
internal_value=0 8.22458e-05 -7.68562e-05 -0.000115661 -9.6337e-05 -0.000177711 -1.14057e-05 8.39873e-05 0.000285872 -0.000242731 1.40504e-05 8.0041e-05 6.54147e-05 0.000144527 0.000246365 0.000325882 0.000485873 9.0804e-05 -0.000172758 0.000640136 0 5.09007e-05 5.88773e-05 -0.000105052 0.000361894 -6.29482e-05 -0.000238549 -0.000274634 -0.000301375 -4.09253e-05
internal_weight=2034 988 1046 953 933 633 618 377 93 503 336 297 300 254 370 276 156 120 241 113 94 130 70 72 50 70 210 186 46 49
internal_count=2034 988 1046 953 933 633 618 377 93 503 336 297 300 254 370 276 156 120 241 113 94 130 70 72 50 70 210 186 46 49
is_linear=0
shrinkage=0.03


Tree=38
num_leaves=27
num_cat=0
split_feature=23 22 24 23 15 18 14 18 16 15 23 22 15 22 17 17 20 13 22 23 16 6 14 16 15 8
split_gain=0.0160314 0.0120601 0.0107984 0.0121122 0.0102732 0.00950436 0.00882712 0.00999753 0.0175712 0.0208179 0.00997153 0.00844606 0.00815327 0.00725826 0.0170402 0.00856529 0.00701805 0.00779441 0.00584456 0.00551892 0.00529337 0.00513135 0.00368185 0.00319695 0.00233538 0.00189209
threshold=8.775800000000002 18.319999694824155 51.050000000000004 2.1493000000000007 0.014023865174541402 0.96019144217557573 0.0083477709847365519 0.38243504772803755 52.434660133333303 0.018485685120263402 1.4393000000000002 26.020000457763654 0.020654854432958003 13.124999999999952 -0.0044018415898574989 -0.00024963518357554995 95.584999084472614 1.0249795110246669 15.230000019073453 0.5375000000000002 48.096376726614942 0.0064384463384956009 0.0070930158139332006 54.028763049653364 0.015799386430559302 1.0049948978092875
decision_type=2 2 2 2 2 2 2 2 2 2 2 2 2 2 2 2 2 2 2 2 2 2 2 2 2 2
left_child=1 2 4 16 5 19 21 10 9 -9 25 -12 -10 15 -15 -5 17 -4 -7 -1 24 22 -3 -18 -6 -8
right_child=-2 6 3 13 20 18 7 8 12 -11 11 -13 -14 14 -16 -17 23 -19 -20 -21 -22 -23 -24 -25 -26 -27
leaf_value=-0.00027665409872438325 -0.00078683749556986864 0.00023277069924387901 0.00078623958977942277 1.1624929650172001e-05 -0.00025587836258551653 -0.00037294760365018322 0.00038677102882814197 0.00011278398054945928 0 0.0006721271562499596 -5.8158856519918523e-05 -0.00069205432828479952 -0.0005089169871700447 -0.00057272265478968624 0.00035934936356206892 -0.00035391897551161023 0.00025077909502071511 8.2523193535474467e-05 0 8.1152774038801694e-05 -0.0005596682714797982 0 0.00090023617019228963 -7.9513486419968739e-05 1.0286126043259471e-05 0
leaf_weight=42 22 40 38 94 50 111 20 273 282 84 61 38 30 20 79 105 42 40 68 286 71 20 22 50 26 20
leaf_count=42 22 40 38 94 50 111 20 273 282 84 61 38 30 20 79 105 42 40 68 286 71 20 22 50 26 20
internal_value=0 9.68009e-06 -5.40376e-05 5.13536e-05 -0.000133999 -6.24034e-05 9.33449e-05 5.86051e-05 0.000109444 0.000254284 -0.000163686 -0.00033596 -4.69841e-05 -5.58203e-05 0.000137208 -0.000167055 0.000255995 0.000468947 -0.00023942 2.55159e-05 -0.000358569 0.000394684 0.000527762 4.00894e-05 -0.00012691 0.000187314
internal_weight=2034 2012 1122 468 654 507 890 808 669 357 139 99 312 298 99 199 170 78 179 328 147 82 62 92 76 40
internal_count=2034 2012 1122 468 654 507 890 808 669 357 139 99 312 298 99 199 170 78 179 328 147 82 62 92 76 40
is_linear=0
shrinkage=0.03


Tree=39
num_leaves=18
num_cat=0
split_feature=23 22 22 14 19 15 13 22 23 19 24 23 23 22 11 23 14
split_gain=0.0151252 0.0114239 0.0100835 0.00890349 0.00851401 0.00819624 0.0191515 0.0113185 0.0102025 0.00815562 0.0072687 0.00636191 0.0128122 0.00596718 0.00563099 0.00359732 0.00201969
threshold=8.775800000000002 16.894999504089352 9.6599998474121076 0.0083477709847365519 104.05040000000001 0.018282776817423855 1.0115965538298075 36.079999923706005 8.2073500000000017 100.42605000000002 49.650000000000013 1.1259500000000002 1.7358000000000002 20.624999999999954 0.91774244246578551 1.3007500000000001 0.0062273612360975511
decision_type=2 2 2 2 2 2 2 2 2 2 2 2 2 2 2 2 2
left_child=1 2 -1 9 11 7 10 8 -5 15 -7 14 -13 -8 -4 -3 -11
right_child=-2 3 4 5 -6 6 13 -9 -10 16 -12 12 -14 -15 -16 -17 -18
leaf_value=0.00049537814804999575 -0.00076425868399825926 0.00022212857221893498 5.8897516903622683e-05 6.5231546239590438e-05 0.00045686159963952377 0.0010468647597091539 0.00021289984154282136 -0.00063858064601663507 -0.0003130206325247335 -0.0001241271594158856 0.00030725473471993232 0.00015739246558334107 -0.00012602110970421639 -0.00031101741668204669 -0.00033269753479354291 0.00099503720424730683 0.00021876975764462258
leaf_weight=26 22 26 26 639 23 20 23 23 69 20 97 183 575 54 156 21 31
leaf_count=26 22 26 26 639 23 20 23 23 69 20 97 183 575 54 156 21 31
internal_value=0 9.41902e-06 -6.15468e-05 8.0949e-05 -8.01935e-05 4.81745e-05 0.000221019 0 2.37472e-05 0.000356386 0.000466908 -9.69939e-05 -5.35283e-05 -0.000115338 -0.000260346 0.000643506 2.6807e-05
internal_weight=2034 2012 989 1023 963 925 194 731 708 98 117 940 758 77 182 47 51
internal_count=2034 2012 989 1023 963 925 194 731 708 98 117 940 758 77 182 47 51
is_linear=0
shrinkage=0.03


Tree=40
num_leaves=19
num_cat=0
split_feature=23 19 23 11 15 23 15 19 20 14 11 24 10 20 21 8 17 21
split_gain=0.014278 0.00984693 0.00954637 0.0104233 0.0244967 0.0207451 0.0250565 0.0138461 0.00984739 0.00962929 0.00670393 0.00661939 0.00454211 0.00449524 0.00363636 0.00205516 0.00200784 0.000153218
threshold=8.775800000000002 95.960900000000009 0.5375000000000002 1.0324673930111912 0.018282776817423855 2.0116000000000005 0.0096275564577782517 98.363800000000012 91.795001983642564 0.0116935969668515 1.1045178701008191 49.95000000000001 1.0068854444866815 96.25500106811522 0.76500000000000012 1.012808313285932 6.3874477387643351e-05 2.2750000000000004
decision_type=2 2 2 2 2 2 2 2 2 2 2 2 2 2 2 2 2 2
left_child=1 10 9 4 7 6 -5 -4 -7 17 14 -6 13 -11 15 16 -1 -3
right_child=-2 2 3 5 11 8 -8 -9 -10 12 -12 -13 -14 -15 -16 -17 -18 -19
leaf_value=0 -0.00074232777993260557 -0.00026130354707577054 -0.00058717084930024366 0.00074223212821942228 0.00093901249657963107 5.4284116004904105e-05 -5.2482176703761517e-05 3.3723945742694298e-05 -0.00038514217245756298 0.00032671165194894588 -0.0001393826619439226 0.00028316667935260656 -0.00042849068410162416 -0.00013682273848943653 0.00079412190922136818 0 0.0004066863264050335 -0.00082024779182899253
leaf_weight=20 22 25 32 43 28 44 163 1159 207 34 20 76 20 30 20 20 49 22
leaf_count=20 22 25 32 43 28 44 163 1159 207 34 20 76 20 30 20 20 49 22
internal_value=0 9.35092e-06 -6.52962e-06 1.03609e-05 5.53845e-05 -0.000110515 0.000101696 1.40463e-05 -0.000296297 -0.000253519 0.000262502 0.000495573 -2.12341e-05 6.45139e-05 0.000364111 0.000226397 0.000303848 -0.000597075
internal_weight=2034 2012 1883 1752 1295 457 206 1191 251 131 129 104 84 64 109 89 69 47
internal_count=2034 2012 1883 1752 1295 457 206 1191 251 131 129 104 84 64 109 89 69 47
is_linear=0
shrinkage=0.03


Tree=41
num_leaves=31
num_cat=0
split_feature=24 19 24 15 22 22 17 11 11 22 21 16 24 20 19 22 15 22 22 11 20 22 21 22 20 15 15 22 21 14
split_gain=0.0123389 0.0160887 0.0141094 0.0136906 0.0163188 0.0106305 0.0129058 0.0107699 0.0099717 0.0113293 0.00995227 0.00882333 0.0083335 0.00809845 0.00759788 0.00745363 0.00708985 0.00921939 0.00777192 0.0103363 0.00672884 0.00655497 0.00738327 0.00585353 0.00576962 0.00562695 0.00524686 0.00440325 0.00439278 0.00420939
threshold=50.250000000000007 98.870050000000006 49.45000000000001 0.010799157177793053 21.154999732971152 14.784999847412053 0.0033039260499242505 1.0317730044349427 1.0156798809713605 21.525000572204554 2.8450000000000002 58.713061001799709 51.850000000000001 91.854999542236314 101.23795000000001 19.404999732971152 0.016219147563021504 22.690000534057553 16.144999504089302 1.0730662020269586 98.295001983642564 13.0650000572204 1.8450000000000004 25.734999656677203 96.645000457763658 0.0086932397315817016 0.011099622681272002 23.954999923706001 2.9850000000000008 0.023924853653559952
decision_type=2 2 2 2 2 2 2 2 2 2 2 2 2 2 2 2 2 2 2 2 2 2 2 2 2 2 2 2 2 2
left_child=2 16 5 4 21 26 7 23 9 12 11 15 13 -3 27 -5 17 18 20 -20 -2 -4 -23 -7 -19 -10 -1 -12 -16 -18
right_child=1 8 3 10 -6 6 -8 -9 25 -11 14 -13 -14 -15 28 -17 29 24 19 -21 -22 22 -24 -25 -26 -27 -28 -29 -30 -31
leaf_value=0 -7.8195436106761902e-05 -0.00020815481097365376 -0.0006723467162007402 -5.3848628399603996e-05 -0.0012078557553967194 0.00073028323918115348 -8.7827533781819511e-05 0 0.00015334531546250217 0.00054527288838562523 -4.2583764242210784e-05 -0.00037322413902524316 -0.00038390908277942799 0.00016216894993901357 -0.00037202019377663317 0.00019779253067947657 -0.00010340216257573545 -5.2026099884863685e-05 0.00094957595277250773 1.5842445802105502e-05 0.00042259174335049465 0.00013654381675587499 -0.0003182608199299274 0 0.00033939276649208995 -0.0002288159316304825 -0.00054076285014993382 -0.00075530132603867403 8.4057020310638098e-05 0.00036163463228908567
leaf_weight=86 29 62 28 240 20 69 55 34 31 41 22 50 39 235 26 174 72 73 51 22 51 47 70 20 50 210 20 38 47 22
leaf_count=86 29 62 28 240 20 69 55 34 31 41 22 50 39 235 26 174 72 73 51 22 51 47 70 20 50 210 20 38 47 22
internal_value=0 7.67742e-05 -7.0984e-05 -0.000139908 -0.000384973 0.000103261 0.000250002 0.000424747 -1.23908e-05 7.85799e-05 -6.66292e-05 0 1.12812e-05 7.43561e-05 -0.000294373 4.49064e-05 0.000233422 0.000309857 0.000469943 0.000712734 0.000205295 -0.000243428 -0.000110529 0.000596879 8.43476e-05 -0.000166831 -0.000115149 -0.000548134 -4.06731e-05 0
internal_weight=2034 988 1046 762 165 284 178 123 618 377 597 464 336 297 133 414 370 276 153 73 80 145 117 89 123 241 106 60 73 94
internal_count=2034 988 1046 762 165 284 178 123 618 377 597 464 336 297 133 414 370 276 153 73 80 145 117 89 123 241 106 60 73 94
is_linear=0
shrinkage=0.03


Tree=42
num_leaves=29
num_cat=0
split_feature=23 22 24 23 15 18 21 24 11 7 15 9 14 11 9 23 21 11 10 20 10 21 10 22 9 16 18 5
split_gain=0.0126635 0.0100313 0.00963027 0.0113508 0.00973077 0.00892343 0.00778516 0.0103218 0.0146384 0.00980824 0.0143292 0.00887597 0.00951479 0.00862026 0.00888651 0.0078394 0.00751386 0.00961294 0.00684915 0.00670192 0.00917622 0.00617074 0.00528361 0.00514119 0.00427391 0.00299033 0.00249828 0.000652631
threshold=8.775800000000002 18.319999694824155 51.050000000000004 2.1493000000000007 0.014023865174541402 0.96019144217557573 2.1550000000000007 49.45000000000001 1.0705548063417456 0.020155628355275356 0.011424220456581652 0.99508123713967211 0.0079370456827197507 1.0003473090281509 0.99118657242571828 8.064700000000002 1.7150000000000001 1.0231948516886804 1.0204183420971711 95.584999084472614 1.0304109153220784 1.8750000000000002 0.96423594213751362 15.230000019073453 0.99750909829774692 54.028763049653364 0.39545001970317867 -0.00071359787165324996
decision_type=2 2 2 2 2 2 2 2 2 2 2 2 2 2 2 2 2 2 2 2 2 2 2 2 2 2 2 2
left_child=1 2 4 19 5 21 9 8 15 11 -11 27 -13 14 -9 -8 -5 -18 -12 20 -4 -1 -6 -7 -15 -21 -24 -3
right_child=-2 6 3 16 22 23 7 13 -10 10 18 12 -14 24 -16 -17 17 -19 -20 25 -22 -23 26 -25 -26 -27 -28 -29
leaf_value=0.00016848292855623488 -0.00069935233860641069 0.00064226594192531091 0.00077546004723848358 0.000444112695551113 0 -0.00035250659941110429 0.00063413935204454015 -0.00019905089108838834 -0.00031237909166763231 -0.00070754360418766738 0.00027723287582364931 0.00063353847021608092 5.9453064578736389e-05 0 0.00023170547706580815 0 0 -0.00040371413967416932 -0.00021933053866343791 0.00024133847643374896 3.1787475481486086e-05 -8.6184775259165946e-05 0 0 -0.0004306216335222948 -7.806659594301463e-05 -0.00048483645931768338 0.0002701186559817596
leaf_weight=161 22 51 40 22 22 111 57 83 26 24 67 31 251 26 86 22 205 71 33 42 38 167 22 68 81 50 103 52
leaf_count=161 22 51 40 22 22 111 57 83 26 24 67 31 251 26 86 22 205 71 33 42 38 167 22 68 81 50 103 52
internal_value=0 8.57544e-06 -4.9392e-05 4.99357e-05 -0.000125018 -5.5271e-05 8.49939e-05 -1.03297e-05 0.000232467 0.000162109 -5.03519e-05 0.000238263 0.000135178 -0.000114034 2.57707e-06 0.000450947 -5.35448e-05 -0.000105504 8.31148e-05 0.000248127 0.000456121 2.98334e-05 -0.000343307 -0.000227183 -0.000324311 3.65178e-05 -0.000419736 0.000487636
internal_weight=2034 2012 1122 468 654 507 890 381 105 509 124 385 282 276 169 79 298 276 100 170 78 328 147 179 107 92 125 103
internal_count=2034 2012 1122 468 654 507 890 381 105 509 124 385 282 276 169 79 298 276 100 170 78 328 147 179 107 92 125 103
is_linear=0
shrinkage=0.03


Tree=43
num_leaves=30
num_cat=0
split_feature=23 22 24 23 15 22 21 19 19 21 24 11 7 15 9 9 11 9 23 10 20 10 10 13 11 16 11 18 19
split_gain=0.0119478 0.00945235 0.00912269 0.0107213 0.0091361 0.00842749 0.0093606 0.00771828 0.0105562 0.00737936 0.00966154 0.0138283 0.00932137 0.0134969 0.00834356 0.00848426 0.00811258 0.0083678 0.00740415 0.00646817 0.00634791 0.00860471 0.0050321 0.00429216 0.00367541 0.00282976 0.00248432 0.00228573 0.000884083
threshold=8.775800000000002 18.319999694824155 51.050000000000004 2.1493000000000007 0.014023865174541402 13.170000076293901 1.8750000000000002 99.006450000000015 104.09700000000001 2.1550000000000007 49.45000000000001 1.0705548063417456 0.020155628355275356 0.011424220456581652 0.99508123713967211 1.0156738041825941 1.0003473090281509 0.99118657242571828 8.064700000000002 1.0204183420971711 95.584999084472614 1.0351025775032114 0.96423594213751362 0.99896019477765019 0.98492317669072327 55.722116661119394 1.0218026970070291 0.39545001970317867 101.03525
decision_type=2 2 2 2 2 2 2 2 2 2 2 2 2 2 2 2 2 2 2 2 2 2 2 2 2 2 2 2 2
left_child=1 2 4 20 5 24 -7 26 -9 12 11 18 14 -14 28 -16 17 -12 -11 -15 21 -4 -6 -18 -1 -22 -5 -24 -3
right_child=-2 9 3 7 22 6 -8 8 -10 10 16 -13 13 19 15 -17 23 -19 -20 -21 25 -23 27 -25 -26 -27 -28 -29 -30
leaf_value=0 -0.00067928396359733911 0.00053554367343895139 0.00072785098672929131 0.00051138435636780086 0 0.00017440495589083485 -0.00012227778773763929 -0.000208303686030585 0.00046415012038570632 0.0006154431825684852 -0.00019315045798014451 -0.00030335480402896389 -0.00068716633955016729 0.000269038192647927 0 0.00032048379257154365 0 0.00022483421265998663 0 -0.00021294414733111968 0.00022067814140315563 1.1483511286011539e-06 0 -0.00040900084699086581 -0.00033928580237139083 -8.8568104811240616e-05 1.1449774095256409e-05 -0.00047043121950600126 6.3066531405118947e-05
leaf_weight=23 22 83 43 20 22 179 199 217 20 57 83 26 24 67 161 121 21 86 22 33 46 35 22 86 106 46 41 103 20
leaf_count=23 22 83 43 20 22 179 199 217 20 57 83 26 24 67 161 121 21 86 22 33 46 35 22 86 106 46 41 103 20
internal_value=0 8.34442e-06 -4.78755e-05 4.86842e-05 -0.000121522 -5.37123e-05 1.03887e-05 -5.16491e-05 -0.00013724 8.25606e-05 -1.00587e-05 0.000224536 0.000157655 -4.89973e-05 0.000231939 0.000131514 -0.000110625 1.97611e-06 0.000437392 7.97475e-05 0.00024138 0.000443883 -0.000333184 -0.000314622 -0.000263255 3.45072e-05 0.000229354 -0.000407846 0.000474135
internal_weight=2034 2012 1122 468 654 507 378 298 237 890 381 105 509 124 385 282 276 169 79 100 170 78 147 107 129 92 61 125 103
internal_count=2034 2012 1122 468 654 507 378 298 237 890 381 105 509 124 385 282 276 169 79 100 170 78 147 107 129 92 61 125 103
is_linear=0
shrinkage=0.03


Tree=44
num_leaves=16
num_cat=0
split_feature=23 22 22 19 19 23 20 7 22 11 10 23 24 19 11
split_gain=0.0112757 0.00893388 0.00860418 0.00761008 0.00642227 0.0115661 0.00804102 0.0078875 0.0108687 0.00892618 0.00622323 0.00485402 0.00428869 0.00238867 0.00257408
threshold=8.775800000000002 16.894999504089352 9.6599998474121076 104.05040000000001 101.43405000000001 2.7947500000000001 90.334999084472614 0.0088681502752017017 40.815000534057553 1.0820506859727186 0.97893690021065027 0.5375000000000002 51.850000000000001 104.08085000000001 1.0097376437413186
decision_type=2 2 2 2 2 2 2 2 2 2 2 2 2 2 2
left_child=1 2 -1 10 6 13 -3 9 -9 -8 12 -12 -4 14 -6
right_child=-2 4 3 -5 5 -7 7 8 -10 -11 11 -13 -14 -15 -16
leaf_value=0.00045943140431255517 -0.00065979146906782111 -0.00028442006088589552 0.00010238124845172604 0.00043568584095555709 0.00013726562681144321 -0.00069478345770039595 0.00035594607523204618 9.819184103987191e-05 -0.00052773334488272672 -0.00021020380972715263 -0.00053990522088033369 -0.00010949233213007529 -0.00030599864196847191 -0.00028470542528001325 -0.00014764729419257491
leaf_weight=26 22 39 192 23 111 23 200 556 24 21 28 697 23 20 29
leaf_count=26 22 39 192 23 111 23 200 556 24 21 28 697 23 20 29
internal_value=0 8.2106e-06 -5.43497e-05 -7.17955e-05 7.16153e-05 -7.99418e-05 0.000108256 0.000131447 6.62642e-05 0.000287931 -8.78505e-05 -0.000130968 4.35908e-05 0 5.63428e-05
internal_weight=2034 2012 989 963 1023 183 840 801 580 221 940 725 215 160 140
internal_count=2034 2012 989 963 1023 183 840 801 580 221 940 725 215 160 140
is_linear=0
shrinkage=0.03


Tree=45
num_leaves=31
num_cat=0
split_feature=24 23 24 15 19 23 8 24 19 11 19 19 11 17 11 6 23 1 10 23 19 7 16 10 14 2 11 19 15 19
split_gain=0.0107735 0.0184227 0.0131184 0.0138826 0.0111257 0.00958498 0.00904685 0.00859732 0.0083676 0.00782571 0.0121661 0.00821136 0.00777602 0.00887292 0.00768021 0.00686243 0.0106633 0.0113688 0.00635713 0.00698469 0.00634687 0.00626352 0.0059945 0.0056853 0.00562741 0.00492139 0.00397809 0.00390979 0.00343019 0.00299784
threshold=50.250000000000007 2.1493000000000007 49.550000000000004 0.018282776817423855 98.600400000000022 8.2073500000000017 0.99931883332788451 51.750000000000007 103.03685 1.0324673930111912 101.27910000000001 102.73805000000002 1.003898223451184 -0.0059804497229982495 0.97966276543000086 0.0083159122285628526 1.6552000000000002 -0.00018693536262399997 0.97803543895002287 2.3315000000000006 99.006450000000015 0.014034306368386951 55.857593684793066 0.98571416133569179 0.010658019603446351 0.00050795714899240008 1.0477480164510509 99.729450000000014 0.011484223154061753 100.1632
decision_type=2 2 2 2 2 2 2 2 2 2 2 2 2 2 2 2 2 2 2 2 2 2 2 2 2 2 2 2 2 2
left_child=2 15 9 4 -4 24 7 18 -9 10 27 14 13 -5 -12 16 22 28 -3 -20 26 -11 -2 -22 -6 -19 -8 -1 -18 -25
right_child=1 6 3 12 5 -7 20 8 -10 21 11 -13 -14 -15 -16 -17 17 25 19 -21 23 -23 -24 29 -26 -27 -28 -29 -30 -31
leaf_value=0.00014378179078498347 0.00032635030874341396 0.00047886853630531252 -0.00074570833668445363 0 -0.00025603190311647981 -0.00060450162133731116 0.00036530277834713671 0 -0.00057689207801595336 -0.00030305317766539267 0.00023785098583903162 0.00044177163140024853 -0.00011244853858824637 0.00065487020915024909 -0.00020271701681804188 0 0.00036384259274927899 0.00031789499264329584 -0.00033782539521884505 0.00017137220198786931 7.4420571904808554e-05 0.0001122086292242023 0 -0.00056776176811176903 -3.4952520561276783e-05 0.00093866198182571657 -0.00011889143686984543 0.00095974363054594271 -6.918100115933245e-05 -0.00020378169570268062
leaf_weight=21 72 50 34 25 180 43 26 57 29 68 53 40 40 39 95 126 23 42 27 120 25 48 116 48 338 49 22 22 30 126
leaf_count=21 72 50 34 25 180 43 26 57 29 68 53 40 40 39 95 126 23 42 27 120 25 48 116 48 338 49 22 22 30 126
internal_value=0 7.14388e-05 -6.66343e-05 -0.000142981 -0.000201155 -0.000161546 -4.43451e-05 6.36963e-05 -0.000167925 7.85075e-05 0.000184194 6.08241e-05 0.000160018 0.000375573 -2.42744e-05 0.000211765 0.000283478 0.00048407 0.000180299 5.59252e-05 -0.000179988 -0.000106089 0.000112212 -0.000258828 -0.000117901 0.000691332 8.42586e-05 0.000641757 6.64372e-05 -0.000324003
internal_weight=2034 988 1046 699 595 561 530 283 86 347 231 188 104 64 148 458 332 144 197 147 247 116 188 199 518 91 48 43 53 174
internal_count=2034 988 1046 699 595 561 530 283 86 347 231 188 104 64 148 458 332 144 197 147 247 116 188 199 518 91 48 43 53 174
is_linear=0
shrinkage=0.03


Tree=46
num_leaves=25
num_cat=0
split_feature=23 22 24 23 15 18 17 14 14 15 16 4 17 18 23 24 21 10 22 6 20 18 16 17
split_gain=0.0101931 0.00803798 0.00817103 0.0094194 0.00870658 0.00829742 0.00795205 0.00772525 0.00736051 0.0146388 0.015604 0.00936029 0.00914524 0.00684513 0.00668907 0.0064523 0.00554167 0.00465448 0.00447989 0.00347406 0.00520978 0.00210866 0.00181886 0.000254731
threshold=8.775800000000002 18.319999694824155 51.050000000000004 2.0358000000000005 0.014023865174541402 0.96019144217557573 0.0015229768892709502 0.014737505688862352 0.0099080271948315517 0.0092711942976063024 49.81515270170339 0.010005645202630501 -0.0086770964816673974 1.0014510383243349 2.7947500000000001 51.750000000000007 1.8750000000000002 0.96423594213751362 15.230000019073453 0.006746808534165801 96.615001678466768 0.39545001970317867 68.563412970306018 0.0014845577571074003
decision_type=2 2 2 2 2 2 2 2 2 2 2 2 2 2 2 2 2 2 2 2 2 2 2 2
left_child=1 2 4 6 5 16 -4 14 11 -10 12 19 -11 -12 -5 -9 -1 -6 -7 20 -3 -19 -8 -21
right_child=-2 8 3 7 17 18 22 15 9 10 13 -13 -14 -15 -16 -17 -18 21 -20 23 -22 -23 -24 -25
leaf_value=0.00016561852787102299 -0.00062745415040737259 0 0.0005366059391649047 -2.9745754557759683e-05 0 -0.00033086997987629726 -8.5939079680404546e-05 0 -0.00072124305127760065 -0.00031220651170323516 1.1107132388377568e-05 0.00085370073253896253 0.00027009495830094106 -0.00025170748131232289 -0.00044628970680059868 0.0004820534855942242 -7.4515610421907954e-05 0 0 0 0.000478390266929004 -0.00045213857793644885 0.00019534964034877096 -0.00011338446269344005
leaf_weight=161 22 51 56 201 22 111 36 54 21 21 282 22 289 118 47 39 167 22 68 21 45 103 35 20
leaf_count=161 22 51 56 201 22 111 36 54 21 21 282 22 289 118 47 39 167 22 68 21 45 103 35 20
internal_value=0 7.67926e-06 -4.40328e-05 4.71555e-05 -0.000113839 -4.759e-05 0.000269058 -2.72615e-05 7.62146e-05 3.11226e-05 5.85782e-05 0.000263284 0.000220125 -5.93762e-05 -0.000122211 0.000192629 3.43817e-05 -0.000320196 -0.000213818 0.000141234 0.000245341 -0.000392012 1.1845e-05 -3.11369e-05
internal_weight=2034 2012 1122 468 654 507 127 341 890 731 710 159 310 400 248 93 328 147 179 137 96 125 71 41
internal_count=2034 2012 1122 468 654 507 127 341 890 731 710 159 310 400 248 93 328 147 179 137 96 125 71 41
is_linear=0
shrinkage=0.03


Tree=47
num_leaves=31
num_cat=0
split_feature=24 24 16 15 22 21 15 9 10 15 20 21 21 11 21 11 20 24 18 17 4 22 24 9 24 15 11 16 16 4
split_gain=0.00993315 0.0124274 0.0130183 0.0156355 0.016663 0.0137209 0.0105822 0.0169671 0.011902 0.0116689 0.0110892 0.00913228 0.00929603 0.0136913 0.00802841 0.00778175 0.0120599 0.00611959 0.00601269 0.00589235 0.00497142 0.00417926 0.00404068 0.00304408 0.00248226 0.00454542 0.00347926 0.00212615 0.00297811 0.00201172
threshold=50.250000000000007 49.550000000000004 58.302249698317638 0.017765102101412102 32.395000457763608 2.2350000000000008 0.0097829319657951521 1.0282650036444945 0.97803543895002287 0.012713194380962002 90.334999084472614 1.8550000000000002 3.5250000000000004 1.0254766637047317 2.2750000000000004 0.99326366196089866 97.56499862670897 51.850000000000001 0.61221476665622354 -0.0022774906850346996 0.012377496240882651 14.474999904632552 51.750000000000007 0.9896959020404722 51.350000000000001 0.0089813526228873525 1.0127311435887372 60.509016529078359 63.908795031492026 -0.0055889595215587494
decision_type=2 2 2 2 2 2 2 2 2 2 2 2 2 2 2 2 2 2 2 2 2 2 2 2 2 2 2 2 2 2
left_child=1 11 3 4 5 -3 7 18 9 22 29 21 15 -14 19 -13 -17 -16 -2 -12 23 -1 -8 -5 26 -26 -20 -4 -29 -10
right_child=6 2 27 20 -6 -7 8 -9 10 -11 14 12 13 -15 17 16 -18 -19 24 -21 -22 -23 -24 -25 25 -27 -28 28 -30 -31
leaf_value=0 -8.3591477198631691e-05 3.1905388648976704e-06 -0.00083106115005082552 -4.4050690219072354e-05 -0.00093244012875482439 -0.00030799387512001709 0.00019297767974152836 0.0010557764293018567 0 0.00055426879512079344 -0.00011748562470628795 0.00016009611631161532 0.00088741295870393511 0 -4.5966325131671565e-05 0 -0.00049364777202414269 -0.0005664908688236028 0.00026359784791174414 0.00017681452594670255 0.00065074843819678315 0.00070817839613716523 -0.00034811650718683787 0.00027876155854560575 0.0006232796424370271 0 -0.00016945961510381576 0 -0.00051422151900908867 -0.00044744099352506876
leaf_weight=21 52 304 26 41 24 198 22 22 20 67 65 79 24 30 236 98 68 24 38 277 22 27 22 40 37 25 21 22 22 60
leaf_count=21 52 304 26 41 24 198 22 22 20 67 65 79 24 30 236 98 68 24 38 277 22 27 22 40 37 25 21 22 22 60
internal_value=0 -6.40529e-05 -0.000138419 -8.90196e-05 -0.000158688 -0.000113952 6.85265e-05 0.000267006 1.56668e-05 0.000304661 -2.73538e-05 7.70965e-05 4.61544e-06 0.000365946 1.21793e-05 -6.39935e-05 -0.000188923 -0.000107495 0.000143968 0.000111954 0.000236022 0.00045806 -1.26265e-05 8.02329e-05 0.000266236 0.000411564 5.92034e-05 -0.000532544 -0.000274932 -0.000358355
internal_weight=2034 1046 699 629 526 502 988 195 793 111 682 347 299 54 602 245 166 260 173 342 103 48 44 81 121 62 59 70 44 80
internal_count=2034 1046 699 629 526 502 988 195 793 111 682 347 299 54 602 245 166 260 173 342 103 48 44 81 121 62 59 70 44 80
is_linear=0
shrinkage=0.03


Tree=48
num_leaves=31
num_cat=0
split_feature=24 23 24 16 21 21 3 11 19 21 21 11 18 19 11 24 20 17 11 16 17 23 23 4 11 20 8 21 17 17
split_gain=0.00930556 0.0162331 0.0117976 0.0123554 0.011465 0.0137362 0.00897781 0.008672 0.0105183 0.00865485 0.00869733 0.0129607 0.00857135 0.0078693 0.0118656 0.006798 0.0103072 0.00735242 0.00644337 0.00635051 0.0083353 0.00646958 0.00781335 0.00606119 0.00547521 0.00489631 0.00456656 0.00453949 0.00453257 0.00478107
threshold=50.250000000000007 2.1493000000000007 49.550000000000004 58.302249698317638 2.2350000000000008 1.1250000000000002 0.0059460502200385009 1.0207095175261343 99.780900000000017 1.8550000000000002 3.5250000000000004 1.0254766637047317 1.0014510383243349 102.73805000000002 0.98061163226736903 51.750000000000007 92.38000106811522 0.0023264718122328006 1.0003473090281509 48.737177557751188 -0.00024963518357554995 1.6552000000000002 1.8413000000000002 0.0065701202923429012 1.0324673930111912 93.970001220703111 1.0117375749526405 1.6150000000000004 -0.0059804497229982495 -0.0027584329855477496
decision_type=2 2 2 2 2 2 2 2 2 2 2 2 2 2 2 2 2 2 2 2 2 2 2 2 2 2 2 2 2 2
left_child=2 19 9 4 5 -4 23 15 27 -1 13 -12 -7 14 -11 16 18 -18 -3 -2 25 26 -23 -6 -15 -21 -22 -9 -17 -30
right_child=1 7 3 -5 6 12 -8 8 -10 10 11 -13 -14 24 -16 28 17 -19 -20 20 21 22 -24 -25 -26 -27 -28 -29 29 -31
leaf_value=0.00044635336973576102 0.00044884341723330122 1.8877939664629851e-05 -0.00072778215545362659 -0.00051863373052919097 -0.000454497773412858 0.0001648198956462722 7.1319417843102066e-06 0.00032991218265877772 -0.00045176993300014267 0.00018044298711945028 0.00086185547310858965 0 -0.00013732409184887131 0.00042687307327784167 -0.00033171495406413872 -0.0005775227615210627 0.00034393662825054857 -0.00011442834459313447 -0.00046286633839322759 1.7424497025785964e-05 0.00020075240248664862 0.00064025380240073876 7.6353539302262698e-05 0 -5.2481467781874991e-05 -0.000408072502202084 -0.00010716050566697957 -0.00012938851529860029 0.00030974462974284374 -0.00022582350173033772
leaf_weight=48 84 62 20 70 137 247 67 27 86 50 24 30 118 40 130 20 150 28 32 63 105 60 57 40 25 30 59 61 20 44
leaf_count=48 84 62 20 70 137 247 67 27 86 50 24 30 118 40 130 20 150 28 32 63 105 60 57 40 25 30 59 61 20 44
internal_value=0 6.63372e-05 -6.19855e-05 -0.000134491 -8.62229e-05 8.42057e-06 -0.000247228 -4.20776e-05 -0.000217649 7.54156e-05 4.5777e-06 0.000354329 5.88354e-05 -6.14422e-05 -0.000172663 3.57012e-05 0.000115497 0.000254838 -0.000116687 0.00019815 0.000132797 0.000217497 0.000393932 -0.000359864 0.00019905 -9.07987e-05 7.18189e-05 0 -0.000185711 -1.01142e-05
internal_weight=2034 988 1046 699 629 385 244 530 174 347 299 54 365 245 180 356 272 178 94 458 374 281 117 177 65 93 164 88 84 64
internal_count=2034 988 1046 699 629 385 244 530 174 347 299 54 365 245 180 356 272 178 94 458 374 281 117 177 65 93 164 88 84 64
is_linear=0
shrinkage=0.03


Tree=49
num_leaves=18
num_cat=0
split_feature=23 22 21 24 11 20 22 15 15 23 24 22 19 10 23 15 24
split_gain=0.00899212 0.00750962 0.00795418 0.00893973 0.0110417 0.00891967 0.0112366 0.0172283 0.011629 0.00804153 0.0145261 0.00723084 0.00710418 0.00583842 0.00576483 0.00546002 0.00342487
threshold=8.775800000000002 16.894999504089352 2.1250000000000004 49.45000000000001 1.0705548063417456 90.334999084472614 23.115000724792452 0.009162900380268053 0.011040353747473352 8.5004000000000008 50.050000000000004 9.6599998474121076 104.05040000000001 0.97893690021065027 8.064700000000002 0.0095201876402012508 51.850000000000001
decision_type=2 2 2 2 2 2 2 2 2 2 2 2 2 2 2 2 2
left_child=1 11 5 4 14 -3 8 -8 -7 10 -5 -1 13 16 -4 -15 -13
right_child=-2 2 3 9 -6 6 7 -9 -10 -11 -12 12 -14 15 -16 -17 -18
leaf_value=0.0004195098622650322 -0.00058948601162789956 -0.00026742965606063081 0.00051499082499380721 -0.00049869871280027605 -0.00027933835689651057 0.0006917476848790757 -0.00073203353761346079 0.00010583769610874276 0.00018453357877714247 0.00027314598440519861 -1.587907047586892e-05 9.871100445953258e-05 0.00042396065747016113 4.2765141307124079e-06 0 -0.00017129479821157808 -0.00026170554669806734
leaf_weight=26 22 39 64 86 26 60 23 245 224 36 198 192 23 179 22 546 23
leaf_count=26 22 39 64 86 26 60 23 245 224 36 198 192 23 179 22 546 23
internal_value=0 7.06758e-06 6.53158e-05 -2.67975e-05 0.000193248 0.000137647 0.000172123 2.03244e-05 0.000304269 -0.000113521 -0.000173848 -5.01579e-05 -6.63725e-05 -8.1996e-05 0.000372174 -0.000123868 4.52328e-05
internal_weight=2034 2012 1023 432 112 591 552 268 284 320 284 989 963 940 86 725 215
internal_count=2034 2012 1023 432 112 591 552 268 284 320 284 989 963 940 86 725 215
is_linear=0
shrinkage=0.03


Tree=50
num_leaves=31
num_cat=0
split_feature=24 19 21 24 16 15 22 21 10 24 20 20 19 11 15 22 18 12 16 20 4 22 20 22 0 22 20 24 19 21
split_gain=0.00860107 0.0124728 0.010945 0.00886409 0.0125612 0.0143116 0.0147558 0.00958732 0.0088138 0.0109106 0.00959651 0.013039 0.00818629 0.00789362 0.00645742 0.00834195 0.00919789 0.00590395 0.00557675 0.00502323 0.00497221 0.00481559 0.00448379 0.00385796 0.00291285 0.00289257 0.00231651 0.00230374 0.00168063 0.00123813
threshold=50.250000000000007 98.870050000000006 3.9550000000000005 49.550000000000004 58.302249698317638 0.017765102101412102 31.984999656677203 1.8550000000000002 0.97803543895002287 51.850000000000001 98.81499862670897 92.954998016357365 103.03685 0.97822895555966871 0.016219147563021504 22.690000534057553 0.61221476665622354 0.99779163277619565 47.309175473760568 96.645000457763658 0.011529900489824552 22.494999885559054 103.854999542236 14.474999904632552 0.00020858599296635002 16.144999504089302 98.740001678466811 51.45000000000001 99.910550000000015 1.8050000000000004
decision_type=2 2 2 2 2 2 2 2 2 2 2 2 2 2 2 2 2 2 2 2 2 2 2 2 2 2 2 2 2 2
left_child=2 14 3 7 5 6 -5 23 9 28 11 13 -13 -10 15 16 -2 22 -12 27 -7 -19 -9 -1 -16 -18 -21 -17 -3 -6
right_child=1 8 -4 4 29 20 -8 17 10 -11 18 12 -14 -15 24 19 25 21 -20 26 -22 -23 -24 -25 -26 -27 -28 -29 -30 -31
leaf_value=0 0 0.00012773139413911849 0.00058740628030764955 -0.00011378521550407106 -0.00023102833082708199 6.1212718026945351e-05 -0.00087293367986925518 0 0.00023040975644835271 -0.0002236769405546887 0 0.00022479302791281248 -0.00012666827966351872 -0.00029711816421077169 0.00016240280702089271 -0.00023341632977618638 0.00030357256466023887 -3.185562930882025e-05 -0.00062796857481731507 0.00048189892800492716 0.00061929177662295844 -0.00046610627383051906 0.00045476046901603696 0.0006727051077344056 -0.00016772454291554716 0.00077586994374204154 0 5.764953965924425e-05 0.0005585938563887426 -0.00073334799132426267
leaf_weight=21 43 38 21 492 34 79 25 70 23 28 20 186 75 162 44 41 55 158 40 28 23 31 31 27 50 55 22 32 46 34
leaf_count=21 43 38 21 492 34 79 25 70 23 28 20 186 75 162 44 41 55 158 40 28 23 31 31 27 50 55 22 32 46 34
internal_value=0 6.37873e-05 -5.95823e-05 -7.63212e-05 -0.000139223 -9.03748e-05 -0.0001579 4.27137e-05 -1.42499e-05 0.000219016 -7.21292e-05 -1.67582e-05 0.00011225 -0.000214518 0.000201904 0.000274917 0.000426325 -1.28888e-05 -0.000427518 6.0469e-05 0.000220971 -0.00012095 0.000159116 0.000433277 0 0.000571611 0.000301945 -6.62304e-05 0.00040277 -0.000532655
internal_weight=2034 988 1046 1025 687 619 517 338 618 112 506 446 261 185 370 276 153 290 60 123 102 189 101 48 94 110 50 73 84 68
internal_count=2034 988 1046 1025 687 619 517 338 618 112 506 446 261 185 370 276 153 290 60 123 102 189 101 48 94 110 50 73 84 68
is_linear=0
shrinkage=0.03


Tree=51
num_leaves=12
num_cat=0
split_feature=23 14 22 8 19 15 14 20 13 22 23
split_gain=0.00831675 0.00715955 0.0111786 0.00911605 0.00893138 0.0123269 0.0150215 0.0110435 0.00913065 0.00974909 0.00972087
threshold=8.775800000000002 0.023388845666950753 40.815000534057553 1.004740818066151 98.805550000000011 0.012791730901822252 0.013602236088684952 97.055000305175767 1.0078999193313138 18.845000267028755 2.0358000000000005
decision_type=2 2 2 2 2 2 2 2 2 2 2
left_child=1 2 4 -3 5 7 -7 -1 9 -6 -10
right_child=-2 3 -4 -5 8 6 -8 -9 10 -11 -12
leaf_value=0.00012004462336126952 -0.00056666777319396326 0.00056584960751680899 -0.00069206508255696718 -9.4495006111066953e-06 -4.6747457743800639e-05 -0.00038799919261322765 0.000149395766989156 0.00063816748464125251 0 0.00014397566821589322 -0.00026107641216616725
leaf_weight=142 22 45 20 33 662 70 131 62 216 370 261
leaf_count=142 22 45 20 33 662 70 131 62 216 370 261
internal_value=0 7.03036e-06 -2.87115e-06 0.00028744 3.1215e-06 0.000129417 -2.38995e-05 0.000294492 -2.88514e-05 1.8801e-05 -0.000138048
internal_weight=2034 2012 1934 78 1914 405 201 204 1509 1032 477
internal_count=2034 2012 1934 78 1914 405 201 204 1509 1032 477
is_linear=0
shrinkage=0.03


Tree=52
num_leaves=31
num_cat=0
split_feature=24 19 24 15 22 21 11 21 11 22 21 21 11 19 11 11 10 15 22 18 24 10 11 20 15 14 22 11 22 21
split_gain=0.007976 0.0112238 0.0103491 0.0115368 0.0140201 0.00924518 0.0125456 0.00879387 0.00830814 0.00914992 0.00780975 0.00746628 0.0116629 0.00707734 0.0107074 0.0067198 0.00755413 0.00585917 0.00781303 0.00861977 0.00563949 0.00704492 0.00495639 0.00456654 0.00434773 0.00351774 0.00346383 0.00289504 0.00267754 0.00219497
threshold=50.250000000000007 98.870050000000006 49.550000000000004 0.018282776817423855 31.775000572204554 2.2450000000000006 0.97042267863656073 3.0550000000000002 1.0156798809713605 21.525000572204554 1.8550000000000002 3.5250000000000004 1.0254766637047317 102.73805000000002 0.98061163226736903 1.003898223451184 0.94615600586498816 0.016219147563021504 22.690000534057553 0.54668294559868003 51.850000000000001 0.97803543895002287 1.0324673930111912 96.645000457763658 0.0086932397315817016 0.023924853653559952 14.474999904632552 1.0460290961167387 16.144999504089302 0.70500000000000007
decision_type=2 2 2 2 2 2 2 2 2 2 2 2 2 2 2 2 2 2 2 2 2 2 2 2 2 2 2 2 2 2
left_child=2 17 10 4 5 6 -4 -7 9 20 26 13 -13 14 -12 16 -5 18 19 -2 21 -3 -15 29 -10 27 -1 -19 -21 -20
right_child=1 8 3 15 -6 7 -8 -9 24 -11 11 12 -14 22 -16 -17 -18 25 23 28 -22 -23 -24 -25 -26 -27 -28 -29 -30 -31
leaf_value=0 0 0.00033965285011620906 0.00018671138614467613 0 -0.00084372561639335392 -0.00044083684828067807 -0.00017523440904476949 0 0.0001193454197491519 0.00048989786981006283 0.00017060774500372218 0.00081042565360665321 0 0.0004062539743793356 -0.00031456325622653149 -9.9111282989303222e-05 0.00059375086070524827 0 -0.00024668293566036166 0.00028009381931328565 -0.00031398519557551479 -2.0975619846490765e-06 -4.5299268291833297e-05 0.00028536348006523703 -0.00020828509552324833 0.00031075121067545333 0.00065209255964977537 -0.00034990014746817281 0.00071390487193358969 3.3462029252787989e-05
leaf_weight=21 33 64 129 23 28 136 238 64 31 41 50 24 30 40 130 40 41 44 36 60 39 233 25 50 210 22 27 28 60 37
leaf_count=21 33 64 129 23 28 136 238 64 31 41 50 24 30 40 130 40 41 44 36 60 39 233 25 50 210 22 27 28 60 37
internal_value=0 6.16111e-05 -5.71883e-05 -0.000125213 -0.000178525 -0.000138966 -3.96971e-05 -0.000305095 -1.21586e-05 7.03781e-05 7.11875e-05 3.40353e-06 0.000328168 -5.7025e-05 -0.000163021 0.000150012 0.000350998 0.000192614 0.000262158 0.000408571 8.98278e-06 6.23712e-05 0.00018907 5.40147e-05 -0.000153426 0 0.000423514 -0.000113773 0.0005259 -6.56177e-05
internal_weight=2034 988 1046 699 595 567 367 200 618 377 347 299 54 245 180 104 64 370 276 153 336 297 65 123 241 94 48 72 120 73
internal_count=2034 988 1046 699 595 567 367 200 618 377 347 299 54 245 180 104 64 370 276 153 336 297 65 123 241 94 48 72 120 73
is_linear=0
shrinkage=0.03


Tree=53
num_leaves=13
num_cat=0
split_feature=23 14 22 19 11 23 20 14 22 24 0 2
split_gain=0.00762634 0.00644697 0.0102546 0.00790957 0.0102316 0.0124639 0.00916193 0.00976493 0.00885113 0.0075951 0.00547924 0.00124032
threshold=8.775800000000002 0.023388845666950753 40.815000534057553 98.805550000000011 1.0254766637047317 2.0116000000000005 96.954998016357365 0.0093840934090753513 18.765000343322704 51.050000000000004 0.014499708123364702 0.016418020747697003
decision_type=2 2 2 2 2 2 2 2 2 2 2 2
left_child=1 2 3 6 8 -6 9 -8 -5 -1 11 -3
right_child=-2 10 -4 4 5 -7 7 -9 -10 -11 -12 -13
leaf_value=-0.00013491087219027459 -0.00054250530222349849 0.00059105980724972833 -0.00066264923076544491 -4.5192257904820679e-05 4.3023099362923262e-05 -0.00030215037438421227 0.00085261180873827207 0.00015773068513153036 0.00012694906225616602 0.00018011720572644324 0 5.103820848411747e-05
leaf_weight=137 22 33 20 727 136 229 27 108 417 133 25 20
leaf_count=137 22 33 20 727 136 229 27 108 417 133 25 20
internal_value=0 6.85269e-06 -2.46384e-06 3.2105e-06 -2.67786e-05 -0.000165575 0.000122128 0.000324013 1.4991e-05 9.29153e-06 0.000272937 0.000447553
internal_weight=2034 2012 1934 1914 1509 365 405 135 1144 270 78 53
internal_count=2034 2012 1934 1914 1509 365 405 135 1144 270 78 53
is_linear=0
shrinkage=0.03


Tree=54
num_leaves=31
num_cat=0
split_feature=24 19 21 21 10 24 20 20 17 21 24 3 18 22 24 15 22 18 13 18 20 4 17 22 0 24 19 21 4 7
split_gain=0.00738327 0.0100453 0.00985085 0.00813093 0.00775596 0.00983796 0.00903198 0.0122435 0.014358 0.00751358 0.00780182 0.00653712 0.00624943 0.00550457 0.0130165 0.00542855 0.00745775 0.0067648 0.00423309 0.00422072 0.00416184 0.00325685 0.00252076 0.00239034 0.0021334 0.00209332 0.00141133 0.00123513 0.00091188 0.000448717
threshold=50.250000000000007 98.870050000000006 3.9550000000000005 1.1250000000000002 0.97803543895002287 51.850000000000001 98.81499862670897 92.954998016357365 0.0025338037635757003 1.7750000000000001 49.550000000000004 0.010480349201286652 0.72564612091507519 18.765000343322704 49.650000000000013 0.015875362578722855 22.690000534057553 0.61221476665622354 0.99660495201169474 0.67157382815152089 96.645000457763658 -0.0058931331031142993 0.0019349414506572001 16.144999504089302 0.00020858599296635002 51.45000000000001 99.910550000000015 0.74500000000000011 0.0055362139327043503 0.010651813632429952
decision_type=2 2 2 2 2 2 2 2 2 2 2 2 2 2 2 2 2 2 2 2 2 2 2 2 2 2 2 2 2 2
left_child=2 15 3 -1 5 26 7 21 -9 13 12 -12 -11 19 -15 16 17 29 -8 -5 25 -6 -22 -19 28 -18 -3 -26 -17 -2
right_child=1 4 -4 9 6 -7 18 8 -10 10 11 -13 -14 14 -16 24 20 23 -20 -21 22 -23 -24 -25 27 -27 -28 -29 -30 -31
leaf_value=-0.00066868706112394906 -1.4228591595643325e-05 0.00012020630324751925 0.00055851157338739456 0.00016912573806236169 0 -0.00020822952872399109 0 0.00027659873350181769 -0.00018152388277592073 0.00016231214775790502 -0.00024980545004576191 2.23235184943106e-05 -0.00010794202665444004 0.00080390104051574396 0 0 -0.00022769046099515769 0.00027279796103539408 -0.00063264321937853564 -0.00012282406887970863 0.00049967263429425649 -0.00027507866423568756 0 0.00071818275084822533 0 4.6876845304557874e-05 0.00053042997802766234 -0.00024738255245884992 0.00029045416687482168 0.00013477154744958333
leaf_weight=20 20 38 21 67 46 28 26 175 86 132 340 78 181 27 58 25 40 55 34 122 23 139 27 53 21 32 46 33 20 21
leaf_count=20 20 38 21 67 46 28 26 175 86 132 340 78 181 27 58 25 40 55 34 122 23 139 27 53 21 32 46 33 20 21
internal_value=0 5.94581e-05 -5.48381e-05 -7.08604e-05 -1.00576e-05 0.000208669 -6.47046e-05 -1.08794e-05 0.000114079 -5.53284e-05 -0.00010721 -0.000191933 0 7.20644e-05 0.000272378 0.000183369 0.000252635 0.000398165 -0.000408887 -3.19374e-06 4.87148e-05 -0.000202967 0.000270202 0.000523473 0 -6.55942e-05 0.000383744 -0.000132742 0.00014378 0
internal_weight=2034 988 1046 1025 618 112 506 446 261 1005 731 418 313 274 85 370 271 149 60 189 122 185 50 108 99 72 84 54 45 41
internal_count=2034 988 1046 1025 618 112 506 446 261 1005 731 418 313 274 85 370 271 149 60 189 122 185 50 108 99 72 84 54 45 41
is_linear=0
shrinkage=0.03


Tree=55
num_leaves=12
num_cat=0
split_feature=23 14 22 8 19 15 14 23 11 23 16
split_gain=0.0070171 0.00618291 0.0094533 0.00829586 0.00699576 0.0110687 0.0137868 0.010222 0.009581 0.00701099 0.00584738
threshold=8.775800000000002 0.023388845666950753 40.815000534057553 1.004740818066151 98.805550000000011 0.012493881967692551 0.014220538330598451 1.6552000000000002 1.0850788906574376 0.5375000000000002 74.493468585211687
decision_type=2 2 2 2 2 2 2 2 2 2 2
left_child=1 2 4 -3 5 7 -7 -1 9 -6 -10
right_child=-2 3 -4 -5 8 6 -8 -9 10 -11 -12
leaf_value=0.00012223902520412926 -0.00052012436832908713 0.00053382300805685152 -0.00063619731772424917 -1.2738681240829031e-05 -0.00022073713790112296 -0.00027681286040902742 0.00019945227302272211 0.00066154980654006487 -0.00078296311465965115 9.8576092332852335e-06 -2.0101301028626034e-05
leaf_weight=141 22 45 20 33 128 105 109 50 23 1329 29
leaf_count=141 22 45 20 33 128 105 109 50 23 1329 29
internal_value=0 6.80504e-06 -2.28641e-06 0.000267376 3.09971e-06 0.000115011 -2.04763e-05 0.000281755 -2.50057e-05 -8.48043e-06 -0.000422531
internal_weight=2034 2012 1934 78 1914 405 214 191 1509 1457 52
internal_count=2034 2012 1934 78 1914 405 214 191 1509 1457 52
is_linear=0
shrinkage=0.03


Tree=56
num_leaves=31
num_cat=0
split_feature=24 23 24 15 22 11 22 19 19 11 17 16 15 23 8 24 11 11 19 19 11 7 22 23 15 23 15 19 8 10
split_gain=0.00667659 0.0133367 0.0091247 0.0104594 0.0125256 0.00763017 0.0117251 0.00871773 0.00615489 0.00614911 0.007033 0.00569916 0.00770561 0.0110455 0.0130215 0.00620423 0.00663074 0.00555762 0.00835767 0.00655183 0.00559491 0.00544054 0.00535094 0.00629387 0.00519019 0.00415717 0.00401305 0.00359784 0.00255382 0.00220476
threshold=50.250000000000007 2.1493000000000007 49.550000000000004 0.018282776817423855 31.775000572204554 1.0207095175261343 21.525000572204554 99.780900000000017 99.006450000000015 1.003898223451184 -0.0059804497229982495 48.737177557751188 0.010491302050630102 1.6552000000000002 1.0048351310080392 51.45000000000001 1.0426199158982978 1.0324673930111912 101.27910000000001 102.73805000000002 0.97966276543000086 0.016118569268084453 13.170000076293901 8.2073500000000017 0.009331357081217552 3.4936000000000003 0.01346198031342285 99.729450000000014 1.0115599651166989 0.97893690021065027
decision_type=2 2 2 2 2 2 2 2 2 2 2 2 2 2 2 2 2 2 2 2 2 2 2 2 2 2 2 2 2 2
left_child=2 11 17 4 22 6 8 25 -3 10 -5 -2 13 -13 -15 28 -17 18 27 20 -20 26 29 -24 -10 -7 -19 -1 -14 -4
right_child=1 5 3 9 -6 7 -8 -9 24 -11 -12 12 15 14 -16 16 -18 21 19 -21 -22 -23 23 -25 -26 -27 -28 -29 -30 -31
leaf_value=7.227674144616519e-05 0.0004131764058328425 0.00044159066156399521 -6.7387645784765405e-06 0 -0.00079658375526729479 -0.00017380157023709378 0.00048769759874170025 -0.00041898223299207966 0.00035180987117512679 -9.0013282426963727e-05 0.00058640516259474682 1.9882820664982619e-05 0.00026762310147751122 0 0.00090318641944138163 1.3297979019567248e-05 -0.00040473973515258447 -4.6708099833267623e-05 0.00019822538770838743 0.00039345467407483518 -0.00017627805427036946 0.00020454211827973265 -4.8164823214270211e-05 -0.00046249427528639972 -0.00011371166069008775 0.0002375570350469878 -0.00058483291348523415 0.00083168620336800808 0 -0.00052223178487569694
leaf_weight=21 84 21 24 25 28 50 44 86 20 40 39 89 71 26 40 61 52 63 53 40 95 31 460 38 271 38 22 22 35 45
leaf_count=21 84 21 24 25 28 50 44 86 20 40 39 89 71 26 40 61 52 63 53 40 95 31 460 38 271 38 22 22 35 45
internal_value=0 5.66162e-05 -5.20707e-05 -0.000116078 -0.000167002 -4.13009e-05 3.1148e-05 -0.000206003 -2.5005e-05 0.000145508 0.000337984 0.000176305 0.000114145 0.000275273 0.000569449 0 -0.00015462 6.82094e-05 0.000157897 5.24504e-05 -2.16008e-05 -8.45737e-05 -0.000129282 -8.66558e-05 -7.03478e-05 0 -0.000226052 0.000539065 0.000163443 -0.000388445
internal_weight=2034 988 1046 699 595 530 356 174 312 104 64 458 374 155 66 219 113 347 231 188 148 116 567 498 291 88 85 43 106 69
internal_count=2034 988 1046 699 595 530 356 174 312 104 64 458 374 155 66 219 113 347 231 188 148 116 567 498 291 88 85 43 106 69
is_linear=0
shrinkage=0.03


Tree=57
num_leaves=31
num_cat=0
split_feature=24 23 21 21 11 22 19 21 24 16 22 20 19 6 23 0 16 15 18 22 23 21 23 15 15 2 3 6 0 17
split_gain=0.0063579 0.0125904 0.0090201 0.00732356 0.00721051 0.0110284 0.00820914 0.00717419 0.00637254 0.00956877 0.0061043 0.00825563 0.00579972 0.0054556 0.00879697 0.00954934 0.00510935 0.00490699 0.00482887 0.00477188 0.00391709 0.00289224 0.00250836 0.00231262 0.0016659 0.00155115 0.00142747 0.0011805 0.000901249 0.000362714
threshold=50.250000000000007 2.1493000000000007 3.9550000000000005 1.1250000000000002 1.0207095175261343 21.525000572204554 99.780900000000017 1.8050000000000004 49.550000000000004 58.302249698317638 13.010000228881802 93.944999694824162 99.006450000000015 0.0083159122285628526 1.6552000000000002 -0.00018691788915779997 55.857593684793066 0.009331357081217552 0.72564612091507519 14.030000209808302 3.4936000000000003 3.0450000000000004 1.2030500000000002 0.011484223154061753 0.01016049282418875 0.0063690744458600509 -1.0000000180025095e-35 0.016418020747697003 0.00020858599296635002 0.0018761763661125001
decision_type=2 2 2 2 2 2 2 2 2 2 2 2 2 2 2 2 2 2 2 2 2 2 2 2 2 2 2 2 2 2
left_child=2 13 3 -1 5 12 20 10 18 -10 24 -12 -3 14 16 23 29 -14 -9 -17 28 -8 -18 -16 -5 26 -15 -27 -6 -2
right_child=1 4 -4 7 6 -7 21 8 9 -11 11 -13 17 25 15 19 22 -19 -20 -21 -22 -23 -24 -25 -26 27 -28 -29 -30 -31
leaf_value=-0.00063394985815310584 0.00034112256156647791 0.00042894511475143109 0.00053590424157234592 -0.00043529296377840056 0 0.0004733918013361593 -0.0005034676831330297 0.00013683436757374481 -0.00012796119656073254 -0.00067970689636505475 -0.00021818606691640738 0.00021223684894184979 0.00034175814526263688 0 0.00028748563677072521 0.00038701609025969556 0.0001045387266717358 -0.00011031285341356819 -0.00010363916108408273 0.0010548697008937596 0.00023061305958813486 0 -0.0001617989954547331 -7.0206877629674065e-05 0 -0.00023369248890825971 0.00020768582556435528 0 -0.00027461442116182298 0
leaf_weight=20 51 21 21 20 21 44 66 129 365 34 42 214 20 27 23 67 50 271 177 24 38 20 66 30 24 32 44 23 29 21
leaf_count=20 51 21 21 20 21 44 66 129 365 34 42 214 20 27 23 67 50 271 177 24 38 20 66 30 24 32 44 23 29 21
internal_value=0 5.53232e-05 -5.0736e-05 -6.61895e-05 -3.9677e-05 3.05637e-05 -0.000199884 -5.12898e-05 -0.000105216 -0.000184059 6.53997e-05 0.000129373 -2.36146e-05 0.000171641 0.000235271 0.000416635 7.90121e-05 -6.79047e-05 0 0.000605313 0 -0.000406557 -2.14449e-05 3.19119e-05 -0.000234747 0 9.54727e-05 -0.000114934 -0.00016869 0.000280032
internal_weight=2034 988 1046 1025 530 356 174 1005 705 399 300 256 312 458 332 144 188 291 306 91 88 86 116 53 44 126 71 55 50 72
internal_count=2034 988 1046 1025 530 356 174 1005 705 399 300 256 312 458 332 144 188 291 306 91 88 86 116 53 44 126 71 55 50 72
is_linear=0
shrinkage=0.03


Tree=58
num_leaves=15
num_cat=0
split_feature=14 22 14 8 11 16 19 15 19 16 15 15 9 20
split_gain=0.00591478 0.00836601 0.00903655 0.00780609 0.00606927 0.00895267 0.0136917 0.00687301 0.00555746 0.00579202 0.00703496 0.00449944 0.00246988 0.00120325
threshold=0.023388845666950753 40.815000534057553 0.018199225826885251 1.004740818066151 1.0862108233323815 68.805910857700113 98.488550000000018 0.019602230350724854 98.375100000000018 49.65962652308 0.017312175234821654 0.012493881967692551 1.0193209629613997 95.895000457763658
decision_type=2 2 2 2 2 2 2 2 2 2 2 2 2 2
left_child=1 2 4 -2 5 7 -7 -1 -4 10 -10 12 -6 -11
right_child=3 -3 8 -5 11 6 -8 -9 9 13 -12 -13 -14 -15
leaf_value=3.8056103492520891e-06 0.00051427115989676874 -0.0006055738342526768 0.00014836153444567962 -1.443966147695284e-05 -0.00021923350480342789 0.0010159139785516475 1.8865207734052087e-05 0.00040488525952678169 -0.00039332293338278153 -0.00064712155819193697 0.00016811640394716001 -0.00042862525796129677 0.00013300022705031248 -9.5817240869759435e-05
leaf_weight=1565 45 20 20 33 32 20 47 39 35 42 37 44 35 20
leaf_count=1565 45 20 20 33 32 20 47 39 35 42 37 44 35 20
internal_value=0 -9.47939e-06 -1.46315e-06 0.00025526 1.6074e-05 3.19346e-05 0.000371172 1.56729e-05 -0.000222542 -0.000300812 -6.53589e-05 -0.000194061 0 -0.000521244
internal_weight=2034 1956 1936 78 1782 1671 67 1604 154 134 72 111 67 62
internal_count=2034 1956 1936 78 1782 1671 67 1604 154 134 72 111 67 62
is_linear=0
shrinkage=0.03


Tree=59
num_leaves=11
num_cat=0
split_feature=23 14 22 8 14 22 19 22 19 16
split_gain=0.00615615 0.00525643 0.00808631 0.00740306 0.00591652 0.00656309 0.00810249 0.00579201 0.00439807 0.00596843
threshold=8.775800000000002 0.023388845666950753 40.815000534057553 1.004740818066151 0.018199225826885251 18.319999694824155 101.0665 9.6599998474121076 98.375100000000018 49.65962652308
decision_type=2 2 2 2 2 2 2 2 2 2
left_child=1 2 4 -3 5 7 -7 -1 -6 -10
right_child=-2 3 -4 -5 8 6 -8 -9 9 -11
leaf_value=0.00039900902573653083 -0.00048715552975140189 0.00049917840746575555 -0.00058827171348301423 -1.4019214787849166e-05 0.00014412263571284708 0.00016765707890743127 -3.6233354086219611e-05 -3.9209175216258173e-05 -1.573941566217083e-05 -0.00048306034405260135
leaf_weight=26 22 45 20 33 20 457 250 1036 68 57
leaf_count=26 22 45 20 33 20 457 250 1036 68 57
internal_value=0 6.38877e-06 -1.87336e-06 0.000246653 2.99152e-06 1.96642e-05 9.13734e-05 -2.52932e-05 -0.000178609 -0.00025479
internal_weight=2034 2012 1934 78 1914 1769 707 1062 145 125
internal_count=2034 2012 1934 78 1914 1769 707 1062 145 125
is_linear=0
shrinkage=0.03


Tree=60
num_leaves=31
num_cat=0
split_feature=24 23 24 15 22 11 22 19 4 19 16 15 23 9 24 11 11 19 19 11 7 20 14 20 15 15 23 19 20 15
split_gain=0.00591457 0.0114982 0.00823956 0.00974533 0.0111379 0.00685846 0.0102677 0.00751043 0.00543314 0.00542288 0.0053756 0.00691125 0.00969987 0.0144804 0.00566621 0.00606618 0.00536054 0.00750056 0.006192 0.00523079 0.0050674 0.0048914 0.00625702 0.00566205 0.00461999 0.00378957 0.003681 0.00330573 0.00286724 0.00200263
threshold=50.250000000000007 2.1493000000000007 49.550000000000004 0.018282776817423855 31.775000572204554 1.0207095175261343 21.525000572204554 99.780900000000017 0.011529900489824552 99.006450000000015 48.737177557751188 0.010491302050630102 1.6552000000000002 1.019048761779479 51.45000000000001 1.0426199158982978 1.0324673930111912 101.27910000000001 102.73805000000002 0.97966276543000086 0.016118569268084453 96.990001678466811 0.015084801856405252 93.944999694824162 0.009331357081217552 0.01346198031342285 3.4936000000000003 99.729450000000014 96.645000457763658 0.020654854432958003
decision_type=2 2 2 2 2 2 2 2 2 2 2 2 2 2 2 2 2 2 2 2 2 2 2 2 2 2 2 2 2 2
left_child=2 10 16 4 21 6 9 26 29 -3 -2 12 -12 -14 28 -16 17 27 19 -19 25 23 -23 -4 -11 -18 -7 -1 -13 -5
right_child=1 5 3 8 -6 7 -8 -9 -10 24 11 14 13 -15 15 -17 20 18 -20 -21 -22 22 -24 -25 -26 -27 -28 -29 -30 -31
leaf_value=6.2039938025091853e-05 0.00039403880707036208 0.00041666421501643279 -0.00036609840028403278 0.00012528968869158249 -0.00075434991722155747 -0.00016611731606398656 0.00045822965701421104 -0.00039138900136860116 0.00051935717093650824 0.00033300516462518966 1.5239172506092775e-05 0 4.4979952758263883e-05 0.0010318085575476287 6.3333579136298998e-06 -0.00039056345297436599 -4.5827754682250083e-05 0.00019286000026234737 0.00038368401945023458 -0.00016935715523868565 0.00019165721108583964 -0.00011943245268372191 -0.000489789280007937 2.9377769182037728e-05 -0.0001054894018714763 -0.00057125723963279444 0.00022104378471088311 0.00079603728040566915 0.00029263759508208072 -0.00018616398964409848
leaf_weight=21 84 21 36 52 28 50 44 86 25 20 89 48 37 29 61 52 63 53 40 95 31 244 62 225 271 22 38 22 58 27
leaf_count=21 84 21 36 52 28 50 44 86 25 20 89 48 37 29 61 52 63 53 40 95 31 244 62 225 271 22 38 22 58 27
internal_value=0 5.32555e-05 -4.9042e-05 -0.000109956 -0.000159228 -3.73167e-05 3.10558e-05 -0.000193726 0.0001422 -2.08735e-05 0.000164455 0.000103978 0.000256635 0.000532291 0 -0.000151817 6.5006e-05 0.00015328 5.23132e-05 -1.90862e-05 -8.49475e-05 -0.000123282 -0.000205595 -1.49094e-05 -6.40411e-05 -0.000221766 0 0.000515312 0.000151998 0
internal_weight=2034 988 1046 699 595 530 356 174 104 312 458 374 155 66 219 113 347 231 188 148 116 567 306 261 291 85 88 43 106 79
internal_count=2034 988 1046 699 595 530 356 174 104 312 458 374 155 66 219 113 347 231 188 148 116 567 306 261 291 85 88 43 106 79
is_linear=0
shrinkage=0.03


Tree=61
num_leaves=30
num_cat=0
split_feature=24 23 21 10 23 17 17 15 11 21 21 21 22 20 24 16 16 15 23 9 24 11 19 16 20 10 2 24 22
split_gain=0.00561269 0.0108786 0.00831911 0.00668214 0.00991856 0.00954277 0.00782611 0.00731926 0.00834824 0.0065387 0.00683647 0.00582389 0.00581096 0.00744055 0.00561398 0.00887541 0.00499654 0.0065601 0.00914918 0.0135979 0.00529875 0.00574316 0.00487726 0.00366692 0.00271029 0.00192263 0.000929859 0.000792998 3.04921e-05
threshold=50.250000000000007 2.1493000000000007 3.9550000000000005 0.97803543895002287 2.3315000000000006 -0.0063903586536643991 -0.0019185283440675499 0.012877719491906253 1.0083018292686632 1.1250000000000002 1.8050000000000004 2.2750000000000004 13.010000228881802 93.944999694824162 49.550000000000004 58.302249698317638 48.737177557751188 0.010491302050630102 1.6552000000000002 1.0097142381785471 51.45000000000001 1.0426199158982978 98.753400000000013 48.622893474144732 96.645000457763658 0.99460856707875356 -0.0036094146293024496 51.150000000000013 11.224999904632552
decision_type=2 2 2 2 2 2 2 2 2 2 2 2 2 2 2 2 2 2 2 2 2 2 2 2 2 2 2 2 2
left_child=2 16 9 5 6 11 28 8 -6 -1 12 -3 25 -14 23 -16 26 18 27 -20 24 -22 -9 -12 -19 -11 -2 -18 -5
right_child=1 3 -4 4 7 -7 -8 22 -10 10 14 -13 13 -15 15 -17 17 20 19 -21 21 -23 -24 -25 -26 -27 -28 -29 -30
leaf_value=-0.00059958893419908622 7.4960150298309213e-05 0.00013118154728594659 0.00051557641499675811 -3.6149755748088597e-05 0.00038465424911884513 0.00044235788843606744 -0.00059621601565582245 8.3252150121898875e-05 -0.00011575684227192631 -0.00043828038112925634 0.00015075292298447732 -0.0005072768569391753 -0.00019913174256379175 0.00020704175269308696 -0.00012059509310931955 -0.00065264829698550913 -5.0966401036609614e-05 0 0 0.00081060989035809726 6.146421165941581e-06 -0.00037906762391311238 -0.00020146975211589804 -7.3197183243497467e-05 0.00028400726496810249 0 0.00047941186684673947 0.00010638060702024776 0
leaf_weight=20 28 21 21 20 72 56 54 62 38 20 94 20 42 214 365 34 33 48 21 45 61 52 165 212 58 24 56 56 22
leaf_count=20 28 21 21 20 72 56 54 62 38 20 94 20 42 214 365 34 33 48 21 45 61 52 165 212 58 24 56 56 22
internal_value=0 5.2148e-05 -4.74963e-05 -3.5815e-05 -9.09339e-05 0.000178037 -0.000359087 -4.83388e-06 0.000185272 -6.24477e-05 -4.81908e-05 -0.000113496 6.56812e-05 0.000128215 -0.000100921 -0.000174951 0.000160331 0.000101578 0.0002503 0.000518148 0 -0.000146575 -0.000110522 0 0.000147239 -0.000226251 0.000382357 1.47871e-05 0
internal_weight=2034 988 1046 530 433 97 96 337 110 1025 1005 41 300 256 705 399 458 374 155 66 219 113 227 306 106 44 84 89 42
internal_count=2034 988 1046 530 433 97 96 337 110 1025 1005 41 300 256 705 399 458 374 155 66 219 113 227 306 106 44 84 89 42
is_linear=0
shrinkage=0.03


Tree=62
num_leaves=11
num_cat=0
split_feature=23 9 14 9 14 16 23 15 20 22
split_gain=0.00549929 0.00492223 0.00715691 0.00665077 0.0150077 0.00490176 0.0141627 0.00727651 0.00347238 0.00280383
threshold=8.775800000000002 1.0460038259401296 0.026762491383998003 1.0298020487369561 0.0096173528984784522 55.857593684793066 2.0358000000000005 0.018282776817423855 97.834999084472614 21.829999923706001
decision_type=2 2 2 2 2 2 2 2 2 2
left_child=1 2 3 5 -5 7 -7 -1 -3 -6
right_child=-2 8 -4 4 9 6 -8 -9 -10 -11
leaf_value=0 -0.0004603584322511502 -0.00050690296448634143 0.00044130255359757156 0.00093782564817758451 0.00015757726435913357 2.7596487510842982e-05 -0.00029901142077126317 0.00024259293193963532 0 -0.00016776019029784948
leaf_weight=1206 22 27 34 21 71 301 183 120 20 29
leaf_count=1206 22 27 34 21 71 301 183 120 20 29
internal_value=0 6.10275e-06 1.48836e-05 5.59807e-06 0.00022086 -7.24983e-06 -9.007e-05 2.07645e-05 -0.000291171 3.27996e-05
internal_weight=2034 2012 1965 1931 121 1810 484 1326 47 100
internal_count=2034 2012 1965 1931 121 1810 484 1326 47 100
is_linear=0
shrinkage=0.03


Tree=63
num_leaves=31
num_cat=0
split_feature=24 23 21 18 18 16 11 21 14 21 10 0 16 8 24 23 19 14 18 23 12 14 7 19 23 16 21 12 19 8
split_gain=0.00529275 0.0100142 0.00776059 0.00684037 0.00882426 0.00623218 0.00621152 0.00577572 0.00962742 0.0076205 0.00864407 0.00638336 0.0047572 0.00450362 0.00564341 0.00504953 0.00458947 0.00446089 0.00413459 0.00413383 0.0131656 0.00793102 0.00369285 0.0031614 0.00284135 0.00412938 0.00255805 0.00242525 0.000924286 0.000553316
threshold=50.250000000000007 2.1493000000000007 3.9550000000000005 1.0014510383243349 1.0536985517765916 63.908795031492026 1.0355611780217253 2.2050000000000005 0.016359921452507902 1.3550000000000002 1.0024763367137313 -0.0072002610643658489 48.737177557751188 0.99984261268749752 51.750000000000007 2.3315000000000006 99.797050000000013 0.012750142056813152 1.2691306048337825 1.6552000000000002 1.006691551294373 0.011904536456801352 0.012133808314073702 100.21900000000001 1.2030500000000002 56.084280158463507 0.64500000000000013 1.0124554072313494 101.15955000000001 1.0147737438479332
decision_type=2 2 2 2 2 2 2 2 2 2 2 2 2 2 2 2 2 2 2 2 2 2 2 2 2 2 2 2 2 2
left_child=2 12 3 7 28 13 18 9 11 -1 -11 -9 -2 14 15 -3 27 -16 -6 24 -21 -22 -10 -18 26 -26 -14 -15 -5 -7
right_child=1 5 -4 4 6 29 -8 8 22 10 -12 -13 19 16 17 -17 23 -19 -20 20 21 -23 -24 -25 25 -27 -28 -29 -30 -31
leaf_value=-0.00033236453816061837 0.00037110212090568992 -4.6541386397061259e-05 0.00049709947226272728 -0.00082389286328477538 0.0001019471748881788 -0.00056248614320065821 -0.0004409686344442889 0.00025940632008466505 0 0.00025434082584024507 -3.7325708458519218e-05 -9.2187998030115152e-05 -1.4028105751476093e-05 0 -0.00037110155847590618 0.00025585903900163861 -0.00046306533599272374 2.7337544543358182e-05 -0.00014228686151721202 -0.00023524072921524445 0.00059254777550940281 1.3515688500774554e-05 -0.00051190052140134802 -8.7973326313470446e-05 0.00013415271936337376 -0.00020582450449001044 0.00024494488503628149 0.00035266674103747516 -0.0002069709493371192 -5.4388635126607748e-05
leaf_weight=33 84 51 21 21 102 20 41 60 21 195 142 192 30 36 36 151 37 44 138 35 68 47 57 115 39 88 67 20 23 20
leaf_count=33 84 51 21 21 102 20 41 60 21 195 142 192 30 36 36 151 37 44 138 35 68 47 57 115 39 88 67 20 23 20
internal_value=0 5.05951e-05 -4.61691e-05 -6.06972e-05 -0.000174512 -3.35973e-05 -9.85745e-05 -3.40133e-06 -9.84809e-05 7.33499e-05 0.00012282 0 0.00015442 0 7.40984e-05 0.000164879 -0.000109357 -0.000117291 -2.60469e-05 9.68933e-05 0.000218979 0.000383919 -0.000387705 -0.000201316 1.19604e-06 -7.77521e-05 0.000134912 8.67674e-05 -0.000579843 -0.000389131
internal_weight=2034 988 1046 1025 325 530 281 700 330 370 337 252 458 490 282 202 208 80 240 374 150 115 78 152 224 127 97 56 44 40
internal_count=2034 988 1046 1025 325 530 281 700 330 370 337 252 458 490 282 202 208 80 240 374 150 115 78 152 224 127 97 56 44 40
is_linear=0
shrinkage=0.03


Tree=64
num_leaves=17
num_cat=0
split_feature=23 11 23 15 24 15 22 17 11 24 22 10 18 18 20 3
split_gain=0.00503444 0.00541533 0.00897677 0.0073264 0.00827787 0.0135811 0.0102825 0.00740273 0.00711539 0.0076234 0.00580223 0.00542582 0.00361025 0.00287104 0.00251636 0.000756701
threshold=8.775800000000002 1.0862108233323815 2.0358000000000005 0.018282776817423855 51.050000000000004 0.0095201876402012508 35.414999008178654 -0.00084938147572749989 1.024757145788715 49.650000000000013 13.170000076293901 0.99127811929909637 0.59147821367664932 0.73812206474885722 97.165000915527315 0.0036393752965844005
decision_type=2 2 2 2 2 2 2 2 2 2 2 2 2 2 2 2
left_child=1 3 14 4 6 7 10 -6 9 -5 -1 -7 -11 -10 15 -3
right_child=-2 2 -4 8 5 11 -8 -9 13 12 -12 -13 -14 -15 -16 -17
leaf_value=-0.00021125658247570327 -0.00044078993177770271 0 -0.00047180168875493106 0.00079662560925602781 0 0.00016912699169169374 -0.0007110321759662058 0.00058641977344663955 0.00010029772601344368 -4.3878881416683973e-05 -1.7611119450115182e-06 -4.5831133733566812e-05 0.00028091928987353308 -0.00028220494560383518 0.00028128075585118494 -0.000168210452818941
leaf_weight=140 22 23 54 27 30 153 20 68 32 28 967 308 75 28 23 36
leaf_count=140 22 23 54 27 30 153 20 68 32 28 967 308 75 28 23 36
internal_value=0 5.55834e-06 -0.000174334 2.02838e-05 0 9.46205e-05 -4.64748e-05 0.000415189 0.000196381 0.000323534 -3.11299e-05 1.92289e-05 0.000164206 -3.07233e-05 0 -7.80891e-05
internal_weight=2034 2012 136 1876 1686 559 1127 98 190 130 1107 461 103 60 82 59
internal_count=2034 2012 136 1876 1686 559 1127 98 190 130 1107 461 103 60 82 59
is_linear=0
shrinkage=0.03


Tree=65
num_leaves=31
num_cat=0
split_feature=24 23 24 15 22 19 8 22 19 11 17 9 24 11 23 22 17 11 6 23 0 20 20 8 16 4 22 11 23 23
split_gain=0.00478469 0.00941738 0.00762317 0.00878544 0.0096126 0.00594574 0.00612491 0.00643206 0.00522204 0.00511762 0.00617984 0.00486064 0.00479415 0.004648 0.0051706 0.0104722 0.0118622 0.00947955 0.00459128 0.00729562 0.00763492 0.00450487 0.00508909 0.00457237 0.00424019 0.00400011 0.00338647 0.00283991 0.00280402 0.00195777
threshold=50.250000000000007 2.1493000000000007 49.550000000000004 0.018282776817423855 31.775000572204554 104.09700000000001 0.99931883332788451 21.345000267028755 99.006450000000015 1.003898223451184 -0.0030097722646596999 0.98943117412748049 51.850000000000001 1.0820506859727186 8.064700000000002 14.784999847412053 0.0033039260499242505 0.98492317669072327 0.0083159122285628526 1.6552000000000002 -0.00018691788915779997 96.990001678466811 93.944999694824162 0.98421314999259291 55.857593684793066 -1.0000000180025095e-35 14.030000209808302 1.0477480164510509 2.0715500000000007 1.2030500000000002
decision_type=2 2 2 2 2 2 2 2 2 2 2 2 2 2 2 2 2 2 2 2 2 2 2 2 2 2 2 2 2 2
left_child=2 18 13 4 21 6 7 12 27 10 -5 -9 -3 14 15 28 -17 -16 19 24 -21 22 -4 -23 -2 -10 -22 -8 -1 -26
right_child=1 5 3 9 -6 -7 8 11 25 -11 -12 -13 -14 -15 17 16 -18 -19 -20 20 26 23 -24 -25 29 -27 -28 -29 -30 -31
leaf_value=-0.00016836601227229218 0.00024794863059471702 2.9298580675111201e-05 -0.00034551543007113947 0 -0.00070462356576021627 0.00044512632416029063 0.00030360220708987778 0.00060353749433332798 -5.4643863400005176e-05 -7.348746671511722e-05 0.00061909102353702985 0 -0.0002976609370825641 -0.0003004560390673578 0.00016391643379271652 0.00050682135311697757 -4.7680686978737276e-06 -0.00051888098641211398 0 2.1860181379856332e-05 0.00034304592955124782 -0.00045963124190089537 2.9686616451682608e-05 -0.00012216705515006958 7.8293138087781909e-05 -0.00038302284082162848 0.00093707434751093385 -0.0001011617185304994 0.00013603697694816218 -0.00015130747660278664
leaf_weight=70 72 177 36 34 28 20 26 27 87 40 30 22 48 24 35 105 48 30 126 53 67 56 225 250 50 101 24 22 35 66
leaf_count=70 72 177 36 34 28 20 26 27 87 40 30 22 48 24 35 105 48 30 126 53 67 56 225 250 50 101 24 22 35 66
internal_value=0 4.77148e-05 -4.42982e-05 -0.000103025 -0.000149953 -3.38296e-05 -5.93174e-05 2.79828e-05 -0.000173023 0.000135758 0.000311809 0.00034131 -2.81869e-05 6.53364e-05 0.000102619 0.000167694 0.000327853 -0.000108853 0.000148483 0.000206877 0.000371962 -0.000116088 -1.17362e-05 -0.000194993 6.32571e-05 -0.000248026 0.000540804 5.85825e-05 -3.82703e-05 -2.68774e-05
internal_weight=2034 988 1046 699 595 530 510 274 236 104 64 49 225 347 323 258 153 65 458 332 144 567 261 306 188 188 91 48 105 116
internal_count=2034 988 1046 699 595 530 510 274 236 104 64 49 225 347 323 258 153 65 458 332 144 567 261 306 188 188 91 48 105 116
is_linear=0
shrinkage=0.03


Tree=66
num_leaves=18
num_cat=0
split_feature=11 16 19 14 14 19 15 17 15 11 16 14 20 15 19 3 15
split_gain=0.00460678 0.00811119 0.0103676 0.00760903 0.00701312 0.00584989 0.00573729 0.00417152 0.00415752 0.00519675 0.00350147 0.0029782 0.00253973 0.00157606 0.000877792 0.000239265 6.52947e-05
threshold=1.0862108233323815 68.805910857700113 98.488550000000018 0.023388845666950753 0.018399263219917954 98.375100000000018 0.019602230350724854 -0.0024589755862225995 0.017133296139131903 0.98842024431169617 50.564865966118802 0.014378983438110901 96.685001373290959 0.014006966617306852 101.02260000000001 0.0040501748584246509 0.01016049282418875
decision_type=2 2 2 2 2 2 2 2 2 2 2 2 2 2 2 2 2
left_child=1 3 -3 4 6 12 11 -5 15 -10 -8 -1 16 -7 -4 -6 -2
right_child=5 2 14 7 8 13 10 -9 9 -11 -12 -13 -14 -15 -16 -17 -18
leaf_value=-2.6979662886001702e-05 0 0.00089741678605787455 0.00018650091862629936 0 -0.00053699835176854063 -6.0291069303639219e-05 0.00063016722840256991 0.00050939626003610101 0.00020013308230388375 -0.00025788604989236989 0 6.9924200699963732e-05 0.00023314323570084524 -0.00052371409212815037 -1.557923277589277e-05 -0.00010161132359644398 -0.00018013208802387286
leaf_weight=1217 20 20 22 26 34 29 20 39 34 50 20 368 29 37 25 23 21
leaf_count=1217 20 20 22 26 34 29 20 39 34 50 20 368 29 37 25 23 21
internal_value=0 1.2525e-05 0.000334268 0 -1.1237e-05 -0.000167598 4.62811e-06 0.000316826 -0.000213952 -3.70298e-05 0.00035572 -2.55939e-06 0 -0.000368804 1.84263e-05 -0.000417821 -0.000124889
internal_weight=2034 1898 67 1831 1766 136 1625 65 141 84 40 1585 70 66 47 57 41
internal_count=2034 1898 67 1831 1766 136 1625 65 141 84 40 1585 70 66 47 57 41
is_linear=0
shrinkage=0.03


Tree=67
num_leaves=11
num_cat=0
split_feature=9 14 19 22 9 15 16 21 21 20
split_gain=0.00442695 0.00676955 0.00634506 0.00618381 0.00524144 0.00653526 0.00626242 0.00299044 0.00284297 0.00410789
threshold=1.0460038259401296 0.026762491383998003 95.960900000000009 37.264999389648402 1.0329291982604938 0.011292301956949002 50.137965392052458 2.2250000000000005 0.63500000000000012 98.740001678466811
decision_type=2 2 2 2 2 2 2 2 2 2
left_child=1 2 8 4 6 -6 -4 -2 -1 -10
right_child=7 -3 3 -5 5 -7 -8 -9 9 -11
leaf_value=0 -0.00050265532042472979 0.00042085068221869214 3.4090379142109568e-05 -0.000527889561540048 0.00067733113391494205 0 -7.8538703961825247e-05 0 0.00043263780806803207 0
leaf_weight=33 25 34 906 20 21 48 836 23 61 27
leaf_count=33 25 34 906 20 21 48 836 23 61 27
internal_value=0 7.31889e-06 0 -1.40464e-05 -6.42787e-06 0.00024528 -1.82541e-05 -0.000281317 0.000209392 0.00029808
internal_weight=2034 1986 1952 1831 1811 69 1742 48 121 88
internal_count=2034 1986 1952 1831 1811 69 1742 48 121 88
is_linear=0
shrinkage=0.03


Tree=68
num_leaves=31
num_cat=0
split_feature=24 24 16 15 22 21 21 19 10 24 19 19 21 21 11 18 19 11 18 8 9 10 14 16 3 19 15 16 22 16
split_gain=0.00447543 0.00713695 0.00842575 0.00963617 0.00851218 0.00927237 0.00708451 0.00639371 0.00597928 0.00811036 0.00711603 0.00774277 0.00522998 0.00515459 0.00896748 0.00577864 0.00879119 0.00484318 0.00456474 0.00443491 0.0062626 0.00850951 0.00405996 0.00371541 0.00365774 0.00309875 0.00289912 0.00228549 0.00227718 0.00216921
threshold=50.250000000000007 49.550000000000004 58.302249698317638 0.017765102101412102 31.984999656677203 2.2450000000000006 1.8550000000000002 98.870050000000006 0.97803543895002287 51.850000000000001 100.07525000000003 99.780900000000017 2.8450000000000002 3.5250000000000004 1.0254766637047317 0.84400351560429698 102.34185000000001 1.0083018292686632 0.74244898139017168 1.0255105752047531 1.0253380273363237 1.0526453682356276 0.014220538330598451 49.928487669856118 0.011529900489824552 99.62660000000001 0.015875362578722855 60.509016529078359 14.474999904632552 63.908795031492026
decision_type=2 2 2 2 2 2 2 2 2 2 2 2 2 2 2 2 2 2 2 2 2 2 2 2 2 2 2 2 2 2
left_child=1 6 3 4 5 -3 28 19 9 -9 11 25 17 15 -15 -8 -17 -12 -14 20 22 -22 23 -2 -5 -10 -24 -4 -1 -29
right_child=7 2 27 24 -6 -7 13 8 10 -11 12 -13 18 14 -16 16 -18 -19 -20 -21 21 -23 26 -25 -26 -27 -28 29 -30 -31
leaf_value=0 0.00027685782616250574 1.1836178874949917e-05 -0.00069481284574915967 4.9768367515207498e-05 -0.00065024263054753344 -0.00024637787419071953 6.2384654540674879e-05 0.00034348698262234818 -0.00016071309045328732 -0.00019049911697170343 0.0002644301454990024 -0.00053972535939914555 0 0.00069526166684925558 0 -0.00044887206252807604 4.8146921568574419e-05 0 -0.00032495769454098696 -0.00017448454070836304 0.00087748052368664909 0 0.00040919398939425676 -4.9955866888616886e-05 0.00053041762185283012 0.00020890583193977362 2.8329285906643645e-05 0 0.00059194512928869311 -0.00037996656121686104
leaf_weight=21 38 312 26 79 26 188 137 84 72 28 94 50 67 24 30 64 44 139 61 26 26 27 57 142 24 23 54 22 27 22
leaf_count=21 38 312 26 79 26 188 137 84 72 28 94 50 67 24 30 64 44 139 61 26 26 27 57 142 24 23 54 22 27 22
internal_value=0 -4.28109e-05 -9.96889e-05 -5.90085e-05 -0.000114644 -7.95623e-05 6.31012e-05 4.61783e-05 -8.38748e-06 0.000182937 -5.69305e-05 -0.00023455 6.57607e-06 0 0.000270151 -5.04105e-05 -0.000220276 9.87931e-05 -0.000137496 0.000145181 0.000178473 0.000493113 0.000109401 3.61197e-06 0.000194634 -3.87325e-05 0.000252601 -0.000416999 0.000397998 -0.000174377
internal_weight=2034 1046 699 629 526 500 347 988 618 112 506 145 361 299 54 245 108 233 128 370 344 53 291 180 103 95 111 70 48 44
internal_count=2034 1046 699 629 526 500 347 988 618 112 506 145 361 299 54 245 108 233 128 370 344 53 291 180 103 95 111 70 48 44
is_linear=0
shrinkage=0.03


Tree=69
num_leaves=19
num_cat=0
split_feature=23 22 22 14 16 15 22 16 16 18 23 20 23 7 23 22 7 23
split_gain=0.00440844 0.00428622 0.00548225 0.00429601 0.00431749 0.0148849 0.00562946 0.00985869 0.00653901 0.00525791 0.00415692 0.00744699 0.00839385 0.00546079 0.00294198 0.00282114 0.00218577 0.00213571
threshold=8.775800000000002 16.894999504089352 9.6599998474121076 0.0082685652086465014 49.81515270170339 0.0098359794075882512 21.295000076293906 60.955553865459116 58.302249698317638 0.38243504772803755 2.5551000000000008 93.264999389648423 2.0715500000000007 0.0033894733344360505 1.7667500000000003 13.170000076293901 0.007365839010122951 1.3471000000000002
decision_type=2 2 2 2 2 2 2 2 2 2 2 2 2 2 2 2 2 2
left_child=1 2 -1 14 5 -5 7 -6 -8 -7 11 16 -13 -12 17 -15 -4 -3
right_child=-2 3 10 4 6 9 8 -9 -10 -11 13 12 -14 15 -16 -17 -18 -19
leaf_value=0.00037110088351700041 -0.00041233140865907722 4.4343257377499859e-05 0 -0.00057024569256911776 -2.0296064237765853e-05 -5.0829488485444176e-05 0 0.00042411777597092288 -0.00026848406177337015 0.00020871360870057849 -0.00057237000155728305 -4.4136366058013849e-05 0.00019503618407591209 -0.00023338201429451937 0 0 -0.00039956535979766735 0.00054976985503162729
leaf_weight=26 22 29 32 25 163 68 166 56 136 312 29 513 174 68 35 93 54 33
leaf_count=26 22 29 32 25 163 68 166 56 136 312 29 513 174 68 35 93 54 33
internal_value=0 5.33076e-06 -3.74821e-05 4.96466e-05 2.59634e-05 0.00010097 -2.66775e-05 8.11189e-05 -0.000114758 0.000154384 -5.1999e-05 -1.66693e-05 1.22751e-05 -0.000179188 0.000242551 -8.67523e-05 -0.000279854 0.000365436
internal_weight=2034 2012 989 1023 926 405 521 219 302 380 963 773 687 190 97 161 86 62
internal_count=2034 2012 989 1023 926 405 521 219 302 380 963 773 687 190 97 161 86 62
is_linear=0
shrinkage=0.03


Tree=70
num_leaves=26
num_cat=0
split_feature=19 21 21 14 22 12 17 16 22 23 23 17 11 11 21 23 17 8 7 5 11 21 14 8 3
split_gain=0.00434385 0.00625164 0.0117303 0.00974711 0.00623259 0.00640232 0.00758581 0.00815588 0.00527129 0.00523303 0.00510774 0.0110994 0.00560531 0.00456876 0.00520341 0.0045182 0.00499022 0.00467199 0.00380559 0.0027741 0.00262781 0.002545 0.00237507 0.00219537 0.00167546
threshold=104.09700000000001 2.8450000000000002 3.5250000000000004 0.012292192836657752 16.894999504089352 1.0310257542505836 0.0029261282119876502 60.796861497075611 40.815000534057553 1.1259500000000002 1.7358000000000002 0.0024725833251643503 1.0324673930111912 0.91774244246578551 1.7050000000000003 2.7947500000000001 0.0010580265808617002 1.0000484755470864 0.020879461261584555 0.0045684384992084508 1.0121350439131989 2.9750000000000005 0.01378950414936155 0.99769259461744253 -1.0000000180025095e-35
decision_type=2 2 2 2 2 2 2 2 2 2 2 2 2 2 2 2 2 2 2 2 2 2 2 2 2
left_child=1 4 15 -4 9 6 8 -8 -6 13 11 -11 -12 -1 -15 16 23 18 -17 24 -19 -18 -7 -3 -5
right_child=-2 2 3 19 5 22 7 -9 -10 10 12 -13 -14 14 -16 17 21 20 -20 -21 -22 -23 -24 -25 -26
leaf_value=0.00011933398773221093 0.00042969688054706373 0.00019085062109283171 0.00066878605241799962 0.00031182067218204872 6.7792228556721527e-05 0 0.00012710231167704263 0.00062760349320680169 -0.00040253052800627695 0.00035893564590547283 9.6374137985229341e-06 -7.9319433301376784e-05 -0.00020735312496378484 0 -0.00035740787235369098 -0.00072114025450622035 -0.00054779684561071917 4.8810434038750818e-05 -0.0001612584599195263 -0.00024936579107306896 -0.00029208632225110649 0 -0.00045836706675649822 -8.5662997192182365e-05 0
leaf_weight=26 20 49 23 21 520 22 135 48 20 100 363 89 139 47 109 44 23 29 38 29 30 20 22 37 31
leaf_count=26 20 49 23 21 520 22 135 48 20 100 363 89 139 47 109 44 23 29 38 29 30 20 22 37 31
internal_value=0 -3.98715e-06 -0.000115707 0.000136703 1.97172e-05 8.31942e-05 0.000107604 0.000277383 4.41157e-05 -3.26512e-05 8.55972e-07 0.000137441 -4.47742e-05 -0.000175571 -0.000244277 -0.000224147 -6.47165e-05 -0.0003474 -0.000502896 0 -7.6506e-05 -0.000334102 -0.00024471 3.77855e-05 0.00010913
internal_weight=2034 2014 374 104 1640 767 723 183 540 873 691 189 502 182 156 270 129 141 82 81 59 43 44 86 52
internal_count=2034 2014 374 104 1640 767 723 183 540 873 691 189 502 182 156 270 129 141 82 81 59 43 44 86 52
is_linear=0
shrinkage=0.03


Tree=71
num_leaves=16
num_cat=0
split_feature=11 23 16 19 14 14 22 15 8 5 21 20 14 19 3
split_gain=0.00417979 0.00755092 0.00719085 0.00860637 0.00666822 0.00655018 0.006867 0.00516917 0.00514116 0.00379755 0.00260782 0.00224335 0.00166056 0.000865835 0.000677979
threshold=1.0862108233323815 2.0358000000000005 68.805910857700113 98.488550000000018 0.023388845666950753 0.018399263219917954 39.389999389648409 0.019602230350724854 1.004740818066151 -0.0014008549021607497 2.1750000000000003 97.165000915527315 0.020603619307381853 101.02260000000001 0.0036393752965844005
decision_type=2 2 2 2 2 2 2 2 2 2 2 2 2 2 2
left_child=2 11 4 -4 5 6 7 -1 -6 12 -11 14 -7 -5 -2
right_child=1 -3 3 13 8 9 -8 -9 -10 10 -12 -13 -14 -15 -16
leaf_value=3.2680055277675996e-06 0 -0.00043244090716841377 0.00083008067765331364 0.00018603786949635199 0.0005046070108542265 -0.00017485605206628166 -0.00053066353060837311 0.00035149158775020625 0 -6.0317947742173828e-05 -0.000533527261901238 0.00026530848096444965 0.00011923847321304492 -1.1369596933946006e-05 -0.00015937981662667684
leaf_weight=1566 23 54 20 22 40 33 20 39 25 37 40 23 31 25 36
leaf_count=1566 23 54 20 22 40 33 20 39 25 37 40 23 31 25 36
internal_value=0 -0.000159595 1.19759e-05 0.000314926 0 -1.03336e-05 4.94262e-06 1.38111e-05 0.000296768 -0.000206311 -0.000348291 0 0 2.04846e-05 -7.41272e-05
internal_weight=2034 136 1898 67 1831 1766 1625 1605 65 141 77 82 64 47 59
internal_count=2034 136 1898 67 1831 1766 1625 1605 65 141 77 82 64 47 59
is_linear=0
shrinkage=0.03


Tree=72
num_leaves=17
num_cat=0
split_feature=19 21 21 14 9 22 17 15 15 22 17 11 18 10 5 3
split_gain=0.00411319 0.00588161 0.0110789 0.00918884 0.00654597 0.00642366 0.00513786 0.0123432 0.00588826 0.005037 0.00397115 0.00959279 0.00754994 0.00327909 0.00255252 0.00157806
threshold=104.09700000000001 2.8450000000000002 3.5250000000000004 0.012292192836657752 1.0482448991247835 16.894999504089352 0.0012802091077208503 0.015076140770187601 0.014192392852429502 9.6599998474121076 -0.0086770964816673974 0.92282305169170786 0.73477939647968904 0.97893690021065027 0.0045684384992084508 -1.0000000180025095e-35
decision_type=2 2 2 2 2 2 2 2 2 2 2 2 2 2 2 2
left_child=1 4 10 -4 5 9 8 -8 -7 -1 -3 -12 -13 -11 15 -5
right_child=-2 2 3 14 -6 6 7 -9 -10 13 11 12 -14 -15 -16 -17
leaf_value=0.00037633109231739162 0.00041809330886462704 -0.00065800459234742449 0.00064913857445208123 0.00030115308398275041 -0.000413780671171844 -7.6870037544108231e-05 0.00034330678168400012 -1.7349845564324193e-05 0.00014093147033488701 5.9535960352150137e-05 0.0003049423907851351 -1.6523998485782236e-05 -0.00040258694439549152 -7.5070194633122497e-05 -0.00023960206224583091 0
leaf_weight=25 20 21 23 21 29 230 187 129 205 193 28 101 120 642 29 31
leaf_count=25 20 21 23 21 29 230 187 129 205 193 28 101 120 642 29 31
internal_value=0 -3.92429e-06 -0.000112319 0.000132492 1.90202e-05 2.8924e-05 9.38312e-05 0.000187023 1.89791e-05 -2.43154e-05 -0.000217827 -0.000166221 -0.000240534 -4.03351e-05 0 0.000104159
internal_weight=2034 2014 374 104 1640 1611 751 316 435 860 270 249 221 835 81 52
internal_count=2034 2014 374 104 1640 1611 751 316 435 860 270 249 221 835 81 52
is_linear=0
shrinkage=0.03


Tree=73
num_leaves=19
num_cat=0
split_feature=21 21 23 17 19 19 9 22 23 23 17 15 15 22 10 16 19 8
split_gain=0.00393326 0.00555222 0.00918951 0.010742 0.00893221 0.006302 0.00617486 0.00601683 0.00526665 0.00485119 0.00481414 0.0116537 0.00554552 0.00439305 0.00775273 0.00421684 0.00341014 0.00116731
threshold=3.9900000000000007 2.8450000000000002 8.2073500000000017 0.00032603576822665001 104.05040000000001 100.60710000000002 1.0482448991247835 16.894999504089352 1.1259500000000002 1.7358000000000002 0.0012802091077208503 0.015076140770187601 0.014192392852429502 20.289999961853002 0.98789866767035084 34.151776344932038 104.00915000000002 0.99779826166953633
decision_type=2 2 2 2 2 2 2 2 2 2 2 2 2 2 2 2 2 2
left_child=1 6 3 13 5 -5 7 8 15 -10 12 -12 -9 16 -15 -1 -3 -4
right_child=-2 2 17 4 -6 -7 -8 10 9 -11 11 -13 -14 14 -16 -17 -18 -19
leaf_value=2.0101043971538116e-06 0.00040883767922475403 -0.00011693127016233599 -0.00056174376794868811 0 0.0001898217988782562 -0.00049525682416643531 -0.00040178103870712218 -7.457392454633411e-05 0.00014572910262295805 -3.2955424002025295e-05 0.00033306236056883555 -1.6833353333976653e-05 0.00013672405117032008 0.0006432987690423033 0 -0.0002650750906986512 0.00031091114431079143 -0.00010357075818043586
leaf_weight=55 20 75 41 23 25 82 29 230 183 496 187 129 205 31 49 126 20 28
leaf_count=55 20 75 41 23 25 82 29 230 183 496 187 129 205 31 49 126 20 28
internal_value=0 -3.84694e-06 -0.000109193 -2.72898e-05 -0.000240614 -0.000372224 1.84009e-05 2.80703e-05 -2.33643e-05 1.09343e-05 9.09122e-05 0.000181159 1.82077e-05 0.000114601 0.000278115 -0.000167868 0 -0.000422811
internal_weight=2034 2014 374 305 130 105 1640 1611 860 679 751 316 435 175 80 181 95 69
internal_count=2034 2014 374 305 130 105 1640 1611 860 679 751 316 435 175 80 181 95 69
is_linear=0
shrinkage=0.03


Tree=74
num_leaves=15
num_cat=0
split_feature=11 16 19 14 22 14 8 19 15 11 16 5 20 15
split_gain=0.00383232 0.00669542 0.00771573 0.00609854 0.00625396 0.00745136 0.00488961 0.00485909 0.0046965 0.00355889 0.00314386 0.00309361 0.00258994 0.000353908
threshold=1.0862108233323815 68.805910857700113 101.02260000000001 0.023388845666950753 40.815000534057553 0.018399263219917954 1.004740818066151 98.870050000000006 0.019602230350724854 1.0767447784994755 74.493468585211687 -0.0014008549021607497 97.165000915527315 0.010491302050630102
decision_type=2 2 2 2 2 2 2 2 2 2 2 2 2 2
left_child=1 3 9 4 5 8 -5 12 -1 -3 -9 -7 13 -2
right_child=7 2 -4 6 -6 11 -8 10 -10 -11 -12 -13 -14 -15
leaf_value=4.0927910677937223e-06 0 0.00084232332925919604 -7.0570506639062143e-06 0.00048674378085245451 -0.00052539540268480781 -1.1954397649206499e-06 0 -0.00058876318749971688 0.00033636287780682326 6.9874571935672828e-05 -1.0162474330643121e-05 -0.00034740831446987088 0.00026168769499054176 -0.00018311452795605871
leaf_weight=1572 27 22 25 40 20 60 25 29 39 20 28 75 23 29
leaf_count=1572 27 22 25 40 20 60 25 29 39 20 28 75 23 29
internal_value=0 1.14621e-05 0.000303784 0 -9.96988e-06 -2.05122e-06 0.000283727 -0.000152823 1.42013e-05 0.000554437 -0.000361338 -0.000216735 0 -0.000109817
internal_weight=2034 1898 67 1831 1766 1746 65 136 1611 42 57 135 79 56
internal_count=2034 1898 67 1831 1766 1746 65 136 1611 42 57 135 79 56
is_linear=0
shrinkage=0.03


Tree=75
num_leaves=30
num_cat=0
split_feature=24 15 14 14 23 16 20 21 13 21 21 11 20 21 14 24 24 22 22 15 23 5 5 22 21 15 1 15 7
split_gain=0.00420176 0.00810421 0.00824093 0.00743873 0.00817327 0.00658822 0.00625571 0.00574056 0.00459151 0.00564362 0.00438935 0.00833316 0.0157589 0.012985 0.00718851 0.0084776 0.00885409 0.00714093 0.00433424 0.0042507 0.00415123 0.00413134 0.00391135 0.00330887 0.00250239 0.00334549 0.0023984 0.0017957 0.00026262
threshold=51.050000000000004 0.0095201876402012508 0.006702713747128301 0.014737505688862352 2.6213500000000005 49.466251591369264 93.354999542236314 3.9550000000000005 0.97494813048118312 2.6950000000000007 2.1550000000000007 0.98441095283024482 93.805000305175767 1.1250000000000002 0.016359921452507902 49.650000000000013 50.050000000000004 13.010000228881802 11.755000114440902 0.011153785040426302 6.3659000000000008 -0.0011589607182731999 0.0032390766233378007 19.600000381469652 2.2450000000000006 0.023016243061421301 -0.010429274014246948 0.0089813526228873525 0.015117232305422701
decision_type=2 2 2 2 2 2 2 2 2 2 2 2 2 2 2 2 2 2 2 2 2 2 2 2 2 2 2 2 2
left_child=7 2 -2 4 5 18 -6 10 -5 23 11 13 26 -1 15 20 -17 -14 -3 -7 -12 -15 27 -10 -16 -26 -13 -4 -8
right_child=1 3 22 8 6 19 28 -9 9 -11 14 12 17 21 24 16 -18 -19 -20 -21 -22 -23 -24 -25 25 -27 -28 -29 -30
leaf_value=-0.00050487623579895374 -6.9320219924390717e-05 0 0.00033701673875330017 0.00052580369785428047 0 5.0578924480647765e-05 -0.00068526875050738448 0.0004382128575340506 0.00031446266979320798 -0.00019951275751445792 0.0002097527130458997 0 -0.00024017083270155129 0.00036582971427658869 0 -0.00053264933906961229 -5.1134559517824551e-05 6.6394163543171344e-05 0.00039487487263330776 -0.0002026533985192712 -4.0460583009751806e-05 6.2789881711265683e-05 0.00074236052972863787 0 -0.00047608750164119162 0 -0.00055296476760413496 0 -0.00016231690186329864
leaf_weight=21 27 44 29 29 36 88 29 21 76 39 118 20 83 110 23 49 172 358 53 121 87 110 33 60 75 22 59 21 21
leaf_count=21 27 44 29 29 36 88 29 21 76 39 118 20 83 110 23 49 172 358 53 121 87 110 33 60 75 22 59 21 21
internal_value=0 5.94132e-05 0.000296012 1.02979e-05 -6.06829e-05 2.67934e-06 -0.000318057 -3.11061e-05 0.000160957 8.08075e-05 -4.12696e-05 1.50182e-06 -6.20444e-05 0.0001507 -0.000106262 -3.9997e-05 -0.000173328 1.49583e-06 0.000214742 -8.20104e-05 8.93206e-05 0.000228854 0.000449979 0.000183961 -0.000314433 -0.000380858 -0.000449828 0.000187412 -0.000531942
internal_weight=2034 706 110 596 392 306 86 1328 204 175 1307 761 520 241 546 426 221 441 97 209 205 220 83 136 120 97 79 50 50
internal_count=2034 706 110 596 392 306 86 1328 204 175 1307 761 520 241 546 426 221 441 97 209 205 220 83 136 120 97 79 50 50
is_linear=0
shrinkage=0.03


Tree=76
num_leaves=14
num_cat=0
split_feature=11 23 16 19 14 22 14 8 14 11 22 20 3
split_gain=0.00376061 0.0066272 0.00620556 0.00718519 0.00568893 0.00576885 0.006891 0.00461482 0.00354995 0.00318601 0.00285459 0.00203703 0.000631335
threshold=1.0862108233323815 2.0358000000000005 68.805910857700113 101.02260000000001 0.023388845666950753 40.815000534057553 0.018399263219917954 1.004740818066151 0.014378983438110901 1.0767447784994755 24.464999198913503 97.165000915527315 0.0018589188889593501
decision_type=2 2 2 2 2 2 2 2 2 2 2 2 2
left_child=2 11 4 9 5 6 8 -6 -1 -4 -8 12 -2
right_child=1 -3 3 -5 7 -7 10 -9 -10 -11 -12 -13 -14
leaf_value=-9.2589762572193353e-06 0 -0.00040705380174754698 0.00080932385133295924 -3.486018592061898e-06 0.00047145952369518035 -0.00050455769437498285 -0.00028408057452345803 0 9.3161300489264518e-05 6.5308807334596547e-05 0 0.00025086224410915745 -0.00014926149717648513
leaf_weight=1221 20 54 22 25 40 20 104 25 390 20 31 23 39
leaf_count=1221 20 54 22 25 40 20 104 25 390 20 31 23 39
internal_value=0 -0.0001516 1.11461e-05 0.000292578 0 -9.51993e-06 -1.84659e-06 0.000274135 1.37169e-05 0.000534557 -0.000208365 0 -7.33665e-05
internal_weight=2034 136 1898 67 1831 1766 1746 65 1611 42 135 82 59
internal_count=2034 136 1898 67 1831 1766 1746 65 1611 42 135 82 59
is_linear=0
shrinkage=0.03


Tree=77
num_leaves=31
num_cat=0
split_feature=24 23 15 11 21 19 14 17 23 20 24 18 18 11 14 22 20 11 21 14 14 19 20 15 23 18 20 11 18 16
split_gain=0.00395417 0.00774058 0.00674045 0.00670284 0.0053507 0.00482752 0.0051185 0.00739661 0.00708565 0.00479336 0.00459597 0.00426657 0.00932973 0.00666274 0.00752085 0.00654612 0.00635326 0.00970628 0.00858799 0.00726411 0.00615675 0.00393434 0.00344824 0.00313405 0.00286302 0.00327305 0.00304653 0.00257529 0.00194386 0.00156417
threshold=51.050000000000004 2.1493000000000007 0.0094886798487273504 1.028044354709424 3.9550000000000005 104.09700000000001 0.014220538330598451 0.00054466794839320011 2.7947500000000001 94.435001373290959 51.45000000000001 1.0014510383243349 1.0536985517765916 1.0100942559952149 0.0085163567411065521 18.765000343322704 93.494998931884766 0.99108816547578793 2.1550000000000007 0.016359921452507902 0.013880813134757652 99.238900000000015 97.444999694824162 0.011484223154061753 2.8322500000000006 0.64029543770004882 95.50500106811522 1.0348572884497018 0.48808485458490664 49.466251591369264
decision_type=2 2 2 2 2 2 2 2 2 2 2 2 2 2 2 2 2 2 2 2 2 2 2 2 2 2 2 2 2 2
left_child=4 2 27 9 11 6 7 8 -3 -4 -5 16 22 15 -15 -14 17 -1 20 -20 -18 -9 -13 -12 26 -26 -8 -2 -19 -11
right_child=1 5 3 10 -6 -7 24 21 -10 29 23 12 13 14 -16 -17 18 28 19 -21 -22 -23 -24 -25 25 -27 -28 -29 -30 -31
leaf_value=1.2509510970343587e-05 5.7740023143456367e-06 5.9928315784253014e-05 0.00047491250383771127 0.00016423266933855173 0.00042229646777294956 0.00039637063011260971 -0.00021037421707296745 0 -0.00044497036640532312 0.00020039776115762917 0 -7.0211875216362216e-05 -0.00011585804381233709 0.00016006495511101094 -0.00033003414245249581 0.00020260700981414534 2.9517454601012347e-05 -0.00010186077107209711 0 -0.00030717611788207686 0.00028682976225015715 -0.00054355143280386423 -0.0007860884172215055 -0.00031235982200106315 0 0.00047332307978233855 0.00015047514979512646 0.00061279374868722586 -0.00069327921760850585 -6.3577321055720764e-05
leaf_weight=56 20 131 53 55 21 20 41 21 29 32 41 22 108 27 119 113 293 23 261 91 138 51 25 56 21 27 38 40 31 30
leaf_count=56 20 131 53 55 21 20 41 21 29 32 41 22 108 27 119 113 293 23 261 91 138 51 25 56 21 27 38 40 31 30
internal_value=0 5.74972e-05 0.000165675 8.61779e-05 -3.03164e-05 -2.81341e-05 -6.1152e-05 -0.000149425 -1.51464e-05 0.000261099 -2.73976e-05 -4.01996e-05 -0.000119775 -5.88413e-05 -0.000218519 3.36427e-05 0 -0.000215464 2.68396e-05 -7.79184e-05 0.000119323 -0.000402431 -0.000521941 -0.000167233 7.65726e-05 0.000260581 0 0.000463046 -0.000502356 2.60671e-05
internal_weight=2034 706 327 267 1328 379 359 232 160 115 152 1307 414 367 146 221 893 110 783 352 431 72 47 97 127 48 79 60 54 62
internal_count=2034 706 327 267 1328 379 359 232 160 115 152 1307 414 367 146 221 893 110 783 352 431 72 47 97 127 48 79 60 54 62
is_linear=0
shrinkage=0.03


end of trees

feature_importances:
CPI_Inflation=183
VIX=172
Close_to_MA_50=160
US_10Y_Yield=158
Global_Industrial_Production_Index=157
Rolling_Std_20=147
China_PMI=126
USD_Index=108
Rolling_Std_10=104
RSI_14=80
Volume_to_MA_10=76
Close_to_MA_20=62
MACD_Pct=53
Close_to_MA_5=35
Close_to_MA_10=29
Ret_Lag_3=20
Close_to_EMA_20=20
Daily_Range_Pct=17
Ret_Lag_2=12
Ret_Lag_5=10
Close_to_EMA_10=10
Return=9
Ret_Lag_10=8
Ret_Lag_1=7
Log_Return=4

parameters:
[boosting: gbdt]
[objective: regression]
[metric: l2]
[tree_learner: serial]
[device_type: cpu]
[data_sample_strategy: bagging]
[data: ]
[valid: ]
[num_iterations: 200]
[learning_rate: 0.03]
[num_leaves: 31]
[num_threads: 20]
[seed: 42]
[deterministic: 0]
[force_col_wise: 0]
[force_row_wise: 0]
[histogram_pool_size: -1]
[max_depth: 6]
[min_data_in_leaf: 20]
[min_sum_hessian_in_leaf: 0.001]
[bagging_fraction: 0.8]
[pos_bagging_fraction: 1]
[neg_bagging_fraction: 1]
[bagging_freq: 0]
[bagging_seed: 400]
[bagging_by_query: 0]
[feature_fraction: 0.8]
[feature_fraction_bynode: 1]
[feature_fraction_seed: 30056]
[extra_trees: 0]
[extra_seed: 12879]
[early_stopping_round: 0]
[early_stopping_min_delta: 0]
[first_metric_only: 0]
[max_delta_step: 0]
[lambda_l1: 0.1]
[lambda_l2: 1]
[linear_lambda: 0]
[min_gain_to_split: 0]
[drop_rate: 0.1]
[max_drop: 50]
[skip_drop: 0.5]
[xgboost_dart_mode: 0]
[uniform_drop: 0]
[drop_seed: 17869]
[top_rate: 0.2]
[other_rate: 0.1]
[min_data_per_group: 100]
[max_cat_threshold: 32]
[cat_l2: 10]
[cat_smooth: 10]
[max_cat_to_onehot: 4]
[top_k: 20]
[monotone_constraints: ]
[monotone_constraints_method: basic]
[monotone_penalty: 0]
[feature_contri: ]
[forcedsplits_filename: ]
[refit_decay_rate: 0.9]
[cegb_tradeoff: 1]
[cegb_penalty_split: 0]
[cegb_penalty_feature_lazy: ]
[cegb_penalty_feature_coupled: ]
[path_smooth: 0]
[interaction_constraints: ]
[verbosity: -1]
[saved_feature_importance_type: 0]
[use_quantized_grad: 0]
[num_grad_quant_bins: 4]
[quant_train_renew_leaf: 0]
[stochastic_rounding: 1]
[linear_tree: 0]
[max_bin: 255]
[max_bin_by_feature: ]
[min_data_in_bin: 3]
[bin_construct_sample_cnt: 200000]
[data_random_seed: 175]
[is_enable_sparse: 1]
[enable_bundle: 1]
[use_missing: 1]
[zero_as_missing: 0]
[feature_pre_filter: 1]
[pre_partition: 0]
[two_round: 0]
[header: 0]
[label_column: ]
[weight_column: ]
[group_column: ]
[ignore_column: ]
[categorical_feature: ]
[forcedbins_filename: ]
[precise_float_parser: 0]
[parser_config_file: ]
[objective_seed: 16083]
[num_class: 1]
[is_unbalance: 0]
[scale_pos_weight: 1]
[sigmoid: 1]
[boost_from_average: 1]
[reg_sqrt: 0]
[alpha: 0.9]
[fair_c: 1]
[poisson_max_delta_step: 0.7]
[tweedie_variance_power: 1.5]
[lambdarank_truncation_level: 30]
[lambdarank_norm: 1]
[label_gain: ]
[lambdarank_position_bias_regularization: 0]
[eval_at: ]
[multi_error_top_k: 1]
[auc_mu_weights: ]
[num_machines: 1]
[local_listen_port: 12400]
[time_out: 120]
[machine_list_filename: ]
[machines: ]
[gpu_platform_id: -1]
[gpu_device_id: -1]
[gpu_device_id_list: ]
[gpu_use_dp: 0]
[num_gpu: 1]

end of parameters

pandas_categorical:[]
