tree
version=v4
num_class=1
num_tree_per_iteration=1
label_index=0
max_feature_idx=26
objective=regression
feature_names=Return Log_Return Ret_Lag_1 Ret_Lag_2 Ret_Lag_3 Ret_Lag_5 Ret_Lag_10 Daily_Range_Pct Close_to_MA_5 Close_to_MA_10 Close_to_MA_20 Close_to_MA_50 Close_to_EMA_10 Close_to_EMA_20 Rolling_Std_10 Rolling_Std_20 RSI_14 MACD_Pct Volume_to_MA_10 USD_Index US_10Y_Yield VIX CPI_Inflation EIA_Storage_Level Heating_Degree_Days Cooling_Degree_Days Rig_Count
feature_infos=[-0.25953710489588089:0.46481176972811999] [-0.30047975442423092:0.3817267493869263] [-0.25953710489588089:0.46481176972811999] [-0.25953710489588089:0.46481176972811999] [-0.25953710489588089:0.46481176972811999] [-0.25953710489588089:0.46481176972811999] [-0.25953710489588089:0.46481176972811999] [0.0017521826490472:0.49736635943841118] [0.84956273887500966:1.3847751908081158] [0.79372315714634623:1.448186552283947] [0.72649827249158727:1.4990189649360941] [0.69560686648338077:1.5115317390034022] [0.82652070235046038:1.3922727109650179] [0.76555395000077109:1.4587988368072369] [0.0075971995904466003:0.19324897156218779] [0.0101270268425171:0.1415741040779375] [18.806082754753248:90.72666898325852] [-0.047345077241480002:0.037280324466973602] [0.18930515529939049:2.8509042652839689] [79.779998779296875:109.69000244140624] [0.52000000000000002:3.4900000000000002] [9.1400003433227539:82.69000244140625] [234.74700000000001:295.09699999999998] [1107:4047] [0:41.399999999999999] [0:20.100000000000001] [244:1931]
tree_sizes=2761 2825 2823 2847 2844 2843 2793 2858 2862 2856 2842 2853 2834 2831 2857 2848 2854 2873 2859 2875 2864 2861 2851 2877 2860 2813 2773 2838 2865 2851 2826 2873 2856 2859 2874 2864 2856

Tree=0
num_leaves=31
num_cat=0
split_feature=26 22 26 15 15 11 22 22 11 24 26 11 11 19 11 26 26 11 26 26 15 20 21 26 26 22 18 21 17 24
split_gain=64.8967 15.4169 11.1744 8.78385 7.17395 6.84347 5.91255 4.99698 3.58497 3.41523 2.39443 2.19362 2.11971 2.1072 1.74262 1.57189 1.37538 1.15876 1.15425 1.0678 0.862958 0.792159 0.679935 0.444004 0.272549 0.265964 0.154446 0.0806043 0.0154931 0.0152441
threshold=696.50000000000011 279.88200000000006 490.00000000000006 0.028831053958584704 0.014329932762070853 0.89034818636639279 283.52150000000006 259.28300000000007 1.0636787565828041 1.0000000180025095e-35 1891.0000000000002 1.0701663767254008 1.0779148301200745 90.95999908447267 0.94057678323188665 915.50000000000011 756.50000000000011 0.98479978577512417 720.50000000000011 990.50000000000011 0.029924331372627403 2.7250000000000005 25.250000000000004 347.00000000000006 759.00000000000011 272.28950000000003 0.97511276159825855 12.015000343322756 0.0028695774626422 0.55000000000000016
decision_type=2 2 2 2 2 2 2 2 2 2 2 2 2 2 2 2 2 2 2 2 2 2 2 2 2 2 2 2 2 2
left_child=1 2 3 13 9 -4 -3 11 10 17 15 -5 22 -1 -15 16 -6 -2 -10 -17 27 -11 -7 -9 -22 -14 -8 -20 -23 -12
right_child=4 6 5 7 8 12 26 23 18 21 29 -13 25 14 -16 19 -18 -19 20 -21 24 28 -24 -25 -26 -27 -28 -29 -30 -31
leaf_value=0.07327624738375707 0.066135926334228254 0.079038684545733082 0.069864516767181875 0.065813355855563138 0.051661467369466946 0.053283131987749144 0.066198372072581085 0.052776447395119309 0.051742884796407637 0.047121391348097362 0.046379142330888544 0.057948707884816146 0.050192670369206806 0.070365022807030775 0.062413480607727161 0.052162838480724269 0.047355847832695114 0.057358776407787034 0.048719877070110856 0.049406359033388011 0.045572376954410111 0.053899069799158005 0.058652078269556054 0.05620839703730543 0.040513375496044821 0.046705439570400749 0.061460330121818812 0.045628163420902187 0.052978009116411096 0.043449072405869829
leaf_weight=35 23 45 20 68 88 122 25 94 21 24 24 66 51 37 104 260 321 38 21 255 23 33 25 51 62 43 29 76 26 55
leaf_count=35 23 45 20 68 88 122 25 94 21 24 24 66 51 37 104 260 321 38 21 255 23 33 25 51 62 43 29 76 26 55
internal_value=0.0532654 0.0599455 0.0583899 0.0612235 0.0492306 0.0534272 0.0710022 0.0578696 0.0484744 0.0555324 0.0492234 0.0620253 0.0520126 0.0664672 0.0646269 0.0496651 0.0482688 0.0608708 0.0448263 0.0507873 0.0440573 0.0516009 0.0542467 0.0539749 0.041742 0.0485136 0.0639037 0.0462137 0.0534452 0.0442045
internal_weight=2165 815 716 455 1350 261 99 279 1206 144 1003 134 241 176 141 924 409 61 203 515 182 83 147 145 85 94 54 97 59 79
internal_count=2165 815 716 455 1350 261 99 279 1206 144 1003 134 241 176 141 924 409 61 203 515 182 83 147 145 85 94 54 97 59 79
is_linear=0
shrinkage=1


Tree=1
num_leaves=31
num_cat=0
split_feature=20 22 23 20 22 23 23 22 22 23 25 21 20 22 22 22 15 21 23 20 11 15 22 19 23 25 24 23 23 11
split_gain=34.5653 20.1853 13.8355 10.1471 7.74004 6.6597 5.67286 5.07505 3.56735 3.0799 2.95819 2.8184 2.47794 2.25514 2.19501 2.86008 2.13338 1.61829 3.60321 2.0308 1.31223 1.17462 0.828157 0.739022 0.644009 0.640875 0.47654 0.342227 0.341398 0.262012
threshold=2.0350000000000006 279.88200000000006 2726.0000000000005 0.76500000000000012 264.27000000000004 2395.5000000000005 3223.0000000000005 241.45850000000004 277.73450000000008 2316.0000000000005 13.350000000000003 13.22499990463257 1.4350000000000003 241.88350000000005 237.28350000000003 256.03400000000005 0.014073699040547201 18.380000114440922 1543.0000000000002 2.7650000000000001 1.1676509177137444 0.028928509281710302 289.92950000000002 89.759998321533217 3023.0000000000005 9.2500000000000018 0.25000000000000006 1912.0000000000002 3813.5000000000005 1.2144774122758848
decision_type=2 2 2 2 2 2 2 2 2 2 2 2 2 2 2 2 2 2 2 2 2 2 2 2 2 2 2 2 2 2
left_child=1 2 4 6 14 10 -4 24 -9 -3 17 13 -6 -7 -1 -16 -12 19 21 27 23 -19 -20 -13 -5 -21 -15 -2 -25 -8
right_child=5 9 3 7 12 11 29 8 -10 -11 16 20 -14 26 15 -17 -18 18 22 25 -22 -23 -24 28 -26 -27 -28 -29 -30 -31
leaf_value=-0.00059445119781755939 -0.0050244273457962724 0.010343477232300717 0.01852882069349289 0.0064709876521180073 0.0049014350174164233 -0.0088214837297012922 0.0046160104359415444 -0.004678235160359181 0.008095411732260669 0.025184823395207868 0.01343667404140745 -0.0098408655284770875 0.016972478549654887 -0.00049154801175322824 0.008969922298734171 0.0015655290296596762 0.00020417738288640975 0.0012091894696720621 0.00023951923735502704 -7.9237195965279577e-06 -0.01246708094115768 0.010424807916475192 -0.0059499630063772208 -0.0064182126505083412 0.0017281849259634667 0.0060083313946213048 -0.0031611282733358895 -0.0027852489749482776 -0.0034539420175958764 0.00016512909768657251
leaf_weight=53 129 22 35 35 21 56 32 299 20 42 20 55 81 98 126 77 24 21 36 62 41 34 39 190 106 20 170 146 54 21
leaf_count=53 129 22 35 35 21 56 32 299 20 42 20 55 81 98 126 77 24 21 36 62 41 34 39 190 106 20 170 146 54 21
internal_value=0 0.00420599 0.00303988 3.53428e-05 0.00761773 -0.00341297 0.00931459 -0.00174966 -0.00384521 0.0203669 -0.000899103 -0.00541442 0.0145881 -0.00337859 0.00478284 0.00619751 0.00645055 -0.00158114 0.00126209 -0.00262551 -0.00733006 0.00704412 -0.00297548 -0.00657645 0.00296388 0.00147802 -0.00220155 -0.0038609 -0.00579121 0.00294373
internal_weight=2165 970 906 548 358 1195 88 460 319 64 531 664 102 324 256 203 44 487 130 357 340 55 75 299 141 82 268 275 244 53
internal_count=2165 970 906 548 358 1195 88 460 319 64 531 664 102 324 256 203 44 487 130 357 340 55 75 299 141 82 268 275 244 53
is_linear=0
shrinkage=0.03


Tree=2
num_leaves=31
num_cat=0
split_feature=26 23 11 11 23 23 22 26 14 11 14 23 22 24 23 19 26 20 24 26 22 20 20 11 26 11 20 23 14 19
split_gain=58.1385 16.3176 8.49077 7.18767 6.23043 4.75438 4.16674 3.51339 2.97878 2.68365 2.6702 2.47656 2.44787 1.93425 1.86188 1.84524 2.09945 1.28716 0.942081 0.935919 0.836516 1.56896 1.15498 0.676211 0.60632 0.531388 0.391555 0.327221 0.273266 0.207572
threshold=696.50000000000011 3242.0000000000005 0.86670034847935795 1.1176948617223499 2488.5000000000005 2712.5000000000005 264.27000000000004 298.00000000000006 0.011851659710215403 1.0889661409083635 0.048605236000235953 2201.5000000000005 271.27850000000007 0.15000000000000005 2875.0000000000005 89.944999694824233 907.50000000000011 1.5650000000000002 0.25000000000000006 756.50000000000011 289.92950000000002 2.7650000000000001 2.1350000000000002 1.0179358494570263 285.50000000000006 1.0625884370700083 1.3900000000000001 2067.5000000000005 0.059593682826753057 98.625000000000014
decision_type=2 2 2 2 2 2 2 2 2 2 2 2 2 2 2 2 2 2 2 2 2 2 2 2 2 2 2 2 2 2
left_child=1 3 -3 6 8 26 7 -1 11 15 12 -2 -8 25 -9 -6 19 -7 -18 -17 21 22 -10 -15 -25 -4 -5 -23 -22 -28
right_child=4 2 13 5 9 17 10 14 20 -11 -12 -13 -14 23 -16 16 18 -19 -20 -21 28 27 -24 24 -26 -27 29 -29 -30 -31
leaf_value=0.017297309441225869 -0.0013683145804732867 0.017101119106428492 0.0060552717616429198 0.0051516656386000762 -0.0092514003446189357 -0.0040630622689092821 0.01686457737398819 0.0089668832225469879 -0.00027874213222563529 -0.010553793814519177 0.024374095916748044 0.010236264431341128 0.0066039160142253557 0 0.0012115802049032739 -0.0020693838945166632 -0.00053499336247908645 0.0047110246595527443 -0.0040360487607604446 -0.0070705184648189303 -0.0071715319689363245 0.00047250937682446624 -0.0037999371227007621 0.00092129599254416386 -0.0044272023040273995 0.0011423035153777013 0.013213870220714146 0.0046176687011738179 -0.002686995794177055 0.0078900717365741734
leaf_weight=41 32 26 36 20 81 51 70 145 123 91 30 32 34 85 36 43 124 20 163 222 39 77 277 22 101 48 26 22 24 24
leaf_count=41 32 26 36 20 81 51 70 145 123 91 30 32 34 85 36 43 124 20 163 222 39 77 277 22 101 48 26 22 24 24
internal_value=8.07828e-07 0.00632495 0.00100217 0.00971579 -0.00381673 0.00391453 0.0119877 0.00935641 -0.00161448 -0.0057119 0.0162231 0.00445604 0.0136335 -0.000474528 0.00745601 -0.00499555 -0.00435003 -0.00151872 -0.00254092 -0.00628112 -0.0023178 -0.00188977 -0.00272805 -0.00203375 -0.00344665 0.00332962 0.00941143 0.00146062 -0.00557869 0.0109221
internal_weight=2165 815 318 497 1350 141 356 222 626 724 134 64 104 292 181 633 552 71 287 265 562 499 400 208 123 84 70 99 63 50
internal_count=2165 815 318 497 1350 141 356 222 626 724 134 64 104 292 181 633 552 71 287 265 562 499 400 208 123 84 70 99 63 50
is_linear=0
shrinkage=0.03


Tree=3
num_leaves=31
num_cat=0
split_feature=26 23 11 11 23 23 22 26 25 23 20 26 11 25 11 23 26 26 20 20 26 24 22 11 22 11 11 20 20 11
split_gain=54.7808 15.3697 8.00554 6.76191 5.867 4.48435 3.92721 3.3112 2.73564 3.39417 2.55105 2.73997 2.53323 2.02904 2.01872 1.75078 1.60125 2.04689 1.21395 1.20207 0.882362 0.800525 0.741182 0.704644 0.497203 0.483191 0.466052 0.441152 0.367522 0.297031
threshold=696.50000000000011 3242.0000000000005 0.86670034847935795 1.1176948617223499 2488.5000000000005 2712.5000000000005 264.27000000000004 298.00000000000006 9.6500000000000004 1950.5000000000002 2.8150000000000004 1041.0000000000002 1.0753055376206191 6.3500000000000005 1.003080481975452 2875.0000000000005 1874.5000000000002 907.50000000000011 1.5650000000000002 2.1350000000000002 756.50000000000011 1.3500000000000003 289.92950000000002 1.0272478555121747 252.37150000000003 0.98158665715340587 1.0625884370700083 0.82500000000000007 1.3900000000000001 1.1658407314017989
decision_type=2 2 2 2 2 2 2 2 2 2 2 2 2 2 2 2 2 2 2 2 2 2 2 2 2 2 2 2 2 2
left_child=1 3 -3 6 10 28 7 -1 9 -8 19 22 16 23 -13 -9 17 20 -7 -2 -6 -19 -12 -4 25 -21 -15 -25 -5 -14
right_child=4 2 13 5 12 18 8 15 -10 -11 11 14 29 26 -16 -17 -18 21 -20 24 -22 -23 -24 27 -26 -27 -28 -29 -30 -31
leaf_value=0.016790745168924332 -0.00027044729781775987 0.016607086965464989 -0.00014060875869566393 0.0050044752359390257 -0.0018311468159280173 -0.0039435143823278711 0.012093374145030974 0.0086997192623029934 0.0049885848651507071 0.02302978497211422 0.00035130870358790906 0.012141971179949385 -0.0081128567956702795 0.0057794162585185129 0.0019383115485269464 0.0011762151579385169 -0.0087457524438699068 -0.00073873631759659088 0.0045764240271278789 -0.0010236371677684864 -0.0068480294427524001 -0.0039978190145920954 -0.0045824267405044769 5.686785720966078e-05 -0.0054237813330010355 -0.0040693475837734611 0.0012884352486580608 -0.004626211563340173 0.010608600282493757 -0.012066407636154528
leaf_weight=41 123 26 92 20 40 51 59 145 20 55 65 27 70 38 50 36 80 144 20 83 215 133 45 21 113 120 51 90 50 42
leaf_count=41 123 26 92 20 40 51 59 145 20 55 65 27 70 38 50 36 80 144 20 83 215 133 45 21 113 120 51 90 50 42
internal_value=2.18036e-06 0.00614102 0.000974848 0.00943192 -0.00370344 0.00380405 0.0116356 0.00908023 0.0157484 0.0175502 -0.00156619 0.00135225 -0.00554255 -0.000458754 0.00566448 0.0072345 -0.00475935 -0.00413898 -0.00147164 -0.00281642 -0.00608301 -0.00232311 -0.00166311 -0.00212162 -0.00379397 -0.00284989 0.00328218 -0.00372084 0.00914271 -0.00971565
internal_weight=2165 815 318 497 1350 141 356 222 134 114 626 187 724 292 77 181 612 532 71 439 255 277 110 203 316 203 89 111 70 112
internal_count=2165 815 318 497 1350 141 356 222 134 114 626 187 724 292 77 181 612 532 71 439 255 277 110 203 316 203 89 111 70 112
is_linear=0
shrinkage=0.03


Tree=4
num_leaves=31
num_cat=0
split_feature=26 23 11 11 15 23 22 26 25 11 25 23 25 26 23 26 23 20 23 26 20 11 11 15 11 15 20 23 19 20
split_gain=51.6106 14.4749 7.54862 6.36511 5.77002 4.22525 3.69972 3.12058 3.09206 2.93037 2.57188 3.19406 1.91216 1.86788 1.64627 1.23123 1.20779 1.14491 0.96163 0.904516 0.840468 0.662732 0.624951 0.448668 0.438638 0.430444 0.343693 0.216002 0.202602 0.17419
threshold=696.50000000000011 3242.0000000000005 0.86670034847935795 1.1176948617223499 0.014329932762070853 2712.5000000000005 264.27000000000004 298.00000000000006 11.550000000000002 1.0636787565828041 9.6500000000000004 1950.5000000000002 6.3500000000000005 1891.0000000000002 2875.0000000000005 915.50000000000011 2759.0000000000005 1.5650000000000002 2413.5000000000005 990.50000000000011 2.7250000000000005 1.0272478555121747 0.98479978577512417 0.058514063433784659 1.0625884370700083 0.029924331372627403 1.3900000000000001 1818.0000000000002 98.625000000000014 2.8450000000000002
decision_type=2 2 2 2 2 2 2 2 2 2 2 2 2 2 2 2 2 2 2 2 2 2 2 2 2 2 2 2 2 2
left_child=1 3 -3 6 8 26 7 -1 20 13 11 -8 21 15 -9 16 -6 -7 27 -17 -2 -4 -10 -23 -14 -20 -5 -11 -28 -27
right_child=4 2 12 5 9 17 10 14 22 18 -12 -13 24 -15 -16 19 -18 -19 25 -21 -22 23 -24 -25 -26 29 28 -29 -30 -31
leaf_value=0.016299016152109415 -0.0055569493147730829 0.016127326605013675 -0.00013643585629160367 0.0048614903001913002 -0.0026661757250177219 -0.0038274842099143341 0.011736619804799555 0.0084405153140470323 0.012500876120884309 -0.0014621677430612697 0.0048460536338388914 0.022351228910897455 0.0056104794528621894 -0.0080306443847715844 0.0011418824088004593 -0.00094252361460781572 -0.0059923923372157979 0.004445668934711388 -0.0070277251167826247 -0.0034800174476749103 0.00073756806818249673 -0.0044976870685299528 0.0045821953807449476 0.00030990450257169347 0.0012505255275620864 -0.0082263473940472447 0.01252566565407647 -0.0055324024781584734 0.0073573099422454833 -0.01264963661936613
leaf_weight=41 24 26 92 20 193 51 59 145 21 20 20 55 38 79 36 260 216 20 70 255 78 91 21 20 51 30 26 45 24 38
leaf_count=41 24 26 92 20 193 51 59 145 21 20 20 55 38 79 36 260 216 20 70 255 78 91 21 20 51 30 26 45 24 38
internal_value=2.92815e-06 0.00596153 0.000947668 0.00915523 -0.00359383 0.00369399 0.0112934 0.00881221 0.00205636 -0.00427211 0.0152862 0.0170336 -0.000444136 -0.00359454 0.00701959 -0.00320375 -0.00444046 -0.00142597 -0.00757116 -0.00220908 -0.00075394 -0.00205867 0.00880994 -0.00360964 0.00318707 -0.0090167 0.0088763 -0.00436661 0.0102966 -0.0108892
internal_weight=2165 815 318 497 1350 141 356 222 144 1206 134 114 292 1003 181 924 409 71 203 515 102 203 42 111 89 138 70 65 50 68
internal_count=2165 815 318 497 1350 141 356 222 144 1206 134 114 292 1003 181 924 409 71 203 515 102 203 42 111 89 138 70 65 50 68
is_linear=0
shrinkage=0.03


Tree=5
num_leaves=31
num_cat=0
split_feature=26 22 26 15 11 15 22 22 25 11 26 11 11 19 11 26 26 26 26 20 15 11 21 26 22 26 18 22 21 25
split_gain=48.629 11.7317 8.43448 6.89977 5.48098 5.43893 4.66671 3.63515 2.91882 2.76492 1.75854 1.63604 1.59186 1.55694 1.29336 1.15829 1.16332 0.912195 0.85084 0.792741 0.70118 0.588037 0.499302 0.348214 0.225856 0.191861 0.153277 0.102601 0.0651474 0.0290034
threshold=696.50000000000011 279.88200000000006 490.00000000000006 0.028831053958584704 0.89034818636639279 0.014329932762070853 283.52150000000006 259.28300000000007 11.550000000000002 1.0636787565828041 1891.0000000000002 1.0779148301200745 1.0701663767254008 90.799999237060561 0.94057678323188665 915.50000000000011 756.50000000000011 720.50000000000011 990.50000000000011 2.7250000000000005 0.029924331372627403 0.98479978577512417 21.775000572204593 347.00000000000006 272.28950000000003 759.00000000000011 0.97511276159825855 250.90500000000003 11.97499990463257 7.5500000000000007
decision_type=2 2 2 2 2 2 2 2 2 2 2 2 2 2 2 2 2 2 2 2 2 2 2 2 2 2 2 2 2 2
left_child=1 2 3 13 -4 8 -3 12 19 10 15 22 -5 -1 -15 16 -7 -11 -17 -2 28 -10 -6 -9 -13 -22 -8 -21 -19 -12
right_child=5 6 4 7 11 9 26 23 21 17 29 24 -14 14 -16 18 -18 20 -20 27 25 -23 -24 -25 -26 -27 -28 -29 -30 -31
leaf_value=0.01799162180577555 -0.0053969093029573563 0.02257263232119705 0.014828847042151859 0.010694128677248954 -0.00025494802927502616 -0.0011909150506233734 0.011285584688186646 -0.00046469929238879363 0.012142896594544502 -0.0011952407940883528 -0.0086133541992077459 -0.0026744180920963679 0.0039800500670698156 0.015082321577950525 0.0082330685513803126 -0.00091435624820169537 -0.0051469812152114755 -0.0037791193630546329 -0.0033760247388722742 1.2422584565514222e-05 -0.0067952697556465866 0.0044509779521348797 0.0035866839359514416 0.002573223314861445 -0.0058863834513520653 -0.011177977966410773 0.0068549481347203256 0.0025147160217165944 -0.0065978545901867044 -0.0059491204973952522
leaf_weight=30 24 45 20 68 106 88 25 94 21 21 51 51 66 37 109 260 321 20 255 58 23 21 41 51 43 62 29 20 77 28
leaf_count=30 24 45 20 68 106 88 25 94 21 21 51 51 66 37 109 260 321 20 255 58 23 21 41 51 43 62 29 20 77 28
internal_value=3.825e-06 0.00578779 0.00443016 0.00689194 0.000117162 -0.00348745 0.0154341 0.00391864 0.00199782 -0.00414601 -0.0034877 -0.00114756 0.00746339 0.0115396 0.01008 -0.00310836 -0.0043081 -0.00735092 -0.00214324 -0.000731852 -0.00803439 0.00855966 0.000813252 0.00059357 -0.0042218 -0.0101198 0.00912861 0.000715721 -0.00609178 -0.00779274
internal_weight=2165 815 716 455 261 1350 99 279 144 1206 1003 241 134 176 146 924 409 203 515 102 182 42 147 145 94 85 54 78 97 79
internal_count=2165 815 716 455 261 1350 99 279 144 1206 1003 241 134 176 146 924 409 203 515 102 182 42 147 145 94 85 54 78 97 79
is_linear=0
shrinkage=0.03


Tree=6
num_leaves=31
num_cat=0
split_feature=20 21 19 11 14 15 25 19 15 15 15 20 19 15 16 19 20 21 20 25 20 15 25 11 21 11 19 19 11 25
split_gain=25.9447 7.45588 7.65555 6.31357 4.95436 4.48444 2.70599 2.3296 4.12769 2.22564 1.64343 1.30629 1.15783 1.57739 1.09488 1.0243 0.990543 1.57871 0.911814 0.900032 0.701518 0.634026 0.60164 0.580315 0.580032 0.553253 0.491426 0.39649 0.354858 0.328276
threshold=2.0350000000000006 16.595000267028812 96.204998016357436 1.1176948617223499 0.054235395252037862 0.014329932762070853 11.550000000000002 97.634998321533217 0.029441717455850756 0.038795830498597757 0.029155889037245256 1.4750000000000003 89.055000305175795 0.043949231839813405 35.580193607769594 94.49499893188478 3.02 18.510000228881839 1.4450000000000001 11.65 2.7250000000000005 0.026681619398981202 10.550000000000002 0.99550099825237004 24.189999580383304 0.98479978577512417 95.415000915527358 82.600002288818374 1.1658407314017989 0.65000000000000002
decision_type=2 2 2 2 2 2 2 2 2 2 2 2 2 2 2 2 2 2 2 2 2 2 2 2 2 2 2 2 2 2
left_child=1 2 9 4 7 6 20 8 -3 18 -9 -6 14 16 -7 22 17 -14 -1 23 -2 -18 -5 29 28 -8 -20 -16 -15 -4
right_child=5 3 19 15 11 12 25 10 -10 -11 -12 -13 13 24 27 -17 21 -19 26 -21 -22 -23 -24 -25 -26 -27 -28 -29 -30 -31
leaf_value=0 -0.0051439605811610823 0.01195434893324579 -0.0050429592598545351 -0.0028919785829105726 0.0096774052098907281 0 0.011795168191702529 -0.0027305952979681581 0.0046942259329970865 -0.003948394290171563 0.0049130630359761939 0.019447939535274222 -0.0029499625325384916 -0.0059547427797317504 -0.0047875870308786072 0.0060140169486403465 -0.0038197642023718031 0.00087125813689259489 0.0082305646480194151 0.0011689757015556097 0.00069634839829611534 -0.010748602952275957 0.0015064609864726662 -0.0076010872595181512 -0.0038783475305352896 0.0043235181465914301 0.0042015307570372733 -0.0085516893673641022 -0.010728481897711754 -0.0014046943593651142
leaf_weight=21 23 113 58 71 28 22 21 38 197 23 70 33 581 49 52 20 37 115 83 23 78 20 44 54 69 21 52 78 29 42
leaf_count=21 23 113 58 71 28 22 21 38 197 23 70 33 581 49 52 20 37 115 83 23 78 20 44 54 69 21 52 78 29 42
internal_value=4.56055e-06 0.00364905 0.000184596 0.00564931 0.00726138 -0.0029518 0.00200811 0.00605629 0.00738023 0.00455468 0.00219573 0.0152399 -0.00363012 -0.00320728 -0.00607683 -5.98335e-05 -0.00263884 -0.00231393 0.00584461 -0.00421877 -0.000641603 -0.00644606 -0.00118476 -0.00504514 -0.00606132 0.00831654 0.006743 -0.00711699 -0.00788091 -0.00357363
internal_weight=2165 970 356 614 479 1195 143 418 310 179 108 61 1052 900 152 135 753 696 156 177 101 57 115 154 147 42 135 130 78 100
internal_count=2165 970 356 614 479 1195 143 418 310 179 108 61 1052 900 152 135 753 696 156 177 101 57 115 154 147 42 135 130 78 100
is_linear=0
shrinkage=0.03


Tree=7
num_leaves=31
num_cat=0
split_feature=26 23 11 11 23 23 22 26 15 23 25 23 11 25 26 26 23 20 11 26 24 11 11 22 20 15 20 26 15 20
split_gain=43.6525 12.5111 6.56764 5.43671 4.93048 3.76675 3.13083 2.82596 2.50939 2.89404 2.27005 2.78333 1.99855 1.68363 1.44918 1.67315 1.41012 0.995466 0.80954 0.795069 0.784514 0.668963 0.471888 0.428316 0.58607 0.359546 0.292949 0.273045 0.191201 0.146742
threshold=696.50000000000011 3242.0000000000005 0.86670034847935795 1.1176948617223499 2488.5000000000005 2712.5000000000005 264.27000000000004 298.00000000000006 0.014165535495640001 2134.0000000000005 9.6500000000000004 1950.5000000000002 1.1058294205364352 4.4500000000000011 1874.5000000000002 907.50000000000011 2875.0000000000005 1.5650000000000002 0.93632178565528534 756.50000000000011 0.35000000000000003 1.0179358494570263 1.0470433028233699 289.92950000000002 2.7750000000000004 0.054041764468065107 1.3900000000000001 983.50000000000011 0.026782438029744452 2.7850000000000006
decision_type=2 2 2 2 2 2 2 2 2 2 2 2 2 2 2 2 2 2 2 2 2 2 2 2 2 2 2 2 2 2
left_child=1 3 -3 6 8 26 7 -1 9 29 11 -8 14 21 15 19 -9 -7 25 -6 -17 -4 -15 24 -20 27 -5 -10 -14 -2
right_child=4 2 13 5 12 17 10 16 18 -11 -12 -13 28 22 -16 20 -18 -19 23 -21 -22 -23 -24 -25 -26 -27 -28 -29 -30 -31
leaf_value=0.015265620676534515 -0.002785338914064182 0.014982507600966428 -0.00015073427085631659 0.004558573779783079 -0.0017736593611214469 -0.0036670011217132784 0.010801473547518252 0.0077551470005004473 0.0011690825709457775 0.0093032168980974415 0.0043056889644690916 0.020711069944713795 -0.0065097254598918165 0.0055273764661767262 -0.0080579333397444719 -0.00042866319977301391 0.00099568470310092551 0.0040436070540121613 -0.0032003988125929718 -0.006284983623480042 -0.0036010916242110911 -0.003803329866494795 0.0011166258260048923 -0.0060055005993953966 0.00076245947595146536 -0.0033465546366359504 0.0096164140245493714 -0.0014086687032143924 -0.011048425122499466 6.4107451139404603e-05
leaf_weight=41 21 26 83 20 45 51 59 145 83 38 20 55 22 32 88 125 36 20 251 228 167 103 74 42 37 34 50 65 49 55
leaf_count=41 21 26 83 20 45 51 59 145 83 38 20 55 22 32 88 125 36 20 251 228 167 103 74 42 37 34 50 65 49 55
internal_value=4.51288e-06 0.00548461 0.00082279 0.00845376 -0.00330323 0.00340422 0.0104302 0.00814461 -0.00134374 0.00265337 0.0141061 0.015747 -0.00498917 -0.000474599 -0.00444801 -0.00386722 0.00644006 -0.00142734 -0.00224301 -0.00556149 -0.00225937 -0.00219897 0.00251542 -0.0031292 -0.00268002 -0.000611468 0.00829813 1.49718e-05 -0.00979368 -0.000710226
internal_weight=2165 815 318 497 1350 141 356 222 626 114 134 114 724 292 653 565 181 71 512 273 292 186 106 330 288 182 70 148 71 76
internal_count=2165 815 318 497 1350 141 356 222 626 114 134 114 724 292 653 565 181 71 512 273 292 186 106 330 288 182 70 148 71 76
is_linear=0
shrinkage=0.03


Tree=8
num_leaves=31
num_cat=0
split_feature=26 23 11 11 23 23 22 26 15 25 25 23 11 25 23 21 23 11 11 26 11 26 11 22 15 15 26 23 11 17
split_gain=41.1275 11.7836 6.1929 5.1176 4.64383 3.54918 2.94928 2.6631 2.36393 2.73956 2.13409 2.61897 1.88499 1.58686 1.32584 1.19611 0.888527 0.761367 0.743956 0.723184 0.629375 0.510553 0.444487 0.40353 0.338876 0.285398 0.257128 0.248237 0.161344 0.147786
threshold=696.50000000000011 3242.0000000000005 0.86670034847935795 1.1176948617223499 2488.5000000000005 2712.5000000000005 264.27000000000004 298.00000000000006 0.014165535495640001 11.550000000000002 9.6500000000000004 1950.5000000000002 1.0753055376206191 4.4500000000000011 2875.0000000000005 11.355000019073488 2759.0000000000005 0.93632178565528534 0.88071245463379844 422.50000000000006 1.0179358494570263 1073.0000000000002 1.0470433028233699 289.92950000000002 0.054041764468065107 0.029645750845180303 983.50000000000011 1423.5000000000002 0.98749159745216486 0.010417755363700702
decision_type=2 2 2 2 2 2 2 2 2 2 2 2 2 2 2 2 2 2 2 2 2 2 2 2 2 2 2 2 2 2
left_child=1 3 -3 6 8 -5 7 -1 9 28 11 -8 15 20 -9 -6 21 24 -18 -7 -4 -17 -15 27 26 -14 -10 -19 -2 -22
right_child=4 2 13 5 12 19 10 14 17 -11 -12 -13 25 22 -16 16 18 23 -20 -21 29 -23 -24 -25 -26 -27 -28 -29 -30 -31
leaf_value=0.014818555782948221 -0.0021375702593306248 0.014549679329411851 -0.00014626608283392021 0.0080564421429495554 -0.0017031784519183587 0.0032701866190348347 0.010482829904928803 0.0075240860856967432 0.001134427601554697 0.0094395346688106643 0.0041826693681733945 0.020100833227591854 -0.0064930894446692299 0.0053665801218964844 0.00096662146855472906 -0.0012137782504664104 -0.0019409932823365797 -0.0048167589999336211 -0.0062354258190046846 -0.0032934207789456615 -0.0043715751468777087 -0.0053313349214285004 0.001083573707137257 -0.0058295255019654366 -0.0032490264674382551 -0.010134157915567528 -0.0013670489488762209 -0.0022014938853007473 0.00056037310960527979 -0.0014744870702011717
leaf_weight=41 32 26 83 70 142 20 59 145 83 35 20 55 55 32 36 83 45 41 300 51 77 42 74 42 34 57 65 247 47 26
leaf_count=41 32 26 83 70 142 20 59 145 83 35 20 55 55 32 36 83 45 41 300 51 77 42 74 42 34 57 65 247 47 26
internal_value=5.05486e-06 0.00532434 0.000799768 0.0082059 -0.00320556 0.0033058 0.0101236 0.00790431 -0.00130369 0.00257549 0.0136922 0.0152836 -0.0048418 -0.000459779 0.0062488 -0.00416461 -0.00489672 -0.00217659 -0.00569118 -0.00138311 -0.00213412 -0.00265242 0.00244267 -0.00303608 -0.000593712 -0.00844597 1.38704e-05 -0.00259957 -0.000508024 -0.00369033
internal_weight=2165 815 318 497 1350 141 356 222 626 114 134 114 724 292 181 612 470 512 345 71 186 125 106 330 182 112 148 288 79 103
internal_count=2165 815 318 497 1350 141 356 222 626 114 134 114 724 292 181 612 470 512 345 71 186 125 106 330 182 112 148 288 79 103
is_linear=0
shrinkage=0.03


Tree=9
num_leaves=31
num_cat=0
split_feature=26 23 11 11 23 23 22 26 15 23 25 23 11 25 19 26 23 20 26 20 25 16 11 11 22 20 19 15 17 11
split_gain=38.7452 11.0984 5.83996 4.82007 4.37238 3.34164 2.77822 2.50958 2.22787 2.58835 2.00619 2.46423 1.79457 1.49624 1.35116 1.49968 1.24656 0.911211 0.773901 0.754984 0.729704 0.66162 0.592636 0.418663 0.324913 0.278356 0.183154 0.169778 0.167363 0.163872
threshold=696.50000000000011 3242.0000000000005 0.86670034847935795 1.1176948617223499 2488.5000000000005 2712.5000000000005 264.27000000000004 298.00000000000006 0.014165535495640001 2134.0000000000005 9.6500000000000004 1950.5000000000002 1.1058294205364352 4.4500000000000011 89.944999694824233 899.50000000000011 2875.0000000000005 1.5650000000000002 756.50000000000011 2.1150000000000007 4.8500000000000005 34.718775759434315 1.0179358494570263 1.0470433028233699 252.37150000000003 1.3900000000000001 98.625000000000014 0.026782438029744452 0.0042100752576216009 0.99334649184499935
decision_type=2 2 2 2 2 2 2 2 2 2 2 2 2 2 2 2 2 2 2 2 2 2 2 2 2 2 2 2 2 2
left_child=1 3 -3 6 8 25 7 29 9 -2 11 -8 14 22 -6 18 -9 -7 -16 28 -17 -21 -4 -15 -23 -5 -27 -14 -10 -1
right_child=4 2 13 5 12 17 10 16 19 -11 -12 -13 27 23 15 20 -18 -19 -20 21 -22 24 -24 -25 -26 26 -28 -29 -30 -31
leaf_value=0.017083054881204259 -0.00067868606264358266 0.014129355443848503 -0.00014193033586655345 0.0041981447615793768 -0.0077401387064262861 -0.0034849242657476751 0.010173586682230234 0.0072999095884566378 0.00084203622950487062 0.0087895024751241373 0.0040631644342626842 0.019508576570877005 -0.0061366012452737147 0.0052104613587937573 -0.0015848939586532017 -0.0035709030420536764 0.00093840659012061505 0.0038909010982939168 -0.006044872745386746 0.00049511515019461517 -0.00060298571548399139 -0.0023444948798975159 -0.0035821689993563968 0.0010514999223576159 -0.0042720979453580495 0.011172755072514216 0.0063705376642942428 -0.010440949868559837 -0.001725202442063164 0.010729777123246874
leaf_weight=21 76 26 83 20 85 51 59 145 78 38 20 55 22 32 45 160 36 20 218 49 145 207 103 74 147 26 24 49 31 20
leaf_count=21 76 26 83 20 85 51 59 145 78 38 20 55 22 32 45 160 36 20 218 49 145 207 103 74 147 26 24 49 31 20
internal_value=5.28546e-06 0.00516826 0.000776905 0.00796479 -0.00311092 0.00320832 0.009826 0.00767112 -0.00126527 0.00250028 0.0132905 0.0148339 -0.00469865 -0.000445939 -0.00418553 -0.00363565 0.00606323 -0.00134038 -0.00530202 -0.00211278 -0.00217631 -0.00271082 -0.00207202 0.00237203 -0.00316317 0.00781815 0.00909662 -0.00925263 7.55853e-05 0.0143846
internal_weight=2165 815 318 497 1350 141 356 222 626 114 134 114 724 292 653 568 181 71 263 512 305 403 186 106 354 70 50 71 109 41
internal_count=2165 815 318 497 1350 141 356 222 626 114 134 114 724 292 653 568 181 71 263 512 305 403 186 106 354 70 50 71 109 41
is_linear=0
shrinkage=0.03


Tree=10
num_leaves=31
num_cat=0
split_feature=26 23 11 11 23 23 22 26 25 23 14 25 11 25 23 22 24 20 11 22 20 20 11 22 11 22 26 20 26 25
split_gain=36.513 10.4582 5.50674 4.53557 4.11906 3.15204 2.61475 2.37199 1.88588 2.32173 1.88453 1.78776 1.69877 1.41029 1.17199 1.05554 1.21728 0.859419 0.781581 0.571157 1.0894 0.844086 0.557541 0.49852 0.39827 0.295435 0.585159 0.261102 0.258744 0.224837
threshold=696.50000000000011 3242.0000000000005 0.86670034847935795 1.1176948617223499 2488.5000000000005 2712.5000000000005 264.27000000000004 298.00000000000006 9.6500000000000004 2096.0000000000005 0.011851659710215403 11.550000000000002 1.0636787565828041 4.4500000000000011 2875.0000000000005 243.12750000000003 1.8500000000000003 1.5650000000000002 0.88071245463379844 289.92950000000002 2.7650000000000001 2.1350000000000002 1.0179358494570263 252.37150000000003 1.0701663767254008 257.0985 1073.0000000000002 1.3900000000000001 766.00000000000011 8.7500000000000018
decision_type=2 2 2 2 2 2 2 2 2 2 2 2 2 2 2 2 2 2 2 2 2 2 2 2 2 2 2 2 2 2
left_child=1 3 -3 6 10 27 7 -1 9 -8 11 -2 15 22 -9 18 -17 -7 -6 20 21 -12 -4 -18 -15 26 -14 -5 -20 -22
right_child=4 2 13 5 12 17 8 14 -10 -11 19 -13 25 24 -16 16 23 -19 28 -21 29 -23 -24 -25 -26 -27 -28 -29 -30 -31
leaf_value=0.013975055543439727 -0.00063780101121550337 0.013721174268258942 -0.00013772311790048012 0.0040781976995723579 -0.0015991054770155722 -0.0033823870099910819 0.010508535755636249 0.0070824122583136367 0.0039470740482211112 0.019736385157767759 -3.791229949509274e-05 0.0093255792068583625 -0.0044692784082618056 0.0042674659261107443 0.00091101523697678286 -0.0007346707057066461 -0.0023728679584822171 0.0037797324433922765 -0.0025385371601525028 -0.0044832330007629935 0.00057031320249225238 -0.0030479849218792892 -0.00347573725057261 -0.0055603478502420593 0.0005189318649535035 -0.010499198797074231 -0.0094539252306733816 0.0088358096787158179 -0.0065894003353092106 0.0041415422337927991
leaf_weight=41 37 26 83 20 43 51 68 145 20 46 123 27 58 49 36 153 80 20 20 63 79 277 103 120 57 32 41 50 177 20
leaf_count=41 37 26 83 20 43 51 68 145 20 46 123 27 58 49 36 153 80 20 20 63 79 277 103 120 57 32 41 50 177 20
internal_value=6.22932e-06 0.0050183 0.000755165 0.00773301 -0.00301883 0.00311802 0.0095386 0.00744705 0.0129006 0.0143974 -0.00122726 0.00359815 -0.00455993 -0.000431993 0.00588319 -0.00385476 -0.00278007 -0.00129875 -0.00540491 -0.00178751 -0.00143289 -0.00213227 -0.00201094 -0.00431843 0.00230347 -0.00767595 -0.00663752 0.00759533 -0.00620819 0.00135597
internal_weight=2165 815 318 497 1350 141 356 222 134 114 626 64 724 292 181 593 353 71 240 562 499 400 186 200 106 131 99 70 197 99
internal_count=2165 815 318 497 1350 141 356 222 134 114 626 64 724 292 181 593 353 71 240 562 499 400 186 200 106 131 99 70 197 99
is_linear=0
shrinkage=0.03


Tree=11
num_leaves=31
num_cat=0
split_feature=26 23 22 23 20 26 22 23 23 15 25 21 23 25 15 22 23 20 20 13 23 22 20 26 24 26 19 22 10 15
split_gain=34.4029 9.85094 4.0208 3.88247 3.4574 4.63245 2.91897 2.66159 2.39571 1.97729 2.32916 1.58367 1.45045 1.32848 0.787958 1.00523 0.834158 0.754741 0.671396 0.529657 0.470591 0.450988 0.553209 0.449013 0.42328 0.420313 0.371727 0.327714 0.286751 0.278531
threshold=696.50000000000011 3242.0000000000005 277.73450000000008 2488.5000000000005 1.4950000000000003 315.00000000000006 264.27000000000004 2685.0000000000005 1950.5000000000002 0.014165535495640001 11.550000000000002 11.480000019073488 2912.0000000000005 6.4500000000000011 0.025319313564801302 244.08450000000002 2767.5000000000005 2.7650000000000001 2.1150000000000007 1.0445153072839535 3291.0000000000005 252.37150000000003 2.7650000000000001 455.50000000000006 1.1500000000000001 285.50000000000006 90.674999237060561 237.57500000000002 0.95711022948367808 0.038338080219771656
decision_type=2 2 2 2 2 2 2 2 2 2 2 2 2 2 2 2 2 2 2 2 2 2 2 2 2 2 2 2 2 2
left_child=1 4 13 9 5 -1 12 23 29 10 -2 -5 27 25 15 28 -17 20 -11 -10 -16 22 -20 -7 -9 -3 -27 -6 -13 -8
right_child=3 2 -4 11 6 7 8 24 19 18 -12 14 -14 -15 17 16 -18 -19 21 -21 -22 -23 -24 -25 -26 26 -28 -29 -30 -31
leaf_value=0.012545532308366832 -0.00048365414318541294 0.0019120201254263518 0.010652818870815364 -0.0017055315823156303 0.011849012664386205 0.0028314905203102774 0.0099726700984514669 -0.0034931246671825651 0.018571345742940903 7.3385732078035782e-05 0.008686198945778113 -0.0024590892167016859 0.00080670359358191483 0.0026361215731787032 -0.0035759601558906485 0.00040600310980807989 -0.0040343384328344369 -0.009550440447310269 -0.0024151632743887605 0.011362644155276939 -0.0067560332834254938 -0.0037911182914480588 0.0011261166317236362 0.0076077125486917795 0.0013014075780267138 0.0013205929840491577 -0.002793431186525812 0.0068746708819740687 -0.0063983946700293315 0.0054513878517855824
leaf_weight=48 79 23 32 156 20 35 64 54 49 109 35 24 35 88 82 59 100 58 193 23 113 162 48 47 22 21 154 75 132 25
leaf_count=48 79 23 32 156 20 35 64 54 49 109 35 24 35 88 82 59 100 58 193 23 113 162 48 47 22 21 154 75 132 25
internal_value=6.60173e-06 0.00487174 0.000733911 -0.00292971 0.00750647 0.00447172 0.00962184 0.00193657 0.0123471 -0.00119016 0.00235662 -0.00442594 0.00615531 -0.000398695 -0.00516352 -0.0041094 -0.00237567 -0.00644279 -0.00198878 0.0164969 -0.00545915 -0.00255276 -0.00169571 0.0056639 -0.0020674 -0.00176905 -0.002278 0.00806567 -0.00583098 0.00881066
internal_weight=2165 815 318 1350 497 206 291 158 161 626 114 724 130 286 568 315 159 253 512 72 195 403 241 82 76 198 175 95 156 89
internal_count=2165 815 318 1350 497 206 291 158 161 626 114 724 130 286 568 315 159 253 512 72 195 403 241 82 76 198 175 95 156 89
is_linear=0
shrinkage=0.03


Tree=12
num_leaves=31
num_cat=0
split_feature=26 23 22 15 22 22 22 15 25 23 21 26 25 16 22 16 15 23 22 26 19 23 26 19 15 15 23 22 26 26
split_gain=32.421 9.28173 3.78927 3.66439 2.71958 5.55959 3.11044 2.97617 1.95863 1.93675 1.62107 1.32514 1.25072 0.9538 0.838766 0.564523 0.527339 0.467631 0.416867 0.398934 0.353911 0.331021 0.29633 0.416073 0.243866 0.305904 0.237672 0.223668 0.208385 0.154872
threshold=696.50000000000011 3242.0000000000005 277.73450000000008 0.014329932762070853 279.88200000000006 271.27850000000007 283.52150000000006 0.029441717455850756 11.550000000000002 2488.5000000000005 11.690000057220461 315.00000000000006 6.3500000000000005 45.072817091262955 256.73600000000005 46.491395094458191 0.019344361470727354 2695.0000000000005 257.0985 285.50000000000006 90.674999237060561 2303.0000000000005 1041.0000000000002 93.895000457763686 0.054041764468065107 0.021214814262870852 3365.5000000000005 289.92950000000002 789.50000000000011 462.50000000000006
decision_type=2 2 2 2 2 2 2 2 2 2 2 2 2 2 2 2 2 2 2 2 2 2 2 2 2 2 2 2 2 2
left_child=1 4 12 8 5 7 -6 14 22 15 -11 -9 19 17 -1 24 -7 -12 -15 -3 -21 -10 23 -2 25 -5 29 28 -17 -14
right_child=3 2 -4 9 6 16 -8 11 21 10 13 -13 26 18 -16 27 -18 -19 -20 20 -22 -23 -24 -25 -26 -27 -28 -29 -30 -31
leaf_value=0.0070305294403401409 0 0.0018570495415478944 0.010342918405266986 -0.0018130244836302768 0.019382617897847117 0.0017669642378709144 0.0073992035898295316 0.010247449096578818 0.0097718459942632112 -0.0017653940044352588 -0.00079833123807541344 0.0039397856286151282 0.00191916463362134 -0.0057308442564797104 0.012436841345058297 9.0247989399358617e-05 -0.0040052750351439632 -0.0043633397740304829 -0.0088458406534688214 0.001282775978134437 -0.0027309497296817706 0.003838177397339181 0.001500246219876173 -0.0050630915573109747 -0.0032148403357182228 0.00049288640647726363 0.00084867378734052176 -0.0049971381121769898 -0.0027992078208741284 0.0058256009891629228
leaf_weight=45 43 23 32 88 33 20 54 38 21 165 43 161 22 240 105 23 41 196 57 21 153 21 37 22 34 120 44 42 198 23
leaf_count=45 43 23 32 88 33 20 54 38 21 165 43 161 22 240 105 23 41 196 57 21 153 21 37 22 34 120 44 42 198 23
internal_value=7.60217e-06 0.00473057 0.000713749 -0.00284284 0.00728806 0.0062226 0.0121473 0.00768173 0.00165703 -0.00338355 -0.00440734 0.00520448 -0.000385472 -0.00521024 0.0108921 -0.00195058 -0.00206638 -0.00374044 -0.00636642 -0.00172614 -0.00222483 0.00703304 -0.000574276 -0.00180545 -0.000881643 -0.000472344 0.00253495 -0.00291573 -0.00248593 0.00406424
internal_weight=2165 815 318 1350 497 410 87 349 144 1206 701 199 286 536 150 505 61 239 297 197 174 42 102 65 242 208 89 263 221 45
internal_count=2165 815 318 1350 497 410 87 349 144 1206 701 199 286 536 150 505 61 239 297 197 174 42 102 65 242 208 89 263 221 45
is_linear=0
shrinkage=0.03


Tree=13
num_leaves=31
num_cat=0
split_feature=26 22 26 20 22 15 22 11 22 11 26 26 26 11 11 22 26 26 26 26 15 21 19 14 26 18 19 26 11 21
split_gain=30.5449 7.97561 5.59024 3.59369 3.95648 3.45319 3.38883 2.66161 2.35824 1.85157 1.53123 1.30367 1.16587 0.987167 0.93077 0.829998 0.768272 0.853382 0.828196 0.711965 0.477381 0.40323 0.392233 0.325067 0.158024 0.157263 0.130329 0.103928 0.0469414 0.0361881
threshold=696.50000000000011 279.88200000000006 502.50000000000006 1.4350000000000003 259.28300000000007 0.014329932762070853 283.52150000000006 0.91023824342898974 264.27000000000004 1.0636787565828041 1041.0000000000002 315.00000000000006 1891.0000000000002 0.98749159745216486 1.1058294205364352 239.82900000000004 929.50000000000011 756.50000000000011 990.50000000000011 720.50000000000011 0.029924331372627403 19.974999427795414 93.895000457763686 0.018998275430033951 439.50000000000006 0.97511276159825855 95.024997711181655 759.00000000000011 1.153786019837465 12.015000343322756
decision_type=2 2 2 2 2 2 2 2 2 2 2 2 2 2 2 2 2 2 2 2 2 2 2 2 2 2 2 2 2 2
left_child=1 2 3 4 11 10 -3 -4 15 12 22 -1 16 -12 21 -5 17 -7 -18 -11 29 -9 -2 -6 -10 -8 -15 -22 -16 -21
right_child=5 6 7 8 23 9 25 14 24 19 13 -13 -14 26 28 -17 18 -19 -20 20 27 -23 -24 -25 -26 -27 -28 -29 -30 -31
leaf_value=0.010955249551819129 0 0.018624657842128172 0.0086011388191075712 0.0078475366499903901 0.0038128135534269466 -0.00062914163465242116 0.0091968439737191571 -0.0012719910680391495 0.0095480805030890865 -0.00049382036585699429 0.0092486991850802541 0.0028955688095621524 -0.0062520936705172054 0.00055519208695477577 -0.0029683381832308234 0.0031578140285154674 -0.00020380524061809572 -0.0039725914568243901 -0.0027336436996095227 -0.0030809865088879383 -0.0055937884580343957 0.0022096772764555431 -0.0049178028547245522 -0.00014520868113613688 0.013769119359552858 0.0050950514316558844 0.0036649147439748045 -0.0090643835323197496 -0.0052989859644596163 -0.0053138212923492705
leaf_weight=54 43 45 25 76 20 88 25 92 34 21 25 30 79 31 26 70 219 362 255 21 23 43 22 159 47 29 23 62 40 76
leaf_count=54 43 45 25 76 20 88 25 92 34 21 25 30 79 31 26 70 219 362 255 21 23 43 22 159 47 29 23 62 40 76
internal_value=8.29013e-06 0.0045926 0.00347261 0.00527027 0.002849 -0.00275841 0.012547 -0.000417812 0.00803757 -0.00328333 0.00160946 0.00818002 -0.00274389 0.00440238 -0.00159145 0.00565623 -0.00243426 -0.00332826 -0.001574 -0.00590744 -0.00650958 -0.000132863 -0.00175482 0.000299087 0.012172 0.00718126 0.0019768 -0.00823613 -0.00448364 -0.00489741
internal_weight=2165 815 716 490 263 1350 99 226 227 1206 144 84 1003 79 201 146 924 450 474 203 182 135 65 179 81 54 54 85 66 97
internal_count=2165 815 716 490 263 1350 99 226 227 1206 144 84 1003 79 201 146 924 450 474 203 182 135 65 179 81 54 54 85 66 97
is_linear=0
shrinkage=0.03


Tree=14
num_leaves=31
num_cat=0
split_feature=26 22 26 20 22 22 10 22 26 22 20 26 25 19 20 26 22 24 13 20 26 26 7 20 24 10 26 18 26 0
split_gain=28.7808 7.51867 5.26798 3.39244 3.18743 3.09034 2.02813 1.95077 1.71582 2.24685 2.75578 1.57707 1.49223 0.937092 0.758853 0.928896 0.919952 0.694264 0.591825 0.563134 0.487912 0.460819 0.467908 0.40573 0.302842 0.199452 0.177216 0.147086 0.13847 0.12605
threshold=696.50000000000011 279.88200000000006 502.50000000000006 1.4650000000000001 283.52150000000006 259.28300000000007 0.89954910160907942 264.27000000000004 1891.0000000000002 252.37150000000003 2.7350000000000008 315.00000000000006 11.550000000000002 95.08499908447267 2.4750000000000005 899.50000000000011 257.97750000000008 0.15000000000000005 0.9578990580201735 1.7450000000000003 891.00000000000011 756.50000000000011 0.047693489795896757 1.3350000000000002 1.0000000180025095e-35 1.0416666800045922 447.50000000000006 0.97511276159825855 747.00000000000011 -0.0056761236203129494
decision_type=2 2 2 2 2 2 2 2 2 2 2 2 2 2 2 2 2 2 2 2 2 2 2 2 2 2 2 2 2 2
left_child=1 2 3 5 -3 11 -4 17 9 10 18 -1 25 -8 15 16 -11 -5 -2 -15 -20 28 -23 -7 -17 -12 -9 -6 -16 -14
right_child=8 4 6 7 27 23 13 26 -10 14 12 -13 29 19 21 24 -18 -19 20 -21 -22 22 -24 -25 -26 -27 -28 -29 -30 -31
leaf_value=0.010632567411254751 -0.00045876216423902205 0.018078064485412576 0.0082361990585076549 0.0030444803278403894 0.008931550290722113 0.00010334995001215827 -0.0047368075753458673 0.0095376798391342155 -0.006567251125117763 -0.0067456683659217727 0.00074417895118164339 0.0022793271005308877 0.0041766335429704706 0.0023346849319318104 -0.0038246467529637063 0.0010593511035355428 -0.0019477381953814377 0.0075329995778639133 -0.0039409924882294776 -0.0014644162920699456 -0.0019545745181428703 -0.0044893562871789966 -0.0078678872728577022 0.0043810449288753063 -0.0023464874029358305 -0.0023617596639828246 0.013883568490806377 0.0049472949743270883 -0.00055095230575118745 0.00818070254020393
leaf_weight=54 122 45 21 58 25 164 53 39 95 70 114 35 22 53 40 53 80 81 208 99 268 96 77 22 40 21 37 29 20 24
leaf_count=54 122 45 21 58 25 164 53 39 95 70 114 35 22 53 40 53 80 81 208 99 268 96 77 22 40 21 37 29 20 24
internal_value=8.75518e-06 0.00445876 0.00337115 0.00511625 0.0121823 0.00287559 -0.00040511 0.00794173 -0.00267682 -0.00237494 -0.00137394 0.00744274 0.00185276 -0.00134056 -0.00400053 -0.0027816 -0.00423649 0.00571665 -0.00235705 -0.000113521 -0.00283532 -0.00524164 -0.00604691 0.000646079 -0.00038299 0.000225161 0.0118452 0.00697526 -0.00280952 0.00645915
internal_weight=2165 815 716 490 99 275 226 215 1350 1255 779 89 181 205 476 243 150 139 598 152 476 233 173 186 93 135 76 54 60 46
internal_count=2165 815 716 490 99 275 226 215 1350 1255 779 89 181 205 476 243 150 139 598 152 476 233 173 186 93 135 76 54 60 46
is_linear=0
shrinkage=0.03


Tree=15
num_leaves=31
num_cat=0
split_feature=26 23 11 11 23 23 26 24 22 14 11 23 19 26 24 19 11 26 24 22 26 11 11 23 26 11 14 26 21 23
split_gain=27.1224 7.86946 4.36781 3.65779 3.20476 3.15204 2.4389 1.80806 1.48605 1.42175 1.32882 1.29254 1.0139 1.1038 0.993077 0.774682 0.694762 0.629377 0.567168 0.455093 0.461618 0.388556 0.387911 0.379803 0.343489 0.327304 0.202062 0.184251 0.101525 0.0672458
threshold=696.50000000000011 3242.0000000000005 0.86670034847935795 0.95347012308761292 2488.5000000000005 2685.0000000000005 418.50000000000006 18.950000000000003 264.27000000000004 0.011851659710215403 1.1058294205364352 2201.5000000000005 89.944999694824233 899.50000000000011 0.15000000000000005 93.555000305175795 1.1492882096352051 756.50000000000011 1.3500000000000003 289.92950000000002 788.00000000000011 0.90543714817574994 0.96050513229653656 1257.0000000000002 285.50000000000006 1.0889661409083635 0.059593682826753057 399.50000000000006 20.554999351501468 3384.0000000000005
decision_type=2 2 2 2 2 2 2 2 2 2 2 2 2 2 2 2 2 2 2 2 2 2 2 2 2 2 2 2 2 2
left_child=1 3 -3 21 9 8 15 -8 27 11 12 -2 -6 17 25 -7 -10 -14 -15 20 -11 -1 -16 -22 -24 29 -21 -5 -12 -4
right_child=4 2 14 5 10 6 7 -9 16 19 28 -13 13 18 22 -17 -18 -19 -20 26 23 -23 24 -25 -26 -27 -28 -29 -30 -31
leaf_value=0.015484462638111672 -0.0010120194592428478 0.012178381583756871 0.0050191539189379138 0.0023348654814000273 -0.0065957395876216325 0.0015001499376705158 -0.002965118245722109 0.0067744214112277741 0.011174724829668293 0.0017608100640138088 -0.0065378614384680985 0.0073521079034967853 -0.0011209485495220059 -0.00044869609248646727 0.00073140943894162765 0.008498400034273372 0.0063377063924074176 -0.0051365496783703874 -0.0030623960877318055 -0.0052581599375233056 -0.0051105265277624134 0.010141512676477431 0.00099467092612758263 -0.0012475821231761777 -0.002842368865697084 8.8813602936601164e-05 -0.0014777001708000898 0.0055594963013776179 -0.01001806502223015 0.0021527475086706022
leaf_weight=33 32 26 27 28 85 22 76 21 97 42 47 32 45 151 49 50 49 218 154 39 24 49 23 433 136 37 24 72 24 20
leaf_count=33 32 26 27 28 85 22 76 21 97 42 47 32 45 151 49 50 49 218 154 39 24 49 23 433 136 37 24 72 24 20
internal_value=9.39039e-06 0.00432932 0.00063001 0.00668425 -0.00259762 0.0055029 0.00230379 -0.000778335 0.00767029 -0.00101682 -0.00395703 0.00317266 -0.00351464 -0.00303751 -0.000426085 0.00645098 0.00962591 -0.00446768 -0.0017839 -0.00150403 -0.001187 0.0124885 -0.00154527 -0.00146772 -0.00226583 0.00229552 -0.00391045 0.00471836 -0.00787874 0.00393217
internal_weight=2165 815 318 497 1350 415 169 97 246 626 724 64 653 568 292 72 146 263 305 562 499 82 208 457 159 84 63 100 71 47
internal_count=2165 815 318 497 1350 415 169 97 246 626 724 64 653 568 292 72 146 263 305 562 499 82 208 457 159 84 63 100 71 47
is_linear=0
shrinkage=0.03


Tree=16
num_leaves=31
num_cat=0
split_feature=26 23 11 11 23 23 11 22 20 26 11 24 11 20 24 20 22 24 11 20 22 22 16 11 26 11 23 22 26 26
split_gain=25.5638 7.40935 4.11745 3.47562 3.01821 2.30702 1.98334 1.79941 1.35196 1.36923 1.27109 1.22584 1.20805 1.00198 0.93645 0.760958 0.75837 0.919738 0.622976 0.620815 0.405458 0.371611 0.365856 0.365339 0.323944 0.308996 0.272292 0.231877 0.454092 0.222626
threshold=696.50000000000011 3242.0000000000005 0.86670034847935795 1.1176948617223499 2488.5000000000005 2712.5000000000005 0.92245580681535821 264.27000000000004 2.8150000000000004 1041.0000000000002 1.0636787565828041 15.250000000000002 1.003080481975452 1.5150000000000003 0.15000000000000005 2.1350000000000002 243.12750000000003 1.8500000000000003 0.88071245463379844 1.5450000000000002 289.92950000000002 252.37150000000003 32.447913175362572 0.96050513229653656 285.50000000000006 1.0701663767254008 2581.5000000000005 257.0985 1073.0000000000002 1004.5000000000001
decision_type=2 2 2 2 2 2 2 2 2 2 2 2 2 2 2 2 2 2 2 2 2 2 2 2 2 2 2 2 2 2
left_child=1 3 -3 6 8 -5 26 11 15 20 16 -8 -11 -9 25 -2 18 -18 -6 -7 -10 -19 -17 -16 -25 -4 -1 28 -12 -24
right_child=4 2 14 5 10 19 7 13 9 12 27 -13 -14 -15 23 22 17 21 -20 -21 -22 -23 29 24 -26 -27 -28 -29 -30 -31
leaf_value=0.0099520807157863281 8.0598020059574813e-05 0.011826561947663624 0.0039835172384786845 0.0062820370645249183 -0.0011505361101484264 -0.0031529910909559797 0.0069412358353156166 0.0035581920796207015 0.00048789835941385134 0.0091956992702824734 -0.0037058951972147166 0.0017416026151004188 0.0012919051649925462 0.011407191982190364 0.00070990598235279312 0.00049205481389473222 -0.0005367476437437384 -0.0019674025912665657 -0.0052614042477357676 0.0028426267448177726 -0.003155924940603259 -0.0047270058831123032 -0.00224595715142805 0.00096607413096353411 -0.0027577202297746285 0.00027115282767252734 0.016473254786597356 -0.0090360465659336617 -0.0080976343857390547 -0.0040500601482792538
leaf_weight=21 123 26 43 70 43 50 130 20 65 27 58 63 50 96 49 28 153 80 197 21 45 120 172 23 136 41 26 32 41 116
leaf_count=21 123 26 43 70 43 50 130 20 65 27 58 63 50 96 49 28 153 80 197 21 45 120 172 23 136 41 26 32 41 116
internal_value=9.81852e-06 0.00420383 0.000613962 0.00648889 -0.00252114 0.00244901 0.00806921 0.00713221 -0.00098684 0.00113508 -0.00384042 0.00527714 0.00418419 0.0101215 -0.000411138 -0.00189805 -0.00322958 -0.00231635 -0.00454515 -0.00132312 -0.000990732 -0.00365337 -0.00267551 -0.00149821 -0.00219764 0.00223133 0.0138901 -0.00653741 -0.00561748 -0.00299449
internal_weight=2165 815 318 497 1350 141 356 309 626 187 724 193 77 116 292 439 593 353 240 71 110 200 316 208 159 84 47 131 99 288
internal_count=2165 815 318 497 1350 141 356 309 626 187 724 193 77 116 292 439 593 353 240 71 110 200 316 208 159 84 47 131 99 288
is_linear=0
shrinkage=0.03


Tree=17
num_leaves=31
num_cat=0
split_feature=26 23 11 11 23 23 26 25 15 23 22 11 25 22 25 23 11 11 20 11 23 22 11 22 15 15 26 20 17 26
split_gain=24.0881 6.97601 3.8818 3.29146 2.84518 2.78209 2.2159 1.42037 1.41561 1.75089 1.35004 1.1989 1.00389 0.712943 0.806736 0.699168 0.59341 0.585267 0.496715 0.418523 0.393955 0.33609 0.318027 0.274457 0.24815 0.236206 0.208617 0.203136 0.196194 0.171883
threshold=696.50000000000011 3242.0000000000005 0.86670034847935795 0.95347012308761292 2488.5000000000005 2685.0000000000005 418.50000000000006 1.0000000180025095e-35 0.014165535495640001 2134.0000000000005 264.27000000000004 1.0636787565828041 4.4500000000000011 243.12750000000003 3.8500000000000001 1950.5000000000002 0.93632178565528534 0.88071245463379844 1.0300000000000002 1.0272478555121747 2799.5000000000005 252.37150000000003 1.0470433028233699 236.99200000000005 0.029924331372627403 0.054041764468065107 766.00000000000011 2.8250000000000006 0.0038428806546119006 399.50000000000006
decision_type=2 2 2 2 2 2 2 2 2 2 2 2 2 2 2 2 2 2 2 2 2 2 2 2 2 2 2 2 2 2
left_child=1 3 -3 20 8 10 18 -8 9 -2 29 13 19 17 21 -12 25 -6 -7 -4 -1 -15 -14 -18 -13 28 -19 -25 -10 -5
right_child=4 2 12 5 11 6 7 -9 16 -11 15 24 22 14 -16 -17 23 26 -20 -21 -22 -23 -24 27 -26 -27 -28 -29 -30 -31
leaf_value=0.0094959710383415216 -0.00056541831272332189 0.011484905549221569 -0.00021845549696053449 0.0021065586079514168 -0.0011168044805103404 0.0088763444436001874 0.0061258332187135237 -0.002650084210116452 0.0009142829041582964 0.0072164535963764554 0.0066603906511251507 -0.0048711837018564552 0.0043802395189731294 -0.0018856182929471528 -0.00065250265698328061 0.011209534916046418 -0.00024482496676559096 -0.0018391296388581395 0.0035562822129693813 -0.0031002669024674857 0.014766355028923818 -0.0045828083233150135 0.00075550820934819059 -0.0031798616012470239 -0.0078871129316187664 -0.0024627153668020452 -0.0054440529161457257 -0.0011010334819531902 -0.0015691740967847996 0.0052101976601534507
leaf_weight=49 76 26 90 28 43 33 20 77 111 38 71 70 32 75 161 75 49 20 39 96 33 117 74 221 61 34 177 60 37 72
leaf_count=49 76 26 90 28 43 33 20 77 111 38 71 70 32 75 161 75 49 20 39 96 33 117 74 221 61 34 177 60 37 72
internal_value=1.02256e-05 0.00408143 0.0005978 0.00629868 -0.00244655 0.00517762 0.00217049 -0.00076596 -0.000956703 0.00204265 0.0072142 -0.00372751 -0.00039725 -0.00313398 -0.00224798 0.00907805 -0.00163306 -0.00440997 0.00612393 -0.00173051 0.0118055 -0.00355999 0.00190851 -0.00239074 -0.00634739 -0.000237289 -0.00510436 -0.0027521 0.00026692 0.00440034
internal_weight=2165 815 318 497 1350 415 169 97 626 114 246 724 292 593 353 146 512 240 72 186 82 192 106 330 131 182 197 281 148 100
internal_count=2165 815 318 497 1350 415 169 97 626 114 246 724 292 593 353 146 512 240 72 186 82 192 106 330 131 182 197 281 148 100
is_linear=0
shrinkage=0.03


Tree=18
num_leaves=31
num_cat=0
split_feature=26 23 11 11 23 23 11 22 20 26 24 11 11 25 25 26 26 20 20 26 24 11 22 22 11 11 23 26 20 26
split_gain=22.7015 6.57233 3.66028 3.14746 2.67968 2.01238 1.79434 1.65078 1.21341 1.22902 1.13902 1.13192 1.10174 0.990027 0.946399 0.86582 0.928216 0.686679 0.563642 0.537034 0.473857 0.393706 0.374156 0.343348 0.340783 0.304374 0.248376 0.223713 0.184771 0.161964
threshold=696.50000000000011 3242.0000000000005 0.86670034847935795 1.1176948617223499 2488.5000000000005 2712.5000000000005 0.92245580681535821 264.27000000000004 2.8150000000000004 1041.0000000000002 15.250000000000002 1.1058294205364352 1.003080481975452 9.6500000000000004 4.4500000000000011 1874.5000000000002 907.50000000000011 2.1350000000000002 1.5450000000000002 756.50000000000011 0.35000000000000003 1.0272478555121747 289.92950000000002 252.37150000000003 0.98158665715340587 1.0701663767254008 2581.5000000000005 747.00000000000011 1.3900000000000001 671.50000000000011
decision_type=2 2 2 2 2 2 2 2 2 2 2 2 2 2 2 2 2 2 2 2 2 2 2 2 2 2 2 2 2 2
left_child=1 3 -3 6 8 28 26 10 17 22 -8 15 -11 -9 21 16 19 -2 -7 -6 -18 -4 -10 24 -19 -16 -1 -24 -5 -30
right_child=4 2 14 5 11 18 7 13 9 12 -12 -13 -14 -15 25 -17 20 23 -20 -21 -22 -23 27 -25 -26 -27 -28 -29 29 -31
leaf_value=0.0093951593935489661 8.6546124928938825e-05 0.011153119646840626 -0.00021197387292228926 0.0029148494001211864 -0.00091798866204107572 -0.0029958729290348643 0.0065537466306296241 0.010863998451613408 0.00048722321470797222 0.0087565656474658422 0.0015441428272133634 -0.0072390752369537936 0.0012059702090302701 0.0031052395456603594 0.0035682276632264258 -0.006001608031519343 -0.00013285859208831208 -0.00022792032542721634 0.0027151239451909943 -0.0046146578963675152 -0.0025997956503498632 -0.0030082177658632553 -0.0049492968070507055 -0.0038768575306748969 -0.0027690837806136894 0.00029167893360537505 0.015623480935891469 -0.00053797153281894591 0.0084363044049711004 0.0041257877030542916
leaf_weight=21 123 26 90 20 45 50 130 96 65 27 63 71 50 20 49 88 125 83 21 228 167 96 24 113 120 57 26 21 30 20
leaf_count=21 123 26 90 20 45 50 130 96 65 27 63 71 50 20 49 88 125 83 21 228 167 96 24 113 120 57 26 21 30 20
internal_value=1.04367e-05 0.00396276 0.000581117 0.00611493 -0.00237454 0.00226987 0.0076188 0.00672704 -0.00092848 0.00108126 0.00495034 -0.00361772 0.00397036 0.0095899 -0.00038484 -0.00320892 -0.00275882 -0.0017919 -0.00125079 -0.00402184 -0.00155804 -0.00167961 -0.000931631 -0.00253049 -0.001751 0.00185354 0.0131568 -0.00301234 0.00585041 0.00688563
internal_weight=2165 815 318 497 1350 141 356 309 626 187 193 724 77 116 292 653 565 439 71 273 292 186 110 316 203 106 47 45 70 50
internal_count=2165 815 318 497 1350 141 356 309 626 187 193 724 77 116 292 653 565 439 71 273 292 186 110 316 203 106 47 45 70 50
is_linear=0
shrinkage=0.03


Tree=19
num_leaves=31
num_cat=0
split_feature=26 23 11 11 23 23 19 14 15 23 11 11 25 22 24 11 11 20 22 11 22 22 20 11 15 15 15 17 26 20
split_gain=21.392 6.19257 3.47213 2.96102 2.52361 1.89825 1.84903 1.7443 1.26367 1.57295 1.07699 0.896226 0.815488 0.629401 0.77477 0.540612 0.532587 0.531608 0.493931 0.432455 0.316454 0.258512 0.386665 0.236787 0.234677 0.230043 0.211768 0.18203 0.181432 0.173203
threshold=696.50000000000011 3242.0000000000005 0.84962769288549633 1.1176948617223499 2488.5000000000005 2712.5000000000005 99.08499908447267 0.054603473293559107 0.014165535495640001 2134.0000000000005 1.0636787565828041 0.92245580681535821 6.3500000000000005 243.12750000000003 1.8500000000000003 0.93632178565528534 0.88071245463379844 1.5450000000000002 255.917 0.9786493317590349 252.37150000000003 289.92950000000002 2.7750000000000004 1.0701663767254008 0.056828114086729956 0.029924331372627403 0.054041764468065107 0.0038428806546119006 766.00000000000011 1.3900000000000001
decision_type=2 2 2 2 2 2 2 2 2 2 2 2 2 2 2 2 2 2 2 2 2 2 2 2 2 2 2 2 2 2
left_child=1 3 -3 6 8 29 7 11 9 -2 13 -1 19 16 -15 26 -6 -7 -8 -4 -16 22 -17 -14 -21 -12 27 -10 -18 -5
right_child=4 2 12 5 10 17 18 -9 15 -11 25 -13 23 14 20 21 28 -19 -20 24 -22 -23 -24 -25 -26 -27 -28 -29 -30 -31
leaf_value=0.011869336338419663 -0.00053759729929114136 0.012067859479649501 0.00074262632194551682 0.0028315679896622893 -0.0010047617161008846 -0.0029077590434839402 -0.0014226008525685123 0.014743362768633023 0.00089331886171255194 0.0068366720409920581 -0.0045751704045794376 0.0066160104085397067 0.0036153353181384179 -0.00047915200526257612 -0.0017818221645947133 -0.0023359720326393252 -0.0017445119810955863 0.0026373726669222707 0.0045622078342936355 -0.0026991002193986094 -0.0043331317629411135 -0.0045026124688515136 0.00087370033553299043 0.00043673126832582054 0.00059175761111757966 -0.0074750756653806849 -0.0023153752417968852 -0.0014978785439835568 -0.0051274960569074645 0.0066882124036988797
leaf_weight=37 76 21 62 20 43 50 22 34 111 38 70 238 45 153 80 251 20 21 25 125 120 42 37 44 21 61 34 37 177 50
leaf_count=37 76 21 62 20 43 50 22 34 111 38 70 238 45 153 80 251 20 21 25 125 120 42 37 44 21 61 34 37 177 50
internal_value=1.09095e-05 0.00384759 0.000564792 0.00593668 -0.00230422 0.00220626 0.00739545 0.00823961 -0.000900713 0.00193248 -0.0035107 0.00737414 -0.000276256 -0.00294775 -0.0021142 -0.00153993 -0.00414746 -0.00121213 0.00172703 -0.00131236 -0.00334148 -0.00226307 -0.00191164 0.00209954 -0.00220454 -0.00599463 -0.000207136 0.000269344 -0.00480974 0.00568397
internal_weight=2165 815 318 497 1350 141 356 309 626 114 724 275 297 593 353 512 240 71 47 208 200 330 288 89 146 131 182 148 197 70
internal_count=2165 815 318 497 1350 141 356 309 626 114 724 275 297 593 353 512 240 71 47 208 200 330 288 89 146 131 182 148 197 70
is_linear=0
shrinkage=0.03


Tree=20
num_leaves=31
num_cat=0
split_feature=26 23 23 14 23 20 16 15 15 25 20 21 24 16 25 23 20 16 19 14 16 26 17 23 20 15 17 17 17 24
split_gain=20.1571 5.82858 2.37722 2.20745 2.22353 2.93783 1.7047 1.45913 1.19026 1.48931 1.15582 0.984143 0.917613 0.709102 0.668271 0.635356 0.482702 0.500641 0.45961 0.38015 0.30827 0.283037 0.251169 0.210386 0.187441 0.179176 0.156055 0.133404 0.130853 0.124719
threshold=696.50000000000011 3242.0000000000005 2488.5000000000005 0.054603473293559107 2619.5000000000005 1.0300000000000002 40.291809855025072 0.037950152698906801 0.014165535495640001 11.550000000000002 1.5450000000000002 11.355000019073488 13.050000000000002 45.714316403152381 4.4500000000000011 2695.0000000000005 2.1150000000000007 34.718775759434315 90.549999237060561 0.025002641266011903 48.98028415234446 756.50000000000011 -0.0063413002809992484 3365.5000000000005 2.8250000000000006 0.017690657181698956 0.0055933425716002006 0.0042100752576216009 0.0085782224828687016 11.65
decision_type=2 2 2 2 2 2 2 2 2 2 2 2 2 2 2 2 2 2 2 2 2 2 2 2 2 2 2 2 2 2
left_child=1 3 8 4 7 -6 -3 18 9 -2 -7 -4 -5 15 20 29 27 -18 -1 25 22 -17 -8 -16 -19 -15 -21 -10 -22 -13
right_child=2 6 11 12 5 10 14 -9 16 -11 -12 13 -14 19 23 21 17 24 -20 26 28 -23 -24 -25 -26 -27 -28 -29 -30 -31
leaf_value=0.012559897703620104 -0.00038863840861554306 0.0063452534118667242 -0.0011953186142386403 0.0059778160669707826 0.010433627815296253 -0.0013241797879166841 -0.00098241282732007985 0.0031715441469667136 0.00093331384456928675 0.0069377280617288007 0.0036761340185276869 0.00113286861865116 0.014985065150773153 -0.0010625744205733229 0.0032235324491365729 -0.00047068051486793492 0.00080974631845951079 -0.0027637345111683116 0.0076526957941976809 -0.0076429365843534471 -0.0030877306345291435 -0.0039602875844095397 0.0029532305411994458 0.00040479656406678261 -0.0010640304519572879 -0.004358681013664374 -0.0050095464143563402 -0.0013482413868186995 -0.00075583330375191406 -0.0016749223756487479
leaf_weight=25 79 39 149 20 35 90 46 70 78 35 75 34 31 20 43 26 49 269 151 59 74 193 20 59 85 155 65 31 37 23
leaf_count=25 79 39 149 20 35 90 46 70 78 35 75 34 31 20 43 26 49 269 151 59 74 193 20 59 85 155 65 31 37 23
internal_value=1.09322e-05 0.00373526 -0.00223634 0.00576205 0.00505245 0.00265919 0.000550083 0.0069674 -0.000873959 0.00187537 0.000939071 -0.00340734 0.0116934 -0.00397227 -0.000269049 -0.00283232 -0.00149442 -0.00197334 0.00843371 -0.00500158 -0.00139021 -0.00356366 0.000191708 0.00164197 -0.00236821 -0.00400721 -0.00633765 0.000250801 -0.00235091 0
internal_weight=2165 815 1350 497 446 200 318 246 626 114 165 724 51 575 279 276 512 403 176 299 177 219 66 102 354 175 124 109 111 57
internal_count=2165 815 1350 497 446 200 318 246 626 114 165 724 51 575 279 276 512 403 176 299 177 219 66 102 354 175 124 109 111 57
is_linear=0
shrinkage=0.03


Tree=21
num_leaves=31
num_cat=0
split_feature=26 22 26 26 15 15 22 11 22 11 25 22 26 11 26 26 11 11 19 20 11 20 7 19 26 21 20 19 19 10
split_gain=19.025 4.76158 3.84495 3.29898 2.38818 2.31325 1.79494 1.74252 1.62222 1.52748 1.19833 1.12478 0.848416 0.7618 0.592531 0.648123 0.502144 0.482717 0.419394 0.41916 0.411173 0.387068 0.25388 0.19179 0.192253 0.157249 0.131773 0.0610364 0.0579316 0.0379575
threshold=710.50000000000011 279.88200000000006 502.50000000000006 629.50000000000011 0.029441717455850756 0.014329932762070853 271.27850000000007 0.96050513229653656 259.28300000000007 1.0791423582692456 11.550000000000002 256.73600000000005 1891.0000000000002 1.1003050645356562 929.50000000000011 990.50000000000011 0.88071245463379844 0.86670034847935795 95.08499908447267 2.7250000000000005 0.98479978577512417 1.7450000000000003 0.063042261372016725 106.49000167846681 1073.0000000000002 19.300000190734867 0.71500000000000008 94.49499893188478 85.360000610351577 1.0247906879164674
decision_type=2 2 2 2 2 2 2 2 2 2 2 2 2 2 2 2 2 2 2 2 2 2 2 2 2 2 2 2 2 2
left_child=1 2 4 -3 6 10 11 17 13 12 19 -1 14 -6 16 -16 -7 -4 29 -2 -12 -20 -5 24 -11 -19 -10 -21 -14 -9
right_child=5 3 7 22 8 9 -8 18 26 23 20 -13 28 -15 15 -17 -18 25 21 27 -22 -23 -24 -25 -26 -27 -28 -29 -30 -31
leaf_value=0.0047828020071265867 -0.003808982277587056 0.015662931125362711 0.0075205391706632723 0.0070344858407974248 0.0064848770788166572 -0.00022491771113709546 -5.7601382082793857e-05 -0.0026532366638156498 0.0017517840736122293 -0.0040980399817000237 0.0084766580286351114 0.0097027123248831278 -0.0038833419383902637 0.001587504446373454 -2.9277697619000623e-05 -0.0022426593936705681 -0.0031666446426848885 0.00021016826680196181 0.0014797033247797606 7.6457655003049673e-05 0.0022079220786902372 -0.0020728434312933435 0.0029186695201662244 -0.0085472530360732758 -0.0070323397169510518 0.0038109759063060791 -0.00039889424784207895 0.0020278358986335139 -0.0061183938841025036 -0.005073042014351813
leaf_weight=80 24 44 20 29 81 63 31 21 32 97 21 106 41 48 222 263 391 27 38 58 21 89 36 20 35 20 112 20 44 31
leaf_count=80 24 44 20 29 81 63 31 21 32 97 21 106 41 48 222 263 391 27 38 58 21 89 36 20 35 20 112 20 44 31
internal_value=1.1132e-05 0.00352504 0.00264495 0.00936234 0.0041793 -0.002237 0.00653098 -0.000403682 0.00228205 -0.00267715 0.00133056 0.00763956 -0.00225145 0.0047119 -0.00198225 -0.00123784 -0.00276642 0.00367421 -0.00195864 -0.000409019 0.0055363 -0.000983183 0.00487917 -0.00549192 -0.00494566 0.0018524 6.71298e-05 0.000634121 -0.00513288 -0.00422092
internal_weight=2165 845 736 109 490 1320 217 246 273 1176 144 186 1024 129 939 485 454 67 179 102 42 127 65 152 132 47 144 78 85 52
internal_count=2165 845 736 109 490 1320 217 246 273 1176 144 186 1024 129 939 485 454 67 179 102 42 127 65 152 132 47 144 78 85 52
is_linear=0
shrinkage=0.03


Tree=22
num_leaves=31
num_cat=0
split_feature=26 23 22 23 14 23 20 15 15 22 21 24 23 22 25 20 16 19 22 16 14 23 22 22 25 14 16 23 17 17
split_gain=17.9227 5.29739 2.29192 2.26481 1.74097 1.83541 2.88045 1.37781 1.17977 1.10465 1.08063 1.07302 1.05382 0.873165 0.684503 0.650285 0.599129 0.533347 0.446498 0.413803 0.431974 0.34711 0.32539 0.218332 0.191245 0.179085 0.176271 0.162132 0.152313 0.139382
threshold=710.50000000000011 3242.0000000000005 277.73450000000008 2576.5000000000005 0.054603473293559107 2685.0000000000005 1.0300000000000002 0.037950152698906801 0.014165535495640001 240.16150000000002 11.690000057220461 13.050000000000002 2134.0000000000005 251.43850000000003 6.3500000000000005 2.1350000000000002 34.718775759434315 90.799999237060561 252.37150000000003 45.714316403152381 0.025002641266011903 2695.0000000000005 273.29300000000006 244.21800000000005 9.4500000000000011 0.044706501451009704 55.861580248751608 3365.5000000000005 0.0030147780187028002 -0.009669283894572547
decision_type=2 2 2 2 2 2 2 2 2 2 2 2 2 2 2 2 2 2 2 2 2 2 2 2 2 2 2 2 2 2
left_child=1 4 14 8 5 7 -7 17 12 -8 -5 -6 -2 -14 22 24 -17 -1 -18 21 23 -12 25 -21 28 -3 -9 -16 -10 -23
right_child=3 2 -4 10 11 6 9 26 15 -11 19 -13 13 -15 27 16 18 -19 -20 20 -22 29 -24 -25 -26 -27 -28 -29 -30 -31
leaf_value=0.011455923406407238 -0.00050316638269993878 -0.0013049043680946576 0.0080150821649215449 -0.0012268310986534362 0.0052448768656915773 0.0099133561005194989 0.0047442877966767322 0.0037891949946630976 0.00036696635361863067 -0.00113932755117033 0 0.014130572950467468 0.00872685546014044 0.0004970762270462254 0.0031497797973962685 0.00093738223517275579 -0.0016719204562589186 0.0067949230899832331 -0.0038603900893106804 -0.0052277151411771767 -0.006736650215642106 -0.0048960832577431574 -0.004200004805778635 -0.0027874591124543388 0.002463675817681683 0.000733664363515205 0.00059555508738516692 0.00049296491531619418 -0.0019355592708782969 -0.0030002649098488008
leaf_weight=31 76 138 32 154 25 35 38 48 81 107 28 31 26 22 45 48 219 165 147 74 92 63 28 83 26 51 27 44 36 145
leaf_count=31 76 138 32 154 25 35 38 48 81 107 28 31 26 22 45 48 219 165 147 74 92 63 28 83 26 51 27 44 36 145
internal_value=1.11627e-05 0.00342179 0.000500117 -0.00217083 0.00535886 0.00470742 0.00231415 0.00627166 -0.000958826 0.000403972 -0.00345428 0.010378 0.00166651 0.00510322 -0.000299537 -0.0015506 -0.00215236 0.00760176 -0.00256719 -0.0041514 -0.00503493 -0.00318923 -0.00121574 -0.00398244 0.000173575 -0.000738059 0.00270192 0.0018897 -0.000326478 -0.00360951
internal_weight=2165 845 338 1320 507 451 180 271 681 145 639 56 124 48 306 557 414 196 366 485 249 236 217 157 143 189 75 89 117 208
internal_count=2165 845 338 1320 507 451 180 271 681 145 639 56 124 48 306 557 414 196 366 485 249 236 217 157 143 189 75 89 117 208
is_linear=0
shrinkage=0.03


Tree=23
num_leaves=31
num_cat=0
split_feature=26 23 11 11 23 23 26 24 15 21 23 15 22 25 16 19 11 15 11 23 19 14 23 14 11 15 15 15 19 19
split_gain=16.8871 4.991 2.74754 2.70225 2.13475 1.845 1.72187 1.26351 1.11174 1.01754 0.994651 0.934648 0.822468 0.645129 0.598113 0.572164 0.56861 0.51023 0.373839 0.358887 0.35674 0.326174 0.315566 0.270207 0.211613 0.196496 0.18224 0.236004 0.172178 0.153386
threshold=710.50000000000011 3242.0000000000005 0.84962769288549633 0.95347012308761292 2576.5000000000005 2685.0000000000005 418.50000000000006 18.950000000000003 0.014165535495640001 11.690000057220461 2134.0000000000005 0.022880520489100154 251.43850000000003 6.3500000000000005 46.491395094458191 93.555000305175795 0.99550099825237004 0.029645750845180303 0.9786493317590349 2799.5000000000005 90.799999237060561 0.058357556493803552 3256.0000000000005 0.031126701906594154 1.0470433028233699 0.056828114086729956 0.054041764468065107 0.020587921117087852 97.615001678466811 89.524997711181655
decision_type=2 2 2 2 2 2 2 2 2 2 2 2 2 2 2 2 2 2 2 2 2 2 2 2 2 2 2 2 2 2
left_child=1 3 -3 19 8 11 15 -8 10 -6 -2 20 -12 18 26 -7 22 -18 -4 -1 -5 -13 28 29 -15 -20 27 -10 -11 -16
right_child=4 2 13 5 9 6 7 -9 14 16 12 21 -14 24 23 -17 17 -19 25 -21 -22 -23 -24 -25 -26 -27 -28 -29 -30 -31
leaf_value=0.0080564818949997435 -0.00048826743212344067 0.0096705072306924409 0.00064751217824042485 0.011375449909317879 -0.0011902636089774822 0.00097078488109147423 -0.0026770199021587584 0.005459295618421906 -0.0013756779853943142 -0.00269185584672584 0.0084747462487883042 0.0039358156542774409 0.00048281227837762108 0.0038680215044127357 -0.0038846795978325034 0.0069814242299865272 -0.0042391582542002709 -0.007798993662783975 -0.0024072260043997732 0.012957371029783699 0.0066165614206835904 0.0082256242714024014 -0.0042634864625724729 -0.0040279776276147461 0.00070436184786667577 0.00058060069602321499 -0.0024980249368236397 0.00053641348857898263 -0.00020556445886419774 -0.0014764928915658323
leaf_weight=49 76 26 68 30 154 22 76 21 93 123 26 154 22 30 30 50 144 56 134 33 52 20 127 77 59 21 35 149 35 173
leaf_count=49 76 26 68 30 154 22 76 21 93 123 26 154 22 30 30 50 144 56 134 33 52 20 127 77 59 21 35 149 35 173
internal_value=1.15356e-05 0.00332221 0.000485989 0.00520243 -0.00210643 0.00421 0.00173738 -0.000847204 -0.000929577 -0.00335254 0.00161861 0.00581753 0.00495761 -0.000298254 -0.00150412 0.00522439 -0.00402909 -0.00528468 -0.00116752 0.0101973 0.00850984 0.00449023 -0.00312209 -0.00248227 0.00183523 -0.00198207 -0.000499211 -0.00018869 -0.00216472 -0.00186439
internal_weight=2165 845 338 507 1320 425 169 97 681 639 124 256 48 312 557 72 485 200 223 82 82 174 285 280 89 155 277 242 158 203
internal_count=2165 845 338 507 1320 425 169 97 681 639 124 256 48 312 557 72 485 200 223 82 82 174 285 280 89 155 277 242 158 203
is_linear=0
shrinkage=0.03


Tree=24
num_leaves=31
num_cat=0
split_feature=26 22 26 26 15 15 22 16 22 25 16 22 19 20 26 22 26 22 21 20 26 14 26 15 20 19 18 14 1 26
split_gain=15.9332 4.7445 3.21108 2.36138 2.03617 1.88372 1.55071 1.43018 1.35339 1.1145 0.959893 0.93873 0.530911 0.491988 0.43801 0.437712 0.693399 0.493139 0.472182 0.364951 0.321805 0.273383 0.233897 0.215718 0.181892 0.16091 0.146103 0.136711 0.103981 0.0648411
threshold=696.50000000000011 279.88200000000006 502.50000000000006 629.50000000000011 0.029441717455850756 0.014505011157463402 271.27850000000007 40.291809855025072 259.28300000000007 11.550000000000002 44.869389888053682 256.73600000000005 95.08499908447267 2.7250000000000005 315.00000000000006 256.23300000000006 1073.0000000000002 236.61750000000004 28.635000228881843 1.7250000000000003 1891.0000000000002 0.037787742033531156 929.50000000000011 0.045349480000306953 2.1350000000000002 95.18500137329103 0.99998655238724854 0.044706501451009704 -0.0056922940582450491 1047.5000000000002
decision_type=2 2 2 2 2 2 2 2 2 2 2 2 2 2 2 2 2 2 2 2 2 2 2 2 2 2 2 2 2 2
left_child=1 2 4 -3 6 9 11 -4 14 13 20 -1 -9 -2 -6 16 24 -18 23 -14 21 22 -7 -17 -12 -23 -5 -10 -11 -15
right_child=5 3 7 26 8 10 -8 12 27 28 15 -13 19 29 -16 18 17 -19 -20 -21 -22 25 -24 -25 -26 -27 -28 -29 -30 -31
leaf_value=0.0044063473492451186 -0.00360048194128004 0.014624472326040267 0.005719812336666831 0.0067228883969886544 0.0067600135471671818 -0.0015575939893450483 -0.00012267676874762399 -0.0039183618599972266 -0.00052812947827680663 0.0029266660202826771 -0.00027834977765510584 0.0089117799205618471 0.0016334579108376055 0 0.0029098647579247519 -0.0065900098476558925 -0.00075302034152472134 -0.0054219281205200942 -0.00054676356474342555 -0.0015158165620523505 -0.0042636977602618148 -0.00071656322943539747 -4.7843271109741186e-05 -0.003399425200616511 -0.0023251152815618849 -0.0034217926983382435 0.0031023762494192587 0.0014831780857883046 0.0065293294777348642 0.0016898135701992681
leaf_weight=80 32 44 28 28 44 186 31 54 102 20 48 106 49 51 85 71 27 115 22 95 33 33 191 38 357 68 27 42 24 34
leaf_count=80 32 44 28 28 44 186 31 54 102 20 48 106 49 51 85 71 27 115 22 95 33 33 191 38 357 68 27 42 24 34
internal_value=1.19696e-05 0.00332332 0.00245871 0.00945932 0.00382154 -0.00198586 0.00599334 -0.0004867 0.00206872 0.00104123 -0.00239881 0.00702393 -0.0014038 -0.000474695 0.00428807 -0.0031424 -0.00274646 -0.00456663 -0.00473965 -0.000419624 -0.00140213 -0.00118982 -0.000802794 -0.00554598 -0.00209121 -0.00258301 0.00508626 4.39953e-05 0.00505985 0.000695371
internal_weight=2165 815 716 99 490 1350 217 226 273 161 1189 186 198 117 129 678 547 142 131 144 511 478 377 109 405 101 55 144 44 85
internal_count=2165 815 716 99 490 1350 217 226 273 161 1189 186 198 117 129 678 547 142 131 144 511 478 377 109 405 101 55 144 44 85
is_linear=0
shrinkage=0.03


Tree=25
num_leaves=31
num_cat=0
split_feature=26 23 11 11 23 19 23 14 24 21 20 26 11 20 25 22 25 11 14 22 23 20 22 11 20 26 8 22 11 17
split_gain=15.0207 4.48212 2.49684 2.46796 1.94122 1.49173 1.39828 1.36951 0.871295 0.862963 0.825328 0.890275 0.657169 0.525015 0.519024 0.75198 0.513537 0.479055 0.446596 0.421618 0.408598 0.402501 0.299286 0.267149 0.24976 0.239457 0.229916 0.219647 0.196362 0.173224
threshold=710.50000000000011 3242.0000000000005 0.80381826733462947 1.1123886401677183 2488.5000000000005 99.08499908447267 2712.5000000000005 0.05024153795752536 16.950000000000003 11.355000019073488 2.8150000000000004 747.00000000000011 0.99550099825237004 2.1350000000000002 11.65 251.43850000000003 6.3500000000000005 0.93863337289384996 0.025002641266011903 255.917 3256.0000000000005 1.5450000000000002 252.37150000000003 0.98158665715340587 2.0850000000000004 285.50000000000006 1.0512449609057792 244.21800000000005 1.0701663767254008 -0.0078302611816732978
decision_type=2 2 2 2 2 2 2 2 2 2 2 2 2 2 2 2 2 2 2 2 2 2 2 2 2 2 2 2 2 2
left_child=1 3 -3 5 10 7 26 8 -1 -6 13 -12 20 -2 -13 -16 17 29 27 -7 24 -8 23 -15 -11 -19 -5 -14 -18 -4
right_child=4 2 16 6 9 19 21 -9 -10 12 11 14 18 22 15 -17 28 25 -20 -21 -22 -23 -24 -25 -26 -27 -28 -29 -30 -31
leaf_value=0.0073123205589363353 0.00019337240908756821 0.010467896963868822 0 0.0052489784569902855 -0.00099855304309865453 -0.0016473881221254882 -0.0026642780080261943 0.01236198995962012 0.0032381633932531723 -0.00065905066577179989 -0.0042556333479657768 0.00045416121331775177 -0.0052072680707810053 -1.9910401296718709e-05 0.0069429883924586808 0 0.0030802892839495578 0.0011686506718397141 -0.0064581544117393837 0.0038843654127648244 -0.0040499936218693616 0.0021231377689083192 -0.0033460167709885064 -0.0022672947156902072 -0.0028454224238086277 -0.0021146578104058399 0.0013453676990995351 -0.0025213294110329049 0.00019313850006825913 0.003569089351772246
leaf_weight=191 123 20 30 65 149 22 52 40 70 96 24 97 52 83 33 23 45 21 97 25 127 21 113 120 102 157 21 81 44 21
leaf_count=191 123 20 30 65 149 22 52 40 70 96 24 97 52 83 33 23 45 21 97 25 127 21 113 120 102 157 21 81 44 21
internal_value=1.18054e-05 0.00313424 0.000446062 0.00491605 -0.00198562 0.00633186 0.00177833 0.00710833 0.00624762 -0.00306216 -0.000747449 0.000968016 -0.00360798 -0.00144655 0.00182921 0.00410859 -0.000205676 -0.000965197 -0.00485556 0.00125216 -0.0027037 -0.00123646 -0.00209294 -0.00136772 -0.00180908 -0.00170618 0.00435667 -0.00362488 0.00170427 0.00154635
internal_weight=2165 845 338 507 1320 348 159 301 261 704 616 177 555 439 153 56 318 229 230 47 325 73 316 203 198 178 86 133 89 51
internal_count=2165 845 338 507 1320 348 159 301 261 704 616 177 555 439 153 56 318 229 230 47 325 73 316 203 198 178 86 133 89 51
is_linear=0
shrinkage=0.03


Tree=26
num_leaves=30
num_cat=0
split_feature=20 22 20 19 14 15 11 19 22 22 24 11 22 15 22 24 21 25 11 11 22 11 20 21 15 14 11 11 9
split_gain=8.20734 5.65334 1.73816 2.27859 2.67158 1.51031 1.27803 1.0219 1.00047 0.892725 0.8773 0.827969 0.663597 0.936458 0.626026 1.21346 0.562195 0.446633 0.434642 0.348358 0.307014 0.247747 0.242308 0.209427 0.25602 0.156627 0.118535 0.0642172 0.0121847
threshold=2.0350000000000006 279.88200000000006 0.71500000000000008 97.305000305175795 0.026193955834543352 0.014329932762070853 1.0292714555303706 90.235000610351577 237.57500000000002 257.0985 1.0000000180025095e-35 1.0388226784273125 241.45850000000004 0.041938772434706902 255.54900000000001 3.8500000000000001 16.244999885559086 8.1500000000000004 0.98479978577512417 0.88071245463379844 236.23700000000005 0.93090070498948474 2.7250000000000005 25.664999961853031 0.056828114086729956 0.018530269713590303 1.1973002006132827 1.2034431333566344 1.0150641858914859
decision_type=2 2 2 2 2 2 2 2 2 2 2 2 2 2 2 2 2 2 2 2 2 2 2 2 2 2 2 2 2
left_child=1 2 11 4 7 10 -3 -4 -5 -6 18 17 19 14 21 -16 -10 -1 -2 -7 -21 -14 -12 26 -25 -22 -15 -13 -24
right_child=5 6 3 8 9 12 -8 -9 16 -11 22 27 13 23 15 -17 -18 -19 -20 20 25 -23 28 24 -26 -27 -28 -29 -30
leaf_value=0.0046527398774204283 0.007142640214413405 0.014376072737816216 0.010331824058201164 0.0033396127858469561 0.0020409043620127939 -8.0006648786365946e-06 0.0053522276090907641 0.0036528140338695251 -0.0039136081983440745 -0.0011067553074716836 -0.0033245901913032862 0.0027800132901415805 0.00016970629053151545 -0.0035684114722660865 -0.0031726353472989535 0.005715798264971989 -0.00059424028935810096 0.010191469941820418 0.0017667952058836817 -0.00018917742477996008 -0.0025201736404650522 -0.0015542236493207924 0.00055255631837756558 -0.0033358855363345005 0.0006666439659893513 -0.0041517882246004702 -0.0063369841062360342 0.00038466331627503019 -0.00027495622245425529
leaf_weight=37 23 36 23 30 137 32 28 217 105 195 23 28 89 73 22 33 86 27 38 27 96 387 38 40 20 207 26 21 21
leaf_count=37 23 36 23 30 137 32 28 217 105 195 23 28 89 73 22 33 86 27 38 27 96 387 38 40 20 207 26 21 21
internal_value=1.17635e-05 0.00206216 0.00144348 0.000939527 0.00194066 -0.0016504 0.0106174 0.00434555 -0.0016352 0.000185348 0.00122249 0.00491446 -0.00204456 -0.00148673 -0.00087105 0.00211369 -0.00244553 0.00715639 0.00392465 -0.00309253 -0.00338165 -0.00122592 -0.000774572 -0.00350583 -0.00196347 -0.0036547 -0.00438161 0.00184166 0.000208344
internal_weight=2165 970 906 793 572 1195 64 240 221 332 143 113 1052 690 531 55 191 64 61 362 330 476 82 159 60 303 99 49 59
internal_count=2165 970 906 793 572 1195 64 240 221 332 143 113 1052 690 531 55 191 64 61 362 330 476 82 159 60 303 99 49 59
is_linear=0
shrinkage=0.03


Tree=27
num_leaves=31
num_cat=0
split_feature=20 22 23 23 19 23 22 22 25 20 17 21 22 15 11 23 21 24 20 20 11 23 19 23 22 17 19 24 11 23
split_gain=7.73413 5.32966 3.77745 1.7232 1.68024 1.56607 1.50258 2.26915 1.05371 0.974766 0.916057 0.731626 0.73293 0.648385 0.521831 0.515991 0.462976 1.11124 0.537672 0.464006 0.341848 0.265549 0.24208 0.228493 0.208519 0.175139 0.159865 0.146127 0.124076 0.118722
threshold=2.0350000000000006 279.88200000000006 3014.0000000000005 2395.5000000000005 97.33499908447267 2316.0000000000005 271.27850000000007 264.27000000000004 13.15 0.71500000000000008 -0.0071264328135187986 13.375000000000002 241.88350000000005 0.014073699040547201 1.1104194335879709 3223.0000000000005 18.380000114440922 3.5500000000000003 2.4850000000000008 2.7650000000000001 1.0987561386597935 2771.5000000000005 97.865001678466811 2091.5000000000005 256.23300000000006 -0.0019620763427924998 90.799999237060561 0.25000000000000006 0.96997294466383266 2707.0000000000005
decision_type=2 2 2 2 2 2 2 2 2 2 2 2 2 2 2 2 2 2 2 2 2 2 2 2 2 2 2 2 2 2
left_child=1 2 6 8 9 -3 7 10 16 15 -1 12 -5 -10 -11 -4 19 -18 -19 23 22 -8 29 -2 -6 -24 -9 -14 -29 -13
right_child=3 5 4 11 24 -7 21 26 13 14 -12 20 27 -15 -16 -17 17 18 -20 -21 -22 -23 25 -25 -26 -27 -28 28 -30 -31
leaf_value=0.0058870582591996267 -0.0026005076907520347 0.0034284476015878757 0.0076618525300707141 -0.0045115918222727487 -0.0016723144901642465 0.013680301681334195 0.000866456103654028 0.010338378812036206 0.007503804059456224 0.00051276208643868037 0.001906110175872411 -0.0019361678485463306 0 0.0006086587008088827 -0.0024177795821046337 0.0017296493153288873 -0.0033566988611826673 0.0068883176182113993 0.0012795174764064342 0.00065094583578562972 -0.0056499328801239077 -0.0033791277992629236 0.00080114838613995487 -0.00075653292278688496 -0.0047706837079389709 -0.0024482318591947353 0.0067561287362324562 -0.00010165232184397822 -0.0019383576762992891 -0.0040175025547906657
leaf_weight=65 169 22 20 63 33 42 21 30 22 174 281 40 98 29 78 43 39 20 68 80 65 30 20 104 75 44 56 50 124 160
leaf_count=65 169 22 20 63 33 42 21 30 22 174 281 40 98 29 78 43 39 20 68 80 65 30 20 104 75 44 56 50 124 160
internal_value=1.19932e-05 0.00200245 0.00140162 -0.0016015 -0.000662025 0.0103093 0.00321274 0.00378905 -0.000320066 0.000439026 0.00267743 -0.00261973 -0.00160917 0.00372783 -0.000388424 0.00375005 -0.000763248 0.000770886 0.00265103 -0.00132428 -0.00363164 -0.00159021 -0.00310395 -0.00191431 -0.00387551 -0.00138994 0.0081447 -0.000911865 -0.00143131 -0.00362786
internal_weight=2165 970 906 1195 423 64 483 432 531 315 346 664 335 51 252 63 480 127 88 353 329 51 264 273 108 64 86 272 174 200
internal_count=2165 970 906 1195 423 64 483 432 531 315 346 664 335 51 252 63 480 127 88 353 329 51 264 273 108 64 86 272 174 200
is_linear=0
shrinkage=0.03


Tree=28
num_leaves=31
num_cat=0
split_feature=22 22 11 21 23 23 23 19 23 22 22 24 23 25 22 14 23 19 14 22 22 14 23 22 19 11 25 22 19 0
split_gain=4.16526 5.17393 2.41251 2.01817 1.77852 1.59805 1.38825 1.0307 1.96732 1.13757 0.884229 1.24117 0.87611 0.868067 0.868605 0.764112 0.600881 0.539569 0.465582 0.406886 0.366735 0.352747 0.351791 0.300707 0.275482 0.187734 0.167896 0.160805 0.0989402 0.0825441
threshold=263.1330000000001 289.92950000000002 1.1141302411113625 25.664999961853031 2712.5000000000005 3610.5000000000005 2759.0000000000005 94.774997711181655 2512.0000000000005 283.52150000000006 255.54900000000001 1.0000000180025095e-35 2108.0000000000005 6.4500000000000011 239.27450000000002 0.013257549187291252 2348.5000000000005 89.224998474121108 0.048605236000235953 261.47800000000007 252.37150000000003 0.059593682826753057 3206.5000000000005 259.18850000000003 88.524997711181655 1.2110400553554925 2.9500000000000006 254.74500000000003 106.49000167846681 -0.029473514481655697
decision_type=2 2 2 2 2 2 2 2 2 2 2 2 2 2 2 2 2 2 2 2 2 2 2 2 2 2 2 2 2 2
left_child=3 2 5 6 25 7 12 8 -2 -9 -5 -12 20 17 -15 16 -14 -8 -17 -19 24 28 -16 29 -1 -4 -25 -22 -3 -13
right_child=1 21 4 10 -6 -7 13 9 -10 -11 11 23 15 14 22 18 -18 19 -20 -21 27 -23 -24 26 -26 -27 -28 -29 -30 -31
leaf_value=-0.0027412658454850315 0.0074955175289407707 -0.0038636897561434465 0.0052618513618897635 -0.0018171801221507943 -0.0030766813545308721 -0.0013248700064473918 -0.0051050514344985667 0.013111505208180305 -0.0023735286784560784 0.0045719658042490483 0.0080884393833930025 0.0047194244964048259 0.007387189785535965 -0.0041577881845335169 -0.00065765137221739166 0.00073318667820342607 0.00087604841975761315 -0.0023633222206844947 -0.002764787537511438 0.0010442443527281283 -0.0040152108480735705 -0.00068473207533359534 0.0017787422311421324 -0.0013594016859799832 -4.1549704257167223e-05 0.0018698679669599593 0.0017790266942232847 -0.0013777548417456273 -0.0071002250591462304 0.0020867792334980689
leaf_weight=41 85 37 48 37 51 20 64 46 22 24 36 23 26 44 117 329 27 467 37 32 48 24 95 30 192 28 29 47 21 38
leaf_count=41 85 37 48 37 51 20 64 46 22 24 36 23 26 44 117 329 27 467 37 32 48 24 95 30 192 28 29 47 21 38
internal_value=1.21249e-05 0.00274857 0.0044548 -0.00061898 0.00118804 0.00652899 -0.000977348 0.00743575 0.0054354 0.0103315 0.0022634 0.00325575 -3.76426e-05 -0.00182969 -0.000365541 0.000866365 0.0042034 -0.0024883 0.000364822 -0.00213715 -0.0012007 -0.00392944 0.000423269 0.00172628 -0.000539112 0.00409165 0.000137156 -0.00276956 -0.00518687 0.00318791
internal_weight=2165 406 324 1759 127 197 1566 177 107 70 193 156 747 819 256 419 53 563 366 499 328 82 212 120 233 76 59 95 58 61
internal_count=2165 406 324 1759 127 197 1566 177 107 70 193 156 747 819 256 419 53 563 366 499 328 82 212 120 233 76 59 95 58 61
is_linear=0
shrinkage=0.03


Tree=29
num_leaves=31
num_cat=0
split_feature=26 22 26 26 11 15 11 15 11 19 26 21 11 15 15 11 19 26 14 11 19 20 22 22 20 15 11 8 22 21
split_gain=12.3235 3.13669 2.48139 2.28488 1.68394 1.52403 1.26448 1.14421 1.04169 1.01531 0.856849 0.707329 0.5539 0.465325 0.414736 0.362904 0.323007 0.262681 0.268868 0.26767 0.25895 0.25274 0.245969 0.306096 0.197442 0.187213 0.180647 0.139688 0.109376 0.0995828
threshold=710.50000000000011 279.88200000000006 502.50000000000006 629.50000000000011 1.1104194335879709 0.014505011157463402 0.96050513229653656 0.029767202957386902 0.99550099825237004 93.215000152587905 1041.0000000000002 16.394999504089359 1.003080481975452 0.029767202957386902 0.019168930657700655 0.86670034847935795 95.08499908447267 1891.0000000000002 0.038795457753822558 0.93227049318268496 93.895000457763686 1.7450000000000003 243.75500000000002 256.23300000000006 1.4650000000000001 0.040263536659252801 0.88071245463379844 1.0227878154390917 237.11600000000001 19.300000190734867
decision_type=2 2 2 2 2 2 2 2 2 2 2 2 2 2 2 2 2 2 2 2 2 2 2 2 2 2 2 2 2 2
left_child=1 2 4 -3 7 10 15 11 17 -9 20 -1 -12 22 -6 -4 -8 18 19 -7 -2 -18 28 -24 -16 -5 -20 -15 -10 -17
right_child=5 3 6 25 14 8 16 9 13 -11 12 -13 -14 27 24 29 21 -19 26 -21 -22 -23 23 -25 -26 -27 -28 -29 -30 -31
leaf_value=0.003777287143459675 0 0.012824702010552087 0.006489100717640083 0.0054671429425806684 0.0040357947961116823 -0.00024697254780400982 -0.0036341161841069755 0.00018309765973244794 -0.0019909197058095114 0.0048633205825665392 0.0057712237095913369 0.0079040997961864756 0.0008028082217182963 -0.0058667090626806024 -0.000828589703117921 0.00022395396049666616 0.0011916473002638666 -0.0035257976181908616 -0.001465077305027871 -0.0015945466864144338 -0.0035367336325347423 -0.0016731763300020248 -0.0015525318269292863 -0.0049710521207287396 0.0018017977861066658 0.0019630284807221456 -0.0039338232763628999 -0.0033725714986435474 -0.0045301660377579395 0.0031250582926108366
leaf_weight=70 47 44 20 33 26 243 52 79 28 91 36 101 49 74 88 27 38 53 68 309 29 89 179 28 35 32 53 46 78 20
leaf_count=70 47 44 20 33 26 243 52 79 28 91 36 101 49 74 88 27 38 53 68 309 29 89 179 28 35 32 53 46 78 20
internal_value=1.18162e-05 0.00284018 0.00212485 0.00757977 0.00335757 -0.00179727 -0.000322072 0.00451894 -0.00217779 0.00271973 0.000919978 0.00626399 0.0029846 -0.00334735 0.000667245 0.00314953 -0.00164844 -0.00147246 -0.00130132 -0.00100827 -0.00135895 -0.000789935 -0.00270139 -0.00205104 -4.74174e-05 0.00384338 -0.0025944 -0.00497119 -0.00391233 0.00156035
internal_weight=2165 845 736 109 490 1320 246 341 1159 170 161 171 85 433 149 67 179 726 673 552 76 127 313 207 123 65 121 120 106 47
internal_count=2165 845 736 109 490 1320 246 341 1159 170 161 171 85 433 149 67 179 726 673 552 76 127 313 207 123 65 121 120 106 47
is_linear=0
shrinkage=0.03


Tree=30
num_leaves=31
num_cat=0
split_feature=20 23 13 23 15 23 15 20 25 19 21 15 21 24 20 20 19 23 23 21 7 19 16 19 24 23 20 13 23 15
split_gain=6.54282 3.36279 1.73703 1.48303 1.41846 1.1763 1.63108 1.29831 0.926513 0.750938 0.639855 0.5547 0.40865 0.932406 0.455236 0.405335 0.349303 0.311475 0.27099 0.248721 0.199096 0.198366 0.160024 0.128178 0.12663 0.122298 0.105944 0.103709 0.0891018 0.0754626
threshold=2.0350000000000006 3506.5000000000005 0.90099853448367895 2395.5000000000005 0.059542585413890556 2632.5000000000005 0.020708935690962351 0.94500000000000006 13.15 97.155002593994155 13.375000000000002 0.014073699040547201 18.054999351501468 3.5500000000000003 2.4850000000000008 2.7650000000000001 90.069999694824233 3914.0000000000005 3813.5000000000005 21.505000114440922 0.046238797297666008 97.475002288818374 45.714316403152381 92.594997406005874 11.450000000000001 2576.5000000000005 2.3350000000000004 0.97069808126344637 1722.0000000000002 0.035738757718119907
decision_type=2 2 2 2 2 2 2 2 2 2 2 2 2 2 2 2 2 2 2 2 2 2 2 2 2 2 2 2 2 2
left_child=1 2 -1 8 5 6 -4 -7 12 17 16 -10 15 -14 -15 21 -5 19 20 -3 25 -2 -18 -24 -11 -12 -22 -21 -17 -20
right_child=3 9 4 10 -6 7 -8 -9 11 24 18 -13 13 14 -16 28 22 -19 29 27 26 -23 23 -25 -26 -27 -28 -29 -30 -31
leaf_value=0.010719283143960638 -0.0023856836814942408 -0.0011871062903199344 0.0070475933445532882 -0.004026856655861403 0.0086835520280292254 0.0047313102950048572 0.0021870867493448969 0.00030489092068924928 0.0070072088061791408 -0.0027158518065150605 -0.00058684484447751721 0.00061569806197658177 -0.0030789839703182229 0.0061974887568080296 0.0011405891357678395 -0.00024140270637093805 -0.00012486515346164299 -0.0026756007749889343 0 0.0033579683073051273 -0.0028576887237199114 -0.00063375131228156183 0 -0.0019770518817962299 -0.0058101804312318565 -0.0033142653907835481 -0.0054522963143885132 0.0005433643577620387 0.0017224941485234208 -0.0023259332685598303
leaf_weight=23 176 39 87 42 31 72 228 337 22 33 20 29 39 21 70 42 107 36 25 24 29 96 33 153 31 149 79 29 36 27
leaf_count=23 176 39 87 42 31 72 228 337 22 33 20 29 39 21 70 42 107 36 25 24 29 96 33 153 31 149 79 29 36 27
internal_value=1.16856e-05 0.00184254 0.00272093 -0.00147224 0.00245945 0.0021772 0.00355706 0.00110107 -0.000283053 -0.00169687 -0.00241686 0.00351225 -0.000699004 0.000718834 0.00239485 -0.00123472 -0.00147109 -0.000335127 -0.00336342 0.000567375 -0.00374237 -0.00178293 -0.00108209 -0.00161309 -0.00432715 -0.00301449 -0.00481573 0.00191204 0.000637367 -0.00125565
internal_weight=2165 970 778 1195 755 724 315 409 531 192 664 51 480 130 91 350 335 128 329 92 277 272 293 186 64 169 108 53 78 52
internal_count=2165 970 778 1195 755 724 315 409 531 192 664 51 480 130 91 350 335 128 329 92 277 272 293 186 64 169 108 53 78 52
is_linear=0
shrinkage=0.03


Tree=31
num_leaves=31
num_cat=0
split_feature=26 22 11 26 26 11 20 25 11 26 17 22 25 26 26 20 26 14 21 17 18 19 26 16 18 16 11 19 26 22
split_gain=11.1244 2.85423 2.30284 2.12504 1.62651 1.27422 1.40613 0.991833 0.789492 0.707064 0.667462 0.4489 0.441978 0.398265 0.359319 0.494948 0.462264 0.323097 0.21375 0.20586 0.202644 0.156132 0.141266 0.10061 0.100602 0.058626 0.0450693 0.0375053 0.0208852 0.0120802
threshold=710.50000000000011 279.88200000000006 1.1141302411113625 629.50000000000011 502.50000000000006 1.073674911069189 2.8150000000000004 1.0000000180025095e-35 0.86670034847935795 494.00000000000006 -0.011104377112370998 252.68050000000002 12.750000000000002 1891.0000000000002 891.00000000000011 2.5050000000000003 756.50000000000011 0.020887124238732752 19.345000267028812 0.011674616144366901 1.0119190009908605 106.49000167846681 1073.0000000000002 48.387664613260867 0.94538036865454989 46.799044671261242 1.153786019837465 85.360000610351577 891.00000000000011 273.29300000000006
decision_type=2 2 2 2 2 2 2 2 2 2 2 2 2 2 2 2 2 2 2 2 2 2 2 2 2 2 2 2 2 2
left_child=1 2 4 -3 7 6 13 25 -6 17 -9 12 23 14 16 -16 -2 -4 -10 -19 -5 22 28 -8 -13 -1 -11 -15 -7 -28
right_child=5 3 9 20 8 21 11 10 18 26 -12 24 -14 27 15 -17 -18 19 -20 -21 -22 -23 -24 -25 -26 -27 29 -29 -30 -31
leaf_value=0.0018687350075607271 0.00031217704656592106 0.012277894110480943 0.0034579265685752035 0.0052892541924546314 0.0061947890472199233 -0.0035325062843469474 0.0019381642636643456 0.0017239796957583165 -0.00076519137255026074 -0.0017595486199069353 0.0056373497755459944 -0.0031908119140954855 0.0045226592538192079 -0.002844272014152791 -0.00052562736191727694 -0.0025520129094237258 -0.0028263319102142209 -0.00099043937972209477 0.0015323131985369731 0.0018603388162009649 0.001693574907766147 -0.0068985639799918445 -0.0054470396397205507 7.1962895607853911e-05 -8.1235925533941809e-05 -2.9164533703946106e-06 -0.002571143942207775 -0.0046837587505578994 -0.0021972133801426994 -0.004588674720842391
leaf_weight=21 47 44 27 33 20 64 41 51 107 26 240 21 37 41 377 155 298 77 54 31 32 20 38 78 20 38 21 41 42 23
leaf_count=21 47 44 27 33 20 64 41 51 107 26 240 21 37 41 377 155 298 77 54 31 32 20 38 78 20 38 21 41 42 23
internal_value=1.13941e-05 0.0026987 0.00201611 0.00722025 0.00305822 -0.00170736 -0.00135006 0.00425142 0.000723775 -0.000670401 0.00497003 0.000944673 0.00168757 -0.00182507 -0.00162858 -0.00112533 -0.00239043 0.000581607 0 -0.000135077 0.00361701 -0.00418423 -0.00374157 0.000750733 -0.00178342 0.000633307 -0.00310142 -0.00384551 -0.00305694 -0.00377096
internal_weight=2165 845 736 109 531 1320 1156 350 181 205 291 197 156 959 877 532 345 135 161 108 65 164 144 119 41 59 70 82 106 44
internal_count=2165 845 736 109 531 1320 1156 350 181 205 291 197 156 959 877 532 345 135 161 108 65 164 144 119 41 59 70 82 106 44
is_linear=0
shrinkage=0.03


Tree=32
num_leaves=31
num_cat=0
split_feature=26 22 23 22 23 26 15 11 20 25 22 25 11 19 26 20 11 24 15 11 11 26 11 11 23 23 26 26 15 26
split_gain=10.4903 3.44306 3.23934 2.19186 1.457 1.257 1.16788 0.779983 0.670864 0.617733 0.608369 0.604959 0.574519 0.424375 0.539232 0.424337 0.407294 0.387537 0.359289 0.323804 0.321985 0.297942 0.295676 0.226945 0.210602 0.184061 0.158418 0.132234 0.122193 0.113536
threshold=691.00000000000011 279.88200000000006 3079.5000000000005 271.27850000000007 2488.5000000000005 629.50000000000011 0.029767202957386902 1.0779148301200745 2.7650000000000001 10.050000000000002 289.92950000000002 11.550000000000002 1.1058294205364352 89.944999694824233 907.50000000000011 2.5850000000000004 0.89388383368590174 8.0500000000000025 0.040408096837213907 0.93632178565528534 1.0070742344994155 285.50000000000006 0.88071245463379844 0.99152879317798959 2771.5000000000005 1257.0000000000002 661.00000000000011 747.00000000000011 0.038795830498597757 789.50000000000011
decision_type=2 2 2 2 2 2 2 2 2 2 2 2 2 2 2 2 2 2 2 2 2 2 2 2 2 2 2 2 2 2
left_child=1 2 3 6 8 -3 17 9 15 16 11 -10 13 -6 22 19 -4 -1 -16 29 -8 -9 -15 -13 -5 -21 -7 -12 -23 -2
right_child=4 5 7 24 12 26 20 21 10 -11 27 23 -14 14 18 -17 -18 -19 -20 25 -22 28 -24 -25 -26 -27 -28 -29 -30 -31
leaf_value=0.0084410233913465981 0.0022158940929738391 0.011917742610971132 0.0039883173195564229 0.00062186427829279145 -0.0042128630572453489 0.0020983922396387369 0.0050452903625947719 0.00033236826281063256 0.00064030472471779377 0.0040048373055178669 -0.0035208546688350346 0.0071574041055781504 -0.005089175597764551 -0.00025781038803612127 -0.00052126877101076085 -0.0031264915646292096 -0.00030549064023554666 0.0049114895419217642 -0.0034356594564995484 -0.0041628900404487336 0.0020427910010512276 -0.0016459252085004534 -0.0032356580388789979 0.0022214372131441318 -0.0031450662554031415 -0.0011150850139549258 0.0061583450961112986 -0.00036443272869135919 -0.0040135537201804773 0
leaf_weight=85 26 44 22 21 85 20 55 47 127 53 25 20 71 37 250 85 141 59 45 20 95 69 241 20 30 195 24 27 34 92
leaf_count=85 26 44 22 21 85 20 55 47 127 53 25 20 71 37 250 85 141 59 45 20 95 69 241 20 30 195 24 27 34 92
internal_value=1.09265e-05 0.00274081 0.00203557 0.00411689 -0.00158448 0.00831824 0.00511275 5.96114e-05 -0.000529072 0.00121941 0.000805311 0.00169592 -0.00250059 -0.00220942 -0.00190018 -0.0012356 0.000276534 0.00705943 -0.000986077 -0.000736041 0.0031897 -0.00158765 -0.00285242 0.00487697 -0.00155415 -0.00143045 0.00446722 -0.00197635 -0.0024874 0.000505375
internal_weight=2165 799 711 345 1366 88 294 366 637 216 219 167 729 658 573 418 163 144 295 333 150 150 278 40 51 215 44 52 103 118
internal_count=2165 799 711 345 1366 88 294 366 637 216 219 167 729 658 573 418 163 144 295 333 150 150 278 40 51 215 44 52 103 118
is_linear=0
shrinkage=0.03


Tree=33
num_leaves=31
num_cat=0
split_feature=20 23 13 23 11 19 20 25 23 21 19 21 15 21 20 25 20 19 23 11 20 21 19 16 19 20 25 23 20 12
split_gain=5.49883 2.9947 1.45877 1.32572 1.17557 1.60732 0.899182 0.789808 0.767616 0.712284 0.651406 0.508083 0.473305 0.384061 0.901 0.345189 0.339832 0.291307 0.285014 0.266039 0.214914 0.213897 0.200427 0.143756 0.119417 0.11628 0.111211 0.0988927 0.0978151 0.0911004
threshold=2.0050000000000003 3506.5000000000005 0.90099853448367895 2395.5000000000005 1.1176948617223499 97.215000152587905 0.71500000000000008 13.15 2712.5000000000005 16.304999351501468 97.155002593994155 13.375000000000002 0.014073699040547201 19.159999847412116 2.7250000000000005 5.9500000000000011 2.7650000000000001 90.069999694824233 3914.0000000000005 1.0987561386597935 2.5850000000000004 21.505000114440922 97.865001678466811 45.714316403152381 92.594997406005874 1.3900000000000001 1.2500000000000002 2707.0000000000005 0.71500000000000008 1.0020286782424324
decision_type=2 2 2 2 2 2 2 2 2 2 2 2 2 2 2 2 2 2 2 2 2 2 2 2 2 2 2 2 2 2
left_child=1 2 -1 7 5 9 -7 13 25 -4 18 17 -9 16 -15 -16 20 -5 21 22 -2 -3 27 -19 -25 -6 -12 -13 -10 -23
right_child=3 10 4 11 8 6 -8 12 28 -11 26 19 -14 14 15 -17 -18 23 -20 -21 -22 29 -24 24 -26 -27 -28 -29 -30 -31
leaf_value=0.010069571752020199 -0.0010729344287623342 -0.0010967436196049674 0.0022431142261738475 -0.003693176549274561 0.0014951873109675942 0.0045899105511259201 -0.00029126381652526954 0.0065289094423794224 0.00039877986952500499 0.0050463756695827465 -0.0052792175250748795 -0.0015581040228051797 0.00061131772035732869 0.0057242198377433747 0.00070098436077786297 -0.0032935625921485809 0.00056362733760157758 -9.1889510328959064e-05 -0.0025742431470268481 -0.0048207567628388371 -0.0030657019927852729 0.0029355024988923606 -0.0011337352055188728 4.6647426151834858e-05 -0.0018548787779102175 0.005059960600200363 -0.0023529444312211127 -0.0034276261573837367 -0.0017120582864255361 0.00029780444896851599
leaf_weight=22 224 39 132 42 20 42 157 22 22 249 35 41 29 26 61 27 87 107 36 65 66 28 72 33 153 21 29 162 91 25
leaf_count=22 224 39 132 42 20 42 157 22 22 249 35 41 29 26 61 27 87 107 36 65 66 28 72 33 153 21 29 162 91 25
internal_value=1.0889e-05 0.00172431 0.00257497 -0.00132166 0.00233286 0.00295056 0.000741732 -0.000209785 0 0.00409143 -0.00160562 -0.00220839 0.00329816 -0.000586215 0.000919958 -0.000514143 -0.00105083 -0.00135654 -0.000335227 -0.00303248 -0.00154575 0.000526911 -0.00258299 -0.000999964 -0.00150302 0.00346948 -0.004056 -0.00307423 -0.00127489 0.00177542
internal_weight=2165 948 756 1217 734 580 199 542 154 381 192 675 51 491 114 88 377 335 128 340 290 92 275 293 186 41 64 203 113 53
internal_count=2165 948 756 1217 734 580 199 542 154 381 192 675 51 491 114 88 377 335 128 340 290 92 275 293 186 41 64 203 113 53
is_linear=0
shrinkage=0.03


Tree=34
num_leaves=31
num_cat=0
split_feature=26 23 11 11 23 23 26 24 15 15 23 23 11 19 16 22 24 25 23 11 19 26 22 20 22 22 15 11 14 9
split_gain=9.4507 2.87411 1.96373 1.65066 1.28074 1.03958 1.11632 0.79105 0.60738 0.58706 0.594853 0.548649 0.425024 0.419214 0.380089 0.348075 0.377111 0.335017 0.317383 0.278675 0.265408 0.228588 0.222414 0.191612 0.272148 0.191462 0.173807 0.173418 0.166477 0.117532
threshold=710.50000000000011 3242.0000000000005 0.95347012308761292 0.84962769288549633 2576.5000000000005 2685.0000000000005 418.50000000000006 18.950000000000003 0.022880520489100154 0.014165535495640001 2134.0000000000005 2348.5000000000005 1.0701663767254008 93.555000305175795 46.491395094458191 243.12750000000003 0.35000000000000003 4.4500000000000011 2488.5000000000005 1.0272478555121747 90.799999237060561 399.50000000000006 256.73600000000005 2.0850000000000004 252.37150000000003 252.37150000000003 0.03211914737877581 1.0470433028233699 0.029520012090962253 0.98973095495155661
decision_type=2 2 2 2 2 2 2 2 2 2 2 2 2 2 2 2 2 2 2 2 2 2 2 2 2 2 2 2 2 2
left_child=1 2 18 -3 9 8 13 -8 20 10 -2 -12 15 -7 23 -6 -17 19 -1 29 -4 -10 -20 -11 -25 -18 -14 -19 -16 -5
right_child=4 3 5 17 12 6 7 -9 21 14 11 -13 26 -15 28 16 25 27 22 -21 -22 -23 -24 24 -26 -27 -28 -29 -30 -31
leaf_value=0.0052541200344203391 -0.00043329304950719984 0.0074535168444530833 0.0088769473077789426 -0.00076320784893348515 -0.0031353155433730931 0.00038997539130049638 -0.0023174658827483656 0.0041124931890041223 0.00056986153777688743 0.00088585200431069006 0.0070246906597167258 0.00050960433590584078 -0.0032416409171089084 0.0055183638947851523 -0.0013440465749731767 -8.78651975253888e-05 -0.0012022279349293966 0.0028956281500445167 0.0067846838253736502 -0.0020703394658065271 0.0048447061921909175 0.003684917884275355 0.011936875297288809 9.3354443333047466e-05 -0.0021784553356164207 -0.0031017807267016292 -0.0061444696494050927 0.00022413515722379088 -0.0030133633204677611 0.0012607113961940225
leaf_weight=31 76 26 30 57 214 22 76 21 28 85 23 25 66 50 197 111 95 32 24 104 52 146 27 115 77 117 36 74 83 45
leaf_count=31 76 26 30 57 214 22 76 21 28 85 23 25 66 50 197 111 95 32 24 104 52 146 27 115 77 117 36 74 83 45
internal_value=1.06038e-05 0.00248763 0.00391453 0.000333191 -0.00157348 0.00306948 0.00120845 -0.000867041 0.0042769 -0.00066081 0.00118783 0.00377229 -0.0025389 0.00401926 -0.00107912 -0.00218282 -0.00153477 -0.000272502 0.00816845 -0.00098386 0.00644524 0.00320691 0.00974711 -0.000276644 -0.000808759 -0.00227429 -0.004345 0.00107819 -0.00185852 0.000104142
internal_weight=2165 845 507 338 1320 425 169 97 256 681 124 48 639 72 557 537 323 312 82 206 82 174 51 277 192 212 102 106 280 102
internal_count=2165 845 507 338 1320 425 169 97 256 681 124 48 639 72 557 537 323 312 82 206 82 174 51 277 192 212 102 106 280 102
is_linear=0
shrinkage=0.03


Tree=35
num_leaves=31
num_cat=0
split_feature=26 23 11 11 23 23 26 20 20 11 26 11 23 20 19 25 19 25 21 11 11 20 25 26 23 11 21 11 17 11
split_gain=8.91881 2.86884 1.81869 1.6631 1.25471 1.24044 1.00887 0.604403 0.582971 0.500829 0.482392 0.518904 0.478707 0.370316 0.364608 0.352714 0.33627 0.329407 0.301741 0.283801 0.25097 0.236063 0.205361 0.193679 0.172347 0.169292 0.190422 0.164126 0.125908 0.113546
threshold=691.00000000000011 3242.0000000000005 0.97707506252588983 0.84962769288549633 2685.0000000000005 2488.5000000000005 418.50000000000006 1.4350000000000003 2.7650000000000001 0.9965846302758965 1041.0000000000002 1.003080481975452 2534.5000000000005 2.5850000000000004 90.799999237060561 3.7500000000000004 93.555000305175795 4.4500000000000011 11.690000057220461 0.93632178565528534 1.0272478555121747 3.02 8.6500000000000004 915.50000000000011 1257.0000000000002 0.87032415224060655 12.125000000000002 1.0701663767254008 -0.0054443411359663988 0.92245580681535821
decision_type=2 2 2 2 2 2 2 2 2 2 2 2 2 2 2 2 2 2 2 2 2 2 2 2 2 2 2 2 2 2
left_child=1 2 12 -3 7 8 16 -4 13 22 21 -12 -1 19 -9 -8 -6 20 -11 -2 -5 -10 25 -24 -21 -7 -27 -19 -20 -14
right_child=5 3 4 17 6 9 15 14 10 18 11 -13 29 -15 -16 -17 -18 27 28 24 -22 -23 23 -25 -26 26 -28 -29 -30 -31
leaf_value=0.0049849854665475766 0.00048400702442291009 0.0082688174264674841 0.0017369213109801631 4.073919829534134e-05 0.0001603090733655595 -0.00068127033576602109 0.0020381878011726906 0.0084628666578792037 0.00025352278738400013 -0.0012805398130323737 0.0059385172346872938 0.00075291283334137486 0.010941913057118655 -0.0029114292001914841 0.0045503445552319806 -0.0023742538526265035 0.0049742161745720721 0.0023027488257363437 -0.0058211845738753197 -0.0039695881115538734 -0.0020982800108265399 -0.002995613737264648 -0.0025099050193060457 7.5905834856492124e-05 -0.0010223864791773756 -0.0011068492462605695 -0.0030061063434154356 -8.441438649556218e-07 -0.0034515480238652956 0.0070015149885788563
leaf_weight=55 118 21 60 95 20 69 20 31 118 59 27 51 31 85 123 66 46 49 30 20 96 23 34 94 195 76 171 57 196 29
leaf_count=55 118 21 60 95 20 69 20 31 118 59 27 51 31 85 123 66 46 49 30 20 96 23 34 94 195 76 171 57 196 29
internal_value=1.10514e-05 0.00252827 0.00398804 0.000305267 0.00292613 -0.0014599 0.000809684 0.00440468 -0.000485628 -0.00230527 0.000757747 0.00263835 0.00728746 -0.00114448 0.0054068 -0.00130199 0.0035844 -0.000273603 -0.00329806 -0.000677103 -0.00102407 -0.000272715 -0.00165529 -0.000601827 -0.00132754 -0.0020693 -0.00244064 0.00104756 -0.00380358 0.00923257
internal_weight=2165 799 481 318 366 1366 152 214 637 729 219 78 115 418 154 86 66 297 285 333 191 141 444 128 215 316 247 106 226 60
internal_count=2165 799 481 318 366 1366 152 214 637 729 219 78 115 418 154 86 66 297 285 333 191 141 444 128 215 316 247 106 226 60
is_linear=0
shrinkage=0.03


Tree=36
num_leaves=31
num_cat=0
split_feature=26 23 23 13 10 14 19 21 15 23 25 20 15 23 23 26 20 23 16 8 16 23 15 19 25 16 9 10 25 24
split_gain=8.41786 2.5467 1.14339 1.04961 0.868726 0.838182 0.629761 0.521883 0.509091 0.503948 0.489207 0.46125 0.399044 0.394077 0.315756 0.308317 0.282305 0.260106 0.278577 0.228712 0.22817 0.184082 0.178901 0.172937 0.13382 0.116031 0.134792 0.100274 0.0948713 0.0920183
threshold=710.50000000000011 3242.0000000000005 2488.5000000000005 1.0522453783744155 0.87159461309888553 0.054235395252037862 99.365001678466811 11.355000019073488 0.012755606937976753 2685.0000000000005 11.550000000000002 1.4450000000000001 0.026579965311310953 2759.0000000000005 3365.5000000000005 418.50000000000006 1.5850000000000002 1257.0000000000002 45.072817091262955 1.059163050560773 43.624533143742696 3314.0000000000005 0.015420686863217651 96.18500137329103 12.450000000000001 48.98028415234446 0.94375246527912726 0.9920536158959995 3.1500000000000008 25.650000000000002
decision_type=2 2 2 2 2 2 2 2 2 2 2 2 2 2 2 2 2 2 2 2 2 2 2 2 2 2 2 2 2 2
left_child=1 3 8 5 -3 6 11 -4 10 19 -2 -1 13 27 16 -11 21 -10 24 -5 29 -6 -20 -7 -19 26 -16 -9 -27 -14
right_child=2 4 7 9 14 23 -8 12 17 15 -12 -13 20 -15 25 -17 -18 18 22 -21 -22 -23 -24 -25 -26 28 -28 -29 -30 -31
leaf_value=0.0027937296706996859 -0.00035530239394442607 0.006086858115497638 -0.00070056160129141059 0.0038946091529114967 0.0005914097361509567 0.011057389660073179 0.00027160347244506211 0.0004698155686991023 -0.0038368434700369832 0.0022120348176909968 0.0049857804045480283 0.0054902858529931728 -0.0030025556236878037 -0.0026593801180651521 -0.0011561780850802147 -0.0019119623636523649 -0.0009577900436427444 -0.00019076875925230007 0 0.00016164476847784084 -0.0045902457729805829 0.0044161294136196381 -0.0016520662810905803 0.0058806148232626067 0.0017372384392745936 -0.0017198403180455385 0.0012277616381530985 -0.0015963156132704831 -0.00016377265310041947 -0.00053294846763707359
leaf_weight=99 32 21 149 69 22 20 37 55 24 25 27 174 74 244 34 42 24 183 76 21 129 29 236 20 38 91 52 32 65 21
leaf_count=99 32 21 149 69 22 20 37 55 24 25 27 174 74 244 34 42 24 183 76 21 129 29 236 20 38 91 52 32 65 21
internal_value=1.12148e-05 0.00234905 -0.00148373 0.00369226 0.000320423 0.00461023 0.00404017 -0.00231014 -0.000532175 0.00161062 0.00208128 0.00453713 -0.00273483 -0.00204192 -7.00868e-05 -0.000319139 0.00160713 -0.000817614 -0.000669115 0.0030679 -0.00373177 0.00286704 -0.00124587 0.00874873 0.000133562 -0.000606704 0.000248335 -0.000265554 -0.00109576 -0.00249913
internal_weight=2165 845 1320 507 338 350 310 704 616 157 59 273 555 331 317 67 75 557 533 90 224 51 312 40 221 242 86 87 156 95
internal_count=2165 845 1320 507 338 350 310 704 616 157 59 273 555 331 317 67 75 557 533 90 224 51 312 40 221 242 86 87 156 95
is_linear=0
shrinkage=0.03


end of trees

feature_importances:
Close_to_MA_50=169
Rig_Count=161
EIA_Storage_Level=155
CPI_Inflation=131
US_10Y_Yield=106
Rolling_Std_20=81
USD_Index=66
Cooling_Degree_Days=64
VIX=39
Heating_Degree_Days=36
Rolling_Std_10=29
RSI_14=23
MACD_Pct=17
Volume_to_MA_10=7
Close_to_MA_20=6
Close_to_EMA_20=6
Daily_Range_Pct=3
Close_to_MA_5=3
Close_to_MA_10=3
Return=2
Log_Return=1
Close_to_EMA_10=1

parameters:
[boosting: gbdt]
[objective: regression]
[metric: l2]
[tree_learner: serial]
[device_type: cpu]
[data_sample_strategy: bagging]
[data: ]
[valid: ]
[num_iterations: 200]
[learning_rate: 0.03]
[num_leaves: 31]
[num_threads: 20]
[seed: 42]
[deterministic: 0]
[force_col_wise: 0]
[force_row_wise: 0]
[histogram_pool_size: -1]
[max_depth: 6]
[min_data_in_leaf: 20]
[min_sum_hessian_in_leaf: 0.001]
[bagging_fraction: 0.8]
[pos_bagging_fraction: 1]
[neg_bagging_fraction: 1]
[bagging_freq: 0]
[bagging_seed: 400]
[bagging_by_query: 0]
[feature_fraction: 0.8]
[feature_fraction_bynode: 1]
[feature_fraction_seed: 30056]
[extra_trees: 0]
[extra_seed: 12879]
[early_stopping_round: 0]
[early_stopping_min_delta: 0]
[first_metric_only: 0]
[max_delta_step: 0]
[lambda_l1: 0.1]
[lambda_l2: 1]
[linear_lambda: 0]
[min_gain_to_split: 0]
[drop_rate: 0.1]
[max_drop: 50]
[skip_drop: 0.5]
[xgboost_dart_mode: 0]
[uniform_drop: 0]
[drop_seed: 17869]
[top_rate: 0.2]
[other_rate: 0.1]
[min_data_per_group: 100]
[max_cat_threshold: 32]
[cat_l2: 10]
[cat_smooth: 10]
[max_cat_to_onehot: 4]
[top_k: 20]
[monotone_constraints: ]
[monotone_constraints_method: basic]
[monotone_penalty: 0]
[feature_contri: ]
[forcedsplits_filename: ]
[refit_decay_rate: 0.9]
[cegb_tradeoff: 1]
[cegb_penalty_split: 0]
[cegb_penalty_feature_lazy: ]
[cegb_penalty_feature_coupled: ]
[path_smooth: 0]
[interaction_constraints: ]
[verbosity: -1]
[saved_feature_importance_type: 0]
[use_quantized_grad: 0]
[num_grad_quant_bins: 4]
[quant_train_renew_leaf: 0]
[stochastic_rounding: 1]
[linear_tree: 0]
[max_bin: 255]
[max_bin_by_feature: ]
[min_data_in_bin: 3]
[bin_construct_sample_cnt: 200000]
[data_random_seed: 175]
[is_enable_sparse: 1]
[enable_bundle: 1]
[use_missing: 1]
[zero_as_missing: 0]
[feature_pre_filter: 1]
[pre_partition: 0]
[two_round: 0]
[header: 0]
[label_column: ]
[weight_column: ]
[group_column: ]
[ignore_column: ]
[categorical_feature: ]
[forcedbins_filename: ]
[precise_float_parser: 0]
[parser_config_file: ]
[objective_seed: 16083]
[num_class: 1]
[is_unbalance: 0]
[scale_pos_weight: 1]
[sigmoid: 1]
[boost_from_average: 1]
[reg_sqrt: 0]
[alpha: 0.9]
[fair_c: 1]
[poisson_max_delta_step: 0.7]
[tweedie_variance_power: 1.5]
[lambdarank_truncation_level: 30]
[lambdarank_norm: 1]
[label_gain: ]
[lambdarank_position_bias_regularization: 0]
[eval_at: ]
[multi_error_top_k: 1]
[auc_mu_weights: ]
[num_machines: 1]
[local_listen_port: 12400]
[time_out: 120]
[machine_list_filename: ]
[machines: ]
[gpu_platform_id: -1]
[gpu_device_id: -1]
[gpu_device_id_list: ]
[gpu_use_dp: 0]
[num_gpu: 1]

end of parameters

pandas_categorical:[]
