tree
version=v4
num_class=1
num_tree_per_iteration=1
label_index=0
max_feature_idx=25
objective=regression
feature_names=Return Log_Return Ret_Lag_1 Ret_Lag_2 Ret_Lag_3 Ret_Lag_5 Ret_Lag_10 Daily_Range_Pct Close_to_MA_5 Close_to_MA_10 Close_to_MA_20 Close_to_MA_50 Close_to_EMA_10 Close_to_EMA_20 Rolling_Std_10 Rolling_Std_20 RSI_14 MACD_Pct Volume_to_MA_10 USD_Index VIX US_10Y_Yield CPI_Inflation Fed_Funds_Rate Real_Yield_10Y Gold_Silver_Ratio
feature_infos=[-0.1164914206586988:0.092862495689852706] [-0.12385427663987771:0.088800396787994604] [-0.1164914206586988:0.092862495689852706] [-0.1164914206586988:0.092862495689852706] [-0.1164914206586988:0.092862495689852706] [-0.1164914206586988:0.092862495689852706] [-0.1164914206586988:0.092862495689852706] [0:0.23762917108365739] [0.83125065699797374:1.1180168178183378] [0.76907950674990599:1.1507208680796319] [0.7126546826058221:1.251363766453035] [0.67972949752942891:1.441327379231726] [0.80557406499134387:1.1328420361132037] [0.74471501092138792:1.2179636354713963] [0.0031038011787134002:0.068021976636499698] [0.0052390161856204001:0.051417727976331103] [13.650620263885443:86.83115619591274] [-0.050545190129198198:0.022319726889085699] [0:9.9996164222411164] [79.77999878:108.5400009] [9.1400003430000005:82.690002440000001] [0.52000000000000002:3.4900000000000002] [234.74700000000001:295.09699999999998] [0.050000000000000003:2.4199999999999999] [-1.1899999999999999:1.1699999999999999] [62.225318270000002:125.88837599999999]
tree_sizes=1910 1902 1811 1914 1905 1808 1642 2165 2695 2540 2458 2540 2271 2190 2159 2446 2707 2443 2544 2164 2271 2275 2364 2184 2185 2751 2371 2706 2630 2463 2251 2105 1486 2638 2163 2530 2375 2196 2198 2267 2889 2294 2769 2366 2744 2784 2741 2815 2767 2860 2905 2453 2893 2897 2860 2739 2491 2924 2861 2910 2922 2484 2881 2544 2921 1858 2044 2879

Tree=0
num_leaves=21
num_cat=0
split_feature=25 25 25 22 20 25 22 25 22 11 22 22 21 22 25 11 25 21 21 22
split_gain=28.4163 5.60009 3.76132 2.76548 2.72237 1.30994 4.74966 0.80695 0.545828 0.359599 0.357126 0.340521 0.175667 0.160348 0.104896 0.0842873 0.0529403 0.0889354 0.0222792 0.0137506
threshold=93.25559880500002 87.27040322500001 70.426349710000025 281.69400000000007 46.055000305000007 75.362453175000013 240.16150000000002 83.832341225000008 259.18850000000003 1.0071605543269324 236.23700000000005 240.86050000000003 2.6750000000000003 265.78750000000008 78.569911005000009 1.0114361652437005 88.728402865000007 1.7850000000000004 1.6650000000000003 255.26450000000003
decision_type=2 2 2 2 2 2 2 2 2 2 2 2 2 2 2 2 2 2 2 2
left_child=1 2 11 5 9 10 -7 14 16 -2 -4 15 -10 18 -5 -1 17 -3 -13 -18
right_child=4 8 3 7 -6 6 -8 -9 12 -11 -12 13 -14 -15 -16 -17 19 -19 -20 -21
leaf_value=0.015062076746454432 0.034896683734666985 0.019902111840182462 0.015913692217606478 0.0117280232432448 0.044495599182953649 0.024388897988696354 0.0186306086192474 0.018337744772980599 0.029326758841199882 0.029481601489170818 0.018121950141746033 0.016022976221327839 0.024650105709889451 0.014749740282548343 0.014428198287658268 0.013044258583460106 0.022075037774111888 0.022990284869594577 0.017138327798504008 0.024213474585848542
leaf_weight=57 30 20 78 50 21 156 717 35 20 48 481 56 27 77 42 76 20 20 77 29
leaf_count=57 30 20 78 50 21 156 717 35 20 48 481 56 27 77 42 76 20 20 77 29
internal_value=0.0191169 0.0183511 0.0179284 0.0185576 0.0347307 0.0189375 0.019661 0.0143318 0.0242058 0.0317757 0.0178033 0.0150876 0.0268739 0.0159068 0.0128648 0.0138499 0.022693 0.0215762 0.0166267 0.0234773
internal_weight=2137 2038 1902 1559 99 1432 873 127 136 78 559 343 47 210 92 133 89 40 133 49
internal_count=2137 2038 1902 1559 99 1432 873 127 136 78 559 343 47 210 92 133 89 40 133 49
is_linear=0
shrinkage=1


Tree=1
num_leaves=20
num_cat=0
split_feature=25 25 25 22 20 23 23 25 24 25 11 11 25 25 23 15 20 19 15
split_gain=26.7957 5.28734 3.54402 2.66385 2.56891 1.14896 1.40057 0.759559 0.715176 0.378453 0.337537 0.2354 0.12071 0.0975517 0.0606456 0.0570039 0.0261416 0.0184853 0.0182328
threshold=93.25559880500002 87.27040322500001 70.879076730000008 281.69400000000007 46.055000305000007 2.4050000000000007 0.84500000000000008 83.832341225000008 -0.034999999999999996 68.275479425000015 1.0071605543269324 1.0216738369523801 64.352101320000017 78.569911005000009 0.40500000000000008 0.010925590708977801 18.724999425000004 97.795001985000013 0.018531570821816352
decision_type=2 2 2 2 2 2 2 2 2 2 2 2 2 2 2 2 2 2 2
left_child=1 2 9 5 10 6 -4 13 -3 12 -2 17 -1 -5 16 -16 -11 -10 -14
right_child=4 8 3 7 -6 -7 -8 -9 11 14 -12 -13 18 -15 15 -17 -18 -19 -20
leaf_value=-0.0064694535120113474 0.015321708123530111 0.0094461259427997806 0.00058130979494142889 -0.0071715106210287882 0.024651992976665496 0.0046461964561180635 -0.0013594534807960918 -0.00075638367375358939 0.0035900209993124008 -0.0034900658585596831 0.010060152663260089 0.0015987104118449259 -0.0043923666932796299 -0.0045512657345727434 -0.0024065406114301266 -0.00040580248260812369 -0.0017493143723430957 0.0054863199238167253 -0.0027333221751451491
leaf_weight=36 30 26 752 50 21 43 600 35 32 79 48 36 147 42 50 23 21 42 24
leaf_count=36 30 26 752 50 21 43 600 35 32 79 48 36 147 42 50 23 21 42 24
internal_value=0 -0.000742967 -0.0011537 -0.000503318 0.0151626 -0.000120969 -0.000278127 -0.00464595 0.00494584 -0.00374261 0.0122901 0.00377959 -0.00463352 -0.00606937 -0.00263887 -0.00183071 -0.00317515 0.0047651 -0.00419421
internal_weight=2137 2038 1902 1522 99 1395 1352 127 136 380 78 110 207 92 173 73 100 74 171
internal_count=2137 2038 1902 1522 99 1395 1352 127 136 380 78 110 207 92 173 73 100 74 171
is_linear=0
shrinkage=0.03


Tree=2
num_leaves=19
num_cat=0
split_feature=25 25 25 22 14 25 22 25 24 11 22 22 11 22 25 11 24 19
split_gain=25.2681 4.98717 3.34183 2.45812 2.43143 1.25497 4.41429 0.714933 0.67344 0.345042 0.339863 0.305096 0.221298 0.143589 0.0906724 0.0775446 0.0490845 0.0164506
threshold=93.25559880500002 87.27040322500001 70.426349710000025 281.69400000000007 0.033955425672677654 75.362453175000013 240.16150000000002 83.832341225000008 -0.034999999999999996 1.0071605543269324 236.23700000000005 240.86050000000003 1.0216738369523801 265.78750000000008 78.569911005000009 1.0114361652437005 0.43500000000000005 97.795001985000013
decision_type=2 2 2 2 2 2 2 2 2 2 2 2 2 2 2 2 2 2
left_child=1 2 11 5 9 10 -7 14 -3 -2 -4 15 17 16 -5 -1 -13 -10
right_child=4 8 3 7 -6 6 -8 -9 12 -11 -12 13 -14 -15 -16 -17 -18 -19
leaf_value=-0.003808108074397876 0.014966825497336685 0.0091732378072208829 -0.0031224082232087472 -0.0069605837990255924 0.024240860036441256 0.0050975633815670924 -0.0004535793348244381 -0.00073432249703910208 0.0034855840690433981 0.0097645070504169072 -0.0009676221347537377 -0.0026001069439921232 0.0015520453482765603 -0.0041177119463682178 -0.0044179031471180356 -0.0057430149127136575 -0.00074387361703768628 0.0053255581190419753
leaf_weight=57 31 26 78 50 20 156 717 35 32 48 481 112 36 77 42 76 21 42
leaf_count=57 31 26 78 50 20 156 717 35 32 48 481 112 36 77 42 76 21 42
internal_value=0 -0.000721004 -0.00111994 -0.000526802 0.0147246 -0.000168469 0.000539642 -0.0045109 0.00480384 0.012005 -0.00127869 -0.00379779 0.00367071 -0.00302066 -0.00589204 -0.00497076 -0.00233714 0.00462698
internal_weight=2137 2038 1902 1559 99 1432 873 127 136 79 559 343 110 210 92 133 133 74
internal_count=2137 2038 1902 1559 99 1432 873 127 136 79 559 343 110 210 92 133 133 74
is_linear=0
shrinkage=0.03


Tree=3
num_leaves=20
num_cat=0
split_feature=25 25 25 22 14 23 23 25 24 25 11 11 25 25 23 24 15 21 23
split_gain=23.8282 4.7042 3.1543 2.36855 2.29492 1.08669 1.29338 0.67291 0.6341 0.337879 0.323772 0.208025 0.109623 0.0852182 0.0524747 0.0371046 0.0142655 0.0140332 0.00256777
threshold=93.25559880500002 87.27040322500001 70.879076730000008 281.69400000000007 0.033955425672677654 2.4050000000000007 0.9750000000000002 83.832341225000008 -0.034999999999999996 68.275479425000015 1.0071605543269324 1.0216738369523801 64.352101320000017 77.914767990000016 0.39500000000000007 0.44500000000000006 0.018531570821816352 2.3650000000000007 0.095000000000000015
decision_type=2 2 2 2 2 2 2 2 2 2 2 2 2 2 2 2 2 2 2
left_child=1 2 9 5 10 6 -4 13 -3 12 -2 17 -1 -5 18 -16 -14 -10 -11
right_child=4 8 3 7 -6 -7 -8 -9 11 14 -12 -13 16 -15 15 -17 -18 -19 -20
leaf_value=-0.0061253327284310323 0.014531852681189776 0.0089082331061363217 0.00052349820632149218 -0.0070291098327171508 0.023548264282090319 0.0045232764353806323 -0.0013528334686687868 -0.00071290476834474253 0.0034403983942099983 -0.0025265951989726586 0.0094775497694404749 0.0015067424029678205 -0.0041374582338856367 -0.0045426167064117938 -0.0022127258354851689 -0.00050654684439567586 -0.0025797195169329642 0.0052086088690089022 -0.0037925543830017836
leaf_weight=36 31 26 782 40 20 43 570 35 34 43 48 36 147 52 77 20 24 40 33
leaf_count=36 31 26 782 40 20 43 570 35 34 43 48 36 147 52 77 20 24 40 33
internal_value=8.82967e-08 -0.000699727 -0.00108722 -0.000473514 0.0142993 -0.000112854 -0.000265757 -0.00437982 0.00466598 -0.00352971 0.0116552 0.00356501 -0.00437247 -0.00571992 -0.00248475 -0.00190031 -0.00395254 0.00449289 -0.00315736
internal_weight=2137 2038 1902 1522 99 1395 1352 127 136 380 79 110 207 92 173 97 171 74 76
internal_count=2137 2038 1902 1522 99 1395 1352 127 136 380 79 110 207 92 173 97 171 74 76
is_linear=0
shrinkage=0.03


Tree=4
num_leaves=20
num_cat=0
split_feature=25 25 25 22 20 23 25 23 25 24 23 25 21 25 15 20 25 21 20
split_gain=22.4706 4.43743 2.99771 2.31858 2.21816 1.02013 3.23601 1.47642 0.633384 0.597013 0.538807 0.284073 0.192823 0.176263 0.141572 0.0958381 0.0799412 0.0134641 0.00943529
threshold=93.25559880500002 87.27040322500001 71.383048880000004 281.69400000000007 46.055000305000007 0.40500000000000008 75.546676600000026 1.8700000000000003 83.832341225000008 -0.034999999999999996 0.40500000000000008 108.18628075000002 2.0650000000000004 64.352101320000017 0.011180175005762802 18.724999425000004 78.569911005000009 2.4650000000000003 16.175000195000006
decision_type=2 2 2 2 2 2 2 2 2 2 2 2 2 2 2 2 2 2 2
left_child=1 2 10 5 11 6 -4 -7 16 -3 13 -2 18 -1 -12 -15 -5 -16 -11
right_child=4 9 3 8 -6 7 -8 -9 -10 12 14 -13 -14 15 17 -17 -18 -19 -20
leaf_value=-0.0059465392852151716 0.0093067510936122658 0.0086508840918540948 -0.00099362109664513122 -0.0065637488715788901 0.022702249646186827 -0.0019817661690407582 0.003211987253680877 0.00091981617129317783 -0.00069211172418242011 0.0022916927042847066 -0.0022020612291991709 0.014258605905941555 0.0045367595695636484 -0.0038650901704529914 -0.00043193865615874527 -0.0024485257190686688 -0.0041553388840930407 0.00059575598883176495 0.00091997212286306816
leaf_weight=36 51 26 384 50 21 407 286 255 35 25 59 27 65 224 24 80 42 20 20
leaf_count=36 51 26 384 50 21 407 286 255 35 25 59 27 65 224 24 80 42 20 20
internal_value=4.66617e-07 -0.00067908 -0.00105546 -0.000395985 0.0138864 -2.30994e-05 0.000799249 -0.000859861 -0.00425271 0.00453214 -0.00321489 0.0112176 0.00346243 -0.00379472 -0.00125395 -0.0035114 -0.00555302 0 0.00178051
internal_weight=2137 2038 1902 1459 99 1332 670 662 127 136 443 78 110 340 103 304 92 44 45
internal_count=2137 2038 1902 1459 99 1332 670 662 127 136 443 78 110 340 103 304 92 44 45
is_linear=0
shrinkage=0.03


Tree=5
num_leaves=19
num_cat=0
split_feature=25 25 25 22 11 23 23 25 24 23 11 11 25 11 21 25 19 11
split_gain=21.1902 4.18491 2.8229 2.18592 1.83696 0.973703 1.40707 0.59612 0.563157 0.506766 0.341697 0.19373 0.165767 0.138726 0.0926918 0.0754554 0.0193451 0.0128557
threshold=93.25559880500002 87.27040322500001 71.383048880000004 281.69400000000007 0.99372722323153251 2.4050000000000007 0.40500000000000008 83.832341225000008 -0.044999999999999991 0.40500000000000008 0.92884350418222017 1.0216738369523801 64.352101320000017 1.00548907512014 1.1950000000000001 77.914767990000016 97.795001985000013 0.9760786754385663
decision_type=2 2 2 2 2 2 2 2 2 2 2 2 2 2 2 2 2 2
left_child=1 2 9 5 10 6 -4 15 -3 12 -2 16 -1 17 -14 -5 -10 -11
right_child=4 8 3 7 -6 -7 -8 -9 11 13 -12 -13 14 -15 -16 -17 -18 -19
leaf_value=-0.0057729647743540845 0.021800678065844944 0.0086010497684776786 0.000775236814841229 -0.0066312697631556814 0.0090126926635994628 0.0043636947880414398 -0.0012063378174625421 -0.00067192513852690661 0.0031588054766709152 0.00060388402294899747 0.014169624739885331 0.0014115401142327164 -0.0014515344114375431 -0.0021558728102128951 -0.0035808742572586956 -0.0042729688380967893 0.0049454333394765848 -0.00039557073667645457
leaf_weight=36 20 24 670 40 50 43 619 35 32 20 29 36 27 59 277 52 44 24
leaf_count=36 20 24 670 40 50 43 619 35 32 20 29 36 27 59 277 52 44 24
internal_value=9.45348e-07 -0.000658916 -0.00102447 -0.00038444 0.0134855 -2.23128e-05 -0.000174221 -0.00412921 0.00440174 -0.00312001 0.0177181 0.00340719 -0.00368248 -0.00121692 -0.00340697 -0.00539085 0.00428292 0
internal_weight=2137 2038 1902 1459 99 1332 1289 127 136 443 49 112 340 103 304 92 76 44
internal_count=2137 2038 1902 1459 99 1332 1289 127 136 443 49 112 340 103 304 92 76 44
is_linear=0
shrinkage=0.03


Tree=6
num_leaves=17
num_cat=0
split_feature=20 23 19 21 19 23 23 21 14 11 21 21 11 19 20 15
split_gain=13.2055 4.74339 2.35208 1.61061 1.98852 1.87653 1.77907 1.11298 0.894875 0.629251 0.33654 0.19931 0.173313 0.0973259 0.0383863 0.0288329
threshold=38.085000995000009 0.055000000000000007 92.935001375000013 1.3350000000000002 94.665000915000022 0.22000000000000003 0.38500000000000006 1.155 0.033955425672677654 0.94810694770483706 2.4650000000000003 1.8750000000000002 1.0105038782347433 80.950000765000013 24.345000265000007 0.028798486253082307
decision_type=2 2 2 2 2 2 2 2 2 2 2 2 2 2 2 2
left_child=1 -1 7 4 14 9 -7 12 -2 -5 11 -9 -3 -12 -4 -14
right_child=8 2 3 5 -6 6 -8 10 -10 -11 13 -13 15 -15 -16 -17
leaf_value=0.011934539743832179 0.011087637222505041 0.0028192675670223499 -0.00063005627792976475 0.0005063983676689011 0.0085264767428690734 0.0032291528848983377 -8.173092546899669e-05 -0.0029449432468881195 0.021695799265589032 -0.0026318339728875297 -0.0054841723322868342 -0.0012777144810297751 0.00051458156559965572 -0.0034189654078621129 0.00081946902095205571 -0.00087184420834376432
leaf_weight=27 20 28 22 69 43 173 900 151 20 297 39 132 31 116 47 22
leaf_count=27 20 28 22 69 43 173 900 151 20 297 39 132 31 116 47 22
internal_value=1.51617e-06 -0.000326602 -0.000493664 8.98213e-05 0.0035399 -0.000178893 0.0004518 -0.00223996 0.0168647 -0.00203226 -0.00283816 -0.0021851 0.000953329 -0.00398965 0.000312046 -1.08483e-05
internal_weight=2137 2097 2070 1551 112 1439 1073 519 40 366 438 283 81 155 69 53
internal_count=2137 2097 2070 1551 112 1439 1073 519 40 366 438 283 81 155 69 53
is_linear=0
shrinkage=0.03


Tree=7
num_leaves=23
num_cat=0
split_feature=25 15 25 24 23 21 24 23 19 25 25 16 23 24 16 11 11 19 21 11 24 11
split_gain=18.9893 4.15616 2.81495 1.14767 1.14347 0.845358 2.03134 0.966618 0.633185 0.536026 0.513497 0.46506 0.449316 0.29137 0.145947 0.130664 0.0884957 0.0883678 0.084368 0.0632555 0.0382655 0.0121436
threshold=88.547471335000026 0.023719337684674803 71.383048880000004 -0.044999999999999991 2.3000000000000003 2.3750000000000004 0.6150000000000001 1.8700000000000003 97.915000915000022 77.174646440000018 84.506283145000012 47.875180495912566 0.40500000000000008 0.10500000000000002 67.436129235096161 1.00548907512014 0.9466698182806087 97.834999085000007 1.1950000000000001 0.99980458401301409 0.87500000000000011 0.9760786754385663
decision_type=2 2 2 2 2 2 2 2 2 2 2 2 2 2 2 2 2 2 2 2 2 2
left_child=2 3 12 -2 5 6 9 13 -8 -4 20 -3 14 -7 18 21 -9 -5 -1 -20 -6 -14
right_child=1 11 4 17 10 7 8 16 -10 -11 -12 -13 15 -15 -16 -17 -18 -19 19 -21 -22 -23
leaf_value=-0.0012286746635287997 0.0093050482401976706 0.021310322154651989 -0.0010053692942038025 0.0025574344123131592 0.00082121727196120091 -0.0057934197717242775 0.00081749217778401956 0.0020118434759974478 0.0062547347449830601 0.00049843693455062634 0.0040770558437705044 0.012569963242326464 0.00058896536419966391 -0.0023570550315775607 -0.0052669595738252008 -0.0020898635101504622 2.6394091805236052e-07 0.0050538545710699899 -0.0028382711410584139 -0.0039803349766425961 -0.00092755273272368045 -0.00038182444912497886
leaf_weight=24 73 21 578 39 22 26 32 24 55 334 74 20 20 234 44 59 107 34 150 122 21 24
leaf_count=24 73 21 578 39 22 26 32 24 55 334 74 20 20 234 44 59 107 34 150 122 21 24
internal_value=2.08518e-06 0.00910932 -0.000873959 0.00662419 -0.000253073 -0.000495252 -2.88901e-05 -0.00167603 0.00432094 -0.000451405 0.00257848 0.017519 -0.00297401 -0.00273307 -0.00350408 -0.00117855 0.000403974 0.00381327 -0.00321507 -0.00337421 0 0
internal_weight=2137 187 1950 146 1507 1390 999 391 87 912 117 41 443 260 340 103 131 73 296 272 43 44
internal_count=2137 187 1950 146 1507 1390 999 391 87 912 117 41 443 260 340 103 131 73 296 272 43 44
is_linear=0
shrinkage=0.03


Tree=8
num_leaves=29
num_cat=0
split_feature=25 25 25 22 19 24 21 22 24 16 22 21 22 23 21 24 20 25 11 10 11 22 25 25 25 11 21 23
split_gain=17.9048 3.85489 2.65277 1.85565 0.995022 1.43749 1.87766 1.06419 0.898461 0.726368 0.70021 0.685794 0.514983 0.422731 0.335764 0.211063 0.140336 0.12521 0.123081 0.107916 0.105529 0.0372872 0.0242561 0.0163464 0.0139476 0.0114578 0.0070477 0.00690366
threshold=88.547471335000026 99.098090440000007 71.383048880000004 277.73450000000008 95.514999390000014 0.24500000000000002 2.0350000000000006 251.43850000000003 -0.044999999999999991 48.737494825663745 293.10550000000006 2.4950000000000006 258.49100000000004 0.40500000000000008 1.7150000000000001 -0.96499999999999986 17.135000230000003 79.094890610000007 1.00548907512014 0.99034015447704082 0.99980458401301409 265.78750000000008 69.517795905000014 67.420739085000008 66.99589222500002 0.9760786754385663 2.0550000000000002 0.59500000000000008
decision_type=2 2 2 2 2 2 2 2 2 2 2 2 2 2 2 2 2 2 2 2 2 2 2 2 2 2 2 2
left_child=2 8 13 4 7 12 -7 11 27 -3 14 -4 -6 16 -5 -9 20 -16 25 -10 22 23 -1 -18 -22 -15 -21 -2
right_child=1 9 3 10 5 6 -8 15 19 -11 -12 -13 -14 18 17 -17 21 -19 -20 26 24 -23 -24 -25 -26 -27 -28 -29
leaf_value=-0.0033037008232459789 0.0075700380409305743 0.020515643337498543 -0.00065781174704385571 -0.0017099331672862171 -0.0023210150762048042 0.0071369209903885018 0.0011872426398583707 -8.5200040086828219e-06 0.0052414244577288624 0.011697599881681902 0.001148666065274577 -0.0031307558272918056 0.0012877608808886012 0.00057213777124083467 -0.0059180687842732768 0.0017873043827054537 -0.0025306503669388831 -0.003389387405841895 -0.0020282125205732882 0.0015688267544444116 -0.0052542883087145654 -0.0032179292196035389 -0.0015978234796452202 -0.0012546829267937158 -0.0038393348555546252 -0.00037082790054380896 0.003113882653713226 0.010584203635088423
leaf_weight=81 43 22 334 49 123 54 387 97 29 28 28 147 48 20 58 137 30 45 59 20 56 49 20 41 63 24 24 21
leaf_count=81 43 22 334 49 123 54 387 97 29 28 28 147 48 20 58 137 30 45 59 20 56 49 20 41 63 24 24 21
internal_value=2.66804e-06 0.00884606 -0.000847952 -0.000245155 0.000141242 0.00103014 0.00193706 -0.00061579 0.00613021 0.0159626 -0.00309538 -0.00142473 -0.00128899 -0.00288662 -0.00389918 0.00103325 -0.00340092 -0.00488536 -0.00114374 0.00370318 -0.00388538 -0.00246317 -0.00301429 -0.00186315 -0.00456843 0 0.00252872 0.00875283
internal_weight=2137 187 1950 1507 1327 612 441 715 137 50 180 481 171 443 152 234 340 103 103 73 220 120 101 71 119 44 44 64
internal_count=2137 187 1950 1507 1327 612 441 715 137 50 180 481 171 443 152 234 340 103 103 73 220 120 101 71 119 44 44 64
is_linear=0
shrinkage=0.03


Tree=9
num_leaves=27
num_cat=0
split_feature=25 15 25 22 24 19 24 21 22 22 21 22 16 19 21 24 20 15 25 22 16 22 21 10 21 24
split_gain=16.8944 3.70795 2.50131 1.74846 1.01301 0.937081 1.3531 1.76865 1.00164 0.660629 0.645299 0.485167 0.407938 0.362589 0.315706 0.198877 0.149967 0.131162 0.116929 0.100337 0.0782165 0.0467416 0.0175373 0.0119015 0.00786612 0.00461693
threshold=88.547471335000026 0.023719337684674803 71.383048880000004 277.73450000000008 -0.044999999999999991 95.514999390000014 0.24500000000000002 2.0350000000000006 251.43850000000003 293.10550000000006 2.4950000000000006 258.49100000000004 47.875180495912566 99.165000915000022 1.7150000000000001 -0.96499999999999986 17.135000230000003 0.011180175005762802 79.094890610000007 259.18850000000003 67.436129235096161 263.1330000000001 2.0550000000000002 0.97013824093834233 2.4650000000000003 -0.69499999999999984
decision_type=2 2 2 2 2 2 2 2 2 2 2 2 2 2 2 2 2 2 2 2 2 2 2 2 2 2
left_child=2 4 13 5 -2 8 11 -8 10 14 -4 -7 -3 16 -5 -10 20 -15 -16 22 23 -18 -6 -1 -19 -23
right_child=1 12 3 9 19 6 7 -9 15 -11 -12 -13 -14 17 18 -17 21 24 -20 -21 -22 25 -24 -25 -26 -27
leaf_value=-0.0023812398105269362 0.0087649157040223871 0.020112578549168324 -0.00063813630038863235 -0.0016596610894985496 0.0015440366788888754 -0.0022519461233807244 0.0069267064833844249 0.0011517171668919096 -8.2670280210048947e-06 0.0011153943366170377 -0.0030374678141922009 0.0012499165036620533 0.011864007021699634 -0.0020811940323350563 -0.0057435360040705083 0.0017340737896409573 -0.0011556625182075158 -0.00019858915721440848 -0.0032899162286244656 0.0053309113132953643 -0.0052490928251492349 -0.0029710644214697508 0.0032680787747459751 -0.003603982845723044 0.00055977344717497799 -0.0017496346197277306
leaf_weight=34 73 21 334 49 22 123 54 387 97 28 147 48 20 52 58 137 34 22 45 24 37 68 27 152 20 24
leaf_count=34 73 21 334 49 22 123 54 387 97 28 147 48 20 52 58 137 34 22 45 24 37 68 27 152 20 24
internal_value=2.88097e-06 0.00859317 -0.000823351 -0.000237951 0.00624419 0.000137056 0.000999739 0.00187972 -0.000597526 -0.00300465 -0.00138241 -0.00124997 0.0165386 -0.00280299 -0.00378554 0.00100209 -0.0032526 -0.00108543 -0.00474235 0.00359854 -0.00375097 -0.00232435 0.00260038 -0.00341044 9.73882e-05 -0.00270693
internal_weight=2137 187 1950 1507 146 1327 612 441 715 180 481 171 41 443 152 234 349 94 103 73 223 126 49 186 42 92
internal_count=2137 187 1950 1507 146 1327 612 441 715 180 481 171 41 443 152 234 349 94 103 73 223 126 49 186 42 92
is_linear=0
shrinkage=0.03


Tree=10
num_leaves=26
num_cat=0
split_feature=25 15 25 22 24 25 22 22 25 22 16 25 21 22 14 25 24 22 25 22 15 15 11 21 15
split_gain=15.9351 3.50088 2.35776 1.64747 0.950593 0.917313 3.1785 1.07872 0.655446 0.62331 0.381679 0.332571 0.29683 0.223109 0.228794 0.110958 0.10574 0.0938006 0.075396 0.0535386 0.0466752 0.0264614 0.0172511 0.0160313 0.00986249
threshold=88.547471335000026 0.023719337684674803 71.383048880000004 277.73450000000008 -0.044999999999999991 75.362453175000013 239.27450000000002 251.43850000000003 77.095301285000019 293.10550000000006 47.875180495912566 68.400346460000023 1.7150000000000001 236.23700000000005 0.012536833829746902 83.448847700000002 0.44500000000000006 259.18850000000003 63.242035950000009 237.38300000000004 0.011859436765058603 0.019701139309469404 1.0866719156414588 2.0550000000000002 0.018531570821816352
decision_type=2 2 2 2 2 2 2 2 2 2 2 2 2 2 2 2 2 2 2 2 2 2 2 2 2
left_child=2 4 11 5 -2 13 8 -8 -7 12 -3 18 -5 24 -15 -14 19 23 -1 -13 -18 -21 -20 -6 -4
right_child=1 10 3 9 17 6 7 -9 -10 -11 -12 16 15 14 -16 -17 20 -19 22 21 -22 -23 -24 -25 -26
leaf_value=-0.0053332428197775568 0.0085055216775351272 0.019536627279086546 -0.0017028218009841759 -0.001610867081126198 0.0014997295445317159 0.0022150524165015671 -0.0016188282822425077 0.00076077373620507354 0.0063490933504945129 0.0010830863442528862 0.011525035449436732 -0.0035067449644688633 -0.0051250086224504873 -0.0015373482077506511 -3.2924801882274379e-05 -0.0021556624877931817 -0.0014618853993065978 0.0051773811507225039 -0.003052996213313626 -0.0020781116601852278 0.00036619593393243121 -0.00064515592797066679 -0.0044385150490062579 0.003173537915838616 -0.0030666150375735016
leaf_weight=27 73 21 27 49 22 64 272 459 87 28 20 30 83 160 219 20 22 24 162 131 23 21 27 27 39
leaf_count=27 73 21 27 49 22 64 272 459 87 28 20 30 83 160 219 20 22 24 162 131 23 21 27 27 39
internal_value=3.01347e-06 0.00834589 -0.000799377 -0.000230961 0.00606256 0.000132993 0.000695033 -0.000121563 0.00464275 -0.00291659 0.0160674 -0.00272139 -0.00367525 -0.000973319 -0.000678307 -0.00460355 -0.0018774 0.00349713 -0.00358179 -0.00220335 -0.000474667 -0.00190526 -0.00328904 0.00252706 -0.00258722
internal_weight=2137 187 1950 1507 146 1327 882 731 151 180 41 443 152 445 379 103 227 73 216 182 45 152 189 49 66
internal_count=2137 187 1950 1507 146 1327 882 731 151 180 41 443 152 445 379 103 227 73 216 182 45 152 189 49 66
is_linear=0
shrinkage=0.03


Tree=11
num_leaves=27
num_cat=0
split_feature=25 15 25 22 24 25 22 23 22 22 23 16 21 22 14 25 25 11 22 20 21 11 25 21 15 9
split_gain=15.0412 3.55425 2.1416 1.57932 1.06649 0.811894 3.07537 1.07478 0.929646 0.500752 0.359625 0.356998 0.279225 0.210458 0.215224 0.121321 0.107274 0.105193 0.101341 0.0737958 0.0364446 0.0311326 0.0107389 0.0103411 0.00877482 0.00128121
threshold=88.258941780000015 0.023719337684674803 71.383048880000004 277.73450000000008 -0.044999999999999991 75.362453175000013 239.27450000000002 0.22000000000000003 251.43850000000003 293.10550000000006 0.40500000000000008 47.875180495912566 1.7350000000000001 236.23700000000005 0.012536833829746902 64.352101320000017 83.448847700000002 1.00548907512014 259.18850000000003 18.724999425000004 2.0550000000000002 0.99980458401301409 68.400346460000023 2.4650000000000003 0.018531570821816352 1.0018294514764958
decision_type=2 2 2 2 2 2 2 2 2 2 2 2 2 2 2 2 2 2 2 2 2 2 2 2 2 2
left_child=2 4 10 5 -2 13 7 -7 -8 12 15 -3 25 24 -15 -1 -14 23 20 21 -6 -17 -21 -12 -4 -5
right_child=1 11 3 9 18 6 8 -9 -10 -11 17 -13 16 14 -16 19 -18 -19 -20 22 -22 -23 -24 -25 -26 -27
leaf_value=-0.0049192605662990259 0.0083328007279336452 0.01897716968438842 -0.0016535616174805908 -0.0010258486615941644 0.001411986478231847 0.0011615112083813513 -0.0015704413296873578 0.0064684941247889864 0.00065086321864379437 0.00081906362330644495 -0.00032536092531925532 0.011195748780454909 -0.0050207791696416171 -0.0014915142182652297 -3.1941559308721812e-05 -0.0026958907438197829 -0.0020940720886657282 -0.0018501231729052959 0.0049731784196836611 -0.0023601406437760973 0.0032512791061943226 -0.0037046999993662422 -0.0012476993976959158 0.00056364015406662872 -0.0029769165562000123 -0.0020199580729628602
leaf_weight=36 74 21 27 25 29 57 272 94 445 26 24 20 81 160 219 121 20 59 27 46 32 103 34 20 39 26
leaf_count=36 74 21 27 25 29 57 272 94 445 26 24 20 81 160 219 121 20 59 27 46 32 103 34 20 39 26
internal_value=3.03288e-06 0.0077523 -0.000812395 -0.000265338 0.00566172 9.27639e-05 0.000628802 0.00450575 -0.000188643 -0.00290936 -0.00264212 0.0156097 -0.00356791 -0.000945151 -0.000658318 -0.0031167 -0.00449686 -0.00103178 0.00331349 -0.00287798 0.00246213 -0.0031875 -0.00194563 1.56093e-05 -0.00251308 -0.00161944
internal_weight=2137 203 1934 1491 162 1313 868 151 717 178 443 41 152 445 379 340 101 103 88 304 61 224 80 44 66 51
internal_count=2137 203 1934 1491 162 1313 868 151 717 178 443 41 152 445 379 340 101 103 88 304 61 224 80 44 66 51
is_linear=0
shrinkage=0.03


Tree=12
num_leaves=24
num_cat=0
split_feature=25 14 25 22 24 23 23 25 23 22 11 23 21 16 19 25 11 22 20 21 25 11 11
split_gain=14.1868 3.33775 2.01787 1.48846 0.986095 0.776527 1.10439 2.87141 0.549681 0.472737 0.459346 0.338517 0.262163 0.116593 0.109818 0.104904 0.0990869 0.0948195 0.0746003 0.0343832 0.0255586 0.022888 0.00983403
threshold=88.258941780000015 0.026245020697018104 71.383048880000004 277.73450000000008 -0.044999999999999991 2.4050000000000007 0.40500000000000008 75.546676600000026 1.8700000000000003 293.10550000000006 0.93677226848817485 0.40500000000000008 1.7150000000000001 65.797397848066936 98.39500046000002 78.569911005000009 1.00548907512014 259.18850000000003 18.724999425000004 2.0250000000000004 68.400346460000023 0.99980458401301409 0.9760786754385663
decision_type=2 2 2 2 2 2 2 2 2 2 2 2 2 2 2 2 2 2 2 2 2 2 2
left_child=2 4 11 5 14 6 7 -4 -8 12 -3 13 -5 18 -2 -14 22 19 21 -6 -20 -1 -13
right_child=1 10 3 9 17 -7 8 -9 -10 -11 -12 16 15 -15 -16 -17 -18 -19 20 -21 -22 -23 -24
leaf_value=-0.002615721825442118 0.0063524113881401716 0.0188620337332998 -0.00082961637577003697 -0.0015184359776764175 0.0011250147617462537 0.0040086630792780355 -0.0015590157124704481 0.003297302463501637 0.00026460514972827471 0.00079540173643423862 0.010751040699689286 0.00054936945185597458 -0.0054511121274793848 -0.0044927194548003814 0.0097121002665587833 -0.0031511098364689029 -0.0017955445622093976 0.0048293115533888341 -0.0022751867716079171 0.0029856702016666532 -0.00085674968929961323 -0.0035631220000354865 -0.00031753051492385567
leaf_weight=122 39 20 370 49 22 43 419 255 226 26 22 20 50 50 34 53 59 27 45 39 29 94 24
leaf_count=122 39 20 370 49 22 43 419 255 226 26 22 20 50 50 34 53 59 27 45 39 29 94 24
internal_value=3.00947e-06 0.00752902 -0.000788881 -0.000257796 0.00547249 8.97882e-05 -4.35873e-05 0.000851952 -0.000915977 -0.00282465 0.015032 -0.00256499 -0.00346463 -0.00302557 0.00806784 -0.00433814 -0.00100129 0.00321936 -0.00274774 0.00239197 -0.00177815 -0.00305636 1.32999e-05
internal_weight=2137 203 1934 1491 161 1313 1270 625 645 178 42 443 152 340 73 103 103 88 290 61 74 216 44
internal_count=2137 203 1934 1491 161 1313 1270 625 645 178 42 443 152 340 73 103 103 88 290 61 74 216 44
is_linear=0
shrinkage=0.03


Tree=13
num_leaves=23
num_cat=0
split_feature=25 15 25 22 23 23 23 25 23 22 23 16 22 25 25 15 19 20 11 14 11 25
split_gain=13.3857 3.18357 1.90181 1.40271 0.79676 0.731632 1.039 2.70586 0.517458 0.4462 0.318624 0.317761 0.221526 0.116615 0.110716 0.0944327 0.0642615 0.0641994 0.0261526 0.014568 0.0090835 0.00891312
threshold=88.258941780000015 0.023719337684674803 71.383048880000004 277.73450000000008 2.0850000000000004 2.4050000000000007 0.40500000000000008 77.095301285000019 1.8700000000000003 293.10550000000006 0.40500000000000008 47.875180495912566 281.69400000000007 78.647495840000019 64.352101320000017 0.011180175005762802 104.31499860000001 18.724999425000004 0.98645811108125436 0.012785483581668752 0.9760786754385663 68.400346460000023
decision_type=2 2 2 2 2 2 2 2 2 2 2 2 2 2 2 2 2 2 2 2 2 2
left_child=2 4 10 5 16 6 7 -4 -8 12 14 -3 -5 -14 -1 -12 -2 18 -16 -6 -17 -19
right_child=1 11 3 9 19 -7 8 -9 -10 -11 15 -13 13 -15 17 20 -18 21 -20 -21 -22 -23
leaf_value=-0.0046609561358754706 0.0074785326408540326 0.017942084011706438 -0.0002985382645611796 -0.0014474886349179659 0.0028917245450543194 0.0038911362899975346 -0.0015123566114722052 0.0042659110246451503 0.00025670193903541011 0.00077242349148986655 -0.0017472518284805119 0.010564531547682627 -0.0052462870172172221 -0.0029291379564092496 -0.0024961988091610175 0.00053367319197527002 0.0045669284483248534 -0.0022197931689467835 -0.003440396210668903 0.0013412672408989498 -0.00029716362987644969 -0.001170787021065397
leaf_weight=36 81 21 471 45 40 43 419 154 226 26 59 20 52 55 111 20 21 46 113 20 24 34
leaf_count=36 81 21 471 45 40 43 419 154 226 26 59 20 52 55 111 20 21 46 113 20 24 34
internal_value=3.36972e-06 0.00731383 -0.000765796 -0.000250145 0.00533398 8.72129e-05 -4.21812e-05 0.000826368 -0.000888419 -0.00274198 -0.00249009 0.0147519 -0.00336385 -0.00412116 -0.00293708 -0.000971703 0.00695837 -0.00270848 -0.00299902 0.00245455 1.72899e-05 -0.00183096
internal_weight=2137 203 1934 1491 162 1313 1270 625 645 178 443 41 152 107 340 103 102 304 224 60 44 80
internal_count=2137 203 1934 1491 162 1313 1270 625 645 178 443 41 152 107 340 103 102 304 224 60 44 80
is_linear=0
shrinkage=0.03


Tree=14
num_leaves=23
num_cat=0
split_feature=20 21 19 19 24 21 19 20 11 19 15 21 24 11 21 11 21 19 24 20 15 15
split_gain=8.43417 2.98843 2.31816 1.69474 1.52493 1.32036 0.732544 0.629058 0.520074 0.502181 0.650562 0.296379 0.211784 0.175455 0.134529 0.110646 0.103913 0.0521988 0.0369377 0.0365885 0.0148569 0.001836
threshold=38.085000995000009 1.0300000000000002 95.084999085000007 92.935001375000013 0.25500000000000006 2.0350000000000006 96.485000610000014 19.055000305000004 0.93677226848817485 94.665000915000022 0.014233053733949003 2.4650000000000003 0.38500000000000006 1.0636274044988752 0.82500000000000007 1.0191530383744543 1.3550000000000002 80.950000765000013 -0.95499999999999985 22.714999195000001 0.013239734884273503 0.0072116509024393012
decision_type=2 2 2 2 2 2 2 2 2 2 2 2 2 2 2 2 2 2 2 2 2 2
left_child=1 2 14 11 9 7 -7 -6 -2 15 -11 12 16 -4 18 -5 -3 -13 -1 -16 -14 -19
right_child=8 3 13 4 5 6 -8 -9 -10 10 -12 17 20 -15 19 -17 -18 21 -20 -21 -22 -23
leaf_value=-0.00062171449151064739 0.017240617516849719 -0.0010276735924958239 0.010681558434452329 0.0014992170422337948 0.002081589274574071 -0.00073091072296228952 0.0010745807208472351 0.0075850453570601535 0.0089356667436659345 -0.00026049966862880285 -0.0026569563971888142 -0.0044424963232129813 -0.00087110721417095352 0.0063874275975901148 0.0030008346558265063 -0.00041198729800493713 -0.0025265887822639548 -0.0017673381492495535 0.00075738789547129628 0.0010549841645526989 0 -0.0030037457961397075
leaf_weight=39 20 70 20 51 53 359 458 31 20 164 283 39 22 45 22 53 158 20 30 28 56 96
leaf_count=39 20 70 20 51 53 359 458 31 20 164 283 39 22 45 22 53 158 20 30 28 56 96
internal_value=3.56384e-06 -0.000258381 0.00338032 -0.000611516 -0.000105722 0.000652142 0.000277634 0.00421326 0.0134805 -0.00134936 -0.00178696 -0.00219443 -0.00162427 0.00789598 0.000843535 0.000502019 -0.00208599 -0.00328319 0 0.00201203 -0.000227306 -0.00283314
internal_weight=2137 2097 184 1913 1452 901 817 84 40 551 447 461 306 65 119 104 228 155 69 50 78 116
internal_count=2137 2097 184 1913 1452 901 817 84 40 551 447 461 306 65 119 104 228 155 69 50 78 116
is_linear=0
shrinkage=0.03


Tree=15
num_leaves=26
num_cat=0
split_feature=25 14 25 24 23 21 24 23 19 23 11 23 25 19 20 11 16 11 11 19 25 21 24 21 25
split_gain=12.0818 2.82105 1.73888 0.808362 0.798306 0.455117 1.41274 0.865516 0.77418 0.483167 0.387125 0.271485 0.22753 0.110376 0.105787 0.0929436 0.0842796 0.0831051 0.0785707 0.0235314 0.0230176 0.0198328 0.0182803 0.00980655 0.00793877
threshold=88.258941780000015 0.026245020697018104 71.440060335000013 -0.044999999999999991 2.4050000000000007 2.6950000000000007 0.6150000000000001 1.8700000000000003 97.334999085000007 0.33500000000000008 0.93677226848817485 0.40500000000000008 83.832341225000008 98.39500046000002 17.135000230000003 1.00548907512014 58.418195689079589 0.94484975374707136 1.0015096161012595 97.834999085000007 69.517795905000014 1.155 -0.69499999999999984 2.4650000000000003 66.99589222500002
decision_type=2 2 2 2 2 2 2 2 2 2 2 2 2 2 2 2 2 2 2 2 2 2 2 2 2
left_child=2 3 11 13 5 6 9 12 -8 -4 -3 14 -7 -2 18 23 19 -9 20 -5 -1 -16 -23 -13 -20
right_child=1 10 4 16 -6 7 8 17 -10 -11 -12 15 -14 -15 21 -17 -18 -19 24 -21 -22 22 -24 -25 -26
leaf_value=-0.0027263574294213739 0.0057544369823997838 0.01738675912788936 -0.0010641378750485169 0.002409753027443702 0.0037480124638161875 -0.0033942559206330061 0.00018753900800133125 0.0018798087346367535 0.0052513924918495686 0.00025027525218117308 0.0098901288457538782 -0.00032344303447287532 -0.00058115108593562116 0.0090052725025585711 -0.00086879522929666564 -0.0017264149573631583 0.0013107891278341412 -1.6767051958272026e-05 -0.0043656527454915802 0.0043072152894578488 -0.0012163464483088793 -0.0025560000239690738 -0.0013719236326379407 0.00053166186613750395 -0.0031504364264828546
leaf_weight=83 39 20 513 25 43 133 49 23 64 487 22 24 36 34 23 59 26 134 56 37 22 66 37 21 61
leaf_count=83 39 20 513 25 43 133 49 23 64 487 22 24 36 34 23 59 26 134 56 37 22 66 37 21 61
internal_value=4.03301e-06 0.00694939 -0.000726643 0.00505606 -0.000227029 -0.000350414 -5.84516e-05 -0.0013348 0.00310278 -0.000421411 0.013851 -0.00235402 -0.00281961 0.0074103 -0.00276045 -0.000952137 0.00300808 0.000252227 -0.00318457 0.00364012 -0.00245274 -0.00197036 -0.00217678 1.32714e-05 -0.00378957
internal_weight=2137 203 1934 161 1482 1439 1113 326 113 1000 42 452 169 73 348 104 88 157 222 62 105 126 103 45 117
internal_count=2137 203 1934 161 1482 1439 1113 326 113 1000 42 452 169 73 348 104 88 157 222 62 105 126 103 45 117
is_linear=0
shrinkage=0.03


Tree=16
num_leaves=29
num_cat=0
split_feature=25 14 25 22 24 23 25 23 23 22 22 11 11 23 24 21 20 25 11 11 22 21 23 21 25 21 24 13
split_gain=11.3998 2.66224 1.64068 1.25893 0.760452 0.683593 2.39332 1.10575 0.947386 0.401152 0.395598 0.362999 0.360814 0.255934 0.239444 0.22819 0.0992486 0.0909488 0.0882066 0.0817622 0.0816933 0.0316535 0.0219435 0.0190545 0.0126159 0.0125168 0.00523384 0.00231141
threshold=88.258941780000015 0.026245020697018104 71.519892205000019 277.73450000000008 -0.044999999999999991 0.40500000000000008 75.546676600000026 0.22000000000000003 2.3850000000000002 293.10550000000006 253.79800000000003 0.93677226848817485 0.96524543399080398 0.40500000000000008 0.6150000000000001 1.7350000000000001 17.964999195000001 83.448847700000002 1.0084960279647674 1.00548907512014 259.18850000000003 2.0250000000000004 0.39500000000000007 1.155 66.99589222500002 2.4650000000000003 -0.69499999999999984 1.0107149330486978
decision_type=2 2 2 2 2 2 2 2 2 2 2 2 2 2 2 2 2 2 2 2 2 2 2 2 2 2 2 2
left_child=2 4 13 5 -2 6 14 -8 12 15 -10 -3 -7 16 -4 27 18 -17 22 25 21 -6 -1 -18 -20 -15 -25 -5
right_child=1 11 3 9 20 8 7 -9 10 -11 -12 -13 -14 19 -16 17 23 -19 24 -21 -22 -23 -24 26 -26 -27 -28 -29
leaf_value=-0.0026297911959054709 0.0071951884116625052 0.016889995072569164 -0.00095117385612454065 -0.00091134512498073511 0.00094743836926215361 0.00041539320935455595 0.0013873347259188234 0.0054515678149271891 -8.8945466305383219e-05 0.00075496145301601951 0.0035756906235501879 0.0096063252817029533 -0.0014061403497281153 -0.00043141992950956496 0.0021226024692878125 -0.004484357558190823 -0.00075098011979833244 -0.0017894474394187065 -0.0043124312460422519 -0.0016754856768995522 0.0044190991566117324 0.0027145617554895579 -0.0013336495329625904 -0.002368906140094623 -0.0030400662311623173 0.00051643702095183978 -0.0013228199848935248 -0.0018785823348973112
leaf_weight=109 73 20 334 30 22 121 152 103 43 26 62 22 457 28 23 81 24 20 53 59 27 39 29 47 61 21 30 21
leaf_count=109 73 20 334 30 22 121 152 103 43 26 62 22 457 28 23 81 24 20 53 59 27 39 29 47 61 21 30 21
internal_value=4.41087e-06 0.00675092 -0.000705301 -0.000213668 0.00491082 0.000109988 0.000839355 0.00305557 -0.000539444 -0.00257258 0.00205995 0.0134566 -0.00101958 -0.00226582 -0.000739388 -0.00316259 -0.00266139 -0.0040029 -0.00300254 -0.000932832 0.00292257 0.00215119 -0.00239055 -0.0017597 -0.00369005 0 -0.00202199 -0.00139578
internal_weight=2137 203 1934 1473 161 1295 612 255 683 178 105 42 578 461 357 152 353 101 252 108 88 61 138 101 114 49 77 51
internal_count=2137 203 1934 1473 161 1295 612 255 683 178 105 42 578 461 357 152 353 101 252 108 88 61 138 101 114 49 77 51
is_linear=0
shrinkage=0.03


Tree=17
num_leaves=26
num_cat=0
split_feature=25 15 25 22 24 23 25 23 23 24 22 11 22 10 23 21 25 25 22 15 21 11 21 11 13
split_gain=10.7566 2.62504 1.51956 1.1855 0.730069 0.638894 2.32036 0.899442 0.852682 0.644765 0.371681 0.362827 0.344789 0.26481 0.239648 0.213932 0.0874402 0.0854764 0.0818067 0.0804203 0.0494379 0.048333 0.032697 0.00768184 0.00193367
threshold=88.018201835000013 0.023719337684674803 71.383048880000004 277.73450000000008 -0.044999999999999991 0.40500000000000008 77.095301285000019 2.3850000000000002 0.33500000000000008 0.6150000000000001 253.79800000000003 0.95708462983620191 293.10550000000006 0.98465079794145371 0.40500000000000008 1.7350000000000001 64.352101320000017 77.914767990000016 259.18850000000003 0.011180175005762802 1.2350000000000001 0.99980458401301409 2.0550000000000002 0.9760786754385663 1.0107149330486978
decision_type=2 2 2 2 2 2 2 2 2 2 2 2 2 2 2 2 2 2 2 2 2 2 2 2 2
left_child=2 4 14 5 -2 6 9 11 -8 -4 -9 -7 15 -3 16 24 -1 -17 22 -16 -18 -22 -6 -21 -5
right_child=1 13 3 12 18 7 8 10 -10 -11 -12 -13 -14 -15 19 17 20 -19 -20 23 21 -23 -24 -25 -26
leaf_value=-0.0041750086453315382 0.0068784595795262308 0.016271275358540671 -0.0007042353429779079 -0.00088488670735950429 0.0011571173267015677 0.00063243746539558634 0.0018040158963121939 -8.6337757487358005e-05 0.0063648759455730512 0.002596020550850672 0.0034756389351621752 -0.0013627251813455564 0.00061221193550870965 0.0095463344238021167 -0.0016303202973678708 -0.0051440754096955055 -0.001034574448934666 -0.0029771751635929659 0.0042769959661467316 0.0004758070295876158 -0.0020905562018422447 -0.003066470689220926 0.0028102632329306183 -0.000293899387512356 -0.0018247865889941086
leaf_weight=36 77 20 411 30 32 96 83 43 71 60 61 481 25 21 59 39 30 62 28 20 148 126 33 24 21
leaf_count=36 77 20 411 30 32 96 83 43 71 60 61 481 25 21 59 39 30 62 28 20 148 126 33 24 21
internal_value=4.48371e-06 0.00641982 -0.000699749 -0.000236361 0.00469758 7.43874e-05 0.000768404 -0.000558352 0.0039536 -0.000272855 0.00198753 -0.00102506 -0.00253362 0.0132075 -0.00224022 -0.00307125 -0.00262898 -0.00388554 0.00280603 -0.000915142 -0.00242297 -0.00255976 0.00207172 0 -0.00135725
internal_weight=2137 211 1926 1483 170 1306 625 681 154 471 104 577 177 41 443 152 340 101 93 103 304 274 65 44 51
internal_count=2137 211 1926 1483 170 1306 625 681 154 471 104 577 177 41 443 152 340 101 93 103 304 274 65 44 51
is_linear=0
shrinkage=0.03


Tree=18
num_leaves=27
num_cat=0
split_feature=25 14 25 22 24 25 22 22 25 22 20 25 21 22 14 19 19 25 22 16 22 21 22 14 15 13
split_gain=10.1456 2.40211 1.45913 1.11972 0.663216 0.571688 2.17444 0.697681 0.557789 0.357674 0.253198 0.228367 0.200645 0.178308 0.158104 0.106396 0.0917599 0.0830956 0.0714702 0.0498895 0.0477821 0.027834 0.0225253 0.0166962 0.00713175 0.00158377
threshold=88.258941780000015 0.026245020697018104 71.519892205000019 277.73450000000008 -0.044999999999999991 75.216090975000014 240.16150000000002 251.43850000000003 77.095301285000019 293.10550000000006 46.055000305000007 68.400346460000023 1.7350000000000001 236.23700000000005 0.012621047372202801 98.39500046000002 101.37500000000001 83.448847700000002 259.18850000000003 66.569498251062967 237.38300000000004 2.0250000000000004 265.78750000000008 0.013595316745298952 0.018531570821816352 1.0107149330486978
decision_type=2 2 2 2 2 2 2 2 2 2 2 2 2 2 2 2 2 2 2 2 2 2 2 2 2 2
left_child=2 4 11 5 15 13 8 -8 -7 12 -3 19 25 24 -15 -2 20 -14 21 23 -13 -6 -22 -1 -4 -5
right_child=1 10 3 9 18 6 7 -9 -10 -11 -12 16 17 14 -16 -17 -18 -19 -20 -21 22 -23 -24 -25 -26 -27
leaf_value=-0.0029110882748435768 0.0051744654720649128 0.0091455686485225497 -0.0014658237850443193 -0.00085919645263422882 0.00088704676116290295 0.00167051200828515 -0.0013538186148583443 0.00056134662177623846 0.0053133858300517941 0.00071139331969122092 0.015619291492483832 -0.002869679378578439 -0.0042323233417530613 -0.0012731868782107454 6.8898855498991897e-06 0.0082855715530259274 0.00013632349597565526 -0.0016532582340296356 0.0041675335437591585 -0.0040521885122244182 -0.0012329033276823997 0.0025616396597586571 -0.0022846192868755141 -0.00198681467808395 -0.0026963649060433872 -0.0017725312929092482
leaf_weight=107 39 21 27 30 22 74 275 448 87 26 21 31 81 147 199 34 25 20 27 38 156 39 33 71 38 21
leaf_count=107 39 21 27 30 22 74 275 448 87 26 21 31 81 147 199 34 25 20 27 38 156 39 33 71 38 21
internal_value=4.75088e-06 0.00636941 -0.000664704 -0.000200943 0.00462057 0.000104168 0.000535884 -0.000163825 0.00367819 -0.00242565 0.0127402 -0.00213639 -0.002983 -0.000816153 -0.000530414 0.0067564 -0.00147369 -0.00377224 0.00275909 -0.00286398 -0.00167001 0.00203012 -0.00144338 -0.00257234 -0.00226063 -0.00131982
internal_weight=2137 203 1934 1473 161 1295 884 723 161 178 42 461 152 411 346 73 245 101 88 216 220 61 189 178 65 51
internal_count=2137 203 1934 1473 161 1295 884 723 161 178 42 461 152 411 346 73 245 101 88 216 220 61 189 178 65 51
is_linear=0
shrinkage=0.03


Tree=19
num_leaves=23
num_cat=0
split_feature=25 25 25 22 25 22 23 23 24 25 16 22 14 22 16 25 22 16 19 23 25 24
split_gain=9.58216 2.43183 1.332 0.948128 0.707346 2.1726 0.847953 0.705954 0.605771 0.435904 0.398482 0.239805 0.158139 0.115704 0.0833998 0.0547807 0.0458155 0.0448727 0.0219421 0.0208254 0.0106401 0.00893489
threshold=87.859164950000022 99.098090440000007 69.795903020000011 281.69400000000007 75.216090975000014 240.16150000000002 0.22000000000000003 2.4050000000000007 -0.034999999999999996 83.908747520000006 49.050634341145262 236.23700000000005 0.014617963588433152 240.86050000000003 59.656278093150753 77.914767990000016 265.78750000000008 51.946306443170421 97.834999085000007 0.59500000000000008 72.799019655000009 0.41500000000000004
decision_type=2 2 2 2 2 2 2 2 2 2 2 2 2 2 2 2 2 2 2 2 2 2
left_child=2 8 13 4 11 6 -6 -7 19 15 -3 20 -13 17 18 -5 21 -1 -10 -2 -4 -15
right_child=1 10 3 9 5 7 -8 -9 14 -11 -12 12 -14 16 -16 -17 -18 -19 -20 -21 -22 -23
leaf_value=-0.002446770352078602 0.0052242993658239197 0.015002669870853422 -0.0031006578606638038 -0.0048602242469787602 0.00066991800883952821 -0.0004981520501051728 0.0052394596886108898 0.0034149378819221801 0.0021008123892414217 0 0.0084049932967339251 -0.0011960645471754917 -9.9386932554652844e-05 -0.0016416092653817032 0.00081267826592263119 -0.0029413231094452467 -0.0025794786336747083 -0.0039481337971985341 0.0036885549347938562 0.0075506842832626974 -0.0018889530711348923 -0.00064822171406194676
leaf_weight=63 43 23 32 40 60 698 101 43 33 37 27 246 240 95 25 54 76 59 40 28 51 23
leaf_count=63 43 23 32 40 60 698 101 43 33 37 27 246 240 95 25 54 76 59 40 28 51 23
internal_value=4.85527e-06 0.0059365 -0.000673606 -0.000319649 -9.89053e-05 0.000421195 0.00356969 -0.000262737 0.00414486 -0.00275613 0.0117334 -0.000927943 -0.000661972 -0.0024519 0.00252311 -0.00383202 -0.00193729 -0.00322343 0.00304944 0.00627554 -0.00242318 -0.00148027
internal_weight=2137 219 1918 1602 1471 902 161 741 169 131 50 569 486 316 98 94 194 122 73 71 83 118
internal_count=2137 219 1918 1602 1471 902 161 741 169 131 50 569 486 316 98 94 194 122 73 71 83 118
is_linear=0
shrinkage=0.03


Tree=20
num_leaves=24
num_cat=0
split_feature=25 25 25 22 25 22 23 23 24 16 25 22 24 22 22 23 21 25 22 16 20 21 24
split_gain=9.0437 2.4319 1.21892 0.982506 0.638331 2.08541 0.797587 0.68156 0.609906 0.374017 0.303037 0.226151 0.150093 0.108496 0.10247 0.0983634 0.0720095 0.0455073 0.0426825 0.0416572 0.0118583 0.00935331 0.00810173
threshold=87.27040322500001 99.098090440000007 69.795903020000011 281.69400000000007 75.216090975000014 240.16150000000002 0.22000000000000003 2.4050000000000007 -0.084999999999999978 49.050634341145262 83.832341225000008 236.23700000000005 0.62500000000000011 240.86050000000003 259.18850000000003 0.59500000000000008 1.8550000000000002 77.914767990000016 265.78750000000008 51.946306443170421 14.644999980000001 2.1150000000000007 0.41500000000000004
decision_type=2 2 2 2 2 2 2 2 2 2 2 2 2 2 2 2 2 2 2 2 2 2 2
left_child=2 8 13 4 11 6 -6 -7 15 -3 17 20 -13 19 16 -2 -10 -5 22 -1 -4 -18 -15
right_child=1 9 3 10 5 7 -8 -9 14 -11 -12 12 -14 18 -16 -17 21 -19 -20 -21 -22 -23 -24
leaf_value=-0.0023745141662657263 0.0050711323788220231 0.014571343019604683 -0.0015446849458173593 -0.0047179738261350765 0.0006501499738154902 -0.00053132064407581748 0.0050838168312192832 0.0033148180754347285 0.00043793474861013239 0.0081618490219116206 -0.00037234533876956752 -0.00076005439050025965 0.0017430770432322537 -0.0015928739887312987 0.0039253024265170095 0.0084776610104101043 0.0016900867971366847 -0.0028909523361274657 -0.0025030992529415466 -0.0038316638961434363 -0.0027635756502904069 0.0031059525203088229 -0.00062958532170159743
leaf_weight=63 43 23 32 40 60 686 101 43 27 27 35 465 21 95 39 20 28 52 76 59 51 28 23
leaf_count=63 43 23 32 40 60 686 101 43 27 27 35 465 21 95 39 20 28 52 76 59 51 28 23
internal_value=4.95507e-06 0.00554561 -0.000680594 -0.000338713 -0.000115394 0.000383887 0.00346425 -0.000296117 0.00389527 0.0113969 -0.00285986 -0.000900909 -0.000642377 -0.00238055 0.00258016 0.00631501 0.00187318 -0.00375976 -0.00188084 -0.00312901 -0.00235334 0.00249272 -0.00143719
internal_weight=2137 235 1902 1586 1459 890 161 729 185 50 127 569 486 316 122 63 83 92 194 122 83 56 118
internal_count=2137 235 1902 1586 1459 890 161 729 185 50 127 569 486 316 122 63 83 92 194 122 83 56 118
is_linear=0
shrinkage=0.03


Tree=21
num_leaves=24
num_cat=0
split_feature=25 14 25 22 24 25 22 23 23 11 25 22 19 14 22 16 19 22 16 22 21 25 24
split_gain=8.53458 2.3077 1.14907 0.926773 0.677597 0.601322 1.96372 0.750191 0.642119 0.288795 0.28513 0.213364 0.167129 0.147507 0.101721 0.0999487 0.0440135 0.0397457 0.0386461 0.0317818 0.0319699 0.00990721 0.00732707
threshold=87.27040322500001 0.026245020697018104 69.795903020000011 281.69400000000007 -0.084999999999999978 75.216090975000014 240.16150000000002 0.22000000000000003 2.4050000000000007 0.93677226848817485 83.832341225000008 236.23700000000005 98.39500046000002 0.014617963588433152 240.86050000000003 59.656278093150753 97.244998930000023 265.78750000000008 51.946306443170421 259.18850000000003 2.0550000000000002 73.129853000000011 0.41500000000000004
decision_type=2 2 2 2 2 2 2 2 2 2 2 2 2 2 2 2 2 2 2 2 2 2 2
left_child=2 4 14 5 12 11 7 -7 -8 -3 16 21 -2 -13 18 19 -5 22 -1 20 -6 -4 -16
right_child=1 9 3 10 15 6 8 -9 -10 -11 -12 13 -14 -15 17 -17 -18 -19 -20 -21 -22 -23 -24
leaf_value=-0.0023043917790055274 0.004603348947539017 0.014791978418827057 -0.0028712903740438253 -0.0025461634076898916 0.0010369661839001558 0.00063096520235498632 -0.00051540423230157231 0.0049327976486289535 0.0032176335199990058 0.0082974265632422065 -0.00036148525530006737 -0.001138530628680278 0.0081531671052798623 -7.9319352250743308e-05 -0.0015455855437467108 0.00071057537101985098 -0.0043451741822063926 -0.0024289815288472487 -0.0037186297446489334 0.0038104872900992632 0.0028959596417844295 -0.0017235755801666528 -0.00061148475037771279
leaf_weight=63 40 20 36 39 21 60 686 101 43 22 35 246 31 240 95 27 53 76 59 39 35 47 23
leaf_count=63 40 20 36 39 21 60 686 101 43 22 35 246 31 240 95 27 53 76 59 39 35 47 23
internal_value=5.20941e-06 0.00538769 -0.000660723 -0.000328717 0.00393826 -0.000111764 0.000372758 0.00336194 -0.000286996 0.0117319 -0.00277734 -0.000874215 0.00628665 -0.00062286 -0.0023113 0.00250718 -0.00365039 -0.00182607 -0.00303739 0.00297383 0.00228189 -0.00228535 -0.00139539
internal_weight=2137 235 1902 1586 193 1459 890 161 729 42 127 569 71 486 316 122 92 194 122 95 56 83 118
internal_count=2137 235 1902 1586 193 1459 890 161 729 42 127 569 71 486 316 122 92 194 122 95 56 83 118
is_linear=0
shrinkage=0.03


Tree=22
num_leaves=25
num_cat=0
split_feature=25 14 25 22 23 25 23 23 23 21 25 23 22 11 23 21 16 11 15 22 21 11 21 21
split_gain=8.05664 1.93496 1.16195 0.904738 0.534648 1.79238 0.773492 0.803746 0.604482 0.489088 0.344144 0.322243 0.299936 0.270533 0.186958 0.155762 0.0788649 0.0741077 0.0727501 0.0718122 0.0571805 0.0309988 0.0199728 0.00756781
threshold=88.258941780000015 0.026245020697018104 71.519892205000019 277.73450000000008 0.40500000000000008 77.095301285000019 1.8700000000000003 1.6850000000000003 0.33500000000000008 1.5350000000000004 75.216090975000014 2.4050000000000007 293.10550000000006 0.93677226848817485 0.40500000000000008 1.6250000000000002 67.436129235096161 1.0003219730761084 0.011180175005762802 259.18850000000003 1.155 0.99980458401301409 2.0550000000000002 2.4650000000000003
decision_type=2 2 2 2 2 2 2 2 2 2 2 2 2 2 2 2 2 2 2 2 2 2 2 2
left_child=2 9 14 4 5 10 7 -6 -7 -2 -4 -8 15 -3 16 -5 20 -17 -16 22 -1 -22 -11 -20
right_child=1 13 3 12 6 8 11 -9 -10 19 -12 -13 -14 -15 18 17 -18 -19 23 -21 21 -23 -24 -25
leaf_value=-0.00028436529347007823 0.0060926570013055906 0.014369350663253238 -0.00070395689777849363 -0.0009123796817846596 -0.00058954950081934268 0.0017088042209403025 0.00029340142307321984 -0.0038259027509876852 0.0055680684937785066 0.00098584385767001024 0.0011326048286975404 0.0031232984763654797 0.00068841180903837079 0.0080593264219553564 -0.0014140495691826798 -0.0021800646947573543 -0.0035287431969266872 -0.0040244994645472617 -0.00017330671671777963 0.0038041472394551557 -0.0017753868832595698 -0.0025710890393966109 0.0024238848809830164 0.00054485330598386518
leaf_weight=20 67 20 333 39 326 83 226 88 71 28 125 43 26 22 63 50 45 63 24 34 161 127 32 21
leaf_count=20 67 20 333 39 326 83 226 88 71 28 125 43 26 22 63 50 45 63 24 34 161 127 32 21
internal_value=5.33225e-06 0.00567718 -0.000591082 -0.000176997 9.70419e-05 0.000742295 -0.000476989 -0.00129226 0.00353187 0.00410508 -0.0001948 0.000766768 -0.00217687 0.0113982 -0.00190444 -0.00268789 -0.00224295 -0.00326098 -0.000760046 0.00260761 -0.00203458 -0.00214433 0.00182914 0.000101176
internal_weight=2137 203 1934 1473 1295 612 683 414 154 161 458 269 178 42 461 152 353 113 108 94 308 288 60 45
internal_count=2137 203 1934 1473 1295 612 683 414 154 161 458 269 178 42 461 152 353 113 108 94 308 288 60 45
is_linear=0
shrinkage=0.03


Tree=23
num_leaves=23
num_cat=0
split_feature=25 25 25 22 25 22 23 23 24 25 22 16 24 22 16 25 14 22 16 24 23 24
split_gain=7.6268 2.06894 1.02346 0.824752 0.531546 1.68722 0.736699 0.571459 0.519949 0.255057 0.219617 0.204837 0.138373 0.0920058 0.090936 0.0442072 0.0374231 0.0354919 0.0335879 0.0300857 0.015664 0.00597739
threshold=87.27040322500001 108.18628075000002 69.795903020000011 281.69400000000007 75.154113580000015 240.16150000000002 0.22000000000000003 2.4050000000000007 -0.034999999999999996 83.908747520000006 236.23700000000005 49.050634341145262 0.62500000000000011 240.86050000000003 59.656278093150753 77.914767990000016 0.017103668718974254 265.78750000000008 51.946306443170421 0.51500000000000012 0.59500000000000008 0.41500000000000004
decision_type=2 2 2 2 2 2 2 2 2 2 2 2 2 2 2 2 2 2 2 2 2 2
left_child=2 8 13 4 10 6 -6 -7 20 15 -4 -3 -12 18 16 -5 19 21 -1 -10 -2 -15
right_child=1 11 3 9 5 7 -8 -9 14 -11 12 -13 -14 17 -16 -17 -18 -19 -20 -21 -22 -23
leaf_value=-0.0021786889918148518 0.0047574330443143848 0.01368080894919959 -0.0022908170567954786 -0.0043454515090802824 0.00052689949468902395 -0.00048908183353873341 0.0046591491327785395 0.0030317289781841366 0.0015411176806781439 -0.00024103656580315577 -0.00069306793543402582 0.0078833453479138279 0.0017114103552885352 -0.0014485150506807259 0.00065431717746417103 -0.0026009885822507466 0.0041861630522392014 -0.0022910317353807487 -0.0035168029077351096 0.0031933023410624468 0.0068062491424847396 -0.00057079980234266267
leaf_weight=63 49 21 80 40 66 689 101 43 39 33 459 21 21 95 27 54 21 76 59 28 29 23
leaf_count=63 49 21 80 40 66 689 101 43 39 33 459 21 21 95 27 54 21 76 59 28 29 23
internal_value=5.54849e-06 0.0050938 -0.000623896 -0.000310438 -0.000105652 0.00034385 0.00305676 -0.000274312 0.00372024 -0.00262042 -0.000831937 0.0111026 -0.000578296 -0.00218174 0.0023592 -0.00341282 0.00283535 -0.0017188 -0.00287353 0.00231251 0.00563366 -0.00130888
internal_weight=2137 235 1902 1586 1459 899 167 732 193 127 560 42 480 316 115 94 88 194 122 67 78 118
internal_count=2137 235 1902 1586 1459 899 167 732 193 127 560 42 480 316 115 94 88 194 122 67 78 118
is_linear=0
shrinkage=0.03


Tree=24
num_leaves=23
num_cat=0
split_feature=25 14 25 22 24 25 22 23 23 11 25 22 19 14 22 22 21 25 16 22 21 25
split_gain=7.19821 1.95466 0.965091 0.770062 0.56293 0.522026 1.59239 0.747554 0.533836 0.244201 0.239947 0.201642 0.154283 0.138593 0.0769214 0.0736306 0.0622427 0.0410575 0.0310934 0.0297095 0.00656416 0.000353659
threshold=87.27040322500001 0.026245020697018104 69.517795905000014 281.69400000000007 -0.084999999999999978 75.154113580000015 239.27450000000002 0.22000000000000003 2.4050000000000007 0.93677226848817485 83.908747520000006 236.23700000000005 98.39500046000002 0.016364467154873854 259.18850000000003 240.86050000000003 1.8550000000000002 77.914767990000016 51.946306443170421 265.78750000000008 2.1150000000000007 72.799019655000009
decision_type=2 2 2 2 2 2 2 2 2 2 2 2 2 2 2 2 2 2 2 2 2 2
left_child=2 4 15 5 12 11 7 -7 -8 -3 17 21 -2 -13 16 18 -6 -5 -1 -17 -18 -4
right_child=1 9 3 10 14 6 8 -9 -10 -11 -12 13 -14 -15 -16 19 20 -19 -20 -21 -22 -23
leaf_value=-0.0021143496261793191 0.00415461898390658 0.013619225612708501 -0.0027343432195484634 -0.0042182674569691105 0.00034286507795747769 0.00051132841022681261 -0.00045925378910735538 0.0047229113556677476 0.002942844208668579 0.0076081908189732103 -0.00023401816325563501 -0.00097057860725843466 0.0075359306079335513 4.8436620829151144e-05 0.0034839105687104167 -0.0012838571978149738 0.0015206744823090988 -0.0025243776349689472 -0.0034130572590976953 -0.0022419270208477978 0.0028085148940826285 -0.0017719366291290796
leaf_weight=63 40 20 32 40 27 66 695 95 43 22 33 312 31 186 39 102 28 54 59 74 28 48
leaf_count=63 40 20 32 40 27 66 695 95 43 22 33 312 31 186 39 102 28 54 59 74 28 48
internal_value=5.83057e-06 0.00494909 -0.000605633 -0.000311548 0.00361336 -0.000115892 0.000333892 0.00302876 -0.000253255 0.0107905 -0.00254489 -0.00082002 0.00575679 -0.000584636 0.0023049 -0.00217219 0.00168032 -0.00331358 -0.00278945 -0.00171402 0.0022552 -0.00222294
internal_weight=2137 235 1902 1604 193 1477 899 161 738 42 127 578 71 498 122 298 83 94 122 176 56 80
internal_count=2137 235 1902 1604 193 1477 899 161 738 42 127 578 71 498 122 298 83 94 122 176 56 80
is_linear=0
shrinkage=0.03


Tree=25
num_leaves=30
num_cat=0
split_feature=25 25 25 24 21 24 19 25 21 15 11 16 25 20 19 11 19 19 21 25 20 14 21 15 20 11 11 16 16
split_gain=6.79391 1.85335 0.910264 0.458366 0.364141 1.06054 0.48446 0.468468 0.303886 0.380998 0.239356 0.184599 0.147067 0.146116 0.0948348 0.085227 0.0812882 0.0797711 0.0792549 0.0663011 0.026201 0.0239649 0.023424 0.0390072 0.0337762 0.0172358 0.0101645 0.00680847 0.000469779
threshold=87.27040322500001 108.18628075000002 71.440060335000013 -0.034999999999999996 2.6950000000000007 0.59500000000000008 96.99000168000002 81.655574045000023 1.155 0.020217971748050855 0.96359726998435125 48.737494825663745 67.704882915000013 16.125000000000004 98.514999390000014 1.0216738369523801 92.524997710000022 101.37500000000001 3.0550000000000002 83.052532830000018 18.380000115000005 0.017103668718974254 2.2950000000000004 0.011180175005762802 19.300000195000006 1.0208633487700818 1.0645062304970865 42.860448684469382 55.835995020844827
decision_type=2 2 2 2 2 2 2 2 2 2 2 2 2 2 2 2 2 2 2 2 2 2 2 2 2 2 2 2 2
left_child=2 3 12 26 5 8 19 10 16 -10 -6 -3 20 -9 -8 21 -4 22 -15 -7 25 -5 24 -24 -14 -1 -2 -12 -22
right_child=1 11 4 15 7 6 14 13 9 -11 27 -13 17 18 -16 -17 -18 -19 -20 -21 28 -23 23 -25 -26 -27 -28 -29 -30
leaf_value=-0.0021407181542486913 0.0062495441402641259 0.01307890186565263 0.0020564202908863079 0.0022635387594227567 0 -0.00026191413184694414 0.0026639028775638767 0.0016194510913453996 -0.00025593311349102031 -0.0020740137160106223 -0.0018331635842720666 0.007553193094937698 -0.0019324914376838537 -0.0010881679748091847 0.0051101825815148471 0.00085823512244088615 0.0003964448044449091 0.00013798809075628275 0.00043432378501225054 0.0017027154389930806 -0.0010553284230722616 0.0039526992819525972 -0.0014619598932640284 0 -0.0007388023038096995 -0.0032548040284560279 0.0043873294353485113 -0.003034016187149055 -0.0020711295970461583
leaf_weight=61 34 20 47 58 35 41 41 39 740 121 26 22 137 74 40 36 74 27 48 22 25 21 48 31 38 64 44 102 21
leaf_count=61 34 20 47 58 35 41 41 39 740 121 26 22 137 74 40 36 74 27 48 22 25 21 48 31 38 64 44 102 21
internal_value=6.0392e-06 0.0048085 -0.000587964 0.00350735 -0.000218705 3.40097e-05 0.00243147 -0.0011036 -0.000316617 -0.000517026 -0.00223242 0.0104972 -0.00176281 2.74525e-05 0.00395611 0.0022264 0.00107739 -0.00130945 -0.000466104 0.000393157 -0.00247843 0.00279385 -0.00147501 -0.000932889 -0.00169601 -0.00275624 0.00530587 -0.00282945 -0.00161709
internal_weight=2137 235 1902 193 1450 1126 144 324 982 861 163 42 452 161 81 115 121 281 122 63 171 79 254 79 175 125 78 128 46
internal_count=2137 235 1902 193 1450 1126 144 324 982 861 163 42 452 161 81 115 121 281 122 63 171 79 254 79 175 125 78 128 46
is_linear=0
shrinkage=0.03


Tree=26
num_leaves=25
num_cat=0
split_feature=25 14 25 22 24 25 23 23 23 11 22 11 19 24 22 22 17 21 19 16 22 25 21 20
split_gain=6.41079 1.75845 0.859138 0.715622 0.499259 0.497665 1.67491 0.757662 0.594468 0.220478 0.172445 0.158901 0.139408 0.126391 0.0666125 0.0649468 0.0617697 0.0583304 0.0573811 0.0273987 0.0258915 0.0228371 0.00550597 0.00337172
threshold=87.27040322500001 0.026245020697018104 69.517795905000014 277.73450000000008 -0.084999999999999978 75.216090975000014 0.9750000000000002 1.8700000000000003 0.22000000000000003 0.93677226848817485 236.09900000000002 0.99449741793022095 98.39500046000002 0.62500000000000011 259.18850000000003 240.86050000000003 -0.0061269710520115489 1.8550000000000002 97.375000000000014 51.946306443170421 265.78750000000008 84.283805485000002 2.1150000000000007 19.860000610000004
decision_type=2 2 2 2 2 2 2 2 2 2 2 2 2 2 2 2 2 2 2 2 2 2 2 2
left_child=2 4 15 5 12 10 8 -8 -7 -3 -4 16 -2 -12 17 19 -5 -6 23 -1 -17 -18 -19 -13
right_child=1 9 3 11 14 6 7 -9 -10 -11 13 18 -14 -15 -16 20 21 22 -20 -21 -22 -23 -24 -25
leaf_value=-0.0019890002418542284 0.0038964351259353682 0.012906622005360467 -0.0022542644143991528 -0.002307739923335612 0.0002875320692130897 0.0011085505521332378 -0.0015338600114405106 0.00065553728842542112 0.0039359483164775637 0.0071795208544834805 -0.00066698985096605261 -0.0012903500343007699 0.0071173609877005217 0.0016255131614902479 0.0032725232028868053 -0.0012086628371690293 -0.00096244462638496767 0.0014343229857241284 -0.0040561359444489849 -0.0032224463641643527 -0.0021129204107820988 0.00015004828066395763 0.0026630540554379591 -0.0025920767655166293
leaf_weight=63 40 20 62 29 27 173 316 255 114 22 491 20 31 21 39 102 39 28 38 59 74 21 28 25
leaf_count=63 40 20 62 29 27 173 316 255 114 22 491 20 31 21 39 102 39 28 38 59 74 21 28 25
internal_value=6.28107e-06 0.00467141 -0.000570691 -0.000293097 0.00340353 -7.06983e-05 0.000384291 -0.000551427 0.00225181 0.0102132 -0.000755507 -0.00211624 0.00542374 -0.000564128 0.00216891 -0.00204884 -0.00116032 0.00158184 -0.00307953 -0.00263124 -0.0016156 -0.000527815 0.00213726 -0.00211938
internal_weight=2137 235 1902 1604 193 1432 858 571 287 42 574 172 71 512 122 298 89 83 83 122 176 60 56 45
internal_count=2137 235 1902 1604 193 1432 858 571 287 42 574 172 71 512 122 298 89 83 83 122 176 60 56 45
is_linear=0
shrinkage=0.03


Tree=27
num_leaves=29
num_cat=0
split_feature=25 25 25 22 21 20 15 15 22 25 22 16 22 22 21 22 11 22 16 11 21 11 25 21 21 20 0 10
split_gain=6.05125 1.66045 0.813662 0.747732 0.400651 0.368195 0.319174 0.388124 0.229004 0.667642 0.501102 0.166283 0.150251 0.133947 0.121777 0.115712 0.0900996 0.0742483 0.0635911 0.0635461 0.0588146 0.0539852 0.0267435 0.0229623 0.011517 0.0110584 0.010245 0.00626565
threshold=87.27040322500001 108.18628075000002 71.440060335000013 277.73450000000008 1.5050000000000001 20.564999580000002 0.014771810093779951 0.017805898972138204 256.03400000000005 81.166745750000004 258.49100000000004 49.050634341145262 294.93500000000006 240.38350000000003 1.6250000000000002 259.18850000000003 1.0645062304970865 265.78750000000008 42.368804858897001 0.97706272406580286 1.8550000000000002 1.0003219730761084 70.879076730000008 2.9050000000000007 2.3650000000000007 14.125000000000002 -0.005379249073023549 1.0022416099184677
decision_type=2 2 2 2 2 2 2 2 2 2 2 2 2 2 2 2 2 2 2 2 2 2 2 2 2 2 2 2
left_child=2 4 13 5 16 8 23 -8 9 -4 -10 -3 14 18 -5 20 -2 19 25 24 -6 -16 -21 -7 -15 -1 -17 -22
right_child=1 11 3 12 15 6 7 -9 10 -11 -12 -13 -14 17 21 26 -18 -19 -20 22 27 -23 -24 -25 -26 -27 -28 -29
leaf_value=-0.0019225311675930723 0.0071921603943813934 0.012259395324371078 -0.00045145218637399547 -0.000805729603813961 0.0002511373122688383 -0.0009812994677599312 0.0041454548468728633 0.00091053233614555847 -0.0031393166379019306 0.0016404193831393819 0.00027042175197682111 0.0070031092911958699 0.00018495973730883137 -0.00038342915071795387 -0.0019350844656676053 0.0023667859413794108 0.0041228661447763448 -0.0020287222390655765 -0.0029207071956515928 -0.0013509667190182563 0.0026721313469685042 -0.0035595897749299186 -1.5674260677769771e-05 8.2313415777337319e-05 0.00052733355995935758 -0.00075058931210595693 0.0042909237894415853 0.0014345850722165777
leaf_weight=33 21 21 679 39 28 53 43 160 70 171 82 21 21 26 49 20 44 87 96 142 25 63 20 20 22 26 24 31
leaf_count=33 21 21 679 39 28 53 43 160 70 171 82 21 21 26 49 20 44 87 96 142 25 63 20 20 22 26 24 31
internal_value=6.40185e-06 0.00453887 -0.000554117 -0.000204876 0.00330617 4.3356e-05 0.00101348 0.00162743 -0.000221617 -2.56585e-05 -0.0012905 0.009925 -0.00205623 -0.00166492 -0.00238682 0.00226078 0.00525389 -0.00126265 -0.00240347 -0.000922945 0.00151371 -0.00289883 -0.00120563 -0.000652184 0 -0.0014772 0.00355501 0.00207688
internal_weight=2137 235 1902 1450 193 1278 276 203 1002 850 152 42 172 452 151 128 65 297 155 210 84 112 162 73 48 59 44 56
internal_count=2137 235 1902 1450 193 1278 276 203 1002 850 152 42 172 452 151 128 65 297 155 210 84 112 162 73 48 59 44 56
is_linear=0
shrinkage=0.03


Tree=28
num_leaves=28
num_cat=0
split_feature=25 14 25 22 23 25 23 23 23 24 24 23 11 22 23 19 21 16 22 11 21 24 21 11 17 11 21
split_gain=5.71387 1.575 0.767408 0.708808 0.507835 1.44529 0.69757 0.580999 0.451814 0.440767 0.389709 0.267248 0.19969 0.142061 0.137729 0.125123 0.115462 0.0584614 0.0573484 0.0572401 0.0514318 0.0445357 0.0434324 0.0262388 0.0131689 0.00911813 0.00460723
threshold=87.27040322500001 0.026245020697018104 71.519892205000019 277.73450000000008 0.9750000000000002 77.095301285000019 1.8700000000000003 1.6850000000000003 0.33500000000000008 -0.084999999999999978 0.6150000000000001 2.4050000000000007 0.93677226848817485 294.93500000000006 0.40500000000000008 98.39500046000002 1.7750000000000001 67.436129235096161 259.18850000000003 1.0140090575595162 1.8550000000000002 0.10500000000000002 1.2350000000000001 0.99980458401301409 0.0032416783062915004 0.9760786754385663 2.1150000000000007
decision_type=2 2 2 2 2 2 2 2 2 2 2 2 2 2 2 2 2 2 2 2 2 2 2 2 2 2 2
left_child=2 9 14 4 5 10 7 -6 -7 15 -4 -8 -3 16 17 -2 24 22 20 25 -11 -18 -1 -24 -5 -16 -22
right_child=1 12 3 13 6 8 11 -9 -10 18 -12 -13 -14 -15 19 -17 21 -19 -20 -21 26 -23 23 -25 -26 -27 -28
leaf_value=-0.00046524473797950538 0.0036568585117233965 0.012224057542426246 -0.00045992201363508073 -0.00063609638687615335 -0.00071402047873035733 0.0015777055800593059 0.00016325256829543536 -0.0035356792469372913 0.0049288395162050925 0.000271949129461843 0.0020945618634157985 0.0027530294379050084 0.006763712276583133 0.00017966319332745939 0.00054429582290520728 0.0067186328270472584 -0.0033616124911606312 -0.003010065005849237 0.0030787113322410732 -0.0012990939361127939 0.0013461026816853675 -0.0013481501265029821 -0.0014927900807012486 -0.0022346922014610934 -0.0018418332889143909 -0.00022495811723895125 0.0025174791573964314
leaf_weight=30 40 20 442 37 270 83 212 88 71 27 60 43 22 21 21 31 74 45 39 54 28 20 157 121 20 33 28
leaf_count=30 40 20 442 37 270 83 212 88 71 27 60 43 22 21 21 31 74 45 39 54 28 20 157 121 20 33 28
internal_value=6.70244e-06 0.00441104 -0.000537927 -0.000194294 4.8943e-05 0.000630786 -0.000568842 -0.00142389 0.00316389 0.00320997 -0.000145084 0.000620727 0.00965746 -0.00199613 -0.00160282 0.0051101 -0.00231765 -0.00189373 0.00204721 -0.000615819 0.00149593 -0.0029835 -0.0017117 -0.00183331 -0.00113535 2.41079e-05 0.00201831
internal_weight=2137 235 1902 1441 1269 656 613 358 154 193 502 255 42 172 461 71 151 353 122 108 83 94 308 278 57 54 56
internal_count=2137 235 1902 1441 1269 656 613 358 154 193 502 255 42 172 461 71 151 353 122 108 83 94 308 278 57 54 56
is_linear=0
shrinkage=0.03


Tree=29
num_leaves=26
num_cat=0
split_feature=25 25 25 22 25 22 19 22 24 22 24 11 14 17 11 22 19 25 22 16 14 24 20 11 24
split_gain=5.39341 1.48656 0.725404 0.60898 0.413574 1.2734 0.377232 0.374783 0.358502 0.163187 0.151838 0.136494 0.125257 0.0912021 0.0659553 0.0654875 0.042389 0.0322989 0.0237665 0.0223081 0.018717 0.0184413 0.00956964 0.00764858 0.00491081
threshold=87.27040322500001 108.18628075000002 69.795903020000011 277.73450000000008 75.216090975000014 239.27450000000002 98.064998625000015 251.43850000000003 -0.034999999999999996 236.23700000000005 -0.41499999999999992 1.0290694467549546 0.016364467154873854 -0.0021685748723013995 1.0216738369523801 240.86050000000003 97.39500046000002 84.283805485000002 265.78750000000008 51.946306443170421 0.017103668718974254 -0.62499999999999989 14.644999980000001 1.0645062304970865 0.41500000000000004
decision_type=2 2 2 2 2 2 2 2 2 2 2 2 2 2 2 2 2 2 2 2 2 2 2 2 2
left_child=2 8 15 4 9 6 -6 -7 23 22 -3 13 -11 21 20 19 -13 -15 24 -1 -10 -5 -4 -2 -17
right_child=1 10 3 11 5 7 -8 -9 14 12 -12 16 -14 17 -16 18 -18 -19 -20 -21 -22 -23 -24 -25 -26
leaf_value=-0.0018275744765996931 0.0055701789778258128 0.0067027543439813278 -0.0012012742532586508 -0.0012052938223683408 0.001658389269716709 -0.0010292308127787459 0.004850470567426898 0.00038048147396283583 0.0019985446644733831 -0.00085101430310109227 0.011730921919856752 -0.0020528009838328282 0.00013752474752363526 -0.00098509009336703447 0.00076065118878928791 -0.0012140939035016345 -0.0042443383170498736 0.00031000134223343236 -0.001917109048550392 -0.0029676126584410665 0.0035288054126907478 -0.0028922061786055562 -0.0022808853283954353 0.0038742489576339728 -0.00042324488783197013
leaf_weight=63 34 22 32 20 101 281 54 422 58 290 20 28 183 47 36 95 26 22 76 59 21 29 51 44 23
leaf_count=63 34 22 32 20 101 281 54 422 58 290 20 28 183 47 36 95 26 22 76 59 21 29 51 44 23
internal_value=6.93908e-06 0.00428603 -0.000522158 -0.000257918 -5.0146e-05 0.000360457 0.00281366 -0.000179403 0.0031185 -0.000688669 0.00938402 -0.0019385 -0.000462744 -0.00130447 0.0019801 -0.00183391 -0.00322052 -0.000530776 -0.00143758 -0.00242294 0.00248185 -0.00230155 -0.00191962 0.00471263 -0.00109001
internal_weight=2137 235 1902 1586 1414 858 155 703 193 556 42 172 473 118 115 316 54 69 194 122 79 49 83 78 118
internal_count=2137 235 1902 1586 1414 858 155 703 193 556 42 172 473 118 115 316 54 69 194 122 79 49 83 78 118
is_linear=0
shrinkage=0.03


Tree=30
num_leaves=24
num_cat=0
split_feature=20 21 19 19 24 19 21 14 15 19 21 20 19 21 24 21 20 17 16 15 13 15 0
split_gain=3.39179 1.38306 0.812564 0.762038 0.771566 0.894077 0.296993 0.292291 0.291967 0.307848 0.189235 0.17634 0.138068 0.133966 0.105702 0.0547797 0.0319022 0.0298283 0.0236757 0.0135771 0.0160198 0.0108051 0.00360843
threshold=38.085000995000009 1.0300000000000002 94.665000915000022 92.755001070000006 0.49500000000000005 97.17499924000002 2.1550000000000007 0.033955425672677654 0.020217971748050855 100.03499985000001 2.4650000000000003 28.184999465000001 94.985000610000014 0.82500000000000007 0.38500000000000006 1.155 22.714999195000001 -0.008534236365296698 56.351293686499709 0.0082985410030097014 0.9888592307064229 0.014147119444868102 0.0015798853269419003
decision_type=2 2 2 2 2 2 2 2 2 2 2 2 2 2 2 2 2 2 2 2 2 2 2
left_child=1 2 13 10 8 12 -7 -2 11 -10 14 -5 -6 17 15 -3 -15 -1 -4 -12 -21 -16 -19
right_child=7 3 18 4 5 6 -8 -9 9 -11 19 -13 -14 16 21 -17 -18 22 -20 20 -22 -23 -24
leaf_value=0.00072693033912219114 0.0052534747091787203 0 0.0061952732938528061 -0.00030778112038604887 -0.00086856222557276481 0.0058487791080366483 0.0020030956286673351 0.011303840249776841 -0.0031514894351665234 0.00039729683535406364 -0.0012338664402132449 -0.0023920120682853919 0.00035594325793827605 0.0028562580360018686 -0.00054538256723595695 -0.0015100327188814066 0.0010148830874180741 -7.4491514957376873e-05 0.0040359431108967824 -0.0016733544889837504 -0.002796231638130389 0.00024014229258522389 -0.00084103273294866088
leaf_weight=23 20 23 24 777 124 21 169 20 73 29 22 38 243 22 22 190 28 20 43 39 94 49 24
leaf_count=23 20 23 24 777 124 21 169 20 73 29 22 38 243 22 22 190 28 20 43 39 94 49 24
internal_value=6.83491e-06 -0.000158766 0.00231592 -0.000399444 -7.02063e-05 0.000807311 0.00247225 0.00855375 -0.00060679 -0.00211933 -0.00149541 -0.000411449 -5.08699e-05 0.000762557 -0.00101062 -0.00134341 0.00192403 -7.56443e-05 0.00493328 -0.00235228 -0.0025043 0 -0.00056867
internal_weight=2137 2097 184 1913 1474 557 190 40 917 102 439 815 367 117 284 213 50 67 67 155 133 71 44
internal_count=2137 2097 184 1913 1474 557 190 40 917 102 439 815 367 117 284 213 50 67 67 155 133 71 44
is_linear=0
shrinkage=0.03


Tree=31
num_leaves=22
num_cat=0
split_feature=20 21 23 22 23 24 11 24 14 24 23 23 22 24 22 11 15 24 24 17 10
split_gain=3.20206 1.30475 0.914428 1.81443 0.76226 0.664411 0.406139 0.370904 0.274244 0.235184 0.198978 0.173362 0.172307 0.134719 0.103555 0.0791237 0.0730876 0.0420488 0.0348274 0.0238377 0.0226202
threshold=38.085000995000009 1.0300000000000002 0.22000000000000003 239.27450000000002 2.3000000000000003 -0.79499999999999993 0.96524543399080398 0.6150000000000001 0.033955425672677654 0.79500000000000015 0.12500000000000003 0.12500000000000003 237.74700000000004 -0.86499999999999988 260.61500000000007 1.0548564428296434 0.017423405445466455 -0.92499999999999993 0.48500000000000004 -0.008534236365296698 1.0103129426752708
decision_type=2 2 2 2 2 2 2 2 2 2 2 2 2 2 2 2 2 2 2 2 2
left_child=1 5 7 12 6 14 -5 10 -2 -6 13 -9 -4 -3 17 -7 -14 19 -12 -1 -16
right_child=8 2 3 4 9 15 -8 11 -10 -11 18 -13 16 -15 20 -17 -18 -19 -20 -21 -22
leaf_value=0.00044160464309555078 0.0051033753204558574 -0.00047873882350910984 0.0053810965938623561 0.00048694608189762831 0.0022698949534669518 0.006544324789728437 -0.00094618285622581632 0.0030411288433894513 0.010980873333556311 -0.00043474174267612399 -0.0035860024049878124 -0.00049533037887443279 0.0014509353073564636 -0.0015097959089437841 0.0028710169951830589 0.0036563145046972713 0.0037175999732954163 0.0012409707770439917 -0.0020083650059625506 -0.00079223931720480325 0.0010958635061234236
leaf_weight=20 20 174 42 235 124 20 698 24 20 35 39 22 33 404 20 45 34 22 49 33 24
leaf_count=20 20 174 42 235 124 20 698 24 20 35 39 22 33 404 20 45 34 22 49 33 24
internal_value=6.99137e-06 -0.000153871 -0.000387675 0.00011519 -0.000251945 0.00224967 -0.000581866 -0.00123909 0.00831144 0.00165679 -0.00142145 0.0013114 0.00378941 -0.00120595 0.000871399 0.00467608 0.00268306 0.000143156 -0.00277369 -0.000271527 0.00201529
internal_weight=2137 2097 1913 1201 1092 184 933 712 40 159 666 46 109 578 119 65 67 75 88 53 44
internal_count=2137 2097 1913 1201 1092 184 933 712 40 159 666 46 109 578 119 65 67 75 88 53 44
is_linear=0
shrinkage=0.03


Tree=32
num_leaves=15
num_cat=0
split_feature=20 23 23 20 22 23 23 22 15 14 22 10 11 22
split_gain=3.02269 1.04921 0.651057 0.411063 0.752638 0.453745 0.291886 0.990782 0.28917 0.257259 0.214432 0.15436 0.0565651 0.000249123
threshold=38.085000995000009 0.055000000000000007 2.3000000000000003 20.564999580000002 263.1330000000001 1.6300000000000001 0.22000000000000003 239.82900000000004 0.013808920548836453 0.033955425672677654 253.04550000000003 0.94027594094547984 0.99550763951541732 253.79800000000003
decision_type=2 2 2 2 2 2 2 2 2 2 2 2 2 2
left_child=1 -1 3 6 8 -6 11 -8 -5 -2 -4 -3 -12 -14
right_child=9 2 10 4 5 -7 7 -9 -10 -11 12 -13 13 -15
leaf_value=0.0056156593284436632 0.0049575646163097448 0.00095662786984919673 -0.00095192932477220881 -0.00055360758140341197 -0.0016153511151537434 0.0029196067801253362 0.0025789131925147224 -0.00066724126530346448 0.0016711219169885914 0.010667133876255581 0.0026879437253491518 -0.0013220318700421451 0.0006726282279206706 0.0014799967574886976
leaf_weight=27 20 26 23 63 178 21 94 760 260 20 72 509 20 44
leaf_count=27 20 26 23 63 178 21 94 760 260 20 72 509 20 44
internal_value=7.52575e-06 -0.000148727 -0.000228038 -0.000383036 0.000330431 -0.00110958 -0.000653368 -0.000303829 0.00122757 0.00807607 0.00160687 -0.00120412 0.00206529 0.00128808
internal_weight=2137 2097 2070 1911 522 199 1389 854 323 40 159 535 136 64
internal_count=2137 2097 2070 1911 522 199 1389 854 323 40 159 535 136 64
is_linear=0
shrinkage=0.03


Tree=33
num_leaves=28
num_cat=0
split_feature=25 14 25 22 23 25 23 24 19 24 22 23 10 19 25 23 21 16 15 21 20 25 17 11 25 21 9
split_gain=4.47537 1.17841 0.615574 0.571044 0.41496 1.21132 0.995107 0.334055 0.323291 0.300143 0.292962 0.213284 0.178517 0.120185 0.118262 0.111374 0.102551 0.0530964 0.0519423 0.0467051 0.0336182 0.020681 0.0124819 0.00955911 0.00933031 0.00527544 0.00203508
threshold=87.27040322500001 0.026245020697018104 71.519892205000019 277.73450000000008 1.3550000000000002 77.095301285000019 1.8700000000000003 -0.034999999999999996 96.11500168000002 0.6150000000000001 258.49100000000004 2.4050000000000007 0.97137249729210995 98.39500046000002 84.398333955000012 0.40500000000000008 1.7750000000000001 67.436129235096161 0.011180175005762802 2.3650000000000007 18.724999425000004 77.704500615000015 0.0032416783062915004 0.99980458401301409 68.400346460000023 2.4650000000000003 1.0150559998909567
decision_type=2 2 2 2 2 2 2 2 2 2 2 2 2 2 2 2 2 2 2 2 2 2 2 2 2 2 2
left_child=2 7 15 4 5 9 10 13 -7 -4 -6 -8 -3 -2 16 17 22 20 -17 26 23 -18 -5 -1 -22 -20 -9
right_child=1 12 3 14 6 8 11 19 -10 -11 -12 -13 -14 -15 -16 18 21 -19 25 -21 24 -23 -24 -25 -26 -27 -28
leaf_value=-0.0014296905112706963 0.0029996076960029988 0.010829729684761593 -0.00038338992263400873 -0.00050604464224000508 -0.0026960978794736521 0.0017477402198942435 0.00016997481825377765 0.0013590474646430865 0.0046221397628761684 0.0018276929141854347 0.0003361762433355166 0.0024866997884078457 0.0057809937894344335 0.0057535794781226864 9.4502508625737391e-05 -0.0010937399132380959 -0.0035572990415727395 -0.0027483147076614528 -1.1262740492820732e-05 0.0026145384710682769 -0.0011903662503265993 -0.0021646769275423141 -0.0016539477827692667 -0.002049266090411693 -0.0003397273041636628 0.00053591729249720551 0.00053985117681856667
leaf_weight=130 42 20 564 37 174 132 212 52 52 60 32 43 22 37 23 63 33 45 24 42 46 59 20 99 33 21 20
leaf_count=130 42 20 564 37 174 132 212 52 52 60 32 43 22 37 23 63 33 45 24 42 46 59 20 99 33 21 20
internal_value=7.87664e-06 0.00390592 -0.000473966 -0.000165971 5.21204e-05 0.000463902 -0.000662563 0.00286294 0.00259688 -0.000163402 -0.00221122 0.000580545 0.00845086 0.00438274 -0.00178337 -0.00142776 -0.00209194 -0.00168965 -0.000536612 0.00175471 -0.00151687 -0.00272934 -0.000982114 -0.00171833 -0.000881224 0.00018497 0.0011831
internal_weight=2137 235 1902 1441 1269 808 461 193 184 624 206 255 42 79 172 461 149 353 108 114 308 92 57 229 79 45 72
internal_count=2137 235 1902 1441 1269 808 461 193 184 624 206 255 42 79 172 461 149 353 108 114 308 92 57 229 79 45 72
is_linear=0
shrinkage=0.03


Tree=34
num_leaves=23
num_cat=0
split_feature=20 21 19 19 15 19 22 22 20 11 21 22 22 11 21 10 20 7 20 10 15 0
split_gain=2.69265 1.0999 0.671069 0.624254 0.373969 0.281445 0.240132 0.365411 0.364474 0.22186 0.168017 0.130929 0.0834892 0.0799908 0.0449767 0.0335132 0.026771 0.023738 0.0230662 0.0148403 0.0181255 0.0011815
threshold=38.085000995000009 1.0300000000000002 94.665000915000022 92.755001070000006 0.021644091631041602 100.03499985000001 277.73450000000008 293.10550000000006 14.795000075000003 0.93677226848817485 2.4650000000000003 260.61500000000007 237.44500000000002 1.0645062304970865 1.155 0.99517149844479702 14.385000225000001 0.0080809562345789017 22.714999195000001 0.9792055155338214 0.0093611090347121024 0.0015798853269419003
decision_type=2 2 2 2 2 2 2 2 2 2 2 2 2 2 2 2 2 2 2 2 2 2
left_child=1 2 11 10 6 17 8 -8 -5 -2 12 15 16 -4 -14 -1 -3 -6 -13 -12 -21 -17
right_child=9 3 13 4 5 -7 7 -9 -10 -11 19 18 14 -15 -16 21 -18 -19 -20 20 -22 -23
leaf_value=0.00070174711574334651 0.010046795432455837 0.00068949530843487338 0.0062465120618316267 -0.00023635921349872378 -0.002032467233017087 0.00028734240192791516 -0.0017537725950346273 0.0014007560394780148 0.00080940505938842649 0.0046940649375319474 -0.0013090396902213494 0.0026636920564848442 0 0.0034447871094688454 -0.0013648782450606529 -0.0001950432773529818 -0.00045174941028257445 -0.0040235887260641904 0.00097152240083624533 -0.0011934519764845786 -0.0025788974021420333 -0.0008468757922657662
leaf_weight=24 20 27 21 698 21 28 133 42 521 20 35 22 23 46 182 20 52 31 25 22 98 26
leaf_count=24 20 27 21 698 21 28 133 42 521 20 35 22 23 46 182 20 52 31 25 22 98 26
internal_value=7.98937e-06 -0.000139407 0.00206722 -0.000354186 -5.60101e-05 -0.00203872 5.70045e-05 -0.000975983 0.000208438 0.00762337 -0.00134613 0.000653446 -0.000889162 0.004446 -0.00120764 -0.000132646 -2.04606e-05 -0.00332961 0.00186509 -0.00215311 -0.00236165 -0.00063748
internal_weight=2137 2097 184 1913 1474 80 1394 175 1219 40 439 117 284 67 205 70 79 52 47 155 120 46
internal_count=2137 2097 184 1913 1474 80 1394 175 1219 40 439 117 284 67 205 70 79 52 47 155 120 46
is_linear=0
shrinkage=0.03


Tree=35
num_leaves=27
num_cat=0
split_feature=25 20 25 22 24 23 25 23 19 24 22 23 11 11 22 24 11 11 17 19 22 25 20 25 19 24
split_gain=4.04252 1.04496 0.566774 0.510927 0.450855 0.37835 1.12571 0.91044 0.303221 0.277143 0.269997 0.202723 0.118487 0.108293 0.10166 0.0729864 0.0563415 0.0522893 0.0481162 0.0392462 0.0242177 0.013433 0.0105123 0.0103756 0.00821223 0.00182977
threshold=87.27040322500001 46.055000305000007 71.519892205000019 277.73450000000008 -0.084999999999999978 1.3550000000000002 77.095301285000019 1.8700000000000003 96.11500168000002 0.6150000000000001 258.49100000000004 2.4050000000000007 1.0548564428296434 0.99449741793022095 240.38350000000003 0.44500000000000006 1.0216738369523801 0.99668590251047806 -0.0061269710520115489 96.829998015000015 265.78750000000008 80.109665610000022 14.125000000000002 69.795903020000011 97.795001985000013 -0.6349999999999999
decision_type=2 2 2 2 2 2 2 2 2 2 2 2 2 2 2 2 2 2 2 2 2 2 2 2 2 2
left_child=2 4 14 5 12 6 9 10 -8 -4 -7 -9 -2 18 17 20 24 22 -5 25 23 -20 -1 -16 -6 -15
right_child=1 -3 3 13 16 7 8 11 -10 -11 -12 -13 -14 19 15 -17 -18 -19 21 -21 -22 -23 -24 -25 -26 -27
leaf_value=-0.0016047001985403206 0.0059246017624708745 0.010029450193047523 -0.00037097951810582535 -0.001894600416423054 0.0014992309588672858 -0.0025775375787594488 0.0016781799071083278 0.00015763902187865541 0.0044634517174706144 0.0017534771383879324 0.00033042038153772329 0.0024164457265287635 0.0033484850393235687 -0.00093097075766750744 -0.0011333475641382392 0.00012240061688935383 0.00065395204265032117 -0.0025049173102203396 -0.00094401744082902694 -0.0032382976167968343 -0.0016628987477372657 0 -0.00055180062433438635 -0.00050446672736434266 0.0025987066363539692 -0.0020381974691282144
leaf_weight=38 43 21 564 29 34 174 132 212 52 60 32 43 49 20 119 39 37 92 20 41 87 40 27 59 51 22
leaf_count=38 43 21 564 29 34 174 132 212 52 60 32 43 49 20 119 39 37 92 20 41 87 40 27 59 51 22
internal_value=7.94569e-06 0.00371276 -0.000449933 -0.000154315 0.00303518 5.18544e-05 0.000445142 -0.000630443 0.00250141 -0.000159426 -0.00211191 0.000558206 0.00463556 -0.00168427 -0.00136515 -0.00101872 0.00177607 -0.00200627 -0.000888229 -0.0024814 -0.00119776 -0.00032955 -0.00122778 -0.000945641 0.00221635 -0.00161463
internal_weight=2137 235 1902 1441 214 1269 808 461 184 624 206 255 92 172 461 304 122 157 89 83 265 60 65 178 85 42
internal_count=2137 235 1902 1441 214 1269 808 461 184 624 206 255 92 172 461 304 122 157 89 83 265 60 65 178 85 42
is_linear=0
shrinkage=0.03


Tree=36
num_leaves=25
num_cat=0
split_feature=25 25 25 22 25 22 25 22 20 25 22 22 14 22 19 16 22 19 22 22 19 25 20 10
split_gain=3.81369 0.989605 0.534337 0.483621 0.219573 0.929113 0.336135 0.247783 0.183081 0.149183 0.109699 0.0999614 0.0979359 0.0956909 0.0522956 0.0497454 0.0377219 0.0373831 0.0296269 0.0291918 0.0274683 0.0125466 0.00959682 0.00410672
threshold=87.27040322500001 109.40446460000001 71.519892205000019 281.69400000000007 75.154113580000015 240.16150000000002 77.978101015000007 251.43850000000003 22.949999805000001 83.908747520000006 259.18850000000003 236.23700000000005 0.014617963588433152 240.38350000000003 101.37500000000001 42.368804858897001 256.03400000000005 104.31499860000001 257.97750000000008 265.78750000000008 97.244998930000023 70.879076730000008 14.125000000000002 1.0103129426752708
decision_type=2 2 2 2 2 2 2 2 2 2 2 2 2 2 2 2 2 2 2 2 2 2 2 2
left_child=2 8 13 4 11 6 -6 -7 10 20 16 -4 -13 15 19 22 23 18 -10 21 -5 -15 -1 -2
right_child=1 -3 3 9 5 7 -8 -9 17 -11 -12 12 -14 14 -16 -17 -18 -19 -20 -21 -22 -23 -24 -25
leaf_value=-0.0015215399025336781 0.0020686490102671084 0.008246861622979244 -0.0016621398666784874 -0.0016406024858850287 0.0012038986412698475 -0.00088080178825873569 0.0040559860450171282 0.00025292329619060178 0.00325480528192764 -7.4582154138410896e-05 0.0037523208291015842 -0.00085840142144476424 0.00012778473214474734 -0.0009718290971883469 0.00017338976839424242 -0.0023956175601730742 0.00020617378375609405 0.0022133314899355173 0.0052071984499692915 -0.0016135786884167993 -0.0030420175512055202 -0.0001602699644797887 -0.00047787603156434165 0.00097980111005017533
leaf_weight=33 31 35 62 39 105 277 62 455 43 33 21 170 183 160 27 98 29 24 29 87 55 30 26 23
leaf_count=33 31 35 62 39 105 277 62 455 43 33 21 170 183 160 27 98 29 24 29 87 55 30 26 23
internal_value=7.87208e-06 0.00360634 -0.000436818 -0.000149717 1.9484e-05 0.000285123 0.00229845 -0.000172619 0.00274233 -0.00191026 0.00178522 -0.000548051 -0.000339758 -0.00132548 -0.000988763 -0.00194811 0.00121306 0.00371918 0.00414284 -0.00111305 -0.00251555 -0.000860905 -0.00112725 0.00168567
internal_weight=2137 235 1902 1441 1314 899 167 732 200 127 104 415 353 461 304 157 83 96 72 277 94 190 59 54
internal_count=2137 235 1902 1441 1314 899 167 732 200 127 104 415 353 461 304 157 83 96 72 277 94 190 59 54
is_linear=0
shrinkage=0.03


Tree=37
num_leaves=23
num_cat=0
split_feature=25 20 25 24 23 23 23 24 23 23 19 11 23 21 11 16 11 20 25 11 11 19
split_gain=3.60002 0.951741 0.503661 0.395062 0.312473 0.30225 0.583194 0.511676 0.38149 0.193465 0.13581 0.105163 0.0888476 0.0758309 0.0495117 0.0462241 0.04483 0.0283627 0.00726741 0.00709685 0.00659151 0.00642168
threshold=87.27040322500001 46.055000305000007 71.519892205000019 -0.084999999999999978 2.4050000000000007 1.3550000000000002 1.8700000000000003 0.64500000000000013 0.33500000000000008 1.6850000000000003 97.915000915000022 1.0548564428296434 0.40500000000000008 2.0150000000000001 1.0216738369523801 67.436129235096161 1.0140090575595162 18.724999425000004 68.400346460000023 0.99980458401301409 0.9760786754385663 97.795001985000013
decision_type=2 2 2 2 2 2 2 2 2 2 2 2 2 2 2 2 2 2 2 2 2 2
left_child=2 3 12 11 5 7 9 8 -4 -7 -9 -2 15 -8 21 17 20 19 -19 -1 -14 -5
right_child=1 -3 4 14 -6 6 13 10 -10 -11 -12 -13 16 -15 -16 -17 -18 18 -20 -21 -22 -23
leaf_value=-0.001281763879400998 0.0055754675556990239 0.009533615734089505 -0.00063352162127183753 0.0014125677634467138 0.0023381846763870931 -0.001183135484822658 -0.0012754207545270521 0.00015667702092988682 0.00062422733079296072 -0.0031165851368830442 0.0032185708313249052 0.0031367767886817458 0.00051143548067193473 0.0004102118640277897 0.00061553988735632678 -0.0025099692669413656 -0.0010938090789639815 -0.0010471702993951459 -0.00028060721279796463 -0.0018444457504246383 -0.00012035330556853509 0.0024469541448096815
leaf_weight=130 43 21 547 34 43 118 26 20 357 88 54 49 21 188 37 45 54 46 33 99 33 51
leaf_count=130 43 21 547 34 43 118 26 20 357 88 54 49 21 188 37 45 54 46 33 99 33 51
internal_value=7.86665e-06 0.00350411 -0.000424147 0.00285689 -0.00014534 -0.00022549 -0.000898042 6.08939e-05 -0.000133366 -0.00203463 0.00244415 0.00435655 -0.00128695 0.000186482 0.00167538 -0.00152139 -0.000486238 -0.00135959 -0.000771971 -0.00154502 7.56285e-05 0.00208932
internal_weight=2137 235 1902 214 1441 1398 420 978 904 206 74 92 461 214 122 353 108 308 79 229 54 85
internal_count=2137 235 1902 214 1441 1398 420 978 904 206 74 92 461 214 122 353 108 308 79 229 54 85
is_linear=0
shrinkage=0.03


Tree=38
num_leaves=23
num_cat=0
split_feature=25 20 25 22 24 25 23 23 23 25 22 11 24 11 22 19 16 22 19 21 24 21
split_gain=3.39633 0.897478 0.475638 0.423785 0.371495 0.290506 0.856454 0.537067 0.453431 0.133911 0.12746 0.0982944 0.0769972 0.0464016 0.046219 0.0259682 0.0183473 0.0134649 0.00563123 0.00257197 0.0025231 0.00026485
threshold=87.27040322500001 46.055000305000007 69.795903020000011 281.69400000000007 -0.084999999999999978 75.154113580000015 0.9750000000000002 0.33500000000000008 1.8700000000000003 83.908747520000006 236.23700000000005 1.0548564428296434 0.62500000000000011 1.0216738369523801 240.86050000000003 97.244998930000023 51.946306443170421 265.78750000000008 97.795001985000013 1.5750000000000004 0.41500000000000004 2.0250000000000004
decision_type=2 2 2 2 2 2 2 2 2 2 2 2 2 2 2 2 2 2 2 2 2 2
left_child=2 4 14 5 11 10 7 -7 -8 15 21 -2 -12 18 16 -5 -1 20 -6 -19 -16 -4
right_child=1 -3 3 9 13 6 8 -9 -10 -11 12 -13 -14 -15 17 -17 -18 19 -20 -21 -22 -23
leaf_value=-0.0014396804601419717 0.0054120049474930222 0.0092606072927063163 -0.0018922932826898108 -0.0015740843336214309 0.0013714015215901391 0.00069943132078994748 -0.0011696417841525327 0.0033902528970646334 0.00052064025707363728 -0.00010623273616553941 -0.00047965764881177479 0.0030445555450022222 0.0013077962483406405 0.00059755963548760568 -0.00095538468277663914 -0.0029397845938136536 -0.0024567349588498475 -0.001916795710048505 0.0023749572203960274 -0.001082333498807667 -0.00030858684488339346 -0.0010038380492073686
leaf_weight=63 43 21 58 39 34 230 318 96 255 33 459 49 21 37 95 55 59 34 51 42 23 22
leaf_count=63 43 21 58 39 34 230 318 96 255 33 459 49 21 37 95 55 59 34 51 42 23 22
internal_value=7.84946e-06 0.00340379 -0.000411724 -0.000197364 0.0027747 -5.00091e-05 0.000281768 0.00150894 -0.000412599 -0.00185315 -0.00058753 0.00422963 -0.000392663 0.00162768 -0.00147412 -0.00242728 -0.0019719 -0.00113719 0.00202903 -0.00151465 -0.000858177 -0.00170041
internal_weight=2137 235 1902 1586 214 1459 899 326 573 127 560 92 480 122 316 94 122 194 85 76 118 80
internal_count=2137 235 1902 1586 214 1459 899 326 573 127 560 92 480 122 316 94 122 194 85 76 118 80
is_linear=0
shrinkage=0.03


Tree=39
num_leaves=24
num_cat=0
split_feature=25 25 25 23 23 23 24 23 24 23 19 23 11 15 16 16 21 11 14 24 24 21 19
split_gain=3.20472 0.850006 0.449856 0.289578 0.281252 0.52402 0.464811 0.348995 0.269072 0.182193 0.125064 0.0791512 0.0722653 0.0435709 0.0425327 0.0411635 0.0257839 0.0175494 0.0168271 0.0146745 0.0131601 0.00447811 0.000870256
threshold=87.27040322500001 111.17929280000003 71.519892205000019 2.4050000000000007 1.3550000000000002 1.8700000000000003 0.64500000000000013 0.33500000000000008 -0.034999999999999996 1.6850000000000003 97.915000915000022 0.40500000000000008 0.94484975374707136 0.011180175005762802 60.799341684571203 67.436129235096161 1.2350000000000001 0.99980458401301409 0.017103668718974254 -0.45499999999999996 0.51500000000000012 2.4650000000000003 98.92499924000002
decision_type=2 2 2 2 2 2 2 2 2 2 2 2 2 2 2 2 2 2 2 2 2 2 2
left_child=2 8 11 4 6 9 7 -4 19 -6 -8 15 -7 -13 18 16 -1 -18 20 -2 -10 -15 -21
right_child=1 -3 3 -5 5 12 10 -9 14 -11 -12 13 -14 21 -16 -17 17 -19 -20 22 -22 -23 -24
leaf_value=-0.000297960241024773 0.0029889899005492533 0.0081866839158123931 -0.00060090905771108326 0.0022543691384013403 -0.0011131452925128083 0.0017181709939613936 0.0001340806236091469 0.0006020719810944556 0.00095963125830237945 -0.0029894431518034991 0.0030771703876808967 -0.00096960953223454275 -1.4406701917323515e-05 0 0.00033044022030015994 -0.0023742201917845269 -0.001094286235846591 -0.0017074759133564705 0.0028388361500745465 0.003262388814443155 0.002119330316075477 0.0005166598912328482 0.0051915339893764921
leaf_weight=30 44 28 547 43 118 23 20 357 40 88 54 63 191 24 26 45 157 121 21 22 28 21 26
leaf_count=30 44 28 547 43 118 23 20 357 40 88 54 63 191 24 26 45 157 121 21 22 28 21 26
internal_value=7.59509e-06 0.00330638 -0.000399931 -0.00013631 -0.000213546 -0.000862363 6.26187e-05 -0.000122383 0.00259564 -0.00193973 0.00233413 -0.00121539 0.000164977 -0.000457332 0.00156191 -0.00143689 -0.001283 -0.00137709 0.00188067 0.00382485 0.00150443 0.000200126 0.00445319
internal_weight=2137 235 1902 1441 1398 420 978 904 207 206 74 461 214 108 115 353 308 278 89 92 68 45 48
internal_count=2137 235 1902 1441 1398 420 978 904 207 206 74 461 214 108 115 353 308 278 89 92 68 45 48
is_linear=0
shrinkage=0.03


Tree=40
num_leaves=31
num_cat=0
split_feature=25 20 25 21 24 19 23 19 24 24 25 15 21 19 23 11 25 11 11 23 11 21 25 25 25 11 8 19 11 20
split_gain=3.02562 0.817253 0.428684 0.365877 0.578803 0.461475 0.404079 0.381027 0.327065 0.304698 0.152205 0.146914 0.123516 0.092811 0.125727 0.0860686 0.0701411 0.0698649 0.0651657 0.0550555 0.0404696 0.0365846 0.0333049 0.0259269 0.0208279 0.00689294 0.00610495 0.00371524 0.00291904 0.00206589
threshold=87.27040322500001 46.055000305000007 74.878189790000008 2.6550000000000007 0.52500000000000013 97.744998930000023 1.8700000000000003 96.64500046000002 -0.084999999999999978 0.25500000000000006 68.400346460000023 0.015447913926991403 2.1450000000000005 90.975002290000006 0.22000000000000003 1.0548564428296434 83.908747520000006 0.99668590251047806 0.94484975374707136 0.095000000000000015 1.0216738369523801 3.0450000000000004 72.289721660000012 78.464234525000009 64.352101320000017 1.0740388020599612 1.0045158887072345 97.795001985000013 0.97490642232834634 18.845000265000007
decision_type=2 2 2 2 2 2 2 2 2 2 2 2 2 2 2 2 2 2 2 2 2 2 2 2 2 2 2 2 2 2
left_child=2 8 10 4 5 11 16 23 15 -7 24 -4 -9 22 19 -2 -5 -16 -8 -15 27 -20 26 -6 -1 29 -12 -10 -24 -26
right_child=1 -3 3 6 7 9 18 12 20 -11 13 -13 -14 14 17 -17 -18 -19 21 -21 -22 -23 28 -25 25 -27 -28 -29 -30 -31
leaf_value=-0.002397856403444264 0.005092071414332499 0.008803301364183426 -0.00020728042158281798 -0.0021292157838968626 -1.2948185449377409e-05 -0.002581583710244069 0.0016687735794112086 0.0052605703760470659 0.0012960556221793273 0.0013711399393422263 -0.00069561423753155389 0.00089745242987698478 0.0024007209598514534 -0.00045576733491179761 0.0002024575548615953 0.0028595774417370561 -0.0004046153383237652 -0.00078347017564801922 -0.00036163491190959618 -0.0015024858577467124 0.00056267355293446023 0.00062389150909774997 0.00020934394046502269 0.0011639389493502677 -0.0013711118821473163 -0.0020372556897421037 0 0.0022280276269078829 0.00093585409465595144 -0.00077331613844101562
leaf_weight=36 43 21 212 138 62 90 23 20 34 20 24 213 85 71 120 49 31 130 96 206 37 51 22 20 110 30 21 51 31 40
leaf_count=36 43 21 212 138 62 90 23 20 34 20 24 213 85 71 120 49 31 130 96 206 37 51 22 20 110 30 21 51 31 40
internal_value=7.8283e-06 0.00321315 -0.000388107 1.02077e-05 0.000394654 -0.000103034 -0.000798513 0.00182745 0.00261224 -0.00183 -0.000893595 0.00034015 0.00301825 -0.000646377 -0.000804862 0.00397882 -0.00183476 -0.000299352 0.000218797 -0.00124759 0.00153334 0 0.000175099 0.000248518 -0.00158882 -0.00139809 -0.000378858 0.00190953 0.000699301 -0.00123774
internal_weight=2137 235 1902 1061 722 535 339 187 214 110 841 425 105 625 527 92 169 250 170 277 122 147 98 82 216 180 45 85 53 150
internal_count=2137 235 1902 1061 722 535 339 187 214 110 841 425 105 625 527 92 169 250 170 277 122 147 98 82 216 180 45 85 53 150
is_linear=0
shrinkage=0.03


Tree=41
num_leaves=24
num_cat=0
split_feature=25 20 25 22 24 25 23 23 23 22 14 25 23 16 22 19 19 16 22 21 21 24 20
split_gain=2.85562 0.799508 0.392266 0.408034 0.330531 0.246887 0.779069 0.479948 0.392285 0.111026 0.0977403 0.0971937 0.0399244 0.0547461 0.0386423 0.0370118 0.0195733 0.0150328 0.0112325 0.00826889 0.00294825 0.00219923 0.00089458
threshold=86.843444225000013 46.055000305000007 69.795903020000011 281.69400000000007 -0.084999999999999978 75.154113580000015 0.9750000000000002 0.33500000000000008 1.8700000000000003 236.23700000000005 0.014170510876974051 83.908747520000006 1.5650000000000002 51.36659272259147 240.86050000000003 98.39500046000002 97.244998930000023 51.946306443170421 265.78750000000008 1.9950000000000003 1.5750000000000004 0.41500000000000004 14.644999980000001
decision_type=2 2 2 2 2 2 2 2 2 2 2 2 2 2 2 2 2 2 2 2 2 2 2
left_child=2 4 14 5 15 9 7 -7 -8 22 -11 16 -6 -14 17 -2 -5 -1 21 -15 -20 -16 -4
right_child=1 -3 3 11 12 6 8 -9 -10 10 -12 -13 13 19 18 -17 -18 -19 20 -21 -22 -23 -24
leaf_value=-0.0013188938182865967 0.0029214344210922718 0.0085512067262421953 -0.0010114028235897422 -0.0015274158684303984 0.00028529655528317175 0.00065970044369792697 -0.0011361433879556225 0.0032047279442578899 0.0004546013799758622 -0.00079009842738632873 5.4309081279938222e-05 -0.00027631587330886924 0.0024659898305932682 0.00025309426340806694 -0.0008746642004571185 0.004658515914799051 -0.0027789520759667671 -0.0022615084106102586 -0.0017847442123506748 0.0012658404799608084 -0.00097312516905502728 -0.00026322953065391629 -0.001823486466363717
leaf_weight=63 46 21 29 39 27 230 307 96 251 239 241 32 53 20 95 46 55 59 34 38 42 23 51
leaf_count=63 46 21 29 39 27 230 307 96 251 239 241 32 53 20 95 46 55 59 34 38 42 23 51
internal_value=7.91372e-06 0.0030088 -0.000391256 -0.000194528 0.00245494 -4.8974e-05 0.000260878 0.00142584 -0.000415693 -0.000543038 -0.000360667 -0.00182548 0.00147363 0.00173077 -0.00135551 0.00386299 -0.00231282 -0.00181382 -0.00104408 0.000977674 -0.00139364 -0.00078391 -0.00158226
internal_weight=2137 251 1886 1570 230 1444 884 326 558 560 480 126 138 111 316 92 94 122 194 58 76 118 80
internal_count=2137 251 1886 1570 230 1444 884 326 558 560 480 126 138 111 316 92 94 122 194 58 76 118 80
is_linear=0
shrinkage=0.03


Tree=42
num_leaves=30
num_cat=0
split_feature=25 25 24 19 21 21 24 24 11 25 21 15 25 24 19 25 23 15 25 19 20 20 23 17 21 11 19 16 23
split_gain=2.69526 0.76057 0.376013 0.587203 0.40173 0.342144 0.238765 0.168109 0.174068 0.144114 0.173382 0.142665 0.177984 0.154638 0.152529 0.109518 0.101543 0.0800393 0.0560511 0.0486032 0.0413089 0.0376382 0.0335025 0.0317078 0.0300797 0.02961 0.0118474 0.0063477 0.00152236
threshold=86.843444225000013 111.17929280000003 0.44500000000000006 96.354999540000009 2.0850000000000004 1.155 -0.034999999999999996 0.53500000000000014 0.99266816651456546 83.052532830000018 2.4850000000000008 0.020217971748050855 71.519892205000019 0.26500000000000007 95.344997405000015 75.874196595000015 1.8700000000000003 0.031976395129455708 72.57634550500002 98.625000000000014 16.345000265000007 26.715000150000005 0.47500000000000003 -0.0029833885291903994 2.3650000000000007 1.0071605543269324 99.165000915000022 60.799341684571203 0.085000000000000006
decision_type=2 2 2 2 2 2 2 2 2 2 2 2 2 2 2 2 2 2 2 2 2 2 2 2 2 2 2 2 2
left_child=2 6 5 9 -5 17 26 22 -9 10 15 12 25 19 -14 -4 -12 18 -1 -13 -11 -20 -6 -15 27 -7 28 -8 -2
right_child=1 -3 3 4 7 11 24 8 -10 20 16 13 14 23 -16 -17 -18 -19 21 -21 -22 -23 -24 -25 -26 -27 -28 -29 -30
leaf_value=-5.0205493501077085e-05 0.0021596456315239954 0.0075569959103033452 -0.00072866378318460706 0.0046093315889925834 -0.0014529990007036498 -0.0009771229164934319 0.0012279260538151423 0.0017840332987644634 -8.6190290317763807e-05 0.0017675395616226725 -0.0017931457210986377 -0.002080754104456952 0.00017770009434066067 -0.0012304143761949879 -0.00085866423565350591 0.00065734241136364757 -0.00029505117762230592 -0.00049747403319745967 0.0018351747175503986 -0.00416573473370888 0 0.00017473992748207157 0 0.00033412536423103038 0.0021262783747166393 -0.0016158440368366426 0.0044878847416904236 0.00043284353093476965 0.0034500832143597878
leaf_weight=26 28 28 112 27 20 174 58 146 60 26 141 52 213 20 303 92 65 38 59 21 21 21 49 21 44 179 26 29 38
leaf_count=26 28 28 112 27 20 174 58 146 60 26 141 52 213 20 303 92 65 38 59 21 21 21 49 21 44 179 26 29 38
internal_value=7.66164e-06 0.00292311 -0.000380097 0.000132667 0.00116022 -0.0007279 0.00229675 0.00079524 0.00122703 -0.000540874 -0.000725806 -0.000929135 -0.000790637 -0.00194273 -0.000425544 -8.88106e-05 -0.00133865 0.000622053 0.00105233 -0.00276927 0.000991372 0.00144389 -0.000450128 -0.000368761 0.00141754 -0.00131313 0.0034877 0.00100492 0.00298781
internal_weight=2137 251 1886 759 302 1127 223 275 206 457 410 983 869 114 516 204 206 144 106 73 47 80 69 41 131 353 92 87 66
internal_count=2137 251 1886 759 302 1127 223 275 206 457 410 983 869 114 516 204 206 144 106 73 47 80 69 41 131 353 92 87 66
is_linear=0
shrinkage=0.03


Tree=43
num_leaves=25
num_cat=0
split_feature=25 20 25 22 25 23 23 23 15 22 19 15 11 17 23 19 11 22 11 22 19 16 13 22
split_gain=2.54385 0.727786 0.349034 0.371934 0.241116 0.873351 0.353896 0.323697 0.221895 0.105842 0.145436 0.104904 0.0763527 0.0566183 0.0393242 0.0336521 0.0831292 0.0307066 0.0299767 0.0250692 0.0190668 0.0135869 0.0126561 0.00995312
threshold=86.843444225000013 46.055000305000007 69.517795905000014 277.73450000000008 75.362453175000013 0.9750000000000002 1.8700000000000003 0.33500000000000008 0.013872347009893501 237.74700000000004 92.125000000000014 0.014771810093779951 1.0290694467549546 -0.0021685748723013995 1.5650000000000002 104.31499860000001 1.0645062304970865 240.86050000000003 1.0645062304970865 255.22300000000004 97.944999695000021 51.946306443170421 0.99873226849566044 265.78750000000008
decision_type=2 2 2 2 2 2 2 2 2 2 2 2 2 2 2 2 2 2 2 2 2 2 2 2
left_child=2 8 17 4 9 7 -7 -6 14 10 -4 -11 13 -5 -2 16 -10 21 19 -16 -14 -1 -15 -19
right_child=1 -3 3 12 5 6 -8 -9 15 11 -12 -13 20 22 18 -17 -18 23 -20 -21 -22 -23 -24 -25
leaf_value=-0.0012432891523058061 9.6227240211401984e-05 0.0081293287554925139 6.6523872971135578e-05 -0.0018033216013200579 0.00090614732045843902 -0.0010891647628359776 0.00043172456991305807 0.0031070804319663073 0.0045934337269838733 -0.00062567358789251645 -0.0015638555049105253 0.00037568430019150196 -0.0016691751605831086 0 0.00072789184163723672 0.0019512205073609946 0.002420270815451184 -0.00072579117193202107 0.00035035219584824518 0.0023308817590091454 -0.0033254062915220855 -0.0021474458573386072 -0.00080171204947263877 -0.0013309598724730312
leaf_weight=63 25 21 69 49 184 298 251 94 45 211 145 165 31 35 20 29 45 102 20 46 23 59 33 74
leaf_count=63 25 21 69 49 184 298 251 94 45 211 145 165 31 35 20 29 45 102 20 46 23 59 33 74
internal_value=7.69581e-06 0.00284011 -0.000368975 -0.000189591 -2.75044e-05 0.000300657 -0.000388847 0.00166957 0.0023111 -0.000492293 -0.00102635 -0.000178459 -0.00150731 -0.00101724 0.001283 0.00322639 0.00357836 -0.00131102 0.00158844 0.00190802 -0.00247679 -0.00171884 -0.000389401 -0.00100327
internal_weight=2137 251 1886 1588 1417 827 549 278 230 590 214 376 171 117 111 119 90 298 86 66 54 122 68 176
internal_count=2137 251 1886 1588 1417 827 549 278 230 590 214 376 171 117 111 119 90 298 86 66 54 122 68 176
is_linear=0
shrinkage=0.03


Tree=44
num_leaves=30
num_cat=0
split_feature=25 20 24 19 22 21 24 22 22 25 23 25 20 22 22 21 15 11 25 25 20 19 23 16 22 22 19 21 23
split_gain=2.40177 0.685962 0.342072 0.532735 0.469499 0.306069 0.27474 0.183632 0.156707 0.165133 0.238918 0.131154 0.164272 0.145879 0.0955971 0.0884296 0.0743073 0.0695245 0.0520961 0.047055 0.0389789 0.0368343 0.03557 0.0465502 0.0347723 0.0267223 0.0217756 0.0110546 0.00572613
threshold=86.843444225000013 46.055000305000007 0.44500000000000006 96.354999540000009 238.02500000000001 1.155 -0.084999999999999978 253.79800000000003 283.52150000000006 71.519892205000019 1.8250000000000004 83.052532830000018 11.360000135000002 237.46850000000003 238.05700000000004 2.0850000000000004 0.031976395129455708 1.0548564428296434 72.57634550500002 83.223771550000023 16.345000265000007 92.524997710000022 1.5650000000000002 60.799341684571203 240.38350000000003 245.80900000000003 98.264999390000014 2.6050000000000004 2.0850000000000004
decision_type=2 2 2 2 2 2 2 2 2 2 2 2 2 2 2 2 2 2 2 2 2 2 2 2 2 2 2 2 2
left_child=2 6 5 11 15 16 17 14 9 24 -11 12 25 -14 -6 -5 18 -2 -1 -10 -13 -20 -8 28 -7 -4 -17 -9 -24
right_child=1 -3 3 4 7 8 22 27 19 10 -12 20 13 -15 -16 26 -18 -19 21 -21 -22 -23 23 -25 -26 -27 -28 -29 -30
leaf_value=-5.8384350242300157e-05 0.0045379058459604328 0.0078965341861952434 0.0010859725653193891 0.004624395498826814 -0.00171477623438013 -0.0016415392902347126 0.00022416315633537513 0.0022596065739435805 -0.0025209445479645659 -0.00015394160079814642 -0.0022589432552795516 0.0017040052281485662 0.0006164544737301185 -0.0012863702084422888 0.00017388164054266074 0.0011147256546005929 -0.00049121619925762607 0.002514966695532203 0.0020869131999520152 -0.00081823119893268651 0 0.0006353138979134518 0.002550897211857861 0.00040183464007568549 -0.00096903060313734157 0 0.0027268893008953643 0.00094976070779375732 0.0015270959828048943
leaf_weight=26 43 21 29 25 28 139 27 34 66 455 54 26 39 269 134 22 38 49 38 28 21 42 30 29 241 73 37 22 52
leaf_count=26 43 21 29 25 28 139 27 34 66 455 54 26 39 269 134 22 38 49 38 28 21 42 30 29 241 73 37 22 52
internal_value=7.64104e-06 0.00275986 -0.00035832 0.000130617 0.00110948 -0.000690087 0.00224572 0.000354686 -0.00088048 -0.000750292 -0.000387136 -0.000510703 -0.000687349 -0.0010345 -0.000142666 0.00300582 0.00058603 0.00353136 0.00100123 -0.00205928 0.000949968 0.00137911 0.00134781 0.0015899 -0.00122656 0.000331663 0.00220434 0.00182335 0.00196402
internal_weight=2137 251 1886 759 302 1127 230 218 983 889 509 457 410 308 162 84 144 92 106 94 47 80 138 111 380 102 59 56 82
internal_count=2137 251 1886 759 302 1127 230 218 983 889 509 457 410 308 162 84 144 92 106 94 47 80 138 111 380 102 59 56 82
is_linear=0
shrinkage=0.03


Tree=45
num_leaves=30
num_cat=0
split_feature=25 25 24 19 22 21 24 22 22 25 25 25 21 25 22 22 21 15 25 25 20 20 22 21 13 19 21 22 24
split_gain=2.26622 0.651795 0.323375 0.502168 0.443083 0.288334 0.196859 0.173391 0.14764 0.155273 0.223602 0.123533 0.154992 0.0996178 0.0901529 0.0893861 0.0827489 0.0701353 0.0493556 0.0438839 0.0367836 0.0349579 0.0325071 0.0248526 0.0215391 0.0110599 0.0100571 0.00332521 0.00211811
threshold=86.843444225000013 111.17929280000003 0.44500000000000006 96.354999540000009 238.02500000000001 1.155 -0.034999999999999996 253.79800000000003 283.52150000000006 71.519892205000019 83.539142130000016 83.052532830000018 2.4850000000000008 75.874196595000015 238.05700000000004 251.11600000000001 2.0850000000000004 0.031976395129455708 72.57634550500002 83.223771550000023 16.345000265000007 23.055000305000004 240.38350000000003 2.3650000000000007 0.98498480543334554 98.39500046000002 2.6050000000000004 257.97750000000008 -0.41499999999999992
decision_type=2 2 2 2 2 2 2 2 2 2 2 2 2 2 2 2 2 2 2 2 2 2 2 2 2 2 2 2 2
left_child=2 6 5 11 16 17 25 14 9 22 -11 12 13 -4 -6 -14 -5 18 -1 -10 -13 -20 -7 27 -18 -2 -9 -8 -27
right_child=1 -3 3 4 7 8 23 26 19 10 -12 20 15 -15 -16 -17 24 -19 21 -21 -22 -23 -24 -25 -26 28 -28 -29 -30
leaf_value=-5.6697679010944222e-05 0.0025534799687634666 0.0069737578185981716 -0.00067472639363732971 0.0044909994817482158 -0.0016651068132627624 -0.0015926448632497339 0.00067785480997095313 0.0021937552117875644 -0.0024464449890847528 -8.5278669732814541e-05 -0.0017725002805169044 0.001654778436033262 -0.0016718850298784674 0.0006478711591222353 0.00016870383150720348 -0.00026342171026309108 0.0026793853832358439 -0.00047685756774444598 0.0023555099829286334 -0.00079453070866393634 0 0.00081825941249936507 -0.00094007980393802403 0.0019487113600907225 0.0010983607421512717 0.0027259525358676907 0.00092250671715516112 0.0014008301972062325 0.0046456941611000462
leaf_weight=26 52 28 112 25 28 139 64 34 66 424 85 26 141 92 134 65 36 38 24 28 21 56 241 44 23 20 22 23 20
leaf_count=26 52 28 112 25 28 139 64 34 66 424 85 26 141 92 134 65 36 38 24 28 21 56 241 44 23 20 22 23 20
internal_value=8.0838e-06 0.00268155 -0.000347359 0.000127939 0.00107838 -0.000669948 0.0021005 0.000344685 -0.000854778 -0.000728256 -0.00037584 -0.000494577 -0.000666145 -6.33759e-05 -0.000138117 -0.00124538 0.00292075 0.000568278 0.000971941 -0.00199951 0.000922278 0.00133986 -0.00119021 0.00129828 0.00214163 0.00318429 0.00177191 0.000916824 0.00384889
internal_weight=2137 251 1886 759 302 1127 223 218 983 889 509 457 410 204 162 206 84 144 106 94 47 80 380 131 59 92 56 87 40
internal_count=2137 251 1886 759 302 1127 223 218 983 889 509 457 410 204 162 206 84 144 106 94 47 80 380 131 59 92 56 87 40
is_linear=0
shrinkage=0.03


Tree=46
num_leaves=30
num_cat=0
split_feature=25 20 24 19 22 21 24 22 22 25 23 25 20 22 22 23 15 25 25 16 23 16 20 16 25 19 22 21 16
split_gain=2.139 0.625344 0.305307 0.47389 0.418169 0.271665 0.24236 0.163729 0.139101 0.14601 0.217372 0.116497 0.148847 0.13527 0.0850195 0.0798291 0.0662142 0.0467783 0.0409109 0.0354101 0.0339505 0.0419608 0.03376 0.0331562 0.030711 0.0246097 0.0242168 0.0091277 0.00461641
threshold=86.843444225000013 46.055000305000007 0.44500000000000006 96.354999540000009 238.02500000000001 1.155 -0.084999999999999978 253.79800000000003 283.52150000000006 71.519892205000019 1.8250000000000004 83.052532830000018 11.360000135000002 237.46850000000003 238.05700000000004 0.33500000000000008 0.031976395129455708 72.57634550500002 83.223771550000023 49.779528418542363 1.5650000000000002 60.799341684571203 26.715000150000005 35.46523528090335 64.352101320000017 99.165000915000022 245.80900000000003 2.6050000000000004 51.36659272259147
decision_type=2 2 2 2 2 2 2 2 2 2 2 2 2 2 2 2 2 2 2 2 2 2 2 2 2 2 2 2 2
left_child=2 6 5 11 15 16 25 14 9 24 -11 12 26 -14 -6 23 17 -1 -10 -13 -8 28 -19 -5 -7 -2 -4 -9 -22
right_child=1 -3 3 4 7 8 20 27 18 10 -12 19 13 -15 -16 -17 -18 22 -20 -21 21 -23 -24 -25 -26 -27 -28 -29 -30
leaf_value=-5.5059753720545093e-05 0.0026525301513703249 0.0075113803405653344 0.0010409815202932803 0.0029406362284313545 -0.001616876133300107 -0.002093899785230557 0.00017388564615144526 0.002129822906319584 -0.0023741470792733913 -0.00014211866541116153 -0.0021503222411667759 0.0016141920250633522 0.0006112152886678814 -0.0012199603841717666 0.00016368020678508198 0.0041129578460346577 -0.00046291865339466876 0.0016706326381274266 -0.00077151672956373156 0 0.0021516623979583121 0.00037052363411057746 0.00010090611295097254 0.0010882013580485361 -0.0010452343859925807 0.0041852075578393171 0 0.0008960347837444556 0.0011724741436541079
leaf_weight=26 56 21 29 21 28 35 27 34 66 455 54 26 39 269 134 32 38 59 28 21 53 29 21 31 345 36 73 22 29
leaf_count=26 56 21 29 21 28 35 27 34 66 455 54 26 39 269 134 32 38 59 28 21 53 29 21 31 345 36 73 22 29
internal_value=8.36196e-06 0.00260574 -0.00033692 0.000124818 0.0010482 -0.000650381 0.00211427 0.000334977 -0.000829824 -0.00070686 -0.000364851 -0.000479787 -0.000646523 -0.000977154 -0.000133697 0.00283817 0.000551155 0.000943657 -0.00194149 0.000895388 0.00126869 0.00150428 0.00130195 0.00193427 -0.00115494 0.00332308 0.000322523 0.00172198 0.00185981
internal_weight=2137 251 1886 759 302 1127 230 218 983 889 509 457 410 308 162 84 144 106 94 47 138 111 80 52 380 92 102 56 82
internal_count=2137 251 1886 759 302 1127 230 218 983 889 509 457 410 308 162 84 144 106 94 47 138 111 80 52 380 92 102 56 82
is_linear=0
shrinkage=0.03


Tree=47
num_leaves=30
num_cat=0
split_feature=25 20 25 22 23 19 24 24 22 21 22 23 25 22 15 15 17 23 16 23 15 19 18 20 22 22 23 21 16
split_gain=2.01841 0.589447 0.292502 0.725835 0.424841 0.343476 0.234316 0.227691 0.203294 0.226656 0.199449 0.186862 0.100844 0.073907 0.0676415 0.060953 0.0455395 0.0318329 0.039307 0.0306185 0.028366 0.022745 0.0135342 0.0133442 0.0106704 0.0101738 0.0040652 0.00306412 0.000995658
threshold=86.843444225000013 46.055000305000007 74.878189790000008 240.16150000000002 0.22000000000000003 97.744998930000023 0.26500000000000007 -0.084999999999999978 251.43850000000003 2.6250000000000004 277.73450000000008 0.12500000000000003 67.704882915000013 236.23700000000005 0.014771810093779951 0.020049499227597203 -0.0011699727684756998 1.5650000000000002 60.799341684571203 0.22000000000000003 0.016713898792270355 98.39500046000002 0.67359312031756335 16.595000265000007 237.74700000000004 237.48750000000004 2.0850000000000004 1.9150000000000003 55.835995020844827
decision_type=2 2 2 2 2 2 2 2 2 2 2 2 2 2 2 2 2 2 2 2 2 2 2 2 2 2 2 2 2
left_child=2 7 12 4 11 8 16 21 9 -5 -10 -4 23 27 -6 19 -7 -9 26 -15 -13 -2 -17 25 -16 -1 -19 -14 -25
right_child=1 -3 3 5 14 6 -8 17 10 -11 -12 20 13 15 24 22 -18 18 -20 -21 -22 -23 -24 28 -26 -27 -28 -29 -30
leaf_value=-0.0011372292521539041 0.0024322550503655949 0.0072962817874821749 0.0017063267531202118 0.00011560353036608776 0.0010762285282835365 -0.0028117631494893993 0.00039133061705108146 0.0001688553676400001 0.00065639050396830944 -0.0015588195324513607 -0.0010220852532702219 -0.0020472243558615445 -0.0019636331225434938 -0.00084719948065505827 0.0039796118608542855 -5.3111553880047384e-05 -0.0013963663930566432 0.0023456217251462681 0.00035977845543529841 -0.00032860565305140634 -0.0003232229665154591 0.0038883965289656158 0.00059608674646677588 -0.00050239511788822706 0.0026154958482210834 -0.0020029834048425569 0.0014001608447189319 -0.0011014885852807465 -0.0011720230928622185
leaf_weight=53 46 21 33 146 20 70 37 27 346 138 76 21 26 240 41 87 50 30 29 227 23 46 38 31 44 60 52 52 27
leaf_count=53 46 21 33 146 20 70 37 27 346 138 76 21 26 240 41 87 50 30 29 227 23 46 38 31 44 60 52 52 27
internal_value=8.7431e-06 0.00253188 -0.000326624 5.7993e-06 0.00172492 -0.000354855 -0.00162012 0.00205418 -6.73483e-05 -0.000690113 0.000345312 0 -0.000742763 -0.000567691 0.002957 -0.000444391 -0.00226322 0.00123341 0.00146175 -0.000602772 -0.00123992 0.00322657 0.0001236 -0.00140399 0.00334699 -0.00163678 0.0018063 -0.00144806 -0.000879547
internal_weight=2137 251 1886 1045 182 863 157 230 706 284 422 77 841 670 105 592 120 138 111 467 44 92 125 171 85 113 82 78 58
internal_count=2137 251 1886 1045 182 863 157 230 706 284 422 77 841 670 105 592 120 138 111 467 44 92 125 171 85 113 82 78 58
is_linear=0
shrinkage=0.03


Tree=48
num_leaves=30
num_cat=0
split_feature=25 25 25 22 23 19 22 22 22 23 21 22 22 25 22 22 19 19 22 23 25 22 20 20 21 11 11 0 21
split_gain=1.90553 0.560744 0.276103 0.684183 0.401232 0.323442 0.19114 0.214621 0.187833 0.176438 0.155819 0.142168 0.122559 0.0954366 0.0743479 0.0604548 0.0560332 0.0456736 0.08403 0.0281702 0.0254399 0.0171646 0.0169064 0.0152952 0.0139756 0.00909823 0.00766037 0.0067334 0.00264259
threshold=86.843444225000013 111.17929280000003 74.878189790000008 240.16150000000002 0.22000000000000003 97.744998930000023 251.43850000000003 249.55300000000003 277.73450000000008 0.12500000000000003 1.5050000000000001 256.23300000000006 289.92950000000002 68.275479425000015 236.23700000000005 237.74700000000004 98.354999540000009 90.975002290000006 237.69500000000002 2.3850000000000002 72.289721660000012 257.97750000000008 16.394999505000005 22.430000305000004 2.7950000000000004 0.97490642232834634 1.0208633487700818 -0.0032947746485728498 1.9150000000000003
decision_type=2 2 2 2 2 2 2 2 2 2 2 2 2 2 2 2 2 2 2 2 2 2 2 2 2 2 2 2 2
left_child=2 10 13 4 9 6 7 -5 -8 -4 21 -7 -13 22 28 -6 19 20 -19 27 -16 -2 26 -11 -18 -17 -1 -12 -15
right_child=1 -3 3 5 15 11 8 -9 -10 23 16 12 -14 14 17 25 24 18 -20 -21 -22 -23 -24 -25 -26 -27 -28 -29 -30
leaf_value=-0.0011477583812691432 0.0023592658073033151 0.0064435465944738222 0.0016566425462746443 0 0.0038693280779691632 0.00053986227860593281 0.00063675553214353662 -0.001707755832196298 -0.00099182090945349084 -0.0018706849850714203 0 -0.0025403397333808244 -0.00046426165838991956 -0.0019069059333867494 -0.00030538965197047217 0.0011358526895887085 0.0029411855123259805 -0.0017938730946784329 -0.00038414913366137046 0.0015012824249355807 0.00062279391395471363 0.0038358086943626407 -0.00083027637811157343 -0.00047996508490294216 0.0013211744052823631 0.0024594245801933786 -0.0018967621017607949 0.00058833023390200527 -0.0010690674062835859
leaf_weight=68 48 28 33 175 42 22 346 109 76 20 22 94 41 26 47 20 21 43 413 37 53 31 78 24 23 43 61 41 52
leaf_count=68 48 28 33 175 42 22 346 109 76 20 22 94 41 26 47 20 21 43 413 37 53 31 78 24 23 43 61 41 52
internal_value=8.5897e-06 0.00246019 -0.000317225 5.66494e-06 0.00167481 -0.000344405 -6.52773e-05 -0.000669246 0.000334714 0 0.00192012 -0.00157224 -0.00193994 -0.000721531 -0.000529359 0.00287216 0.00128108 -0.000398557 -0.000527283 0.000825165 0.00015814 0.00301687 -0.00129032 -0.0012063 0.00220921 0.00211043 -0.00153688 0.000363952 -0.00140692
internal_weight=2137 251 1886 1045 182 863 706 284 422 77 223 157 135 841 634 105 144 556 456 100 100 79 207 44 44 63 129 63 78
internal_count=2137 251 1886 1045 182 863 706 284 422 77 223 157 135 841 634 105 144 556 456 100 100 79 207 44 44 63 129 63 78
is_linear=0
shrinkage=0.03


Tree=49
num_leaves=31
num_cat=0
split_feature=25 20 24 19 22 21 24 22 22 25 25 25 20 14 22 21 15 20 14 16 25 17 23 16 25 22 19 19 19 21
split_gain=1.79914 0.534637 0.261496 0.409566 0.357199 0.233963 0.19912 0.149793 0.118542 0.135208 0.205533 0.100266 0.131558 0.122135 0.0725739 0.0659525 0.0603391 0.0429836 0.0398767 0.0334005 0.0323319 0.0365639 0.0286431 0.0363127 0.0260445 0.0227406 0.0211075 0.0167369 0.0149839 0.00786771
threshold=86.843444225000013 46.055000305000007 0.44500000000000006 96.354999540000009 238.02500000000001 1.155 -0.084999999999999978 253.79800000000003 281.69400000000007 71.519892205000019 83.539142130000016 83.052532830000018 11.360000135000002 0.011903984024093702 238.05700000000004 2.0850000000000004 0.031976395129455708 24.934999465000001 0.033955425672677654 49.779528418542363 77.704500615000015 6.5104241018216214e-05 1.5650000000000002 51.36659272259147 64.352101320000017 245.80900000000003 99.165000915000022 98.264999390000014 93.465000150000023 2.6050000000000004
decision_type=2 2 2 2 2 2 2 2 2 2 2 2 2 2 2 2 2 2 2 2 2 2 2 2 2 2 2 2 2 2
left_child=2 6 5 11 15 16 26 14 9 24 -11 12 25 -14 -6 -5 17 18 -1 -13 -10 -22 -8 -24 -7 -4 -2 -17 -19 -9
right_child=1 -3 3 4 7 8 22 29 20 10 -12 19 13 -15 -16 27 -18 28 -20 -21 21 -23 23 -25 -26 -27 -28 -29 -30 -31
leaf_value=0.002011564733317265 0.0024051570216083512 0.0069297285330566496 0.0010082688877359031 0.0040476814688523649 -0.0015010254254628872 -0.0019361400135482348 0.00014948350758433142 0.0020313087882207971 -0.0025056676024473026 -6.3752429308410089e-06 -0.0016296295617046486 0.0015302022794623754 -0.0015366727856453509 -0.00031119888492739167 0.0001427342092272334 0.00094425401713132203 -0.00045018006078540704 -0.00024324698067669357 0.00019926769015463916 0 -0.0019335437281253305 -0.00049012284300157009 0.0019853533337979264 0.00075458236234815057 -0.00096236877991566212 0 0.0038371317332258096 0.0023894184649627852 0.00077819958043151669 0.00085281504188542778
leaf_weight=38 56 21 29 25 28 35 27 34 37 403 85 26 147 161 134 22 38 27 21 21 37 41 53 58 345 73 36 37 20 22
leaf_count=38 56 21 29 25 28 35 27 34 37 403 85 26 147 161 134 22 38 27 21 21 37 41 53 58 345 73 36 37 20 22
internal_value=8.4053e-06 0.00239062 -0.000308143 0.000118953 0.000977576 -0.000598289 0.00193499 0.000317123 -0.000764918 -0.00063798 -0.000298004 -0.000442798 -0.000597804 -0.000908873 -0.000130433 0.00263242 0.000515925 0.000891273 0.00143058 0.000831171 -0.00168341 -0.00122861 0.00116486 0.00138151 -0.00106478 0.000312081 0.00303299 0.00192526 0.000136068 0.00164404
internal_weight=2137 251 1886 759 302 1127 230 218 983 868 488 457 410 308 162 84 144 106 59 47 115 78 138 111 380 102 92 59 47 56
internal_count=2137 251 1886 759 302 1127 230 218 983 868 488 457 410 308 162 84 144 106 59 47 115 78 138 111 380 102 92 59 47 56
is_linear=0
shrinkage=0.03


Tree=50
num_leaves=31
num_cat=0
split_feature=25 25 25 21 24 19 19 25 23 24 15 24 25 11 19 23 11 11 25 11 21 21 25 19 15 20 11 23 18 23
split_gain=1.69754 0.50483 0.252319 0.235023 0.39578 0.618983 0.298752 0.282139 0.249709 0.140451 0.11739 0.091894 0.0841931 0.0689307 0.0579462 0.10154 0.0664566 0.0544258 0.0432094 0.0418594 0.0384257 0.0306058 0.0289371 0.0222871 0.0222162 0.0111727 0.0070236 0.00512558 0.00417653 0.00216473
threshold=86.843444225000013 111.17929280000003 74.878189790000008 2.6550000000000007 0.23500000000000001 95.344997405000015 98.064998625000015 78.339307210000015 1.8700000000000003 -0.084999999999999978 0.017905550621700652 -0.99499999999999988 67.704882915000013 0.97973716934950816 90.975002290000006 0.22000000000000003 0.99668590251047806 0.95200058096691975 84.398333955000012 1.0645062304970865 2.2950000000000004 3.0450000000000004 72.289721660000012 98.354999540000009 0.011466739434905551 16.595000265000007 1.0208633487700818 1.4650000000000001 0.82752381584013712 2.3850000000000002
decision_type=2 2 2 2 2 2 2 2 2 2 2 2 2 2 2 2 2 2 2 2 2 2 2 2 2 2 2 2 2 2
left_child=2 9 12 4 5 11 7 -6 18 19 -7 -4 25 -8 22 20 -17 -10 27 -2 -16 -19 28 24 29 26 -1 -5 -14 -11
right_child=1 -3 3 8 6 10 13 -9 17 23 -12 -13 14 -15 15 16 -18 21 -20 -21 -22 -23 -24 -25 -26 -27 -28 -29 -30 -31
leaf_value=-0.0010744311564516178 0.0036493281219271011 0.0061039347846446367 -0.000428226821590215 -0.0012002830662569332 -3.922944656839488e-05 -0.00092812200106266924 0.0019804347991012037 0.0018734279781963457 0.0013503827300115391 0.00076119547465017864 -0.0025524482772337981 0.0014251204957254232 -0.00053477483343046452 0.0044100540897675919 -0.00090841119767752347 0.00027027264058650203 -0.00066748717780158446 -0.00040725922874069347 -2.3068534019826481e-05 0.0019375723424057164 -0.0022374565988205948 0.00049633969744004738 0.00059586824349955553 0.0018386872991936146 0.00014239752134502244 -0.0008009497416348756 -0.0018536266467437661 -0.001882295181678439 0 0.0015524049892781241
leaf_weight=56 39 28 27 61 208 118 47 101 28 34 70 115 38 20 266 126 139 91 21 44 25 51 53 41 35 58 57 87 23 30
leaf_count=56 39 28 27 61 208 118 47 101 28 34 70 115 38 20 266 126 139 91 21 44 25 51 53 41 35 58 57 87 23 30
internal_value=8.58768e-06 0.0023226 -0.000298853 9.70542e-06 0.000324209 -0.000427029 0.000990883 0.000580293 -0.000635483 0.00180929 -0.0015591 0.00105121 -0.000685376 0.002804 -0.000524706 -0.000651424 -0.000210991 0.000160836 -0.00145039 0.00281147 -0.00104014 -6.05467e-05 6.75237e-05 0.00117814 0.000858927 -0.00129075 -0.0015066 -0.00163127 -0.000345349 0.00119641
internal_weight=2137 251 1886 1045 706 330 376 309 339 223 188 142 841 67 670 556 265 170 169 83 291 142 114 140 99 171 113 148 61 64
internal_count=2137 251 1886 1045 706 330 376 309 339 223 188 142 841 67 670 556 265 170 169 83 291 142 114 140 99 171 113 148 61 64
is_linear=0
shrinkage=0.03


Tree=51
num_leaves=26
num_cat=0
split_feature=25 20 25 22 23 23 24 21 23 23 25 22 14 23 22 25 21 10 18 16 20 0 20 22 21
split_gain=1.60274 0.486246 0.237861 0.593606 0.355305 0.215238 0.174243 0.166892 0.157068 0.154717 0.0797606 0.0700666 0.0600837 0.0830125 0.0547876 0.0486574 0.021488 0.0193526 0.0193339 0.0146351 0.0137111 0.0068482 0.0030923 0.00297753 0.00243653
threshold=86.843444225000013 46.055000305000007 74.878189790000008 240.16150000000002 0.22000000000000003 2.4050000000000007 -0.034999999999999996 1.2350000000000001 0.12500000000000003 1.8700000000000003 68.400346460000023 236.23700000000005 0.014617963588433152 0.22000000000000003 260.61500000000007 76.863038625000016 2.3650000000000007 0.98357706622387397 0.068682901821437214 67.436129235096161 22.430000305000004 -0.0032947746485728498 16.595000265000007 237.74700000000004 1.9150000000000003
decision_type=2 2 2 2 2 2 2 2 2 2 2 2 2 2 2 2 2 2 2 2 2 2 2 2 2
left_child=2 6 10 4 8 7 18 14 -4 -9 19 24 13 -13 -5 -6 21 -14 -2 22 -10 -8 -1 -17 -12
right_child=1 -3 3 5 15 -7 16 9 20 -11 11 12 17 -15 -16 23 -18 -19 -20 -21 -22 -23 -24 -25 -26
leaf_value=-0.001181615859940033 0.0036440029923211444 0.0065871733836829665 0.0015516882728894843 0.00010858675677242666 0.0012768317374607754 0.0017396883313045943 0.00015554220300842203 -0.00083502638425977048 -0.0017824464631932119 0.00011283728760680662 -0.0018168926690187717 -0.0012940013478603628 0.00035791432516176847 -0.0002346346307082087 0.0018308032227637753 0.0035975077377502309 0.0016407193511879692 -0.0001989156256694431 0.0022810951483071499 -0.001836127887038808 -0.00045249864377081396 0.00089572359046946127 -0.00071018433858640489 0.0023700499857016101 -0.001006619550668819
leaf_weight=105 32 21 33 42 26 42 28 537 20 210 26 111 84 188 32 42 44 164 68 37 24 58 74 37 52
leaf_count=105 32 21 33 42 26 42 28 537 20 210 26 111 84 188 32 42 44 164 68 37 24 58 74 37 52
internal_value=8.46046e-06 0.00225697 -0.000290232 9.273e-06 0.00156417 -0.000316601 0.00182181 -0.000427433 0 -0.000564753 -0.000665519 -0.000484152 -0.000355242 -0.000640914 0.00090781 0.00269084 0.00104726 0 0.00277869 -0.00117183 -0.00114986 0.000693775 -0.00100842 0.00309693 -0.00133427
internal_weight=2137 251 1886 1045 182 863 230 821 77 747 841 625 547 299 74 105 130 248 100 216 44 86 179 79 78
internal_count=2137 251 1886 1045 182 863 230 821 77 747 841 625 547 299 74 105 130 248 100 216 44 86 179 79 78
is_linear=0
shrinkage=0.03


Tree=52
num_leaves=31
num_cat=0
split_feature=25 25 25 22 23 19 22 21 22 23 15 21 23 25 22 15 15 22 19 19 23 15 15 22 21 25 21 15 21 23
split_gain=1.51244 0.457267 0.224906 0.559173 0.335645 0.275082 0.156608 0.183908 0.153574 0.148331 0.120457 0.119142 0.0819045 0.075257 0.0651592 0.0645046 0.0556591 0.0542541 0.0464318 0.04243 0.0407849 0.0347622 0.0240006 0.0165567 0.0134743 0.0119803 0.0056196 0.00283751 0.00206877 0.00172569
threshold=86.843444225000013 111.17929280000003 74.878189790000008 240.16150000000002 0.22000000000000003 97.744998930000023 251.43850000000003 2.6250000000000004 277.73450000000008 0.12500000000000003 0.016144757205246253 1.5050000000000001 1.9950000000000003 68.275479425000015 236.23700000000005 0.011859436765058603 0.014771810093779951 256.23300000000006 98.354999540000009 97.86500168000002 0.22000000000000003 0.011466739434905551 0.016713898792270355 257.97750000000008 2.7950000000000004 64.352101320000017 2.0950000000000002 0.018531570821816352 1.9150000000000003 2.3850000000000002
decision_type=2 2 2 2 2 2 2 2 2 2 2 2 2 2 2 2 2 2 2 2 2 2 2 2 2 2 2 2 2 2
left_child=2 11 13 4 9 6 7 -5 -8 -4 17 23 -12 25 28 20 -6 -7 21 -17 -16 29 -11 -2 -20 -1 -18 -27 -15 -13
right_child=1 -3 3 5 16 10 8 -9 -10 22 12 18 -14 14 15 19 26 -19 24 -21 -22 -23 -24 -25 -26 27 -28 -29 -30 -31
leaf_value=-0.0017821084624408063 0.0020462137508795272 0.0057930546205105455 0.0015065067295149405 0.00012803758287384195 0.00089775930962059645 0.00049573583985962301 0.00058634138103861027 -0.0013790692008726914 -0.00088499909532014514 -0.0018614300513132051 -0.0032121230866760018 0.00071798366070059791 -0.00063900004424197383 -0.0017644046325650479 -0.0016482570138354987 -0.00028035798507548083 0.0032371691172434522 -0.0011093717256356794 0.0026847721660848366 0.00053931841469342023 -0.00051666868776508541 0 -0.00026654641795903445 0.0034402348743751642 0.0011383350768010131 -0.0010660761563104225 0.0018363589136196033 -0.00040283086690586059 -0.00097699075637227087 0.0014741066917777058
leaf_weight=36 48 28 33 146 20 22 346 138 76 21 43 34 20 26 45 327 65 72 21 66 118 36 23 31 23 147 20 24 52 30
leaf_count=36 48 28 33 146 20 22 346 138 76 21 43 34 20 26 45 327 65 72 21 66 118 36 23 31 23 147 20 24 52 30
internal_value=8.56868e-06 0.00219286 -0.000281547 9.61195e-06 0.00151881 -0.000306584 -4.88735e-05 -0.000596032 0.000312803 0 -0.00143883 0.00170358 -0.00246488 -0.000646477 -0.000474875 -0.000352112 0.00261386 -0.000700865 0.00113965 -0.000134069 -0.000855509 0.000721427 -0.00111886 0.0026669 0.00198633 -0.00115283 0.00296764 -0.000993314 -0.00129645 0.0011358
internal_weight=2137 251 1886 1045 182 863 706 284 422 77 157 223 63 841 634 556 105 94 144 393 163 100 44 79 44 207 85 171 78 64
internal_count=2137 251 1886 1045 182 863 706 284 422 77 157 223 63 841 634 556 105 94 144 393 163 100 44 79 44 207 85 171 78 64
is_linear=0
shrinkage=0.03


Tree=53
num_leaves=31
num_cat=0
split_feature=25 20 24 19 25 21 21 24 21 20 24 15 25 24 19 15 11 20 19 14 11 23 16 11 21 10 25 24 15 19
split_gain=1.42841 0.441091 0.217356 0.340704 0.198611 0.192426 0.171603 0.152705 0.142473 0.119483 0.105236 0.104335 0.103442 0.101568 0.0953319 0.0515804 0.0494667 0.0394262 0.0376547 0.0370192 0.0324106 0.0256364 0.0303699 0.020747 0.016707 0.0160197 0.0138595 0.0129942 0.0130815 0.0127567
threshold=86.843444225000013 46.055000305000007 0.44500000000000006 97.915000915000022 83.052532830000018 1.155 2.3250000000000006 -0.084999999999999978 2.0350000000000006 11.360000135000002 0.92500000000000016 0.020217971748050855 71.519892205000019 0.26500000000000007 95.344997405000015 0.031976395129455708 1.0645062304970865 24.934999465000001 98.625000000000014 0.033955425672677654 0.97973716934950816 1.5650000000000002 51.36659272259147 1.0071605543269324 3.0450000000000004 0.96760058579206509 84.506283145000012 0.49500000000000005 0.014457449180923803 93.465000150000023
decision_type=2 2 2 2 2 2 2 2 2 2 2 2 2 2 2 2 2 2 2 2 2 2 2 2 2 2 2 2 2 2
left_child=2 7 5 4 8 15 20 16 -4 -10 26 12 23 18 -14 17 -2 19 -13 -1 -5 -9 -23 -7 -12 -15 -6 -8 -29 -19
right_child=1 -3 3 6 10 11 27 21 9 -11 24 13 14 25 -16 -17 -18 29 -20 -21 -22 22 -24 -25 -26 -27 -28 28 -30 -31
leaf_value=0.0018924957000507185 0.0034319253098219634 0.0062570082264190368 0.0019121079939816677 0.0019241035541324595 0.00065444828697480261 -0.00068711118169694353 -4.7563288360834111e-05 7.8174570159587472e-05 0.00023135512026334332 -0.00086811139838597761 -0.00063424125050419368 -0.0016206721844511844 0.00018444379218734329 -0.00086045663223855882 -0.00063399114667615655 -0.00041836711979256226 0.0017362693564345437 -0.00025078311289793674 -0.003446654191748662 0.00014817359340800479 0.0038340598459222484 0.0017940071011932255 0.00066162304109025551 -0.0012219779748081541 0.0002978551629174035 0.0002276825650062944 0.0018239774024114011 0.00014242182174247913 0.001281910082452338 0.00069548291250664206
leaf_weight=38 48 21 20 42 24 174 23 27 114 345 28 52 213 21 303 38 44 27 21 21 20 53 58 179 39 20 55 28 21 20
leaf_count=38 48 21 20 42 24 174 23 27 114 345 28 52 213 21 303 38 44 27 21 21 20 53 58 179 39 20 55 28 21 20
internal_value=8.37854e-06 0.00213116 -0.000273523 0.000115607 -0.00017505 -0.00053812 0.00148476 0.00171601 -0.00047418 -0.00058861 0.000782484 -0.000689363 -0.000570647 -0.0015554 -0.000290643 0.000471269 0.00268061 0.000819162 -0.00222597 0.00133445 0.00263892 0.0010367 0.00124029 -0.000969493 -5.11587e-05 -0.000265446 0.0015188 0.00042727 0.000706645 9.54836e-05
internal_weight=2137 251 1886 759 625 1127 134 230 479 459 146 983 869 114 516 144 92 106 73 59 62 138 111 353 67 41 79 72 49 47
internal_count=2137 251 1886 759 625 1127 134 230 479 459 146 983 869 114 516 144 92 106 73 59 62 138 111 353 67 41 79 72 49 47
is_linear=0
shrinkage=0.03


Tree=54
num_leaves=31
num_cat=0
split_feature=25 20 24 19 22 22 24 24 22 25 22 23 20 22 11 22 11 19 25 17 24 22 11 11 25 24 19 11 8 24
split_gain=1.34767 0.41575 0.205412 0.321465 0.212243 0.196031 0.143646 0.133069 0.145489 0.380298 0.125381 0.104138 0.100554 0.0851769 0.0865843 0.0751021 0.0656204 0.0644379 0.110473 0.0474088 0.039977 0.0390752 0.0321544 0.0187362 0.0165493 0.0162318 0.0160539 0.01185 0.0109797 0.0096292
threshold=86.843444225000013 46.055000305000007 0.44500000000000006 97.915000915000022 252.76950000000002 238.02500000000001 -0.024999999999999998 -0.81499999999999984 256.23300000000006 77.579976520000017 237.38300000000004 0.095000000000000015 11.360000135000002 258.49100000000004 1.0099281245915674 265.78750000000008 0.99668590251047806 95.125000000000014 72.289721660000012 -0.00043496588728734992 0.71500000000000008 236.61750000000004 1.0905602487167527 0.97973716934950816 78.940687855000007 0.54500000000000015 98.119998930000023 1.161525001363412 0.99173550546896838 0.49500000000000005
decision_type=2 2 2 2 2 2 2 2 2 2 2 2 2 2 2 2 2 2 2 2 2 2 2 2 2 2 2 2 2 2
left_child=2 6 7 4 10 23 22 11 9 16 21 17 -12 14 -10 -15 -9 18 -1 -11 -6 -4 26 -5 -19 28 -2 -13 -8 -7
right_child=1 -3 3 5 20 29 25 8 13 19 12 27 -14 15 -16 -17 -18 24 -20 -21 -22 -23 -24 -25 -26 -27 -28 -29 -30 -31
leaf_value=-0.00050388754913630593 0.0019531163991383846 0.0060778303346173332 5.0067243783775224e-05 0.0020396487637106995 0.0019842025343882472 -4.8943440355360495e-05 0 -0.00025966612593525325 -0.0030740732976489446 0.0031850018557161093 0.00022447481966582532 -0.0016401363783515989 -0.00077081743428448254 0 -0.00046563906508630939 -0.0013490692559112929 -0.0009766866470490266 -0.0014482100601973277 0.00088205205446124555 0.0008648156129888126 0.00054521860632196289 0.0019753538529368357 0.0013335604887272762 0.0037245152911969592 -5.7075025785057464e-05 0.0016450882152684273 0.0034263079759975276 -0.00042725335332480344 0.00086914317326891946 0.00058333472604484992
leaf_weight=73 30 21 22 41 36 24 22 214 43 23 114 31 381 56 20 138 290 20 158 20 50 22 27 20 20 30 44 21 77 49
leaf_count=73 30 21 22 41 36 24 22 214 43 23 114 31 381 56 20 138 290 20 158 20 50 22 27 20 20 30 44 21 77 49
internal_value=8.72381e-06 0.00207067 -0.000265054 0.000113147 -0.00016906 0.00144313 0.00166708 -0.000522295 -0.000728712 -0.000442414 -0.000394543 0 -0.00053556 -0.00132236 -0.00231309 -0.000975038 -0.000679295 0.000229219 0.000430856 0.00221821 0.00119795 0.00110188 0.0025301 0.00269161 -0.00084417 0.00095405 0.00290307 -0.00122423 0.000700287 0.00033707
internal_weight=2137 251 1886 759 625 134 230 1127 804 547 539 323 495 257 63 194 504 271 231 43 86 44 101 61 40 129 74 52 99 73
internal_count=2137 251 1886 759 625 134 230 1127 804 547 539 323 495 257 63 194 504 271 231 43 86 44 101 61 40 129 74 52 99 73
is_linear=0
shrinkage=0.03


Tree=55
num_leaves=29
num_cat=0
split_feature=25 25 25 22 23 19 24 11 25 23 24 25 25 22 15 15 19 17 23 11 15 16 23 20 10 16 23 22
split_gain=1.27232 0.391765 0.194803 0.486172 0.292248 0.237409 0.171003 0.15884 0.156625 0.131021 0.101724 0.0662707 0.0604583 0.0559053 0.0481402 0.0467626 0.0446037 0.037012 0.0368397 0.0319178 0.0231029 0.0171331 0.0240813 0.00943541 0.00887659 0.00398659 0.00239762 0.000333746
threshold=86.843444225000013 111.17929280000003 74.878189790000008 240.16150000000002 0.22000000000000003 97.744998930000023 0.26500000000000007 0.97075858355670364 85.23965287 0.12500000000000003 -0.084999999999999978 67.704882915000013 76.722649765000014 236.23700000000005 0.011811108440406202 0.014771810093779951 97.694999695000021 -0.0011699727684756998 0.22000000000000003 1.0645062304970865 0.016713898792270355 60.799341684571203 1.5650000000000002 18.380000115000005 0.97378103818446471 55.835995020844827 2.0850000000000004 237.74700000000004
decision_type=2 2 2 2 2 2 2 2 2 2 2 2 2 2 2 2 2 2 2 2 2 2 2 2 2 2 2 2
left_child=2 10 11 4 9 7 17 12 -9 -4 19 23 -5 -13 18 -6 -16 -7 -15 -2 -11 22 -12 24 -1 -25 -24 -17
right_child=1 -3 3 5 15 6 -8 8 -10 20 21 13 -14 14 16 27 -18 -19 -20 -21 -22 -23 26 25 -26 -27 -28 -29
leaf_value=-0.00045864136934026402 0.0031548587600234899 0.0053472870109153208 0.0014195232596111427 -0.00049264837043301666 0.00084623772697523241 -0.002374667837815753 0.00037641863229586503 -0.0005408190666404488 0.0010266282635526015 -0.0017721037764779543 0.00029711841056123374 -0.0012193402572287411 0.00087879121057398151 -0.0015531122697517274 -0.00030828631486876069 0.0032492027205381813 0.00050875101833704054 -0.0011034681436277048 -0.00046964745378281808 0.0016382172422153719 -0.00021523927437374369 0.00021904488638974724 0.0019243074616477375 -0.00017118539933849553 -0.0014347133574874275 -0.00095473312954841695 0.0011133389603126935 0.0021936395920192204
leaf_weight=21 39 28 33 31 20 70 37 437 64 21 29 78 174 44 360 41 69 50 119 44 23 29 30 25 104 21 52 44
leaf_count=21 39 28 33 31 20 70 37 437 64 21 29 78 174 44 360 41 69 50 119 44 23 29 30 25 104 21 52 44
internal_value=8.91063e-06 0.00201242 -0.000257064 1.37328e-05 0.00142111 -0.000280901 -0.00133275 -4.11941e-05 -0.000332964 0 0.0015583 -0.000596727 0.000655455 -0.000453434 -0.000345576 0.00244294 -0.00016902 -0.00188329 -0.000788096 0.00241564 -0.00104782 0.00101522 0.00119263 -0.00113483 -0.00129948 -0.000605424 0.00146579 0.00276954
internal_weight=2137 251 1886 1045 182 863 157 706 501 77 223 841 205 670 592 105 429 120 163 83 44 140 111 171 125 46 82 85
internal_count=2137 251 1886 1045 182 863 157 706 501 77 223 841 205 670 592 105 429 120 163 83 44 140 111 171 125 46 82 85
is_linear=0
shrinkage=0.03


Tree=56
num_leaves=27
num_cat=0
split_feature=25 25 24 21 21 25 21 24 24 15 25 24 11 24 21 15 25 5 23 11 11 16 23 10 10 23
split_gain=1.20154 0.368688 0.183977 0.264939 0.167607 0.13995 0.118418 0.100449 0.0954006 0.093195 0.0908661 0.0892373 0.0879368 0.0704885 0.0565683 0.0469846 0.0325155 0.0336301 0.0314547 0.0296308 0.0176122 0.0160191 0.0225159 0.0150857 0.00342894 0.00200294
threshold=86.843444225000013 111.17929280000003 0.44500000000000006 2.0350000000000006 1.155 84.614447035000012 2.3450000000000002 0.64500000000000013 -0.084999999999999978 0.020217971748050855 71.519892205000019 0.26500000000000007 0.94958778016358869 0.87500000000000011 1.9150000000000003 0.031976395129455708 72.799019655000009 0.0057447345378634504 0.10500000000000002 1.0645062304970865 1.0071605543269324 60.799341684571203 1.5650000000000002 0.96760058579206509 0.99800460119583578 2.0850000000000004
decision_type=2 2 2 2 2 2 2 2 2 2 2 2 2 2 2 2 2 2 2 2 2 2 2 2 2 2
left_child=2 8 4 -4 15 6 7 -5 19 10 20 18 -8 -7 -12 16 -1 -18 -11 -2 -6 22 -10 -13 -15 -24
right_child=1 -3 3 5 9 13 12 -9 21 11 14 23 -14 24 -16 -17 17 -19 -20 -21 -22 -23 25 -25 -26 -27
leaf_value=0 0.0030625791459577157 0.0051924001994896043 0.0027800131923286244 0 -0.00063246465721600027 0.0016532114605239082 0.00044293403590563678 0.0014329480813299227 0.00028850197894498707 -0.00081468470047482038 0 -0.00082004947600547559 -0.00069284707718383725 0.00030403017949150955 -0.00064476604564118231 -0.00039857769360801635 0.0016897514596321552 0.00024875233977218161 -0.0025120516554628203 0.0015901628691392638 -0.0011302349023326922 0.00021269257512758483 0.0018684404718299064 0.00023772679475431296 -0.00021381508630500837 0.0010805689690740041
leaf_weight=33 39 28 31 162 174 61 71 58 29 21 311 21 334 22 205 38 42 31 52 44 179 29 30 20 20 52
leaf_count=33 39 28 31 162 174 61 71 58 29 21 311 21 334 22 205 38 42 31 52 44 179 29 30 20 20 52
internal_value=8.79942e-06 0.00195582 -0.000249631 0.000108127 -0.000493112 -5.19097e-06 -0.000178572 0.000372971 0.00151468 -0.000634377 -0.000521973 -0.00145314 -0.000485745 0.00100963 -0.000259174 0.000448252 0.000780757 0.00112999 -0.00208192 0.00234596 -0.000895829 0.00098743 0.00115935 -0.000239258 0 0.001424
internal_weight=2137 251 1886 759 1127 728 625 220 223 983 869 114 405 103 516 144 106 73 73 83 353 140 111 41 42 82
internal_count=2137 251 1886 759 1127 728 625 220 223 983 869 114 405 103 516 144 106 73 73 83 353 140 111 41 42 82
is_linear=0
shrinkage=0.03


Tree=57
num_leaves=31
num_cat=0
split_feature=25 20 25 22 25 23 23 21 24 20 25 24 22 22 22 25 9 21 16 24 11 11 23 16 21 17 25 21 10 21
split_gain=1.13452 0.365363 0.175139 0.443489 0.224483 0.198323 0.294892 0.202659 0.117411 0.110628 0.0680494 0.0666766 0.0788233 0.0610473 0.0753623 0.0634087 0.0596398 0.0481419 0.04242 0.0369087 0.0353325 0.023912 0.0215281 0.0253338 0.0182686 0.0144635 0.0125285 0.0113311 0.0102195 0.00881676
threshold=86.843444225000013 46.055000305000007 74.878189790000008 244.71300000000002 77.978101015000007 1.8700000000000003 1.6850000000000003 1.635 -0.084999999999999978 15.954999925000001 79.14566827500002 0.56500000000000006 237.57500000000002 237.69500000000002 237.48750000000004 69.795903020000011 1.0126203591057703 1.8350000000000002 61.252778519911921 0.41500000000000004 1.0548564428296434 1.0211078100331592 1.5650000000000002 60.799341684571203 1.5750000000000004 -0.0035590824908313993 72.289721660000012 1.3150000000000002 1.0581210753124719 1.9150000000000003
decision_type=2 2 2 2 2 2 2 2 2 2 2 2 2 2 2 2 2 2 2 2 2 2 2 2 2 2 2 2 2 2
left_child=2 8 13 4 11 6 7 -5 20 10 -7 16 -13 14 19 24 -4 -8 25 29 -2 -11 -10 -24 27 -17 -21 -15 -20 -1
right_child=1 -3 3 5 -6 9 17 -9 22 21 -12 12 -14 15 -16 18 -18 -19 28 26 -22 -23 23 -25 -26 -27 -28 -29 -30 -31
leaf_value=-0.0015884836841788554 0.0031012305508960379 0.0056585824730044062 -0.00052773523255877312 0.00058756670601401882 0.0027045364105724732 -0.00056987938600858406 -0.0036078609326346349 -0.00073932014324926652 3.7392973334395454e-05 1.265583932220649e-05 0.0012036829896500305 -0.00026959781309225314 0.0016950664420874091 -0.00023414609484773659 -0.0020897523503669579 0.00035371406598920546 0.0012914841252971779 -0.0016885995860485468 -0.00095327191838825282 -0.00053599092157016845 0.0016202070717327296 -0.00084151904322409422 0.0013834280215248643 0.00020652449565241113 -0.00048118531835274409 -9.5692630294433905e-05 0.00026025746320680669 -0.001266244667184698 -0.00013091710599474025 -0.00078455781240843194
leaf_weight=26 43 21 60 148 63 20 21 328 27 64 123 22 63 20 45 101 21 67 54 30 49 45 82 29 129 159 37 81 31 128
leaf_count=26 43 21 60 148 63 20 21 328 27 64 123 22 63 20 45 101 21 67 54 30 49 45 82 29 129 159 37 81 31 128
internal_value=8.89828e-06 0.00190088 -0.000242181 1.44455e-05 0.00118085 -0.000310263 -0.000624578 -0.000320102 0.00152178 0.000381035 0.000932564 0.000571882 0.00115446 -0.000564259 -0.000947384 -0.000380477 -9.50242e-06 -0.0022157 -0.000112287 -0.000692896 0.00237059 -0.000317157 0.000921347 0.00110732 -0.000767546 6.80767e-05 -5.47932e-05 -0.00109558 -0.000693248 -0.000949013
internal_weight=2137 251 1886 1045 229 816 564 476 230 252 143 166 85 841 266 575 81 88 345 221 92 109 138 111 230 260 67 101 85 154
internal_count=2137 251 1886 1045 229 816 564 476 230 252 143 166 85 841 266 575 81 88 345 221 92 109 138 111 230 260 67 101 85 154
is_linear=0
shrinkage=0.03


Tree=58
num_leaves=31
num_cat=0
split_feature=25 25 24 19 25 21 21 21 15 11 24 24 25 19 21 15 19 25 19 11 11 17 19 11 15 14 24 15 24 21
split_gain=1.0713 0.330868 0.166932 0.272264 0.165122 0.151046 0.130908 0.104991 0.086439 0.0849285 0.083446 0.0821425 0.0808192 0.0804665 0.0564031 0.0439944 0.0306141 0.0298034 0.0424292 0.0254623 0.025187 0.0248503 0.0199058 0.0157859 0.0153869 0.0247295 0.0109284 0.0114498 0.0101614 0.0099819
threshold=86.843444225000013 111.17929280000003 0.44500000000000006 97.915000915000022 83.052532830000018 1.155 2.3250000000000006 2.0350000000000006 0.020217971748050855 0.99016064542547177 1.0000000180025095e-35 0.26500000000000007 71.519892205000019 95.344997405000015 2.3950000000000005 0.031976395129455708 98.625000000000014 72.799019655000009 92.524997710000022 0.97973716934950816 1.0866719156414588 -0.0029833885291903994 98.119998930000023 1.069680520433794 0.015553502418343352 0.013081557305569801 0.49500000000000005 0.014457449180923803 0.93500000000000016 2.9850000000000008
decision_type=2 2 2 2 2 2 2 2 2 2 2 2 2 2 2 2 2 2 2 2 2 2 2 2 2 2 2 2 2 2
left_child=2 10 5 4 7 15 19 -4 12 29 20 16 23 -14 -9 17 -10 -1 -19 -5 22 -13 -2 -7 25 -12 -8 -28 -11 -6
right_child=1 -3 3 6 9 8 26 14 11 28 24 21 13 -15 -16 -17 -18 18 -20 -21 -22 -23 -24 -25 -26 -27 27 -29 -30 -31
leaf_value=0 0.0016618647970414408 0.0049151333554101921 0.0016153171400406529 0.0016900567993694958 0.0017135524497761464 -0.00073251049834711208 -2.6426300290040664e-05 -0.00015180868775061624 -0.0014383774648402939 0.00055232885061663446 0.00094469368683082434 -0.0010008260010342513 0.00019108649096189219 -0.00056077610344140055 -0.00083894126764239561 -0.00039254648790497761 -0.0031045025624334812 0.0019320262940309475 0.00035498647989575254 0.0034149833676804385 0.0011091787695486637 0.0003938733596852134 0.0031317765597287297 -0.0013829887911436212 0.0016393591249361631 0 0.00011982033392093303 0.0011925759029406684 -0.00022520927520236001 0.00061095403721960991
leaf_weight=33 35 28 20 42 51 298 23 214 52 20 70 20 213 303 245 38 21 31 42 20 30 21 34 55 23 31 28 21 53 22
leaf_count=33 35 28 20 42 51 298 23 214 52 20 70 20 213 303 245 38 21 31 42 20 30 21 34 55 23 31 28 21 53 22
internal_value=8.51503e-06 0.00184706 -0.000235429 0.000105213 -0.000154157 -0.000467391 0.00132937 -0.000427285 -0.000601562 0.000718328 0.00142822 -0.00139031 -0.000493163 -0.000244842 -0.000526127 0.000425653 -0.00199369 0.000747935 0.00108229 0.00233948 0.00209824 -0.00022267 0.00246342 -0.000845955 0.00085678 0.000634832 0.000398318 0.000654229 0 0.00143455
internal_weight=2137 251 1886 759 625 1127 134 479 983 146 223 114 869 516 459 144 73 106 73 62 99 41 69 353 124 101 72 49 73 73
internal_count=2137 251 1886 759 625 1127 134 479 983 146 223 114 869 516 459 144 73 106 73 62 99 41 69 353 124 101 72 49 73 73
is_linear=0
shrinkage=0.03


Tree=59
num_leaves=31
num_cat=0
split_feature=25 20 25 22 25 19 22 22 19 24 24 22 22 22 25 17 19 15 16 22 11 15 21 22 15 15 21 16 7 0
split_gain=1.01094 0.33289 0.159141 0.405428 0.219636 0.212002 0.173365 0.121168 0.115081 0.114288 0.103779 0.0933941 0.0563501 0.0706737 0.0557362 0.0444384 0.0401304 0.0421923 0.0400762 0.031264 0.029544 0.0268181 0.0167705 0.0124349 0.0264844 0.0107133 0.0105722 0.00788112 0.00544832 0.00379744
threshold=86.843444225000013 46.055000305000007 74.878189790000008 245.80900000000003 77.978101015000007 97.744998930000023 251.43850000000003 277.73450000000008 97.975002290000006 0.26500000000000007 -0.084999999999999978 249.55300000000003 237.69500000000002 237.48750000000004 69.795903020000011 0.0025307819851496005 92.125000000000014 0.013549153083458601 61.252778519911921 257.0985 1.0645062304970865 0.011859436765058603 1.5750000000000004 259.18850000000003 0.011466739434905551 0.015805618336092054 1.3150000000000002 47.324621292512816 0.011015960466025402 0.0032522864642333007
decision_type=2 2 2 2 2 2 2 2 2 2 2 2 2 2 2 2 2 2 2 2 2 2 2 2 2 2 2 2 2 2
left_child=2 10 12 4 8 6 11 -8 15 19 20 -5 13 16 22 -4 17 -1 21 -7 29 -16 26 24 -12 -20 -14 -24 -10 -2
right_child=1 -3 3 5 -6 9 7 -9 28 -11 23 -13 14 -15 18 -17 -18 -19 25 -21 -22 -23 27 -25 -26 -27 -28 -29 -30 -31
leaf_value=-0.00073077405501132851 0.0020852394016888111 0.005382865381511775 -0.00027325334641412183 -0.00012281153103773751 0.0025972110894945219 -0.00060636876478222098 0.00052202700595730398 -0.00078371417662431177 0.0021040651050279846 0.00032321050556908762 0.00095499264956243443 -0.0013787571486466648 -0.00020238365373890179 -0.0020099361902001598 -0.00039054975269965853 0.00090667445661965745 -0.0011344610909355412 0.000351402511543151 -0.0010072674910112729 -0.0020096486775915286 0.0014565808531129731 0.00027216001196985975 0 0.0013799311331496005 -7.3002254780889862e-06 -0.00020465218132395844 -0.001200207973546462 -0.00056302691527637834 0.00093774093015500429 0.0035960440586786714
leaf_weight=76 28 21 98 115 63 26 346 76 31 27 66 109 20 45 75 39 94 51 45 94 44 185 26 40 32 40 81 103 21 20
leaf_count=76 28 21 98 115 63 26 346 76 31 27 66 109 20 45 75 39 94 51 45 94 44 185 26 40 32 40 81 103 21 20
internal_value=8.72189e-06 0.00179476 -0.00022821 1.62964e-05 0.00106481 -0.000314044 -7.43617e-05 0.000278481 0.000527238 -0.00133945 0.00143228 -0.000750709 -0.000535246 -0.000903474 -0.00035842 4.50355e-05 -0.000656624 -0.000273411 -0.000106315 -0.00173792 0.00223156 6.87356e-05 -0.000721493 0.000865617 0.000613572 -0.000671221 -0.00103595 -0.000446137 0.00171623 0.00283651
internal_weight=2137 251 1886 1045 252 793 646 422 189 147 230 224 841 266 575 137 221 127 345 120 92 260 230 138 98 85 101 129 52 48
internal_count=2137 251 1886 1045 252 793 646 422 189 147 230 224 841 266 575 137 221 127 345 120 92 260 230 138 98 85 101 129 52 48
is_linear=0
shrinkage=0.03


Tree=60
num_leaves=31
num_cat=0
split_feature=25 25 25 22 25 19 22 22 19 24 24 22 23 22 22 25 19 15 17 15 17 11 25 21 24 11 23 21 11 7
split_gain=0.954633 0.301306 0.15025 0.382518 0.206474 0.19949 0.163256 0.114123 0.108716 0.107973 0.0900914 0.0877798 0.057794 0.0529026 0.0664412 0.0524759 0.0377313 0.0397875 0.0333336 0.0363304 0.0312987 0.0275903 0.0174227 0.0157288 0.0137851 0.0118937 0.0190472 0.00974811 0.00731811 0.00479842
threshold=86.843444225000013 112.66466765000003 74.878189790000008 245.80900000000003 77.978101015000007 97.744998930000023 251.43850000000003 277.73450000000008 97.975002290000006 0.26500000000000007 -0.084999999999999978 249.55300000000003 0.22000000000000003 237.69500000000002 237.48750000000004 69.795903020000011 92.125000000000014 0.013549153083458601 -0.0035590824908313993 0.014771810093779951 -0.0011699727684756998 1.0905602487167527 73.457825620000008 1.5750000000000004 -0.49499999999999994 1.033775076035125 1.5650000000000002 1.3150000000000002 0.99105894471732769 0.011015960466025402
decision_type=2 2 2 2 2 2 2 2 2 2 2 2 2 2 2 2 2 2 2 2 2 2 2 2 2 2 2 2 2 2
left_child=2 10 13 4 8 6 11 -8 12 20 21 -5 -4 14 16 23 17 -1 22 -20 -7 24 -17 27 -2 26 -12 -15 -25 -10
right_child=1 -3 3 5 -6 9 7 -9 29 -11 25 -13 -14 15 -16 18 -18 -19 19 -21 -22 -23 -24 28 -26 -27 -28 -29 -30 -31
leaf_value=-0.00070913553911309635 0.0016115296063944696 0.0051621004463046445 -0.00067799570197738435 -0.000119158945205174 0.0025205121818798943 -0.0021398317916007242 0.0005064113297907673 -0.00076050809634960539 0.0020429156970349139 0.00031386050854676542 0.00019106939245414517 -0.0013377704655328257 0.00056536398727560051 -0.00019660125874049428 -0.0019509489459263061 7.1762850252315936e-05 -0.001100785513781011 0.00034106316609429013 -0.00063752896825019687 7.434587289599303e-05 -0.00096510485169368188 0.0010804960355495234 0.001039253878891468 0 0.0030738945307308119 0.00021353419456863774 0.0012673913249774016 -0.0011646408379765046 -0.00057984411488684162 0.00091088746104982081
leaf_weight=76 26 21 55 115 63 70 346 76 31 27 27 109 82 20 45 77 94 51 132 112 50 27 24 38 37 31 82 81 91 21
leaf_count=76 26 21 55 115 63 70 346 76 31 27 27 109 82 20 45 77 94 51 132 112 50 27 24 38 37 31 82 81 91 21
internal_value=8.48552e-06 0.00174411 -0.000221714 1.57851e-05 0.00103432 -0.000305002 -7.23517e-05 0.000269895 0.000512475 -0.00129973 0.00139805 -0.000728788 4.31699e-05 -0.000520053 -0.000877103 -0.000348435 -0.00063713 -0.000264595 -0.000103501 -0.000299552 -0.00168718 0.00216014 0.000339008 -0.00070081 0.00255186 0.000875011 0.00103221 -0.00100617 -0.000432754 0.00166817
internal_weight=2137 251 1886 1045 252 793 646 422 189 147 230 224 137 841 266 575 221 127 345 244 120 90 101 230 63 140 109 101 129 52
internal_count=2137 251 1886 1045 252 793 646 422 189 147 230 224 137 841 266 575 221 127 345 244 120 90 101 230 63 140 109 101 129 52
is_linear=0
shrinkage=0.03


Tree=61
num_leaves=26
num_cat=0
split_feature=21 23 23 22 23 11 19 22 23 24 22 24 11 22 22 22 22 24 24 11 17 11 11 19 24
split_gain=0.548312 0.47941 0.256899 0.522143 0.189521 0.162402 0.155032 0.131873 0.116562 0.166065 0.0969882 0.0731051 0.0567127 0.0555354 0.0542774 0.0535553 0.0573853 0.0475612 0.0376791 0.0296385 0.0221495 0.0123722 0.0116214 0.00958091 0.00217179
threshold=1.1950000000000001 0.59500000000000008 0.22000000000000003 239.82900000000004 2.3000000000000003 0.96524543399080398 94.255001070000006 258.49100000000004 0.12500000000000003 0.6150000000000001 253.04550000000003 0.44500000000000006 0.98766280270124529 273.29300000000006 237.74700000000004 260.61500000000007 262.36600000000004 0.57500000000000007 -0.8849999999999999 1.0621965714482113 -0.0018098062984052998 0.97490642232834634 0.99550763951541732 99.659999850000005 -0.89499999999999991
decision_type=2 2 2 2 2 2 2 2 2 2 2 2 2 2 2 2 2 2 2 2 2 2 2 2 2
left_child=1 6 8 14 5 11 15 -7 9 12 -6 -5 13 -2 -4 20 24 -10 -14 21 -1 -16 -12 -8 -17
right_child=2 -3 3 4 10 7 23 -9 17 -11 22 -13 18 -15 19 16 -18 -19 -20 -21 -22 -23 -24 -25 -26
leaf_value=7.7883545447745035e-05 -0.00048103391820081412 0.0053814121959730983 0.0028398662872265936 -0.00023937013537475937 -0.00087544292164966472 -0.00068348733316071287 0.0014737371630951395 0.00059052347398742475 -0.0019423830089265411 0.0019172305306373162 0.0014556333378510714 0.0008193430852868217 -1.1716537643223963e-06 0.00051058504004504348 0.00073662011746041987 0.0018721769790351389 -7.6964140667448247e-05 -0.00043332636628217776 -0.0010315870907612037 0.00015882931376108898 -0.00095062475134768791 0.0019823945816036083 0.00072256684091766006 0.0025710823733825238 0.00081870809676391732
leaf_weight=36 215 23 42 94 23 597 60 80 78 24 72 140 44 63 21 24 33 33 226 20 30 48 64 27 20
leaf_count=36 215 23 42 94 23 597 60 80 78 24 72 140 44 63 21 24 33 33 226 20 30 48 64 27 20
internal_value=8.43771e-06 0.00131825 -0.00016647 9.55942e-05 -0.000121278 -0.000290686 0.000877407 -0.000527866 -0.00063114 -0.000449421 0.000826359 0.000382073 -0.000561838 -0.000244537 0.00187722 0.000241617 0.00078693 -0.0015284 -0.000875362 0.00136309 -0.000352055 0.00166204 0.00114035 0.00187373 0.00148883
internal_weight=2137 253 1884 1201 1070 911 230 677 683 572 159 234 548 278 131 143 77 111 270 89 66 69 136 87 44
internal_count=2137 253 1884 1201 1070 911 230 677 683 572 159 234 548 278 131 143 77 111 270 89 66 69 136 87 44
is_linear=0
shrinkage=0.03


Tree=62
num_leaves=31
num_cat=0
split_feature=25 20 24 19 25 21 21 24 21 11 15 24 25 21 25 20 20 19 11 15 11 19 21 14 25 24 15 15 20 21
split_gain=0.856076 0.285524 0.13756 0.22469 0.137027 0.123203 0.106244 0.088058 0.0801753 0.0761402 0.0739155 0.0702194 0.0668048 0.065755 0.0552924 0.0531233 0.03932 0.0277122 0.0264636 0.0220068 0.0215865 0.0166134 0.0164596 0.0136983 0.0132455 0.0092659 0.0104873 0.0086639 0.00864021 0.00803369
threshold=86.843444225000013 46.055000305000007 0.44500000000000006 97.915000915000022 83.052532830000018 1.155 2.3250000000000006 1.0000000180025095e-35 2.3750000000000004 0.99016064542547177 0.020217971748050855 0.26500000000000007 77.174646440000018 2.4450000000000007 71.519892205000019 12.904999735000002 21.795000075000001 98.625000000000014 1.0866719156414588 0.031976395129455708 0.97973716934950816 98.119998930000023 2.3650000000000007 0.020039071765377652 73.129853000000011 0.49500000000000005 0.014457449180923803 0.011466739434905551 16.394999505000005 2.9850000000000008
decision_type=2 2 2 2 2 2 2 2 2 2 2 2 2 2 2 2 2 2 2 2 2 2 2 2 2 2 2 2 2 2
left_child=2 7 5 4 8 16 20 18 12 29 13 17 -4 14 -7 -10 -1 -12 21 23 -5 -2 27 -18 -13 -8 -27 -9 -11 -6
right_child=1 -3 3 6 9 10 25 22 15 28 11 24 -14 -15 -16 -17 19 -19 -20 -21 -22 -23 -24 -25 -26 26 -28 -29 -30 -31
leaf_value=0.0015698489368924954 0.0014347736117779277 0.0049784587272019547 -0.00022089531335370985 0.0015171672780239997 0.0015939421325904101 -0.00066251558610315204 -1.372354611521586e-05 0.00061679122444321304 -0.00014565387051029854 0.00046955081747463822 -0.0013003279156697351 -0.00073822371547364375 0.0010832223025870255 -0.0011174047687923907 -0.00012286239461546059 -0.0010729503220475347 -2.2832103239488784e-05 -0.0028831484184854411 0.00096304352126354645 -0.00044010150585139249 0.003120391481422952 0.0027633605823713416 0.0012167818593482175 0.00068147578592761418 0.00025750682482196546 9.0124130361424434e-05 0.0011161014971016398 0 -0.00023494987281584093 0.00056784200554956562
leaf_weight=21 31 21 176 42 51 286 23 52 97 21 52 21 43 115 468 163 29 21 30 35 20 46 44 59 20 28 21 27 52 22
leaf_count=21 31 21 176 42 51 286 23 52 97 21 52 21 43 115 468 163 29 21 30 35 20 46 44 59 20 28 21 27 52 22
internal_value=8.63658e-06 0.00165229 -0.000209281 9.96755e-05 -0.000135546 -0.000419917 0.00121189 0.00131538 -0.000384739 0.000658661 -0.000541223 -0.00127113 2.52878e-05 -0.000440671 -0.000332138 -0.000740375 0.000385494 -0.00182901 0.00195968 0.000148064 0.00212328 0.00229219 0.000719413 0.000418018 -0.000186507 0.00036765 0.000603357 0.00039315 0 0.0013371
internal_weight=2137 251 1886 759 625 1127 134 230 479 146 983 114 219 869 754 260 144 73 107 123 62 77 123 88 41 72 49 79 73 73
internal_count=2137 251 1886 759 625 1127 134 230 479 146 983 114 219 869 754 260 144 73 107 123 62 77 123 88 41 72 49 79 73 73
is_linear=0
shrinkage=0.03


Tree=63
num_leaves=28
num_cat=0
split_feature=25 20 24 21 22 11 21 24 22 24 22 23 11 25 22 22 25 21 11 25 17 17 21 1 15 20 3
split_gain=0.80822 0.269013 0.129977 0.183919 0.122353 0.123714 0.116086 0.103935 0.0948767 0.0829249 0.0697727 0.0796587 0.178257 0.173267 0.0374368 0.0414624 0.0295054 0.0279003 0.0246117 0.0220677 0.0310036 0.0194491 0.0153995 0.0128361 0.00819226 0.00640938 0.00250342
threshold=86.843444225000013 46.055000305000007 0.44500000000000006 2.0350000000000006 252.76950000000002 0.95575364507718497 1.155 0.56500000000000006 248.33200000000002 1.0000000180025095e-35 281.69400000000007 1.8250000000000004 1.02990057742259 77.095301285000019 260.61500000000007 262.36600000000004 79.14566827500002 2.6150000000000007 1.0866719156414588 77.704500615000015 0.0044153768517532005 -0.0018098062984052998 2.3650000000000007 -0.0067146321935969994 0.011466739434905551 22.599999430000004 -0.0016843180909973997
decision_type=2 2 2 2 2 2 2 2 2 2 2 2 2 2 2 2 2 2 2 2 2 2 2 2 2 2 2
left_child=2 9 6 -4 5 7 14 -5 -7 18 11 13 -13 -8 16 25 21 -6 23 -12 -21 -1 24 -2 -11 -16 -24
right_child=1 -3 3 4 17 8 10 -9 -10 22 19 12 -14 -15 15 -17 -18 -19 -20 20 -22 -23 26 -25 -26 -27 -28
leaf_value=0 0.0011760953819559125 0.0048358937059952457 0.0023232010571846329 -0.00029197545512579381 0.0016383332315689095 0 -0.00053358008028464132 0.0011949913708502304 -0.00085521021114119222 0.0005986366204962459 -0.0019084867395852741 -0.0032909459927015832 2.2390932824205731e-05 0.00068048587091772519 0.001967179487326315 0 0.00084878946992103012 0.00049105786318181166 0.00093508419251790448 -0.001202351084278928 2.8344019050044665e-05 -0.0011031203782185912 0.00057253328897058961 0.0025398039953096916 0 0.00078699165388941767 0.0015250333004817364
leaf_weight=31 21 21 31 71 38 240 692 94 223 52 37 26 28 122 20 26 20 62 30 58 20 23 20 56 27 24 24
leaf_count=31 21 21 31 71 38 240 692 94 223 52 37 26 28 122 20 26 20 62 30 58 20 23 20 56 27 24 24
internal_value=8.69779e-06 0.00160579 -0.000203001 9.72328e-05 0 -0.000156244 -0.000407766 0.000539168 -0.000411162 0.00127822 -0.000525552 -0.000427247 -0.0015492 -0.000347327 0.000373678 0.000869394 -6.05813e-05 0.00096863 0.00190399 -0.0012316 -0.000852449 -0.00046124 0.0006987 0.00222619 0.000381123 0.0014219 0.00118109
internal_weight=2137 251 1886 759 728 628 1127 165 463 230 983 868 54 814 144 70 74 100 107 115 78 54 123 77 79 44 44
internal_count=2137 251 1886 759 728 628 1127 165 463 230 983 868 54 814 144 70 74 100 107 115 78 54 123 77 79 44 44
is_linear=0
shrinkage=0.03


Tree=64
num_leaves=31
num_cat=0
split_feature=25 25 24 19 22 22 22 25 23 25 16 22 20 24 24 25 17 22 16 22 22 24 23 16 19 17 19 19 14 16
split_gain=0.763278 0.253812 0.122833 0.234564 0.14595 0.105734 0.0917404 0.109042 0.147412 0.175379 0.147408 0.0735743 0.0891018 0.0697912 0.023991 0.0206529 0.0293654 0.0194113 0.0209787 0.0155889 0.0138054 0.0119183 0.011059 0.0184367 0.00999856 0.0037543 0.00284581 0.00264628 0.00197388 0.000837625
threshold=86.843444225000013 112.66466765000003 0.46500000000000002 97.915000915000022 252.76950000000002 238.02500000000001 281.69400000000007 71.440060335000013 1.5300000000000002 77.095301285000019 49.551636492619814 237.46850000000003 11.360000135000002 -0.084999999999999978 0.71500000000000008 77.704500615000015 0.0044153768517532005 240.38350000000003 42.368804858897001 236.61750000000004 269.51850000000007 -0.45499999999999996 1.5650000000000002 51.36659272259147 98.795001985000013 6.5104241018216214e-05 102.20999905000001 99.005001070000006 0.010503824084801753 60.799341684571203
decision_type=2 2 2 2 2 2 2 2 2 2 2 2 2 2 2 2 2 2 2 2 2 2 2 2 2 2 2 2 2 2
left_child=2 13 6 4 11 24 7 17 9 -9 -10 19 -13 21 -6 -8 25 18 -1 -4 -19 -2 -15 -24 -5 -17 -7 -23 -16 -25
right_child=1 -3 3 5 14 26 15 8 10 -11 -12 12 -14 22 28 16 -18 20 -20 -21 -22 27 23 29 -26 -27 -28 -29 -30 -31
leaf_value=-0.0003316250028437935 0.0013574214974360075 0.0047000524938445197 0.00010105878693601962 0.0012965027820318936 0.0016162408151588325 7.1842824962610994e-05 -0.0018527388412437991 -0.00015641979605958035 -0.0026266143491894406 0.0010883124142809057 -0.00015616398444780926 0.000352055631885662 -0.00065793920090770808 0.00012025227313861249 0.00012522237551664667 -0.0014298685924517677 2.7534194157591881e-05 -0.00038363522886373705 -0.0012547759268200025 0.0014481126059378896 -0.0010295407659374177 0.0015455875380762983 0.0013547092741516987 0.0006387119638733566 0.0026427555386418179 -0.00052325529524717819 0.00062258544168435038 0.0029484820745419708 0.00071914906363235783 0.00015620326175703664
leaf_weight=43 47 21 21 23 36 35 37 425 36 132 60 95 368 29 27 37 20 225 95 20 44 20 53 29 37 21 26 23 23 29
leaf_count=43 47 21 21 23 36 35 37 425 36 132 60 95 368 29 27 37 20 225 95 20 44 20 53 29 37 21 26 23 23 29
internal_value=8.97536e-06 0.00156106 -0.000196713 0.000111173 -0.000131611 0.00131096 -0.000385505 -0.000293761 -4.83181e-05 0.000134607 -0.00113104 -0.000331383 -0.000443927 0.00124237 0.00099502 -0.00119545 -0.000826182 -0.00067912 -0.000993165 0.00084842 -0.000503818 0.00191623 0.000777371 0.000919659 0.00220559 -0.00116689 0.000361228 0.00241411 0.000465996 0.000455042
internal_weight=2137 251 1886 711 590 121 1175 1060 653 557 96 504 463 230 86 115 78 407 138 41 269 90 140 111 60 58 61 43 50 58
internal_count=2137 251 1886 711 590 121 1175 1060 653 557 96 504 463 230 86 115 78 407 138 41 269 90 140 111 60 58 61 43 50 58
is_linear=0
shrinkage=0.03


Tree=65
num_leaves=19
num_cat=0
split_feature=20 21 23 22 23 11 19 23 24 22 22 11 22 24 18 10 17 11
split_gain=0.520745 0.240206 0.217878 0.449804 0.152294 0.144773 0.128656 0.108599 0.136669 0.0789374 0.0643038 0.0433156 0.0410759 0.0406216 0.0294605 0.0265279 0.0205523 0.0193887
threshold=46.055000305000007 1.1050000000000002 0.22000000000000003 239.82900000000004 2.3000000000000003 0.96524543399080398 94.255001070000006 0.12500000000000003 0.6150000000000001 253.04550000000003 260.61500000000007 0.99668590251047806 237.74700000000004 0.57500000000000007 0.068682901821437214 0.994089991006464 -0.0018098062984052998 0.99920779571711971
decision_type=2 2 2 2 2 2 2 2 2 2 2 2 2 2 2 2 2 2
left_child=1 6 7 12 5 -5 10 8 11 -6 16 -3 -4 -9 -8 -14 -1 -12
right_child=-2 2 3 4 9 -7 14 13 -10 -11 17 -13 15 -15 -16 -17 -18 -19
leaf_value=6.633889105963847e-05 0.0046020694814876391 -0.00024546964312192974 0.0026062139333334075 0.00037831793732297908 -0.00078220856445841496 -0.00047950715746857285 0.0027889274260602319 -0.001817090286145317 0.0017514585457462815 0.0010303101857757047 0.0016790632376633581 -0.00079354909330487267 0.0019885313096456229 -0.00041036706378080829 0.0013137648044794332 0.00075549639849606051 -0.00092101750078220519 0.0003923563683106165
leaf_weight=36 21 316 42 235 23 677 25 78 24 136 24 251 35 33 63 54 30 34
leaf_count=36 21 316 42 235 23 677 25 78 24 136 24 251 35 33 63 54 30 34
internal_value=9.21868e-06 -3.70978e-05 -0.000145271 9.78914e-05 -0.000103025 -0.000255009 0.000916456 -0.00056544 -0.000395273 0.000746122 0.000260896 -0.000494346 0.00175157 -0.00143306 0.00179318 0.00129044 -0.000344731 0.000995069
internal_weight=2137 2116 1904 1202 1071 912 212 702 591 159 124 567 131 111 88 89 66 58
internal_count=2137 2116 1904 1202 1071 912 212 702 591 159 124 567 131 111 88 89 66 58
is_linear=0
shrinkage=0.03


Tree=66
num_leaves=21
num_cat=0
split_feature=20 21 23 22 23 23 23 24 24 20 22 11 22 15 24 17 18 4 15 1
split_gain=0.491266 0.226852 0.205415 0.424414 0.146103 0.27826 0.102373 0.128938 0.102344 0.0684723 0.0433608 0.0406711 0.0382808 0.0395785 0.0379607 0.0219964 0.0219891 0.00787388 0.00638699 0.0019199
threshold=46.055000305000007 1.1050000000000002 0.22000000000000003 239.82900000000004 1.8700000000000003 1.6850000000000003 0.12500000000000003 0.6150000000000001 -0.89499999999999991 16.045000080000005 260.61500000000007 0.99668590251047806 237.74700000000004 0.017423405445466455 0.57500000000000007 -0.008534236365296698 0.068682901821437214 -0.0057904200379164496 0.016912507008088006 0.00029492945236760007
decision_type=2 2 2 2 2 2 2 2 2 2 2 2 2 2 2 2 2 2 2 2
left_child=1 8 6 12 5 -5 7 11 10 -6 15 -3 18 -14 -8 -1 -10 -18 -4 -17
right_child=-2 2 3 4 9 -7 14 -9 16 -11 -12 -13 13 -15 -16 19 17 -19 -20 -21
leaf_value=0.0004622746667591855 0.0044702829518937495 -0.00023812878812230464 0.0031475723829606302 -0.00011684095543020077 0.00079665697584494681 -0.0019128569716566734 -0.0017632676199169925 0.001701016540378332 0.0023071407605619989 -5.1016306466594033e-05 0.0010162104316752028 -0.00076983708731408803 0.00065396186489046415 0.0020915914957012447 -0.00039841813092211586 -0.0001555139076330566 0.0017813387668945569 0.00079529824698916995 0.0015899621052688285 -0.00083963754623093533
leaf_weight=23 21 316 22 650 187 88 78 24 33 146 38 251 55 34 33 20 21 51 20 26
leaf_count=23 21 316 22 650 187 88 78 24 33 146 38 251 55 34 33 20 21 51 20 26
internal_value=9.3056e-06 -3.56405e-05 -0.000140803 9.52413e-05 -9.98467e-05 -0.000337358 -0.000548798 -0.000383379 0.000890979 0.000416982 0.000201767 -0.000479728 0.0017016 0.00125364 -0.00139147 -0.00021202 0.00155649 0.00114445 0.00252985 -0.00061566
internal_weight=2137 2116 1904 1202 1071 738 702 591 212 333 107 567 131 89 111 69 105 72 42 46
internal_count=2137 2116 1904 1202 1071 738 702 591 212 333 107 567 131 89 111 69 105 72 42 46
is_linear=0
shrinkage=0.03


Tree=67
num_leaves=31
num_cat=0
split_feature=25 25 24 19 25 21 21 21 11 15 24 21 24 23 17 11 15 25 19 23 17 11 17 19 24 19 15 15 24 21
split_gain=0.663191 0.220995 0.110504 0.200686 0.114997 0.0930748 0.0670134 0.0641363 0.0627693 0.0608171 0.0625589 0.0589754 0.0560528 0.0516506 0.0499534 0.0419953 0.0308006 0.0233581 0.0360189 0.0227958 0.0208029 0.0199742 0.016214 0.0153013 0.0101796 0.0101052 0.0159258 0.00586456 0.0054926 0.00358404
threshold=86.843444225000013 112.66466765000003 0.46500000000000002 97.915000915000022 83.052532830000018 1.155 2.3250000000000006 2.3750000000000004 0.99016064542547177 0.020217971748050855 0.26500000000000007 2.4450000000000007 -0.084999999999999978 0.22000000000000003 -0.0043520765230525491 0.95708462983620191 0.031976395129455708 72.799019655000009 92.524997710000022 0.10500000000000002 -0.0029833885291903994 1.0905602487167527 0.0055330474477825508 98.795001985000013 -0.49499999999999994 98.354999540000009 0.011466739434905551 0.014659857337558301 0.93500000000000016 2.9850000000000008
decision_type=2 2 2 2 2 2 2 2 2 2 2 2 2 2 2 2 2 2 2 2 2 2 2 2 2 2 2 2 2 2
left_child=2 12 5 4 7 16 23 13 29 11 19 14 21 -4 -7 -9 17 -1 -19 -11 -12 24 -13 -5 -2 26 -14 -8 -10 -6
right_child=1 -3 3 6 8 9 27 15 28 10 20 22 25 -15 -16 -17 -18 18 -20 -21 -22 -23 -24 -25 -26 -27 -28 -29 -30 -31
leaf_value=0 0.001274913619375891 0.0043884346277706992 -0.00037840141979139728 0.001044879881439556 0.0014290168517414152 0.00018822847188785087 8.2247256836224638e-05 1.888961962805214e-05 0.00039240488421637563 -0.00056505432682619854 -0.00088070350679169817 -0.0011823477590811851 0.00078411137746790273 0.00060898144637193418 -0.00039449092365059004 -0.00087103581601239517 -0.00033811657253402075 0.0016860131866051232 0.00023770430759894985 -0.0020197087979797524 0.00036520612260326741 0.00082996346631885644 -0.00017515279259532689 0.002415102127121409 0.0025527966187433582 0.001193080179825691 0 0.00080781079709529879 -0.0001779368619253445 0.00056849981488093094
leaf_weight=33 26 21 106 25 51 159 36 54 20 21 20 96 64 84 633 200 38 31 42 52 24 27 26 36 37 41 35 24 53 22
leaf_count=33 26 21 106 25 51 159 36 54 20 21 20 96 64 84 633 200 38 31 42 52 24 27 26 36 37 41 35 24 53 22
internal_value=9.31503e-06 0.00145615 -0.000182318 0.000109572 -0.000114634 -0.000361437 0.00121938 -0.000359022 0.000605553 -0.00046245 -0.00111729 -0.000374216 0.00115759 4.33218e-05 -0.000273633 -0.000670742 0.000339298 0.000611072 0.000907753 -0.00165508 -0.000141436 0.00176558 -0.000995259 0.00192783 0.00210045 0.000735718 0.000506269 0.000430138 0 0.00122141
internal_weight=2137 251 1886 711 590 1175 121 444 146 1031 117 914 230 190 792 254 144 106 73 73 44 90 122 61 63 140 99 60 73 73
internal_count=2137 251 1886 711 590 1175 121 444 146 1031 117 914 230 190 792 254 144 106 73 73 44 90 122 61 63 140 99 60 73 73
is_linear=0
shrinkage=0.03


end of trees

feature_importances:
Gold_Silver_Ratio=312
CPI_Inflation=258
Fed_Funds_Rate=177
US_10Y_Yield=166
Real_Yield_10Y=161
Close_to_MA_50=146
USD_Index=128
VIX=90
Rolling_Std_20=85
RSI_14=64
Rolling_Std_10=38
MACD_Pct=28
Close_to_MA_20=17
Return=6
Close_to_EMA_20=6
Volume_to_MA_10=5
Daily_Range_Pct=3
Close_to_MA_10=3
Log_Return=2
Close_to_MA_5=2
Ret_Lag_2=1
Ret_Lag_3=1
Ret_Lag_5=1

parameters:
[boosting: gbdt]
[objective: regression]
[metric: l2]
[tree_learner: serial]
[device_type: cpu]
[data_sample_strategy: bagging]
[data: ]
[valid: ]
[num_iterations: 200]
[learning_rate: 0.03]
[num_leaves: 31]
[num_threads: 20]
[seed: 42]
[deterministic: 0]
[force_col_wise: 0]
[force_row_wise: 0]
[histogram_pool_size: -1]
[max_depth: 6]
[min_data_in_leaf: 20]
[min_sum_hessian_in_leaf: 0.001]
[bagging_fraction: 0.8]
[pos_bagging_fraction: 1]
[neg_bagging_fraction: 1]
[bagging_freq: 0]
[bagging_seed: 400]
[bagging_by_query: 0]
[feature_fraction: 0.8]
[feature_fraction_bynode: 1]
[feature_fraction_seed: 30056]
[extra_trees: 0]
[extra_seed: 12879]
[early_stopping_round: 0]
[early_stopping_min_delta: 0]
[first_metric_only: 0]
[max_delta_step: 0]
[lambda_l1: 0.1]
[lambda_l2: 1]
[linear_lambda: 0]
[min_gain_to_split: 0]
[drop_rate: 0.1]
[max_drop: 50]
[skip_drop: 0.5]
[xgboost_dart_mode: 0]
[uniform_drop: 0]
[drop_seed: 17869]
[top_rate: 0.2]
[other_rate: 0.1]
[min_data_per_group: 100]
[max_cat_threshold: 32]
[cat_l2: 10]
[cat_smooth: 10]
[max_cat_to_onehot: 4]
[top_k: 20]
[monotone_constraints: ]
[monotone_constraints_method: basic]
[monotone_penalty: 0]
[feature_contri: ]
[forcedsplits_filename: ]
[refit_decay_rate: 0.9]
[cegb_tradeoff: 1]
[cegb_penalty_split: 0]
[cegb_penalty_feature_lazy: ]
[cegb_penalty_feature_coupled: ]
[path_smooth: 0]
[interaction_constraints: ]
[verbosity: -1]
[saved_feature_importance_type: 0]
[use_quantized_grad: 0]
[num_grad_quant_bins: 4]
[quant_train_renew_leaf: 0]
[stochastic_rounding: 1]
[linear_tree: 0]
[max_bin: 255]
[max_bin_by_feature: ]
[min_data_in_bin: 3]
[bin_construct_sample_cnt: 200000]
[data_random_seed: 175]
[is_enable_sparse: 1]
[enable_bundle: 1]
[use_missing: 1]
[zero_as_missing: 0]
[feature_pre_filter: 1]
[pre_partition: 0]
[two_round: 0]
[header: 0]
[label_column: ]
[weight_column: ]
[group_column: ]
[ignore_column: ]
[categorical_feature: ]
[forcedbins_filename: ]
[precise_float_parser: 0]
[parser_config_file: ]
[objective_seed: 16083]
[num_class: 1]
[is_unbalance: 0]
[scale_pos_weight: 1]
[sigmoid: 1]
[boost_from_average: 1]
[reg_sqrt: 0]
[alpha: 0.9]
[fair_c: 1]
[poisson_max_delta_step: 0.7]
[tweedie_variance_power: 1.5]
[lambdarank_truncation_level: 30]
[lambdarank_norm: 1]
[label_gain: ]
[lambdarank_position_bias_regularization: 0]
[eval_at: ]
[multi_error_top_k: 1]
[auc_mu_weights: ]
[num_machines: 1]
[local_listen_port: 12400]
[time_out: 120]
[machine_list_filename: ]
[machines: ]
[gpu_platform_id: -1]
[gpu_device_id: -1]
[gpu_device_id_list: ]
[gpu_use_dp: 0]
[num_gpu: 1]

end of parameters

pandas_categorical:[]
