tree
version=v4
num_class=1
num_tree_per_iteration=1
label_index=0
max_feature_idx=27
objective=regression
feature_names=Return Log_Return Ret_Lag_1 Ret_Lag_2 Ret_Lag_3 Ret_Lag_5 Ret_Lag_10 Daily_Range_Pct Close_to_MA_5 Close_to_MA_10 Close_to_MA_20 Close_to_MA_50 Close_to_EMA_10 Close_to_EMA_20 Rolling_Std_10 Rolling_Std_20 RSI_14 MACD_Pct Volume_to_MA_10 USD_Index US_10Y_Yield VIX CPI_Inflation USDA_WASDE_Stocks Precipitation_KeyRegions Temperature_Anomaly_KeyRegions Planting_Progress_Pct Export_Sales
feature_infos=[-0.1068233643220487:0.21776098252243731] [-0.1129709173542847:0.19701391236426749] [-0.1068233643220487:0.21776098252243731] [-0.1068233643220487:0.21776098252243731] [-0.1068233643220487:0.21776098252243731] [-0.1068233643220487:0.21776098252243731] [-0.1068233643220487:0.21776098252243731] [0:0.1318851823118696] [0.84955297096289262:1.2587276011913482] [0.89015151515151514:1.3770631910688531] [0.81774046076777451:1.5471457454170454] [0.74836538144242415:1.7154945173986833] [0.89585158866229841:1.3148350932670614] [0.83851220122397296:1.4389864811421575] [0.0046694959248203003:0.1066195432533204] [0.0065568448117416999:0.079455399387556899] [18.985032428732001:87.668664699449806] [-0.026393370433859701:0.044132612988063702] [0:9.9206634602396004] [79.77999878:108.5400009] [0.52000000000000002:3.4900000000000002] [9.1400003430000005:82.690002440000001] [234.74700000000001:295.09699999999998] [188.61000000000001:321.44999999999999] [0.17253421199999999:4.7756856670000003] [-6.4705817689999998:4.357689594] [1:98] [0:2540376]
tree_sizes=2348 2768 2844 2740 2771 2853 2844 2841 2672 2755 2875 2883 2873 2878 2885 2863 2872 2782 2885 2535 2890 2441 2804 2646 2890 2366 2891 2722 2883 2631 2003 2456 2181 2803 2902 2912 2924 2890 2927 2860 2703 2896 2708 2460 2541 2642 2842 2528 2896 2880 2867

Tree=0
num_leaves=26
num_cat=0
split_feature=20 22 22 22 20 16 22 19 16 20 16 19 22 14 15 22 22 22 19 16 22 16 16 18 16
split_gain=11.44 7.13657 4.14455 2.73451 1.33516 1.16163 1.10077 1.05361 0.780848 0.693795 0.62817 0.602042 0.435386 0.33119 0.325757 0.316492 0.312552 0.281413 0.171091 0.146055 0.132689 0.110268 0.0331971 0.0149378 0.00275386
threshold=1.6850000000000003 273.29300000000006 286.08700000000005 240.86050000000003 2.9250000000000003 45.199752759750574 240.38350000000003 93.935001375000013 46.881601353399979 0.72500000000000009 49.857641396705404 105.60499950000001 246.95500000000001 0.016825419247701656 0.016491820457896451 238.03350000000003 251.43850000000003 237.88900000000004 97.795001985000013 63.682078700079956 236.99200000000005 37.849062604102393 55.6473407597869 0.8272772582498783 59.248210307346191
decision_type=2 2 2 2 2 2 2 2 2 2 2 2 2 2 2 2 2 2 2 2 2 2 2 2 2
left_child=1 6 3 5 7 17 -1 12 -9 18 14 -4 -5 23 -11 20 22 21 24 -12 -7 -2 -6 -3 -8
right_child=2 13 11 4 16 15 9 8 -10 10 19 -13 -14 -15 -16 -17 -18 -19 -20 -21 -22 -23 -24 -25 -26
leaf_value=0.030704945427481548 0.033672184929273909 0.040296851931619901 0.025533631063725817 0.033912015850738747 0.033486380737488865 0.029109402028861673 0.039237009686799801 0.035114141020381136 0.032711812808379662 0.034976940100818317 0.034595081581161015 0.031100673496793876 0.037048920218863558 0.047269066728005821 0.03773134115855814 0.027800966377105791 0.029291971384522147 0.030571564800702476 0.036089668412045348 0.032748638786738379 0.030841170359103845 0.032208540538736063 0.031879534414326546 0.043698062807874194 0.037241502428375227
leaf_weight=37 101 20 91 63 21 75 60 170 421 72 135 25 121 38 100 73 69 55 39 51 144 80 24 32 20
leaf_count=37 101 20 91 63 21 75 60 170 421 72 135 25 121 38 100 73 69 55 39 51 144 80 24 32 20
internal_value=0.0334864 0.0369799 0.0321086 0.0325598 0.0335727 0.0308518 0.0355972 0.0340229 0.0334095 0.0359879 0.0353052 0.0266771 0.0359992 0.044734 0.036611 0.0295856 0.0305599 0.0324409 0.0379845 0.0340715 0.0302173 0.0330383 0.0326182 0.0425997 0.0388277
internal_weight=2137 604 1533 1417 889 528 514 775 591 477 358 116 184 90 172 292 114 236 119 186 219 181 45 52 80
internal_count=2137 604 1533 1417 889 528 514 775 591 477 358 116 184 90 172 292 114 236 119 186 219 181 45 52 80
is_linear=0
shrinkage=1


Tree=1
num_leaves=30
num_cat=0
split_feature=20 22 22 22 26 11 20 19 23 11 11 19 22 23 14 22 22 23 22 15 11 15 22 11 17 22 11 26 19
split_gain=10.7823 6.7304 3.90325 2.57568 1.45025 1.39231 1.25817 0.992446 0.863331 0.841926 0.632594 0.565046 0.438921 0.344348 0.314037 0.303582 0.293673 0.289969 0.220749 0.18397 0.183547 0.132559 0.0938862 0.0806473 0.0610965 0.0592651 0.0475148 0.0319699 0.0217912
threshold=1.6850000000000003 273.29300000000006 286.08700000000005 240.86050000000003 96.500000000000014 0.97848594071076334 2.9250000000000003 93.970001220000015 292.23000000000008 0.99630271809161719 1.0585410968522413 105.60499950000001 246.95500000000001 253.49500000000003 0.017658276235442253 272.28950000000003 251.43850000000003 197.46000000000004 238.03350000000003 0.017009619978401055 1.0650275236453239 0.017888943514214554 237.48750000000004 0.94549222207268613 0.0051223656071756512 237.88900000000004 1.0449456067034861 26.000000000000004 92.884998320000008
decision_type=2 2 2 2 2 2 2 2 2 2 2 2 2 2 2 2 2 2 2 2 2 2 2 2 2 2 2 2 2
left_child=1 4 3 5 8 17 7 12 13 -9 19 27 -5 23 -3 24 26 22 20 -10 -7 -15 -2 -1 -6 -19 -8 -4 -12
right_child=2 14 11 6 15 18 16 9 10 -11 28 -13 -14 21 -16 -17 -18 25 -20 -21 -22 -23 -24 -25 -26 -27 -28 -29 -30
leaf_value=0.0025411582181166683 -0.00021259917630761101 0.009128486384451389 -0.0056790282623125962 0.00039446231824181538 0.0054750787109425917 -0.0029064250425921258 0.00011575089839087532 0.0014046708265047379 0.0039791432971194862 -0.0009515980142321633 -0.0010096029043826903 -0.0023168887917238931 0.0034732759558459424 -0.0012234898775055165 0.013850599028170109 0.0010023132015384085 -0.0040703747026090108 -0.0012786930667596957 -0.0054701268018423751 0.0018544877972218054 -0.0054358469569369362 -0.0040533768405968491 0.001887876535300165 0 0.0032970748223364352 -0.0027180359564814719 -0.0017003809633091662 -0.0083475705765521345 8.266803126025479e-05
leaf_weight=21 87 59 25 67 102 162 20 214 92 372 36 25 122 70 31 22 69 92 78 78 37 21 23 22 29 49 25 66 21
leaf_count=21 87 59 25 67 102 162 20 214 92 372 36 25 122 70 31 22 69 92 78 78 37 21 23 22 29 49 25 66 21
internal_value=0 0.00339191 -0.00133733 -0.000899351 0.00204889 -0.00255703 8.35834e-05 0.00052074 0.000995244 -8.50798e-05 0.00212293 -0.00660839 0.00240545 -0.000894444 0.0109223 0.00449285 -0.00284092 -0.000917539 -0.0040232 0.00303839 -0.00341655 -0.00194611 0.000212615 0.00125664 0.00504428 -0.00181564 -0.000843025 -0.00771676 -0.000560976
internal_weight=2137 604 1533 1417 514 528 889 775 361 586 227 116 189 134 90 153 114 251 277 170 199 91 110 43 131 141 45 91 57
internal_count=2137 604 1533 1417 514 528 889 775 361 586 227 116 189 134 90 153 114 251 277 170 199 91 110 43 131 141 45 91 57
is_linear=0
shrinkage=0.03


Tree=2
num_leaves=31
num_cat=0
split_feature=20 15 23 23 23 26 26 19 26 11 10 23 11 23 23 21 15 11 11 14 23 20 15 11 21 23 26 10 11 17
split_gain=10.1603 3.07187 1.87215 1.48156 3.81663 1.99204 1.20919 1.07281 0.846953 1.07423 0.623654 0.56128 0.595783 0.37489 0.36317 0.355047 0.291302 0.24895 0.242191 0.206458 0.192443 0.192265 0.165153 0.122822 0.109157 0.0929496 0.079007 0.0769777 0.0625579 0.0562867
threshold=1.6850000000000003 0.024921616851029203 267.52500000000003 275.7050000000001 284.31000000000006 96.500000000000014 96.500000000000014 95.185001375000013 96.500000000000014 0.94549222207268613 0.99294089735508495 292.23000000000008 1.0585410968522413 266.43500000000006 253.49500000000003 27.644999505000005 0.018892286769126403 0.94817315013784742 0.97723241791843007 0.017658276235442253 253.05500000000004 2.6250000000000004 0.0096641792997567508 0.89334157723572194 16.729999540000005 287.91500000000002 74.000000000000014 0.98318003711631152 1.0221830277737316 0.0051223656071756512
decision_type=2 2 2 2 2 2 2 2 2 2 2 2 2 2 2 2 2 2 2 2 2 2 2 2 2 2 2 2 2 2
left_child=3 2 8 14 5 19 11 18 9 23 21 25 -13 -11 27 17 20 -3 -4 -5 -10 -9 -12 -2 -19 -6 -20 -1 -18 -8
right_child=1 15 7 4 6 -7 29 10 16 13 22 12 -14 -15 -16 -17 28 24 26 -21 -22 -23 -24 -25 -26 -27 -28 -29 -30 -31
leaf_value=0.0024753029690208757 0.0013912968168966471 -0.0021128825380001214 0.0048848468989133838 0.0092127741253689704 -4.281769938428293e-05 0.0011082815808029129 0.0053124209671344567 0.0026063320599131481 0.00058575023875967946 -0.0024455989498162155 -0.0029018343908828684 0.0029487890486458411 -0.0005430744922526894 -0.0057079315135876336 -0.0028550881686021708 -0.0087891220769711915 -0.00036259106369207386 -0.003936440243189664 0.0006298170744249706 0.013448065755888819 0.0038637691528900803 -0.00032694326729284108 -0.00074715965890710982 -0.0004290336922454116 -0.0067370912591616311 -0.0025606939357060649 0.0025570762178942093 0 -0.0022363938723619168 0.0032014596365392209
leaf_weight=21 44 31 39 56 32 25 102 66 66 566 41 170 57 35 34 27 57 37 33 31 22 26 173 127 44 25 74 22 25 29
leaf_count=21 44 31 39 56 32 25 102 66 66 566 41 170 57 35 34 27 57 37 33 31 22 26 173 127 44 25 74 22 25 29
internal_value=0 -0.00129822 -0.000869541 0.0032926 0.00386034 0.00876355 0.00251196 0.000711926 -0.00163151 -0.00205362 -0.000290183 0.00138861 0.00206028 -0.00264973 -0.00055432 -0.00553901 0.000268628 -0.00465811 0.00282033 0.0108917 0.00147317 0.0017505 -0.0011855 2.72793e-05 -0.00555797 -0.00122398 0.0020018 0.00122025 -0.000990079 0.00489563
internal_weight=2137 1533 1394 604 527 112 415 452 942 772 306 284 227 601 77 139 170 112 146 87 88 92 214 171 81 57 107 43 82 131
internal_count=2137 1533 1394 604 527 112 415 452 942 772 306 284 227 601 77 139 170 112 146 87 88 92 214 171 81 57 107 43 82 131
is_linear=0
shrinkage=0.03


Tree=3
num_leaves=30
num_cat=0
split_feature=20 22 22 22 20 23 16 19 16 16 19 22 22 23 23 21 14 22 22 22 16 22 22 16 19 19 16 21 18
split_gain=9.57043 5.98053 3.51099 2.34223 1.12826 1.12543 1.00281 0.897489 0.666987 0.661898 0.504737 0.363225 0.352705 0.394105 0.306218 0.284631 0.278389 0.275982 0.26854 0.236972 0.188778 0.121486 0.0817156 0.0680479 0.0597633 0.0349583 0.0289371 0.0216411 0.0211568
threshold=1.6850000000000003 273.29300000000006 286.08700000000005 240.86050000000003 2.9250000000000003 290.59000000000009 45.199752759750574 93.935001375000013 46.881601353399979 62.532970831967852 105.60499950000001 246.95500000000001 240.38350000000003 286.82500000000005 211.56500000000003 37.159999850000005 0.016825419247701656 238.03350000000003 251.43850000000003 261.47800000000007 46.354711220763193 236.99200000000005 258.87850000000009 41.278765599382858 97.61500168000002 91.125000000000014 55.6473407597869 23.500000000000004 0.8272772582498783
decision_type=2 2 2 2 2 2 2 2 2 2 2 2 2 2 2 2 2 2 2 2 2 2 2 2 2 2 2 2 2
left_child=1 5 3 6 7 12 14 11 -9 15 27 -5 -1 20 23 19 28 21 26 -7 -14 -8 -15 -2 -16 -11 -6 -4 -3
right_child=2 16 10 4 18 9 17 8 -10 25 -12 -13 13 22 24 -17 -18 -19 -20 -21 -22 -23 -24 -25 -26 -27 -28 -29 -30
leaf_value=-0.0025737760137693076 0.00037751747263759807 0.0061265834867954257 -0.0051941422698172654 0.00041863746676244773 0 0.004800524779530458 -0.0040680463137595284 0.0015162434524319363 -0.00070410516119739463 -0.00074870354247589903 -0.0021931460427406886 0.0032902769105676868 0.0034564387016452667 -7.4535270101360729e-05 -0.0028071890920400621 0.0002076221677707508 0.0126300781919406 -0.0052704560410332035 -0.0038517698766397579 0.0028243160843921941 0.00053282050108132155 -0.0024147427247002205 -0.0024868277649466803 -0.0011390319036145228 -0.0010836838964695253 0.00069302127814358655 -0.0014547319199144837 -0.0078174488410143773 0.0093810508007353011
leaf_weight=37 101 20 21 63 21 128 75 170 421 26 25 121 40 30 62 23 38 73 69 127 45 144 25 35 38 33 24 70 32
leaf_count=37 101 20 21 63 21 128 75 170 421 26 25 121 40 30 62 23 38 73 69 127 45 144 25 35 38 33 24 70 32
internal_value=0 0.00319565 -0.0012599 -0.000844402 9.27816e-05 0.00192925 -0.00242521 0.000506897 -5.88763e-05 0.00294411 -0.00625925 0.00233085 0 0.000682664 -0.000947742 0.00355471 0.0102946 -0.00360178 -0.00267632 0.00384289 0.00196772 -0.0030105 -0.00124943 0 -0.00219917 5.79546e-06 -0.000764181 -0.00730772 0.00832515
internal_weight=2137 604 1533 1417 889 514 528 775 591 337 116 184 177 140 236 278 90 292 114 255 85 219 55 136 100 59 45 91 52
internal_count=2137 604 1533 1417 889 514 528 775 591 337 116 184 177 140 236 278 90 292 114 255 85 219 55 136 100 59 45 91 52
is_linear=0
shrinkage=0.03


Tree=4
num_leaves=30
num_cat=0
split_feature=20 22 22 22 26 11 20 19 23 11 11 19 17 14 22 22 23 23 26 22 22 11 27 11 23 10 11 19 26
split_gain=9.01873 5.64135 3.30935 2.20671 1.24692 1.21265 1.06307 0.845847 0.731637 0.730819 0.62992 0.474201 0.368929 0.262358 0.254496 0.252413 0.250828 0.220428 0.272917 0.190793 0.180038 0.169046 0.111653 0.0708425 0.0569223 0.0514662 0.041556 0.0296609 0.0247721
threshold=1.6850000000000003 273.29300000000006 286.08700000000005 240.86050000000003 96.500000000000014 0.97848594071076334 2.9250000000000003 93.970001220000015 294.65000000000003 0.99630271809161719 1.0551969388406335 105.60499950000001 -0.008066359869915397 0.017658276235442253 272.28950000000003 251.43850000000003 197.46000000000004 253.49500000000003 94.500000000000014 238.03350000000003 261.47800000000007 1.0650275236453239 413730.50000000006 0.94549222207268613 238.23000000000005 1.0419381132721692 1.0449456067034861 92.884998320000008 26.000000000000004
decision_type=2 2 2 2 2 2 2 2 2 2 2 2 2 2 2 2 2 2 2 2 2 2 2 2 2 2 2 2 2
left_child=1 4 3 5 8 16 7 12 17 -9 20 28 -5 -3 25 26 22 23 -19 21 -10 -7 -2 -1 -18 -6 -8 -12 -4
right_child=2 13 11 6 14 19 15 9 10 -11 27 -13 -14 -15 -16 -17 24 18 -20 -21 -22 -23 -24 -25 -26 -27 -28 -29 -30
leaf_value=0.0023404330573658541 0.0016463949357824665 0.0083440082099288677 -0.005207227266751803 -0.00066560844835839819 0.0050136066394032165 -0.0026673947045168169 0.00014843301370274272 0.0013207216288057847 0.004438501748586854 -0.00087463529813715105 -0.00097930978391492607 -0.0021298822224355084 0.0028198754859666496 0.012690170159563422 0.00092645866120153147 -0.0037378675190997976 -0.0013494055282236765 0.0013805876798182724 -0.0021170406223119547 -0.0050713118567496914 0.0021269215951407595 -0.0050899341361303084 -0.00038312156856144694 0 -0.0032362605120454515 0.0029090674527817296 -0.0015470010297587856 0.00028654838002519677 -0.0076751214939711687
leaf_weight=21 34 59 25 31 105 162 20 214 61 372 37 25 158 31 22 69 121 24 89 78 83 37 76 22 20 26 25 24 66
leaf_count=21 34 59 25 31 105 162 20 214 61 372 37 25 158 31 22 69 121 24 89 78 83 37 76 22 20 26 25 24 66
internal_value=0 0.0031021 -0.00122313 -0.000819662 0.00187193 -0.00235407 8.99115e-05 0.000491981 0.000894335 -6.6923e-05 0.00207184 -0.00607691 0.0022319 0.00999699 0.00413828 -0.00259788 -0.000823276 -0.000637256 -0.00134227 -0.00372243 0.00315068 -0.00315601 0.000226337 0.00113568 -0.00165908 0.00464384 -0.000741412 -0.000436291 -0.00709371
internal_weight=2137 604 1533 1417 514 528 889 775 361 586 205 116 189 90 153 114 251 156 113 277 144 199 110 43 141 131 45 61 91
internal_count=2137 604 1533 1417 514 528 889 775 361 586 205 116 189 90 153 114 251 156 113 277 144 199 110 43 141 131 45 61 91
is_linear=0
shrinkage=0.03


Tree=5
num_leaves=31
num_cat=0
split_feature=20 22 22 22 26 11 20 19 11 23 11 19 22 14 22 22 23 23 26 22 22 11 22 10 22 10 11 19 18 26
split_gain=8.5017 5.31569 3.11925 2.07875 1.17428 1.14157 1.00114 0.795876 0.697979 0.688644 0.593387 0.445497 0.335194 0.246745 0.238817 0.237459 0.236456 0.207516 0.257397 0.178843 0.169015 0.158995 0.0838849 0.0672214 0.0539458 0.0473168 0.039333 0.0280404 0.0235414 0.0215844
threshold=1.6850000000000003 273.29300000000006 286.08700000000005 240.86050000000003 96.500000000000014 0.97848594071076334 2.9250000000000003 93.935001375000013 0.99630271809161719 294.65000000000003 1.0551969388406335 105.60499950000001 246.95500000000001 0.016825419247701656 272.28950000000003 251.43850000000003 197.46000000000004 253.49500000000003 94.500000000000014 238.03350000000003 261.47800000000007 1.0650275236453239 237.48750000000004 0.98318003711631152 237.88900000000004 1.0419381132721692 1.0449456067034861 92.884998320000008 0.8272772582498783 26.000000000000004
decision_type=2 2 2 2 2 2 2 2 2 2 2 2 2 2 2 2 2 2 2 2 2 2 2 2 2 2 2 2 2 2
left_child=1 4 3 5 9 16 7 12 -9 17 20 29 -5 28 25 26 22 23 -19 21 -11 -7 -2 -1 -18 -6 -8 -12 -3 -4
right_child=2 13 11 6 14 19 15 8 -10 10 27 -13 -14 -15 -16 -17 24 18 -20 -21 -22 -23 -24 -25 -26 -27 -28 -29 -30 -31
leaf_value=0.0022758530764205548 -0.00018104703733975343 0.0057131381992782861 -0.0050570188250679236 0.00035731038405901929 0.0048646174860450453 -0.0025878637566751133 0.00014419207071685898 0.0012991223982961753 -0.00083910263111739672 0.0043074943631166412 -0.00095070363003699296 -0.0020684433025666155 0.0031161886350085698 0.011913350563782912 0.00089987329725661996 -0.0036273334445165737 -0.0011010926666278993 0.0013408267022296783 -0.0020542350419486565 -0.0049210983086613157 0.0020638735544468677 -0.0049412543906977302 0.0018020748086273668 0 -0.0024669445446319879 0.0028250277638435361 -0.0015023760056266417 0.0002782957716565579 0.0088654121973297806 -0.0074483046553917775
leaf_weight=21 87 20 25 63 105 162 20 215 376 61 37 25 121 38 22 69 92 24 89 78 83 37 23 22 49 26 25 24 32 66
leaf_count=21 87 20 25 63 105 162 20 215 376 61 37 25 121 38 22 69 92 24 89 78 83 37 23 22 49 26 25 24 32 66
internal_value=0 0.00301186 -0.00118756 -0.000795785 0.00181751 -0.00228504 8.69264e-05 0.000477206 -5.52893e-05 0.000868496 0.00201097 -0.00589999 0.00219483 0.009705 0.00401703 -0.00252128 -0.00079933 -0.000616976 -0.00130141 -0.00361279 0.00305814 -0.00306295 0.000219078 0.00110217 -0.00161091 0.00450701 -0.000718125 -0.000422086 0.00784027 -0.00688608
internal_weight=2137 604 1533 1417 514 528 889 775 591 361 205 116 184 90 153 114 251 156 113 277 144 199 110 43 141 131 45 61 52 91
internal_count=2137 604 1533 1417 514 528 889 775 591 361 205 116 184 90 153 114 251 156 113 277 144 199 110 43 141 131 45 61 52 91
is_linear=0
shrinkage=0.03


Tree=6
num_leaves=31
num_cat=0
split_feature=20 22 22 22 23 20 19 13 10 10 19 17 20 22 23 22 23 14 22 10 23 22 23 22 27 13 19 18 19 13
split_gain=8.01556 5.01276 2.94032 1.95853 0.94898 0.943007 0.750441 0.745601 0.519738 0.458388 0.418499 0.340519 0.305318 0.303905 0.323909 0.25223 0.240464 0.233559 0.223387 0.174034 0.115065 0.142536 0.109568 0.0738587 0.069628 0.0393987 0.0392167 0.0259812 0.0145921 0.00139363
threshold=1.6850000000000003 273.29300000000006 286.08700000000005 240.86050000000003 290.59000000000009 2.9250000000000003 93.970001220000015 0.98691005455812475 0.99294089735508495 1.0122541904341837 105.60499950000001 -0.008066359869915397 0.72500000000000009 240.38350000000003 286.82500000000005 238.03350000000003 211.56500000000003 0.017658276235442253 251.43850000000003 0.99601284354600617 314.01500000000004 267.49850000000004 192.74500000000003 258.87850000000009 452865.50000000006 1.0482722022122872 97.915000915000022 0.88057442170322742 93.884998320000008 1.0330924539564343
decision_type=2 2 2 2 2 2 2 2 2 2 2 2 2 2 2 2 2 2 2 2 2 2 2 2 2 2 2 2 2 2
left_child=1 4 3 7 13 6 11 16 -8 20 29 -5 -11 -1 19 22 24 -3 27 -15 21 -6 -9 -16 -2 -14 -18 -7 -22 -4
right_child=2 17 10 5 9 18 8 15 -10 12 -12 -13 25 14 23 -17 26 -19 -20 -21 28 -23 -24 -25 -26 -27 -28 -29 -30 -31
leaf_value=-0.0023957144290999211 0.00061677534936282487 0.007857185399904848 -0.0060006165478159396 -0.00067880491894902666 0.0019667305711826141 0 0.0011928480854848926 -0.00035188004545800915 -0.00069840847711183493 0.003508344184177426 -0.002008776670908376 0.0026673581420711924 0.00079083501811255685 0.0030589779918233908 -4.6325421050911889e-06 -0.0048262458413022838 -0.0025308320870390164 0.011975130284205078 -0.0035200680060312154 0.00025582322244327969 0.0051424582870129281 0.0042759108221077403 -0.0028785152059445929 -0.0022947670966386793 -0.0007370568217175133 -0.00043210664810612798 -0.0010361324360128492 -0.0013248348525510382 0.003438381503948144 -0.008157462244033813
leaf_weight=37 64 59 67 31 76 20 195 20 391 38 25 158 59 45 30 72 63 31 69 40 50 45 204 25 70 35 35 25 34 24
leaf_count=37 64 59 67 31 76 20 195 20 391 38 25 158 59 45 30 72 63 31 69 40 50 45 204 25 70 35 35 25 34 24
internal_value=0 0.00292471 -0.00115288 -0.000772429 0.00176469 8.42832e-05 0.000463158 -0.00221799 -6.29947e-05 0.00269662 -0.00572826 0.00210204 0.00126857 0 0.000626909 -0.00321819 -0.000920664 0.00942456 -0.00244694 0.00179304 0.00359097 0.00287812 -0.00266882 -0.00112156 -6.84492e-05 0.00030415 -0.00204317 -0.00069551 0.00453657 -0.00668455
internal_weight=2137 604 1533 1417 514 889 775 528 586 337 116 189 132 177 140 296 232 90 114 85 205 121 224 55 134 94 98 45 84 91
internal_count=2137 604 1533 1417 514 889 775 528 586 337 116 189 132 177 140 296 232 90 114 85 205 121 224 55 134 94 98 45 84 91
is_linear=0
shrinkage=0.03


Tree=7
num_leaves=31
num_cat=0
split_feature=20 15 23 23 23 26 26 10 26 16 19 23 16 23 26 15 23 20 16 23 21 26 15 21 15 19 19 15 10 20
split_gain=7.5558 2.38496 1.42321 1.12222 2.84222 1.50757 0.939905 0.830068 0.641163 0.662919 0.429774 0.411745 0.437097 0.345907 0.322854 0.287237 0.274088 0.237273 0.204836 0.193961 0.160362 0.15302 0.140933 0.131214 0.105494 0.0715437 0.0646455 0.063811 0.0401113 0.0393899
threshold=1.6850000000000003 0.025165324256313303 267.52500000000003 275.7050000000001 284.31000000000006 96.500000000000014 96.500000000000014 0.99746283228010291 96.500000000000014 37.287624577796414 95.295001985000013 294.65000000000003 58.615027180366958 266.43500000000006 96.500000000000014 0.018892286769126403 253.49500000000003 2.6250000000000004 43.931110696060635 253.05500000000004 22.815000535000006 94.500000000000014 0.010039632970223153 18.675000195000006 0.010634165004863203 95.764999390000014 91.900001525000008 0.016686476183543752 1.0419381132721692 2.9250000000000003
decision_type=2 2 2 2 2 2 2 2 2 2 2 2 2 2 2 2 2 2 2 2 2 2 2 2 2 2 2 2 2 2
left_child=3 2 8 16 5 23 11 17 9 24 26 21 -13 -11 20 19 27 18 -4 -10 -3 -6 -12 -5 -2 -19 -9 -1 -8 -17
right_child=1 14 7 4 6 -7 28 10 15 13 22 12 -14 -15 -16 29 -18 25 -20 -21 -22 -23 -24 -25 -26 -27 -28 -29 -30 -31
leaf_value=0 -0.0017851079709029622 -0.0044907152665614649 0.0039100416181098718 0.0076210531606136457 0.0012686003480292857 0.00089346058623721969 0.0046066676590521376 0.0006369669589058551 0.00054489877715936175 -0.0019902862861892177 -0.0027854909384739585 0.0028161374798805362 -0.0001246500684449879 -0.0050612115429059879 -0.0024641089450567959 -0.00048961356653973967 -0.0025054947382105244 0.0016773648438309981 0.0014764895710327169 0.0038320219779144158 -0.0075265779269989138 -0.0015185928461432922 -0.00072955739656507183 0.01105168654752332 0.00051978278979741496 -0.00055840092206621669 0.002681689872033894 0.0021765003921887412 0.002683732401579618 -0.0020206303260683154
leaf_weight=22 20 50 72 45 24 25 105 37 66 611 39 141 64 36 39 58 34 20 67 22 42 55 158 42 112 30 29 21 26 25
leaf_count=22 20 50 72 45 24 25 105 37 66 611 39 141 64 36 39 58 34 20 67 22 42 55 158 42 112 30 29 21 26 25
internal_value=0 -0.00111936 -0.00075329 0.00283956 0.00333381 0.00756656 0.00216882 0.000626898 -0.00141309 -0.0017783 -0.000453651 0.00117706 0.00188733 -0.00217333 -0.00497904 0.000233844 -0.000504102 0.00214078 0.00277739 0.00143421 -0.00597494 -0.000629077 -0.00116373 0.00941808 0.000137204 0.000292436 0.0016068 0.00103119 0.00427097 -0.00100504
internal_weight=2137 1533 1402 604 527 112 415 452 950 779 263 284 205 647 131 171 77 189 139 88 92 79 197 87 132 50 66 43 131 83
internal_count=2137 1533 1402 604 527 112 415 452 950 779 263 284 205 647 131 171 77 189 139 88 92 79 197 87 132 50 66 43 131 83
is_linear=0
shrinkage=0.03


Tree=8
num_leaves=29
num_cat=0
split_feature=20 22 22 22 26 20 16 19 23 16 15 16 19 23 14 22 22 23 26 22 22 22 15 16 19 17 16 21
split_gain=7.11781 4.45223 2.64468 1.78114 1.00216 0.849394 0.782249 0.663897 0.576246 0.512123 0.453633 0.411816 0.378372 0.235401 0.215471 0.210931 0.20128 0.174321 0.219195 0.139739 0.136737 0.105307 0.0603686 0.0568256 0.0522613 0.0381297 0.0316515 0.0218167
threshold=1.6850000000000003 273.29300000000006 286.08700000000005 240.86050000000003 96.500000000000014 2.9650000000000003 45.296569756359069 93.970001220000015 294.65000000000003 46.817240202046911 0.017863452704684004 58.615027180366958 105.60499950000001 211.56500000000003 0.017658276235442253 238.03350000000003 272.28950000000003 253.49500000000003 94.500000000000014 261.47800000000007 251.11600000000001 236.99200000000005 0.016686476183543752 41.278765599382858 97.61500168000002 0.0051223656071756512 68.336294301110911 23.500000000000004
decision_type=2 2 2 2 2 2 2 2 2 2 2 2 2 2 2 2 2 2 2 2 2 2 2 2 2 2 2 2
left_child=1 4 3 6 8 7 13 10 17 -9 -5 19 27 23 -3 21 25 22 -19 -10 -7 -8 -1 -2 -15 -6 -13 -4
right_child=2 14 12 5 16 20 15 9 11 -11 -12 26 -14 24 -16 -17 -18 18 -20 -21 -22 -23 -24 -25 -26 -27 -28 -29
leaf_value=0 0.00037303326647345191 0.0073815081555396317 -0.0044017170474610545 0.0026849108304353672 0.00449938148846036 -0.0004208479861051522 -0.0036036520006233141 0.0012691589433061225 0.0038118304273256891 -0.0006546692358310941 -0.00062327339643525196 0.00032468591407606642 -0.001882541129616304 -0.002465618790969962 0.011325210532173514 -0.004611812910115397 0.00081913366986681587 0.0012320646678283809 -0.0018963581301815187 0.0017591062233281824 -0.0033996533101255245 -0.00206830156132249 0.0021141732704444702 -0.00099931581444232843 -0.00086361057991878336 0.0026908980736974628 -0.0010208223091904074 -0.0068029958960455902
leaf_weight=22 101 59 21 153 102 21 75 174 64 429 47 41 25 62 31 73 22 24 89 77 65 143 21 36 38 29 23 70
leaf_count=22 101 59 21 153 102 21 75 174 64 429 47 41 25 62 31 73 22 24 89 77 65 143 21 36 38 29 23 70
internal_value=0 0.00275628 -0.00108618 -0.000725253 0.00166262 9.15937e-05 -0.00210383 0.000399446 0.000785212 -9.33857e-05 0.00189333 0.00183066 -0.00542561 -0.000802269 0.00888239 -0.00314722 0.00369483 -0.000572417 -0.00120062 0.00273225 -0.00271995 -0.00262426 0.00100003 0 -0.00190114 0.00414518 -0.000120968 -0.00633533
internal_weight=2137 604 1533 1417 514 889 528 803 361 603 200 205 116 237 90 291 153 156 113 141 86 218 43 137 100 131 64 91
internal_count=2137 604 1533 1417 514 889 528 803 361 603 200 205 116 237 90 291 153 156 113 141 86 218 43 137 100 131 64 91
is_linear=0
shrinkage=0.03


Tree=9
num_leaves=30
num_cat=0
split_feature=20 15 23 23 23 10 19 23 19 23 16 23 19 23 19 20 21 13 23 16 15 21 27 19 10 19 24 20 23
split_gain=6.71023 2.14715 1.27276 1.00181 2.52421 0.753588 0.714597 0.538069 0.777129 0.700094 0.450085 0.432751 0.384866 0.245675 0.231205 0.219976 0.212701 0.200516 0.188567 0.188521 0.134084 0.084426 0.068865 0.0672098 0.0599749 0.058325 0.0304111 0.0250071 0.00669534
threshold=1.6850000000000003 0.025165324256313303 267.52500000000003 275.7050000000001 284.31000000000006 0.99746283228010291 93.075000760000009 266.43500000000006 99.805000305000007 262.21500000000009 62.203367002837361 314.01500000000004 95.295001985000013 253.49500000000003 105.12500000000001 2.6250000000000004 22.815000535000006 0.96227547995597251 253.05500000000004 43.931110696060635 0.010039632970223153 20.755000115000005 418280.50000000006 95.764999390000014 0.98147981970210552 91.900001525000008 1.6493144980000001 0.92500000000000016 260.74000000000007
decision_type=2 2 2 2 2 2 2 2 2 2 2 2 2 2 2 2 2 2 2 2 2 2 2 2 2 2 2 2 2
left_child=3 2 7 13 6 15 -5 8 9 -2 11 17 25 24 16 19 28 -6 -10 -4 -14 -8 -12 -17 -1 -7 -13 -24 -3
right_child=1 14 5 4 10 12 21 -9 18 -11 22 26 20 -15 -16 23 -18 -19 -20 -21 -22 -23 27 -25 -26 -27 -28 -29 -30
leaf_value=0.002130907835887878 -0.0018488432526116857 -0.0044692901852814585 0.0037405032566445564 0.0028864898501985495 0.0039521290628660114 0.00059168822716501861 0.0073969188151685027 -0.0046797557638159817 0.00051358639870069161 0.00072374212106106665 -0.0016111614629626273 0.0043197585957745711 -0.002684866259177215 -0.0023772121887188401 -0.0018325191468645172 0.0016044698151360664 -0.0069119154305756093 0.0012646995910008908 0.0036905010217292739 0.0014027611565457737 -0.00068023453829129104 0.010699756130058732 0.0012208705622968928 -0.00056377701809246753 0 0.0025394168427214023 0.0027195998867973687 -6.049458177936872e-05 -0.0027380860493704676
leaf_weight=20 692 33 72 30 30 37 56 41 88 108 20 89 39 34 25 20 49 193 21 67 158 26 20 30 23 29 35 28 24
leaf_count=20 692 33 72 30 30 37 56 41 88 108 20 89 39 34 25 20 49 193 21 67 158 26 20 30 23 29 35 28 24
internal_value=0 -0.00105468 -0.000707223 0.00267614 0.00314318 0.000597739 0.00713273 -0.00133124 -0.00117193 -0.00149733 0.00204471 0.00248147 -0.000431384 -0.000481195 -0.00471704 0.00204032 -0.00534583 0.00165566 0.00118091 0.00265317 -0.0011038 0.0085966 -0.000144209 0.000259153 0.000969755 0.00151741 0.00391747 0.000426203 -0.00385186
internal_weight=2137 1533 1402 604 527 452 112 950 909 800 415 347 263 77 131 189 106 223 109 139 197 82 68 50 43 66 124 48 57
internal_count=2137 1533 1402 604 527 452 112 950 909 800 415 347 263 77 131 189 106 223 109 139 197 82 68 50 43 66 124 48 57
is_linear=0
shrinkage=0.03


Tree=10
num_leaves=31
num_cat=0
split_feature=20 22 22 22 11 26 20 11 19 23 11 11 20 23 21 22 22 23 26 22 11 23 27 23 11 26 20 11 10 18
split_gain=6.32232 3.98652 2.3773 1.59369 0.959547 0.912381 0.772099 0.619325 0.540115 0.520317 0.480314 0.351699 0.240985 0.224126 0.196255 0.195141 0.178161 0.16003 0.200756 0.125678 0.11718 0.154181 0.107112 0.0761166 0.0587492 0.040132 0.0370792 0.0346263 0.0332178 0.0155632
threshold=1.6850000000000003 273.29300000000006 286.08700000000005 240.86050000000003 0.98730421888443554 96.500000000000014 2.9250000000000003 0.99630271809161719 93.555000305000007 294.65000000000003 1.0478935729862433 0.88560603215823075 2.5550000000000002 197.46000000000004 18.675000195000006 272.28950000000003 251.43850000000003 253.49500000000003 94.500000000000014 261.47800000000007 1.0664954423274842 230.95000000000002 413730.50000000006 238.23000000000005 0.94549222207268613 26.000000000000004 0.80000000000000016 1.0449456067034861 1.0419381132721692 0.86932248616124219
decision_type=2 2 2 2 2 2 2 2 2 2 2 2 2 2 2 2 2 2 2 2 2 2 2 2 2 2 2 2 2 2
left_child=1 5 3 4 13 9 7 12 -9 17 19 -4 -5 22 29 28 27 24 -19 -11 21 -6 -2 -15 -1 -13 -12 -8 -7 -3
right_child=2 14 11 6 20 15 16 8 -10 10 26 25 -14 23 -16 -17 -18 18 -20 -21 -22 -23 -24 -25 -26 -27 -28 -29 -30 -31
leaf_value=0.002042695484039458 0.001607088798337749 0.0047779997299824441 -0.0023300846851829972 0.0020363510426973336 -0.0021917721277655805 0.0042549621774902882 0.00017861761615079429 0.0017910249033060513 -0.00073064680870500547 0.0038776370942078787 0.0006793612391576806 -0.0043954109131143643 7.6998220648752833e-05 -0.0011562720666232053 0.010186449396055798 0.00068064964545445277 -0.0031580636968703141 0.0011585231701447627 -0.0018323210283337783 0.0018596207648282871 -0.0047452061631613309 -0.0040978655684484194 -0.00035250062413499965 -0.0030027163576866896 -2.3852518638191009e-05 -0.0068839873496828402 -0.00076490509077640513 -0.0013651271014151951 0.0024674522201271936 0.007573042295102415
leaf_weight=21 34 20 34 215 119 105 20 94 385 57 21 25 81 139 42 22 69 24 89 79 53 72 84 27 22 57 48 25 26 28
leaf_count=21 34 20 34 215 119 105 20 94 385 57 21 25 81 139 42 22 69 24 89 79 53 72 84 27 22 57 48 25 26 28
internal_value=0 0.00259811 -0.00102327 -0.000680952 -0.001985 0.00156288 9.15467e-05 0.000434644 -0.000226838 0.000725368 0.00171912 -0.00513765 0.00151234 -0.000781293 0.00839531 0.00350196 -0.00219832 -0.000564045 -0.00116619 0.00274944 -0.00336489 -0.00294353 0.000195677 -0.00149074 0.000940698 -0.00622352 -0.000279063 -0.000624833 0.0039443 0.00659094
internal_weight=2137 604 1533 1417 528 514 889 775 479 361 205 116 296 284 90 153 114 156 113 136 244 191 118 166 43 82 69 45 131 48
internal_count=2137 604 1533 1417 528 514 889 775 479 361 205 116 296 284 90 153 114 156 113 136 244 191 118 166 43 82 69 45 131 48
is_linear=0
shrinkage=0.03


Tree=11
num_leaves=31
num_cat=0
split_feature=20 22 22 22 11 26 11 19 19 23 11 11 20 23 22 21 23 26 15 11 23 22 22 27 15 23 26 10 20 22
split_gain=5.9615 3.75935 2.24128 1.50177 0.905423 0.859295 0.731608 0.612869 0.650313 0.489901 0.452766 0.330496 0.297527 0.184064 0.183083 0.182415 0.150496 0.18937 0.142033 0.140171 0.176146 0.129483 0.104033 0.0892728 0.0563198 0.0497943 0.0363264 0.0303389 0.0216804 0.0132215
threshold=1.6850000000000003 273.29300000000006 286.08700000000005 240.86050000000003 0.97848594071076334 96.500000000000014 0.97181113414795794 92.380001070000006 97.795001985000013 294.65000000000003 1.0551969388406335 0.88560603215823075 2.5850000000000004 197.46000000000004 272.28950000000003 18.675000195000006 253.49500000000003 94.500000000000014 0.014134440978401152 1.0664954423274842 230.95000000000002 261.47800000000007 249.55300000000003 413730.50000000006 0.016686476183543752 238.23000000000005 26.000000000000004 1.0419381132721692 0.94500000000000006 251.43850000000003
decision_type=2 2 2 2 2 2 2 2 2 2 2 2 2 2 2 2 2 2 2 2 2 2 2 2 2 2 2 2 2 2
left_child=1 5 3 4 13 9 12 22 -9 16 21 -4 18 23 27 -3 24 -18 -5 20 -6 -11 -8 -2 -1 -15 -13 -7 -12 -14
right_child=2 15 11 6 19 14 7 8 -10 10 28 26 29 25 -16 -17 17 -19 -20 -21 -22 -23 -24 -25 -26 -27 -28 -29 -30 -31
leaf_value=-3.0093227290426895e-05 0.0015602536347295555 0.0064026136047834036 -0.0022621792889599289 0.0037902457047701934 -0.0020201321402128088 0.0041285175075227356 0.0028919841289824374 -0.0013386482911162769 0.00079391969277927722 0.003679974805683859 3.4556285053822051e-05 -0.0042686201935777292 0.00053671174197058593 -0.0010349323002335981 0.00066111795505022881 0.0098879626039848761 0.0011251577017083764 -0.0017779621742976209 0.0016269857595415489 -0.0046054860916402611 -0.0038872277083375107 0.0017094647528803242 0.00072776184963401055 -0.00024715077912583478 0.0019914400520078331 -0.0027767295518091747 -0.0066810284280057614 0.0023961702377613011 -0.0010015971739048835 -0.00039260620915018463
leaf_weight=22 34 48 34 52 143 105 48 429 181 61 30 25 20 121 22 42 24 89 79 53 81 83 43 76 21 20 57 26 31 37
leaf_count=22 34 48 34 52 143 105 48 429 181 61 30 25 20 121 22 42 24 89 79 53 81 83 43 76 21 20 57 26 31 37
internal_value=0 0.00252304 -0.000993485 -0.000661034 -0.00192692 0.00151754 8.87608e-05 -0.000353841 -0.000700696 0.000704435 0.0016688 -0.00498855 0.00174812 -0.000603154 0.00339951 0.00815286 -0.000546294 -0.00113059 0.00253062 -0.00310917 -0.0027229 0.00258451 0.00192096 0.000293498 0.000911808 -0.00132094 -0.00604197 0.00382818 -0.000451288 -1.1174e-05
internal_weight=2137 604 1533 1417 528 514 889 701 610 361 205 116 188 251 153 90 156 113 131 277 224 144 91 110 43 141 82 131 61 57
internal_count=2137 604 1533 1417 528 514 889 701 610 361 205 116 188 251 153 90 156 113 131 277 224 144 91 110 43 141 82 131 61 57
is_linear=0
shrinkage=0.03


Tree=12
num_leaves=31
num_cat=0
split_feature=20 22 22 23 19 22 26 11 10 23 11 22 11 11 26 14 23 22 23 23 23 26 22 18 25 11 27 18 20 26
split_gain=5.61859 3.54209 2.1135 1.43137 0.922542 0.854747 0.809362 0.788003 0.532412 0.461199 0.428706 0.422526 0.383828 0.310547 0.259868 0.193396 0.182882 0.171749 0.168708 0.159447 0.141521 0.178637 0.110489 0.0889841 0.0661184 0.0550107 0.0521118 0.0364496 0.0333315 0.032793
threshold=1.6850000000000003 273.29300000000006 286.08700000000005 262.21500000000009 99.805000305000007 249.55300000000003 96.500000000000014 0.97665897588167605 0.98442631084472876 294.65000000000003 1.0478935729862433 246.95500000000001 1.0664954423274842 0.88560603215823075 77.500000000000014 0.016825419247701656 253.05500000000004 272.28950000000003 270.87500000000006 197.46000000000004 253.49500000000003 94.500000000000014 261.47800000000007 0.99626024280947312 0.75879351500000014 0.94549222207268613 544671.50000000012 0.8272772582498783 0.80000000000000016 26.000000000000004
decision_type=2 2 2 2 2 2 2 2 2 2 2 2 2 2 2 2 2 2 2 2 2 2 2 2 2 2 2 2 2 2
left_child=1 6 3 4 7 11 9 19 18 20 22 26 -9 -4 -10 27 24 -8 -7 -2 25 -22 -11 -13 -6 -1 -5 -3 -12 -15
right_child=2 15 13 5 16 8 17 12 14 10 28 23 -14 29 -16 -17 -18 -19 -20 -21 21 -23 -24 -25 -26 -27 -28 -29 -30 -31
leaf_value=0.0019519821988545696 0.00033406288914570432 0.0043424507518731318 -0.0021962529223412274 0.0011626230227450528 0.0009784569778336354 0.00017275433951504149 0.003715497036961923 -0.0021433820438184915 0.00079459467770167335 0.0036548178136862558 0.00063903313288359302 0.0048296691559902996 -0.0044298379770640666 -0.0041454869411312618 -0.0012661797880556042 0.0098401890190748069 0.0035830066898329687 0.00064214674413771088 0.0026015360378078187 -0.0011221866675173128 0.0010927531592734158 -0.0017252159649040551 0.0017538866229937411 0.0025223664963351829 -0.0007967747483588755 -4.603556255587254e-05 -0.00053376990898876741 0.0072506977157159279 -0.00072787782974180048 -0.0064840532371710086
leaf_weight=21 108 20 34 44 64 48 131 366 68 57 21 45 86 25 249 38 21 22 63 168 24 89 79 41 24 22 22 32 48 57
leaf_count=21 108 20 34 44 64 48 131 366 68 57 21 45 86 25 249 38 21 22 63 168 24 89 79 41 24 22 22 32 48 57
internal_value=0 0.00244969 -0.0009642 -0.000641295 -0.00143526 0.000499812 0.00147346 -0.00182202 -0.000181246 0.000684026 0.00161982 0.00242579 -0.00259386 -0.00484382 -0.000813578 0.00791464 0.0011137 0.0033001 0.00158896 -0.000542371 -0.000529082 -0.00109606 0.00259336 0.0038058 0.000457082 0.000883745 0.000552856 0.00629178 -0.000265818 -0.00586576
internal_weight=2137 604 1533 1417 837 580 514 728 428 361 205 152 452 116 317 90 109 153 111 276 156 113 136 86 88 43 66 52 69 82
internal_count=2137 604 1533 1417 837 580 514 728 428 361 205 152 452 116 317 90 109 153 111 276 156 113 136 86 88 43 66 52 69 82
is_linear=0
shrinkage=0.03


Tree=13
num_leaves=31
num_cat=0
split_feature=20 15 21 16 26 26 15 14 19 26 15 20 16 26 17 19 19 21 16 19 16 19 19 19 21 20 20 21 25 25
split_gain=5.29471 1.72519 0.619191 0.512967 0.444236 1.4237 0.598368 0.468682 0.456943 0.368079 0.349149 0.35834 0.245766 0.245051 0.22186 0.201424 0.189227 0.176112 0.174822 0.168773 0.159008 0.123383 0.113178 0.110388 0.100859 0.0912599 0.0881163 0.079595 0.0709772 0.0580999
threshold=1.6850000000000003 0.025165324256313303 12.034999845000002 43.860855513856343 94.500000000000014 95.500000000000014 0.016648158316664902 0.016777703210672804 93.215000150000023 96.500000000000014 0.018780178459502302 2.3150000000000004 50.964394349848952 96.500000000000014 -0.0049441062559191992 89.350002290000006 93.420001985000013 24.105000495000002 38.02449362847215 100.93999860000001 66.139435248489505 96.64500046000002 96.755001070000006 93.555000305000007 22.815000535000006 0.93500000000000016 1.5150000000000003 23.055000305000004 -3.7619004294999994 -0.33893008299999994
decision_type=2 2 2 2 2 2 2 2 2 2 2 2 2 2 2 2 2 2 2 2 2 2 2 2 2 2 2 2 2 2
left_child=4 2 10 17 6 18 7 21 12 19 11 16 29 24 -10 -13 -2 28 26 -5 27 23 -11 -1 -3 -14 -6 -8 -4 -7
right_child=1 13 3 9 5 8 20 -9 14 22 -12 15 25 -15 -16 -17 -18 -19 -20 -21 -22 -23 -24 -25 -26 -27 -28 -29 -30 -31
leaf_value=0.0033363358250890788 0.0012516807253575987 -0.0038546593397417494 -0.0011698479117080568 -0.0015025281329579755 -0.00064417167849324902 0.001778246281277989 0.0032791268842955745 0.0090942698951278402 0.0074602751352570275 -0.00080602139517199243 -0.0018066530743617475 -0.0002531387494818773 0.0024492973439628257 -0.0020189666200429199 0.0036954369527686919 0.0023321722134385945 -0.0018905051874113267 -0.0020525172548969423 -0.0018719427877743632 -0.0042768502179533234 -0.00066703851265913759 0.0023047279403661377 0.0010857359152651042 0.00630435066446662 -0.0063603459101083662 0.00023380143588541875 0.0018057654793171777 0.00073507077409420171 0.00047905815600668297 0.0037878593466178119
leaf_weight=38 26 50 24 675 28 30 30 20 21 49 43 31 23 39 83 137 44 30 71 21 22 39 63 29 42 69 22 24 259 55
leaf_count=38 26 50 24 675 28 30 30 20 21 49 43 31 23 39 83 137 44 30 71 21 22 39 63 29 42 69 22 24 259 55
internal_value=6.12247e-07 -0.000935336 -0.000623638 -0.000940225 0.0023787 0.00177918 0.00354239 0.0048143 0.00295013 -0.00133945 0.00062755 0.00108561 0.00197413 -0.00421849 0.00454803 0.00183869 -0.000679963 8.17863e-05 -0.000917445 -0.00159656 0.00135958 0.00390128 0.000231735 0.00473894 -0.00508691 0.000840314 0.000389248 0.0022369 0.000325031 0.00314239
internal_weight=2137 1533 1402 1121 604 402 202 126 281 808 281 238 177 131 104 168 70 313 121 696 76 106 112 67 92 92 50 54 283 85
internal_count=2137 1533 1402 1121 604 402 202 126 281 808 281 238 177 131 104 168 70 313 121 696 76 106 112 67 92 92 50 54 283 85
is_linear=0
shrinkage=0.03


Tree=14
num_leaves=31
num_cat=0
split_feature=20 22 22 23 19 22 26 11 10 23 11 22 11 19 26 14 23 23 22 22 22 23 22 23 25 17 11 17 21 17
split_gain=4.99657 3.23137 1.87822 1.32562 0.840332 0.777562 0.739049 0.736781 0.464642 0.410852 0.4031 0.39683 0.339826 0.280632 0.232126 0.1916 0.168933 0.160018 0.15406 0.17161 0.152852 0.147608 0.0866491 0.0763887 0.0630051 0.0385601 0.0376797 0.0279105 0.01619 0.00202149
threshold=1.7050000000000003 273.29300000000006 286.08700000000005 262.21500000000009 99.805000305000007 249.55300000000003 96.500000000000014 0.97665897588167605 0.98506962335135617 294.65000000000003 1.0402824210003365 246.95500000000001 1.0664954423274842 105.60499950000001 77.500000000000014 0.017658276235442253 253.05500000000004 270.87500000000006 240.38350000000003 257.97750000000008 272.28950000000003 197.46000000000004 261.47800000000007 268.27500000000003 0.75879351500000014 -0.0050094545688978498 1.0605429305291671 0.0051223656071756512 23.500000000000004 -0.004093245323229599
decision_type=2 2 2 2 2 2 2 2 2 2 2 2 2 2 2 2 2 2 2 2 2 2 2 2 2 2 2 2 2 2
left_child=1 6 3 4 7 11 9 21 17 18 22 25 -9 28 -10 -3 24 -7 -1 -20 27 -2 -11 -13 -6 -5 -12 29 -4 -8
right_child=2 15 13 5 16 8 20 12 14 10 26 23 -14 -15 -16 -17 -18 -19 19 -21 -22 -23 -24 -25 -26 -27 -28 -29 -30 -31
leaf_value=-0.0020924062547972425 0.00032657892673293448 0.0061166659962141618 -0.0036641920716925097 -0.00047967442391174178 0.00092600555944328112 0.00014122804007022819 0.0049617020168474741 -0.0020760023080707186 0.00080153142003086932 0.003529632821137255 0.00082896096468903125 0.0029580540149049326 -0.0042354836795350601 -0.0015146658830344675 -0.0012083322719956384 0.0097154053151607515 0.0034204161996021867 0.0024716235748713923 0.00088859816700763373 -0.0013592772792682659 0.00059669452184892219 -0.0010774080699367567 0.0017635596581906277 0.0054638514823534276 -0.0008083334393607219 0.0010011170471453681 -0.000567106890621164 0.0022314192267134784 -0.0057744613584708162 0.0034403431425432127
leaf_weight=39 108 60 21 20 64 51 20 361 63 54 23 65 86 25 243 31 21 62 80 48 22 166 75 21 24 46 57 29 70 82
leaf_count=39 108 60 21 20 64 51 20 361 63 54 23 65 86 25 243 31 21 62 80 48 22 166 75 21 24 46 57 29 70 82
internal_value=9.90098e-07 0.00226934 -0.000924995 -0.000617091 -0.00138279 0.000491148 0.00135707 -0.0017553 -0.000170188 0.00062822 0.00151506 0.00232298 -0.0025067 -0.00458103 -0.000783502 0.0074675 0.00104756 0.00145663 -0.000466217 1.83865e-05 0.00311306 -0.000513927 0.00254739 0.00366019 0.000415528 0.000507154 -0.000123421 0.0035052 -0.00536521 0.00381305
internal_weight=2137 620 1517 1401 830 571 529 721 419 376 209 152 447 116 306 91 109 113 167 128 153 274 129 86 88 66 80 131 91 102
internal_count=2137 620 1517 1401 830 571 529 721 419 376 209 152 447 116 306 91 109 113 167 128 153 274 129 86 88 66 80 131 91 102
is_linear=0
shrinkage=0.03


Tree=15
num_leaves=31
num_cat=0
split_feature=20 22 22 23 19 22 11 23 11 11 22 11 19 22 11 22 14 23 22 21 23 22 23 18 22 20 20 18 20 21
split_gain=4.70834 3.04474 1.77144 1.24902 0.791735 0.73264 0.69353 0.601179 0.518444 0.392804 0.374206 0.319672 0.263873 0.222396 0.24662 0.218731 0.180691 0.177402 0.160048 0.154886 0.139041 0.130265 0.123395 0.0845423 0.0518136 0.0384893 0.0312501 0.0280364 0.0231445 0.00695806
threshold=1.7050000000000003 273.29300000000006 286.08700000000005 262.21500000000009 99.805000305000007 249.55300000000003 0.97665897588167605 290.59000000000009 1.0605429305291671 0.97493571324177131 246.95500000000001 1.0664954423274842 105.12500000000001 240.38350000000003 0.93510864431196272 258.49100000000004 0.016825419247701656 279.50500000000005 243.75500000000002 37.159999850000005 197.46000000000004 261.47800000000007 287.91500000000002 0.99626024280947312 243.12750000000003 2.2350000000000008 2.4250000000000003 0.8272772582498783 0.82500000000000007 23.500000000000004
decision_type=2 2 2 2 2 2 2 2 2 2 2 2 2 2 2 2 2 2 2 2 2 2 2 2 2 2 2 2 2 2
left_child=1 7 3 4 6 10 20 13 19 17 25 -8 29 -1 -15 -11 27 -7 24 21 -2 -9 -16 -12 -6 -5 -20 -3 -10 -4
right_child=2 16 12 5 18 9 11 8 28 15 23 -13 -14 14 22 -17 -18 -19 26 -21 -22 -23 -24 -25 -26 -27 -28 -29 -30 -31
leaf_value=-0.0020312033713096749 0.00031687144377405557 0.0039300299575219721 -0.0036741974758250371 0.0013213095439212588 0.0012206454890663736 0.00040879516204920234 -0.0020138942605058643 0.0035417178701176197 0.00031214181791343115 -0.00026504014282037914 0.0045460141897201538 -0.0041098796812624773 -0.0017882275223251309 0.0027369134415160209 0.00035414107987362311 -0.0022222473813559521 0.0090975753114773683 0.0031082582649113117 0.00040140828944692787 0 -0.0010452793692064355 0.002063763230191259 -0.0019455713546938365 0.0023121241637106453 0.0033224679721434685 -6.2368611670815598e-05 -0.0010556154764135896 0.0065773003517704855 -0.00081296805073450325 -0.005698750553513641
leaf_weight=39 108 20 20 28 39 60 361 128 22 257 45 86 30 33 90 65 38 37 27 21 166 130 26 41 21 38 22 33 40 66
leaf_count=39 108 20 20 28 39 60 361 128 22 257 45 86 30 33 90 65 38 37 27 21 166 130 26 41 21 38 22 33 40 66
internal_value=1.588e-06 0.00220358 -0.000897252 -0.000598159 -0.00134143 0.00047747 -0.00170306 0.00131785 0.00206712 -0.000164282 0.00225563 -0.00243212 -0.00444794 -2.90829e-05 0.00048501 -0.000675073 0.00724961 0.00149031 0.00101709 0.00261824 -0.000498264 0.00281944 -0.000147894 0.00355432 0.00204787 0.00049083 -0.000200794 0.00572516 -0.000367499 -0.00531005
internal_weight=2137 620 1517 1401 830 571 721 529 341 419 152 447 116 188 149 322 91 97 109 279 274 258 116 86 60 66 49 53 62 86
internal_count=2137 620 1517 1401 830 571 721 529 341 419 152 447 116 188 149 322 91 97 109 279 274 258 116 86 60 66 49 53 62 86
is_linear=0
shrinkage=0.03


Tree=16
num_leaves=31
num_cat=0
split_feature=20 22 22 23 19 22 11 23 11 10 22 11 11 22 11 23 14 22 21 23 22 23 23 18 22 27 20 20 21 17
split_gain=4.43588 2.87215 1.67081 1.17616 0.746485 0.690545 0.65351 0.566253 0.488221 0.420282 0.352679 0.337097 0.251398 0.20956 0.23248 0.174548 0.170248 0.151105 0.145358 0.138837 0.122084 0.116369 0.0905241 0.0789616 0.0485623 0.0456959 0.0295161 0.021885 0.0123917 0.0022801
threshold=1.7050000000000003 273.29300000000006 286.08700000000005 262.21500000000009 99.805000305000007 249.55300000000003 0.96609663658156408 290.59000000000009 1.0605429305291671 0.98442631084472876 246.95500000000001 1.0664954423274842 0.88560603215823075 240.38350000000003 0.93510864431196272 268.06000000000006 0.017658276235442253 243.75500000000002 37.159999850000005 270.87500000000006 261.47800000000007 287.91500000000002 197.46000000000004 0.99626024280947312 243.12750000000003 544671.50000000012 2.4250000000000003 0.82500000000000007 23.500000000000004 -0.0015874391810731998
decision_type=2 2 2 2 2 2 2 2 2 2 2 2 2 2 2 2 2 2 2 2 2 2 2 2 2 2 2 2 2 2
left_child=1 7 3 4 6 10 22 13 18 19 25 -8 -4 -1 -15 -11 29 24 20 -7 -9 -16 -2 -12 -6 -5 -19 -10 -14 -3
right_child=2 16 12 5 17 9 11 8 27 15 23 -13 28 14 21 -17 -18 26 -20 -21 -22 -23 -24 -25 -26 -27 -28 -29 -30 -31
leaf_value=-0.0019717906620469877 0.00041252474633756239 0.0041490194830611079 -0.0019258748678224425 0.0010497392987832426 0.001184941602795152 0.00015739864597040019 -0.0018733608666315368 0.0034362899742933898 0.00030318470329613142 -0.0021462714233480037 0.0044125986570573367 -0.0039880004954235306 -0.0035692204130547385 0.0026572209572460611 0.00034363358432380991 -0.00035239733570121461 0.0091686531356535844 0.00038979612524313523 0 0.0023900718214143008 0.0020023229316744298 -0.0018893659710884092 -0.00080207512671837491 0.0022444119647677457 0.0032273245604645287 -0.00053875943151829038 -0.0010253239312897557 -0.00078917386531034801 -0.0056659173156533927 0.0063706630043140278
leaf_weight=39 94 20 34 44 39 48 416 128 22 62 45 86 20 33 90 249 31 27 21 60 130 26 125 41 21 22 22 40 62 40
leaf_count=39 94 20 34 44 39 48 416 128 22 62 45 86 20 33 90 249 31 27 21 60 130 26 125 41 21 22 22 40 62 40
internal_value=1.9714e-06 0.00213934 -0.000870432 -0.000579889 -0.00130119 0.000463783 -0.00165238 0.00127888 0.00200607 -0.000159066 0.00219014 -0.0022488 -0.00431891 -2.78748e-05 0.000470689 -0.000725367 0.00704047 0.00098846 0.00254092 0.00143584 0.00273585 -0.000143096 -0.000267598 0.00345109 0.00199014 0.000475325 -0.000193363 -0.000355284 -0.00523984 0.00575945
internal_weight=2137 620 1517 1401 830 571 721 529 341 419 152 502 116 188 149 311 91 109 279 108 258 116 219 86 60 66 49 62 82 60
internal_count=2137 620 1517 1401 830 571 721 529 341 419 152 502 116 188 149 311 91 109 279 108 258 116 219 86 60 66 49 62 82 60
is_linear=0
shrinkage=0.03


Tree=17
num_leaves=30
num_cat=0
split_feature=20 22 22 22 11 26 20 11 19 23 11 19 20 21 23 27 22 19 23 27 22 22 23 26 18 17 26 10 17
split_gain=4.17943 2.70958 1.57599 1.11367 0.699314 0.651024 0.60803 0.456805 0.365069 0.341439 0.342276 0.237075 0.220776 0.163379 0.161712 0.142245 0.129301 0.107325 0.093585 0.092726 0.073367 0.0599439 0.0573969 0.0502765 0.0364824 0.0268599 0.011756 0.0180819 0.00285128
threshold=1.7050000000000003 273.29300000000006 286.08700000000005 240.86050000000003 0.99072999556351704 96.500000000000014 3.0450000000000004 0.99630271809161719 92.380001070000006 294.65000000000003 1.0402824210003365 105.60499950000001 2.5550000000000002 20.755000115000005 197.46000000000004 359523.00000000006 272.28950000000003 87.14500046000002 253.49500000000003 413730.50000000006 261.47800000000007 238.03350000000003 238.23000000000005 90.500000000000014 1.2175333478972772 0.0051223656071756512 26.000000000000004 0.93942943676746837 -0.004093245323229599
decision_type=2 2 2 2 2 2 2 2 2 2 2 2 2 2 2 2 2 2 2 2 2 2 2 2 2 2 2 2 2
left_child=1 5 3 4 14 9 7 12 -9 15 20 26 -5 23 19 -1 25 -6 -17 -2 -11 -19 -16 -3 -12 28 -4 -28 -7
right_child=2 13 11 6 17 16 -8 8 -10 10 24 -13 -14 -15 22 18 -18 21 -20 -21 -22 -23 -24 -25 -26 -27 27 -29 -30
leaf_value=-0.0026935737930576906 0.0014873514503506676 0.006896593760479899 -0.0035031120195411717 0.0017704451931544879 -0.00066655151011503261 0.004654212138482502 -0.0028458456439834278 0.0017068852641449839 -0.0005650888987455805 0.0032239412199367178 -0.00054246898390437166 -0.0013638360715256285 0 0.0092770005607834237 -0.00095728627220271361 0.00098641300055896846 0.00055954887219907153 -0.002629087488577291 -0.00062005168194766158 -0.0003325839162869162 0.0015909714622662013 -0.0039490616625973149 -0.0025383560773113672 0.0043345951136365968 0.00088662355386519005 0.0020233507492579518 -0.003642000872109617 -0.0059286135682400237 0.0031882023210805582
leaf_weight=21 34 33 25 209 22 20 58 73 441 54 60 25 94 25 146 47 22 142 99 85 75 69 28 33 20 29 20 46 82
leaf_count=21 34 33 25 209 22 20 58 73 441 54 60 25 94 25 146 47 22 142 99 85 75 69 28 33 20 29 20 46 82
internal_value=2.32249e-06 0.00207703 -0.000844446 -0.000562198 -0.001652 0.00124108 9.06403e-05 0.000305997 -0.000233902 0.000556613 0.00136552 -0.00419374 0.00122949 0.00683764 -0.00065945 -0.000439976 0.00288915 -0.00287916 -7.93017e-05 0.000170459 0.00231716 -0.00309148 -0.00124191 0.00574419 -0.000141624 0.00325045 -0.0049153 -0.00534518 0.00354718
internal_weight=2137 620 1517 1401 526 529 875 817 514 376 209 116 303 91 293 167 153 233 146 119 129 211 174 66 80 131 91 66 102
internal_count=2137 620 1517 1401 526 529 875 817 514 376 209 116 303 91 293 167 153 233 146 119 129 211 174 66 80 131 91 66 102
is_linear=0
shrinkage=0.03


Tree=18
num_leaves=31
num_cat=0
split_feature=20 22 22 23 19 22 26 11 10 22 23 11 11 19 26 21 23 27 23 22 23 23 23 22 25 26 27 18 17 23
split_gain=3.94229 2.55584 1.4874 1.05254 0.678209 0.629568 0.614254 0.58966 0.386487 0.328914 0.321945 0.322468 0.280383 0.223536 0.21225 0.152853 0.144828 0.134225 0.131899 0.121385 0.11965 0.0881591 0.0760735 0.0686955 0.0547951 0.0463086 0.0437094 0.0344266 0.0249262 0.0252215
threshold=1.7050000000000003 273.29300000000006 286.08700000000005 262.21500000000009 99.805000305000007 249.55300000000003 96.500000000000014 0.97665897588167605 0.98506962335135617 246.95500000000001 294.65000000000003 1.0402824210003365 1.0664954423274842 105.12500000000001 77.500000000000014 20.755000115000005 253.05500000000004 359523.00000000006 270.87500000000006 272.28950000000003 211.56500000000003 253.49500000000003 268.27500000000003 261.47800000000007 0.75879351500000014 90.500000000000014 544671.50000000012 1.2175333478972772 0.00031586307698185009 296.16000000000003
decision_type=2 2 2 2 2 2 2 2 2 2 2 2 2 2 2 2 2 2 2 2 2 2 2 2 2 2 2 2 2 2
left_child=1 6 3 4 7 9 10 20 18 26 17 23 -9 -4 -10 25 24 -1 -7 28 -2 -19 -11 -12 -6 -3 -5 -13 -8 -30
right_child=2 15 13 5 16 8 19 12 14 22 11 27 -14 -15 -16 -17 -18 21 -20 -21 -22 -23 -24 -25 -26 -27 -28 -29 29 -31
leaf_value=-0.0026164397024972868 0.00010540734222857281 0.0066957811629947501 -0.0048684784107167148 0.00099672443565602085 0.00084418656303404031 0.00012962188160655874 0.0036892114780108691 -0.0018430391593237446 0.0008019674374081659 0.0026239403081549837 0.0031289814867756587 -0.00052646170162069068 -0.0038075186882553427 -0.0016159028033575701 -0.0011197422269542585 0.0090093949511647221 0.0031510877705771814 0.00095743713025876786 0.002251787177397914 0.00054349227253671576 -0.0011338042478032766 -0.00060163614548393513 0.0050709153799848115 0.0015438703513489024 -0.00077225324434228239 0.0042083818254006269 -0.00055887171084506679 0.00086129144695587458 0.0012725414093988745 0.0029865370608866213
leaf_weight=21 149 33 86 44 64 51 70 361 63 65 54 60 86 30 243 25 21 47 62 22 125 99 21 75 24 33 22 20 22 39
leaf_count=21 149 33 86 44 64 51 70 361 63 65 54 60 86 30 243 25 21 47 62 22 125 99 21 75 24 33 22 20 22 39
internal_value=2.33393e-06 0.00201736 -0.000820022 -0.000545751 -0.00122815 0.000441347 0.00120528 -0.001563 -0.000153067 0.0020898 0.00054014 0.00132572 -0.00223534 -0.00407394 -0.000713001 0.00664115 0.000953543 -0.000427192 0.00132985 0.00280626 -0.000451084 -7.62356e-05 0.00330736 0.00224945 0.000365908 0.00557823 0.000432814 -0.000136136 0.00315655 0.00244726
internal_weight=2137 620 1517 1401 830 571 529 721 419 152 376 209 447 116 306 91 109 167 113 153 274 146 86 129 88 66 66 80 131 61
internal_count=2137 620 1517 1401 830 571 529 721 419 152 376 209 447 116 306 91 109 167 113 153 274 146 86 129 88 66 66 80 131 61
is_linear=0
shrinkage=0.03


Tree=19
num_leaves=27
num_cat=0
split_feature=20 22 22 22 11 26 20 11 22 23 11 20 11 14 23 27 22 19 27 11 22 22 23 26 22 12
split_gain=3.71577 2.41093 1.40167 1.00332 0.627542 0.579411 0.558068 0.414655 0.349261 0.303571 0.303811 0.220748 0.211949 0.156765 0.146746 0.126656 0.113903 0.0995066 0.0869356 0.0865886 0.0643065 0.0569863 0.0531018 0.0307556 0.0300773 0.0240203
threshold=1.7050000000000003 273.29300000000006 286.08700000000005 240.86050000000003 0.99072999556351704 96.500000000000014 3.0450000000000004 1.0037784280013782 258.49100000000004 294.65000000000003 1.0402824210003365 2.5550000000000002 0.88560603215823075 0.016825419247701656 197.46000000000004 359523.00000000006 272.28950000000003 87.14500046000002 413730.50000000006 0.93297430866338893 261.47800000000007 238.03350000000003 238.23000000000005 26.000000000000004 262.36600000000004 1.0214554424486109
decision_type=2 2 2 2 2 2 2 2 2 2 2 2 2 2 2 2 2 2 2 2 2 2 2 2 2 2
left_child=1 5 3 4 14 9 7 11 -9 15 20 -5 -4 -3 18 -1 25 -6 -2 -17 -11 -19 -16 -14 -12 -7
right_child=2 13 12 6 17 16 -8 8 -10 10 24 -13 23 -15 22 19 -18 21 -20 -21 -22 -23 -24 -25 -26 -27
leaf_value=-0.0025415143145417619 0.0014426040300301141 0.0050403600777758082 -0.0017466493724712304 0.0015811140733086244 -0.00059453712808697117 0.0033190058544974458 -0.0027224765047786158 7.9808362645374409e-06 -0.0025118533217215111 0.0030368187063119631 0.00042774252457400923 0 -0.0032616237969352647 0.0081603641360998153 -0.00090291113294043335 0.0011162393689066027 0.00052789640847755509 -0.0024810252900567507 -0.00031905096049182288 -0.00052571645668576144 0.0014981636514881085 -0.0037634683428066115 -0.0024253868519746023 -0.0053569081767365851 -0.00070414294131089332 0.0017864942965455924
leaf_weight=21 34 53 34 241 22 106 58 407 55 54 38 114 25 38 146 38 22 142 85 108 75 69 28 57 42 25
leaf_count=21 34 53 34 241 22 106 58 407 55 54 38 114 25 38 146 38 22 142 85 108 75 69 28 57 42 25
internal_value=3.04139e-06 0.00195936 -0.000795297 -0.000528977 -0.00156341 0.00117043 9.05129e-05 0.000296963 -0.000290297 0.000524154 0.00128709 0.00106832 -0.00395415 0.00645037 -0.000622488 -0.00041478 0.00272548 -0.00272608 0.000167106 -7.32637e-05 0.00218373 -0.00293033 -0.00117751 -0.00480124 -0.000130817 0.00306502
internal_weight=2137 620 1517 1401 526 529 875 817 462 376 209 355 116 91 293 167 153 233 119 146 129 211 174 82 80 131
internal_count=2137 620 1517 1401 526 529 875 817 462 376 209 355 116 91 293 167 153 233 119 146 129 211 174 82 80 131
is_linear=0
shrinkage=0.03


Tree=20
num_leaves=31
num_cat=0
split_feature=23 19 15 23 11 19 23 23 26 26 26 19 11 23 11 15 23 16 23 27 11 23 25 21 23 9 21 21 11 19
split_gain=3.36572 1.43012 0.82436 0.612524 0.547112 0.490382 0.473576 0.588915 0.588285 0.45671 0.58671 0.355031 0.481898 0.325194 0.275356 0.274079 0.179872 0.143663 0.138064 0.114774 0.108159 0.0645451 0.0518682 0.050671 0.0233206 0.0227369 0.0156328 0.00942928 0.00672615 0.00589441
threshold=267.52500000000003 96.354999540000009 0.026649164007937404 266.43500000000006 1.0764887096058686 92.125000000000014 268.27500000000003 278.19500000000005 34.500000000000007 95.500000000000014 94.500000000000014 99.805000305000007 0.93150443752085821 265.39500000000004 1.0280062629399596 0.018748861203888755 267.18000000000001 55.540053174038256 253.05500000000004 592948.00000000012 0.99467754637080097 260.74000000000007 0.75879351500000014 16.085000035000004 311.65500000000003 1.0287055698314016 21.420000075000001 28.184999465000001 1.0567018620869639 95.564998625000015
decision_type=2 2 2 2 2 2 2 2 2 2 2 2 2 2 2 2 2 2 2 2 2 2 2 2 2 2 2 2 2 2
left_child=3 5 9 4 11 14 20 25 -9 10 15 12 19 -14 26 -3 -5 -12 22 -1 -7 -6 -13 -11 28 -8 -2 -25 -16 -22
right_child=1 2 -4 16 21 6 7 8 -10 23 17 18 13 -15 24 -17 -18 -19 -20 -21 29 -23 -24 27 -26 -27 -28 -29 -30 -31
leaf_value=0.00013735691205928884 0.0022813340429815331 0.001777951903452789 -0.0044513575947710445 -0.0043197590113798184 -0.0035988365316789754 0.0021163348034324665 0.0062425250015382102 0.0059743580491496973 0.0018240920232905481 0.00099299736274406311 -0.00070714878276714331 0.00081715010064128295 -0.0014529060588574674 0.0013776972362477527 0.00045471384168993079 -0.0015856061817791599 -0.0012231763666816825 -0.0025984807852073573 0.0030606236041269518 0.0023588146298378705 0.00010346450597798038 -0.0013721332629413707 -0.00076721289332024761 0.0029582797464226254 -0.0008988356698953014 0.0038726546157683639 0.0011574409718794578 0.0015575439955877218 -0.00010871258783057176 -0.00050466772631361069
leaf_weight=154 83 117 34 66 70 30 57 38 178 38 100 61 609 37 30 25 28 63 21 24 26 22 24 45 27 20 32 22 35 21
leaf_count=154 83 117 34 66 70 30 57 38 178 38 100 61 609 37 30 25 28 63 21 24 26 22 24 45 27 20 32 22 35 21
internal_value=2.76466e-06 0.00124826 -2.54348e-05 -0.00113412 -0.000914877 0.00223191 0.00289003 0.00344185 0.00259222 0.000344231 -0.000235792 -0.000690486 -0.000902618 -0.00128427 0.0010329 0.00115785 -0.00345154 -0.00146783 0.000923521 0.000465144 0.00073458 -0.0031191 0.000331197 0.00204369 -0.000161128 0.00572298 0.00200713 0.00257212 0.000108825 -0.000110607
internal_weight=2137 1021 444 1116 1022 577 370 293 216 410 305 930 824 646 207 142 94 163 106 178 77 92 85 105 92 77 115 67 65 47
internal_count=2137 1021 444 1116 1022 577 370 293 216 410 305 930 824 646 207 142 94 163 106 178 77 92 85 105 92 77 115 67 65 47
is_linear=0
shrinkage=0.03


Tree=21
num_leaves=26
num_cat=0
split_feature=20 22 22 22 26 20 22 19 15 19 22 19 10 27 10 23 22 23 26 15 17 10 21 20 17
split_gain=3.31839 2.16723 1.25524 0.901814 0.527215 0.498486 0.384779 0.315798 0.327663 0.323727 0.268612 0.189944 0.188841 0.147188 0.141151 0.146876 0.106057 0.0816677 0.0767588 0.0670215 0.0256514 0.0187155 0.0141157 0.00648226 0.00177937
threshold=1.7050000000000003 273.29300000000006 286.08700000000005 240.86050000000003 96.500000000000014 3.0450000000000004 238.03350000000003 93.970001220000015 0.017863452704684004 97.475002290000006 240.38350000000003 105.60499950000001 0.99396536131616531 457438.00000000006 1.0122541904341837 294.65000000000003 272.28950000000003 192.74500000000003 27.500000000000004 0.010460892103067653 -0.004093245323229599 1.0033745323108059 23.500000000000004 0.70500000000000007 -0.00076152734341129985
decision_type=2 2 2 2 2 2 2 2 2 2 2 2 2 2 2 2 2 2 2 2 2 2 2 2 2
left_child=1 4 3 6 10 7 12 8 -5 -9 -1 22 19 -3 15 -12 20 -14 -16 -2 -6 -8 -4 -22 -7
right_child=2 13 11 5 16 24 21 9 -10 -11 14 -13 17 -15 18 -17 -18 -19 -20 -21 23 -23 -24 -25 -26
leaf_value=-0.001818306867306819 -0.0020973933988383837 0.0052093034102193387 -0.0028933625561608505 0.0020166575724918706 0.0042687879843371253 -0.0016316287812909909 -0.0023676636383630507 -0.00066287866715437893 -0.00058779228959425923 0.00073392612257859959 0.00025284902407073003 -0.0011922139971015544 0 0.0087651944820369993 0.0014583859385994191 0.0019259615429356451 0.00046544665017205736 -0.0019392483420594925 -0.00035891620496018113 -0.00027580952253325464 0.0032051525488495827 -0.0037476757894862782 -0.0047467929839458264 0.0021750784918738034 -0.0029328584739795097
leaf_weight=39 20 71 21 152 20 20 42 347 58 260 85 25 20 20 25 121 22 185 106 205 41 54 70 70 38
leaf_count=39 20 71 21 152 20 20 42 347 58 260 85 25 20 20 25 121 22 185 106 205 41 54 70 70 38
internal_value=3.06727e-06 0.0018519 -0.000751299 -0.000499143 0.00110357 8.80093e-05 -0.00147988 0.000283303 0.00128374 -5.94195e-05 0.000486722 -0.0037408 -0.00108112 0.00611021 0.000766942 0.00125465 0.00258699 -0.00174321 0 -0.000459566 0.00291433 -0.00320548 -0.00438779 0.00260756 -0.00257027
internal_weight=2137 620 1517 1401 529 875 526 817 210 607 376 116 430 91 337 206 153 205 131 225 131 96 91 111 58
internal_count=2137 620 1517 1401 529 875 526 817 210 607 376 116 430 91 337 206 153 205 131 225 131 96 91 111 58
is_linear=0
shrinkage=0.03


Tree=22
num_leaves=30
num_cat=0
split_feature=20 22 22 23 19 22 11 23 11 10 22 11 11 22 11 14 22 23 23 23 11 23 11 18 11 25 27 18 20
split_gain=3.12982 2.04233 1.18329 0.859729 0.551618 0.528105 0.503536 0.414673 0.371195 0.333172 0.296516 0.275493 0.181051 0.164051 0.181694 0.145958 0.140522 0.1309 0.11241 0.105546 0.0989092 0.0959753 0.0752664 0.0697946 0.0556434 0.048643 0.0409469 0.0368563 0.0165495
threshold=1.7050000000000003 273.29300000000006 286.08700000000005 262.21500000000009 99.805000305000007 249.55300000000003 0.96609663658156408 290.59000000000009 1.0605429305291671 0.98506962335135617 246.95500000000001 1.0664954423274842 0.88560603215823075 240.38350000000003 0.93510864431196272 0.016825419247701656 258.49100000000004 253.05500000000004 270.87500000000006 316.64500000000004 1.0024831651271893 287.91500000000002 0.89334157723572194 0.99626024280947312 1.0350047786046028 0.75879351500000014 544671.50000000012 0.8272772582498783 0.82500000000000007
decision_type=2 2 2 2 2 2 2 2 2 2 2 2 2 2 2 2 2 2 2 2 2 2 2 2 2 2 2 2 2
left_child=1 7 3 4 6 10 22 13 19 18 26 -8 -4 -1 -15 27 -11 25 -7 20 -9 -16 -2 -12 -21 -6 -5 -3 -10
right_child=2 15 12 5 17 9 11 8 28 16 23 -13 -14 14 21 -17 -18 -19 -20 24 -22 -23 -24 -25 -26 -27 -28 -29 -30
leaf_value=-0.0017651214382174657 0.0010659571935090102 0.0029071369642125707 -0.0015835979726697715 0.00089376999436256775 0.00075822898570734713 0.00012605384317710279 -0.0015874297148321934 0.0023477415229562061 0.00019513678146809661 -0.00029523818556475179 0.0039709375662648162 -0.0034995229406089619 -0.0044164176479161502 0.0023292037634562476 0.00029440489612842126 0.0075675473029796891 -0.0018582385598135223 0.002951961482898861 0.0020909660677397844 0.0041181439631260358 0.00094964739903702984 -0.0017315034481386342 -0.00043787097145855843 0.0019432387704561864 0.0018499597499791818 -0.00076625425184145563 -0.00061845819159086959 0.0053999935761094089 -0.00073534032086864461
leaf_weight=39 34 20 34 44 64 51 416 128 22 238 45 86 82 33 90 38 68 21 62 38 88 26 185 41 25 24 22 33 40
leaf_count=39 34 20 34 44 64 51 416 128 22 238 45 86 82 33 90 38 68 21 62 38 88 26 185 41 25 24 22 33 40
internal_value=2.87456e-06 0.00179845 -0.000729703 -0.000484808 -0.00110166 0.000406957 -0.00140381 0.0010718 0.00169422 -0.000136892 0.00191683 -0.00192727 -0.00363238 -4.42946e-05 0.000394888 0.00593243 -0.000657265 0.000864288 0.00123935 0.00216101 0.00179897 -0.000144955 -0.00018698 0.00307217 0.00330792 0.000304815 0.000343211 0.0045861 -0.000359695
internal_weight=2137 620 1517 1401 830 571 721 529 341 419 152 502 116 188 149 91 306 109 113 279 216 116 219 86 63 88 66 53 62
internal_count=2137 620 1517 1401 830 571 721 529 341 419 152 502 116 188 149 91 306 109 113 279 216 116 219 86 63 88 66 53 62
is_linear=0
shrinkage=0.03


Tree=23
num_leaves=28
num_cat=0
split_feature=20 22 22 22 11 20 23 16 11 11 11 22 11 21 21 23 21 22 23 19 27 25 23 20 21 17 17
split_gain=2.94975 1.92633 1.11508 0.810521 0.528464 0.460335 0.390934 0.360322 0.349811 0.21466 0.16966 0.154586 0.171269 0.14377 0.133105 0.128096 0.10199 0.0946102 0.0905174 0.0875943 0.0787218 0.0545617 0.0472394 0.015666 0.0136413 0.00501467 0.00107744
threshold=1.7050000000000003 273.29300000000006 286.08700000000005 240.86050000000003 0.99072999556351704 3.0450000000000004 290.59000000000009 64.178976649012569 1.0605429305291671 0.97181113414795794 0.88560603215823075 240.38350000000003 0.93510864431196272 20.755000115000005 13.434999945000003 197.46000000000004 36.045000075000011 261.47800000000007 287.91500000000002 87.14500046000002 413730.50000000006 -1.6979208564999999 238.23000000000005 0.82500000000000007 23.500000000000004 -0.0015874391810731998 -0.00076152734341129985
decision_type=2 2 2 2 2 2 2 2 2 2 2 2 2 2 2 2 2 2 2 2 2 2 2 2 2 2 2
left_child=1 6 3 4 15 7 11 9 16 -5 -4 -1 -13 25 -9 20 17 -8 -14 -6 -2 -21 -17 -10 -12 -3 -7
right_child=2 13 10 5 19 26 8 14 23 -11 24 12 18 -15 -16 22 -18 -19 -20 21 -22 -23 -24 -25 -26 -27 -28
leaf_value=-0.0017134916362236251 0.0014133711368909902 0.0033041402505976812 -0.0015374474377238322 0.0014073271575473537 -0.0004671072631102541 -0.0015634497236460447 0.0028938754869654304 -0.0024033391780168231 0.000189537194567611 0.00020585407404975458 -0.0027880630769899911 0.0022613828672534402 0.00028566979545560043 0.0079997997389963053 -0.00019131836540495548 -0.00079552802739947623 4.4821245945058756e-05 0.0016250488012513672 -0.0016814822658068602 -0.0020193143314174793 -0.00025952885526254083 -0.0031834134949105127 -0.0022303450212910257 -0.00071381816138304339 -0.004669030962245805 0.0052486165670004295 -0.0028146428683629402
leaf_weight=39 34 20 34 182 22 20 126 53 22 531 20 33 90 25 51 146 23 130 26 100 85 111 28 40 62 46 38
leaf_count=39 34 20 34 182 22 20 126 53 22 531 20 33 90 25 51 146 23 130 26 100 85 111 28 40 62 46 38
internal_value=3.31402e-06 0.00174651 -0.000707837 -0.000470034 -0.00139983 8.64416e-05 0.0010406 0.000274238 0.00164495 0.000518285 -0.00352572 -4.26281e-05 0.00038322 0.00576159 -0.00135932 -0.000535626 0.00209814 0.00227005 -0.000140206 -0.00246682 0.000201238 -0.00265799 -0.00105499 -0.000347733 -0.00428552 0.00476227 -0.00246786
internal_weight=2137 620 1517 1401 526 875 529 817 341 713 116 188 149 91 104 293 279 256 116 233 119 211 174 62 82 66 58
internal_count=2137 620 1517 1401 526 875 529 817 341 713 116 188 149 91 104 293 279 256 116 233 119 211 174 62 82 66 58
is_linear=0
shrinkage=0.03


Tree=24
num_leaves=31
num_cat=0
split_feature=20 22 22 23 19 22 26 11 11 23 11 11 22 19 19 22 27 23 23 23 27 22 11 22 25 27 26 12 20 22
split_gain=2.78159 1.81759 1.0513 0.769665 0.502595 0.494068 0.466903 0.452642 0.315852 0.223836 0.238359 0.185735 0.170401 0.161203 0.149057 0.148619 0.139789 0.139283 0.125035 0.117801 0.106255 0.0901576 0.0771132 0.0599746 0.0460371 0.039032 0.0225854 0.0213754 0.020904 0.020174
threshold=1.7050000000000003 273.29300000000006 286.08700000000005 262.21500000000009 99.805000305000007 250.50950000000003 96.500000000000014 0.9920509663775724 0.97493571324177131 294.65000000000003 1.0478935729862433 1.0664954423274842 246.95500000000001 105.12500000000001 97.744998930000023 249.55300000000003 457438.00000000006 279.50500000000005 253.05500000000004 197.46000000000004 359523.00000000006 272.28950000000003 0.93297430866338893 261.47800000000007 0.7851699310000001 544671.50000000012 26.000000000000004 1.0214554424486109 0.80000000000000016 258.21400000000006
decision_type=2 2 2 2 2 2 2 2 2 2 2 2 2 2 2 2 2 2 2 2 2 2 2 2 2 2 2 2 2 2
left_child=1 6 3 4 7 12 9 19 17 20 23 -9 25 26 -10 -14 -3 -7 24 -2 -1 27 -22 -11 -6 -5 -4 29 -12 -8
right_child=2 16 13 5 18 8 21 11 14 10 28 -13 15 -15 -16 -17 -18 -19 -20 -21 22 -23 -24 -25 -26 -27 -28 -29 -30 -31
leaf_value=-0.0023234687147831372 0.00019473890543449671 0.0047319239314335092 -0.0027322729207002201 0.00084963711933620887 0.00069608567180522878 0.00024599610313662663 0.0020212470330297945 -0.0016646347835917758 -0.0010762158315446556 0.0025989767644987926 0.00039050258724653925 -0.0033288070712367006 0.0029710360281169413 -0.0013176141736518231 0.00070205708681372924 0.0006898965514952908 0.0081496558412909523 0.0026546027998893369 0.0028757649936742382 -0.00094146248854123471 0.0010605160251546362 0.00043544474778615911 -0.00048919772378773377 0.0011889245805698054 -0.00084946157042445109 -0.00062855820953036136 -0.0045596511687242217 0.0015174958899867932 -0.00066374027188634494 0.0033603066153824329
leaf_weight=21 119 71 25 44 67 58 37 279 232 57 21 86 86 30 49 43 20 37 21 237 38 22 108 82 21 22 61 25 49 69
leaf_count=21 119 71 25 44 67 58 37 279 232 57 21 86 86 30 49 43 20 37 21 237 38 22 108 82 21 22 61 25 49 69
internal_value=2.97393e-06 0.00169579 -0.000687568 -0.000456594 -0.0010403 0.000386968 0.0010099 -0.00132881 -0.000242087 0.000429036 0.00108488 -0.00207296 0.00161027 -0.00342379 -0.000754097 0.00224489 0.0055961 0.00123322 0.000835568 -0.00055378 -0.000375469 0.00240584 -6.09689e-05 0.00180301 0.000288154 0.000310102 -0.00410043 0.00270821 -0.000304168 0.00294419
internal_weight=2137 620 1517 1401 830 571 529 721 376 376 209 365 195 116 281 129 91 95 109 356 167 153 146 139 88 66 86 131 70 106
internal_count=2137 620 1517 1401 830 571 529 721 376 376 209 365 195 116 281 129 91 95 109 356 167 153 146 139 88 66 86 131 70 106
is_linear=0
shrinkage=0.03


Tree=25
num_leaves=25
num_cat=0
split_feature=20 22 22 22 11 26 20 16 22 11 11 21 10 23 21 22 22 22 11 11 26 26 10 22
split_gain=2.62168 1.71291 0.991847 0.728972 0.47265 0.440522 0.423593 0.334072 0.216943 0.187765 0.151822 0.134899 0.123528 0.148598 0.119799 0.115951 0.0845589 0.0836221 0.0691538 0.0595404 0.0484697 0.0270041 0.0200738 0.0242807
threshold=1.7050000000000003 273.29300000000006 286.08700000000005 240.86050000000003 0.99072999556351704 96.500000000000014 3.0050000000000003 64.178976649012569 240.38350000000003 0.97181113414795794 0.88560603215823075 20.755000115000005 0.95834489097442332 315.46500000000003 13.434999945000003 237.88900000000004 272.28950000000003 238.03350000000003 0.89334157723572194 1.0494765047132886 90.500000000000014 26.000000000000004 1.0419381132721692 258.21400000000006
decision_type=2 2 2 2 2 2 2 2 2 2 2 2 2 2 2 2 2 2 2 2 2 2 2 2
left_child=1 5 3 4 15 8 7 9 -1 -5 -4 20 -10 -14 -9 18 22 19 -2 -6 -3 -12 23 -7
right_child=2 11 10 6 17 16 -8 14 12 -11 21 -13 13 -15 -16 -17 -18 -19 -20 -21 -22 -23 -24 -25
leaf_value=-0.0016534756548469884 0.0010238720612134784 0.0055074392929673191 -0.0014375694486711706 0.0013391374897738521 -0.001440657384009303 0.0019367165244542637 -0.0022800158975268933 -0.0022913217675716926 0.0024986998138408507 0.0002132219283253934 -0.0026534573564735739 0.007593103117381152 3.8434913546767685e-05 0.0015075373268487414 -0.00018850518324269126 -0.0016653172091671054 0.00042294935274707238 -0.0032849888834570137 -0.00040934271014403156 -0.0028323461781529819 0.0032117318408015892 -0.0045465424812302507 0.0014938600211042083 0.0033129417628926391
leaf_weight=39 34 33 34 182 114 38 62 53 30 527 25 25 219 88 51 61 22 69 198 50 33 57 26 67
leaf_count=39 34 33 34 182 114 38 62 53 30 527 25 25 219 88 51 61 22 69 198 50 33 57 26 67
internal_value=3.37245e-06 0.00164685 -0.000666985 -0.000442567 -0.00132438 0.000980795 8.50099e-05 0.000271634 0.000416305 0.000507948 -0.00332482 0.0054334 0.000668894 0.000472813 -0.00130032 -0.000506372 0.00233684 -0.00233365 -0.000182934 -0.00189773 0.00446943 -0.00404445 0.0026299 0.00286615
internal_weight=2137 620 1517 1401 526 529 875 813 376 709 116 91 337 307 104 293 153 233 232 164 66 82 131 105
internal_count=2137 620 1517 1401 526 529 875 813 376 709 116 91 337 307 104 293 153 233 232 164 66 82 131 105
is_linear=0
shrinkage=0.03


Tree=26
num_leaves=31
num_cat=0
split_feature=20 22 22 23 22 19 11 23 11 10 11 22 19 11 19 22 14 22 23 20 23 11 23 27 11 11 27 23 19 20
split_gain=2.47384 1.61577 0.935271 0.690058 0.460438 0.458133 0.413744 0.332375 0.306257 0.289719 0.226001 0.162808 0.144598 0.139483 0.138575 0.138444 0.1328 0.120758 0.119489 0.109555 0.0911852 0.0857703 0.0816257 0.0713246 0.063301 0.0497645 0.0371841 0.0333087 0.0308883 0.0284983
threshold=1.7050000000000003 273.29300000000006 286.08700000000005 262.21500000000009 250.50950000000003 99.805000305000007 0.96609663658156408 290.59000000000009 1.0605429305291671 0.98506962335135617 1.0664954423274842 246.95500000000001 105.60499950000001 0.94974590601263431 97.744998930000023 249.55300000000003 0.016825419247701656 240.86050000000003 251.04000000000002 2.6050000000000004 316.64500000000004 1.0024831651271893 287.91500000000002 556387.50000000012 0.89334157723572194 1.0350047786046028 544671.50000000012 253.05500000000004 96.795001985000013 2.4250000000000003
decision_type=2 2 2 2 2 2 2 2 2 2 2 2 2 2 2 2 2 2 2 2 2 2 2 2 2 2 2 2 2 2
left_child=1 7 3 5 11 6 24 13 20 19 -8 26 -4 23 -11 -13 -3 -15 29 -6 21 -9 -19 28 -2 -22 -5 -20 -1 -7
right_child=2 16 12 4 9 18 10 8 -10 14 -12 15 -14 17 -16 -17 -18 22 27 -21 25 -23 -24 -25 -26 -27 -28 -29 -30 -31
leaf_value=-0.00062391906109853434 0.00099403353116608081 0.0040119434880713616 -0.0037943157505891893 0.00080736923833222435 0.0019473621347453444 0.00035696263600204308 -0.0014236754745085012 0.0021075077760141603 -0.00035201916036229318 -0.0010466450971575326 -0.0031589615459329096 0.0028711500860758707 -0.00098831657277276882 -0.00276470612345094 0.00071142279140854327 0.00066577460755467069 0.0068179678326615919 0.00035109071861418181 0.0010073491949222184 -7.1195841074080687e-06 0.0037629677137503256 0.00080585545316610606 -0.0016117317494418882 0.0018485746733542228 -0.00038518756584474633 0.0016259918891323299 -0.00063720004918539652 0.002800968878616748 0.00091751093390796872 -0.00099159524767943041
leaf_weight=25 34 53 91 44 59 32 416 128 62 231 86 86 25 21 46 43 38 60 34 40 38 88 26 36 185 25 22 21 20 22
leaf_count=25 34 53 91 44 59 32 416 128 62 231 86 86 25 21 46 43 38 60 34 40 38 88 26 36 185 25 22 21 20 22
internal_value=3.34728e-06 0.00159985 -0.000647795 -0.0004298 0.00036875 -0.000982556 -0.00125811 0.000952761 0.00151007 -0.000238289 -0.00173261 0.0015498 -0.00322883 -4.48712e-05 -0.000742391 0.00216988 0.00527767 -0.000767813 0.000807742 0.0011355 0.00193436 0.00159719 -0.000219543 0.000871257 -0.000153881 0.00300049 0.000278746 0.00178355 9.96392e-07 -0.000145944
internal_weight=2137 620 1517 1401 571 830 721 529 341 376 502 195 116 188 277 129 91 107 109 99 279 216 86 81 219 63 66 55 45 54
internal_count=2137 620 1517 1401 571 830 721 529 341 376 502 195 116 188 277 129 91 107 109 99 279 216 86 81 219 63 66 55 45 54
is_linear=0
shrinkage=0.03


Tree=27
num_leaves=29
num_cat=0
split_feature=20 22 22 22 11 20 23 16 11 11 11 11 21 20 22 22 15 23 23 11 22 22 22 11 11 25 21 20
split_gain=2.33051 1.52275 0.881361 0.65516 0.426114 0.388063 0.313348 0.307117 0.288968 0.1772 0.135314 0.132315 0.125165 0.119623 0.108078 0.0984701 0.086544 0.0863627 0.0858705 0.0804196 0.0787165 0.0760315 0.074951 0.0525568 0.0462817 0.0296425 0.0140208 0.0130681
threshold=1.7050000000000003 273.29300000000006 286.08700000000005 240.86050000000003 0.99072999556351704 2.9650000000000003 290.59000000000009 64.178976649012569 1.0605429305291671 0.97181113414795794 0.88560603215823075 0.93297430866338893 20.755000115000005 2.3950000000000005 237.88900000000004 240.86050000000003 0.010460892103067653 287.91500000000002 316.64500000000004 1.0024831651271893 238.03350000000003 240.38350000000003 251.92250000000004 1.0494765047132886 1.0350047786046028 -0.33072166399999997 23.500000000000004 0.82500000000000007
decision_type=2 2 2 2 2 2 2 2 2 2 2 2 2 2 2 2 2 2 2 2 2 2 2 2 2 2 2 2
left_child=1 6 3 4 14 7 11 9 18 -5 -4 21 25 -9 16 -13 -2 -17 19 -8 23 -1 -7 -6 -20 -3 -12 -10
right_child=2 12 10 5 20 22 8 13 27 -11 26 15 -14 -15 -16 17 -18 -19 24 -21 -22 -23 -24 -25 -26 -27 -28 -29
leaf_value=-5.7700880104675878e-05 -0.0020006569416395254 0.0030248685785190898 -0.0013452259249448874 0.0013387060039000346 -0.0013554746021143332 -0.00031357164983637634 0.0020447726597749563 -0.0019997628392355348 0.00013709943024846523 0.00023112097562989217 -0.0024035974613257813 -0.0020317305292119271 0.0072000633777620704 0.00012871570006588143 -0.001593955079394002 0.00040259940988241724 5.1370696181064119e-06 -0.0015651706043216917 0.0036529732392384458 0.00078195142371873005 -0.0031331041152988159 0.0020549856887253767 -0.0023985805931638496 -0.002670421857605962 0.0015790882962039455 0.0050387994895378747 -0.0041764303161984399 -0.00067501801545320013
leaf_weight=23 20 31 34 178 114 26 128 65 22 513 20 31 25 33 61 75 212 26 38 88 69 33 60 50 25 35 62 40
leaf_count=23 20 31 34 178 114 26 128 65 22 513 20 31 25 33 61 75 212 26 38 88 69 33 60 50 25 35 62 40
internal_value=3.64854e-06 0.00155325 -0.000628307 -0.000416617 -0.00125262 8.33752e-05 0.000924861 0.00029597 0.00146599 0.00052229 -0.00313396 -4.33478e-05 0.00512385 -0.00125867 -0.000475322 -0.000576522 -0.000162745 -8.49221e-05 0.00187818 0.00155009 -0.00221106 0.00114885 -0.00181356 -0.00178831 0.00291441 0.0041969 -0.00381435 -0.000341626
internal_weight=2137 620 1517 1401 526 875 529 789 341 691 116 188 91 98 293 132 232 101 279 216 233 56 86 164 63 66 82 62
internal_count=2137 620 1517 1401 526 875 529 789 341 691 116 188 91 98 293 132 232 101 279 216 233 56 86 164 63 66 82 62
is_linear=0
shrinkage=0.03


Tree=28
num_leaves=31
num_cat=0
split_feature=20 15 23 11 23 23 19 11 19 21 20 11 23 15 18 23 23 23 19 21 23 21 21 21 23 19 15 20 21 19
split_gain=2.19806 0.77527 0.489921 0.390929 0.349706 0.864268 0.267923 0.236774 0.31396 0.290778 0.233917 0.200405 0.217712 0.182393 0.164431 0.159546 0.132255 0.110576 0.0974377 0.0838471 0.0700754 0.06925 0.0687149 0.0663879 0.0662819 0.0633278 0.0454294 0.0139209 0.00398563 0.00157255
threshold=1.7050000000000003 0.025165324256313303 267.52500000000003 1.0173219827498741 275.7050000000001 284.31000000000006 93.075000760000009 0.93150443752085821 97.564998625000015 21.920000080000005 2.5850000000000004 1.0605429305291671 290.59000000000009 0.010039632970223153 0.43870005624670833 262.21500000000009 253.49500000000003 287.91500000000002 105.12500000000001 36.045000075000011 189.07500000000002 22.815000535000006 20.755000115000005 20.289999965000003 196.19000000000003 95.295001985000013 0.016686476183543752 0.82500000000000007 12.614999775000003 94.755001070000006
decision_type=2 2 2 2 2 2 2 2 2 2 2 2 2 2 2 2 2 2 2 2 2 2 2 2 2 2 2 2 2 2
left_child=4 2 7 10 16 6 -6 20 15 -10 14 12 17 -5 -4 -9 26 -7 21 -14 -2 28 29 -15 -22 -12 -1 -13 -3 -8
right_child=1 18 3 13 5 11 22 8 9 -11 25 27 19 23 -16 -17 -18 -19 -20 -21 24 -23 -24 -25 -26 -27 -28 -29 -30 -31
leaf_value=-0.00015713139536092057 -0.0012195204752074047 -0.0029593710410408675 0.0042025301437824958 -0.0032268912060694262 0.0014799344563451143 0.00081473094981629392 0.0048304699758067735 -0.0016607414416748491 0.00025918900084375129 -0.0026743044322489625 0.001173780176162836 0.00013316528073957433 0.0019791472035988796 9.129367048613887e-07 0.0013995527138286723 -0.00031096581066293371 -0.0016669716822604339 -0.0015199545590827862 -0.00090410222739984206 0 0.0016237793165044141 -0.0041548384753614664 0.0066314134639170437 -0.0015445746117242378 9.4368869026735679e-05 -0.00051294307461274521 0.0015508045559852485 -0.00070179955603920721 -0.0017084968120125786 0.0031379770361657797
leaf_weight=23 21 23 23 21 30 55 29 432 226 34 27 22 256 128 146 104 35 26 25 23 38 49 26 29 88 69 26 41 34 28
leaf_count=23 21 23 23 21 30 55 29 432 226 34 27 22 256 128 146 104 35 26 25 23 38 49 26 29 88 69 26 41 34 28
internal_value=3.45349e-06 -0.000610242 -0.000398181 0.000419693 0.00150842 0.00179077 0.00412142 -0.000785615 -0.000990611 -0.000121704 0.00115246 0.00115283 0.00142718 -0.00065481 0.00182115 -0.0014055 -0.00025777 1.93434e-05 -0.00281114 0.00182367 0.000303357 -0.00322023 0.00501147 -0.000273541 0.000588395 -4.14127e-07 0.000702011 -0.000365825 -0.00230728 0.00411923
internal_weight=2137 1517 1386 443 620 536 113 943 796 260 265 423 360 178 169 536 84 81 131 279 147 106 83 157 126 96 49 63 57 57
internal_count=2137 1517 1386 443 620 536 113 943 796 260 265 423 360 178 169 536 84 81 131 279 147 106 83 157 126 96 49 63 57 57
is_linear=0
shrinkage=0.03


Tree=29
num_leaves=28
num_cat=0
split_feature=20 22 22 22 20 16 23 16 22 10 23 27 27 22 20 23 16 16 22 23 22 23 25 22 23 22 13
split_gain=2.07168 1.36727 0.791975 0.591205 0.356591 0.294539 0.283115 0.278156 0.187426 0.218572 0.146016 0.137202 0.130563 0.111911 0.110525 0.100833 0.0911768 0.0820982 0.0690524 0.0657146 0.0595341 0.053249 0.0496468 0.027099 0.0238322 0.0215982 0.0056424
threshold=1.7050000000000003 273.29300000000006 286.08700000000005 240.86050000000003 2.9650000000000003 45.199752759750574 314.01500000000004 64.178976649012569 240.38350000000003 0.95834489097442332 320.95000000000005 442802.00000000006 457438.00000000006 238.03350000000003 2.3950000000000005 211.56500000000003 51.143131621260714 50.114587216613963 251.92250000000004 267.18000000000001 236.99200000000005 189.07500000000002 -0.7636287799999999 261.47800000000007 238.23000000000005 258.21400000000006 0.95277883433204913
decision_type=2 2 2 2 2 2 2 2 2 2 2 2 2 2 2 2 2 2 2 2 2 2 2 2 2 2 2
left_child=1 6 3 5 7 15 8 11 -1 -10 23 -5 22 20 -9 21 19 -11 -6 -4 -7 -2 -3 25 -17 -8 -21
right_child=2 12 16 4 18 13 10 14 9 17 -12 -13 -14 -15 -16 24 -18 -19 -20 26 -22 -23 -24 -25 -26 -27 -28
leaf_value=-0.0015097905313130467 -0.0011845978366592051 0.0024012339353503193 -0.0033504610194100273 0.00089950164957775523 -0.0002905802848852343 -0.0021680763659533116 0.0013168650026554644 -0.0019047253718890715 0.0026297083685005254 0.00087035715866858217 -0.00018008458602201678 4.2571979333610778e-05 0.0072631280331739365 -0.0028839594161993746 0.00013879882897291441 -0.00074501513902135684 -0.0040543599785590658 -0.00011900735908028973 -0.0022965554338498194 -0.00053804205145154677 -0.0010330793741833548 0.0004107898728889895 0.0046914087161421779 0.0010688647739589214 -0.0019756869301199909 0.0028169438996456767 -0.0016434036915231008
leaf_weight=39 21 23 26 367 26 75 22 65 43 138 22 324 20 73 33 73 48 155 60 20 144 115 48 23 25 87 22
leaf_count=39 21 23 26 367 26 75 22 65 43 138 22 324 20 73 33 73 48 155 60 20 144 115 48 23 25 87 22
internal_value=3.39724e-06 0.0014645 -0.000592352 -0.00039156 8.32468e-05 -0.00118575 0.000868717 0.000287164 0.000411516 0.000647245 0.00195284 0.000502677 0.0048482 -0.00182247 -0.00119185 -0.000374079 -0.00296772 0.000338145 -0.00173489 -0.00210956 -0.0014435 0.000135697 0.00403484 0.00232956 -0.00110605 0.00255617 -0.00121156
internal_weight=2137 620 1517 1401 875 526 529 789 375 336 154 691 91 292 98 234 116 293 86 68 219 136 71 132 98 109 42
internal_count=2137 620 1517 1401 875 526 529 789 375 336 154 691 91 292 98 234 116 293 86 68 219 136 71 132 98 109 42
is_linear=0
shrinkage=0.03


Tree=30
num_leaves=21
num_cat=0
split_feature=23 15 15 23 10 16 26 23 16 26 15 23 27 18 26 25 23 15 16 17
split_gain=1.92259 0.756433 0.554583 0.365777 0.271444 0.262275 0.187306 0.314767 0.317983 0.141103 0.221188 0.139082 0.13536 0.150719 0.141537 0.117053 0.115284 0.0745732 0.0712707 0.0221504
threshold=267.52500000000003 0.026267610374284055 0.0098140156052885525 266.43500000000006 1.0115469491966858 67.327066977568336 96.500000000000014 265.39500000000004 37.287624577796414 94.500000000000014 0.018807414633711352 314.01500000000004 370117.00000000006 0.52347936402761763 69.000000000000014 0.5537612125000001 267.18000000000001 0.019375525425488902 55.72637095070089 0.00020898874165795002
decision_type=2 2 2 2 2 2 2 2 2 2 2 2 2 2 2 2 2 2 2 2
left_child=3 2 18 5 12 6 7 8 -1 10 -6 -11 13 -4 -14 17 -5 -8 -2 -17
right_child=1 -3 4 16 9 -7 15 -9 -10 11 -12 -13 14 -15 -16 19 -18 -19 -20 -21
leaf_value=0.00029666532630600581 -0.00056702818661270773 -0.0032496351629898355 0.0043638992398045955 -0.003344704482203989 0.0021120832490624806 -0.0029973088024660599 0.0015482930315284008 0.0028264705804841857 -0.0011747309276656734 -0.00013672893908627044 -0.00039071120154978925 0.0017219079707706854 0.0024992609435751994 0.0019430034020394089 0.0010630757472836865 -0.0011041145528404739 -0.00084633864315451475 -2.9125465411925683e-05 -0.002797823710234037 0
leaf_weight=163 33 36 33 66 107 42 66 20 629 194 42 43 85 124 297 39 28 39 27 24
leaf_count=163 33 36 33 66 107 42 66 20 629 194 42 43 85 124 297 39 28 39 27 24
internal_value=3.06623e-06 0.000944748 0.00110423 -0.000855843 0.00128768 -0.00068557 -0.000580483 -0.000770076 -0.00086813 0.000665132 0.0013887 0.000193705 0.00172589 0.00249524 0.00139617 0.000317264 -0.00264883 0.000939345 -0.00164948 -0.00067114
internal_weight=2137 1021 985 1116 925 1022 980 812 792 386 149 237 539 157 382 168 94 105 60 63
internal_count=2137 1021 985 1116 925 1022 980 812 792 386 149 237 539 157 382 168 94 105 60 63
is_linear=0
shrinkage=0.03


Tree=31
num_leaves=26
num_cat=0
split_feature=20 22 22 22 26 11 20 11 22 22 20 14 11 10 22 26 15 19 22 26 18 26 17 20 17
split_gain=1.86539 1.26635 0.712088 0.528697 0.361988 0.359317 0.318426 0.261434 0.259458 0.155885 0.143109 0.118784 0.109822 0.100053 0.0953282 0.0831986 0.079356 0.0754113 0.0682801 0.0494033 0.0408436 0.0215484 0.0212556 0.00600991 0.00210619
threshold=1.7050000000000003 273.29300000000006 286.08700000000005 240.86050000000003 96.500000000000014 0.99072999556351704 3.0450000000000004 1.0107301795950694 258.49100000000004 240.38350000000003 2.5550000000000002 0.016825419247701656 0.88560603215823075 0.95834489097442332 237.88900000000004 94.500000000000014 0.010460892103067653 87.14500046000002 272.28950000000003 94.500000000000014 0.8272772582498783 26.000000000000004 -0.004093245323229599 0.70500000000000007 -0.00076152734341129985
decision_type=2 2 2 2 2 2 2 2 2 2 2 2 2 2 2 2 2 2 2 2 2 2 2 2 2
left_child=1 4 3 5 9 14 7 10 -9 -1 -5 20 -4 -11 16 -15 -2 -7 22 -19 -3 -14 -6 -24 -8
right_child=2 11 12 6 18 17 24 8 -10 13 -12 -13 21 15 -16 -17 -18 19 -20 -21 -22 -23 23 -25 -26
leaf_value=-0.001448925016634166 -0.0018774848319590089 0.001923471073353929 -0.0011910862538464632 0.0011683101104640395 0.0035036201530269213 -0.00016882396041942028 -0.0012172114151929106 0 -0.0022712110876768397 0.0021633049072998182 -2.1017626925514868e-05 0.0060863900711903207 -0.002186558264450958 0.00087430471444821609 -0.0014578048726844209 -9.9962747857651013e-05 4.5841806359969502e-05 -0.0014137630164371552 0.00031548545444789138 -0.0025482461560155743 0.0042252824901438807 -0.0038760286633503335 0.0025591876288609842 0.0016556045697152639 -0.0023635625965320148
leaf_weight=39 20 20 34 273 20 22 20 364 51 30 129 38 25 142 61 165 212 73 22 138 33 57 41 70 38
leaf_count=39 20 20 34 273 20 22 20 364 51 30 129 38 25 142 61 165 212 73 22 138 33 57 41 70 38
internal_value=2.88932e-06 0.00138941 -0.00056235 -0.000371826 0.000815855 -0.00112287 7.70035e-05 0.000233735 -0.000288916 0.000303812 0.000780111 0.00464589 -0.00281494 0.000519214 -0.000408322 0.000342311 -0.000114433 -0.00200302 0.00204458 -0.00217842 0.00346394 -0.00342964 0.00230765 0.00203602 -0.00204645
internal_weight=2137 620 1517 1401 529 526 875 817 415 376 402 91 116 337 293 307 232 233 153 211 53 82 131 111 58
internal_count=2137 620 1517 1401 529 526 875 817 415 376 402 91 116 337 293 307 232 233 153 211 53 82 131 111 58
is_linear=0
shrinkage=0.03


Tree=32
num_leaves=23
num_cat=0
split_feature=20 22 22 22 20 22 22 19 22 15 10 20 13 27 19 13 21 22 15 19 13 10
split_gain=1.76049 1.19439 0.671429 0.497775 0.302564 0.257522 0.237893 0.218871 0.242708 0.202274 0.200446 0.177726 0.130545 0.122932 0.10406 0.0889003 0.0622529 0.0590055 0.0543719 0.0502905 0.0197002 0.0108226
threshold=1.7050000000000003 273.29300000000006 286.08700000000005 240.86050000000003 2.9650000000000003 238.03350000000003 240.38350000000003 93.970001220000015 243.75500000000002 0.017723516916597754 0.95171043528210897 0.72500000000000009 0.98691005455812475 457438.00000000006 105.60499950000001 0.99952098130729583 35.125000000000007 251.92250000000004 0.010544009426229501 85.829998015000015 1.0330924539564343 1.0033745323108059
decision_type=2 2 2 2 2 2 2 2 2 2 2 2 2 2 2 2 2 2 2 2 2 2
left_child=1 6 3 5 7 12 -1 9 -9 -5 -8 16 18 -3 20 -13 -12 -6 -2 -14 -4 -7
right_child=2 13 14 4 17 21 10 8 -10 -11 11 15 19 -15 -16 -17 -18 -19 -20 -21 -22 -23
leaf_value=-0.0014065439785597845 -0.0016481410680072646 0.0037289304164393497 -0.0027176063723916952 0.0016723991307849065 -0.00025599748527424201 -0.001812779369049294 0.0030701245307349239 0.0014282065487006383 -0.00027802638146790713 -0.00053091107240470583 0.0021679348210885152 0.00095589957701077159 -0.00017226212566646816 0.0068411011709166424 -0.00081018067299289847 0 0.00018060187155126845 -0.0021199890834996933 -1.8862275235519251e-05 -0.001470313877225256 -0.0043201371538639068 -0.0029407226471738382
leaf_weight=39 20 71 67 149 26 42 38 87 506 47 91 156 38 20 25 184 21 60 186 186 24 54
leaf_count=39 20 71 67 149 26 42 38 87 506 47 91 156 38 20 25 184 21 60 186 186 24 54
internal_value=2.63837e-06 0.00134965 -0.000546437 -0.00036136 7.40499e-05 -0.00109012 0.000792428 0.000262151 -2.06687e-05 0.00112881 0.000976066 0.000787006 -0.000762889 0.00451246 -0.00273389 0.00043135 0.00182675 -0.00160036 -0.000198735 -0.00126519 -0.00321522 -0.00250195
internal_weight=2137 620 1517 1401 875 526 529 789 593 196 490 452 430 91 116 340 112 86 206 224 91 96
internal_count=2137 620 1517 1401 875 526 529 789 593 196 490 452 430 91 116 340 112 86 206 224 91 96
is_linear=0
shrinkage=0.03


Tree=33
num_leaves=30
num_cat=0
split_feature=20 22 22 22 26 11 20 11 22 22 27 20 19 22 11 19 11 22 22 22 27 26 17 22 26 20 10 11 22
split_gain=1.66022 1.12603 0.633253 0.469259 0.332618 0.326762 0.285271 0.243067 0.245278 0.137206 0.115633 0.115001 0.0980117 0.0971418 0.0937787 0.0880032 0.0695932 0.0613543 0.0586172 0.0552565 0.0493426 0.0265837 0.0195018 0.0220114 0.0154702 0.00968793 0.00927811 0.00477584 0.000349599
threshold=1.7050000000000003 273.29300000000006 286.08700000000005 240.86050000000003 96.500000000000014 0.96212681321177718 2.9650000000000003 0.99630271809161719 258.49100000000004 240.38350000000003 457438.00000000006 2.5550000000000002 105.12500000000001 238.03350000000003 1.0402824210003365 96.14500046000002 1.0424639953468386 272.28950000000003 237.88900000000004 251.92250000000004 413730.50000000006 94.500000000000014 0.00031586307698185009 258.21400000000006 26.000000000000004 0.87500000000000011 0.94660689253932706 0.99338921337222585 252.68050000000002
decision_type=2 2 2 2 2 2 2 2 2 2 2 2 2 2 2 2 2 2 2 2 2 2 2 2 2 2 2 2 2
left_child=1 4 3 5 9 18 7 11 -9 -1 -3 -5 24 16 15 -11 -7 22 20 -8 -2 -16 23 -6 -4 -24 -26 -15 -21
right_child=2 10 12 6 17 13 19 8 -10 14 -12 -13 -14 27 21 -17 -18 -19 -20 28 -22 -23 25 -25 26 -27 -28 -29 -30
leaf_value=-0.0013654025272233411 0.00078215358190770654 0.0036186162671850374 -0.0020395447538735772 0.0013136912310778696 0.0016554427329450844 -0.0009699323951718957 -0.00024860200016862813 9.3094628880699632e-05 -0.0019489232644438741 0.0012513522022101725 0.0066456409897655251 0 -0.00098326203399788452 -0.0015280934257263486 4.049947654545706e-05 6.5116393321083092e-05 -0.0022331027842552986 0.00029895145407594415 -0.0011934822074082842 -0.0023996480828201447 -0.00026702293492853645 -0.00096184196812100693 0.0020607288792071974 0.0032077723432864464 -0.002351176638748835 0.00091358023229710439 -0.0040597478492957794 -0.0027681123371889344 -0.0013486550393700598
leaf_weight=39 69 71 25 209 29 190 26 434 59 147 20 87 30 21 55 100 58 22 33 36 89 35 33 41 21 28 40 66 24
leaf_count=39 69 71 25 209 29 190 26 434 59 147 20 87 30 21 55 100 58 22 33 36 89 35 33 41 21 28 40 66 24
internal_value=2.21624e-06 0.00131035 -0.000530953 -0.000351143 0.000769107 -0.00105873 7.15173e-05 0.000254259 -0.000148662 0.000277991 0.00438151 0.000933683 -0.00265543 -0.0016223 0.000480528 0.000785391 -0.00128518 0.00194691 -5.13526e-05 -0.0015542 0.000174331 -0.000322619 0.00219658 0.00263929 -0.00318625 0.00160578 -0.00356735 -0.00252365 -0.00205743
internal_weight=2137 620 1517 1401 529 526 875 789 493 376 91 296 116 335 337 247 248 153 191 86 158 90 131 70 86 61 61 87 60
internal_count=2137 620 1517 1401 529 526 875 789 493 376 91 296 116 335 337 247 248 153 191 86 158 90 131 70 86 61 61 87 60
is_linear=0
shrinkage=0.03


Tree=34
num_leaves=31
num_cat=0
split_feature=20 22 22 22 26 11 11 19 19 22 15 26 18 19 22 11 20 19 11 22 22 15 22 26 25 17 22 13 20 11
split_gain=1.5671 1.06109 0.597918 0.442186 0.314378 0.307803 0.272964 0.271641 0.334418 0.129341 0.126871 0.113296 0.109663 0.0923989 0.091376 0.0883068 0.0830224 0.0826845 0.065688 0.05759 0.0552149 0.0486632 0.0372553 0.0251159 0.0248934 0.0179192 0.0202106 0.0173025 0.00890198 0.003949
threshold=1.7050000000000003 273.29300000000006 286.08700000000005 240.86050000000003 96.500000000000014 0.96212681321177718 0.97181113414795794 92.325000760000009 97.795001985000013 240.38350000000003 0.014033170948833152 46.000000000000007 0.40770477913946673 105.60499950000001 238.03350000000003 1.0402824210003365 2.1750000000000003 96.14500046000002 1.0494765047132886 272.28950000000003 237.88900000000004 0.010677607089941551 249.55300000000003 94.500000000000014 -0.7636287799999999 0.00031586307698185009 258.21400000000006 1.0330924539564343 0.74500000000000011 0.99338921337222585
decision_type=2 2 2 2 2 2 2 2 2 2 2 2 2 2 2 2 2 2 2 2 2 2 2 2 2 2 2 2 2 2
left_child=1 4 3 5 9 20 10 22 -9 -1 12 -3 -5 27 18 17 -12 -11 -7 25 21 -2 -8 -17 -13 26 -6 -4 -27 -16
right_child=2 11 13 6 19 14 7 8 -10 15 16 24 -14 -15 29 23 -18 -19 -20 -21 -22 -23 -24 -25 -26 28 -28 -29 -30 -31
leaf_value=-0.0013254645349632481 -0.0011437393520027401 0.0064886606096822242 -0.0025594993935528156 0.0039967085610736501 0.0016074348740279672 -0.00096619073429464334 0.0019583819394329302 -0.0008898409582282998 0.00064872152763470882 0.0012140652890733248 0.0015767520808636448 0.0020901150547645306 0.0011302015835652128 -0.00075844675975923358 -0.0014843343870544975 3.930620561004616e-05 -1.6282040991208337e-05 6.3182232821922717e-05 -0.0022612545683651287 0.00029037285709510681 -0.0011587308105629156 0.00038727413810514874 0.00056235084782487582 -0.00093378824723185962 0.0039835174379541597 0.0020354156862013042 0.0031138304165963617 -0.0040860692578554153 0.0009231541270442727 -0.0026863083750454345
leaf_weight=39 20 20 67 21 29 198 46 426 178 147 42 21 39 25 21 55 82 100 50 22 33 138 41 35 50 31 41 24 30 66
leaf_count=39 20 20 67 21 29 198 46 426 178 147 42 21 39 25 21 55 82 100 50 22 33 138 41 35 50 31 41 24 30 66
internal_value=1.93519e-06 0.00127289 -0.000516027 -0.000341235 0.000747288 -0.00102812 6.8957e-05 -0.000201125 -0.000431142 0.000269574 0.00109505 0.00425439 0.00223173 -0.00258049 -0.0015751 0.000466414 0.000507591 0.000762351 -0.00124737 0.00189243 -4.99181e-05 0.000168633 0.00134844 -0.000312255 0.00350197 0.00213451 0.00256344 -0.00303476 0.0015605 -0.00245043
internal_weight=2137 620 1517 1401 529 526 875 691 604 376 184 91 60 116 335 337 124 247 248 153 191 158 87 90 71 131 70 91 61 87
internal_count=2137 620 1517 1401 529 526 875 691 604 376 184 91 60 116 335 337 124 247 248 153 191 158 87 90 71 131 70 91 61 87
is_linear=0
shrinkage=0.03


Tree=35
num_leaves=31
num_cat=0
split_feature=23 19 22 22 22 22 11 22 11 11 22 23 22 19 18 19 11 23 22 11 22 23 25 11 11 14 26 23 22 18
split_gain=1.49545 0.711325 0.698127 0.498478 0.329652 0.327337 0.341037 0.356407 0.265392 0.244873 0.187368 0.171063 0.151704 0.235899 0.145464 0.136771 0.105258 0.120098 0.0884479 0.0740089 0.0693515 0.0599256 0.0563467 0.0538246 0.0513371 0.0393782 0.0329717 0.0283932 0.0215733 0.0116639
threshold=267.52500000000003 96.354999540000009 258.49100000000004 273.29300000000006 281.69400000000007 251.92250000000004 1.0764887096058686 240.38350000000003 0.96212681321177718 1.0605429305291671 255.22300000000004 230.95000000000002 243.75500000000002 92.524997710000022 1.1916235248669789 96.86500168000002 0.93902582494579723 314.01500000000004 249.19400000000005 1.0084880393026905 243.12750000000003 267.18000000000001 -0.62544329749999983 0.89334157723572194 1.16577566261554 0.01218889372026285 91.500000000000014 266.43500000000006 253.79800000000003 1.2175333478972772
decision_type=2 2 2 2 2 2 2 2 2 2 2 2 2 2 2 2 2 2 2 2 2 2 2 2 2 2 2 2 2 2
left_child=5 3 10 9 14 6 7 8 23 16 28 -10 20 -14 22 -4 -2 -18 -8 25 -9 27 -5 -1 -17 -12 -21 -7 -3 -11
right_child=1 2 15 4 -6 21 18 12 11 29 19 -13 13 -15 -16 24 17 -19 -20 26 -22 -23 -24 -25 -26 -27 -28 -29 -30 -31
leaf_value=0.00089519017769688187 0.0033620947784959122 -0.0011789186377233515 9.2300870071124761e-05 0.0016240684815815513 0.00064631752485134217 -0.0016171536865136162 -0.0028686017303124946 0.00078824362528157998 -0.00088764285354529392 -0.00044891297066750079 0.00065135118077159853 -0.0024240471499399579 0.0021882787188104188 -0.00050746995534252067 0.0064429873746748162 -0.0019415350306843375 0.00089844432400376542 0.0021846315976175846 -0.00058229425699951555 0.00089193257427212054 0.0027119473836830126 -0.00070189772924039002 0.0041125504302189633 -0.00030372091702496009 -0.0039141310559851778 0.0018397846499923617 -0.00017075150000552336 -0.0029348706118762493 -2.4889133945751895e-05 0.00025717037210415579
leaf_weight=40 25 35 22 20 32 43 67 110 193 72 47 108 33 202 25 86 249 98 25 52 22 28 33 179 20 104 44 66 34 23
leaf_count=40 25 35 22 20 32 43 67 110 193 72 47 108 33 202 25 86 249 98 25 52 22 28 33 179 20 104 44 66 34 23
internal_value=2.21164e-06 0.000832891 -6.35252e-05 0.00152679 0.00334935 -0.000755136 -0.00055749 -0.000371775 -0.000877909 0.00108484 0.00068681 -0.00145505 0.000337649 -0.000108538 0.0043981 -0.00193013 0.00143245 0.00127554 -0.00229252 0.00107674 0.0011494 -0.00213149 0.00327652 -6.80317e-05 -0.00237486 0.00149633 0.000377202 -0.00246174 -0.000661603 -0.000245818
internal_weight=2137 1021 444 577 110 1116 979 887 520 467 316 301 367 235 78 128 372 347 92 247 132 137 53 219 106 151 96 109 69 95
internal_count=2137 1021 444 577 110 1116 979 887 520 467 316 301 367 235 78 128 372 347 92 247 132 137 53 219 106 151 96 109 69 95
is_linear=0
shrinkage=0.03


Tree=36
num_leaves=31
num_cat=0
split_feature=23 22 22 15 22 22 16 16 22 19 26 18 22 20 19 25 23 14 22 23 23 23 23 23 17 15 17 25 15 23
split_gain=1.40959 0.67502 0.935234 0.358563 0.308796 0.306662 0.250485 0.241961 0.233934 0.295891 0.179276 0.126933 0.125994 0.125824 0.12149 0.0953118 0.0860294 0.0697643 0.0652855 0.0621937 0.0616804 0.0560665 0.0521986 0.0488174 0.0340797 0.0297569 0.0247388 0.00733747 0.00633529 0.00557162
threshold=267.52500000000003 283.52150000000006 273.29300000000006 0.0096641792997567508 251.92250000000004 240.38350000000003 50.114587216613963 44.59641828247937 243.75500000000002 92.264999390000014 90.500000000000014 1.1016758602510421 238.03350000000003 0.69500000000000006 94.524997710000022 -0.44022228149999992 211.56500000000003 0.037241124653342408 243.12750000000003 192.74500000000003 279.50500000000005 267.18000000000001 189.07500000000002 288.05500000000001 -0.0018228644896726997 0.022958113343522255 -0.0033285349932033995 -0.021567026499999999 0.022266274003754954 266.43500000000006
decision_type=2 2 2 2 2 2 2 2 2 2 2 2 2 2 2 2 2 2 2 2 2 2 2 2 2 2 2 2 2 2
left_child=4 2 3 23 5 7 14 16 18 -10 11 -4 19 -8 -5 -11 22 28 26 -9 27 25 -1 -2 -18 29 -7 -12 -3 -6
right_child=1 17 10 6 21 8 13 12 9 15 20 -13 -14 -15 -16 -17 24 -19 -20 -21 -22 -23 -24 -25 -26 -27 -28 -29 -30 -31
leaf_value=-0.0010783614547584543 -0.00076873092520690991 -0.00055998271103349651 0.0031818069472163914 0.0019941669729137204 -0.001274050614947604 0.0017591648277427467 0.0016872588515189422 0.00030353034078143534 0.0022890731942025013 0.00032243251534075373 0.0021356469972857403 0.0069941886602477594 -0.0025979282768465667 0.00011080641447254958 0.00086386146770115271 -0.0010651370601881536 -0.0012023170313091953 -0.0035627444099796853 0.0026341263240446215 -0.0013208725013123164 0.00098959958592429766 -0.0006815668884504201 0.00049744603451108563 -0.0028535465577786616 -4.6087070088833562e-05 -0.0031716120533112971 0.00049397118413145396 0.0039638942235282488 -0.0017052540162011333 -0.0023195860734717411
leaf_weight=21 31 20 24 172 36 20 52 20 31 53 20 21 82 369 203 198 85 22 22 207 24 28 111 21 39 41 90 20 22 32
leaf_count=21 31 20 24 172 36 20 52 20 31 53 20 21 82 369 203 198 85 22 22 207 24 28 111 21 39 41 90 20 22 32
internal_value=2.27271e-06 0.000808795 0.00101097 0.000668156 -0.000732972 -0.000540888 0.000828911 -0.000995138 7.27185e-05 -0.000407423 0.00362043 0.00513951 -0.00156128 0.000316168 0.0013942 -0.000760123 -0.000296703 -0.00213729 0.00111638 -0.00116389 0.00244354 -0.00207 0.00021797 -0.00170523 -0.000865942 -0.00238994 0.000764809 0.00319733 -0.00125536 -0.00183603
internal_weight=2137 1021 957 848 1116 979 796 565 414 282 109 45 309 421 375 251 256 64 132 227 64 137 132 52 124 109 110 40 42 68
internal_count=2137 1021 957 848 1116 979 796 565 414 282 109 45 309 421 375 251 256 64 132 227 64 137 132 52 124 109 110 40 42 68
is_linear=0
shrinkage=0.03


Tree=37
num_leaves=31
num_cat=0
split_feature=23 19 22 22 20 22 11 22 11 11 22 23 22 19 19 19 16 14 20 21 22 23 11 20 13 21 10 23 22 23
split_gain=1.328 0.63964 0.633115 0.445689 0.371548 0.291915 0.313684 0.318428 0.238339 0.223168 0.175183 0.154324 0.133437 0.209391 0.123912 0.115216 0.112642 0.100812 0.0955115 0.0879298 0.0613493 0.0525539 0.0504437 0.0457385 0.045688 0.0430662 0.0348993 0.0244306 0.0198628 0.012111
threshold=267.52500000000003 96.354999540000009 258.49100000000004 273.29300000000006 1.7750000000000001 251.92250000000004 1.0764887096058686 240.38350000000003 0.96212681321177718 1.0466403619913425 255.22300000000004 230.95000000000002 243.75500000000002 92.634998320000008 96.86500168000002 94.709999085000007 37.683652119804002 0.017658276235442253 2.4050000000000007 36.045000075000011 243.12750000000003 267.18000000000001 0.89334157723572194 0.74500000000000011 1.0205123078365668 14.385000225000001 0.98914647458844829 266.43500000000006 253.79800000000003 290.59000000000009
decision_type=2 2 2 2 2 2 2 2 2 2 2 2 2 2 2 2 2 2 2 2 2 2 2 2 2 2 2 2 2 2
left_child=5 3 10 9 17 6 7 8 22 15 28 -10 20 -14 -4 16 -2 26 -8 25 -9 27 -1 -11 -16 -12 -5 -7 -3 -25
right_child=1 2 14 4 -6 21 18 12 11 23 19 -13 13 -15 24 -17 -18 -19 -20 -21 -22 -23 -24 29 -26 -27 -28 -29 -30 -31
leaf_value=0.0008758195384345925 0.0037122744212392715 -0.0011514203813858329 7.6511538601904314e-05 0.0016307760809681244 -0.00018733202240116002 -0.0015233322789215229 -0.0029235622406005861 0.00074328485328225863 -0.00083167102923208721 0.0012083904952318832 0.0006519617243562029 -0.0022925449831565042 0.0019978592696910102 -0.00048267989481224607 -0.0016358453708786842 0 0.001440699951404675 0.0056162275322262315 -0.00073873456123778054 -0.00023024924840921393 0.0025585382993778454 -0.00066182494193219163 -0.00028533211276323225 8.4715629357991643e-05 -0.0031664691621937405 0.001629487658597713 0.003705741893213529 -0.0027666185277500262 -3.7075147461811343e-05 -0.00052299376602847278
leaf_weight=40 23 35 22 20 22 43 59 110 193 21 81 108 35 200 66 43 272 30 33 38 22 28 179 37 40 128 38 66 34 71
leaf_count=40 23 35 22 20 22 43 59 110 193 21 81 108 35 200 66 43 272 30 33 38 22 28 179 37 40 128 38 66 34 71
internal_value=2.28891e-06 0.000785161 -6.45637e-05 0.00144319 0.00316725 -0.000711317 -0.000524447 -0.000346202 -0.000824727 0.00102479 0.000649641 -0.00137163 0.000324063 -9.3626e-05 -0.00184238 0.00142906 0.00163988 0.00403228 -0.0021885 0.00102696 0.00108535 -0.00201147 -5.65963e-05 -1.42444e-05 -0.00226567 0.00126983 0.00308085 -0.00232173 -0.000653554 -0.000288407
internal_weight=2137 1021 444 577 110 1116 979 887 520 467 316 301 367 235 128 338 295 88 92 247 132 137 219 129 106 209 58 109 69 108
internal_count=2137 1021 444 577 110 1116 979 887 520 467 316 301 367 235 128 338 295 88 92 247 132 137 219 129 106 209 58 109 69 108
is_linear=0
shrinkage=0.03


Tree=38
num_leaves=31
num_cat=0
split_feature=23 22 22 15 22 22 16 16 22 19 26 18 20 22 19 25 25 14 23 22 23 23 23 23 15 17 17 17 18 23
split_gain=1.25127 0.60514 0.840389 0.323522 0.275393 0.272423 0.226286 0.214984 0.208276 0.266031 0.162219 0.11911 0.115111 0.113121 0.107117 0.0886737 0.07866 0.0632045 0.0618404 0.0577403 0.0576132 0.0542258 0.0491458 0.0439527 0.0273137 0.0234525 0.0123928 0.00827433 0.00619219 0.00416862
threshold=267.52500000000003 283.52150000000006 273.29300000000006 0.0096641792997567508 251.92250000000004 240.38350000000003 50.114587216613963 44.59641828247937 243.75500000000002 92.264999390000014 90.500000000000014 1.1016758602510421 0.72500000000000009 238.03350000000003 94.524997710000022 -0.44022228149999992 1.0192726185000003 0.037241124653342408 197.46000000000004 243.12750000000003 192.74500000000003 279.50500000000005 267.18000000000001 288.05500000000001 0.022958113343522255 -0.0033285349932033995 -0.0044152788216531491 -0.00022944149308989998 0.84386792266350075 266.43500000000006
decision_type=2 2 2 2 2 2 2 2 2 2 2 2 2 2 2 2 2 2 2 2 2 2 2 2 2 2 2 2 2 2
left_child=4 2 3 23 5 7 14 16 19 -10 11 -4 -8 20 -5 -11 18 28 -1 25 -9 27 24 -2 29 -7 -18 -12 -3 -6
right_child=1 17 10 6 22 8 12 13 9 15 21 -13 -14 -15 -16 -17 26 -19 -20 -21 -22 -23 -24 -25 -26 -27 -28 -29 -30 -31
leaf_value=0.00054166569243407924 -0.00072932068420050202 -0.0016447406968271188 0.0029823372396826742 0.0018830504921840967 -0.0011923972835160186 0.0016876662982893841 0.0014904394940240308 0.00031627863376135267 0.0021721808969741687 0.00032465722290928376 0.0037672141667987619 0.0066671641614626763 7.8924011362657213e-05 -0.0024542728200869029 0.00081890998775077813 -0.0010129203747967597 -0.002098118148744106 -0.0033860910059479265 -0.00047912977617982371 0.0024851194483875906 -0.0012446123506170597 0.00092891995611396854 -0.00064265484898150423 -0.0027178768850862978 -0.0030039231513094688 0.00045726138808518886 -0.00065765352201248924 0.0019742854359958849 -0.00053003566625490996 -0.0021716238732703706
leaf_weight=91 31 21 24 172 36 20 61 20 31 53 20 21 360 82 203 198 20 22 125 22 207 24 28 21 41 90 20 20 21 32
leaf_count=91 31 21 24 172 36 20 61 20 31 53 20 21 360 82 203 198 20 22 125 22 207 24 28 21 41 90 20 20 21 32
internal_value=2.17171e-06 0.000762131 0.000953678 0.000628495 -0.00069047 -0.000508848 0.000781335 -0.000937015 6.91076e-05 -0.000383498 0.00342755 0.0048747 0.000293599 -0.00147078 0.00131868 -0.000718411 -0.000277853 -0.00202654 -3.47332e-05 0.00105421 -0.00109315 0.00230453 -0.00195351 -0.00162512 -0.00225406 0.000721187 -0.00148466 0.00301394 -0.00118244 -0.00172148
internal_weight=2137 1021 957 848 1116 979 796 565 414 282 109 45 421 309 375 251 256 64 216 132 227 64 137 52 109 110 40 40 42 68
internal_count=2137 1021 957 848 1116 979 796 565 414 282 109 45 421 309 375 251 256 64 216 132 227 64 137 52 109 110 40 40 42 68
is_linear=0
shrinkage=0.03


Tree=39
num_leaves=31
num_cat=0
split_feature=23 11 23 11 27 21 27 21 21 21 21 11 23 26 23 23 11 23 11 23 15 26 26 23 23 18 14 11 25 15
split_gain=1.18385 0.589429 0.395374 0.285537 0.243736 0.208331 0.176019 0.136007 0.113 0.130681 0.112958 0.102545 0.102213 0.100194 0.0998009 0.215259 0.130752 0.116058 0.0933931 0.10714 0.0600301 0.0513944 0.0446144 0.0378865 0.0362614 0.035197 0.0340776 0.0257884 0.0249591 0.0096455
threshold=268.27500000000003 1.02374753312686 278.19500000000005 1.0764887096058686 392719.50000000006 13.534999845000002 439422.50000000006 11.984999655000001 15.595000265000001 31.529999730000004 12.034999845000002 1.16577566261554 314.01500000000004 80.500000000000014 266.43500000000006 265.39500000000004 0.96212681321177718 267.18000000000001 0.88831209866170158 260.39000000000004 0.018353666473921951 94.500000000000014 74.000000000000014 307.17000000000007 290.59000000000009 0.76037579506368169 0.019215254467754003 1.0650275236453239 0.4726882235 0.015602669752265552
decision_type=2 2 2 2 2 2 2 2 2 2 2 2 2 2 2 2 2 2 2 2 2 2 2 2 2 2 2 2 2 2
left_child=3 7 20 5 11 6 10 -2 25 13 22 24 21 -10 15 16 -7 -16 -8 -20 -3 -6 -1 -11 -4 -9 -5 -14 -12 -27
right_child=1 2 4 26 12 14 18 8 9 23 28 -13 27 -15 17 -17 -18 -19 19 -21 -22 -23 -24 -25 -26 29 -28 -29 -30 -31
leaf_value=2.3498425019326903e-05 0.0039423908110369334 0.0031402022849599067 -0.0015548888798221012 -0.00089729153953492643 0.00035462329030580499 0 0.0011053445436633551 0.0012215885563055051 0.0029034144664550885 -0.00019618705245084132 0.00022162262733168477 -0.003489205334674228 0.0016080651748925446 0.0015557486257550244 -0.0025245131765972944 0.0021493772098328916 -0.0010920803968117489 -0.00076608704931122506 -0.00040359568085955653 -0.002035311101557454 0.00098358113810034656 -0.00067209361535676101 0.0014972223150529762 0.0013362497751201901 -0.00017938963260302052 -0.00043609013726624349 -0.0024956587041169405 0.00013560978031124579 -0.00064688137632964006 0.00031830966868105212
leaf_weight=28 21 32 52 24 71 151 25 31 75 39 87 21 41 241 61 23 310 93 184 47 28 103 97 20 34 26 74 21 43 34
leaf_count=28 21 32 52 24 71 151 25 31 75 39 87 21 41 241 61 23 310 93 184 47 28 103 97 20 34 26 74 21 43 34
internal_value=2.17126e-06 0.000838846 -2.82783e-06 -0.000592764 -0.000404921 -0.000455794 0 0.00154007 0.00141718 0.00164991 0.000552536 -0.0015875 0.000123027 0.00189322 -0.000816887 -0.000592699 -0.000740355 -0.00149375 -0.000558837 -0.000755863 0.00221558 -0.000236371 0.00119372 0.000286896 -0.00105388 0.000418013 -0.00214754 0.00116702 -4.54961e-05 0
internal_weight=2137 890 403 1247 343 1149 511 487 466 375 255 107 236 316 638 484 461 154 256 231 60 174 125 59 86 91 98 62 130 60
internal_count=2137 890 403 1247 343 1149 511 487 466 375 255 107 236 316 638 484 461 154 256 231 60 174 125 59 86 91 98 62 130 60
is_linear=0
shrinkage=0.03


Tree=40
num_leaves=29
num_cat=0
split_feature=22 22 22 19 11 22 22 11 22 26 18 26 21 11 22 17 25 22 25 17 22 27 25 26 27 16 17 21
split_gain=0.684677 0.895664 0.976861 0.285329 0.279807 0.25556 0.304386 0.176984 0.153743 0.148858 0.112192 0.0809011 0.0728426 0.068581 0.0442169 0.0653085 0.0424906 0.0419228 0.0372594 0.0321661 0.0302133 0.0270865 0.0269628 0.0256151 0.0229771 0.0184495 0.0167504 0.0156496
threshold=240.38350000000003 283.52150000000006 273.29300000000006 93.970001220000015 0.99072999556351704 258.49100000000004 255.22300000000004 1.0625070797921152 246.95500000000001 90.500000000000014 1.1016758602510421 94.500000000000014 28.920000075000004 0.89334157723572194 237.11600000000001 -0.0018228644896726997 -0.8476057119999999 237.48750000000004 0.68993022300000006 -0.0028269808675924998 238.05700000000004 462796.50000000006 -2.6607139654999998 95.500000000000014 361141.00000000006 60.593153968527766 -0.0033285349932033995 15.304999825000001
decision_type=2 2 2 2 2 2 2 2 2 2 2 2 2 2 2 2 2 2 2 2 2 2 2 2 2 2 2 2
left_child=4 2 3 7 13 6 -5 8 -2 10 -4 17 23 21 19 18 -11 -6 -16 -15 27 -1 -17 -3 -9 -7 -25 -13
right_child=1 12 9 5 11 25 -8 24 -10 16 -12 20 -14 14 15 22 -18 -19 -20 -21 -22 -23 -24 26 -26 -27 -28 -29
leaf_value=0.0015730952040425366 -8.449091510708207e-05 -0.0022059830864691837 0.0028207961279153823 -0.000280051528490443 0 -0.0012247700247475328 0.00097932092133466556 -0.00090477747287539005 0.0014623795170797997 0.00076497996305780749 0.0063931322897022415 -0.0012537052616316941 -0.003152742460090667 0.000801526640697072 -0.00072162328692751789 -0.00095905343546635576 0.0027383992300058406 -0.0013193257600993594 -0.0020303837648151736 -0.00041672877310775219 -0.0029050029117444701 0 0.00012021772818981752 -0.0016542232494056223 5.9002594326852579e-05 -0.0025892604744952655 -0.00046636896200361662 -0.0022387153070513159
leaf_weight=20 66 34 24 505 29 50 260 28 320 20 21 63 39 35 69 26 44 57 37 39 43 20 78 24 76 22 39 49
leaf_count=20 66 34 24 505 29 50 260 28 320 20 21 63 39 35 69 26 44 57 37 39 43 20 78 24 76 22 39 49
internal_value=2.18611e-06 0.000325543 0.000547954 0.000319991 -0.000891177 -1.32692e-05 0.000144774 0.000894231 0.0011906 0.00326783 0.00465584 -0.00166595 -0.00198781 -0.000302298 -0.000473262 -0.000696993 0.00218912 -0.000852484 -0.0012212 0.000122477 -0.0020897 0.000820311 -0.000127593 -0.00146143 -0.000178051 -0.00171255 -0.000984537 -0.00172719
internal_weight=2137 1572 1436 1327 565 837 765 490 386 109 45 241 136 324 284 210 64 86 106 74 155 40 104 97 104 72 63 112
internal_count=2137 1572 1436 1327 565 837 765 490 386 109 45 241 136 324 284 210 64 86 106 74 155 40 104 97 104 72 63 112
is_linear=0
shrinkage=0.03


Tree=41
num_leaves=31
num_cat=0
split_feature=20 22 22 22 26 11 11 22 19 21 26 15 18 11 18 19 11 22 11 15 20 26 20 22 22 26 21 17 21 13
split_gain=1.04331 0.739027 0.410465 0.295174 0.252106 0.214424 0.211306 0.191251 0.248714 0.106141 0.104472 0.0996386 0.091181 0.0762868 0.0718395 0.0840152 0.0682562 0.0668762 0.0657542 0.065384 0.0614748 0.0565806 0.0468086 0.0407235 0.0396149 0.0318882 0.0177199 0.0169558 0.0169177 0.005965
threshold=1.7050000000000003 273.29300000000006 286.08700000000005 240.86050000000003 96.500000000000014 0.99072999556351704 0.97181113414795794 243.75500000000002 92.325000760000009 20.755000115000005 94.500000000000014 0.014033170948833152 0.26110841340746943 1.0912829412605005 0.52347936402761763 96.055000305000007 0.95477105064358259 237.88900000000004 0.85575292491775101 0.010460892103067653 2.2150000000000003 94.500000000000014 2.3950000000000005 272.28950000000003 237.48750000000004 90.500000000000014 22.815000535000006 -0.004093245323229599 13.095000265000001 0.99006283500025893
decision_type=2 2 2 2 2 2 2 2 2 2 2 2 2 2 2 2 2 2 2 2 2 2 2 2 2 2 2 2 2 2
left_child=1 4 3 5 10 17 11 22 -9 25 13 12 -5 29 15 -12 -16 19 -4 -2 -13 24 -8 27 -7 -3 -20 -6 -23 -1
right_child=2 9 18 6 23 21 7 8 -10 -11 14 20 -14 -15 16 -17 -18 -19 26 -21 -22 28 -24 -25 -26 -27 -28 -29 -30 -31
leaf_value=0.0015146359379056753 -0.0016411446388810871 0.0035153313175062921 -0.00074120359441627853 0.0036418647127492085 0.0028782695207212649 0 0.00049640061476510832 0.001108014054756495 -0.00060660236905288659 0.0053461766256592599 0.0012240276600094511 0.0012439744320889823 0.00099386932005787743 -0.00049206315261108105 0.00051220149152419146 -0.00095682215953076433 -0.00097218266008600868 -0.0011592312052079866 -0.00140604038056715 0.00010975362672831233 -7.5314053674228478e-05 -0.00088354654354211206 0.0021360299067382581 0.00024877322627150488 -0.0012804283978295077 0.0017664813909898784 -0.0028937428041719477 0.0015888513462559786 -0.002065817802122272 0.00083908979567692279
leaf_weight=42 20 33 30 20 20 29 45 87 528 25 49 50 40 31 33 21 116 61 22 212 74 25 31 22 57 33 64 111 122 84
leaf_count=42 20 33 30 20 20 29 45 87 528 25 49 50 40 31 33 21 116 61 22 212 74 25 31 22 57 33 64 111 122 84
internal_value=1.73125e-06 0.00103901 -0.000420635 -0.000275403 0.000599327 -0.000836692 5.91574e-05 -0.000178035 -0.000357772 0.00352807 0.000171158 0.000962281 0.00197095 0.000763962 -0.000241724 0.000523258 -0.000622203 -0.000282173 -0.00213171 -3.47061e-05 0.000438353 -0.001517 0.00122321 0.00162414 -0.000826553 0.0027251 -0.00256819 0.00182875 -0.00189235 0.00109805
internal_weight=2137 620 1517 1401 529 526 875 691 615 91 376 184 60 157 219 70 149 293 116 232 124 233 76 153 86 66 86 131 147 126
internal_count=2137 620 1517 1401 529 526 875 691 615 91 376 184 60 157 219 70 149 293 116 232 124 233 76 153 86 66 86 131 147 126
is_linear=0
shrinkage=0.03


Tree=42
num_leaves=29
num_cat=0
split_feature=22 22 22 11 11 26 15 26 18 21 26 17 21 11 7 22 17 22 27 17 22 27 21 11 21 17 26 16
split_gain=0.611576 0.79956 0.873566 0.249343 0.237203 0.136997 0.156817 0.134469 0.106235 0.0976798 0.0723548 0.0663517 0.065011 0.0643313 0.0434043 0.0402404 0.059896 0.0374371 0.0352515 0.0307639 0.0285395 0.0250559 0.0234204 0.0185547 0.0141694 0.0141646 0.00883405 0.00741829
threshold=240.38350000000003 283.52150000000006 273.29300000000006 0.99072999556351704 0.97469556586634487 96.500000000000014 0.023663361164866451 86.500000000000014 1.0624677977661219 21.920000080000005 94.500000000000014 0.0038969587580726006 29.324999810000005 0.89334157723572194 0.012096859366915803 237.11600000000001 -0.0031145786060808498 237.48750000000004 310444.00000000006 0.0029907246311584004 238.05700000000004 462796.50000000006 20.960000035000004 1.0417592396470798 15.304999825000001 -0.0034963608469201998 76.500000000000014 35.680611734222026
decision_type=2 2 2 2 2 2 2 2 2 2 2 2 2 2 2 2 2 2 2 2 2 2 2 2 2 2 2 2
left_child=3 2 4 13 11 6 -6 8 -4 -7 17 14 23 21 -2 19 26 -5 -9 27 24 -1 -18 25 -12 -3 -17 -15
right_child=1 12 7 10 5 9 -8 18 -10 -11 20 -13 -14 15 -16 16 22 -19 -20 -21 -22 -23 -24 -25 -26 -27 -28 -29
leaf_value=0.0015253876264074017 0.0020415370868360426 -0.001594882513808373 0.0025281165561505726 0 -3.6324239252218311e-05 0.00039279643963571347 -0.0020726907126954758 0.0028282345205258865 0.0062085348974381177 0.0020438362743705508 -0.0011695303265041729 -0.00018607320917238081 -0.0030451193338109027 0.00097931917367333719 0.00095238563641441946 -0.00043221638669704344 2.7597975390381176e-05 -0.0012426778327970732 0.0011608591558760963 -0.00080964533958051887 -0.0027652328298003836 0 -0.00091380864065140487 -0.0020537777661035457 -0.0021121620493568479 -0.00049213655181967351 -0.0014290398418864544 0.000120534754358232
leaf_weight=20 46 25 20 29 699 219 35 38 20 39 63 34 36 21 255 21 89 57 31 20 43 20 29 35 49 40 71 33
leaf_count=20 46 25 20 29 699 219 35 38 20 39 63 34 36 21 255 21 89 57 31 20 43 20 29 35 49 40 71 33
internal_value=2.03495e-06 0.00030772 0.00051795 -0.000842214 0.00030224 6.55839e-05 -0.000140196 0.00309017 0.00454804 0.000660883 -0.00157376 0.000991817 -0.00187774 -0.000285674 0.00113498 -0.000451542 -0.000665071 -0.000801386 0.00214927 0.000115209 -0.00197518 0.000801106 -0.000184289 -0.00140179 -0.00162352 -0.000979463 -0.00124086 0.000520786
internal_weight=2137 1572 1436 565 1327 992 734 109 40 258 241 335 136 324 301 284 210 86 69 74 155 40 118 100 112 65 92 54
internal_count=2137 1572 1436 565 1327 992 734 109 40 258 241 335 136 324 301 284 210 86 69 74 155 40 118 100 112 65 92 54
is_linear=0
shrinkage=0.03


Tree=43
num_leaves=26
num_cat=0
split_feature=23 22 22 11 11 22 22 23 22 15 23 27 26 27 20 15 11 11 25 23 11 20 22 14 9
split_gain=0.960906 0.503959 0.585431 0.293229 0.248145 0.253472 0.321603 0.190659 0.163167 0.158807 0.142381 0.129323 0.129111 0.127436 0.0934682 0.0851539 0.0800627 0.0788125 0.0760681 0.0735402 0.0657875 0.0195767 0.0153669 0.0117838 0.0117805
threshold=268.27500000000003 283.52150000000006 273.29300000000006 1.0273193836938364 1.0871596843603937 251.92250000000004 240.38350000000003 230.95000000000002 249.55300000000003 0.010460892103067653 316.64500000000004 442802.00000000006 95.500000000000014 457438.00000000006 0.69500000000000006 0.017352835820694901 1.0225281617643824 0.95275968491614471 -0.8476057119999999 267.18000000000001 1.0889053869974992 2.8650000000000007 252.68050000000002 0.0139517151851753 0.98634777016093678
decision_type=2 2 2 2 2 2 2 2 2 2 2 2 2 2 2 2 2 2 2 2 2 2 2 2 2
left_child=4 2 3 8 5 6 7 16 -2 -5 -10 15 -13 18 -11 -8 -1 -9 -4 23 -3 -6 -21 -7 -24
right_child=1 20 13 9 21 19 11 17 10 14 -12 12 -14 -15 -16 -17 -18 -19 -20 22 -22 -23 24 -25 -26
leaf_value=-0.0001307831532365667 0.0037293505333364009 -0.00077284058321193025 0.00082773442390478324 -0.0025246689370410007 -0.0025663149735382336 -0.0010747876407371626 0.0013744603943814022 -0.00019932606752792541 0.00081522103269366915 0.0015279156001838476 0.0029286481487480077 0.00060334128459502471 -0.00084970291738256643 0.005285919566239629 -8.2369751832518927e-05 0.00017305565645459438 -0.0012523210823459372 -0.0019962164049147297 0.002984678195542074 0 -0.0028868400507189077 -0.0010662021110342307 -0.00033533841277277399 -0.0022130922781055957 -0.001320606782287359
leaf_weight=308 21 36 26 21 54 26 129 32 362 36 32 103 114 20 245 101 72 117 63 23 28 21 30 78 39
leaf_count=308 21 36 26 21 54 26 129 32 362 36 32 103 114 20 245 101 72 117 63 23 28 21 30 78 39
internal_value=1.85632e-06 0.000755783 0.000957335 0.000638361 -0.000534001 -0.000422702 -0.000220675 -0.000722571 0.00115533 -6.36066e-05 0.00100144 0.000366882 -0.000146644 0.00300339 0.000117978 0.000862907 -0.000353888 -0.00163421 0.00240409 -0.00140726 -0.00177405 -0.00220531 -0.000724483 -0.00197003 -0.000945997
internal_weight=2137 890 826 717 1247 1172 976 529 415 302 394 447 217 109 281 230 380 149 89 196 64 75 92 104 69
internal_count=2137 890 826 717 1247 1172 976 529 415 302 394 447 217 109 281 230 380 149 89 196 64 75 92 104 69
is_linear=0
shrinkage=0.03


Tree=44
num_leaves=27
num_cat=0
split_feature=20 22 11 20 22 22 26 26 11 15 14 26 11 19 11 22 22 22 18 11 11 26 20 17 13 26
split_gain=0.88396 0.623383 0.355897 0.226353 0.229341 0.290413 0.223262 0.174145 0.154258 0.111657 0.102693 0.0964494 0.0691552 0.0651195 0.143192 0.0695157 0.0623303 0.0407161 0.0396712 0.0356299 0.0336812 0.0117065 0.00716551 0.0068288 0.00503484 0.00334158
threshold=1.7050000000000003 273.29300000000006 1.1262726267554821 3.0350000000000006 240.86050000000003 258.49100000000004 96.500000000000014 95.500000000000014 0.96212681321177718 0.017767502824791701 0.016825419247701656 94.500000000000014 1.0912829412605005 93.555000305000007 0.93646916552428061 262.36600000000004 238.02500000000001 237.88900000000004 0.8272772582498783 1.0466403619913425 1.16577566261554 81.500000000000014 0.69500000000000006 0.00096373755986575011 0.99006283500025893 57.500000000000007
decision_type=2 2 2 2 2 2 2 2 2 2 2 2 2 2 2 2 2 2 2 2 2 2 2 2 2 2
left_child=1 6 3 4 8 9 11 -7 17 -6 18 12 24 15 -15 -13 -10 -2 -3 22 -4 25 -8 -24 -1 -5
right_child=2 10 20 21 5 7 19 -9 16 -11 -12 13 -14 14 -16 -17 -18 -19 -20 -21 -22 -23 23 -25 -26 -27
leaf_value=0.0014310101889788583 0.00017552006496160448 0.00085568991303443904 -0.0016410253882499003 -0.0016789563294986019 0.00065782151998608832 -0.0020158054988331548 0.0023125161185860634 0 -0.00082469911733746161 -0.00010904669344693952 0.0045235401663141182 0.0014025410889514853 -0.00047431301773576709 0.00059721350873334579 -0.0014678422596512569 -0.00024876251519795079 -0.0018478553023817668 -0.00096659008654601431 0.0028815614831811912 0.00050823443178087471 -0.0033193326371256261 -0.0023793994209452252 0.0016578209720490896 0.00062438593492177984 0.00079077555674593892 -0.00065231184794736861
leaf_weight=42 158 20 40 22 442 81 39 73 230 268 38 34 31 45 80 60 82 33 33 34 31 36 60 20 84 21
leaf_count=42 158 20 40 22 442 81 39 73 230 268 38 34 31 45 80 60 82 33 33 34 31 36 60 20 84 21
internal_value=1.54556e-06 0.000956443 -0.000387119 -0.000282064 -0.0001887 0.000104847 0.000552057 -0.00106702 -0.000698083 0.00036439 0.00324305 0.000148707 0.000718806 -0.000247768 -0.000701773 0.000325415 -0.00110823 -1.01894e-05 0.00220264 0.00151642 -0.0024514 -0.00183756 0.00177283 0.0014474 0.0010374 -0.00127197
internal_weight=2137 620 1517 1446 1367 864 529 154 503 710 91 376 157 219 125 94 312 191 53 153 71 79 119 80 126 43
internal_count=2137 620 1517 1446 1367 864 529 154 503 710 91 376 157 219 125 94 312 191 53 153 71 79 119 80 126 43
is_linear=0
shrinkage=0.03


Tree=45
num_leaves=28
num_cat=0
split_feature=23 22 22 22 26 26 22 22 14 16 26 19 22 23 23 23 16 13 25 23 23 14 20 19 9 9 19
split_gain=0.871179 0.450804 0.520498 0.222445 0.216396 0.217776 0.216116 0.228152 0.172866 0.150903 0.122016 0.117209 0.173231 0.101976 0.0697036 0.0608741 0.0550985 0.045871 0.0376821 0.0398968 0.0353426 0.0188351 0.0172089 0.0146972 0.0107847 0.00581375 0.00422432
threshold=268.27500000000003 283.52150000000006 273.29300000000006 249.55300000000003 96.500000000000014 94.500000000000014 252.57750000000001 240.38350000000003 0.025467804058758103 37.849062604102393 46.000000000000007 92.220001220000015 243.75500000000002 234.81500000000003 279.50500000000005 192.74500000000003 58.206229743770272 1.0330924539564343 0.68993022300000006 196.19000000000003 267.18000000000001 0.0139517151851753 2.7650000000000001 96.204998015000015 0.98634777016093678 1.0207529272865254 98.725002290000006
decision_type=2 2 2 2 2 2 2 2 2 2 2 2 2 2 2 2 2 2 2 2 2 2 2 2 2 2 2
left_child=6 2 3 -2 5 -5 7 9 11 18 -4 22 -13 15 25 -11 -6 26 19 -1 21 -8 -9 -15 -22 -12 -3
right_child=1 17 10 4 16 -7 20 8 -10 13 14 12 -14 23 -16 -17 -18 -19 -20 -21 24 -23 -24 -25 -26 -27 -28
leaf_value=0.0010430468019965865 0.0036037177883765912 -0.0003966357903858728 0.0050670819059014313 0.0008244367053185566 0.0016342796271370836 -0.00043092080242867792 -0.0010042362573246162 0.00089736062657902948 -0.0024412936275096039 0.00049271911338116207 0.0031688787413083697 0.00096863998481925033 -0.00031759286670884115 -0.0021269233216065914 0.00066421670277602978 -0.0008931266313533993 0.00040483142808079724 -0.0028358882622940098 -0.00098971637241218407 -7.8219034898627016e-05 -0.00033578840384894469 -0.002311783139637555 0.002367358475923538 -0.0009537265776760047 -0.0012907440938986837 0.0017802834987802349 -0.0013502810544201306
leaf_weight=43 21 22 20 236 150 258 26 30 22 28 43 132 320 79 24 298 52 22 22 69 30 63 20 26 39 22 20
leaf_count=43 21 22 20 236 150 258 26 30 22 28 43 132 320 79 24 298 52 22 22 69 30 63 20 26 39 22 20
internal_value=1.46692e-06 0.000719399 0.000910143 0.000609049 0.000509348 0.000163198 -0.000508692 -0.00035389 9.19329e-05 -0.000772094 0.00283992 0.000213548 5.27192e-05 -0.00104551 0.00225536 -0.00076378 0.00133612 -0.00167237 8.63352e-05 0.000331139 -0.00154785 -0.00197854 0.00157907 -0.00187646 -0.000929131 0.00277844 -0.000941361
internal_weight=2137 890 826 717 696 494 1247 1089 524 565 109 502 452 431 89 326 202 64 134 112 158 89 50 105 69 65 42
internal_count=2137 890 826 717 696 494 1247 1089 524 565 109 502 452 431 89 326 202 64 134 112 158 89 50 105 69 65 42
is_linear=0
shrinkage=0.03


Tree=46
num_leaves=31
num_cat=0
split_feature=23 11 23 19 11 22 22 19 27 23 19 27 23 21 20 22 20 20 11 11 23 22 22 19 20 20 11 25 16 11
split_gain=0.8214 0.446919 0.265449 0.251428 0.223266 0.231156 0.264202 0.222848 0.181671 0.161318 0.142162 0.11642 0.107719 0.107593 0.106726 0.106298 0.0761616 0.0719953 0.0648263 0.0632042 0.0581874 0.0576597 0.0570454 0.0549731 0.0545033 0.0467762 0.043726 0.0232853 0.022321 0.0183312
threshold=268.27500000000003 1.02374753312686 278.19500000000005 96.354999540000009 1.0764887096058686 251.92250000000004 240.38350000000003 92.634998320000008 392719.50000000006 230.95000000000002 94.494998930000023 442802.00000000006 290.59000000000009 11.215000155000002 0.72500000000000009 258.87850000000009 1.6650000000000003 1.3150000000000002 0.89334157723572194 0.95275968491614471 267.18000000000001 250.50950000000003 257.97750000000008 97.215000150000023 2.3950000000000005 1.7450000000000003 1.0084880393026905 -0.26707439899999991 61.89898058071477 1.16577566261554
decision_type=2 2 2 2 2 2 2 2 2 2 2 2 2 2 2 2 2 2 2 2 2 2 2 2 2 2 2 2 2 2
left_child=4 3 16 7 5 6 9 27 17 18 12 21 -9 -13 -10 23 -3 28 -1 -11 -7 -8 -16 -5 -6 -12 -25 -2 -4 -19
right_child=1 2 8 15 24 20 11 10 14 19 25 13 -14 -15 22 -17 -18 29 -20 -21 -22 -23 -24 26 -26 -27 -28 -29 -30 -31
leaf_value=0.00087699434508858995 0.00059841174825851328 0.0025582075822865587 0.0002749052655629136 0 -0.0024985844951508377 -0.001814738131287907 0.0011295191409486747 0.0049675329089630396 0.0014510976328882712 -0.00018615352569825269 0.0023745720351580528 -0.0011530935980581069 0.0021949469554388232 0.00030671001215345383 0.00043310702824470352 -0.00081354388168368191 0.0001539354199399399 -0.0014519429407386189 -0.00042630912804619652 -0.0018124596068635583 -0.00069482528751682213 0 -0.00060781111656462057 0.0013682285161558526 -0.00088374798966106018 0.00020803286075325947 0 0.0015068222873061048 -0.0010272816267263677 -0.0029214925343509423
leaf_weight=36 63 39 21 45 57 104 165 39 42 32 23 64 30 146 74 38 21 45 338 114 92 58 120 127 41 20 26 76 20 21
leaf_count=36 63 39 21 45 57 104 165 39 42 32 23 64 30 146 74 38 21 45 338 114 92 58 120 127 41 20 26 76 20 21
internal_value=1.36903e-06 0.000698529 -3.3508e-05 0.00130927 -0.00049396 -0.000372545 -0.000175325 0.00197392 -0.000364105 -0.000632718 0.00298321 0.000367248 0.0038535 -0.000127321 9.00214e-05 0.000584386 0.00178221 -0.00138507 -0.000290853 -0.00148011 -0.00131049 0.000844867 -0.00019519 0.000870491 -0.00186904 0.00146269 0.00114037 0.00112374 -0.000298214 -0.00200093
internal_weight=2137 890 403 487 1247 1149 953 251 343 520 112 433 69 210 236 236 60 107 374 146 196 223 194 198 98 43 153 139 41 66
internal_count=2137 890 403 487 1247 1149 953 251 343 520 112 433 69 210 236 236 60 107 374 146 196 223 194 198 98 43 153 139 41 66
is_linear=0
shrinkage=0.03


Tree=47
num_leaves=27
num_cat=0
split_feature=20 22 11 26 20 22 22 11 26 22 18 26 11 22 11 22 17 15 25 22 11 17 26 20 13 26
split_gain=0.747452 0.526135 0.31071 0.192895 0.191486 0.189412 0.249458 0.13214 0.118756 0.10941 0.0815694 0.0813086 0.0613391 0.0600926 0.130227 0.0642666 0.0543405 0.0378592 0.0352223 0.03001 0.0272352 0.0155322 0.0101696 0.00451421 0.00442028 0.00328645
threshold=1.7050000000000003 273.29300000000006 1.1262726267554821 96.500000000000014 3.0350000000000006 240.86050000000003 257.51700000000005 0.96212681321177718 95.500000000000014 255.26450000000003 1.1916235248669789 94.500000000000014 1.0912829412605005 260.61500000000007 0.93646916552428061 262.36600000000004 0.0090276472897821512 0.010634165004863203 -0.6867585209999999 272.28950000000003 1.16577566261554 -0.004093245323229599 81.500000000000014 0.70500000000000007 0.99006283500025893 57.500000000000007
decision_type=2 2 2 2 2 2 2 2 2 2 2 2 2 2 2 2 2 2 2 2 2 2 2 2 2 2
left_child=1 3 4 11 5 7 9 17 -8 -7 18 12 24 14 -13 -15 -9 -2 -3 21 -4 -5 25 -23 -1 -6
right_child=2 10 20 19 22 6 8 16 -10 -11 -12 13 -14 15 -16 -17 -18 -19 -20 -21 -22 23 -24 -25 -26 -27
leaf_value=0.0013288979517400187 -0.0012144003231078387 0.00089600483793765302 -0.0015339655956798572 0.0025629982825900823 -0.0015417491712647934 0.00021415144931781431 -0.001564631157494783 -0.0011203491717872787 0 0.0014205686426452863 0.0043815479511094676 0.00056886029390253764 -0.00046485769639366479 0.0013545597894915511 -0.0013988928913259535 -0.00023162248690200389 0.00037536077680332326 0.00013431937293607068 0.002748767724669561 0.00020070515139757289 -0.0030818055124254896 0.0017719766627997159 -0.0021972093617392548 0.0010472070067550356 0.00072213194123674717 -0.00056026433189187877
leaf_weight=42 20 21 40 20 22 612 102 292 73 77 30 45 31 34 80 60 20 171 40 22 31 41 36 70 84 21
leaf_count=42 20 21 40 20 22 612 102 292 73 77 30 45 31 34 80 60 20 171 40 22 31 41 36 70 84 21
internal_value=1.42556e-06 0.000879613 -0.000355858 0.000507547 -0.000257555 -0.00017149 9.50063e-05 -0.000634483 -0.000908515 0.000355187 0.00298086 0.000132059 0.000656002 -0.000231191 -0.0006678 0.000318743 -0.00101399 0 0.00218406 0.00140399 -0.00228487 0.00158029 -0.00168853 0.00135513 0.000956881 -0.00115423
internal_weight=2137 620 1517 529 1446 1367 864 503 175 689 91 376 157 219 125 94 312 191 61 153 71 131 79 111 126 43
internal_count=2137 620 1517 529 1446 1367 864 503 175 689 91 376 157 219 125 94 312 191 61 153 71 131 79 111 126 43
is_linear=0
shrinkage=0.03


Tree=48
num_leaves=31
num_cat=0
split_feature=23 11 23 11 22 22 27 23 22 20 21 23 27 21 20 22 15 20 20 23 11 11 22 23 20 15 16 16 15 22
split_gain=0.740752 0.408675 0.23524 0.205108 0.212482 0.237105 0.163497 0.149485 0.124734 0.258375 0.138964 0.128015 0.109671 0.10151 0.0953107 0.0776553 0.0689629 0.0664622 0.0628993 0.0609317 0.0598251 0.0561076 0.0520178 0.0495693 0.0492652 0.0434616 0.0201643 0.0174983 0.0165821 0.0134689
threshold=268.27500000000003 1.02374753312686 278.19500000000005 1.0764887096058686 251.92250000000004 240.38350000000003 392719.50000000006 230.95000000000002 271.27850000000007 1.7750000000000001 11.664999965000002 292.89500000000004 442802.00000000006 11.265000345000002 0.72500000000000009 257.51700000000005 0.017352835820694901 1.6650000000000003 1.3150000000000002 316.64500000000004 0.89334157723572194 0.95275968491614471 257.97750000000008 267.18000000000001 2.3950000000000005 0.015785911485069703 61.89898058071477 60.593153968527766 0.0235792400402892 252.68050000000002
decision_type=2 2 2 2 2 2 2 2 2 2 2 2 2 2 2 2 2 2 2 2 2 2 2 2 2 2 2 2 2 2
left_child=3 8 17 4 5 7 18 20 10 25 -2 15 16 -14 -8 -12 -7 -3 26 -13 -1 -9 -16 -6 -5 -10 -4 -20 -26 -25
right_child=1 2 6 24 23 12 14 21 9 -11 11 19 13 -15 22 -17 -18 -19 27 -21 -22 -23 -24 29 28 -27 -28 -29 -30 -31
leaf_value=0.00085442514326800967 0.0034257776950086861 0.0023981755368848094 0.00024537047214636748 -0.0023872392914932351 -0.0017196797353614653 0.001278852029461102 0.001369384549146648 -0.00018547662775116887 0.0046287736783602405 -0.0002342374480392139 0.00063610583158418995 0.001124422110252214 -0.0011039960233532864 0.00030179965978579647 0.00041271066236309704 -0.00074786579870077664 0.00017376599138322268 0.00014124973774133566 -0.0013591338102503315 0.0026959291615057733 -0.00039758669024045411 -0.0017257258220130334 -0.00058070199873080962 0 -8.2280361233808252e-05 0.0024758719037172895 -0.00098647803281034737 -0.0027869010938077485 -0.0014587179452979137 -0.00088457299341347868
leaf_weight=36 20 39 21 57 104 126 42 32 20 25 146 151 66 144 74 46 97 21 45 31 338 114 120 23 21 48 20 21 20 69
leaf_count=36 20 39 21 57 104 126 42 32 20 25 146 151 66 144 74 46 97 21 45 31 338 114 120 23 21 48 20 21 20 69
internal_value=1.59434e-06 0.000663714 -3.59987e-05 -0.000468719 -0.000352224 -0.000163009 -0.00034761 -0.000596444 0.00124777 0.00225991 0.000996155 0.000849439 0.000350775 -0.000128942 8.25818e-05 0.000286828 0.000814479 0.0016727 -0.0013162 0.00142176 -0.000267115 -0.0014121 -0.000186214 -0.00125151 -0.0017869 0.00321046 -0.000293283 -0.00189301 -0.000843887 -0.000677208
internal_weight=2137 890 403 1247 1149 953 343 520 487 93 394 374 433 210 236 192 223 60 107 182 374 146 194 196 98 68 41 66 41 92
internal_count=2137 890 403 1247 1149 953 343 520 487 93 394 374 433 210 236 192 223 60 107 182 374 146 194 196 98 68 41 66 41 92
is_linear=0
shrinkage=0.03


Tree=49
num_leaves=31
num_cat=0
split_feature=23 11 23 19 19 11 22 22 27 23 19 27 23 22 20 11 15 11 20 20 11 19 22 23 20 11 25 16 16 22
split_gain=0.69866 0.385301 0.222031 0.218178 0.2007 0.194487 0.192724 0.229744 0.15443 0.145035 0.125063 0.107367 0.097809 0.0930451 0.0897587 0.0839923 0.0679525 0.0668858 0.0623079 0.0593429 0.0551204 0.0509482 0.0490104 0.0463766 0.0392851 0.0381324 0.0203163 0.0190821 0.0162107 0.0126383
threshold=268.27500000000003 1.02374753312686 278.19500000000005 96.354999540000009 92.634998320000008 1.0871596843603937 251.92250000000004 240.38350000000003 392719.50000000006 230.95000000000002 94.494998930000023 442802.00000000006 290.59000000000009 258.87850000000009 0.72500000000000009 0.95630498682617748 0.017352835820694901 1.0225281617643824 1.6650000000000003 1.3150000000000002 0.95275968491614471 97.215000150000023 257.97750000000008 267.18000000000001 1.7450000000000003 1.0084880393026905 -0.48218860299999994 61.89898058071477 60.593153968527766 252.68050000000002
decision_type=2 2 2 2 2 2 2 2 2 2 2 2 2 2 2 2 2 2 2 2 2 2 2 2 2 2 2 2 2 2
left_child=5 3 18 4 26 6 7 9 19 17 12 16 -6 21 -10 -13 -9 -1 -3 27 -11 -5 -16 -8 -12 -23 -2 -4 -21 -25
right_child=1 2 8 13 10 -7 23 11 14 20 24 15 -14 -15 22 -17 -18 -19 -20 28 -22 25 -24 29 -26 -27 -28 -29 -30 -31
leaf_value=-7.7384049590514275e-05 0.00048020048304706032 0.0023280288994254076 0.00023834395573728463 -2.0355974016559266e-05 0.0046677974750753493 -0.0019353443695097096 -0.0016685806877644999 0.0012259059857474101 0.0013292584077801641 -0.00018008093082938682 0.0021943041508784514 0.0010175305395495407 0.0020241392709299802 -0.00077033730893610755 0.00040049442359246307 -0.00045246330069461359 0.00014888430503197015 -0.0011015528208944525 0.00013720486652561123 -0.0013192461937787416 -0.0017033382327437908 0.0012768512934658248 -0.00056342490866981352 0 0.00019174595938030895 0 0.0013443674572559496 -0.00095829295406916321 -0.0027070943724618038 -0.00085841489765194371
leaf_weight=308 56 39 21 45 39 75 104 129 42 32 23 42 30 38 74 175 101 72 21 45 117 127 120 23 20 26 83 20 21 69
leaf_count=308 56 39 21 45 39 75 104 129 42 32 23 42 30 38 74 175 101 72 21 45 117 127 120 23 20 26 83 20 21 69
internal_value=1.56702e-06 0.00064464 -3.45583e-05 0.00121175 0.00183114 -0.000455147 -0.000356298 -0.000179721 -0.000337504 -0.000604267 0.00278894 0.000316237 0.00360657 0.000535389 8.02565e-05 -0.000150824 0.000768632 -0.000281693 0.00162524 -0.00127891 -0.00139958 0.00080367 -0.000180191 -0.00121498 0.00135659 0.00106407 0.00102356 -0.000282871 -0.00183942 -0.000657519
internal_weight=2137 890 403 487 251 1247 1172 976 343 529 112 447 69 236 236 217 230 380 60 107 149 198 194 196 43 153 139 41 66 92
internal_count=2137 890 403 487 251 1247 1172 976 343 529 112 447 69 236 236 217 230 380 60 107 149 198 194 196 43 153 139 41 66 92
is_linear=0
shrinkage=0.03


Tree=50
num_leaves=31
num_cat=0
split_feature=20 22 22 26 22 22 11 22 19 11 19 22 22 11 11 11 10 22 26 16 10 16 21 11 22 20 14 10 20 21
split_gain=0.63259 0.477421 0.282475 0.195506 0.187842 0.265422 0.190752 0.17484 0.116275 0.147359 0.108261 0.0983202 0.0980944 0.0847843 0.083076 0.0823059 0.0608325 0.060202 0.0597572 0.0493264 0.0275795 0.025198 0.0251696 0.0213684 0.0168861 0.0166818 0.016426 0.0106143 0.00374165 0.000926889
threshold=1.7350000000000001 273.29300000000006 258.49100000000004 96.500000000000014 245.80900000000003 249.55300000000003 1.0742858716224253 255.22300000000004 97.915000915000022 0.93297430866338893 96.64500046000002 246.95500000000001 240.38350000000003 1.01490701060024 0.94974590601263431 1.0280062629399596 0.94997935138853007 251.43850000000003 94.500000000000014 60.593153968527766 1.0566983585821947 58.545853320263738 14.385000225000001 0.85575292491775101 244.08450000000002 1.5050000000000001 0.013351742863750701 0.96118588071710542 0.70500000000000007 22.149999620000006
decision_type=2 2 2 2 2 2 2 2 2 2 2 2 2 2 2 2 2 2 2 2 2 2 2 2 2 2 2 2 2 2
left_child=1 3 4 12 6 11 8 17 9 -2 -4 26 14 -3 -1 -10 -14 -7 -18 23 27 -13 -9 -12 -8 -15 -6 -5 -29 -25
right_child=2 13 10 20 5 7 24 22 15 -11 19 21 16 25 -16 -17 18 -19 -20 -21 -22 -23 -24 29 -26 -27 -28 28 -30 -31
leaf_value=0 0.00024536331211371965 0.0040396626589487171 0 0.0022363872800488026 -0.00035357125183301311 3.383822736637243e-05 -0.001498569341812362 0.00050132491251032299 -6.6067434755246062e-05 -0.0009460240824200782 -0.0005241435378819945 0.0024545840751961806 0.0017726621898498547 0.00093632320976694641 -0.0023695362429320809 0.0013185722335324499 0.00058058536067476815 -0.00082178965073361507 -0.0002183895906672315 -0.0028620378632630617 0.00020255412015831095 0.0010794453480011724 0.0015749805374847103 -0.001104353955371634 -0.0029616368263959882 0.0023719142038697519 0.00074863812752300868 0.0017569000736111773 0.0010148079543209683 -0.0018877172083436053
leaf_weight=28 125 34 36 27 20 109 46 78 181 328 30 55 22 22 24 47 157 193 173 34 23 31 35 33 20 38 23 31 76 58
leaf_count=28 125 34 36 27 20 109 46 78 181 328 30 55 22 22 24 47 157 193 173 34 23 31 35 33 20 38 23 31 76 58
internal_value=1.57696e-06 0.000778673 -0.000340147 0.0004384 -0.000177667 0.000242459 -0.000487548 -0.000121156 -0.000331465 -0.000610851 -0.0014161 0.00142724 8.03455e-05 0.00275188 -0.00111253 0.000210774 0.000267717 -0.000503977 0.000153271 -0.00175861 0.00133444 0.00201148 0.000871087 -0.00140305 -0.00202429 0.00191869 0.000171416 0.00150355 0.00127186 -0.00165134
internal_weight=2137 655 1482 561 1291 544 747 415 681 453 191 129 404 94 52 228 352 302 330 155 157 86 113 121 66 60 43 134 107 91
internal_count=2137 655 1482 561 1291 544 747 415 681 453 191 129 404 94 52 228 352 302 330 155 157 86 113 121 66 60 43 134 107 91
is_linear=0
shrinkage=0.03


end of trees

feature_importances:
CPI_Inflation=319
USDA_WASDE_Stocks=209
Close_to_MA_50=191
US_10Y_Yield=125
USD_Index=114
Planting_Progress_Pct=99
VIX=62
Rolling_Std_20=55
RSI_14=54
Export_Sales=42
MACD_Pct=38
Close_to_MA_20=36
Volume_to_MA_10=30
Rolling_Std_10=27
Temperature_Anomaly_KeyRegions=27
Close_to_EMA_20=14
Close_to_MA_10=4
Close_to_EMA_10=2
Daily_Range_Pct=1
Precipitation_KeyRegions=1

parameters:
[boosting: gbdt]
[objective: regression]
[metric: l2]
[tree_learner: serial]
[device_type: cpu]
[data_sample_strategy: bagging]
[data: ]
[valid: ]
[num_iterations: 200]
[learning_rate: 0.03]
[num_leaves: 31]
[num_threads: 20]
[seed: 42]
[deterministic: 0]
[force_col_wise: 0]
[force_row_wise: 0]
[histogram_pool_size: -1]
[max_depth: 6]
[min_data_in_leaf: 20]
[min_sum_hessian_in_leaf: 0.001]
[bagging_fraction: 0.8]
[pos_bagging_fraction: 1]
[neg_bagging_fraction: 1]
[bagging_freq: 0]
[bagging_seed: 400]
[bagging_by_query: 0]
[feature_fraction: 0.8]
[feature_fraction_bynode: 1]
[feature_fraction_seed: 30056]
[extra_trees: 0]
[extra_seed: 12879]
[early_stopping_round: 0]
[early_stopping_min_delta: 0]
[first_metric_only: 0]
[max_delta_step: 0]
[lambda_l1: 0.1]
[lambda_l2: 1]
[linear_lambda: 0]
[min_gain_to_split: 0]
[drop_rate: 0.1]
[max_drop: 50]
[skip_drop: 0.5]
[xgboost_dart_mode: 0]
[uniform_drop: 0]
[drop_seed: 17869]
[top_rate: 0.2]
[other_rate: 0.1]
[min_data_per_group: 100]
[max_cat_threshold: 32]
[cat_l2: 10]
[cat_smooth: 10]
[max_cat_to_onehot: 4]
[top_k: 20]
[monotone_constraints: ]
[monotone_constraints_method: basic]
[monotone_penalty: 0]
[feature_contri: ]
[forcedsplits_filename: ]
[refit_decay_rate: 0.9]
[cegb_tradeoff: 1]
[cegb_penalty_split: 0]
[cegb_penalty_feature_lazy: ]
[cegb_penalty_feature_coupled: ]
[path_smooth: 0]
[interaction_constraints: ]
[verbosity: -1]
[saved_feature_importance_type: 0]
[use_quantized_grad: 0]
[num_grad_quant_bins: 4]
[quant_train_renew_leaf: 0]
[stochastic_rounding: 1]
[linear_tree: 0]
[max_bin: 255]
[max_bin_by_feature: ]
[min_data_in_bin: 3]
[bin_construct_sample_cnt: 200000]
[data_random_seed: 175]
[is_enable_sparse: 1]
[enable_bundle: 1]
[use_missing: 1]
[zero_as_missing: 0]
[feature_pre_filter: 1]
[pre_partition: 0]
[two_round: 0]
[header: 0]
[label_column: ]
[weight_column: ]
[group_column: ]
[ignore_column: ]
[categorical_feature: ]
[forcedbins_filename: ]
[precise_float_parser: 0]
[parser_config_file: ]
[objective_seed: 16083]
[num_class: 1]
[is_unbalance: 0]
[scale_pos_weight: 1]
[sigmoid: 1]
[boost_from_average: 1]
[reg_sqrt: 0]
[alpha: 0.9]
[fair_c: 1]
[poisson_max_delta_step: 0.7]
[tweedie_variance_power: 1.5]
[lambdarank_truncation_level: 30]
[lambdarank_norm: 1]
[label_gain: ]
[lambdarank_position_bias_regularization: 0]
[eval_at: ]
[multi_error_top_k: 1]
[auc_mu_weights: ]
[num_machines: 1]
[local_listen_port: 12400]
[time_out: 120]
[machine_list_filename: ]
[machines: ]
[gpu_platform_id: -1]
[gpu_device_id: -1]
[gpu_device_id_list: ]
[gpu_use_dp: 0]
[num_gpu: 1]

end of parameters

pandas_categorical:[]
